name,leisure,landuse,natural,longitude,latitude
,,,,19.0998733,50.8111897
,,,,19.1026485,50.8121586
,,,,19.1008176,50.8122015
,,,,19.100251,50.8143782
,,,,19.1008177,50.812405
,,,,19.298264,50.7151295
,,,,19.2906775,50.7164047
,,,,19.1369659,50.870847
,,,,19.039176,50.7660774
,,,,19.1365944,50.7851495
,,,,19.1951949,50.8020043
,,,,19.1038841,50.8051662
,,,,19.1742255,50.8113141
,,,,19.1206392,50.8118497
,,,,19.1206098,50.8118503
,,,,19.1205907,50.8118507
,,,,19.120355,50.8118557
,,,,19.1203235,50.8118563
,,,,19.1203072,50.8118567
,,,,19.1202133,50.8118587
,,,,19.1201835,50.8118593
,,,,19.1201627,50.8118597
,,,,19.11966,50.8118703
,,,,19.1196345,50.8118709
,,,,19.1196062,50.8118715
,,,,19.11922,50.8118796
,,,,19.1191897,50.8118802
,,,,19.1191721,50.8118806
,,,,19.1188079,50.8118883
,,,,19.1187851,50.8118887
,,,,19.1187552,50.8118894
,,,,19.1179386,50.8119058
,,,,19.1179084,50.8119064
,,,,19.117892,50.8119068
,,,,19.1175176,50.8119147
,,,,19.1174878,50.8119154
,,,,19.1174661,50.8119158
,,,,19.1170917,50.8119249
,,,,19.120623,50.8119252
,,,,19.1170628,50.8119255
,,,,19.1170397,50.811926
,,,,19.1203616,50.8119307
,,,,19.1203297,50.8119313
,,,,19.1203102,50.8119318
,,,,19.1202203,50.8119336
,,,,19.1166654,50.8119339
,,,,19.1201892,50.8119343
,,,,19.1166372,50.8119345
,,,,19.1201677,50.8119348
,,,,19.1166154,50.811935
,,,,19.116226,50.8119417
,,,,19.1197597,50.8119434
,,,,19.1197414,50.8119437
,,,,19.1161975,50.8119423
,,,,19.1161749,50.8119428
,,,,19.1195078,50.8119487
,,,,19.119478,50.8119493
,,,,19.1194585,50.8119497
,,,,19.1159444,50.8119481
,,,,19.1159121,50.8119488
,,,,19.1158931,50.8119492
,,,,19.119367,50.8119516
,,,,19.1193344,50.8119523
,,,,19.1193158,50.8119527
,,,,19.1153746,50.8119596
,,,,19.1153453,50.8119603
,,,,19.1153235,50.8119608
,,,,19.1149647,50.8119685
,,,,19.1149345,50.8119692
,,,,19.114913,50.8119697
,,,,19.1178104,50.8119831
,,,,19.117661,50.8119863
,,,,19.1176316,50.8119869
,,,,19.1176131,50.8119873
,,,,19.1173776,50.8119923
,,,,19.1173486,50.8119929
,,,,19.1173293,50.8119933
,,,,19.1161019,50.8120206
,,,,19.1160725,50.8120213
,,,,19.1160528,50.8120217
,,,,19.1156776,50.8120278
,,,,19.1156498,50.8120284
,,,,19.1156268,50.8120289
,,,,19.1150966,50.8120404
,,,,19.1150663,50.8120411
,,,,19.1150462,50.8120416
,,,,19.1148119,50.8120469
,,,,19.1147825,50.8120476
,,,,19.114762,50.812048
,,,,19.1119105,50.8120318
,,,,19.11188,50.8120324
,,,,19.1117703,50.8120346
,,,,19.1117425,50.8120351
,,,,19.1117143,50.8120357
,,,,19.11159,50.8120381
,,,,19.1115585,50.8120388
,,,,19.1114504,50.8120409
,,,,19.111425,50.8120414
,,,,19.1113941,50.812042
,,,,19.111111,50.8120495
,,,,19.1110758,50.8120502
,,,,19.1109742,50.8120522
,,,,19.1109541,50.8120526
,,,,19.1109266,50.8120531
,,,,19.1108068,50.8120555
,,,,19.1107714,50.8120562
,,,,19.1104949,50.8120621
,,,,19.1104728,50.8120625
,,,,19.1104413,50.8120632
,,,,19.1100666,50.8120721
,,,,19.1098822,50.8120757
,,,,19.1096434,50.8120814
,,,,19.1096211,50.8120818
,,,,19.1095942,50.8120824
,,,,19.1094739,50.8120848
,,,,19.1094416,50.8120854
,,,,19.1093387,50.8120874
,,,,19.1093082,50.812088
,,,,19.1092819,50.8120886
,,,,19.1090002,50.8120948
,,,,19.1089679,50.8120954
,,,,19.1088664,50.8120974
,,,,19.1088358,50.812098
,,,,19.1088092,50.8120986
,,,,19.1086892,50.8121009
,,,,19.1086566,50.8121016
,,,,19.1085472,50.8121038
,,,,19.1085235,50.8121042
,,,,19.1084992,50.8121047
,,,,19.1120703,50.8121051
,,,,19.1083306,50.8121081
,,,,19.1082951,50.8121088
,,,,19.1119359,50.8121077
,,,,19.1119135,50.8121082
,,,,19.1118852,50.8121087
,,,,19.108163,50.8121134
,,,,19.1117452,50.8121115
,,,,19.1081389,50.8121139
,,,,19.1117156,50.8121121
,,,,19.1081113,50.8121144
,,,,19.1116133,50.8121141
,,,,19.111593,50.8121145
,,,,19.1079996,50.8121166
,,,,19.1115667,50.812115
,,,,19.1079723,50.8121172
,,,,19.1078626,50.8121194
,,,,19.1114283,50.8121178
,,,,19.1078412,50.8121198
,,,,19.1113958,50.8121184
,,,,19.1078096,50.8121204
,,,,19.1075292,50.8121255
,,,,19.1075007,50.8121261
,,,,19.111129,50.8121261
,,,,19.1073912,50.8121283
,,,,19.1111152,50.8121264
,,,,19.1073678,50.8121287
,,,,19.1110844,50.812127
,,,,19.1073408,50.8121293
,,,,19.1109607,50.8121295
,,,,19.1072182,50.8121317
,,,,19.1109292,50.8121301
,,,,19.1071887,50.8121323
,,,,19.1108226,50.8121322
,,,,19.1108048,50.8121326
,,,,19.1107746,50.8121332
,,,,19.1104758,50.8121394
,,,,19.106766,50.8121413
,,,,19.1104476,50.8121399
,,,,19.1067413,50.8121418
,,,,19.106714,50.8121423
,,,,19.1103405,50.8121421
,,,,19.1103204,50.8121425
,,,,19.1065917,50.8121447
,,,,19.1102924,50.812143
,,,,19.1065605,50.8121454
,,,,19.1064498,50.8121476
,,,,19.1100709,50.8121476
,,,,19.1064245,50.8121481
,,,,19.1063998,50.8121486
,,,,19.1098851,50.8121508
,,,,19.1096369,50.8121553
,,,,19.109605,50.812156
,,,,19.1094908,50.8121582
,,,,19.1094778,50.8121585
,,,,19.1094465,50.8121591
,,,,19.1057062,50.8121634
,,,,19.1093253,50.8121615
,,,,19.1056825,50.8121639
,,,,19.1092871,50.8121623
,,,,19.1056543,50.8121644
,,,,19.1055343,50.8121668
,,,,19.1055024,50.8121674
,,,,19.1090258,50.812168
,,,,19.1089995,50.8121685
,,,,19.1089702,50.8121691
,,,,19.1052371,50.8121725
,,,,19.1052145,50.8121729
,,,,19.1051856,50.8121735
,,,,19.1088351,50.8121718
,,,,19.1088121,50.8121722
,,,,19.105063,50.8121759
,,,,19.1087017,50.8121744
,,,,19.1050288,50.8121766
,,,,19.1086856,50.8121747
,,,,19.1086583,50.8121753
,,,,19.1049209,50.8121787
,,,,19.104901,50.8121791
,,,,19.1048707,50.8121797
,,,,19.108535,50.8121777
,,,,19.1085015,50.8121784
,,,,19.1047488,50.8121821
,,,,19.1047195,50.8121827
,,,,19.1083546,50.8121813
,,,,19.1083293,50.8121818
,,,,19.1083007,50.8121824
,,,,19.1081445,50.8121869
,,,,19.1081215,50.8121874
,,,,19.1080242,50.8121893
,,,,19.1080002,50.8121898
,,,,19.1079759,50.8121903
,,,,19.1078504,50.8121928
,,,,19.1078198,50.8121934
,,,,19.1075526,50.8121993
,,,,19.1075319,50.8121998
,,,,19.107502,50.8122004
,,,,19.10738,50.8122028
,,,,19.1073498,50.8122034
,,,,19.1072413,50.8122055
,,,,19.1072177,50.812206
,,,,19.107189,50.8122066
,,,,19.1067542,50.8122174
,,,,19.1067196,50.8122181
,,,,19.1066128,50.8122202
,,,,19.1065875,50.8122207
,,,,19.1065576,50.8122213
,,,,19.1064403,50.8122236
,,,,19.1064067,50.8122243
,,,,19.1056937,50.8122391
,,,,19.1056628,50.8122398
,,,,19.1055563,50.8122419
,,,,19.105532,50.8122423
,,,,19.1055031,50.8122429
,,,,19.1052234,50.8122487
,,,,19.1051945,50.8122493
,,,,19.1050834,50.8122515
,,,,19.1050627,50.8122519
,,,,19.1050324,50.8122525
,,,,19.1049056,50.812255
,,,,19.1048805,50.8122555
,,,,19.1047705,50.8122577
,,,,19.1047471,50.8122581
,,,,19.1047182,50.8122587
,,,,19.1342538,50.8461394
,,,,19.125217,50.8117531
,,,,19.1251874,50.8117537
,,,,19.1251661,50.8117542
,,,,19.1244712,50.8117687
,,,,19.1244263,50.8117697
,,,,19.1243981,50.8117703
,,,,19.1241398,50.8117758
,,,,19.1241066,50.8117765
,,,,19.1240875,50.8117769
,,,,19.1237739,50.811783
,,,,19.1237391,50.8117838
,,,,19.1237088,50.8117844
,,,,19.123419,50.8117906
,,,,19.1233856,50.8117913
,,,,19.1233602,50.8117918
,,,,19.1230395,50.8117982
,,,,19.1230115,50.8117988
,,,,19.1229872,50.8117993
,,,,19.1227094,50.8118052
,,,,19.1226765,50.8118059
,,,,19.1226537,50.8118064
,,,,19.1224678,50.8118106
,,,,19.1224326,50.8118114
,,,,19.122415,50.8118118
,,,,19.1250065,50.8118318
,,,,19.1249694,50.8118326
,,,,19.1249471,50.8118331
,,,,19.124651,50.8118386
,,,,19.124611,50.8118395
,,,,19.1245852,50.81184
,,,,19.1242872,50.8118463
,,,,19.1242554,50.811847
,,,,19.1242354,50.8118474
,,,,19.123566,50.8118643
,,,,19.1235315,50.811865
,,,,19.1235102,50.8118655
,,,,19.1228417,50.8118792
,,,,19.1228066,50.81188
,,,,19.1227843,50.8118805
,,,,19.1224735,50.8118863
,,,,19.1224397,50.811887
,,,,19.1224205,50.8118874
,,,,19.1015389,50.8104554
,,,,19.103885,50.8104737
,,,,19.1001502,50.8117591
,,,,19.1038837,50.8119064
,,,,19.1027548,50.812364
,,,,19.1038665,50.8125604
,,,,19.1022732,50.8142859
,,,,19.0988062,50.8143125
,,,,19.1012511,50.8143326
,,,,19.1001111,50.8104682
Ogródek obywatelski,garden,,,19.1127811,50.8117853
,garden,,,19.1132888,50.8098746
,,,,19.1071068,50.8090807
,,,,19.1304771,50.7835771
,,,,19.1081448,50.8012415
,,,,19.1105302,50.7995569
,,,,19.107657,50.8013278
,,,,19.10643,50.7996597
,,,wood,19.1223372,50.8261526
,,,wood,19.1227681,50.8251716
,,,,19.122666,50.8247114
,,,tree,19.1233575,50.8242709
,,,wood,19.1230567,50.8250278
,,,wood,19.1240026,50.8239272
,,,tree,19.1239797,50.8240472
,,,,19.1181322,50.8007289
,,,,19.1314652,50.8447214
,,,,19.1320843,50.8447192
,,,,19.1373225,50.8356396
,,,,19.1369671,50.8358565
,,,,19.1093063,50.8031695
,,,,19.1092587,50.8031784
,,,,19.1357197,50.8450006
,,,,19.1148244,50.7996058
,,,,19.1137821,50.7994547
,,,,19.1133486,50.7995725
,,,,19.1133104,50.7994368
,,,,19.1131687,50.7994353
,,,,19.1131732,50.7995702
,,,,19.1123819,50.7995623
,,,,19.1123047,50.7995648
,,,,19.1120713,50.7995746
,,,,19.1160897,50.800274
,,,,19.1140038,50.8001836
,,,,19.1139057,50.8001802
,,,,19.1130676,50.8001616
,,,,19.1123293,50.8001856
,,,,19.1119023,50.8002751
,,,,19.1067509,50.8019856
,,,,19.1153633,50.7993692
,,,,19.1149826,50.7994915
,,,,19.1161085,50.7999435
,,,,19.1162637,50.8000824
,,,,19.1143098,50.8006087
,,,,19.1100643,50.8019933
,,,wood,19.1143096,50.8317396
,,,wood,19.1144893,50.831616
,,,wood,19.1148165,50.831638
,,,wood,19.1151518,50.8314821
,,,wood,19.1145859,50.831533
,,,,19.1035259,50.8040635
,,,,19.1129203,50.7995648
,,,,19.1144623,50.799596
,,,,19.1171831,50.8027106
,,,,19.1169192,50.8027104
,,,,19.1169557,50.8027104
,,,,19.1168219,50.8027096
,,,,19.1104648,50.8037264
,,,,19.1088091,50.8032603
,,,,19.1081423,50.8033801
,,,,19.1080228,50.8027145
,,,,19.117118,50.8039276
,,,,19.108283,50.8050394
,,,,19.1082904,50.8011401
,,,,19.1082584,50.8010893
,,,,19.1128526,50.8027768
,,,,19.1254139,50.761626
Las Aniołowski,,forest,,19.14424777231788,50.84044738969995
,,forest,,19.211255338013974,50.834577372442034
,,,,19.232130761548373,50.781368693745584
Park 3 Maja,park,,,19.101451726706035,50.81342919992426
Park imienia Stanisława Staszica,park,,,19.101959398264636,50.81125487665642
,,,wood,19.096094708894988,50.81347465674747
,park,,,19.11320422658707,50.81291757655974
,,forest,,19.082193293900932,50.842142553656664
,,forest,,19.080217102629536,50.863253153835736
,,,wood,19.089151082165905,50.82556526668935
,,forest,,19.137870838820508,50.87254823961785
,,forest,,19.077564023532716,50.846103222370175
,,forest,,19.056910349477977,50.85313507757679
,,forest,,19.07480306515788,50.80769928163604
,,forest,,19.065206523490826,50.85886343055519
,,forest,,19.14618052982706,50.86978707315611
,,forest,,19.087245258718013,50.82987919588393
,,forest,,19.136607504847422,50.87182776980598
,,forest,,19.089472666122685,50.852275413120175
,,forest,,19.062694062335318,50.87612866656621
,,forest,,19.064000801172412,50.871662676193665
,,forest,,19.083982275381207,50.84294902509867
,,forest,,19.05413090991364,50.84585938583678
,,forest,,19.073064525033175,50.84456657997256
,,forest,,19.084371809942848,50.85423767262393
,,forest,,19.07757356649491,50.87091871108058
,,forest,,19.075177826161084,50.84018082758157
Park Lisieniecki,park,,,19.07527041281504,50.809602356895084
Czarny Las - Kontrewers,,forest,,19.09956642792671,50.90471090058522
,,forest,,19.178171941056387,50.89593361860146
,,forest,,19.10370942357453,50.891795740857276
,,forest,,19.110706919157916,50.89539832589875
,,forest,,19.15901817607807,50.89950904073206
,,forest,,19.057727927623844,50.898793608336035
,,forest,,19.209154206850926,50.89138838840808
,,forest,,19.110036840746687,50.904113457902604
,,forest,,19.06581901639395,50.90023071230211
,,forest,,19.16675968988968,50.813165021743565
,,forest,,19.19668769406521,50.79326246698859
,,forest,,19.243117225269664,50.83066914600959
,,forest,,19.192748045230715,50.77433898668009
,,forest,,19.170311038451587,50.820216841149005
,,forest,,19.05197764880997,50.77611680712949
,,forest,,19.095811246346855,50.750209105597165
,,forest,,19.094805752176445,50.75169094571457
,,forest,,19.185847448553442,50.8290580948447
,,forest,,19.181354447792838,50.83179973722645
,,forest,,19.16767904646715,50.79534612128115
,,forest,,19.164931485495377,50.78758726049884
,,forest,,19.14843794948855,50.75640150911019
,,forest,,19.165173367052557,50.808381842872606
,,forest,,19.167257280508764,50.820012546855494
,,forest,,19.14815109408809,50.82443782087264
,,forest,,19.23557756587144,50.7732455348471
,,forest,,19.066773321351523,50.76965190017401
,,forest,,19.25007348731748,50.842750154887696
,,forest,,19.071958021299757,50.74914296048159
,,forest,,19.10980145496241,50.782447603319
,,forest,,19.127161731755496,50.7678672410249
,,forest,,19.158813244797567,50.82702144916438
Hałda Kamil,,forest,,19.063825266010802,50.77010173117172
,,forest,,19.169564411078184,50.79235798195568
,,forest,,19.248632581154,50.8043999174739
,,forest,,19.17024215384574,50.82311616577569
,,,,19.07128002384533,50.787984954145394
,,forest,,19.21775551713568,50.817459596424484
,,forest,,19.176772498374895,50.83083994135643
,,forest,,19.160892249197502,50.79073637352868
,,forest,,19.233647308745144,50.85294436577619
,,forest,,19.25216925623289,50.773232484118985
,,forest,,19.229816949298367,50.8521180276332
,,forest,,19.180276279040456,50.78435041667909
,,forest,,19.25395164793619,50.753357019682674
,,forest,,19.233243052470236,50.84999385376869
,,forest,,19.18234676325744,50.78342809753815
,,forest,,19.24528145494339,50.82289251560145
,,forest,,19.21323129419436,50.81164313976068
,,forest,,19.233002231394636,50.8293888342522
,,forest,,19.183520214969068,50.78395200369003
,,forest,,19.23824739897217,50.81626360121383
,,forest,,19.16327947713236,50.80638977600266
,,forest,,19.183828036992846,50.782776501019406
,,forest,,19.166908577106806,50.828342572456954
,,forest,,19.243960259148913,50.81327435731451
,,grass,,19.098164819955937,50.81179928259398
,,grass,,19.098222077082735,50.81187423494107
skwer Junaków,park,,,19.153476862020803,50.78761510309511
,,grass,,19.106187042424253,50.81178730750984
,,grass,,19.10490451622649,50.811389462902994
,,grass,,19.104688044977486,50.81167647881229
,,grass,,19.107064668870766,50.811574002732016
,,grass,,19.105865502644672,50.81176888769633
,,grass,,19.10712115059224,50.811286208157746
,,grass,,19.10721374192977,50.81131344056164
,,grass,,19.107227462246257,50.81172842149983
,,grass,,19.10432263956844,50.81160668197306
,,grass,,19.105913334133778,50.8114196972906
Park Miejski im. Gabriela Narutowicza,park,,,19.13596501020698,50.815132597695225
,,grass,,19.134564883459223,50.81534774842111
,,grass,,19.10509896283664,50.81295489891921
,,grass,,19.105097923242194,50.81389791317732
Rondo Mieczysławy Biegańskiej,,grass,,19.143486389209766,50.82134131235624
,,grass,,19.142075317072468,50.82285492615458
,,grass,,19.143082341028265,50.82163627838379
,,grass,,19.14259052512814,50.82230425891879
,,grass,,19.141830803980543,50.82271462589719
,,grass,,19.142258276438984,50.822584679191344
,,grass,,19.14197747502992,50.82308917261479
,,grass,,19.14290278786325,50.822010768973804
,,grass,,19.142566007855493,50.82211193137832
,,grass,,19.098406226387905,50.81102072354278
,,grass,,19.09910376552823,50.81206543765067
,,grass,,19.09789324391079,50.8107849535942
,,grass,,19.099084275479612,50.81274746208044
,,grass,,19.099282056885436,50.81152054414069
,,grass,,19.099548286022923,50.81315745507079
,,grass,,19.09788752671982,50.81149415145647
,,grass,,19.09761917096872,50.81076131828107
,,grass,,19.098846355437775,50.810865924519284
,,grass,,19.099909456241072,50.811704001723974
,,grass,,19.105753037894672,50.813631645504856
Skwer Sokołów,park,,,19.103660100542807,50.80459816058216
Skwer Solidarności,park,,,19.11308616803313,50.80939070285725
,,grass,,19.117762499275592,50.801235842188724
,,grass,,19.11746830227483,50.80114139398174
Rondo Adama Mickiewicza,,grass,,19.117746991686314,50.800970412824306
,,grass,,19.116527745437057,50.813835253751726
,,grass,,19.117581121634398,50.814056805553875
,,grass,,19.118026240736683,50.81426894306227
,,grass,,19.117977359084943,50.81458576821705
,,grass,,19.116784253972384,50.81404922777839
,,grass,,19.11784780232953,50.8140145165251
,,grass,,19.11643593028302,50.81404597711184
,,grass,,19.11684327805326,50.8138503794564
,,grass,,19.117403090352656,50.81399818539513
,,grass,,19.104564502605786,50.812542853802974
,,grass,,19.104313278642866,50.81259481648025
,,grass,,19.10604368114784,50.81320275266379
,,grass,,19.10664230499356,50.81300201486346
,,grass,,19.106172749999995,50.81255205000001
,,grass,,19.106145081220063,50.812446625360906
,,grass,,19.105853449999994,50.812455650000004
,,grass,,19.10513285634854,50.81246890634714
,,grass,,19.10584464911217,50.812561660826404
,,grass,,19.14399030815668,50.77915003964983
,,grass,,19.095910176178304,50.81426176517971
,,grass,,19.097576925193103,50.816249197444876
,,grass,,19.095156016111233,50.816340713693734
,,grass,,19.09680926275393,50.81637147624481
,,grass,,19.097898863562694,50.815383747474165
,,grass,,19.09751032342055,50.81637985686391
,,grass,,19.097636697906285,50.81607779524449
,,grass,,19.09744014864277,50.81119616603357
,,grass,,19.097369953684964,50.81102894225916
,,grass,,19.0972373031949,50.81120781248387
,,grass,,19.129071304024436,50.80696859624009
,,grass,,19.141527609158278,50.82220568306496
,,grass,,19.13969231630605,50.81983274205179
,,grass,,19.142767509495197,50.82156018223737
,,grass,,19.13995582044639,50.81993520485886
,,grass,,19.09721230954541,50.811702432870696
,,,wood,19.095719062373117,50.811656730605215
,,,,19.262631581440612,50.706882974321765
,,grass,,19.15858577095743,50.77563399289983
,,grass,,19.10368047813871,50.80838418169448
,,grass,,19.103470814853534,50.808152677983585
Skwer Druha Zygmunta Łęskiego,,grass,,19.103321750107803,50.8082580674992
,,forest,,19.077209450157284,50.80682639936793
,,forest,,19.123641145487557,50.79623849281258
,park,,,19.127119687586056,50.833766132563625
,park,,,19.136303737434766,50.837187156549824
Skwer Kaliny Jędrusik,park,,,19.1214514903064,50.82689659786912
,,residential,,19.071269687285795,50.787736283179704
Hałda Sylwia,,forest,,19.058016756550536,50.76940190409917
,,forest,,19.095071674871686,50.76980515590488
,,forest,,19.080676430911048,50.75593482880525
,park,,,19.11271397535926,50.80827617384592
,,forest,,19.069130625117907,50.83543532867721
,,forest,,19.07806834848203,50.85499146947621
,,forest,,19.081203229778552,50.85403418401967
,,forest,,19.080103976364743,50.853198806870644
,,forest,,19.07478929822353,50.85421422843859
,,grass,,19.114155504073818,50.80677718045905
,park,,,19.112843375056254,50.806131181528784
,,grass,,19.11325977389307,50.80571303359204
,,grass,,19.114942450040438,50.812061402343744
,,grass,,19.116071376150668,50.811927720866876
,,grass,,19.116779899830995,50.811914142127144
,,grass,,19.117638126053134,50.81189522379805
,,grass,,19.11764407636505,50.812004353995505
,,grass,,19.11678518311425,50.81202336914725
,,grass,,19.119752973962772,50.81195770873036
,,grass,,19.119745574693564,50.81185462797402
,,grass,,19.121369138010305,50.81192072923368
,,grass,,19.1184966,50.81198465
,,grass,,19.118487780462985,50.81188052552765
,,grass,,19.12136554182223,50.81182303667758
,,grass,,19.114382350046228,50.812073302026576
,,grass,,19.11437459473585,50.81196437966512
,,grass,,19.11607620000993,50.81203780046565
,,grass,,19.11493720080029,50.81195162514333
,,grass,,19.1155108498943,50.81193964548189
,,grass,,19.115517573469422,50.81204914436675
,,grass,,19.163739707944337,50.81825393278144
,,grass,,19.163990642985773,50.82011805125662
,,grass,,19.164203819836064,50.81833240003568
,,grass,,19.166032442444617,50.81775729238394
,,grass,,19.162075506236768,50.818830235173216
,,grass,,19.166057247528006,50.81852366849817
,,grass,,19.164647302189227,50.82110867026838
,,grass,,19.162672788417908,50.81995229710458
Skwer Sybiraków,park,,,19.111343784549636,50.804789775594095
,,grass,,19.104058472164276,50.80535963370526
,,grass,,19.108710320307537,50.80985395603993
,,grass,,19.10706344115545,50.80912558756686
,,grass,,19.11192157870044,50.80170226783163
,,grass,,19.111993965646796,50.802253403945556
,,grass,,19.1098891554389,50.812167110833705
,,grass,,19.1100561104378,50.81216374759903
,,grass,,19.107319174025946,50.812112513241985
,,grass,,19.11091125017612,50.81203715841106
,,grass,,19.110917199733642,50.812146081831465
,,grass,,19.107325124148733,50.81222046681859
,,grass,,19.107964490995098,50.81220801592833
,,grass,,19.104933100195254,50.81227066021522
,,grass,,19.10492729985592,50.812162242123854
,,grass,,19.10795830163155,50.81209866371651
,,grass,,19.109428364789128,50.81217624732402
,,grass,,19.11173830230488,50.81201844181613
,,grass,,19.106636932400235,50.8122358768285
,,grass,,19.10942348514002,50.81206847589422
,,grass,,19.106630606863483,50.812127715201946
,,grass,,19.11174354863635,50.812128018721076
,,grass,,19.108647915033817,50.8120843560863
,,grass,,19.1086517421634,50.81219278299145
,,grass,,19.10606793397144,50.812247560017774
,,grass,,19.105655427329854,50.81214738418305
,,grass,,19.10566170026195,50.8122560143066
,,grass,,19.106145395386317,50.81213903791638
,,grass,,19.10997331338018,50.812057860169276
,,grass,,19.110409567897204,50.81204704802412
,,grass,,19.11041492377536,50.81215624894062
,,grass,,19.10598586417499,50.81214101073759
,,grass,,19.107923291258327,50.800069789298526
,,grass,,19.108223211759103,50.80039207213938
,,grass,,19.10745433623776,50.80024273238747
,,grass,,19.107869027809745,50.80038111233619
,,,grassland,19.098277402875503,50.8029641815362
,,grass,,19.097399378097904,50.81059067404042
,,grass,,19.09726098671015,50.81056277273802
,,grass,,19.09702719154959,50.81066883099453
,,grass,,19.097029801905727,50.81082668381176
,,,grassland,19.121820827734165,50.81596737685346
,,grass,,19.118313771828998,50.804866560619416
,,grass,,19.118183905656878,50.80485193362831
,,grass,,19.11819633810161,50.80426256604198
,,grass,,19.118500624388183,50.80497027301858
,,grass,,19.118418034768528,50.804646973721205
,,grass,,19.118241882631814,50.805295503656424
Rondo Plutonowego Romana Zycha,,grass,,19.141104050000003,50.81920950000001
,,grass,,19.146920852263158,50.8200570876295
,,grass,,19.108437816596755,50.857434016499475
,,grass,,19.12836198634216,50.812348750027915
,,grass,,19.1347444,50.845462250000004
,,grass,,19.13392069991514,50.84534855466926
,garden,,,19.11239186754269,50.79969174989331
,,grass,,19.122519960651424,50.81368221765965
,,residential,,19.107072211266733,50.88138446767956
,playground,,,19.112906642683786,50.80906546761808
,park,,,19.096903498161584,50.818234408105624
Park Miniatur Sakralnych (nieczynny),park,,,19.153514443397334,50.80992150473598
,,grass,,19.126460380459438,50.81149642330704
,,grass,,19.12761407215615,50.811583708307325
,,grass,,19.123597123764615,50.81177070474279
,,grass,,19.12439195038532,50.81175276857823
,,grass,,19.124396673390027,50.81186163439434
,,grass,,19.12288149983668,50.81178549231561
,,grass,,19.12633869436407,50.81203977708921
,,grass,,19.127049912362953,50.81168784446907
,,grass,,19.126374711591566,50.81190660317134
,,grass,,19.126015444691063,50.8118444662388
,,grass,,19.12778057538845,50.81162154320012
,,grass,,19.125935243383438,50.81195590050348
,,grass,,19.127750671088727,50.811469042293
,,grass,,19.125950372311426,50.811510950301816
,,grass,,19.127024732745344,50.81191234648752
,,grass,,19.125165023633354,50.81173684712609
,,grass,,19.122055782597347,50.81180418522782
,,grass,,19.122046272641626,50.811910975504226
,,grass,,19.122385323617753,50.811795793953635
,,grass,,19.122886199751584,50.8118943884213
,,grass,,19.123601850011323,50.81187960068195
,,grass,,19.126289365899456,50.812096233522425
,,grass,,19.127661318467087,50.81186291678666
,,grass,,19.125169776003382,50.81184573588034
,,grass,,19.12239007630846,50.811904702195385
,,grass,,19.126025217228968,50.8117138772671
,,grass,,19.137907253218405,50.815752151991845
,,grass,,19.14018754851578,50.8209490030704
,,grass,,19.133531806342763,50.80673322266969
,,grass,,19.130551864269403,50.79930146100999
,,grass,,19.142582946400267,50.825440337740154
,,grass,,19.131199342710175,50.79943968932124
,,grass,,19.135325453735074,50.807108047025984
,,grass,,19.14207239350811,50.78401273577054
,,grass,,19.141814331193274,50.78438761967601
,,grass,,19.143769951077992,50.78471364217988
,,grass,,19.14296552903769,50.78429468197229
,,grass,,19.143212484691556,50.78477732110515
,,grass,,19.142432132386183,50.784254118105984
,,grass,,19.14336441794142,50.78457415018238
,,grass,,19.157655176858828,50.771894234308995
,,grass,,19.14254089165023,50.78418633570429
,,grass,,19.1427358439367,50.78465786625849
,,grass,,19.14134323524225,50.784379991793315
,,grass,,19.158103369822125,50.77152901249059
,,grass,,19.14214633309248,50.78453261916978
,,grass,,19.158540186368498,50.77166762961297
,,grass,,19.140478731757195,50.821151683777614
,,grass,,19.102386163705823,50.80333234221791
,,grass,,19.10278290577191,50.80465218118852
,,grass,,19.106801991302262,50.81704745130505
,,grass,,19.101916679004553,50.81683708926076
,,grass,,19.103323166255233,50.80692874522641
,,grass,,19.10501591945736,50.81663887288163
,,grass,,19.10228130138639,50.80121377262651
,,grass,,19.132676905581548,50.804379628209496
,,grass,,19.13460674680379,50.80575437380225
,,grass,,19.10634539543003,50.79857695909428
,,grass,,19.09798033834345,50.81658085883957
,,grass,,19.10463520872928,50.81696017977526
,,grass,,19.09890719497871,50.81665245817891
,,grass,,19.10258386153571,50.804052934353884
,,grass,,19.110693441245296,50.81703558649074
,,grass,,19.102192194020777,50.80245837940621
,,grass,,19.10723074780946,50.7982466366187
,,grass,,19.10871132764279,50.79784343696521
,,grass,,19.089627183524524,50.82363616212254
,,grass,,19.087863268188737,50.81967998097777
,,grass,,19.088179130820407,50.82145617487487
,,grass,,19.085774791894504,50.82323618346356
,,grass,,19.088530386798713,50.823088915005634
,,grass,,19.088573279337016,50.823217651751165
,,grass,,19.08838786569272,50.822884283819896
,,grass,,19.08801718273069,50.82040310439991
,,grass,,19.11828083521421,50.805392538884135
,,grass,,19.118654875893835,50.80530873921205
,,grass,,19.088226058239577,50.82328623666347
,,grass,,19.116342736839975,50.80544726419281
,,grass,,19.11805194300612,50.80561291432095
,,grass,,19.118523115932785,50.8108596746888
,,grass,,19.118589825836516,50.81149381040859
,,grass,,19.118549950000002,50.8113488
,,grass,,19.098669492986353,50.813870552365415
,,grass,,19.105896911071618,50.81225133537046
,,grass,,19.110640349999997,50.8121532
,,grass,,19.110634850000004,50.8120446
,,grass,,19.10624585872815,50.81224391568695
,,grass,,19.10541485,50.812261299999996
,,grass,,19.106244334918305,50.812136925529856
,,grass,,19.1111909349183,50.81203472552986
,,grass,,19.105417449999994,50.812150499999994
,,grass,,19.106968858728152,50.81211991568695
,,grass,,19.105892049999998,50.8121421
,,grass,,19.109106726176016,50.81218410982255
,,grass,,19.1097853349183,50.81217102552987
,,grass,,19.106976126176015,50.81223060982254
,,grass,,19.109777250000008,50.81206120000001
,,grass,,19.107664965081696,50.81210517447014
,,grass,,19.107671173823984,50.81221409017746
,,grass,,19.11017685,50.81205429999999
,,grass,,19.109097284890137,50.81207572552738
,,grass,,19.11119865,50.812140649999996
,,grass,,19.11018041107162,50.81216253537046
,,grass,,19.116805005251692,50.825674824734676
,,grass,,19.11645248037632,50.825540339058506
,,grass,,19.117002657018052,50.825568955677184
,,grass,,19.1166400093139,50.82555737171854
,,grass,,19.116868455475977,50.825347347235805
,,grass,,19.117019246472463,50.82435068532887
,,grass,,19.114973156493893,50.82352975022301
,,grass,,19.116717707677303,50.825321005787266
,,grass,,19.117875653971396,50.82566332512706
,,grass,,19.11821316981191,50.82578877412795
,,grass,,19.1171181728464,50.82558005479338
,,grass,,19.11677339067725,50.82579167543169
,,grass,,19.10733348626499,50.81119338806446
,,grass,,19.10882720310776,50.81098216161163
,,grass,,19.107325148468174,50.81157720336076
,garden,,,19.09751659819299,50.81281201703722
,,meadow,,19.100376157512503,50.807046669334625
,,grass,,19.093369995972406,50.81248004032417
,,grass,,19.093243607435536,50.81260356686128
,,grass,,19.093820793871835,50.81243826579161
,,grass,,19.09313517994206,50.81247970681501
,,grass,,19.094233024630537,50.81290571780761
,,grass,,19.09822076078854,50.81328811117204
,,grass,,19.09843088640324,50.81316435838547
,,grass,,19.094236730254533,50.8128109357224
,,grass,,19.094378370819964,50.8129349984511
,,grass,,19.094302392800653,50.813061950411395
,,grass,,19.094453092696995,50.812504979579046
,,grass,,19.09258335550613,50.8125750923296
,,grass,,19.09141399222908,50.81321534747525
,,grass,,19.092789407196616,50.81272503787158
,,grass,,19.09186783329617,50.81262098058193
,,forest,,19.097929647357894,50.86958627548925
,,forest,,19.097558099255437,50.870265829113286
,,forest,,19.074613917681635,50.85986415337918
,,forest,,19.067614962327944,50.8635288496556
,,forest,,19.09879315470877,50.87055451751818
,,forest,,19.101196043685018,50.87511303304125
,,forest,,19.06271529139862,50.86118746891298
,,forest,,19.061016323813952,50.86047551886142
,,forest,,19.052497093476703,50.859428204640196
,,forest,,19.128126286814396,50.87665992532663
,,forest,,19.050212203124314,50.849749984651844
,,forest,,19.047624493695682,50.85549830492858
,,,wood,19.05232131772699,50.85323573235528
,,meadow,,19.05277543198021,50.853646077453256
,,meadow,,19.070034126080696,50.86150203971932
,,forest,,19.068071789456308,50.86427941580979
,,forest,,19.075938080158924,50.86494766800478
,,forest,,19.079083112194116,50.86498132147474
,,forest,,19.076574271213897,50.86429900469465
,,forest,,19.081125311624803,50.86571483714693
,,forest,,19.082612084215906,50.86631105626231
,,forest,,19.08217883114464,50.86613941489771
,,forest,,19.08583787954337,50.865318805216134
,,forest,,19.089821350305495,50.87370536973865
,,forest,,19.09060368559353,50.87670752530977
,,forest,,19.08883089942577,50.87616981073117
,,forest,,19.08972970591925,50.873196013587474
,,forest,,19.087099528752656,50.87333351362206
,,forest,,19.09630386743356,50.86894645516314
,,forest,,19.098653834286097,50.867418868964535
,,meadow,,19.09821400154902,50.86703366525685
,,meadow,,19.09924677997736,50.870842239594104
,,forest,,19.10643455135858,50.87092139733512
,,forest,,19.102455367291782,50.87110184445532
,,forest,,19.09597328815051,50.869884049832706
,,meadow,,19.076359356750338,50.862033291532576
,,meadow,,19.106467218830407,50.86911350948498
,,meadow,,19.082220859170352,50.86606193964394
,,forest,,19.099492667422705,50.86804690516189
,,meadow,,19.0816782034129,50.86589063698738
,,forest,,19.095590797586166,50.86953638777333
,,meadow,,19.078227092182367,50.86422623047156
,,meadow,,19.100762630423873,50.87143333785821
,,forest,,19.0997377038361,50.87160102532588
,,meadow,,19.09630071154342,50.869794555219976
,,forest,,19.10016013011671,50.870567078982184
,,meadow,,19.100938432827252,50.87086234876801
,,forest,,19.101477897524425,50.87230056770943
,,meadow,,19.0956282800666,50.86926918255274
,,meadow,,19.098806617962595,50.867978404024974
,,meadow,,19.159177466703103,50.8795346351626
,,forest,,19.14300880557612,50.874745588352596
,,forest,,19.13328484945955,50.8806613489935
,,forest,,19.157054062688346,50.88162377847305
,,forest,,19.161836388292073,50.88383298988601
,,meadow,,19.179064995903705,50.88924604977753
,,forest,,19.176242814545628,50.887955165159866
,,forest,,19.16366868884263,50.88401952617336
,,forest,,19.18026961369659,50.881387614174535
,,forest,,19.13412213084184,50.87694159772688
,,meadow,,19.15618714273882,50.88325315459695
,,forest,,19.12308396644658,50.877179824752474
,,meadow,,19.15452891752482,50.88081241095157
,,forest,,19.13546227501013,50.87701451652451
,,forest,,19.148187810163748,50.880977749494384
,,forest,,19.130503253955116,50.878775917957654
,,forest,,19.14459911818825,50.879582974922144
,,meadow,,19.14504964471741,50.88203033756101
,,forest,,19.150345639540536,50.881707657711615
,,forest,,19.13736991349654,50.876853855787836
,,forest,,19.11358703316574,50.873603560738765
,,meadow,,19.11421311784954,50.87350280355634
,,forest,,19.126292960887056,50.87639674522111
,,meadow,,19.11948886859129,50.87362253396375
,,meadow,,19.114557643881113,50.875762223695816
,,meadow,,19.11986930637776,50.87727634350219
,,forest,,19.11384516301533,50.87584614825946
,,forest,,19.111939646281147,50.87347730640915
,,forest,,19.130931287665067,50.87691714217707
,,meadow,,19.113248705363123,50.87356002334548
,,meadow,,19.12690215620293,50.87614304212111
,,forest,,19.11681294093729,50.8765331156296
,,forest,,19.113648845573735,50.862601554646325
,,meadow,,19.114622235876144,50.866377695937246
,,meadow,,19.111735397618695,50.869930667988065
,,meadow,,19.116347379359123,50.87341170760531
,,meadow,,19.12626120823302,50.87377971181931
,,meadow,,19.100254869231655,50.86996264583701
,,forest,,19.112953006857204,50.860716814705725
,,meadow,,19.10828198833241,50.86666789074878
,,meadow,,19.116778999192046,50.86228737945211
,,meadow,,19.1107735127732,50.86961252248704
,,forest,,19.10599169260356,50.865432755752614
,,forest,,19.11699060375558,50.86282894326775
,,meadow,,19.102071605117214,50.86965850066617
,,forest,,19.127483974707754,50.87420082584462
,,meadow,,19.115694750682685,50.870775383138984
,,meadow,,19.114013216980624,50.860590879758774
,,meadow,,19.114409314265778,50.870708548780776
,,meadow,,19.115296961521253,50.8733222848339
,,meadow,,19.108597350925663,50.86839330515604
,,meadow,,19.117497413763825,50.869399423888254
,,forest,,19.099993046235912,50.869382880783306
,,meadow,,19.106224958710246,50.864990569665785
,,meadow,,19.11684129588871,50.871489030160404
,,forest,,19.1004009217452,50.86961792322241
,,forest,,19.115690108190307,50.86077563395052
,,forest,,19.11538988880692,50.868788642734586
,,forest,,19.114277306291097,50.867516587553766
,,meadow,,19.111895056709525,50.86649688349077
,,meadow,,19.116292801231747,50.86835333730767
,,meadow,,19.11230513246353,50.86430385871776
,,forest,,19.099208734754146,50.86923059250203
,,forest,,19.11144853869872,50.86155390183266
,,forest,,19.115130408218526,50.87034807981962
,,meadow,,19.12329194325828,50.87378731998955
,,forest,,19.09158910326822,50.8731100336733
,,forest,,19.0939226645865,50.87069107515652
,,meadow,,19.093308535040112,50.865938649638615
,,forest,,19.09320485604832,50.872441110713716
,,meadow,,19.091747945247374,50.87341907999079
,,meadow,,19.0931222694599,50.868730854804255
,,forest,,19.094071542774575,50.872545892242265
,,meadow,,19.09331827536516,50.87342415783401
,,forest,,19.106653176127555,50.874982002356546
,,forest,,19.098258823825283,50.87176244802918
,,forest,,19.094504213251284,50.86575677970003
,,forest,,19.094172590344016,50.86727953292197
,,forest,,19.095463753744834,50.8709014221071
,,forest,,19.103178142378376,50.87448112108185
,,forest,,19.09511460286306,50.865809707024624
,,meadow,,19.09644402342858,50.86561134364686
,,forest,,19.104355996554926,50.87505645821157
,,forest,,19.08872009155715,50.871517657999036
,,meadow,,19.101499245604302,50.87544426437636
,,forest,,19.09483401302786,50.871312446980966
,,meadow,,19.08965979669388,50.86748937882128
,,meadow,,19.100806887615576,50.87714092530659
,,forest,,19.10544720116187,50.874990121909626
,,meadow,,19.106426807404976,50.875836961623314
,,forest,,19.091809400340253,50.87426052832972
,,meadow,,19.093815687317562,50.87246999891182
,,meadow,,19.094439189898903,50.87555257588186
,,meadow,,19.095150011228558,50.866618746374016
,,meadow,,19.10932727201041,50.87607858534943
,,forest,,19.107782284239516,50.875314938202
,,forest,,19.108910799999997,50.87502924999999
,,forest,,19.04620684957901,50.83918795226447
,,forest,,19.04916213172761,50.84100023740553
,,grass,,19.16321335,50.839128450000004
,,grass,,19.163276549999996,50.8389527
,,grass,,19.163343066471597,50.838766713891545
,,grass,,19.163395750000003,50.83861855
,,grass,,19.1634764628963,50.838435872805476
,,grass,,19.16366845835053,50.838434205087935
,,grass,,19.16376069072138,50.838508074885944
,,grass,,19.16379366511107,50.83847886614315
,,grass,,19.16367508012834,50.83850161652619
,,grass,,19.16409986650217,50.83844442714114
,,grass,,19.164317076372466,50.838475732157974
,,forest,,19.165211483910507,50.887309740811936
,,forest,,19.18200583680185,50.890548344478304
,,forest,,19.177413890917933,50.894369314036865
,,forest,,19.172738262556745,50.89079719655951
,,meadow,,19.177126340211004,50.89352593734299
,,forest,,19.175560920329357,50.8920325412397
,,forest,,19.16875876811337,50.88762259089914
,,meadow,,19.166103703175505,50.88668991064271
,,forest,,19.177147616078575,50.8901977784241
,,meadow,,19.17841270660108,50.89491305947101
,,meadow,,19.176891268483587,50.89255466182432
,,meadow,,19.170158696396022,50.887864163080124
,,forest,,19.177630470733057,50.89795017310468
,,grass,,19.082155936890803,50.812806966645
Rondo,park,,,19.149874556319656,50.779058317741466
Rondo,park,,,19.14989710222166,50.778767042525715
,park,,,19.14580330879529,50.7835824952515
,park,,,19.145958009805355,50.78371970046653
,park,,,19.14630470470249,50.783670394230555
,park,,,19.14588422069212,50.78330332881583
,park,,,19.14541619558599,50.78327790938063
,park,,,19.14660178162684,50.78334474485897
,park,,,19.146686355246214,50.78367239123915
,,,grassland,19.172843684152465,50.76929121102384
,,forest,,19.182052450556938,50.76123200981896
,,forest,,19.15436821651573,50.79294736461653
,,,grassland,19.15127126415486,50.796676306557885
Park Piastów,park,,,19.130023504326065,50.79728512323538
,,grass,,19.1635922701666,50.79364661302239
,park,,,19.15318532319233,50.7825633072558
,,meadow,,19.108915796451168,50.78349277308419
,,meadow,,19.14832603863727,50.77973838565959
,park,,,19.114671294939544,50.81049079824345
,park,,,19.1665288465254,50.76924974173369
,,forest,,19.077742922757974,50.86607418490649
,,meadow,,19.06845384930168,50.86459315701973
,,meadow,,19.079335821085493,50.86602512138877
,park,,,19.10829709154528,50.812680667868186
,,grass,,19.102030526666336,50.8135326711439
,,grass,,19.123768448221515,50.81424225691877
,,grass,,19.12243751253727,50.8142693056453
,,grass,,19.124926430724386,50.8142148571591
,,grass,,19.125637583472177,50.81419645227572
,,grass,,19.124339217712553,50.81422935247136
,,grass,,19.123982850429705,50.81423708077448
,,grass,,19.124667180218378,50.814221188192775
,,grass,,19.12447459380812,50.81422581219783
,,grass,,19.123351343441577,50.814252534746664
,,grass,,19.12409619587951,50.81423516610959
,,grass,,19.124775866267143,50.81421873472124
,,grass,,19.123477748889105,50.81424919570681
,,grass,,19.125075716593333,50.814211302101626
,,grass,,19.123662849519267,50.814245244916506
,,grass,,19.122892416311938,50.8142597959868
,,grass,,19.125848218317344,50.8141915857774
,,forest,,19.05263759597904,50.80754097738432
,,grass,,19.11620629958152,50.82592286807746
,,grass,,19.115999896517444,50.82576760553167
,,grass,,19.115767901175374,50.8257263881736
,,grass,,19.116218149074864,50.82605578707813
,,grass,,19.116382206011735,50.82598182802667
,,,wood,19.116061827433327,50.82568489314499
Park Parkitka,park,,,19.092177461372643,50.82349221501476
,garden,,,19.12836798382431,50.80911372075663
,,forest,,19.158637991119136,50.8674619213027
,,residential,,19.231791087408194,50.78339596468671
,,residential,,19.2383009,50.7828804
,,residential,,19.240328101349416,50.77797266956648
Rozlewisko przy rzece Białka,nature_reserve,,,19.04874879248793,50.84625344606521
,,forest,,19.071861625882395,50.8481263099701
,,forest,,19.073657895014062,50.84712438459294
,,forest,,19.07238041063649,50.846903514155834
,,meadow,,19.05722400182769,50.8608312529078
,,forest,,19.058131837542028,50.861432637978886
,,forest,,19.05907661322799,50.861447584572886
,,forest,,19.057854520856353,50.86092005670663
,,meadow,,19.058907832497685,50.861051802002216
,,meadow,,19.06170734764107,50.86094112582352
,,forest,,19.05833449475363,50.862036903253
,,forest,,19.051801349626942,50.861414683909054
,,forest,,19.06592603116908,50.86347173853983
,,forest,,19.064071882325173,50.863853312258996
,,meadow,,19.063832574936562,50.863965817886694
,,meadow,,19.065454656027335,50.8639492471052
,,meadow,,19.06484972112286,50.864863281344554
,,meadow,,19.064181183302914,50.86444422688125
,,forest,,19.063108462470616,50.85263700035228
,,meadow,,19.06842372505321,50.8597917662677
,,meadow,,19.066112422814562,50.860139323142306
,,meadow,,19.062951501873503,50.85445616364754
,,meadow,,19.0634497476953,50.853571963460126
,,meadow,,19.06349295179105,50.85370231097879
,,forest,,19.064027679270428,50.854388954486396
,,meadow,,19.064062856364817,50.857716381570775
,,forest,,19.07707851194146,50.86811608421257
,,forest,,19.075817603500386,50.86921470760304
,,forest,,19.075807389942955,50.868011111449505
,,meadow,,19.075820888028744,50.868644810662516
,,forest,,19.07330014704924,50.870441205286674
,,meadow,,19.07454552237052,50.87017066693564
,,forest,,19.06963982967712,50.87236056074866
,,meadow,,19.06974994234438,50.87190828800696
,,meadow,,19.072556751361994,50.87035294066354
,,meadow,,19.07544874959452,50.86844506842536
,,meadow,,19.07252325468885,50.869287111132905
,,forest,,19.072224854515326,50.86949165389592
,,forest,,19.070183437567668,50.872761582869316
,,meadow,,19.073017725959886,50.871362737696806
,,forest,,19.07411379538793,50.871253773241406
,,meadow,,19.076644517088724,50.8687798080545
,,meadow,,19.08128557625181,50.87066241120763
,,forest,,19.07953464045503,50.8711104401701
,,meadow,,19.078924328037303,50.87182968849835
,,forest,,19.07878453493497,50.87341672392489
,,meadow,,19.080349902616447,50.87580489073526
,,meadow,,19.077444158959494,50.87582753720837
,,meadow,,19.073172927020106,50.87600615238909
,,forest,,19.07057602434171,50.87665571525506
,,meadow,,19.06913975622241,50.8770546476258
,,meadow,,19.068130699564282,50.87680917097203
,,forest,,19.065750845095234,50.87528064411787
,,forest,,19.066515017880164,50.874086628850904
,,forest,,19.065610851916908,50.8741810526425
,,forest,,19.06655521702082,50.865239563763836
,,forest,,19.067851819730055,50.86571656540395
,,meadow,,19.064388957810117,50.86625860351173
,,forest,,19.06515931759591,50.86724872919523
,,forest,,19.0648892446845,50.86644629795118
,,forest,,19.064768747584655,50.868202504708805
,,forest,,19.064757666617577,50.86858208509077
,,meadow,,19.063104153487362,50.86885403748148
,,forest,,19.064455202234882,50.86930369572893
,,meadow,,19.06615604567238,50.870738439377156
,,meadow,,19.06343165578854,50.87239512797102
,,meadow,,19.06053765935821,50.871902457512775
,,meadow,,19.127690400000002,50.87374755
,,forest,,19.13201063892171,50.87200934396042
,,forest,,19.139646153107257,50.87112625243184
,,meadow,,19.139771478079492,50.87201767648998
,,meadow,,19.14025033476699,50.87121913855381
,,forest,,19.139125975667444,50.874821392774166
,,forest,,19.13718203123183,50.874792099234064
,,forest,,19.135771204727067,50.87465832595638
,,forest,,19.132767583324593,50.8740202033059
,,meadow,,19.13306811475787,50.87363515766551
,,meadow,,19.143798330607368,50.874194713292006
,,forest,,19.1443762041358,50.87374623375261
,,meadow,,19.144810884688297,50.87419116602432
,,meadow,,19.14474734842837,50.872936934068285
,,meadow,,19.140903723973697,50.87273057359161
,,forest,,19.143080662453745,50.87042312960734
,,forest,,19.14199654748836,50.86139872579389
,,forest,,19.149259471766936,50.86088962393098
,,forest,,19.14760652738772,50.85245055960519
,,meadow,,19.14440916776174,50.85855886963378
,,forest,,19.142076153238694,50.85847799771219
,,forest,,19.141284112298443,50.87448358551539
,,meadow,,19.13391943897982,50.87963212932744
,,forest,,19.129021087991823,50.88258259531115
,,forest,,19.126631819757925,50.88031480842211
,,meadow,,19.12782928527892,50.8806662375578
,,meadow,,19.12614905294818,50.876980484366584
,,meadow,,19.125627431691147,50.87713311715623
,,forest,,19.12634628631347,50.88219257200104
,,meadow,,19.125473541499943,50.88237797876074
,,,grassland,19.04832555555722,50.76754790635281
Rondo 7 Dywizji Piechoty,,grass,,19.104379060068183,50.83382184769378
,,grass,,19.11471579884103,50.824300906216116
,,grass,,19.114010999638307,50.82408397941133
,,grass,,19.11415784466676,50.8237192464959
,,grass,,19.113864550035355,50.823545444600676
,,grass,,19.113254498493863,50.823754119205596
,playground,,,19.13109145851181,50.834158317084146
,playground,,,19.131324101450378,50.83395270618246
,,,grassland,19.08901202868294,50.772538830078645
,,meadow,grassland,19.078419147463343,50.77559185416223
,,meadow,grassland,19.083934041115075,50.7826206183522
,,grass,,19.09328643179134,50.80464495328601
,,grass,,19.118680291904745,50.82567089363344
,park,,,19.118187294491115,50.828976051123256
,park,,,19.137851390197916,50.834303504347474
Plac Katyński,park,,,19.135289926337872,50.808150965030045
Skwer im. Janusza Gniatkowskiego,park,,,19.116783071313655,50.82870821321788
,,grass,,19.117429594702273,50.82551713626178
,,grass,,19.1183083784689,50.82561743199166
,,meadow,,19.14714923896493,50.87393568774226
,,meadow,,19.146824307933336,50.873153694561914
,,,wood,19.117697485227826,50.81708164026363
,,grass,,19.08598386186657,50.81321018000719
,,grass,,19.086415813203775,50.81301228958784
,,grass,,19.08601879401887,50.81286211357569
,,grass,,19.085915754913547,50.8138709876158
,,grass,,19.084981708204644,50.813604097180246
,,grass,,19.08475547115198,50.813554562476355
,,grass,,19.084674420285975,50.813673038348796
,,grass,,19.08718164688948,50.812642753447555
,,grass,,19.089891227532735,50.8131915480486
,,grass,,19.087807566451353,50.81341185020174
,,grass,,19.098415689821305,50.81432670970363
,,grass,,19.098253385200547,50.81532929437256
,,grass,,19.098213282237012,50.81468124606369
,,grass,,19.097843484339553,50.81614270591786
,,grass,,19.097919929226336,50.816166660047685
,,grass,,19.09793806758621,50.81642739744702
,,forest,,19.159803060329978,50.880086239380354
,,,wood,19.065571995101674,50.77257538889521
,,,wood,19.066244175558275,50.77300043654129
,,,wood,19.069682130851348,50.77339940797384
,,meadow,,19.067296626614393,50.773318626352115
,,meadow,,19.069318839418315,50.77162323926329
,,meadow,,19.06689064090967,50.77114914773493
,,grass,,19.102000151481317,50.81095921506794
,,,wood,19.203468760999925,50.80059800885705
,,,wood,19.205080901502296,50.800684814144816
,,,wood,19.20454661979686,50.8016218095795
,,,wood,19.20228650337297,50.79987549660075
,,forest,,19.195727046375854,50.80111044760313
,,forest,,19.192890240477734,50.80743829944166
,,meadow,,19.227511810370963,50.79851505993902
,,forest,,19.163676749938848,50.81197092202743
,,forest,,19.15941389430847,50.80932134265098
,,forest,,19.15962565195669,50.81092819689955
,,forest,,19.174900071654694,50.81208342068277
,,forest,,19.176392061440016,50.81158911199246
,,,grassland,19.248837753267146,50.82932555538054
,garden,,,19.115457074901833,50.80986294112054
,garden,,,19.115543350000003,50.80986225
,garden,,,19.115644474901835,50.809862541120545
,,grass,,19.115907956659008,50.80983773596602
,,grass,,19.115467327107254,50.809690816946755
,,grass,,19.11554472128283,50.80958724713498
,garden,,,19.11545442509817,50.80951475887946
,garden,,,19.11553575,50.80951505000001
,garden,,,19.115636333883046,50.809515425018006
,,grass,,19.108869578438235,50.80872983809382
,,grass,,19.10839549862384,50.8087503589277
,,grass,,19.10806079166502,50.808741057691265
,,grass,,19.107858123342385,50.8087428683669
,,grass,,19.107604730630857,50.80870156981855
,,grass,,19.107378973302975,50.808737763272255
,,grass,,19.10761481632107,50.80853747706899
,,grass,,19.10718201567632,50.8084831039359
,,grass,,19.107151969749584,50.80873900031203
,,grass,,19.106916388918815,50.80871364251322
,,grass,,19.10690557730422,50.80853544805231
,,grass,,19.108211721511324,50.80851223490434
,,grass,,19.108384623039168,50.808529010740536
,,grass,,19.109686640274173,50.80850292357666
,,grass,,19.10962071378153,50.808572111870134
,,grass,,19.109762969710392,50.80850165808076
,,grass,,19.10974374785813,50.80859722430617
,,grass,,19.10997813038061,50.80878871387265
,,grass,,19.11040132566949,50.80876864532562
,,grass,,19.110280426824886,50.80867559291142
,,grass,,19.1109047769061,50.80871403912309
,,grass,,19.112033359617616,50.80896658155678
,,grass,,19.111823474119458,50.80911996546924
,,grass,,19.111420827749875,50.809008638933676
,,grass,,19.111275164524947,50.80903927578725
,,grass,,19.111279023071805,50.80916848499803
,,grass,,19.11128714032615,50.80931982560031
,,grass,,19.111301437528002,50.809468588682925
,,grass,,19.111312537431935,50.80958256151761
,,grass,,19.111093733179057,50.80958008812979
,,grass,,19.111088417225837,50.809463040571686
,,grass,,19.111077927377856,50.80931846462366
,,grass,,19.11106741014829,50.809168674055016
,,grass,,19.111057475272275,50.80905949763197
,,grass,,19.111404596625462,50.80891322234031
,,grass,,19.111800255989277,50.80931523566658
,,grass,,19.111979473275195,50.81000120554949
,,grass,,19.111730085401703,50.810002249190056
,,grass,,19.11155413061211,50.810014703275606
,,grass,,19.111341072805068,50.809921428164
,,grass,,19.111303511697116,50.809756442101964
,,grass,,19.111362899986542,50.80970883283278
,,grass,,19.11149825,50.8097039
,,grass,,19.111723339557628,50.809748130820715
,,grass,,19.110862385414624,50.80891809258796
,,grass,,19.110351474361554,50.809004298480964
,,grass,,19.11004395110479,50.8090088758861
,,grass,,19.110224560702612,50.80892811820832
,,grass,,19.113175647718403,50.80886563516531
,,grass,,19.11315394501977,50.80870434203254
,,grass,,19.11280758896811,50.80874484361263
,,grass,,19.112915771148547,50.80934033956562
,,grass,,19.11308644817303,50.80959225046333
,,grass,,19.112974361680642,50.80975955316676
,,grass,,19.11336744247116,50.8097511494923
,garden,,,19.11357669203927,50.80977652033658
Ogródek Solidarność,garden,,,19.11366955022871,50.80990940667737
,,grass,,19.113287656239027,50.809979170150626
,,grass,,19.11300637581952,50.80990456297396
,,grass,,19.112736139788275,50.80999485320278
,,grass,,19.112810321872956,50.80982273894487
,,grass,,19.112794524400194,50.809651546428114
,,grass,,19.11267738420739,50.80958247823503
,,grass,,19.112621841781703,50.80984915992565
,,grass,,19.112469368650384,50.80971195645291
,,grass,,19.112452646668462,50.809198184855994
,,grass,,19.11338876387638,50.80912839373733
,,grass,,19.110386390774767,50.80931236782923
,,grass,,19.110618094856456,50.80931060825917
,,grass,,19.110514559547127,50.80952445545339
,,grass,,19.11071896786793,50.809514741019996
,,grass,,19.110608026569903,50.80975364072603
,,grass,,19.110711620853312,50.809875446714365
,,grass,,19.11081774856458,50.80980463140516
,,grass,,19.110811667277304,50.809757920373706
,,grass,,19.111018425777857,50.809713461552214
,,grass,,19.111111973984002,50.80979416067939
,,grass,,19.1111216521082,50.809951853709705
,,grass,,19.111794598008956,50.810819615244014
,,grass,,19.11164905495591,50.81072729592712
,,grass,,19.111076534283246,50.8105644275894
,,grass,,19.11063403577434,50.8109070241393
,,grass,,19.110409934071072,50.81091662954949
,,grass,,19.111529806547814,50.81107103512045
,,grass,,19.110610065676227,50.81109694440693
,,grass,,19.10993825628635,50.810908478210074
,,grass,,19.109925339212754,50.810594028799144
,,grass,,19.112681680470754,50.81130432840438
,,grass,,19.113620493164486,50.81128010155495
,,grass,,19.11357015,50.8115323
,,grass,,19.112636215557743,50.8117800502014
,,grass,,19.113747099999998,50.811687850000006
,,grass,,19.1129153,50.8124576
,,grass,,19.11287256386421,50.813144261801284
,,grass,,19.113578216669872,50.81313197707288
,,grass,,19.113560456335488,50.812660518430086
,,grass,,19.11284790891423,50.81267464401052
,,grass,,19.11036269127735,50.811712527971224
,,grass,,19.110382280091656,50.81164457263653
,,grass,,19.109628638164878,50.81165943917465
,,grass,,19.108302971931042,50.81150627288642
,,grass,,19.107840494562467,50.811731481102996
,,grass,,19.10769254285247,50.81128100179525
,,grass,,19.1078591973613,50.811309503867385
,,grass,,19.112913826455948,50.81049683583258
,,grass,,19.11337526677284,50.80957354401094
,,grass,,19.112823900000002,50.8123648
,,grass,,19.112711200000003,50.812495999999996
,,grass,,19.113115223695655,50.81240245871458
,,grass,,19.113274000000004,50.8123218
,,grass,,19.113281800000003,50.812447600000006
,,grass,,19.1134164,50.8123366
,,grass,,19.10950452229088,50.809086779501264
,,grass,,19.106425375848467,50.80914108100928
,,grass,,19.106531215937753,50.80914449181851
,,grass,,19.106478541269457,50.80910781425671
,,grass,,19.10673291132345,50.809124500568416
,,grass,,19.106881007219453,50.809122702743835
,,grass,,19.10753314716028,50.809349211711336
,,grass,,19.10808989963674,50.809558004556145
,,grass,,19.10785319693873,50.809520542514456
,,grass,,19.107534302690098,50.809618234639395
,,grass,,19.107567723062562,50.809893600451225
,,grass,,19.10807182295754,50.809954600025705
,,grass,,19.10843510800882,50.80983445638445
,,grass,,19.1089635205286,50.80980542184778
,,grass,,19.109197312935148,50.809675341773044
,,grass,,19.10827347719891,50.80950211641996
,,grass,,19.10757597657177,50.809112702872326
,,grass,,19.107832377372063,50.809139411510515
,,grass,,19.108093327021013,50.80910574395823
,,grass,,19.10886123475702,50.80910703659569
,,grass,,19.109001213834635,50.809392176956365
,,grass,,19.10878402545182,50.80902447536964
,,grass,,19.10810068230999,50.80903740945434
,,grass,,19.10788738248316,50.809041438790665
,,grass,,19.10765436807944,50.80904415660176
,,grass,,19.10735025,50.809047099999994
,,grass,,19.107035599999993,50.80905154999999
,,grass,,19.10682891780528,50.80905499775077
,,grass,,19.1067167,50.80905754999999
,,grass,,19.10649332317779,50.80906117478561
,,grass,,19.1062993,50.809061199999995
,,grass,,19.10736156311588,50.8099532574402
,,grass,,19.10699195392694,50.80990759921171
,,grass,,19.106893271107975,50.81010193331676
,,grass,,19.107056477438977,50.8100985283001
,,grass,,19.10706603029361,50.81013035925679
,,grass,,19.106891110957097,50.81013334801532
,,grass,,19.106619832280938,50.809941249225936
,,grass,,19.106166807922953,50.80984745426244
,,grass,,19.106493349631663,50.8101803238516
,,grass,,19.106735746427127,50.81017675459713
,,grass,,19.10695544306539,50.81017363839178
,,grass,,19.10719435384337,50.810169263238464
,,grass,,19.107427926437175,50.81016641325998
,,grass,,19.107755434198317,50.810159994460335
,,grass,,19.10795901754028,50.8101560756822
,,grass,,19.108319460006484,50.810148702784936
,,grass,,19.1087799552849,50.810139098203145
,,grass,,19.109293739887562,50.81012868656546
,,grass,,19.109543534583985,50.810123575046624
,,grass,,19.109650219042177,50.80991105343082
,,grass,,19.109643756497277,50.80977142465375
,,grass,,19.109642849999997,50.8096245
,,grass,,19.109633569234862,50.809474343799415
,,grass,,19.10962934500596,50.80935675773007
,,grass,,19.109722969150216,50.80951808531279
,,grass,,19.106351850461152,50.81070417168658
,,grass,,19.106586571102216,50.810861511610334
,,grass,,19.10687758694141,50.81085649720027
,,grass,,19.106458294116983,50.81042535983384
,,grass,,19.107226179980536,50.81063505742498
,,grass,,19.108066015966024,50.81050945624847
,,grass,,19.107287249134025,50.81080527616303
,,grass,,19.10758229452557,50.81081808191193
,,grass,,19.10776250844286,50.810818531931545
,,grass,,19.10825959650262,50.81080802551842
,,grass,,19.10852609219428,50.81074717877988
,,grass,,19.108672709305853,50.81076459061475
,,grass,,19.108897369033624,50.81081350527671
,,grass,,19.10919742051368,50.81080610976718
,,grass,,19.109573246476913,50.810752042220955
,,grass,,19.1096890608376,50.81050342217301
,,grass,,19.10926856159352,50.81057629919379
,,grass,,19.109006990216105,50.810635127382284
,,grass,,19.10528687135002,50.81075267565211
,,grass,,19.10590655630556,50.81073015206095
,,grass,,19.10591300017717,50.8108645896625
,,grass,,19.10591895524712,50.81099105846047
,,grass,,19.10579230112547,50.81103052706678
,,grass,,19.105654298617182,50.81103310645032
,,grass,,19.10574751769287,50.81093813604207
,,grass,,19.105866498362555,50.81058376465544
,,grass,,19.10614190315257,50.81071042884297
,,grass,,19.106147173517886,50.810859631216665
,,grass,,19.10615575443602,50.81100542983061
,,grass,,19.105926556004654,50.811181475001895
,,grass,,19.106542922492558,50.811056598134826
,,grass,,19.106933449366394,50.81100408759497
,,grass,,19.107167295342013,50.81099937282412
,,grass,,19.10964080311872,50.81032614465003
,,grass,,19.109286616788523,50.81020787906321
,,grass,,19.107836474003047,50.810238843021764
,,grass,,19.107540292357804,50.81024423175294
,,grass,,19.10728320172713,50.81024994156598
,,grass,,19.10708466955857,50.81025493257596
,,grass,,19.106772070353454,50.810261447358776
,,grass,,19.106445726027037,50.81026801019531
,,grass,,19.1042580669527,50.81068865554695
,,grass,,19.104286142952883,50.811107282620796
,,grass,,19.1043690954547,50.811073060943606
,,grass,,19.104344388581257,50.810648817298734
,,grass,,19.104453281708583,50.810874972427456
,,grass,,19.104543936169453,50.811038345052445
,,grass,,19.105319719720104,50.811230492738815
,,grass,,19.10518672906657,50.8111789887334
,,grass,,19.10475200899587,50.811196184596916
,,grass,,19.104561469859902,50.81120662063759
,,grass,,19.104397556163246,50.809081960487326
,,grass,,19.104575180835457,50.80911405594398
,,grass,,19.10510342416911,50.809092490938006
,,grass,,19.10518325,50.80909114999999
,,grass,,19.105309175830882,50.80908971261189
,,grass,,19.105460100000005,50.8090874
,,grass,,19.1055527748494,50.809086684731966
,,grass,,19.1054010350309,50.80913441953118
,,grass,,19.10504486327914,50.8091472152311
,,grass,,19.10501583585336,50.80968201842192
,,grass,,19.105117532025933,50.8096164371747
,,grass,,19.1049598055406,50.80950846737276
,,grass,,19.104936315229118,50.80959162380099
,,grass,,19.10472667913437,50.809148133291835
,,grass,,19.104467450091324,50.80921409545483
,,grass,,19.104565960372362,50.80945054486313
,,grass,,19.104442402495454,50.80947722404604
,,grass,,19.104435747588177,50.80965953523689
,,grass,,19.104610712422712,50.80972730634202
,,grass,,19.104478476863317,50.809728863824354
,,grass,,19.104313129451295,50.809485938173346
,,grass,,19.105073861980543,50.81003332133757
,,grass,,19.104950629464625,50.80993673059511
,,grass,,19.104528970221484,50.809969660172115
,,grass,,19.104271983325773,50.809954516276825
,,grass,,19.104714223253495,50.810224909001704
,,grass,,19.106029826701462,50.81019443213187
,,grass,,19.106055358202887,50.80856165086244
,,grass,,19.106070355067494,50.80846605666408
,,grass,,19.10558439445928,50.80841037299443
,,grass,,19.105620515042467,50.80870434114986
,,grass,,19.105282909774605,50.80834593497032
,,grass,,19.105101403830904,50.80832747750603
,,grass,,19.104915160724936,50.808315084173195
,,grass,,19.104744811537934,50.80831885768172
,,grass,,19.10415120150556,50.808146607802605
,,grass,,19.104076937198595,50.808311331673394
,,grass,,19.104438874891983,50.80855779224439
,,grass,,19.10490177655132,50.80881509674689
,,grass,,19.10428776007311,50.80874679678806
,,grass,,19.1043275399222,50.80889693856566
,,grass,,19.110697098387202,50.80993811774105
,,grass,,19.110415990172076,50.80994514928956
,,grass,,19.1102319062165,50.809948817909486
,,grass,,19.110135563820243,50.80995966462493
,,grass,,19.110042857010416,50.80981107278114
,,grass,,19.110114781563457,50.80955761528863
,,grass,,19.110114927927647,50.80936125622619
,,grass,,19.110124203375936,50.809216346470855
,,grass,,19.109841631404525,50.809635624598215
,,grass,,19.109828698879085,50.8091138287084
,,grass,,19.10564777196954,50.80969914123341
,,grass,,19.105841488178598,50.80907049534834
,,grass,,19.10593103020628,50.80914960439345
,,grass,,19.105728227956515,50.809178955700276
,,grass,,19.105766633458707,50.80940091094162
,,grass,,19.105781162506148,50.80983667333593
,,grass,,19.10564023716116,50.81001225707048
,,grass,,19.105436163073115,50.80991539194252
,,grass,,19.105254400000003,50.80896395
,,grass,,19.105462850000002,50.808958249999996
,,grass,,19.105736099999998,50.8089539
,,grass,,19.105893775615908,50.80899261949675
,,grass,,19.10547802602748,50.80899875165065
,,grass,,19.105261850193138,50.80900345700226
,,grass,,19.104870174232882,50.80900824948005
,,grass,,19.104465826277522,50.809014252844776
,,grass,,19.115231120819875,50.78547157838056
,,grass,,19.115515429520833,50.785696603897975
,,grass,,19.117552702202257,50.78515621992216
,,grass,,19.116714599999998,50.785322300000004
,,grass,,19.116175499481955,50.784867174206674
,,grass,,19.116103831145285,50.78688232409117
,,grass,,19.116215276314662,50.78697474662792
,,grass,,19.10545086348028,50.808257631048455
,,grass,,19.118308716209125,50.78688115049857
,,grass,,19.11859857975986,50.786772678092575
,,grass,,19.11872346934086,50.78655451878846
,,grass,,19.117979726297733,50.78685784644282
,,grass,,19.117153070868703,50.78660285934247
,,grass,,19.116100997946994,50.78643329520588
,,grass,,19.1154243119769,50.78596676143377
,,grass,,19.114819667617812,50.7859423258665
,,grass,,19.115034565195188,50.78621381246328
,,grass,,19.115478899255976,50.78640155804001
,,grass,,19.11713260368615,50.78293369245931
,,grass,,19.11657370163959,50.78134860688615
,,grass,,19.115626003068087,50.78217227757387
,,grass,,19.115756978612477,50.78213191622182
,,grass,,19.11584647987192,50.782171571170096
,,grass,,19.11601136952471,50.78225035212855
,,grass,,19.116389444732455,50.78274882155246
,,grass,,19.11801210426215,50.78439601328083
,,grass,,19.115480404460648,50.78408414207033
,,grass,,19.130715263748233,50.78407715008263
,,grass,,19.130597731750736,50.784290874803986
,,grass,,19.130525123079444,50.784251678961425
,,grass,,19.130523546225998,50.78400298438321
,,grass,,19.12997355087104,50.784048038546274
,,grass,,19.131442123201012,50.784582794778615
,,grass,,19.13094509623652,50.784452667511005
,,grass,,19.13069203729576,50.784384474457376
,,grass,,19.130492307724612,50.78433353740286
,,grass,,19.130110580490204,50.78423502935694
,,grass,,19.129617398475695,50.784062502461055
,,grass,,19.129510030446088,50.78384440451668
,,grass,,19.129888500567557,50.78377556372553
,,grass,,19.130906876646833,50.78422749925697
,,grass,,19.13099496471567,50.78351510090656
,,grass,,19.13100525627251,50.78338898747899
,,grass,,19.13201282071152,50.783394505864884
,,grass,,19.131746137529465,50.78350388363036
,,grass,,19.131786237510237,50.78371889256445
,,grass,,19.131518974666758,50.78365969129511
,,grass,,19.13212027134061,50.78386917353261
,,grass,,19.132153884807266,50.78381314941359
,,grass,,19.132180116448442,50.7837793911509
,,grass,,19.132211075174887,50.7837249458699
,,grass,,19.132230357636804,50.78368597164168
,,grass,,19.132023968024193,50.783727550771026
,,grass,,19.131069170917012,50.78391669661453
,,grass,,19.13225097124192,50.784140775130375
,,grass,,19.1327292240635,50.78391006364478
,,grass,,19.133811722798793,50.784168896219704
,,grass,,19.133894502713307,50.78447504710336
,,grass,,19.133954694507093,50.78480879822903
,,grass,,19.13358382827324,50.784893521996665
,,grass,,19.132980117654053,50.78485473710762
,,grass,,19.132323010827314,50.784580866891794
,,grass,,19.133619389245588,50.78515237184674
,,grass,,19.13324800567695,50.78505296386696
,,grass,,19.133083160059478,50.78501156746604
,,grass,,19.13288474357647,50.78495897100141
,,grass,,19.132693979269693,50.78490882443949
,,grass,,19.13242129803029,50.78483882466142
,,grass,,19.132124024266417,50.784759808180034
,,grass,,19.131898486102862,50.78470343798118
,,grass,,19.132775682345688,50.783343535927614
,,grass,,19.13298407685285,50.78341519788546
,,grass,,19.13315037678501,50.78333708381093
,,grass,,19.13348361343668,50.78339349815439
,,grass,,19.13360525884662,50.783404070860385
,,grass,,19.134468135253496,50.783588078362385
,,grass,,19.13408656011775,50.78371543559065
,,grass,,19.133893609625144,50.78360690727322
,,grass,,19.133533865109804,50.783813049330995
,,grass,,19.13430139649349,50.78268211459999
,,grass,,19.13322658763836,50.7828391925686
,,grass,,19.134143238010623,50.78315275329006
,,grass,,19.13466447070942,50.78323932347061
,,grass,,19.134766967260404,50.7828919102981
,,grass,,19.134200890484045,50.78280410624795
,,grass,,19.13335110964787,50.78304049871139
,,grass,,19.13385895547395,50.783274337835145
,,grass,,19.134906543696278,50.78364439985338
,,grass,,19.135023177212208,50.783669700096716
,,grass,,19.136876900882452,50.78411230946716
,,grass,,19.13660774042877,50.7839979929728
,,grass,,19.136428455786596,50.78403824635596
,,grass,,19.136020842352004,50.783924724291225
,,grass,,19.13528618398003,50.78387546017015
,,grass,,19.134978280605008,50.78379615567228
,,grass,,19.13580091248702,50.78451494667745
,,grass,,19.135333273116697,50.78480043194868
,,grass,,19.13539022429644,50.78504254705083
,,grass,,19.13496663117535,50.78518165739114
,,grass,,19.136525594585713,50.782885468332076
,,,wood,19.137350910418398,50.78320488835577
,,,wood,19.136755333666006,50.78303227434425
,,,wood,19.136089864261123,50.78289554839498
,,grass,,19.135766794170543,50.78283111915131
,,grass,,19.135533178955757,50.78281882607447
,,grass,,19.13524485695787,50.78289381705732
,,grass,,19.1362049832406,50.78333905438979
,,grass,,19.136157818334592,50.78366372965254
,,grass,,19.13801098644584,50.784666535181806
,,grass,,19.137828595162564,50.78476808214439
,,grass,,19.137642804837434,50.78488101785561
,,grass,,19.1374704,50.784996799999995
,,grass,,19.137283295162565,50.785114982144385
,,grass,,19.136681591280528,50.78529090984018
,,grass,,19.1365430815856,50.78555625117836
,,grass,,19.13634641494727,50.78549642216566
,,grass,,19.138379098249487,50.78334698975987
,,grass,,19.13871530218461,50.783556146367395
,,grass,,19.138359660741024,50.78370200373106
,,grass,,19.13775767132512,50.78393731398864
,,grass,,19.138152613241143,50.78412661298557
,,grass,,19.13852897446685,50.78442917384393
,,grass,,19.138250355704123,50.78445578643707
,,grass,,19.13799030355498,50.78443242690193
,,grass,,19.13714565934724,50.78486224041522
,,grass,,19.13687106432504,50.78564352578138
,,grass,,19.137173713279182,50.78586355302246
,,grass,,19.137726103534625,50.78609624009865
,,grass,,19.13758923204672,50.78635127028119
,,grass,,19.137429895550074,50.78643746293573
,,grass,,19.13726124566418,50.786353152382326
,,grass,,19.137164272859476,50.78618133839027
,,grass,,19.136963034880303,50.78617194135364
,,grass,,19.136453565128726,50.785931342351425
,,grass,,19.13636436880948,50.78575749687064
,,grass,,19.135020718552568,50.78551703925653
,,grass,,19.13944414683595,50.78456137253453
,,grass,,19.139412934354137,50.784763614773254
,,grass,,19.139340910759138,50.78506114087813
,,grass,,19.139021569191513,50.784660443093536
,,grass,,19.138687329699707,50.78469963806747
,,grass,,19.138747565133457,50.78500036276839
,,grass,,19.138415620608942,50.78523067679362
,,grass,,19.13811198264562,50.78550969201208
,,grass,,19.13756927947172,50.7852347090593
,,grass,,19.138067311354643,50.785839459437106
,,grass,,19.137542743544703,50.78567911313347
,,grass,,19.139300205179076,50.783713736232755
,,grass,,19.139338430815197,50.78386274861028
,,grass,,19.13966647372617,50.78394316819154
,,grass,,19.140321960603906,50.784345604834925
,,grass,,19.13947009525006,50.784350304901345
,,grass,,19.112284261694473,50.81968132107479
,,grass,,19.11243439656619,50.819652353011314
,,grass,,19.112795717064337,50.819603180075845
,,grass,,19.112683906559642,50.8196108854673
Skwer Profesora Zbigniewa Religi,park,,,19.096841775535474,50.80726204187838
,,,wood,19.108492029196658,50.77556577494712
,,grass,,19.142952974509043,50.78439469062453
,,grass,,19.114819696302607,50.82361157780926
,,grass,,19.114875301240005,50.82341858207447
,,grass,,19.114706286450414,50.82337863862345
,,grass,,19.115865219886956,50.82184654176428
,,grass,,19.116091359464615,50.821373113966295
,,grass,,19.11603901348106,50.82128772935232
,,grass,,19.117556103648134,50.82159317729395
,,grass,,19.117588909926024,50.821479217293906
,,grass,,19.115522109465758,50.82375431073018
,,grass,,19.11575206609992,50.8265528927379
,,grass,,19.11489900328755,50.82598439064326
,,grass,,19.11655984765604,50.825881073492916
,,grass,,19.11783598087956,50.82125137319889
,,grass,,19.116839905553032,50.822849053127136
,,grass,,19.117189485183378,50.82277663939709
,,grass,,19.116912443143303,50.82297091857551
,,grass,,19.136012212060717,50.818521454824875
,,grass,,19.13612260197229,50.81876798150699
,,grass,,19.136507006149955,50.818727967381264
,,grass,,19.116600550057278,50.825658183027734
,,grass,,19.116092305349962,50.8255852042012
,,,grassland,19.08654493579544,50.82208584414141
,,grass,,19.110735526400045,50.801919817800034
,,grass,,19.110337862614454,50.8016403037205
,,grass,,19.111166290665523,50.80148323410302
,,grass,,19.11119863958618,50.801351610152985
,,grass,,19.11117652858745,50.80123451280969
,,grass,,19.11123193547872,50.80111855164354
,,grass,,19.111478918001577,50.8010253613062
,,grass,,19.111411046801404,50.80118529697302
,,grass,,19.111322265628708,50.801767079954054
,,grass,,19.111105740188943,50.802273373556105
,,grass,,19.111141215253905,50.80053130692391
,,grass,,19.110183528020112,50.800294536978214
,,grass,,19.110988720788413,50.799743851501596
,,grass,,19.110771141778542,50.79973072589087
,,grass,,19.110400308064023,50.799770583415274
,,grass,,19.1096351661961,50.79993549764177
,,grass,,19.109534857387803,50.80017018122653
,,grass,,19.109458875948352,50.800266780282364
,,grass,,19.109333734056534,50.800219550898554
,,grass,,19.109057033248977,50.800359887758
,,grass,,19.108909607348615,50.80009069087801
,,grass,,19.10880542584096,50.80024913369478
,,grass,,19.108463809100275,50.80055412814754
,,grass,,19.10859845237324,50.800640330893536
,,grass,,19.108739799405008,50.80061939131521
,,grass,,19.108720558953333,50.79993900959826
,,grass,,19.110364784905403,50.79969032856741
,,grass,,19.10945056301848,50.79985242562247
,,grass,,19.108438385710414,50.80042556457209
,,grass,,19.108087277718653,50.800941055803584
,,grass,,19.107922269570285,50.80115620659819
,,grass,,19.107735009270687,50.801235388814405
,,grass,,19.107500413326115,50.80134192386324
,,grass,,19.10731078203538,50.80142584368257
,,grass,,19.108293499548953,50.80102548897622
,,grass,,19.10891932975454,50.80060844602258
,,grass,,19.109240407221236,50.80055090543522
,,grass,,19.10948535884462,50.80051233209567
,,grass,,19.109590797024403,50.80049351222799
,,grass,,19.10954103457772,50.800616065428216
,,grass,,19.109103982871652,50.800722676826865
,,grass,,19.108649771867242,50.80083464105478
,,grass,,19.108694118545646,50.80111887334475
,,grass,,19.10938019972308,50.800918425247296
,,grass,,19.109574640557625,50.801263061616375
,,grass,,19.10916285127031,50.80131401328371
,,grass,,19.10850721044038,50.80120893400679
,,grass,,19.10873392560283,50.80131336384127
,,grass,,19.10929714400415,50.80172613602416
,,grass,,19.10892992250452,50.80151496305305
,,grass,,19.10897152973525,50.801778247944235
,,grass,,19.108580379397843,50.801753750539035
,,grass,,19.10986212057975,50.80203787222325
,,grass,,19.11011130881663,50.8021275369377
,,grass,,19.110786801152322,50.80243900010403
,,grass,,19.110935885784333,50.80266221687864
,,grass,,19.110401175931415,50.802728251535726
,,grass,,19.10995649080545,50.80234309760773
,,grass,,19.110178380639095,50.802283355390514
,,grass,,19.10942738857229,50.802358672913265
,,grass,,19.109773251142897,50.802173722694086
,,grass,,19.108443729742906,50.80233430233046
,,grass,,19.109501705700676,50.80214063104646
,,grass,,19.10914964620805,50.80201974427674
,,grass,,19.10895365776025,50.8021035610304
,,grass,,19.10853183168205,50.80191988257725
,,grass,,19.108191418930602,50.801981056059496
,,grass,,19.108129480977993,50.801810491115404
,,grass,,19.107997770679596,50.80189661455469
,,grass,,19.10780679018691,50.80194543753001
,,grass,,19.107504425568642,50.802001154203346
,,grass,,19.10768417499771,50.80207800801814
,,grass,,19.107870279815188,50.80209531634244
,,grass,,19.107713093116804,50.802184046150636
,,grass,,19.10780151804952,50.80242473210564
,,forest,,19.08036752036406,50.89053177505994
,,forest,,19.07770671916677,50.89290514563271
,,forest,,19.090055477988727,50.89705761858404
,,forest,,19.096501692041933,50.89284809116891
,,grass,,19.12711478006874,50.80970684629592
,,grass,,19.126779684786648,50.80938785477008
,,grass,,19.127593238340037,50.80937258488288
,,grass,,19.117993107633232,50.804980162601204
,,grass,,19.118031354980594,50.805991575324406
,,forest,,19.21028082813945,50.82218716948281
,,forest,,19.21028073715196,50.8224261985825
,,forest,,19.208681756364513,50.822520681184855
,,forest,,19.207326389693403,50.824301828586854
,,grass,,19.175278021122306,50.84059229155001
,,meadow,,19.06665094794225,50.857561632387764
,,forest,,19.06550528103604,50.85739244825642
,,grass,,19.109072869886596,50.801039725842166
,,grass,,19.107875121538612,50.80124288934626
,,grass,,19.107858077329958,50.80147082552284
,,grass,,19.107358241832976,50.80166708799271
,,grass,,19.107409299893877,50.801820295306015
,,grass,,19.114640132962524,50.83689688207121
Skwer Lotników,,grass,,19.193435981226337,50.77557054778445
,,grass,,19.109052123095378,50.79976399295746
,,grass,,19.108651186893795,50.79964918924815
,,grass,,19.10884505355362,50.7996925342338
,,grass,,19.10889026775196,50.79958993587225
,,grass,,19.108707738889592,50.79950731537062
,,grass,,19.10905570479946,50.79969614741022
,,grass,,19.109469301288073,50.79944429009748
,,,wood,19.109395938620953,50.7991971081715
,,grass,,19.109760072978414,50.79919015764081
,,grass,,19.108976520858747,50.7984915325954
,,grass,,19.10854651525017,50.79912887647976
,,grass,,19.108764271949326,50.79887767269032
,,grass,,19.109060544708196,50.798831293354425
,,grass,,19.109366997056057,50.79879574864088
,garden,,wood,19.10886046048579,50.799080119478745
,garden,,wood,19.109176789979568,50.79903151851738
,garden,,wood,19.109471038117828,50.798985137459276
,,grass,,19.110957730664047,50.798488377271575
,,grass,,19.110741855322733,50.79847829086758
,,grass,,19.111239541586585,50.79847961930004
,,grass,,19.11147780914594,50.79850906219192
,,,wood,19.110440431761145,50.798216780424156
,,,wood,19.110669067882885,50.79797203142059
,,grass,,19.110450548664446,50.79795230269663
,,grass,,19.110617242683702,50.798157590077146
,,grass,,19.110838394305965,50.798071041685205
,,,wood,19.111888413047605,50.798292166528725
,,grass,,19.11174057972528,50.79814994363098
,,grass,,19.111232547441467,50.79800684915378
,,grass,,19.11155416799211,50.79800046926758
,,grass,,19.107703231129115,50.80188938282329
,,grass,,19.107954916511304,50.80181562866379
,,grass,,19.108055283966824,50.80178789908848
,,grass,,19.108391587169912,50.80168819289766
,,grass,,19.10878093645149,50.80154872383534
,,grass,,19.11047977590061,50.800979550059274
,,grass,,19.11035658446015,50.80108460072307
,,grass,,19.110177243613766,50.80100546027005
,,grass,,19.109915284460097,50.80100267855047
,,grass,,19.110084509761293,50.800875883321126
,,grass,,19.110530466900272,50.800834184165325
,,grass,,19.1089139168292,50.798716917767734
,,grass,,19.108203419997015,50.7993767610337
,,grass,,19.10808661982597,50.79964981909241
,,grass,,19.107715119990615,50.799445154600846
,,grass,,19.10759241716078,50.79944058152022
,,grass,,19.10760630206338,50.79978368797212
,,grass,,19.107856048338043,50.79992142896233
,,grass,,19.108038356413264,50.79989475539315
,,grass,,19.108229561745823,50.79986737390526
,,grass,,19.10847902225905,50.79983068861492
,,grass,,19.107583598139787,50.79927372712797
,,grass,,19.107611384513444,50.799152057467204
,,grass,,19.106721618989823,50.79939520092075
,,grass,,19.106299186110473,50.79936119039015
,,grass,,19.106608788224115,50.79927818723311
,,grass,,19.10712489970882,50.799302415808874
,,grass,,19.107260730703466,50.79922603378746
,,grass,,19.107753785450633,50.79905251881417
,,grass,,19.10796091174183,50.79907996670249
,,grass,,19.107670424700544,50.79888207238453
,,grass,,19.107067178989322,50.79874532653625
,,,wood,19.110824256831034,50.79894232466868
,garden,,,19.110530525870537,50.798914258218765
,,grass,,19.110102768096674,50.79952347035376
,,grass,,19.110023328292264,50.79931742906659
,,grass,,19.10988727710762,50.79904589295834
,,grass,,19.11023280284329,50.79943977551533
,garden,,,19.110281062619336,50.79911331056188
,garden,,,19.110534969476095,50.799412336143554
,,grass,,19.108785650429105,50.80055070055284
,,grass,,19.1089588749604,50.800531710493274
,,grass,,19.10914210896722,50.80050817114934
,,grass,,19.10932864153383,50.800484588412345
,,grass,,19.109480545671293,50.80046480588205
,,grass,,19.108806849947626,50.80090569375845
,garden,,,19.108983524194606,50.800880808894576
,garden,,,19.109167438984,50.80085720615236
,garden,,,19.109353449085603,50.80083406771089
,,grass,,19.10951461020432,50.80080968002412
,garden,,,19.10884212673067,50.80124733590977
,,grass,,19.109007647753355,50.80122595542076
,,grass,,19.109192911325803,50.80120181652109
,,grass,,19.10937804048877,50.80117767945798
,,grass,,19.10952753073915,50.801157070730305
,,grass,,19.110089758080722,50.80160579055027
,,grass,,19.110054288408758,50.80149791705296
,,grass,,19.10984951982045,50.801675985817745
,,grass,,19.109654614664578,50.80149663958046
,,grass,,19.10966329099802,50.80185204481333
,garden,,,19.1483777047898,50.78561515722378
,garden,,,19.148341588808094,50.78595836884645
,garden,,,19.14815094911842,50.785604119222114
,,grass,,19.151074043867098,50.8073834483148
,,grass,,19.13752972931066,50.8051100822097
,,grass,,19.129185295510716,50.81687167814929
,,grass,,19.110817385452158,50.80109564433298
,,grass,,19.11083321991686,50.80100290039061
,,grass,,19.110853008697926,50.80089920025046
,,grass,,19.110871863263906,50.800793147104734
,,grass,,19.110888974474477,50.80068294057591
,,grass,,19.110907429910437,50.80058125294105
,,grass,,19.110926254775325,50.800479777895696
,,grass,,19.110941230744764,50.800361231570314
,,grass,,19.110915122774916,50.800243394559075
,,grass,,19.110857543105148,50.8001291680742
,garden,,,19.110801456276693,50.80001404545605
,garden,,,19.110723749763537,50.799886739315234
,,grass,,19.110440572977247,50.800032368450786
,,grass,,19.110210489694854,50.800072177706234
,,grass,,19.11002576453995,50.800097777259055
,,grass,,19.109835982564736,50.800108711009585
,,grass,,19.109665344318557,50.80012523346961
,,grass,,19.109460043861464,50.800117565252016
,,grass,,19.10926616718833,50.800142768831606
,,grass,,19.109105421395316,50.80016124099428
,,grass,,19.114008031033727,50.82462265768773
,,grass,,19.113834534091385,50.82443918101295
,,grass,,19.11580893932574,50.82412755354375
,,forest,,19.229164924321008,50.89091297528723
,,forest,,19.228939565745392,50.893425172600125
,,forest,,19.229327697836187,50.89380973149316
,,meadow,,19.232269203018113,50.891791558407085
,,forest,,19.23158057020054,50.89259354931983
,,forest,,19.23193051796558,50.89082299919652
,,meadow,,19.23671871772276,50.89131957395619
,garden,,,19.114164000345557,50.80001301676867
,garden,,,19.11209371431665,50.79969849301827
,,grass,,19.10773397730098,50.80102297103996
,,grass,,19.107691066488126,50.8010909449975
,,grass,,19.107277737957144,50.80123258523421
,garden,,,19.107931059931122,50.80130261301512
,garden,,,19.106842851130928,50.7998506563917
,garden,,,19.110451627959925,50.79938264509584
,,,wood,19.109832426841244,50.7982222413095
,,grass,,19.110323637754107,50.800441671603046
,,grass,,19.10973094219383,50.800849759742064
,,grass,,19.109929485308086,50.801192661780796
,,grass,,19.110179369710714,50.80295445352456
,,,wood,19.110608580386327,50.79860635770556
,,,wood,19.108286630782217,50.798656908552545
,,grass,,19.1286571415561,50.81205370486169
Linia parku,,,,19.12274319795543,50.82511660698045
Linia parku,,,,19.12328231457981,50.824937901803295
,,,grassland,19.123299974150324,50.82441377842141
,,,wood,19.11963397401475,50.825640836590274
,,,wood,19.120974792501322,50.82588267586491
,,,wood,19.123801925776103,50.82489906010047
,,,wood,19.123822466769024,50.82592911539588
,,grass,,19.205963098937964,50.89270513595654
,,,grassland,19.206548626268173,50.88940840211926
,,grass,,19.212348058112113,50.88729032277746
,,grass,,19.192715652231357,50.88553225202093
,,,grassland,19.183857270158466,50.883383123924396
,,,grassland,19.215214845066626,50.89035061083336
,,,grassland,19.21601809923651,50.8836445025872
,,,grassland,19.199319748456276,50.88858022015988
,,,grassland,19.19688719162936,50.88906649215574
,,grass,,19.201594990719233,50.88992789504539
,,grass,,19.20318276388045,50.88842800812256
,,grass,,19.204165691152614,50.888959331661816
,,grass,,19.20181366219868,50.88802678189932
,,grass,,19.202337383709022,50.88881676473188
,,grass,,19.20331083668085,50.88930846283145
,,grass,,19.20305141117367,50.88952992867102
,,grass,,19.203396031811444,50.88983212667152
,,grass,,19.20241645520146,50.88952045029605
,,grass,,19.216770256970854,50.897002301881045
,,grass,,19.131722525684108,50.78506439048945
,,grass,,19.13214496168168,50.78518899012663
,,grass,,19.132537959941317,50.78561311231602
,,grass,,19.130089601875547,50.78563625802957
,,grass,,19.13143815,50.78632795000001
,,grass,,19.13355987535431,50.78556341105638
,,grass,,19.132161101572887,50.78642312954461
,,grass,,19.132121750889556,50.78488785408163
,,grass,,19.130865099982607,50.78506514817861
,,grass,,19.131632825174915,50.786820204869336
,,grass,,19.130441880283275,50.786633136501266
,,grass,,19.131675113763134,50.7872964636875
,,grass,,19.13052904780514,50.78494174839539
,,grass,,19.131161716616795,50.78471863866147
,,grass,,19.132362647138137,50.78712135587306
,,grass,,19.132306327151554,50.787094429948226
,,grass,,19.13379491726793,50.78673460325317
,,grass,,19.134091336343605,50.78612276883605
,,grass,,19.13346471978783,50.78658005333425
,,grass,,19.134579950000003,50.78627260000001
,,grass,,19.134774043442288,50.785869228919815
,,grass,,19.134032600968386,50.7870518969922
,,grass,,19.132568155076285,50.786334496018895
,,grass,,19.13185255884937,50.78604891787612
,,meadow,,19.151296929308074,50.76176997692975
,,meadow,,19.15533619727516,50.76125236929963
,,forest,,19.183814254917383,50.75635383480828
,,forest,,19.1861968154961,50.757395584323
,,residential,,19.184471226777458,50.7584231108123
,,,,19.18434022190006,50.75883552487767
,,forest,,19.174144213892962,50.83353636765361
,,,wood,19.17552977908302,50.790547177989325
,,,wood,19.178171404952597,50.79308376798486
,,,wood,19.164441360730756,50.79142799792806
,,,wood,19.16657616450991,50.787912879096154
,,,wood,19.169270164958508,50.79096479695782
,,,wood,19.171474604651763,50.79024761729291
,,,grassland,19.174719973637803,50.790089741671494
,,,wood,19.17387439704416,50.78712113914606
,,,wood,19.168553657801613,50.785887902444095
,,,grassland,19.167476885054732,50.78631716456761
,,,wood,19.166533556548615,50.78595777934627
,,,wood,19.18433266678968,50.776235408146505
,,,wood,19.178786305191796,50.78282005764293
,,,wood,19.17883070401002,50.78481272110487
,,,wood,19.16624319205557,50.789123955844495
,,,grassland,19.1681687766417,50.79009662139462
,,,grassland,19.165267207055642,50.788748068623384
,,forest,,19.086553780411446,50.856998395783364
,,forest,,19.084704427564702,50.85725600971567
,,forest,,19.083655327350023,50.85647041915971
,,forest,,19.083082685935057,50.85604234638314
,,,wood,19.090542659554803,50.82745291459855
,,forest,,19.09251119992415,50.826627941984654
,,forest,,19.2281093498106,50.85408180521086
,,forest,,19.224540980900546,50.85077559573334
,,forest,,19.239707575231748,50.850364837199784
,,forest,,19.22626156342751,50.84997706336996
,,forest,,19.22537806464447,50.849611931113785
,,forest,,19.219597274776657,50.843381201758206
,,forest,,19.222035780290366,50.8458216469665
,,forest,,19.214370753648442,50.84271426719017
,,forest,,19.21422345536242,50.844614960107585
,,forest,,19.074198384906158,50.809712359050025
,,forest,,19.07553964137221,50.80943182338055
,,forest,,19.073476336089502,50.811685468956135
,,forest,,19.080880031736374,50.80777772740603
,,forest,,19.078918953631977,50.80872253891019
,,forest,,19.1537549888719,50.82705023062686
,,meadow,,19.153841690760583,50.83113553281992
,,forest,,19.151072594565147,50.830204630521614
,,forest,,19.15024103029188,50.83086309630156
,,forest,,19.149270988733527,50.82983671493777
,,forest,,19.147309153089925,50.828746487063
,,forest,,19.167142766212066,50.828931258508774
,,meadow,,19.168023654066033,50.82797641893282
,,meadow,,19.155010187636016,50.83312427556167
,,meadow,,19.154468223278794,50.8341412316744
,,forest,,19.154080448807562,50.83335833746923
,,,scrub,19.15851329899905,50.83170097679264
,garden,,,19.148492533869213,50.7857245174657
,garden,,,19.147949922413414,50.78582738637839
,garden,,,19.148100554204685,50.785944436116125
Rondo Praw Kobiet,garden,,,19.1100940315767,50.79772219209394
,garden,,,19.1094885878985,50.801841344390084
,garden,,,19.109446814055424,50.801716292365086
,garden,,,19.111426311751053,50.80276554870963
,,grass,,19.11138087950189,50.80268066153521
,,grass,,19.112237763865643,50.802789793032325
,,grass,,19.11232533402886,50.80278473107581
,,grass,,19.11219959231194,50.80256369291084
,,grass,,19.112131830281232,50.80260805269557
,,grass,,19.112001612927376,50.802711813022725
,,grass,,19.112051063484444,50.80259126677861
,,grass,,19.11180534100328,50.802623152607474
,,grass,,19.111898546935194,50.80266802833555
,,grass,,19.111849123333,50.802563183639776
,,grass,,19.11178115433239,50.80232645367129
,,grass,,19.13829676010591,50.84079116009464
,,grass,,19.136467889080386,50.84074406269868
,,grass,,19.133169099406118,50.84074408913264
,,grass,,19.10992289906565,50.80246724163023
,,grass,,19.109964527802322,50.802641951823766
,garden,,,19.109148243911722,50.803102095121865
,,grass,,19.109642335841713,50.80286885184992
,,grass,,19.109229029893473,50.802723123376495
,garden,,,19.10930465069195,50.80293078910967
,garden,,,19.1090730181741,50.80285259289349
,,grass,,19.107938416961645,50.803317353075386
,,grass,,19.108353638476967,50.80283417824961
,,grass,,19.10806029123332,50.80296902828816
,,grass,,19.107831068021248,50.80290209696306
,,grass,,19.10817682872865,50.80273422002299
,,grass,,19.107954053098418,50.80308089058768
,,grass,,19.108522463494822,50.80328741188061
,,grass,,19.108481283310578,50.80319903038641
,,grass,,19.108746146833308,50.80309252342626
,garden,,,19.108937340403546,50.80313098494464
,,grass,,19.108805335991626,50.802475345107375
,,grass,,19.108790588655083,50.80238744026361
,,grass,,19.108793877601297,50.80226860503452
,,grass,,19.108722207133212,50.80268700951725
,,grass,,19.10843152956178,50.80265710307741
,,grass,,19.108830240839087,50.802565623793114
,,,grassland,19.056629768327277,50.77951611235446
,,,wood,19.10721789632355,50.80084336684756
,,grass,,19.107196216179208,50.80053323853292
,,,wood,19.08788829633922,50.797219934906344
,,,grassland,19.086771956340176,50.79743972400044
,,,grassland,19.087633420430965,50.79680221617811
,,grass,,19.103099348968872,50.800601837713415
,garden,,,19.104636106308654,50.80012812464801
,garden,,,19.104660984964404,50.799942357178146
,,,grassland,19.103554798064334,50.80132641485172
,,grass,,19.105044251641978,50.79994221547421
,,grass,,19.104726127434876,50.80061507712609
,,grass,,19.10475807051093,50.80046515142191
,,grass,,19.105178906866175,50.80041206197812
,,grass,,19.10646322373137,50.8006821942815
,,grass,,19.105853632433828,50.79994605282772
,,grass,,19.106925938859245,50.800271190067264
,,grass,,19.105231288097766,50.801082043686684
,,grass,,19.105475035221172,50.80025303492522
,,grass,,19.103731181692282,50.800282500380774
Tomżyńska Magdalena. Pracownia projektów zieleni,garden,,,19.052330373897604,50.763329288710665
,,,wood,19.05197811330227,50.76778518771771
,,,grassland,19.084465568006575,50.79673093218644
,,,grassland,19.08551461798934,50.79744606025023
,,,grassland,19.085945746275872,50.79750678529408
,,,wood,19.086295473474557,50.79583331863753
,,,grassland,19.092999823995257,50.79755843190142
,,,wood,19.091356977547992,50.7973644086176
,,,grassland,19.079488744311902,50.798278059828775
,,grass,,19.111506981279845,50.80190296526402
,,grass,,19.11150422359175,50.802870182138015
,,grass,,19.111729431855956,50.80049666116018
,,grass,,19.111870258261604,50.800928394495664
,,grass,,19.111130825238526,50.799572712327546
,,grass,,19.110911748103454,50.7995895069337
,,grass,,19.111362527794665,50.79966585635885
,,grass,,19.111523326215945,50.80030622461504
,,grass,,19.111681169213732,50.8009395021432
,,grass,,19.111701596599666,50.801086958135805
Skwer Zbigniewa Dobosza,park,,,19.15598019199861,50.77749737582657
,,grass,,19.111084982738923,50.79949143501914
,,grass,,19.110963952201324,50.799531853313574
,,grass,,19.111984961315173,50.80067652456164
,,grass,,19.11238929435131,50.80050986865081
,,grass,,19.115932562391283,50.80045856552281
,garden,,,19.112308642157366,50.80070322096514
,,grass,,19.11155044158876,50.799507061884185
,,grass,,19.112029168605805,50.79884385255147
,,grass,,19.11193345917121,50.79970502907354
,,grass,,19.111669385987188,50.79962624317089
,,grass,,19.11260242975379,50.799422666015
,,grass,,19.11239435342472,50.79942511638837
,,grass,,19.11220018045056,50.799428108187165
,,grass,,19.112125975283302,50.799238135478774
,,grass,,19.11264101322108,50.79920897508787
,,grass,,19.112482126990653,50.79923860725889
,garden,,,19.11226381125414,50.799092454407315
,garden,,,19.111842500667898,50.79910254603307
,,grass,,19.112839852574808,50.799069115713365
,,grass,,19.112362199898648,50.799050638087195
,,grass,,19.112118055903967,50.800260353861745
,,grass,,19.111912986432987,50.80012561717099
,,grass,,19.11157411919536,50.799826026433415
,,,,19.201812429648594,50.88359834916906
,,,,19.20229072994387,50.8863292731667
,,grass,,19.110938900311464,50.79910507025647
,,grass,,19.110544467060976,50.79956057674931
,,grass,,19.111167308555977,50.79886629796808
,,grass,,19.11129025515376,50.79948727417922
,,grass,,19.1113530422417,50.7990519448551
,,grass,,19.11109153546803,50.79929945893088
,,grass,,19.11148684825016,50.79956827044709
,,grass,,19.11115940333676,50.79967786127825
,,grass,,19.111372886124137,50.80032602605502
,,grass,,19.114170675075307,50.80019241141795
,,grass,,19.0733015823702,50.794456707693854
,,grass,,19.073233858125015,50.79445854298605
,,forest,,19.072310439440137,50.79100662631251
,,grass,,19.080983762587216,50.79427017112117
,,grass,,19.07384478579423,50.790331180369414
,,,grassland,19.073185909957736,50.79382269120801
,,grass,,19.075561501682564,50.79414291517503
,,grass,,19.074802189180215,50.794126654895884
,,grass,,19.074238810141534,50.7941668230926
,,grass,,19.07385852572178,50.79419831277559
,,grass,,19.073664007407327,50.7942128986717
,,grass,,19.073481976618307,50.79423248868238
,,grass,,19.073227910635197,50.794257074825296
,,,grassland,19.07565220942893,50.7934808921913
,,meadow,,19.077034572601637,50.79250656907412
,,,wood,19.07690899038122,50.79295958641193
,,,wood,19.075557925630346,50.793114106177526
,,,grassland,19.07575575924563,50.79253412257597
,,grass,,19.10003711458722,50.8315266430741
,,forest,,19.09767771584377,50.83081406517324
,,forest,,19.097168960536216,50.830440752021836
,,meadow,,19.096694998710724,50.828910818250066
,,meadow,,19.095556133248238,50.82780934999269
,,grass,,19.09555047076805,50.82689559203966
,,forest,,19.09625395098975,50.82811396989478
,,,wood,19.094374954325808,50.827578354485524
,,forest,,19.095504720436196,50.82952973916301
,,,wood,19.094866916275897,50.82870816540848
,,forest,,19.093252510639843,50.827544196520115
,,grass,,19.083257441567675,50.79463199720811
,,grass,,19.082967535153436,50.794615806557886
,,grass,,19.082647901232768,50.79459642613563
,,grass,,19.08190710588465,50.79455205524264
,,grass,,19.082237833236317,50.79457169165228
,,grass,,19.08153256796882,50.79453017026791
,,grass,,19.08094845519748,50.79449612197806
,,grass,,19.08026434306738,50.794455611119346
,,grass,,19.07935592194935,50.79440370614016
,,grass,,19.079555038029245,50.79436954308308
,,grass,,19.080527953723397,50.793977687500686
,,grass,,19.080539106647176,50.793909978886425
,,grass,,19.08095586621858,50.79443000532095
,,grass,,19.078671223373014,50.79289681677061
,,meadow,,19.07871577271236,50.792453928320064
,,meadow,,19.078792178161894,50.79263851605577
,,meadow,,19.078578378911974,50.79238734297757
,,meadow,,19.080020746076723,50.792895096766586
,,,wood,19.07995031104715,50.79312064780503
,,meadow,,19.079526471205035,50.79428003658172
,,,wood,19.07921055065686,50.7937025582655
,,,wood,19.07889872855034,50.79311784863509
,,,grassland,19.08209075253687,50.79340794383946
,,meadow,,19.091423438313026,50.78109492454633
,,grass,,19.11353921907972,50.79843982364655
,,grass,,19.112982380883473,50.7985461491405
,,grass,,19.113356647284014,50.79850404210507
,,grass,,19.112686776770165,50.79819638203109
,,grass,,19.11251316503504,50.79826998570797
,,grass,,19.11251628935141,50.798148826665006
,,grass,,19.11246369567162,50.798222652656264
,,grass,,19.11209515771303,50.79803876620157
,,grass,,19.105901999443507,50.801394962127354
,,grass,,19.105805415312393,50.801579371897155
,,grass,,19.107247792946204,50.80190987166451
,,grass,,19.10633405112152,50.80205881929877
,,grass,,19.106137521123284,50.802029567233895
,,grass,,19.106126654853874,50.80183963982169
,,grass,,19.10604473232055,50.801671052650846
,,grass,,19.106762847645587,50.80198177401573
,,grass,,19.10697951438473,50.80190900414589
,,grass,,19.106532999998,50.80196863846109
,,grass,,19.10690775470581,50.80178685908752
,,grass,,19.10681457048874,50.801685077981276
,,grass,,19.10661580886189,50.80170911551334
,garden,,,19.1062646470374,50.80177792443747
,,grass,,19.106887669333954,50.80186005606837
,,grass,,19.10658094549988,50.80189354604995
,,grass,,19.10640449878585,50.801920219282025
,,grass,,19.10634992951488,50.80190107326318
,garden,,,19.10643988149932,50.801829025143164
,,grass,,19.106442931842462,50.80175032119755
,,grass,,19.106362169739743,50.80168674060522
,,grass,,19.10669603710934,50.80162383031854
,,grass,,19.10706446063738,50.801684186113036
,,grass,,19.10633739190393,50.80161366782312
,,grass,,19.106853736201213,50.80151179177848
,,grass,,19.107082741747384,50.80148252223029
,,grass,,19.10716085995967,50.801584091824886
,,grass,,19.10456879008575,50.802163075913356
,,grass,,19.104525013949534,50.80205953837401
,,grass,,19.10440696267138,50.80194419075103
,,grass,,19.104550345166636,50.801915985146245
,,grass,,19.10466268535935,50.80199913500425
,,grass,,19.105286428733617,50.8019353201255
,,grass,,19.105878003896315,50.801785386209815
,,grass,,19.105806285495515,50.801720938782374
,,grass,,19.104522936319782,50.80177664920607
,,grass,,19.113817839163495,50.799055595341734
,,grass,,19.113463631632506,50.798878170920325
,,grass,,19.113454098471674,50.79870862738317
,,grass,,19.112965455609846,50.79872764320216
,,grass,,19.113053603655537,50.79882023189156
,,grass,,19.112839326927123,50.79882022514061
,,grass,,19.115339108839358,50.799595588469096
,,grass,,19.115663831831885,50.79960312079635
,garden,,,19.11512984855574,50.79938180475685
,,grass,,19.115074619416294,50.79930473403341
,,grass,,19.11467211134493,50.799057648968464
,,grass,,19.11452737889919,50.79911469420869
,,grass,,19.11453418897111,50.79933904531497
,,grass,,19.114092248442212,50.79930069665572
,,grass,,19.114055619412273,50.799041867896484
,,grass,,19.11409652706732,50.7988317368411
,,grass,,19.102863052637208,50.80212654749248
,garden,,,19.104245818492327,50.80225585660244
,,grass,,19.104198247521687,50.801966520257146
,garden,,,19.102979525983375,50.80230664548802
,,grass,,19.102928233829683,50.8021803391683
,,grass,,19.10367391861565,50.80219217436783
,,grass,,19.102349495688994,50.80243319442605
,,grass,,19.10268389520383,50.802432476298634
,,grass,,19.102604509306975,50.802153809152664
,,grass,,19.11197252972316,50.799570631810965
,,grass,,19.112226238650358,50.79955754542016
,,grass,,19.112710386356486,50.79953554221893
,,grass,,19.112652138468412,50.79955485537017
,,grass,,19.11304403815233,50.79955866822931
,,grass,,19.11324881468533,50.79953897582822
,,grass,,19.113493841405088,50.79955526508771
,,grass,,19.114122828238866,50.799583866329954
,,grass,,19.114338569180035,50.799588149551056
,,grass,,19.114852631529182,50.79959977508013
,,grass,,19.11464467634234,50.799592099431834
,,grass,,19.11473652717941,50.79951454016427
,,grass,,19.11481462625555,50.799516889951796
,,grass,,19.115071340386883,50.79952309054678
,,grass,,19.11550731171099,50.799531514916964
,,grass,,19.11503867097121,50.79958227489488
,,grass,,19.115201604226428,50.7996276845398
,,grass,,19.101225389979582,50.80092826709279
,,grass,,19.122096381688173,50.79428823071648
,,grass,,19.125549023812027,50.79153297380499
,,grass,,19.139135149838257,50.85125046466733
,,grass,,19.107364044778723,50.800013993877016
,,grass,,19.107195441692095,50.800051477165226
,garden,,,19.110803506626294,50.80250001853927
,garden,,,19.11584211796995,50.80010370451238
,garden,,,19.11552642568798,50.799818030934595
,garden,,,19.11503393206425,50.799748524835934
,garden,,,19.11461039935073,50.79973059375126
,garden,,,19.114195110121205,50.799773087466185
,garden,,,19.113792029687612,50.79976408605378
,garden,,,19.113288667921257,50.79971030783819
,garden,,,19.112803393207756,50.79968657247459
,,grass,,19.113548756276145,50.79945574730531
,,grass,,19.113264285496818,50.79944522186817
,garden,,,19.11369070867834,50.79929054005495
,garden,,,19.113401980535432,50.79927859323521
,garden,,,19.1131128530264,50.79927178801573
,,grass,,19.114059272311824,50.80058276751361
,,grass,,19.11278680666298,50.800596301015986
,garden,,,19.112040914919003,50.80034621931757
,garden,,,19.112488239343254,50.79998877196213
,garden,,,19.112996852029827,50.79998503891119
,garden,,,19.113629941029497,50.79998940324982
,garden,,,19.11387375405532,50.79999467824947
,,grass,,19.11536840829675,50.80103287200358
,,grass,,19.11533693247015,50.800745316040434
,garden,,,19.115105331867806,50.80076693911723
,,grass,,19.115182430478175,50.80086918455976
,garden,,,19.115216352901175,50.800956026135566
,garden,,,19.114918816844472,50.800968423532105
,,grass,,19.114783115634793,50.800771673649606
,garden,,,19.114909578904744,50.80069475774786
,,grass,,19.11481435386288,50.800662398540034
,,grass,,19.114644389185177,50.80092958606122
,,grass,,19.114182368104228,50.80089365249126
,,grass,,19.113875112190975,50.80088958874364
,,grass,,19.113628687871923,50.80088612508082
,,grass,,19.113377242226445,50.800884471298176
,,grass,,19.113139744582174,50.80088398996768
,,grass,,19.11293856496521,50.80088406746759
,,grass,,19.11273858153059,50.80090979863504
,,grass,,19.11268629758939,50.800849117490195
,,grass,,19.112885635715067,50.800838796430774
,,grass,,19.113141902062782,50.80083935282256
,,grass,,19.113384733705008,50.80083559026781
,,grass,,19.113634301636466,50.80082828111307
,,grass,,19.113868229884808,50.800822138834725
,,grass,,19.114115631739693,50.800821964613796
,,grass,,19.1143734963885,50.80082192669295
,,grass,,19.114387571548544,50.800709468363664
,,grass,,19.113989474128967,50.800654426644265
,,grass,,19.113492563639298,50.80069458011494
,,grass,,19.113015167310305,50.800669031927285
,,grass,,19.1127983605285,50.80069945012806
,,grass,,19.106675921954167,50.80217716725175
,,grass,,19.107281827562094,50.80209148242479
,,grass,,19.10732972976573,50.80229410137575
,,grass,,19.10678656252545,50.80230484247917
,,grass,,19.10533528968829,50.802166968675984
,,grass,,19.105520087369555,50.80215245735698
,,grass,,19.105761302069574,50.802125179446925
,,grass,,19.105958698470015,50.80209176166756
,,grass,,19.1047614916718,50.80231157890957
,,grass,,19.105739171188926,50.80230908596113
,,grass,,19.1060020139142,50.802309430676715
,,grass,,19.105090720131674,50.802440021511266
,,grass,,19.104234633856308,50.8028446382529
,,grass,,19.10479275736437,50.802630806651194
,,grass,,19.10432860585927,50.802557152145894
,,grass,,19.10319551939427,50.802527176200584
,,grass,,19.103304848531156,50.80247948106599
,,grass,,19.103513434171365,50.80247616099277
,,grass,,19.10374497645933,50.80244976783234
,,grass,,19.103972457393326,50.80242349958851
,,grass,,19.103482182801997,50.80270511315483
,,grass,,19.10388309812345,50.802590950558624
,,grass,,19.103954297491562,50.80276633653512
,,grass,,19.104026215548732,50.802704753335895
,,grass,,19.1028351734699,50.80323613613482
,,grass,,19.102713456467797,50.80321118859608
,,grass,,19.102794415753717,50.802868893372256
,,grass,,19.103092358929267,50.80272031917099
,,grass,,19.1024939425537,50.80311528054904
,,grass,,19.102423498706287,50.80271822286463
,,grass,,19.1027596206302,50.80334007728299
,,grass,,19.104026942996402,50.80302782677355
,,grass,,19.10401634292969,50.803219283861296
,,grass,,19.1039516538465,50.803070741051386
,,grass,,19.103730297774597,50.8031964422849
,,grass,,19.103242569300175,50.80307879447006
,,grass,,19.103542034855995,50.80320270749617
,,grass,,19.102901701904095,50.8032027406751
,,grass,,19.103125240995013,50.80309266187574
,,grass,,19.103500673796713,50.80297049739
,,grass,,19.10372357520648,50.80288385697427
,,grass,,19.102509939077486,50.80199253174338
,,grass,,19.102992354043142,50.80198476918774
,,grass,,19.110914692753607,50.798199526690674
,,grass,,19.110040714422382,50.797958633593446
,,grass,,19.1100385322312,50.79806790495291
,,grass,,19.112917675303315,50.79814357801443
,,grass,,19.112755563109555,50.79808755828527
,,grass,,19.111822000453373,50.79790287410101
,,grass,,19.110621355840287,50.79777143727044
,,grass,,19.102506598682858,50.80193229739867
,,grass,,19.10336340347764,50.80185861631841
,,grass,,19.110492222539307,50.797882659220754
,,grass,,19.10884919251937,50.79793874773442
,,grass,,19.113090665728027,50.80322147092475
,,grass,,19.114252957275315,50.80356453305768
,,grass,,19.11424998180865,50.80336018197683
,,grass,,19.114047150201277,50.80376842512476
,,grass,,19.115734085126764,50.8036957811921
,,grass,,19.117086005643372,50.80374244065012
Promenada Olgi Aleksandry Sipowicz - Kory,park,,,19.115500797961925,50.80355840844544
,,grass,,19.13033495805911,50.843865290999375
,,grass,,19.12965013433469,50.84495261627796
,,grass,,19.132241260044605,50.845807808824965
,,grass,,19.135049090675153,50.8453865331007
,,grass,,19.136224336742558,50.84477520966794
Amfiteatr,,,,19.134361683520833,50.83404871855618
,,grass,,19.133909627698625,50.8461022417883
,garden,,,19.126721822397133,50.83383315381774
,garden,,,19.126687377294836,50.83393789093685
,garden,,,19.12631244109784,50.83385957416886
,garden,,,19.1286656455121,50.833986456807736
,garden,,,19.128394199930295,50.83398077103133
,garden,,,19.12813172460317,50.833961937806116
,,grass,,19.137627800804417,50.84415314360117
,garden,,,19.1143739679608,50.804542222836446
,garden,,,19.114366715208945,50.80444519242101
,,grass,,19.11440615556606,50.804230399522574
,,grass,,19.11441105568644,50.80408302259244
,,grass,,19.11418558658794,50.804557054225995
,,grass,,19.114127580154392,50.804031131438286
,garden,,,19.11415141214755,50.80403285756833
,garden,,,19.114492751333906,50.80394084420165
,garden,,,19.11470520890261,50.804019807987046
,garden,,,19.114827158119706,50.8040359934475
,,grass,,19.114257618028777,50.805246340961475
,,grass,,19.114131055301236,50.8048310427606
,,grass,,19.113992293304253,50.80412379245553
,,grass,,19.114740927782385,50.804586985277915
,,grass,,19.113171669547857,50.80333668783739
,,grass,,19.11194401122407,50.8027807758041
,,grass,,19.111678396506402,50.80265604749786
,,grass,,19.11168868910754,50.8018510145613
,,grass,,19.11187074703678,50.80108298202683
,,grass,,19.11224446091396,50.80103912025595
,,grass,,19.11226455641292,50.80116534485307
,,grass,,19.10953614625125,50.79738281001468
,,grass,,19.111441148894755,50.79703994870049
,,,wood,19.110259571105967,50.79735120356589
,,,wood,19.111250354625664,50.797288365023576
,,grass,,19.104981679444784,50.796421380805214
,,,wood,19.102473838489523,50.79683332636994
,,grass,,19.10038944418853,50.796607316054576
,,,grassland,19.0994483639651,50.79685547401323
,,,grassland,19.097878203424425,50.79703274045107
,,grass,,19.098815856989507,50.79665269160803
,,grass,,19.10380818095981,50.7967859379091
,,grass,,19.096980141126167,50.79724305272413
,,grass,,19.097428884608906,50.79666554579793
,,grass,,19.0969416500705,50.7970206804762
,,grass,,19.109565119020314,50.795879273456
,,,wood,19.108272934042688,50.79631214483725
,,,grassland,19.10885799603755,50.796638407668745
,,forest,,19.108792316485818,50.79656637808388
,,grass,,19.103201974060312,50.79737015986569
,,grass,,19.102754797961264,50.79750101052957
,,,grassland,19.10016841973611,50.79755355361244
,,grass,,19.107996698399724,50.79564699143546
,,grass,,19.10349355960946,50.797524611981665
,,grass,,19.103916368378766,50.79779552399522
,,grass,,19.101054892236657,50.798793685730494
,,,wood,19.097148325190354,50.79863681911077
,,,wood,19.096657595524437,50.798667895676104
,,forest,,19.105154420466704,50.79709614380076
,,grass,,19.10680827461699,50.79757385929531
,,grass,,19.106836235355757,50.797701869179505
,,grass,,19.09717377025616,50.79855885058648
,,grass,,19.096226984485135,50.79887121900387
,,grass,,19.097050252604227,50.79860436050073
,,grass,,19.108313649837836,50.795583441422785
,,grass,,19.10861727290746,50.795509517119946
,,grass,,19.10872425110793,50.795644700409184
,,grass,,19.108948164581,50.79560833853012
,,grass,,19.108409828143888,50.7953830689863
,,grass,,19.10772032238302,50.79544067275264
,park,,,19.10977013560519,50.795377376168695
,,grass,,19.136500713467854,50.84233585472102
,,grass,,19.132153858009687,50.84264323134651
,,,grassland,19.084114481568903,50.802036195908485
,,grass,,19.223673522422335,50.759899864779904
,,meadow,,19.231038231071746,50.82314671251886
,,grass,,19.106016873901332,50.79917880120889
,,grass,,19.106653386322563,50.798577192723
,,grass,,19.107512283741215,50.799078490968405
Spacerniak,park,,,19.119739512199683,50.82350260515189
,,,wood,19.119424379476246,50.823847559654354
Skwer przy PCK,park,,,19.1147747771403,50.831393381849914
,garden,,,19.11745027840624,50.80112241223727
,,grass,,19.117475901890266,50.800757744531396
,garden,,,19.117461828878962,50.800758524732345
,garden,,,19.117314436168694,50.80067983916867
,,grass,,19.117287726732425,50.80065822711791
,,grass,,19.118282074313512,50.800631625424714
,,grass,,19.11801565145112,50.80078318346182
,garden,,,19.11822547394434,50.800644191899465
,garden,,,19.117997476397473,50.80075371618878
,park,,,19.11786692282772,50.8003265709626
,garden,,,19.11222386720756,50.80278353844931
,garden,,,19.111687493098678,50.80300327235163
,garden,,,19.111698871450212,50.802935482761406
,garden,,,19.11180898869461,50.80349530079211
,garden,,,19.112487217161867,50.80310714963133
,garden,,,19.11189236427903,50.80289218632255
,,grass,,19.111862375601454,50.80286813041005
,garden,,,19.1119745514309,50.8037213527828
,garden,,,19.111780791614983,50.80345149521536
,,grass,,19.11211891444876,50.80305983205663
,,grass,,19.1118321067294,50.80334495898693
,,grass,,19.11193422075206,50.80307215500633
,,,wood,19.112156634133218,50.80323996025588
,,grass,,19.112825165280956,50.80364324889143
,,grass,,19.11456729448964,50.81407463540964
,,grass,,19.114576024890745,50.81430284108766
,,meadow,,19.229194042038486,50.87249894498098
,,forest,,19.237334066302733,50.87787783871577
,,forest,,19.236843313957014,50.87420975802756
,,forest,,19.233958782022807,50.87614232900265
,,forest,,19.23637529745937,50.87675607470506
,,meadow,,19.239936067310925,50.877084937962636
,,forest,,19.230232112335525,50.87467394958154
,,grass,,19.148273796145936,50.87606679575377
,,grass,,19.166450432940003,50.88468923926008
,,grass,,19.169287662512676,50.885686724835764
,,meadow,,19.180610394117757,50.8942171746867
,,forest,,19.172642537988217,50.88471234947688
,,,wetland,19.159269011211414,50.829976214931406
,garden,,,19.124240449999995,50.83384449999999
,garden,,,19.124478325051392,50.83381773516716
,garden,,,19.12430145,50.83384685
,garden,,,19.124430379805727,50.833751571748934
,garden,,,19.12442454140648,50.833780432805206
,garden,,,19.12446278096269,50.83379373012252
,garden,,,19.12445606850403,50.8338224959725
,garden,,,19.124420865693754,50.83383872871918
,garden,,,19.124684852065716,50.83380130020684
,,grass,,19.11400910924963,50.80108593708393
,,grass,,19.11333865885286,50.801021377920144
,,grass,,19.11320371850895,50.801514576165495
,,grass,,19.11263101259479,50.80132558286816
,,grass,,19.113395933955086,50.801325454677205
,,grass,,19.113229736411473,50.80132631680014
,,grass,,19.113061482062456,50.80132733952415
,,grass,,19.112823399520877,50.80131746594883
,,grass,,19.11378520954509,50.801337298184734
,,grass,,19.11388047404453,50.80122845819745
,,grass,,19.11399797330725,50.8011996595897
,,grass,,19.113716713805935,50.80120729104634
,,grass,,19.11274531418423,50.80117122395744
,,grass,,19.113258230570917,50.80106225811975
,,grass,,19.112327393619722,50.80166456009714
,,grass,,19.112403622074513,50.80152276430108
,,grass,,19.112401872103558,50.80141029849282
,,grass,,19.11248775621267,50.80164241530976
,,grass,,19.1124873,50.80152464999999
,,grass,,19.11248636804008,50.80140722894167
,,grass,,19.112507308191738,50.801288295661074
,,grass,,19.11240128513575,50.801298535374
,,grass,,19.134260537099006,50.84424290729655
,,grass,,19.134803397643925,50.84317719293287
,garden,,,19.132542892840917,50.84456908916212
,garden,,,19.131966402613624,50.843408149885505
,garden,,,19.131908385536775,50.84343357539497
,garden,,,19.136272654352503,50.843030216725815
,garden,,,19.136239222420063,50.84312178976989
Hałda,,,wood,19.075676603106928,50.7895766792856
Obszar Natura 2000 Przełom Warty koło Mstowa,nature_reserve,,,19.24333645421098,50.82678521771482
,,grass,,19.112363108105743,50.802348202529444
,,grass,,19.112275793815805,50.80212446393344
,,grass,,19.11227653252394,50.80198000173766
,,grass,,19.112458570264447,50.801958724688184
,,grass,,19.112964599981755,50.802192206558274
,,grass,,19.11310317140282,50.802033501007394
,,grass,,19.11292568057563,50.8018521597787
,,grass,,19.11332024433843,50.801858787843415
,,grass,,19.11354489933095,50.801808012315355
,,grass,,19.11340776058303,50.80173569164313
,,grass,,19.113210776479644,50.80173880869857
,,grass,,19.11304887969659,50.80173929466857
,,grass,,19.11287779210951,50.801739741459876
,,grass,,19.112699269153637,50.80173474061436
,,grass,,19.113887522284596,50.802116804823974
,,grass,,19.11369257522,50.802148578466756
,,grass,,19.113142820452033,50.802246279306715
,,grass,,19.114011014590783,50.80243172113733
,,grass,,19.11385163654216,50.80241957301598
,,grass,,19.11362659594286,50.80242888136837
,,grass,,19.113441399154684,50.80243384898903
,,grass,,19.113263166444177,50.802435019274576
,,grass,,19.11304828032303,50.802435953424755
,,grass,,19.112827529351822,50.802437354846
,,grass,,19.112611889780915,50.80243851955028
,,grass,,19.11238709550365,50.80253268921146
,garden,,,19.114022522576164,50.80377556355829
,garden,,,19.11201532008532,50.802707153622016
,garden,,,19.111812263250336,50.802633169428866
,,grass,,19.114082205426723,50.80305386034035
,,grass,,19.114058193226658,50.80298372616055
,,grass,,19.113916007119272,50.80296683810896
,,grass,,19.113465920322863,50.80285433903123
,,grass,,19.11375023992067,50.802780632304454
,,grass,,19.113399913765985,50.80261212604528
,,grass,,19.113979107362066,50.80133457269024
,,grass,,19.11399100703817,50.80156960141306
,,grass,,19.114002289680485,50.801807112865944
,,grass,,19.114027209690157,50.80204419056653
,,grass,,19.11388992109436,50.801940994073014
,,grass,,19.113907285217252,50.80180220199042
,,grass,,19.113782814049088,50.80160258707583
,,grass,,19.113678097812706,50.80187815364285
,,,wood,19.09106751970026,50.84611940394826
,,,wood,19.088436147863494,50.846009777026005
,,,wood,19.089933241037734,50.846784904683666
,,grass,,19.106216941445236,50.803101609302004
,,grass,,19.104344885656,50.80291185974534
,,grass,,19.10459276387898,50.802869814630704
,,grass,,19.104917677548755,50.8028005640992
,,grass,,19.105119280509516,50.80276534938268
,,grass,,19.105284633457284,50.80274018288072
,,grass,,19.1054488304112,50.802715017096446
,,grass,,19.10626823279284,50.80259258982096
,,grass,,19.10640096661866,50.80256832113218
,,grass,,19.107090983324106,50.802440328464606
,,grass,,19.107357725525784,50.80239693554416
,,grass,,19.106951132822765,50.80265784534274
,,grass,,19.107103802235184,50.80346488779753
,,grass,,19.1073281335989,50.8035238880731
,,grass,,19.107348200267293,50.80345573833365
,,grass,,19.107508254218732,50.803460618886035
,,grass,,19.107472752560323,50.803074977940625
,,grass,,19.107424794022315,50.802925274075704
,,grass,,19.10737399978552,50.8027731698654
,,grass,,19.10723783888666,50.803057217945835
,,grass,,19.107176519067337,50.80257319376515
,,grass,,19.10770127541199,50.803414991785495
,,grass,,19.10765933893901,50.8032558333002
,,grass,,19.107594857783162,50.803058496805676
,,grass,,19.107545625150003,50.80290768060067
,,grass,,19.107495122393846,50.802756813197604
,,grass,,19.107438130665738,50.802595671767854
,,grass,,19.104900105343656,50.80384389226623
,,grass,,19.105314570131966,50.80359085174369
,,grass,,19.10526687486494,50.80344171167011
,,grass,,19.105217630012724,50.803287638566495
,,grass,,19.105170011938284,50.80313840456254
,,grass,,19.104990635034028,50.80338674533464
,,grass,,19.104629402224596,50.80304225422607
,,grass,,19.104925277671736,50.80295856355636
,,grass,,19.10587279904723,50.80349633896179
,,grass,,19.10582459180575,50.8033474158284
,,grass,,19.105776685466346,50.80319597722772
,,grass,,19.105727909017016,50.803047081392606
,,grass,,19.10548361282657,50.80373095260784
,,grass,,19.10557224954363,50.80332846527229
,,grass,,19.105306958386887,50.80294837338429
,,grass,,19.105174737426815,50.80291075802923
,,grass,,19.105455591009207,50.80286538341364
,,grass,,19.10562527048274,50.8028543954427
,,grass,,19.106453841171636,50.80357221510299
,,grass,,19.10602673538954,50.803580480686094
,,grass,,19.105939696685212,50.80337220103042
,,grass,,19.10587529432231,50.80320587722047
,,grass,,19.10583662600352,50.80302127898457
,,grass,,19.1057946368853,50.802890209684506
,,grass,,19.10578816994962,50.80283452912208
,,grass,,19.1059344122339,50.80284686242454
,,grass,,19.10601095413029,50.80278997665745
,,grass,,19.106345845471008,50.80277489185447
,,grass,,19.106966501245438,50.80332143488536
,,grass,,19.106915951434537,50.80316509142035
,,grass,,19.106870403851897,50.803019287108704
,,grass,,19.10681671832445,50.802857685043826
,,grass,,19.10672439708816,50.803131394048854
,,grass,,19.106704538111853,50.80263501607903
,,grass,,19.115078874617403,50.80236680037013
,,grass,,19.11549023873217,50.801957331340105
,,grass,,19.114943297254875,50.80193013857718
,,grass,,19.115534499776857,50.80153722975503
,,grass,,19.115529969108387,50.801415947996055
,,grass,,19.115405951860915,50.801465729243716
,,grass,,19.114396833398864,50.80160229113027
,,grass,,19.114452118596923,50.80143712676071
,,grass,,19.114319541711044,50.80137312405502
,,grass,,19.115024651809346,50.80143209775196
,,grass,,19.115550030429784,50.801149220078095
,,grass,,19.11545362886332,50.80114337525615
,,grass,,19.115252226406735,50.801146351793335
,,grass,,19.114790824148315,50.80115414805197
,,grass,,19.1145874,50.80115680000001
,,grass,,19.11448133191369,50.80116102498038
,,grass,,19.114671058234705,50.80110462942403
,,grass,,19.114257874206658,50.801116820355965
,,,wood,19.117389770690536,50.85814736528498
,,grass,,19.115693401757053,50.80243192703659
,,grass,,19.115681374483703,50.80201674426853
,,grass,,19.115666636208452,50.80167109378342
,,grass,,19.11566302537148,50.801534620553376
,,grass,,19.115658255638415,50.8013897954241
,,grass,,19.11679503069662,50.80142506790487
,,grass,,19.115805349312385,50.80165406539744
,garden,,,19.116772543587828,50.80135152818571
,garden,,,19.11673658323805,50.801202230184664
,garden,,,19.116208330836702,50.80120444387479
,,grass,,19.116152330053296,50.80117672234787
,,grass,,19.114016234598004,50.805358705921556
,,grass,,19.11407996752878,50.80536031183995
,,grass,,19.114139110436636,50.80535555050678
,,grass,,19.114315190724145,50.805333930337206
,,grass,,19.114201895189527,50.80527618655794
,garden,,,19.114063435860636,50.805259999453696
,garden,,,19.11393777167928,50.80517007045325
,garden,,,19.113957550108278,50.80460593051788
,,grass,,19.113197776479335,50.80423699462425
,garden,,,19.113830476806104,50.804139379758865
,garden,,,19.114190050073766,50.80439456540344
,garden,,,19.114167393378665,50.80429648237427
,,grass,,19.115326178981046,50.803212636241135
,,grass,,19.115092719371873,50.80313517486306
,,grass,,19.114900496377512,50.803130609592166
,,grass,,19.114668284978247,50.803097341017434
,,grass,,19.114427588482062,50.80307975474552
,,grass,,19.115218074000175,50.80278161162155
,,grass,,19.115308411968492,50.802970561330454
,,grass,,19.11546604314139,50.80325664925743
,,grass,,19.115582654268376,50.80314650605993
,,grass,,19.115650649163847,50.80297222945382
,,grass,,19.11547701220696,50.80274737854492
,,grass,,19.11535723425192,50.802638583560224
,,grass,,19.115097079790473,50.802733249448885
,,grass,,19.115063093789875,50.80280029045019
,,grass,,19.115100865155604,50.802890359771595
,,grass,,19.11476729270624,50.802937384662805
,,grass,,19.11461880295757,50.802796812999254
,,grass,,19.114837052874286,50.80276957062903
,,grass,,19.11482712640052,50.80267802314829
,,grass,,19.114610916877844,50.80271161049358
,,grass,,19.114506665289902,50.802835199646516
,,grass,,19.1143117031759,50.80280772391154
,,grass,,19.11445492919641,50.802604342822455
,garden,,,19.102838383718947,50.80410683268541
,garden,,,19.10281828422858,50.803794371328614
,,grass,,19.103203481347478,50.803696537307886
,garden,,,19.102657798123342,50.803578935587346
,,grass,,19.10342339698584,50.80357123718841
,,grass,,19.104489598128147,50.80382889867456
,,grass,,19.10429945244746,50.803755551752324
,,grass,,19.104186877814477,50.803873087774924
,,grass,,19.104048204317078,50.80392024719864
,,grass,,19.103831914290943,50.80396527658665
,,grass,,19.104189081548917,50.8039797111482
,,grass,,19.103875490607884,50.80401395028783
,,grass,,19.104272797420045,50.80369880617998
,,grass,,19.103993283732873,50.803553920589245
,,grass,,19.10475969909136,50.80367963597667
,,grass,,19.10471043191985,50.80353002405592
,,grass,,19.104661088920423,50.80337865872832
,,grass,,19.104612274155077,50.80322723517782
,,grass,,19.103568582430785,50.80339356782337
,,grass,,19.104318266927052,50.80345808883939
,,grass,,19.108430289257434,50.80079064797427
,,grass,,19.103311436501933,50.80019562442396
,,grass,,19.104306098940175,50.79993859330471
,,grass,,19.103737743992994,50.80006788081901
,,grass,,19.104396508987527,50.79963956984759
,,grass,,19.104800743690696,50.79950541410093
,,grass,,19.105392659589562,50.79913210651357
,,grass,,19.10545802919507,50.79918059675289
,,grass,,19.105899709519875,50.798883150246525
,,grass,,19.105804791190284,50.79900539864738
,,grass,,19.105990903726422,50.79891227494488
,,grass,,19.10235120056949,50.80149089453114
,,grass,,19.10262737125759,50.80067483510355
,garden,,,19.11079584125925,50.799908628849074
,,grass,,19.10943263130396,50.800184957396695
,,grass,,19.111290808614523,50.804638212251255
,,grass,,19.11161650167499,50.80476383891661
,,grass,,19.111380010799845,50.80493777178202
,,grass,,19.110999131811017,50.80495521273475
,,grass,,19.1110804970942,50.80481908866038
,,grass,,19.11686628779438,50.80263882743453
,,grass,,19.11635900778188,50.80262437614578
,,grass,,19.116248061790234,50.80259197129488
,,grass,,19.1161309571192,50.80258100550272
,,grass,,19.11612004380903,50.80260106877738
,,grass,,19.115918188312666,50.80258993569312
,garden,,,19.116051834038903,50.802476783668126
,garden,,,19.116056138516825,50.802360459614505
,garden,,,19.116339697066763,50.80235376393048
,,grass,,19.116670905502172,50.802403274328704
,,grass,,19.116807868850145,50.80239478858873
,,grass,,19.117256500066592,50.80228455519649
,,grass,,19.117095299856018,50.80182227916295
,,grass,,19.112009769016705,50.80095794980546
,garden,,,19.06152380301245,50.76068697835085
,,grass,,19.11215916320018,50.80091649321614
,,grass,,19.116577047120977,50.80307587997953
,,grass,,19.117446094196996,50.80333255170967
,,grass,,19.1173946386891,50.80305767398605
,,grass,,19.117301427488016,50.80320589596015
,,grass,,19.117204454603044,50.80289857179878
,,grass,,19.117288368048477,50.802753752517646
,garden,,,19.11691454050204,50.802797892052695
,garden,,,19.117145777291174,50.802795011096464
,garden,,,19.116753537892027,50.80279399460011
,,grass,,19.116201248318266,50.80267137688656
,,grass,,19.116876846052623,50.80293026895232
,,grass,,19.11664741859678,50.802831847091156
,,grass,,19.11692525420688,50.80306190546052
,,grass,,19.11694034485833,50.80342872159508
,,grass,,19.11597225139261,50.80315774932214
,,grass,,19.116277758581383,50.80340008666566
,,grass,,19.116468533022918,50.80340342986989
,,grass,,19.11666222615866,50.80342746172481
,,grass,,19.116470429794113,50.80326848020065
,,grass,,19.116157397439636,50.80312825885516
,,grass,,19.116158633430874,50.80300413566545
,,grass,,19.116154296485483,50.80292510120548
,,grass,,19.116181178653996,50.80289206000357
,,grass,,19.116327463988792,50.802900303336216
,,grass,,19.1162762879868,50.802774458026114
,,grass,,19.118227755676465,50.801066233243766
,,grass,,19.11810807726389,50.801004381438126
,,grass,,19.118579713187483,50.800619528432605
,,grass,,19.116777987651513,50.80115640145679
,,grass,,19.11776470075103,50.80142568956216
,,grass,,19.118456754452254,50.80535489751879
,,grass,,19.117804380175215,50.8054473935777
,,grass,,19.118738099837387,50.80539283502579
,,grass,,19.118746860631177,50.8055523282788
,garden,,,19.118554081009382,50.80574279483548
,garden,,,19.118563131126333,50.805691894596734
,,grass,,19.112369883375532,50.80560149905618
,,grass,,19.11258653733595,50.805622124657816
,,grass,,19.113996389183754,50.805461837965304
,,grass,,19.114554618241474,50.80545603216518
,,grass,,19.11780077205474,50.80562319077444
,,grass,,19.118956428841393,50.805243802096
,,grass,,19.11909870812646,50.80513381872538
,,grass,,19.11252025879074,50.805409016209815
,,grass,,19.113177254317268,50.805446656846165
,,grass,,19.113675131753624,50.805260036147494
,,grass,,19.113692687182837,50.80535016534849
,garden,,,19.104083273139175,50.80572162537645
,garden,,,19.10399855319793,50.80571781864982
,,grass,,19.103655367674985,50.80540939740907
,,grass,,19.10297300146883,50.805188776755834
,,grass,,19.104676868699485,50.80444449943675
,,grass,,19.10451682075748,50.80514381510392
,,grass,,19.104301643981785,50.80531832407452
,,grass,,19.104108829435233,50.80409910630234
,,grass,,19.104484811896754,50.80407310736237
,,grass,,19.104289637229556,50.804201994372704
,,grass,,19.104283573000473,50.80448712632055
,,grass,,19.104103466305002,50.80424860658419
,,grass,,19.104101886792648,50.80450117618291
,,grass,,19.104101155280535,50.80475652493823
,,grass,,19.104108834653356,50.80492347503981
,,grass,,19.10410795,50.804975
,,grass,,19.10410685,50.80505055
,,grass,,19.104106086368652,50.80512182497515
,,grass,,19.104294474851685,50.80470124813418
,,grass,,19.104241689418167,50.804787719886924
,,grass,,19.104317299612966,50.80484120654945
,,grass,,19.104231359721442,50.80492425804568
,,grass,,19.10430452110896,50.805011073573894
,,grass,,19.104257837437046,50.80510391690863
,,grass,,19.103585589207555,50.805280935766845
,,grass,,19.103602149657164,50.80519234110914
,,grass,,19.10317867297006,50.80517513906445
,,grass,,19.10353140348879,50.80509007022442
,,grass,,19.103693844919906,50.80498711620774
,,grass,,19.103235340741975,50.804849725604605
,,grass,,19.103385345627178,50.804771792585626
,,grass,,19.103747052233057,50.804775748822166
,,grass,,19.103352506041986,50.804623128766
,,grass,,19.103106052494052,50.80440074287168
,,grass,,19.10375587215775,50.804395190747414
,,grass,,19.103483069751803,50.80436553769675
,,grass,,19.10305804461814,50.80426512696479
,,grass,,19.10386116661506,50.80503899012657
,,grass,,19.10386155492744,50.80477722494095
,,grass,,19.10386119551337,50.80438612365546
,,grass,,19.10295933515597,50.80463095643799
,,grass,,19.10647061909346,50.804221159772844
,,grass,,19.10633808559858,50.804209515246754
,,grass,,19.105774613923746,50.80497324316665
,,grass,,19.10569742145484,50.8047406950078
,,grass,,19.105820579735248,50.80489508692124
,,grass,,19.10593963926701,50.80501130892216
,,grass,,19.10645880902022,50.80396693401513
,,grass,,19.106369108647232,50.804084200589166
,,grass,,19.10615583193236,50.804091413321785
,,grass,,19.106142456915197,50.80404052823919
,,grass,,19.106039422795103,50.80400552770283
,,grass,,19.105952445958316,50.80406887775102
,,grass,,19.105849897576853,50.80405374443688
,,grass,,19.105683362986365,50.804103274003054
,,grass,,19.105507474684675,50.804125105930574
,,grass,,19.10533266450539,50.80414724043954
,,grass,,19.105155653587712,50.80417022917904
,,grass,,19.105572658301767,50.8039616879401
,,grass,,19.106008705946817,50.80494486768135
,,grass,,19.106176713192145,50.80496797588197
,,grass,,19.106036229516494,50.80487157834368
,,grass,,19.106175268326886,50.80481100052685
,,grass,,19.106124919461873,50.804548593380574
,,grass,,19.10595316581738,50.80457953661098
,,grass,,19.106084347888793,50.804272269761235
,,grass,,19.10565637220413,50.804431783649584
,,grass,,19.105646708331157,50.8042776033074
,,grass,,19.10576896438604,50.804249112718566
,,grass,,19.105203532574052,50.80431094076974
,,grass,,19.107837730808793,50.80514699771585
,,grass,,19.107847612016837,50.80493472789173
,,grass,,19.10736890808425,50.804417423000864
,,grass,,19.107327806820173,50.804520058032566
,,grass,,19.10672216952386,50.804200615841516
,,grass,,19.106617365313515,50.80418488752556
,,grass,,19.106738725656093,50.80435670367516
,,grass,,19.10660951716026,50.8048168710277
,,grass,,19.106585767302672,50.80462111142285
,,grass,,19.106567976295935,50.804399622989806
,,grass,,19.106567298366155,50.80431305996537
,,grass,,19.106552079662958,50.8042706947548
,,grass,,19.106545712292487,50.805008408596315
,,grass,,19.10641315105258,50.804952334448814
,,grass,,19.106377267510513,50.804827018727295
,,grass,,19.106360195843678,50.8047054233565
,,grass,,19.106346983164496,50.80455930922084
,,grass,,19.106331176693374,50.80441319620062
,,grass,,19.106321489410846,50.804295345139955
,,grass,,19.106700071632826,50.80519749537295
,,grass,,19.106442007135126,50.80511463195247
,,grass,,19.106207205013565,50.80510326718238
,,grass,,19.10597202158437,50.80509290144574
,,grass,,19.10575222159401,50.80512849460419
,,grass,,19.10554395538013,50.8051178246142
,,grass,,19.105311837782477,50.80506858315418
,,grass,,19.105079264625285,50.805058672230174
,,grass,,19.10484726235856,50.805047841662265
,,grass,,19.105218095755546,50.80488944028501
,garden,,,19.10525915979215,50.80473041796225
,garden,,,19.105079418563946,50.80473982161477
,,grass,,19.10547154560217,50.804665582022416
,,grass,,19.10523586161886,50.8046717945121
,,grass,,19.10546510265189,50.80452049996014
,,grass,,19.10522022908322,50.80453820915377
,,grass,,19.105083649999997,50.8046848
,,grass,,19.104883515107097,50.804623179780684
,,grass,,19.105065975585703,50.80453795206055
,,grass,,19.1052252919963,50.80447301729656
,,grass,,19.10505486765691,50.804480613463106
,,grass,,19.10793607224528,50.80413348588119
,,grass,,19.106963750000002,50.8042312
,,grass,,19.107195854103715,50.80419982305627
,,grass,,19.10742132863922,50.80416992819997
,,grass,,19.107631594636292,50.80407852718549
,,grass,,19.107351599013604,50.804046005480856
,,grass,,19.107151173668253,50.8040724242172
,,grass,,19.106930745483005,50.8041019369856
,,grass,,19.107712091632123,50.80403327203949
,,grass,,19.107723345785473,50.80392150124779
,,grass,,19.10768841795715,50.803810097302296
,,grass,,19.107527570528497,50.803759273244125
,,grass,,19.10731041661681,50.803819804141966
,,grass,,19.107075706181508,50.80385102970716
,,grass,,19.106850717279343,50.80388068899171
,,grass,,19.10774726078211,50.8036093521801
,,grass,,19.107756559566514,50.80355459302201
,,grass,,19.107603843199453,50.803586280276846
,,grass,,19.107095111015646,50.80367880530498
,,grass,,19.107505261581945,50.80387997979674
,,grass,,19.107366887154576,50.8038743573764
,,grass,,19.10721772210051,50.803945259669355
,,grass,,19.10678424203012,50.803992431245234
,,grass,,19.11719767425427,50.8010392316097
,,grass,,19.11693853228799,50.801108354793485
,,grass,,19.117061926921473,50.80084793723519
,,grass,,19.116938518675614,50.8009524699844
,,grass,,19.116918042269038,50.800783605567425
,,grass,,19.116651185918744,50.80098007433181
,,grass,,19.116767424593803,50.8010390683345
,,grass,,19.11609943929224,50.8010692832958
,,grass,,19.116317239874896,50.80081889410599
,,grass,,19.11661530350202,50.800744620608384
,,grass,,19.116037022389047,50.800723124163156
,,grass,,19.116057520821634,50.800802628802735
,,grass,,19.11612632788895,50.801023803194866
,,grass,,19.11587000655346,50.801006139541016
,,grass,,19.115537558347796,50.800888195145674
,garden,,,19.116291324290565,50.80103134674557
,garden,,,19.10829674283996,50.80489140103759
,,meadow,,19.049184565619935,50.8263981923266
,,meadow,,19.04884292668926,50.825110621071744
,,meadow,,19.049435466693552,50.82457811709595
,,forest,,19.050575435998454,50.824510119012
,,grass,,19.11130352167347,50.803816978290314
,,grass,,19.111178575724463,50.803871452559335
,garden,,,19.111043850383396,50.80340303064048
,,grass,,19.110188639341352,50.80365011450226
,garden,,,19.110618624070167,50.803003697438534
,,grass,,19.111133657962455,50.80292461837892
,,grass,,19.110907616176675,50.802940353061615
,,grass,,19.110668162299504,50.8032395909883
,,grass,,19.109552579861973,50.804275451007065
,,grass,,19.10946185625594,50.804242794554774
,,grass,,19.1093093,50.8042819
,,grass,,19.109475042720998,50.804154298461015
,,grass,,19.108597930728823,50.80411340165425
,,grass,,19.108595137049935,50.803591673111036
,,grass,,19.108116284168503,50.803706809327785
,garden,,,19.108051720433323,50.80350138193949
,garden,,,19.10821006095884,50.80347312725669
,,grass,,19.108236999622434,50.803539760109366
,,grass,,19.108511303567003,50.803485296827766
,,grass,,19.10858387210829,50.80353517896367
,,grass,,19.10872869041477,50.80355446107001
,,grass,,19.108703998220214,50.80345217970315
,,grass,,19.10886998726933,50.803429109027036
,,grass,,19.109079085633596,50.803388054070346
,,grass,,19.109270080690273,50.80335526369197
,,grass,,19.109636021453525,50.803380861162616
,,grass,,19.109593328079402,50.80343030962875
,,grass,,19.109502953969145,50.80340357638538
,,grass,,19.109549479135605,50.803351668837614
,,grass,,19.10952574555474,50.80329880027237
,,grass,,19.109818172983648,50.80324626000103
,,grass,,19.11001796393862,50.80320278716101
,,grass,,19.05012951214222,50.82746110037824
,,grass,,19.0497217866013,50.828994814419744
,,grass,,19.049995173413127,50.8290623640446
,,grass,,19.050539379657632,50.8272745897594
,,grass,,19.050310999856844,50.82769604063847
,,grass,,19.05027468752589,50.82814350908968
,,grass,,19.108089100000004,50.80325845
,,grass,,19.110896132688055,50.80385416298439
,,grass,,19.110827469522203,50.80394113241542
,,grass,,19.110550691130733,50.8040818592754
,,grass,,19.110332818227825,50.80409502623764
,,grass,,19.110428484624002,50.80390627882105
,,grass,,19.109903021557148,50.80395265398197
,,grass,,19.109869835925945,50.80374612912155
Las Aniołowski,,forest,,19.144178293650253,50.840502497540484
,,forest,,19.209470140733476,50.83421095558469
,,,,19.227088490771415,50.78386167210373
Park 3 Maja,park,,,19.10153045378956,50.81337915991918
Park imienia Stanisława Staszica,park,,,19.101976996414884,50.811280939187334
,,,wood,19.0958690563543,50.813480279981874
,park,,,19.113203657098644,50.8129168438094
,,forest,,19.082176872831422,50.84217239332986
,,forest,,19.08022884480232,50.8632727205243
,,,wood,19.089304218536153,50.82554877797616
,,forest,,19.137878255456897,50.87258316035775
,,forest,,19.07749897369504,50.846097769636756
,,forest,,19.05818284165349,50.85451154573823
,,forest,,19.074939373864176,50.80729109633035
,,forest,,19.065211771301485,50.85883350242012
,,forest,,19.14619154889004,50.86977431530321
,,forest,,19.087266398764335,50.82985306684726
,,forest,,19.13657716557231,50.871747453382305
,,forest,,19.089681530534115,50.85224396594841
,,forest,,19.062974027639285,50.876082529763465
,,forest,,19.0638991352961,50.87163894872645
,,forest,,19.083681939823546,50.84298115807259
,,forest,,19.054185566017033,50.84584731458281
,,forest,,19.073187596390913,50.84449847068322
,,forest,,19.08440871342296,50.853907638465195
,,forest,,19.07809462877132,50.87077512638418
,,forest,,19.074699752971497,50.840376676702064
Park Lisieniecki,park,,,19.07527550100744,50.809632796406916
Czarny Las - Kontrewers,,forest,,19.09920797429755,50.904431762837746
,,forest,,19.178073725240523,50.89589476448499
,,forest,,19.10356545597904,50.891722962245154
,,forest,,19.110665478179577,50.895391173792255
,,forest,,19.159066484284512,50.89950870754442
,,forest,,19.057612518986076,50.898798510714435
,,forest,,19.208635623487538,50.89151012357716
,,forest,,19.109993242845803,50.90428288628198
,,forest,,19.06577661607295,50.90018633841437
,,forest,,19.166649177942645,50.81318506037556
,,forest,,19.196684720480842,50.79328176664527
,,forest,,19.243056664883852,50.83067094088121
,,forest,,19.192763279682477,50.77437581183116
,,forest,,19.170303999765164,50.82024488669543
,,forest,,19.052011057274868,50.776112535040916
,,forest,,19.09572950739904,50.750226938854354
,,forest,,19.094925835636513,50.75168119767934
,,forest,,19.18591492079904,50.828927790626146
,,forest,,19.181379515613813,50.83146894696283
,,forest,,19.167709583209184,50.79540131590365
,,forest,,19.16474199887752,50.78760165029028
,,forest,,19.148413787672848,50.75640593362553
,,forest,,19.16488982111932,50.80844527579152
,,forest,,19.167229067893043,50.82001584612588
,,forest,,19.148155498123778,50.82443309860972
,,forest,,19.23546725232618,50.7732391174254
,,forest,,19.06695308022753,50.7696556842668
,,forest,,19.248260703290992,50.84232604118278
,,forest,,19.072050231208202,50.74916208125343
,,forest,,19.109817001174868,50.78245614224226
,,forest,,19.127223707474545,50.76802076278364
,,forest,,19.15856373517088,50.826942922739725
Hałda Kamil,,forest,,19.063845794504907,50.770114676190076
,,forest,,19.16998718498346,50.79233601293629
,,forest,,19.248617099196984,50.80457542877582
,,forest,,19.17034586598672,50.82310180411956
,,,,19.07139064033419,50.78794777431898
,,forest,,19.217602884143286,50.81724959506574
,,forest,,19.176775347276237,50.830842038467615
,,forest,,19.16088489342389,50.790663013554976
,,forest,,19.233399690040162,50.852478706820094
,,forest,,19.25205912920522,50.77331329590239
,,forest,,19.229815724184608,50.85211376366496
,,forest,,19.18028237395765,50.78435061260543
,,forest,,19.254589005681282,50.75333717320836
,,forest,,19.233216210981325,50.850015830921144
,,forest,,19.18234170470956,50.783426555972476
,,forest,,19.245154586293665,50.82284169570469
,,forest,,19.21319899399851,50.811674604319435
,,forest,,19.23286023132,50.82934034005715
,,forest,,19.18330832429105,50.78410273353189
,,forest,,19.238305486312456,50.816227701031494
,,forest,,19.163290423169016,50.80639676344505
,,forest,,19.18382833240827,50.78277601039472
,,forest,,19.166525404936444,50.82838394591064
,,forest,,19.243917354526523,50.813268959143294
,,grass,,19.098171841457614,50.81179601190198
,,grass,,19.09820704214755,50.81187274256525
skwer Junaków,park,,,19.15346722684949,50.787617614116755
,,grass,,19.106203916011673,50.81178393198567
,,grass,,19.104917393138063,50.81139457429646
,,grass,,19.104686895390753,50.81167591200744
,,grass,,19.10706905060283,50.811615814666666
,,grass,,19.10586483365439,50.811768896593385
,,grass,,19.107120366666667,50.8112902
,,grass,,19.10721871100002,50.811312088982
,,grass,,19.107226486575644,50.81173115173957
,,grass,,19.10432209910035,50.81158928574403
,,grass,,19.105933101359675,50.811418521610854
Park Miejski im. Gabriela Narutowicza,park,,,19.13590612811877,50.81461933317002
,,grass,,19.13448746087666,50.81526315141053
,,grass,,19.105035943140265,50.81285003797125
,,grass,,19.105081710518167,50.81386191698953
Rondo Mieczysławy Biegańskiej,,grass,,19.143486382978853,50.821341313559216
,,grass,,19.142069606586833,50.82285832336175
,,grass,,19.143080834026367,50.82163432964263
,,grass,,19.142598015172386,50.82229993072175
,,grass,,19.14181430885688,50.82272788206037
,,grass,,19.142257028808356,50.82256921359015
,,grass,,19.14198923507012,50.82311650794789
,,grass,,19.142897231608334,50.822013681823606
,,grass,,19.142568084373583,50.82210956917626
,,grass,,19.098424040239372,50.81102375596888
,,grass,,19.099049305463527,50.81205176409072
,,grass,,19.09788577555498,50.81079554460261
,,grass,,19.099051508194098,50.81275796979013
,,grass,,19.09928343536518,50.8115689578949
,,grass,,19.0994719630291,50.81318758088645
,,grass,,19.097869915535508,50.81149135098003
,,grass,,19.097612951244706,50.81075075453046
,,grass,,19.098846128270534,50.81085976544484
,,grass,,19.099912188592395,50.81171199532464
,,grass,,19.105740660290767,50.81363089640389
Skwer Sokołów,park,,,19.103674692123565,50.8046379379277
Skwer Solidarności,park,,,19.112999777496718,50.80944376412218
,,grass,,19.11776647492378,50.8012357387563
,,grass,,19.117456929108247,50.80112720288335
Rondo Adama Mickiewicza,,grass,,19.11774699016659,50.80097041212966
,,grass,,19.116513153315257,50.8137655609628
,,grass,,19.117579400000004,50.81405436666666
,,grass,,19.11801318061822,50.81427105653097
,,grass,,19.117977203776633,50.81458870107925
,,grass,,19.11673625574129,50.81405766433384
,,grass,,19.117817930565927,50.81402363163461
,,grass,,19.11643781404494,50.814047082960265
,,grass,,19.116793978957805,50.81382714132191
,,grass,,19.11738272875437,50.81400360653785
,,grass,,19.104558583808934,50.81254233183324
,,grass,,19.104310061169095,50.812599749883034
,,grass,,19.106045647179304,50.81319976406849
,,grass,,19.106591005147667,50.81301143563096
,,grass,,19.10617275,50.81255205
,,grass,,19.10614507475046,50.81244662546271
,,grass,,19.105853449999998,50.812455650000004
,,grass,,19.105132626676625,50.812468552051044
,,grass,,19.105846028573378,50.81256262740171
,,grass,,19.143928656798554,50.7791623409434
,,grass,,19.096011909830914,50.81424642390339
,,grass,,19.097578694381443,50.81624958380079
,,grass,,19.095138449573007,50.81634087145766
,,grass,,19.096924337737793,50.81636914788362
,,grass,,19.097897116398293,50.81538773267061
,,grass,,19.097507183161383,50.81638063523961
,,grass,,19.097639282869604,50.81607633889938
,,grass,,19.097413362809842,50.811202490570494
,,grass,,19.097388034309812,50.81100605846875
,,grass,,19.097253407057092,50.81121617052023
,,grass,,19.12922026874251,50.80687839802296
,,grass,,19.14149436247903,50.82213513290473
,,grass,,19.1397193987433,50.819881432129584
,,grass,,19.14282265130455,50.82149240922386
,,grass,,19.139963682181392,50.81994145584822
,,grass,,19.097223730996884,50.81169789116644
,,,wood,19.095754024666835,50.81162581181299
,,,,19.244508314334023,50.711464113351695
,,grass,,19.15860538284806,50.77562749211905
,,grass,,19.103682327420152,50.80838778558033
,,grass,,19.103467432024694,50.8081534083847
Skwer Druha Zygmunta Łęskiego,,grass,,19.10332998928987,50.80826598131752
,,forest,,19.077208783836774,50.806701611564826
,,forest,,19.123724882214937,50.79630588726355
,park,,,19.12711420400101,50.833765754933914
,park,,,19.13600610643062,50.83732421166599
Skwer Kaliny Jędrusik,park,,,19.12147763059318,50.82687913186903
,,forest,,19.071394025115776,50.78795369536558
,,residential,,19.071269734050855,50.78773627123664
Hałda Sylwia,,forest,,19.058023919154127,50.76940129827646
,,forest,,19.09490766012957,50.77018608984239
,,forest,,19.080714315816767,50.75579430678251
,park,,,19.11271194305995,50.80828918427046
,,forest,,19.0693099865928,50.835604408097254
,,forest,,19.0780615816911,50.85498168639683
,,forest,,19.081194314154097,50.85403715357148
,,forest,,19.080555001161894,50.85318182627365
,,forest,,19.074494515785833,50.85420735056344
,,grass,,19.114155785857413,50.806773416560425
,park,,,19.112771671517994,50.80612163168518
,,grass,,19.113239603765326,50.805713722823356
,,grass,,19.11494247294608,50.81206140198403
,,grass,,19.1160715981231,50.81192770803275
,,grass,,19.11677994732903,50.81191414077489
,,grass,,19.117638019585286,50.81189522597298
,,grass,,19.117644067758714,50.81200435360068
,,grass,,19.116787077171768,50.812023553455965
,,grass,,19.119753026100014,50.811957707951045
,,grass,,19.119745605834233,50.81185462736985
,,grass,,19.121344509226795,50.811922086556194
,,grass,,19.118496599999997,50.81198465
,,grass,,19.118487769933846,50.81188052575853
,,grass,,19.12134272585289,50.81182257540962
,,grass,,19.114382349742122,50.812073302184615
,,grass,,19.11437418541732,50.81196440361786
,,grass,,19.116076184068174,50.812037800862775
,,grass,,19.114939262755794,50.81195155671668
,,grass,,19.115510849439794,50.81193964518304
,,grass,,19.115517554901572,50.812049145576914
,,grass,,19.163751968100748,50.8182650846434
,,grass,,19.16398720914788,50.82012361441437
,,grass,,19.16419983670585,50.818348903184656
,,grass,,19.16608060115218,50.81776427538843
,,grass,,19.162044905232683,50.81836925432705
,,grass,,19.165954101686864,50.81849259436402
,,grass,,19.164820058322846,50.82110106252792
,,grass,,19.16286488744907,50.81961993250335
Skwer Sybiraków,park,,,19.11134510675236,50.80478622741616
,,grass,,19.10405186445144,50.805360040244466
,,grass,,19.10870986035984,50.80985004383274
,,grass,,19.10706311412939,50.80912501174231
,,grass,,19.111909063191586,50.80174072154542
,,grass,,19.111986030347683,50.80224475399521
,,grass,,19.109885737832236,50.81216701138552
,,grass,,19.110061116455626,50.812163278091646
,,grass,,19.107319185073482,50.812112514800155
,,grass,,19.11091129788908,50.81203715808515
,,grass,,19.11091726981131,50.81214607915807
,,grass,,19.10732510089886,50.81222046919428
,,grass,,19.107969008581023,50.81220785924495
,,grass,,19.104933023648893,50.81227066211914
,,grass,,19.104927453756005,50.812162238770924
,,grass,,19.10796131790435,50.81209869101774
,,grass,,19.109427979529954,50.81217642679802
,,grass,,19.11173237620266,50.81201850659328
,,grass,,19.106637285926556,50.81223601487472
,,grass,,19.109422980471926,50.812068310557095
,,grass,,19.106630670400996,50.81212756710796
,,grass,,19.11173981789961,50.81212816156766
,,grass,,19.10864450692675,50.81208449227976
,,grass,,19.108646394496954,50.81219281342198
,,grass,,19.106068305096716,50.81224795824757
,,grass,,19.105655383389177,50.812147385855624
,,grass,,19.105661750604014,50.81225601455885
,,grass,,19.10614852554061,50.81213913662206
,,grass,,19.109972491873823,50.81205730277846
,,grass,,19.110409554503583,50.812047056043646
,,grass,,19.110414890916957,50.81215625099795
,,grass,,19.105982070915157,50.812140839947055
,,grass,,19.1079233664948,50.80006654294405
,,grass,,19.108258438462755,50.80034667038312
,,grass,,19.107448978342408,50.80023344965616
,,grass,,19.107850828145214,50.80036962398183
,,,grassland,19.098677524591512,50.80323267630825
,,grass,,19.097402772775983,50.81058412486045
,,grass,,19.097261096301395,50.810560901381095
,,grass,,19.09702689894153,50.81067120037502
,,grass,,19.09702755245798,50.81082426529785
,,,grassland,19.121812008844596,50.81597200994426
,,grass,,19.118312294778185,50.80486218509592
,,grass,,19.118189131051523,50.80487074273105
,,grass,,19.118190661398458,50.80424195879844
,,grass,,19.11850955229877,50.80497546519286
,,grass,,19.118410943167355,50.80464403332005
,,grass,,19.118235961914216,50.805295442623276
Rondo Plutonowego Romana Zycha,,grass,,19.141104049999996,50.81920949999999
,,grass,,19.146920853456525,50.82005708602934
,,grass,,19.108437818943063,50.85743401734148
,,grass,,19.128363372937095,50.812346967131454
,,grass,,19.1347444,50.84546224999999
,,grass,,19.133919605301166,50.845346286921135
,garden,,,19.112392135658705,50.79969120710489
,,grass,,19.12253167089918,50.81367589937049
,,forest,,19.10833556962826,50.88066961636982
,,residential,,19.10710942372234,50.88135084354801
,playground,,,19.112904698845274,50.80906582353888
,park,,,19.0968990517089,50.81823830176221
Park Miniatur Sakralnych (nieczynny),park,,,19.15353929280089,50.80993532203366
,,grass,,19.126459475334293,50.811497692996376
,,grass,,19.127613131153392,50.81158427221846
,,grass,,19.123597093622664,50.81177070630638
,,grass,,19.12439182299667,50.811752772242365
,,grass,,19.124396636176332,50.81186163523452
,,grass,,19.122881501855176,50.811785491809765
,,grass,,19.1263361125337,50.81204012380005
,,grass,,19.12700615338557,50.81168727491949
,,grass,,19.12636635633947,50.811907857117795
,,grass,,19.12605502142606,50.811847666711536
,,grass,,19.127782606962445,50.8116208246851
,,grass,,19.12591604026458,50.811951540017816
,,grass,,19.127752520453722,50.8114697005191
,,grass,,19.125942358658044,50.811513428467094
,,grass,,19.12723654395132,50.81190224562603
,,grass,,19.12516500561211,50.811736848189
,,grass,,19.122060309656582,50.811803258118374
,,grass,,19.122049750467426,50.81191150669899
,,grass,,19.122385287413845,50.81179579589839
,,grass,,19.122886238748368,50.81189438688548
,,grass,,19.123601884244227,50.811879599982824
,,grass,,19.126281618092293,50.812096203793836
,,grass,,19.127661670814554,50.81186288570451
,,grass,,19.125169759921587,50.81184573470062
,,grass,,19.122390104159944,50.811904700003446
,,grass,,19.126056953756542,50.81171179604035
,,grass,,19.137884660804815,50.81566617518017
,,grass,,19.14027203912717,50.82109643361384
,,grass,,19.133531778408067,50.80673321626218
,,grass,,19.13055254208505,50.799297042089506
,,grass,,19.14249508692387,50.82534357057484
,,grass,,19.131176952724502,50.79941074091747
,,grass,,19.135278894149668,50.8070284833094
,,grass,,19.142059384485563,50.784010803280324
,,grass,,19.14171983735998,50.78437640636281
,,grass,,19.143723697766806,50.78469670010209
,,grass,,19.142971969970056,50.78429654168439
,,grass,,19.143211171919233,50.7847764405457
,,grass,,19.142434344523483,50.78425479627545
,,grass,,19.143364025389264,50.78457363350805
,,grass,,19.157639601212992,50.771903455430504
,,grass,,19.142538228061575,50.78418820492274
,,grass,,19.142726503022285,50.78465584696442
,,grass,,19.141347922211633,50.78437733170077
,,grass,,19.15811270134724,50.77151714847876
,,grass,,19.142163073981425,50.78453654152129
,,grass,,19.15859357871797,50.77163951419466
,,grass,,19.140478486473015,50.821147418717075
,,grass,,19.102397860024272,50.80337905089575
,,grass,,19.10275746599461,50.80457157129261
,,grass,,19.10681893414356,50.81704841079271
,,grass,,19.10185080084995,50.81683319656106
,,grass,,19.103282290088934,50.80678675531124
,,grass,,19.10478050360904,50.816515753183275
,,grass,,19.102272699237012,50.80122430464562
,,grass,,19.132584328189026,50.804358592782506
,,grass,,19.134619798581934,50.80580648269349
,,grass,,19.106349973566772,50.79857482039761
,,grass,,19.097978636266415,50.81658113040213
,,grass,,19.104637574786288,50.8169597874487
,,grass,,19.098908382755344,50.81665253900208
,,grass,,19.102584393941047,50.8040537759567
,,grass,,19.110673472146647,50.81703598174005
,,grass,,19.10219493170708,50.802473291154044
,,grass,,19.1073000368923,50.798224984128
,,grass,,19.10870275285781,50.797844956469405
,,grass,,19.089660220173673,50.8236480599484
,,grass,,19.08788443497894,50.81977445190303
,,grass,,19.088197111465433,50.82158273206733
,,grass,,19.08579307831594,50.82323624065522
,,grass,,19.088529817902668,50.82308831850188
,,grass,,19.08857221899688,50.82321735355217
,,grass,,19.08838783609096,50.82288428857739
,,grass,,19.08801683832484,50.82040249270613
,,grass,,19.1182862824918,50.80539222934935
,,grass,,19.118649198290477,50.805309328344464
,,grass,,19.088227344915207,50.82328628812385
,,grass,,19.116140303452152,50.80544704177104
,,grass,,19.118052059560227,50.80561273169853
,,grass,,19.11852311467092,50.81085967466899
,,grass,,19.118589825348025,50.81149380594984
,,grass,,19.118549950000002,50.8113488
,,grass,,19.09867227669347,50.81386599865679
,,grass,,19.105896912763985,50.81225133094539
,,grass,,19.110640349999997,50.812153200000004
,,grass,,19.11063485,50.81204460000001
,,grass,,19.10624586171371,50.81224392010489
,,grass,,19.105414850000003,50.812261299999996
,,grass,,19.10624433727185,50.81213692554533
,,grass,,19.111190937271846,50.81203472554533
,,grass,,19.10541745,50.812150499999994
,,grass,,19.106968861713703,50.81211992010488
,,grass,,19.10589205,50.8121421
,,grass,,19.10910672549601,50.81218410540242
,,grass,,19.109785337271845,50.81217102554533
,,grass,,19.10697612549601,50.81223060540243
,,grass,,19.109777250000004,50.81206120000001
,,grass,,19.10766496272815,50.812105174454665
,,grass,,19.10767117450399,50.81221409459757
,,grass,,19.110176850000002,50.8120543
,,grass,,19.10909728721161,50.812075725544034
,,grass,,19.111198650000002,50.81214065
,,grass,,19.110180412763984,50.812162530945386
,,grass,,19.11680538078328,50.82567432937111
,,grass,,19.11645600908635,50.825540748978995
,,grass,,19.117002169923204,50.82556909931431
,,grass,,19.116638955062953,50.82555709606495
,,grass,,19.116863678400755,50.82536004620521
,,grass,,19.11702395505827,50.82433706575997
,,grass,,19.11497315938083,50.8235297493394
,,grass,,19.11672003492935,50.825322261095295
,,grass,,19.117868838111725,50.825662865566464
,,grass,,19.11837659213304,50.8258026725229
,,grass,,19.11711816574023,50.825580067476736
,,grass,,19.116773683187528,50.82579078409999
,,grass,,19.107293992902893,50.811193909277826
,,grass,,19.108772881977476,50.81098346390348
,,grass,,19.107369322208854,50.81161399852977
,garden,,,19.09751401948746,50.81281277948121
,,meadow,,19.100409062057015,50.807030790803275
,,grass,,19.093375906018817,50.81248074669023
,,grass,,19.093240769843558,50.81260566159877
,,grass,,19.093815941916805,50.8124410697297
,,grass,,19.09313517731686,50.81247970317019
,,grass,,19.09423328887111,50.8129064333817
,,grass,,19.098211775550805,50.81328736260333
,,grass,,19.098433826808517,50.81316559833183
,,grass,,19.094237080925474,50.812810936420256
,,grass,,19.094380366578125,50.81293961712445
,,grass,,19.094330150664444,50.81303805944427
,,grass,,19.0944528397355,50.81250311667843
,,grass,,19.092585123443044,50.81256473346118
,,grass,,19.09142245558779,50.813216666960656
,,grass,,19.092785432855898,50.81276328584203
,,grass,,19.091855097581146,50.81261843746306
,,forest,,19.097921477081563,50.86958623952305
,,forest,,19.097527829297068,50.87027089788457
,,forest,,19.074610702927508,50.85991430824254
,,forest,,19.0675021585259,50.863497246535644
,,forest,,19.098850250457048,50.87054889872063
,,forest,,19.10116876603531,50.87502045511083
,,forest,,19.062830999628563,50.861303260354696
,,forest,,19.060985956563385,50.860475483432715
,,forest,,19.05415604986917,50.85928281708897
,,forest,,19.128288349119895,50.87664377978336
,,forest,,19.050175663393876,50.84976316549414
,,forest,,19.048461206529986,50.855388315866236
,,,wood,19.0522286027917,50.85322344959377
,,meadow,,19.052763808367633,50.85367325290123
,,meadow,,19.069969863974976,50.8614686574239
,,forest,,19.06807192835217,50.864277811770584
,,forest,,19.076074292300614,50.86496154626784
,,forest,,19.07910221690209,50.86500344732717
,,forest,,19.076387578945894,50.8640951500953
,,forest,,19.081498977333457,50.86542166253648
,,forest,,19.082587890791753,50.86631810167703
,,forest,,19.082057765326784,50.86617359725496
,,forest,,19.085814985584427,50.865326375903315
,,forest,,19.089814836086244,50.87370935973469
,,forest,,19.090603688650248,50.87670752533135
,,forest,,19.088821947832084,50.87619521673011
,,forest,,19.0897124,50.873196433333334
,,forest,,19.087099526962657,50.873333510227404
,,forest,,19.096303870979156,50.86894645214395
,,forest,,19.09859121931651,50.867448513630215
,,meadow,,19.098256144967646,50.86700181686257
,,meadow,,19.099250390601956,50.870826174469315
,,forest,,19.106390370617916,50.871085900406015
,,forest,,19.102456037890306,50.87110509234614
,,forest,,19.0960017509413,50.8698829137066
,,meadow,,19.076363719109253,50.8620373988477
,,meadow,,19.106588697879143,50.86899817368634
,,meadow,,19.0824594847463,50.86599700363954
,,forest,,19.099534089167584,50.86805598642573
,,meadow,,19.081667146468263,50.865876643627274
,,forest,,19.09546200901823,50.86957686563338
,,meadow,,19.078183673223275,50.864175678576956
,,meadow,,19.100249348502864,50.87131697185532
,,forest,,19.09973312008017,50.87159784702749
,,meadow,,19.096265009466055,50.8698009708127
,,forest,,19.10017176825115,50.87052047320864
,,meadow,,19.100939730452193,50.87086032183916
,,forest,,19.101404698774445,50.872266302146684
,,meadow,,19.095623381009876,50.86927528625831
,,meadow,,19.098627177514324,50.86802604927116
,,meadow,,19.159168137952985,50.87952481834052
,,forest,,19.143021660535457,50.874731715224264
,,forest,,19.133320627582556,50.880642798617636
,,forest,,19.156864749251675,50.881608659203394
,,forest,,19.16182023304819,50.88380912716562
,,meadow,,19.179310337366484,50.88929693353665
,,forest,,19.175752430919026,50.887664375587576
,,forest,,19.163703080686837,50.88406542949794
,,forest,,19.18037610272459,50.88130508436349
,,forest,,19.1341216545487,50.876941765804865
,,meadow,,19.15615002796896,50.88322265651975
,,forest,,19.123138038888722,50.877039240725615
,,meadow,,19.154722312667825,50.88110027994509
,,forest,,19.135468573747282,50.8770266310328
,,forest,,19.14800804832261,50.8810118857823
,,forest,,19.130579895853952,50.87876248547155
,,forest,,19.144586784963188,50.879574066907594
,,meadow,,19.145050529093076,50.8820298153434
,,forest,,19.150371530143026,50.88169567535988
,,forest,,19.137360472645074,50.87685961035402
,,forest,,19.113591323684005,50.87360181789386
,,meadow,,19.114214238270335,50.87349984585148
,,forest,,19.126252371332747,50.87645193174232
,,meadow,,19.119490316818553,50.87362192590274
,,meadow,,19.114660097901307,50.87568151253603
,,meadow,,19.11988468169416,50.87726137561522
,,forest,,19.11391004857643,50.87583924860369
,,forest,,19.11192986589277,50.87348082718393
,,forest,,19.130930757853495,50.876917275026
,,meadow,,19.113241174312513,50.87356615814661
,,meadow,,19.12686344426171,50.87611626564591
,,forest,,19.116740098526705,50.876645841303215
,,forest,,19.113506323912212,50.86264256813675
,,meadow,,19.11561649092268,50.866586272302364
,,meadow,,19.111735023915173,50.869931486782264
,,meadow,,19.11629964019704,50.873501899305914
,,meadow,,19.12626944460424,50.87382000856527
,,meadow,,19.10027013308217,50.869964187181516
,,forest,,19.112931489572194,50.86072451133212
,,meadow,,19.108283457326095,50.866668249248576
,,meadow,,19.11698027209261,50.86218240262378
,,meadow,,19.11077659792845,50.869448960158806
,,forest,,19.106045044583748,50.86541871499292
,,forest,,19.117155383330626,50.86280477480502
,,meadow,,19.102323740124817,50.86968649058078
,,forest,,19.127489238061536,50.874193963564856
,,meadow,,19.115748090890236,50.870657661402554
,,meadow,,19.113573209062146,50.8607620331069
,,meadow,,19.114423565309394,50.87066630612896
,,meadow,,19.115291482544716,50.8733410075861
,,meadow,,19.108596723039625,50.86839212889445
,,meadow,,19.117485399518657,50.869398016757515
,,forest,,19.09999454603674,50.869371958657815
,,meadow,,19.10597055303624,50.86498176497458
,,meadow,,19.116842756747534,50.871488625013946
,,forest,,19.100404366666666,50.869602666666665
,,forest,,19.11633739843403,50.8606138846383
,,forest,,19.115384882981328,50.86879057574948
,,forest,,19.114806004920723,50.86756861656524
,,meadow,,19.111966271774687,50.866522923919284
,,meadow,,19.116283541914306,50.868359180042326
,,meadow,,19.112440204030495,50.86428916110903
,,forest,,19.09922267121293,50.869233238977834
,,forest,,19.111376176906454,50.86157437355968
,,forest,,19.115142214607225,50.870300256597815
,,meadow,,19.09906048814528,50.869014954863395
,,meadow,,19.123292788887188,50.87378604435541
,,forest,,19.091584817955468,50.87311179922422
,,forest,,19.09390994149679,50.87069330599199
,,meadow,,19.093383806388207,50.86593904305992
,,forest,,19.093211876415605,50.87244239838207
,,meadow,,19.0917467250522,50.87341862915418
,,meadow,,19.093122271718755,50.868730851925775
,,forest,,19.09411949800106,50.87253663060354
,,meadow,,19.093312376591374,50.87342272540754
,,forest,,19.10665284656881,50.87498301518594
,,forest,,19.098273447868525,50.871765972513586
,,forest,,19.09433780378243,50.86578664019877
,,forest,,19.094357017184524,50.86732838598068
,,forest,,19.095476753857806,50.87090352712021
,,forest,,19.103151019155856,50.87446342955372
,,forest,,19.095132170781287,50.86580828239096
,,meadow,,19.09657523257667,50.86557612808612
,,forest,,19.104337360077643,50.87509586936323
,,forest,,19.088729784058984,50.87151699779685
,,meadow,,19.101483328634497,50.8755710564633
,,forest,,19.094840415239368,50.871322061244626
,,meadow,,19.089664240388718,50.867491206594934
,,meadow,,19.10078758445817,50.87720970367519
,,forest,,19.10544315669067,50.875010239375534
,,meadow,,19.106426132445115,50.875837098045224
,,forest,,19.091808001753048,50.87427250986315
,,meadow,,19.093763069875013,50.872484613423886
,,meadow,,19.094466093872978,50.87546622271109
,,meadow,,19.09515353594002,50.86661722099046
,,meadow,,19.109344029700658,50.87611541077577
,,forest,,19.10778262413442,50.87531425179206
,,forest,,19.1089108,50.87502925
,,forest,,19.044560419780783,50.83874374411171
,,forest,,19.049178018806344,50.84100326053874
,,grass,,19.163213350000003,50.83912845
,,grass,,19.163276550000003,50.8389527
,,grass,,19.163343069775504,50.8387667120669
,,grass,,19.163395749999996,50.83861855
,,grass,,19.16347654650478,50.838436627923876
,,grass,,19.163664585232137,50.838431824040754
,,grass,,19.163761618438294,50.838507649502965
,,grass,,19.1637967,50.83847903333332
,,grass,,19.163679966666663,50.838501666666666
,,grass,,19.164101234118842,50.83844448687753
,,grass,,19.164316104347826,50.838475209178746
,,forest,,19.165198362736714,50.88728986977775
,,forest,,19.181986791135618,50.89059943649622
,,forest,,19.177415441072863,50.89436967700233
,,forest,,19.172717432294245,50.890800305698356
,,meadow,,19.177137914025245,50.89352774964284
,,forest,,19.175545554935052,50.8920212172231
,,forest,,19.168721554075756,50.88765163351822
,,meadow,,19.166107436575935,50.88669265797514
,,forest,,19.17716122964786,50.89020382700934
,,meadow,,19.178420976211154,50.894911726855085
,,meadow,,19.177058970379655,50.89254176018127
,,meadow,,19.170092011146988,50.88785105210323
,,forest,,19.177660724073295,50.897950288650435
,,grass,,19.06432875392233,50.820532180110284
,,grass,,19.08215593846299,50.81280696949884
Rondo,park,,,19.14986156567994,50.77906949531723
Rondo,park,,,19.149909595383413,50.77875307918049
,park,,,19.145801582628955,50.78358348068648
,park,,,19.14592931118057,50.78372191724808
,park,,,19.14634555833411,50.78364531881551
,park,,,19.145891629197994,50.783296937687574
,park,,,19.145419578103557,50.78328642185177
,park,,,19.146600008141757,50.783343462691306
,park,,,19.146732297625217,50.78360589351731
,,,grassland,19.17277937690543,50.76929466295023
,,forest,,19.182934345657728,50.76121767852798
,,forest,,19.154412756720554,50.792939368977315
,,,grassland,19.151460944544745,50.79678813930486
Park Piastów,park,,,19.130312230876616,50.79732603774248
,,grass,,19.163591675201864,50.79364624886519
,park,,,19.15318532416654,50.78256330341521
,,meadow,,19.108903467295196,50.78349343787691
,,meadow,,19.148313861794875,50.77972802237518
,park,,,19.114834587111055,50.81048111686443
,park,,,19.16649738654785,50.769253105027225
,,forest,,19.07783748672303,50.86610200939286
,,meadow,,19.06844338283389,50.86459104044456
,,meadow,,19.079347414830906,50.866036468984
,park,,,19.10827853471851,50.81268817324154
,,grass,,19.102030576770375,50.813532666867054
,,grass,,19.123767474379484,50.81424165991489
,,grass,,19.122442580706906,50.81426915627752
,,grass,,19.124926319825217,50.8142142668733
,,grass,,19.125636391235798,50.81419583851303
,,grass,,19.124338362608622,50.81422850137374
,,grass,,19.123981981008498,50.814236538680454
,,grass,,19.124666810746685,50.814220505996225
,,grass,,19.124474993999666,50.81422506663772
,,grass,,19.123350918577497,50.81425173853503
,,grass,,19.12409531912113,50.814234298167065
,,grass,,19.124775251750098,50.81421801260974
,,grass,,19.123477499115673,50.814248537551386
,,grass,,19.125075324552682,50.81421073216844
,,grass,,19.123662745242047,50.8142444027261
,,grass,,19.122892184484265,50.81425880165842
,,grass,,19.12583311301616,50.8141906767229
,,forest,,19.05222975368694,50.80754504928361
Park im. Tysiąclecia,park,,,19.120619924259874,50.83417882049959
,,grass,,19.116210683886454,50.82591544116974
,,grass,,19.116034888037266,50.82576542115386
,,grass,,19.11576575188317,50.825726636638706
,,grass,,19.1162183151309,50.82605436439241
,,grass,,19.11637648218178,50.8259798307148
,,,wood,19.11609507200658,50.82569083505574
,,grass,,19.11585105543546,50.82596534209464
Park Parkitka,park,,,19.0920787584695,50.823454815200364
,garden,,,19.128344455078715,50.809114838826616
,,forest,,19.1586547159836,50.86746234210048
,,residential,,19.231719498990284,50.783403994240814
,,residential,,19.238300899999995,50.782880399999996
,,residential,,19.240312767007698,50.777973901923566
Rozlewisko przy rzece Białka,nature_reserve,,,19.048776204659994,50.8464640337318
,,forest,,19.071830942994904,50.84813657593498
,,forest,,19.07370532873481,50.847116382580765
,,forest,,19.072464719565573,50.846887880031225
,,meadow,,19.057196388857736,50.86093264771505
,,forest,,19.0581283209832,50.861437694871114
,,forest,,19.059077228197157,50.86144312782934
,,forest,,19.0578573955859,50.860920152094344
,,meadow,,19.059126057276632,50.861042118592586
,,meadow,,19.061691119718404,50.86093501007443
,,forest,,19.057096766021033,50.86204375655481
,,forest,,19.051793841957146,50.86140828683795
,,forest,,19.065936245756003,50.863485515231964
,,forest,,19.06409846335847,50.86386512420195
,,meadow,,19.063708517794947,50.863937014630494
,,meadow,,19.06542751677027,50.864003407180455
,,meadow,,19.064855539088946,50.8649073208736
,,meadow,,19.06417828746582,50.86444694118966
,,forest,,19.063159161058664,50.85262339561125
,,meadow,,19.068619616784087,50.85973332208717
,,meadow,,19.065920233750656,50.860163572721085
,,meadow,,19.063083792674796,50.85453900223125
,,meadow,,19.06346691510651,50.8535738623622
,,meadow,,19.063475999564776,50.853714749652426
,,forest,,19.064000920907567,50.854408680640816
,,meadow,,19.063989002874514,50.85800958028356
,,forest,,19.077124036673972,50.868086808149364
,,forest,,19.07588876840114,50.86918517258596
,,forest,,19.075676224546676,50.86805728313176
,,meadow,,19.07596737658359,50.86854690257525
,,forest,,19.07346218863137,50.87034186678125
,,meadow,,19.074615782977485,50.870026427597246
,,forest,,19.069238590633702,50.87254498674322
,,meadow,,19.069478012009935,50.87202797689635
,,meadow,,19.072541435074253,50.87036534233439
,,meadow,,19.07548757093638,50.868448715320426
,,meadow,,19.072510584379152,50.86926698068319
,,forest,,19.072252423224032,50.86948716124703
,,forest,,19.069966294141246,50.872857878444385
,,meadow,,19.073394904178567,50.87119404058858
,,forest,,19.07408868973989,50.871259101471985
,,meadow,,19.076632408296277,50.86876458132693
,,meadow,,19.08127880311259,50.87066174255802
,,forest,,19.079541829288612,50.87111279211061
,,meadow,,19.078876208062095,50.871892854016004
,,forest,,19.07888319504828,50.87387877604224
,,meadow,,19.08051442483185,50.87616691646765
,,meadow,,19.077417058965818,50.87577441799886
,,meadow,,19.073199997818328,50.87598751979435
,,forest,,19.07057566196545,50.87664509222894
,,meadow,,19.06913010317107,50.877044221090365
,,meadow,,19.068102256786805,50.87678726586921
,,forest,,19.065775489151243,50.875275615029146
,,forest,,19.066579517053356,50.87406871905165
,,forest,,19.065550405328967,50.874190483864005
,,forest,,19.066588424039384,50.86524238032251
,,forest,,19.06773527052838,50.865710268083504
,,meadow,,19.06415429316389,50.866398403680115
,,forest,,19.06515586261251,50.867259256929934
,,forest,,19.06488586811798,50.8664500730373
,,forest,,19.06477178538798,50.86820129409861
,,forest,,19.06477447865115,50.8685816621835
,,meadow,,19.062794653795308,50.86900635881722
,,forest,,19.064452425937834,50.869301470608605
,,meadow,,19.066048531790866,50.87073917089101
,,meadow,,19.06344798336326,50.872377156288984
,,meadow,,19.060466018245656,50.87204552615109
,,meadow,,19.127690399999995,50.873747550000004
,,forest,,19.131976681089775,50.871998681968
,,forest,,19.13958930624508,50.87126572120844
,,meadow,,19.139753952483833,50.87202613876961
,,meadow,,19.14025030095335,50.87121868685447
,,forest,,19.13911672983231,50.87486327014086
,,forest,,19.137174308036055,50.87479803034397
,,forest,,19.135774304318527,50.87465543331094
,,forest,,19.13278747066606,50.87402715998555
,,meadow,,19.13306961715218,50.873633251590675
,,meadow,,19.143782006129264,50.87426927158562
,,forest,,19.144372536738416,50.87378122241525
,,meadow,,19.14478368282432,50.87417616775988
,,meadow,,19.14474743013896,50.87293741805031
,,meadow,,19.14105842022217,50.8727411379939
,,forest,,19.143034924456035,50.87037188074394
,,forest,,19.14190473837469,50.861445913053586
,,forest,,19.1492725946207,50.86094538508135
,,forest,,19.14766532408213,50.85246908072039
,,meadow,,19.14439842354908,50.858568777868356
,,forest,,19.142102829498317,50.85847209828253
,,forest,,19.1412841770069,50.87448343284563
,,meadow,,19.133911736263382,50.879623215399086
,,forest,,19.128986869445516,50.88259305642979
,,forest,,19.12673351009561,50.88034861295972
,,meadow,,19.12782571763717,50.88067471077908
,,meadow,,19.12611103597856,50.87704611888318
,,meadow,,19.125627766666668,50.877132200000005
,,forest,,19.126312979099833,50.882214323680515
,,meadow,,19.125462084058565,50.882395828012186
,,,grassland,19.0478536161259,50.767812574011124
Rondo 7 Dywizji Piechoty,,grass,,19.104379066156138,50.83382184645222
,,grass,,19.11473080703047,50.82425006903495
,,grass,,19.114027091105648,50.824071975254704
,,grass,,19.11415421099802,50.823732969820206
,,grass,,19.113852793828755,50.82355935139201
,,grass,,19.11329443400922,50.82369895119199
,playground,,,19.131091329578584,50.83415822758956
,playground,,,19.131316975046463,50.83395385621311
,,,grassland,19.088982634288605,50.77253636825327
,,meadow,grassland,19.078089385634843,50.77561832943566
,,meadow,grassland,19.083406603936243,50.782768985106074
,,grass,,19.093284421714447,50.80464656213328
,,grass,,19.11868241709831,50.82567145420955
,park,,,19.118265937838448,50.82900547322216
,park,,,19.137857007146344,50.83430319024125
Plac Katyński,park,,,19.135313204410068,50.80826333285108
,,meadow,,19.088823592145744,50.87162449132797
Skwer im. Janusza Gniatkowskiego,park,,,19.116768451470485,50.82871466791892
,,grass,,19.117402068905207,50.825514548333786
,,grass,,19.11830595312328,50.825618458844076
,,meadow,,19.14718006154926,50.87393100639593
,,meadow,,19.146823187893844,50.87314915032306
,,,wood,19.117731079956688,50.81707988085391
,,grass,,19.086052117473542,50.81321528458155
,,grass,,19.08610778809104,50.813030955448454
,,grass,,19.086018790439322,50.81286211406324
,,grass,,19.085938321408477,50.81386912974984
,,grass,,19.084977229899085,50.813600279710265
,,grass,,19.08475269725313,50.8135558782398
,,grass,,19.084694281756445,50.81372526429677
,,grass,,19.088066650250756,50.81259069427205
,,grass,,19.089905499422915,50.813192025824435
,,grass,,19.08787029153399,50.813398780819284
,,grass,,19.098416154546815,50.81431901584171
,,grass,,19.09825606142075,50.81532271188111
,,grass,,19.09821277361421,50.81468174012641
,,grass,,19.09784439246032,50.81614032698413
,,grass,,19.097918462250455,50.816170733698684
,,grass,,19.097918800807932,50.81642438031113
,,forest,,19.15973064777044,50.880023781649285
,,forest,,19.080654918848776,50.866856999778356
,,forest,,19.17924332813883,50.89157193133637
,,,wood,19.06556249441863,50.77258064419267
,,,wood,19.066224574620303,50.773012614846536
,,,wood,19.069638746504616,50.7734025771546
,,meadow,,19.067285679573306,50.7733177534475
,,meadow,,19.069281374303078,50.77161810036439
,,meadow,,19.067072407857985,50.7711849674535
,,grass,,19.10199104162755,50.81096637286522
,,,wood,19.203412116523257,50.800617969658504
,,,wood,19.20509291415402,50.80068383634547
,,,wood,19.20448148942154,50.801660522639175
,,,wood,19.202312725135794,50.799832512689555
,,forest,,19.195698143619307,50.80117417717904
,,forest,,19.192876461930197,50.807505817689844
,,meadow,,19.227647908350058,50.798593297042444
,,forest,,19.16367803909929,50.8119592227646
,,forest,,19.15956082933213,50.80931150504789
,,forest,,19.159653432398635,50.81092604797256
,,forest,,19.17490737808729,50.812081506575524
,,forest,,19.17638929799121,50.811599548395904
,,,grassland,19.24908439919881,50.829241326389095
,garden,,,19.11545707496016,50.809862945409826
,garden,,,19.115543349999996,50.80986225
,garden,,,19.11564447496016,50.80986254540982
,,grass,,19.11591040759355,50.80983649235656
,,grass,,19.11546602670044,50.80969022374393
,,grass,,19.115536107716785,50.80958806091351
,garden,,,19.11545442503984,50.80951475459019
,garden,,,19.11553575,50.80951505
,garden,,,19.115636334880236,50.80951542502291
,,grass,,19.108848908108076,50.8087328819398
,,grass,,19.10837736794861,50.80874942836565
,,grass,,19.10806206364431,50.80873951680288
,,grass,,19.107858334709157,50.80874287923157
,,grass,,19.10760609381394,50.80870069331635
,,grass,,19.10738049806482,50.80873877110567
,,grass,,19.107603135287988,50.80853698719371
,,grass,,19.10717887499495,50.80848268908797
,,grass,,19.10715196142015,50.8087377259098
,,grass,,19.106914373469216,50.80871837921119
,,grass,,19.10690528017088,50.80853486419947
,,grass,,19.108207252184712,50.80852853007872
,,grass,,19.108367570273924,50.808525111964535
,,grass,,19.109686644730896,50.80850292287911
,,grass,,19.109620993811188,50.80857150307587
,,grass,,19.10976297270725,50.80850165409456
,,grass,,19.109743731425148,50.8085982253158
,,grass,,19.109967426242992,50.80878589738114
,,grass,,19.11039794740941,50.808768027729684
,,grass,,19.110280570991947,50.80867622401565
,,grass,,19.1109105623764,50.808692459989004
,,grass,,19.11203291748877,50.80896603604953
,,grass,,19.111802499840067,50.80912422411356
,,grass,,19.11141760498519,50.80900751919738
,,grass,,19.111274392606486,50.80903888464375
,,grass,,19.11127902385447,50.80916848740364
,,grass,,19.111287144748616,50.809319825899045
,,grass,,19.111301432047785,50.809468585522005
,,grass,,19.111312162467822,50.80958312144156
,,grass,,19.111094500027505,50.809580770973795
,,grass,,19.111088420664966,50.80946303823474
,,grass,,19.11107792635989,50.8093184618724
,,grass,,19.111067405688885,50.80916867364793
,,grass,,19.11105751844367,50.809059554134855
,,grass,,19.11140465708498,50.808913222788
,,grass,,19.11177874442633,50.809324819325916
,,grass,,19.11197278187918,50.81000271306296
,,grass,,19.11173499179944,50.81000449355483
,,grass,,19.111553769779647,50.810014590436595
,,grass,,19.111334892196165,50.809918878188036
,,grass,,19.1113007,50.80975676666667
,,grass,,19.111362913219473,50.80970833605789
,,grass,,19.111498250000004,50.809703899999995
,,grass,,19.11172333639401,50.80974812326258
,,grass,,19.110858255092836,50.80891814239004
,,grass,,19.110351473830736,50.80900429946933
,,grass,,19.110043698993714,50.80900887702481
,,grass,,19.110224717266828,50.808928125535715
,,grass,,19.113193415096966,50.80886140297119
,,grass,,19.113163335404085,50.80870504403972
,,grass,,19.112793345482824,50.80875071837833
,,grass,,19.112922409945885,50.80934090940734
,,grass,,19.113086457478786,50.80959224868708
,,grass,,19.11297385596643,50.809760024260996
,,grass,,19.11336917719494,50.809753551364544
,garden,,,19.113594753176447,50.80977924685791
Ogródek Solidarność,garden,,,19.113669575726796,50.80990935381519
,,grass,,19.1132891035164,50.80997495412171
,,grass,,19.11300524298356,50.80990164209915
,,grass,,19.112726694285225,50.80999161146003
,,grass,,19.1127985940551,50.80982434897387
,,grass,,19.112794701378856,50.80965294068193
,,grass,,19.112679006636114,50.80958107424331
,,grass,,19.112620757735606,50.809847138061954
,,grass,,19.112472653447966,50.80969425891704
,,grass,,19.112454823848395,50.809216860890395
,,grass,,19.11284134959474,50.80909857932652
,,grass,,19.11339951335825,50.8091292848253
,,grass,,19.110400523555825,50.80932339470965
,,grass,,19.11063074273832,50.80930833714806
,,grass,,19.11050406117744,50.809534188468895
,,grass,,19.11072614283456,50.809517800698664
,,grass,,19.110602869344202,50.80975482903109
,,grass,,19.11074453955905,50.80986780920705
,,grass,,19.11082,50.80980460000001
,,grass,,19.110816266666664,50.80975566666667
,,grass,,19.111017798109025,50.809713433837544
,,grass,,19.111112126350193,50.809794230989304
,,grass,,19.111123702841113,50.80994938026082
,,grass,,19.11181518419906,50.810818867420984
,,grass,,19.111651670695142,50.81072653664113
,,grass,,19.11107649429624,50.810561026603594
,,grass,,19.110635176578924,50.810907938923265
,,grass,,19.110413928615298,50.810915335871975
,,grass,,19.111477655772113,50.81106748058455
,,grass,,19.110672388490357,50.811095872912475
,,grass,,19.109936285736627,50.81090542669166
,,grass,,19.109925185444713,50.81059431702195
,,grass,,19.11265249969077,50.81131919086325
,,grass,,19.11366791461992,50.811306060938215
,,grass,,19.113570149999997,50.811532299999996
,,grass,,19.112636220393636,50.811780079732
,,grass,,19.1137471,50.811687850000006
,,grass,,19.112915300000004,50.8124576
,,grass,,19.112860475226903,50.81314677008018
,,grass,,19.11358864777293,50.813134702862826
,,grass,,19.113573694951064,50.81265925971776
,,grass,,19.11283303183202,50.812675479526845
,,grass,,19.110359766666665,50.81171233333333
,,grass,,19.11037953840966,50.811641485103976
,,grass,,19.10963091200554,50.81166561848719
,,grass,,19.10831320878299,50.81149241666947
,,grass,,19.10786711487526,50.81173164897653
,,grass,,19.107691071317095,50.81128751717705
,,grass,,19.107872322173677,50.811304751443544
,,grass,,19.112879526388994,50.810496716628684
,,grass,,19.113334400500758,50.80958544548621
,,grass,,19.1128239,50.8123648
,,grass,,19.112711199999996,50.812495999999996
,,grass,,19.113114603404924,50.812404161446416
,,grass,,19.113274,50.8123218
,,grass,,19.1132818,50.8124476
,,grass,,19.1134164,50.81233660000001
,,grass,,19.109495614110603,50.80908655119989
,,grass,,19.106425805226753,50.80914070780476
,,grass,,19.106537335423873,50.80914184416192
,,grass,,19.106478539771693,50.80910781213789
,,grass,,19.10673290464678,50.80912438400031
,,grass,,19.10688060940156,50.809122486503966
,,grass,,19.10753555210969,50.80935114426258
,,grass,,19.108090074792926,50.809557953864406
,,grass,,19.1078511573948,50.80953384952323
,,grass,,19.107535957345334,50.8096215957199
,,grass,,19.107567955458777,50.80989397672608
,,grass,,19.10806872324428,50.80996956111545
,,grass,,19.108430675854414,50.80983947392696
,,grass,,19.10896369382975,50.80980536423401
,,grass,,19.10919765456005,50.80967027800639
,,grass,,19.108273110958844,50.80950405559527
,,grass,,19.107574896964383,50.80911198639048
,,grass,,19.107845247513485,50.80913932998563
,,grass,,19.108093289981166,50.80910567112029
,,grass,,19.108877705588856,50.809106140259864
,,grass,,19.109001536825964,50.809392298981344
,,grass,,19.108783573320608,50.80902448206018
,,grass,,19.108099057102905,50.80903735526326
,,grass,,19.10788636233181,50.80904129066933
,,grass,,19.10765332064402,50.80904407749247
,,grass,,19.107350250000003,50.80904710000001
,,grass,,19.1070356,50.80905154999999
,,grass,,19.106828183123387,50.809054697256215
,,grass,,19.1067167,50.809057550000006
,,grass,,19.106493406399665,50.80906117407349
,,grass,,19.1062993,50.80906120000001
,,grass,,19.107359881519038,50.80995328346054
,,grass,,19.10699585016298,50.80990779070946
,,grass,,19.106894311285625,50.81010198368383
,,grass,,19.107057058190467,50.810098682726526
,,grass,,19.107066776180787,50.81013071618048
,,grass,,19.106890240651815,50.8101331724938
,,grass,,19.106620894938537,50.80994049032007
,,grass,,19.106164746096564,50.809830512678474
,,grass,,19.106496573540415,50.810180272327585
,,grass,,19.106735771346543,50.81017677877458
,,grass,,19.106957713895994,50.81017359223837
,,grass,,19.10719176127113,50.81016998931352
,,grass,,19.107428519238926,50.81016640886465
,,grass,,19.107755329907953,50.8101601489055
,,grass,,19.10795843709961,50.81015610713589
,,grass,,19.108319010220928,50.81014869778477
,,grass,,19.108779419819918,50.8101392056801
,,grass,,19.109292745568432,50.81012871954231
,,grass,,19.109542942060962,50.81012358951357
,,grass,,19.109650301259848,50.809909571491616
,,grass,,19.109643752908124,50.80977142417789
,,grass,,19.109642850000004,50.80962449999999
,,grass,,19.109633572812044,50.8094743494742
,,grass,,19.109629325394117,50.80935674529756
,,grass,,19.109723142432745,50.80951323337186
,,grass,,19.106351509870823,50.81070534027922
,,grass,,19.10658996662217,50.81086142413433
,,grass,,19.10687808292198,50.810856492641406
,,grass,,19.106430029297453,50.81041151889926
,,grass,,19.107221869169244,50.81063515266004
,,grass,,19.108155880623546,50.81049455728268
,,grass,,19.107329021949944,50.810790780407295
,,grass,,19.10758162253637,50.81081830381506
,,grass,,19.1077621864942,50.81081865664455
,,grass,,19.10825993165728,50.81080836756937
,,grass,,19.10853113623481,50.81074992412991
,,grass,,19.108671987354832,50.81077238560157
,,grass,,19.10889823179725,50.8108134759469
,,grass,,19.109197625628543,50.81080609563999
,,grass,,19.109598442057788,50.81074402827002
,,grass,,19.109688097727435,50.810504242282455
,,grass,,19.109286726171263,50.810571825580844
,,grass,,19.109006487903848,50.81063477367291
,,grass,,19.105288706773926,50.81075286064449
,,grass,,19.105906535600077,50.81073011096557
,,grass,,19.105912990742205,50.810864483049684
,,grass,,19.105918963153755,50.81099103795028
,,grass,,19.105792124899814,50.811030515000894
,,grass,,19.105654246454595,50.81103311963406
,,grass,,19.105769237896155,50.81092549270478
,,grass,,19.105844960415666,50.81057340581424
,,grass,,19.106141879583262,50.81071039808324
,,grass,,19.106147107398666,50.81085959938036
,,grass,,19.106155708512894,50.81100536658135
,,grass,,19.10592739019948,50.811184603306174
,,grass,,19.106563238259795,50.811034571940574
,,grass,,19.10693345918859,50.81100418399683
,,grass,,19.107167289115942,50.810999323566165
,,grass,,19.109652921681274,50.81032088725991
,,grass,,19.10930041538697,50.81020760275466
,,grass,,19.10783636330097,50.81023879480923
,,grass,,19.107539882697335,50.810244307578444
,,grass,,19.10728199920573,50.810250001270596
,,grass,,19.1070856300335,50.810254922829024
,,grass,,19.106771346781183,50.81026146604763
,,grass,,19.10644619663742,50.81026799262037
,,grass,,19.10425819600831,50.81069025037116
,,grass,,19.10428612757925,50.811106910260214
,,grass,,19.104368639730254,50.81107150628594
,,grass,,19.10434440284819,50.81064917334306
,,grass,,19.104453573408712,50.810875129127524
,,grass,,19.104515916742084,50.811045841270584
,,grass,,19.10532279126817,50.811230908958855
,,grass,,19.105166861085824,50.811178975393254
,,grass,,19.104751425182272,50.8111958204562
,,grass,,19.10456148814976,50.81120661931398
,,grass,,19.104385949704184,50.80908374897427
,,grass,,19.104584133333333,50.80911173333334
,,grass,,19.105103424651166,50.80909249525821
,,grass,,19.10518325,50.80909115000001
,,grass,,19.10530917539715,50.80908970849347
,,grass,,19.105460100000002,50.809087399999996
,,grass,,19.10555277490116,50.80908668692538
,,grass,,19.105397416201626,50.80913448307872
,,grass,,19.105025787072645,50.80914647853253
,,grass,,19.105002397457454,50.809681191845925
,,grass,,19.10508557475159,50.80960669372124
,,grass,,19.10495935677252,50.80950840561269
,,grass,,19.10493631332557,50.8095916237355
,,grass,,19.10472474227011,50.80914817417984
,,grass,,19.104452666705196,50.80922387004281
,,grass,,19.10456071076701,50.809458539866014
,,grass,,19.104441746430854,50.80947829757789
,,grass,,19.104437036105992,50.80965645929722
,,grass,,19.104610672524377,50.80972694376591
,,grass,,19.104481424361758,50.80972834818406
,,grass,,19.10431494417199,50.80948894529881
,,grass,,19.10507425725015,50.81003349186317
,,grass,,19.10495791426331,50.80994115593231
,,grass,,19.10453929238073,50.80997072015517
,,grass,,19.104272882995925,50.8099530371241
,,grass,,19.104723192717625,50.81022470451376
,,grass,,19.10602985784685,50.810194470879274
,,grass,,19.106025252102064,50.80856879663335
,,grass,,19.10606558059739,50.80846577724403
,,grass,,19.105580062824075,50.80841268320066
,,grass,,19.105635876137185,50.80871549786265
,,grass,,19.105284202126278,50.808345883323284
,,grass,,19.105098200439468,50.80832689880929
,,grass,,19.104915346191138,50.808315099526716
,,grass,,19.10474037693358,50.80832202736516
,,grass,,19.10415343330122,50.808146977574424
,,grass,,19.104076259307092,50.80830993821862
,,grass,,19.10441732506375,50.80857123447152
,,grass,,19.104914710179052,50.80881074739886
,,grass,,19.104288512444565,50.808747286662616
,,grass,,19.104326888228574,50.808893260943194
,,grass,,19.11069498853761,50.80993788722529
,,grass,,19.110415989734868,50.80994517977074
,,grass,,19.110231956275797,50.80994882826853
,,grass,,19.11013488736989,50.809959154460415
,,grass,,19.110044190681425,50.80982135837872
,,grass,,19.11011708169818,50.80955768689265
,,grass,,19.11012180001824,50.80935667015883
,,grass,,19.110124227071424,50.80921655975181
,,grass,,19.109841264488097,50.80961542865342
,,grass,,19.109828708059815,50.809113614641554
,,grass,,19.105749063478818,50.809644818595245
,,grass,,19.105843512080998,50.809070294215246
,,grass,,19.105932127928543,50.809144892437
,,grass,,19.105728057666294,50.80917887082363
,,grass,,19.105756589952144,50.80940573562311
,,grass,,19.10573601617358,50.809842374930135
,,grass,,19.105635547068466,50.81000934778075
,,grass,,19.105438977917142,50.809907185370186
,,grass,,19.105254400000003,50.808963950000006
,,grass,,19.105462849999995,50.808958249999996
,,grass,,19.105736099999994,50.808953900000006
,,grass,,19.10589347234457,50.808992623176
,,grass,,19.105478026869257,50.808998750565536
,,grass,,19.105261846340465,50.80900345777423
,,grass,,19.104870170098717,50.809008249882
,,grass,,19.104465826497204,50.80901425104793
,,grass,,19.115233599087382,50.7854728316822
,,grass,,19.115515364435463,50.78569688069762
,,grass,,19.117527855631693,50.785131852206995
,,grass,,19.1167146,50.78532230000001
,,grass,,19.116151312108357,50.78485415653303
,,grass,,19.116104379431786,50.78688008463931
,,grass,,19.116227639709184,50.78699909310701
,,grass,,19.105451352003026,50.80825777835167
,,grass,,19.11835704873227,50.78687360435285
,,grass,,19.118601445334324,50.78677211331751
,,grass,,19.11872731312899,50.786565482412016
,,grass,,19.117993507151088,50.78686000506535
,,grass,,19.117388158534162,50.78650151049824
,,grass,,19.116157315701006,50.78641150624934
,,grass,,19.115388176295795,50.78598046699136
,,grass,,19.11481798692838,50.78594094101978
,,grass,,19.115038705647923,50.78621264912879
,,grass,,19.115493055886574,50.786413081467096
,,grass,,19.11701040240999,50.782793464342056
,,grass,,19.116569945500398,50.78134860144217
,,grass,,19.115626051652402,50.78217224638172
,,grass,,19.11575754612046,50.78213225075447
,,grass,,19.1158464655614,50.7821715661052
,,grass,,19.116015084838423,50.782250560023456
,,grass,,19.116457492449452,50.78284961615362
,,grass,,19.11801867214428,50.784397312784826
,,grass,,19.115481339374107,50.784084279863514
,,grass,,19.130714862838637,50.784077486026405
,,grass,,19.130598974633436,50.784290399792724
,,grass,,19.130525052305337,50.78425172687643
,,grass,,19.130523687869466,50.78400285332521
,,grass,,19.12996910739924,50.78405344745303
,,grass,,19.13143619486364,50.7845818916875
,,grass,,19.130941005361365,50.78445196877109
,,grass,,19.13068912038065,50.78438493060691
,,grass,,19.130490748699373,50.784333907407245
,,grass,,19.130105749694565,50.78423406480435
,,grass,,19.12961751241367,50.78406266092834
,,grass,,19.12951233316621,50.7838406708395
,,grass,,19.129882144553775,50.78378135772232
,,grass,,19.130906671408283,50.78422753363345
,,grass,,19.131013204702263,50.78351219625179
,,grass,,19.131093512482572,50.78336574818926
,,grass,,19.13204611271883,50.78335175774622
,,grass,,19.131690100026983,50.78350629024924
,,grass,,19.13178623055611,50.783718895608665
,,grass,,19.13151208490125,50.78365952495593
,,grass,,19.13212078664866,50.783868802486744
,,grass,,19.132153352278355,50.78381301706408
,,grass,,19.13218008201934,50.78377941263416
,,grass,,19.132211118360946,50.783724881444144
,,grass,,19.132230402498102,50.783685952203804
,,grass,,19.131975641565784,50.783727862344655
,,grass,,19.13107403748434,50.78391523689635
,,grass,,19.132243849041426,50.784140273709674
,,grass,,19.13264357300349,50.78388730330284
,,grass,,19.133673444184367,50.78416400701862
,,grass,,19.133916701401393,50.784481734783675
,,grass,,19.133958652861388,50.784803413703195
,,grass,,19.133598264303554,50.78489727502951
,,grass,,19.132982273495408,50.78485476905916
,,grass,,19.13226483521025,50.78456828701741
,,grass,,19.13361417283521,50.785151359763375
,,grass,,19.133243823393915,50.785053163451494
,,grass,,19.13308137642711,50.78501194830167
,,grass,,19.13288307832389,50.78495934846435
,,grass,,19.132691581163634,50.78490914294379
,,grass,,19.132419231398423,50.78483880079132
,,grass,,19.132120955002637,50.78476026114715
,,grass,,19.131899961465177,50.78470459329135
,,grass,,19.132739203592532,50.78332765801892
,,grass,,19.132989693392677,50.78341495918027
,,grass,,19.133144978814062,50.783333271056705
,,grass,,19.13348943333333,50.783396466666666
,,grass,,19.13360074523477,50.78340309493357
,,grass,,19.13439226799178,50.78358042411202
,,grass,,19.134087687426803,50.78371781216195
,,grass,,19.133869024497972,50.783604686870945
,,grass,,19.1335289231815,50.78381322470185
,,grass,,19.134297394516107,50.782682082228696
,,grass,,19.133141275763005,50.78285611651137
,,grass,,19.134137953073274,50.78318032131789
,,grass,,19.134614095538694,50.7832367850805
,,grass,,19.13466634303741,50.78290141944
,,grass,,19.134198065084533,50.78280380588524
,,grass,,19.13334102512271,50.783033325493065
,,grass,,19.133821626537713,50.7832623871005
,,grass,,19.134911724658767,50.783644369184515
,,grass,,19.135023399999998,50.7836686
,,grass,,19.136878875184415,50.78411731329452
,,grass,,19.136609873163103,50.7839991951012
,,grass,,19.136380555604415,50.78401303059165
,,grass,,19.136020344357807,50.78392544317313
,,grass,,19.135425124685433,50.78387431663758
,,grass,,19.134996611864004,50.78379353970558
,,grass,,19.136021539422803,50.78475222485272
,,grass,,19.135335852647174,50.78479671030798
,,grass,,19.13539199385406,50.7850426543664
,,grass,,19.13504259155604,50.78517350666164
,,grass,,19.136750636309777,50.78292795787486
,,,wood,19.137361886154675,50.78321548882991
,,,wood,19.136732800848407,50.78302383008911
,,,wood,19.13609139464587,50.78289655221614
,,grass,,19.135764951513824,50.78283088129738
,,grass,,19.135528358110836,50.78281877130338
,,grass,,19.135245529438208,50.782895870274665
,,grass,,19.13619890861088,50.78333898150916
,,grass,,19.136178152299436,50.783665456615616
,,grass,,19.138005910688968,50.784669345791876
,,grass,,19.13782858634204,50.78476808696432
,,grass,,19.137642813657965,50.78488101303568
,,grass,,19.137470399999998,50.784996799999995
,,grass,,19.13728328634204,50.785114986964324
,,grass,,19.136737484233524,50.785300700132424
,,grass,,19.13653202900159,50.78555728874684
,,grass,,19.136344342728133,50.78549569598215
,,grass,,19.13837495827454,50.783345193459255
,,grass,,19.138712945828743,50.78355537628537
,,grass,,19.13831653180091,50.783683582997156
,,grass,,19.137749116469173,50.783939822042385
,,grass,,19.138303817380248,50.78413678691423
,,grass,,19.138516537277724,50.78442817674717
,,grass,,19.138253206010635,50.78445118382367
,,grass,,19.13798665527682,50.78443401700315
,,grass,,19.13704110789475,50.78487211093039
,,grass,,19.13686582626456,50.78564002794933
,,grass,,19.13718988770803,50.785868277952616
,,grass,,19.137730474912637,50.786087319468656
,,grass,,19.137583505748108,50.78635688521186
,,grass,,19.137426933333334,50.78643616666666
,,grass,,19.137288033333334,50.7863676
,,grass,,19.137163328815497,50.786181739800256
,,grass,,19.1369368135413,50.78615521894955
,,grass,,19.136488725516173,50.78594481705666
,,grass,,19.136361954419836,50.78575757589441
,,grass,,19.135053649032916,50.78552581842664
,,grass,,19.139443475855362,50.78455948319321
,,grass,,19.13941556615309,50.784766034150124
,,grass,,19.139310666666667,50.785072466666676
,,grass,,19.139022281928835,50.78466009592597
,,grass,,19.13871230255044,50.784703897302784
,,grass,,19.13873707141713,50.78498259029408
,,grass,,19.138423041273303,50.78521912587849
,,grass,,19.138104355786805,50.785496749396934
,,grass,,19.13755818307435,50.78523797832206
,,grass,,19.1380768611288,50.78585081065281
,,grass,,19.137550153136576,50.78566577562371
,,grass,,19.139283133333333,50.78371179999999
,,grass,,19.139283269967855,50.783894863394316
,,grass,,19.139665263027748,50.783939054710494
,,grass,,19.140305488620474,50.784350002295
,,grass,,19.13948298893042,50.78435325825859
,,grass,,19.112300933333334,50.81967863333333
,,grass,,19.11243243081337,50.819654123900335
,,grass,,19.11278866666667,50.8196041
,,grass,,19.112687218689977,50.81961095938606
Skwer Profesora Zbigniewa Religi,park,,,19.09685070295335,50.8072640059801
,,,wood,19.108537825115647,50.775531164073385
,,grass,,19.142971364717532,50.78440032539829
,,grass,,19.1148287364896,50.82362273744713
,,grass,,19.114882725161205,50.823417361418564
,,grass,,19.114691999445533,50.8233800760246
,,grass,,19.115859555982198,50.82188838425259
,,grass,,19.11610836837915,50.82137476599356
,,grass,,19.116047720586742,50.821287198620965
,,grass,,19.11755749031259,50.82159948413483
,,grass,,19.11759298048752,50.82148159084358
,,grass,,19.11551186531478,50.82375135405202
,,grass,,19.115763524868406,50.82655131517282
,,grass,,19.11489689225739,50.82598293983638
,,grass,,19.11655540021364,50.82589284494188
,,grass,,19.117835933333332,50.82125143494788
,,grass,,19.11686502818991,50.82285595052205
,,grass,,19.11718496903441,50.82278483688231
,,grass,,19.116898585053878,50.82296936694051
,,grass,,19.13600722630406,50.81852053628122
,,grass,,19.136124540311442,50.81876924584591
,,grass,,19.136469285594128,50.81873067386784
,,grass,,19.11659862916629,50.82565708697003
,,grass,,19.11610094528565,50.82558606720815
,,,grassland,19.08652402748703,50.82212772892451
,,grass,,19.11073221303885,50.80189402521779
,,grass,,19.110337872025642,50.80162426596078
,,grass,,19.11116887553307,50.80147595662728
,,grass,,19.11120315376526,50.801353418300636
,,grass,,19.111172091350422,50.801238050050344
,,grass,,19.111245745183286,50.801115476690526
,,grass,,19.111479181759144,50.80102313071228
,,grass,,19.11140330772478,50.80118476844369
,,grass,,19.11132145543204,50.80175149298426
,,grass,,19.11110756837826,50.80229040122678
,,grass,,19.111177632485013,50.800560775437
,,grass,,19.110157642386277,50.800306186797556
,,grass,,19.110994469831574,50.799735249708256
,,grass,,19.110759062753797,50.79973644693148
,,grass,,19.110400702489763,50.79977130103148
,,grass,,19.109706727007552,50.79991683020587
,,grass,,19.10953497035271,50.80017027553501
,,grass,,19.10945856916041,50.800266716412885
,,grass,,19.109335822667475,50.80021595883592
,,grass,,19.109095420445875,50.800331473671704
,,grass,,19.108910420559415,50.800088257522056
,,grass,,19.10879522228525,50.800249968908695
,,grass,,19.108510344590556,50.8005075198839
,,grass,,19.108610140992194,50.80063512513504
,,grass,,19.108739524894887,50.80061772559729
,,grass,,19.108723135925434,50.79993510348462
,,grass,,19.110362876943956,50.79969056178254
,,grass,,19.109437791558733,50.799855062180086
,,grass,,19.108428153476304,50.80043786773052
,,grass,,19.108083386818482,50.800944428451956
,,grass,,19.10792081996041,50.80115688859411
,,grass,,19.107737190963313,50.80123481650544
,,grass,,19.107499403542878,50.80134211301031
,,grass,,19.1073099351128,50.80142632668769
,,grass,,19.108288744549416,50.801005520079734
,,grass,,19.108922295684568,50.80060571984172
,,grass,,19.109235109505608,50.80055171109582
,,grass,,19.109484003710694,50.800512366113395
,,grass,,19.109591201421793,50.80049437146165
,,grass,,19.109542233333332,50.800615799999996
,,grass,,19.109131616335215,50.800706152492474
,,grass,,19.108650942919105,50.80083385244583
,,grass,,19.108694006161205,50.8011167376485
,,grass,,19.109424761150198,50.80092052407273
,,grass,,19.109584359582186,50.80125652271271
,,grass,,19.109177034545134,50.801307220074726
,,grass,,19.108507760939283,50.80120762556916
,,grass,,19.108737697708722,50.801313409565886
,,grass,,19.109307672590994,50.801726800541324
,,grass,,19.10891830868247,50.80151651585476
,,grass,,19.108949363650265,50.80176460916021
,,grass,,19.10859940073549,50.801745416750116
,,grass,,19.109852928416746,50.80204290422385
,,grass,,19.110104432888814,50.80211684426562
,,grass,,19.110793401771957,50.80244302323754
,,grass,,19.110941343452943,50.80266531600632
,,grass,,19.110518068349897,50.802687404893724
,,grass,,19.10993424468364,50.80234252016845
,,grass,,19.110154787835985,50.80227822989025
,,grass,,19.109450840671872,50.80236003323328
,,grass,,19.10977313195651,50.802176882754644
,,grass,,19.108528461979315,50.80229460998948
,,grass,,19.10954800474925,50.80214563208473
,,grass,,19.10911362173902,50.80201679647703
,,grass,,19.10893069120677,50.802103924005166
,,grass,,19.108546074911263,50.80192395020961
,,grass,,19.108160261862636,50.801972644857976
,,grass,,19.108130929616724,50.80181171588732
,,grass,,19.107997219723718,50.80189340509473
,,grass,,19.10781005734946,50.801941582044144
,,grass,,19.107501261678888,50.80199748217609
,,grass,,19.10767972891982,50.80207584400869
,,grass,,19.107886313494525,50.80209051509842
,,grass,,19.107725014374537,50.80218089834643
,,grass,,19.107778666968652,50.80238197782301
,,forest,,19.08042492477485,50.89053973852873
,,forest,,19.07770015092478,50.8929156825939
,,forest,,19.090059003831854,50.897058387428096
,,forest,,19.09645445290703,50.892834165726406
,,grass,,19.127101901751537,50.80970910735234
,,grass,,19.126779641465415,50.809386440150796
,,grass,,19.127595676879398,50.809370718968495
,,grass,,19.117991335879505,50.804950408225785
,,grass,,19.11803305769105,50.805963723147784
,,forest,,19.210286365220238,50.82218252947241
,,forest,,19.210126242818845,50.82245246117709
,,forest,,19.2086580325893,50.82250372806901
,,forest,,19.207361207382508,50.82430857307144
,,grass,,19.17528558770013,50.840592061270364
,,meadow,,19.06664515731792,50.85757976149337
,,forest,,19.06550846837057,50.857391897986716
,,grass,,19.109050332960532,50.80102379728462
,,grass,,19.107897151090455,50.80123344411506
,,grass,,19.107872188575126,50.80147514548934
,,grass,,19.107356030541325,50.80166727048842
,,grass,,19.107407284248648,50.801819315292825
,,grass,,19.11459353488986,50.836949991073936
Skwer Lotników,,grass,,19.19344451971969,50.77556628864469
,,grass,,19.109018757354754,50.79976606020452
,,grass,,19.108660107926866,50.799657201606365
,,grass,,19.108843327737862,50.79968963147135
,,grass,,19.108889390891285,50.79958918354438
,,grass,,19.108708681195598,50.79951074051958
,,grass,,19.10905201532783,50.79969615907815
,,grass,,19.1094462785746,50.79942252282274
,,,wood,19.109382970957892,50.799200732468904
,,grass,,19.10976876666667,50.799186633333335
,,grass,,19.108937684999145,50.798353269094065
,,grass,,19.10853704554555,50.7991114426388
,,grass,,19.108764265031933,50.79887764374789
,,grass,,19.109060765750858,50.79883140174768
,,grass,,19.109356788709253,50.79878913427531
,garden,,wood,19.108860298476014,50.79907997527351
,garden,,wood,19.109176763190625,50.799031456116744
,garden,,wood,19.10947114604011,50.79898524999565
,,grass,,19.110957166801242,50.798484790932804
,,grass,,19.110768757146836,50.79847857598005
,,grass,,19.111240844739207,50.79848304224057
,,grass,,19.111449402297588,50.79851239843397
,,,wood,19.110412924462423,50.79822681993734
,,,wood,19.11064952034487,50.797979005264125
,,grass,,19.110450802044607,50.79795185793403
,,grass,,19.11057710255921,50.798148263245025
,,grass,,19.110843361193606,50.798068876115394
,,,wood,19.111866212429824,50.798295129552145
,,grass,,19.111675135255414,50.79815720322697
,,grass,,19.11122653879386,50.798005931203704
,,grass,,19.111547821049236,50.798000796884786
,,grass,,19.107675583009225,50.80190060505874
,,grass,,19.10795330236075,50.80181587284067
,,grass,,19.1080551995365,50.801788101500435
,,grass,,19.10839025271603,50.80168873190603
,,grass,,19.108792833933453,50.801533341978924
,,grass,,19.11047609214054,50.80098297243709
,,grass,,19.110355849025833,50.801086499037694
,,grass,,19.11017361923214,50.80100114812511
,,grass,,19.109911968096828,50.80102411848803
,,grass,,19.110086033847733,50.800875148328636
,,grass,,19.110537804803283,50.80083663451914
,,grass,,19.1089074532704,50.79863635029411
,,grass,,19.108197976030713,50.799375309746395
,,grass,,19.108055389893813,50.79964262355423
,,grass,,19.107714190057504,50.79944497942192
,,grass,,19.10759141984965,50.79944109109995
,,grass,,19.107609330083992,50.79979042931493
,,grass,,19.107856078421836,50.79992142819551
,,grass,,19.10803833304628,50.79989473586349
,,grass,,19.10822961014587,50.79986742318646
,,grass,,19.10847987469119,50.799831487866626
,,grass,,19.10758310882565,50.79927351808742
,,grass,,19.107600423546792,50.79914949147736
,,grass,,19.106746414926434,50.799386542522974
,,grass,,19.10628324335964,50.79935854146492
,,grass,,19.106582286638478,50.799284695153354
,,grass,,19.107092500650438,50.79930150677677
,,grass,,19.1073062684433,50.799230223064505
,,grass,,19.107750944704662,50.799062462698124
,,grass,,19.107960989845733,50.79908004674455
,,grass,,19.107702953871467,50.79883665159266
,,grass,,19.10698234749936,50.798754462911404
,,,wood,19.110825317448974,50.79894379704654
,garden,,,19.110538867851766,50.79885467859737
,,grass,,19.11009252501239,50.79951163169065
,,grass,,19.110022777892947,50.79931745703821
,,grass,,19.10988302187684,50.799046806378634
,,grass,,19.110232703512946,50.79943984020134
,garden,,,19.11020453492827,50.79911877384281
,garden,,,19.11054861579246,50.799402737897076
,,grass,,19.108796741724213,50.80055097112319
,,grass,,19.10895839424766,50.80053178687814
,,grass,,19.109142206104313,50.80050813886898
,,grass,,19.109328663838077,50.80048459620281
,,grass,,19.10948092967962,50.8004649236621
,,grass,,19.10881364880638,50.80090396928646
,garden,,,19.108983716978486,50.80088096590147
,garden,,,19.109167896206127,50.80085737812085
,garden,,,19.109353564191046,50.800834315229245
,,grass,,19.10951337582351,50.80081188722149
,garden,,,19.10884192015273,50.80124752373072
,,grass,,19.10900787151365,50.801225961652214
,,grass,,19.109192973816267,50.80120178357125
,,grass,,19.109378281181012,50.801177668294535
,,grass,,19.10952789471234,50.80115764286378
,,grass,,19.110085371553655,50.80160809148375
,,grass,,19.11007360239343,50.8014804899621
,,grass,,19.10984921625807,50.80167558737024
,,grass,,19.10964976525046,50.801489333083744
,,grass,,19.109673948506494,50.80187425287152
,garden,,,19.148387650189747,50.78560473984817
,garden,,,19.148341798616155,50.785956200331725
,garden,,,19.148151960011756,50.78560388400581
,,grass,,19.151030464637014,50.807393447671984
,,grass,,19.13755538740682,50.80512306914185
,,grass,,19.12920864444355,50.816928778794576
,,grass,,19.11081696764867,50.801095408901176
,,grass,,19.110833231768666,50.80100287045192
,,grass,,19.110852982122644,50.800899086327945
,,grass,,19.11087185174995,50.800793095083584
,,grass,,19.110888950606064,50.800682895118214
,,grass,,19.110907416667516,50.800581265257755
,,grass,,19.11092616662024,50.80047976714958
,,grass,,19.110942002169022,50.80036117037438
,,grass,,19.110915546538248,50.80024350127815
,,grass,,19.110857627715966,50.80012934481426
,garden,,,19.110800757933628,50.800013767821525
,garden,,,19.110725298391305,50.79988732814944
,,grass,,19.1104470186959,50.800031662818995
,,grass,,19.110210247059648,50.80007217824117
,,grass,,19.110025642993257,50.80009782462547
,,grass,,19.109832460758067,50.8001101713644
,,grass,,19.109665276284673,50.80012521047253
,,grass,,19.10946074807771,50.80011747600815
,,grass,,19.109266243790128,50.800142738103084
,,grass,,19.10911092403451,50.80016133140725
,,grass,,19.114006498375463,50.824633407698165
,,grass,,19.11385888080359,50.82444938168366
,,grass,,19.11581732006036,50.82411501492496
,,forest,,19.229573625221857,50.890412645458774
,,forest,,19.228932975782325,50.89343141818621
,,forest,,19.229339124242603,50.89380149603037
,,meadow,,19.232261736902895,50.89180499882934
,,forest,,19.231406468831995,50.89276401786135
,,forest,,19.231983453170145,50.89077656082185
,,meadow,,19.236715103933076,50.89129393424931
,garden,,,19.1141636628734,50.80001173818619
,garden,,,19.112094094867444,50.799699621009964
,,grass,,19.10773353707006,50.801024696704374
,,grass,,19.10769313508706,50.8010901545419
,,grass,,19.107218244944207,50.80125537488556
,garden,,,19.107926045685065,50.80130193183571
,garden,,,19.106768467822448,50.79984990575825
,garden,,,19.110454921107998,50.799381107582334
,,,wood,19.109669411119192,50.79810516520537
,,grass,,19.110224692885225,50.80045635527567
,,grass,,19.109733064774964,50.800788284726316
,,grass,,19.109889609071658,50.80119983711153
,,grass,,19.11016548243159,50.80295707313249
,,,wood,19.11059314544243,50.79860142085716
,,,wood,19.108287242339088,50.79865532389639
,,grass,,19.128667876299073,50.81204922016195
Skwer osiedlowy przy ulicy Księżycowej,park,,,19.122889658978274,50.825126846924
,,,grassland,19.12331616623976,50.824411891388394
,,,wood,19.119695500000002,50.82562803333334
,,,wood,19.12097671723519,50.82588354668482
,,,wood,19.12375257362872,50.8250078056736
,,,wood,19.12371110934962,50.82609458127211
,,grass,,19.20618879017521,50.89277648723514
,,,grassland,19.20612652762158,50.889367803162244
,,grass,,19.21239686494151,50.88737182261979
,,grass,,19.19268311682408,50.88557527855663
,,,grassland,19.184313404314214,50.883361579720024
,,,grassland,19.215589794539614,50.89043623075128
,,,grassland,19.218544104133258,50.88424604550608
,,,grassland,19.199235449979142,50.888650365205415
,,,grassland,19.19643493332347,50.88895115123865
,,grass,,19.201602802293625,50.88990755144256
,,grass,,19.203146160592194,50.888376918363974
,,grass,,19.204225773441202,50.88897319533375
,,grass,,19.20187941950724,50.88804667443218
,,grass,,19.20233625354337,50.888823797035734
,,grass,,19.203319046629854,50.889306345869855
,,grass,,19.20305492055044,50.88953253291537
,,grass,,19.203420209757162,50.889848406785575
,,grass,,19.202422323406907,50.889537687164946
,,grass,,19.216726966946997,50.89704912049107
,,grass,,19.131738343025997,50.78506536129735
,,grass,,19.132159833321918,50.785189626895374
,,grass,,19.132537492755464,50.78563305331519
,,grass,,19.130165436501787,50.78557067086664
,,grass,,19.13143815,50.78632795000001
,,grass,,19.133525713382866,50.7855765340899
,,grass,,19.132118196747516,50.786444726605346
,,grass,,19.132376062705248,50.784964148810076
,,grass,,19.130844845829756,50.78504380587173
,,grass,,19.1316482402444,50.78683081087284
,,grass,,19.130587666179657,50.78677099777945
,,grass,,19.13163361224545,50.787311082811826
,,grass,,19.130539732113398,50.78492266305444
,,grass,,19.13116799429881,50.784714372134935
,,grass,,19.132354947660605,50.78712343710621
,,grass,,19.132391625989804,50.787064490798
,,grass,,19.133737403726617,50.7867851953626
,,grass,,19.13409539156749,50.78612665866971
,,grass,,19.13361120417658,50.78646154921898
,,grass,,19.134579950000003,50.78627260000001
,,grass,,19.13472212282423,50.7858555200264
,,grass,,19.133891758734695,50.78717330120006
,,grass,,19.1326265280155,50.78629939190425
,,grass,,19.131852593593443,50.786048897510234
,,meadow,,19.151306386762172,50.76177198913861
,,meadow,,19.155296864182056,50.76126236487208
,,forest,,19.18362035226568,50.756313281403365
,,forest,,19.186252490559177,50.75741028420463
,,residential,,19.1844966547584,50.75842311793607
,,forest,,19.18508273400576,50.75895793106339
,,,,19.18506380367832,50.75894065662882
,,forest,,19.174237956324856,50.83333475195727
,,,wood,19.17553492622078,50.79054790725903
,,,wood,19.17844456968891,50.793099527191096
,,,wood,19.16443743919685,50.79112705071127
,,,wood,19.166536309202407,50.787929206212
,,,wood,19.169294844888523,50.79092583146158
,,,wood,19.17144491466289,50.79025061686353
,,,grassland,19.17476748847309,50.790014501731726
,,,wood,19.173804688578205,50.7870833725209
,,,wood,19.168769648379513,50.78598067153565
,,,grassland,19.167605346713177,50.786190680781786
,,,wood,19.166536178486588,50.7859356767346
,,,wood,19.18380088782284,50.77611665256689
,,,wood,19.178818806413176,50.78276171966342
,,,wood,19.1788632348881,50.784877048926845
,,,wood,19.166229671603734,50.78912985962491
,,,grassland,19.16744808505106,50.790120752631466
,,,grassland,19.165212461584563,50.788746536826885
,,forest,,19.086361593923435,50.85702181282584
,,forest,,19.084683132062533,50.85724763726587
,,forest,,19.083706411318115,50.85647188075027
,,forest,,19.083086717015448,50.85604354162101
,,,wood,19.090657456315306,50.82741831644158
,,forest,,19.09249188535806,50.82666732916837
,,forest,,19.228107322638028,50.85406703067862
,,forest,,19.224490589134383,50.850628584932174
,,forest,,19.239696868932793,50.8503542106407
,,forest,,19.226240369003982,50.849848831551775
,,forest,,19.22539845117604,50.8495749911103
,,forest,,19.21960049755732,50.843382888365895
,,forest,,19.222027989213938,50.84584369860294
,,forest,,19.21438035057154,50.84270860782046
,,forest,,19.21420771990186,50.844620586608556
,,forest,,19.074148236507163,50.80961312591579
,,forest,,19.07555073725334,50.80942235388761
,,forest,,19.074128543466585,50.811707630614826
,,forest,,19.080729739151522,50.80788502138504
,,forest,,19.078885476724295,50.80871883929014
,,forest,,19.15368566863882,50.82703379603469
,,meadow,,19.153787535801598,50.83109467094007
,,forest,,19.151067919385703,50.83020889981296
,,forest,,19.15026451817139,50.83087847429191
,,forest,,19.149237521241588,50.82979734346571
,,forest,,19.147380495600647,50.8287072820237
,,forest,,19.16711977867608,50.82895004899617
,,meadow,,19.16798803248631,50.8279845243675
,,meadow,,19.15506395785204,50.833114825529734
,,meadow,,19.154434616333155,50.834101862665015
,,forest,,19.153970605970308,50.833240204614086
,,,scrub,19.158724407359905,50.83175556848405
,garden,,,19.148492354910196,50.78572482051193
,garden,,,19.147950932447376,50.78582540432223
,garden,,,19.148100688878404,50.78594438274811
Rondo Praw Kobiet,garden,,,19.110094622794232,50.79772194839169
,garden,,,19.109487963168725,50.80184104961068
,garden,,,19.109446248017637,50.80171649509084
,garden,,,19.11142872270465,50.80276602647534
,,grass,,19.11137689398217,50.802681709925615
,,grass,,19.112222482122302,50.802783179083356
,,grass,,19.11232261274751,50.8027825682848
,,grass,,19.112199489619176,50.802563340434084
,,grass,,19.112130133006946,50.80260843848367
,,grass,,19.111992815052538,50.802710041901925
,,grass,,19.112054268088055,50.802590011956084
,,grass,,19.111806140424356,50.80262766406513
,,grass,,19.111896677818095,50.80266958429895
,,grass,,19.111871774120026,50.802563788898986
,,grass,,19.111777208689922,50.802341356730416
,,grass,,19.138286971946457,50.840791265914916
,,grass,,19.136477227177945,50.840744149903244
,,grass,,19.132936667936217,50.840736708076435
,,grass,,19.109922228895144,50.80246690578595
,,grass,,19.109963821163372,50.80264164118094
,garden,,,19.109148543589832,50.803101856533615
,,grass,,19.10962560967902,50.802876933861995
,,grass,,19.10921741120009,50.80272279495929
,garden,,,19.109289294242764,50.80290530136381
,garden,,,19.109090520807168,50.80286254048065
,,grass,,19.107938038245873,50.8033175938068
,,grass,,19.108359218507598,50.80283488228375
,,grass,,19.108060232680497,50.80296138006734
,,grass,,19.107778322525665,50.802752229173684
,,grass,,19.10818973162491,50.802735241788845
,,grass,,19.10794317320651,50.80304757532912
,,grass,,19.108544476377183,50.80328182195064
,,grass,,19.108467393856888,50.80320792432536
,,grass,,19.10874686958883,50.80309398771633
,garden,,,19.10894462513055,50.803122324625875
,,grass,,19.1088045727576,50.80247622686827
,,grass,,19.10879053015835,50.802387435646345
,,grass,,19.108793849325906,50.80226856286744
,,grass,,19.108710823851105,50.802688251866485
,,grass,,19.108439610016845,50.80265628142513
,,grass,,19.108830051326184,50.80256536712301
,,,grassland,19.058330826011492,50.77854564848174
,,,wood,19.107215412734554,50.800838728150204
,,grass,,19.107197151967632,50.80053310643639
,,,wood,19.087907154888093,50.79722052248252
,,,grassland,19.0867871911392,50.7974180990143
,,,grassland,19.087642259722404,50.796797405221824
,,grass,,19.10310142501365,50.800603249338884
,garden,,,19.104685651073012,50.800114867796005
,garden,,,19.104690646389752,50.79994498472361
,,,grassland,19.10357539813072,50.801282686047465
,,grass,,19.1049743060993,50.799858088026156
,,grass,,19.104725815011022,50.80061471832697
,,grass,,19.104757603628507,50.8004650581799
,,grass,,19.10518188588983,50.8004095867619
,,grass,,19.106470902111035,50.80061297409781
,,grass,,19.105853634150886,50.79994646564087
,,grass,,19.10692541641357,50.80027189545778
,,grass,,19.10498425577566,50.80111646459278
,,grass,,19.105495067978815,50.800251556910595
,,grass,,19.103762963362446,50.800259557075094
Tomżyńska Magdalena. Pracownia projektów zieleni,garden,,,19.052311129009492,50.76332063137471
,,,wood,19.051890114108446,50.76781149617371
,,,grassland,19.084375235817827,50.796566301563736
,,,grassland,19.085520316746486,50.797445904033076
,,,grassland,19.08594388589301,50.79750666621238
,,,wood,19.086561953620713,50.79590496522283
,,,grassland,19.093864274012333,50.79750089382442
,,,wood,19.09111990465266,50.797376079860825
,,,grassland,19.079265629001902,50.79763793509251
,,grass,,19.111525759244664,50.80183596145946
,,grass,,19.111499777749923,50.802876398941784
,,grass,,19.111732575672377,50.80051350946475
,,grass,,19.111874706826416,50.80092943126072
,,grass,,19.111132495090867,50.79957268794637
,,grass,,19.110918999428893,50.799588931320024
,,grass,,19.111361927755016,50.79966562648409
,,grass,,19.11152340507526,50.80030660325297
,,grass,,19.111682910005275,50.80094046034836
,,grass,,19.11170170831597,50.80108643048466
Skwer Zbigniewa Dobosza,park,,,19.15596891854943,50.777539431112196
,,grass,,19.111082785782646,50.79949204058062
,,grass,,19.11096652782846,50.79953092576181
,,grass,,19.11198777679737,50.80061774117602
,,grass,,19.112389119574516,50.800509381854965
,,grass,,19.115808830690607,50.8004508442553
,garden,,,19.112289063468836,50.800704947441744
,,grass,,19.1115508915724,50.79950757734813
,,grass,,19.112070488227445,50.79872951481423
,,grass,,19.111934072004267,50.79971638048421
,,grass,,19.111651212229983,50.79963576127748
,,grass,,19.112602189306845,50.799421825164174
,,grass,,19.112394117995596,50.79942424737018
,,grass,,19.11220026375788,50.79942790659656
,,grass,,19.112125974608922,50.79923622314139
,,grass,,19.112709400383373,50.79922827949522
,,grass,,19.112470258125015,50.79923686443969
,garden,,,19.112270179605524,50.799092067525734
,garden,,,19.11184941759553,50.79910197670802
,,grass,,19.112871289603355,50.79907369062045
,,grass,,19.112369412968707,50.79904731194974
,,grass,,19.112124967555566,50.80025997526654
,,grass,,19.112006422425225,50.80016203615904
,,grass,,19.111567652585464,50.79980678161632
,,grass,,19.205354386387697,50.883746844935246
,,,,19.2018124376863,50.8835983505483
,,grass,,19.201016126168675,50.88665001177317
,,,,19.202290711792617,50.886329271804726
,,grass,,19.110925192227768,50.79903662505377
,,grass,,19.11054669507217,50.79956033204106
,,grass,,19.111176244789792,50.79891734310103
,,grass,,19.111290435664227,50.79948777020542
,,grass,,19.11134594444576,50.799019737404485
,,grass,,19.111093729753716,50.799303211189404
,,grass,,19.111490622988057,50.79957705056027
,,grass,,19.11116268893204,50.79968033189317
,,grass,,19.111376703481397,50.80034106582297
,,grass,,19.114144261702982,50.80019320175556
,,grass,,19.073309075968275,50.79445527410707
,,grass,,19.073237527316895,50.794458571990305
,,forest,,19.0723104835742,50.79100432945401
,,grass,,19.08098551937706,50.79427207557799
,,grass,,19.07383590226554,50.79032984266155
,,,grassland,19.073172328924073,50.79383632103762
,,grass,,19.075450598025327,50.794135972938825
,,grass,,19.07481996510195,50.794125862057506
,,grass,,19.074239799337118,50.7941668731346
,,grass,,19.07385538399381,50.79419877860493
,,grass,,19.07366461191699,50.79421353533441
,,grass,,19.073485205125728,50.79423245979173
,,grass,,19.073235002063743,50.79425666622981
,,,grassland,19.07560193229103,50.793575136975356
,,meadow,,19.077040686983903,50.79250254655832
,,,wood,19.076937145560795,50.792990172583764
,,,wood,19.075553818925638,50.79311392567297
,,,grassland,19.075724953083487,50.79254152957129
,,grass,,19.100045927001997,50.83153635029247
,,forest,,19.097678369435076,50.83081447212368
,,forest,,19.09716916093388,50.830441209303885
,,meadow,,19.096776179690643,50.82874693305501
,,meadow,,19.095522366728062,50.82781972711728
,,grass,,19.095538726044126,50.82688962149503
,,forest,,19.096250233869014,50.82812525256792
,,,wood,19.094370811248144,50.82757833164196
,,forest,,19.095574090764856,50.82932904201388
,,,wood,19.094851536133145,50.82867393458666
,,forest,,19.093398866666668,50.82753986666667
,,grass,,19.08325323290542,50.794632177508845
,,grass,,19.082967390037133,50.79461579363352
,,grass,,19.08264818328326,50.79459642814808
,,grass,,19.081907179702373,50.794552212741785
,,grass,,19.082236345368088,50.794571755601645
,,grass,,19.08153345865389,50.794530375854166
,,grass,,19.080947952915107,50.7944962482903
,,grass,,19.080264104053757,50.79445580685073
,,grass,,19.079433396704324,50.79440733462359
,,grass,,19.079550421194416,50.794369257744506
,,grass,,19.080527593927485,50.79397497148143
,,grass,,19.08049793297315,50.793867215326344
,,grass,,19.080957479456806,50.79442927872972
,,grass,,19.07866903244993,50.792897585236915
,,meadow,,19.078705025150477,50.7924546514731
,,meadow,,19.07879508539061,50.79264626922538
,,meadow,,19.07862835715786,50.792320651873716
,,meadow,,19.08015878083953,50.79282116481626
,,,wood,19.07998930599396,50.79309318421986
,,meadow,,19.079524894018494,50.79427428232473
,,,wood,19.079211790238656,50.79370251841082
,,,wood,19.07889297568177,50.79311408011919
,,,grassland,19.082147603451205,50.793096650615446
,,meadow,,19.09141552918334,50.7810912366106
,,grass,,19.11354575155753,50.798442238168434
,,grass,,19.112972866666667,50.798543
,,grass,,19.11336467495484,50.79850574443796
,,grass,,19.112688218562145,50.79819633259791
,,grass,,19.11251310158678,50.79826970056941
,,grass,,19.112516201394797,50.79814913774244
,,grass,,19.112463670867708,50.798221691761036
,,grass,,19.112145409211827,50.79804606834802
,,grass,,19.10566869033807,50.801428126727394
,,grass,,19.105746131806246,50.801589152756925
,,grass,,19.107248114564566,50.80190843055183
,,grass,,19.1063180582389,50.80205387314868
,,grass,,19.10611909600949,50.8020362243151
,,grass,,19.106125855943112,50.80183915986137
,,grass,,19.10604449872738,50.801670998233696
,,grass,,19.106880123637733,50.80197594833629
,,grass,,19.10697329920821,50.80191029808686
,,grass,,19.10656707468286,50.801968379316996
,,grass,,19.106941326850922,50.801768752606385
,,grass,,19.10681455579313,50.80168505557541
,,grass,,19.106581984370795,50.8017157731102
,garden,,,19.106264728155477,50.80177816426223
,,grass,,19.106885483904605,50.801860366275136
,,grass,,19.106590794196535,50.80189190947933
,,grass,,19.106407561132897,50.80191956953818
,,grass,,19.1063545053441,50.80190451782213
,garden,,,19.10643972639692,50.80182848803823
,,grass,,19.106444085818058,50.80174889510118
,,grass,,19.1063639375163,50.80168533057725
,,grass,,19.1066950022851,50.8016280510372
,,grass,,19.107067015839345,50.801679287740576
,,grass,,19.106329659537057,50.801613886440464
,,grass,,19.10685603065642,50.801510323986975
,,grass,,19.107079039911138,50.801482647578084
,,grass,,19.107161982106476,50.801582619190874
,,grass,,19.104555246551747,50.802164478769534
,,grass,,19.104511400123688,50.80205086741476
,,grass,,19.10440320800811,50.8019420902877
,,grass,,19.10455305851948,50.801917702329874
,,grass,,19.104656137754425,50.80199927448999
,,grass,,19.105338935598002,50.80191852102018
,,grass,,19.105881099999998,50.80178286666666
,,grass,,19.105809043392643,50.80171871161446
,,grass,,19.104507477150307,50.80177819582086
,,grass,,19.113815242704163,50.79905459259655
,,grass,,19.113379870347007,50.79887704434457
,,grass,,19.113547464877964,50.79869910710213
,,grass,,19.11297280457644,50.798726465899975
,,grass,,19.113049082909615,50.79881791754284
,,grass,,19.112874400009215,50.79881640751929
,,grass,,19.115337878048575,50.79959397915389
,,grass,,19.115663333333337,50.79960173333333
,garden,,,19.1151365935462,50.79937160509516
,,grass,,19.115023595257846,50.7992878971663
,,grass,,19.114646546732754,50.799046405940274
,,grass,,19.114491156314255,50.799109878428084
,,grass,,19.11447903441016,50.79932668625602
,,grass,,19.114099154385016,50.79928352655527
,,grass,,19.11401622355796,50.79904322451179
,,grass,,19.114087909799398,50.798835200813734
,,grass,,19.102855965158987,50.8021255993207
,garden,,,19.104247260194974,50.80225502343652
,,grass,,19.104196784938583,50.80196502516767
,garden,,,19.102979382117873,50.80230657327805
,,grass,,19.1029213,50.80218336666667
,,grass,,19.103661813491602,50.802186401332314
,,grass,,19.102349101359685,50.80243964661319
,,grass,,19.10263807884501,50.80241954658554
,,grass,,19.10260341900818,50.802153224031414
,,grass,,19.11197200151571,50.79957072062049
,,grass,,19.11220142884713,50.79955661341032
,,grass,,19.112710348599723,50.79953566177822
,,grass,,19.112657299121164,50.79955480501564
,,grass,,19.11304437440465,50.79955849851259
,,grass,,19.113249208255695,50.79953887740903
,,grass,,19.113493333393585,50.79955551157848
,,grass,,19.114122725642737,50.799583869092515
,,grass,,19.114346582050104,50.79958826948645
,,grass,,19.114852654784688,50.79959976124402
,,grass,,19.11464985394417,50.79959213841631
,,grass,,19.11473652594701,50.79951454456204
,,grass,,19.114814625528783,50.79951689438846
,,grass,,19.115072803716036,50.799522766357036
,,grass,,19.115507297172385,50.799531344044134
,,grass,,19.11504062323633,50.7995822733473
,,grass,,19.115201874500823,50.799627544215866
,,grass,,19.101221099112095,50.800927818127214
,,grass,,19.122113148591506,50.794285999870084
,,grass,,19.125542956780556,50.791534413165984
,,forest,,19.1391065769601,50.85172082159973
,,grass,,19.139124381823486,50.851253839510484
,,grass,,19.107366686949092,50.800014120078046
,,grass,,19.107194789487682,50.80005120257829
,garden,,,19.110803506528303,50.802500017588606
,garden,,,19.115823463779808,50.80009507930604
,garden,,,19.115508855244595,50.799813543425934
,garden,,,19.11503413581279,50.799749325023726
,garden,,,19.114612011608653,50.79973057832855
,garden,,,19.114196205287897,50.7997728512541
,garden,,,19.11378695706272,50.799765591232195
,garden,,,19.11326848708119,50.79970785680222
,garden,,,19.11280192570904,50.79968663064464
,,grass,,19.113546626921885,50.799455695431725
,,grass,,19.113264277926017,50.79944522461585
,garden,,,19.113691159080947,50.799290455222476
,garden,,,19.113402270037557,50.79927870465491
,garden,,,19.11311287685331,50.799271775925554
,,grass,,19.11392561272717,50.80057348591194
,,grass,,19.112798599109425,50.800587796039096
,garden,,,19.112024722474633,50.8003520489103
,garden,,,19.11248757274517,50.79999048584583
,garden,,,19.11299669457809,50.79998540044774
,garden,,,19.113629441557666,50.79999166022947
,garden,,,19.113872279607218,50.79999668495395
,,grass,,19.11537228201847,50.801033144085174
,,grass,,19.11536002680104,50.800707677822594
,garden,,,19.115111449020347,50.800773762361274
,,grass,,19.115181387240774,50.80087011484575
,garden,,,19.115175991743943,50.80095969005786
,garden,,,19.11491820722341,50.800967759148314
,,grass,,19.114789644318044,50.800769170704854
,garden,,,19.114908214202853,50.80069530117304
,,grass,,19.114796393975613,50.80066505819522
,,grass,,19.114633700280898,50.800921863202106
,,grass,,19.114185350499568,50.800893706659465
,,grass,,19.113876363546787,50.80088951550914
,,grass,,19.113631319046284,50.80088616438946
,,grass,,19.1133795143481,50.80088444413848
,,grass,,19.11314222765459,50.80088396662977
,,grass,,19.11293874710848,50.800884058193795
,,grass,,19.112736504450822,50.800910551829425
,,grass,,19.112685907502744,50.80084866195416
,,grass,,19.112873324030563,50.800838334999604
,,grass,,19.113142800659126,50.800839340049436
,,grass,,19.113385368413546,50.80083558800354
,,grass,,19.113646247497414,50.80082752413785
,,grass,,19.11386847592529,50.800822126060226
,,grass,,19.11410362486835,50.80082161516319
,,grass,,19.11437348363592,50.8008219417812
,,grass,,19.114374918380793,50.800694472604754
,,grass,,19.1139897,50.80065640000001
,,grass,,19.113484487749055,50.80069279713313
,,grass,,19.1130151,50.800671566666665
,,grass,,19.11280188869588,50.800698168614524
,,grass,,19.106694142562763,50.80217740348685
,,grass,,19.10728178527593,50.80209282644982
,,grass,,19.10733774152073,50.80228661421375
,,grass,,19.106777570477956,50.802306062792205
,,grass,,19.10534082947958,50.802164373221146
,,grass,,19.10552325820544,50.80215446168733
,,grass,,19.10576085058321,50.802124485462926
,,grass,,19.105959339563512,50.80209180661468
,,grass,,19.104833323995027,50.802304376145116
,,grass,,19.105755366613856,50.80231625644303
,,grass,,19.10600337104284,50.80230471869203
,,grass,,19.105090174966158,50.80243840446096
,,grass,,19.10422442056729,50.802844995065875
,,grass,,19.104699221467023,50.802639315724385
,,grass,,19.104317184612647,50.80255540778379
,,grass,,19.103160955529404,50.802525609390294
,,grass,,19.10332246666667,50.80247943333333
,,grass,,19.1035135692221,50.80247615245352
,,grass,,19.103745006996196,50.802449732950144
,,grass,,19.10397225548629,50.802423307469304
,,grass,,19.10350338404078,50.802689320265884
,,grass,,19.103915791318112,50.802594815849574
,,grass,,19.103956211346137,50.802768218927255
,,grass,,19.104033180135144,50.802705064086204
,,grass,,19.102838119279657,50.80323464431457
,,grass,,19.102712217769508,50.8032136378496
,,grass,,19.10276172694155,50.8028652596576
,,grass,,19.1030830103059,50.80271283943301
,,grass,,19.102492774263602,50.80310216819526
,,grass,,19.102423412160938,50.802718158321404
,,grass,,19.102711925765174,50.80335749762362
,,grass,,19.104027404322387,50.803029084713195
,,grass,,19.10402148244411,50.80321913161621
,,grass,,19.103956537350562,50.803046079662764
,,grass,,19.10372845454902,50.803194641991254
,,grass,,19.103243081626434,50.80307844123889
,,grass,,19.10356404164821,50.803192419441736
,,grass,,19.102901338805754,50.80320251417131
,,grass,,19.103130380978804,50.8030702274722
,,grass,,19.103506046485315,50.80297904417186
,,grass,,19.103725615384047,50.80285713614865
,,grass,,19.10254345350429,50.80201026767536
,,grass,,19.10299456116963,50.80198483258351
,,grass,,19.110913578941034,50.79820986016469
,,grass,,19.110040726039397,50.79795786941288
,,grass,,19.110038533323802,50.798067169461596
,,grass,,19.112916399010786,50.7981430519275
,,grass,,19.11275804668979,50.79808794740401
,,grass,,19.111904477248046,50.79791346000193
,,grass,,19.110621246451558,50.79777142290784
,,grass,,19.10250433141503,50.80193688092236
,,grass,,19.103362910940888,50.80185807155257
,,grass,,19.11044531059003,50.79788447862303
,,grass,,19.10895449275648,50.79792979901877
,,grass,,19.11309613037952,50.80322291897234
,,grass,,19.114252773886413,50.80356742004145
,,grass,,19.11424930022019,50.80335824255674
,,grass,,19.114023468332725,50.80377113216768
,,grass,,19.11552638365763,50.80367423447504
,,grass,,19.117073309732394,50.80374105726729
Promenada Olgi Aleksandry Sipowicz - Kory,park,,,19.115087308722373,50.80351232002476
,,grass,,19.130336261861412,50.84386409363776
,,grass,,19.129709946644244,50.84513019059458
,,grass,,19.132155022565957,50.84566936459879
,,grass,,19.134904200467655,50.845123351115845
,,grass,,19.13618761573975,50.844725728709776
,park,recreation_ground,,19.13250682771114,50.833932961380626
Amfiteatr,,,,19.134366776384326,50.83403605694696
,,grass,,19.133913327590278,50.84610651518085
,garden,,,19.12672182298969,50.83383315146552
,garden,,,19.12668737597454,50.83393789523256
,garden,,,19.126312445429367,50.83385957360452
,garden,,,19.128663419536636,50.83398655870623
,garden,,,19.128394295099326,50.8339808304093
,garden,,,19.128131033811464,50.83396177737532
,,grass,,19.137413765810926,50.844120005709065
,garden,,,19.114374003613662,50.80454248589511
,garden,,,19.114366664225578,50.80444485759726
,,grass,,19.114409872852896,50.80424667349221
,,grass,,19.114415119753257,50.80407976528527
,,grass,,19.114186468879986,50.804555763837556
,,grass,,19.11410869012363,50.80403644042145
,garden,,,19.1141885227511,50.804017111359066
,garden,,,19.114493359029172,50.80394084474671
,garden,,,19.114708335218197,50.80401807086738
,garden,,,19.114827874361406,50.8040365321442
,,grass,,19.11425995150494,50.805256784188195
,,grass,,19.114129381103893,50.80480363721034
,,grass,,19.11397854011924,50.80408447717793
,,grass,,19.114810226905572,50.80457586564508
,,grass,,19.11318197561592,50.80334695831603
,,grass,,19.111947724918984,50.80278145630867
,,grass,,19.11168047617961,50.80265755400682
,,grass,,19.11168379508106,50.80187334439759
,,grass,,19.11187016428171,50.80108456408373
,,grass,,19.112205081916695,50.801041980104216
,,grass,,19.112200849710554,50.80116602916439
,,grass,,19.109533483676767,50.79738033398042
,,grass,,19.11144220548935,50.79704154400089
,,,wood,19.110272880097906,50.79734586799669
,,,wood,19.111247258802653,50.79728207228976
,,grass,,19.104986087772442,50.796425520981145
,,,wood,19.102773866909526,50.796800252138645
,,grass,,19.100482703019892,50.79662908138235
,,,grassland,19.099122846030504,50.796807450925066
,,,grassland,19.098135481437414,50.796957471134434
,,grass,,19.098652153711917,50.79664919266448
,,grass,,19.103596489559948,50.79680771099967
,,grass,,19.096980793519016,50.797243100219255
,,grass,,19.097442567172294,50.796664297376175
,,grass,,19.096941739302043,50.79702274725335
,,grass,,19.109625634901366,50.79588288755392
,,,wood,19.108874702723792,50.79619635942531
,,,grassland,19.109181631263265,50.79660660712456
,,forest,,19.10920059383159,50.79651952455595
,,grass,,19.103267752081933,50.79736541050155
,,grass,,19.10275089902299,50.797499645812024
,,,grassland,19.09943404492897,50.79763830370884
,,grass,,19.10802976900842,50.79565688286413
,,grass,,19.103563062767716,50.797507421009264
,,grass,,19.104103750493007,50.797769793862756
,,grass,,19.1017627282986,50.798689839895005
,,,wood,19.097149807436487,50.79863400892002
,,,wood,19.096690973550565,50.79865350863161
,,forest,,19.104967848808915,50.79711721617251
,,grass,,19.1068054390052,50.79757435872331
,,grass,,19.106850604958353,50.7976902815639
,,grass,,19.09717144325929,50.798557531295856
,,grass,,19.09638330233508,50.79884475500571
,,grass,,19.097051849217895,50.798599429712226
,,grass,,19.108334609704414,50.79558557710244
,,grass,,19.108586631624956,50.79553244321893
,,grass,,19.10871711451934,50.79564355330834
,,grass,,19.108933724629598,50.795601837402884
,,grass,,19.10833490171621,50.795407291380634
,,grass,,19.107721641617488,50.79543972696262
,park,,,19.10978980801269,50.79536781320327
,,grass,,19.136852766393186,50.84216945070439
,,grass,,19.131442133160736,50.84276462963934
,,,grassland,19.08418059816045,50.802008422419206
,,grass,,19.22366388567916,50.75989848095381
,,meadow,,19.231037580706708,50.823147818823784
,,grass,,19.106022186793464,50.799178444774824
,,grass,,19.106660108053596,50.79857389861937
,,grass,,19.107509402531537,50.79907936320643
Spacerniak,park,,,19.11964308814444,50.82348680816052
,,,wood,19.11937029098394,50.82384977439816
Skwer przy PCK,park,,,19.11474202947852,50.83137499943222
,garden,,,19.11744635997693,50.8011183327965
,,grass,,19.11746650720947,50.80076252768418
,garden,,,19.117460609277106,50.80075992544241
,garden,,,19.11731229230374,50.800680569118285
,,grass,,19.117302603943973,50.8006699484502
,,grass,,19.118263877243017,50.800642764969254
,,grass,,19.11802335807443,50.800786153502955
,garden,,,19.118199666666666,50.800656133333334
,garden,,,19.11799944595388,50.800755131355075
,park,,,19.11783640580357,50.80035575342462
,garden,,,19.11221864833015,50.80278156140146
,garden,,,19.111687853593356,50.80300318807393
,garden,,,19.1116939,50.80293233333333
,garden,,,19.11180542878342,50.80349632171123
,garden,,,19.112499740652897,50.80311196505893
,garden,,,19.11190740586177,50.80289653370153
,,grass,,19.111824647207076,50.802856001808074
,garden,,,19.1119755967262,50.8037220883095
,garden,,,19.111780727510933,50.80345131854723
,,grass,,19.11190855400983,50.80301013499633
,,grass,,19.111835111754868,50.80334613018751
,,grass,,19.111912290463547,50.80307290525717
,,,wood,19.112169848954178,50.80323368556282
,,grass,,19.112962624047263,50.80358601148138
,,grass,,19.114566406603394,50.81407291785123
,,grass,,19.114576066034548,50.81430446727479
,,meadow,,19.22913077674696,50.872540866119984
,,forest,,19.23733679952702,50.87786968871713
,,forest,,19.23709798038229,50.874212542440254
,,forest,,19.2339503572748,50.876175937909906
,,forest,,19.23654063941133,50.87669015713602
,,meadow,,19.239992127678953,50.87702599608996
,,forest,,19.230066899461917,50.87461105494155
,,grass,,19.14816383446525,50.87589439864799
,,grass,,19.166459154763228,50.884627410684
,,grass,,19.169241334916435,50.88564553191499
,,meadow,,19.180630831613072,50.89439571314817
,,forest,,19.17251598074355,50.8847540258011
,,meadow,,19.15817246534178,50.82916688390365
,,,wetland,19.15879778951488,50.8296448164365
,garden,,,19.12424045,50.83384449999999
,garden,,,19.124493426478274,50.83381823599035
,garden,,,19.124301450000004,50.83384685000001
,garden,,,19.124430267224426,50.83375165313112
,garden,,,19.124424521557614,50.83378043647631
,garden,,,19.124462839360074,50.833793708419385
,garden,,,19.12445623394396,50.83382253008299
,garden,,,19.124420768063857,50.83383874552193
,garden,,,19.12468485362926,50.833801293727554
,,grass,,19.11400901820995,50.80108608164593
,,grass,,19.113256428561165,50.80102034017519
,,grass,,19.113194770486977,50.80148860465346
,,grass,,19.112631933114756,50.8013269289233
,,grass,,19.113395896300567,50.80132545229931
,,grass,,19.11322971646183,50.801326307437584
,,grass,,19.113061465100767,50.80132730146802
,,grass,,19.112821721296008,50.80131906820996
,,grass,,19.113830199800514,50.80132374128894
,,grass,,19.113880745598205,50.80122790734699
,,grass,,19.1139904599645,50.80120140055968
,,grass,,19.113707381942955,50.8012089811468
,,grass,,19.112747098052584,50.801164352604786
,,grass,,19.11312663139902,50.80106465977274
,,grass,,19.1123388934251,50.80166585965567
,,grass,,19.112403916530113,50.80152253115887
,,grass,,19.112402168901863,50.801409982122145
,,grass,,19.1124878315201,50.80164352565714
,,grass,,19.1124873,50.80152465000001
,,grass,,19.11248635884041,50.801407291459455
,,grass,,19.11250595171469,50.80129102699597
,,grass,,19.112401114419345,50.80129909194635
,,grass,,19.13426077881582,50.84424289234586
,,grass,,19.134804267191466,50.84316976911329
,garden,,,19.13254320795606,50.84456563953662
,garden,,,19.131966406828802,50.84340814939954
,garden,,,19.13190838908869,50.84343357520659
,garden,,,19.136274186304256,50.8430303511711
,garden,,,19.1362376849421,50.843121631768206
Hałda,,,wood,19.075678484814297,50.789588503894606
Obszar Natura 2000 Przełom Warty koło Mstowa,nature_reserve,,,19.241887280125734,50.82667377734584
,,grass,,19.11236414458472,50.8023604235712
,,grass,,19.11227306778132,50.802124950054875
,,grass,,19.11227453985974,50.801979872164736
,,grass,,19.11248198304874,50.801974842017465
,,grass,,19.112970343151737,50.80219207701956
,,grass,,19.113095709231903,50.80202598710255
,,grass,,19.112886860465856,50.80184970025512
,,grass,,19.11331531165058,50.801858034902565
,,grass,,19.11356099928273,50.80179567385387
,,grass,,19.113399549305758,50.801736792418914
,,grass,,19.113210741174488,50.80173834188234
,,grass,,19.113048788204075,50.80173878659159
,,grass,,19.112877461779178,50.80173941834449
,,grass,,19.11270567958714,50.80173552920887
,,grass,,19.113900549578766,50.8021182774257
,,grass,,19.113685550694612,50.80214101716423
,,grass,,19.113136275976046,50.80224547990481
,,grass,,19.11401381945164,50.802429465782645
,,grass,,19.11384759816203,50.80242255804631
,,grass,,19.113627446326426,50.802429697734546
,,grass,,19.113441413216044,50.80243380981762
,,grass,,19.113263154684017,50.80243494674124
,,grass,,19.1130482855924,50.8024360242891
,,grass,,19.11282752003573,50.80243726881007
,,grass,,19.112611897039862,50.80243843036485
,,grass,,19.112387873639047,50.80253273659312
,garden,,,19.114023900000003,50.8037799
,garden,,,19.112017233333333,50.80270743333333
,garden,,,19.11180926666667,50.80263586666667
,,grass,,19.114068194787997,50.803051197779226
,,grass,,19.114057673938525,50.802983788482805
,,grass,,19.11391998084252,50.80296725221246
,,grass,,19.113448470439444,50.80285025228501
,,grass,,19.113843503685803,50.80276240089755
,,grass,,19.11339957761649,50.80261185779828
,,grass,,19.113979092455903,50.80133458202907
,,grass,,19.113990926454672,50.80157080340862
,,grass,,19.114001767416266,50.801807103819456
,,grass,,19.114017721486732,50.802013292641604
,,grass,,19.113894859767417,50.80194429484607
,,grass,,19.11390888536896,50.80180540006462
,,grass,,19.11382904251053,50.80161692309139
,,grass,,19.113673554873383,50.80183179137784
,,,wood,19.090637078306617,50.84619460290608
,,,wood,19.088164394818893,50.846056696551685
,,,wood,19.088996029136215,50.846957842232676
,,grass,,19.106236541208357,50.803090526787116
,,grass,,19.104340283206465,50.80291180992781
,,grass,,19.104591905379618,50.802870391129076
,,grass,,19.104919461947393,50.8027981140481
,,grass,,19.1051192287498,50.80276547001451
,,grass,,19.105284469682612,50.802740262007674
,,grass,,19.10544823604441,50.802715130322454
,,grass,,19.106268235157888,50.80259262269807
,,grass,,19.1064009746784,50.802568319692
,,grass,,19.10709097719921,50.80244032948049
,,grass,,19.10735557647957,50.80239833361892
,,grass,,19.106937065076497,50.802657763978324
,,grass,,19.10710170669347,50.80346596523439
,,grass,,19.107316415807965,50.803524317045124
,,grass,,19.107332350495785,50.80346136491632
,,grass,,19.107530825243085,50.80345287600812
,,grass,,19.107472808061534,50.80307522557831
,,grass,,19.10742483789797,50.80292543858841
,,grass,,19.107373986455016,50.802773112588255
,,grass,,19.107139156710605,50.80305237350753
,,grass,,19.10720530889574,50.80257203127609
,,grass,,19.107700138550715,50.803417109043515
,,grass,,19.107659218154364,50.803255689834266
,,grass,,19.107594561130576,50.80305821490469
,,grass,,19.107545729020835,50.80290748007971
,,grass,,19.10749503065824,50.802756661218744
,,grass,,19.10743807406923,50.802594181241595
,,grass,,19.104890366666666,50.803843900000004
,,grass,,19.105314670624686,50.80359113950274
,,grass,,19.105267113950276,50.80344252415705
,,grass,,19.105217594273594,50.803287555213856
,,grass,,19.10517016658124,50.80313897370163
,,grass,,19.104938646743904,50.80343307139791
,,grass,,19.10463063680764,50.80303930477741
,,grass,,19.1049302099448,50.80295734258755
,,grass,,19.105872783168522,50.803496251089086
,,grass,,19.105824638933434,50.8033476514461
,,grass,,19.1057766561991,50.80319586151304
,,grass,,19.1057280404299,50.80304753964554
,,grass,,19.105476845281146,50.80373311437199
,,grass,,19.105499355376608,50.80334502972839
,,grass,,19.105282572178,50.802953721749695
,,grass,,19.105171715895228,50.802910299378574
,,grass,,19.105428592442667,50.802873251507215
,,grass,,19.1056329,50.80285156666667
,,grass,,19.106484043467994,50.80357090194744
,,grass,,19.106029685653528,50.80358646569403
,,grass,,19.105936169207634,50.80336848289435
,,grass,,19.105873953427114,50.80320480201605
,,grass,,19.105832823017806,50.80302265570779
,,grass,,19.105792894768616,50.80289095585873
,,grass,,19.105788879647463,50.8028344009821
,,grass,,19.10592952675932,50.802848736240705
,,grass,,19.106004163357934,50.80279343776854
,,grass,,19.10637047224693,50.80277474691751
,,grass,,19.10696666082579,50.80332198319444
,,grass,,19.1069157380295,50.803164449579235
,,grass,,19.106870531173275,50.803019695308336
,,grass,,19.106816816141844,50.802857975544235
,,grass,,19.106682497500998,50.803148558338776
,,grass,,19.106705493029086,50.80263538908172
,,grass,,19.115078871426995,50.80236680010291
,,grass,,19.11548449622498,50.8019636730516
,,grass,,19.11493769500342,50.80192995123568
,,grass,,19.115534546237004,50.80153725294706
,,grass,,19.115529881430987,50.80141589095118
,,grass,,19.115405908497504,50.80146459825662
,,grass,,19.114399277046804,50.80160208557006
,,grass,,19.114454205052436,50.80144090467285
,,grass,,19.114320215433224,50.801373482777194
,,grass,,19.115024692421816,50.80143156303801
,,grass,,19.1155445,50.8011484
,,grass,,19.11545360429109,50.80114337550564
,,grass,,19.11525222736245,50.80114635060355
,,grass,,19.114790823575014,50.80115414931158
,,grass,,19.114587399999998,50.80115680000001
,,grass,,19.11448132819986,50.80116102498289
,,grass,,19.114640036421434,50.80110401857537
,,grass,,19.11426352968834,50.80111554190929
,,,wood,19.118455689871336,50.85779781845702
,,grass,,19.11569340125585,50.80243167117069
,,grass,,19.115681715664557,50.802025315506334
,,grass,,19.115666932476394,50.80167137817419
,,grass,,19.115663025580755,50.801534638541405
,,grass,,19.11565844685342,50.80139072710029
,,grass,,19.116792452381823,50.80144109969133
,,grass,,19.115805151880636,50.80165939346645
,garden,,,19.116772055322276,50.801357857161925
,garden,,,19.116729366666668,50.80120326666666
,garden,,,19.116261907286653,50.801204161314224
,,grass,,19.116121403444843,50.801176800363855
,,grass,,19.114015913534853,50.80535853652944
,,grass,,19.114080209822777,50.805360595129955
,,grass,,19.114140536128637,50.805356339152844
,,grass,,19.114320497168134,50.8053341739626
,,grass,,19.114203189558314,50.805276198544924
,garden,,,19.11406447684811,50.80525871339872
,garden,,,19.113940916659622,50.80516377239542
,garden,,,19.113958731399766,50.80460377626922
,,grass,,19.1131630526664,50.80423996034831
,garden,,,19.113840232250556,50.804156509570134
,garden,,,19.114188250241902,50.80439433746652
,garden,,,19.114165718630858,50.80429755626773
,,grass,,19.115326166854178,50.80321263837778
,,grass,,19.115092728699505,50.80313517480958
,,grass,,19.11489890538705,50.8031324288011
,,grass,,19.11468020059922,50.80309890976775
,,grass,,19.11442716045751,50.80307994281002
,,grass,,19.115232279655736,50.80280140655762
,,grass,,19.115306893211216,50.80297018237135
,,grass,,19.115511633333334,50.80325826666666
,,grass,,19.115601654719555,50.80313693467365
,,grass,,19.115650947469504,50.80297277324585
,,grass,,19.11553338086552,50.802766608602965
,,grass,,19.115360254342708,50.802638522001786
,,grass,,19.115097518788264,50.80273040342429
,,grass,,19.11505926334318,50.80280086386023
,,grass,,19.115099646311297,50.80288893165478
,,grass,,19.114763257914625,50.80293478275265
,,grass,,19.114617535432934,50.80279739937713
,,grass,,19.114807778123335,50.802764707537825
,,grass,,19.11483443279134,50.802680168530074
,,grass,,19.114608633333333,50.80271066666666
,,grass,,19.11451116666667,50.80283453333334
,,grass,,19.11428229972021,50.80281048776236
,,grass,,19.114459336136253,50.80260470899019
,garden,,,19.102838345764248,50.8041068449268
,garden,,,19.102817470519255,50.80379413191882
,,grass,,19.103280747024968,50.80376669969581
,garden,,,19.102655507228565,50.80358585593802
,,grass,,19.103480333444736,50.80363466344437
,,grass,,19.104488791746853,50.80385910964312
,,grass,,19.104299935614257,50.80375715727468
,,grass,,19.10421687165485,50.80386668437299
,,grass,,19.104041279435215,50.8039208551948
,,grass,,19.103831812064122,50.80396553371585
,,grass,,19.104193705615625,50.80397918669449
,,grass,,19.103876152978078,50.80401395230858
,,grass,,19.104243171211955,50.80370644827684
,,grass,,19.103958654737827,50.80353474585171
,,grass,,19.104759852121298,50.803680188431315
,,grass,,19.104710613193213,50.803530653710794
,,grass,,19.104661073054107,50.80337863087244
,,grass,,19.104612224077634,50.803227100802104
,,grass,,19.103568358202526,50.80339409319532
,,grass,,19.104391901190045,50.803438679135176
,,grass,,19.10843053258308,50.80079068727831
,,grass,,19.103309467052505,50.80019563911497
,,grass,,19.104315768445225,50.79994187523521
,,grass,,19.103741589203626,50.800065903999226
,,grass,,19.104400679452294,50.799637410812515
,,grass,,19.104808829586453,50.799501375820554
,,grass,,19.10538714299589,50.79913447909222
,,grass,,19.105468424857925,50.79917531693534
,,grass,,19.10588638906666,50.798888919510595
,,grass,,19.105804460304633,50.799005572968426
,,grass,,19.105988263685262,50.798913609646725
,,grass,,19.10234785412869,50.80149959691946
,,grass,,19.102614005094804,50.80068966864673
,garden,,,19.110795845558766,50.79990863021429
,,grass,,19.10943305211061,50.800185225749914
,,grass,,19.111276313331718,50.80464825091796
,,grass,,19.111592786389394,50.804750146294744
,,grass,,19.111392196437095,50.80492714418857
,,grass,,19.110993911815573,50.80495714879402
,,grass,,19.11109446686144,50.804812175641985
,,grass,,19.116872040401113,50.802638928761546
,,grass,,19.116344361963733,50.80262369823472
,,grass,,19.11624868965818,50.802591952213604
,,grass,,19.116142428740456,50.80258127888936
,,grass,,19.116119578644646,50.802601079768564
,,grass,,19.115920304950116,50.80259066068071
,garden,,,19.116051840950863,50.80247684280705
,garden,,,19.11605463814797,50.802360868668444
,garden,,,19.116333486200993,50.8023492126184
,,grass,,19.11667114846512,50.802403504224614
,,grass,,19.11680656179762,50.802403016697404
,,grass,,19.117307048448094,50.80228297529585
,,grass,,19.117073571890774,50.80180366082155
,,grass,,19.112005214938467,50.80095874639925
,garden,,,19.061523801693014,50.760686980955086
,,grass,,19.112159610980495,50.80091646226148
,,grass,,19.116575995694692,50.80308377717987
,,grass,,19.117443841716003,50.803334018072206
,,grass,,19.117394719533383,50.803057962244644
,,grass,,19.117301575890345,50.80320566537922
,,grass,,19.117204331004807,50.80289855987942
,,grass,,19.117302524682767,50.80276560548425
,garden,,,19.116916113780512,50.80279776951784
,garden,,,19.117145152020765,50.80279501681651
,garden,,,19.11675263785577,50.802793710063064
,,grass,,19.11622169274315,50.80267181471395
,,grass,,19.116868209559033,50.80292285898371
,,grass,,19.116646315384045,50.80282948451615
,,grass,,19.116923135256283,50.8030619172076
,,grass,,19.116968435962793,50.803412130330514
,,grass,,19.115953477610812,50.80314915258499
,,grass,,19.116278984108092,50.80340035059817
,,grass,,19.116468550765042,50.803403441310074
,,grass,,19.11666958709888,50.803425318576814
,,grass,,19.116437068271008,50.803249228124955
,,grass,,19.116157398397434,50.80312824423077
,,grass,,19.11615865101712,50.803004090789806
,,grass,,19.116151233333337,50.80292469999999
,,grass,,19.116183433333333,50.802892033333336
,,grass,,19.116327508655623,50.802900287051315
,,grass,,19.116203385570298,50.80275934809734
,,grass,,19.118217688548505,50.80108156388656
,,grass,,19.118094999841198,50.801019547273995
,,grass,,19.1185197853066,50.8006616827949
,,grass,,19.116777752388874,50.80115467746408
,,grass,,19.117764549025562,50.80142570501999
,,grass,,19.11845693794299,50.80535459742314
,,grass,,19.11780471270694,50.80544738573709
,,grass,,19.118728688394565,50.80539668407322
,,grass,,19.11874620580761,50.80555652463958
,garden,,,19.11855407833318,50.80574279786388
,garden,,,19.118563128266313,50.80569189771627
,,grass,,19.11236939355576,50.80560092489256
,,grass,,19.112594834321342,50.80562386078332
,,grass,,19.113996724622197,50.80546125708134
,,grass,,19.11455461136691,50.805456043818914
,,grass,,19.11780102723201,50.80562350748991
,,grass,,19.118950288652048,50.80524440493315
,,grass,,19.119128300475044,50.80512869806837
,,grass,,19.112527418296025,50.80540918960073
,,grass,,19.113185886340887,50.8054474763741
,,grass,,19.113686797502158,50.8052609019742
,,grass,,19.1136877027583,50.80535051333321
,garden,,,19.104081590813163,50.80572228327345
,garden,,,19.103999011348748,50.805718128700214
,,grass,,19.10366523863078,50.80540725608708
,,grass,,19.102973328053494,50.80518894165227
,,grass,,19.104676834850274,50.80444449727272
,,grass,,19.10451591225381,50.80514388307092
,,grass,,19.104293519099087,50.805318708197284
,,grass,,19.104110761839205,50.80409844756079
,,grass,,19.104484517471413,50.80407229679432
,,grass,,19.104287910327972,50.80420525788896
,,grass,,19.10428457202581,50.804487981620305
,,grass,,19.104103430113934,50.804248887208196
,,grass,,19.10410183195784,50.80450069927511
,,grass,,19.104101152230562,50.80475652480228
,,grass,,19.104108836751298,50.80492347504764
,,grass,,19.10410795,50.804975
,,grass,,19.104106849999997,50.80505055
,,grass,,19.104106090008013,50.8051218249735
,,grass,,19.104300160377058,50.80470109835762
,,grass,,19.10424014084036,50.80478782077542
,,grass,,19.104325814196724,50.80483863832544
,,grass,,19.1042272,50.804923766666676
,,grass,,19.104313313829905,50.80500656476303
,,grass,,19.1042537014131,50.805103342480166
,,grass,,19.10358512273307,50.80528097717972
,,grass,,19.103556468455697,50.80519357779023
,,grass,,19.103177053032365,50.805173169289816
,,grass,,19.103514497426612,50.805081889342574
,,grass,,19.103693402977235,50.80498066098268
,,grass,,19.103253831989708,50.80488026689661
,,grass,,19.103428963985923,50.80480023709796
,,grass,,19.103745250337848,50.80477623346503
,,grass,,19.103391749995325,50.80463809884325
,,grass,,19.103108912042895,50.80440401752077
,,grass,,19.103753588762785,50.804399343531465
,,grass,,19.103465421808345,50.804380754460084
,,grass,,19.103040238367008,50.80427332463346
,,grass,,19.103860863176113,50.80503994786454
,,grass,,19.103861552044854,50.80477722481144
,,grass,,19.103861137653496,50.80438242200885
,,grass,,19.102973325585502,50.80466791391243
,,grass,,19.10648641256061,50.80421873925985
,,grass,,19.106322271416786,50.80420913486022
,,grass,,19.10577126959903,50.804976907307775
,,grass,,19.105697425163967,50.80474070521121
,,grass,,19.10582439382131,50.804896315930584
,,grass,,19.105919059143854,50.80500958167538
,,grass,,19.106464743284313,50.80396618390631
,,grass,,19.106366425552995,50.80408403984471
,,grass,,19.106156388717114,50.804091275604804
,,grass,,19.1061417622651,50.804041406490136
,,grass,,19.106039175099518,50.804005546531
,,grass,,19.105956469369094,50.80406685055466
,,grass,,19.105850416452085,50.80405261495206
,,grass,,19.105683510506964,50.80410321986435
,,grass,,19.105507819196472,50.80412505107592
,,grass,,19.105332880028552,50.80414721927488
,,grass,,19.10515573293098,50.8041702232731
,,grass,,19.105532118705753,50.8039490241709
,,grass,,19.106011102792884,50.80494262828552
,,grass,,19.106160463791948,50.804961241416585
,,grass,,19.106037633333337,50.80487143333334
,,grass,,19.106167257682532,50.804814107838155
,,grass,,19.106121917468975,50.80453755809972
,,grass,,19.105956431309245,50.804587045599504
,,grass,,19.106072015393632,50.80427692493043
,,grass,,19.105656372998432,50.80443178395953
,,grass,,19.105642984457976,50.804279891445304
,,grass,,19.10577059706791,50.80424804152079
,,grass,,19.105199901581702,50.80430664146723
,,grass,,19.10784250791006,50.80514626325243
,,grass,,19.10785770944025,50.804933647125246
,,grass,,19.107206156131014,50.80449309964426
,,grass,,19.10711289278997,50.804636647601605
,,grass,,19.106707157441782,50.804215721437004
,,grass,,19.106616705482253,50.80418297451604
,,grass,,19.106721697779292,50.80435953047659
,,grass,,19.10660996265471,50.80481651160764
,,grass,,19.10658566591938,50.80461961671082
,,grass,,19.10656893945441,50.80439835523134
,,grass,,19.10656734551613,50.80431347430088
,,grass,,19.10655244749404,50.80427043057861
,,grass,,19.106494982006268,50.805027704753975
,,grass,,19.10641315484424,50.80495235747144
,,grass,,19.106376162553225,50.80482683534543
,,grass,,19.106360651328664,50.80470161874201
,,grass,,19.10634676271886,50.804560228074685
,,grass,,19.10633084075593,50.80441400930042
,,grass,,19.106320701278758,50.80429539961686
,,grass,,19.1067104901567,50.80521213584174
,,grass,,19.106440712253626,50.80511457311802
,,grass,,19.106205756922595,50.8051031890126
,,grass,,19.105972019483126,50.80509290032047
,,grass,,19.10574032466492,50.80513672037022
,,grass,,19.10554945456006,50.80511788397967
,,grass,,19.105311629907696,50.80506812805806
,,grass,,19.105079746177054,50.80505847458754
,,grass,,19.104846452919123,50.80504769351547
,,grass,,19.10520328386237,50.80488855522734
,garden,,,19.105259925653524,50.80473058552796
,garden,,,19.105079091046907,50.80474028894529
,,grass,,19.10547598945444,50.80466610420189
,,grass,,19.105231164877924,50.80467315404723
,,grass,,19.105477354316765,50.80452073355309
,,grass,,19.10521736190143,50.804536445785914
,,grass,,19.105083649999997,50.8046848
,,grass,,19.10488374654028,50.80462281015359
,,grass,,19.105065911282573,50.804537355934805
,,grass,,19.10522541619532,50.80447301151584
,,grass,,19.105054879908526,50.804480588791264
,,grass,,19.107945880192688,50.804133817803766
,,grass,,19.10696375,50.804231200000004
,,grass,,19.107195921784328,50.804199812750404
,,grass,,19.107421261712883,50.80416993728727
,,grass,,19.107649761373604,50.804083207231926
,,grass,,19.107351090841377,50.804045947002486
,,grass,,19.107150839059376,50.80407234344961
,,grass,,19.106930872953267,50.80410178332444
,,grass,,19.107710747934192,50.804029142368236
,,grass,,19.107723365518723,50.80392159789381
,,grass,,19.107688496558882,50.803810265599694
,,grass,,19.1075380900597,50.803749020749954
,,grass,,19.107309387569643,50.80381993857566
,,grass,,19.10707560587804,50.80385103919106
,,grass,,19.106851257876905,50.80388061597689
,,grass,,19.10775105406666,50.803608034437055
,,grass,,19.107746833646413,50.80355471647632
,,grass,,19.107603891299696,50.80358471123132
,,grass,,19.10714894083851,50.80366987223668
,,grass,,19.10750660935335,50.80386969561388
,,grass,,19.1073756,50.8038735
,,grass,,19.10720734572048,50.80394226620597
,,grass,,19.10680405186271,50.80398014164297
,,grass,,19.1171976588909,50.80103926084991
,,grass,,19.11693984069256,50.801109535036886
,,grass,,19.117065906060418,50.800847282315964
,,grass,,19.116933553370554,50.80094916363091
,,grass,,19.11694255661873,50.80076840314399
,,grass,,19.116690252245117,50.800964271404624
,,grass,,19.11677528812117,50.801038109959585
,,grass,,19.11609865286568,50.80106920620274
,,grass,,19.116314835519088,50.80081894980891
,,grass,,19.116629840298653,50.80074980065308
,,grass,,19.11603848444978,50.8007231255393
,,grass,,19.11606477639658,50.80080067506239
,,grass,,19.11612801156725,50.801024847577544
,,grass,,19.11586750274656,50.801006407676944
,,grass,,19.11553524185025,50.80088972671541
,garden,,,19.116291831923096,50.801031706927105
,garden,,,19.10829668961461,50.80489143036111
,,meadow,,19.049156011193308,50.82638465071485
,,meadow,,19.049109062584375,50.825140579838006
,,meadow,,19.049353008342408,50.82456162158189
,,forest,,19.05057393753504,50.82451118225562
,,grass,,19.111304913573864,50.80382109532237
,,grass,,19.11118699062989,50.803870415175034
,garden,,,19.111085418571516,50.80336723845032
,,grass,,19.11018463445686,50.80363889065503
,garden,,,19.11061901101726,50.80300358938217
,,grass,,19.111132005977865,50.80292304592687
,,grass,,19.11090927909064,50.802940315192295
,,grass,,19.11070148363804,50.80322145876956
,,grass,,19.10954856666667,50.804275
,,grass,,19.10946341241894,50.80424615391917
,,grass,,19.1093093,50.8042819
,,grass,,19.10947271586808,50.80415167766386
,,grass,,19.108429104426747,50.80407373783682
,,grass,,19.108599213761444,50.80359505802054
,,grass,,19.108118287259916,50.80370146616479
,garden,,,19.108057872387867,50.80349937517755
,garden,,,19.108211568022064,50.803473284975006
,,grass,,19.108234044140488,50.80353958583114
,,grass,,19.10852159952073,50.803485994950314
,,grass,,19.10858556666667,50.803533933333334
,,grass,,19.108727852818166,50.80355410075273
,,grass,,19.108701966499776,50.80345461737821
,,grass,,19.108871839233778,50.803427529373515
,,grass,,19.109079080847575,50.80338805146595
,,grass,,19.109259753740897,50.80335590177541
,,grass,,19.10963456666667,50.80337883333334
,,grass,,19.109588766666665,50.803427799999994
,,grass,,19.109503699999998,50.80340483333334
,,grass,,19.109551120358805,50.80335426451963
,,grass,,19.109528317074677,50.80330048560961
,,grass,,19.109826381057637,50.80324287461204
,,grass,,19.110017881151542,50.8032026930053
,,grass,,19.05014261825425,50.827417479949986
,,grass,,19.049723189699456,50.82899175400082
,,grass,,19.049997852350884,50.82905399605565
,,grass,,19.050540030706895,50.82727477059
,,grass,,19.05031496115115,50.82770045330988
,,grass,,19.050275945126778,50.82814294526715
,,grass,,19.1080891,50.80325845000001
,,grass,,19.110880196034213,50.803841106063835
,,grass,,19.11085084347317,50.803945138471576
,,grass,,19.110552235741295,50.80409173550333
,,grass,,19.110332279398374,50.80410187335866
,,grass,,19.110428836314398,50.80390760451755
,,grass,,19.10991152659329,50.80395589253248
,,grass,,19.109861239283195,50.80372023157057
,,grass,,19.109705860411818,50.803699156550316
,,grass,,19.109660443925623,50.803560723922764
,,grass,,19.109636345999057,50.80373140172994
,,grass,,19.109527896580474,50.80378984636262
,,grass,,19.109897655177903,50.80425000569711
,,grass,,19.109290755719893,50.80385216077958
,,grass,,19.109057659211665,50.80384206810629
,,grass,,19.108944032873264,50.803993138007705
,,grass,,19.108885539122227,50.80387201819688
,,grass,,19.10881965584804,50.80372862624448
,garden,,,19.10920189829648,50.80411733527064
,garden,,,19.10899539923476,50.80411834546129
,garden,,,19.108765682864853,50.80412201169436
,garden,,,19.108627686680435,50.80409403103993
,garden,,,19.1085870468345,50.803977266506365
,garden,,,19.10852735316609,50.80381664380927
,,grass,,19.10882560766003,50.80402604870516
,,grass,,19.10873688937069,50.803840911528496
,,grass,,19.11026213955665,50.80507389031342
,,grass,,19.110179720630065,50.80483450923814
,,grass,,19.110175478696746,50.80468388655746
,,grass,,19.1108474,50.80480365000001
,,grass,,19.110659072817455,50.80474738322864
,,grass,,19.11084855,50.804915300000005
,,grass,,19.110339776523844,50.80477272658268
,,grass,,19.110509749824576,50.80459113149213
,,grass,,19.108490517298105,50.80443334654594
,,grass,,19.10882718071735,50.80453553954622
,,grass,,19.1097035681256,50.80504792391374
,,grass,,19.109922825135943,50.804937165981336
,,grass,,19.109869453217527,50.80475234693091
,,grass,,19.11003260613129,50.80470734124556
,,grass,,19.109944190121755,50.80464633323456
,,grass,,19.11001761262363,50.804540552301766
,,grass,,19.109854287523515,50.80455097277461
,,grass,,19.109722932455533,50.804691746097774
,,grass,,19.109726834621657,50.80483894769211
,,grass,,19.109728876640006,50.804960732489135
,,grass,,19.109534629755725,50.80476707220151
,,grass,,19.109462461899348,50.804468171158504
,,grass,,19.109712718390504,50.804398558471824
,,grass,,19.11013089982048,50.80441622515925
,,grass,,19.110273334945735,50.8044608037072
,,grass,,19.11187804174833,50.80500216222816
,,grass,,19.111963882729487,50.80497995862316
,,grass,,19.111860238064924,50.804914799469415
,,grass,,19.111859373786913,50.80482079020032
,,grass,,19.111857166336588,50.80473225140748
,,grass,,19.1118622099985,50.80460311125548
,,grass,,19.111992472364392,50.80459735892384
,,grass,,19.110864616679667,50.804400655691246
,,grass,,19.11109757955219,50.80439847501385
,,grass,,19.111333713634515,50.804394680911344
,,grass,,19.11116496542378,50.804515952355246
,,grass,,19.111742715540576,50.804150796657105
,,grass,,19.11174474646713,50.80427807529888
,,grass,,19.111817215928873,50.804436991471334
,,grass,,19.111831176279896,50.80400482406126
,,grass,,19.11152164993585,50.80398022008278
,,grass,,19.111495930274494,50.80415951168591
,,grass,,19.110944418052476,50.80429067865869
,,grass,,19.110513940582067,50.804523505877164
,,grass,,19.111121965063624,50.804296302770425
,garden,,,19.1086688070601,50.803399335946224
,garden,,,19.108525487588906,50.80342558124811
,,grass,,19.112482645555723,50.804226367759476
,,grass,,19.113605111361444,50.80425952789316
,,grass,,19.11154241458131,50.803254781630415
,,grass,,19.111417447552967,50.80307962000364
,,grass,,19.111444973125664,50.8029989035411
,garden,,,19.11211378609591,50.805152185623065
,garden,,,19.112313290817738,50.80517931854076
,garden,,,19.112322738916323,50.8051107142945
,garden,,,19.112321035271755,50.80505947504698
,garden,,,19.112307532475274,50.804972077488024
,garden,,,19.11230414570723,50.80485479142049
,garden,,,19.112310974288288,50.80476709028847
,,grass,,19.112613072567548,50.80504696283208
,,grass,,19.11247260726633,50.80477776272587
,garden,,,19.112298774209147,50.80467345611901
,garden,,,19.11214911514229,50.80465412905945
,garden,,,19.11209610572799,50.80457613653173
,garden,,,19.11208279160468,50.80433692600803
,garden,,,19.112346771554478,50.80438650139448
,garden,,,19.112291925647092,50.80452059437658
,garden,,,19.1123014,50.8044394
,garden,,,19.11229849192793,50.80438075577818
,garden,,,19.112292612040786,50.80431677585585
,garden,,,19.112285361113507,50.80425852786707
,garden,,,19.112255825147113,50.80419791661487
,garden,,,19.11211093722214,50.80400832938918
,garden,,,19.111990636251928,50.803842740663576
,,grass,,19.111773223024517,50.803556305424415
,,grass,,19.122274250000004,50.81229940000001
,,grass,,19.123280349999995,50.81264385000001
,,grass,,19.123133599999996,50.812729950000005
,,grass,,19.123136900000002,50.81287760000001
,,grass,,19.1231445,50.8130266
,,grass,,19.123147999999997,50.8131684
,,grass,,19.122919524671868,50.812824043144005
,,grass,,19.122918424671866,50.81301494314402
,,grass,,19.12292577532813,50.813204256856
,,grass,,19.1130150713094,50.80555086670563
,,grass,,19.11385317215631,50.80478873161333
,,grass,,19.113539606237115,50.80517714441295
,,grass,,19.11359916103039,50.80497498429126
,,grass,,19.113291007807415,50.805003707644936
,,grass,,19.113588030785145,50.80483150634813
,,grass,,19.11342663469992,50.80528162495536
,,grass,,19.11316895,50.80528530000001
,,grass,,19.1129307837742,50.80528272439919
,,grass,,19.11248345167247,50.805304685107835
,,grass,,19.112664082487314,50.80528693396888
,,grass,,19.11256587412697,50.805286841344156
,,grass,,19.11302570997906,50.80466076066037
,,grass,,19.121886989971188,50.80732441366028
,,grass,,19.112104503928652,50.805512702895136
,,grass,,19.112136747585282,50.80531298673095
,,grass,,19.10865708253986,50.805256471316575
,,grass,,19.108246451542914,50.805128738196515
,,grass,,19.108720418354658,50.80486989058833
,,grass,,19.10879932286916,50.80478022945818
,,grass,,19.108953534560104,50.80478652593765
,,grass,,19.10908325592569,50.80492251645868
,,grass,,19.10892255341398,50.80488682426965
,,grass,,19.11002883490908,50.8048337702297
,,grass,,19.109261126041737,50.80492061023562
,,grass,,19.109308427544118,50.804723992914425
,,grass,,19.109250763053673,50.805322170527134
,,grass,,19.11054122311889,50.80518813259768
,,grass,,19.11038316580724,50.80512981170273
,,grass,,19.110194203934114,50.80513160490451
,,grass,,19.109962048539497,50.8051343390772
,,grass,,19.109726208642936,50.80513740679517
,,grass,,19.10953877299725,50.80514032282104
,,grass,,19.10988458974163,50.805295219154594
,,grass,,19.109421006282762,50.80514053477972
,,grass,,19.10930894469256,50.8051286902898
,,grass,,19.109089010203792,50.80510022789804
,,grass,,19.10885104701686,50.805103299644855
,,grass,,19.108624391579653,50.80510609314053
,,grass,,19.108418430011774,50.804990512490825
,,grass,,19.10881943210567,50.80498017895805
,,grass,,19.11187384128501,50.797800504285746
,,grass,,19.11127854511025,50.797713769024
,,grass,,19.110154803769653,50.797592892391016
,,grass,,19.11131634813452,50.7976116799526
,,grass,,19.112611138573506,50.797887887179165
,,grass,,19.112471142812158,50.79786383023317
,,grass,,19.11184528214779,50.79770668735473
,,grass,,19.108940883222573,50.79766529089796
,,grass,,19.113979874006727,50.80557784432319
,,grass,,19.114555454960705,50.805570307911786
,,grass,,19.115112052635418,50.80556938653643
,,grass,,19.115937803229208,50.80556135210818
,,grass,,19.117403176552017,50.80555205324005
,,grass,,19.11759655,50.80533229999998
,,grass,,19.11729773813989,50.80533136335107
,,grass,,19.116053883512453,50.805340696739556
,,grass,,19.11524583141991,50.80534586648457
,,grass,,19.114865450794703,50.80534249075597
,,grass,,19.109557164025848,50.79686874553042
,,grass,,19.10963666387818,50.79697950815932
,,grass,,19.10938047747955,50.79712479621038
,,grass,,19.109076233464332,50.79722983278041
,,grass,,19.10351987917338,50.79810405474679
,,grass,,19.10577513724444,50.79799949808826
,garden,,,19.107784136274397,50.797471976295654
,garden,,,19.106438816684456,50.79781048970763
,,grass,,19.106299810154457,50.797727404859394
,,grass,,19.10645153178789,50.797880508388154
,,grass,,19.106578403269243,50.79774827450553
,,grass,,19.108297991068323,50.797791362293
,,grass,,19.109158369437566,50.79747093109224
,,grass,,19.108805526494844,50.797581453153015
,,grass,,19.108549221465687,50.797552838271706
,,grass,,19.10845382751272,50.79752230599249
,,grass,,19.108088638649967,50.797622875316875
,,grass,,19.10767496840222,50.79799128490467
,,grass,,19.107096216734632,50.79818407252447
,,grass,,19.108130333815993,50.797725413854955
,garden,,,19.10814528815108,50.797721152904906
,,grass,,19.107117199598893,50.798042597435355
,garden,,,19.107116223252852,50.7980481690925
,,grass,,19.10672760807408,50.79808195167499
,garden,,,19.10673499833481,50.798089200782556
,,grass,,19.105812308099665,50.79820757888268
,,meadow,,19.1058946409657,50.79834021297954
,garden,,,19.144173969587268,50.8302477862278
,garden,,,19.144243526233247,50.830145738923726
,garden,,,19.13398756558378,50.82381304410454
,garden,,,19.13383456974202,50.82385948224882
,,grass,,19.113572705144446,50.824712941310025
,,grass,,19.113412030484984,50.824898606143904
,,grass,,19.110586955099897,50.80539057308361
,,grass,,19.1093328690406,50.80540006647067
,,grass,,19.107443187832352,50.80535362968156
,,grass,,19.106288839866284,50.80530135275876
,,grass,,19.10504511408771,50.80524904895677
,,grass,,19.110712712039298,50.80530768408277
,,grass,,19.11129437543195,50.8052982036229
,,grass,,19.11110235,50.80529465000001
,,grass,,19.11083673539207,50.805376954587025
,,grass,,19.11664152304469,50.8035561914507
,,grass,,19.116298901818382,50.80359917537946
,,grass,,19.115452333038732,50.803440444871725
,,grass,,19.11444699044319,50.80322938265357
,,grass,,19.11411372579281,50.803731537082726
,,grass,,19.11737844530851,50.80395649480486
,,grass,,19.11367531742692,50.80330024007992
,,grass,,19.11761373932391,50.804365923027966
,,grass,,19.116896951213988,50.804406862276544
,,grass,,19.115522368129778,50.8041689093176
,,grass,,19.115707708087065,50.804294707020006
,,grass,,19.11621638684975,50.80376604085794
,,grass,,19.116803935090335,50.80406611811498
,,grass,,19.11708988862732,50.804038588654485
,,grass,,19.116813417762206,50.80387359234869
,garden,,,19.1172254016503,50.80395628758477
,garden,,,19.11760547637973,50.80433343712611
,,grass,,19.117929736010026,50.804512614144876
,,grass,,19.125764960797266,50.81889706110713
,,grass,,19.12550632370234,50.818855788965124
,,grass,,19.115278334187135,50.80450259730214
,,grass,,19.116450608541975,50.804547716771424
,,grass,,19.116215587425593,50.80451076696959
,,grass,,19.11700987453807,50.80418334385329
,,grass,,19.115246847854817,50.803850697106164
,,grass,,19.116315100247203,50.80497025306
,,grass,,19.115822729717927,50.80519046461324
,,grass,,19.11548286595527,50.804949685953915
,,grass,,19.115731170081908,50.80525307873923
,,grass,,19.11536916077647,50.80526894539949
,,grass,,19.11508775199858,50.80526920605293
,,grass,,19.115342845839816,50.80514771213021
,,grass,,19.114797639905927,50.804926437399125
,,grass,,19.109511150555168,50.80057117596373
,,grass,,19.117085928275344,50.80510259249124
,,grass,,19.116797295860568,50.80486524730271
,garden,,,19.109041635348927,50.80037360610714
,,grass,,19.109972547814746,50.811131497729235
,,grass,,19.107285549225065,50.81045413648799
,,grass,,19.10685379304034,50.81063456670732
,,grass,,19.107343474290975,50.81099468158247
,,grass,,19.104059944428492,50.81184774142626
,,grass,,19.11131961852028,50.8125926407851
,,grass,,19.111834647061688,50.812435441828065
,,grass,,19.112355997091928,50.81249396456681
,,grass,,19.15061195810892,50.87740219856675
,,grass,,19.11566120022659,50.81371303710568
,,grass,,19.11415066307594,50.81326929463754
,,grass,,19.114244507056803,50.813262332014226
,,grass,,19.114406301534217,50.812566906628795
,,,grassland,19.09299320157627,50.82159534680593
,,,grassland,19.10051567814527,50.80218893990449
,,,grassland,19.098847406095167,50.80161434245105
,,grass,,19.097039533767077,50.80165149694605
,,grass,,19.09830611695327,50.80141995064175
,,grass,,19.09698433187917,50.801527853286665
,,,wood,19.12947026212631,50.800735925479195
,,,wood,19.128636761360344,50.79918235858067
,,grass,,19.12954910663131,50.79999973486377
,,grass,,19.147346438653297,50.806967767170235
,,,wood,19.139927316984355,50.869819360853654
,,,wood,19.140968171908277,50.86997684311428
,,,wood,19.138515526967172,50.8706502440975
,,,wood,19.138564629586796,50.87006698930105
,,,wood,19.13755091502153,50.87037548905651
,,,wood,19.136316488356407,50.869337988520755
,,,wood,19.13633771029087,50.87075458254993
,,,wood,19.135703005804608,50.869277032502104
,,,wood,19.134369062109794,50.86939176392122
,,,wood,19.135138915369723,50.86991452561249
,,,wood,19.134374984660948,50.87056537371147
,,,wood,19.13349013304329,50.87047829325758
,,,wood,19.140933779176624,50.86307462605648
,,,wood,19.14197123838883,50.867646350515734
,,,wood,19.141252435426406,50.86684917184605
,,,wood,19.1389085929966,50.866285470962666
,,,wood,19.140231513948432,50.86637214880543
,,,wood,19.140834133308577,50.86677671484975
,,,wood,19.139552888628277,50.86750349270258
,,,wood,19.138308071126975,50.867097216863854
,,,wood,19.137721835833133,50.867155537720556
,,,wood,19.13699236322878,50.86813576339033
,,,wood,19.135242164577,50.86762762722298
,,,wood,19.13189783636848,50.86472457668514
,,,wood,19.140030616148653,50.86593119289494
,,,wood,19.13871788925849,50.865167839404
,,grass,,19.09724406256556,50.81319215124105
Rondo Jerzego Kuleja,,grass,,19.09629439956589,50.77474728671064
,,grass,,19.109985136195313,50.81237563460491
,,grass,,19.109741552549544,50.81237791163187
,,grass,,19.109032661388614,50.812419886178965
,,grass,,19.109291607945107,50.81237656420264
,,grass,,19.109545513001954,50.812372463268424
,,grass,,19.10943615416744,50.81240962924774
,,grass,,19.108467240875676,50.81238319477279
,,grass,,19.10598624778684,50.81345586909747
,,forest,,19.179891010448717,50.75051427237954
,,forest,,19.181434367345904,50.75105810511052
,,forest,,19.166699319560955,50.750423975448285
,,forest,,19.154438553188236,50.79421917041959
,,grass,,19.135946945788728,50.77780894647121
,,grass,,19.12967145878346,50.817958647367355
,,grass,,19.12962926851412,50.8178476379235
,,grass,,19.12938259355262,50.81729818920582
,,meadow,,19.118552129260667,50.799863847882136
,,grass,,19.118158155908063,50.80148409942898
,garden,,,19.11994805103514,50.79845021016177
,garden,,,19.119991591226633,50.79822611048375
,garden,,,19.119775290333116,50.79820868624384
,garden,,,19.119679851971018,50.79869901178837
,,grass,,19.10359912984198,50.80838440787549
,,grass,,19.103205990675036,50.80806253051273
Rondo Konstytucji,garden,,,19.119404380922948,50.80785209050731
,,grass,,19.119311171247464,50.80761609479549
,,grass,,19.1196471710168,50.807787996267756
,,grass,,19.111159962579055,50.79683285956414
,,grass,,19.09796810906742,50.801913303042255
,,grass,,19.100909847287056,50.80116605133497
,,grass,,19.10001698537977,50.80151980122436
,,meadow,,19.10125105544305,50.80148721519216
,,grass,,19.117810204377125,50.794690702089994
,,grass,,19.117393630468086,50.795132685402656
,,forest,,19.11807480449662,50.79540388369498
,,forest,,19.11715614613889,50.79497089442716
,,grass,,19.112640768126507,50.79649276517066
,,grass,,19.1146710998503,50.796402649941506
,,grass,,19.115009088187765,50.79762253813556
,,grass,,19.114714152420284,50.796559017343945
,,grass,,19.113338347025298,50.79647158596535
,,grass,,19.112962181662887,50.7966526175711
,,grass,,19.11293705478008,50.796771035732235
,,grass,,19.112738878326603,50.79682879897693
,,grass,,19.111653536161448,50.79729613478027
,,grass,,19.112565327239285,50.797680925394815
,garden,,,19.112153263507885,50.79752275710184
,,grass,,19.11247287158652,50.79770187332369
,,grass,,19.112379407671767,50.79768680037932
,,grass,,19.11198629436601,50.797658167203885
,,forest,,19.06360707029373,50.74766556036243
,,,wood,19.144569875809847,50.859291336922034
,,grass,,19.1442990297549,50.859440375918034
,,,wood,19.143527564436837,50.86926410852092
,,,wood,19.146170138073252,50.850946128166726
,,grass,,19.123128381096116,50.817278985781314
,,grass,,19.12291981773719,50.81701969315159
,,meadow,,19.055523019179628,50.7504267730882
,,grass,,19.16617769020901,50.837366367226025
,,grass,,19.16626496229023,50.83725383186189
,,grass,,19.16701005573634,50.83732126002469
,,grass,,19.167220874622775,50.83740505608036
,,grass,,19.16670912605017,50.83746517881436
,,grass,,19.166000793072005,50.83747315983856
,,grass,,19.165500015189696,50.83731264808411
,,grass,,19.165166106343136,50.83726622570128
,,grass,,19.16717475724252,50.83722627514893
,,grass,,19.168247262436257,50.83693912012491
,,grass,,19.167671603439228,50.83715264535878
,,grass,,19.167902328262393,50.8371889616425
,,grass,,19.16396764311051,50.83708766523903
,,grass,,19.163849147178112,50.837062068718154
,,grass,,19.164675170547916,50.837195714269825
,,grass,,19.16446024562253,50.83716301169504
,,grass,,19.16419945371059,50.83723236779084
,,grass,,19.16464512089715,50.83729944410083
,,grass,,19.164909113993602,50.83734042912343
,,grass,,19.16536390598636,50.83740927685243
,,grass,,19.166304855881908,50.837942272519754
,,grass,,19.166781532968496,50.837968989593726
,,grass,,19.168778529016286,50.83805027746513
,,grass,,19.16829366131254,50.837512810507214
,,grass,,19.168876940576315,50.83668176336324
,,grass,,19.168962939252218,50.83664458339976
,,grass,,19.16854900842225,50.83683139578028
,,grass,,19.16838940575113,50.83680374980873
,,grass,,19.168458483726365,50.836861043290554
,,grass,,19.167452515422767,50.837507977339484
,,grass,,19.16855274231657,50.83695492672693
,,grass,,19.169624005438948,50.83550531616329
,,grass,,19.169717091846454,50.835519956818025
,,grass,,19.170019410359608,50.83559482767514
,,grass,,19.164557701460108,50.838390216374975
,,grass,,19.164504541896044,50.83850425647956
,,grass,,19.164418881765194,50.83892316128047
,,grass,,19.164507872190388,50.838591557967284
,,grass,,19.164515596593063,50.83853922951308
,,grass,,19.16367784888884,50.83894940573504
,,grass,,19.163855329619896,50.83896480031677
,,grass,,19.16395855410525,50.83887364220114
,,grass,,19.16400054082951,50.838726416044246
,,grass,,19.164054174554156,50.838542380357815
,,grass,,19.16418698949583,50.83921777766914
,,grass,,19.163530514538845,50.83827927701029
,,grass,,19.16372167098682,50.838306696957865
,,grass,,19.164360527357623,50.83799668519401
,,grass,,19.164223643244263,50.838087912229405
,,grass,,19.164267833106397,50.838131274751774
,,grass,,19.16407624421594,50.83789066789206
,,grass,,19.164053949999996,50.83812464999998
,garden,,,19.109402684257486,50.80178450114906
,garden,,,19.109378847657922,50.80174367303376
,garden,,,19.109509725814828,50.80191874252842
,garden,,,19.109688851158477,50.801872623825524
,garden,,,19.109599933437433,50.80170806366072
,,,wood,19.132817150144547,50.85632631034498
,,,wood,19.134229007578515,50.857382276203985
,,,wood,19.135492180366388,50.85866956973556
,,,wood,19.1027583240036,50.83282882808357
,park,,,19.119160167115577,50.81532987472444
,,grass,,19.1466714857632,50.8198354561828
,,grass,,19.146772277747306,50.819885244415424
,,grass,,19.146659231230004,50.8199538949111
,,grass,,19.146955611321278,50.81987348477869
,,grass,,19.146966453426607,50.81980298650941
,,grass,,19.146721146482157,50.81974758242164
,,grass,,19.14722629872373,50.82005422878459
,,grass,,19.14735068670544,50.82005327754754
,,grass,,19.14718129491748,50.82013888887855
,,grass,,19.14674411801294,50.82022055147848
,,grass,,19.146657063569528,50.820167334998445
,,grass,,19.142517996532597,50.82226215125326
,,grass,,19.143714759824444,50.82176197873663
,,grass,,19.143511026034698,50.8216614180713
,,grass,,19.1402141527092,50.819039696138326
,,grass,,19.061777214999385,50.76080742136454
,,grass,,19.061229663855983,50.7607040437528
,,grass,,19.061124945367645,50.76095485464266
,,grass,,19.061439858483713,50.760880660904384
,,grass,,19.061610648758727,50.760864321707714
,,grass,,19.0616455818947,50.76093358471835
,,grass,,19.06251756046221,50.760789243431994
,,,grassland,19.09621424392521,50.7986121663069
,,forest,,19.094725484718648,50.77359175104073
,,forest,,19.209386895191834,50.854388873372976
,,forest,,19.22451919406243,50.859819722891025
,,forest,,19.238829846798218,50.86536508854793
,,grass,,19.119794160653875,50.82687197819474
,,grass,,19.11990838806196,50.82713868133408
,,grass,,19.11981331537223,50.8272787059954
,,grass,,19.119475171758424,50.82733712868321
,,grass,,19.11966166781385,50.82740171418156
,,meadow,,19.058560297821888,50.753065042402056
,,forest,,19.051283785079274,50.820134872294794
,,meadow,,19.05162699444397,50.8210327341305
,,forest,,19.051748149284197,50.82126131337266
,,forest,,19.050033496848638,50.821037917916755
,,meadow,,19.051559366046902,50.82152987035083
,,grass,,19.05007828856796,50.821662092556195
,,grass,,19.209021020536497,50.856657702558394
,,grass,,19.208995105125492,50.85671264050882
,,grass,,19.246094383574828,50.87823313664518
,,grass,,19.11099396302126,50.795651393616694
,,,grassland,19.11167195554717,50.79614475651747
,,,grassland,19.111013124176523,50.796312490438055
,,forest,,19.099886826526443,50.893770362341094
,,forest,,19.100648297274585,50.89336100448285
,,forest,,19.101403719004775,50.75491945627688
,garden,,,19.107403445398308,50.80149267998849
,,grass,,19.110305412603108,50.79444677400728
,,grass,,19.110340432480985,50.794675883503196
,,grass,,19.110359422551582,50.79493466650483
,,grass,,19.110208863059814,50.794842145714526
,,grass,,19.110170796950484,50.79468570436497
,,grass,,19.110035981297614,50.794845014371134
,,meadow,,19.11144276602134,50.79565646507111
,,grass,,19.111567882777354,50.794929229657484
,,grass,,19.11083381905748,50.79510882629294
,,grass,,19.111135436604513,50.79496439864809
,,grass,,19.111393446924847,50.79493642869659
,,grass,,19.111076587688878,50.79528615840261
,,grass,,19.10723080535434,50.80241900654604
,,grass,,19.114316967162498,50.80097744575819
,,grass,,19.114203341756944,50.80097134141651
,,grass,,19.113955166528786,50.800959454377875
,,grass,,19.113586470750235,50.80093320702816
,,grass,,19.113323503843684,50.8009428230322
,,grass,,19.113187040431452,50.80093923164016
,,grass,,19.11298801132287,50.80091552046287
,garden,,,19.114690210762838,50.800420710067364
,garden,,,19.114017196272282,50.80044125827418
,,grass,,19.11527711627529,50.80020922503801
,,grass,,19.11366027843952,50.80017356584643
,,grass,,19.112684594855896,50.79829730521925
,,grass,,19.113175349493968,50.79840104389552
,,forest,,19.20889171000708,50.878281736089924
,,forest,,19.192604047876095,50.877610080222276
,,forest,,19.189806096601693,50.87708534752447
,,forest,,19.188808841563205,50.87696936323001
,,forest,,19.18717446347343,50.87691324240038
,,forest,,19.185975076916534,50.87689286830038
,,forest,,19.183704067703875,50.87635080194484
,,grass,,19.113874927373857,50.80150871519746
,,grass,,19.114301700915373,50.80259472852889
,,grass,,19.114186746639756,50.80260056848281
,,grass,,19.113968743742703,50.802604526562426
,,grass,,19.11385086985402,50.80260538354222
,,grass,,19.113737486978724,50.8026059892231
,,grass,,19.113625793143644,50.80260743398667
,,grass,,19.113512075177965,50.80260909864447
,,grass,,19.113290506140594,50.80260974208033
,,grass,,19.114018070730072,50.80251188842548
,,grass,,19.113819152613278,50.80251726745004
,,grass,,19.11357576964477,50.80251848422581
,,grass,,19.113468205030376,50.80251925996915
,,grass,,19.11309731482622,50.80252288318633
,,grass,,19.112871348545333,50.8025251899852
,,grass,,19.112733879486612,50.80252683509354
,,grass,,19.11362372966551,50.8029026259685
,,grass,,19.113250210123468,50.80270758961055
,,grass,,19.112901305825336,50.80273304104524
,,grass,,19.11290173983942,50.8026970668194
,garden,,,19.113021203383497,50.80281222600353
,,grass,,19.112746530068634,50.8029095497447
,,forest,,19.11273287404891,50.80282985559295
,,grass,,19.115880563709943,50.80336357261991
,,grass,,19.11427860139837,50.802293246874456
,,grass,,19.115064147211957,50.8026197778248
,,grass,,19.11497914514613,50.80263020043433
,,grass,,19.11488220453696,50.80262655454729
,,grass,,19.1156232860557,50.80257935693168
,,grass,,19.11558323325438,50.80257885094686
,,grass,,19.114879263391558,50.802498209385476
,,grass,,19.114852021532933,50.80254186717127
,,grass,,19.11428425863233,50.80248124898294
,,grass,,19.10762108708626,50.802425672770426
,,grass,,19.109499592270026,50.80207527729601
,,grass,,19.106669104376557,50.79959821604304
,garden,,,19.106231897137825,50.79906135820589
,,grass,,19.110227516862267,50.80245269281423
,,grass,,19.10803275617425,50.802110097374204
,,grass,,19.10807382609329,50.802296375136876
,,grass,,19.108345646446757,50.802108778164595
,,,wood,19.13112986850798,50.79981909365119
,,,wood,19.132263637644325,50.800409117042925
,,,wood,19.133093711501463,50.80157333681231
,,,wood,19.13368550498161,50.802762210394135
,,forest,,19.071852364778497,50.82958843492059
,,grass,,19.111927985384643,50.79866777010114
,,grass,,19.11203440656694,50.79867336803438
,,grass,,19.112200427889388,50.79874464343441
,,grass,,19.11238152483798,50.79882517215077
,,grass,,19.112269631123326,50.79885419034489
,garden,,,19.10529519545833,50.803225106515185
,,grass,,19.10471296549966,50.803928594611826
,,grass,,19.106459262994715,50.80268536501948
,,grass,,19.10658202727189,50.80252056721281
,,grass,,19.10675790138272,50.80249261321299
,,grass,,19.106922822803416,50.802466292077945
,,grass,,19.109012190915426,50.802561662752304
,,grass,,19.108970530744887,50.80238320389067
,,grass,,19.108926061021506,50.80220614421557
,,grass,,19.103487118350262,50.80327950378824
,,grass,,19.10344840313452,50.80327953573789
,,grass,,19.10334907639996,50.801943483080635
,,grass,,19.10418931487894,50.80396147494074
,,forest,,19.10319457014262,50.77940179670913
,,forest,,19.103980927182878,50.77981658320262
,,grass,,19.121797926879587,50.7640653205572
,,,grassland,19.11436392633992,50.76565377135505
,,meadow,,19.12444533536294,50.760160949856996
,,,grassland,19.120289692774065,50.75844904032475
,,meadow,,19.12751576016335,50.75637938688851
,,,grassland,19.124110754727628,50.758975867879016
,,grass,,19.12811539498303,50.75906706627896
,,grass,,19.126423400665317,50.761462394640056
,,,grassland,19.121032188492343,50.75262761800451
,,meadow,,19.123994152673752,50.75328777105698
,,,grassland,19.131490362901076,50.758192568546356
,,meadow,,19.133824651752988,50.756889646021754
,,meadow,,19.13280413029906,50.75575247494986
,,grass,,19.121827322196324,50.751802002614866
,,meadow,,19.115004968847845,50.765973392789014
,,,grassland,19.120868383315806,50.76620229077581
,,grass,,19.131778201629608,50.760857294139534
,,grass,,19.129221836444472,50.763094307667224
,,grass,,19.129087979768343,50.762711012621175
,,grass,,19.125418419256178,50.76346378208121
,,grass,,19.125117136144052,50.76233317780984
,,meadow,,19.124479286842043,50.761450896774804
,,meadow,,19.12464732801302,50.761990233338274
,,meadow,,19.12477205618722,50.76249741951356
,,grass,,19.124217629057167,50.76107975416572
,,,grassland,19.118098222322,50.76727432387233
,,meadow,,19.115390470765657,50.76636399018251
,,meadow,,19.1140580219412,50.76619334290025
,,meadow,,19.11332242541369,50.76690948341474
,,,grassland,19.114051551619635,50.76662707859596
,,meadow,,19.124160791432125,50.765650564755475
,,meadow,,19.121867853730624,50.76625730349247
,,,grassland,19.123718991701892,50.766607783713084
,,,wood,19.201456675211936,50.760583030942406
,,,wood,19.19387384631826,50.76270572200038
,,forest,,19.186702130761187,50.763846174769554
,,,wood,19.187621535760307,50.76714539352789
,,,wood,19.18763022424389,50.77043864275132
,,,wood,19.19247646992673,50.77118004356106
,,,wood,19.191299732209146,50.759685526791706
,,,wood,19.192458673491277,50.76043260750399
,,grass,,19.14287126776823,50.7844610386228
,,grass,,19.138353423004034,50.762310038615524
,,grass,,19.138706672606794,50.76208573290894
,,grass,,19.138511013047864,50.762457950059606
,garden,,,19.138500514097863,50.762574235958276
,,grass,,19.138509932078613,50.76258474990286
,garden,,,19.13865426585566,50.762510847860334
,garden,,,19.138821100197006,50.76252052066886
,garden,,,19.138609138984915,50.762589665722786
,,grass,,19.13899413230613,50.76268491810994
,,grass,,19.138370152842626,50.7626473412482
,,grass,,19.13907324915682,50.76300036912532
,,grass,,19.138589957844516,50.76309433319057
,garden,,,19.13874038198142,50.762621741909975
,,forest,,19.138712471138188,50.76197896734947
,,forest,,19.13815713264681,50.76195529097802
,,,grassland,19.126352259134666,50.76584657901526
,,meadow,,19.122714008801925,50.767397726769744
,,meadow,,19.12500949471047,50.77247334342899
,,meadow,,19.12322928364124,50.77242822610856
,,meadow,,19.120725915606062,50.77074583454543
,,meadow,,19.12061211074044,50.77170891844183
,,meadow,,19.1187404214719,50.76789919058075
,,meadow,,19.129029525007493,50.76557479709268
,,,grassland,19.13389061626812,50.76691439966906
,,,grassland,19.131250535117765,50.76549826149802
,,grass,,19.162575630177408,50.76918239039961
,,meadow,,19.128001664242056,50.76654838971259
,,meadow,,19.12501173683917,50.76873542476107
,,grass,,19.139112958374362,50.763143561799815
,,grass,,19.138543912418626,50.763216500517636
,,meadow,,19.131737327064155,50.765070677211206
,,meadow,,19.13084013696878,50.76701833033478
,,meadow,,19.129419441608064,50.76745504549679
,,,grassland,19.130752656795647,50.76778746106826
,,meadow,,19.131305860490027,50.77001830775503
,,meadow,,19.127976403673895,50.77204294756796
,,,grassland,19.128950107646187,50.769347288800205
,,meadow,,19.12763873144828,50.769106199215216
,,grass,,19.05228087871184,50.79661464417398
,,grass,,19.10291146302132,50.79986353521531
,,,grassland,19.13549308158199,50.76937956760398
,,grass,,19.12285652284568,50.83761644504153
,,grass,,19.10065598180696,50.78947564125255
,,grass,,19.10065907475303,50.789516997568654
,,grass,,19.101002828852433,50.78943208673328
,,grass,,19.09947050525034,50.7895974412402
,,grass,,19.09947380523823,50.78966471961471
,,grass,,19.10070843117193,50.789603804978285
,,grass,,19.164439582118508,50.766933117266575
,,grass,,19.16461030936481,50.76694416161942
,,grass,,19.164425228339216,50.76702166519606
,,grass,,19.16446560410968,50.7667988584516
,,grass,,19.16459490508854,50.76687055273472
,,grass,,19.16420983088424,50.76679287906509
,,grass,,19.164164734648992,50.766069868379695
,,grass,,19.164031808308575,50.76678928510426
,,grass,,19.163863398561144,50.76689636087477
,,grass,,19.16405918009394,50.76655122759155
,,grass,,19.14138737147609,50.784038515422914
,,grass,,19.139712274220834,50.78374201557073
,,grass,,19.134908812047676,50.78242112104597
,,grass,,19.13536316646622,50.782443247482895
,,grass,,19.136554908756207,50.78261494065681
,,grass,,19.119004085752664,50.81729675177921
,,grass,,19.11867414293024,50.81725299575707
,,grass,,19.12381748243928,50.8175176264375
,,grass,,19.11866804642144,50.81741425758458
,,grass,,19.119006005104332,50.817512241912546
,,grass,,19.118658738712234,50.817487935438315
,,grass,,19.117783337315082,50.817346496884134
,,grass,,19.118025896591387,50.817362859665614
,,grass,,19.116138215651592,50.81728446631294
,,grass,,19.114321202968263,50.81711902074463
,,,wood,19.114760199285172,50.817438742406225
,,grass,,19.117977611635734,50.81743666832709
,,grass,,19.11756126669644,50.81753075789338
,,grass,,19.11807108911573,50.8175898869263
,,grass,,19.11833682573987,50.817639047293696
,,grass,,19.118117697669206,50.817742677339616
,,grass,,19.118169450448537,50.81871288552434
,,grass,,19.118344371982477,50.81795260699026
,,grass,,19.118054291964302,50.81720432714658
,,grass,,19.118306803097322,50.81720988813711
,,grass,,19.118316133906678,50.817014659503606
,,,wood,19.118916686110154,50.81855571280991
,,,wood,19.118750050671988,50.819077843083065
,,grass,,19.118242774250245,50.80631289640557
,,grass,,19.118025182567322,50.80433902977227
,,grass,,19.118111921351442,50.80425828859078
,,,wood,19.095945648730826,50.824161016197635
,,,wood,19.098191705810702,50.82378601431474
,,,wood,19.09981037699591,50.82355144106656
,,,wood,19.133921443448923,50.827034897901534
,,,wood,19.118072899117276,50.833444614205995
,,,wood,19.128628860642557,50.79271685090731
,,,wood,19.10399792832399,50.80717638723603
,,grass,,19.18477486374084,50.76211685665437
,,,wood,19.105903092775577,50.80547487902557
,,,wood,19.107691885794853,50.80553292434847
,,grass,,19.107897203989136,50.80556257836826
,,grass,,19.107467768586517,50.80555923531865
,,grass,,19.088945500002577,50.82325224139338
,,grass,,19.090138514625835,50.82369260599781
,,grass,,19.091690300666972,50.82429791872053
,,grass,,19.091752200259794,50.82418332218737
,,grass,,19.092983208930843,50.824513543964834
,,grass,,19.092831582087673,50.824629320352685
,,grass,,19.092824358710455,50.82481310635542
,,grass,,19.09307358702771,50.8248464456982
,,grass,,19.09349287773437,50.82478796988608
,,grass,,19.093299101734562,50.824802167260614
,,grass,,19.093357801128942,50.824666546581575
,,grass,,19.09336529220508,50.82445383911225
,,grass,,19.091359952596676,50.8243073031425
,,grass,,19.09006711805417,50.82389811159228
,,grass,,19.089062888971966,50.82359145467653
,,grass,,19.088550888265914,50.823326953366454
,,grass,,19.0883489458856,50.82342295418213
,,grass,,19.08804631020264,50.82315869848043
,,grass,,19.088244721294686,50.8231891512178
,,grass,,19.088241436610346,50.82311582179204
,,grass,,19.08789437881265,50.82079099961055
,,grass,,19.088052355807616,50.82173512746374
,,grass,,19.088184041103062,50.822548743427575
,,grass,,19.08819165780154,50.82053875583176
,,grass,,19.088403220601975,50.82180525653083
,,grass,,19.0884333073844,50.823185691694555
,,grass,,19.08866026702744,50.82321483751772
,,grass,,19.12802516468849,50.78420259947231
,,grass,,19.12705122099796,50.78450671954896
,,grass,,19.12681474724801,50.784589651702035
,,grass,,19.127481799010308,50.78452104158055
,,grass,,19.127737178244455,50.784163630412664
,,grass,,19.128655694846888,50.78386395761227
,,grass,,19.12912274918686,50.78398710390171
,,grass,,19.128854567374734,50.78404645636044
,,grass,,19.128451973736627,50.78419817739073
,,grass,,19.128034550492043,50.78434153556166
,,grass,,19.12807965689927,50.78443465644397
,,grass,,19.12750339216904,50.784850428991554
,,grass,,19.12694076105217,50.784742647383766
,,grass,,19.127138363686193,50.7846540068068
,,grass,,19.127219979545334,50.78491499491585
,,grass,,19.127051526358574,50.784871249717256
,,grass,,19.126913608708705,50.784366916662115
,,grass,,19.1267017346721,50.78443135208682
,,grass,,19.126638276465155,50.78433106449903
,,grass,,19.126492342104534,50.78424687494222
,,grass,,19.12656851295957,50.78467232108094
,,grass,,19.126718208053692,50.78480821148858
,,grass,,19.125484804979095,50.78506910979247
,,grass,,19.12556883683344,50.78518642011097
,,grass,,19.12582031643376,50.785238544573396
,,grass,,19.124958692974356,50.7851286256897
,,grass,,19.124532360526167,50.78527743721472
,,grass,,19.123147949979607,50.78575409606676
,,grass,,19.124349131695517,50.78546843294545
,,grass,,19.124422945988695,50.78559930108184
,,grass,,19.124260457741133,50.78565158237271
,,grass,,19.122224609753825,50.78615925216241
,,grass,,19.122927897979494,50.78609568665159
,,grass,,19.12192153971805,50.786414462329475
,,grass,,19.121958563199286,50.78652762627313
,,grass,,19.121440625195152,50.786540505698504
,,grass,,19.121563166651267,50.78655219026712
,,grass,,19.116752902020526,50.78757653843933
,,grass,,19.116307659193016,50.78746466704895
,,grass,,19.11625518668413,50.787583743864836
,,grass,,19.116142564182113,50.78761524828435
,,grass,,19.115782925504153,50.78760172198837
,,grass,,19.11546212237159,50.78747101841796
,,grass,,19.11568252281732,50.78732053030055
,,grass,,19.11621193296044,50.787218927660376
,,grass,,19.116557894442387,50.78718673588106
,,grass,,19.1123372145426,50.78791691675431
,,grass,,19.11369064089544,50.787821631427974
,,grass,,19.111612071528906,50.78789926193137
,,grass,,19.111278942006518,50.78794531877784
,,grass,,19.110890345007746,50.788004031355825
,,grass,,19.109177222268197,50.78849619099644
,,grass,,19.109388795459786,50.7885204982277
,,grass,,19.10949890780061,50.7886110993199
,,grass,,19.109253395997037,50.78883198263052
,,grass,,19.108932448508885,50.78904565256899
,,,wood,19.108663539163757,50.78898423429169
,,grass,,19.108435638360433,50.78858766703673
,,grass,,19.10871543890519,50.78860275292967
,,grass,,19.10878110969346,50.7888416268363
,,grass,,19.108854592460165,50.78821793267535
,,grass,,19.10962099935476,50.78817479927516
,,grass,,19.10859997577703,50.78826688758854
,,grass,,19.110506979257075,50.79475952314091
,,grass,,19.110425075018767,50.79428429128789
,,grass,,19.109920373205828,50.79170425753076
,,grass,,19.11053388510835,50.794013836549524
,,grass,,19.110639331695978,50.79406550674697
,,grass,,19.11020180093891,50.79396649328285
,,grass,,19.110229332359875,50.79426120661643
,,,wood,19.10896809864705,50.789826088642904
,,grass,,19.10239596766305,50.80403795441979
,,grass,,19.088060204289487,50.81984814296546
,,grass,,19.087494943433157,50.81922528040666
,,grass,,19.087643198405882,50.81974335677394
,,grass,,19.087403686072893,50.8191159233185
,,grass,,19.087598994219817,50.819057061370216
,,grass,,19.08732959704432,50.81905574321808
,,grass,,19.087083030581066,50.81917314179934
,,grass,,19.087082389814114,50.8192641347566
,,grass,,19.087565392670356,50.81881576087247
,,grass,,19.087393086721484,50.81872915024306
,,grass,,19.087636100260166,50.81874700760304
,,grass,,19.08707770718501,50.818497468303214
,,grass,,19.087352426709394,50.81862115569012
,,grass,,19.08670806209347,50.81845595133997
,,grass,,19.086440075676855,50.81813045669195
,,grass,,19.086847107477837,50.81838329693498
,,grass,,19.087345308475662,50.81887137369763
,,grass,,19.143095873841478,50.80716699719787
,,grass,,19.141802133107234,50.80651527596803
,,,wood,19.141910896409897,50.806276319904704
,,grass,,19.141471224977792,50.80653249693107
,,grass,,19.142814867604056,50.806768147194646
,,grass,,19.143229511422486,50.80688156390543
,,grass,,19.143709050618593,50.806993487391026
,,grass,,19.143601850274788,50.80708410575075
,,grass,,19.144303460936793,50.8071312552325
,,grass,,19.144462551680284,50.8072946973402
,,grass,,19.14548136354942,50.807504466267424
,,,wood,19.145229142672903,50.8076912566578
,,,wood,19.13992123760685,50.80591655532221
,,grass,,19.139725645963193,50.805686287184855
,,grass,,19.140101725154704,50.805831296899356
,,grass,,19.140752655771593,50.805984724889
,,grass,,19.1403824712746,50.80582135055605
,,grass,,19.147657303024648,50.8078362909853
,,grass,,19.15303764110827,50.80693026767422
,,grass,,19.154871949080825,50.8068215758949
,,grass,,19.1570645258369,50.80693624691014
,,grass,,19.15557118560963,50.806982734992644
,,grass,,19.15484220781078,50.80696863627875
,,grass,,19.156246071125477,50.80700570171751
,,grass,,19.158134855678448,50.807101649297465
,,grass,,19.15872855739342,50.807146781654964
,,grass,,19.15852006026061,50.80721614690898
,,grass,,19.156613103785688,50.80711155069012
,,grass,,19.157197761008344,50.807138710985775
,,grass,,19.15739258244199,50.807148792163545
,,grass,,19.15569572148147,50.80714377120222
,,grass,,19.153364555723517,50.80685814256759
,,grass,,19.153122403093573,50.80673920445229
,,grass,,19.153734950655938,50.80668343419555
,,grass,,19.153827310238718,50.80680153930277
,,grass,,19.153497398500072,50.80699732640368
,,grass,,19.15248782810718,50.80695382138178
,,grass,,19.15276828822376,50.80688852085666
,,grass,,19.129206186738227,50.8175805828519
,,grass,,19.12893839791565,50.8175606945418
,,grass,,19.129343580623264,50.8174711483806
,,grass,,19.12951052447493,50.81756805512241
,,grass,,19.129673768931156,50.8176969311363
,,grass,,19.129849015708736,50.81757422696328
,,grass,,19.129823761784042,50.81727087103398
,,grass,,19.130558111191014,50.817405952648286
,,grass,,19.130148066724935,50.81761919991218
,,grass,,19.133923953889873,50.81800340711649
,,grass,,19.130183076982497,50.81798930778633
,,grass,,19.132899705377895,50.81811951273755
,,grass,,19.123479261796366,50.81724853393315
,,grass,,19.125912087184105,50.81737579939193
,,grass,,19.12810706137998,50.81736988797382
,,grass,,19.128446585469145,50.81724440526539
,,grass,,19.12102753446736,50.817605131237876
,,grass,,19.122394819764995,50.81757320764496
,,grass,,19.125407428587913,50.817663602734605
,,grass,,19.125111530422195,50.817710541974
,,grass,,19.12228705523355,50.81639156500877
,,grass,,19.12274960926211,50.81728073303825
,,grass,,19.123345585661152,50.81708548601603
,,grass,,19.129615561180515,50.81714585439673
,,,wood,19.129136299243147,50.818034350441806
,,grass,,19.128919436353428,50.81792776745372
,,grass,,19.128933499682883,50.81780472972015
,,grass,,19.12926560046983,50.81783974687252
,,grass,,19.131602346878996,50.81758773721102
,,grass,,19.13255600885689,50.817722763263895
,,grass,,19.133963863870306,50.81786951604097
,,grass,,19.13367216013563,50.81774543862909
,,grass,,19.133535684426494,50.817423417183825
,,grass,,19.134677398314256,50.817884410068956
,,grass,,19.13459696269205,50.81771372617736
,,grass,,19.13506687117711,50.817720610140476
,,grass,,19.1361738239395,50.81806182530734
,,grass,,19.13627356102237,50.817920457775585
,,grass,,19.137776232175934,50.818016298644515
,,grass,,19.138170967465648,50.817892607927426
,,grass,,19.136482133739232,50.81844736238124
,,grass,,19.13835709305306,50.81853450887433
,,grass,,19.138280031571,50.81822387026564
,,,wood,19.1385852739929,50.80462618183271
,,grass,,19.138649194510997,50.80507334008256
,,grass,,19.139902913628102,50.8056109792451
,,grass,,19.139411915160466,50.805663748093956
,,grass,,19.137543707184697,50.805108320768085
,,grass,,19.143241574434853,50.82150969470765
,,grass,,19.143500573748376,50.82154101085672
,,grass,,19.143160044766237,50.82169289642086
,,grass,,19.143747735394363,50.82146424162364
,,grass,,19.143862398187732,50.821518122892094
,,grass,,19.143783653057973,50.82126194720647
,,grass,,19.143953304226045,50.82121505948757
,,grass,,19.143513815258412,50.82112226609616
,,grass,,19.143242400898913,50.82121457816397
,,grass,,19.143132195264755,50.821174592656845
,,grass,,19.143080015686365,50.82106809118868
,,grass,,19.14286118347861,50.82094996833338
,,grass,,19.1389636405226,50.81739431103155
,,grass,,19.139146045851135,50.817589471054376
,,grass,,19.13876282320422,50.81766518285206
,,grass,,19.13898622125582,50.818038347980455
,,grass,,19.140282987474627,50.818278988038614
,,grass,,19.141396480125596,50.81885800424701
,,,wood,19.140036851185172,50.81625692359061
,,grass,,19.14104480698064,50.81644953232099
,,grass,,19.139113837551427,50.81676096974093
,,grass,,19.138815937381533,50.816959733887295
,,grass,,19.139234841104216,50.81707760034223
,,grass,,19.139190319703093,50.817288737096014
,,grass,,19.142675813912067,50.819148725764315
,,grass,,19.14526563491037,50.82059450517174
,,grass,,19.13863303148526,50.81623817488645
,,grass,,19.139274263644335,50.81627336474461
,,grass,,19.137298618888448,50.81778268845105
,,grass,,19.135968549478203,50.81771673999354
,,grass,,19.137612026037147,50.81759969263998
,,grass,,19.138029944226837,50.8175794938898
,,grass,,19.138031808887607,50.81769065049292
,,grass,,19.137901772939244,50.8177993234037
,,grass,,19.137668117338677,50.817839794816194
,,grass,,19.135762235896124,50.77293259585716
,,grass,,19.1355611275304,50.77297755838537
,,grass,,19.136236604442974,50.772824374656444
,,grass,,19.136112341060397,50.77310168661059
,,grass,,19.135543646375204,50.77271089741822
,,,wood,19.131748517794318,50.77362909774207
,,,wood,19.133894090795206,50.7733230073323
,,,wood,19.136875219815764,50.77293835015409
,,grass,,19.133130938514775,50.77358167075529
,park,,,19.13495632543253,50.773465563051765
,,grass,,19.15152315884021,50.8077177535048
,,grass,,19.152024606212564,50.807701052692586
,,grass,,19.06380886331156,50.82058028988501
,,grass,,19.063625250874754,50.82061443833268
,,grass,,19.054516206190414,50.82136695906457
,,grass,,19.054109344675858,50.82139654755654
,,grass,,19.079592788863167,50.82219966883942
,,grass,,19.080282260280747,50.82227868045635
,,grass,,19.08081543465501,50.8223377237726
,,grass,,19.081125464114614,50.822370849390474
,,,wood,19.10935658946993,50.81673677088621
,,grass,,19.108610578370495,50.81676176763896
,,grass,,19.10743405106079,50.81691324158331
,,grass,,19.107246050892634,50.81676879669468
,,grass,,19.106150152856713,50.81676463722185
,,grass,,19.105988448666572,50.81675689699729
,,grass,,19.110100520268666,50.81674435401508
,,grass,,19.110667545561174,50.81669113622531
,,grass,,19.157279167252735,50.77490891526985
,,grass,,19.157059651130535,50.77494610688612
,,grass,,19.156750082492973,50.77394811261782
,,grass,,19.15737827635136,50.77400709378014
,,grass,,19.157309367694857,50.773500500177285
,,grass,,19.157042640453124,50.77348893421033
,,,wood,19.156634174510682,50.77315038721854
,,grass,,19.15710681586334,50.77282625342447
,,grass,,19.15745333356201,50.77238603053312
,,grass,,19.15715708733062,50.77259052028751
,,grass,,19.15738274447112,50.77295002679568
,,grass,,19.157561978329518,50.772869938629846
,,grass,,19.143838979534706,50.78006796442819
,,grass,,19.144316702762495,50.77984473590978
,,grass,,19.14522585313052,50.779438384913334
,,grass,,19.145447926085676,50.779501544731204
,,grass,,19.143111925110986,50.78090917567552
,,grass,,19.143606705245336,50.7800808342876
,,grass,,19.143656683170967,50.77977505452543
,,grass,,19.14381034253688,50.779826106722126
,,grass,,19.14389412330152,50.77982630441275
,,grass,,19.143837898952327,50.77971154051493
,,grass,,19.143991391173472,50.7797654783161
,,grass,,19.144049940238585,50.779854484134624
,,grass,,19.143817505596623,50.77993320699508
,,grass,,19.14362967665514,50.77952431772157
,,,wood,19.142026567830055,50.77873772835565
,park,,,19.142617927463327,50.77917377009553
,,grass,,19.143063363678717,50.779500850936756
,,,wood,19.14316032196836,50.78026146007003
,,,wood,19.14296559405992,50.7805869552327
,,,wood,19.14331414772519,50.77985058954844
,,grass,,19.14039813059118,50.778418759899886
,,grass,,19.14358008786349,50.780607477974264
,,grass,,19.14408632790933,50.78043865828891
,,grass,,19.14470179100555,50.78057556967426
,,grass,,19.1448135343493,50.781210119031286
,,grass,,19.142264536468435,50.782255330116406
,,grass,,19.14169301953407,50.78313017920238
,,grass,,19.11344793097403,50.81719649603989
,,grass,,19.11256351980886,50.8170001974314
,,grass,,19.113432908149132,50.81704012051853
,,grass,,19.11380735528552,50.81690656278406
,,grass,,19.112905182766436,50.816849422348774
,,grass,,19.11324157459985,50.816813229280896
,,grass,,19.11373896796874,50.81682697498006
,,grass,,19.114096561209717,50.816831679941515
,,grass,,19.112273287268728,50.8171636813394
,,grass,,19.110673947708182,50.81685408397624
,,grass,,19.109835432899406,50.816815904351714
,,grass,,19.11035103176995,50.8171959094411
,,grass,,19.10984525681031,50.817311432355105
,,grass,,19.110469789234774,50.817302281900545
,,grass,,19.110738320946226,50.817301555185274
,,grass,,19.107630017798293,50.8172491308024
,,grass,,19.108562954084867,50.81723776778824
,,grass,,19.114938934888393,50.817313017428624
,,grass,,19.11137766110466,50.81665638866592
,,grass,,19.1268628448966,50.844540569045186
,,grass,,19.1270200358584,50.844596250389294
,,grass,,19.127006390695914,50.84486096211082
,,grass,,19.12679219675805,50.84485447180226
,,grass,,19.12674972109601,50.84495607946029
,,grass,,19.126952975147656,50.84500913346946
,,grass,,19.12737426399216,50.84505326460059
,,grass,,19.12748419213051,50.84502411063599
,,grass,,19.126648017060734,50.84668158571375
,,grass,,19.127015093860308,50.84593926467015
,,grass,,19.127387571514767,50.84519643266285
,,grass,,19.12631345738246,50.84490464121928
,,grass,,19.126149520845768,50.84488771796531
,,grass,,19.12681654643255,50.84901877063537
,,grass,,19.126816993539137,50.84916810475247
,,grass,,19.126986709898507,50.849130159149375
,,grass,,19.126648591287672,50.849145949830465
,,grass,,19.12661354013543,50.84869450654477
,,grass,,19.126579041347274,50.84822407664068
,,grass,,19.126973632550143,50.848246828385584
,,grass,,19.127001878660394,50.84875041357189
,,grass,,19.126926995001302,50.84836444611102
,,grass,,19.12707256545986,50.84840310753354
,,grass,,19.12692953318018,50.84845854061714
,,grass,,19.127234703607943,50.84849977522838
,,grass,,19.130224389629465,50.848775728905345
,,grass,,19.126963054196413,50.84811612358877
,,grass,,19.12709656122549,50.848160310627556
,,grass,,19.126957577990602,50.847945730005904
,,grass,,19.1266944372671,50.84754541308567
,,grass,,19.126551858782978,50.847596441762
,,grass,,19.126297484921075,50.8479174051981
,,grass,,19.082578970228464,50.82223780671475
,,grass,,19.083025394766203,50.821931500268335
,,grass,,19.08232320523078,50.822295432000296
,,grass,,19.082116575837258,50.822435480757555
,,grass,,19.082262787017523,50.822491736430095
,,grass,,19.082020118652668,50.82235936018057
,,grass,,19.081904265550953,50.822441582535696
,,grass,,19.08159137817435,50.82244279096621
,,grass,,19.081774472768952,50.82252303500456
,,grass,,19.08149978389333,50.822492320476556
,,grass,,19.081730694253192,50.82232500890874
,,grass,,19.081756755164882,50.82239178966254
,,grass,,19.081619251756273,50.822625153680015
,,grass,,19.081783516346523,50.82268999542339
,,grass,,19.081979648993926,50.82272199906077
,,grass,,19.082253816787787,50.82282525973857
,,grass,,19.082103177280832,50.822632284220376
,,grass,,19.08269746057932,50.82290489996399
,,grass,,19.08257438987456,50.823038544512535
,,grass,,19.083152279599425,50.82327191870625
,,grass,,19.083012226740866,50.822916906966704
,,grass,,19.083367089566117,50.823040469912044
,,grass,,19.083276810721028,50.823303305577035
,,grass,,19.083803133327372,50.823349002900265
,,grass,,19.085739797880446,50.82334213094363
,,grass,,19.08513298569947,50.82312380139425
,,grass,,19.083857413083,50.82303951238553
,,grass,,19.081881743854346,50.82291945808722
,,grass,,19.114245372191363,50.81558496561325
,,grass,,19.114399722085686,50.815571806653175
,,grass,,19.104164967624147,50.81695903449877
,,grass,,19.10450768191971,50.81647230577974
,,grass,,19.10457528050273,50.81666045602725
,,grass,,19.10502182682914,50.81677238702304
,,grass,,19.104651890180925,50.816792396206026
,,grass,,19.10500795443485,50.816816070922116
,,grass,,19.105625946359414,50.816810864983125
,,grass,,19.107506023467593,50.81685527503001
,,grass,,19.103984849671342,50.81678928245131
,,grass,,19.104180223721954,50.81680781435802
,,grass,,19.104146311957766,50.816711409823355
,,grass,,19.103211933030632,50.816734297544734
,,grass,,19.102985767157076,50.81668487206641
,,grass,,19.103767472866263,50.81655569752165
,,grass,,19.104062151531288,50.81651094847683
,,grass,,19.103948535758352,50.8165643741811
,,grass,,19.104181029132384,50.81710914922533
,,grass,,19.103789627617118,50.81733208004209
,,grass,,19.105927461013938,50.81719714125243
,,grass,,19.10567612119395,50.817273267291455
,,grass,,19.104112559863516,50.816070969570006
,,grass,,19.10427612654351,50.81632735864053
,,grass,,19.10454326974573,50.81598508933995
,,grass,,19.104409651825353,50.81596139346827
,,grass,,19.135763550051458,50.82921339016225
,,grass,,19.135246049532228,50.82895321192601
,,grass,,19.135699942100505,50.82982507261763
,,grass,,19.135312312127542,50.82818786292711
,,grass,,19.135256354209318,50.828555461708476
,,grass,,19.135105300771507,50.82854182740463
,,grass,,19.135576533455783,50.828435602701354
,,grass,,19.135328909640787,50.82791696504606
,,grass,,19.1355640862224,50.82797257959414
,,grass,,19.1354969252632,50.82806962011346
,,grass,,19.135768506207274,50.82810094987689
,,grass,,19.13624264117739,50.829646314701975
,,grass,,19.135927927534333,50.83004266675068
,,grass,,19.135678296792396,50.832332063367446
,,grass,,19.136256455887096,50.83034636474429
,,grass,,19.136289746583614,50.8301328073451
,,grass,,19.13583149924625,50.83058443193897
,,grass,,19.135809068718462,50.832557975313485
,,grass,,19.13564475546521,50.831570294650675
,,grass,,19.1375296033144,50.8288835124048
,,grass,,19.137258083996535,50.829130767482425
,,grass,,19.136506798814416,50.82964072759794
,,grass,,19.13530960206475,50.83328254884569
,,grass,,19.137362616337168,50.829180955709305
,,grass,,19.13771095832067,50.828995597627895
,,grass,,19.17347908772224,50.84047882336209
,,grass,,19.173325468702515,50.84054794145423
,,grass,,19.173788915157015,50.84053814763719
,,grass,,19.174361284407798,50.84059543688519
,,grass,,19.174585477341928,50.8405769534782
,,grass,,19.17512784616935,50.84074573676467
,,grass,,19.17545212506873,50.840777907891834
,,grass,,19.175575362573163,50.840658486128895
,,grass,,19.175553473177697,50.84051069189055
,,grass,,19.175688233619127,50.840477306963024
,,grass,,19.175592540265505,50.840367185136316
,,grass,,19.175418148097837,50.840429589294295
,,grass,,19.17505588221326,50.84046269191873
,,grass,,19.174944004674497,50.84055720093608
,,grass,,19.174726778235044,50.84046512690886
,,grass,,19.17506913054523,50.840787432987426
,,grass,,19.17499332056442,50.84087221449786
,,grass,,19.175271492520704,50.84098578343954
,,grass,,19.17558038221772,50.841077348482784
,,grass,,19.174892313126254,50.840407471929176
,,grass,,19.17422373059404,50.84039598711801
,,grass,,19.174538862489932,50.840369446829584
,,grass,,19.174471944611124,50.840428058435364
,,grass,,19.170075789992044,50.840500904947696
,,grass,,19.170521476395024,50.840479573628535
,,grass,,19.170304905023617,50.84047799618079
,,,wood,19.16968081763443,50.84052554700761
,,grass,,19.169323935670107,50.84055709839752
,,grass,,19.169006321777164,50.84058411823339
,,grass,,19.16873500662806,50.840604834629815
,,grass,,19.16843205041671,50.84064960555057
,,grass,,19.168159932050802,50.84066043953456
,,grass,,19.16786598042562,50.84068074942535
,,grass,,19.167539121938034,50.84071093901169
,,grass,,19.167301909960802,50.8407281113087
,,grass,,19.167148822086844,50.84073662673704
,,grass,,19.166987404812215,50.840744555312504
,,grass,,19.16680744685234,50.840731902954445
,,,wood,19.16678243300589,50.84075014192592
,,grass,,19.166602594052428,50.840738914125765
,,grass,,19.166365034310868,50.84072874291235
,,grass,,19.16569813299408,50.84067069059633
,,grass,,19.165963970401457,50.84069927126607
,,grass,,19.165394549360595,50.8406471853469
,,grass,,19.165109785095968,50.840628309862204
,,grass,,19.164700188535846,50.8405833717963
,,grass,,19.16432797679056,50.8405530420245
,,grass,,19.16400177390378,50.84049839637169
,,grass,,19.164005142458752,50.84054013881286
,,grass,,19.162803571267084,50.8404087920426
,,grass,,19.162748407608895,50.84024839857291
,,grass,,19.162960746216473,50.84004630584799
,,grass,,19.162616084001318,50.84013316015036
,,grass,,19.162480639098803,50.84014766124465
,,grass,,19.162500358687925,50.84030409999642
,,grass,,19.1622603916726,50.84028813487597
,,grass,,19.16204276765982,50.84034439941746
,,grass,,19.16154133807971,50.84030164264108
,,grass,,19.161272717501358,50.84027284560573
,,grass,,19.16087763230408,50.84020705423948
,,grass,,19.16057794212722,50.84013324201597
,,grass,,19.160390934371364,50.840077885657145
,,grass,,19.16028084294022,50.8399435594359
,,grass,,19.16011413595564,50.840110654876405
,,grass,,19.160421816733322,50.83999917091887
,,grass,,19.16004326769199,50.84003305728958
,,grass,,19.15971216835146,50.84006699968154
,,grass,,19.159768833811448,50.83999525064257
,,grass,,19.15966019475163,50.839873290104855
,,grass,,19.15965943833292,50.83963524276233
,,grass,,19.15977696413,50.8396990209967
,,grass,,19.16002772617806,50.8396337897058
,,grass,,19.160264615085577,50.8396730994833
,,grass,,19.160362487190753,50.839600522097534
,,grass,,19.160463708382093,50.83960255951249
,,grass,,19.16046329317767,50.83968471088185
,,grass,,19.160367714249173,50.839790670858754
,,,wood,19.160735088106232,50.84025110175348
,,grass,,19.16214304472822,50.840210220776186
,,grass,,19.16166942373749,50.84017844428496
,,grass,,19.161326924123628,50.84013978855403
,,grass,,19.14539627570414,50.875787807581005
,,grass,,19.14467710337574,50.87558321236197
,,grass,,19.144740989302598,50.87550140795143
,,grass,,19.144558588381244,50.87545731999862
,,grass,,19.144339767935488,50.875413686759494
,,grass,,19.14398154272356,50.875528448015835
,,grass,,19.144601475036342,50.875364783879114
,,grass,,19.143956257280767,50.87506094900433
,,grass,,19.143907095850178,50.87524544805008
,,grass,,19.14766485628057,50.87667608013369
,,grass,,19.145906970125793,50.87618200437477
,,grass,,19.1431862,50.875574500000006
,,grass,,19.141368584580757,50.87541782936137
,,grass,,19.143038904662223,50.87526880015943
,,grass,,19.14545070237827,50.87567646355016
,,grass,,19.14443653773671,50.87527566767315
,,grass,,19.14404070413262,50.87520152115441
,,grass,,19.14371969935751,50.87514266839833
,,grass,,19.145506826708967,50.875374549809415
,,grass,,19.14427629806719,50.87620860626353
,,grass,,19.144131627485233,50.87594131526735
,,grass,,19.14213124567222,50.87559998757691
,,grass,,19.141822031819057,50.875783926133224
,,grass,,19.14146467673052,50.87572889800243
,,grass,,19.14084020110901,50.87482451290819
,,grass,,19.1438801684436,50.87864020556484
,,grass,,19.14335519640815,50.87861880458975
,,grass,,19.14324209041919,50.87846912328448
,,grass,,19.14303853276919,50.87856163302418
,,grass,,19.142907858602513,50.878415441210315
,,grass,,19.14261248724966,50.87835443546806
,,grass,,19.142642291912832,50.87849361888981
,,grass,,19.14147411682954,50.876487049919845
,,grass,,19.14858815940011,50.8781600647619
,,grass,,19.14191028219317,50.87768404399774
,,grass,,19.148309227825383,50.87778978676211
,,grass,,19.14878024087675,50.877577418239994
,,grass,,19.142509464034852,50.87631496036602
,,grass,,19.14831436241744,50.87924822157044
,,grass,,19.142318960441575,50.877531631450886
,,grass,,19.142885244987166,50.87763325060238
,,grass,,19.142918554190896,50.877753241455025
,,grass,,19.142440550810996,50.877667349156525
,,grass,,19.142800118142052,50.87786047071833
,,grass,,19.142453457812667,50.87778271422087
,,grass,,19.14314112991082,50.87793388898349
,,grass,,19.14270290626168,50.87808113230134
,,grass,,19.14325417299729,50.878208443553724
,,grass,,19.139360833368094,50.87749833148889
,,grass,,19.14058124934311,50.87771377468532
,,grass,,19.14115457382216,50.87782231018936
,,grass,,19.14092178592311,50.87726605942222
,,grass,,19.140292324166918,50.8771513157088
,,grass,,19.140011704550098,50.87737315569476
,,grass,,19.130235309374623,50.84865156438558
,,grass,,19.13168821174142,50.848694968402064
,,grass,,19.132327004241347,50.84875085853926
,,grass,,19.141029277655022,50.8489924375469
,,grass,,19.147793615369473,50.848292975133745
,,grass,,19.148499772221143,50.84822492603355
,,grass,,19.148645628332645,50.84819553738885
,,grass,,19.148627741983717,50.848115002113914
,,grass,,19.14879903088826,50.84816286743838
,,grass,,19.14902858173346,50.84813484515219
,,grass,,19.14893052566216,50.84807598740543
,,grass,,19.1496455068934,50.84801476921258
,,grass,,19.14974272490794,50.848129761465636
,,grass,,19.148956628823385,50.84849332944734
,,grass,,19.14891641526428,50.848400241753076
,,grass,,19.148656458429357,50.84833029919102
,,grass,,19.148731185495574,50.848435368853465
,,grass,,19.14795908382205,50.848543037614746
,,grass,,19.12678247559077,50.84807345504408
,,grass,,19.126823528958074,50.848358304876065
,,grass,,19.126820896684947,50.848674262720515
,,grass,,19.119052902368818,50.83541369359244
,,grass,,19.11675862190086,50.83459587867353
,,grass,,19.116914357975897,50.83462425708424
,,grass,,19.116816463245442,50.8343545593148
,,grass,,19.116859387297787,50.83410673523227
,,grass,,19.116888981141322,50.83398225269646
,,grass,,19.118169056750816,50.834674230575075
,,grass,,19.117577799068922,50.834644140803476
,,grass,,19.118153589015517,50.83484438696499
,,grass,,19.118563470224995,50.835072644174794
,,grass,,19.118928559662933,50.835553487760194
,,grass,,19.117078635993863,50.83508389568914
,,grass,,19.116692846535614,50.83474300391413
,,grass,,19.118074776266255,50.835438205845165
,,grass,,19.11954385570401,50.83592653456568
,,grass,,19.116493215677956,50.83388421624965
,,grass,,19.116531240124317,50.834496637215054
,,grass,,19.116273952890438,50.83445640160376
,,grass,,19.115869105504423,50.83438275280771
,,grass,,19.116081589088278,50.8343847130605
,,grass,,19.116144469533275,50.83419825731398
,,grass,,19.116282077946504,50.833882889827834
,,grass,,19.116933420309532,50.83375574008348
,,grass,,19.116363727261966,50.833294612637275
,,grass,,19.117127224905733,50.83322716080753
,,grass,,19.11586420625871,50.834429718058786
,,grass,,19.115809248306114,50.834641649814465
,,grass,,19.11379882765948,50.83402752089462
,,grass,,19.111482564503977,50.83344783252006
,,grass,,19.113330366858204,50.8340248448351
,,grass,,19.11580947884088,50.83474303661317
,,grass,,19.1161094530212,50.83477375345349
,,grass,,19.115994826446876,50.835004503146
,,grass,,19.116062911354767,50.83515439691868
,,grass,,19.116533711949863,50.834905448317045
,,grass,,19.11664195861772,50.834985796682396
,,grass,,19.11695647212872,50.83523742247206
,,grass,,19.116399404303166,50.83526224928572
,,grass,,19.11620947679909,50.83524080277193
,,grass,,19.11791526239437,50.83547133050946
,,grass,,19.118564757700767,50.835683018436946
,,grass,,19.11257837394486,50.83357849301502
,,grass,,19.12235282036043,50.83573106847743
,,grass,,19.122323037633087,50.83601767608923
,,grass,,19.121733967424746,50.83608992353674
,,grass,,19.12186960165591,50.83619172562094
,,grass,,19.122021134142642,50.836344004187616
,,grass,,19.122605038949658,50.83662578188276
,,grass,,19.117758772710687,50.8356346110618
,,grass,,19.1186505316188,50.835833701774355
,,grass,,19.119219592033,50.835955134065244
,,grass,,19.119829063256173,50.83619782221712
,,grass,,19.120542861315702,50.8364212896096
,,grass,,19.120399114719064,50.83682726535803
,,grass,,19.12056157330598,50.836935048079894
,,grass,,19.149111427852425,50.770115899098265
,,grass,,19.149420552187124,50.77012699753363
,,grass,,19.149823192913797,50.7702195537229
,,grass,,19.150161391552164,50.77039634668163
,,grass,,19.15036461563974,50.77052429852551
,,grass,,19.150132332018934,50.77068647718815
,,grass,,19.150353379059823,50.77092302968259
,,grass,,19.151094887428926,50.770820466393985
,,grass,,19.15117971614576,50.770930199714506
,,grass,,19.15263713852908,50.771503792888296
,,grass,,19.151632860302954,50.77142048166205
,,,wood,19.15024185597725,50.77123558130237
,,grass,,19.149936469785597,50.77128020341484
,,grass,,19.15012521348817,50.771522174329725
,,grass,,19.150059237119823,50.77192739770389
,,grass,,19.150051384688343,50.77090718728645
,,,wood,19.14988194268917,50.77651311460108
,,grass,,19.15160259187234,50.774741055857476
,,grass,,19.151130964644587,50.77454036918253
,,grass,,19.15089713195522,50.77463607934713
,,grass,,19.1511361887468,50.77518987317707
,,grass,,19.150713242514122,50.775326506694384
,,grass,,19.150803655243642,50.775247637436344
,,grass,,19.150864660848708,50.775458915983805
,,grass,,19.150841218888896,50.77566684969323
,,grass,,19.15031671357558,50.77537434958257
,,grass,,19.150076495568314,50.775113805967486
,,grass,,19.149688598302536,50.77514814835361
,,grass,,19.15002579587439,50.77540101047815
,,grass,,19.15229563423489,50.77458526600376
,,grass,,19.150326467633764,50.77572531793663
,,grass,,19.149972178866005,50.77573580138165
,,grass,,19.149388477111504,50.77578493599597
,,grass,,19.1496370093555,50.77576901338268
,,grass,,19.150206661285345,50.775901303278594
,,grass,,19.150366180834506,50.77595069347443
,,grass,,19.15027411569655,50.77607111468583
,,grass,,19.14997269825636,50.77590629703197
,,grass,,19.149981744446112,50.77620310065487
,,grass,,19.14921911215199,50.77609661900447
,,grass,,19.149588649212912,50.77626266849498
,,grass,,19.149212820641154,50.776207920549986
,,grass,,19.149361423842922,50.77656991867913
,,grass,,19.148941949692606,50.77624000266077
,,grass,,19.14881639908305,50.77652124650775
,,grass,,19.149784742829205,50.7750830871805
,,grass,,19.149788631616428,50.77473089671952
,,grass,,19.1500638474496,50.774628278503066
,,grass,,19.151473673226338,50.77556713218585
,,grass,,19.13605316168001,50.82819712494368
,,grass,,19.154619897262243,50.78867351498707
,,grass,,19.15488703218626,50.788841725741946
,,grass,,19.15511365631921,50.78882478533213
,,grass,,19.155283383525173,50.78866207056922
,,grass,,19.15556004433021,50.78872969994349
,,grass,,19.15566580677545,50.78863090647456
,,,wood,19.156032280475802,50.78931665843121
,,,wood,19.15648655336408,50.79011737177612
,,,wood,19.157857800775005,50.79032223849248
,,,wood,19.156786952493505,50.78930274975579
,,,wood,19.153853768392562,50.78820734676539
,,,wood,19.15445193698234,50.78779631498516
,,,wood,19.155005139472912,50.7883682246736
,,grass,,19.154809187062042,50.788660439613054
,,grass,,19.15487399974268,50.78870043065062
,,grass,,19.155751886574688,50.788830529205086
,,grass,,19.15595034065458,50.78883894896703
,,grass,,19.154850580139982,50.78744085464726
,,grass,,19.15341711431669,50.78718180154876
,,grass,,19.15400907025012,50.78713392001422
,,grass,,19.153771905376683,50.786971875301504
,,grass,,19.153509930342906,50.78702223494528
,,grass,,19.153461769444256,50.78711054647254
,,grass,,19.154385805606417,50.785226397864285
,,grass,,19.154288512083053,50.78535719676073
,,grass,,19.154483752394263,50.785370551299984
,,grass,,19.154347380778393,50.78553096981772
,,,wood,19.153970606527473,50.785759294645686
,,,wood,19.154033827593523,50.78589954051184
,,grass,,19.154050068889955,50.78692310887061
,,,wood,19.15396425572124,50.78670051124392
,,grass,,19.1545561931702,50.786110038300514
,,,wood,19.15455743492141,50.785918062901914
,,grass,,19.15443918204193,50.78611451038506
,,grass,,19.1546074093293,50.786388706391236
,,,wood,19.154971964698802,50.78652085795943
,,,wood,19.153718546301285,50.78649777742071
,,,wood,19.154029334503633,50.786272018253364
,,,wood,19.154769071576357,50.78665810716981
,,,wood,19.154666613596174,50.786797302573035
,,grass,,19.15424126216513,50.78668359566702
,,grass,,19.154352369480012,50.78650140672895
,,grass,,19.154328329042904,50.786597776970495
,,grass,,19.15412682561353,50.78567066440594
,,grass,,19.153920761670214,50.78563491381841
,,grass,,19.154383719927313,50.78569458367918
,,grass,,19.15445118667086,50.7857989152552
,,grass,,19.154421000359868,50.78589711354442
,,grass,,19.154385300374617,50.78602581457926
,,grass,,19.154285698297222,50.78637091776491
,,grass,,19.154818266752912,50.78540541307472
,,grass,,19.154811342351923,50.78544653006609
,,grass,,19.15478407537728,50.78569692080233
,,grass,,19.154707971735952,50.785737968592265
,,grass,,19.154465070183566,50.78495714067865
,,grass,,19.15438196787326,50.78503961751397
,,grass,,19.15458056857617,50.78505215906052
,,grass,,19.15441104491397,50.787291050024585
,,grass,,19.154269584593635,50.787416253346294
,,grass,,19.154370178226678,50.787420799861216
,,grass,,19.15406049694363,50.78751327403534
,,grass,,19.151812675624196,50.7876836450714
,,grass,,19.151107179483894,50.78751574102681
,,grass,,19.15068121411133,50.78742273193632
,,grass,,19.150905068281855,50.78699582963889
,,grass,,19.150892783933294,50.787050465453845
,,grass,,19.1514115487423,50.787112433563145
,,grass,,19.15137833012243,50.787055645810234
,,grass,,19.151328166336683,50.78720167128164
,,grass,,19.15231597161686,50.78728850546507
,,grass,,19.15224480659143,50.78747889288611
,,grass,,19.153051596577576,50.787554582968646
,,grass,,19.151644362473725,50.787471719211595
,,grass,,19.14917700930275,50.78687084610335
,,grass,,19.149300679710162,50.786906134903354
,,grass,,19.136127589544415,50.8183018007295
,,grass,,19.13782622534699,50.818237831976134
,,grass,,19.11816817212763,50.81992798423938
,,grass,,19.1180904359175,50.82030191879948
,,grass,,19.11796349053535,50.82077476057513
,,grass,,19.11742992888242,50.822810669434816
,,,wood,19.117638312518853,50.825214152086005
,,grass,,19.122145420346847,50.8320161868124
,,grass,,19.121896425169673,50.831681459369285
,,grass,,19.122200360590792,50.831511475998575
,,grass,,19.117695836163744,50.826401510325674
,,grass,,19.113476187895987,50.80603607892411
,,grass,,19.143892986036008,50.823412927923066
,,grass,,19.14421429397948,50.82334380493965
,,grass,,19.129470829020775,50.78572626387327
,,grass,,19.112576758691645,50.813127059513285
,,,wood,19.107902161652607,50.84476505958482
,,grass,,19.107698857407435,50.84527226948662
,,grass,,19.10779496926697,50.845099020876965
,,grass,,19.14024373554333,50.785241182371365
,,grass,,19.140428087345406,50.78500971962496
,,,wood,19.137999655782906,50.786598871457805
,,,wood,19.138251400071415,50.78666901928422
,,,wood,19.138236288550463,50.78657135805102
,,grass,,19.138713063062013,50.78619009469777
,,,wood,19.139252190030433,50.78581712574429
,,,wood,19.139929864187266,50.785536364906996
,,grass,,19.138579580815946,50.78657010250223
,,grass,,19.138707544278535,50.78646278258816
,,grass,,19.138890746147947,50.78710341663395
,,grass,,19.138602180869547,50.786905155750084
,,grass,,19.13939181767704,50.78701277485482
,,,wood,19.120222931334933,50.81773060593266
,,,wood,19.121342358395047,50.81772460772439
,,,wood,19.119795992622194,50.81778162068861
,,forest,,19.085064694471118,50.826188599471955
,,forest,,19.08492476657787,50.82777097271568
,,forest,,19.08269295168676,50.83490228270168
,,forest,,19.08236022734857,50.83396285180631
,,grass,,19.118667253511212,50.816238750365784
,,grass,,19.10910650022873,50.803615999040396
,,grass,,19.109223164486107,50.803592824766106
,,grass,,19.10901723534744,50.80333761169529
,,grass,,19.109400643731572,50.80326740326165
,,grass,,19.109738401383222,50.80319472621751
,,grass,,19.110100347686032,50.80311594110928
,garden,,,19.110165886768552,50.80310127967407
,garden,,,19.109952871243394,50.8041004747597
,garden,,,19.109772857074024,50.804102970908836
,,grass,,19.105083457407222,50.80386845662618
,,grass,,19.105582635068306,50.80379729709381
,,grass,,19.106082655633205,50.80372606672653
,,grass,,19.106615690907194,50.803645730571844
,,grass,,19.15254932844566,50.77653214625336
,,grass,,19.15249029275105,50.77637186498657
,,grass,,19.15232671224946,50.77647908887105
,,grass,,19.15232415177956,50.77632817605702
,,grass,,19.152894425911008,50.77589605077576
,,grass,,19.116572824405402,50.803721912649785
,,grass,,19.116537299999997,50.803685949999995
,,grass,,19.11647381232183,50.803697729692175
,,grass,,19.116438011146816,50.80366202976308
,,grass,,19.1163734388982,50.803673920179726
,,grass,,19.116880592445316,50.803782526482216
,,grass,,19.132689684156368,50.789015848038176
,,grass,,19.132256153806736,50.78925356041937
,,grass,,19.132004565842802,50.788970222450345
,,grass,,19.13180594284827,50.78876319060958
,,grass,,19.131767660178813,50.78888958138493
,,grass,,19.131837714637662,50.788939769959406
,,grass,,19.132075160319886,50.78938167277549
,,grass,,19.134190093045017,50.78819105612457
,,grass,,19.13401358219583,50.78834372114661
,,grass,,19.13359153086724,50.78873304512216
,,grass,,19.132629424432928,50.789493365747674
,,grass,,19.13373616135831,50.78879413856077
,,grass,,19.133159767698803,50.78927721130753
,,grass,,19.13409346961651,50.788711962940255
,,grass,,19.133927505260722,50.78893638607048
,,grass,,19.133253282605633,50.78974986306246
,,grass,,19.133204229352643,50.78965395672326
,,grass,,19.134232202603513,50.78903849075304
,,grass,,19.13671486851472,50.78694226418193
,,,wood,19.137896976429847,50.787058155636984
,,,wood,19.13787145772451,50.78718435052374
,,grass,,19.13587836430118,50.78799374304648
,,grass,,19.135503628719547,50.788370991815945
,,,wood,19.135514348304746,50.7882058598283
,,grass,,19.135226213565808,50.788326683222024
,,grass,,19.13552173012866,50.788517546218046
,,grass,,19.135732534212263,50.788479439829864
,,grass,,19.135940912182065,50.78824453761927
,,,wood,19.136442863175787,50.78771549561036
,,,wood,19.136690560181897,50.787824640788926
,,grass,,19.137025181667962,50.78756497894487
,,grass,,19.137052244669903,50.78729776083306
,,grass,,19.137273912247892,50.78762980225303
,,grass,,19.137194770791076,50.78794647810837
,,grass,,19.13749466734926,50.78776489663594
,,grass,,19.1376003165562,50.78764589948804
,,grass,,19.137596672012382,50.78791878768817
,,grass,,19.137725867555535,50.78768342120484
,,,wood,19.13794367992394,50.78750579290109
,,grass,,19.135418838639897,50.78808947191245
,,grass,,19.137520241497082,50.78675286844804
,,grass,,19.137869530584783,50.78693348576155
,,grass,,19.137962906107692,50.7868777724349
,,grass,,19.13768193880253,50.7866460057729
,,grass,,19.139311124996688,50.78561340435211
,,grass,,19.13904964281766,50.78566876644092
,,grass,,19.136779795498033,50.787114437813145
,,grass,,19.136376668102,50.78737911023503
,,grass,,19.135358663784988,50.7877979463757
,,grass,,19.135021320128544,50.78780825717115
,,,wood,19.134459972232843,50.78787091254013
,,grass,,19.135156633926336,50.787511597921224
,,grass,,19.134877292548484,50.787394430411176
,,grass,,19.13493649350347,50.787170322031656
,,grass,,19.134206330316683,50.78765328228041
,,grass,,19.13539626438657,50.78702406336213
,,grass,,19.135675634922695,50.78733911655916
,,grass,,19.129721673448568,50.79139577007289
,,grass,,19.131389403111854,50.79031322457141
,,grass,,19.13190642971543,50.790111188815864
,,grass,,19.129643706336434,50.79166461907081
,,grass,,19.13007266255063,50.7915013915684
,,grass,,19.131351492206765,50.790189348799984
,,grass,,19.12749947614751,50.792815698375634
,,grass,,19.128483251764642,50.792189175733526
,,grass,,19.126896056141952,50.79319408189025
,,grass,,19.126777323762802,50.792957939193755
,,grass,,19.12741432420079,50.792703533090226
,,grass,,19.133148049405403,50.78979487103824
,,grass,,19.119190817490917,50.81765230499878
,,grass,,19.117950569397124,50.81760205506739
,,grass,,19.109705835278877,50.8036995581772
,,grass,,19.10965258442422,50.80356776845135
,,grass,,19.109637071583208,50.80373230385776
,,grass,,19.10952608734552,50.803804149648855
,,grass,,19.109911418939078,50.80425144374475
,,grass,,19.10929067454246,50.803847060333375
,,grass,,19.109060410396573,50.803831950104126
,,grass,,19.108942709641216,50.803991562415966
,,grass,,19.10888565069814,50.80387235182157
,,grass,,19.10881906116201,50.803728321796356
,garden,,,19.109197136624307,50.80411598247544
,garden,,,19.108995281126283,50.80411838069239
,garden,,,19.108767655106693,50.80412204889126
,garden,,,19.108628153269297,50.80409344075725
,garden,,,19.10858726809937,50.80397796780331
,garden,,,19.10852765573285,50.80381748017556
,,grass,,19.108830686979125,50.80402706000603
,,grass,,19.108725790792136,50.803831901768824
,,grass,,19.11025198541248,50.805073616047814
,,grass,,19.110179718904913,50.80483440982189
,,grass,,19.110175475011353,50.804684135301315
,,grass,,19.1108474,50.80480365000001
,,grass,,19.110607343707123,50.80478983990672
,,grass,,19.110848549999996,50.804915300000005
,,grass,,19.110396120065403,50.80480171922893
,,grass,,19.11051258018765,50.80459507778314
,,grass,,19.108446733333334,50.80443956666666
,,grass,,19.1088640186856,50.80450601766815
,,grass,,19.10971253355288,50.80504678044149
,,grass,,19.10991988820257,50.8049349099277
,,grass,,19.10987286666667,50.80475383333333
,,grass,,19.110023497382603,50.804720209542964
,,grass,,19.109943280495358,50.80464670349745
,,grass,,19.110016791431278,50.80453936190275
,,grass,,19.10985341272513,50.804551438559706
,,grass,,19.109722916673533,50.80469150606071
,,grass,,19.1097268254818,50.804838356688386
,,grass,,19.10972927964641,50.804960208576574
,,grass,,19.109484486618644,50.80479938938723
,,grass,,19.109457488086264,50.804462757603964
,,grass,,19.1096976,50.8044036
,,grass,,19.110129027175503,50.80441712290419
,,grass,,19.110270307479386,50.80445869786772
,,grass,,19.111873508520077,50.80500136009888
,,grass,,19.111984720412963,50.80498375246201
,,grass,,19.111860261604342,50.80491485967234
,,grass,,19.111859351520554,50.80482078708548
,,grass,,19.11185717707474,50.80473222712441
,,grass,,19.111861303162637,50.804602571943235
,,grass,,19.111993587903687,50.80459742256147
,,grass,,19.110865776952533,50.80440055384428
,,grass,,19.11109793056919,50.804398340286625
,,grass,,19.111333705252527,50.80439459624056
,,grass,,19.11120404048394,50.804515457718324
,,grass,,19.111742711242304,50.804150913711894
,,grass,,19.111744748669704,50.80427807653108
,,grass,,19.1118162969023,50.80443726939296
,,grass,,19.111823550935966,50.804001406232
,,grass,,19.111537491882288,50.8039831843922
,,grass,,19.111476466161964,50.804146219307356
,,grass,,19.111095449451675,50.80423990230831
,,grass,,19.110500309879846,50.80451888715946
,,grass,,19.111128190179144,50.80429382160744
,garden,,,19.10866777724188,50.803398723510384
,garden,,,19.108523265434663,50.803425230926045
,,grass,,19.112481011809663,50.80422681097938
,,grass,,19.113615850542722,50.80428116906098
,,grass,,19.11154229137599,50.80325528780926
,,grass,,19.111417138710877,50.80308059926799
,,grass,,19.111440400000003,50.80300136666667
,garden,,,19.112113660768493,50.805156168078916
,garden,,,19.112315453893935,50.8051792834494
,garden,,,19.112322736303696,50.80511071874138
,garden,,,19.112321038050602,50.80505947505378
,garden,,,19.112306846641925,50.804970549288626
,garden,,,19.112302895648167,50.80485695059535
,garden,,,19.112310974743668,50.80476709470361
,,grass,,19.112591874623163,50.805046143312886
,,grass,,19.11245674181449,50.80478289688237
,garden,,,19.11229703353137,50.80467026772604
,garden,,,19.112148990476083,50.80465787006642
,garden,,,19.112096321508687,50.80457577154448
,garden,,,19.112086950092696,50.80436298919201
,garden,,,19.112347638455685,50.804390275964714
,garden,,,19.112290840049955,50.80452172357267
,garden,,,19.1123014,50.8044394
,garden,,,19.112298477756877,50.80438075070277
,garden,,,19.11229267393104,50.80431685691643
,garden,,,19.112285573371615,50.80425827254033
,garden,,,19.112256568653113,50.80419971475285
,garden,,,19.112113419610058,50.804012743528524
,garden,,,19.111989979419086,50.80384261132168
,,grass,,19.111769547854966,50.803551764212585
,,grass,,19.12227425,50.81229940000001
,,grass,,19.123280349999998,50.81264385
,,grass,,19.123133600000003,50.812729950000005
,,grass,,19.123136900000002,50.81287759999999
,,grass,,19.123144500000002,50.8130266
,,grass,,19.123148,50.8131684
,,grass,,19.122919524839332,50.81282404685097
,,grass,,19.122918424839334,50.81301494685096
,,grass,,19.122925775160667,50.81320425314904
,,grass,,19.113015680866113,50.80555080641391
,,grass,,19.113853491934663,50.80478918058683
,,grass,,19.113539435775113,50.80517677277509
,,grass,,19.113599666836567,50.804974327520085
,,grass,,19.11323194710491,50.804986173464535
,,grass,,19.11359046772584,50.80483059244916
,,grass,,19.11342663685476,50.805281624946765
,,grass,,19.113168950000006,50.805285299999994
,,grass,,19.11293078447814,50.80528272435862
,,grass,,19.11247665498862,50.80530697146805
,,grass,,19.112664316418133,50.80528711809533
,,grass,,19.112565874621634,50.80528684558314
,,grass,,19.11302736180976,50.80466073689865
,,grass,,19.121887305310942,50.807328175822704
,,grass,,19.112101311863384,50.80551206845291
,,grass,,19.112141413157076,50.805309560754914
,,grass,,19.108680018181914,50.8052788597221
,,grass,,19.10823177093214,50.80513082590377
,,grass,,19.10871895280151,50.80486726857437
,,grass,,19.108803433333335,50.80477836666667
,,grass,,19.10894868436064,50.80478576270576
,,grass,,19.109082372315644,50.804928102837266
,,grass,,19.108922766666666,50.80488669999999
,,grass,,19.110028366666665,50.80482803333334
,,grass,,19.109272081214403,50.80492086389594
,,grass,,19.109303531698274,50.8047217823981
,,grass,,19.109268833333335,50.80531880000001
,,grass,,19.11053956274785,50.80518971593432
,,grass,,19.110382588070188,50.80512972775192
,,grass,,19.11019339037772,50.80513145355514
,,grass,,19.109961664083468,50.80513418507385
,,grass,,19.109727246511397,50.8051371697612
,,grass,,19.109541990732254,50.805139509511925
,,grass,,19.109888448764828,50.805299112753445
,,grass,,19.109416200000002,50.805140566666665
,,grass,,19.109314936803504,50.80513241597294
,,grass,,19.109089065066435,50.805100128775834
,,grass,,19.10885219747638,50.8051031914268
,,grass,,19.10862362275589,50.80510601394581
,,grass,,19.1084177461802,50.80499088043706
,,grass,,19.108832239252173,50.80497474577746
,,grass,,19.11183035024662,50.797791342064635
,,grass,,19.111264890203312,50.79771436506655
,,grass,,19.110471835425862,50.7976282296453
,,grass,,19.11135428095839,50.79761516649046
,,grass,,19.112612408733447,50.797888706910584
,,grass,,19.11247319918415,50.79786418648019
,,grass,,19.111785754897962,50.797689174660555
,,grass,,19.10887026762843,50.797671472705666
,,grass,,19.098357722338367,50.81256194388611
,,grass,,19.113988076477845,50.805575670537436
,,grass,,19.11456286953477,50.80557026718956
,,grass,,19.11510976475467,50.805568606631226
,,grass,,19.115919715931494,50.80556096484868
,,grass,,19.117413586232708,50.805551269896064
,,grass,,19.11759655,50.8053323
,,grass,,19.117304748730493,50.80533173825068
,,grass,,19.116039652413452,50.80534076756838
,,grass,,19.115247257959975,50.805345869680664
,,grass,,19.114878914777947,50.80534335585956
,,grass,,19.109509665400026,50.796878123283115
,,grass,,19.109662004999322,50.79697520763075
,,grass,,19.10997415545978,50.797030914543335
,,grass,,19.109292680276365,50.797225593915485
,,grass,,19.103759422144375,50.79806817309465
,,grass,,19.105851829967875,50.798010433275174
,garden,,,19.10778485001694,50.79747253101762
,garden,,,19.106438820219047,50.79781048975554
,,grass,,19.106323527911705,50.797731662305154
,,grass,,19.106440801747787,50.79788653099244
,,grass,,19.106576219268497,50.79774585013038
,,grass,,19.1083315460874,50.79778463878242
,,grass,,19.109138209001024,50.79751030197439
,,grass,,19.10879544570902,50.79757886327062
,,grass,,19.108563033333336,50.797554166666664
,,grass,,19.108453826307393,50.79752230262828
,,grass,,19.108089501011257,50.7976236980394
,,grass,,19.107665390912185,50.79799488778214
,,grass,,19.10706689072534,50.79819320008274
,,grass,,19.108119094990187,50.797727324893145
,garden,,,19.108148516467203,50.79771789880781
,,grass,,19.107127820184328,50.798036129377245
,garden,,,19.107125811604806,50.798041186156546
,,grass,,19.106709710395638,50.79809549461167
,garden,,,19.106715892262173,50.798092643754096
,,grass,,19.105805603996117,50.79821302660271
,,meadow,,19.105878927944115,50.798380389004144
,garden,,,19.14416654413409,50.83024785400386
,garden,,,19.144252343599984,50.83014420456453
,garden,,,19.133995388356585,50.82381768885523
,garden,,,19.13382901543894,50.82385637788988
,,grass,,19.113559187892104,50.824725173668455
,,grass,,19.11334882249399,50.82489781589964
,,grass,,19.110586942090176,50.80539054037009
,,grass,,19.109342872056946,50.80540045387603
,,grass,,19.10745899198904,50.80535402419
,,grass,,19.106265060396872,50.80530041843334
,,grass,,19.105076682355854,50.80525069075564
,,grass,,19.11071364665665,50.80530908917026
,,grass,,19.11129437537,50.80529820141099
,,grass,,19.11110235,50.80529465
,,grass,,19.110834080045773,50.80537813295163
,,grass,,19.11664037630124,50.803556172740876
,,grass,,19.116310478857,50.80359700209439
,,grass,,19.11532164183916,50.80342393795165
,,grass,,19.11442387827826,50.8032330945572
,,grass,,19.114115861337677,50.80373017839431
,,grass,,19.117389516416125,50.80395925093673
,,grass,,19.113675280885342,50.803291484508804
,,grass,,19.117573996473464,50.80441060703807
,,grass,,19.11688856949845,50.804405451300696
,,grass,,19.11552457771315,50.8041689376544
,,grass,,19.115720135194227,50.804304005083374
,,grass,,19.116264126423598,50.80377458835356
,,grass,,19.116817771187772,50.804070257489826
,,grass,,19.117088733131627,50.80403912461155
,,grass,,19.116798326845206,50.80386982453646
,garden,,,19.117221510645805,50.80395538311446
,garden,,,19.117638036509202,50.8042953506172
,,grass,,19.11792863090977,50.80451185764261
,,grass,,19.12576397868113,50.81889024087047
,,grass,,19.125532159010813,50.81881166185932
,,grass,,19.11527592966794,50.804506528898806
,,grass,,19.11646215372903,50.80454536519071
,,grass,,19.116210787455376,50.80450797195515
,,grass,,19.117009859013514,50.80418317786504
,,grass,,19.115316723339213,50.80381015883099
,,grass,,19.116348904551966,50.80494212403722
,,grass,,19.11582643252427,50.805191126122565
,,grass,,19.115471275529924,50.80491397378138
,,grass,,19.115726272810267,50.80525297945647
,,grass,,19.11536302086552,50.80526851860411
,,grass,,19.115087686561374,50.805269188810435
,,grass,,19.11533877494847,50.80514452940272
,,grass,,19.114725828826007,50.804870458652886
,,grass,,19.109511149710393,50.80057117208368
,,grass,,19.117085657051287,50.80510095082468
,,grass,,19.11676586541661,50.80490176608796
,garden,,,19.109041922406156,50.80037300694631
,,grass,,19.109960017677004,50.8111298375169
,,grass,,19.107285551727696,50.81045410103907
,,grass,,19.10684341302016,50.81063907773211
,,grass,,19.107343481246243,50.8109948659828
,,grass,,19.1040601184476,50.81185181845839
,,grass,,19.111324630676233,50.812587823204716
,,grass,,19.111838002726714,50.81243507563626
,,grass,,19.112356024045315,50.812494455655816
,,grass,,19.15038144420527,50.877261395669976
,,grass,,19.115630687563783,50.813715232082174
,,grass,,19.114149440881675,50.81326949828831
,,grass,,19.114247618023203,50.81326372227095
,,grass,,19.114405268472463,50.81256834647183
,,,grassland,19.093006054013376,50.82158328888034
,,,grassland,19.100515279635665,50.80219110261437
,,,grassland,19.098946199603137,50.80160277829035
,,grass,,19.097003133333335,50.80165039999999
,,grass,,19.098348297732922,50.80140957071967
,,grass,,19.096981884768343,50.80153473978111
,,,wood,19.129470828661955,50.80072229886055
,,,wood,19.12861351033786,50.79932634641976
,,grass,,19.129496999731717,50.79999764300825
,,grass,,19.147318036278715,50.80695050576782
,,,wood,19.139899207993427,50.869821304746175
,,,wood,19.140887220829587,50.86995024766871
,,,wood,19.138516266310436,50.8706512182174
,,,wood,19.1385641948655,50.870067436184165
,,,wood,19.137497089111033,50.870343713257604
,,,wood,19.136316258689412,50.86933868533495
,,,wood,19.136207039460377,50.87072826415436
,,,wood,19.135703009347065,50.869277028171204
,,,wood,19.134370001528662,50.86939055734715
,,,wood,19.135143389148737,50.86991598341224
,,,wood,19.134374986356498,50.87056537363265
,,,wood,19.133502430572452,50.87051182144393
,,,wood,19.14093052304281,50.86307736983178
,,,wood,19.141935123206746,50.867630921741046
,,,wood,19.141250066860533,50.866843363764886
,,,wood,19.13890057999279,50.86629095453357
,,,wood,19.140121877667756,50.86634388464217
,,,wood,19.140837790513803,50.8667773092936
,,,wood,19.139546484080704,50.867504661520954
,,,wood,19.13829379055002,50.86710102902193
,,,wood,19.137721438740048,50.86715565328749
,,,wood,19.136994190689684,50.86814327912255
,,,wood,19.135227994666593,50.867556450548975
,,,wood,19.131521722453456,50.864905242836436
,,,wood,19.14009096671933,50.86591260195719
,,,wood,19.13872324312291,50.86516358639594
,,grass,,19.097249432221066,50.813191515478096
Rondo Jerzego Kuleja,,grass,,19.096291919809477,50.774747941875624
,,grass,,19.109985382572805,50.81237694775304
,,grass,,19.109741745535757,50.812378470992755
,,grass,,19.109035768785507,50.81241026661956
,,grass,,19.109291983850206,50.81237266579877
,,grass,,19.109541881905,50.81236247926876
,,grass,,19.10943705958276,50.81240785821545
,,grass,,19.10846660073168,50.812383250478355
,,grass,,19.105931396515896,50.81345570225577
,,forest,,19.179834921717756,50.75051009671337
,,forest,,19.181432680883358,50.751058131596324
,,forest,,19.166695224914818,50.750423460122086
,,forest,,19.154424698734754,50.794233952333734
,,grass,,19.135945844935947,50.77781076567961
,,grass,,19.129671885302187,50.81795713696284
,,grass,,19.129627926235564,50.81784803101972
,,grass,,19.129389879246617,50.81729780472051
,,meadow,,19.11861321830488,50.799881017000914
,,grass,,19.11815052767436,50.801483679959034
,garden,,,19.119940580295868,50.79845192911304
,garden,,,19.12000085266542,50.79822352700445
,garden,,,19.119777268255444,50.798207979621125
,garden,,,19.119680122332397,50.7987010318034
,,grass,,19.10359768859394,50.808383922701324
,,grass,,19.1032069273731,50.80806379592118
Rondo Konstytucji,garden,,,19.11940437345798,50.80785209778906
,,grass,,19.119302675372126,50.80761705461719
,,grass,,19.119646293728955,50.80778990524265
,,grass,,19.111165278384526,50.796826872087166
,,grass,,19.098156949225697,50.80190155340732
,,grass,,19.10090415368008,50.80116617973658
,,grass,,19.10011914573369,50.80150426139671
,,meadow,,19.10122418486865,50.801488946165435
,,grass,,19.117606766671038,50.794695418348795
,,grass,,19.117300802961843,50.79515229396942
,,forest,,19.118400508349772,50.79539213629922
,,forest,,19.11740495935492,50.794927409723094
,,grass,,19.113038558136275,50.79637189792446
,,grass,,19.11474972514841,50.79641408154588
,,grass,,19.115025824940716,50.7976108840674
,,grass,,19.11470610957309,50.79655355507577
,,grass,,19.113338489137767,50.796472715732996
,,grass,,19.112962186321216,50.7966523858315
,,grass,,19.11294781527729,50.79677579685682
,,grass,,19.11272900178187,50.79682244967933
,,grass,,19.111654033694297,50.797273140510654
,,grass,,19.112561730768988,50.79767941551579
,garden,,,19.112197982294017,50.79754372205297
,,grass,,19.112472402412955,50.797702117688075
,,grass,,19.112381469122116,50.79768748418571
,,grass,,19.111950198072975,50.79765542428158
,,forest,,19.06336007191987,50.74755388759723
,,,wood,19.144562884729,50.8592909431839
,,grass,,19.144300688422557,50.85944282131493
,,,wood,19.143531325163607,50.86928149904831
,,,wood,19.146173067265803,50.85094582554796
,,grass,,19.123114284956024,50.81726730892083
,,grass,,19.122932119623172,50.817032458257565
,,meadow,,19.05566271088131,50.75058494806908
,,grass,,19.16615825525746,50.83736799886148
,,grass,,19.166310690695898,50.837244017127574
,,grass,,19.167017200417405,50.83732095585441
,,grass,,19.16721361548915,50.83740478917251
,,grass,,19.16670902082907,50.837464718471516
,,grass,,19.166000449004095,50.83747271712157
,,grass,,19.165487856124685,50.83731326549314
,,grass,,19.16516238538473,50.83726736344879
,,grass,,19.16718232935831,50.83722272759389
,,grass,,19.1682490005566,50.836940343234225
,,grass,,19.167672243001704,50.837153125079396
,,grass,,19.16789172908795,50.83719221482084
,,grass,,19.163967515949302,50.83708772510007
,,grass,,19.163848704605723,50.83706269961118
,,grass,,19.164675027727334,50.83719573719574
,,grass,,19.164461418293918,50.83716287372804
,,grass,,19.164200299088115,50.837232566704294
,,grass,,19.164643969048292,50.83729956430436
,,grass,,19.164911055675184,50.8373402631836
,,grass,,19.16536172288007,50.83740819504763
,,grass,,19.16629064438432,50.83794553249696
,,grass,,19.16684221467489,50.83796578703485
,,grass,,19.16877960153068,50.83804920508679
,,grass,,19.16832953699863,50.837508678837544
,,grass,,19.16887752683117,50.8366818099525
,,grass,,19.168964222781085,50.83664487526607
,,grass,,19.168548738161558,50.83683123926794
,,grass,,19.168389517496898,50.83680366415497
,,grass,,19.168459008434443,50.83686038564474
,,grass,,19.167462993170133,50.83751677084719
,,grass,,19.16855190386431,50.836954492421
,,grass,,19.169624529344553,50.83550488770267
,,grass,,19.169717716043948,50.83551945362974
,,grass,,19.170019793574674,50.83559533265981
,,grass,,19.16456606347602,50.838393594152805
,,grass,,19.16450302397457,50.838503989825846
,,grass,,19.164423226617597,50.83892588944138
,,grass,,19.164497583887417,50.838590632154755
,,grass,,19.16451300614184,50.838538988591196
,,grass,,19.163687066666668,50.83895003333333
,,grass,,19.163852774516442,50.83896259018277
,,grass,,19.16396004905223,50.83887204240708
,,grass,,19.164000394550566,50.83872575906867
,,grass,,19.164063334089775,50.838553562979484
,,grass,,19.16417653458725,50.839223256514536
,,grass,,19.163531391177717,50.838278872571294
,,grass,,19.16372075718631,50.83830643014273
,,grass,,19.164360360895007,50.83799613070867
,,grass,,19.16422103847091,50.8380872723845
,,grass,,19.164275561606726,50.83813262990225
,,grass,,19.16407600877029,50.83788936097603
,,grass,,19.164053949999996,50.83812465
,garden,,,19.109402575423037,50.80178428746094
,garden,,,19.109378594844436,50.801743862756275
,garden,,,19.109509786474998,50.801918630789814
,garden,,,19.1096823693969,50.801875814728405
,garden,,,19.10959785802088,50.80170777228028
,,,wood,19.132939080768157,50.85628685942798
,,,wood,19.134224773772836,50.85736196004649
,,,wood,19.135499782465356,50.85867169634861
,,,wood,19.102733834081214,50.83280876879922
,park,,,19.119160168120498,50.81532987469516
,,grass,,19.14666031824146,50.81983775781426
,,grass,,19.146777337307146,50.81988626156793
,,grass,,19.146661646564407,50.81995489490951
,,grass,,19.14695580155068,50.819873281979696
,,grass,,19.146966547358577,50.819802750179214
,,grass,,19.146727698132466,50.81974595052041
,,grass,,19.147221655825565,50.820054422346516
,,grass,,19.147350823322164,50.820053105146116
,,grass,,19.147185873535403,50.820135635402316
,,grass,,19.146750342923106,50.820219007834446
,,grass,,19.146659913344394,50.82016599227412
,,grass,,19.142517166320076,50.82226148379293
,,grass,,19.143713403059245,50.82175972730798
,,grass,,19.1436058307286,50.82168584621561
,,grass,,19.14021547459217,50.81904107370175
,,grass,,19.061778526597294,50.76080668585268
,,grass,,19.061230969985456,50.760703799896525
,,grass,,19.061134295491765,50.760952575168865
,,grass,,19.061440080771796,50.76088059510278
,,grass,,19.06161018471737,50.760863696881614
,,grass,,19.06164595576394,50.76093378580093
,,grass,,19.06229254461264,50.760778800938745
,,,grassland,19.09621135863442,50.79860415262304
,,forest,,19.09472301586762,50.77359404985813
,,forest,,19.209286082497005,50.8543462256172
,,forest,,19.224508034710997,50.85981629621488
,,forest,,19.23884987007729,50.86534795407538
,,grass,,19.11989733509061,50.82679321015662
,,grass,,19.119910545007425,50.82713667015166
,,grass,,19.119815632377474,50.8272756012503
,,grass,,19.119458665140815,50.82734089416887
,,grass,,19.119664235457165,50.82740130999363
,,meadow,,19.058557960889228,50.753064749181746
,,forest,,19.05109276535226,50.820124480134815
,,meadow,,19.051719410380745,50.82100475900748
,,forest,,19.05178640809778,50.82125590931444
,,forest,,19.05005455724843,50.82105406296458
,,meadow,,19.05172925243096,50.821511572313824
,,grass,,19.050079155603136,50.821662080077026
,,grass,,19.20902406196642,50.85665710215505
,,grass,,19.208992528354607,50.856713680072744
,,grass,,19.246087660524285,50.878229866332724
,,grass,,19.110979904059285,50.79565982386782
,,,grassland,19.111672430222434,50.796146698991
,,,grassland,19.111002991919406,50.796309492098935
,,forest,,19.099786167331896,50.893780890161544
,,forest,,19.10082239558048,50.89334450802322
,,forest,,19.10128875023558,50.75493137532339
,garden,,,19.10740189016718,50.80149122506556
,,grass,,19.110305876976437,50.79444734885083
,,grass,,19.11034035125121,50.794676482221796
,,grass,,19.110356911553847,50.79493117671328
,,grass,,19.110214041940374,50.79484444173333
,,grass,,19.110177912585907,50.79468692074988
,,grass,,19.11005369827603,50.794840891678014
,,meadow,,19.11145648489088,50.79565266607589
,,grass,,19.11156663131376,50.79493005309614
,,grass,,19.110839525927698,50.79509629226253
,,grass,,19.11113147908635,50.79496452090845
,,grass,,19.11139422080291,50.794936318082314
,,grass,,19.111063138260278,50.79529554187886
,,,,19.229715650692874,50.80454448746504
,,grass,,19.107231274925315,50.8024188847976
,,grass,,19.114316950965204,50.80097747557658
,,grass,,19.114203316366954,50.80097137302343
,,grass,,19.113955168376833,50.800959455010585
,,grass,,19.113586479864384,50.80093324826848
,,grass,,19.113323502511836,50.80094285827328
,,grass,,19.11318703061863,50.80093925341828
,,grass,,19.112988004074943,50.80091552875154
,garden,,,19.11469176344085,50.80042095692754
,garden,,,19.114016730214505,50.80044159853305
,,grass,,19.115262047740405,50.80020839181597
,,grass,,19.113655375477247,50.80017348235076
,,grass,,19.112678709946067,50.79829637654034
,,grass,,19.113172236960665,50.79839860598109
,,forest,,19.208890825457495,50.878278486720625
,,forest,,19.19260929236187,50.87759522675527
,,forest,,19.189803791814356,50.877181000684644
,,forest,,19.188802364682928,50.87696493229165
,,forest,,19.187178733553317,50.87694757016814
,,forest,,19.185979622583915,50.8769567687449
,,forest,,19.183637884531834,50.87637980525381
,,grass,,19.113879198905053,50.801507244395275
,,grass,,19.11430189361336,50.80259465253309
,,grass,,19.114186142971196,50.80260000167844
,,grass,,19.11396871611204,50.802604544246485
,,grass,,19.113850911652428,50.80260535411856
,,grass,,19.113737476062557,50.80260605043402
,,grass,,19.11362578772903,50.80260747030109
,,grass,,19.11351210126346,50.80260912945815
,,grass,,19.113296456479336,50.80261119970017
,,grass,,19.11402314542785,50.80251361100942
,,grass,,19.113819296914137,50.8025173913386
,,grass,,19.113576513406013,50.8025186234982
,,grass,,19.113468502277442,50.80251928456603
,,grass,,19.113097264343164,50.80252276443253
,,grass,,19.11287162421694,50.80252524428882
,,grass,,19.11273431122694,50.80252696994321
,,grass,,19.113624603197177,50.80290137468105
,,grass,,19.113250881623696,50.802709706833916
,,grass,,19.112901543692935,50.80273304649963
,,grass,,19.112901862542415,50.80269707339261
,garden,,,19.113013203505297,50.80281937083045
,,grass,,19.112768676047917,50.802929864350034
,,forest,,19.112717989003635,50.80282121965813
,,grass,,19.11587597827017,50.8033623466017
,,grass,,19.11427861545779,50.80229326138923
,,grass,,19.11506428742703,50.80261972580011
,,grass,,19.114979132856085,50.80263019560602
,,grass,,19.11488221069721,50.80262652352615
,,grass,,19.115625246786067,50.80257860871363
,,grass,,19.115584183418928,50.802578432751055
,,grass,,19.114783243066988,50.80249138045525
,,grass,,19.114815733829232,50.80254025710855
,,grass,,19.114286273220827,50.80248130374335
,,grass,,19.10762111969178,50.80242565782098
,,grass,,19.10950699482334,50.80207364748878
,,grass,,19.106668409191407,50.799597632717536
,garden,,,19.106232450374346,50.799060540162266
,,grass,,19.11024997205759,50.80243313822448
,,grass,,19.108029281735583,50.80211521431751
,,grass,,19.108073104201516,50.802296550810006
,,grass,,19.10836555972687,50.802093887012276
,,,wood,19.131066147858878,50.79982941587327
,,,wood,19.132308347300405,50.80037222082519
,,,wood,19.133098431131764,50.801637906336765
,,,wood,19.133666874306513,50.80271854059597
,,forest,,19.07198273670106,50.82951278141851
,,grass,,19.11179879621082,50.798696023125956
,,grass,,19.112047200770938,50.798668072844464
,,grass,,19.11221147650723,50.79874614662138
,,grass,,19.112381498620742,50.798825084505395
,,grass,,19.112269615991625,50.798854070454595
,garden,,,19.105295205827144,50.80322986104722
,,grass,,19.104741074028897,50.80392273461602
,,grass,,19.10645904283729,50.802684980783624
,,grass,,19.1065819874325,50.80252063782064
,,grass,,19.106757878371162,50.80249262847352
,,grass,,19.10692277020402,50.80246637659157
,,grass,,19.10901156614735,50.80256085290044
,,grass,,19.108969718075205,50.802383570125116
,,grass,,19.108925276444047,50.80220581023922
,,grass,,19.103486926296753,50.803279226510725
,,grass,,19.103447952568928,50.80327884337121
,,grass,,19.10335343578231,50.801943386169995
,,grass,,19.10417652357478,50.80396077717586
,,forest,,19.103219321384834,50.779403148956774
,,forest,,19.10398202893559,50.779818631449636
,,grass,,19.121797004127522,50.764071746282454
,,,grassland,19.114218211466117,50.76571482555379
,,meadow,,19.125238608253177,50.759922108063854
,,,grassland,19.119703796956795,50.7584463372886
,,meadow,,19.127662340078885,50.75683789054675
,,,grassland,19.123944790912383,50.759017446322176
,,grass,,19.128115249898325,50.75906644822879
,,grass,,19.1265170770582,50.76145115635102
,,,grassland,19.121019706853293,50.75261796928415
,,meadow,,19.124036902803034,50.75327630264083
,,,grassland,19.131237191493355,50.75805374089274
,,meadow,,19.13392349185058,50.75686809937158
,,meadow,,19.132771004753874,50.755773828985
,,grass,,19.121825925641733,50.7517842885538
,,meadow,,19.115023836315192,50.76596996957015
,,,grassland,19.120878211953027,50.76623964261714
,,grass,,19.13188323171675,50.76118815667121
,,grass,,19.129221715780762,50.763094129329
,,grass,,19.12909147657763,50.762724815937695
,,grass,,19.12541643284413,50.76346088244714
,,grass,,19.125122375221363,50.76235252027067
,,meadow,,19.124486916968888,50.761439870415316
,,meadow,,19.124652943713954,50.76198357354598
,,meadow,,19.12478188434712,50.76249867106543
,,grass,,19.12422202615747,50.76107993336565
,,,grassland,19.1184183953168,50.767178810294084
,,meadow,,19.11551100085398,50.766349478871305
,,meadow,,19.114080447083136,50.76618915318181
,,meadow,,19.113395635522004,50.766942936638365
,,,grassland,19.11402876587178,50.76663822060722
,,meadow,,19.124154249534122,50.76562633773792
,,meadow,,19.12179053719358,50.766275853197
,,,grassland,19.12367415471103,50.766614397867585
,,,wood,19.201393992154294,50.76057891197299
,,,wood,19.193856811401226,50.76266886563915
,,forest,,19.187025404307168,50.76348008318323
,,,wood,19.188083964433403,50.76715917175027
,,,wood,19.18780427982536,50.77027129382599
,,,wood,19.192494929295414,50.77125681872655
,,,wood,19.19118606966989,50.759658183505664
,,,wood,19.19244206949924,50.76043342136702
,,forest,,19.227417827628273,50.784096893062085
,,grass,,19.14287017128836,50.78446056054975
,,grass,,19.138354397434046,50.762326995556236
,,grass,,19.138706919958988,50.76208584544459
,,grass,,19.138511072865782,50.762457518465276
,garden,,,19.13850046328946,50.76257420951117
,,grass,,19.138515867848515,50.762586412295555
,garden,,,19.13865563733548,50.762510203311
,garden,,,19.138819501426777,50.76252695341242
,garden,,,19.13861239596286,50.76258903973346
,,grass,,19.139001235043,50.762692575603104
,,grass,,19.138392054686456,50.76268827642763
,,grass,,19.139070678073256,50.76299854768563
,,grass,,19.138615171935985,50.76308974962386
,garden,,,19.138740470918176,50.762621766825035
,,forest,,19.13864380174464,50.761900443533214
,,forest,,19.138150450496695,50.761958725904286
,,,grassland,19.12634281196899,50.76580237899526
,,meadow,,19.122683310141845,50.767215417136576
,,meadow,,19.12510795702125,50.77227633636202
,,meadow,,19.12322357330849,50.77242780793591
,,meadow,,19.120721814284725,50.770740828458216
,,meadow,,19.120681013293645,50.77175080895013
,,meadow,,19.11874669272202,50.76783074619132
,,meadow,,19.128933521333725,50.7655173462734
,,,grassland,19.135693321645313,50.76699419127519
,,,grassland,19.13122447271908,50.76544513234578
,,grass,,19.162586298416464,50.76917394326612
,,meadow,,19.128140210794268,50.76655621334448
,,meadow,,19.12503229780932,50.76879581921531
,,grass,,19.139109543194966,50.76314382407317
,,grass,,19.13852543152408,50.76321942170879
,,meadow,,19.131641539348404,50.76509591381232
,,meadow,,19.130735922574765,50.76706961363427
,,meadow,,19.12943138904879,50.767417709209404
,,,grassland,19.13071457998244,50.76782757348248
,,meadow,,19.131564162283645,50.7698409481502
,,meadow,,19.127916296326045,50.77193009123821
,,,grassland,19.129027615269464,50.7692972907254
,,meadow,,19.127501887932002,50.7692703952971
,,grass,,19.05227434360157,50.79661398569041
,,grass,,19.10291145890057,50.79986353195458
,,,grassland,19.135461018734023,50.76929179071175
,,grass,,19.122924604779154,50.83761305953736
,,grass,,19.100664849845604,50.789474511362094
,,grass,,19.10066158416272,50.78951705963631
,,grass,,19.10100270031337,50.78943289379126
,,grass,,19.09965143848381,50.78956325062602
,,grass,,19.099484899985097,50.78966378330715
,,grass,,19.100720251337613,50.78960247550524
,,grass,,19.164439053672304,50.766933175618504
,,grass,,19.16460083627599,50.76694332398559
,,grass,,19.16442674184784,50.76701926038308
,,grass,,19.16446686748055,50.76679991447318
,,grass,,19.164588631491874,50.76686779010471
,,grass,,19.164210700960172,50.76679424137341
,,grass,,19.16416959122217,50.76608835110151
,,grass,,19.164031048818547,50.76679004704745
,,grass,,19.163869759171625,50.766897114147035
,,grass,,19.164059857586203,50.766556868584274
,,grass,,19.14194697837288,50.78420139486856
,,grass,,19.14138963674453,50.78403870021184
,,grass,,19.13959873731784,50.7837045777124
,,grass,,19.134914785998006,50.78242143571051
,,grass,,19.135370620126686,50.78244475119088
,,grass,,19.136535815608525,50.7826114788289
,,grass,,19.118986271100567,50.81729575826109
,,grass,,19.11867506310136,50.81725376652835
,,grass,,19.12519420755266,50.8175406465038
,,grass,,19.118675313467506,50.817414146678104
,,grass,,19.11900703976882,50.81751229205977
,,grass,,19.118658852603303,50.81748800622143
,,grass,,19.117788766017227,50.81734699660349
,,grass,,19.118026177130524,50.81736281905091
,,grass,,19.115934736957364,50.81726679949191
,,grass,,19.1143203055487,50.81711912518811
,,,wood,19.114735964217406,50.81743771669661
,,grass,,19.11797605015857,50.817436516139814
,,grass,,19.117593101851465,50.817532457297325
,,grass,,19.118078814946244,50.81759342344241
,,grass,,19.11833566290236,50.817638227399286
,,grass,,19.11811747085654,50.81773951302269
,,grass,,19.118160941921747,50.81872041670957
,,grass,,19.118344044305708,50.81793225928712
,,grass,,19.118052169365782,50.81720485002213
,,grass,,19.118307098929762,50.81720993403163
,,grass,,19.118315418513248,50.81702401270012
,,,wood,19.118918016028314,50.81855721623909
,,,wood,19.118758053293124,50.819056169131436
,,grass,,19.118247313778674,50.806298313567225
,,grass,,19.11802790188271,50.80435013363848
,,grass,,19.118113389931576,50.804266940971765
,,,wood,19.095984724277272,50.8241515261371
,,,wood,19.098236625550925,50.82378126720871
,,,wood,19.099746979687463,50.82355101460111
,,,wood,19.13390811483502,50.827029275589744
,,,wood,19.11807185041379,50.83344389948062
,,,wood,19.12865973981288,50.79271414154218
,,,wood,19.10398881688309,50.80718864050466
,,grass,,19.184765012531425,50.762120971451445
,,,wood,19.105912891038958,50.80547579825958
,,,wood,19.107681792259825,50.80553665984643
,,grass,,19.107904350789237,50.805561451266954
,,grass,,19.107464626670737,50.8055580288769
,,grass,,19.088925175139245,50.82324321430059
,,grass,,19.090180531861677,50.823706965088306
,,grass,,19.0916651001514,50.82428973944624
,,grass,,19.091775737233913,50.82419018251758
,,grass,,19.092977584931877,50.82451288298309
,,grass,,19.09283176791725,50.82462911399894
,,grass,,19.092831842563857,50.82481584392273
,,grass,,19.093075007715452,50.82484533532195
,,grass,,19.093492395649776,50.82478797538679
,,grass,,19.09329233269603,50.82480225813982
,,grass,,19.093358388491918,50.82466647458179
,,grass,,19.093366736736968,50.824453084197636
,,grass,,19.091331330865984,50.82429799756097
,,grass,,19.090072043365833,50.823899658866274
,,grass,,19.089080258884714,50.823596416383495
,,grass,,19.088552039687944,50.823327301160724
,,grass,,19.088361376801892,50.823424681848095
,,grass,,19.088046687827863,50.82315865251493
,,grass,,19.088249230433203,50.823189119222235
,,grass,,19.088247633016888,50.82311393671057
,,grass,,19.087898354954046,50.820815997504035
,,grass,,19.088051029190023,50.821728199104754
,,grass,,19.088183025347938,50.82252957432053
,,grass,,19.088191586928005,50.8205397362425
,,grass,,19.088402912980644,50.82180533445074
,,grass,,19.08843339093504,50.82318620253025
,,grass,,19.088664483243246,50.8232187867155
,,grass,,19.127819083180132,50.78426678086491
,,grass,,19.127054794295088,50.78450793401991
,,grass,,19.126814499373907,50.7845898510882
,,grass,,19.127485700836157,50.78451944654908
,,grass,,19.127759023573326,50.78415694753411
,,grass,,19.128660366315927,50.78386224356553
,,grass,,19.129122988471586,50.783987288190616
,,grass,,19.128874514234415,50.78403854199439
,,grass,,19.12843998610768,50.784202618084116
,,grass,,19.12803387207524,50.78434129204349
,,grass,,19.128140502294038,50.78442824823532
,,grass,,19.127503044907545,50.784993972560514
,,grass,,19.126940520709454,50.78474266479148
,,grass,,19.127139480983832,50.784652058458335
,,grass,,19.127207434526937,50.7849024938507
,,grass,,19.12705043546953,50.78486764197141
,,grass,,19.126914308551566,50.784366881662066
,,grass,,19.12670317793985,50.784431606573285
,,grass,,19.126638134910163,50.78433329067108
,,grass,,19.126493828361642,50.78425154529285
,,grass,,19.12656999247034,50.78467297325727
,,grass,,19.126714342168246,50.78480758657337
,,grass,,19.125633473432202,50.78501500979901
,,grass,,19.125591364580032,50.78517803643707
,,grass,,19.125852896078197,50.78522124153775
,,grass,,19.124956649514647,50.785131155521505
,,grass,,19.124523815767134,50.78528194243285
,,grass,,19.123256005421172,50.78571778562234
,,grass,,19.124347505140808,50.78546811069053
,,grass,,19.1244232810295,50.785597389217436
,,grass,,19.124259501775693,50.7856511392274
,,grass,,19.12214070956786,50.786186757824794
,,grass,,19.122842370021754,50.786124614751806
,,grass,,19.121924163771297,50.78641573592117
,,grass,,19.12195776903173,50.786528568823236
,,grass,,19.12151388688543,50.786522563054575
,,grass,,19.121613792469134,50.78654338175677
,,grass,,19.116702778728346,50.7875908689224
,,grass,,19.116306504404868,50.78746596278326
,,grass,,19.116258020542066,50.78758472457049
,,grass,,19.1161279,50.78760466666666
,,grass,,19.115765790694233,50.7876037264068
,,grass,,19.11547735549348,50.78746889539904
,,grass,,19.115687299939943,50.787319670270584
,,grass,,19.11621136012118,50.78722007170503
,,grass,,19.116552934107304,50.787187568091724
,,grass,,19.112360608995008,50.78791365718147
,,grass,,19.113570785685685,50.78783990587626
,,grass,,19.111602111107285,50.78790125426629
,,grass,,19.11128173485281,50.78794502744751
,,grass,,19.110891009086416,50.78800366759921
,,grass,,19.109171365268935,50.78849900095757
,,grass,,19.1093824641832,50.78852231479067
,,grass,,19.109519254102757,50.78859972753784
,,grass,,19.10924625561793,50.78881744833883
,,grass,,19.10893866930777,50.78906080639294
,,,wood,19.108683929556342,50.78901423098261
,,grass,,19.108449665050088,50.788584653473094
,,grass,,19.108716728319347,50.78860339030569
,,grass,,19.10877668028603,50.78883136358051
,,grass,,19.108856638435046,50.78821905320761
,,grass,,19.10964190020879,50.78817349003152
,,grass,,19.108600610773266,50.78826795543102
,,grass,,19.110502065063386,50.79473365477789
,,grass,,19.110425489331437,50.79428708468632
,,grass,,19.10992013727884,50.79167158596261
,,grass,,19.11053514533129,50.79401524726746
,,grass,,19.11063167222854,50.79406682316302
,,grass,,19.110202543902407,50.79397141284815
,,grass,,19.110230213706902,50.794260542286125
,,,wood,19.10896773470345,50.78983027018771
,,grass,,19.102395710467178,50.804037935629836
,,grass,,19.088064458806677,50.8198721712646
,,grass,,19.087494377914865,50.819221925049106
,,grass,,19.08761348804405,50.81965801946173
,,grass,,19.087404012636743,50.81911559861641
,,grass,,19.087598040205364,50.81905662578994
,,grass,,19.087330668107732,50.81905586137199
,,grass,,19.08709831214139,50.819165814604716
,,grass,,19.087088984447654,50.819261762234376
,,grass,,19.08755692007633,50.81881660750031
,,grass,,19.087394497427038,50.81873039933312
,,grass,,19.087634536855134,50.818745454351166
,,grass,,19.087077371229324,50.81849781401184
,,grass,,19.08735206440672,50.818621187120506
,,grass,,19.086660279177206,50.81842378383318
,,grass,,19.08644126782681,50.818131421833094
,,grass,,19.0868463744847,50.818382897389625
,,grass,,19.08734577028143,50.818871077436
,,grass,,19.143124152872804,50.80717609651062
,,grass,,19.14177580747793,50.806505485109
,,,wood,19.14189871977399,50.80627290697635
,,grass,,19.141492912877904,50.80654147390331
,,grass,,19.142811713719325,50.80676730051329
,,grass,,19.143238115927893,50.80688399735063
,,grass,,19.14371119778693,50.8069941261719
,,grass,,19.14360169287251,50.8070840398363
,,grass,,19.14430692827545,50.80713085072653
,,grass,,19.14445870626255,50.80729377415745
,,grass,,19.14547685307368,50.807503681377916
,,,wood,19.145240101518304,50.80769425651148
,,,wood,19.13993560298073,50.80592115280079
,,grass,,19.139726705405383,50.80568631628981
,,grass,,19.14009959013295,50.80583139628852
,,grass,,19.14075161712778,50.805984264182925
,,grass,,19.140382592845786,50.8058213292759
,,grass,,19.147642030649443,50.80783427960674
,,grass,,19.153038802928965,50.80693026441811
,,grass,,19.154870199277084,50.80682163653194
,,grass,,19.15672953081783,50.80691798404105
,,grass,,19.155699272917296,50.806986292279504
,,grass,,19.154843784590604,50.806968472341524
,,grass,,19.156245977886027,50.807005076754585
,,grass,,19.158118733696465,50.807099944610066
,,grass,,19.158738139957034,50.807149237557844
,,grass,,19.1584989132689,50.807214950817034
,,grass,,19.15661650196142,50.80711168016969
,,grass,,19.157197816332218,50.80713878818
,,grass,,19.157392632194163,50.807148642891285
,,grass,,19.15563163657036,50.80716770233556
,,grass,,19.153364588802717,50.80685713327701
,,grass,,19.153101376119473,50.806756042788905
,,grass,,19.153688623872544,50.80668400363753
,,grass,,19.153831702143904,50.806801079361016
,,grass,,19.153543758576838,50.8069843080566
,,grass,,19.152486765181187,50.80695470339675
,,grass,,19.15277047221464,50.80688842313122
,,grass,,19.12920925467882,50.81759841376281
,,grass,,19.128959786877846,50.81756064080898
,,grass,,19.129342933333334,50.81747126666666
,,grass,,19.129510628894558,50.81756676302426
,,grass,,19.12967577355994,50.81770000729119
,,grass,,19.12985209254163,50.817564986247326
,,grass,,19.129819642528545,50.817269344692484
,,grass,,19.13058504432732,50.817410181869214
,,grass,,19.130126399654536,50.817617286541065
,,grass,,19.13257817220672,50.81787716205606
,,grass,,19.130183067677315,50.81798788049324
,,grass,,19.132528209713175,50.818085617598776
,,grass,,19.123454966400207,50.81723949656489
,,grass,,19.12591364594341,50.81737620580589
,,grass,,19.12816358492222,50.81736383315465
,,grass,,19.12836605639095,50.81724925784685
,,grass,,19.121000227253912,50.81760581104474
,,grass,,19.1223943680074,50.817573250348424
,,grass,,19.125383972910015,50.8176627056652
,,grass,,19.124977986410382,50.81770690936868
,,grass,,19.122361346022736,50.81653932305058
,,grass,,19.122758164425022,50.81728067934232
,,grass,,19.123378365837684,50.81710076702335
,,grass,,19.12962103333333,50.81715103333333
,,,wood,19.12914666656183,50.81801523631491
,,grass,,19.12892131315157,50.817930275872214
,,grass,,19.128940486848585,50.81780487808247
,,grass,,19.129251249744176,50.81783531576078
,,grass,,19.13162404164953,50.81759253724168
,,grass,,19.132554516321445,50.81772307922501
,,grass,,19.133965653959848,50.817871392923095
,,grass,,19.134223881812368,50.817691742277866
,,grass,,19.133678792210944,50.81774416925832
,,grass,,19.133526660281138,50.817418775158416
,,grass,,19.13466783263491,50.817878103489306
,,grass,,19.134593619219874,50.817710979406534
,,grass,,19.135075719832926,50.8177275269992
,,grass,,19.13620017927074,50.81806779852596
,,grass,,19.136204378394446,50.81792191283226
,,grass,,19.13776486994433,50.81801630546326
,,grass,,19.138186398929815,50.81789928807622
,,grass,,19.13650770799156,50.8184408904364
,,grass,,19.138506122295198,50.81862334545513
,,grass,,19.138335922041474,50.81822605148695
,,,wood,19.138705897019722,50.80465979410103
,,grass,,19.138719079392846,50.80509877700407
,,grass,,19.13989807804992,50.80560941380056
,,grass,,19.139412870308,50.8056643504669
,,grass,,19.137405136014866,50.80507652827448
,,grass,,19.143241660799834,50.82150987928175
,,grass,,19.14351945927455,50.82153766457601
,,grass,,19.143162613144952,50.82168951750925
,,grass,,19.143747886950848,50.82146412182234
,,grass,,19.1438509,50.8215127
,,grass,,19.14378407446515,50.821262190256554
,,grass,,19.14395001484964,50.82121620545409
,,grass,,19.14346599640599,50.82111998895779
,,grass,,19.143240529691873,50.82121492458097
,,grass,,19.14313656666667,50.8211769
,,grass,,19.14311625263371,50.82107594002984
,,grass,,19.14282346461855,50.820939938567555
,,grass,,19.138940941517774,50.81739594963047
,,grass,,19.139126648231226,50.817594286186264
,,grass,,19.138787193658032,50.81771780228656
,,grass,,19.138989361709367,50.81803708212989
,,grass,,19.140086541868676,50.81812618536421
,,grass,,19.141343028966254,50.818825182548686
,,,wood,19.140085968943147,50.81627174453082
,,grass,,19.140885610618724,50.8166227993928
,,grass,,19.139141479374107,50.81672665621847
,,grass,,19.13875805736395,50.8169633126554
,,grass,,19.13928640585977,50.817074146615475
,,grass,,19.13926946992724,50.81729970610259
,,grass,,19.142585312064476,50.819095174060024
,,grass,,19.145268936350913,50.82060093943306
,,grass,,19.138519520993587,50.816238833447414
,,grass,,19.139373954205723,50.81632562604905
,,grass,,19.137324367046844,50.81777772106236
,,grass,,19.136124075421947,50.817698326840535
,,grass,,19.137619950693352,50.81759975622427
,,grass,,19.1380310217082,50.81757958266421
,,grass,,19.13803392400913,50.817691246923495
,,grass,,19.13789884998062,50.817799909407974
,,grass,,19.137681023013904,50.81783611873897
,,grass,,19.135763660460096,50.772933042536636
,,grass,,19.135559113698832,50.77297993721226
,,grass,,19.13624762876783,50.77282324296377
,,grass,,19.13608825032314,50.773110346421475
,,grass,,19.135530311491415,50.77271649259925
,,,wood,19.131726970366817,50.77363278124104
,,,wood,19.134133108374403,50.77327413274707
,,,wood,19.13686340529014,50.77293723330461
,,grass,,19.133090170498107,50.773572719340635
,park,,,19.134985053316182,50.7734689281771
,,grass,,19.151773775213996,50.80761647234285
,,grass,,19.15221847429124,50.80763242822838
,,grass,,19.063816478625565,50.820578441604894
,,grass,,19.06362498362206,50.8206141600165
,,grass,,19.054528913419183,50.821366031678416
,,grass,,19.05410899628043,50.821396596239936
,,grass,,19.07959083193919,50.82219937573697
,,grass,,19.080282877678954,50.82227864458544
,,grass,,19.08081551031376,50.82233761223752
,,grass,,19.081125144761508,50.82237075630759
,,,wood,19.10934378276319,50.81673946688549
,,grass,,19.108605351662828,50.81675789981352
,,grass,,19.107620914197263,50.81691460445057
,,grass,,19.107281351716036,50.81676946327125
,,grass,,19.106153690242863,50.81676520305896
,,grass,,19.10598701212502,50.816759625652864
,,grass,,19.110097633333336,50.81673740000001
,,grass,,19.11070377114297,50.81669586487229
,,grass,,19.15728140441167,50.77490724846005
,,grass,,19.15706059245316,50.77494574015782
,,grass,,19.156671298781358,50.773919683934665
,,grass,,19.157377592942623,50.77401225541101
,,grass,,19.15732635611398,50.773528389816235
,,grass,,19.157020721786882,50.77345339115111
,,,wood,19.156627634271135,50.773148695982705
,,grass,,19.157136442894227,50.77283516184022
,,grass,,19.157484858242686,50.77238745822289
,,grass,,19.157172770770142,50.772580176954065
,,grass,,19.157381702872037,50.772968174516265
,,grass,,19.157560796123136,50.772878012945746
,,grass,,19.143840432130823,50.78006654433411
,,grass,,19.144308220497866,50.779848305610635
,,grass,,19.14532021363295,50.77939305185655
,,grass,,19.145419095092162,50.77952458791311
,,grass,,19.14310564963165,50.780920260632406
,,grass,,19.14360748958265,50.780079817187776
,,grass,,19.14365543116522,50.779774012858645
,,grass,,19.143809716874593,50.779826458556336
,,grass,,19.143893040546878,50.779826475869854
,,grass,,19.143839034841267,50.779712076028844
,,grass,,19.143985311616355,50.779766115156754
,,grass,,19.144022201942235,50.77986400874904
,,grass,,19.143818319001458,50.77993225672013
,,grass,,19.143633615789682,50.77953419347844
,,,wood,19.14189090978438,50.7786727115066
,park,,,19.142623460323883,50.77916532401938
,,grass,,19.143068803882226,50.77950181558184
,,,wood,19.14315683508971,50.78026562965824
,,,wood,19.14297183621146,50.780582217466225
,,,wood,19.143316344853126,50.77985101556062
,,grass,,19.140392106304216,50.77843329116565
,,grass,,19.143580347961695,50.78060828491686
,,grass,,19.144073378837323,50.78043271454004
,,grass,,19.144699427690348,50.78057394889618
,,grass,,19.144842866665275,50.78117454769693
,,grass,,19.14222030441551,50.78231866178891
,,grass,,19.14172791009963,50.7830783704961
,,grass,,19.113465705894566,50.817197705197025
,,grass,,19.1125637484659,50.81699954604648
,,grass,,19.11341106851843,50.81703816089261
,,grass,,19.1138428107046,50.816909853498295
,,grass,,19.112891760762633,50.81684978478752
,,grass,,19.113286499999997,50.81681476666667
,,grass,,19.113760840899847,50.816827479991524
,,grass,,19.11409504063099,50.8168325484172
,,grass,,19.112277306542868,50.81716411509874
,,grass,,19.110744467653685,50.81685057160712
,,grass,,19.109806910948002,50.81681668559462
,,grass,,19.110401718647072,50.817195737458746
,,grass,,19.109861527025643,50.817311164952024
,,grass,,19.11047974671258,50.817301853579934
,,grass,,19.110737902968005,50.8173012811597
,,grass,,19.10782437231089,50.81724856890073
,,grass,,19.108563659148928,50.81723781883943
,,grass,,19.114909317930742,50.81731088235395
,,grass,,19.111371318612377,50.81665549285044
,,grass,,19.126860034502663,50.84454680511955
,,grass,,19.127011534014006,50.844602840426035
,,grass,,19.127016332162565,50.84486440816551
,,grass,,19.126788598645817,50.84485204032411
,,grass,,19.126749066379492,50.844955924298944
,,grass,,19.126952250650234,50.84500881747455
,,grass,,19.12739165207906,50.84506016044575
,,grass,,19.127485725748567,50.84502357522333
,,grass,,19.126625357332056,50.84667258508572
,,grass,,19.12697773834595,50.84638089679627
,,grass,,19.127377782829843,50.84519416485198
,,grass,,19.126313316186934,50.84490469188183
,,grass,,19.126151347418563,50.844887933407485
,,grass,,19.126816848094364,50.849018702037995
,,grass,,19.126816598377765,50.84916897415379
,,grass,,19.126983247900654,50.84913240729703
,,grass,,19.12664545362494,50.84914630608627
,,grass,,19.126616095044216,50.84870383501806
,,grass,,19.126575067116466,50.84823493182876
,,grass,,19.126974069338885,50.84824708862204
,,grass,,19.12699878115195,50.84875591765755
,,grass,,19.126926233333332,50.848363766666665
,,grass,,19.127066637660715,50.84840281111481
,,grass,,19.126928926303105,50.848457989384194
,,grass,,19.127235570898932,50.848499135462504
,,grass,,19.130662295002654,50.848829212001
,,grass,,19.126963326023144,50.84811634220406
,,grass,,19.12709633461875,50.84816114688518
,,grass,,19.126956163923754,50.84794942310586
,,grass,,19.126699367116316,50.84755716655895
,,grass,,19.126600883528464,50.84772652122967
,,grass,,19.12630561116419,50.8479245062593
,,grass,,19.082582212490113,50.8222356137782
,,grass,,19.083025365900372,50.82193153667149
,,grass,,19.082321101670644,50.822297006245826
,,grass,,19.082116122311678,50.82243586383784
,,grass,,19.082262670472307,50.82249120841116
,,grass,,19.08202127614188,50.82235926544293
,,grass,,19.08190312403369,50.822441985944316
,,grass,,19.081594497053317,50.822444219124456
,,grass,,19.081772597219654,50.82252194013452
,,grass,,19.081508458448397,50.82249894872593
,,grass,,19.08174511221528,50.82232737733456
,,grass,,19.08175660552576,50.822392021362006
,,grass,,19.081618129411982,50.822627253589395
,,grass,,19.081783728203238,50.82268979422246
,,grass,,19.08198282168266,50.822721114783434
,,grass,,19.082249024463565,50.82282311097277
,,grass,,19.08210181032293,50.82263241821597
,,grass,,19.082708146874708,50.82290990116283
,,grass,,19.08262639422807,50.82305842624804
,,grass,,19.083151655724077,50.82327374524407
,,grass,,19.083032725054935,50.82292674584144
,,grass,,19.083363774333215,50.82304031129295
,,grass,,19.083280257664924,50.82330119311712
,,grass,,19.08378720744496,50.82334862278578
,,grass,,19.085694666338867,50.82334221500064
,,grass,,19.085041987779075,50.82312512540318
,,grass,,19.083806894069408,50.823033922563035
,,grass,,19.081877314924,50.82291745426285
,,grass,,19.114245453036222,50.81558366574846
,,grass,,19.114400695321724,50.81555609340375
,,grass,,19.104165810467293,50.81695921813801
,,grass,,19.104508839899637,50.816480693768916
,,grass,,19.104576258220916,50.81666394604942
,,grass,,19.10500296023936,50.81677139027216
,,grass,,19.104652929905512,50.816793213373394
,,grass,,19.104956164940024,50.81681539883774
,,grass,,19.105624765536735,50.81681095114834
,,grass,,19.10760159857761,50.81685565096984
,,grass,,19.10398670957708,50.81678884484263
,,grass,,19.10418036380037,50.81680745293856
,,grass,,19.104145209044212,50.81671073968193
,,grass,,19.103397361947525,50.81672747218825
,,grass,,19.102959481720116,50.81668391297973
,,grass,,19.103763572370546,50.81657673491141
,,grass,,19.104061859116875,50.81651655987354
,,grass,,19.10394742578363,50.81656495811007
,,grass,,19.104183032312438,50.81710950252641
,,grass,,19.103794884643687,50.81733115547566
,,grass,,19.105927288286846,50.817199953802515
,,grass,,19.105657873141237,50.81727699722068
,,grass,,19.104113624010797,50.8160678733011
,,grass,,19.10427599713988,50.81632795540352
,,grass,,19.104534936246836,50.81601262508928
,,grass,,19.104411862748414,50.815969970859776
,,grass,,19.135814188467375,50.829253518223034
,,grass,,19.13524783333333,50.82894970000001
,,grass,,19.135617459674,50.82948233562128
,,grass,,19.135311662976722,50.82819210738444
,,grass,,19.135254447568606,50.8285565771652
,,grass,,19.13510757938983,50.82854333521391
,,grass,,19.135555930245868,50.82842430132465
,,grass,,19.135331918867884,50.82792391371447
,,grass,,19.13555503440182,50.82797272221637
,,grass,,19.135488589877227,50.82807036035465
,,grass,,19.135777122914003,50.82810192281767
,,grass,,19.136242830865527,50.82960925131876
,,grass,,19.135928620489622,50.83004434040216
,,grass,,19.13569751657965,50.83223316642384
,,grass,,19.136257094825154,50.83033979150292
,,grass,,19.1362893673538,50.83013249982117
,,grass,,19.135831456430804,50.83058463172101
,,grass,,19.1358065306363,50.832569261693536
,,grass,,19.135646401038684,50.83155873074377
,,grass,,19.137513698519502,50.82888271700713
,,grass,,19.13724162710981,50.82913899513302
,,grass,,19.136449936191543,50.82969578620984
,,grass,,19.135306173419966,50.833301590596655
,,grass,,19.137288045665766,50.8292192676299
,,grass,,19.137711095013703,50.82899558650665
,,grass,,19.173461450698444,50.8404774134708
,,grass,,19.173322748689422,50.84054844349432
,,grass,,19.173789903934058,50.84053802488029
,,grass,,19.174374672411737,50.840596924097234
,,grass,,19.174626065580146,50.84058217150874
,,grass,,19.175113768480667,50.840734775660536
,,grass,,19.17545320610954,50.840777757718165
,,grass,,19.175572532949026,50.84066233818196
,,grass,,19.175553767154934,50.8405108262638
,,grass,,19.17568787599211,50.84047780375417
,,grass,,19.17559218631901,50.840371418375355
,,grass,,19.17541162791567,50.84042900574127
,,grass,,19.175059119650378,50.84046238635067
,,grass,,19.17494438109076,50.84055719148684
,,grass,,19.174728660064506,50.84046552845555
,,grass,,19.175071767255755,50.84078851668786
,,grass,,19.174991759060877,50.84087136020769
,,grass,,19.175271963039723,50.840985733333326
,,grass,,19.17558167453902,50.84107647045113
,,grass,,19.17491365338177,50.84040918952571
,,grass,,19.174221896762834,50.84039620911108
,,grass,,19.1745409235543,50.840370444725586
,,grass,,19.174473058046168,50.8404288285943
,,grass,,19.170075055182448,50.84050116424806
,,grass,,19.170519581216727,50.84047955403401
,,grass,,19.170304509172396,50.840477915668224
,,,wood,19.16968741427424,50.84052418947226
,,grass,,19.169323467186906,50.84055654130131
,,grass,,19.169028338716124,50.840584777294815
,,grass,,19.16873468822134,50.84060515235058
,,grass,,19.168412702593354,50.84065348888052
,,grass,,19.168159806943997,50.84066072661532
,,grass,,19.167864383481152,50.84068119321807
,,grass,,19.167537178312394,50.84071083100866
,,grass,,19.16730195793007,50.8407281088351
,,grass,,19.167148659607,50.840736299906105
,,grass,,19.16698750037325,50.840744458536776
,,grass,,19.16681308905402,50.84073222328723
,,,wood,19.166782608660643,50.84075010846873
,,grass,,19.166602728481507,50.84073879578784
,,grass,,19.16636539715258,50.840728255858856
,,grass,,19.165699842278336,50.84067095553861
,,grass,,19.16596459293447,50.84069874812443
,,grass,,19.16540131661442,50.84064738733337
,,grass,,19.165114013001247,50.840627971775874
,,grass,,19.164701755253002,50.840582831185344
,,grass,,19.16432774504235,50.84055197957268
,,grass,,19.16401413257127,50.840500370355315
,,grass,,19.16400189757937,50.84054104883057
,,grass,,19.162815067626223,50.84041009128193
,,grass,,19.162745185921782,50.840246776940255
,,grass,,19.162957294748196,50.84004662300567
,,grass,,19.162616300236483,50.84013379130116
,,grass,,19.162481967278403,50.840150319113
,,grass,,19.162490995286426,50.84030450843813
,,grass,,19.162272733813147,50.840289274868894
,,grass,,19.162054139870705,50.84034519255629
,,grass,,19.161539004952964,50.84030098669707
,,grass,,19.161274801443813,50.84027304142148
,,grass,,19.160878160188524,50.840207102946124
,,grass,,19.160579690519118,50.84013327724293
,,grass,,19.16039042162878,50.84007738818511
,,grass,,19.160281672536087,50.83994333956022
,,grass,,19.160118811720462,50.84010682898015
,,grass,,19.160421828611945,50.83999885732244
,,grass,,19.160012365447038,50.84003502860699
,,grass,,19.159711551618663,50.84006722209257
,,grass,,19.159768159541983,50.83999540178117
,,grass,,19.15966292329776,50.83988649883706
,,grass,,19.15965977984298,50.83963589786951
,,grass,,19.159775330009566,50.839699131952955
,,grass,,19.16002840721711,50.8396347252193
,,grass,,19.160265485529536,50.839673121717844
,,grass,,19.160362811135812,50.83960064732843
,,grass,,19.160465123668196,50.839601406689376
,,grass,,19.160456429247684,50.83969509092771
,,grass,,19.160366955778084,50.83979241440464
,,,wood,19.16072493947473,50.84024766371627
,,grass,,19.162138402826958,50.84020987452142
,,grass,,19.161639514527547,50.84017572490442
,,grass,,19.161326815646063,50.84013970455589
,,grass,,19.14547587159262,50.8757958330707
,,grass,,19.144673947218834,50.87558183655701
,,grass,,19.144745034268507,50.875501495543894
,,grass,,19.144560698457088,50.87545854159784
,,grass,,19.144353437390496,50.8754155234287
,,grass,,19.144043994238245,50.875506640154114
,,grass,,19.144608308479494,50.87536484782195
,,grass,,19.143955175937823,50.875061208677415
,,grass,,19.143923273381617,50.87524825312096
,,grass,,19.14769750056089,50.87665895797832
,,grass,,19.14608626252421,50.87622687827735
,,grass,,19.143186199999978,50.8755745
,,grass,,19.141227834488497,50.87542485050247
,,grass,,19.143029358628837,50.87527109006731
,,grass,,19.14544018486993,50.875674572238125
,,grass,,19.144419007797293,50.87527165229157
,,grass,,19.144044001861594,50.87520093863791
,,grass,,19.143725364981144,50.8751421355667
,,grass,,19.145489948930507,50.87536298796756
,,grass,,19.144277172667465,50.87620891950384
,,grass,,19.144131350512655,50.87594136372883
,,grass,,19.142141588949507,50.87559548704041
,,grass,,19.141814287378477,50.87577819434434
,,grass,,19.141480729838566,50.87573002092561
,,grass,,19.14085258739614,50.874809467472126
,,grass,,19.143942930061066,50.87865470173949
,,grass,,19.143355843731957,50.8786173303988
,,grass,,19.143238539366386,50.87846968419823
,,grass,,19.143038177450645,50.878560065894646
,,grass,,19.142908640132887,50.87841767802982
,,grass,,19.142614000925956,50.87835429221483
,,grass,,19.142662782147966,50.87849638052367
,,grass,,19.141459809852222,50.87648475444341
,,grass,,19.1485157685576,50.87815472252479
,,grass,,19.141514043741854,50.87734083541126
,,grass,,19.14831497490989,50.87779064022211
,,grass,,19.14877258091314,50.87756687188078
,,grass,,19.14194509597918,50.8762123606593
,,grass,,19.149204302883305,50.8792360454989
,,grass,,19.142270309387982,50.877519797931775
,,grass,,19.14287791548111,50.87762850559309
,,grass,,19.142916569442583,50.87775246629964
,,grass,,19.142440723504052,50.87766750632581
,,grass,,19.142800538276806,50.87786040056507
,,grass,,19.14246372053487,50.87778827712365
,,grass,,19.143132944099364,50.87792805749416
,,grass,,19.142712134214015,50.878086607724356
,,grass,,19.143230429358322,50.87819971017572
,,grass,,19.139355779409648,50.87749602909174
,,grass,,19.140583403836345,50.87771451293561
,,grass,,19.141157856266688,50.877824692916896
,,grass,,19.140924388991394,50.87726552269783
,,grass,,19.140293077467643,50.87715136127992
,,grass,,19.140021481495026,50.87736930658051
,,grass,,19.1305878306543,50.84868453513175
,,grass,,19.13166977742185,50.84869410764653
,,grass,,19.132256364378385,50.84874340334483
,,grass,,19.140647625475186,50.84902317863102
,,grass,,19.147770601220156,50.84829727061643
,,grass,,19.148499929552006,50.84822478972709
,,grass,,19.14864578217696,50.848194444668835
,,grass,,19.148630374421355,50.848112151223724
,,grass,,19.148800532360564,50.84816375771241
,,grass,,19.149015756961347,50.84813443713064
,,grass,,19.14892905975183,50.8480759087798
,,grass,,19.1495563834256,50.84802355769439
,,grass,,19.14974758704454,50.848128973775616
,,grass,,19.148956998066257,50.84849384390387
,,grass,,19.14891439992879,50.84839951318767
,,grass,,19.14865733861829,50.84833030743556
,,grass,,19.14872751721127,50.84843535664885
,,grass,,19.14795015930547,50.84854454637734
,,grass,,19.126782931233855,50.84807471013196
,,grass,,19.12682339848228,50.84835802198589
,,grass,,19.12681872108212,50.848711247906685
,,grass,,19.119479726467706,50.83554593791615
,,grass,,19.116757312559393,50.83459458305493
,,grass,,19.116914748015457,50.83462453205849
,,grass,,19.116817072642807,50.83436748840487
,,grass,,19.11685871109748,50.83410474039733
,,grass,,19.116891554374526,50.83398907683697
,,grass,,19.118255369357055,50.8347092080344
,,grass,,19.117554632490766,50.8346556729244
,,grass,,19.118158746789184,50.83484459080877
,,grass,,19.11856571447774,50.83509638982387
,,grass,,19.119010112583783,50.835583273789695
,,grass,,19.11707848396804,50.83508572100202
,,grass,,19.11669548846342,50.83474429908915
,,grass,,19.11808620175539,50.83544157263836
,,grass,,19.11937463781184,50.83587078684999
,,grass,,19.116510576145675,50.83395907933596
,,grass,,19.116531655403982,50.83449366419723
,,grass,,19.116272232222702,50.83445523824856
,,grass,,19.115894450350524,50.834385435603274
,,grass,,19.116083550787188,50.83438519979805
,,grass,,19.11614966203208,50.83420149853002
,,grass,,19.116284819666856,50.83388793368668
,,grass,,19.116924767621075,50.83373377584371
,,grass,,19.11636333447148,50.83329291646197
,,grass,,19.11716820738394,50.833226800457574
,,grass,,19.115858205010444,50.83442795061275
,,grass,,19.115837187358036,50.83465113233249
,,grass,,19.113914112054058,50.834056200978765
,,grass,,19.11148184800125,50.83344810216728
,,grass,,19.113357966657823,50.8340314172876
,,grass,,19.115814593922977,50.834739528177444
,,grass,,19.116112700068182,50.83477709908129
,,grass,,19.115994602250243,50.83500286247337
,,grass,,19.11606420944461,50.835151294423746
,,grass,,19.116528621645344,50.8349050996416
,,grass,,19.11665186666667,50.83498525677717
,,grass,,19.116922387384086,50.83523108761844
,,grass,,19.116440749856807,50.83522574189254
,,grass,,19.11619920394588,50.83525432210428
,,grass,,19.117920450698623,50.83547298347074
,,grass,,19.118563637477955,50.835682772192825
,,grass,,19.112570293771384,50.833575366697346
,,grass,,19.122358945730447,50.83573617317091
,,grass,,19.122321364390515,50.83601855466838
,,grass,,19.12172857156133,50.83609386787944
,,grass,,19.121854074045572,50.836191395087255
,,grass,,19.122045766056573,50.83634711671719
,,grass,,19.122529962942227,50.836588790566466
,,grass,,19.117743600216638,50.835616342851154
,,grass,,19.11864389772564,50.83582429365903
,,grass,,19.119190503630314,50.8359577160522
,,grass,,19.1198837808486,50.83620948099143
,,grass,,19.120538842456636,50.83641530771538
,,grass,,19.120372893927453,50.83689025559059
,,grass,,19.12055167055367,50.836948000315566
,,grass,,19.148906652587947,50.77003188168399
,,grass,,19.14941563578373,50.77012454880177
,,grass,,19.14982386588213,50.77022174156294
,,grass,,19.150154380908532,50.77039655159168
,,grass,,19.150393791925225,50.77053020288157
,,grass,,19.15012681165058,50.77068152532924
,,grass,,19.15037508282421,50.77093550556521
,,grass,,19.15108148831335,50.77081103121291
,,grass,,19.151119862191702,50.770899754341556
,,grass,,19.15261348961535,50.77149126001396
,,grass,,19.15139117943696,50.77135406946995
,,,wood,19.15026836610306,50.77123940221761
,,grass,,19.149911875736773,50.77128079575945
,,grass,,19.150136805001974,50.771517601825316
,,grass,,19.150111355548194,50.77196225927523
,,grass,,19.15003010363695,50.770865725322906
,,,wood,19.14953665881197,50.776672053146235
,,grass,,19.151589744411396,50.774810762234004
,,grass,,19.15113649497923,50.77454478622673
,,grass,,19.150884602129278,50.774630607429316
,,grass,,19.151127636929957,50.77517891026778
,,grass,,19.150683348618728,50.77532532373561
,,grass,,19.15081814718712,50.775240850834464
,,grass,,19.150933899302867,50.77545755212242
,,grass,,19.150894750804852,50.77564805609875
,,grass,,19.150318116337626,50.77537171287316
,,grass,,19.15011058921801,50.77511120028256
,,grass,,19.14968940765917,50.7751462221372
,,grass,,19.150012401633063,50.77542506213399
,,grass,,19.152291014321086,50.774602914988364
,,grass,,19.150326635163427,50.77572781892303
,,grass,,19.149972753134563,50.775734400123845
,,grass,,19.14935024295924,50.77576407398629
,,grass,,19.149636932280593,50.77577028442608
,,grass,,19.1502002,50.775901299999994
,,grass,,19.15038036558896,50.775950997419436
,,grass,,19.15027543333333,50.77607696666667
,,grass,,19.149972098500324,50.775910532825066
,,grass,,19.15000698454924,50.77621836005787
,,grass,,19.149193702359113,50.77609945022685
,,grass,,19.1495898225426,50.77626478902076
,,grass,,19.14923117130414,50.776202921701255
,,grass,,19.149382935254486,50.776565580379206
,,grass,,19.148958858888964,50.77622618708861
,,grass,,19.148793828623052,50.77652820873728
,,grass,,19.14978329573316,50.77507962872324
,,grass,,19.149741839351204,50.77481424434753
,,grass,,19.15005233321908,50.77463827745991
,,grass,,19.1514805907377,50.77557178884211
,,grass,,19.136053185714108,50.828197147600655
,,grass,,19.15461146924737,50.7886650187541
,,grass,,19.154887979901083,50.78883870118299
,,grass,,19.155110944027122,50.78882691667755
,,grass,,19.155309094776307,50.7886466876914
,,grass,,19.155566466843577,50.788730249595424
,,grass,,19.155671839900034,50.7886364470341
,,,wood,19.15600438982208,50.789294217022295
,,,wood,19.156043941760615,50.78990909251569
,,,wood,19.15775973761948,50.790274582303354
,,,wood,19.15685826701153,50.789349021933006
,,,wood,19.153867509431507,50.78821105787753
,,,wood,19.15448166681476,50.78779610122296
,,,wood,19.154978217468926,50.788392478644354
,,grass,,19.154806998113806,50.78866170020969
,,grass,,19.154872002241913,50.7887013555236
,,grass,,19.155750849373426,50.78882942183934
,,grass,,19.155947751287567,50.78883739828976
,,grass,,19.154898656502006,50.787433657966304
,,grass,,19.15341698587942,50.787183450013366
,,grass,,19.15405380538205,50.78714885121016
,,grass,,19.153770400000003,50.78696503333333
,,grass,,19.153503489301052,50.78702507511192
,,grass,,19.153459885431424,50.78711227770649
,,grass,,19.154354222990563,50.78519901606132
,,grass,,19.15428849147174,50.78535719518575
,,grass,,19.154483819196322,50.78537040533911
,,grass,,19.154342531443184,50.78550698432928
,,,wood,19.153926,50.785761566666665
,,,wood,19.154039178749215,50.78590135373696
,,grass,,19.154021648932726,50.786914203088784
,,,wood,19.153955600000003,50.786695300000005
,,grass,,19.154556277812365,50.78610989958609
,,,wood,19.15455086363812,50.785923352788735
,,grass,,19.154440813996146,50.786117852255536
,,grass,,19.154619410470723,50.786393448071415
,,,wood,19.15497052111883,50.78652245250624
,,,wood,19.153718725406026,50.78649776916375
,,,wood,19.154039753762493,50.7862632957055
,,,wood,19.154764597824606,50.78665859300964
,,,wood,19.154660715536522,50.78679710841362
,,grass,,19.15425260568924,50.78668190539559
,,grass,,19.154352725100672,50.78650146285461
,,grass,,19.154328177290264,50.78659781306936
,,grass,,19.15414671621222,50.78567525784128
,,grass,,19.153899239467336,50.785622056105915
,,grass,,19.154384048384742,50.78569464768171
,,grass,,19.154451238573493,50.78579892665274
,,grass,,19.154420961559506,50.7858970618787
,,grass,,19.154386261886284,50.786022878008055
,,grass,,19.15428759259444,50.786364678463144
,,grass,,19.154817633766875,50.785405297719656
,,grass,,19.15481149708079,50.78544654324509
,,grass,,19.15477702710476,50.78568973792099
,,grass,,19.154704933333335,50.7857367
,,grass,,19.154354419709865,50.78495131641997
,,grass,,19.15438167359848,50.78503959933844
,,grass,,19.15458047637893,50.7850520905847
,,grass,,19.154415066666665,50.78728283333333
,,grass,,19.154268257933463,50.78741952237335
,,grass,,19.154385911216774,50.78741619072007
,,grass,,19.154055471299962,50.78751187618776
,,grass,,19.151869092067273,50.7877081430763
,,grass,,19.150993554290068,50.78744140218347
,,grass,,19.150700713751586,50.78740874895343
,,grass,,19.150904153297883,50.78699540900436
,,grass,,19.150883468771013,50.78704881800746
,,grass,,19.151410429043068,50.78711520321339
,,grass,,19.151358622867285,50.78705629030571
,,grass,,19.15132173696505,50.78719906791608
,,grass,,19.152152729613753,50.78724746294531
,,grass,,19.15244061305697,50.78754012867441
,,grass,,19.15305171074941,50.78755303592257
,,grass,,19.151722987599143,50.78749843542695
,,grass,,19.1491795605343,50.78686994943394
,,grass,,19.149299688838052,50.78690635287913
,,grass,,19.13616777706276,50.81830063740949
,,grass,,19.13782269179924,50.81823844855834
,,grass,,19.118168234946253,50.8199283708907
,,grass,,19.11809156099282,50.820301608914846
,,grass,,19.117963940632293,50.82077691935901
,,grass,,19.11743166031306,50.82280632311824
,,,wood,19.11763146267743,50.82523570958223
,,grass,,19.12214544020903,50.832027189324435
,,grass,,19.121913185878086,50.83169337028998
,,grass,,19.122221102711325,50.831518534707904
,,grass,,19.117695791319967,50.826401559040505
,,grass,,19.113480097113413,50.80603487584278
,,grass,,19.143890502059147,50.82341279121723
,,grass,,19.14421322596193,50.82334351106245
,,grass,,19.12951598525692,50.78573595401404
,,grass,,19.112576412544257,50.81312282100935
,,,wood,19.10787196334371,50.84479940250494
,,grass,,19.107699193319643,50.84527021568943
,,grass,,19.10779431238608,50.84509982313254
,,grass,,19.14024830404188,50.785241000610924
,,grass,,19.14043313333333,50.785009200000005
,,,wood,19.13798407357774,50.786614196111834
,,,wood,19.138213807159477,50.78667771954953
,,,wood,19.138245628045777,50.786558457547486
,,grass,,19.138721224878708,50.78617310852002
,,,wood,19.139256088800845,50.785817402375464
,,,wood,19.139894613130636,50.78554172219371
,,grass,,19.13857963719242,50.7865712543459
,,grass,,19.13869656666667,50.78647206666667
,,grass,,19.13883973325138,50.787104249778785
,,grass,,19.138570021443467,50.78690744955511
,,grass,,19.139426895202376,50.78702585510904
,,,wood,19.12023975139669,50.81773109364535
,,,wood,19.121309531966705,50.81773394746849
,,,wood,19.119780775637757,50.81777919604033
,,forest,,19.085045739429038,50.82622682906676
,,forest,,19.085055572038872,50.82783096691642
,,forest,,19.082724435570945,50.834888346551416
,,forest,,19.082353506277055,50.83395674014519
,,grass,,19.11866956823788,50.81626470511929
,,grass,,19.109111554256394,50.80361611174928
,,grass,,19.109222098788127,50.803594319987305
,,grass,,19.109017217270907,50.803337670471976
,,grass,,19.10940072739792,50.803267546517716
,,grass,,19.109738461310183,50.803194726613235
,,grass,,19.11010033326707,50.803115994924504
,garden,,,19.110165885148685,50.803101280360075
,garden,,,19.109952897259927,50.804100474507415
,garden,,,19.10977183076569,50.804102950186675
,,grass,,19.105083456033473,50.803868454557964
,,grass,,19.10558264906878,50.80379730889964
,,grass,,19.106082688013178,50.80372608360182
,,grass,,19.106615593933164,50.80364567613935
,,grass,,19.152550470955454,50.776531836664425
,,grass,,19.15248523333333,50.776370966666654
,,grass,,19.152329529246273,50.77647967201665
,,grass,,19.152328297166463,50.77632810914967
,,grass,,19.152889791105043,50.775869007946945
,,grass,,19.116572819750438,50.80372191561652
,,grass,,19.116537300000005,50.80368595
,,grass,,19.11647381211257,50.80369773013881
,,grass,,19.116438009829658,50.80366203026817
,,grass,,19.11637344008466,50.803673919657015
,,grass,,19.1168815107722,50.80378274893917
,,grass,,19.132668247229965,50.78902688172958
,,grass,,19.132246793866923,50.789254210594066
,,grass,,19.132023612197003,50.78901541800391
,,grass,,19.131803833253286,50.7887653035782
,,grass,,19.131765800000004,50.78888926666667
,,grass,,19.13183260399163,50.78893906663194
,,grass,,19.1320669485009,50.789379863902326
,,grass,,19.13420050371309,50.788196547754325
,,grass,,19.13403472478295,50.78834632276074
,,grass,,19.13359518757287,50.788729978121644
,,grass,,19.132636556628523,50.78949135975709
,,grass,,19.133633036310055,50.78886138349236
,,grass,,19.133159206121697,50.78927760944193
,,grass,,19.134114767928747,50.78869883958462
,,grass,,19.133936624895618,50.78893057023028
,,grass,,19.133257275385276,50.78975098025128
,,grass,,19.133203083962822,50.789651089795655
,,grass,,19.134245459609755,50.78902120619387
,,grass,,19.136703078337327,50.78694984398552
,,,wood,19.13789108343713,50.78705975971515
,,,wood,19.13786903168647,50.787175288231204
,,grass,,19.13588731490952,50.78797352101037
,,grass,,19.1355039,50.788376199999995
,,,wood,19.135517465818968,50.788215174106135
,,grass,,19.135227633333333,50.78832363333334
,,grass,,19.135522486289666,50.78852788563854
,,grass,,19.135728594785917,50.78847851530569
,,grass,,19.135938423289005,50.78823665248103
,,,wood,19.1363944862053,50.78773644930933
,,,wood,19.136721256178046,50.78781527305426
,,grass,,19.136996276768897,50.78757717764177
,,grass,,19.137078776621532,50.787291271088904
,,grass,,19.137328800385205,50.787628243426035
,,grass,,19.137142170054403,50.78792887973647
,,grass,,19.137494583892387,50.7877648965858
,,grass,,19.13760028441144,50.78764667163466
,,grass,,19.137599073847532,50.7879142557133
,,grass,,19.137728964128804,50.78771355467619
,,,wood,19.137938840766445,50.787500174967754
,,grass,,19.135371242376834,50.7881198545096
,,grass,,19.137518330771446,50.78675317652873
,,grass,,19.13787195148948,50.786934717083284
,,grass,,19.1379598930827,50.78687640834574
,,grass,,19.137681131354796,50.78664614219906
,,grass,,19.13922162374379,50.78566899373127
,,grass,,19.13912888381744,50.78561873274153
,,grass,,19.136793671988073,50.78710633249231
,,grass,,19.136378996341286,50.78737595075272
,,grass,,19.135494923614242,50.78771426399135
,,grass,,19.135040434074252,50.78777546505961
,,,wood,19.134462647027526,50.787887517004535
,,grass,,19.135126433333333,50.7874988
,,grass,,19.134887714705478,50.78739764823586
,,grass,,19.134962705985888,50.78715458887943
,,grass,,19.13419713415334,50.78765903268167
,,grass,,19.13539649413062,50.78702370474556
,,grass,,19.13570766320559,50.787295753672204
,,grass,,19.12975936810954,50.791372231541644
,,grass,,19.131224725595015,50.79042389107795
,,grass,,19.131878395303115,50.790128385817
,,grass,,19.12971074382432,50.791621828830216
,,grass,,19.13002503531636,50.79153178653152
,,grass,,19.13153254020437,50.790058768627
,,grass,,19.127499865919486,50.79281576077573
,,grass,,19.128496669335888,50.79218116950399
,,grass,,19.126897590807488,50.79319279427811
,,grass,,19.12671535859482,50.792960530288326
,,grass,,19.127438025527674,50.79267588956109
,,grass,,19.13313682058249,50.789790463579905
,,grass,,19.11917034919843,50.817652292164134
,,grass,,19.117949400291117,50.81760206756579
