name,leisure,landuse,natural,longitude,latitude
,,,,23.1428403,53.1348439
,,,,23.1664346,53.1293923
,,,,23.0842113,53.1710452
,,,,23.2114009,53.1669492
,,,,23.1086334,53.1331639
,,,,23.1955102,53.1306873
,,,,23.1653303,53.1287574
,,,,23.1664949,53.1292948
,,,,23.2330016,53.1990954
,,,,23.2009653,53.1293175
,,,,23.1452791,53.1513617
,,,,23.1403641,53.1542089
Herakles walczący z Ladonem,,,,23.1661054,53.1310185
Herakles porywający Cerbera,,,,23.166033,53.1310762
,,,,23.141084,53.1546983
,,,,23.1635467,53.1284588
,,,,23.1622347,53.1292594
,,,,23.1625284,53.1311122
,,,,23.1997232,53.1309044
,,,,23.194114,53.1325646
,,,,23.2050062,53.1397895
,,,,23.0870978,53.1378996
,,,,23.1992707,53.1302768
,,,,23.2332433,53.0591764
,,,,23.1953748,53.13073
,,,,23.1968638,53.1307357
,,,,23.1970987,53.1306787
,,,,23.1959912,53.1309288
,,,,23.1962788,53.1312125
,,,,23.1975428,53.1309619
,,,,23.1975114,53.1308105
,,,,23.1974649,53.1306661
,,,,23.1982402,53.1307639
,,,,23.1984764,53.1307435
,,,,23.197163,53.1310773
,,,,23.1973099,53.1308828
,,,,23.1962071,53.1309194
,,,,23.1995868,53.1303608
,,,,23.199634,53.130554
,,,,23.1986209,53.1310811
,,,,23.1077759,53.1408777
,,,,23.1075847,53.1406532
,,,,23.0717102,53.1512923
,,,,23.1125079,53.1312137
,,,,23.2058544,53.1986644
,,,,23.2034217,53.1988083
,,,,23.2042824,53.1323409
,,,,23.1649648,53.1699644
,,,,23.1655921,53.1288777
,,,,23.1465403,53.1525839
,,,,23.1675129,53.1208632
Synagoga Piaskower - informacja turystyczna,,,,23.1537947,53.1289215
BTD!,,,,23.1227521,53.1069284
,,,,23.1998113,53.1495635
,,,,23.150253,53.1855201
,,,,23.1210437,53.1858602
,,,,23.128514,53.1827743
,,,,23.1824612,53.1610449
,,,,23.1476312,53.1666453
,,,,23.1909616,53.1281805
,,,,23.1652455,53.1275573
,,,,23.085358,53.1242787
,,,,23.0857611,53.123736
,,,,23.0841101,53.1261545
,,,,23.1509023,53.1841822
,,,,23.1375148,53.0978504
,,,,23.169675,53.068498
,,,,23.162475,53.0633965
Słominiak,,forest,,23.069010656055934,53.12290946419797
Park Lubomirskich,park,,,23.20486305064381,53.110360222253796
Las Komunalny,,forest,,23.22383479245648,53.105099784028745
,,forest,,23.222304064738417,53.10155688662484
,,forest,,23.11645670785964,53.10520839786862
,,meadow,,23.100272382308358,53.09811557913557
,,forest,,23.108201028269157,53.10770659473395
,,forest,,23.10810642662633,53.109618773830675
Plac Niepodległości im. Romana Dmowskiego,,grass,,23.146307109217243,53.13490915212848
,,meadow,,23.084776560787994,53.08882674151424
,,meadow,,23.084649333909184,53.09425836597975
Las Komunalny,,forest,,23.153059019919617,53.11414599559509
,,forest,,23.151839528486747,53.10803120117245
Las Zwierzyniecki,,,wood,23.1613086410416,53.11225297307367
,,forest,,23.137501849067586,53.10104437791595
,,grass,,23.138893064120474,53.11701079856682
,,forest,,23.14887230403065,53.05945145699257
,,forest,,23.14055360315914,53.07145372824886
,,forest,,23.049203507080065,53.06331000196968
,,forest,,23.1652672027891,53.05470286979723
,,forest,,23.136096542458457,53.06114206907794
,,forest,,23.256225833764013,53.16124259365481
Rezerwat Antoniuk,nature_reserve,,,23.1352210894197,53.17200582412662
,,,wood,23.098106995913263,53.07518924396821
,,,wood,23.106819560902576,53.07273029791249
,,,wood,23.081645837840778,53.05986503984612
,,,wood,23.101508065114995,53.07254763039232
Skibiccy D.M. Gospodarstwo sadowniczo - szkółkarskie,garden,,,23.250990815339467,53.09675666935453
,,,wood,23.22172810680737,53.18308557777079
,,,wood,23.244775336909633,53.17694184357861
,,forest,,23.057503590101753,53.05012278606025
,,forest,,23.16043221548218,53.080176088388306
,,forest,,23.20689262287689,53.065831847011815
,,forest,,23.218534821466022,53.068011177867305
,,forest,,23.224758999751007,53.072903988613845
,,,wood,23.15904575212421,53.19911264077685
,,forest,,23.139202950933946,53.19896032154048
,,forest,,23.193900630750093,53.17477748516164
,,,,23.170262176110676,53.169373463101714
,,grass,,23.17026045497611,53.1309195614806
,,grass,,23.169157078740252,53.131871253653316
,,grass,,23.171627155305828,53.129856859188436
,,grass,,23.172359638892356,53.12939366480689
,,grass,,23.168720680847525,53.13228297428343
,,grass,,23.173321084402975,53.12877828757804
,,grass,,23.182327215224806,53.12525627654205
,,grass,,23.18190046510286,53.12471577039656
,,grass,,23.1808493388185,53.12346672419755
,,grass,,23.182067749260433,53.12493726341875
,,grass,,23.182587173122105,53.12556513212641
,,grass,,23.190358861864095,53.12983654894684
,,grass,,23.19165981261238,53.13084692573913
,,grass,,23.18667620153073,53.12811474334254
,,grass,,23.1842390076503,53.12700677206131
,,grass,,23.1832021179599,53.12620972254854
,,grass,,23.189363721741586,53.12926197485922
,,grass,,23.192715627837714,53.13190305258055
,,grass,,23.193325534780374,53.13252629929501
,,grass,,23.19475615948175,53.133999945770945
,,grass,,23.193573916228665,53.13273554918781
,,grass,,23.171270703881547,53.13007941945395
,,grass,,23.168917478200946,53.13204254574066
,,grass,,23.18281068351307,53.12507611446111
,,grass,,23.184529915915753,53.1244070617318
,,forest,,23.065537043515175,53.12739659421204
,,forest,,23.06077547273597,53.13135778875233
,,grass,,23.186830236508605,53.123448471475264
,,grass,,23.18785150450677,53.12305221117899
,,grass,,23.19039110239486,53.122202608505695
,,grass,,23.16852422138416,53.13251144073793
,,grass,,23.16834317959009,53.13268854161604
,,grass,,23.099500362115702,53.160061735498374
,,grass,,23.095474941304456,53.160182099010655
,,grass,,23.09928678354248,53.16009686526828
,,grass,,23.100447916020315,53.16027586068151
,,grass,,23.099903604481884,53.16040337057063
,,grass,,23.09651666620992,53.16078119977564
,,grass,,23.096067824356286,53.16094672078187
,,grass,,23.098047234860726,53.159760387603264
,,grass,,23.098339157920996,53.15991667891361
,,grass,,23.095530166281645,53.16065692485112
,,grass,,23.158102726140285,53.14160558019122
,,grass,,23.10768473364738,53.139768588303404
,,grass,,23.121292192080155,53.137528952886086
,,grass,,23.123915632079658,53.12380364090348
,,grass,,23.126038109032446,53.124424857305065
,,grass,,23.128177726425875,53.125026841675805
,,grass,,23.12195690186005,53.12335379667022
,,grass,,23.122164412486757,53.12250592999265
,,grass,,23.121426929339428,53.12323478863384
,,grass,,23.121316368933506,53.12312987077835
,,grass,,23.122037591299005,53.123114210201614
,,grass,,23.122388093971804,53.1231638234923
,,grass,,23.12218745077338,53.122967777431185
,,grass,,23.12230709559417,53.12275820243496
,,grass,,23.12218409201995,53.123078986038735
,,grass,,23.139369555024604,53.13474055516012
,,grass,,23.1389058928052,53.13453698975345
,,grass,,23.13925967664753,53.13423521987936
,,grass,,23.140383411009548,53.13524565194704
,,grass,,23.139469207383005,53.133761717122475
,,grass,,23.139689163666077,53.13462328557021
,,grass,,23.181815257783462,53.12544784847527
,,grass,,23.181151504425966,53.12570324359392
,,grass,,23.182234364333798,53.12439206727483
,,grass,,23.15523326756119,53.13102797164215
Park Centralny,park,,,23.152651573359083,53.13060294416288
,,,grassland,23.145381763768047,53.121403371462414
,,,grassland,23.146115021211198,53.1210472767933
,,,grassland,23.14680842497881,53.120741639961494
,,,grassland,23.145560826669545,53.1205533829666
Park Antoniuk,park,,,23.12075850647346,53.1405467058301
,,grass,,23.124381889285843,53.1374414887496
,,grass,,23.12006755151476,53.13763649751396
,,grass,,23.1241720339729,53.13698590502003
,,grass,,23.12265746811266,53.13733816363684
,,,wood,23.096903961956485,53.130671238735516
,,,wood,23.097528601651824,53.134234559930555
,,,wood,23.20925864515227,53.1122826970259
,,,wood,23.20517348065169,53.112840590453104
,,,grassland,23.097475912511438,53.126906906334064
,,,grassland,23.09990642786144,53.125480399907
,,,grassland,23.09708645176294,53.125630683217395
,,,wood,23.057739708775706,53.142787693538075
,,,wood,23.066561763139045,53.13740725402885
Wodociągi Białostockie - Dział Produkcji Wody Jurowce,,,,23.145737213798203,53.16721623735396
,,grass,,23.151577136282945,53.143530780424264
,,grass,,23.1540014585308,53.14284427645357
,,grass,,23.09213222648203,53.15012948683974
,,grass,,23.157390524638892,53.140341555639075
,,grass,,23.14521673821026,53.12661334135259
,,grass,,23.174392062053073,53.14163331602794
,,grass,,23.17476176532391,53.14146756775724
,,,grassland,23.11165252061598,53.134528283705684
,,,grassland,23.101550031011705,53.14909499260375
,,,grassland,23.091158083466127,53.15554462939956
,,,grassland,23.096499110717154,53.14373644664936
,,,grassland,23.107402125791406,53.1573543889219
,,grass,,23.11686692541031,53.155192785306625
,,,grassland,23.079506870963172,53.15621822894895
,,,grassland,23.086776148314232,53.16187280103055
,,,grassland,23.10025274697307,53.165319536649584
,,grass,,23.1486744241597,53.13980589585331
Plac Błogosławionego Księdza Michała Sopoćki,park,,,23.15595329372175,53.14490754891714
,,,grassland,23.14408792965662,53.13871265697582
,,grass,,23.15504072244094,53.147926684088375
,,,grassland,23.14481177654683,53.147727632216096
,,,wood,23.14463452049991,53.13988933904842
,,,grassland,23.149956709616138,53.15438360285967
,,,grassland,23.162462736552477,53.15129277332478
,,forest,,23.153181382921804,53.15673943058992
Skwer Armii Krajowej,park,,,23.167001689556095,53.13273566961406
Park Planty,park,,,23.1664762362138,53.12667061955156
Park Branickich,park,,,23.16375392398454,53.129944618582016
Park Stary im. Księcia Józefa Poniatowskiego,park,,,23.16884372066068,53.13052710377437
,,,grassland,23.149480924723033,53.16123726787568
Skwer Wygoda,park,,,23.184424660464412,53.14412302315937
,,forest,,23.23126976617319,53.173500920764496
,,forest,,23.201277468840683,53.167887364222665
,,forest,,23.212085385881927,53.16782082050454
,,forest,,23.20515337900164,53.16880486767023
,,,grassland,23.094284494415586,53.180363747660465
,,,grassland,23.072627916748715,53.15547780582444
,,,grassland,23.074973188332436,53.14773260418191
,,,grassland,23.071450067109996,53.139789665367594
,,,grassland,23.11301602362432,53.12758966353481
,,grass,,23.115851690245773,53.124879123125545
,,grass,,23.11523791332512,53.124156506381716
,,,grassland,23.08502203568889,53.14699534669568
,,,wood,23.062228069326576,53.09722465968761
,,,wood,23.06358938294159,53.11018181399585
,,forest,,23.06033048007121,53.06412848749087
,,,wood,23.06943577915424,53.06277670400952
,,,grassland,23.10920188121774,53.121754807078624
,,,grassland,23.11603278989707,53.1234215783788
,,,grassland,23.09726042569007,53.11393610536054
,,grass,,23.123113196884564,53.12136785253602
,,grass,,23.123747029320217,53.12068657354033
,,grass,,23.14047944019269,53.11441899198233
,,forest,,23.090332852201648,53.0765337609646
,,forest,,23.18108895317811,53.05338755765356
,,forest,,23.173997777152053,53.04923627039838
,,grass,,23.105746777863395,53.143077584032675
,,,wood,23.142661249613823,53.10642939189635
,,grass,,23.164405036904878,53.12396316846294
Plac Opatrzności Bożej,,grass,,23.106195465142964,53.140982048352505
,,grass,,23.1755200363396,53.121194250364816
,,grass,,23.17264755012763,53.12069243053257
,,forest,,23.083330860626,53.06986603850715
,,,grassland,23.182829285532662,53.110604577917975
,,,grassland,23.18561120431356,53.1088219528427
,,,grassland,23.0720510590975,53.131563360824465
,,grass,,23.148058272420208,53.119963897656305
,,forest,,23.246628770949915,53.117268942020644
,,forest,,23.230957294881136,53.11937625764055
,,forest,,23.23854358691436,53.11709783762403
,,forest,,23.24141197225199,53.1222466827944
,,forest,,23.22164084187133,53.1255345923755
,,,grassland,23.18716532965226,53.12743382084275
,,,grassland,23.197273559659607,53.129503066721924
,,,grassland,23.20620889290532,53.12724301346622
,,grass,,23.20300364333598,53.122212772163564
,,,grassland,23.198480614164392,53.11627629478535
,,,grassland,23.19982509777383,53.1362841211834
,,,grassland,23.203786793156034,53.14177533967507
,,forest,,23.19760746502588,53.13980652971713
,,grass,,23.15547723354743,53.15043681289324
,,grass,,23.155256674929362,53.14844923445316
,,grass,,23.155676805103262,53.14885140130712
,,grass,,23.155300790672143,53.149284911507216
,,forest,,23.201100958242453,53.15341867171727
,,,grassland,23.199822100637448,53.15842710377306
,,,grassland,23.191284826736347,53.156851465110684
,,grass,,23.10384258020052,53.11786093992449
,,,grassland,23.13408979478682,53.14943235336747
,,,grassland,23.124858187664028,53.158826345589574
,,forest,,23.14918605800596,53.179117342437195
,,forest,,23.1514279761181,53.181102948375965
,,,grassland,23.113169719259847,53.139985945999626
,,,grassland,23.11851661793634,53.140834665387
,,,grassland,23.12542117773186,53.142450904640754
,,,grassland,23.167793692467587,53.11173707210065
,,grass,,23.157562961166164,53.130715833382546
,,,wood,23.228126982367634,53.18983912401181
,,,wood,23.201424776648693,53.17993756825555
,,,wood,23.245714676816302,53.18770625269954
,,,wood,23.24730778389257,53.18992868401999
,,grass,,23.098735106034464,53.12999885822795
,,grass,,23.10493684260139,53.1370748455105
,,grass,,23.106271695153332,53.14004129848209
,,grass,,23.106811864125145,53.138906666070355
,,grass,,23.10912187677268,53.14181772375856
,,grass,,23.10180670880477,53.134431870634344
,,grass,,23.108547498421178,53.141036730975124
,,grass,,23.0965125939312,53.12434347242836
,,grass,,23.09562389358741,53.12349131660883
,,grass,,23.110995566955435,53.12504931495164
,,grass,,23.099490345156227,53.131363967014174
,,grass,,23.098275132670942,53.12886131149583
,,grass,,23.09495476629511,53.12725896957716
,,grass,,23.097899348795867,53.12786552145341
,,grass,,23.10216443955961,53.126268852577006
,,grass,,23.108174796496886,53.14046091499433
,,grass,,23.100663140387415,53.13323144575399
,,grass,,23.10955824279268,53.13940843509525
,,grass,,23.091002048802494,53.12781897580863
,,grass,,23.093790730306836,53.127434472026444
,,forest,,23.23340317478018,53.19202398927031
,,forest,,23.22925959936263,53.18823463555161
,,forest,,23.2391778617219,53.17718212256101
,,farmyard,,23.18032743194843,53.17329561690613
,,forest,,23.14367894647031,53.158495303765925
,,forest,,23.13841060730277,53.15840110591215
,,forest,,23.20137312420611,53.17103936470333
,,forest,,23.201186840894604,53.085822822700116
,,forest,,23.251182422351857,53.140610639234346
,,forest,,23.249169100553168,53.13883455370489
,,forest,,23.25284379913392,53.13803414709281
,,forest,,23.243369389207626,53.1378236279804
,,forest,,23.24542559399595,53.14112505766854
,,forest,,23.244834226132546,53.1357582576572
,,forest,,23.237504775759685,53.13793176037273
,,forest,,23.23871860316103,53.141795184138594
,,forest,,23.05174164360625,53.11435918894485
,,forest,,23.047513717133466,53.11133007387297
,,forest,,23.04462210969536,53.107131391804764
,,forest,,23.053190461469487,53.107434719631634
,,forest,,23.04791595306454,53.1027360757569
,,forest,,23.05754909386204,53.10271767092509
,,forest,,23.09753187454964,53.191576513932816
,,forest,,23.112089428244705,53.19771816030133
,,forest,,23.11494402675756,53.19928123887667
,,forest,,23.11249377875258,53.19843634683766
,,forest,,23.114065217300677,53.19790602360033
,,forest,,23.12909540828916,53.19702995315595
,,forest,,23.053781521599372,53.10006138545163
,,forest,,23.049807931795396,53.09675701102554
,,forest,,23.053719703148463,53.090272339900146
,,forest,,23.049643732729766,53.09224777651305
,,,,23.087482754800405,53.09581227368149
,,forest,,23.09445270297225,53.086892401284224
,,forest,,23.076404469416165,53.09570182962558
,,forest,,23.07732892905673,53.091829238231774
,,forest,,23.0905324137659,53.203604010533404
,,forest,,23.09132542737213,53.19960471909387
,,forest,,23.240604347594832,53.06022194560261
,,forest,,23.24698145117269,53.12915358812579
,,forest,,23.250336916535105,53.12959617915896
,,forest,,23.144467537700272,53.07017948863467
,,forest,,23.18924312958614,53.05034161395668
,,forest,,23.18876207000672,53.05005505616493
,,forest,,23.211365398843608,53.04888618826173
,,forest,,23.084375139033416,53.05552043655688
,,forest,,23.084989386860446,53.05632922842728
,,forest,,23.09311723761441,53.06804107515121
Miejsce Pamięci Narodowej,,cemetery,,23.164459808802853,53.17019396596496
,,forest,,23.112085838562944,53.07536229580357
,,forest,,23.11805580594025,53.07564257212849
,,forest,,23.114574047244457,53.077884415538605
,,,grassland,23.146790305689564,53.12151797269181
,,forest,,23.212159596882362,53.0478315813083
,,grass,,23.14527396323274,53.135578621599954
,,grass,,23.145872874881306,53.13528584982144
,,grass,,23.145819933528458,53.1354528275259
,,grass,,23.14671164950183,53.134469228556284
,,grass,,23.1470325804236,53.13433667361827
,,grass,,23.14634747786742,53.13431343986963
,,grass,,23.230486630579,53.12558368350669
,,grass,,23.167196741553404,53.14327362773373
,,grass,,23.16800434707533,53.14327417225513
,,forest,,23.249076239745417,53.09373067108941
,,grass,,23.155145134351944,53.19704883423182
,,meadow,,23.15436194489701,53.196056822054715
,,grass,,23.156756282366093,53.19829724788301
,,grass,,23.155180799278252,53.198686706948195
,,grass,,23.155185541705446,53.196350095048075
,,grass,,23.155901439139576,53.198540744521694
Park Miejski,park,,,23.202837330584295,53.14592153937703
,,forest,,23.0815925484939,53.050695794014196
,,forest,,23.075155465317465,53.06340257463177
Park Konstytucji 3 Maja,park,,,23.163960329491047,53.120826630602046
,,forest,,23.062877642612083,53.122687924184305
,,forest,,23.050964845027966,53.06835558984099
,,grass,,23.146083403485175,53.13595335984633
,,grass,,23.146969822029558,53.13601100697517
,,grass,,23.14664756951812,53.13523366770448
,,grass,,23.14608982930566,53.13560999545442
,,grass,,23.14735261619107,53.136045217264076
,,grass,,23.140401171178436,53.13556954503054
,,grass,,23.14034790562729,53.13574926728534
,,,grassland,23.10312305108845,53.13553285982562
,,,grassland,23.115359983963447,53.13756756107668
,,grass,,23.121209069114432,53.1372503050737
,,grass,,23.12083307417405,53.13758008013709
,,grass,,23.12116895376692,53.137093806655095
,,grass,,23.121749195367997,53.13747983665583
,,grass,,23.121142201615218,53.13685491986047
,,grass,,23.11806345977693,53.13789343968214
,,grass,,23.113477356084367,53.138714488306945
,,grass,,23.11646300738514,53.138167856863284
,,grass,,23.11588246237795,53.13827619046265
,,grass,,23.142303527860793,53.129110991634796
,,grass,,23.141770072348876,53.12978273363243
,,grass,,23.140891766752777,53.13009541475144
,,grass,,23.14142229191632,53.12973240122058
,,grass,,23.141284029086982,53.130120023604285
,,grass,,23.14116616395127,53.13019519107215
,,grass,,23.14244094277739,53.12933514453478
,,grass,,23.149505706012217,53.12514931615354
,,grass,,23.15030142455516,53.12583885944237
,,grass,,23.13132558858198,53.139070616984405
,,grass,,23.12880440127909,53.138774566741816
,,grass,,23.134758841188873,53.1386936771562
,,grass,,23.132495223951473,53.139216934084686
,,grass,,23.12636703290938,53.138210479029645
,,grass,,23.12885480949198,53.13866133404405
,,grass,,23.128935370239702,53.1389260609831
,,grass,,23.124458347682666,53.13770597571981
,,grass,,23.131114310118342,53.13894902288254
,,grass,,23.124727643477428,53.13751089204301
,,grass,,23.131129537019817,53.13918587989836
,,grass,,23.125283123951082,53.13814364797722
,,grass,,23.127872819425402,53.13869773922644
,,grass,,23.124185544852253,53.13680380801895
,,grass,,23.12655557491207,53.138383007298955
,,grass,,23.125323895649554,53.13808665241826
,,grass,,23.125673354149697,53.138172172918196
,,grass,,23.127569372968615,53.13862570606691
,,grass,,23.127180497452812,53.138532210028686
,,grass,,23.12426342142304,53.137221691024294
,,grass,,23.123458440830643,53.13740101186846
,,grass,,23.125063482414507,53.13699971898606
,,grass,,23.127374918996814,53.13832818534325
,,grass,,23.12370455228307,53.137487594629356
,,grass,,23.12593802367043,53.137983233889685
,,grass,,23.138121633337747,53.13772134734011
,,grass,,23.13808659981039,53.13803786324524
,,grass,,23.135996482881634,53.13853300008269
,,grass,,23.132450264450874,53.13898226321856
,,grass,,23.137086646280775,53.138084061028124
,,grass,,23.132661233544443,53.13921954568139
,,grass,,23.163373345639823,53.118684123213164
,,grass,,23.157909715558596,53.119461804466916
,,grass,,23.15986984204136,53.119151563004735
,,grass,,23.166793001865962,53.118574617140986
,,grass,,23.155232420636302,53.11971105324508
,,grass,,23.156775248300196,53.11957078464926
,,grass,,23.159330983218066,53.11921891450951
,,grass,,23.15606984272025,53.11963475708282
,,grass,,23.156553250819478,53.11947017663047
,,grass,,23.15928184732642,53.11934551764996
,,grass,,23.17596533923234,53.12074366952683
,,grass,,23.180288111001477,53.12312993439101
,,grass,,23.177799410959274,53.12106509582177
,,grass,,23.177172665228507,53.12099978908382
,,grass,,23.179683342899516,53.12221714545977
,,grass,,23.175155219749588,53.12002236764764
,,grass,,23.17512197057911,53.12011192575994
,,grass,,23.179808635728573,53.12209705717502
,,grass,,23.17511085043293,53.120177762031155
,,grass,,23.17463900491255,53.12018555008574
,,grass,,23.180076648758742,53.122294885395966
,,grass,,23.179281386568597,53.122583445210765
,,grass,,23.174225496490298,53.12010475837409
,,grass,,23.174825243530222,53.12000811842892
,,grass,,23.179149474761036,53.12201997903536
,,grass,,23.1806303450953,53.12286740278574
,,grass,,23.17413727141014,53.12028129554107
,,grass,,23.179107602031383,53.12247875125804
,,grass,,23.17952961899722,53.12290390221776
,,grass,,23.164336787194895,53.11841348599879
,,grass,,23.17110979866819,53.11915605909297
,,grass,,23.169949609335497,53.11917696837317
,,grass,,23.170626055092708,53.119196037181815
,,grass,,23.167272704451122,53.11833523373792
,,grass,,23.17393151202763,53.12017000017249
,,grass,,23.167007668032554,53.11843170406818
,,grass,,23.167049023441287,53.11830356450008
,,grass,,23.173582639602504,53.120086767801624
,,grass,,23.163710775883914,53.123657406454086
,,grass,,23.163890252720254,53.123725891615024
,,grass,,23.115720609772303,53.124736301701205
,,grass,,23.18097585198794,53.111228223026124
,,grass,,23.191200211946978,53.11022609075441
,,grass,,23.18132221008933,53.11121676335578
,,grass,,23.190435681313904,53.110249418397466
,,grass,,23.181098910556006,53.11126503847262
,,grass,,23.190570849161816,53.11017345015425
,,grass,,23.10091713917893,53.13413896725012
,,grass,,23.100590643341373,53.13428100984315
,,forest,,23.240854502010798,53.10052068758468
,,forest,,23.239378229066826,53.10295028728823
,,forest,,23.24791567234131,53.10260397279276
,,forest,,23.245198203499076,53.1007746494389
,,forest,,23.237389987824788,53.09166828806156
,,forest,,23.227579872339877,53.0970792381914
,,forest,,23.213270275735887,53.09687335830564
,,forest,,23.23531868208495,53.098598186964516
,,forest,,23.223662624575997,53.095327611357256
,,grass,,23.210178051246054,53.09614099791984
,,forest,,23.232815349965914,53.08544048421458
,,forest,,23.206245577817768,53.091881496653755
,,forest,,23.205212588832364,53.089586512737085
,,forest,,23.19854529447836,53.07935606195639
,,forest,,23.190926246836213,53.07842096171993
,,forest,,23.233149136801167,53.093770910502336
,,forest,,23.220541794500768,53.09300009977141
,,forest,,23.088979208291963,53.147641781971785
,,grass,,23.212711041026136,53.14267638364292
,,grass,,23.090674044376673,53.13107519920209
,,grass,,23.090446150012575,53.13009288824831
,,grass,,23.090529752838048,53.13013649026428
,,grass,,23.090602691777754,53.1307767752923
,,grass,,23.0898824,53.12987695
,,grass,,23.090594850000002,53.13050655
,,grass,,23.09043310302438,53.132187034012034
,,grass,,23.09059757644958,53.1306157641243
,,grass,,23.090612166771994,53.130177991392515
,,grass,,23.090636984137774,53.1302866105138
,,grass,,23.089818583395402,53.132168889305674
,,grass,,23.090394458599505,53.13207830402726
,,grass,,23.08958874514192,53.129836552281255
,,grass,,23.087291033263895,53.132499021177935
,,grass,,23.08965835606715,53.132091655677186
,,grass,,23.091845098587928,53.132026500508125
,,grass,,23.094053365805994,53.13246011272116
,,grass,,23.093146342926417,53.1292642998313
,,grass,,23.092352672686037,53.131167754003975
,,grass,,23.09180919314581,53.13062854476579
,,grass,,23.095157190207033,53.129084822220776
,,grass,,23.092746869526433,53.131039488215606
,,grass,,23.0909418,53.131940650000004
,,grass,,23.091783720073703,53.1315647176863
,,grass,,23.093798700769028,53.13026193147561
,,grass,,23.093013324314366,53.13084361713906
,,grass,,23.091954906860646,53.13145359874751
,,grass,,23.09308689036058,53.13079382374733
,,grass,,23.09201294815976,53.13072316865472
,,grass,,23.09411015966597,53.12986494175869
,,grass,,23.0936019,53.13230475
,,grass,,23.093396600931843,53.1305588684625
,,grass,,23.091252614004247,53.13195749635505
,,grass,,23.092216403937073,53.13126663160222
,,grass,,23.092348504126637,53.13101018802048
,,grass,,23.093310950000003,53.129343799999994
,,grass,,23.09184078867714,53.13152832097043
,,grass,,23.094775445281304,53.12936991848541
,,grass,,23.09148637738932,53.13172033748917
,,grass,,23.09352366620196,53.13046402576
,,grass,,23.094959942974853,53.1292264199062
,,grass,,23.093061350000003,53.1321892
,,grass,,23.091191087494494,53.13185183107027
,,grass,,23.09232387807545,53.130876399550935
,,grass,,23.091746320299222,53.13173159280635
,,grass,,23.094060403999297,53.12970573016164
,,grass,,23.093343293238885,53.13098889878619
,,grass,,23.094421466420634,53.1296328720644
,,grass,,23.09188967965611,53.13079359744938
,,grass,,23.093602179025154,53.12948488352111
,,grass,,23.091464608478223,53.131872763168644
,,grass,,23.091785411886413,53.13074276879993
,,grass,,23.093691130384247,53.13235459606734
,,grass,,23.09368535889903,53.12952704670566
,,grass,,23.092723085781262,53.13089187967333
,,grass,,23.09287779754354,53.13078239112297
,,grass,,23.094190817798196,53.12964764339486
,,grass,,23.092409009799795,53.13212811773196
,,grass,,23.09286830859783,53.128955314596645
,,grass,,23.092757200000005,53.1286033
,,grass,,23.092753632017253,53.12851659886611
,,grass,,23.09258972530779,53.12816873489316
,,grass,,23.092873561450656,53.12802151735679
,,grass,,23.0947704,53.12840405
,,grass,,23.093114956710767,53.12912215421699
,,grass,,23.092747969672626,53.128338225059906
,,grass,,23.09518847227775,53.128955006030445
,,grass,,23.094496164967236,53.12816334566321
,,grass,,23.092746301683988,53.12816011011432
,,grass,,23.093468599999998,53.129297099999995
,,grass,,23.0937852,53.129445
,,grass,,23.093275043143326,53.12920189486024
,,grass,,23.094603347167105,53.12949938282346
,,grass,,23.092593880907092,53.128730374978325
,,grass,,23.09258998388211,53.128412799213905
,,grass,,23.095271606141164,53.12886760335797
,,grass,,23.094243044068303,53.12783363228381
,,grass,,23.094784702790722,53.12864866841485
,,grass,,23.094873466486582,53.12873020025973
,,grass,,23.09438903750657,53.12788814245088
,,grass,,23.09454230037779,53.12829590265639
,,grass,,23.09305659398928,53.12897784568586
,,grass,,23.092590936562885,53.12834176452784
,,grass,,23.094626369433463,53.12845288546318
,,grass,,23.095508815678976,53.12883332086844
,,grass,,23.093179129759825,53.12764692827104
,,grass,,23.09357263002539,53.12759377792287
,,grass,,23.093929871515783,53.12754502976126
,,grass,,23.094293362454902,53.12764617231353
,,grass,,23.09421708982307,53.12750859252633
,,grass,,23.095276840005702,53.129158896188464
,,grass,,23.095566466099182,53.12920657061523
,,grass,,23.089583742151778,53.12813722466683
,,grass,,23.089969618547656,53.12808488426868
,,grass,,23.091429464036377,53.1278858305044
,,grass,,23.091735985463142,53.12784894672196
,,grass,,23.090321778962238,53.12803777859474
,,grass,,23.090681626815133,53.127987807670465
,,grass,,23.09106033005702,53.127937928146096
,,grass,,23.092714130838875,53.12771428237829
,,grass,,23.088976633252166,53.12821800979678
,,grass,,23.091400498531183,53.13042948150122
,,grass,,23.090348863761495,53.12991306505905
,,grass,,23.084693928001144,53.129957940679645
,,grass,,23.090841020891077,53.130152480905615
,,grass,,23.091200699999998,53.130332949999996
,,grass,,23.090551550140983,53.13001708148399
,,grass,,23.09027522025339,53.129882749778446
,,grass,,23.084583575454175,53.13031782746827
,,grass,,23.089945614167565,53.12978487290809
,,grass,,23.089318525338303,53.12982443582899
,,grass,,23.096398599999997,53.129697799999995
,,grass,,23.09763266354912,53.127187620061974
,,grass,,23.097776000000003,53.129679550000006
,,grass,,23.09585365670854,53.129394652405445
,,grass,,23.09676820568823,53.12979563267361
,,grass,,23.09740756190064,53.12982538332339
,,grass,,23.0978049,53.12977275
,,grass,,23.096092748335668,53.129543412094456
,,grass,,23.09758705,53.12970180000001
,,grass,,23.09606749706067,53.129389666844595
,,grass,,23.096379250000002,53.12956555000001
,,grass,,23.09585695362521,53.12924901840516
,,grass,,23.096579745011937,53.12975256923479
,,grass,,23.09790066373148,53.126837468884936
,,grass,,23.097602855113813,53.12980026743498
,,grass,,23.097019225746646,53.12699049012603
,,grass,,23.09736923814758,53.129725126816496
,,grass,,23.09656690905659,53.12963540645132
,,grass,,23.098114907297983,53.12973280475716
,,grass,,23.095615857902203,53.12909322837978
,,grass,,23.098551901536037,53.12957904218899
,,grass,,23.0975637554037,53.12825909693601
,,grass,,23.098102708907135,53.12963240647172
,,grass,,23.09712080011125,53.12983061993309
,,grass,,23.096960905619124,53.12971372757367
,,grass,,23.09893351476132,53.130418352366206
,,grass,,23.09403425,53.12651225
,,grass,,23.0939689,53.1268268
,,grass,,23.093869100000006,53.12655405
,,grass,,23.094087166651423,53.126658345192006
,,grass,,23.093778703134358,53.12630374878949
,,grass,,23.094028888069136,53.126990080696125
,,grass,,23.094224448269447,53.127030792803986
,,grass,,23.094069838694836,53.127114260694995
,,grass,,23.146655700287326,53.13573531164226
,,grass,,23.146628664563405,53.13601163833677
,,grass,,23.14629215926086,53.13601501001222
,,grass,,23.122701560389554,53.121228853553006
,,grass,,23.12250350165226,53.12116615392017
,,grass,,23.12458910395787,53.119752279707654
,garden,grass,,23.119596415583146,53.117607527436626
,,grass,,23.12717488461122,53.11664655602106
,,grass,,23.125911900278993,53.118149297136604
,,grass,,23.12518787716371,53.118994259705964
,,grass,,23.126633404151693,53.11732201032514
,,grass,,23.126775488249734,53.11709070931394
,,grass,,23.130665013436126,53.11399566484708
,,grass,,23.12855018267597,53.11505168842362
,,grass,,23.129376658609004,53.11373646453945
,,grass,,23.12953655399915,53.114035677819416
,,grass,,23.12921090031472,53.11395916531891
,,grass,,23.12998815247754,53.113880564406415
,,grass,,23.12974993524211,53.11383150949787
,,grass,,23.095633627037728,53.12312242907494
,,grass,,23.093747448968397,53.12260934852092
,,grass,,23.094798281419607,53.12282371127532
,,grass,,23.096530239258392,53.12489334965972
,,grass,,23.096431251518748,53.12466416593211
,,grass,,23.095997346958733,53.12405319357725
,,grass,,23.095224509201778,53.12351762738465
,,grass,,23.096269440509463,53.124377646554485
,,grass,,23.09565645279406,53.12376464445707
,,grass,,23.091895016757658,53.12223058972831
,,grass,,23.093047513478318,53.12250984494622
,,grass,,23.13115681351168,53.13565657720142
,,grass,,23.11500332376716,53.12452406458138
,,grass,,23.11505414858835,53.12387122809825
,,grass,,23.201835208650607,53.11328314849896
,,grass,,23.200074300549634,53.10929398107329
Rezerwat Las Zwierzyniecki,nature_reserve,,,23.165182616156834,53.11526165457695
,,grass,,23.157011152793295,53.133433220468554
,,grass,,23.159130176125363,53.130701773129296
,,forest,,23.20796874317338,53.16102673711643
,,forest,,23.20460339289847,53.162672185931015
,,forest,,23.205490858001117,53.16562839244833
,,forest,,23.20278594877815,53.165063373878375
,,forest,,23.20996627464508,53.16613251998758
,,forest,,23.2052372879683,53.161201708799204
,,grass,,23.201902442997397,53.163780321112036
,,grass,,23.20221004446199,53.164246324816276
,,grass,,23.20146290762828,53.163458803365955
,,grass,,23.20178077139426,53.16380558303375
,,grass,,23.201640323821294,53.1636532667338
,,forest,,23.065658437156088,53.09762336088327
,,forest,,23.060908800646498,53.10587539413507
,,forest,,23.073462742646026,53.11240775954564
,,forest,,23.07265472740294,53.11533941952757
,,,grassland,23.096385433929154,53.11587252595643
,,forest,,23.190498016434653,53.119535017326
,,grass,,23.11971528048386,53.13535816777084
,,,grassland,23.168835866400155,53.15738133238945
,park,,,23.162228070632533,53.12959249524497
Bulwary Ireny Sendlerowej,park,,,23.165741362774316,53.13421700818312
Bulwary księdza Aleksandra Chodyki,park,,,23.1673700885865,53.13364213893175
Bulwary księdza Stanisława Hałko,park,,,23.16546130293699,53.13473570881247
Skwery Tamary Sołoniewicz,park,,,23.160181450714663,53.136830700118054
,park,,,23.20459192836239,53.19831930456073
,,forest,,23.227916509532164,53.17563120263583
,,forest,,23.233235830984167,53.18156618190116
,,forest,,23.24330748780717,53.158444164930316
,,forest,,23.25179052445466,53.13611456392431
,,forest,,23.235009390357238,53.144896748965756
,,forest,,23.243602969946135,53.13341594443309
,,forest,,23.237651091051784,53.16177367503123
,,forest,,23.204059302308984,53.14509469677802
,,forest,,23.20165916980016,53.1558894750851
,,forest,,23.197490335001994,53.15424278665713
,,forest,,23.063858464030247,53.14046380108507
,,forest,,23.15476401447872,53.17997388808868
,,,wood,23.167475058061417,53.18667070275604
,,forest,,23.16872694127712,53.18593927644694
,,,wood,23.155559126907427,53.18296616784845
,,grass,,23.138512273530637,53.10257290874487
,,grass,,23.179180694811965,53.122490415484556
,,,wood,23.25065273231736,53.108650755704524
,,grass,,23.16389639410925,53.125466905834834
,,forest,,23.06260050003394,53.15617289466505
,,forest,,23.0844569522593,53.20026310796873
,,forest,,23.07753266481701,53.19997709110954
,,,wood,23.153809027761753,53.150962204220505
,,,wood,23.16094360885126,53.1235909659005
,,,wood,23.162764285758513,53.123494264364055
,,grass,,23.15458620676383,53.130793200690114
,,grass,,23.150862296374697,53.13121908687834
,,grass,,23.223279651054785,53.16377195671689
,,forest,,23.221104499640827,53.16391431206777
,,forest,,23.224970885312906,53.16588804084711
,,forest,,23.140711164325793,53.18343598139294
,,forest,,23.145594428677263,53.17925718911633
,,forest,,23.120298294515095,53.17441729836392
,,forest,,23.12651546559917,53.083858631245846
,,forest,,23.124235446331966,53.08136418379935
,,forest,,23.12356333495802,53.08380095459785
,,forest,,23.123969152125,53.077464831662304
,,forest,,23.237286383259985,53.12696211058798
,,grass,,23.111368914748915,53.14634579002165
,,grass,,23.110496860112534,53.14673360652309
,,grass,,23.19387851173377,53.13265720725931
Park im. Jadwigi Dziekońskiej,park,,,23.142107352627892,53.13523185692936
,,grass,,23.18528847787926,53.13731251818214
,,,wood,23.176347366848614,53.126905019850774
,,grass,,23.178086681961943,53.126438298212726
,,grass,,23.179551786807448,53.12588035870689
,,grass,,23.179936539911715,53.125674683068944
,,forest,,23.07048538714875,53.09550495083215
,,grass,,23.17593076318859,53.14157594624399
,,grass,,23.174421865243527,53.14131541925174
,,grass,,23.093796648717632,53.12572211262335
,,grass,,23.093675773792263,53.12602359494848
,,grass,,23.093644745464495,53.1259414825763
,,grass,,23.093589730062515,53.12578102838973
,,grass,,23.09374063014605,53.1262078859353
,,grass,,23.093970293082002,53.125663232062664
,,grass,,23.09361364292395,53.125854621189994
,,grass,,23.093547877341305,53.1256574931232
,,grass,,23.15481437229132,53.13266896324715
,,grass,,23.16927355019445,53.12805147395204
,,grass,,23.16922237286788,53.128117375275714
,,grass,,23.120886767232363,53.12341331465153
,,forest,,23.243030640550753,53.112495339941994
,,forest,,23.24224359729615,53.09508281823719
,,grass,,23.170271101881873,53.13067657395336
,,grass,,23.170095606612524,53.13082776298181
,,grass,,23.15208964930526,53.15833609205167
,,grass,,23.152066930865463,53.158162350384266
,,forest,,23.108443686600136,53.117187401635064
,,grass,,23.176743629492748,53.13472467652854
,,grass,,23.188559448954123,53.12953480354094
,,grass,,23.188253933790417,53.12977477459568
,,grass,,23.14678307062178,53.13494580643836
,,grass,,23.14639202283038,53.134522701424466
,,grass,,23.161308123539346,53.1335154872472
,,grass,,23.146456464461522,53.13521948063111
,,grass,,23.18101809212693,53.12781700445544
,,grass,,23.146530140989828,53.13438515072823
,,grass,,23.181989519359767,53.128193295490796
,,grass,,23.13141341655848,53.14470125537091
,,grass,,23.184393903456133,53.12544290400607
,,grass,,23.184032158137583,53.125748647321764
,,grass,,23.1811168268534,53.12426630634106
,,grass,,23.16676759520294,53.13183404499189
,,grass,,23.16660166356499,53.13173419585064
,,grass,,23.165838323203936,53.13162483364512
,,grass,,23.184198869016566,53.13081858790258
,,grass,,23.187716706458566,53.130078740106875
,,grass,,23.188150088887042,53.12983321985541
,,grass,,23.186878431883887,53.13041177297466
,,grass,,23.187909626862112,53.12997930744733
,,grass,,23.186367896817,53.130540778375625
,,grass,,23.187431841831906,53.13021064635167
,,grass,,23.182954914536086,53.13094241690203
,,grass,,23.185757187918487,53.13066259636735
,,grass,,23.18621274238263,53.13058902799874
,,forest,,23.19978841360732,53.055299577814715
,,grass,,23.148400742666787,53.150210445314286
,,grass,,23.1480606319029,53.15062462270896
,,grass,,23.15134863113554,53.143729630855965
,,grass,,23.15186456051012,53.14365704078975
,,grass,,23.15146531189085,53.14408814862838
,,grass,,23.152061031779287,53.14380070882557
,,grass,,23.15112006600855,53.14414593226371
,,grass,,23.151501324676694,53.14388965890487
,park,,,23.207474265616487,53.19940223076889
,park,,,23.20641056582336,53.1993880383844
,,grass,,23.19106640671677,53.13281119469276
,,grass,,23.1917535046219,53.133115429977586
,,grass,,23.191339825269946,53.13314204177404
,,grass,,23.161654947184644,53.12450377597221
,,grass,,23.147317225417726,53.11843330446089
,,grass,,23.15579897229388,53.15319874087879
,,grass,,23.111715854894143,53.15970041782016
,,grass,,23.10214525421776,53.16024168523952
,,grass,,23.18189207935463,53.131004298578084
,,grass,,23.182036226697473,53.13096836418198
,,grass,,23.18226774568288,53.130830724330515
,,grass,,23.106550303994414,53.125669525060296
,,grass,,23.10691268293118,53.12559356556876
,,grass,,23.112212857068442,53.12507648239531
,,grass,,23.106989406588163,53.12601891193269
,,grass,,23.1118282257415,53.1247105940548
,,grass,,23.112648922058984,53.12459698216646
,,grass,,23.11259364252646,53.12465219089859
,,grass,,23.111317995639958,53.12482681449789
,,grass,,23.110640234131328,53.12489329952261
,,grass,,23.11133708812796,53.12477844206443
,,grass,,23.10701469875229,53.12622324466569
,,grass,,23.113034383366827,53.12459099338719
,,grass,,23.111772087246994,53.124764958324505
,,grass,,23.113810616094774,53.12488117362481
,,grass,,23.112223344991982,53.12465711296487
,,grass,,23.112171932119477,53.1247114858595
,,grass,,23.114805883019553,53.124189652921
,,grass,,23.11092146722482,53.12488213646319
,,grass,,23.11558739960188,53.12506387784364
,,grass,,23.11327878312221,53.1245094612787
,,grass,,23.113478333908837,53.124527981257756
,,grass,,23.114187318573855,53.12433951212323
,,grass,,23.1109021675663,53.12483956868522
,,grass,,23.108805745310722,53.1255390122947
,,grass,,23.20250613104087,53.164146619413444
,,grass,,23.1709628,53.1266274
,,grass,,23.170885744877427,53.12660025889336
,,grass,,23.17090715451842,53.12677287223401
,,grass,,23.182291473836898,53.1310720254765
,,grass,,23.149796525472677,53.125214367455
,,grass,,23.162409896417298,53.13598597306657
,,grass,,23.16343600680604,53.135750250633706
,,grass,,23.16373904630435,53.13614560849882
,,grass,,23.163392583601137,53.135617531535644
,,grass,,23.132368402448826,53.154653884725946
,,grass,,23.109595262902527,53.140848858350566
,,,grassland,23.11625290063418,53.14006943871064
,,grass,,23.11007145009058,53.139644085679656
,,,grassland,23.079572635198875,53.12012855254546
,,grass,,23.069072622054183,53.11614519032178
,,forest,,23.22335255979219,53.17627256106044
,,forest,,23.229833988057347,53.17097053263238
,,grass,,23.155728131806974,53.14066684465577
,,grass,,23.1552697083657,53.14055263361768
,,grass,,23.15561984500969,53.15533409814007
,,grass,,23.155112820524636,53.15554547202898
,,grass,,23.155219561158244,53.15548081782149
,,grass,,23.155338455297496,53.15541060102264
,,grass,,23.155591638895235,53.15525410952092
,,grass,,23.1553010690819,53.155344000996756
,,grass,,23.155050034437973,53.155486918420216
,,grass,,23.15558265144873,53.155139148545864
,,grass,,23.155179116299674,53.15480975710191
,,grass,,23.155350911649364,53.1548255147359
,,grass,,23.155496096554824,53.15491227011641
,,grass,,23.154978505081555,53.15459828712263
,,grass,,23.154717913224754,53.15452998561974
,,grass,,23.154876093477842,53.15453709490235
,,grass,,23.154511936098093,53.15431332502737
,,grass,,23.15426952965331,53.1542577727949
,,grass,,23.15440642071446,53.15425216485202
,,grass,,23.154057162300802,53.15403791520502
,,grass,,23.15387771790633,53.15401465106867
,,grass,,23.153766847362057,53.15405776593111
,,grass,,23.15373377573728,53.153940889572645
,,grass,,23.153827540626878,53.15390111073809
,,grass,,23.153702921943882,53.154212065688085
,,grass,,23.153591957866983,53.15423080377849
,,grass,,23.153505272765557,53.15442721913777
,,grass,,23.153693052546448,53.154651170225485
,,grass,,23.154018486900664,53.15465470856309
,,grass,,23.153958359356174,53.15451061006659
,,grass,,23.154464931138317,53.154937094103985
,,grass,,23.154431481563112,53.1547971482661
,,grass,,23.154508117022168,53.154717541677854
,,grass,,23.154402963373407,53.15471134222618
,,grass,,23.155431136401482,53.15527717270526
,,grass,,23.15493538275899,53.15522831810317
,,grass,,23.154613923987956,53.15521378330856
,,grass,,23.154878898937174,53.155073382723806
,,grass,,23.154449804995238,53.155140900956795
,,grass,,23.154148845573488,53.154934633067064
,,grass,,23.154002764175466,53.154865948348835
,,grass,,23.154141173185042,53.15408669533893
,,grass,,23.15497372698856,53.15499475913354
,,grass,,23.15485378353265,53.1549887137566
,,grass,,23.15406876617011,53.15443686189955
,,grass,,23.153942087643408,53.15443162943476
,,grass,,23.153777498975355,53.15461153168057
,,grass,,23.15531073442038,53.155273439559224
,,grass,,23.1135157207132,53.17123673637132
,,grass,,23.117118917702236,53.16708459955349
,,grass,,23.11798733073057,53.16595349003334
,,grass,,23.117224821361756,53.16695666294303
,,grass,,23.117832890257915,53.166138277743634
,,grass,,23.11765340053007,53.16638082718893
,,grass,,23.11750162064852,53.166590502457225
,,grass,,23.088320496324435,53.148333943550675
,,grass,,23.088307196127076,53.14845513696558
,,meadow,,23.11515274434048,53.06216052843892
,,,grassland,23.196015083494387,53.13738581171494
,,grass,,23.140958657685797,53.122347962833686
,,grass,,23.196646040576354,53.131596825302495
,,grass,,23.19565110003731,53.131943829482175
,,grass,,23.195399223456945,53.132037080113875
,,grass,,23.195901949533923,53.13185299044322
,,grass,,23.19783239852332,53.13166440802763
,,grass,,23.1961670248001,53.131754657782096
,,grass,,23.196084283906348,53.13153474814659
,,grass,,23.19777057066242,53.131462648251876
,,grass,,23.19752845104362,53.13143600557729
,,grass,,23.194910093640317,53.13222868448257
,,grass,,23.194823969196662,53.132195468215365
,,grass,,23.194442537867047,53.13233816071304
,,grass,,23.195893601070864,53.13159414663106
,,grass,,23.197745958086056,53.13157203359731
,,grass,,23.195555835355297,53.131706413388
,,grass,,23.196332889277596,53.13169347754329
,,grass,,23.197236055400325,53.13145938914542
,,grass,,23.19430253216148,53.13225901647261
,,grass,,23.195129289480516,53.13213668545355
,,grass,,23.196944495036192,53.13150653674756
,,grass,,23.1957046668902,53.132005388510095
,,grass,,23.127901663020104,53.137750613605824
,,,grassland,23.219303693142365,53.14718711522945
,,forest,,23.22075833699348,53.14425516701142
,,grass,,23.12244246710239,53.14687151646829
,,grass,,23.121688569018776,53.147060654910234
,,grass,,23.11978244206447,53.146502077826895
,,grass,,23.160741060513796,53.128565781472325
,,grass,,23.16041289183391,53.12841341855847
,,grass,,23.159670849999998,53.128066199999985
,,grass,,23.161121839640096,53.128746418550605
,,grass,,23.100216445255334,53.132528372887265
,,grass,,23.123162046820198,53.150661251451474
,,grass,,23.121806232157425,53.14977394395114
,,grass,,23.1225604149809,53.1502379840016
,,grass,,23.19515404018096,53.10871396505495
,,grass,,23.194589639330037,53.10802632888008
,,forest,,23.097406711065588,53.0846764037842
,,grass,,23.165218615328296,53.12357045614864
,,grass,,23.165658076608796,53.12356017931483
,,forest,,23.22470536824246,53.17275726846371
,,forest,,23.234700336564604,53.17036846736609
,,forest,,23.247328691817923,53.16963486304049
,,forest,,23.239959222253997,53.171600917214484
,,forest,,23.22618947744107,53.17152234230476
,,forest,,23.221036008194535,53.174740732822364
,,forest,,23.218854775080594,53.17668183274511
,,grass,,23.181071602203225,53.124322487141704
,,forest,,23.15696291794645,53.09014865909546
,,forest,,23.0471167019282,53.1177650935593
,,forest,,23.078552311804216,53.09851080271301
,,forest,,23.07408363460886,53.114163430288514
,,forest,,23.105009145938606,53.094403669519934
,,forest,,23.111644234106873,53.09599724152578
,,forest,,23.102335100128553,53.0944085354847
,,forest,,23.10252167097588,53.091118641912715
,,forest,,23.109736558902426,53.09723177362709
,,forest,,23.104671156753245,53.08560843814819
,,forest,,23.100388285955248,53.089193894636246
,,forest,,23.23820310297459,53.12947495387653
,,grass,,23.086884997278208,53.121973443609114
,,forest,,23.13981211743307,53.10192132584598
,,forest,,23.115094904655027,53.06568808879018
,,forest,,23.17294932618482,53.07993510461206
,,forest,,23.160539058802033,53.08584129450805
,,forest,,23.100982144588926,53.079478648724866
,,forest,,23.15786840600469,53.08564148634395
,,forest,,23.091516412076878,53.070010386753516
,,forest,,23.181228598084918,53.08142607579515
,,forest,,23.101149369070974,53.07841281823599
,,forest,,23.096241462346665,53.066727343758735
,,forest,,23.08449885415245,53.06229129641639
,,forest,,23.193539940724474,53.08525178046639
,,forest,,23.09317552900825,53.07816792193982
,,grass,,23.196229798020777,53.13154735898194
,,grass,,23.153021896421528,53.12589758333751
,,grass,,23.152998694742774,53.12581019229937
,,grass,,23.24337483414078,53.15808240179593
,golf_course,,,23.11308710106326,53.131308959602315
,,forest,,23.08009637397238,53.19527609383258
,,grass,,23.10759878795277,53.140826055769246
,,grass,,23.107298846016477,53.140893460536326
,,grass,,23.107199901442257,53.1407129500064
,,grass,,23.107097454201725,53.140532412774405
,,grass,,23.106546394226243,53.14505832189218
,,grass,,23.1066483289429,53.14489756994503
,,forest,,23.05826787196573,53.13576496143932
Park im. Andrzeja Piotra Karolskiego,park,,,23.11352325871445,53.12912593107766
,,forest,,23.050443365554234,53.142805059328246
,,forest,,23.19574327244418,53.060077055348096
,,forest,,23.058294427154983,53.111827726905695
,,grass,,23.21252938335299,53.168846435385625
,,grass,,23.21219109156751,53.168648099311476
,,grass,,23.212008488904996,53.16877451470341
"Skwer Świętego Konstantyna Wielkiego, cesarza",,grass,,23.155068367797096,53.13245065035587
,,grass,,23.16451724094564,53.13983437058024
Plac Mordechaja Tenenbauma,park,,,23.14959339858294,53.137840332199
,,grass,,23.21473275755405,53.11400201926493
,,grass,,23.208390374128545,53.116277927959125
,,grass,,23.169037692798405,53.1385458718269
,,grass,,23.169578671619288,53.138890905567614
,,forest,,23.234647206471266,53.055977881717126
Dwór,park,,,23.23346214143785,53.05829403513425
,,grass,,23.20872358105,53.11995491104691
,,grass,,23.208648911656237,53.11964782265438
,,grass,,23.208748152890074,53.116249482630344
,,grass,,23.209162173103778,53.116352250743354
,,grass,,23.209477730689184,53.11649786794042
,,grass,,23.20957563087155,53.116680594476634
,,grass,,23.209293560436567,53.11751615864204
,,grass,,23.210149107886277,53.11607545605587
,garden,,,23.19714706095246,53.124948795794374
,,grass,,23.200518089573748,53.12172982544475
,,grass,,23.2000065591239,53.121622603668314
,,grass,,23.20101682020015,53.121834785604904
,,grass,,23.200917242319687,53.121880820280516
,,grass,,23.200493456280242,53.12184011427943
,,grass,,23.15526451488469,53.11880309820395
,,grass,,23.155300076222986,53.119313312322745
,,grass,,23.15559330580217,53.11911531737496
,,grass,,23.15411611739071,53.119351116368264
,,grass,,23.168333007670658,53.13680254880809
,,grass,,23.168525751191666,53.13657895931952
,,grass,,23.168598456284705,53.13646908712492
,,grass,,23.16870483132731,53.1364800064154
,,grass,,23.167862093156256,53.137100030576725
,,grass,,23.16785709198236,53.1372719062426
,,grass,,23.185248242098467,53.106376895533906
,,grass,,23.184902922568998,53.10685391016471
,,grass,,23.083108578619026,53.13545353239068
,,grass,,23.220270015396405,53.11622813777241
,,grass,,23.100729729158363,53.16170148595887
,,,,23.22520219902645,53.13075597126641
,,,,23.210393784670522,53.12941086693574
,,,grassland,23.22487037660765,53.13740300719003
,,,grassland,23.087983644696713,53.134011314435774
,,,grassland,23.09560984034002,53.13785423922579
,,grass,,23.187082952955688,53.13069990525253
,,grass,,23.187483759308375,53.13069552433205
,,grass,,23.187593778822833,53.13039641797152
,,grass,,23.18705743299527,53.13043304982067
,,grass,,23.188028807206166,53.13051737887542
,,grass,,23.186813175508597,53.13092605959708
,,grass,,23.187263499100542,53.13117961864284
,,grass,,23.187800313503846,53.13079619249742
,,,wood,23.098689242577827,53.07825195803158
,,,wood,23.067913836267195,53.065920827829466
,,forest,,23.059807840100476,53.060145243534095
,,forest,,23.053290843421344,53.05969088104228
,,forest,,23.105511964198108,53.04426494957786
,,grass,,23.195928428115103,53.132531897665764
,,grass,,23.196200400659627,53.132537523565915
,,grass,,23.196417469713502,53.132514218197926
,,grass,,23.196676491908743,53.13244765803444
,,grass,,23.19676709855351,53.13228868230621
,,grass,,23.19671845255218,53.13217258236213
,,grass,,23.19627624881517,53.13223840588999
,,grass,,23.19621051764868,53.13209501087627
,,grass,,23.196107643635294,53.13199835444512
,,grass,,23.196259094875202,53.13196397209051
,,grass,,23.196325801509712,53.13202276694263
,,grass,,23.195948887799066,53.13208273823353
,,grass,,23.19587866349082,53.13214679602106
,,grass,,23.19576571284167,53.13226367384441
,,grass,,23.195691497112865,53.132191426364145
,,grass,,23.195404511161126,53.13225295542154
,,grass,,23.195558164639387,53.132215383173545
,,grass,,23.195421842252767,53.13230827368533
,,grass,,23.195628742405162,53.13234570691701
,,grass,,23.19554822709118,53.132405624595094
,,grass,,23.19550327561824,53.132601606695225
,,grass,,23.196511915772554,53.13209173306541
,,grass,,23.19657841898633,53.13195246304437
,,grass,,23.19649966933672,53.131894892349536
,,grass,,23.196449778535108,53.131825782185096
Park poddworski,park,,,23.103099798946467,53.090262073783215
,,grass,,23.100827758626398,53.1308456635242
,,grass,,23.099427782393068,53.130560587277834
,,grass,,23.09977357775913,53.130494911201076
,,grass,,23.100063971331142,53.130432208586065
,,grass,,23.099510720271137,53.13075884158097
,,grass,,23.17378917142368,53.13728122190633
,,grass,,23.17238607485063,53.13961104234473
,,grass,,23.10043932648872,53.13066179444585
,,grass,,23.100458316936642,53.13084174362597
,,grass,,23.100248854876902,53.13087716261266
,,grass,,23.100181530098215,53.13077135584857
,,grass,,23.10026111232938,53.130965537690436
,,grass,,23.100524378325343,53.1310082955657
,,grass,,23.100571734055148,53.13118067727661
,,grass,,23.100409512960216,53.13132876925555
,,grass,,23.100042602981222,53.13126200696056
,,forest,,23.237964877010832,53.17021158012613
,,grass,,23.198417675408123,53.130934789554495
,,grass,,23.19827529598127,53.13115966447708
,,grass,,23.198528317592352,53.13114470555009
,,grass,,23.198689147363996,53.13113546480297
,,grass,,23.198859703147978,53.13105129691443
,,grass,,23.19885095252272,53.1308031639786
,,grass,,23.199085805522387,53.13100854738631
,,grass,,23.19902446667689,53.13070941708148
,,grass,,23.199401829186833,53.13083940948033
,,grass,,23.199126981182122,53.13031706589519
,,grass,,23.199602535384884,53.13058466549125
,,grass,,23.19671551422879,53.131315299999166
,,grass,,23.19705739566817,53.13123745694788
,,grass,,23.19725665768046,53.1312180612414
,,grass,,23.197453717006805,53.1311977380506
,,grass,,23.197590829807723,53.131047582576706
,,grass,,23.197553264604462,53.13088369589927
,,grass,,23.197514809359355,53.13073468712013
,,grass,,23.19630969332378,53.13129185620137
,,grass,,23.196189753321466,53.13117711363324
,,grass,,23.19605682515406,53.13103516935474
,,grass,,23.19601912894435,53.13085287426747
,,grass,,23.196334695000804,53.13096645232093
,,grass,,23.196619804274235,53.131102597993504
,,grass,,23.19660408133683,53.131145237284954
,,grass,,23.197023246285255,53.131088203181996
,,grass,,23.196915346924566,53.131044753976255
,,grass,,23.19725294841594,53.130988452238896
,,grass,,23.197262750291042,53.1310610371963
,,grass,,23.19720656416974,53.130772946397286
,,grass,,23.19699680761378,53.13074667519262
,,grass,,23.1968939950326,53.130612690127464
,,grass,,23.196028304974135,53.13062985246043
,,forest,,23.09558579442155,53.0626989213192
,,forest,,23.082709303192924,53.07308520146329
,,forest,,23.090030461564133,53.079408428286705
,,forest,,23.233176827833713,53.13697780270306
,,,wood,23.222383073288835,53.13450855348404
,,,wood,23.228287663585284,53.133275270775954
,,,wood,23.224868931221724,53.134419311391085
,,grass,,23.11864719039157,53.10881301490915
,,grass,,23.11910310146261,53.108850123256595
,,grass,,23.162624533544985,53.083583684092225
,,forest,,23.057378238831525,53.13397954501344
,,forest,,23.059970983023018,53.1259815973603
,,forest,,23.076539757413286,53.07518854847577
,,grass,,23.09422584892836,53.061405790789564
,,forest,,23.10052643866755,53.058339334037434
,,forest,,23.1454683386558,53.055264812069034
,,forest,,23.15359765194162,53.054180261061845
,,forest,,23.137033465599036,53.08276562222014
,,forest,,23.24813660072083,53.11459660141643
,,grass,,23.1894960274225,53.12903258237442
,,grass,,23.170684573707366,53.130361214610865
,,grass,,23.169499859454604,53.131310038916446
,,grass,,23.16987882619971,53.13091364606942
,,grass,,23.169566000635072,53.13115710605519
,,grass,,23.169104096346917,53.1315699452117
,,grass,,23.168652146655088,53.13174979159788
,,grass,,23.0912093,53.14805265
,,,grassland,23.137587374570877,53.15444019052731
,,grass,,23.143058394289255,53.105022172678225
,,forest,,23.121601414550593,53.169534648023664
,,,grassland,23.172448146440246,53.10600851267275
,,,wetland,23.077816725893268,53.08473326978365
,,forest,,23.19635215971198,53.06524883219226
,,grass,,23.15669285022559,53.14625274304309
,,forest,,23.248715620094515,53.147436246090344
,,forest,,23.248648198649896,53.149644082366066
,,,wood,23.24927272976607,53.1519169593395
,,grass,,23.212157124504582,53.14760213077715
,,forest,,23.228152117465488,53.15079724904467
,,forest,,23.14770281601368,53.110055249001526
,,grass,,23.193018033646986,53.12618228847014
,,grass,,23.188732925900286,53.129027398712395
,,grass,,23.189120778008707,53.129165230601416
,,grass,,23.189521412964552,53.12890429464188
,,grass,,23.189035258937984,53.128790371376084
,,forest,,23.07537649279089,53.11351580180233
,,,wood,23.105889007178984,53.142569301721274
,,forest,,23.21095434844571,53.174382808963294
,,,wood,23.14953527559063,53.120695160917286
,,forest,,23.09221880009594,53.196424449229916
,,grass,,23.163829603445198,53.140530466312015
,,grass,,23.1156812957138,53.14456030331807
,,forest,,23.109109747582806,53.14018774899091
,,,wood,23.247050346439522,53.183562752739476
,,,wood,23.23942544646195,53.18080644749841
,,grass,,23.128969368732122,53.115037950925036
,,grass,,23.057438545846804,53.05927791837367
,,meadow,,23.11372200319628,53.08758318768007
,,,wood,23.06005265043482,53.07996561499002
,,,wood,23.062273696375918,53.0739292055046
,,forest,,23.0494491851526,53.075727368750414
,,forest,,23.05213235370325,53.07271199675241
,,forest,,23.064082169917494,53.065079670251485
,,grass,,23.102384045764335,53.14070718230535
,,,wood,23.10733322827067,53.06993172729811
,,grass,,23.125799456758923,53.13649943004146
,,grass,,23.125694029278534,53.13664651999157
,,grass,,23.10867400680447,53.14120901623054
,,grass,,23.110073913385445,53.142880838027395
,,grass,,23.109594421205337,53.14244360842303
,,grass,,23.16641090068643,53.13087113398418
,,grass,,23.166253972123986,53.13085871007979
,,grass,,23.165815102635722,53.13120068426951
,,grass,,23.16587564165325,53.13129021376063
,,grass,,23.190892195440625,53.12811379714717
,,grass,,23.165041279889785,53.12762441051971
,,grass,,23.164991182737353,53.127781254642414
,,grass,,23.1647912,53.1279808
,,grass,,23.165143086790316,53.12812251618784
,,grass,,23.165569300000005,53.1286566
,,grass,,23.1657122,53.12872434999999
,,grass,,23.165863362091894,53.128610376090045
,,grass,,23.16581356450986,53.12848775056448
,,grass,,23.166135026944822,53.12823345190386
,,grass,,23.165951571743015,53.12814480600024
,,grass,,23.165615862335635,53.12840774265025
,,grass,,23.16627405881319,53.12820991847161
,,grass,,23.165647289046017,53.12823995142833
,,grass,,23.196063241982248,53.1200854557937
,,grass,,23.16240628718726,53.13237849108591
,,grass,,23.08743630913712,53.114680680622655
,,grass,,23.087211118472684,53.11493202455617
,,grass,,23.08846755881932,53.11354651290036
,,grass,,23.088222345721583,53.11381212791642
,,grass,,23.08782861043782,53.114245989993535
,,grass,,23.087665873194695,53.114420920658176
,,grass,,23.123385407530034,53.12905399784007
,,grass,,23.170365055282403,53.12986660146803
,,grass,,23.169908179703363,53.12968120729304
,,grass,,23.169621810185568,53.129587138346274
,,grass,,23.170543145281336,53.12994369038395
,,grass,,23.170396878661304,53.1299449038336
,,grass,,23.170288322954924,53.130055447830124
,,grass,,23.169997165192434,53.13024155731752
,,grass,,23.169891720820406,53.13004424242546
,,grass,,23.116172380350296,53.12526418896239
,,,grassland,23.126680631313967,53.15776393026054
,,,grassland,23.129851560353508,53.157254426422654
,,,grassland,23.129272176367238,53.15622697955436
,,,grassland,23.118496821936596,53.15840921158267
,,grass,,23.215601780013706,53.126473358561405
,,grass,,23.217912547759372,53.1269026619968
,,grass,,23.2182514743312,53.12684144246374
,,grass,,23.219429263726305,53.12741252999241
,,grass,,23.21888043218815,53.1278281761086
,,grass,,23.219088170854224,53.1275952068987
,,grass,,23.217413223699715,53.127438280632134
,,grass,,23.217649285019586,53.12766295253914
,,grass,,23.21782725498532,53.127401599869614
,,grass,,23.217845992296887,53.127583710293486
,,grass,,23.218129233406525,53.12709150054944
,,grass,,23.218113553028836,53.12728313616587
,,grass,,23.218379793402402,53.126982975413526
,,,wood,23.080846051250628,53.1062702279974
,,,wood,23.085810114311176,53.10639848959934
,,,wood,23.08140390888036,53.103761533692584
,,,wood,23.080488049138296,53.10508226617393
,,,wood,23.084808156349503,53.104427590855344
,,,wood,23.08739571596745,53.10537564176855
,,grass,,23.191081785320765,53.12186102231785
,,grass,,23.18904052386143,53.12250456469062
,,grass,,23.18734688133902,53.12303128601744
,,grass,,23.184804973355426,53.12399392486356
,,grass,,23.182567476485943,53.124680685391674
,,,wood,23.09136865548019,53.156403575839555
,,grass,,23.194286063166565,53.131060735427035
,,grass,,23.194038715820486,53.13103055387264
,,grass,,23.194025839919732,53.131174435226264
,,grass,,23.190449510609632,53.128118998273514
,,grass,,23.19171603994294,53.127976178889476
,,grass,,23.19098155234614,53.1282024904899
,,grass,,23.19133835499437,53.128175919727546
,,grass,,23.1932781270767,53.12797024543651
,,grass,,23.19333114486146,53.127918186168884
,,grass,,23.192855751029285,53.127863776092745
,,grass,,23.192530949999995,53.1281383
,,grass,,23.19267016283438,53.12812340972616
,,grass,,23.192456249583028,53.12810821582913
,,grass,,23.192670147554622,53.127877937774215
,,grass,,23.1927184415866,53.12798720879378
,,grass,,23.19239313697586,53.128019403108404
,,grass,,23.192379416722822,53.127905309317136
,,grass,,23.166654712079758,53.1164759291259
,,grass,,23.15473448761572,53.13347554713352
,,,grassland,23.236315815412564,53.148493799518505
,,,wood,23.22194566042953,53.15452963214418
,,,grassland,23.230822195195746,53.15601358553357
,,,wood,23.225458468374434,53.16054108918835
,,,wood,23.225048496906204,53.159523040703
,,,wood,23.223618955811116,53.16024243070887
,,,wood,23.232324772872765,53.1514493473735
,,,wood,23.23459999546871,53.150521428303264
,,,wood,23.231388201913333,53.149968765601834
,,,wood,23.228837729496075,53.1524766128674
,,,wood,23.235485795484983,53.153428165005586
,,,wood,23.237211792259906,53.15309911274128
,,,grassland,23.23409887108944,53.16669780783001
,,,grassland,23.234276907622416,53.162602074265116
,,,grassland,23.237275000703075,53.16551229096262
,,,grassland,23.23007318080313,53.164625886773436
,,,grassland,23.2257728095055,53.16541833001774
,,plant_nursery,grassland,23.228055371695497,53.16435244599094
Turowa,,,wood,23.233576886988473,53.16433117280533
,,,wood,23.237957301945023,53.1569232134032
,,,wood,23.23722997198857,53.1558947060014
,,,wood,23.232426914287128,53.15716518075703
,,,wood,23.229812201480097,53.15694232438325
,,,wood,23.22790647190299,53.15713064183724
,,,wood,23.228589848517302,53.15944874947673
,,,wood,23.237150819856797,53.157409959111035
,,,grassland,23.235689470979278,53.15890761881369
,,,wood,23.23433315046143,53.161916507278164
,,,wood,23.199792615415976,53.138379060662615
,,,wood,23.199341309091903,53.13795859090326
,,,wood,23.21729767344218,53.13986743518772
,,,wood,23.21709244524842,53.13883926339689
,,,wood,23.218774485025524,53.14119691240763
,,,wood,23.217692499596424,53.14128362034998
,,,wood,23.216572924983435,53.139667569801695
,,,wood,23.215877994829633,53.14022492631852
,,,wood,23.215510812838424,53.139126244446835
,,,wood,23.21815478544258,53.14000226701089
,,,wood,23.21916204519224,53.14001752470489
,,,wood,23.220185152209716,53.14006870673954
,,,wood,23.221182072407583,53.14011377244403
,,,wood,23.220433294413983,53.14147567136632
,,,wood,23.22174975866725,53.14116748316331
,,,wood,23.22323601597855,53.14011610777315
,,,wood,23.22060583514781,53.13939449628527
,,,wood,23.217952632026652,53.138664727693836
,,,wood,23.21891017486114,53.13882387450354
,,,wood,23.224591651711513,53.135804120153935
,,,wood,23.223148392321004,53.13734818520878
,,,wood,23.22154958303862,53.13735498413631
,,,wood,23.220502471354077,53.137313876240086
,,,wood,23.219559736479365,53.13755289519606
,,grass,,23.171167881629938,53.13314533861079
,,grass,,23.170861628372112,53.13304719330207
,,grass,,23.1716376257613,53.13368246646589
,,grass,,23.171211119945504,53.1334886707575
,,grass,,23.150762118182563,53.13095821348467
,,grass,,23.150599718125097,53.130589289728405
,,grass,,23.15065050621899,53.1302135660837
,,grass,,23.150150558083098,53.13042463749875
,,grass,,23.150334084877475,53.130406681869765
,,grass,,23.1505846150624,53.131084036638235
,,grass,,23.15051977144585,53.13119570244974
,,grass,,23.116019401422655,53.137626632144354
,,grass,,23.116004496760674,53.1379461232858
,,grass,,23.11583130681405,53.137658455007745
,,grass,,23.115605411272686,53.137876135235416
,,grass,,23.11521497581936,53.138075105767186
,,grass,,23.114261476629462,53.137043239953414
,,grass,,23.115011147861093,53.137795945091135
,,grass,,23.114799322324327,53.13753692402707
,,grass,,23.11415174091479,53.13747189069132
,,grass,,23.113969534611915,53.137569547085924
,,grass,,23.114619989222494,53.138145508191414
,,grass,,23.114765218605918,53.13805879071363
,,grass,,23.113831541981867,53.137659345568736
,,grass,,23.11375457493409,53.13770748445695
,,grass,,23.114198783645083,53.13812997233619
,,grass,,23.114937073270262,53.13795750853658
,,grass,,23.145894222454316,53.15972081109467
,,grass,,23.14106267268914,53.15969887803596
,,grass,,23.141457429837494,53.15975406882758
,,grass,,23.143060565098036,53.15971017417403
,,grass,,23.14175505748875,53.15970081994551
,,grass,,23.141884421350657,53.15985732880553
,,grass,,23.161023970572536,53.12676010495113
,,grass,,23.15860568755356,53.136837315566005
,,grass,,23.158519502541548,53.13714824174109
,,grass,,23.15841058531717,53.13733498897322
,,,grassland,23.199423336457645,53.161758893498906
,,,grassland,23.199779876477056,53.1616141525007
,,,wood,23.083854290344014,53.13131668807754
,,grass,,23.176998606093818,53.143208747722795
,,forest,,23.142222870099125,53.082460359485545
,,grass,,23.16615129880277,53.13064822559575
,,grass,,23.165887208632068,53.13052601239102
,,grass,,23.165563088740136,53.130469279098236
,,grass,,23.16498142383687,53.13093468091298
,,grass,,23.1654468407841,53.13119629410134
,,grass,,23.165185359469792,53.13107316801592
,,grass,,23.165199739772753,53.13131517493672
,,grass,,23.130179235990653,53.113967804908945
,,grass,,23.138597784775687,53.101684844958626
,,,grassland,23.206368271656732,53.10587264199654
,,grass,,23.09807274695646,53.15957820494314
,,forest,,23.148461260708892,53.1766772141934
,,forest,,23.14865656505222,53.17558972397906
,,grass,,23.15282757840439,53.1248627191179
,,grass,,23.152591908398097,53.12517415236482
,,grass,,23.152356599999997,53.12540825
,,,,23.22337005097769,53.127575454929016
,,,,23.214816232135735,53.13119621217136
,,,grassland,23.115923740501866,53.11164008107088
,,,grassland,23.117691941332946,53.112255535931766
,,grass,,23.137637037693555,53.1369600933048
,,grass,,23.137269035843943,53.13697792832902
,,grass,,23.136804082295384,53.13778274094781
,,,grassland,23.07433106107147,53.16103844284055
,,grass,,23.143250486598607,53.154663494516925
,,grass,,23.13362000446594,53.14520881802121
,,grass,,23.133532559740942,53.14505239548233
,,grass,,23.13470397170239,53.145722753182696
,,grass,,23.135611316017574,53.1464276863677
,,grass,,23.135324363194435,53.1465264761575
,,grass,,23.135788739693766,53.14636629654415
,,grass,,23.134830217089505,53.145667780298595
,,grass,,23.134537002068782,53.14544581581597
,,grass,,23.134462693137774,53.145727032909576
,,grass,,23.134583079282567,53.14565287634802
,,grass,,23.13475900001863,53.1459534523303
,,grass,,23.13564299339818,53.14662998137562
,,grass,,23.135835062860863,53.14627393517582
,,grass,,23.136421535886083,53.14725228280814
,,grass,,23.13657091527563,53.14719146449467
,,grass,,23.13753152905359,53.148518594667834
,,grass,,23.137434709922193,53.148808924216624
,,grass,,23.137018667420147,53.148161991491754
,,grass,,23.136892038992475,53.14817144550676
,,grass,,23.13723956058696,53.149347342055485
,,grass,,23.13744655028188,53.14973697488068
,,grass,,23.13790184508631,53.150097494287415
,,grass,,23.137802946555492,53.1487442969911
,,grass,,23.13770345131008,53.150116529937065
,,grass,,23.138002220739438,53.151602460486274
,,grass,,23.138431601933945,53.15257645084473
,,grass,,23.13873891875098,53.153511041533925
,,grass,,23.13816979590441,53.152385435985714
,,grass,,23.138146975857804,53.152844800654044
,,grass,,23.137874979747036,53.15181159063499
,,grass,,23.13776306594111,53.15128859383149
,,grass,,23.138776041152223,53.15270123263101
,,grass,,23.194196050785052,53.13585057814297
,,grass,,23.195018576755295,53.13512686344385
,,grass,,23.188968695983533,53.13702352773938
,,grass,,23.19420882079443,53.13440268073728
,,grass,,23.193894352934475,53.13432334240115
,,grass,,23.194054169450734,53.13452799410165
,,grass,,23.193280276229668,53.13410831340823
,,grass,,23.193056790874802,53.135429609871046
,,grass,,23.192076764287812,53.13504656194009
,,grass,,23.192113044907728,53.13490254892126
,,grass,,23.191820542133364,53.135044583489744
,,grass,,23.19174671409485,53.134907302570014
,,grass,,23.192492698587195,53.13503791625326
,,grass,,23.192824283731305,53.134991940952084
,,grass,,23.192705771415305,53.134328152803086
,,grass,,23.191863737183432,53.134265628632185
,,grass,,23.191733785487127,53.13349542019541
,,grass,,23.191967501250097,53.133547045505736
,,grass,,23.19232495244775,53.1335787707154
,,grass,,23.192426487538455,53.13319746523749
,,grass,,23.193144318608926,53.133334865051786
,,grass,,23.19393846170205,53.13398295805505
,,grass,,23.194325000469888,53.133983726504006
,,grass,,23.189588021683402,53.136652775352005
,,grass,,23.19180882944897,53.13612053218848
,,grass,,23.19077550528286,53.136484537654646
,,grass,,23.190022865504986,53.1361021160349
,,grass,,23.18957937866411,53.135933737207075
,,grass,,23.189889532123253,53.136010741411596
,,grass,,23.19029315484291,53.1361790091663
,,grass,,23.1903752114815,53.13608219188511
,,grass,,23.190819339757294,53.13576773063586
,,grass,,23.19197169981668,53.135328946752296
,,grass,,23.19125646865459,53.13449947654643
,,grass,,23.19072732810197,53.134389038097176
,,grass,,23.187097131280442,53.13497669972016
,,grass,,23.187680743383293,53.13499556698779
,,grass,,23.187986791599936,53.13493019405568
,,grass,,23.188246878284513,53.134944450476745
,,grass,,23.188583982535082,53.13483667357564
,,grass,,23.18794165297899,53.13481449888271
,,grass,,23.186844887307668,53.13475696119323
,,grass,,23.185501950650004,53.13479774894149
,,grass,,23.18569313830575,53.13470444356412
,,grass,,23.185169832430336,53.13487451133141
,,grass,,23.185745742887605,53.13499269817777
,,grass,,23.186264135155334,53.13493002155633
,,grass,,23.187179944068713,53.135205188599095
,,grass,,23.186959579338815,53.135600095053
,,grass,,23.187856285862697,53.13630335894895
,,grass,,23.187605889436867,53.13815570021825
,,grass,,23.187322275060982,53.13782927768268
,,grass,,23.18781127824558,53.13687816789182
,,grass,,23.187838364317,53.1373338538158
,,grass,,23.187190645586167,53.136734547953644
,,grass,,23.18679070985554,53.13671695392448
,,grass,,23.186880890375477,53.136984455848
,,grass,,23.186466911231957,53.13705165590877
,,grass,,23.185661770397775,53.137185359391644
,,grass,,23.186331948711295,53.13741676069048
,,grass,,23.186914148482344,53.1377852291032
,,grass,,23.18707789338296,53.13607414876411
,,grass,,23.186379518181138,53.13638267926361
,,grass,,23.18635768318632,53.136550959695604
,,grass,,23.191378281197228,53.13497598397608
,,grass,,23.19116292063234,53.13490562594993
,,grass,,23.189560475844505,53.135697623763306
,,grass,,23.18898471583369,53.135621345606246
,,grass,,23.189041637708986,53.13578280453396
,,grass,,23.18882399104746,53.1358471308796
,,grass,,23.188559978164037,53.13560081055933
,,grass,,23.18845152351753,53.135029955253685
,,grass,,23.18868218932032,53.134954100289214
,,grass,,23.189452634670626,53.134861658338764
,,grass,,23.191062379394307,53.13505207231382
,,grass,,23.1909399721884,53.13501785277208
,,grass,,23.19032952859929,53.135449667989334
,,grass,,23.189110820624965,53.13526743412989
,,grass,,23.18949267463421,53.13512698312141
,,grass,,23.189678413345458,53.135502156954594
,,grass,,23.190379385378016,53.1347932456748
,,grass,,23.161829180426153,53.13620962847254
,,grass,,23.16175183493823,53.13624949282099
,,grass,,23.156222438526225,53.139613308897694
Skwer Dobrego Sąsiedztwa,garden,,,23.155722470832455,53.13950374875387
,,meadow,,23.100058881932096,53.0619712330797
,,grass,,23.195856339979557,53.10370070212322
,,grass,,23.1968373164255,53.10511909768011
,,grass,,23.1952280503351,53.10313389182782
,,grass,,23.19593163906503,53.10403972652476
,,grass,,23.196206770198465,53.10437438061469
,,grass,,23.195804391642056,53.10389345093193
,,grass,,23.196054095109844,53.10392884941627
,,grass,,23.196223407760762,53.104129838153206
,,grass,,23.1963833,53.10433125
,,grass,,23.195474534006905,53.10322218368082
,,grass,,23.195645489053337,53.10344050565778
,,grass,,23.196843616428712,53.10488149644303
,,grass,,23.196566521706217,53.10454927209545
,,grass,,23.196325164304227,53.10451727135465
,,grass,,23.1966420095728,53.10488604569933
,,grass,,23.16723957602305,53.10631630727791
,,,grassland,23.170713196984146,53.108512057059265
,,forest,,23.226350252276728,53.06639671340502
,,forest,,23.220833140455255,53.06499890425655
,,grass,,23.211255599071368,53.13452007225051
,,grass,,23.19365432891064,53.135569969237785
,,grass,,23.153845751232048,53.12890313120931
,,grass,,23.1577195719957,53.12794681115706
,,forest,,23.07504261254043,53.182746050712595
,,grass,,23.122165825930285,53.14456214579572
,,grass,,23.12200352201469,53.14450599826954
,,grass,,23.122308378414033,53.144620189232654
,,grass,,23.1237893087354,53.107624328015795
,,grass,,23.123868492022098,53.107474699575235
,,grass,,23.123918161478993,53.10735942740999
,,grass,,23.12379358620106,53.10732112529571
,,grass,,23.123613380396204,53.10728663735453
,,grass,,23.123435819905175,53.10725133650194
,,grass,,23.123176581135205,53.1070991986389
,,grass,,23.12366592603329,53.10715191777428
,,grass,,23.123642979005684,53.10745507875019
,,grass,,23.12362276951841,53.10739762157137
,,grass,,23.12325064099496,53.107525505621915
,,grass,,23.123187503029815,53.10761297705663
,,grass,,23.12437801614743,53.10748363629188
,,grass,,23.124488530731146,53.10731933895151
,,grass,,23.124193034116235,53.107802120608135
,,grass,,23.124308488741374,53.10762340383781
,,grass,,23.124386871128454,53.10722619636875
,,grass,,23.124151600199376,53.10688251133935
,,grass,,23.12444031579654,53.10707835409425
,,grass,,23.12347499187032,53.1068757856574
,,grass,,23.123465972778902,53.10674462387092
,,grass,,23.123185652899654,53.10668302286105
,,grass,,23.122894235935227,53.10661784982468
,,grass,,23.122965807305757,53.10676821317597
,,grass,,23.122514266629445,53.1066728495371
,,grass,,23.12291317396554,53.10700419411537
,,grass,,23.122376306611873,53.107792723445115
,,grass,,23.124697059927165,53.10771154218129
,,grass,,23.12324059100695,53.10865087253808
,,grass,,23.123039896434868,53.10857775990523
,,grass,,23.12493645623628,53.10731108925016
,,grass,,23.125396352939166,53.1072729700243
,,grass,,23.125358700154013,53.10714052778957
,,grass,,23.127349288595806,53.10767109259304
,,grass,,23.12681374629186,53.107570599630726
,,grass,,23.126064729963993,53.107410629551424
,,grass,,23.127624827352214,53.10779001599429
,,grass,,23.12973050613924,53.10854006787131
,,grass,,23.129074641537713,53.10788339680921
,,grass,,23.12130841478948,53.10632428380281
,,grass,,23.12085446304413,53.10654429009875
,,grass,,23.12217965201198,53.10685752626194
,,grass,,23.122466549877313,53.1071717533708
,,grass,,23.1474550108821,53.135928939723534
,,grass,,23.13758509631776,53.13620169449882
,,grass,,23.13863567609964,53.13812774506541
,,grass,,23.13895514344819,53.137637038467155
,,grass,,23.138915651142057,53.13822791163966
,,grass,,23.138650536520277,53.13753033335755
,,grass,,23.137577323790868,53.13638054081341
,,grass,,23.138165198227995,53.13669550167642
,,grass,,23.13829236729917,53.13646924960928
,,grass,,23.141394727142643,53.13658890410969
,,grass,,23.141906689001395,53.13640923742441
,,grass,,23.142275839857575,53.13601681978011
,,grass,,23.14217959596907,53.13597519526329
,,grass,,23.14202064487066,53.13584027096534
,,grass,,23.141568539896525,53.135904881412365
,,grass,,23.14091591919328,53.135992133941755
,,grass,,23.091821326746405,53.12245893506708
,,grass,,23.094098057719428,53.12295562771548
,,grass,,23.164955269647344,53.13619117139583
,,grass,,23.09806384752155,53.11705323000835
,,grass,,23.11013716956267,53.11036605708408
,,forest,,23.09226775793442,53.138131583257625
,,,wood,23.119057432767757,53.10569838245415
,,forest,,23.10270377491908,53.108777555258726
,,forest,,23.09815424615404,53.11198575970659
,,forest,,23.101942281917434,53.11338296570048
,,forest,,23.09967274064704,53.11127689408781
,,grass,,23.149000897729263,53.130465454629196
,,grass,,23.1493192281127,53.13047152941035
,,grass,,23.149605665729368,53.13041936970779
,,grass,,23.14914622600823,53.130813917514416
,,forest,,23.090970826869757,53.06785342878336
,,forest,,23.06424439559695,53.06253936294781
,,grass,,23.135475756914825,53.13130109969283
,,grass,,23.13572124905761,53.13174912734097
,,grass,,23.135821014892677,53.13205582218551
,,grass,,23.136065145194266,53.13219980445021
,,forest,,23.049271214542983,53.0571438902398
,,forest,,23.100137527175505,53.0653188073582
,,forest,,23.103262602027012,53.06754486344941
,,forest,,23.1036858667461,53.07061977666149
,,forest,,23.104096527260698,53.07544735184334
,,forest,,23.088837337111034,53.19082800693821
,,forest,,23.089397344603775,53.18910513449437
,,forest,,23.090888790999543,53.19394078527156
,,,wood,23.233638628522524,53.184974872824995
,,,wood,23.224900744854068,53.1763529052664
,,,wood,23.2255860222143,53.17731906608197
,,,wood,23.218601097124367,53.18757202178018
,,grass,,23.213087766594434,53.16939146997903
,,forest,,23.200426929295983,53.14366366928164
,,,grassland,23.21559422576527,53.150810499955575
,,,grassland,23.211787737930067,53.15215372959335
,,,grassland,23.21005054000017,53.15351988918466
,,,grassland,23.211760200600697,53.15643867268427
,,forest,,23.203498534325554,53.15534505484118
,,,grassland,23.20765415109521,53.152991595942765
,,,grassland,23.217302855826137,53.15940160449381
,,forest,,23.20949064327701,53.162481542861016
,,,grassland,23.20608256644783,53.15978792635856
,,grass,,23.200181734985485,53.14995683451968
,,,grassland,23.193955607102783,53.16267354647225
,,,grassland,23.190550028549062,53.165031258979006
,,,grassland,23.198490234424565,53.153882472761524
,,forest,,23.190848022598107,53.156239841292326
,,,grassland,23.212698018854628,53.1525338902869
,,,wood,23.19068868788454,53.1996133061385
,,grass,,23.20055046963142,53.15525272372422
,,,grassland,23.204514128768476,53.153504862103105
,,forest,,23.207823889100105,53.175263454743735
,,forest,,23.206698615861317,53.17586120095914
,,forest,,23.196061340040046,53.17961906478873
,,forest,,23.19755531392547,53.181869696775394
,,forest,,23.203759501146695,53.18318154916179
,,forest,,23.204243028960423,53.18260894423312
,,forest,,23.20047833590732,53.17115784202267
,,,grassland,23.200024650548844,53.17209220134193
,,grass,,23.20018569420143,53.173181427196916
,,forest,,23.199003195462424,53.17493238829318
,,,grassland,23.20034139542986,53.1762198990286
,,,grassland,23.201388153751008,53.17560034979117
,,,grassland,23.201513665295312,53.17891347148728
,,forest,,23.23375830933329,53.193696838431634
,,meadow,,23.211410930016093,53.19101016835252
,,meadow,,23.196273956817276,53.187810016976755
,,meadow,,23.20542792994011,53.180384649006314
,,meadow,,23.200013042681288,53.18126397818213
,,meadow,,23.200846284057818,53.1840626510441
,,forest,,23.2078602407499,53.18369141969454
,,meadow,,23.21184589226824,53.1859149439426
,,meadow,,23.230968942455004,53.198915904930196
,,meadow,,23.210405500099057,53.19645840393083
,,meadow,,23.230571665675935,53.19739066287619
,,meadow,,23.18299233849999,53.19476173705504
,,meadow,,23.191666401079726,53.196261404393
,,meadow,,23.190337670274406,53.19318855286086
,,meadow,,23.2180781583451,53.1929822037013
,,grass,,23.22425946467485,53.129436092076546
,,grass,,23.22359388710971,53.12921487329922
,,grass,,23.223786649915553,53.12822103018207
,,grass,,23.22336970903005,53.128802834878364
,,grass,,23.22183389271727,53.13256938508415
,,grass,,23.222583249472557,53.13012055924931
,,grass,,23.22169653275031,53.12852708549955
,,grass,,23.22278582970484,53.12892041430357
,,grass,,23.223212218858375,53.1290715262658
,,meadow,,23.203701544050958,53.18683463112554
,,meadow,,23.1868349260694,53.18693319159906
,,meadow,,23.18224904695116,53.18869707907011
,,meadow,,23.17471924966706,53.1860237029696
,,grass,,23.178485525629295,53.19756723514584
,,meadow,,23.186900564222746,53.197745795928164
,,,wood,23.193092001561354,53.199248627071135
,,meadow,,23.192055427063615,53.20008569028308
,,meadow,,23.19421503472903,53.19873867773492
,,grass,,23.168089362746425,53.19371355774363
,,grass,,23.16933353381984,53.194179722825346
,,grass,,23.16951323590112,53.19387761851169
,,grass,,23.169231611230668,53.19304843013199
,,grass,,23.170266943786526,53.1926000925106
,,grass,,23.16514929330951,53.19370447046336
,,grass,,23.165452377313734,53.19392140401273
,,grass,,23.165693768762008,53.19374425223932
,,grass,,23.16185145325354,53.193029020501626
,,grass,,23.158488482447527,53.19286062282307
,,grass,,23.15618524404556,53.19280654695282
,,grass,,23.157623495496996,53.190368781596554
,,grass,,23.159918973282508,53.19191386111269
,,grass,,23.16609340800263,53.19372210023002
,,grass,,23.16212910231392,53.192510440914354
,,grass,,23.15671641123068,53.188570730132
,,grass,,23.156198739917073,53.18870733343604
,,grass,,23.156437464017333,53.188456626188284
,,grass,,23.153716454239973,53.19016333487561
,,,wood,23.15964256225837,53.19326575054329
,,,wood,23.163129493540243,53.19305292962256
,,,wood,23.16103251806413,53.19273142062062
,,,wood,23.16444212059736,53.19313057600478
,,,wood,23.167108212045566,53.193228932038835
,,,wood,23.167055898571974,53.19386793808769
,,,wood,23.168606325528806,53.193156775899745
,,,wood,23.165540819108575,53.1924099727818
,,,wood,23.165642912407034,53.192099044213236
,,,wood,23.16665806624694,53.192591622721075
,,,wood,23.166825111140362,53.19217887016133
,,,wood,23.16644627493952,53.19201830974385
,,,wood,23.162585233563217,53.19211723929716
,,grass,,23.16019891562812,53.19222571178022
,,grass,,23.157615778148042,53.191616803838215
,,,grassland,23.157387756953767,53.18931003194554
,,,wood,23.155433616913463,53.191673619783955
,,,wood,23.158189188461467,53.19219126473733
,,,wood,23.157176200523196,53.193021752446505
,,,wood,23.15657123774298,53.19277682494648
,,,wood,23.15787545035199,53.19090622959997
,,,wood,23.156203791216605,53.1900023330419
,,,wood,23.15245422972716,53.1893043038308
,,,wood,23.153111218304343,53.19004852385714
,,,wood,23.154245122080276,53.189755475878925
,,,wood,23.155026881224128,53.190027443664235
,,,wood,23.15788283876637,53.19405257831854
,,,wood,23.155391133052845,53.193818547043996
,,,wood,23.16404618771556,53.19503615815525
,,,wood,23.16713596439685,53.195054299010316
,,meadow,,23.17245276952439,53.19297074037725
,,meadow,,23.173960853130282,53.19635260931356
,,meadow,,23.171994447742314,53.1944419237415
,,meadow,,23.158380821079948,53.19623670236249
,,meadow,,23.161877918882436,53.19723309285958
,,grass,,23.161928329974984,53.197442410220745
,,meadow,,23.165672375661888,53.19783227691758
,,meadow,,23.16875198126234,53.1967811532345
,,meadow,,23.17610910223395,53.19859412864656
,,meadow,,23.16552397836216,53.18684783512469
,,meadow,,23.167007257731324,53.18697147930024
,,,wood,23.1527846841443,53.184661501064696
,,,wood,23.15363771649769,53.185835371249944
,,,wood,23.157217985094025,53.186606416841194
,,meadow,,23.156128887864753,53.1865062098757
,,meadow,,23.156548056243214,53.18448982973454
,,,wood,23.163390131658986,53.18677517460404
,,meadow,,23.163930577456053,53.18732650105777
,,meadow,,23.162819841599536,53.18533826467009
,,meadow,,23.16107386799866,53.18717985414092
,,meadow,,23.159641215294684,53.186873580375
,,meadow,,23.159795336042098,53.18527303945133
,,,wood,23.159712647253233,53.18464620580689
,,,wood,23.157641170042282,53.184108590373995
,,grass,,23.14954446605364,53.18494178744655
,,grass,,23.15229278761182,53.1854408273232
,,,grassland,23.150992995729254,53.18265882174587
,,meadow,,23.14936823937843,53.18310659518283
,,,grassland,23.148103080337858,53.175422093100835
,,,wood,23.157500827162934,53.180710425540724
,,meadow,,23.16016743158325,53.1832483206762
,,meadow,,23.189691713873856,53.191425403083144
,,meadow,,23.23130461614391,53.20243565558478
,,meadow,,23.21596077863096,53.199915361693485
,,,grassland,23.14662817001929,53.18242974078126
,,,wood,23.14744693773873,53.184987558225195
,,meadow,,23.144881640047814,53.18490087596712
,,,grassland,23.131559900162408,53.18131666825821
,,,grassland,23.14237174012314,53.18196016263506
,,meadow,,23.183426339954266,53.202417109325864
,,meadow,,23.180441735435334,53.19971697963948
,,meadow,,23.156453988963747,53.19539809828172
,,grass,,23.14882511123068,53.188354730132
,,grass,,23.14944681205184,53.18852003775414
,,grass,,23.150850564500548,53.19028075641998
,,grass,,23.14872424529199,53.190729800959176
,,grass,,23.14598361123067,53.19094193013199
,,grass,,23.14994491257421,53.18943824498156
,,grass,,23.15041508874642,53.19216332086741
,,grass,,23.146727325630714,53.1911983540374
,,forest,,23.123018201541694,53.19323391109947
,,,wood,23.126042894208613,53.19347563859425
,,meadow,,23.125651613280795,53.193577460857774
,,meadow,,23.124047248427207,53.193702324031676
,,,wood,23.12866687445311,53.197158351391124
,,meadow,,23.128826191993653,53.196876886688116
,,meadow,,23.12925799592804,53.19703889256585
,,meadow,,23.130252945206347,53.19750972545146
,,meadow,,23.12945558322202,53.19633154831622
,,,wood,23.131003196589255,53.1946415934826
,,meadow,,23.13170406188784,53.19576429489137
,,,wood,23.13426127728475,53.19225890951859
,,,grassland,23.123887354183957,53.18508462396954
,,meadow,,23.11808257945154,53.18868556034902
,,,wood,23.108665818567577,53.19031831580922
,,meadow,,23.105727692924237,53.19105532733443
,,meadow,,23.10421690731729,53.19085634454179
,,,wood,23.101564636754667,53.19138521169397
,,,wood,23.099121815166356,53.19146496915782
,,,wood,23.096356865697164,53.19077970133278
,,meadow,,23.10335480460069,53.19193943400036
,,,wood,23.092792186382443,53.18926085056054
,,meadow,,23.09361777127914,53.189004266431006
,,meadow,,23.093852788307498,53.19021361855209
,,,wood,23.129828543059762,53.19225598308578
,,,wood,23.131958082233545,53.19401305387081
,,,wood,23.133345689195156,53.19403195223699
,,,wood,23.135599794203195,53.194715589064614
,,meadow,,23.134250795237683,53.196061628464236
,,meadow,,23.136338106966658,53.196316100769636
,,,wood,23.12792506804807,53.19238107763463
,,meadow,,23.128945162140052,53.195126636433066
,,meadow,,23.12037455847511,53.18905133728862
,,meadow,,23.121309442106163,53.19321011551997
,,meadow,,23.121288250198987,53.19203063726205
,,,wood,23.116902863108386,53.194419194087025
,,meadow,,23.116896776212794,53.194505588379734
,,meadow,,23.121882212587668,53.1949350384588
,,meadow,,23.119612576532845,53.19465572623933
,,meadow,,23.11871383142368,53.1958501878063
,,meadow,,23.12856850187984,53.19385751434466
,,meadow,,23.140379702575167,53.19520653993624
,,meadow,,23.148285359531656,53.19680337999197
,,meadow,,23.13227032704498,53.19752072240162
,,meadow,,23.13354456457719,53.19823197877767
,,,wood,23.131086255270255,53.19765454817189
,,meadow,,23.13819156652251,53.19797328333279
,,meadow,,23.136775952858354,53.20066230490509
,,meadow,,23.132754835473524,53.200227248162335
,,meadow,,23.11287492848227,53.19309129989417
,,meadow,,23.112534754844216,53.19421909416226
,,,grassland,23.12078420750542,53.1821623955412
,,,grassland,23.116688695408964,53.18060632247062
,,,wood,23.112639498277233,53.17863854611543
,,,grassland,23.1094153687451,53.17671468202892
,,,wood,23.11599094046209,53.17698414256592
,,,wood,23.13116634499452,53.17645002275439
,,,grassland,23.118133727608686,53.172748579555375
,,,grassland,23.11628808754087,53.174481826999966
,,,grassland,23.114903753475623,53.172555123756645
,,,grassland,23.11517068854556,53.17632053711413
,,,grassland,23.11668654349053,53.177881794111876
,,,grassland,23.119245804980807,53.17772506169129
,,meadow,,23.18896471107113,53.20117600983625
,,grass,,23.163332058569203,53.200008967923665
,,meadow,,23.162276794080274,53.20057375885507
,,meadow,,23.165459266278692,53.198927758120654
,,meadow,,23.164167645624666,53.199856793876926
,,,wood,23.12026281101968,53.183556626252454
,,meadow,,23.118776039308322,53.19051177996969
,,,grassland,23.1372493369162,53.181829569820884
,,grass,,23.133311836619622,53.18224531476955
,,,grassland,23.129404476519653,53.181188799802456
,,grass,,23.125310558950112,53.18205297076665
,,,grassland,23.122301853065245,53.17743295581761
,,,grassland,23.122802833258437,53.18001594451007
,,,grassland,23.12686301676717,53.17726957121686
,,,grassland,23.13078233348094,53.17687701751395
,,,grassland,23.13283261951574,53.17866414274857
,,,wood,23.135877571738238,53.178521270448904
,,,grassland,23.134531062481674,53.17974349924957
,,,grassland,23.135267202003924,53.17925337443296
,,,grassland,23.137378970391303,53.1784331179961
,,,grassland,23.143872874632283,53.17749032708482
,,,wood,23.14302578657129,53.17925290299235
,,,wood,23.14539818026874,53.17557612723859
,,meadow,,23.17212837009842,53.18164372371748
,,meadow,,23.179453830329823,53.18230352377721
,,,wood,23.1753264499445,53.1824203456931
,,,wood,23.17354560452447,53.183547297447994
,,,wood,23.172920379830316,53.18207669271476
,,,wood,23.177921945647473,53.18193553715391
,,,wood,23.182930196757976,53.181353148125666
,,,wood,23.18235673481722,53.179905522793966
,,,wood,23.1772383884771,53.18035555871248
,,,wood,23.18157596157522,53.18148415740413
,,meadow,,23.180247071944663,53.18031117258852
,,grass,,23.174871851063894,53.18062149091596
,,meadow,,23.106329221214935,53.19035731540508
,,,wood,23.249684113311496,53.19497365700886
,,meadow,,23.252021016346053,53.19450294491005
,,meadow,,23.25759883093112,53.19801146600745
,,,wood,23.244797222931446,53.193533572053184
,,meadow,,23.24623328922379,53.18820592229598
,,meadow,,23.24403777427244,53.18723309156422
,,meadow,,23.24382872314543,53.183761586617216
,,,wood,23.242703445375668,53.19065832334052
,garden,,,23.24160684161629,53.191966700609825
,,meadow,,23.241426963312364,53.19109454588129
,,meadow,,23.239790639166905,53.19409605244208
,,,wood,23.2440390651642,53.19437796085016
,,,wood,23.236750802412992,53.180523485767104
,,,wood,23.237608960274247,53.18033090841065
,,,wood,23.236202100388336,53.180875726095174
,,,wood,23.237417866602296,53.183039260543374
,,meadow,,23.21783773900948,53.20076990807989
,,,grassland,23.240366678540227,53.14762423986206
,,forest,,23.25081856301005,53.15085464116304
,,,wood,23.246484393280642,53.15134255329701
,,,wood,23.24728192987579,53.155130676114574
,,,grassland,23.24160252876604,53.14979718512145
,,forest,,23.24841581863111,53.14252927510626
,,meadow,,23.24586760552432,53.1484523091576
,,,wood,23.24305669594343,53.16931554005292
,,,wood,23.244281654999224,53.16652214238096
,,,wood,23.24374338613583,53.16565574857185
,,,wood,23.242328841412416,53.164920159762
,,meadow,,23.24314415333587,53.165073771631484
,,meadow,,23.24514044701118,53.16754115592511
,,meadow,,23.233765617560486,53.17259649502274
,,meadow,,23.245581389504654,53.162871269116714
,,meadow,,23.243662626928263,53.16056405345002
,,,wood,23.24342823831968,53.15961118906733
,,,wood,23.2484171719544,53.1573261366238
,,,wood,23.249645681542585,53.16032240737717
,,meadow,,23.24858676630661,53.16033362229123
,,meadow,,23.24845721609524,53.15634896911752
,,,wood,23.250503626521464,53.15473876158926
,,meadow,,23.250846685869003,53.15434991215393
,,meadow,,23.246947037302572,53.154753561094125
,,,wood,23.249540236538216,53.1556680630662
,,meadow,,23.25007741616521,53.15138291203281
,,,grassland,23.23521702751188,53.13505647129508
,,,grassland,23.22846573732807,53.1315376581668
,,meadow,,23.237218453111772,53.13262319378288
,,meadow,,23.235614380051885,53.127227897957766
,,meadow,,23.23826588206674,53.12716245656541
,,meadow,,23.23530928535118,53.12471177553805
,,meadow,,23.242888934362732,53.12148943134224
,,forest,,23.24999376423887,53.1200253885333
,garden,,,23.250552932070534,53.122127299967616
,,meadow,,23.252538149922348,53.12192574312014
,,meadow,,23.24180466886795,53.12793618797774
,,,wood,23.24297792534024,53.128808260578616
,,,wood,23.247961306166104,53.13319155866795
,,,wood,23.244070094682968,53.120623565003186
,,,wood,23.2482683046903,53.11907182320351
,,meadow,,23.249405321000108,53.11878711873445
,,meadow,,23.247138696222695,53.11936084376185
,,meadow,,23.243166558965257,53.11931605564033
,,,wood,23.242730832255774,53.118363673403806
,,,wood,23.240725484976178,53.12035249315003
,,meadow,,23.239309271431093,53.119519235374575
,,,wood,23.24108566315496,53.1193158454493
,,,wood,23.236003100425943,53.1217115443585
,,meadow,,23.237478139633787,53.121510742886564
,,meadow,,23.235440958844226,53.118596462477555
,,grass,,23.23535747785496,53.12200316529926
,,grass,,23.235215938611947,53.12081785935213
,,meadow,,23.225316664765057,53.1160157637167
,,,wood,23.23116013987373,53.1181729996138
,,,wood,23.23269890825731,53.1177638516141
,,meadow,,23.24485628330725,53.117262082989456
,,meadow,,23.247273375012632,53.11682922971492
,,meadow,,23.247480102935356,53.11566233086165
,,,wood,23.24549313652291,53.11539243636551
,,meadow,,23.244143563019172,53.1148110037913
,,meadow,,23.24176442752161,53.116244128659105
,,meadow,,23.235506590965887,53.11582293790568
,,,grassland,23.23770784429627,53.10838146084697
,,,wood,23.22725268768797,53.11385582100216
,,,wood,23.232022458758554,53.11238854404382
,,,wood,23.234440053693305,53.11344120210477
,,,wood,23.234960438383002,53.11308097639232
,,,wood,23.23260374460414,53.10755345099359
,,,wood,23.238677768480166,53.10360282077787
,,,wood,23.239618693800683,53.10775857666327
,,,wood,23.244921603441092,53.10747335599134
,,,wood,23.246259110221313,53.10697171381534
,,meadow,,23.24559050315331,53.10743223716739
,,meadow,,23.24506044824969,53.101030687563345
,,meadow,,23.24798187406598,53.103787930766
,,,wood,23.248661684536266,53.104607750709334
,,,wood,23.24611386664612,53.10586878852488
,,,wood,23.2459228178953,53.105442303456925
,,,wood,23.25011203561099,53.10385228300173
,,,wood,23.24586265241134,53.11044011394306
,,grass,,23.16314199570603,53.13520277613182
,,grass,,23.163881275530546,53.134857839504136
,,grass,,23.165072686685626,53.135502870983906
,,,wood,23.245308605020444,53.112773869487725
,,meadow,,23.24205584181551,53.11354395027638
,,meadow,,23.24407457352299,53.1130499747526
,,meadow,,23.245447717322193,53.11203069996743
,,meadow,,23.251398136568838,53.11051426186654
,,meadow,,23.250999892969165,53.112517795266854
,,meadow,,23.25192346228614,53.10277252639813
,,meadow,,23.25015272016123,53.10182573540105
,,meadow,,23.24939497574308,53.100876550979564
,,meadow,,23.250163780532443,53.09908277558336
,,meadow,,23.25195665497735,53.09780033831858
,,,wood,23.247695080257923,53.09701556528334
,,meadow,,23.24659963828973,53.097409519830826
,,,wood,23.24713651560967,53.09932358839181
,,meadow,,23.230952299854096,53.10377831581405
,,meadow,,23.22927161930012,53.102499073032625
,,meadow,,23.230560163840465,53.09920866989305
,,meadow,,23.25016066098409,53.11478543852782
,,,wood,23.180855266991088,53.089976051431755
,,meadow,,23.169273933635637,53.090268777596656
,,,wood,23.162341809181996,53.09193864536879
,,,wood,23.167370555189525,53.09186728666518
,,meadow,,23.16735177928217,53.09132297247005
,,meadow,,23.164474754379583,53.089396329640806
,,meadow,,23.162203758255757,53.089085810019206
,,,wood,23.160812983022225,53.089009358697524
,,,wood,23.16112528303111,53.09018640418106
,,meadow,,23.160448739991526,53.090419073459756
,,,wood,23.1670268413286,53.088641114960076
,,meadow,,23.168825115692695,53.08776485916385
,,meadow,,23.165517384429744,53.08729774711994
,,,wood,23.156445899097164,53.08793992193459
,,grass,,23.158072778585275,53.08516191306326
,,meadow,,23.170289572290383,53.085788789520784
,,meadow,,23.173457547403874,53.089711682108224
,,meadow,,23.175807849916634,53.08896483993897
,,,wood,23.178188993715274,53.09027960229627
,,,wood,23.176935091239525,53.09008105978661
,,meadow,,23.179830717517504,53.08741091474588
,,,wood,23.17684114059333,53.08628086091722
,,,wood,23.18067275447864,53.086578647135916
,,,wood,23.182744599639044,53.08610538300257
,,meadow,,23.179535040580685,53.085421254526445
,,meadow,,23.18582738743029,53.08503542569234
,,,wood,23.186739452799777,53.08507384921577
,,,wood,23.187502027656535,53.084340692776294
,,meadow,,23.18697262237992,53.083511027822446
,,,wood,23.188313700561153,53.08293417869541
,,meadow,,23.19286626740845,53.082003682590404
,,,grassland,23.199105491702067,53.081731152746215
,,meadow,,23.198681976896093,53.08363858277139
,,meadow,,23.194856725715237,53.08035790338279
,,,wood,23.193995855502088,53.08054807503463
,,,wood,23.194993735077098,53.08026759185471
,,meadow,,23.18387976168187,53.083364981404515
,,meadow,,23.180845998051346,53.08321034902342
,,meadow,,23.173708957718215,53.083396857697764
,,meadow,,23.16465240807683,53.07800832562713
,,,wood,23.16144119212544,53.06930140840644
,,meadow,,23.160206325912583,53.08228401379817
,,meadow,,23.15610739497519,53.079799740259276
,,meadow,,23.14937517816629,53.08174970291266
,,,wood,23.1485081802255,53.079902629440184
,,,wood,23.149069386817768,53.082657423101445
,,grass,,23.14790172468576,53.082530625956124
,,,wood,23.148259996729305,53.0833505162604
,,,wood,23.14548789045538,53.07880163814175
,,,wood,23.14482679393814,53.077392111824544
,,meadow,,23.138156143408835,53.0811158351672
,,meadow,,23.13525265174596,53.081265481971585
,,meadow,,23.132873450633745,53.08094806293437
,,meadow,,23.131310535981093,53.07979911756408
,,meadow,,23.127371448437383,53.081224610156305
,,,wood,23.127452194401734,53.08009196366338
,,meadow,,23.126762070727363,53.08601208763645
,,,wood,23.130216154879395,53.09049255196631
,,meadow,,23.12463432100748,53.08676078866052
,,meadow,,23.12935989340769,53.07748987846145
,,meadow,,23.12972533951447,53.078845834298434
,,,wood,23.12797678933177,53.0771278401677
,,meadow,,23.134730500767745,53.08398985521538
,,,wood,23.134299623091213,53.08365539943922
,,,wood,23.13491950885243,53.085434720261674
,,,wood,23.139149875108554,53.08473184976987
,,,wood,23.136810337787733,53.08428878926318
,,meadow,,23.13894043851675,53.083578025690855
,,meadow,,23.138629370746852,53.08262821192023
,,meadow,,23.143476905456406,53.08260944075199
,,,wood,23.14126788797982,53.08448985285543
,,,wood,23.143164520690984,53.084217131650924
,,,wood,23.144102242894668,53.07823251769801
,,,wood,23.148254185099088,53.078149804693744
,,meadow,,23.14780521051374,53.07858096375261
,,,wood,23.147755160743934,53.07647922958202
,,,wood,23.14955414399834,53.07595758510309
,,meadow,,23.140174391369026,53.077037933177415
,,meadow,,23.139063533358275,53.07088004434895
,,meadow,,23.13872448037247,53.07242196192924
,,,wood,23.1463544555245,53.07358560906723
,,,wood,23.14719974225764,53.07262847534987
,,,wood,23.15014959362018,53.07384210703079
,,,wood,23.14813108007462,53.07256654225019
,,,wood,23.14927438416469,53.07266532681226
,,forest,,23.15052113872214,53.06990502940537
,,forest,,23.151884635040087,53.071016031573045
,,forest,,23.15427664841729,53.07206328380358
,,,wood,23.1558006151364,53.07163713492981
,,,wood,23.154168075319625,53.07062505853309
,,meadow,,23.152890628973598,53.070224764699404
,,meadow,,23.14718489712228,53.06808180287484
,,meadow,,23.14568215232537,53.07196827330905
,,,wood,23.146255006845596,53.07167846839881
,,meadow,,23.141416268905378,53.07260866188013
,,meadow,,23.14527287520373,53.074284023942205
,,meadow,,23.149162231335232,53.073750763076255
,,,wood,23.14456124749328,53.076116347337475
,,meadow,,23.147363825391917,53.07567619975993
,,meadow,,23.150432393975258,53.07660919527009
,,meadow,,23.1342472672121,53.078833231406676
,,meadow,,23.134202216060974,53.07683771495925
,,meadow,,23.13497809074508,53.07416958110926
,,,wood,23.136275818748093,53.065568926182706
,,meadow,,23.136270263009575,53.06744275941096
,,,wood,23.128864425959044,53.070726443858256
,,,wood,23.128555795664752,53.071308338799355
,,,wood,23.12900938716409,53.071532273808515
,,,wood,23.129507725577675,53.06989235085837
,,meadow,,23.130464760095222,53.063857057272685
,,,wood,23.130734628352577,53.06645326067934
,,meadow,,23.131982866414837,53.0667592202832
,,meadow,,23.128821373362477,53.07487426163548
,,meadow,,23.17023160588009,53.08244481419333
,,,wood,23.177893856233396,53.07555895142356
,,,wood,23.17751985387792,53.07648711832148
,,,wood,23.187577671620897,53.08085925088811
,,meadow,,23.188195102159735,53.08147889859712
,,,wood,23.18104580288541,53.078922066622255
,,meadow,,23.183417507238296,53.08079109192539
,,,wood,23.176800129014595,53.08074021946826
,,,wood,23.17532151102321,53.08203599995436
,,meadow,,23.173990940855028,53.082134915401745
,,meadow,,23.177699929121825,53.081780563428815
,,,wood,23.17954435373171,53.07952269433164
,,meadow,,23.17973825219056,53.080369100214014
,,meadow,,23.187677377204697,53.07798130354528
,,meadow,,23.187884751630392,53.07906088646986
,,meadow,,23.191961265263984,53.07972125379917
,,meadow,,23.19092792657966,53.0787946105515
,,,grassland,23.201566170563282,53.079635526716146
,,,grassland,23.204069485643863,53.08355464352088
,,,grassland,23.20796591277353,53.08389941098631
,,,wood,23.207437541523745,53.08288859016777
,,,wood,23.215038697919397,53.08403641562574
,,,wood,23.2160844172029,53.08230275305755
,,,wood,23.214655465997556,53.08193242716261
,,grass,,23.15933717704798,53.13377253657079
,,,wood,23.21362782460053,53.08133831071864
,,,wood,23.218841540019497,53.07952177458032
,,meadow,,23.218043986581574,53.078263109492916
,,,grassland,23.21760831267855,53.07989161771344
,,,grassland,23.21220969686732,53.081307782600554
,,,grassland,23.21443910912505,53.08104266907702
,,,grassland,23.209930220673947,53.079825971369765
,,,wood,23.207640964587796,53.0809716012909
,,,grassland,23.204312624678785,53.081306755598156
,,,grassland,23.214203642851565,53.08484666744449
,garden,,,23.21524251201388,53.084555938986014
,,,grassland,23.215806543358216,53.083660879630976
,,,grassland,23.214375587557257,53.08298641228541
,,,grassland,23.218212004374944,53.08311516822533
,,grass,,23.070000305583545,53.165285979510955
,,meadow,,23.04926446206664,53.177982329692725
,,grass,,23.202191603842234,53.13081256854588
,,grass,,23.117315905963995,53.154953672692606
,,grass,,23.115861547193365,53.1555226127398
,,grass,,23.115713922234047,53.15534849896993
,,grass,,23.115361594916372,53.155181009965936
,,grass,,23.115633841516946,53.15511884209833
,,grass,,23.115724644135835,53.15500824578454
,,grass,,23.11586491310551,53.15504965644859
,,grass,,23.11668248432045,53.154854612077564
,,grass,,23.116984327097224,53.154859530055774
,,grass,,23.11609089263532,53.154909579487985
,,grass,,23.116314927154576,53.15511912323053
,,grass,,23.116497163533023,53.15529448326543
,,meadow,,23.16816094097997,53.19941533996428
,,grass,,23.156857975665865,53.19895577184917
,,grass,,23.156761750453665,53.19882957577209
,,forest,,23.157136303903133,53.199384102481716
,,,wood,23.160323258534746,53.1997091569215
,,meadow,,23.159386361382385,53.20016293879723
,,meadow,,23.155330103359947,53.201428120972174
,,grass,,23.1540083169942,53.20127346822374
,,meadow,,23.153405592097148,53.200579096888355
,,meadow,,23.152480907289764,53.19960621820244
,,meadow,,23.151578864810833,53.19993308288126
,,meadow,,23.150654343918788,53.20023445345414
,,,wood,23.104928519339296,53.199627883909876
,,meadow,,23.100998263479447,53.20132060045871
Słominiak,,forest,,23.06882544454222,53.12279592278775
Park Lubomirskich,park,,,23.204859022818145,53.110445605437704
Las Komunalny,,forest,,23.222585162733175,53.10567002187228
,,forest,,23.221776157819477,53.10172058422046
,,forest,,23.116462986554765,53.10521135109436
,,meadow,,23.10026117628913,53.09811626028705
,,forest,,23.108229421711904,53.10771186252716
,,forest,,23.108539918089292,53.10968166924526
Plac Niepodległości im. Romana Dmowskiego,,grass,,23.146305706883915,53.13491932892127
,,meadow,,23.08477573310315,53.08882695588082
,,meadow,,23.08447398622153,53.094215441056846
Las Komunalny,,forest,,23.153293137200578,53.11429923466212
,,forest,,23.151679644856547,53.10763715856428
Las Zwierzyniecki,,,wood,23.16176389243467,53.11347141088281
,,forest,,23.137602362142044,53.10111211999386
,,grass,,23.13884297411439,53.11702535804972
,,forest,,23.147435060711704,53.05969943046559
,,forest,,23.14084655709593,53.07147130415155
,,forest,,23.04715373319293,53.06353738758139
,,forest,,23.16537532027661,53.054981449141714
,,forest,,23.136279975645568,53.06203911700985
,,forest,,23.255166085876482,53.1605856180364
Rezerwat Antoniuk,nature_reserve,,,23.13583499661017,53.17179121173296
,,,wood,23.098115035445762,53.07501414928177
,,,wood,23.10693842090363,53.07310297361937
,,,wood,23.081445325450453,53.05952471049112
,,,wood,23.101639504003426,53.07261053268402
Skibiccy D.M. Gospodarstwo sadowniczo - szkółkarskie,garden,,,23.250960152345698,53.096708295994524
,,,wood,23.22135707150564,53.18355664233316
,,,wood,23.244841293583224,53.17806635258804
,,forest,,23.057950541790085,53.049881247819265
,,forest,,23.16047514687928,53.08017373467598
,,forest,,23.206612858818986,53.06599845323357
,,forest,,23.218673918243443,53.06817614532212
,,forest,,23.22512525972556,53.07283246794849
,,,wood,23.159045899952307,53.19911100917725
,,forest,,23.13928285572336,53.198905793238644
,,forest,,23.194687892907844,53.17484640587729
,,,,23.1694142368369,53.1696556374042
,,grass,,23.17023758844154,53.13093878379378
,,grass,,23.169146898998786,53.13188105562141
,,grass,,23.171622995789708,53.12985986882633
,,grass,,23.172359721053592,53.12939364357973
,,grass,,23.16872067415695,53.132282987633914
,,grass,,23.17344910844705,53.128701795589365
,,grass,,23.182323850077218,53.125255932901325
,,grass,,23.181890998186095,53.12471302169436
,,grass,,23.181108235030603,53.12378040468408
,,grass,,23.182071997409757,53.124934931377744
,,grass,,23.1825856004334,53.125565917939916
,,grass,,23.19035245415849,53.12982777019328
,,grass,,23.19166131514475,53.13084850899824
,,grass,,23.18662956405798,53.128093656363546
,,grass,,23.18423909181794,53.1270006444856
,,grass,,23.183158804508626,53.12617594722565
,,grass,,23.189355371904767,53.129260727106605
,,grass,,23.19269041973819,53.131876941957636
,,grass,,23.19332800941604,53.13252769030766
,,grass,,23.194751724902073,53.13399481156888
,,grass,,23.1935698661392,53.13273636528995
,,grass,,23.17127053292062,53.130079162167995
,,grass,,23.16892118945385,53.132041195765815
,,grass,,23.182810357833,53.125074876713434
,,grass,,23.184264524598703,53.124513078335156
,,forest,,23.064973629425474,53.12739253927692
,,forest,,23.061210440440423,53.13132321815097
,,grass,,23.186732837572098,53.123486440439805
,,grass,,23.187854878155896,53.1230533571098
,,grass,,23.190421044353783,53.122192687417005
,,grass,,23.168518816345497,53.1325118261565
,,grass,,23.16835735622707,53.13266933383719
,,grass,,23.099507433333333,53.16005943333334
,,grass,,23.095471317671567,53.160180286700985
,,grass,,23.09921178631972,53.16008225853921
,,grass,,23.10037763119691,53.160272906961254
,,grass,,23.09992755041928,53.16040827611386
,,grass,,23.096514715091256,53.16078606482908
,,grass,,23.096041624136458,53.160957665697126
,,grass,,23.098043750135393,53.159759050619925
,,grass,,23.09834427362014,53.15990461079347
,,grass,,23.095538053182526,53.160662878549665
,,grass,,23.158102722571087,53.14160557879733
,,grass,,23.107683818524894,53.13976838859708
,,grass,,23.121294039415258,53.13752960022712
,,grass,,23.124081332095226,53.123854091649136
,,grass,,23.12603410341209,53.12442374987246
,,grass,,23.128209459756924,53.12503449157335
,,grass,,23.12195674140526,53.12335366858934
,,grass,,23.122221472696808,53.12240894794866
,,grass,,23.121445751518998,53.12323129642051
,,grass,,23.12132317410159,53.123127719265355
,,grass,,23.12203736253031,53.12311368755296
,,grass,,23.12237357946655,53.12315966243999
,,grass,,23.122184952218422,53.122969130458586
,,grass,,23.122306708563226,53.12275744883747
,,grass,,23.1221841999977,53.12307966500086
,,grass,,23.139383465111855,53.13476230574903
,,grass,,23.138907782638757,53.13454705536898
,,grass,,23.139260947980688,53.134231122540214
,,grass,,23.14018181166651,53.1350311511683
,,grass,,23.139497575168615,53.13378144898462
,,grass,,23.139650319670988,53.13449463406703
,,grass,,23.181810268641232,53.12544163061403
,,grass,,23.18120283114821,53.12568632439396
,,grass,,23.182241400218945,53.12439820651483
,,grass,,23.155232566176718,53.13102807444098
Park Centralny,park,,,23.152584058767875,53.13061165860327
,,,grassland,23.145391285132373,53.121397067772655
,,,grassland,23.146115473668036,53.12104749777768
,,,grassland,23.146806021518998,53.12074668871259
,,,grassland,23.145555962539262,53.12055733739858
Park Antoniuk,park,,,23.120914187231765,53.14054394682495
,,grass,,23.124368926585802,53.13742493208984
,,grass,,23.12018261061715,53.13762551914038
,,grass,,23.12423709186772,53.13698678947036
,,grass,,23.12259588551128,53.13734059233671
,,,wood,23.097063260301752,53.130648433678516
,,,wood,23.097351187967536,53.13411172483039
,,,wood,23.208918715546783,53.11240833771401
,,,wood,23.20535354356322,53.11300427356014
,,,grassland,23.097475833326342,53.12690677748916
,,,grassland,23.099482151529777,53.12552081236227
,,,grassland,23.097088801748914,53.12563863326482
,,,wood,23.057826484879026,53.14274086062746
,,,wood,23.067011527363135,53.13763420033222
Wodociągi Białostockie - Dział Produkcji Wody Jurowce,,,,23.145760637673906,53.16724035297126
,,grass,,23.151566287812383,53.14352909662609
,,grass,,23.15393590808451,53.14279021255395
,,grass,,23.092338579189047,53.1500871704402
,,grass,,23.157480597483186,53.14041153726151
,,grass,,23.145204696771184,53.12659939111692
Skwer im. doc. Włodzimierza Zankiewicza,park,,,23.175536765805887,53.14210751902357
,,grass,,23.174386413391915,53.14162866382737
,,grass,,23.174759428088446,53.14147424758677
,,,grassland,23.111112319099313,53.13558786346508
,,,grassland,23.10215958775723,53.1491004672416
,,,grassland,23.090683865541518,53.15536341237131
,,,grassland,23.096148837522325,53.1439213322568
,,,grassland,23.109465693092503,53.15662449040162
,,grass,,23.11686485032033,53.15519441711798
,,,grassland,23.079770881605107,53.15598785862466
,,,grassland,23.0861347491747,53.162113217000346
,,,grassland,23.09958529215941,53.16619707919612
,,grass,,23.14857377321206,53.139785821884715
Plac Błogosławionego Księdza Michała Sopoćki,park,,,23.156078176919543,53.14486863423387
,,,grassland,23.143836622353376,53.13869711944364
,,grass,,23.155098787671395,53.147897089364285
,,,grassland,23.14458964999231,53.148018266979214
,,,wood,23.144784247908106,53.139966323791306
,,,grassland,23.14913177057759,53.154947138060685
,,,grassland,23.161751922299025,53.15244382151621
,,forest,,23.153168219368315,53.156732056953174
Skwer Armii Krajowej,park,,,23.167144280417638,53.132679285891015
Park Planty,park,,,23.166684354408602,53.12684642250314
Park Branickich,park,,,23.16373166171157,53.129893529053156
Park Stary im. Księcia Józefa Poniatowskiego,park,,,23.16866411689305,53.130506918349326
,,,grassland,23.15005611629573,53.16160422940604
Skwer Wygoda,park,,,23.18442632366814,53.144128053427764
,,forest,,23.231169576781692,53.17351375207379
,,forest,,23.20096425079872,53.168065313185295
,,forest,,23.21222675157505,53.167936635233744
,,forest,,23.20517422871003,53.168789741610276
,,,grassland,23.09126911096072,53.18028091751192
,,,grassland,23.072970548005085,53.15534396773481
,,,grassland,23.074839176045575,53.14762691577134
,,,grassland,23.07128187714274,53.13985754318748
,,,grassland,23.112132561496125,53.12711203090324
,,grass,,23.115858106987755,53.12487772447162
,,grass,,23.115236195415363,53.12415681599152
,,,grassland,23.084970827242632,53.146832577765956
,,,wood,23.06225754393618,53.09724183089605
,,,wood,23.06385188190978,53.110519393827225
,,forest,,23.060215414158602,53.064109503694404
,,,wood,23.069682750343166,53.06278629179923
,,,grassland,23.10908266139551,53.122157448150965
,,,grassland,23.11588734409316,53.12337222797101
,,,grassland,23.096638026464202,53.11374247795827
,,grass,,23.123105708447287,53.12137271666073
,,grass,,23.12375471966463,53.12069411969805
,,grass,,23.140670588207062,53.11431232486809
,,forest,,23.090284860277247,53.07653882616646
,,forest,,23.18016002405094,53.05378190715775
,,forest,,23.17365977692441,53.04955553835671
,,grass,,23.10572492488948,53.14310147577782
,,,wood,23.142670427200105,53.10641838745895
,,grass,,23.164405024806904,53.123963149095175
Plac Opatrzności Bożej,,grass,,23.106239848354292,53.14094773254269
,,grass,,23.17552496231844,53.121192647248776
,,grass,,23.172647963643517,53.12069282951198
,,forest,,23.083338838013315,53.06987377676843
,,,grassland,23.182769941806615,53.11061103755673
,,,grassland,23.185876863142695,53.108763598319655
,,,grassland,23.071979394786432,53.13154359693924
,,grass,,23.148043648508654,53.11997354004266
,,,grassland,23.078950326761436,53.138320958944355
,,forest,,23.24654179223057,53.11732906406558
,,forest,,23.230827257528556,53.119372144159826
,,forest,,23.238430758449482,53.11705353737253
,,forest,,23.24179601707745,53.12227951677109
,,forest,,23.221860170656413,53.12554822082418
,,,grassland,23.187279759377674,53.12752960177646
,,,grassland,23.195720621123282,53.12945374421101
,,,grassland,23.206300293139517,53.12721591545569
,,grass,,23.203003494099885,53.12221275036076
,,,grassland,23.19850916321822,53.116298610866004
,,,grassland,23.199774542826667,53.13632040963279
,,,grassland,23.203805747101956,53.14189425121203
,,forest,,23.197614257464988,53.13980391646951
,,grass,,23.15548207266531,53.150533666518754
,,grass,,23.155359305879262,53.14838712663567
,,grass,,23.15565435886546,53.1488779229567
,,grass,,23.155301857232647,53.149284515009256
,,forest,,23.201115619317843,53.15340254284411
,,,grassland,23.199901728925987,53.15846584124112
,,,grassland,23.191471958850133,53.15686280587925
,,grass,,23.103842601304546,53.11785240765245
,,,grassland,23.1341424697665,53.149343815046855
,,,grassland,23.124857731460697,53.158829540093315
,,forest,,23.149184322185448,53.179129761437316
,,forest,,23.151410167228033,53.181062621117775
,,,grassland,23.1127512035587,53.139963717923884
,,,grassland,23.118532937676743,53.14084159358623
,,,grassland,23.125424273047713,53.142440070180555
,,,grassland,23.16761089015659,53.111642582635284
,,grass,,23.157562921537057,53.13071576434764
,,,wood,23.228494962758873,53.18976248214529
,,,wood,23.201345290944243,53.17984072752161
,,,wood,23.245732925655588,53.187697476901036
,,,wood,23.2473077022564,53.18992765799903
,,grass,,23.098729216638517,53.12998868782079
,,grass,,23.104951885028687,53.13708612395507
,,grass,,23.106402549835177,53.14001614284481
,,grass,,23.106820637043114,53.13892476151897
,,grass,,23.10908045055083,53.141761945102026
,,grass,,23.101796579154854,53.13442384589867
,,grass,,23.1085476882038,53.141036586525956
,,grass,,23.09654719597933,53.12438010645414
,,grass,,23.09563553794063,53.12349445401074
,,grass,,23.111390258388727,53.12499656351712
,,grass,,23.09949225552176,53.13136741497446
,,grass,,23.098270922233276,53.1288501513884
,,grass,,23.095056768158827,53.127244414308635
,,grass,,23.097896966998004,53.12786155503719
,,grass,,23.101640280267702,53.126339945901805
,,grass,,23.10817098847427,53.140443191497
,,grass,,23.100655912379167,53.133225462199654
,,grass,,23.109246601598787,53.13946098315477
,,grass,,23.0910436830862,53.12781327493561
,,grass,,23.093797155306863,53.12743344214261
,,forest,,23.23338845490213,53.1920307315092
,,forest,,23.22924222821257,53.18823519173977
,,forest,,23.239178183563933,53.177163405833774
,,farmyard,,23.180326804580872,53.1732963166933
,,forest,,23.143282685830926,53.158365956877816
,,forest,,23.138599275364474,53.15830335744663
,,forest,,23.2013756402335,53.17102603575253
,,forest,,23.201260700000002,53.08584156666666
,,forest,,23.250934431439298,53.14066039085996
,,forest,,23.24894496038439,53.138821355435056
,,forest,,23.2535100143099,53.138149058433186
,,forest,,23.243331176321856,53.13786720368925
,,forest,,23.24543121617825,53.14114301635334
,,forest,,23.24526906258884,53.13579996805937
,,forest,,23.237347164851546,53.13794828644273
,,forest,,23.238537077911428,53.14176139460445
,,forest,,23.052381960118236,53.114277311544605
,,forest,,23.047685041891008,53.11139192968658
,,forest,,23.044266370038805,53.10702096889816
,,forest,,23.05316177883142,53.10715040359263
,,forest,,23.047791109498675,53.1027152057325
,,forest,,23.057607354052518,53.1028595597072
,,forest,,23.097510074751995,53.191587433551504
,,forest,,23.112073327684573,53.19770590799905
,,forest,,23.114969824088295,53.19930204344034
,,forest,,23.1125142604826,53.198449707662355
,,forest,,23.11402390297381,53.19790541839652
,,forest,,23.129093965615006,53.197025823076075
,,forest,,23.053622331468404,53.10009621005462
,,forest,,23.049034275778013,53.09664283407471
,,forest,,23.054054789543432,53.09033835757893
,,forest,,23.049550301236586,53.09222211600767
,,forest,,23.08635356324883,53.095940493421736
,,,,23.08629460978014,53.095886386663075
,,forest,,23.094452105013072,53.08689299203407
,,forest,,23.076471927055515,53.09568595340158
,,forest,,23.07720980715502,53.09168018059992
,,forest,,23.09052369453188,53.203431578177394
,,forest,,23.091411272558616,53.199708346489
,,forest,,23.24060506783613,53.060220854842555
,,forest,,23.24697730866323,53.129152255724115
,,forest,,23.250382470569594,53.1295901204714
,,forest,,23.14447011682444,53.0701797635772
,,forest,,23.189248154828643,53.05034097995317
,,forest,,23.188737315282587,53.050059513224554
,,forest,,23.211317377635066,53.04881086568057
,,forest,,23.084375160997265,53.055521002260726
,,forest,,23.084952722266163,53.05631121392614
,,forest,,23.093315054763472,53.06791141069747
Las Pietrasze,,forest,,23.169398825740075,53.169648660440664
Miejsce Pamięci Narodowej,,cemetery,,23.16445982325041,53.170193960857006
,,forest,,23.112293854599592,53.07534011241173
,,forest,,23.118089830843385,53.07565622802729
,,forest,,23.11453415465762,53.077936772349545
,,,grassland,23.14679019625996,53.12151035593838
,,forest,,23.211795547514992,53.04771719852355
,,grass,,23.145305486305666,53.1355710130956
,,grass,,23.14581850890097,53.13528253545866
,,grass,,23.145800787588843,53.135459710310855
,,grass,,23.14671922941847,53.1344666767379
,,grass,,23.14699800037849,53.13435060084031
,,grass,,23.146352266666668,53.1343199
,,grass,,23.230486768205303,53.125583694703316
,,grass,,23.167166959025867,53.14324532240805
,,grass,,23.16816070900667,53.14335497902064
,,forest,,23.249029314183208,53.09373460972051
,,grass,,23.15513950774297,53.197023475656366
,,meadow,,23.154364739223993,53.195931310627955
,,grass,,23.156668748891565,53.19829048509114
,,grass,,23.15521607324688,53.19852002297499
,,grass,,23.155205558823365,53.19634659808004
,,grass,,23.155879541988533,53.198534555523956
Park Miejski,park,,,23.20285943215574,53.145952021796624
,,forest,,23.08267258513589,53.05106136208712
,,forest,,23.07521653350378,53.06336267022183
Park Konstytucji 3 Maja,park,,,23.163999982350877,53.12071051261003
,,forest,,23.06304735406007,53.12280032191058
,,forest,,23.050601297394703,53.068465187356715
,,grass,,23.14608067697436,53.135951921184386
,,grass,,23.14697643108052,53.13601171440553
,,grass,,23.146642365916716,53.13524561461635
,,grass,,23.146122848983172,53.13560801620571
,,grass,,23.147340890327516,53.13604459986121
,,grass,,23.14034210184655,53.13556787598534
,,grass,,23.140334534798487,53.135753226377524
,,,grassland,23.103122386041772,53.13553249271249
,,,grassland,23.115359955699734,53.13756758641077
,,grass,,23.121211288201874,53.13724789436264
,,grass,,23.120831681648614,53.13758099767504
,,grass,,23.12116984231497,53.13708964921709
,,grass,,23.12175434236592,53.13749268537389
,,grass,,23.12114620924938,53.13686890226434
,,grass,,23.118094391846615,53.1378880254533
,,grass,,23.113539891142985,53.138703246459535
,,grass,,23.11646315660867,53.13816775009398
,,grass,,23.11588350268796,53.13827701619548
,,grass,,23.142301625443196,53.12911075952207
,,grass,,23.141773964617904,53.129779353325006
,,grass,,23.14089818829312,53.1300926429014
,,grass,,23.141407171905907,53.12974433981048
,,grass,,23.14127698977393,53.130122796615154
,,grass,,23.141166456401514,53.13019539293274
,,grass,,23.142444336656894,53.12933264988653
,,grass,,23.149561278537764,53.1252210280192
,,grass,,23.150303888072234,53.12584238443118
,,grass,,23.13128179448796,53.13907011218286
,,grass,,23.128800906205413,53.138774248683156
,,grass,,23.13451034183651,53.13876793171953
,,grass,,23.132495533333334,53.13921926666666
,,grass,,23.126378380431966,53.13821353665283
,,grass,,23.12883693961617,53.13865818057904
,,grass,,23.1289346124786,53.138925984123496
,,grass,,23.12438365552676,53.137678327261334
,,grass,,23.13109697153544,53.13894910190683
,,grass,,23.12471231072641,53.13749781833467
,,grass,,23.13107067521972,53.13918249792594
,,grass,,23.125281966666666,53.13814369999999
,,grass,,23.127872622532617,53.13869765135237
,,grass,,23.124250131855465,53.136792077021404
,,grass,,23.126557593124332,53.13838346703033
,,grass,,23.125320932234892,53.13808755229965
,,grass,,23.125643248729794,53.13816647877873
,,grass,,23.127566378149176,53.13862502739989
,,grass,,23.127177784825996,53.138531555477286
,,grass,,23.124262681447693,53.1372224116173
,,grass,,23.123461812163686,53.137400199273976
,,grass,,23.12503374706138,53.13701010970355
,,grass,,23.12736787889512,53.13832669540784
,,grass,,23.123744900991024,53.13748784003962
,,grass,,23.125981147547623,53.137993532794695
,,grass,,23.138126191375168,53.13773539788296
,,grass,,23.13820807357057,53.138047695211895
,,grass,,23.135829822255545,53.138574121465496
,,grass,,23.132452300000004,53.13897946666667
,,grass,,23.137205457688964,53.13804320031709
,,grass,,23.13265565528987,53.13922106881071
,,grass,,23.163668068603915,53.11864392387532
,,grass,,23.157848799361894,53.119466325043426
,,grass,,23.15987228104492,53.11915070000663
,,grass,,23.166801501931868,53.11857508989693
,,grass,,23.155233508870456,53.11971123389527
,,grass,,23.156756303758005,53.11957150023344
,,grass,,23.15932988134721,53.11921913791431
,,grass,,23.156078799391423,53.11963338242764
,,grass,,23.156477443355335,53.11947670526675
,,grass,,23.15934674314516,53.11933901423951
,,grass,,23.175958016594603,53.12074522871455
,,grass,,23.180314419974525,53.12315932794896
,,grass,,23.17785435111572,53.12108767337037
,,grass,,23.17728655324806,53.12103167797713
,,grass,,23.179682840022416,53.122217710976145
,,grass,,23.175172562238675,53.12002898666614
,,grass,,23.175094005062174,53.12010291032249
,,grass,,23.179805570065746,53.122094740082126
,,grass,,23.17508715536966,53.12017150774772
,,grass,,23.17463790653789,53.120186774741256
,,grass,,23.18007799600484,53.12229379532103
,,grass,,23.17927131583529,53.12257721469023
,,grass,,23.174224848500497,53.12010439869208
,,grass,,23.174827186540163,53.120009866295625
,,grass,,23.179166764017225,53.12203128004962
,,grass,,23.180640056937236,53.12288175653774
,,grass,,23.1741392336174,53.120281144223156
,,grass,,23.179107279684548,53.122477585044265
,,grass,,23.1795004910038,53.122863419747894
,,grass,,23.16441986274326,53.11840572799295
,,grass,,23.171121225010452,53.11915870868664
,,grass,,23.169646152381084,53.11910625132652
,,grass,,23.170692084051467,53.119208955763064
,,grass,,23.16726544257438,53.11833448271684
,,grass,,23.173930661581373,53.120170794468486
,,grass,,23.167007031813228,53.118432110084214
,,grass,,23.16705098825289,53.118305090013216
,,grass,,23.173619437585412,53.12009491675606
,,grass,,23.16371666666667,53.12366063333334
,,grass,,23.163879796672845,53.12372813800918
,,grass,,23.115720440938635,53.12473627883699
,,grass,,23.180967391361165,53.11123073933161
,,grass,,23.19117313009909,53.11022957711957
,,grass,,23.18134127490175,53.1112204899153
,,grass,,23.190433635990463,53.11024644706039
,,grass,,23.18110166999618,53.111261568259536
,,grass,,23.1905833979697,53.11017838783962
,,grass,,23.10090684142915,53.1341341713727
,,grass,,23.10059654038701,53.13428763763277
,,forest,,23.240892752316444,53.10051744434838
,,forest,,23.239325874347525,53.10296169520787
,,forest,,23.247871622464675,53.10276861376958
,,forest,,23.245161221255696,53.10079119050008
,,forest,,23.23739122325274,53.09166933114134
,,forest,,23.227505033727148,53.09708734311593
,,forest,,23.21331899230921,53.09685738006626
,,forest,,23.23538386186086,53.09856213693484
,,forest,,23.223750921664482,53.09557867843275
,,grass,,23.210178053089418,53.09614099786043
,,forest,,23.233011422199464,53.08538232304226
,,forest,,23.20677008306361,53.091887945341995
,,forest,,23.205366805519766,53.089574633572425
,,forest,,23.198464953669657,53.07938693400835
,,forest,,23.191283922350927,53.07852888970666
,,forest,,23.23312268278053,53.09374682636552
,,forest,,23.22055315905725,53.093006183070834
,,forest,,23.08899049152051,53.147682853546534
,,grass,,23.21271103588734,53.1426763827389
,,grass,,23.09069039640514,53.131077977122054
,,grass,,23.090446286362667,53.13009291149872
,,grass,,23.090530701559167,53.13013684132476
,,grass,,23.090602695926286,53.130776775622365
,,grass,,23.0898824,53.129876949999996
,,grass,,23.090594850000006,53.13050655
,,grass,,23.09043328479606,53.13218711079658
,,grass,,23.090597575763375,53.13061576086125
,,grass,,23.090613324141692,53.13017771823522
,,grass,,23.090638715070128,53.130281851023774
,,grass,,23.08982322997018,53.13216861482674
,,grass,,23.09038956102718,53.13207960392346
,,grass,,23.08959304437549,53.129836418297785
,,grass,,23.087262655463515,53.13251014753404
,,grass,,23.089637913510895,53.13209094745772
,,grass,,23.091806957276255,53.13203377272301
,,grass,,23.09404966666667,53.132458966666675
,,grass,,23.09314633359077,53.12926430050193
,,grass,,23.092349425494128,53.1311687528778
,,grass,,23.091809185229597,53.130628545151474
,,grass,,23.09515514337915,53.129085432042686
,,grass,,23.092745355699442,53.13104064448477
,,grass,,23.090941800000003,53.13194065
,,grass,,23.09178367206586,53.13156470861574
,,grass,,23.093798697331096,53.13026193386902
,,grass,,23.093012607549518,53.13084370694015
,,grass,,23.09195491566286,53.131453598304084
,,grass,,23.093085957809972,53.13079420844447
,,grass,,23.09201295167472,53.130723166265454
,,grass,,23.09410984636966,53.129865316914106
,,grass,,23.093601899999996,53.132304749999996
,,grass,,23.093396606150005,53.130558865208116
,,grass,,23.09124845090046,53.131958400641246
,,grass,,23.092216408298373,53.13126663420034
,,grass,,23.09234337494152,53.13100846713051
,,grass,,23.093310949999996,53.12934379999999
,,grass,,23.091840774015353,53.131528317789055
,,grass,,23.09477544168767,53.12936991622681
,,grass,,23.09148443026246,53.13172112399352
,,grass,,23.093523820733832,53.13046401580878
,,grass,,23.094960158487027,53.12922638309707
,,grass,,23.093061350000003,53.13218920000001
,,grass,,23.091191060352344,53.13185184108058
,,grass,,23.092323167881858,53.13087497779249
,,grass,,23.09174551526143,53.1317315147803
,,grass,,23.094059407809088,53.12970453590338
,,grass,,23.093343316023233,53.13098943535338
,,grass,,23.0944204556695,53.12963259945982
,,grass,,23.091889368371334,53.13079349278532
,,grass,,23.093603897111723,53.12948463199808
,,grass,,23.091464034011377,53.131871281407804
,,grass,,23.091787377357136,53.13074283497186
,,grass,,23.09368947530571,53.132354564578186
,,grass,,23.093685160527947,53.129527309012104
,,grass,,23.09272214691152,53.13089125860597
,,grass,,23.09287540933316,53.130782610737114
,,grass,,23.09419687313272,53.129649099548814
,,grass,,23.092410179718016,53.132131054298426
,,grass,,23.092863730610333,53.12895428672679
,,grass,,23.092757199999998,53.128603299999995
,,grass,,23.092753615660726,53.128516597607316
,,grass,,23.092589725183476,53.12816873727264
,,grass,,23.09287355907472,53.12802121672756
,,grass,,23.094770399999998,53.12840405
,,grass,,23.09311496514939,53.129122153886854
,,grass,,23.09274798077628,53.128338225087056
,,grass,,23.09518517872969,53.128953634556666
,,grass,,23.094496169839736,53.12816334831069
,,grass,,23.09274717415336,53.12816075447904
,,grass,,23.0934686,53.12929710000001
,,grass,,23.0937852,53.129445000000004
,,grass,,23.0932750351149,53.12920189528002
,,grass,,23.094603341767446,53.129499385494334
,,grass,,23.092593873062775,53.12873037496221
,,grass,,23.092589469350678,53.12841243548716
,,grass,,23.095273131242287,53.1288672150324
,,grass,,23.094241479223793,53.12783310277845
,,grass,,23.094786745186294,53.12864942315616
,,grass,,23.094873758047825,53.12873057347378
,,grass,,23.09438832253004,53.12788806495441
,,grass,,23.09454230384265,53.128295903022
,,grass,,23.093048969094813,53.128981692832525
,,grass,,23.092591088038017,53.12834198804742
,,grass,,23.0946259319412,53.128452978378746
,,grass,,23.095507041832622,53.128832610059185
,,grass,,23.09317908530417,53.12764693458928
,,grass,,23.093572599208688,53.12759378178983
,,grass,,23.093933467795832,53.12754504632563
,,grass,,23.0942927580281,53.12764269978566
,,grass,,23.09421616398798,53.12750869034476
,,grass,,23.095278226788107,53.12915881074836
,,grass,,23.095566903717433,53.12920646312056
,,grass,,23.08958305153603,53.12813698790347
,,grass,,23.089968977648027,53.12808505308745
,,grass,,23.091429432995128,53.127885832515396
,,grass,,23.091730187375113,53.127849858819786
,,grass,,23.09032184821605,53.128037757917355
,,grass,,23.090682276267316,53.12798792420254
,,grass,,23.0910602954409,53.1279379328583
,,grass,,23.09273494759146,53.12771044251553
,,grass,,23.08898260769359,53.128217314331465
,,grass,,23.091400490941517,53.13042948630928
,,grass,,23.090347954837434,53.12991250321463
,,grass,,23.084693926937916,53.12995793872517
,,grass,,23.090840010744575,53.13015218640024
,,grass,,23.0912007,53.130332949999996
,,grass,,23.09055154565183,53.13001708437271
,,grass,,23.09027794806487,53.12988139802931
,,grass,,23.084584222685887,53.13031734235584
,,grass,,23.08994420820714,53.12978476184749
,,grass,,23.089318967072018,53.129824120679366
,,grass,,23.0963986,53.12969779999999
,,grass,,23.09763855638298,53.12718673716967
,,grass,,23.097776,53.129679550000006
,,grass,,23.095853665035055,53.12939465269014
,,grass,,23.096768215244733,53.129795628226816
,,grass,,23.097407876369324,53.12982451883183
,,grass,,23.097804899999996,53.12977275
,,grass,,23.096092832574314,53.129543370274085
,,grass,,23.09758705,53.1297018
,,grass,,23.096067492009126,53.12938966412574
,,grass,,23.096379250000002,53.129565549999995
,,grass,,23.095856957653737,53.12924901590635
,,grass,,23.096579734441402,53.12975257373438
,,grass,,23.097901505942154,53.12683890841209
,,grass,,23.097602864022928,53.129800271897885
,,grass,,23.097018964970957,53.12699025095752
,,grass,,23.097369242213325,53.12972512733524
,,grass,,23.096566917696826,53.12963540438585
,,grass,,23.098116428880928,53.129732734727455
,,grass,,23.09561823540836,53.12909429782856
,,grass,,23.098553824703977,53.1295784388559
,,grass,,23.09756200766083,53.12825922215686
,,grass,,23.098103670257938,53.129632201427455
,,grass,,23.097115004679026,53.12983023569248
,,grass,,23.09696080904076,53.129714026544605
,,grass,,23.098937604461312,53.1304195215084
,,grass,,23.09403425,53.126512250000005
,,grass,,23.0939689,53.126826799999996
,,grass,,23.093869100000003,53.12655405
,,grass,,23.094087170758293,53.126658348035726
,,grass,,23.09377888164516,53.126303447769665
,,grass,,23.094029868452694,53.126990609824524
,,grass,,23.094225711525517,53.12703253311584
,,grass,,23.09407030847301,53.12711448805009
,,grass,,23.146638763940935,53.13573217828466
,,grass,,23.146562600515555,53.136007017526126
,,grass,,23.14629186995043,53.136011961781676
,,grass,,23.122695864039837,53.12123158067423
,,grass,,23.122518752150416,53.121173784586
,,grass,,23.12453951329986,53.11980933903936
,garden,grass,,23.119593155510465,53.117608836922805
,,grass,,23.127175583366952,53.11664593180273
,,grass,,23.125955981397247,53.118098931802805
,,grass,,23.125187134940493,53.118994403701286
,,grass,,23.12663477593922,53.11732152605209
,,grass,,23.12677441401765,53.11709111442218
,,grass,,23.13063101657947,53.11398709097527
,,grass,,23.128536068194087,53.11506394140234
,,grass,,23.12938018454676,53.11373501158416
,,grass,,23.12953550630237,53.114036156983445
,,grass,,23.129225713849078,53.113941486974745
,,grass,,23.129987085271043,53.113880542907395
,,grass,,23.1297529714542,53.11383163424391
,,grass,,23.095761578246968,53.12316993947816
,,grass,,23.09374418428768,53.12260961614511
,,grass,,23.09475912501427,53.12281857514549
,,grass,,23.09653125216477,53.12489062701447
,,grass,,23.0964310765738,53.12466426313418
,,grass,,23.095996456654568,53.12405202916749
,,grass,,23.095265388022668,53.123536592739654
,,grass,,23.09627098218901,53.12437851087681
,,grass,,23.095653998523314,53.123763222615906
,,grass,,23.091724757999568,53.12217193825801
,,grass,,23.09304720305228,53.122510014684785
,,grass,,23.131146528991952,53.13565615780132
,,grass,,23.115004186634188,53.12452570055176
,,grass,,23.115076586154043,53.123911356674334
,,grass,,23.20183515225005,53.113283132225064
,,grass,,23.200084923372525,53.10928746551434
Rezerwat Las Zwierzyniecki,nature_reserve,,,23.16504013653058,53.115119387700744
,,grass,,23.1569637858983,53.13344126166422
,,grass,,23.159134308547518,53.130694816330326
,,forest,,23.208006678264617,53.161003659591096
,,forest,,23.20457585447813,53.162651866306
,,forest,,23.205789182581604,53.16569857908684
,,forest,,23.20280160171185,53.165071365404614
,,forest,,23.21010668304296,53.16622093147807
,,forest,,23.205242708704297,53.161228797263
,,grass,,23.201892574382978,53.16376833076417
,,grass,,23.20227302401321,53.16430039699338
,,grass,,23.20146319653882,53.16345879328492
,,grass,,23.201782610161914,53.163806732526304
,,grass,,23.201641792282473,53.1636537490393
,,forest,,23.064950527516512,53.0978106558676
,,forest,,23.060859132842438,53.10572002931921
,,forest,,23.073549675146655,53.11242345093208
,,forest,,23.07253506352969,53.11518470372758
,,,grassland,23.096628997936996,53.11594720749609
,,forest,,23.190358727111175,53.11947857121041
,,grass,,23.11971528260469,53.135358167965265
,,,grassland,23.170289906963834,53.156629725017545
,park,,,23.162110771785066,53.12932203089035
Bulwary Ireny Sendlerowej,park,,,23.165545230891656,53.13430393251001
Bulwary księdza Aleksandra Chodyki,park,,,23.16734779973165,53.13367619703724
Bulwary księdza Stanisława Hałko,park,,,23.165361128896322,53.134819466786276
Skwery Tamary Sołoniewicz,park,,,23.15968814811065,53.13718461292817
,park,,,23.20459536044028,53.19831850202384
,,forest,,23.227963305436855,53.1755007764488
,,forest,,23.23331021128872,53.18155675794555
,,forest,,23.243270668271947,53.158446435813254
,,forest,,23.251387327064183,53.13610259534343
,,forest,,23.234089033022087,53.14423867382507
,,forest,,23.243939622463106,53.1332216123066
,,forest,,23.23851796553203,53.16205023848463
,,forest,,23.204073022057315,53.14511109101667
,,forest,,23.201732109077714,53.155889439946705
,,forest,,23.197433377810622,53.1542482190327
,,forest,,23.063860319271242,53.140517544796815
,,forest,,23.1547608192809,53.17999681033601
,,,wood,23.16748330043891,53.18662201897558
,,forest,,23.168952129483046,53.186071234043666
,,,wood,23.155543031703445,53.18300579388072
,,grass,,23.13852625506286,53.102581613311116
,,grass,,23.179180763352065,53.122490623226064
,,,wood,23.250789644146874,53.10868617198599
,,grass,,23.163919893040404,53.12547573789066
,,forest,,23.062548926249356,53.15617139259483
,,forest,,23.084604078525263,53.20034816655325
,,forest,,23.077328953217066,53.19996480314302
,,,wood,23.153811916836233,53.15095265088439
,,,wood,23.160965411018427,53.12359138621921
,,,wood,23.16260372301639,53.123386082850324
,,grass,,23.15462815346283,53.130765927957164
,,grass,,23.150862799185898,53.13121774098859
,,grass,,23.223280043603204,53.16377208629628
,,forest,,23.221267200103785,53.16389064144389
,,forest,,23.22505505035975,53.16583184777014
,,forest,,23.140975791598205,53.18355982271386
,,forest,,23.145778890601772,53.179091043011766
,,forest,,23.121287946070208,53.174426131980404
,,forest,,23.1264985040247,53.08380669723478
,,forest,,23.12431110040959,53.081364187510374
,,forest,,23.123905043013025,53.08356794514465
,,forest,,23.123605270156638,53.07748564089995
,,forest,,23.237113796117654,53.12703392074447
,,grass,,23.111344311343462,53.146374798142865
,,grass,,23.110496759904382,53.14673357217924
,,grass,,23.19387922348871,53.13265932153981
Park im. Jadwigi Dziekońskiej,park,,,23.141949021805996,53.135231024678745
,,grass,,23.185297197903058,53.137320734221326
,,,wood,23.175726466217494,53.12717377784443
,,grass,,23.178307418133652,53.12635485621868
,,grass,,23.17956844053634,53.12589888819676
,,grass,,23.17994556010012,53.12567519845396
,,forest,,23.068570941346177,53.094152240796355
,,grass,,23.175710711981047,53.14153359384744
,,grass,,23.17441745007142,53.141315136982264
,,grass,,23.093796576634553,53.12572215458162
,,grass,,23.093675752706787,53.12602376721628
,,grass,,23.09364474570829,53.12594156019924
,,grass,,23.09358941486543,53.125781259336584
,,grass,,23.093741613026822,53.12620845138133
,,grass,,23.093970449784592,53.125663458606226
,,grass,,23.093613074794636,53.125854444881526
,,grass,,23.09354687673823,53.12565662331009
,,grass,,23.15481768227575,53.13265432097299
,,grass,,23.169272319072828,53.12805056906383
,,grass,,23.169223151981722,53.12811729358249
,,grass,,23.12089348508939,53.12341121204881
,,forest,,23.2424970911789,53.11256611325433
,,forest,,23.241941207820858,53.09501454637712
,,grass,,23.17027117315049,53.130676305941975
,,grass,,23.17009544349861,53.13082813661371
,,grass,,23.152090629800036,53.15833604230702
,,grass,,23.15205786257844,53.1581693565727
,,forest,,23.10889726701321,53.117315357271245
,,grass,,23.176715253104266,53.1347463609728
,,grass,,23.188540694770957,53.1295494706244
,,grass,,23.188251964962376,53.12977469438096
,,grass,,23.14678323333333,53.134949399999996
,,grass,,23.146392499999997,53.13452213333333
,,grass,,23.16130982902884,53.133516961796865
,,grass,,23.14645857952439,53.13521770736713
,,grass,,23.181018103676013,53.1278170105686
,,grass,,23.14652353642491,53.13438778461899
,,grass,,23.18199041257428,53.1281941528209
,,grass,,23.131380108314183,53.14470991529029
,,grass,,23.184328110603555,53.12537313228124
,,grass,,23.183981885612784,53.1259139391996
,,grass,,23.181116971518577,53.1242610663074
,,grass,,23.166739178151442,53.131833315370265
,,grass,,23.166540052000276,53.131725305776015
,,grass,,23.16585869840575,53.131625100135665
,,grass,,23.18428122993631,53.13081000644823
,,grass,,23.187716654521786,53.1300787963985
,,grass,,23.188150508519843,53.12983369992113
,,grass,,23.186878929005303,53.13041124731649
,,grass,,23.187909704249847,53.12997901928868
,,grass,,23.186366347899966,53.13054294108844
,,grass,,23.187431952039503,53.13021026885736
,,grass,,23.182956014793046,53.13094134955153
,,grass,,23.18574116574432,53.1306636138803
,,grass,,23.186213026631098,53.13058874832054
,,forest,,23.199861578714472,53.0557016754379
,,grass,,23.14839977892394,53.15021090305822
,,grass,,23.1480582782987,53.15062488649404
,,grass,,23.151346899653294,53.14373068068909
,,grass,,23.151862195990113,53.143658582145626
,,grass,,23.151433346024984,53.14409628291595
,,grass,,23.152069533902676,53.143777632277704
,,grass,,23.15111490079337,53.14414735649574
,,grass,,23.15151787471541,53.14389891611534
,park,,,23.207500891465376,53.19940304311952
,park,,,23.206429248407847,53.19937550994409
,,grass,,23.191060262403376,53.13280945359797
,,grass,,23.191750327258333,53.133114995041794
,,grass,,23.191341847778876,53.13314237777201
,,grass,,23.161653019849616,53.12450253632387
,,grass,,23.147380512858607,53.118420752626925
,,grass,,23.155881462526324,53.153140015951614
,,grass,,23.111308888420815,53.159712629003444
,,grass,,23.101426245784697,53.16018344876977
,,grass,,23.18189261920747,53.13100231512807
,,grass,,23.182031253276126,53.130968146699885
,,grass,,23.182254379875054,53.130828865851235
,,grass,,23.10655247869815,53.12566964998438
,,grass,,23.1069102578547,53.12559316145374
,,grass,,23.112193435472914,53.12507943484554
,,grass,,23.10699031963427,53.126018102450146
,,grass,,23.111834529012153,53.124709709324215
,,grass,,23.112650416705236,53.12459678681513
,,grass,,23.112590962917796,53.124652553018265
,,grass,,23.111316770185837,53.124827044344826
,,grass,,23.110660679884006,53.12488950244893
,,grass,,23.1113417198653,53.12477780943059
,,grass,,23.107015010860987,53.12622303361066
,,grass,,23.113040474275305,53.12459015878764
,,grass,,23.111771664561342,53.124764982228115
,,grass,,23.113815582793364,53.1248799314723
,,grass,,23.112212997381985,53.12465850765025
,,grass,,23.112172976750976,53.124711313878095
,,grass,,23.11479877748695,53.124192313942345
,,grass,,23.110926685464957,53.12488124797773
,,grass,,23.11556447442756,53.12504998774114
,,grass,,23.113256780842754,53.12451259787529
,,grass,,23.113478974822264,53.12452793247729
,,grass,,23.114162106349745,53.124344887894274
,,grass,,23.1108965507575,53.124840397805464
,,grass,,23.108925168219674,53.12552392558958
,,grass,,23.20249704727058,53.164137004982855
,,grass,,23.1709628,53.1266274
,,grass,,23.170886141437737,53.126599840632494
,,grass,,23.17090323648369,53.12677105938023
,,grass,,23.182291682010835,53.13107180560348
,,grass,,23.149798830638225,53.12521597196009
,,grass,,23.162485351555226,53.13596702494334
,,grass,,23.163314373592392,53.13582004121421
,,grass,,23.163725952279957,53.13616547579252
,,grass,,23.163395920066606,53.13561651706223
,,grass,,23.132375273274913,53.154649542136596
,,grass,,23.109546823061248,53.14085373818674
,,,grassland,23.11626152758619,53.14007139220178
,,grass,,23.11005042672605,53.13963906011787
,,,grassland,23.07958151946413,53.120108244332066
,,grass,,23.06906854161596,53.11614513885382
,,forest,,23.223359635479397,53.17624887295098
,,forest,,23.230253805755517,53.170993628319216
,,grass,,23.155765481734143,53.14066156982662
,,grass,,23.1552706115662,53.14055505685319
,,grass,,23.15572571084436,53.155278337041935
,,grass,,23.155112622037382,53.15554552943612
,,grass,,23.155219453681955,53.15548079999509
,,grass,,23.15533720124614,53.155410482059935
,,grass,,23.155591891074454,53.15525545554926
,,grass,,23.155296123496502,53.15534562864858
,,grass,,23.155052126891842,53.15548873570252
,,grass,,23.155583710509685,53.15514285431582
,,grass,,23.15516880597404,53.15480772786532
,,grass,,23.155352183863094,53.15482553537479
,,grass,,23.155493701274757,53.15491082833191
,,grass,,23.154977716079706,53.15459834770215
,,grass,,23.154704466666665,53.154526866666664
,,grass,,23.154877312706283,53.15453707665619
,,grass,,23.15451040073171,53.154313319377565
,,grass,,23.15425502462538,53.15425504171114
,,grass,,23.154408118992695,53.15425189570218
,,grass,,23.154058813194393,53.15403782708348
,,grass,,23.15386241796738,53.154010667219445
,,grass,,23.153766393014664,53.15405674385976
,,grass,,23.153733455517852,53.153940539149495
,,grass,,23.15383028596162,53.153901905569015
,,grass,,23.15370346581664,53.15421186641989
,,grass,,23.153591713940227,53.15423112653129
,,grass,,23.15350224141705,53.154431630530034
,,grass,,23.153694214883988,53.15465281139366
,,grass,,23.154006198652052,53.15466889894085
,,grass,,23.153950711659785,53.15450794774194
,,grass,,23.15446155573661,53.154945967186244
,,grass,,23.154412352480062,53.15479819118446
,,grass,,23.15450811399252,53.15471760005971
,,grass,,23.15440291129413,53.154711459111
,,grass,,23.155425122911964,53.15527861861598
,,grass,,23.1549209850353,53.155236658289226
,,grass,,23.154615947905246,53.155215943925484
,,grass,,23.15485993240061,53.15507605798406
,,grass,,23.154447653416373,53.15513968486133
,,grass,,23.154148154158943,53.15493605321293
,,grass,,23.153999672481497,53.15486426156591
,,grass,,23.15414058751549,53.15408651703248
,,grass,,23.154973637390082,53.154994893508814
,,grass,,23.15485374063588,53.15498879530487
,,grass,,23.154068796803344,53.15443689212639
,,grass,,23.15394203843468,53.15443168755222
,,grass,,23.153777564651282,53.154611576526186
,,grass,,23.155310605195297,53.1552734710575
,,grass,,23.113523343426053,53.17122832263542
,,grass,,23.117118983425037,53.16708422582591
,,grass,,23.117985875728493,53.16595532597419
,,grass,,23.117223487137466,53.16695949272647
,,grass,,23.117837988701925,53.16613385007936
,,grass,,23.11765299162442,53.1663812737528
,,grass,,23.117507212253408,53.166583764306296
,,grass,,23.08832460678753,53.148325487694684
,,grass,,23.08830267929237,53.14845556457834
,,meadow,,23.11515490272114,53.062161299996816
,,,grassland,23.19595144133385,53.13732975201362
,,grass,,23.140958637943104,53.12234798230096
,,grass,,23.19668071918156,53.13158844802473
,,grass,,23.19565027925513,53.13194417101696
,,grass,,23.195398466456027,53.13203736721494
,,grass,,23.195900697530867,53.131853458950616
,,grass,,23.197832433081178,53.13166443890414
,,grass,,23.19616640299028,53.13175489586232
,,grass,,23.196083761686484,53.13153509835497
,,grass,,23.197771267598498,53.1314622955614
,,grass,,23.19752727888576,53.131436208227264
,,grass,,23.194910030166323,53.132228696115604
,,grass,,23.194824773262972,53.1321931997054
,,grass,,23.194470092799143,53.13232703935697
,,grass,,23.1958931803369,53.131594652673186
,,grass,,23.1977457337736,53.131572303121224
,,grass,,23.195539475751232,53.13171224558992
,,grass,,23.196332490422066,53.131693374451665
,,grass,,23.197238873721513,53.13145993929558
,,grass,,23.19431346946686,53.13225411209039
,,grass,,23.195129945489846,53.132136132969265
,,grass,,23.196943037545125,53.131507788841546
,,grass,,23.19570832520862,53.13200576951289
,,grass,,23.127901657988655,53.137750606682424
,,,grassland,23.21910344789739,53.147193284522146
,,forest,,23.220502420940882,53.144488852474865
,,grass,,23.12244215032014,53.146871208275364
,,grass,,23.121690979675883,53.14705994560238
,,grass,,23.11978366041287,53.14650171492629
,,grass,,23.160741094057883,53.128565796990024
,,grass,,23.160412880329012,53.128413413378794
,,grass,,23.159670849999998,53.1280662
,,grass,,23.161121810329583,53.128746405212105
,,grass,,23.10021188760648,53.132523551868914
,,grass,,23.123034403829344,53.15055880965062
,,grass,,23.121816204562755,53.149780056139974
,,grass,,23.122560210625323,53.15023833069584
,,grass,,23.194717603717162,53.1085870152713
,,grass,,23.194832193133923,53.1080811615863
,,forest,,23.097325550738486,53.08461432469214
,,grass,,23.165208573507726,53.12356190451026
,,grass,,23.16565580303276,53.12355921837149
,,forest,,23.224679404774587,53.17271903365795
,,forest,,23.23472331746477,53.17034956528567
,,forest,,23.24854785633745,53.16954742372631
,,forest,,23.239960226061932,53.17160013556011
,,forest,,23.226165413815693,53.17152877572394
,,forest,,23.221038572354935,53.174776694068974
,,forest,,23.218872706864687,53.17675435267997
,,grass,,23.181060645469472,53.1243056380217
,,forest,,23.156758618713386,53.090094535287854
,,forest,,23.047379522309644,53.11779506328226
,,forest,,23.078565371089503,53.09848349795019
,,forest,,23.074181004593104,53.11417036235724
,,forest,,23.097936812303796,53.0970037455637
,,forest,,23.105063772224355,53.09455920734506
,,forest,,23.111630483885524,53.09600334561614
,,forest,,23.102238075792044,53.09455876178633
,,forest,,23.102345081717917,53.09111313820528
,,forest,,23.109294295443373,53.097163114649405
,,forest,,23.104604178093382,53.085603190255
,,forest,,23.100360667055288,53.089210139806895
,,forest,,23.238311160212284,53.12947766201362
,,grass,,23.086880921712265,53.12197424491501
,,,wood,23.080207225102832,53.13333169492212
,,forest,,23.139763894107638,53.101862404474254
,,forest,,23.124776821416294,53.06577497162726
,,forest,,23.11492754346165,53.06520437255961
,,forest,,23.173011922084502,53.07995171040541
,,forest,,23.160898890861215,53.08590075693175
,,forest,,23.100990541873333,53.079511736510014
,,forest,,23.15787404607488,53.08565937714845
,,forest,,23.091572675560183,53.07010478883513
,,forest,,23.18120713944143,53.081694207399075
,,forest,,23.101204592329015,53.07839576776163
,,forest,,23.096184670524515,53.06668815768076
,,forest,,23.083786303951616,53.06254899356948
,,forest,,23.194063464264556,53.08528105379757
,,forest,,23.093178673123102,53.078181515837464
,,grass,,23.19622984258497,53.13154793434652
,,grass,,23.153021624144547,53.125898295075395
,,grass,,23.15299486278982,53.12580841296842
,,grass,,23.243372919671568,53.15809460566165
,golf_course,,,23.113072481296758,53.13130471794583
,,forest,,23.07995911161575,53.19526843062807
,,grass,,23.107598786320324,53.14082605805373
,,grass,,23.107298421632642,53.14089375430089
,,grass,,23.107199248336112,53.1407131664781
,,grass,,23.107096450790333,53.14053265631101
,,grass,,23.106544541052994,53.14505955574254
,,grass,,23.106648512655436,53.144897014564364
,,forest,,23.058349243483665,53.13578342375623
Park im. Andrzeja Piotra Karolskiego,park,,,23.1135081556119,53.12919773694351
,,forest,,23.050158882954488,53.142632331235326
,,forest,,23.195966518643182,53.06007445917095
,,forest,,23.058172547450027,53.11185257549053
,,grass,,23.212530372582663,53.16884473859147
,,grass,,23.212190247958198,53.1686460199761
,,grass,,23.212051748676625,53.168788885168865
"Skwer Świętego Konstantyna Wielkiego, cesarza",,grass,,23.155062754205915,53.13244476107843
,,grass,,23.164525297395453,53.1398414246532
Plac Mordechaja Tenenbauma,park,,,23.149646604634576,53.137866597318066
,,grass,,23.214649433873614,53.11399647287579
,,grass,,23.2083897847382,53.116270592288814
,,grass,,23.169050265579127,53.138537525685486
,,grass,,23.169612443605228,53.138890023425745
,,forest,,23.23463585261674,53.05596638074821
Dwór,park,,,23.233340178843974,53.05831674944497
,,grass,,23.208723577611053,53.119954906943526
,,grass,,23.20864890774405,53.119647822042495
,,grass,,23.208750078036893,53.11625004934227
,,grass,,23.209162011684292,53.11636292561961
,,grass,,23.20947881477442,53.1164987579848
,,grass,,23.209573455753684,53.116671753075956
,,grass,,23.20929284895831,53.11751620676471
,,grass,,23.21006729803206,53.116129489634375
,garden,,,23.1971488594111,53.12494603023771
,,grass,,23.20049700275039,53.121723506569154
,,grass,,23.200009062308173,53.12162552984638
,,grass,,23.200987967925652,53.12183020643646
,,grass,,23.20089017945623,53.12187565104443
,,grass,,23.200496159113612,53.12184042403091
,,grass,,23.155156924293646,53.11877263236126
,,grass,,23.15526085024167,53.119310829879375
,,grass,,23.15560622467106,53.1190823696286
,,grass,,23.154068377830008,53.119350592577874
,,grass,,23.168289108797268,53.13681280894603
,,grass,,23.168528603613456,53.13657677210762
,,grass,,23.168594966666664,53.13647533333333
,,grass,,23.168701580675485,53.136481442927014
,,grass,,23.167863988013153,53.13709891863748
,,grass,,23.167856436155233,53.13727254632722
,,grass,,23.185245876852196,53.106389693110074
,,grass,,23.184923110549278,53.10683490576826
,,grass,,23.083109475181967,53.13545829310884
,,grass,,23.21980350342323,53.11624698570309
,,grass,,23.100739225379257,53.16168892600941
,,,,23.22492557638721,53.130696282685776
,,,,23.210130427574697,53.12944568805422
,,,grassland,23.222108887389982,53.138198509793064
,,,grassland,23.087997836425536,53.13394058589029
,,,grassland,23.094925305259608,53.13784422903528
,,grass,,23.18707773801983,53.13067878093627
,,grass,,23.18747143255417,53.13069614251983
,,grass,,23.187594688947463,53.13039361140452
,,grass,,23.187096183111322,53.130428135778985
,,grass,,23.188022881136508,53.13051048071574
,,grass,,23.18682452351779,53.13093995514155
,,grass,,23.187288706358544,53.13115926154133
,,grass,,23.1878393352601,53.13075516706676
,,,wood,23.098625526462826,53.07821774933985
,,,wood,23.068345460481336,53.06607312665081
,,forest,,23.059779501214894,53.06012807960756
,,forest,,23.052702123549608,53.059657602047295
,,forest,,23.105869221006245,53.04297479090187
,,grass,,23.195923573236676,53.132531983874884
,,grass,,23.196197779738476,53.13253842075909
,,grass,,23.196424436099704,53.132513515796056
,,grass,,23.19668397598458,53.13244712738553
,,grass,,23.1967705944837,53.1322854678455
,,grass,,23.196731647723997,53.13217227970591
,,grass,,23.196324757194535,53.13223206281664
,,grass,,23.1962073603563,53.13208862752603
,,grass,,23.196108723904565,53.131999829747784
,,grass,,23.19625301291906,53.131963630717024
,,grass,,23.19632506478808,53.13202191577835
,,grass,,23.195972672606032,53.13208524959602
,,grass,,23.19586222796935,53.13214672260537
,,grass,,23.195765011409062,53.132263844925056
,,grass,,23.195709440395248,53.13218155245823
,,grass,,23.19541531667971,53.13225237266788
,,grass,,23.19555242682785,53.13221770108812
,,grass,,23.19543335857105,53.13231241681704
,,grass,,23.195627042682098,53.13234019660502
,,grass,,23.195548356189523,53.13240560523613
,,grass,,23.195541935933022,53.1325982599376
,,grass,,23.196502831752433,53.132094960067796
,,grass,,23.196576872286773,53.13195190605475
,,grass,,23.196502592666853,53.13189437314297
,,grass,,23.196441810279524,53.13181899295105
Park poddworski,park,,,23.1030884861951,53.09026065256551
,,grass,,23.100911925826882,53.130865617370496
,,grass,,23.099430819531108,53.13056197922845
,,grass,,23.09977377601407,53.130495227608996
,,grass,,23.100063302087978,53.130432213607556
,,grass,,23.09950881034691,53.130758651116636
,,grass,,23.17382263190958,53.137246303438225
,,grass,,23.172440964828432,53.13960278988035
,,grass,,23.10043886611397,53.130660548982114
,,grass,,23.100458533931132,53.1308418712423
,,grass,,23.100247785583804,53.13087739741728
,,grass,,23.10018275787974,53.130777067872025
,,grass,,23.100249239285073,53.13097533840798
,,grass,,23.100523550179805,53.131007295833065
,,grass,,23.100571576502226,53.13118048813515
,,grass,,23.100408283481862,53.131329815450556
,,grass,,23.100044336006604,53.131263756851155
,,forest,,23.237963630227508,53.17021111568191
,,grass,,23.1984177057672,53.13093557415868
,,grass,,23.198282650742964,53.13115940447292
,,grass,,23.198528957992117,53.13114459808769
,,grass,,23.19868917798579,53.131135517200164
,,grass,,23.19885246467666,53.13107738834953
,,grass,,23.19885121434552,53.13080401509669
,,grass,,23.199086665609165,53.131009502658365
,,grass,,23.199025686623028,53.1307077618494
,,grass,,23.19936229932362,53.130792243618814
,,grass,,23.199111425108374,53.13030742387171
,,grass,,23.199598684959838,53.13049980673477
,,grass,,23.196709273493525,53.13131762379064
,,grass,,23.197057895253955,53.13123783683254
,,grass,,23.197256650897874,53.1312181151042
,,grass,,23.197454829650606,53.13119913274167
,,grass,,23.197591030188654,53.13103971431219
,,grass,,23.19755327862385,53.13088383530062
,,grass,,23.197514741235214,53.13073441960349
,,grass,,23.196307831163857,53.131292353199655
,,grass,,23.196189533722332,53.13117690919717
,,grass,,23.196067498235443,53.13105091476197
,,grass,,23.196016114254103,53.13083769661531
,,grass,,23.196335952094664,53.13096678273726
,,grass,,23.19660834958895,53.131109430445676
,,grass,,23.196584174360908,53.13113963915716
,,grass,,23.19702768688354,53.131087357690866
,,grass,,23.196942969754648,53.13104376263979
,,grass,,23.197258649907134,53.13099106780318
,,grass,,23.197255108905495,53.13106175476542
,,grass,,23.197208097537725,53.130766638523106
,,grass,,23.196997710683647,53.13074657979066
,,grass,,23.196845837059826,53.13060631613556
,,grass,,23.19601858849846,53.13062753394445
,,forest,,23.095580565020942,53.06269555477992
,,forest,,23.082904108691388,53.07315614019815
,,forest,,23.090023949209243,53.07941000605181
,,forest,,23.23299937674212,53.13665619094503
,,,wood,23.222364206208884,53.134551749176715
,,,wood,23.227790034440883,53.13329951128773
,,,wood,23.22486875279712,53.13441976732204
,,grass,,23.11865226865382,53.10881457575413
,,grass,,23.119086666090162,53.108851480423986
,,grass,,23.16262453547021,53.08358368381228
,,forest,,23.05740349500427,53.13397260386338
,,forest,,23.059935436149363,53.125985839209235
,,forest,,23.07664224256577,53.07517219872804
,,grass,,23.094225836537497,53.061405789194
,,forest,,23.100468209298274,53.05821817076384
,,forest,,23.14483155194811,53.05534541594159
,,forest,,23.152950903885255,53.05388233141425
,,forest,,23.1365572643385,53.08289658575245
,,forest,,23.248077142373923,53.11459972122549
,,grass,,23.18949135754968,53.12902979489741
,,grass,,23.17061760921328,53.13041298769375
,,grass,,23.169499738969822,53.131310074130795
,,grass,,23.169828233333334,53.1309542
,,grass,,23.169563403039845,53.13115992669866
,,grass,,23.169112053695986,53.13155351612972
,,grass,,23.168629272673055,53.131772443688384
,,grass,,23.0912093,53.14805265
,,,grassland,23.137688588543075,53.154469343432666
,,grass,,23.143058406252525,53.10502217119052
,,forest,,23.12200780014843,53.169337838223
,,,grassland,23.17247829531139,53.10606959567405
,,,wetland,23.07780066167827,53.08473963394676
,,forest,,23.19634921912614,53.065208068122935
,,,grassland,23.18846633074709,53.121498768321224
,,grass,,23.156712808818487,53.146222148002416
,,forest,,23.248997784605002,53.147477025319944
,,forest,,23.2486628292084,53.14960173521694
,,,wood,23.249460283116125,53.15189137197226
,,grass,,23.21215708881644,53.14760213055594
,,forest,,23.2274071508023,53.15066110703567
,,forest,,23.147718203622308,53.11008146310644
,,grass,,23.193017894805564,53.126182269831176
,,grass,,23.188738302523575,53.12902542586076
,,grass,,23.1891146173862,53.12916747718575
,,grass,,23.18951476375851,53.128909450923096
,,grass,,23.189034796160282,53.12879317638524
,,forest,,23.075381518769987,53.113513887259934
,,,wood,23.10589038757365,53.14256922357067
,,forest,,23.21103478932169,53.17462114848081
,,,wood,23.149535120989942,53.120695076930325
,,forest,,23.092242690703323,53.196435183518574
,,grass,,23.163831699184612,53.140532634576985
,,grass,,23.115722833333336,53.14455556666667
,,forest,,23.109165528702484,53.140148791521135
,,,wood,23.246808643951752,53.18355376816971
,,,wood,23.2392053770363,53.180758766716586
,,grass,,23.12896661779259,53.11503993782826
,,grass,,23.057441918106644,53.05927857201082
,,meadow,,23.11372173943134,53.08758290647621
,,,wood,23.06004314442528,53.07996441190214
,,,wood,23.062269732140326,53.07392858596273
,,forest,,23.04896155150027,53.07541270287992
,,forest,,23.052305464965382,53.07277523485694
,,forest,,23.064058173298466,53.065069335853
,,grass,,23.10255270984829,53.14067890595989
,,,wood,23.107452899268907,53.06989653670564
,,grass,,23.12579457428739,53.13650046126943
,,grass,,23.125595866666668,53.13667336666666
,,grass,,23.108673016187865,53.14120975041456
,,grass,,23.110809300711125,53.14360165177558
,,grass,,23.1100715093349,53.1428789196538
,,grass,,23.109598318582268,53.14244430475881
,,grass,,23.1664373154752,53.13085849770981
,,grass,,23.166264170001117,53.13085158244069
,,grass,,23.165800922363694,53.13121126730646
,,grass,,23.165863581628837,53.13130724211116
,,grass,,23.190892399753853,53.12811207109504
,,grass,,23.165039134940837,53.12762450883616
,,grass,,23.164975498230945,53.12778085502754
,,grass,,23.1647912,53.12798080000001
,,grass,,23.165133577784356,53.1281233756138
,,grass,,23.165569299999998,53.12865660000001
,,grass,,23.1657122,53.12872434999999
,,grass,,23.16586519454463,53.128610865789554
,,grass,,23.16581146690607,53.128487136341114
,,grass,,23.166137009494808,53.12823403490339
,,grass,,23.16595354604484,53.128145409606255
,,grass,,23.165613703692916,53.128407647294424
,,grass,,23.16627680853685,53.12821056529856
,,grass,,23.165613479471855,53.12823725278273
,,grass,,23.196063243736404,53.12008545623011
,,grass,,23.162397352073498,53.13237718611989
,,grass,,23.087436310554928,53.11468068192253
,,grass,,23.087211811986524,53.114932137942745
,,grass,,23.088467555280708,53.113546520149136
,,grass,,23.088218778625603,53.11381558335908
,,grass,,23.087827911842226,53.114246818573825
,,grass,,23.087666330438555,53.1144205725561
,,grass,,23.12332075588538,53.12897918603465
,,grass,,23.170360066426337,53.129865022323244
,,grass,,23.16992954376375,53.129691773567146
,,grass,,23.16961252840916,53.12958509556716
,,grass,,23.170545101492234,53.12994402430505
,,grass,,23.17039979901573,53.129943173373846
,,grass,,23.170286560382554,53.13005656995948
,,grass,,23.170002215465566,53.1302455367398
,,grass,,23.16986735503349,53.130041175273284
,,grass,,23.116112066531652,53.125173186389425
,,,grassland,23.12701671927034,53.157699641305626
,,,grassland,23.129845911792966,53.15725626792368
,,,grassland,23.129338774752114,53.156217717069495
,,,grassland,23.119051116427084,53.158347392145636
,,grass,,23.216624815682238,53.12685640958737
,,grass,,23.217935896350387,53.126900103352995
,,grass,,23.218250872284287,53.12684124798322
,,grass,,23.219376575459382,53.12738518531899
,,grass,,23.21886396508676,53.12782283010719
,,grass,,23.21889289455234,53.127521427393226
,,grass,,23.217424077920057,53.127449254698185
,,grass,,23.217611646837472,53.12762962555174
,,grass,,23.21781135193184,53.127407884077144
,,grass,,23.21784598959104,53.12758370963967
,,grass,,23.218130957066666,53.1270837184177
,,grass,,23.218113140194667,53.12728362774873
,,grass,,23.21837979731922,53.12698297256413
,,,wood,23.080758424517715,53.10622099900232
,,,wood,23.085938443509775,53.10652762436117
,,,wood,23.08139540149767,53.10374958733774
,,,wood,23.08050627317014,53.105092521926004
,,,wood,23.084924017561523,53.104340866060205
,,,wood,23.08747720584521,53.105368697191615
,,grass,,23.191228715426426,53.12181382890106
,,grass,,23.18896395082555,53.12252901933464
,,grass,,23.187284396326355,53.123055118781686
,,grass,,23.184642943557762,53.12404529159745
,,grass,,23.182568267266042,53.12468053768757
,,,wood,23.090893090187024,53.156228919547154
,,grass,,23.19429808572977,53.13105188940849
,,grass,,23.194026490798652,53.13103635257023
,,grass,,23.194014439507608,53.13117966923686
,,grass,,23.19042528447713,53.12812354003387
,,grass,,23.191778843198964,53.12797131118478
,,grass,,23.190773633015954,53.128256915704604
,,grass,,23.19133779638984,53.128176273889835
,,grass,,23.193272430141487,53.12797075645316
,,grass,,23.193326679713817,53.127918438457364
,,grass,,23.19285543652009,53.12786331185514
,,grass,,23.192530950000005,53.1281383
,,grass,,23.192670167675107,53.128123409401304
,,grass,,23.19245513333333,53.12810606666667
,,grass,,23.19267396086453,53.1278782152182
,,grass,,23.19272047013694,53.12798628853879
,,grass,,23.19238950260046,53.12801935653854
,,grass,,23.192377580789433,53.127905904887214
,,grass,,23.16665098955707,53.11647703213612
,,grass,,23.154729576880655,53.13348464847195
,,,grassland,23.236198265356943,53.148600095670986
,,,wood,23.221945453305608,53.154521688780704
,,,grassland,23.231746061931087,53.15602959742961
,,,wood,23.225460860353113,53.16054160313861
,,,wood,23.225049008650586,53.15952486907672
,,,wood,23.22361698645822,53.16025452184743
,,,wood,23.232330718561737,53.15144846355819
,,,wood,23.235222062990697,53.150449257693644
,,,wood,23.231366725831027,53.14997041369122
,,,wood,23.228355322977443,53.15244325919076
,,,wood,23.235482783831557,53.15343694874683
,,,wood,23.23721088852909,53.15310355082533
,,,grassland,23.234220616223542,53.16666402111342
,,,grassland,23.234203519014933,53.16259886727115
,,,grassland,23.23735367856822,53.1654746935945
,,,grassland,23.23034591674903,53.1642744055451
,,,grassland,23.225963154003978,53.16531685125741
,,plant_nursery,grassland,23.228054963526457,53.16435108735963
Turowa,,,wood,23.234362223153134,53.164948457481266
,,,wood,23.237961867415876,53.15692227790233
,,,wood,23.23729875233938,53.15574725036842
,,,wood,23.23297365427777,53.157167568348186
,,,wood,23.229822460529014,53.15693473643868
,,,wood,23.227919214147818,53.15714692989954
,,,wood,23.22864324539336,53.15948947617286
,,,wood,23.23715389153678,53.157435858080575
,,,grassland,23.236641002425046,53.15876773970094
,,,wood,23.234360232740674,53.16190680213916
,,,wood,23.19977623444557,53.13837141797146
,,,wood,23.199329946595256,53.13795252312904
,,,wood,23.217283385945425,53.139814396970536
,,,wood,23.21704711782444,53.13883409766725
,,,wood,23.218859339739428,53.14119451776438
,,,wood,23.21767627820355,53.1412480857805
,,,wood,23.21651286225501,53.13947033512126
,,,wood,23.215868296057426,53.140190507059664
,,,wood,23.21553187625967,53.13913798546553
,,,wood,23.21813852545621,53.139906070558894
,,,wood,23.21916282216846,53.14001464519054
,,,wood,23.220264693981925,53.1399637826148
,,,wood,23.221351128263642,53.13993842757907
,,,wood,23.2204445699089,53.141469585552144
,,,wood,23.22164945397781,53.14117352525988
,,,wood,23.22313761531746,53.14028822563633
,,,wood,23.2206099661569,53.13939431786938
,,,wood,23.2179547619245,53.138660652989316
,,,wood,23.218899444287672,53.13882381648404
,,,wood,23.224475179452448,53.135791206209156
,,,wood,23.22314126654362,53.137366998794676
,,,wood,23.22155814172494,53.1374257201082
,,,wood,23.220502224106685,53.13731999498676
,,,wood,23.219550269400617,53.13756113725992
,,grass,,23.17117827881066,53.13315222039855
,,grass,,23.170860589722146,53.13304766405409
,,grass,,23.171653889930813,53.13369170632199
,,grass,,23.17117420131602,53.13347291304292
,,grass,,23.150764376416866,53.13096122610308
,,grass,,23.15063582428327,53.130559890835336
,,grass,,23.150667892922268,53.130207432001356
,,grass,,23.150164517587932,53.13040554422491
,,grass,,23.150340377387085,53.13039676470191
,,grass,,23.150584800031123,53.1310840094521
,,grass,,23.15050470744112,53.13119348547877
,,grass,,23.116016170280165,53.137631523886306
,,grass,,23.116000266610513,53.13794056735464
,,grass,,23.115825030985167,53.13765340015497
,,grass,,23.115608584994742,53.13786879255621
,,grass,,23.11523354963124,53.13805992933403
,,grass,,23.11423751670531,53.13704069449628
,,grass,,23.115029883113785,53.13780359445511
,,grass,,23.114834979657747,53.137549465806565
,,grass,,23.114148144523647,53.137472761534376
,,grass,,23.113967315397304,53.13757046068452
,,grass,,23.114621647999968,53.138145476177215
,,grass,,23.114768921472578,53.13805766271619
,,grass,,23.11382950163731,53.137659831974204
,,grass,,23.11375285241955,53.13770758071639
,,grass,,23.11419424147627,53.13812809295025
,,grass,,23.114940527938884,53.13795610476614
,,grass,,23.145826096541647,53.159720860838505
,,grass,,23.141074637530814,53.1597006360506
,,grass,,23.141458654393432,53.15975456726865
,,grass,,23.14274922594617,53.15972779066296
,,grass,,23.141752720351842,53.15969963742644
,,grass,,23.141885564097265,53.1598579774908
,,grass,,23.161042152799208,53.12674920011948
,,grass,,23.15857901964479,53.13684874007903
,,grass,,23.158522337096738,53.13714628774938
,,grass,,23.158411746294075,53.13733005559865
,,,grassland,23.199463986420525,53.16173585836613
,,,grassland,23.199779731012626,53.16161291643815
,,,wood,23.083861860658782,53.13131102274254
,,grass,,23.17693386045102,53.14317158440134
,,forest,,23.14224598460919,53.08246487037998
,,grass,,23.166152210337412,53.13064891760909
,,grass,,23.16588713954625,53.13052623402587
,,grass,,23.165554175662173,53.13046659912076
,,grass,,23.164973712488905,53.13093090352556
,,grass,,23.165448800494243,53.13119690490477
,,grass,,23.165184681678934,53.13107290085552
,,grass,,23.16521176192181,53.13132752433573
,,grass,,23.13016271254393,53.113969004952985
,,grass,,23.138629430820746,53.10166166913559
,,,grassland,23.206269779890743,53.10541857669084
,,grass,,23.098081118879534,53.15959162635096
,,forest,,23.148468721415593,53.176676832509685
,,forest,,23.148666630746284,53.175649463563175
,,grass,,23.152826184172795,53.124863205216165
,,grass,,23.15259191729446,53.125174150880916
,,grass,,23.152356599999997,53.12540825
,,,,23.223116602699474,53.12774612060757
,,,,23.216610451942078,53.13083602696058
,,,grassland,23.115916519937898,53.11163977496947
,,,grassland,23.117601092015697,53.112228530733155
,,grass,,23.13762045206645,53.13695865182288
,,grass,,23.137213754558136,53.13712781856896
,,grass,,23.136893291400167,53.1377103234858
,,,grassland,23.07443609578058,53.16106266890007
,,grass,,23.14341648882976,53.15461311088266
,,grass,,23.133648888567265,53.14522956509596
,,grass,,23.13361992377413,53.145108299211124
,,grass,,23.134703833333333,53.1457221
,,grass,,23.13560829455422,53.146425106588715
,,grass,,23.13525955078584,53.14647503052128
,,grass,,23.13577812373402,53.14635937858659
,,grass,,23.134830089961383,53.14566752543497
,,grass,,23.13454176824879,53.145449508113195
,,grass,,23.134461962511363,53.14572661244895
,,grass,,23.134591537793654,53.14565581594838
,,grass,,23.134757555490268,53.14595203580005
,,grass,,23.13565691292646,53.14663829093179
,,grass,,23.136011261358313,53.14639336600536
,,grass,,23.13642161747274,53.1472520022861
,,grass,,23.136571115749053,53.14719119989714
,,grass,,23.137530686419822,53.1485105898343
,,grass,,23.137438691582606,53.14883336894315
,,grass,,23.137035527808777,53.148199526765666
,,grass,,23.13689157440314,53.148166492911656
,,grass,,23.137238968209267,53.14934244477998
,,grass,,23.137447768679966,53.14974199566672
,,grass,,23.137902361384928,53.15009851659022
,,grass,,23.137781374032464,53.148748076623036
,,grass,,23.137708855223156,53.150147449273376
,,grass,,23.13799317472472,53.1515515993456
,,grass,,23.138429279133906,53.152573424695014
,,grass,,23.138739930970583,53.15351221171293
,,grass,,23.138168067938455,53.15237454651417
,,grass,,23.138145106872987,53.152840775703645
,,grass,,23.137874869483223,53.15180861651917
,,grass,,23.137763506283388,53.15129040225433
,,grass,,23.138923829831796,53.15306392884402
,,grass,,23.19422807644871,53.13583459019516
,,grass,,23.195061845853775,53.13513502771286
,,grass,,23.188862939929745,53.13693809564583
,,grass,,23.194191733333334,53.134402099999996
,,grass,,23.193914167625383,53.134339322378274
,,grass,,23.194027727059908,53.13453992969059
,,grass,,23.193214206329525,53.1340443009094
,,grass,,23.193091246949283,53.135410537506125
,,grass,,23.192068066666668,53.13504856666667
,,grass,,23.192110240063286,53.13490628822606
,,grass,,23.19185493333333,53.13504856666667
,,grass,,23.19174835985149,53.13490651167556
,,grass,,23.192461607932763,53.135033424244085
,,grass,,23.19277461373768,53.13497704165672
,,grass,,23.192672660004522,53.134324937776896
,,grass,,23.191934924666263,53.13433285528937
,,grass,,23.19173333333333,53.133494999999996
,,grass,,23.191955853343654,53.13353808531834
,,grass,,23.192301658521654,53.13354935424551
,,grass,,23.192412666666662,53.133211700000004
,,grass,,23.193211913693098,53.1333235668748
,,grass,,23.19393830137084,53.13396938107822
,,grass,,23.19437486787002,53.13404753241931
,,grass,,23.189712584409715,53.13672170939844
,,grass,,23.191624386144117,53.13607401747593
,,grass,,23.190774888263064,53.13646471051856
,,grass,,23.190019426968917,53.13610025120771
,,grass,,23.189581582938143,53.135924914077684
,,grass,,23.189896520719135,53.13601697564417
,,grass,,23.190286740458923,53.13617458458583
,,grass,,23.190397753667874,53.136093723923075
,,grass,,23.190899059012654,53.13570895055789
,,grass,,23.191996466110663,53.13534209285834
,,grass,,23.191273713716168,53.13451906044166
,,grass,,23.19072425449018,53.134389529023366
,,grass,,23.187102019389382,53.13497939858627
,,grass,,23.187710487049095,53.13499268139248
,,grass,,23.188006083246837,53.13493062282079
,,grass,,23.188242804666544,53.13494337944485
,,grass,,23.188591282735935,53.13483703576975
,,grass,,23.18794014123144,53.13481464853674
,,grass,,23.186854112962685,53.134757585382275
,,grass,,23.185567583937285,53.134800406006235
,,grass,,23.185736768781723,53.13470341681227
,,grass,,23.185156264130068,53.13487870745691
,,grass,,23.18577443907364,53.13499807578059
,,grass,,23.186253321326696,53.13493308166988
,,grass,,23.1871488279437,53.13518563158868
,,grass,,23.18693877047009,53.13557862906775
,,grass,,23.187835646140673,53.13627469633917
,,grass,,23.187552226543374,53.13816073302492
,,grass,,23.187334685223373,53.1378174737424
,,grass,,23.187813353553043,53.13687873957454
,,grass,,23.18789720331021,53.13737280899781
,,grass,,23.187164365477216,53.136739159483035
,,grass,,23.186787166666665,53.136723
,,grass,,23.18688426666667,53.13697870000001
,,grass,,23.186514792452087,53.13703556139251
,,grass,,23.18577411691054,53.137232882174715
,,grass,,23.186345900000003,53.137431899999996
,,grass,,23.1868357955516,53.137716565832825
,,grass,,23.187077883485944,53.1360741489253
,,grass,,23.18634361346568,53.13640547096474
,,grass,,23.18632987830686,53.136563298572725
,,grass,,23.191375466666667,53.134973466666665
,,grass,,23.191156987732505,53.134906448942864
,,grass,,23.189557835780374,53.13569283538709
,,grass,,23.189000125752358,53.13563885511343
,,grass,,23.18902813333333,53.13578826666666
,,grass,,23.188838539290387,53.13585034202878
,,grass,,23.188565319799107,53.13560938021997
,,grass,,23.188448754187736,53.13503204954333
,,grass,,23.188630657775757,53.1349535764123
,,grass,,23.18945139543666,53.13486042446885
,,grass,,23.191060685994774,53.13505220099596
,,grass,,23.19093997878153,53.13501785222252
,,grass,,23.19017777121645,53.135525256447146
,,grass,,23.18918870728091,53.135248822040715
,,grass,,23.189494589369545,53.13512731713081
,,grass,,23.189677592471565,53.13550239226229
,,grass,,23.19047765287632,53.13477348566504
,,grass,,23.161830264485847,53.13620920556365
,,grass,,23.16174761801761,53.13624929585487
,,grass,,23.156230941032675,53.139614855951194
Skwer Dobrego Sąsiedztwa,garden,,,23.155735971469,53.139501453883106
,,meadow,,23.100061323273437,53.06197324864244
,,grass,,23.195856332901133,53.103700700344895
,,grass,,23.196838606672294,53.105120089917925
,,grass,,23.1952267564938,53.103132852950864
,,grass,,23.19593188305811,53.10404068170041
,,grass,,23.196207858123856,53.10437393360869
,,grass,,23.195805765909334,53.10389313610267
,,grass,,23.19605019137563,53.10392543074484
,,grass,,23.196222200223396,53.10413089271039
,,grass,,23.1963833,53.10433125000001
,,grass,,23.195478220413193,53.10322805104866
,,grass,,23.19564547347018,53.103440608829374
,,grass,,23.19684335029423,53.10488086998442
,,grass,,23.196566347371718,53.10454897767134
,,grass,,23.196326315432835,53.1045185544944
,,grass,,23.196642018187678,53.10488604778302
,,grass,,23.16724389284884,53.10631286609074
,,,grassland,23.17055484026644,53.10845645756755
,,forest,,23.226351771896756,53.06639898660544
,,forest,,23.22088058698016,53.06500786004681
,,grass,,23.211255122132155,53.13451884960301
,,grass,,23.19365890973311,53.13557506587249
,,grass,,23.153845745527256,53.128903134945446
,,grass,,23.157710233333333,53.127954266666656
,,forest,,23.074573739486773,53.182742381542155
,,grass,,23.122165360049742,53.14456142274622
,,grass,,23.12200969456571,53.14450442905042
,,grass,,23.1223004,53.14461646666666
,,grass,,23.1237886067124,53.107624980494826
,,grass,,23.12386916038184,53.107475235096494
,,grass,,23.12392039459975,53.107358453547555
,,grass,,23.12379196928563,53.10732099491517
,,grass,,23.123612890884505,53.10728638357659
,,grass,,23.12343734087798,53.10725198765973
,,grass,,23.123182657221218,53.10709213107554
,,grass,,23.123722817390338,53.10714119507782
,,grass,,23.12364981677366,53.10745668435965
,,grass,,23.123619270608483,53.10739686296773
,,grass,,23.123277380673198,53.10752068874696
,,grass,,23.123183596755347,53.10761297605484
,,grass,,23.12437805649651,53.107483592448155
,,grass,,23.124485735378375,53.107320778789095
,,grass,,23.124191712588797,53.1078039778488
,,grass,,23.124305108256916,53.10762525577412
,,grass,,23.124387845953464,53.10722687369856
,,grass,,23.124113122911755,53.10687428413018
,,grass,,23.12445665568751,53.10708155153877
,,grass,,23.123462454967026,53.10687219130795
,,grass,,23.123468964637986,53.10674456910765
,,grass,,23.123175410475763,53.10668208595794
,,grass,,23.122901654575003,53.10661953673042
,,grass,,23.12296705828241,53.106767759845205
,,grass,,23.12251960073887,53.10667403752498
,,grass,,23.122914466273407,53.10700377104519
,,grass,,23.12238496801326,53.10776447532201
,,grass,,23.12469720882314,53.10771144576608
,,grass,,23.123312039293083,53.10866814983202
,,grass,,23.123026176637936,53.108578488657976
,,grass,,23.12493532043976,53.10731127909121
,,grass,,23.125401822833943,53.10727562441512
,,grass,,23.125338314658766,53.10713726980214
,,grass,,23.127343047106834,53.10766999924474
,,grass,,23.12682532258822,53.10757103398954
,,grass,,23.126066551917557,53.10741106956174
,,grass,,23.127745177124748,53.107820675368146
,,grass,,23.129943029691386,53.10861864544079
,,grass,,23.12907289258646,53.107883560082236
,,grass,,23.12134316605755,53.106340802984384
,,grass,,23.120791758868055,53.10650603148675
,,grass,,23.122195111192912,53.106843324376946
,,grass,,23.122454759183576,53.10717516960314
,,grass,,23.1473846793104,53.135921059775875
,,grass,,23.137612551773067,53.1362236876838
,,grass,,23.138640872975312,53.1381259237785
,,grass,,23.138900580209786,53.13749860625342
,,grass,,23.138915660560293,53.13823227948752
,,grass,,23.138649847700073,53.13752692490673
,,grass,,23.137575965838106,53.13638024808597
,,grass,,23.138184333826878,53.13671076095209
,,grass,,23.13842283844231,53.13657367662463
,,grass,,23.141406951770453,53.13659136350396
,,grass,,23.141881444182662,53.13642073255708
,,grass,,23.142289742170746,53.13601177079255
,,grass,,23.14219512443053,53.13597125753652
,,grass,,23.14204450127345,53.13585745388854
,,grass,,23.14157399782359,53.1359095319386
,,grass,,23.140902131591076,53.135988816437845
,,grass,,23.091823231034315,53.12245923615572
,,grass,,23.094454451175167,53.12305089727888
,,grass,,23.1649496811145,53.1361869536137
,,grass,,23.09806384507092,53.11705322694643
,,grass,,23.110731776012894,53.109993798620316
,,forest,,23.09226600809467,53.138129212228755
Las Bacieczkowski,,forest,,23.084921636571593,53.13848539507406
Las Wesołowski,,forest,,23.1364003902721,53.16870773754137
,,,wood,23.119075855382746,53.105693824603776
,,forest,,23.102472432869632,53.10893808082893
,,forest,,23.098114151140198,53.11193788818514
,,forest,,23.101976915446134,53.11335126548118
,,forest,,23.099712419518447,53.11140867668304
,,grass,,23.1490351440431,53.13044779560707
,,grass,,23.149321880635465,53.130471365826054
,,grass,,23.149656965227162,53.13040820257105
,,grass,,23.149163532444554,53.13081247939129
,,forest,,23.090996237449485,53.067874621593724
,,forest,,23.06425808646654,53.06252201252041
,,grass,,23.13547357697173,53.131290114260835
,,grass,,23.13573035391102,53.131743052839305
,,grass,,23.135822175684762,53.13205132450857
,,grass,,23.13605899686538,53.1321950170239
,,forest,,23.04919475422241,53.05713846038706
,,forest,,23.10007055370019,53.0653142827408
,,forest,,23.103353131535968,53.067512193849225
,,forest,,23.103522540003823,53.07068006050629
,,forest,,23.10412368392107,53.075453778215916
,,forest,,23.08880660611394,53.19081272531262
,,forest,,23.089410935247006,53.18903408138454
,,forest,,23.09085440117603,53.193909538894836
,,,wood,23.23361757540807,53.184946299944976
,,,wood,23.224903965583135,53.17635527359372
,,,wood,23.22559586043456,53.177335824424354
,,,wood,23.21852742398714,53.18758704265547
,,grass,,23.21309105965881,53.169390676184356
,,forest,,23.200437645513315,53.14367360442224
,,,grassland,23.215138493404357,53.15095719545029
,,,grassland,23.211935418593356,53.15206756621162
,,,grassland,23.210043738804114,53.15352257560141
,,,grassland,23.211963689802133,53.15657415040763
,,forest,,23.203472831089805,53.15536189398017
,,,grassland,23.20757388523467,53.153011233467744
,,,grassland,23.217465195090032,53.159323065940455
,,forest,,23.209446375657517,53.162551075292
,,,grassland,23.206017569782066,53.15972302674872
,,grass,,23.200194091255998,53.14997032637655
,,,grassland,23.194237082267936,53.16245089360025
,,,grassland,23.190316627590786,53.16508805292467
,,,grassland,23.199170410338816,53.15377594528398
,,forest,,23.190929414540978,53.15626817461012
,,,grassland,23.21284347954816,53.15249038394725
,,,wood,23.19069328101425,53.199613232182756
,,grass,,23.200546566666667,53.1552373
,,,grassland,23.204484162734712,53.15350887487638
,,forest,,23.204534708274156,53.172446241636
,,forest,,23.20787213063358,53.175259783477124
,,forest,,23.206699876433447,53.17586046121241
,,forest,,23.196050560735053,53.17959874020456
,,forest,,23.197502834358865,53.18186910978629
,,forest,,23.20375969535975,53.183180617431326
,,forest,,23.204240974774304,53.18260538605621
,,forest,,23.20047540926823,53.17115639951302
,,,grassland,23.199908301184458,53.172054029732394
,,grass,,23.200201061073773,53.17318902385766
,,forest,,23.199024573639335,53.17493645772225
,,,grassland,23.200330475926727,53.17620760842217
,,,grassland,23.201505084447817,53.17554429607158
,,forest,,23.20703340707906,53.17987716061541
,,,grassland,23.20148556362782,53.17893086514866
,,forest,,23.23362941253382,53.1938220557591
,,meadow,,23.210364043542874,53.19091827663937
,,meadow,,23.19625671192058,53.18784217704277
,,meadow,,23.20543278034585,53.18038627495194
,,meadow,,23.200022113174445,53.18114682232698
,,meadow,,23.200922660912944,53.184085248601384
,,forest,,23.207923622350442,53.183687002093436
,,meadow,,23.211880395180984,53.1866886902837
,,meadow,,23.23097017857396,53.19891550493787
,,meadow,,23.210438933643093,53.19644710517477
,,meadow,,23.230808898423216,53.19735126935145
,,meadow,,23.182820824081688,53.194697801389026
,,meadow,,23.19114572642442,53.19618883751046
,,meadow,,23.190135955951447,53.19307124907072
,,meadow,,23.221280570101367,53.19325531610106
,,grass,,23.22408851419727,53.12937967066779
,,grass,,23.223596416021497,53.129213035467025
,,grass,,23.223665943,53.128382643384015
,,grass,,23.223368142805853,53.12880159301481
,,grass,,23.22183240162644,53.132576428490616
,,grass,,23.222704227823314,53.129896084487896
,,grass,,23.222027376703636,53.12865286138496
,,grass,,23.222785303717338,53.12891988070028
,,grass,,23.22321264391213,53.12907148601137
,,meadow,,23.20377566166579,53.18687830730535
,,meadow,,23.185958587828306,53.18603179070174
,,meadow,,23.182217750473068,53.188641043542674
,,meadow,,23.174290099271147,53.18589721594133
,,grass,,23.178321019860423,53.19755834333335
,,meadow,,23.186919709315887,53.19773233402313
,,,wood,23.19295838252971,53.199227561429055
,,meadow,,23.19177354043198,53.20034840728166
,,meadow,,23.19422562452798,53.19875597522868
,,grass,,23.168089359701668,53.1937135583082
,,grass,,23.169333528630034,53.19417972313421
,,grass,,23.169513232650658,53.1938776185817
,,grass,,23.16923161458579,53.193048434960694
,,grass,,23.170266941948707,53.19260009055014
,,grass,,23.1651492951337,53.19370446944014
,,grass,,23.165452373143456,53.19392140169999
,,grass,,23.16569376811679,53.19374425364379
,,grass,,23.161837827410622,53.193071060228235
,,grass,,23.158377670784223,53.193050375603114
,,grass,,23.15588657072259,53.19303200331694
,,grass,,23.157728451856133,53.19037322902812
,,grass,,23.159938121449915,53.191898928965486
,,grass,,23.166093405972656,53.19372209947885
,,grass,,23.162129103137353,53.1925104458123
,,grass,,23.15671641458579,53.1885707349607
,,grass,,23.156198744367973,53.18870733482691
,,grass,,23.156437466438085,53.18845662770265
,,grass,,23.153713195356005,53.19016063523975
,,,wood,23.15942542093315,53.1932308697696
,,,wood,23.162842500980172,53.19308582568592
,,,wood,23.16104607857692,53.19272745884111
,,,wood,23.164469537124475,53.193126717247694
,,,wood,23.167169947793017,53.19321091319004
,,,wood,23.16697537714685,53.193850621434535
,,,wood,23.168639608446938,53.19316492906189
,,,wood,23.16554435224092,53.19241304890977
,,,wood,23.165632157879497,53.19210233587617
,,,wood,23.166677867073613,53.19258856471936
,,,wood,23.166826240307003,53.19217975316607
,,,wood,23.166441478430084,53.19202071893229
,,,wood,23.162696806113185,53.19209978804434
,,grass,,23.160088257558147,53.19222416933141
,,grass,,23.15742662384665,53.191442152586184
,,,grassland,23.15732529357745,53.189169358408364
,,,wood,23.155106581586686,53.19159916168911
,,,wood,23.15819564229488,53.19219346301066
,,,wood,23.15724377321571,53.19299599914846
,,,wood,23.156581894123832,53.19276773913772
,,,wood,23.15783575810247,53.19089196372287
,,,wood,23.15630183398414,53.18998895390759
,,,wood,23.152432645538845,53.18930125998412
,,,wood,23.1530277837621,53.1900162896857
,,,wood,23.15424457781588,53.18975798609671
,,,wood,23.155027627057656,53.19002760399867
,,,wood,23.157709322790623,53.19408263860617
,,,wood,23.155368162901734,53.19382767028742
,,,wood,23.164062782826512,53.19506101938243
,,,wood,23.166745585203767,53.19488651088085
,,meadow,,23.172399741797626,53.19290058831509
,,meadow,,23.174006315994173,53.196346594337655
,,meadow,,23.171977308219038,53.19447737597284
,,meadow,,23.158370888844914,53.19623756691459
,,meadow,,23.16190646460815,53.19718661011308
,,grass,,23.161949379844426,53.19739824356222
,,meadow,,23.165717496361758,53.19781402039634
,,meadow,,23.168789086774193,53.196753994666736
,,meadow,,23.176127821153017,53.19868813136195
,,meadow,,23.165583880549455,53.18690595909221
,,meadow,,23.16703108351636,53.186981468200464
,,,wood,23.153090893975072,53.18470786293691
,,,wood,23.154314145486392,53.18546322529109
,,,wood,23.157356137142266,53.186632923473304
,,meadow,,23.15591282440029,53.18647615558237
,,meadow,,23.156532131965193,53.184494910093655
,,,wood,23.163186867608243,53.18667921648756
,,meadow,,23.163886451618726,53.18747821667429
,,meadow,,23.16276085720472,53.18530685555476
,,meadow,,23.161249682310576,53.187092198044525
,,meadow,,23.159508315798224,53.18691366481004
,,meadow,,23.159948551845023,53.1854560366102
,,,wood,23.15986509922937,53.184759244591206
,,,wood,23.157343206193946,53.18419834641981
,,grass,,23.149534832402367,53.18493445556253
,,grass,,23.152024593272486,53.18533869424483
,,,grassland,23.150995031940095,53.18266053836511
,,meadow,,23.149360213893665,53.18316642716398
,,,grassland,23.14809275876641,53.175420286056465
,,,wood,23.157511354371493,53.180707733256384
,,meadow,,23.160124976626133,53.18317521853344
,,meadow,,23.18976742021472,53.19143390738358
,,meadow,,23.231079236306833,53.20252076690728
,,meadow,,23.215936862930345,53.19994451864751
,,,grassland,23.14664559408693,53.182405418900345
,,,wood,23.147443095618137,53.1849966525563
,,meadow,,23.144871881698005,53.184976610419724
,,,grassland,23.13155345988099,53.18131509425419
,,,grassland,23.14232452837123,53.18199664085955
,,meadow,,23.182999794025278,53.202636440233206
,,meadow,,23.18029387992855,53.19985049269531
,,meadow,,23.156465272512015,53.19539014330087
,,grass,,23.148825114585783,53.1883547349607
,,grass,,23.149306660243237,53.18850053129939
,,grass,,23.15084892620404,53.190269915505546
,,grass,,23.148904149679016,53.19077304624643
,,grass,,23.145983614585788,53.19094193496069
,,grass,,23.14992980780554,53.189413952015215
,,grass,,23.150206407054654,53.192098370376236
,,grass,,23.146380391687398,53.1911380295171
,,forest,,23.12333823416602,53.193363196255035
,,,wood,23.12601377067036,53.193525317664744
,,meadow,,23.125623594486672,53.19348114682419
,,meadow,,23.124131138001818,53.19367404239902
,,,wood,23.128643568612517,53.19718552945352
,,meadow,,23.12881936002386,53.196833253827634
,,meadow,,23.129259951422103,53.197045445222756
,,meadow,,23.130263784519066,53.197542562454174
,,meadow,,23.1294331556329,53.1963334506759
,,,wood,23.13110654377351,53.194733667931125
,,meadow,,23.131647562718744,53.195833882626566
,,,wood,23.134636241480894,53.19248938120503
,,,grassland,23.12496828775647,53.18450541641142
,,meadow,,23.118026378117445,53.18864392134579
,,,wood,23.108622259118963,53.19026814302525
,,meadow,,23.10572779301604,53.19105555709298
,,meadow,,23.10416653739932,53.19083366593721
,,,wood,23.10150806376138,53.1914043563262
,,,wood,23.099172020843298,53.191478182813306
,,,wood,23.09635648835999,53.19078969808174
,,meadow,,23.10312236695691,53.19194217020449
,,,wood,23.09286288616973,53.18930224434866
,,meadow,,23.09371507914009,53.189051418052145
,,meadow,,23.093876347393937,53.19020289941371
,,,wood,23.129788570472908,53.19218573163226
,,,wood,23.13193419981527,53.19401753680521
,,,wood,23.133362442024684,53.194037848056176
,,,wood,23.135214075259373,53.19474355844614
,,meadow,,23.134248155824444,53.19599209565821
,,meadow,,23.136398793277934,53.19628924163013
,,,wood,23.127938838892458,53.192411137525106
,,meadow,,23.128892325813784,53.19510386884243
,,meadow,,23.120601435385883,53.18913534997075
,,meadow,,23.12128043361319,53.19313403443097
,,meadow,,23.121318498619384,53.19201714718602
,,,wood,23.11696413259877,53.19442054393298
,,meadow,,23.11692775011788,53.19448732088718
,,meadow,,23.12183877470545,53.19497794529326
,,meadow,,23.11959708591459,53.19463937685428
,,meadow,,23.118719068104706,53.19585578961919
,,meadow,,23.128342528327067,53.19378151242354
,,meadow,,23.140302006113984,53.19522744278985
,,meadow,,23.14774373159829,53.19702668399364
,,meadow,,23.1322306145599,53.197576836050445
,,meadow,,23.13359895688445,53.19823343164709
,,,wood,23.13107016666667,53.19759366666666
,,meadow,,23.138192724673026,53.19797216318541
,,meadow,,23.136927228497136,53.20051914661497
,,meadow,,23.132886624269595,53.20021850893354
,,meadow,,23.112972131447524,53.193109754982956
,,meadow,,23.11263152630383,53.19428166899042
,,,grassland,23.120782461748227,53.18216219188948
,,,grassland,23.1166008538419,53.18075266025573
,,,wood,23.112630972864295,53.17862302807001
,,,grassland,23.10863866729047,53.17687132964914
,,,wood,23.11596885389753,53.176939971939554
,,,wood,23.131875819817136,53.17679607847384
,,,grassland,23.118286809286012,53.17271347590335
,,,grassland,23.116329113236073,53.1745942797911
,,,grassland,23.114434430432404,53.17254269651609
,,,grassland,23.1151364913646,53.17620608069053
,,,grassland,23.116860295908825,53.177816578225396
,,,grassland,23.119063991870963,53.177417190115015
,,meadow,,23.188518251459964,53.20112503757072
,,grass,,23.163343058214892,53.200017995740346
,,meadow,,23.16228034260368,53.200603464132065
,,meadow,,23.165456163046873,53.19893204896215
,,meadow,,23.164181308189978,53.19980931074384
,,,wood,23.120369641931376,53.18356367106057
,,meadow,,23.118788619043855,53.190527163075856
,,,grassland,23.13693474620722,53.181922446985865
,,grass,,23.13338898703053,53.18220197882292
,,,grassland,23.129604397978714,53.181234266475045
,,grass,,23.12559394355934,53.18203995582325
,,,grassland,23.122282069288683,53.177442907828194
,,,grassland,23.122682516619847,53.17995469221898
,,,grassland,23.126508179154232,53.17731097742615
,,,grassland,23.130802188448726,53.17690889362386
,,,grassland,23.132884327275917,53.1786049147202
,,,wood,23.135925061979496,53.17848911743144
,,,grassland,23.13453184207841,53.17974300994022
,,,grassland,23.13526632039379,53.17925416713229
,,,grassland,23.137686623794437,53.17854739601961
,,,grassland,23.14378628029799,53.17741693016813
,,,wood,23.14302501253099,53.179252882531294
,,,wood,23.14557146726803,53.175531266004214
,,meadow,,23.17214629567316,53.1816318231425
,,meadow,,23.17858657804412,53.18237179381263
,,,wood,23.175317883617385,53.18223812655442
,,,wood,23.173555743129366,53.183549818793736
,,,wood,23.172913250622926,53.18206913071326
,,,wood,23.17791955854031,53.18194478060672
,,,wood,23.182903659636477,53.18135451116032
,,,wood,23.182395307522018,53.17990606749447
,,,wood,23.17685511660376,53.180451630051515
,,,wood,23.181586312756192,53.18148690421761
,,meadow,,23.180450383660492,53.18029319188346
,,grass,,23.174865793459748,53.18065386867669
,,meadow,,23.1062302756631,53.19032488272022
,,,wood,23.24968517314486,53.19497673158215
,,meadow,,23.2511238484753,53.19439856607652
,,meadow,,23.25897342145134,53.1984735391871
,,,wood,23.244800915461763,53.19354141309082
,,meadow,,23.24621701320932,53.18825520560427
,,meadow,,23.24406455832714,53.18724332461698
,,meadow,,23.243424366512947,53.18356593761216
,,,wood,23.242654259704445,53.19075062051209
,garden,,,23.241568745497524,53.19195557408187
,,meadow,,23.2414022479762,53.19110248227644
,,meadow,,23.23987244066054,53.19418076861145
,,,wood,23.24403888668831,53.19437837671651
,,,wood,23.23672585166258,53.180454877311455
,,,wood,23.237628760910354,53.18027344904769
,,,wood,23.236196238797188,53.18091919144306
,,,wood,23.237393373621668,53.18301513568254
,,meadow,,23.21783852120173,53.20077419604926
,,,grassland,23.24036434215606,53.147624950051394
,,forest,,23.250860613456783,53.150851115760304
,,,wood,23.246481361405817,53.15134297216072
,,,wood,23.247277114309124,53.15512811083715
,,,grassland,23.24164034650402,53.14981384988161
,,forest,,23.248730307142523,53.14259221835652
,,meadow,,23.245545274219243,53.148399229680415
,,,wood,23.243040599607266,53.169328869395734
,,,wood,23.244176161722436,53.16655311927451
,,,wood,23.24372968792439,53.16565169193801
,,,wood,23.24211045188708,53.16494822332715
,,meadow,,23.242812916184686,53.16503776413344
,,meadow,,23.24416687548166,53.16759149727766
,,meadow,,23.233769712799656,53.17258837353922
,,meadow,,23.245609539142915,53.162938645445415
,,meadow,,23.243111004496082,53.16058200973875
,,,wood,23.24343048316621,53.159599476218645
,,,wood,23.24840760560802,53.15732451503595
,,,wood,23.249635778251655,53.16032222143965
,,meadow,,23.248519020904254,53.16035203259873
,,meadow,,23.24844600443684,53.15633995577383
,,,wood,23.250548330266003,53.15477164220972
,,meadow,,23.25100927937511,53.15418806058175
,,meadow,,23.246789274471453,53.1547066383805
,,,wood,23.249559692972202,53.155667944397564
,,meadow,,23.24991825874199,53.15138994126076
,,,grassland,23.23521876493602,53.135056899195334
,,,grassland,23.22836994477816,53.131608408384466
,,meadow,,23.23719729824366,53.132601184557444
,,meadow,,23.23538886814467,53.12726328504747
,,meadow,,23.238321153777534,53.12721139951592
,,meadow,,23.235053952010468,53.12469440886013
,,meadow,,23.242676056248214,53.12157988748608
,,forest,,23.251475273646275,53.11997032116926
,garden,,,23.250601759131715,53.12206254418558
,,meadow,,23.25280947840217,53.122039328614456
,,meadow,,23.241855605950917,53.12787583115037
,,,wood,23.242971104472407,53.128803606750736
,,,wood,23.24790268587321,53.1331957414667
,,,wood,23.243092115971578,53.12092400595056
,,,wood,23.248395579347573,53.119078548021484
,,meadow,,23.249409865911563,53.11875478628577
,,meadow,,23.247114501456842,53.11936023403992
,,meadow,,23.243350793971263,53.119596660905835
,,,wood,23.242753061213637,53.118373758322
,,,wood,23.240726881559553,53.120351455261726
,,meadow,,23.239431790019864,53.119544895585555
,,,wood,23.241109146288583,53.11931053181139
,,,wood,23.23610240469658,53.12170869218164
,,meadow,,23.237433085022456,53.121537289954375
,,meadow,,23.23555446373555,53.11846094046841
,,grass,,23.235408086738236,53.122047252951155
,,grass,,23.23519254211365,53.12082702332648
,,meadow,,23.225345377130925,53.11602634737514
,,,wood,23.23113620878053,53.11818363883291
,,,wood,23.232702571791094,53.11774163773534
,,meadow,,23.245015446738947,53.11723682474282
,,meadow,,23.247212114894946,53.11683991198745
,,meadow,,23.247157799103842,53.11561975400613
,,,wood,23.245625053756925,53.11531405197863
,,meadow,,23.244227432016242,53.114751987607654
,,meadow,,23.241685094278548,53.11631538046658
,,meadow,,23.23505186522796,53.11572750018525
,,,grassland,23.234698499989726,53.10881123162996
,,,wood,23.227207602678185,53.113886145073
,,,wood,23.232054994750733,53.1124108674674
,,,wood,23.234440991693788,53.11344102099057
,,,wood,23.234962540066977,53.113080037384556
,,,wood,23.232606486305716,53.10754779395277
,,,wood,23.238689292040032,53.103618888113026
,,,wood,23.23960569151687,53.10784033794657
,,,wood,23.244795714111063,53.10753939661186
,,,wood,23.246382290334846,53.10695140892143
,,meadow,,23.24556667444537,53.107430488663034
,,meadow,,23.245077478223077,53.10104245325256
,,meadow,,23.248203100959113,53.10369236304587
,,,wood,23.248651282191442,53.10459888312897
,,,wood,23.246163692412175,53.10585996627112
,,,wood,23.245946223963806,53.10543187256479
,,,wood,23.250091096380324,53.103828042439225
,,,wood,23.24586695522176,53.11036439779158
,,grass,,23.163126240192447,53.13520315921676
,,grass,,23.16384336188187,53.13487989482457
,,grass,,23.165072833333333,53.135502733333325
,,,wood,23.245285446669428,53.1127568774342
,,meadow,,23.24204728529123,53.113546742889525
,,meadow,,23.243991333638316,53.11308499550479
,,meadow,,23.2454913561188,53.11204450711423
,,meadow,,23.251088263812804,53.110545923076714
,,meadow,,23.25092489925517,53.11242981670916
,,meadow,,23.25190095093687,53.10276295642022
,,meadow,,23.25014668979594,53.10192988605792
,,meadow,,23.249492724020104,53.10076746237743
,,meadow,,23.25024691190439,53.099107884327175
,,meadow,,23.25198312279258,53.09776523534511
,,,wood,23.247685080866948,53.09699314144585
,,meadow,,23.246797963590307,53.09759087225723
,,,wood,23.24714641274862,53.099293750740074
,,meadow,,23.230541933547098,53.10381117849413
,,meadow,,23.2292313210237,53.1024830274077
,,meadow,,23.230556163176786,53.0992226486782
,,meadow,,23.249975381387006,53.11492241312919
,,,wood,23.18085143476956,53.08997800285794
,,meadow,,23.169122076112764,53.090367319260686
,,,wood,23.161878660256686,53.091929877437174
,,,wood,23.166918977914563,53.09191013368443
,,meadow,,23.16751711460057,53.09136814135016
,,meadow,,23.16435165090226,53.089309045900286
,,meadow,,23.162184177249703,53.089045318252104
,,,wood,23.160835297872275,53.08901125919762
,,,wood,23.16101274239705,53.09018318628038
,,meadow,,23.16006555789434,53.09027394921939
,,,wood,23.167051133410904,53.088625846220246
,,meadow,,23.168876165643557,53.08773778169175
,,meadow,,23.16547532655551,53.087312585820634
,,,wood,23.156459798921208,53.087936509559626
,,grass,,23.158059748500232,53.08516332303463
,,meadow,,23.170319780459344,53.08589254284197
,,meadow,,23.173463546902763,53.08972016137667
,,meadow,,23.175291016351267,53.08881890053175
,,,wood,23.178189593347877,53.09028007413219
,,,wood,23.176966521521827,53.0900669525022
,,meadow,,23.179612730479164,53.08740131555577
,,,wood,23.17678506556281,53.08633080042254
,,,wood,23.1807576985767,53.08657548838687
,,,wood,23.18274369505656,53.08610502650601
,,meadow,,23.179431875473956,53.08530126956772
,,meadow,,23.1858331183372,53.08506461523309
,,,wood,23.186745725832253,53.08506910957812
,,,wood,23.18754524406183,53.08433971989886
,,meadow,,23.187329390277583,53.083481310558525
,,,wood,23.188583430840186,53.082966466548115
,,meadow,,23.193130799013463,53.08184219870745
,,,grassland,23.19894828694416,53.08171759870502
,,meadow,,23.198697811060786,53.08362684219452
,,meadow,,23.194805356320614,53.08033844360205
,,,wood,23.193779242069716,53.080537705910906
,,,wood,23.194971993940726,53.08030097780298
,,meadow,,23.182991530490686,53.08353690428106
,,meadow,,23.180736417542594,53.08329948159105
,,meadow,,23.173666339173817,53.08337771251992
,,meadow,,23.165018735459352,53.077935173120345
,,,wood,23.1614630456276,53.069281745455186
,,meadow,,23.159814491215332,53.08226420365377
,,meadow,,23.155927044665503,53.07962393217146
,,meadow,,23.14863108187561,53.08163392176127
,,,wood,23.14851011854794,53.079906138904875
,,,wood,23.149059880853404,53.08265147570249
,,grass,,23.14790114731374,53.082459414808376
,,,wood,23.14824431610145,53.083348987372126
,,,wood,23.145492001129316,53.078799180379065
,,,wood,23.144788985989184,53.07738063848268
,,meadow,,23.13819445683131,53.08109946979156
,,meadow,,23.135302229938414,53.08125815214834
,,meadow,,23.132799782353707,53.080937453167245
,,meadow,,23.13125723702305,53.07989505032682
,,meadow,,23.12740768527043,53.081130099810544
,,,wood,23.127513915533417,53.08007136069633
,,meadow,,23.12675922482508,53.08603612954649
,,,wood,23.129749316051978,53.08987506819253
,,meadow,,23.124679558029566,53.08659710708763
,,meadow,,23.129460613561214,53.0774904932217
,,meadow,,23.12971348900649,53.07884048898149
,,,wood,23.1278906914873,53.077098275457296
,,meadow,,23.134750217141633,53.08404601486482
,,,wood,23.134267967979927,53.0836367309208
,,,wood,23.134981284431184,53.085444445033154
,,,wood,23.13915006636435,53.08473348711927
,,,wood,23.136776846105832,53.084334817725285
,,meadow,,23.138950127719685,53.08356818709648
,,meadow,,23.13855694291779,53.08262505239086
,,meadow,,23.143511434528975,53.08267436735325
,,,wood,23.14126920603696,53.08448774758851
,,,wood,23.143016927106224,53.08421757835338
,,,wood,23.144003885085187,53.07823976613321
,,,wood,23.148241013031065,53.078144900359476
,,meadow,,23.147990094737402,53.07858135217592
,,,wood,23.14756625963586,53.07643713746871
,,,wood,23.149592381540206,53.07594250198796
,,meadow,,23.14024473921658,53.07666992265702
,,meadow,,23.13903980556291,53.07087996750007
,,meadow,,23.138467005863134,53.072307954309096
,,,wood,23.14659414031192,53.07363383707453
,,,wood,23.147214002451147,53.072626304743444
,,,wood,23.150213675964196,53.07382284229013
,,,wood,23.148132215014318,53.07256607254941
,,,wood,23.149259013984835,53.07265143032044
,,forest,,23.149909826716712,53.06993970830856
,,forest,,23.151945294880385,53.0710141118309
,,forest,,23.15460396057985,53.07231410172543
,,,wood,23.155808657188796,53.07164477175027
,,,wood,23.154169601959754,53.07063599732104
,,meadow,,23.153024011539053,53.07028928494742
,,meadow,,23.14630383243837,53.06844697608589
,,meadow,,23.145354267435106,53.0719856606505
,,,wood,23.146274214129928,53.071678140376946
,,meadow,,23.141380015231434,53.07261863718453
,,meadow,,23.14489694784599,53.0741231023939
,,meadow,,23.148768534155156,53.073644384713006
,,,wood,23.14404059765482,53.076077168630285
,,meadow,,23.147232879851842,53.075639552221205
,,meadow,,23.15049527192857,53.07660858533583
,,meadow,,23.134309409118384,53.07882082620511
,,meadow,,23.13429140466362,53.0768266215037
,,meadow,,23.135641249746797,53.07456844245837
,,,wood,23.13626422432412,53.065562443958946
,,meadow,,23.136262106450108,53.06745455104573
,,,wood,23.128846580263705,53.07071904255927
,,,wood,23.12856231511198,53.071299247922035
,,,wood,23.12900276538565,53.0715118184315
,,,wood,23.129482257670116,53.06991977695443
,,meadow,,23.130445592588266,53.06387208526203
,,,wood,23.130561548771514,53.06652935691902
,,meadow,,23.1318396172779,53.06678233463017
,,meadow,,23.128732145999177,53.075093360801034
,,meadow,,23.170557829634735,53.08242187783183
,,,wood,23.177908330778354,53.075551423637194
,,,wood,23.177467018536387,53.076478869930774
,,,wood,23.187831207522958,53.08092625577793
,,meadow,,23.188274810043236,53.081340260958896
,,,wood,23.18098638629603,53.07892512044147
,,meadow,,23.183383466617833,53.080806574207124
,,,wood,23.176772315610595,53.080736854423904
,,,wood,23.175414302195097,53.08205131100515
,,meadow,,23.174017930691207,53.082137623107954
,,meadow,,23.177768408509536,53.08183070493777
,,,wood,23.179548290475655,53.07952520605579
,,meadow,,23.17964582666428,53.080335566084806
,,meadow,,23.18762281610203,53.07797915974255
,,meadow,,23.187894764332103,53.07905970249201
,,meadow,,23.191640504106964,53.07985931146724
,,meadow,,23.190967032916998,53.0787468702941
,,,grassland,23.201570002481073,53.07963502655206
,,,grassland,23.203957342555988,53.08335637277355
,,,grassland,23.207862399345988,53.08392615523239
,,,wood,23.20743879199953,53.08288926348401
,,,wood,23.21501924556913,53.084037600534785
,,,wood,23.216038876529794,53.08243649424269
,,,wood,23.21473594914417,53.081937269028295
,,grass,,23.159337405133748,53.13377288378098
,,,wood,23.21362378605497,53.081332616636075
,,forest,,23.21542543567415,53.07864528173023
,,,wood,23.21885711275068,53.0795030683545
,,meadow,,23.218007764643495,53.078254024021646
,,,grassland,23.217578276356626,53.07991492647627
,,,grassland,23.21220252704099,53.081308183423076
,,,grassland,23.214389792184154,53.08106453491049
,,,grassland,23.209902811329886,53.07986599988884
,,,wood,23.207640269852895,53.08097452173783
,,,grassland,23.204575228912002,53.08125408966821
,,,grassland,23.214241480782984,53.08494674595782
,garden,,,23.21524568844173,53.08456481862736
,,,grassland,23.21581899223567,53.08363763568839
,,,grassland,23.214362418563468,53.08299600876977
,,,grassland,23.218247502529163,53.08308691272685
,,grass,,23.07000728013118,53.165287188253586
,,meadow,,23.051619118474836,53.17752026696073
,,grass,,23.20219995395573,53.13080895579008
,,grass,,23.117315413734353,53.154954944365976
,,grass,,23.115872782591104,53.15552128891585
,,grass,,23.115708531361836,53.15535072216885
,,grass,,23.115359795590194,53.15517848572129
,,grass,,23.11563624706879,53.155121591227996
,,grass,,23.115735850069775,53.15500508635643
,,grass,,23.115875966666664,53.15504216666666
,,grass,,23.116740896195182,53.15483524301235
,,grass,,23.116956917409574,53.15481218987225
,,grass,,23.11609717143277,53.154929691148524
,,grass,,23.116314068041685,53.15511747596579
,,grass,,23.116498091162665,53.155296524234124
,,meadow,,23.168163481666305,53.19955279329667
,,grass,,23.15678902324703,53.198958118765496
,,grass,,23.157424562523847,53.19870479960309
,,forest,,23.15715885004218,53.199376917522706
,,,wood,23.160324881936237,53.199711275609545
,,meadow,,23.159446186801336,53.20022365970909
,,meadow,,23.15528878120885,53.20149183947643
,,grass,,23.15396406841386,53.20129855283147
,,meadow,,23.153444369823276,53.20057984505269
,,meadow,,23.15242078344261,53.19954195956392
,,meadow,,23.15156693339313,53.199890443518164
,,meadow,,23.150657752651465,53.20023277980374
,,,wood,23.104908735630477,53.19963857855611
,,meadow,,23.10128242077786,53.20119714631025
,,meadow,,23.107319141869876,53.20045728635018
,,,wood,23.109747721992214,53.199879931040286
,,,wood,23.111963266472056,53.199743005041334
,,,wood,23.11490701328553,53.20071084310546
,,meadow,,23.119077254548394,53.198680202473255
,,,wood,23.11323719922085,53.19793278063549
,,,wood,23.111695863368084,53.19820764409216
,,,wood,23.10799813355164,53.1980903932608
,,meadow,,23.108389840719816,53.19859624890834
,,meadow,,23.10104909137067,53.19740224773975
,,meadow,,23.100771209464895,53.19775269533369
,,,wood,23.102895405553262,53.19725383834416
,,meadow,,23.107160950201287,53.196455189846255
,,meadow,,23.112013243129883,53.19611570558541
,,,wood,23.11251226037327,53.195765037096756
,,meadow,,23.11430245238296,53.19521697330796
,,meadow,,23.090610144723826,53.19574277424432
,,,wood,23.10599266050895,53.19640825532604
,,meadow,,23.101486627362558,53.18965124803475
,,meadow,,23.09932178357355,53.18939500814421
,,meadow,,23.095583131375,53.1885302236983
,,meadow,,23.107465546113424,53.18896599083135
,,meadow,,23.097467263571023,53.190162104583415
,,,wood,23.092722037110637,53.1950859075744
,,meadow,,23.091921576871734,53.194221473064204
,,meadow,,23.091199504421507,53.19242436122612
,,,wood,23.090257840849393,53.19271177315213
,,meadow,,23.089441726338052,53.1929713627284
,,meadow,,23.086988872341593,53.19331214418115
,,meadow,,23.08449178395156,53.19486756176034
,,meadow,,23.083129196255893,53.19707968064217
,,,wood,23.082115304797973,53.196352658683324
,,meadow,,23.07847960669735,53.195119885170556
,,meadow,,23.081392017280532,53.19487559347179
,,,wood,23.07706075125104,53.198651904786885
,,meadow,,23.083142031984558,53.2009466769713
,,,wood,23.08829376707699,53.199601591324715
,,meadow,,23.08687770033658,53.19981060288743
,,meadow,,23.083920299469384,53.198636995673986
,,,wood,23.08487824585627,53.19068763543389
,,meadow,,23.085729649584135,53.19005041760456
,,,wood,23.08734180133203,53.18944080419225
,,meadow,,23.088073562306793,53.18923539508101
,,meadow,,23.08703040402635,53.18951502281757
,,,wood,23.089735172086716,53.19023889186249
,,meadow,,23.088187781831262,53.19066263574335
,,,wood,23.090995814821465,53.1918205698091
,,meadow,,23.081705870626593,53.190897816912006
,,,grassland,23.087888336482838,53.184809007122965
,,meadow,,23.08752217419811,53.18802266504803
,,meadow,,23.09032072605026,53.18892069662347
,,meadow,,23.090455987491122,53.187703563636866
,,,wood,23.082158051007067,53.18816982654286
,,meadow,,23.07665796563214,53.18883444735853
,,,wood,23.084346345353566,53.18440071651955
,,meadow,,23.069929489569372,53.18571525000567
,,meadow,,23.0714325076119,53.18672933176123
,,meadow,,23.066850239425882,53.18513704622482
,,meadow,,23.070215510800452,53.19476429240449
,,meadow,,23.07651790703324,53.190855310436675
,,meadow,,23.07884866295463,53.19374853340317
,,meadow,,23.072700588804135,53.194876342097906
,,meadow,,23.07545999074616,53.19532065070789
,,meadow,,23.07946772320909,53.1962592590825
,,meadow,,23.078580640552598,53.19690492983165
,,,wood,23.077272594969585,53.19684061021432
,,meadow,,23.07495042412184,53.19757196747824
,,meadow,,23.072795325394257,53.19693862062034
,,meadow,,23.071005605362856,53.19791699129048
,,meadow,,23.06960464197266,53.19661354254441
,,meadow,,23.06959530893956,53.19759808262397
,,meadow,,23.067930166338854,53.197764604732065
,,meadow,,23.061764620826377,53.183587777572804
,,meadow,,23.063098085119975,53.18251321138059
,,meadow,,23.061999226258326,53.18421752504167
,,,wood,23.058623839096853,53.18745637964383
,,meadow,,23.05969448504006,53.18769374502391
,,meadow,,23.059225552924385,53.18178866867732
,,meadow,,23.065524792432843,53.197395641436245
,,meadow,,23.063149812107955,53.19744487408353
,,meadow,,23.055538352293013,53.197663084032264
,,,wood,23.054362790579226,53.19789988273172
,,meadow,,23.053847041501182,53.19782858444801
,,meadow,,23.052462609728792,53.196088095059835
,,meadow,,23.049706603828927,53.19843653664763
,,meadow,,23.141416317077198,53.19999187616145
,,grass,,23.199004319991197,53.13136283708157
,,grass,,23.20083267209248,53.131071047310215
,,grass,,23.200279538590795,53.13112654573053
,,grass,,23.199495220421294,53.13116309052966
,,grass,,23.199031382216198,53.131185115200324
,,grass,,23.199923815907006,53.13114472806565
,,,grassland,23.07203800980351,53.14430092589029
,,forest,,23.064833678913537,53.13641303545103
,,forest,,23.09117271608985,53.166873277390096
,,forest,,23.08139213515272,53.17176728612326
,,forest,,23.140263946805725,53.0955896884017
,,forest,,23.174577807972913,53.09687395305126
,,forest,,23.18696003409539,53.099000781926414
Las Turczyński,,forest,,23.100571279679155,53.1031253682234
,,forest,,23.15073297612704,53.17343716409798
,,forest,,23.15083134918549,53.16222889606474
,,,wood,23.223752313085246,53.13710866103225
,,,wood,23.223986951059015,53.13438255836401
,,grass,,23.152505145430336,53.11881614709979
,,forest,,23.061712059111844,53.06240774367257
,,forest,,23.068899457348305,53.196966245104704
,,forest,,23.248320026618018,53.174512441714576
,,forest,,23.124836533856307,53.05778090544637
,,forest,,23.090478042857427,53.06243923361568
,,forest,,23.071270160919227,53.05870423221374
,,forest,,23.1828044320249,53.0763995038799
,,forest,,23.158720696405158,53.070253861021186
,,forest,,23.162569456987164,53.07412405667339
,,forest,,23.158507428799478,53.06587126078978
,,forest,,23.219978785445623,53.062380387192846
,,forest,,23.176586369192407,53.06525329065399
,,forest,,23.191346826521734,53.0502801760084
,,forest,,23.241523675090196,53.06169677651824
,,forest,,23.062832854248978,53.06635489807175
,,,wood,23.062731828672195,53.07943956608051
,,,wood,23.057212970730305,53.07643046229902
,,forest,,23.064864932730316,53.066451128153254
,,forest,,23.071100362227885,53.06601707837079
,,forest,,23.07370917392694,53.06578581019537
,,forest,,23.07126171466377,53.06500800364522
,,forest,,23.183864051618528,53.056571973664255
,,forest,,23.15532152847995,53.05603351081135
,,forest,,23.14652304807889,53.05633334458303
,,forest,,23.13058598195582,53.053552502880386
,,forest,,23.124451446771847,53.055399359177436
,,grass,,23.20256542484162,53.130675933513125
,,grass,,23.1306646898045,53.13819271439055
,,grass,,23.154317240003,53.135148602842385
,,grass,,23.153950207835237,53.135145162274256
Park kieszonkowy,park,,,23.167362295998526,53.12302618797677
,,grass,,23.095567791645323,53.11620806359357
,,grass,,23.189556366189855,53.13357320136653
,,grass,,23.18973632159785,53.134212845387765
,,grass,,23.18832003068387,53.134119383743915
,,grass,,23.188116232620402,53.13404705543932
,,grass,,23.18861951885076,53.13426414966003
,,grass,,23.18873732713683,53.13443691611138
,,grass,,23.18916686448365,53.134643490563874
,garden,,,23.09850566553633,53.13122486638825
,garden,,,23.098409053593308,53.13132200408182
,garden,,,23.098572217192604,53.13133118579485
,garden,,,23.0988937634205,53.13143155286443
,garden,,,23.098585312094077,53.13168374749064
,garden,,,23.12217418874195,53.1465433915923
,garden,,,23.121381437843826,53.14651735341205
,garden,,,23.122268220484973,53.14684302890474
Pasieka Miejska,,apiary,,23.180749292269585,53.12521579797121
,,grass,,23.155347026911834,53.118905268544275
,,grass,,23.15572164593762,53.11920841605521
,,grass,,23.15553726766173,53.119141737238394
,,grass,,23.155378454030043,53.119119947511166
Bieli,,,grassland,23.100472184436263,53.174260631071924
,,grass,,23.15680534534855,53.14471445754231
,,grass,,23.189910777429677,53.136505244677295
,,grass,,23.18959046346006,53.13639595352756
,,grass,,23.18929694068863,53.13615019173745
,,grass,,23.189262397482,53.13627066333462
,,grass,,23.188971825251034,53.1360531381227
,,grass,,23.18888160949865,53.13615521833266
,,grass,,23.18815496265361,53.1355799458424
,,grass,,23.189464855985694,53.13464677430437
,,grass,,23.189521262106098,53.13466509980687
,,grass,,23.189718037370422,53.134564703459404
,,grass,,23.189982379695255,53.13440043027082
,,grass,,23.18973914100084,53.13464699052768
,,grass,,23.19012313576722,53.13446856012507
,,grass,,23.190353456312756,53.134304775051376
,,grass,,23.19025808039527,53.13418536642966
,,grass,,23.1904916274237,53.13404879607378
,,grass,,23.19055220975577,53.13413031673761
,,grass,,23.190773666910946,53.133832077510824
,,grass,,23.190741247761856,53.13395934494242
,,grass,,23.190179190003896,53.13409467319086
,,grass,,23.190054500000002,53.1341895
,,grass,,23.1899275,53.13428664999999
,,grass,,23.18980220704472,53.134382408652456
,,grass,,23.189677953134886,53.13447806853313
,,grass,,23.195553701449445,53.13588259969368
,,grass,,23.19617149713644,53.135457517888774
,,grass,,23.19590271024711,53.13522951004431
,,grass,,23.195564571263287,53.13521921266979
,,grass,,23.194790709970714,53.13347923535133
,,grass,,23.184805974509207,53.15987433119575
,,grass,,23.185274839077376,53.15982440472695
,,forest,,23.05130947504852,53.18894670998513
,,forest,,23.05349223370073,53.188614648747226
,,forest,,23.05425374129362,53.187572297077544
,,grass,,23.152104140556833,53.1051793999705
,,grass,,23.151787030700852,53.10502995964718
,,,grassland,23.199962934031408,53.105411676496395
,,,grassland,23.206701574692588,53.1031172484043
,,,water,23.065314426599652,53.150429073438474
,,,grassland,23.12873074193932,53.161146813014064
,,,grassland,23.11933201069053,53.17100985446689
,,,wood,23.12473892231596,53.16189268688034
,,,wood,23.126881957062622,53.16466547042855
,,grass,,23.199935641209372,53.13055161308252
,,,grassland,23.130365700184548,53.15868142770432
,,,grassland,23.156772551246902,53.12314581761282
,,grass,,23.117231874903254,53.124568383636216
,,grass,,23.097713694873658,53.12743299497682
,,,grassland,23.14576255941353,53.11565729417188
,,grass,,23.17401477663487,53.12034133955978
,,grass,,23.173844635355447,53.12028215976844
,,grass,,23.17363966961769,53.12018936879588
,,grass,,23.173760386523206,53.12042139157835
,,grass,,23.172533279718404,53.12032727889788
,,grass,,23.171317787282835,53.12026256213539
,,grass,,23.19509030282836,53.13185843815392
,,grass,,23.193439622129656,53.1320306549009
Plac Ducha Świętego,,,grassland,23.193976743345452,53.13168300822505
,,grass,,23.10634077551251,53.13894681426114
,,grass,,23.106484720287064,53.1389629691812
,,grass,,23.106671845503058,53.139143843376736
,,grass,,23.106731958430128,53.139694394273526
,,grass,,23.106710398321916,53.13931298160158
,,grass,,23.106885601116332,53.13956375174075
,,grass,,23.106497294555048,53.13969867153562
,,grass,,23.106325673327294,53.1394850996078
,,grass,,23.109138698054213,53.1326017184493
,,grass,,23.152005859103305,53.15843145064584
,,grass,,23.151894591291974,53.158501011316794
,,grass,,23.151568976964843,53.15866629715313
,,grass,,23.15193546665891,53.15717300648888
,,grass,,23.152003710112275,53.15774228905861
,,grass,,23.15175399084666,53.157773089081
,,grass,,23.1515251586331,53.158467606159626
,,grass,,23.151547212455814,53.15740261246568
,,grass,,23.1515918078102,53.15596149980896
,,grass,,23.15167842975543,53.15600499144474
,,grass,,23.151560593972576,53.1562034305765
,,grass,,23.151387046549775,53.15624466280651
,,grass,,23.15227819583741,53.15572670109904
,,grass,,23.15183409721515,53.15608468167002
,,,wood,23.155908775896602,53.10896492511015
,,grass,,23.190838297161918,53.11862447289928
,,grass,,23.182564984749362,53.12462678043837
,,grass,,23.175072297823963,53.127619340338924
,,grass,,23.177137689015556,53.12742511845855
,,grass,,23.176684342044027,53.12743922912739
,,grass,,23.176607539824825,53.12740431879367
,,grass,,23.176233033239242,53.12754743588243
,,grass,,23.17607331247332,53.12761104245258
,,grass,,23.175863416344917,53.12770334098196
,,grass,,23.175620076129956,53.12780981624717
,,grass,,23.17517648782672,53.12764366314539
,,grass,,23.175722080543057,53.12741808539317
,,grass,,23.176195969295012,53.127228500612055
,,grass,,23.17636259908759,53.12721946115321
,,grass,,23.17576911091242,53.127455240687574
,,grass,,23.175418059204716,53.12760357605464
,,grass,,23.176530945932967,53.127099146103035
,,grass,,23.176501110416076,53.127052155281994
,,grass,,23.17226593678678,53.12908090157415
,,grass,,23.173427435075276,53.12854913061439
,,grass,,23.174516712097915,53.12840789905727
,,grass,,23.17402811354234,53.1283684723883
,,grass,,23.174070215852414,53.12814323313955
,,grass,,23.173973530756687,53.12822049803098
,,grass,,23.174597805865332,53.1278835181756
,,grass,,23.174426600302432,53.12801743060402
,,grass,,23.174821010204873,53.128022520438584
,,grass,,23.175785902418912,53.12759442840897
,,grass,,23.183173089452396,53.12556029191642
,,grass,,23.183746467095666,53.12703655305895
,,grass,,23.183448400428553,53.12687610646068
,,grass,,23.18234415009071,53.12674228881577
,,grass,,23.182271062362673,53.126652855269164
,,grass,,23.181721281914616,53.126558011726345
,,grass,,23.18161144919717,53.12727001488571
,,grass,,23.18209902857871,53.12712708605713
,,grass,,23.182408492244953,53.1270045944304
,,grass,,23.18254529838106,53.1269380717854
,,grass,,23.181333809112836,53.12701364062813
,,grass,,23.181546559331753,53.12707828212001
,,grass,,23.18192124240517,53.12686909587363
,,grass,,23.180764645663707,53.127647623156186
,,grass,,23.18091755586939,53.12757687539971
,,grass,,23.18107601865348,53.127480420640076
,,grass,,23.18126736386028,53.12742000000891
,,grass,,23.180008572267532,53.126824728381315
,,grass,,23.18046900314528,53.127243420944204
,,grass,,23.180408860823302,53.1265919356796
,,grass,,23.180682497066393,53.12647974659908
,,grass,,23.18089538667783,53.12668663575363
,,grass,,23.179756633952767,53.126596665271634
,,grass,,23.17980798605463,53.12640876154833
,,grass,,23.17958603868984,53.126932131054915
,,grass,,23.179206109838614,53.12719576535902
,,grass,,23.179140514559567,53.12697440184274
,,grass,,23.17894772055859,53.127062228123826
,,grass,,23.17759562053834,53.12706121779882
,,grass,,23.177744858393652,53.127179630263676
,,grass,,23.178163779597917,53.12688744838077
,,grass,,23.17880937838874,53.12692605759886
,,grass,,23.179022479192138,53.12664541369294
,,grass,,23.18226776896251,53.12656818391537
,,grass,,23.182113049999998,53.12653374999999
,,grass,,23.182019263204566,53.12651530862229
,,grass,,23.181914499999998,53.12649460000001
,,grass,,23.181812350000005,53.12647450000001
,,grass,,23.181705500000003,53.12645340000001
,,grass,,23.181497006947197,53.12641251658548
,,grass,,23.18139522692989,53.126395977096706
,,grass,,23.181204460725798,53.12636055476035
,,grass,,23.180866734161828,53.126355374786215
,,grass,,23.18057667557107,53.126352940736666
,,grass,,23.180454675571077,53.12635193851534
,,grass,,23.180178422886545,53.12637182716958
,,grass,,23.18047726117884,53.126212044995505
,,grass,,23.18174604566949,53.12626703571819
,,grass,,23.1822005184992,53.126361377284915
,,grass,,23.18292429747194,53.12680995995431
,,grass,,23.183124718457176,53.12667393924834
,,grass,,23.182589412361462,53.12625474581424
,,grass,,23.18275698574702,53.12667196235434
,,grass,,23.18258708605307,53.1264593699753
,,grass,,23.182333843046514,53.12614446920292
,,grass,,23.18090837869504,53.12622841234596
,,grass,,23.181478354452025,53.126236129013634
,,grass,,23.181882260857332,53.125997879581085
,,grass,,23.18132225370177,53.12608779737775
,,grass,,23.1792832783831,53.1262500106164
,,grass,,23.17863376520265,53.12648150329868
,,grass,,23.178045645326108,53.1266609253725
,,grass,,23.17748833311606,53.126829710316436
,,grass,,23.177012045240012,53.12698345018107
,,grass,,23.17659940915695,53.127271756328305
,,grass,,23.1782994217566,53.12671759391422
,,grass,,23.180283066834566,53.12607649527824
,,grass,,23.179771384840894,53.12624668829598
,,grass,,23.21012915827947,53.12480420414483
,,grass,,23.209715915236377,53.124770975906436
,,grass,,23.20830059386753,53.12426717662047
,,grass,,23.208215903877203,53.12436657342125
,,grass,,23.207838754653345,53.12516409952148
,,grass,,23.208207095229767,53.12447504384266
,,grass,,23.20890006954289,53.124437094471034
,,grass,,23.2077093831032,53.12515000538844
,,grass,,23.207126483615323,53.12559788073901
,,grass,,23.207619724067207,53.12494761420614
,,grass,,23.095524563521963,53.07738727903257
,,grass,,23.08946186473868,53.075208677462875
,,grass,,23.078719581173495,53.068641413721544
,,,grassland,23.09862361953535,53.115157059225545
,,grass,,23.135088756617648,53.13422180056417
,,grass,,23.1350873492716,53.13429451839995
,,grass,,23.134963493383147,53.13429889921798
,,grass,,23.150897131268504,53.13188796726358
,,grass,,23.1509741,53.13223115
,,grass,,23.151024585110914,53.132395798376905
,,grass,,23.151096226736023,53.132595696274485
,,grass,,23.151224394752614,53.132896428551064
,,grass,,23.15190123243218,53.13395403349079
,,grass,,23.151982847201865,53.13413358894825
,,grass,,23.151624565717086,53.13380373670145
,,grass,,23.151919410556626,53.13375191207353
,,grass,,23.1519763,53.13388695
,,grass,,23.15201715,53.13398159999999
,,grass,,23.151721826838717,53.134002879388184
,,grass,,23.151822518602888,53.13423104751049
,,grass,,23.151733797441338,53.13433254181365
,,grass,,23.15192648467932,53.13463637939229
,,grass,,23.151942785500218,53.13487356422645
,,grass,,23.135104794191882,53.13444718089121
,,grass,,23.13526855,53.13449734999999
,,grass,,23.135265649714672,53.13439696838474
,,grass,,23.135015199999998,53.13439985
,,grass,,23.15693138809506,53.142230276315914
,,grass,,23.165283708641724,53.09801187767886
,,,wood,23.114236316363854,53.12828512980618
,,,wood,23.109737654412342,53.12647292173218
,,,wood,23.11386929551536,53.12518809250299
,,,wood,23.11285498579779,53.12419303647721
,,,wood,23.107774064345957,53.123071098309765
,,grass,,23.08476692871601,53.144185787832356
,,,wood,23.136564837792484,53.17727689506457
,,grass,,23.189212149999996,53.132484299999994
,,grass,,23.1893571,53.132548549999996
,,grass,,23.189419390492354,53.13249841857621
,,grass,,23.1892742,53.132432900000005
Skwer Wasilkowski,park,,,23.20144395268586,53.1989134064304
,,meadow,,23.0467077719815,53.18311434781221
,,grass,,23.122250867550594,53.157296127347124
,,grass,,23.122328484559382,53.15752132225218
,,,wood,23.123317582089072,53.15833270669045
,,grass,,23.192433503278075,53.13388748160431
,,grass,,23.192553250000003,53.13395309999999
,,grass,,23.192702899999997,53.13403499999999
,,grass,,23.1928522,53.134116299999995
,,grass,,23.193029402641038,53.134192467224096
,,grass,,23.193179549999996,53.1342636
,,grass,,23.19332815,53.134345149999994
,,grass,,23.193477609011598,53.13442663140103
,,grass,,23.19260645,53.1334648
,,grass,,23.192751491780925,53.13354496839567
,,grass,,23.1928979,53.133625900000006
,,grass,,23.193051091462916,53.133711668404594
,,grass,,23.19319711590326,53.13379077388825
,,grass,,23.1933248433017,53.13386140654853
,,grass,,23.188554249999996,53.13522704999999
,,grass,,23.188465438257175,53.13529715164367
,,grass,,23.158248192998425,53.125228812397324
,,meadow,,23.045449941140244,53.18773726884713
,,grass,,23.074170042853787,53.14405183269668
,,grass,,23.190964544761922,53.1944562915592
,,,grassland,23.117644332587215,53.1381911803286
,,forest,,23.24247193758871,53.14139287419643
,,grass,,23.194883589583206,53.12095418518113
,,grass,,23.194309294484537,53.12117200325966
,,grass,,23.194837558085176,53.12078473723522
,,grass,,23.196058090232057,53.119825941786175
,,grass,,23.197972832624053,53.12073527660191
,,grass,,23.197661693438228,53.12048229434619
,,grass,,23.196796000483882,53.12020309332233
,,grass,,23.196780206904094,53.119996674513004
,,grass,,23.196597815142823,53.1200915461569
,,grass,,23.196462299529255,53.12023133729489
,,grass,,23.195664195095173,53.11994207238501
,,grass,,23.195704453473937,53.120515673471566
,,grass,,23.195989062517974,53.12036510621399
,,grass,,23.19574801364983,53.12028783617705
,,grass,,23.195577162657706,53.120128163712195
,,grass,,23.196717694737334,53.119861114188936
,,grass,,23.196465049262557,53.11994948921242
,,grass,,23.196973635444458,53.11997380301539
,,grass,,23.197486805528154,53.12010483891528
,,grass,,23.137529166054573,53.12073194324653
,,grass,,23.13797954257029,53.12180679590105
,,grass,,23.136483364247606,53.120677749175144
,,grass,,23.13731946418546,53.120084564355835
,park,,,23.13707436986761,53.12163846029874
,park,,,23.136230866977755,53.12238345152799
,park,,,23.136680093120862,53.12148997189815
,,grass,,23.13559933325939,53.12155328449822
,,grass,,23.134815905257014,53.12055743380729
,,grass,,23.136092199779046,53.12015114015119
,,grass,,23.135863863632423,53.11996913520917
,,grass,,23.134025030230767,53.12003401570631
,,grass,,23.13339742580377,53.1206323706546
,,grass,,23.132737931048453,53.12083076404547
,,grass,,23.13307984265267,53.121448805365205
,,grass,,23.13409470347454,53.13393475120726
,,grass,,23.134546109967612,53.13404333296901
,,grass,,23.134763921598424,53.13396787012303
,,grass,,23.134636101402634,53.13392259355327
,,grass,,23.134814333939694,53.13413476834693
,,grass,,23.10381367330872,53.14045710202408
,,grass,,23.104773891480843,53.14028779690902
,,grass,,23.150996382334167,53.13594310087249
,,grass,,23.151578157022417,53.13582980726383
,,grass,,23.198334398958774,53.12887555160476
,,grass,,23.198538849282844,53.12806338271399
,,grass,,23.198497075983997,53.12860120352141
,,grass,,23.198528826512984,53.12833242666101
,,grass,,23.195439697100422,53.12762773501124
,,grass,,23.195168974100362,53.12765696457992
,,grass,,23.194956982670874,53.12767558374975
,,grass,,23.19473570928389,53.12769621303392
,,grass,,23.194612668602595,53.12770666627165
,,grass,,23.194454361896863,53.127722890660586
,,grass,,23.194171108636418,53.127748872193685
,,grass,,23.19377534862539,53.127776956543855
,,grass,,23.19350065649056,53.127790763300204
,,grass,,23.199150121856952,53.127623598904876
,,grass,,23.19854727540088,53.127648475996786
,,grass,,23.19779225,53.127679449999995
,,grass,,23.197348423932027,53.127698715634956
,,grass,,23.197256870133454,53.127649045154854
,,grass,,23.1970696901812,53.12775663647763
,,forest,,23.108865098197843,53.106767472952136
,,grass,,23.097524068354044,53.15867168917568
,,grass,,23.097387193526654,53.158632180989215
,,grass,,23.097246215727896,53.15873574481787
,,grass,,23.093021728720245,53.1580158589707
,,grass,,23.094390960113177,53.15910059388913
,,grass,,23.10153031183293,53.16078139681538
,,grass,,23.10203871992598,53.160897199857835
,,grass,,23.101808569862374,53.16095225100593
,,grass,,23.101567289376067,53.16098014984555
,,grass,,23.09960178430853,53.16028272018496
,,grass,,23.099352071627415,53.16021187481237
,,grass,,23.099090851308347,53.16014376240486
,,grass,,23.098839458140127,53.16009720673468
,,grass,,23.101223296053053,53.160622622865326
,,grass,,23.095862761252114,53.15989592266192
,,grass,,23.095674929896624,53.160093001087816
,,grass,,23.09633872371581,53.159740667510505
,,grass,,23.09637566731717,53.15965890651766
,,grass,,23.096767840714133,53.15967417789546
,,grass,,23.09690093714382,53.15957741645184
,,grass,,23.096896251613455,53.15946348253938
,,grass,,23.096239034641943,53.15953346120743
,,grass,,23.096925457933263,53.15922065606756
,,grass,,23.094542310415875,53.15877449009262
,,grass,,23.13117004710717,53.14348454106789
,,grass,,23.130980678840178,53.14332970265543
,,grass,,23.130818571541226,53.14325370286622
,,grass,,23.131776368462237,53.143871886006636
,,grass,,23.131875246403133,53.144135823206064
,,grass,,23.131300508856018,53.14447271088574
,,grass,,23.13115622473309,53.14444475702538
,,grass,,23.12967266438926,53.144331514402246
,,forest,,23.080272204448345,53.16402958386418
,,forest,,23.077870434813004,53.16534171774791
,,forest,,23.079554322717907,53.163848576545206
,,forest,,23.076096106577268,53.16586009209461
,,forest,,23.076914181362877,53.165614079463055
,,grass,,23.15637301193141,53.13199576630512
,,grass,,23.155156987637113,53.13173527143992
,,grass,,23.155068763741067,53.13180077045085
,,grass,,23.15562155185115,53.131750012323096
,,grass,,23.155370274840486,53.131753401890464
,,grass,,23.15544855335697,53.132063295349454
,,grass,,23.155495618717154,53.13224547724694
,,grass,,23.155626993983294,53.132686816493276
,,grass,,23.15531267491783,53.13240982086982
,,grass,,23.155354964489888,53.13258655818932
,,grass,,23.155380107231533,53.13270747302512
,,grass,,23.123344836910743,53.123241244477406
,,grass,,23.12405062140571,53.12274871428794
,,,wood,23.060452080255693,53.07863999442155
,,,wood,23.062941407815448,53.07820473198552
,,,grassland,23.1072169717201,53.15624685092744
,,grass,,23.16332581334548,53.13462753046257
,,grass,,23.164839225130866,53.133926866176296
,,grass,,23.16484771964819,53.134029555022785
,,grass,,23.165637151940984,53.13371836260437
,,grass,,23.166687224797183,53.13334160039595
,,grass,,23.165950527607183,53.133612817457745
,,grass,,23.166083623150353,53.13386703999614
,,grass,,23.16520639120699,53.134225670469824
,,grass,,23.167091950000003,53.13349915
,,grass,,23.166998657478583,53.13353594784109
,,grass,,23.166633016697666,53.13365265620844
,,grass,,23.13631409364055,53.15368571087838
,,grass,,23.135516505479245,53.153760775164216
,,grass,,23.134517084864104,53.15412842623125
,,grass,,23.134848502172677,53.15409190935388
,,grass,,23.134345845687914,53.15402861574481
,,grass,,23.135205485967486,53.153950736020576
,,grass,,23.135018100993772,53.15384925105375
,,grass,,23.135399621685412,53.15381602407897
,,grass,,23.134822578520374,53.153716110067485
,,grass,,23.13453216349471,53.15390521072456
,,grass,,23.13470509756344,53.153891673041
,,grass,,23.13471243302071,53.15399141977834
,,grass,,23.134744076498343,53.15376995316403
,,grass,,23.134599149065032,53.15379037870649
,,grass,,23.13374929248401,53.15399123092219
,,grass,,23.134333362508716,53.153688257970785
,,grass,,23.133814667571933,53.15387539777731
,,grass,,23.135194605417883,53.146285631572624
,,grass,,23.161479975500946,53.13532607004246
,,grass,,23.161499969738156,53.135123960582405
,,grass,,23.161402803044197,53.13525317467074
,,grass,,23.161131570905802,53.13536056061422
,,grass,,23.160859651281953,53.13543999491231
,,grass,,23.16069230937268,53.13550556708652
,,grass,,23.160583507036172,53.13553560415144
,,grass,,23.16041751502973,53.13558396473559
,,grass,,23.1601927517108,53.13563737838957
,,grass,,23.16004613470184,53.13556606596459
,,grass,,23.15994323449378,53.13546974340921
,,grass,,23.159925511467414,53.1355938265046
,,grass,,23.15963634748067,53.135857511948466
,,grass,,23.15750037517721,53.136017765980206
,,grass,,23.160532824863274,53.135956775614964
,,grass,,23.16005236284536,53.13609307189775
,,grass,,23.159668288753195,53.136168469147215
,,grass,,23.15954982733696,53.13617731150552
,,grass,,23.15955634567981,53.13613707174976
,,grass,,23.1594141392805,53.13621858051872
,,grass,,23.158924423403693,53.13624223905319
,,grass,,23.157461159420933,53.13627511943757
,,grass,,23.15747562879958,53.13632715656035
,,grass,,23.156133149417535,53.136312398597376
,,grass,,23.155555458120944,53.136304469048106
,,grass,,23.156135463928106,53.136261567318364
,,grass,,23.155555425119836,53.136254276574235
,,grass,,23.155273679917077,53.13627322911547
,,grass,,23.154664289911146,53.136236964935485
,,grass,,23.154701630146885,53.13602048270409
,,grass,,23.152948776430378,53.13627136227233
,,grass,,23.152823601667997,53.135995397006425
,,grass,,23.15226653483225,53.13597739299332
,,grass,,23.15155178433694,53.136214094702616
,,grass,,23.15006481286071,53.1361735549155
,,grass,,23.148485897123894,53.13586494100774
,,grass,,23.146891894972292,53.13487168616056
,,grass,,23.1468092985234,53.135352462199066
,,grass,,23.14465046460141,53.13586526181416
,,grass,,23.14338472523692,53.136166987445264
,,forest,,23.11235807816091,53.06992959397803
,,forest,,23.103874527440787,53.06766474401531
,,grass,,23.165107592820547,53.13079494424387
,,grass,,23.17266761933479,53.133880244797666
,,grass,,23.172291810063705,53.133886123020616
,,grass,,23.172026270654257,53.13386782351708
,,grass,,23.171857266537902,53.133961503383595
,,grass,,23.1786245,53.13462890000001
,,grass,,23.178379919346007,53.13460785183378
,,grass,,23.178090447029724,53.13458282441127
,,grass,,23.178745790137356,53.13458934545343
,,grass,,23.178380999999998,53.134561049999995
,,grass,,23.178187712564828,53.134544277096424
,,grass,,23.17808984568355,53.13453573059977
,,,wood,23.07306063703591,53.06530333882147
,,,wood,23.071952229663648,53.06412671765517
Park Janiny Kurkowskiej-Spychajowej,park,,,23.085805086231755,53.12323970409374
,,grass,,23.182513473827647,53.13774830904305
,,grass,,23.182433574147904,53.137808544882446
,,grass,,23.182343588478613,53.137887090010764
,,grass,,23.147986949176612,53.17630095606867
,,grass,,23.08498273247334,53.14388509296698
,,grass,,23.082968168642736,53.14406478962341
,,grass,,23.08460435043763,53.14351891218937
,,grass,,23.084634764597286,53.143663254464855
,,grass,,23.084114163694032,53.1438460677926
,,grass,,23.082500519791413,53.144230341398334
,,grass,,23.08439110265932,53.1438549869801
,,grass,,23.078550544157704,53.15179483612762
,,grass,,23.079029441594155,53.15117817489561
,,grass,,23.079397163029302,53.150702121562226
,,grass,,23.08295775806779,53.14606686477585
,,grass,,23.079216305837868,53.151432861780975
,,grass,,23.078020169424413,53.15285898806449
,,grass,,23.082714831149392,53.14710629479544
,,grass,,23.071957046302703,53.14579723412678
,,grass,,23.061828864755263,53.14796324766488
,,grass,,23.064234805297758,53.147672372473636
,,grass,,23.072658712047826,53.14612323801029
,,grass,,23.072701214683168,53.14572612368596
,,grass,,23.072953620286995,53.146274089694415
,,grass,,23.06745173726709,53.1468880888652
,,grass,,23.07249165392791,53.14678218209002
,,grass,,23.073425404794126,53.14664847147915
,,grass,,23.073907518789664,53.14617402182202
,,grass,,23.071213451989625,53.14662177647098
,,grass,,23.065669872823545,53.147256892608794
,,grass,,23.067398903496247,53.147234106619415
,,grass,,23.065308445733187,53.14757769303671
,,grass,,23.078971143109303,53.14526867144841
,,grass,,23.080450543173086,53.14503001390813
,,grass,,23.079753819065193,53.14499120718715
,,grass,,23.107204331379286,53.139876435765
,,grass,,23.107103042309117,53.13989434807257
,,grass,,23.107367897731955,53.13945668678194
,,grass,,23.1074304373261,53.13951985512248
,,grass,,23.10798748287968,53.13942260221871
,,grass,,23.10834798114726,53.13993654935058
,,grass,,23.10818062073607,53.13964886675446
,,grass,,23.107908300105514,53.1400281729139
,,grass,,23.10767182492543,53.14049950288336
,,grass,,23.108017573280584,53.1407739567258
,,grass,,23.105959938314616,53.14149844433813
,,grass,,23.106053005269253,53.141429026584596
,,grass,,23.106306205442994,53.14131532634267
,,grass,,23.107157737561195,53.141119672311625
,,grass,,23.10716286368276,53.14100000131181
,,grass,,23.10736190388079,53.14058798000838
,,grass,,23.10771101298156,53.14101205635639
,,grass,,23.106197942736728,53.14035955949349
,,grass,,23.106032695297777,53.14023591182635
,,grass,,23.106521754245367,53.14020787412134
,,grass,,23.10092281182805,53.14085048866213
,,grass,,23.10099766778352,53.14094974328917
,,grass,,23.099406353019983,53.14125841449205
,,grass,,23.09768533001407,53.14156477536382
,,grass,,23.096401727791804,53.14179761332584
,,grass,,23.093851409273093,53.142257389738866
,,grass,,23.08995148111479,53.14295827804785
,,grass,,23.08904154017071,53.143009449866696
,,grass,,23.086528709248253,53.14398794870372
,,grass,,23.088383507812523,53.143371359626435
,,grass,,23.08813912372683,53.1431675627273
,,grass,,23.08683089988541,53.143626229390875
,,grass,,23.086693404003782,53.14353197356941
,,,grassland,23.086716715199145,53.142888376684425
,,grass,,23.085713602171165,53.14413521689849
,,grass,,23.085360449150183,53.144153385327265
,,grass,,23.08488746135075,53.144735385537736
,,grass,,23.085115089358748,53.144527114786214
,,grass,,23.082780635943223,53.14486167749712
,,grass,,23.08271510361539,53.14478358589942
,,grass,,23.082042099419134,53.1446059959745
,,grass,,23.08363887302439,53.14452004760654
,,grass,,23.080841216837943,53.144675630726844
,,grass,,23.08366869689857,53.14423855457281
,,grass,,23.077958844128794,53.153115928686134
,,grass,,23.07776379040785,53.15271973770424
,,grass,,23.08417304421637,53.144226972434566
,,grass,,23.08455983461537,53.1444921357484
,,grass,,23.082886963064738,53.146552623868054
,,grass,,23.07920593913798,53.15120190270712
,,grass,,23.078363056295267,53.15228523904569
,,grass,,23.077420940416577,53.152960196461535
,,grass,,23.076880190333732,53.145167928908045
,,grass,,23.07684394173816,53.14523850160909
,,grass,,23.07907065225274,53.14479038156999
,,grass,,23.079782356458004,53.1446609770013
,,grass,,23.079806632180247,53.14475198567412
,,grass,,23.076976840552685,53.14534847068908
,,grass,,23.076139180514414,53.145741330668734
,,grass,,23.0768826976578,53.14556429151358
,,,grassland,23.064581359277152,53.14939263008904
,,grass,,23.065026390578,53.15006231085713
,,grass,,23.064030586475084,53.15021199473652
,,grass,,23.06477138736643,53.15049856135479
,,grass,,23.06542798688434,53.15077842500709
,,grass,,23.065753241891144,53.15105389613776
,,grass,,23.06299621595629,53.14983849272627
,,grass,,23.063943720591773,53.14905283511806
,,grass,,23.065977043253902,53.15090637346533
,,grass,,23.06624104612518,53.1505734299857
,,grass,,23.068372310634963,53.15102120592649
,,grass,,23.070312569043523,53.15153426811932
,,grass,,23.069421271743497,53.150854750913055
,,grass,,23.068236149999997,53.15020565
,,grass,,23.068059016204447,53.150544535241934
,,grass,,23.070195706212232,53.1509989055448
,,grass,,23.07120917559011,53.15124395412588
,,grass,,23.174220192425302,53.107994581631274
,,,grassland,23.178000649284286,53.106620188177885
,,grass,,23.156693300212172,53.14103016654385
,,grass,,23.15625789672193,53.14091135312201
,,grass,,23.158299727120077,53.1413861790064
,,grass,,23.156714248833243,53.140279774955495
,,grass,,23.16019078508729,53.13791221602175
,,grass,,23.15999684833737,53.13829306374116
,,grass,,23.158704405931122,53.14100235551393
,,grass,,23.15902607937016,53.140419661972224
,,grass,,23.15953487323466,53.14028062084885
,,grass,,23.159460268710074,53.14016201620854
,,grass,,23.160165069671823,53.139390879972154
,,grass,,23.15972249646744,53.139656114633524
,,grass,,23.159050535132746,53.140209188897124
,,grass,,23.159969461092587,53.138692853594016
,,grass,,23.16029028487445,53.138796407968
,,grass,,23.16051101165901,53.138783633392514
,,grass,,23.160843949999997,53.138423499999995
,,grass,,23.161727344243502,53.13765430205968
,,grass,,23.162055435610206,53.13775514132679
,,grass,,23.162537786237642,53.13743197956208
,,grass,,23.16164160146154,53.13807658287164
,,grass,,23.161120204839197,53.138399613418684
,,grass,,23.157754525779836,53.14146113602655
,,grass,,23.158473517493047,53.14170393958176
,,grass,,23.15776068727587,53.14209341947751
,,grass,,23.157934597480473,53.14185123203517
,,grass,,23.149195415933722,53.140588661750634
,,grass,,23.148977897333275,53.14071922691775
,,grass,,23.14870313688297,53.14088248516027
,,grass,,23.14846394565191,53.141028152265704
,,grass,,23.148259963135626,53.14115209574331
,,grass,,23.14810589937037,53.14125656117236
,,grass,,23.147780793605016,53.14198044208653
,,grass,,23.147351184372926,53.14200018551646
,,grass,,23.147544131852175,53.1419124793181
,,grass,,23.147439705079726,53.14178539975559
,,grass,,23.147780562679596,53.14176014047109
,,grass,,23.147992303584555,53.14157067959795
,,grass,,23.148158880728374,53.14170609701779
,,grass,,23.148382425509627,53.14136234946161
,,grass,,23.1492126152592,53.14083583512747
,,grass,,23.149599968303527,53.14061037327008
,,grass,,23.15190290785452,53.137977701990486
,,grass,,23.151500575648505,53.138684989660675
,,grass,,23.151211793349958,53.13900344236779
,,grass,,23.150764084167754,53.1394909418093
,,grass,,23.150506790139957,53.139771901550446
,,grass,,23.15749881955421,53.143605180752985
Park kieszonkowy,park,,,23.154597668291316,53.15672114732455
,,grass,,23.194022006718164,53.134846978529765
,,grass,,23.19411154496213,53.13466341686048
,,grass,,23.19405950875368,53.13511514029413
,,grass,,23.1940660071573,53.1353219647993
,,grass,,23.19402526378071,53.135432708430315
,,grass,,23.194278945762893,53.13545310302201
,,grass,,23.194380951395747,53.13491394832921
,,grass,,23.193828855867338,53.134867858919414
,,grass,,23.193801429926683,53.13519658535163
,,grass,,23.193967814333742,53.135214691670335
,,grass,,23.194308530351442,53.13529474023559
,,grass,,23.05637833036897,53.13079125756096
,,grass,,23.166893206131732,53.10623099309748
,,grass,,23.16697123906248,53.1063774760179
,,grass,,23.167175007190547,53.10625381439291
,,grass,,23.167420294962305,53.106005027346754
,,grass,,23.16724798599858,53.105858146605776
,,grass,,23.16672244330321,53.10608171609863
,,grass,,23.16695503621302,53.10583159362033
,,grass,,23.167070597453552,53.10604451155954
,,grass,,23.114832146641774,53.10831422090912
,,grass,,23.114189355979697,53.108658325839855
,,grass,,23.114588690045252,53.10862373450246
,,grass,,23.11441846813177,53.108739535089434
,,grass,,23.114311770501462,53.10887687517206
,,grass,,23.114829430305576,53.10907793652872
Botaniczny Park Kieszonkowy,park,,,23.1158270907219,53.109301846325586
,,grass,,23.087769252147996,53.13860345099647
,,grass,,23.087748858464455,53.140021374435825
,,,wood,23.08497505612652,53.12483301411434
,,,wood,23.084168635481948,53.12512119820339
,,,wood,23.084509191144743,53.125513965756625
,,,wood,23.084053557310153,53.12543525868857
,,,wood,23.084644250920014,53.12506277201258
,,grass,,23.08426741868182,53.12507899904582
,,grass,,23.08487027675937,53.12486570484958
,,grass,,23.085061457377645,53.12465162840192
,,,wood,23.0837543,53.126013799999996
,,,wood,23.084003349999996,53.1260808
,,,wood,23.08371578067722,53.12571909248763
,,,wood,23.083787812299327,53.12621232250302
,,grass,,23.182554124306726,53.134635441194355
,,grass,,23.182326916610176,53.13454586457768
,,grass,,23.18230442018337,53.13464905803723
,,grass,,23.182173626717105,53.134608503597214
,,grass,,23.181825229040424,53.13419883376294
,,grass,,23.182003947477025,53.13430330987228
,,grass,,23.181907156897914,53.13439536453112
,,grass,,23.18211408738926,53.13444929557332
,,grass,,23.173981778690095,53.13417208057862
,,grass,,23.173326726786417,53.13416706708798
,,grass,,23.173542519964894,53.13407034138217
,,grass,,23.173766996173633,53.13411999188611
,,forest,,23.204164083920134,53.09136295941544
,,forest,,23.203390973640513,53.09097267174058
,,grass,,23.18721161576655,53.13488560825705
,,grass,,23.1811328948843,53.134803612791345
,,grass,,23.194701712928634,53.12117765982915
,,grass,,23.194576849440363,53.121290140070236
,,grass,,23.19548071547353,53.12031288718783
,,grass,,23.19450818195199,53.120799295372976
,,grass,,23.19341489636602,53.12113277570102
,,grass,,23.193114932492715,53.121377963151964
,,grass,,23.184264045190176,53.12486886187083
,,grass,,23.18501633782104,53.12448346569885
,,grass,,23.16618285894972,53.13147953592986
,,grass,,23.166339875283118,53.131344227372786
,,grass,,23.166709450971073,53.13148141680347
,,grass,,23.166593892210237,53.13156964421249
,,grass,,23.167069209324687,53.13172426242347
,,grass,,23.16740247779129,53.13146760588128
,,grass,,23.16661453072554,53.13113510250248
,,grass,,23.166779473820615,53.13100189995218
,,grass,,23.16704241856649,53.131225383872426
,,grass,,23.166926442160484,53.13131463815948
,,grass,,23.227480308738805,53.140267244181125
,,grass,,23.227109080953245,53.140287673924206
,,grass,,23.22719167329181,53.14044525723259
,,grass,,23.227388283991655,53.14063819708048
,,grass,,23.227328399999994,53.14053259999999
,,grass,,23.227135884472805,53.14054788629345
,,grass,,23.227246299999997,53.14061769999999
,,grass,,23.2270721,53.1406313
,,grass,,23.227238378677683,53.140666922970425
,,grass,,23.226881678820504,53.140767630186815
,,grass,,23.226476735659524,53.140811676415055
,,grass,,23.2266950126025,53.14073892119084
,,grass,,23.226499600000004,53.1406913
,,grass,,23.225977511029633,53.140302674256155
,,grass,,23.225963979945654,53.140374194173226
,,grass,,23.225854516326326,53.13988784878355
,,grass,,23.225909937858347,53.14012739128644
,,grass,,23.225957749764962,53.14020948471027
,,grass,,23.225817893005527,53.14031279045665
,,grass,,23.22579786485812,53.14021941746634
,,grass,,23.224728330553383,53.14032165842189
,,grass,,23.226011545988175,53.14058936111512
,,grass,,23.22641629170837,53.140326560331026
,,grass,,23.226898078301335,53.140415782604094
,,grass,,23.226688664068888,53.14050524969757
,,grass,,23.22651321783631,53.14051836551848
,,grass,,23.226955793745358,53.140560908883465
,,grass,,23.226477350000007,53.14060059999999
,,grass,,23.22637199396677,53.14057486339261
,,grass,,23.226285428976446,53.140743548726824
,,grass,,23.226094933907774,53.14094828563359
,,grass,,23.225939089325163,53.1408457176039
,,grass,,23.22605788597388,53.14078463377325
,,grass,,23.225916394503358,53.140743867957234
,,grass,,23.22578030226526,53.14062574569532
,,grass,,23.22481931346729,53.140482053258616
,,grass,,23.22501814575775,53.1404770484273
,,grass,,23.225409252808923,53.14051690043461
,,grass,,23.22521778616599,53.14045056066607
,,grass,,23.2252386628833,53.140537905457926
,,grass,,23.22559727138437,53.14121402385985
,,grass,,23.225413577032924,53.1412291906018
,,grass,,23.2252285923297,53.141244128940116
,,grass,,23.22584812154225,53.141106824634555
,,grass,,23.225772849591475,53.140866390435626
,,grass,,23.225374415380468,53.140879458538826
,,grass,,23.22548348646413,53.14096619867867
,,grass,,23.22497128043301,53.14114723276946
,,grass,,23.22517238958544,53.14104860991324
,,grass,,23.22507809623416,53.140924470485196
,,grass,,23.224909500000003,53.14088000000001
,,grass,,23.22493631959936,53.141000046737595
,,grass,,23.225287820502583,53.13853714509702
,,grass,,23.224682618807382,53.13796751772592
,,grass,,23.224595027919293,53.13776418498029
,,grass,,23.224374471531526,53.13768758955627
,,grass,,23.224270323950538,53.13778867988929
,,grass,,23.224381245598423,53.138072149192716
,,grass,,23.22416408028742,53.13805242956843
,,grass,,23.224559809449175,53.13808229525153
,,grass,,23.225216502983095,53.13828665198968
,,grass,,23.224956639445416,53.13845823842071
,,grass,,23.225035575796085,53.138549880089876
,,grass,,23.225022392601634,53.13863930609987
,,grass,,23.22503839797736,53.13878847782191
,,grass,,23.22576913821436,53.139517768199326
,,grass,,23.225770269160275,53.14009816378418
,,grass,,23.225746039037,53.13999515202349
,,grass,,23.22558852281722,53.13985509128948
,,grass,,23.225617196738693,53.13998703823395
,,grass,,23.225616105214975,53.14015959525314
,,grass,,23.225368706978053,53.140205720305765
,,grass,,23.225186734012603,53.14021951826844
,,grass,,23.225002034297972,53.14023508495278
,,grass,,23.22476995461691,53.14024065210093
,,grass,,23.22466890445274,53.139757584498305
,,grass,,23.22485298018029,53.13975493133495
,,grass,,23.22491557370355,53.13990867309056
,,grass,,23.225123771808473,53.139872872133
,,grass,,23.225266382133253,53.13984928655035
,,grass,,23.22691376832484,53.139380688312315
,,grass,,23.22701074907719,53.139280722063276
,,grass,,23.22714742137068,53.13925764811873
,,grass,,23.227093353011487,53.13916025179683
,,grass,,23.22688026487148,53.1391556172437
,,grass,,23.226732352022918,53.13918993896748
,,grass,,23.226507566478766,53.13926918737061
,,grass,,23.226211253938054,53.139298273253026
,,grass,,23.22595069067687,53.13931479093751
,,grass,,23.226418614356685,53.13916087511959
,,grass,,23.2259092139262,53.13920542632574
,,grass,,23.227844115303984,53.13878582171823
,,grass,,23.225704498306186,53.13922972960672
,,grass,,23.22570913795643,53.13916624226067
,,grass,,23.225500465822826,53.13951942135032
,,grass,,23.22556292590427,53.13917762928973
,,grass,,23.225479553695052,53.13918676585175
,,grass,,23.225495470822672,53.13927553094208
,,grass,,23.224576317984912,53.13914762704102
,,grass,,23.22497127803144,53.13943633947666
,,grass,,23.22534837758783,53.139197503288656
,,grass,,23.22520297045455,53.1393059904892
,,grass,,23.224983310692178,53.139296707820414
,,grass,,23.224686634066753,53.13936427667463
,,grass,,23.225148300653533,53.13901156390231
,,meadow,,23.081964350029008,53.093417715018155
,,grass,,23.137237834033105,53.13609554793308
,,grass,,23.136808536516114,53.13590193014085
,,grass,,23.13644607062751,53.13555049839808
,,grass,,23.136271526094355,53.13546725797078
,,grass,,23.13813595632295,53.13620515606418
,,grass,,23.135906840015494,53.13525209781145
,,grass,,23.135383999834374,53.1350704346808
,,grass,,23.13495067252538,53.13502393538373
,,grass,,23.183309333867502,53.135949404905
,,grass,,23.180705001903863,53.136173743299324
,,grass,,23.18171831278742,53.13599277516781
,,grass,,23.18069543990339,53.13612505506712
,,grass,,23.181785398786893,53.13586070473085
,,grass,,23.182468257557304,53.13596007942338
,,grass,,23.182346979291754,53.13592224216612
,,grass,,23.18301390277143,53.13616650596922
,,grass,,23.182552889724153,53.1360353139286
,,grass,,23.182445573612696,53.13600588201132
,,grass,,23.182326095918228,53.13600779017013
,,grass,,23.182793647083848,53.13612575481391
,,grass,,23.182820345205773,53.1362159474627
,,grass,,23.182390059218985,53.13610573022317
,,grass,,23.1825097,53.13613994999999
,,grass,,23.182273045760425,53.1360609473896
,,grass,,23.154096282689117,53.128465520971154
,,grass,,23.154565902056387,53.12862960240538
,,grass,,23.15460694674033,53.128873746237446
,,grass,,23.157297433789736,53.12929783624395
,,grass,,23.156384878506156,53.12925954931616
,,grass,,23.155794421308013,53.129058627966174
,,grass,,23.15578933202228,53.12928602751821
,,grass,,23.155998335417085,53.12936059710661
,,grass,,23.156177888284574,53.12942284739262
,,grass,,23.156505015168467,53.12954025895701
,,grass,,23.152111978817505,53.127634665985326
,,grass,,23.151738318211454,53.12779804436284
,,grass,,23.150818036633986,53.1277982748295
,,grass,,23.15377385203909,53.128727178421755
,,grass,,23.153935544350354,53.12881445606132
,,grass,,23.15368888507216,53.12855335009766
,,grass,,23.153726370408776,53.128856579456645
,,grass,,23.150318273558142,53.12693903230736
,,grass,,23.149995154718482,53.127727476135
,,grass,,23.150456191002608,53.12735226131207
,,grass,,23.150131304735417,53.126638362783616
,,grass,,23.149932877401767,53.12641509375059
,,grass,,23.149954986527685,53.12633850087868
,,grass,,23.150257172518213,53.126582141775394
,,grass,,23.15039311089292,53.12713000325314
,,grass,,23.15009181016635,53.12743497830837
,,grass,,23.150521266120165,53.12703845652725
,,grass,,23.069617106256338,53.16099121503443
,,grass,,23.146254132705568,53.119340600106156
,,grass,,23.158623977693335,53.11928473486079
,,grass,,23.14509393385888,53.11936918202294
,,grass,,23.13989699783641,53.13429200187696
,,grass,,23.165623360842286,53.13167341107728
,,grass,,23.165432287087604,53.13171758692487
,,grass,,23.165658433612997,53.13180805083201
,,grass,,23.17671728995405,53.19759601296349
,,grass,,23.176653545316995,53.197408890748804
,,grass,,23.17677675521988,53.19733871596661
,,grass,,23.176821582839974,53.19776203319313
,,grass,,23.176784535766792,53.197703872873056
,,grass,,23.17704157800256,53.19767776250617
,,grass,,23.176868989767176,53.19762867968104
,,grass,,23.092119039947818,53.11449080577518
,,grass,,23.09090832088489,53.11428229820892
,,grass,,23.093185209821186,53.11482348009027
,,grass,,23.093267678556064,53.11456733178012
,,grass,,23.093521168676713,53.114561129590996
,,grass,,23.092725496294715,53.114395824410295
,,,wood,23.092127015327495,53.06542507334436
,,,wood,23.09028612724122,53.06496664829832
,,grass,,23.193539021313164,53.10524209744302
,,grass,,23.130917537038915,53.15661257542911
,,,grassland,23.223806360976745,53.08035525413202
,,grass,,23.149580495024207,53.124457208173766
,,grass,,23.155190828420483,53.1196031938419
,,grass,,23.15534557337522,53.11970881765609
,,grass,,23.17178935684203,53.129980844986214
Lawendowy park kieszonkowy,park,,,23.088778727355013,53.151513509120505
,,grass,,23.179256104554362,53.122410166177275
,,grass,,23.179599032060302,53.12276658395396
,,grass,,23.179709773939965,53.12270311577745
,,grass,,23.1802284483139,53.123293367182534
,,grass,,23.17693364504342,53.12105843601208
,,grass,,23.17582694591063,53.120804174338645
,,grass,,23.1750872971949,53.12058916994792
,,grass,,23.174498961776365,53.120456709267025
,,grass,,23.177332441357677,53.121274912333654
,,grass,,23.178003239695773,53.1213825777047
,,grass,,23.1777459229533,53.1213306774224
,,grass,,23.17830397687822,53.121586053072136
,,grass,,23.17884060142119,53.1218911837831
,,grass,,23.17895722564425,53.12207125033667
,,grass,,23.17884764665447,53.122146550298346
,,grass,,23.178475292756918,53.121954729109206
,,grass,,23.178229996354332,53.12162700812768
,,grass,,23.178390887106264,53.1217926033243
,,grass,,23.177924418901167,53.12168651922496
,,grass,,23.178330078934877,53.121974858146764
,,grass,,23.1790329321648,53.12222350300117
,,grass,,23.179720395069367,53.12476473145428
,,grass,,23.18048489726654,53.12434478797652
,,grass,,23.18014998623655,53.12409273124093
,,grass,,23.18002034400717,53.12432537292724
,,grass,,23.180189801416155,53.123111213848986
,,grass,,23.180735780667398,53.12407188196725
,,grass,,23.179532041544732,53.12257168057024
,,grass,,23.179407607514477,53.12257454616112
,,grass,,23.179445049999998,53.12248655
,,grass,,23.17779405693426,53.12151005194249
,,grass,,23.17762718093466,53.12153822270618
,,grass,,23.13502341005565,53.134535122930686
,,,wood,23.224902441756637,53.13194221632645
,,forest,,23.2261525395702,53.12776316086314
,,,wood,23.220863825844948,53.13234633112002
,,grass,,23.113616748951248,53.15993802822401
,,grass,,23.11311582331418,53.15902199901784
,,grass,,23.113585549019707,53.159236905394984
,,grass,,23.113858682014797,53.159637925642656
,,grass,,23.11302405577672,53.1595130332162
,,grass,,23.112040687453334,53.159573261370866
,,grass,,23.112270895065272,53.1596342432628
,,grass,,23.111942758680367,53.159989451597696
,,grass,,23.108299207769456,53.16023609159938
,,grass,,23.105440486399946,53.160351485872376
,,grass,,23.10802575648417,53.16000997375198
,,grass,,23.106644693572054,53.160344375744025
,,grass,,23.199032575549833,53.131114269189105
,,,,23.22666941815499,53.12910241935515
,,grass,,23.223054863231354,53.129319689616544
,,grass,,23.22303106579726,53.12935481222912
,,grass,,23.194635933825992,53.13117859911553
,,grass,,23.181657862747088,53.12764937247716
,,grass,,23.181188660080945,53.12773495665156
,,grass,,23.181217865065715,53.12765053502149
,,grass,,23.181325042653896,53.127658852725915
,,grass,,23.181281945691033,53.127670093622214
,,grass,,23.181302746177035,53.127710252011404
,,grass,,23.059464266107533,53.149237523829704
,,grass,,23.056903394990368,53.1491866220952
,,grass,,23.056032801394995,53.14895908860774
,,grass,,23.06084696074187,53.14873571373557
,,grass,,23.13501871289115,53.130987529892295
,,grass,,23.13502871618538,53.131103895113554
,,grass,,23.13539620868431,53.13167272485516
,,grass,,23.135494111221465,53.1317883415034
,,grass,,23.135222746054396,53.1320865387081
,,,grassland,23.09944279446488,53.115993530101605
,,,grassland,23.099443860260266,53.1153219757761
,,,grassland,23.100624654968573,53.11520323201969
,,grass,,23.13648314318022,53.133039255894204
,,grass,,23.150723864044302,53.106042347287364
,,,grassland,23.105948860533264,53.10602263777658
,,,wood,23.094396401291903,53.13160127060729
,,meadow,,23.206916148959888,53.12588245666007
,,,wood,23.246939641317535,53.19108987175741
,,,wood,23.07869621310146,53.0678845799404
,,grass,,23.125473864406807,53.110961182448015
Plac arch. Zbigniewa Bauma,park,,,23.143991677200408,53.12389482505789
,park,,,23.17260322535023,53.142371072170015
,,meadow,,23.170048629073328,53.19946505261951
,,meadow,,23.17013794258576,53.19999288788894
,,grass,,23.201571501051053,53.14211400575839
,,grass,,23.20103981994668,53.140697350262876
,,grass,,23.20022789206309,53.13929534888693
,,grass,,23.19934506101853,53.13920607195947
,,grass,,23.199415714700816,53.13960489930552
,,grass,,23.20054615232383,53.14015917500881
,,grass,,23.19820019665419,53.1373161045344
,,grass,,23.196115142428592,53.1357495589834
,,grass,,23.19841797435603,53.13783555686613
,,,grassland,23.18100666497653,53.098286926901636
,,,grassland,23.17687235294647,53.097151478434476
,,grass,,23.17503584835768,53.09875209879545
,,,grassland,23.173060263662652,53.09843408697192
,,,grassland,23.09728222582976,53.126411006153084
,,,grassland,23.0934003945362,53.07611686631275
,,,wood,23.091998822819143,53.07586941500321
,,,wood,23.0917337978962,53.07575131193135
,,,wood,23.092467701333767,53.07599730885824
,,grass,,23.09991463784285,53.12434804339121
,,grass,,23.100061153332366,53.124437863185456
,,grass,,23.099948671056115,53.12441736047619
,,grass,,23.100199599843688,53.12413931417297
,,grass,,23.100075615698792,53.1241604593141
,,grass,,23.100156812857797,53.12431663657926
,,grass,,23.10016141448055,53.1244237683667
,,grass,,23.099861806933244,53.12449139586653
,,grass,,23.100454247000727,53.124490659911714
Skwer Zenona Andrzeja Młyńczyka,park,,,23.134853192373296,53.1169676104397
,,grass,,23.09636407800988,53.12707655860158
,,grass,,23.177171118115783,53.13913898044524
,,grass,,23.17704209487576,53.139179805536095
,,grass,,23.17683138836959,53.139281675908904
,,grass,,23.176647315012453,53.139367458124596
,,grass,,23.176488585301573,53.13945848930804
,,grass,,23.176482778720445,53.139554152911494
,,grass,,23.17670726719836,53.1396570019893
,,grass,,23.176883529754026,53.13975566502108
,,grass,,23.177175975820678,53.13941757779667
,,grass,,23.177433738562556,53.13923710789512
,,grass,,23.175873286520574,53.139935842863956
,,grass,,23.175656220155787,53.139957667224564
,,grass,,23.175772731601903,53.140008527043264
,,grass,,23.175897031223514,53.14010098799728
,,grass,,23.175629116943185,53.140054383813
,,grass,,23.176501593033883,53.14031249550048
,,grass,,23.176179229892973,53.14033930797195
,,grass,,23.176218897379528,53.14042547758136
,,grass,,23.175921046412054,53.139725854939925
,,grass,,23.17610307010664,53.139822779744264
,,grass,,23.176511906715767,53.140119576738904
,,grass,,23.17620435035107,53.14003318757433
,,grass,,23.17674352839274,53.14096327539402
,,grass,,23.176192323473845,53.13969408052752
,,grass,,23.176570522780093,53.139870538780755
,,grass,,23.176701986327828,53.13992528077348
,,grass,,23.176555507910123,53.14063813748928
,,grass,,23.177014408046926,53.14099421535986
,,grass,,23.17680604042792,53.14046448314897
,,grass,,23.176562125991385,53.140413772566994
,,grass,,23.176705847714306,53.140414477783544
,,grass,,23.176617034034976,53.140483368828065
,,grass,,23.177238150207824,53.140367344325284
,,grass,,23.177205088628373,53.14065714578446
,,grass,,23.177002200328303,53.14079860423041
,,grass,,23.176831237260934,53.140894563889525
,,grass,,23.177218194682606,53.1408815630641
,,grass,,23.1773932534307,53.14076526280994
,,grass,,23.17792452894677,53.14093342346269
,,grass,,23.17773792302116,53.140587807372064
,,grass,,23.17805880946865,53.140741935091604
,,grass,,23.177766497378066,53.14067634453582
,,grass,,23.177817097868992,53.140891544837054
,,grass,,23.1778577841887,53.14109400644966
,,grass,,23.1777457707611,53.14107536904867
,,grass,,23.17766408264834,53.14113870468174
,,grass,,23.17763035252001,53.141074907156494
,,grass,,23.177669533311338,53.140963005171095
,,grass,,23.17742805152501,53.14096994083225
,,grass,,23.177968557505498,53.141258661564095
,,grass,,23.17762490927092,53.14130101821813
,,grass,,23.177349450771747,53.14113314397349
,,grass,,23.178414563994995,53.14108682407578
,,grass,,23.178512009311785,53.14164171001526
,,grass,,23.178113242933797,53.14097055223647
,,grass,,23.178166122311673,53.14079743021554
,,grass,,23.17822699284081,53.14084452241477
,,grass,,23.17839759452125,53.140977174727894
,,grass,,23.178439888830543,53.14100651245561
,,grass,,23.17855720494509,53.14110227535739
,,grass,,23.17781601922402,53.14159199307159
,,grass,,23.17801939120755,53.14148626376363
,,grass,,23.17826731992584,53.14134351741987
,,grass,,23.178487898352454,53.14121745097408
,,grass,,23.178637394533137,53.141256473231174
,,grass,,23.178345350293167,53.14139401640781
,,grass,,23.178085710217715,53.14152800596225
,,grass,,23.177894614204423,53.141655713846816
,,grass,,23.177499424554995,53.142015575074744
,,grass,,23.175665253553664,53.140458270751566
,,grass,,23.175907187845777,53.14062400139422
,,grass,,23.17656585859831,53.14103744474579
,,grass,,23.176736519550346,53.14113079759466
,,grass,,23.176918661971367,53.14124815594139
,,grass,,23.177099897839895,53.141361527863566
,,grass,,23.17729403862264,53.14149942941393
,,grass,,23.177457223078736,53.14158494197013
,,grass,,23.178322618442373,53.14159846588884
,,grass,,23.184663176516942,53.14050468653943
,,grass,,23.1855534919923,53.140371649764056
,,grass,,23.184769782518956,53.140470410103305
,,grass,,23.185139557484288,53.14044752160231
,,forest,,23.22970956525835,53.149315375122754
,,forest,,23.229155551649825,53.1471949047731
,,,wood,23.233150398416445,53.149822235967555
,,forest,,23.22771594249251,53.145057607595874
,,grass,,23.182651385996408,53.134818183165144
,,grass,,23.182446460042264,53.134811472899116
,,meadow,,23.10695132940853,53.20039866228744
,,,wood,23.109727801296145,53.19987834257205
,,,wood,23.11196585264502,53.19975377587689
,,,wood,23.11493178361882,53.20073327436516
,,meadow,,23.119079067305517,53.198684450474765
,,,wood,23.113170160775315,53.19790153980219
,,,wood,23.11170914424299,53.198228154138064
,,,wood,23.107871488773537,53.19804790673233
,,meadow,,23.108268187901828,53.198560363818835
,,meadow,,23.10128254609143,53.19737916481397
,,meadow,,23.101133811311293,53.1977527155894
,,,wood,23.10289807965929,53.19725502556164
,,meadow,,23.10735392419917,53.196694315039046
,,meadow,,23.11194126422872,53.19613025223158
,,,wood,23.112923701560963,53.19569371896743
,,meadow,,23.114309863800045,53.19521040971835
,,forest,,23.101507265822093,53.19552968966344
,,meadow,,23.09053799693748,53.195715202237835
,,,wood,23.10606577640663,53.19642242139024
,,meadow,,23.101487541663783,53.18963674049402
,,meadow,,23.099407802067226,53.18943572258344
,,meadow,,23.095713036404845,53.18859515033837
,,meadow,,23.10747244659111,53.18896970346129
,,meadow,,23.097432709711857,53.190151389334204
,,,wood,23.09270565431252,53.19506364039193
,,meadow,,23.09201305496172,53.19421108547943
,,meadow,,23.091231885687645,53.192412098340284
,,,wood,23.090260117350624,53.19271022239671
,,meadow,,23.089368571081714,53.19299208996366
,,meadow,,23.086908925112315,53.1934036666808
,,meadow,,23.084462221606294,53.19488985272922
,,meadow,,23.083140135018866,53.19709300129023
,,,wood,23.08211129505941,53.196348683332886
,,meadow,,23.078485738526417,53.19513746850959
,,meadow,,23.081495123166,53.19479652632102
,,,wood,23.076911388712183,53.19869226161318
,,meadow,,23.08307831819533,53.200982779367166
,,,wood,23.088431271501488,53.19950208990879
,,meadow,,23.08691403809956,53.19981215999707
,,meadow,,23.083934399874067,53.19861011749609
,,,wood,23.084795007620155,53.190567146647766
,,meadow,,23.085558913831495,53.18999818339455
,,,wood,23.087320114019967,53.189446252614964
,,meadow,,23.088094562867468,53.189231126266726
,,meadow,,23.08692849968571,53.189501888605726
,,,wood,23.08974588031444,53.19025573554144
,,meadow,,23.08816323291665,53.190662842101354
,,,wood,23.091008998940673,53.19184332386907
,,meadow,,23.08144434358193,53.19068032817133
,,,grassland,23.087916761493116,53.18483042669878
,,meadow,,23.087406428337072,53.18794231662216
,,meadow,,23.090297934052888,53.188897343837006
,,meadow,,23.090479537084946,53.18771416927186
,,,wood,23.082147170864722,53.18819320566742
,,meadow,,23.076538512508318,53.188740480421984
,,,wood,23.083941736266258,53.18446983019879
,,meadow,,23.069927484140912,53.185714548972065
,,meadow,,23.071388179428574,53.18670086628739
,,meadow,,23.066809848885867,53.1851218023166
,,meadow,,23.07021333783266,53.19476577947167
,,meadow,,23.07653125595545,53.19081481254487
,,meadow,,23.078784384659482,53.19374913331484
,,meadow,,23.07266642256154,53.19482227000979
,,meadow,,23.075440917897055,53.195259966201796
,,meadow,,23.07947020302187,53.19627219743011
,,meadow,,23.078572199021302,53.19691720224928
,,,wood,23.077103755224705,53.196891703285246
,,meadow,,23.07509753287735,53.197509445365014
,,meadow,,23.072809721286124,53.19695916241693
,,meadow,,23.07104077472876,53.19790344731853
,,meadow,,23.069625859791007,53.19659593022682
,,meadow,,23.069580594224284,53.1975885749571
,,meadow,,23.068040521338897,53.19771350871079
,,meadow,,23.061541531110425,53.183596858566496
,,meadow,,23.063097400269744,53.18251864653641
,,meadow,,23.061976610178167,53.184208127640005
,,,wood,23.058623116570487,53.187456096775605
,,meadow,,23.059133649505235,53.18784500822449
,,meadow,,23.058999780587268,53.181860569903094
,,meadow,,23.065455472153854,53.197390401499966
,,meadow,,23.06324968304866,53.1973968309838
,,meadow,,23.05560153915154,53.197655579151366
,,,wood,23.054363893906448,53.19790263864966
,,meadow,,23.053769265829256,53.197822207560314
,,meadow,,23.052575280148236,53.195931903400826
,,meadow,,23.049721546521752,53.198435311347396
,,meadow,,23.141502672220344,53.20012783012548
,,grass,,23.198837556983626,53.13137111410114
,,grass,,23.200824883783813,53.13107365727597
,,grass,,23.200279118572183,53.13112671249281
,,grass,,23.199495781787547,53.13116323143247
,,grass,,23.19902890225516,53.13118534503743
,,grass,,23.1999241252233,53.131144064343374
,,,grassland,23.071957517057818,53.1443396034415
,,forest,,23.064838326941793,53.136413760084835
,,forest,,23.091450910268613,53.167118039989994
,,forest,,23.08164123934101,53.1717484354199
,,forest,,23.14026597189539,53.09554636631094
,,forest,,23.173234130737487,53.09673410889334
,,forest,,23.186877445978915,53.09896148597999
Las Turczyński,,forest,,23.103135392104157,53.1029381822563
,,forest,,23.15092305564754,53.17419552914682
,,forest,,23.15084172931572,53.16230933127776
,,,wood,23.223748820320885,53.137096841893225
,,,wood,23.223917180239518,53.134394739635916
,,grass,,23.152505397955196,53.11882701688274
,,forest,,23.061668385217192,53.06240583271938
,,forest,,23.06890054869936,53.19696397214537
,,forest,,23.248313745847828,53.174478090624994
,,forest,,23.125021811174843,53.05771346519276
,,forest,,23.090782173597212,53.0624139662753
,,forest,,23.071979380554875,53.0589406904867
,,forest,,23.18306468949299,53.07650028997265
,,forest,,23.15873550128109,53.0701631190556
,,forest,,23.162465421711357,53.07453577346989
,,forest,,23.158422535255834,53.06591450826726
,,forest,,23.219879941316695,53.062382766324106
,,forest,,23.1757254589577,53.06457550658913
,,forest,,23.191351800486785,53.050273873280375
,,forest,,23.241459038991977,53.06155833428888
,,forest,,23.062778031348515,53.06631328096183
,,,wood,23.062777306929828,53.079423428947145
,,,wood,23.057417128284985,53.07616606877148
,,forest,,23.064882655145993,53.066430565860735
,,forest,,23.071106488882617,53.06601619474032
,,forest,,23.073670322725064,53.065760146194314
,,forest,,23.071252404382832,53.06500716300357
,,forest,,23.183788875323064,53.056757340043355
,,forest,,23.155300167490996,53.05604914991665
,,forest,,23.146487470596306,53.05633273730776
,,forest,,23.130970430398783,53.05436131642207
,,forest,,23.124436345377106,53.055374599498336
,,grass,,23.20258295176819,53.13067123984902
,,grass,,23.130725879747622,53.13819292246008
,,grass,,23.154317187847322,53.13514877966133
,,grass,,23.153942329100406,53.13514142554505
Park kieszonkowy,park,,,23.167362269994523,53.12302621045813
,,grass,,23.09556778619415,53.116208063803825
,,grass,,23.18951975241485,53.13354323973578
,,grass,,23.189665874207417,53.13421337506913
,,grass,,23.1883074797952,53.13411945866057
,,grass,,23.18811420335542,53.13404564903953
,,grass,,23.1885937712918,53.13425609043566
,,grass,,23.188751602638867,53.134442951803614
,,grass,,23.189182891249413,53.13463026487935
,garden,,,23.098495091847937,53.13122623327614
,garden,,,23.098362813372773,53.131333232293215
,garden,,,23.09858005762737,53.13132975686237
,garden,,,23.098891320813433,53.13141935964512
,garden,,,23.098549570960056,53.131676848672655
,garden,,,23.12224913203258,53.14656454679857
,garden,,,23.121353648157008,53.14651840344794
,garden,,,23.122343576842468,53.14681955832916
,,grass,,23.18087341200298,53.12525580967893
Pasieka Miejska,,apiary,,23.180749287768215,53.12521579655264
,,grass,,23.155346861097275,53.1189053539307
,,grass,,23.155721578871095,53.11920847599303
,,grass,,23.155537261518486,53.11914175575009
,,grass,,23.155378399944674,53.119119978618144
Bieli,,,grassland,23.100774481588573,53.17427476476093
,,grass,,23.15681668644278,53.14473627672299
,,grass,,23.189910423604616,53.13650552126656
,,grass,,23.18959029831641,53.136396168030394
,,grass,,23.189281632391697,53.136143411766696
,,grass,,23.189228323217133,53.1362756692064
,,grass,,23.188979471705405,53.136049550629565
,,grass,,23.18888069969416,53.136159838671254
,,grass,,23.188154352781012,53.13558546583091
,,grass,,23.189465998833985,53.134647061418185
,,grass,,23.189521361192725,53.13466418945532
,,grass,,23.189723173709417,53.134558941149
,,grass,,23.189982088213796,53.13439954320458
,,grass,,23.18974417093755,53.134645589283814
,,grass,,23.19012475150116,53.134467925434556
,,grass,,23.190353831107696,53.1343049250295
,,grass,,23.190260587988483,53.13418871000113
,,grass,,23.19049181064192,53.13404751548658
,,grass,,23.190553521203515,53.13413029576465
,,grass,,23.19076866926098,53.13383672299743
,,grass,,23.190743656037654,53.133957688406916
,,grass,,23.190179174504124,53.134094679964605
,,grass,,23.190054500000002,53.134189499999984
,,grass,,23.189927500000003,53.13428665000001
,,grass,,23.189802208706602,53.134382411141594
,,grass,,23.189677966414063,53.134478059440845
,,grass,,23.195649992302595,53.13586866595401
,,grass,,23.196166139832503,53.1354573392672
,,grass,,23.19590656627688,53.13522994372043
,,grass,,23.19557805618758,53.135239935428544
,,grass,,23.194859517253423,53.133550212715576
,,grass,,23.184805384156146,53.15987376852731
,,grass,,23.185247284472354,53.15982751757781
,,forest,,23.05133163856024,53.18892708554517
,,forest,,23.053438630644038,53.18859722035948
,,forest,,23.05422566491359,53.18760064645965
,,grass,,23.152067363806164,53.10516023497415
,,grass,,23.15178695100684,53.10503272472653
,,,grassland,23.199664918906954,53.105455414950505
,,,grassland,23.20669328010093,53.10311654437063
,,,water,23.065347811900256,53.150440022066945
,,,grassland,23.12879408006082,53.16108283439238
,,,grassland,23.1191974484762,53.17088959035024
,,,wood,23.124889271907076,53.16194145111523
,,,wood,23.126813422387908,53.16459491144385
,,grass,,23.199893757821652,53.13061802179411
,,,grassland,23.130272278774086,53.158660597839294
,,,grassland,23.156797659339784,53.12314861696903
,,grass,,23.117137530406985,53.124593916606514
,,grass,,23.09771659541263,53.127432561052004
,,,grassland,23.1457547764074,53.115661649291916
,,grass,,23.1740164053998,53.12035094364506
,,grass,,23.173845939129478,53.12028020878355
,,grass,,23.173653819519878,53.12019767855232
,,grass,,23.173749366366767,53.1204204831662
,,grass,,23.172542780799773,53.12032793694556
,,grass,,23.171352676209715,53.12026301284875
,,grass,,23.195090459611453,53.13185924053598
,,grass,,23.193438128243255,53.132027233995544
Plac Ducha Świętego,,,grassland,23.193970278999316,53.1316983385572
,,grass,,23.10635562910401,53.13893274855142
,,grass,,23.10648559381329,53.13896447193645
,,grass,,23.106674354774515,53.139146315104384
,,grass,,23.106743183623653,53.139691235501836
,,grass,,23.10674128146367,53.13935768687404
,,grass,,23.10688488212662,53.139562925682604
,,grass,,23.106571589715237,53.13967283183721
,,grass,,23.106344033610238,53.13945966551605
,,grass,,23.109262167593013,53.132545582373766
,,grass,,23.152001281166385,53.15843316727591
,,grass,,23.151893653500874,53.15850085014626
,,grass,,23.151614861190495,53.15863457477879
,,grass,,23.15193353238246,53.15716969018421
,,grass,,23.151959707164075,53.157723313224956
,,grass,,23.151758681709268,53.15783179955136
,,grass,,23.151538628518594,53.158443151209205
,,grass,,23.151547755660854,53.15737205786535
,,grass,,23.151592949167515,53.15596292799599
,,grass,,23.15167967975978,53.156005610605035
,,grass,,23.15156140942803,53.15620263201496
,,grass,,23.151389598764744,53.15624665465671
,,grass,,23.15228138767799,53.155723985546885
,,grass,,23.151799379994277,53.156128268220854
,,,wood,23.155908779061235,53.10896492333689
,,grass,,23.190838297864886,53.11862447311551
,,grass,,23.182564983939955,53.12462677855131
,,grass,,23.17533069399303,53.12750698776261
,,grass,,23.177137626130236,53.12742508710043
,,grass,,23.17666924310501,53.127445737581404
,,grass,,23.17660759101096,53.12740402047509
,,grass,,23.176231835638475,53.1275475310424
,,grass,,23.176075055196293,53.127610230388704
,,grass,,23.175862982039074,53.12770352735554
,,grass,,23.175623310037093,53.12780774534538
,,grass,,23.175189663151862,53.12763891427809
,,grass,,23.175711841643615,53.127422286104306
,,grass,,23.176209304642864,53.12722324831703
,,grass,,23.17635312662336,53.12722304877534
,,grass,,23.175767354548075,53.12745599217009
,,grass,,23.175441898682724,53.127594522172316
,,grass,,23.176530856506616,53.1270986127706
,,grass,,23.176502,53.12704986666666
,,grass,,23.172371321641812,53.12901397934499
,,grass,,23.17342373368478,53.12854960369844
,,grass,,23.17451302005032,53.12841105080171
,,grass,,23.174035213294122,53.12836413317759
,,grass,,23.17408233333333,53.1281403
,,grass,,23.17396494867236,53.12822323010553
,,grass,,23.1746294,53.12787173333333
,,grass,,23.17441176906388,53.12802346029534
,,grass,,23.17478239529729,53.12803844408468
,,grass,,23.17579041347825,53.12759291394148
,,grass,,23.183169588346505,53.125550321732405
,,grass,,23.1837348454815,53.12702968577863
,,grass,,23.18345193470335,53.12687887856925
,,grass,,23.182333843007335,53.12674368511671
,,grass,,23.182265206508244,53.126652400455484
,,grass,,23.181722193812792,53.12655712865846
,,grass,,23.181622191427987,53.127268143623716
,,grass,,23.18209639093769,53.127126506114216
,,grass,,23.182407797782385,53.12700441181208
,,grass,,23.18255139460609,53.1269392033158
,,grass,,23.181343427195632,53.127012141805366
,,grass,,23.181539000000004,53.127076366666664
,,grass,,23.181901680514695,53.12685887933201
,,grass,,23.18076441066321,53.127648514694314
,,grass,,23.1809171842696,53.127574980998155
,,grass,,23.181076377431847,53.127480867446366
,,grass,,23.181258005110102,53.1274189156066
,,grass,,23.179988265150474,53.12682412154246
,,grass,,23.18048882769582,53.12724753327931
,,grass,,23.18038957966572,53.126595009491965
,,grass,,23.18068499699935,53.12647772095778
,,grass,,23.18092740092746,53.126670112788354
,,grass,,23.179806956295934,53.12658335684765
,,grass,,23.179804481889118,53.126409803906704
,,grass,,23.179586025842347,53.12693213284037
,,grass,,23.17921818640073,53.12719023832297
,,grass,,23.17914006814943,53.1269743412571
,,grass,,23.17894751436613,53.12706229444474
,,grass,,23.177588138957052,53.12706360313931
,,grass,,23.1776390955543,53.12721695616646
,,grass,,23.178165274944682,53.12688786107379
,,grass,,23.178791580375798,53.12690157223182
,,grass,,23.1791093135669,53.12661705414126
,,grass,,23.18226084383209,53.12656513180542
,,grass,,23.182113049999995,53.12653375
,,grass,,23.182019269919287,53.12651530532466
,,grass,,23.1819145,53.12649460000001
,,grass,,23.18181235,53.12647449999999
,,grass,,23.1817055,53.12645340000002
,,grass,,23.18149589713096,53.126412874075214
,,grass,,23.181395275058314,53.126396010238246
,,grass,,23.181203513737298,53.12636132023521
,,grass,,23.18086673558138,53.126355374772984
,,grass,,23.18057667522413,53.12635294509282
,,grass,,23.180454675229072,53.12635194291586
,,grass,,23.18024833125775,53.126358597169435
,,grass,,23.18047062211753,53.126213915859324
,,grass,,23.181746449443132,53.126267096760444
,,grass,,23.182215118394055,53.126361622335224
,,grass,,23.182936048078545,53.126810105858155
,,grass,,23.183119845029573,53.12667052285704
,,grass,,23.18269737865344,53.126354971679014
,,grass,,23.182763662871693,53.126670866242065
,,grass,,23.182599930637743,53.126498361185924
,,grass,,23.182335863462043,53.12614406122977
,,grass,,23.1809611458451,53.12621225343022
,,grass,,23.18147771425626,53.126233592584136
,,grass,,23.181905272765214,53.12599331147954
,,grass,,23.18132721514286,53.1260876028713
,,grass,,23.17930287039235,53.12624222695769
,,grass,,23.178629811099192,53.126482792552586
,,grass,,23.178046613689546,53.126660616032424
,,grass,,23.17748319246853,53.126831420603516
,,grass,,23.177021199821265,53.12698040428087
,,grass,,23.17657455647257,53.12727902693041
,,grass,,23.178268115474967,53.12672699331007
,,grass,,23.18025146568019,53.1260807359003
,,grass,,23.17977370599743,53.12624650929934
,,grass,,23.210066232802575,53.12478422646722
,,grass,,23.209691939044838,53.1247656701692
,,grass,,23.208300636619636,53.12426794660712
,,grass,,23.208221799999997,53.124360300000006
,,grass,,23.207890984382963,53.12508628684911
,,grass,,23.208198424403825,53.12448189803975
,,grass,,23.208999520320347,53.124462809115556
,,grass,,23.20771065250859,53.125147844217906
,,grass,,23.207116300479235,53.12559873170779
,,grass,,23.207468593276484,53.12514211955533
,,grass,,23.09552405379091,53.07738704450464
,,grass,,23.08946200815636,53.07520874901461
,,grass,,23.07871933130805,53.06864145300365
,,,grassland,23.098616607466408,53.1151606777721
,,grass,,23.1350887666477,53.13422180045715
,,grass,,23.135087349669,53.13429451667894
,,grass,,23.134963483415397,53.13429889929064
,,grass,,23.150897130680633,53.131887970651505
,,grass,,23.1509741,53.13223115000001
,,grass,,23.151025679949406,53.13239689377379
,,grass,,23.151096644672997,53.13259553253
,,grass,,23.15122440022903,53.13289643358343
,,grass,,23.151900795106787,53.13395360561692
,,grass,,23.151981481786766,53.13413191232343
,,grass,,23.151630516726353,53.13381525226214
,,grass,,23.151919416408926,53.13375191346941
,,grass,,23.1519763,53.13388695
,,grass,,23.15201715,53.13398159999999
,,grass,,23.151722410078946,53.134004116136985
,,grass,,23.151821739144218,53.13422977337252
,,grass,,23.15173609597949,53.13433114837798
,,grass,,23.15192737720283,53.134635985859084
,,grass,,23.15194096264766,53.134868749339866
,,grass,,23.13510478400123,53.134447182853215
,,grass,,23.13526855,53.13449734999999
,,grass,,23.135265649916423,53.13439696666808
,,grass,,23.1350152,53.13439985
,,grass,,23.15695661957068,53.14222979583193
,,grass,,23.165283714046755,53.09801188237245
,,,wood,23.11432855603714,53.12831598386862
,,,wood,23.110023996281182,53.1266220422031
,,,wood,23.114368439597737,53.125201621439025
,,,wood,23.112446743916657,53.12417396922743
,,,wood,23.107778599548,53.12306317467071
,,grass,,23.084764948527603,53.144186433147425
,,,wood,23.136564591741163,53.1772729754226
,,grass,,23.189212149999996,53.13248430000001
,,grass,,23.18935710000001,53.13254855
,,grass,,23.18941937160145,53.13249841018494
,,grass,,23.189274200000003,53.132432900000005
Skwer Wasilkowski,park,,,23.201369383028087,53.198909886712244
,,meadow,,23.046213252236758,53.18323330566078
,,grass,,23.1222508733578,53.15729612806248
,,grass,,23.122352375157757,53.15753523187893
,,,wood,23.123164682723772,53.158359232600716
,,grass,,23.19243350652062,53.13388748383321
,,grass,,23.19255325,53.13395309999999
,,grass,,23.1927029,53.13403499999999
,,grass,,23.1928522,53.134116299999995
,,grass,,23.193031909226864,53.134195217162805
,,grass,,23.19317955,53.134263600000004
,,grass,,23.193328150000003,53.13434515
,,grass,,23.19347762049509,53.13442663300219
,,grass,,23.192606450000003,53.13346479999999
,,grass,,23.192751464587307,53.13354495366944
,,grass,,23.1928979,53.133625900000006
,,grass,,23.19305106009608,53.133711651344626
,,grass,,23.193197148026613,53.1337907895591
,,grass,,23.193324846073242,53.133861410720755
,,grass,,23.188554250000006,53.135227050000005
,,grass,,23.188464611235922,53.13529789070093
,,grass,,23.158239889431346,53.125225434615935
,,meadow,,23.044678563918694,53.187511006055544
,,grass,,23.07417284456553,53.14405188981245
,,grass,,23.1909332918668,53.194322467160646
,,,grassland,23.117587262438416,53.138201027294954
,,forest,,23.242454208495023,53.14137326628218
,,grass,,23.194823013350614,53.12098296124904
,,grass,,23.194312294705338,53.12117408301303
,,grass,,23.19479119975898,53.120807824728615
,,grass,,23.196114200742596,53.11982489355134
,,grass,,23.197636786645457,53.12062311921082
,,grass,,23.197710761849603,53.12050008473168
,,grass,,23.196795173560044,53.120199549830886
,,grass,,23.196770064767595,53.12000568269056
,,grass,,23.19659774448206,53.12009127415958
,,grass,,23.196464759537854,53.12023065127748
,,grass,,23.195661618365406,53.11994281047592
,,grass,,23.195725650966626,53.1205014854374
,,grass,,23.19596378457936,53.12037180935938
,,grass,,23.19574835627177,53.12028784838253
,,grass,,23.19557984644694,53.120129665065164
,,grass,,23.19668122933842,53.11987382005675
,,grass,,23.196467348126625,53.11994960358491
,,grass,,23.196955859108883,53.119990444659564
,,grass,,23.197461757515384,53.12008777159483
,,grass,,23.137367940788263,53.12062290005872
,,grass,,23.137942966188913,53.12181920326325
,,grass,,23.13648428031213,53.120678018482394
,,grass,,23.13736771126987,53.120176754606
,park,,,23.137074583499203,53.12163777992259
,park,,,23.136240930760653,53.12237899352488
,park,,,23.136689883911323,53.12148403828048
,,grass,,23.1355676718267,53.1214972849568
,,grass,,23.134826577223663,53.12054697217508
,,grass,,23.13617893410257,53.120172241183596
,,grass,,23.135863158723495,53.11996917375553
,,grass,,23.134029757292303,53.11984667443665
,,grass,,23.133407228283453,53.120628541947504
,,grass,,23.132728857068646,53.12083396993709
,,grass,,23.133079454241127,53.12144877248787
,,grass,,23.134089480452076,53.13393453197205
,,grass,,23.134543875423464,53.13404478683813
,,grass,,23.134765377347478,53.13396782990101
,,grass,,23.13463459872699,53.133923377745084
,,grass,,23.1348159700866,53.13413371247337
,,grass,,23.103814675960738,53.140456851632194
,,grass,,23.10476201803047,53.14028957208171
,,grass,,23.15090013985682,53.13594340671315
,,grass,,23.15158435426801,53.13582989537201
,,grass,,23.198380898028066,53.12887275313248
,,grass,,23.198546969222072,53.128062670931335
,,grass,,23.19849230623753,53.12860235023806
,,grass,,23.198502809814002,53.12832610645272
,,grass,,23.195447271678187,53.127627104588846
,,grass,,23.19516660662211,53.12765735708751
,,grass,,23.19495670093604,53.12767584796992
,,grass,,23.19473533006326,53.127696491675664
,,grass,,23.19461289609176,53.12770701734955
,,grass,,23.1944547059619,53.12772297220245
,,grass,,23.194176188350983,53.127748622656036
,,grass,,23.193762463767804,53.127778016127245
,,grass,,23.193499442718128,53.127792127331446
,,grass,,23.199150117649427,53.12762359990332
,,grass,,23.198546359366226,53.127648512787324
,,grass,,23.19779225,53.12767945
,,grass,,23.197348701875544,53.12769870304478
,,grass,,23.197257428928637,53.12764920525984
,,grass,,23.197070221929064,53.12775768027388
,,forest,,23.10967075826617,53.1066298194423
,,grass,,23.09753053414448,53.1586694779505
,,grass,,23.097392573773227,53.15862948296784
,,grass,,23.097246854011356,53.15873377374307
,,grass,,23.093478475628054,53.158155333834515
,,grass,,23.094374309276446,53.15910234350035
,,grass,,23.10152847741524,53.160781117456544
,,grass,,23.102029014281364,53.16090270101904
,,grass,,23.101812174911597,53.16095358776821
,,grass,,23.101567203305027,53.160980708879535
,,grass,,23.099591193774863,53.160280907515265
,,grass,,23.099345488561326,53.16021090701447
,,grass,,23.099083722450732,53.16014260272747
,,grass,,23.098832477377698,53.16009679960257
,,grass,,23.10119726522198,53.16060046003537
,,grass,,23.095864044575016,53.159894295146024
,,grass,,23.095682871770425,53.1600928657326
,,grass,,23.0963362003287,53.15974030004817
,,grass,,23.096382636607256,53.15965760165768
,,grass,,23.09674908980199,53.15966869438846
,,grass,,23.096912015257026,53.15958308549666
,,grass,,23.096883419532777,53.159459033207675
,,grass,,23.095972757406997,53.15959870589855
,,grass,,23.096893713829747,53.15921956149843
,,grass,,23.09493462000521,53.158869134422424
,,grass,,23.13118989309445,53.14349596478778
,,grass,,23.130955497438446,53.14331368887507
,,grass,,23.13081838414329,53.14325382926995
,,grass,,23.131808063177875,53.14389858417116
,,grass,,23.131872424886872,53.14413777593232
,,grass,,23.131299325657245,53.14447454773113
,,grass,,23.131177870390648,53.144438461965876
,,grass,,23.129690214932538,53.14433181728511
,,forest,,23.080274864411173,53.16403816304955
,,forest,,23.07788748435783,53.165382138175076
,,forest,,23.07955422488339,53.163848477308775
,,forest,,23.076086688728896,53.16585200020132
,,forest,,23.076777165403904,53.16551011013716
,,grass,,23.156411467611914,53.13199411537962
,,grass,,23.15515743873403,53.131739674551106
,,grass,,23.155069349754356,53.13180034753653
,,grass,,23.15563166518499,53.131766861387575
,,grass,,23.15537078156888,53.13175495215419
,,grass,,23.155444628763536,53.132055497223156
,,grass,,23.155491733333335,53.132245366666666
,,grass,,23.155626023145718,53.13268753877893
,,grass,,23.155314014071326,53.13241341958723
,,grass,,23.15535496773928,53.1325865539294
,,grass,,23.1553801028474,53.13270747065932
,,grass,,23.123347891511905,53.123238475945
,,grass,,23.124084055733153,53.122765445670325
,,,wood,23.06048766113189,53.07872770059383
,,,wood,23.0629366776595,53.07820493295968
,,,grassland,23.107214980675465,53.156244704471106
,,grass,,23.163294008248812,53.1346400962513
,,grass,,23.164773125487965,53.13395279467209
,,grass,,23.164848343095585,53.134030956099785
,,grass,,23.165641060266292,53.13371781306955
,,grass,,23.16674017136548,53.133322020831145
,,grass,,23.16595819969486,53.133611548523646
,,grass,,23.166087628682924,53.13386613206084
,,grass,,23.165334719326506,53.13417197038239
,,grass,,23.16709195,53.13349915
,,grass,,23.166998667089977,53.133535948953806
,,grass,,23.16662497186971,53.13365557612571
,,grass,,23.1362427684562,53.153693249934946
,,grass,,23.135575479842295,53.15375575179061
,,grass,,23.134533338947826,53.15412626947613
,,grass,,23.13484002568313,53.154092247578944
,,grass,,23.13436650124087,53.15402709945838
,,grass,,23.13519773806398,53.153951091866794
,,grass,,23.135026323695385,53.15384928356322
,,grass,,23.13536607883931,53.15382026439131
,,grass,,23.13485925998929,53.15372865995322
,,grass,,23.134531833191296,53.15390446704281
,,grass,,23.13470465438697,53.15389148958869
,,grass,,23.13471252529578,53.153991635377324
,,grass,,23.134750973068062,53.15377391084001
,,grass,,23.134594576905016,53.153788452425815
,,grass,,23.133876907518385,53.15396598567335
,,grass,,23.134348388248185,53.15370072385107
,,grass,,23.13402804416871,53.15380710848502
,,grass,,23.135200982216347,53.14628744550442
,,grass,,23.161452128267896,53.13533685102284
,,grass,,23.161489185769547,53.13511002935276
,,grass,,23.161401726492794,53.13525313749156
,,grass,,23.16113148120076,53.13536004610675
,,grass,,23.160864997330485,53.135439825248504
,,grass,,23.160692003215658,53.1355054904561
,,grass,,23.160583762221027,53.13553567326299
,,grass,,23.160417327472743,53.135583986375416
,,grass,,23.160192010213446,53.135639520362005
,,grass,,23.160046128281323,53.135566070308236
,,grass,,23.159944121782686,53.13547088539894
,,grass,,23.159930765970042,53.135603794469496
,,grass,,23.159630874860337,53.13585919065486
,,grass,,23.157374547096094,53.136027525491514
,,grass,,23.160679173199892,53.13592666008513
,,grass,,23.16001833542376,53.136099976598956
,,grass,,23.1596635981723,53.13616699109741
,,grass,,23.159546266666666,53.13617939999999
,,grass,,23.159554505738278,53.13613734950424
,,grass,,23.15943113333334,53.13621406666667
,,grass,,23.158900377417744,53.13624492774822
,,grass,,23.157496696359626,53.136275104614185
,,grass,,23.15743578077701,53.136326816535444
,,grass,,23.156122232629304,53.136312274117806
,,grass,,23.15555549336837,53.136304653024624
,,grass,,23.156147749783816,53.13626166438295
,,grass,,23.15555551976796,53.13625419304302
,,grass,,23.15527552893197,53.1362710178694
,,grass,,23.154713323998443,53.13623702696492
,,grass,,23.154709915230345,53.13602057803555
,,grass,,23.15301213247076,53.13627140995164
,,grass,,23.152869106589954,53.135996835497714
,,grass,,23.15227256918736,53.135978627988024
,,grass,,23.151554116787757,53.136214734519214
,,grass,,23.15008694857718,53.136175753686736
,,grass,,23.148392189710865,53.135859320667315
,,grass,,23.14689128668605,53.13487511564178
,,grass,,23.14680918722447,53.135355109104125
,,grass,,23.144675703194807,53.135864237386876
,,grass,,23.14346386292723,53.13614963604835
,,forest,,23.112358356500174,53.06992452039639
,,forest,,23.103815832205186,53.06768660378129
,,grass,,23.165107584604378,53.13079494502813
,,grass,,23.172700327170677,53.13388335502379
,,grass,,23.172289652944418,53.13388652282379
,,grass,,23.172016482707555,53.1338675436541
,,grass,,23.171857003806302,53.13396146872964
,,grass,,23.178624499999994,53.13462889999999
,,grass,,23.1783799180031,53.1346078502521
,,grass,,23.178090359195327,53.134582816229134
,,grass,,23.178744384501954,53.13458977374476
,,grass,,23.178381,53.13456105
,,grass,,23.178187708974793,53.134544277525045
,,grass,,23.17808979702352,53.1345358224498
,,,wood,23.073082073230562,53.065285532859484
,,,wood,23.07186689017942,53.063971875787956
Park Janiny Kurkowskiej-Spychajowej,park,,,23.085796072241983,53.123251085622705
,,grass,,23.182514877680788,53.13774820263528
,,grass,,23.18243361729823,53.137808556061906
,,grass,,23.182343170727307,53.137887058901285
,,grass,,23.147992382838527,53.17630593075167
,,grass,,23.084975372678045,53.143886059698
,,grass,,23.08296243799227,53.14405889976438
,,grass,,23.084604060909033,53.14352208968397
,,grass,,23.08461657981499,53.14368532967269
,,grass,,23.08415675915281,53.14383709648329
,,grass,,23.082559659882325,53.144217768995006
,,grass,,23.084392992255054,53.1438542744415
,,grass,,23.078575190842137,53.15176463173622
,,grass,,23.079033247207786,53.15117478978375
,,grass,,23.0793806419527,53.15072713521793
,,grass,,23.083190142233644,53.14575234491575
,,grass,,23.07914502072292,53.15152221703975
,,grass,,23.078022020630286,53.15285485513806
,,grass,,23.083071194015364,53.14667991469361
,,grass,,23.072376079513482,53.14556821716904
,,grass,,23.06157551649632,53.148004816786695
,,grass,,23.063036284967342,53.14794120418427
,,grass,,23.07265980305601,53.14612433753131
,,grass,,23.072701658852164,53.145727582487304
,,grass,,23.072957717432054,53.14627376929065
,,grass,,23.067096859490444,53.146949482224514
,,grass,,23.07249782399468,53.14678479799045
,,grass,,23.073569809523708,53.146617993924906
,,grass,,23.073871182526283,53.1461935658773
,,grass,,23.071812384053512,53.146570648718
,,grass,,23.0656671115281,53.1472564567632
,,grass,,23.067116281032376,53.14728804796327
,,grass,,23.06530938858049,53.14757657564355
,,grass,,23.078932057020957,53.1452885185077
,,grass,,23.080447365652244,53.14501860905153
,,grass,,23.079744398596215,53.14499235236046
,,grass,,23.10720588278401,53.13987869685475
,,grass,,23.107103398567617,53.139894853330446
,,grass,,23.10737161518772,53.13945600803735
,,grass,,23.10742525910673,53.139520859190036
,,grass,,23.10798941190321,53.1394248397755
,,grass,,23.108347584378716,53.139936488156486
,,grass,,23.1081811744556,53.139648437478364
,,grass,,23.10791623863977,53.140026443110166
,,grass,,23.107516199027344,53.140345633364916
,,grass,,23.10804187290087,53.14079674318446
,,grass,,23.105961596741118,53.141498313342225
,,grass,,23.10605415148366,53.141428704250586
,,grass,,23.106305201882368,53.141314930373554
,,grass,,23.107154084947982,53.141122283178014
,,grass,,23.107165831970477,53.1410029074424
,,grass,,23.10729390206529,53.14047054148047
,,grass,,23.107718685893612,53.14101107251182
,,grass,,23.106199944750575,53.140359607307474
,,grass,,23.10610640935684,53.14023085367634
,,grass,,23.10651533537255,53.14020921567879
,,grass,,23.10088920511441,53.14085807678495
,,grass,,23.10099987875865,53.14094929165523
,,grass,,23.099264111641634,53.14128239446041
,,grass,,23.097690049686666,53.14156419930654
,,grass,,23.096422632030908,53.1417939604943
,,grass,,23.09383606563993,53.142260199012625
,,grass,,23.090262508925683,53.142903756019095
,,grass,,23.08902778347472,53.14301211084597
,,grass,,23.086609115396897,53.14394944197254
,,grass,,23.08836897408071,53.14337378112342
,,grass,,23.08812244591568,53.143171105181
,,grass,,23.086531206209713,53.143738873926544
,,grass,,23.086704533999736,53.14352893577911
,,,grassland,23.08675662206672,53.14289265962113
,,grass,,23.085738765902196,53.144119017126094
,,grass,,23.085383782475557,53.14412550406597
,,grass,,23.084893436679756,53.144727729428276
,,grass,,23.085112295707898,53.14452781485588
,,grass,,23.082921606297095,53.144877759142325
,,grass,,23.08281187876334,53.1447070220032
,,grass,,23.082039956539237,53.14460521894689
,,grass,,23.08363923325728,53.14452034000369
,,grass,,23.081499949960918,53.144571364641976
,,grass,,23.083666214769814,53.14424910547158
,,grass,,23.07795880260445,53.1531171514609
,,grass,,23.077764423879497,53.152719045705254
,,grass,,23.084151748446427,53.14425809901636
,,grass,,23.08457266970512,53.14449106413131
,,grass,,23.083573902314434,53.14572204521147
,,grass,,23.079203087121574,53.15120558202598
,,grass,,23.078362273968153,53.152285494619036
,,grass,,23.077420111409193,53.1529622615677
,,grass,,23.076543037152437,53.145216559402584
,,grass,,23.07680720852841,53.14524454590169
,,grass,,23.079130865837787,53.14477070904271
,,grass,,23.07975606379133,53.14466167197657
,,grass,,23.079813217671816,53.14475250034908
,,grass,,23.077109137892396,53.14532504265967
,,grass,,23.07608652102716,53.14575063889867
,,grass,,23.076999051698934,53.14554324528603
,,,grassland,23.064669924200675,53.14936608855
,,grass,,23.065111558180654,53.150081020447075
,,grass,,23.064037434929315,53.15021412886601
,,grass,,23.06477618795981,53.15049978182416
,,grass,,23.065452988049937,53.15078972100006
,,grass,,23.06575657285102,53.15105571908154
,,grass,,23.06299776696581,53.14983800633721
,,grass,,23.06025447121099,53.149885702474435
,,grass,,23.06349641151716,53.14902957345429
,,grass,,23.065977043725358,53.15090637585259
,,grass,,23.06623771515971,53.150564441270326
,,grass,,23.067474028023863,53.1508772704932
,,grass,,23.070351243273713,53.15154733734477
,,grass,,23.068890405507812,53.150680191486366
,,grass,,23.068236149999994,53.15020564999998
,,grass,,23.068063864345927,53.15054853219911
,,grass,,23.07050157635191,53.1510970137001
,,grass,,23.071219406702653,53.15126479295515
,,grass,,23.174223426007188,53.10799405359402
,,,grassland,23.177970421329526,53.106652579904384
,,grass,,23.156679558995123,53.141026447148455
,,grass,,23.156249177413475,53.14090946124073
,,grass,,23.1583108551567,53.141385504607044
,,grass,,23.15668940770649,53.140259274412884
,,grass,,23.160139087189847,53.13788803928273
,,grass,,23.159994206246093,53.13830106761052
,,grass,,23.158718235417037,53.14098630478169
,,grass,,23.159026770224685,53.140419248806374
,,grass,,23.159534427900475,53.14028118660533
,,grass,,23.159459001168095,53.14016294930902
,,grass,,23.160243540108247,53.13930971376051
,,grass,,23.159671616016855,53.139714043912164
,,grass,,23.15905601388197,53.14020919317182
,,grass,,23.159969662027745,53.13869401247122
,,grass,,23.160286831082573,53.13879436344314
,,grass,,23.16051102229806,53.13878362576288
,,grass,,23.16084394999999,53.138423500000016
,,grass,,23.16170712134975,53.137670744684876
,,grass,,23.16205807073812,53.13775226271782
,,grass,,23.16253334169022,53.1374341400239
,,grass,,23.161640454350636,53.138077513034204
,,grass,,23.161003093298465,53.13851035871602
,,grass,,23.157747780851814,53.14146220911176
,,grass,,23.158476808307473,53.141703280187166
,,grass,,23.157762286348213,53.14209050998458
,,grass,,23.157929587345507,53.14185302064703
,,grass,,23.149192521596323,53.14059050688919
,,grass,,23.148980096217326,53.140718120439026
,,grass,,23.148704186400373,53.14088245213582
,,grass,,23.14846579870697,53.14102714223766
,,grass,,23.14826251358189,53.14115110008943
,,grass,,23.14810812356964,53.141256123056124
,,grass,,23.147779735365614,53.14197999443941
,,grass,,23.14736289470806,53.14199491765163
,,grass,,23.147544906075115,53.141912401808284
,,grass,,23.14744125381294,53.14178693636522
,,grass,,23.147780174398513,53.141760183502704
,,grass,,23.147991520351997,53.14157165446689
,,grass,,23.148157648829336,53.141707658962
,,grass,,23.148385161245045,53.14135875654743
,,grass,,23.149214076732992,53.140833797218164
,,grass,,23.149587303463864,53.140622345286566
,,grass,,23.15186821206818,53.13807681297476
,,grass,,23.151501643167776,53.13868403543548
,,grass,,23.151211622861123,53.13900342144871
,,grass,,23.150760655054473,53.13949466433417
,,grass,,23.150505258792187,53.139772184358705
,,grass,,23.157500220529965,53.1435946063126
Park kieszonkowy,park,,,23.15458707247306,53.156714362671
,,grass,,23.194024381991657,53.13484167808605
,,grass,,23.194111613165095,53.134664001646605
,,grass,,23.19407684420017,53.13512638412158
,,grass,,23.194053681910535,53.13532114611348
,,grass,,23.19402546406875,53.13543257527635
,,grass,,23.194299600467843,53.13544064388307
,,grass,,23.194410276852864,53.13495159043531
,,grass,,23.193842905093316,53.13486761383097
,,grass,,23.19378247523275,53.13513065988009
,,grass,,23.193967805440092,53.135214715641176
,,grass,,23.194302783143183,53.13528415818112
,,grass,,23.056378329797553,53.13079125762729
,,grass,,23.166894105974407,53.1062306456917
,,grass,,23.16697336336541,53.10637619722761
,,grass,,23.16716953558651,53.10625466885609
,,grass,,23.167419587473617,53.10600371225691
,,grass,,23.16724720017452,53.10585859287647
,,grass,,23.166722886294302,53.10608168716085
,,grass,,23.166954580324237,53.10583173590672
,,grass,,23.167070598928166,53.10604451243906
,,grass,,23.114781414783355,53.108337038098234
,,grass,,23.114186829873738,53.10865892493787
,,grass,,23.114587181492062,53.10861332972958
,,grass,,23.114403474232372,53.10873754744416
,,grass,,23.11431211997166,53.108877633247076
,,grass,,23.114837609244116,53.10907980951747
Botaniczny Park Kieszonkowy,park,,,23.115898778675955,53.10934644031739
,,forest,,23.078536484668565,53.08543194467953
,,grass,,23.086470727183958,53.14129981367215
,,grass,,23.087720892541334,53.140068118566646
,,,wood,23.08498191719178,53.12483995643709
,,,wood,23.08416036084427,53.12510978670083
,,,wood,23.084509182383805,53.12551397013178
,,,wood,23.084046673614615,53.125440789154986
,,,wood,23.08464565342484,53.1250621641368
,,grass,,23.084257719504386,53.12508144379799
,,grass,,23.08487842031519,53.12487264354132
,,grass,,23.085045946847597,53.124648333719904
,,,wood,23.083754300000003,53.12601379999999
,,,wood,23.084003349999996,53.126080800000004
,,,wood,23.0837170683786,53.12572119156048
,,,wood,23.083829045798048,53.126218275248924
,,grass,,23.182538971938474,53.134633986728645
,,grass,,23.182330803738605,53.13454280767742
,,grass,,23.18230403763288,53.1346507198381
,,grass,,23.182175231986847,53.134606740507465
,,grass,,23.181845566666667,53.13421246666667
,,grass,,23.181997204551152,53.13430330377915
,,grass,,23.181906469384618,53.13439107051405
,,grass,,23.182107194680075,53.13444932017941
,,grass,,23.173981834774683,53.13417274114374
,,grass,,23.17332765281578,53.13416330017754
,,grass,,23.17353314085542,53.13406740795685
,,grass,,23.173764840513122,53.13411972803637
,,grass,,23.104903766936552,53.14129100187243
,,forest,,23.20424805719916,53.091372347920675
,,forest,,23.203394950027572,53.09097559422552
,,grass,,23.187202616244697,53.13488438946669
,,grass,,23.181133505381492,53.134803214906846
,,grass,,23.194687664937508,53.12118982090823
,,grass,,23.19457313605377,53.1212890246203
,,grass,,23.195481142579766,53.12031264491684
,,grass,,23.194435675411935,53.12082696506484
,,grass,,23.193422344565167,53.12113161689301
,,grass,,23.193025687074783,53.121401827816335
,,grass,,23.18431096645018,53.12484822746678
,,grass,,23.18509352521795,53.124447751286056
,,grass,,23.166146943221854,53.131467706453925
,,grass,,23.166313926829222,53.13133659133931
,,grass,,23.166722499043864,53.131486099869285
,,grass,,23.166613367267573,53.13157202969542
,,grass,,23.166439897460677,53.13145654943064
,,grass,,23.167073099190493,53.13172285411333
,,grass,,23.16740513708101,53.1314670384231
,,grass,,23.166830815825417,53.13115350713014
,,grass,,23.1665922792584,53.13111973445808
,,grass,,23.166761621717463,53.130988470296266
,,grass,,23.16704892832277,53.13123159831068
,,grass,,23.166938598438385,53.13131987490477
,,grass,,23.22748438367465,53.140264710199375
,,grass,,23.227109094294065,53.14028765439269
,,grass,,23.22718373528215,53.140445739002665
,,grass,,23.227446716107934,53.140587709051374
,,grass,,23.227328399999998,53.1405326
,,grass,,23.227135337584286,53.14054765765736
,,grass,,23.2272463,53.1406177
,,grass,,23.2270721,53.140631299999995
,,grass,,23.227209606075526,53.140678597868515
,,grass,,23.226881620542706,53.14076759568033
,,grass,,23.226482071788883,53.1408112203474
,,grass,,23.22669404352006,53.14073898251888
,,grass,,23.226499599999997,53.14069129999999
,,grass,,23.225977841813133,53.14030201469698
,,grass,,23.225963536236126,53.140373640766896
,,grass,,23.225854144473725,53.13988785079539
,,grass,,23.22590964638362,53.14012768453394
,,grass,,23.225958054697184,53.140209466970006
,,grass,,23.225816770148498,53.14031243549182
,,grass,,23.225797065910374,53.14022022278663
,,grass,,23.2247283272568,53.140321654375875
,,grass,,23.226011099741335,53.14058829175622
,,grass,,23.226275090657005,53.14034668649095
,,grass,,23.22690007065292,53.14043317627471
,,grass,,23.22668863951531,53.14050520985341
,,grass,,23.226513366601065,53.14051862464944
,,grass,,23.22695623660069,53.14056111563477
,,grass,,23.226477350000003,53.1406006
,,grass,,23.2263723401614,53.14057438509873
,,grass,,23.226291270834,53.140745780763595
,,grass,,23.22609467494028,53.1409470991178
,,grass,,23.225937768301044,53.14084521879854
,,grass,,23.226058184384932,53.14078594745279
,,grass,,23.225916582485752,53.140744790562636
,,grass,,23.22576935407514,53.14060357598819
,,grass,,23.224808805483534,53.140485637319195
,,grass,,23.2250191827749,53.1404742092222
,,grass,,23.225472351964253,53.14048423914112
,,grass,,23.225217695935253,53.14045054807103
,,grass,,23.22523863722709,53.14053788951025
,,grass,,23.225597329676166,53.14121398089217
,,grass,,23.22541368481003,53.14122932270817
,,grass,,23.225228513734674,53.14124409013415
,,grass,,23.22585781091347,53.141099345216
,,grass,,23.225797111243434,53.1408705729072
,,grass,,23.225375670176362,53.14087894173765
,,grass,,23.22549730291663,53.1409649308383
,,grass,,23.224957438640583,53.141166999650714
,,grass,,23.22517088715816,53.14104437065546
,,grass,,23.225075779244055,53.14092459093548
,,grass,,23.224909499999995,53.140879999999996
,,grass,,23.224936320856024,53.14100004890101
,,grass,,23.225266794604014,53.138534066864544
,,grass,,23.224691999999997,53.1379653
,,grass,,23.224606060326,53.13776263940719
,,grass,,23.2243694,53.1376887
,,grass,,23.22427130415305,53.137786967673215
,,grass,,23.224381282172075,53.13807303807357
,,grass,,23.22415871048381,53.13805300033927
,,grass,,23.224564842042728,53.13807997874867
,,grass,,23.225220907574336,53.13829344235298
,,grass,,23.22494374249359,53.138457643388215
,,grass,,23.225035798737675,53.13855009839588
,,grass,,23.225010596030568,53.13864404315957
,,grass,,23.225026724406728,53.13878909140807
,,grass,,23.22576744853956,53.13951129174538
,,grass,,23.22576798374208,53.140097607498326
,,grass,,23.225746078745463,53.13999558982607
,,grass,,23.225588560185425,53.1398550223642
,,grass,,23.22561712781416,53.1399868589724
,,grass,,23.22562349558632,53.14015950077917
,,grass,,23.22536864682884,53.14020587583402
,,grass,,23.225186949396075,53.140219698546865
,,grass,,23.22500213080744,53.1402352981528
,,grass,,23.22476806577309,53.140242381008704
,,grass,,23.22466900746618,53.13975779779588
,,grass,,23.224853208214615,53.13975246394102
,,grass,,23.22491529288209,53.13990841787938
,,grass,,23.225122046057823,53.13988006919769
,,grass,,23.22529565295429,53.139824360727594
,,grass,,23.226913869290833,53.139380747772165
,,grass,,23.22701074304508,53.139280725381845
,,grass,,23.227148255661668,53.139257542062005
,,grass,,23.227093294334953,53.13916020813712
,,grass,,23.226885756451004,53.13914661503702
,,grass,,23.226732357783494,53.139189869162756
,,grass,,23.226536096425058,53.13926509630804
,,grass,,23.22620733681298,53.13929850087114
,,grass,,23.225954778961135,53.13931444662159
,,grass,,23.226435635825023,53.1391602019895
,,grass,,23.225906702487585,53.13920432328289
,,grass,,23.22781541639428,53.13878328823553
,,grass,,23.225703661576016,53.13922873055404
,,grass,,23.225709156697867,53.13916586025305
,,grass,,23.225505310892544,53.13953736762866
,,grass,,23.225562022377247,53.13917727430293
,,grass,,23.225479067396105,53.13918733927894
,,grass,,23.225495442646515,53.13927519493261
,,grass,,23.224555184125443,53.13915310967807
,,grass,,23.225035007253716,53.139428956300215
,,grass,,23.225347386382744,53.13919730556403
,,grass,,23.22520292695803,53.139305936572235
,,grass,,23.22498350553582,53.13929669141224
,,grass,,23.22468681837411,53.13936427935903
,,grass,,23.2251528278964,53.13900026972966
,,meadow,,23.081971794291228,53.09340097141707
,,grass,,23.137247871677793,53.136101922752665
,,grass,,23.13678974591328,53.135888496153385
,,grass,,23.136439969335335,53.13554545936976
,,grass,,23.136276416959515,53.135467835567184
,,grass,,23.138105134516337,53.13618881198688
,,grass,,23.135936732738095,53.13526905586758
,,grass,,23.13535929360889,53.13506360674885
,,grass,,23.134953465594222,53.13502415113107
,,grass,,23.18331784556426,53.135944101493926
,,grass,,23.180701166945425,53.136186847211576
,,grass,,23.18166642661533,53.135997107041405
,,grass,,23.18065691392184,53.13615578897546
,,grass,,23.18178238723356,53.13585967991208
,,grass,,23.182468189988693,53.13596011650072
,,grass,,23.18234921459445,53.13592357492341
,,grass,,23.183042507068336,53.13617736599748
,,grass,,23.1825519,53.13603466666666
,,grass,,23.182451200000006,53.13600856666666
,,grass,,23.182307511264597,53.135998616222516
,,grass,,23.182770088722474,53.13611325402088
,,grass,,23.182844671718563,53.136237952959156
,,grass,,23.182390058427014,53.13610573125616
,,grass,,23.1825097,53.13613995
,,grass,,23.18227981516877,53.13605529005096
,,meadow,,23.244476500474175,53.19501313850103
,,grass,,23.15414425366822,53.12848258215252
,,grass,,23.154561311859222,53.128628557155565
,,grass,,23.154584926047338,53.12886612388426
,,grass,,23.15730867584941,53.1292893665243
,,grass,,23.156376615788698,53.1292569454107
,,grass,,23.15580385035314,53.1290620617736
,,grass,,23.155792847098972,53.12928650487791
,,grass,,23.15600119494228,53.129360359864684
,,grass,,23.156178513198018,53.129422187346464
,,grass,,23.156508364286672,53.12954118601973
,,grass,,23.15206306547056,53.12760858642428
,,grass,,23.151778932348137,53.12782102496785
,,grass,,23.150786768287944,53.127741482165334
,,grass,,23.153783169506262,53.12873027863752
,,grass,,23.153935892662783,53.12881539884814
,,grass,,23.153694982208297,53.128555300020835
,,grass,,23.153726486387285,53.128856570604015
,,grass,,23.150319699077755,53.12693828189508
,,grass,,23.149997207014774,53.12772565770834
,,grass,,23.15044730169169,53.127357587947806
,,grass,,23.150155553295832,53.12662021401916
,,grass,,23.149916208792966,53.126410251618616
,,grass,,23.149946119457805,53.12633204045382
,,grass,,23.1502592496309,53.12658616195677
,,grass,,23.150407166666664,53.127119
,,grass,,23.150071903387236,53.127450228288986
,,grass,,23.150525108497625,53.127036866755226
,,grass,,23.069613370013766,53.160988491997244
Las Solnicki,,forest,,23.163322512893917,53.0934453705404
,,grass,,23.146085646804586,53.119317049521406
,,grass,,23.15862984287752,53.11928421257983
,,grass,,23.145057284606743,53.119370100653065
,,grass,,23.139896533341272,53.13429392676604
,,grass,,23.165612155335822,53.131674613621364
,,grass,,23.165432918432916,53.131717320259135
,,grass,,23.165659167997333,53.13180697696076
,,grass,,23.176717341065483,53.19759610545366
,,grass,,23.176636158319106,53.197413265318445
,,grass,,23.176801077807347,53.19734053555213
,,grass,,23.176822243676163,53.1977624640345
,,grass,,23.176784557063712,53.19770388159873
,,grass,,23.177054324239197,53.19769235066842
,,grass,,23.176868991314702,53.19762868056314
,,grass,,23.09211224455383,53.114487821372784
,,grass,,23.09093451506501,53.11429775200562
,,grass,,23.093199039588857,53.11482187874719
,,grass,,23.093283112215865,53.114571389671404
,,grass,,23.093599175279582,53.11460518119323
,,grass,,23.092717116324092,53.11439336257816
,,,wood,23.092173179571045,53.06544300793426
,,,wood,23.090296408948724,53.064980982894944
,,grass,,23.193485049592653,53.10521907462856
,,grass,,23.13091746582722,53.15661253217206
,,,grassland,23.224074981206577,53.08050354052555
,,grass,,23.149541523374893,53.12444245687768
,,grass,,23.15518743333333,53.119603033333334
,,grass,,23.155332841965844,53.119707946599846
,,grass,,23.171785478485738,53.12998317831953
Lawendowy park kieszonkowy,park,,,23.088782135946108,53.1515205171922
,,grass,,23.179248593814837,53.122412766427466
,,grass,,23.17959819020036,53.12276377500481
,,grass,,23.17975330098352,53.12275221278675
,,grass,,23.1801894581118,53.123255784125085
,,grass,,23.176919093269717,53.12105574292345
,,grass,,23.175781462518938,53.12079249866907
,,grass,,23.174980495055472,53.1205675140651
,,grass,,23.1744970270925,53.1204583207407
,,grass,,23.17731281020631,53.12127347219252
,,grass,,23.17800310383215,53.12138176248259
,,grass,,23.177751498171318,53.12133374606992
,,grass,,23.17830434347275,53.12158600469874
,,grass,,23.17885366908711,53.121898126117365
,,grass,,23.17895357052347,53.1220690413128
,,grass,,23.17884462028921,53.1221457685606
,,grass,,23.178516594532066,53.121977254741566
,,grass,,23.17818712867369,53.121608034696166
,,grass,,23.178402935252603,53.121798038042826
,,grass,,23.17792267687139,53.12168436450144
,,grass,,23.178293978705913,53.121952254696346
,,grass,,23.17903127065162,53.12222407623058
,,grass,,23.179723209172824,53.124763202098684
,,grass,,23.180483211651996,53.124345991642
,,grass,,23.18015373854788,53.124094296130856
,,grass,,23.17995073468721,53.12434286004331
,,grass,,23.180435993924984,53.12339613792727
,,grass,,23.180736080799594,53.124071868596836
,,grass,,23.179532041736287,53.12257168171603
,,grass,,23.179407617078486,53.12257454744669
,,grass,,23.179445049999998,53.12248655
,,grass,,23.17779406683074,53.121510051220945
,,grass,,23.177628133333332,53.121537566666674
,,grass,,23.135022866664425,53.13453518185143
,,,wood,23.22434425078405,53.13204311569032
,,forest,,23.22601786570129,53.12775170482784
,,,wood,23.220849709350276,53.132371131823156
,,grass,,23.113652014006536,53.159937211903355
,,grass,,23.1131364642255,53.159019776484065
,,grass,,23.11361778850569,53.15922052721443
,,grass,,23.113858581492796,53.159632330654865
,,grass,,23.11300287086788,53.159516457912765
,,grass,,23.112020939467016,53.15957506422396
,,grass,,23.112312024939587,53.159627281304985
,,grass,,23.111578126202026,53.160014277825546
,,grass,,23.108511103682964,53.16022982363868
,,grass,,23.105235070609975,53.16036859091354
,,grass,,23.107392255178613,53.160052981587434
,,grass,,23.10656403196866,53.16034350867079
,,grass,,23.199036608336996,53.131114066455595
"Las Uroczysko ""Bagno""",,forest,,23.215355955947228,53.1299243951604
,,,,23.226670580733003,53.12909644588125
,,grass,,23.223055468213133,53.12931983064363
,,grass,,23.223029700894337,53.12935436779116
,,grass,,23.194636112662938,53.13117856666666
,,grass,,23.181695035924808,53.12765020890821
,,grass,,23.181185819297163,53.12773521520213
,,grass,,23.181221894903285,53.12764998589653
,,grass,,23.18132503556556,53.12765885365636
,,grass,,23.18128193559246,53.1276700900377
,,grass,,23.181302743145366,53.12771025505344
,,grass,,23.05937894730858,53.14921655680511
,,grass,,23.057029334413617,53.149177726900824
,,grass,,23.057163861505195,53.14879520398878
,,grass,,23.060613473392966,53.14876897727729
,,grass,,23.135111038360087,53.130959321958265
,,grass,,23.135019074184264,53.13110797985258
,,grass,,23.135398391298033,53.13167311192971
,,grass,,23.135489315774205,53.131782484926546
,,grass,,23.13525800835069,53.132101958704446
,,,grassland,23.099423247365927,53.11599404881208
,,,grassland,23.099443778117934,53.115317213613295
,,,grassland,23.100628179898294,53.115209087683795
,,grass,,23.13648314732554,53.13303926035498
,,grass,,23.150724828416752,53.10604063190516
,,,grassland,23.105918968931025,53.10602874193902
,,,wood,23.094321973808345,53.13167898986852
,,meadow,,23.20692226723056,53.125879030874984
,,,wood,23.246940366532076,53.191090436812665
,,,wood,23.078707932045486,53.067893901159266
,,grass,,23.125474157829526,53.11096104270585
Plac arch. Zbigniewa Bauma,park,,,23.14398156299171,53.12391830246121
,park,,,23.172596763925704,53.14232886580765
,,meadow,,23.170039168619365,53.19946702858996
,,meadow,,23.170176254163923,53.199996056494676
,,grass,,23.201489769019275,53.14165803948935
,,grass,,23.201038112719008,53.140697763967225
,,grass,,23.200247489824,53.139312450500455
,,grass,,23.19935398830203,53.139216383895416
,,grass,,23.19939422601762,53.13955692277512
,,grass,,23.200546353330086,53.140158838922595
,,grass,,23.198206109178606,53.13732232487515
,,grass,,23.1961125312613,53.1357471288959
,,grass,,23.198920536542477,53.13838067671107
,,,grassland,23.180760175857863,53.09826189876841
,,,grassland,23.176929048168795,53.09715050470462
,,grass,,23.17504892000346,53.0987243553724
,,,grassland,23.172914882357567,53.098166503215396
,,,grassland,23.097279673047723,53.12640660303063
,,,grassland,23.0934236856713,53.076132545097124
,,,wood,23.091990905435555,53.075868663919614
,,,wood,23.09170429343043,53.07576382454119
,,,wood,23.09247164647559,53.07599662890694
,,grass,,23.09990786117171,53.124346520378765
,,grass,,23.10005955437234,53.12443871018655
,,grass,,23.09996081515478,53.1244195242873
,,grass,,23.100197036025204,53.12413519548021
,,grass,,23.10008220187619,53.12414351282492
,,grass,,23.100166225058814,53.12431517203252
,,grass,,23.100168813885748,53.12441741546587
,,grass,,23.09984942966294,53.12448999766167
,,grass,,23.10045424444537,53.12449065785539
Skwer Zenona Andrzeja Młyńczyka,park,,,23.13485614820669,53.11695391849223
,,grass,,23.096393361933064,53.127071674819454
,,grass,,23.163749017618716,53.13587972175021
,,grass,,23.177176216068126,53.13914710623739
,,grass,,23.177047465192384,53.13919742253356
,,grass,,23.17683412840061,53.13928187865631
,,grass,,23.176647434557946,53.1393674184821
,,grass,,23.176494250466387,53.13945772248661
,,grass,,23.17648988411992,53.1395553370577
,,grass,,23.176711130601035,53.13965771418934
,,grass,,23.17688639499619,53.13975509540199
,,grass,,23.17714528987563,53.13944083226032
,,grass,,23.177470540407967,53.139310003120244
,,grass,,23.17587348164568,53.13993365720759
,,grass,,23.175656509568675,53.13995865470271
,,grass,,23.175772133870293,53.14000847947188
,,grass,,23.17586888823055,53.1401168773889
,,grass,,23.17562927298871,53.14005430560457
,,grass,,23.17650397876655,53.14031159565018
,,grass,,23.176136867776062,53.14032627207738
,,grass,,23.176219721944566,53.14042585275602
,,grass,,23.175939835227737,53.13973742634441
,,grass,,23.176105375128753,53.13982383259255
,,grass,,23.17656746647962,53.14010378927751
,,grass,,23.176206695946814,53.14004764937536
,,grass,,23.176741993694417,53.14096267300735
,,grass,,23.176205392949658,53.13969974883885
,,grass,,23.176571367850965,53.13987033448412
,,grass,,23.176703181725888,53.13992413292447
,,grass,,23.176560131025298,53.14063919320637
,,grass,,23.177014052224354,53.14099418631991
,,grass,,23.17680736689936,53.14046434455231
,,grass,,23.176562833573527,53.14041414700891
,,grass,,23.176706602800333,53.14041376932317
,,grass,,23.176618129282925,53.14048233207816
,,grass,,23.17727712832395,53.1403895383894
,,grass,,23.177205457257244,53.1406569614439
,,grass,,23.17700167640689,53.1407987661366
,,grass,,23.176832518680836,53.140894528701494
,,grass,,23.177216202860865,53.140881389494595
,,grass,,23.177388991540457,53.140764626658644
,,grass,,23.17792371926615,53.140933790415154
,,grass,,23.177737706867248,53.14058783094839
,,grass,,23.178059936721883,53.140741695960514
,,grass,,23.177745544728964,53.140668728475646
,,grass,,23.17781484440044,53.14089344355649
,,grass,,23.17785842878919,53.141092718732715
,,grass,,23.177746032389525,53.1410749815637
,,grass,,23.177662365185245,53.141139599539734
,,grass,,23.17762492128279,53.1410789499026
,,grass,,23.177669468195973,53.140963033837004
,,grass,,23.1774365436127,53.14096985081727
,,grass,,23.177968485292265,53.14125962799891
,,grass,,23.177620175675774,53.141297227887904
,,grass,,23.177358351330607,53.141136557355736
,,grass,,23.1784161384564,53.14108637387524
,,grass,,23.178521216429242,53.141638183011686
,,grass,,23.178099032682148,53.14098558069408
,,grass,,23.17816379575523,53.14079769385318
,,grass,,23.17822702390947,53.14084458385383
,,grass,,23.178397667269504,53.14097735768144
,,grass,,23.178440037987233,53.14100642582474
,,grass,,23.178557848319056,53.14110244366318
,,grass,,23.17781621853077,53.14159192174242
,,grass,,23.178019065802552,53.14148635357281
,,grass,,23.178266025099468,53.14134427234418
,,grass,,23.178482422280236,53.14121972729699
,,grass,,23.178639781094574,53.14125179380972
,,grass,,23.17835336342967,53.1413895622659
,,grass,,23.1781161,53.14151273333332
,,grass,,23.177902239850727,53.141652882691055
,,grass,,23.177506936025512,53.14201637420575
,,grass,,23.17565947866415,53.140455788122935
,,grass,,23.175913241467537,53.14062790455595
,,grass,,23.176569100000002,53.141038033333324
,,grass,,23.176731323763544,53.141129357058695
,,grass,,23.17691811691503,53.14124805636785
,,grass,,23.177099444907746,53.14136159280309
,,grass,,23.177303466544764,53.14150208295283
,,grass,,23.177453337112585,53.141584128961306
,,grass,,23.178257913232144,53.1416303989017
,,grass,,23.184619836473434,53.140476421515395
,,grass,,23.185561055029158,53.140359802687435
,,grass,,23.184760942399546,53.140463305670394
,,grass,,23.18513065792135,53.14042813473665
,,forest,,23.229525811962944,53.1493541220675
,,forest,,23.22967376245003,53.147189645718996
,,,wood,23.233131647996004,53.149820754278004
,,forest,,23.22876390881767,53.14431135459299
,,grass,,23.182650964393453,53.134818272688456
,,grass,,23.182449778143422,53.13481109376299
