name,power,man_made,longitude,latitude
,,,19.8430844,50.0405444
,,,19.8918165,50.0512954
,,,20.0824434,50.0624802
,,,20.0280575,50.0712163
,,,19.9885965,50.0273005
,,,20.0173083,50.031066
,,,20.0168883,50.0311468
,,,20.0149758,50.0334566
,substation,,19.9515514,50.0448977
,,,20.0809205,50.0613646
,,,20.0861341,49.9874101
,substation,,19.9778594,50.1187325
,substation,,19.9812819,50.1179827
,substation,,19.9710851,50.1135162
,substation,,19.9648453,50.1161252
,,,20.0513512,50.0978306
,substation,,19.8985789,50.069485
,substation,,19.9356556,50.0728622
,,,19.8790914,50.0820682
,,,19.9639042,50.0939341
,terminal,,19.9936251,50.0815006
,terminal,,19.9936564,50.0812574
,,,20.0150947,50.085372
,,,20.0154955,50.0853046
,,,20.0044113,50.0512342
,,,19.9758567,50.0705326
,,,19.9655707,50.0544925
,,,20.0500814,50.0350747
,,,19.9542697,50.0281993
,,,19.9859672,50.0139317
,,,20.0258371,50.0135541
,,,20.0999817,50.0950085
,,,20.0971876,50.0958815
,,,20.0666977,50.0730086
,,,20.0779733,50.0696887
,,,20.0968817,50.0709356
,,,20.0963505,50.0706236
,substation,,19.9226737,50.0720211
,,,19.9200359,50.0327058
,substation,,19.9173701,50.0746846
,,,19.959557,50.03295
,substation,,19.9156973,50.0697848
,,,20.0880092,50.0617882
,,,19.8197592,50.0197319
,,,19.8712713,50.0779675
,,,19.8706582,50.077905
,,,19.873757,50.0791901
,,,19.8739001,50.0791805
,,,19.8734689,50.0792109
,,,19.8735849,50.0792025
,,,19.8736551,50.0791974
,,,19.8706031,50.0783157
,,,20.0236649,50.0342729
,,,19.9718266,50.1024485
,,,19.8188998,50.1049348
,,,19.9664795,50.0135769
,,,19.8816933,50.0458723
,,,19.8423523,50.0421902
,,,19.9140432,50.0928505
Oczyszczalnia ścieków,,wastewater_plant,19.8187624,50.0196312
,,,19.8838212,50.036202
,,,20.0242514,50.0140713
,,,19.8232811,50.0362711
,,,19.8298426,50.0389189
,,,19.8261224,50.0370143
,,,19.8256457,50.0364583
,,,19.9113744,50.0563479
,terminal,,19.8792738,50.081406
,terminal,,19.8792685,50.0813718
,terminal,,19.8792639,50.0813416
,terminal,,19.8792592,50.0813113
,terminal,,19.9271531,50.1170087
,,,19.9496485,50.0456554
,,,19.9544635,50.0279671
,substation,,19.9372995,50.0585395
,,,19.9897837,50.0161515
,terminal,,19.8328188,50.097997
,terminal,,19.8328206,50.0980294
,terminal,,19.8327681,50.098002
,terminal,,19.8439779,50.0911865
,terminal,,19.8439409,50.0912059
,substation,,19.9220033,50.0797255
,,,19.8622053,50.0820496
,,,19.8301738,50.0386266
,substation,,19.8953022,50.0232168
,,water_works,19.7527376,50.0905247
,substation,,20.0344805,50.0176158
,substation,,19.9280795,50.0609214
,substation,,19.9381178,50.0550772
,substation,,19.9492259,50.0502797
,substation,,19.9298555,50.0297864
,substation,,19.9268505,50.0401347
,substation,,19.9261985,50.0852941
,substation,,19.9306537,50.0864111
,substation,,19.9027002,50.0736993
,substation,,20.0107303,50.0827762
,substation,,20.0099686,50.08389
,substation,,20.0129644,50.0842634
,substation,,20.0150106,50.082083
,substation,,20.0118032,50.0773149
,substation,,20.0301522,50.0825517
,substation,,20.0289975,50.0820199
,substation,,20.0267364,50.0885624
,substation,,20.0088899,50.0966034
,substation,,20.0085077,50.0973458
,substation,,20.0211382,50.0988341
,substation,,20.0366535,50.0837804
,substation,,20.0341832,50.0722391
,substation,,20.0347151,50.0732192
,substation,,19.9321471,50.0774644
,substation,,19.9576009,50.0118357
,substation,,19.9599291,50.0147004
Kraków ul. Barska 10,substation,,19.9290305,50.051346
,substation,,19.9600902,50.0438257
,substation,,19.9507614,50.0457144
,substation,,19.9135046,50.0725134
,substation,,19.9111719,50.0734966
,substation,,19.9118395,50.0701411
,substation,,19.9211015,50.0682055
,substation,,19.9143263,50.0745197
,substation,,19.9304971,50.0737566
,substation,,19.9325394,50.073985
,substation,,19.9307435,50.0781866
,substation,,19.9330756,50.0798711
,substation,,19.9175771,50.089585
,substation,,19.9248091,50.0858252
,substation,,19.9327768,50.0947009
,substation,,19.9428943,50.0960267
,substation,,19.9495471,50.0950945
,substation,,20.0107553,50.0966773
,substation,,20.0109758,50.0976651
,substation,,20.0069548,50.1021008
,substation,,20.0152989,50.0965639
,substation,,20.0149266,50.0978744
,substation,,20.021129,50.1007948
,substation,,20.014018,50.1027407
,substation,,20.0360369,50.0775202
,substation,,20.0379225,50.0777799
,substation,,20.041004,50.0771251
,substation,,20.0445213,50.0776304
,substation,,20.0411572,50.0792979
,substation,,20.0420964,50.0807279
,substation,,20.0458324,50.0789673
,substation,,20.0489314,50.0756876
,substation,,20.051413,50.0750721
,substation,,20.050254,50.0739671
,substation,,20.0343973,50.0780489
,substation,,20.0407176,50.071192
,substation,,20.039302,50.0730921
,substation,,20.0358247,50.0749449
,substation,,20.0169345,50.0647322
,substation,,20.0026516,50.0634417
,substation,,20.0091996,50.076711
,substation,,20.0025275,50.08475
,substation,,20.010615,50.0813113
,substation,,20.0233885,50.0795923
,substation,,20.0077819,50.0912029
,substation,,19.9572261,50.0660034
,substation,,19.9505263,50.0653793
,substation,,19.9544621,50.0664924
,substation,,19.9514256,50.0555934
,substation,,19.9492938,50.0577128
,substation,,19.9469583,50.0482408
,substation,,19.9454463,50.0485312
,substation,,19.9417673,50.0464077
,substation,,19.9593219,50.0717137
,substation,,19.9597889,50.0735353
,substation,,19.9621035,50.0692084
,substation,,19.9631236,50.0673804
,substation,,19.9671432,50.0671749
,substation,,19.9653267,50.0723156
,substation,,19.9763278,50.0778465
,substation,,19.9760041,50.0794484
,substation,,19.9423369,50.0876862
,substation,,20.0620861,50.0949875
,substation,,19.8574993,50.0694857
,substation,,19.9168668,50.0543536
,substation,,19.9223104,50.0558212
,substation,,19.9113396,50.0672329
,substation,,19.9146143,50.0652901
,substation,,19.9215019,50.0633776
,substation,,19.9466845,50.0674111
,substation,,19.9263334,50.063746
Kraków ul. Kalwaryjska 12,substation,,19.9465447,50.0438581
,substation,,19.9460528,50.0424846
"Kraków ul. Klimeckiego ""CATAVINA SPV19""",substation,,19.9731595,50.0464733
"Kraków ul. Klimeckiego ""CATAVINA""",substation,,19.9748101,50.0463336
Kraków ul. Chielna,substation,,19.9453713,50.0119013
Kraków ul. Domagały Fadom,substation,,20.048505,50.0301066
Kraków ul. Domagały 1 Enix,substation,,20.0478998,50.0294644
Kraków ul. Domagały Orion Ogrody,substation,,20.0509728,50.0244235
Kraków ul. Ruczaj 18,substation,,19.9233083,50.0250482
"Kraków ""Trasa Łagiewnicka TD-04 CZTO""",substation,,19.9236917,50.0232491
Kraków ul. Krokusowa,substation,,19.9195686,50.0240113
Kraków ul. Grota-Roweckiego 47,substation,,19.9114451,50.0270861
Kraków ul. Miłkowskiego 3 Alior,substation,,19.9205369,50.026611
Kraków ul. Wadowicka 30,substation,,19.9381556,50.0312776
Kraków ul. Wielicka 22,substation,,19.9638422,50.0404012
Kraków ul. Wielicka ARGE,substation,,19.9637792,50.040297
"Kraków ul. Wielicka ""100K Sp. z o.o.""",substation,,19.9652269,50.0397736
Kraków ul. Wielicka ZK-SN,substation,,19.9643746,50.0401777
Kraków ul. Wielicka ZK-SN,substation,,19.9643338,50.0402122
Kraków ul. Romanowicza 7,substation,,19.9638881,50.0490042
Kraków ul. Skrzyneckiego,substation,,19.9345979,50.0342928
,,,19.9473936,50.0054033
,substation,,19.9502528,50.0492586
,substation,,19.9133808,50.0534082
Proton Property Sp. z o.o.,substation,,19.9321801,50.0104722
ul. Zakopiańska Agata 6,substation,,19.9292804,50.0113356
Kraków ul. Zakopiańska Carrefour T6,substation,,19.9325319,50.0120877
"Kraków ul. Zakopiańska ""LEXUS""",substation,,19.9285255,50.0121627
Kraków ul. Swobody 4,substation,,19.9358046,50.0424106
Kraków ul. Komandosów 16,substation,,19.9310483,50.0421865
Kraków ul. Komandosów 14,substation,,19.9301579,50.042518
Kraków ul. Kącik 9,substation,,19.9561857,50.0472428
Kraków pl. Boh.Getta Wieżowiec,substation,,19.9560945,50.0468561
"Kraków, ul. Karola Bunscha",substation,,19.8855055,50.0158841
"Kraków, ul. Kalwaryjska 68/Śliska 9",substation,,19.9416955,50.0394047
Kraków ul. Bagrowa 1,substation,,20.0033812,50.0360842
Kraków ul. Podole ZK-SN,substation,,19.8911943,50.0219708
"Kraków ul. Podole ""MURAPOL plac budowy""",substation,,19.8910972,50.0220322
,substation,,19.8501876,49.9980254
Kraków ul. Wadowicka Hydro.,substation,,19.9373471,50.035065
,substation,,19.9373806,50.0350762
Kraków ul. Rydlówka,substation,,19.9355071,50.0352504
Kraków ul. Obrońców Modlina 11 Drukarnia,substation,,20.0160683,50.0374778
Kraków ul. Obrońców Modlina 9,substation,,20.0135945,50.0372258
Kraków ul. Rybitwy 4/6,substation,,20.0220832,50.0371331
Kraków ul. Rybitwy 15 A,substation,,20.0224267,50.0388917
Kraków ul. Albatrosów T-Mobile SA,substation,,20.0247554,50.0392516
,substation,,19.9324007,50.0484366
Kraków ul. Kapelanka GHELAMCO,substation,,19.9211716,50.044782
Kraków ul. Stojałowskiego,substation,,19.9487426,50.0050465
ZK-SN Kraków ul. Podole,substation,,19.890377,50.0222855
,substation,,19.8903247,50.0223002
"Kraków ul. Podole ""BUMA""",substation,,19.8903234,50.0222545
,substation,,19.9236243,50.0544122
,substation,,19.9242921,50.0547151
,substation,,19.9208897,50.0533874
,substation,,19.9223258,50.0539411
,substation,,19.9145933,50.0535543
,substation,,19.9303724,50.0571991
Zwierzyniecka,substation,,19.9281669,50.0559135
Jubilat,substation,,19.9277558,50.0560417
pl. Kossaka 1,substation,,19.9283715,50.0559094
Retoryka 28,substation,,19.9289922,50.0567282
pl. Kossaka 6,substation,,19.9283931,50.0567441
Straszewskiego 17 Hotel,substation,,19.9333468,50.0581362
Straszewskiego 18 Filharmonia,substation,,19.9328872,50.0590692
Straszewskiego 22 Filharmonia,substation,,19.9324298,50.0599268
,substation,,19.8482262,50.0685181
,substation,,19.8370705,50.0625478
,substation,,19.9222743,50.0606669
,substation,,19.9467268,50.0680497
Os. Kolorowe,substation,,20.0262887,50.0741855
os. Kolorowe bl. 20,substation,,20.0266214,50.073968
,substation,,19.873528,50.0954418
,,,19.9307311,50.0931527
,,,19.9445396,50.0754475
,,,19.9448298,50.0754136
,,,19.9444401,50.0757333
ul. Kobierzyńska 24,substation,,19.9269853,50.0354511
,substation,,19.9584163,50.0534568
,,,20.0261867,50.0139805
Kraków ul.Lipska 51,substation,,19.999312,50.0413195
,substation,,19.8738958,50.0105935
Kraków ul.Wielicka Szpital,substation,,20.0016846,50.0111131
,substation,,20.047279,50.0366467
,substation,,20.045755,50.0306751
,substation,,20.0373881,50.0276458
,substation,,20.0492191,50.0306416
Kraków ul.Dekerta 24 Aldesa Diamante Plaza,substation,,19.9677046,50.0484943
,substation,,19.9663945,50.04894
Kraków ul.Romanowicza 4,substation,,19.9646332,50.048863
ST SO-5,substation,,19.9487942,50.0676887
,substation,,19.9275677,50.0642709
,substation,,19.9679915,50.0580972
,substation,,19.9628935,50.0924459
,substation,,19.9394245,50.0638568
,substation,,19.9411612,50.0636554
,substation,,19.9425429,50.0627319
,substation,,19.9389065,50.0746821
,substation,,19.9970562,50.0861548
,substation,,19.9965495,50.0849457
,substation,,19.9958513,50.0839359
,substation,,19.9980602,50.0845622
,substation,,19.9930201,50.0791705
,substation,,19.9941838,50.0764551
,substation,,19.9942294,50.0759929
,substation,,19.9954751,50.0759498
,substation,,19.9946721,50.075278
,substation,,19.9960971,50.0749922
,substation,,20.0013781,50.0727966
,substation,,19.9819167,50.0707013
,substation,,19.9217495,50.0287775
,substation,,19.908562,50.0273172
,substation,,19.910597,50.0492852
,substation,,19.9275342,50.0525712
,substation,,19.9298647,50.0530352
,substation,,19.9314056,50.0510346
,substation,,19.936179,50.0445855
,substation,,19.9480015,50.0457135
,substation,,19.9517097,50.0472912
,substation,,19.947772,50.0495373
,substation,,19.8888048,50.08539
,substation,,19.9461397,50.0937038
,substation,,19.9365082,50.0942669
,substation,,19.9349531,50.0945942
,substation,,19.9345791,50.0940635
,substation,,19.9371485,50.0954901
,substation,,19.9317906,50.0980327
,substation,,20.0530786,50.071444
,substation,,20.0515249,50.0679047
,substation,,19.9090951,50.0295652
,substation,,19.9064377,50.030154
,substation,,19.9017232,50.026488
,substation,,19.8955115,50.0209432
,substation,,19.8922623,50.0198407
,substation,,19.9566154,50.0381649
,substation,,19.9538408,50.0949769
,substation,,19.9555384,50.0947052
,substation,,19.9309605,50.0849043
,substation,,19.9348287,50.0840423
,substation,,19.9348503,50.0834779
,substation,,19.9319834,50.0834482
,substation,,19.866921,50.0493414
,substation,,19.8400647,50.0457596
,substation,,19.9797463,50.0731683
,substation,,19.9748198,50.0719073
,substation,,19.9744836,50.0722878
,substation,,19.9587689,50.0750317
,substation,,19.9592694,50.0771271
,substation,,19.9647174,50.0731218
,substation,,19.9605239,50.0692657
,substation,,19.9584978,50.0674918
,substation,,19.9618343,50.0665724
,substation,,19.9675971,50.0679867
,substation,,19.9919258,50.0128445
,substation,,20.0087447,50.0366477
,substation,,20.0199471,50.0363377
,substation,,20.023273,50.0365806
,substation,,20.0507198,50.0309415
,substation,,20.0496722,50.029632
,substation,,20.0059975,50.0353641
,substation,,20.0059869,50.035313
,substation,,20.0059496,50.0337871
,substation,,20.005946,50.0337643
,substation,,20.0053461,50.0333892
,substation,,20.0072769,50.0326949
,substation,,20.00563,50.0317094
,substation,,20.0100424,50.0315464
,substation,,20.0121827,50.0306217
,substation,,20.009267,50.0338845
,substation,,20.012684,50.0364559
,substation,,20.0209566,50.032138
,substation,,20.048739,50.0366108
,substation,,19.8189006,50.0434844
,substation,,19.8174294,50.044877
,substation,,19.9383729,50.0639274
,substation,,19.9387283,50.0644181
,substation,,19.9389979,50.0648606
,substation,,19.9404356,50.0647685
,substation,,19.9417887,50.0644655
,substation,,19.9439023,50.0636846
,substation,,19.9408379,50.0630966
,substation,,19.9405791,50.0627876
,substation,,19.9430225,50.061974
,substation,,19.9431808,50.0617682
,substation,,19.9421964,50.0616666
,substation,,19.9409747,50.0619473
,substation,,19.9401834,50.0623924
,substation,,19.939643,50.0631414
,substation,,19.9392125,50.0628642
,substation,,19.9388235,50.0622831
,substation,,19.939997,50.061708
,substation,,19.9386371,50.0612758
,substation,,19.9382442,50.0604777
,substation,,19.9381905,50.0602314
,substation,,19.9396953,50.0607179
,substation,,19.9385124,50.0589115
,substation,,19.9364002,50.0580342
,substation,,19.9388906,50.0577991
,substation,,19.9394163,50.0549086
,substation,,19.9348324,50.0530203
,substation,,19.9358141,50.0544221
,substation,,19.935562,50.0568658
,substation,,19.936496,50.0596567
,substation,,19.9351335,50.0603545
,substation,,19.9356472,50.0605846
,substation,,19.9353238,50.0608522
,substation,,19.9349303,50.0614593
,substation,,19.9374206,50.0621578
,substation,,19.9358912,50.0623167
,substation,,19.9353425,50.0620859
,substation,,19.9357523,50.0627192
,substation,,19.934991,50.0630834
,substation,,19.9363687,50.0631217
,substation,,19.936817,50.0635961
,substation,,19.9383021,50.0636208
,substation,,19.9380172,50.0632168
,substation,,19.9370295,50.0650717
,substation,,19.940769,50.0573111
,substation,,19.9448798,50.0619898
,substation,,19.9623775,50.0456086
,substation,,19.9521706,50.0472005
,substation,,19.9555243,50.0438463
,substation,,19.9773558,50.0464414
,substation,,19.9800964,50.0506561
,substation,,19.9425917,50.0342487
,substation,,19.9377649,50.0300069
,substation,,19.9441941,50.0313681
,substation,,19.9779665,50.0320216
,substation,,19.9777785,50.0293326
,substation,,19.8559227,50.0660096
,substation,,19.8726144,50.0531463
,substation,,19.8932756,50.0555998
,substation,,19.9081234,50.06542
,substation,,19.9104171,50.0646472
,,,19.8619091,50.0189046
,substation,,20.00981417591533,50.012510760988825
Spichlerz / Elektrownia,substation,,19.78736567098237,50.08662690623261
,,water_works,19.893603707730787,50.0515529359868
Stacja elektroenergetyczna 110/15kV GPZ Politechnika,substation,,19.99342451765549,50.081352962355595
"Stacja elektroenergetyczna 110kV ""Bieżanów""",substation,,20.025124455084054,50.01391377815219
,substation,,19.969125,50.0667144
"Podstacja Trakcyjna ""Dąbie""",substation,,20.00336546582186,50.06799155974709
"Podstacja Trakcyjna ""Czyżyny""",substation,,20.017468549952483,50.07176392706446
,substation,,20.024269024362685,50.058133906204134
,substation,,20.01114715018153,50.07566802441594
,substation,,20.024773098706582,50.08313040001189
,substation,,20.00810674068661,50.0884125647428
,substation,,20.011915362066762,50.09132348785017
,substation,,20.01817500191722,50.07978642501385
,substation,,20.01648205,50.07237385
"Stacja elektroenergetyczna 220/110kV & GPZ 110/15kV ""Lubocza""",substation,,20.098979314473528,50.095815775155216
,substation,,20.0460172,50.08878180000001
"Podstacja Trakcyjna 10 ""Bulwarowa""",substation,,20.053345985069427,50.06915806712959
,substation,,19.968723200000003,50.082225750000006
"Oczyszczalnia Ścieków ""Płaszów""",,wastewater_plant,20.02209791265761,50.03250380474269
RS Mateczny,substation,,19.94078463236076,50.03153845671005
"Podstacja Trakcyjna ""Bonarka""",substation,,19.933190718339148,50.03278222454387
,substation,,19.976102930505117,50.07351858701827
,substation,,19.965203352166416,50.07409958407916
"Stacja elektroenergetyczna ""Wieczysta"" 110kV",substation,,19.975585486161947,50.07072543007997
,substation,,20.021368439111114,50.09653513460528
Stacja elektroenergetyczna „Wanda” 220/110 kV,substation,,20.07900126085398,50.06147645223481
"Stacja elektroenergetyczna GPZ 110/15kV ""Rybitwy""",substation,,20.04958101184446,50.035131308538276
Stacja elektroenergetyczna GPZ Łobzów 110/15kV,substation,,19.93211482979979,50.069931487732745
,substation,,19.940035131032598,50.109997195835795
,,wastewater_plant,19.9469115311073,50.00535777863259
,substation,,19.958417226376753,50.013890059851654
"Podstacja Trakcyjna ""Pleszów""",substation,,20.07029022724755,50.069190715958854
,substation,,19.9494969358696,50.04565170104134
,substation,,19.931366337417366,50.05904398538391
,substation,,19.983031418305508,50.027080361901966
,substation,,19.986803651517207,50.02462227596035
"Podstacja Trakcyjna 23 ""Bieżanowska""",substation,,19.978688548055878,50.02432049321072
,substation,,19.991895564970314,50.02208009190077
,substation,,19.986798156418367,50.017334763903214
,substation,,19.94554655796782,50.05112465356987
"Podstacja Trakcyjna ""Lubicz""",substation,,19.952444407776497,50.064238245013456
"Podstacja trakcyjna 15 ""Tenczyńska""",substation,,19.932071146965388,50.057591706178975
,substation,,19.93946605761551,50.069114859918926
,substation,,19.97123474981444,50.05040880071919
,substation,,19.963967592000394,50.04404272355684
"Podstacja Trakcyjna ""Wielicka""",substation,,19.960735706226256,50.0429514005447
,substation,,19.94008173126603,50.043233853466155
"Podstacja Trakcyjna ""Grzegórzecka""",substation,,19.963243717076917,50.06154325518286
"Podstacja Trakcyjna ""Brożka""",substation,,19.93011699428325,50.03073866648995
"Podstacja Trakcyjna 22 ""Facimiech""",substation,,19.989692249999997,50.01636944999999
"Podstacja Trakcyjna 32 ""Borek""",substation,,19.927271033623896,50.01373524440822
,substation,,20.05263806232635,50.032499532469984
,substation,,19.906539591909496,50.085354054722146
,substation,,19.91123824412718,50.08475405365936
,substation,,19.905668577095522,50.08637571273783
,substation,,19.916813466660876,50.08626529096648
,substation,,20.03255034726461,50.00860426778648
,substation,,20.017225550000003,50.07038425
,substation,,19.982372699999996,50.0390973
,substation,,19.982575299999997,50.0373997
,substation,,19.961123866284286,50.082258265874344
ES 15/15 kV - Combrowa,substation,,19.95976464301739,50.085960679693635
"Podstacja Trakcyjna ""Nowa Huta""",substation,,20.062672952529486,50.08386544825205
,substation,,20.022047683666614,50.07449005677942
,substation,,20.021990605989764,50.07556000586923
"Podstacja Trakcyjna ""Prądnicka""",substation,,19.936073382576826,50.082711037335045
Stacja elektroenergetyczna GPZ Wieliczka 110/15kV,substation,,20.086564283643273,49.9872889386382
,substation,,20.06537836532773,49.98078677519315
Kraków ul. Albatrosów,substation,,20.020292164143623,50.03855036006304
,substation,,19.993464498855108,50.03876365457857
,substation,,20.044802400000002,50.095331400000006
"Podstacja Trakcyjna 29 ""Ruczaj""",substation,,19.925063136923875,50.03020434986508
,substation,,19.899630545451114,50.084174279072194
Kraków ul. Ruczaj 31,substation,,19.918629730150027,50.02610427591257
Kraków ul. Miłkowskiego Kościół,substation,,19.916658949999995,50.028410449999996
Kraków ul. Lipińskiego,substation,,19.924212503090956,50.02790096448186
,substation,,20.008126220258166,50.104257549100744
,substation,,20.042758700593538,50.06803465330155
,substation,,20.039821921931022,49.98774849588587
,substation,,19.95949975,50.066784199999994
,substation,,20.041987840275485,49.98809933408576
,substation,,19.955978705849752,50.068227969121374
,substation,,20.0373074,49.987392850000006
"Podstacja Trakcyjna ""Mistrzejowice""",substation,,20.013732752102985,50.09254775298016
"Stacja elektroenergetyczna GPZ 110/15kV ""Prądnik""",substation,,19.933965689694002,50.08654089427796
Stacja elektroenergetyczna GPZ Balicka 110/15kV,substation,,19.879364459238065,50.0814102306412
Stacja elektroenergetyczna GPZ Górka 110/15kV,substation,,19.963475724001402,50.094119141204956
Stacja elektroenergetyczna GPZ Bieńczyce 110/15kV,substation,,20.014907915291367,50.08507368825572
"Stacja elektroenergetyczna 110kV ""Łęg""",substation,,20.00599410260272,50.051735718389295
"Stacja elektroenergetyczna GPZ 110/15kV ""Kotlarska""",substation,,19.965362369097722,50.05431351098556
Stacja elektroenergetyczna GPZ Dajwór 110/15kV,substation,,19.951239584180662,50.05016108507494
"Stacja elektroenergetyczna ""Bonarka"" 110 kV",substation,,19.95394731424618,50.027816231094626
"Stacja elektroenergetyczna GPZ 110/15kV ""Piaski Wielkie""",substation,,19.986637421618198,50.01400444651577
Stacja elektroenergetyczna HS-7 110/15kV,substation,,20.066428149461043,50.072849668680455
Stacja elektroenergetyczna HS-2 110/15kV,substation,,20.07394238699022,50.084247142335855
"Stacja elektroenergetyczna 110kV ""GST-1""",substation,,20.088375494418496,50.08485171804816
Stacja elektroenergetyczna HS-6 110/15kV,substation,,20.077380649522755,50.069448035781626
Stacja elektroenergetyczna HS-5 110/15kV,substation,,20.08180308882928,50.06780888206067
Stacja elektroenergetyczna GST-3 110/15kV,substation,,20.097125938900913,50.07066258166703
Stacja elektroenergetyczna GPZ Ruczaj 110/15kV,substation,,19.92017801316634,50.03318294373289
"Podstacja Trakcyjna ""Zaborze""",substation,,19.890094546281578,50.01796777381514
,substation,,19.97590784836461,50.09096902380906
,substation,,19.978192107060067,50.091052283558284
,,wastewater_plant,19.801080112826455,50.035098191333525
,substation,,19.937889136399463,50.055833111479
,substation,,19.95954551778173,50.026325688636284
,substation,,20.029293792938898,50.0702765089936
,substation,,20.051613665654852,50.05361422452169
,substation,,20.05057325465547,50.0596333501228
,substation,,20.073672313982723,50.056219928454915
,substation,,19.971394557310607,50.07475660397992
,substation,,19.968734100000002,50.07452025
,substation,,19.943922832966585,50.10450059518128
,substation,,20.05549230954487,50.019622384605114
,substation,,20.05596765,50.019386000000004
,substation,,20.050654499999997,50.02109495
Ujęcie wody Sanka,,water_works,19.82254797101531,50.03632079579353
,substation,,20.05749232142599,50.03263264078928
,substation,,19.89513602491225,50.07871722613137
,substation,,19.890437000000002,50.07325674999999
"Podstacja trakcyjna 14 ""Balicka""",substation,,19.88836058352922,50.081958882755174
,substation,,19.901896509923453,50.07000398296215
,substation,,19.879186392610233,50.0813756232261
,substation,,19.871709714457616,50.079539909931476
,substation,,19.845959285779696,50.08432082573931
,substation,,19.89037733366192,50.09046775573426
,substation,,19.880427157328015,50.09160200111272
,substation,,19.88380135,50.09662684999999
,substation,,19.905822564284268,50.09319632068211
,substation,,19.90614201082721,50.07292604467542
,substation,,19.914285520022748,50.06615629014825
"Podstacja trakcyjna 13 ""Konarskiego""",substation,,19.922700720450127,50.07032051307076
,substation,,19.908135260422718,50.06608449957109
,substation,,19.915369921621192,50.0709727392831
,substation,,19.9223500724369,50.060659117555716
,substation,,19.917785090154087,50.06881473723787
,substation,,19.8941754923282,50.05943564753673
,substation,,19.897689829821353,50.05835972020495
,substation,,19.894511909204944,50.04807513906036
,substation,,19.901315595627768,50.05043628152572
,substation,,19.841819447466087,50.04257473040044
,substation,,19.86363960209392,50.06664282110898
,substation,,19.817130226112454,50.071093787206536
,substation,,19.844311157041492,50.06995377585007
,substation,,19.87076301193045,50.06202162532395
,substation,,19.86760748541053,50.06181265295878
,substation,,19.999604250000004,50.09153355
,substation,,19.91238951359553,50.057112378356535
,substation,,19.92480237385728,50.05458545546148
,substation,,19.92349470882507,50.05799077198644
,substation,,19.917994592176953,50.05303642972224
,substation,,19.992930147535592,50.09369097680497
,substation,,19.920946857732645,50.08075165548225
,substation,,19.922036246397262,50.078481349262
,substation,,19.916872591122235,50.07325275153621
"Podstacja Trakcyjna ""Politechnika""",substation,,19.944476082126325,50.07418935852766
,substation,,19.927930612675407,50.075877269826
,substation,,19.923926314691272,50.07630878983882
,substation,,19.919719391311098,50.077716862670364
,substation,,19.92054315261043,50.07660202361996
,substation,,19.918299150000003,50.074313950000004
,substation,,19.92141270195237,50.07218572635945
,substation,,19.927376605588027,50.07102917845866
,substation,,19.923375290316574,50.075454935740154
Stacja elektroenergetyczna GPZ Kampus 110/15kV,substation,,19.894818435166908,50.018898308367284
,substation,,19.896377181376522,50.020684647556976
,substation,,19.866230666405425,50.02306253080469
,substation,,19.903498867706734,50.02783772400346
,substation,,19.907108481873568,50.04561621610688
,substation,,19.919863309197186,50.04886105594499
,substation,,19.941985820880607,50.05194050309407
,substation,,19.905419044422715,50.026448318270894
ST SO-4,substation,,19.94883900338998,50.06870811823167
,substation,,19.949344230189283,50.06692986628992
,substation,,19.98324491216994,50.069040911063276
,substation,,19.983852670979946,50.06878772905223
,substation,,20.025397191557733,50.05632593818578
,substation,,19.87129375,50.11517795
,substation,,19.94065596183483,50.06022399958353
,substation,,19.977697483812502,50.06752676567759
,substation,,20.024843984574037,50.01648612500808
,substation,,19.882921749999998,50.08085319999999
,substation,,19.935165198116728,50.097569221503704
,substation,,19.88427450795756,50.089856918624115
,substation,,19.8845546,50.089946100000006
,substation,,19.89035660585501,50.095176917197826
,substation,,19.84686819991426,50.08604711104904
,substation,street_cabinet,19.892026349999995,50.07878964999999
,substation,,19.95338834693927,50.01543462995115
,substation,,19.970566849999997,50.096214249999996
,substation,,19.97280985,50.09446335000001
,substation,,19.85313424705046,50.08361403491133
,substation,,19.970057936774122,50.094674632194526
,substation,,19.9681951,50.0940944
,substation,,20.057633768014405,50.017262086946744
,substation,,20.0530533,50.020094150000006
,substation,,19.95872165,50.0749046
,substation,,19.968564693013025,50.087898594074225
,substation,,20.02205858456973,50.09258954886398
,substation,,20.02151875,50.09355325
Miejskie Przedsiębiorstwo Wodociągów i Kanalizacji S.A.,,water_works,19.87229416122097,50.078613130275386
,substation,,20.00331864140296,50.09609219611917
,substation,,19.964021434113025,50.08941817644161
,substation,,19.96327509103805,50.08963565535892
,substation,,19.96302418250008,50.090282389211055
,substation,,20.000433349999998,50.09759695
"Kraków ul. Kobierzyńska ""Montin""",substation,,19.912896549999996,50.026689649999994
,substation,,19.91979505,50.02920005000001
Kraków ul. Strąkowa Przedszkole,substation,,19.924253460860466,50.026533501992205
,substation,,19.948824499999997,50.0530870199199
,substation,,19.94566297832564,50.05381229035813
,substation,,19.95363171386697,50.0465943668288
,substation,,19.910867149630327,50.02501619937797
,substation,,19.947503733017534,50.055091669968526
,substation,,19.952041350000002,50.051016249999996
,substation,,19.941424420158686,50.057997105896405
,substation,,19.94168388112742,50.05946955707231
"Podstacja Trakcyjna ""Reja""",substation,,19.946366476817744,50.06205657304283
,substation,,19.891934850000002,50.01742015
,substation,,19.879070916209955,50.00757638878119
,substation,,19.891203543746048,50.01391321851722
Kraków ul. Czerwone Maki,substation,,19.889141024029037,50.016253201070725
Kraków ul. Bunscha IRYD,substation,,19.883462255844623,50.01428166922918
,substation,,19.900577484807844,50.01113650341139
Kraków ul. Bobrzyńskiego 11,substation,,19.901746010511612,50.02315791414893
,substation,,19.89988105694923,50.0188366957067
,substation,,19.897261287864318,50.019513833101946
,substation,,19.89889479532945,50.019069571972416
,substation,,19.90028259398562,50.020134043063536
,substation,,19.896047125339063,50.01754832945188
,substation,,19.90180829024273,50.02126132897277
,substation,,19.902018296877156,50.0145137137964
,substation,,19.89868289538645,50.01459697011909
,substation,,19.90478226110617,50.020819651970726
,substation,,19.905708800000003,50.0193978
,substation,,19.901944720043726,50.019530483668994
,substation,,19.922506658786027,50.03379347585412
,substation,,19.906278953378262,50.024507582091786
,substation,,19.904489782431526,50.02387602456618
,substation,,19.90338615,50.0237393
,substation,,19.90519931827316,50.02408782608448
,substation,,19.91145255,50.028691949999995
Kraków ul. Grota-Roweckiego 49A,substation,,19.910232341896272,50.026209398486344
Kraków ul. Grota-Roweckiego 51B,substation,,19.908752531469286,50.026678026554535
,substation,,19.91663215,50.029383450000005
,substation,,19.914119470309675,50.029944640061515
,substation,,19.915552715882725,50.030503829405205
,substation,,19.918604314629555,50.03098201036384
,substation,,19.915650065268697,50.026248124657506
Kraków ul. Roztworowskiego 16 Sp.Pielęgniarek,substation,,19.914560873223568,50.02690053033361
,substation,,19.85173030053967,50.0852051527792
Kraków ul. Zbrojarzy 109,substation,,19.91899796952452,50.023417422519664
Kraków ul. Pszczelna,substation,,19.91643827791933,50.02413696256469
Kraków ul. Podhalańska 15,substation,,19.916700763445352,50.02165225733586
,substation,,20.053335482072328,50.09617488961948
,substation,,19.92407726984035,50.06199866133903
,substation,,20.050549999999998,50.09593489999999
,substation,,19.925166313717245,50.06505232182493
Kraków ul. Podedworze 8,substation,,19.973022458713412,50.01469723437824
,substation,,19.973207430325267,50.01534358806651
Kraków ul.Kobierzyńska Kasperski,substation,,19.910463586879985,50.022957211540415
Kraków ul. Magnolii,substation,,19.91410602854853,50.02205294610405
,substation,,19.909018308352813,50.01628526220436
,substation,,19.910946635195828,50.01623125687336
,substation,,19.907167969232763,50.01513057576999
,substation,,19.90852935513999,50.012559869055174
,substation,,19.90839132918631,50.01135781587305
,substation,,19.910517049999996,50.01244275
,substation,,19.89638520004618,50.005018000483055
,substation,,19.899796399999996,49.99862789999999
,substation,,19.897401662265437,49.9978175752108
,substation,,19.902624888387106,49.998340637431774
,substation,,19.898271049999998,49.999404549999994
,substation,,19.895467165313352,49.998773678622385
,substation,,19.894764134617095,50.001088187422425
,substation,,19.89824390466306,50.001783166094484
,substation,,19.897309200420498,49.99974060243986
,substation,,19.895285685778692,50.00326629376119
,substation,,19.888783895286185,50.00550647937373
,substation,,19.92260319902913,50.01823367170491
Kraków ul. Zakopiańska Carrefour T8,substation,,19.929992232780933,50.012120462594204
,substation,,19.933094740448787,50.00774624027142
,substation,,19.93129701657818,50.045666058919224
,substation,,19.953815084857997,50.06282262076841
,substation,,19.95562966740479,50.06166634966753
,substation,,19.953902036968152,50.06156213787003
,substation,,19.956252462058316,50.06443819894075
,substation,,19.931089434873435,50.05246716972431
,substation,,19.92636528539853,50.04791362721836
,substation,,19.92340860189558,50.0444654322591
Kraków ul. Monte Cassino Technikum,substation,,19.92201285,50.047118850000004
,substation,,19.91607222478929,50.050051849054654
,substation,,19.914336309678955,50.04626175466412
Zbiorniki wodociągowe Górka Narodowa Wschód,,water_works,19.97200323701894,50.102892331328306
,substation,,19.909994960635782,50.04679055577693
,substation,,19.906015014732144,50.044779072180205
Kraków ul. Twardowskiego 115,substation,,19.917687788756787,50.04168867060201
,substation,,19.9228307,50.03897495
Kraków ul. Ceglarska Waka,substation,,19.921340027274606,50.04084757298149
Kraków ul. św. Jacka 22,substation,,19.921837200000002,50.03767885
Zbiorniki Krzemionki,,water_works,19.960648933517977,50.0337601206237
,substation,,19.934277821987923,50.06093710143507
,substation,,19.936862330478892,50.06019638260008
,substation,,19.938383687271912,50.059494148065
,substation,,19.92834653411807,50.04457399214786
,substation,,19.93009627223601,50.04441001766861
,substation,,19.9308805343185,50.04366869143583
,substation,,19.9238863267609,50.04389776503238
,substation,,19.93165992207057,50.04501726277237
,substation,,19.932951941103816,50.043438181633555
Kraków ul. Komandosów 25,substation,,19.932716320117063,50.04267944033086
Kraków ul. Kapelanka Shell,substation,,19.92472493857101,50.037999940981656
,substation,,20.011662949999998,50.06737155
,substation,,20.040254817076832,50.01358489371948
Kraków ul. Cegielniana,substation,,19.93490411659362,50.02867546370173
,substation,,19.93070315606953,50.02615816802243
,substation,,19.93423952255763,50.02708805036112
,substation,,19.92936039751147,50.02435387924089
,substation,,19.926258283166202,50.012431611302304
,substation,,19.92909304587543,50.016628981629765
,substation,,19.91048826116975,50.006385664450406
,substation,,19.92607338843201,50.00690962557401
"Kraków ul. Rzemieślnicza 20A ""AAC""",substation,,19.936501452720137,50.03212613215554
,substation,,19.93967699676783,50.03649684570071
,substation,,19.936462999201385,50.033366700547205
Kraków ul. Rydlówka 20,substation,,19.93661331711747,50.03428960849474
,substation,,19.955849782791923,50.04675404103943
,substation,,19.95820117826385,50.04643649044393
,substation,,19.95836192800466,50.044232762329
,substation,,19.945490149331892,50.04405054152567
,substation,,19.93845367394358,50.04135993581724
,substation,,19.941663582235467,50.041500061433695
,substation,,19.939783856441668,50.03865999621301
Kraków ul. Śliska 14,substation,,19.94056180707088,50.03947095898047
,substation,,19.96301575,50.0386821
,substation,,19.951636649999998,50.0303411
,substation,,19.96122490702875,50.04024736859255
Kraków ul. Wadowicka 10,substation,,19.938768059869734,50.031294437450235
Kraków ul. Łagiewnicka 39,substation,,19.942786746469245,50.032030196954224
,substation,,19.94111211344589,50.033117990843074
,substation,,19.94041936307481,50.03459554012193
Kraków ul. Łagiewnicka 48,substation,,19.943643821233266,50.034592566583704
,substation,,19.945178587292745,50.04119553545674
,substation,,19.9535625,50.04472055
,substation,,19.95648930308782,50.04118015208228
,substation,,19.89485096463344,50.087553936125104
,substation,,19.97361808211401,50.09227472415643
Stacja elektroenergetyczna GPZ Czyżyny 110/15kV,substation,,20.027716271047396,50.0716798939306
"Stacja elektroenergetyczna GPZ 110/15kV ""Płaszów""",substation,,20.009036327398714,50.03487721520709
Stacja elektroenergetyczna Centrum Komunikacyjne 110/15kV,substation,,19.949047917280957,50.069410319230506
,substation,,19.937621608423992,50.021585719383204
,substation,,19.78694305,50.051147199999996
,substation,,19.94055991823652,50.110925426696866
,substation,,20.001242149999996,50.10589995000001
,substation,,20.006810545420088,50.105857768372566
,substation,,19.97996915522598,50.07893636326793
,substation,,19.849034086482035,50.08547606242602
Oczyszczalnia ścieków,,wastewater_plant,19.882396731261583,49.99918590714253
,,wastewater_plant,19.88321306930981,49.999269470343435
,,wastewater_plant,19.883196379291086,49.999110625974815
,substation,,19.91924128166509,50.00160741503008
,substation,,19.942588200000003,50.0204888
,substation,,20.03591575461168,50.0250848687178
,substation,,20.0592297,50.041095649999995
"Podstacja Trakcyjna ""Cementownia""",substation,,20.099265878648904,50.06843960989985
,substation,,20.03748773562193,50.10392917068872
,substation,,20.0014191,50.0141767
Kraków ul. Cechowa 142,substation,,19.98060197483527,50.00613745317068
,substation,,19.857931518077695,50.02964243479428
,substation,,19.910665711180066,49.999154020013684
,substation,,20.00974083747548,50.101778101862294
,substation,,20.010559174821395,50.10054775490754
,substation,,19.955071929864584,50.011352863042774
,substation,,19.952632535506325,50.01186355787176
,substation,,19.93476148957888,50.01364495174685
,substation,,19.87528486526119,50.0658706200175
,substation,,19.86630118661154,50.06492870731415
,substation,,19.833816122830292,50.07266094049026
,substation,,19.82425978847896,50.04495366934434
,substation,,19.888462613772226,50.07791369464267
,substation,,19.90465266902336,50.08349214125095
,substation,,19.90346956537367,50.084922641772934
,substation,,19.974544039602154,50.09837169584031
,substation,,19.910208899999997,50.088037250000006
,substation,,19.908101061347228,50.08751571634243
,substation,,19.910918338173033,50.08685957956776
,substation,,19.93592939887099,50.09650818565018
,substation,,19.931569849999995,50.095801849999994
,substation,,19.924905450639244,50.08447811461699
,substation,,19.929495719831532,50.08958850125753
,substation,,19.920883122395328,50.083988097549664
,substation,,19.93068825,50.0895598
,substation,,19.9467024,50.087264999999995
,substation,,19.944255686099236,50.08712722238784
,substation,,19.940665173370785,50.08718767622002
,substation,,19.940441900000003,50.08985525
,substation,,19.96287793530552,50.089581935575566
,substation,,19.958721755464303,50.088484822551614
,substation,,19.962131338898708,50.09149946822583
,substation,,19.983248605827175,50.097388231767106
,substation,,19.975789,50.09953855
,substation,,19.98830158534057,50.09931025661829
,substation,,19.970409849999996,50.08813909999999
,substation,,19.968330488749295,50.089613635256235
,substation,,19.975899871648473,50.089189040125234
,substation,,19.967524615304345,50.08757207491136
,substation,,19.976117199999997,50.08911234999999
,substation,,19.972425949999998,50.08862895000001
,substation,,19.978311176861897,50.083273894834704
,substation,,19.975222915433445,50.081880576187814
,substation,,19.97228588807365,50.083626643675075
,substation,,19.97770306538948,50.08218742587319
,substation,,19.974283977471117,50.082894263400476
,substation,,19.981823350000003,50.07576985000001
,substation,,19.982397489251003,50.07402219453327
,substation,,19.979834878342086,50.07784952340754
,substation,,20.01397174018538,50.10082455387609
,substation,,20.0081094880225,50.09938488302159
,substation,,20.005187840462003,50.10168921818078
,substation,,20.01253243574477,50.099918342064385
,substation,,20.01528307536677,50.09874525979457
,substation,,20.007203183228967,50.09934924282926
,substation,,20.02022230576573,50.100321537141895
,substation,,19.995058734394348,50.09308657443506
,substation,,19.99576053501904,50.09211267416992
,substation,,19.99727890366475,50.08399460340478
,substation,,19.99392242339363,50.090423759709466
,substation,,19.98956385188434,50.092303607803196
,substation,,19.99250065,50.091561999999996
,substation,,19.988888139949037,50.0885956053725
,substation,,19.998887699999997,50.093988849999995
,substation,,19.995056805784554,50.089115831721536
,substation,,19.992457943448507,50.090246216952295
,substation,,19.99479031426457,50.09118400777886
,substation,,19.99747987652108,50.09275149001773
,substation,,19.991512449999995,50.08932769999999
,substation,,19.996595977420988,50.09245334066592
,substation,,19.99280274125269,50.09224979662407
,substation,,19.996043699999998,50.09823774999999
,substation,,20.014163642570644,50.072687551074736
,substation,,20.00705196778367,50.07374661860498
,substation,,20.043272950000002,50.03110985
,substation,,20.043126351328834,50.03112122222101
,substation,,20.044008122497686,50.029207134702276
,substation,,20.04352275,50.03309735
,substation,,20.0204666,50.0173036
,substation,,20.023148499999998,50.01739525000001
,substation,,20.015843528202414,50.01343800965852
Kraków ul. Telimeny 25,substation,,20.017332595006593,50.01755955994931
,substation,,20.018855650000003,50.014432299999996
,substation,,20.010776449999998,50.0146334
,substation,,20.0205186,50.0137208
,substation,,20.01765365,50.01166015
,substation,,20.020493300000002,50.01417955
,substation,,20.01539275,50.0187335
,substation,,20.0158307654348,50.01997502586738
Kraków ul. Dygasińskiego 44,substation,,19.990432566019987,50.02066786465183
,substation,,19.965271783710357,50.023172621989616
,substation,,19.959868797168372,50.027016720135705
,substation,,19.94552786833002,49.993518023826105
,substation,,19.976494407958345,50.02601403181738
,substation,,19.948110460410685,50.01905887517158
,substation,,19.941042548461752,50.02688276249271
,substation,,19.94292283538244,50.017076057751986
,substation,,19.94845791679292,50.01624899131139
,substation,,19.970697790504964,50.032282527150834
,substation,,19.969933115135834,50.02013707451216
Kraków ul.Czarnogórska 3,substation,,19.970103038746895,50.02176475612794
,substation,,19.970110387351568,50.03020789405632
,substation,,20.00446023192397,50.04100950111639
,substation,,19.98290538440998,50.046459901426964
,substation,,19.977348992828073,50.04580446798841
,substation,,19.984548529557102,50.03996965958052
,substation,,19.987208671190174,50.04728751036454
,substation,,19.98691118484498,50.04582596836432
,substation,,19.983107399987226,50.04410195566898
,substation,,19.984940736874847,50.045021654639854
,substation,,19.977902302763543,50.03556570376407
Kraków ul.Przewóz 40,substation,,19.997396912455375,50.04123770673503
,substation,,20.003746781357226,50.03888983278473
,substation,,19.994957138030117,50.03554771226652
Kraków ul. Lipska 65,substation,,20.000667856141774,50.04506921200262
,substation,,19.99041145754037,50.04725514895566
Kraków ul. Myśliwska 70,substation,,19.99850521359937,50.04579545279172
,substation,,19.99390932772652,50.05043386801205
,substation,,19.981719225573165,50.06870516456198
,substation,,19.980145178036786,50.0603739178554
,substation,,19.97109601966755,50.05815237658038
,substation,,19.979479965178417,50.05870057440594
,substation,,19.97016048107262,50.059321845840785
,substation,,19.968058836976223,50.059458120391106
,substation,,19.9619371,50.070261699999996
,substation,,19.946964353490344,50.0747522785953
,substation,,19.957971262636736,50.071397264299286
,substation,,19.957840194928405,50.07217457156464
ST SO-3 ul. Lubicz,substation,,19.9484759001247,50.066355401226986
,substation,,19.964472961369573,50.060006880060875
,substation,,20.014665500000003,50.104518850000005
,substation,,19.9634752,50.062115600000006
,substation,,20.004979628232313,50.06871645889667
,substation,,20.00393527914236,50.06797650668989
,,wastewater_plant,20.085234798308942,50.06152292439117
,substation,,19.96008683972585,50.09900042590915
,substation,,20.017862988228863,50.09831517814662
,substation,,19.967607,50.09955585
,substation,,19.967647923905695,50.10038798731043
,substation,,19.986706299999998,50.078892249999996
,substation,,19.934928458830527,50.08919882897054
,substation,,19.832795845307086,50.098014712240754
Przepompownia ścieków Kmita,,wastewater_plant,19.81915125612207,50.10503568733279
,substation,,19.9344098,50.08799335
,substation,,19.965787607312866,50.09181513358537
Rozdzielnia elektroenergetyczna 110kV Cholerzyn,substation,,19.78695836589912,50.05111800937922
Kraków ul.Tuchowska os.Plejady,substation,,19.967469411332722,50.01223731886277
,substation,,19.96439463781694,50.078571636620225
,substation,,19.969880141324865,50.086269635933
"Podstacja trakcyjna ""Mydlniki""",substation,,19.86258932614884,50.08224184495346
Kraków ul. Kobierzyńska 106,substation,,19.912674145403702,50.02555276919951
,substation,,19.987163940200002,50.09290802094473
,substation,,19.982195500741447,50.09360137802932
,substation,,19.945029748139238,50.084253049532464
,substation,,19.779380599999996,50.1093804
,substation,,19.96933240007239,50.09136549663668
,substation,,19.97618885,50.092358600000004
,,wastewater_plant,19.81627387023693,49.98098601192026
,substation,,19.887248542924553,50.08058660143054
,substation,,19.886215885476865,50.081079024806655
,substation,,19.88464345218443,50.08149674237613
,substation,,19.885077230957354,50.07824790676846
,substation,,19.989405370560767,50.097345893090846
,substation,,19.97908345888909,50.048942480892734
,substation,,19.916872591122235,50.07325275153621
,substation,,19.997822335543727,50.01523490645638
,substation,,19.958750426963572,50.1010027563685
,substation,,19.959150100000002,50.09964874999999
,substation,,19.949397551842182,50.08904902505439
,substation,,19.949494646874044,50.08901745245155
,substation,,19.99638208477112,50.09924167531653
,substation,,19.99627105,50.097335699999995
,substation,,19.994710924794127,50.09725268709829
,substation,,19.97336838729548,50.09616534293666
,substation,,20.006093736068237,50.077934097841364
,substation,,20.00988077391028,50.07833382902628
,substation,,19.968819900000003,50.0928941
,substation,,19.98918681528814,50.08244242567349
,substation,,19.965663740988237,50.036440645726316
,substation,,19.964619148311442,50.03707186291729
Wodociągi,,water_works,19.86316333892099,50.060867713524416
,,wastewater_plant,19.861321521764555,50.0192702163622
,,water_works,19.830106641167134,50.08621670713731
,,water_works,19.82666288236704,50.08931458789284
,substation,,19.869214610768704,49.99909907185261
Kraków ul. Bagrowa 9,substation,,19.999636078414454,50.031364956671936
,substation,,19.9678464596338,50.01219274732733
,substation,,20.020603522304775,50.08668130428739
,substation,,20.00874905,50.0858516
,,water_works,19.88155362393784,50.04573094038611
"Zakład Uzdatniania Wody ""Bielany""",,water_works,19.841202435471587,50.042366803889394
"Zakład Uzdatniania Wody ""Bielany""",,water_works,19.836319098423033,50.039203565313315
,substation,,19.839943970031385,49.993262324829566
,,water_works,19.794101343960378,50.11237126689809
,substation,,19.991672118745395,50.09421912535722
,substation,,19.94393857852265,50.085225427461474
,substation,,19.98250011693478,50.07117996408138
"Stacja elektronergetyczna GPZ 110/15kV ""Pasternik""",substation,,19.884408584298267,50.1090730778641
Kraków ul. Facimiech 18,substation,,19.985790615123705,50.015421875966666
Kraków ul. Okólna 26,substation,,19.985350399999998,50.01629404999999
Kraków ul.Wielicka Wyparki AM,substation,,19.99910032778569,50.01156721230714
,substation,,19.973471600000003,50.01149635000001
,substation,,19.972980412135836,50.01175102942726
,substation,,19.9724828,50.012113649999996
,substation,,19.972569286769243,50.01214607247531
Kraków ul. Podedworze 10,substation,,19.9739088,50.013245999999995
Kraków ul. Rydlówka,substation,,19.932856289291976,50.036072883243186
,substation,,19.906127240755684,50.07270538446178
Przepompownia ścieków,,wastewater_plant,19.914014024957925,50.092839956909806
,substation,,19.921620310038612,50.093167826397604
,substation,,19.897843034614933,50.08523825853939
,substation,,19.934063743479122,50.08718476799939
"Podstacja Trakcyjna 20 ""Szklarska""",substation,,19.973692346724622,50.04344969640786
,,wastewater_plant,19.818974998889505,50.0195775941588
Pompownia sanitarna,,wastewater_plant,19.883826199773743,50.03623825702061
,substation,,19.974478600000005,50.02065265
,,wastewater_plant,19.845471657045024,49.99593138723781
,substation,,20.00808432682254,50.01813398696725
,substation,,20.023821870320354,50.01257408731516
,substation,,20.023907544647543,50.01177012060814
,substation,,19.950327563166017,50.067095771228054
,substation,,19.966576490082826,50.04688426137567
,substation,,20.02017646559243,50.0154400446846
,substation,,19.974449309556007,50.03308239493489
,substation,,19.972445541652952,50.033380496577266
,substation,,19.952126991240654,50.058058882758445
"Podstacja Trakcyjna 26 ""Wieczysta""",substation,,19.985122503901195,50.0722038127818
,substation,,19.9394719,50.042413650000015
,substation,,19.999008999999997,50.0157112
,substation,,20.003146927198785,50.01865136052006
,substation,,20.00474729856603,50.019524326110705
,substation,,19.999998050000006,50.01833705
,substation,,20.003628288253665,50.01727505607043
,substation,,19.99910948167812,50.01666280853617
,substation,,19.997021626448827,50.01685508554349
,substation,,20.006753013515286,50.0196203674571
,substation,,20.00489497342146,50.01837118758898
,substation,,20.00136105,50.098832400000006
,substation,,20.00331117814748,50.09526573687822
,substation,,19.999580190332484,50.09634850523738
,substation,,19.999933524023685,50.09570298675255
,substation,,20.021176639350532,50.01197853001063
,substation,,19.996326021482307,50.08686095923792
wodociągi,,water_works,20.05100607967819,50.012408890418016
,,water_works,20.050966950000003,50.01242215
,substation,,20.00332388791846,50.09120917034278
,substation,,20.003065698421153,50.09043782252784
,substation,,20.081530187292962,50.06407272485171
,substation,,20.01011033981176,50.01715258041851
,substation,,19.930988175309654,50.07903535814525
,substation,,19.99954055559014,50.028109633684714
,substation,,19.945437448892363,50.01024133824519
,substation,,19.944643103856137,50.073780502683356
,substation,,20.003415114553448,50.0148382156177
,substation,,20.004513724989362,50.01409821285142
,substation,,19.96723706397134,50.056950479993
,substation,,19.960708050000004,50.0490938
Ujęcie wody podziemnej,,water_works,20.05585478339756,50.080388165167584
,substation,,19.997101885330128,50.066030441974476
,substation,,19.997702976219223,50.02213964339077
,substation,,19.99544522286221,50.023002041996186
,substation,,20.022966795535933,50.014835551991894
,substation,,19.928260799999997,50.073259400000005
,substation,,20.04794808307497,50.0142802633938
,substation,,20.042047293132356,50.01391924601853
,substation,,20.080308232102183,50.022466884699476
,substation,,19.948443907174408,50.09072356337286
,substation,,20.004761247084712,50.015821152966495
Kraków ul. Przewóz Hurtownia leków,substation,,20.01663075,50.03983775000001
,substation,,20.07261483937142,49.98589906207608
"Podstacja Trakcyjna ""Dworcowa""",substation,,19.973089131525008,50.031027791255646
,substation,,19.971051708249593,50.03405130259626
,substation,,19.971497100000004,50.031025050000004
,substation,,19.938731472806225,50.04968833971424
"Oczyszczalnia ścieków ,,Kostrze''",,wastewater_plant,19.852824087798545,50.03538434391921
,substation,,19.923872216639662,50.07229179114544
Zakład Uzdatniania Wody,,water_works,20.035126345298742,49.999189267472445
,substation,,20.0159159,50.01268764999999
,substation,,19.972968,50.01879970000001
,substation,,19.966266283242355,50.04009600961701
,substation,,19.988979226506373,50.017605975522706
,substation,,19.966591299537345,50.0385161180348
Kraków ul.Czarnogórska Pawilon,substation,,19.969198350000003,50.01909870000001
,substation,,19.987004100000004,50.01886935
,substation,,19.905624122587252,50.00544027741234
,substation,,19.902414425028866,50.0025892629563
,substation,,19.9050816249256,50.00331305521405
,,water_works,19.827548126147548,50.03841521933428
,substation,,20.03712216326566,49.986628577545396
,substation,,20.043938099999995,49.98634264999999
,substation,,20.02136050466708,50.01649688969128
,substation,,19.929199264961355,50.067358176388915
,substation,,19.928668014602454,50.06787595920372
,substation,,19.92788845,50.06643129999999
,substation,,19.934712299999997,50.065337400000004
,substation,,19.93237140944039,50.070858598808364
,substation,,19.930091440606404,50.07096921276006
,substation,,19.92422889175066,50.053631755804574
,substation,,19.920977741913045,50.05652289665478
,substation,,19.92762556749828,50.070086164322205
,substation,,19.93495860967231,50.07252901552087
,substation,,19.941096961596628,50.07074089005814
,substation,,19.926826344643686,50.05747224260997
,substation,,19.930586449928285,50.05797079992032
Tenczyńska,substation,,19.932298371293665,50.05775571102843
,substation,,19.904680285835,50.08737880744791
,substation,,19.905143533810275,50.078912708528115
,substation,,19.90383505269732,50.0768507681874
Stacja elektroenergetyczna GPZ AGH 110/15kV,substation,,19.909274366350694,50.06834686765202
,substation,,20.00712668939243,50.01374598027087
,substation,,19.930040063072433,50.066704228018295
,substation,,19.93267875,50.067054850000005
,substation,,19.940276679820496,50.05272404453642
,substation,,19.954520149999997,50.055935549999994
,substation,,19.951719140432203,50.070695030613415
,substation,,19.923846423260212,50.069320288989864
,substation,,19.9652173,50.0490124
,substation,,19.961006163780915,50.050279392183235
,substation,,19.9600169,50.05009390000001
,substation,,19.913643034106038,50.0762115137396
,substation,,19.91659453645146,50.07586697849124
,substation,,19.92210895,50.06705215
,substation,,19.942101633358725,50.062747701892825
,substation,,20.061147719179647,50.09750813086158
,substation,,19.916812579692177,50.06736974102012
,substation,,19.934991452631944,50.06212423292213
,substation,,19.90330047518115,50.00419039363888
,substation,,19.97703926537429,50.09007936392448
,substation,,19.975150079282965,50.08991979228214
,substation,,19.972277261262917,50.09306769358741
,substation,,20.017279985956257,50.09035647793828
,substation,,19.9245767,50.07595605
,substation,,19.92807028871798,50.07584018005141
,substation,,19.92500584373377,50.07847638322624
,substation,,19.918532951053436,50.08011892931785
,substation,,19.917351350000004,50.08098100000001
Kraków ul. Batalionów Chłopskich 21,substation,,19.86868479500545,50.01509826806694
,substation,,19.94663295,50.00891745
,substation,,19.947900550000004,50.007347300000006
"Podstacja Trakcyjna ""Witosa""",substation,,19.96663695231277,50.013754700432024
,substation,,19.963778354623845,50.01075603474673
,substation,,19.96198555831459,50.010214687449725
,substation,,19.960415587768857,50.0103808243403
,substation,,19.959728747945384,50.00904672895816
,substation,,19.95869712229393,50.00840889044015
,substation,,19.954701915128418,50.00868777376077
,substation,,19.95311588514875,50.00621982661861
,substation,,19.970261151891457,50.011904780952165
Kraków ul. Bochenka 20,substation,,19.977995948236202,50.01267537809156
,substation,,19.977039202132165,50.01210096771839
,substation,,20.01646595,50.005764199999994
,substation,,20.011140052076875,50.0056032452856
Kraków ul. Rżącka Buma,substation,,19.988003077333303,50.005167922740696
Bochenka,substation,,19.97771087385861,50.013089423213856
,substation,,19.98525287660449,50.01418885972338
,substation,,19.985528654816292,50.01772163459502
,substation,,19.9839993300052,50.01627265352786
Kraków ul. Dauna 51 Osiedle,substation,,19.974027789327188,50.02502664407743
,substation,,19.976853782122898,50.02405784846891
,substation,,19.874231545828582,50.017659383016856
,substation,,19.96674660866062,50.0343510536961
,substation,,20.0083552,50.02977955
,substation,,20.008698543607803,50.031968077859666
Kraków ul. Bagrowa 11A,substation,,20.002495414639743,50.03089432295822
,substation,,20.007274573279926,50.03727704650932
,substation,,20.006578321235292,50.03565818119714
,substation,,20.006585417134687,50.03569633946342
Kraków ul.Węglarska,substation,,19.99682723571864,50.03942855086502
Kraków ul. Łanowa 27,substation,,19.989945055209212,50.03790841863744
,substation,,20.018616241327322,50.00895665337591
,substation,,20.019025749999997,50.00959365
,substation,,20.02166582363913,50.009288508624934
,substation,,19.958368150000002,50.022321
,substation,,19.955807535460682,50.02292107495072
Kraków ul. Pszenna 7,substation,,19.955677360853535,50.02211116496474
,substation,,19.957449038367198,50.021352135466685
,substation,,19.935217617543255,50.023990998848035
,substation,,19.961305832877876,50.0222353054063
,substation,,20.014958206223262,50.00869931824544
,substation,,20.027793261852565,50.01066346480415
,substation,,20.037122154159086,50.01157102963872
,substation,,20.007600061038584,50.011417587527255
,substation,,20.042047506931112,50.01391903780841
Kraków ul. Baczyńskiego,substation,,19.869714400580754,50.00274441638814
,substation,,19.97777302260081,50.039644788436114
,substation,,19.97617469976602,50.03941567280762
,substation,,19.90438959381093,50.062593978404415
,substation,,20.00285545,50.079181299999995
,substation,,20.00265307843352,50.086426917139875
,substation,,20.003227152794384,50.0822263543388
,substation,,20.019878247078406,50.08292912317412
,substation,,20.017416068851706,50.080797388605625
,substation,,20.012114765305952,50.077313571473745
,substation,,20.01083024902728,50.07656873295809
,substation,,20.002258700000002,50.081117000000006
,substation,,20.001003563380067,50.08139954632556
,substation,,20.00420380570579,50.086894531577755
,substation,,20.022393303983176,50.085739907777146
,substation,,20.017807416451245,50.08697595862923
,substation,,20.015617300000002,50.08723164999999
,substation,,20.04336451390328,50.08464154978948
,substation,,20.04523067573681,50.09657702536867
,substation,,20.04854118438534,50.098291125415656
,substation,,20.05356665,50.0969373
,substation,,20.05511031684922,50.093032566625
,substation,,20.0596876,50.09282395
Kraków ul. Botewa Plac Targowy,substation,,20.033126685285183,50.03830342312467
,substation,,20.002228222457614,50.0401737941748
,substation,,19.970349741065313,50.045523845715955
,substation,,20.001177,50.1057845
,substation,,19.908877826919994,50.104738896665054
,substation,,19.901147465939303,50.095923824668056
,substation,,19.89797455186123,50.09561077162702
,substation,,19.87347575859156,50.1011245531432
,substation,,19.843944854739554,50.09118636146102
,substation,,19.879238760641545,50.085370723264006
,substation,,19.880086036427155,50.08659456744355
,substation,,19.89357202424011,50.08683897853521
,substation,,19.89414503524341,50.085547610707
,substation,,19.894378861254758,50.08404337251223
,substation,,19.89521825,50.08534695
,substation,,19.894761320693778,50.09004500602284
,substation,,19.874861350397705,50.0902399822757
,substation,,19.873950299236565,50.04793660261314
,substation,,19.832647404280102,50.04092333348179
,substation,,19.817763915719482,50.04285580499341
,substation,,19.871783187534746,49.98831735509373
,substation,,19.91243692821269,49.991553140167035
,substation,,19.925884515291592,50.00290907409719
,substation,,19.932122500219982,50.00328205256015
,substation,,19.97582857737449,50.01842375487868
,substation,,20.0269914535888,50.06707899450744
,substation,,20.0249499372118,50.06369188571189
,substation,,20.031169034174695,50.058641770367814
,substation,,20.01782533096649,50.07264445596335
,substation,,20.01840086066661,50.09758332225097
,substation,,20.0193692577241,50.09691580204884
,substation,,20.04228285843797,49.99230928407141
,substation,,19.90517507730095,50.0185701641624
Kraków ul. Salezjańska,substation,,19.910187942262212,50.0414060526681
,substation,,19.91358219265672,50.04461879944299
,substation,,19.985411665215207,50.092428977723415
,substation,,19.981552282580807,50.09149906650294
,substation,,19.9567636,49.99554420000001
,substation,,19.913699415808715,49.99566060932436
,substation,,19.92117073605268,49.99547268857027
,substation,,19.922661012276496,49.99659520031526
Kraków ul. Ceglarska Jacka 1,substation,,19.92288991495213,50.03681763225762
Kraków ul. Miłkowskiego 12,substation,,19.918520671976665,50.027618891007805
"Kraków, ul. Miłkowskiego",substation,,19.919371399999996,50.02768085
,substation,,19.961600490912424,50.04698472786007
,substation,,19.961697277141734,50.04697913860488
,substation,,19.95960906527454,50.022547689043726
,substation,,19.95935325,50.023258049999995
,substation,,19.963864059447637,50.051820670192086
,substation,,19.963274538525354,50.04618693484243
,substation,,19.96646409651255,50.04896713054163
,substation,,19.96371449066146,50.04781333633136
Kraków ul. Rybitwy 15,substation,,20.0249604,50.03966454999999
,substation,,20.01759545,50.03651240000001
,substation,,20.009354290353222,50.03739618691908
,substation,,20.05838445891517,50.035934201091116
,substation,,19.980284877116894,50.03363274234925
,substation,,20.012060450000003,50.03549635000001
,substation,,20.0161062,50.03575545
,substation,,20.012163349999998,50.032505300000004
,substation,,20.013659809938726,50.03145791881022
,substation,,20.015786045368234,50.02816198092426
,substation,,20.01623964831553,50.03056030639661
,substation,,20.030445469812665,50.03815543414726
,substation,,20.016973405016746,50.03435833073131
,substation,,20.023237736654604,50.03587296633565
,substation,,20.0408156,50.03473160000001
,substation,,20.04958522329944,50.03802390577347
,substation,,20.04546620294712,50.03490799771424
,substation,,20.045055835600035,50.03528924885192
,substation,,19.95787919408266,50.049919218155516
,substation,,19.959101873551433,50.04812264247415
,substation,,19.892017019071726,50.012985835520915
,substation,,19.976251450000003,50.01074985
,substation,,19.976199299999998,50.01079035000001
,substation,,19.963347651957662,50.08224597593669
,substation,,19.96545555952648,50.079847495213
,substation,,19.968197240819133,50.083836031898
,substation,,19.95693306470468,50.08201094588596
,substation,,19.95949776780686,50.08305143700119
,substation,,19.964272301782128,50.083012665258046
,substation,,19.961517297101512,50.08129477197211
,substation,,19.96063814237204,50.084591681365026
,substation,,19.95754598607379,50.0837954718569
,substation,,19.955871589347325,50.08342478022603
,substation,,19.954736042484722,50.08458535137957
,substation,,19.953957892541524,50.0833058014755
,substation,,19.953689542593445,50.08181690301075
,substation,,19.9531565,50.084686399999995
,substation,,19.952163943377663,50.08477578090735
,substation,,19.950242254689137,50.082603728606486
,substation,,19.945870873809362,50.08596022074923
,substation,,19.94613123645199,50.089770236617994
,substation,,19.949605063752607,50.091072945023
,substation,,19.952152638172702,50.09111181109045
,substation,,19.95315740733156,50.09338175461456
,substation,,19.953548807354654,50.09274680276876
,substation,,19.951999855890453,50.091995222297065
,substation,,19.954680299650537,50.095195501667966
,substation,,19.956427762026244,50.09221300660274
,substation,,19.997510337528688,50.07367818441247
,substation,,20.004794937751264,50.06225755980406
,substation,,19.895246827955432,50.080875762778746
,substation,,19.9287626,50.093135800000006
,substation,,19.92661386665014,50.09259290840182
,substation,,19.92515150309847,50.09326883006623
,substation,,19.928443429641757,50.09387481121648
,substation,,19.927054073974258,50.093228400454784
,substation,,19.913465222559168,50.09543220299817
,substation,,19.9194009920742,50.092916566765425
,substation,,19.923769052611316,50.09257577931889
Kraków ul. Storczykowa 4,substation,,19.94728871549197,50.011834250184044
,substation,,19.948688576673607,50.01136255055623
,substation,,19.948384783608365,50.0113906155803
,substation,,19.952846557596416,50.01252617307084
,substation,,19.950691026401245,50.00727874025163
,substation,,19.9458636289118,50.00947804490566
,substation,,19.947820126737906,50.00910210655099
,substation,,19.947420554318484,50.00833333045375
,substation,,19.949127188014813,50.00911542664849
,substation,,19.950597621593968,50.008882290503756
,substation,,19.950589785228853,50.009752026812414
,substation,,19.953233300000004,50.0090081
,substation,,19.960575014882334,50.0076324302596
,substation,,19.96112723756319,50.00537038041294
,substation,,19.96201010804467,50.00630775431198
,substation,,19.9648089392317,50.006721764093925
,substation,,20.04072772435466,50.00894723599563
,substation,,20.033583636216385,50.01904278644763
,substation,,20.012560983612214,50.02271355425527
,substation,,20.018704687514916,50.02218122907769
,substation,,20.022731955868373,50.01913208163369
,substation,,20.01881322397322,50.010340340262
,substation,,19.99276057451746,50.02534392419605
,substation,,19.987162446545895,50.02395826784009
,substation,,19.98889348589142,50.02514194221778
Kraków ul. Chłopska,substation,,19.98405674131889,50.025163869002064
,substation,,19.986139375174446,50.022666880313594
Kraków ul. Marzanny,substation,,20.000360028693866,50.023518459185134
,substation,,19.978165962334774,50.01656852926802
,substation,,19.982012807478423,50.021092498761455
,substation,,19.978573607355763,50.01737684899334
,substation,,19.97980080322167,50.01709351782864
,substation,,19.979421105890886,50.02003368153055
,substation,,19.97957019928493,50.02166723228873
,substation,,19.97910715755295,50.02266833271646
,substation,,19.846106100000004,50.0683473
,substation,,19.8440924,50.0688917
,substation,,19.84654535,50.06917364999999
,substation,,19.834089164925587,50.06378426106719
,substation,,19.842431029987207,50.068568290642546
,substation,,19.850926700000002,50.071137349999994
,substation,,19.85232976781722,50.07029984272767
,substation,,19.851779399999998,50.067615399999994
,substation,,19.8474932794737,50.067771685779284
,substation,,19.87043597875719,50.06625907067312
,substation,,19.871023033149523,50.06425722431616
,substation,,19.87382032337077,50.06946138897248
,substation,,19.8687680698687,50.06977534038177
,substation,,19.88818825,50.06244770000001
,substation,,19.889735602822565,50.06474781895693
,substation,,19.88400015,50.065602299999995
,substation,,19.90817051525305,50.05334950878624
,substation,,19.91108442714915,50.0545909090903
,substation,,19.89832924790583,50.059684382252236
,substation,,19.902454149229193,50.048416764903486
,substation,,19.908715212435453,50.05206337498535
,substation,,19.895773144240952,50.07601568407281
,substation,,20.04561358472505,50.0584800752163
,substation,,20.044257962845695,50.055640313667105
,substation,,20.045843186244653,50.05449242002773
,substation,,20.03799564450984,50.05883621372748
,substation,,20.036227481783996,50.05621329512068
,substation,,20.09302826418,50.09668451182494
,substation,,20.088445537147322,50.09810439363732
,substation,,20.057927,50.0955053
,substation,,20.040593436744985,50.09501497841402
,substation,,20.04464937967905,50.094089959943865
,substation,,20.073393142286463,50.092020197561986
,substation,,20.0561116,50.0819694
,substation,,19.964400776959653,50.100368963419406
,substation,,19.964437385340208,50.10091171523069
,substation,,19.964645182433454,50.10000769599238
,substation,,19.964975823219422,50.09833759355656
,substation,,19.952302149999998,50.0956232
,substation,,19.945294061155767,50.095354620102306
,substation,,20.001561670220603,50.09493209788195
,substation,,20.005410750000003,50.0972575
,substation,,20.015023300000006,50.0934954
,substation,,20.024715433155457,50.09363023782101
,substation,,19.946678554692973,50.10172960360137
,substation,,19.9549877322473,50.0989011660867
,substation,,19.930530583803325,50.09447459167389
,substation,,19.92453895798952,50.08946020106483
,substation,,19.92298754551496,50.08943788977368
,substation,,19.96948551715179,50.013714391877485
,substation,,19.970122206529272,50.01371551853078
,substation,,19.970711979448282,50.014850207573375
,substation,,19.963590843060636,50.00794578352969
,substation,,20.027696150000004,50.08652395
,substation,,20.030868844598537,50.08583163134409
,substation,,20.02923356985276,50.08635402195233
,substation,,20.0304753,50.0870367
,substation,,19.89143924162697,50.09792643720901
,substation,,19.90570990172672,50.09564529880241
Stacja elektroenergetyczna GPZ Salwator 110/15kV,substation,,19.911665136812633,50.05616788530117
,substation,,19.90431971463026,50.09087103354443
,substation,,19.90243345296632,50.08961225116834
,substation,,19.90306490016979,50.091917201349915
,substation,,19.90680561523915,50.09053038485565
,substation,,19.896735395218894,50.095777541991254
,substation,,19.905288698102705,50.093046050494046
,substation,,19.927430634551612,50.10198801991609
,substation,,19.93735099920846,50.09591715188799
,substation,,19.93924012691973,50.09780201929467
,substation,,19.913310114612987,50.097239093639146
,substation,,19.91751014869998,50.0971010368939
,substation,,19.916354237234216,50.09604246342926
,substation,,19.901098749187703,50.093647793429724
,substation,,19.890231933291666,50.09553628040405
,substation,,19.878786197243365,50.09431048227418
,substation,,19.878850059180017,50.097987999158235
,substation,,19.956796419338648,50.10691258264062
,substation,,19.927143450000003,50.11702590000001
,substation,,19.88057185,50.08271185
,substation,,19.88258627131854,50.08455502116682
,substation,,19.914185887853208,50.105761573972345
,substation,,19.914785454771657,50.103398373654194
,substation,,19.888784037447284,50.07881487925951
,substation,,19.893806291015647,50.089707949168584
,substation,,19.914673086268063,50.06095017826604
,substation,,19.88917550472752,50.09857468967315
,substation,,20.071050756724198,50.017778669584395
,substation,,19.957688850000004,50.00707845
,substation,,20.00390165,50.014295000000004
"Podstacja trakcyjna ""Kraków Płaszów""",substation,,19.988658677411546,50.0275392763992
,substation,,19.99090475879164,50.076698531939606
,substation,,20.08794487237254,50.02524883272553
,substation,,19.984706206277068,50.07901174725707
"Kraków, ul. Bunscha",substation,,19.885167967817207,50.0154060775318
,substation,,20.0120063,50.0201263
,substation,,20.02467691547088,50.00439717988596
,substation,,19.96343202442502,50.10662508920317
,substation,,20.0057291365236,50.083908358498675
,substation,,19.985603265061204,50.03957634635201
,substation,,20.039597804152457,49.99147501901966
,substation,,20.04916025,49.99041119999999
,substation,,20.03709783056539,49.98671193726763
,substation,,19.8788213,50.07817215
,substation,,20.0324291,49.99049745000001
,substation,,19.893413385687527,50.015211423973525
Kraków ul.Pychowicka 18,substation,,19.914393475265104,50.03203607592899
,substation,,19.916528808957825,50.03171342687882
,substation,,19.92186517284163,50.03035650974883
,substation,,19.897843663782954,50.03423045495101
Kraków ul. Ćwikłowa Tyniecka,substation,,19.88971393065983,50.033950249011255
,substation,,19.914194,50.00398
,substation,,19.911993330379538,50.00023205903154
,substation,,19.90611923667776,50.00356310729589
,substation,,19.9535279,50.07146795
,substation,,19.963666693394067,50.071897181574435
,substation,,19.967025065361376,50.06606501820781
,substation,,19.968799873819957,50.06572304985106
,substation,,20.036498906464796,50.08012818682523
,substation,,20.037390532940464,50.082323211035444
,substation,,19.91662437132843,50.08415499898962
,substation,,19.91336487520519,50.08785552948309
,substation,,19.916133647242432,50.08635452691158
,substation,,19.915496633408342,50.0855353577676
,substation,,19.913849585853946,50.0833014279521
,substation,,19.916855572309398,50.08869441202638
,substation,,19.911926200000003,50.08826030000001
,substation,,19.9092428,50.08558455
,substation,,19.911143515272975,50.08263722243364
,substation,,19.923564,50.0874706
,substation,,19.926413637310628,50.086601365971966
,substation,,19.9242765052031,50.08656178142099
,substation,,19.92538036505177,50.087622175313996
,substation,,19.93150356414858,50.08516561134206
,substation,,19.929254560552504,50.08882369010823
,substation,,19.92900640584689,50.090770226963556
,substation,,19.924612900839325,50.090735468708054
,substation,,19.926347786991407,50.086320833276204
,substation,,19.89912283040556,50.08830017345488
,substation,,19.896709415425534,50.08425183230706
,substation,,19.93111453062809,50.093200286930674
,substation,,19.924925035660213,50.093810072216066
,substation,,19.933731443174413,50.08837955180318
,substation,,19.934004699999996,50.08530505
,substation,,19.936976624049052,50.087030585654134
,substation,,19.989674697548566,50.01635819577509
,substation,,20.022181404428594,50.07497014834798
,substation,,19.90575305239666,50.07106322124069
Kraków ul.Czarnogórska 2,substation,,19.96842845,50.022142949999996
,substation,,19.955487735076137,50.020386174804294
,substation,,19.863558392770877,50.07146497977579
,substation,,19.863194509801296,50.06883801963977
,substation,,19.95703439476828,50.013556108307846
,substation,,19.95496878482787,50.013773599922324
,substation,,19.953059849999995,50.014545299999995
,substation,,19.955719950000002,50.0147949
Kraków ul. Gromady Grudziąż 15,substation,,19.962836495456187,50.01473337664775
Kraków ul. Myśliwska Hurtownia,substation,,19.999069880186298,50.0440577259369
Kraków ul. Klimeckiego 10,substation,,19.971227699999996,50.0474024
,substation,,19.957373932694377,50.047415025711295
,substation,,19.957054214936623,50.04721772631107
,substation,,19.943800315562157,50.08360407107418
,substation,,19.9451661,50.0833938
,substation,,20.01880205,50.0743769
,substation,,20.0615965,50.0533121
,substation,,19.980483192590615,50.09446214388107
,substation,,20.043179334907087,50.06921271080653
,substation,,20.04759085,50.06757784999999
,substation,,19.933822474281175,50.097451828587296
,substation,,20.05073995,50.06691645
,substation,,20.000773966921948,50.093357062135794
,substation,,19.968602131922143,50.10214737538901
,substation,,19.96713382651937,50.103185112349585
,substation,,20.01850383461378,50.08748711372588
,substation,,19.97727755,50.089292549999996
,substation,,20.06034955,50.06720874999999
,substation,,20.049675050000005,50.071605000000005
,substation,,19.96313652436249,50.09133721017203
,substation,,19.96584505651608,50.09370528162431
,substation,,20.05043913640731,50.07288022852718
,substation,,19.8990055,50.047964349999994
,substation,,19.968594,50.0936607
,substation,,20.011040542380332,50.066683669739334
,substation,,20.024578871453546,50.09087426229623
"Podstacja Trakcyjna ""Bieńczyce""",substation,,20.021736104417574,50.0818176899738
,substation,,19.98234714098674,50.06681715082232
,substation,,20.009392299999995,50.0666076
,substation,,19.922602360425703,50.05759414197069
,substation,,19.93941160598135,50.085195363295746
,substation,,20.047129631777235,50.021211614614614
,substation,,19.986537555806077,50.04838688129351
,substation,,19.928518000700237,50.10304372967174
,substation,,19.925380268748142,50.080071523941456
,substation,,20.026236949999998,50.086335399999996
,substation,,20.021048599999997,50.087218299999996
,substation,,20.0247047,50.08844995000001
,substation,,20.02617045758896,50.087746648145625
,substation,,20.023921450000003,50.084711700000014
"Podstacja trakcyjna ""Kraków Batowice""",substation,,19.988890646955447,50.10546298392501
,substation,,20.02781005,50.084067850000004
,substation,,19.971130000000002,50.017367899999996
,substation,,19.965978506124305,50.01527301833331
,substation,,20.048885694421596,49.98723552160729
,substation,,19.888979,50.07380200000001
Tartowska 12,substation,,19.931128461639517,50.05731457032171
,substation,,20.001527385461745,50.07078077399791
,substation,,19.988154558809892,50.04866507050792
,substation,,19.899297312195547,50.00044171053247
"Podstacja Trakcyjna ""Łagiewnicka""",substation,,19.941804037087817,50.01423867345083
,substation,,20.04299771495336,50.01812296402071
,substation,,19.894671199999998,50.02265229999998
"Podstacja trakcyjna ""Kraków Główny""",substation,,19.9446431728001,50.07558465632827
,substation,,19.904044393823323,50.06556529465347
,substation,,19.92413975,50.09552305
"Podstacja Trakcyjna ""Szopkarzy""",substation,,19.930766662775532,50.09307089933687
,substation,,19.95874912575564,50.09793999302274
,substation,,19.987503970065152,50.026458659460786
"Podstacja Trakcyjna ""Krowodrza Górka""",substation,,19.931797963813665,50.0890731512856
,substation,,19.9001205,50.048021549999994
,substation,,20.041722460375595,50.034861745556384
,substation,,20.0018116,50.0366357
,substation,,20.00291178484132,50.03661666310296
,substation,,19.966639128687458,50.01373760779112
,substation,,20.000628402062773,50.04322539953513
,substation,,19.968161624726253,50.06960293446365
"Podstacja Trakcyjna ""Bociana""",substation,,19.956205123063906,50.09576344241945
,substation,,19.95844698182901,50.066232963378205
,substation,,19.949196499999996,50.06887579999999
,substation,,19.94923355,50.0688758
,substation,,19.91260415,50.0716158
,substation,,19.968903688076274,50.06480492403579
,substation,,19.93724444130492,50.038954990667946
,substation,,20.015943175413828,50.01286496148724
Kraków ul.Szwajcera 21,substation,,20.006502649999998,50.00508845000001
,substation,,19.9480423,50.00633755
,substation,,19.9515555,50.01453645
,substation,,19.903782800000002,50.02114890000001
,substation,,19.908075949999997,50.0247895
,substation,,19.89153385,50.0164828
,substation,,19.911187309727026,50.029558431772436
Kraków ul. Miłkowskiego,substation,,19.917869758639842,50.028389951644925
,substation,,19.93270634197347,50.0260303261826
,substation,,19.972786799999998,50.0824014
,substation,,19.98248465,50.0847684
,substation,,19.993554999999997,50.094327199999995
,substation,,19.987380216774266,50.094743010698245
,substation,,19.95100499408673,50.09358521765547
,substation,,19.952226850000002,50.095213650000005
,substation,,19.94416828548123,50.096446727616275
,substation,,19.928606288342284,50.08998173544885
,substation,,19.9191274845268,50.07975140805203
,substation,,19.9120412,50.07332155
,substation,,19.9849302,50.07233030000001
,substation,,20.00173689248252,50.07290674950025
,substation,,20.0146549141575,50.07978289567898
,substation,,20.01378679179641,50.079139479514645
,substation,,20.018590449999998,50.08187405
,substation,,20.02056145,50.0808746
,substation,,20.0257641,50.08236670000001
,substation,,20.02282315,50.08943325
,substation,,20.01210138939978,50.08772783525098
,substation,,20.01007771061256,50.08806968463714
,substation,,20.015504848773663,50.091796667735515
,substation,,20.01034258619986,50.093387321308356
,substation,,20.025966638034106,50.0920250707782
,substation,,20.021336350000002,50.05455299999999
,substation,,20.039637250000002,49.991513600000005
,substation,,19.978841392604977,50.06955619790258
,substation,,19.97600559254947,50.069753599296426
,substation,,19.977831749999996,50.05807425
,substation,,19.83364204697014,50.0427453828164
Kraków ul. Torfowa,substation,,19.90938895,50.01810279999999
,substation,,19.904210599671263,50.00121343206772
,substation,,19.90070386921576,49.99815612494689
,substation,,19.901439550000003,50.0011731
,substation,,19.942349320948868,50.02399026179954
,substation,,19.955581817831582,50.00673049168958
,substation,,19.96019763735843,50.011587324900006
,substation,,19.965681164303824,50.017528076276285
,substation,,19.965642565088782,50.01883607614363
,substation,,19.972700449999998,50.02053445000001
,substation,,19.9731824,50.0168586
,substation,,19.9707542,50.018533
,substation,,19.98001945,50.01876305
,substation,,19.9693239,50.03629130000001
,substation,,19.972088950000003,50.033790500000016
,substation,,19.953507099999996,50.02628375
Kraków Bonarka Łagiewnicka,substation,,19.943142050000002,50.0341703
,substation,,19.914211,50.04742410000001
Kraków ul. Lipińskiego 22,substation,,19.921246160062395,50.02772351494864
,substation,,19.910472349999996,50.020485550000004
,substation,,19.88929858188899,50.014962874785546
,substation,,19.88808605,50.01568105
Kraków ul. Mochnaniec dz. nr 478,substation,,19.879217976311274,50.0161222924399
,substation,,19.88249805,50.007240249999995
,substation,,19.88248815,50.007204900000005
,substation,,19.9030412,50.02077224999999
,substation,,19.900542358884564,50.021398247575526
,substation,,20.047214351549144,50.02281943456374
,substation,,20.04988515900681,50.02340597484942
,substation,,20.046916500000002,50.0259775
,substation,,20.050375149999997,50.02661804999999
,substation,,19.97236460523114,50.046428432168966
,substation,,19.967284595740793,50.05043415176431
,substation,,19.95824595694893,50.04431793032893
,substation,,19.830858432754763,50.022640888114836
,substation,,19.91960275,50.069308500000005
,substation,,19.91344446441441,50.069371072943504
,substation,,19.95233025197412,50.093927867708345
,substation,,19.95689515613689,50.09437071690837
,substation,,19.952225832645237,50.099300770152354
,substation,,19.96699835,50.09876135
,substation,,19.98432496404228,50.090699978449464
,substation,,19.989441373300075,50.095775062878985
,substation,,20.0168191,50.1028269
,substation,,20.039186207742755,50.084198552965944
,substation,,20.04862455093542,50.07875102602921
,substation,,20.01431321486352,50.06347286059627
,substation,,20.007584016768497,50.063793276038005
,substation,,20.004395287321874,50.07962720349672
,substation,,20.004780360449352,50.09254514462241
,substation,,20.0035329,50.092912000000005
,substation,,20.000113849999998,50.090358099999996
,substation,,20.000066700000005,50.089523400000004
,substation,,19.982872450000002,50.0775203
,substation,,19.971845804895683,50.079612667886316
,substation,,19.96125336315355,50.06831657119458
,substation,,19.97344265,50.0788627
,substation,,19.946170018700577,50.086405194424856
,substation,,19.927659575099366,50.085204759924075
,substation,,20.0405291,50.054574699999996
,substation,,20.05251915,50.063711600000005
,substation,,20.02738660555884,50.05970761845399
Kraków ul. Christo Botewa 16,substation,,20.03630198971391,50.03835617602795
,substation,,19.875512300000004,50.06872125
Kraków ul. Drukarska 11,substation,,19.90296246648127,50.02339355556742
Kraków ul. Klimeckiego,substation,,19.97175440331694,50.047241982298566
Kraków ul. Bobrzyńskiego 43B,substation,,19.891238941634786,50.01579117964513
,substation,,19.9231171,50.02341309999999
Kraków ul. Ceglarska Jacka,substation,,19.9241391,50.037356200000005
,substation,,19.94581290704818,50.02752927956769
,substation,,19.989707173224392,50.06538521314926
,substation,,19.933835708877876,50.06395492524526
,substation,,19.918433135757386,49.999094276422525
Kraków ul. Skotnicka Prywatny Szpital Spec,substation,,19.867418649999998,50.001839249999996
ul. Zakopiańska Agata 6,substation,,19.93009358280637,50.01122277570157
"Kraków ul. J. Marcika ""Merkury Market""",substation,,19.933342999999997,50.01122085
Kraków ul. Tyniecka,substation,,19.84005423519981,50.025953839626354
Kraków ul. Zakopiańska 63,substation,,19.932533099999997,50.02252075
,substation,,19.982236276878897,50.07267731139849
,substation,,19.986334208521676,50.07043024950639
"Kraków, ul. Niewodniczańskiego",substation,,19.94064262456223,49.98237545834015
Kraków ul. Rydlówka ZK-SN,substation,,19.93599417864562,50.03512845892979
,substation,,19.935948850000003,50.03513260000001
Kraków Surzyckiego 35B,substation,,20.014627180110452,50.03844131232758
ZK-SN Rybitwy,substation,,20.02447327098178,50.03801445859629
ZK-SN,substation,,20.02449595,50.0375318
Consorfrut,substation,,20.0279505,50.0377949
Kraków ul. Malborska - Zabawa,substation,,19.961274814112443,50.02174277971043
,substation,,19.917903068218102,50.052711941015644
Kraków ul. Kościuszki 86 - Nad Rudawą,substation,,19.91607989954089,50.05249460459294
,substation,,20.009381636398455,50.08109655507897
,substation,,19.861522601707808,49.99946869800567
Czyżyny - Dworzec PKS,substation,,20.015831785347654,50.075285396088134
Kraków ul. Medweckiego Komplet,substation,,20.017155429442138,50.07489466419006
"Kraków ul. Medweckiego 13 ""McDonalds""",substation,,20.016331299999997,50.0751859
,substation,,19.910278314051077,49.981183145722646
,substation,,20.06375328555866,50.00432753904256
,substation,,19.958766296001414,50.09984264180099
,substation,,19.874093300000002,50.09534765
,substation,,19.95276775236713,50.1011765035158
,substation,,20.049185283922522,50.02141533927904
Kraków ul. Jerozolimska,substation,,19.96650805,50.03519765000001
Kraków ul.Bobrzyńskiego,substation,,19.900925150000003,50.02218035
Kraków ul. Saska ZK-SN,substation,,19.98242781155499,50.038918475866325
"Kraków ul. Saska ""RIVABELLA PL BUD""",substation,,19.982376389990375,50.03893396445378
Kraków ul. Saska,substation,,19.983187200000003,50.03871125000001
Kraków ul.Rydygiera 23,substation,,20.006747119752585,50.005735024759375
Kraków ul.Rydygiera 33,substation,,20.0049855,50.0056544
,substation,,19.96536407329304,50.05475625506453
,substation,,20.0505302,50.025661299999996
,substation,,19.9335805338267,50.046501521754344
,substation,,19.93354315,50.0464955
,substation,,20.03684733793585,50.08972930422379
,substation,,20.0361768,50.08997645000001
,substation,,19.964590849978478,50.000136699574085
Kraków ul.Przewóz 38 Realbud,substation,,19.998370050000002,50.04251475
,substation,,19.86705275,50.01153179999999
,substation,,19.999855260758,50.01021839610458
,substation,,19.999889228219402,50.01020508348811
,substation,,19.999927761442198,50.01019271894746
,substation,,19.99996313902744,50.010183330860315
,substation,,20.044584500000003,50.032839100000004
,substation,,20.04351285,50.0312709
,substation,,20.039658429715317,50.029666207802165
,substation,,20.052630731676068,50.03278802567241
,substation,,20.04928185968565,50.03122567416987
,substation,,20.049892917384366,50.030002174437236
,substation,,19.87236691796288,49.991135442575406
,substation,,19.930081770407224,49.99191426258778
,substation,,19.932496840484987,49.994209000447086
,substation,,19.937121554296212,49.99842884874494
ST PTO 11,substation,,19.9478092,50.063724500000006
,substation,,19.930520543839076,50.06531653764467
,substation,,19.963069049999998,50.05701255
,substation,,19.970175660409325,50.06374797589936
,substation,,19.970549899999998,50.06589395000001
,substation,,19.984119099999997,50.08469345
Murowana,substation,,19.94435285,50.0768534
,substation,,19.96796621951718,50.07667336911944
Start City,substation,,20.001771757543224,50.015705848489716
,substation,,19.90282241107608,50.056671991087654
,substation,,19.965079787011064,50.097087962480906
,substation,,19.9635142,50.10095784999999
,substation,,19.961709827529223,50.098216209789854
,substation,,19.993670466949624,50.07978705984472
,substation,,19.994223122117287,50.07827591347754
,substation,,19.993934438246495,50.07780317363168
,substation,,19.935850586392345,50.05185107133699
,substation,,19.947579349999998,50.09338854999999
,substation,,19.943899853860447,50.091896269059994
,substation,,20.05170939263755,50.08171260025271
,substation,,20.055074464130477,50.072787521573346
,substation,,19.958127126718452,50.099045562939835
,substation,,19.955761800000005,50.09800940000001
,substation,,19.953937288454927,50.09892802610271
,substation,,19.889210686238382,50.022385039137056
,substation,,19.909554749999998,49.99761350000001
,substation,,19.9514818,50.09505544999999
,substation,,19.855236942685412,50.05592484960008
,substation,,19.977557349999998,50.069212650000004
,substation,,19.978846100000002,50.07194985
,substation,,19.976858200000002,50.0743617
,substation,,19.962624113730772,50.07414000693984
,substation,,19.960013358385602,50.07577755584605
,substation,,20.010106541403182,50.03734348060817
,substation,,20.0358116299221,50.025115910818116
,substation,,19.8276367,50.044941949999995
,substation,,19.909158407672987,50.01348714702706
,substation,,19.95954027112012,49.988624889995954
,substation,,19.963593449999998,50.04823714999999
,substation,,19.96693999902274,50.03829838374236
,substation,,19.90673524926931,50.09559854673726
,substation,,19.903674300470833,50.089718552707765
,substation,,19.920917181816534,50.09529852632723
,substation,,19.93413770983167,50.011843372639206
,substation,,19.958227195077157,50.04059446885351
,substation,,20.009814178078855,50.01251076406304
Spichlerz / Elektrownia,substation,,19.787351405989536,50.08663626828511
,,water_works,19.89359153473147,50.051584089120546
Stacja elektroenergetyczna 110/15kV GPZ Politechnika,substation,,19.993424549408513,50.081352894731914
"Stacja elektroenergetyczna 110kV ""Bieżanów""",substation,,20.025125485558824,50.01391420016612
,substation,,19.969125000000002,50.066714399999995
"Podstacja Trakcyjna ""Dąbie""",substation,,20.003371797126853,50.067991274951254
"Podstacja Trakcyjna ""Czyżyny""",substation,,20.017468562163995,50.07176392299495
,substation,,20.024269024659375,50.058133902750704
,substation,,20.011147139879682,50.07566801869955
,substation,,20.024773219479346,50.083130408681
,substation,,20.008106736296185,50.08841256922715
,substation,,20.011915366918846,50.09132348868441
,substation,,20.01817500310021,50.0797864214072
,substation,,20.016482049999997,50.07237384999999
"Stacja elektroenergetyczna 220/110kV & GPZ 110/15kV ""Lubocza""",substation,,20.098811005542885,50.09585773226615
,substation,,20.0460172,50.0887818
"Podstacja Trakcyjna 10 ""Bulwarowa""",substation,,20.05334599765519,50.069158068705036
,substation,,19.9687232,50.08222575
"Oczyszczalnia Ścieków ""Płaszów""",,wastewater_plant,20.021955253302803,50.03255809164352
RS Mateczny,substation,,19.940784712264836,50.031538475887295
"Podstacja Trakcyjna ""Bonarka""",substation,,19.933190783926854,50.03278219302447
,substation,,19.976102923915693,50.073518585119494
,substation,,19.96520335492735,50.074099587068325
"Stacja elektroenergetyczna ""Wieczysta"" 110kV",substation,,19.97558441772886,50.070725687394635
,substation,,20.021368431568487,50.096535165022175
Stacja elektroenergetyczna „Wanda” 220/110 kV,substation,,20.078902145135924,50.061502173232846
"Stacja elektroenergetyczna GPZ 110/15kV ""Rybitwy""",substation,,20.04958080829907,50.03513108562491
Stacja elektroenergetyczna GPZ Łobzów 110/15kV,substation,,19.93211042029586,50.069930468438514
,substation,,19.940035100969354,50.10999715724578
,,wastewater_plant,19.946911337235967,50.005347171661754
,substation,,19.958417225590058,50.01389005543248
Zakład Uzdatniania Wody Dłubnia,,water_works,20.050857089298216,50.097049399795296
"Podstacja Trakcyjna ""Pleszów""",substation,,20.070292020706372,50.069194535095754
,substation,,19.949497034600963,50.04565170699663
,substation,,19.931366329213056,50.05904398775857
,substation,,19.983031757908556,50.027080253892606
,substation,,19.986803698274773,50.02462229517613
"Podstacja Trakcyjna 23 ""Bieżanowska""",substation,,19.978690181993606,50.0243202360545
,substation,,19.991895570567973,50.02208009544848
,substation,,19.986798161039736,50.01733476231391
,substation,,19.945546562350533,50.05112532841147
"Podstacja Trakcyjna ""Lubicz""",substation,,19.95244424270424,50.064238222440565
"Podstacja trakcyjna 15 ""Tenczyńska""",substation,,19.932071224953074,50.05759163559968
,substation,,19.93946590206671,50.06911492198651
,substation,,19.97123461990367,50.05040878773608
,substation,,19.963967874100483,50.0440427220494
"Podstacja Trakcyjna ""Wielicka""",substation,,19.96073614950821,50.04295133631562
,substation,,19.940081693845634,50.043233859197535
"Podstacja Trakcyjna ""Grzegórzecka""",substation,,19.963243720751134,50.06154325215008
"Podstacja Trakcyjna ""Brożka""",substation,,19.93011700238629,50.03073864308198
"Podstacja Trakcyjna 22 ""Facimiech""",substation,,19.989692249999997,50.016369450000006
"Podstacja Trakcyjna 32 ""Borek""",substation,,19.927271041685078,50.013735234101524
,substation,,20.05263801865564,50.03249954443549
,substation,,19.906539601859045,50.08535406144659
,substation,,19.911238252373366,50.08475406085782
,substation,,19.9056685813101,50.08637571595646
,substation,,19.916813416441745,50.086265206611124
,substation,,20.032550347506902,50.0086042668386
,substation,,20.01722555,50.07038425
,substation,,19.9823727,50.039097299999995
,substation,,19.9825753,50.037399699999995
,substation,,19.96112387649196,50.082258266273854
ES 15/15 kV - Combrowa,substation,,19.959764647570054,50.08596068167897
"Podstacja Trakcyjna ""Nowa Huta""",substation,,20.06267181486564,50.0838654602339
,substation,,20.022047678971827,50.07449005330496
,substation,,20.021990609897085,50.07556000648931
"Podstacja Trakcyjna ""Prądnicka""",substation,,19.936073356332138,50.08271113931142
Stacja elektroenergetyczna GPZ Wieliczka 110/15kV,substation,,20.086577344711124,49.987293279625455
,substation,,20.065378363214215,49.980786775200606
Kraków ul. Albatrosów,substation,,20.02029216905323,50.03855036757282
,substation,,19.993464518497937,50.038763627842165
,substation,,20.044802400000002,50.0953314
"Podstacja Trakcyjna 29 ""Ruczaj""",substation,,19.925063254523874,50.03020431806302
,substation,,19.899630419871418,50.08417423612069
Kraków ul. Ruczaj 31,substation,,19.91862983317492,50.02610422667612
Kraków ul. Miłkowskiego Kościół,substation,,19.91665895,50.02841045
Kraków ul. Lipińskiego,substation,,19.924212441325224,50.02790094058872
,substation,,20.008126209617828,50.104257473779434
,substation,,20.042758702076835,50.06803465556064
,substation,,20.039821914537463,49.98774850935158
,substation,,19.95949975,50.066784199999994
,substation,,20.041987842233368,49.988099263551895
,substation,,19.95597870211312,50.06822796757735
,substation,,20.0373074,49.98739285
"Podstacja Trakcyjna ""Mistrzejowice""",substation,,20.013732757599605,50.09254775160402
"Stacja elektroenergetyczna GPZ 110/15kV ""Prądnik""",substation,,19.933897638757415,50.086555185062274
Stacja elektroenergetyczna GPZ Balicka 110/15kV,substation,,19.87935737149001,50.08138171051469
Stacja elektroenergetyczna GPZ Górka 110/15kV,substation,,19.963459891077438,50.094119885981286
Stacja elektroenergetyczna GPZ Bieńczyce 110/15kV,substation,,20.0149003535237,50.08507839694703
"Stacja elektroenergetyczna 110kV ""Łęg""",substation,,20.005999504282336,50.051731919059954
"Stacja elektroenergetyczna GPZ 110/15kV ""Kotlarska""",substation,,19.965362486198604,50.05431362499094
Stacja elektroenergetyczna GPZ Dajwór 110/15kV,substation,,19.951265503778995,50.05015986950606
"Stacja elektroenergetyczna ""Bonarka"" 110 kV",substation,,19.953950595682347,50.027816883308866
"Stacja elektroenergetyczna GPZ 110/15kV ""Piaski Wielkie""",substation,,19.986611332565513,50.01397854691068
Stacja elektroenergetyczna HS-7 110/15kV,substation,,20.066424985117713,50.07285237966268
Stacja elektroenergetyczna HS-2 110/15kV,substation,,20.073945014351438,50.084246944470365
"Stacja elektroenergetyczna 110kV ""GST-1""",substation,,20.088375493296784,50.08485171699914
Stacja elektroenergetyczna HS-6 110/15kV,substation,,20.077350345864716,50.06944021399449
Stacja elektroenergetyczna HS-5 110/15kV,substation,,20.0818030266485,50.06781042848019
Stacja elektroenergetyczna GST-3 110/15kV,substation,,20.097129149791172,50.07066184362752
Stacja elektroenergetyczna GPZ Ruczaj 110/15kV,substation,,19.92017459015504,50.033185324251306
"Podstacja Trakcyjna ""Zaborze""",substation,,19.890094391587024,50.017967724287736
,substation,,19.975907840309617,50.09096902713109
,substation,,19.978192111433938,50.09105227913878
,,wastewater_plant,19.801085397127512,50.035094249050104
,substation,,19.937888957670268,50.05583349586782
,substation,,19.95954553672222,50.02632567410087
,substation,,20.02929382998127,50.07027652112883
,substation,,20.051613664012375,50.05361422451142
,substation,,20.050573261040597,50.05963334902028
,substation,,20.07367231276588,50.05621992856819
,substation,,19.971394563580546,50.07475660461565
,substation,,19.968734099999995,50.07452024999999
,substation,,19.943922993464184,50.10450056298901
,substation,,20.05549231666484,50.0196224205409
,substation,,20.05596765,50.019386
,substation,,20.0506545,50.02109494999999
Ujęcie wody Sanka,,water_works,19.82254796799389,50.03631974987166
,substation,,20.057492323462267,50.03263264506447
,substation,,19.89513595651032,50.07871720098622
,substation,,19.890437000000002,50.07325675
"Podstacja trakcyjna 14 ""Balicka""",substation,,19.88836072105746,50.08195890674566
,substation,,19.901895046541693,50.07000004637402
,substation,,19.87915316526855,50.081366990331446
,substation,,19.871709709416937,50.07953991412968
,substation,,19.845959368496036,50.084319218410144
,substation,,19.89037732930448,50.09046775254442
,substation,,19.88042716634105,50.09160200123916
,substation,,19.88380135,50.09662684999999
,substation,,19.90582256198104,50.09319632561831
,substation,,19.90614199278567,50.072925975216435
,substation,,19.91428556550932,50.06615632195874
"Podstacja trakcyjna 13 ""Konarskiego""",substation,,19.922700732718024,50.07032051347939
,substation,,19.908135413811138,50.06608457363563
,substation,,19.91536959828861,50.07097239946235
,substation,,19.922350024355183,50.060658901875065
,substation,,19.917785168418167,50.06881464943104
,substation,,19.894175483129125,50.05943564840415
,substation,,19.897689671959533,50.058359631516325
,substation,,19.89451073174631,50.048075098849885
,substation,,19.9013155988058,50.05043628295121
,substation,,19.84181929795877,50.042574726550995
,substation,,19.86363960752795,50.06664282499342
,substation,,19.817130235391154,50.071093791369094
,substation,,19.844311205610342,50.06995370368865
,substation,,19.870760069809403,50.0620224787988
,substation,,19.86760748205579,50.06181265061948
,substation,,19.99960425,50.09153355
,substation,,19.91238951195486,50.05711237854907
,substation,,19.924802438916018,50.054585431620616
,substation,,19.92349400887999,50.05799066847314
,substation,,19.917994519122335,50.05303644042304
,substation,,19.992930138384004,50.09369097945454
,substation,,19.92094685632273,50.080751711465965
,substation,,19.9220361345186,50.078481330785294
,substation,,19.916872592350398,50.07325275293307
"Podstacja Trakcyjna ""Politechnika""",substation,,19.944476081284694,50.0741893580767
,substation,,19.927930614861474,50.07587726902303
,substation,,19.92392621499154,50.076308758961844
,substation,,19.919719379250708,50.07771685435118
,substation,,19.920543110778244,50.076602013771016
,substation,,19.918299150000006,50.07431395
,substation,,19.921412710648777,50.07218572914749
,substation,,19.927376634462572,50.071029194281564
,substation,,19.92337521000394,50.07545490630913
Stacja elektroenergetyczna GPZ Kampus 110/15kV,substation,,19.89481929179084,50.018898658728865
,substation,,19.89637709072065,50.020684638591575
,substation,,19.86623070582569,50.0230625224739
,substation,,19.90349887070029,50.027837723846424
,substation,,19.907108513326552,50.045616213187095
,substation,,19.919863317456443,50.04886105409156
,substation,,19.941985802290947,50.051940501183665
,substation,,19.90541904517207,50.02644831742456
ST SO-4,substation,,19.9488389915427,50.068708073392045
,substation,,19.949344241628364,50.06692986765549
,substation,,19.983244887174767,50.06904090832489
,substation,,19.983852612652335,50.06878771115417
,substation,,20.02539726594731,50.056325984965376
,substation,,19.87129375,50.11517795
,substation,,19.940656053696898,50.06022403385059
,substation,,19.977697536308362,50.06752675691581
,substation,,20.024843986548667,50.01648612481105
,substation,,19.882921749999998,50.080853199999986
,substation,,19.9351652983694,50.097569233848574
,substation,,19.884274508057757,50.089856917884234
,substation,,19.884554600000005,50.0899461
,substation,,19.890356614047025,50.09517692135165
,substation,,19.846868156895155,50.08604708235281
,substation,street_cabinet,19.892026350000002,50.07878965
,substation,,19.953388340601347,50.015434625957646
,substation,,19.97056685,50.09621425000001
,substation,,19.97280985,50.094463350000005
,substation,,19.853134227549177,50.083614035262656
,substation,,19.970057920755004,50.09467462629167
,substation,,19.968195100000003,50.09409440000001
,substation,,20.05763378295472,50.017262077751916
,substation,,20.0530533,50.02009414999999
,substation,,19.95872165,50.074904599999996
,substation,,19.968567223025104,50.0878983662752
,substation,,20.022058663314933,50.092589510923766
,substation,,20.02151875,50.09355325
Miejskie Przedsiębiorstwo Wodociągów i Kanalizacji S.A.,,water_works,19.87229522141036,50.07863956062792
,substation,,20.0033186326222,50.09609219765699
,substation,,19.96402143490844,50.08941817651364
,substation,,19.96327507010828,50.08963564828699
,substation,,19.963024151201516,50.09028237282246
,substation,,20.000433349999998,50.097596949999996
"Kraków ul. Kobierzyńska ""Montin""",substation,,19.912896550000003,50.026689649999994
,substation,,19.919795049999998,50.02920005000001
Kraków ul. Strąkowa Przedszkole,substation,,19.924253408418206,50.02653347939471
,substation,,19.948824499999997,50.05308701653961
,substation,,19.94566297969137,50.05381228917981
,substation,,19.95363172178891,50.046594357984496
,substation,,19.910867175615888,50.025016187679554
,substation,,19.94750229311623,50.05509037195335
,substation,,19.95204135,50.05101625
,substation,,19.94142418010493,50.05799675119308
,substation,,19.941683866168734,50.059469562161674
"Podstacja Trakcyjna ""Reja""",substation,,19.94636652953277,50.06205656516255
,substation,,19.89193485,50.01742015
,substation,,19.87907092173497,50.00757638158246
,substation,,19.891203548319055,50.01391322216748
Kraków ul. Czerwone Maki,substation,,19.88914099876277,50.016253202134024
Kraków ul. Bunscha IRYD,substation,,19.88346225184152,50.01428166753503
,substation,,19.900577466368667,50.0111365020239
Kraków ul. Bobrzyńskiego 11,substation,,19.90174601433868,50.023157918598095
,substation,,19.899881029229753,50.01883670952408
,substation,,19.897261346061722,50.019513846827266
,substation,,19.898894854627436,50.01906958136049
,substation,,19.900282648457353,50.020134060418165
,substation,,19.89604715075088,50.017548337759564
,substation,,19.90180829414135,50.02126132972802
,substation,,19.90201830573882,50.01451371857716
,substation,,19.89868292268639,50.0145969505512
,substation,,19.904782231274552,50.020819636910296
,substation,,19.905708800000003,50.019397800000014
,substation,,19.901944831813456,50.01953048529557
,substation,,19.92250633500068,50.03379347414922
,substation,,19.906278952678058,50.02450758303817
,substation,,19.90448978021282,50.023876024505206
,substation,,19.90338615,50.02373930000001
,substation,,19.90519932331261,50.024087826331865
,substation,,19.91145255,50.02869195
Kraków ul. Grota-Roweckiego 49A,substation,,19.910232344157237,50.026209406259056
Kraków ul. Grota-Roweckiego 51B,substation,,19.908752522593655,50.02667806615885
,substation,,19.916632149999998,50.02938344999999
,substation,,19.91411971689937,50.02994461799007
,substation,,19.91555295079641,50.03050377597549
,substation,,19.918604327465324,50.03098195138921
,substation,,19.915650063099044,50.02624812465208
Kraków ul. Roztworowskiego 16 Sp.Pielęgniarek,substation,,19.914560864611932,50.02690052575417
,substation,,19.851730301299007,50.08520515363091
Kraków ul. Zbrojarzy 109,substation,,19.91899799010754,50.02341742077224
Kraków ul. Pszczelna,substation,,19.91643827639344,50.02413695853702
Kraków ul. Podhalańska 15,substation,,19.916700769845484,50.021652254116724
,substation,,20.053335530234357,50.09617487155193
,substation,,19.924079416926997,50.06199856067626
,substation,,20.05055,50.095934899999996
,substation,,19.925166311966475,50.06505232163795
Kraków ul. Podedworze 8,substation,,19.973022461809958,50.01469722993364
,substation,,19.973207684896202,50.015343613758475
Kraków ul.Kobierzyńska Kasperski,substation,,19.910463616516182,50.02295721336278
Kraków ul. Magnolii,substation,,19.914105952321606,50.02205296597431
,substation,,19.909018311824543,50.01628526065686
,substation,,19.910946618135668,50.0162312560824
,substation,,19.907167924837466,50.01513056585624
,substation,,19.90852936460322,50.01255987299231
,substation,,19.90839132788672,50.01135781508007
,substation,,19.910517049999996,50.01244275
,substation,,19.89638520000806,50.005018000807965
,substation,,19.899796399999996,49.9986279
,substation,,19.89740165802905,49.99781757522837
,substation,,19.902624876069037,49.998340631728084
,substation,,19.898271049999995,49.99940455
,substation,,19.895467167394496,49.998773679130196
,substation,,19.89476413269433,50.00108818668777
,substation,,19.898243904323856,50.0017831643188
,substation,,19.89730920388983,49.999740602993306
,substation,,19.89528564700193,50.003266262857856
,substation,,19.888783907907488,50.00550647334143
,substation,,19.922603192112913,50.01823367222477
Kraków ul. Zakopiańska Carrefour T8,substation,,19.929992229085304,50.01212045943815
,substation,,19.93309476578269,50.00774621234037
,substation,,19.931297021305976,50.04566605507854
,substation,,19.95381513562696,50.062822603752565
,substation,,19.95562966877413,50.06166634966766
,substation,,19.953902032855954,50.06156213382471
,substation,,19.95625246466968,50.06443820016159
,substation,,19.931089431945406,50.05246716901236
,substation,,19.926365287314834,50.0479136273117
,substation,,19.92340860178186,50.044465433253656
Kraków ul. Monte Cassino Technikum,substation,,19.92201285,50.047118850000004
,substation,,19.916072389173504,50.05005176035062
,substation,,19.91433631795562,50.046261752620225
Zbiorniki wodociągowe Górka Narodowa Wschód,,water_works,19.972039796768577,50.10291164167967
,substation,,19.909994968456882,50.04679055334284
,substation,,19.906014998753584,50.04477907772607
Kraków ul. Twardowskiego 115,substation,,19.917687791111312,50.04168867023545
,substation,,19.922830700000002,50.038974950000004
Kraków ul. Ceglarska Waka,substation,,19.92133995180677,50.04084760857103
Kraków ul. św. Jacka 22,substation,,19.9218372,50.03767884999999
Zbiorniki Krzemionki,,water_works,19.960614463771975,50.03374057645487
,substation,,19.93427792273432,50.060937129310155
,substation,,19.936863747661548,50.06019669237312
,substation,,19.93838350971804,50.059493972032755
,substation,,19.928346529030296,50.04457399579051
,substation,,19.93009629096856,50.04441000632604
,substation,,19.930880529086043,50.04366869513026
,substation,,19.92388633965895,50.04389775858271
,substation,,19.931659918183527,50.04501726611475
,substation,,19.932951887516165,50.043438186696875
Kraków ul. Komandosów 25,substation,,19.932716332828015,50.04267943263428
Kraków ul. Kapelanka Shell,substation,,19.92472493180927,50.03799994343584
,substation,,20.01166295,50.067371550000004
,substation,,20.040254789016917,50.01358490924916
Kraków ul. Cegielniana,substation,,19.934904124206785,50.02867546497091
,substation,,19.93070315721583,50.0261581670641
,substation,,19.934239542082153,50.02708805721378
,substation,,19.929360393398532,50.02435388401285
,substation,,19.926258270748583,50.012431608177444
,substation,,19.929093051081654,50.01662898215269
,substation,,19.910488263240396,50.00638566888483
,substation,,19.926073392807844,50.00690962572784
"Kraków ul. Rzemieślnicza 20A ""AAC""",substation,,19.936501455187912,50.03212610320218
,substation,,19.93967698052139,50.036496843167086
,substation,,19.93646301324833,50.03336659588284
Kraków ul. Rydlówka 20,substation,,19.936613288719922,50.03428954826844
,substation,,19.95584977839388,50.04675404496351
,substation,,19.958201176400596,50.046436494775335
,substation,,19.958366558271692,50.044233649094245
,substation,,19.945490155935868,50.044050549957106
,substation,,19.93845366049661,50.04135994209134
,substation,,19.941663585469172,50.04150006255586
,substation,,19.939783845313965,50.03865999234319
Kraków ul. Śliska 14,substation,,19.94056185529339,50.039470964965446
,substation,,19.96301575,50.038682099999996
,substation,,19.951636649999998,50.0303411
,substation,,19.961224906091683,50.040247367868005
Kraków ul. Wadowicka 10,substation,,19.938768062369803,50.0312944472993
Kraków ul. Łagiewnicka 39,substation,,19.942786726430068,50.032030188665274
,substation,,19.941112119625622,50.033117994040126
,substation,,19.940419369145665,50.03459554304331
Kraków ul. Łagiewnicka 48,substation,,19.943643829434535,50.034592635997825
,substation,,19.945178765555774,50.04119554857243
,substation,,19.9535625,50.044720549999994
,substation,,19.956489319056214,50.041180145467315
,substation,,19.894850922822297,50.08755391708128
,substation,,19.97361808026202,50.09227472292121
Stacja elektroenergetyczna GPZ Czyżyny 110/15kV,substation,,20.02771525814548,50.071675467515085
"Stacja elektroenergetyczna GPZ 110/15kV ""Płaszów""",substation,,20.00904424994347,50.034875140760064
Stacja elektroenergetyczna Centrum Komunikacyjne 110/15kV,substation,,19.949048516618024,50.06940483166859
,substation,,19.937621658448798,50.02158577454036
,substation,,19.786943049999998,50.0511472
,substation,,19.940559630019347,50.11092557013064
,substation,,20.00124215,50.10589995
,substation,,20.006810554974475,50.10585774166565
,substation,,19.979969169834206,50.07893637511264
,substation,,19.849034091256687,50.08547606441746
Oczyszczalnia ścieków,,wastewater_plant,19.882393402829653,49.99918753558984
,,wastewater_plant,19.883214231628855,49.99926934501841
,,wastewater_plant,19.883196358357658,49.999110626789204
,substation,,19.919241272309456,50.00160741604822
,substation,,19.942588200000003,50.020488799999995
,substation,,20.035915762981997,50.02508487276729
,substation,,20.0592297,50.041095649999995
"Podstacja Trakcyjna ""Cementownia""",substation,,20.099269033996038,50.06843998757233
,substation,,20.037487733441772,50.10392917006538
,substation,,20.0014191,50.01417670000001
Kraków ul. Cechowa 142,substation,,19.980601986331873,50.00613746053513
,substation,,19.85793152761719,50.02964243387464
,substation,,19.910665710072866,49.999154019612696
,substation,,20.009740830188704,50.10177812370743
,substation,,20.0105591866711,50.1005477581342
,substation,,19.955071933197107,50.01135286661469
,substation,,19.95263252965632,50.011863554420415
,substation,,19.934761539734705,50.0136449901468
,substation,,19.87528539632162,50.065870466066166
,substation,,19.866301180247817,50.0649287041206
,substation,,19.833816130683324,50.07266094363765
,substation,,19.824259794412985,50.044953662595525
,substation,,19.888462620976828,50.07791369877204
,substation,,19.904652672385815,50.08349214531983
,substation,,19.903469570769637,50.084922645394805
,substation,,19.974544031857498,50.098371698029965
,substation,,19.9102089,50.08803725
,substation,,19.908101056961236,50.08751571372921
,substation,,19.910918339542036,50.086859579911824
,substation,,19.935929389943393,50.09650818078674
,substation,,19.93156985,50.09580185000001
,substation,,19.924905437999527,50.08447811975233
,substation,,19.929495765450163,50.08958851176609
,substation,,19.920883113619688,50.08398809706405
,substation,,19.93068825,50.089559799999996
,substation,,19.946702400000007,50.08726500000001
,substation,,19.944255688405235,50.087127222265615
,substation,,19.940665111295335,50.08718763259483
,substation,,19.940441899999996,50.08985525
,substation,,19.96287795313576,50.08958193406676
,substation,,19.958721766434607,50.08848482619401
,substation,,19.96213135746467,50.091499449840626
,substation,,19.983248605520036,50.09738823259525
,substation,,19.975789,50.09953854999999
,substation,,19.988301684148645,50.09931024577064
,substation,,19.97040985,50.0881391
,substation,,19.968330487505657,50.089613630891535
,substation,,19.97589988197207,50.08918903198833
,substation,,19.967524613156712,50.08757207489425
,substation,,19.976117199999997,50.08911234999999
,substation,,19.97242595,50.08862895
,substation,,19.978311169215978,50.083273855489246
,substation,,19.97522291379239,50.081880576251216
,substation,,19.97228611764653,50.08362658951408
,substation,,19.97770306352135,50.08218742590984
,substation,,19.974283982662467,50.08289426646453
,substation,,19.981823349999996,50.07576985
,substation,,19.982397512115398,50.074022150722755
,substation,,19.9798349424401,50.07784951560138
,substation,,20.01397174715364,50.10082452006654
,substation,,20.008109495719207,50.099384861918935
,substation,,20.00518788648837,50.10168921100561
,substation,,20.012532429751108,50.09991834548361
,substation,,20.01528307515402,50.098745255368804
,substation,,20.007203206752397,50.09934923459619
,substation,,20.020222256883706,50.10032154318939
,substation,,19.995058736075443,50.09308657440446
,substation,,19.995760537395974,50.092112674130696
,substation,,19.99727889685657,50.08399463355599
,substation,,19.993922424312363,50.090423755308585
,substation,,19.989563835884585,50.09230370001862
,substation,,19.99250065,50.091562
,substation,,19.98888813183744,50.08859560314652
,substation,,19.9988877,50.093988849999995
,substation,,19.995056805309922,50.08911583256988
,substation,,19.992457939467045,50.09024622131076
,substation,,19.99479032024608,50.09118400437227
,substation,,19.99747987565287,50.09275149444443
,substation,,19.99151245,50.0893277
,substation,,19.99659597603389,50.092453345000244
,substation,,19.992802732560445,50.09224979820259
,substation,,19.996043699999998,50.098237749999996
,substation,,20.014163633266538,50.07268755061357
,substation,,20.00705192996004,50.073746588172106
,substation,,20.04327295,50.03110985
,substation,,20.04312633328052,50.031121225832116
,substation,,20.044008123452794,50.02920713669215
,substation,,20.04352275,50.03309734999999
,substation,,20.0204666,50.01730359999999
,substation,,20.023148499999998,50.01739524999999
,substation,,20.015843526375786,50.0134380053142
Kraków ul. Telimeny 25,substation,,20.01733259955687,50.01755955558838
,substation,,20.01885565,50.014432299999996
,substation,,20.010776449999998,50.014633399999994
,substation,,20.0205186,50.0137208
,substation,,20.01765365,50.01166015
,substation,,20.0204933,50.014179549999994
,substation,,20.01539275,50.0187335
,substation,,20.015830763618098,50.01997502589562
Kraków ul. Dygasińskiego 44,substation,,19.99043257011482,50.02066785535043
,substation,,19.965271843226013,50.023172596032445
,substation,,19.9598687762124,50.02701672688627
,substation,,19.945527873770324,49.99351802352859
,substation,,19.9764944117974,50.026014033514834
,substation,,19.94811039924221,50.01905884191289
,substation,,19.941042576400925,50.026882740001405
,substation,,19.942922829604928,50.017076054293085
,substation,,19.948457921407172,50.01624899516202
,substation,,19.97069779981466,50.032282517289424
,substation,,19.969933112940844,50.020137074274736
Kraków ul.Czarnogórska 3,substation,,19.970103031229968,50.02176475349582
,substation,,19.970110406221735,50.03020788058408
,substation,,20.004460226373705,50.04100949249965
,substation,,19.98290536885366,50.046459903150996
,substation,,19.97734898911101,50.045804466300886
,substation,,19.98454851935323,50.03996962931219
,substation,,19.987208671248105,50.047287513626415
,substation,,19.986911211591234,50.04582596870061
,substation,,19.983107363590054,50.044101840740176
,substation,,19.984940833733834,50.04502164635279
,substation,,19.977901710065392,50.03556558523755
Kraków ul.Przewóz 40,substation,,19.99739689474545,50.041237696553566
,substation,,20.003746749034057,50.038889795851404
,substation,,19.99495713291117,50.035547716128356
Kraków ul. Lipska 65,substation,,20.00066787911473,50.045069240371475
,substation,,19.99041146589927,50.047255148435696
Kraków ul. Myśliwska 70,substation,,19.99850519090411,50.0457954513443
,substation,,19.99390929926453,50.050433867074226
,substation,,19.981719185791928,50.068705175893726
,substation,,19.980145209011923,50.06037387382013
,substation,,19.971096061103296,50.05815231724438
,substation,,19.979479962955796,50.058700574378875
,substation,,19.970160535866864,50.0593218569638
,substation,,19.96805884426142,50.05945811218901
,substation,,19.9619371,50.070261699999996
,substation,,19.94696443665122,50.07475212316909
,substation,,19.957971291340183,50.07139727345502
,substation,,19.95784034266326,50.07217461155588
ST SO-3 ul. Lubicz,substation,,19.948474675652875,50.06635512859531
,substation,,19.96447296077605,50.0600068805016
,substation,,20.0146655,50.10451885
,substation,,19.963475199999998,50.062115600000006
,substation,,20.004979626386728,50.068716454658215
,substation,,20.003935175850298,50.0679764825318
,,wastewater_plant,20.0852542229322,50.06151181172941
,substation,,19.96008684418672,50.0990004262701
,substation,,20.017862940337803,50.09831522440063
,substation,,19.967606999999997,50.099555849999994
,substation,,19.96764792449181,50.10038799139425
,substation,,19.986706299999998,50.07889225000001
,substation,,19.934928454585084,50.089198830140624
,substation,,19.832795835441484,50.09801470937863
Przepompownia ścieków Kmita,,wastewater_plant,19.819169071040932,50.10503959382399
,substation,,19.9344098,50.08799334999999
,substation,,19.965787611030812,50.091815129174165
Rozdzielnia elektroenergetyczna 110kV Cholerzyn,substation,,19.786950886167446,50.051118044565854
Kraków ul.Tuchowska os.Plejady,substation,,19.967469416613604,50.01223731706585
,substation,,19.96439471049644,50.078571657976845
,substation,,19.96988013503708,50.0862696365721
"Podstacja trakcyjna ""Mydlniki""",substation,,19.8625913919884,50.08224316540899
Kraków ul. Kobierzyńska 106,substation,,19.912674251512946,50.02555279421448
,substation,,19.987163943995082,50.09290802019977
,substation,,19.982195598130666,50.09360138836229
,substation,,19.945029745080973,50.08425305023423
,substation,,19.7793806,50.1093804
,substation,,19.96933240061157,50.091365493300565
,substation,,19.97618885,50.092358600000004
,,wastewater_plant,19.81632374760951,49.98092823639526
,substation,,19.88724861169943,50.080586635635115
,substation,,19.88621588844245,50.081079024805106
,substation,,19.88464323015799,50.081497058813106
,substation,,19.885077225843858,50.07824787956742
,substation,,19.98940537286264,50.097345896780524
,substation,,19.979083457900614,50.04894248146465
,substation,,19.916872592350398,50.07325275293307
,substation,,19.997822366120335,50.01523491754407
,substation,,19.958750426013008,50.10100275285071
,substation,,19.9591501,50.09964875
,substation,,19.949397560517323,50.089049028111276
,substation,,19.94949464201781,50.08901745459848
,substation,,19.996382086990863,50.09924167532625
,substation,,19.99627105,50.097335699999995
,substation,,19.994710924907203,50.09725269111273
,substation,,19.97336838051112,50.0961653459851
,substation,,20.006093850670112,50.07793416579837
,substation,,20.009881606008385,50.07833238384981
,substation,,19.968819899999996,50.092894099999995
,substation,,19.989186813220655,50.08244242570334
,substation,,19.965663732397008,50.036440647481484
,substation,,19.96461918281936,50.03707186497214
Wodociągi,,water_works,19.86316737482006,50.060869630894736
,,wastewater_plant,19.861314510689922,50.01928681743925
,,water_works,19.82998542582986,50.08606477817583
,,water_works,19.826676482372203,50.08930222445519
,substation,,19.869214617168733,49.999099071261284
Kraków ul. Bagrowa 9,substation,,19.999636084860697,50.031364965430335
,substation,,19.967846467369476,50.01219274911983
,substation,,20.02060358526079,50.08668135954556
,substation,,20.00874905,50.0858516
,,water_works,19.88155901354904,50.04573025932388
"Zakład Uzdatniania Wody ""Bielany""",,water_works,19.841148901141484,50.042382919111056
"Zakład Uzdatniania Wody ""Bielany""",,water_works,19.836296558894563,50.039091401497735
,substation,,19.83994398363424,49.9932623247328
,,water_works,19.79410147708843,50.11237174718175
,substation,,19.991672125075254,50.094219125464534
,substation,,19.943938538483994,50.085225385838385
,substation,,19.98250021674839,50.071180011071974
"Stacja elektronergetyczna GPZ 110/15kV ""Pasternik""",substation,,19.88440855682562,50.10907341908616
Kraków ul. Facimiech 18,substation,,19.985790612965786,50.015421876012134
Kraków ul. Okólna 26,substation,,19.9853504,50.016294050000006
Kraków ul.Wielicka Wyparki AM,substation,,19.999101052530435,50.01156641684871
,substation,,19.973471600000003,50.011496349999994
,substation,,19.97298041078014,50.01175102973996
,substation,,19.9724828,50.01211365
,substation,,19.972569289780115,50.01214607232326
Kraków ul. Podedworze 10,substation,,19.9739088,50.013245999999995
Kraków ul. Rydlówka,substation,,19.932856305121817,50.036072891891074
,substation,,19.90612723845798,50.07270538005134
Przepompownia ścieków,,wastewater_plant,19.91401328587666,50.0928404516023
,substation,,19.921620312188818,50.09316782422571
,substation,,19.89784302923816,50.08523825489404
,substation,,19.934063745294345,50.08718477193119
"Podstacja Trakcyjna 20 ""Szklarska""",substation,,19.973692166721225,50.04345280319254
,,wastewater_plant,19.818945360620273,50.01956586058884
Pompownia sanitarna,,wastewater_plant,19.88382404927164,50.03623675466324
,substation,,19.9744786,50.02065265
,,wastewater_plant,19.84548271907188,49.99593293284922
,substation,,20.00808432079924,50.01813398444337
,substation,,20.02382186781423,50.012574083676405
,substation,,20.023907549666475,50.011770120477706
,substation,,19.95032756173432,50.06709577098761
,substation,,19.966576512681282,50.046884268785604
,substation,,20.02017647020913,50.01544004771986
,substation,,19.97444929886629,50.03308238847681
,substation,,19.972445532780593,50.03338049793299
,substation,,19.952127114140097,50.05805893039463
"Podstacja Trakcyjna 26 ""Wieczysta""",substation,,19.985120886306845,50.072205697828046
,substation,,19.9394719,50.04241365
,substation,,19.999009,50.0157112
,substation,,20.003146947222437,50.01865137001953
,substation,,20.004747290835,50.01952432277544
,substation,,19.999998050000002,50.01833704999999
,substation,,20.00362828100509,50.01727505332689
,substation,,19.999109458014566,50.01666279566516
,substation,,19.9970216394735,50.01685509187737
,substation,,20.006753028692142,50.01962037359311
,substation,,20.004894987962984,50.018371193085734
,substation,,20.00136105,50.098832400000006
,substation,,20.003311182519614,50.0952657336095
,substation,,19.999580181869764,50.09634850307297
,substation,,19.999933518514435,50.09570298387166
,substation,,20.021176643814677,50.011978560653525
,substation,,19.996326014919923,50.08686095698757
wodociągi,,water_works,20.051005364631475,50.012408933699966
,,water_works,20.050966950000007,50.012422150000006
,substation,,20.003323888681013,50.09120916995854
,substation,,20.003065691374207,50.09043782614769
,substation,,20.081530191384132,50.064072724835896
,substation,,20.010110340839457,50.017152580899584
,substation,,19.930988175143735,50.07903535402753
,substation,,19.999540579524634,50.028109656859414
,substation,,19.94543745811061,50.01024134277146
,substation,,19.944643225902865,50.07378049878028
,substation,,20.003415130287554,50.01483822196485
,substation,,20.004513730209993,50.01409821571212
,substation,,19.967237068678156,50.0569504812309
,substation,,19.96070805,50.0490938
Ujęcie wody podziemnej,,water_works,20.05585458058022,50.080388571246765
,substation,,19.997101879553696,50.06603044547113
,substation,,19.997702975611453,50.02213964700365
,substation,,19.995445224057253,50.023002046059275
,substation,,20.022966778564708,50.01483556151665
,substation,,19.928260799999993,50.0732594
,substation,,20.04794806995406,50.01428027063422
,substation,,20.042047200466886,50.013919243947214
,substation,,20.080308239416162,50.02246688197162
,substation,,19.94844357044361,50.090723433696866
,substation,,20.00476123002681,50.015821143342265
Kraków ul. Przewóz Hurtownia leków,substation,,20.01663075,50.039837750000004
,substation,,20.072614826548087,49.98589912397864
"Podstacja Trakcyjna ""Dworcowa""",substation,,19.973089128494024,50.03102778084027
,substation,,19.971051717154218,50.034051301329
,substation,,19.9714971,50.03102505
,substation,,19.938731475188174,50.04968833741812
"Oczyszczalnia ścieków ,,Kostrze''",,wastewater_plant,19.85282509067064,50.035383870562654
,substation,,19.923872221351637,50.07229179499227
Zakład Uzdatniania Wody,,water_works,20.035159686242984,49.99920458143259
,substation,,20.0159159,50.012687650000004
,substation,,19.972968,50.0187997
,substation,,19.966266242472763,50.04009605872674
,substation,,19.98897925481326,50.017605973970824
,substation,,19.96659130543127,50.03851611447907
Kraków ul.Czarnogórska Pawilon,substation,,19.969198349999996,50.01909870000001
,substation,,19.9870041,50.01886935
,substation,,19.905624113732994,50.00544027022704
,substation,,19.902414425010353,50.0025892589648
,substation,,19.90508162494386,50.003313052196
,,water_works,19.827543480905376,50.038472173665674
,substation,,20.03712216031154,49.98662857770542
,substation,,20.0439381,49.986342650000005
,substation,,20.02136050090467,50.016496894017656
,substation,,19.92919926282755,50.067358176451044
,substation,,19.928668020318874,50.06787595570257
,substation,,19.92788845,50.0664313
,substation,,19.934712299999997,50.065337400000004
,substation,,19.932371416253915,50.070858600407725
,substation,,19.93009126300004,50.07096893924662
,substation,,19.9242289047843,50.05363175296031
,substation,,19.920977732912288,50.0565228978744
,substation,,19.927625563045872,50.07008616370852
,substation,,19.934958169766425,50.0725287379881
,substation,,19.941097383673053,50.070741012778385
,substation,,19.92682624874612,50.0574722846003
,substation,,19.930586449810733,50.05797079985852
Tenczyńska,substation,,19.932298310305676,50.05775574671107
,substation,,19.90468027979408,50.087378804089795
,substation,,19.905143528841446,50.078912704764626
,substation,,19.903835049266117,50.07685076645395
Stacja elektroenergetyczna GPZ AGH 110/15kV,substation,,19.909274372544058,50.068346865357036
,substation,,20.007126690397637,50.01374598071545
,substation,,19.93004006041495,50.06670422820664
,substation,,19.93267875,50.067054850000005
,substation,,19.940276680530577,50.05272404432805
,substation,,19.954520149999997,50.05593555
,substation,,19.95171914152189,50.07069503114841
,substation,,19.923846424237585,50.06932029341342
,substation,,19.9652173,50.0490124
,substation,,19.96100617002358,50.050279395507665
,substation,,19.960016899999996,50.0500939
,substation,,19.913643035745324,50.07621151774283
,substation,,19.916594537910026,50.075866978703836
,substation,,19.922108949999995,50.06705214999999
,substation,,19.94210186975715,50.06274777016731
,substation,,20.061147757160583,50.0975081391073
,substation,,19.916812578417556,50.06736974022849
,substation,,19.93499150451009,50.06212424249172
,substation,,19.903300475060867,50.00419039715591
,substation,,19.977039263790942,50.09007936794767
,substation,,19.97515007693222,50.08991979621795
,substation,,19.97227726879583,50.0930676962503
,substation,,20.017279987661713,50.090356478100574
,substation,,19.9245767,50.075956049999995
,substation,,19.928070289473304,50.07584018047998
,substation,,19.925005837772392,50.07847637885511
,substation,,19.918532948031434,50.08011892686232
,substation,,19.91735135,50.080981
Kraków ul. Batalionów Chłopskich 21,substation,,19.86868479060423,50.015098272340424
,substation,,19.946632949999998,50.00891744999999
,substation,,19.947900550000004,50.0073473
"Podstacja Trakcyjna ""Witosa""",substation,,19.966636957814423,50.01375470144793
,substation,,19.963778432069553,50.010756039106425
,substation,,19.961985525132913,50.010214728899435
,substation,,19.960415589134364,50.010380860915234
,substation,,19.95972875033853,50.00904672504559
,substation,,19.95869712385209,50.00840889479412
,substation,,19.954701913109762,50.00868777370524
,substation,,19.953115887256864,50.006219826695634
,substation,,19.970261217427936,50.011904784636975
Kraków ul. Bochenka 20,substation,,19.97799591677966,50.01267538407045
,substation,,19.977039208968087,50.01210096373166
,substation,,20.01646595,50.005764200000016
,substation,,20.011140021315693,50.00560325363016
Kraków ul. Rżącka Buma,substation,,19.988003136351413,50.00516794543422
Bochenka,substation,,19.97771088364665,50.01308942081806
,substation,,19.985252875680914,50.01418885532091
,substation,,19.98552863870626,50.017721633559916
,substation,,19.983999447323026,50.01627267426178
Kraków ul. Dauna 51 Osiedle,substation,,19.97402778152254,50.025026646533625
,substation,,19.976853843149076,50.02405795304311
,substation,,19.874231535648573,50.01765939264028
,substation,,19.9667466173922,50.03435105215556
,substation,,20.0083552,50.02977954999999
,substation,,20.008698616479236,50.031968129563346
Kraków ul. Bagrowa 11A,substation,,20.00249541259233,50.0308943228817
,substation,,20.007274603462776,50.03727709317895
,substation,,20.006578299545748,50.035658152380734
,substation,,20.00658538877855,50.035696326915506
Kraków ul.Węglarska,substation,,19.99682722464384,50.03942855775299
Kraków ul. Łanowa 27,substation,,19.98994506019055,50.0379084144265
,substation,,20.018616232599392,50.00895665183778
,substation,,20.019025749999997,50.00959364999999
,substation,,20.021665728893844,50.009288469241945
,substation,,19.95836815,50.022321
,substation,,19.95580753841721,50.02292107495527
Kraków ul. Pszenna 7,substation,,19.955677362090825,50.02211116932361
,substation,,19.957449037163627,50.02135213109277
,substation,,19.935217610605864,50.0239909905425
,substation,,19.961305805443185,50.022235316895085
,substation,,20.01495821248672,50.00869931553985
,substation,,20.02779326205182,50.01066346907441
,substation,,20.037122168020336,50.011571067506246
,substation,,20.00760021343149,50.011417624466844
,substation,,20.042047396325028,50.013919053391135
Kraków ul. Baczyńskiego,substation,,19.86971438795706,50.00274440707108
,substation,,19.97777104914112,50.03964508100426
,substation,,19.976174712479,50.03941567682911
,substation,,19.90438963266284,50.06259400468416
,substation,,20.002855450000002,50.07918130000001
,substation,,20.00265305059519,50.0864272030698
,substation,,20.003226447712425,50.0822242701275
,substation,,20.01987815803396,50.08292910834574
,substation,,20.017416134570958,50.08079745169116
,substation,,20.012114767044228,50.07731357102221
,substation,,20.01083022728446,50.076568724442595
,substation,,20.002258700000002,50.081117000000006
,substation,,20.0010035685029,50.08139954880327
,substation,,20.00420380375665,50.08689452765861
,substation,,20.022393222151422,50.0857398820145
,substation,,20.01780748961582,50.08697602949719
,substation,,20.015617300000002,50.08723165000001
,substation,,20.043364500973368,50.084641706965954
,substation,,20.045230712199952,50.096577044084206
,substation,,20.048541186092105,50.098291125436475
,substation,,20.053566649999997,50.09693729999999
,substation,,20.055110325815992,50.093032567343904
,substation,,20.059687600000004,50.09282395
Kraków ul. Botewa Plac Targowy,substation,,20.03312668735914,50.03830342303647
,substation,,20.002228214585504,50.04017379330009
,substation,,19.970349708889568,50.04552383350134
,substation,,20.001176999999995,50.1057845
,substation,,19.908877791010667,50.104738905091686
,substation,,19.901147460734073,50.09592381827608
,substation,,19.89797460177792,50.09561081671425
,substation,,19.873475785911484,50.101124536111
,substation,,19.84394493675669,50.091186789409726
,substation,,19.879238756234432,50.08537072280827
,substation,,19.88008607548059,50.08659458130024
,substation,,19.89357198919016,50.086838980559634
,substation,,19.894145029996345,50.08554760745364
,substation,,19.894378857133717,50.08404337211423
,substation,,19.895218250000003,50.08534695
,substation,,19.894761317922267,50.09004500176389
,substation,,19.874861348664464,50.09023998348457
,substation,,19.873950291681844,50.0479365894535
,substation,,19.83264735127418,50.04092336519185
,substation,,19.81776392000494,50.04285580203628
,substation,,19.871783254530605,49.98831734014396
,substation,,19.91243693221258,49.99155314376476
,substation,,19.92588451331281,50.002909074055275
,substation,,19.932122501281004,50.003282053384076
,substation,,19.97582866095214,50.018423776201075
,substation,,20.026991438634106,50.067078970037585
,substation,,20.024949916020905,50.063691911706705
,substation,,20.031169044747084,50.05864179123588
,substation,,20.017825328101313,50.072644452623656
,substation,,20.018400667499172,50.097583339993335
,substation,,20.0193692668925,50.096915801196914
,substation,,20.042282861123894,49.9923092796635
,substation,,19.90517501006381,50.01857015272595
Kraków ul. Salezjańska,substation,,19.91018793312627,50.0414060517629
,substation,,19.91358218332773,50.044618799616586
,substation,,19.985411664906568,50.092428977915425
,substation,,19.98155243687237,50.09149890539676
,substation,,19.956763600000002,49.99554419999998
,substation,,19.91369943442935,49.995660591620755
,substation,,19.921170898059593,49.99547272075072
,substation,,19.922660716757072,49.9965951827498
Kraków ul. Ceglarska Jacka 1,substation,,19.922889926937934,50.03681763305093
Kraków ul. Miłkowskiego 12,substation,,19.91852067296254,50.02761888975156
"Kraków, ul. Miłkowskiego",substation,,19.9193714,50.027680849999996
,substation,,19.961600480386725,50.046984728134575
,substation,,19.96169727593696,50.04697914297429
,substation,,19.959609073882657,50.022547693234635
,substation,,19.959353250000003,50.02325805
,substation,,19.963864050723693,50.05182066155918
,substation,,19.96327453313225,50.04618693291198
,substation,,19.96646409220136,50.04896712643314
,substation,,19.96371448341629,50.04781333305907
Kraków ul. Rybitwy 15,substation,,20.0249604,50.03966454999999
,substation,,20.017595449999998,50.0365124
,substation,,20.00935425878198,50.03739616918961
,substation,,20.058384474673282,50.0359341860254
,substation,,19.980284875971204,50.03363274631195
,substation,,20.012060449999996,50.035496349999995
,substation,,20.0161062,50.035755449999996
,substation,,20.012163349999998,50.0325053
,substation,,20.01365980424843,50.03145791036547
,substation,,20.0157860364152,50.028161976949455
,substation,,20.01623976086018,50.030560325273406
,substation,,20.030445470609024,50.03815542690988
,substation,,20.016973399243017,50.03435832714285
,substation,,20.023237772867166,50.03587290881854
,substation,,20.040815600000002,50.03473160000001
,substation,,20.04958520591462,50.038023879012535
,substation,,20.045466208212655,50.034907996646126
,substation,,20.045055842257106,50.035289248451114
,substation,,19.95787919354884,50.04991921723006
,substation,,19.95910183206448,50.04812265839279
,substation,,19.892017021432704,50.01298583769367
,substation,,19.97625145,50.01074985000001
,substation,,19.976199299999998,50.01079035
,substation,,19.963347660706685,50.082245978799484
,substation,,19.96545556787419,50.0798474972076
,substation,,19.968197091162107,50.08383602536286
,substation,,19.956933081671533,50.08201094562039
,substation,,19.959497779737035,50.08305142952898
,substation,,19.96427228828985,50.08301269108062
,substation,,19.961517287966622,50.08129476960914
,substation,,19.960638142843134,50.084591682057784
,substation,,19.95754598766714,50.0837954716956
,substation,,19.95587159040571,50.08342478067024
,substation,,19.954736033232752,50.08458535081094
,substation,,19.95395788327235,50.08330580097872
,substation,,19.953689533743997,50.08181690252998
,substation,,19.953156499999995,50.084686399999995
,substation,,19.952163946590826,50.08477578200077
,substation,,19.95024232486857,50.082603755934095
,substation,,19.945870911534108,50.085960165903494
,substation,,19.94613120180232,50.08977022108902
,substation,,19.949605069452407,50.091072947848915
,substation,,19.952152682088514,50.09111182025599
,substation,,19.953157413475925,50.093381755168764
,substation,,19.953548815184824,50.09274680301638
,substation,,19.951999861924314,50.091995212122136
,substation,,19.95468027517466,50.095195473593485
,substation,,19.95642778213288,50.09221301404199
,substation,,19.997510264068577,50.07367815886991
,substation,,20.004795010730284,50.062257503601785
,substation,,19.895246840444585,50.080875779466396
,substation,,19.9287626,50.09313579999999
,substation,,19.926613871345726,50.09259290459725
,substation,,19.925151508929673,50.093268826041935
,substation,,19.92844341927632,50.09387481914418
,substation,,19.92705410895781,50.093228349239105
,substation,,19.91346523696188,50.095432198509684
,substation,,19.91940099939287,50.09291656360736
,substation,,19.92376905929244,50.09257577541851
Kraków ul. Storczykowa 4,substation,,19.947288707208937,50.0118342455012
,substation,,19.94868859934793,50.01136256665156
,substation,,19.948384790728497,50.011390618425466
,substation,,19.952846539539053,50.01252616295706
,substation,,19.950691050649052,50.00727874989909
,substation,,19.945863637483296,50.00947804367681
,substation,,19.947820125847553,50.009102102962565
,substation,,19.947420550221686,50.00833332669309
,substation,,19.949127192122127,50.009115426991805
,substation,,19.95059762354571,50.00888229482266
,substation,,19.950589787300018,50.009752026887135
,substation,,19.9532333,50.009008099999996
,substation,,19.960575020033076,50.007632441026864
,substation,,19.961127220973967,50.00537037503124
,substation,,19.962010109740277,50.00630776291889
,substation,,19.964808951537858,50.006721747847784
,substation,,20.040727696398008,50.008947235036835
,substation,,20.033583566619917,50.019042822760504
,substation,,20.0125609725888,50.022713542617815
,substation,,20.01870468925311,50.02218122932365
,substation,,20.02273182306375,50.019131992295215
,substation,,20.01881322457743,50.01034034467612
,substation,,19.992760526670324,50.02534390171269
,substation,,19.987162446739696,50.023958266927494
,substation,,19.988893479830924,50.02514194559719
Kraków ul. Chłopska,substation,,19.984056742040668,50.0251638683801
,substation,,19.986139376862106,50.022666908789404
Kraków ul. Marzanny,substation,,20.0003600265855,50.02351845491872
,substation,,19.978165960897087,50.0165685295705
,substation,,19.982012816741953,50.02109249925614
,substation,,19.978573616677522,50.01737684928931
,substation,,19.97980080314807,50.017093516882156
,substation,,19.979421114913492,50.02003368271686
,substation,,19.979570199315884,50.02166723332223
,substation,,19.97910716666667,50.022668333606845
,substation,,19.8461061,50.06834729999999
,substation,,19.8440924,50.0688917
,substation,,19.84654535,50.069173649999996
,substation,,19.834089168529125,50.06378426472096
,substation,,19.842431027154266,50.06856829485769
,substation,,19.8509267,50.07113735
,substation,,19.852329799422357,50.07029984931255
,substation,,19.8517794,50.0676154
,substation,,19.847493285394282,50.06777168278287
,substation,,19.870435998127203,50.06625909483157
,substation,,19.87102303259153,50.0642572242482
,substation,,19.87382030331762,50.06946137949655
,substation,,19.86876807153189,50.06977533754612
,substation,,19.88818825,50.0624477
,substation,,19.889735582457906,50.06474781658521
,substation,,19.884000149999995,50.0656023
,substation,,19.908170518490678,50.05334951792681
,substation,,19.9110844697336,50.0545909265506
,substation,,19.89832924688365,50.059684383386156
,substation,,19.902454155690094,50.048416747720964
,substation,,19.908714164826783,50.05206384890386
,substation,,19.89577313845096,50.076015687383915
,substation,,20.045613586898966,50.05848007523546
,substation,,20.044257964517644,50.05564031804933
,substation,,20.045843194928935,50.05449238603044
,substation,,20.037995693582406,50.05883621494829
,substation,,20.036227470983263,50.056213295399
,substation,,20.09302829071411,50.096684501533126
,substation,,20.08844523340943,50.098104368468164
,substation,,20.057926999999996,50.0955053
,substation,,20.040593438676368,50.095014978623034
,substation,,20.044649369023777,50.09408995693632
,substation,,20.07339313311147,50.092020198446974
,substation,,20.056111599999994,50.081969400000006
,substation,,19.96440077598683,50.1003689597196
,substation,,19.964437436627815,50.10091171661547
,substation,,19.96464518991652,50.10000769997905
,substation,,19.964975824177237,50.09833759710211
,substation,,19.95230215,50.0956232
,substation,,19.94529405976736,50.09535461971964
,substation,,20.001561661215817,50.09493210148293
,substation,,20.00541075,50.0972575
,substation,,20.0150233,50.0934954
,substation,,20.0247154291724,50.09363024109902
,substation,,19.946678526898083,50.101729613712045
,substation,,19.95498770399917,50.09890117994216
,substation,,19.93053057886258,50.09447459541551
,substation,,19.924539026260415,50.08946019486518
,substation,,19.922987494239596,50.089437946974634
,substation,,19.96948551964773,50.013714374788684
,substation,,19.97012221613372,50.01371551724349
,substation,,19.970711891095043,50.01485025113575
,substation,,19.96359083839464,50.00794577911305
,substation,,20.027696149999997,50.08652394999999
,substation,,20.03086883772499,50.08583162811285
,substation,,20.029233680701495,50.086353972302206
,substation,,20.0304753,50.0870367
,substation,,19.891439236338584,50.09792645825401
,substation,,19.905709905187575,50.09564529903311
Stacja elektroenergetyczna GPZ Salwator 110/15kV,substation,,19.91167174556775,50.05616541706658
,substation,,19.904319586446796,50.090871003286985
,substation,,19.90243345753071,50.08961225081352
,substation,,19.90306490076664,50.091917202760904
,substation,,19.90680559420456,50.09053040147758
,substation,,19.896735386707665,50.09577753865506
,substation,,19.90528869494913,50.093046049961416
,substation,,19.927430688030952,50.10198800420503
,substation,,19.93735099685275,50.09591715314321
,substation,,19.939240116849533,50.09780201771085
,substation,,19.913310120253733,50.09723909686948
,substation,,19.917510227674864,50.0971010072433
,substation,,19.916354237984706,50.09604245935245
,substation,,19.901098744204393,50.093647790949326
,substation,,19.890231890710048,50.09553625224064
,substation,,19.878786192622663,50.094310484719436
,substation,,19.87885007396077,50.09798800234477
,substation,,19.956796463949406,50.10691256855717
,substation,,19.927143450000006,50.11702590000001
,substation,,19.88057185,50.08271185
,substation,,19.882586260760565,50.084555029082225
,substation,,19.914189389581484,50.10576222097599
,substation,,19.914785465648006,50.10339837093964
,substation,,19.888784038683138,50.07881487954521
,substation,,19.893806317845122,50.089707947338155
,substation,,19.91467308792625,50.06095017843196
,substation,,19.889175487567286,50.098574686302314
,substation,,20.071050739897043,50.01777867176565
,substation,,19.957688850000004,50.00707844999999
,substation,,20.00390165,50.014295000000004
"Podstacja trakcyjna ""Kraków Płaszów""",substation,,19.98865533874645,50.02753896138964
,substation,,19.990904767223505,50.076698535500675
,substation,,20.08794485705443,50.02524883310716
,substation,,19.984706183087173,50.079011758297135
"Kraków, ul. Bunscha",substation,,19.88516797428246,50.015406078250955
,substation,,20.012006299999996,50.0201263
,substation,,20.0246769250622,50.004397182080226
,substation,,19.963432024751942,50.10662509366237
,substation,,20.0057291302044,50.08390835523088
,substation,,19.985603268859357,50.03957634887527
,substation,,20.039597799191736,49.99147501623552
,substation,,20.049160250000003,49.9904112
,substation,,20.03709782780082,49.986711940875814
,substation,,19.8788213,50.07817214999999
,substation,,20.0324291,49.99049744999999
,substation,,19.893413388676034,50.01521142394637
Kraków ul.Pychowicka 18,substation,,19.914393500630254,50.032036075976244
,substation,,19.916528816985597,50.03171343244617
,substation,,19.921865174084978,50.03035650535766
,substation,,19.897843667390735,50.03423045198418
Kraków ul. Ćwikłowa Tyniecka,substation,,19.88971394627447,50.03395024121438
,substation,,19.914194000000002,50.00398
,substation,,19.911993327329206,50.00023205488083
,substation,,19.90611923019985,50.00356310410096
,substation,,19.9535279,50.07146795
,substation,,19.963666694003603,50.071897182329664
,substation,,19.967025123006252,50.06606504918452
,substation,,19.968799864518992,50.06572306180908
,substation,,20.03649883932065,50.08012819952606
,substation,,20.037390528724558,50.082323207283295
,substation,,19.916624398444156,50.084155042371535
,substation,,19.913364985762772,50.08785558988089
,substation,,19.916133660567198,50.08635453176108
,substation,,19.915496628726874,50.08553535406289
,substation,,19.913849587412603,50.083301428115604
,substation,,19.916855611373073,50.088694389132314
,substation,,19.911926200000003,50.0882603
,substation,,19.909242799999998,50.08558454999999
,substation,,19.91114351480631,50.0826372222622
,substation,,19.923564,50.0874706
,substation,,19.926413623390857,50.086601369475964
,substation,,19.924276497357884,50.08656177704568
,substation,,19.925380362628168,50.08762217532403
,substation,,19.931503568144706,50.08516561504022
,substation,,19.92925446840256,50.088823690390576
,substation,,19.929006435818465,50.090770205527626
,substation,,19.924609411355966,50.09073255171662
,substation,,19.926347795541595,50.086320771813284
,substation,,19.89912283981045,50.088300167501295
,substation,,19.896709399147124,50.084251831724885
,substation,,19.93111453352771,50.093200283255264
,substation,,19.924925037209835,50.09381007206728
,substation,,19.933731446542453,50.0883795360175
,substation,,19.9340047,50.085305049999995
,substation,,19.93697665455808,50.08703061075363
,substation,,19.98967202413115,50.01635546232634
,substation,,20.022181412494277,50.0749701483237
,substation,,19.905753059472048,50.07106322502129
Kraków ul.Czarnogórska 2,substation,,19.96842845,50.02214295
,substation,,19.955487737649257,50.02038617479143
,substation,,19.863558396852127,50.07146498017478
,substation,,19.863194508194447,50.068838019135974
,substation,,19.957034380522554,50.01355610060147
,substation,,19.95496882246125,50.01377361625524
,substation,,19.953059850000002,50.0145453
,substation,,19.95571995,50.0147949
Kraków ul. Gromady Grudziąż 15,substation,,19.96283648862296,50.01473337661638
Kraków ul. Myśliwska Hurtownia,substation,,19.999069872159748,50.04405772662834
Kraków ul. Klimeckiego 10,substation,,19.9712277,50.0474024
,substation,,19.95737393105366,50.04741502579038
,substation,,19.957054212718592,50.047217726359605
,substation,,19.943800319360147,50.083604070299806
,substation,,19.9451661,50.08339380000001
,substation,,20.018802049999998,50.07437689999999
,substation,,20.061596500000004,50.0533121
,substation,,19.980483197088645,50.09446213293116
,substation,,20.043179329794018,50.069212707471905
,substation,,20.047590850000002,50.06757785
,substation,,19.933822496870523,50.09745182802098
,substation,,20.05073995,50.06691645000001
,substation,,20.000774036291865,50.09335697458392
,substation,,19.96860212815413,50.102147375463176
,substation,,19.96713382570976,50.103185108164894
,substation,,20.01850383112254,50.087487112324
,substation,,19.97727755,50.089292549999996
,substation,,20.060349549999998,50.06720875
,substation,,20.04967505,50.071605
,substation,,19.963136524718028,50.0913372057198
,substation,,19.965845056359687,50.09370528245095
,substation,,20.050439137721288,50.07288022875443
,substation,,19.8990055,50.04796435
,substation,,19.968594,50.0936607
,substation,,20.01104054602067,50.06668366858288
,substation,,20.024578926836067,50.09087429653966
"Podstacja Trakcyjna ""Bieńczyce""",substation,,20.021735728043794,50.081818195086534
,substation,,19.982347136344888,50.06681715244482
,substation,,20.0093923,50.066607600000005
,substation,,19.922602988536102,50.057597993559604
,substation,,19.939411532065275,50.08519530873523
,substation,,20.047129629267648,50.021211612910335
,substation,,19.98653755316224,50.04838688236076
,substation,,19.92851812750142,50.10304368420116
,substation,,19.92538027573019,50.08007152362983
,substation,,20.026236949999994,50.08633540000001
,substation,,20.0210486,50.08721829999999
,substation,,20.024704699999997,50.08844995
,substation,,20.026170466831257,50.08774664887792
,substation,,20.023921450000003,50.08471170000001
"Podstacja trakcyjna ""Kraków Batowice""",substation,,19.98894784596894,50.10546732263997
,substation,,20.027810050000003,50.08406785000001
,substation,,19.97113,50.0173679
,substation,,19.965978505565833,50.01527301753032
,substation,,20.048886028146644,49.98723542538546
,substation,,19.888979,50.073802000000015
Tartowska 12,substation,,19.93112845849975,50.057314572609926
,substation,,20.001527388237395,50.07078077394827
,substation,,19.988154554930833,50.048665069493
,substation,,19.89929731822855,50.000441709253714
"Podstacja Trakcyjna ""Łagiewnicka""",substation,,19.941803919702494,50.014238877612925
,substation,,20.04299755348306,50.0181229374732
,substation,,19.8946712,50.02265230000001
"Podstacja trakcyjna ""Kraków Główny""",substation,,19.944641204343128,50.07558751626017
,substation,,19.9040444171181,50.06556530597382
,substation,,19.924139750000002,50.09552304999999
"Podstacja Trakcyjna ""Szopkarzy""",substation,,19.930766679661208,50.093070883407485
,substation,,19.958749125366413,50.09793999677289
,substation,,19.98750432085459,50.02645866629149
"Podstacja Trakcyjna ""Krowodrza Górka""",substation,,19.931797977237895,50.0890731831425
,substation,,19.9001205,50.04802155
,substation,,20.04172246820606,50.034861747779615
,substation,,20.0018116,50.0366357
,substation,,20.002911784678243,50.03661666739755
,substation,,19.96664354972308,50.01374108306561
,substation,,20.00062840603966,50.04322539880044
,substation,,19.968162132181167,50.06960410922945
"Podstacja Trakcyjna ""Bociana""",substation,,19.956205125163606,50.095763442218015
,substation,,19.95844699560013,50.06623306411847
,substation,,19.9491965,50.06887580000001
,substation,,19.949233550000002,50.0688758
,substation,,19.912604150000004,50.071615800000004
,substation,,19.968903692345666,50.06480492385653
,substation,,19.937244436674288,50.038954990251
,substation,,20.015943175227704,50.01286495708663
Kraków ul.Szwajcera 21,substation,,20.006502649999998,50.00508845
,substation,,19.948042299999997,50.00633754999999
,substation,,19.951555499999998,50.014536449999994
,substation,,19.903782800000002,50.0211489
,substation,,19.908075949999997,50.024789500000004
,substation,,19.89153385,50.01648279999999
,substation,,19.911187318060453,50.02955843506295
Kraków ul. Miłkowskiego,substation,,19.917869766851666,50.02838995027935
,substation,,19.93270629522015,50.026030329366776
,substation,,19.972786799999998,50.08240140000001
,substation,,19.982484650000007,50.08476840000001
,substation,,19.993554999999997,50.094327199999995
,substation,,19.987380219317252,50.09474301427443
,substation,,19.951004985492325,50.093585216386415
,substation,,19.95222685,50.09521365
,substation,,19.94416828703495,50.09644672774549
,substation,,19.928606287195592,50.089981731085075
,substation,,19.919127479183064,50.079751404433395
,substation,,19.9120412,50.07332155000001
,substation,,19.9849302,50.07233030000001
,substation,,20.001736883772214,50.072906748971846
,substation,,20.014654919191383,50.07978289836139
,substation,,20.013786795936383,50.07913948082378
,substation,,20.01859045,50.08187404999999
,substation,,20.020561450000002,50.08087460000001
,substation,,20.0257641,50.082366699999994
,substation,,20.02282315,50.08943325
,substation,,20.012101387204808,50.087727830817435
,substation,,20.010077710988007,50.08806968036218
,substation,,20.015504848791547,50.0917966666978
,substation,,20.010342586913858,50.093387321050024
,substation,,20.025966639993264,50.092025070473035
,substation,,20.021336350000002,50.05455299999999
,substation,,20.03963725,49.991513600000005
,substation,,19.978841384574242,50.06955619754445
,substation,,19.976005583792617,50.069753598855335
,substation,,19.97783175,50.058074250000004
,substation,,19.833642041292237,50.04274538494727
Kraków ul. Torfowa,substation,,19.90938895,50.018102799999994
,substation,,19.904210604285606,50.00121343460399
,substation,,19.90070387768594,49.998156124929366
,substation,,19.90143955,50.0011731
,substation,,19.94234932312656,50.023990257642375
,substation,,19.955581821868083,50.00673049559816
,substation,,19.96019764147474,50.011587324877006
,substation,,19.96568116141729,50.01752807633564
,substation,,19.965642562972665,50.0188360761976
,substation,,19.972700449999998,50.02053445000001
,substation,,19.973182399999995,50.0168586
,substation,,19.9707542,50.018533
,substation,,19.98001945,50.018763050000004
,substation,,19.9693239,50.03629130000001
,substation,,19.972088950000003,50.03379050000001
,substation,,19.953507100000003,50.02628375
Kraków Bonarka Łagiewnicka,substation,,19.94314205,50.03417029999999
,substation,,19.914211,50.04742410000001
Kraków ul. Lipińskiego 22,substation,,19.921246162579163,50.027723519398926
,substation,,19.91047235,50.02048555000001
,substation,,19.88929857806817,50.01496287474682
,substation,,19.88808605,50.01568105
Kraków ul. Mochnaniec dz. nr 478,substation,,19.879217975612736,50.016122296382925
,substation,,19.88249805,50.00724024999999
,substation,,19.88248815,50.00720490000001
,substation,,19.903041200000004,50.02077225000001
,substation,,19.90054236721398,50.0213982491059
,substation,,20.047214351594334,50.02281945885962
,substation,,20.04988515169973,50.023405974194674
,substation,,20.046916500000002,50.0259775
,substation,,20.050375149999997,50.02661805
,substation,,19.97236460896856,50.04642843404325
,substation,,19.967284895425607,50.05043427408658
,substation,,19.95824595301158,50.04431793180488
,substation,,19.830858432094452,50.02264088413208
,substation,,19.91960275,50.0693085
,substation,,19.913444462141953,50.06937107284944
,substation,,19.952330255003243,50.09392786601441
,substation,,19.95689516446845,50.09437072105128
,substation,,19.952225826249432,50.099300767829206
,substation,,19.966998349999994,50.09876134999999
,substation,,19.98432496320676,50.0906999786838
,substation,,19.98944137417409,50.09577505889691
,substation,,20.0168191,50.102826900000004
,substation,,20.03918621685221,50.08419855202637
,substation,,20.04862455773311,50.07875102261307
,substation,,20.014313218990317,50.06347286377145
,substation,,20.00758401734355,50.06379327611931
,substation,,20.004395281783154,50.079627201102554
,substation,,20.004780368364475,50.09254514697277
,substation,,20.003532899999996,50.092912000000005
,substation,,20.000113849999998,50.090358099999996
,substation,,20.0000667,50.08952339999999
,substation,,19.982872450000002,50.07752030000001
,substation,,19.97184580691697,50.07961266659726
,substation,,19.961253361782923,50.06831657094519
,substation,,19.973442650000003,50.07886270000001
,substation,,19.946170021642153,50.086405197616365
,substation,,19.9276595750483,50.08520475548568
,substation,,20.040529099999997,50.0545747
,substation,,20.05251915,50.0637116
,substation,,20.027386603788486,50.059707617531345
Kraków ul. Christo Botewa 16,substation,,20.036301994172977,50.03835617638968
,substation,,19.875512299999997,50.06872125
Kraków ul. Drukarska 11,substation,,19.90296247069411,50.02339355242422
Kraków ul. Klimeckiego,substation,,19.971754409428918,50.047241985582346
Kraków ul. Bobrzyńskiego 43B,substation,,19.89123894559021,50.01579118080136
,substation,,19.9231171,50.0234131
Kraków ul. Ceglarska Jacka,substation,,19.924139099999998,50.037356200000005
,substation,,19.94581290245538,50.027529281595385
,substation,,19.989707174113725,50.06538520929664
,substation,,19.933835706240288,50.06395492359895
,substation,,19.91843313861931,49.99909427650493
Kraków ul. Skotnicka Prywatny Szpital Spec,substation,,19.86741865,50.001839249999996
ul. Zakopiańska Agata 6,substation,,19.93009358145334,50.01122277577441
"Kraków ul. J. Marcika ""Merkury Market""",substation,,19.933342999999997,50.011220849999994
Kraków ul. Tyniecka,substation,,19.8400542298641,50.025953842986766
Kraków ul. Zakopiańska 63,substation,,19.9325331,50.022520750000005
,substation,,19.982236282001583,50.072677294194015
,substation,,19.98633421605331,50.07043025075831
"Kraków, ul. Niewodniczańskiego",substation,,19.940642624808216,49.98237545425818
Kraków ul. Rydlówka ZK-SN,substation,,19.935994176557745,50.03512845470099
,substation,,19.93594885,50.0351326
Kraków Surzyckiego 35B,substation,,20.014627177445746,50.038441308456
ZK-SN Rybitwy,substation,,20.024473273290994,50.03801445444383
ZK-SN,substation,,20.024495950000002,50.03753180000001
Consorfrut,substation,,20.027950500000003,50.0377949
Kraków ul. Malborska - Zabawa,substation,,19.961274817491926,50.02174278061293
,substation,,19.91790307185418,50.0527119450287
Kraków ul. Kościuszki 86 - Nad Rudawą,substation,,19.916079901018207,50.05249460780365
,substation,,20.009381630556785,50.08109655224035
,substation,,19.861522606143204,49.99946869780709
Czyżyny - Dworzec PKS,substation,,20.015831790013852,50.075285397585766
Kraków ul. Medweckiego Komplet,substation,,20.01715542750757,50.07489466136023
"Kraków ul. Medweckiego 13 ""McDonalds""",substation,,20.016331299999997,50.0751859
,substation,,19.91027831911508,49.981183148391246
,substation,,20.063753276674227,50.004327542032435
,substation,,19.958766331005318,50.0998427167296
,substation,,19.874093300000002,50.09534765
,substation,,19.952767729352967,50.10117655983682
,substation,,20.04918528086336,50.021415335762214
Kraków ul. Jerozolimska,substation,,19.966508050000005,50.03519765
Kraków ul.Bobrzyńskiego,substation,,19.900925150000003,50.022180350000006
Kraków ul. Saska ZK-SN,substation,,19.98242780719754,50.038918476094445
"Kraków ul. Saska ""RIVABELLA PL BUD""",substation,,19.982376386022743,50.038933968906726
Kraków ul. Saska,substation,,19.9831872,50.038711250000006
Kraków ul.Rydygiera 23,substation,,20.00674713142802,50.005735024643926
Kraków ul.Rydygiera 33,substation,,20.0049855,50.0056544
,substation,,19.96536407395644,50.05475625211103
,substation,,20.050530199999997,50.025661299999996
,substation,,19.933580530586447,50.046501521172395
,substation,,19.93354315,50.046495500000006
,substation,,20.036847331402367,50.08972930173786
,substation,,20.0361768,50.08997645
,substation,,19.964590849925468,50.000136699372014
Kraków ul.Przewóz 38 Realbud,substation,,19.998370050000002,50.04251475000001
,substation,,19.86705275,50.0115318
,substation,,19.99985526811808,50.01021839832684
,substation,,19.99988921614643,50.01020508331649
,substation,,19.99992776658463,50.01019271720397
,substation,,19.999963136644197,50.01018333186465
,substation,,20.0445845,50.0328391
,substation,,20.043512849999995,50.031270899999996
,substation,,20.03965842713242,50.02966620385834
,substation,,20.052630726839997,50.03278802583211
,substation,,20.049281855255465,50.031225673772184
,substation,,20.049892919153333,50.03000217437202
,substation,,19.872366911098062,49.991135438756004
,substation,,19.93008177274132,49.99191425875832
,substation,,19.93249682889974,49.99420899840299
,substation,,19.937121558869617,49.998428849372345
ST PTO 11,substation,,19.947809200000005,50.06372449999999
,substation,,19.930520512201195,50.065316644363406
,substation,,19.963069049999998,50.057012549999996
,substation,,19.97017565594847,50.06374797622983
,substation,,19.9705499,50.06589395
,substation,,19.9841191,50.08469345000001
Murowana,substation,,19.944352849999998,50.0768534
,substation,,19.967966235889268,50.076673366362286
Start City,substation,,20.001771765502134,50.01570584793227
,substation,,19.90282241796338,50.056671993422455
,substation,,19.965079783358068,50.097087966689344
,substation,,19.9635142,50.10095785
,substation,,19.961709826077314,50.09821620540685
,substation,,19.99367047020466,50.07978706273557
,substation,,19.99422312352534,50.07827590988839
,substation,,19.99393444250141,50.077803173381376
,substation,,19.93585058743208,50.05185107109147
,substation,,19.947579349999998,50.09338855
,substation,,19.943899859053783,50.09189627321494
,substation,,20.051709383342477,50.0817125999418
,substation,,20.0550744633818,50.07278752133729
,substation,,19.95812712584229,50.09904555898566
,substation,,19.955761799999998,50.098009399999995
,substation,,19.953937292792872,50.09892802634683
,substation,,19.889210680763515,50.022385041972626
,substation,,19.909554749999998,49.99761350000001
,substation,,19.9514818,50.09505545000001
,substation,,19.85523693332824,50.05592484973885
,substation,,19.977557350000005,50.06921265
,substation,,19.9788461,50.07194985
,substation,,19.9768582,50.0743617
,substation,,19.96262411996645,50.07414000371686
,substation,,19.960013366541574,50.07577755455029
,substation,,20.01010654353305,50.03734348125379
,substation,,20.035811627177015,50.02511590658299
,substation,,19.8276367,50.04494195
,substation,,19.909158416746145,50.01348714787282
,substation,,19.959540274323682,49.98862489688634
,substation,,19.963593449999998,50.04823715
,substation,,19.9669399978916,50.03829838737176
,substation,,19.906735246324526,50.09559854599002
,substation,,19.903674300251918,50.08971855421261
,substation,,19.920917176805354,50.09529852662252
,substation,,19.934137704129462,50.01184337316583
,substation,,19.95822718593654,50.040594472844234
