name,leisure,landuse,natural,longitude,latitude
,,,,22.0875014,50.0240025
,,,,22.0901352,50.0239774
,,,,22.0851545,50.0240284
,,,,22.0726893,50.0383722
,,,,22.0147159,50.0384292
,,,,22.0153225,50.0385537
,,,,22.0151134,50.0390808
,,,,22.01566,50.0390735
,,,,22.0159965,50.0402532
,,,,22.0167975,50.0411256
,,,,22.0177275,50.0419362
,,,,22.0182284,50.0422698
,,,,22.020096,50.0432361
,,,,22.0206028,50.0436544
,,,,22.020773,50.0439341
,,,,22.0208993,50.0445013
,,,,22.0207515,50.0448851
,,,,22.0204501,50.0452997
,,,,22.0196468,50.0457818
,,,,22.0208649,50.0446514
,,,,22.0379375,50.0362831
,,,,22.0155983,50.0397738
,,,,22.0145018,50.0368677
,,,,22.0147664,50.0374604
,,,,22.0150246,50.0379909
,,,,22.015486,50.0388219
,,,,22.0164072,50.0407141
,,,,22.0172542,50.0415491
,,,,22.0190692,50.0427342
,,,,22.0196072,50.0429948
,,,,22.0203502,50.0434439
,,,,22.0206941,50.0438016
,,,,22.020863,50.0442598
,,,,22.0209068,50.0444001
,,,,22.0208077,50.0447107
,,,,22.0206241,50.045128
,,,,22.0199102,50.0456576
,,,,22.0195553,50.0458817
,,,,22.0194484,50.0459444
,,,,22.0192597,50.0460204
,,,,22.0184946,50.0153525
,,,,22.0009805,50.0402554
,,,,21.9993442,50.0403198
,,,,21.9882177,50.0216452
,,,,21.9883227,50.0217869
,,,,21.966329,50.0448905
,,,,22.0170805,50.041832
,,,,22.0019311,50.0337218
,,,,21.9888779,50.0322237
,,,,21.9984527,50.0225855
,,,,21.9984001,50.0228752
,,,,21.9864583,50.0241485
,,,,21.9988254,50.0217965
,,,,22.0747415,50.0391249
,,,,21.9989453,50.036144
,,,,22.0009746,50.0377963
,,,,22.0009028,50.0380367
,,,,21.98845,50.0315173
,,,,22.0354465,50.0368682
,,,,22.0351533,50.0375218
,,,,22.0357135,50.0375526
,,,,22.035946,50.0375745
,,,,21.997657,50.0398339
,,,,21.9953902,50.0362353
,,,,21.9960631,50.0319302
,,,,21.9966006,50.0322205
,,,,21.9961493,50.0324269
,,,,21.9963511,50.0324771
,,,,21.9802827,50.0487234
,,,,21.9533804,50.042744
,,,,21.9663189,50.0430132
,,,,21.9858129,50.0091975
,,,,22.0691897,50.0352009
,,,,22.0284755,49.999219
,,,,22.0287745,49.9990276
,,,,22.0289264,49.9989319
,,,,21.9830176,50.0189304
,,,,21.9831745,50.0188925
,,,,21.9837143,50.0187727
,,,,21.9838639,50.0187378
,,,,21.9845545,50.0185831
,,,,21.9843969,50.0186176
,,,,21.98508,50.0184638
,,,,21.985789,50.0182997
,,,,22.0385767,50.0110733
,,,,21.9876853,50.0310907
,,,,21.9897056,50.0368255
,,,,21.9938059,50.0368805
,,,,21.9939317,50.0366399
,,,,21.9542993,50.0487072
,,,,22.065907,50.037317
,,,,22.066095,50.0372481
,,,,22.065367,50.036807
,,,,22.0004145,50.0398982
,,,,22.0004636,50.0398853
,,,,21.9872107,50.0246924
,,,tree,22.0157333,50.0214191
,,,,21.9997427,50.0449795
Bulwar WSK Rzeszów,park,,,21.9967393949351,50.01865712337801
,,meadow,,22.009723376357584,50.008415468070886
Rezerwat Lisia Góra,nature_reserve,forest,,21.988695595854118,50.00985770662844
Skwer im. Kazimierza Górskiego,park,,,22.00390730825208,50.036514161543316
Park Kultury i Wypoczynku,park,,,21.99992049696028,50.02442057845193
Plac Wolności,park,,,22.008865236201377,50.039428785263695
ogródek jordanowski,park,,,21.986827458205077,50.02446171491781
Park im. Inwalidów Wojennych,park,,,21.987305637384015,50.02200222660271
Ogród Miejski im. Solidarności,park,,,21.993020742353906,50.031308346705025
Park im. Władysława Szafera,park,,,22.040369572681715,50.02555620018513
,,grass,,22.073852726153714,50.03902754547667
,,grass,,22.066040863164062,50.03871134484253
,,,,22.034854196526,50.03196180138136
,,forest,,22.084869378915858,50.01515307610928
,,grass,,21.995190460245553,50.023321733999914
,,grass,,21.99595967018495,50.02345266766731
,,grass,,21.995746168578606,50.02345382784385
,,,,21.998268300260094,50.0402918845612
,,,,21.997569057877836,50.04137640006303
,,grass,,22.022627409129516,50.02444330834039
,,grass,,22.022697995497232,50.02427791092051
,,grass,,22.022474833124573,50.02459672662667
,,grass,,21.979725189488516,50.03100114860524
,,grass,,21.97996658733396,50.03079903330376
,,grass,,21.979984492458374,50.03098234578954
,,grass,,21.98166954795814,50.03327005577686
,,grass,,21.981906623565717,50.033196957341836
,,grass,,21.984107315758735,50.037018770128654
,,grass,,21.983885606931462,50.03708932544774
,pitch,,,21.991585886315843,50.03802152966694
,,,,22.020203456339306,50.01334824325277
,,grass,,22.018891152087264,50.013193018418654
,,grass,,22.01887657161836,50.013378594011876
,,grass,,22.0189065706724,50.01302252280437
,,grass,,22.019171356018376,50.01337761179308
,,grass,,22.019329092409148,50.013326788831016
,,,,22.019614249263082,50.013410077624634
,,grass,,22.019950370768846,50.0127975841511
,,grass,,22.019439609488302,50.01273746727561
,,grass,,22.019629761709123,50.01290075476661
,,grass,,22.01969815195996,50.01273083900308
,,grass,,22.020066901683652,50.01296102806841
,,grass,,22.019837622053878,50.01293316024379
,,grass,,22.019720069795508,50.01325555757407
,,,,22.01904229112168,50.012431295788865
,,,,22.020234197648673,50.01310377349001
,,,,22.02024217358979,50.01304092958108
,,,,22.019885524036084,50.013552832436865
,,grass,,22.019580798068265,50.01238508774302
,,grass,,22.019576588560124,50.01247125448716
,,grass,,22.01970918080728,50.01238766885752
,,grass,,22.01970608595457,50.01247277754311
,,grass,,22.018923855063875,50.01279543615312
,,grass,,22.019091620145232,50.01278993970855
,,grass,,22.01913198485344,50.0130205398681
,,grass,,22.01915393753431,50.01319607959482
,,grass,,22.019209741606268,50.012888264619384
,,,,22.01955705,50.01326265
,,grass,,22.01978740509133,50.01527930638492
,,grass,,22.01942997311235,50.015256108029206
,,,,22.019969103561962,50.01233932606115
,,grass,,22.02034619257479,50.013913115587876
,,grass,,22.020534760652467,50.013930263368785
,,grass,,22.020396737470303,50.01402877078963
,,grass,,22.02047079742531,50.01378860489497
,,grass,,22.02048258352901,50.01415786801675
,,grass,,22.02031645020888,50.014175390581705
,,grass,,22.02056375246656,50.014052693765905
,,grass,,22.020523261793144,50.01430676581777
,,grass,,22.020368722149435,50.014275951510605
,,grass,,22.020453905705065,50.01439471877106
,,grass,,22.020305498056153,50.0144110283132
,,grass,,22.020320550728922,50.01493491332154
,,grass,,22.020396679145115,50.01489480735403
,,grass,,22.020407783442526,50.014761150229525
,,grass,,22.02033866872763,50.014681814150514
,,grass,,22.020333178513525,50.01482913917357
,,grass,,22.020431275399265,50.014600113167134
,,grass,,22.020355750013884,50.01449703162379
,,grass,,22.020282356010178,50.01490102975416
,,grass,,22.020429026524585,50.01495282839568
,,grass,,22.02028730857505,50.01477099543717
,,grass,,22.02029602976632,50.014609977728846
,,grass,,22.020446236067045,50.01484778987286
,,grass,,22.020494044521165,50.014520765670966
,,grass,,22.020465814891235,50.01470321820155
,,grass,,22.020351920712645,50.01523758737861
,,grass,,22.020335082391192,50.015062652686915
,,grass,,21.997976708419603,50.04030669328521
,,grass,,21.998071328846365,50.0404499019824
,,,,21.997668326298662,50.04056437930643
,,,,21.99728831254407,50.040547238149315
,,,,21.99840313855118,50.040507458512835
,,,,21.998371476024065,50.04030034181861
,,,,21.9983569659544,50.04077907619759
,,,,21.998403322318822,50.040973383422696
,,,,21.998555349160306,50.04074175785823
,,,,21.998086989105254,50.041077560388054
,,,,21.997603111320014,50.04130928108787
,,grass,,21.99777144022798,50.04117302055917
,,,,21.99742895,50.0414339
,,grass,,21.996885079160414,50.04083052362554
,,grass,,21.996840709470096,50.04081966177416
,,,,21.99773721600324,50.04049502323213
,,grass,,21.997386149999997,50.041262749999994
,,grass,,22.002267297808107,50.04028454455836
,garden,,,22.001922788037618,50.03983359965332
,,,,22.00154465058344,50.04050610878438
,,,,22.002323103825713,50.03997816815958
,,,,22.00165225,50.0398776
,,,,22.00224062889463,50.03993351637757
,,,,22.001683053728055,50.039808260173764
,,,,22.00216291738355,50.03983993314269
,,,,22.00250470597495,50.03999383519466
,,,,22.00150412922342,50.039832808662496
,,,,22.00247685,50.03999075
,,,,22.001348884793355,50.040592815872586
,,grass,,22.00508420293957,50.04236785116986
,,grass,,22.034252252935307,50.03200325218604
,,grass,,22.03417144847195,50.03194835970873
,,grass,,22.034251149898406,50.03189732011891
,,grass,,22.034329947390606,50.031952515995066
,,grass,,22.03425027864187,50.031950701531784
,,,,22.034264611725884,50.032056021465415
,,,,22.034615920665193,50.03205943627405
,,,,22.034092655833422,50.03194743204314
,,,,22.03476000457678,50.0315957299355
,,,,22.034473485673438,50.031994368441886
,,,,22.034883466705814,50.031728858269865
,,,,22.03460861729879,50.03177745780857
,,,,22.034267243918876,50.03161169784695
,,,,22.034823075183,50.03203680887168
,,,,22.034650685521278,50.031779506592216
,,,,22.033994998391687,50.03194826459846
,,,,22.03490295,50.031932600000005
,,,,22.0349651,50.03180535
,,,,22.034915073263512,50.032018606198065
,,,,22.03492055,50.031627099999994
,,,,22.034849866830733,50.03188759037833
,,grass,,22.03668781496055,50.03155020878728
,,grass,,22.03694166243752,50.030038978689106
,,grass,,22.03731796286489,50.02963109644671
,,grass,,22.03684735317258,50.030944826621
,,grass,,22.03671590815947,50.03142870885044
,,grass,,22.036816877851933,50.03106002839886
,,grass,,22.036748459272907,50.031311303350115
,,grass,,22.03678446326932,50.03118215893986
,,grass,,22.03712540830254,50.0300521493571
,,grass,,22.036748902981333,50.030809200251205
,,grass,,22.03691487629068,50.03082714980228
,,grass,,22.024397497419358,50.01763097886747
,,grass,,22.02454225543349,50.01773431771857
,,grass,,22.01376809936556,50.01997974870337
,,grass,,22.013769597416584,50.01980898304161
,,grass,,22.011459823265323,50.01895111876484
,,grass,,22.013779480472387,50.019529562116844
,pitch,,,21.99128225533876,50.03818192597007
,,grass,,21.984540395704716,50.02405995151154
Ogrody Bernardyńskie,garden,,,22.000258270047205,50.04032072550939
,,grass,,21.998532285395445,50.039962942348204
,,grass,,21.997838997393426,50.03862214011978
,,grass,,21.99708753281,50.03651256819658
,,grass,,22.000480344119815,50.0408583087349
,garden,,,21.99914983075617,50.04110493926438
,,grass,,22.007322547050688,50.04247033273518
,,grass,,22.008021539096248,50.04165073663388
,,grass,,22.0076262608043,50.04190117388054
,,grass,,22.007495316742542,50.04259850367857
,,grass,,22.007510670601665,50.04240640294625
,,grass,,22.010346728738966,50.02876370997294
,,grass,,22.009145447698565,50.02909433595049
,,grass,,22.006973043526173,50.02972356309416
,,grass,,22.01181794075663,50.02850607888396
,,grass,,22.01443663342828,50.02847255734288
,,grass,,22.010829834628243,50.028655540131204
,,grass,,22.01688541251277,50.02967213102662
,,grass,,21.975904866373853,50.0304256251571
,,grass,,21.976044216067706,50.02700616599426
,,grass,,21.976461904194036,50.027524696999535
,,grass,,21.97625430264988,50.0269420662317
,,grass,,21.976520792457734,50.030481295220355
,,grass,,21.976232973292912,50.027098083873796
,,grass,,21.975931857743955,50.02708541118058
,,grass,,21.976460929072935,50.02711175819809
,,grass,,21.976200808783442,50.030239793791225
,,grass,,21.976340133581733,50.02888428472989
,,grass,,21.97621333624722,50.030658591630086
,,grass,,21.976640651391016,50.026378674547054
,,grass,,21.977038994236533,50.02735601997383
,,grass,,21.976756075753965,50.02734761752529
,,grass,,21.97620142816679,50.027237954380325
,,grass,,21.976849612868474,50.03053250306191
,,grass,,21.97558075800218,50.03041714488594
,,grass,,21.97827793956701,50.040495092206015
,,grass,,21.978010685184774,50.04054919873906
,,grass,,21.97744851866961,50.04064970916418
,,grass,,21.976828675980865,50.037587156250154
,,grass,,21.977611495722353,50.04045719041863
,,grass,,21.97785389978889,50.040735630561684
,,grass,,21.977089307484782,50.03767936858397
,,grass,,21.976544633322035,50.03343030565532
,,grass,,21.97669042477606,50.03479401226341
,,grass,,21.976327427205558,50.03184715759352
,,grass,,21.97726755398613,50.039077700789434
,,grass,,21.976949359368565,50.0367186765262
,,grass,,21.977145565469176,50.040677569677136
Park Sybiraków,park,,,21.979524291165838,50.05014601801006
,,grass,,21.982248916072233,50.04551933549349
,,grass,,21.982417404938474,50.045074133862485
,,grass,,21.981652802937653,50.045762718409705
,garden,,,21.983644931975657,50.044968719445244
,,grass,,21.978198581623168,50.04116284389331
,,grass,,21.979099148705284,50.04201830490279
,,grass,,21.980023698176435,50.04285073565726
,,grass,,21.981503057387716,50.044203818853305
,garden,,,21.98270232420566,50.045346431591845
,,grass,,21.98317996634345,50.045169211876825
,,grass,,21.98304398362957,50.045596189918534
,,grass,,21.983497856315417,50.0454102977433
,,grass,,21.987253810236673,50.048921517555286
,,grass,,21.986437931313652,50.04823334476351
,,grass,,21.984471809529495,50.04660644097691
,,grass,,21.98823777040906,50.04976145343276
,,grass,,21.985473022669694,50.04742110071107
,,grass,,22.01966964813716,50.02841574940738
,,grass,,22.02069089438608,50.02876238091359
,park,,,22.031103101891063,50.00351142549093
,,grass,,22.018458827988102,50.01794080654319
,,grass,,22.02348102622136,50.01805845785857
,,grass,,22.025144359079917,50.0183716822417
,,grass,,22.029084044337992,50.0224996015263
,,grass,,22.02091170687402,50.017973058588524
,,grass,,22.02729470785721,50.01999530188735
,,grass,,22.033287994079153,50.03250193656088
,,grass,,22.032926872102973,50.03223952938193
,,grass,,22.033230769308716,50.03302628549372
,,grass,,22.033598790052125,50.03251242856182
,,grass,,22.0329083160864,50.034750406894176
,,grass,,22.033382776316326,50.03203092853476
,,grass,,22.029881393135604,50.0236751470613
,,grass,,22.03308622664849,50.03637715334153
,,grass,,22.032443058903226,50.027580064867145
,,grass,,22.032777761587074,50.027219083980604
,,grass,,22.03303561265402,50.03408188423972
,,grass,,22.033312210898178,50.03517131137651
,,grass,,22.032177362656533,50.02760770659841
,,grass,,22.032861551563258,50.0363610731484
,,grass,,22.03271614239683,50.03703328562416
,,grass,,22.03275986622738,50.03556988869884
,,grass,,22.03164226890779,50.026360860414904
,,grass,,22.033274442391434,50.03414958005345
,,grass,,22.033600781087454,50.03014099780625
,,grass,,22.031987547303494,50.02761604089467
,,grass,,22.03331652716662,50.03228109845629
,,grass,,22.032474291521172,50.02724929136982
,,grass,,22.033863258241393,50.032497409463765
,,grass,,22.034062217207993,50.032417430225784
,,grass,,22.034279493844384,50.032263181405476
,park,,,22.00334856608765,50.04743255448838
Park Papieski,park,,,22.02061309043024,50.015223295567715
Park Zdrowia,park,,,21.97865003502474,50.038311322743894
,,grass,,21.973426238216454,50.048244615075205
,,grass,,21.985561655494745,50.023486640378955
,,grass,,21.984938420221212,50.024039730569775
,,grass,,21.98479273739803,50.023939229592685
,,grass,,21.985897558346373,50.02359238436386
,,grass,,21.98618570530647,50.02372407046506
,,grass,,21.9853476239034,50.02362082747771
,,grass,,21.986031132401646,50.02363959119309
,,grass,,21.985864865452378,50.023529071395075
,,grass,,21.984986132179667,50.02366723852093
,,grass,,21.984653538675946,50.02382877294782
,,grass,,21.98497323256408,50.023863478841
,,grass,,21.98509756108093,50.023720999494465
,,grass,,21.986407342480184,50.02386020971229
,,grass,,21.972670265521767,50.049627091024846
,,grass,,21.97605259956718,50.04801906325114
,,grass,,21.975126759760737,50.0485225997366
,,grass,,21.973788633944604,50.04960736528198
,,grass,,21.978848977991525,50.04688213472252
,,grass,,21.973199670659113,50.04993242719381
,,grass,,21.97336692073485,50.05023457624782
,,grass,,21.974746045283258,50.04859523718355
,,grass,,21.973723710310743,50.04941609784351
,,forest,,21.985470699952604,50.02025571862768
,,grass,,22.00058512900948,50.04022488085737
,,grass,,22.000422225819992,50.040331442367496
,,grass,,22.000450821660593,50.04022715784724
,,grass,,22.000382216038663,50.040444083843944
,,grass,,22.00061853717871,50.04033022740588
,,grass,,22.00065015913566,50.040441300516115
,,grass,,22.000824990508125,50.04026653098785
,garden,,,22.000347500872632,50.04055941337239
,garden,,,22.000695650475,50.040558570547056
,,grass,,22.000899385972097,50.040414351266605
,,grass,,22.000731356615223,50.04017829762659
,,grass,,21.999729361355044,50.04049320737237
,,grass,,22.000954196790598,50.0401308784084
,,grass,,22.00083342818069,50.04009222681953
,,grass,,22.000522210257223,50.040622386340324
,garden,,,21.999891011571147,50.0404110200068
,,grass,,21.99993079859262,50.040254060818725
,,grass,,21.99982391236455,50.04016326285809
,,grass,,22.00012502857247,50.040383955217564
,,grass,,22.032799473528698,50.04665539903022
,,grass,,22.033580821692574,50.04979372492436
,,meadow,,22.033714010431297,50.050588607402766
,,grass,,22.031153496470985,50.05001456433916
,,grass,,22.034242703829825,50.04958776356134
,,grass,,22.034389557876953,50.04970940893947
,,grass,,22.03237198982442,50.049962901102305
,,meadow,,22.02418751184995,50.043052601571944
,,meadow,,22.025314439288703,50.04338394985268
,,,wood,22.023793136043846,50.04466463997397
,,meadow,,22.02499538777964,50.04024795117502
,garden,,,22.002316821196125,50.033948701310806
,,grass,,21.999027960220324,50.04087120733587
,,grass,,21.99950123069729,50.04101157627052
,,meadow,,21.963658974935687,50.04847438425806
,,meadow,,21.959555292345726,50.04612922968
,,meadow,,21.961176560535094,50.04617751409514
,,meadow,,21.956467251161104,50.04465781629476
,,meadow,,21.957875037771803,50.048842756217645
,,meadow,,21.964153240984405,50.04655053461727
,,meadow,,21.965771495977343,50.04747792662356
,,meadow,,21.964933526250626,50.04958620754746
,,meadow,,21.96855601142442,50.04919938532079
,,meadow,,21.968393986103397,50.04819899228815
,,meadow,,21.966733862259193,50.04894151708532
,,meadow,,21.96456811231304,50.05003304435065
,,meadow,,21.967051208819104,50.05029544028062
,,meadow,,21.962403825165808,50.04842997702239
,,meadow,,21.96078513559505,50.04759841917104
,,meadow,,21.96209627939391,50.04778626594256
,,meadow,,21.96176138833089,50.047152193505674
,,meadow,,21.951830358206845,50.051396439657196
,,meadow,,21.956569791621657,50.04989642063395
,,meadow,,21.954467007520492,50.04976618159717
,,meadow,,22.02623431676861,50.03399069503727
,,meadow,,21.97199556670523,50.04961388282095
,,meadow,,21.97246485024223,50.0478896038374
,,forest,,21.95796222809662,49.952446997117114
,,forest,,21.95999781650485,49.94906535465563
,,forest,,21.95556619306316,49.97324348373831
,,forest,,21.956265330313293,49.95971139066944
,,forest,,21.949324945139264,49.958098749612006
,,forest,,21.955729444252057,49.97253536758436
,,forest,,21.951661300424465,49.9716832796244
,,forest,,21.95327976627675,49.9728112915007
,,forest,,21.95002349496797,49.96967681354873
,,forest,,21.955112448206084,49.96684680013711
,,forest,,21.952977408666,49.965978195702206
,,forest,,21.95991953299035,49.96971625878435
,,forest,,21.958385567560804,49.953739560893005
,,forest,,21.95144390335131,49.96502465230506
,,forest,,21.955584325343025,49.966230713569644
,,forest,,21.95082190748525,49.96280238378853
,,meadow,,22.030010854341306,50.04110287077661
,,forest,,21.999214694744907,49.94690468252688
,,forest,,21.99669445322165,49.94968065000433
,,forest,,21.999301031192513,49.95481397121315
,,meadow,,22.031985271967375,50.04293274040329
,,meadow,,22.027797053443575,50.044271954574455
,park,,,22.026071661214868,49.9647403222037
,,meadow,,22.01246158717712,50.03535257635744
,,forest,,22.043591591951,49.946813077873465
,,forest,,22.054199039008516,49.95033004240683
,,forest,,22.044229845976655,49.95560078567036
,,forest,,22.04273154488304,49.94937295229156
,,forest,,22.04995594687966,49.95456680545763
,,forest,,22.04607738148151,49.951921447250186
,,forest,,22.075643132311992,49.95183392991323
,,forest,,22.072859744290355,49.94799936737251
,,forest,,22.103928518939846,49.96572372534538
,,forest,,22.074587078395215,49.95502566614009
,,forest,,22.081992616843767,49.95646788043077
,,forest,,22.073962225357363,49.9551963268904
,,forest,,22.080626175145614,49.952036840096056
,,forest,,22.07703441663844,49.955499667045075
,,forest,,22.095638268576963,49.970015566868035
,,forest,,22.10268310883932,49.96992624210737
,,forest,,22.076905348523912,49.956198617545105
,,forest,,22.088087706797555,49.951533249819896
,,forest,,22.05014639149557,49.98500873747732
,,forest,,22.06467091550252,49.973736180391846
,,forest,,22.0701276054784,49.98015146034671
,,forest,,22.05433310669748,49.977488262504245
,,forest,,22.08160866173589,49.98360071010603
,,forest,,22.05002872753996,49.979664225107676
,,forest,,22.061719446527626,49.98389198489697
,,forest,,22.05372501453227,49.972225090869394
,,forest,,22.064213817429163,49.96804419074995
,,forest,,22.058299821388587,49.973310630197034
,,forest,,22.08653907873988,49.97607243787703
,,forest,,22.05923025609558,49.98228641876665
,,forest,,22.076308937404843,49.9757411739739
,,forest,,22.065981578707973,49.97297840828996
,,forest,,22.042910507123153,49.97356239670134
,,forest,,22.054799412678456,49.98370770551289
,,forest,,22.052863236984958,49.97104580286008
,,forest,,22.064196213619407,49.979440420819294
,,forest,,22.04554590990075,49.97118947774752
,,forest,,22.05614296763009,49.979964237589776
,,forest,,22.08196879047871,49.97585403137886
,,forest,,22.04018812668719,49.975542865869706
,,forest,,22.079728067335935,49.96870072542973
,,forest,,22.0937756304404,49.998372781636384
,,forest,,22.07142387858261,49.972955422282375
,,forest,,22.077449594781402,49.972397721064134
,,forest,,22.094952460849537,49.99288274643199
,,forest,,22.094517277795276,49.97058863750735
,,forest,,22.079340828651116,49.97294154749458
,,forest,,22.080496578469607,49.994600353853414
,,forest,,22.076211276140803,50.00076951648473
,,forest,,22.08725257575921,49.968598915125355
,,forest,,22.07420475341117,49.97224926337695
,,forest,,22.095035597825888,49.97845852464958
,,forest,,22.096490100691817,49.96526270001322
,,forest,,22.089740146749328,49.99042282444769
,,forest,,22.074772593764372,49.99906102271463
,,forest,,22.098309088759283,49.98798035859483
,,forest,,22.094436190044345,49.98358454192499
,,forest,,22.08917700162103,50.004943814966694
,,forest,,22.094365759573858,50.00141628363542
,,meadow,,22.012564177687334,50.029581360081714
Skwer im. Jana Stefana Kotowicza,,grass,,22.003694374236463,50.03420724039491
,,grass,,21.98833395027803,50.022071922899734
,,grass,,21.988941597131284,50.02296998755895
,,grass,,21.98805578688907,50.02200112432639
,,grass,,21.98650636447816,50.02176065248348
,,grass,,21.987087323362374,50.021603596910104
,,grass,,21.98669330723183,50.02211515952968
,,grass,,21.98807382526658,50.02183546315628
,,grass,,21.987267486989484,50.022468797738476
,,grass,,21.987881343866523,50.02238464829403
,,forest,,22.077413377865266,49.96257669188682
,,grass,,21.981124348063325,50.04230704602207
,,forest,,21.991817028270088,50.01161435175487
,,meadow,,21.99078720165778,50.00999911991713
,,forest,,22.00192421049327,50.01796013881972
,,,grassland,21.99939623584466,50.00725678092217
,,,grassland,21.998599272402508,50.005886511078586
,,meadow,,21.998328518724374,50.01077071431601
,,forest,,21.995431940649134,50.00424486602354
,,meadow,,21.999257104060632,50.006239683941665
,,forest,,21.999788495921837,50.02484816261919
,,forest,,21.999427038489387,50.025295378860775
,,forest,,22.00030522457309,50.02545355620631
,,forest,,21.99858659095133,50.024190718959275
,,forest,,22.006800470758712,50.01561972213511
,,meadow,,22.0033710510761,50.012327764661656
,,grass,,22.018828152491277,50.03332350839725
,,forest,,21.952144696555965,49.97402587219346
,,meadow,,21.98521453911425,50.027726497164785
,,meadow,,21.985796891537525,50.02762716743178
,,forest,,21.956109711848125,49.95615891972864
,,forest,,21.95069352888002,49.95794259349839
,,forest,,21.953378493230694,49.95755936666336
,,forest,,21.98302264348044,49.945790760330944
,,forest,,22.082985854711403,49.958111586505986
,,forest,,22.076686460431713,49.959529915875216
,,forest,,22.082189302753903,49.96257374588935
,,forest,,22.078970239077464,49.96101483435523
,,forest,,22.08647404299731,49.959696304547016
,,forest,,21.982899571047117,49.953130508599855
,,forest,,21.979783829319526,49.95842709649729
,,forest,,21.978328384978376,49.949144282085484
,,forest,,21.977859383779414,49.9592979695867
,,forest,,21.97893030708211,49.94974943245381
,,forest,,21.97667648347495,49.96007566592416
,,forest,,21.975226256575365,49.95914763251278
,,forest,,21.97698280691644,49.95237715134302
,,forest,,21.99215146047799,49.950893506926086
,,forest,,21.979007968494116,49.9592108678557
,,forest,,21.97617350891998,49.95437500932953
,,forest,,21.974801113128358,49.95575065713072
,,forest,,21.994287119714247,49.96072483576312
,,,water,21.956707530164714,49.980249709258764
,,forest,,21.956385624954212,49.970611788488895
,,forest,,21.957414113975872,49.972474372462784
,,forest,,21.97129678851265,49.975710245513724
,,forest,,21.959060927945597,49.97405155460445
,,forest,,21.955842268795916,49.98656750026229
,,forest,,21.964621949532088,49.95650522780836
,,forest,,21.966163940912875,49.96712306580808
,,forest,,21.954874344014502,49.98540411010912
,,forest,,21.954524761968212,49.98016196511237
,,forest,,21.958528346726705,49.97333165822917
,,forest,,21.974106998871157,49.97296771895837
,,forest,,21.972142168733317,49.97432294316116
,,forest,,21.99782483416582,49.9521576777198
,,forest,,22.0067143630033,49.95057858145631
,,forest,,21.999265044486606,49.94987790868523
,,forest,,22.007179053361142,49.94970836223769
,,forest,,22.00298806000958,49.95417842174738
,,forest,,21.9962572378838,49.95116290826547
,,forest,,22.006405550127067,49.95240011585028
,,forest,,22.00518950778588,49.95144548922081
,,forest,,22.03127722054156,49.950046706152605
,,meadow,,22.075165770450557,50.03906455897556
,,meadow,,22.079172341240113,50.039589092513985
,,meadow,,22.082470634325226,50.03974193684807
,,meadow,,22.081090664720644,50.03677288937662
,,meadow,,22.087042548136452,50.03428154082981
,,meadow,,22.084583057764526,50.03480393003251
,,forest,,22.073587116576114,50.04237023460735
,,forest,,22.073987056551363,50.04295164141143
,,forest,,21.977854793116812,49.97078241125843
,,forest,,21.971902197535044,49.96657289150056
,,,water,21.966192174646533,49.99107076249865
,,,grassland,21.978886229717375,49.992577626547934
,,,water,21.964803347874202,49.99018147226116
,,forest,,21.979673239349797,49.99254773562564
,,forest,,21.972613463699904,49.992098325978084
,,forest,,21.978505560482226,49.99291738750027
,,forest,,21.979539394165023,49.98488921956056
,,forest,,21.98488399588514,49.9994088450245
,,forest,,21.99501572049072,49.997085338143606
,,forest,,21.972030668170294,49.99245362991625
,,forest,,22.014008246414278,49.98219081330708
,,forest,,22.016689909838494,49.99940552699367
,,forest,,21.997403944677394,49.9630068895743
,,forest,,22.00003305861172,49.962203937083515
,,meadow,,22.000649207843313,50.00778616065682
,,forest,,22.00316650856086,49.9787845569366
,,forest,,22.06848360279657,49.96572764431752
,,grass,,22.000977509884873,50.039743093908946
,,grass,,22.032645156530208,50.0374655063346
,,forest,,22.0632879429805,49.98891509329236
,,forest,,22.035146463392493,49.99432519705487
,,forest,,22.053530143495426,49.99207699594862
,,forest,,22.05056386235067,49.99085785232803
,,forest,,22.063676652727356,50.00458164679242
,,forest,,22.04878760017525,49.99524851750748
,,,wood,22.05340463779963,49.99777352459137
,,forest,,22.0520767717796,49.99468862784834
,,forest,,22.061691540613026,49.99317140005742
,,forest,,22.060623373854014,49.991381999262224
,,forest,,22.035768969052054,49.9915175707551
,,forest,,22.05860310303595,50.00917219410635
,,forest,,22.060309680557598,49.99231134106926
,,forest,,22.05870423703538,50.00806351651168
,,forest,,22.05676590283157,49.99985775102167
,,forest,,22.040073964612656,49.99025797973672
,,forest,,22.035781856599193,49.98948570011713
,,forest,,22.067906360745543,50.002007548682286
,,forest,,22.05248823281124,49.99318026864442
,,forest,,22.050130705386934,50.00034641505763
,,forest,,22.050909146502672,49.98883470533894
,,forest,,22.056951611401995,50.007829466963926
,,forest,,22.06613405538958,49.99817310372534
,,forest,,22.061885378584144,50.00748136853216
,,forest,,22.046188592864855,50.00291608343537
,,forest,,22.053344338008927,49.994246284646664
,,forest,,22.051537737470483,49.9927286471704
,,forest,,22.055165213232748,49.98982497464557
,,forest,,22.05765916103896,49.98947198596004
,,forest,,22.04140319185012,49.995306764527335
,,forest,,22.045170157386167,49.991594943490725
,park,,,22.047179152710992,49.97982398464563
,park,,,22.048261649255686,49.9810613463206
,,forest,,22.045491509545116,49.97881671012041
,,forest,,22.045992317403066,49.978094964836366
,,forest,,22.047597368798197,49.98166382440268
,,forest,,22.044669392416193,49.98067791327868
,,forest,,22.046082244037162,49.98042454211078
,,forest,,22.047923494800024,49.98202776515114
,,forest,,22.043181861230256,49.98217124386098
,,forest,,22.047765726172972,49.98249056101242
,,forest,,22.01478321951644,49.958624704776945
,,forest,,22.032656749798353,49.95339812668644
,,forest,,22.03952368609004,49.9528683113191
,,forest,,22.027001458082605,49.963047903701366
,,forest,,22.01331230941184,49.95626427590681
,,forest,,22.043447901794725,49.95170372555323
,,forest,,22.0402620836298,49.95243978681659
,,forest,,22.018413647407776,49.95275766069402
,,forest,,22.041304208261653,49.953117228198536
,,forest,,22.019073085799636,49.954316114923486
,,forest,,22.01010502378678,49.95621937673475
,,forest,,22.04239880226723,49.95138454300543
,,forest,,22.016785229408132,49.96225386464462
,,forest,,22.017612191967245,49.96071466306099
,,forest,,22.01595042592284,49.96373589682532
,,forest,,22.02048636269558,49.95009156681458
,,forest,,22.026892413780978,49.95010502943629
,,forest,,22.03513593676177,49.956770653632645
,,forest,,22.011529309319876,49.954751090604866
,,forest,,22.01740428981327,49.95896881823199
,,forest,,22.03940884799326,49.951982941630526
,,forest,,22.006745854948953,49.95672754043711
,,forest,,22.01155203973104,49.950735654800425
,,forest,,22.02486750849508,49.957398324459454
,,forest,,22.012592902459268,49.95987795233567
,,forest,,22.018277775640243,49.9595389931688
,,forest,,22.043144901117024,49.95370969621111
,,,water,22.005200077554193,49.96483986661028
,,forest,,22.0352905229341,49.970282824613925
,,forest,,22.00717261014742,49.964460644556326
,,forest,,22.093137362675755,49.965626705525764
,,forest,,22.078956056073153,49.96576074405783
,,forest,,22.076721077246727,49.96682307655419
,,forest,,22.088248195504224,49.96547492481356
,,forest,,22.091494102590254,49.965071923766935
,,forest,,22.083820323264252,49.96630866848899
,,forest,,22.090878190249136,49.96567268722698
,,forest,,22.08129136806706,49.96702102210762
,,forest,,22.06088350703003,49.95358383210812
,,forest,,22.07865692000174,49.964654911783796
,,forest,,22.074098414584334,49.96407086315145
,,forest,,22.060533225590927,49.955528629202064
,,forest,,22.05154280273095,49.969244871269794
,,forest,,22.080140226069595,49.96715634641183
,,forest,,22.07845675504218,49.96548263604364
,,forest,,22.05624223609665,49.959311767608945
,,forest,,22.00812299882503,49.96455195230796
,,forest,,22.060352593142174,49.952482046028734
,,forest,,22.090945534578747,49.965208204645215
,,forest,,22.101522614455963,50.00357778693381
,,meadow,,22.014891181897276,50.03690606220105
Park Błogosławionej Karoliny Kózki,park,,,21.965378282902144,50.04291628837064
,,forest,,22.069715088750733,50.00833422770199
,,forest,,22.075718693265365,50.003609534274105
,,forest,,22.07908248735183,50.00441577743089
,,forest,,22.07663305411858,50.00284476585036
,,meadow,,22.072196189248064,50.004260281281084
,,meadow,,22.069568356134965,50.004628198438795
,,meadow,,22.077251500205058,50.0038318695223
,,meadow,,22.078814527684287,50.00289009468043
,,meadow,,22.076887823425665,50.00335230355584
,,forest,,22.076340899436154,50.00543459761564
,,meadow,,22.069879065396535,50.000692431796544
,,meadow,,22.06970832954092,50.0034876634653
,,meadow,,22.073957717725367,50.0013468413134
,,forest,,22.071501004973612,49.999999165313774
,,meadow,,22.070194298902194,50.00130912757178
,,forest,,22.07090166902356,50.000694188926765
,,meadow,,22.07001076189514,50.00171175797305
,,meadow,,22.070843829044136,50.00232725265335
,,meadow,,22.068712982662554,50.00441831861341
,,meadow,,22.076087954452365,49.99786476372999
,,meadow,,22.071008590556936,49.99910287812745
,,meadow,,22.072601790211973,50.000388323547796
,,meadow,,22.06980358805569,50.004195554316304
,,forest,,22.06713894915469,50.019194713562705
,,meadow,,22.044166186898956,50.02805647938892
,,forest,,22.079280280240976,50.02135649526191
,,forest,,22.07539048291523,50.02212770629625
,,forest,,22.082662584771494,50.02269597555284
,,forest,,22.079828792887,50.022179943737136
,,forest,,22.07737320902161,50.02381975604962
,,grass,,21.99937501954332,50.04801757361604
,,grass,,22.01718792674191,50.017922583093195
,,grass,,22.01388141465469,50.01791458675838
,,forest,,22.03286815014411,49.98636136024793
,,forest,,22.03006789134095,49.989737496254804
,,forest,,22.026643191557365,49.994382967098346
,,forest,,22.03069875887694,49.978965475203694
,,forest,,22.035078077857914,49.98371093405999
,,meadow,,22.03253619821604,49.995503848325384
,,forest,,22.035478244624457,49.980237858871725
,,forest,,22.028011713964666,49.980526654609534
,,meadow,,22.035144607943707,49.97466201419342
,,forest,,22.02464546267277,49.97718487319067
,,meadow,,21.983567082699896,50.00656868289834
,,forest,,21.98348316231399,50.00686332516348
,,meadow,,21.98007960841338,49.995907608504055
,,meadow,,21.977430183393032,49.99744757617855
,,meadow,,21.97648017590065,49.99552251989011
,,meadow,,21.98213419573986,50.004957538495184
,,forest,,21.978335535091734,49.99979230789578
,,,,22.019236885136536,50.01265410447673
,,grass,,22.018820455308564,50.0126233905031
Biały Ogród,park,,,22.00089309121702,50.03783067874051
,,meadow,,21.955984139637703,50.03209258540116
,,forest,,21.96690910507654,50.03267721976021
,,meadow,,21.96285442278954,50.03177907947933
,,forest,,21.96164296573359,50.033255587840216
,,meadow,,21.96435219058282,50.03484411413119
,,meadow,,21.962085024366175,50.033797685672546
,,meadow,,21.963922902514117,50.03228645449732
,,meadow,,22.009076078144158,50.00227431068319
,,forest,,21.995015909170867,50.01621944895586
,,meadow,,22.020804841423708,50.03378603490246
,,meadow,,22.000865224818156,50.03188136900025
,,grass,,21.999829741540342,50.03242329764391
,,meadow,,22.000684951265892,50.032931918296335
,,meadow,,21.99984429953435,50.03204881047572
,,grass,,22.007973812410324,50.03860277802621
,,meadow,,21.979872212006747,50.03595409324246
,,meadow,,22.001471477713423,50.03151715951886
,,meadow,,22.01524056010576,50.03957465580596
,park,,,21.996256934763323,50.03213671906858
,garden,,,21.994551225955192,50.03187421854303
,garden,,,21.994841471238203,50.03169897428413
,,grass,,21.98364041771506,50.04602832064134
,,grass,,22.001149955818928,50.0384112364749
,,grass,,22.00110120119043,50.038271268819884
,,grass,,22.001595523756663,50.03820938632229
,,grass,,22.00148222321864,50.03813919494605
,,grass,,22.000814969004594,50.038379906557964
,garden,,,22.000999446288212,50.03847596519907
,,meadow,,22.01840186076286,50.04331134298798
,,meadow,,22.019095338188965,50.04310496272974
,,forest,,22.016316121121115,50.041516987585155
,,forest,,21.950610366124565,49.97981824273563
,,forest,,21.95453786928493,49.97943631899932
,,forest,,21.955529449742034,49.97935191326759
,,forest,,21.95541559847237,49.97904140519427
,,,grassland,21.953750930544757,49.98295648562165
Ispa,,,grassland,21.953024489913794,49.98051057549268
,,,grassland,21.95467640674277,49.97848127233797
,,,grassland,21.95105533495089,49.97924748323297
,,,grassland,21.9543457040924,49.97928171783759
,,,grassland,21.955620931310655,49.979352658321865
,,,grassland,21.953029176206254,49.97945122326647
,,,grassland,21.950280636394805,49.98048941696245
,,,grassland,21.950269535885216,49.98002316131773
,,,grassland,21.951103365020906,49.982512221876014
,,,grassland,21.95078432576457,49.98363020157172
,,,grassland,21.95071566245227,49.983862444636195
,,forest,,21.950669516075514,49.98307192029652
,,,grassland,21.95534178331449,49.985517361088455
,,,grassland,21.95258811358355,49.98390184842001
,,,grassland,21.95329937272507,49.98488772881601
,,,grassland,21.953276404501754,49.98545825219124
,,,grassland,21.95495780717568,49.986260697712034
,,,grassland,21.951929605809337,49.984685781492296
,,,grassland,21.95640318572255,49.98765262448449
,,,grassland,21.959504182928725,49.98955628732333
,,,grassland,21.960541133520884,49.98957508991284
,,,grassland,21.961672314569874,49.98842341460626
,,,grassland,21.957999810485575,49.98657921106496
,,,grassland,21.9558683116428,49.9869530124401
,,,grassland,21.952397122601127,49.983355002847794
,,,grassland,21.951369997223246,49.983563828854194
,,,grassland,21.95387325594037,49.9859341011592
,,,grassland,21.955019198061905,49.98718108342938
,,,grassland,21.95538805463434,49.98496239280725
,,,grassland,21.955571208001512,49.98682786988744
,,,grassland,21.952637429602362,49.98483832613537
,,,grassland,21.960768650453044,49.989322143617514
,,,grassland,21.961072424709663,49.99009729046403
,,,grassland,21.962914137601146,49.98921932530501
,,forest,,21.959769281477506,49.98953176034992
,,forest,,21.9601225522056,49.98920811156278
,,forest,,21.960850500300506,49.98924297229003
,,meadow,,21.957610588434527,49.98785516517504
,,forest,,21.96105118584282,49.98879392509128
,,meadow,,21.961361653451473,49.98946786251597
,,meadow,,21.962255492332297,49.989213281138504
,,forest,,21.95520652421564,49.9875882633707
,,forest,,21.955227540433505,49.98639974119476
,,meadow,,21.95367256944936,49.98630239255551
,,,grassland,21.953973173654077,49.98685275161641
,,,grassland,21.951752445112273,49.98491720823801
,,,grassland,21.954204180007732,49.987390639402214
,,forest,,21.952914580916776,49.985887203404324
,,,grassland,21.958906383088046,49.99019281949818
,,,grassland,21.960839064114385,49.99035033605003
,,,grassland,21.957565491770946,49.98881724813092
,,,grassland,21.95611185804655,49.98891873382678
,,,grassland,21.956950480236216,49.989745527636096
,,,grassland,21.957555382126728,49.98940418027986
,,,grassland,21.962215838370152,49.990410572647086
,,,grassland,21.958219398619672,49.98905330810031
,,,grassland,21.96031777264733,49.99169399454387
,,forest,,21.96174654727943,49.99243962241457
,,meadow,,21.96108326659221,49.99081300298508
,,forest,,21.963871179863936,49.99123457630564
,,forest,,21.96004932405718,49.99157763657661
,,forest,,21.96042332616955,49.99189297084865
,,grass,,21.95836553672892,49.99166354889057
,,meadow,,21.96303587628956,49.99154974249364
,,grass,,21.958627180055114,49.99190017601887
,,forest,,21.958182607549954,49.99017902524355
,,meadow,,21.959521629165017,49.99090540209859
,,forest,,21.96171924027093,49.9932685400432
,,,grassland,21.955784350560158,49.990240735251625
,,,grassland,21.956290807902974,49.99139813242343
,,,grassland,21.95606189223285,49.99112322164134
,,,grassland,21.95197462477083,49.98719446285633
,,grass,,21.957889893386348,49.9915640709954
,,forest,,21.9580013785218,49.99245306217449
,,grass,,21.950197130480745,49.98710361001827
,,grass,,21.95669719402689,49.99249035550565
,,,grassland,21.949600165397243,49.99012567020566
,,forest,,21.949879023956445,49.99000470246992
,,forest,,21.95100943777514,49.99037773804734
,,,grassland,21.957761535243474,49.992805663264825
,,,grassland,21.954483620685554,49.99332430498963
,,,grassland,21.95318500468969,49.9934201563405
,,,grassland,21.950197299867586,49.99401832251072
,,,grassland,21.958481729184783,49.99331814912563
,,,grassland,21.961116801257567,49.992064221115456
,,,grassland,21.949808234450487,49.99234993071522
,,,grassland,21.950668392664518,49.99221998244652
,,,grassland,21.95333245294794,49.992657099491
,,forest,,21.953981993414605,49.99240238857953
,,forest,,21.954461612637203,49.99371496826313
,,grass,,21.955017739632083,49.99150795567794
,,grass,,21.958090078746245,49.9929830025977
,,forest,,21.955008340633082,49.99308376149983
,,grass,,21.95554049462674,49.99169654865313
,,grass,,21.95567150232282,49.991827120641375
,,forest,,21.955594530374487,49.9936013446207
,,forest,,21.950890700748563,49.99193310047906
,,forest,,21.950555442433902,49.99192863928946
,,,grassland,21.952299055197294,49.991640062994136
,,,grassland,21.952270397600323,49.99210532290811
,,grass,,22.004648416714048,50.0409454296062
,,,grassland,21.955984037783015,49.96116803358814
,,,grassland,21.954916195374285,49.96553514304146
,,,grassland,21.953676942072406,49.97044560897125
,,,grassland,21.95663093537014,49.96519901749725
,,,grassland,21.958407359139986,49.96176321649033
,,,grassland,21.958086886984773,49.96247666124486
,,,grassland,21.951328597967137,49.960527624546984
,,,grassland,21.953605322014205,49.965342607284995
,,,grassland,21.95780857292287,49.96679090865477
,,,grassland,21.952047792727953,49.960467434443714
,,,grassland,21.950550529891856,49.969244815724885
,,,grassland,21.953994787187323,49.9680427771061
,,,grassland,21.94991270716749,49.970539571039744
,,,grassland,21.954622817843884,49.96724637943323
,,,grassland,21.951407204421,49.969559543889474
,,,grassland,21.951131917636268,49.96389981693353
,,,grassland,21.958101575019494,49.965581316103005
,,,grassland,21.954412949380114,49.97128647913445
,,,grassland,21.952323160187618,49.968000475873886
,,,grassland,21.952147987634124,49.964378725667416
,,,grassland,21.95348637892605,49.97238534642459
,,,grassland,21.95490936281097,49.963726555861896
,,,scrub,21.95343650569611,49.96043927962973
,,,grassland,21.951080198253013,49.96703758075488
,,,grassland,21.952037823427645,49.97097641485027
,,,grassland,21.957258531361855,49.96388566782483
,,,grassland,21.955222845322123,49.96950236855732
,,,grassland,21.95541406326212,49.970662365804095
,,,grassland,21.949490714039985,49.96115005418958
,,,grassland,21.951473821007536,49.96797486114965
,,,grassland,21.95480618597313,49.9644440055205
,,,grassland,21.952814883132703,49.9688122412086
,,,grassland,21.956953168927807,49.96627805753351
,,,grassland,21.955264509115455,49.96656467713859
,,,scrub,21.953568313921956,49.96058413340894
,,,grassland,21.956283086166252,49.96234797419458
,,meadow,,21.95134226804192,49.9715897840936
,,forest,,21.950311593669603,49.969631017483685
,,forest,,21.949555945211255,49.97105478267664
,,meadow,,21.950955134894333,49.97076428453366
,,grass,,21.99501921248826,50.02010832664515
,,grass,,21.994837195932337,50.018995886815205
,,grass,,21.99360746436195,50.02016205979302
,,grass,,21.995523215400674,50.0200951538731
,,grass,,21.99238027589327,50.020209799089805
,,grass,,21.991500610446547,50.02021619873814
,,grass,,21.997184485785176,50.03617905575491
,,grass,,21.997249565334418,50.037200244635656
,,grass,,21.996697486565143,50.03637727257389
,,grass,,21.996436988171794,50.03626741148968
,,grass,,21.99806798939229,50.036839962999814
,,grass,,21.997954546387327,50.03706914645552
,,grass,,21.997920699099375,50.03694730865496
,,grass,,22.016910696312635,50.038883521504594
,,grass,,22.017081115732815,50.03945421250078
,,grass,,22.01639683768823,50.03888459066481
,,grass,,22.017854161813357,50.04034406303027
,,grass,,22.017158562456608,50.039064939941014
,,grass,,22.01721261879036,50.038858032422795
,garden,,,22.01021639370388,50.03926482324003
,,grass,,22.01659072293383,50.03864090163115
,,grass,,22.01680054669136,50.038568214366144
,,grass,,21.999279515600257,50.041335388040594
,,grass,,21.99882643936898,50.04122908075093
,,grass,,22.000378253354143,50.044281012772956
,,meadow,,21.95675392304264,50.03026973148951
,,meadow,,21.963018670819526,50.033139199118025
,,forest,,21.96232928668349,50.03206810908575
,,,grassland,22.020802539090557,50.0473477785387
,,grass,,22.01636945541616,50.02849291679812
,,grass,,22.01588034059251,50.02847612402438
,,grass,,22.0179702177868,50.02850502534985
,,grass,,22.019204746223156,50.0284530020569
,,grass,,22.01692556001718,50.02848425645895
,,grass,,22.017433432528254,50.0284803373775
,,grass,,22.007267449962228,50.023474027243026
,,grass,,21.952235177388133,50.026235887757366
,,forest,,21.950878789539235,50.023886837424406
,,meadow,,21.95104227759836,50.02437219797167
,,forest,,21.95114522108105,50.02501146676052
,,,grassland,21.950178897211572,49.95349628735233
,,,grassland,21.952740928881116,49.95230047842628
,,,grassland,21.953845974111697,49.9523384433032
,,,grassland,21.953323016089943,49.95091120940894
,,,grassland,21.950084640885287,49.95078536584159
,,,grassland,21.95070146903916,49.954104770277205
,,,grassland,21.95221746280105,49.950768424030024
,,,grassland,21.95158454298949,49.95337704909621
,,,grassland,21.95001777733967,49.952612808359646
,,,grassland,21.954089398748796,49.95189418918348
,,,grassland,21.953527852286896,49.95057600428243
,,,grassland,21.95112921852607,49.95049598521219
,,,grassland,21.954033422776373,49.95124507826066
,,,grassland,21.950486907121885,49.951865940671254
,,,grassland,21.950652299860778,49.952173410847756
,,meadow,,21.94931105402937,49.95110317693278
,,meadow,,21.951928701169766,49.952686258074856
,,meadow,,21.95094848461526,49.952155915882216
,,meadow,,21.95094334254231,49.95389410660135
,,meadow,,21.95329972616035,49.95290788093646
,,meadow,,21.951283364865628,49.95401887729833
,,meadow,,21.951273019710804,49.95230942371178
,,meadow,,21.951267426764062,49.953615466988
,,meadow,,21.952259064494626,49.95314239686319
,,meadow,,21.952492572625896,49.95119324128461
,,forest,,21.95166506748782,49.95327166862364
,,,grassland,21.95770479819589,49.949544497642115
,,,grassland,21.96151537932801,49.951357013459806
,,,grassland,21.957351641818153,49.95426589869943
,,,grassland,21.957283747762027,49.954865712766015
,,,grassland,21.955962785691998,49.955038154837226
,,,grassland,21.960474395584423,49.95362511178904
,,,grassland,21.958482111822228,49.95236905093167
,,,grassland,21.958509703954917,49.95077175243395
,,,grassland,21.95290073124272,49.954957960464995
,,,grassland,21.95543441544488,49.95465293930175
,,,grassland,21.95544976138597,49.95227846218641
,,,grassland,21.95837430790653,49.953702188015484
,,,grassland,21.95998883462099,49.9547046603136
,,,grassland,21.95632290043912,49.95044981064997
,,,grassland,21.952302967775577,49.95464984127969
,,,grassland,21.96301992022821,49.95080268596462
,,,grassland,21.955474936873433,49.951012336093676
,,,grassland,21.963330027831272,49.95298767984436
,,,grassland,21.964005243465543,49.95121900410861
,,,scrub,21.959911581666034,49.95330175969272
,,,grassland,21.953704706061384,49.954317429972996
,,,grassland,21.959864758907138,49.952278795357046
,,,grassland,21.963993454393055,49.95222661398186
,,,grassland,21.95723410919464,49.951278568051855
,,,grassland,21.958223429574282,49.952011100442206
,,meadow,,21.962206959764295,49.953184147735755
,,meadow,,21.96111230977615,49.95263073354764
,,meadow,,21.955015658529216,49.952651599755015
,,meadow,,21.954870756182657,49.95516341917
,,meadow,,21.953196259354556,49.953911164185854
,,,grassland,21.985894786675967,50.00007581696203
,,,grassland,21.98479947532605,50.000148408394786
,,,grassland,21.9884188784129,50.00170456689593
,,meadow,,21.985986474615707,50.00160990777526
,,,grassland,21.985885936257297,50.001036369014685
,,,grassland,21.984934916650662,49.99965649406912
,,,grassland,21.98597074718512,50.00047046929103
,,meadow,,21.979209482038872,49.990940316703195
,,forest,,21.985608763958446,50.00138146842952
,,forest,,21.98616716918799,50.00009753107495
,,forest,,21.984548686270234,50.00006610020951
,,forest,,21.986983555666747,49.999627451563605
,,forest,,21.989903953192186,50.002497001720094
,,forest,,21.98226448900132,49.995639604864564
,,forest,,21.986703722647558,50.002386735865855
,,meadow,,21.985749424447864,50.00208088281655
,,meadow,,21.980205559124936,49.991736470621575
,,grass,,21.9666689336915,50.04304855395874
,,grass,scrub,21.967114700828564,50.043669671991005
,,grass,,21.97149005193546,50.046745581425434
,,grass,,21.97196486242181,50.047339679803024
,,grass,,21.9698563620775,50.045085959626505
,,grass,,21.970792398658322,50.04627232303122
,,grass,,21.97195226292107,50.04716813995739
,,grass,,21.971754144572543,50.04699913197855
,,grass,,21.971174443899464,50.046631297827865
,,grass,,21.970616790131665,50.045927520959424
,,grass,,21.970141408804828,50.04547032019194
,,grass,,21.971431102364555,50.04688474013208
,,grass,,21.969359774482058,50.04466466474778
,,grass,,21.97019611459245,50.045705811219094
,,grass,,21.96960939394738,50.04514677715033
,,grass,,21.96918485046801,50.04473781829624
,,grass,,21.968754776560587,50.044082108838104
,,grass,,21.968846068549777,50.04379451213157
,,grass,,21.96901042121103,50.043728755479854
,,grass,,21.971106291708395,50.04638815966653
,,grass,,21.968689698636126,50.0436879653332
,,grass,,21.968763649901348,50.043157528902455
,,grass,,21.968859647877675,50.043480753258336
,,grass,,21.9688779954477,50.043386834265846
,,grass,,21.968855049339865,50.04355725393327
,,grass,,21.969007658200823,50.042684620398006
,,grass,,21.96881784703125,50.04267437494866
,,grass,,21.962099204208876,50.042883594185845
,,grass,,21.964428539798426,50.04273606370856
,,grass,,21.963138887016942,50.04315589692583
,,grass,,21.960767404336636,50.042911631494306
,,grass,,21.960830666603268,50.04376369655137
,,grass,,21.96092383517621,50.043767156209256
,,grass,,21.961713386978612,50.0437652984618
,,grass,,21.962501483473645,50.04376012715915
,,grass,,21.961403147242024,50.043763908737
,,grass,,21.962799188381158,50.043752535492246
,,grass,,21.963248877436893,50.0434046887384
,,grass,,21.960862925771167,50.04387555596612
,,grass,,21.961399181057907,50.043863297943055
,,grass,,21.96303485091577,50.043850215066115
,,grass,,21.964353362514995,50.04375429591897
,,grass,,21.96423669693703,50.04376747481452
,,grass,,21.96261659651659,50.043859058974924
,,grass,,21.966514556038156,50.044772113816045
,,grass,,21.964849070891564,50.044843335479264
,,grass,,21.965621420684236,50.04483391781327
,,grass,,21.965487044908585,50.044728978504
,,grass,,21.96442176590682,50.0447574704809
,,grass,,21.964490116837787,50.04489180540413
,,grass,,21.9644562833452,50.04483252460529
,,grass,,21.9666276560305,50.04462837832979
,,grass,,21.964546374396335,50.04501271153337
,,grass,,21.965164296501108,50.044919954290755
,,grass,,21.965242914327163,50.044897897194105
,,grass,,21.965116952311995,50.04490419115957
,,grass,,21.965786980629996,50.046086752788035
,,grass,,21.966446901681696,50.045470744690384
,,grass,,21.966661449893593,50.04587365379913
,,grass,,21.96639085658028,50.04536864046235
,,grass,,21.96625630770043,50.04600452753175
,,grass,,21.96513060446412,50.046151698609506
,,grass,,21.966906696114602,50.045226333576245
,,grass,,21.966414618070083,50.04569008043368
,,grass,,21.96440834072757,50.045081334395526
,,grass,,21.966515934192785,50.04587632609271
,,grass,,21.964976836788082,50.046009118943125
,,grass,,21.964855431929376,50.04605204687229
,,grass,,21.964614353184636,50.04552450666103
,,grass,,21.964761730617468,50.0455140384106
,,grass,,21.966296169825156,50.0454723681029
,,grass,,21.965412275801203,50.04616209153178
,,grass,,21.965604299262683,50.04612404605152
,,grass,,21.96466435609752,50.04558189008788
,,grass,,21.96683246344835,50.04619457297206
,,grass,,21.964791472632378,50.04585843405661
,,grass,,21.964900346310607,50.045846013548235
,,grass,,21.964732594619644,50.04573126463306
,,grass,,21.96627550350566,50.045155479584785
,,grass,,21.966213511086817,50.0450186581807
,,grass,,21.96605250360399,50.044915044482224
,,grass,,21.966384690408084,50.04491994026658
,,grass,,21.966199130564668,50.04529042079553
,,grass,,21.966079624670115,50.043083093903576
,,grass,,21.972333332680602,50.04743594217349
,,grass,,21.972617921582366,50.0477590441736
,,grass,,21.973382345012638,50.048049170926454
,,grass,,21.973055209313173,50.04801086256626
,,grass,,21.97340166209059,50.04844523825758
,,grass,,21.973155280324022,50.04829981289054
,,grass,,21.973069253494142,50.04839812519642
,,grass,,21.97321906020823,50.048402640232005
,,grass,,21.97367565170632,50.048310902604314
,,grass,,21.972851734150964,50.048751524421334
,,grass,,21.972956865683223,50.04851343496101
,,grass,,21.973310720150252,50.04911231939901
,,grass,,21.97245724601721,50.04933571966403
,,grass,,21.974138562261892,50.04952543847707
,,grass,,21.97544348587617,50.04991381885233
,,grass,,21.97569361938427,50.04956393506434
,,grass,,21.975886256417034,50.04963961998854
,,grass,,21.975057256212818,50.05012131296984
,,grass,,21.974608231092347,50.04985282776035
,,grass,,21.97525874227345,50.04913360892439
,,grass,,21.978125336442087,50.0469470279808
,,grass,,21.976159195706497,50.04783070008056
,,grass,,21.980205884627683,50.04604193928719
,,grass,,21.975762617759116,50.04801474228371
,,grass,,21.981457889055726,50.04546987492198
,,grass,,21.979747867324704,50.04680395293887
,,grass,,21.97786114434606,50.04746367128149
,,grass,,21.960804609036636,50.04435003314042
,,grass,,21.96113458417589,50.04498860671546
,,grass,,21.96104067824601,50.04468280314022
,,grass,,21.9610918839489,50.0448578431394
,,grass,,21.96093520703855,50.04426236035738
,,grass,,21.961115732678092,50.044689528096285
,,grass,,21.960734180853617,50.044095197547186
,,grass,,21.960936212833577,50.044863921022305
,,grass,,21.96169651582511,50.04486220141062
,,grass,,21.961341332046327,50.04486702382192
,,grass,,21.960896952221134,50.045021617145665
,,grass,,21.963802247668127,50.04384592194722
,,grass,,21.962225238852966,50.04488474851709
,,grass,,21.96423370384463,50.045056781839655
,,grass,,21.962488370837757,50.04489905010071
,,grass,,21.962734727724317,50.04492173849154
,,grass,,21.95935327022846,50.04295292452484
,,grass,,21.96013668722028,50.042924181991324
Osiedle Słoneczne,,residential,,22.063535744339422,50.03514758722414
,,meadow,,22.002541773979644,50.01400202182161
,,forest,,21.954854790095478,49.97197903545096
,,,water,21.964911651880257,49.99222848814473
,,forest,,21.969589338036567,49.99415058568851
,,forest,,21.970274778814904,49.993304321234405
,,forest,,21.964551329832215,49.99509006510016
,,forest,,21.96773283913105,49.99430301166859
,,forest,,21.96622110715326,49.993098747855555
,,forest,,21.964462137013278,49.99453928519256
,,,water,21.967359047275327,49.991329143261375
,,,water,21.968013190838963,49.99129340486648
,,,water,21.967604954975958,49.991278021967
,,,water,21.95554812897008,49.98208711897208
,,forest,,21.97781116075821,49.99470019706067
,,forest,,21.96670960996811,49.98957711932694
,,forest,,21.955833715643383,49.984457581851814
,,forest,,21.962494644769603,49.983814714161284
,,forest,,21.961467298359626,49.986946399939576
,,forest,,21.972482200415975,49.9792106375796
,,forest,,21.957101346557245,49.983062706482535
,,forest,,21.958051891091,49.985962253693714
,,forest,,21.95743799149611,49.979071116521474
,,forest,,21.968391262708593,49.99701786263554
,,forest,,21.963389968549134,49.998924497074434
,,forest,,21.98704144932421,49.957873180674795
,,forest,,21.9868171612182,49.96432094503753
,,forest,,21.974053214602012,49.95507781247846
,,forest,,21.973805031455417,49.94904902188071
,,forest,,21.971483409499136,49.94943204372637
,,forest,,21.982924146579634,49.96629173028302
,,forest,,21.97465561365199,49.952699719846315
,,forest,,21.981681048217364,49.95939147821966
,,forest,,21.972541900986858,49.954475058981956
,,forest,,21.981884779103034,49.95990855771857
,,forest,,21.972245451312933,49.952771579583825
,,forest,,21.975816672460958,49.957276082055955
,,forest,,21.975174185538773,49.950740733922885
,,forest,,21.986610049194343,49.97692941433897
,,meadow,,22.05756326538191,50.01707028670169
,,meadow,,22.000031500424516,50.01115758481261
,,grass,,21.965371115232482,50.042907953012026
,,,grassland,22.021446875318496,49.97528437996485
,,,grassland,22.012243167569217,49.977462027200446
,,,grassland,22.020595520577036,49.97652325517501
,,,grassland,22.01653568029323,49.97783860905731
,,,grassland,22.01019168073588,49.97838710663477
,,,grassland,22.021300268693928,49.97514067443331
,,,grassland,22.011862997675966,49.97837167037106
,,forest,,22.010080670267953,49.978453278755396
,,forest,,22.016470534753903,49.975070291693655
,,forest,,22.018883325010375,49.976529960623104
,,forest,,22.02159013426452,49.975954961756415
,,forest,,22.022149505792154,49.9758282372951
,,forest,,22.014356086900456,49.97777262580994
,,forest,,22.021989872440532,49.9740308717392
,,forest,,22.02116715717691,49.973833422355355
,,forest,,22.01811524967826,49.97673831565543
,,forest,,22.00502740306915,49.97629642260863
,,forest,,22.054890030132555,50.04461602884758
,,forest,,22.054477774261223,50.04581364629483
,,forest,,22.05341060988869,50.04594205263329
,,forest,,22.049860687204347,50.04719851086738
,,forest,,22.04902918266753,50.04563943209611
,,forest,,22.050613149947594,50.04373008012737
,,forest,,22.04674637683366,50.04615903774251
,,forest,,22.048515691990605,50.04471758764355
,,forest,,22.049109080091654,50.04344506953605
,,meadow,,22.04898900582124,50.04172844968549
,,meadow,,22.049563833826245,50.04258811162099
,,grass,,21.99840477237657,50.04139831876557
,,grass,,21.997740220290297,50.04166252357011
,,grass,,21.998334273094276,50.041704352940414
,,grass,,21.998718466900257,50.041550947946334
,,grass,,21.99668606335886,50.04208907724005
,,grass,,21.997124575532577,50.04210057364036
,,grass,,21.998531216025366,50.04153651138504
,,forest,,21.95646570186042,49.95272863738806
,,forest,,21.956282615095837,49.95264973630599
,,grass,,22.058062809089503,50.016955067409036
,,grass,,22.046613865812994,50.02596090446242
,,grass,,21.97678943457817,50.02656675808947
,,meadow,,21.994595991322072,49.99714475745486
,,meadow,,21.994652464316985,49.99745474549799
,,meadow,,21.995621197584573,49.994945728435006
,,meadow,,21.996554397108724,49.995101118954075
,,meadow,,21.996281320716054,49.99611987721335
,,forest,,21.999395707257914,49.99801814008955
,,meadow,,21.999811105056683,49.99703545727357
,,meadow,,21.99003444157407,49.995378989595324
,,meadow,,21.99089273090845,49.996245384551486
,,meadow,,21.990047067976143,49.994663341714045
,,meadow,,21.989170936195627,49.99478290716759
,,meadow,,21.990992664775764,49.997847323068946
,,forest,,21.990314560440506,50.00033787799011
,,meadow,,21.988889560604612,49.999674096416115
,,meadow,,21.98644058489915,49.99831994346847
,,meadow,,21.990451199215165,50.00219199793465
,,forest,,21.993251698540078,50.00203358810155
,,meadow,,21.993008988699888,50.00272857424148
,,meadow,,21.993049807872698,49.99990885723268
,,meadow,,21.992640376108145,50.00329479892536
,,meadow,,21.99190411687808,50.00341576969431
,,meadow,,21.992636912664974,50.00471141145331
,,forest,,21.985734876033064,49.99168464471502
,,meadow,,21.98810835856751,49.99403386004572
,,forest,,21.986994861254335,49.99362038631774
,,meadow,,21.98700545146378,49.99440644120628
,,meadow,,21.98546949672945,49.99458574088464
,,meadow,,21.984527086035747,49.99369633942467
,,meadow,,21.989303035457915,49.9919099469385
,,meadow,,21.99017427967534,49.9925304691055
,,meadow,,21.995697931702416,49.99223316807419
,,meadow,,21.995394898905275,49.99179163042282
,,meadow,,21.99762869897754,49.99094564556715
,,meadow,,21.998880335908375,49.99168667948071
,,,wood,21.996822502630607,49.99412355050208
,,meadow,,21.991300320565433,49.99357856179278
,,meadow,,21.992889932950867,49.99457951722805
,,meadow,,21.992732878746015,49.99523722211006
,,meadow,,21.994295382425857,49.996017398618235
,,meadow,,21.981539943080524,49.99209898025557
,,meadow,,21.981478732965122,49.99300390636656
,,meadow,,21.982691960453582,49.99274639136448
,,forest,,21.98853385360596,49.99576630866276
,,meadow,,21.985635189264016,49.99614183332137
,,meadow,,21.985042272835035,49.99762180261188
,,meadow,,21.987476839073256,49.99617210901092
,,meadow,,21.988508943580598,49.99845273380074
,,meadow,,21.98474613014901,49.99103850916658
,,meadow,,21.98650226758154,49.9899716604761
,,meadow,,21.9876359946081,49.99099821125551
,,meadow,,21.983797695114177,49.99192407265863
,,meadow,,21.990240260686377,49.98844470786135
,,meadow,,21.989063480594403,49.9882193875801
,,meadow,,21.989972331088087,49.99011623523328
,,meadow,,21.99421301134276,49.99023818364831
,,meadow,,21.992120119207186,49.99100214814168
,,forest,,21.993312159568976,49.992076987502166
,,meadow,,21.99319374298972,49.992350985945585
,,meadow,,21.990731950301345,49.991838044213345
,,meadow,,21.991613482489083,49.992452194569786
,,meadow,,21.998888936847045,49.98984164313967
,,meadow,,21.9977599721176,49.98797254881255
,,meadow,,21.99594513728772,49.98442052597357
,,meadow,,21.997415364314936,49.98521030923273
,,meadow,,21.998137247327424,49.98648639357345
,,meadow,,21.995248526633077,49.986649382287496
,,meadow,,21.994789825909248,49.98705592125501
,,meadow,,21.994910277834656,49.988255189670575
,,meadow,,21.994098473467105,49.98332786707382
,,meadow,,21.992486844399807,49.982971727134654
,,meadow,,21.991569969344066,49.982238835752945
,,meadow,,21.9902220543582,49.98439014405065
,,meadow,,22.005967962963783,49.97991095830104
,,meadow,,22.005404280585953,49.980912134621214
,,meadow,,22.00138387052102,49.9791659611937
,,meadow,,22.020854964684915,49.973427526375374
,,meadow,,22.016648377227046,49.97551358093936
,,meadow,,22.02138581903436,49.97348817476153
,,meadow,,22.01619688110458,49.976982867367575
,,meadow,,22.015512234058097,49.9747149438807
,,,grassland,22.007189863289508,49.97884745552854
,,meadow,,22.009050633448066,49.97871967213074
,,meadow,,21.9821660474197,49.99142216131203
,,meadow,,21.994087440093708,49.97319288841885
,,meadow,,21.991775561378773,49.97828567007069
,,meadow,,21.99399724650883,49.97407764794051
,,meadow,,21.991999631955963,49.97753679591334
,,forest,,21.995160160591023,49.967810725714166
,,meadow,,21.98924057725234,49.9720695876055
,,grass,,22.039856866275368,50.03031043730604
,,forest,,22.03723315367039,50.029019273439474
,,grass,,22.039560199073023,50.0311117770604
,,grass,,22.03974923017512,50.03061806066121
,,grass,,22.039351212820762,50.0316088538245
,,grass,,22.039581125609896,50.03157051572625
,,grass,,22.039880153857194,50.031349744174385
,,meadow,,21.995586292896423,49.9709566204967
,,forest,,22.000030615512113,49.96778778277654
,,forest,,21.997352984706108,49.968543732791616
,,meadow,,21.99548288960062,49.97010646920452
,,meadow,,21.9953243819073,49.97179960103507
,,meadow,,22.00582427149707,49.969051447464295
,,meadow,,22.0083772159915,49.96662658988024
,,forest,,22.006874178698695,49.96713931259559
,,meadow,,22.007138713582798,49.966527561279754
,,forest,,22.009079792097207,49.96808052540216
,,forest,,22.00874813505535,49.968237328487646
,,meadow,,22.007166164825396,49.97345841158915
,,meadow,,22.017984585797944,49.966456183083885
,,meadow,,22.02198206700225,49.96773521705258
,,meadow,,21.997698747587968,49.96562282922928
,,meadow,,22.000146092880623,49.963346068250935
,,meadow,,21.998898612934756,49.96463845750054
,,forest,,22.004360838432383,49.963510257525876
,,meadow,,22.004752011297963,49.96408088543506
,,meadow,,22.00694107537636,49.963502101565375
,,forest,,22.01524942054165,49.96385861264727
,,forest,,22.017044658438465,49.96359582886958
,,meadow,,22.022233109533655,49.966015859396514
,,forest,,22.015277723256307,49.963207984053106
,,meadow,,21.98518831338447,49.967855732846225
,,forest,,21.985988087627103,49.96769186618041
,,meadow,,21.98660880984727,49.968130316887574
,,meadow,,21.986430871837435,49.96770409827225
,,meadow,,21.98932805146782,49.96761655672162
,,meadow,,21.990276113795186,49.96651806508607
,,meadow,,21.991751903727437,49.966071671626935
,,meadow,,21.98882689950205,49.96668873754649
,,meadow,,21.987304621828642,49.96721428695964
,,meadow,,21.98600643318253,49.96667302322067
,,meadow,,21.986968230827298,49.964968223931756
,,meadow,,21.988276430056228,49.96626508964694
,,meadow,,21.988476325307456,49.965205336208285
,,meadow,,21.990282095712825,49.96455609670398
,,meadow,,21.99281300444414,49.96412627681439
,,meadow,,21.99194803287228,49.96443497724399
,,meadow,,21.991430940136993,49.96357207750046
,,meadow,,21.99468592672048,49.965503122364304
,,forest,,21.99410548323822,49.96546641002504
,,meadow,,21.99341330862564,49.9634986699778
,,meadow,,21.994291868850596,49.96416149748924
,,forest,,21.9952315601755,49.96345570128008
,,forest,,21.98991153741864,49.96627499754588
,,forest,,21.993220637737686,49.964437146437916
,,forest,,21.992115923619053,49.96331545871685
,,meadow,,21.981483035502357,49.9670131867389
,,meadow,,21.98220209919529,49.96717069595322
,,meadow,,21.98341283818142,49.967076610254765
,,meadow,,21.98359310178251,49.96596790629613
,,meadow,,21.98425665652035,49.965122750035135
,,meadow,,21.982541744216295,49.966048176602385
,,meadow,,21.98053450310664,49.9654715868215
,,meadow,,21.977414266321688,49.96523842980553
,,meadow,,21.976931734271552,49.9645568243784
,,forest,,21.97858215613118,49.96586877030377
,,meadow,,21.9677831083925,49.99175250799031
,,meadow,,21.967254559794277,49.990878910189956
,,meadow,,21.96881367832865,49.988881182951154
,,meadow,,21.96908077045429,49.98594559725953
,,meadow,,21.96999501374897,49.984668887099005
,,meadow,,21.97066808803328,49.983907684264715
,,meadow,,21.973859265580113,49.99318996068785
,,meadow,,21.981738904709214,49.98169772822826
,,meadow,,21.975339608761818,49.987561219188535
,,meadow,,21.975541645877257,49.98686920598442
,,forest,,21.973634082200537,49.987489049373934
,,meadow,,21.97294684471235,49.98732475750034
,,meadow,,21.97318857116553,49.98732051858745
,,meadow,,21.973685118065074,49.986239069937156
,,meadow,,21.977237285520573,49.98473036186557
,,meadow,,21.974948034070938,49.986753334901316
,,meadow,,21.979130762218993,49.985619928734764
,,meadow,,21.982803753040884,49.97152368223328
,,meadow,,21.979356821733347,49.97853471586147
,,meadow,,21.983870053301136,49.973084210127574
,,meadow,,21.982938028347842,49.97259651148789
,,meadow,,21.986505989058774,49.97114584360023
,,meadow,,21.986205049849477,49.97027290039523
,,meadow,,21.97303983751767,49.97300987442109
,,forest,,21.970848937914383,49.97756724913082
,,meadow,,21.974143353379198,49.97677498054428
,,meadow,,21.971192214402567,49.97722588213851
,,meadow,,21.970254159472695,49.97798432226686
,,meadow,,21.972954429290617,49.981307545043975
,,meadow,,21.972821197339748,49.98308511809931
,,meadow,,21.97546405127102,49.98279608437214
,,meadow,,21.974921024916966,49.98334588755985
,,meadow,,21.972829853380006,49.985038333680514
,,meadow,,21.973451839122703,49.98520024439002
,,meadow,,21.972424797015652,49.98433308284044
,,meadow,,21.973821383714984,49.98425240399689
,,meadow,,21.976043268992566,49.981653878303696
,,,grassland,21.95837743862226,49.97890678224036
,,,grassland,21.956895729454583,49.98114429243377
,,forest,,21.956006683527708,49.98298149009335
,,greenfield,grassland,21.96543265025473,49.980656577936195
,,meadow,,21.967137500706674,49.98008023979227
,,meadow,,21.963716441542267,49.98907920933757
,,meadow,,21.965579957682834,49.98910239166249
,,meadow,,21.96804057918628,49.98771776962035
,,meadow,,21.967747118364294,49.97916169553286
,,meadow,,21.96823856179493,49.97545737683885
,,meadow,,21.967609404187463,49.973211443342926
,,meadow,,21.95778710299787,49.97220209621949
,,,grassland,21.95740475416004,49.973188679137024
,,meadow,,21.962061250801966,49.973488159030005
,,meadow,,21.978911664561753,49.96906802435141
,,meadow,,21.977923378895344,49.96913688207346
,,meadow,,21.97704719654966,49.96924602780268
,,meadow,,21.974672893743442,49.969193669007694
,,meadow,,21.97370694735139,49.97010150708074
,,meadow,,21.97408497464961,49.96907099100474
,,meadow,,21.96456905499281,49.972093380292044
,,meadow,,21.96545751518851,49.97057200922609
,,meadow,,21.963256449132178,49.97350164820517
,,meadow,,21.96628550029879,49.96930881172962
,,meadow,,21.973313947818912,49.968436198303806
,,meadow,,21.97354921109969,49.966705222974205
,,meadow,,21.976071301073496,49.967809776114386
,,meadow,,21.977310949888572,49.96769460824165
,,meadow,,21.973419967557174,49.963263156922665
,,meadow,,21.9755448304492,49.964791448020534
,,meadow,,21.975009378282653,49.965213917546386
,,meadow,,21.97412056892595,49.96576677157882
,,meadow,,21.973495477326043,49.96514696777588
,,meadow,,21.97169147007092,49.96342713847244
,,meadow,,21.970456000952275,49.96549725889864
,,meadow,,21.968761601245774,49.965903094046354
,,meadow,,21.971880922684182,49.96469419295712
,,forest,,21.97696549959831,49.9565096387525
,,forest,,21.978010105914652,49.956332786529245
,,meadow,,21.980268558772085,49.95963909599937
,,forest,,21.981320360518065,49.95837246753148
,,meadow,,21.974380877108015,49.95488677195747
,,meadow,,21.973953115075542,49.954506619790045
,,forest,,21.970028838016074,49.9536884338385
,,forest,,21.967228443194642,49.95370213308988
,,forest,,21.964089304175538,49.957281670771856
,,forest,,21.960189276103907,49.95835716059847
,,meadow,,21.964950812975264,49.956554793116844
,,meadow,,21.958947031304884,49.9584320771707
,,meadow,,21.95863806596217,49.95723876612853
,,forest,,21.98112251921459,49.95083312457412
,,meadow,,21.975099534189223,49.95254980895928
,,,grassland,21.986249121706408,49.95848015776279
,,meadow,,21.983021711339283,49.953589893584194
,,meadow,,21.993924454153,49.95467073992948
,,forest,,21.993772019083114,49.956480570490505
,,forest,,21.994030337134998,49.95316387657134
,,forest,,21.987243280743577,49.955614229147976
,,meadow,,21.990351513982628,49.96194485288422
,,meadow,,21.988506064722177,49.963668929676956
,,forest,,21.988552583491416,49.949540414687505
,,meadow,,21.98769716468869,49.94631590952509
,,,grassland,21.994786696266438,50.00536673241935
,,,grassland,21.997226400744868,50.00651199746488
,,forest,,21.996901932962004,50.00591815424939
,,meadow,,21.995878567340718,50.00476009606786
,,,grassland,21.997631253173427,50.00531755967237
,,forest,,21.996350294889044,50.006730998271145
,,forest,,21.99577780583152,50.0121806916362
,,meadow,,21.99719955692484,50.012171051316614
,,meadow,,22.002541390169373,50.019342281894026
,,meadow,,21.999530549051965,50.01560636292058
,,meadow,,22.002567433029096,50.002133974383604
,,meadow,,22.00308752307138,50.00784879359986
,,forest,,22.00109381192463,50.007420344363425
,,meadow,,22.00166939689213,50.00471280600694
,,meadow,,22.00136241579359,50.00361725940287
,,meadow,,21.993869869156764,50.00030872266564
,,forest,,21.99447497809657,50.00266797355027
,,forest,,21.993146310392902,50.00031397684016
,,forest,,21.99868287190205,50.000044504481814
,,meadow,,21.995623844895498,50.000888419117565
,,forest,,21.993366295102458,50.001058763001005
,,grass,,21.99726343873009,50.00134021005902
,,greenfield,wood,21.996881132763175,50.00418443692188
,,meadow,,21.998446723310042,50.00261864313879
,,meadow,,21.999704793472308,50.00318670552896
,,forest,,21.998780582995483,50.003716118044686
,,meadow,,21.997793823649758,50.0048154162635
,,forest,,21.998292529057156,50.005003517421414
,,meadow,,22.001098336809353,50.00581521762072
,,grass,,22.001063188795865,50.00936086039388
,,grass,,22.001982247429993,50.00921866968894
,,meadow,,22.005280196210695,50.01070187176914
,,meadow,,22.00398646805542,50.01020521157123
,,meadow,,22.006559409671453,50.01126076952839
,,meadow,,22.00814109630286,50.01355516058948
,,meadow,,22.0057123690446,50.01451820037562
,,meadow,,22.011685716927058,50.0104046760284
,,meadow,,22.006982641026603,50.00930692647143
,,meadow,,22.0079281949052,50.00939140368235
,,meadow,,22.00828526726353,50.012040148067484
,,meadow,,22.011412654457466,50.01324373256137
,,meadow,,22.010799088559352,50.01390970814815
,,meadow,,22.015307333389817,50.001665996665906
,,meadow,,22.01416912242742,50.0032971701417
,,forest,,22.013184093368245,50.0036618705757
,,meadow,,22.012749619450418,50.0038920513518
,,forest,,22.012313729024267,50.00412494673064
,,meadow,,22.013495466055925,50.00462361043534
,,meadow,,22.01468783818693,50.007257390523016
,,meadow,,22.012771246484075,50.00806861591598
,,meadow,,22.01603845341712,50.007316880873525
,,meadow,,22.015571756925482,50.008123320189796
,,meadow,,22.01511050213847,50.00564516931326
,,meadow,,22.015015132157867,50.00432754031921
,,meadow,,22.014741572717462,50.00395624341332
,,meadow,,22.010845955762022,49.998874804958845
,,meadow,,22.00560023281809,50.002526733257895
,,meadow,,22.0100622998849,50.00406521073336
,,grass,,22.011100978940405,49.998065098965114
,,meadow,,22.013663128468558,49.99626053571365
,,meadow,,22.013969718580437,49.99457572400984
,,,wood,22.011709116924052,49.99556972818367
,,grass,,22.011468649818937,50.00066968250458
,,grass,,22.01016808766656,50.0003194770565
,,forest,,22.005603202403183,49.99959551192954
,,forest,,22.005777865662818,49.997262901587504
,,meadow,,22.006331749304913,49.99727156070712
,,meadow,,22.007002507553985,49.99707558400737
,,meadow,,22.010033602160686,49.99704669425505
,,meadow,,22.007306606410374,49.99651196330806
,,meadow,,22.01014507472174,49.995759151725295
,,meadow,,22.007149416312945,49.99536031752582
,,meadow,,22.014273216549388,49.997648006569186
,,forest,,22.016550073917152,49.99659496457757
,,meadow,,22.013882921512316,49.9967363986461
,,meadow,,22.017158679506558,49.9962231791416
,,meadow,,22.014041514955668,49.998525542269284
,,,wood,22.013009640965397,49.99934467030699
,,meadow,,22.01214157165027,49.99954722933238
,,meadow,,22.01441022345783,49.99954419560938
,,meadow,,22.014442118087565,50.000218092320374
,,meadow,,22.012856077339915,50.001180013917946
,,meadow,,22.012123159765885,50.002139802188616
,,meadow,,22.001121128965544,49.99641456675441
,,grass,,21.999967023624507,49.99525076753392
,,meadow,,22.001346459757027,49.99498587311014
,,meadow,,22.00050722168878,49.99487858529051
,,forest,,22.000542479690356,49.997397258753615
,,meadow,,22.002440299372584,49.99816505522236
,,meadow,,22.001977426875442,49.9990665490166
,,meadow,,22.002758133468117,50.00138890927177
,,meadow,,22.019972019375192,49.981673686603834
,,meadow,,22.01847933313957,49.98264124913488
,,meadow,,22.017347135842122,49.983809382425974
,,meadow,,22.01562713293237,49.98535594858125
,,meadow,,22.01634293655157,49.98562247359805
,,meadow,,22.01520249701849,49.98636073721231
,,meadow,,22.014532901862502,49.987901981870216
,,meadow,,22.013576059708534,49.98881792750527
,,meadow,,22.01398964705681,49.988172774711124
,,meadow,,22.01202736672465,49.98982378029652
,,meadow,,22.012649236543787,49.989155356363234
,,meadow,,22.012761919632656,49.99069968587371
,,meadow,,22.013532195770335,49.99009568791657
,,meadow,,22.011733872766808,49.99168836342594
,,meadow,,22.0112054073533,49.991631903212
,,meadow,,22.011752804363972,49.992264995936246
,,meadow,,22.010704189399114,49.992259787413786
,,grass,,21.987149896313305,50.02218141909779
,,grass,,21.987555428175444,50.021853709340846
,,grass,,21.987976673182807,50.02156191219431
,,grass,,21.987357463139556,50.02159283303041
,,grass,,21.989731877441947,50.02506564714155
,,grass,,21.989494343619658,50.02445422033853
,,grass,,21.989652605951548,50.02440671047877
,,grass,,21.98791520437392,50.0243826524924
,,grass,,21.989266160072198,50.02506849681271
,,grass,,21.994836738398337,50.01881122928163
,,grass,,21.9961146874758,50.02029977341459
,,grass,,21.99576791203696,50.02024644333989
,,grass,,21.997493992907536,50.020150845439446
,,grass,,21.99927732700108,50.02699716673481
,,grass,,22.003946483846207,50.030178806874424
,,grass,,22.003712566392743,50.03022082697627
,,grass,,22.003476084885587,50.03026297400792
,,grass,,22.003268969087973,50.03034769789644
,,grass,,22.002960347030438,50.03031753095839
,,grass,,22.008524518226338,50.02948621195965
,,grass,,22.009494447123625,50.029198977690044
,,grass,,22.00902309467089,50.02945339569252
,,grass,,22.008388364373893,50.02966372201545
,,grass,,22.008373465341467,50.02969044049242
,,grass,,22.008536793823414,50.02988215349843
,,grass,,22.00871479851177,50.029602329274084
,,grass,,22.00892288347999,50.02948102926317
,,grass,,22.006386567898605,50.029973078290524
,,grass,,22.007638522010833,50.0293588550949
,,grass,,22.007774486653247,50.02965781324454
,,grass,,22.0074669860083,50.02971399561847
,,grass,,22.006759269751175,50.02964545332552
,,grass,,22.007579284460594,50.02897175842018
,,grass,,22.008049739631417,50.02978759645891
,,grass,,22.00798308557387,50.02958263736614
,,grass,,22.00770666659269,50.02952308804086
,,grass,,22.008170785851405,50.02936121901691
,,grass,,22.007857084371906,50.029297981703714
,,grass,,22.055035591331933,50.03427091068113
,,grass,,22.054246886426835,50.03228369956914
,,grass,,22.051184517005506,50.034446995412196
,,forest,,22.052642254384445,50.035445283788896
,,grass,,22.05136478441573,50.03826012431805
,,,grassland,22.06332745870188,50.03900767696646
,,grass,,22.063764593575385,50.03822686954313
,,grass,,22.052873696607826,50.037909683971556
,,farmland,,22.055373840424586,50.037625982361284
,,grass,,22.054122365733487,50.038093871732684
,,grass,,22.056418022050227,50.03800180235764
,,farmland,,22.05372329701632,50.03636396364464
,,,grassland,22.057181904076938,50.035426381209305
,,grass,,22.051293959373112,50.035309275800245
,,grass,,22.039963827376717,50.03684491242977
,,grass,,22.039748868338297,50.0368501753262
,,grass,,22.037932142537827,50.03647669921533
,,grass,,22.03792287930431,50.036577203493444
,,grass,,22.03749775869182,50.03646932550144
,,grass,,22.036658271122786,50.03641574753104
,,grass,,22.03572244553004,50.03635502896303
,,grass,,22.034897584806327,50.036363623347896
,,grass,,22.034568723961474,50.03658253394057
,,grass,,22.03459225041774,50.03646225111032
,,grass,,22.0346629880684,50.036034381901715
,,grass,,22.03400320856925,50.03604071970897
,,grass,,22.034052706220074,50.036236964787186
,,grass,,22.034873203513655,50.034820592596425
,,grass,,22.034543210116478,50.03479282413873
,,grass,,22.034216684778688,50.03469602389474
,,grass,,22.03424205741885,50.034225056059405
,,grass,,22.035126483872823,50.03427501702555
,,grass,,22.03436859768032,50.03446205566979
,,grass,,22.037531670270035,50.03455686382289
,,grass,,22.0373601021375,50.03483242134402
,,grass,,22.036930880435847,50.03498535835557
,,grass,,22.036650098130174,50.034512797131164
,,grass,,22.036560795573,50.034768513393075
,,grass,,22.039196459564682,50.0358322261624
,,grass,,22.035737294253362,50.03355601889156
,,grass,,22.035936702134716,50.035674669852405
,,grass,,22.036053899348023,50.035550989339484
,,grass,,22.037495204770323,50.03553311094923
,,grass,,22.039734167309593,50.03589399101621
,,grass,,22.039653543797005,50.036198955740275
,,grass,,22.037579811784596,50.03313098847624
,,grass,,22.043024032976422,50.03162845884123
,,grass,,22.045364924265233,50.031605484755865
,,grass,,22.035838428304906,50.03046742085715
,,grass,,21.968779967592617,50.04177389148573
,,grass,,21.966223711384256,50.04235663137788
,,forest,,22.100334251168835,50.0385013481387
,,forest,,22.099609201893667,50.03986154769739
,,grass,,22.08541264134964,50.0409227986942
,,grass,,22.085303740130545,50.040955215015124
,,grass,,22.08528057823429,50.04107921493037
,,grass,,22.02427656470043,50.0021718840644
,,grass,,22.024625649046566,50.00177710000877
,,meadow,,22.013285994906745,49.995042109958156
,,meadow,,22.012854152912084,49.99427108258478
,,meadow,,22.010421985251426,49.99434225869053
,,meadow,,22.015276390964154,49.988796706211986
,,meadow,,22.01707863960984,49.98778863975749
,,meadow,,22.01534549169394,49.98970988591491
,,meadow,,22.02819579580166,49.99916965330715
,,meadow,,22.028132610396867,50.00008974965658
,,forest,,22.026432387455337,50.00007693929349
,,forest,,22.027754530792386,49.99882267947136
,,forest,,22.02637486112303,49.998464351297024
,,meadow,,22.024183588774548,49.999761860109196
,,meadow,,22.020725391493624,49.998523046575805
,,meadow,,22.02508863019259,50.00071064740221
,,meadow,,22.02844587789058,50.0006443813161
,,grass,,22.02879534907091,49.99930510088752
,,grass,,22.02909048403011,49.99952128252323
,,grass,,22.029241240199532,49.9994255984542
,,grass,,22.029392898671546,49.99933158906456
,,grass,,22.02929464965621,49.9996282145748
,,grass,,22.02937468810738,49.99957768250749
,,grass,,22.02945412060309,49.99952692220655
,,meadow,,22.029849567140694,50.00269631143106
,,grass,,21.992368835738926,50.03993985560997
,,grass,,21.992458916533273,50.040099475972596
,,grass,,21.991946774056572,50.0401355279936
,,grass,,21.99186138700006,50.04009662533378
,,grass,,21.991701930356513,50.039994720554446
,,grass,,21.991590890530055,50.039946028313054
,,grass,,21.992021052677185,50.04007269428074
,,grass,,21.991884963634558,50.03990540431127
,,grass,,21.99204225,50.039850449999996
,,grass,,21.9874967250123,50.018701637274205
,,grass,,21.986670678796063,50.01862910418287
,,grass,,21.985757188104312,50.01852132100375
,,grass,,21.984509859411066,50.018813565113476
,,grass,,21.98317786862383,50.01907657262008
,,grass,,21.982848045307076,50.01849388778307
,,grass,,21.982848741438847,50.01898431080515
,,grass,,21.98344549024852,50.018854808052076
,,grass,,21.98630401305292,50.018160615757886
,,grass,,21.986130815011666,50.01786790428326
,,grass,,21.985912098363233,50.01748898002225
,,grass,,21.986310917096564,50.01868400059743
,,grass,,21.986413354591043,50.01886682852653
,,grass,,21.986297618949816,50.01899211233144
,,grass,,21.985972506647947,50.01906729035853
,,grass,,21.98571545852591,50.01864901078028
,,grass,,21.986056940579033,50.0185743288263
,,grass,,21.98652496118293,50.018431915216226
,,grass,,21.986386033505816,50.01832871359215
,,grass,,21.98627085244566,50.018363557668636
,,grass,,21.98602156872994,50.01831637897562
,,grass,,21.985550489411217,50.01837285452843
,,grass,,21.98483218701658,50.01853340042569
,,grass,,21.984144613742078,50.01868876051655
,,forest,,22.03502283905275,50.002719519086654
,,meadow,,22.033761504909283,50.00235963268849
,,meadow,,22.03499669443316,50.00213635297222
,,meadow,,22.03335846853785,50.00068774544822
,,meadow,,22.034973666497148,50.00027090383103
,,meadow,,22.037110175786513,49.99808286455248
,,meadow,,22.040638897575725,50.000929463851314
,,meadow,,22.040968682237,50.00022729292657
,,meadow,,22.040904601583595,50.00218854242955
,,forest,,22.041168299592567,50.00197310231158
,,forest,,22.04238769254881,50.00264468704302
,,meadow,,22.037954371489004,50.00166495330775
,,,wood,22.039381780607236,50.00199927238094
,,forest,,22.039862799554616,50.002260956164776
,,forest,,22.041636263259754,50.00123050502701
,,meadow,,22.033401538521385,49.9944546624963
,,forest,,22.032767472664915,49.997065704628454
,,meadow,,22.031488430185142,49.99833522454417
,,meadow,,22.029385803811905,49.99704334467083
,,,grassland,22.02575195544318,49.99669411656079
,,,grassland,22.027427705228938,49.99594689775506
,,forest,,22.028188499728916,49.995410217615515
,,forest,,22.02824398563313,49.99639946358678
,,forest,,22.02457101624959,49.99524286886231
,,meadow,,22.02738137921845,49.98970942101206
,,meadow,,22.025096343108736,49.989809324973656
,,meadow,,22.021471341743606,49.994270012644485
,,meadow,,22.02836297680361,49.99108534289704
,,forest,,22.02717190991485,49.99135777726706
,,meadow,,22.023869773895868,49.99254758447825
,,meadow,,22.01916668368435,49.98837961754718
,,meadow,,22.031619837863865,49.98762964040971
,,meadow,,22.02762398218663,49.98919648313681
,,forest,,22.0255994538798,49.98899314557661
,,meadow,,22.024480074198436,49.98910911680936
,,meadow,,22.02346723243313,49.98904230140805
,,meadow,,22.02193368699949,49.98541075131155
,,meadow,,22.028069031517383,49.98514651157836
,,meadow,,22.02847275381779,49.985426466933255
,,meadow,,22.023929808705837,49.986723748887876
,,meadow,,22.028603435599564,49.98459799252967
,,meadow,,22.03123004215849,49.98357099555684
,,forest,,22.041633262854045,49.985270779114266
,,forest,,22.03743376580474,49.98529690954816
,,meadow,,22.039550185278873,49.983663370279565
,,meadow,,22.035141666602172,49.98994843650383
,,meadow,,22.02772489804559,49.983513844319404
,,meadow,,22.025466032579466,49.98383373160902
,,meadow,,22.023576724272726,49.98141707906474
,,meadow,,22.022964791007933,49.98117575568958
,,meadow,,22.031937899428552,49.98044398524624
,,forest,,22.032229197256832,49.98091358755415
,,meadow,,22.0369352881762,49.98115928660371
,,forest,,22.0383979715967,49.98178291123263
,,meadow,,22.03881608500453,49.98149699262779
,,meadow,,22.04194431007757,49.981370453839816
,,meadow,,22.037675264267754,49.98228357721725
,,forest,,22.037925120608268,49.98185290971223
,,forest,,22.037574402407813,49.98153105894849
,,meadow,,22.033783745801255,49.982678851873764
,,meadow,,22.031335010921968,49.9822328951094
,,meadow,,22.028996059198747,49.98141423462601
,,forest,,22.027622710233413,49.98134923318408
,,meadow,,22.026527011489517,49.980342713294405
,,meadow,,22.025340766628844,49.980918360546085
,,meadow,,22.02234682951145,49.980356702160684
,,meadow,,22.028158898089806,49.97530188841482
,,meadow,,22.02595523813415,49.9753772956922
,,forest,,22.025615431279725,49.976228822029874
,,meadow,,22.024237651176048,49.977020111312484
,,meadow,,22.031730980203395,49.97843327451099
,,meadow,,22.033202190303847,49.978260058254456
,,meadow,,22.030489358085266,49.97859297473277
,,meadow,,22.03049091003798,49.978067690664425
,,meadow,,22.025210732979385,49.978025571541814
,,meadow,,22.033348344658272,49.97538752372435
,,meadow,,22.03422753842263,49.972449249883475
,,forest,,22.037559744261852,49.977101406884636
,,forest,,22.04036720930758,49.979639822637424
,,meadow,,22.032352152940273,49.97970869532495
,,meadow,,22.031976314558534,49.97896754819077
,,meadow,,22.026054693236635,49.973751720315526
,,meadow,,22.027093420306183,49.973494888810144
,,grass,,21.976151970149512,50.0133826768926
,,grass,,21.97641868276859,50.01328375461621
,,grass,,21.97573343471388,50.01354379816853
,,meadow,,21.971464198353555,50.016389486505645
,,grass,,22.00834204557972,50.01877078608474
,,grass,,22.005755322133936,50.01939440961528
,,grass,,21.989457073412243,50.020283048773706
,,grass,,21.98717924741442,50.02035113034465
,,grass,,21.985903719151125,50.020417044023844
,,grass,,21.984438937631648,50.020887850783595
,,,grassland,21.958115315907335,49.968200203759615
,,,grassland,21.957014517551773,49.96708097418986
,,grass,,21.98747116380073,50.02755180912035
,,grass,,22.011804079010947,50.02019496823543
,,grass,,22.011449438842487,50.01969377324802
,,meadow,,22.034298150760684,50.0098721479868
,,meadow,,22.035573993105526,50.00964867489975
,,meadow,,22.035285022221693,50.011743278342685
,,meadow,,22.03525104997963,50.01206520784005
,,meadow,,22.02879477908049,50.013076991134334
,,meadow,,22.031348848669513,50.012558208949045
,,meadow,,22.03110878737855,50.01195619979521
,,meadow,,22.0253253665598,50.01331301815019
,,meadow,,22.02551526550579,50.012741931656066
,,meadow,,22.037529456017175,50.00526183622816
,,meadow,,22.03750774698634,50.0067258775076
,,meadow,,22.03331231769778,50.0055483491689
,,meadow,,22.03405764373535,50.00657208026708
,,meadow,,22.03531214495738,50.00758537838666
,,meadow,,22.036195970627997,50.007485177172875
,,meadow,,22.037084971955494,50.00854487848648
,,meadow,,22.038630294725913,50.008495682750215
,,meadow,,22.03773952780387,50.00929888322517
,,meadow,,22.039180160222735,50.01147039736322
,,meadow,,22.03816211025711,50.01124704318375
,,meadow,,22.039405514138267,50.01255112338153
,,meadow,,22.03327406617699,50.00351693255869
,,forest,,22.042236757288265,50.00326105436146
,,forest,,22.042607970526912,50.00354974514206
,,meadow,,22.04520133393295,50.00406921098522
,,meadow,,22.044212337969515,50.00427641568948
,,forest,,22.04466606085118,50.00458243968305
,,meadow,,22.038842301298,50.00330571063791
,,meadow,,22.03716708360472,50.00345954977111
,,grass,,22.032211211868102,50.00456726065331
,,meadow,,22.033768356673523,50.02773132080471
,,meadow,,22.03595422082569,50.0282921880825
,,meadow,,22.03453959236681,50.02833180878242
,,meadow,,22.040179181865096,50.0282052169283
,,grass,,21.995073169747585,50.01919888212663
,,meadow,,22.0429489064081,50.01365023355141
,,meadow,,22.040571133369795,50.01333702276929
,,forest,,22.04053633744291,50.01162811752324
,,meadow,,22.043534701990477,50.009464770625556
,,meadow,,22.04424793524064,50.009478746098814
,,meadow,,22.044278126493555,50.00848581992675
,,meadow,,22.045805666566352,50.00772834246399
,,meadow,,22.04614697468048,50.01120736559335
,,forest,,22.043721838638653,50.01024409806213
,,meadow,,22.044179767733787,50.00757638951081
,,meadow,,22.046970483883246,50.01169668580234
,,meadow,,22.047162544841964,50.01075421255794
,,meadow,,22.048041077639986,50.01064816082281
,,forest,,22.048016223359195,50.01005769643508
,,meadow,,22.049067636934637,50.00969221947797
,,meadow,,22.04978915067155,50.008239843621936
,,meadow,,22.05041082452644,50.007533508344295
,,meadow,,22.048431373196845,50.00673216033266
,,meadow,,22.046464141583698,50.00626401473089
,,forest,,22.047149854706465,50.00613924568006
,,meadow,,22.047810861382168,50.006108960779486
,,forest,,22.04576808047857,50.00625720191389
,,meadow,,22.042464980991266,50.00656671207409
,,meadow,,22.043286621946272,50.00674682336991
,,meadow,,22.042237651710582,50.008589021310534
,,meadow,,22.0413611488862,50.00766906579864
,,meadow,,22.042093023744943,50.005587477683
,,meadow,,22.040703966748936,50.009795844028865
,,forest,,22.03922197192619,50.01020057114754
,,meadow,,22.039627734976413,50.01072859727357
,,meadow,,22.03926668981832,50.008590094270104
,,forest,,22.039658803083622,50.005810189883114
,,meadow,,22.03956816837676,50.00673760749365
,,meadow,,22.040135892033863,50.006996820330315
,,meadow,,22.041074380159987,50.005588076981404
,,meadow,,22.040281658038758,50.00567030852256
,,forest,,22.04038874011943,50.00473956419478
,,forest,,22.044477378923993,50.016965971258536
,,grass,,21.97702374691938,50.026916928114574
,,grass,,21.977059372079253,50.027452672237445
,,grass,,21.977573700987847,50.02527865978324
,,grass,,21.975923560069138,50.02688533992129
,,grass,,21.976096200401486,50.02681620362429
,,grass,,21.976231196981495,50.02677314777805
,,grass,,22.011973868532976,50.01800414855533
,,grass,,21.963477678454126,50.042837813025905
,garden,,,22.000373545091012,50.03690814829176
,,meadow,,22.03321951406436,50.0199450216027
,,forest,,22.03345609081556,50.020790032154714
,,meadow,,22.029218365021027,50.021576730355825
,,forest,,22.031077267889152,50.0227315606407
,,meadow,,22.030659387808953,50.02065029062274
,,meadow,,22.03222564691514,50.01927739968884
,,meadow,,22.033601791342935,50.01937095868835
,,meadow,,22.036049170354357,50.0174153989317
,,forest,,22.032090668586584,50.0207923889441
,,meadow,,22.030426541935892,50.019398459527544
,,grass,,22.030567465981004,50.0247209501625
,,grass,,22.01006868791326,50.01836240103353
Rondo im. Rozstrzelanych 1 czerwca 1943 r.,,grass,,21.950478010253654,50.029709519677894
,,grass,,22.03446955732435,50.0325631186386
,,grass,,22.033542954100355,50.03390991228407
,,grass,,22.02967100015275,50.02342149517293
,,grass,,21.998849319483284,50.04054816694136
,,grass,,21.998233433586414,50.03938904953006
,,grass,,21.997475331209188,50.037788297045395
,,grass,,21.997696981554327,50.036940337407
,,grass,,21.997157929334833,50.03683377778492
,,grass,,21.99501960684909,50.03500910269254
,,grass,,21.994166237126233,50.03476112454674
,,grass,,21.993991885697888,50.03460511881841
,,grass,,21.993814925719864,50.03444459582833
,,grass,,21.993843062435527,50.034270971240886
,,grass,,21.99526832753986,50.0336162983042
,,grass,,21.994714274527386,50.03372859291888
,,grass,,21.993900614749574,50.03334088623799
,,grass,,21.99385949186164,50.03353560289639
,,grass,,21.99378030727237,50.03412625236711
,,grass,,21.99779535061643,50.03675160217596
,,grass,,21.99741715779903,50.036037590137425
,,grass,,21.99802350694499,50.036629011690025
,,grass,,21.997791716321533,50.03794064576953
,,grass,,21.997706876869312,50.03774917588845
,,grass,,21.997620091188143,50.03753481343669
,,grass,,21.997562722723266,50.03725160421947
,,grass,,21.996403838591693,50.03717646590453
,,grass,,21.995720564035874,50.0372925705214
,,grass,,21.99666552699398,50.03673088056672
,,grass,,21.996430961197706,50.03659332427755
,,grass,,21.996260509872325,50.03644007398041
,,grass,,21.995718987269992,50.03586748470538
,,grass,,21.995847428526915,50.03593993076264
,,grass,,21.996080684143948,50.036026900081424
,,grass,,21.996225630312882,50.03606309547637
,,grass,,21.996354135403685,50.03609195676471
,,grass,,21.99662517262166,50.036155922401925
,,grass,,21.994447967811265,50.03492478658816
,,grass,,21.995411775336432,50.03568226610379
,,grass,,21.995154031520546,50.03552318541359
,,grass,,21.995083460826987,50.03548802187644
,,grass,,21.994883610855613,50.03517086684788
,,grass,,21.994590602632623,50.03514010948726
,,grass,,21.998060797613455,50.03829428187773
,,grass,,21.998179324001224,50.038792707204166
,,grass,,21.997415159704925,50.03822493259331
,,grass,,21.99736700745214,50.03812735614361
,,grass,,21.99733609235526,50.03804653931735
,,grass,,21.997278627530186,50.03791198183351
,,grass,,21.99724038134101,50.03782770685495
,,grass,,21.997123636152722,50.037575709811605
,,grass,,21.997618842552352,50.035312870890905
,,grass,,21.997676812432402,50.035692401638215
,,grass,,21.997495952048457,50.035794389183714
,,grass,,21.997774708131512,50.03626484053104
,,grass,,21.997562301788346,50.03620883068873
,,grass,,21.995992168285913,50.0346010119089
,,grass,,21.995891152624893,50.03446124952439
,,grass,,21.99581673215304,50.03396358368351
,,grass,,21.995729804565098,50.03372388207013
,,grass,,21.99560562136987,50.033601308102696
,,grass,,21.99797800333802,50.035639902713235
,,grass,,21.99793623630509,50.03569157513043
,,grass,,21.997842117721873,50.03576088005434
,,grass,,21.997751082137846,50.0358694684196
,,grass,,21.9978585305641,50.0358594239575
,,grass,,22.00115996659427,50.035971905917506
,,grass,,22.001110831315597,50.035898563307676
,,grass,,22.00111809031691,50.035776602439704
,,grass,,22.00111832199583,50.03544891695487
,,grass,,22.001060587856998,50.0353951694306
,,grass,,22.001066635843344,50.03528806638658
,,grass,,22.001111672555492,50.03519643398961
,,grass,,22.00071088068451,50.036219341513224
,,grass,,22.00063716276092,50.0362306865041
,,grass,,22.0004848828425,50.03625630188319
,,grass,,21.998982438094576,50.03615479265892
,,grass,,21.987396087902372,50.0323480725631
,,grass,,21.987212964206847,50.031975708300635
,,grass,,21.987087699783512,50.031718235292345
,,grass,,21.98830796287151,50.03119113506108
,,grass,,21.98809112865984,50.03112804792396
,,grass,,21.98805250687034,50.03120779485321
,,grass,,21.987921583929484,50.031415484927685
,,grass,,21.98767265775322,50.03143645851994
,,grass,,21.987844323054883,50.03171571084964
,,grass,,21.987938897746695,50.03191069404123
,,grass,,21.988100820592987,50.03226552485974
,,grass,,21.987892952590446,50.0309638421069
,,grass,,21.987375091679308,50.03137948290926
,,grass,,21.987241548994724,50.03138369233469
,,grass,,21.98705590473121,50.03141028805708
,,grass,,21.987584455346322,50.03104648823098
,,grass,,21.986830811940663,50.0309429070418
,,grass,,21.98664354361333,50.03111327753206
,,grass,,21.986514173591292,50.03131086455274
,,grass,,21.986832015754096,50.0306594576337
,,grass,,21.987108747689163,50.03083627308406
,,grass,,21.98668781210229,50.03136785356196
,,grass,,21.9904250585742,50.03162932762874
,,grass,,21.990270604103447,50.03166925243159
,,grass,,21.990081928652003,50.0316176056765
,,grass,,21.99015754155954,50.03188944520042
,,grass,,21.98976402562797,50.03208144254198
,,grass,,21.9900295165867,50.033262511200256
,,grass,,21.989324075016032,50.03237011408449
,,grass,,21.98960340752693,50.03274051055181
,,grass,,21.988576039065492,50.03194368061823
,,grass,,21.989668445726892,50.032005785167975
,,grass,,21.99030353977444,50.031619711133935
,,grass,,21.990222882844478,50.031828410102584
,,grass,,21.98996294542385,50.03184706739549
,,grass,,21.989320994144624,50.03181298246456
,,grass,,21.988833172025593,50.031621095088674
,,grass,,21.98913620848318,50.03143951165669
,,grass,,21.989061265979608,50.03154332449618
,,grass,,21.98875995244681,50.03140637796925
,,grass,,21.988575359909078,50.03138917591354
,,grass,,21.988975706353383,50.03196379752554
,,grass,,21.988986319411296,50.03191716869069
,,grass,,21.98909277245671,50.03187466082026
,,grass,,21.98865011581579,50.032192072801294
,,grass,,21.988783916497997,50.03217108633833
,,grass,,21.988956488847776,50.03213576869
,,grass,,21.989133014965113,50.03209975993889
,,grass,,21.989440294345844,50.03203573859468
,,grass,,21.989306473697198,50.03206416756278
,,grass,,21.98895196281469,50.0312253512745
,,grass,,21.988993448231074,50.031294881797976
,,grass,,21.988657254124032,50.03129626482033
,,grass,,21.98799218398032,50.03297382070735
,,grass,,21.988054391377275,50.033104362385096
,,grass,,21.988178943591077,50.03336460556161
,,grass,,21.988247382227723,50.03349911506398
,,grass,,21.98677531762543,50.031820990047876
,,grass,,21.987089970929926,50.03213558523363
,,grass,,21.987667037015758,50.033140747312004
Bulwar WSK Rzeszów,park,,,21.996756399023532,50.018530073055075
Plac Ofiar Getta,park,village_green,,22.00640320086809,50.03899867299529
,,meadow,,22.009715556113136,50.008386691557824
Rezerwat Lisia Góra,nature_reserve,forest,,21.988932280449944,50.00983474748182
Skwer im. Kazimierza Górskiego,park,,,22.003904306392833,50.036519969148856
Park Kultury i Wypoczynku,park,,,22.000063262096873,50.02479144833594
Plac Wolności,park,,,22.008782562092414,50.03943817248578
ogródek jordanowski,park,,,21.986799564805974,50.024459353892375
Park im. Inwalidów Wojennych,park,,,21.987304906292508,50.02201791344467
Ogród Miejski im. Solidarności,park,,,21.992972146377433,50.03127636812964
Park im. Władysława Szafera,park,,,22.0402889796959,50.02555844740638
,,grass,,22.073852725495893,50.03902754525225
,,grass,,22.06604086649669,50.038711346332995
,,forest,,22.08513833315866,50.01442337175628
,,grass,,21.99518982099147,50.0233060204178
,,grass,,21.995962320955808,50.02345249521519
,,grass,,21.995747374451838,50.02345362309714
,,grass,,22.022615107394973,50.02444305295749
,,grass,,22.02269675362628,50.02427810975178
,,grass,,22.02241900218951,50.02459560462907
,,grass,,21.97971990610948,50.030996177223614
,,grass,,21.979990162633314,50.03081731052662
,,grass,,21.979985280845618,50.03098337082115
,,grass,,21.98166252470907,50.033261516928796
,,grass,,21.9819360820706,50.03324150957084
,,grass,,21.98409851463689,50.03700687668193
,,grass,,21.983884908508887,50.03708846564879
,pitch,,,21.99158575659341,50.03802151638351
,,grass,,22.018891119061998,50.01319303913786
,,grass,,22.01887655597533,50.01337859279004
,,grass,,22.018906542126274,50.013022605081986
,,grass,,22.01917134059611,50.01337760253609
,,grass,,22.019328235345693,50.01332747589913
,,grass,,22.01995111761753,50.012797463892106
,,grass,,22.019433284238655,50.01273785626543
,,grass,,22.019623266537007,50.012901016938116
,,grass,,22.019699509551216,50.01273085147158
,,grass,,22.020066835462742,50.012959699102545
,,grass,,22.019837508054362,50.01293334703572
,,grass,,22.019742831485324,50.01325378025481
,,,,22.019643167126222,50.01242961014244
,,grass,,22.019578335591795,50.01238516668714
,,grass,,22.019573280734598,50.01247081102541
,,grass,,22.019712250948203,50.012388123039685
,,grass,,22.019708973421462,50.01247242443965
,,grass,,22.019643002109373,50.01242871088099
,,grass,,22.018923409245144,50.01279483765326
,,grass,,22.019082417990614,50.01278830616783
,,grass,,22.01913208838118,50.0130215467605
,,grass,,22.019152842738205,50.01319581841207
,,grass,,22.018623233333333,50.01301243333333
,,grass,,22.019212425521644,50.012882030443365
,,grass,,22.019401535358305,50.013233543544125
,,grass,,22.019807748521597,50.015281814336895
,,grass,,22.019409102073197,50.01525256592046
,,grass,,22.02000031619739,50.013410462725496
,,grass,,22.020350142438,50.01391021483963
,,grass,,22.02053434594794,50.01393279410134
,,grass,,22.020394874852215,50.014024626395546
,,grass,,22.02046742365066,50.01379112440994
,,grass,,22.02048287022462,50.01415381954955
,,grass,,22.020318649622176,50.014167990584326
,,grass,,22.020562511378632,50.014046614586675
,,grass,,22.020522439557645,50.014308538068214
,,grass,,22.020370048081272,50.0142729174945
,,grass,,22.020454573110474,50.01439425925264
,,grass,,22.020307645756017,50.01440457749853
,,grass,,22.020319219569934,50.01493428060204
,,grass,,22.02039616140022,50.01489222724381
,,grass,,22.020412064037117,50.014762976114916
,,grass,,22.020340019356038,50.014679027560426
,,grass,,22.020327584437037,50.0148293318079
,,grass,,22.020432142142884,50.014595695210126
,,grass,,22.020354782385546,50.01449467347263
,,grass,,22.020282470764258,50.01489965444744
,,grass,,22.02042970403795,50.01495260259601
,,grass,,22.020288164556995,50.01476819269612
,,grass,,22.020297524155634,50.01460598562545
,,grass,,22.020445740040497,50.01484622326434
,,grass,,22.020493307740058,50.01451763815194
,,grass,,22.020465175446205,50.014700359279175
,,grass,,22.02034743331888,50.01524437049357
,,grass,,22.0203405017186,50.015056829679125
,,grass,,21.997989795935748,50.04030097630321
,,grass,,21.9980714789803,50.0404498527281
,,grass,,21.99832688417698,50.040321421011335
,,grass,,21.998435276963697,50.04099596802214
,,grass,,21.998409350474976,50.04076721375247
,,grass,,21.997781512180747,50.041169371018036
,,grass,,21.99803074966483,50.04115488251618
,,grass,,21.997518313863907,50.0407701991503
,,grass,,21.99740427390851,50.04143651362304
,,grass,,21.996885243637536,50.040830551386144
,,grass,,21.99683666462707,50.040819064577725
,,grass,,21.997134006189587,50.04091446836082
,,grass,,21.99732159460234,50.0405783142964
,,grass,,21.99738615,50.04126275
,,grass,,22.002260449303666,50.040292761245006
,garden,,,22.00192108918596,50.0398335061074
,garden,,,22.002214704812115,50.03988796949389
,garden,,,22.00164659539573,50.03983769475365
,,grass,,22.002493335019192,50.03999276235677
,,grass,,22.00142162239465,50.04054857823933
,,grass,,22.005084477079265,50.0423678512148
,,grass,,22.034252515329435,50.03200242788157
,,grass,,22.034170314163287,50.031948222070625
,,grass,,22.034250925214746,50.031898303292905
,,grass,,22.03433093233562,50.03195273286926
,,grass,,22.034250272424867,50.03195070096337
,,grass,,22.034491538541356,50.03200917514796
,,grass,,22.034630122663437,50.03177811368338
,,grass,,22.034052094693465,50.031951009508845
,,grass,,22.034254902298336,50.032084262702554
,,grass,,22.034871684978167,50.032020691527194
,,grass,,22.03488017123826,50.03172696731703
,,grass,,22.034156564526814,50.03165464571199
,,grass,,22.036685062843343,50.03154971474902
,,grass,,22.0369382375164,50.03003881783664
,,grass,,22.03731819739044,50.029630934000075
,,grass,,22.036845306943377,50.03094519730291
,,grass,,22.036714256981227,50.03142896427773
,,grass,,22.03681494367451,50.031060405606034
,,grass,,22.036746424765155,50.03131172580499
,,grass,,22.036782320868653,50.031182482929204
,,grass,,22.037126474083454,50.03005140652143
,,grass,,22.036750486865245,50.030808942353005
,,grass,,22.03691299088666,50.03082640916704
,,grass,,22.03897994317047,50.03141290472575
,,grass,,22.039043193760893,50.03118227292621
,,grass,,22.039012706886247,50.031300026718746
,,grass,,22.036853914410344,50.03170525886134
,,grass,,22.036702014406988,50.030423256172256
,,grass,,22.037037721521443,50.02980052546897
,,grass,,22.03845602443515,50.03173660552049
,,grass,,22.02439252165409,50.01762461961903
,,grass,,22.024542176572286,50.01773430482447
,,grass,,22.013769574927977,50.01997733932049
,,grass,,22.01376956188119,50.01980893977627
,,grass,,22.011440289280287,50.01895043329774
,,grass,,22.013779938224694,50.01952839862897
,,grass,,22.01990283399846,50.018918282777626
,,grass,,21.9915364713374,50.038047417070544
,pitch,,,21.991281970844213,50.03818191711584
,,grass,,21.98454047161937,50.02406000022551
Ogrody Bernardyńskie,garden,,,22.000298995390164,50.04032602817517
,,grass,,21.99853801138057,50.039970703582654
,,grass,,21.997841566760076,50.03863240766457
,,grass,,21.997087190086503,50.03651252199184
,,grass,,22.000283026933555,50.04087436612994
,garden,,,21.999149835075297,50.04110494067952
,,grass,,22.00733321038217,50.042477233114994
,,grass,,22.00801393848186,50.041659812393334
,,grass,,22.00763820436393,50.04189741580371
,,grass,,22.007495119811807,50.042597894518586
,,grass,,22.00751034112412,50.04240673715605
,,grass,,22.01036513178733,50.02875885644516
,,grass,,22.00927746343574,50.02905957435533
,,grass,,22.00697755184132,50.02972232909721
,,grass,,22.011900099038908,50.02849832370356
,,grass,,22.014821141766195,50.028483154354404
,,grass,,22.010832413906506,50.02865542689288
,,grass,,22.016896658443855,50.02947289472881
,,grass,,21.97590490047876,50.030425633719794
,,grass,,21.97605042655312,50.02700677349714
,,grass,,21.976461814170875,50.027521687954625
,,grass,,21.976253312879816,50.02694282671297
,,grass,,21.976523060640464,50.03048159288578
,,grass,,21.97623181580004,50.027098764539666
,,grass,,21.97595249745441,50.027098588074026
,,grass,,21.976460124252863,50.027114807879926
,,grass,,21.97620121318126,50.030242878830585
,,grass,,21.976338268169147,50.02890932297178
,,grass,,21.97621353649224,50.03065594548163
,,grass,,21.976624145732924,50.026403278946106
,,grass,,21.97701605918288,50.027355183153325
,,grass,,21.976755546143472,50.027347780842916
,,grass,,21.976200353230315,50.027238144062515
,,grass,,21.976835801955335,50.03053025459955
,,grass,,21.975610497463627,50.03041773966032
,,grass,,21.9782709953384,50.04049668414449
,,grass,,21.97801030254308,50.040548957340874
,,grass,,21.977449616027148,50.04064980865625
,,grass,,21.976829962332847,50.03758816402903
,,grass,,21.977614183177433,50.040458405173474
,,grass,,21.97784941871123,50.04073399089524
,,grass,,21.977087336788745,50.03768229165549
,,grass,,21.97653628733413,50.033389982919886
,,grass,,21.97669620664266,50.03481379151901
,,grass,,21.976332057338986,50.0318885439143
,,grass,,21.97723570028239,50.038883648313345
,,grass,,21.976949108922767,50.03671513902091
,,grass,,21.977164997947057,50.04067585132607
Park Sybiraków,park,,,21.97951195212322,50.05018063695414
,,grass,,21.982246810466734,50.04551853005878
,,grass,,21.982425390256555,50.04507104525133
,,grass,,21.981641648687937,50.04576203957808
,garden,,,21.983660186080993,50.04497044189687
,,grass,,21.978194591701303,50.041161269009166
,,grass,,21.97913497292047,50.04205253576269
,,grass,,21.98003057015083,50.042856919469074
,,grass,,21.98150128722595,50.044212037277426
,garden,,,21.98270316431476,50.04534676916542
,,grass,,21.983183388848904,50.045171646575085
,,grass,,21.9830527909257,50.04559250672895
,,grass,,21.983498767870415,50.0454107236086
,,grass,,21.987258084077368,50.04892480420598
,,grass,,21.98643299125671,50.04823188488987
,,grass,,21.984458886320986,50.04660104844619
,,grass,,21.9882460214287,50.049767852863035
,,grass,,21.985412556558526,50.0473676115206
,,grass,,22.01966731156906,50.02841606376673
,,grass,,22.020643560528743,50.02873140136271
,park,,,22.03117768385277,50.003518938097145
,,grass,,22.018411234215364,50.01793864370703
,,grass,,22.023420692709873,50.01805116848314
,,grass,,22.02519829972556,50.01838968991224
,,grass,,22.02905017481591,50.02244539760228
,,grass,,22.02086193960043,50.01797195783353
,,grass,,22.02735597825579,50.02005437620342
,,grass,,22.033287396717242,50.032502812338514
,,grass,,22.032981951945867,50.03224705168124
,,grass,,22.03323866638344,50.03297708310116
,,grass,,22.03359949187992,50.03250946278896
,,grass,,22.0329062294272,50.034750673533836
,,grass,,22.033382515753818,50.03203447847407
,,grass,,22.02987839519718,50.02367465472329
,,grass,,22.033058100293154,50.03650156636837
,,grass,,22.032438980015574,50.02757424093747
,,grass,,22.032780604639527,50.027234838496135
,,grass,,22.033035386848447,50.03408259488727
,,grass,,22.033330237939186,50.035049967332235
,,grass,,22.032167977260805,50.027601810051664
,,grass,,22.032859433372494,50.03637556246136
,,grass,,22.03272223604998,50.037024356808836
,,grass,,22.032765360447385,50.03553904690055
,,grass,,22.03163954984493,50.02635711161113
,,grass,,22.03326771523222,50.03418234981514
,,grass,,22.03362106000183,50.03011110555936
,,grass,,22.031987269467976,50.02761578568538
,,grass,,22.033317235303546,50.03228112669515
,,grass,,22.032472670109343,50.02724796867539
,,grass,,22.033863748718645,50.03249687472685
,,grass,,22.034060962613434,50.032416859463716
,,grass,,22.034235177550837,50.032266639288395
,park,,,22.003419314217812,50.0474191556894
Park Papieski,park,,,22.02098938029352,50.01524633995418
Park Zdrowia,park,,,21.978646447162017,50.03840973586527
,,grass,,21.973426235648166,50.04824461495969
,,grass,,21.98556755156784,50.0234915486706
,,grass,,21.98494239305301,50.024038822411036
,,grass,,21.984797224253477,50.023935654106005
,,grass,,21.985895066666668,50.0235969
,,grass,,21.986185453767703,50.0237240646057
,,grass,,21.985345278570463,50.02361842533234
,,grass,,21.986031443023204,50.023639574752096
,,grass,,21.985856057363875,50.02352587451594
,,grass,,21.984987416056672,50.02366632060557
,,grass,,21.984647634229596,50.02382834648644
,,grass,,21.984957700222626,50.023869222219076
,,grass,,21.98511132186471,50.02372167820502
,,grass,,21.986409510499623,50.0238614698543
,,grass,,21.97282073701184,50.049779383304056
,,grass,,21.97604198531186,50.048023804597555
,,grass,,21.975123037792336,50.04852459218082
,,grass,,21.973783865680748,50.04961148238403
,,grass,,21.979273524123485,50.04671105962491
,,grass,,21.973196422151304,50.04993362678665
,,grass,,21.973370982911483,50.050235033715175
,,grass,,21.974758094772096,50.04858794829544
,,grass,,21.973715033319973,50.0494242871679
,,forest,,21.985557393213,50.02022792707512
,,grass,,22.00058333157284,50.04022358515741
,,grass,,22.00042332786823,50.040330804723745
,,grass,,22.00045244850639,50.04022589858367
,,grass,,22.000383737965144,50.04044309217328
,,grass,,22.000617266695535,50.04032953625276
,,grass,,22.00064791032227,50.04044032810812
,,grass,,22.000825611354383,50.04026674355923
,garden,,,22.000350106890544,50.04055885003377
,garden,,,22.000694507867227,50.04055753463227
,,grass,,22.000899112705245,50.040414150918295
,,grass,,22.00072856939957,50.04017887029858
,,grass,,21.99971653964025,50.04049153380227
,,grass,,22.00095378816887,50.04013958022508
,,grass,,22.000834595217533,50.040093938724965
,,grass,,22.0005281854494,50.040621292555905
,garden,,,21.999891572281076,50.040409918102526
,,grass,,21.999924716276432,50.04025198382118
,,grass,,21.999797678876362,50.04017038135679
,,grass,,22.000132327181024,50.04038780868011
,,grass,,22.032803008175442,50.04667660849711
,,grass,,22.0336787104881,50.0497662018921
,,meadow,,22.033489465995928,50.050405645990125
,,grass,,22.03116337940441,50.050015568288515
,,grass,,22.034243615819197,50.049587752383616
,,grass,,22.034403255291625,50.04971114562912
,,grass,,22.032376461188957,50.049962827967676
,,meadow,,22.02421760048878,50.043062850796716
,,meadow,,22.025272060648916,50.04337743941203
,,,wood,22.02334621717895,50.044321091518356
,,meadow,,22.02524631495561,50.04047326232322
,garden,,,22.0023449671691,50.03394186392163
,,grass,,21.999028971836417,50.040870594212414
,,grass,,21.999501642209072,50.04101033760034
,,meadow,,21.9636141409957,50.04828756357748
,,meadow,,21.95955572480146,50.046125361285014
,,meadow,,21.961172299775495,50.0461752199475
,,meadow,,21.956419256699764,50.04459637575826
,,meadow,,21.957798346289096,50.04881437560547
,,meadow,,21.964062875939405,50.04651959874008
,,meadow,,21.96577664684168,50.047467491565875
,,meadow,,21.964933259008074,50.04958910667395
,,meadow,,21.9685838589322,50.04925156122638
,,meadow,,21.968392566014934,50.048198904345504
,,meadow,,21.966729095889765,50.04894032259182
,,meadow,,21.96457102502137,50.05003991029715
,,meadow,,21.96704148470064,50.050288941558094
,,meadow,,21.96240519429589,50.048430447242666
,,meadow,,21.960785098099894,50.0475983247895
,,meadow,,21.96209691673047,50.04778632750219
,,meadow,,21.96176146559096,50.04715463980776
,,meadow,,21.951922356724026,50.0515390085285
,,meadow,,21.95658218385755,50.04993200647007
,,meadow,,21.954386041397246,50.049674971430285
,,meadow,,22.026240505128136,50.03396880527213
,,meadow,,21.972002477660606,50.04962433651754
,,meadow,,21.972387409711803,50.047864058128106
,,forest,,21.957955925367493,49.95244491533894
,,forest,,21.96012156227669,49.94886586799617
,,forest,,21.95559259517669,49.97325130823824
,,forest,,21.95626801047787,49.95971268138562
,,forest,,21.949278567359176,49.958127043163536
,,forest,,21.955740792478423,49.97250307633139
,,forest,,21.951841702842486,49.97174146418602
,,forest,,21.95332941236616,49.97282679041664
,,forest,,21.949957864630353,49.969710577481926
,,forest,,21.955114316767457,49.96684609051826
,,forest,,21.953180588585568,49.96598197524331
,,forest,,21.959796148770042,49.969673110527886
,,forest,,21.958233345622286,49.953854364518115
,,forest,,21.951431512652842,49.96501776134756
,,forest,,21.955595002535375,49.966243824029114
,,forest,,21.95068431355505,49.96286483885108
,,meadow,,22.02986442560415,50.04114078094811
,,forest,,21.998936616593515,49.946634532729256
,,forest,,21.996141303934383,49.94937886395496
,,forest,,21.99913045972006,49.95438483765839
,,meadow,,22.031957598988356,50.04274507280134
,,meadow,,22.027822435207217,50.04431141312275
,park,,,22.025973577063258,49.96468677326166
,,meadow,,22.012456834456298,50.03520329915769
,,forest,,22.064353560285173,49.94798389781336
,,forest,,22.043696926516326,49.94687351955931
,,forest,,22.053968522021453,49.95007579993994
,,forest,,22.04428845384168,49.955471525043826
,,forest,,22.042542330329766,49.94905501255371
,,forest,,22.050021296462045,49.9544203791479
,,forest,,22.04608415993197,49.951701930181585
,,forest,,22.076011324487165,49.951753627710076
,,forest,,22.07309782532455,49.94780574192429
,,forest,,22.104445073534585,49.9658560910881
,,forest,,22.07473356088868,49.95497995536251
,,forest,,22.08171301579467,49.956428199417914
,,forest,,22.073969539936858,49.95520301176845
,,forest,,22.080264213319303,49.9519895910279
,,forest,,22.07680601796284,49.95537400598541
,,forest,,22.095722902944136,49.969893069993226
,,forest,,22.10282329769468,49.96975457052977
,,forest,,22.076902607498408,49.9561968116465
,,forest,,22.08745497140883,49.951402329416425
,,forest,,22.049747739953556,49.984723842098255
,,forest,,22.06463917231479,49.974331497712924
,,forest,,22.0702775098572,49.98028239693843
,,forest,,22.05441640506738,49.97728317807787
,,forest,,22.07952760099551,49.983368966754895
,,forest,,22.049979001737025,49.97959076045787
,,forest,,22.061543725370957,49.983745955016225
,,forest,,22.053733793994887,49.97222485895997
,,forest,,22.064328735818183,49.96821888292217
,,forest,,22.05857908822936,49.97363403694503
,,forest,,22.086882508509508,49.97612317019527
,,forest,,22.059242841345196,49.98217496278338
,,forest,,22.076350200557826,49.976110962958145
,,forest,,22.065992816199998,49.972975252399394
,,forest,,22.04283306920833,49.97357892901425
,,forest,,22.054832465027346,49.983720386787304
,,forest,,22.05228550407055,49.97140170953447
,,forest,,22.063273590761682,49.979298744146035
,,forest,,22.04621301773896,49.97147564459303
,,forest,,22.056149380867275,49.97996317692703
,,forest,,22.08188621859688,49.97574085100728
,,forest,,22.04021090456919,49.975922868415665
,,forest,,22.07936430678311,49.968699712264495
,,forest,,22.094876181551665,49.99788121566713
,,forest,,22.07139671855915,49.97281292242098
,,forest,,22.077516615834345,49.97237603252948
,,forest,,22.094588777080794,49.992968538043925
,,forest,,22.09444881299205,49.97057891871782
,,forest,,22.07925257674953,49.97298003551741
,,forest,,22.081205145496764,49.99432711599371
,,forest,,22.07631933643629,50.00068631327904
,,forest,,22.087699048197255,49.96853614755271
,,forest,,22.074115008657373,49.97222865358226
,,forest,,22.094454727602585,49.97858421214969
,,forest,,22.096479392490394,49.96566443908388
,,forest,,22.089396577580466,49.99032981039405
,,forest,,22.07499501096937,49.99912455861318
,,forest,,22.09759640914204,49.98788811895482
,,forest,,22.09405509770764,49.98371485766896
,,forest,,22.088899472965835,50.005026902404325
,,forest,,22.091903261499272,50.0019368840764
,,meadow,,22.012577960275443,50.0296046152374
Skwer im. Jana Stefana Kotowicza,,grass,,22.003688057059197,50.034223304934336
,,grass,,21.988329821042985,50.02206864627495
,,grass,,21.98902044484189,50.022979427542815
,,grass,,21.988054495972968,50.022001073685544
,,grass,,21.986512282090185,50.02175166886361
,,grass,,21.987069716316906,50.02161551603189
,,grass,,21.986699621923275,50.022121973628586
,,grass,,21.988071789595743,50.021831237155354
,,grass,,21.987273406554294,50.02247347469446
,,grass,,21.987877744241384,50.02236336853492
,,forest,,22.077335609949763,49.96337413517745
,,grass,,21.981106820390785,50.042308708424045
Park Jedności Polonii z Macierzą,park,,,21.99582616083626,50.03837344398006
,,forest,,21.991834252785406,50.01151515029879
,,meadow,,21.991431072612176,50.00998984077444
,,forest,,22.001877158828005,50.017977143303256
,,,grassland,21.999354220922612,50.007070370075766
,,,grassland,21.998660313152282,50.00586505969065
,,meadow,,21.998198887919724,50.01086446350769
,,forest,,21.995428735886478,50.004248114964184
,,meadow,,21.999261973725464,50.006236805897245
,,forest,,21.99979685517707,50.024846347055146
,,forest,,21.999435909515583,50.0252933496109
,,forest,,22.000301425372857,50.02543090514579
,,forest,,21.998583123609357,50.024216679008525
,,forest,,22.00680354895353,50.01561833508388
,,meadow,,22.00347815886385,50.01238654558769
,,grass,,22.018850350361774,50.03331962084955
,,forest,,21.95185391539593,49.97407344439381
,,meadow,,21.98520005237492,50.02772975025372
,,meadow,,21.985763080761284,50.027602641534365
,,forest,,21.95604540737427,49.95622467011588
,,forest,,21.95064126976832,49.957935133624936
,,forest,,21.953341738941173,49.95757003422631
,,forest,,21.98307745000074,49.9461319337393
,,forest,,22.08326308794289,49.95802340299766
,,forest,,22.076682533469793,49.9595937279995
,,forest,,22.08199053799058,49.962495302598285
,,forest,,22.079083471309996,49.961088548247226
,,forest,,22.086514210910227,49.959734147295656
,,forest,,21.982885450975193,49.95311551588748
,,forest,,21.979815410839688,49.95848059085776
,,forest,,21.978348546301902,49.949154822940436
,,forest,,21.977873156221033,49.95930245262806
,,forest,,21.97892575838956,49.949717658437464
,,forest,,21.976725210400936,49.96012739137092
,,forest,,21.97515666755331,49.958911938893095
,,forest,,21.976952754711014,49.952505528226716
,,forest,,21.992154964813402,49.950867745676504
,,forest,,21.979008961267958,49.95920744352793
,,forest,,21.97616539642218,49.95437327183054
,,forest,,21.97483890834579,49.95570808834964
,,forest,,21.99467071178867,49.96028067443746
,,,water,21.95668330588133,49.98025292278047
,,forest,,21.95630316717076,49.970578111253396
,,forest,,21.95739908121301,49.972482235606115
,,forest,,21.971303308844497,49.97568965673026
,,forest,,21.95907696580194,49.97396287377707
,,forest,,21.955848881742952,49.98655814647965
,,forest,,21.96461772096321,49.95650891020143
,,forest,,21.966147849606454,49.96712519789016
,,forest,,21.954661390104526,49.985235929386285
,,forest,,21.954701343087784,49.98019838542871
,,forest,,21.95853052061532,49.973335075353454
,,forest,,21.97410527058579,49.97296839442717
,,forest,,21.97214244804587,49.974316381306885
,,forest,,21.997812706911336,49.952163531989086
,,forest,,22.00669614324816,49.95058765013773
,,forest,,21.999224316949242,49.949869372559306
,,forest,,22.007172515680583,49.94969061510475
,,forest,,22.00295908496219,49.95428417262244
,,forest,,21.996295032523488,49.951084782009495
,,forest,,22.00636920221912,49.952418181737144
,,forest,,22.005318353672045,49.9513430471767
,,forest,,22.031542209790455,49.95006734991257
,,meadow,,22.07516924850779,50.03906490513899
,,meadow,,22.07917486367749,50.03958551444193
,,meadow,,22.082877820855956,50.03962730196596
,,meadow,,22.08109777784877,50.03678821435354
,,meadow,,22.087045755145613,50.03427754292616
,,meadow,,22.084583886387563,50.03480605949344
,,forest,,22.07361491603295,50.042377629971895
,,forest,,22.073983224709636,50.04294945713731
,,forest,,21.977852731098398,49.9707860870378
,,forest,,21.972100211548078,49.96655643587156
,,,water,21.966186168091657,49.991070795091034
,,,grassland,21.97895659607629,49.99257206774036
,,,water,21.96481349982618,49.99013305530952
,,forest,,21.97966888255285,49.99254158250232
,,forest,,21.97253750209481,49.99212396210078
,,forest,,21.978529367386642,49.99290976648967
,,forest,,21.9795398800819,49.984887878746406
,,forest,,21.98503279974536,49.99953850301427
,,forest,,21.995018050943965,49.9970803714411
,,forest,,21.972036461271294,49.992448408184295
,,forest,,22.014003550944725,49.98219230549485
,,forest,,22.016656050153333,49.99940291143162
,,forest,,21.997518249865898,49.962983604575804
,,forest,,22.000027108064113,49.96220355646554
,,meadow,,22.000597232071936,50.007810715641575
,,forest,,22.00316688773113,49.97878443792728
,,forest,,22.068337312778105,49.96575938985506
,,grass,,22.000977500508267,50.03974309281044
,,grass,,22.032645156690744,50.037465506353634
,,forest,,22.062610535663943,49.98893587580464
,,forest,,22.034145635129356,49.994010965000655
,,forest,,22.05336919851968,49.99169192973604
,,forest,,22.050560685132545,49.99085476754698
,,forest,,22.064370087921763,50.004720204019826
,,forest,,22.048423858099806,49.995137838113216
,,,wood,22.05320119251128,49.99800051686707
,,forest,,22.05215204927073,49.994775407036705
,,forest,,22.061500738907498,49.99301943322213
,,forest,,22.060388794496255,49.99135398218845
,,forest,,22.03538833114414,49.99157289767435
,,forest,,22.058575839211787,50.00909890842737
,,forest,,22.060183668942443,49.9923386977816
,,forest,,22.058529619570013,50.00800886340743
,,forest,,22.056905437945534,49.99983659511473
,,forest,,22.040077572888226,49.9902565651394
,,forest,,22.035821902158073,49.98941029014951
,,forest,,22.06741742874756,50.002003399431366
,,forest,,22.05245329571567,49.993145085567264
,,forest,,22.050318000610574,50.00036183312881
,,forest,,22.050902764817724,49.98883426327216
,,forest,,22.056969419856625,50.007831856585305
,,forest,,22.066134677125333,49.99817234335226
,,forest,,22.061862750383675,50.007817609965414
,,forest,,22.04664636586607,50.00263699922749
,,forest,,22.053348072272534,49.99424757142277
,,forest,,22.05150108782705,49.99268268746829
,,forest,,22.055161518935684,49.98982201193314
,,forest,,22.057361936708084,49.989436998665305
,,forest,,22.041439020352023,49.99530511328659
,,forest,,22.04521984814678,49.99154806716841
,park,,,22.04730617601487,49.979695881752946
,park,,,22.048112078304822,49.98109581245402
,,forest,,22.045519593239078,49.978838079578814
,,forest,,22.045854479182648,49.97807587615925
,,forest,,22.047652578753823,49.98167902438701
,,forest,,22.044655383853623,49.980721133057905
,,forest,,22.04614406518598,49.98057490703996
,,forest,,22.048210845459398,49.9821360540434
,,forest,,22.043266465375403,49.98218276109091
,,forest,,22.04756249109213,49.982544097247306
,,forest,,22.014799537902352,49.958613604388155
,,forest,,22.032491908233887,49.953441096405065
,,forest,,22.039501179321988,49.952870901679645
,,forest,,22.027073187932587,49.963045740570266
,,forest,,22.013314407019173,49.956288167610516
,,forest,,22.04343062295706,49.95172526829266
,,forest,,22.04017036720311,49.952429884984774
,,forest,,22.018403608553275,49.95274887212879
,,forest,,22.041363356764453,49.953135298481435
,,forest,,22.019119702381616,49.954281868807115
,,forest,,22.01026967781936,49.95601781378102
,,forest,,22.042361164036507,49.95137049968735
,,forest,,22.016728246317165,49.962261640594306
,,forest,,22.017701258483942,49.96074013480558
,,forest,,22.015976477317952,49.96372911824351
,,forest,,22.02052973660802,49.950091914705915
,,forest,,22.02692049812437,49.95014111126613
,,forest,,22.03502459588109,49.95675073023566
,,forest,,22.01124178931819,49.954581171307005
,,forest,,22.017405884725964,49.95896793840438
,,forest,,22.03940334288169,49.951982963082685
,,forest,,22.006756663057104,49.95672626104512
,,forest,,22.01165089828877,49.95046444066577
,,forest,,22.025067369349827,49.95739775077403
,,forest,,22.012843474856755,49.95985639468569
,,forest,,22.018263179555294,49.959543024372735
,,forest,,22.04313245686899,49.95371073921323
,,,water,22.00521012374493,49.96484233000801
,,forest,,22.035282152279578,49.970222132448455
,,forest,,22.0072019807447,49.964422242237035
,,forest,,22.09318844518928,49.9656430614217
,,forest,,22.079007593216286,49.965842431228786
,,forest,,22.07656156347935,49.96668255024348
,,forest,,22.08814605267575,49.96558213356276
,,forest,,22.09149591892476,49.96507809542139
,,forest,,22.08424573943446,49.96621250211157
,,forest,,22.09088426180946,49.96567175605679
,,forest,,22.081297781719506,49.96702141079592
,,forest,,22.060869030610494,49.953621784919505
,,forest,,22.078660772576534,49.96465867442668
,,forest,,22.074103115124803,49.96409237349796
,,forest,,22.060628273952588,49.955686962254845
,,forest,,22.05153341090051,49.969241879649715
,,forest,,22.080136364708274,49.96715657769818
,,forest,,22.078461344546476,49.965492326258094
,,forest,,22.056215100776036,49.959303224944286
,,forest,,22.008123345686414,49.964551284077906
,,forest,,22.060441148025546,49.95248140301792
,,forest,,22.09094322992624,49.96520600427112
,,forest,,22.10175619800426,50.00353630963302
,,meadow,,22.014868835938547,50.03690798673898
Park Błogosławionej Karoliny Kózki,park,,,21.96534425455874,50.04291283489328
,,forest,,22.069656896165004,50.00864400670997
,,forest,,22.07572291564606,50.003607165232154
,,forest,,22.079046961825956,50.00443888741269
,,forest,,22.076667767435254,50.002836718740234
,,meadow,,22.072167409069845,50.00426965485883
,,meadow,,22.069568655180294,50.00462874657257
,,meadow,,22.07724126201027,50.00383038773806
,,meadow,,22.078811788042344,50.00289029007899
,,meadow,,22.076888047299803,50.003352144866184
,,forest,,22.076398179185848,50.005453143523305
,,meadow,,22.06986305703182,50.00067835082062
,,meadow,,22.06952279577346,50.003483800194815
,,meadow,,22.073930599677496,50.00133748438452
,,forest,,22.07169703314707,50.000013398984905
,,meadow,,22.07019803705687,50.00131502324311
,,forest,,22.070896151496235,50.00069327189019
,,meadow,,22.06996799002728,50.00170605566141
,,meadow,,22.07080000400201,50.00232191921871
,,meadow,,22.068712834363758,50.00441574401097
,,meadow,,22.07583378955226,49.99784474848427
,,meadow,,22.07112241884881,49.99910419005182
,,meadow,,22.072613718241435,50.000392672433655
,,meadow,,22.06980880805682,50.00419581485879
,,forest,,22.067064466972166,50.019227987267364
,,meadow,,22.044167534003066,50.02806645044825
,,forest,,22.079453884948148,50.02124890798123
,,forest,,22.07538255126104,50.0221285802726
,,forest,,22.082646986778524,50.02271383683247
,,forest,,22.079826300212037,50.022181559333184
,,forest,,22.077374755378965,50.02381914584418
,,grass,,21.999374895178963,50.04801754924971
,,grass,,22.017188131686574,50.01792226073568
,,grass,,22.013887555507882,50.01791474251889
,,forest,,22.033675860312535,49.986910403053294
,,forest,,22.03016872822015,49.989794952977824
,,forest,,22.026671225378802,49.994388260876946
,,forest,,22.030668517939105,49.978974823814156
,,forest,,22.035628934503325,49.98342688079205
,,meadow,,22.03243946518742,49.99561895528326
,,forest,,22.035801637021663,49.98033048175131
,,forest,,22.02806970754595,49.98053505166935
,,meadow,,22.03514751283676,49.974662260908296
,,forest,,22.024643068089496,49.97718567919473
,,meadow,,21.98354908402285,50.00655551089633
,,forest,,21.98287835084373,50.00665088711939
,,meadow,,21.980088397807872,49.995907277032686
,,meadow,,21.977953950395207,49.997345761094806
,,meadow,,21.976480443807613,49.99552070488507
,,meadow,,21.981933627327926,50.004872306488934
,,forest,,21.9780844984109,50.00011897734759
,,grass,,22.018543726930982,50.01346648309978
,,grass,,22.019789097967028,50.012461989620526
,,grass,,22.018820172273095,50.01262353825528
Biały Ogród,park,,,22.000883534897863,50.037830254712894
,,meadow,,21.955977259622312,50.03214815699667
,,forest,,21.966908838832897,50.032677336223735
,,meadow,,21.962853889060195,50.03177788172211
,,forest,,21.961644535000627,50.03325710518615
,,meadow,,21.96436111843123,50.03485254488115
,,meadow,,21.96210782362441,50.03379139895443
,,meadow,,21.963921052374435,50.032299742420044
,,meadow,,22.00907508341752,50.002276425673045
,,forest,,21.99530472218964,50.016462010039945
,,meadow,,22.020815175403932,50.0336208526647
,,meadow,,22.000813602967916,50.031891396006024
,,grass,,21.999829086120446,50.03242339356044
,,meadow,,22.000881951081404,50.032940931969
,,meadow,,21.999827345236476,50.0320550911728
,,grass,,22.007974052451978,50.038604139018815
,,meadow,,21.979772268276406,50.03597997982774
,,meadow,,22.00150539067086,50.03154098182657
,,meadow,,22.015231078011986,50.03956841840768
,park,,,21.996276322952145,50.03213028673307
,garden,,,21.994549918197944,50.03187350147692
,garden,,,21.994841871438798,50.03169845110968
,,grass,,21.983625499916318,50.04601220736877
,,grass,,22.001149322924466,50.03842001406946
,,grass,,22.00110035907222,50.03826603441942
,,grass,,22.00162663840189,50.0381918168648
,,grass,,22.001482214575834,50.03813920545582
,,grass,,22.00081202658934,50.03837518408798
,garden,,,22.001001163971974,50.03847996439185
,,meadow,,22.018488220280993,50.043907367219006
,,meadow,,22.018985732509556,50.04305926785517
,,forest,,22.01632303449645,50.041512257951716
,,forest,,21.950660609047084,49.97980947639455
,,forest,,21.954462939308044,49.97940162870512
,,forest,,21.955523258802923,49.979358979612236
,,forest,,21.955402256891002,49.979043850794866
,,,grassland,21.9538358754173,49.98284148479416
Ispa,,,grassland,21.953261605208272,49.980592776268324
,,,grassland,21.954757813357716,49.97847520234768
,,,grassland,21.95106354512342,49.97924784166269
,,,grassland,21.95447235371079,49.979308557044284
,,,grassland,21.95562011388941,49.97935255871055
,,,grassland,21.953029930219707,49.97945068190073
,,,grassland,21.95028057314703,49.98047493335196
,,,grassland,21.950272046816178,49.9800264860004
,,,grassland,21.95109689077681,49.98251811208855
,,,grassland,21.950781994560657,49.98362879044051
,,,grassland,21.950719837303758,49.98386204135002
,,forest,,21.95066726595906,49.98307103061227
,,,grassland,21.955338879010974,49.98548969461612
,,,grassland,21.952788775579993,49.983851412278085
,,,grassland,21.953256619057978,49.984868435265085
,,,grassland,21.95329100902056,49.985521651929545
,,,grassland,21.95489438682766,49.986355792449764
,,,grassland,21.951873569494232,49.98471704579657
,,,grassland,21.956234846245785,49.98764860559842
,,,grassland,21.95945638455642,49.989599437061976
,,,grassland,21.96053456666667,49.989572566666666
,,,grassland,21.961795067966314,49.988310682981506
,,,grassland,21.958104879533852,49.986627571002074
,,,grassland,21.95587035908149,49.9869541143385
,,,grassland,21.952397375423008,49.98335518726759
,,,grassland,21.951369431362007,49.98356380390675
,,,grassland,21.95388070276037,49.985935786083296
,,,grassland,21.95502147479258,49.98718045236924
,,,grassland,21.955390481595398,49.984965050576676
,,,grassland,21.955574783550396,49.986829414432215
,,,grassland,21.952672028504093,49.9848047090238
,,,grassland,21.96075760499573,49.989367484104115
,,,grassland,21.961077037422157,49.9901065781539
,,,grassland,21.962913859619857,49.9891674965252
,,forest,,21.959761815363915,49.98950998204474
,,forest,,21.959815722003842,49.988564712006344
,,forest,,21.9608500764654,49.989239799566185
,,meadow,,21.957606130144832,49.987857952218974
,,forest,,21.961049392104933,49.988794405578965
,,meadow,,21.961358552283176,49.98947557627285
,,meadow,,21.96232504700276,49.98915782060808
,,forest,,21.955191567322554,49.987579411046575
,,forest,,21.9552411389592,49.986358320022184
,,meadow,,21.95363396968487,49.98627431544463
,,,grassland,21.954031979269615,49.98687909901944
,,,grassland,21.9516512824919,49.9848417000362
,,,grassland,21.954172159183013,49.987393601386074
,,forest,,21.952919249126396,49.98589930772869
,,,grassland,21.958858734017152,49.99020430307421
,,,grassland,21.960668855738678,49.99028654554537
,,,grassland,21.957564753339298,49.988820266670615
,,,grassland,21.956106175249477,49.98891790665531
,,,grassland,21.95695025286117,49.9897450232426
,,,grassland,21.957552902143313,49.98940190590096
,,,grassland,21.96220032465903,49.99041098271761
,,,grassland,21.958210235895447,49.98906735077259
,,,grassland,21.96036426505443,49.99168314568478
,,forest,,21.961784779475003,49.99246383783634
,,meadow,,21.960997351710144,49.99087460590007
,,forest,,21.963883157226544,49.99124558982314
,,forest,,21.959822707048744,49.99160829818176
,,forest,,21.960256834097788,49.99188085593766
,,grass,,21.958366570886167,49.991664540861855
,,meadow,,21.96303565295619,49.99155037944483
,,grass,,21.958625602932873,49.99189917507244
,,forest,,21.958174949893458,49.990183003254664
,,meadow,,21.959515134731426,49.99095783357593
,,forest,,21.961695333926865,49.99326732453925
,,,grassland,21.955910043484817,49.990274056999404
,,,grassland,21.956197990711207,49.99144988026967
,,,grassland,21.956061337053345,49.99112285428065
,,,grassland,21.951967006970573,49.98719256923431
,,grass,,21.957886498783044,49.99154505312553
,,forest,,21.95798462466556,49.99246456327557
,,grass,,21.95014176583324,49.98710479758788
,,grass,,21.956849292213793,49.99261510475572
,,,grassland,21.949573395251925,49.990130514314345
,,forest,,21.949890028341276,49.990004224845286
,,forest,,21.951012871895884,49.990378253501596
,,,grassland,21.95779716439823,49.99279251668395
,,,grassland,21.954460886602952,49.99332346664256
,,,grassland,21.953229217542958,49.993432411453064
,,,grassland,21.95021217772711,49.993992234869
,,,grassland,21.9585522658082,49.99331993401692
,,,grassland,21.96111796343615,49.992068734948056
,,,grassland,21.949803136216396,49.99234926348758
,,,grassland,21.950522880516147,49.992301047990225
,,,grassland,21.953269672924726,49.9926517679399
,,forest,,21.954057184748702,49.99237198968766
,,forest,,21.954438075023425,49.99372614369274
,,grass,,21.954959669100557,49.99146276713985
,,grass,,21.957998847377254,49.993040589371915
,,forest,,21.954765632143953,49.99305948471752
,,grass,,21.95554095984507,49.99169642049451
,,grass,,21.95567186758799,49.99182716472183
,,forest,,21.955587679428582,49.99359334257608
,,forest,,21.95083630832713,49.99195117173437
,,forest,,21.950502361081824,49.99194147832418
,,,grassland,21.952274050209333,49.99163770154306
,,,grassland,21.952251346273005,49.99211384510973
,,grass,,22.004657960271,50.040939331153126
,,,grassland,21.956186402142276,49.961022378727904
,,,grassland,21.954995251312702,49.96558956751734
,,,grassland,21.953438600867457,49.970378481023126
,,,grassland,21.95674919183702,49.965384601050424
,,,grassland,21.958448300624138,49.96173873994541
,,,grassland,21.958080376696607,49.962479527424165
,,,grassland,21.95131440003904,49.96053590166578
,,,grassland,21.953610962840372,49.9653415372354
,,,grassland,21.957812148578817,49.966800848174614
,,,grassland,21.952053630315813,49.96046344264906
,,,grassland,21.95071923012306,49.969095814148886
,,,grassland,21.95398869206107,49.9680390509011
,,,grassland,21.949923128769182,49.970547696381495
,,,grassland,21.954572612000433,49.96722279439564
,,,grassland,21.951442138132766,49.96954657688897
,,,grassland,21.951125031576662,49.96388457808801
,,,grassland,21.958100385974227,49.9655873058096
,,,grassland,21.954404086850264,49.971293729866105
,,,grassland,21.952350099325773,49.96800588647414
,,,grassland,21.95213742835306,49.96438940439453
,,,grassland,21.953519234051896,49.97236951901643
,,,grassland,21.95489135969307,49.963740673349804
,,,scrub,21.953442638502022,49.96043637732983
,,,grassland,21.951091501018823,49.96719705349123
,,,grassland,21.95201746572955,49.970971358972704
,,,grassland,21.957393684721243,49.963851454459295
,,,grassland,21.95519918190744,49.969480570358094
,,,grassland,21.955429490612048,49.970665599359734
,,,grassland,21.949409700732435,49.96120300593682
,,,grassland,21.951545295869792,49.967993655012314
,,,grassland,21.95480291561838,49.96444042393112
,,,grassland,21.95266622531407,49.96876979751355
,,,grassland,21.9571195451687,49.96639004561957
,,,grassland,21.95515679535122,49.966576066336195
,,,grassland,21.95320554222325,49.960682122203735
,,,scrub,21.953556290475404,49.96058267413317
,,,grassland,21.956356249655144,49.96230492541409
,,meadow,,21.951370399400872,49.971576980917355
,,forest,,21.95032485649344,49.96963130046819
,,forest,,21.94974569816636,49.971318463337056
,,meadow,,21.950909692167638,49.970781091074514
,,grass,,21.99501853336258,50.020108420163915
,,grass,,21.994837080529003,50.01899459079077
,,grass,,21.993567677604165,50.02016337712165
,,grass,,21.995475859071917,50.02009611823977
,,grass,,21.992383700544213,50.02020992359628
,,grass,,21.991516240166916,50.020215505352326
,,grass,,21.99718561514957,50.036183762219906
,,grass,,21.9972496255149,50.03719816150247
,,grass,,21.996694454403755,50.03637603365489
,,grass,,21.996443211024022,50.03627093374893
,,grass,,21.998065266739154,50.03684280926752
,,grass,,21.997954185017175,50.037068497919016
,,grass,,21.997920694413253,50.03694730870626
,,grass,,22.01690620599482,50.03888061831608
,,grass,,22.0170333003888,50.03932571933548
,,grass,,22.01641977934702,50.03888534103209
,,grass,,22.017814932382045,50.04030121380022
,,grass,,22.01715765039142,50.03906416471324
,,grass,,22.01721138712146,50.03885810598472
,garden,,,22.010215207610976,50.03926129317671
,,grass,,22.016596412301457,50.03863986466883
,,grass,,22.016801681968836,50.038572823843026
,,grass,,21.999280004406042,50.04133542959648
,,grass,,21.99882613959193,50.04123002558593
,,grass,,22.000393244650216,50.044227859011336
,,meadow,,21.95674859900467,50.03026211861554
,,meadow,,21.962962551299153,50.033194456376286
,,forest,,21.962334785231445,50.0320618272661
,,,grassland,22.020623099960776,50.04748748119191
,,grass,,22.016368207546268,50.02849754298502
,,grass,,22.01591078182988,50.028479155981685
,,grass,,22.01790765404695,50.02849997143214
,,grass,,22.01924070440986,50.028457636413435
,,grass,,22.016925301216368,50.02848451484332
,,grass,,22.01743467197895,50.028479473655096
,,grass,,22.007280290476213,50.02345548582776
,,grass,,21.95223412451572,50.02623683458904
,,forest,,21.950892798254294,50.02389060886745
,,meadow,,21.95103538601875,50.02435866299542
,,forest,,21.95114818638867,50.025015191398666
,,,grassland,21.95017166876363,49.95349125548826
,,,grassland,21.952718677341405,49.95232013742601
,,,grassland,21.9538377664738,49.95234498452813
,,,grassland,21.953319363673288,49.95091175718808
,,,grassland,21.95008159041754,49.950783329120796
,,,grassland,21.950701275820684,49.95410482377529
,,,grassland,21.95221312677232,49.95077105952106
,,,grassland,21.951582647634442,49.95338123733354
,,,grassland,21.950023842575796,49.952610381661316
,,,grassland,21.954095546322502,49.95189474606279
,,,grassland,21.95351372887073,49.95056835964572
,,,grassland,21.951127929365967,49.950496372037605
,,,grassland,21.954044393313016,49.95123216193908
,,,grassland,21.95053668672002,49.95187189440163
,,,grassland,21.950651373115964,49.95217620037154
,,meadow,,21.949612575626112,49.95111699057518
,,meadow,,21.951924671123642,49.952688897641984
,,meadow,,21.950948435525447,49.95215588456413
,,meadow,,21.95093985370444,49.95389341001318
,,meadow,,21.953300557661784,49.95290715468838
,,meadow,,21.951284097927562,49.95401950298885
,,meadow,,21.951271654722877,49.95231051295624
,,meadow,,21.951271505285106,49.95361658782565
,,meadow,,21.952253992341912,49.95314449509138
,,meadow,,21.952477970816172,49.95120294095838
,,forest,,21.951671045901143,49.95326582772611
,,,grassland,21.957659246658775,49.94956564366037
,,,grassland,21.96148368013819,49.95137249018851
,,,grassland,21.95743038593134,49.95420197233544
,,,grassland,21.95725773221673,49.95489214380985
,,,grassland,21.95593293809661,49.9550575112727
,,,grassland,21.960656719210196,49.953488090449675
,,,grassland,21.958456033333334,49.95238576666667
,,,grassland,21.958458718579156,49.95077989168717
,,,grassland,21.952901099933158,49.954958377162725
,,,grassland,21.955432871180772,49.95465302352186
,,,grassland,21.955449920346037,49.952278438749794
,,,grassland,21.95837075414966,49.9537032
,,,grassland,21.959989826021065,49.954704720830364
,,,grassland,21.956329939352067,49.95044221064709
,,,grassland,21.95230478564192,49.95464920905201
,,,grassland,21.963020312938436,49.95080264170409
,,,grassland,21.955473260160712,49.95101249199986
,,,grassland,21.963140710230515,49.953105915394076
,,,grassland,21.964006026877442,49.951219863403125
,,,scrub,21.959905851278076,49.95330679039114
,,,grassland,21.95371425617624,49.95430502816108
,,,grassland,21.95984568085184,49.95229171105781
,,,grassland,21.959898695556404,49.95334451745286
,,,grassland,21.9637822571345,49.95230196018503
,,,grassland,21.957225380802427,49.951282864478756
,,,grassland,21.95823194623496,49.9520117470146
,,meadow,,21.962221063901964,49.95317657260315
,,meadow,,21.961113159699607,49.952630501961174
,,meadow,,21.955018324514484,49.952651337330344
,,meadow,,21.954871127371085,49.95516342135431
,,meadow,,21.953196173005853,49.9539111663434
,,,grassland,21.985906126854356,50.00007743991237
,,,grassland,21.984804459263977,50.00015550353127
,,,grassland,21.988456012022347,50.001677605799806
,,meadow,,21.98598428932821,50.00161678761355
,,,grassland,21.9858589249106,50.00105018386531
,,,grassland,21.9849515128682,49.999681320619096
,,,grassland,21.98594642246377,50.00048882184265
,,meadow,,21.97918093107005,49.99092871422479
,,forest,,21.985628013175436,50.00142275242064
,,forest,,21.98622210629362,50.000129812456365
,,forest,,21.984574926343264,50.000100758380206
,,forest,,21.987006370863377,49.99960418970867
,,forest,,21.989967854445098,50.00250674181809
,,forest,,21.982268732496397,49.995692040898014
,,forest,,21.986310208448366,50.00243457393222
,,meadow,,21.985754415978075,50.00206755412179
,,meadow,,21.980227746404122,49.991678429834224
,,grass,,21.966668512778536,50.04304356805498
,,grass,scrub,21.967076220698708,50.0436777738182
,,grass,,21.971486286862092,50.04674470976998
,,grass,,21.97200213244117,50.04736200364228
,,grass,,21.969844369929096,50.04506779061254
,,grass,,21.970790131864252,50.04626957189426
,,grass,,21.971954472961713,50.04716931803548
,,grass,,21.971755009586627,50.04699984330083
,,grass,,21.971172841357657,50.04663001100624
,,grass,,21.970602784480263,50.04591520047488
,,grass,,21.970140726637478,50.045471825696104
,,grass,,21.971431991959285,50.046883041055736
,,grass,,21.969338279452444,50.04464329208873
,,grass,,21.970196731991226,50.045706366403266
,,grass,,21.96961763074581,50.04515395023814
,,grass,,21.969190841532285,50.04474277199493
,,grass,,21.96875126614225,50.044075366057825
,,grass,,21.968844767383107,50.04379700648313
,,grass,,21.969013287382843,50.04372861565272
,,grass,,21.971108064652572,50.04639112842132
,,grass,,21.968688410942892,50.04368617432689
,,grass,,21.968765370544297,50.04315508420849
,,grass,,21.968859611568984,50.043480797990505
,,grass,,21.96887808611363,50.04338807271569
,,grass,,21.96885423320064,50.043554444860746
,,grass,,21.969009560799886,50.04267237019923
,,grass,,21.968819996802587,50.042671274847464
,,grass,,21.962089165872776,50.04288388173556
,,grass,,21.96440804277071,50.0427387621136
,,grass,,21.96313881159516,50.043155853609505
,,grass,,21.96077592105821,50.04291001598285
,,grass,,21.9608334451193,50.04376455085441
,,grass,,21.9609237958468,50.043767740885784
,,grass,,21.96171862457535,50.04376660424874
,,grass,,21.96249728830118,50.0437615615025
,,grass,,21.961400442959814,50.04376546812225
,,grass,,21.962803935467583,50.04375416265948
,,grass,,21.96324883280943,50.043404723968564
,,grass,,21.96086422166692,50.04387481054435
,,grass,,21.961402391136396,50.04386335137785
,,grass,,21.963038387991286,50.0438498885511
,,grass,,21.96435285524946,50.04375412349753
,,grass,,21.964236020283074,50.04376726807642
,,grass,,21.962617797124267,50.04385857630561
,,grass,,21.966515492600315,50.04478552622734
,,grass,,21.964850214478936,50.04484276521713
,,grass,,21.965603196364434,50.0448373373028
,,grass,,21.965471643757272,50.044737382771615
,,grass,,21.964421771328322,50.04475746924507
,,grass,,21.964491226948564,50.04489147281458
,,grass,,21.964456264174814,50.04483256589036
,,grass,,21.966627093432034,50.04462777263694
,,grass,,21.96454513014225,50.04501225954749
,,grass,,21.965166066666672,50.04491926666666
,,grass,,21.96524022243538,50.044897451729796
,,grass,,21.9651109991587,50.04490729288695
,,grass,,21.965783738857063,50.04608810192424
,,grass,,21.96644492821905,50.04547030641661
,,grass,,21.966659633879026,50.04587287867182
,,grass,,21.96638971125645,50.04536846451673
,,grass,,21.966258695645045,50.046004671361395
,,grass,,21.96513683100482,50.04616107946348
,,grass,,21.966880459656736,50.04523629787307
,,grass,,21.9664145497084,50.04568991803598
,,grass,,21.96440660087138,50.045081915670124
,,grass,,21.966515883808956,50.04587630657091
,,grass,,21.964976762275032,50.04600910639104
,,grass,,21.964855274807665,50.046052080056626
,,grass,,21.964613823788152,50.045524571049555
,,grass,,21.964761194031905,50.045513998332254
,,grass,,21.966295946555295,50.04547199693182
,,grass,,21.965410957214463,50.046162149836185
,,grass,,21.965605099903577,50.046123817153926
,,grass,,21.96466494051801,50.04558215100952
,,grass,,21.96683238829079,50.04619482913854
,,grass,,21.964791698930924,50.04585856662083
,,grass,,21.96489971984459,50.045844290173825
,,grass,,21.96473304530123,50.04573144766925
,,grass,,21.96627453522424,50.04515540036277
,,grass,,21.96621250786665,50.04502246907676
,,grass,,21.966047072534856,50.04488370794577
,,grass,,21.96639104247121,50.044931679285156
,,grass,,21.966199469773386,50.045290686779
,,grass,,21.966225772952892,50.04306599103663
,,grass,,21.97233137644578,50.04743558859521
,,grass,,21.972626662738445,50.047763330745454
,,grass,,21.973375957058384,50.04804648794812
,,grass,,21.973049035079672,50.048006133353155
,,grass,,21.97340726171924,50.0484420536975
,,grass,,21.973153214869075,50.048309852560145
,,grass,,21.973067956806354,50.048396953763366
,,grass,,21.97322071865199,50.04840150764507
,,grass,,21.973676349635998,50.04831697885484
,,grass,,21.972866289631913,50.04873766154411
,,grass,,21.972962493650304,50.048503850877275
,,grass,,21.973275394736902,50.04912102736382
,,grass,,21.97242956304689,50.049358318081765
,,grass,,21.97406174615812,50.049597840655316
,,grass,,21.975439542152532,50.04991693206618
,,grass,,21.97569543204193,50.04956353392276
,,grass,,21.97590036210948,50.049640414220164
,,grass,,21.975138465664465,50.05005624224287
,,grass,,21.974633351166585,50.04975609028293
,,grass,,21.975227825307453,50.049118851977255
,,grass,,21.978082513377345,50.04696549245145
,,grass,,21.97615560419862,50.04783193691336
,,grass,,21.980199031433255,50.046045549789426
,,grass,,21.975768447247816,50.048012740540166
,,grass,,21.98144737629872,50.04547370549827
,,grass,,21.97992585422917,50.046740238080936
,,grass,,21.97787449884438,50.04745813830808
,,grass,,21.960800875292726,50.04432566353359
,,grass,,21.961136849693506,50.04498870190925
,,grass,,21.961041374249927,50.044683133426204
,,grass,,21.961091488748437,50.04485695975393
,,grass,,21.96093793286062,50.044275519393764
,,grass,,21.96111626570123,50.04469006035949
,,grass,,21.960731834051217,50.04409651107379
,,grass,,21.960945151479542,50.04488717831908
,,grass,,21.96168052774077,50.044861642152476
,,grass,,21.961317904732635,50.0448757258747
,,grass,,21.96089173179315,50.04502366638525
,,grass,,21.963823115481045,50.0438475848848
,,grass,,21.96222502807811,50.04488560425081
,,grass,,21.9642438920282,50.04505404828304
,,grass,,21.9624883561711,50.04489907093808
,,grass,,21.962734592844495,50.04492208067853
,,grass,,21.959344057765996,50.04295229110573
,,grass,,21.960146634898937,50.04292243276397
Osiedle Słoneczne,,residential,,22.063505186857792,50.03516348388352
,,meadow,,22.002660829038756,50.01391993855945
,,forest,,21.955077845066256,49.97184185163299
,,,water,21.964929206715038,49.99222786641794
,,forest,,21.9695632262182,49.99417335130499
,,forest,,21.970165514657808,49.99336272166979
,,forest,,21.964539356434198,49.995094569417454
,,forest,,21.967669217153293,49.99431643298585
,,forest,,21.96621787727976,49.99309776530539
,,forest,,21.964465965882656,49.9945435220315
,,,water,21.967347430972158,49.9913236719362
,,,water,21.96801045194428,49.99129543487201
,,forest,,21.977144391429135,49.99200883136364
,,forest,,21.96652088292212,49.990810474617234
,,,water,21.967604287708575,49.991278266184764
,,,water,21.95554672152596,49.98208634398822
,,forest,,21.95625051513174,49.980854288408516
,,forest,,21.97763456643639,49.99448883959999
,,forest,,21.966709617095173,49.98957283295591
,,forest,,21.95617109264089,49.984777598375295
,,forest,,21.962495020222025,49.983815250720035
,,forest,,21.961434570703606,49.98691929432789
,,forest,,21.97248848385488,49.97920927751763
,,forest,,21.95710897109096,49.98305357856094
,,forest,,21.958126511185956,49.98600099992605
,,forest,,21.957450961509604,49.97906870269186
,,forest,,21.965007306024855,49.992918438435424
,,forest,,21.968327765222792,49.99696451019633
,,forest,,21.963828942966476,49.99903858447204
,,forest,,21.987074281433387,49.957905825447064
,,forest,,21.986863666634836,49.96433125175487
,,forest,,21.974105537371692,49.95496831417874
,,forest,,21.97379270003391,49.94915186292927
,,forest,,21.971530990373434,49.94923315782011
,,forest,,21.982751081280647,49.966203977464886
,,forest,,21.974665081416198,49.95270089257568
,,forest,,21.98168278875928,49.95939141157553
,,forest,,21.97254570835172,49.95447515852203
,,forest,,21.98187992499236,49.9599113032148
,,forest,,21.97224270009838,49.952771153136354
,,forest,,21.975793325323636,49.95723577623683
,,forest,,21.97517002280978,49.950742035790725
,,forest,,21.986609930156565,49.97692978973538
,,meadow,,22.057560529755065,50.017070774788216
,,meadow,,22.000070798862318,50.011131653569144
,,grass,,21.965371111580378,50.042907952982
,,,grassland,22.0214402872092,49.975307760440195
,,,grassland,22.012423038621847,49.977504026706406
,,,grassland,22.020677193284495,49.97650929597124
,,,grassland,22.01656463802142,49.97786246154788
,,,grassland,22.010204825788932,49.97845691156416
,,,grassland,22.021231878113248,49.97504886760302
,,,grassland,22.01150666396814,49.97824348493965
,,forest,,22.010084798693157,49.9784769781198
,,forest,,22.015781251235122,49.9752904470711
,,forest,,22.018882883393083,49.976528672618876
,,forest,,22.021581778576333,49.97594752460551
,,forest,,22.02226844951917,49.975850250363344
,,forest,,22.01446515269834,49.97774241878566
,,forest,,22.021988979363915,49.97398834640796
,,forest,,22.021166121500496,49.97383259720363
,,forest,,22.017959909654717,49.976744058234196
,,forest,,22.005020678912096,49.97628737428418
,,forest,,22.05490196888584,50.04461116739477
,,forest,,22.05442022828082,50.04588814816867
,,forest,,22.0534063604574,50.04603789823117
,,forest,,22.04983488282748,50.0472734185589
,,forest,,22.04906931590465,50.04561008688235
,,forest,,22.050596344061056,50.04368677409807
,,forest,,22.046777906479388,50.04620538084535
,,forest,,22.04852052838857,50.04473198942178
,,forest,,22.049111731144013,50.043416234129474
,,meadow,,22.048989978601114,50.04172860671968
,,meadow,,22.04956771634249,50.04262698757312
,,grass,,21.998433649484003,50.041386205801835
,,grass,,21.997746470389455,50.04166002870448
,,grass,,21.99833485511837,50.041703960751335
,,grass,,21.99870994965895,50.04155536577708
,,grass,,21.99676547664217,50.04205614768572
,,grass,,21.997140811635887,50.04208790046717
,,grass,,21.998508762863846,50.04154401416435
,,forest,,21.95647446718535,49.9527228034917
,,forest,,21.956288066667522,49.95264345563362
,,grass,,22.058062727712656,50.01695500827704
,,grass,,22.046452932337637,50.02575518241921
,,grass,,21.976780923429864,50.02659379658825
,,meadow,,21.994621685721953,49.9971506447469
,,meadow,,21.994672198248367,49.997436692987065
,,meadow,,21.995735327203597,49.99493595890717
,,meadow,,21.99655196767342,49.99507721555062
,,meadow,,21.996381106601287,49.996176667706244
,,forest,,21.99951333002248,49.99814460038776
,,meadow,,21.999885304660854,49.99703790232741
,,meadow,,21.99005655555009,49.99537945635426
,,meadow,,21.990945608315155,49.996193915280045
,,meadow,,21.990040045201116,49.99466252480855
,,meadow,,21.98916744077899,49.994781597570636
,,meadow,,21.990991692514218,49.997847524176336
,,forest,,21.990318087853527,50.000338066913926
,,meadow,,21.988856568390347,49.999720179406644
,,meadow,,21.98654680174176,49.99837737697537
,,meadow,,21.990493282458342,50.002183998344144
,,forest,,21.99324654615414,50.00204446365686
,,meadow,,21.993022999742735,50.002733415331654
,,meadow,,21.99324003044106,49.99984666948161
,,meadow,,21.992645990530672,50.003308231869724
,,meadow,,21.991885750101318,50.003306112037414
,,meadow,,21.99280352569424,50.00470822654784
,,forest,,21.98576694728095,49.99168801562325
,,meadow,,21.988083644304865,49.994033396128394
,,forest,,21.98705510043048,49.993615619284185
,,meadow,,21.98700950769657,49.99440789804268
,,meadow,,21.985469748236852,49.99458718210958
,,meadow,,21.984503713813314,49.99363212600694
,,meadow,,21.989300819269253,49.99189902844945
,,meadow,,21.990167694937334,49.992550693837096
,,meadow,,21.99569854648354,49.99223320210539
,,meadow,,21.995393534847928,49.99179186405033
,,meadow,,21.997648754842803,49.99091444774835
,,meadow,,21.998872074967178,49.99168516199932
,,,wood,21.996821056063528,49.99412111211161
,,meadow,,21.991272681689658,49.99356965068456
,,meadow,,21.9925696884647,49.99454629146867
,,meadow,,21.992737008831924,49.995227965965135
,,meadow,,21.994319233691247,49.99595487121813
,,meadow,,21.98154088124588,49.99209791543904
,,meadow,,21.981475926008862,49.992946533844005
,,meadow,,21.982686655129765,49.99273570957648
,,forest,,21.98853998972396,49.9957728577645
,,meadow,,21.985641771611274,49.996141079699406
,,meadow,,21.985003931738294,49.997624873715004
,,meadow,,21.987472730952124,49.996095094031126
,,meadow,,21.988513730544973,49.998447130921456
,,meadow,,21.984750538171898,49.99104243483832
,,meadow,,21.98647867800231,49.989976924401276
,,meadow,,21.987634303102926,49.99100004497225
,,meadow,,21.983739301377113,49.99196237477732
,,meadow,,21.990278627868946,49.98844521592194
,,meadow,,21.988997664424534,49.98826246681051
,,meadow,,21.989968456320945,49.990117446710684
,,meadow,,21.994182200433983,49.990226109425706
,,meadow,,21.992177911907625,49.991001106661884
,,forest,,21.993196819540074,49.99206979903646
,,meadow,,21.99317650466214,49.99234990621736
,,meadow,,21.99073177949166,49.991839944246784
,,meadow,,21.991580155949244,49.99243827805166
,,meadow,,21.998856357371068,49.989826205471104
,,meadow,,21.997646505632872,49.9879806308824
,,meadow,,21.99589683928715,49.98441898871184
,,meadow,,21.997459513648185,49.98521281839107
,,meadow,,21.99810964420101,49.9864946657192
,,meadow,,21.995248320539353,49.98664966926518
,,meadow,,21.994789221081483,49.98705615802196
,,meadow,,21.994911288448428,49.98825471372468
,,meadow,,21.994125571892955,49.983319958699035
,,meadow,,21.992378968745275,49.9830153821984
,,meadow,,21.991572550816947,49.982237615316215
,,meadow,,21.99022654679229,49.98439124778922
,,grass,,22.04005342237322,50.02967338957746
,,meadow,,22.00594196150449,49.97980422186928
,,meadow,,22.00552703713481,49.980889297729675
,,meadow,,22.00142916657074,49.97914790462861
,,meadow,,22.020856412168293,49.97343359020717
,,meadow,,22.016660323931177,49.97554175761053
,,meadow,,22.02137950724662,49.973510270656675
,,meadow,,22.016198269185132,49.977004787784274
,,meadow,,22.01549245525798,49.97471765158738
,,,grassland,22.00755983644419,49.9788009616787
,,meadow,,22.009044557636457,49.978719436870826
,,meadow,,21.98216580463419,49.99142294373431
,,meadow,,21.994095178981468,49.97320389453723
,,meadow,,21.99182569122875,49.97829141850761
,,meadow,,21.994002,49.97404146666667
,,meadow,,21.991890559003615,49.977483037311714
,,forest,,21.995159291504024,49.967810767197086
,,meadow,,21.98924037958039,49.972069711613486
,,grass,,22.039852062834346,50.030324555250644
,,forest,,22.03725254829359,50.02902189903306
,,grass,,22.03959471935458,50.03111703368169
,,grass,,22.03977164711047,50.03062292330912
,,grass,,22.03933257060819,50.031609806701056
,,grass,,22.039581705330004,50.03157148201394
,,grass,,22.03989251415266,50.03135113650631
,,meadow,,21.99558786201845,49.97095632633045
,,forest,,22.000042767527304,49.967822333337814
,,forest,,21.997351969957613,49.9685431513641
,,meadow,,21.995480730475652,49.97010652939532
,,meadow,,21.995323763422245,49.97180031984109
,,meadow,,22.00582435320933,49.969049720217996
,,meadow,,22.008359233162214,49.96663939231386
,,forest,,22.006939282753173,49.96715446780557
,,meadow,,22.00713608086369,49.966498577012125
,,forest,,22.009086733333334,49.96807510000001
,,forest,,22.00880046520775,49.968265169330614
,,meadow,,22.00703219120456,49.973483132739325
,,meadow,,22.017984722228583,49.96645618089817
,,meadow,,22.021974506198546,49.96770481007042
,,meadow,,21.9976992306861,49.96562236514664
,,meadow,,22.00001911838235,49.96333356542245
,,meadow,,21.998942891269852,49.964607564340426
,,meadow,,22.005353400452357,49.96498024104031
,,forest,,22.004348788073525,49.96348435516474
,,meadow,,22.004752798032676,49.96408238156661
,,meadow,,22.006938651829202,49.96350163532986
,,forest,,22.015270319486866,49.963857005426675
,,forest,,22.017042943554927,49.963595788704055
,,meadow,,22.02223335249785,49.96601510633011
,,forest,,22.015325679599446,49.96319926340794
,,meadow,,21.98517676110467,49.96785977731265
,,forest,,21.98580339778839,49.96767663856768
,,meadow,,21.98659369688989,49.96811921376442
,,meadow,,21.986435485603618,49.96770347530281
,,meadow,,21.989321348008424,49.9675867599009
,,meadow,,21.99024579255779,49.966528653347545
,,meadow,,21.99170613866776,49.96605134308641
,,meadow,,21.988842634378628,49.96669846225008
,,meadow,,21.987354135423494,49.96720734755787
,,meadow,,21.98600848111289,49.96666272079356
,,meadow,,21.986982745814963,49.96498523602521
,,meadow,,21.988265178718763,49.96628035250799
,,meadow,,21.988471435046538,49.9652071175021
,,meadow,,21.990112739518135,49.96467776787623
,,meadow,,21.99280509592604,49.9641661878441
,,meadow,,21.991950370142767,49.964439929830604
,,meadow,,21.99142997223802,49.96357050637631
,,meadow,,21.994674335841605,49.96548870385872
,,forest,,21.994171211518026,49.96548327624645
,,meadow,,21.993363704327745,49.96349367612084
,,meadow,,21.994304606294506,49.96410958810939
,,forest,,21.995197211414908,49.96345424630409
,,forest,,21.989966194918814,49.96622536937352
,,forest,,21.99332023619072,49.96441760408914
,,forest,,21.992319411600878,49.963353786267426
,,meadow,,21.98148476926407,49.967027120005675
,,meadow,,21.982202424362775,49.96717027905546
,,meadow,,21.983393241181332,49.96708527525594
,,meadow,,21.98359432601993,49.96595954262739
,,meadow,,21.98434198527294,49.96510335360566
,,meadow,,21.982542893693363,49.96605145008435
,,meadow,,21.980538419504377,49.965469157049775
,,meadow,,21.97744328138557,49.96515541788183
,,meadow,,21.976937767561388,49.96454764729308
,,forest,,21.978669604087706,49.96584949299283
,,meadow,,21.96757820303488,49.991727800404675
,,meadow,,21.967254108202155,49.990878715564186
,,meadow,,21.968829006439325,49.98889450320288
,,meadow,,21.969081075851296,49.985944342232294
,,meadow,,21.969995125055846,49.984668756773
,,meadow,,21.970660216287968,49.98391163480512
,,meadow,,21.973858056502873,49.99318389803247
,,meadow,,21.981711233067227,49.98164775892383
,,meadow,,21.97534062115249,49.987562353316335
,,meadow,,21.975519248067723,49.9868745345898
,,forest,,21.9735748579854,49.98749617895936
,,meadow,,21.972926072998774,49.98730472592857
,,meadow,,21.973218697572747,49.98734390046349
,,meadow,,21.97370022204408,49.98633658038079
,,meadow,,21.977235070002923,49.98481458266898
,,meadow,,21.97494438717562,49.98673453244276
,,meadow,,21.979131638857798,49.98561938565172
,,meadow,,21.982761067107962,49.971619877725914
,,meadow,,21.979670156612613,49.97804652323673
,,meadow,,21.983847723051205,49.973196049876016
,,meadow,,21.982926551216465,49.97274672941497
,,meadow,,21.98650492935071,49.97114598469667
,,meadow,,21.98620602821195,49.97027258230958
,,meadow,,21.973016485623496,49.973102051315415
,,forest,,21.970844853210625,49.977568127469894
,,meadow,,21.97414969852125,49.976773232241285
,,meadow,,21.971191798740655,49.97722481727875
,,meadow,,21.970328165100742,49.977991661887096
,,meadow,,21.97298077112369,49.981302918794064
,,meadow,,21.972820379192328,49.98308545970979
,,meadow,,21.975473346508746,49.98279935672226
,,meadow,,21.97488003080854,49.98332890819171
,,meadow,,21.972819760430884,49.985038581053104
,,meadow,,21.973467457240965,49.985195849172385
,,meadow,,21.97243032596777,49.98433419932581
,,meadow,,21.97381991194704,49.98425434599664
,,meadow,,21.975975520006077,49.98175421738861
,,,grassland,21.95840984594988,49.978919838994614
,,,grassland,21.95691207578089,49.981153273689465
,,forest,,21.956035725688345,49.98293299736216
,,greenfield,grassland,21.96545397289997,49.98063263824586
,,meadow,,21.967110816548054,49.980081910310055
,,meadow,,21.96372614436189,49.989055490829244
,,meadow,,21.96560290650681,49.98910173678715
,,meadow,,21.96803204088946,49.98771503010028
,,meadow,,21.967725550303346,49.979160503102925
,,meadow,,21.968245912355762,49.97545059451284
,,meadow,,21.96760056572463,49.97322188177616
,,meadow,,21.95773185415155,49.9721236180259
,,,grassland,21.957352091598253,49.97316702256186
,,meadow,,21.96212162700069,49.973421782677676
,,meadow,,21.978919834649037,49.96908250912302
,,meadow,,21.977902504823845,49.96909020118341
,,meadow,,21.97705319209898,49.96923535670222
,,meadow,,21.97466954156113,49.96919554645724
,,meadow,,21.973706281196762,49.97010211674497
,,meadow,,21.97408485909578,49.96907111174135
,,meadow,,21.96458230992989,49.97209311393523
,,meadow,,21.965458546507676,49.9705738514827
,,meadow,,21.96325116074793,49.9735052831123
,,meadow,,21.96629768906493,49.96932062112317
,,meadow,,21.973293731208873,49.96842946776416
,,meadow,,21.973469250030547,49.96669160658649
,,meadow,,21.976073913161965,49.96780674370008
,,meadow,,21.977310067578856,49.96770061755237
,,meadow,,21.9734278233584,49.96327293964153
,,meadow,,21.9755482831374,49.96479271134226
,,meadow,,21.974958791946833,49.96523264222234
,,meadow,,21.97405898134185,49.96577128365003
,,meadow,,21.97348925570275,49.965177843863586
,,meadow,,21.971690874635097,49.963427220684935
,,meadow,,21.970399853941075,49.96558004603527
,,meadow,,21.968849226722167,49.965870530527575
,,meadow,,21.97186866858042,49.9647023998029
,,forest,,21.976968051026173,49.95651076083254
,,forest,,21.978008907099873,49.95632916939572
,,meadow,,21.980290361566773,49.95969696663423
,,forest,,21.981308215128422,49.95831680667146
,,meadow,,21.974345329675018,49.955060157723885
,,meadow,,21.973925517859282,49.9545662606344
,,forest,,21.970029530710892,49.953689415135145
,,forest,,21.967221520130742,49.95370235336762
,,forest,,21.964090039311834,49.957281105961044
,,forest,,21.960194949089534,49.95835655435477
,,meadow,,21.96495943601417,49.95653693035239
,,meadow,,21.958929814775015,49.95841112915459
,,meadow,,21.958636532775557,49.95725023894745
,,forest,,21.981122961952703,49.95083391674698
,,meadow,,21.975105385224552,49.95254275718669
,,,grassland,21.986271017521535,49.958516540163295
,,meadow,,21.983015016396866,49.95360388729901
,,meadow,,21.993885848664288,49.95458386807144
,,forest,,21.993715050378498,49.95678973388724
,,forest,,21.994017495778735,49.95319507128745
,,forest,,21.987247809530604,49.9556185407871
,,meadow,,21.99039039193211,49.961918598886385
,,meadow,,21.9885037146787,49.96366760030162
,,forest,,21.988567073860217,49.94948457278985
,,meadow,,21.9876924692453,49.94634500416158
,,,grassland,21.994970894422153,50.00585652470528
,,,grassland,21.997237694709046,50.006514661637176
,,forest,,21.996893505214697,50.005869646988245
,,meadow,,21.99554268915604,50.00464353354262
,,,grassland,21.997625633295144,50.005318220160774
,,forest,,21.99634111060261,50.00676799718135
,,forest,,21.995713097796234,50.01221083137646
,,meadow,,21.997398826192573,50.01208757927108
,,meadow,,22.00244886796202,50.01923900429868
,,meadow,,21.999543338102487,50.01558402597114
,,meadow,,22.00273657630686,50.002209441448684
,,meadow,,22.00303141507001,50.007811526759106
,,forest,,22.00122604901693,50.00739006449651
,,meadow,,22.00173510644741,50.004702881895284
,,meadow,,22.001377696311465,50.0036128661546
,,meadow,,21.99394259343387,50.000209069895504
,,forest,,21.994487147879934,50.002660836705694
,,forest,,21.99344352066215,50.00022793271456
,,forest,,21.99895825940922,49.99997126343793
,,meadow,,21.995672684802646,50.000911978819495
,,forest,,21.993371737891188,50.001059304381194
,,grass,,21.997263139671134,50.001340203994296
,,greenfield,wood,21.99688161415014,50.00418443519348
,,meadow,,21.998401526256167,50.00263809527474
,,meadow,,21.999652137038893,50.00320364989904
,,forest,,21.998818435899345,50.00366556646894
,,meadow,,21.997799316298636,50.0048108282175
,,forest,,21.99831286748101,50.005031794191034
,,meadow,,22.00109930556224,50.00581629870905
,,grass,,22.001019766949426,50.009391015094906
,,grass,,22.00199510496743,50.00919538662218
,,meadow,,22.005354798379507,50.010667952298945
,,meadow,,22.004051789305205,50.01025279470498
,,meadow,,22.00656381813106,50.01126344644912
,,meadow,,22.008136690756128,50.01354572004354
,,meadow,,22.005633147189425,50.014455762314356
,,meadow,,22.01159380305805,50.01043259762764
,,meadow,,22.006836877808116,50.00946096708594
,,meadow,,22.007843773942916,50.00944590222306
,,meadow,,22.008279962837605,50.01203748888197
,,meadow,,22.011397476778477,50.01324265328162
,,meadow,,22.01079901960253,50.01390960972535
,,meadow,,22.015377300551553,50.001654348732664
,,meadow,,22.014131053986898,50.003287191029095
,,forest,,22.01318135008828,50.00365855436276
,,meadow,,22.012755379814465,50.003903359639715
,,forest,,22.012316922845898,50.00412668856259
,,meadow,,22.013492893787785,50.0046262524945
,,meadow,,22.014733858830976,50.007237091628895
,,meadow,,22.01295123565302,50.00802216025921
,,meadow,,22.016020899048694,50.007244215303054
,,meadow,,22.01563313897654,50.00812769066715
,,meadow,,22.01511584400508,50.00565331458625
,,meadow,,22.015233032393176,50.004323666750565
,,meadow,,22.014562782920365,50.0039656044269
,,meadow,,22.010804560623157,49.998837604152534
,,meadow,,22.005601438511743,50.00252691915084
,,meadow,,22.010025335090134,50.004066765544685
,,grass,,22.011070927710083,49.998052250553286
,,meadow,,22.013563715860244,49.99625472372413
,,meadow,,22.014046424361936,49.99466489482276
,,,wood,22.011702384629697,49.995567134837536
,,grass,,22.01148641319221,50.00067016042906
,,grass,,22.010169454227178,50.000339795649104
,,forest,,22.00559784594281,49.99959055044423
,,forest,,22.005774536651803,49.99726723750089
,,meadow,,22.00636104709568,49.99728058758411
,,meadow,,22.007002167198397,49.99707593667785
,,meadow,,22.010028459178404,49.99704919437112
,,meadow,,22.007293762679993,49.996504853546604
,,meadow,,22.010195671231816,49.995760628860296
,,meadow,,22.00713609630973,49.99535690059288
,,meadow,,22.01354922365294,49.99758186772978
,,forest,,22.016584131860178,49.99659434360765
,,meadow,,22.014250679224396,49.996736073397095
,,meadow,,22.017167404649722,49.996225238095725
,,meadow,,22.014037880339444,49.99852794683291
,,,wood,22.012977391238138,49.999348516180746
,,meadow,,22.01224208084683,49.99960154725345
,,meadow,,22.015081578347075,49.99982965248141
,,meadow,,22.01443864191617,50.000216561753746
,,meadow,,22.012913733965043,50.00120405205847
,,meadow,,22.012123890567793,50.00214316341112
,,meadow,,22.001104164472967,49.99642016381944
,,grass,,21.999976577739677,49.995094761655906
,,meadow,,22.001347245441796,49.994988500971594
,,meadow,,22.00049288060047,49.99489141376433
,,forest,,22.000539250287034,49.99739425928346
,,meadow,,22.00209886388373,49.99817097691181
,,meadow,,22.001937410624233,49.99907185084232
,,meadow,,22.002682857714575,50.001341291990116
,,meadow,,22.019969695208154,49.981674285666294
,,meadow,,22.018449095186885,49.98263271721717
,,meadow,,22.017422329185653,49.983842355862066
,,meadow,,22.015636058655325,49.98535213367407
,,meadow,,22.016286374617746,49.98560443716342
,,meadow,,22.015185170081516,49.98636450249325
,,meadow,,22.014480407177413,49.98787792711967
,,meadow,,22.013524739498372,49.98884171723623
,,meadow,,22.013995508854745,49.98816920176271
,,meadow,,22.01202188850165,49.98982632793263
,,meadow,,22.01264674069073,49.98915613970981
,,meadow,,22.012761112878174,49.99069996906127
,,meadow,,22.013532940461076,49.99009538828778
,,meadow,,22.011735788194823,49.99167540991089
,,meadow,,22.01122498591738,49.99162642428753
,,meadow,,22.011809788548746,49.992265724469675
,,meadow,,22.01073385927321,49.99225948363504
,,grass,,21.987123187401878,50.022188339726874
,,grass,,21.987534278934373,50.021867357045586
,,grass,,21.98797718212471,50.02155987337987
,,grass,,21.987350197237795,50.02158722871027
,,grass,,21.989674064409744,50.02507492975807
,,grass,,21.98949857530228,50.02445907795984
,,grass,,21.98964824720679,50.024400157876144
,,grass,,21.98791280412209,50.024381551841465
,,grass,,21.989272812185426,50.02506976846664
,,grass,,21.994835538097547,50.018814849371104
,,grass,,21.996338495340765,50.020288821009636
,,grass,,21.995748453015807,50.020247106120195
,,grass,,21.997484775825185,50.02015076297666
,,grass,,21.999287656434785,50.02697864270046
,,grass,,22.003924937090776,50.03015808550365
,,grass,,22.00368268250217,50.03019353965106
,,grass,,22.00345925546834,50.03024741842533
,,grass,,22.003285487004494,50.03036690665352
,,grass,,22.00292112931277,50.03028751124279
,,grass,,22.00842910357796,50.02952023059013
,,grass,,22.009628008309242,50.02916381247857
,,grass,,22.009022642843664,50.02945306185754
,,grass,,22.00838568238732,50.029661368876944
,,grass,,22.008367811248316,50.029689754130054
,,grass,,22.008533621296536,50.02988294062754
,,grass,,22.008769921464683,50.02958431707844
,,grass,,22.008923765877842,50.02948130471902
,,grass,,22.00641483354265,50.02996670457057
,,grass,,22.007638028454974,50.02936035441816
,,grass,,22.00777277575663,50.02965812063951
,,grass,,22.007472581271283,50.02971287960929
,,grass,,22.00684025491479,50.02961556810572
,,grass,,22.007583203663557,50.028976701383456
,,grass,,22.008046763431903,50.02977667683901
,,grass,,22.007982555579975,50.02958178937113
,,grass,,22.00770529753654,50.029523713835395
,,grass,,22.008170506163474,50.029361156052936
,,grass,,22.00785803075491,50.029299027119336
,,grass,,22.05495646941306,50.03424603347289
,,grass,,22.054251991674402,50.03228019054446
,,grass,,22.05118517567699,50.034447517471854
,,forest,,22.052648722656276,50.035447900487405
,,grass,,22.051523719168113,50.03821666256987
,,,grassland,22.063325855263333,50.039010369024496
,,grass,,22.063765707675703,50.03822112084335
,,grass,,22.052873935672352,50.037886796137265
,,grass,,22.055327793594095,50.03786775461942
,,farmland,,22.055371769755425,50.03762660326514
,,grass,,22.05408621541156,50.03809415240264
,,grass,,22.05641780937741,50.03800228894806
,,grass,,22.054038219741525,50.03621031381423
,,farmland,,22.053718758723285,50.03636804634154
,,,grassland,22.056891122719676,50.03566350170812
,,grass,,22.064542167678535,50.03553133378116
,,grass,,22.051314340441746,50.03532164202199
,,grass,,22.039960741872882,50.03684877161952
,,grass,,22.03974703605038,50.03684981132137
,,grass,,22.037933685603317,50.036473504925354
,,grass,,22.03792791983617,50.03657661446668
,,grass,,22.037504241911925,50.036472136022496
,,grass,,22.036660240786688,50.036416172411016
,,grass,,22.035716112322973,50.036350391883076
,,grass,,22.034960500000004,50.03637906666666
,,grass,,22.034551876650404,50.03658140605051
,,grass,,22.034517825823663,50.036441236579705
,,grass,,22.034509132141572,50.03601492683558
,,grass,,22.03398212325688,50.03603254297773
,,grass,,22.03403952116996,50.03624027495926
,,grass,,22.034873166666664,50.03480213333333
,,grass,,22.034549871409258,50.03478745829529
,,grass,,22.034206249740087,50.0346987110794
,,grass,,22.034241339689487,50.034225281905904
,,grass,,22.035096341264556,50.03427943430656
,,grass,,22.034368357084503,50.034462511189325
,,grass,,22.037921195093045,50.0346194381423
,,grass,,22.037379425440793,50.034920749245416
,,grass,,22.036959934674798,50.03498817007739
,,grass,,22.03663798437872,50.034507557772685
,,grass,,22.036540588303954,50.034774268682696
,,grass,,22.039196674322866,50.03583419721769
,,grass,,22.036016496089104,50.033359451067895
,,grass,,22.03594063510606,50.03567479017579
,,grass,,22.03605985317818,50.03555378376053
,,grass,,22.037428942257215,50.03555212979802
,,grass,,22.03968553758623,50.03587951453817
,,grass,,22.039670909844673,50.03619534980035
,,grass,,22.037655624689464,50.033131678377366
,,grass,,22.043009782904615,50.031635581877374
,,grass,,22.04535908812126,50.03158433005956
,,grass,,22.035902585866378,50.030282439244374
,,grass,,21.96877996413189,50.041773890070715
,,grass,,21.966223708431578,50.042356634400136
,,forest,,22.10037432903429,50.03851372013199
,,forest,,22.09961692585654,50.0398590431424
,,grass,,22.085619680980123,50.04093153867246
,,grass,,22.085403067589667,50.040963547039965
,,grass,,22.085291253896532,50.0410883209394
,,grass,,22.024259178993642,50.00218725005534
,,grass,,22.02463324736303,50.001764847480345
,,meadow,,22.01330726252232,49.995043604392514
,,meadow,,22.01297431136605,49.994260002607284
,,meadow,,22.010499777543266,49.99437459008941
,,meadow,,22.015273888323847,49.98879609290138
,,meadow,,22.017078906771662,49.98778860007111
,,meadow,,22.015340767039287,49.989708361664654
,,meadow,,22.028196627176882,49.999169219793934
,,meadow,,22.028033132160424,50.00010874041995
,,forest,,22.026433888013738,50.000078554831546
,,forest,,22.027659093926914,49.99878410390954
,,forest,,22.02630741922777,49.998363331435904
,,meadow,,22.024183964935162,49.999761806356325
,,meadow,,22.02073989513337,49.998530971864824
,,meadow,,22.025086263459873,50.00070882555167
,,meadow,,22.02844962236254,50.00064438215963
,,grass,,22.02860151946394,49.999457736316224
,,grass,,22.029094541391085,49.99952069570983
,,grass,,22.029245870911495,49.99942470403471
,,grass,,22.0293971913484,49.99933072622322
,,grass,,22.0292946536211,49.99962821495446
,,grass,,22.029374697406677,49.999577680034086
,,grass,,22.02945411605635,49.99952692160699
,,meadow,,22.029862011767726,50.00270287433081
,,grass,,21.992368872869374,50.039939845416505
,,grass,,21.992463304792153,50.040097736579206
,,grass,,21.99195050928115,50.04013756309652
,,grass,,21.991848558607764,50.04009584423539
,,grass,,21.991702587828033,50.03999651687759
,,grass,,21.991585900880654,50.03994852278351
,,grass,,21.99202075866211,50.04007490065684
,,grass,,21.99187976774491,50.03990191107677
,,grass,,21.99204225,50.039850449999996
,,grass,,21.987496724759453,50.0187016366907
,,grass,,21.986667360405935,50.018628563032784
,,grass,,21.98581935165744,50.01850389277653
,,grass,,21.984494598989155,50.018817223642515
,,grass,,21.9830132327657,50.019092611503844
,,grass,,21.982849183182864,50.01849469446046
,,grass,,21.982897231183475,50.01898134948172
,,grass,,21.983432348813796,50.01885698150011
,,grass,,21.98630122211186,50.018158348052346
,,grass,,21.986130805573318,50.01786788849488
,,grass,,21.985912107391822,50.01748899157336
,,grass,,21.9863109017683,50.01868146185815
,,grass,,21.98641163669281,50.01886362616808
,,grass,,21.98628323780253,50.0189913939541
,,grass,,21.98596763605243,50.019065826637615
,,grass,,21.985718210807907,50.01864896308141
,,grass,,21.98606139171533,50.01857549649626
,,grass,,21.986525861951275,50.01843247916864
,,grass,,21.986390131207376,50.01832926857832
,,grass,,21.98626739946056,50.018361981032335
,,grass,,21.98602383692542,50.01831940858899
,,grass,,21.985538593416724,50.0183721979282
,,grass,,21.984828369112332,50.01853368181249
,,grass,,21.98414266158455,50.01868852510946
,,forest,,22.03529687843821,50.00271642018951
,,meadow,,22.03382609264895,50.00234885576745
,,meadow,,22.0350037237922,50.00211300369058
,,meadow,,22.033363337387183,50.00068710181115
,,meadow,,22.03497542713488,50.00027133669869
,,meadow,,22.037106844056346,49.998083361255425
,,meadow,,22.040703397412038,50.00091205283779
,,meadow,,22.040975361768137,50.00020752015531
,,meadow,,22.04084188823854,50.00222024961622
,,forest,,22.04114602130191,50.00196484885334
,,forest,,22.042389516138375,50.00264677221685
,,meadow,,22.03795595902944,50.00165524032167
,,,wood,22.039281774505856,50.00195627949301
,,forest,,22.03996694615511,50.002115606347076
,,forest,,22.041649267873403,50.00124548329175
,,meadow,,22.033408301859517,49.99445602463318
,,forest,,22.03277947239942,49.99703980988069
,,meadow,,22.031486853140063,49.998335863216695
,,meadow,,22.029385515997536,49.997043022713044
,,,grassland,22.025755320668804,49.99669424110241
,,,grassland,22.02742571630536,49.9959466573604
,,forest,,22.028199694741158,49.99540017621821
,,forest,,22.028244221671958,49.99639922864503
,,forest,,22.02455584158889,49.99521204551142
,,meadow,,22.02730256933915,49.98972034081026
,,meadow,,22.025121718128748,49.98980640556619
,,meadow,,22.021334636180136,49.99428133547947
,,meadow,,22.0283331988284,49.99110333438049
,,forest,,22.02717603591823,49.99135803221644
,,meadow,,22.023975787463876,49.99261944449636
,,meadow,,22.019155416040135,49.98837893484383
,,meadow,,22.03158861796278,49.9876320778273
,,meadow,,22.027825794344903,49.98916913688547
,,forest,,22.025605301210575,49.98899347747022
,,meadow,,22.024615323112812,49.98913516966527
,,meadow,,22.023422057873894,49.989035736209686
,,meadow,,22.021928613395232,49.985411504616984
,,meadow,,22.02808907357557,49.985142887678386
,,meadow,,22.028367339909707,49.985435621429595
,,meadow,,22.023866675618557,49.98671846140666
,,meadow,,22.028634625828172,49.984603038032205
,,meadow,,22.031271921083583,49.983608251583995
,,forest,,22.041666696946248,49.985271837892896
,,forest,,22.037430610265517,49.98529658126232
,,meadow,,22.039534602548926,49.98366019283678
,,meadow,,22.035170076826496,49.98995145879598
,,meadow,,22.02771731327586,49.983502584382855
,,meadow,,22.02545909722574,49.983804971905464
,,meadow,,22.023511183268493,49.98149509015737
,,meadow,,22.022960035073254,49.981177785453724
,,meadow,,22.032019927339856,49.98043811018674
,,forest,,22.03233298492587,49.980949911065
,,meadow,,22.036941144992433,49.98115564187642
,,forest,,22.038374033333334,49.98172576666666
,,meadow,,22.038835261905895,49.981502191535284
,,meadow,,22.041961675041378,49.98136763303864
,,meadow,,22.03777923552696,49.98228365685642
,,forest,,22.037917964904622,49.98184986343354
,,forest,,22.037588156495467,49.981543122058305
,,meadow,,22.03378472283358,49.98281205288705
,,meadow,,22.031308933958737,49.982181487734756
,,meadow,,22.02896282396179,49.98140791822924
,,forest,,22.02780666787681,49.98150821581108
,,meadow,,22.026454271208767,49.980288760959525
,,meadow,,22.025301005435796,49.9809014836372
,,meadow,,22.022348676261785,49.98035067517618
,,meadow,,22.028151136837113,49.97532613892119
,,meadow,,22.02595540845371,49.97537726787729
,,forest,,22.02563105961221,49.97624083401526
,,meadow,,22.024248361668192,49.97703266088496
,,meadow,,22.031743743327482,49.97843068722557
,,meadow,,22.033169760594646,49.978215357059455
,,meadow,,22.03048347422233,49.9785934435645
,,meadow,,22.03048781451438,49.97806833671992
,,meadow,,22.025216744851388,49.97802837518531
,,meadow,,22.033185521722512,49.97544087554509
,,meadow,,22.03422772203088,49.97244926052465
,,forest,,22.037518522239786,49.97705729567821
,,forest,,22.040367204842088,49.97963982162787
,,meadow,,22.032357816842516,49.979714154806835
,,meadow,,22.031971301707,49.978965877661864
,,meadow,,22.026056791450014,49.97375189050427
,,meadow,,22.026994925898567,49.97349080518636
,,grass,,21.976152009259742,50.01338266270466
,,grass,,21.976418961267353,50.013284067467616
,,grass,,21.975734551686724,50.013543201841465
,,meadow,,21.97146407695699,50.01638944829472
,,grass,,22.008325754702195,50.018773733191324
,,grass,,22.00598189453115,50.01934449253898
,,grass,,21.98944171528884,50.02028348088568
,,grass,,21.98718755933631,50.02035081265496
,,grass,,21.985901736378864,50.02041676236636
,,grass,,21.98454198544765,50.02085193480853
,,,grassland,21.958093230345224,49.96821826540504
,,,grassland,21.95701561845209,49.96707989718575
,,grass,,21.98747596666667,50.02755753333333
,,grass,,22.01180415539863,50.02019726657473
,,grass,,22.011433636123105,50.019721944361216
,,meadow,,22.034262346935424,50.00994021871854
,,meadow,,22.035585987293324,50.00967423373566
,,meadow,,22.0352851745391,50.01174398086335
,,meadow,,22.03525119356029,50.01206588095027
,,meadow,,22.029089826687546,50.01299608267304
,,meadow,,22.03134527181003,50.01257248234672
,,meadow,,22.03107230693181,50.01196034956073
,,meadow,,22.025333341255603,50.013315373901804
,,meadow,,22.025519169424047,50.01274410018792
,,meadow,,22.037529474292274,50.005261585201204
,,meadow,,22.037503883420115,50.00672291392948
,,meadow,,22.0333100503768,50.00554860669545
,,meadow,,22.034052649791665,50.00657019229355
,,meadow,,22.035313435220623,50.007585446124025
,,meadow,,22.036222036535882,50.00750349436239
,,meadow,,22.037099190024044,50.00855495661329
,,meadow,,22.03863107431156,50.008497674597265
,,meadow,,22.03781854922429,50.009285939714715
,,meadow,,22.03918015826886,50.01147054898447
,,meadow,,22.03819465058012,50.011253691963574
,,meadow,,22.039426578552312,50.012552776236426
,,meadow,,22.03319579558918,50.003500923096006
,,forest,,22.042253465998765,50.00326269972428
,,forest,,22.042721420846036,50.00357091914871
,,meadow,,22.045253830515577,50.004008853977716
,,meadow,,22.044217904773813,50.00426978103785
,,forest,,22.044688199756106,50.00466183110087
,,meadow,,22.038834827846294,50.00330757703128
,,meadow,,22.037223746097272,50.00334815926913
,,grass,,22.032222346265133,50.00456838445619
,,meadow,,22.033798735296084,50.02773924995996
,,meadow,,22.035953324623446,50.02829296241213
,,meadow,,22.03450509082187,50.028319666442606
,,meadow,,22.040084666829358,50.028205643738715
,,grass,,21.995065704129676,50.01920181432187
,,meadow,,22.04294623892916,50.01364864028594
,,meadow,,22.04054241292951,50.013293127895395
,,forest,,22.040523378314273,50.01166266602632
,,meadow,,22.043519339627572,50.00947154942224
,,meadow,,22.044219806109883,50.00947838013529
,,meadow,,22.044242771114302,50.00853251840322
,,meadow,,22.04579983968702,50.00773366931265
,,meadow,,22.046148434867153,50.01120656130951
,,forest,,22.043717842403073,50.010245697144626
,,meadow,,22.044210628685065,50.007516357271676
,,meadow,,22.046960042172483,50.01166564833228
,,meadow,,22.04716122980352,50.01075136327989
,,meadow,,22.04804850456477,50.010622407470706
,,forest,,22.048013542991022,50.010055651825596
,,meadow,,22.049063933586144,50.00968335516325
,,meadow,,22.04993243034866,50.008332764934515
,,meadow,,22.050441989274308,50.007562625488276
,,meadow,,22.048533901926657,50.00678764868691
,,meadow,,22.046483083108473,50.006269706951535
,,forest,,22.04714316610262,50.00613599746848
,,meadow,,22.04777571643113,50.00610449792372
,,forest,,22.04577236219861,50.006254625887436
,,meadow,,22.042465614022458,50.006565343077476
,,meadow,,22.04334790616856,50.00700333664206
,,meadow,,22.04227034823329,50.00858448167014
,,meadow,,22.04135668010981,50.00765735769668
,,meadow,,22.042080454815622,50.005651333904275
,,meadow,,22.04069434177368,50.00969005045243
,,forest,,22.03922290662224,50.01020300063596
,,meadow,,22.039641116427358,50.01076519047574
,,meadow,,22.03926710971674,50.00858947827033
,,forest,,22.039657625007987,50.00581297813838
,,meadow,,22.03959482822198,50.006718492652624
,,meadow,,22.04012985461618,50.00700013456763
,,meadow,,22.041075644446085,50.00558725636681
,,meadow,,22.04028148828492,50.005671330036975
,,forest,,22.040395172161205,50.004743570725594
,,forest,,22.04445300775717,50.016991466273666
,,grass,,21.976942314587074,50.026892598767255
,,grass,,21.977066565521152,50.02745238678762
,,grass,,21.977449052215196,50.02536313658984
,,grass,,21.975928291688223,50.02688802951371
,,grass,,21.976112026593967,50.026811454855206
,,grass,,21.976233090369252,50.026770486658656
,,grass,,22.011942758196604,50.018006358141584
,,grass,,21.963479125984314,50.042836904034985
,garden,,,22.000335831025723,50.036911486446336
,,meadow,,22.03300481310086,50.02000667194427
,,forest,,22.033468559895564,50.02078667315436
,,meadow,,22.029186952605077,50.02157704471179
,,forest,,22.03107813833033,50.02274033425094
,,meadow,,22.03073749436042,50.020637149777336
,,meadow,,22.03221453396723,50.019297185481726
,,meadow,,22.033598768924435,50.019371007598195
,,meadow,,22.03613161698958,50.01740478390671
,,forest,,22.031946353552666,50.02084495190682
,,meadow,,22.03011648749972,50.01956944737397
,,grass,,22.03061512482956,50.02479633727088
,,grass,,22.010078182449835,50.01836072465062
Rondo im. Rozstrzelanych 1 czerwca 1943 r.,,grass,,21.950477986569222,50.02970951940929
,,grass,,22.03446315167851,50.03256398655621
,,grass,,22.033546410963243,50.033884875707585
,,grass,,22.029673437410217,50.023422692404246
,,grass,,21.998850864328876,50.04055486829592
,,grass,,21.99822938476635,50.03938373368727
,,grass,,21.997473585057293,50.0377859625506
,,grass,,21.997697657411,50.03694067228758
,,grass,,21.99716057559774,50.036841827830045
,,grass,,21.995019492000612,50.035008879261824
,,grass,,21.994165889452006,50.0347608357263
,,grass,,21.99399074815977,50.03460457358236
,,grass,,21.9938150577102,50.0344446111622
,,grass,,21.993843982549127,50.034270509485914
,,grass,,21.99526854205827,50.033616094623625
,,grass,,21.994712731804675,50.033729337256624
,,grass,,21.99390061895516,50.03334088237502
,,grass,,21.993859570557685,50.033535618312754
,,grass,,21.993775820332843,50.03412856870245
,,grass,,21.9977835214076,50.03676661632908
,,grass,,21.997417391246525,50.03602117278877
,,grass,,21.998023566295668,50.036628898584325
,,grass,,21.997793844807248,50.03794353786357
,,grass,,21.997707101463888,50.03774917894831
,,grass,,21.997619909115016,50.03753471403787
,,grass,,21.99756514738422,50.037278496311544
,,grass,,21.996405500081792,50.037176066734
,,grass,,21.99572067096465,50.03729241061983
,,grass,,21.996666060396066,50.03673224496966
,,grass,,21.996426972957007,50.03658147664032
,,grass,,21.996257274321714,50.03644011669504
,,grass,,21.995717017186447,50.03586758731041
,,grass,,21.99584877180515,50.03593985699319
,,grass,,21.99608092636349,50.03602681728264
,,grass,,21.9962256006852,50.036063108649884
,,grass,,21.99635406862177,50.03609198732921
,,grass,,21.996623791880094,50.03615455057043
,,grass,,21.994434361694367,50.034931128912476
,,grass,,21.995413337496494,50.035682742037594
,,grass,,21.995152070401858,50.035524333766375
,,grass,,21.995084151431275,50.035487959713016
,,grass,,21.994890976208083,50.035166579092014
,,grass,,21.994583691489687,50.03513462651792
,,grass,,21.998051580761985,50.038279173978275
,,grass,,21.998180840623576,50.03879039444376
,,grass,,21.99741274381458,50.03822274337892
,,grass,,21.99736789199765,50.03812832612302
,,grass,,21.997335936991014,50.038046467809025
,,grass,,21.997278395771506,50.037911906405846
,,grass,,21.99724015888394,50.037827620349134
,,grass,,21.997131916877375,50.03759743120551
,,grass,,21.997619730906642,50.035311773428894
,,grass,,21.997694408657857,50.0356639228095
,,grass,,21.997486912917893,50.035803135510285
,,grass,,21.99777440192061,50.036264827244196
,,grass,,21.997542686328426,50.036206153237615
,,grass,,21.995985654120968,50.03460450586875
,,grass,,21.995892536069103,50.034459896173
,,grass,,21.99581645897769,50.033963263941274
,,grass,,21.99572978017774,50.03372382334146
,,grass,,21.995605945222295,50.033601718445226
,,grass,,21.997972114417884,50.03563956926856
,,grass,,21.997934515732403,50.03569105870742
,,grass,,21.997842099544155,50.03576087489112
,,grass,,21.997751052338685,50.03586957200632
,,grass,,21.997886155570193,50.03583884401589
,,grass,,22.001154935516528,50.03598653318317
,,grass,,22.001108050139447,50.035898811847794
,,grass,,22.001115986481505,50.03575591460015
,,grass,,22.001119684653958,50.035454401220115
,,grass,,22.00106273724542,50.035388807309936
,,grass,,22.001066668544226,50.035290104328624
,,grass,,22.001106993511804,50.03518445078999
,,grass,,22.000707288644115,50.03623110957223
,,grass,,22.000639060775917,50.03623692483345
,,grass,,22.000483029285817,50.036257030847345
,,grass,,21.998975325878945,50.03615379255458
,,grass,,21.987393570325874,50.03234364386377
,,grass,,21.98721017413186,50.03197034360936
,,grass,,21.987086954088184,50.03171733278352
,,grass,,21.988309446922592,50.03119160743538
,,grass,,21.98809407332879,50.031128508079235
,,grass,,21.988047690511063,50.03120540728475
,,grass,,21.987918390686186,50.031423668336664
,,grass,,21.987680186530586,50.03144958584918
,,grass,,21.98784479337694,50.03171662760151
,,grass,,21.98793937697703,50.03191004395834
,,grass,,21.988101313939573,50.032255991514226
,,grass,,21.98789221333902,50.03096383795805
,,grass,,21.98737050441389,50.03137986246054
,,grass,,21.987242765066377,50.0313818295269
,,grass,,21.98705300264087,50.031412009474074
,,grass,,21.98757208171092,50.0310407499845
,,grass,,21.986823914581564,50.03095317852283
,,grass,,21.986637719273983,50.031111152051494
,,grass,,21.986534704100606,50.03133769173791
,,grass,,21.986844934737157,50.03066243559509
,,grass,,21.98712211208257,50.03083952508328
,,grass,,21.986695117038927,50.0313762548997
,,grass,,21.990424829673515,50.03162959783664
,,grass,,21.990266305131435,50.03166946168291
,,grass,,21.99008246669435,50.03161813369528
,,grass,,21.990157874818248,50.031889460075924
,,grass,,21.989803590186664,50.0320594469611
,,grass,,21.990036265136798,50.03326536923076
,,grass,,21.98932725055926,50.03236486441422
,,grass,,21.989609248904273,50.032750017042574
,,grass,,21.988543459130803,50.03196766947295
,,grass,,21.989663681686192,50.03200831539954
,,grass,,21.990301475293204,50.03161983954073
,,grass,,21.990218805291782,50.031827976118684
,,grass,,21.989959193730865,50.03184940525168
,,grass,,21.989324968622707,50.03182616781032
,,grass,,21.988833075423667,50.03162101683176
,,grass,,21.989135062537077,50.031439197325234
,,grass,,21.98904453171601,50.03154403251016
,,grass,,21.988765655861712,50.031413408327296
,,grass,,21.988576716323923,50.031391530470934
,,grass,,21.98897135913874,50.03196040633001
,,grass,,21.988986323084895,50.03191716699232
,,grass,,21.989084090803512,50.03187533072945
,,grass,,21.98865389372858,50.03219130694654
,,grass,,21.988783938658955,50.032171097239505
,,grass,,21.98895648858533,50.032135780696784
,,grass,,21.989132893697672,50.03209973680331
,,grass,,21.98944138782479,50.03203609106852
,,grass,,21.989306435440973,50.03206416616678
,,grass,,21.988904615053446,50.03121054040852
,,grass,,21.989000173185506,50.03129698341103
,,grass,,21.988655415856663,50.031295713910566
,,grass,,21.987991122366836,50.0329735916681
,,grass,,21.988053356428875,50.033103725254065
,,grass,,21.98817894385855,50.033365002972126
,,grass,,21.98824519785289,50.03349761648511
,,grass,,21.986803572653628,50.0318622514316
,,grass,,21.98709726042376,50.03216557370004
,,grass,,21.987743646283022,50.03328013907345
,,grass,,21.98857753587351,50.033069042371864
,,grass,,21.98792208940408,50.032828787697746
,,grass,,21.991120493949023,50.03478885731783
,,grass,,21.990327104308808,50.034547032918134
,,grass,,21.990667589019488,50.03464516926789
,,grass,,21.990799459799394,50.034495530797095
,,grass,,21.989992134885288,50.0343639046234
,,grass,,21.989782977450925,50.03440765708876
,,grass,,21.98960625439299,50.03422384867292
,,grass,,21.98924297131523,50.034225593796016
,,grass,,21.989071423731833,50.03403864836652
,,grass,,21.989856597346346,50.0340136767407
,,grass,,21.989548301989075,50.03372690365704
,,grass,,21.991105487076826,50.03510252670015
,,grass,,21.991498441934645,50.035178512642545
,,grass,,21.990475354135434,50.0355595553444
,,grass,,21.99128327658433,50.03594743079346
,,grass,,21.991199807800122,50.03587713222265
,,grass,,21.990690281014736,50.03570572605007
,,grass,,21.9908944741963,50.03570060118305
,,grass,,21.990695863234922,50.035613922359275
,,grass,,21.990646048432673,50.03556104403663
,,grass,,21.990159045370717,50.03540828848582
,,grass,,21.990334605896795,50.035466438025686
,,grass,,21.990865821808143,50.03516206174017
,,grass,,21.98961321078394,50.03667128209703
,,grass,,21.98978198914305,50.03592809281436
,,grass,,21.989386591568586,50.03606834363985
,,grass,,21.989510559091087,50.03576061333908
,,grass,,21.98976786125696,50.035746029305045
,,grass,,21.99022884515832,50.03594980786729
,,grass,,21.99056500373566,50.03723327380771
,,grass,,21.99055978198012,50.0377052035681
,,grass,,21.990121284107406,50.03683129642996
,,grass,,21.98981675327684,50.037163746440704
,,grass,,21.99030131670949,50.0372768696603
,,grass,,21.99049025046016,50.0369482230578
,,grass,,21.990928593470823,50.0364403152591
,,grass,,21.99068735883871,50.036528502232095
,,grass,,21.990559195367297,50.03659904103256
,,grass,,21.9904745328087,50.03659578178316
,,grass,,21.98988773682469,50.03686620934537
,,grass,,21.990304067321706,50.03711701390358
,,grass,,21.994299020182417,50.032899800342136
,,grass,,21.994141419133406,50.03287383960621
,,grass,,21.994817674513925,50.03311724715052
,,grass,,21.9950368460628,50.03318737371754
,,grass,,21.995218119252957,50.03324548306439
,,grass,,21.99442581341373,50.03320826897259
,,grass,,21.99387122310597,50.03305798445027
,,grass,,21.994121191727668,50.0331421670061
,,grass,,21.99490023893056,50.033361722397004
,,grass,,21.99523372026349,50.033336222175535
,,grass,,21.99437771061061,50.033060425683466
,,grass,,21.99354136051868,50.03295242820568
,,grass,,21.99406388349675,50.03292181689553
,,grass,,21.992811472806817,50.03266601845187
,,grass,,21.992812691980205,50.03272400827514
,,grass,,21.992202691687954,50.0325216084366
,,grass,,21.992359058808624,50.032400973412194
,,grass,,21.99133150991394,50.032150402051066
,,grass,,21.99122631529226,50.03211327993466
,,grass,,21.990997090031,50.03209051016156
,,grass,,21.991501935030747,50.03210390295743
,,grass,,21.990748599586496,50.031843703687244
,,grass,,21.99101534704046,50.03638173649871
,,grass,,21.991078202573014,50.03631194468242
,,grass,,21.991115341602118,50.036265709001846
,,grass,,21.99115156910779,50.03621787279858
,,grass,,21.991188385508813,50.036172994652325
,,grass,,21.991064189590013,50.03655160895966
,,grass,,21.992375671232995,50.03498522477097
,,grass,,21.992959078094362,50.03466980372215
,,grass,,21.992873147195624,50.034564325707244
,,grass,,21.993343778797048,50.0340764975643
,,grass,,21.993262053913465,50.03388372895704
,,grass,,21.99358391690544,50.033957721278064
,,grass,,21.993629490877247,50.03367898240005
,,grass,,21.995422643370627,50.03441689518988
,,grass,,21.995537167986452,50.034359393255926
,,grass,,21.994951984991904,50.034643827535284
,,grass,,21.99476197270613,50.034736274795996
,,grass,,21.995308541595485,50.03399318370024
,,grass,,21.994670435312372,50.03401465525731
,,grass,,21.9950893555131,50.03424276757701
,,grass,,21.995415693467383,50.03423762596665
,,grass,,21.99429670398968,50.034807965939144
,,grass,,21.99442249494907,50.03474828756237
,,grass,,21.994596382413825,50.034664799895474
,,grass,,21.994808940204642,50.034562681215185
,,grass,,21.994988266014598,50.03447539385119
,,grass,,21.99476571891492,50.03498826362145
,,grass,,21.994960840422003,50.03640468610728
,,grass,,21.99621551056512,50.03684498438371
,,grass,,21.99638576037883,50.03696546251833
,,grass,,21.99618375423052,50.03699711581514
,,grass,,21.995001618224656,50.0374755120583
,,grass,,21.994654763262748,50.03741927778289
,,grass,,21.995902598393233,50.03708991872084
,,grass,,21.995723805147296,50.03708606617954
,,grass,,21.995596538709293,50.03715108308485
,,grass,,21.995264267850416,50.03724174572985
,,grass,,21.994173969540842,50.03667514386947
,pitch,grass,,21.994890103572555,50.03621885487097
,,grass,,21.99445133037906,50.036344697698404
,,grass,,21.995649806299394,50.0362192396215
,,grass,,21.996037823807967,50.03650016089244
,,grass,,21.994342212961055,50.037690909329555
,,grass,,21.993745752756812,50.03794775288624
,,grass,,21.99408926139335,50.03741685534491
,,meadow,,21.98272635309644,50.03083677807948
,park,,,21.984562109623333,50.04181300370359
,,grass,,21.988871716649626,50.04070955682709
,garden,,,21.99765649077844,50.03995154500367
,,grass,,21.96131400900812,50.044966290227585
,,grass,,21.964491850059794,50.04928315091609
,,meadow,,21.979548780594627,50.04189325545846
,,grass,,21.97563640892035,50.04073130540906
,,grass,,21.994817396418483,49.96644046942122
,,grass,,21.999506397385506,50.04695593150082
,,grass,,22.00018064654662,50.0450015137682
Bulwar Adama Kowalskiego,,meadow,,21.99134836436203,50.00975243826921
,,forest,,22.100172068748318,50.021934133868825
,,forest,,22.102799884057816,50.01071702146742
Skwer Księdza Infułata Stanisława Maca,park,,,22.003033171492486,50.00960674183342
,,forest,,22.06369758023693,50.04868511515562
,,grass,,22.009990252996715,50.03887338257005
,,grass,,22.010022940335244,50.039259874520795
,,grass,,22.064386014363293,50.03695209675356
,,grass,,21.98623563476442,49.99740977686672
,,grass,,21.988911724413374,49.99539792487109
,,grass,,21.988814923599755,49.99534672000681
,,grass,,21.98888075628575,49.99537167641704
,,grass,,21.988874043144445,49.99570291609425
,,grass,,21.98895865063711,49.99559995671774
,,grass,,21.989199770580623,49.995630974653
,,grass,,21.988963647204944,49.99548708468112
,,grass,,21.98887075131203,49.995480732604996
,,grass,,21.9890734088391,49.995578072826135
,,grass,,21.98335917297753,49.99273041454072
,,grass,,21.99649884463277,50.00498931487688
,,,wood,21.989019050000003,49.969329300000005
,,,wood,21.988548429345947,49.9691355071031
,,,wood,21.98902260096714,49.969070648458306
,,,wood,21.988596974541633,49.969073124863485
,,,wood,21.98876955890105,49.969073958906044
,,,wood,21.988400005117317,49.969057832784245
,,,wood,21.989163652977112,49.969035221656746
,,,wood,21.989278280725607,49.96897243369782
,,grass,,22.01901882228215,50.03421692810307
,,grass,,22.019183203176063,50.034120321481275
,,grass,,22.01902742567889,50.03401709795366
,,grass,,22.019337890294565,50.03422449472116
,,grass,,22.019348084021786,50.03402390645801
,,grass,,22.018345154098615,50.034051898869585
,,grass,,22.01834040948952,50.03416391244394
,,grass,,22.017473239583115,50.03415020060425
,,grass,,22.01748027323997,50.034038955861206
,,grass,,22.017590933555635,50.034584249499645
,,grass,,22.018120445920847,50.034359967376815
,,grass,,22.018495474888866,50.03436788215448
,,grass,,22.017419359531242,50.03512744634774
,,forest,,22.07653640476496,49.98006063953897
,,grass,,21.996494219800002,50.01442436281974
,,grass,,21.996511882034927,50.01471200299049
,,grass,,21.99632472298294,50.01465272531786
,,grass,,21.9962595695335,50.01463566156682
,,grass,,21.97543920263004,49.96416049899495
,,grass,,21.99933365317089,50.038002169940725
,,grass,,22.0093284193788,50.031040522313106
,,grass,,22.00952660844565,50.03100291778875
,,grass,,22.009069779791236,50.03119330579918
,,grass,,22.002334813488616,50.034195523445426
,,grass,,22.00267098610298,50.034241161824134
,,grass,,22.002898189166675,50.034270886416046
,,grass,,22.00204781738548,50.03415560250869
,,grass,,21.99970019089744,50.04177858738684
,,grass,,21.999733890169317,50.041409756259
,,grass,,21.999746060814616,50.041296162889985
,,grass,,22.007251863808413,50.037581841274786
,,grass,,22.006825575192376,50.037563666571835
,,grass,,22.007677540606895,50.03761608755943
,,grass,,22.00787501597522,50.03759445136537
,,grass,,22.007869641881513,50.03754980725659
,,grass,,22.007676651125177,50.03754807285844
,,grass,,21.9861894913878,50.018758163655995
,,grass,,21.986230018283596,50.018842809849
,,grass,,21.986168360200203,50.01893703596867
,,grass,,21.98601760723489,50.01897197352878
,,grass,,21.986122676928886,50.01879393924948
,,grass,,21.986140598507802,50.018840200629974
,,grass,,21.98610452520079,50.01889453506307
,,grass,,21.986023199153845,50.01891447139185
,,grass,,21.9858607203373,50.01892018367178
,,grass,,21.985917715171613,50.01889024093318
,,grass,,21.98582126158664,50.018835481387725
,,grass,,21.985893159503895,50.01883766119119
,,grass,,21.985932725693317,50.018776960756824
,,grass,,21.986027233390985,50.01875308877659
,,grass,,21.985883041196317,50.0187435574354
,,grass,,21.986032100378456,50.018707474159996
,,grass,,21.985595844905152,50.01878147129579
,,grass,,21.986989903325,50.01874179169495
,,grass,,21.98695925064596,50.018843760843765
,,grass,,21.987070896476784,50.01878995703938
,,grass,,21.98722722240859,50.01875854954944
,,grass,,21.987283112542713,50.01868077020736
,,grass,,21.987386622164227,50.01880727517602
,,grass,,21.987437966769033,50.01901761723067
,,grass,,21.987144099489726,50.019057256237275
,,grass,,21.98777643794228,50.018633300339914
,,grass,,21.986849437651802,50.01892029882244
,,grass,,21.986782136285566,50.0188101841862
,,grass,,21.98791597732562,50.01906484910482
Skwer im. ks. Józefa Hermana Osińskiego,park,,,22.01421476942836,50.03853216117731
,park,,,21.952221209428693,50.042676190314964
,,grass,,21.977623245555492,50.04563412183229
,,grass,,21.97763244891025,50.04547315925078
,,grass,,21.97753844439306,50.04675925368129
,,grass,,21.977267617456494,50.04682820483975
,,grass,,21.976335108898006,50.047016363420354
,,grass,,21.97641559483603,50.04711239115003
,,grass,,21.976557498190882,50.04723337127173
,,grass,,21.977525807997043,50.0468612373919
,,grass,,21.976761475984503,50.04724109104737
,,grass,,21.97698986404148,50.04717140565493
,,grass,,21.976924795151255,50.04710101228138
,,grass,,21.97983894174425,50.04523653247355
,,grass,,21.980173013713866,50.045199893357434
,,grass,,21.97996327433331,50.045102145920595
,,grass,,21.987457045904016,49.96937779490916
,,grass,,22.016902597319874,50.0281327640475
,,grass,,22.016918116615845,50.02786029227768
,,grass,,22.016920978752026,50.02713894336155
,,grass,,22.016983588218043,50.02591829828041
,,grass,,22.01703823319274,50.0243363208136
,,grass,,22.017217318194522,50.02339575511175
,,grass,,22.017415811727332,50.023400806033585
,,grass,,22.017045889539546,50.02330857685301
,,grass,,22.017067177934972,50.02244376645059
,,grass,,22.016898276186673,50.02161935229651
,,grass,,22.01674252240697,50.02162023968722
,,grass,,22.01708432322938,50.021509945861204
,,grass,,22.01713467491279,50.02014233465893
,,grass,,22.01684387887531,50.02475877688102
,,grass,,22.017454937603716,50.028124005895165
,,grass,,22.01734990487367,50.02792487323352
,,grass,,22.016481059104866,50.02794045735327
,,grass,,22.016382637268638,50.028130976309214
,,grass,,22.01546060080272,50.02824660252957
,,grass,,22.01635865533196,50.02882479230831
,,grass,,22.016049346997907,50.028772578687054
,,grass,,22.01662009566085,50.02730573842394
,,grass,,22.016662447119998,50.02713388584215
,,grass,,22.01671164410289,50.02689239923015
,,grass,,22.01676453787409,50.026627672862446
,,grass,,22.016779509276144,50.0262410733195
,,grass,,22.01680747026842,50.02554744454586
,,grass,,22.01687557096259,50.02361588105206
,,grass,,22.016874205383925,50.02301512122565
,,grass,,22.01688273476897,50.022040383619576
,,grass,,22.016918069871547,50.021368360473154
,,grass,,22.01692871028113,50.020883446902985
,,grass,,22.01681746743953,50.019018940340544
,,grass,,22.01695145752235,50.0200639961282
,,grass,,22.01694130574627,50.02040458870996
,,grass,,22.01716687305494,50.026852395790904
,,grass,,22.017179832300837,50.02485782949925
,,grass,,22.017209991594736,50.0236055246657
,,grass,,22.016918427616545,50.02883262203038
,,grass,,22.01762889354008,50.019002135317
,,grass,,22.017471003454762,50.019231353972586
,,grass,,22.01759277873513,50.01864164889391
,,grass,,22.017511363656748,50.018999238808554
,,grass,,22.01730935300991,50.01998573268496
,,grass,,22.017293821756567,50.02065968991158
,,grass,,22.017271013675906,50.021298578040216
,,grass,,22.01725171116083,50.02188675203715
,,grass,,22.01715493675422,50.038706210544426
,,grass,,22.00587722912169,50.02990552211204
,,grass,,21.995207850676042,50.01845573222972
,,grass,,21.995382206214448,50.01837766102329
,,grass,,21.99524815849876,50.017738448764845
,,grass,,22.002117801114924,50.03384544259624
,,grass,,22.002070348524462,50.03398655213849
,,grass,,22.002081754425735,50.03394970532852
,,grass,,22.002055954901945,50.03402359425475
,,grass,,22.002042955030326,50.03405984840609
,,grass,,22.00210561972926,50.033882119612436
,,grass,,22.002131038598893,50.03380940622698
,,grass,,22.002142902234993,50.03377332476057
,,grass,,22.00219509764768,50.03378067610632
,,grass,,22.002095190817787,50.034067838108456
,,grass,,22.001991841861773,50.03405261910746
,,grass,,22.001995898751215,50.03401096021448
,,grass,,22.002092019043335,50.033765940190946
,,grass,,22.002018729991185,50.033945193329735
,,grass,,22.002142887910882,50.03396241019133
,,grass,,22.00212008412377,50.03402932670556
,,grass,,22.00204723699205,50.033869523561954
,,grass,,22.00216877160658,50.03388833010249
,,grass,,22.002192697517675,50.03382239251548
,,grass,,22.00206902177893,50.03380447226236
,,grass,,22.002214050000003,50.033859850000006
,,grass,,22.002025950000004,50.03383225
,,grass,,22.00197475,50.03397305000001
,,grass,,22.00216401195011,50.03400007812735
,,grass,,22.001913008326607,50.03399362834585
,,grass,,22.001985675134147,50.03379614218368
,,grass,,22.001922664252792,50.03396562827277
,,grass,,22.00197433652363,50.033824521169024
,,grass,,22.00192558856872,50.033890679345994
,,grass,,22.001895346264302,50.03397136144855
,,grass,,21.994847546276795,50.01941461718896
,,grass,,21.994838579396355,50.019198700481034
,,grass,,22.009910424976933,50.03106343719005
,,grass,,22.009963558587632,50.03119717010851
,,grass,,22.010183120522758,50.03125711137152
,,grass,,22.01026218240752,50.031317647452894
,,grass,,22.01010379101503,50.03134184784428
,,grass,,22.010530216422953,50.03122489719792
,,grass,,22.010399588398606,50.031176238526356
,,grass,,22.010513376078237,50.031098154874286
,,grass,,22.01120758915904,50.0313304581765
,,grass,,22.010276829429802,50.030656127259086
,,grass,,21.96219158279595,50.04498520986042
,,grass,,21.992841399419532,50.038639646900094
,,grass,,21.993836841919283,50.0391515613338
,,grass,,21.99279658800299,50.0389578517608
,,grass,,22.033517154294042,50.04970063137625
,,grass,,22.009995968408568,50.02365385229324
,,grass,,22.00988407982667,50.02344230224686
,,grass,,22.01016869572096,50.02338736768791
,,grass,,22.010071460711657,50.023316361719566
,,grass,,22.00944143104562,50.02258955199912
,,grass,,22.00920015977156,50.0221358680719
,,grass,,22.00900601482031,50.0219118436599
,,grass,,22.008623344196916,50.022339930707005
,,grass,,22.008359150286427,50.0218738746853
,,grass,,22.00868567560417,50.02189228584504
,,grass,,22.009543495887915,50.021924011832866
,,grass,,22.008020055042454,50.02156897822477
,,grass,,21.970577479225,50.03654210985223
,garden,,,21.99585135876029,50.03855498699664
,garden,,,21.995826623290785,50.038505284590045
,garden,,,21.995575041942338,50.03855901991465
,garden,,,21.995599222202014,50.038608902869015
,,forest,,21.999938424430574,50.02536536235519
,,forest,,21.99937922469132,50.02504137351588
,,grass,,22.009943564925347,50.045957075452634
,,grass,,22.009988928347262,50.04577593083327
,,grass,,22.01028641804111,50.04611078972157
,,grass,,22.010401213443345,50.04595469322843
,,grass,,22.009906640473222,50.04618449739844
,,grass,,22.009462243845793,50.04588925415297
,,grass,,22.00930944342081,50.04556314966064
,,grass,,22.009041261876025,50.045478057817725
,,grass,,22.008836859549273,50.04560199382786
,,grass,,22.00895862542475,50.04592895074367
,,grass,,22.008548980445383,50.045372232906715
,,grass,,22.008314427983517,50.04559230499922
,,grass,,22.010193605339243,50.04622813081237
,,grass,,22.008855371956265,50.04627052441065
,,grass,,22.008559321539913,50.04627917444076
,,grass,,22.008296825951938,50.046285853324214
,,grass,,22.008028750000005,50.0462905
,,grass,,22.007689103244722,50.046298427687105
,,grass,,22.007608271744576,50.04620657415738
,,grass,,22.007836374546297,50.04620184561608
,,grass,,22.0080134,50.046198
,,grass,,22.00824845,50.04619215
,,grass,,22.008479043290134,50.046179887020905
,,grass,,22.009224565718846,50.046161285185136
,,grass,,22.040478968319686,50.03584128778869
,,grass,,22.039656378641695,50.03549654067262
,,grass,,22.039150803771577,50.03539080086699
,,grass,,22.040647929918798,50.03516165169551
,,grass,,22.04011032214314,50.03552936897104
,,,wood,22.03380604178735,50.0389766867201
,,grass,,21.995284377411426,50.023958273848336
,,grass,,22.00757243015088,50.04524657638456
,,grass,,22.007956767837022,50.04531402547423
,,grass,,22.00745907634713,50.04563946344666
,,grass,,22.007450664720718,50.04553597440967
,,grass,,22.00746233121949,50.04577908943328
,,grass,,22.00747840966618,50.046018701439706
,,grass,,22.00769641109175,50.04540303756607
,,grass,,22.006214481464834,50.04576179361713
,,grass,,22.006125616889772,50.04588743379258
,,grass,,22.006265459248432,50.0455820056245
,,grass,,22.006392729373815,50.04582683793424
,,grass,,22.006090401870477,50.04602522678413
,,grass,,22.006194030060172,50.04607864145964
,,grass,,22.00722948583743,50.045608625548326
,,grass,,22.007237949999997,50.0457101
,,grass,,22.007251338877875,50.04595377528095
,,grass,,22.007245810106003,50.04583432445901
,,grass,,22.00689700935685,50.04585525855817
,,grass,,22.006089966621612,50.046161992692106
,,grass,,22.0063957332018,50.04616159752649
,,grass,,22.00557180845602,50.046016602153834
,,grass,,22.00580640668276,50.045820872545015
,,grass,,22.005687073291714,50.0456176801804
,,grass,,22.005883523425315,50.0454654615647
,,grass,,22.00568229487381,50.045387299677174
,,grass,,22.005130247423264,50.04570984275845
,,grass,,22.004776934736444,50.04636052849128
,,grass,,22.007180223333656,50.03059710182662
,,grass,,22.00745425281329,50.03056605577546
,,grass,,22.007244375646074,50.030435880260626
,,grass,,22.00755595,50.03082974999999
,,grass,,22.007678332575566,50.03086701822319
,,grass,,22.007339955391924,50.03048043228239
,,grass,,22.00693910237209,50.030541269136016
,,grass,,22.007832317646542,50.03076338858671
,,grass,,22.00771591552793,50.030579740655895
,,grass,,22.007288433543078,50.03036953100023
,,grass,,22.00783067205386,50.03103601923764
,,grass,,22.007859174561986,50.03092727532927
,,grass,,22.007707518936765,50.031041232492214
,,grass,,21.964383483615983,50.00892856787373
,,grass,,21.967185910402065,50.00948643303415
,,grass,,22.028504954136842,50.024228283951246
,,grass,,22.029319423835684,50.02380848934673
,,grass,,22.029596169669794,50.02366507326286
,,grass,,22.00694237796918,50.030616524927375
,,grass,,22.007013711449076,50.03047707178283
,,grass,,22.006850435929092,50.030545300777526
,,grass,,22.007679347209336,50.03074295089373
,,grass,,22.00787631632968,50.03044376568415
,,grass,,22.007883345049553,50.03035433532847
,,grass,,22.00652386724863,50.030315381084
,,grass,,22.00633937118116,50.030393294404725
,,grass,,22.006707762547876,50.0302399750202
,,grass,,22.006891966202623,50.03016374782247
,,grass,,22.00707644463022,50.0300850656698
,,grass,,22.007281913500606,50.03007098328903
,,grass,,22.034082217984235,50.03095269885335
,,grass,,22.03312950502247,50.032984842156736
,,grass,,22.032318216297945,50.032314561931294
,,grass,,22.034351004690475,50.03216292718438
,,grass,,22.034674191695668,50.03233459927881
,,grass,,22.03289045360101,50.032356086075374
,,grass,,22.032605436238285,50.042375254239474
,,grass,,22.032660367486603,50.042363483760276
,,grass,,22.034973091469624,50.049533613907805
,,grass,,22.032590465283302,50.04268234072544
,,grass,,22.03251503361272,50.043301227608744
,,grass,,22.03216417684978,50.042944286365056
,,grass,,22.03258551923513,50.04503300624743
,,grass,,22.032896031531706,50.04651501402237
,,grass,,22.03237032328475,50.042936968313725
,,grass,,22.035771397838694,50.0509552183403
,,grass,,22.035416434153547,50.05099754400388
,,grass,,21.951327949061387,50.04897963486171
,,grass,,21.95113215651508,50.049350673339546
,,grass,,21.951174013505337,50.04928936296186
,,grass,,21.95107081660359,50.04930566976871
,,grass,,21.95174685517012,50.048194605931286
,,grass,,21.951676993594926,50.048052980069414
,,grass,,21.951847269090344,50.048149955766114
,,grass,,21.951736380180403,50.04794859354314
,,grass,,21.95076313779258,50.04922429636
,,grass,,21.95081579680309,50.049111398146685
,,grass,,21.9509700601026,50.04909585390811
,,grass,,21.95102524176509,50.04920271053583
,,grass,,21.951126664973955,50.04919079701715
,,grass,,21.95161363504048,50.04910927771719
,,grass,,21.951414588908555,50.04914291426093
,,grass,,21.952227453649936,50.04899062152536
,,grass,,21.951707083620576,50.047556432943026
,,grass,,21.95156756131308,50.04760754989473
,,grass,,21.951384153763335,50.047700865427906
,,grass,,21.95160448314037,50.04765754253271
,,grass,,21.95175961942367,50.0476302864454
,,grass,,21.951840455506044,50.0477604516192
,,grass,,21.951437697154738,50.047788672770054
,,grass,,21.95166747331695,50.04777650277226
,,grass,,21.951636804135475,50.047824032536184
,,grass,,22.03084461357206,50.037497864843644
,,grass,,22.032153239181,50.037142737529216
,,grass,,22.03387521079649,50.03748533905631
,,grass,,22.035762099926345,50.037751173621615
,,grass,,22.034095488701265,50.03773548134606
,,grass,,22.031402740138272,50.03737134053177
,,grass,,22.031684466221588,50.03735294433237
,,grass,,22.031978067744813,50.03747000587977
,,grass,,22.033195857871657,50.03717875103934
,,grass,,22.03329834292251,50.03754453232247
,,grass,,22.033123691109967,50.03780169620283
,,grass,,22.032564612918126,50.03787481369607
,,grass,,22.03205830694713,50.037737787693416
,,grass,,22.032743595698694,50.038240753338634
,,grass,,22.0326397537535,50.03866663511526
,,grass,,22.032417194694172,50.03870266425837
,,grass,,22.03216722591039,50.03873445434126
,,grass,,22.03258968992363,50.039362127793126
,,grass,,22.031955409329782,50.03862699902717
,,grass,,22.032097104847544,50.039776611592195
,,grass,,22.032151711590856,50.040305368111376
,,grass,,22.0325577930109,50.04085575384217
,,grass,,22.032344415241194,50.040796343724345
,,grass,,22.03267694618815,50.04220829228347
,,grass,,22.032620743087616,50.04219322032096
,,grass,,22.03215242135427,50.0421945875129
,,grass,,22.002723093744784,50.03265741890844
,,grass,,22.002402005021764,50.03253933960031
,,grass,,22.0021767639248,50.032593682667105
,,grass,,22.002364983756156,50.03238397429155
,,grass,,22.002604680072064,50.03230741821463
,,grass,,22.0021532581757,50.032160870915966
,,grass,,22.002457968696902,50.032172418724336
,,grass,,22.002086924372282,50.03325068348134
,,grass,,22.00219437685691,50.03357536875821
,,grass,,22.002808504448044,50.03320895498366
,,grass,,22.00263492780793,50.033583261479556
,garden,,,22.00265577198678,50.03356284730251
,garden,,,22.002524460696556,50.03282496647016
,garden,,,22.00252539040211,50.032555752047934
,garden,,,22.002257244896935,50.03276722211649
,garden,,,22.002315314766385,50.03266334308275
,garden,,,22.002491820777575,50.03348551521671
,garden,,,22.00238776925108,50.032839616332524
,garden,,,22.002376950000002,50.0330035
,garden,,,22.002384399999993,50.033103950000005
,,grass,,22.00520776543647,50.03285961869081
,,grass,,22.004897668615687,50.030813825197484
,,meadow,,22.00574402282439,50.031100059840114
,,grass,,21.952123680380254,50.039541861409546
,,grass,,21.952407573621137,50.03983823222437
,,grass,,21.952167626480488,50.039625197960156
,,grass,,21.952219308916348,50.03966918812527
,,grass,,21.95227296901765,50.039715109680515
,,grass,,21.95234404296604,50.03977607280012
,,grass,,21.952459627492935,50.039910801334294
,,grass,,22.004990226991175,50.04672156286914
,garden,,,22.0008755461766,50.03997177666291
,garden,,,22.000758582031168,50.03967502295243
,garden,,,22.000484158234777,50.03960933478546
,,grass,,22.000465396744975,50.0395660725198
,garden,,,22.000919567136936,50.04050028996338
,,grass,,21.999880210614634,50.03929544296412
,,grass,,22.038073974457742,50.03648694239089
,,grass,,22.034004389058815,50.036590873111734
,,grass,,22.03430408008833,50.03669154872384
,,grass,,21.952817416172664,50.04847968844038
,,grass,,21.952386422099814,50.04837700531678
,,grass,,21.95259900785813,50.048456260564365
,,grass,,21.952421600262433,50.04881507299506
,,grass,,21.952796306444398,50.04883660512331
,,grass,,21.952713217986215,50.04890642253539
,,grass,,21.952527632053524,50.04892357998414
,,grass,,21.95199669420116,50.0483998446006
,,grass,,21.950736144679457,50.04862900278021
,,grass,,21.95058807746347,50.04866324548392
,,grass,,21.950469029998604,50.048559043570286
,,grass,,21.950256786896578,50.0486069110852
,,grass,,21.95021795230937,50.047941844071886
,,grass,,21.950274506972914,50.048031594501744
,,grass,,21.950520323269664,50.048529752278434
,,grass,,21.95051546381685,50.048650435436
,,grass,,21.950672005794456,50.048499727044586
,,grass,,21.950427057861724,50.04801883558096
,,grass,,21.950646962626493,50.04894121126791
,,grass,,21.950551020037576,50.04874729133485
,,grass,,22.031826902204454,50.02703876281854
,,grass,,22.032037473541923,50.027388390079146
,,grass,,22.032838127335193,50.02778049100769
,,grass,,22.0331366121678,50.028230519247
,,grass,,22.033296948310273,50.02849045175656
,,grass,,22.03252865489094,50.02810681088678
,,grass,,22.032959568963893,50.02874842581765
,,grass,,22.033595457984067,50.02878759730073
,,grass,,22.033854267031593,50.029614230621426
,,grass,,22.033496334405516,50.03009572653376
,,grass,,22.03398413169619,50.031751856565315
,,grass,,21.98369042172444,50.045609385015496
,,grass,,21.983046454063757,50.046043710495965
,,grass,,21.95127341666898,50.04731626997067
,,grass,,21.950265792299618,50.04651663910441
,,grass,,21.949995070110738,50.04666838200025
,,grass,,21.95038218521627,50.04654707628005
,,grass,,21.950044438231917,50.04795214251527
,,grass,,21.95003502756186,50.04786047144553
,,grass,,21.950296567354435,50.047744340412684
,,grass,,21.95014685616216,50.047761827101034
,,grass,,21.950967365544724,50.04775850381699
,,grass,,21.95115558745588,50.0478299563123
,,grass,,21.950934103528205,50.047859924844445
,,grass,,21.95059806083513,50.047903237511996
,,grass,,21.950569254134713,50.04781210857184
,,grass,,21.950348197087937,50.04783435025471
,,grass,,21.951961232239615,50.047754810098084
,,grass,,21.951880890212244,50.04783885245246
,,grass,,21.96434589592416,50.0435962268683
,,grass,,22.036931517770366,50.03598788480033
,,grass,,22.03654780260284,50.03596774096794
,,grass,,22.03529967896218,50.03664949296545
,,grass,,22.03541501022719,50.03655717939527
,,grass,,22.03497463543628,50.03681108632205
,,grass,,22.034640988634436,50.036716847265225
,,grass,,22.034942632991473,50.036736866460586
,,grass,,22.035280236934504,50.03675599128303
,,grass,,22.03410334092659,50.034881824885936
,,grass,,21.9827449,50.04623305000001
,,grass,,21.982057896095853,50.047615372043744
,,grass,,21.999742814320673,50.0454037040738
,,grass,,22.00040858324076,50.04513885964175
,,grass,,22.000589040373754,50.04506172627786
,,grass,,22.00042184834168,50.04506164802275
,,grass,,22.000042071521637,50.04474416879214
,,grass,,22.000001183854614,50.04477902094899
,,grass,,21.999734620632815,50.04493884904645
,,grass,,21.999862653387027,50.0449954887929
,,grass,,21.999767579346177,50.04527122565588
,,grass,,21.999906197085217,50.04519516512691
,,grass,,22.000216244687753,50.045272573594495
,,grass,,22.030014336117993,50.02356578948378
,,grass,,22.03036980607556,50.02407387544785
,,grass,,22.030836717535255,50.02478502037262
,,grass,,22.02997550425415,50.024214988160345
,,grass,,22.030487753192663,50.02496735325378
,,grass,,22.031298076126888,50.025483122220145
,,grass,,22.031845285311565,50.02630199786262
,,grass,,22.031255951432595,50.02614669963287
,,grass,,22.033073940313237,50.0277264814901
,,grass,,22.01748366621082,50.01633044716825
,,grass,,22.017014868957414,50.01625396593634
,,grass,,22.016823892817094,50.01709194688562
,,grass,,22.01609852172336,50.017612380600376
,,grass,,22.016675273144013,50.01753741090369
,,grass,,22.017223453786315,50.0169013320623
,,grass,,22.017594779323787,50.01706836571494
,,grass,,22.017195921477473,50.01756233556717
,,grass,,22.016647564304723,50.017921255781374
,,grass,,22.015642182158366,50.01818188228218
,,grass,,22.0162169178034,50.01822631169832
,,grass,,22.017792244185312,50.01792818820793
,,grass,,22.01772482196474,50.017927466760426
,,grass,,22.017505189355923,50.01949117933868
,,grass,,22.017588403837603,50.01917508424731
,,grass,,22.0176662683459,50.01883998904953
,,grass,,22.01780745277346,50.01848841046071
,,grass,,22.01716390914656,50.0186174461341
,,grass,,22.017173603090125,50.018282726606074
,,grass,,22.018139624789058,50.01764401177733
,,grass,,22.020256231706842,50.01781864612724
,,grass,,22.019932488402468,50.018242146028165
,,grass,,22.019634246679168,50.01815227651355
,,grass,,22.021623686128518,50.01812352061435
,,grass,,22.021644244386238,50.0181889733638
,,grass,,22.022215370561177,50.01814625803294
,,grass,,22.023797775964933,50.01823714966184
,,grass,,22.0251963094989,50.01812980857156
,,grass,,22.023574375040766,50.01780898078159
,,grass,,22.0236392432591,50.01793468900471
,,grass,,22.025186177927477,50.018230570255945
,,grass,,22.025434255558967,50.01863066291581
,,grass,,22.02598610027249,50.018561309982154
,,grass,,22.02689212177091,50.01914817907893
,,grass,,22.02734301047612,50.01945491219769
,,grass,,22.027335153571965,50.01957056257095
,,grass,,22.027566336970605,50.01975389046073
,,grass,,22.027527391531248,50.01980367043555
,,grass,,22.0281096218696,50.02068168790857
,,grass,,22.027138720955737,50.02007549347702
,,grass,,22.028674803031645,50.02153577734651
,,grass,,22.02886152191964,50.02182005791261
,,grass,,22.02869241201422,50.02223377593018
,,grass,,22.029570086346276,50.02269134404547
,,grass,,22.029422565805163,50.02267305200477
,,grass,,22.029275810008624,50.023149558867516
,,grass,,22.029872806085642,50.023334021474334
,,grass,,22.028260316688794,50.024230293111806
,,grass,,22.028427629324646,50.024134376272954
,,grass,,22.02844181823917,50.024395372571256
,,grass,,22.028155858181567,50.024540266731265
,,grass,,22.02794231030682,50.024650717107264
,,grass,,22.02769453546115,50.02477803040353
,,grass,,22.027468851152985,50.02489462865783
,,grass,,22.027401065390382,50.024664420335284
,,grass,,22.02759461885579,50.024697160915196
,,grass,,22.027733601935303,50.024492628088595
,,grass,,22.02897078288095,50.02385494735719
,,grass,,22.02932793685079,50.02395513488659
,,grass,,22.029469323767987,50.02351111031266
,,grass,,21.952694571000453,50.04379617270205
,,grass,,21.95189697600549,50.04345497599129
,,grass,,21.952060772839584,50.04337750010657
,,grass,,21.952560788031136,50.043179076585965
,,grass,,21.952623649014846,50.043439423265774
,,grass,,21.953483203648325,50.04274761995774
,,grass,,21.95385934915465,50.04265671369481
,park,,,21.954427830945406,50.04326046092351
,,grass,,21.954081800344536,50.0438337301104
,,grass,,21.95346210390755,50.04392144394641
,,grass,,21.951871150106562,50.04390913588155
,,grass,,21.951128411903134,50.04396393757739
,,grass,,21.950216044236793,50.04401545237841
,,grass,,21.950401367123973,50.04400335905628
,,grass,,21.95462497956346,50.0442252896903
,,grass,,21.954727362236728,50.044083299599535
,,grass,,21.952200359287403,50.04300464179108
,,grass,,21.952493741247032,50.04301386068825
,,grass,,21.951758472529672,50.04315517996933
,,grass,,21.952121976591112,50.04323905787751
,,grass,,21.950687978300927,50.04360339512989
,,grass,,21.95098370615802,50.043566600767086
,,grass,,21.951212466971562,50.043587860366124
,,grass,,21.952813672888695,50.04446801779678
,,grass,,21.952859452745383,50.04441725766006
,,grass,,21.952801663893425,50.04442945632665
,,grass,,21.95266704818653,50.044485380540756
,,grass,,21.952644183074955,50.044444538754654
,,grass,,21.954471387171136,50.044229627054996
,,grass,,21.953560987661696,50.04419614664107
,,grass,,21.952775719423506,50.044019949969055
,,grass,,21.95379468170934,50.04409653956308
,,grass,,21.95505190818583,50.043895152686055
,,grass,,21.954710253149294,50.043974201397745
,,grass,,21.954540610267927,50.04400290103451
,,grass,,21.952647876238917,50.04422106173873
,,grass,,21.951997750936034,50.044378577557865
,,grass,,21.951929090780048,50.0442822396934
,,grass,,21.95129143299493,50.04414026679176
,,grass,,21.95070719552311,50.04449781140071
,,grass,,21.95067590300405,50.04438917802553
,,grass,,21.949986425852504,50.04445023566122
,,grass,,21.95001245062366,50.044541081307955
,,grass,,21.950491503844518,50.04354893220559
,,grass,,21.950306964246476,50.043568054618966
,,grass,,21.950023168942256,50.04391510086345
,,grass,,21.94994295122962,50.045522485958976
,,grass,,21.950180820962295,50.04485625286211
,,grass,,22.001174386391657,50.02190779054456
,,grass,,22.001228688019133,50.02159614954552
,,grass,,22.001520186597173,50.02130674451495
,,grass,,22.002218666674676,50.021854225461944
,,grass,,22.00262711776478,50.024004325225874
,,grass,,22.00125525115888,50.02126683011032
,,grass,,21.952208321466046,50.0491075610939
,,grass,,22.002770380030857,50.0164079680446
,,grass,,22.003110345761534,50.01639054092878
,,grass,,22.00341602751625,50.01649432820504
,,grass,,22.00351581462411,50.016574175241
,,grass,,22.003490267031946,50.016529034278214
,,grass,,22.003795699625908,50.016505188645546
,,grass,,22.00368501175281,50.016476049882705
,,grass,,22.003922288216593,50.016411100583845
,,grass,,22.00389392155043,50.01647889649254
,,grass,,22.004305636244712,50.01636172030238
,,grass,,22.003101258615146,50.01616277823139
,,grass,,22.003290864844,50.01610316560792
,,grass,,22.003192954797147,50.01660070505813
,,grass,,21.95007134862734,50.04727947657722
,,grass,,21.949968996378008,50.04757507947862
,,grass,,21.950009205484033,50.04716398157903
,,grass,,21.951314829878342,50.04696355895054
,,grass,,21.951001770479937,50.046755013255144
,,grass,,21.951482779616338,50.04747583083334
,,grass,,21.951458945640162,50.047178378980725
,,grass,,21.9515183648457,50.04726362704064
,,grass,,21.950430690698447,50.04577555507361
,,grass,,21.950291640419362,50.04579678441501
,,grass,,21.95050028847723,50.0460886629419
,,grass,,21.950423498482976,50.0460926377609
,,grass,,21.95062320831835,50.04624808345024
,,grass,,21.950701842149535,50.046354685215064
,,grass,,21.950799164469263,50.04647960880165
,,grass,,21.951141690407223,50.04696604016479
,,grass,,21.951223174117732,50.04708692133681
,,grass,,21.951322563599575,50.0472362492812
,,grass,,21.95002387405029,50.04920661726745
,,grass,,21.95000748515135,50.04700141121976
,,grass,,21.950274648825722,50.04725769053043
,,grass,,21.950428451370286,50.04772405623845
,,grass,,22.015645763711227,50.017919112812386
,,grass,,22.003536590304233,50.01594503191482
,,grass,,22.003375410072504,50.01677682960723
,,grass,,21.95541015734795,50.04586818831844
,,grass,,21.955346530003208,50.04569608439132
,,grass,,21.955243190456464,50.04543602517555
,,grass,,21.955096758817238,50.04505539174416
,,grass,,21.9551687,50.04524990000001
,,grass,,21.955310366990894,50.0459681212027
,,grass,,21.955469256574162,50.045820038786616
,,grass,,21.955305253674883,50.045931442009206
,,grass,,21.955321311411495,50.04544902565948
,,grass,,21.95522105448569,50.04515712835387
,,grass,,21.95500994422496,50.04400045320886
,,grass,,21.954787507010035,50.04462167130308
,,grass,,21.954840325112563,50.04475215823147
,,grass,,21.954880891723793,50.04486565225906
,,grass,,21.95494959498447,50.04522527858286
,,grass,,21.95508100430247,50.04537435194139
,,grass,,21.955019091862827,50.0452136287547
,,grass,,21.95497590848278,50.04509707123079
,,grass,,21.95493306743232,50.04499733636559
,,grass,,21.955069128778955,50.044985392165955
,,grass,,21.95493392460291,50.04451835777346
,,grass,,21.96458033254438,50.04478246549931
,,grass,,21.96333353346976,50.043842105060314
,,grass,,21.963313584195856,50.04463172081703
,,grass,,21.963479429411453,50.04485172067944
,,grass,,21.963982038292503,50.044464958181685
,,grass,,21.963672229986546,50.04440630095496
,,grass,,22.016020600700077,50.029096341637604
,,grass,,22.016379786343375,50.02969008053793
,,grass,,22.016566697436428,50.03056020995888
,,grass,,22.01742293499818,50.02882829542313
,,grass,,22.017312903807202,50.029029127491455
,,grass,,22.017383204378124,50.02926485062392
,,grass,,22.017148447231378,50.02990787144403
,,grass,,22.017532673875493,50.03094375170535
,,grass,,22.017355738815592,50.030861080579214
,,grass,,22.017025560967454,50.03056265618243
,,grass,,22.01659737994995,50.0297745458115
,,grass,,22.016313229117966,50.03076480262451
,,grass,,22.01665070064653,50.03074914833613
,,grass,,22.016824215687492,50.03072356176516
,,grass,,22.01701841901003,50.03077041584991
,,grass,,22.016421605980337,50.03105251661947
,,grass,,22.01699586233042,50.03139308621463
,,grass,,22.01697808648197,50.0320489160029
,,grass,,22.01681593993141,50.03165949640252
,,grass,,22.016428704121058,50.03157580789167
,,grass,,22.016377259603956,50.03215543547824
,,grass,,22.016968841796047,50.03237799336414
,,grass,,22.01677421697021,50.032533414018125
,,grass,,22.016965137681083,50.03273243831157
,,grass,,22.016952399153492,50.033360597254394
,,grass,,22.016497614369356,50.03262966643791
,,grass,,22.016314103591494,50.0327065431532
,,grass,,22.016490968254335,50.03282304639143
,,grass,,22.017327544332172,50.03438894477857
,,grass,,22.0161792429946,50.034007274955194
,,grass,,22.01615650290131,50.0342059161662
,,grass,,22.015932157660284,50.034196485745376
,,grass,,22.01580322218209,50.03461212963359
,,grass,,22.016179941233137,50.035047307173684
,,grass,,22.01615505873297,50.035295865757874
,,grass,,22.016026334046096,50.03552683146593
,,grass,,22.016195118696984,50.03546392798874
,,grass,,22.016055594040672,50.035683876556966
,,grass,,22.01695043269539,50.03352218591876
,,grass,,22.016269458816154,50.03395468165635
,,grass,,22.016421899882022,50.03438867708689
,,grass,,22.016339180466613,50.033284675303484
,,grass,,22.016613040166106,50.03324528660732
,,grass,,22.016606728529332,50.03366647101666
,,grass,,22.016933454799705,50.03399959025543
,,grass,,22.01660551412358,50.03378962148027
,,grass,,22.016586234779876,50.03441453302726
,,grass,,22.01676112220968,50.03369353341152
,,grass,,22.01693043002047,50.03415281642679
,,grass,,22.0169115269661,50.03467755540739
,,grass,,22.016585017170012,50.03465822434025
,,grass,,22.01658064068317,50.034878129986254
,,grass,,22.016911839153842,50.034990265399735
,,grass,,22.01671642104561,50.035147173989536
,,grass,,22.016451888999974,50.03487635172516
,,grass,,22.016425876996507,50.03541009470059
,,grass,,22.016561444548824,50.03545403754409
,,grass,,22.017366155088457,50.03567854441678
,,grass,,22.01636937700122,50.03566595936803
,,grass,,22.016742733383925,50.035715655935796
,,grass,,22.016556159902173,50.03570406771495
,,grass,,22.01655432336807,50.03587339581611
,,grass,,22.016546907372106,50.03606048916683
,,grass,,22.01698058399199,50.03628577056555
,,grass,,22.01695182093157,50.036809521815094
,,grass,,22.016938908919023,50.03705991492382
,,grass,,22.01686198223527,50.03677693310073
,,grass,,22.016704582935688,50.036450719579044
,,grass,,22.016537950623746,50.037125971962155
,,grass,,22.01684614780292,50.03709270753457
,,grass,,22.016863281346996,50.037603267245345
,,grass,,22.01669316602816,50.03745086685331
,,grass,,22.016912776058955,50.037844301097145
,,grass,,22.016748382544307,50.03802626545581
,,grass,,22.00881465984602,50.03185568209195
,,grass,,22.007771058929357,50.03896953536588
,,grass,,22.007264587537083,50.03840373924932
,,grass,,21.952914069600382,50.048972465352634
,,grass,,21.953739172259752,50.04879285261614
,,grass,,21.952569731104482,50.04875427644184
,,grass,,21.953229585831735,50.04864147743933
,,grass,,21.95351420825262,50.04884176333483
,,grass,,21.954034593358152,50.04860987237436
,,grass,,21.95391476524046,50.048653675343246
,,grass,,21.95379196748592,50.04858843563447
,,grass,,21.952952083264886,50.04879547966469
,,grass,,21.952880310316786,50.04861679179919
,,grass,,21.95305813248132,50.04859398526728
,,grass,,21.95299408171329,50.0485655729992
,,grass,,21.953264503887933,50.044640973170516
,,grass,,21.953532291551834,50.04491524565786
,,grass,,21.953929404080846,50.045124517995525
,,grass,,21.95428236530938,50.04458688424473
,,grass,,21.95297547440516,50.04557201957818
,,grass,,21.951920610300306,50.04498468528314
,,grass,,21.95249060346727,50.045357047990564
,,grass,,21.95260769545672,50.045438220649366
,,grass,,21.952778497515563,50.04469367145655
,,grass,,21.960087115511694,50.045161884105546
,,grass,,21.960055452826605,50.045108486671616
,,grass,,21.9601662134002,50.044756956809856
,,grass,,21.96042186923634,50.04453818157439
,,grass,,21.970968121531655,50.03796200892211
,,meadow,,21.966421954570265,50.04624346973109
,,grass,,21.97618816765643,50.04976316742199
,,grass,,22.008970323037786,50.042811392844285
,,grass,,21.994663752185488,50.04313695857985
,,grass,,21.994306050000002,50.04308700000001
,,grass,,21.994018420346855,50.0430281280953
,,grass,,21.99490340476095,50.04301108239182
,,grass,,21.9935064562293,50.042683825409306
,,grass,,21.990385430689756,50.04301793318437
,,grass,,21.99520642182236,50.04276969535695
,,grass,,22.01513393894906,50.02876325600193
,,grass,,22.013921377584225,50.028685838222025
,,grass,,22.013912628940712,50.02857878888601
,,grass,,22.01493752614629,50.0286659066039
,,grass,,21.974549272015285,50.043056510043606
,,grass,,21.974385407571337,50.043016755149466
,,grass,,21.97423615740246,50.043007122846454
,,grass,,21.974589404279644,50.04322428837121
,,grass,,21.9738314839128,50.043663612985426
,,grass,,21.973793879010174,50.04372744827451
,,grass,,21.975334399999998,50.0443558
,,grass,,21.974654275733116,50.04426307608598
,,grass,,21.98285164017722,50.021678723000434
,,grass,,21.98139906447221,50.02317613077507
,,grass,,21.97889363164771,50.0245421217468
,,grass,,21.981746721545196,50.021069148348474
,,grass,,21.980438627043053,50.02036246346298
,,grass,,21.97984281807469,50.019975678389216
,,grass,,21.979360419164966,50.019801678526534
,,grass,,21.97973699932798,50.02015603376317
,,grass,,21.98003885745287,50.02025193431053
,,grass,,21.980291233999115,50.02004784130636
,,grass,,21.980422751483044,50.020056700382035
,,grass,,21.978857514638374,50.019451374832535
,,grass,,21.97818964299544,50.0188760057576
,,grass,,21.977759941296757,50.01841036827626
,,grass,,21.9782261516673,50.0187174155707
,,grass,,21.978653322196468,50.019004614441805
,,grass,,21.978887847478685,50.019157242274645
,,grass,,21.979176950421277,50.01934684581941
,,grass,,21.976951464071092,50.01833424096478
,,grass,,21.977087973528345,50.018282054453316
,,grass,,21.977394306673766,50.018485564938715
,,grass,,21.97735128050802,50.01853070355284
,,grass,,21.976710376698666,50.01814689104207
,,grass,,21.976821270544256,50.01810334797685
,,grass,,21.976962351290577,50.01805064261089
,,grass,,21.977028169294968,50.01792927545532
,,grass,,21.976708116337374,50.01770293653384
,,grass,,21.976545132010507,50.01778014017053
,,grass,,21.976455753858765,50.01786054084975
,,grass,,21.97638490446241,50.01792999824817
,,grass,,21.978072250074174,50.01892760172538
,,grass,,21.978034636849923,50.01896534996012
,,grass,,21.978814147006894,50.01948682931625
,,grass,,21.97612704031463,50.01731499630646
,,grass,,21.976412273175267,50.01750871681456
,,grass,,21.975522963647702,50.01707276218868
,,grass,,21.97471352061348,50.01637428254441
,,grass,,21.974623957895805,50.016302728617475
,,grass,,21.97477686043241,50.01623620418749
,,grass,,21.97431056738928,50.016260789334936
,,grass,,21.974211023485573,50.01635217992377
,,grass,,21.976262504864778,50.017732191412854
,,grass,,21.976021586806777,50.017583796815046
,,grass,,22.036857169918267,50.033567398094284
,,grass,,22.03690583242477,50.033391588068326
,,grass,,22.036833397897066,50.03366162284928
,,grass,,22.036707874566844,50.03411650456142
,,grass,,21.97391595685605,50.016156921341405
,,grass,,21.972719517415538,50.01519463084519
,,grass,,21.971796803932925,50.014727594115776
,,grass,,21.97263172128343,50.01529264692544
,,grass,,21.972936701978945,50.01549490306357
,,grass,,21.973263108775008,50.01572089593677
,,grass,,21.973269217037526,50.015397901442014
,,grass,,21.972904526041443,50.015163580057624
,,grass,,21.972226668283806,50.014707464810776
,,grass,,21.97254448001829,50.01492137745755
,,grass,,21.971854076844267,50.01445590835419
,,grass,,21.97155801006582,50.01425464407241
,,grass,,21.97096303619348,50.01415416316408
,,grass,,21.97110230970842,50.01394770238693
,,grass,,21.97096577278768,50.01399711979316
,,grass,,21.970596556358288,50.01390259184834
,,grass,,21.97007342218948,50.01335862267049
,,grass,,21.970240702956797,50.01365657484919
,,grass,,21.97050232962438,50.013534219343754
,,grass,,21.97028516657828,50.01337211924815
,,grass,,21.97005270307551,50.01319783865903
,,grass,,21.969595490337984,50.01284868574581
,,grass,,21.96978023438613,50.012992024687854
,,grass,,21.969344006057277,50.01266059532543
,,grass,,21.96918873470383,50.01254784222942
,,grass,,21.968301862565415,50.0118726942382
,,grass,,21.968384800728032,50.01177334042554
,,grass,,21.968800453755954,50.012409041171274
,,grass,,21.96832473949387,50.01222945697412
,,grass,,21.9678996031777,50.01188757696057
,,grass,,21.967996836445312,50.011808957512855
,,grass,,21.968180032705625,50.011791267767634
,,grass,,21.96759434775656,50.01164694268989
,,grass,,21.966949694521414,50.01101451860911
,,grass,,21.966496481437463,50.01053858532536
,,grass,,21.96627586317458,50.01064694133198
,,grass,,21.966119999413458,50.01063969263982
,,grass,,21.96630908174835,50.01007970191929
,,grass,,21.966551194743534,50.009254287867805
,,grass,,21.96660002664419,50.01032444639964
,,grass,,21.96640307322742,50.00977462855449
,,grass,,21.96469799958646,50.009407191232576
,,grass,,21.964859399269926,50.009382045044894
,,grass,,21.964969222500173,50.00929070446779
,,grass,,21.964615488550475,50.00915355658388
,,grass,,21.96484043351316,50.00901163551174
,,grass,,21.964808488433455,50.0088559986942
,,grass,,21.966107212274387,50.0092635332317
,,grass,,21.965798241108512,50.00937972803834
,,grass,,21.966039479269885,50.008916600903326
,,grass,,21.9647350722406,50.008508183133685
,,grass,,21.964281999287003,50.008643635115526
,,grass,,21.96305070394638,50.00776407563002
,,grass,,21.963154975441334,50.00786792467869
,,grass,,21.963354074554005,50.00801397576266
,,grass,,21.963545432242046,50.00836167148567
,,grass,,21.962936122663493,50.008084583372636
,,grass,,21.963806486290828,50.00875633371418
,,grass,,21.964110495884658,50.009150772807075
,,grass,,21.959731427088315,50.00584892618771
,,grass,,21.960221682686097,50.00578198789668
,,grass,,21.960735054825467,50.00634362260094
,,grass,,21.961499078272123,50.006660301548344
,,grass,,21.9617816037306,50.00694992612074
,,grass,,21.961675495248844,50.00702064615891
,,grass,,21.96000957585667,50.006026688470364
,,grass,,21.960281969405703,50.006221877876165
,,grass,,21.960821405423914,50.00666656686783
,,grass,,21.96105135770525,50.006730166293
,,grass,,21.961123641193332,50.00689352752912
,,grass,,21.961576277804877,50.007172131222774
,,grass,,21.962710701566728,50.00761861471414
,,grass,,21.962776284684058,50.00756097499655
,,grass,,21.96242286268546,50.007404794057344
,,grass,,21.96213283991022,50.007056887390675
,,grass,,21.96199518878894,50.00709855275844
,,grass,,21.96209334762698,50.00732484759909
,,grass,,21.966793350761712,50.01103605240219
,,grass,,21.967018253284124,50.011219792764905
,,grass,,21.96735759455453,50.01117412660439
,,grass,,21.96906002717229,50.01244114124379
,,grass,,21.967344345241443,50.01145663609825
,,grass,,21.959872308484076,50.00551351918069
,,grass,,21.95946071072308,50.005634696888464
,,,wood,21.959961500692646,49.99559518217779
,,grass,,21.967691445800767,50.0055457200434
,,grass,,22.030829051417832,50.04773802427136
,,grass,,22.059847871228996,50.040701774515476
,,grass,,22.056529341981463,50.04026674301706
,,grass,,22.0575688899061,50.04064477355327
,,forest,,22.057365728386873,50.04029538247598
,,grass,,21.959032536502633,50.00498535242745
,,grass,,21.95908573572986,50.004859794657136
,,grass,,21.958764456811895,50.00447143664904
,,grass,,21.958332859947703,50.00405317579064
,,grass,,21.9584459071141,50.003979868260885
,,grass,,21.957735244654,50.00354959378895
,,grass,,21.957766469337734,50.00342269170349
,,grass,,21.95792195033591,50.00337384211451
,,grass,,21.956972099777897,50.002791159709
,,grass,,21.956994139569357,50.00255073245795
,,grass,,21.957193851895198,50.00263079481374
,,grass,,21.95664511156113,50.00236653306765
,,grass,,21.956474911346614,50.00197358534036
,,grass,,21.956746935282787,50.00182372592482
,,grass,,21.95637699755675,50.00144179071004
,,grass,,21.956539100771195,50.00141852586253
,,grass,,21.95638460076321,50.00109355007181
,,grass,,21.956392220722027,50.000889156811624
,,grass,,21.95656712655289,50.00069068257807
,,grass,,21.956722702037624,50.0006285889266
,,grass,,21.956753969108178,50.000206082995035
,,grass,,21.956434092655126,50.00032968515213
,,grass,,21.95665401388472,49.99947614927372
,,grass,,21.956486449143963,49.99960553111733
,,grass,,21.95652990745144,49.99900658289509
,,grass,,21.956890282867196,49.99870455946039
,,grass,,21.956816487101133,49.999328722173175
,,grass,,21.956926702585555,49.998507535251015
,,grass,,21.956912385361218,49.998137347250236
,,grass,,21.957514013229957,49.99743649175463
,,,wood,21.957991877443195,49.998167424734454
,,grass,,21.957279822147683,49.997288701963555
,,grass,,21.95739665102763,49.9973836947673
,,grass,,21.957552220536186,49.99707865834538
,,grass,,21.957655545678385,49.996934000705956
,,grass,,21.95731910738958,49.99689417483213
,,grass,,21.957756452604794,49.996294832179245
,,grass,,21.957828591785685,49.996874606434055
,,grass,,21.958200120140354,49.99623671870351
,,grass,,21.957370575665994,49.99677959484855
,,grass,,21.95746243633623,49.99660155755114
,,grass,,21.957206690642355,49.99691101809968
,,grass,,21.957278577557517,49.996760105525766
,,grass,,21.957366376461316,49.99657605550625
,,grass,,21.957563005124843,49.99639743341797
,,grass,,21.957464231438784,49.99634902095399
,,grass,,21.957620296471546,49.99602118304888
,,grass,,21.95771662691549,49.99605039488017
,,grass,,21.95798546542985,49.9963346411127
,,grass,,21.958088732947385,49.99606442691074
,,grass,,21.95778332731359,49.995577188796126
,,grass,,21.95819762984707,49.995763767621646
,,grass,,21.958264480250275,49.995365777684555
,,grass,,21.958002560888644,49.99520243054568
,,grass,,21.957774587897145,49.99522737210653
,,grass,,21.957779386594314,49.99482212455992
,,grass,,21.958235294841135,49.99501392388609
,,grass,,21.957971287467444,49.99482364462396
,,grass,,21.957550685108174,49.9940872654991
,,grass,,21.95783749322362,49.99428518843418
,,grass,,21.955833406263856,49.99274594586331
,,grass,,21.95518786737337,49.99236298325808
,,grass,,21.956722621991677,49.9933911960182
,,grass,,21.956318856399648,49.993299081888175
,,grass,,22.03401299661471,50.03272754314911
,,grass,,22.045545850850807,50.03825869586339
,,grass,,22.0456861684934,50.0381726318767
,,grass,,22.046348699266147,50.038315903584156
,,grass,,22.045927488086758,50.038275722384114
,,grass,,22.04627408708997,50.03815128510959
,,grass,,22.054768000433377,50.03635009232201
,,grass,,22.048280901738377,50.03322319858826
,,grass,,22.04812101581149,50.033190723237496
,,grass,,22.048357186121393,50.03352080368184
,,grass,,22.048258102818565,50.032952452414484
,,grass,,22.047911802255182,50.033226053282746
,,grass,,22.035406493098574,50.03270403606078
,,grass,,22.037169908581006,50.03217011571646
,,grass,,22.03718959095543,50.03208633209758
,,grass,,22.036656212853206,50.03212631874645
,,grass,,22.03664520350978,50.03219556203004
,,grass,,22.0356724670501,50.032294182891825
,,grass,,22.03583034001678,50.032196307394024
,,grass,,22.035070653139154,50.032472172855144
,,grass,,22.03849155945258,50.03203271912365
,,grass,,22.039725533381258,50.032041216942005
,,grass,,22.039675854812458,50.03189954868887
,,grass,,22.038993972654296,50.03194766508865
,,grass,,22.038643786288013,50.03197697323141
,,grass,,22.038368357459866,50.03199877416469
,,grass,,22.03778072556109,50.03204228302329
,,grass,,22.040838932365684,50.03193297882325
,,grass,,22.041810176398684,50.03179348209166
,,grass,,22.04147639284958,50.031809606338236
,,grass,,22.040441039781975,50.031849981077556
,,grass,,22.04183003412659,50.03244612363785
,,grass,,22.04193682085306,50.03213966945459
,,grass,,22.042078602790422,50.031739933248275
,,grass,,22.04218206621944,50.03142757591379
,,grass,,22.041606896228913,50.03262490739134
,,grass,,22.0415584369539,50.032767160790314
,,grass,,22.041614793093586,50.033059799198334
,,grass,,22.041705700010223,50.03281026471671
,,grass,,22.041760617974596,50.03264390988585
,,grass,,22.034666988294973,50.03492578760129
,,grass,,22.034506363492653,50.03491254232802
,,grass,,22.033935747671922,50.0357941075828
,,grass,,22.03353837380116,50.03507675184049
,,grass,,22.033395301796517,50.0363525833445
,,grass,,22.033652367640016,50.037045284583364
,,grass,,22.036357647230922,50.03533028788946
,,grass,,22.036893646549224,50.03580771824633
,,grass,,22.036588563905003,50.0358485023846
,,grass,,22.037901765687934,50.03570613368573
,,grass,,22.037628685325217,50.03559713936268
,,grass,,22.03790473571353,50.03589902889452
,,grass,,22.038873209590136,50.03620467372866
,,grass,,22.03627630657123,50.03493709864981
,,grass,,22.03531694500325,50.034562427206126
,,grass,,22.035455939169314,50.03470894835029
,,grass,,22.035308861569945,50.03486750877757
,,grass,,22.03568013863499,50.03493418297647
,,grass,,22.035728538731988,50.03468908346857
,,grass,,22.03598593048144,50.034485248512134
,,grass,,22.035263280951945,50.03518192752653
,,grass,,22.039831049999997,50.0328306
,,grass,,22.03911987686049,50.032778773212044
,,grass,,22.038518234023616,50.03273612856764
,,grass,,22.041090689649216,50.03293335259314
,,grass,,22.039606798350324,50.03178756212907
,,grass,,22.038809672845392,50.03186350801609
,,grass,,22.03821665961,50.031907357212965
,,grass,,22.036763682966864,50.031985931456525
,,grass,,22.03575493349872,50.03205090711709
,,grass,,22.03507341896015,50.03212442599651
,,grass,,22.038474687742227,50.032806345549886
,,grass,,22.03845994244413,50.033044383348766
,,grass,,22.038984744621448,50.035065475127126
,,grass,,22.03910015531824,50.03501579952798
,,grass,,22.039172686394306,50.03476292568943
,,grass,,22.039491350000002,50.0346662
,,grass,,22.0390638615353,50.03430126021385
,,grass,,22.03868768559329,50.03559079323017
,,grass,,22.038699254712174,50.03552560655938
,,grass,,22.038320960244867,50.03549609800577
,,grass,,22.038201150269913,50.03568923500815
,,grass,,22.036362128322,50.03666635042828
,,grass,,22.04119458040587,50.03425812241222
,,grass,,22.041143655804344,50.034382675691965
,,grass,,22.041109917189484,50.03447706580716
,,grass,,22.041068843490137,50.034597145476035
,,grass,,22.041033959650964,50.03469116889185
,,grass,,22.040955042050587,50.03491424551388
,,grass,,22.04085071520094,50.03521088185537
,,grass,,22.040753130579965,50.035489118640925
,,grass,,22.04063362746093,50.03582400389336
,,grass,,22.040588133146482,50.035955019001605
,,grass,,22.04053390559467,50.03610779877335
,,grass,,22.04046171077124,50.03630462811582
,,grass,,22.040254614464253,50.03690387933186
,,grass,,22.040190055448146,50.03707741011833
,,grass,,22.040016130859556,50.03718104148927
,,grass,,22.040123869478077,50.03731584298976
,,grass,,22.039919499297138,50.0374643677992
,,grass,,22.040086003149206,50.03753942908355
,,grass,,22.04005882089828,50.03697857903803
,,grass,,22.04010123671141,50.03687123107677
,,grass,,22.04041212360396,50.036445570549446
,,grass,,22.04034456916941,50.03663975368439
,,grass,,22.04031785377474,50.03628791890356
,,grass,,22.03895022768344,50.037972769058634
,,grass,,22.038194219801817,50.03791838447859
,,grass,,22.034733820763496,50.03735680878681
,,grass,,22.034591236490787,50.03756898088192
,,grass,,22.03578970220831,50.037657972291846
,,grass,,22.037579206318014,50.03777217879036
,,grass,,22.037941241890238,50.03779821978535
,,grass,,22.0382088684858,50.03781413353305
,,grass,,22.03982467138,50.03773403352089
,,grass,,22.03561937390603,50.03735492051835
,,grass,,22.035783433452295,50.036855938606905
,,grass,,22.036562566153506,50.036911605322096
,,grass,,22.036133614097658,50.036881320633825
,,grass,,22.03754459172784,50.03615436366812
,,grass,,22.03824187398369,50.03623749403108
,,grass,,22.040125159569058,50.036431201858704
,,grass,,22.03700071550984,50.03625643220645
,,grass,,22.03995088309616,50.029868650956644
,,grass,,22.04156265268349,50.03043586581489
,,grass,,22.03431177661641,50.03055063642666
,,grass,,22.034236812426588,50.03094109778689
,,grass,,22.034285812738563,50.02862984486962
,,grass,,22.012924228543994,50.01807990103636
,,grass,,21.994017848439757,50.039711558172634
,,grass,,21.99411403002399,50.03968188233657
,,grass,,21.994381766545146,50.03961466519484
,,grass,,21.993817303200693,50.04008493343545
,,grass,,21.994023615708468,50.03995763052266
,,grass,,21.993518199999997,50.039992
,,grass,,21.993910093972662,50.039860950582614
,,grass,,22.0453494442263,50.02830719852178
,,grass,,22.04250212054255,50.02642337297014
,,grass,,22.04275123963555,50.02656267198921
,,grass,,22.042260575726885,50.02575733594114
,,grass,,22.04224459096337,50.026008344389204
,,grass,,22.042028245630746,50.02599918180356
,,grass,,22.041936710373243,50.02585289738713
,,grass,,22.042158256230405,50.02586456787431
,,grass,,22.042076818438424,50.025741302704944
,,grass,,22.041854123706944,50.025729105425775
,,grass,,22.046534755069022,50.02587253999227
,,grass,,22.046936464442645,50.02575857048984
,,grass,,22.04724741154203,50.02596035936149
,,grass,,22.047227820529027,50.02613520152452
,,grass,,22.034268931305864,50.026530436248294
,,grass,,22.031406986010637,50.02527538804439
,,grass,,22.03196836987102,50.02629071276369
,,grass,,22.038961722430024,50.02416486313772
,,grass,,22.030384023600448,50.02385885980849
,,grass,,22.03065752126693,50.036149957942015
,,grass,,22.031049973893747,50.0365079717076
,,grass,,22.030830650000002,50.036340100000004
,,grass,,22.03088459039481,50.036298349575176
,,grass,,22.032112367002078,50.03618680633467
,,grass,,22.032145107338664,50.035854112938566
,,grass,,22.032232185950882,50.03570931656913
,,grass,,22.03130051097265,50.03612455671852
,,grass,,22.0314659201856,50.03625835048041
,,grass,,22.030165281942683,50.03626914473072
,,grass,,22.031193381217545,50.0365084917625
,,grass,,22.031153079782595,50.036551313197016
,,grass,,22.031148330978585,50.03644466602514
,,grass,,22.031762952889746,50.03648928617826
,,grass,,22.030744132535997,50.037050920394265
,,grass,,22.03130856060644,50.036742972530895
,,grass,,22.030843328390564,50.0366485367183
,,grass,,22.031134116130996,50.03661946562274
,,grass,,22.031394483487357,50.03731584134765
,,grass,,22.03037189538177,50.03588070301038
,,grass,,22.03001173529241,50.03680454346281
,,grass,,22.030090909650728,50.03672800192868
,,grass,,22.030077322522462,50.03654128574064
,,grass,,22.03011984013426,50.03633987949163
,,grass,,22.030384753837918,50.03614301211985
,,grass,,22.030076838134462,50.03611893003645
,,grass,,22.030111335632665,50.03573877956473
,,grass,,22.030266496775546,50.03572827892166
,,grass,,22.03041619718998,50.03690349841707
,,grass,,22.030389843362187,50.03677672060761
,,grass,,22.030397084727053,50.03666691279669
,,grass,,22.030284545995773,50.03650530702653
,,grass,,22.030531180786703,50.03658695139787
,,grass,,22.030670419017977,50.03657920761678
,,grass,,22.030022818129055,50.03687681377977
,,grass,,22.030114802394436,50.03700084593941
,,grass,,22.03001475060051,50.03713643376149
,,grass,,22.031337312431972,50.036333205719394
,,grass,,22.03115373219618,50.03620498091656
,,grass,,22.030936481943787,50.036126388949675
,,grass,,22.031744531819943,50.03623035026756
,,grass,,22.03157351338178,50.03633935927461
,,grass,,22.03192856441935,50.03573131007374
,,grass,,22.031813350000004,50.03585330000001
,,grass,,22.03185516844749,50.0358843465136
,,grass,,22.031805463956825,50.03597410364288
,,grass,,22.031843542844964,50.036019908560746
,,grass,,22.031830988679857,50.03615098783373
,,grass,,22.03081686268133,50.03677746931281
,,grass,,22.030663120493916,50.03684869761596
,,grass,,22.030545999085845,50.036951415595986
,,grass,,22.030562586740942,50.03686921736495
,,grass,,22.032630313307987,50.034774133417756
,,grass,,22.032224962334972,50.03487861653624
,,grass,,22.03220436765616,50.035083427674515
,,grass,,22.031790763347388,50.03509672771213
,,grass,,22.032183153848646,50.03531037648723
,,grass,,22.03217219223261,50.035480385005876
,,grass,,22.03114962020257,50.03506317453557
,,grass,,22.031114591702046,50.035123794759976
,,grass,,22.031244831271845,50.03514874127143
,,grass,,22.031643356166363,50.03507550609563
,,grass,,22.031404823806476,50.03500576779517
,,grass,,22.031577295182945,50.035001273796084
,,grass,,22.03180391790898,50.034948348613895
,,grass,,22.031848050399137,50.03460815035603
,,grass,,22.031938547427583,50.03459809360086
,,grass,,22.031936746131937,50.034687183373386
,,grass,,22.031935210846,50.03476064960703
,,grass,,22.031648232309585,50.0348266957682
,,grass,,22.032299637395806,50.03455436917878
,,grass,,22.031531938123884,50.03471511464157
,,grass,,22.03239294242073,50.034304492639265
,,grass,,22.03241966042139,50.03411647560903
,,grass,,22.03233252408936,50.03415017336652
,,grass,,22.032191762083055,50.034134641477664
,,grass,,22.031952514466838,50.03414211119541
,,grass,,22.031145949461802,50.03401676212603
,,grass,,22.031378363825386,50.03390756872521
,,grass,,22.03208994909935,50.033920127657076
,,grass,,22.03214648987942,50.03396195142172
,,grass,,22.032268722970432,50.03401377961549
,,grass,,22.032326484047925,50.03407813697479
,,grass,,22.031758451759263,50.033911075021514
,,grass,,22.03159949606469,50.03380607271011
,,grass,,22.031299378873335,50.03426291516839
,,grass,,22.0315810640528,50.03421255396733
,,grass,,22.031407582178712,50.03431650165878
,,grass,,22.03251897435921,50.03295341108839
,,grass,,22.0322447122923,50.03304615029279
,,grass,,22.032330570740406,50.03310023430092
,,grass,,22.032396816995796,50.033065058000005
,,grass,,22.032501223645593,50.0332725315478
,,grass,,22.0322742441073,50.0334427674925
,,grass,,22.031986430119975,50.03324760082944
,,grass,,22.032374260427737,50.03373254123647
,,grass,,22.032164294749986,50.03371045351043
,,grass,,22.031447008830714,50.03451125797393
,,grass,,22.031579588000344,50.03442618579112
,,grass,,22.032291432475937,50.03271331103373
,,grass,,22.032387796181954,50.03277097249647
,,grass,,22.032473694819018,50.03275687943567
,,grass,,22.03255035122625,50.03263063940804
,,grass,,22.032383361758924,50.03245251325229
,,grass,,22.03156341624619,50.033075608629396
,,grass,,22.03159185,50.03324925
,,grass,,22.031513345941608,50.03355978534805
,,grass,,22.031701113711314,50.03363258543663
,,grass,,22.03192271043068,50.03362794154594
,,grass,,22.03168469635075,50.033473503904716
,,grass,,22.031718719900798,50.03326303459218
,,grass,,22.03165420695257,50.03296476061642
,,grass,,22.03196505456938,50.03296658824863
,,grass,,22.03194472349275,50.03279354096353
,,grass,,22.031691879729465,50.03263347721006
,,grass,,22.032007255241155,50.032636912834604
,,grass,,22.03200834818007,50.032473331853296
,,grass,,22.031029464214175,50.033059677001155
,,grass,,22.03134164805266,50.033071325022945
,,grass,,22.03131919274344,50.03325246361939
,,grass,,22.03123091411988,50.03326344967011
,,grass,,22.031282103542484,50.0330684783462
,,grass,,22.03128549542664,50.032869867696704
,,grass,,22.031234935081585,50.03258477557669
,,grass,,22.031365399999995,50.03289290000001
,,grass,,22.03111320515538,50.03351527418464
,,grass,,22.031394623599798,50.032392817722986
,,grass,,22.031279200990447,50.03337947426811
,,grass,,22.030913484129204,50.03304776095686
,,grass,,22.031084023644024,50.03257796233814
,,grass,,22.031188318793575,50.03239565800341
,,grass,,22.03049834260261,50.03334167452287
,,grass,,22.030902532492718,50.03272013715502
,,grass,,22.03082659022518,50.032510531651056
,,grass,,22.03082634822357,50.03285693513181
,,grass,,22.03082534056257,50.03304337238024
,,grass,,22.03077926015765,50.033225744704005
,,grass,,22.03095559290862,50.03375937832696
,,grass,,22.030963648673733,50.03353033083435
,,grass,,22.03082137574723,50.03336805073947
,,grass,,22.03186099546165,50.034474048951154
,,grass,,22.023121794885757,50.03654152757851
,,grass,,22.02913985849677,50.03501925147554
,,grass,,22.029823005123557,50.03549393849381
,garden,,,22.001481259229408,50.038140153537334
,,grass,,22.028862305470675,50.03724620834964
,,grass,,22.025945780307374,50.037523044879755
,,grass,,22.023893273211996,50.03799932190348
,,grass,,22.021971568906288,50.03837421444359
,,grass,,22.02296543513747,50.038284762555534
,,grass,,22.023861535248486,50.03820547338847
,,grass,,22.024630841024564,50.03813700433265
,,grass,,22.025544416109746,50.038051879364524
,,grass,,22.026246200391757,50.03798818587138
,,grass,,22.02675861375426,50.03793988727467
,,grass,,22.027507362656646,50.037927078247854
,,grass,,22.02739512745841,50.03788381891426
,,grass,,22.02836438608769,50.0377956200298
,,grass,,22.029394061115696,50.037700993478126
,,grass,,22.030296363220543,50.03761657770487
,,grass,,22.023776812272594,50.03810842748018
,,grass,,22.025957490270255,50.037910630664825
,,grass,,22.028447158080265,50.03768509580155
,,grass,,22.028396815343054,50.03758490085347
,,grass,,22.02548685498247,50.03784893571636
,,grass,,21.950453019143005,50.0391985673561
,,grass,,21.95031659860123,50.03944646817341
,,grass,,21.95095240893892,50.03941550617693
,,grass,,21.950632455617644,50.03936035189214
,,grass,,21.950429550891908,50.03921254171064
,,grass,,21.95012744225053,50.03927750657619
,,grass,,22.020986514250772,50.0380472096674
,,grass,,22.020984679826597,50.03788786633632
,,grass,,22.020990045519245,50.037637024765175
,,grass,,22.021022971925387,50.03745969902745
,,grass,,22.02132585523521,50.037815383378174
,,grass,,22.020483629127813,50.038301776657846
,,grass,,22.021194531070346,50.03816037867939
,,grass,,22.021513997168647,50.03771743734958
,,grass,,22.018255737906554,50.03860410017572
,,grass,,22.019385886104477,50.03839861851346
,,grass,,22.018938774976476,50.03843814974357
,,grass,,22.02153772047905,50.03831083340361
,,grass,,22.019493151738285,50.03798346249872
,,grass,,22.02002629435441,50.03822665270081
,,grass,,22.0204881804231,50.03821252685472
,,grass,,22.019600381697792,50.03684180071469
,,grass,,21.951081042347614,50.040404422909404
,,grass,,21.951172702123507,50.04043884042921
,,grass,,21.951168624215565,50.040643165448856
,,grass,,21.95013784242523,50.040659341610315
,,grass,,21.951027039221103,50.040651865913816
,,grass,,21.950639923626603,50.040651243605765
,,grass,,21.95040491034731,50.040654245503674
,,grass,,21.950850432228293,50.04064946729922
,,grass,,21.95062786432801,50.040608661189445
,,grass,,21.95040491917171,50.04060984503292
,,grass,,21.95009277448476,50.04035637073445
,,grass,,22.019189222960684,50.03739303882236
,,grass,,22.019508739398802,50.0382710028944
,,grass,,22.019100206338234,50.03836316479321
,,grass,,22.01965030406488,50.037675264170716
,,grass,,22.020594992769094,50.03755596786991
,,grass,,22.020143478162797,50.03752753761669
,,grass,,22.020037524122557,50.03804463641787
,,grass,,22.01962025653226,50.037415376822345
,,grass,,22.019700669436077,50.03728105213776
,,grass,,22.017438163478932,50.03628543761927
,,grass,,22.0176425329132,50.036362404154914
,,grass,,22.017648105131304,50.036482942237996
,,grass,,22.01767215,50.03663300000001
,,grass,,22.006466483406555,50.04155513082686
,,grass,,22.006536076284668,50.04158987086229
,,grass,,22.006662812071323,50.04157213324873
,,grass,,22.022091907323237,50.0358483614027
,,grass,,22.021753428302972,50.03574937249914
,,grass,,22.021457774794438,50.03573768505609
,,grass,,22.020393204903908,50.03572422217221
,,grass,,22.01820719000628,50.03583030463154
,,grass,,22.01833738184412,50.03657744354893
,,grass,,22.018097402615556,50.035688464539575
,,grass,,22.019179236165368,50.036002357077074
,,grass,,22.018725797111724,50.03629260523553
,,grass,,22.019683457565332,50.036448914583175
,,grass,,22.01920389537076,50.036587953818184
,,grass,,22.020549287809093,50.03692637683178
,,grass,,22.02153885239731,50.036746109269465
,,grass,,22.02148937852589,50.03732929595803
,,grass,,22.01849491689004,50.034626297277896
,,grass,,22.01831908704833,50.03484539293807
,,grass,,22.01729470250552,50.03539768210888
,,grass,,22.017503607810145,50.03534249590356
,,grass,,22.02214964404861,50.03613516806077
,,grass,,22.021944414387384,50.03618985563106
,,grass,,22.022015455006706,50.03591485673061
,,grass,,22.02173062342176,50.0358878435485
,,grass,,22.021716805168776,50.03581669711312
,,grass,,22.02160053628787,50.03580374777576
,,grass,,22.02023525464653,50.03629129724749
,,grass,,22.02048683679662,50.03712714603387
,,grass,,22.020830864833652,50.036871794769844
,,grass,,22.021210011691377,50.036620314561574
,,grass,,22.02097676939449,50.036536403289354
,,grass,,22.02134757297657,50.03641156601273
,,grass,,22.021043250921256,50.03640409092349
,,grass,,22.02079363407741,50.036411361558365
,,grass,,22.02020984049893,50.03551264787457
,,grass,,22.020372000000002,50.03530165000001
,,grass,,22.020198,50.03529814999999
,,grass,,22.020023173947557,50.035295569735815
,,grass,,22.019849426052442,50.035292730264196
,,grass,,22.019676499999996,50.03528924999999
,,grass,,22.01949990522881,50.035286475533574
,,grass,,22.0203665,50.03541760000001
,,grass,,22.020192850000004,50.03541500000001
,,grass,,22.020019099999995,50.03541255
,,grass,,22.01983988618034,50.035412277338146
,,grass,,22.019669750000002,50.0354063
,,grass,,22.019494749999996,50.0354032
,,grass,,22.019925761069256,50.03560937126837
,,grass,,22.019075614698405,50.03559717661011
,,grass,,22.019395173579092,50.035454242641585
,,grass,,22.018524989016996,50.03558670623644
,,grass,,22.017959357394467,50.03557963168346
,,grass,,22.02059019910156,50.03535346457341
,,grass,,22.020382631220944,50.03510871840684
,,grass,,22.020551148535613,50.035104329000504
,,grass,,22.020378600946685,50.035227238622156
,,grass,,22.02091227927665,50.035631136912535
,,grass,,22.019041299082957,50.03505069175942
,,grass,,22.022293296814638,50.03581694272122
,,grass,,22.022507405574963,50.03600424041398
,,grass,,22.021616303349163,50.03479498159428
,,grass,,22.02217280601848,50.035001876143085
,,grass,,22.022333413417673,50.03450211990571
,,grass,,22.022522092570036,50.03456214588213
,,grass,,22.022797886131737,50.03423875799666
,,grass,,22.024667152024257,50.03315666790974
,,grass,,22.024938094073885,50.03325324804575
,,grass,,22.024832520402732,50.03297893348947
,,grass,,22.019560973131,50.02997483765237
,,grass,,22.019098621805302,50.030346809242346
,,grass,,22.01935712314115,50.03015647490885
,,grass,,22.018666923543073,50.03066294619606
,,grass,,22.018766906494047,50.030253164874715
,,grass,,22.018607072958844,50.030183432156825
,,grass,,22.018509206972134,50.030420446378876
,,grass,,22.01855401876505,50.03030238921691
,,grass,,22.018626490480138,50.03036249346993
,,grass,,22.01870670973648,50.03043823309333
,,grass,,22.018588880838603,50.030440856498316
,,grass,,22.018417405052197,50.03064526258375
,,grass,,22.018002207203914,50.03083896359095
,,grass,,22.01791747485369,50.03084030824906
,,grass,,22.017749498726932,50.030812645249796
,,grass,,22.017981208821308,50.03063177026959
,,grass,,22.017751146601885,50.03087545188413
,,grass,,22.01796865506049,50.03088271814758
,,grass,,22.018162448106132,50.03080834991957
,,grass,,22.018764475260838,50.030402152706216
,,grass,,22.01897249051655,50.028725410397094
,,grass,,22.018118560481494,50.02880808231897
,,grass,,22.018583372589042,50.028701466861506
,,grass,,22.01805971988143,50.030383216314
,,grass,,22.01864933664256,50.029337038082836
,,grass,,22.019456024410687,50.02961029018386
,,grass,,22.018999385292837,50.02955133283691
,,grass,,22.018709265561736,50.02974670326297
,,grass,,22.018391995278634,50.02999582638526
,,grass,,22.01849157892283,50.029860445740795
,,grass,,22.019182631418886,50.02997690912532
,,grass,,22.01899185847971,50.03012718716851
,,grass,,22.019858393872553,50.02949558832417
,,grass,,22.019574022586145,50.029526518889966
,,grass,,22.019366520159508,50.02946007697831
,,grass,,22.019185011689718,50.02936923705432
,,grass,,22.0191252689186,50.02923746597623
,,grass,,22.01918147938283,50.029093566750724
,,grass,,22.019185952284694,50.02899166865092
,,grass,,22.019232392303067,50.02880834286659
,,grass,,22.019649749999996,50.02884635
,,grass,,22.020156578785567,50.02908716707013
,,grass,,22.019951439001616,50.028889844068104
,,grass,,22.019190560800048,50.028891099441005
,,grass,,22.019742557209256,50.02911473323514
,,grass,,22.019706370240247,50.02925285696544
,,grass,,22.02019143723487,50.02891843302444
,,grass,,22.020373162828342,50.029149290075665
,,grass,,22.02004669880797,50.02874605715803
,,grass,,22.02084648344102,50.02896585648943
,,grass,,22.019987996336035,50.028653475530376
,,grass,,22.01953063800822,50.02868884680637
,,grass,,22.019717560449838,50.028602816134445
,,grass,,22.021104113532083,50.02943384582343
,,grass,,22.02060265201236,50.029276911839204
,,grass,,22.02049388281117,50.02937000190353
,,grass,,22.020964374361803,50.02964244190776
,,grass,,22.020470994923134,50.02960746830124
,,grass,,22.02045351396845,50.02948752667427
,,grass,,22.020506771637443,50.02928226035945
,,grass,,22.02132427298288,50.0294334689218
,,grass,,22.021263083386124,50.029385801309765
,,grass,,22.021455633721757,50.02931584412453
,,grass,,22.021121996389052,50.02915806404495
,,grass,,22.021962350569197,50.029432879796126
,,grass,,22.031867758637272,50.031813329859034
,,forest,,22.033139612760806,50.03056317619101
,,grass,,22.03232155028329,50.03064903217921
,,grass,,22.025035091004565,50.03068635170413
,,grass,,22.02607602837891,50.03095618433201
,,grass,,22.026030044486355,50.03103831022261
,,grass,,22.025914821511783,50.031182622228776
,,grass,,22.025678252134114,50.031077569913016
,,grass,,22.026090962802666,50.030534222629626
,,grass,,22.025963313526688,50.030512395492764
,,grass,,22.025774830717122,50.03047234945552
,,grass,,22.026102990461574,50.03084887279059
,,grass,,22.0261818560633,50.030700268583885
,,grass,,22.02507222475612,50.029980238402956
,,grass,,22.02343464855202,50.0297488563523
,,grass,,22.02359690010827,50.02960230652435
,,grass,,22.022276949710648,50.02941884246738
,,grass,,22.02103668164492,50.0287700015685
,,grass,,22.02061481210342,50.02834272749777
,,grass,,22.021107249592404,50.02794051881184
,,grass,,22.020948271343183,50.028037241279655
,,grass,,22.02061925764175,50.028128783152674
,,grass,,22.020564657984902,50.02843708829833
,,grass,,22.02041966717768,50.028348657214266
,,grass,,22.02032629072671,50.02827447594181
,,grass,,22.023451628949402,50.029586358391505
,,grass,,22.02330417215697,50.02972096672311
,,grass,,22.0240342,50.028986700000004
,,grass,,22.02395793112172,50.02906780084674
,,grass,,22.023858042156053,50.02918235335236
,,grass,,22.023727232939606,50.02932172283259
,,grass,,22.0242280851516,50.02867525891976
,,grass,,22.024380052641764,50.02836317950327
,,grass,,22.0246034504248,50.027914620551975
,,grass,,21.9522091,50.04041575
,,grass,,22.015539427199954,50.028116380680856
,,grass,,22.016308515994524,50.02780215093197
,,grass,,22.016431711316134,50.027371539074316
,,grass,,22.015331315792384,50.02793724016704
,,grass,,22.015321094496873,50.02768475886955
,,grass,,22.015109061170378,50.02797820166521
,,grass,,22.016531646658784,50.027137186725376
,,grass,,22.027139582950493,50.024925759622235
,,grass,,22.027198409898197,50.02505634374146
,,grass,,22.027333697613138,50.0250089444988
,,grass,,22.02844550957379,50.02573593024168
,,grass,,22.03041185184861,50.027539366249925
,,grass,,22.030268502576835,50.02729163063817
,,grass,,22.030200083547697,50.027169140163586
,,grass,,22.03008296904279,50.02696707865351
,,grass,,22.029918050090682,50.02671918110766
,,grass,,22.029753624240783,50.02651914509509
,,grass,,22.029499362186375,50.026283366902646
,,grass,,22.029026029519336,50.02598532483282
,,grass,,22.02057231114664,50.02791114869506
,,grass,,22.020709002817746,50.02799484667491
,,grass,,22.019911260137434,50.02817793025013
,,grass,,22.02381561640176,50.0293859436207
,,grass,,22.02405580985199,50.02912461951336
,,grass,,22.024686340261027,50.02802129167193
,,grass,,22.02449629126513,50.0284069781798
,,grass,,22.02435872516901,50.028681123040585
,,grass,,22.025065843964207,50.02731359358307
,,grass,,22.02186556152793,50.026967074805206
,,grass,,22.02209162738501,50.02693361014804
,,grass,,22.026350100000002,50.026283150000005
,,grass,,22.026601007395918,50.02610441098588
,,grass,,22.026792850000003,50.02596749999999
,,grass,,22.0270255,50.02580165
,,grass,,22.02720850306764,50.025679924226765
,,grass,,22.02774380156941,50.0256349825103
,,grass,,22.02838274407867,50.02580796996932
,,grass,,22.028484051152507,50.02584491405757
,,grass,,22.029246935314305,50.026218636065636
,,grass,,22.028863838006686,50.02600537092324
,,grass,,22.030020620815087,50.0270897294273
,,grass,,22.029790517169467,50.02673493353268
,,grass,,22.029931428197482,50.02693270794212
,,grass,,22.029514249282347,50.02643529308009
,,grass,,22.030245164732335,50.027490989081265
,,grass,,22.030085772880206,50.027208357207805
,,grass,,22.020532437254648,50.02765027502766
,,grass,,22.020152692440245,50.02780073157164
,,grass,,22.020332923333303,50.02753867819398
,,grass,,22.020479544391126,50.02747691208738
,,grass,,22.019792736375297,50.02741307229483
,,grass,,22.019911380508066,50.02730459667483
,,grass,,22.02018261810809,50.02736518645878
,,grass,,22.01972274199277,50.02756364616906
,,grass,,22.01937446733497,50.027579564654324
,,grass,,22.01915111669079,50.02760891382751
,,grass,,22.019213583933617,50.027688603743194
,,grass,,22.018704097120818,50.02768050003054
,,grass,,22.018859083426726,50.027711590003854
,,grass,,22.018904919561837,50.02763634566328
,,grass,,22.019217463493295,50.02818053864553
,,grass,,22.01902325804073,50.02819403531486
,,grass,,22.018833670251016,50.028178372317726
,,grass,,22.01933926238628,50.02813180712869
,,grass,,22.01952878622069,50.027938532665566
,,grass,,22.019445042389016,50.02814247294952
,,grass,,22.019884673723528,50.028105536816305
,,grass,,22.018820828288277,50.028254234185816
,,grass,,22.01934523813923,50.02823381886618
,,grass,,22.020400316881545,50.0270112737537
,,grass,,22.020325052899217,50.02710632795591
,,grass,,22.02032824530757,50.02698364493309
,,grass,,22.02008810044033,50.02705896631846
,,grass,,22.019836127243117,50.02697439404059
,,grass,,22.019853720592224,50.02681887042501
,,grass,,22.02090385822523,50.02699334493516
,,grass,,22.020896850000003,50.027115800000004
,,grass,,22.020704117129913,50.027042849062184
,,grass,,22.020490807123494,50.02685795719921
,,grass,,22.020616259967404,50.02731193933924
,,grass,,22.021079901662578,50.0272944208124
,,grass,,22.02154633951847,50.027606207743965
,,grass,,22.01950837745014,50.02688142848287
,,grass,,22.019676077124647,50.02682406704465
,,grass,,22.019060541326937,50.02749708362941
,,grass,,22.01913238573257,50.02690657227468
,,grass,,22.019239183576055,50.027323488559034
,,grass,,22.01892343338498,50.02717655937235
,,grass,,22.01861964819129,50.027286289125286
,,grass,,22.018711652145196,50.027470833876684
,,grass,,22.018982674502436,50.027310512938804
,,grass,,22.019541206828315,50.02735934161546
,,grass,,22.01972991935274,50.02727591265195
,,grass,,22.019732458515914,50.02715504802787
,,grass,,22.0195674721705,50.02703705699269
,,grass,,22.018634974078136,50.027063703719406
,,grass,,22.018557655710417,50.02677612182559
,,grass,,22.01871622321192,50.0267665074626
,,grass,,22.018793675151255,50.026777122991355
,,grass,,22.01784389098472,50.028086675574336
,,grass,,22.017650610696826,50.02792239963683
,,grass,,22.017363488320317,50.02681428199386
,,grass,,22.018261649620907,50.027031344059424
,,grass,,22.018247532065306,50.02678814601992
,,grass,,22.018038288115562,50.02678625494325
,,grass,,22.018888542702,50.02642862352785
,,grass,,22.019034098853844,50.02622163588741
,,grass,,22.019043462346282,50.02657194176639
,,grass,,22.019094331194108,50.02639197599506
,,grass,,22.019234073461185,50.026422510269974
,,grass,,22.019191724699493,50.02626861016825
,,grass,,22.01879339174661,50.02649707480164
,,grass,,22.018795108491865,50.02637752528303
,,grass,,22.018432981233673,50.02626149791312
,,grass,,22.018611259005198,50.02641563595906
,,grass,,22.019001351671957,50.02638415043464
,,grass,,22.020359978082112,50.0257945911908
,,grass,,22.01728447970063,50.02656925526374
,,grass,,22.017292614622672,50.02646370413733
,,grass,,22.017288118366633,50.02627983595496
,,grass,,22.017677026209533,50.02571638458359
,,grass,,22.019406236501446,50.0254955988061
,,grass,,22.017948373184847,50.0249770239381
,,grass,,22.017774695756934,50.02497602799573
,,grass,,22.017570616236732,50.02500226557923
,,grass,,22.01745163168759,50.02496477636812
,,grass,,22.017279140004696,50.024965655625444
,,grass,,22.01779736717423,50.02427732527037
,,grass,,22.017677513005626,50.02427447284301
,,grass,,22.017276108511176,50.02484262529789
,,grass,,22.0172794,50.0247322
,,grass,,22.017281724294218,50.02465426195811
,,grass,,22.017284483844637,50.024574624702105
,,grass,,22.017276550000005,50.0244578
,,grass,,22.017279165850795,50.0244092752822
,,grass,,22.017279300000002,50.0243575
,,grass,,22.0172816,50.02427635000001
,,grass,,22.017907381841557,50.02560783196639
,,grass,,22.017295727294925,50.02541116651102
,,grass,,22.01731135218125,50.02510197279889
,,grass,,22.017902474065185,50.02516952112227
,,grass,,22.017947092485837,50.02435368669252
,,grass,,22.01789075,50.0245602
,,grass,,22.017891199999998,50.02464979999999
,,grass,,22.01788885,50.024737
,,grass,,22.01788165,50.024902
,,grass,,22.0178851,50.0248334
,,grass,,22.01812034812999,50.02460772463095
,,grass,,22.01777353820235,50.02412279617012
,,grass,,22.017789902262322,50.023812028471696
,,grass,,22.017782259223292,50.023966694448745
,,grass,,22.018088494224756,50.02554950262968
,,grass,,22.01811163976221,50.0250379235435
,,grass,,22.01811609153723,50.024902322213094
,,grass,,22.018153181159136,50.02372687990521
,,grass,,22.018136529393715,50.02412329401198
,,grass,,22.01732543650558,50.02396576585183
,,grass,,22.01755619139107,50.023598279070036
,,grass,,22.017926472712208,50.02358235504397
,,grass,,22.018319956373947,50.02548125657965
,,grass,,22.018843885037548,50.02508726582581
,,grass,,22.020136130224063,50.02538319757187
,,grass,,22.020077267657623,50.02464654402663
,,grass,,22.01970051795111,50.02383511226932
,,grass,,22.019643218760713,50.02410795142782
,,grass,,22.01939560066788,50.023787576387214
,,grass,,22.019277422312513,50.02367518258413
,,grass,,22.019149859370515,50.02495626867281
,,grass,,22.018767926201996,50.02494032477139
,,grass,,22.01829021507794,50.0246611693828
,,grass,,22.01831338772104,50.023574742369576
,,grass,,22.018631605753484,50.023818900909525
,,grass,,22.01824585613942,50.02427062777655
,,grass,,22.01970984728084,50.02430531898862
,,grass,,22.021416834144677,50.02508779156056
,,grass,,22.02078071793815,50.0249112206022
,,grass,,22.020787750714106,50.02478651004531
,,grass,,22.020789950714107,50.02466431004531
,,grass,,22.0207931670555,50.02454212147785
,,grass,,22.021224764902026,50.024337741420375
,,grass,,22.020814944673933,50.02523808811391
,,grass,,22.021050517553363,50.0252069829287
,,grass,,22.02107731223102,50.0250784494628
,,grass,,22.021167386269163,50.02406290555751
,,grass,,22.02061870874899,50.02449263539778
,,grass,,22.022725147670254,50.02410634816329
,,grass,,22.021845812437128,50.026437444791874
,,grass,,22.022040646312778,50.02640377469172
,,grass,,22.022733140122693,50.02620919457025
,,grass,,22.022208446820823,50.0262702847534
,,grass,,22.02470992553971,50.02527751882022
,,grass,,22.025280596558655,50.02510223939336
,,grass,,22.024385526601368,50.026346261320754
,,grass,,22.02405288458505,50.02651927892707
,,grass,,22.02369469089597,50.026713255191574
,,grass,,22.02310122663655,50.02699846908008
,,grass,,22.024250104440032,50.026289341913206
,,grass,,22.024062218487547,50.02639095995282
,,grass,,22.023526131616748,50.02667039390885
,,grass,,22.022963465793396,50.02694779316861
,,grass,,22.02230321384493,50.02715104581476
,,grass,,22.02238443140989,50.02721603706047
,,grass,,22.021631674676552,50.027007059378086
,,grass,,22.024141508471917,50.026057395630424
,,grass,,22.02418886132243,50.025892782321584
,,grass,,22.02383240275504,50.02593589355361
,,grass,,22.023818227312745,50.026144248872164
,,grass,,22.023546987206675,50.02598424706079
,,grass,,22.02362277260963,50.02590577374473
,,grass,,22.02403573928572,50.025767543049575
,,grass,,22.023734818206748,50.025855543875096
,,grass,,22.023559339192232,50.025863860154416
,,grass,,22.024015599782302,50.02563256311696
,,grass,,22.02422838541273,50.02552501882221
,,grass,,22.024352013892273,50.02559280693991
,,grass,,22.02484980597769,50.02554355565005
,,grass,,22.024707751292496,50.02543216685391
,,grass,,22.024749684758408,50.02533198097723
,,grass,,22.024490650335437,50.02579898048859
,,grass,,22.024824226884203,50.02571449569222
,,grass,,22.024236521438116,50.02616643277084
,,grass,,22.02490267962264,50.025831359734575
,,grass,,22.025458695655697,50.02521356823058
,,grass,,22.02548082117969,50.02537138327895
,,grass,,22.025165786901617,50.02545490918042
,,grass,,22.02491994051241,50.025264132598736
,,grass,,22.0255592197767,50.02549349174621
,,grass,,22.023124477501433,50.026349918855196
,,grass,,22.017360801690817,50.02241919363822
,,grass,,22.017360599207876,50.02267256942886
,,grass,,22.017345291002254,50.02304798277402
,,grass,,22.017377927861126,50.022079090490635
,,grass,,22.017375320297607,50.02224730009492
,,grass,,22.018131278890674,50.02332579240247
,,grass,,22.017783092151642,50.023309175721266
,,grass,,22.01817655677482,50.02244263868889
,,grass,,22.01871768547413,50.02322938058721
,,grass,,22.01884976937932,50.02256806268703
,,grass,,22.0190627832262,50.02300007697241
,,grass,,22.01906503011648,50.023114918505684
,,grass,,22.019050960254372,50.023416877621145
,,grass,,22.019095249298463,50.022137266656614
,,grass,,22.018930829131275,50.02178417627985
,,grass,,22.019187673536933,50.02309431653669
,,grass,,22.019160131104265,50.02330688163563
,,,wood,21.979954364033645,50.048914279051324
,,,wood,21.98157266648705,50.04997256346739
,garden,,,21.981459395665073,50.04966696489218
,garden,,,21.979705186151836,50.049093221446185
,garden,,,21.979612973982437,50.04985036043399
,,,wood,21.979698169191018,50.049599079829036
,garden,,,21.98004070242832,50.04978802222395
,,,wood,21.978335197028855,50.04989938874435
,,grass,,22.017980196164668,50.02036033183888
,,grass,,22.011522234934045,50.04140813417796
,,grass,,22.011676220318176,50.0413619697183
,,grass,,22.01160535497467,50.04128264372661
,,grass,,22.011471959105773,50.04135879319693
,,grass,,22.018234710803323,50.018408945951904
,,grass,,21.95012509289262,50.038696330807326
,,grass,,21.950005479046435,50.038908444671556
,,grass,,21.950618373900042,50.03884261911067
,,grass,,21.950446896694046,50.03888336538594
,,grass,,21.950683360510443,50.04004570398515
,,grass,,21.950885326890678,50.03969213606039
,,grass,,21.95106572888186,50.03987848747866
,,grass,,21.95086853082084,50.03991079997898
,,grass,,21.951184342965938,50.03925931025676
,,grass,,21.95085065659623,50.038994963711154
,,grass,,21.950668151111962,50.03868790280555
,,grass,,22.026965300437947,50.024886857878904
,,grass,,22.01477107170306,50.034939138175
,,grass,,22.015724424484908,50.03582171216635
,,grass,,22.01588295537861,50.03598612089294
,,grass,,22.015745711380465,50.034361417996266
,,grass,,21.952920922420855,50.040547605128
,,grass,,21.953075017048793,50.04070711360387
,,grass,,22.016653517745358,50.03144215560806
,,grass,,22.0159325910017,50.032478233151856
,,grass,,22.015823476527846,50.031668339114866
,,grass,,22.015955969497426,50.030880130893514
,,grass,,22.015820788911086,50.03093391082557
,,grass,,22.01568264488186,50.03109859829
,,grass,,22.015473186672338,50.03213469784782
,,grass,,22.015565802570883,50.03216957018977
,,grass,,22.01565313862204,50.032112952673124
,,grass,,22.01564534598909,50.03172386524066
,,grass,,22.015652309699828,50.03138942524269
,,grass,,22.01537803938711,50.03213443965842
,,grass,,22.01540908950676,50.032286436817834
,,grass,,22.01557271363742,50.03223360509193
,,grass,,22.01576835512412,50.032433242713076
,,grass,,22.015847672050537,50.03249553767027
,,grass,,22.01534847543003,50.03158246921374
,,grass,,22.015382868270443,50.03139080058384
,,grass,,22.01549125,50.03137185
,,grass,,22.015477815517787,50.03149007556717
,,grass,,22.014988566968885,50.03172098060031
,,grass,,22.015006658438395,50.0320547285433
,,grass,,22.015073241504464,50.031892606890786
,,grass,,22.015096144845,50.031125116568724
,,grass,,22.014758660830143,50.03129602187604
,,grass,,22.01548185,50.03122805
,,grass,,22.01548643286302,50.031126941893106
,,grass,,22.014804601073866,50.03085792617508
,,grass,,22.015254375609235,50.031865632502274
,,grass,,22.014711383528496,50.03166815749798
,,grass,,22.01415582014705,50.030823479346665
,,grass,,22.014614585250808,50.03102804715443
,,grass,,22.014334874740648,50.03080055489798
,,grass,,22.013915665259393,50.03147771950171
,,grass,,22.014115026991597,50.02891632823651
,,grass,,22.01429805,50.0292828
,,grass,,22.014226440225546,50.02906397758124
,,grass,,22.014170099999998,50.0291879
,,grass,,22.014288822797862,50.029202013103465
,,grass,,22.014310099260044,50.029354880070166
,,grass,,22.014379642319145,50.02914148250584
,,grass,,22.014458348843554,50.02907452540026
,,grass,,22.014340896291912,50.028902236647866
,,grass,,22.0135061,50.02878905
,,grass,,22.013988973043503,50.02880495291083
,,grass,,22.01350175508442,50.028947271260385
,,grass,,22.013399895049048,50.02915378455612
,,grass,,22.013585251354073,50.02945875319469
,,grass,,22.014076423014906,50.029420120659324
,,grass,,22.014091973010427,50.02919177126583
,,grass,,22.013135648389518,50.02961280007713
,,grass,,22.01315231144199,50.02938534506568
,,grass,,22.0139087,50.0291834
,,grass,,22.013104594603334,50.03002820496049
,,grass,,22.013113992826398,50.02986317413059
,,grass,,22.01312453104339,50.02973013871344
,,grass,,22.015429400000002,50.0296527
,,grass,,22.0159113206867,50.02956244017369
,,grass,,22.0160762311506,50.02957542898033
,,grass,,22.016078405493932,50.029654450294075
,,grass,,22.015914375484794,50.029636735104255
,,grass,,22.012676133180307,50.02857476426114
,,grass,,22.01167744856285,50.02863534733505
,,grass,,22.01287292190907,50.02933640910839
,,grass,,22.011335772869778,50.041203918453
,,grass,,22.011408786999674,50.04129642587992
,,grass,,22.008145315136762,50.03132923469809
,,grass,,22.012524686980512,50.030942038725904
,,grass,,22.0125891462195,50.031016880783554
,,grass,,22.012845631691114,50.03113064849879
,,grass,,22.012205708795648,50.03106559185093
,,grass,,22.012581079628468,50.030731470392496
,,grass,,22.01293528130426,50.03093984303331
,,grass,,22.012724457080214,50.031166897132465
,,grass,,22.01273829772156,50.03106850254541
,,grass,,22.012782093402507,50.031502155070626
,,grass,,22.015039868232893,50.03166466169162
,,grass,,22.0156739186525,50.03252517519204
,,grass,,22.015507550000006,50.03250580000001
,,grass,,22.01532287450643,50.03250520636839
,,grass,,22.01506535778714,50.03242926598014
,,grass,,22.014986873768766,50.03249164240002
,,grass,,22.0160535,50.03229235
,,grass,,22.016055899999998,50.03217035
,,grass,,22.016059091489982,50.032047074722335
,,grass,,22.016061099999998,50.031926150000004
,,grass,,22.016061534180917,50.03180310881058
,,grass,,22.0160652,50.03167675
,,grass,,22.016069608510016,50.03155812527766
,,grass,,22.01607080851002,50.031435625277666
,,grass,,22.01607439148998,50.031310774722336
,,grass,,22.016077199999998,50.03119035000001
,,grass,,22.0160821,50.0309594
,,grass,,22.01607900851002,50.031066625277674
,,grass,,22.013061794470982,50.030572216486306
,,grass,,22.01307681415904,50.03031447568868
,,grass,,22.01309025345844,50.0301813346611
,,grass,,22.010222207576206,50.03180170744107
,,grass,,22.010124157315087,50.03182077483418
,,grass,,22.00985788435855,50.0317125947348
,,grass,,22.009676044694668,50.03163078312337
,,grass,,22.009244998440597,50.031328908477875
,,grass,,22.0096625175132,50.02884650075543
,,grass,,22.008443677915277,50.02909809681626
,,grass,,22.011542552530496,50.02843042233445
,,grass,,22.010746537814498,50.028561499641164
,,grass,,22.010292288443036,50.028678467142036
,,grass,,22.009131918540074,50.0288168320645
,,grass,,22.008789942991466,50.02883299963654
,,grass,,22.0085338191881,50.02894913196918
,,grass,,22.007830440634606,50.02875162858588
,,grass,,22.007610391442554,50.028502296282134
,,grass,,22.009153256869197,50.02833971414042
,,grass,,22.009042513305225,50.028471892390975
,,grass,,22.009310927908714,50.02864764250437
,,grass,,22.009614372005835,50.02879233847129
,,grass,,22.01006803212439,50.02806867847933
,,grass,,22.009874872508963,50.028111233871684
,,grass,,22.0094969558422,50.0281785263289
,,grass,,22.00975085102732,50.0281962008852
,,grass,,22.010879903121037,50.03029338489059
,,grass,,22.01138069378887,50.03001767072339
,,grass,,22.009192290604478,50.03118587539285
,,grass,,22.011746168172408,50.02825839054139
,,grass,,22.011610931935426,50.02825531618528
,,grass,,22.011445565711774,50.02814422302217
,,grass,,22.011006800000008,50.028027050000006
,,grass,,22.01555665442757,50.02755525444872
,,grass,,22.015872621829605,50.027412490260716
,,grass,,22.012547698936338,50.02758120581172
,,grass,,22.012028374770765,50.02818556635097
,,grass,,22.01223158044453,50.028082181860654
,,grass,,22.01212728850679,50.02823269447678
,,grass,,22.011950988659553,50.02673843239056
,,grass,,22.01148158781854,50.027788932028855
,,grass,,22.01402205759163,50.02825442276156
,,grass,,22.01342558502363,50.028259905812845
,,grass,,22.013182434616898,50.02823557997671
,,grass,,22.012943609959823,50.02826198118509
,,grass,,22.01433241313529,50.02832518870633
,,grass,,22.013417111483495,50.028350782298396
,,grass,,22.01301702528066,50.02835169113751
,,grass,,22.007695940242588,50.02768084173198
,,grass,,22.007524673063237,50.0277600270091
,,grass,,22.00849985,50.02813215
,,grass,,22.00850595,50.027985449999996
,,grass,,22.00851046332681,50.02784047547425
,,grass,,22.008517086667688,50.02769292452618
,,grass,,22.008522136673193,50.02754832452575
,,grass,,22.00824133351821,50.027852041363616
,,grass,,22.008314974925334,50.026850791756004
,,grass,,22.008082643310257,50.0274243908598
,,grass,,22.008100784325528,50.02723724148546
,,grass,,22.007584287697334,50.02679757270736
,,grass,,22.007376663890614,50.0271428204742
,,grass,,22.007334192162293,50.02671027450851
,,grass,,22.007125671059992,50.02660253072231
,,grass,,22.00758951503586,50.026465098030975
,,grass,,22.007798513279507,50.026368780845125
,,grass,,22.008383755018205,50.026363134135565
,,grass,,22.00796895269571,50.02636673680801
,,grass,,22.008075892993354,50.02635204939927
,,grass,,22.007095848432336,50.02728464332311
,,grass,,22.007786165547937,50.026852436295705
,,grass,,22.00886047417708,50.02722894008892
,,grass,,22.00884095928511,50.02760994501373
,,grass,,22.008892109613573,50.02798671812066
,,grass,,22.008952248492715,50.028138947953586
,,grass,,22.008564200000002,50.02718525
,,grass,,22.008570690506303,50.02704122451821
,,grass,,22.008572900000004,50.0268958
,,grass,,22.008579409493695,50.02675737548179
,,grass,,22.008587140520007,50.02660042439302
,,grass,,22.008875441383072,50.02699940258653
,,grass,,22.009079916359624,50.0276169546541
,,grass,,22.0090927075025,50.027284242574474
,,grass,,22.008878109688098,50.02678561034001
,,grass,,22.009110548667515,50.02702875888944
,,grass,,22.00907097839179,50.02685226555315
,,grass,,22.009127393109644,50.02673526700621
,,grass,,22.009113930523167,50.02646559918769
,,grass,,22.00892581650074,50.0264278397847
,,grass,,22.008748995328933,50.026397545661816
,,grass,,22.0088398020546,50.02658316210932
,,grass,,22.009148180597034,50.02617130361763
,,grass,,22.009750577839846,50.02749162281649
,,grass,,22.009535710274783,50.02748992015776
,,grass,,22.009537796305832,50.02801730258284
,,grass,,22.00934944170462,50.02720232203207
,,grass,,22.00934225210569,50.02734610128234
,,grass,,22.009336310523853,50.027492524376264
,,grass,,22.00933034663997,50.02764468654001
,,grass,,22.009325942176428,50.02778764282721
,,grass,,22.0093557,50.0268222
,,grass,,22.0093596,50.02667769999999
,,grass,,22.00936376411783,50.02652741131674
,,grass,,22.00937005,50.02638350000001
,,grass,,22.009373500000002,50.026235650000004
,,grass,,22.009558666703313,50.026529515269644
,,grass,,22.01008262129635,50.026239747285324
,,grass,,22.00978728695206,50.02667287977276
,,grass,,22.010115375690887,50.02679273964757
,,grass,,22.010311394790747,50.02676135609091
,,grass,,22.010230605297696,50.02651029330664
,,grass,,22.01010445899483,50.026598149532234
,,grass,,22.00999996368579,50.026523158879385
,,grass,,22.011136305823968,50.0277994704575
,,grass,,22.011265910688252,50.02780260955862
,,grass,,22.0110462770762,50.02787211016819
,,grass,,22.01126675604117,50.027938796209106
,,grass,,22.011022351512505,50.02793111525663
,,grass,,22.010788940311983,50.02792648953357
,,grass,,22.01061848232177,50.0279225479945
,,grass,,22.01040932781584,50.02791938458877
,,grass,,22.010119516712624,50.02793953136071
,,grass,,22.010070852272158,50.027840364082145
,,grass,,22.010099498460402,50.02769302300175
,,grass,,22.010048818048638,50.02756381919958
,,grass,,22.010049972829115,50.02744370887544
,,grass,,22.010033507964728,50.02731279958284
,,grass,,22.009979252645902,50.0270075769181
,,grass,,22.009984364774787,50.02713882332382
,,grass,,22.010350926108043,50.02740410562206
,,grass,,22.01015418438449,50.02744226516371
,,grass,,22.010138970050075,50.027304233068136
,,grass,,22.01012203265393,50.02717436013548
,,grass,,22.01010685,50.02707184999999
,,grass,,22.010107074342375,50.02701025345428
,,grass,,22.010107800000004,50.02692915
,,grass,,22.010544818410118,50.02756075371254
,,grass,,22.010619353287726,50.02717522170128
,,grass,,22.010651027895225,50.026935962962554
,,grass,,22.01129478375129,50.026783252217605
,,grass,,22.011269801464117,50.02659007834819
,,grass,,22.01129098812238,50.027021135264924
,,grass,,22.011289173670562,50.026917533478425
,,grass,,22.010901307665417,50.02691480438761
,,grass,,22.010690500000003,50.0267402
,,grass,,22.010739110939294,50.02659703765784
,,grass,,22.010379113634656,50.02657032483754
,,grass,,22.0112563126811,50.02758588815765
,,grass,,22.011259290847452,50.02739942463688
,,grass,,22.01129989562261,50.02714333236807
,,grass,,22.011131356097714,50.02728189897864
,,grass,,22.01113552644182,50.027410228699125
,,grass,,22.01113086867923,50.02752985123659
,,grass,,22.011095959298732,50.027695833097305
,,grass,,22.01086772554864,50.02783944081886
,,grass,,22.010621867128258,50.02785197530245
,,grass,,22.010415799999997,50.02784894999999
,,grass,,22.0111551927035,50.027042805148184
,,grass,,22.01117494875203,50.02691988112622
,,grass,,22.011164310817172,50.026740141272086
,,grass,,22.01805969350806,50.0007908062573
Ogród kieszonkowy - Bielefeld,park,,,22.03350572319301,50.03980986350126
,,grass,,21.985879017542874,50.02142296326516
,,grass,,21.985542991132576,50.02141907629193
,,grass,,21.984842018428353,50.02143312841285
,,grass,,22.006503182818562,50.02585067114367
,,grass,,22.006635975738543,50.02616420644765
,,grass,,22.008328319729117,50.025707449586065
,,grass,,22.00833089418011,50.02564637505626
,,grass,,22.007154150343325,50.025991927890075
,,grass,,22.007152312414192,50.026082977415264
,,grass,,22.007140981904342,50.026186214614924
,,grass,,22.007571600000006,50.02621810000001
,,grass,,22.00820018305514,50.0262050052205
,,grass,,22.006696006828715,50.025861103616386
,,grass,,22.008781341320834,50.025746244975025
,,grass,,22.008568569852724,50.025207011608074
,,grass,,22.008562094777506,50.025343461462974
,,grass,,22.008556222976136,50.025489852982986
,,grass,,22.008552484239946,50.0256356131441
,,grass,,22.00854607045154,50.0257864668861
,,grass,,22.008540024276698,50.025926633317894
,,grass,,22.008619917469225,50.02616602236731
,,grass,,22.008772638103434,50.02465300222661
,,grass,,22.008586363574096,50.02437128910229
,,grass,,22.008578499999995,50.02451909999999
,,grass,,22.008573239534126,50.02466607460913
,,grass,,22.008568036425903,50.0248105108977
,,grass,,22.008563749999997,50.024958549999994
,,meadow,,22.016101063964722,50.00289355323191
,,grass,,22.005143088722065,50.04631713069112
,,grass,,22.004959075810596,50.04642098961847
,,grass,,22.002226831758048,50.015582225794205
,,grass,,22.002191345925187,50.01549762981117
,,grass,,22.001943841282035,50.01512347264532
,,grass,,22.001879801966783,50.01492703571509
,,grass,,22.002247664868726,50.01478173317336
,,grass,,22.00257086811675,50.0146946131925
,,grass,,22.002891512063215,50.01460727421112
,,grass,,22.00307363537285,50.01456338710161
,,grass,,22.00327122079769,50.014610082206275
,,grass,,21.966964029890818,50.00795402033858
,,grass,,22.00629137158808,50.02534021879561
,,grass,,22.00645782806662,50.025428912524106
,,grass,,22.00653048919528,50.02519820775231
,,grass,,22.007278474586855,50.0253516915462
,,grass,,22.007357767406855,50.024444671534994
,,grass,,22.00683384641924,50.02473887462074
,,grass,,22.007372279743834,50.02503662048263
,,grass,,22.007547556361867,50.02437917600923
,,grass,,22.00740868599688,50.02414140746931
,,grass,,21.97765444066885,49.99937240829178
,,grass,,21.976978218210913,49.99691838999327
,,grass,,21.97738923096908,49.99708512201281
,,grass,,22.01053388006306,50.040383150657995
,,grass,,22.010846532390104,50.04071264033657
,,grass,,22.011529493237674,50.04112027345264
,,grass,,22.01127447234548,50.04112297974189
,,grass,,22.01049104082144,50.04057844469585
,,grass,,22.011065826074667,50.04084324136021
,,grass,,22.011141411880875,50.04106826438827
,,grass,,22.007948878215103,50.02463801653674
,,grass,,22.008146562443375,50.02526676673662
,,grass,,22.007928165862186,50.0250893220894
,,grass,,22.007877115737273,50.024728030409605
,,grass,,22.0079204,50.025424699999995
,,grass,,22.00768937594834,50.024560286928576
,,grass,,22.007683800000002,50.02469765
,,grass,,22.007678249999998,50.0248453
,,grass,,22.007678249999998,50.0249854
,,grass,,22.007672049999996,50.02513624999999
,,grass,,22.007666989095654,50.02528362461389
,,grass,,22.00824543285357,50.02440739893684
,,grass,,22.0079452,50.024418350000005
,,grass,,22.008137001172308,50.02426305993263
,,grass,,22.011473081575186,50.02626945997637
,,grass,,22.005995202465463,50.02468044834137
,,grass,,22.00592531643696,50.02473178600714
,,grass,,22.0062237840667,50.02493839604893
,,grass,,22.008194740206065,50.023987801872494
,,grass,,22.007717705423396,50.02398224089619
,,grass,,22.008326018908843,50.025480153190266
,,grass,,22.00833817146221,50.02521525245057
,,grass,,22.008281850064975,50.02501104967914
,,grass,,22.008227483331872,50.024698433663225
,,grass,,22.008814007302952,50.02400308552252
,,grass,,22.016002345127966,50.0252702135743
,,grass,,22.015214152755032,50.026120971205614
,,grass,,22.01536485229607,50.026089774586175
,,grass,,22.01565260704111,50.02609588008516
,,grass,,22.01565944704876,50.025732898709116
,,grass,,22.016515517993497,50.024933140460185
,,grass,,22.016419653111008,50.02509492164435
,,grass,,22.0162053,50.0261111
,,grass,,22.016215450160132,50.02594362571626
,,grass,,22.0162197,50.025777250000004
,,grass,,22.016228626153904,50.02561222459958
,,grass,,22.015219192430383,50.02492299727367
,,grass,,22.015203577152647,50.02587125114178
,,grass,,22.015213387313967,50.025720270642545
,,grass,,22.015220587313962,50.02557047064254
,,grass,,22.01522143729769,50.02541849507881
,,grass,,22.015234198452102,50.02526265742025
,,grass,,22.015401138112036,50.02550731357295
,,grass,,22.01313339701559,50.02615368115169
,,grass,,22.012276057942035,50.026284169526306
,,grass,,22.01105155515328,50.02570084609961
,,grass,,22.010990472673853,50.026151852711834
,,grass,,22.01100882515685,50.02592248333404
,,grass,,22.010519416644048,50.023775974562696
,,grass,,22.010357065730005,50.02373723810298
,,grass,,22.010587985036285,50.02351362982768
,,grass,,22.009043052942893,50.02438124881291
,,grass,,22.01012356477621,50.02431796481663
,,grass,,22.00919601916324,50.02421279713239
,,grass,,22.010303811550504,50.025583597205554
,,grass,,22.01027397254675,50.024938416129764
,,grass,,22.011002118926672,50.0254758844623
,,grass,,22.010894242653098,50.025195960979524
,,grass,,22.010650157351236,50.0250265432158
,,grass,,22.013155748659887,50.02491803700103
,,grass,,22.01360859237787,50.02550664239537
,,grass,,22.01372717181558,50.02530342522922
,,grass,,22.0134182,50.02530725
,,grass,,22.013690725628155,50.025057624805584
,,grass,,22.01337749183632,50.025091732735824
,,grass,,22.012197315374355,50.024127385676664
,,grass,,22.01424438476861,50.02483563431219
,,grass,,22.01380970281418,50.0259129685059
,,grass,,22.014695302630425,50.02590626473195
,,grass,,22.014931135782515,50.026001666740605
,,grass,,22.014781402154142,50.02570707612028
,,grass,,22.01478886898769,50.02617391583099
,,grass,,22.01419989815137,50.02631728037443
,,grass,,22.014373114737207,50.02551613590682
,,grass,,22.014366013041563,50.02566608424529
,,grass,,22.01436034030151,50.025819354862364
,,grass,,22.014353240301517,50.02597115486236
,,grass,,22.01434812635676,50.02612344189279
,,grass,,22.014173274978642,50.025828559985094
,,grass,,22.01466100644942,50.02544846639127
,,grass,,22.014632532160356,50.025129425310595
,,grass,,22.014980120711023,50.02561177320955
,,grass,,22.01482452450174,50.02501061138286
,,grass,,22.0149266677175,50.0252636555651
,,grass,,22.01552728153554,50.024512728111766
,,grass,,22.01483150497458,50.02471508269012
,,grass,,22.016448656101016,50.024384099320486
,,grass,,21.976453810044486,50.049896798239836
,,grass,,21.976693850510536,50.05011282936111
,,grass,,22.011096525059877,50.02418581544819
,,grass,,22.011545409345665,50.02468738981295
,,grass,,22.01142963083266,50.02448034173434
,,grass,,22.011392773879024,50.02398702946163
,,grass,,22.01220441779111,50.02433079815218
,,grass,,22.011834635324494,50.024239326922455
,,grass,,22.012280738478797,50.02513958685437
,,grass,,22.012297440005096,50.025062684729825
,,grass,,22.012544909889705,50.0250435569333
,,grass,,22.012373947978823,50.02485282817988
,,grass,,22.011764809054483,50.02474869696206
,,grass,,22.01199225808562,50.02496116671878
,,grass,,22.013388317616013,50.02384943355457
,,grass,,22.01449491504487,50.023448157597194
,,grass,,22.0160591642734,50.024016539269816
,,grass,,22.015832412592886,50.02388163154005
,,grass,,22.015059450000003,50.0234949
,,grass,,22.0150539,50.02363615
,,grass,,22.015050113555503,50.02378882532615
,,grass,,22.015045800000003,50.023940450000005
,,grass,,22.015041513555502,50.02409142532615
,,grass,,22.0150361864445,50.02424167467385
,,grass,,22.01447365325836,50.02332708874844
,,grass,,22.014616325271696,50.02319033737381
,,grass,,22.01461835756636,50.02304667835624
,,grass,,22.014613330561506,50.02291464027862
,,grass,,22.014581744844097,50.02274259251761
,,grass,,22.01487841915894,50.02291380273275
,,grass,,22.01589079523356,50.02304208820603
,,grass,,22.015892971318397,50.02319328789318
,,grass,,22.015884872928357,50.02334622047259
,,grass,,22.01588269503752,50.02349984636627
,,grass,,22.015882196704293,50.023650339653805
,,grass,,22.01608577128037,50.02334003032956
,,grass,,22.016079305011147,50.02235442641121
,,grass,,22.01624584873101,50.0216732799731
,,grass,,22.01679227174211,50.02197781862373
,,grass,,22.016769583545052,50.02259074568093
,,grass,,22.016102954104305,50.02179775105191
,,grass,,22.016435044950324,50.02192868439461
,,grass,,22.01640817945665,50.02244703739623
,,grass,,22.016773547955527,50.02326976757039
,,grass,,22.01676075707122,50.022985359044284
,,grass,,22.016390102893656,50.02323579692673
,,grass,,22.016598282525496,50.023681864067754
,,grass,,22.01512185942653,50.02265427533763
,,grass,,22.015117214735316,50.02280624020381
,,grass,,22.015110449999995,50.022955200000006
,,grass,,22.015106266401812,50.02310850912155
,,grass,,22.01510344057347,50.02325882466238
,,grass,,22.015334164983404,50.02339498362081
,,grass,,22.015314162150517,50.023656376774206
,,grass,,22.015571806020972,50.02345155086729
,,grass,,22.015598995257484,50.02384864354582
,,grass,,22.015504416101606,50.022559421009404
,,grass,,22.015465110250407,50.0227327938642
,,grass,,22.01544578205173,50.023010319296574
,,grass,,22.0151178670238,50.02166591437604
,,grass,,22.013934944700868,50.022840927653505
,,grass,,22.0138128485139,50.02302127445073
,,grass,,22.014226241892697,50.022993939327975
,,grass,,22.013298601347433,50.023129760123936
,,grass,,22.013850528732995,50.02274558953489
,,grass,,22.014063622750207,50.0227993234815
,,grass,,22.014295311383254,50.022719433980626
,,grass,,22.01355957005695,50.022574053817486
,,grass,,22.013402896047488,50.02278757798366
,,grass,,22.013407868489868,50.02267411521816
,,grass,,22.0135826872967,50.02267049788603
,,grass,,22.013679643550113,50.02279054328832
,,grass,,22.013704980857494,50.02259157793032
,,grass,,22.01329270498912,50.02245587345925
,,grass,,22.01428759114427,50.022364994892236
,,grass,,22.01419091174546,50.022417500512724
,,grass,,22.01397701655609,50.022399361390576
,,grass,,22.01370287584461,50.022396127963006
,,grass,,22.013884362297517,50.02249994592452
,,grass,,22.013759456835057,50.022040127360476
,,grass,,22.01377250129447,50.02215297336934
,,grass,,22.014278157673292,50.022488999338734
,,grass,,22.014403346710242,50.02193577116022
,,grass,,22.01440119692486,50.022053800301805
,,grass,,22.014407546472082,50.022288310603
,,grass,,22.01293068859422,50.02165281778603
,,grass,,22.01383745849192,50.02165857830889
,,grass,,22.013938890490916,50.02179396888522
,,grass,,22.01352005636449,50.02180289883124
,,grass,,22.013578825035818,50.02199000574956
,,grass,,22.013380042018795,50.02198052349342
,,grass,,22.012142878279185,50.02250457472613
,,grass,,22.013021466475422,50.02177036257566
,,grass,,22.011317339521774,50.02339714961024
,,grass,,22.013325497127912,50.02290129647043
,,grass,,22.01446278605922,50.01988823905324
,,grass,,22.014342331331054,50.02041837871654
,,grass,,22.00410918359416,50.0216699798749
,,grass,,22.004841808397707,50.0232483291527
,,grass,,22.00695374985878,50.027439801477364
,,grass,,22.00683494934368,50.02715376390079
,,grass,,22.006782264946125,50.027026638274826
,,grass,,22.006618600773248,50.02663486412618
,,grass,,22.00576829790472,50.02496107906181
,,grass,,22.006087634226247,50.02557095756221
,,grass,,22.00619934054231,50.0258428168091
,,grass,,22.01061529728739,50.02306895492991
,,grass,,22.0105592625941,50.02267716323597
,,grass,,22.01046399916653,50.022259987848344
,,grass,,22.01069825747222,50.022329339917135
,,grass,,22.010685428132252,50.02214579499973
,,grass,,22.01058084606177,50.0219741791087
,,grass,,22.01064986806892,50.02176837473096
,,grass,,22.010834594208205,50.022587374391264
,,grass,,22.00995166677364,50.02168963081255
,,grass,,22.009151716734383,50.02180335011697
,,grass,,22.009336109451738,50.02154170021172
,,grass,,22.009107438897,50.021516822507266
,,grass,,22.00890844492965,50.02151551204365
,,grass,,22.00868914269392,50.02150480425512
,,grass,,22.009085182847716,50.021390282982296
,,grass,,22.00974019243859,50.021461872771226
,,grass,,22.009590800930678,50.02163805837595
,,grass,,22.00933325911249,50.021628913657096
,,grass,,22.009105641475795,50.02161970145135
,,grass,,22.008898322387736,50.02161159069101
,,grass,,22.00868709596469,50.02160354452419
,,grass,,22.005464817133806,50.023445607069156
,,grass,,22.00518141763926,50.02383748828531
,,grass,,22.005131473475082,50.0233977357
,,grass,,22.003980168769075,50.02050458746343
,,grass,,22.00415567583571,50.021119162698405
,,grass,,22.00372224029571,50.02105167263335
,,grass,,22.003779753008644,50.02112282885534
,,grass,,22.003581608602705,50.02091051079587
,,grass,,22.005728356829202,50.02351485061929
,,grass,,22.00569332814659,50.02382120441669
,,grass,,22.005714236780545,50.02366492135047
,,grass,,22.004275489602268,50.02299221223518
,,grass,,22.004763370267696,50.023354324440234
,,grass,,22.00392077515137,50.023189958884196
,,grass,,22.003527577555598,50.02207963898268
,,grass,,22.00767428061287,50.023696754869285
,,grass,,22.008295384252452,50.02323644304246
,,grass,,22.008174984245386,50.02357130127278
,,grass,,22.008038501836428,50.0237235670042
,,grass,,22.008824116420033,50.02313832175131
,,grass,,22.00924660415808,50.02307662838246
,,grass,,22.008508399037332,50.02273457989652
,,grass,,22.00872960197856,50.023717971317716
,,grass,,22.00925857670669,50.02354672598575
,,grass,,22.00938691703277,50.023506654287054
,,grass,,22.006000469251482,50.02272590196041
,,grass,,22.006095944629095,50.02310254999935
,,grass,,22.00642438783469,50.02307813380083
,,grass,,22.006197926344182,50.022462346026536
,,grass,,22.006327023459896,50.02285328746522
,,grass,,22.00450823531951,50.022095229279934
,,grass,,22.005054181728912,50.022491980547066
,,grass,,22.00561331375957,50.02316545300864
,,grass,,22.005488686193807,50.023221743870344
,,grass,,22.00521535863415,50.02316635455434
,,grass,,22.004099765634567,50.017868789193756
,,grass,,22.003388759713665,50.02152742686254
,,grass,,22.00614651534034,50.02165976780373
,,grass,,22.00591420984612,50.02166144414342
,,grass,,22.005936236222,50.02136947247584
,,grass,,22.005925588277492,50.0215153555472
,,grass,,22.005895965724733,50.02195344075392
,,grass,,22.005906610372577,50.02180758885741
,,grass,,22.014878329654756,50.02190828398085
,,grass,,22.004299987893116,50.02007849751408
,,grass,,22.006304972661653,50.021091788337266
,,grass,,22.006314630076126,50.02122040650311
,,grass,,22.006158952314195,50.02067979095885
,,grass,,22.00597530764508,50.02042557562031
,,grass,,22.0059664,50.020562749999996
,,grass,,22.005954699999997,50.02071209999999
,,grass,,22.005948,50.0208568
,,grass,,22.0059361,50.021006299999996
,,grass,,22.00633590607008,50.02031721419993
,,grass,,22.0046484545252,50.019922354068306
,,grass,,22.004782871583387,50.02014662795731
,,grass,,22.00569457666722,50.019967310587106
,,grass,,22.00569030434002,50.01971788423954
,,grass,,22.005991433044237,50.01967083122823
,,grass,,22.005422470869956,50.019977851898545
,,grass,,22.005036912042964,50.019840689878045
,,grass,,22.00622608872868,50.020120578554256
,,grass,,22.007278078425404,50.01919621569913
,,grass,,22.005709629367086,50.019585034741404
,,grass,,22.004510591055194,50.01983433263363
,,grass,,22.003815380926095,50.02021486020862
,,grass,,22.00707262109393,50.02115478576755
,,grass,,22.00668365160237,50.021148401875685
,,grass,,22.006505615827955,50.02108238694996
,,grass,,22.006670721034368,50.02052933448856
,,grass,,22.007660915648867,50.021182058459
,,grass,,22.00845991774952,50.0207588253677
,,grass,,22.008382920321644,50.020931410794915
,,grass,,22.007241295072127,50.02081396977781
,,grass,,22.008044654360265,50.020699490483146
,,grass,,22.008540599999996,50.02060375000001
,,grass,,22.007920262422637,50.02086245932471
,,grass,,22.008584621592874,50.02093979058377
,,grass,,22.005382543967524,50.024283636011994
,,grass,,22.011295301079667,50.02033252794801
,,grass,,22.010752540438016,50.02032039524943
,,grass,,22.011511070177413,50.02095922011001
,,grass,,22.01260489798683,50.02096072831789
,,grass,,22.01265857193488,50.021348811373436
,,grass,,22.01252179626776,50.0215376502455
,,grass,,22.011516750000002,50.020678950000004
,,grass,,22.011525847591248,50.02050846353562
,,grass,,22.0120729,50.020792349999994
,,grass,,22.012269487614343,50.02080517441129
,,grass,,22.01217492769209,50.02065965650853
,,grass,,22.011760914906898,50.02047386872408
,,grass,,22.011041316516508,50.020501505529616
,,grass,,22.011842846740524,50.021186285993046
,,grass,,22.011761483138102,50.02148636525904
,,grass,,22.01085448221442,50.020040057141166
,,grass,,22.010564802070366,50.02029177453456
,,grass,,22.01039975600627,50.02027418727964
,,grass,,22.00991487770089,50.01929478757012
,,grass,,22.009848408571944,50.0191743228481
,,grass,,22.00997288695172,50.019527228740046
,,grass,,22.009972905123885,50.01983599699214
,,grass,,22.010001209041857,50.02014029792867
,,grass,,22.009990452659142,50.02055568101144
,,grass,,22.009984686295706,50.02074031619911
,,grass,,22.00783805,50.019757
,,grass,,22.007617514615625,50.019565582737116
,,grass,,22.00766535,50.02031255000001
,,grass,,22.00807968611144,50.02030187440018
,,grass,,22.008497705686203,50.02032202537312
,,grass,,22.008308605002767,50.01953398920255
,,grass,,22.00833865668881,50.02000407073496
,,grass,,22.007822974400476,50.01994072477819
,,grass,,22.00806795,50.0205501
,,grass,,22.009088448568985,50.01955925506853
,,grass,,22.00960578748483,50.01892321906618
,,grass,,22.009572394207197,50.018738083693684
,,grass,,22.009385849613796,50.01873255380871
,,grass,,22.0096361,50.01995674999999
,,grass,,22.009641850000005,50.019791000000005
,,grass,,22.009649359890542,50.01962987536945
,,grass,,22.009652850000002,50.01946800000001
,,grass,,22.00966185,50.019303900000004
,,grass,,22.00926958047242,50.02068267848614
,,grass,,22.00956537597487,50.02098478725717
,,grass,,22.00957117597487,50.02082478725718
,,grass,,22.009577550000003,50.020662500000014
,,grass,,22.00958446375405,50.02049801184779
,,grass,,22.009593749999997,50.020336900000004
,,grass,,22.010350989865817,50.0184395856925
,,grass,,22.009556604863366,50.01863453902059
,,grass,,22.009889920436457,50.018949784150685
,,grass,,22.010217563219538,50.018874735624436
,,grass,,22.01013259913423,50.019147314844524
,,grass,,22.01034023636025,50.02009373621976
,,grass,,22.01035027560887,50.01961957901558
,,grass,,22.01035402757409,50.01944529704487
,,grass,,22.0103577,50.019293100000006
,,grass,,22.010360375594583,50.019167029248635
,,grass,,22.010361749999998,50.0190142
,,grass,,22.010260632609654,50.01939866000847
,,grass,,22.01009872545676,50.0186871185468
,,grass,,22.010741473458474,50.01849416585544
,,grass,,22.01073797957123,50.01867791801118
,,grass,,22.010475750000005,50.019619899999995
,,grass,,22.010479649999997,50.019469650000005
,,grass,,22.01048278909862,50.01931716366165
,,grass,,22.01048552421625,50.019165561712626
,,grass,,22.010488775783756,50.01901413856283
,,grass,,22.01079678045432,50.01932039632196
,,grass,,22.013021936307055,50.021528044950394
,,grass,,22.013848314086566,50.02153710088889
,,grass,,22.014570443490197,50.021541788743384
,,grass,,22.01435000711082,50.021540657254846
,,grass,,22.014011337970313,50.02153871554167
,,grass,,22.01636478920707,50.02155536541008
,,grass,,22.0156664864314,50.02155447492694
,,grass,,22.015669335352424,50.02142021930248
,,grass,,22.016338071131795,50.021310975161335
,,grass,,22.01682881951542,50.02093238517792
,,grass,,22.01649903419077,50.021175639776814
,,grass,,22.014204347736367,50.021414081715136
,,grass,,22.01325059947605,50.021125133351525
,,grass,,22.013718340946323,50.021416029381605
,,grass,,22.01683533516146,50.02048732439279
,,grass,,22.01677112435839,50.02046576500388
,,grass,,22.016612374733,50.0203687026306
,,grass,,22.01401085077904,50.019283000817516
,,grass,,22.003665872362124,50.02337404057414
,,grass,,22.00384557981235,50.02353088050975
,,grass,,22.00405452920397,50.02368720172826
,,grass,,22.004180041779193,50.02377015878935
,,grass,,22.004911810949928,50.0241695988754
,,grass,,22.003735592169534,50.02008333324046
,,grass,,22.011013276501217,50.0385777063462
,,grass,,22.01242690607856,50.038347819523686
,,grass,,22.013573066029206,50.03816159927297
,,grass,,22.013260291586516,50.038210551997565
,,grass,,22.012405529382566,50.03800242880763
,,grass,,22.01296933423859,50.03790775640791
,,grass,,22.01276135,50.03787255000001
,,grass,,22.012787065760484,50.03793893609075
,,grass,,22.013897213107924,50.037907328096495
,,grass,,22.012876656178566,50.03836222063002
,,grass,,22.01370888397162,50.0382263021447
,,grass,,22.013516116028377,50.0382587978553
,,grass,,22.011452043859027,50.03581044400518
,,grass,,22.011525137535312,50.035708915294805
,,grass,,22.01167528709992,50.03574878922104
,,grass,,22.011749833104638,50.035896356674634
,,grass,,22.011652870353704,50.03598281744389
,,grass,,22.01149999488503,50.03595086502899
,,grass,,22.01157736913006,50.036186777785346
,,grass,,22.012242277523804,50.03558742917739
,,grass,,22.011012379004505,50.03620481771106
,,grass,,22.0099582941901,50.03623167724999
,,grass,,22.010624818458446,50.03572349808499
,,grass,,22.01081099888738,50.03573813348568
,,grass,,22.011018023914545,50.035562511204134
,,grass,,22.011163991011234,50.03574134659685
,,grass,,22.010011458203063,50.03399033023986
,,grass,,22.0104467349201,50.0338950970319
,,grass,,22.003449929411147,50.03120913198243
,,grass,,22.00338309071507,50.03136870817589
,,grass,,22.004594668917132,50.031037807630355
,,grass,,22.004654724656877,50.03080508356852
,,grass,,22.002398779479662,50.031252331421754
,,grass,,22.00221676272642,50.03138741839005
,,grass,,22.002935549070042,50.031165298024575
,,grass,,22.00290145715722,50.031372393097335
,,grass,,22.00343864230823,50.03155695341864
,,grass,,22.00349824027739,50.03179736441582
,,grass,,22.001146897661688,50.03126383499556
,,grass,,22.021059948745634,50.042598580065956
,,grass,,22.020049289059614,50.0419965888302
,,grass,,22.020467491856103,50.04213345155533
,,grass,,22.021473676928945,50.0427570449021
,,grass,,22.022171472257142,50.04257132500545
,,grass,,22.021947603434832,50.042484036687
,,grass,,22.02219039947463,50.042157694781324
,,grass,,22.021824692388336,50.04166489277626
,,grass,,22.02140106994262,50.04160024596106
,,grass,,22.020745192482035,50.04162503423021
,,grass,,22.02212177357434,50.04182300564775
,,grass,,21.98228396564585,50.034229566776624
,,grass,,21.982180003177408,50.03411356985466
,garden,,,21.98221523761075,50.03415558186657
,,grass,,22.022986576604925,50.041281244879634
,,grass,,22.026682461929667,49.97105825033191
,,grass,,22.02686387107246,49.971115298928204
,,grass,,22.000586431803356,50.03261282590856
,,grass,,22.000653848162692,50.032349936731386
,,grass,,22.012319525323466,50.03813472334143
,,grass,,22.01250644918203,50.03810213348007
,,grass,,22.01206819331198,50.039723864157544
,,grass,,22.019958975407043,50.01316115919004
,,grass,,22.025152130465845,50.03828382010144
,,grass,,22.025221237128537,50.03858230782062
,,grass,,22.02507965,50.03869689999999
,,grass,,22.02502689277178,50.038404084112294
,,grass,,22.025053158522457,50.038534073024806
,,grass,,22.02473166669528,50.03831831442065
,,grass,,22.0295194654704,50.0035047813192
,,grass,,22.076437164172273,50.0321772027898
,,grass,,22.004742868224355,50.03297669097844
,,grass,,22.003959922752376,50.03258628775001
,,grass,,22.003687289274364,50.0332094901098
,,grass,,22.003830808638355,50.033301714993904
,,grass,,22.003821390680944,50.03341019573962
,,grass,,22.004423252272158,50.03386242159797
,,grass,,22.00462955,50.03365665
,,grass,,22.00362022374546,50.03263062820127
,,grass,,22.00401146430858,50.032751518049714
,,grass,,22.00340675464642,50.03272100430092
,,grass,,22.07450464122083,50.00472217763529
,,,grassland,22.024539915771225,49.966895266294095
,,,wood,22.002079283921386,49.99005931937066
,,,wood,21.960844309444454,50.03660673489499
,,,wood,21.95461493417512,50.03853461555009
,,grass,,22.001997301769755,50.032800059362025
,,grass,,22.001767693956896,50.03354916968915
,,grass,,22.003420337771676,50.03340608923623
,,grass,,22.003393899999995,50.0333024
,,grass,,22.00337175,50.033214099999995
,,grass,,22.0033413,50.033092799999984
,,grass,,22.00330543599877,50.03294970652551
,,grass,,21.972248173229715,50.00343662427634
,garden,,,22.044494239807747,50.04207814862787
,garden,,,22.044790230043443,50.04187702573513
,,grass,,21.979094641552887,50.014453329888106
,,,wood,21.999329959023182,50.00760754004215
,,grass,,21.95099332124593,50.04057041279438
,,grass,,21.951219276070837,50.0407472380473
,,grass,,21.951495736965708,50.04064478360109
,,grass,,21.951316363836302,50.040436705354345
,,grass,,21.952031458106998,50.04026069779926
,,grass,,21.95209605913356,50.04024155543887
,,grass,,21.952110339457626,50.04022130128156
,,grass,,22.03291201369361,50.049959824661215
,,grass,,21.990564914863597,50.04315191411564
,,grass,,21.990556426733825,50.04324851537514
,,grass,,21.989169181792246,50.04326573943265
,,grass,,21.994478145565726,50.03295947964827
,,grass,,21.99621175644174,50.03169001779303
,,grass,,21.996080683886017,50.03188072664342
,,grass,,21.996034839640878,50.03179168226176
,,grass,,21.995857942795414,50.031893382245826
,,grass,,21.995888819999912,50.03199081519565
,,grass,,21.99563805,50.032134600000006
,,grass,,21.995439005246332,50.032248067799344
,,grass,,21.9953412,50.03230230000001
,,grass,,21.995460499999997,50.032119499999986
,,grass,,21.995075392568612,50.03245584311938
,,grass,,21.995183899999997,50.032394800000006
,,grass,,21.9949937,50.0323864
,,grass,,21.994879953221446,50.03256858277483
,,grass,,21.994979742561046,50.0325117456139
,,grass,,21.994706725753673,50.03266713166864
,,grass,,21.994534243059654,50.032649917844815
,,grass,,21.994451240347928,50.03281240276385
,,grass,,21.993251131545012,50.03235796702022
,,grass,,21.993483439265546,50.03246012012789
,,grass,,21.994050472492606,50.03272054521054
,,grass,,22.01373173482702,49.98683148083522
,,grass,,21.951960663881614,50.04765493429361
,,grass,,21.952516198049757,50.04784903189226
,,grass,,21.9526695702205,50.04788654907168
,,grass,,21.957563369755285,50.04786619531628
,,grass,,21.95775769563232,50.0478641490074
,,grass,,21.957459530616564,50.04704918539143
,,grass,,21.95761667152665,50.04715171502931
,,grass,,21.957627434484063,50.047002443466376
,,grass,,21.957483249202063,50.046856852635216
,,grass,,21.9576516901586,50.04627865873813
,,grass,,21.957740104317438,50.04615785673156
,,grass,,21.95762628646236,50.04616122581265
,,grass,,21.957472751490602,50.04575075907296
,,grass,,21.95730958655817,50.0457743972846
,,grass,,22.01152571804282,50.02837619992941
,,grass,,22.016708403404685,50.024969496672206
,,grass,,22.016673771594466,50.02563591653881
,,grass,,22.016640019013156,50.026327334719085
,,grass,,22.013030323808227,50.02844238585958
,,grass,,21.95035465966439,50.03976035457614
,,grass,,21.95049801263806,50.03986448385063
,,,wood,22.088133680550744,50.02547761942022
,,,wood,22.08681668055405,50.02491962357237
,,grass,,22.013144594672823,50.045280508349315
,,grass,,21.9977491118057,50.03976579294472
,,grass,,21.997133729485284,50.0398059422048
,,grass,,21.996894102052888,50.03982734718416
,,grass,,21.996571253242816,50.03989373731894
,,grass,,21.99618683071432,50.040030425971594
,,grass,,21.996060929634744,50.040088006857225
,,grass,,21.99588037138518,50.040156645289784
,,grass,,21.995767269594044,50.040202215040075
,,grass,,21.995627581150295,50.04025822122656
,,grass,,21.99537739287387,50.04035604549373
,,grass,,21.995194692943414,50.04043552896166
,,grass,,21.99503689928027,50.04049201588334
,,grass,,21.994743278705034,50.04061309621965
,,grass,,21.99432786447416,50.04077567154825
,,grass,,21.99395357671862,50.040929758332155
,,grass,,21.993770598374937,50.041026291228555
,,grass,,21.993578341082788,50.041081793584624
,,grass,,21.99343371847835,50.04114765351942
,,grass,,21.993010185199076,50.041309818254554
,,grass,,21.992823825159572,50.041383746154374
,,grass,,21.992689242230252,50.04143100852265
,,grass,,21.992370487899827,50.041414034472076
,,grass,,21.992539503020396,50.041355331035945
,,grass,,21.992688094087917,50.041291845415394
,,grass,,21.9928479096447,50.04123033774669
,,grass,,21.993097117530926,50.04113020573358
,,grass,,21.993241838170782,50.041072604916884
,,grass,,21.99340173173508,50.04101231048362
,,grass,,21.993558840373936,50.04094275891289
,,grass,,21.99365213124383,50.040916404819995
,garden,,,21.993796333506996,50.04085013608013
,,grass,,21.99388968493393,50.040815142230315
,,grass,,21.994033553071535,50.040763566326305
,,grass,,21.99435161188001,50.040630199026324
,,grass,,21.994461964936416,50.0405858798392
,,grass,,21.994629957862944,50.0405191660615
,,grass,,21.994764040501195,50.040468793174966
,,grass,,21.99493526149865,50.04039744328284
,,grass,,21.99503128294259,50.04035877994185
,,grass,,21.99519332470998,50.04029670309465
,,grass,,21.995499600000002,50.04017955
,,grass,,21.995659177404345,50.04011341010645
,,grass,,21.996128064495863,50.039921655295686
,,grass,,21.99648226650464,50.03979135146151
,,grass,,21.99664759680441,50.03975355959123
,,grass,,21.997297362231752,50.03969490583093
,,grass,,21.99744645018673,50.03968570380324
,,grass,,21.9976263079963,50.03967658549534
,,grass,,21.99778004647597,50.03966748383229
,,grass,,22.03622369598526,50.049334827302324
,,grass,,22.034371696470263,50.04890008254592
,,grass,,21.950172110229232,50.041038180451466
,,grass,,21.950384727289862,50.041167015154215
,,grass,,21.950597215019013,50.04146150264808
,,grass,,21.95035066151897,50.04135189711646
,,grass,,21.950505586166784,50.04126074795004
,,grass,,21.950465991203064,50.04136235122051
,,grass,,21.950107547606883,50.040756078689164
,,grass,,21.95102907360278,50.04074655516454
,,forest,,22.043967645687136,49.98799992754374
,,grass,,21.951420003487673,50.04074706369779
,,grass,,21.951826341013792,50.04063850728261
,,grass,,21.9515631,50.04058855000001
,,grass,,21.984044041690986,50.01983576680714
,,grass,,21.983773109044428,50.02009050028321
,,grass,,21.98262066811499,50.01941909042256
,,grass,,21.98246434445504,50.01941828258297
,,grass,,21.982402363458522,50.01933417491623
,,grass,,21.989766808487563,50.0199230878231
,,grass,,21.98954503635533,50.019730220174274
,,grass,,21.989197751470044,50.01985991163948
,,grass,,21.989168721687673,50.020033281357364
,,grass,,22.00931090609649,50.01833123569819
,,grass,,22.009997442982634,50.018144615668604
,,grass,,22.01240992899248,50.017506079887525
,,grass,,22.013639348400677,50.01717541995406
,,grass,,22.013811560498276,50.01632625692956
,,grass,,22.013825400840215,50.016765708454045
,,grass,,22.013829509361464,50.01689208551098
,,grass,,22.013849702642766,50.0171633060992
,,grass,,22.013856061185002,50.017270238114286
,,grass,,22.01225595386515,50.017816382314635
,,grass,,22.013880596682295,50.0176077369659
,,grass,,22.013913404396487,50.01776021623155
,,grass,,22.014555277569627,50.017742727589074
,,meadow,,21.96279078521145,49.973879423965904
,,meadow,,22.01319048460962,49.99039920482646
,,grass,,21.994184214734165,50.02030134527088
,,grass,,21.99381898274813,50.02030202831151
,,grass,,22.005965158996826,50.01908998788235
,,grass,,22.001740910200336,50.020049556368015
,,grass,,22.003210228270454,50.0200006967275
,,grass,,22.004039614379707,50.01976149150341
,,grass,,22.00420474375144,50.01947373793403
,,grass,,22.00520907566085,50.0193134455113
,,grass,,22.005638418440284,50.01921300707126
,,grass,,22.006433135704647,50.0190154218939
,,grass,,22.00731072827109,50.01879286041364
,,grass,,22.006783713561187,50.01899133252146
,,grass,,22.008376974072466,50.01851568117743
,,meadow,,22.015009740720007,49.98895629969482
,,meadow,,22.01688937274537,49.98944329090716
,,grass,,22.03376962146442,49.963554735416054
,,grass,,22.03355124746072,49.96357286256635
,,grass,,22.03353316068644,49.963230628567594
,,grass,,22.033526359447368,49.96303303605359
,,grass,,22.033763058017573,49.96303571313091
,,grass,,22.033898851946283,49.963057101316245
,,grass,,22.03378707995762,49.96322755549122
,garden,,,22.0332721709433,49.96334221750465
,garden,,,22.033664499807514,49.963384583233484
,garden,,,22.033481244915418,49.96285449279728
,garden,,,22.033808849999996,49.96286179999999
,garden,,,22.033956128883798,49.962862525658906
,,meadow,,21.98684033376715,49.9741809989167
,,grass,,22.01622438406387,50.03930134011042
,,,wood,22.043987257310526,49.99655097092032
,,,wood,22.04255657484861,49.99770100835527
,,grass,,21.980456434871712,50.03540189142437
,,grass,,21.952028117792842,50.04151236348297
,,grass,,21.952062357511995,50.04140470722746
,,grass,,21.951967057551855,50.04147885892547
,,grass,,21.99691780695113,50.00490927884958
,,grass,,21.99675012132677,50.004830916732445
,,grass,,21.996583197179532,50.004753477571214
,,grass,,21.996409843563185,50.004988045774844
,,grass,,21.998473267647622,50.00564977686369
,,grass,,21.998337232178418,50.00557796047352
,,grass,,21.99819742476414,50.00549898619573
,,grass,,21.99796754395396,50.00554658102642
,,grass,,21.997916872401024,50.005592068963026
,,grass,,21.997786728239667,50.00567442647323
,,grass,,21.99772336415645,50.00572051413645
,,grass,,21.997660469749768,50.00581330653816
,,grass,,21.997831503150685,50.005856608332905
,,grass,,21.99811137213018,50.00576186104527
,,grass,,21.997599536660204,50.00588795598527
,,,grassland,21.967909584441305,50.03563600772953
,,,grassland,21.96707583646727,50.03494294258969
,,,grassland,21.96730414513375,50.03512365468523
,,,grassland,21.97121643303228,50.03383640338043
,,,grassland,21.97107498582374,50.033816946758186
,,,grassland,21.971182463041135,50.033921346895596
,,,grassland,21.97102185983386,50.03398076875757
,,,grassland,21.9718275106672,50.03392417071741
,,,grassland,21.972566763806427,50.0340349441357
,,,grassland,21.972287290517972,50.03403112153983
,,,grassland,21.971970678310655,50.03394879265013
,,,grassland,21.968870157962257,50.03621427065155
,,,grassland,21.968622949897252,50.03610988515136
,,,grassland,21.96867924127761,50.035964321132674
,,,grassland,21.968975423768093,50.03589844104423
,,,grassland,21.968614757479546,50.03563927960255
,,,grassland,21.969362284847666,50.036318798727095
,,grass,,21.967899916632305,50.03522507219978
,,,grassland,21.967257105947542,50.03536067209117
,,grass,,21.96865825925292,50.04154023458486
,,grass,,21.969099836443995,50.04167379947227
,,grass,,21.96924194759958,50.04163824703596
,,grass,,21.96838153235219,50.04186935323165
,,grass,,21.96882323299824,50.042005916752245
,,grass,,21.968665528692924,50.04200834929198
,,grass,,21.968727213791468,50.04217772266453
,,grass,,21.968874889933474,50.04218780427127
,,grass,,21.969027037490786,50.04220952812407
,,grass,,21.96836645882579,50.041941296181236
,,grass,,21.968156709918926,50.04198818444581
,,grass,,21.96788494090835,50.042052716625285
,,grass,,21.96981009622298,50.04158156767398
,,grass,,21.97086567357263,50.034426907769834
,,grass,,21.97090786383318,50.03429990056963
,,grass,,21.970953277960813,50.03416826890899
,,grass,,21.97099329207955,50.034491791786294
,,grass,,21.97114655230715,50.034040941043436
,,grass,,21.970958787760054,50.03463360954961
,,grass,,21.970941883883118,50.03468608744464
,,grass,,21.97076503037823,50.03481243027463
,,grass,,21.970729149836586,50.034960437215666
,,grass,,21.97069337084572,50.03509578213924
,,grass,,21.97066157903024,50.0352129338364
,,grass,,21.970815126866892,50.0351863406399
,,grass,,21.970791608537574,50.03528866197681
,,grass,,21.97073178271352,50.035512598717474
,,grass,,21.970710485315905,50.0356018907054
,,grass,,21.970936698340214,50.03503209698999
,,grass,,21.969484728893747,50.03571657546449
,,,wood,22.073872314264314,50.03480908437487
,,grass,,22.007486931811666,50.029274640011266
,,grass,,21.976024504981055,50.031396361515675
,,grass,,21.976454487646805,50.031093162322584
,,grass,,21.976173234448623,50.032604146264404
,,grass,,21.951344529239854,50.039693469814104
,,grass,,21.95130981784892,50.041404188175306
,,grass,,21.951294566037888,50.04085750575021
,,grass,,21.951491076755772,50.04099063645561
,,grass,,21.951292933711215,50.04098748796721
,,grass,,21.950995265393068,50.040994875520894
,,grass,,21.976824517226863,50.037745206904034
,,grass,,21.97692558687215,50.0384842439852
,,grass,,21.977253391043,50.04012480308932
,,grass,,21.9775116829277,50.04079270267074
,,grass,,21.977661174102348,50.04090090004491
,,grass,,21.97706723055899,50.04078158178417
,,grass,,21.97793453385697,50.04042233097845
,,grass,,21.97851053349006,50.04100305953144
,,grass,,21.97864151294256,50.04059181430301
,,grass,,21.978581977617747,50.040355069726324
,,grass,,21.978376863784977,50.04102923041988
,,grass,,22.035546597707285,49.965219172230235
,,grass,,22.02987002907681,49.96572119810379
,garden,,,22.02988249979663,49.965814135282535
,garden,,,22.029896401691815,49.96608667115492
,,grass,,22.00559033434159,50.042259086173544
,,grass,,22.005195406338103,50.041828592743485
,,grass,,22.005302813942595,50.042032302687765
,,grass,,21.987166529233278,50.04359291726472
,garden,,,21.98679064518616,50.04371947753095
,,grass,,21.985155412655825,50.044361445823114
,garden,,,21.98510031953212,50.04441867616462
,,grass,,21.998252433481575,50.03264588221724
,,grass,,21.995295200000005,50.02542415
,,grass,,21.995324450000002,50.025622750000004
,,grass,,21.995340087557654,50.02571547760328
,,grass,,21.99179128397069,50.020065868606444
,,grass,,21.977156984190692,50.025802831263
,,grass,,21.97666700805164,50.02586692222289
,,grass,,21.977035652291107,50.02547975023365
,,grass,,22.020301494115937,50.0384249905143
,garden,,,22.00321347181191,50.04065047109501
,,grass,,21.995107709394055,50.043022119053084
,,grass,,21.995085569129433,50.04317217947909
,garden,,,21.9993706226118,50.041501452008006
,,grass,,21.999231264575382,50.04169351117676
,garden,,,21.999134110351317,50.04174202869695
,,grass,,21.996494766586892,50.01936050493631
,,grass,,21.99670611994683,50.019328146428094
,,grass,,21.996247357709013,50.019413822663495
,,,wood,21.95287033579765,50.03241749039547
,,,wood,21.953980220580082,50.033494206346035
,,grass,,21.951449365281274,50.03980379991269
,,grass,,21.996269035861722,50.04214314322943
,,grass,,22.003516118802136,50.03677452098321
,,grass,,22.003501099999998,50.0367041
,,grass,,22.0034959,50.0366417
,garden,,,22.003490853108648,50.036212681816316
,garden,,,22.00365809643387,50.036331228403064
,,grass,,22.00349653217745,50.03607317584058
,,grass,,22.00365598492342,50.03574303180935
,,grass,,22.003654371859632,50.035638825222414
,,grass,,22.00364627896495,50.03558056857251
,,grass,,22.003661960092696,50.03533783589911
,,grass,,22.003681255513502,50.035224228600725
,,grass,,22.00369847826284,50.035163897428504
,,grass,,22.003726804193725,50.03507152242758
,,grass,,22.003746569448936,50.035020653379085
,,grass,,22.003809832259982,50.034897359226115
,,grass,,22.003881947490296,50.034778637619226
,,grass,,22.003919828258063,50.03472994408208
,,grass,,22.003960451071183,50.03468336220771
,,grass,,22.00400411571409,50.0346367907848
,,grass,,22.0040447931814,50.0345948846123
,garden,,,22.003695249159197,50.03466527087722
,garden,,,22.003713215172958,50.03462257303953
,,grass,,22.003807499857995,50.03464756538737
,,grass,,22.00394420014945,50.034492578583645
,garden,,,22.004085719601186,50.0343624080544
,,grass,,22.004143758665784,50.03429835164844
,,grass,,22.004207758349864,50.034226604034316
,,grass,,22.004254641513604,50.03418139650788
,,grass,,22.004345057480492,50.03409258767972
,,grass,,22.00439392747669,50.03424518800767
,,grass,,22.004436830429356,50.03420279053673
,,grass,,22.00448001175186,50.034159789099995
,,grass,,22.004524675959193,50.034113684827346
,,grass,,21.988591213462787,50.0330989501595
,,grass,,21.98792076807514,50.032827531379816
,,grass,,21.991108087702496,50.03479008447606
,,grass,,21.990329098940624,50.03454695077325
,,grass,,21.99066648147086,50.034645422290474
,,grass,,21.990802370014556,50.034496322882184
,,grass,,21.989991535016884,50.03436348566732
,,grass,,21.98978292281358,50.03440759227525
,,grass,,21.989601149047346,50.03422278878961
,,grass,,21.98924029326081,50.0342246936921
,,grass,,21.989070426421225,50.03403817191205
,,grass,,21.989858748734836,50.034014355852605
,,grass,,21.989546920945436,50.03372771461667
,,grass,,21.99110618934285,50.035102060532346
,,grass,,21.99149370685743,50.03518398622922
,,grass,,21.990478364165824,50.035558682712235
,,grass,,21.991279701616588,50.035947218713396
,,grass,,21.991189553477625,50.03584419065548
,,grass,,21.9906901774961,50.035705703788125
,,grass,,21.990896592852515,50.03570053513235
,,grass,,21.990697726309328,50.03561430004864
,,grass,,21.99064442002588,50.03556134174915
,,grass,,21.990157620474108,50.035408166434756
,,grass,,21.990330715274904,50.03546372264615
,,grass,,21.99085693353153,50.035161553432964
,,grass,,21.989557230549607,50.036659183868835
,,grass,,21.98978367576549,50.0359265986977
,,grass,,21.989388214430846,50.03606979102655
,,grass,,21.989515118446597,50.03576766831181
,,grass,,21.98977264935675,50.03573796621556
,,grass,,21.990226252076294,50.035940702012745
,,grass,,21.990550564650913,50.03723933129436
,,grass,,21.99056603786372,50.037699846835075
,,grass,,21.99011780052008,50.03683073813616
,,grass,,21.989818255625003,50.037157694479596
,,grass,,21.99030187891543,50.03726908421364
,,grass,,21.99049111197241,50.03694817075607
,,grass,,21.990929179024107,50.036440514540374
,,grass,,21.99069423531581,50.036529595959635
,,grass,,21.990546161656297,50.03661230971004
,,grass,,21.99047967083384,50.03659983852377
,,grass,,21.989888740530944,50.036866226168954
,,grass,,21.990302166509803,50.03712246429968
,,grass,,21.9942999010881,50.03289906922014
,,grass,,21.994141443372897,50.03287383105835
,,grass,,21.99481847266697,50.03311748608506
,,grass,,21.9950368710073,50.033187366224865
,,grass,,21.99521929398798,50.03324576712216
,,grass,,21.99442588482148,50.03320833071014
,,grass,,21.9938719880282,50.03305763446489
,,grass,,21.994116849168382,50.03313937551354
,,grass,,21.99489996952629,50.03336174955452
,,grass,,21.99522678349382,50.03333480907325
,,grass,,21.994376943421003,50.03306056592555
,,grass,,21.993542738104313,50.03295254757548
,,grass,,21.994063913969818,50.03292184378395
,,grass,,21.992782466098014,50.03265621545002
,,grass,,21.99281765228918,50.03272403390809
,,grass,,21.992204283793708,50.0325221040068
,,grass,,21.992349606069602,50.03239777797438
,,grass,,21.99133151691426,50.03215040026589
,,grass,,21.991226208785005,50.03211331110839
,,grass,,21.99106560618475,50.032115191708044
,,grass,,21.99150408576619,50.03210468441215
,,grass,,21.990747117048784,50.03184331449828
,,grass,,21.991015390914608,50.03638176899557
,,grass,,21.991078305282638,50.036311923230365
,,grass,,21.991115244032684,50.036265749846365
,,grass,,21.991151478225472,50.036217911027485
,,grass,,21.991188474887146,50.03617294809265
,,grass,,21.991080934925115,50.03653057353184
,,grass,,21.992377127138447,50.03498333078919
,,grass,,21.9929554956016,50.03467122307817
,,grass,,21.992949899159285,50.0345231504331
,,grass,,21.993344661548484,50.03407735847854
,,grass,,21.993247857370445,50.033875081892106
,,grass,,21.993584830485766,50.03395664056158
,,grass,,21.99361733188329,50.03363038158035
,,grass,,21.995422520986555,50.03441693644712
,,grass,,21.995537284542845,50.034359419112704
,,grass,,21.994951961330365,50.03464383454947
,,grass,,21.994762796563087,50.034735569683754
,,grass,,21.995348930300658,50.034030075196426
,,grass,,21.994672274045502,50.03401463656353
,,grass,,21.99508784071143,50.03424286147161
,,grass,,21.99542008758741,50.03423646872969
,,grass,,21.99429689893728,50.034807967241704
,,grass,,21.99442264686155,50.03474825226986
,,grass,,21.994595977144247,50.034664948449006
,,grass,,21.994809812868922,50.03456228591474
,,grass,,21.99498930323275,50.03447511541218
,,grass,,21.99476879203685,50.034989694564274
,,grass,,21.994961206017276,50.036404622960134
,,grass,,21.9962440009905,50.03683930548828
,,grass,,21.99639576026764,50.036972105790085
,,grass,,21.996184890129083,50.03699828929385
,,grass,,21.994995577434857,50.03747682121761
,,grass,,21.994653307412136,50.03741908402847
,,grass,,21.995900920479425,50.03708966162564
,,grass,,21.995726063855606,50.037089721704355
,,grass,,21.995595503533558,50.0371521589177
,,grass,,21.99526790587815,50.03724061129214
,,grass,,21.994230051250312,50.03670365926698
,pitch,grass,,21.99489203781603,50.036217944996686
,,grass,,21.99459007394928,50.03631334199656
,,grass,,21.995635710899634,50.036207510604484
,,grass,,21.996031715302227,50.03650349656703
,,grass,,21.99434166342639,50.037690292635666
,,grass,,21.993766922702424,50.03793689824866
,,grass,,21.994088394480993,50.03741970228526
,,meadow,,21.982738363946343,50.03083811542788
,park,,,21.98456857269785,50.041812554435275
,,grass,,21.98871684429196,50.04079369145836
,garden,,,21.997748050327022,50.03996410614641
,,grass,,21.96131536020609,50.0449664853952
,,grass,,21.964494291388736,50.04928279191174
,,meadow,,21.979555664868002,50.0419058756247
,,grass,,21.97563639592928,50.04073131748912
,,grass,,21.994809166130803,49.96642676087188
,,grass,,21.999505563600405,50.046954904591125
,,grass,,21.999860071973302,50.045732363810636
,,grass,,22.000181138405615,50.04500100168547
Bulwar Adama Kowalskiego,,meadow,,21.991541461700166,50.00971419214868
,,forest,,22.100110808268493,50.021764709360966
,,forest,,22.102621087476948,50.01094953285271
Skwer Księdza Infułata Stanisława Maca,park,,,22.002980307935392,50.00963597932087
,,forest,,22.063694726674704,50.04869079918135
,,grass,,22.009992780865847,50.038895318387034
,,grass,,22.010029180864375,50.03926234486952
,,grass,,22.064386267094115,50.03695136855808
,,grass,,21.98623150627153,49.99740422219396
,,grass,,21.988913133679937,49.995400271817715
,,grass,,21.98880716901163,49.99534953016673
,,grass,,21.988882731497082,49.995371207432285
,,grass,,21.98889228778987,49.995710711680275
,,grass,,21.98897115292523,49.99560622657935
,,grass,,21.98919467747521,49.99563661115765
,,grass,,21.98896399480203,49.995487001361106
,,grass,,21.9888711805839,49.99548042879369
,,grass,,21.989073012069273,49.99558012492895
,,grass,,21.98337954207825,49.99273885405733
,,grass,,21.996499799382836,50.00499363633177
,,,wood,21.989019050000042,49.96932929999999
,,,wood,21.98854919128558,49.96913547180968
,,,wood,21.989021796675353,49.96907065883271
,,,wood,21.988597150802875,49.969073123926435
,,,wood,21.988769554652688,49.969073960637836
,,,wood,21.988399628679606,49.96905819565165
,,,wood,21.989186970893606,49.9690315270093
,,,wood,21.9892938888031,49.968970277096766
,,grass,,22.019023810400075,50.03421759330003
,,grass,,22.019183194274234,50.03412031980638
,,grass,,22.019032522461405,50.03401671200328
,,grass,,22.019332744998533,50.034224733098775
,,grass,,22.019343140174605,50.034023318938814
,,grass,,22.018337085667014,50.03405250941771
,,grass,,22.01833187409131,50.03416296040123
,,grass,,22.01748187666375,50.03414955537972
,,grass,,22.017487108098518,50.034039834567906
,,grass,,22.017605646853177,50.03458486935224
,,grass,,22.0181205420073,50.03435993976437
,,grass,,22.01849547489888,50.03436787921314
,,grass,,22.01747635843719,50.035120015605045
,,forest,,22.076476053413387,49.98007204820316
,,grass,,21.99650424000097,50.01441629218223
,,grass,,21.99651736515051,50.01471422228915
,,grass,,21.99633233563293,50.01465249164946
,,grass,,21.99626173333333,50.014631933333334
,,grass,,21.975439292883845,49.96416031557867
,,grass,,21.99933192760615,50.037998583784294
,,grass,,22.00932779345248,50.03103938495553
,,grass,,22.009526624515683,50.03100290966626
,,grass,,22.009065170640184,50.03119168179894
,,grass,,22.00233486395526,50.03419525123418
,,grass,,22.00267247856529,50.034241275967524
,,grass,,22.0028934951751,50.034270681308726
,,grass,,22.00204906230908,50.03415530839125
,,grass,,21.99967602790937,50.041702880165424
,,grass,,21.99973483712315,50.04141125664085
,,grass,,21.999745999640925,50.04129431143481
,,grass,,22.00726095595264,50.037582976317914
,,grass,,22.006837462605308,50.037563729680365
,,grass,,22.007675991974608,50.0376122577426
,,grass,,22.00787446907131,50.037595385170114
,,grass,,22.007868005429632,50.03754912492211
,,grass,,22.007676613186028,50.03754807603995
Park Niezapominajki,park,,,21.973561569806975,50.040595217035985
,,grass,,21.98618819227174,50.01875742939009
,,grass,,21.986231254002014,50.01884279981955
,,grass,,21.986167463759728,50.01893788488122
,,grass,,21.986018142566635,50.018971499371766
,,grass,,21.986122092962674,50.01879372318576
,,grass,,21.986141005749335,50.01884029489615
,,grass,,21.986104068761716,50.01889470600189
,,grass,,21.986023522267455,50.0189142184606
,,grass,,21.98586178341633,50.01892087281537
,,grass,,21.985918532038472,50.01889075524127
,,grass,,21.985819493722616,50.018835377706495
,,grass,,21.985892324840812,50.018837691269404
,,grass,,21.985934205669444,50.01877647401185
,,grass,,21.986026236347378,50.01875393589873
,,grass,,21.98588431046255,50.01874286582645
,,grass,,21.986031445628456,50.01870794493512
,,grass,,21.985603138875693,50.01878962588349
,,grass,,21.986991763316894,50.01874306768205
,,grass,,21.986970875908334,50.01885221350078
,,grass,,21.987072576434926,50.01878968361896
,,grass,,21.987225909999,50.018758743906226
,,grass,,21.987299102311884,50.018679854558485
,,grass,,21.987386276051694,50.01880666785318
,,grass,,21.987440351935703,50.019019281528585
,,grass,,21.98715616917895,50.019061901134585
,,grass,,21.987805621138282,50.01862095866025
,,grass,,21.98684586134501,50.018923043435066
,,grass,,21.98678159142278,50.0188094921655
,,grass,,21.98791039955228,50.01905722564267
Skwer im. ks. Józefa Hermana Osińskiego,park,,,22.01421341146131,50.03853369578463
,park,,,21.951971931842657,50.04259449940725
,,grass,,21.97763685497148,50.04564485900483
,,grass,,21.977653287536512,50.04549576951281
,,grass,,21.97753146716723,50.046756803646296
,,grass,,21.977293218159883,50.04685300464309
,,grass,,21.976334171221634,50.04701647029937
,,grass,,21.97641648546355,50.04711266320819
,,grass,,21.976563572716874,50.04723488481655
,,grass,,21.97751814469,50.04685852934806
,,grass,,21.97675497181804,50.04724010981252
,,grass,,21.97698901310822,50.047172484925966
,,grass,,21.97692706367261,50.047101468472654
,,grass,,21.979845055134593,50.04524147498968
,,grass,,21.980163770726996,50.045189257774354
,,grass,,21.9799606145469,50.04510691181761
,,grass,,21.987457884719216,49.96937799269106
,,grass,,22.016894795418988,50.0281322118539
,,grass,,22.01691659107891,50.02786233348663
,,grass,,22.0169132706928,50.02723174123124
,,grass,,22.016983565214222,50.02591996218305
,,grass,,22.017037790849425,50.02435038189858
,,grass,,22.017216624087315,50.02339580076226
,,grass,,22.017403628637894,50.023400351383884
,,grass,,22.017045798358964,50.023310185046704
,,grass,,22.017067362354986,50.022444219269666
,,grass,,22.016898647502003,50.021619419213195
,,grass,,22.016742172164548,50.02162018964149
,,grass,,22.017084416879726,50.021509990180945
,,grass,,22.017166477251422,50.01953644971293
,,grass,,22.016844440143974,50.024758290267094
,,grass,,22.017456057938443,50.028124267063504
,,grass,,22.017350448805278,50.02792538292517
,,grass,,22.01648003600984,50.02794736806014
,,grass,,22.016380618146098,50.02813216254373
,,grass,,22.015478492441414,50.02824503370941
,,grass,,22.01636016492592,50.028825112397385
,,grass,,22.016071437380823,50.02877412001549
,,grass,,22.01662183345518,50.027302504917316
,,grass,,22.01666191525401,50.02713362885577
,,grass,,22.016713676273675,50.02688782418844
,,grass,,22.016764740016143,50.02662669077603
,,grass,,22.016780023586538,50.026241367747
,,grass,,22.01680800886547,50.02553528511848
,,grass,,22.01687559869713,50.02361293566693
,,grass,,22.01687607727772,50.023026490429125
,,grass,,22.016882316148088,50.02205396090002
,,grass,,22.016918326104957,50.021370889432575
,,grass,,22.016928650245976,50.020884787158664
,,grass,,22.016815678335995,50.019010268618075
,,grass,,22.016951524869576,50.020063642307015
,,grass,,22.016941616509325,50.020408022521565
,,grass,,22.017165093273174,50.026852679502504
,,grass,,22.01717835802863,50.024828912451184
,,grass,,22.01720838998572,50.02360937385681
,,grass,,22.016917161539855,50.02883287276235
,,grass,,22.01763022498063,50.01900205872704
,,grass,,22.017471855306955,50.019215441221
,,grass,,22.01759540322607,50.01862953754361
,,grass,,22.017511349286476,50.01899924110353
,,grass,,22.01730809251822,50.01998953538518
,,grass,,22.017293188692122,50.02063282247757
,,grass,,22.017271286936438,50.02129858916988
,,grass,,22.01725156086973,50.02187913007433
,,grass,,22.01715430472542,50.03870622578473
,,grass,,22.005807302248268,50.02993104210123
,,grass,,21.99520572196189,50.01845572456405
,,grass,,21.995380325433185,50.018377480528265
,,grass,,21.9952490284334,50.017739564991054
,,grass,,22.002118348794326,50.033845510821855
,,grass,,22.002070910650733,50.033986623395236
,,grass,,22.00208175135416,50.033949706058884
,,grass,,22.002055953779152,50.03402359532802
,,grass,,22.002042950617483,50.034059847381734
,,grass,,22.002105623830545,50.03388211975257
,,grass,,22.00213103586419,50.03380940734828
,,grass,,22.00214290315808,50.03377332334753
,,grass,,22.002197015287194,50.033780931620406
,,grass,,22.002097155474363,50.03406809305206
,,grass,,22.00198994149936,50.034052370910096
,,grass,,22.00199381596385,50.0340110028942
,,grass,,22.00209010091795,50.033765690371226
,,grass,,22.002016917850696,50.033944609315704
,,grass,,22.00214493600497,50.033962371122136
,,grass,,22.002121929935555,50.03402990887708
,,grass,,22.002045215067373,50.033869562720476
,,grass,,22.002170673969857,50.03388890939702
,,grass,,22.00219473900667,50.03382234181562
,,grass,,22.002067157144648,50.033803891012575
,,grass,,22.002214049999996,50.03385985
,,grass,,22.00202595,50.033832249999996
,,grass,,22.001974749999995,50.03397305
,,grass,,22.002164008562346,50.034000078460096
,,grass,,22.001913003792417,50.03399362994012
,,grass,,22.00198567384596,50.0337961417942
,,grass,,22.0019226632821,50.033965628447966
,,grass,,22.001974337303263,50.03382452086744
,,grass,,22.001923507530236,50.03389113292093
,,grass,,22.001835032595245,50.03393425710835
,,grass,,21.99484621033768,50.01940839398681
,,grass,,21.994837732018695,50.0191970956576
,,grass,,22.009916614820877,50.0310590524619
,,grass,,22.009944136739232,50.03117120438621
,,grass,,22.010184691654164,50.03125744471353
,,grass,,22.01025395822225,50.03131942211094
,,grass,,22.01010873333333,50.03134283333333
,,grass,,22.010528851739345,50.03122383487691
,,grass,,22.010401303331008,50.03117590635093
,,grass,,22.010512900000002,50.03109823333333
,,grass,,22.01130632551773,50.03123811944162
,,grass,,22.010248220461676,50.03067108152326
,,grass,,21.962194879505258,50.044984393994035
,,grass,,21.992856685772086,50.03863467808183
,,grass,,21.993918169737363,50.03910164447562
,,grass,,21.99278012395492,50.038957824124154
,,grass,,22.03352689115011,50.04969807601104
,,grass,,22.01001624194004,50.02364774006944
,,grass,,22.009892016321096,50.023433786601224
,,grass,,22.010165,50.02339093333334
,,grass,,22.010074866666667,50.02332089999999
,,grass,,22.00945453908739,50.02257180652413
,,grass,,22.009164410410353,50.02216746124496
,,grass,,22.00901082773537,50.021910080563025
,,grass,,22.008628619684394,50.022348443648525
,,grass,,22.008362270649872,50.02185944973191
,,grass,,22.008714378598476,50.02195036225149
,,grass,,22.009560731393286,50.02192206866313
,,grass,,22.008043837833238,50.02158285783304
,,grass,,21.970583864495374,50.03653853617603
,garden,,,21.99585127577239,50.03855499471822
,garden,,,21.99582654853429,50.038505293762505
,garden,,,21.995575922712458,50.03855883193499
,garden,,,21.995598855569188,50.03860900535572
,,forest,,21.99994123107206,50.02536342256087
,,forest,,21.999390224798685,50.02503914868811
,,grass,,22.009928841705882,50.045966706893125
,,grass,,22.009969599999998,50.0457735
,,grass,,22.010286421264357,50.04611078861451
,,grass,,22.010401209657164,50.04595469977332
,,grass,,22.00990664096113,50.04618449874083
,,grass,,22.00943785669381,50.0458945545218
,,grass,,22.00930043333333,50.04556306666666
,,grass,,22.009068458455737,50.045516280695196
,,grass,,22.00883322794872,50.045599030042126
,,grass,,22.008930558381138,50.04591643119201
,,grass,,22.008545599125394,50.04543618473626
,,grass,,22.00829753333333,50.045588099999996
,,grass,,22.01019360104952,50.04622813281616
,,grass,,22.008855411201264,50.04627052348824
,,grass,,22.008559352602504,50.04627917374958
,,grass,,22.00829682588683,50.0462858512704
,,grass,,22.008028749999998,50.0462905
,,grass,,22.007689045710485,50.04629842701602
,,grass,,22.00760830758579,50.046206572952116
,,grass,,22.007836374637822,50.04620184822925
,,grass,,22.0080134,50.046198000000004
,,grass,,22.00824845,50.04619215
,,grass,,22.00846555800386,50.046182389756034
,,grass,,22.009233099999996,50.046162366666664
,,grass,,22.04048046639309,50.03583930485947
,,grass,,22.03965429904531,50.035495894126065
,,grass,,22.039101691197025,50.03538970250866
,,grass,,22.040644371739294,50.03519342592763
,,grass,,22.040110313851752,50.03552930054549
,,,wood,22.033810079984203,50.038974529449376
,,grass,,21.995266767362654,50.02396683924972
,,grass,,22.0075753356933,50.0452463406076
,,grass,,22.007976544043203,50.04531586785027
,,grass,,22.00745907568617,50.04563945972979
,,grass,,22.00745066199933,50.04553597438313
,,grass,,22.0074612058925,50.045777877996215
,,grass,,22.007477956170877,50.04601999502906
,,grass,,22.007620675355618,50.04538818085021
,,grass,,22.00621721711464,50.045761418870796
,,grass,,22.006124526121155,50.04588817187901
,,grass,,22.006265025033546,50.045582581828945
,,grass,,22.006387737125173,50.0458537426771
,,grass,,22.0060923097574,50.04602226821468
,,grass,,22.006200477598544,50.04607468713845
,,grass,,22.00722948906184,50.0456086255843
,,grass,,22.007237949999997,50.04571010000001
,,grass,,22.007251343319236,50.04595377537273
,,grass,,22.00724580565222,50.04583432424222
,,grass,,22.00687121899409,50.04586749087094
,,grass,,22.006090353155283,50.046161539241226
,,grass,,22.00638490707382,50.04616149888019
,,grass,,22.005561634834166,50.04601459578839
,,grass,,22.00578479090902,50.04586011008658
,,grass,,22.0056712792441,50.0456310272242
,,grass,,22.005882107241725,50.04546693976597
,,grass,,22.005677520420733,50.045391279396014
,,grass,,22.0051290143025,50.045698482845616
,,grass,,22.00477460267139,50.04636499283306
,,grass,,22.00717498432055,50.030595701703284
,,grass,,22.00744071392238,50.030560713288
,,grass,,22.007235729221488,50.03043490486365
,,grass,,22.007555949999997,50.03082975
,,grass,,22.007673005383523,50.03086236651379
,,grass,,22.007339967015092,50.03048043901179
,,grass,,22.006938562049378,50.03054167308012
,,grass,,22.0078315811683,50.03076301575253
,,grass,,22.00772250568688,50.03058119942647
,,grass,,22.007295449818645,50.03035984317297
,,grass,,22.007831144945175,50.03103665521579
,,grass,,22.00786222480748,50.0309278097862
,,grass,,22.00771867981668,50.03104442370535
,,grass,,21.96437964501527,50.00893074853216
,,grass,,21.96718800297759,50.0094859119073
,,grass,,22.028512418241842,50.024224479911474
,,grass,,22.029323130718602,50.02380681903356
,,grass,,22.029596819889544,50.023665317279004
,,grass,,22.00694284031189,50.03061622295477
,,grass,,22.007017507125152,50.03047583767669
,,grass,,22.006858006730152,50.03054388711763
,,grass,,22.007679611089173,50.030744214051225
,,grass,,22.007881952836392,50.03043667613117
,,grass,,22.00788315550303,50.030354184570754
,,grass,,22.006525681694765,50.03031509798976
,,grass,,22.006341135981252,50.030393031137066
,,grass,,22.00670955902863,50.030239698021035
,,grass,,22.0068937676347,50.03016347056326
,,grass,,22.007083727088904,50.03008374225278
,,grass,,22.007276774089835,50.0300713586439
,,grass,,22.034082869991778,50.03091208293823
,,grass,,22.03312982931518,50.03299247306022
,,grass,,22.032248302027092,50.032303919229136
,,grass,,22.03431695824021,50.03216450215577
,,grass,,22.03470314674651,50.0323294684033
,,grass,,22.032892621072698,50.03235652831421
,,grass,,22.032604467042013,50.04237761484051
,,grass,,22.032660115819862,50.04236466317279
,,grass,,22.034948281130465,50.04954108558133
,,grass,,22.03259043593071,50.042677192180555
,,grass,,22.03251451656626,50.04330061836423
,,grass,,22.032164279720945,50.042935267199645
,,grass,,22.032582554294272,50.04504075370261
,,grass,,22.032727806586443,50.046117558269515
,,grass,,22.032374000196757,50.04288933029169
,,grass,,22.03589378462152,50.05112253238295
,,grass,,22.03539723029809,50.05097002378372
,,grass,,21.951329153905498,50.048980348892485
,,grass,,21.951134278811683,50.049349628115486
,,grass,,21.951173738424355,50.04928888669124
,,grass,,21.951070771402144,50.04930508064844
,,grass,,21.95175370079775,50.04819011480264
,,grass,,21.951676998160856,50.04805298217584
,,grass,,21.951852173817503,50.048156606724085
,,grass,,21.951733398498067,50.047933249599254
,,grass,,21.950758478277717,50.049225616808755
,,grass,,21.950815750314717,50.04911017385168
,,grass,,21.950966783266683,50.04909339639633
,,grass,,21.951027127295273,50.04920295670827
,,grass,,21.951127644607656,50.04919131029813
,,grass,,21.951617291797696,50.04910997205296
,,grass,,21.951414215072774,50.04914444642485
,,grass,,21.952229625321305,50.04899239586251
,,grass,,21.951705943152415,50.04755638195829
,,grass,,21.951566196763252,50.04760782696237
,,grass,,21.951389511543532,50.047700572588624
,,grass,,21.951604658999553,50.04765724567893
,,grass,,21.951759332204112,50.04762933852864
,,grass,,21.951840147748666,50.04775962865483
,,grass,,21.951440467867993,50.04778786293483
,,grass,,21.951667015270584,50.04777590662652
,,grass,,21.95163808692925,50.047825978646216
,,grass,,22.030859066477827,50.037497148657216
,,grass,,22.032150487047055,50.03714610248491
,,grass,,22.033876946681403,50.03748586754944
,,grass,,22.03571949620008,50.037747688682884
,,grass,,22.0340995940043,50.03773563278925
,,grass,,22.031405623078005,50.037372029094115
,,grass,,22.031682851221642,50.037352852924556
,,grass,,22.03196845359706,50.037471333298924
,,grass,,22.033190487921555,50.03717660856118
,,grass,,22.033309968351283,50.037542798965106
,,grass,,22.03311962979469,50.03780204172294
,,grass,,22.032558405348286,50.03787726073198
,,grass,,22.032074842834263,50.0377448175675
,,grass,,22.032741604193934,50.03824446773556
,,grass,,22.032639530220358,50.03866532445606
,,grass,,22.032412714694427,50.03870767102702
,,grass,,22.032165683685438,50.03874597267226
,,grass,,22.032586782614224,50.03938471580361
,,grass,,22.032025448939972,50.03851053514686
,,grass,,22.032100140751115,50.039756796207485
,,grass,,22.032151764128248,50.0403235495203
,,grass,,22.032560736165344,50.04095664166727
,,grass,,22.032343344926527,50.040645392705805
,,grass,,22.032677384988375,50.04220526403786
,,grass,,22.032620537772427,50.04219165212598
,,grass,,22.032151704396647,50.04219485728152
,,grass,,22.00272200385888,50.03273041974823
,,grass,,22.002399233145763,50.032540916031635
,,grass,,22.00217332996607,50.03256542004723
,,grass,,22.002368618721004,50.032395203703274
,,grass,,22.00260562858973,50.032310904748655
,,grass,,22.00215708888152,50.03216027102871
,,grass,,22.002449433333336,50.03217443333333
,,grass,,22.002088112061283,50.033227664769335
,,grass,,22.002180125713053,50.03358837093122
,,grass,,22.002783595603336,50.033164929304625
,,grass,,22.00257909702393,50.033578889028526
,garden,,,22.002619850067145,50.03355921705398
,garden,,,22.00252575276951,50.03282546275731
,garden,,,22.00251333554419,50.032575969659334
,garden,,,22.002254895375167,50.032768226694266
,garden,,,22.00232056666667,50.03266183333333
,garden,,,22.002551038978734,50.03354353782819
,garden,,,22.002387769264125,50.032839615978446
,garden,,,22.00237695,50.0330035
,garden,,,22.002384399999997,50.03310395000001
,,grass,,22.00521642943422,50.03285901514799
,,grass,,22.004911041842764,50.03078851636796
,,meadow,,22.00568609856869,50.03105997664213
,,grass,,21.95211890987736,50.039538890563186
,,grass,,21.95240729020671,50.039838156688575
,,grass,,21.952167757352868,50.03962521514174
,,grass,,21.95221933285981,50.03966919391962
,,grass,,21.952273053244017,50.03971510662462
,,grass,,21.952343981245775,50.03977599970446
,,grass,,21.952459654029585,50.03991081360197
,,grass,,22.004989016394166,50.04671848302903
,garden,,,22.000880496115307,50.03997082195182
,garden,,,22.000748498974083,50.03967555153099
,garden,,,22.000465581380087,50.03961622108618
,,grass,,22.000467673566934,50.0395672335876
,garden,,,22.000919709416614,50.04050335605696
,,grass,,21.9998801732657,50.03929547005303
,,grass,,22.038073070911125,50.0364871802495
,,grass,,22.034004159961704,50.03659015607058
,,grass,,22.034304800472864,50.036691291461665
,,grass,,21.952815391336696,50.04848693337567
,,grass,,21.95239499243832,50.048389310424994
,,grass,,21.952602533333334,50.04845506666667
,,grass,,21.952420320744125,50.04881448753378
,,grass,,21.952804501039445,50.0488324875543
,,grass,,21.95271436462708,50.04890653494928
,,grass,,21.95252963873543,50.04892366223374
,,grass,,21.951996390396893,50.04840064647467
,,grass,,21.950733994320547,50.0486287027799
,,grass,,21.95059042255342,50.04866451134948
,,grass,,21.950469032171767,50.04855904693178
,,grass,,21.95025783163928,50.04860713636065
,,grass,,21.950214873899945,50.047941462343644
,,grass,,21.95027647166802,50.048032855469884
,,grass,,21.950522294648234,50.04853008013708
,,grass,,21.95051546598424,50.04865043406546
,,grass,,21.950669818204183,50.0484988473335
,,grass,,21.95042716607504,50.048019818040416
,,grass,,21.950646963585974,50.04894120611911
,,grass,,21.950550633162226,50.0487469296355
,,grass,,22.03182621835083,50.02703635146733
,,grass,,22.03203767005955,50.027388572351796
,,grass,,22.03282574172931,50.027765552172376
,,grass,,22.03313619803894,50.02823281842983
,,grass,,22.033292883960552,50.02848833814234
,,grass,,22.03255212271973,50.02813623629163
,,grass,,22.032959817938735,50.028748488291086
,,grass,,22.033594426636764,50.02877070190078
,,grass,,22.033863069298526,50.02963142853879
,,grass,,22.033502504667535,50.030104130916406
,,grass,,22.033984444185904,50.03174931391795
,,grass,,21.983689788196973,50.04560833227552
,,grass,,21.983019344411968,50.04602617273891
,,grass,,21.95127349406392,50.047316171346964
,,grass,,21.950266077252987,50.04651657884549
,,grass,,21.949992580836252,50.04666909140931
,,grass,,21.950380729198642,50.04654749456266
,,grass,,21.950044498819963,50.047952097767165
,,grass,,21.950034998759094,50.04786052196079
,,grass,,21.950294870246623,50.047743218054656
,,grass,,21.950147052196325,50.04776140489972
,,grass,,21.950968836979012,50.0477592416959
,,grass,,21.951151023893214,50.04782934612146
,,grass,,21.950935573846216,50.04785885988638
,,grass,,21.95059311191968,50.04790340768141
,,grass,,21.950566179568693,50.04781299979284
,,grass,,21.950350281637373,50.047834565377954
,,grass,,21.951945215900597,50.04774843736279
,,grass,,21.9518806238244,50.04783913623155
,,grass,,21.964350966666665,50.0435962
,,grass,,22.036933215074495,50.035986519749194
,,grass,,22.036542912328756,50.03596667712771
,,grass,,22.035299676880467,50.03664949670464
,,grass,,22.035381054684265,50.03654424483807
,,grass,,22.034974562153838,50.03681093116218
,,grass,,22.034644075010736,50.03671647729001
,,grass,,22.03493493628384,50.03673490673131
,,grass,,22.035280823834515,50.036755977217325
,,grass,,22.03410259725559,50.034882112188285
,,grass,,21.9827449,50.04623305
,,grass,,21.982080093428223,50.047615574381574
,,grass,,21.99973576180603,50.045415020526114
,,grass,,22.000409853883273,50.04513811762615
,,grass,,22.00058136202232,50.04505939578254
,,grass,,22.000424334076204,50.04506011927962
,,grass,,22.000044066666668,50.04474503333334
,,grass,,21.999999998198632,50.04477888877452
,,grass,,21.99973485339958,50.044938215812984
,,grass,,21.999869060873756,50.0449922911428
,,grass,,21.999780110091045,50.04525055486309
,,grass,,21.9999093875871,50.04518911782008
,,grass,,22.000218687305576,50.04526516095526
,,grass,,22.03001533287906,50.02356954768701
,,grass,,22.030319094372697,50.02400281678808
,,grass,,22.030823131985603,50.02476758421683
,,grass,,22.03002778627754,50.02428793026197
,,grass,,22.030478624285216,50.024955629318846
,,grass,,22.03130146382764,50.02549018326529
,,grass,,22.031817110933307,50.0262626750493
,,grass,,22.031306655885345,50.026219796144304
,,grass,,22.03305205636958,50.0277937934021
,,grass,,22.017483562635316,50.01633029361494
,,grass,,22.017017092772146,50.016237878872424
,,grass,,22.01682209352718,50.01710082382623
,,grass,,22.016103135981727,50.01761204680189
,,grass,,22.016675671256287,50.01753707023766
,,grass,,22.017220662248164,50.01698083402109
,,grass,,22.017600456576005,50.01709976265172
,,grass,,22.017176435791,50.01756161414264
,,grass,,22.016647199509396,50.017917870832356
,,grass,,22.01565773981682,50.01818199259015
,,grass,,22.016291165837472,50.018228838401996
,,grass,,22.017792214817614,50.017928826568046
,,grass,,22.01772522527357,50.01792946545969
,,grass,,22.017504342979663,50.01949862603002
,,grass,,22.01759052597513,50.019171747540625
,,grass,,22.01766727887339,50.01884487376045
,,grass,,22.0177897211472,50.018489302045
,,grass,,22.017165563743255,50.01861665342287
,,grass,,22.01717134944804,50.01828305084508
,,grass,,22.018103855356053,50.01764116506387
,,grass,,22.02014850817602,50.017816205628876
,,grass,,22.020324599910893,50.01825174472083
,,grass,,22.019164182012013,50.01816997546157
,,grass,,22.021626910817066,50.01812506893772
,,grass,,22.021646118185426,50.01818994672637
,,grass,,22.02222499779696,50.018146310704516
,,grass,,22.02389188763429,50.01824202597586
,,grass,,22.025226513140147,50.018137057758246
,,grass,,22.023606171871545,50.017807131299264
,,grass,,22.02366395151988,50.01793647220851
,,grass,,22.025243345969113,50.018253389292774
,,grass,,22.02545188112635,50.01863734255082
,,grass,,22.02596454723382,50.018551416813466
,,grass,,22.026911158314643,50.019162461740116
,,grass,,22.027343198592447,50.01945534882873
,,grass,,22.02733612800355,50.01957049454969
,,grass,,22.027574674682423,50.01976385075654
,,grass,,22.02752999121698,50.01980986484522
,,grass,,22.02810566989817,50.02067602569885
,,grass,,22.027199285541133,50.02013910445037
,,grass,,22.028673374047997,50.02153540136862
,,grass,,22.028859415167055,50.02181747378939
,,grass,,22.028686561082647,50.02222409335793
,,grass,,22.029606878650966,50.02274335381963
,,grass,,22.029421623754438,50.02267154583585
,,grass,,22.02927903742138,50.02315461151659
,,grass,,22.029874480144116,50.02333387533827
,,grass,,22.028269968031232,50.02422427049757
,,grass,,22.028429532751534,50.024133766584505
,,grass,,22.02842575400416,50.02440235983924
,,grass,,22.02815359687457,50.02454111127541
,,grass,,22.027942652293454,50.024650371325514
,,grass,,22.027693991259753,50.024778429081564
,,grass,,22.027469186577793,50.024894434127276
,,grass,,22.027401877790016,50.024664186018775
,,grass,,22.02759540584604,50.02469678388756
,,grass,,22.027733297536123,50.024492855828186
,,grass,,22.028974905302174,50.02385283453732
,,grass,,22.029350969905366,50.02394320175308
,,grass,,22.029471276228616,50.02351223912302
,,grass,,21.95271010286573,50.0437925325002
,,grass,,21.951896883327635,50.04345498306812
,,grass,,21.95205989077004,50.04337635450415
,,grass,,21.952561375306836,50.04317858986037
,,grass,,21.952624839576405,50.04344411366566
,,grass,,21.95351065509794,50.04274692476022
,,grass,,21.95383484501782,50.04265971034675
,park,,,21.95446601170323,50.0432506541027
,,grass,,21.95409209924701,50.04383329026722
,,grass,,21.9534576215967,50.04392257500196
,,grass,,21.951874815336904,50.04390918275098
,,grass,,21.951165106198722,50.04396216764407
,,grass,,21.950216394620472,50.04401575758435
,,grass,,21.950402578609086,50.04400400865647
,,grass,,21.954626723916398,50.044226327000274
,,grass,,21.954724573764242,50.04408193523405
,,grass,,21.952157119480695,50.04301677582202
,,grass,,21.952496165286373,50.04301633320043
,,grass,,21.951737854608517,50.04313752028293
,,grass,,21.95212201345994,50.04323907398609
,,grass,,21.95065395520965,50.043622390112446
,,grass,,21.950985721602468,50.043556512136554
,,grass,,21.951201416263498,50.043586324659614
,,grass,,21.952813553556428,50.04446811704135
,,grass,,21.952860056361256,50.04441742746117
,,grass,,21.95280274866795,50.04442888646974
,,grass,,21.952666170734584,50.0444857172237
,,grass,,21.952643214733257,50.0444447034604
,,grass,,21.954470238667565,50.04422932488009
,,grass,,21.953605799077287,50.04419122863866
,,grass,,21.952782365146977,50.04401562941513
,,grass,,21.95387047028969,50.04408642673639
,,grass,,21.955037631868304,50.04389777965031
,,grass,,21.9547128528643,50.043972138664664
,,grass,,21.95453746403354,50.0440022684141
,,grass,,21.95261574059011,50.044222177765896
,,grass,,21.951954195801985,50.044384043836025
,,grass,,21.951932134071775,50.04428151813127
,,grass,,21.951265347467533,50.044140769460995
,,grass,,21.950713188747468,50.044497333440816
,,grass,,21.950660000081438,50.04439014886257
,,grass,,21.949987801049133,50.044449800341134
,,grass,,21.95001060799855,50.044540194333216
,,grass,,21.950490940327562,50.043549018831776
,,grass,,21.95030758626319,50.043568073164465
,,grass,,21.95001215795202,50.04392946782683
,,grass,,21.949949033423167,50.04552847826997
,,grass,,21.95017419891784,50.04488943747334
,,grass,,22.001164686816587,50.02191484880637
,,grass,,22.001216879140802,50.021592373499224
,,grass,,22.001520765925253,50.02130955702249
,,grass,,22.002127642236868,50.02217324819797
,,grass,,22.00262502006093,50.02400540565692
,,grass,,22.00144175934051,50.02088466341843
,,grass,,21.952205719572966,50.04910798349799
,,grass,,22.00276106462065,50.01640689474557
,,grass,,22.003103785760562,50.016378144370506
,,grass,,22.00341547886854,50.01649409178832
,,grass,,22.003520289974166,50.016573647818596
,,grass,,22.00349017880369,50.016529163929334
,,grass,,22.003796894869996,50.01650546275838
,,grass,,22.00368501228935,50.01647605211557
,,grass,,22.003922286270132,50.01641109848575
,,grass,,22.003893485146744,50.01647863895847
,,grass,,22.004303773090854,50.016364319856066
,,grass,,22.0030894589874,50.01615353039399
,,grass,,22.00327845516236,50.01612880122305
,,grass,,22.003190549734995,50.01660334274313
,,grass,,21.950072180331084,50.04727832466455
,,grass,,21.94996900268417,50.04757508629468
,,grass,,21.950007244547837,50.04716320348277
,,grass,,21.951314296554536,50.04696337954365
,,grass,,21.951002680298867,50.046755089877344
,,grass,,21.95148357435587,50.04747593801599
,,grass,,21.951457264717472,50.04717761063159
,,grass,,21.951516625045866,50.04726369655807
,,grass,,21.95043520622123,50.045781720204616
,,grass,,21.95029163625296,50.04579684989139
,,grass,,21.950502400085742,50.04608874363237
,,grass,,21.950424966666667,50.04609163333333
,,grass,,21.950624439819837,50.046248579197574
,,grass,,21.950701722115774,50.04635476985272
,,grass,,21.950802306614523,50.04648155337123
,,grass,,21.951143839305182,50.04696641757721
,,grass,,21.95122338261845,50.04708716024943
,,grass,,21.951323671864838,50.047236435344324
,,grass,,21.950031537729192,50.04920796286094
,,grass,,21.950008452854316,50.04700375445266
,,grass,,21.950277407393866,50.047255762263006
,,grass,,21.950426068401832,50.047727310209
,,grass,,22.01572678539755,50.017919533619526
,,grass,,22.003536182436967,50.015945029928666
,,grass,,22.00338092993463,50.016775806544054
,,grass,,21.955410105938753,50.045869186093306
,,grass,,21.955345985667847,50.04569628460358
,,grass,,21.95524138331806,50.04543478731389
,,grass,,21.955095061082794,50.04505357898176
,,grass,,21.955168699999998,50.04524989999999
,,grass,,21.955310403056053,50.04596865812984
,,grass,,21.95548217829462,50.04585102128545
,,grass,,21.9553057,50.0459315
,,grass,,21.955320956248634,50.04544881306051
,,grass,,21.95521883863834,50.04514998910681
,,grass,,21.955027704815183,50.04399783159263
,,grass,,21.954787502258746,50.04462166882092
,,grass,,21.954840324297237,50.044752159256305
,,grass,,21.954882529546595,50.04486629301004
,,grass,,21.954949600069234,50.04522528342094
,,grass,,21.955082500626265,50.04537526013323
,,grass,,21.95501909638282,50.04521363046403
,,grass,,21.954975904057168,50.04509706980476
,,grass,,21.954933735512505,50.044997578685326
,,grass,,21.955068290868393,50.04498576941428
,,grass,,21.954929938407002,50.04451211736822
,,grass,,21.964572566666664,50.04478543333333
,,grass,,21.963305966666667,50.04384566666666
,,grass,,21.963316880590344,50.04462194888949
,,grass,,21.963451850037856,50.044841877317836
,,grass,,21.96399794614728,50.044557177341346
,,grass,,21.963672721730052,50.04452474444284
,,grass,,22.016000329024735,50.02902167630428
,,grass,,22.016369529368248,50.02961009538604
,,grass,,22.016567391768618,50.03056345324856
,,grass,,22.017423919480517,50.028827742626525
,,grass,,22.01731418693491,50.02901596367604
,,grass,,22.017386248620944,50.02924373531813
,,grass,,22.017150455885684,50.029884223163286
,,grass,,22.017562574808125,50.03094525263352
,,grass,,22.017349885881863,50.03086107295965
,,grass,,22.017025344493984,50.030565188687206
,,grass,,22.0166026383664,50.0297798485576
,,grass,,22.01632401944488,50.03076573974706
,,grass,,22.016660069824635,50.030744236957354
,,grass,,22.01682412052514,50.03072443877791
,,grass,,22.017016176598275,50.03076730759092
,,grass,,22.016433756713276,50.031058150420996
,,grass,,22.01699487331198,50.0313980250668
,,grass,,22.016976911203056,50.03205134355751
,,grass,,22.01681556437808,50.03166551461701
,,grass,,22.01642890936043,50.03157072688834
,,grass,,22.016404755152795,50.03216749822319
,,grass,,22.016968767969164,50.03237766114402
,,grass,,22.016774355576835,50.03253300939467
,,grass,,22.01696435606575,50.03271842355909
,,grass,,22.016950435485498,50.033363686834576
,,grass,,22.01649767173331,50.032641689091186
,,grass,,22.01632306666667,50.032711933333324
,,grass,,22.01648859111145,50.03281726032988
,,grass,,22.017223695652305,50.0344306471648
,,grass,,22.01618011215013,50.03400806296536
,,grass,,22.016166516141706,50.03420871770703
,,grass,,22.015920422063722,50.03419753968228
,,grass,,22.01579798905154,50.03462694577072
,,grass,,22.01617833376385,50.035043993844525
,,grass,,22.016155098699244,50.03529675788888
,,grass,,22.016026886035498,50.03552586717777
,,grass,,22.01619813708191,50.03546580407378
,,grass,,22.016058181655634,50.035683683952016
,,grass,,22.01695027162839,50.033522843021004
,,grass,,22.016312129389664,50.0339657822289
,,grass,,22.016428882126963,50.034393542708166
,,grass,,22.016339900449182,50.03324345764816
,,grass,,22.016614787838027,50.03326116024775
,,grass,,22.01660817326839,50.03366663906528
,,grass,,22.01693253653591,50.03399940806499
,,grass,,22.016607153086806,50.0337891511058
,,grass,,22.016588048423245,50.0344140912224
,,grass,,22.016760236488036,50.03387221769243
,,grass,,22.01692947430171,50.03415310839075
,,grass,,22.016911887617965,50.03467811297683
,,grass,,22.01658554060638,50.034660957101195
,,grass,,22.0165806852528,50.034877261074904
,,grass,,22.01691019606049,50.034958764933194
,,grass,,22.016721546952205,50.03507737885968
,,grass,,22.01645265890804,50.034864339211204
,,grass,,22.016431651899786,50.03540946814955
,,grass,,22.01656263276719,50.035457731904685
,,grass,,22.017366563391,50.035678303168055
,,grass,,22.01637268774317,50.035663624506974
,,grass,,22.01674258487612,50.03571513070642
,,grass,,22.016557092774622,50.03570675186712
,,grass,,22.016554823665796,50.03587197919719
,,grass,,22.01654854549407,50.03606086240752
,,grass,,22.01697130334008,50.036304314527605
,,grass,,22.016947149166988,50.03680675701948
,,grass,,22.01693392015264,50.03707671282717
,,grass,,22.016859979710276,50.03678228060356
,,grass,,22.01670449471721,50.03645092752508
,,grass,,22.016539445072826,50.037125785166516
,,grass,,22.01684753447918,50.03707955514836
,,grass,,22.0168625061645,50.03760225965879
,,grass,,22.016693416687634,50.037449926506035
,,grass,,22.016908524522137,50.03782955774341
,,grass,,22.016752180612045,50.03806860648232
,,grass,,22.00875418596175,50.031837090400124
Ogród Kieszonkowy,park,,,21.99159489592058,50.0432815115564
,,grass,,22.007770369703127,50.03896723634003
,,grass,,22.00726063056274,50.03839213839633
,,grass,,21.952913589387954,50.04897122810371
,,grass,,21.953738283809628,50.04879172909292
,,grass,,21.952552989582543,50.04876788376677
,,grass,,21.953251987405356,50.04865659447946
,,grass,,21.953510220709735,50.04884143634447
,,grass,,21.954045170755155,50.04860873124438
,,grass,,21.953908082345645,50.04865453194943
,,grass,,21.9538253511979,50.0485721722851
,,grass,,21.952952068333765,50.04879548283311
,,grass,,21.95288009349105,50.048616450956025
,,grass,,21.95305368023429,50.04859258897342
,,grass,,21.952992599999998,50.04856633333333
,,grass,,21.953264586000895,50.044640961983724
,,grass,,21.95353229995053,50.04491524019135
,,grass,,21.95392942333708,50.045124502522285
,,grass,,21.95426196666667,50.04459226666666
,,grass,,21.952980356037358,50.045575136838266
,,grass,,21.9519189,50.04498643333333
,,grass,,21.95248695186694,50.04535646322965
,,grass,,21.952605115704376,50.04543846716733
,,grass,,21.952778507838147,50.04469342326657
,,grass,,21.960087182406554,50.04516188290868
,,grass,,21.960055200782026,50.04510853153017
,,grass,,21.960338472827242,50.04482700809057
,,grass,,21.960509269366725,50.04453432606241
,,grass,,21.970972068451562,50.03796175186554
,,meadow,,21.966424604050516,50.04624527007377
,,grass,,21.976182202631747,50.0497596335558
,,grass,,22.00899350512118,50.04281318259617
,,grass,,21.99466311041155,50.04313835920215
,,grass,,21.99430605,50.043087
,,grass,,21.99402157867996,50.04302984089143
,,grass,,21.99490322905002,50.043009886724185
,,grass,,21.99351832200864,50.04268206762032
,,grass,,21.990322272253994,50.04302146293233
,,grass,,21.99521303716176,50.04276902576665
,,grass,,22.01497200336967,50.02875063940259
,,grass,,22.013921529576926,50.02868493823363
,,grass,,22.01392182701323,50.02857832686042
,,grass,,22.014941313779893,50.02866581028586
,,grass,,22.013293621059766,50.01831642354691
,,grass,,21.97454131640396,50.04305440793788
,,grass,,21.974386908661216,50.04301999002334
,,grass,,21.97423615720661,50.043005501678195
,,grass,,21.97459056934759,50.04322376469183
,,grass,,21.97383444986094,50.0436633177764
,,grass,,21.973793246533166,50.043727042028586
,,grass,,21.975334400000005,50.044355800000005
,,grass,,21.97465427757181,50.04426313439882
,,grass,,21.982850843080723,50.02167834891397
,,grass,,21.981493948827005,50.02311559831289
,,grass,,21.9788982958087,50.024539681878935
,,grass,,21.981770767490957,50.02108242101595
,,grass,,21.98043952275251,50.02036275611794
,,grass,,21.97983264552092,50.01996929402258
,,grass,,21.97935098038243,50.0197926898428
,,grass,,21.979747039973013,50.02016339277799
,,grass,,21.980069684965343,50.02027032074604
,,grass,,21.980289638568454,50.02004689564829
,,grass,,21.980423676546163,50.02005757450648
,,grass,,21.978853672258953,50.019448463016246
,,grass,,21.97818926538537,50.018875618895265
,,grass,,21.97777143906827,50.0184172669057
,,grass,,21.978222780915697,50.01871546865954
,,grass,,21.9786609350225,50.01900974802796
,,grass,,21.978882606585596,50.01915476925133
,,grass,,21.97914806449186,50.01932945128367
,,grass,,21.976948776838068,50.01832842568583
,,grass,,21.97709014870449,50.01828262788956
,,grass,,21.97739341900432,50.01848413951862
,,grass,,21.977353966116276,50.01853279620103
,,grass,,21.976703686665342,50.01814423940829
,,grass,,21.976828878567225,50.01810784349948
,,grass,,21.97698398882312,50.01806734500671
,,grass,,21.977021168373966,50.017924453912194
,,grass,,21.976701834922565,50.01769997938508
,,grass,,21.976546452192547,50.01778078439716
,,grass,,21.97645498321619,50.017858726713946
,,grass,,21.97638438358223,50.017929984236844
,,grass,,21.97808191180048,50.018933718078415
,,grass,,21.97803264086667,50.018964127400565
,,grass,,21.97882416976895,50.01949371138667
,,grass,,21.976123873402607,50.01731460853184
,,grass,,21.976409907541257,50.01750750825715
,,grass,,21.975605717366815,50.017130907388044
,,grass,,21.97471412788176,50.01637450157704
,,grass,,21.974622768369972,50.0163024614427
,,grass,,21.974775759134754,50.01623706735458
,,grass,,21.97431179312635,50.016260440950006
,,grass,,21.974213099407773,50.016352923342374
,,grass,,21.976264781911837,50.01773329254452
,,grass,,21.976054028335636,50.01760332740654
,,grass,,22.03685489164652,50.03356888834439
,,grass,,22.03690756688592,50.03339046261401
,,grass,,22.036834808517927,50.03366032101534
,,grass,,22.036705992353802,50.03411816851723
,,grass,,21.97396172721174,50.01618515570576
,,grass,,21.972720575650335,50.015195244230235
,,grass,,21.97179207219915,50.01472426698692
,,grass,,21.972633881533945,50.01529286933379
,,grass,,21.972939852290907,50.01549662824415
,,grass,,21.97325556666667,50.015715166666666
,,grass,,21.973251452202287,50.015387155198034
,,grass,,21.9729007159986,50.015161471556354
,,grass,,21.972222627592963,50.01470529738398
,,grass,,21.97254185914197,50.01492036044035
,,grass,,21.971850682254818,50.0144543908386
,,grass,,21.971558081096894,50.01425620094311
,,grass,,21.970972773846846,50.014160733301686
,,grass,,21.97110324133986,50.013949798880255
,,grass,,21.970992034376664,50.014018217338304
,,grass,,21.970596688467047,50.013902603207875
,,grass,,21.970148028978755,50.01341587107997
,,grass,,21.970242732765165,50.01365775726279
,,grass,,21.970497098348957,50.013531261938105
,,grass,,21.970281975415134,50.013370476835746
,,grass,,21.970050126631914,50.01319669285729
,,grass,,21.969594788506505,50.01285022449719
,,grass,,21.969774151039935,50.01298870296503
,,grass,,21.969334959212734,50.01265604392255
,,grass,,21.969185376090774,50.012546600360984
,,grass,,21.96830123072272,50.01187278242904
,,grass,,21.96838492317662,50.01177283566716
,,grass,,21.968861729821246,50.012458594451715
,,grass,,21.968331620647955,50.01223459849263
,,grass,,21.967895383790154,50.01188398373705
,,grass,,21.967995729130205,50.0118087759441
,,grass,,21.968184158521904,50.01179345175489
,,grass,,21.967594690142032,50.01164709045724
,,grass,,21.966944281035175,50.01101042179243
,,grass,,21.9665098771989,50.01054871717662
,,grass,,21.966302811996872,50.01066690141722
,,grass,,21.96612073846336,50.010638988393254
,,grass,,21.9662576402676,50.01009446848406
,,grass,,21.96690156634132,50.00944059467952
,,grass,,21.96664222697859,50.010317673761435
,,grass,,21.96645017648645,50.00975618426511
,,grass,,21.964683696573417,50.00939572537786
,,grass,,21.9648536106592,50.00937670138936
,,grass,,21.96495473325198,50.00927261430643
,,grass,,21.964616371798886,50.0091540013966
,,grass,,21.964833546050276,50.00901469066201
,,grass,,21.964807161405535,50.008856473190825
,,grass,,21.96613847311949,50.00931654846067
,,grass,,21.965818458208023,50.009308121403784
,,grass,,21.96621195744762,50.00896481551223
,,grass,,21.96473938356824,50.0085073971843
,,grass,,21.964289899109136,50.00865202034588
,,grass,,21.963050571054684,50.00776399763155
,,grass,,21.963154468173652,50.00786757398185
,,grass,,21.963353417458734,50.00801370578968
,,grass,,21.96360397230014,50.00840641023915
,,grass,,21.962938880504485,50.0080855103426
,,grass,,21.963781004151365,50.00873911522615
,,grass,,21.96429540774721,50.00930939442203
,,grass,,21.959733221101068,50.005849995586466
,,grass,,21.960210344262176,50.00577167158515
,,grass,,21.960683129538594,50.006303725690906
,,grass,,21.96151811589076,50.006674362861695
,,grass,,21.961782348129557,50.00695066596556
,,grass,,21.961673798437953,50.00702064666412
,,grass,,21.960007518668956,50.00602500396828
,,grass,,21.960285752744873,50.00622271913046
,,grass,,21.960821710003483,50.00666671083803
,,grass,,21.961042811733293,50.00672129123203
,,grass,,21.961117631895114,50.00689059550386
,,grass,,21.961565342789136,50.00716547177869
,,grass,,21.96270203122037,50.007613367890045
,,grass,,21.962766479972952,50.007551844275056
,,grass,,21.962428918108227,50.00741153875129
,,grass,,21.962115168118817,50.007051644248676
,,grass,,21.96198038499385,50.00708867665825
,,grass,,21.962093551059077,50.00732467523316
,,grass,,21.966801490661442,50.01104131292741
,,grass,,21.967015630000184,50.011216486420956
,,grass,,21.967413570607995,50.011214841737555
,,grass,,21.969059474679884,50.01244162894989
,,grass,,21.967366233333337,50.01147113333334
,,grass,,21.959872431181104,50.00551436154457
,,grass,,21.95947265357975,50.00564466421921
,,,wood,21.959908095584282,49.995654644477995
,,grass,,21.967692132656953,50.005545341816514
,,grass,,22.03094674327422,50.04782259373381
,,grass,,22.059836259495672,50.04075697932808
,,grass,,22.05656397058933,50.040312863582066
,,grass,,22.057574430878628,50.04065672535038
,,forest,,22.057368600065995,50.040247788599444
,,grass,,21.959039184085686,50.00500920429497
,,grass,,21.959085531519708,50.00486044089495
,,grass,,21.958762393732776,50.00447004567995
,,grass,,21.95833276139165,50.00405335209982
,,grass,,21.958443703526925,50.0039765711947
,,grass,,21.957749445447043,50.00356401962845
,,grass,,21.957705522405703,50.00335952811469
,,grass,,21.95792255059436,50.00337414636381
,,grass,,21.95695204696008,50.00277135980429
,,grass,,21.957089494575172,50.002695327433194
,,grass,,21.95721031220437,50.00265057939824
,,grass,,21.956647764735635,50.002368683890914
,,grass,,21.956475457250622,50.00197546367162
,,grass,,21.956745587326793,50.00182457026313
,,grass,,21.956377192873806,50.001442870021776
,,grass,,21.956537713630745,50.00141596926506
,,grass,,21.956384792256564,50.00109284015423
,,grass,,21.956392906075827,50.00091016540277
,,grass,,21.95656691301127,50.00069073292698
,,grass,,21.956721240421896,50.00062899215743
,,grass,,21.956753549464775,50.000205744900896
,,grass,,21.956436310711794,50.000317675222554
,,grass,,21.956653343880745,49.999468702176515
,,grass,,21.956486637962442,49.999607775619765
,,grass,,21.956531052486582,49.9990072361035
,,grass,,21.956888520570597,49.99870547123483
,,grass,,21.956815866835377,49.99932903283935
,,grass,,21.956925095027895,49.99851020574433
,,grass,,21.956863923456545,49.998256485415624
,,grass,,21.957515935695792,49.99743772871279
,,,wood,21.95800658178165,49.99816091930049
,,grass,,21.957284461186457,49.99727809707965
,,grass,,21.957394921501354,49.99738569323189
,,grass,,21.957552305750717,49.99707794435213
,,grass,,21.957656896552226,49.99693303803336
,,grass,,21.957318969943177,49.99689542485666
,,grass,,21.95774420176835,49.996324628895074
,,grass,,21.95783851327905,49.99685845812642
,,grass,,21.958204368263065,49.99622078523335
,,grass,,21.957373077957733,49.996778655421636
,,grass,,21.957464013953075,49.99660065872388
,,grass,,21.957205320342155,49.99691006602047
,,grass,,21.95727848910312,49.99676011932713
,,grass,,21.957367902142938,49.99657252036713
,,grass,,21.95756457876544,49.99639907388832
,,grass,,21.957464778914485,49.99635098614537
,,grass,,21.957613410937107,49.99603735514263
,,grass,,21.95771859743159,49.99604696266326
,,grass,,21.957983239787836,49.996337563100084
,,grass,,21.958085634746553,49.99607387971915
,,grass,,21.957782788504176,49.99557974382846
,,grass,,21.958191439472685,49.99577006514186
,,grass,,21.958264063440815,49.995364596323974
,,grass,,21.958002658542675,49.99520066859184
,,grass,,21.957775388036026,49.9952036319018
,,grass,,21.95777014425565,49.99477979471301
,,grass,,21.958240626830648,49.99504428043362
,,grass,,21.95797212476365,49.99482437621493
,,grass,,21.957557036288723,49.994102910635064
,,grass,,21.957857503589423,49.99434558330574
,,grass,,21.955631885195668,49.992720023975984
,,grass,,21.95515576957842,49.992386104348206
,,grass,,21.956737710042823,49.99339479342312
,,grass,,21.956352918525376,49.993296128063015
,,grass,,22.033992582091415,50.032711002273814
,,grass,,22.045537364764957,50.03825976127762
,,grass,,22.045680492718134,50.03817953874364
,,grass,,22.04627276676302,50.0383087232948
,,grass,,22.045933112284317,50.03827726275143
,,grass,,22.04619600347845,50.038164249710526
,,grass,,22.05476755222907,50.036350485804995
,,grass,,22.04828487914921,50.03322495800096
,,grass,,22.048119648082228,50.033189567930364
,,grass,,22.048239678753042,50.03361177862574
,,grass,,22.048167589727363,50.032953448507854
,,grass,,22.047911376091385,50.03322521405883
,,grass,,22.035395441164123,50.03272927524179
,,grass,,22.037169553480787,50.03217035346112
,,grass,,22.037185849285986,50.03208576085136
,,grass,,22.03665196633508,50.03212625241251
,,grass,,22.036559888907757,50.032213007428915
,,grass,,22.035700549442407,50.03228841078136
,,grass,,22.035797760511333,50.03219972238439
,,grass,,22.035071017568658,50.032457878078795
,,grass,,22.03854559417626,50.03202935883171
,,grass,,22.03969053679392,50.032006375224135
,,grass,,22.03968503118427,50.03189834407238
,,grass,,22.039002194803714,50.03194688997756
,,grass,,22.038643643469264,50.031976918038225
,,grass,,22.03836712512835,50.031998407307285
,,grass,,22.037786128599993,50.03204155905249
,,grass,,22.040665737741605,50.03194452774112
,,grass,,22.041807286240168,50.03179287505657
,,grass,,22.041477785499453,50.03180966766045
,,grass,,22.04044815154149,50.03184893779732
,,grass,,22.04182993378678,50.032446453423056
,,grass,,22.04193579672131,50.03214234262295
,,grass,,22.04207919902119,50.031738104374845
,,grass,,22.04218228898631,50.03142792542721
,,grass,,22.04160524254838,50.032631507756584
,,grass,,22.041561359934803,50.0327628209033
,,grass,,22.0416131937845,50.03306219719333
,,grass,,22.041705060510893,50.032810048538515
,,grass,,22.04176074089522,50.032643802565744
,,grass,,22.034667889238793,50.03492419264664
,,grass,,22.034504168632864,50.03491085670302
,,grass,,22.033934919243332,50.0357944416326
,,grass,,22.03352848235954,50.03521308770228
,,grass,,22.033395748585033,50.03633578396452
,,grass,,22.033689195356526,50.03713494889833
,,grass,,22.036383915830353,50.0353308219365
,,grass,,22.036920555639117,50.03580181116958
,,grass,,22.036587716618325,50.0358487756635
,,grass,,22.037911203102436,50.03570940976616
,,grass,,22.037530511868734,50.03561094751373
,,grass,,22.03790474161261,50.035892594877296
,,grass,,22.03889281896097,50.03620857339311
,,grass,,22.0362728287019,50.03495838916484
,,grass,,22.035306161014883,50.034554663199664
,,grass,,22.035456600516703,50.0347082689368
,,grass,,22.035307352034046,50.03486751839294
,,grass,,22.03568290744763,50.03493051642368
,,grass,,22.03572860381287,50.0346878422115
,,grass,,22.03597841411937,50.03448402985187
,,grass,,22.035253979032912,50.03517963386253
,,grass,,22.039831049999997,50.0328306
,,grass,,22.039119762032676,50.03277876486685
,,grass,,22.038526513682314,50.0327363071457
,,grass,,22.041154884656045,50.032938100850394
,,grass,,22.039605609578096,50.031787444914805
,,grass,,22.038803524939784,50.03186480327341
,,grass,,22.03821483911355,50.03190756813854
,,grass,,22.036770820479628,50.031985968122214
,,grass,,22.035772690521725,50.03204896654485
,,grass,,22.03506456977177,50.03212543799762
,,grass,,22.03847133399225,50.03280428813162
,,grass,,22.038457552338116,50.03304483938758
,,grass,,22.038984637307653,50.03506547104352
,,grass,,22.039100082833897,50.035011501504115
,,grass,,22.039172416014782,50.03476352318016
,,grass,,22.039491350000006,50.03466620000001
,,grass,,22.039064373384782,50.03430539204623
,,grass,,22.038694430330047,50.03559013935146
,,grass,,22.038699712758042,50.035524652760195
,,grass,,22.038318641526462,50.035494923489445
,,grass,,22.038193398004733,50.0356965409258
,,grass,,22.03635712563016,50.03666597287104
,,grass,,22.041194844313534,50.03425867752134
,,grass,,22.041143658968412,50.03438245333197
,,grass,,22.041109918921556,50.034477066662205
,,grass,,22.04106877025257,50.03459718716348
,,grass,,22.041034053357187,50.03469108656703
,,grass,,22.040955174664536,50.03491373942107
,,grass,,22.040850783385494,50.035210639375016
,,grass,,22.04075297278602,50.035489308228605
,,grass,,22.040633603457678,50.035824175264224
,,grass,,22.040587728496746,50.03595550604367
,,grass,,22.040533882306267,50.036107721005855
,,grass,,22.04046153098614,50.03630489787913
,,grass,,22.040252247996264,50.03690670209891
,,grass,,22.04019016264179,50.037077045142524
,,grass,,22.040017905790428,50.03717744178494
,,grass,,22.040124785123577,50.03730959621825
,,grass,,22.039920026290783,50.037463037584445
,,grass,,22.040086741884704,50.037534211427754
,,grass,,22.04005908734472,50.03697748151633
,,grass,,22.040097933333332,50.03688473333334
,,grass,,22.0404121696149,50.036445522039614
,,grass,,22.040343551776587,50.0366413038337
,,grass,,22.0403265968524,50.036268049574986
,,grass,,22.03883655247942,50.03796381096221
,,grass,,22.038194474984508,50.0379186273964
,,grass,,22.034729829081865,50.03737428665565
,,grass,,22.03458475590431,50.03756921239871
,,grass,,22.035788168593104,50.03765859446567
,,grass,,22.037600988254567,50.037774701108965
,,grass,,22.037940918965617,50.03779842260045
,,grass,,22.038202849949503,50.03781459021697
,,grass,,22.039825584201246,50.037732047630776
,,grass,,22.03552355099538,50.03732619769097
,,grass,,22.035784384864467,50.036856067306054
,,grass,,22.036563848595094,50.036912176659854
,,grass,,22.036134621898444,50.03688187251599
,,grass,,22.03747609803794,50.036154769212935
,,grass,,22.038797573322412,50.036261519179696
,,grass,,22.040069995876763,50.036505702664506
,,grass,,22.037034844118235,50.03626067806308
,,grass,,22.039979377035127,50.029910974409724
,,grass,,22.04156551371789,50.030443895244744
,,grass,,22.034312145257246,50.03055132177853
,,grass,,22.03423729888472,50.03093437461132
,,grass,,22.034439568251056,50.0286400790641
,,grass,,22.012863813722724,50.018079581691865
,,grass,,21.994009608093137,50.03970315783961
,,grass,,21.99411641113215,50.039680956123455
,,grass,,21.99441164540827,50.039599391608355
,,grass,,21.993779818182382,50.04010353006413
,,grass,,21.994021664159057,50.03995873652419
,,grass,,21.9935182,50.039992000000005
,,grass,,21.993910266649507,50.03986078904911
,,grass,,22.045365222465513,50.028309339795435
,,grass,,22.04250076945894,50.026424065974695
,,grass,,22.042694594903455,50.026567107273884
,,grass,,22.042257332813737,50.02574966807391
,,grass,,22.042243486184816,50.02600911964189
,,grass,,22.042026911993478,50.026000063438204
,,grass,,22.04193665885043,50.02585285028092
,,grass,,22.042158186559945,50.025864520012924
,,grass,,22.042076766967856,50.025741253630855
,,grass,,22.04185407425882,50.02572905564786
,,grass,,22.046530482944863,50.025872585557146
,,grass,,22.04693192419866,50.02575501507515
,,grass,,22.04725988272455,50.02594789202943
,,grass,,22.047233887023577,50.02613152052095
,,grass,,22.03427512595472,50.02652919430473
,,grass,,22.031388487334137,50.02519193548901
,,grass,,22.031993505822935,50.02632668671143
,,grass,,22.038988743484566,50.02417144453434
,,grass,,22.030313863280245,50.02377360168874
,,grass,,22.030663158274947,50.03615337271185
,,grass,,22.03105304645306,50.03650654476891
,,grass,,22.03083065000001,50.036340100000004
,,grass,,22.03088416121559,50.03629791780474
,,grass,,22.032109383465755,50.03619610315571
,,grass,,22.032145881853307,50.03584123048656
,,grass,,22.032230191045333,50.035708614094816
,,grass,,22.031314637522954,50.036127405557046
,,grass,,22.03146647511566,50.03626284780838
,,grass,,22.03017791248372,50.03627270463166
,,grass,,22.03119273333333,50.03650746666668
,,grass,,22.03114713333333,50.036548
,,grass,,22.031147432745183,50.03644587525782
,,grass,,22.031769273401675,50.036486133797716
,,grass,,22.0308370908937,50.037028338432485
,,grass,,22.031310107227547,50.0367415475831
,,grass,,22.030822569393663,50.036642531060124
,,grass,,22.031138488601403,50.03661863751539
,,grass,,22.031394691604962,50.0373158663586
,,grass,,22.030372044568853,50.03588061168663
,,grass,,22.030013397060024,50.0368052320275
,,grass,,22.03009136973093,50.03672875024588
,,grass,,22.03007689040287,50.03654058621891
,,grass,,22.030100420761926,50.03634002136503
,,grass,,22.03036052578243,50.03613830287006
,,grass,,22.03007760484594,50.03611991345405
,,grass,,22.030120500206383,50.035735031083526
,,grass,,22.03026530294944,50.03572824262911
,,grass,,22.030417284785756,50.03690413710311
,,grass,,22.03039139456439,50.03677531832557
,,grass,,22.0303994423752,50.03666672024847
,,grass,,22.030285557724092,50.036502801908455
,,grass,,22.030529874812938,50.036597728679325
,,grass,,22.03066753178221,50.0365739134818
,,grass,,22.030022980463126,50.03687640354649
,,grass,,22.030114670355957,50.0370132560729
,,grass,,22.030014764283905,50.03713734177951
,,grass,,22.031335336113244,50.036328516803266
,,grass,,22.031155684270765,50.03620436078653
,,grass,,22.03092683039843,50.03612716061727
,,grass,,22.031741981829683,50.03622931453873
,,grass,,22.031576088943925,50.036334955823456
,,grass,,22.031918467235602,50.03573022662311
,,grass,,22.03181335,50.0358533
,,grass,,22.031857873630397,50.03588519381828
,,grass,,22.031805356747345,50.03597385702558
,,grass,,22.03184302737177,50.036021928897426
,,grass,,22.031829529708393,50.03615315161151
,,grass,,22.030812193281104,50.036779020091586
,,grass,,22.030660794225554,50.03685970560519
,,grass,,22.030543533333336,50.0369513
,,grass,,22.030561500702508,50.03686896824587
,,grass,,22.032619580171914,50.03477284492783
,,grass,,22.032226931423576,50.03487617452399
,,grass,,22.032201388937274,50.035088870616335
,,grass,,22.031789174617913,50.035095004760485
,,grass,,22.032183222474316,50.03530807273022
,,grass,,22.032170743711156,50.035477789612884
,,grass,,22.031146955077595,50.035063204772385
,,grass,,22.031114256878155,50.03512372190508
,,grass,,22.03125176827315,50.03514814771051
,,grass,,22.031655185681135,50.03508075852626
,,grass,,22.031399137415217,50.03500437646263
,,grass,,22.031571348336623,50.035001042812546
,,grass,,22.0318043873618,50.03495313414782
,,grass,,22.03184479176608,50.034608874379266
,,grass,,22.03193848842637,50.03459808695808
,,grass,,22.031936486281154,50.03468711600724
,,grass,,22.031935162392354,50.034760613482206
,,grass,,22.03164927424355,50.03482598815625
,,grass,,22.03230329768264,50.03456300373688
,,grass,,22.03153195506677,50.03471538619036
,,grass,,22.032393480529258,50.03430534087932
,,grass,,22.03242008493679,50.03411487698286
,,grass,,22.032334928736734,50.03414887084903
,,grass,,22.032191695376554,50.034134607373936
,,grass,,22.031965722959505,50.03413810248097
,,grass,,22.031127014111036,50.03401567172864
,,grass,,22.03137508223526,50.03391327882045
,,grass,,22.03209016615262,50.033918789635194
,,grass,,22.032151717021375,50.033960556497796
,,grass,,22.03226460002103,50.03401061152414
,,grass,,22.032324858960276,50.03407712267183
,,grass,,22.03175833204287,50.033878313416785
,,grass,,22.03158752772145,50.033808986592504
,,grass,,22.031299452071877,50.034262938638776
,,grass,,22.031570475994286,50.03422268235487
,,grass,,22.03140272377169,50.03431735121424
,,grass,,22.032499907949703,50.03292180067671
,,grass,,22.03224558687741,50.033045926777305
,,grass,,22.032337,50.03309766666666
,,grass,,22.032393112461396,50.033063226219795
,,grass,,22.0324666441981,50.03325062064085
,,grass,,22.032272590958414,50.033444692451624
,,grass,,22.032009290608006,50.03324985635404
,,grass,,22.032377767658392,50.033744205850425
,,grass,,22.032162910213135,50.033710255188865
,,grass,,22.031447571199703,50.03451127971223
,,grass,,22.031579367768437,50.034426199168
,,grass,,22.03229075825229,50.032713278149124
,,grass,,22.032388466666664,50.032767400000004
,,grass,,22.0324705377102,50.03275493685467
,,grass,,22.032523366625842,50.03260230295709
,,grass,,22.032383396739124,50.03245252861736
,,grass,,22.031562989482644,50.0330690447275
,,grass,,22.031591849999998,50.03324924999999
,,grass,,22.03152379332888,50.03355016150757
,,grass,,22.031697158530854,50.0336322673074
,,grass,,22.031920824306916,50.03362576530087
,,grass,,22.031682696204925,50.033444343591476
,,grass,,22.03171821612171,50.0332629772508
,,grass,,22.031709989126547,50.032964951590074
,,grass,,22.031964635199216,50.032966369476995
,,grass,,22.03193510294858,50.03278907858285
,,grass,,22.03173997415037,50.03263458816123
,,grass,,22.032007294881698,50.03263677121385
,,grass,,22.031954335409267,50.03248815303371
,,grass,,22.031017288890606,50.03307013180053
,,grass,,22.031341643737452,50.033071429776996
,,grass,,22.03131909524353,50.03325312831936
,,grass,,22.031233736915244,50.033270063864336
,,grass,,22.031282114225014,50.033068495340316
,,grass,,22.03129130786154,50.03286404795563
,,grass,,22.03123327933729,50.032602336586706
,,grass,,22.031365399999995,50.0328929
,,grass,,22.031114494118437,50.033506432285854
,,grass,,22.031394540399397,50.03239315361359
,,grass,,22.03127961989348,50.03337939550253
,,grass,,22.030915174086,50.03304687624677
,,grass,,22.031084238549223,50.03257749960412
,,grass,,22.031190898786818,50.03237856141501
,,grass,,22.03049809156197,50.03334115717144
,,grass,,22.030896611383472,50.03272502336063
,,grass,,22.030866164563403,50.0324046982266
,,grass,,22.030828361440605,50.03285144819204
,,grass,,22.03082535908469,50.03304320167459
,,grass,,22.03078002967601,50.0332308136791
,,grass,,22.030965690498153,50.03377281675201
,,grass,,22.030963657382664,50.0335303392621
,,grass,,22.03081619344283,50.03336193442292
,,grass,,22.031854012047212,50.03447767654328
,,grass,,22.023121669997874,50.03654176024733
,,grass,,22.02908681866775,50.0349783048174
,,grass,,22.029828130099947,50.03549774847488
,garden,,,22.001481311482923,50.0381401601268
,,grass,,22.028875627081312,50.037244476392075
,,grass,,22.025941136849713,50.037522746806786
,,grass,,22.02390920871984,50.03799762186537
,,grass,,22.021973002988247,50.038374098235614
,,grass,,22.022965348024186,50.03828467062488
,,grass,,22.023853416935747,50.03820571389995
,,grass,,22.024641628067464,50.03813481639444
,,grass,,22.025540957930964,50.03805177913495
,,grass,,22.02624529018388,50.03798812630988
,,grass,,22.02673861562374,50.03794221989449
,,grass,,22.027501551228866,50.037927725072485
,,grass,,22.02738688560112,50.037884364033964
,,grass,,22.028363496272814,50.0377954871214
,,grass,,22.029391646075656,50.037700973393356
,,grass,,22.030267775306108,50.037618862534636
,,grass,,22.023781154193546,50.038108270713906
,,grass,,22.025963250708358,50.03791032035423
,,grass,,22.028415235541544,50.03768797132049
,,grass,,22.02840619428718,50.03758379470015
,,grass,,22.025516404860905,50.03784626158334
,,grass,,21.950552751356334,50.03920001565158
,,grass,,21.950301909578517,50.03944362891961
,,grass,,21.95096145257374,50.0394138244554
,,grass,,21.95063183628815,50.039360034455896
,,grass,,21.950430093179953,50.03921281085018
,,grass,,21.950133916133126,50.03927559346845
,,grass,,22.020984167970692,50.038047609361044
,,grass,,22.020974844650233,50.037880055431806
,,grass,,22.020990070180893,50.03763710668258
,,grass,,22.02102637265496,50.037459650465834
,,grass,,22.021325935868823,50.037815285335355
,,grass,,22.02047500874237,50.038304605864035
,,grass,,22.021180126503033,50.038161845620714
,,grass,,22.02150123960696,50.03765632230199
,,grass,,22.01842514628648,50.03859003764759
,,grass,,22.01934577066231,50.038403851491076
,,grass,,22.018959475725644,50.03843709306134
,,grass,,22.021538972635845,50.038310904670986
,,grass,,22.01948229329742,50.03798014297445
,,grass,,22.020026388823275,50.0382266797229
,,grass,,22.020489589959595,50.03821274642887
,,grass,,22.01960104621225,50.03684370795772
,,grass,,21.951081021334872,50.04040442267452
,,grass,,21.951171829551267,50.04043882522752
,,grass,,21.95116607792991,50.040643750192196
,,grass,,21.95013538603351,50.04065978436358
,,grass,,21.951027049903374,50.04065187601373
,,grass,,21.950640598153914,50.04065273444402
,,grass,,21.950405497074676,50.04065582911035
,,grass,,21.95085179665268,50.04065081330665
,,grass,,21.950626076928824,50.04060855137323
,,grass,,21.95040518566099,50.040609747223726
,,grass,,21.95006993820321,50.040353527160526
,,grass,,22.01906947388276,50.03743370112362
,,grass,,22.019487512270693,50.03827302123105
,,grass,,22.019101266666667,50.03836400000001
,,grass,,22.019673566242282,50.03765310648393
,,grass,,22.020554029658555,50.03756408844606
,,grass,,22.02014092126334,50.037527135954306
,,grass,,22.020028272592263,50.03804450666068
,,grass,,22.019622845857953,50.037415768485204
,,grass,,22.01970170990407,50.037280405148316
,,grass,,22.01741701632615,50.036283037262336
,,grass,,22.017642952127172,50.0363635834911
,,grass,,22.01765013469338,50.03647946950558
,,grass,,22.01767215,50.03663300000001
,,grass,,22.006470523690485,50.04155344695211
,,grass,,22.006575806018727,50.041588092519284
,,grass,,22.006661733333335,50.04156893333334
,,grass,,22.02210887105901,50.03585803744633
,,grass,,22.021749944297085,50.03574836270524
,,grass,,22.02146451344787,50.03573815985741
,,grass,,22.020401231397333,50.0357241581337
,,grass,,22.01819694970985,50.03582457247986
,,grass,,22.018376517572438,50.03657975542689
,,grass,,22.01810097349554,50.03568827567835
,,grass,,22.019162820144796,50.03600072984226
,,grass,,22.018729223061523,50.036293915759046
,,grass,,22.019678410936432,50.03645129667227
,,grass,,22.019288848561544,50.03662564421877
,,grass,,22.02054869912123,50.03692615152006
,,grass,,22.021532796808998,50.03679194862503
,,grass,,22.021493446955063,50.03733030468779
,,grass,,22.018494884082237,50.03462579018442
,,grass,,22.01830953756544,50.034933489933294
,,grass,,22.017255460443355,50.03538747555757
,,grass,,22.017533159315466,50.03535008830879
,,grass,,22.022168715391,50.03611710344746
,,grass,,22.02193069221466,50.03620435913985
,,grass,,22.022024384599636,50.035924077514636
,,grass,,22.02173056978159,50.035887871933916
,,grass,,22.021716810173793,50.035816675772665
,,grass,,22.021600460551014,50.035804109883664
,,grass,,22.02025913762582,50.036175467847094
,,grass,,22.020474983224698,50.0371146439492
,,grass,,22.020840751873713,50.036863028053816
,,grass,,22.021217028928,50.03661815940059
,,grass,,22.020980046187702,50.03653605452957
,,grass,,22.021347917299124,50.03641128812342
,,grass,,22.021044942409052,50.03640414050285
,,grass,,22.020794783745995,50.036411782739115
,,grass,,22.02027166470464,50.03549724809881
,,grass,,22.020372000000002,50.03530165000001
,,grass,,22.020197999999997,50.035298149999996
,,grass,,22.020023173639707,50.03529558137865
,,grass,,22.019849426360302,50.035292718621356
,,grass,,22.0196765,50.03528925
,,grass,,22.019499902157932,50.03528647639938
,,grass,,22.020366500000005,50.0354176
,,grass,,22.020192849999997,50.03541499999999
,,grass,,22.020019100000003,50.03541255
,,grass,,22.01983924048714,50.03541761836511
,,grass,,22.019669750000002,50.03540629999999
,,grass,,22.01949475,50.0354032
,,grass,,22.019882863654846,50.0356106106577
,,grass,,22.019081475850708,50.03559768412635
,,grass,,22.019397206644662,50.03545686418697
,,grass,,22.01852184112071,50.03558825363921
,,grass,,22.017963565801406,50.03558105751378
,,grass,,22.020583620801794,50.035327346648316
,,grass,,22.020382700805705,50.035108647898376
,,grass,,22.02055316280234,50.0351043706206
,,grass,,22.020378591214033,50.035227233323916
,,grass,,22.020916539711585,50.035631808942505
,,grass,,22.019039295658796,50.03510843275679
,,grass,,22.022292056804638,50.03582426079635
,,grass,,22.022500523286947,50.036006032019905
,,grass,,22.021646284814462,50.03478899442297
,,grass,,22.022176356128558,50.03500419968256
,,grass,,22.022319140126587,50.03449357806168
,,grass,,22.02252478559572,50.03456717996028
,,grass,,22.02275672218516,50.03422908947604
,,grass,,22.024660443929964,50.03315467620578
,,grass,,22.024934288258972,50.0332551793355
,,grass,,22.02483659621151,50.03298216248064
,,grass,,22.019545911840506,50.029986550470056
,,grass,,22.01910200417719,50.030348108872694
,,grass,,22.01935628880224,50.03016149034821
,,grass,,22.01865871686982,50.03067005285861
,,grass,,22.01877793237343,50.030234946206185
,,grass,,22.018607459165555,50.03018279749655
,,grass,,22.018508990417853,50.03042062571096
,,grass,,22.018555176940243,50.03030106240351
,,grass,,22.018623972021388,50.030362974567204
,,grass,,22.01870722438167,50.0304388599953
,,grass,,22.018589866666662,50.03043726666667
,,grass,,22.01841837903318,50.030645460336466
,,grass,,22.018001499999997,50.030840600000005
,,grass,,22.01792025063676,50.030838355066386
,,grass,,22.017740197922784,50.03080811893419
,,grass,,22.01797548988992,50.03063558391998
,,grass,,22.017756330411505,50.03087615279378
,,grass,,22.017952800468358,50.03088302577795
,,grass,,22.0181708629292,50.03080618429643
,,grass,,22.01876531593767,50.030402126248084
,,grass,,22.018960813658992,50.0287265321633
,,grass,,22.018091676335043,50.02881050545122
,,grass,,22.018580887606973,50.028701775220824
,,grass,,22.018063320313516,50.0303758621172
,,grass,,22.018667017282688,50.02932228045964
,,grass,,22.019517850489994,50.02964768317267
,,grass,,22.0189911878787,50.02955506040872
,,grass,,22.018711376704584,50.02974442438973
,,grass,,22.018392168216202,50.02999525200786
,,grass,,22.018497987475996,50.029853847131776
,,grass,,22.01918269306772,50.02997619314793
,,grass,,22.018991807622562,50.030126820212544
,,grass,,22.019869437324008,50.02951042512225
,,grass,,22.01956963851108,50.02951832803724
,,grass,,22.019366551183893,50.02946008910138
,,grass,,22.01917949288062,50.029366912548156
,,grass,,22.01912523783234,50.02923738564389
,,grass,,22.019181396760807,50.02909358814024
,,grass,,22.019185943261746,50.02899169925848
,,grass,,22.01923235505653,50.028807613412745
,,grass,,22.019649749999996,50.02884635000001
,,grass,,22.02016065021422,50.02908585525411
,,grass,,22.019963057432662,50.02889415926737
,,grass,,22.01919059953772,50.02889106179801
,,grass,,22.01974146839402,50.0291133322341
,,grass,,22.019704279628733,50.0292537757012
,,grass,,22.020189262688294,50.028918264720986
,,grass,,22.020393597642837,50.02914591316336
,,grass,,22.02004351250115,50.02874591885176
,,grass,,22.020863831665256,50.02897215750433
,,grass,,22.01999233570476,50.02865416479582
,,grass,,22.01954409363465,50.02868933663768
,,grass,,22.01971258550175,50.02860248186443
,,grass,,22.02111679556502,50.02943320041734
,,grass,,22.02061240655667,50.02926487111976
,,grass,,22.020492702166685,50.029369041571314
,,grass,,22.020934400564116,50.02964742579382
,,grass,,22.020466714854127,50.02960731479721
,,grass,,22.02045146770424,50.02950153938871
,,grass,,22.020490495985428,50.02930203419931
,,grass,,22.021326805904636,50.02943339376885
,,grass,,22.021263376085557,50.02938599258939
,,grass,,22.021456465289035,50.02931550537656
,,grass,,22.021164823073267,50.02917757312329
,,grass,,22.021958731828658,50.02943038909867
,,grass,,22.03186759005336,50.03181337891768
,,forest,,22.033132334787947,50.03049162964483
,,grass,,22.032283449377232,50.03062226252096
,,grass,,22.025018512822964,50.03067964764774
,,grass,,22.026077724900325,50.030954952481615
,,grass,,22.02603178623873,50.03103704520462
,,grass,,22.02591485802852,50.031182219436594
,,grass,,22.025707139225254,50.03109120216562
,,grass,,22.026091803592983,50.0305343240137
,,grass,,22.025966157069426,50.030511916523885
,,grass,,22.02576955463464,50.03047075647647
,,grass,,22.026103448223516,50.03084901217191
,,grass,,22.02618092268832,50.03070040837056
,,grass,,22.02512513731706,50.02999694295579
,,grass,,22.02343317997581,50.02975005963322
,,grass,,22.023595980254047,50.029602893459675
,,grass,,22.022268320209797,50.02941487068889
,,grass,,22.02103297116009,50.028768178715985
,,grass,,22.020612520652403,50.02834537796353
,,grass,,22.021105147092182,50.02794143508657
,,grass,,22.02094721084209,50.02803764487568
,,grass,,22.020597481038006,50.0281397120674
,,grass,,22.02056678625394,50.02843924959697
,,grass,,22.020419527526144,50.028348488928806
,,grass,,22.020324321999635,50.02827423422004
,,grass,,22.023452176003797,50.029585839938996
,,grass,,22.023304747809405,50.02972047041463
,,grass,,22.024034199999996,50.028986700000004
,,grass,,22.023958037165173,50.0290678161814
,,grass,,22.023857057301328,50.02918393504965
,,grass,,22.023728331791794,50.02932033777592
,,grass,,22.024228099910758,50.028675224876025
,,grass,,22.02438004533084,50.02836318901039
,,grass,,22.024603470660228,50.027914581283056
,,grass,,21.952209099999997,50.040415749999994
,,grass,,22.01567743075771,50.0280989796987
,,grass,,22.01630508448101,50.027815523665595
,,grass,,22.016436113501324,50.027334077648824
,,grass,,22.015327315384983,50.02793665202279
,,grass,,22.015316034863638,50.02768468171571
,,grass,,22.015110642753644,50.02797788442894
,,grass,,22.016533666267744,50.02713731734284
,,grass,,22.02714441948768,50.024923075317446
,,grass,,22.02719845612522,50.02505399052307
,,grass,,22.027332811822863,50.02500478719569
,,grass,,22.028465637576357,50.02574268661054
,,grass,,22.030412373648634,50.02754052950829
,,grass,,22.030268463742466,50.02729150562606
,,grass,,22.030199860104286,50.02716868745466
,,grass,,22.030083299787847,50.026967862572256
,,grass,,22.029918061434262,50.02671919259544
,,grass,,22.029748981703626,50.026514002519306
,,grass,,22.029496242337647,50.02628077981276
,,grass,,22.029048066924254,50.02599604118057
,,grass,,22.02059085420565,50.0279114972403
,,grass,,22.02070463176818,50.02799736741825
,,grass,,22.019929360082998,50.02817596893277
,,grass,,22.023814652736096,50.02938685516661
,,grass,,22.02405694016708,50.029123347303646
,,grass,,22.02468783819384,50.02801827665697
,,grass,,22.024495924429377,50.028407096887435
,,grass,,22.02436060765834,50.028677184376335
,,grass,,22.025065020949754,50.027311243912415
,,grass,,22.02187850491193,50.026980729111685
,,grass,,22.022100477249154,50.02694377724823
,,grass,,22.026350100000002,50.026283150000005
,,grass,,22.026600969362296,50.02610443954847
,,grass,,22.026792850000003,50.02596749999999
,,grass,,22.0270255,50.02580165
,,grass,,22.027207992360687,50.02567996939644
,,grass,,22.027755962219892,50.02563570349516
,,grass,,22.028383797417945,50.025808181091634
,,grass,,22.028484988189035,50.0258449913977
,,grass,,22.02924812031714,50.02621919725298
,,grass,,22.02886313621641,50.02600481118136
,,grass,,22.030021147544435,50.02708957258034
,,grass,,22.02979274307379,50.026737667871714
,,grass,,22.029932078465617,50.026933272730744
,,grass,,22.02951086094569,50.02643186384753
,,grass,,22.030241704513507,50.02748459149976
,,grass,,22.030086481107872,50.02720822175407
,,grass,,22.020526795025567,50.02764788881661
,,grass,,22.020149522250517,50.027795536139585
,,grass,,22.020338581800207,50.02753957157321
,,grass,,22.02047987729192,50.02747793969152
,,grass,,22.019792155260138,50.027412658894846
,,grass,,22.019896410135257,50.027309276649525
,,grass,,22.020160261291966,50.02736337872931
,,grass,,22.01972692251147,50.02755444803097
,,grass,,22.019376691962215,50.0275761768473
,,grass,,22.019160601121545,50.027608279169506
,,grass,,22.019221145644096,50.027688546569564
,,grass,,22.01869207464255,50.02768244067728
,,grass,,22.01886598728428,50.027709135729005
,,grass,,22.0188993,50.02763303333334
,,grass,,22.019218889815292,50.028180550521114
,,grass,,22.01902811412354,50.0281937630265
,,grass,,22.018834292666792,50.02817859955302
,,grass,,22.019339424665546,50.02813201927474
,,grass,,22.01953852410409,50.02793786637235
,,grass,,22.019437176892605,50.028144849509026
,,grass,,22.01992649314421,50.02809694679462
,,grass,,22.018821550287665,50.028254608450666
,,grass,,22.019344780071027,50.02823411729519
,,grass,,22.020402811090378,50.02700938136016
,,grass,,22.020325227804214,50.02710295080841
,,grass,,22.02032842559452,50.02698026641333
,,grass,,22.020086612071392,50.02703971961135
,,grass,,22.019835252684135,50.026973962726096
,,grass,,22.019848715979645,50.026817952589994
,,grass,,22.020905340662186,50.026992072458114
,,grass,,22.020896850000003,50.0271158
,,grass,,22.020648840597573,50.02705683184124
,,grass,,22.020490392299937,50.02686004501603
,,grass,,22.020558615695833,50.02731943540003
,,grass,,22.0210864353041,50.02735979567414
,,grass,,22.021551286092414,50.02760427932959
,,grass,,22.01948661601175,50.02687315089249
,,grass,,22.019681669786294,50.02682303496053
,,grass,,22.01905103333333,50.02749183333333
,,grass,,22.01916167161182,50.02691757097784
,,grass,,22.019233830567092,50.027331703399845
,,grass,,22.01892732003681,50.02718730647956
,,grass,,22.0186469443483,50.02728344642569
,,grass,,22.018735355217817,50.02746860797323
,,grass,,22.018981882405154,50.027312694758976
,,grass,,22.019521315373712,50.02736249814586
,,grass,,22.019727745135334,50.027268006104705
,,grass,,22.019730432320248,50.02714727341452
,,grass,,22.019530976236936,50.027039808554676
,,grass,,22.018642652902432,50.02706607915844
,,grass,,22.018557338400186,50.02677552246997
,,grass,,22.01871622416531,50.02676650355427
,,grass,,22.01879361606477,50.026776643109415
,,grass,,22.017862663636347,50.02808500088891
,,grass,,22.017646821641133,50.02793093505892
,,grass,,22.017358706108965,50.02681958892092
,,grass,,22.01827074499238,50.02702972022373
,,grass,,22.018247753935487,50.026788152989155
,,grass,,22.01803856878134,50.026786254828025
,,grass,,22.01889136666667,50.02642543333334
,,grass,,22.01904279403796,50.02622947679834
,,grass,,22.019034093203114,50.026573188958295
,,grass,,22.019096230475487,50.02639074022101
,,grass,,22.01923155942482,50.02641859024672
,,grass,,22.019205237642364,50.026261734268545
,,grass,,22.018793395896466,50.02649707462353
,,grass,,22.01879510428087,50.02637752550696
,,grass,,22.01843957215355,50.02623292748774
,,grass,,22.018579915408257,50.02639476566638
,,grass,,22.018998313477255,50.02638593214143
,,grass,,22.02042368134496,50.025770792680596
,,grass,,22.01728360799724,50.02657068667026
,,grass,,22.01729103179909,50.026459308485656
,,grass,,22.017288154530164,50.0262798625397
,,grass,,22.01767679621069,50.025716393689436
,,grass,,22.0194551852588,50.025539194221764
,,grass,,22.017947927870644,50.02497769845321
,,grass,,22.017774391238664,50.024977154441764
,,grass,,22.017574287746502,50.02500177010265
,,grass,,22.017436304338805,50.024968618377365
,,grass,,22.017278526742242,50.02496616191462
,,grass,,22.017797368314014,50.024277325292196
,,grass,,22.017677289742636,50.02427465735293
,,grass,,22.0172761042959,50.024842625507034
,,grass,,22.0172794,50.0247322
,,grass,,22.017281724682245,50.02465425764651
,,grass,,22.017284484754164,50.024574624689684
,,grass,,22.017276550000002,50.02445779999999
,,grass,,22.01727916445965,50.024409275300194
,,grass,,22.017279299999995,50.0243575
,,grass,,22.017281599999997,50.024276349999994
,,grass,,22.01790829032252,50.02560759292553
,,grass,,22.017294677598976,50.025413995469656
,,grass,,22.017314104573956,50.02510047491625
,,grass,,22.01790247326746,50.025169545618056
,,grass,,22.017949919992624,50.02436283119084
,,grass,,22.017890749999996,50.024560199999996
,,grass,,22.017891200000005,50.0246498
,,grass,,22.01788885,50.024737
,,grass,,22.01788165,50.024902000000004
,,grass,,22.017885099999997,50.02483339999999
,,grass,,22.01812034944897,50.02460772137444
,,grass,,22.017767768904143,50.0241228281796
,,grass,,22.017782810355783,50.023812090180094
,,grass,,22.017776490066627,50.02396672942802
,,grass,,22.018089220371255,50.0255339375635
,,grass,,22.0181100407994,50.02503910778017
,,grass,,22.018116758847064,50.02490229482568
,,grass,,22.018152941899665,50.02372530758157
,,grass,,22.018136797863562,50.024124010405544
,,grass,,22.017325680864314,50.02396767015903
,,grass,,22.017547974573496,50.023587841118804
,,grass,,22.017934437407714,50.02358297320377
,,grass,,22.018278243194516,50.02547700615723
,,grass,,22.018845101850253,50.02508685697776
,,grass,,22.020155225737327,50.02540285831711
,,grass,,22.020104272778177,50.02456830016798
,,grass,,22.01970319963046,50.023840183065005
,,grass,,22.019647041762987,50.02410780948064
,,grass,,22.019395860362927,50.02378083826819
,,grass,,22.01928033333333,50.023675733333334
,,grass,,22.019144161536882,50.024955633237845
,,grass,,22.01876778391237,50.02494032347118
,,grass,,22.018275611062872,50.02466393805317
,,grass,,22.018294633333333,50.02357626666666
,,grass,,22.018590798584576,50.023795776798934
,,grass,,22.018239,50.024270466666664
,,grass,,22.01967965878928,50.02429100091204
,,grass,,22.021382737101813,50.02509216791147
,,grass,,22.020782262488506,50.024910741966806
,,grass,,22.02078929130142,50.02478602836618
,,grass,,22.020791491301416,50.02466382836618
,,grass,,22.02079471287815,50.024541644191274
,,grass,,22.021245178601742,50.02432961401106
,,grass,,22.020809628335652,50.025237836418846
,,grass,,22.021051364168343,50.025202524547744
,,grass,,22.02110326940173,50.02507395578674
,,grass,,22.02115955253524,50.02404796409791
,,grass,,22.020602226732166,50.024484991079994
,,grass,,22.02259426893041,50.024096771725034
,,grass,,22.021851528360713,50.026431041784974
,,grass,,22.022040648595727,50.02640377356493
,,grass,,22.022740837736166,50.0262695915985
,,grass,,22.02220743064495,50.02627016912997
,,grass,,22.02470438161908,50.02528276466555
,,grass,,22.025270569824222,50.02509608750733
,,grass,,22.02438095521933,50.02634847361144
,,grass,,22.02405378469086,50.026518024461524
,,grass,,22.02369868671618,50.02671030105611
,,grass,,22.02307656234862,50.02700856702327
,,grass,,22.024235044304284,50.02629837202901
,,grass,,22.024067201598136,50.0263888877147
,,grass,,22.0235361660738,50.02666549309554
,,grass,,22.022961158343097,50.02694897689977
,,grass,,22.022253950612022,50.02717110616696
,,grass,,22.022370155714803,50.02722274726183
,,grass,,22.02162926703097,50.027010396957394
,,grass,,22.024141200193213,50.02605946299845
,,grass,,22.024203351648033,50.02590080405894
,,grass,,22.023832017870724,50.02593263930093
,,grass,,22.023847913183662,50.02615566467538
,,grass,,22.023544758915573,50.02598693737042
,,grass,,22.023623088164523,50.025905747844185
,,grass,,22.024038041450197,50.02576590489024
,,grass,,22.023733898401574,50.025855232070235
,,grass,,22.02355850600064,50.025863644724375
,,grass,,22.024016061556246,50.02563253991617
,,grass,,22.0242280706949,50.025525205302564
,,grass,,22.024363586932893,50.02558746549093
,,grass,,22.02483967026946,50.025551522077905
,,grass,,22.024716191071153,50.025428497365226
,,grass,,22.024749671219624,50.025331982833904
,,grass,,22.024518483957984,50.02580992972622
,,grass,,22.02482394448999,50.02571582304196
,,grass,,22.024232635956512,50.02616840713103
,,grass,,22.02490324287481,50.02583150807575
,,grass,,22.025454405241685,50.02521853006742
,,grass,,22.025482230435383,50.02537233968057
,,grass,,22.0251691520221,50.02546375879713
,,grass,,22.02490129979392,50.02526133150954
,,grass,,22.025558716173435,50.02549373844066
,,grass,,22.02311484145404,50.02636145322866
,,grass,,22.017361873682447,50.022420495891886
,,grass,,22.017362400137603,50.02267917258592
,,grass,,22.01734610125208,50.02304741719634
,,grass,,22.017375569426417,50.02207831731015
,,grass,,22.017371421440778,50.02224787444187
,,grass,,22.01813022895304,50.023329455462665
,,grass,,22.01779949708462,50.02330976967396
,,grass,,22.018177271429234,50.02244285093354
,,grass,,22.018785873935375,50.02317451019948
,,grass,,22.01884924028834,50.02256580952775
,,grass,,22.01906286823146,50.02300033510386
,,grass,,22.019063133934626,50.023114556790524
,,grass,,22.01905056096784,50.02341717115213
,,grass,,22.019093082227837,50.0221361101867
,,grass,,22.018931377435617,50.021784245659134
,,grass,,22.019187622685234,50.02309449879851
,,grass,,22.01916045572868,50.02330284499875
,,,wood,21.97995674300908,50.04888670850976
,,,wood,21.98150668194775,50.05002768700863
,garden,,,21.981477626026823,50.04965634902153
,garden,,,21.97969246782319,50.049095033543566
,garden,,,21.979612151177317,50.049850850554066
,,,wood,21.979709941473264,50.04960144737271
,garden,,,21.980040950013738,50.04978815112543
,,,wood,21.978416376161114,50.04991349449757
,,grass,,22.01797627223314,50.020360242379894
,,grass,,22.011522066385467,50.04140837634604
,,grass,,22.01167606865099,50.041361954100935
,,grass,,22.011605464985585,50.04128366223286
,,grass,,22.011470211781948,50.04135936107074
,,grass,,22.0182362609097,50.01840943431634
,,grass,,21.950120566963527,50.03869613449907
,,grass,,21.94999678971115,50.03888429639544
,,grass,,21.95061802008901,50.03884220818071
,,grass,,21.95044889686144,50.03888398875562
,,grass,,21.95065709684641,50.040041981134834
,,grass,,21.95088709211086,50.039688869813375
,,grass,,21.951066170393567,50.03987910425454
,,grass,,21.95086843814899,50.03991080864318
,,grass,,21.951191082199443,50.039261167519555
,,grass,,21.950853719661378,50.03898761813877
,,grass,,21.950662330064294,50.0386712482837
,,grass,,22.026979018631792,50.02488079797905
,,grass,,22.014767969574688,50.034936806497036
,,grass,,22.015729138171167,50.03581934215087
,,grass,,22.01588293316229,50.03598640466418
,,grass,,22.015745709426902,50.03436141670627
,,grass,,21.952922902842893,50.04054949075372
,,grass,,21.95308202450356,50.04071363487085
,,grass,,22.01665559398634,50.03145029258312
,,grass,,22.015937978494755,50.03248145264417
,,grass,,22.015821821559502,50.031672081701466
,,grass,,22.015985183034676,50.030879005674386
,,grass,,22.0158154,50.03093429999999
,,grass,,22.01568266490229,50.031098550161865
,,grass,,22.015474977018165,50.03213703167799
,,grass,,22.0155654,50.032170900000004
,,grass,,22.01564685668628,50.03209674283298
,,grass,,22.01564529285714,50.03172412826088
,,grass,,22.015652368120517,50.03138946537241
,,grass,,22.015379320110217,50.03213859256995
,,grass,,22.015387228662025,50.03229129094814
,,grass,,22.015570188354303,50.032232248894616
,,grass,,22.015766661851238,50.0324348735162
,,grass,,22.015840584144104,50.03248976999916
,,grass,,22.015330036448013,50.03156880234047
,,grass,,22.015382862320834,50.0313954898899
,,grass,,22.01549125,50.031371850000006
,,grass,,22.015477813713996,50.03149007558998
,,grass,,22.014982046858393,50.03172042765189
,,grass,,22.014994039539207,50.0320567831431
,,grass,,22.015073973526356,50.031893156329744
,,grass,,22.015129895026227,50.03110650278416
,,grass,,22.01474645659832,50.03129918239514
,,grass,,22.015481850000004,50.03122805
,,grass,,22.015486428817553,50.03112694223793
,,grass,,22.01480815839454,50.03085769695205
,,grass,,22.015254375510715,50.03186563054442
,,grass,,22.014728354467913,50.03167623349515
,,grass,,22.014161745447765,50.03082602928427
,,grass,,22.014616729394373,50.03100095645419
,,grass,,22.014330122897928,50.030800611805525
,,grass,,22.01391638941983,50.03148101355503
,,grass,,22.014115029641687,50.028916292441814
,,grass,,22.014298050000004,50.02928280000001
,,grass,,22.01422560150686,50.02906447590766
,,grass,,22.0141701,50.029187900000004
,,grass,,22.014284361059683,50.02920105981308
,,grass,,22.0143042123546,50.0293820777175
,,grass,,22.014379632946167,50.02914148344394
,,grass,,22.01445763333333,50.029075066666664
,,grass,,22.014342786231932,50.02890568883862
,,grass,,22.0135061,50.02878905000001
,,grass,,22.013988972873793,50.02880495105398
,,grass,,22.013501715603383,50.028947271808356
,,grass,,22.013427513990504,50.029163465070994
,,grass,,22.01359617757236,50.02946368268908
,,grass,,22.014076421721317,50.02942014043716
,,grass,,22.014091971074773,50.029191798556646
,,grass,,22.01313462395555,50.029613026876845
,,grass,,22.013149725340647,50.02938390784731
,,grass,,22.0139087,50.0291834
,,grass,,22.013104770388104,50.03002891205777
,,grass,,22.013113996734507,50.02986317318959
,,grass,,22.01312418233691,50.02973012694883
,,grass,,22.0154294,50.0296527
,,grass,,22.01590480064224,50.029561401777755
,,grass,,22.016074906649827,50.02957516172119
,,grass,,22.01607868828199,50.02965344921207
,,grass,,22.015914420412333,50.02963683000036
,,grass,,22.012667044299004,50.0285746812706
,,grass,,22.011751377426446,50.028624337999396
,,grass,,22.01296509136094,50.029205883598266
,,grass,,22.011335938734824,50.041203586690166
,,grass,,22.011410000587542,50.04129711583398
,,grass,,22.008146867500727,50.03132836000419
,,grass,,22.012527682221734,50.03092988130167
,,grass,,22.012589654714674,50.03101366058661
,,grass,,22.0128457,50.031133999999994
,,grass,,22.012202294597664,50.03106566826589
,,grass,,22.012579959565766,50.03073188776982
,,grass,,22.012927556779537,50.03092292207879
,,grass,,22.01272763373798,50.031168634495934
,,grass,,22.012738902770252,50.031072001992904
,,grass,,22.012780448849067,50.03150185197266
,,grass,,22.01503074352655,50.03166320387266
,,grass,,22.01567392451657,50.032525175247464
,,grass,,22.015507550000002,50.032505799999996
,,grass,,22.01532287474628,50.032505202848526
,,grass,,22.015058230846826,50.03243099857951
,,grass,,22.01498463333333,50.03249426666667
,,grass,,22.016053499999998,50.03229235
,,grass,,22.016055899999998,50.03217035
,,grass,,22.01605909570414,50.03204707453139
,,grass,,22.0160611,50.031926150000004
,,grass,,22.016061529776337,50.031803109378615
,,grass,,22.016065200000003,50.03167675
,,grass,,22.016069604295858,50.03155812546861
,,grass,,22.01607080429586,50.0314356254686
,,grass,,22.01607439570414,50.03131077453139
,,grass,,22.016077199999998,50.03119035000001
,,grass,,22.0160821,50.0309594
,,grass,,22.016079004295857,50.03106662546861
,,grass,,22.01306206545146,50.03057257915537
,,grass,,22.013076810958168,50.03031447572759
,,grass,,22.01308921541038,50.03018130533865
,,grass,,22.010227458928977,50.03180454748008
,,grass,,22.01011992020617,50.031820475956636
,,grass,,22.009850909489604,50.031711195174225
,,grass,,22.009671841423746,50.031630484463605
,,grass,,22.009244695102236,50.031330092879735
,,grass,,22.00967339585425,50.02884451966928
,,grass,,22.008355644529072,50.02911432357726
,,grass,,22.011464982866485,50.02844029699203
,,grass,,22.010740672699246,50.02856350529312
,,grass,,22.010296291961026,50.028677600054486
,,grass,,22.009132832921058,50.028819519588524
,,grass,,22.00878826610627,50.02883395638276
,,grass,,22.00855825167566,50.028938359518065
,,grass,,22.00778954540979,50.028658780587655
,,grass,,22.007593406209413,50.02846802022804
,,grass,,22.009148127884277,50.028338457070966
,,grass,,22.00907158059695,50.028418008066396
,,grass,,22.009311752230943,50.02865802029675
,,grass,,22.009620548166865,50.028790947976645
,,grass,,22.01006954890387,50.0280681941772
,,grass,,22.00987223159879,50.02811073269565
,,grass,,22.00949784101682,50.028177808313906
,,grass,,22.009750023780846,50.028197331556235
,,grass,,22.010889816349064,50.03028953136624
,,grass,,22.011385069200518,50.03001652119584
,,grass,,22.00919365787871,50.0311861677197
,,grass,,22.011745882302908,50.02825729892377
,,grass,,22.0116323,50.0282547
,,grass,,22.01145039255826,50.02815179838043
,,grass,,22.0110068,50.02802705000001
,,grass,,22.015558671525422,50.02755347408956
,,grass,,22.015865458713037,50.02741574847067
,,grass,,22.012540282183828,50.02775128368883
,,grass,,22.012046284128278,50.028181673582836
,,grass,,22.012231726346425,50.028082842421256
,,grass,,22.01212976264006,50.02823061436046
,,grass,,22.011915608091837,50.02674429295138
,,grass,,22.011480373920115,50.02779223004204
,,grass,,22.01402177420051,50.02825557068528
,,grass,,22.013420098720562,50.02825543662611
,,grass,,22.01319090610748,50.02823947512811
,,grass,,22.012930880792574,50.028260975190186
,,grass,,22.014318677466633,50.028325941336924
,,grass,,22.013407010569342,50.02835104687702
,,grass,,22.013028659404725,50.02835247810454
,,grass,,22.007695925897437,50.027674388015036
,,grass,,22.00748729959462,50.02779148454299
,,grass,,22.008499849999996,50.02813215
,,grass,,22.00850595,50.02798545
,,grass,,22.008510459539053,50.02784047551245
,,grass,,22.00851709045249,50.027692924487845
,,grass,,22.00852214046095,50.02754832448756
,,grass,,22.008149348193683,50.02787341982946
,,grass,,22.008231809297797,50.026829046189796
,,grass,,22.0080628,50.02742736666667
,,grass,,22.0080934,50.02724356666666
,,grass,,22.007598861006212,50.02677631622292
,,grass,,22.007397021925087,50.027187171549535
,,grass,,22.007334196216004,50.02671027407249
,,grass,,22.00707337563576,50.0265340045266
,,grass,,22.007571562888298,50.02645379612336
,,grass,,22.007798909350768,50.02636791898564
,,grass,,22.00840544883057,50.026361133809665
,,grass,,22.007967290993342,50.026368981188654
,,grass,,22.00807356357906,50.02635289239769
,,grass,,22.00708713666749,50.0272637661054
,,grass,,22.00778621766243,50.026850195768446
,,grass,,22.008861334247225,50.027228219587265
,,grass,,22.00884383608231,50.02760982313513
,,grass,,22.00889161665941,50.02798241458007
,,grass,,22.008964480211713,50.02813320980819
,,grass,,22.008564200000002,50.027185249999995
,,grass,,22.00857069490421,50.027041224286464
,,grass,,22.0085729,50.0268958
,,grass,,22.008579405095787,50.02675737571353
,,grass,,22.00858714492073,50.02660042407945
,,grass,,22.00887346701625,50.02700767492463
,,grass,,22.009079655446513,50.02761785366026
,,grass,,22.0090924373622,50.02728467775301
,,grass,,22.0088806226767,50.026784087867654
,,grass,,22.009106665974418,50.027026246568944
,,grass,,22.009070733333335,50.02685676666667
,,grass,,22.00912220184041,50.026720878358105
,,grass,,22.009115868527626,50.02647134536662
,,grass,,22.008933262963787,50.02644033431029
,,grass,,22.0087458861352,50.02639738974164
,,grass,,22.008835833402273,50.026587736928676
,,grass,,22.009148674337958,50.02617186074002
,,grass,,22.009743552487084,50.02749053367648
,,grass,,22.009566898503735,50.02750406327325
,,grass,,22.00953660261144,50.02801853013701
,,grass,,22.00934922721147,50.02719822281911
,,grass,,22.009342028343163,50.027341999437056
,,grass,,22.009336098719686,50.027488404594955
,,grass,,22.009330127748264,50.02764058671545
,,grass,,22.009325723845656,50.02778354047005
,,grass,,22.0093557,50.02682219999999
,,grass,,22.0093596,50.02667769999999
,,grass,,22.009363768142915,50.026527415039055
,,grass,,22.009370049999994,50.026383499999994
,,grass,,22.009373500000002,50.026235650000004
,,grass,,22.009596448338183,50.02652088373452
,,grass,,22.010029084826794,50.02621077646296
,,grass,,22.009780434823806,50.02666475892076
,,grass,,22.010115375299236,50.02679274410652
,,grass,,22.010324546550013,50.02676831432322
,,grass,,22.0102383,50.026515933333336
,,grass,,22.01010306917056,50.02659492900682
,,grass,,22.0099991497868,50.02652459158903
,,grass,,22.011136281334885,50.02779888027854
,,grass,,22.011255980890255,50.02779256583558
,,grass,,22.011052305520767,50.02786775159577
,,grass,,22.011265324280764,50.02793931478695
,,grass,,22.011021979972732,50.027930919729904
,,grass,,22.010788867278684,50.027926232106154
,,grass,,22.01061859467956,50.027922347911115
,,grass,,22.010408400740335,50.027919105134906
,,grass,,22.010126335733666,50.027938620659306
,,grass,,22.010071857979053,50.027838317252
,,grass,,22.01009913720809,50.027692539601574
,,grass,,22.01004875595079,50.027563017399345
,,grass,,22.01004964565345,50.027443538110774
,,grass,,22.01003385500429,50.02731779924362
,,grass,,22.009979236378047,50.027008157880715
,,grass,,22.009983099593565,50.0271395787992
,,grass,,22.010366824616074,50.02738386557668
,,grass,,22.010154717351085,50.027443405188684
,,grass,,22.0101396187179,50.02730567986662
,,grass,,22.010118705425004,50.02717493627728
,,grass,,22.010106850000003,50.02707185
,,grass,,22.010107074380144,50.02701025133217
,,grass,,22.010107799999997,50.026929149999994
,,grass,,22.010657011956777,50.02749808744353
,,grass,,22.010601596369693,50.027174914420634
,,grass,,22.010648422987487,50.02693194182657
,,grass,,22.011294077007555,50.02678313551845
,,grass,,22.01126636633424,50.02659185399829
,,grass,,22.011282683239237,50.027023117503624
,,grass,,22.011288402652106,50.026917402709
,,grass,,22.0109068331533,50.026904716092574
,,grass,,22.0106905,50.0267402
,,grass,,22.01077909387961,50.02657573856921
,,grass,,22.010381953330164,50.02656858197452
,,grass,,22.01125631750945,50.02758588438336
,,grass,,22.01125929519248,50.02739942443177
,,grass,,22.01128176640806,50.02716551066254
,,grass,,22.01113420062711,50.027281278849095
,,grass,,22.011135883439447,50.02740984508239
,,grass,,22.011130869282557,50.02752991821288
,,grass,,22.011104623136987,50.02769116427012
,,grass,,22.010859527434793,50.02784412239964
,,grass,,22.0106218681688,50.02785197533372
,,grass,,22.010415799999997,50.02784894999999
,,grass,,22.011158430288692,50.02704343574273
,,grass,,22.011174949850822,50.026919807451456
,,grass,,22.01116800748124,50.026737329611244
,,grass,,22.0180583867754,50.00077354465619
Ogród kieszonkowy - Bielefeld,park,,,22.03350837952067,50.03980992057719
,,grass,,21.985875419972285,50.02142293016257
,,grass,,21.98554406192487,50.021418090957795
,,grass,,21.984884378318746,50.02142857748936
,,grass,,22.006503995055795,50.02585343227808
,,grass,,22.006633105814068,50.02615899273271
,,grass,,22.008329046809266,50.02570715307487
,,grass,,22.008327846140755,50.02564557401203
,,grass,,22.007154168902876,50.025991917447904
,,grass,,22.007152198067992,50.02608346706518
,,grass,,22.00714557906238,50.02618480448923
,,grass,,22.00757160000002,50.0262181
,,grass,,22.008227464248233,50.02619873203616
,,grass,,22.006666867332097,50.02574958832373
,,grass,,22.008807950802847,50.025700426545576
,,grass,,22.008568534854767,50.02520323827413
,,grass,,22.008562434162084,50.02533941089128
,,grass,,22.008556559379805,50.02548580584165
,,grass,,22.008552809009352,50.02563157823685
,,grass,,22.008546411947684,50.0257824121879
,,grass,,22.008540363608102,50.025922590769206
,,grass,,22.008635682168737,50.02616939090137
,,grass,,22.00880944917014,50.024616724500625
,,grass,,22.008586368459216,50.024371285979875
,,grass,,22.008578500000002,50.024519100000006
,,grass,,22.00857324399872,50.02466607445899
,,grass,,22.008568031540786,50.024810514020125
,,grass,,22.00856375,50.024958549999994
,,meadow,,22.01610017743494,50.00289336632099
,,grass,,22.005133680416858,50.04631684396226
,,grass,,22.00494339328652,50.04642215244105
,,grass,,22.002225073031248,50.01558379993235
,,grass,,22.00218623433599,50.01549353295275
,,grass,,22.001943847378858,50.015123464834176
,,grass,,22.001875552863954,50.01492753897708
,,grass,,22.002247696556598,50.014781734669526
,,grass,,22.00257082671169,50.01469461716383
,,grass,,22.00289148215567,50.0146072877955
,,grass,,22.003060379376905,50.01456480444001
,,grass,,22.003275630685252,50.01461431507906
,,grass,,21.966961961701593,50.00795264096543
,,grass,,22.006296809540054,50.025355996402475
,,grass,,22.00647181783202,50.02544575504402
,,grass,,22.006500810026697,50.02521972951954
,,grass,,22.007239197153144,50.025335121106565
,,grass,,22.00730180601745,50.02443412087592
,,grass,,22.006833157442117,50.02473868575395
,,grass,,22.00731954635774,50.02493262076455
,,grass,,22.0075797,50.02438413333333
,,grass,,22.00737083297235,50.02416759082449
,,grass,,21.97766179916051,49.99936540654017
,,grass,,21.97697169796899,49.99692091883491
,,grass,,21.977477134952387,49.99706713623541
,,grass,,22.010533908333276,50.04038312417123
,,grass,,22.010840186929503,50.04071067295251
,,grass,,22.011532855467898,50.04112104222969
,,grass,,22.011275024329773,50.04112312736557
,,grass,,22.01047407192863,50.0405773769921
,,grass,,22.011067762157893,50.04084555651738
,,grass,,22.01114276682397,50.041071654597324
,,grass,,22.007948866666666,50.02462616666667
,,grass,,22.00816603734706,50.02527249568886
,,grass,,22.00792921795508,50.02508717257321
,,grass,,22.007885223906136,50.02474666690219
,,grass,,22.007920399999996,50.025424699999995
,,grass,,22.0076893754666,50.024560290854446
,,grass,,22.0076838,50.02469765
,,grass,,22.00767825,50.0248453
,,grass,,22.00767825,50.0249854
,,grass,,22.00767205,50.02513625
,,grass,,22.007666993550448,50.025283624497085
,,grass,,22.008249065848023,50.02440351193498
,,grass,,22.0079452,50.024418350000005
,,grass,,22.008138854955938,50.0242666389895
,,grass,,22.0116095652651,50.02626428467886
,,grass,,22.005994277693794,50.02467987986541
,,grass,,22.005915517812923,50.02472192032931
,,grass,,22.006211850319374,50.02492935838409
,,grass,,22.00816892212563,50.023977643192794
,,grass,,22.007718654293623,50.02397980784752
,,grass,,22.008332533333334,50.02547916666666
,,grass,,22.008336213804792,50.02520667873059
,,grass,,22.008286093328284,50.02502330339589
,,grass,,22.008224949641672,50.02470104684493
,,grass,,22.008804327949242,50.02401689253256
,,grass,,22.015918417822608,50.0252829193316
,,grass,,22.01520146668009,50.02611870498818
,,grass,,22.0153812538771,50.02609446505041
,,grass,,22.015652587429333,50.02609598766002
,,grass,,22.015661985157102,50.02573259280305
,,grass,,22.016513410557327,50.02493209555888
,,grass,,22.016432559741723,50.02509771663613
,,grass,,22.016205300000017,50.0261111
,,grass,,22.01621529661823,50.025943622519705
,,grass,,22.016219700000004,50.02577725
,,grass,,22.016228474429095,50.02561222217037
,,grass,,22.01522205027609,50.024922656108714
,,grass,,22.015204050870793,50.02586748987312
,,grass,,22.01521326356405,50.02571771603969
,,grass,,22.015220463564052,50.0255679160397
,,grass,,22.01522131225748,50.02541593517215
,,grass,,22.01523408132088,50.025260096753165
,,grass,,22.015415904260813,50.02538574356967
,,grass,,22.013118396750468,50.0261416250151
,,grass,,22.01233158665002,50.02626727298792
,,grass,,22.011104287162656,50.02566140981467
,,grass,,22.01103085420147,50.02614098093282
,,grass,,22.011006928513023,50.02591978945267
,,grass,,22.01051646659316,50.02377526342469
,,grass,,22.010364139469253,50.02373857255971
,,grass,,22.010578211125722,50.02350969073458
,,grass,,22.009035204611074,50.02438518641326
,,grass,,22.010046051367468,50.02433156261583
,,grass,,22.00919589333333,50.024216315555556
,,grass,,22.010350272562864,50.025495201507766
,,grass,,22.01027062437462,50.0249336762346
,,grass,,22.01100527963513,50.02546074885204
,,grass,,22.010894297152486,50.02519599980208
,,grass,,22.01065016070816,50.025026541615524
,,grass,,22.01318542379818,50.02486385661213
,,grass,,22.01359484542124,50.02551532456079
,,grass,,22.01372720720975,50.02530342554912
,,grass,,22.0134182,50.02530724999999
,,grass,,22.013693392578848,50.02505722139865
,,grass,,22.013384361045542,50.02508581274081
,,grass,,22.01220419617537,50.02413580065999
,,grass,,22.014208154721672,50.02482671117299
,,grass,,22.013798965339852,50.025904601586475
,,grass,,22.01471388821032,50.0259077161272
,,grass,,22.01492209369356,50.026005886379856
,,grass,,22.014780582356995,50.025710352638455
,,grass,,22.01478899515018,50.0261755009666
,,grass,,22.01420077137308,50.026317304134814
,,grass,,22.014373967825275,50.02551876558507
,,grass,,22.01436686298588,50.02566871660658
,,grass,,22.014361190796293,50.02582197392971
,,grass,,22.01435409079629,50.0259737739297
,,grass,,22.014348978980067,50.02612606577858
,,grass,,22.01413208048618,50.02582241758445
,,grass,,22.014683007226807,50.025419280883966
,,grass,,22.014636700000004,50.0251456
,,grass,,22.014973517320673,50.02558777664612
,,grass,,22.014825759698365,50.02502249255771
,,grass,,22.01492213844376,50.025272894673726
,,grass,,22.015419140302214,50.024592516550975
,,grass,,22.014819100015593,50.024730270125914
,,grass,,22.01646084728586,50.02439496370736
,,grass,,21.976457284768554,50.04989769817494
,,grass,,21.97673208095798,50.050163682695704
,,grass,,22.011090066496052,50.024191277803894
,,grass,,22.011545673553787,50.024688579663746
,,grass,,22.01143637673183,50.02447853984086
,,grass,,22.011444468221093,50.02400604313317
,,grass,,22.012201333333337,50.024330666666664
,,grass,,22.01183788418572,50.02423474685595
,,grass,,22.012281183428446,50.02513989179536
,,grass,,22.012298266705475,50.02506281734121
,,grass,,22.012539973932007,50.02504495559948
,,grass,,22.012372637972078,50.024858623419576
,,grass,,22.011743096366335,50.02474624182028
,,grass,,22.012005480697272,50.02496987808461
,,grass,,22.0138302858365,50.02391514375081
,,grass,,22.014530857033897,50.0234527259654
,,grass,,22.01606466626041,50.023988550068275
,,grass,,22.015832116413353,50.02388126895808
,,grass,,22.015059450000003,50.023494899999996
,,grass,,22.015053899999998,50.02363614999999
,,grass,,22.01505010988382,50.02378882535318
,,grass,,22.0150458,50.023940450000005
,,grass,,22.015041509883822,50.024091425353184
,,grass,,22.01503619011618,50.02424167464683
,,grass,,22.014491916017604,50.02332189018104
,,grass,,22.014615552057844,50.02318918014677
,,grass,,22.014618014327837,50.023045678580345
,,grass,,22.014612969935264,50.02291500742021
,,grass,,22.014587404490147,50.02275864049642
,,grass,,22.01485110553098,50.022893810178836
,,grass,,22.015889916062804,50.023039537036055
,,grass,,22.015892092726723,50.02319072989674
,,grass,,22.015883994852018,50.02334365421637
,,grass,,22.015881819581896,50.02349728130706
,,grass,,22.015881320269692,50.023647786184355
,,grass,,22.016121790873683,50.023351389401796
,,grass,,22.016131124074093,50.02236689945773
,,grass,,22.01621975483739,50.021672485339955
,,grass,,22.016793257943,50.02198537390359
,,grass,,22.0167733960989,50.02256448539881
,,grass,,22.016113615497822,50.02179754951754
,,grass,,22.01644204017117,50.02193928541963
,,grass,,22.016413640166384,50.02245627819384
,,grass,,22.01677454165168,50.02326866571346
,,grass,,22.01676426900695,50.02299276984417
,,grass,,22.01639555346853,50.02322343945699
,,grass,,22.016533953899195,50.023696270093
,,grass,,22.015121855040398,50.02265427551856
,,grass,,22.01511721942991,50.02280623818612
,,grass,,22.01511045,50.022955200000006
,,grass,,22.01510627048122,50.02310851076257
,,grass,,22.015103444959603,50.02325882448144
,,grass,,22.01532768181552,50.02340724668777
,,grass,,22.015322316505426,50.02366269128771
,,grass,,22.015568563480993,50.02343169160785
,,grass,,22.015587591655965,50.02385225464624
,,grass,,22.01552678228133,50.02256305722592
,,grass,,22.015455403209838,50.02272590536365
,,grass,,22.01543248537059,50.02301653349105
,,grass,,22.015113467733176,50.0216656949256
,,grass,,22.013925945673684,50.02284227677255
,,grass,,22.01381150072557,50.02302224214547
,,grass,,22.014150466636735,50.02301237999602
,,grass,,22.013283712257905,50.02312281410659
,,grass,,22.013856724304475,50.022750619781334
,,grass,,22.01405973891418,50.02279814537451
,,grass,,22.014303461520917,50.02272918847988
,,grass,,22.013560319161513,50.02257412412826
,,grass,,22.013401866428243,50.022787799330914
,,grass,,22.013408372862052,50.02267392300811
,,grass,,22.013578462144864,50.022668740350554
,,grass,,22.01367772597803,50.022785205565754
,,grass,,22.013698227903124,50.02258515754333
,,grass,,22.013256934535356,50.02246059106918
,,grass,,22.01430494523501,50.022364492852105
,,grass,,22.01417133333333,50.02241436666666
,,grass,,22.013976955910547,50.022399442469556
,,grass,,22.01371510975133,50.02240029288233
,,grass,,22.0138808972235,50.02250241763353
,,grass,,22.01376074758459,50.02204032452099
,,grass,,22.01382993288864,50.022135468216796
,,grass,,22.014275949464214,50.022486650107496
,,grass,,22.01440338558664,50.02193613028637
,,grass,,22.01440109493152,50.022053975074584
,,grass,,22.014406906823417,50.02228388648537
,,grass,,22.012932730468187,50.02165271504155
,,grass,,22.013842153537766,50.02165848800664
,,grass,,22.01390900950591,50.02177727298627
,,grass,,22.013532460149403,50.021788388787876
,,grass,,22.013578825027448,50.02199000248892
,,grass,,22.013380046509536,50.021980454706046
,,grass,,22.01214686667052,50.02272951829076
,,grass,,22.013027797198454,50.02177873759912
,,grass,,22.011329001953797,50.02345872841114
,,grass,,22.013210198006078,50.022878798263584
,,grass,,22.014429820228752,50.01994764194636
,,grass,,22.01437921408454,50.020406851500674
,,grass,,22.004106628723637,50.02169200541896
,,grass,,22.004839700800638,50.02324636537837
,,grass,,22.006953985402237,50.02743965295085
,,grass,,22.0068350455503,50.027153443352454
,,grass,,22.00678229768321,50.02702661229597
,,grass,,22.00663185377097,50.02666385399838
,,grass,,22.00578508355285,50.024980765192325
,,grass,,22.00608667674513,50.025568561162125
,,grass,,22.00619997906691,50.025842280964504
,,grass,,22.010603136304773,50.023071108507004
,,grass,,22.010567070951115,50.02268992896613
,,grass,,22.0104647,50.0222612
,,grass,,22.010700113270506,50.02233086080375
,,grass,,22.010708464886534,50.02214512456334
,,grass,,22.010557818472613,50.02197994654549
,,grass,,22.010689807676158,50.021777939965574
,,grass,,22.010834466666665,50.02258346666666
,,grass,,22.00991082789726,50.02170122779506
,,grass,,22.00915432313598,50.02180364601165
,,grass,,22.009332576319352,50.02154291964472
,,grass,,22.009102188843723,50.0215170325403
,,grass,,22.008903605140716,50.0215197300624
,,grass,,22.008684634410248,50.02150468564249
,,grass,,22.009163297065,50.02137730238602
,,grass,,22.009740654966865,50.02145669615539
,,grass,,22.00958965663238,50.02163808651364
,,grass,,22.00933368748267,50.0216287937147
,,grass,,22.009105276932342,50.02161953425229
,,grass,,22.00889841837913,50.02161139085111
,,grass,,22.008687228125474,50.02160339701625
,,grass,,22.005404393536065,50.02348156446177
,,grass,,22.005187829762775,50.023848486648696
,,grass,,22.005130700199445,50.0233898814132
,,grass,,22.00388487118276,50.02062751907144
,,grass,,22.00415612110328,50.021119622809245
,,grass,,22.003705896342325,50.02104685166887
,,grass,,22.003774567341956,50.021123132226435
,,grass,,22.003577564683678,50.020918491616676
,,grass,,22.00574987775423,50.0235151835524
,,grass,,22.005715673523532,50.02382127298617
,,grass,,22.005758035730754,50.02366585361023
,,grass,,22.004060244097204,50.02283391744406
,,grass,,22.004770648066923,50.02333637910956
,,grass,,22.00388418975342,50.02315136950949
,,grass,,22.003503099999996,50.02208276666667
,,grass,,22.007668231653057,50.023718167985976
,,grass,,22.008237451609336,50.023229203971894
,,grass,,22.008185499916127,50.02357193834869
,,grass,,22.00800397169643,50.02371985776307
,,grass,,22.00881626036746,50.02313735572536
,,grass,,22.009259768750532,50.02303809738074
,,grass,,22.00851797242872,50.022731570402335
,,grass,,22.008731259714033,50.023738563524006
,,grass,,22.009233790693653,50.02353854797803
,,grass,,22.00938465740334,50.0235033691267
,,grass,,22.00599649454963,50.022748388619135
,,grass,,22.006085389583813,50.02310459194819
,,grass,,22.00642364046895,50.023072218311356
,,grass,,22.006215246057103,50.02247473981843
,,grass,,22.006330918905057,50.02285373494989
,,grass,,22.0045022,50.02209173333333
,,grass,,22.005040084581523,50.022577425205306
,,grass,,22.005613253702524,50.02316720571891
,,grass,,22.005491177534513,50.0232169694265
,,grass,,22.005248888340795,50.023160318620164
,,grass,,22.004097602391262,50.017868713848095
,,grass,,22.003387072365225,50.021529635541334
,,grass,,22.006223024402082,50.02167560098499
,,grass,,22.005915605982143,50.02165664046
,,grass,,22.005937634378547,50.02136468168462
,,grass,,22.005926982408017,50.02151056693892
,,grass,,22.005897355788587,50.021948657001424
,,grass,,22.005908005278044,50.021802804047105
,,grass,,22.014845317420637,50.02194733515978
,,grass,,22.004288961851735,50.020069679646575
,,grass,,22.006308333333333,50.021097733333335
,,grass,,22.006319476169676,50.02122085693709
,,grass,,22.00622427873048,50.02066414560105
,,grass,,22.005975303628247,50.02042557626823
,,grass,,22.0059664,50.020562749999996
,,grass,,22.005954700000004,50.0207121
,,grass,,22.005948,50.0208568
,,grass,,22.005936099999996,50.02100629999999
,,grass,,22.00633717134302,50.020311904165936
,,grass,,22.004657249732087,50.01992400470742
,,grass,,22.004782007429434,50.02014817308638
,,grass,,22.005741225437205,50.019984955347276
,,grass,,22.005681941358727,50.01971532856909
,,grass,,22.00599170228197,50.01967287712829
,,grass,,22.005362772078215,50.01995618355428
,,grass,,22.00503512987265,50.01984076218642
,,grass,,22.00623909333809,50.02012160646778
,,grass,,22.007278500313934,50.01919593149844
,,grass,,22.005737837609175,50.01957725308401
,,grass,,22.00450142198506,50.01983547383134
,,grass,,22.003815604823455,50.02021261916658
,,grass,,22.007060779392535,50.02115325349534
,,grass,,22.00670012119225,50.02114549427041
,,grass,,22.006502445301543,50.021078738105544
,,grass,,22.00666250363046,50.02051983661296
,,grass,,22.00766989612219,50.02118071555608
,,grass,,22.008459920463547,50.020758825421986
,,grass,,22.00833351115875,50.02092016302243
,,grass,,22.00725260628004,50.0208015209571
,,grass,,22.00804490688602,50.020700504595844
,,grass,,22.0085406,50.02060375000001
,,grass,,22.007940114922647,50.02087247928721
,,grass,,22.00867415111993,50.020884392309796
,,grass,,22.005381431171067,50.02428214976359
,,grass,,22.011296305692397,50.02033251696752
,,grass,,22.01075146923704,50.02032077172476
,,grass,,22.011512485092346,50.02096105583178
,,grass,,22.012613714107445,50.020961034474546
,,grass,,22.01265949346227,50.02134621023207
,,grass,,22.01252881408853,50.02153536181771
,,grass,,22.01151675,50.020678950000004
,,grass,,22.011525510090213,50.02050948151717
,,grass,,22.012072899999993,50.020792349999994
,,grass,,22.012291503677993,50.02080771906616
,,grass,,22.01216426217208,50.02064448923539
,,grass,,22.011753542111936,50.020468276542445
,,grass,,22.011113721002932,50.02052519401674
,,grass,,22.01184024022219,50.02118223674533
,,grass,,22.011749478040983,50.02148597171098
,,grass,,22.010966918798744,50.02004888585588
,,grass,,22.010566936655366,50.02028957551306
,,grass,,22.010399787950558,50.020274100971136
,,grass,,22.009898897393604,50.0192880635374
,,grass,,22.00984725779916,50.019173458975004
,,grass,,22.009988260208317,50.01954757140026
,,grass,,22.009970022625172,50.019845371796464
,,grass,,22.01001166421566,50.02019011531146
,,grass,,22.010002221272607,50.02057137240798
,,grass,,22.009951746418324,50.02073711101083
,,grass,,22.007838050000004,50.019757
,,grass,,22.0074553558263,50.0195800671634
,,grass,,22.007665350000003,50.02031254999999
,,grass,,22.008079689533105,50.020301874362396
,,grass,,22.00849770242308,50.02032202608441
,,grass,,22.00829472321504,50.01953663406716
,,grass,,22.008330074590212,50.020006874410825
,,grass,,22.007788789962557,50.019954198232874
,,grass,,22.008067949999997,50.0205501
,,grass,,22.009089356095174,50.019595089280976
,,grass,,22.009601182567973,50.01891398381928
,,grass,,22.009553900891923,50.01874765029128
,,grass,,22.009386133333333,50.0187324
,,grass,,22.0096361,50.01995674999999
,,grass,,22.00964185,50.019791
,,grass,,22.009649355453185,50.019629875514916
,,grass,,22.009652850000005,50.019468
,,grass,,22.009661850000004,50.019303900000004
,,grass,,22.009185400301007,50.02066821339147
,,grass,,22.009565375467584,50.020984791323045
,,grass,,22.009571175467585,50.02082479132305
,,grass,,22.009577550000003,50.0206625
,,grass,,22.00958446748975,50.020498015855765
,,grass,,22.00959375,50.020336900000004
,,grass,,22.01032557401887,50.018445332657826
,,grass,,22.00955307890235,50.01863496605383
,,grass,,22.009898736080117,50.01894195288369
,,grass,,22.010183255913034,50.01887662130918
,,grass,,22.010110510747218,50.01910913220738
,,grass,,22.010339855521398,50.02010994386919
,,grass,,22.010350276081375,50.01961955636156
,,grass,,22.010354024791052,50.01944533344246
,,grass,,22.0103577,50.0192931
,,grass,,22.01036037598905,50.01916700922231
,,grass,,22.010361750000005,50.019014199999994
,,grass,,22.010260304549625,50.01939646573306
,,grass,,22.010133545946694,50.01867694144221
,,grass,,22.010778662764736,50.01848662842096
,,grass,,22.01070900314965,50.01867487214096
,,grass,,22.010475749999998,50.0196199
,,grass,,22.010479649999997,50.019469650000005
,,grass,,22.010482784858606,50.01931716806007
,,grass,,22.01048552464339,50.0191655573526
,,grass,,22.010488775346612,50.019014142966455
,,grass,,22.010882943423013,50.01933504115054
,,grass,,22.013035814068115,50.02153155871783
,,grass,,22.013844268638092,50.021538377505536
,,grass,,22.014573784434816,50.02154294919148
,,grass,,22.014346125916692,50.02154184397655
,,grass,,22.014014550411996,50.02153977755063
,,grass,,22.01632773597375,50.02155590182401
,,grass,,22.015666490099935,50.02155447475987
,,grass,,22.015679898681405,50.02142078605118
,,grass,,22.01633809556417,50.0213109753156
,,grass,,22.01682800796984,50.02094362058554
,,grass,,22.016494441284244,50.02117778903537
,,grass,,22.014179393890547,50.02143061665834
,,grass,,22.01324013652891,50.02117426403884
,,grass,,22.013719584519077,50.02141679889717
,,grass,,22.016840452727237,50.02048718499157
,,grass,,22.01676573802687,50.02046713859979
,,grass,,22.016646682697253,50.02036566191077
,,grass,,22.014015494450216,50.019304261670904
,,grass,,22.003665520401583,50.023373713633354
,,grass,,22.003846059213238,50.02353094617004
,,grass,,22.004054561137885,50.02368706944839
,,grass,,22.00417961107684,50.02376966463307
,,grass,,22.004912618834915,50.02416988588366
,,grass,,22.00373569373532,50.02008263671226
,,grass,,22.011011385605265,50.03857811191164
,,grass,,22.012427048762415,50.038347824276585
,,grass,,22.013573060987948,50.03816160149506
,,grass,,22.013261998236178,50.03821045593283
,,grass,,22.01240546841131,50.0380024389054
,,grass,,22.012969329295295,50.037907753066804
,,grass,,22.01276135,50.03787255
,,grass,,22.01278706908835,50.03793893747988
,,grass,,22.01389819523637,50.037893376046085
,,grass,,22.012876912445872,50.03836217873507
,,grass,,22.013708883275743,50.03822630001991
,,grass,,22.013516116724254,50.03825879998009
,,grass,,22.011457646657668,50.03581651441692
,,grass,,22.0115245554738,50.03571453900789
,,grass,,22.011675233299766,50.035752118610375
,,grass,,22.01174057614227,50.03588508422077
,,grass,,22.011644276958886,50.035976981816496
,,grass,,22.01150269081466,50.03593699988329
,,grass,,22.011576057706726,50.03618457243142
,,grass,,22.01220073528169,50.03563950763871
,,grass,,22.011015832761878,50.03620433548452
,,grass,,22.009963608920618,50.03624955034789
,,grass,,22.010621067186126,50.035730503171656
,,grass,,22.010810009550365,50.03573569766846
,,grass,,22.011050472284854,50.0355554965494
,,grass,,22.011168134400837,50.035743697768545
,,grass,,22.010051742596225,50.03398808017226
,,grass,,22.010477067143462,50.03390316231928
,,grass,,22.003447118520796,50.03121070595171
,,grass,,22.003377364079384,50.03136206594952
,,grass,,22.00458230636262,50.03105236500225
,,grass,,22.00465835205575,50.03080618305928
,,grass,,22.002421970225566,50.03125215557325
,,grass,,22.00221755771488,50.03138821166815
,,grass,,22.002900489505855,50.03117443326004
,,grass,,22.002899589597387,50.03137197462779
,,grass,,22.003362725811304,50.03152794535345
,,grass,,22.003902947474568,50.03197446000367
,,grass,,22.001126612391595,50.03125776137773
,,grass,,22.021069883158816,50.04260381326147
,,grass,,22.020014290345205,50.04197884758845
,,grass,,22.02034924701338,50.04205117723449
,,grass,,22.021603046724888,50.04283479184243
,,grass,,22.022179676476647,50.04254859726794
,,grass,,22.02193655663863,50.04246961099012
,,grass,,22.022197853321508,50.042161495647406
,,grass,,22.021838500983424,50.04167047249517
,,grass,,22.021418177124715,50.041600713797074
,,grass,,22.020711904269625,50.041635165908694
,,grass,,22.02210731667267,50.041811793896414
,,grass,,21.982284429871466,50.034229410572635
,,grass,,21.98217977332895,50.03411402520629
,garden,,,21.982214813087474,50.03415575780071
,,grass,,22.02299032330769,50.0413045751625
,,grass,,22.02667376797582,49.97106033837136
,,grass,,22.02686520078953,49.97111412134892
,,grass,,22.00060310716017,50.03262570081127
,,grass,,22.00067607235976,50.03234152848011
,,grass,,22.01232099355449,50.038133840365404
,,grass,,22.01250643909375,50.038102122954434
,,grass,,22.01209407717433,50.03972870416031
,,grass,,22.01936485883678,50.01345025961004
,,grass,,22.01997631238901,50.013153625893516
,,grass,,22.025152134024253,50.038283839382515
,,grass,,22.025219970136686,50.03858044696321
,,grass,,22.025079650000002,50.0386969
,,grass,,22.025026886580704,50.0384040797277
,,grass,,22.025053154104445,50.03853407178912
,,grass,,22.024754887616062,50.03828169856343
,,grass,,22.02951778575601,50.00350400567691
,,grass,,22.076430940007278,50.03217646838257
,,grass,,22.00473135948268,50.03297186113965
,,grass,,22.003954923836048,50.03258404229822
,,grass,,22.00363618345991,50.03320223779435
,,grass,,22.003830748253254,50.033301776091875
,,grass,,22.003819054543207,50.03341116842908
,,grass,,22.004423260701113,50.033862419178895
,,grass,,22.00462955,50.03365664999999
,,grass,,22.003604641154798,50.03262630520773
,,grass,,22.0040145573784,50.032745350741905
,,grass,,22.00340398299593,50.03271639175099
,,grass,,22.074513171667252,50.00472468514821
,,,grassland,22.02453977980827,49.96689495772084
,,,wood,22.002073545051157,49.9900614185236
,,,wood,21.96023001497979,50.0368542269564
,,,wood,21.954528208932174,50.03847137783547
,,grass,,22.001997359038004,50.0327987269431
,,grass,,22.00178069713702,50.03354986717071
,,grass,,22.00342033242007,50.03340608865069
,,grass,,22.0033939,50.0333024
,,grass,,22.003371750000003,50.0332141
,,grass,,22.0033413,50.03309279999999
,,grass,,22.00330570548223,50.03294997237135
,,grass,,21.97225520796436,50.00343382756229
,garden,,,22.04449423443987,50.04207815988366
,garden,,,22.04478726884722,50.04187914255019
,,grass,,22.044896017832315,50.0418041150019
,,grass,,21.979103925406903,50.014447049641255
,,,wood,21.999316203670542,50.0076069625344
,,grass,,21.951010823704785,50.04056913513431
,,grass,,21.951217598582495,50.040746678006904
,,grass,,21.951496802264465,50.04064596726084
,,grass,,21.95131733142047,50.04043764281031
,,grass,,21.952032121585063,50.04026100460351
,,grass,,21.952096044291046,50.04024153676999
,,grass,,21.952115582603778,50.040223672249766
,,grass,,22.03291219522631,50.04995982208188
,,grass,,21.99056581993493,50.04315174274681
,,grass,,21.990572545539692,50.043248406545295
,,grass,,21.989149733380238,50.04326644019906
,,grass,,21.99447790928716,50.03296112857906
,,grass,,21.996211764328507,50.03169001397256
,,grass,,21.99608066408268,50.03188073419921
,,grass,,21.996034790367496,50.03179171000265
,,grass,,21.995857929253795,50.03189338941443
,,grass,,21.99589332679755,50.03198815186817
,,grass,,21.99563805,50.03213460000001
,,grass,,21.995439009160794,50.03224806586573
,,grass,,21.9953412,50.0323023
,,grass,,21.995460499999986,50.0321195
,,grass,,21.99507540032965,50.03245583645639
,,grass,,21.995183899999997,50.032394800000006
,,grass,,21.994993700000002,50.03238639999999
,,grass,,21.99487995917102,50.032568584847596
,,grass,,21.994979738763764,50.032511744071506
,,grass,,21.994708055431207,50.03266614102104
,,grass,,21.99453703019562,50.032648305087186
,,grass,,21.994449320088375,50.032813071254
,,grass,,21.99324985118812,50.03235757186365
,,grass,,21.99348390418757,50.032459285220064
,,grass,,21.994053163135373,50.03272120726491
,,grass,,22.013731553768885,49.986831424895165
,,grass,,21.951961123587488,50.04765488702566
,,grass,,21.95251655781974,50.04784774776778
,,grass,,21.952672671041206,50.04788624310809
,,grass,,21.957566096319223,50.047864205365
,,grass,,21.957756678792663,50.0478630469177
,,grass,,21.957459939243336,50.04704986752823
,,grass,,21.957615094635482,50.047153185226925
,,grass,,21.95762627742523,50.047001783899084
,,grass,,21.95748452906927,50.0468556413546
,,grass,,21.957650722371223,50.04627882413441
,,grass,,21.957736320556297,50.04616036755087
,,grass,,21.957625537157572,50.04616066619898
,,grass,,21.95747274547333,50.04575076457433
,,grass,,21.95730930128431,50.04577522681644
,,grass,,22.011342239101342,50.02839533779207
,,grass,,22.016707781377963,50.02496720297557
,,grass,,22.016672824445095,50.025652142983226
,,grass,,22.016641170649578,50.026328456519856
,,grass,,22.013036518940417,50.02844261653649
,,grass,,21.950333457989228,50.0397633807458
,,grass,,21.95049752889627,50.039864591061296
,,,wood,22.08813535998541,50.02548593611667
,,,wood,22.0868118178068,50.0249152282533
,,grass,,22.01312510571859,50.0453136475538
,,grass,,21.997747217415785,50.03976667606362
,,grass,,21.997129329219046,50.03980787872327
,,grass,,21.996893158692117,50.03982691613296
,,grass,,21.99656838282243,50.03989406812954
,,grass,,21.996185011513578,50.040032475972986
,,grass,,21.99606206642071,50.040085662935034
,,grass,,21.99588038770196,50.040156615375864
,,grass,,21.995767565957017,50.04020207068891
,,grass,,21.995627905132377,50.04025802194964
,,grass,,21.995375747492957,50.04035780807743
,,grass,,21.99519574841053,50.04043320192901
,,grass,,21.995034304666056,50.04049428892551
,,grass,,21.994743471127105,50.04061291864574
,,grass,,21.994314635658927,50.04078152535019
,,grass,,21.993956289733354,50.04092790727894
,,grass,,21.993772608961894,50.04102663292146
,,grass,,21.993576102902963,50.04108361791458
,,grass,,21.993432859932028,50.0411472439226
,,grass,,21.993010254371384,50.04130975646083
,,grass,,21.9928238131744,50.04138376951066
,,grass,,21.992690965194477,50.04143091309635
,,grass,,21.99236952746848,50.04141601558519
,,grass,,21.99254044019077,50.0413533214603
,,grass,,21.992688183252877,50.04129181517516
,,grass,,21.992849353898595,50.04122828406544
,,grass,,21.993096941360633,50.041130357823285
,,grass,,21.99324169534846,50.0410727604268
,,grass,,21.993404361718405,50.041009915653206
,,grass,,21.993558129900684,50.04094472988119
,,grass,,21.993652800000003,50.04091613333333
,garden,,,21.993795098095404,50.04084937624455
,,grass,,21.99388946172105,50.040815008832965
,,grass,,21.994033378779037,50.040763777501354
,,grass,,21.99435150346313,50.04063034600734
,,grass,,21.994461952985024,50.04058591934777
,,grass,,21.99462986498033,50.040519232843735
,,grass,,21.99476527927132,50.040466602919565
,,grass,,21.994935346571175,50.04039738344214
,,grass,,21.995031175646563,50.04035890059673
,,grass,,21.995195069831208,50.04029483889045
,,grass,,21.995499599999995,50.04017955
,,grass,,21.9956591200697,50.04011341019591
,,grass,,21.99612814247825,50.039921672856416
,,grass,,21.99648239344974,50.039791423249795
,,grass,,21.996647646205464,50.039753586071434
,,grass,,21.997297296227256,50.03969480483388
,,grass,,21.997446463212373,50.03968569442005
,,grass,,21.997626251003283,50.039676451203015
,,grass,,21.997778925274122,50.03966761710571
,,grass,,22.036214881586734,50.04933487697261
,,grass,,22.03412081074754,50.048687566144814
,,grass,,21.95017295631282,50.0410396994202
,,grass,,21.95036230363559,50.04117260460808
,,grass,,21.95059693335022,50.04146129004095
,,grass,,21.950348140257454,50.041352217163
,,grass,,21.950503156322412,50.04126201690257
,,grass,,21.950470034896675,50.041364841862276
,,grass,,21.950107762993056,50.04075603625072
,,grass,,21.95102974012321,50.040746926677556
,,forest,,22.043981066945246,49.98801441309348
,,grass,,21.95142091170142,50.04074582458939
,,grass,,21.951828494246005,50.04064007369145
,,grass,,21.951563100000005,50.040588549999995
,,grass,,21.984051256409913,50.01983577762068
,,grass,,21.983775403678028,50.02008508265653
,,grass,,21.98262994511147,50.01942158054163
,,grass,,21.98246440299642,50.01941780307685
,,grass,,21.982388218848175,50.01932934125367
,,grass,,21.9897672767423,50.01992790597854
,,grass,,21.989591767768953,50.019742183405846
,,grass,,21.989198275757037,50.01985069579341
,,grass,,21.989202541584497,50.02002872166048
,,grass,,22.00931726682899,50.018329947161064
,,grass,,22.009985400488162,50.01814706287277
,,grass,,22.012339738559245,50.01752061769901
,,grass,,22.013639376411557,50.017175416034796
,,grass,,22.013812057141408,50.01632625987076
,,grass,,22.013827191587207,50.0167656920772
,,grass,,22.01383000749129,50.01689187615108
,,grass,,22.013849655576237,50.01716378500461
,,grass,,22.013855057215835,50.01726973493211
,,grass,,22.0125091776078,50.01778930559999
,,grass,,22.013880707489964,50.01760792856831
,,grass,,22.013909871044497,50.01775988916245
,,grass,,22.01454618591641,50.01774441083049
,,meadow,,21.96278876850689,49.97388536849937
,,meadow,,22.013181979437515,49.99041519216659
,,grass,,21.9941882630647,50.0203010209344
,,grass,,21.993818754090917,50.02030349586085
,,grass,,22.00596377852523,50.01908983082711
,,grass,,22.001630323674156,50.0200497419716
,,grass,,22.0032526917427,50.01999683938916
,,grass,,22.004039512762336,50.01976179036805
,,grass,,22.004195501909233,50.01947755236099
,,grass,,22.005207640794545,50.01931725568023
,,grass,,22.00563825594572,50.01921327358354
,,grass,,22.006475364953445,50.01900241957405
,,grass,,22.007310856201972,50.01879286969135
,,grass,,22.006694749463765,50.01901387012009
,,grass,,22.008427033636316,50.018503300034624
,,meadow,,22.01500890151608,49.988956584024876
,,meadow,,22.016882041969783,49.98943953076637
,,grass,,22.033770151139795,49.963558302358976
,,grass,,22.033548994864372,49.96355878127618
,,grass,,22.033527803325843,49.96323459883035
,,grass,,22.033520910936936,49.96303291940184
,,grass,,22.033766409109738,49.96303667041842
,,grass,,22.033897394641198,49.96306019244572
,,grass,,22.03379234880513,49.963231732075435
,garden,,,22.0332711849309,49.96337746863011
,garden,,,22.03366449069125,49.963384583816
,garden,,,22.03348128573742,49.962854498660924
,garden,,,22.033808850000007,49.9628618
,garden,,,22.033952703916,49.962863236533046
,,meadow,,21.98683928501221,49.97418024330132
,,grass,,22.016209628331293,50.03931211886276
,,,wood,22.043972201717793,49.99653925282512
,,,wood,22.042555134839894,49.99769837824853
,,grass,,21.980444525217194,50.03538786099535
,,grass,,21.952030251461746,50.04151217601273
,,grass,,21.9520623616863,50.041404708353326
,,grass,,21.951967056253363,50.0414788632281
,,grass,,21.99691623448762,50.00490887902392
,,grass,,21.9967498879171,50.00483082660035
,,grass,,21.996584752123525,50.004753902877766
,,grass,,21.996409237102736,50.004986383991955
,,grass,,21.99848200056272,50.005643244234186
,,grass,,21.998337367533622,50.00557798231475
,,grass,,21.998200580172043,50.00549957051724
,,grass,,21.99796753420216,50.0055465825372
,,grass,,21.99791752230888,50.00559193289719
,,grass,,21.997786650129317,50.005674432952404
,,grass,,21.99772340832869,50.0057204956577
,,grass,,21.99765163249408,50.00580556134446
,,grass,,21.99782147138876,50.00586266905
,,grass,,21.998110202148332,50.005763051232364
,,grass,,21.997601927264643,50.005889106547635
,,,grassland,21.967896686467864,50.03559827468158
,,,grassland,21.96707633547884,50.03494516273276
,,,grassland,21.96736663528218,50.03512237715379
,,,grassland,21.971214945894417,50.033837412623676
,,,grassland,21.971075497954622,50.033818268812105
,,,grassland,21.97118150534932,50.03392180222434
,,,grassland,21.97102202425523,50.03397992868686
,,,grassland,21.971827677740922,50.03392453176804
,,,grassland,21.972564388394883,50.034033992198054
,,,grassland,21.972255763442867,50.034034201391755
,,,grassland,21.97197124609412,50.033948674937946
,,,grassland,21.968873013801314,50.03621181169528
,,,grassland,21.968622779963397,50.03611003396082
,,,grassland,21.9686792456016,50.03596431986918
,,,grassland,21.968976435297897,50.03589776208152
,,,grassland,21.968651529459482,50.03564383907924
,,,grassland,21.969392389476138,50.03632453060117
,,grass,,21.967884261811847,50.03522720478349
,,,grassland,21.967294122671163,50.03537241518858
,,grass,,21.96865825803131,50.041540462047514
,,grass,,21.969100659244244,50.041674149582626
,,grass,,21.969242878183746,50.04163860239045
,,grass,,21.968387350912327,50.04186763412917
,,grass,,21.968823445916083,50.04200604030171
,,grass,,21.968667271534883,50.04201129264615
,,grass,,21.968727624057088,50.04217761706717
,,grass,,21.968874175081098,50.04218420696549
,,grass,,21.969027656117813,50.042210750057194
,,grass,,21.96835790191185,50.04194308125633
,,grass,,21.968156027202472,50.04198811045632
,,grass,,21.967880364143763,50.042053696135
,,grass,,21.969860151501003,50.04156934535802
,,grass,,21.970865852647073,50.0344268777044
,,grass,,21.9709080695035,50.034299612159295
,,grass,,21.970953331168367,50.03416827921406
,,grass,,21.97099174025677,50.03449168627916
,,grass,,21.97114585470208,50.034040860626
,,grass,,21.9709605,50.0346345
,,grass,,21.970941709570265,50.03468607134278
,,grass,,21.970765043171262,50.034812338947
,,grass,,21.970729285712302,50.034960356797214
,,grass,,21.9706934724917,50.0350955527227
,,grass,,21.970661802883022,50.035212839182456
,,grass,,21.970816632418575,50.03518740333694
,,grass,,21.970791729082478,50.035288410388105
,,grass,,21.970730973887182,50.035513020018406
,,grass,,21.97071000689242,50.03560208092085
,,grass,,21.970936580709324,50.035033518108136
,,grass,,21.969315006733616,50.0357074159167
,,,wood,22.073853003580545,50.03483533826653
,,grass,,22.007471594369584,50.02927250918903
,,grass,,21.976021063368865,50.031368315388306
,,grass,,21.976453295447403,50.03109872409106
,,grass,,21.976173424612107,50.03260513695878
,,grass,,21.951335854618918,50.0396950438272
,,grass,,21.951309992285573,50.04140416630248
,,grass,,21.95129470517522,50.04085516220641
,,grass,,21.951492429888905,50.04099115528949
,,grass,,21.9512930445992,50.0409871457855
,,grass,,21.951010726720284,50.04099465658944
,,grass,,21.976825874069625,50.03774745968881
,,grass,,21.97693071506651,50.03852631543264
,,grass,,21.977263747105315,50.04015698895074
,,grass,,21.977514556671956,50.04079330193412
,,grass,,21.977655300000002,50.0408942
,,grass,,21.97708377230092,50.04078030795478
,,grass,,21.977934638864625,50.04042204147634
,,grass,,21.978488798809906,50.04097211522044
,,grass,,21.978609209489104,50.04060180207669
,,grass,,21.978546718463182,50.040361919632865
,,grass,,21.978371616333572,50.04102340613844
,,grass,,22.03554827650591,49.96522064245362
,,grass,,22.02986956853983,49.96571981715993
,garden,,,22.02988169275289,49.96581340031111
,garden,,,22.02990894246036,49.96606920888056
,,grass,,22.005586835455016,50.042258161930114
,,grass,,22.00519516920166,50.04182881287698
,,grass,,22.00530293430397,50.042030920975314
,,grass,,21.986973179332345,50.043655032061324
,garden,,,21.986803855507915,50.043712897553895
,,grass,,21.9851396057275,50.044367004941236
,garden,,,21.98511163559472,50.04441871181481
,,grass,,21.998251026676154,50.032646000606924
,,grass,,21.995295200000005,50.025424150000006
,,grass,,21.99532445,50.02562275
,,grass,,21.995340091052803,50.02571547785065
,,grass,,21.99179051375262,50.020063859014385
,,grass,,21.977152780385246,50.025805568739536
,,grass,,21.97667910539409,50.025851820305625
,,grass,,21.9770298181846,50.025483774730496
,,grass,,22.02032398214888,50.038422918571804
,garden,,,22.003208109424556,50.04064997158645
,,grass,,21.995104360741628,50.04302386610604
,,grass,,21.995084025692588,50.04317199913595
,,grass,,21.999410303072853,50.0415719095307
,garden,,,21.999369260889228,50.041500346701184
,,grass,,21.99921994443948,50.04168265012246
,garden,,,21.99911916693715,50.041732051189435
,,grass,,21.996493187230193,50.01936174376354
,,grass,,21.996705618425995,50.01932947179001
,,grass,,21.996251362453556,50.01941444816075
,,,wood,21.952816351438628,50.03218815272495
,,,wood,21.953954639976416,50.0334313295061
,,grass,,21.95144935643813,50.039803802660074
,,grass,,21.996237016000478,50.04215514634417
,,grass,,22.00351682715419,50.03677470050837
,,grass,,22.003501099999998,50.036704099999994
,,grass,,22.0034959,50.036641700000004
,garden,,,22.0034909728691,50.0362123222336
,garden,,,22.003658971040736,50.03633764986846
,,grass,,22.003496971968136,50.03607287630818
,,grass,,22.003655967867875,50.03574298258367
,,grass,,22.003654380514345,50.03563882512364
,,grass,,22.00364625062284,50.03558059808075
,,grass,,22.003659636998346,50.03533868802075
,,grass,,22.003680868786304,50.035224461881455
,,grass,,22.00369741615738,50.03516465414455
,,grass,,22.00372712515088,50.03507215713451
,,grass,,22.003745984215175,50.03502092150004
,,grass,,22.003809223934436,50.03489768452906
,,grass,,22.003881507223955,50.0347787747978
,,grass,,22.00391915475095,50.0347300865145
,,grass,,22.003959684219158,50.03468351658521
,,grass,,22.004003177578266,50.03463697602308
,,grass,,22.00404415179878,50.034594913509366
,garden,,,22.003693325516746,50.03466656673568
,garden,,,22.00371128189585,50.03462332104417
,,grass,,22.003808693677897,50.0346474113677
,,grass,,22.003948044691708,50.03449045732871
,garden,,,22.004083708109686,50.034363507308235
,,grass,,22.00414376684928,50.03429835027184
,,grass,,22.004207767199144,50.03422660262345
,,grass,,22.004254632665916,50.0341813979755
,,grass,,22.00434572039584,50.03409249786084
,,grass,,22.00439324946249,50.03424525497357
,,grass,,22.004435928951597,50.03420295114033
,,grass,,22.004479306896723,50.03415987173359
,,grass,,22.004524640616363,50.03411382451144
,,grass,,22.004610725725872,50.0340285507544
,,grass,,22.004654143091283,50.0339852314169
,,grass,,22.004882784932065,50.03375856984157
,,grass,,22.00493036617591,50.0337111020998
,,grass,,22.0050703161867,50.03356783658616
,,grass,,22.004531747511987,50.03391274394566
,,grass,,22.004724876321674,50.03371582138484
,,grass,,22.005223571552065,50.033414864917766
,,grass,,22.006346011362062,50.034477615001876
,,grass,,22.006290999999997,50.034555699999984
,,grass,,22.006231238683704,50.03463905192541
,,grass,,22.006116972406005,50.03480193621123
,,grass,,22.006006918946106,50.034955047355886
,,grass,,22.005921659749657,50.035078658061025
,,grass,,22.005843458559013,50.03518629351017
,,grass,,22.00577007586413,50.03525413052355
,,grass,,22.005584049999996,50.03541145
,,grass,,22.005649950000002,50.0352973
,,grass,,22.005437663808845,50.035346870966926
,,grass,,22.00531699975848,50.03546691452594
,,grass,,22.00516760285158,50.035468125388135
,,grass,,22.005002006084,50.03548236784442
,,grass,,22.034131042667195,50.0421862872753
,,grass,,21.998302149999997,50.03087305
,,grass,,21.9981373335239,50.03066932264921
,,grass,,21.998267486792344,50.03061588737273
,,grass,,21.99783016054817,50.030263894408314
,,grass,,21.997652289493473,50.030041583731396
,,grass,,21.997572439532394,50.02993230616044
,,grass,,21.997509,50.029850700000004
,,grass,,21.9972928195121,50.02958036032692
,,grass,,21.997508291923015,50.029633581066975
,,grass,,21.9975743900212,50.02971870609713
,,grass,,21.997617650000002,50.02977435000001
,,grass,,21.99770925,50.0298919
,,grass,,21.99775613920838,50.02995305584529
,,grass,,21.99790416362983,50.03014461730053
,,grass,,21.997973269708165,50.030231235405616
,,grass,,21.998074450000004,50.03036615
,,grass,,21.998105155935882,50.03040339838587
,,grass,,21.997151795121745,50.029398300275886
,,grass,,21.99707591070376,50.029296238321706
,,grass,,21.996937386574494,50.029121281319455
,,grass,,21.996807978456054,50.02895308799705
,,grass,,21.99672535902649,50.02884078109657
,,grass,,21.996840899999995,50.028760649999995
,,grass,,21.996771810164468,50.02867393348668
,garden,,,21.996851596944776,50.02868272735148
,garden,,,21.996745460275413,50.028545714677655
,,grass,,21.99664024645009,50.028504386860284
,garden,,,21.99662898918977,50.02839448133418
,,grass,,21.99656990948358,50.02841326911196
,garden,,,21.9965312811394,50.02826841639271
,,grass,,21.996497300000005,50.02831880000001
,garden,,,21.996437779146905,50.02814765587565
,,grass,,21.996402699999997,50.02819805
,,grass,,21.9963489,50.028128849999995
,,grass,,21.997818150000004,50.0292431
,,grass,,21.997893460930428,50.02921761681187
,,grass,,21.951921154234732,50.04852591284566
,,grass,,21.9513620486814,50.048025150616866
,garden,,,22.00976169527081,50.03620309376274
,garden,,,22.007093652346228,50.04000300911757
,garden,,,22.00726355598772,50.04014634160252
,garden,,,22.007535821141172,50.04008043068066
,garden,,,22.007019148745567,50.04005908613426
,,grass,,22.00698850434271,50.04019344921407
,,grass,,22.006335328412657,50.040222679691716
,,grass,,22.006280567236633,50.040340611805796
,,grass,,22.005610607525856,50.040481268481045
,garden,,,22.00889686057935,50.0399815096716
,,grass,,22.009135530615055,50.04004862551597
,,grass,,22.008727742175616,50.04006896775508
,garden,,,22.00848357501619,50.04010917707331
,garden,,,22.007218807890794,50.04047616561472
,,grass,,22.007190659701024,50.04095471612461
,garden,,,21.999571536177413,50.03947982979799
,garden,,,21.999779787344856,50.03942399711399
,garden,,,22.000126394884358,50.039262810321326
,,grass,,22.000470812670127,50.03933579651376
,garden,,,22.000808521321694,50.03935574098702
,,grass,,22.00090899745352,50.039425623441375
,garden,,,22.002506962689363,50.040530331868304
,garden,,,22.011263139209934,50.049820831070456
,,grass,,22.010328782589742,50.04649332842903
,,grass,,22.006742261123428,50.046224370018344
,,grass,,22.006109518096576,50.046337621970906
,,grass,,22.014586142329666,50.03376261857095
,,grass,,22.01450561740153,50.033864795268364
,,,wood,22.053643180973896,50.049492923681164
,,,wood,22.058486008205616,50.049999004737124
,,,wood,22.061668391472455,50.04924537286984
,,,wood,22.06242497906723,50.049650276302835
,,,wood,22.064969657606404,50.04964615036421
,,,wood,22.06411176986363,50.049989347601226
,,,wood,22.06632422315446,50.04987836431184
,,,wood,22.0602160831098,50.050541272765074
,,grass,,22.006336010301684,50.04229752628729
,,grass,,21.99180241398825,50.040159585075365
,,grass,,21.991838141170412,50.040224328009515
,,grass,,21.99231578714844,50.04019391993133
,,,,21.99216896696745,50.04001597609606
,,grass,,21.950978696732864,50.03955009825825
,,grass,,21.952625728690737,50.03995727541807
,,grass,,21.952675910125603,50.03997143564142
,,grass,,21.949962597882013,50.0399578021421
,,grass,,22.035658114167983,50.04326626403438
,,grass,,21.95560220121099,50.04376969431287
,,grass,,21.95594757224903,50.04366111325446
,,grass,,21.95690542117353,50.04336711170837
,,grass,,21.95767459818803,50.043178700306925
,,grass,,21.95844084256122,50.043051037403764
,,grass,,21.96573642874004,50.04254750120398
,,grass,,21.965769972662475,50.04247356048049
,,grass,,21.96591913517853,50.04244600708047
,,grass,,21.96607156106841,50.04253405532924
,,grass,,21.96636177814545,50.04264103008451
,,grass,,21.966317522452652,50.042548575623
,,grass,,21.96651098452958,50.04242964016512
,,grass,,21.966551346628705,50.04231268863329
,,grass,,21.966713901604642,50.04227678315616
,,grass,,21.965954929570312,50.04229141468442
,,grass,,21.96613245918348,50.042161251623995
,,grass,,21.966105398509647,50.042098806976924
,,grass,,21.966383078111537,50.04218915398468
,,grass,,21.966837183126316,50.04231076557865
,,grass,,21.96736342734413,50.04218094351257
,,grass,,21.98497216528151,50.044192205404194
,,grass,,21.983892919318095,50.04516650852207
,,grass,,21.98492020588705,50.044698529775886
,,grass,,21.987092079410278,50.043396805958565
,,grass,,22.035043538854335,50.03781309319676
,,grass,,22.035643246377354,50.03785265037141
,,grass,,22.03614030095417,50.03788666600539
,,grass,,22.036882416882083,50.03793830774797
,,grass,,22.040248984259573,50.037911173845806
,,grass,,21.984983035307017,50.022761206897734
,,grass,,21.98516223276181,50.022851637701926
,,grass,,21.98524170796919,50.02289543068693
,,grass,,21.987058394232463,50.023907577608675
,,grass,,21.987250680501575,50.024010648537434
,,grass,,21.98737427529004,50.02407702514337
,,grass,,21.98750685157689,50.02414889032424
,,grass,,21.987567156001553,50.024181950674254
,,grass,,21.987605697855624,50.02420821142999
,,grass,,21.988612666956566,50.02464036795226
,,grass,,21.990520723982833,50.02604473524437
,,grass,,21.991175862185216,50.02678548294647
,garden,,,21.991517822540462,50.027084230916955
,,grass,,21.991456867012563,50.02708299735834
,,grass,,21.99149992374786,50.027150715904234
,,grass,,21.99156666871618,50.02722623151406
,,grass,,21.991634971987,50.027303540732525
,,grass,,21.991695103975612,50.02737133723732
,,grass,,21.99177529047828,50.0274603046517
,garden,,,21.991916448036765,50.02753351627856
,garden,,,21.99179830561354,50.027399221208256
,garden,,,21.99164131678607,50.02722285210056
,,grass,,21.992038094938195,50.027755097685194
,,grass,,21.992099828442885,50.02782777651071
,,grass,,21.992166015017066,50.027901912167295
,,grass,,21.992232703876386,50.02797756997436
,,grass,,21.99233488624787,50.02809217851486
,,grass,,21.992445078348403,50.02821286018646
,,grass,,21.992517664121223,50.02829326382877
,,grass,,21.992587107877203,50.02836800053935
,,grass,,21.992695533626698,50.02849416489338
,,grass,,21.99284225434864,50.028658855946674
,,grass,,21.99291934495884,50.02875141632355
,,grass,,21.99302719491674,50.02887273562327
,,grass,,21.993129478885297,50.02898867302485
,,grass,,21.993384593112193,50.02927070511372
,,grass,,21.9936424055821,50.029533366969204
,,grass,,21.994172187516842,50.029988781066926
,,grass,,21.994491233160367,50.03022302704531
,,grass,,22.018225160482825,50.038743930929066
,,grass,,22.02010873194792,50.03854421284766
,,grass,,22.021155679626812,50.03845268213522
,,grass,,21.999900454201725,50.04602009175051
,,grass,,21.999801304421343,50.04637428056303
,,grass,,21.999801054753235,50.04666057223366
,,grass,,21.999745318273618,50.04693427127172
,garden,,,21.999640842421076,50.04717640066773
,garden,,,21.999625530179056,50.04730353472059
,,grass,,21.999616491320232,50.047453087512075
,,grass,,21.999719982358897,50.04774082861268
,,grass,,21.99977471226301,50.047519047308995
,,grass,,21.9997704257862,50.0472223647084
,,grass,,21.999706431035953,50.045482593306474
,,grass,,21.999640405675716,50.0456091760323
,,grass,,21.999594905551866,50.04576125648364
,,grass,,21.999485663575115,50.04596057488748
,,grass,,21.99955991378633,50.04603913365254
,,grass,,21.999376217125775,50.046240689834654
,,grass,,21.99926939389579,50.04649640899327
,garden,,,21.999298285406685,50.046722820183746
,,grass,,21.999156569012595,50.04677339730428
,,grass,,21.99906756466519,50.04699060712368
,,grass,,21.998985085975594,50.04720402396467
,,grass,,21.99906615473786,50.04723947561936
,,grass,,21.99891566426778,50.04734649264172
,,grass,,21.998890612097213,50.04744530024989
,,grass,,21.998777338569234,50.047701835262735
,,grass,,21.999346221393527,50.04692139366648
,,grass,,21.99895150872937,50.04752910285983
,,grass,,21.998771865943997,50.04796334618959
,,grass,,21.998678530886398,50.04819430376385
,,grass,,21.998599534808214,50.04840932839079
,garden,,,21.99916882825164,50.04759972381039
,,grass,,21.999150713101635,50.047521014649895
,,grass,,21.999021251581233,50.04785184817989
,,grass,,21.99865670774107,50.04799263914784
,,grass,,21.99851371630518,50.048340506361484
,,grass,,21.998760125970776,50.04833547127105
,,grass,,21.998245392232675,50.04281984674175
,,grass,,21.999867553203607,50.04796780762802
,,grass,,21.999852126227122,50.04810416111979
,,grass,,22.00071371921714,50.04763658721799
,,grass,,22.001788046543794,50.04724964089319
,,grass,,22.001890749999998,50.04721525
,,grass,,22.001966756076794,50.04718756882306
,,grass,,22.00231815336774,50.04706073959821
,,grass,,22.00266739151014,50.04693424450401
,,grass,,22.003064585824582,50.04679632125614
,,grass,,22.003452000572914,50.046655091376486
,,grass,,22.00368774308136,50.04657063138174
,,grass,,22.00381270019154,50.046338401865356
,,grass,,22.003596807651466,50.04608912956227
,,grass,,22.00343094036341,50.045905041741456
,garden,,,22.000828740849894,50.044945790336044
,,grass,,22.00067118335868,50.045050411990545
,,grass,,22.001950855576826,50.04485166723581
,,grass,,22.002023366328924,50.0448403309944
,,grass,,22.00210974672412,50.044825564411596
,,grass,,22.002194529234842,50.04481267269863
,,grass,,22.00226664980469,50.044800841248325
,,grass,,22.00235543016563,50.04478588474205
,,grass,,22.002438420506472,50.04477319999364
,,grass,,22.00279677880165,50.04471415573841
,,grass,,22.002983218616393,50.044686627759496
,,grass,,22.00288928548615,50.044804469696345
,,grass,,22.003293705922008,50.04474657845863
,,grass,,22.003415760010853,50.04472747094812
,,grass,,22.003611199999998,50.0446955
,,grass,,22.00369,50.04468295
,,grass,,21.98653781680884,50.021440659560064
,,grass,,21.98690311227936,50.02144235643409
,,grass,,21.98710885973642,50.02145369709045
,,grass,,21.987453550418948,50.02145865500933
,,grass,,21.987815383413597,50.02142892929523
,,grass,,21.988052045871182,50.02138042565744
,,grass,,21.988123968744834,50.02136720669154
,,grass,,21.988234972704436,50.02134334911716
,,grass,,21.988363278247363,50.021316480701806
,,grass,,21.988758954203483,50.02123162899405
,,grass,,21.98888798562586,50.02120419790538
,,grass,,21.989020714157185,50.021175636320564
,,grass,,21.98914984594804,50.021148114497215
,,grass,,21.989277787494743,50.02112092936875
,,grass,,21.989397926972636,50.02109516234531
,,grass,,21.992123706911613,50.04349171528126
,,grass,,21.99199894133309,50.04356008131336
,,grass,,21.991367228777758,50.04390379650731
,,grass,,21.99090590680028,50.04415574303777
,,grass,,21.990705354714468,50.044264605758556
,,grass,,21.99036188427625,50.04445235400375
,,grass,,21.990151242471384,50.04456759646702
,,grass,,21.989918480811287,50.04468588639636
,,grass,,21.989218427018148,50.04500907099327
,,grass,,21.9883271916768,50.04541267029754
,,grass,,21.9876056826774,50.04574184195468
,,grass,,21.986380383764274,50.04630081214747
,,grass,,21.985706250016868,50.04659361445358
,,grass,,22.01981251425709,50.02668785866653
,,grass,,22.015864601965916,50.02155553658944
,,grass,,21.998417018716427,50.04882013175855
,,grass,,21.998322096539518,50.04904962287977
,,grass,,21.99820877055847,50.04933279202111
,,grass,,21.99805964117022,50.049690702785306
,,grass,,21.997979481776913,50.04987923701179
,,grass,,21.99783159982102,50.05003688058415
,,grass,,21.998165997718772,50.04982468959937
,,grass,,21.9985595081188,50.04889892724044
,,grass,,21.99882297619016,50.048450692004415
,,grass,,21.99904098559108,50.04826428727689
,,grass,,21.999365291753154,50.0483347790616
,,grass,,21.999057176755606,50.048434120791434
,,grass,,21.99901526579642,50.048583718105284
,,grass,,21.99892194416736,50.04855916893183
,,grass,,21.998693650890274,50.04897292834778
,,grass,,21.99844414465694,50.049549679392015
,,grass,,21.99833246094653,50.04984595644813
,,grass,,21.981546200224265,50.03264504250469
,,grass,,21.98367710812388,50.03531716143345
,,grass,,21.98359922423573,50.035429590532374
,,grass,,21.984387361689166,50.036489763352435
,,grass,,21.98445422265908,50.03637602208212
,,grass,,21.984531766919538,50.0364795716769
,,grass,,21.984681796955407,50.03658772883121
,,grass,,21.984676392361397,50.03667135691884
,,grass,,21.98450438884355,50.03664701647581
,,grass,,21.985232663896557,50.03765525612056
,,grass,,21.984681132167307,50.038072831515564
,,grass,,21.98938365838502,50.039672691754376
,,grass,,21.989279111358066,50.03964927545131
,,grass,,21.989659172344446,50.03997485459934
,,grass,,21.989525483582256,50.04005185986546
,,grass,,21.989345704090518,50.04013700033215
,,grass,,21.98895799203936,50.04015289075442
,,grass,,21.989116700677936,50.04021948791641
,,grass,,21.951774177444896,50.04170112865594
,,grass,,21.95170942959118,50.041749168546446
,,grass,,21.951384361313373,50.041860656345406
,,grass,,21.991461906029922,50.03103065877807
,,grass,,21.991924373518017,50.03076302445477
,,grass,,21.99201584135311,50.03071088859882
,,grass,,21.992102995257117,50.030661372413554
,,grass,,21.99236705866316,50.03050651079704
,,grass,,21.992457042207125,50.03045538266098
,,grass,,21.992547339293427,50.03040123624303
,,grass,,21.99263297602806,50.03035098759258
,,grass,,21.992724733670517,50.03029781406882
,,grass,,21.992810019588692,50.03024842773891
,,grass,,21.992906308600784,50.030192155030655
,,grass,,21.993168100000002,50.030042349999995
,,grass,,21.993949648838527,50.02693739945067
,,grass,,21.99407393621992,50.02710346131281
,,grass,,21.994128101811622,50.02716549406261
,,grass,,21.994198261440438,50.02727766441399
,,grass,,21.99430462349345,50.02742675312878
,,grass,,21.99435907876779,50.02749456495336
,,grass,,21.983330216248486,50.02582631051055
,,grass,,21.983569695559297,50.02571493146773
,,grass,,21.983839056162463,50.025574718862465
,,grass,,21.983145202910617,50.0259144560399
,,grass,,21.963937608149273,49.991830312685615
,,,wood,22.014554803221735,50.048246878860645
,,,wood,22.027886220024975,50.049685490408464
,,,wood,22.034900714441505,50.04842995034298
,,,wood,22.047499832269388,50.04944053029155
,,grass,,22.022433007408413,50.02971159137939
,,grass,,22.02262292132889,50.02979958903011
,,grass,,22.022080309546833,50.03563764658142
,,grass,,22.021185862184346,50.035634574065
,,grass,,22.019549527261926,50.035600263288266
,,grass,,22.01937544791226,50.035704420620704
,,grass,,22.017598524785154,50.035573657478665
,,grass,,22.01712318933783,50.03557060046092
,,grass,,22.009179088560614,50.02890017248534
,,grass,,22.000727496206544,50.0386869290165
,,,wood,22.01878264219521,50.0465398713619
,,grass,,21.998541077822637,50.037814200199136
,,grass,,21.998086873239497,50.0376992405464
,,grass,,21.997907215746668,50.03724886898937
,,grass,,21.997853460070697,50.037215309729795
,,grass,,21.99774256371599,50.03724272458137
,,grass,,21.997702546448284,50.037351907622394
,,grass,,21.997923033726895,50.037757060265776
,,grass,,21.998959557533386,50.03784896936306
,,grass,,21.992159668196088,50.041705514463374
,,grass,,21.99214865387635,50.04180275065322
,,grass,,21.996008613098816,50.03416500161409
,,grass,,22.001727797276352,50.034110575331006
,,grass,,22.001696965061562,50.03377535284394
,,grass,,22.00180485293808,50.033673911882246
,,grass,,22.001863349999997,50.03374565000001
,,grass,,21.99396685342692,50.02957631741595
,,grass,,21.994214125158297,50.029440451615095
,,grass,,21.99482377386105,50.02921095344153
,,grass,,21.994203466493342,50.029570857645886
,,grass,,21.99524423389818,50.02897984636134
,,grass,,22.006088362192152,50.04513098838207
,,grass,,22.006211939991676,50.04517017684933
,,grass,,22.00640694453585,50.04519612909156
,,,wood,22.078328931663567,50.04954152913741
,,,wood,22.084750737035566,50.04599106085971
,,,wood,22.083360485226102,50.045633977499655
,,grass,,21.958200784733695,50.04545736868751
,,grass,,21.958055709286892,50.045525666768896
,,grass,,21.957924549999998,50.0455056
,,grass,,21.957931985496423,50.04554721814694
,,grass,,21.957425372738065,50.045631212724075
,,grass,,21.957256309063162,50.045661433653024
,,grass,,21.957181680418408,50.04567282784097
,,grass,,21.959093911403542,50.04534378471405
,,grass,,21.958876480800853,50.04537871047847
,,grass,,21.95850228864588,50.04553997923156
,,grass,,21.958923574842533,50.045465649157755
,,grass,,21.957741831577145,50.04679498828412
,,grass,,21.957840830379567,50.04701195448975
,,grass,,21.95817894681441,50.04695133151133
,,grass,,21.95816545351034,50.04588197577677
,,grass,,21.958402607719517,50.04591633195233
,,grass,,21.95804033860954,50.04611143949326
,,grass,,21.95797838549515,50.04658800131998
,,grass,,21.9582093169352,50.04675473510137
,,grass,,21.9583913332019,50.0464717369533
,,grass,,21.96409664924624,50.043653475994304
,,grass,,22.014536375710115,50.033023776833176
,,grass,,22.016008609055067,50.03076452053765
,,grass,,22.01518809877543,50.03071784669824
,,,wood,22.07864353268271,50.03282398472462
,,,wood,22.071201380323426,50.03483698980009
,,,wood,22.075180746276764,50.0361068870051
,,,wood,22.074028075971576,50.0372828493774
,,,wood,22.074038814562762,50.03577371208093
,,,wood,22.08172975645725,50.030568942635945
,,,wood,22.080781747112788,50.03126243626806
,,,wood,22.085863664590047,50.02708487497117
,,,wood,22.084641107962515,50.0270075884967
,,,wood,22.085793863846224,50.02824915983869
,,,wood,22.084496729563348,50.02816403236759
,,,wood,22.081569052121445,50.0277210988433
,,,wood,22.079873148696958,50.029225147879025
,,,wood,22.077944715539378,50.024983334256724
,,,wood,22.077330581372117,50.02037543031411
,,,wood,22.080728392543975,50.019300298247515
,,,wood,22.076644431936703,50.018556268091984
,,,wood,22.07254351855449,50.017994260310246
,,,wood,22.076200557499078,50.009796913317466
,,,wood,22.074770452871384,50.01152744722446
,,,wood,22.073686573598863,50.01329779075443
,,,wood,22.08047202769116,50.01283944646394
,,,wood,22.078576199064102,50.01437610480713
,,,wood,22.075976770492524,50.016133304021736
,,,wood,22.076125217340344,50.01704452375888
,,,wood,22.06565974229115,50.01679825568099
,,,wood,22.054172224631518,50.01057013015847
,,,wood,22.052866534502545,50.01041685704105
,,,wood,22.053125704155,50.006853856374896
,,,wood,22.050804904042458,50.00526604015673
,,,wood,22.04288325846389,50.000497426471185
,,,wood,22.00137165164664,49.99219126955144
,,,wood,22.002000782802202,49.99349342309635
,,,wood,22.00334516395703,49.988792210561066
,,,wood,22.005637478757418,49.987954521037544
,,,wood,22.004521593324608,49.985784517547664
,,,wood,22.005423824294876,49.982414282226024
,,,wood,22.008368309415076,49.98241724675323
,,,wood,22.04388060349595,49.97700576538326
,,meadow,,22.006209493914568,49.99813739418358
,,grass,,22.0010141484171,50.020162642177326
,,grass,,21.98973053169197,50.01811486330912
,,grass,,21.98901488443168,50.017813201747856
,,grass,,21.988828704105096,50.017734699046315
,,grass,,21.988611802484304,50.017642000698295
,,grass,,21.98855516909278,50.01766592359945
,,grass,,21.987903059700663,50.01745696339185
,,grass,,21.98843984660273,50.0175691315012
,,grass,,21.98784166648388,50.017251313439395
,,grass,,21.987721168284256,50.01717750260461
,,grass,,21.993746103125105,50.0200058531442
,,grass,,21.992508320853617,50.02034919072333
,,grass,,21.990121152169078,50.01970081979342
,,grass,,21.989712883109124,50.01912775525077
,,grass,,21.98972274447966,50.01890392547812
,,grass,,21.989709971026574,50.01880696254892
,,grass,,21.989627598725303,50.01869463078774
,,grass,,21.989283475739324,50.018708631859575
,,grass,,21.988965928756397,50.018722280869234
,,grass,,21.996203180565267,50.02836104842575
,,grass,,21.996092591009187,50.02828497817638
,,grass,,21.99631909153883,50.028517578381624
,,grass,,21.997965417807208,50.0309061422681
,,grass,,21.99097576090115,50.039537459502746
,,grass,,21.991048826887752,50.03938080702527
,,grass,,21.991475722735082,50.03954010368499
,,grass,,21.99142766948717,50.04057197080871
,,grass,,21.991221638424648,50.03925571250611
,,grass,,21.9915482653998,50.03912069076414
,,grass,,21.99202132795936,50.03886047780777
,,grass,,21.992658467522396,50.03855564424606
,,grass,,21.99303347188972,50.038362057901
,,grass,,21.99338447177279,50.03813529768643
,,grass,,22.046512293853972,50.024888252825065
,,grass,,22.046833468268584,50.02521089310759
,,grass,,22.044850992869517,50.02677076757345
,,grass,,22.04136602531242,50.02698784118276
,,grass,,22.04152585200065,50.027088227448324
,,grass,,22.04170412204899,50.02708219037273
,,grass,,22.04191212331102,50.02707388739906
,,grass,,22.041920249441525,50.02714995728356
,,grass,,22.041757826735573,50.02730009741502
,,grass,,22.041752867620428,50.027261723597064
,,grass,,22.041935258887936,50.02726625329199
,,grass,,22.04193139538265,50.027308027564764
,,grass,,22.041402907306402,50.02770931239768
,,grass,,22.04214119836964,50.027508473206176
,,grass,,22.01346314571008,50.040470979193074
,,grass,,22.00000998709296,50.04792964855563
,,grass,,22.000093874446446,50.047985447802056
,,grass,,22.00052793058813,50.04858547162794
,,grass,,22.0010005948017,50.04914847759339
,,grass,,22.000416737043093,50.04866543834166
,,grass,,22.000022583683478,50.04804470895376
,,grass,,22.000133346386654,50.04819411187575
,,grass,,21.99994096828302,50.048227058404954
,,grass,,21.999913432132825,50.04809948629045
,,grass,,21.999699585372166,50.04826786724889
,,grass,,22.000047721254383,50.04855266411819
,,grass,,21.999643493405703,50.0484059015937
,,grass,,21.99976589130875,50.048477679924154
,,grass,,22.000017019862366,50.04869607879099
,,grass,,22.00029487972793,50.04894714559081
,,grass,,22.000203450755116,50.048985764108416
,,grass,,22.000342791599603,50.049134497537715
,garden,,,22.000507696125673,50.049411955281144
,,grass,,22.000497162948687,50.04935845793192
,,grass,,22.000548205306753,50.049428629313006
,,grass,,22.000387868734176,50.04914789746592
,,grass,,22.00044295828244,50.049225235624405
,,grass,,22.000411112043878,50.04927198524873
,,grass,,22.000530042002886,50.04934598273715
,,grass,,22.000640578159654,50.04939251032564
,,grass,,22.000582688953813,50.04941716488642
,,grass,,22.000740402147187,50.049523319305244
,,grass,,22.000880808031127,50.04971425080719
,,grass,,22.001263890034238,50.05023751103994
,,grass,,22.001652754789955,50.05053967943761
,,grass,,22.001002995442008,50.049659892388895
,,grass,,22.001137374990215,50.04956071809024
,,grass,,22.000651616272194,50.049163664019474
,,grass,,22.000984512728134,50.04935597501166
,,grass,,22.007577923550933,50.0500019818406
,,grass,,22.008276818759587,50.04982854343008
,,grass,,22.008780739616324,50.04969444069241
,,grass,,22.00916618205668,50.049591623498365
,,grass,,22.011352579286957,50.04917908189454
,,grass,,22.011971793447287,50.04907190295892
,garden,,,22.009348066412205,50.041099280181975
,garden,,,22.008986378546954,50.04126157518162
,garden,,,22.00877605455802,50.0413421032576
,garden,,,22.008783007537318,50.041425030974
,,grass,,22.010055411843087,50.046298674664044
,,grass,,22.009993944462714,50.046380937732145
,,grass,,22.01108736811455,50.04985309499282
,,grass,,22.010883687131003,50.0495127117269
,,grass,,22.011060381560846,50.04946008577854
,,grass,,21.99751067805149,50.03847495336583
,,grass,,21.996336031221283,50.03640206941155
,,grass,,22.06636874619364,50.0385585860002
,,grass,,22.066698037325498,50.03830114749793
,,grass,,22.066989224271676,50.03820686018167
,,grass,,22.06716810683667,50.038092372525895
,,grass,,22.067400696479496,50.03759146186335
,,grass,,22.067578790859788,50.037403222666
,,grass,,22.06805614976627,50.03737999864151
,,grass,,22.072712755593848,50.03833691892093
,,grass,,22.073274200344645,50.03905740514883
,,grass,,22.07154183375143,50.03971294426324
,,grass,,22.07314140133044,50.0403016044027
,,grass,,22.07270318017924,50.04020552686522
,,grass,,22.072600304297307,50.040118396748646
,,grass,,22.06755122576377,50.03953245125439
,garden,,,22.06619567473885,50.03939325315648
,,grass,,22.066259000138942,50.039130378779326
,,grass,,22.06589718751128,50.03905346296862
,,grass,,22.065907277836462,50.0388841384658
,,grass,,22.06550594559561,50.03920721248462
,,grass,,22.06536959805261,50.039199102102636
,,grass,,22.065213581544366,50.039194256214785
,garden,,,22.065518034686256,50.03914025341786
,garden,,,22.06538138482099,50.039131691778216
,garden,,,22.06525302623115,50.03911193314791
,,grass,,22.065341262817544,50.03883147978247
,,grass,,22.06563094671042,50.038826568830856
,,grass,,22.065927165788864,50.039520987536505
,,grass,,21.976166180184148,50.027480879393984
,,grass,,21.975866648508724,50.02718863545945
,,grass,,21.97532931433766,50.02647939550735
,,grass,,21.974909836168806,50.02618285933833
,,grass,,21.974700521967883,50.02603185004468
,,grass,,21.97467068199608,50.02631880199368
,,grass,,21.974558041311468,50.0262218858461
,,grass,,21.9743052424402,50.02625545842398
,,grass,,21.9742568742556,50.02611234708713
,,grass,,21.97329956001544,50.025153252333766
,,grass,,21.972829928537234,50.02479070721355
,,grass,,21.97237660876519,50.02443540098591
,,grass,,21.971884027096404,50.02405135487543
,,grass,,21.970279951876478,50.02281301379385
,,grass,,21.97009000008345,50.02267026377611
,,grass,,21.969928467964568,50.022542445871224
,,grass,,21.970303435806613,50.022645762081446
,,grass,,21.970170458566255,50.02254310194749
,,grass,,21.96972653475284,50.022202889095524
,,grass,,21.969767086938198,50.02182180613009
,,grass,,21.96887512011784,50.021536887818584
,,grass,,21.96771261447775,50.02063862329665
,,grass,,21.967109176684527,50.02016933604234
,,grass,,21.966901410274033,50.02019294907947
,,grass,,21.966629200165954,50.01998120790235
,,grass,,21.965537880412594,50.01912017614367
,,grass,,21.965180335988858,50.01884853987456
,garden,,,21.964591938286848,50.018478665334214
,,grass,,21.964635637538603,50.01847265851014
,garden,,,21.964691094392094,50.018512395317984
,garden,,,21.96468636136296,50.01855801209817
,garden,,,21.964049795726265,50.01797831405486
,,grass,,21.962290396503153,50.01641211953638
,,grass,,21.962098872834744,50.016259391643466
,,grass,,21.96184534077906,50.016243211832126
,,grass,,21.961691152305015,50.01594941805263
,,grass,,21.960885579309796,50.015332426880434
,garden,,,21.95926170147255,50.01418323047603
,,grass,,21.960018511592295,50.01466640147127
,,grass,,21.95964289780503,50.014465654248355
,,grass,,21.959525528549026,50.01437543080646
,,grass,,21.959631746764188,50.01420769554879
,,grass,,21.959496962274212,50.01401905926433
,,grass,,21.958005060040975,50.01448335420332
,,grass,,21.958242885684598,50.01456943011764
,,grass,,21.956759216272907,50.014562918392805
,,grass,,21.95690747837852,50.01473344855406
,,grass,,21.956876051959917,50.01486682644
,,grass,,22.02475798972104,50.026027799194566
,,grass,,22.02643626918296,50.02516121488854
,,grass,,22.020864719016142,50.02677202765944
,,grass,,22.020152585895186,50.02675965607825
,,grass,,22.018024732373988,50.02682663289367
,,grass,,22.017673550539122,50.025874646183446
,,grass,,22.01833652501525,50.02308317435564
,,grass,,22.018571575480927,50.02306217670129
,,grass,,22.014664238475508,50.019846298999184
,,grass,,22.016563478393056,50.01884314778042
,,grass,,22.01662029355086,50.01964102382005
,,grass,,22.016416841843323,50.01963915306235
,,grass,,22.016850591044555,50.01996277726821
,,grass,,22.0166442401533,50.01978157597264
,,grass,,22.01646147511101,50.02011441817284
,,grass,,22.016121062167812,50.0203893709622
,,grass,,22.015728081813375,50.02038347153243
,,grass,,22.015184496551388,50.02037101761423
,,grass,,22.01564968338024,50.02030468770876
,,grass,,22.016146317344568,50.020161658522305
,,grass,,22.01566852539181,50.020156224672576
,,grass,,22.015171960715886,50.02015002558619
,,grass,,22.014863981564673,50.02008562424119
,,grass,,22.01113338033369,50.018441369015804
,,grass,,22.011049438784237,50.0182983173199
,,grass,,22.003612162572196,50.01608463284671
,,grass,,22.003650652967053,50.01697206756034
,garden,,,22.00391402659166,50.017565195362984
,garden,,,22.004020902444683,50.01765572244112
,,grass,,22.004279440156076,50.01756929296923
,,,wood,22.004367220173336,50.01707057587212
,,grass,,22.00460423610767,50.01738152602945
,,grass,,22.00450878182203,50.0169508422229
,,grass,,22.004716045259393,50.0172903743118
,,grass,,22.00503765210879,50.01725569523144
,,grass,,22.00570453991395,50.01676761932508
,,grass,,21.98137498969398,50.0447627766038
,,grass,,21.98105279310763,50.04437730919173
,,grass,,21.980645594039114,50.044222278845425
,,grass,,21.980733410142754,50.04430858063182
,,grass,,21.9803443725506,50.044475739218306
,,grass,,21.980242360950026,50.04450776592638
,,grass,,21.97826472020645,50.04436791280275
,,grass,,21.97788993206819,50.04419016163012
,,grass,,21.9776328585264,50.04403287573128
,,grass,,21.976878564327972,50.04373374279321
,,grass,,21.976782652388405,50.04371230151244
,,grass,,21.975428579691645,50.04333332615475
,,grass,,21.975844311606572,50.04057434426711
,,grass,,21.97568474701695,50.04043549383403
,,grass,,21.975461098337686,50.04046234556153
,,grass,,21.97536786768862,50.04061785190401
,,grass,,21.97426717736351,50.04085833543934
,,grass,,21.970070320153187,50.0413944878208
,,grass,,21.97024605086812,50.04137062116151
,,grass,,21.97041773393067,50.04134202559115
,,grass,,21.970649178216544,50.041300955725795
,,grass,,21.970847471035434,50.0412596072288
,,grass,,21.97080441964464,50.041369081842355
,,grass,,21.971474588618435,50.04129162465445
,,grass,,21.971694159666363,50.0412594081668
,,grass,,21.97103679728515,50.04122569800553
,,grass,,21.97124466426229,50.04118772521898
,,grass,,21.971408134632473,50.041158534961866
,,grass,,21.971588343805678,50.041128532132106
,,grass,,21.972023206832677,50.0410773350471
,,grass,,21.97205842967084,50.041169985627626
,,grass,,21.97284179838693,50.04099348877549
,,grass,,21.973946747056164,50.04100268131911
,,grass,,21.975462540208113,50.04091483800899
,,grass,,21.975876376459027,50.04088454614227
,,grass,,21.976208276195656,50.04082939390943
,,grass,,21.975798388831933,50.04141083141445
,,grass,,21.975625696161288,50.04206567764459
,,grass,,21.975250335920553,50.042364050097355
,,grass,,21.975328048596293,50.04249908861245
,,grass,,21.97501160416153,50.042700844962
,,grass,,21.97495300233226,50.04277261428643
,,grass,,21.97483679050071,50.042790888923655
,,grass,,21.97407985905333,50.0430344729354
,,grass,,21.97477148271942,50.043040466874736
,,grass,,21.9745642537063,50.04311045368146
,,grass,,21.974078926614894,50.04320622298077
,,grass,,21.973577176144378,50.04331104930242
,,grass,,21.972620900543706,50.043696586073104
,,grass,,21.972542195655606,50.04372878387239
,,grass,,21.97288386969282,50.04343243734205
,,grass,,21.97273223412968,50.04347837588562
,,grass,,21.97254493727148,50.043553697207614
,,grass,,21.972345437657744,50.0436484025979
,,grass,,21.972137122214757,50.0438955542996
,,grass,,21.971679561879277,50.04392416584793
,,grass,,21.97152586679207,50.04389987962527
,,grass,,21.97151312132848,50.043783304298536
,,grass,,21.97133877177236,50.04376072506062
,,grass,,21.971128910404623,50.04374843210642
,,grass,,21.97090941306073,50.04373477087336
,,grass,,21.970690456028613,50.04372020944346
,,grass,,21.97045595903656,50.043715165213385
,,grass,,21.97127445754067,50.04388258647127
,,grass,,21.97102565153831,50.043871352133806
,,grass,,21.970482636033925,50.04383317948755
,,grass,,21.97030661895129,50.04382198888975
,,grass,,21.970231228695546,50.04381733712782
,,grass,,21.970099313166138,50.04380817660663
,,grass,,21.969930413418346,50.043799258890324
,,grass,,21.970037809016116,50.04371203580649
,,grass,,21.970143892727837,50.043707623397374
,,grass,,21.969406295532124,50.043677550163544
,,grass,,21.96909496743092,50.0436581996118
,,grass,,22.01156804942323,50.046899877686954
,,grass,,22.010200730551805,50.03975136503237
,,grass,,22.01025188547018,50.03990507471811
,,grass,,22.010287132060274,50.03999876651045
,,grass,,22.010304410584123,50.04007127188477
,,grass,,22.010246024637283,50.04024931120238
,,grass,,22.01107364448665,50.04054038693536
,,grass,,22.011244461930094,50.040599813255234
,,grass,,21.954353556371238,50.04599197141526
,,grass,,21.954495325112106,50.04595757524082
,,grass,,21.954694310783402,50.04595688938002
,,grass,,21.954874029555835,50.04595457229134
,,grass,,21.95504678845673,50.0459522060163
,,grass,,21.9551704655371,50.04598907795014
,,grass,,22.039333690208316,50.0291085272074
,,grass,,22.039524199764998,50.029192214035476
,,grass,,22.039234069860754,50.02938795231864
,,grass,,22.03951514074939,50.0297643357166
,,grass,,22.039338549985082,50.02969629161017
,,grass,,21.967927471451727,50.03442862982834
,,grass,,21.968113428451424,50.034713343116145
,,grass,,21.967920506830236,50.03487091023131
,,grass,,21.968111399999998,50.035140600000005
,,grass,,21.967962349999997,50.035123750000004
,,grass,,21.98833998664577,50.04316079562282
,,grass,,21.990538656822174,50.042125442426354
,,grass,,21.99028544119174,50.04223246705377
,,grass,,21.990052147544027,50.04232577180512
,,grass,,21.989808975012348,50.04242150195539
,,grass,,21.989462242500903,50.042573731461374
,,grass,,21.989241094560736,50.042656475447124
,,grass,,21.988919209851378,50.04278711796345
,,grass,,21.988682008006823,50.04288266981484
,,grass,,21.98835236823821,50.043009574338875
,,grass,,21.987869470743608,50.043198650320036
,,grass,,21.976506464140048,50.029788136150984
,,grass,,21.976541888498794,50.02929061776993
,,grass,,21.976545346365345,50.02918260686209
,,grass,,21.976645112328704,50.027963306688385
,,grass,,21.97614258962245,50.02818033353317
,,grass,,21.976033100883935,50.02966399342247
,,grass,,22.004987042429192,50.041432594515854
,,grass,,22.00924036670147,50.041597989851475
,,grass,,22.009661323700076,50.0415052736836
,,grass,,22.009850847131002,50.04146670446092
,,grass,,22.009975542526476,50.04144093239252
,,grass,,22.012007357057357,50.0416759288128
,garden,,,22.011990287271455,50.04168149751846
,,grass,,22.011971785404402,50.04168573359115
,,grass,,22.012080732272185,50.04178162662792
,,grass,,22.012329533864808,50.042095222791154
,,grass,,22.004609835190223,50.03402874179787
,,grass,,22.0046534145581,50.03398532192135
,,grass,,22.004882092288447,50.03375871919611
,,grass,,22.004929534386715,50.03371125729649
,,grass,,22.005070367627095,50.03356803607379
,,grass,,22.00453120112761,50.03391189482075
,,grass,,22.004722076401052,50.033719845030895
,,grass,,22.005224037875863,50.03341505505983
,,grass,,22.00634600823723,50.03447762331414
,,grass,,22.006291,50.0345557
,,grass,,22.006231475123343,50.03463892617488
,,grass,,22.006116878562825,50.03480207213787
,,grass,,22.006008879251414,50.03495318868099
,,grass,,22.005922467052855,50.03507872043676
,,grass,,22.005843383778675,50.03518630786635
,,grass,,22.005771885022217,50.03525264137951
,,grass,,22.005584050000007,50.035411450000005
,,grass,,22.00564995,50.0352973
,,grass,,22.005437663854714,50.035346870640105
,,grass,,22.00531763067903,50.03546592234157
,,grass,,22.005165274877825,50.03546925092257
,,grass,,22.005000453275322,50.03548314651521
,,grass,,22.03413013333333,50.04218506666666
,,grass,,21.998302149999997,50.030873050000004
,,grass,,21.998137059403177,50.03066774985432
,,grass,,21.99826787732681,50.030616071061715
,,grass,,21.997830168384876,50.030263896792675
,,grass,,21.997652343107628,50.03004161824287
,,grass,,21.997572431661133,50.02993230376245
,,grass,,21.997509,50.029850700000004
,,grass,,21.997295984801145,50.029583481554155
,,grass,,21.997508293146772,50.029633581705696
,,grass,,21.99757438199383,50.029718703896734
,,grass,,21.997617650000002,50.02977435
,,grass,,21.997709249999996,50.029891899999996
,,grass,,21.99775613141646,50.02995305334475
,,grass,,21.99790418085382,50.030144622915046
,,grass,,21.99797332504237,50.030231254763116
,,grass,,21.99807445,50.030366150000006
,,grass,,21.998105175260278,50.030403404596164
,,grass,,21.99715250208096,50.02939834203005
,,grass,,21.997075914653337,50.029296238070266
,,grass,,21.99693940601389,50.02912310339225
,,grass,,21.99680787146998,50.02895265651259
,,grass,,21.996725095121416,50.02884074441041
,,grass,,21.996840900000002,50.02876065000001
,,grass,,21.99677178835157,50.028673925950926
,garden,,,21.99685162529895,50.028682765045836
,garden,,,21.99674532572688,50.02854554315817
,,grass,,21.996640243586274,50.028504386287004
,garden,,,21.996629062024777,50.028394584577406
,,grass,,21.996569909138667,50.02841326855021
,garden,,,21.99653134758054,50.02826855598292
,,grass,,21.996497299999998,50.0283188
,garden,,,21.996437767679733,50.02814763486552
,,grass,,21.9964027,50.02819804999999
,,grass,,21.9963489,50.02812885
,,grass,,21.997818149999997,50.0292431
,,grass,,21.997893343466178,50.029217584636164
,,grass,,21.951930054833497,50.04852222667182
,,grass,,21.951334196421193,50.04804298880337
,garden,,,22.009753327391003,50.03618435558845
,garden,,,22.007090618228116,50.03999482819114
,garden,,,22.007263047714616,50.04014673817199
,garden,,,22.00752501449936,50.0400848394858
,garden,,,22.007011680139083,50.04005279292983
,,grass,,22.006988458156727,50.040193424044624
,,grass,,22.006336057781375,50.04022326853257
,,grass,,22.00628053001026,50.040340615529495
,,grass,,22.005611863902086,50.04048093381539
,garden,,,22.008969115600234,50.03996303324625
,,grass,,22.009137454409867,50.04005134338471
,,grass,,22.00872920718956,50.04006921340239
,garden,,,22.008496038389016,50.04010531583367
,garden,,,22.007218326524548,50.040475064154144
,,grass,,22.007190163155947,50.0409545154141
,garden,,,21.99958131811863,50.039475507528664
,garden,,,21.99976773244546,50.03942410365773
,,grass,,21.999850551320897,50.039418385275766
,garden,,,22.00010203183462,50.03924762752338
,,grass,,22.000460461716834,50.039339077043834
,garden,,,22.00080630149527,50.0393559268637
,,grass,,22.000896669481694,50.03941641078222
,garden,,,22.002507697578597,50.040530617084436
,garden,,,22.011261856487838,50.04982112889208
,,grass,,22.01032768401996,50.04649352405798
,,grass,,22.006741798597805,50.04622446647465
,,grass,,22.006108318493997,50.046337783246884
,,grass,,22.014584539692166,50.033762328749575
,,grass,,22.0145127545403,50.03386018015103
,,,wood,22.053266850263498,50.049380808639924
,,,wood,22.058489523996453,50.05000213384368
,,,wood,22.061657204583966,50.04925713122243
,,,wood,22.062410593208927,50.04968623693351
,,,wood,22.064934509350504,50.04974804538786
,,,wood,22.064112891602615,50.04998676642676
,,,wood,22.066315479013184,50.04990416977751
,,,wood,22.060182769607955,50.05051277652084
,,grass,,22.00631050672032,50.04230219294946
,,grass,,21.99173405353106,50.04014966283152
,,grass,,21.99175676478242,50.040227849469844
,,grass,,21.99230445525319,50.04019152610732
,,grass,,21.99216881272845,50.039999983404776
,,,,21.992168668011246,50.04001654692523
,,grass,,21.95097797553069,50.03955010998247
,,grass,,21.95263312104321,50.0399562580614
,,grass,,21.952695151128843,50.039968912314826
,,grass,,21.949976129661927,50.0399487412219
,,grass,,22.035649001822645,50.04325414878145
,,grass,,21.95560448931998,50.04376834751075
,,grass,,21.95594577277778,50.04366155952468
,,grass,,21.95690259900634,50.043367330425376
,,grass,,21.957675782886913,50.043177461975624
,,grass,,21.958430282959007,50.04305208129998
,,grass,,21.965754331059948,50.04254387946528
,,grass,,21.96577069917097,50.04247334313907
,,grass,,21.965920701450038,50.04244565651969
,,grass,,21.966074414792057,50.04253328589403
,,grass,,21.966362475790113,50.04264159702634
,,grass,,21.9663175369156,50.04254826582295
,,grass,,21.966525655628757,50.04241656325342
,,grass,,21.966549620779702,50.04231290775644
,,grass,,21.96671358393081,50.04227704188309
,,grass,,21.965956083567683,50.04229126175853
,,grass,,21.9661323996846,50.04216151938584
,,grass,,21.96610450249491,50.04209849659144
,,grass,,21.9663838539573,50.04219013051039
,,grass,,21.966837626305242,50.04231060301636
,,grass,,21.967369083342085,50.04217901351862
,,grass,,21.985073521770452,50.044152506097845
,,grass,,21.98389926047821,50.04516285824657
,,grass,,21.98489754132331,50.044707494147886
,,grass,,21.987139329500955,50.043384647965816
,,grass,,22.035051070865336,50.03781316882464
,,grass,,22.035645364265452,50.037853006397896
,,grass,,22.036135243388223,50.03788579396182
,,grass,,22.03647953722799,50.037907948910785
,,grass,,22.036878556164282,50.03793771574367
,,grass,,22.040235839735555,50.03790823022986
,,grass,,21.984983798770653,50.02276125230376
,,grass,,21.98516262111889,50.02285147410339
,,grass,,21.985241847412055,50.02289538977789
,,grass,,21.987054163631434,50.02390675060324
,,grass,,21.98725078029693,50.02401063351712
,,grass,,21.98737437139935,50.02407706933004
,,grass,,21.987506838527867,50.02414891547443
,,grass,,21.98756692757041,50.02418205509972
,,grass,,21.987607712883165,50.024208748020605
,,grass,,21.98861519810878,50.02464049967995
,,grass,,21.99051871012843,50.02604242433017
,,grass,,21.991172029666053,50.02678171782097
,garden,,,21.991517832579902,50.02708421393126
,,grass,,21.99145691998356,50.027082986576765
,,grass,,21.991499912498305,50.02715071623743
,,grass,,21.991566678060416,50.02722624085486
,,grass,,21.99163499988418,50.02730355092794
,,grass,,21.991695232164357,50.027371379464064
,,grass,,21.99177528214172,50.0274603026747
,garden,,,21.991916345815408,50.02753347394203
,garden,,,21.99179817056587,50.02739907883704
,garden,,,21.991641386318364,50.02722295631016
,,grass,,21.992038396642897,50.02775492891748
,,grass,,21.992099957176674,50.02782781873316
,,grass,,21.99216602064977,50.02790191304608
,,grass,,21.992232699062534,50.027977570884545
,,grass,,21.992334570772968,50.02809200129842
,,grass,,21.99244509623545,50.02821288762689
,,grass,,21.99251693590903,50.02829310898522
,,grass,,21.99258712005816,50.028368000583306
,,grass,,21.992690412123082,50.028489712322234
,,grass,,21.99284069443574,50.028659068573944
,,grass,,21.992919225823435,50.02875130927273
,,grass,,21.993027103938303,50.02887260188399
,,grass,,21.99312957457652,50.02898859338165
,,grass,,21.993384563107323,50.02927065354062
,,grass,,21.993644620810297,50.0295351232297
,,grass,,21.994166680267742,50.029984836475705
,,grass,,21.99448555420829,50.03021990695658
,,grass,,22.018201232541212,50.03874662987333
,,grass,,22.019542425421875,50.03859628828026
,,grass,,22.02011026649481,50.03854411311084
,,grass,,22.02118107452589,50.03844932495676
,,grass,,21.99989677587262,50.04602807040882
,,grass,,21.999801823546413,50.04637412993249
,,grass,,21.999805269992027,50.046652627797826
,,grass,,21.999742293769934,50.04693719788453
,garden,,,21.999641864667563,50.04717638500031
,garden,,,21.999627343696513,50.047303122298764
,,grass,,21.999645538222083,50.04714120972203
,,grass,,21.999616808414807,50.04745413112175
,,grass,,21.99973232472857,50.0477536081615
,,grass,,21.999773192074635,50.047514524879894
,,grass,,21.999769887644565,50.04722292611512
,,grass,,21.999706415792044,50.04548259646745
,,grass,,21.999637121089467,50.04562490869074
,,grass,,21.999596042478192,50.04575292893063
,,grass,,21.999481294132117,50.045980545712716
,,grass,,21.999559381771732,50.04604149599346
,,grass,,21.999377235164623,50.04623981801375
,,grass,,21.99926942650233,50.04649633587832
,garden,,,21.999301564899586,50.046721673684885
,,grass,,21.9993750867974,50.04650625290339
,,grass,,21.999156554077793,50.046773464533715
,,grass,,21.999067554385455,50.046990587563336
,,grass,,21.998985100832762,50.04720198601555
,,grass,,21.999066142991282,50.047244075081636
,,grass,,21.998918790113063,50.04734140059288
,,grass,,21.998882973204264,50.04745614882598
,,grass,,21.998777365559587,50.0477017936694
,,grass,,21.999347388036025,50.04691127687902
,,grass,,21.998951456883834,50.047528700373036
,,grass,,21.998771716669246,50.04796320580901
,,grass,,21.998678658539053,50.04819448319618
,,grass,,21.998595609473004,50.048430475553275
,garden,,,21.999179403746354,50.047592988993884
,,grass,,21.999151673284103,50.0475191521568
,,grass,,21.999015336156486,50.04787368275488
,,grass,,21.998656707453,50.047992571906
,,grass,,21.998514952901175,50.04833802732209
,,grass,,21.99875152432636,50.048342187361605
,,grass,,21.998245307978586,50.04281998646775
,,grass,,21.999866439056078,50.047967731818815
,,grass,,21.99984664562463,50.048108299948524
,,grass,,22.000713735128958,50.04763659115014
,,grass,,22.00179165185717,50.04724902766616
,,grass,,22.001890749999998,50.04721525
,,grass,,22.001966753419303,50.04718756774361
,,grass,,22.002318508141975,50.04706096156844
,,grass,,22.002667630773843,50.04693440048404
,,grass,,22.003064548062596,50.046796314449814
,,grass,,22.003453944118405,50.0466549423435
,,grass,,22.003687744251504,50.04657063211904
,,grass,,22.003799778062557,50.04632374174022
,,grass,,22.003584075832485,50.0460738072531
,,grass,,22.003428537671464,50.04590396220126
,garden,,,22.000824516065812,50.04494592079326
,,grass,,22.000674899999996,50.04505219999999
,,grass,,22.001950767107896,50.04485159422095
,,grass,,22.002023910775016,50.04484034732568
,,grass,,22.00210966486711,50.04482575858041
,,grass,,22.002194495531732,50.04481263308405
,,grass,,22.002266723208148,50.04480087006464
,,grass,,22.00235552750892,50.04478596367847
,,grass,,22.002438350105137,50.044773159539616
,,grass,,22.00279678918741,50.04471412783728
,,grass,,22.002983937593406,50.04468708631284
,,grass,,22.002889577436157,50.04480438550117
,,grass,,22.00329375397701,50.04474656893327
,,grass,,22.0034161357839,50.044727395622964
,,grass,,22.0036112,50.0446955
,,grass,,22.003690000000002,50.044682949999995
,,grass,,21.98649024807142,50.021438347172065
,,grass,,21.98690309131368,50.02144241569992
,,grass,,21.987105218326363,50.021453303144284
,,grass,,21.987472502146858,50.02145875394891
,,grass,,21.987803779481656,50.0214314585075
,,grass,,21.988052258136126,50.02138041727856
,,grass,,21.988123315855567,50.021366646594835
,,grass,,21.988234328261886,50.02134281014199
,,grass,,21.988362720947165,50.021315911646504
,,grass,,21.988758366296874,50.02123104742484
,,grass,,21.988887382560872,50.021203600629214
,,grass,,21.989020114812195,50.02117503417374
,,grass,,21.989149313478457,50.021147531531255
,,grass,,21.989277186972366,50.02112034298706
,,grass,,21.989393803351195,50.02109439589056
,,grass,,21.992123719205907,50.043491739265924
,,grass,,21.99199898782323,50.04356004317262
,,grass,,21.991368385902714,50.043903157319406
,,grass,,21.990906210539336,50.04415559498826
,,grass,,21.990705617469622,50.044264443429554
,,grass,,21.990361437484374,50.04445260729521
,,grass,,21.990151237503266,50.044567595262734
,,grass,,21.98992253126967,50.0446843350119
,,grass,,21.989222120175036,50.04500742714984
,,grass,,21.98832837874228,50.04541211076873
,,grass,,21.987599416717597,50.04574466283725
,,grass,,21.986367143445744,50.04630633429323
,,grass,,21.985712244932934,50.046592002180326
,,grass,,22.01980611478217,50.0266877872155
,,grass,,22.01586459532569,50.02155562273027
,,grass,,21.998417899550752,50.04881993981581
,,grass,,21.99832238064934,50.04904946274977
,,grass,,21.99820932214957,50.04933160088957
,,grass,,21.998059993958734,50.04969045145606
,,grass,,21.997982617214802,50.049873565705205
,,grass,,21.997831203987076,50.05003709783351
,,grass,,21.998167888741495,50.04982027262728
,,grass,,21.99855315919554,50.04890763606607
,,grass,,21.998834082127978,50.048438124010715
,,grass,,21.999039461713696,50.04826389769516
,,grass,,21.999369677072867,50.0483340401372
,,grass,,21.999058353870975,50.04843132601114
,,grass,,21.999016618268083,50.04858327713281
,,grass,,21.998920527883154,50.04856087990045
,,grass,,21.998691631047517,50.048974198488445
,,grass,,21.99844344322759,50.049550531396505
,,grass,,21.99833522603227,50.049833131795005
,,grass,,21.981548024204113,50.032645450436924
,,grass,,21.98367687326763,50.035317606236305
,,grass,,21.98359952829442,50.03542904784799
,,grass,,21.984388719571285,50.03648940214485
,,grass,,21.984453654979824,50.0363760124778
,,grass,,21.98452879905554,50.036476775595425
,,grass,,21.984678322010613,50.036589892751834
,,grass,,21.984672414977627,50.03666763217208
,,grass,,21.984508284654527,50.03665011640715
,,grass,,21.985234373001038,50.03765701950269
,,grass,,21.984678228344368,50.038074832668784
,,grass,,21.989383707983883,50.03967089796329
,,grass,,21.9893199849737,50.03968082007473
,,grass,,21.98966021295937,50.039973597546
,,grass,,21.989530186438294,50.04004598924194
,,grass,,21.989345014321877,50.040136858657554
,,grass,,21.988954526489163,50.040150248613635
,,grass,,21.989121896237037,50.040218235464216
,,grass,,21.9517740668332,50.0417005695762
,,grass,,21.95170861291925,50.04174862708255
,,grass,,21.951386523543942,50.04186245022181
,,grass,,21.991463771867384,50.03103075374726
,,grass,,21.99192578536368,50.03076298700091
,,grass,,21.992016552303184,50.030710747727866
,,grass,,21.992103685745334,50.03066132668383
,,grass,,21.992368654041922,50.030506189071204
,,grass,,21.992457598245476,50.03045554301253
,,grass,,21.992548698290594,50.030401266666665
,,grass,,21.992635017646073,50.030350745102965
,,grass,,21.992726168475055,50.030297809633666
,,grass,,21.992811571714718,50.03024830567812
,,grass,,21.99290794433353,50.03019210714914
,,grass,,21.993168100000002,50.03004235000001
,,grass,,21.993958774229583,50.026944939897575
,,grass,,21.99407389363507,50.027103437852745
,,grass,,21.994128105010937,50.027166087661485
,,grass,,21.99420083047948,50.027278102590245
,,grass,,21.9943045811429,50.02742674062993
,,grass,,21.994358606449072,50.027494209262926
,,grass,,21.983328869417225,50.02582624098897
,,grass,,21.98356950077081,50.0257149919099
,,grass,,21.983824339130177,50.02557293701613
,,grass,,21.983145500000003,50.025914666666665
,,grass,,21.96397589236849,49.991818589143136
,,,wood,22.014479897744543,50.048229380191785
,,,wood,22.02777980462309,50.049853666450296
,,,wood,22.034767878514,50.04843666485577
,,,wood,22.047650168834544,50.0494090772774
,,grass,,22.022453155295885,50.02972269875517
,,grass,,22.022601591978592,50.02979151762341
,,grass,,22.022066616142904,50.035639132165365
,,grass,,22.02118255311108,50.035635622987286
,,grass,,22.019548030382,50.03560115406419
,,grass,,22.0193786514063,50.035705324718435
,,grass,,22.017594029855232,50.0355750703375
,,grass,,22.01712250228478,50.035570766350844
,,grass,,22.009210759707376,50.02889215581922
,,grass,,22.00071398367944,50.038689552511215
,,,wood,22.018782892910906,50.04653925085748
,,grass,,21.99853880215396,50.03781295585804
,,grass,,21.99808802504973,50.037702349819305
,,grass,,21.99790671350582,50.03725129924721
,,grass,,21.997852099999996,50.037215233333335
,,grass,,21.997746028290347,50.03724226806913
,,grass,,21.997701138657558,50.037352338722954
,,grass,,21.997923697557606,50.03777384975556
,,grass,,21.998944501177256,50.03785048354691
,,grass,,21.992159890374367,50.04170532621493
,,grass,,21.992148520669392,50.04180340432277
,,grass,,21.99600840558165,50.0341649053152
,,grass,,22.00172851628376,50.03411070133395
,,grass,,22.001697060331207,50.03377522833485
,,grass,,22.001805948363785,50.033673748823134
,,grass,,22.001863349999997,50.03374565000001
,,grass,,21.993966925626903,50.02957701258601
,,grass,,21.994213902061418,50.029440324411226
,,grass,,21.99482380596192,50.02921095842308
,,grass,,21.99423386295993,50.02955197741524
,,grass,,21.995241958464362,50.02898100501596
,,grass,,22.00609002891388,50.045132055887606
,,grass,,22.00621194491996,50.045170415518946
,,grass,,22.006404521224038,50.04519543367751
,,,wood,22.078296496706578,50.04953412627269
,,,wood,22.08474581063251,50.04599717846104
,,,wood,22.08335339858599,50.04563170410041
,,grass,,21.958205695423576,50.04545632357563
,,grass,,21.958056347048792,50.04552590351552
,,grass,,21.957924549999998,50.0455056
,,grass,,21.95793253201863,50.045548041243286
,,grass,,21.957427019832817,50.04563117066506
,,grass,,21.957255015687426,50.045662204051496
,,grass,,21.95718173430136,50.04567293681492
,,grass,,21.95908189869174,50.045342607193625
,,grass,,21.958875359832195,50.04537999299578
,,grass,,21.95850229119005,50.04553997958793
,,grass,,21.958919037448997,50.04546552698097
,,grass,,21.95774136531165,50.04682370421259
,,grass,,21.95784135731847,50.04701176054963
,,grass,,21.95817617757938,50.04695224885138
,,grass,,21.95816709768658,50.04588238397882
,,grass,,21.958398462208805,50.045914193418845
,,grass,,21.958042250001927,50.04611039779156
,,grass,,21.95798044162632,50.046585534853286
,,grass,,21.958198211426325,50.04675498027083
,,grass,,21.958396508321687,50.04646983900254
,,grass,,21.964091148164535,50.0436529328154
,,grass,,22.014536117708843,50.03302388559736
,,grass,,22.016008269519332,50.03076459868413
,,grass,,22.01519295046333,50.03071875422568
,,,wood,22.07861846479588,50.032857236523355
,,,wood,22.071182214268504,50.03483363683843
,,,wood,22.075182920999698,50.03610995970149
,,,wood,22.07407043530561,50.03729368186137
,,,wood,22.074121643073163,50.03580193783754
,,,wood,22.08167022705471,50.03057773351888
,,,wood,22.080773664564934,50.0312815198055
,,,wood,22.085862813483658,50.02708414255706
,,,wood,22.08461098275891,50.02702009765131
,,,wood,22.085781966769716,50.0282651501246
,,,wood,22.084519865054794,50.02816830797864
,,,wood,22.081577125525563,50.02770436588018
,,,wood,22.079951202016144,50.029168036183464
,,,wood,22.078226093485195,50.02481813304371
,,,wood,22.077295298268915,50.02043363177543
,,,wood,22.0807399272898,50.01929827404398
,,,wood,22.07664062604125,50.018557203539096
,,,wood,22.07260777474009,50.01795771366087
,,,wood,22.07622956688151,50.00982030217837
,,,wood,22.07495443691593,50.011269764249555
,,,wood,22.073716401991486,50.01319412012024
,,,wood,22.080540843671304,50.012682680700635
,,,wood,22.07858358697663,50.01437131519239
,,,wood,22.075985887442357,50.0161134610906
,,,wood,22.07624958313615,50.016852200444546
,,,wood,22.065775813538487,50.01689059321202
,,,wood,22.05416237117844,50.01058363448491
,,,wood,22.052797509967213,50.01047732189971
,,,wood,22.05325381919715,50.00686160720692
,,,wood,22.050962724092404,50.005343604224095
,,,wood,22.04285055548164,50.00048763076652
,,,wood,22.0013700351568,49.99219909958138
,,,wood,22.001992168883987,49.993486029055084
,,,wood,22.003354190863746,49.988792130340144
,,,wood,22.005650563673946,49.98795037115996
,,,wood,22.00452661908684,49.98578391659727
,,,wood,22.005412525262685,49.98241295730886
,,,wood,22.008384858698538,49.98241865106874
,,,wood,22.043880375824447,49.976987047202414
,,meadow,,22.006164946086116,49.998123685505576
,,grass,,22.001036611123286,50.020163185404414
,,grass,,21.989731449450684,50.01811423908724
,,grass,,21.989017535043345,50.017814263866605
,,grass,,21.9888296504002,50.0177337874328
,,grass,,21.98861596424673,50.01764324491462
,,grass,,21.988554933333333,50.0176676
,,grass,,21.987890880935026,50.01746709174388
,,grass,,21.98844090072486,50.01756907645582
,,grass,,21.987841640135574,50.0172513030231
,,grass,,21.98772223930864,50.017178849553694
,,grass,,21.993752873508686,50.020005526193664
,,grass,,21.9924999459782,50.02034925948524
,,grass,,21.99011869191815,50.01971267818978
,,grass,,21.989710522212373,50.019147975963854
,,grass,,21.98972674177855,50.01890502963048
,,grass,,21.989711087135717,50.018803141152404
,,grass,,21.989629638294595,50.018693747750355
,,grass,,21.989282501312267,50.018708738532695
,,grass,,21.988966717535185,50.01872273900109
,,grass,,21.996208670960318,50.02835955416289
,,grass,,21.996095455766685,50.02828030181796
,,grass,,21.996314835768253,50.028514189231366
,,grass,,21.997962868213172,50.03090663470516
,,grass,,21.990966666666665,50.0395432
,,grass,,21.991023162848087,50.03939414634136
,,grass,,21.99157406455281,50.039371950908645
,,grass,,21.99142779681182,50.04057208142231
,,grass,,21.991220666666663,50.03925403333333
,,grass,,21.991577314683926,50.039103032809145
,,grass,,21.992035100854785,50.0388549373219
,,grass,,21.992656026423404,50.03856520364953
,,grass,,21.993024884444807,50.03837187572422
,,grass,,21.993367894632904,50.03814372612329
,,grass,,22.04648458415403,50.02486738750365
,,grass,,22.046826212162596,50.02520557042745
,,grass,,22.045645053940977,50.02463121076551
,,grass,,22.044850983535316,50.02677077146581
,,grass,,22.041362791775736,50.02698560815957
,,grass,,22.041525086946752,50.02708883269426
,,grass,,22.04170413153327,50.02708312944432
,,grass,,22.041911772296107,50.0270749424198
,,grass,,22.04191988901652,50.0271491164135
,,grass,,22.041757827068405,50.02730009907814
,,grass,,22.04175037616101,50.02726091267625
,,grass,,22.041937808984134,50.02726626585697
,,grass,,22.04193149816193,50.02730803154041
,,grass,,22.041334848751706,50.02761918391587
,,grass,,22.041996436294667,50.02697813176076
,,grass,,22.0421507612479,50.02752626679368
,,grass,,22.01346316486658,50.040471120950365
,,grass,,22.0000091964934,50.047930032562675
,,grass,,22.00009314532619,50.04798510948064
,,grass,,22.00053415616982,50.04859420595826
,,grass,,22.00100088657112,50.049148371253104
,,grass,,22.000427500609266,50.04866588886615
,,grass,,22.000022424837013,50.048044375272916
,,grass,,22.000134026928666,50.04819538771135
,,grass,,21.99993473207192,50.04823268700799
,,grass,,21.99991468384573,50.04809875268056
,,grass,,21.999699110466338,50.048267839908604
,,grass,,22.000051425797754,50.04855531998421
,,grass,,21.99964308898786,50.048405848240535
,,grass,,21.99976626132935,50.04847783448313
,,grass,,22.000028179291785,50.04870390810774
,,grass,,22.00029504312757,50.048946150870904
,,grass,,22.000191394748597,50.04897380603389
,,grass,,22.000341118618774,50.04913233018793
,garden,,,22.00049001176213,50.0493959639982
,,grass,,22.00049573731338,50.04935637032981
,,grass,,22.00054696541815,50.049427776041085
,,grass,,22.00038809119898,50.0491494118166
,,grass,,22.000442950805585,50.04922518575009
,,grass,,22.000402631844903,50.049265237388916
,,grass,,22.000529900892623,50.049345846615076
,,grass,,22.000644576331183,50.04939658513617
,,grass,,22.000583395949135,50.04941804602376
,,grass,,22.000740232110985,50.049523921250284
,,grass,,22.000878222849078,50.04970937982005
,,grass,,22.001267377518854,50.05024131893558
,,grass,,22.001643732519064,50.05052332251504
,,grass,,22.00100250979947,50.04965921573743
,,grass,,22.001132696784616,50.04955461211028
,,grass,,22.00065411440594,50.049165731446344
,,grass,,22.00098481486887,50.04935745720462
,,grass,,22.007591915917693,50.049998617873904
,,grass,,22.00827289266005,50.04982964948987
,,grass,,22.00877913025316,50.04969542400033
,,grass,,22.009165810306,50.04959194044329
,,grass,,22.011359055899266,50.04917752328452
,,grass,,22.0119630170566,50.049072879874146
,garden,,,22.009359808071693,50.041093972337784
,garden,,,22.00898617129722,50.04126167149176
,garden,,,22.008775372783003,50.04134318312854
,garden,,,22.008783058002493,50.041425056987094
,,grass,,22.0100539651494,50.046297513192314
,,grass,,22.00999470350249,50.04638055169157
,,grass,,22.01108618363426,50.04985136019334
,,grass,,22.010883682073406,50.04951270986031
,,grass,,22.011058209594374,50.04945619414462
,,grass,,21.997509591885226,50.038472631877205
,,grass,,21.996330498289446,50.036400033851706
,,grass,,22.06636663949737,50.03855756983441
,,grass,,22.066690662603865,50.03829211754843
,,grass,,22.06698835147945,50.038207567252975
,,grass,,22.067168302032123,50.03809130958009
,,grass,,22.067397236538596,50.03758584458118
,,grass,,22.06758795556519,50.03740250231472
,,grass,,22.06809949237688,50.0373714186335
,,grass,,22.072733907179064,50.03834250287151
,,grass,,22.073291230813417,50.0390333389665
,,grass,,22.07184020031563,50.03971143722596
,,grass,,22.073117809685943,50.04029725708638
,,grass,,22.07273279960842,50.040212141607334
,,grass,,22.072556280124438,50.04011718654591
,,grass,,22.06760836261119,50.039536695494945
,garden,,,22.06618360584806,50.03939365954348
,,grass,,22.066244899502756,50.03911002412795
,,grass,,22.065895555321458,50.03905851309532
,,grass,,22.06590766052524,50.03888359396943
,,grass,,22.065505420999532,50.03920750576175
,,grass,,22.06536873625294,50.03919952006757
,,grass,,22.065215898402418,50.03919589526596
,garden,,,22.065513829841592,50.03913973511082
,garden,,,22.065377215630026,50.039131258612464
,garden,,,22.065252047809498,50.03911134591875
,,grass,,22.06529976516515,50.03883007259997
,,grass,,22.065674978397016,50.03884117863027
,,grass,,22.065929038711563,50.0395183772834
,,grass,,21.976164742650415,50.02747711504675
,,grass,,21.975891902891277,50.02720827658365
,,grass,,21.975356841255824,50.026504795310714
,,grass,,21.974905534851317,50.0261814999256
,,grass,,21.97469718591154,50.02603079886484
,,grass,,21.9746746833177,50.02631855455567
,,grass,,21.97455955457358,50.026222022039164
,,grass,,21.974305241213266,50.026255461191546
,,grass,,21.974246969917704,50.02611766412802
,,grass,,21.973294378750374,50.025148608808536
,,grass,,21.972834882139853,50.02479347595336
,,grass,,21.972379932408778,50.02443740712926
,,grass,,21.971890922365407,50.02405620525325
,,grass,,21.9702716928256,50.02280517235433
,,grass,,21.970090178524163,50.0226711735857
,,grass,,21.969927607957032,50.02254060895592
,,grass,,21.97030211223175,50.022644509619305
,,grass,,21.970176481127538,50.02254988926964
,,grass,,21.969719804362004,50.022199136139875
,,grass,,21.969753852702908,50.02182999801393
,,grass,,21.96884527433499,50.02151411426741
,,grass,,21.967705976390704,50.020634429063776
,,grass,,21.96710167948121,50.020164917432986
,,grass,,21.966901759026637,50.020192056748755
,,grass,,21.966630803436495,50.01998224456573
,,grass,,21.965536662457286,50.01911916334477
,,grass,,21.965180317468878,50.01884847974556
,garden,,,21.96459146666667,50.018479066666664
,,grass,,21.964633000000003,50.01847276666666
,garden,,,21.964692884757874,50.018511179379296
,garden,,,21.964685896693243,50.01855873913852
,garden,,,21.964044978792664,50.017973986745524
,,grass,,21.962278987512885,50.0164014519897
,,grass,,21.96209549842682,50.01625776871972
,,grass,,21.961845254019597,50.01624335890202
,,grass,,21.961694969358657,50.01595258600362
,,grass,,21.96088114195979,50.01532948815745
,garden,,,21.959264571650845,50.01418392682305
,,grass,,21.960011461199894,50.014661537837924
,,grass,,21.959643610414613,50.01446572784219
,,grass,,21.95952526970033,50.01437499973718
,,grass,,21.95962962480941,50.0142003456058
,,grass,,21.95949838658655,50.01401889709184
,,grass,,21.958068525234903,50.01446834828997
,,grass,,21.958199550398106,50.014576004901066
,,grass,,21.956753205554573,50.01457071217688
,,grass,,21.956906216257348,50.01473326538921
,,grass,,21.956884693670144,50.014857545776806
,,grass,,22.02476295885684,50.026025287067704
,,grass,,22.02643583152521,50.02516137094771
,,grass,,22.020867603105224,50.02677192630174
,,grass,,22.0201549524441,50.026759327287145
,,grass,,22.018015264855485,50.02682635600974
,,grass,,22.01767353106743,50.02587464669718
,,grass,,22.01833646497366,50.02307865975438
,,grass,,22.018571577206885,50.02306208553696
,,grass,,22.01465651011347,50.01987661355643
,,grass,,22.01646789742712,50.01864687475578
,,grass,,22.01662028414953,50.019641642046786
,,grass,,22.01641676658148,50.01963970889056
,,grass,,22.016852254746826,50.01997831937262
,,grass,,22.016644255480315,50.019781421146085
,,grass,,22.016454982545508,50.020112390411846
,,grass,,22.016667771999348,50.0202332945414
,,grass,,22.016136881410944,50.02038950375253
,,grass,,22.015733983120438,50.020383564414146
,,grass,,22.015089653830433,50.020366007579916
,,grass,,22.015577371502,50.02029594359452
,,grass,,22.016146673690276,50.020161663006185
,,grass,,22.015668004697094,50.02015621784954
,,grass,,22.015169977165474,50.020149998825
,,grass,,22.014871131482774,50.020072462675884
,,grass,,22.01113432734621,50.018442434469925
,,grass,,22.011048601674727,50.01829751503158
,,grass,,22.003626575193984,50.0160889178343
,,grass,,22.003633853591765,50.01696008535002
,garden,,,22.00391875462384,50.017569029754945
,garden,,,22.004017921433736,50.017654182574255
,,grass,,22.004287694938284,50.01756494881102
,,,wood,22.00435070029387,50.01705424335485
,,grass,,22.004612066914547,50.01737328019549
,,grass,,22.00450287983742,50.0169436138599
,,grass,,22.004719118644072,50.01729264953052
,,grass,,22.005037989163892,50.01725663102899
,,grass,,22.00570187797352,50.01676769169983
,,grass,,21.981360687963317,50.04475917465364
,,grass,,21.98103558560959,50.04435377014163
,,grass,,21.98065510744188,50.04421938618265
,,grass,,21.98073213951219,50.044309790109814
,,grass,,21.98034405271132,50.044475001770266
,,grass,,21.980239558661598,50.04450705848234
,,grass,,21.978265146612003,50.04436747227593
,,grass,,21.97787646261573,50.04418254400296
,,grass,,21.977626516609224,50.044028885022215
,,grass,,21.976877895099346,50.04373386828967
,,grass,,21.97678265498471,50.043712299535244
,,grass,,21.97542515730133,50.04333334585468
,,grass,,21.975838455498366,50.04057253857975
,,grass,,21.97568725037951,50.04043785961671
,,grass,,21.975460193863785,50.04046422136189
,,grass,,21.975371056165137,50.04061678648052
,,grass,,21.974115266981066,50.04087808100638
,,grass,,21.97007672467192,50.04139390267205
,,grass,,21.9702469813788,50.041370897194284
,,grass,,21.970418986681437,50.04134223815076
,,grass,,21.970650819027387,50.041300925152726
,,grass,,21.9708485433515,50.04126060057064
,,grass,,21.97078108402334,50.04137319732844
,,grass,,21.97147951965797,50.04129098941747
,,grass,,21.971694551121725,50.04125941405576
,,grass,,21.97103861568276,50.041225895481645
,,grass,,21.971245034861308,50.04118817553057
,,grass,,21.971408971128515,50.04115903131894
,,grass,,21.971588884175702,50.04112940610431
,,grass,,21.97202601025237,50.04107758052379
,,grass,,21.97206385302156,50.04116824064606
,,grass,,21.97280533124424,50.04099806168866
,,grass,,21.973836601207697,50.04101193545978
,,grass,,21.975478071203568,50.04091753344607
,,grass,,21.97587889863705,50.040881478052945
,,grass,,21.976205342324786,50.04082915300482
,,grass,,21.975797436835297,50.04146085405766
,,grass,,21.975627052075836,50.042063723992236
,,grass,,21.975251606871506,50.04236389713252
,,grass,,21.97532805698142,50.04249799991358
,,grass,,21.975010421883017,50.04270068763848
,,grass,,21.974953317250076,50.04277172957214
,,grass,,21.974840612701815,50.0427824920445
,,grass,,21.9740871826352,50.04303112814278
,,grass,,21.974771587490494,50.043041405879
,,grass,,21.974566265632305,50.04310964174122
,,grass,,21.974075006147228,50.04320535154283
,,grass,,21.973577591625386,50.04331080951233
,,grass,,21.97262146781563,50.04369678893861
,,grass,,21.972542618615105,50.04372898073191
,,grass,,21.97288000789826,50.04343438550554
,,grass,,21.972732507641123,50.04347815771608
,,grass,,21.972545523724914,50.043553706339665
,,grass,,21.97234366752398,50.043642784459244
,,grass,,21.972138526148772,50.04389484985708
,,grass,,21.97167301594461,50.04392153765585
,,grass,,21.971525804220153,50.043899905793204
,,grass,,21.97151872998502,50.04378370048386
,,grass,,21.971339399392452,50.04376074897183
,,grass,,21.971129172603245,50.04374844734651
,,grass,,21.970908850344323,50.04373471998033
,,grass,,21.970689790310384,50.04372015650905
,,grass,,21.970454808572605,50.043717530432694
,,grass,,21.971274391928134,50.043882627879064
,,grass,,21.971026318499995,50.043871386938626
,,grass,,21.97048270010786,50.043833075755934
,,grass,,21.97030660031146,50.04382200049784
,,grass,,21.970231226810444,50.043817340952835
,,grass,,21.97009930957629,50.04380817674964
,,grass,,21.969936979915776,50.04379919851159
,,grass,,21.970038421461076,50.04371325465041
,,grass,,21.970136456277736,50.043709672735325
,,grass,,21.969403674613044,50.04367864275212
,,grass,,21.969093754344282,50.043658386555364
,,grass,,22.01156808470946,50.046899627179215
,,grass,,22.01020253606191,50.03975884857723
,,grass,,22.010249145331414,50.039899043471614
,,grass,,22.010287130916975,50.03999876846789
,,grass,,22.010304539120067,50.040071750780776
,,grass,,22.010262036525614,50.0402245780505
,,grass,,22.011058632689924,50.040548097313376
,,grass,,22.01123614474673,50.04060107836742
,,grass,,21.95435402851559,50.045993322443515
,,grass,,21.954507572610094,50.04595742275053
,,grass,,21.95469423570649,50.04595746119929
,,grass,,21.95487331686309,50.04595506460925
,,grass,,21.955032766167548,50.04595170103618
,,grass,,21.95517040296505,50.04598924176531
,,grass,,22.039324355474612,50.029106066551904
,,grass,,22.039531467812765,50.029192257596804
,,grass,,22.039233141944067,50.02938828822777
,,grass,,22.039508998425475,50.029764355920925
,,grass,,22.03933672704511,50.029698216597964
,,grass,,21.967907184550945,50.03445117643957
,,grass,,21.968143550934997,50.03471120514901
,,grass,,21.96794004164831,50.03488176263622
,,grass,,21.968111399999998,50.0351406
,,grass,,21.96796235,50.03512375
,,grass,,21.988398868774127,50.04314839344553
,,grass,,21.990532006215293,50.04212876026979
,,grass,,21.990285652253394,50.042232644397465
,,grass,,21.990052253626807,50.04232571130607
,,grass,,21.989813255408173,50.04242022743115
,,grass,,21.989457878448928,50.04257641957591
,,grass,,21.989227413511145,50.042662910162754
,,grass,,21.98891832648869,50.04278739451089
,,grass,,21.9886821303946,50.04288253549591
,,grass,,21.98829942745675,50.04303352982951
,,grass,,21.987905559462316,50.043192046202144
,,grass,,21.976509115364134,50.02973365758359
,,grass,,21.97654160441322,50.02929146281391
,,grass,,21.97654727000799,50.029181160077584
,,grass,,21.97664341272206,50.02796510819398
,,grass,,21.976136453213076,50.02829884237139
,,grass,,21.97603366224762,50.02966690340611
,,grass,,22.004991615050123,50.041441602242855
,,grass,,22.00923840812762,50.04159888900165
,,grass,,22.009664111117978,50.04150572691252
,,grass,,22.009854962243644,50.041466365710214
,,grass,,22.009973642475938,50.04144150019563
,,grass,,22.01200739591449,50.041676035984736
,garden,,,22.01198975674782,50.0416812146793
,,grass,,22.011969507928562,50.0416846426701
,,grass,,22.012076999619,50.04177568837423
,,grass,,22.01233253766482,50.04209611750362
