{"type":"FeatureCollection","features":[
{"type":"Feature","geometry":{"type":"Point","coordinates":[18.5661219,54.43055]},"properties":{"barrier":"gate"}},
{"type":"Feature","geometry":{"type":"Point","coordinates":[18.5662419,54.4325394]},"properties":{"barrier":"gate"}},
{"type":"Feature","geometry":{"type":"Point","coordinates":[18.5765487,54.4481843]},"properties":{"created_by":"JOSM"}},
{"type":"Feature","geometry":{"type":"Point","coordinates":[18.5619131,54.4493521]},"properties":{"barrier":"gate"}},
{"type":"Feature","geometry":{"type":"Point","coordinates":[18.5616968,54.4499726]},"properties":{"barrier":"gate"}},
{"type":"Feature","geometry":{"type":"Point","coordinates":[18.5643121,54.4492818]},"properties":{"barrier":"gate"}},
{"type":"Feature","geometry":{"type":"Point","coordinates":[18.5682767,54.4485486]},"properties":{"amenity":"theatre","check_date":"2025-07-26","name":"Teatr Atelier im. Agnieszki Osieckiej"}},
{"type":"Feature","geometry":{"type":"Point","coordinates":[18.5671262,54.448551]},"properties":{"alt_name":"Klub Sfinks","amenity":"nightclub","check_date":"2024-08-20","name":"Sfinks"}},
{"type":"Feature","geometry":{"type":"Point","coordinates":[18.5683284,54.4484464]},"properties":{"amenity":"nightclub","check_date":"2025-07-26","name":"Klub Atelier"}},
{"type":"Feature","geometry":{"type":"Point","coordinates":[18.567118,54.4444927]},"properties":{"amenity":"nightclub","name":"Soho Klubogaleria"}},
{"type":"Feature","geometry":{"type":"Point","coordinates":[18.6140401,54.3762725]},"properties":{"addr:city":"Gdańsk","addr:country":"PL","addr:housenumber":"16","addr:postcode":"80-233","addr:street":"Księdza Leona Miszewskiego","amenity":"theatre","check_date":"2025-02-03","contact:email":"mostownia@most-gdansk.pl","name":"Mostownia","operator":"Stowarzyszenie Kulturalno - Edukacyjne MOST","phone":"+48 538 489 415","start_date":"2024-01-20","was:name":"Dom Książki","was:shop":"books","website":"https://most-gdansk.pl/mostownia/","wheelchair":"limited"}},
{"type":"Feature","geometry":{"type":"Point","coordinates":[18.567537,54.4450708]},"properties":{"amenity":"cinema","brand":"Multikino","brand:wikidata":"Q1144802","brand:wikipedia":"pl:Multikino","name":"Multikino","operator":"Vue Cinemas"}},
{"type":"Feature","geometry":{"type":"Point","coordinates":[18.6669686,54.4067012]},"properties":{"height":"25","historic":"monument","lit":"yes","material":"granite","name":"Pomnik Obrońców Wybrzeża","name:en":"Monument at Westerplatte","tourism":"attraction","wheelchair":"no","wikidata":"Q825098","wikimedia_commons":"Category:Westerplatte_Monument","wikipedia":"pl:Pomnik Obrońców Wybrzeża"}},
{"type":"Feature","geometry":{"type":"Point","coordinates":[18.6503243,54.3495849]},"properties":{"amenity":"nightclub","check_date":"2024-04-30","name":"Ezo Night Club"}},
{"type":"Feature","geometry":{"type":"Point","coordinates":[18.6321898,54.3363059]},"properties":{"alt_name":"Fort Jezuicki","name":"Szaniec Jezuicki","name:de":"Jesuiterschanze","name:pl":"Szaniec Jezuicki","tourism":"attraction","wikidata":"Q9350800","wikipedia":"pl:Szaniec Jezuicki"}},
{"type":"Feature","geometry":{"type":"Point","coordinates":[18.6591969,54.3520709]},"properties":{"entrance":"yes","source":"photography"}},
{"type":"Feature","geometry":{"type":"Point","coordinates":[18.6411381,54.3544124]},"properties":{"barrier":"gate","locked":"no"}},
{"type":"Feature","geometry":{"type":"Point","coordinates":[18.5796405,54.4263431]},"properties":{"entrance":"main","layer":"1","name":"A3"}},
{"type":"Feature","geometry":{"type":"Point","coordinates":[18.6259827,54.3684268]},"properties":{"artwork_type":"graffiti","check_date":"2024-03-26","name":"Wychowani na Traugutta","tourism":"artwork"}},
{"type":"Feature","geometry":{"type":"Point","coordinates":[18.6468481,54.3540445]},"properties":{"entrance":"main"}},
{"type":"Feature","geometry":{"type":"Point","coordinates":[18.5773252,54.3022714]},"properties":{"addr:city":"Borkowo","addr:housenumber":"2","addr:postcode":"80-180","addr:street":"Klasyczna","check_date":"2022-12-04","email":"biuro@nhfitness.pl","fee":"yes","leisure":"sports_centre","name":"NH Fitness","opening_hours":"Mo-Fr 06:30-22:00; Sa-Su 09:00-18:00","phone":"58 304 73 30; +48 502 388 011","sport":"gymnastics","website":"http://www.nhfitness.pl/","wheelchair":"yes"}},
{"type":"Feature","geometry":{"type":"Point","coordinates":[18.5398137,54.4091728]},"properties":{"access":"no","barrier":"gate"}},
{"type":"Feature","geometry":{"type":"Point","coordinates":[18.6307705,54.4040686]},"properties":{"artwork_type":"graffiti","tourism":"artwork"}},
{"type":"Feature","geometry":{"type":"Point","coordinates":[18.4376902,54.3471543]},"properties":{"amenity":"community_centre","name":"Świetlica Wiejska","source":"TW"}},
{"type":"Feature","geometry":{"type":"Point","coordinates":[18.4891913,54.4452972]},"properties":{"denotation":"natural_monument","is_in:city":"Gdynia","leaf_type":"broadleaved","name":"Dąb szypułkowy \"Dewajtis\"","name:en":"Monument of Nature 'Dewajtis Oak'","natural":"tree","opening_hours":"24/7","ref":"POM301","source":"local_knowledge","taxon:genus:en":"Oak","taxon:genus:pl":"Dąb","tourism":"attraction"}},
{"type":"Feature","geometry":{"type":"Point","coordinates":[18.4917565,54.4443844]},"properties":{"denotation":"natural_monument","genus":"Thuja","is_in:city":"Gdynia","leaf_type":"needleleaved","name":"Żywotnik olbrzymi \"Kępa żywotnika\"","natural":"tree","note":"America origin","opening_hours":"24/7","ref":"POM369","source":"local_knowledge","species":"Thuja plicata Donn ex D.Don","species:wikidata":"Q147417","species:wikipedia":"pl:Żywotnik olbrzymi","taxon":"Thuja plicata","taxon:genus:en":"Giant Cedar","taxon:genus:pl":"Żywotnik Olbrzymi","tourism":"attraction"}},
{"type":"Feature","geometry":{"type":"Point","coordinates":[18.5970315,54.3925274]},"properties":{"addr:city":"Gdańsk","addr:housenumber":"3","addr:postcode":"80-460","addr:street":"Pilotów","alt_name":"Shoshin Kai","designation":"Aikido","int_name":"Shoshin Dojo","leisure":"sports_centre","name":"Aikido - Shoshin Dojo Gdańsk","old_name":"Shoshin Dojo","source":"local_knowledge"}},
{"type":"Feature","geometry":{"type":"Point","coordinates":[18.6601115,54.352279]},"properties":{"entrance":"main","name":"A"}},
{"type":"Feature","geometry":{"type":"Point","coordinates":[18.5952211,54.3723948]},"properties":{"amenity":"theatre","check_date":"2025-06-27","name":"Teatr Leśny","name:de":"Waldbühne","name:pl":"Teatr Leśny"}},
{"type":"Feature","geometry":{"type":"Point","coordinates":[18.5706441,54.4238898]},"properties":{"barrier":"gate"}},
{"type":"Feature","geometry":{"type":"Point","coordinates":[18.4684225,54.3133274]},"properties":{"addr:city":"Sulmin","addr:housenumber":"4","addr:postcode":"83-331","addr:street":"Macierzy Szkolnej","name":"Galeria Sulmin","source:addr":"UG Żukowo","tourism":"gallery","website":"https://galeriasulmin.pl/"}},
{"type":"Feature","geometry":{"type":"Point","coordinates":[18.6573855,54.3505886]},"properties":{"access":"no","barrier":"gate","check_date":"2024-04-30"}},
{"type":"Feature","geometry":{"type":"Point","coordinates":[18.6253614,54.3272175]},"properties":{"leisure":"sports_centre","name":"Siłownia"}},
{"type":"Feature","geometry":{"type":"Point","coordinates":[18.5978202,54.403682]},"properties":{"barrier":"gate"}},
{"type":"Feature","geometry":{"type":"Point","coordinates":[18.6369585,54.3860121]},"properties":{"name":"Ekspozycja Zewnętrzna","tourism":"attraction"}},
{"type":"Feature","geometry":{"type":"Point","coordinates":[18.5796799,54.4262893]},"properties":{"entrance":"main","name":"A1"}},
{"type":"Feature","geometry":{"type":"Point","coordinates":[18.5800851,54.427015]},"properties":{"entrance":"main","layer":"1","name":"B3"}},
{"type":"Feature","geometry":{"type":"Point","coordinates":[18.58139,54.4267466]},"properties":{"entrance":"main","layer":"1","name":"C3"}},
{"type":"Feature","geometry":{"type":"Point","coordinates":[18.6525158,54.3545078]},"properties":{"entrance":"yes"}},
{"type":"Feature","geometry":{"type":"Point","coordinates":[18.6448871,54.3554022]},"properties":{"entrance":"main"}},
{"type":"Feature","geometry":{"type":"Point","coordinates":[18.6498296,54.3605933]},"properties":{"access":"no","barrier":"gate","historic":"memorial","material":"steel","memorial":"memorial","name":"Historyczna brama nr 2 Stoczni Gdańskiej","name:ko":"그단스크 조선소 역사적 2번문","tourism":"attraction","wikidata":"Q24946311","wikipedia":"pl:Brama nr 2 Stoczni Gdańskiej"}},
{"type":"Feature","geometry":{"type":"Point","coordinates":[18.6255371,54.3964458]},"properties":{"access":"no","barrier":"gate"}},
{"type":"Feature","geometry":{"type":"Point","coordinates":[18.5099776,54.3931388]},"properties":{"alt_name:de":"Erratisch Block","geological":"glacial_erratic","name":"Diabelski Kamień","name:de":"Teufelsstein","name:pl":"Diabelski Kamień","natural":"stone","tourism":"attraction"}},
{"type":"Feature","geometry":{"type":"Point","coordinates":[18.5354194,54.4142199]},"properties":{"access":"yes","barrier":"gate","entrance":"exit","foot":"yes","name":"Wyjście"}},
{"type":"Feature","geometry":{"type":"Point","coordinates":[18.7421699,54.3696128]},"properties":{"name":"Prawe stanowisko baterii leśnej 1911","tourism":"attraction"}},
{"type":"Feature","geometry":{"type":"Point","coordinates":[18.7383632,54.3703941]},"properties":{"name":"Schron baterii leśnej 1911","tourism":"attraction"}},
{"type":"Feature","geometry":{"type":"Point","coordinates":[18.6313635,54.3698803]},"properties":{"entrance":"yes"}},
{"type":"Feature","geometry":{"type":"Point","coordinates":[18.6250439,54.3684272]},"properties":{"barrier":"gate","name":"Brama 2","ref":"2"}},
{"type":"Feature","geometry":{"type":"Point","coordinates":[18.6266073,54.3721433]},"properties":{"entrance":"main"}},
{"type":"Feature","geometry":{"type":"Point","coordinates":[18.6118322,54.3769815]},"properties":{"addr:city":"Gdańsk","addr:housenumber":"51","addr:postcode":"80-241","addr:street":"Aleja Grunwaldzka","amenity":"cafe","check_date":"2025-01-25","name":"Kolonia Artystów","name:en":"Colony of Artists","operator":"Fundacja Kolonia Artystów","tourism":"gallery","website":"http://www.kolonia-artystow.pl/"}},
{"type":"Feature","geometry":{"type":"Point","coordinates":[18.5691714,54.4462021]},"properties":{"amenity":"theatre","name":"Muszla koncertowa"}},
{"type":"Feature","geometry":{"type":"Point","coordinates":[18.5102333,54.4053927]},"properties":{"name":"Kamienna Twarz","tourism":"attraction"}},
{"type":"Feature","geometry":{"type":"Point","coordinates":[18.7068462,54.3789054]},"properties":{"name":"Schron","tourism":"attraction"}},
{"type":"Feature","geometry":{"type":"Point","coordinates":[18.5581884,54.3854141]},"properties":{"name":"Dawna skocznia narciarska - próg","tourism":"attraction"}},
{"type":"Feature","geometry":{"type":"Point","coordinates":[18.5043081,54.3142096]},"properties":{"addr:city":"Otomin","archaeological_site":"fortification","fortification_type":"hill_fort","historic":"archaeological_site","name":"Grodzisko Otomin","tourism":"attraction"}},
{"type":"Feature","geometry":{"type":"Point","coordinates":[18.638556,54.3516175]},"properties":{"amenity":"community_centre","name":"Świetlica Krytyki Politycznej w Trójmieście"}},
{"type":"Feature","geometry":{"type":"Point","coordinates":[18.6547003,54.3544947]},"properties":{"addr:city":"Gdańsk","addr:housenumber":"3","addr:postcode":"80-843","addr:street":"Olejarna","amenity":"nightclub","contact:email":"biuro@bunkierclub.pl","contact:phone":"+48 58 354 83 17","contact:website":"http://bunkierclub.pl/","ele":"15","name":"Klubogaleria Bunkier","opening_hours":"Su-Th 16:00-02:00; Fr-Sa 16:00-05:00","operator":"bunkierclub.pl","smoking":"isolated","website":"http://bunkierclub.pl/","wheelchair":"no"}},
{"type":"Feature","geometry":{"type":"Point","coordinates":[18.6498358,54.3511359]},"properties":{"addr:city":"Gdańsk","addr:housenumber":"2","addr:postcode":"80-834","addr:street":"Świętego Ducha","alt_name":"Klub muzyczny Parlament","amenity":"nightclub","contact:phone":"+48583201365","name":"Parlament","website":"https://parlament.com.pl/"}},
{"type":"Feature","geometry":{"type":"Point","coordinates":[18.652248,54.3499224]},"properties":{"entrance":"main"}},
{"type":"Feature","geometry":{"type":"Point","coordinates":[18.5697271,54.3829214]},"properties":{"name":"Głaz Borkowskiego","natural":"stone","source":"http://tajemnice-gdanska.blogspot.com/2013/05/gaz-borkowskiego.html;local knowledge","tourism":"attraction"}},
{"type":"Feature","geometry":{"type":"Point","coordinates":[18.5871432,54.4041758]},"properties":{"addr:city":"Gdańsk","addr:housenumber":"41C","addr:postcode":"80-391","addr:street":"Kołobrzeska","amenity":"cinema","brand":"Helios","brand:wikidata":"Q5705879","level":"2","name":"Helios","opening_hours":"Mo-Sa 09:00-21:00; Su 10:00-20:00","phone":"+48 58 767 99 82","website":"https://www.helios.pl/2,Gdansk/OpisKina/"}},
{"type":"Feature","geometry":{"type":"Point","coordinates":[18.6149105,54.3761945]},"properties":{"check_date":"2025-01-27","leisure":"amusement_arcade"}},
{"type":"Feature","geometry":{"type":"Point","coordinates":[18.5575708,54.3854067]},"properties":{"ele":"95","name":"Dawna skocznia narciarska - szczyt","tourism":"attraction"}},
{"type":"Feature","geometry":{"type":"Point","coordinates":[18.559156,54.3854349]},"properties":{"name":"Dawna skocznia narciarska - podnóże","tourism":"attraction"}},
{"type":"Feature","geometry":{"type":"Point","coordinates":[18.4848124,54.3866687]},"properties":{"entrance":"main"}},
{"type":"Feature","geometry":{"type":"Point","coordinates":[18.6695804,54.3493148]},"properties":{"leisure":"amusement_arcade","name":"Koral"}},
{"type":"Feature","geometry":{"type":"Point","coordinates":[18.521006,54.2941257]},"properties":{"access":"no","name":"Miejsce wydobycia bursztynu","tourism":"attraction"}},
{"type":"Feature","geometry":{"type":"Point","coordinates":[18.5758017,54.4258933]},"properties":{"barrier":"gate"}},
{"type":"Feature","geometry":{"type":"Point","coordinates":[18.6266861,54.3736582]},"properties":{"amenity":"nightclub","check_date":"2025-03-19","name":"Serum"}},
{"type":"Feature","geometry":{"type":"Point","coordinates":[18.6119695,54.337846]},"properties":{"addr:city":"Gdańsk","addr:housenumber":"1B","addr:postcode":"80-809","addr:street":"Władysława Cieszyńskiego","leisure":"sports_centre","name":"Tiger Gym","opening_hours":"Mo-Fr 06:30-23:00; Sa-Su 08:00-21:00","sport":"athletics"}},
{"type":"Feature","geometry":{"type":"Point","coordinates":[18.5557792,54.3394678]},"properties":{"leisure":"sports_centre","name":"Good Luck Club","sport":"fitness"}},
{"type":"Feature","geometry":{"type":"Point","coordinates":[18.6174761,54.3656012]},"properties":{"barrier":"gate","name":"Brama 4"}},
{"type":"Feature","geometry":{"type":"Point","coordinates":[18.5987057,54.3465081]},"properties":{"historic":"building","name":"Dwór Krzyżowniki","tourism":"attraction"}},
{"type":"Feature","geometry":{"type":"Point","coordinates":[18.6571198,54.3403722]},"properties":{"description":"Nr taborowy 1241","historic":"locomotive","name":"Tramwaj Konstal 105Na","tourism":"attraction"}},
{"type":"Feature","geometry":{"type":"Point","coordinates":[18.6475115,54.3497977]},"properties":{"entrance":"main"}},
{"type":"Feature","geometry":{"type":"Point","coordinates":[18.5785318,54.3577447]},"properties":{"leisure":"sports_centre"}},
{"type":"Feature","geometry":{"type":"Point","coordinates":[18.6421756,54.3894245]},"properties":{"addr:city":"Gdańsk","addr:country":"PL","addr:housenumber":"1","addr:postcode":"80-560","addr:street":"Pokoleń Lechii Gdańsk","email":"tours@arenagdansk.com","leisure":"sports_centre","name":"Fun Arena","phone":"+48 58 76884444","sport":"multi"}},
{"type":"Feature","geometry":{"type":"Point","coordinates":[18.5889158,54.380678]},"properties":{"addr:city":"Gdańsk","addr:housenumber":"23","addr:postcode":"80-257","addr:street":"Juliusza Słowackiego","amenity":"community_centre","name":"Stary Maneż","phone":"+48 58 760 70 10","website":"https://starymanez.pl/"}},
{"type":"Feature","geometry":{"type":"Point","coordinates":[18.5920403,54.3900965]},"properties":{"addr:city":"Gdańsk","addr:housenumber":"67","addr:postcode":"80-465","addr:street":"Franciszka Hynka","email":"crossfitgdansk1990@gmail.com","leisure":"sports_centre","name":"CrossCore CrossFit & Fight Gym","opening_hours":"Mo-Fr 06:00-22:00; Sa 07:00-16:00; Su 09:00-15:00","phone":"+48 665 615 715","source":"survey","sport":"gym;crossfit;boxing;kickboxing;krav_maga","website":"https://www.crosscoregdansk.com/"}},
{"type":"Feature","geometry":{"type":"Point","coordinates":[18.6484375,54.3648573]},"properties":{"addr:city":"Gdańsk","addr:postcode":"80-863","addr:street":"Elektryków","leisure":"sports_centre","name":"So!Salsa","phone":"+48 508 050 299","sport":"dance","strapline":"SOLIDARITY OF SALSA","website":"https://sosalsa.pl/","wheelchair":"yes"}},
{"type":"Feature","geometry":{"type":"Point","coordinates":[18.6165503,54.3834307]},"properties":{"addr:city":"Gdańsk","addr:housenumber":"6a","addr:street":"Adama Mickiewicza","leisure":"sports_centre","name":"Gdański Klub Kyokushin Karate","sport":"karate"}},
{"type":"Feature","geometry":{"type":"Point","coordinates":[18.5725939,54.4174768]},"properties":{"addr:city":"Gdańsk","addr:housenumber":"19","addr:postcode":"80-354","addr:street":"Subisława","email":"kursy@salsaclub.pl","leisure":"sports_centre","level":"-1","name":"Salsa Club - Szkoła Tańca","opening_hours":"Mo-Fr 17:00-21:00","phone":"58 554 54 24;512 336 660","sport":"dance","website":"https://salsaclub.pl/"}},
{"type":"Feature","geometry":{"type":"Point","coordinates":[18.6516896,54.357747]},"properties":{"addr:city":"Gdańsk","addr:housenumber":"4","addr:street":"Aksamitna","leisure":"sports_centre","name":"Gdański Klub Kyokushin Karate","sport":"karate"}},
{"type":"Feature","geometry":{"type":"Point","coordinates":[18.5814608,54.4265894]},"properties":{"entrance":"main","name":"C1"}},
{"type":"Feature","geometry":{"type":"Point","coordinates":[18.5809644,54.4260466]},"properties":{"entrance":"main","layer":"1","name":"D3"}},
{"type":"Feature","geometry":{"type":"Point","coordinates":[18.538397,54.4121933]},"properties":{"attraction":"animal","name":"Kondory","name:en":"Condors","tourism":"attraction"}},
{"type":"Feature","geometry":{"type":"Point","coordinates":[18.5335486,54.412818]},"properties":{"alt_name":"Foka szara","attraction":"animal","name":"Szarytka morska","name:en":"Grey seal","species":"Halichoerus grypus","tourism":"attraction"}},
{"type":"Feature","geometry":{"type":"Point","coordinates":[18.5334715,54.412171]},"properties":{"attraction":"animal","name":"Słoń afrykański","name:en":"African savanna elephant","species":"Loxodonta africana","tourism":"attraction"}},
{"type":"Feature","geometry":{"type":"Point","coordinates":[18.5339223,54.409414]},"properties":{"attraction":"animal","name":"Gepard grzywiasty","name:en":"Cheetah","species":"Acinonyx jubatus","tourism":"attraction"}},
{"type":"Feature","geometry":{"type":"Point","coordinates":[18.5328918,54.4131991]},"properties":{"attraction":"animal","name":"Pingwin przylądkowy","name:en":"African penguin","species":"Spheniscus demersus","tourism":"attraction"}},
{"type":"Feature","geometry":{"type":"Point","coordinates":[18.5696349,54.4447578]},"properties":{"amenity":"clinic","healthcare":"clinic","name":"Oddział Reumatologiczny","name:pl":"Zakład Balneologiczny","tourism":"attraction"}},
{"type":"Feature","geometry":{"type":"Point","coordinates":[18.5365711,54.4142291]},"properties":{"access":"no","barrier":"gate","noexit":"yes"}},
{"type":"Feature","geometry":{"type":"Point","coordinates":[18.5358784,54.4169316]},"properties":{"attraction":"animal","name":"Wielbłąd jednogarbny","name:en":"Arabian camel","species":"Camelus dromedarius","tourism":"attraction","website":"https://zoo.gda.pl/zwierzeta/wielblad-jednogarbny/"}},
{"type":"Feature","geometry":{"type":"Point","coordinates":[18.5336798,54.4159637]},"properties":{"attraction":"animal","name":"Barasinga bagienna","name:en":"Barasingha","species":"Rucervus duvaucelii","tourism":"attraction","website":"https://zoo.gda.pl/zwierzeta/barasinga-bagienna/"}},
{"type":"Feature","geometry":{"type":"Point","coordinates":[18.6263359,54.3727926]},"properties":{"entrance":"yes"}},
{"type":"Feature","geometry":{"type":"Point","coordinates":[18.5742129,54.4072916]},"properties":{"addr:city":"Gdańsk","addr:housenumber":"15H","addr:postcode":"80-381","addr:street":"Leona Droszyńskiego","building":"yes","leisure":"sports_centre","name":"Ściana Wspinaczkowa Elewator","opening_hours":"Mo-Sa 10:00-22:00; Su 10:00-20:00","phone":"058 5581403","sport":"climbing","website":"https://www.elewator.com/"}},
{"type":"Feature","geometry":{"type":"Point","coordinates":[18.5382667,54.4093289]},"properties":{"attraction":"animal","name":"Kuc szetlandzki","name:en":"Shetland pony","species":"Equus ferus caballus","tourism":"attraction"}},
{"type":"Feature","geometry":{"type":"Point","coordinates":[18.5399486,54.4100841]},"properties":{"attraction":"animal","name":"Lew angolski","name:en":"Southwest African lion","species":"Panthera leo melanochaita","tourism":"attraction"}},
{"type":"Feature","geometry":{"type":"Point","coordinates":[18.5355986,54.4099812]},"properties":{"attraction":"animal","name":"Żyrafa ugandyjska","name:en":"Rothschild's giraffe","species":"Giraffa camelopardalis rothschildi","tourism":"attraction"}},
{"type":"Feature","geometry":{"type":"Point","coordinates":[18.5363485,54.4099204]},"properties":{"attraction":"animal","name":"Zebra pręgonoga","name:en":"Chapman's zebra","species":"Equus quagga chapmani","tourism":"attraction"}},
{"type":"Feature","geometry":{"type":"Point","coordinates":[18.534912,54.409589]},"properties":{"alt_name":"Surykatka","attraction":"animal","name":"Surykatka szara","name:en":"Meerkat","species":"Suricata suricatta","tourism":"attraction"}},
{"type":"Feature","geometry":{"type":"Point","coordinates":[18.5336834,54.4141477]},"properties":{"alt_name":"Mangustolisek afrykański","attraction":"animal","name":"Mangustolisek afrykański","name:en":"Yellow mongoose","species":"Cynictis penicillata","tourism":"attraction","website":"https://zoo.gda.pl/zwierzeta/mangusta-lisia/"}},
{"type":"Feature","geometry":{"type":"Point","coordinates":[18.5372363,54.4105282]},"properties":{"alt_name":"Pelikan baba","attraction":"animal","name":"Pelikan różowy","name:en":"Great white pelican","species":"Pelecanus onocrotalus","tourism":"attraction"}},
{"type":"Feature","geometry":{"type":"Point","coordinates":[18.6456489,54.3648058]},"properties":{"addr:city":"Gdańsk","addr:housenumber":"29b","addr:street":"Niterów","amenity":"nightclub","name":"Crackhouse"}},
{"type":"Feature","geometry":{"type":"Point","coordinates":[18.6466061,54.3499221]},"properties":{"entrance":"main"}},
{"type":"Feature","geometry":{"type":"Point","coordinates":[18.6462823,54.3419431]},"properties":{"access":"private","entrance":"service"}},
{"type":"Feature","geometry":{"type":"Point","coordinates":[18.6462347,54.3417552]},"properties":{"access":"private","entrance":"service"}},
{"type":"Feature","geometry":{"type":"Point","coordinates":[18.6464715,54.342086]},"properties":{"access":"yes","entrance":"main"}},
{"type":"Feature","geometry":{"type":"Point","coordinates":[18.648474,54.3645609]},"properties":{"addr:city":"Gdańsk","addr:country":"PL","addr:housenumber":"80","addr:postcode":"80-863","addr:street":"Elektryków","amenity":"nightclub","name":"B90","url":"https://b90.pl/","website":"https://www.facebook.com/B90klub"}},
{"type":"Feature","geometry":{"type":"Point","coordinates":[18.6002894,54.3720798]},"properties":{"denotation":"natural_monument","leaf_cycle":"deciduous","leaf_type":"broadleaved","name":"Dąb zwycięstwa","natural":"tree","source":"Uchwała nr LVII/1699/18 Rady Miasta Gdańska","species":"Quercus petraea","species:pl":"Dąb bezszypułkowy","tourism":"attraction"}},
{"type":"Feature","geometry":{"type":"Point","coordinates":[18.571475,54.403435]},"properties":{"leisure":"sports_centre","level":"1","name":"City Fit","opening_hours":"24/7","website":"https://cityfit.pl/kluby/gdansk/"}},
{"type":"Feature","geometry":{"type":"Point","coordinates":[18.5707064,54.4005778]},"properties":{"entrance":"yes"}},
{"type":"Feature","geometry":{"type":"Point","coordinates":[18.6519551,54.3389845]},"properties":{"flood_date":"1829-04-11","flood_mark":"yes","historic":"memorial","inscription":"Wasserstand den 11 April 1829","location":"on the wall","memorial:type":"flood_mark","name":"Kamienna Śluza","name:pl":"Kamienna Śluza","source":"http://www.trojmiasto.pl/wiadomosci/Wielka-powodz-z-1829-roku-w-Gdansku-n103675.html#","tourism":"attraction"}},
{"type":"Feature","geometry":{"type":"Point","coordinates":[18.6601294,54.3472941]},"properties":{"flood_date":"1829","flood_mark":"yes","historic":"memorial","location":"on the wall","memorial:type":"flood_mark","source":"http://www.wielkawoda.umk.pl/index.html","source_ref":"http://www.wielkawoda.umk.pl/czym_sa_znaki/ZWW_zulawy.pdf","tourism":"attraction"}},
{"type":"Feature","geometry":{"type":"Point","coordinates":[18.6586781,54.3506969]},"properties":{"flood_date":"1745","flood_mark":"yes","historic":"memorial","location":"outdoor","memorial":"high_water_mark","memorial:type":"flood_mark","source":"http://www.wielkawoda.umk.pl/index.html","source_ref":"http://www.wielkawoda.umk.pl/czym_sa_znaki/ZWW_zulawy.pdf","tourism":"attraction"}},
{"type":"Feature","geometry":{"type":"Point","coordinates":[18.6586784,54.3506981]},"properties":{"flood_date":"1775-02-24","flood_mark":"yes","historic":"memorial","inscription":"1775 D 24 Fe","location":"outdoor","memorial":"high_water_mark","memorial:type":"flood_mark","source":"http://www.wielkawoda.umk.pl/index.html","source_ref":"http://www.wielkawoda.umk.pl/czym_sa_znaki/ZWW_zulawy.pdf","tourism":"attraction"}},
{"type":"Feature","geometry":{"type":"Point","coordinates":[18.6586786,54.3506992]},"properties":{"flood_date":"1829-04-11","flood_mark":"yes","historic":"memorial","inscription":"Wasserstand den 11 April 1829","location":"outdoor","memorial":"high_water_mark","memorial:type":"flood_mark","source":"http://www.wielkawoda.umk.pl/index.html","source_ref":"http://www.wielkawoda.umk.pl/czym_sa_znaki/ZWW_zulawy.pdf","tourism":"attraction"}},
{"type":"Feature","geometry":{"type":"Point","coordinates":[18.5941803,54.3517876]},"properties":{"amenity":"cinema","level":"1","name":"Cinema1","screen":"6","website":"https://cinemaone.pl/"}},
{"type":"Feature","geometry":{"type":"Point","coordinates":[18.6578159,54.3514629]},"properties":{"flood_date":"1829-04-11","flood_mark":"yes","historic":"memorial","location":"on the wall","memorial:type":"flood_mark","name":"Brama Swietojanska","name:be":"Брама Светаянска","name:en":"Brama Swietojanska","source":"http://www.wielkawoda.umk.pl/index.html","source_ref":"http://www.wielkawoda.umk.pl/czym_sa_znaki/prezentacja.pdf","tourism":"attraction"}},
{"type":"Feature","geometry":{"type":"Point","coordinates":[18.5805183,54.3788728]},"properties":{"flood_date":"2001-07-09","flood_mark":"yes","historic":"memorial","inscription":"POWÓDŹ 9 lipca 2001 r.","location":"outdoor","memorial:type":"flood_mark","source":"http://wolneforumgdansk.pl/viewtopic.php?t=1405","tourism":"attraction"}},
{"type":"Feature","geometry":{"type":"Point","coordinates":[18.6056454,54.3828115]},"properties":{"amenity":"cinema","brand":"Helios","brand:wikidata":"Q5705879","contact:website":"http://www.helios.pl/","level":"1","name":"Helios","opening_hours":"Mo-Su 10:00-22:30","source":"survey"}},
{"type":"Feature","geometry":{"type":"Point","coordinates":[18.6049539,54.3829739]},"properties":{"leisure":"amusement_arcade","level":"0","source":"survey"}},
{"type":"Feature","geometry":{"type":"Point","coordinates":[18.6448781,54.3553369]},"properties":{"entrance":"main"}},
{"type":"Feature","geometry":{"type":"Point","coordinates":[18.6489174,54.3510373]},"properties":{"name":"Stara Apteka","name:pl":"Stara Apteka","name:ru":"Старая аптека","tourism":"attraction"}},
{"type":"Feature","geometry":{"type":"Point","coordinates":[18.6570446,54.3498701]},"properties":{"name":"Brama Św. Ducha","name:be":"Брама Св. Духа","name:pl":"Brama Św. Ducha","tourism":"attraction"}},
{"type":"Feature","geometry":{"type":"Point","coordinates":[18.6561846,54.3486742]},"properties":{"name":"Brama Chlebnicka","name:be":"Брама Хлебніцка","name:pl":"Brama Chlebnicka","tourism":"attraction"}},
{"type":"Feature","geometry":{"type":"Point","coordinates":[18.6578219,54.3521692]},"properties":{"name":"Brama Straganiarska","name:be":"Брама Страганярска","name:pl":"Brama Straganiarska","name:ru":"Брама Страганярска","tourism":"attraction"}},
{"type":"Feature","geometry":{"type":"Point","coordinates":[18.6577523,54.3514747]},"properties":{"name":"Brama Świętojańska","name:pl":"Brama Świętojańska","tourism":"attraction"}},
{"type":"Feature","geometry":{"type":"Point","coordinates":[18.6589329,54.3507311]},"properties":{"name":"Spichlerz Panna","name:pl":"Spichlerz Panna","tourism":"attraction"}},
{"type":"Feature","geometry":{"type":"Point","coordinates":[18.6589452,54.3508744]},"properties":{"name":"Spichlerz Miedź","name:pl":"Spichlerz Miedź","tourism":"attraction"}},
{"type":"Feature","geometry":{"type":"Point","coordinates":[18.6589903,54.3509985]},"properties":{"name":"Spichlerz Oliwski","name:pl":"Spichlerz Oliwski","tourism":"attraction"}},
{"type":"Feature","geometry":{"type":"Point","coordinates":[18.563055,54.4445702]},"properties":{"name":"Dworek Sierakowskich","tourism":"attraction","wikidata":"Q5318319","wikipedia":"pl:Dworek Sierakowskich"}},
{"type":"Feature","geometry":{"type":"Point","coordinates":[18.579611,54.4374477]},"properties":{"name":"Przystań rybacka","name:pl":"Przystań rybacka","tourism":"attraction"}},
{"type":"Feature","geometry":{"type":"Point","coordinates":[18.5633542,54.4416136]},"properties":{"addr:housenumber":"10a","addr:street":"Tadeusza Kościuszki","check_date":"2024-08-23","name":"Dom Klausa Kinskiego","name:de":"Geburtshaus Klaus Kinski","name:pl":"Dom Klausa Kinskiego","tourism":"attraction","wikimedia_commons":"File:Geburtshaus_Klaus_Kinski_in_Sopot_20240823_143950_HDR.jpg"}},
{"type":"Feature","geometry":{"type":"Point","coordinates":[18.6554548,54.3486082]},"properties":{"name":"Dom Angielski","name:pl":"Dom Angielski","name:ru":"Английский дом","tourism":"attraction"}},
{"type":"Feature","geometry":{"type":"Point","coordinates":[18.6588343,54.3540398]},"properties":{"name":"Zajazd z XVII w.","name:pl":"Zajazd z XVII w.","tourism":"attraction"}},
{"type":"Feature","geometry":{"type":"Point","coordinates":[18.5785149,54.4357429]},"properties":{"name":"Plac Rybaków","name:pl":"Plac Rybaków","tourism":"attraction","wheelchair":"yes"}},
{"type":"Feature","geometry":{"type":"Point","coordinates":[18.5689921,54.4457351]},"properties":{"name":"Centrum Haffnera Dom Zdrojowy","tourism":"attraction"}},
{"type":"Feature","geometry":{"type":"Point","coordinates":[18.6605247,54.3492396]},"properties":{"name":"Spichlerz Nowa Pakownia","name:pl":"Spichlerz Nowa Pakownia","tourism":"attraction"}},
{"type":"Feature","geometry":{"type":"Point","coordinates":[18.5733744,54.443287]},"properties":{"name":"Łazienki Południowe","name:pl":"Łazienki Południowe","tourism":"attraction"}},
{"type":"Feature","geometry":{"type":"Point","coordinates":[18.6191519,54.3398372]},"properties":{"addr:city":"Gdańsk","addr:housenumber":"31","addr:postcode":"80-807","addr:street":"Tytusa Chałubińskiego","contact:facebook":"DSTeamgda","contact:instagram":"dsteamstrzelnica","email":"strzelnica@dsteam.pl","leisure":"sports_centre","name":"Strzelnica DSTeam","opening_hours":"Mo 14:00-22:00; Tu off; We-Fr 14:00-22:00; Sa 12:00-22:00; Su 12:00-20:00","operator":"DSTeam","operator:type":"private","phone":"+48 665 566 997","shooting":"indoor_range","sport":"shooting","website":"https://dsteam.pl/"}},
{"type":"Feature","geometry":{"type":"Point","coordinates":[18.6378296,54.3900689]},"properties":{"barrier":"gate"}},
{"type":"Feature","geometry":{"type":"Point","coordinates":[18.3995944,54.3952668]},"properties":{"entrance":"yes","wheelchair":"yes"}},
{"type":"Feature","geometry":{"type":"Point","coordinates":[18.3994097,54.3954057]},"properties":{"entrance":"yes","wheelchair":"yes"}},
{"type":"Feature","geometry":{"type":"Point","coordinates":[18.3992111,54.3955549]},"properties":{"entrance":"yes","wheelchair":"yes"}},
{"type":"Feature","geometry":{"type":"Point","coordinates":[18.3994727,54.3957242]},"properties":{"entrance":"main","wheelchair":"yes"}},
{"type":"Feature","geometry":{"type":"Point","coordinates":[18.5847896,54.3912194]},"properties":{"barrier":"gate"}},
{"type":"Feature","geometry":{"type":"Point","coordinates":[18.6448976,54.3558909]},"properties":{"entrance":"yes"}},
{"type":"Feature","geometry":{"type":"Point","coordinates":[18.6595449,54.3509752]},"properties":{"historic":"yes","man_made":"machine","name":"Maszt z ORP \"Bolko\"","opening_hours":"24/7","tourism":"attraction","wheelchair":"yes"}},
{"type":"Feature","geometry":{"type":"Point","coordinates":[18.6595366,54.3507338]},"properties":{"historic":"yes","man_made":"beacon","name":"Pława bezpiecznej wody","opening_hours":"24/7","tourism":"attraction","wheelchair":"yes"}},
{"type":"Feature","geometry":{"type":"Point","coordinates":[18.5970889,54.3924531]},"properties":{"amenity":"arts_centre","name":"Dom Kultury Młyniec"}},
{"type":"Feature","geometry":{"type":"Point","coordinates":[18.5340892,54.4108142]},"properties":{"alt_name":"Hipopotamek karłowaty","attraction":"animal","name":"Hipopotam karłowaty","name:en":"Pygmy hippopotamus","species":"Choeropsis liberiensis","tourism":"attraction"}},
{"type":"Feature","geometry":{"type":"Point","coordinates":[18.5358168,54.4106948]},"properties":{"attraction":"animal","name":"Tapir amerykański","name:en":"Lowland tapir","species":"Tapirus terrestritis","tourism":"attraction"}},
{"type":"Feature","geometry":{"type":"Point","coordinates":[18.5363009,54.4106244]},"properties":{"attraction":"animal","name":"Kapibara wielka","name:en":"Capybara","species":"Hydrochoerus hydrochaeris","tourism":"attraction"}},
{"type":"Feature","geometry":{"type":"Point","coordinates":[18.5368084,54.4105191]},"properties":{"attraction":"animal","name":"Nandu szare","name:en":"Greater rhea","species":"Rhea americana","tourism":"attraction"}},
{"type":"Feature","geometry":{"type":"Point","coordinates":[18.5373302,54.4098049]},"properties":{"attraction":"animal","name":"Eland zwyczajny","name:en":"Common eland","species":"Taurotragus oryx","tourism":"attraction"}},
{"type":"Feature","geometry":{"type":"Point","coordinates":[18.5380885,54.4101977]},"properties":{"attraction":"animal","name":"Bongo górskie","name:en":"Mountain bongo","species":"Tragelaphus eurycerus isaaci","tourism":"attraction"}},
{"type":"Feature","geometry":{"type":"Point","coordinates":[18.534472,54.4091778]},"properties":{"alt_name":"Żuraw koroniasty szaroszyi","attraction":"animal","name":"Koronnik szary","name:en":"South African Crowned Crane","species":"Balearica regulorum regulorum","tourism":"attraction","website":"https://www.zoo.gda.pl/animal/zuraw-koroniasty-szaroszyi"}},
{"type":"Feature","geometry":{"type":"Point","coordinates":[18.5332559,54.4103425]},"properties":{"alt_name":"Pampasowiec grzywiasty","attraction":"animal","name":"Wilk grzywiasty","name:en":"Maned wolf","species":"Chrysocyon brachyurus","tourism":"attraction"}},
{"type":"Feature","geometry":{"type":"Point","coordinates":[18.5330558,54.4116536]},"properties":{"attraction":"animal","name":"Kob moczarowy","name:en":"Leachwe Waterbuck","species":"Kobus leche","tourism":"attraction"}},
{"type":"Feature","geometry":{"type":"Point","coordinates":[18.5334325,54.4120597]},"properties":{"attraction":"animal","name":"Słoń indyjski","name:en":"Asian elephant","species":"Elephas maximus","tourism":"attraction"}},
{"type":"Feature","geometry":{"type":"Point","coordinates":[18.5344789,54.4138121]},"properties":{"attraction":"animal","name":"Ryś euroazjatycki","name:en":"Eurasian lynx","species":"Lynx lynx","tourism":"attraction","website":"https://www.zoo.gda.pl/animal/zbik"}},
{"type":"Feature","geometry":{"type":"Point","coordinates":[18.5345637,54.4140392]},"properties":{"attraction":"animal","name":"Żbik europejski","name:en":"Wild cat","species":"Felis silvestris silvestris","tourism":"attraction","website":"https://www.zoo.gda.pl/animal/zbik"}},
{"type":"Feature","geometry":{"type":"Point","coordinates":[18.5342275,54.4142938]},"properties":{"alt_name":"Serwal","attraction":"animal","name":"Serwal sawannowy","name:en":"Serval","species":"Leptailurus serval","tourism":"attraction","website":"https://zoo.gda.pl/zwierzeta/serwal"}},
{"type":"Feature","geometry":{"type":"Point","coordinates":[18.5340709,54.4143835]},"properties":{"alt_name":"Pantera perska","attraction":"animal","name":"Lampart perski","name:en":"Persian leopard","species":"Panthera pardus saxicolor","tourism":"attraction","website":"https://zoo.gda.pl/zwierzeta/pantera-perska/"}},
{"type":"Feature","geometry":{"type":"Point","coordinates":[18.532131,54.4144721]},"properties":{"attraction":"animal","name":"Osioł domowy","name:en":"Domestic ass","species":"Equus asinus asinus","tourism":"attraction"}},
{"type":"Feature","geometry":{"type":"Point","coordinates":[18.5298204,54.4148108]},"properties":{"alt_name":"Daniel płowy","attraction":"animal","name":"Daniel zwyczajny","name:en":"Fallow deer","species":"Dama dama","tourism":"attraction"}},
{"type":"Feature","geometry":{"type":"Point","coordinates":[18.5329162,54.4137394]},"properties":{"alt_name":"Gereza stokowa","attraction":"animal","name":"Gereza abisyńska","name:en":"Kikuyu mantled guereza","species":"Colobus guereza kikuyuensis","tourism":"attraction","website":"https://www.zoo.gda.pl/animal/gereza"}},
{"type":"Feature","geometry":{"type":"Point","coordinates":[18.5321707,54.4139278]},"properties":{"attraction":"animal","name":"Wyjec czarny","name:en":"Black howler monkey","species":"Alouatta caraya","tourism":"attraction","website":"https://www.zoo.gda.pl/animal/wyjec-czarny"}},
{"type":"Feature","geometry":{"type":"Point","coordinates":[18.5334424,54.4138596]},"properties":{"attraction":"animal","name":"Kangur rudy","name:en":"Red kangaroo","name:ja":"アカカンガルー","species":"Macropus rufus","tourism":"attraction"}},
{"type":"Feature","geometry":{"type":"Point","coordinates":[18.5334152,54.4114631]},"properties":{"attraction":"animal","name":"Sitatunga","name:en":"Western Sitatunga","species":"Tragelophus spekei gratus","tourism":"attraction"}},
{"type":"Feature","geometry":{"type":"Point","coordinates":[18.5335796,54.4111608]},"properties":{"attraction":"animal","name":"Oryks szablorogi","name:en":"Scimitar-horned oryx","species":"Oryx dammah","tourism":"attraction"}},
{"type":"Feature","geometry":{"type":"Point","coordinates":[18.6346711,54.3202791]},"properties":{"barrier":"gate"}},
{"type":"Feature","geometry":{"type":"Point","coordinates":[18.569132,54.4453019]},"properties":{"amenity":"nightclub","name":"Unique"}},
{"type":"Feature","geometry":{"type":"Point","coordinates":[18.5713129,54.4463093]},"properties":{"barrier":"gate"}},
{"type":"Feature","geometry":{"type":"Point","coordinates":[18.568694,54.4443622]},"properties":{"amenity":"nightclub","name":"Makahiki","website":"https://www.facebook.com/makahikisopot"}},
{"type":"Feature","geometry":{"type":"Point","coordinates":[18.6716144,54.3999971]},"properties":{"amenity":"community_centre","name":"Centrum Sztuki Współczesnej Łaźnia 2","website":"https://www.laznia.pl/"}},
{"type":"Feature","geometry":{"type":"Point","coordinates":[18.5621588,54.443287]},"properties":{"amenity":"nightclub","check_date":"2024-08-25","contact:facebook":"https://www.facebook.com/ShowSopot","contact:phone":"+48 506556622","level":"1","name":"Show Gentleman's Club","opening_hours":"Mo 00:00-05:00; We 21:00-24:00; Th-Su 00:00-05:00, 21:00-24:00"}},
{"type":"Feature","geometry":{"type":"Point","coordinates":[18.6132113,54.3740856]},"properties":{"amenity":"community_centre","name":"Kibice Razem Lechia Gdańsk"}},
{"type":"Feature","geometry":{"type":"Point","coordinates":[18.5958946,54.4256262]},"properties":{"amenity":"nightclub","name":"Banana Beach Club"}},
{"type":"Feature","geometry":{"type":"Point","coordinates":[18.647933600000003,54.3539034]},"properties":{"amenity":"arts_centre","name":"Nadbałtyckie Centrum Kultury","website":"https://www.nck.org.pl/"}},
{"type":"Feature","geometry":{"type":"Point","coordinates":[18.6604658,54.3563117]},"properties":{"amenity":"cinema","check_date":"2025-07-19","level":"-3","name":"Kino \"Muzeum\"","operator":"Muzeum II Wojny Światowej"}},
{"type":"Feature","geometry":{"type":"Point","coordinates":[18.5656037,54.4433398]},"properties":{"amenity":"theatre","contact:website":"https://www.teatrwybrzeze.pl/scena-kameralna","name":"Teatr Wybrzeże - Scena Kameralna im. Joanny Bogackiej"}},
{"type":"Feature","geometry":{"type":"Point","coordinates":[18.572011,54.3974829]},"properties":{"addr:city":"Gdańsk","addr:housenumber":"55","addr:postcode":"80-308","addr:street":"Wita Stwosza","amenity":"cinema","brand":"Akademickie Centrum Kultury \"Alternator\"","contact:facebook":"https://www.facebook.com/dkfmiloscblondynki","description":"Dyskusyjny Klub Filmowy Uniwersytetu Gdańskiego MIŁOŚĆ BLONDYNKI","email":"dkf@ug.edu.pl","level":"0","name":"DKF UG Miłość Blondynki","payment:cards":"yes","payment:cash":"yes","payment:contactless":"yes","start_date":"1994","website":"https://ack.ug.edu.pl/strefa-filmu/dkf/","wheelchair":"yes"}},
{"type":"Feature","geometry":{"type":"Point","coordinates":[18.5696806,54.3963584]},"properties":{"addr:city":"Gdańsk","addr:housenumber":"58","addr:postcode":"80-308","addr:street":"Wita Stwosza","amenity":"arts_centre","check_date":"2023-09-21","contact:facebook":"https://www.facebook.com/ackalternator/","description":"Muzyka, Teatr, Taniec, Film – to główne strefy działań twórczych, które rozwijamy w ramach Akademickiego Centrum Kultury „Alternator”.","email":"ack@ug.edu.pl","image":"https://ack.ug.edu.pl/wp-content/uploads/2023/09/241633341_155706920046238_5289872640030145186_n.jpg","name":"Akademickie Centrum Kultury \"Alternator\"","name:en":"Academic Culture Center of University of Gdansk","payment:cards":"yes","payment:cash":"yes","phone":"+48 58 523 24 50","source":"https://old.ug.edu.pl/uniwersytet/struktura_ug/administracja_centralna/rektor/prorektor_ds_studentow_i_jakosci_ksztalcenia/akademickie_centrum_kultury_ug_alternator","start_date":"1981-07-08","website":"https://ack.ug.edu.pl"}},
{"type":"Feature","geometry":{"type":"Point","coordinates":[18.6439981,54.3484765]},"properties":{"amenity":"cinema","brand":"Helios","brand:wikidata":"Q5705879","brand:wikipedia":"pl:Helios (sieć kin)","level":"2","name":"Helios"}},
{"type":"Feature","geometry":{"type":"Point","coordinates":[18.7113051,54.3615821]},"properties":{"entrance":"yes"}},
{"type":"Feature","geometry":{"type":"Point","coordinates":[18.6614094,54.3604419]},"properties":{"crane:type":"portal_crane","heritage":"2","heritage:operator":"nid","historic":"industrial","man_made":"crane","name":"Żuraw półbramowy wypadowy","old_name":"7","ref:nid":"A-1936 (C)","start_date":"1937","tourism":"attraction"}},
{"type":"Feature","geometry":{"type":"Point","coordinates":[18.652395,54.3476773]},"properties":{"name":"Dom Fahrenheita","tourism":"attraction"}},
{"type":"Feature","geometry":{"type":"Point","coordinates":[18.6356529,54.3202174]},"properties":{"entrance":"main"}},
{"type":"Feature","geometry":{"type":"Point","coordinates":[18.6360547,54.3197586]},"properties":{"barrier":"gate","bicycle":"yes","foot":"yes"}},
{"type":"Feature","geometry":{"type":"Point","coordinates":[18.6360798,54.3193955]},"properties":{"barrier":"gate","motor_vehicle":"yes"}},
{"type":"Feature","geometry":{"type":"Point","coordinates":[18.6450399,54.3637722]},"properties":{"barrier":"gate","bicycle":"yes","foot":"yes","motor_vehicle":"no"}},
{"type":"Feature","geometry":{"type":"Point","coordinates":[18.572804,54.3359989]},"properties":{"access":"private","climbing":"route_top","leisure":"sports_centre","sport":"climbing"}},
{"type":"Feature","geometry":{"type":"Point","coordinates":[18.620763,54.3396823]},"properties":{"entrance":"main"}},
{"type":"Feature","geometry":{"type":"Point","coordinates":[18.6733299,54.3469078]},"properties":{"access":"customers","door":"hinged","entrance":"main","level":"0"}},
{"type":"Feature","geometry":{"type":"Point","coordinates":[18.5788793,54.3977625]},"properties":{"addr:city":"Gdańsk","addr:housenumber":"355","addr:postcode":"80-309","addr:street":"Aleja Grunwaldzka","email":"gdansk@jumpcity.pl","leisure":"sports_centre","name":"JUMPCITY - Park Trampolin","opening_hours":"Mo-Su 10:00-21:00","payment:cash":"yes","payment:credit_cards":"yes","payment:debit_cards":"yes","phone":"58 380 80 88","sport":"gymnastics;trampoline;parkour","website":"https://gdansk.jumpcity.pl"}},
{"type":"Feature","geometry":{"type":"Point","coordinates":[18.559318,54.4089324]},"properties":{"amenity":"arts_centre","check_date":"2025-03-05","name":"Oliwski Ratusz Kultury","operator":"Fundacja Wspólnota Gdańska","website":"https://www.ratuszkultury.pl"}},
{"type":"Feature","geometry":{"type":"Point","coordinates":[18.6288478,54.3611239]},"properties":{"amenity":"nightclub","name":"Medyk"}},
{"type":"Feature","geometry":{"type":"Point","coordinates":[18.3998706,54.3953567]},"properties":{"entrance":"yes","wheelchair":"yes"}},
{"type":"Feature","geometry":{"type":"Point","coordinates":[18.6487517,54.3500601]},"properties":{"amenity":"nightclub","name":"Tka","name:pl":"Tkacka Club","opening_hours":"We-Sa 21:00-05:00","website":"http://www.tkackaclub.pl"}},
{"type":"Feature","geometry":{"type":"Point","coordinates":[18.6416215,54.3894839]},"properties":{"email":"biuro@movementarena.pl","leisure":"sports_centre","name":"Movement Arena","opening_hours":"Mo-Su 10:00-21:00; Jan 01,Dec 23-26, Dec 31 off","phone":"+48 798 798 882","sport":"parkour;gymnastics;trampoline","website":"https://movementarena.pl/gdansk/"}},
{"type":"Feature","geometry":{"type":"Point","coordinates":[18.6419368,54.3893931]},"properties":{"email":"kontakt@skate-arena.pl","leisure":"sports_centre","name":"Skate Arena","phone":"+48 535 303 486","sport":"skateboard","website":"https://www.skate-arena.pl/"}},
{"type":"Feature","geometry":{"type":"Point","coordinates":[18.5635604,54.4408691]},"properties":{"addr:city":"Sopot","addr:housenumber":"16","addr:postcode":"81-704","addr:street":"Tadeusza Kościuszki","amenity":"nightclub","name":"Wtedy","opening_hours":"Fr-Sa 21:00-05:00","operator":"Gruby Sternik","smoking":"isolated"}},
{"type":"Feature","geometry":{"type":"Point","coordinates":[18.6247588,54.3688966]},"properties":{"barrier":"gate","name":"Brama 1","ref":"1"}},
{"type":"Feature","geometry":{"type":"Point","coordinates":[18.6225878,54.3670952]},"properties":{"access":"private","barrier":"gate"}},
{"type":"Feature","geometry":{"type":"Point","coordinates":[18.5608077,54.4182744]},"properties":{"addr:city":"Gdańsk","addr:housenumber":"1","addr:postcode":"80-336","addr:street":"Kazimierza Górskiego","leisure":"sports_centre","name":"Pływalnia AWFiS w Gdańsku","operator":"Akademia Wychowania Fizycznego i Sportu","sport":"swimming"}},
{"type":"Feature","geometry":{"type":"Point","coordinates":[18.5768567,54.399502]},"properties":{"access":"customers","addr:city":"Gdańsk","addr:housenumber":"411","addr:postcode":"80-309","addr:street":"Aleja Grunwaldzka","leisure":"sports_centre","name":"Aquastacja","phone":"+48 58 764 6261","sport":"swimming","website":"https://aquastacja.pl/"}},
{"type":"Feature","geometry":{"type":"Point","coordinates":[18.6081814,54.3813668]},"properties":{"addr:city":"Gdańsk","addr:housenumber":"14/2","addr:postcode":"80-437","addr:street":"Wajdeloty","amenity":"community_centre","check_date":"2025-03-19","check_date:opening_hours":"2022-02-24","community_centre":"youth_centre","name":"Klub Młodego Wrzeszczaka","opening_hours:signed":"no","operator":"Fundacja \"Generacja\""}},
{"type":"Feature","geometry":{"type":"Point","coordinates":[18.6154962,54.3707586]},"properties":{"addr:city":"Gdańsk","addr:country":"PL","addr:housenumber":"4","addr:postcode":"80-222","addr:street":"Siedlicka","alt_name":"AK PG Kwadratowa","amenity":"nightclub","email":"tomasz.toloczko@pg.edu.pl","name":"Akademicki Klub Politechniki Gdańskiej „Kwadratowa”","name:en":"The Academic Club of Gdańsk University of Technology \"Kwadratowa\"","opening_hours":"Fr,Sa 21:00-04:30","phone":"+48 58 347 17 70","website":"https://www.kwadratowa.pl/"}},
{"type":"Feature","geometry":{"type":"Point","coordinates":[18.539223,54.4176802]},"properties":{"barrier":"gate"}},
{"type":"Feature","geometry":{"type":"Point","coordinates":[18.6533236,54.3885826]},"properties":{"addr:city":"Gdańsk","addr:housenumber":"17","addr:postcode":"80-557","addr:street":"Załogowa","fee":"yes","name":"Papugarnia Gdańsk","note":"Tickets: 19 PLN / 15 PLN; Family: \"1+1\" 31 PLN, \"1+2\" 40 PLN, \"2+1\" 44 PLN, \"2+2\" 56 PLN, next child +12 PLN; Group over 10 prs: 15 PLN / 11 PLN","opening_hours":"Mo-Su 10:00-14:00, 15:00-19:00","tourism":"zoo","website":"https://www.facebook.com/papugarniagdansk"}},
{"type":"Feature","geometry":{"type":"Point","coordinates":[18.5684102,54.4485099]},"properties":{"amenity":"nightclub","email":"biuro@scenaklub.pl","name":"Klub Muzyczny Scena","phone":"+48 601 208 435","website":"https://www.scenaklub.pl/"}},
{"type":"Feature","geometry":{"type":"Point","coordinates":[18.5682379,54.4485327]},"properties":{"amenity":"theatre","name":"Teatr Na Plaży"}},
{"type":"Feature","geometry":{"type":"Point","coordinates":[18.5675783,54.444151]},"properties":{"amenity":"nightclub","email":"info@spatif.sopot.pl","name":"SPATiF","phone":"+48 58 550 26 83","website":"http://www.spatif.sopot.pl/main.htm"}},
{"type":"Feature","geometry":{"type":"Point","coordinates":[18.6600429,54.3493186]},"properties":{"historic":"yes","name":"Żuraw portowy z końca XIX 2.","opening_hours":"24/7","tourism":"attraction"}},
{"type":"Feature","geometry":{"type":"Point","coordinates":[18.5310411,54.4142733]},"properties":{"alt_name":"Mandryl","attraction":"animal","name":"Mandryl barwnolicy","name:en":"Mandrill","species":"Mandrillus sphinx","tourism":"attraction"}},
{"type":"Feature","geometry":{"type":"Point","coordinates":[18.532419,54.4138589]},"properties":{"attraction":"animal","name":"Patas","name:en":"Patas monkey","species":"Erythrocebus","tourism":"attraction"}},
{"type":"Feature","geometry":{"type":"Point","coordinates":[18.5295425,54.4160832]},"properties":{"attraction":"animal","name":"Wilk europejski","name:en":"European wolf","species":"Canis lupus lupus","tourism":"attraction"}},
{"type":"Feature","geometry":{"type":"Point","coordinates":[18.5307957,54.4156396]},"properties":{"alt_name":"Pekari","attraction":"animal","name":"Pekariowiec obrożny","name:en":"Collared peccary","species":"Pecari tajacu","tourism":"attraction"}},
{"type":"Feature","geometry":{"type":"Point","coordinates":[18.5340881,54.4162468]},"properties":{"attraction":"animal","name":"Puchacz zwyczajny","name:en":"Eurasian eagle-owl","species":"Bubo bubo","tourism":"attraction"}},
{"type":"Feature","geometry":{"type":"Point","coordinates":[18.5339183,54.4162432]},"properties":{"attraction":"animal","name":"Orzeł stepowy","name:en":"Steppe eagle","species":"Aquila nipalensis","tourism":"attraction"}},
{"type":"Feature","geometry":{"type":"Point","coordinates":[18.645629,54.3640963]},"properties":{"leisure":"amusement_arcade"}},
{"type":"Feature","geometry":{"type":"Point","coordinates":[18.6577562,54.3490958]},"properties":{"historic":"granary","name":"Spichlerz Deo Gloria","tourism":"attraction"}},
{"type":"Feature","geometry":{"type":"Point","coordinates":[18.6579803,54.3489945]},"properties":{"alt_name":"Sassy Prive","amenity":"nightclub","level":"7","name":"Sassy","opening_hours":"Fr-Sa 22:00-05:00","operator":"Sassy"}},
{"type":"Feature","geometry":{"type":"Point","coordinates":[18.6541801,54.348067]},"properties":{"amenity":"casino"}},
{"type":"Feature","geometry":{"type":"Point","coordinates":[18.5708374,54.3072547]},"properties":{"entrance":"yes"}},
{"type":"Feature","geometry":{"type":"Point","coordinates":[18.6212659,54.3498031]},"properties":{"amenity":"community_centre","contact:website":"https://www.facebook.com/Dom-S%C4%85siedzki-Zakopianka-Gda%C5%84sk-Siedlce-1668497213428667/?ref=page_internal","name":"Dom Sąsiedzki „Zakopianka”"}},
{"type":"Feature","geometry":{"type":"Point","coordinates":[18.6537014,54.351177]},"properties":{"addr:city":"Gdańsk","addr:housenumber":"37","addr:street":"Szeroka","contact:facebook":"https://www.facebook.com/gdanskagaleriagunteragrassa","fee":"no","name":"Gdańska Galeria Guntera Grassa","opening_hours":"Tu-Su 10:00-18:00","phone":"+48 58 304 98 54","tourism":"gallery"}},
{"type":"Feature","geometry":{"type":"Point","coordinates":[18.401436,54.3933242]},"properties":{"description":"Trabant w kwiatach","operator":"Adel de Flores","tourism":"attraction"}},
{"type":"Feature","geometry":{"type":"Point","coordinates":[18.6489167,54.3497195]},"properties":{"addr:city":"Gdańsk","addr:housenumber":"17","addr:street":"Tkacka","amenity":"cinema","name":"Kino 7D Max","opening_hours":"Mo-Su 12:00-22:00","website":"http://kino7dmax.pl/pl/kinogdansk"}},
{"type":"Feature","geometry":{"type":"Point","coordinates":[18.7109167,54.3607136]},"properties":{"amenity":"arts_centre","contact:website":"https://www.facebook.com/domsztukiGAK","email":"domsztuki@gak.gda.pl","name":"Dom Sztuki","operator":"Gdański Archipelag Kultury","phone":"+48 58 307 31 44","website":"https://domsztuki.gak.gda.pl/"}},
{"type":"Feature","geometry":{"type":"Point","coordinates":[18.4063952,54.392087]},"properties":{"addr:city":"Banino","addr:housenumber":"29","addr:postcode":"80-297","addr:street":"Lotnicza","amenity":"community_centre","community_centre":"events_venue","level":"1","name":"Sala Kultury im.Świętego Floriana","operator":"Ośrodek Kultury i Sportu w Żukowie","source":"Uchwała XVIII/219/2020 UG Żukowo","source:url":"https://prawomiejscowe.pl/UrzadGminywZukowie/document/604220/","start_date":"2020-01-28","wheelchair":"no"}},
{"type":"Feature","geometry":{"type":"Point","coordinates":[18.5257607,54.3996949]},"properties":{"name":"Dawna skocznia narciarska - podnóże","tourism":"attraction"}},
{"type":"Feature","geometry":{"type":"Point","coordinates":[18.5261314,54.3988291]},"properties":{"name":"Dawna skocznia narciarska - szczyt","tourism":"attraction"}},
{"type":"Feature","geometry":{"type":"Point","coordinates":[18.4545452,54.2974626]},"properties":{"name":"Drezyny Łapino","reservation":"required","tourism":"attraction","website":"https://drezyny.pl/"}},
{"type":"Feature","geometry":{"type":"Point","coordinates":[18.6311782,54.3700537]},"properties":{"entrance":"yes"}},
{"type":"Feature","geometry":{"type":"Point","coordinates":[18.6610189,54.3603855]},"properties":{"name":"WL4 Przestrzeń Sztuki","ref":"D","tourism":"gallery"}},
{"type":"Feature","geometry":{"type":"Point","coordinates":[18.6594451,54.3622324]},"properties":{"addr:city":"Gdańsk","addr:housenumber":"1","addr:postcode":"80-863","addr:street":"Dokowa","amenity":"cinema","name":"Kino plenerowo-samochodowe"}},
{"type":"Feature","geometry":{"type":"Point","coordinates":[18.6484283,54.3641134]},"properties":{"entrance":"yes"}},
{"type":"Feature","geometry":{"type":"Point","coordinates":[18.6490154,54.3637872]},"properties":{"access":"private","barrier":"gate"}},
{"type":"Feature","geometry":{"type":"Point","coordinates":[18.4045573,54.3939205]},"properties":{"addr:city":"Banino","addr:housenumber":"43","addr:postcode":"80-297","addr:street":"Klonowa","check_date":"2023-08-29","leisure":"amusement_arcade","level":"0","name":"Salon gier na automatach","wheelchair":"yes"}},
{"type":"Feature","geometry":{"type":"Point","coordinates":[18.6811787,54.4016635]},"properties":{"name":"Zakręt Pięciu Gwizdków","tourism":"attraction","wikidata":"Q9386143","wikipedia":"pl:Zakręt Pięciu Gwizdków"}},
{"type":"Feature","geometry":{"type":"Point","coordinates":[18.6051518,54.402402]},"properties":{"addr:city":"Gdańsk","addr:housenumber":"5","addr:street":"Janusza Meissnera","description":"Szkółka piłki nożnej dla dzieci\nwww.afmorze.futbolowo.pl\ntel. 531-376-110","leisure":"sports_centre","name":"Akademia Futbolu Morze","opening_hours":"Mo-Fr 10:00-21:00, Sa 10:00-15:00","operator":"Akademia Futbolu Morze","sport":"soccer","start_date":"2016"}},
{"type":"Feature","geometry":{"type":"Point","coordinates":[18.597648,54.4145617]},"properties":{"access":"permit","barrier":"gate"}},
{"type":"Feature","geometry":{"type":"Point","coordinates":[18.5612134,54.4007614]},"properties":{"name":"Zabytkowa grota widokowa","tourism":"attraction"}},
{"type":"Feature","geometry":{"type":"Point","coordinates":[18.5810093,54.3922178]},"properties":{"access":"permissive","barrier":"gate"}},
{"type":"Feature","geometry":{"type":"Point","coordinates":[18.5966161,54.4071415]},"properties":{"amenity":"community_centre","email":"klubbolekilolek@o2.pl","name":"Klub osiedlowy \"Bolek i Lolek\"","phone":"+48585531765","website":"https://www.przymorze.gda.pl/kluby-osiedlowe/bolek-i-lolek/"}},
{"type":"Feature","geometry":{"type":"Point","coordinates":[18.5608649,54.3926581]},"properties":{"name":"Głazy narzutowe","natural":"stone","tourism":"attraction"}},
{"type":"Feature","geometry":{"type":"Point","coordinates":[18.561625,54.4105469]},"properties":{"name":"Groty szeptów","tourism":"attraction","wheelchair":"yes"}},
{"type":"Feature","geometry":{"type":"Point","coordinates":[18.6447386,54.3639716]},"properties":{"barrier":"gate","bicycle":"yes","foot":"yes","motor_vehicle":"no"}},
{"type":"Feature","geometry":{"type":"Point","coordinates":[18.6456322,54.3644499]},"properties":{"amenity":"arts_centre","name":"100cznia Inside","wheelchair":"yes"}},
{"type":"Feature","geometry":{"type":"Point","coordinates":[18.6512594,54.3493629]},"properties":{"amenity":"cinema","email":"kontakt@kinokameralnecafe.pl","name":"Kino Kameralne Cafe","opening_hours":"Mo,Tu,Th,Fr 16:00-24:00; We,Sa,Su 11:30-24:00","phone":"+48 58 690 70 75","website":"https://www.kinokameralnecafe.pl/"}},
{"type":"Feature","geometry":{"type":"Point","coordinates":[18.5678058,54.4439498]},"properties":{"amenity":"theatre","name":"Teatr Boto","name:en":"Boto Theater","website":"https://www.boto.art.pl/"}},
{"type":"Feature","geometry":{"type":"Point","coordinates":[18.5618794,54.4376185]},"properties":{"building":"school","leisure":"sports_centre","sport":"climbing"}},
{"type":"Feature","geometry":{"type":"Point","coordinates":[18.567908,54.4454333]},"properties":{"fee":"yes","name":"Muzeum figur woskowych","tourism":"gallery"}},
{"type":"Feature","geometry":{"type":"Point","coordinates":[18.6501342,54.3541598]},"properties":{"entrance":"main"}},
{"type":"Feature","geometry":{"type":"Point","coordinates":[18.6496766,54.3539021]},"properties":{"entrance":"yes","wheelchair":"yes"}},
{"type":"Feature","geometry":{"type":"Point","coordinates":[18.6448315,54.3648879]},"properties":{"tourism":"gallery"}},
{"type":"Feature","geometry":{"type":"Point","coordinates":[18.5336795,54.4087842]},"properties":{"barrier":"gate"}},
{"type":"Feature","geometry":{"type":"Point","coordinates":[18.5979907,54.4073701]},"properties":{"amenity":"theatre","theatre:type":"amphi"}},
{"type":"Feature","geometry":{"type":"Point","coordinates":[18.5339443,54.4128698]},"properties":{"attraction":"animal","name":"Żółw czerwonolicy","name:en":"Red-eared slider","species":"Trachemys scripta elegans","tourism":"attraction"}},
{"type":"Feature","geometry":{"type":"Point","coordinates":[18.5343079,54.4132045]},"properties":{"name":"Małe Zoo","tourism":"attraction"}},
{"type":"Feature","geometry":{"type":"Point","coordinates":[18.5355123,54.4119308]},"properties":{"access":"no","barrier":"gate"}},
{"type":"Feature","geometry":{"type":"Point","coordinates":[18.537759,54.4108842]},"properties":{"attraction":"animal","name":"Wikunia andyjska","name:en":"Vicuña","species":"Lama vicugna","tourism":"attraction"}},
{"type":"Feature","geometry":{"type":"Point","coordinates":[18.5726453,54.4013601]},"properties":{"entrance":"yes","level":"1"}},
{"type":"Feature","geometry":{"type":"Point","coordinates":[18.5327355,54.4157327]},"properties":{"alt_name":"Flaming","attraction":"animal","name":"Czerwonak różowy","name:en":"Greater flamingo","species":"Phoenicopterus ruber roseus","tourism":"attraction","website":"https://zoo.gda.pl/zwierzeta/czerwonak-rozowy/"}},
{"type":"Feature","geometry":{"type":"Point","coordinates":[18.5351778,54.4147308]},"properties":{"attraction":"animal","name":"Gibboniec białolicy","name:en":"Northern white-cheeked gibbon","species":"Nomascus leucogenys","tourism":"attraction"}},
{"type":"Feature","geometry":{"type":"Point","coordinates":[18.5349806,54.4146921]},"properties":{"alt_name:en":"Red-cheeked gibbon","attraction":"animal","name":"Gibboniec żółtolicy","name:en":"Red-cheeked gibbon","species":"Nomascus gabriellae","tourism":"attraction"}},
{"type":"Feature","geometry":{"type":"Point","coordinates":[18.5344036,54.4142142]},"properties":{"alt_name":"Binturong","attraction":"animal","name":"Binturong orientalny","name:en":"Binturong","species":"Arctictis binturong","tourism":"attraction","website":"https://zoo.gda.pl/zwierzeta/binturong/"}},
{"type":"Feature","geometry":{"type":"Point","coordinates":[18.5336477,54.4142562]},"properties":{"attraction":"animal","name":"Aguti oliwkowy","name:en":"Azara's agouti","species":"Dasyprocta azarae","tourism":"attraction","website":"https://zoo.gda.pl/zwierzeta/aguti-brunatny/"}},
{"type":"Feature","geometry":{"type":"Point","coordinates":[18.5314356,54.4142937]},"properties":{"alt_name:en":"Chinese muntjac","attraction":"animal","name":"Mundżak chiński","name:en":"Reeves's muntjac","species":"Muntiacus reevesi","tourism":"attraction"}},
{"type":"Feature","geometry":{"type":"Point","coordinates":[18.5335028,54.4140588]},"properties":{"alt_name":"Walabia Bennetta","attraction":"animal","name":"Kangur rdzawoszyi","name:en":"Red-necked wallaby","species":"Notamacropus rufogriseus","tourism":"attraction"}},
{"type":"Feature","geometry":{"type":"Point","coordinates":[18.5341392,54.4103641]},"properties":{"attraction":"animal","name":"Żółw promienisty","name:en":"Radiated tortoise","species":"Astrochelys radiata","tourism":"attraction"}},
{"type":"Feature","geometry":{"type":"Point","coordinates":[18.5340521,54.410421]},"properties":{"attraction":"animal","name":"Żółw pustynny","name:en":"African spurred tortoise","species":"Centrochelys sulcata","tourism":"attraction"}},
{"type":"Feature","geometry":{"type":"Point","coordinates":[18.5273868,54.4183735]},"properties":{"access":"no","barrier":"gate"}},
{"type":"Feature","geometry":{"type":"Point","coordinates":[18.5373541,54.4198617]},"properties":{"access":"no","barrier":"gate"}},
{"type":"Feature","geometry":{"type":"Point","coordinates":[18.5392804,54.4191071]},"properties":{"access":"no","barrier":"gate"}},
{"type":"Feature","geometry":{"type":"Point","coordinates":[18.5296339,54.4139981]},"properties":{"attraction":"animal","name":"Łoś","name:en":"Eurasian Elk","tourism":"attraction"}},
{"type":"Feature","geometry":{"type":"Point","coordinates":[18.5297136,54.4144189]},"properties":{"alt_name":"Anoa","attraction":"animal","name":"Anoa nizinny","name:en":"Lowland anoa","species":"Bubalus depressicornis","tourism":"attraction"}},
{"type":"Feature","geometry":{"type":"Point","coordinates":[18.5301628,54.4144777]},"properties":{"attraction":"animal","name":"Szympans zwyczajny","name:en":"Chimpanzee","species":"Pan troglodytes","tourism":"attraction"}},
{"type":"Feature","geometry":{"type":"Point","coordinates":[18.5306073,54.4143546]},"properties":{"attraction":"animal","name":"Orangutan borneański","name:en":"Bornean orangutan","species":"Pongo pygmaeus","tourism":"attraction"}},
{"type":"Feature","geometry":{"type":"Point","coordinates":[18.5315604,54.414071]},"properties":{"alt_name:en":"Javan lutung","attraction":"animal","name":"Lutung jawajski","name:en":"Spangled ebony langur","species":"Trachypithecus auratus","tourism":"attraction"}},
{"type":"Feature","geometry":{"type":"Point","coordinates":[18.5347453,54.4169028]},"properties":{"attraction":"animal","name":"Takin miszmi","name:en":"Mishmi takin","species":"Budorcas taxicolor taxicolor","tourism":"attraction","website":"https://zoo.gda.pl/zwierzeta/takin-miszmi/"}},
{"type":"Feature","geometry":{"type":"Point","coordinates":[18.5348047,54.4172327]},"properties":{"attraction":"animal","name":"Żubr europejski","name:en":"European bison","species":"Bos bonasus","tourism":"attraction","website":"https://zoo.gda.pl/zwierzeta/zubr-europejski/"}},
{"type":"Feature","geometry":{"type":"Point","coordinates":[18.5357007,54.4162978]},"properties":{"alt_name":"Bawół indyjski;Arni azjatycki","alt_name:en":"Wild water buffalo","attraction":"animal","name":"Wół domowy","name:en":"Water buffalo","species":"Bubalus bubalis arnee","tourism":"attraction"}},
{"type":"Feature","geometry":{"type":"Point","coordinates":[18.5366633,54.4160253]},"properties":{"alt_name":"Panda mała","attraction":"animal","name":"Pandka ruda","name:en":"Red panda","species":"Ailurus fulgens","tourism":"attraction","website":"https://zoo.gda.pl/zwierzeta/panda-mala/"}},
{"type":"Feature","geometry":{"type":"Point","coordinates":[18.5372171,54.4165301]},"properties":{"attraction":"animal","name":"Lama andyjska","name:en":"Llama","species":"Lama glama","tourism":"attraction","website":"https://zoo.gda.pl/zwierzeta/lama/"}},
{"type":"Feature","geometry":{"type":"Point","coordinates":[18.5370508,54.4160322]},"properties":{"attraction":"animal","name":"Alpaka","name:en":"Alpaca","name:ja":"アルパカ","species":"Lama pacos","tourism":"attraction","website":"https://zoo.gda.pl/zwierzeta/alpaka/"}},
{"type":"Feature","geometry":{"type":"Point","coordinates":[18.529489,54.4146574]},"properties":{"alt_name":"Jeleń Alfreda","attraction":"animal","name":"Sambar kropkowany","name:en":"Philippine spotted deer","species":"Rusa alfredi","tourism":"attraction"}},
{"type":"Feature","geometry":{"type":"Point","coordinates":[18.5364993,54.4151526]},"properties":{"alt_name":"Baktrian","attraction":"animal","name":"Wielbłąd dwugarbny","name:en":"Bactrian camel","species":"Camelus bactrianus","tourism":"attraction","website":"https://zoo.gda.pl/zwierzeta/wielblad-dwugarbny-baktrian/"}},
{"type":"Feature","geometry":{"type":"Point","coordinates":[18.5323661,54.4151485]},"properties":{"alt_name":"Urson","attraction":"animal","name":"Urson amerykański","name:en":"North American porcupine","species":"Erethizon dorsatum","tourism":"attraction","website":"https://zoo.gda.pl/zwierzeta/urson/"}},
{"type":"Feature","geometry":{"type":"Point","coordinates":[18.5328129,54.4148822]},"properties":{"attraction":"animal","name":"Bernikla kanadyjska","name:en":"Canada goose","species":"Branta canadensis","tourism":"attraction","website":"https://zoo.gda.pl/zwierzeta/bernikla-kanadyjska/"}},
{"type":"Feature","geometry":{"type":"Point","coordinates":[18.531798,54.4147882]},"properties":{"attraction":"animal","name":"Sowa śnieżna","name:en":"Snowy owl","species":"Nyctea scandiaca","tourism":"attraction","website":"https://zoo.gda.pl/zwierzeta/sowa-sniezna/"}},
{"type":"Feature","geometry":{"type":"Point","coordinates":[18.5337487,54.4139998]},"properties":{"attraction":"animal","name":"Kot pustynny","name:en":"Sand cat","species":"Felis margarita harrisoni","tourism":"attraction","website":"https://zoo.gda.pl/zwierzeta/kot-arabski/"}},
{"type":"Feature","geometry":{"type":"Point","coordinates":[18.5653435,54.4230456]},"properties":{"amenity":"community_centre","name":"Klub Osiedlowy OKO","opening_hours":"Mo-Fr 14:00-18:00","wheelchair":"limited"}},
{"type":"Feature","geometry":{"type":"Point","coordinates":[18.5598981,54.4487751]},"properties":{"amenity":"arts_centre","contact:phone":"+48 726 890 224","name":"Goyki 3 Art Inkubator","website":"https://goyki3.pl"}},
{"type":"Feature","geometry":{"type":"Point","coordinates":[18.6482787,54.3630976]},"properties":{"entrance":"main"}},
{"type":"Feature","geometry":{"type":"Point","coordinates":[18.5643936,54.4434064]},"properties":{"name":"Monciak","name:en":"Monciak Street","tourism":"attraction"}},
{"type":"Feature","geometry":{"type":"Point","coordinates":[18.6581474,54.3524877]},"properties":{"name":"Czarna Perla","name:en":"The Black Pearl","tourism":"attraction"}},
{"type":"Feature","geometry":{"type":"Point","coordinates":[18.5676048,54.445337]},"properties":{"amenity":"nightclub","level":"0;1","name":"TAN"}},
{"type":"Feature","geometry":{"type":"Point","coordinates":[18.6149608,54.3819649]},"properties":{"amenity":"community_centre","check_date":"2025-03-06","name":"Cafe Albert Klub Mieszkańca"}},
{"type":"Feature","geometry":{"type":"Point","coordinates":[18.6068227,54.3774616]},"properties":{"amenity":"arts_centre","level":"2","name":"Gdańska Szkoła Artystyczna","opening_hours":"Mo-Sa 09:00-21:00; Su 10:00-20:00"}},
{"type":"Feature","geometry":{"type":"Point","coordinates":[18.5585022,54.4111149]},"properties":{"entrance":"yes"}},
{"type":"Feature","geometry":{"type":"Point","coordinates":[18.5579864,54.4109079]},"properties":{"entrance":"main"}},
{"type":"Feature","geometry":{"type":"Point","coordinates":[18.557959,54.4108757]},"properties":{"man_made":"surveillance"}},
{"type":"Feature","geometry":{"type":"Point","coordinates":[18.5581584,54.4111076]},"properties":{"entrance":"yes"}},
{"type":"Feature","geometry":{"type":"Point","coordinates":[18.4210502,54.4411123]},"properties":{"amenity":"arts_centre","name":"Strefa Kultury"}},
{"type":"Feature","geometry":{"type":"Point","coordinates":[18.6338874,54.3253752]},"properties":{"access":"yes","defibrillator:location":"elewacja budynku","emergency":"defibrillator","indoor":"no","object:addr":"Gdańsk, ul. Dworcowa 9 (Gdański Archipelak Kultury)","operator":"WBiZK","phone":"+48 58 778 60 00","typ":"fixed"}},
{"type":"Feature","geometry":{"type":"Point","coordinates":[18.4677827,54.4310972]},"properties":{"access":"yes","defibrillator:location":"elewacja budynku","emergency":"defibrillator","indoor":"yes","operator":"WBiZK","phone":"+ 48 58 778 60 00"}},
{"type":"Feature","geometry":{"type":"Point","coordinates":[18.6488938,54.3641261]},"properties":{"entrance":"yes"}},
{"type":"Feature","geometry":{"type":"Point","coordinates":[18.6451425,54.3647565]},"properties":{"entrance":"yes"}},
{"type":"Feature","geometry":{"type":"Point","coordinates":[18.6417855,54.3817317]},"properties":{"addr:city":"Gdańsk","addr:housenumber":"17","addr:street":"Załogowa","leisure":"sports_centre","name":"Hedonia Sport","opening_hours":"Mo-Fr 07:00-23:00; Sa-Su 08:00-22:00","sport":"squash","website":"hedoniasquash.pl"}},
{"type":"Feature","geometry":{"type":"Point","coordinates":[18.596245,54.4036897]},"properties":{"barrier":"gate"}},
{"type":"Feature","geometry":{"type":"Point","coordinates":[18.5769117,54.3825791]},"properties":{"historic":"memorial","name":"Relikty Mostu Weisera","tourism":"attraction"}},
{"type":"Feature","geometry":{"type":"Point","coordinates":[18.6455522,54.3524324]},"properties":{"entrance":"main"}},
{"type":"Feature","geometry":{"type":"Point","coordinates":[18.6453364,54.3525107]},"properties":{"entrance":"yes"}},
{"type":"Feature","geometry":{"type":"Point","coordinates":[18.5874701,54.4042145]},"properties":{"leisure":"sports_centre","level":"2","sport":"climbing"}},
{"type":"Feature","geometry":{"type":"Point","coordinates":[18.5145504,54.3525008]},"properties":{"barrier":"gate"}},
{"type":"Feature","geometry":{"type":"Point","coordinates":[18.6468391,54.3543992]},"properties":{"amenity":"arts_centre","name":"Oblackie Centrum Kultury"}},
{"type":"Feature","geometry":{"type":"Point","coordinates":[18.568282,54.4311557]},"properties":{"access":"no","barrier":"gate"}},
{"type":"Feature","geometry":{"type":"Point","coordinates":[18.6377862,54.407891]},"properties":{"entrance":"main"}},
{"type":"Feature","geometry":{"type":"Point","coordinates":[18.5345421,54.414267100000007]},"properties":{"attraction":"animal","name":"Wiewiórczak trójbarwny","name:en":"Prevost's squirrel","species":"Callosciurus prevostii","tourism":"attraction","website":"https://zoo.gda.pl/zwierzeta/wiewiorka-trojbarwna/"}},
{"type":"Feature","geometry":{"type":"Point","coordinates":[18.5331172,54.4107279]},"properties":{"attraction":"animal","name":"Bongo górskie","name:en":"Mountain bongo","tourism":"attraction"}},
{"type":"Feature","geometry":{"type":"Point","coordinates":[18.5386904,54.4106655]},"properties":{"entrance":"yes"}},
{"type":"Feature","geometry":{"type":"Point","coordinates":[18.5313324,54.4154844]},"properties":{"alt_name":"Daniel płowy","attraction":"animal","name":"Daniel zwyczajny","name:en":"Fallow deer","species":"Dama dama","tourism":"attraction"}},
{"type":"Feature","geometry":{"type":"Point","coordinates":[18.5346003,54.4162604]},"properties":{"alt_name":"Dzioborożec kafryjski","attraction":"animal","name":"Dzioboróg kafryjski","name:en":"Southern ground hornbill","name:ja":"ミナミジサイチョウ","species":"Bucorvus leadbeateri","tourism":"attraction"}},
{"type":"Feature","geometry":{"type":"Point","coordinates":[18.5342551,54.4162504]},"properties":{"attraction":"animal","name":"Kapodziób","name:en":"Cape Barren goose","species":"Cereopsis novaehollandiae","tourism":"attraction"}},
{"type":"Feature","geometry":{"type":"Point","coordinates":[18.6053648,54.3770675]},"properties":{"contact:facebook":"https://www.facebook.com/moveforlife.gda/","contact:instagram":"https://www.instagram.com/move4ife_gda/","email":"biuro.move4life@gmail.com","leisure":"sports_centre","mobile":"+48 515 495 402","name":"Move4life","sport":"fitness","website":"https://moveforlife.pl"}},
{"type":"Feature","geometry":{"type":"Point","coordinates":[18.6079427,54.3765316]},"properties":{"amenity":"arts_centre","check_date":"2025-07-23","contact:facebook":"https://www.facebook.com/DominGdansk","description":"pracownia rysunku i malarstwa","email":"kontakt@domin-gdansk.pl;biuro@domin-gdansk.pl","mobile":"+48 790 201 197;+48 793 627 827","name":"Domin Gdn","opening_hours":"Mo-Fr 10:00 - 17:00","operator":"Marta Zaradzka","website":"https://domin-gdansk.pl/"}},
{"type":"Feature","geometry":{"type":"Point","coordinates":[18.6338555,54.3253687]},"properties":{"entrance":"main","wheelchair":"yes"}},
{"type":"Feature","geometry":{"type":"Point","coordinates":[18.5995907,54.4150856]},"properties":{"access":"permit","barrier":"gate"}},
{"type":"Feature","geometry":{"type":"Point","coordinates":[18.5991529,54.4143587]},"properties":{"access":"permit","barrier":"gate"}},
{"type":"Feature","geometry":{"type":"Point","coordinates":[18.6470602,54.3541735]},"properties":{"entrance":"yes"}},
{"type":"Feature","geometry":{"type":"Point","coordinates":[18.5978692,54.4036189]},"properties":{"barrier":"gate"}},
{"type":"Feature","geometry":{"type":"Point","coordinates":[18.654345,54.3386484]},"properties":{"barrier":"gate"}},
{"type":"Feature","geometry":{"type":"Point","coordinates":[18.7127153,54.3576471]},"properties":{"barrier":"gate"}},
{"type":"Feature","geometry":{"type":"Point","coordinates":[18.712018,54.3576767]},"properties":{"access":"yes","barrier":"gate"}},
{"type":"Feature","geometry":{"type":"Point","coordinates":[18.5760485,54.3021642]},"properties":{"addr:housenumber":"84","addr:street":"Zeusa","check_date":"2022-12-04","email":"stangiel.stangiel@gmail.com","fee":"yes","leisure":"sports_centre","name":"Stangiel Tenis & Squash","opening_hours":"08:00-22:00","phone":"+48 512 397 897; +48 519 119 159","sport":"table_tennis;tennis","website":"https://www.stangiel.pl/"}},
{"type":"Feature","geometry":{"type":"Point","coordinates":[18.6489312,54.3477743]},"properties":{"access":"yes","entrance":"yes"}},
{"type":"Feature","geometry":{"type":"Point","coordinates":[18.6483548,54.3479397]},"properties":{"barrier":"gate"}},
{"type":"Feature","geometry":{"type":"Point","coordinates":[18.6482538,54.3479687]},"properties":{"access":"delivery","barrier":"gate"}},
{"type":"Feature","geometry":{"type":"Point","coordinates":[18.6481458,54.3479997]},"properties":{"entrance":"yes","wheelchair":"yes"}},
{"type":"Feature","geometry":{"type":"Point","coordinates":[18.6474971,54.3480765]},"properties":{"entrance":"main","wheelchair":"no"}},
{"type":"Feature","geometry":{"type":"Point","coordinates":[18.5932381,54.3830247]},"properties":{"addr:city":"Gdańsk","addr:housenumber":"23","addr:postcode":"80-280","addr:street":"Mariana Hemara","building":"yes","check_date":"2023-01-21","leisure":"sports_centre","level":"0","name":"Centrum Wspinaczkowe Murall","sport":"climbing"}},
{"type":"Feature","geometry":{"type":"Point","coordinates":[18.5628467,54.4107722]},"properties":{"entrance":"main"}},
{"type":"Feature","geometry":{"type":"Point","coordinates":[18.6476327,54.3543282]},"properties":{"addr:city":"Gdańsk","addr:housenumber":"1D","addr:postcode":"80-851","addr:street":"Podbielańska","name":"Galeria Blik","opening_hours":"Mo-Fr 12:00-18:00; Sa 12:00-17:00","phone":"+48507705970","tourism":"gallery","website":"https://galeriablik.pl"}},
{"type":"Feature","geometry":{"type":"Point","coordinates":[18.6506801,54.3553503]},"properties":{"addr:city":"Gdańsk","addr:housenumber":"6","addr:postcode":"80-850","addr:street":"Rajska","amenity":"theatre","name":"Scena Teatralna NOT","phone":"58 321 82 83","website":"https://www.facebook.com/scena.teatralna.not.gda/?locale=pl_PL"}},
{"type":"Feature","geometry":{"type":"Point","coordinates":[18.6218566,54.355672]},"properties":{"crossing":"marked","highway":"crossing"}},
{"type":"Feature","geometry":{"type":"Point","coordinates":[18.5700401,54.4460221]},"properties":{"attraction":"carousel","tourism":"attraction"}},
{"type":"Feature","geometry":{"type":"Point","coordinates":[18.5628939,54.4412371]},"properties":{"addr:city":"Sopot","addr:housenumber":"14/A2","addr:street":"Tadeusza Kościuszki","alt_name":"Disco Club Story","amenity":"nightclub","level":"2","name":"Story Sopot","phone":"+48 664 533 866","website":"https://storysopot.pl/"}},
{"type":"Feature","geometry":{"type":"Point","coordinates":[18.5635793,54.4020006]},"properties":{"check_date":"2025-07-04","name":"Cosma Gallery","tourism":"gallery"}},
{"type":"Feature","geometry":{"type":"Point","coordinates":[18.6502916,54.3571899]},"properties":{"name":"Galeria w Zaułku","tourism":"gallery"}},
{"type":"Feature","geometry":{"type":"Point","coordinates":[18.5644017,54.4435346]},"properties":{"leisure":"amusement_arcade","name":"Potyczki","opening_hours":"Mo-Th 12:00-00:00; Fr 12:00-02:00; Sa 10:00-02:00; Su 10:00-00:00","phone":"+48512711722","website":"https://www.potyczki.com/"}},
{"type":"Feature","geometry":{"type":"Point","coordinates":[18.5337249,54.4140618]},"properties":{"attraction":"animal","name":"Kot pustynny","name:en":"Sand cat","species":"Felis margarita harrisoni","tourism":"attraction","website":"https://zoo.gda.pl/zwierzeta/kot-arabski/"}},
{"type":"Feature","geometry":{"type":"Point","coordinates":[18.5342596,54.4128077]},"properties":{"name":"Turbo Ślimak","tourism":"attraction"}},
{"type":"Feature","geometry":{"type":"Point","coordinates":[18.5388501,54.4101488]},"properties":{"attraction":"animal","name":"Kot pustynny","name:en":"Sand cat","species":"Felis margarita harrisoni","tourism":"attraction","website":"https://zoo.gda.pl/zwierzeta/kot-arabski/"}},
{"type":"Feature","geometry":{"type":"Point","coordinates":[18.5329686,54.4162345]},"properties":{"attraction":"animal","name":"Kondor wielki","name:en":"Andean condor","species":"Vultur gryphus","tourism":"attraction","website":"https://zoo.gda.pl/zwierzeta/kondor-wielki/"}},
{"type":"Feature","geometry":{"type":"Point","coordinates":[18.5332681,54.4162293]},"properties":{"attraction":"animal","name":"Kariama czerwononoga","name:en":"Red-legged seriema","species":"Cariama cristata","tourism":"attraction","website":"https://zoo.gda.pl/zwierzeta/kariama-czerwonoga/"}},
{"type":"Feature","geometry":{"type":"Point","coordinates":[18.5334583,54.4162334]},"properties":{"attraction":"animal","name":"Kondor wielki","name:en":"Andean condor","species":"Vultur gryphus","tourism":"attraction","website":"https://zoo.gda.pl/zwierzeta/kondor-wielki/"}},
{"type":"Feature","geometry":{"type":"Point","coordinates":[18.5336145,54.4162367]},"properties":{"attraction":"animal","name":"Urubu różowogłowy","name:en":"Turkey vulture","species":"Cathartes aura","tourism":"attraction","website":"https://zoo.gda.pl/zwierzeta/urubu-rozowoglowy/"}},
{"type":"Feature","geometry":{"type":"Point","coordinates":[18.5337816,54.4162403]},"properties":{"attraction":"animal","name":"Czubacz zmienny","name:en":"Great curassow","name:ja":"オオホウカンチョウ","species":"Crax rubra rubra","tourism":"attraction","website":"https://zoo.gda.pl/zwierzeta/czubacz-rudy/"}},
{"type":"Feature","geometry":{"type":"Point","coordinates":[18.646954,54.3498936]},"properties":{"entrance":"main"}},
{"type":"Feature","geometry":{"type":"Point","coordinates":[18.6464422,54.3499395]},"properties":{"entrance":"main"}},
{"type":"Feature","geometry":{"type":"Point","coordinates":[18.5946718,54.4239154]},"properties":{"check_date":"2023-06-15","leisure":"amusement_arcade"}},
{"type":"Feature","geometry":{"type":"Point","coordinates":[18.5963801,54.4258533]},"properties":{"check_date":"2023-06-15","leisure":"amusement_arcade","name:signed":"no"}},
{"type":"Feature","geometry":{"type":"Point","coordinates":[18.4448121,54.3000609]},"properties":{"amenity":"arts_centre","name":"Świetlica"}},
{"type":"Feature","geometry":{"type":"Point","coordinates":[18.4732712,54.3910053]},"properties":{"historic":"wayside_cross","start_date":"1935","tourism":"attraction"}},
{"type":"Feature","geometry":{"type":"Point","coordinates":[18.5687086,54.4179005]},"properties":{"leisure":"sports_centre","name":"TOPdance Studio Tańca"}},
{"type":"Feature","geometry":{"type":"Point","coordinates":[18.6448823,54.3553671]},"properties":{"entrance":"yes","indoor":"yes","layer":"-1","level":"-1","tunnel":"yes"}},
{"type":"Feature","geometry":{"type":"Point","coordinates":[18.6407948,54.3832705]},"properties":{"barrier":"gate"}},
{"type":"Feature","geometry":{"type":"Point","coordinates":[18.6407619,54.3833109]},"properties":{"barrier":"gate"}},
{"type":"Feature","geometry":{"type":"Point","coordinates":[18.6544485,54.3546446]},"properties":{"fee":"no","name":"Pionova","tourism":"gallery","website":"http://pionova.net.pl/"}},
{"type":"Feature","geometry":{"type":"Point","coordinates":[18.6473759,54.3405421]},"properties":{"barrier":"gate"}},
{"type":"Feature","geometry":{"type":"Point","coordinates":[18.5602692,54.4187871]},"properties":{"entrance":"yes"}},
{"type":"Feature","geometry":{"type":"Point","coordinates":[18.644728,54.3504754]},"properties":{"addr:city":"Gdańsk","addr:housenumber":"11","addr:postcode":"80-806","addr:street":"Targ Rakowy","amenity":"community_centre","name":"Instytut Kultury Miejskiej","opening_hours":"Mo-Sa 10:00-20:00; Su 10:00-16:00","operator":"Urząd Miejski w Gdańsku","website":"https://ikm.gda.pl/"}},
{"type":"Feature","geometry":{"type":"Point","coordinates":[18.65182,54.3487701]},"properties":{"amenity":"community_centre","name":"Gdańsk Miasto Literatury"}},
{"type":"Feature","geometry":{"type":"Point","coordinates":[18.6448675,54.3555746]},"properties":{"historic":"memorial","memorial":"plaque","name":"Dworzec Gdańsk Główny im. Mieczysława Jałowieckiego"}},
{"type":"Feature","geometry":{"type":"Point","coordinates":[18.6238304,54.396815]},"properties":{"access":"no","barrier":"gate"}},
{"type":"Feature","geometry":{"type":"Point","coordinates":[18.6228656,54.3960047]},"properties":{"barrier":"gate"}},
{"type":"Feature","geometry":{"type":"Point","coordinates":[18.6295907,54.3974474]},"properties":{"barrier":"gate"}},
{"type":"Feature","geometry":{"type":"Point","coordinates":[18.6417243,54.3896425]},"properties":{"email":"gdanskzoltar@gmail.com","leisure":"sports_centre","name":"Strefa Zoltar","opening_hours":"Mo-Th 10:00-20:00; Fr-Su 10:00-21:00","phone":"+48 733 870 870","sport":"laser_tag","website":"https://www.strefazoltar.pl/gdansk/"}},
{"type":"Feature","geometry":{"type":"Point","coordinates":[18.5865644,54.4042643]},"properties":{"leisure":"sports_centre","level":"1","name":"Crazy Carts","opening_hours":"Mo-Sa 09:00-21:00; Su 10:00-20:00","sport":"karting"}},
{"type":"Feature","geometry":{"type":"Point","coordinates":[18.5867542,54.4041361]},"properties":{"leisure":"amusement_arcade","level":"1","name":"Świat Gier i Zabaw","opening_hours":"Mo-Sa 09:00-21:00; Su 10:00-20:00"}},
{"type":"Feature","geometry":{"type":"Point","coordinates":[18.5873876,54.4040945]},"properties":{"level":"1","name":"Neon Room","opening_hours":"Mo-Sa 09:00-21:00; Su 10:00-20:00","tourism":"attraction"}},
{"type":"Feature","geometry":{"type":"Point","coordinates":[18.4903862,54.3633529]},"properties":{"man_made":"gantry"}},
{"type":"Feature","geometry":{"type":"Point","coordinates":[18.6500608,54.3387239]},"properties":{"name":"Cannon","tourism":"attraction"}},
{"type":"Feature","geometry":{"type":"Point","coordinates":[18.6606673,54.3525306]},"properties":{"name":"Wirnik Pierwszej Turbiny AEG 10","operator":"Elektrociepłownie Wubrzeże S.A.","tourism":"attraction"}},
{"type":"Feature","geometry":{"type":"Point","coordinates":[18.5610108,54.4489362]},"properties":{"access":"no","barrier":"gate"}},
{"type":"Feature","geometry":{"type":"Point","coordinates":[18.5611276,54.4486699]},"properties":{"access":"no","barrier":"gate"}},
{"type":"Feature","geometry":{"type":"Point","coordinates":[18.5618353,54.4192257]},"properties":{"check_date":"2024-02-16","leisure":"sports_centre","name":"Centrum Sportów Rakietowych"}},
{"type":"Feature","geometry":{"type":"Point","coordinates":[18.6477803,54.358809]},"properties":{"amenity":"nightclub","check_date":"2024-02-21","name":"Pieprz Club","smoking":"isolated"}},
{"type":"Feature","geometry":{"type":"Point","coordinates":[18.6252329,54.3728177]},"properties":{"artwork_type":"graffiti","tourism":"artwork"}},
{"type":"Feature","geometry":{"type":"Point","coordinates":[18.6252712,54.3728869]},"properties":{"artwork_type":"graffiti","tourism":"artwork"}},
{"type":"Feature","geometry":{"type":"Point","coordinates":[18.568096,54.4457337]},"properties":{"name":"Aleja Gwiazd Badmintona","tourism":"attraction"}},
{"type":"Feature","geometry":{"type":"Point","coordinates":[18.6597322,54.356165]},"properties":{"information":"tactile_model","material":"bronze","name":"Makieta Muzeum II Wojny Światowej","tourism":"attraction"}},
{"type":"Feature","geometry":{"type":"Point","coordinates":[18.6814006,54.395289]},"properties":{"attraction":"ship","historic":"wreck","name":"Sekcje u-boota","tourism":"attraction"}},
{"type":"Feature","geometry":{"type":"Point","coordinates":[18.659881,54.3499655]},"properties":{"name":"Żuraw portowy z końca XIX w.","tourism":"attraction"}},
{"type":"Feature","geometry":{"type":"Point","coordinates":[18.5694616,54.4453155]},"properties":{"addr:housenumber":"2","addr:postcode":"81-720","addr:street":"Plac Zdrojowy","name":"Państwowa Galeria Sztuki","opening_hours":"Tu-We, Fr-Su 10:00-17:00; Th 10:00-18:00","tourism":"gallery"}},
{"type":"Feature","geometry":{"type":"Point","coordinates":[18.6474119,54.4012277]},"properties":{"addr:city":"Gdańsk","addr:city:simc":"0933016","addr:housenumber":"2/6","addr:postcode":"80-536","addr:street":"Letnicka","contact:facebook":"https://www.facebook.com/milimaligdansk","contact:instagram":"https://www.instagram.com/milimaligdansk","contact:tiktok":"https://www.tiktok.com/@milimaligdansk","email":"biuro@milimaligdansk.pl","leisure":"amusement_arcade","name":"Milimali","opening_hours":"Mo-Su 10:00-19:00","phone":"+48 792 280 634","website":"https://milimaligdansk.pl"}},
{"type":"Feature","geometry":{"type":"Point","coordinates":[18.4900246,54.4251806]},"properties":{"leisure":"sports_centre","name":"Crazy Carts","opening_hours":"Mo-Sa 09:00-21:00; Su 09:00-20:00","sport":"karting"}},
{"type":"Feature","geometry":{"type":"Point","coordinates":[18.6762156,54.3535827]},"properties":{"barrier":"gate"}},
{"type":"Feature","geometry":{"type":"Point","coordinates":[18.6651471,54.3992795]},"properties":{"amenity":"community_centre","name":"Dom Sąsiedzki w Nowym Porcie"}},
{"type":"Feature","geometry":{"type":"Point","coordinates":[18.6059741,54.3538604]},"properties":{"addr:city":"Gdańsk","addr:housenumber":"11","addr:postcode":"80-170","addr:street":"Ignacego Paderewskiego","amenity":"community_centre","email":"biuro@animaculturae.pl","name":"Klub Sąsiedzki Suchanino","operator":"Anima Culturae","operator:type":"community","phone":"+48 501 409 903","website":"https://www.animaculturae.pl/"}},
{"type":"Feature","geometry":{"type":"Point","coordinates":[18.6533772,54.3500875]},"properties":{"entrance":"yes"}},
{"type":"Feature","geometry":{"type":"Point","coordinates":[18.6537997,54.3498452]},"properties":{"entrance":"yes"}},
{"type":"Feature","geometry":{"type":"Point","coordinates":[18.6531765,54.3495177]},"properties":{"entrance":"yes"}},
{"type":"Feature","geometry":{"type":"Point","coordinates":[18.6308022,54.4042021]},"properties":{"entrance":"main"}},
{"type":"Feature","geometry":{"type":"Point","coordinates":[18.5635868,54.4337691]},"properties":{"addr:city":"Sopot","addr:housenumber":"69C","addr:postcode":"81-850","addr:street":"3 Maja","fee":"yes","leisure":"sports_centre","name":"KartCenter Sopot","opening_hours":"Mo-Fr 14:00-21:00; Sa-Su 10:00-21:00","phone":"692277978","sport":"karting","website":"https://kartcenter.pl/"}},
{"type":"Feature","geometry":{"type":"Point","coordinates":[18.6471671,54.3523217]},"properties":{"addr:floor":"2","amenity":"cinema","check_date":"2024-12-23","level":"2","name":"Spektrum"}},
{"type":"Feature","geometry":{"type":"Point","coordinates":[18.6409639,54.3469628]},"properties":{"check_date":"2024-12-23","name":"La Małpa","tourism":"gallery"}},
{"type":"Feature","geometry":{"type":"Point","coordinates":[18.4557753,54.4172242]},"properties":{"barrier":"gate"}},
{"type":"Feature","geometry":{"type":"Point","coordinates":[18.5553556,54.444089]},"properties":{"addr:city":"Sopot","addr:housenumber":"1111","addr:postcode":"81-824","addr:street":"Armii Krajowej","amenity":"nightclub","name":"Joy","opening_hours":"22:00-05:00","smoking":"isolated"}},
{"type":"Feature","geometry":{"type":"Point","coordinates":[18.6521079,54.3496092]},"properties":{"name":"Gdańska Galeria Miejska 1","tourism":"gallery","website":"https://ggm.gda.pl"}},
{"type":"Feature","geometry":{"type":"Point","coordinates":[18.6549767,54.3472297]},"properties":{"name":"Gdańska Galeria Miejska 2","tourism":"gallery","website":"https://ggm.gda.pl"}},
{"type":"Feature","geometry":{"type":"Point","coordinates":[18.5667906,54.4337442]},"properties":{"barrier":"gate"}},
{"type":"Feature","geometry":{"type":"Point","coordinates":[18.6249654,54.3685118]},"properties":{"barrier":"gate"}},
{"type":"Feature","geometry":{"type":"Point","coordinates":[18.6249823,54.3684936]},"properties":{"historic":"memorial","memorial":"plaque","name":"Piłkarze Kibicom","start_date":"2005"}},
{"type":"Feature","geometry":{"type":"Point","coordinates":[18.6397886,54.3615258]},"properties":{"access":"customers","door":"revolving","entrance":"exit","wheelchair":"no"}},
{"type":"Feature","geometry":{"type":"Point","coordinates":[18.6402784,54.361419]},"properties":{"access":"customers","door":"revolving","entrance":"yes","wheelchair":"no"}},
{"type":"Feature","geometry":{"type":"Point","coordinates":[18.5818917,54.4031125]},"properties":{"amenity":"community_centre","check_date":"2025-03-17","name":"Team Seniora Dom"}},
{"type":"Feature","geometry":{"type":"Point","coordinates":[18.5820439,54.4027124]},"properties":{"addr:floor":"1","amenity":"nightclub","check_date":"2025-03-17","level":"1","name":"Mercedess"}},
{"type":"Feature","geometry":{"type":"Point","coordinates":[18.472422,54.3690606]},"properties":{"access":"customers","entrance":"main"}},
{"type":"Feature","geometry":{"type":"Point","coordinates":[18.6284136,54.3866394]},"properties":{"amenity":"arts_centre","name":"Winda","operator":"Gdański Archipelag Kultury"}},
{"type":"Feature","geometry":{"type":"Point","coordinates":[18.5946553,54.3821001]},"properties":{"leisure":"sports_centre","name":"Klub Badmintona Garnizon","opening_hours":"Mo-Su 06:00-23:00","phone":"+48587607680","sport":"badminton","website":"https://badmintongarnizon.pl/"}},
{"type":"Feature","geometry":{"type":"Point","coordinates":[18.561025,54.4340167]},"properties":{"amenity":"casino","check_date":"2025-06-16","name":"Lucky River"}},
{"type":"Feature","geometry":{"type":"Point","coordinates":[18.5346329,54.4103143]},"properties":{"fee":"yes","sport":"climbing_adventure","tourism":"attraction"}},
{"type":"Feature","geometry":{"type":"Point","coordinates":[18.6567177,54.3476157]},"properties":{"amenity":"nightclub","check_date":"2025-08-08","name":"Studio 1"}},
{"type":"Feature","geometry":{"type":"LineString","coordinates":[[18.566477,54.4298164],[18.5674822,54.4266347],[18.5676069,54.4264384],[18.5677328,54.4262821],[18.5679139,54.4261107],[18.5680884,54.4259393],[18.5682434,54.4258195],[18.5685379,54.4256181],[18.5688471,54.4254822],[18.5690116,54.4254138],[18.5691898,54.425353],[18.5694299,54.42527],[18.5697116,54.4252166],[18.5702468,54.4251217],[18.5707523,54.4251087],[18.5708241,54.4251055],[18.5713794,54.4251122],[18.5721569,54.4251237],[18.5724591,54.4251386],[18.5727535,54.4251609],[18.5730676,54.4252185],[18.5734629,54.425328],[18.5738519,54.4254698],[18.5741613,54.4256061],[18.5744711,54.4258128],[18.5746267,54.425944],[18.5747529,54.4260951],[18.574872,54.4263456],[18.5749036,54.4264999],[18.5749018,54.4266459],[18.5748349,54.426927],[18.5747884,54.4271345],[18.5746927,54.4273194],[18.5745104,54.4275691],[18.5742105,54.4279827],[18.5726171,54.4301802],[18.5723739,54.4303795],[18.5722199,54.4304791],[18.5720676,54.4305417],[18.5714379,54.4306484],[18.5710292,54.4307148],[18.5682252,54.4309239],[18.5680192,54.4309063],[18.5678215,54.4308781],[18.5676055,54.4308243],[18.5673564,54.4307583],[18.5670287,54.4305783],[18.5668844,54.4304739],[18.5667395,54.4303674],[18.5665569,54.4301626],[18.5664827,54.4300003],[18.566477,54.4298164]]},"properties":{"source":"http://hipodrom.sopot.pl"}},
{"type":"Feature","geometry":{"type":"LineString","coordinates":[[18.5503302,54.4353779],[18.5501358,54.4353407],[18.549893,54.4353389],[18.5497654,54.4353634],[18.5496036,54.4354077],[18.5494729,54.4354674],[18.5493826,54.4355597],[18.5493266,54.4356502],[18.5493235,54.4357461],[18.549336,54.4358403],[18.549392,54.4359308],[18.5495165,54.4360267],[18.5496347,54.4360701],[18.5511127,54.4364188],[18.5512428,54.4364278],[18.5513749,54.4364259],[18.5515144,54.4364068],[18.5516901,54.4363571],[18.5517914,54.4363127],[18.5518727,54.4362546],[18.5519408,54.4361787],[18.5519859,54.4360934],[18.5519968,54.4359977],[18.5519668,54.4359026],[18.5518941,54.4358095],[18.5517735,54.435744],[18.5516576,54.4356937],[18.5515112,54.4356451],[18.5503302,54.4353779]]},"properties":{"addr:city":"Sopot","addr:housenumber":"48","addr:postcode":"81-842","addr:street":"Generała Józefa Wybickiego","leisure":"stadium","name":"Sopocki Klub Lekkoatletyczny","sport":"athletics","website":"https://skla-sopot.pl/"}},
{"type":"Feature","geometry":{"type":"LineString","coordinates":[[18.5924819,54.3872156],[18.592285,54.3871179],[18.5922632,54.3871328],[18.5921959,54.3870994],[18.592173,54.387115],[18.5921365,54.3870969],[18.5921585,54.3870818],[18.5920673,54.3870366],[18.5920891,54.3870217],[18.59198,54.3869676],[18.5919557,54.3869555],[18.592221,54.3867742],[18.5922226,54.386775],[18.5922577,54.3867924],[18.5922752,54.3868011],[18.5923503,54.3868384],[18.5922877,54.3868812],[18.5923226,54.3868986],[18.5924075,54.3868406],[18.5924388,54.3868561],[18.5924457,54.3868514],[18.5924966,54.3868767],[18.5924909,54.3868806],[18.5925192,54.3868946],[18.592428,54.3869569],[18.5924147,54.3869503],[18.5923722,54.3869794],[18.5924378,54.387012],[18.5924858,54.3869792],[18.59269,54.3870805],[18.5926332,54.3871194],[18.5926272,54.3871164],[18.5924819,54.3872156]]},"properties":{"addr:city":"Gdańsk","addr:country":"PL","addr:housenumber":"195/197","addr:postcode":"80-266","addr:street":"Aleja Grunwaldzka","amenity":"cinema","building":"yes","name":"Klub ŻAK","payment:cash":"yes","payment:credit_cards":"yes","screen":"1","source:addr":"Urząd Miasta Gdańsk"}},
{"type":"Feature","geometry":{"type":"LineString","coordinates":[[18.6465267,54.3500256],[18.6465249,54.35002],[18.6464642,54.3500265],[18.6464593,54.3500111],[18.6464531,54.3500118],[18.6464493,54.3499997],[18.6464554,54.349999],[18.6464538,54.3499939],[18.6464587,54.3499934],[18.6464541,54.3499788],[18.6464493,54.3499793],[18.6464478,54.3499745],[18.6464415,54.3499752],[18.6464374,54.3499624],[18.6464437,54.3499618],[18.6464422,54.3499569],[18.6464476,54.3499563],[18.6464422,54.3499395],[18.6464358,54.3499192],[18.6464305,54.3499198],[18.6464289,54.3499148],[18.6464229,54.3499154],[18.6464187,54.349902],[18.6464253,54.3499013],[18.6464237,54.3498964],[18.646428,54.3498959],[18.6464212,54.3498744],[18.6464149,54.349875],[18.6464123,54.3498667],[18.6464184,54.349866],[18.6464134,54.349850000000007],[18.646475,54.3498435],[18.6464731,54.3498376],[18.6464934,54.3498354],[18.6464943,54.3498384],[18.6465,54.3498378],[18.646501,54.3498409],[18.6465792,54.3498328],[18.6465839,54.3498479],[18.6465904,54.3498473],[18.6465929,54.3498555],[18.6465865,54.3498562],[18.6465932,54.3498782],[18.6465973,54.3498778],[18.6465987,54.3498824],[18.6466053,54.3498817],[18.6466092,54.3498949],[18.6466028,54.3498955],[18.6466041,54.3499],[18.6465997,54.3499005],[18.6466061,54.3499221],[18.6466111,54.3499388],[18.6466153,54.3499384],[18.6466167,54.3499432],[18.6466232,54.3499426],[18.6466268,54.3499548],[18.6466202,54.3499555],[18.6466195,54.3499601],[18.6466243,54.3499764],[18.6466278,54.3499806],[18.6466343,54.3499799],[18.6466381,54.3499919],[18.6466312,54.3499926],[18.6466358,54.3500072],[18.6465557,54.3500158],[18.6465567,54.3500189],[18.646551,54.3500195],[18.646552,54.3500229],[18.6465267,54.3500256]]},"properties":{"addr:city":"Gdańsk","addr:housenumber":"2A","addr:postcode":"80-887","addr:street":"Wały Jagiellońskie","building":"yes","heritage":"2","heritage:operator":"nid","historic":"city_gate","name":"Brama Wyżynna","name:be":"Брама Выжынна","name:de":"Hohes Tor","name:es":"Puerta Alta","name:ja":"高い門","name:pl":"Brama Wyżynna","name:ru":"Верхние ворота","ref:ckkp":"PM00962","ref:nid":"330 z 27.02.1967","source:addr":"Yanosik, zgłoszenie użytkownika, UM Gdańsk","source:geometry":"gis.gdansk.pl","tourism":"attraction","wikidata":"Q1623993","wikipedia":"pl:Brama Wyżynna w Gdańsku"}},
{"type":"Feature","geometry":{"type":"LineString","coordinates":[[18.6712837,54.3452825],[18.6711473,54.3453325],[18.6710384,54.3453944],[18.6709209,54.3454834],[18.6703817,54.3464089],[18.670361,54.3464973],[18.6703869,54.346587],[18.6704376,54.3466642],[18.6705073,54.3467414],[18.6705745,54.3468006],[18.6706919,54.3467514],[18.6706836,54.3466586],[18.670738,54.3466381],[18.6707743,54.3466783],[18.670824,54.3467168],[18.6708812,54.346754],[18.670944,54.346782],[18.6710161,54.3468111],[18.6711139,54.3468376],[18.6712329,54.3468594],[18.6713457,54.3468694],[18.6714353,54.3468666],[18.6714458,54.3469842],[18.6715431,54.3469748],[18.6716229,54.3469627],[18.6717152,54.3469385],[18.6718106,54.3469014],[18.6719009,54.3468567],[18.6719895,54.3467962],[18.6720637,54.3467128],[18.6726572,54.3459245],[18.6727035,54.3458475],[18.672737,54.3457668],[18.6727451,54.3456613],[18.6727156,54.3455627],[18.6726559,54.3454819],[18.6725721,54.3454033],[18.6724824,54.3453516],[18.6723894,54.3453111],[18.6722837,54.3452658],[18.6721183,54.3452247],[18.6719419,54.3451993],[18.6717537,54.3452014],[18.6715469,54.3452185],[18.6713783,54.3452522],[18.6712837,54.3452825]]},"properties":{"addr:city":"Gdańsk","addr:housenumber":"1","addr:postcode":"80-729","addr:street":"Zawodników","leisure":"stadium","name":"Stadion Żużlowy im. Zbigniewa Podleckiego","sport":"speedway"}},
{"type":"Feature","geometry":{"type":"LineString","coordinates":[[18.6530784,54.3500007],[18.653038,54.35002],[18.652605,54.3500661],[18.6525843,54.3500637],[18.6525716,54.3500637],[18.652539,54.3500672],[18.6525245,54.3500709],[18.6525194,54.350075],[18.6525111,54.3500778],[18.6524794,54.3500816],[18.6524582,54.3500728],[18.6524508,54.3500626],[18.6524386,54.3500241],[18.6522608,54.3500408],[18.652246,54.3499769],[18.6522057,54.3499803],[18.6522017,54.3499646],[18.652242,54.3499611],[18.6522378,54.3499442],[18.6522518,54.3499355],[18.652248,54.3499224],[18.6522438,54.3499077],[18.6522269,54.349901],[18.6522219,54.3498811],[18.6521816,54.3498845],[18.652178,54.3498702],[18.6522183,54.3498668],[18.6522004,54.3497982],[18.6523662,54.3497814],[18.6523514,54.3497356],[18.6523522,54.3497256],[18.6523601,54.3497182],[18.6523645,54.3497177],[18.6523965,54.3497144],[18.6524189,54.3497235],[18.6524229,54.3497231],[18.6524813,54.3497165],[18.6524896,54.3497068],[18.6525042,54.3497032],[18.6528015,54.3496723],[18.6527936,54.3496473],[18.6528879,54.3496367],[18.6528747,54.3495946],[18.6529372,54.3495879],[18.652928,54.3495607],[18.6529404,54.3495446],[18.6531258,54.349523],[18.6531765,54.3495177],[18.6534541,54.3494884],[18.6534739,54.3495001],[18.653516,54.3496254],[18.653718,54.3496038],[18.6537343,54.3496073],[18.6537484,54.3496153],[18.6538192,54.3498176],[18.6538088,54.3498288],[18.6537953,54.34983],[18.6537997,54.3498452],[18.6538041,54.3498604],[18.6538197,54.3498591],[18.6538374,54.3498655],[18.6538473,54.3498937],[18.6538166,54.3499058],[18.6537108,54.3499168],[18.6537071,54.349942],[18.653683,54.3499716],[18.6536425,54.3499964],[18.6536323,54.3500058],[18.6535144,54.3500188],[18.6535309,54.3500657],[18.6534867,54.3500832],[18.6534248,54.3500911],[18.6534076,54.3500841],[18.6533772,54.3500875],[18.6533467,54.3500908],[18.653332,54.3501037],[18.6532499,54.3501132],[18.6531454,54.3501255],[18.6531168,54.3501147],[18.6530784,54.3500007]]},"properties":{"addr:city":"Gdańsk","addr:city:simc":"0933016","addr:country":"PL","addr:housenumber":"5","addr:postcode":"80-834","addr:street":"Podkramarska","addr:street:sym_ul":"16783","alt_name":"Kościół pw. Wniebowzięcia Najświętszej Maryi Panny","amenity":"place_of_worship","building":"church","building:architecture":"gothic","building:colour":"#C82E04","by:religious_title":"papież Paweł VI","church:id":"06702","church:type":"parish","date:religious_title":"1965","date:shrine":"C15","deanery":"Dekanat Gdańsk Śródmieście","denomination":"roman_catholic","diocese":"Archidiecezja gdańska","email":"sekretariat@bazylikamariacka.gdansk.pl","height":"27","heritage":"2","heritage:operator":"nid","heritage:website":"https://zabytek.pl/pl/obiekty/zabytek?inspire_id=PL.1.9.ZIPOZ.NID_N_22_BK.58668&rejestr=rejestr-zabytkow","historic":"church","name":"Bazylika Konkatedralna Wniebowzięcia Najświętszej Maryi Panny","name:be":"Базыліка Марыяцка","name:de":"Marienkirche","name:en":"St Mary’s Church","name:es":"Basílica de Nuestra Señora","name:ja":"聖母マリア教会","name:ko":"성모 승천 대성당","name:pl":"Bazylika Mariacka","name:ru":"Базилика Девы Марии","nid:inscription_date":"1959-11-11","official_name":"Bazylika konkatedralna pw. Wniebowzięcia Najświętszej Maryi Panny w Gdańsku","old_denomination":"lutheran","old_name:de":"Oberpfarrkirche St. Marien","parish":"Parafia Wniebowzięcia Najświętszej Maryi Panny w Gdańsku","parish:wikidata":"Q11806330","parish:wikipedia":"pl:Parafia Wniebowzięcia Najświętszej Maryi Panny w Gdańsku","phone":"+48 58 301 39 82","ref:ckkp":"PM00292","ref:inspire":"PL.1.9.ZIPOZ.NID_N_22_BK.58668","ref:nid":"7/N/59","religion":"christian","religious_title":"Bazylika Mniejsza","roof:colour":"white","shrine":"regional","shrine:name":"Sanktuarium Matki Bożej Pięknej","shrine:object":"figura Matki Bożej Pięknej","shrine:type":"mary","start_date":"1343","tourism":"attraction","website":"https://bazylikamariacka.gdansk.pl/","wikidata":"Q933903","wikimedia_commons":"File:Gdańsk_Główne_Miasto_-_Bazylika_Mariacka.jpg","wikipedia":"pl:Bazylika konkatedralna Wniebowzięcia Najświętszej Maryi Panny w Gdańsku"}},
{"type":"Feature","geometry":{"type":"LineString","coordinates":[[18.5442286,54.4449728],[18.5439746,54.4447587],[18.5436425,54.4444947],[18.5440774,54.4443435],[18.5445592,54.4443162],[18.5449259,54.4443423],[18.5451853,54.4444298],[18.5448214,54.4447688],[18.5446326,54.4449601],[18.5444499,54.4449974],[18.5442286,54.4449728]]},"properties":{"amenity":"theatre","building":"roof","leisure":"bleachers","name":"Opera Leśna","name:de":"Die Waldoper","name:en":"Forest Opera","ref:prng":"172877","wikidata":"Q1445398","wikipedia":"pl:Opera Leśna"}},
{"type":"Feature","geometry":{"type":"LineString","coordinates":[[18.6479951,54.3498801],[18.6479902,54.3498862],[18.6479635,54.3498826],[18.6479654,54.3498773],[18.6479312,54.3498321],[18.6479209,54.3498307],[18.647927,54.349826],[18.6478955,54.3497836],[18.6478853,54.3497817],[18.6478941,54.3497666],[18.6479023,54.3497683],[18.6479096,54.3497671],[18.6479174,54.3497691],[18.6479359,54.349765],[18.6479389,54.3497611],[18.647946,54.3497589],[18.6479582,54.3497617],[18.647974,54.3497577],[18.6479769,54.349755],[18.6479794,54.3497526],[18.6480781,54.3497285],[18.6481614,54.3498396],[18.6481277,54.3498489],[18.6481171,54.3498517],[18.6481052,54.3498476],[18.6480813,54.349854],[18.6480753,54.3498609],[18.6480746,54.3498613],[18.6479951,54.3498801]]},"properties":{"addr:city":"Gdańsk","addr:housenumber":"27","addr:postcode":"80-836","addr:street":"Targ Węglowy","building":"yes","building:levels":"3","building:material":"brick","heritage":"2","heritage:operator":"nid","historic":"manor","material":"brick","name":"Dwór Bractwa św. Jerzego","name:es":"Hotel de San Jorge","note":"przesunięte względem ortofotomapy gis.gdansk.pl","ref:ckkp":"PM00967","ref:nid":"287 z 24.02.1967","source:addr":"Urząd Miasta Gdańsk","source:geometry":"gis.gdansk.pl","tourism":"attraction","wikidata":"Q1622912","wikipedia":"pl:Dwór Bractwa św. Jerzego w Gdańsku"}},
{"type":"Feature","geometry":{"type":"LineString","coordinates":[[18.6483235,54.3513772],[18.6483697,54.3513634],[18.648451,54.3513412],[18.6484023,54.3512829],[18.6482527,54.3510843],[18.6487219,54.3509585],[18.6488773,54.3511627],[18.6488715,54.3511667],[18.648889,54.3511895],[18.6489041,54.3512089],[18.6489235,54.3512135],[18.6489422,54.3512177],[18.6489566,54.3512373],[18.6489643,54.3512476],[18.6491052,54.3513167],[18.6491744,54.3513843],[18.6491756,54.3513857],[18.6491096,54.3514041],[18.6489498,54.3514484],[18.6487895,54.3514929],[18.6487859,54.3514939],[18.6487215,54.3515118],[18.6485412,54.3515623],[18.6484896,54.3515762],[18.6483235,54.3513772]]},"properties":{"addr:city":"Gdańsk","addr:housenumber":"2","addr:postcode":"80-834","addr:street":"Świętego Ducha","amenity":"theatre","building":"yes","building:levels":"3","name":"Teatr Wybrzeże","note":"przesunięte względem ortofotomapy gis.gdansk.pl","source:addr":"Urząd Miasta Gdańsk","source:geometry":"gis.gdansk.pl"}},
{"type":"Feature","geometry":{"type":"LineString","coordinates":[[18.6626721,54.4113953],[18.662758,54.4114186],[18.6628616,54.4114243],[18.6649491,54.4109408],[18.6650245,54.4108824],[18.665066,54.4108343],[18.6650835,54.4107771],[18.6650799,54.4107153],[18.6650174,54.4106229],[18.6649145,54.4105679],[18.6648072,54.4105507],[18.6646608,54.4105438],[18.662681,54.4107991],[18.6625314,54.4108387],[18.6624773,54.4109127],[18.6624616,54.4110463],[18.6624766,54.4111931],[18.6625059,54.4112555],[18.6625676,54.4113345],[18.6626118,54.4113679],[18.6626721,54.4113953]]},"properties":{"area":"no","leisure":"track","sport":"running"}},
{"type":"Feature","geometry":{"type":"LineString","coordinates":[[18.6513062,54.3528334],[18.6512694,54.3528095],[18.6512146,54.3528081],[18.6511739,54.3528296],[18.6511715,54.3528613],[18.6512086,54.3528852],[18.6512625,54.3528866],[18.6513035,54.3528653],[18.6513062,54.3528334]]},"properties":{"building":"yes","height":"0.1","heritage":"2","heritage:operator":"nid","historic":"fortification","man_made":"tower","name":"Baszta Jacek","name:de":"Kiek in de Kök","name:pl":"Baszta Jacek","ref:nid":"294 z 24.06.1967","tourism":"attraction","tower:type":"defensive","wikidata":"Q1740933","wikipedia":"pl:Baszta Jacek"}},
{"type":"Feature","geometry":{"type":"LineString","coordinates":[[18.644171,54.355374],[18.64417,54.355374],[18.644169,54.355368],[18.64418,54.355367],[18.64418,54.355368],[18.644215,54.355367],[18.644211,54.355342],[18.644251,54.35534],[18.644249,54.355321000000007],[18.644255,54.355321000000007],[18.644237,54.355196],[18.644219,54.355197],[18.644216,54.355172],[18.644207,54.355172],[18.644204,54.355149],[18.644213,54.355149],[18.64421,54.355125],[18.644214,54.355124000000007],[18.644209,54.355089],[18.644425,54.35508],[18.64443,54.355116],[18.64456,54.35511],[18.644559,54.355105],[18.644687,54.355099],[18.644697,54.355174],[18.644695,54.355174],[18.644705,54.355247],[18.644799,54.355243],[18.644805,54.355296],[18.644834,54.355294],[18.644837,54.355317],[18.644841,54.355316],[18.644841,54.355318],[18.644864,54.355316],[18.644864,54.355315],[18.644877,54.355315],[18.644878,54.355323],[18.644876,54.355323],[18.6448781,54.3553369],[18.64488,54.35535],[18.644882,54.35535],[18.644883,54.355355],[18.644881,54.355355],[18.6448823,54.3553671],[18.644884,54.355383],[18.644886,54.355383],[18.644887,54.355388],[18.644885,54.355388],[18.6448871,54.3554022],[18.644889,54.355415],[18.644891,54.355415],[18.644892,54.355423],[18.644878,54.355424],[18.644878,54.355423],[18.644856,54.355424],[18.644856,54.355425],[18.644852,54.355425],[18.644854,54.355447],[18.64484,54.355448],[18.644847,54.355497],[18.644848,54.355497],[18.64485,54.355509],[18.644849,54.355509],[18.644856,54.35556],[18.644866,54.35556],[18.6448675,54.3555746],[18.644868,54.35558],[18.644858,54.35558],[18.644859,54.355585],[18.644843,54.355586],[18.644849,54.355632],[18.644851,54.355632],[18.644852,54.355641],[18.644851,54.355641],[18.644857,54.355688],[18.644859,54.355688],[18.644859,54.355697],[18.644858,54.355697],[18.644864,54.355744],[18.644866,54.355744],[18.644867,54.355753],[18.644865,54.355753],[18.644871,54.3558],[18.644873,54.3558],[18.6448751,54.355809],[18.644873,54.355809],[18.644879,54.355856],[18.644894,54.355855],[18.644896,54.355865],[18.644894,54.355865],[18.6448976,54.3558909],[18.644901,54.355915],[18.644903,54.355915],[18.644904,54.355924],[18.644888,54.355925],[18.644888,54.355924],[18.644801,54.355928],[18.644801,54.355929],[18.644795,54.355929],[18.644801,54.355977],[18.644497,54.355991],[18.644482,54.35588],[18.644433,54.355882],[18.644426,54.355829],[18.644356,54.355832],[18.644357,54.355833],[18.644345,54.355833],[18.644344,54.355824],[18.644346,54.355824],[18.644339,54.355777],[18.644337,54.355777],[18.644336,54.355768],[18.644338,54.355768],[18.644332,54.355722],[18.644332,54.355721],[18.64433,54.355721],[18.644329,54.355712],[18.64433,54.355712],[18.644324,54.355665],[18.644323,54.355665],[18.644322,54.355656],[18.644323,54.355656],[18.644317,54.355609],[18.644315,54.355609],[18.644314,54.3556],[18.644316,54.3556],[18.644309,54.355554],[18.644308,54.355554],[18.644306,54.355544],[18.644308,54.355544],[18.644302,54.355497],[18.6443,54.355498],[18.644299,54.355488],[18.644301,54.355488],[18.644299,54.355472],[18.644269,54.355474],[18.644266,54.355455],[18.644226,54.355457],[18.644223,54.355432],[18.644189,54.355434],[18.644189,54.355435],[18.644177,54.355436],[18.644177,54.355429],[18.644179,54.355429],[18.644171,54.355374]]},"properties":{"addr:city":"Gdańsk","addr:country":"PL","addr:housenumber":"2","addr:postcode":"80-895","addr:street":"Podwale Grodzkie","architect":"Alexander Rüdell, Paul Thömer, Georg Cuny","architect:wikidata":"Q16440048;Q2062764;Q104054219","building":"train_station","building:architecture":"neo-renaissance","building:levels":"1","heritage":"yes","heritage:operator":"nid","heritage:website":"https://zabytek.pl/pl/obiekty/g-255389","historic":"yes","name":"Dworzec PKP Gdańsk Główny","name:be":"Чыгуначны Вакзал Гданьск","name:de":"PKP Danzig Hauptbahnhof","name:en":"Gdansk main train station","name:pl":"Dworzec PKP Gdańsk Główny","name:ru":"Главный вокзал Гданьска","official_name":"Dworzec Gdańsk Główny imenia Mieczysława Jałowieckiego","source:addr":"Urząd Miasta Gdańsk","source:building":"BDOT","source:geometry":"EGiB","tourism":"attraction","wheelchair":"yes","wikidata":"Q557448","wikipedia":"pl:Gdańsk Główny","year_of_construction":"1896 - 1900"}},
{"type":"Feature","geometry":{"type":"LineString","coordinates":[[18.6596173,54.3527545],[18.65957,54.3526657],[18.6595616,54.3526672],[18.6595263,54.352601],[18.65927,54.3526471],[18.6592097,54.3525337],[18.6592026,54.3525351],[18.6591166,54.3523851],[18.6591277,54.3523826],[18.6595965,54.352297],[18.6596777,54.3522817],[18.660073,54.3522059],[18.6600787,54.3521972],[18.6600835,54.3522048],[18.6600767,54.3522127],[18.6601115,54.352279],[18.6601504,54.352353],[18.6601659,54.3523552],[18.660172,54.3523656],[18.660161,54.3523644],[18.6601917,54.3524203],[18.660205,54.3524176],[18.6602699,54.3525394],[18.6602536,54.3525425],[18.660301,54.3526298],[18.6602736,54.3526348],[18.6601529,54.3526568],[18.6601054,54.3526655],[18.6600014,54.3526844],[18.6599576,54.3526924],[18.6598518,54.3527117],[18.6598021,54.3527208],[18.6596901,54.3527413],[18.6596173,54.3527545]]},"properties":{"addr:city":"Gdańsk","addr:country":"PL","addr:housenumber":"1","addr:postcode":"80-751","addr:street":"Ołowianka","amenity":"theatre","building":"yes","building:colour":"firebrick","building:material":"brick","heritage":"2","heritage:operator":"nid","historic":"power_plant","name":"Polska Filharmonia Bałtycka im. Fryderyka Chopina","name:de":"Baltische Philharmonie","name:en":"Polish Baltic Philharmonic","name:pl":"Polska Filharmonia Bałtycka im. Fryderyka Chopina","name:uk":"Польська Балтійська філармонія імені Фридерика Шопена","ref:nid":"886 z 30.12.1983","roof:colour":"firebrick","roof:material":"roof_tiles","theatre:genre":"philharmonic","website":"https://www.filharmonia.gda.pl/","wheelchair":"yes","wikidata":"Q805784","wikipedia":"pl:Filharmonia Bałtycka"}},
{"type":"Feature","geometry":{"type":"LineString","coordinates":[[18.659232,54.352195],[18.65905,54.352212],[18.658971,54.351957],[18.659159,54.351938],[18.659163,54.351951],[18.6591969,54.3520709],[18.659232,54.352195]]},"properties":{"addr:city":"Gdańsk","addr:country":"PL","addr:housename":"Spichlerz Królewski","addr:housenumber":"1","addr:postcode":"80-751","addr:street":"Ołowianka","building":"hotel","building:levels":"6","historic":"granary","name":"Spichlerz Królewski","name:pl":"Spichlerz Królewski","source:building":"BDOT","source:geometry":"EGiB","tourism":"attraction"}},
{"type":"Feature","geometry":{"type":"LineString","coordinates":[[18.5576512,54.4100203],[18.5583537,54.4100955],[18.5583842,54.4099972],[18.5583937,54.4099666],[18.55769,54.4098942],[18.5576883,54.4098995],[18.5576512,54.4100203]]},"properties":{"addr:city":"Gdańsk","addr:city:simc":"0933016","addr:country":"PL","addr:housenumber":"2","addr:postcode":"80-330","addr:street":"Biskupa Edmunda Nowickiego","building":"yes","building:levels":"2","name":"Spichlerz Klasztorny","roof:orientation":"along","roof:shape":"half-hipped","source":"www.geoportal.gov.pl","source:addr":"Urząd Miasta Gdańsk","tourism":"attraction"}},
{"type":"Feature","geometry":{"type":"LineString","coordinates":[[18.6243415,54.3811714],[18.6243619,54.3811293],[18.6244024,54.3810926],[18.6244634,54.3810497],[18.6245433,54.3810153],[18.6246276,54.380996],[18.6247093,54.3809845],[18.6247957,54.3809776],[18.6248929,54.3809738],[18.6249683,54.3809815],[18.625057,54.3809969],[18.6251511,54.3810271],[18.6252333,54.3810684],[18.6252814,54.3811026],[18.6253182,54.381143],[18.6253282,54.3811944],[18.6253357,54.3821796],[18.6253058,54.3822298],[18.6252405,54.3822844],[18.6251847,54.382323],[18.6251047,54.3823527],[18.6250139,54.3823714],[18.6249145,54.3823874],[18.6248316,54.3823889],[18.6247459,54.3823858],[18.6247012,54.3823809],[18.6246405,54.3823714],[18.6245643,54.3823505],[18.6244747,54.3823233],[18.6243842,54.3822692],[18.624331,54.382189],[18.6243415,54.3811714]]},"properties":{"leisure":"track","sport":"athletics"}},
{"type":"Feature","geometry":{"type":"LineString","coordinates":[[18.5714213,54.4007408],[18.5714107,54.4007545],[18.570812,54.400605],[18.5707064,54.4005778],[18.5706083,54.4005526],[18.570521,54.400672],[18.5705574,54.4006816],[18.570509,54.400749],[18.570584,54.400767],[18.570579,54.400772],[18.570589,54.400775],[18.57059,54.400774],[18.570625,54.400783],[18.57026,54.40128],[18.570351,54.401302],[18.570424,54.40132],[18.570425,54.401318],[18.571024,54.401469],[18.571023,54.40147],[18.571125,54.401495],[18.5711161,54.4015072],[18.57109,54.401543],[18.570921,54.401501],[18.570923,54.401498],[18.570579,54.401411],[18.5705,54.401517],[18.57067,54.40156],[18.570845,54.401604],[18.570794,54.401674],[18.571054,54.401737],[18.571132,54.401631],[18.571182,54.401644],[18.571259,54.401543],[18.572316,54.401808],[18.5726453,54.4013601],[18.572741,54.40123],[18.571763,54.400985],[18.571799,54.400934],[18.5717527,54.4009227],[18.571803,54.400854],[18.571587,54.4007991],[18.5716002,54.4007812],[18.5716154,54.4007851],[18.5716319,54.4007635],[18.5714312,54.4007116],[18.571411,54.4007381],[18.5714213,54.4007408]]},"properties":{"addr:city":"Gdańsk","addr:country":"PL","addr:housenumber":"470","addr:postcode":"80-309","addr:street":"Aleja Grunwaldzka","building":"public","leisure":"sports_centre","name":"Hala Olivia","source":"Urząd Miasta Gdańsk","source:building":"BDOT","source:geometry":"EGiB","sport":"ice_hockey;ice_skating;curling","start_date":"1972-12-16","wikidata":"Q2732849","wikipedia":"pl:Hala Olivia","year_of_construction":"1965..1972"}},
{"type":"Feature","geometry":{"type":"LineString","coordinates":[[18.6242264,54.3811065],[18.6242723,54.3810654],[18.6243316,54.3810337],[18.6244344,54.3809894],[18.6245331,54.3809552],[18.6246474,54.3809316],[18.6247536,54.3809252],[18.6248971,54.3809217],[18.6249954,54.3809303],[18.6250829,54.3809452],[18.6252179,54.3809932],[18.625301,54.3810311],[18.6253568,54.3810725],[18.6254127,54.3811375],[18.6254268,54.3812052],[18.625429,54.3822077],[18.6254056,54.3822498],[18.6253647,54.3822942],[18.6252808,54.3823558],[18.6251798,54.3823946],[18.6250961,54.3824194],[18.6250606,54.3824241],[18.6249875,54.3824351],[18.6249191,54.3824453],[18.6248164,54.3824496],[18.6247096,54.3824461],[18.6246089,54.3824313],[18.6244964,54.3824025],[18.62442,54.382376],[18.6243593,54.3823442],[18.6243188,54.3823054],[18.6242021,54.3823047],[18.6242264,54.3811065]]},"properties":{"leisure":"stadium"}},
{"type":"Feature","geometry":{"type":"LineString","coordinates":[[18.6204074,54.3672571],[18.6206368,54.3671457],[18.6208535,54.3670887],[18.6211127,54.367064],[18.6213507,54.3670863],[18.6215886,54.3671506],[18.6217841,54.3672224],[18.6219115,54.3672917],[18.6220857,54.3674279],[18.622162200000003,54.3675615],[18.6221588,54.3675785],[18.6221325,54.3677101],[18.6213942,54.3685466],[18.6213634,54.3685814],[18.6212359,54.3687002],[18.621032,54.3688066],[18.6207983,54.3688561],[18.6205306,54.3688537],[18.6203309,54.3688215],[18.6200717,54.3687546],[18.6198933,54.3686804],[18.6197403,54.3685739],[18.6196341,54.3684601],[18.6195946,54.3683937],[18.6195715,54.3683086],[18.6195718,54.3682453],[18.6195986,54.3681703],[18.6196766,54.3680838],[18.6204074,54.3672571]]},"properties":{"capacity":"11811","leisure":"stadium","name":"Stadion Miejski"}},
{"type":"Feature","geometry":{"type":"LineString","coordinates":[[18.585076,54.406051],[18.585049,54.406108],[18.584862,54.406079],[18.585044,54.405687],[18.585232,54.405716],[18.585198,54.405789],[18.585209,54.405791],[18.585175,54.405864],[18.585164,54.405862],[18.5851,54.406],[18.585109,54.406002],[18.585086,54.406052],[18.585076,54.406051]]},"properties":{"addr:city":"Gdańsk","addr:country":"PL","addr:housenumber":"66B","addr:postcode":"80-389","addr:street":"Śląska","amenity":"community_centre","building":"yes","building:levels":"2","name":"Dom Kultury PSM Przymorze","source:addr":"Urząd Miasta Gdańsk","source:building":"BDOT","source:geometry":"EGiB"}},
{"type":"Feature","geometry":{"type":"LineString","coordinates":[[18.6443308,54.4044372],[18.644328,54.4044859],[18.6442955,54.4044855],[18.6442495,54.4044848],[18.6441975,54.4044841],[18.6441992,54.4044357],[18.6441578,54.4044352],[18.6441633,54.4043112],[18.6441538,54.4043111],[18.6441588,54.4041901],[18.6441541,54.4041894],[18.6441549,54.4041529],[18.6441594,54.4041529],[18.6441641,54.4040584],[18.6442983,54.4040604],[18.6442994,54.4040333],[18.6445938,54.4040373],[18.6445822,54.404317],[18.6444444,54.404315],[18.6444379,54.4044392],[18.6443308,54.4044372]]},"properties":{"addr:city":"Gdańsk","addr:country":"PL","addr:housenumber":"10A","addr:postcode":"80-515","addr:street":"Ignacego Krasickiego","building":"yes","leisure":"sports_centre","name":"Sala gimnastyczna","source:addr":"Urząd Miasta Gdańsk"}},
{"type":"Feature","geometry":{"type":"LineString","coordinates":[[18.6179336,54.3750874],[18.6179109,54.3750788],[18.6178367,54.3749538],[18.6180548,54.3749066],[18.6180785,54.3749005],[18.6181206,54.3749751],[18.6181378,54.3749722],[18.618176,54.3749837],[18.6181582,54.3750084],[18.6181166,54.3750157],[18.6181313,54.3750409],[18.6179336,54.3750874]]},"properties":{"addr:city":"Gdańsk","addr:country":"PL","addr:housenumber":"16","addr:postcode":"80-236","addr:street":"Aleja Grunwaldzka","amenity":"theatre","building":"public","check_date":"2024-07-14","contact:phone":"+48 58 341 12 09","name":"Teatr Miniatura","source:addr":"Urząd Miasta Gdańsk","theatre:genre":"puppet","website":"https://teatrminiatura.pl/"}},
{"type":"Feature","geometry":{"type":"LineString","coordinates":[[18.637495,54.407935],[18.637497,54.407935],[18.637493,54.407912],[18.637555,54.407908],[18.637556,54.40791],[18.637702,54.4079],[18.637701,54.407896],[18.6377862,54.407891],[18.637871,54.407886],[18.637872,54.40789],[18.638019,54.407881],[18.638019,54.40788],[18.638079,54.407876],[18.638078,54.407873],[18.638253,54.407862],[18.638238,54.408014],[18.638106,54.408021],[18.638106,54.40802],[18.638045,54.408024],[18.638044,54.408023],[18.637896,54.408032],[18.637896,54.408033],[18.63773,54.408044],[18.63773,54.408043],[18.637582,54.408052],[18.637582,54.408053],[18.637519,54.408056],[18.637516,54.408034],[18.637514,54.408034],[18.637495,54.407935]]},"properties":{"addr:city":"Gdańsk","addr:country":"PL","addr:housenumber":"2","addr:postcode":"80-515","addr:street":"Zdrojowa","amenity":"arts_centre","building":"public","building:levels":"2","historic":"yes","name":"Dom Zdrojowy","source:addr":"Urząd Miasta Gdańsk","source:building":"BDOT","source:geometry":"EGiB"}},
{"type":"Feature","geometry":{"type":"LineString","coordinates":[[18.6612019,54.40631],[18.6611657,54.4063025],[18.6611461,54.406281],[18.661158,54.4062589],[18.6611981,54.4062459],[18.6612376,54.4062549],[18.6612531,54.4062752],[18.6612396,54.4062986],[18.6612019,54.40631]]},"properties":{"addr:city":"Gdańsk","addr:country":"PL","addr:housenumber":"5","addr:postcode":"80-542","addr:street":"Przemysłowa","building":"yes","building:material":"brick","height":"27","historic":"yes","man_made":"lighthouse","name":"Latarnia Morska Gdańsk Nowy Port","seamark:light:character":"LFl","seamark:light:colour":"green","seamark:light:height":"13","seamark:light:period":"6","seamark:light:range":"8","seamark:light:reference":"C 3066","seamark:light:sequence":"2+(4)","seamark:type":"light_minor","source":"Bing","source:addr":"Urząd Miasta Gdańsk","start_date":"1893","tourism":"attraction","wikidata":"Q11753140","wikipedia":"pl:Latarnia Morska Gdańsk Nowy Port"}},
{"type":"Feature","geometry":{"type":"LineString","coordinates":[[18.627008,54.3725222],[18.6270165,54.3725211],[18.6272245,54.3724185],[18.6272746,54.3724526],[18.6275316,54.3723263],[18.6274931,54.3723],[18.627709,54.3721916],[18.6276619,54.3721596],[18.627832,54.3720741],[18.6278033,54.3720528],[18.6279576,54.3719752],[18.6277529,54.3718363],[18.6277447,54.3718404],[18.6277058,54.3718137],[18.6277421,54.3717959],[18.6275452,54.3716591],[18.6275429,54.3716583],[18.6275409,54.371658],[18.6275386,54.3716576],[18.627536,54.3716576],[18.6275337,54.3716577],[18.6275312,54.371658],[18.6275292,54.3716586],[18.6275264,54.3716597],[18.6272243,54.3718104],[18.6271963,54.3717921],[18.6271928,54.371791],[18.6271894,54.3717905],[18.6271854,54.3717904],[18.627182,54.3717909],[18.6271791,54.3717916],[18.6270178,54.371872],[18.6270164,54.3718732],[18.6270153,54.3718743],[18.6270145,54.3718756],[18.627014,54.3718769],[18.627014,54.371878],[18.6270141,54.371879],[18.6270149,54.3718808],[18.6270424,54.3719005],[18.6268974,54.3719728],[18.6268706,54.3719544],[18.6268681,54.371954],[18.6268655,54.3719538],[18.6268636,54.3719537],[18.6268616,54.3719536],[18.6268598,54.3719538],[18.6268578,54.371954],[18.6268558,54.3719542],[18.6268541,54.3719546],[18.6268526,54.3719549],[18.626851,54.3719553],[18.6266895,54.3720357],[18.6266867,54.3720405],[18.6266893,54.3720465],[18.6267248,54.3720708],[18.6266511,54.3721306],[18.6266324,54.3721227],[18.6266073,54.3721433],[18.6265697,54.372174],[18.6265886,54.3721817],[18.626571,54.3721959],[18.6267192,54.3722983],[18.6266469,54.3723348],[18.6267233,54.3723863],[18.6267689,54.3723622],[18.6268367,54.3724099],[18.6270005,54.3725204],[18.627008,54.3725222]]},"properties":{"addr:city":"Gdańsk","addr:country":"PL","addr:housenumber":"14","addr:postcode":"80-219","addr:street":"Aleja Zwycięstwa","amenity":"cinema","brand":"Multikino","brand:wikidata":"Q1144802","brand:wikipedia":"pl:Multikino","building":"commercial","building:levels":"2","name":"Multikino","operator":"Vue Cinemas","roof:levels":"0","source":"www.geoportal.gov.pl","source:addr":"Urząd Miasta Gdańsk"}},
{"type":"Feature","geometry":{"type":"LineString","coordinates":[[18.6313126,54.369862],[18.6314365,54.3697447],[18.6314541,54.3697281],[18.631579,54.3696098],[18.6314352,54.3695264],[18.6315152,54.3694794],[18.6316392,54.3695529],[18.6317373,54.3695882],[18.6314108,54.3698972],[18.6313635,54.3698803],[18.6313126,54.369862]]},"properties":{"addr:city":"Gdańsk","addr:country":"PL","addr:housenumber":"12","addr:postcode":"80-219","addr:street":"Aleja Zwycięstwa","building:levels":"2","building:part":"yes","leisure":"sports_centre","source:addr":"Urząd Miasta Gdańsk","sport":"multi"}},
{"type":"Feature","geometry":{"type":"LineString","coordinates":[[18.6452208,54.3525164],[18.645224,54.3525215],[18.6451034,54.3525467],[18.6451138,54.3525636],[18.645006,54.3525862],[18.6449745,54.3525351],[18.6449593,54.3525382],[18.6449268,54.3524855],[18.6449459,54.3524816],[18.6449068,54.3524181],[18.64505,54.3523882],[18.6450444,54.3523791],[18.6450516,54.3523776],[18.6450347,54.3523502],[18.6452227,54.3523109],[18.6452403,54.3523395],[18.6452479,54.3523379],[18.6452546,54.3523489],[18.6454803,54.3523028],[18.6455187,54.3523622],[18.6454964,54.3523669],[18.6455261,54.3524154],[18.64554,54.3524125],[18.6455522,54.3524324],[18.6455637,54.3524512],[18.6455501,54.352454],[18.6455816,54.3525053],[18.6456021,54.352501],[18.645635,54.3525599],[18.645627,54.3525617],[18.6454534,54.3526002],[18.6454565,54.3526053],[18.6453627,54.3526249],[18.6453179,54.3525518],[18.6453166,54.3525453],[18.6453201,54.3525391],[18.6453275,54.3525343],[18.6453378,54.3525316],[18.6453492,54.3525315],[18.6453364,54.3525107],[18.6453263,54.3524944],[18.6452208,54.3525164]]},"properties":{"addr:city":"Gdańsk","addr:country":"PL","addr:housenumber":"1","addr:postcode":"80-853","addr:street":"Wały Jagiellońskie","amenity":"townhall","building":"government","building:levels":"4","check_date":"2022-08-29","description":"Kompleks budynków został zbudowany jako siedziba dowództwa pruskiego garnizonu w Gdańsku. Składał się z pałacyku, budynku stajennego, niezachowanej do dziś oficyny i parku o powierzchni 1,8 ha.","name":"Nowy Ratusz","name:de":"Generalkommando","name:en":"New Town Hall","name:fi":"Kaupungintalo","name:pl":"Nowy Ratusz","old_name":"Żak","operator":"Rada Miasta Gdańska","smoking":"no","source":"Bing","source:addr":"Urząd Miasta Gdańsk","source:geometry":"gis.gdansk.pl","tourism":"attraction","wheelchair":"yes"}},
{"type":"Feature","geometry":{"type":"LineString","coordinates":[[18.6461344,54.3539392],[18.6461268,54.3539493],[18.6457781,54.3538606],[18.6458008,54.3538316],[18.6457759,54.3538254],[18.6458068,54.3537836],[18.6458316,54.3537898],[18.6458537,54.3537609],[18.6462012,54.3538499],[18.6461931,54.3538607],[18.6463786,54.3539025],[18.6463198,54.3539846],[18.6461855,54.3539503],[18.6461344,54.3539392]]},"properties":{"addr:city":"Gdańsk","addr:city:simc":"0933016","addr:country":"PL","addr:housenumber":"1","addr:postcode":"80-894","addr:street":"Elżbietańska","addr:street:sym_ul":"04788","amenity":"place_of_worship","building":"church","building:material":"brick","church:id":"19543","church:type":"rectoral","deanery":"Dekanat Gdańsk Śródmieście","denomination":"roman_catholic","diocese":"Archidiecezja gdańska","heritage":"2","heritage:operator":"nid","historic":"building","mobile":"504125655","name":"Kościół pw. Świętej Elżbiety","name:be":"Касцёл Святой Елізаветы","name:de":"Elisabethkirche","name:en":"St Elizabeth Church","name:nl":"Sint-Elisabethkerk","name:pl":"Kościół pw. Świętej Elżbiety","name:zh":"圣以利沙伯教会","old_denomination":"reformed","operator":"Stowarzyszenie Apostolstwa Katolickiego","parish":"Parafia św. Brygidy w Gdańsku","parish:wikidata":"Q11808176","parish:wikipedia":"pl:Parafia św. Brygidy w Gdańsku","ref:nid":"398","religion":"christian","roof:material":"roof_tiles","roof:shape":"gabled","source":"Bing","source:geometry":"gis.gdansk.pl","tourism":"attraction","wikidata":"Q11746651","wikipedia":"pl:Kościół św. Elżbiety w Gdańsku"}},
{"type":"Feature","geometry":{"type":"LineString","coordinates":[[18.646079,54.35428],[18.6463198,54.3539846],[18.6461855,54.3539503],[18.646131,54.354014],[18.64582,54.353946],[18.645782,54.354005],[18.646084,54.354073],[18.645981,54.3542],[18.645895,54.35418],[18.645871,54.354229],[18.6458835,54.3542321],[18.6459889,54.3542586],[18.646079,54.35428]]},"properties":{"addr:city":"Gdańsk","addr:city:simc":"0933016","addr:country":"PL","addr:housename":"Dom zakonny Księży Pallotynów","addr:housenumber":"1","addr:postcode":"80-894","addr:street":"Elżbietańska","addr:street:sym_ul":"04788","alt_name":"Dom Księży Pallotynów","building":"monastery","building:levels":"3","denomination":"roman_catholic","email":"gdansk@sac.org.pl","heritage":"2","heritage:operator":"nid","historic":"building","operator":"Pallotyni (SAC)","phone":"+48 58 326 07 30","ref:nid":"399 z 6.09.1971","religion":"christian","source":"Bing","source:addr":"Urząd Miasta Gdańsk","source:building":"BDOT","source:geometry":"gis.gdansk.pl","tourism":"attraction"}},
{"type":"Feature","geometry":{"type":"LineString","coordinates":[[18.646804,54.353532],[18.646837,54.353539],[18.6470065,54.353572],[18.64705,54.353505],[18.646846,54.353469],[18.646804,54.353532]]},"properties":{"addr:city":"Gdańsk","addr:country":"PL","addr:housenumber":"3","addr:postcode":"80-894","addr:street":"Elżbietańska","building":"university","building:levels":"3","historic":"yes","name":"Dom Opatów Pelplińskich","source":"Bing","source:addr":"Urząd Miasta Gdańsk","source:building":"BDOT","source:geometry":"gis.gdansk.pl","tourism":"attraction","wikidata":"Q9209358","wikipedia":"pl:Dom Opatów Pelplińskich w Gdańsku"}},
{"type":"Feature","geometry":{"type":"LineString","coordinates":[[18.6478031,54.3540393],[18.647908,54.3538324],[18.6482266,54.3538873],[18.6482335,54.3538885],[18.6481286,54.3540954],[18.6478031,54.3540393]]},"properties":{"addr:city":"Gdańsk","addr:country":"PL","addr:housenumber":"33/35","addr:postcode":"80-851","addr:street":"Korzenna","building":"yes","heritage":"2","heritage:operator":"nid","historic":"building","name":"Ratusz Starego Miasta","name:be":"Ратуша Старога Горада","name:es":"Ayuntamiento de la ciudad antigua","name:pl":"Ratusz Starego Miasta","ref:nid":"286 z 24.02.1967","source:addr":"Urząd Miasta Gdańsk","source:geometry":"gis.gdansk.pl","tourism":"attraction"}},
{"type":"Feature","geometry":{"type":"LineString","coordinates":[[18.6468114,54.3541014],[18.6468481,54.3540445],[18.6468745,54.3540034],[18.6468809,54.3539935],[18.6468863,54.353985],[18.6469158,54.3539887],[18.6469162,54.354],[18.6470606,54.3540272],[18.6471262,54.3540443],[18.6471294,54.3540381],[18.6475354,54.3541078],[18.647536,54.3541067],[18.6475604,54.3541113],[18.6475514,54.3541287],[18.647528,54.3541245],[18.6474834,54.3542102],[18.647507,54.354214],[18.6474973,54.3542331],[18.6474737,54.3542292],[18.6474257,54.3543242],[18.6473765,54.3543162],[18.647369,54.3543292],[18.6473536,54.3543263],[18.6473609,54.3543134],[18.6473087,54.3543042],[18.6473016,54.3543179],[18.6472874,54.3543153],[18.6472947,54.3543018],[18.6472403,54.3542923],[18.6472331,54.3543058],[18.6472177,54.354303],[18.6472247,54.3542894],[18.6471778,54.3542806],[18.6471901,54.3542585],[18.6470325,54.3542278],[18.6470602,54.3541735],[18.647068,54.3541583],[18.6470725,54.3541496],[18.6468392,54.3541071],[18.6468279,54.3541118],[18.6468161,54.3541093],[18.6468114,54.3541014]]},"properties":{"addr:city":"Gdańsk","addr:city:simc":"0933016","addr:country":"PL","addr:housenumber":"2","addr:postcode":"80-894","addr:street":"Bielańska","addr:street:sym_ul":"01244","amenity":"place_of_worship","building":"church","church:id":"19544","church:type":"rectoral","deanery":"Dekanat Gdańsk Śródmieście","denomination":"roman_catholic","diocese":"Archidiecezja gdańska","heritage":"2","heritage:operator":"nid","historic":"building","mobile":"504125655","name":"Kościół pw. Świętego Józefa","name:be":"Касцёл Святога Ёзефа","name:de":"Josefskirche","name:pl":"Kościół pw. Świętego Józefa","operator":"Zgromadzenie Misjonarzy Oblatów Najświętszej Maryi Panny Niepokalanej","parish":"Parafia św. Brygidy w Gdańsku","parish:wikidata":"Q11808176","parish:wikipedia":"pl:Parafia św. Brygidy w Gdańsku","ref:nid":"652 z 15.10.1973","religion":"christian","shrine":"local","shrine:name":"Sanktuarium Matki Bożej Szkaplerznej","shrine:type":"mary","source":"Bing","source:geometry":"gis.gdansk.pl","tourism":"attraction","wikidata":"Q11746939","wikipedia":"pl:Kościół św. Józefa w Gdańsku"}},
{"type":"Feature","geometry":{"type":"LineString","coordinates":[[18.6497315,54.3538443],[18.6502238,54.3540012],[18.6502738,54.3540171],[18.6502026,54.3540854],[18.6502857,54.3541124],[18.6502267,54.3541749],[18.6501449,54.3541484],[18.6501342,54.3541598],[18.6500769,54.3542216],[18.6495358,54.3540474],[18.6496766,54.3539021],[18.6497315,54.3538443]]},"properties":{"addr:city":"Gdańsk","addr:country":"PL","addr:housenumber":"16","addr:postcode":"80-849","addr:street":"Wielkie Młyny","building":"yes","disused:man_made":"watermill","name":"Wielki Młyn","name:be":"Вялікі Млын","name:de":"Große Mühle","name:es":"Gran Molino","name:pl":"Wielki Młyn","source":"Bing","source:addr":"Urząd Miasta Gdańsk","source:geometry":"gis.gdansk.pl","tourism":"attraction","wikidata":"Q734863","wikipedia":"pl:Wielki Młyn w Gdańsku"}},
{"type":"Feature","geometry":{"type":"LineString","coordinates":[[18.6509094,54.3539138],[18.6510616,54.3539418],[18.6510567,54.3539342],[18.6510731,54.3539302],[18.6510831,54.3539456],[18.6511228,54.3539528],[18.6511518,54.3538975],[18.6513203,54.3539271],[18.6513235,54.3539215],[18.651412,54.353937],[18.6514092,54.3539426],[18.6518142,54.354013],[18.651752,54.3541348],[18.6517886,54.3541695],[18.6517644,54.3542127],[18.6517001,54.354229],[18.6516378,54.3543508],[18.6512856,54.3542896],[18.6512899,54.3542809],[18.6512366,54.3542718],[18.6512616,54.3542221],[18.6512052,54.3542123],[18.6511973,54.3542267],[18.651175,54.3542225],[18.6511825,54.3542086],[18.6511267,54.3541985],[18.6511183,54.3542131],[18.6510953,54.3542087],[18.6511033,54.3541946],[18.6510494,54.3541851],[18.6510411,54.3541999],[18.6510179,54.3541956],[18.6510258,54.3541808],[18.650966,54.35417],[18.6509439,54.3541831],[18.6509285,54.3541744],[18.6509423,54.3541664],[18.6507894,54.354138],[18.6507836,54.3541262],[18.6508927,54.3539196],[18.6509094,54.3539138]]},"properties":{"addr:city":"Gdańsk","addr:city:simc":"0933016","addr:country":"PL","addr:housenumber":"6","addr:postcode":"80-856","addr:street":"Profesorska","addr:street:sym_ul":"17501","amenity":"place_of_worship","building":"church","church:id":"19541","church:type":"rectoral","date:shrine":"C17","deanery":"Dekanat Gdańsk Śródmieście","denomination":"roman_catholic","diocese":"Archidiecezja gdańska","heritage":"2","heritage:operator":"nid","historic":"building","mobile":"504125655","name":"Kościół pw. Świętej Katarzyny","name:be":"Касцёл Святой Кацярыны","name:de":"Katharinenkirche","name:en":"St. Catherine’s Church","name:pl":"Kościół pw. Świętej Katarzyny","name:ru":"Костёл Святой Катаржины","note":"przesunięte względem ortofotomapy gis.gdansk.pl","operator":"Zakon Braci Najświętszej Maryi Panny z Góry Karmel","parish":"Parafia św. Brygidy w Gdańsku","parish:wikidata":"Q11808176","parish:wikipedia":"pl:Parafia św. Brygidy w Gdańsku","ref:ckkp":"PM00298","ref:nid":"291 z 24.02.1967","religion":"christian","shrine":"local","shrine:name":"Sanktuarium Matki Boskiej Bołszowieckiej","shrine:object":"obraz Madonny Bołszowieckiej","shrine:type":"mary","source:geometry":"gis.gdansk.pl","tourism":"attraction","wikidata":"Q479323","wikipedia":"pl:Kościół św. Katarzyny w Gdańsku"}},
{"type":"Feature","geometry":{"type":"LineString","coordinates":[[18.6507006,54.354695],[18.6506885,54.3547027],[18.6506734,54.3546946],[18.650714,54.3546688],[18.6507418,54.3546511],[18.6507584,54.3546438],[18.6507691,54.3546371],[18.650805,54.3546142],[18.6508199,54.3546219],[18.6508111,54.3546276],[18.6512538,54.3548614],[18.6512661,54.3548525],[18.6512806,54.3548603],[18.6512694,54.354869],[18.6512841,54.3548774],[18.6512721,54.3548851],[18.6512556,54.3548774],[18.651246,54.3548835],[18.6512134,54.3549055],[18.6511475,54.3549475],[18.6511287,54.3549374],[18.6511404,54.35493],[18.6507006,54.354695]]},"properties":{"addr:city":"Gdańsk","addr:country":"PL","addr:housenumber":"2","addr:postcode":"80-850","addr:street":"Rajska","building":"yes","building:levels":"2","building:material":"brick","loc_name":"Mały Młyn","name":"Dom Wędkarza","roof:material":"roof_tiles","roof:shape":"gabled","source":"Bing","source:addr":"Urząd Miasta Gdańsk","tourism":"attraction"}},
{"type":"Feature","geometry":{"type":"LineString","coordinates":[[18.6518678,54.3546066],[18.6518726,54.3546022],[18.6517929,54.3545716],[18.6518578,54.3545138],[18.6518517,54.3545112],[18.6518481,54.3545025],[18.6518559,54.3544957],[18.6518707,54.3544935],[18.6518791,54.3544934],[18.6517851,54.3544592],[18.6517698,54.3544534],[18.6517789,54.3544455],[18.6517942,54.3544511],[18.6518766,54.3543778],[18.6518712,54.3543745],[18.6518769,54.3543715],[18.6518921,54.3543717],[18.6518928,54.3543773],[18.6519467,54.3543977],[18.6519553,54.3543892],[18.6519675,54.3543938],[18.6519588,54.3544023],[18.6520087,54.3544215],[18.6520187,54.3544131],[18.6520307,54.3544181],[18.652021,54.3544262],[18.652067,54.3544444],[18.6521574,54.354364],[18.6525158,54.3545078],[18.6526726,54.3545668],[18.6526766,54.3545779],[18.6526011,54.3546532],[18.6526209,54.3546595],[18.6526237,54.3546657],[18.6526139,54.3546778],[18.652695,54.3547024],[18.6526497,54.3547842],[18.652513,54.3547507],[18.6524375,54.3548335],[18.6519223,54.3546275],[18.6518678,54.3546066]]},"properties":{"addr:city":"Gdańsk","addr:city:simc":"0933016","addr:country":"PL","addr:housenumber":"15","addr:postcode":"80-856","addr:street":"Profesorska","addr:street:sym_ul":"17501","alt_name":"Kościół pw. Świętej Brygidy","amenity":"place_of_worship","building":"church","by:religious_title":"Jan Paweł II","church:id":"12447","church:type":"parish","date:religious_title":"1991","date:shrine":"1988","deanery":"Dekanat Gdańsk Śródmieście","denomination":"roman_catholic","diocese":"Archidiecezja gdańska","email":"brygidaszwedzka@gmail.com","heritage":"2","heritage:operator":"nid","historic":"building","mobile":"504125655","name":"Bazylika Świętej Brygidy","name:de":"Brigittenkirche","name:pl":"Kościół pw. Świętej Brygidy","note":"przesunięte względem ortofotomapy gis.gdansk.pl","opening_hours":"Mo-Su 10:00-18:00","parish":"Parafia św. Brygidy w Gdańsku","parish:wikidata":"Q11808176","parish:wikipedia":"pl:Parafia św. Brygidy w Gdańsku","ref:ckkp":"PM00294","ref:nid":"315","religion":"christian","religious_title":"Bazylika Mniejsza","shrine":"regional","shrine:name":"Sanktuarium Matki Bożej Królowej Świata Prac","shrine:object":"obraz Matki Bożej Opiekunki Ludzi Pracy","shrine:type":"mary","source":"Bing","source:geometry":"gis.gdansk.pl","start_date":"C14","tourism":"attraction","website":"http://www.brygida.gdansk.pl","wikidata":"Q11746615","wikimedia_commons":"File:Brosen_brygida.jpg","wikipedia":"pl:Bazylika św. Brygidy w Gdańsku"}},
{"type":"Feature","geometry":{"type":"LineString","coordinates":[[18.651582,54.353822],[18.651579,54.353825],[18.651306,54.353743],[18.65133,54.353719],[18.651421,54.353628],[18.651689,54.35372],[18.651661,54.353747],[18.651582,54.353822]]},"properties":{"addr:city":"Gdańsk","addr:country":"PL","addr:housenumber":"1-3","addr:postcode":"80-884","addr:street":"Katarzynki","building":"yes","building:levels":"4","historic":"yes","source:addr":"gugik.gov.pl","source:building":"BDOT","source:geometry":"EGiB","tourism":"attraction"}},
{"type":"Feature","geometry":{"type":"LineString","coordinates":[[18.6491374,54.3508617],[18.6491307,54.3508641],[18.6490698,54.3508844],[18.648951,54.350919],[18.648805,54.350961],[18.6485469,54.3506422],[18.6488456,54.3505563],[18.6492567,54.3504385],[18.6492803,54.3504637],[18.6493226,54.3504513],[18.6493519,54.3504854],[18.6493325,54.3504908],[18.6493366,54.3504961],[18.6493117,54.3505032],[18.649462,54.3506801],[18.6494851,54.3506732],[18.6494902,54.3506789],[18.6495103,54.350673],[18.6495439,54.3507084],[18.6494983,54.3507224],[18.6495189,54.3507465],[18.6493358,54.3508018],[18.6491374,54.3508617]]},"properties":{"addr:city":"Gdańsk","addr:housenumber":"4","addr:postcode":"80-836","addr:street":"Targ Węglowy","building":"yes","heritage":"2","heritage:operator":"nid","historic":"building","name":"Zbrojownia","name:be":"Збраёўня","name:de":"Zeughaus","name:es":"Arsenal","name:ja":"大武器庫","name:pl":"Zbrojownia","note":"przesunięte względem ortofotomapy gis.gdansk.pl","ref:nid":"323 z 10.07.1967","source":"Bing","source:addr":"Urząd Miasta Gdańsk","source:geometry":"gis.gdansk.pl","tourism":"attraction"}},
{"type":"Feature","geometry":{"type":"LineString","coordinates":[[18.6543752,54.3464394],[18.6545181,54.346405],[18.6545778,54.3464854],[18.6544334,54.3465243],[18.6543752,54.3464394]]},"properties":{"addr:city":"Gdańsk","addr:country":"PL","addr:housenumber":"20","addr:postcode":"80-881","addr:street":"Kotwiczników","building":"yes","height":"18","heritage":"2","heritage:operator":"nid","historic":"fortification","man_made":"tower","material":"brick","name":"Baszta Kotwiczników","ref:nid":"262 z 29.02.1968","roof:colour":"#ff7958","roof:height":"9","roof:shape":"pyramidal","source":"Bing","source:addr":"Urząd Miasta Gdańsk","tourism":"attraction","tower:type":"defensive","wikidata":"Q557202","wikipedia":"pl:Baszta Kotwiczników"}},
{"type":"Feature","geometry":{"type":"LineString","coordinates":[[18.6555473,54.3506405],[18.6555445,54.3506325],[18.6556309,54.3506167],[18.6557263,54.3505997],[18.6558151,54.3507694],[18.6557197,54.3507864],[18.6556343,54.3508027],[18.6555473,54.3506405]]},"properties":{"addr:city":"Gdańsk","addr:country":"PL","addr:housename":"Dom Pod Łososiem","addr:housenumber":"52/54","addr:postcode":"80-835","addr:street":"Szeroka","building":"yes","building:levels":"4","roof:colour":"#ff8858","source":"Bing","source:addr":"Urząd Miasta Gdańsk","source:geometry":"gis.gdansk.pl","tourism":"attraction"}},
{"type":"Feature","geometry":{"type":"LineString","coordinates":[[18.6559792,54.3501492],[18.6560746,54.3501309],[18.656171,54.3501158],[18.6562219,54.3501997],[18.6561225,54.3502166],[18.6560291,54.3502325],[18.6559792,54.3501492]]},"properties":{"addr:city":"Gdańsk","addr:country":"PL","addr:housename":"Dom Trosienerów","addr:housenumber":"111/113","addr:postcode":"80-834","addr:street":"Świętego Ducha","building":"yes","building:levels":"4","source":"Bing","source:addr":"Urząd Miasta Gdańsk","source:geometry":"gis.gdansk.pl","tourism":"attraction","wheelchair":"no"}},
{"type":"Feature","geometry":{"type":"LineString","coordinates":[[18.6558083,54.3501813],[18.6559792,54.3501492],[18.6560291,54.3502325],[18.6560482,54.3502703],[18.6558815,54.3502993],[18.6558083,54.3501813]]},"properties":{"addr:city":"Gdańsk","addr:country":"PL","addr:housename":"Dom Żeglarzy","addr:housenumber":"109","addr:postcode":"80-834","addr:street":"Świętego Ducha","building":"yes","building:levels":"4","roof:colour":"#ff7657","roof:material":"roof_tiles","roof:shape":"gabled","source":"Bing","source:addr":"Urząd Miasta Gdańsk","source:geometry":"gis.gdansk.pl","tourism":"attraction","wheelchair":"no"}},
{"type":"Feature","geometry":{"type":"LineString","coordinates":[[18.6575311,54.350693],[18.6574969,54.3506882],[18.6574895,54.3506895],[18.6574555,54.3506944],[18.6574457,54.3506792],[18.6574087,54.3506223],[18.6573953,54.3506015],[18.6573855,54.3505886],[18.6573775,54.3505753],[18.657355,54.3505443],[18.6573009,54.3504643],[18.6573392,54.3504565],[18.6573432,54.3504641],[18.6573477,54.3504618],[18.6573665,54.3504512],[18.6573836,54.3504468],[18.6574055,54.3504414],[18.6574224,54.350439],[18.6574386,54.3504392],[18.6574694,54.3504489],[18.6574874,54.350462],[18.6574916,54.3504737],[18.6574835,54.3504918],[18.6574962,54.3505159],[18.6574984,54.3505201],[18.6575695,54.3505056],[18.6576088,54.3505748],[18.6575349,54.3505902],[18.6575367,54.3505937],[18.6575492,54.3506165],[18.6575725,54.3506249],[18.6575904,54.3506422],[18.6575909,54.3506609],[18.6575814,54.3506753],[18.6575668,54.3506841],[18.6575311,54.350693]]},"properties":{"addr:city":"Gdańsk","addr:country":"PL","addr:housenumber":"67/68","addr:postcode":"80-835","addr:street":"Szeroka","barrier":"sally_port","building":"gatehouse","building:levels":"5","building:material":"brick","castle_type":"fortress","heritage":"2","heritage:operator":"nid","historic":"city_gate","name":"Brama Żuraw","name:be":"Брама Журав","name:de":"Krantor","name:es":"Grúa de Gdansk","name:fr":"Grue","name:pl":"Brama Żuraw","name:ru":"Ворота-Кран (Журав)","ref:ckkp":"PM00844","ref:nid":"71 z 18.12.1959","source":"Bing","source:addr":"Urząd Miasta Gdańsk","tourism":"attraction","wikidata":"Q253930","wikipedia":"pl:Brama Żuraw w Gdańsku"}},
{"type":"Feature","geometry":{"type":"LineString","coordinates":[[18.6534427,54.3486644],[18.6536118,54.3486232],[18.6537016,54.3487684],[18.6537126,54.3487845],[18.6535413,54.3488168],[18.6534427,54.3486644]]},"properties":{"addr:city":"Gdańsk","addr:country":"PL","addr:housename":"Sień Gdańska","addr:housenumber":"43","addr:postcode":"80-830","addr:street":"Długi Targ","alt_name":"Nowy Dom Ławy","building":"yes","heritage":"2","heritage:operator":"nid","heritage:website":"https://zabytek.pl/pl/obiekty/g-264924","name":"Sień Gdańska","ref:nid":"A-415","source:addr":"Urząd Miasta Gdańsk","source:geometry":"gis.gdansk.pl","tourism":"attraction","wheelchair":"no"}},
{"type":"Feature","geometry":{"type":"LineString","coordinates":[[18.6539198,54.3487325],[18.6537962,54.3487599],[18.6537889,54.3487507],[18.653696,54.3486019],[18.6538104,54.3485754],[18.6539198,54.3487325]]},"properties":{"addr:city":"Gdańsk","addr:country":"PL","addr:housenumber":"41/42","addr:postcode":"80-830","addr:street":"Długi Targ","alt_name":"Dom Steffensów","building":"yes","building:architecture":"renaissance","heritage":"2","heritage:operator":"nid","heritage:website":"https://zabytek.pl/pl/obiekty/gdansk-dom-steffensow-tzw-zlota-kamienica","name":"Złota Kamienica","name:es":"Casa Dorada","name:ru":"Золотой дом","ref:ckkp":"PM00966","ref:nid":"32","source":"Bing","source:addr":"Urząd Miasta Gdańsk","source:geometry":"gis.gdansk.pl","tourism":"attraction","wheelchair":"no","wikidata":"Q2309434","wikipedia":"pl:Dom Steffensów w Gdańsku"}},
{"type":"Feature","geometry":{"type":"LineString","coordinates":[[18.6534996,54.3502711],[18.6535889,54.3502626],[18.653609,54.3502604],[18.6536548,54.350256],[18.6537636,54.3502455],[18.653801,54.3502419],[18.6538858,54.3502336],[18.6539303,54.3503375],[18.6538374,54.3503469],[18.6536308,54.3503672],[18.6535468,54.3503743],[18.6534996,54.3502711]]},"properties":{"addr:city":"Gdańsk","addr:city:simc":"0933016","addr:country":"PL","addr:housenumber":"58","addr:postcode":"80-834","addr:street":"Świętego Ducha","addr:street:sym_ul":"04346","amenity":"place_of_worship","architect":"Tylman van Gameren, Barthel Ranisch, Andreas Schlüter","architect:wikidata":"Q1348665;Q9166059;Q500465","building":"church","building:architecture":"baroque","church:id":"12444","church:type":"filial","deanery":"Dekanat Gdańsk Śródmieście","denomination":"roman_catholic","diocese":"Archidiecezja gdańska","heritage":"2","heritage:operator":"nid","heritage:website":"https://zabytek.pl/pl/obiekty/gdansk-kaplica-krolewska","historic":"building","name":"Kaplica Królewska","name:be":"Каралеўская капліца","name:de":"königliche Kapelle","name:es":"Capilla Real","parish":"Parafia Wniebowzięcia Najświętszej Maryi Panny w Gdańsku","parish:wikidata":"Q11806330","parish:wikipedia":"pl:Parafia Wniebowzięcia Najświętszej Maryi Panny w Gdańsku","ref:nid":"292 z 24.02.1967","religion":"christian","source:addr":"Urząd Miasta Gdańsk","tourism":"attraction","wikidata":"Q1796127","wikimedia_commons":"File:Capilla_Real,_Gdansk,_Polonia,_2013-05-20,_DD_01.jpg","wikipedia":"pl:Kaplica Królewska w Gdańsku"}},
{"type":"Feature","geometry":{"type":"LineString","coordinates":[[18.569332,54.4213771],[18.5694465,54.4210279],[18.5695597,54.4210404],[18.5694466,54.4213885],[18.569332,54.4213771]]},"properties":{"addr:city":"Gdańsk","addr:country":"PL","addr:housenumber":"37","addr:postcode":"80-354","addr:street":"Subisława","building":"yes","building:levels":"1","email":"body-club@wp.pl","leisure":"sports_centre","name":"Body Club","opening_hours":"Mo-Fr 09:00-21:00; Sa 10:00-14:00","phone":"601 088 529","source:addr":"Urząd Miasta Gdańsk","sport":"fitness;weightlifting;tennis;table_tennis","website":"https://www.bodyclub.com.pl"}},
{"type":"Feature","geometry":{"type":"LineString","coordinates":[[18.5553801,54.4078756],[18.5555745,54.407904],[18.5556793,54.4076614],[18.5556941,54.4076636],[18.5557204,54.4076041],[18.5554942,54.4075712],[18.5554693,54.4076303],[18.5554842,54.4076325],[18.5553801,54.4078756]]},"properties":{"addr:city":"Gdańsk","addr:country":"PL","addr:housenumber":"25","addr:postcode":"80-322","addr:street":"Alfa Liczmańskiego","building":"school","building:levels":"2","leisure":"sports_centre","name":"Sala gimnastyczna V Liceum Ogólnokształcącego","operator":"V Liceum Ogólnokształcące im. Stefana Żeromskiego","phone":"58 552 04 51","source":"www.geoportal.gov.pl","source:addr":"Urząd Miasta Gdańsk","sport":"multi; basketball; volleyball","website":"https://www.vlo.gda.pl/o-szkole/"}},
{"type":"Feature","geometry":{"type":"LineString","coordinates":[[18.6050905,54.4026091],[18.6050438,54.402374],[18.6058085,54.4023225],[18.6058552,54.4025576],[18.6050905,54.4026091]]},"properties":{"leisure":"stadium","sport":"soccer"}},
{"type":"Feature","geometry":{"type":"LineString","coordinates":[[18.6461938,54.3415941],[18.6465692,54.3415617],[18.646697,54.3420665],[18.6464715,54.342086],[18.6463218,54.3420988],[18.6462823,54.3419431],[18.6462347,54.3417552],[18.6461938,54.3415941]]},"properties":{"addr:city":"Gdańsk","addr:country":"PL","addr:housenumber":"15","addr:postcode":"80-821","addr:street":"Plac Wałowy","building":"yes","heritage":"2","heritage:operator":"nid","historic":"building","name":"Mała Zbrojownia","name:de":"Neues Zeughaus","name:pl":"Mała Zbrojownia","ref:nid":"A-307 z 24.02.1967","source:addr":"Urząd Miasta Gdańsk","tourism":"attraction"}},
{"type":"Feature","geometry":{"type":"LineString","coordinates":[[18.6581906,54.3417767],[18.6581569,54.3417609],[18.6581448,54.3417597],[18.6581293,54.3417522],[18.6581254,54.3417458],[18.658092,54.34173],[18.6580802,54.3417292],[18.658064,54.3417214],[18.65806,54.341715],[18.6580266,54.3416991],[18.6580146,54.3416981],[18.6579975,54.3416899],[18.6579945,54.3416839],[18.6579614,54.3416683],[18.6579492,54.3416671],[18.657933,54.3416595],[18.6579295,54.3416532],[18.6578963,54.3416374],[18.657884,54.3416362],[18.6578389,54.3416149],[18.6578705,54.3415915],[18.6578815,54.3415893],[18.6579072,54.3415705],[18.6579079,54.3415641],[18.6579789,54.3415118],[18.6580902,54.3415644],[18.6580957,54.3415714],[18.6581285,54.341587],[18.6581407,54.3415882],[18.6581559,54.3415952],[18.6581608,54.3416022],[18.6581951,54.3416184],[18.6582071,54.3416195],[18.6582223,54.3416267],[18.6582264,54.3416331],[18.6582595,54.3416489],[18.658271,54.3416495],[18.6582864,54.341657],[18.6582896,54.341663],[18.6583252,54.3416798],[18.6583364,54.3416804],[18.6584055,54.3417132],[18.6583686,54.3417397],[18.6583574,54.3417421],[18.6583416,54.3417532],[18.6583402,54.3417601],[18.6583296,54.3417675],[18.6583185,54.3417699],[18.6583026,54.3417813],[18.6583009,54.3417882],[18.6582633,54.3418153],[18.6581943,54.3417831],[18.6581906,54.3417767]]},"properties":{"addr:city":"Gdańsk","addr:country":"PL","addr:housenumber":"1","addr:postcode":"80-767","addr:street":"Jaskółcza","amenity":"arts_centre","building":"yes","name":"Centrum Sztuki Współczesnej \"Łaźnia\"","source:addr":"Urząd Miasta Gdańsk","website":"https://www.laznia.pl/"}},
{"type":"Feature","geometry":{"type":"LineString","coordinates":[[18.6097874,54.3245992],[18.609994,54.3243971],[18.6104142,54.324544],[18.610317,54.3246391],[18.6100624,54.3245501],[18.609953,54.324657],[18.6097874,54.3245992]]},"properties":{"addr:city":"Gdańsk","addr:country":"PL","addr:housenumber":"15","addr:postcode":"80-041","addr:street":"Kurierów Armii Krajowej","building":"yes","leisure":"sports_centre","source:addr":"Urząd Miasta Gdańsk"}},
{"type":"Feature","geometry":{"type":"LineString","coordinates":[[18.5450722,54.4077546],[18.5452704,54.4077944],[18.5452963,54.4077521],[18.545258,54.4077441],[18.5453149,54.4076534],[18.5453867,54.4076691],[18.5454142,54.407627],[18.5453716,54.4076177],[18.5453505,54.407613],[18.5453635,54.4075925],[18.5452695,54.4075721],[18.545266,54.4075774],[18.5452726,54.4075788],[18.5452629,54.4075939],[18.5452563,54.4075925],[18.5451843,54.4075767],[18.5451175,54.4076794],[18.5451019,54.4077018],[18.5450722,54.4077546]]},"properties":{"addr:city":"Gdańsk","addr:country":"PL","addr:housename":"Zameczek Mormonów","addr:housenumber":"23","addr:postcode":"80-330","addr:street":"Kwietna","building":"apartments","building:levels":"2","historic":"yes","source":"www.geoportal.gov.pl","source:addr":"Urząd Miasta Gdańsk","tourism":"attraction"}},
{"type":"Feature","geometry":{"type":"LineString","coordinates":[[18.6395038,54.3907466],[18.6393277,54.3906518],[18.6392253,54.3905495],[18.6391201,54.3904151],[18.6390598,54.3903161],[18.6390166,54.390233],[18.6389633,54.3901127],[18.6389214,54.3899973],[18.6388927,54.3898747],[18.6388964,54.3897389],[18.638914,54.3895972],[18.6389718,54.3894447],[18.6390316,54.3893553],[18.6391562,54.389236],[18.6393185,54.3891393],[18.6395303,54.3890562],[18.6397448,54.3889959],[18.6399822,54.3889571],[18.6402507,54.3889317],[18.6405003,54.3889271],[18.6407685,54.3889545],[18.6409676,54.3889925],[18.6411235,54.3890452],[18.6413116,54.3891259],[18.6414793,54.3892229],[18.6416226,54.3893347],[18.6417428,54.3894697],[18.6418107,54.3896025],[18.6418551,54.3897098],[18.641881,54.3898207],[18.641904,54.3899638],[18.6419004,54.3900861],[18.6418955,54.390206],[18.6418449,54.3903178],[18.6417838,54.3904194],[18.6416988,54.3905172],[18.6415842,54.390615],[18.6414783,54.3906857],[18.6413395,54.390751],[18.6411793,54.3908018],[18.6409846,54.3908519],[18.6408128,54.3908808],[18.6406333,54.390902],[18.6404313,54.3909172],[18.6402538,54.3909173],[18.6400537,54.3909068],[18.6398506,54.3908705],[18.639686,54.3908239],[18.6395038,54.3907466]]},"properties":{"alt_name":"Baltic Arena","capacity":"41620","email":"office@arenagdansk.com","leisure":"stadium","name":"Polsat Plus Arena Gdańsk","old_name:pl:2010-2015":"PGE Arena Gdańsk","old_name:pl:2015-2020":"Stadion Energa Gdańsk","operator":"Arena Gdańsk Operator","phone":"+48 58 76 88 422","sport":"soccer","start_date":"2011-08-14","website":"https://polsatplusarenagdansk.pl/","wheelchair":"yes","wikidata":"Q182385","wikipedia":"pl:Stadion w Gdańsku"}},
{"type":"Feature","geometry":{"type":"LineString","coordinates":[[18.5805856,54.4270773],[18.580482,54.4270779],[18.5803789,54.4270718],[18.5802776,54.4270592],[18.5801793,54.4270402],[18.5800851,54.427015],[18.5799961,54.4269839],[18.5799136,54.4269473],[18.5798384,54.4269056],[18.5797716,54.4268593],[18.579714,54.4268091],[18.5796663,54.4267554],[18.579629,54.426699],[18.5796026,54.4266406],[18.5795874,54.4265809],[18.5795836,54.4265205],[18.5795913,54.4264602],[18.5796103,54.4264009],[18.5796405,54.4263431],[18.5796799,54.4262893],[18.5797289,54.4262384],[18.5797869,54.4261907],[18.5798534,54.426147],[18.5799274,54.4261076],[18.5800083,54.426073],[18.580095,54.4260436],[18.5801866,54.4260197],[18.5802821,54.4260017],[18.5803803,54.4259897],[18.5804802,54.4259838],[18.5805805,54.4259841],[18.5806803,54.4259907],[18.5807782,54.4260034],[18.5808733,54.4260221],[18.5809644,54.4260466],[18.5810448,54.4260743],[18.5811201,54.4261066],[18.5811895,54.426143],[18.5812523,54.4261833],[18.5813079,54.4262269],[18.5813559,54.4262736],[18.5813956,54.4263228],[18.5814268,54.4263741],[18.5814491,54.4264269],[18.5814622,54.4264807],[18.5814661,54.4265351],[18.5814608,54.4265894],[18.5814462,54.4266431],[18.5814225,54.4266957],[18.58139,54.4267466],[18.5813439,54.4268006],[18.581288,54.4268514],[18.5812228,54.4268982],[18.5811492,54.4269406],[18.581068,54.426978],[18.5809803,54.4270101],[18.580887,54.4270363],[18.5807893,54.4270564],[18.5806884,54.4270701],[18.5805856,54.4270773]]},"properties":{"addr:city":"Sopot","addr:country":"PL","addr:housenumber":"1","addr:postcode":"81-731","addr:street":"Plac Dwóch Miast","building":"stadium","height":"30.73","leisure":"stadium","name":"Ergo Arena","note":"przesunięte względem ortofotomapy gis.gdansk.pl","source:geometry":"gis.gdansk.pl","wheelchair":"yes","wikidata":"Q1247814","wikipedia":"pl:Ergo Arena"}},
{"type":"Feature","geometry":{"type":"LineString","coordinates":[[18.561323,54.4385017],[18.5613231,54.4384661],[18.5613196,54.4383536],[18.5612268,54.4383532],[18.561229,54.4383373],[18.5612166,54.4383365],[18.5612174,54.4383291],[18.5613923,54.438333],[18.5613917,54.4383526],[18.5617368,54.438346],[18.5617378,54.438352],[18.561791500000003,54.4383509],[18.5617921,54.4383929],[18.5618363,54.4384713],[18.5617451,54.4384878],[18.5617454,54.438492],[18.561323,54.4385017]]},"properties":{"addr:city":"Sopot","addr:country":"PL","addr:housenumber":"747B","addr:street":"Aleja Niepodległości","building":"yes","leisure":"sports_centre"}},
{"type":"Feature","geometry":{"type":"LineString","coordinates":[[18.5616462,54.4498576],[18.5616671,54.4498263],[18.5615866,54.4498081],[18.561633,54.4497392],[18.5617112,54.4497573],[18.561882,54.4494988],[18.5623247,54.4495987],[18.5621556,54.4498566],[18.562151,54.4498562],[18.5620852,54.4499559],[18.5616462,54.4498576]]},"properties":{"addr:city":"Sopot","addr:country":"PL","addr:housenumber":"57","addr:postcode":"81-715","addr:street":"Jana Jerzego Haffnera","building":"yes","leisure":"sports_centre","sport":"swimming"}},
{"type":"Feature","geometry":{"type":"LineString","coordinates":[[18.6581201,54.3534285],[18.6581021,54.3534358],[18.6580788,54.3534418],[18.6580572,54.3534432],[18.6580271,54.3534403],[18.6580109,54.3534309],[18.6579968,54.3534192],[18.6579914,54.3534074],[18.6580202,54.3533796],[18.6580399,54.3533606],[18.6580676,54.3533594],[18.6580894,54.3533629],[18.6580898,54.3533609],[18.6581017,54.3533603],[18.6581024,54.3533676],[18.6581201,54.353377],[18.6581312,54.3533892],[18.6581358,54.3534061],[18.6581259,54.3534242],[18.6581201,54.3534285]]},"properties":{"building":"yes","building:material":"brick","height":"14.5","heritage":"2","heritage:operator":"nid","historic":"fortification","man_made":"tower","name":"Baszta Łabędź","name:pl":"Baszta Łabędź","ref:nid":"320 z 27.02.1967","roof:material":"roof_tiles","roof:shape":"pyramidal","tourism":"attraction","tower:type":"defensive","wikidata":"Q2253051","wikipedia":"pl:Baszta Łabędź"}},
{"type":"Feature","geometry":{"type":"LineString","coordinates":[[18.6477621,54.3632411],[18.6478425,54.3630395],[18.6482787,54.3630976],[18.648333,54.3631049],[18.6482707,54.3632635],[18.6481153,54.3632428],[18.6480978,54.3632874],[18.6477621,54.3632411]]},"properties":{"addr:city":"Gdańsk","addr:city:simc":"0933016","addr:housenumber":"14","addr:postcode":"80-863","addr:street":"Stefana Jaracza","amenity":"arts_centre","building":"yes","name":"NOMUS","ref":"145B","ref:ckkp":"PM00907","source:addr":"gugik.gov.pl","start_date":"2021","tourism":"museum","website":"https://nomus.gda.pl/pl/","wikidata":"Q111830692","wikipedia":"pl:Nomus – Nowe Muzeum Sztuki"}},
{"type":"Feature","geometry":{"type":"LineString","coordinates":[[18.662002,54.3607041],[18.662073,54.3606452],[18.6620868,54.3606508],[18.6621523,54.3605966],[18.6621354,54.3605897],[18.6622051,54.3605319],[18.6618658,54.3603929],[18.6618675,54.3603915],[18.6617936,54.3603613],[18.6617261,54.3604172],[18.6617076,54.3604097],[18.6616417,54.3604643],[18.6616599,54.3604718],[18.661586,54.360533],[18.6616593,54.360563],[18.6616624,54.3605604],[18.6619297,54.3606699],[18.6619261,54.360673],[18.662002,54.3607041]]},"properties":{"addr:city":"Gdańsk","addr:postcode":"80-864","addr:street":"Księdza Jerzego Popiełuszki","amenity":"arts_centre","building":"yes","heritage":"2","heritage:operator":"nid","historic":"industrial","name":"Mleczny Piotr","name:de":"Milchpeter","name:nid":"magazyn mebli","note":"magazyn mebli","operator":"WL4 Przestrzeń Sztuki","ref:nid":"A-1936 (9)","start_date":"1919","tourism":"attraction"}},
{"type":"Feature","geometry":{"type":"LineString","coordinates":[[18.560421,54.442307],[18.560405,54.442362],[18.560131,54.442334],[18.560157,54.442248],[18.5604306,54.4422754],[18.560426,54.442292],[18.560673,54.44232],[18.560668,54.442335],[18.56077,54.442347],[18.560758,54.442399],[18.560464,54.442368],[18.56048,54.442314],[18.560421,54.442307]]},"properties":{"addr:city":"Sopot","addr:country":"PL","addr:housename":"Dwór Hiszpański","addr:housenumber":"781","addr:street":"Aleja Niepodległości","building":"office","source:building":"EGiB","tourism":"attraction","wikidata":"Q16541741","wikipedia":"pl:Dwór Hiszpański w Sopocie"}},
{"type":"Feature","geometry":{"type":"LineString","coordinates":[[18.6485696,54.3505697],[18.6485387,54.3505302],[18.6485632,54.3504893],[18.6486303,54.3504695],[18.6487009,54.3504849],[18.6487329,54.3505251],[18.6487058,54.3505652],[18.6486391,54.3505843],[18.6485696,54.3505697]]},"properties":{"building":"yes","height":"20","heritage":"2","heritage:operator":"nid","historic":"fortification","man_made":"tower","material":"brick","name":"Baszta Słomiana","name:be":"Саламяная Вежа","name:de":"Strohturm","name:pl":"Baszta Słomiana","note":"przesunięte względem ortofotomapy gis.gdansk.pl","ref:nid":"303 z 24.02.1967","roof:colour":"#ff9586","roof:height":"6","roof:shape":"pyramidal","source:geometry":"gis.gdansk.pl","tourism":"attraction","tower:type":"defensive","wikidata":"Q9166834","wikipedia":"pl:Baszta Słomiana"}},
{"type":"Feature","geometry":{"type":"LineString","coordinates":[[18.6551172,54.3386437],[18.655306,54.3382249],[18.6552398,54.3381606],[18.6546847,54.3377671],[18.6543252,54.3375501],[18.6542338,54.3375281],[18.6541234,54.3375483],[18.6536882,54.3378223],[18.6531962,54.338133],[18.6530984,54.3382249],[18.6531363,54.3383959],[18.6532277,54.3386055],[18.6532814,54.3387121],[18.6534926,54.3386874],[18.6541333,54.3386445],[18.654345,54.3386484],[18.6545032,54.3386513],[18.6547419,54.3386823],[18.6548368,54.3386866],[18.6549444,54.3386819],[18.6549872,54.3386744],[18.6551172,54.3386437]]},"properties":{"defensive_works":"bastion","historic":"bastion","name":"Bastion Wilk","name:de":"Bastion Wolf","name:pl":"Bastion Wilk","tourism":"attraction"}},
{"type":"Feature","geometry":{"type":"LineString","coordinates":[[18.6571868,54.339097],[18.657306,54.3391104],[18.657388,54.3390865],[18.6574132,54.3390663],[18.6583934,54.3391537],[18.6590147,54.3392331],[18.659085,54.3392144],[18.6595073,54.3392446],[18.6596208,54.3392336],[18.6596492,54.3390424],[18.6596523,54.3389891],[18.6594032,54.3386306],[18.6591951,54.3383658],[18.6590468,54.3381728],[18.6589585,54.338136],[18.6588292,54.3381746],[18.6586936,54.3382279],[18.6581607,54.3383732],[18.6579588,54.3384357],[18.6575804,54.3385313],[18.6574984,54.3385681],[18.6573754,54.3387648],[18.6572341,54.3389982],[18.6571868,54.339097]]},"properties":{"defensive_works":"bastion","historic":"bastion","name":"Bastion Wyskok","name:de":"Bastion Aussprung","name:pl":"Bastion Wyskok","tourism":"attraction"}},
{"type":"Feature","geometry":{"type":"LineString","coordinates":[[18.6463761,54.3402959],[18.6464568,54.3403657],[18.6464866,54.3403915],[18.6461408,54.3405206],[18.6460923,54.3405387],[18.6461328,54.3405768],[18.6461961,54.3406382],[18.6463061,54.3407382],[18.6461613,54.3407974],[18.6460879,54.3408795],[18.6460733,54.3409256],[18.6460376,54.3409222],[18.6459788,54.3409336],[18.6459253,54.3409571],[18.645933,54.3409658],[18.6456009,54.3410922],[18.6454583,54.3410358],[18.6453216,54.3410486],[18.6449086,54.3410884],[18.6447043,54.3410399],[18.6446163,54.3410094],[18.6445244,54.3409214],[18.6441206,54.3403859],[18.6460566,54.3399981],[18.646323,54.340251],[18.6463761,54.3402959]]},"properties":{"defensive_works":"bastion","historic":"bastion","name":"Bastion św. Gertrudy","name:de":"Bastion Gertrud","name:pl":"Bastion św. Gertrudy","tourism":"attraction","wikidata":"Q16485461","wikipedia":"pl:Bastion św. Gertrudy"}},
{"type":"Feature","geometry":{"type":"LineString","coordinates":[[18.6479528,54.3390207],[18.6479165,54.3390767],[18.6481585,54.339181],[18.6483572,54.3392512],[18.6486497,54.3393471],[18.6488107,54.3393748],[18.6489968,54.3393972],[18.6492937,54.3394173],[18.6496171,54.3394035],[18.6499023,54.3393655],[18.6502493,54.3392847],[18.6506272,54.3391685],[18.6515271,54.3389042],[18.6514713,54.3387633],[18.6506184,54.3388856],[18.6505787,54.3387813],[18.650491,54.338553],[18.6503161,54.338512],[18.6497719,54.3383849],[18.6491955,54.3382504],[18.6485605,54.338102],[18.6479528,54.3390207]]},"properties":{"defensive_works":"bastion","historic":"bastion","name":"Bastion Żubr","name:de":"Bastion Maidloch","name:pl":"Bastion Żubr","tourism":"attraction","wikidata":"Q9166719","wikipedia":"pl:Bastion Żubr"}},
{"type":"Feature","geometry":{"type":"LineString","coordinates":[[18.6475278,54.3400904],[18.6475894,54.340147],[18.6476815,54.3401128],[18.6477982,54.3402199],[18.6477084,54.3402532],[18.6476315,54.3401826],[18.6475817,54.3402011],[18.6475113,54.3402271],[18.6475908,54.3403001],[18.6475004,54.3403336],[18.647407,54.3402479],[18.6474956,54.3402151],[18.6474077,54.3401345],[18.6473657,54.3401501],[18.6473228,54.3401107],[18.6472588,54.3401344],[18.6472496,54.3401259],[18.6472319,54.3401097],[18.6473064,54.340082],[18.6473001,54.3400763],[18.6473194,54.3400691],[18.6473936,54.3400416],[18.6474811,54.3400093],[18.6474921,54.3400194],[18.647559,54.3399946],[18.6475764,54.3400106],[18.6475521,54.3400196],[18.6476001,54.3400637],[18.6475278,54.3400904]]},"properties":{"building":"yes","flood_date":"1829-04-11","heritage":"2","heritage:operator":"nid","historic":"city_gate","location":"on the wall","name":"Brama Nizinna","name:de":"Niedertor","name:pl":"Brama Nizinna","old_name:de":"Leege Tor","ref:nid":"A-453 z 27.02.1967","source":"http://www.wielkawoda.umk.pl/index.html","tourism":"attraction","wikidata":"Q1988692","wikipedia":"pl:Brama Nizinna w Gdańsku"}},
{"type":"Feature","geometry":{"type":"LineString","coordinates":[[18.6337905,54.3735593],[18.633826,54.3734642],[18.6338919,54.3733837],[18.6338386,54.3733604],[18.6339644,54.373263],[18.6340183,54.3732867],[18.6341547,54.3731877],[18.6344581,54.3730444],[18.6345367,54.3730037],[18.6350117,54.3729982],[18.6350141,54.3730672],[18.6351031,54.3730728],[18.6352952,54.3731356],[18.6354379,54.3732021],[18.6355263,54.3732624],[18.6356191,54.3733369],[18.6356785,54.3734221],[18.6357279,54.3735142],[18.6357585,54.3743702],[18.6357313,54.3745298],[18.6356197,54.3746478],[18.6354689,54.3747591],[18.6353542,54.3748189],[18.6352241,54.3748665],[18.6350338,54.3749014],[18.6348375,54.3749213],[18.6346291,54.3749125],[18.6344243,54.3748879],[18.6342638,54.3748467],[18.6341263,54.3747859],[18.6340584,54.374744],[18.6340178,54.3747189],[18.6339293,54.3746392],[18.6338797,54.3745601],[18.6338345,54.3744708],[18.6338172,54.3743745],[18.633805,54.3740504],[18.6337905,54.3735593]]},"properties":{"leisure":"stadium"}},
{"type":"Feature","geometry":{"type":"LineString","coordinates":[[18.5569607,54.4118986],[18.5570362,54.411801],[18.5568231,54.4117407],[18.5566302,54.4116862],[18.5566154,54.4117054],[18.5565803,54.4116962],[18.5565752,54.411703],[18.5565611,54.4117208],[18.5565561,54.4117276],[18.5565735,54.4117321],[18.5565896,54.4117363],[18.5565482,54.4117897],[18.5568904,54.41188],[18.5569607,54.4118986]]},"properties":{"amenity":"place_of_worship","building":"church","church:type":"filial","deanery":"Dekanat Gdańsk Oliwa","denomination":"roman_catholic","diocese":"Archidiecezja Gdańska","heritage":"2","heritage:operator":"nid","historic":"yes","name":"Kościół pw. Świętego Jakuba","parish":"Parafia pw. Trójcy Świętej","ref:nid":"276","religion":"christian","source":"www.geoportal.gov.pl","tourism":"attraction","website":"https://www.archikatedraoliwa.pl/zabytki-4157/kosciol-sw-jakuba-4227","wikidata":"Q10982578","wikipedia":"pl:Kościół św. Jakuba w Oliwie"}},
{"type":"Feature","geometry":{"type":"LineString","coordinates":[[18.5628395,54.4106976],[18.5623681,54.410718],[18.5623688,54.4107249],[18.5623308,54.4107046],[18.5622832,54.4106959],[18.5622313,54.4106979],[18.5621866,54.4107111],[18.5621529,54.4107339],[18.5621375,54.4107623],[18.5621411,54.4107906],[18.5621642,54.410818],[18.5621829,54.4108273],[18.5622017,54.4108367],[18.5622503,54.4108464],[18.5623023,54.4108442],[18.5623472,54.4108308],[18.5623785,54.4108087],[18.5623795,54.4108143],[18.562849,54.4107959],[18.5628467,54.4107722],[18.5628395,54.4106976]]},"properties":{"addr:city":"Gdańsk","addr:housenumber":"12C","addr:postcode":"80-320","addr:street":"Opata Jacka Rybińskiego","building":"greenhouse","building:levels":"2","building:material":"glass","historic":"yes","name":"Palmiarnia","opening_hours":"Tu-Su 10:00-18:00","source":"www.geoportal.gov.pl","source:addr":"Urząd Miasta Gdańsk","tourism":"attraction"}},
{"type":"Feature","geometry":{"type":"LineString","coordinates":[[18.5631625,54.4173234],[18.5634,54.4172876],[18.5634072,54.417303],[18.5634667,54.4172935],[18.5634724,54.4173049],[18.5636822,54.4172731],[18.5636944,54.417301],[18.5637941,54.4172861],[18.5638017,54.417299],[18.5638258,54.4172947],[18.5638831,54.4173141],[18.563968,54.4173014],[18.5639567,54.4172755],[18.5639748,54.4172727],[18.5639637,54.4172474],[18.5639492,54.4172142],[18.5639276,54.4172174],[18.5639073,54.4171713],[18.5639664,54.4171623],[18.5639404,54.4171044],[18.5639177,54.4171078],[18.5636909,54.416597],[18.5636474,54.4166041],[18.563654,54.4166184],[18.5634538,54.4166492],[18.563465,54.4166755],[18.5631261,54.4167276],[18.5631194,54.4167117],[18.5630198,54.4167268],[18.5630068,54.4166974],[18.562938,54.4167082],[18.5629493,54.4167294],[18.5628611,54.4167431],[18.5630823,54.4172388],[18.5631087,54.4172347],[18.5631213,54.4172558],[18.5631309,54.4172545],[18.5631625,54.4173234]]},"properties":{"building":"yes","building:levels":"1","leisure":"sports_centre","name":"Hala Widowiskowo-Sportowa AWFiS","source":"www.geoportal.gov.pl"}},
{"type":"Feature","geometry":{"type":"LineString","coordinates":[[18.5632898,54.41917],[18.5632186,54.4190033],[18.5627536,54.4179352],[18.5627076,54.4178274],[18.5627961,54.4178156],[18.5628243,54.4177563],[18.5628605,54.417715],[18.5629101,54.4176619],[18.5629758,54.417612],[18.5630456,54.4175722],[18.5631341,54.4175456],[18.5632253,54.41753],[18.5634425,54.417516],[18.5636571,54.4175472],[18.5638341,54.4176221],[18.563928,54.417683],[18.5639921,54.4177815],[18.5643178,54.4185723],[18.5643116,54.4186959],[18.5642338,54.4187989],[18.5641533,54.4188629],[18.5640138,54.4189331],[18.5638797,54.4189627],[18.563924,54.4190743],[18.5632898,54.41917]]},"properties":{"leisure":"stadium","sport":"athletics"}},
{"type":"Feature","geometry":{"type":"LineString","coordinates":[[18.635756400000003,54.320304899999999],[18.6346711,54.3202791],[18.6339577,54.3202622],[18.6334747,54.3202512],[18.6333992,54.3202489],[18.6330378,54.3191138],[18.633565,54.3191274],[18.6351391,54.3191679],[18.6356134,54.3192556],[18.6356845,54.3192587],[18.6360847,54.3192734],[18.6360798,54.3193955],[18.6360565,54.3197424],[18.6360547,54.3197586],[18.6360535,54.3197696],[18.6357207,54.3197606],[18.6356885,54.3202183],[18.6357617,54.32022],[18.6357588,54.3202604],[18.635756400000003,54.320304899999999]]},"properties":{"leisure":"sports_centre"}},
{"type":"Feature","geometry":{"type":"LineString","coordinates":[[18.6565642,54.3516885],[18.6565662,54.3516996],[18.6565564,54.3517009],[18.6565522,54.3517068],[18.6564869,54.3517156],[18.6564919,54.3517114],[18.6564755,54.3517027],[18.6564668,54.3517086],[18.6564538,54.3517175],[18.6564257,54.3517208],[18.6564179,54.3517266],[18.6563496,54.3517335],[18.656342,54.3517291],[18.6563124,54.3517319],[18.6562823,54.3517229],[18.6562663,54.3517244],[18.6562685,54.3517305],[18.6562734,54.35173],[18.6562708,54.3517333],[18.6562999,54.351743],[18.6563193,54.3517886],[18.6562116,54.3517971],[18.656206,54.3517802],[18.6561856,54.3517828],[18.6561912,54.3517993],[18.6561786,54.3518009],[18.6561726,54.3518079],[18.6561284,54.3518131],[18.6561181,54.3518088],[18.6561076,54.3518103],[18.656102,54.3517937],[18.6560812,54.351796],[18.6560872,54.3518129],[18.6560071,54.3518232],[18.6560009,54.3518058],[18.6559799,54.351808],[18.6559863,54.3518257],[18.6559014,54.3518368],[18.6558953,54.3518215],[18.6558749,54.3518237],[18.6558812,54.351839],[18.6558568,54.3518417],[18.655861,54.3518543],[18.655886,54.3518514],[18.6559054,54.3519048],[18.6557723,54.3519206],[18.655813,54.352032],[18.655874,54.3520237],[18.655878,54.3520166],[18.6559034,54.3520132],[18.6559278,54.3520709],[18.6559397,54.3520692],[18.6559425,54.3520766],[18.6559687,54.3520729],[18.6559749,54.3520903],[18.6559965,54.3520876],[18.6559905,54.35207],[18.6560611,54.352061],[18.656068,54.3520786],[18.6560883,54.3520756],[18.6560816,54.3520582],[18.6561552,54.352049],[18.6561618,54.3520663],[18.6561826,54.3520634],[18.6561761,54.3520463],[18.6561866,54.3520449],[18.656192,54.35204],[18.6562362,54.3520343],[18.6562441,54.3520377],[18.656254,54.3520365],[18.6562608,54.352054],[18.6562811,54.3520515],[18.656274,54.3520338],[18.6563793,54.3520203],[18.6563954,54.3520674],[18.6563768,54.3520816],[18.6563932,54.3520897],[18.6564171,54.3520717],[18.6564371,54.352069],[18.6564439,54.3520632],[18.6565097,54.3520554],[18.6565194,54.352059],[18.6565743,54.3520527],[18.6566035,54.3520617],[18.6566843,54.3520506],[18.6567049,54.352036],[18.6567695,54.3520278],[18.6567742,54.352042],[18.656792,54.3520393],[18.6567875,54.3520255],[18.6568729,54.3520154],[18.6568896,54.3520211],[18.6568988,54.352013],[18.6568839,54.3520078],[18.6568662,54.3519582],[18.6569125,54.351952],[18.6569072,54.351939],[18.6568791,54.3519424],[18.6568631,54.3519013],[18.656889,54.3518974],[18.6568825,54.3518821],[18.6568871,54.3518813],[18.6568802,54.3518655],[18.6568509,54.3518698],[18.6568275,54.351807],[18.6568564,54.3518029],[18.6568502,54.351788],[18.6568448,54.3517887],[18.6568387,54.3517744],[18.6568161,54.3517776],[18.6567999,54.3517347],[18.6568268,54.3517308],[18.6568221,54.3517183],[18.656795,54.3517221],[18.6567875,54.3517097],[18.6567783,54.351713],[18.6567579,54.3516615],[18.6566627,54.3516749],[18.6565642,54.3516885]]},"properties":{"addr:city":"Gdańsk","addr:city:simc":"0933016","addr:country":"PL","addr:housenumber":"51","addr:postcode":"80-840","addr:street":"Świętojańska","addr:street:sym_ul":"22548","amenity":"place_of_worship","building":"church","check_date":"2024-11-05","church:id":"19553","church:type":"rectoral","deanery":"Dekanat Gdańsk Śródmieście","denomination":"roman_catholic","diocese":"Archidiecezja gdańska","heritage":"2","heritage:operator":"nid","historic":"building","mobile":"694480609","name":"Kościół pw. Świętego Jana","name:be":"Касцёл Святога Яна","name:de":"Johanniskirche","name:pl":"Kościół pw. Świętego Jana","opening_hours":"10:00-18:00","parish":"Parafia św. Mikołaja w Gdańsku","parish:wikidata":"Q10975142","parish:wikipedia":"pl:Parafia św. Mikołaja w Gdańsku (rzymskokatolicka)","ref:nid":"317 z 27.02.1967","religion":"christian","source:geometry":"gis.gdansk.pl","tourism":"attraction","wikidata":"Q1669899","wikipedia":"pl:Kościół św. Jana w Gdańsku"}},
{"type":"Feature","geometry":{"type":"LineString","coordinates":[[18.6479867,54.34975],[18.6480056,54.3497456],[18.6480781,54.3497285],[18.6481211,54.3497183],[18.6481399,54.3497138],[18.6481329,54.3497039],[18.6481141,54.3497084],[18.6481008,54.3496895],[18.64812,54.3496849],[18.6481124,54.3496742],[18.6480932,54.3496788],[18.6480812,54.3496613],[18.6480668,54.3496411],[18.6480864,54.3496365],[18.6480789,54.3496258],[18.6480592,54.3496305],[18.6480458,54.3496116],[18.6480643,54.3496072],[18.6480568,54.3495965],[18.6480383,54.3496009],[18.6480376,54.3495999],[18.6480245,54.3496034],[18.6479816,54.3496133],[18.6479223,54.3496275],[18.6479031,54.349632],[18.6479112,54.3496435],[18.6479305,54.3496389],[18.647944,54.3496583],[18.6479258,54.3496626],[18.6479333,54.3496734],[18.6479519,54.3496689],[18.6479654,54.3496881],[18.6479786,54.3497073],[18.6479603,54.3497117],[18.6479678,54.3497225],[18.6479862,54.3497181],[18.6479987,54.3497358],[18.6479799,54.3497403],[18.6479867,54.34975]]},"properties":{"addr:city":"Gdańsk","addr:housenumber":"27","addr:street":"Wełniarska","alt_name:de":"Goldenes Tor","barrier":"sally_port","building":"yes","castle_type":"fortress","height":"0.1","heritage":"2","heritage:operator":"nid","historic":"city_gate","layer":"1","name":"Złota Brama","name:be":"Залатая брама","name:de":"Langgasser Tor","name:en":"Golden gate","name:es":"Puerta Dorada","name:ja":"黄金の門","name:pl":"Złota Brama","name:ru":"Золотые ворота","ref:ckkp":"PM00964","ref:nid":"310 z 27.02.1967","source:geometry":"gis.gdansk.pl","tourism":"attraction","wheelchair":"yes","wikidata":"Q1426552","wikipedia":"pl:Brama Złota w Gdańsku"}},
{"type":"Feature","geometry":{"type":"LineString","coordinates":[[18.626448,54.3269345],[18.6264667,54.3265602],[18.6264965,54.3259654],[18.6265717,54.3259683],[18.6265252,54.3269358],[18.626448,54.3269345]]},"properties":{"leisure":"track","surface":"gravel"}},
{"type":"Feature","geometry":{"type":"LineString","coordinates":[[18.4875391,54.3627991],[18.4875582,54.3627342],[18.4886412,54.3626501],[18.4887539,54.3626456],[18.4890485,54.3626324],[18.4898037,54.3626398],[18.4900798,54.362648],[18.4901436,54.3626512],[18.490134,54.3627663],[18.490052,54.3630439],[18.4903456,54.3630753],[18.4904697,54.3630909],[18.4904045,54.3632955],[18.4903862,54.3633529],[18.4903737,54.3633922],[18.4902425,54.3637396],[18.4900212,54.3643214],[18.4899645,54.3643794],[18.4898222,54.3647778],[18.4890223,54.3646827],[18.4890291,54.3646571],[18.487275,54.3644532],[18.4874994,54.3637885],[18.4872804,54.3637538],[18.487282,54.363728],[18.4873051,54.3637306],[18.4873122,54.363613],[18.4873925,54.3633144],[18.4874759,54.3630139],[18.4875391,54.3627991]]},"properties":{"leisure":"sports_centre","name":"Akademia Piłkarska Jaguar Gdańsk"}},
{"type":"Feature","geometry":{"type":"LineString","coordinates":[[18.5722414,54.3580469],[18.5722478,54.3579899],[18.573937,54.3580552],[18.5739305,54.3581121],[18.5722414,54.3580469]]},"properties":{"covered":"no","leisure":"track","lit":"yes","sport":"athletics","surface":"tartan"}},
{"type":"Feature","geometry":{"type":"LineString","coordinates":[[18.663607,54.348031],[18.66357,54.348038],[18.663554,54.348022],[18.6635842,54.3480175],[18.663592,54.347995],[18.663582,54.347993],[18.663584,54.347964],[18.663498,54.347956],[18.663509,54.347862],[18.663632,54.34787],[18.663634,54.347862],[18.663645,54.347864],[18.664106,54.34791],[18.664097,54.347939],[18.664059,54.348064],[18.664072,54.348081],[18.664046,54.348088],[18.664043,54.348073],[18.663904,54.34806],[18.663607,54.348031]]},"properties":{"addr:city":"Gdańsk","addr:city:simc":"0933016","addr:country":"PL","addr:housename":"Kościół Świętej Barbary","addr:housenumber":"19","addr:postcode":"80-761","addr:street":"Długie Ogrody","addr:street:sym_ul":"03844","amenity":"place_of_worship","building":"church","church:id":"12461","church:type":"parish","contact:phone":"+48587197069","deanery":"Dekanat Gdańsk Dolne Miasto","denomination":"roman_catholic","diocese":"Archidiecezja gdańska","email":"barbara@diecezjagdansk.pl","heritage":"2","heritage:operator":"nid","historic":"building","name":"Kościół pw. Świętej Barbary","name:de":"Barbarakirche","name:pl":"Kościół Świętej Barbary","parish":"Parafia św. Barbary w Gdańsku","parish:wikidata":"Q11807979","parish:wikipedia":"pl:Parafia św. Barbary w Gdańsku","phone":"+48 58 719 70 69","ref":"02.006","ref:nid":"1096","religion":"christian","service_times":"Mo-Sa 06:30; 18:00; Su 07:00; 08:30; 10:00; 11:15; 12:30; 19:0","source:building":"BDOT","source:geometry":"EGiB","tourism":"attraction","website":"https://www.sw-barbara.vn.pl/","wikidata":"Q11746569","wikimedia_commons":"File:SM_Gdańsk_Kościół_św_Barbary_(1)_ID_635439.jpg","wikipedia":"pl:Kościół św. Barbary w Gdańsku"}},
{"type":"Feature","geometry":{"type":"LineString","coordinates":[[18.669094,54.348408],[18.669094,54.348426],[18.669063,54.348425],[18.669063,54.348436],[18.669093,54.348436],[18.669093,54.348449],[18.669062,54.348449],[18.669062,54.348481],[18.669092,54.348481],[18.669092,54.348494],[18.669061,54.348494],[18.669061,54.348504],[18.669092,54.348504],[18.669091,54.348522],[18.669056,54.348522],[18.669056,54.348519],[18.668828,54.348518],[18.668828,54.348514],[18.668816,54.348514],[18.668816,54.348502],[18.668839,54.348502],[18.668839,54.348492],[18.668816,54.348492],[18.668817,54.348478],[18.66884,54.348479],[18.668841,54.348447],[18.668818,54.348447],[18.668818,54.348435],[18.668841,54.348435],[18.668841,54.348424],[18.668818,54.348424],[18.668819,54.348413],[18.668832,54.348413],[18.668832,54.348409],[18.669059,54.34841],[18.669059,54.348408],[18.669094,54.348408]]},"properties":{"building":"yes","building:levels":"1","heritage":"2","heritage:operator":"nid","historic":"city_gate","name":"Brama Żuławska","name:de":"Langgarter Tor","name:pl":"Brama Żuławska","ref:nid":"318","source:building":"BDOT","source:geometry":"EGiB","tourism":"attraction","wikidata":"Q933004","wikipedia":"pl:Brama Żuławska"}},
{"type":"Feature","geometry":{"type":"LineString","coordinates":[[18.659721,54.347168],[18.659722,54.347168],[18.659707,54.347138],[18.659709,54.347138],[18.659768,54.347135],[18.65979,54.347137],[18.659807,54.347141],[18.659812,54.347143],[18.659822,54.34715],[18.659824,54.347151],[18.659837,54.347156],[18.659835,54.347189],[18.659819,54.347195],[18.659808,54.347201],[18.659793,54.347207],[18.659794,54.347208],[18.6597862,54.34721],[18.659784,54.3472076],[18.659742,54.34721],[18.659739,54.347201],[18.659737,54.347201],[18.659721,54.347168]]},"properties":{"alt_name":"Stągwie Mleczne","building":"office","building:levels":"4","building:material":"brick","height":"12","heritage":"2","heritage:operator":"nid","historic":"building","name":"Baszta Mała Stągiewna","ref:nid":"306","source:building":"BDOT","source:geometry":"EGiB","tourism":"attraction"}},
{"type":"Feature","geometry":{"type":"LineString","coordinates":[[18.659873,54.347338],[18.659834,54.347331],[18.659785,54.347314],[18.659792,54.347303],[18.659786,54.347293],[18.659785,54.347276],[18.659788,54.347266],[18.659793,54.347258],[18.6597857,54.3472499],[18.659816,54.34724],[18.659814,54.347237],[18.659822,54.347235],[18.659824,54.347236],[18.659852,54.347228],[18.659872,54.347224],[18.659906,54.347225],[18.659935,54.347232],[18.659959,54.347245],[18.659974,54.347259],[18.659982,54.347276],[18.659981,54.347292],[18.659975,54.347305],[18.659965,54.347314],[18.659952,54.347322],[18.659933,54.347331],[18.659904,54.347337],[18.659873,54.347338]]},"properties":{"addr:city":"Gdańsk","addr:country":"PL","addr:housename":"baszta Wielka Stągiewna","addr:street":"Stągiewna","alt_name":"Stągwie Mleczne","building":"outbuilding","building:levels":"6","building:material":"brick","height":"27","heritage":"2","heritage:operator":"nid","historic":"building","name":"Baszta Wielka Stągiewna","name:de":"Milchkannentor","name:pl":"Baszta Wielka Stągiewna","ref:nid":"306","roof:height":"7","roof:shape":"pyramidal","source:building":"BDOT","source:geometry":"EGiB","tourism":"attraction","wikidata":"Q1934431","wikipedia":"pl:Brama Stągiewna"}},
{"type":"Feature","geometry":{"type":"LineString","coordinates":[[18.562461,54.308945],[18.562554,54.308862],[18.562561,54.308864],[18.562578,54.308848],[18.562542,54.308835],[18.562632,54.308754],[18.5628,54.308818],[18.562599,54.308998],[18.562461,54.308945]]},"properties":{"addr:city":"Kowale","addr:country":"PL","addr:housenumber":"1","addr:postcode":"80-180","addr:street":"Glazurowa","amenity":"community_centre","building":"yes","building:levels":"1","name":"Świetlica Gminna","source:building":"BDOT","source:geometry":"EGiB"}},
{"type":"Feature","geometry":{"type":"LineString","coordinates":[[18.5581973,54.4108623],[18.5581943,54.4108731],[18.5581872,54.4108725],[18.5581849,54.4108802],[18.5581104,54.4108726],[18.5581131,54.4108634],[18.5581005,54.410862],[18.5580976,54.4108713],[18.5580205,54.4108635],[18.5580261,54.4108453],[18.5580566,54.4107468],[18.558034,54.4107445],[18.558007,54.4108441],[18.55796,54.4108393],[18.5579523,54.4108699],[18.557959,54.4108757],[18.5579654,54.4108813],[18.5579936,54.4108843],[18.5579864,54.4109079],[18.5579791,54.410932],[18.557952,54.410929],[18.5579319,54.4109369],[18.5579274,54.4109512],[18.5579408,54.4109629],[18.5579689,54.4109655],[18.5579497,54.4110292],[18.557956,54.4110298],[18.5579649,54.4110307],[18.5579692,54.4110176],[18.5580504,54.4110257],[18.5580464,54.4110394],[18.5580614,54.4110408],[18.5580662,54.4110274],[18.5581326,54.4110341],[18.5581118,54.4111033],[18.5581584,54.4111076],[18.5582042,54.4111118],[18.5582257,54.4110428],[18.5582964,54.4110497],[18.558293,54.4110633],[18.5583076,54.4110649],[18.5583121,54.4110513],[18.5583838,54.4110582],[18.5583811,54.4110723],[18.5583955,54.4110736],[18.5583991,54.4110597],[18.5584638,54.411066],[18.5584508,54.4111102],[18.5585022,54.4111149],[18.558554,54.4111196],[18.5585663,54.4110751],[18.5586345,54.4110816],[18.5586304,54.4110956],[18.5586453,54.4110969],[18.5586496,54.4110831],[18.5587212,54.4110901],[18.5587172,54.4111033],[18.558732,54.4111049],[18.5587364,54.4110915],[18.5588025,54.4110978],[18.5587893,54.4111512],[18.5588031,54.4111517],[18.5588094,54.4111271],[18.5589414,54.4111389],[18.5589349,54.4111637],[18.5589485,54.4111655],[18.5589562,54.4111409],[18.5589643,54.4111119],[18.5590091,54.4111156],[18.5590056,54.4111293],[18.5590208,54.4111305],[18.5590244,54.4111168],[18.5590732,54.4111209],[18.559071,54.4111347],[18.559086,54.4111359],[18.5590898,54.4111223],[18.559138,54.4111264],[18.5591356,54.4111401],[18.5591507,54.4111414],[18.5591539,54.4111277],[18.5592024,54.4111317],[18.5591999,54.4111456],[18.5592147,54.4111467],[18.5592183,54.4111331],[18.5592669,54.4111372],[18.559264,54.4111507],[18.5592792,54.411152],[18.5592825,54.4111385],[18.5593816,54.4111469],[18.5593889,54.4111624],[18.5594035,54.4111602],[18.5593961,54.4111444],[18.5595014,54.4110991],[18.559526,54.4111076],[18.5595341,54.4110997],[18.5595091,54.4110914],[18.5595304,54.4110161],[18.559558,54.4110136],[18.5595572,54.4110049],[18.5595289,54.4110074],[18.5594895,54.4109754],[18.5596274,54.4109905],[18.55964,54.4109548],[18.5596498,54.4109287],[18.5596009,54.4109229],[18.5595893,54.4109573],[18.5594558,54.4109426],[18.5594661,54.4109316],[18.5594723,54.4109318],[18.5594759,54.4109253],[18.5594649,54.4109236],[18.5594563,54.4109076],[18.5594627,54.4109023],[18.5594533,54.4108986],[18.5594459,54.4109036],[18.5593993,54.4108977],[18.5593987,54.4108913],[18.5593865,54.4108915],[18.559387,54.4109005],[18.5593744,54.4109125],[18.5593669,54.4109113],[18.5593625,54.410917],[18.5593699,54.4109183],[18.5593708,54.410932],[18.5593394,54.410929],[18.5593433,54.4109154],[18.5593282,54.4109138],[18.5593243,54.4109277],[18.559278,54.4109233],[18.5592814,54.4109097],[18.5592669,54.4109082],[18.5592638,54.4109219],[18.5592183,54.4109176],[18.5592189,54.4109036],[18.5592047,54.4109019],[18.5591998,54.410916],[18.5591527,54.4109116],[18.5591565,54.4108981],[18.5591417,54.4108966],[18.5591373,54.4109101],[18.5590912,54.4109058],[18.5590952,54.4108917],[18.55908,54.4108901],[18.5590751,54.4109042],[18.5590224,54.4108993],[18.5590354,54.4108547],[18.5588745,54.4108392],[18.558862,54.4108831],[18.55885,54.4109252],[18.5581973,54.4108623]]},"properties":{"addr:city":"Gdańsk","addr:city:simc":"0933016","addr:country":"PL","addr:housenumber":"5","addr:postcode":"80-330","addr:street":"Cystersów","addr:street:sym_ul":"03206","alt_name":"Kościół pw. Trójcy Świętej","amenity":"place_of_worship","building":"church","building:levels":"3","building:material":"brick","by:religious_title":"papież Paweł VI","church:id":"12485","church:type":"parish","date:religious_title":"1976","date:shrine":"C18","deanery":"Dekanat Gdańsk Oliwa","denomination":"roman_catholic","diocese":"Archidiecezja gdańska","email":"parafia@archikatedraoliwa.pl","historic":"yes","name":"Bazylika Archikatedralna Trójcy Świętej","name:de":"Dom zu Oliva","name:pl":"Archikatedra pw. Trójcy Świętej","name:uk":"Базиліка Святої Трійці, Пресвятої Богородиці та святого Бернара","official_name":"Bazylika Archikatedralna pw. Świętej Trójcy w Gdańsku Oliwie","parish":"Parafia Trójcy Świętej w Gdańsku","parish:wikidata":"Q11806178","parish:wikipedia":"pl:Parafia Trójcy Świętej w Gdańsku","phone":"+48 58 552 47 65","religion":"christian","religious_title":"Bazylika Mniejsza","roof:orientation":"along","roof:shape":"gabled","shrine":"local","shrine:name":"Sanktuarium Matki Bożej Oliwskiej","shrine:object":"Feretron z obrazem NMP Oliwskiej","shrine:type":"mary","source":"www.geoportal.gov.pl","toilets:wheelchair":"yes","tourism":"attraction","website":"https://www.archikatedraoliwa.pl/","wheelchair":"limited","wikidata":"Q1236685","wikimedia_commons":"File:Oliwa_kathedraal.jpg","wikipedia":"pl:Bazylika archikatedralna w Gdańsku-Oliwie"}},
{"type":"Feature","geometry":{"type":"LineString","coordinates":[[18.6278236,54.3520323],[18.6278767,54.3520543],[18.6277202,54.3522039],[18.6275366,54.3523794],[18.6273428,54.3525647],[18.6272916,54.3525498],[18.6278236,54.3520323]]},"properties":{"covered":"no","leisure":"track","sport":"athletics","surface":"paved"}},
{"type":"Feature","geometry":{"type":"LineString","coordinates":[[18.4170023,54.4399223],[18.4171093,54.4403182],[18.4174285,54.4402887],[18.4175275,54.4402796],[18.4174525,54.4400001],[18.4175436,54.4399911],[18.4175,54.4398362],[18.4174103,54.4398432],[18.4173796,54.439846],[18.417391,54.439887],[18.4173223,54.4398935],[18.4172614,54.4398993],[18.4170023,54.4399223]]},"properties":{"building":"sports_centre","building:levels":"1","leisure":"sports_centre","source:building":"BDOT","sport":"multi"}},
{"type":"Feature","geometry":{"type":"LineString","coordinates":[[18.4168422,54.4396481],[18.4169037,54.4396438],[18.417151,54.4408276],[18.4170895,54.440832],[18.4168422,54.4396481]]},"properties":{"leisure":"track","sport":"athletics"}},
{"type":"Feature","geometry":{"type":"LineString","coordinates":[[18.6218825,54.3557395],[18.6218566,54.355672],[18.621832,54.3555993],[18.6218347,54.3555454],[18.6218475,54.3555089],[18.6219258,54.3554128],[18.6220764,54.355282],[18.6222994,54.3551288],[18.6225682,54.3549662],[18.6228954,54.3547977],[18.6232056,54.3545911],[18.6234297,54.3544115],[18.6235665,54.3542791],[18.6236852,54.3541499],[18.6238975,54.353828],[18.6239698,54.3536603]]},"properties":{"highway":"living_street","maxspeed":"20","name":"Ojcowska","old_name:de":"Damaschkeweg","source:maxspeed":"PL:living_street","start_date:living_street":"2019-01-08","surface":"cobblestone:flattened","tourism":"attraction"}},
{"type":"Feature","geometry":{"type":"LineString","coordinates":[[18.6419029,54.3589323],[18.6415526,54.3590646],[18.6414124,54.3591375],[18.6412977,54.3592147],[18.6411406,54.3590999],[18.6411241,54.3590878],[18.640934,54.3589432],[18.6406895,54.3588305],[18.6406795,54.3588259],[18.6407006,54.3588111],[18.6408044,54.358734],[18.6408102,54.3586834],[18.6407686,54.3586241],[18.6407379,54.3586071],[18.6405219,54.3585049],[18.6404935,54.3584914],[18.6404875,54.358494],[18.6403456,54.3584255],[18.6402628,54.3584821],[18.6396795,54.3589045],[18.6396432,54.3589289],[18.6392234,54.3586891],[18.6389548,54.3585265],[18.6387542,54.3583887],[18.6383056,54.3580675],[18.6377914,54.3575997],[18.6374339,54.357232],[18.6371917,54.3568871],[18.6371845,54.3568217],[18.6368865,54.3563053],[18.6367672,54.356034],[18.6367445,54.3559718],[18.6366426,54.3557123],[18.6365192,54.3555539],[18.636428,54.3554653],[18.6363369,54.3554008],[18.6361652,54.3552965],[18.6358802,54.3551556],[18.6357644,54.3550802],[18.635636,54.3549585],[18.6351112,54.3545447],[18.6349887,54.3544822],[18.6347463,54.3542703],[18.6342951,54.3539133],[18.6342376,54.3538453],[18.6340872,54.3537013],[18.6340633,54.3536754],[18.6340291,54.3536113],[18.6340156,54.3535553],[18.6340183,54.3534955],[18.6340392,54.353463],[18.6340793,54.3534138],[18.634551,54.3531126],[18.6349138,54.3529054],[18.6353605,54.3526872],[18.6356127,54.3526111],[18.6359721,54.3524339],[18.6361598,54.3522922],[18.6366875,54.3520122],[18.6368205,54.3519359],[18.6369471,54.3518581],[18.6370181,54.3517493],[18.6371522,54.3515481],[18.6373667,54.3515134],[18.6378602,54.3515577],[18.6378625,54.3515543],[18.6380751,54.3515741],[18.6379637,54.3519501],[18.6380051,54.3519579],[18.6379592,54.3521473],[18.6379316,54.3523052],[18.6377466,54.3526885],[18.6377766,54.3526912],[18.6377582,54.352762],[18.6377402,54.3529729],[18.6377352,54.3530148],[18.637624,54.3530508],[18.6376162,54.3531071],[18.6376157,54.3531104],[18.6376476,54.3533169],[18.6376912,54.353317],[18.6377557,54.3536301],[18.6377867,54.3537097],[18.6378301,54.3537613],[18.6381342,54.354123],[18.6381635,54.3541586],[18.6382418,54.3543272],[18.6382906,54.3544314],[18.6386737,54.3549203],[18.6387207,54.3549803],[18.6393098,54.3548135],[18.6394422,54.3547079],[18.6396733,54.354642],[18.639669,54.3546368],[18.6402141,54.3545529],[18.6403134,54.3544816],[18.6410433,54.354282],[18.6410803,54.354334],[18.6411381,54.3544124],[18.6412085,54.3545145],[18.6412145,54.3545385],[18.6408873,54.3545855],[18.6404918,54.3546647],[18.6404654,54.3547052],[18.6405028,54.3548263],[18.6405394,54.3548795],[18.6405759,54.3548957],[18.6406187,54.3549341],[18.6406797,54.3550135],[18.640836,54.3552093],[18.6410297,54.3551629],[18.6413276,54.3555397],[18.6414405,54.355567],[18.6417552,54.3557379],[18.642081,54.3559642],[18.6421729,54.3562046],[18.6422707,54.3565277],[18.6422868,54.3565887],[18.6423382,54.3567574],[18.6421071,54.3567656],[18.6420589,54.3567672],[18.6419971,54.3567694],[18.641962,54.3567871],[18.6419059,54.3568155],[18.6418776,54.3568689],[18.6418602,54.3569021],[18.6418671,54.3570848],[18.6418433,54.3571516],[18.6429836,54.3571258],[18.6430107,54.3572779],[18.6430462,54.3573301],[18.643095,54.3576004],[18.6430816,54.3575992],[18.6426783,54.3575905],[18.6425936,54.3576573],[18.6425764,54.3578826],[18.6426233,54.3578878],[18.6425675,54.3580312],[18.6419645,54.3579512],[18.6419189,54.3579627],[18.6418296,54.3580776],[18.6414402,54.3583573],[18.6414257,54.3583822],[18.6414381,54.3584058],[18.6417314,54.3587017],[18.6418248,54.3586818],[18.641889,54.3587738],[18.6418372,54.3588546],[18.6419029,54.3589323]]},"properties":{"alt_name":"Grodzisko","leisure":"park","name":"Park poforteczny „Grodzisko”","name:ko":"그로지스코 자연공원","tourism":"attraction"}},
{"type":"Feature","geometry":{"type":"LineString","coordinates":[[18.6484335,54.3588819],[18.6485079,54.3588716],[18.6482046,54.3581729],[18.6481283,54.3581851],[18.6484335,54.3588819]]},"properties":{"leisure":"track","sport":"athletics"}},
{"type":"Feature","geometry":{"type":"LineString","coordinates":[[18.6613159,54.3528192],[18.6613846,54.3527921],[18.6615177,54.3528929],[18.6616128,54.3529091],[18.6616823,54.3529216],[18.6616763,54.3529109],[18.6618897,54.3528201],[18.6619821,54.3528911],[18.6620227,54.3528741],[18.6619872,54.3528453],[18.6620519,54.3528183],[18.6617649,54.3525854],[18.6617837,54.3525771],[18.6617251,54.3525318],[18.6616464,54.3525663],[18.6616433,54.3525674],[18.6613453,54.3526981],[18.6612228,54.3527493],[18.6613159,54.3528192]]},"properties":{"addr:city":"Gdańsk","addr:housenumber":"1","addr:postcode":"80-751","addr:street":"Ołowianka","attraction":"big_wheel","capacity:persons":"288","contact:facebook":"https://facebook.com/AmberSkykolowidokowe/","email":"gdansk@ambersky.pl","fee":"yes","height":"50","landuse":"commercial","name":"AmberSky Gdańsk - Koło Widokowe","name:en":"Ferris wheel","name:ru":"Колесо обозрения","note":"28 PLN - adults and kids above 140 cm; 18 PLN - kids under 140 cm; FREE - kids under 3; 250 PLN - VIP cabin for 30'","opening_hours":"Mo-Th 11:00-20:00; Fr-Sa 11:00-24:00; Su 10:00-20:00","payment:cash":"yes","payment:credit_cards":"yes","phone":"+48 666 378 980","source":"survey","tourism":"attraction","website":"http://www.ambersky.pl"}},
{"type":"Feature","geometry":{"type":"LineString","coordinates":[[18.6256797,54.3272505],[18.6256797,54.3272611],[18.625842,54.3272596],[18.6258415,54.3272435],[18.6258768,54.327243],[18.6258757,54.3272592],[18.6260729,54.3272571],[18.6260724,54.3272409],[18.6261074,54.3272405],[18.6261064,54.3272566],[18.6263493,54.3272546],[18.6263468,54.3271633],[18.6263572,54.3271629],[18.6263521,54.3269786],[18.6260909,54.3269814],[18.6256782,54.3269857],[18.6256835,54.3271628],[18.6256797,54.3271629],[18.6256797,54.3272505]]},"properties":{"addr:city":"Gdańsk","addr:country":"PL","addr:housenumber":"6","addr:street":"Emilii Hoene","building":"yes","leisure":"sports_centre","source":"Bing","source:building":"BDOT"}},
{"type":"Feature","geometry":{"type":"LineString","coordinates":[[18.6034125,54.3534212],[18.6034125,54.3534794],[18.6034123,54.3535919],[18.6040104,54.3535923],[18.6040108,54.353348],[18.6034459,54.3533477],[18.6034457,54.3534212],[18.6034125,54.3534212]]},"properties":{"building":"yes","covered":"yes","leisure":"sports_centre","sport":"swimming"}},
{"type":"Feature","geometry":{"type":"LineString","coordinates":[[18.6027597,54.3534208],[18.6030391,54.353421],[18.6030397,54.3529883],[18.6027604,54.3529882],[18.6027597,54.3534208]]},"properties":{"building":"yes","covered":"yes","leisure":"sports_centre","sport":"multi"}},
{"type":"Feature","geometry":{"type":"LineString","coordinates":[[18.5635743,54.3205083],[18.5635579,54.3205023],[18.5635455,54.3204937],[18.5635382,54.3204832],[18.5635367,54.320472],[18.5635414,54.320461],[18.5635515,54.3204514],[18.5635663,54.3204441],[18.5635842,54.3204399],[18.5636034,54.320439],[18.5636222,54.3204417],[18.5636386,54.3204477],[18.5636511,54.3204563],[18.5636584,54.3204668],[18.5636598,54.320478],[18.5636552,54.320489],[18.563645,54.3204986],[18.5636302,54.3205059],[18.5636123,54.3205101],[18.5635931,54.320511],[18.5635743,54.3205083]]},"properties":{"amenity":"community_centre","covered":"no","leisure":"sports_centre","opening_hours":"24/7","operator":"Ekolan","sport":"gymnastics","surface":"paved"}},
{"type":"Feature","geometry":{"type":"LineString","coordinates":[[18.5943474,54.3689113],[18.5938622,54.3691378],[18.5935516,54.3692989]]},"properties":{"access":"yes","handrail":"yes","highway":"steps","incline":"up","lit":"no","material":"wood","name":"Dawne Schody Hańby","ramp":"no","step_count":"147","surface":"ground","tourism":"attraction"}},
{"type":"Feature","geometry":{"type":"LineString","coordinates":[[18.5798133,54.3236576],[18.5798,54.3236686],[18.5797279,54.323639],[18.5797408,54.3236281],[18.579709,54.3236146],[18.5796928,54.3236166],[18.5796855,54.3235937],[18.5797024,54.3235916],[18.5797501,54.3235523],[18.5797479,54.323551],[18.5798185,54.3234935],[18.5798203,54.3234944],[18.5798683,54.3234548],[18.5798659,54.3234452],[18.5799037,54.3234404],[18.5799073,54.3234499],[18.5799504,54.3234682],[18.579959,54.3234612],[18.5800182,54.323486],[18.5800096,54.3234927],[18.5800756,54.3235204],[18.5800432,54.323548099999999],[18.5800623,54.323556],[18.579932,54.3236647],[18.5799121,54.3236576],[18.5798797,54.323685],[18.5798133,54.3236576]]},"properties":{"addr:city":"Gdańsk","addr:housenumber":"40","addr:postcode":"80-180","addr:street":"Wieżycka","building":"construction","historic":"manor","name":"Dwór Zakoniczyn","tourism":"attraction"}},
{"type":"Feature","geometry":{"type":"LineString","coordinates":[[18.6492251,54.3539315],[18.649326,54.3537852],[18.6494256,54.3538085],[18.6493247,54.3539548],[18.6492251,54.3539315]]},"properties":{"addr:city":"Gdańsk","addr:country":"PL","addr:housename":"Dom Cechu Młynarzy","addr:housenumber":"1","addr:postcode":"80-846","addr:street":"Na Piaskach","alt_name":"Dwór Młynarzy","building":"commercial","building:levels":"2","building:material":"timber_framing","roof:material":"roof_tiles","roof:shape":"gabled","source:addr":"Urząd Miasta Gdańsk","start_date":"1997","tourism":"attraction"}},
{"type":"Feature","geometry":{"type":"LineString","coordinates":[[18.554671,54.4095487],[18.5546816,54.4095263],[18.554652,54.4095216],[18.554669,54.4094857],[18.5546986,54.4094904],[18.5547187,54.409448],[18.5546756,54.4094411],[18.5546826,54.4094263],[18.5547254,54.4094332],[18.5547852,54.4093074],[18.5548241,54.4093136],[18.5548356,54.4092895],[18.5548418,54.4092764],[18.5549026,54.4092862],[18.5548971,54.4092979],[18.5548849,54.4093237],[18.5549779,54.4093386],[18.5548635,54.4095796],[18.554671,54.4095487]]},"properties":{"building":"yes","building:levels":"3","man_made":"watermill","name":"Młyn IX","tourism":"attraction"}},
{"type":"Feature","geometry":{"type":"LineString","coordinates":[[18.6461972,54.341991],[18.6459795,54.3420146],[18.646207,54.3427282],[18.6464259,54.342704],[18.6461972,54.341991]]},"properties":{"building":"yes","historic":"building","name":"Mała Zbrojownia","source":"Bing","tourism":"attraction"}},
{"type":"Feature","geometry":{"type":"LineString","coordinates":[[18.5357602,54.4142477],[18.5358325,54.4142184],[18.5363484,54.4140092],[18.536517,54.4142373],[18.5365711,54.4142291],[18.5366727,54.4142137],[18.5372526,54.4155349],[18.5376715,54.4164583],[18.5377519,54.4166394],[18.5378232,54.4170183],[18.5378803,54.417129],[18.5379944,54.4172507],[18.538213,54.4174125],[18.5384626,54.417501],[18.538907,54.4176061],[18.5392303,54.4176435],[18.539223,54.4176802],[18.5392136,54.4177278],[18.5392378,54.4180937],[18.5392419,54.4181365],[18.5392859,54.4185959],[18.5393158,54.4190347],[18.539297,54.4190874],[18.5392804,54.4191071],[18.539262,54.4191303],[18.5390634,54.4194263],[18.5390563,54.4194781],[18.5390667,54.4195173],[18.5390651,54.4195898],[18.5390263,54.4196299],[18.5388913,54.4197374],[18.5380871,54.4201814],[18.5378785,54.4200576],[18.5376714,54.4199315],[18.5373837,54.4198649],[18.5373541,54.4198617],[18.5365119,54.419763],[18.5362446,54.4197278],[18.5360296,54.4197048],[18.5358191,54.4196931],[18.5355234,54.4197094],[18.5347584,54.4197824],[18.5346431,54.4194745],[18.534581,54.4194311],[18.534205,54.4193325],[18.5340464,54.4193096],[18.5338976,54.4193007],[18.532944,54.4193784],[18.5313349,54.4186452],[18.531242,54.4186252],[18.530872,54.4185781],[18.5303372,54.4185615],[18.5302114,54.4185816],[18.5298968,54.4186478],[18.5298129,54.4186853],[18.5295509,54.418822],[18.5292132,54.4187685],[18.5290565,54.418755],[18.5285726,54.4186888],[18.5283764,54.4186217],[18.5280498,54.4185598],[18.5277436,54.4184956],[18.5273868,54.4183735],[18.5273632,54.4183654],[18.5274002,54.4182837],[18.5273421,54.4180179],[18.5273079,54.417845],[18.5272449,54.4177079],[18.5271882,54.4176284],[18.5270959,54.4174992],[18.5270294,54.4173961],[18.5270872,54.417315],[18.5272465,54.417167],[18.527496,54.4170515],[18.5277262,54.4169326],[18.5277794,54.4168793],[18.527824,54.4168261],[18.5278273,54.4167639],[18.5277907,54.4166736],[18.5277053,54.4166134],[18.5276047,54.4165625],[18.5272053,54.4164356],[18.5269702,54.4162969],[18.5267977,54.4161807],[18.5266071,54.416073],[18.5264244,54.4159457],[18.5267478,54.4158291],[18.5272774,54.4156004],[18.527546,54.4154915],[18.5277505,54.4153849],[18.5281059,54.4150587],[18.5272131,54.414871],[18.5260097,54.4148932],[18.5247798,54.4148765],[18.524533,54.4146298],[18.5247615,54.4144797],[18.524916,54.4143975],[18.5254033,54.414199],[18.5257956,54.4140867],[18.5260322,54.4140201],[18.5261464,54.4139732],[18.5263518,54.4138563],[18.5268225,54.4137415],[18.5276103,54.4135295],[18.528322,54.4133602],[18.5285649,54.4132525],[18.5288746,54.4130337],[18.5290672,54.4128376],[18.5295487,54.4129038],[18.5298241,54.4128573],[18.5299853,54.4128124],[18.5308883,54.4124309],[18.5316483,54.4123701],[18.5318948,54.4123131],[18.5320852,54.4122534],[18.532175,54.4122017],[18.5322259,54.4116616],[18.5321546,54.4112771],[18.5320616,54.4111227],[18.5317813,54.4108622],[18.5321201,54.410149],[18.5322544,54.4100494],[18.5324778,54.4098496],[18.5326025,54.4096662],[18.5327906,54.4087264],[18.5336335,54.4087821],[18.5336795,54.4087842],[18.5337031,54.4087854],[18.5341702,54.4088079],[18.5352083,54.4088492],[18.5367635,54.4089276],[18.5383259,54.4089636],[18.5394608,54.4089933],[18.5396801,54.4089999],[18.5398486,54.4090105],[18.5398197,54.4091524],[18.5398137,54.4091728],[18.5398099,54.4091936],[18.5399177,54.4092156],[18.5399523,54.4092233],[18.5399766,54.4092354],[18.5401006,54.4093082],[18.54035,54.409341],[18.5410592,54.4095279],[18.5412244,54.409572],[18.5414497,54.4096627],[18.5413519,54.4100645],[18.5413384,54.4101519],[18.5413733,54.4102143],[18.5414645,54.4102682],[18.5415836,54.4102918],[18.5415557,54.4104079],[18.5414162,54.4104329],[18.5413733,54.4104664],[18.5413559,54.4105125],[18.5411869,54.4105258],[18.540885,54.4104909],[18.5402795,54.4107254],[18.539992,54.410795],[18.5397479,54.4108083],[18.5395892,54.4108071],[18.539037,54.4107696],[18.538875,54.4107494],[18.5387455,54.4106487],[18.5386904,54.4106655],[18.5386437,54.4106798],[18.5385504,54.4107083],[18.5385867,54.4107482],[18.5386482,54.4109094],[18.5384948,54.4113126],[18.5380005,54.4113445],[18.5374287,54.411387],[18.536952,54.4114382],[18.5368679,54.4114475],[18.5365294,54.4115023],[18.5364024,54.4115217],[18.5361497,54.4116017],[18.535923,54.4116927],[18.535801,54.4117417],[18.5355838,54.4118549],[18.5355123,54.4119308],[18.5352632,54.4121952],[18.5353169,54.4122112],[18.5353048,54.4122373],[18.5352072,54.4124256],[18.5351531,54.4125386],[18.5351173,54.412619],[18.5349957,54.4127197],[18.535113,54.4129799],[18.5351526,54.4130654],[18.53516,54.4132215],[18.5351406,54.4134305],[18.5351614,54.4134741],[18.5351437,54.4136341],[18.5351883,54.4141192],[18.5351761,54.4141923],[18.5353304,54.4142098],[18.5354194,54.4142199],[18.5357367,54.4142572],[18.5357602,54.4142477]]},"properties":{"addr:city":"Gdańsk","addr:housenumber":"3","addr:postcode":"80-328","addr:street":"Karwieńska","alt_name":"Ogród Zoologiczny Gdańsk-Oliwa","contact:phone":"+48 585521751","contact:website":"https://zoo.gda.pl","fee":"yes","leisure":"park","name":"Gdański Ogród Zoologiczny","name:de":"Zoologischer Garten Danzig","name:ja":"グダニスク動物園","name:pl":"Miejski Ogród Zoologiczny Wybrzeża","ref:ckkp":"PM00971","short_name":"Zoo Gdańsk","start_date":"1954-05-01","tourism":"zoo","wikidata":"Q4384936","wikipedia":"pl:Gdański Ogród Zoologiczny"}},
{"type":"Feature","geometry":{"type":"LineString","coordinates":[[18.5970874,54.40313],[18.5961364,54.4032008],[18.5961206,54.4032182],[18.5960242,54.4036478],[18.596245,54.4036897],[18.5970733,54.4038469],[18.5976472,54.4039002],[18.5978202,54.403682],[18.5978692,54.4036189],[18.598019,54.4034355],[18.598138,54.4030932],[18.5981355,54.4030563],[18.5972288,54.4031192],[18.5971419,54.4031263],[18.5971394,54.4031138],[18.5970849,54.4031174],[18.5970874,54.40313]]},"properties":{"access":"yes","amenity":"community_centre","barrier":"fence","landuse":"recreation_ground","name":"Klub Osiedlowy \"Maciuś I\"","playground:theme":"playground"}},
{"type":"Feature","geometry":{"type":"LineString","coordinates":[[18.5672847,54.4285101],[18.5673691,54.4282181],[18.5674346,54.4279681],[18.5675598,54.4275825],[18.5677982,54.4268247],[18.5678272,54.4267329],[18.567876299999999,54.4266402],[18.5679906,54.4264829],[18.5681568,54.4263044],[18.5683766,54.4261117],[18.5686332,54.4259143],[18.5689405,54.4257284],[18.5690545,54.4256637],[18.5691939,54.425602],[18.5693796,54.4255387],[18.5695414,54.4254887],[18.5697254,54.4254398],[18.5698966,54.425405],[18.5701635,54.4253645],[18.5704074,54.4253457],[18.5709553,54.4253423],[18.5714654,54.4253436],[18.5722147,54.4253488],[18.5723691,54.4253542],[18.5725518,54.4253703],[18.5728322,54.4254125],[18.5729944,54.4254428],[18.5731546,54.4254848],[18.5734372,54.4255838],[18.5736765,54.4256856],[18.5739297,54.425818],[18.5741617,54.4259578],[18.5743101,54.4260996],[18.5743861,54.426196],[18.5744525,54.4262879],[18.5744719,54.4263324],[18.5744891,54.4263772],[18.5745125,54.426463],[18.5745167,54.4265396],[18.5745154,54.4266806],[18.5744726,54.4269171],[18.57443,54.4270729],[18.5743906,54.4271713],[18.5743431,54.4272636],[18.5742792,54.4273574],[18.5731649,54.4287461],[18.5724043,54.4297501],[18.5721941,54.4299938],[18.5721275,54.4300795],[18.5720301,54.4301535],[18.5717381,54.430286],[18.571397,54.4303635],[18.5710746,54.4304175],[18.569828,54.4305282],[18.5686006,54.4306323],[18.5683155,54.4306551],[18.5681825,54.430658],[18.5680316,54.4306598],[18.5678569,54.4306469],[18.5677325,54.4306197],[18.5675699,54.4305623],[18.5674448,54.4304965],[18.5671405,54.4302743],[18.5670347,54.4301864],[18.5669426,54.4300883],[18.5668971,54.4300241],[18.5668667,54.4299489],[18.5668463,54.4298928],[18.5668587,54.429777],[18.5669541,54.4294831]]},"properties":{"source":"http://hipodrom.sopot.pl"}},
{"type":"Feature","geometry":{"type":"LineString","coordinates":[[18.6532785,54.3485577],[18.6532675,54.3485432],[18.6532716,54.3485408],[18.6532731,54.3485382],[18.6532726,54.3485357],[18.6532702,54.3485331],[18.6532664,54.3485315],[18.6532618,54.3485309],[18.6532572,54.3485321],[18.6532475,54.3485189],[18.6532251,54.3485246],[18.6532228,54.3485215],[18.6532183,54.3485196],[18.6532129,54.3485189],[18.653207,54.3485197],[18.653203,54.3485215],[18.6532002,54.3485243],[18.6531996,54.3485275],[18.6532018,54.3485305],[18.6531788,54.3485362],[18.6531885,54.3485495],[18.6531852,54.348551],[18.653183,54.3485533],[18.6531825,54.3485559],[18.653184,54.3485585],[18.6531869,54.3485604],[18.6531911,54.348561],[18.653195,54.3485606],[18.6531983,54.3485598],[18.6532084,54.348575],[18.6532326,54.3485695],[18.6532363,54.3485719],[18.6532413,54.3485732],[18.6532467,54.3485732],[18.6532516,54.3485719],[18.6532552,54.3485695],[18.6532568,54.3485666],[18.6532563,54.3485634],[18.6532785,54.3485577]]},"properties":{"amenity":"fountain","heritage":"2","heritage:operator":"nid","heritage:website":"https://zabytek.pl/pl/obiekty/gdansk-fontanna-neptuna","historic":"fountain","name":"Fontanna Neptuna","name:be":"Фантан Няптуна","name:de":"Neptunbrunnen","name:es":"Fuente de Neptuno","name:it":"Fontana di Nettuno","name:pl":"Fontanna Neptuna","name:ru":"Фонтан Нептуна","ref:ckkp":"PM00968","ref:nid":"301","start_date":"1633","tourism":"attraction","wheelchair":"yes","wikidata":"Q783294","wikipedia":"pl:Fontanna Neptuna w Gdańsku"}},
{"type":"Feature","geometry":{"type":"LineString","coordinates":[[18.652226,54.3523494],[18.6524314,54.3523417],[18.6524511,54.3523414],[18.6524487,54.3522773],[18.6526387,54.3522752],[18.6526215,54.3521133],[18.6523102,54.3521051],[18.6522715,54.3521043],[18.6522314,54.3521034],[18.6521941,54.3521027],[18.6516049,54.3521027],[18.6515871,54.3521027],[18.651587,54.3521108],[18.651605,54.3521109],[18.6516056,54.3521741],[18.6515853,54.3521746],[18.6515852,54.3521851],[18.6516061,54.3521849],[18.6516131,54.3522756],[18.6515876,54.352276],[18.6515872,54.3522879],[18.6516144,54.3522876],[18.6516168,54.3523554],[18.6515997,54.3523551],[18.6516,54.3523654],[18.6516183,54.3523648],[18.6516191,54.3523761],[18.6516359,54.3523759],[18.6516356,54.3523645],[18.652226,54.3523494]]},"properties":{"addr:city":"Gdańsk","addr:city:simc":"0933016","addr:country":"PL","addr:housenumber":"72","addr:postcode":"80-840","addr:street":"Świętojańska","addr:street:sym_ul":"22548","alt_name":"Kościół pw. Świętego Mikołaja","amenity":"place_of_worship","building":"church","building:architecture":"gothic","building:material":"brick","by:religious_title":"Pius XI","church:id":"12448","church:type":"parish","date:religious_title":"1929","date:shrine":"C14","deanery":"Dekanat Gdańsk Śródmieście","denomination":"roman_catholic","diocese":"Archidiecezja gdańska","email":"gdansk@dominikanie.pl","heritage":"2","heritage:operator":"nid","heritage:website":"https://zabytek.pl/pl/obiekty/gdansk-kosciol-dominikanow-pw-sw-mikolaja","historic":"building","mobile":"694480609","name":"Bazylika Świętego Mikołaja","name:be":"Касцёл Святога Мікалая","name:de":"Nicolaikirche","name:pl":"Kościół pw. Świętego Mikołaja","note":"przesunięte względem ortofotomapy gis.gdansk.pl","operator":"Zakon Kaznodziejski","parish":"Parafia św. Mikołaja w Gdańsku","parish:wikidata":"Q10975142","parish:wikipedia":"pl:Parafia św. Mikołaja w Gdańsku (rzymskokatolicka)","ref:ckkp":"PM00299","ref:nid":"51 z 29.03.1957","religion":"christian","religious_title":"Bazylika Mniejsza","roof:material":"roof_tiles","shrine":"local","shrine:name":"Sanktuarium Matki Bożej Zwycięskiej","shrine:object":"obraz Matki Bożej Zwycięskiej","shrine:type":"mary","source:geometry":"gis.gdansk.pl","tourism":"attraction","website":"https://gdansk.dominikanie.pl/","wikidata":"Q11747294","wikimedia_commons":"File:Gdańsk._Bazylika_Św._Mikołaja_-_panoramio.jpg","wikipedia":"pl:Bazylika św. Mikołaja w Gdańsku"}},
{"type":"Feature","geometry":{"type":"LineString","coordinates":[[18.652494,54.355599],[18.652475,54.355606],[18.652411,54.355555],[18.65249,54.355517999999999],[18.652511,54.355508],[18.652581,54.355565],[18.652494,54.355599]]},"properties":{"addr:city":"Gdańsk","addr:country":"PL","addr:housenumber":"14","addr:postcode":"80-856","addr:street":"Brygidki","building":"residential","heritage":"2","heritage:operator":"nid","historic":"building","ref:nid":"833 z 8.11.1979","source:addr":"Urząd Miasta Gdańsk","source:building":"EGiB","tourism":"attraction"}},
{"type":"Feature","geometry":{"type":"LineString","coordinates":[[18.6520763,54.3529003],[18.6520836,54.3529052],[18.6520899,54.3529021],[18.6520821,54.3528953],[18.6525541,54.3529052],[18.6525547,54.3528863],[18.6525573,54.3528458],[18.6525687,54.3528453],[18.652571,54.3528027],[18.6525632,54.3528029],[18.6525661,54.3527507],[18.6525738,54.3527505],[18.6525769,54.3527076],[18.652566,54.3527072],[18.6525682,54.3526477],[18.6520955,54.3526383],[18.6521049,54.3526317],[18.6520985,54.3526282],[18.6520912,54.3526329],[18.6519962,54.3526312],[18.651988,54.352631],[18.6519805,54.352626],[18.6519744,54.3526291],[18.6519824,54.3526361],[18.6515084,54.3526267],[18.6515053,54.3526869],[18.6514945,54.3526866],[18.6514919,54.3527294],[18.6514996,54.3527299],[18.6514972,54.3527809],[18.651489,54.3527811],[18.6514866,54.3528236],[18.6514979,54.3528235],[18.6514946,54.3528838],[18.6519689,54.3528928],[18.6519595,54.3528996],[18.6519659,54.352903],[18.651973,54.3528983],[18.6520763,54.3529003]]},"properties":{"access":"no","addr:city":"Gdańsk","addr:country":"PL","addr:housename":"Hala Targowa","addr:housenumber":"1/2","addr:postcode":"80-844","addr:street":"Plac Dominikański","building":"yes","building:material":"brick","disused:shop":"department_store","heritage":"2","heritage:operator":"nid","historic":"building","name:be":"Гандлёвая гала","name:de":"Markthalle","name:es":"Lonja Targowa","note":"Remont hali targowej - adaptacja na food hall","opening_date":"2026-06-30","operator":"Apsys","ref:nid":"1030 z 25.05.1988","source:addr":"Urząd Miasta Gdańsk","tourism":"attraction","wheelchair":"yes"}},
{"type":"Feature","geometry":{"type":"LineString","coordinates":[[18.6474613,54.3497282],[18.6475115,54.3497977],[18.6475472,54.3498549],[18.6473911,54.3498852],[18.6473825,54.3498673],[18.6473393,54.3498758],[18.647336,54.3498699],[18.6473189,54.3498397],[18.6473643,54.3498313],[18.6473602,54.3498237],[18.6473463,54.3497979],[18.6473223,54.3497535],[18.6474613,54.3497282]]},"properties":{"addr:city":"Gdańsk","addr:housenumber":"26","addr:postcode":"80-836","addr:street":"Targ Węglowy","building":"yes","building:levels":"7","building:material":"brick","height":"25","heritage":"2","heritage:operator":"nid","historic":"prison","man_made":"tower","material":"brick","name":"Wieża Więzienna","name:de":"Stockturm","name:pl":"Wieża Więzienna","note":"wysokość szacunkowa","ref:ckkp":"PM00961","ref:nid":"334 z 1.09.1969","roof:colour":"#949494","roof:material":"metal","roof:shape":"hipped","source:addr":"Urząd Miasta Gdańsk","tourism":"attraction","tower:type":"defensive","wikidata":"Q2350832","wikipedia":"pl:Wieża Więzienna w Gdańsku"}},
{"type":"Feature","geometry":{"type":"LineString","coordinates":[[18.6255383,54.4147414],[18.6255085,54.4147182],[18.6254001,54.4147],[18.6254228,54.4146396],[18.6252106,54.4144403],[18.6251654,54.4144574],[18.6250896,54.4143877],[18.6251335,54.4143703],[18.6249492,54.4141977],[18.6249052,54.4142136],[18.6248308,54.4141439],[18.6248678,54.4141305],[18.6245788,54.4138656],[18.6244697,54.4138521],[18.6244917,54.4137952],[18.6244638,54.41377],[18.6244644,54.4137592],[18.624215,54.4135324]]},"properties":{"barrier":"fence","fence_type":"railing","layer":"1"}},
{"type":"Feature","geometry":{"type":"LineString","coordinates":[[18.6520269,54.3391552],[18.6519025,54.3388824],[18.6519636,54.3388391],[18.6518396,54.3388649],[18.6517517,54.338878],[18.6517902,54.3388899],[18.6518292,54.3389918],[18.6519028,54.3391723],[18.6519658,54.3391641],[18.6520269,54.3391552]]},"properties":{"heritage":"2","heritage:operator":"nid","historic":"yes","name":"Śluza Kamienna","ref:nid":"335 z 1.09.1969","seamark:type":"gate","tourism":"attraction","waterway":"lock_gate"}},
{"type":"Feature","geometry":{"type":"LineString","coordinates":[[18.531554,54.4082904],[18.5315226,54.4083671],[18.531701,54.4083905],[18.5317323,54.4083152],[18.531554,54.4082904]]},"properties":{"addr:city":"Gdańsk","addr:country":"PL","addr:housenumber":"10","addr:street":"Kościerska","building":"yes","building:levels":"2","man_made":"watermill","name":"Młyn Prochowy","name:de":"Pulvermühle","name:pl":"Młyn Prochowy","source":"www.geoportal.gov.pl","tourism":"attraction"}},
{"type":"Feature","geometry":{"type":"LineString","coordinates":[[18.5439098,54.4303194],[18.5438484,54.4302963],[18.5437757,54.4302925],[18.5437082,54.4303088],[18.5436614,54.4303415],[18.5436462,54.430383],[18.5436658,54.430424],[18.543716,54.4304549],[18.5437851,54.4304687],[18.5438573,54.4304623],[18.5439161,54.4304371],[18.543948,54.4303988],[18.5439458,54.4303564],[18.5439098,54.4303194]]},"properties":{"landuse":"recreation_ground","name":"Polanka Esperantystów","name:de":"Esperantoplatz","tourism":"attraction"}},
{"type":"Feature","geometry":{"type":"LineString","coordinates":[[18.6253517,54.350238],[18.6254574,54.3500143],[18.6252227,54.3499764],[18.6251335,54.3501653],[18.6251458,54.3501673],[18.625115,54.3502326],[18.6251849,54.3502439],[18.6252869,54.3502603],[18.6253013,54.3502298],[18.6253517,54.350238]]},"properties":{"building":"yes","leisure":"sports_centre"}},
{"type":"Feature","geometry":{"type":"LineString","coordinates":[[18.6446086,54.3535821],[18.6446547,54.3535824],[18.6449109,54.3535957],[18.6449985,54.3533307],[18.6451523,54.3531152],[18.6451244,54.3530652],[18.6443179,54.35308],[18.6443016,54.353091],[18.6442982,54.3531034],[18.6446086,54.3535821]]},"properties":{"defensive_works":"bastion","historic":"bastion","landuse":"brownfield","name":"Bastion św. Elżbiety","operator":"KM Capital","proposed:landuse":"commercial","tourism":"attraction"}},
{"type":"Feature","geometry":{"type":"LineString","coordinates":[[18.4857246,54.3870352],[18.4859465,54.3867529],[18.4859665,54.3867276],[18.4861795,54.3864564],[18.4864125,54.3861647],[18.4866038,54.3859203],[18.4866187,54.3859066],[18.4863525,54.385831],[18.485764,54.3856686],[18.4849898,54.3864894],[18.4848124,54.3866687],[18.4847987,54.3866836],[18.4847207,54.3867592],[18.4847353,54.3867632],[18.4857246,54.3870352]]},"properties":{"addr:city":"Gdańsk","addr:housenumber":"26","addr:postcode":"80-298","addr:street":"Radarowa","leisure":"sports_centre","name":"UKS Klukowo"}},
{"type":"Feature","geometry":{"type":"LineString","coordinates":[[18.5687133,54.4139308],[18.5687531,54.413942],[18.5687859,54.4139593],[18.568809,54.4139812],[18.5688205,54.4140061],[18.5688195,54.4140318],[18.5688061,54.4140564],[18.5687814,54.4140777],[18.5687473,54.4140941],[18.5687067,54.4141043],[18.5686628,54.4141074],[18.5686191,54.4141032],[18.5685793,54.414092],[18.5685465,54.4140747],[18.5685234,54.4140527],[18.5685119,54.4140279],[18.5685129,54.4140022],[18.5685263,54.4139776],[18.568551,54.4139563],[18.5685851,54.4139399],[18.5686257,54.4139297],[18.5686696,54.4139266],[18.5687133,54.4139308]]},"properties":{"name":"Kamienny krąg","tourism":"attraction"}},
{"type":"Feature","geometry":{"type":"LineString","coordinates":[[18.5606802,54.3439969],[18.5609471,54.3436925],[18.5614707,54.3430961]]},"properties":{"lanes":"4","leisure":"track","length":"100","sport":"running","surface":"tartan"}},
{"type":"Feature","geometry":{"type":"LineString","coordinates":[[18.568632,54.4312376],[18.5685199,54.4312232],[18.568282,54.4311557],[18.5670321,54.4308025],[18.5665347,54.4306627],[18.5664222,54.4306301],[18.5663624,54.4306134],[18.5662248,54.4305763],[18.5661219,54.43055],[18.565998,54.4305187],[18.5659917,54.4305337],[18.5658943,54.430523],[18.565653,54.4304558],[18.5657987,54.4298615],[18.5656922,54.4298518],[18.5660153,54.4288016],[18.5660755,54.4288084],[18.5660993,54.4287882],[18.566386,54.427691],[18.5668044,54.4263616],[18.5672872,54.42477],[18.5675137,54.4240657],[18.5675961,54.4240592],[18.5692811,54.4239363],[18.5696666,54.4239191],[18.5702858,54.4238985],[18.5706441,54.4238898],[18.5708048,54.4238873],[18.5713267,54.4239001],[18.5715023,54.4239057],[18.572081,54.4239746],[18.5725153,54.4240264],[18.572665,54.4240431],[18.5727871,54.424058],[18.5728968,54.4240822],[18.5730419,54.4241206],[18.5732804,54.4241827],[18.5736161,54.4242777],[18.5742866,54.4244761],[18.5746256,54.4245769],[18.5747509,54.4246131],[18.5748453,54.4246406],[18.575021,54.4246979],[18.5751786,54.4247499],[18.5755171,54.4248659],[18.5759852,54.4250268],[18.5761789,54.4250934],[18.5762388,54.425115],[18.5762862,54.4251411],[18.5760118,54.4255656],[18.5758017,54.4258933],[18.5757869,54.4259164],[18.5757794,54.4259281],[18.5756524,54.4261267],[18.5755702,54.4262528],[18.5744015,54.4280737],[18.5743458,54.428162],[18.5735702,54.4293676],[18.5734367,54.429575],[18.5729843,54.4302816],[18.5726761,54.4302034],[18.5723706,54.4304278],[18.5722876,54.4304853],[18.5721766,54.43054],[18.5721345,54.4305574],[18.5717445,54.4306345],[18.5706152,54.4308091],[18.5706263,54.430928],[18.5700626,54.4309401],[18.5700684,54.4310132],[18.5698823,54.4310157],[18.5695442,54.4310199],[18.5692389,54.4310228],[18.5691365,54.4310983],[18.5691209,54.4310698],[18.5690942,54.4310411],[18.5690389,54.431],[18.5689183,54.4309651],[18.5688327,54.4309664],[18.5687513,54.4309789],[18.568632,54.4312376]]},"properties":{"addr:city":"Sopot","addr:housenumber":"1","addr:postcode":"80-881","addr:street":"Władysława Łokietka","leisure":"sports_centre","name":"Hipodrom Sopot","source":"http://hipodrom.sopot.pl","sport":"horse_racing","wheelchair":"limited","wikidata":"Q24941135","wikipedia":"pl:Hipodrom Sopot"}},
{"type":"Feature","geometry":{"type":"LineString","coordinates":[[18.6420606,54.3445376],[18.6421183,54.3445379],[18.6421181,54.3445403],[18.6422049,54.3445482],[18.6422176,54.3444322],[18.6421652,54.3444369],[18.6421207,54.3444412],[18.6421206,54.3444425],[18.6420618,54.3444423],[18.6420612,54.3444927],[18.6420606,54.3445376]]},"properties":{"building":"yes","name":"Poterna - część górna","tourism":"attraction"}},
{"type":"Feature","geometry":{"type":"LineString","coordinates":[[18.5609559,54.343798],[18.5607876,54.3439906],[18.5607798,54.3439996]]},"properties":{"lanes":"1","leisure":"track","long_jump":"track","sport":"long_jump","surface":"tartan"}},
{"type":"Feature","geometry":{"type":"LineString","coordinates":[[18.636979,54.3901572],[18.6363544,54.389558],[18.6364342,54.3894963],[18.6370873,54.3889881],[18.6378852,54.3893375],[18.637991800000003,54.3893846],[18.6380265,54.3893998],[18.6380654,54.3894169],[18.6379486,54.3897015],[18.6378719,54.3900347],[18.6378296,54.3900689],[18.6377851,54.3901048],[18.6377222,54.3901373],[18.6376643,54.3901622],[18.6375883,54.3901821],[18.6372372,54.3902128],[18.6371482,54.3902116],[18.6370561,54.3901949],[18.636979,54.3901572]]},"properties":{"addr:city":"Gdańsk","addr:housenumber":"1","addr:postcode":"80-560","addr:street":"Pokoleń Lechii Gdańsk","barrier":"fence","charge":"~100 PLN","email":"recepcja@pitstop-gdansk.pl","fee":"yes","leisure":"sports_centre","name":"PitStop","note":"After 20:00 group reservations only via email.","opening_hours":"Sep-Oct Mo-Fr 12:00-20:00, Sa-Su 10:00-20:00; Nov-Feb “Track open depending on weather conditions”; Mar-Apr Mo-Fr 12:00-20:00, Sa-Su 10:00-20:00; May-Jun Mo-Th 12:00-20:00, Fr-Su 10:00-20:00; Jul-Aug Mo-Th 10:00-20:00, Fr-Sa 10:00-21:00, Su 10:00-20:00","payment:cards":"yes","payment:cash":"yes","phone":"+48 781 433 833","sport":"karting","website":"https://pitstop-gdansk.pl/"}},
{"type":"Feature","geometry":{"type":"LineString","coordinates":[[18.6472747,54.3486648],[18.6473269,54.3486249],[18.6472465,54.3485641],[18.6472554,54.3485588],[18.6472483,54.3485528],[18.6472667,54.3485435],[18.6472414,54.3485216],[18.64724,54.3485176],[18.6472397,54.3485133],[18.6472412,54.3485093],[18.6472445,54.3485049],[18.6472481,54.348501],[18.6472523,54.3484971],[18.6472553,54.3484947],[18.6472601,54.3484923],[18.6472661,54.3484894],[18.6472733,54.3484876],[18.6472813,54.3484863],[18.6472897,54.3484861],[18.6472974,54.3484862],[18.6473041,54.3484874],[18.6473134,54.3484898],[18.6473193,54.3484926],[18.6473254,54.348496],[18.6473401,54.3485107],[18.6473314,54.3485133],[18.6474005,54.3485695],[18.6474194,54.3485848],[18.6474406,54.3485975],[18.6474665,54.3486123],[18.6474578,54.348619],[18.6473671,54.3486907],[18.6473541,54.3487009],[18.6472747,54.3486648]]},"properties":{"addr:city":"Gdańsk","addr:country":"PL","addr:street":"Za Murami","building":"yes","building:material":"brick","height":"1","heritage":"2","historic":"fortification","man_made":"tower","name":"Baszta Narożna","ref:nid":"115 z 7.11.1967","tourism":"attraction","tower:type":"defensive","wikidata":"Q9166809","wikipedia":"pl:Baszta Narożna"}},
{"type":"Feature","geometry":{"type":"LineString","coordinates":[[18.6470641,54.3498497],[18.6470762,54.3498725],[18.6470861,54.3498912],[18.6471175,54.3498862],[18.6471355,54.3498899],[18.6471459,54.3499067],[18.647133,54.3499161],[18.6470608,54.3499303],[18.6470371,54.3499435],[18.647005,54.3499431],[18.646987,54.3499464],[18.646954,54.3498936],[18.6469387,54.349869],[18.6469141,54.3498275],[18.6469472,54.3498212],[18.6469632,54.3498142],[18.6469865,54.349814],[18.64704,54.3498053],[18.6470641,54.3498497]]},"properties":{"addr:city":"Gdańsk","addr:housenumber":"26","addr:postcode":"80-836","addr:street":"Targ Węglowy","building":"yes","building:levels":"3","building:material":"brick","heritage":"2","heritage:operator":"nid","historic":"prison","name":"Katownia","name:de":"Peinkammer","name:es":"Sala de tortura","name:pl":"Katownia","ref:ckkp":"PM00970","ref:nid":"334 z 1.09.1969","roof:material":"roof_tiles","roof:shape":"gabled","source:addr":"Urząd Miasta Gdańsk","tourism":"attraction","wikidata":"Q2067591","wikipedia":"pl:Katownia w Gdańsku"}},
{"type":"Feature","geometry":{"type":"LineString","coordinates":[[18.64704,54.3498053],[18.6473223,54.3497535],[18.6473463,54.3497979],[18.6470641,54.3498497],[18.64704,54.3498053]]},"properties":{"addr:city":"Gdańsk","addr:housenumber":"26","addr:postcode":"80-836","addr:street":"Targ Węglowy","building":"yes","building:levels":"2","building:material":"brick","heritage":"2","heritage:operator":"nid","historic":"prison","material":"brick","ref:nid":"334 z 1.09.1969","roof:material":"roof_tiles","roof:shape":"gabled","source:addr":"Urząd Miasta Gdańsk","tourism":"attraction"}},
{"type":"Feature","geometry":{"type":"LineString","coordinates":[[18.3995721,54.3957692],[18.3994727,54.3957242],[18.399169,54.3955866],[18.3992111,54.3955549],[18.3994097,54.3954057],[18.3995944,54.3952668],[18.3996236,54.3952448],[18.3998706,54.3953567],[18.4000268,54.3954274],[18.3998539,54.3955573],[18.3998189,54.3955837],[18.3995721,54.3957692]]},"properties":{"building":"school","building:levels":"3","height":"12","leisure":"sports_centre","name":"Hala Sportowa","noaddress":"yes","roof:levels":"0","roof:shape":"flat","sport":"multi","wheelchair":"yes"}},
{"type":"Feature","geometry":{"type":"LineString","coordinates":[[18.6483314,54.3483221],[18.6483074,54.3482972],[18.6484583,54.3482484],[18.6485034,54.348234],[18.6485183,54.3482493],[18.648548,54.3482811],[18.6483542,54.3483437],[18.6483314,54.3483221]]},"properties":{"building":"yes","building:levels":"5","building:material":"brick","historic":"fortification","man_made":"tower","name":"Baszta Browarna","roof:material":"roof_tiles","roof:shape":"hipped","tourism":"attraction","tower:type":"defensive"}},
{"type":"Feature","geometry":{"type":"LineString","coordinates":[[18.6478248,54.3484921],[18.6478039,54.3484693],[18.64778,54.3484415],[18.6479939,54.3483769],[18.6480252,54.3484124],[18.6480387,54.3484279],[18.6478248,54.3484921]]},"properties":{"building":"yes","building:levels":"5","building:material":"brick","historic":"fortification","man_made":"tower","name":"Baszta Schultza","roof:material":"roof_tiles","roof:shape":"hipped","tourism":"attraction","tower:type":"defensive"}},
{"type":"Feature","geometry":{"type":"LineString","coordinates":[[18.5707232,54.4007231],[18.5707472,54.4006912],[18.5707543,54.400693],[18.5715639,54.400893],[18.571538,54.4009286],[18.571125,54.401495],[18.571023,54.40147],[18.571024,54.401469],[18.570425,54.401318],[18.570424,54.40132],[18.570351,54.401302],[18.57026,54.40128],[18.570625,54.400783],[18.57059,54.400774],[18.570589,54.400775],[18.570579,54.400772],[18.570584,54.400767],[18.570509,54.400749],[18.5705574,54.4006816],[18.5707232,54.4007231]]},"properties":{"addr:city":"Gdańsk","addr:housenumber":"470","addr:postcode":"80-309","addr:street":"Aleja Grunwaldzka","building:levels":"2","building:part":"yes","leisure":"sports_centre","name":"GKS Stoczniowiec","sport":"ice_hockey;ice_skating"}},
{"type":"Feature","geometry":{"type":"LineString","coordinates":[[18.570812,54.400605],[18.5707064,54.4005778],[18.5706083,54.4005526],[18.570521,54.400672],[18.5705574,54.4006816],[18.5707232,54.4007231],[18.5707472,54.4006912],[18.570812,54.400605]]},"properties":{"building:levels":"4","building:part":"yes","leisure":"sports_centre","roof:colour":"#808080"}},
{"type":"Feature","geometry":{"type":"LineString","coordinates":[[18.71168,54.361493],[18.711768,54.36128],[18.711312,54.361215],[18.711169,54.361563],[18.7113051,54.3615821],[18.711625,54.361627],[18.711666,54.361525],[18.71168,54.361493]]},"properties":{"addr:city":"Gdańsk","addr:city:simc":"0933016","addr:housenumber":"1B","addr:postcode":"80-618","addr:street":"Wrzosy","building":"yes","leisure":"sports_centre","name":"Pływalnia Stogi","source:addr":"gugik.gov.pl","sport":"swimming"}},
{"type":"Feature","geometry":{"type":"LineString","coordinates":[[18.4675657,54.4308802],[18.4675317,54.4308965],[18.4675057,54.4308781],[18.4670343,54.4311046],[18.4672196,54.4312356],[18.4673022,54.431196],[18.4674133,54.4312746],[18.4677827,54.4310972],[18.4678361,54.4310715],[18.4675657,54.4308802]]},"properties":{"building":"yes","leisure":"sports_centre","name":"Pływalnia Osowa","operator":"GOS","sport":"swimming"}},
{"type":"Feature","geometry":{"type":"LineString","coordinates":[[18.7238403,54.3753318],[18.7238931,54.375336],[18.7239724,54.3753115],[18.7239983,54.3752814],[18.7239475,54.3752265],[18.7238786,54.3752147],[18.7237398,54.3752663],[18.7237523,54.3752741],[18.7238403,54.3753318]]},"properties":{"building":"bunker","bunker_type":"command","landuse":"military","military":"bunker","name":"Schron dowodzenia baterii wydmowej 1911","name:en":"Bunker from 1911","tourism":"attraction"}},
{"type":"Feature","geometry":{"type":"LineString","coordinates":[[18.6120726,54.33865],[18.6121717,54.3386485],[18.6121676,54.338557],[18.6120685,54.3385585],[18.6120726,54.33865]]},"properties":{"amenity":"theatre","building":"yes","name":"Amfiteatr"}},
{"type":"Feature","geometry":{"type":"LineString","coordinates":[[18.583388,54.3897669],[18.5841507,54.3901524]]},"properties":{"lanes":"2","leisure":"track","sport":"running"}},
{"type":"Feature","geometry":{"type":"LineString","coordinates":[[18.5925751,54.4111817],[18.5925525,54.4112236],[18.5926595,54.4112431],[18.5936554,54.4114248],[18.5936786,54.411382],[18.5926789,54.4112006],[18.5925751,54.4111817]]},"properties":{"lanes":"4","leisure":"track","lit":"yes","sport":"running","surface":"tartan"}},
{"type":"Feature","geometry":{"type":"LineString","coordinates":[[18.581756,54.3913396],[18.5824827,54.3917029]]},"properties":{"area":"no","athletics":"long_jump","leisure":"track","sport":"athletics"}},
{"type":"Feature","geometry":{"type":"LineString","coordinates":[[18.5824225,54.3917308],[18.5817583,54.3914003]]},"properties":{"area":"no","athletics":"long_jump","leisure":"track","sport":"athletics"}},
{"type":"Feature","geometry":{"type":"LineString","coordinates":[[18.594067,54.3946962],[18.5940333,54.3946427],[18.5938794,54.394293],[18.5938681,54.3942531],[18.593877,54.3942086],[18.5938954,54.3941784],[18.5939177,54.3941499],[18.593958400000003,54.3941189],[18.594016,54.3940907],[18.5940766,54.3940713],[18.5941474,54.394058],[18.5942332,54.3940608],[18.5943379,54.3940778],[18.5944183,54.3941126],[18.5944773,54.3941465],[18.5946821,54.3945837],[18.5946687,54.3946496],[18.5946249,54.3947071],[18.5945578,54.3947509],[18.5944786,54.3947796],[18.5943781,54.3947946],[18.5942842,54.3947899],[18.594185,54.3947665],[18.5941125,54.3947337],[18.594067,54.3946962]]},"properties":{"area":"no","lanes":"4","leisure":"track","sport":"running"}},
{"type":"Feature","geometry":{"type":"LineString","coordinates":[[18.5944773,54.3941465],[18.594429,54.3940372]]},"properties":{"area":"no","lanes":"4","leisure":"track","sport":"running"}},
{"type":"Feature","geometry":{"type":"LineString","coordinates":[[18.5864856,54.3614472],[18.5867759,54.3617066],[18.5869655,54.3616345],[18.5866752,54.3613751],[18.5864856,54.3614472]]},"properties":{"building":"yes","leisure":"sports_centre"}},
{"type":"Feature","geometry":{"type":"LineString","coordinates":[[18.6199547,54.3794465],[18.6205973,54.3794492],[18.6206017,54.3790921],[18.6199592,54.3790894],[18.6199547,54.3794465]]},"properties":{"leisure":"sports_centre"}},
{"type":"Feature","geometry":{"type":"LineString","coordinates":[[18.6485659,54.3537801],[18.6485433,54.3537743],[18.6484595,54.3537527],[18.6483709,54.3537298],[18.6483357,54.3537207],[18.6484074,54.3536131],[18.648449,54.3536188],[18.6485457,54.3536322],[18.6486322,54.3536441],[18.6486577,54.3536476],[18.6485659,54.3537801]]},"properties":{"alt_name":"Most Miłości","bridge:structure":"arch","description":"Zakochani wieszają tutaj kłódki symbolizujące ich miłość","layer":"1","level":"1","lit":"yes","man_made":"bridge","name":"Most Chlebowy","name:be":"Хлебны мост","old_name:de":"Brotbrücke","tourism":"attraction"}},
{"type":"Feature","geometry":{"type":"LineString","coordinates":[[18.5664846,54.4444816],[18.5666446,54.4445265],[18.5668649,54.4442284],[18.566853,54.4442255],[18.5668601,54.4442161],[18.5668501,54.4442134],[18.5668424,54.4442236],[18.5668184,54.4442183],[18.5668269,54.444207],[18.5668118,54.4442028],[18.5668051,54.4442125],[18.5667762,54.4442061],[18.5667793,54.4441979],[18.5667637,54.4441961],[18.5667612,54.444199],[18.5667514,54.4441967],[18.5667457,54.4442044],[18.5667068,54.4441952],[18.5667121,54.4441883],[18.5667078,54.4441833],[18.5666521,54.4441587],[18.5666448,54.4441668],[18.5666275,54.4441622],[18.5666335,54.4441535],[18.5666177,54.4441492],[18.5666096,54.4441598],[18.5666001,54.4441595],[18.566595,54.4441647],[18.5666014,54.4441665],[18.5665801,54.4441869],[18.5665783,54.444207],[18.5665249,54.4442742],[18.5665116,54.4442712],[18.5664659,54.4443345],[18.566402,54.4444173],[18.5663591,54.4444762],[18.5663563,54.4444799],[18.5663732,54.4444845],[18.5664338,54.4444287],[18.5665021,54.4444582],[18.5664945,54.444466],[18.5664846,54.4444816]]},"properties":{"addr:city":"Sopot","addr:housenumber":"53","addr:postcode":"81-767","addr:street":"Bohaterów Monte Cassino","building":"yes","name":"Krzywy Domek","name:be":"Крывы Дом","tourism":"attraction","website":"https://krzywydomek.info/","wheelchair":"limited","wikidata":"Q959999","wikipedia":"pl:Krzywy Domek"}},
{"type":"Feature","geometry":{"type":"LineString","coordinates":[[18.6233382,54.3210573],[18.6233611,54.3210249],[18.6232915,54.3209974],[18.6233976,54.3209342],[18.6234464,54.320976],[18.623494,54.3209661],[18.6235473,54.3209653],[18.6235344,54.3209989],[18.6234977,54.3210379],[18.6234572,54.3210584],[18.6233953,54.3210793],[18.6233461,54.3210883],[18.6233382,54.3210573]]},"properties":{"amenity":"theatre","building":"hut","name":"Amfiteatr Orana"}},
{"type":"Feature","geometry":{"type":"LineString","coordinates":[[18.6489759,54.3605457],[18.6489384,54.3605235],[18.6489219,54.360533],[18.6489595,54.3605551],[18.6489755,54.3605646],[18.6490132,54.3605868],[18.6490296,54.3605773],[18.6489919,54.3605551],[18.6489759,54.3605457]]},"properties":{"building":"yes","height":"37","min_height":"35.5"}},
{"type":"Feature","geometry":{"type":"LineString","coordinates":[[18.6490262,54.3604948],[18.6490755,54.3604819],[18.6490661,54.3604697],[18.6490169,54.3604826],[18.6489962,54.3604881],[18.6489475,54.3605008],[18.6489569,54.3605129],[18.6490055,54.3605002],[18.6490262,54.3604948]]},"properties":{"building":"yes","height":"37","min_height":"35.5"}},
{"type":"Feature","geometry":{"type":"LineString","coordinates":[[18.6490886,54.3605477],[18.6490658,54.3605773],[18.6490867,54.3605828],[18.6491095,54.3605531],[18.649119,54.3605408],[18.649142,54.360511],[18.6491211,54.3605055],[18.6490981,54.3605353],[18.6490886,54.3605477]]},"properties":{"building":"yes","height":"37","min_height":"35.5"}},
{"type":"Feature","geometry":{"type":"LineString","coordinates":[[18.5121879,54.3511178],[18.5128334,54.3516303]]},"properties":{"lanes":"4","leisure":"track","sport":"running"}},
{"type":"Feature","geometry":{"type":"LineString","coordinates":[[18.5124097,54.351198],[18.5127231,54.3514614]]},"properties":{"leisure":"track","sport":"long_jump"}},
{"type":"Feature","geometry":{"type":"LineString","coordinates":[[18.5671482,54.3257442],[18.5678778,54.3252628]]},"properties":{"lanes":"4","leisure":"track","lit":"yes","sport":"running"}},
{"type":"Feature","geometry":{"type":"LineString","coordinates":[[18.6357588,54.3202604],[18.6350024,54.3202416],[18.635022,54.319967],[18.6356238,54.3199816],[18.6356324,54.3199818],[18.6356156,54.3202165],[18.6356529,54.3202174],[18.6356885,54.3202183],[18.6357617,54.32022],[18.6357588,54.3202604]]},"properties":{"building":"yes","leisure":"sports_centre","name":"Pływalnia Orunia","sport":"swimming"}},
{"type":"Feature","geometry":{"type":"LineString","coordinates":[[18.644756,54.3638926],[18.6447589,54.3639323],[18.6447713,54.3639369],[18.6447386,54.3639716],[18.6447115,54.3639984],[18.6448646,54.3640488],[18.64496,54.3640839],[18.6450154,54.3641042],[18.6458806,54.3642061],[18.645931,54.364155],[18.645934,54.3641434],[18.6459769,54.3641462],[18.6460242,54.3641135],[18.646051,54.3640076],[18.6460678,54.3638364],[18.6456114,54.3637854],[18.6456358,54.3636702],[18.6454608,54.3636983],[18.6453666,54.3637118],[18.6450771,54.3637582],[18.6450399,54.3637722],[18.6449657,54.363805],[18.6449747,54.3638476],[18.6449347,54.3638643],[18.6448746,54.3638436],[18.644756,54.3638926]]},"properties":{"addr:city":"Gdańsk","addr:housenumber":"5","addr:postcode":"80-863","addr:street":"Księdza Jerzego Popiełuszki","amenity":"community_centre","contact:facebook":"https://www.facebook.com/100cznia/","name":"100cznia","opening_hours":"Tu-Th 13:00-24:00; Fr 13:00-02:00; Sa 12:00-02:00; Su 12:00-24:00","phone":"+48 508 796 745","seasonal":"spring/summer","tourism":"attraction","website":"https://100cznia.pl/"}},
{"type":"Feature","geometry":{"type":"LineString","coordinates":[[18.6214966,54.3400011],[18.6214969,54.340008],[18.6213917,54.3400108],[18.6213978,54.3401322],[18.6210388,54.3401403],[18.6210357,54.3401053],[18.6208878,54.3401089],[18.6208878,54.3401221],[18.6208147,54.3401232],[18.6208062,54.3399266],[18.6207784,54.3399266],[18.6207661,54.3397604],[18.6208154,54.3397604],[18.6208108,54.3397496],[18.6207815,54.3397469],[18.6207599,54.3397344],[18.6207492,54.3397155],[18.6207476,54.339694],[18.620763,54.3396823],[18.6207846,54.3396715],[18.6208108,54.3396706],[18.6208431,54.3396733],[18.6208632,54.3396841],[18.6209263,54.3396356],[18.6212899,54.3396284],[18.621333,54.3396383],[18.6213946,54.3396643],[18.621368,54.339683],[18.6213865,54.3396927],[18.6214006,54.3397045],[18.621414,54.339722],[18.6214192,54.339746],[18.6214739,54.3397456],[18.6214966,54.3400011]]},"properties":{"building":"yes","leisure":"sports_centre","source:geometry":"polska.e-mapa.net: Buildings","sport":"swimming"}},
{"type":"Feature","geometry":{"type":"LineString","coordinates":[[18.620688,54.3395475],[18.6206842,54.339515],[18.620667,54.3390683]]},"properties":{"lanes":"4","leisure":"track","lit":"yes","sport":"running"}},
{"type":"Feature","geometry":{"type":"LineString","coordinates":[[18.673391,54.347199],[18.673534,54.347179],[18.673677,54.347158],[18.673547,54.346838],[18.673401,54.346858],[18.673314,54.346871],[18.6733299,54.3469078],[18.673365,54.346989],[18.673312,54.346997],[18.673391,54.347199]]},"properties":{"access":"customers","addr:city":"Gdańsk","addr:housenumber":"1","addr:postcode":"80-729","addr:street":"Zawodników","branch":"Gdańsk","description":"Strzelnica sportowo-rekreacyjna. Posiada dwie osie strzeleckie, 15 i 25 m. Należy do klubu sportowego, ale obsługuje również osoby spoza klubu.","email":"klubstrzelajacychinaczej@gmail.com","fee":"yes","indoor":"yes","leisure":"sports_centre","lit":"yes","name":"Strzelnica Klubu Strzelających Inaczej","note":"Pierwotnym przeznaczeniem budynku jest właśnie strzelnica cywilna.","opening_hours":"Mo-Th 17:00-22:00; Fr-Su 10:00-22:00","operator":"Klub Strzelających Inaczej","operator:type":"private_non_profit","payment:cash":"yes","payment:credit_cards":"yes","payment:debit_cards":"yes","phone":"+48 576 995 350","shooting":"indoor_range","sport":"shooting","website":"https://www.strzelamyinaczej.pl/strzelnica-gdansk/"}},
{"type":"Feature","geometry":{"type":"LineString","coordinates":[[18.5268545,54.2947892],[18.5267959,54.2947908],[18.5267944,54.2947726],[18.5267869,54.2947728],[18.526785,54.2947493],[18.5267928,54.2947491],[18.5267885,54.2946962],[18.5268473,54.2946945],[18.5268477,54.2946994],[18.5268668,54.2946989],[18.5268664,54.2946942],[18.5269435,54.2946921],[18.5269478,54.2947448],[18.5269409,54.294745],[18.5269425,54.2947639],[18.526949,54.2947637],[18.5269517,54.2947973],[18.526874,54.2947995],[18.5268727,54.2947834],[18.5268541,54.2947839],[18.5268545,54.2947892]]},"properties":{"addr:city":"Bąkowo","addr:city:simc":"0164010","addr:housenumber":"6","addr:postcode":"83-050","addr:street":"Otomińska","addr:street:sym_ul":"15451","amenity":"community_centre","building":"yes","name":"Świetlica w Bąkowie","source:addr":"kolbudy.e-mapa.net"}},
{"type":"Feature","geometry":{"type":"LineString","coordinates":[[18.568919,54.421252],[18.5686815,54.4212262],[18.5687678,54.4209417],[18.5690027,54.4209661],[18.568919,54.421252]]},"properties":{"building":"yes","building:levels":"1","check_date":"2025-03-12","leisure":"sports_centre","operator":"Body Club","roof:shape":"round","sport":"tennis"}},
{"type":"Feature","geometry":{"type":"LineString","coordinates":[[18.5724457,54.4297805],[18.5722513,54.430014],[18.5721727,54.4301113],[18.5720605,54.4301923],[18.5717581,54.4303249],[18.5714113,54.4304037],[18.5710837,54.4304585],[18.5698175,54.4305711],[18.5685704,54.4306769],[18.568277,54.4306954],[18.5681227,54.4306981],[18.5679805,54.430696],[18.5677894,54.4306684],[18.5676842,54.4306451],[18.5675741,54.4306106],[18.5674886,54.4305752],[18.567413,54.4305339],[18.5670868,54.4302935],[18.5669978,54.4302151],[18.5669068,54.4301262],[18.5668582,54.4300697],[18.5668257,54.4300272],[18.5668043,54.4299752],[18.5667893,54.4299091],[18.5667912,54.4298409],[18.5668138,54.429752],[18.5672898,54.428305],[18.5677561,54.4268187],[18.5677923,54.4267184],[18.5678415,54.4266296],[18.5679554,54.4264602],[18.5681193,54.4262795],[18.5683428,54.4260837],[18.5686001,54.4258784],[18.5689081,54.4256925],[18.5691976,54.4255734],[18.5695389,54.4254534],[18.5699925,54.4253552],[18.5703874,54.4253197],[18.5706491,54.4253121],[18.5709839,54.425308],[18.5715042,54.4253087],[18.5722673,54.4253208],[18.5724045,54.4253262],[18.5725669,54.4253419],[18.5727262,54.4253643],[18.5729032,54.4253914],[18.5730663,54.4254304],[18.5732147,54.4254695],[18.5734926,54.4255689],[18.5737266,54.4256723],[18.5739804,54.4257988],[18.5742098,54.4259422],[18.5743543,54.4260755],[18.5744286,54.4261728],[18.5744915,54.4262704],[18.5745282,54.4263508],[18.5745502,54.4264363],[18.5745632,54.4265062],[18.5745581,54.4266666],[18.5745206,54.4269022],[18.5744418,54.4271628],[18.574392,54.4272735],[18.5743306,54.4273665],[18.5732116,54.4287754],[18.5724457,54.4297805]]},"properties":{"source":"http://hipodrom.sopot.pl"}},
{"type":"Feature","geometry":{"type":"LineString","coordinates":[[18.566756,54.4297913],[18.56774,54.4267439],[18.5677994,54.4266223],[18.5679313,54.4264494],[18.5680882,54.426269],[18.5683259,54.426063],[18.5685825,54.4258694],[18.5688927,54.4256855],[18.5691815,54.4255596],[18.5695249,54.4254428],[18.569992,54.4253426],[18.5703889,54.425308],[18.5708631,54.4252893],[18.5709986,54.4252893],[18.5714882,54.4252886],[18.5722595,54.4252949],[18.572572,54.4253149],[18.5728798,54.4253598],[18.5732161,54.4254352],[18.5735085,54.4255396],[18.5737521,54.4256405],[18.5740052,54.4257774],[18.5742393,54.4259219],[18.574392,54.4260668],[18.5744705,54.4261656],[18.5745406,54.4262693],[18.5746065,54.4264425],[18.5746054,54.4266658],[18.5745733,54.4269071],[18.5745031,54.4271656],[18.5744509,54.4272859],[18.5743843,54.427391],[18.5727514,54.4294912],[18.572515,54.4298058],[18.5723474,54.4300215],[18.5721881,54.4301908],[18.5720218,54.4302938],[18.5718031,54.4303747],[18.5716311,54.4304193],[18.5713075,54.4304801],[18.5711055,54.4304971],[18.5706943,54.4305365],[18.5694738,54.4306339],[18.568554,54.4307093],[18.5681987,54.4307224],[18.5679539,54.4307155],[18.5677305,54.4306809],[18.5675724,54.4306388],[18.567412,54.4305634],[18.5672408,54.4304521],[18.5670994,54.4303422],[18.5669758,54.4302323],[18.5668356,54.430094],[18.5667738,54.4299883],[18.56675,54.4298998],[18.566756,54.4297913]]},"properties":{"natural":"grassland"}},
{"type":"Feature","geometry":{"type":"LineString","coordinates":[[18.6602383,54.3452213],[18.6602738,54.3452169],[18.660229,54.3450953],[18.6601935,54.3450998],[18.6602383,54.3452213]]},"properties":{"autor":"Daniel Milohnic, Lex Rijkers","building":"container","name":"LKW Gallery","start_date":"2008","tourism":"gallery"}},
{"type":"Feature","geometry":{"type":"LineString","coordinates":[[18.6714447,54.3545924],[18.6711927,54.3544035]]},"properties":{"leisure":"track","sport":"running"}},
{"type":"Feature","geometry":{"type":"LineString","coordinates":[[18.620667,54.3390683],[18.6206834,54.3390397],[18.6207277,54.3390234],[18.6211083,54.339018],[18.6211504,54.3390261],[18.6211737,54.3390506],[18.6211924,54.3394713],[18.621176,54.3394971],[18.6211387,54.3395094],[18.6206842,54.339515]]},"properties":{"lanes":"2","leisure":"track","lit":"yes","sport":"running"}},
{"type":"Feature","geometry":{"type":"LineString","coordinates":[[18.6399032,54.3621232],[18.6393301,54.3618224],[18.6397886,54.3615258],[18.6400992,54.3613249],[18.6402784,54.361419],[18.6406723,54.3616257],[18.6399032,54.3621232]]},"properties":{"email":"lodowisko@scenamuzyczna.pl","leisure":"ice_rink","name":"Gdańskie Lodowisko","operator":"Scena Muzyczna Gdańskiego Archipelagu Kultury","phone":"+48 58 341 69 64","seasonal":"winter","sport":"ice_skating","website":"https://gak.gda.pl/placowki/gdanskie-lodowisko/"}},
{"type":"Feature","geometry":{"type":"LineString","coordinates":[[18.6588797,54.3516261],[18.6588698,54.3515837],[18.6590343,54.3515707],[18.6590442,54.3516131],[18.6588797,54.3516261]]},"properties":{"engine":"ship_engine","machine":"engine","man_made":"machine","name":"Silnik główny ze statku m.s. \"Romuald Traugutt\"","opening_hours":"24/7","tourism":"attraction","wheelchair":"yes"}},
{"type":"Feature","geometry":{"type":"LineString","coordinates":[[18.5602247,54.4187087],[18.5602335,54.4187251],[18.5602359,54.4187246],[18.5602692,54.4187871],[18.5605534,54.419321],[18.5610818,54.4192251],[18.560816,54.4187266],[18.5608192,54.418726],[18.5608078,54.4187042],[18.5607952,54.4186807],[18.5607588,54.4186121],[18.5607333,54.4186165],[18.5607338,54.4186174],[18.5602502,54.4187051],[18.5602497,54.4187042],[18.5602247,54.4187087]]},"properties":{"addr:city":"Gdańsk","addr:country":"PL","addr:housenumber":"1","addr:postcode":"80-336","addr:street":"Kazimierza Górskiego","alt_name":"Centrum Innowacyjno-Wdrożeniowe AWFiS","amenity":"university","building":"university","building:levels":"3","leisure":"sports_centre","name":"Hala Gimnastyczna im. Leszka Blanika","source":"www.geoportal.gov.pl","sport":"gymnastics"}},
{"type":"Feature","geometry":{"type":"LineString","coordinates":[[18.5857152,54.4327775],[18.5857663,54.4328031],[18.5857703,54.4328004],[18.5858155,54.4328043],[18.5858645,54.4328204],[18.5858983,54.4328468],[18.5859231,54.4328457],[18.5859515,54.4328485],[18.5859728,54.4328341],[18.5860193,54.432818],[18.5860547,54.4328143],[18.5860872,54.4328159],[18.5860927,54.4328184],[18.5861584,54.4327742],[18.5861101,54.43275],[18.5861082,54.4327515],[18.5860795,54.4327371],[18.5860817,54.4327356],[18.585908,54.4326483],[18.5857152,54.4327775]]},"properties":{"addr:city":"Sopot","addr:housenumber":"67C","addr:postcode":"81-731","addr:street":"Bitwy pod Płowcami","building":"sports_centre","building:levels":"2","leisure":"sports_centre","name":"Miejski Ośrodek Sportu i Rekreacji w Sopocie","source":"www.geoportal.gov.pl"}},
{"type":"Feature","geometry":{"type":"LineString","coordinates":[[18.6591005,54.3615649],[18.6588118,54.3615845],[18.6587984,54.361565],[18.6587305,54.3614483],[18.6587744,54.3614323],[18.6590268,54.361389],[18.6590325,54.3614087],[18.6591249,54.361395],[18.659157,54.3613903],[18.659193900000003,54.3614678],[18.6592092,54.3615],[18.659217,54.3615252],[18.6592298,54.3615668],[18.6591005,54.3615649]]},"properties":{"addr:city":"Gdańsk","addr:housenumber":"1","addr:postcode":"80-863","addr:street":"Dokowa","amenity":"community_centre","name":"Przystań Cesarska Chill Stage"}},
{"type":"Feature","geometry":{"type":"LineString","coordinates":[[18.6257421,54.3870074],[18.6255977,54.3868329],[18.6253659,54.3865497],[18.625236,54.3863726]]},"properties":{"lanes":"3","leisure":"track","sport":"running"}},
{"type":"Feature","geometry":{"type":"LineString","coordinates":[[18.6255977,54.3868329],[18.6256019,54.3868874],[18.6255784,54.3869402],[18.6255293,54.3869867],[18.6255222,54.3869926],[18.6254589,54.3870226],[18.6253734,54.387045],[18.6252805,54.3870517],[18.6251882,54.3870422],[18.6251049,54.3870173],[18.6250683,54.3869959],[18.6250304,54.3869679],[18.6248275,54.3867124],[18.6248145,54.3866579],[18.6248304,54.3866036],[18.6248739,54.3865547],[18.6249407,54.3865158],[18.6250246,54.3864904],[18.6251177,54.386481],[18.6252114,54.3864885],[18.6252968,54.3865121],[18.6253659,54.3865497]]},"properties":{"lanes":"2","leisure":"track","sport":"running"}},
{"type":"Feature","geometry":{"type":"LineString","coordinates":[[18.6535582,54.3576988],[18.6528019,54.3573894]]},"properties":{"lanes":"3","leisure":"track","sport":"running","surface":"tartan"}},
{"type":"Feature","geometry":{"type":"LineString","coordinates":[[18.6525079,54.3576211],[18.6527385,54.3574219]]},"properties":{"leisure":"track","sport":"long_jump"}},
{"type":"Feature","geometry":{"type":"LineString","coordinates":[[18.658352,54.3552855],[18.6588181,54.3551506],[18.6588521,54.3551358],[18.6588878,54.3551115],[18.6589047,54.3550911],[18.6589091,54.3550696],[18.658908,54.3550353],[18.6588975,54.3550126],[18.6588759,54.3549903],[18.6588303,54.3549675],[18.6587643,54.3549562],[18.658725,54.3549529],[18.6586798,54.3549566],[18.6582092,54.3551002],[18.6581608,54.3551305],[18.6581455,54.3551616],[18.6581391,54.3551891],[18.6581426,54.3552154],[18.6581677,54.3552397],[18.6581937,54.3552611],[18.6582455,54.3552793],[18.658299,54.3552885],[18.658352,54.3552855]]},"properties":{"area":"no","lanes":"2","leisure":"track","lit":"no","sport":"running","surface":"tartan"}},
{"type":"Feature","geometry":{"type":"LineString","coordinates":[[18.6589371,54.3551484],[18.6583954,54.3553253],[18.6583209,54.3553338],[18.658246,54.3553234],[18.6581724,54.3552992],[18.6581333,54.3552729],[18.6580833,54.355222500000007],[18.6580666,54.3551766],[18.6580676,54.3551357],[18.6580702,54.3550921],[18.6581017,54.3550449],[18.6581617,54.3549952],[18.6582401,54.3549328],[18.6583209,54.3548988],[18.658372,54.354885],[18.6584414,54.3548701],[18.6585336,54.3548615],[18.6586248,54.3548647],[18.6589103,54.3549183],[18.6589645,54.3549482],[18.659003,54.3549889],[18.6590222,54.3550242],[18.6590268,54.3550596],[18.659011,54.3550923],[18.658984,54.3551157],[18.6589371,54.3551484]]},"properties":{"area":"no","leisure":"track","lit":"no","sport":"rollers;skaters"}},
{"type":"Feature","geometry":{"type":"LineString","coordinates":[[18.6580426,54.3531311],[18.6580495,54.3531444],[18.6580494,54.3531584],[18.6580422,54.3531717],[18.6580286,54.3531832],[18.6580099,54.3531919],[18.6579855,54.3531972],[18.6579595,54.3531977],[18.6579346,54.3531933],[18.6579134,54.3531845],[18.6578981,54.3531723],[18.6578903,54.3531578],[18.6578908,54.3531427],[18.6578996,54.3531284],[18.6579157,54.3531165],[18.6579375,54.3531083],[18.6579627,54.3531045],[18.6579886,54.3531056],[18.6580105,54.3531107],[18.6580292,54.3531195],[18.6580426,54.3531311]]},"properties":{"attraction":"carousel","building":"yes","fee":"15 PLN","name":"Karuzela Gdańska","tourism":"attraction"}},
{"type":"Feature","geometry":{"type":"LineString","coordinates":[[18.6563093,54.3527886],[18.6552362,54.3526959]]},"properties":{"lanes":"4","leisure":"track","sport":"running","surface":"tartan"}},
{"type":"Feature","geometry":{"type":"LineString","coordinates":[[18.5676952,54.3259268],[18.5680718,54.3256807]]},"properties":{"lanes":"1","leisure":"track","sport":"long_jump"}},
{"type":"Feature","geometry":{"type":"LineString","coordinates":[[18.5711279,54.3082738],[18.5722223,54.3082691]]},"properties":{"lanes":"4","leisure":"track","sport":"running"}},
{"type":"Feature","geometry":{"type":"LineString","coordinates":[[18.5707306,54.3071836],[18.5708456,54.3070655],[18.5709876,54.3069197],[18.5715904,54.3071196],[18.5714021,54.3073129],[18.5713598,54.3072989],[18.5712902,54.3073704],[18.5708921,54.3072385],[18.5708669,54.3072645],[18.5708374,54.3072547],[18.5708027,54.3072432],[18.570829,54.3072162],[18.5707306,54.3071836]]},"properties":{"building":"yes","leisure":"sports_centre"}},
{"type":"Feature","geometry":{"type":"LineString","coordinates":[[18.5716232,54.3082197],[18.5711302,54.3082197]]},"properties":{"leisure":"track","sport":"long_jump"}},
{"type":"Feature","geometry":{"type":"LineString","coordinates":[[18.6311538,54.3693732],[18.6314274,54.369531],[18.6314352,54.3695264],[18.6315152,54.3694794],[18.6319887,54.3692004],[18.6317139,54.3690418],[18.6316643,54.3690711],[18.6312551,54.3693133],[18.6311538,54.3693732]]},"properties":{"addr:city":"Gdańsk","addr:housenumber":"12","addr:postcode":"80-219","addr:street":"Aleja Zwycięstwa","building":"yes","building:levels":"2","leisure":"sports_centre","name":"Hala Sportowa","ref":"70","source":"www.geoportal.gov.pl","sport":"volleyball;basketball;handball;soccer"}},
{"type":"Feature","geometry":{"type":"LineString","coordinates":[[18.6310107,54.3702759],[18.6310177,54.370269],[18.631041,54.3702471],[18.631054,54.3702348],[18.6310792,54.3702111],[18.6311766,54.3701188],[18.631228,54.3700701],[18.6311782,54.3700537],[18.6311277,54.370037],[18.6309126,54.3702405],[18.6310107,54.3702759]]},"properties":{"building:levels":"2","building:part":"yes","leisure":"sports_centre","sport":"multi"}},
{"type":"Feature","geometry":{"type":"LineString","coordinates":[[18.6313893,54.3699176],[18.6314108,54.3698972],[18.6313635,54.3698803],[18.6313126,54.369862],[18.6313012,54.3698728],[18.6312921,54.3698814],[18.6311505,54.3700154],[18.6311277,54.370037],[18.6311782,54.3700537],[18.631228,54.3700701],[18.6313893,54.3699176]]},"properties":{"building:levels":"2","building:min_level":"1","building:part":"yes","leisure":"sports_centre","sport":"multi"}},
{"type":"Feature","geometry":{"type":"LineString","coordinates":[[18.7174127,54.2936813],[18.7175312,54.2936932],[18.7175059,54.2937789],[18.7174027,54.2937686],[18.7174147,54.293728],[18.7173993,54.2937264],[18.7174127,54.2936813]]},"properties":{"addr:housenumber":"5C","addr:place":"Mokry Dwór","addr:postcode":"83-021","amenity":"community_centre","building":"yes","name":"Świetlica wiejska","source":"Geoportal 2: PRNG (geo names); National Integration of Land Registers: Buildings","source:addr":"pruszczgdanski.e-mapa.net"}},
{"type":"Feature","geometry":{"type":"LineString","coordinates":[[18.6595534,54.3617862],[18.6599833,54.3619561],[18.6601085,54.3620091],[18.659818,54.362228],[18.6596795,54.3623329],[18.6595214,54.3624527],[18.6593443,54.3618392],[18.6595534,54.3617862]]},"properties":{"amenity":"community_centre","facebook":"https://www.facebook.com/dokcesarski/","name":"Dok Cesarski"}},
{"type":"Feature","geometry":{"type":"LineString","coordinates":[[18.6481677,54.3638221],[18.6484639,54.3638366],[18.6484607,54.3638617],[18.6484416,54.3640125],[18.6484283,54.3641134],[18.6483979,54.3644178],[18.6483876,54.3644177],[18.6483243,54.3649564],[18.648332,54.3649569],[18.6483158,54.3651057],[18.6483028,54.365225],[18.6481769,54.36522],[18.6479658,54.3650825],[18.648018,54.3645899],[18.6480672,54.364593],[18.6481639,54.3638513],[18.6481677,54.3638221]]},"properties":{"addr:city":"Gdańsk","addr:street":"Elektryków","amenity":"community_centre","name":"Ulica Elektryków","name:etymology:wikidata":"Q165029"}},
{"type":"Feature","geometry":{"type":"LineString","coordinates":[[18.5975377,54.3323207],[18.5975377,54.3321491]]},"properties":{"leisure":"track","sport":"long_jump"}},
{"type":"Feature","geometry":{"type":"LineString","coordinates":[[18.4558564,54.4168521],[18.4559016,54.4172023],[18.4557753,54.4172242],[18.4551526,54.4173325],[18.4550976,54.4168898],[18.4556807,54.4168605],[18.4558564,54.4168521]]},"properties":{"addr:city":"Gdańsk","addr:housenumber":"25","addr:postcode":"80-299","addr:street":"Penelopy","leisure":"sports_centre","name":"Squash Center Osowa","sport":"tennis;sqash"}},
{"type":"Feature","geometry":{"type":"LineString","coordinates":[[18.5976374,54.4145822],[18.597648,54.4145617],[18.5976598,54.4145409],[18.5975972,54.4144742],[18.5977476,54.4141697],[18.5979964,54.4141562],[18.5991529,54.4143587],[18.5997716,54.4144669],[18.6000835,54.4145215],[18.6001043,54.4146912],[18.5995907,54.4150856],[18.5994564,54.4151943],[18.5993816,54.4152481],[18.5992205,54.4152231],[18.5992069,54.4152304],[18.5976298,54.4149938],[18.5976356,54.4149532],[18.5973793,54.4149155],[18.5975246,54.4146214],[18.5976374,54.4145822]]},"properties":{"addr:city":"Gdańsk","addr:country":"PL","addr:housenumber":"13","addr:postcode":"80-373","addr:street":"Prezydenta Lecha Kaczyńskiego","barrier":"fence","email":"biuro@sportpark.com.pl","leisure":"sports_centre","name":"Sport Park Przymorze","phone":"509 024 105","sport":"tennis;soccer;badminton","website":"https://www.sportpark.com.pl/"}},
{"type":"Feature","geometry":{"type":"LineString","coordinates":[[18.5974845,54.410669],[18.5974401,54.410662],[18.597177,54.4112265],[18.5972213,54.4112335],[18.5974845,54.410669]]},"properties":{"lanes":"4","leisure":"track","sport":"running"}},
{"type":"Feature","geometry":{"type":"LineString","coordinates":[[18.5679068,54.4031008],[18.5678266,54.403071],[18.5677551,54.403034],[18.5676955,54.402989],[18.56763,54.4029235],[18.5676073,54.4028734],[18.5675932,54.4028208],[18.5675932,54.4027545],[18.5676204,54.4026822],[18.5681536,54.4019325],[18.5682053,54.4018646],[18.5682944,54.4017995],[18.5684059,54.401758],[18.5685476,54.4017281],[18.5686924,54.4017169],[18.5688315,54.4017201],[18.5689577,54.401742],[18.5690653,54.4017751],[18.5691671,54.4018294],[18.5692498,54.4018844],[18.5693002,54.4019508],[18.5693286,54.4020307],[18.5693359,54.4020933],[18.569328,54.4021562],[18.5692857,54.4022166],[18.5687385,54.4029457],[18.56865,54.4030121],[18.5685454,54.4030691],[18.5684301,54.4031073],[18.5683067,54.4031308],[18.5681981,54.4031354],[18.5680801,54.4031284],[18.5679782,54.4031159],[18.5679068,54.4031008]]},"properties":{"access":"no","leisure":"track","surface":"unpaved"}},
{"type":"Feature","geometry":{"type":"LineString","coordinates":[[18.5813713,54.3901147],[18.5813419,54.3900884],[18.5813287,54.3900579],[18.5813333,54.3900266],[18.5813551,54.3899978],[18.5813917,54.3899747],[18.5814393,54.3899598],[18.5814925,54.3899547],[18.5815458,54.3899599],[18.5815932,54.389975],[18.5816297,54.3899981],[18.5816512,54.3900269],[18.5816556,54.3900583],[18.5816422,54.3900887],[18.5816126,54.390115],[18.5815699,54.3901342],[18.5815189,54.3901444],[18.5814649,54.3901443],[18.5814138,54.3901341],[18.5813713,54.3901147]]},"properties":{"attraction":"maze","description":"Labirynt","tourism":"attraction"}},
{"type":"Feature","geometry":{"type":"LineString","coordinates":[[18.4045615,54.390601],[18.4045009,54.3906018],[18.4044315,54.3905814],[18.4038735,54.3903467],[18.403832,54.3903361],[18.4037735,54.3903319],[18.4036929,54.3903338],[18.4036113,54.3903316],[18.4035677,54.3903257],[18.4035187,54.3903143],[18.4034775,54.3902953],[18.4034439,54.3902679],[18.4034199,54.3902336],[18.4034165,54.3901945],[18.4034252,54.3901517],[18.4034554,54.3900959],[18.4035588,54.3899885],[18.4038416,54.38969],[18.4039001,54.3896475],[18.4039567,54.3896182],[18.4040306,54.3895933],[18.4040982,54.3895827],[18.4041783,54.3895819],[18.4042546,54.3896029],[18.4045463,54.3897207],[18.4046051,54.3897697],[18.4046189,54.3898179],[18.4045783,54.389905],[18.4045761,54.3899656],[18.4046452,54.3900412],[18.4047812,54.3900953],[18.4048285,54.3901329],[18.4048612,54.3901812],[18.4048647,54.3902371],[18.4048147,54.3903025],[18.4047458,54.3903718],[18.4047026,54.3904503],[18.4046796,54.3905289],[18.4046502,54.3905601],[18.4046027,54.3905844],[18.4045615,54.390601]]},"properties":{"area":"no","highway":"path","leisure":"track","sport":"roller_skating","surface":"paving_stones"}},
{"type":"Feature","geometry":{"type":"LineString","coordinates":[[18.6488532,54.363968],[18.6488684,54.363814],[18.6490154,54.3637872],[18.6492542,54.3637443],[18.6491811,54.3639011],[18.6496733,54.3642073],[18.6495909,54.3642757],[18.6496267,54.3643018],[18.6496476,54.3643123],[18.6495011,54.3644473],[18.6494759,54.3644382],[18.6494247,54.3644857],[18.6494047,54.364505],[18.6492547,54.3644544],[18.6491566,54.3644492],[18.6488569,54.3644349],[18.6488855,54.3641964],[18.6489149,54.3641978],[18.6489202,54.3641474],[18.6488914,54.3641454],[18.6488938,54.3641261],[18.6489058,54.3640309],[18.6488473,54.3640275],[18.6488532,54.363968]]},"properties":{"amenity":"community_centre","name":"Plener 33"}},
{"type":"Feature","geometry":{"type":"LineString","coordinates":[[18.5767613,54.4161071],[18.5768404,54.4160991],[18.5769122,54.416078],[18.5769704,54.4160459],[18.5770103,54.4160053],[18.5770283,54.4159597],[18.5770229,54.4159131],[18.5769946,54.4158693],[18.5769458,54.4158321],[18.5768807,54.4158048],[18.5766006,54.4157609],[18.5764627,54.4160604],[18.5767613,54.4161071]]},"properties":{"amenity":"theatre","theatre:type":"open_air"}},
{"type":"Feature","geometry":{"type":"LineString","coordinates":[[18.5596399,54.4166115],[18.5596629,54.4164908],[18.5597154,54.416431],[18.5598011,54.4163333],[18.5599899,54.4162529],[18.5601367,54.4162167],[18.5602922,54.416193],[18.5604532,54.4161948],[18.5605885,54.4162078],[18.5607835,54.4162636],[18.5609293,54.4162401],[18.5615198,54.4173852],[18.561451,54.4174001],[18.5614355,54.4174395],[18.5614205,54.4174686],[18.5613975,54.4175027],[18.5613678,54.4175401],[18.5613276,54.4175783],[18.5612858,54.4176079],[18.5612192,54.4176445],[18.5611516,54.4176748],[18.5610968,54.4176971],[18.5610511,54.4177116],[18.561,54.417724],[18.560959,54.4177313],[18.5608607,54.417744],[18.5607843,54.41775],[18.5607011,54.4177493],[18.5606192,54.4177431],[18.5605958,54.4177407],[18.5605193,54.4177299],[18.5603339,54.4176771],[18.5601944,54.4177008],[18.5601033,54.4175356],[18.559931,54.4175667],[18.5599179,54.4175397],[18.5598884,54.4174795],[18.5595729,54.4168637],[18.559499,54.4168756],[18.5594176,54.4167137],[18.559491,54.4167037],[18.5596315,54.4166774],[18.5596592,54.4166722],[18.5596399,54.4166115]]},"properties":{"leisure":"stadium","sport":"athletics"}},
{"type":"Feature","geometry":{"type":"LineString","coordinates":[[18.5929123,54.3928496],[18.5930041,54.3928223],[18.5931218,54.3928029],[18.5932501,54.3928126],[18.5933595,54.3928458],[18.593426,54.3929081],[18.5934427,54.3929634],[18.5934403,54.3930202],[18.5933785,54.3930908],[18.5933024,54.3931433],[18.5928984,54.3933841],[18.5928033,54.3934201],[18.5927581,54.3934243],[18.5926916,54.3934256],[18.592606,54.3934146],[18.5925276,54.3933924],[18.592442,54.3933371],[18.5924159,54.3932969],[18.592404,54.3932347],[18.5924325,54.3931655],[18.5925033,54.3931075]]},"properties":{"area":"no","leisure":"track","sport":"running"}},
{"type":"Feature","geometry":{"type":"LineString","coordinates":[[18.5450627,54.3675878],[18.5450993,54.3675768],[18.5450815,54.3675566],[18.5450449,54.3675676],[18.5450627,54.3675878]]},"properties":{"amenity":"place_of_worship","building":"wayside_shrine","denomination":"catholic","historic":"wayside_shrine","name":"Kaplica Matki Bożej Brzemiennej w Gdańsku Matemblewie","religion":"christian","subject:url":"https://www.gedanopedia.pl/gdansk/?title=SANKTUARIUM_MATKI_BO%C5%BBEJ_BRZEMIENNEJ_W_MATEMBLEWIE","subject:wikidata":"Q9333621","subject:wikipedia":"pl:Sanktuarium Matki Bożej Brzemiennej w Gdańsku Matemblewie","tourism":"attraction"}},
{"type":"Feature","geometry":{"type":"LineString","coordinates":[[18.5428051,54.3685934],[18.5433406,54.3680948],[18.5434693,54.3680178],[18.5436245,54.3679355],[18.5437675,54.3679089],[18.5442772,54.3678568],[18.5449282,54.3677869],[18.5451863,54.3677407],[18.5454561,54.3676625],[18.5455846,54.3675841],[18.5460143,54.3674256],[18.546085,54.3673949],[18.5462592,54.3672913],[18.5462664,54.3672853],[18.5462701,54.3672803],[18.5462758,54.3672588],[18.5462822,54.3672379],[18.5462888,54.3672017],[18.5463365,54.3669644],[18.5463897,54.3666509],[18.5464585,54.3665951],[18.5464987,54.3663133],[18.5464181,54.3660696],[18.5462882,54.3659176],[18.546186,54.3658434],[18.545997,54.3657898],[18.5459301,54.3663006],[18.5455837,54.366562],[18.545287,54.3668894],[18.5443035,54.3673113],[18.5433569,54.3676093],[18.5427039,54.3678578],[18.5425591,54.3679626],[18.5423883,54.3681841],[18.5422719,54.3684091],[18.5428051,54.3685934]]},"properties":{"landuse":"religious","name":"Sanktuarium Matki Bożej Brzemiennej w Gdańsku Matemblewie","tourism":"attraction","url":"https://www.gedanopedia.pl/gdansk/?title=SANKTUARIUM_MATKI_BO%C5%BBEJ_BRZEMIENNEJ_W_MATEMBLEWIE","wikidata":"Q9333621","wikipedia":"pl:Sanktuarium Matki Bożej Brzemiennej w Gdańsku Matemblewie"}},
{"type":"Feature","geometry":{"type":"LineString","coordinates":[[18.4080089,54.4472507],[18.4073373,54.4475614],[18.4082932,54.4479262],[18.4084648,54.4478464],[18.4089329,54.447711],[18.4092761,54.4476526],[18.4096658,54.4474687],[18.4097688,54.4474196],[18.4102294,54.4471998],[18.410178,54.4471766],[18.4101362,54.4471499],[18.4093128,54.4466236],[18.4080089,54.4472507]]},"properties":{"leisure":"sports_centre","sport":"soccer"}},
{"type":"Feature","geometry":{"type":"LineString","coordinates":[[18.546435,54.4451049],[18.5462425,54.4452962],[18.5461981,54.4452811],[18.5461761,54.445303],[18.546053,54.4452611],[18.5460731,54.4452411],[18.5460342,54.4452278],[18.5460813,54.4451809],[18.5460113,54.4451571],[18.5459645,54.4451134],[18.5460113,54.445064],[18.5461062,54.4450623],[18.5461356,54.4450723],[18.5461555,54.4450526],[18.5461856,54.4450629],[18.5462178,54.445031],[18.546435,54.4451049]]},"properties":{"addr:city":"Sopot","addr:housenumber":"12","addr:street":"Stanisława Moniuszki","amenity":"theatre","building":"yes","name":"Polska Filharmonia Kameralna Sopot","theatre:genre":"philharmonic","website":"https://pfksopot.pl/"}},
{"type":"Feature","geometry":{"type":"LineString","coordinates":[[18.6338587,54.3238556],[18.6337706,54.3238073],[18.6337232,54.32379],[18.6336003,54.3237286],[18.6330188,54.3241114],[18.6331026,54.3241623],[18.6330513,54.3241968],[18.6332404,54.3242922],[18.6332788,54.3243006],[18.6335851,54.324454],[18.6337335,54.3245306],[18.6338519,54.3244525],[18.6338492,54.324451],[18.6340102,54.3243356],[18.6338587,54.3238556]]},"properties":{"amenity":"community_centre","name":"Dom Sąsiedzki","operator":"Gdańska Fundacja Innowacji Społecznej","start_date":"2023-04"}},
{"type":"Feature","geometry":{"type":"LineString","coordinates":[[18.5700312,54.3475004],[18.5698815,54.347467],[18.5698137,54.3474519],[18.5697816,54.3474318],[18.5697793,54.3474069],[18.5698113,54.3473861],[18.5698573,54.3473764],[18.5698803,54.3473715],[18.5700395,54.347348],[18.5701988,54.3473307],[18.5702606,54.347332],[18.5703022,54.3473535],[18.5703057,54.347375],[18.5701976,54.34749],[18.570156,54.3475038],[18.5701156,54.3475073],[18.5700633,54.3475045],[18.5700312,54.3475004]]},"properties":{"cycling":"pump_track","leisure":"track","lit":"no","sport":"cycling","surface":"asphalt","width":"2"}},
{"type":"Feature","geometry":{"type":"LineString","coordinates":[[18.5698815,54.347467],[18.5700265,54.3474727],[18.5701144,54.3474602],[18.5701667,54.3474456],[18.5701887,54.3474318],[18.5701916,54.3474117],[18.5701798,54.3473965],[18.570156,54.347384],[18.5701013,54.3473785],[18.5698573,54.3473764]]},"properties":{"cycling":"pump_track","leisure":"track","lit":"no","sport":"cycling","surface":"asphalt"}},
{"type":"Feature","geometry":{"type":"LineString","coordinates":[[18.6453413,54.3641441],[18.6451553,54.3647178],[18.6451425,54.3647565],[18.6451341,54.3647821],[18.6452721,54.364797],[18.64531,54.3646833],[18.645324,54.3646846],[18.6453363,54.3646539],[18.6453512,54.3646075],[18.6454011,54.3644597],[18.6454268,54.3643833],[18.6455011,54.3641633],[18.6453413,54.3641441]]},"properties":{"amenity":"community_centre","name":"100cznia Ulica"}},
{"type":"Feature","geometry":{"type":"LineString","coordinates":[[18.5145303,54.3525055],[18.5145504,54.3525008],[18.5153333,54.3523145],[18.5150802,54.3519504],[18.5146219,54.3520587],[18.5145299,54.3520752],[18.514452,54.3520804],[18.5143742,54.3524444],[18.5145303,54.3525055]]},"properties":{"barrier":"fence","leisure":"sports_centre"}},
{"type":"Feature","geometry":{"type":"LineString","coordinates":[[18.6580499,54.3426153],[18.6579938,54.3426382],[18.6579253,54.3426501],[18.6578539,54.3426486],[18.6577871,54.342634],[18.6577316,54.3426077],[18.6576934,54.3425726],[18.6576763,54.3425321],[18.6576822,54.3424906],[18.6577136,54.3424519],[18.6581335,54.3421583],[18.6582115,54.342132],[18.6583001,54.342125],[18.6583861,54.3421391],[18.6584555,54.342172],[18.6584967,54.3422182],[18.6585028,54.3422702],[18.658472,54.3423189]]},"properties":{"area":"no","leisure":"track","start_date":"2021"}},
{"type":"Feature","geometry":{"type":"LineString","coordinates":[[18.6048279,54.4019676],[18.604856,54.4021178],[18.604935,54.4025395],[18.6050275,54.4030339]]},"properties":{"lanes":"4","leisure":"track","sport":"running"}},
{"type":"Feature","geometry":{"type":"LineString","coordinates":[[18.604935,54.4025395],[18.6049457,54.4025602],[18.6049591,54.4025788],[18.6049712,54.4025892],[18.6049833,54.4025985],[18.6050046,54.4026151],[18.6050325,54.4026301],[18.6050604,54.4026418],[18.6050864,54.4026503],[18.6051191,54.4026582],[18.6051496,54.4026635],[18.6051856,54.4026671],[18.605221,54.4026674],[18.6052654,54.4026651],[18.605745,54.4026333],[18.6057775,54.4026306],[18.6058071,54.4026258],[18.6058401,54.4026181],[18.6058729,54.4026071],[18.6058994,54.4025958],[18.605925,54.4025819],[18.6059529,54.4025613],[18.6059759,54.4025382],[18.6059886,54.4025185],[18.6059984,54.4024969],[18.6060022,54.4024738],[18.6060013,54.4024514],[18.6059929,54.4024226],[18.6059757,54.4023975],[18.6055796,54.4020227],[18.605559,54.4020052],[18.6055287,54.401988],[18.6054965,54.401974],[18.6054597,54.4019627],[18.6054182,54.4019538],[18.6053624,54.4019481],[18.6053213,54.4019477],[18.6051019,54.4019624],[18.6050638,54.4019676],[18.6050239,54.401976],[18.6049759,54.4019927],[18.6049394,54.4020108],[18.6049085,54.4020327],[18.6048831,54.4020586],[18.6048723,54.402075],[18.6048624,54.4020948],[18.604856,54.4021178]]},"properties":{"lanes":"3","leisure":"track","sport":"running"}},
{"type":"Feature","geometry":{"type":"LineString","coordinates":[[18.5669541,54.4294831],[18.5672847,54.4285101]]},"properties":{"source":"http://hipodrom.sopot.pl"}},
{"type":"Feature","geometry":{"type":"LineString","coordinates":[[18.6009944,54.4022998],[18.6010821,54.4022611],[18.6014462,54.4022576],[18.6022361,54.4024605],[18.602263,54.4024831],[18.6022737,54.4025081],[18.6022636,54.4025308],[18.6022372,54.4025433],[18.602208,54.4025487],[18.6021704,54.4025507],[18.6010321,54.4024151],[18.6009669,54.4023804],[18.6009817,54.4023379],[18.6009944,54.4022998]]},"properties":{"lanes":"1","leisure":"track","sport":"running","surface":"tartan","width":"2"}},
{"type":"Feature","geometry":{"type":"LineString","coordinates":[[18.6009944,54.4022998],[18.6016741,54.4023797]]},"properties":{"athletics":"long_jump","leisure":"track","sport":"athletics","surface":"tartan"}},
{"type":"Feature","geometry":{"type":"LineString","coordinates":[[18.5922852,54.393245],[18.5925033,54.3931075],[18.5929123,54.3928496],[18.593016,54.3927842]]},"properties":{"area":"no","leisure":"track","sport":"running"}},
{"type":"Feature","geometry":{"type":"LineString","coordinates":[[18.5940187,54.3947977],[18.5938436,54.3944076]]},"properties":{"area":"no","leisure":"track","sport":"long_jump"}},
{"type":"Feature","geometry":{"type":"LineString","coordinates":[[18.5946821,54.3945837],[18.594738,54.3947001]]},"properties":{"area":"no","lanes":"4","leisure":"track","sport":"running"}},
{"type":"Feature","geometry":{"type":"LineString","coordinates":[[18.6239531,54.3968151],[18.6239524,54.396719],[18.62553,54.39672],[18.6255371,54.3964458],[18.6255425,54.3962482],[18.6235334,54.3962445],[18.622742,54.396243],[18.6227426,54.3961655],[18.6228656,54.3960282],[18.6228656,54.3960248],[18.6228656,54.3960047],[18.6228656,54.3959776],[18.6227459,54.3958375],[18.6227465,54.3957027],[18.62385,54.3956967],[18.624182,54.3956949],[18.6269197,54.39568],[18.6282564,54.3964903],[18.6290429,54.3969739],[18.6297158,54.397387],[18.6296116,54.3974373],[18.6295907,54.3974474],[18.6295674,54.3974585],[18.6295083,54.3974867],[18.6288502,54.3970819],[18.6281605,54.3973783],[18.627174,54.3978186],[18.6263943,54.3974319],[18.6240988,54.397423],[18.624101,54.3971472],[18.6234244,54.3971497],[18.6234233,54.3968148],[18.6238304,54.396815],[18.6239531,54.3968151]]},"properties":{"alt_name":"Centrum Sportu i Edukacji GKS Gedania 1922","leisure":"sports_centre","name":"Gdański Kompleks Sportowo-Rekreacyjny","operator":"Gdański Klub Sportowy Gedania 1922","start_date":"2013"}},
{"type":"Feature","geometry":{"type":"LineString","coordinates":[[18.6430799,54.3444525],[18.6430459,54.3443624],[18.6430135,54.3442765],[18.6428827,54.3442933],[18.6429169,54.3443838],[18.6429491,54.3444693],[18.6430799,54.3444525]]},"properties":{"building":"yes","name":"Poterna - część dolna","tourism":"attraction"}},
{"type":"Feature","geometry":{"type":"LineString","coordinates":[[18.5934587,54.4159047],[18.593471,54.4159027],[18.59347,54.4158901],[18.5934732,54.4158766],[18.5934984,54.4158481],[18.5935401,54.415827],[18.5935924,54.4158165],[18.5936475,54.4158182],[18.5936976,54.4158317],[18.5937253,54.4158521],[18.5937433,54.4158438],[18.5937567,54.4158483],[18.593796,54.415873],[18.5938205,54.4159034],[18.5938281,54.4159367],[18.5938179,54.4159698],[18.5937909,54.4159995],[18.5937497,54.4160231],[18.5936982,54.4160383],[18.5936411,54.4160437],[18.593584,54.4160387],[18.5935321,54.4160239],[18.5934904,54.4160007],[18.5934628,54.4159711],[18.5934519,54.4159381],[18.5934587,54.4159047]]},"properties":{"amenity":"theatre","theatre:type":"amphi"}},
{"type":"Feature","geometry":{"type":"LineString","coordinates":[[18.5460946,54.3391024],[18.5469152,54.3390794],[18.5468199,54.3388293],[18.546068000000003,54.3388501],[18.5460588,54.3388721],[18.5460731,54.3390474],[18.5460946,54.3391024]]},"properties":{"amenity":"community_centre","name":"Gazdówka Góralska"}},
{"type":"Feature","geometry":{"type":"LineString","coordinates":[[18.6338977,54.3255246],[18.6339765,54.3253934],[18.6343666,54.3254732],[18.6342879,54.3256043],[18.6338977,54.3255246]]},"properties":{"amenity":"community_centre","building:levels":"1","building:part":"yes","name":"Stacja Orunia","website":"https://gak.gda.pl/placowki/stacja-orunia/"}},
{"type":"Feature","geometry":{"type":"LineString","coordinates":[[18.633725599999999,54.3253418],[18.6338555,54.3253687],[18.6338874,54.3253752],[18.6339765,54.3253934],[18.6338977,54.3255246],[18.6338541,54.3255975],[18.6335995,54.3255474],[18.6336758,54.3254229],[18.633725599999999,54.3253418]]},"properties":{"amenity":"community_centre","building:levels":"2","building:part":"yes","contact:facebook":"https://www.facebook.com/GdanskiArchipelagKultury","contact:phone":"+48 58 3066676","government":"culture","name":"Gdański Archipelag Kultury","office":"government","short_name":"GAK","website":"https://gak.gda.pl/"}},
{"type":"Feature","geometry":{"type":"LineString","coordinates":[[18.6381169,54.3494467],[18.6381279,54.3494923],[18.6381217,54.3495202],[18.6380884,54.349552],[18.6380373,54.3495576],[18.637972,54.3495513],[18.637922,54.3495229],[18.6378361,54.3494638],[18.6374752,54.3492154],[18.6374087,54.3491655],[18.6374087,54.349124],[18.6374344,54.3490944],[18.6374912,54.3490686],[18.6376383,54.349028],[18.6377204,54.3490074],[18.6378087,54.34899],[18.6378825,54.3489854],[18.6379762,54.3489828],[18.6380996,54.3489866],[18.6380872,54.3490222],[18.6379506,54.3491226],[18.6378923,54.3491544],[18.637909,54.3492085],[18.6379898,54.3492743],[18.638067,54.3493602],[18.6380837,54.3494024],[18.6381169,54.3494467]]},"properties":{"defensive_works":"bastion","historic":"bastion","name":"Bastion Piaskowy","name:de":"Sandgrube","tourism":"attraction"}},
{"type":"Feature","geometry":{"type":"LineString","coordinates":[[18.6170202,54.3767161],[18.6167168,54.3767836],[18.6167299,54.3763946],[18.6171171,54.3762986],[18.6182614,54.3760149],[18.6182766,54.3760338],[18.6184965,54.3763441],[18.6183775,54.3763738],[18.6173565,54.3766276],[18.6172544,54.3764873],[18.6172415,54.3764696],[18.6169115,54.3765449],[18.6169798,54.3766499],[18.6170202,54.3767161]]},"properties":{"leisure":"sports_centre"}},
{"type":"Feature","geometry":{"type":"LineString","coordinates":[[18.7103395,54.3574796],[18.7104892,54.3574831],[18.7105231,54.3574984],[18.710549,54.3574983],[18.7109517,54.3574959],[18.7110211,54.3575145],[18.7111702,54.3575561],[18.7111369,54.3576334],[18.7115374,54.3576702],[18.7118482,54.3576988],[18.712018,54.3576767],[18.7126925,54.3575887],[18.7125522,54.3572131],[18.7125451,54.3571978],[18.7124881,54.3572069],[18.7123398,54.3572317],[18.7120758,54.3572758],[18.711951,54.3572961],[18.7117367,54.3573267],[18.7115798,54.3573412],[18.7116081,54.3574286],[18.7115182,54.3574369],[18.7114837,54.3573509],[18.7113189,54.3573653],[18.7108441,54.3574066],[18.7106606,54.3574226],[18.7103615,54.3574227],[18.7103017,54.3574228],[18.710302,54.3574347],[18.7103021,54.3574374],[18.7103395,54.3574796]]},"properties":{"leisure":"sports_centre","name":"Przystań Tamka","operator":"Gdański Ośrodek Sportu","start_date":"2012","website":"http://www.marinagdansk.pl/przystan-tamka/"}},
{"type":"Feature","geometry":{"type":"LineString","coordinates":[[18.6390373,54.3470099],[18.6393059,54.347445],[18.6393035,54.3475572],[18.6394176,54.3477109],[18.6400404,54.3475274],[18.6402536,54.3473971],[18.64036,54.3472101],[18.6402507,54.3471],[18.640095,54.3471367],[18.6395396,54.3471393],[18.6392204,54.3469628],[18.6390373,54.3470099]]},"properties":{"defensive_works":"bastion","historic":"bastion","name":"Bastion Vigilance","tourism":"attraction"}},
{"type":"Feature","geometry":{"type":"LineString","coordinates":[[18.635717,54.3475059],[18.6358691,54.3478342],[18.6357479,54.3480975],[18.6352582,54.3481058],[18.6348684,54.3479658],[18.6349825,54.3476846],[18.6353604,54.3474463],[18.635717,54.3475059]]},"properties":{"defensive_works":"lunette","historic":"yes","name":"Luneta Delzous","name:de":"Lunette Kummelschanze","name:pl":"Luneta Delzous","start_date":"1812","tourism":"attraction"}},
{"type":"Feature","geometry":{"type":"LineString","coordinates":[[18.6326818,54.3467897],[18.6329622,54.3461302],[18.6336777,54.3460436],[18.6338084,54.3460644],[18.6339534,54.3461219],[18.6342481,54.346879],[18.6342962,54.346949],[18.6342986,54.3470519],[18.6342612,54.3471087],[18.6341934,54.3471374],[18.6335065,54.3471083],[18.6326818,54.3467897]]},"properties":{"defensive_works":"lunette","historic":"yes","name":"Luneta Cafarellego","name:de":"Lunette Knesebeck","name:pl":"Luneta Cafarellego","source":"NID","start_date":"1812","tourism":"attraction"}},
{"type":"Feature","geometry":{"type":"LineString","coordinates":[[18.6373629,54.3459183],[18.6377426,54.3450143],[18.6383861,54.3447129],[18.6388805,54.344476],[18.6391562,54.3446693],[18.6392013,54.344821],[18.6390635,54.3450468],[18.6390397,54.34584],[18.6379393,54.3460118],[18.637805,54.3460201],[18.6376742,54.3460048],[18.6373629,54.3459183]]},"properties":{"defensive_works":"bastion","historic":"bastion","name":"Bastion Ostroróg","name:de":"Bastion Scharfenort","name:pl":"Bastion Ostroróg","source":"NID","start_date":"1710","tourism":"attraction"}},
{"type":"Feature","geometry":{"type":"LineString","coordinates":[[18.6362292,54.3432769],[18.6374924,54.3426686],[18.6381247,54.3427303],[18.6386844,54.342907],[18.6387117,54.3435207],[18.6388662,54.343989],[18.6380566,54.3440337],[18.6378383,54.3440148],[18.6371555,54.3439558],[18.6371211,54.3439474],[18.6362292,54.3432769]]},"properties":{"defensive_works":"bastion","historic":"bastion","name":"Bastion Pośredni","name:de":"Bastion Mittel","name:pl":"Bastion Pośredni","source":"NID","start_date":"1630","tourism":"attraction"}},
{"type":"Feature","geometry":{"type":"LineString","coordinates":[[18.6385566,54.3408408],[18.6387854,54.340882],[18.6396821,54.3412658],[18.6398841,54.341299],[18.6399269,54.3415041],[18.6397736,54.3417964],[18.6397498,54.342093],[18.6387171,54.342077],[18.6382673,54.3417622],[18.6385566,54.3408408]]},"properties":{"defensive_works":"bastion","historic":"bastion","name":"Bastion Zbawiciel","name:de":"Bastion Salvator","name:pl":"Bastion Zbawiciel","source":"NID","start_date":"1710","tourism":"attraction","wheelchair":"no"}},
{"type":"Feature","geometry":{"type":"LineString","coordinates":[[18.6394985,54.3574652],[18.6399371,54.3573094],[18.64025,54.357249],[18.6406268,54.3571779],[18.6407549,54.357285],[18.6407964,54.3572668],[18.6410695,54.357432],[18.6411925,54.3577237],[18.6411426,54.3578941],[18.6403202,54.3583899],[18.6394765,54.3577196],[18.6394985,54.3574652]]},"properties":{"defensive_works":"bastion","historic":"bastion","name":"Bastion Jerozolimski","name:de":"Bastion Jerusalem","source":"NID","start_date":"1655","tourism":"attraction"}},
{"type":"Feature","geometry":{"type":"LineString","coordinates":[[18.6357817,54.3534223],[18.6366814,54.3527575],[18.6371627,54.3526217],[18.6377466,54.3526885],[18.6377766,54.3526912],[18.6377582,54.352762],[18.6377402,54.3529729],[18.6377352,54.3530148],[18.637624,54.3530508],[18.6376162,54.3531071],[18.6376157,54.3531104],[18.6376476,54.3533169],[18.6376912,54.353317],[18.6377557,54.3536301],[18.6377867,54.3537097],[18.6378301,54.3537613],[18.6381342,54.354123],[18.6373932,54.3542645],[18.6371983,54.3539826],[18.636654,54.3539747],[18.6357817,54.3534223]]},"properties":{"defensive_works":"bastion","historic":"bastion","name":"Bastion Neubauer'a","name:de":"Bastion Kessel","start_date":"1655-1656","tourism":"attraction"}},
{"type":"Feature","geometry":{"type":"LineString","coordinates":[[18.6365759,54.3566884],[18.6366996,54.3566153],[18.6368035,54.3565313],[18.6367795,54.356488],[18.6365164,54.3557612],[18.6364281,54.3557833],[18.636097,54.3559057],[18.6357282,54.3560421],[18.6356712,54.356091],[18.6355651,54.3563068],[18.6354123,54.3566225],[18.6354284,54.3566587],[18.6355579,54.3566699],[18.6360498,54.3567149],[18.6363926,54.3567078],[18.6365759,54.3566884]]},"properties":{"defensive_works":"lunette","historic":"yes","name":"Luneta Senarmont'a","name:de":"Lunette Börstell","name:pl":"Luneta Senarmont'a","old_name":"Szaniec Bousmarda","start_date":"1811-1813","tourism":"attraction"}},
{"type":"Feature","geometry":{"type":"LineString","coordinates":[[18.63859,54.356067],[18.6384469,54.3559424],[18.6384134,54.3558729],[18.6382554,54.355757],[18.6385668,54.3556666],[18.6393635,54.355474],[18.6402325,54.3552966],[18.6403505,54.3554099],[18.6395599,54.3559373],[18.6387924,54.356067],[18.638759,54.3560225],[18.638698,54.3560385],[18.63859,54.356067]]},"properties":{"defensive_works":"bastion","historic":"bastion","name":"Wysokie Skrzydło Kurkowe","source":"NID","start_date":"1655","tourism":"attraction"}},
{"type":"Feature","geometry":{"type":"LineString","coordinates":[[18.6377001,54.356075],[18.6369749,54.3549023],[18.636813,54.3549352],[18.636758,54.3549359],[18.6367111,54.3549133],[18.636705,54.354875],[18.6367292,54.35485],[18.6369907,54.354746],[18.6370457,54.35479],[18.6381169,54.3543472],[18.6381441,54.3543469],[18.6381662,54.3543556],[18.6383348,54.354676],[18.6382185,54.3548404],[18.6385668,54.3556666],[18.6382554,54.355757],[18.6377001,54.356075]]},"properties":{"defensive_works":"bastion","historic":"bastion","name":"Niskie Czoło Kurkowe","name:de":"Bastion Notzkenberg","source":"NID","start_date":"1655","tourism":"attraction"}},
{"type":"Feature","geometry":{"type":"LineString","coordinates":[[18.6391516,54.3568084],[18.6392593,54.3568669],[18.6393634,54.3569237],[18.6394446,54.3568767],[18.6399138,54.3570726],[18.6401601,54.3571152],[18.64025,54.357249],[18.6399371,54.3573094],[18.6394985,54.3574652],[18.6389343,54.3572629],[18.638084,54.3566807],[18.6377001,54.356075],[18.6382554,54.355757],[18.6384134,54.3558729],[18.6384469,54.3559424],[18.63859,54.356067],[18.6386607,54.3561831],[18.6388133,54.3562505],[18.6391847,54.3567101],[18.6391725,54.3567137],[18.6391982,54.3567474],[18.6392193,54.3567418],[18.6392326,54.356759],[18.6392113,54.3567644],[18.639218,54.3567731],[18.6391771,54.3567852],[18.639181,54.3567905],[18.6391516,54.3568084]]},"properties":{"defensive_works":"bastion","historic":"bastion","name":"Wysokie Czoło Kurkowe","name:de":"Bastion Schütz","source":"NID","start_date":"1655","tourism":"attraction"}},
{"type":"Feature","geometry":{"type":"LineString","coordinates":[[18.6405647,54.3560815],[18.6410781,54.3557306],[18.6411695,54.3557772],[18.6412527,54.3558166],[18.6412641,54.355808],[18.6413474,54.3558479],[18.6415467,54.3559523],[18.6415999,54.3560467],[18.6416423,54.3561848],[18.6416329,54.3561857],[18.6416386,54.3562043],[18.6416584,54.3562539],[18.641416,54.3562816],[18.6413131,54.3562933],[18.6412877,54.3562864],[18.6405647,54.3560815]]},"properties":{"alt_name:de":"Reduit Horn","defensive_works":"reduit","historic":"reduit","name":"Redita Napoleońska","name:de":"Reduit Hagel","old_name":"Fort Vauban","source":"NID","start_date":"1809-1813","tourism":"attraction"}},
{"type":"Feature","geometry":{"type":"LineString","coordinates":[[18.5830614,54.3905343],[18.5835778,54.3907883]]},"properties":{"area":"no","athletics":"pole_vault","leisure":"track","sport":"athletics"}},
{"type":"Feature","geometry":{"type":"LineString","coordinates":[[18.5829613,54.3905783],[18.5834901,54.39084]]},"properties":{"area":"no","athletics":"pole_vault","leisure":"track","sport":"athletics"}},
{"type":"Feature","geometry":{"type":"LineString","coordinates":[[18.5828174,54.3917117],[18.582759,54.3917505],[18.5826988,54.3917785],[18.5826345,54.3918003],[18.5825604,54.3918221],[18.5824893,54.3918381],[18.5823758,54.3918534],[18.5822452,54.3918587],[18.5820721,54.3918403],[18.5819514,54.391816],[18.5819204,54.3918345],[18.5818421,54.3917993],[18.5818651,54.3917811],[18.5817703,54.3917392],[18.5816954,54.3916892],[18.5816396,54.3916376],[18.5815884,54.3915788],[18.5815597,54.3915085],[18.5815457,54.3914515],[18.5815472,54.3914177],[18.5814217,54.3913544],[18.581587,54.3912434],[18.5814714,54.3911851],[18.5815959,54.3911003],[18.5824597,54.3905103],[18.5825399,54.3905501],[18.5825734,54.3905671],[18.5827473,54.3904501],[18.5827902,54.3904708],[18.582882,54.3904472],[18.5829904,54.3904315],[18.5830998,54.3904248],[18.5831907,54.3904287],[18.5832852,54.3904359],[18.5833743,54.3904528],[18.5834451,54.3904709],[18.5834743,54.3904494],[18.5835503,54.3904836],[18.5835285,54.3904992],[18.5835725,54.3905201],[18.583622,54.3905492],[18.5836845,54.3905904],[18.583733,54.3906328],[18.5837726,54.3906661],[18.5838087,54.3907151],[18.5838293,54.390753],[18.5838437,54.390806],[18.5838512,54.3908596],[18.583838,54.3909328],[18.5838186,54.3909781],[18.5837768,54.391041800000007],[18.5837342,54.3910844],[18.5836684,54.3911316],[18.5828174,54.3917117]]},"properties":{"leisure":"stadium","name":"Gdański Stadion Lekkoatletyczny i Rugby"}},
{"type":"Feature","geometry":{"type":"LineString","coordinates":[[18.583046,54.3924739],[18.5824827,54.3924362],[18.5814296,54.392301],[18.5811624,54.3922547],[18.5810093,54.3922178],[18.5805912,54.3921211],[18.5798415,54.3919119],[18.5802576,54.3916271],[18.5805282,54.3914414],[18.5809723,54.3911388],[18.5818406,54.390547],[18.582303,54.3902319],[18.5825951,54.3903748],[18.5826025,54.390387],[18.582908,54.3903542],[18.5829921,54.3902191],[18.582804,54.3901264],[18.5829822,54.3900053],[18.5834076,54.3897176],[18.5842332,54.3901313],[18.5843535,54.390192],[18.5839995,54.3904319],[18.5838004,54.3905668],[18.5839159,54.3906638],[18.5839611,54.3907064],[18.5839904,54.3907472],[18.584861,54.3911786],[18.5847896,54.3912194],[18.5847282,54.3912618],[18.5847657,54.3912825],[18.5846879,54.3913564],[18.5840628,54.3917886],[18.5832331,54.3923531],[18.583206,54.3923702],[18.5831685,54.3923947],[18.5830953,54.3924444],[18.5830819,54.3924534],[18.583046,54.3924739]]},"properties":{"leisure":"sports_centre","name":"Gdański Ośrodek Kultury Fizycznej"}},
{"type":"Feature","geometry":{"type":"LineString","coordinates":[[18.61575,54.374726],[18.6157925,54.374717],[18.615981,54.3750228],[18.6155994,54.3751056],[18.6155438,54.3750709],[18.615467,54.3750685],[18.6152944,54.3748126],[18.615314,54.374807],[18.6153634,54.3747955],[18.615373,54.37481],[18.615418,54.3748],[18.615461,54.374791],[18.615505,54.374781],[18.615548,54.374772],[18.615592,54.374762],[18.615637,54.374752],[18.615681,54.374742],[18.615728,54.374732],[18.61575,54.374726]]},"properties":{"amenity":"arts_centre","landuse":"garages","name":"Wrzeszcz Pointz"}},
{"type":"Feature","geometry":{"type":"LineString","coordinates":[[18.6428774,54.3822405],[18.6433495,54.3824725],[18.6434515,54.3825576],[18.6435105,54.3826232],[18.643544,54.3826998],[18.6435467,54.3827435],[18.64354,54.3828411],[18.6434662,54.3829255],[18.6433616,54.3830181],[18.6437895,54.3832754],[18.6428574,54.3839455],[18.6426451,54.3838197],[18.642574,54.38387],[18.642508,54.383918],[18.6423854,54.3840037],[18.6422719,54.3840874],[18.6421322,54.3841909],[18.6416326,54.3839066],[18.6409639,54.3835278],[18.6407042,54.3833816],[18.6407543,54.3833201],[18.6407619,54.3833109],[18.6407948,54.3832705],[18.6410375,54.3829739],[18.6428774,54.3822405]]},"properties":{"leisure":"sports_centre","name":"Morski Robotniczy Klub Sportowy","sport":"archery;soccer","website":"https://www.mrks.pl/"}},
{"type":"Feature","geometry":{"type":"LineString","coordinates":[[18.5782314,54.3880258],[18.5783617,54.3880898],[18.5782437,54.3881713],[18.5781134,54.3881073],[18.5782314,54.3880258]]},"properties":{"amenity":"theatre","theatre:type":"amphi"}},
{"type":"Feature","geometry":{"type":"LineString","coordinates":[[18.6476582,54.3404333],[18.6473759,54.3405421],[18.6470464,54.3406691],[18.6471081,54.3407416],[18.6471829,54.3408077],[18.6472303,54.3408475],[18.6472864,54.3408945],[18.6474563,54.3408275],[18.6474147,54.3407935],[18.6475396,54.3407517],[18.6476085,54.3407251],[18.6478682,54.3406258],[18.6478704,54.3406238],[18.6478719,54.3406204],[18.6478674,54.3406167],[18.6478587,54.340615],[18.6477278,54.3404962],[18.6477303,54.3404918],[18.6477257,54.3404874],[18.6477186,54.3404867],[18.6477168,54.3404872],[18.6476582,54.3404333]]},"properties":{"amenity":"community_centre","name":"Centrum Dolna Brama","office":"ngo"}},
{"type":"Feature","geometry":{"type":"LineString","coordinates":[[18.5605216,54.4404578],[18.5605454,54.4403447],[18.5605418,54.4403428],[18.560539,54.440338],[18.5605395,54.4403323],[18.560543,54.4403278],[18.560549,54.4403239],[18.5605736,54.440202],[18.5605966,54.4402034],[18.5606241,54.4402065],[18.5606703,54.4402099],[18.5606738,54.4402122],[18.5609475,54.4402371],[18.5611773,54.4402561],[18.5616817,54.4403046],[18.5616507,54.4404225],[18.5616339,54.4404867],[18.5616138,54.4405631],[18.5608965,54.440494],[18.5605216,54.4404578]]},"properties":{"amenity":"community_centre","name":"Młodzieżowy Dom Kultury"}},
{"type":"Feature","geometry":{"type":"LineString","coordinates":[[18.7125522,54.3572131],[18.7125451,54.3571978],[18.7132139,54.3570906],[18.7138473,54.3569943],[18.7143206,54.3569223],[18.714372,54.3569145],[18.7146081,54.3568786],[18.7146404,54.3568736],[18.7147842,54.356852],[18.7147891,54.3569136],[18.7148494,54.3576763],[18.7148731,54.3579672],[18.7128733,54.3580751],[18.7128067,54.3578966],[18.712723,54.3576701],[18.7127153,54.3576471],[18.7126925,54.3575887],[18.7125522,54.3572131]]},"properties":{"leisure":"sports_centre","operator":"Liga Obrony Kraju","operator:type":"ngo","sport":"sailing"}},
{"type":"Feature","geometry":{"type":"LineString","coordinates":[[18.484381,54.3884316],[18.4844549,54.3880716],[18.4844617,54.388052],[18.4844725,54.388033],[18.4844872,54.3880149],[18.4845056,54.387998],[18.4845273,54.3879825],[18.4845522,54.3879687],[18.4845798,54.3879567],[18.4846096,54.3879468],[18.4846414,54.3879391],[18.4846745,54.3879337],[18.4847085,54.3879307],[18.4847428,54.3879301],[18.484777,54.387932],[18.4848106,54.3879363],[18.484843,54.3879429],[18.4848738,54.3879518],[18.4849025,54.3879628],[18.4849287,54.3879758],[18.484952,54.3879905],[18.484972,54.3880068],[18.4849885,54.3880244],[18.4850011,54.388043],[18.4850098,54.3880623],[18.4850143,54.3880822],[18.4850147,54.3881022],[18.4849446,54.3884625],[18.4849361,54.3884834],[18.4849229,54.3885035],[18.4849054,54.3885225],[18.4848839,54.3885399],[18.4848586,54.3885556],[18.4848301,54.3885692],[18.4847987,54.3885805],[18.4847651,54.3885894],[18.4847298,54.3885957],[18.4846934,54.3885992],[18.4846566,54.3886],[18.4846198,54.388598],[18.4845838,54.3885932],[18.4845492,54.3885858],[18.4845166,54.3885758],[18.4844864,54.3885634],[18.4844593,54.3885488],[18.4844356,54.3885323],[18.4844158,54.3885142],[18.4844003,54.3884947],[18.4843891,54.3884742],[18.4843827,54.388453],[18.484381,54.3884316]]},"properties":{"area":"no","leisure":"track"}},
{"type":"Feature","geometry":{"type":"LineString","coordinates":[[18.7138119,54.3614804],[18.7141745,54.3615153],[18.7141449,54.361623],[18.7141096,54.3616251],[18.7141041,54.3616281],[18.713978,54.3616879],[18.7139028,54.3617195],[18.7137488,54.3617046],[18.713755,54.361678],[18.713805,54.361512],[18.7138119,54.3614804]]},"properties":{"access":"no","amenity":"community_centre","check_date":"2024-07-09"}},
{"type":"Feature","geometry":{"type":"LineString","coordinates":[[18.4801547,54.4217571],[18.4801707,54.4208585]]},"properties":{"leisure":"track","sport":"running"}},
{"type":"Feature","geometry":{"type":"LineString","coordinates":[[18.6579286,54.3427005],[18.6580499,54.3426153],[18.658472,54.3423189],[18.6586006,54.3422286]]},"properties":{"area":"no","leisure":"track","start_date":"2021"}},
{"type":"Feature","geometry":{"type":"LineString","coordinates":[[18.6143408,54.3780705],[18.6143628,54.3781217],[18.6143654,54.3781735],[18.6143432,54.3782238],[18.6142979,54.3782685],[18.6142331,54.3783041],[18.6141538,54.3783278],[18.6140664,54.3783378],[18.6139776,54.3783333],[18.6138945,54.3783146],[18.6138437,54.3782909],[18.6137845,54.3782469],[18.6134664,54.3779335],[18.6134402,54.3778928],[18.6134311,54.3778495],[18.6134396,54.3778063],[18.6134652,54.3777654],[18.6135066,54.3777291],[18.6135613,54.3776994],[18.6136265,54.3776781],[18.6136984,54.3776662],[18.6137732,54.3776644],[18.6138465,54.3776729],[18.6139144,54.3776911],[18.6139731,54.3777181],[18.6140258,54.3777502]]},"properties":{"area":"no","leisure":"track","sport":"running"}},
{"type":"Feature","geometry":{"type":"LineString","coordinates":[[18.6144474,54.378179],[18.6143408,54.3780705],[18.6140258,54.3777502],[18.6138922,54.3776142]]},"properties":{"area":"no","leisure":"track","sport":"running"}},
{"type":"Feature","geometry":{"type":"LineString","coordinates":[[18.5660751,54.4482977],[18.5653096,54.4493087],[18.5652651,54.449337],[18.5652189,54.4493473],[18.56438,54.449119],[18.5645977,54.4487811],[18.5646521,54.4487107],[18.5650813,54.4481562],[18.5651795,54.4481674],[18.5659926,54.4482598],[18.5660148,54.4482623],[18.5660751,54.4482977]]},"properties":{"leisure":"sports_centre"}},
{"type":"Feature","geometry":{"type":"LineString","coordinates":[[18.5631408,54.4489574],[18.5640347,54.4491779],[18.5640201,54.4492039],[18.5643121,54.4492818],[18.5651575,54.4495078],[18.5647687,54.450024],[18.5646498,54.4501823],[18.5641134,54.4502604],[18.5638374,54.4502233],[18.5634493,54.4501717],[18.5633545,54.4501379],[18.5633279,54.4501547],[18.5632459,54.4502588],[18.5628778,54.4501926],[18.5628414,54.4502474],[18.5628324,54.4502456],[18.5627265,54.4502269],[18.5627579,54.4501714],[18.5623638,54.4501009],[18.5626112,54.4497227],[18.5626362,54.4497275],[18.56267,54.449669],[18.5626913,54.4496323],[18.5627034,54.4496141],[18.5629153,54.4492959],[18.5631408,54.4489574]]},"properties":{"leisure":"sports_centre"}},
{"type":"Feature","geometry":{"type":"LineString","coordinates":[[18.5604395,54.4502815],[18.5606438,54.4497925],[18.5610937,54.4498877],[18.5621377,54.4501177],[18.5618408,54.4505912],[18.5604395,54.4502815]]},"properties":{"leisure":"sports_centre"}},
{"type":"Feature","geometry":{"type":"LineString","coordinates":[[18.560739,54.4497265],[18.5610356,54.449028],[18.5609994,54.4489617],[18.5610108,54.4489362],[18.5610278,54.4488981],[18.5611276,54.4486699],[18.5611445,54.4486309],[18.5613748,54.4486634],[18.5614447,54.4485134],[18.5614754,54.4484737],[18.5625959,54.4487817],[18.5625331,54.4488789],[18.5625324,54.4488803],[18.5624765,54.4489676],[18.5622566,54.4493091],[18.5621001,54.4492739],[18.5620508,54.4492628],[18.5620136,54.4493078],[18.5616188,54.4492248],[18.5615943,54.449283],[18.5617604,54.4493192],[18.5619131,54.4493521],[18.5625489,54.4494954],[18.5621756,54.4500573],[18.5616968,54.4499726],[18.5613647,54.4499135],[18.5613915,54.4498716],[18.560739,54.4497265]]},"properties":{"leisure":"sports_centre"}},
{"type":"Feature","geometry":{"type":"LineString","coordinates":[[18.6265187,54.3258178],[18.6269836,54.3258256]]},"properties":{"area":"no","athletics":"long_jump","leisure":"track","long_jump":"track","sport":"athletics"}},
{"type":"Feature","geometry":{"type":"LineString","coordinates":[[18.6212721,54.3690136],[18.6216252,54.3690217],[18.6217103,54.3690197],[18.6223141,54.3689955],[18.6247257,54.3689287],[18.6247588,54.3688966],[18.6247832,54.3688689],[18.624802,54.3688478],[18.6248054,54.368849],[18.6248099,54.3688438],[18.6248065,54.3688426],[18.6248168,54.3688314],[18.6248203,54.3688323],[18.6248247,54.3688274],[18.6248213,54.3688262],[18.6248313,54.368815],[18.6248347,54.3688159],[18.6248396,54.368811],[18.6248362,54.3688098],[18.6248465,54.3687982],[18.6248495,54.3687995],[18.624854,54.3687942],[18.624851,54.3687934],[18.6248701,54.3687718],[18.6248134,54.3687546],[18.624848,54.368714],[18.625006,54.368538],[18.624955,54.368523],[18.6249654,54.3685118],[18.6249823,54.3684936],[18.6250439,54.3684272],[18.6251005,54.3683709],[18.6251055,54.3683644],[18.6251367,54.3683704],[18.6251696,54.368326],[18.6259827,54.3684268],[18.6262039,54.3684542],[18.626229,54.3684062],[18.6262646,54.3683608],[18.6261336,54.368165],[18.6259719,54.3678692],[18.6257984,54.3675335],[18.6254748,54.3675458],[18.6253428,54.3675513],[18.6252585,54.367543],[18.6252311,54.3675257],[18.6251882,54.367524],[18.6250137,54.3675174],[18.625016,54.3675652],[18.625493,54.3676498],[18.6255508,54.3678502],[18.6248645,54.3677992],[18.6247748,54.367759],[18.6246149,54.3676174],[18.6246332,54.367562],[18.6242654,54.3675294],[18.6242257,54.3674869],[18.6242466,54.3673113],[18.6243396,54.3671893],[18.6228417,54.367088],[18.6228294,54.3671253],[18.6225837,54.3671139],[18.6225878,54.3670952],[18.622594,54.3670675],[18.6223885,54.3670476],[18.6222543,54.3670339],[18.6221236,54.3670178],[18.6210872,54.3668642],[18.6208959,54.3668354],[18.6207087,54.3668036],[18.6206081,54.3667826],[18.6203365,54.3666955],[18.6201198,54.3666187],[18.6196485,54.3664354],[18.6189689,54.3661614],[18.6183117,54.3658897],[18.617954,54.3657401],[18.6175919,54.3655848],[18.6175048,54.3656176],[18.6174761,54.3656012],[18.6174464,54.3655843],[18.6173875,54.3655507],[18.6171963,54.3656396],[18.6168797,54.3658749],[18.6169787,54.3661982],[18.6171135,54.3667045],[18.617371,54.36721],[18.6175062,54.3674172],[18.6176573,54.3674976],[18.6176823,54.3675007],[18.6177823,54.3675149],[18.6178796,54.367564],[18.6179355,54.3676447],[18.6179278,54.3679372],[18.6180488,54.3683118],[18.6183267,54.3685126],[18.6187094,54.3687031],[18.6188331,54.3687883],[18.6194241,54.3689665],[18.619681,54.3690012],[18.6203826,54.3690349],[18.6205897,54.3690172],[18.6209245,54.3689821],[18.621004,54.368985],[18.6211989,54.3690061],[18.6212721,54.3690136]]},"properties":{"leisure":"sports_centre"}},
{"type":"Feature","geometry":{"type":"LineString","coordinates":[[18.6276727,54.3315968],[18.6286402,54.3315867]]},"properties":{"area":"no","lanes":"4","leisure":"track","sport":"long_jump"}},
{"type":"Feature","geometry":{"type":"LineString","coordinates":[[18.677144,54.3533623],[18.6767883,54.3529335],[18.6766959,54.3528919],[18.6766909,54.3527929],[18.6766769,54.3527892],[18.6766627,54.3527643],[18.6766393,54.3527234],[18.676573,54.3527109],[18.6763712,54.3524253],[18.6762847,54.3524461],[18.676476,54.3527081],[18.6764303,54.3527821],[18.6763804,54.3528948],[18.6762937,54.3531923],[18.6762696,54.3532694],[18.6762537,54.3532955],[18.6763641,54.3533228],[18.6762,54.3535489],[18.6761828,54.3535726],[18.6762156,54.3535827],[18.6762618,54.3535968],[18.676474,54.353541],[18.676562,54.353517],[18.676759,54.353465],[18.676839,54.353444],[18.677144,54.3533623]]},"properties":{"leisure":"sports_centre","sport":"water_sports"}},
{"type":"Feature","geometry":{"type":"LineString","coordinates":[[18.6307462,54.404181],[18.6305583,54.404195],[18.6305343,54.4040863],[18.630539,54.4040859],[18.6307705,54.4040686],[18.6310131,54.4040505],[18.6310371,54.4041591],[18.6309599,54.4041649],[18.630963,54.4041789],[18.6309341,54.4041811],[18.6309309,54.404167],[18.6308493,54.4041731],[18.6308548,54.4041981],[18.6308022,54.4042021],[18.6307517,54.4042058],[18.6307462,54.404181]]},"properties":{"addr:city":"Gdańsk","addr:housenumber":"29A","addr:postcode":"80-506","addr:street":"Dworska","amenity":"arts_centre","building":"yes","building:levels":"1","mobile":"58 343 46 91","name":"Projektornia","operator":"Gdański Archipelag Kultury","source:addr":"Urząd Miasta Gdańsk","source:building":"BDOT","source:geometry":"EGiB","website":"https://gak.gda.pl/placowki/projektornia/"}},
{"type":"Feature","geometry":{"type":"LineString","coordinates":[[18.473203,54.369019],[18.4727811,54.3690472],[18.4727443,54.3690496],[18.472424,54.369071],[18.472422,54.3690606],[18.472314,54.368509],[18.473093,54.368457],[18.473111,54.368548],[18.47314,54.368546],[18.473156,54.368623],[18.473126,54.368625],[18.473188,54.368941],[18.473217000000003,54.368939],[18.473233,54.369017],[18.473203,54.369019]]},"properties":{"addr:city":"Gdańsk","addr:city:simc":"0933016","addr:housenumber":"11","addr:postcode":"80-298","addr:street":"Rakietowa","building":"commercial","email":"gdansk@e1gokart.pl","fee":"yes","leisure":"sports_centre","name":"E1gokart","opening_hours":"Mo-Fr 14:00-22:00; Sa 09:00-22:00; Su 09:00-21:00","payment:cash":"yes","payment:credit_cards":"yes","phone":"+48608111708","source:addr":"gugik.gov.pl","source:building":"EGiB","sport":"karting","website":"https://gdansk.e1gokart.pl/"}},
{"type":"Feature","geometry":{"type":"LineString","coordinates":[[18.486332,54.3166721],[18.4880423,54.3169077],[18.4886419,54.3155953],[18.4885882,54.3155599],[18.4874547,54.3152857],[18.4887086,54.312793],[18.4860749,54.3122452],[18.4841772,54.316029],[18.4864763,54.3163905],[18.486332,54.3166721]]},"properties":{"addr:city":"Sulmin","addr:postcode":"83-331","addr:street":"Bursztynowa","contact:facebook":"https://www.facebook.com/asgaction","email":"trojmiasto@asg-action.pl","leisure":"sports_centre","name":"ASG action","operator":"ASG action","operator:type":"private","sport":"shooting"}},
{"type":"Feature","geometry":{"type":"LineString","coordinates":[[18.5652592,54.432698],[18.5651477,54.4328627],[18.5650586,54.432991],[18.5648652,54.4332566],[18.5647309,54.4337065],[18.5650887,54.4338522],[18.5650448,54.4340002],[18.5649775,54.434227],[18.5651716,54.4342521],[18.5660218,54.4343768],[18.5664292,54.4344316],[18.5664997,54.4343837],[18.5665378,54.4343579],[18.5671934,54.4339166],[18.5668515,54.4337571],[18.5668362,54.43375],[18.5667906,54.4337442],[18.5667564,54.4337399],[18.5669214,54.4331981],[18.56691,54.4331813],[18.5669656,54.4329146],[18.5662419,54.4325394],[18.5661258,54.432479],[18.5657162,54.4322618],[18.5654938,54.4324092],[18.5653091,54.4326272],[18.5652592,54.432698]]},"properties":{"leisure":"sports_centre"}},
{"type":"Feature","geometry":{"type":"LineString","coordinates":[[18.6775502,54.353852],[18.677144,54.3533623],[18.676839,54.353444],[18.676759,54.353465],[18.676562,54.353517],[18.676474,54.353541],[18.6762618,54.3535968],[18.6762423,54.3536244],[18.6763635,54.3536638],[18.6765224,54.3537224],[18.6764766,54.3537539],[18.6764436,54.3537765],[18.6764158,54.3537955],[18.6765175,54.3538179],[18.6769254,54.3540083],[18.6769369,54.3540011],[18.677217,54.3539229],[18.6772622,54.3539288],[18.6775502,54.353852]]},"properties":{"leisure":"sports_centre","name":"Centrum Sportów Wodnych","sport":"water_sports"}},
{"type":"Feature","geometry":{"type":"LineString","coordinates":[[18.5390724,54.4468987],[18.539085,54.4469165],[18.5390504,54.4470038],[18.5390186,54.4469986],[18.5389929,54.447034],[18.5371677,54.4467628],[18.537478,54.446109],[18.5381172,54.4455607],[18.5389855,54.4459753],[18.5390218,54.4459837],[18.5396772,54.446137],[18.5397522,54.4463885],[18.539427,54.4466094],[18.539051,54.4468718],[18.5390724,54.4468987]]},"properties":{"leisure":"sports_centre","operator":"MOSiR Sopot"}},
{"type":"Feature","geometry":{"type":"LineString","coordinates":[[18.6250898,54.4142099],[18.6252227,54.4143348]]},"properties":{"barrier":"fence","fence_type":"railing"}},
{"type":"Feature","geometry":{"type":"LineString","coordinates":[[18.6243002,54.413503],[18.6245575,54.4137294],[18.6245742,54.4137356],[18.6246021,54.4137588],[18.6246939,54.4137712],[18.6246732,54.4138354],[18.6249619,54.4140928],[18.6250083,54.4140781],[18.6250826,54.4141493]]},"properties":{"barrier":"fence","fence_type":"railing","layer":"1"}},
{"type":"Feature","geometry":{"type":"LineString","coordinates":[[18.6256302,54.4147074],[18.6256542,54.4147372],[18.6255697,54.4147658],[18.6255383,54.4147414]]},"properties":{"layer":"1"}},
{"type":"Feature","geometry":{"type":"LineString","coordinates":[[18.625243,54.4143456],[18.6252658,54.4143537],[18.625468,54.4142793],[18.6255099,54.4143211],[18.6252964,54.4143993],[18.6255218,54.4146087],[18.6256289,54.4146269],[18.625613,54.4146861],[18.6256302,54.4147074]]},"properties":{"barrier":"fence","fence_type":"railing","layer":"1"}},
{"type":"Feature","geometry":{"type":"LineString","coordinates":[[18.6250406,54.414165],[18.6250898,54.4142099]]},"properties":{"barrier":"fence","fence_type":"railing","layer":"1"}},
{"type":"Feature","geometry":{"type":"LineString","coordinates":[[18.575396,54.4220854],[18.5753114,54.421915]]},"properties":{"area":"no","leisure":"track"}},
{"type":"Feature","geometry":{"type":"MultiPolygon","coordinates":[[[[18.566477,54.4298164],[18.5674822,54.4266347],[18.5676069,54.4264384],[18.5677328,54.4262821],[18.5679139,54.4261107],[18.5680884,54.4259393],[18.5682434,54.4258195],[18.5685379,54.4256181],[18.5688471,54.4254822],[18.5690116,54.4254138],[18.5691898,54.425353],[18.5694299,54.42527],[18.5697116,54.4252166],[18.5702468,54.4251217],[18.5707523,54.4251087],[18.5708241,54.4251055],[18.5713794,54.4251122],[18.5721569,54.4251237],[18.5724591,54.4251386],[18.5727535,54.4251609],[18.5730676,54.4252185],[18.5734629,54.425328],[18.5738519,54.4254698],[18.5741613,54.4256061],[18.5744711,54.4258128],[18.5746267,54.425944],[18.5747529,54.4260951],[18.574872,54.4263456],[18.5749036,54.4264999],[18.5749018,54.4266459],[18.5748349,54.426927],[18.5747884,54.4271345],[18.5746927,54.4273194],[18.5745104,54.4275691],[18.5742105,54.4279827],[18.5726171,54.4301802],[18.5723739,54.4303795],[18.5722199,54.4304791],[18.5720676,54.4305417],[18.5714379,54.4306484],[18.5710292,54.4307148],[18.5682252,54.4309239],[18.5680192,54.4309063],[18.5678215,54.4308781],[18.5676055,54.4308243],[18.5673564,54.4307583],[18.5670287,54.4305783],[18.5668844,54.4304739],[18.5667395,54.4303674],[18.5665569,54.4301626],[18.5664827,54.4300003],[18.566477,54.4298164]]]]},"properties":{"source":"http://hipodrom.sopot.pl"}},
{"type":"Feature","geometry":{"type":"MultiPolygon","coordinates":[[[[18.5493235,54.4357461],[18.5493266,54.4356502],[18.5493826,54.4355597],[18.5494729,54.4354674],[18.5496036,54.4354077],[18.5497654,54.4353634],[18.549893,54.4353389],[18.5501358,54.4353407],[18.5503302,54.4353779],[18.5515112,54.4356451],[18.5516576,54.4356937],[18.5517735,54.435744],[18.5518941,54.4358095],[18.5519668,54.4359026],[18.5519968,54.4359977],[18.5519859,54.4360934],[18.5519408,54.4361787],[18.5518727,54.4362546],[18.5517914,54.4363127],[18.5516901,54.4363571],[18.5515144,54.4364068],[18.5513749,54.4364259],[18.5512428,54.4364278],[18.5511127,54.4364188],[18.5496347,54.4360701],[18.5495165,54.4360267],[18.549392,54.4359308],[18.549336,54.4358403],[18.5493235,54.4357461]]]]},"properties":{"addr:city":"Sopot","addr:housenumber":"48","addr:postcode":"81-842","addr:street":"Generała Józefa Wybickiego","leisure":"stadium","name":"Sopocki Klub Lekkoatletyczny","sport":"athletics","website":"https://skla-sopot.pl/"}},
{"type":"Feature","geometry":{"type":"MultiPolygon","coordinates":[[[[18.5919557,54.3869555],[18.592221,54.3867742],[18.5922226,54.386775],[18.5922577,54.3867924],[18.5922752,54.3868011],[18.5923503,54.3868384],[18.5922877,54.3868812],[18.5923226,54.3868986],[18.5924075,54.3868406],[18.5924388,54.3868561],[18.5924457,54.3868514],[18.5924966,54.3868767],[18.5924909,54.3868806],[18.5925192,54.3868946],[18.592428,54.3869569],[18.5924147,54.3869503],[18.5923722,54.3869794],[18.5924378,54.387012],[18.5924858,54.3869792],[18.59269,54.3870805],[18.5926332,54.3871194],[18.5926272,54.3871164],[18.5924819,54.3872156],[18.592285,54.3871179],[18.5922632,54.3871328],[18.5921959,54.3870994],[18.592173,54.387115],[18.5921365,54.3870969],[18.5921585,54.3870818],[18.5920673,54.3870366],[18.5920891,54.3870217],[18.59198,54.3869676],[18.5919557,54.3869555]]]]},"properties":{"addr:city":"Gdańsk","addr:country":"PL","addr:housenumber":"195/197","addr:postcode":"80-266","addr:street":"Aleja Grunwaldzka","amenity":"cinema","building":"yes","name":"Klub ŻAK","payment:cash":"yes","payment:credit_cards":"yes","screen":"1","source:addr":"Urząd Miasta Gdańsk"}},
{"type":"Feature","geometry":{"type":"MultiPolygon","coordinates":[[[[18.6464123,54.3498667],[18.6464184,54.349866],[18.6464134,54.349850000000007],[18.646475,54.3498435],[18.6464731,54.3498376],[18.6464934,54.3498354],[18.6464943,54.3498384],[18.6465,54.3498378],[18.646501,54.3498409],[18.6465792,54.3498328],[18.6465839,54.3498479],[18.6465904,54.3498473],[18.6465929,54.3498555],[18.6465865,54.3498562],[18.6465932,54.3498782],[18.6465973,54.3498778],[18.6465987,54.3498824],[18.6466053,54.3498817],[18.6466092,54.3498949],[18.6466028,54.3498955],[18.6466041,54.3499],[18.6465997,54.3499005],[18.6466061,54.3499221],[18.6466111,54.3499388],[18.6466153,54.3499384],[18.6466167,54.3499432],[18.6466232,54.3499426],[18.6466268,54.3499548],[18.6466202,54.3499555],[18.6466195,54.3499601],[18.6466243,54.3499764],[18.6466278,54.3499806],[18.6466343,54.3499799],[18.6466381,54.3499919],[18.6466312,54.3499926],[18.6466358,54.3500072],[18.6465557,54.3500158],[18.6465567,54.3500189],[18.646551,54.3500195],[18.646552,54.3500229],[18.6465267,54.3500256],[18.6465249,54.35002],[18.6464642,54.3500265],[18.6464593,54.3500111],[18.6464531,54.3500118],[18.6464493,54.3499997],[18.6464554,54.349999],[18.6464538,54.3499939],[18.6464587,54.3499934],[18.6464541,54.3499788],[18.6464493,54.3499793],[18.6464478,54.3499745],[18.6464415,54.3499752],[18.6464374,54.3499624],[18.6464437,54.3499618],[18.6464422,54.3499569],[18.6464476,54.3499563],[18.6464422,54.3499395],[18.6464358,54.3499192],[18.6464305,54.3499198],[18.6464289,54.3499148],[18.6464229,54.3499154],[18.6464187,54.349902],[18.6464253,54.3499013],[18.6464237,54.3498964],[18.646428,54.3498959],[18.6464212,54.3498744],[18.6464149,54.349875],[18.6464123,54.3498667]]]]},"properties":{"addr:city":"Gdańsk","addr:housenumber":"2A","addr:postcode":"80-887","addr:street":"Wały Jagiellońskie","building":"yes","heritage":"2","heritage:operator":"nid","historic":"city_gate","name":"Brama Wyżynna","name:be":"Брама Выжынна","name:de":"Hohes Tor","name:es":"Puerta Alta","name:ja":"高い門","name:pl":"Brama Wyżynna","name:ru":"Верхние ворота","ref:ckkp":"PM00962","ref:nid":"330 z 27.02.1967","source:addr":"Yanosik, zgłoszenie użytkownika, UM Gdańsk","source:geometry":"gis.gdansk.pl","tourism":"attraction","wikidata":"Q1623993","wikipedia":"pl:Brama Wyżynna w Gdańsku"}},
{"type":"Feature","geometry":{"type":"MultiPolygon","coordinates":[[[[18.670361,54.3464973],[18.6703817,54.3464089],[18.6709209,54.3454834],[18.6710384,54.3453944],[18.6711473,54.3453325],[18.6712837,54.3452825],[18.6713783,54.3452522],[18.6715469,54.3452185],[18.6717537,54.3452014],[18.6719419,54.3451993],[18.6721183,54.3452247],[18.6722837,54.3452658],[18.6723894,54.3453111],[18.6724824,54.3453516],[18.6725721,54.3454033],[18.6726559,54.3454819],[18.6727156,54.3455627],[18.6727451,54.3456613],[18.672737,54.3457668],[18.6727035,54.3458475],[18.6726572,54.3459245],[18.6720637,54.3467128],[18.6719895,54.3467962],[18.6719009,54.3468567],[18.6718106,54.3469014],[18.6717152,54.3469385],[18.6716229,54.3469627],[18.6715431,54.3469748],[18.6714458,54.3469842],[18.6714353,54.3468666],[18.6713457,54.3468694],[18.6712329,54.3468594],[18.6711139,54.3468376],[18.6710161,54.3468111],[18.670944,54.346782],[18.6708812,54.346754],[18.670824,54.3467168],[18.6707743,54.3466783],[18.670738,54.3466381],[18.6706836,54.3466586],[18.6706919,54.3467514],[18.6705745,54.3468006],[18.6705073,54.3467414],[18.6704376,54.3466642],[18.6703869,54.346587],[18.670361,54.3464973]]]]},"properties":{"addr:city":"Gdańsk","addr:housenumber":"1","addr:postcode":"80-729","addr:street":"Zawodników","leisure":"stadium","name":"Stadion Żużlowy im. Zbigniewa Podleckiego","sport":"speedway"}},
{"type":"Feature","geometry":{"type":"MultiPolygon","coordinates":[[[[18.652178,54.3498702],[18.6522183,54.3498668],[18.6522004,54.3497982],[18.6523662,54.3497814],[18.6523514,54.3497356],[18.6523522,54.3497256],[18.6523601,54.3497182],[18.6523645,54.3497177],[18.6523965,54.3497144],[18.6524189,54.3497235],[18.6524229,54.3497231],[18.6524813,54.3497165],[18.6524896,54.3497068],[18.6525042,54.3497032],[18.6528015,54.3496723],[18.6527936,54.3496473],[18.6528879,54.3496367],[18.6528747,54.3495946],[18.6529372,54.3495879],[18.652928,54.3495607],[18.6529404,54.3495446],[18.6531258,54.349523],[18.6531765,54.3495177],[18.6534541,54.3494884],[18.6534739,54.3495001],[18.653516,54.3496254],[18.653718,54.3496038],[18.6537343,54.3496073],[18.6537484,54.3496153],[18.6538192,54.3498176],[18.6538088,54.3498288],[18.6537953,54.34983],[18.6537997,54.3498452],[18.6538041,54.3498604],[18.6538197,54.3498591],[18.6538374,54.3498655],[18.6538473,54.3498937],[18.6538166,54.3499058],[18.6537108,54.3499168],[18.6537071,54.349942],[18.653683,54.3499716],[18.6536425,54.3499964],[18.6536323,54.3500058],[18.6535144,54.3500188],[18.6535309,54.3500657],[18.6534867,54.3500832],[18.6534248,54.3500911],[18.6534076,54.3500841],[18.6533772,54.3500875],[18.6533467,54.3500908],[18.653332,54.3501037],[18.6532499,54.3501132],[18.6531454,54.3501255],[18.6531168,54.3501147],[18.6530784,54.3500007],[18.653038,54.35002],[18.652605,54.3500661],[18.6525843,54.3500637],[18.6525716,54.3500637],[18.652539,54.3500672],[18.6525245,54.3500709],[18.6525194,54.350075],[18.6525111,54.3500778],[18.6524794,54.3500816],[18.6524582,54.3500728],[18.6524508,54.3500626],[18.6524386,54.3500241],[18.6522608,54.3500408],[18.652246,54.3499769],[18.6522057,54.3499803],[18.6522017,54.3499646],[18.652242,54.3499611],[18.6522378,54.3499442],[18.6522518,54.3499355],[18.652248,54.3499224],[18.6522438,54.3499077],[18.6522269,54.349901],[18.6522219,54.3498811],[18.6521816,54.3498845],[18.652178,54.3498702]]]]},"properties":{"addr:city":"Gdańsk","addr:city:simc":"0933016","addr:country":"PL","addr:housenumber":"5","addr:postcode":"80-834","addr:street":"Podkramarska","addr:street:sym_ul":"16783","alt_name":"Kościół pw. Wniebowzięcia Najświętszej Maryi Panny","amenity":"place_of_worship","building":"church","building:architecture":"gothic","building:colour":"#C82E04","by:religious_title":"papież Paweł VI","church:id":"06702","church:type":"parish","date:religious_title":"1965","date:shrine":"C15","deanery":"Dekanat Gdańsk Śródmieście","denomination":"roman_catholic","diocese":"Archidiecezja gdańska","email":"sekretariat@bazylikamariacka.gdansk.pl","height":"27","heritage":"2","heritage:operator":"nid","heritage:website":"https://zabytek.pl/pl/obiekty/zabytek?inspire_id=PL.1.9.ZIPOZ.NID_N_22_BK.58668&rejestr=rejestr-zabytkow","historic":"church","name":"Bazylika Konkatedralna Wniebowzięcia Najświętszej Maryi Panny","name:be":"Базыліка Марыяцка","name:de":"Marienkirche","name:en":"St Mary’s Church","name:es":"Basílica de Nuestra Señora","name:ja":"聖母マリア教会","name:ko":"성모 승천 대성당","name:pl":"Bazylika Mariacka","name:ru":"Базилика Девы Марии","nid:inscription_date":"1959-11-11","official_name":"Bazylika konkatedralna pw. Wniebowzięcia Najświętszej Maryi Panny w Gdańsku","old_denomination":"lutheran","old_name:de":"Oberpfarrkirche St. Marien","parish":"Parafia Wniebowzięcia Najświętszej Maryi Panny w Gdańsku","parish:wikidata":"Q11806330","parish:wikipedia":"pl:Parafia Wniebowzięcia Najświętszej Maryi Panny w Gdańsku","phone":"+48 58 301 39 82","ref:ckkp":"PM00292","ref:inspire":"PL.1.9.ZIPOZ.NID_N_22_BK.58668","ref:nid":"7/N/59","religion":"christian","religious_title":"Bazylika Mniejsza","roof:colour":"white","shrine":"regional","shrine:name":"Sanktuarium Matki Bożej Pięknej","shrine:object":"figura Matki Bożej Pięknej","shrine:type":"mary","start_date":"1343","tourism":"attraction","website":"https://bazylikamariacka.gdansk.pl/","wikidata":"Q933903","wikimedia_commons":"File:Gdańsk_Główne_Miasto_-_Bazylika_Mariacka.jpg","wikipedia":"pl:Bazylika konkatedralna Wniebowzięcia Najświętszej Maryi Panny w Gdańsku"}},
{"type":"Feature","geometry":{"type":"MultiPolygon","coordinates":[[[[18.6453111,54.3596838],[18.6454086,54.3594691],[18.6454025,54.3594636],[18.6454162,54.3594329],[18.6453971,54.3594282],[18.6453968,54.3594207],[18.6453927,54.3594142],[18.6453886,54.3593942],[18.6453859,54.3593814],[18.6453873,54.3593657],[18.6454025,54.3593322],[18.645415,54.3593179],[18.6454491,54.3592913],[18.6454574,54.3592857],[18.6454644,54.3592801],[18.6454775,54.3592809],[18.6454842,54.3592812],[18.6454998,54.3592503],[18.6455092,54.359247],[18.6456033,54.3590389],[18.6456092,54.3590369],[18.6458538,54.3590746],[18.6458575,54.359078],[18.6458532,54.3590866],[18.6461829,54.3591376],[18.6461857,54.3591302],[18.646421,54.3591664],[18.6464175,54.3591736],[18.6467117,54.3592194],[18.6467364,54.359165],[18.6467556,54.3591227],[18.646776,54.3591113],[18.646796,54.3591088],[18.646819700000003,54.3591091],[18.6469598,54.3591307],[18.6470941,54.3591516],[18.6469939,54.3592788],[18.6468525,54.3592601],[18.6468223,54.3593274],[18.6467942,54.3593902],[18.6466442,54.3593671],[18.646651,54.3593506],[18.6466237,54.3593661],[18.6465615,54.3593576],[18.6465543,54.3593735],[18.6464318,54.3593547],[18.6463817,54.3594662],[18.6463414,54.3594607],[18.6463333,54.3594796],[18.6464266,54.3594939],[18.646402,54.3595487],[18.646308,54.3595343],[18.6462595,54.3595269],[18.6461722,54.3597217],[18.6462114,54.3597276],[18.6461717,54.3598089],[18.645563,54.3597153],[18.6455609,54.3597196],[18.6453111,54.3596838]],[[18.6455929,54.3596309],[18.6455954,54.3596313],[18.6455945,54.3596329],[18.6459338,54.3596847],[18.6460212,54.3594907],[18.6460183,54.3594903],[18.6460189,54.3594889],[18.6459777,54.3594827],[18.6457979,54.3594554],[18.6457852,54.3594476],[18.6457693,54.3594378],[18.6457621,54.359443],[18.6457522,54.3594489],[18.6457409,54.3594545],[18.6457251,54.3594607],[18.6457067,54.3594658],[18.6456924,54.3594685],[18.6456777,54.3594703],[18.6456642,54.3594712],[18.6455929,54.3596309]],[[18.6457332,54.3593178],[18.6457387,54.3593202],[18.6457379,54.3593219],[18.6457527,54.3593283],[18.6457648,54.3593349],[18.6457777,54.359345],[18.6457839,54.3593515],[18.6457905,54.3593612],[18.6457944,54.3593707],[18.645797,54.3593795],[18.6458321,54.3593719],[18.646054,54.3594058],[18.6461386,54.3592223],[18.6460981,54.3592146],[18.6460729,54.3592698],[18.6457764,54.3592237],[18.6457332,54.3593178]]]]},"properties":{"addr:city":"Gdańsk","addr:country":"PL","addr:housenumber":"2-4","addr:postcode":"80-852","addr:street":"Dyrekcyjna","architect":"Giebelhausen, Rüdell","building":"yes","building:levels":"5","heritage":"yes","heritage:operator":"nid","heritage:website":"https://zabytek.pl/pl/obiekty/gdansk-gmach-polnocnej-dyrekcji-okregowej-kolei-panstwowych","name":"Dyrekcja Kolei w Gdańsku","name:de":"Staatsbahndirektion","name:pl":"Dyrekcja Kolei w Gdańsku","source:addr":"Urząd Miasta Gdańsk","source:geometry":"gis.gdansk.pl","start_date":"1914","tourism":"attraction","wikidata":"Q1311573","wikipedia":"pl:Dyrekcja Kolei w Gdańsku","year_of_construction":"1912 - 1914"}},
{"type":"Feature","geometry":{"type":"MultiPolygon","coordinates":[[[[18.5436425,54.4444947],[18.5440774,54.4443435],[18.5445592,54.4443162],[18.5449259,54.4443423],[18.5451853,54.4444298],[18.5448214,54.4447688],[18.5446326,54.4449601],[18.5444499,54.4449974],[18.5442286,54.4449728],[18.5439746,54.4447587],[18.5436425,54.4444947]]]]},"properties":{"amenity":"theatre","building":"roof","leisure":"bleachers","name":"Opera Leśna","name:de":"Die Waldoper","name:en":"Forest Opera","ref:prng":"172877","wikidata":"Q1445398","wikipedia":"pl:Opera Leśna"}},
{"type":"Feature","geometry":{"type":"MultiPolygon","coordinates":[[[[18.6478853,54.3497817],[18.6478941,54.3497666],[18.6479023,54.3497683],[18.6479096,54.3497671],[18.6479174,54.3497691],[18.6479359,54.349765],[18.6479389,54.3497611],[18.647946,54.3497589],[18.6479582,54.3497617],[18.647974,54.3497577],[18.6479769,54.349755],[18.6479794,54.3497526],[18.6480781,54.3497285],[18.6481614,54.3498396],[18.6481277,54.3498489],[18.6481171,54.3498517],[18.6481052,54.3498476],[18.6480813,54.349854],[18.6480753,54.3498609],[18.6480746,54.3498613],[18.6479951,54.3498801],[18.6479902,54.3498862],[18.6479635,54.3498826],[18.6479654,54.3498773],[18.6479312,54.3498321],[18.6479209,54.3498307],[18.647927,54.349826],[18.6478955,54.3497836],[18.6478853,54.3497817]]]]},"properties":{"addr:city":"Gdańsk","addr:housenumber":"27","addr:postcode":"80-836","addr:street":"Targ Węglowy","building":"yes","building:levels":"3","building:material":"brick","heritage":"2","heritage:operator":"nid","historic":"manor","material":"brick","name":"Dwór Bractwa św. Jerzego","name:es":"Hotel de San Jorge","note":"przesunięte względem ortofotomapy gis.gdansk.pl","ref:ckkp":"PM00967","ref:nid":"287 z 24.02.1967","source:addr":"Urząd Miasta Gdańsk","source:geometry":"gis.gdansk.pl","tourism":"attraction","wikidata":"Q1622912","wikipedia":"pl:Dwór Bractwa św. Jerzego w Gdańsku"}},
{"type":"Feature","geometry":{"type":"MultiPolygon","coordinates":[[[[18.6482527,54.3510843],[18.6487219,54.3509585],[18.6488773,54.3511627],[18.6488715,54.3511667],[18.648889,54.3511895],[18.6489041,54.3512089],[18.6489235,54.3512135],[18.6489422,54.3512177],[18.6489566,54.3512373],[18.6489643,54.3512476],[18.6491052,54.3513167],[18.6491744,54.3513843],[18.6491756,54.3513857],[18.6491096,54.3514041],[18.6489498,54.3514484],[18.6487895,54.3514929],[18.6487859,54.3514939],[18.6487215,54.3515118],[18.6485412,54.3515623],[18.6484896,54.3515762],[18.6483235,54.3513772],[18.6483697,54.3513634],[18.648451,54.3513412],[18.6484023,54.3512829],[18.6482527,54.3510843]]]]},"properties":{"addr:city":"Gdańsk","addr:housenumber":"2","addr:postcode":"80-834","addr:street":"Świętego Ducha","amenity":"theatre","building":"yes","building:levels":"3","name":"Teatr Wybrzeże","note":"przesunięte względem ortofotomapy gis.gdansk.pl","source:addr":"Urząd Miasta Gdańsk","source:geometry":"gis.gdansk.pl"}},
{"type":"Feature","geometry":{"type":"MultiPolygon","coordinates":[[[[18.6511715,54.3528613],[18.6511739,54.3528296],[18.6512146,54.3528081],[18.6512694,54.3528095],[18.6513062,54.3528334],[18.6513035,54.3528653],[18.6512625,54.3528866],[18.6512086,54.3528852],[18.6511715,54.3528613]]]]},"properties":{"building":"yes","height":"0.1","heritage":"2","heritage:operator":"nid","historic":"fortification","man_made":"tower","name":"Baszta Jacek","name:de":"Kiek in de Kök","name:pl":"Baszta Jacek","ref:nid":"294 z 24.06.1967","tourism":"attraction","tower:type":"defensive","wikidata":"Q1740933","wikipedia":"pl:Baszta Jacek"}},
{"type":"Feature","geometry":{"type":"MultiPolygon","coordinates":[[[[18.644169,54.355368],[18.64418,54.355367],[18.64418,54.355368],[18.644215,54.355367],[18.644211,54.355342],[18.644251,54.35534],[18.644249,54.355321000000007],[18.644255,54.355321000000007],[18.644237,54.355196],[18.644219,54.355197],[18.644216,54.355172],[18.644207,54.355172],[18.644204,54.355149],[18.644213,54.355149],[18.64421,54.355125],[18.644214,54.355124000000007],[18.644209,54.355089],[18.644425,54.35508],[18.64443,54.355116],[18.64456,54.35511],[18.644559,54.355105],[18.644687,54.355099],[18.644697,54.355174],[18.644695,54.355174],[18.644705,54.355247],[18.644799,54.355243],[18.644805,54.355296],[18.644834,54.355294],[18.644837,54.355317],[18.644841,54.355316],[18.644841,54.355318],[18.644864,54.355316],[18.644864,54.355315],[18.644877,54.355315],[18.644878,54.355323],[18.644876,54.355323],[18.6448781,54.3553369],[18.64488,54.35535],[18.644882,54.35535],[18.644883,54.355355],[18.644881,54.355355],[18.6448823,54.3553671],[18.644884,54.355383],[18.644886,54.355383],[18.644887,54.355388],[18.644885,54.355388],[18.6448871,54.3554022],[18.644889,54.355415],[18.644891,54.355415],[18.644892,54.355423],[18.644878,54.355424],[18.644878,54.355423],[18.644856,54.355424],[18.644856,54.355425],[18.644852,54.355425],[18.644854,54.355447],[18.64484,54.355448],[18.644847,54.355497],[18.644848,54.355497],[18.64485,54.355509],[18.644849,54.355509],[18.644856,54.35556],[18.644866,54.35556],[18.6448675,54.3555746],[18.644868,54.35558],[18.644858,54.35558],[18.644859,54.355585],[18.644843,54.355586],[18.644849,54.355632],[18.644851,54.355632],[18.644852,54.355641],[18.644851,54.355641],[18.644857,54.355688],[18.644859,54.355688],[18.644859,54.355697],[18.644858,54.355697],[18.644864,54.355744],[18.644866,54.355744],[18.644867,54.355753],[18.644865,54.355753],[18.644871,54.3558],[18.644873,54.3558],[18.6448751,54.355809],[18.644873,54.355809],[18.644879,54.355856],[18.644894,54.355855],[18.644896,54.355865],[18.644894,54.355865],[18.6448976,54.3558909],[18.644901,54.355915],[18.644903,54.355915],[18.644904,54.355924],[18.644888,54.355925],[18.644888,54.355924],[18.644801,54.355928],[18.644801,54.355929],[18.644795,54.355929],[18.644801,54.355977],[18.644497,54.355991],[18.644482,54.35588],[18.644433,54.355882],[18.644426,54.355829],[18.644356,54.355832],[18.644357,54.355833],[18.644345,54.355833],[18.644344,54.355824],[18.644346,54.355824],[18.644339,54.355777],[18.644337,54.355777],[18.644336,54.355768],[18.644338,54.355768],[18.644332,54.355722],[18.644332,54.355721],[18.64433,54.355721],[18.644329,54.355712],[18.64433,54.355712],[18.644324,54.355665],[18.644323,54.355665],[18.644322,54.355656],[18.644323,54.355656],[18.644317,54.355609],[18.644315,54.355609],[18.644314,54.3556],[18.644316,54.3556],[18.644309,54.355554],[18.644308,54.355554],[18.644306,54.355544],[18.644308,54.355544],[18.644302,54.355497],[18.6443,54.355498],[18.644299,54.355488],[18.644301,54.355488],[18.644299,54.355472],[18.644269,54.355474],[18.644266,54.355455],[18.644226,54.355457],[18.644223,54.355432],[18.644189,54.355434],[18.644189,54.355435],[18.644177,54.355436],[18.644177,54.355429],[18.644179,54.355429],[18.644171,54.355374],[18.64417,54.355374],[18.644169,54.355368]]]]},"properties":{"addr:city":"Gdańsk","addr:country":"PL","addr:housenumber":"2","addr:postcode":"80-895","addr:street":"Podwale Grodzkie","architect":"Alexander Rüdell, Paul Thömer, Georg Cuny","architect:wikidata":"Q16440048;Q2062764;Q104054219","building":"train_station","building:architecture":"neo-renaissance","building:levels":"1","heritage":"yes","heritage:operator":"nid","heritage:website":"https://zabytek.pl/pl/obiekty/g-255389","historic":"yes","name":"Dworzec PKP Gdańsk Główny","name:be":"Чыгуначны Вакзал Гданьск","name:de":"PKP Danzig Hauptbahnhof","name:en":"Gdansk main train station","name:pl":"Dworzec PKP Gdańsk Główny","name:ru":"Главный вокзал Гданьска","official_name":"Dworzec Gdańsk Główny imenia Mieczysława Jałowieckiego","source:addr":"Urząd Miasta Gdańsk","source:building":"BDOT","source:geometry":"EGiB","tourism":"attraction","wheelchair":"yes","wikidata":"Q557448","wikipedia":"pl:Gdańsk Główny","year_of_construction":"1896 - 1900"}},
{"type":"Feature","geometry":{"type":"MultiPolygon","coordinates":[[[[18.6591166,54.3523851],[18.6591277,54.3523826],[18.6595965,54.352297],[18.6596777,54.3522817],[18.660073,54.3522059],[18.6600787,54.3521972],[18.6600835,54.3522048],[18.6600767,54.3522127],[18.6601115,54.352279],[18.6601504,54.352353],[18.6601659,54.3523552],[18.660172,54.3523656],[18.660161,54.3523644],[18.6601917,54.3524203],[18.660205,54.3524176],[18.6602699,54.3525394],[18.6602536,54.3525425],[18.660301,54.3526298],[18.6602736,54.3526348],[18.6601529,54.3526568],[18.6601054,54.3526655],[18.6600014,54.3526844],[18.6599576,54.3526924],[18.6598518,54.3527117],[18.6598021,54.3527208],[18.6596901,54.3527413],[18.6596173,54.3527545],[18.65957,54.3526657],[18.6595616,54.3526672],[18.6595263,54.352601],[18.65927,54.3526471],[18.6592097,54.3525337],[18.6592026,54.3525351],[18.6591166,54.3523851]]]]},"properties":{"addr:city":"Gdańsk","addr:country":"PL","addr:housenumber":"1","addr:postcode":"80-751","addr:street":"Ołowianka","amenity":"theatre","building":"yes","building:colour":"firebrick","building:material":"brick","heritage":"2","heritage:operator":"nid","historic":"power_plant","name":"Polska Filharmonia Bałtycka im. Fryderyka Chopina","name:de":"Baltische Philharmonie","name:en":"Polish Baltic Philharmonic","name:pl":"Polska Filharmonia Bałtycka im. Fryderyka Chopina","name:uk":"Польська Балтійська філармонія імені Фридерика Шопена","ref:nid":"886 z 30.12.1983","roof:colour":"firebrick","roof:material":"roof_tiles","theatre:genre":"philharmonic","website":"https://www.filharmonia.gda.pl/","wheelchair":"yes","wikidata":"Q805784","wikipedia":"pl:Filharmonia Bałtycka"}},
{"type":"Feature","geometry":{"type":"MultiPolygon","coordinates":[[[[18.658971,54.351957],[18.659159,54.351938],[18.659163,54.351951],[18.6591969,54.3520709],[18.659232,54.352195],[18.65905,54.352212],[18.658971,54.351957]]]]},"properties":{"addr:city":"Gdańsk","addr:country":"PL","addr:housename":"Spichlerz Królewski","addr:housenumber":"1","addr:postcode":"80-751","addr:street":"Ołowianka","building":"hotel","building:levels":"6","historic":"granary","name":"Spichlerz Królewski","name:pl":"Spichlerz Królewski","source:building":"BDOT","source:geometry":"EGiB","tourism":"attraction"}},
{"type":"Feature","geometry":{"type":"MultiPolygon","coordinates":[[[[18.5576512,54.4100203],[18.5576883,54.4098995],[18.55769,54.4098942],[18.5583937,54.4099666],[18.5583842,54.4099972],[18.5583537,54.4100955],[18.5576512,54.4100203]]]]},"properties":{"addr:city":"Gdańsk","addr:city:simc":"0933016","addr:country":"PL","addr:housenumber":"2","addr:postcode":"80-330","addr:street":"Biskupa Edmunda Nowickiego","building":"yes","building:levels":"2","name":"Spichlerz Klasztorny","roof:orientation":"along","roof:shape":"half-hipped","source":"www.geoportal.gov.pl","source:addr":"Urząd Miasta Gdańsk","tourism":"attraction"}},
{"type":"Feature","geometry":{"type":"MultiPolygon","coordinates":[[[[18.624331,54.382189],[18.6243415,54.3811714],[18.6243619,54.3811293],[18.6244024,54.3810926],[18.6244634,54.3810497],[18.6245433,54.3810153],[18.6246276,54.380996],[18.6247093,54.3809845],[18.6247957,54.3809776],[18.6248929,54.3809738],[18.6249683,54.3809815],[18.625057,54.3809969],[18.6251511,54.3810271],[18.6252333,54.3810684],[18.6252814,54.3811026],[18.6253182,54.381143],[18.6253282,54.3811944],[18.6253357,54.3821796],[18.6253058,54.3822298],[18.6252405,54.3822844],[18.6251847,54.382323],[18.6251047,54.3823527],[18.6250139,54.3823714],[18.6249145,54.3823874],[18.6248316,54.3823889],[18.6247459,54.3823858],[18.6247012,54.3823809],[18.6246405,54.3823714],[18.6245643,54.3823505],[18.6244747,54.3823233],[18.6243842,54.3822692],[18.624331,54.382189]]]]},"properties":{"leisure":"track","sport":"athletics"}},
{"type":"Feature","geometry":{"type":"MultiPolygon","coordinates":[[[[18.57026,54.40128],[18.570625,54.400783],[18.57059,54.400774],[18.570589,54.400775],[18.570579,54.400772],[18.570584,54.400767],[18.570509,54.400749],[18.5705574,54.4006816],[18.570521,54.400672],[18.5706083,54.4005526],[18.5707064,54.4005778],[18.570812,54.400605],[18.5714107,54.4007545],[18.5714213,54.4007408],[18.571411,54.4007381],[18.5714312,54.4007116],[18.5716319,54.4007635],[18.5716154,54.4007851],[18.5716002,54.4007812],[18.571587,54.4007991],[18.571803,54.400854],[18.5717527,54.4009227],[18.571799,54.400934],[18.571763,54.400985],[18.572741,54.40123],[18.5726453,54.4013601],[18.572316,54.401808],[18.571259,54.401543],[18.571182,54.401644],[18.571132,54.401631],[18.571054,54.401737],[18.570794,54.401674],[18.570845,54.401604],[18.57067,54.40156],[18.5705,54.401517],[18.570579,54.401411],[18.570923,54.401498],[18.570921,54.401501],[18.57109,54.401543],[18.5711161,54.4015072],[18.571125,54.401495],[18.571023,54.40147],[18.571024,54.401469],[18.570425,54.401318],[18.570424,54.40132],[18.570351,54.401302],[18.57026,54.40128]]]]},"properties":{"addr:city":"Gdańsk","addr:country":"PL","addr:housenumber":"470","addr:postcode":"80-309","addr:street":"Aleja Grunwaldzka","building":"public","leisure":"sports_centre","name":"Hala Olivia","source":"Urząd Miasta Gdańsk","source:building":"BDOT","source:geometry":"EGiB","sport":"ice_hockey;ice_skating;curling","start_date":"1972-12-16","wikidata":"Q2732849","wikipedia":"pl:Hala Olivia","year_of_construction":"1965..1972"}},
{"type":"Feature","geometry":{"type":"MultiPolygon","coordinates":[[[[18.6242021,54.3823047],[18.6242264,54.3811065],[18.6242723,54.3810654],[18.6243316,54.3810337],[18.6244344,54.3809894],[18.6245331,54.3809552],[18.6246474,54.3809316],[18.6247536,54.3809252],[18.6248971,54.3809217],[18.6249954,54.3809303],[18.6250829,54.3809452],[18.6252179,54.3809932],[18.625301,54.3810311],[18.6253568,54.3810725],[18.6254127,54.3811375],[18.6254268,54.3812052],[18.625429,54.3822077],[18.6254056,54.3822498],[18.6253647,54.3822942],[18.6252808,54.3823558],[18.6251798,54.3823946],[18.6250961,54.3824194],[18.6250606,54.3824241],[18.6249875,54.3824351],[18.6249191,54.3824453],[18.6248164,54.3824496],[18.6247096,54.3824461],[18.6246089,54.3824313],[18.6244964,54.3824025],[18.62442,54.382376],[18.6243593,54.3823442],[18.6243188,54.3823054],[18.6242021,54.3823047]]]]},"properties":{"leisure":"stadium"}},
{"type":"Feature","geometry":{"type":"MultiPolygon","coordinates":[[[[18.6195715,54.3683086],[18.6195718,54.3682453],[18.6195986,54.3681703],[18.6196766,54.3680838],[18.6204074,54.3672571],[18.6206368,54.3671457],[18.6208535,54.3670887],[18.6211127,54.367064],[18.6213507,54.3670863],[18.6215886,54.3671506],[18.6217841,54.3672224],[18.6219115,54.3672917],[18.6220857,54.3674279],[18.622162200000003,54.3675615],[18.6221588,54.3675785],[18.6221325,54.3677101],[18.6213942,54.3685466],[18.6213634,54.3685814],[18.6212359,54.3687002],[18.621032,54.3688066],[18.6207983,54.3688561],[18.6205306,54.3688537],[18.6203309,54.3688215],[18.6200717,54.3687546],[18.6198933,54.3686804],[18.6197403,54.3685739],[18.6196341,54.3684601],[18.6195946,54.3683937],[18.6195715,54.3683086]]]]},"properties":{"capacity":"11811","leisure":"stadium","name":"Stadion Miejski"}},
{"type":"Feature","geometry":{"type":"MultiPolygon","coordinates":[[[[18.584862,54.406079],[18.585044,54.405687],[18.585232,54.405716],[18.585198,54.405789],[18.585209,54.405791],[18.585175,54.405864],[18.585164,54.405862],[18.5851,54.406],[18.585109,54.406002],[18.585086,54.406052],[18.585076,54.406051],[18.585049,54.406108],[18.584862,54.406079]]]]},"properties":{"addr:city":"Gdańsk","addr:country":"PL","addr:housenumber":"66B","addr:postcode":"80-389","addr:street":"Śląska","amenity":"community_centre","building":"yes","building:levels":"2","name":"Dom Kultury PSM Przymorze","source:addr":"Urząd Miasta Gdańsk","source:building":"BDOT","source:geometry":"EGiB"}},
{"type":"Feature","geometry":{"type":"MultiPolygon","coordinates":[[[[18.6441538,54.4043111],[18.6441588,54.4041901],[18.6441541,54.4041894],[18.6441549,54.4041529],[18.6441594,54.4041529],[18.6441641,54.4040584],[18.6442983,54.4040604],[18.6442994,54.4040333],[18.6445938,54.4040373],[18.6445822,54.404317],[18.6444444,54.404315],[18.6444379,54.4044392],[18.6443308,54.4044372],[18.644328,54.4044859],[18.6442955,54.4044855],[18.6442495,54.4044848],[18.6441975,54.4044841],[18.6441992,54.4044357],[18.6441578,54.4044352],[18.6441633,54.4043112],[18.6441538,54.4043111]]]]},"properties":{"addr:city":"Gdańsk","addr:country":"PL","addr:housenumber":"10A","addr:postcode":"80-515","addr:street":"Ignacego Krasickiego","building":"yes","leisure":"sports_centre","name":"Sala gimnastyczna","source:addr":"Urząd Miasta Gdańsk"}},
{"type":"Feature","geometry":{"type":"MultiPolygon","coordinates":[[[[18.6178367,54.3749538],[18.6180548,54.3749066],[18.6180785,54.3749005],[18.6181206,54.3749751],[18.6181378,54.3749722],[18.618176,54.3749837],[18.6181582,54.3750084],[18.6181166,54.3750157],[18.6181313,54.3750409],[18.6179336,54.3750874],[18.6179109,54.3750788],[18.6178367,54.3749538]]]]},"properties":{"addr:city":"Gdańsk","addr:country":"PL","addr:housenumber":"16","addr:postcode":"80-236","addr:street":"Aleja Grunwaldzka","amenity":"theatre","building":"public","check_date":"2024-07-14","contact:phone":"+48 58 341 12 09","name":"Teatr Miniatura","source:addr":"Urząd Miasta Gdańsk","theatre:genre":"puppet","website":"https://teatrminiatura.pl/"}},
{"type":"Feature","geometry":{"type":"MultiPolygon","coordinates":[[[[18.637493,54.407912],[18.637555,54.407908],[18.637556,54.40791],[18.637702,54.4079],[18.637701,54.407896],[18.6377862,54.407891],[18.637871,54.407886],[18.637872,54.40789],[18.638019,54.407881],[18.638019,54.40788],[18.638079,54.407876],[18.638078,54.407873],[18.638253,54.407862],[18.638238,54.408014],[18.638106,54.408021],[18.638106,54.40802],[18.638045,54.408024],[18.638044,54.408023],[18.637896,54.408032],[18.637896,54.408033],[18.63773,54.408044],[18.63773,54.408043],[18.637582,54.408052],[18.637582,54.408053],[18.637519,54.408056],[18.637516,54.408034],[18.637514,54.408034],[18.637495,54.407935],[18.637497,54.407935],[18.637493,54.407912]]]]},"properties":{"addr:city":"Gdańsk","addr:country":"PL","addr:housenumber":"2","addr:postcode":"80-515","addr:street":"Zdrojowa","amenity":"arts_centre","building":"public","building:levels":"2","historic":"yes","name":"Dom Zdrojowy","source:addr":"Urząd Miasta Gdańsk","source:building":"BDOT","source:geometry":"EGiB"}},
{"type":"Feature","geometry":{"type":"MultiPolygon","coordinates":[[[[18.6611461,54.406281],[18.661158,54.4062589],[18.6611981,54.4062459],[18.6612376,54.4062549],[18.6612531,54.4062752],[18.6612396,54.4062986],[18.6612019,54.40631],[18.6611657,54.4063025],[18.6611461,54.406281]]]]},"properties":{"addr:city":"Gdańsk","addr:country":"PL","addr:housenumber":"5","addr:postcode":"80-542","addr:street":"Przemysłowa","building":"yes","building:material":"brick","height":"27","historic":"yes","man_made":"lighthouse","name":"Latarnia Morska Gdańsk Nowy Port","seamark:light:character":"LFl","seamark:light:colour":"green","seamark:light:height":"13","seamark:light:period":"6","seamark:light:range":"8","seamark:light:reference":"C 3066","seamark:light:sequence":"2+(4)","seamark:type":"light_minor","source":"Bing","source:addr":"Urząd Miasta Gdańsk","start_date":"1893","tourism":"attraction","wikidata":"Q11753140","wikipedia":"pl:Latarnia Morska Gdańsk Nowy Port"}},
{"type":"Feature","geometry":{"type":"MultiPolygon","coordinates":[[[[18.6265697,54.372174],[18.6266073,54.3721433],[18.6266324,54.3721227],[18.6266511,54.3721306],[18.6267248,54.3720708],[18.6266893,54.3720465],[18.6266867,54.3720405],[18.6266895,54.3720357],[18.626851,54.3719553],[18.6268526,54.3719549],[18.6268541,54.3719546],[18.6268558,54.3719542],[18.6268578,54.371954],[18.6268598,54.3719538],[18.6268616,54.3719536],[18.6268636,54.3719537],[18.6268655,54.3719538],[18.6268681,54.371954],[18.6268706,54.3719544],[18.6268974,54.3719728],[18.6270424,54.3719005],[18.6270149,54.3718808],[18.6270141,54.371879],[18.627014,54.371878],[18.627014,54.3718769],[18.6270145,54.3718756],[18.6270153,54.3718743],[18.6270164,54.3718732],[18.6270178,54.371872],[18.6271791,54.3717916],[18.627182,54.3717909],[18.6271854,54.3717904],[18.6271894,54.3717905],[18.6271928,54.371791],[18.6271963,54.3717921],[18.6272243,54.3718104],[18.6275264,54.3716597],[18.6275292,54.3716586],[18.6275312,54.371658],[18.6275337,54.3716577],[18.627536,54.3716576],[18.6275386,54.3716576],[18.6275409,54.371658],[18.6275429,54.3716583],[18.6275452,54.3716591],[18.6277421,54.3717959],[18.6277058,54.3718137],[18.6277447,54.3718404],[18.6277529,54.3718363],[18.6279576,54.3719752],[18.6278033,54.3720528],[18.627832,54.3720741],[18.6276619,54.3721596],[18.627709,54.3721916],[18.6274931,54.3723],[18.6275316,54.3723263],[18.6272746,54.3724526],[18.6272245,54.3724185],[18.6270165,54.3725211],[18.627008,54.3725222],[18.6270005,54.3725204],[18.6268367,54.3724099],[18.6267689,54.3723622],[18.6267233,54.3723863],[18.6266469,54.3723348],[18.6267192,54.3722983],[18.626571,54.3721959],[18.6265886,54.3721817],[18.6265697,54.372174]]]]},"properties":{"addr:city":"Gdańsk","addr:country":"PL","addr:housenumber":"14","addr:postcode":"80-219","addr:street":"Aleja Zwycięstwa","amenity":"cinema","brand":"Multikino","brand:wikidata":"Q1144802","brand:wikipedia":"pl:Multikino","building":"commercial","building:levels":"2","name":"Multikino","operator":"Vue Cinemas","roof:levels":"0","source":"www.geoportal.gov.pl","source:addr":"Urząd Miasta Gdańsk"}},
{"type":"Feature","geometry":{"type":"MultiPolygon","coordinates":[[[[18.6313126,54.369862],[18.6314365,54.3697447],[18.6314541,54.3697281],[18.631579,54.3696098],[18.6314352,54.3695264],[18.6315152,54.3694794],[18.6316392,54.3695529],[18.6317373,54.3695882],[18.6314108,54.3698972],[18.6313635,54.3698803],[18.6313126,54.369862]]]]},"properties":{"addr:city":"Gdańsk","addr:country":"PL","addr:housenumber":"12","addr:postcode":"80-219","addr:street":"Aleja Zwycięstwa","building:levels":"2","building:part":"yes","leisure":"sports_centre","source:addr":"Urząd Miasta Gdańsk","sport":"multi"}},
{"type":"Feature","geometry":{"type":"MultiPolygon","coordinates":[[[[18.6449068,54.3524181],[18.64505,54.3523882],[18.6450444,54.3523791],[18.6450516,54.3523776],[18.6450347,54.3523502],[18.6452227,54.3523109],[18.6452403,54.3523395],[18.6452479,54.3523379],[18.6452546,54.3523489],[18.6454803,54.3523028],[18.6455187,54.3523622],[18.6454964,54.3523669],[18.6455261,54.3524154],[18.64554,54.3524125],[18.6455522,54.3524324],[18.6455637,54.3524512],[18.6455501,54.352454],[18.6455816,54.3525053],[18.6456021,54.352501],[18.645635,54.3525599],[18.645627,54.3525617],[18.6454534,54.3526002],[18.6454565,54.3526053],[18.6453627,54.3526249],[18.6453179,54.3525518],[18.6453166,54.3525453],[18.6453201,54.3525391],[18.6453275,54.3525343],[18.6453378,54.3525316],[18.6453492,54.3525315],[18.6453364,54.3525107],[18.6453263,54.3524944],[18.6452208,54.3525164],[18.645224,54.3525215],[18.6451034,54.3525467],[18.6451138,54.3525636],[18.645006,54.3525862],[18.6449745,54.3525351],[18.6449593,54.3525382],[18.6449268,54.3524855],[18.6449459,54.3524816],[18.6449068,54.3524181]]]]},"properties":{"addr:city":"Gdańsk","addr:country":"PL","addr:housenumber":"1","addr:postcode":"80-853","addr:street":"Wały Jagiellońskie","amenity":"townhall","building":"government","building:levels":"4","check_date":"2022-08-29","description":"Kompleks budynków został zbudowany jako siedziba dowództwa pruskiego garnizonu w Gdańsku. Składał się z pałacyku, budynku stajennego, niezachowanej do dziś oficyny i parku o powierzchni 1,8 ha.","name":"Nowy Ratusz","name:de":"Generalkommando","name:en":"New Town Hall","name:fi":"Kaupungintalo","name:pl":"Nowy Ratusz","old_name":"Żak","operator":"Rada Miasta Gdańska","smoking":"no","source":"Bing","source:addr":"Urząd Miasta Gdańsk","source:geometry":"gis.gdansk.pl","tourism":"attraction","wheelchair":"yes"}},
{"type":"Feature","geometry":{"type":"MultiPolygon","coordinates":[[[[18.6457759,54.3538254],[18.6458068,54.3537836],[18.6458316,54.3537898],[18.6458537,54.3537609],[18.6462012,54.3538499],[18.6461931,54.3538607],[18.6463786,54.3539025],[18.6463198,54.3539846],[18.6461855,54.3539503],[18.6461344,54.3539392],[18.6461268,54.3539493],[18.6457781,54.3538606],[18.6458008,54.3538316],[18.6457759,54.3538254]]]]},"properties":{"addr:city":"Gdańsk","addr:city:simc":"0933016","addr:country":"PL","addr:housenumber":"1","addr:postcode":"80-894","addr:street":"Elżbietańska","addr:street:sym_ul":"04788","amenity":"place_of_worship","building":"church","building:material":"brick","church:id":"19543","church:type":"rectoral","deanery":"Dekanat Gdańsk Śródmieście","denomination":"roman_catholic","diocese":"Archidiecezja gdańska","heritage":"2","heritage:operator":"nid","historic":"building","mobile":"504125655","name":"Kościół pw. Świętej Elżbiety","name:be":"Касцёл Святой Елізаветы","name:de":"Elisabethkirche","name:en":"St Elizabeth Church","name:nl":"Sint-Elisabethkerk","name:pl":"Kościół pw. Świętej Elżbiety","name:zh":"圣以利沙伯教会","old_denomination":"reformed","operator":"Stowarzyszenie Apostolstwa Katolickiego","parish":"Parafia św. Brygidy w Gdańsku","parish:wikidata":"Q11808176","parish:wikipedia":"pl:Parafia św. Brygidy w Gdańsku","ref:nid":"398","religion":"christian","roof:material":"roof_tiles","roof:shape":"gabled","source":"Bing","source:geometry":"gis.gdansk.pl","tourism":"attraction","wikidata":"Q11746651","wikipedia":"pl:Kościół św. Elżbiety w Gdańsku"}},
{"type":"Feature","geometry":{"type":"MultiPolygon","coordinates":[[[[18.645782,54.354005],[18.64582,54.353946],[18.646131,54.354014],[18.6461855,54.3539503],[18.6463198,54.3539846],[18.646079,54.35428],[18.6459889,54.3542586],[18.6458835,54.3542321],[18.645871,54.354229],[18.645895,54.35418],[18.645981,54.3542],[18.646084,54.354073],[18.645782,54.354005]]]]},"properties":{"addr:city":"Gdańsk","addr:city:simc":"0933016","addr:country":"PL","addr:housename":"Dom zakonny Księży Pallotynów","addr:housenumber":"1","addr:postcode":"80-894","addr:street":"Elżbietańska","addr:street:sym_ul":"04788","alt_name":"Dom Księży Pallotynów","building":"monastery","building:levels":"3","denomination":"roman_catholic","email":"gdansk@sac.org.pl","heritage":"2","heritage:operator":"nid","historic":"building","operator":"Pallotyni (SAC)","phone":"+48 58 326 07 30","ref:nid":"399 z 6.09.1971","religion":"christian","source":"Bing","source:addr":"Urząd Miasta Gdańsk","source:building":"BDOT","source:geometry":"gis.gdansk.pl","tourism":"attraction"}},
{"type":"Feature","geometry":{"type":"MultiPolygon","coordinates":[[[[18.646804,54.353532],[18.646846,54.353469],[18.64705,54.353505],[18.6470065,54.353572],[18.646837,54.353539],[18.646804,54.353532]]]]},"properties":{"addr:city":"Gdańsk","addr:country":"PL","addr:housenumber":"3","addr:postcode":"80-894","addr:street":"Elżbietańska","building":"university","building:levels":"3","historic":"yes","name":"Dom Opatów Pelplińskich","source":"Bing","source:addr":"Urząd Miasta Gdańsk","source:building":"BDOT","source:geometry":"gis.gdansk.pl","tourism":"attraction","wikidata":"Q9209358","wikipedia":"pl:Dom Opatów Pelplińskich w Gdańsku"}},
{"type":"Feature","geometry":{"type":"MultiPolygon","coordinates":[[[[18.6478031,54.3540393],[18.647908,54.3538324],[18.6482266,54.3538873],[18.6482335,54.3538885],[18.6481286,54.3540954],[18.6478031,54.3540393]]]]},"properties":{"addr:city":"Gdańsk","addr:country":"PL","addr:housenumber":"33/35","addr:postcode":"80-851","addr:street":"Korzenna","building":"yes","heritage":"2","heritage:operator":"nid","historic":"building","name":"Ratusz Starego Miasta","name:be":"Ратуша Старога Горада","name:es":"Ayuntamiento de la ciudad antigua","name:pl":"Ratusz Starego Miasta","ref:nid":"286 z 24.02.1967","source:addr":"Urząd Miasta Gdańsk","source:geometry":"gis.gdansk.pl","tourism":"attraction"}},
{"type":"Feature","geometry":{"type":"MultiPolygon","coordinates":[[[[18.6468114,54.3541014],[18.6468481,54.3540445],[18.6468745,54.3540034],[18.6468809,54.3539935],[18.6468863,54.353985],[18.6469158,54.3539887],[18.6469162,54.354],[18.6470606,54.3540272],[18.6471262,54.3540443],[18.6471294,54.3540381],[18.6475354,54.3541078],[18.647536,54.3541067],[18.6475604,54.3541113],[18.6475514,54.3541287],[18.647528,54.3541245],[18.6474834,54.3542102],[18.647507,54.354214],[18.6474973,54.3542331],[18.6474737,54.3542292],[18.6474257,54.3543242],[18.6473765,54.3543162],[18.647369,54.3543292],[18.6473536,54.3543263],[18.6473609,54.3543134],[18.6473087,54.3543042],[18.6473016,54.3543179],[18.6472874,54.3543153],[18.6472947,54.3543018],[18.6472403,54.3542923],[18.6472331,54.3543058],[18.6472177,54.354303],[18.6472247,54.3542894],[18.6471778,54.3542806],[18.6471901,54.3542585],[18.6470325,54.3542278],[18.6470602,54.3541735],[18.647068,54.3541583],[18.6470725,54.3541496],[18.6468392,54.3541071],[18.6468279,54.3541118],[18.6468161,54.3541093],[18.6468114,54.3541014]]]]},"properties":{"addr:city":"Gdańsk","addr:city:simc":"0933016","addr:country":"PL","addr:housenumber":"2","addr:postcode":"80-894","addr:street":"Bielańska","addr:street:sym_ul":"01244","amenity":"place_of_worship","building":"church","church:id":"19544","church:type":"rectoral","deanery":"Dekanat Gdańsk Śródmieście","denomination":"roman_catholic","diocese":"Archidiecezja gdańska","heritage":"2","heritage:operator":"nid","historic":"building","mobile":"504125655","name":"Kościół pw. Świętego Józefa","name:be":"Касцёл Святога Ёзефа","name:de":"Josefskirche","name:pl":"Kościół pw. Świętego Józefa","operator":"Zgromadzenie Misjonarzy Oblatów Najświętszej Maryi Panny Niepokalanej","parish":"Parafia św. Brygidy w Gdańsku","parish:wikidata":"Q11808176","parish:wikipedia":"pl:Parafia św. Brygidy w Gdańsku","ref:nid":"652 z 15.10.1973","religion":"christian","shrine":"local","shrine:name":"Sanktuarium Matki Bożej Szkaplerznej","shrine:type":"mary","source":"Bing","source:geometry":"gis.gdansk.pl","tourism":"attraction","wikidata":"Q11746939","wikipedia":"pl:Kościół św. Józefa w Gdańsku"}},
{"type":"Feature","geometry":{"type":"MultiPolygon","coordinates":[[[[18.6495358,54.3540474],[18.6496766,54.3539021],[18.6497315,54.3538443],[18.6502238,54.3540012],[18.6502738,54.3540171],[18.6502026,54.3540854],[18.6502857,54.3541124],[18.6502267,54.3541749],[18.6501449,54.3541484],[18.6501342,54.3541598],[18.6500769,54.3542216],[18.6495358,54.3540474]]]]},"properties":{"addr:city":"Gdańsk","addr:country":"PL","addr:housenumber":"16","addr:postcode":"80-849","addr:street":"Wielkie Młyny","building":"yes","disused:man_made":"watermill","name":"Wielki Młyn","name:be":"Вялікі Млын","name:de":"Große Mühle","name:es":"Gran Molino","name:pl":"Wielki Młyn","source":"Bing","source:addr":"Urząd Miasta Gdańsk","source:geometry":"gis.gdansk.pl","tourism":"attraction","wikidata":"Q734863","wikipedia":"pl:Wielki Młyn w Gdańsku"}},
{"type":"Feature","geometry":{"type":"MultiPolygon","coordinates":[[[[18.6507836,54.3541262],[18.6508927,54.3539196],[18.6509094,54.3539138],[18.6510616,54.3539418],[18.6510567,54.3539342],[18.6510731,54.3539302],[18.6510831,54.3539456],[18.6511228,54.3539528],[18.6511518,54.3538975],[18.6513203,54.3539271],[18.6513235,54.3539215],[18.651412,54.353937],[18.6514092,54.3539426],[18.6518142,54.354013],[18.651752,54.3541348],[18.6517886,54.3541695],[18.6517644,54.3542127],[18.6517001,54.354229],[18.6516378,54.3543508],[18.6512856,54.3542896],[18.6512899,54.3542809],[18.6512366,54.3542718],[18.6512616,54.3542221],[18.6512052,54.3542123],[18.6511973,54.3542267],[18.651175,54.3542225],[18.6511825,54.3542086],[18.6511267,54.3541985],[18.6511183,54.3542131],[18.6510953,54.3542087],[18.6511033,54.3541946],[18.6510494,54.3541851],[18.6510411,54.3541999],[18.6510179,54.3541956],[18.6510258,54.3541808],[18.650966,54.35417],[18.6509439,54.3541831],[18.6509285,54.3541744],[18.6509423,54.3541664],[18.6507894,54.354138],[18.6507836,54.3541262]]]]},"properties":{"addr:city":"Gdańsk","addr:city:simc":"0933016","addr:country":"PL","addr:housenumber":"6","addr:postcode":"80-856","addr:street":"Profesorska","addr:street:sym_ul":"17501","amenity":"place_of_worship","building":"church","church:id":"19541","church:type":"rectoral","date:shrine":"C17","deanery":"Dekanat Gdańsk Śródmieście","denomination":"roman_catholic","diocese":"Archidiecezja gdańska","heritage":"2","heritage:operator":"nid","historic":"building","mobile":"504125655","name":"Kościół pw. Świętej Katarzyny","name:be":"Касцёл Святой Кацярыны","name:de":"Katharinenkirche","name:en":"St. Catherine’s Church","name:pl":"Kościół pw. Świętej Katarzyny","name:ru":"Костёл Святой Катаржины","note":"przesunięte względem ortofotomapy gis.gdansk.pl","operator":"Zakon Braci Najświętszej Maryi Panny z Góry Karmel","parish":"Parafia św. Brygidy w Gdańsku","parish:wikidata":"Q11808176","parish:wikipedia":"pl:Parafia św. Brygidy w Gdańsku","ref:ckkp":"PM00298","ref:nid":"291 z 24.02.1967","religion":"christian","shrine":"local","shrine:name":"Sanktuarium Matki Boskiej Bołszowieckiej","shrine:object":"obraz Madonny Bołszowieckiej","shrine:type":"mary","source:geometry":"gis.gdansk.pl","tourism":"attraction","wikidata":"Q479323","wikipedia":"pl:Kościół św. Katarzyny w Gdańsku"}},
{"type":"Feature","geometry":{"type":"MultiPolygon","coordinates":[[[[18.6506734,54.3546946],[18.650714,54.3546688],[18.6507418,54.3546511],[18.6507584,54.3546438],[18.6507691,54.3546371],[18.650805,54.3546142],[18.6508199,54.3546219],[18.6508111,54.3546276],[18.6512538,54.3548614],[18.6512661,54.3548525],[18.6512806,54.3548603],[18.6512694,54.354869],[18.6512841,54.3548774],[18.6512721,54.3548851],[18.6512556,54.3548774],[18.651246,54.3548835],[18.6512134,54.3549055],[18.6511475,54.3549475],[18.6511287,54.3549374],[18.6511404,54.35493],[18.6507006,54.354695],[18.6506885,54.3547027],[18.6506734,54.3546946]]]]},"properties":{"addr:city":"Gdańsk","addr:country":"PL","addr:housenumber":"2","addr:postcode":"80-850","addr:street":"Rajska","building":"yes","building:levels":"2","building:material":"brick","loc_name":"Mały Młyn","name":"Dom Wędkarza","roof:material":"roof_tiles","roof:shape":"gabled","source":"Bing","source:addr":"Urząd Miasta Gdańsk","tourism":"attraction"}},
{"type":"Feature","geometry":{"type":"MultiPolygon","coordinates":[[[[18.6517698,54.3544534],[18.6517789,54.3544455],[18.6517942,54.3544511],[18.6518766,54.3543778],[18.6518712,54.3543745],[18.6518769,54.3543715],[18.6518921,54.3543717],[18.6518928,54.3543773],[18.6519467,54.3543977],[18.6519553,54.3543892],[18.6519675,54.3543938],[18.6519588,54.3544023],[18.6520087,54.3544215],[18.6520187,54.3544131],[18.6520307,54.3544181],[18.652021,54.3544262],[18.652067,54.3544444],[18.6521574,54.354364],[18.6525158,54.3545078],[18.6526726,54.3545668],[18.6526766,54.3545779],[18.6526011,54.3546532],[18.6526209,54.3546595],[18.6526237,54.3546657],[18.6526139,54.3546778],[18.652695,54.3547024],[18.6526497,54.3547842],[18.652513,54.3547507],[18.6524375,54.3548335],[18.6519223,54.3546275],[18.6518678,54.3546066],[18.6518726,54.3546022],[18.6517929,54.3545716],[18.6518578,54.3545138],[18.6518517,54.3545112],[18.6518481,54.3545025],[18.6518559,54.3544957],[18.6518707,54.3544935],[18.6518791,54.3544934],[18.6517851,54.3544592],[18.6517698,54.3544534]]]]},"properties":{"addr:city":"Gdańsk","addr:city:simc":"0933016","addr:country":"PL","addr:housenumber":"15","addr:postcode":"80-856","addr:street":"Profesorska","addr:street:sym_ul":"17501","alt_name":"Kościół pw. Świętej Brygidy","amenity":"place_of_worship","building":"church","by:religious_title":"Jan Paweł II","church:id":"12447","church:type":"parish","date:religious_title":"1991","date:shrine":"1988","deanery":"Dekanat Gdańsk Śródmieście","denomination":"roman_catholic","diocese":"Archidiecezja gdańska","email":"brygidaszwedzka@gmail.com","heritage":"2","heritage:operator":"nid","historic":"building","mobile":"504125655","name":"Bazylika Świętej Brygidy","name:de":"Brigittenkirche","name:pl":"Kościół pw. Świętej Brygidy","note":"przesunięte względem ortofotomapy gis.gdansk.pl","opening_hours":"Mo-Su 10:00-18:00","parish":"Parafia św. Brygidy w Gdańsku","parish:wikidata":"Q11808176","parish:wikipedia":"pl:Parafia św. Brygidy w Gdańsku","ref:ckkp":"PM00294","ref:nid":"315","religion":"christian","religious_title":"Bazylika Mniejsza","shrine":"regional","shrine:name":"Sanktuarium Matki Bożej Królowej Świata Prac","shrine:object":"obraz Matki Bożej Opiekunki Ludzi Pracy","shrine:type":"mary","source":"Bing","source:geometry":"gis.gdansk.pl","start_date":"C14","tourism":"attraction","website":"http://www.brygida.gdansk.pl","wikidata":"Q11746615","wikimedia_commons":"File:Brosen_brygida.jpg","wikipedia":"pl:Bazylika św. Brygidy w Gdańsku"}},
{"type":"Feature","geometry":{"type":"MultiPolygon","coordinates":[[[[18.651306,54.353743],[18.65133,54.353719],[18.651421,54.353628],[18.651689,54.35372],[18.651661,54.353747],[18.651582,54.353822],[18.651579,54.353825],[18.651306,54.353743]]]]},"properties":{"addr:city":"Gdańsk","addr:country":"PL","addr:housenumber":"1-3","addr:postcode":"80-884","addr:street":"Katarzynki","building":"yes","building:levels":"4","historic":"yes","source:addr":"gugik.gov.pl","source:building":"BDOT","source:geometry":"EGiB","tourism":"attraction"}},
{"type":"Feature","geometry":{"type":"MultiPolygon","coordinates":[[[[18.6485469,54.3506422],[18.6488456,54.3505563],[18.6492567,54.3504385],[18.6492803,54.3504637],[18.6493226,54.3504513],[18.6493519,54.3504854],[18.6493325,54.3504908],[18.6493366,54.3504961],[18.6493117,54.3505032],[18.649462,54.3506801],[18.6494851,54.3506732],[18.6494902,54.3506789],[18.6495103,54.350673],[18.6495439,54.3507084],[18.6494983,54.3507224],[18.6495189,54.3507465],[18.6493358,54.3508018],[18.6491374,54.3508617],[18.6491307,54.3508641],[18.6490698,54.3508844],[18.648951,54.350919],[18.648805,54.350961],[18.6485469,54.3506422]]]]},"properties":{"addr:city":"Gdańsk","addr:housenumber":"4","addr:postcode":"80-836","addr:street":"Targ Węglowy","building":"yes","heritage":"2","heritage:operator":"nid","historic":"building","name":"Zbrojownia","name:be":"Збраёўня","name:de":"Zeughaus","name:es":"Arsenal","name:ja":"大武器庫","name:pl":"Zbrojownia","note":"przesunięte względem ortofotomapy gis.gdansk.pl","ref:nid":"323 z 10.07.1967","source":"Bing","source:addr":"Urząd Miasta Gdańsk","source:geometry":"gis.gdansk.pl","tourism":"attraction"}},
{"type":"Feature","geometry":{"type":"MultiPolygon","coordinates":[[[[18.6543752,54.3464394],[18.6545181,54.346405],[18.6545778,54.3464854],[18.6544334,54.3465243],[18.6543752,54.3464394]]]]},"properties":{"addr:city":"Gdańsk","addr:country":"PL","addr:housenumber":"20","addr:postcode":"80-881","addr:street":"Kotwiczników","building":"yes","height":"18","heritage":"2","heritage:operator":"nid","historic":"fortification","man_made":"tower","material":"brick","name":"Baszta Kotwiczników","ref:nid":"262 z 29.02.1968","roof:colour":"#ff7958","roof:height":"9","roof:shape":"pyramidal","source":"Bing","source:addr":"Urząd Miasta Gdańsk","tourism":"attraction","tower:type":"defensive","wikidata":"Q557202","wikipedia":"pl:Baszta Kotwiczników"}},
{"type":"Feature","geometry":{"type":"MultiPolygon","coordinates":[[[[18.6555445,54.3506325],[18.6556309,54.3506167],[18.6557263,54.3505997],[18.6558151,54.3507694],[18.6557197,54.3507864],[18.6556343,54.3508027],[18.6555473,54.3506405],[18.6555445,54.3506325]]]]},"properties":{"addr:city":"Gdańsk","addr:country":"PL","addr:housename":"Dom Pod Łososiem","addr:housenumber":"52/54","addr:postcode":"80-835","addr:street":"Szeroka","building":"yes","building:levels":"4","roof:colour":"#ff8858","source":"Bing","source:addr":"Urząd Miasta Gdańsk","source:geometry":"gis.gdansk.pl","tourism":"attraction"}},
{"type":"Feature","geometry":{"type":"MultiPolygon","coordinates":[[[[18.6559792,54.3501492],[18.6560746,54.3501309],[18.656171,54.3501158],[18.6562219,54.3501997],[18.6561225,54.3502166],[18.6560291,54.3502325],[18.6559792,54.3501492]]]]},"properties":{"addr:city":"Gdańsk","addr:country":"PL","addr:housename":"Dom Trosienerów","addr:housenumber":"111/113","addr:postcode":"80-834","addr:street":"Świętego Ducha","building":"yes","building:levels":"4","source":"Bing","source:addr":"Urząd Miasta Gdańsk","source:geometry":"gis.gdansk.pl","tourism":"attraction","wheelchair":"no"}},
{"type":"Feature","geometry":{"type":"MultiPolygon","coordinates":[[[[18.6558083,54.3501813],[18.6559792,54.3501492],[18.6560291,54.3502325],[18.6560482,54.3502703],[18.6558815,54.3502993],[18.6558083,54.3501813]]]]},"properties":{"addr:city":"Gdańsk","addr:country":"PL","addr:housename":"Dom Żeglarzy","addr:housenumber":"109","addr:postcode":"80-834","addr:street":"Świętego Ducha","building":"yes","building:levels":"4","roof:colour":"#ff7657","roof:material":"roof_tiles","roof:shape":"gabled","source":"Bing","source:addr":"Urząd Miasta Gdańsk","source:geometry":"gis.gdansk.pl","tourism":"attraction","wheelchair":"no"}},
{"type":"Feature","geometry":{"type":"MultiPolygon","coordinates":[[[[18.6573009,54.3504643],[18.6573392,54.3504565],[18.6573432,54.3504641],[18.6573477,54.3504618],[18.6573665,54.3504512],[18.6573836,54.3504468],[18.6574055,54.3504414],[18.6574224,54.350439],[18.6574386,54.3504392],[18.6574694,54.3504489],[18.6574874,54.350462],[18.6574916,54.3504737],[18.6574835,54.3504918],[18.6574962,54.3505159],[18.6574984,54.3505201],[18.6575695,54.3505056],[18.6576088,54.3505748],[18.6575349,54.3505902],[18.6575367,54.3505937],[18.6575492,54.3506165],[18.6575725,54.3506249],[18.6575904,54.3506422],[18.6575909,54.3506609],[18.6575814,54.3506753],[18.6575668,54.3506841],[18.6575311,54.350693],[18.6574969,54.3506882],[18.6574895,54.3506895],[18.6574555,54.3506944],[18.6574457,54.3506792],[18.6574087,54.3506223],[18.6573953,54.3506015],[18.6573855,54.3505886],[18.6573775,54.3505753],[18.657355,54.3505443],[18.6573009,54.3504643]]]]},"properties":{"addr:city":"Gdańsk","addr:country":"PL","addr:housenumber":"67/68","addr:postcode":"80-835","addr:street":"Szeroka","barrier":"sally_port","building":"gatehouse","building:levels":"5","building:material":"brick","castle_type":"fortress","heritage":"2","heritage:operator":"nid","historic":"city_gate","name":"Brama Żuraw","name:be":"Брама Журав","name:de":"Krantor","name:es":"Grúa de Gdansk","name:fr":"Grue","name:pl":"Brama Żuraw","name:ru":"Ворота-Кран (Журав)","ref:ckkp":"PM00844","ref:nid":"71 z 18.12.1959","source":"Bing","source:addr":"Urząd Miasta Gdańsk","tourism":"attraction","wikidata":"Q253930","wikipedia":"pl:Brama Żuraw w Gdańsku"}},
{"type":"Feature","geometry":{"type":"MultiPolygon","coordinates":[[[[18.6534427,54.3486644],[18.6536118,54.3486232],[18.6537016,54.3487684],[18.6537126,54.3487845],[18.6535413,54.3488168],[18.6534427,54.3486644]]]]},"properties":{"addr:city":"Gdańsk","addr:country":"PL","addr:housename":"Sień Gdańska","addr:housenumber":"43","addr:postcode":"80-830","addr:street":"Długi Targ","alt_name":"Nowy Dom Ławy","building":"yes","heritage":"2","heritage:operator":"nid","heritage:website":"https://zabytek.pl/pl/obiekty/g-264924","name":"Sień Gdańska","ref:nid":"A-415","source:addr":"Urząd Miasta Gdańsk","source:geometry":"gis.gdansk.pl","tourism":"attraction","wheelchair":"no"}},
{"type":"Feature","geometry":{"type":"MultiPolygon","coordinates":[[[[18.653696,54.3486019],[18.6538104,54.3485754],[18.6539198,54.3487325],[18.6537962,54.3487599],[18.6537889,54.3487507],[18.653696,54.3486019]]]]},"properties":{"addr:city":"Gdańsk","addr:country":"PL","addr:housenumber":"41/42","addr:postcode":"80-830","addr:street":"Długi Targ","alt_name":"Dom Steffensów","building":"yes","building:architecture":"renaissance","heritage":"2","heritage:operator":"nid","heritage:website":"https://zabytek.pl/pl/obiekty/gdansk-dom-steffensow-tzw-zlota-kamienica","name":"Złota Kamienica","name:es":"Casa Dorada","name:ru":"Золотой дом","ref:ckkp":"PM00966","ref:nid":"32","source":"Bing","source:addr":"Urząd Miasta Gdańsk","source:geometry":"gis.gdansk.pl","tourism":"attraction","wheelchair":"no","wikidata":"Q2309434","wikipedia":"pl:Dom Steffensów w Gdańsku"}},
{"type":"Feature","geometry":{"type":"MultiPolygon","coordinates":[[[[18.6534996,54.3502711],[18.6535889,54.3502626],[18.653609,54.3502604],[18.6536548,54.350256],[18.6537636,54.3502455],[18.653801,54.3502419],[18.6538858,54.3502336],[18.6539303,54.3503375],[18.6538374,54.3503469],[18.6536308,54.3503672],[18.6535468,54.3503743],[18.6534996,54.3502711]]]]},"properties":{"addr:city":"Gdańsk","addr:city:simc":"0933016","addr:country":"PL","addr:housenumber":"58","addr:postcode":"80-834","addr:street":"Świętego Ducha","addr:street:sym_ul":"04346","amenity":"place_of_worship","architect":"Tylman van Gameren, Barthel Ranisch, Andreas Schlüter","architect:wikidata":"Q1348665;Q9166059;Q500465","building":"church","building:architecture":"baroque","church:id":"12444","church:type":"filial","deanery":"Dekanat Gdańsk Śródmieście","denomination":"roman_catholic","diocese":"Archidiecezja gdańska","heritage":"2","heritage:operator":"nid","heritage:website":"https://zabytek.pl/pl/obiekty/gdansk-kaplica-krolewska","historic":"building","name":"Kaplica Królewska","name:be":"Каралеўская капліца","name:de":"königliche Kapelle","name:es":"Capilla Real","parish":"Parafia Wniebowzięcia Najświętszej Maryi Panny w Gdańsku","parish:wikidata":"Q11806330","parish:wikipedia":"pl:Parafia Wniebowzięcia Najświętszej Maryi Panny w Gdańsku","ref:nid":"292 z 24.02.1967","religion":"christian","source:addr":"Urząd Miasta Gdańsk","tourism":"attraction","wikidata":"Q1796127","wikimedia_commons":"File:Capilla_Real,_Gdansk,_Polonia,_2013-05-20,_DD_01.jpg","wikipedia":"pl:Kaplica Królewska w Gdańsku"}},
{"type":"Feature","geometry":{"type":"MultiPolygon","coordinates":[[[[18.569332,54.4213771],[18.5694465,54.4210279],[18.5695597,54.4210404],[18.5694466,54.4213885],[18.569332,54.4213771]]]]},"properties":{"addr:city":"Gdańsk","addr:country":"PL","addr:housenumber":"37","addr:postcode":"80-354","addr:street":"Subisława","building":"yes","building:levels":"1","email":"body-club@wp.pl","leisure":"sports_centre","name":"Body Club","opening_hours":"Mo-Fr 09:00-21:00; Sa 10:00-14:00","phone":"601 088 529","source:addr":"Urząd Miasta Gdańsk","sport":"fitness;weightlifting;tennis;table_tennis","website":"https://www.bodyclub.com.pl"}},
{"type":"Feature","geometry":{"type":"MultiPolygon","coordinates":[[[[18.5553801,54.4078756],[18.5554842,54.4076325],[18.5554693,54.4076303],[18.5554942,54.4075712],[18.5557204,54.4076041],[18.5556941,54.4076636],[18.5556793,54.4076614],[18.5555745,54.407904],[18.5553801,54.4078756]]]]},"properties":{"addr:city":"Gdańsk","addr:country":"PL","addr:housenumber":"25","addr:postcode":"80-322","addr:street":"Alfa Liczmańskiego","building":"school","building:levels":"2","leisure":"sports_centre","name":"Sala gimnastyczna V Liceum Ogólnokształcącego","operator":"V Liceum Ogólnokształcące im. Stefana Żeromskiego","phone":"58 552 04 51","source":"www.geoportal.gov.pl","source:addr":"Urząd Miasta Gdańsk","sport":"multi; basketball; volleyball","website":"https://www.vlo.gda.pl/o-szkole/"}},
{"type":"Feature","geometry":{"type":"MultiPolygon","coordinates":[[[[18.6050438,54.402374],[18.6058085,54.4023225],[18.6058552,54.4025576],[18.6050905,54.4026091],[18.6050438,54.402374]]]]},"properties":{"leisure":"stadium","sport":"soccer"}},
{"type":"Feature","geometry":{"type":"MultiPolygon","coordinates":[[[[18.6461938,54.3415941],[18.6465692,54.3415617],[18.646697,54.3420665],[18.6464715,54.342086],[18.6463218,54.3420988],[18.6462823,54.3419431],[18.6462347,54.3417552],[18.6461938,54.3415941]]]]},"properties":{"addr:city":"Gdańsk","addr:country":"PL","addr:housenumber":"15","addr:postcode":"80-821","addr:street":"Plac Wałowy","building":"yes","heritage":"2","heritage:operator":"nid","historic":"building","name":"Mała Zbrojownia","name:de":"Neues Zeughaus","name:pl":"Mała Zbrojownia","ref:nid":"A-307 z 24.02.1967","source:addr":"Urząd Miasta Gdańsk","tourism":"attraction"}},
{"type":"Feature","geometry":{"type":"MultiPolygon","coordinates":[[[[18.6578389,54.3416149],[18.6578705,54.3415915],[18.6578815,54.3415893],[18.6579072,54.3415705],[18.6579079,54.3415641],[18.6579789,54.3415118],[18.6580902,54.3415644],[18.6580957,54.3415714],[18.6581285,54.341587],[18.6581407,54.3415882],[18.6581559,54.3415952],[18.6581608,54.3416022],[18.6581951,54.3416184],[18.6582071,54.3416195],[18.6582223,54.3416267],[18.6582264,54.3416331],[18.6582595,54.3416489],[18.658271,54.3416495],[18.6582864,54.341657],[18.6582896,54.341663],[18.6583252,54.3416798],[18.6583364,54.3416804],[18.6584055,54.3417132],[18.6583686,54.3417397],[18.6583574,54.3417421],[18.6583416,54.3417532],[18.6583402,54.3417601],[18.6583296,54.3417675],[18.6583185,54.3417699],[18.6583026,54.3417813],[18.6583009,54.3417882],[18.6582633,54.3418153],[18.6581943,54.3417831],[18.6581906,54.3417767],[18.6581569,54.3417609],[18.6581448,54.3417597],[18.6581293,54.3417522],[18.6581254,54.3417458],[18.658092,54.34173],[18.6580802,54.3417292],[18.658064,54.3417214],[18.65806,54.341715],[18.6580266,54.3416991],[18.6580146,54.3416981],[18.6579975,54.3416899],[18.6579945,54.3416839],[18.6579614,54.3416683],[18.6579492,54.3416671],[18.657933,54.3416595],[18.6579295,54.3416532],[18.6578963,54.3416374],[18.657884,54.3416362],[18.6578389,54.3416149]]]]},"properties":{"addr:city":"Gdańsk","addr:country":"PL","addr:housenumber":"1","addr:postcode":"80-767","addr:street":"Jaskółcza","amenity":"arts_centre","building":"yes","name":"Centrum Sztuki Współczesnej \"Łaźnia\"","source:addr":"Urząd Miasta Gdańsk","website":"https://www.laznia.pl/"}},
{"type":"Feature","geometry":{"type":"MultiPolygon","coordinates":[[[[18.6097874,54.3245992],[18.609994,54.3243971],[18.6104142,54.324544],[18.610317,54.3246391],[18.6100624,54.3245501],[18.609953,54.324657],[18.6097874,54.3245992]]]]},"properties":{"addr:city":"Gdańsk","addr:country":"PL","addr:housenumber":"15","addr:postcode":"80-041","addr:street":"Kurierów Armii Krajowej","building":"yes","leisure":"sports_centre","source:addr":"Urząd Miasta Gdańsk"}},
{"type":"Feature","geometry":{"type":"MultiPolygon","coordinates":[[[[18.5450722,54.4077546],[18.5451019,54.4077018],[18.5451175,54.4076794],[18.5451843,54.4075767],[18.5452563,54.4075925],[18.5452629,54.4075939],[18.5452726,54.4075788],[18.545266,54.4075774],[18.5452695,54.4075721],[18.5453635,54.4075925],[18.5453505,54.407613],[18.5453716,54.4076177],[18.5454142,54.407627],[18.5453867,54.4076691],[18.5453149,54.4076534],[18.545258,54.4077441],[18.5452963,54.4077521],[18.5452704,54.4077944],[18.5450722,54.4077546]]]]},"properties":{"addr:city":"Gdańsk","addr:country":"PL","addr:housename":"Zameczek Mormonów","addr:housenumber":"23","addr:postcode":"80-330","addr:street":"Kwietna","building":"apartments","building:levels":"2","historic":"yes","source":"www.geoportal.gov.pl","source:addr":"Urząd Miasta Gdańsk","tourism":"attraction"}},
{"type":"Feature","geometry":{"type":"MultiPolygon","coordinates":[[[[18.6388927,54.3898747],[18.6388964,54.3897389],[18.638914,54.3895972],[18.6389718,54.3894447],[18.6390316,54.3893553],[18.6391562,54.389236],[18.6393185,54.3891393],[18.6395303,54.3890562],[18.6397448,54.3889959],[18.6399822,54.3889571],[18.6402507,54.3889317],[18.6405003,54.3889271],[18.6407685,54.3889545],[18.6409676,54.3889925],[18.6411235,54.3890452],[18.6413116,54.3891259],[18.6414793,54.3892229],[18.6416226,54.3893347],[18.6417428,54.3894697],[18.6418107,54.3896025],[18.6418551,54.3897098],[18.641881,54.3898207],[18.641904,54.3899638],[18.6419004,54.3900861],[18.6418955,54.390206],[18.6418449,54.3903178],[18.6417838,54.3904194],[18.6416988,54.3905172],[18.6415842,54.390615],[18.6414783,54.3906857],[18.6413395,54.390751],[18.6411793,54.3908018],[18.6409846,54.3908519],[18.6408128,54.3908808],[18.6406333,54.390902],[18.6404313,54.3909172],[18.6402538,54.3909173],[18.6400537,54.3909068],[18.6398506,54.3908705],[18.639686,54.3908239],[18.6395038,54.3907466],[18.6393277,54.3906518],[18.6392253,54.3905495],[18.6391201,54.3904151],[18.6390598,54.3903161],[18.6390166,54.390233],[18.6389633,54.3901127],[18.6389214,54.3899973],[18.6388927,54.3898747]]]]},"properties":{"alt_name":"Baltic Arena","capacity":"41620","email":"office@arenagdansk.com","leisure":"stadium","name":"Polsat Plus Arena Gdańsk","old_name:pl:2010-2015":"PGE Arena Gdańsk","old_name:pl:2015-2020":"Stadion Energa Gdańsk","operator":"Arena Gdańsk Operator","phone":"+48 58 76 88 422","sport":"soccer","start_date":"2011-08-14","website":"https://polsatplusarenagdansk.pl/","wheelchair":"yes","wikidata":"Q182385","wikipedia":"pl:Stadion w Gdańsku"}},
{"type":"Feature","geometry":{"type":"MultiPolygon","coordinates":[[[[18.5795836,54.4265205],[18.5795913,54.4264602],[18.5796103,54.4264009],[18.5796405,54.4263431],[18.5796799,54.4262893],[18.5797289,54.4262384],[18.5797869,54.4261907],[18.5798534,54.426147],[18.5799274,54.4261076],[18.5800083,54.426073],[18.580095,54.4260436],[18.5801866,54.4260197],[18.5802821,54.4260017],[18.5803803,54.4259897],[18.5804802,54.4259838],[18.5805805,54.4259841],[18.5806803,54.4259907],[18.5807782,54.4260034],[18.5808733,54.4260221],[18.5809644,54.4260466],[18.5810448,54.4260743],[18.5811201,54.4261066],[18.5811895,54.426143],[18.5812523,54.4261833],[18.5813079,54.4262269],[18.5813559,54.4262736],[18.5813956,54.4263228],[18.5814268,54.4263741],[18.5814491,54.4264269],[18.5814622,54.4264807],[18.5814661,54.4265351],[18.5814608,54.4265894],[18.5814462,54.4266431],[18.5814225,54.4266957],[18.58139,54.4267466],[18.5813439,54.4268006],[18.581288,54.4268514],[18.5812228,54.4268982],[18.5811492,54.4269406],[18.581068,54.426978],[18.5809803,54.4270101],[18.580887,54.4270363],[18.5807893,54.4270564],[18.5806884,54.4270701],[18.5805856,54.4270773],[18.580482,54.4270779],[18.5803789,54.4270718],[18.5802776,54.4270592],[18.5801793,54.4270402],[18.5800851,54.427015],[18.5799961,54.4269839],[18.5799136,54.4269473],[18.5798384,54.4269056],[18.5797716,54.4268593],[18.579714,54.4268091],[18.5796663,54.4267554],[18.579629,54.426699],[18.5796026,54.4266406],[18.5795874,54.4265809],[18.5795836,54.4265205]]]]},"properties":{"addr:city":"Sopot","addr:country":"PL","addr:housenumber":"1","addr:postcode":"81-731","addr:street":"Plac Dwóch Miast","building":"stadium","height":"30.73","leisure":"stadium","name":"Ergo Arena","note":"przesunięte względem ortofotomapy gis.gdansk.pl","source:geometry":"gis.gdansk.pl","wheelchair":"yes","wikidata":"Q1247814","wikipedia":"pl:Ergo Arena"}},
{"type":"Feature","geometry":{"type":"MultiPolygon","coordinates":[[[[18.5612166,54.4383365],[18.5612174,54.4383291],[18.5613923,54.438333],[18.5613917,54.4383526],[18.5617368,54.438346],[18.5617378,54.438352],[18.561791500000003,54.4383509],[18.5617921,54.4383929],[18.5618363,54.4384713],[18.5617451,54.4384878],[18.5617454,54.438492],[18.561323,54.4385017],[18.5613231,54.4384661],[18.5613196,54.4383536],[18.5612268,54.4383532],[18.561229,54.4383373],[18.5612166,54.4383365]]]]},"properties":{"addr:city":"Sopot","addr:country":"PL","addr:housenumber":"747B","addr:street":"Aleja Niepodległości","building":"yes","leisure":"sports_centre"}},
{"type":"Feature","geometry":{"type":"MultiPolygon","coordinates":[[[[18.5615866,54.4498081],[18.561633,54.4497392],[18.5617112,54.4497573],[18.561882,54.4494988],[18.5623247,54.4495987],[18.5621556,54.4498566],[18.562151,54.4498562],[18.5620852,54.4499559],[18.5616462,54.4498576],[18.5616671,54.4498263],[18.5615866,54.4498081]]]]},"properties":{"addr:city":"Sopot","addr:country":"PL","addr:housenumber":"57","addr:postcode":"81-715","addr:street":"Jana Jerzego Haffnera","building":"yes","leisure":"sports_centre","sport":"swimming"}},
{"type":"Feature","geometry":{"type":"MultiPolygon","coordinates":[[[[18.6579914,54.3534074],[18.6580202,54.3533796],[18.6580399,54.3533606],[18.6580676,54.3533594],[18.6580894,54.3533629],[18.6580898,54.3533609],[18.6581017,54.3533603],[18.6581024,54.3533676],[18.6581201,54.353377],[18.6581312,54.3533892],[18.6581358,54.3534061],[18.6581259,54.3534242],[18.6581201,54.3534285],[18.6581021,54.3534358],[18.6580788,54.3534418],[18.6580572,54.3534432],[18.6580271,54.3534403],[18.6580109,54.3534309],[18.6579968,54.3534192],[18.6579914,54.3534074]]]]},"properties":{"building":"yes","building:material":"brick","height":"14.5","heritage":"2","heritage:operator":"nid","historic":"fortification","man_made":"tower","name":"Baszta Łabędź","name:pl":"Baszta Łabędź","ref:nid":"320 z 27.02.1967","roof:material":"roof_tiles","roof:shape":"pyramidal","tourism":"attraction","tower:type":"defensive","wikidata":"Q2253051","wikipedia":"pl:Baszta Łabędź"}},
{"type":"Feature","geometry":{"type":"MultiPolygon","coordinates":[[[[18.6477621,54.3632411],[18.6478425,54.3630395],[18.6482787,54.3630976],[18.648333,54.3631049],[18.6482707,54.3632635],[18.6481153,54.3632428],[18.6480978,54.3632874],[18.6477621,54.3632411]]]]},"properties":{"addr:city":"Gdańsk","addr:city:simc":"0933016","addr:housenumber":"14","addr:postcode":"80-863","addr:street":"Stefana Jaracza","amenity":"arts_centre","building":"yes","name":"NOMUS","ref":"145B","ref:ckkp":"PM00907","source:addr":"gugik.gov.pl","start_date":"2021","tourism":"museum","website":"https://nomus.gda.pl/pl/","wikidata":"Q111830692","wikipedia":"pl:Nomus – Nowe Muzeum Sztuki"}},
{"type":"Feature","geometry":{"type":"MultiPolygon","coordinates":[[[[18.661586,54.360533],[18.6616599,54.3604718],[18.6616417,54.3604643],[18.6617076,54.3604097],[18.6617261,54.3604172],[18.6617936,54.3603613],[18.6618675,54.3603915],[18.6618658,54.3603929],[18.6622051,54.3605319],[18.6621354,54.3605897],[18.6621523,54.3605966],[18.6620868,54.3606508],[18.662073,54.3606452],[18.662002,54.3607041],[18.6619261,54.360673],[18.6619297,54.3606699],[18.6616624,54.3605604],[18.6616593,54.360563],[18.661586,54.360533]]]]},"properties":{"addr:city":"Gdańsk","addr:postcode":"80-864","addr:street":"Księdza Jerzego Popiełuszki","amenity":"arts_centre","building":"yes","heritage":"2","heritage:operator":"nid","historic":"industrial","name":"Mleczny Piotr","name:de":"Milchpeter","name:nid":"magazyn mebli","note":"magazyn mebli","operator":"WL4 Przestrzeń Sztuki","ref:nid":"A-1936 (9)","start_date":"1919","tourism":"attraction"}},
{"type":"Feature","geometry":{"type":"MultiPolygon","coordinates":[[[[18.560131,54.442334],[18.560157,54.442248],[18.5604306,54.4422754],[18.560426,54.442292],[18.560673,54.44232],[18.560668,54.442335],[18.56077,54.442347],[18.560758,54.442399],[18.560464,54.442368],[18.56048,54.442314],[18.560421,54.442307],[18.560405,54.442362],[18.560131,54.442334]]]]},"properties":{"addr:city":"Sopot","addr:country":"PL","addr:housename":"Dwór Hiszpański","addr:housenumber":"781","addr:street":"Aleja Niepodległości","building":"office","source:building":"EGiB","tourism":"attraction","wikidata":"Q16541741","wikipedia":"pl:Dwór Hiszpański w Sopocie"}},
{"type":"Feature","geometry":{"type":"MultiPolygon","coordinates":[[[[18.6485387,54.3505302],[18.6485632,54.3504893],[18.6486303,54.3504695],[18.6487009,54.3504849],[18.6487329,54.3505251],[18.6487058,54.3505652],[18.6486391,54.3505843],[18.6485696,54.3505697],[18.6485387,54.3505302]]]]},"properties":{"building":"yes","height":"20","heritage":"2","heritage:operator":"nid","historic":"fortification","man_made":"tower","material":"brick","name":"Baszta Słomiana","name:be":"Саламяная Вежа","name:de":"Strohturm","name:pl":"Baszta Słomiana","note":"przesunięte względem ortofotomapy gis.gdansk.pl","ref:nid":"303 z 24.02.1967","roof:colour":"#ff9586","roof:height":"6","roof:shape":"pyramidal","source:geometry":"gis.gdansk.pl","tourism":"attraction","tower:type":"defensive","wikidata":"Q9166834","wikipedia":"pl:Baszta Słomiana"}},
{"type":"Feature","geometry":{"type":"MultiPolygon","coordinates":[[[[18.6530984,54.3382249],[18.6531962,54.338133],[18.6536882,54.3378223],[18.6541234,54.3375483],[18.6542338,54.3375281],[18.6543252,54.3375501],[18.6546847,54.3377671],[18.6552398,54.3381606],[18.655306,54.3382249],[18.6551172,54.3386437],[18.6549872,54.3386744],[18.6549444,54.3386819],[18.6548368,54.3386866],[18.6547419,54.3386823],[18.6545032,54.3386513],[18.654345,54.3386484],[18.6541333,54.3386445],[18.6534926,54.3386874],[18.6532814,54.3387121],[18.6532277,54.3386055],[18.6531363,54.3383959],[18.6530984,54.3382249]]]]},"properties":{"defensive_works":"bastion","historic":"bastion","name":"Bastion Wilk","name:de":"Bastion Wolf","name:pl":"Bastion Wilk","tourism":"attraction"}},
{"type":"Feature","geometry":{"type":"MultiPolygon","coordinates":[[[[18.6571868,54.339097],[18.6572341,54.3389982],[18.6573754,54.3387648],[18.6574984,54.3385681],[18.6575804,54.3385313],[18.6579588,54.3384357],[18.6581607,54.3383732],[18.6586936,54.3382279],[18.6588292,54.3381746],[18.6589585,54.338136],[18.6590468,54.3381728],[18.6591951,54.3383658],[18.6594032,54.3386306],[18.6596523,54.3389891],[18.6596492,54.3390424],[18.6596208,54.3392336],[18.6595073,54.3392446],[18.659085,54.3392144],[18.6590147,54.3392331],[18.6583934,54.3391537],[18.6574132,54.3390663],[18.657388,54.3390865],[18.657306,54.3391104],[18.6571868,54.339097]]]]},"properties":{"defensive_works":"bastion","historic":"bastion","name":"Bastion Wyskok","name:de":"Bastion Aussprung","name:pl":"Bastion Wyskok","tourism":"attraction"}},
{"type":"Feature","geometry":{"type":"MultiPolygon","coordinates":[[[[18.6441206,54.3403859],[18.6460566,54.3399981],[18.646323,54.340251],[18.6463761,54.3402959],[18.6464568,54.3403657],[18.6464866,54.3403915],[18.6461408,54.3405206],[18.6460923,54.3405387],[18.6461328,54.3405768],[18.6461961,54.3406382],[18.6463061,54.3407382],[18.6461613,54.3407974],[18.6460879,54.3408795],[18.6460733,54.3409256],[18.6460376,54.3409222],[18.6459788,54.3409336],[18.6459253,54.3409571],[18.645933,54.3409658],[18.6456009,54.3410922],[18.6454583,54.3410358],[18.6453216,54.3410486],[18.6449086,54.3410884],[18.6447043,54.3410399],[18.6446163,54.3410094],[18.6445244,54.3409214],[18.6441206,54.3403859]]]]},"properties":{"defensive_works":"bastion","historic":"bastion","name":"Bastion św. Gertrudy","name:de":"Bastion Gertrud","name:pl":"Bastion św. Gertrudy","tourism":"attraction","wikidata":"Q16485461","wikipedia":"pl:Bastion św. Gertrudy"}},
{"type":"Feature","geometry":{"type":"MultiPolygon","coordinates":[[[[18.6479165,54.3390767],[18.6479528,54.3390207],[18.6485605,54.338102],[18.6491955,54.3382504],[18.6497719,54.3383849],[18.6503161,54.338512],[18.650491,54.338553],[18.6505787,54.3387813],[18.6506184,54.3388856],[18.6514713,54.3387633],[18.6515271,54.3389042],[18.6506272,54.3391685],[18.6502493,54.3392847],[18.6499023,54.3393655],[18.6496171,54.3394035],[18.6492937,54.3394173],[18.6489968,54.3393972],[18.6488107,54.3393748],[18.6486497,54.3393471],[18.6483572,54.3392512],[18.6481585,54.339181],[18.6479165,54.3390767]]]]},"properties":{"defensive_works":"bastion","historic":"bastion","name":"Bastion Żubr","name:de":"Bastion Maidloch","name:pl":"Bastion Żubr","tourism":"attraction","wikidata":"Q9166719","wikipedia":"pl:Bastion Żubr"}},
{"type":"Feature","geometry":{"type":"MultiPolygon","coordinates":[[[[18.6472319,54.3401097],[18.6473064,54.340082],[18.6473001,54.3400763],[18.6473194,54.3400691],[18.6473936,54.3400416],[18.6474811,54.3400093],[18.6474921,54.3400194],[18.647559,54.3399946],[18.6475764,54.3400106],[18.6475521,54.3400196],[18.6476001,54.3400637],[18.6475278,54.3400904],[18.6475894,54.340147],[18.6476815,54.3401128],[18.6477982,54.3402199],[18.6477084,54.3402532],[18.6476315,54.3401826],[18.6475817,54.3402011],[18.6475113,54.3402271],[18.6475908,54.3403001],[18.6475004,54.3403336],[18.647407,54.3402479],[18.6474956,54.3402151],[18.6474077,54.3401345],[18.6473657,54.3401501],[18.6473228,54.3401107],[18.6472588,54.3401344],[18.6472496,54.3401259],[18.6472319,54.3401097]]]]},"properties":{"building":"yes","flood_date":"1829-04-11","heritage":"2","heritage:operator":"nid","historic":"city_gate","location":"on the wall","name":"Brama Nizinna","name:de":"Niedertor","name:pl":"Brama Nizinna","old_name:de":"Leege Tor","ref:nid":"A-453 z 27.02.1967","source":"http://www.wielkawoda.umk.pl/index.html","tourism":"attraction","wikidata":"Q1988692","wikipedia":"pl:Brama Nizinna w Gdańsku"}},
{"type":"Feature","geometry":{"type":"MultiPolygon","coordinates":[[[[18.6337905,54.3735593],[18.633826,54.3734642],[18.6338919,54.3733837],[18.6338386,54.3733604],[18.6339644,54.373263],[18.6340183,54.3732867],[18.6341547,54.3731877],[18.6344581,54.3730444],[18.6345367,54.3730037],[18.6350117,54.3729982],[18.6350141,54.3730672],[18.6351031,54.3730728],[18.6352952,54.3731356],[18.6354379,54.3732021],[18.6355263,54.3732624],[18.6356191,54.3733369],[18.6356785,54.3734221],[18.6357279,54.3735142],[18.6357585,54.3743702],[18.6357313,54.3745298],[18.6356197,54.3746478],[18.6354689,54.3747591],[18.6353542,54.3748189],[18.6352241,54.3748665],[18.6350338,54.3749014],[18.6348375,54.3749213],[18.6346291,54.3749125],[18.6344243,54.3748879],[18.6342638,54.3748467],[18.6341263,54.3747859],[18.6340584,54.374744],[18.6340178,54.3747189],[18.6339293,54.3746392],[18.6338797,54.3745601],[18.6338345,54.3744708],[18.6338172,54.3743745],[18.633805,54.3740504],[18.6337905,54.3735593]]]]},"properties":{"leisure":"stadium"}},
{"type":"Feature","geometry":{"type":"MultiPolygon","coordinates":[[[[18.5565482,54.4117897],[18.5565896,54.4117363],[18.5565735,54.4117321],[18.5565561,54.4117276],[18.5565611,54.4117208],[18.5565752,54.411703],[18.5565803,54.4116962],[18.5566154,54.4117054],[18.5566302,54.4116862],[18.5568231,54.4117407],[18.5570362,54.411801],[18.5569607,54.4118986],[18.5568904,54.41188],[18.5565482,54.4117897]]]]},"properties":{"amenity":"place_of_worship","building":"church","church:type":"filial","deanery":"Dekanat Gdańsk Oliwa","denomination":"roman_catholic","diocese":"Archidiecezja Gdańska","heritage":"2","heritage:operator":"nid","historic":"yes","name":"Kościół pw. Świętego Jakuba","parish":"Parafia pw. Trójcy Świętej","ref:nid":"276","religion":"christian","source":"www.geoportal.gov.pl","tourism":"attraction","website":"https://www.archikatedraoliwa.pl/zabytki-4157/kosciol-sw-jakuba-4227","wikidata":"Q10982578","wikipedia":"pl:Kościół św. Jakuba w Oliwie"}},
{"type":"Feature","geometry":{"type":"MultiPolygon","coordinates":[[[[18.5621375,54.4107623],[18.5621529,54.4107339],[18.5621866,54.4107111],[18.5622313,54.4106979],[18.5622832,54.4106959],[18.5623308,54.4107046],[18.5623688,54.4107249],[18.5623681,54.410718],[18.5628395,54.4106976],[18.5628467,54.4107722],[18.562849,54.4107959],[18.5623795,54.4108143],[18.5623785,54.4108087],[18.5623472,54.4108308],[18.5623023,54.4108442],[18.5622503,54.4108464],[18.5622017,54.4108367],[18.5621829,54.4108273],[18.5621642,54.410818],[18.5621411,54.4107906],[18.5621375,54.4107623]]]]},"properties":{"addr:city":"Gdańsk","addr:housenumber":"12C","addr:postcode":"80-320","addr:street":"Opata Jacka Rybińskiego","building":"greenhouse","building:levels":"2","building:material":"glass","historic":"yes","name":"Palmiarnia","opening_hours":"Tu-Su 10:00-18:00","source":"www.geoportal.gov.pl","source:addr":"Urząd Miasta Gdańsk","tourism":"attraction"}},
{"type":"Feature","geometry":{"type":"MultiPolygon","coordinates":[[[[18.5628611,54.4167431],[18.5629493,54.4167294],[18.562938,54.4167082],[18.5630068,54.4166974],[18.5630198,54.4167268],[18.5631194,54.4167117],[18.5631261,54.4167276],[18.563465,54.4166755],[18.5634538,54.4166492],[18.563654,54.4166184],[18.5636474,54.4166041],[18.5636909,54.416597],[18.5639177,54.4171078],[18.5639404,54.4171044],[18.5639664,54.4171623],[18.5639073,54.4171713],[18.5639276,54.4172174],[18.5639492,54.4172142],[18.5639637,54.4172474],[18.5639748,54.4172727],[18.5639567,54.4172755],[18.563968,54.4173014],[18.5638831,54.4173141],[18.5638258,54.4172947],[18.5638017,54.417299],[18.5637941,54.4172861],[18.5636944,54.417301],[18.5636822,54.4172731],[18.5634724,54.4173049],[18.5634667,54.4172935],[18.5634072,54.417303],[18.5634,54.4172876],[18.5631625,54.4173234],[18.5631309,54.4172545],[18.5631213,54.4172558],[18.5631087,54.4172347],[18.5630823,54.4172388],[18.5628611,54.4167431]]]]},"properties":{"building":"yes","building:levels":"1","leisure":"sports_centre","name":"Hala Widowiskowo-Sportowa AWFiS","source":"www.geoportal.gov.pl"}},
{"type":"Feature","geometry":{"type":"MultiPolygon","coordinates":[[[[18.5627076,54.4178274],[18.5627961,54.4178156],[18.5628243,54.4177563],[18.5628605,54.417715],[18.5629101,54.4176619],[18.5629758,54.417612],[18.5630456,54.4175722],[18.5631341,54.4175456],[18.5632253,54.41753],[18.5634425,54.417516],[18.5636571,54.4175472],[18.5638341,54.4176221],[18.563928,54.417683],[18.5639921,54.4177815],[18.5643178,54.4185723],[18.5643116,54.4186959],[18.5642338,54.4187989],[18.5641533,54.4188629],[18.5640138,54.4189331],[18.5638797,54.4189627],[18.563924,54.4190743],[18.5632898,54.41917],[18.5632186,54.4190033],[18.5627536,54.4179352],[18.5627076,54.4178274]]]]},"properties":{"leisure":"stadium","sport":"athletics"}},
{"type":"Feature","geometry":{"type":"MultiPolygon","coordinates":[[[[18.6330378,54.3191138],[18.633565,54.3191274],[18.6351391,54.3191679],[18.6356134,54.3192556],[18.6356845,54.3192587],[18.6360847,54.3192734],[18.6360798,54.3193955],[18.6360565,54.3197424],[18.6360547,54.3197586],[18.6360535,54.3197696],[18.6357207,54.3197606],[18.6356885,54.3202183],[18.6357617,54.32022],[18.6357588,54.3202604],[18.635756400000003,54.320304899999999],[18.6346711,54.3202791],[18.6339577,54.3202622],[18.6334747,54.3202512],[18.6333992,54.3202489],[18.6330378,54.3191138]]]]},"properties":{"leisure":"sports_centre"}},
{"type":"Feature","geometry":{"type":"MultiPolygon","coordinates":[[[[18.6557723,54.3519206],[18.6559054,54.3519048],[18.655886,54.3518514],[18.655861,54.3518543],[18.6558568,54.3518417],[18.6558812,54.351839],[18.6558749,54.3518237],[18.6558953,54.3518215],[18.6559014,54.3518368],[18.6559863,54.3518257],[18.6559799,54.351808],[18.6560009,54.3518058],[18.6560071,54.3518232],[18.6560872,54.3518129],[18.6560812,54.351796],[18.656102,54.3517937],[18.6561076,54.3518103],[18.6561181,54.3518088],[18.6561284,54.3518131],[18.6561726,54.3518079],[18.6561786,54.3518009],[18.6561912,54.3517993],[18.6561856,54.3517828],[18.656206,54.3517802],[18.6562116,54.3517971],[18.6563193,54.3517886],[18.6562999,54.351743],[18.6562708,54.3517333],[18.6562734,54.35173],[18.6562685,54.3517305],[18.6562663,54.3517244],[18.6562823,54.3517229],[18.6563124,54.3517319],[18.656342,54.3517291],[18.6563496,54.3517335],[18.6564179,54.3517266],[18.6564257,54.3517208],[18.6564538,54.3517175],[18.6564668,54.3517086],[18.6564755,54.3517027],[18.6564919,54.3517114],[18.6564869,54.3517156],[18.6565522,54.3517068],[18.6565564,54.3517009],[18.6565662,54.3516996],[18.6565642,54.3516885],[18.6566627,54.3516749],[18.6567579,54.3516615],[18.6567783,54.351713],[18.6567875,54.3517097],[18.656795,54.3517221],[18.6568221,54.3517183],[18.6568268,54.3517308],[18.6567999,54.3517347],[18.6568161,54.3517776],[18.6568387,54.3517744],[18.6568448,54.3517887],[18.6568502,54.351788],[18.6568564,54.3518029],[18.6568275,54.351807],[18.6568509,54.3518698],[18.6568802,54.3518655],[18.6568871,54.3518813],[18.6568825,54.3518821],[18.656889,54.3518974],[18.6568631,54.3519013],[18.6568791,54.3519424],[18.6569072,54.351939],[18.6569125,54.351952],[18.6568662,54.3519582],[18.6568839,54.3520078],[18.6568988,54.352013],[18.6568896,54.3520211],[18.6568729,54.3520154],[18.6567875,54.3520255],[18.656792,54.3520393],[18.6567742,54.352042],[18.6567695,54.3520278],[18.6567049,54.352036],[18.6566843,54.3520506],[18.6566035,54.3520617],[18.6565743,54.3520527],[18.6565194,54.352059],[18.6565097,54.3520554],[18.6564439,54.3520632],[18.6564371,54.352069],[18.6564171,54.3520717],[18.6563932,54.3520897],[18.6563768,54.3520816],[18.6563954,54.3520674],[18.6563793,54.3520203],[18.656274,54.3520338],[18.6562811,54.3520515],[18.6562608,54.352054],[18.656254,54.3520365],[18.6562441,54.3520377],[18.6562362,54.3520343],[18.656192,54.35204],[18.6561866,54.3520449],[18.6561761,54.3520463],[18.6561826,54.3520634],[18.6561618,54.3520663],[18.6561552,54.352049],[18.6560816,54.3520582],[18.6560883,54.3520756],[18.656068,54.3520786],[18.6560611,54.352061],[18.6559905,54.35207],[18.6559965,54.3520876],[18.6559749,54.3520903],[18.6559687,54.3520729],[18.6559425,54.3520766],[18.6559397,54.3520692],[18.6559278,54.3520709],[18.6559034,54.3520132],[18.655878,54.3520166],[18.655874,54.3520237],[18.655813,54.352032],[18.6557723,54.3519206]]]]},"properties":{"addr:city":"Gdańsk","addr:city:simc":"0933016","addr:country":"PL","addr:housenumber":"51","addr:postcode":"80-840","addr:street":"Świętojańska","addr:street:sym_ul":"22548","amenity":"place_of_worship","building":"church","check_date":"2024-11-05","church:id":"19553","church:type":"rectoral","deanery":"Dekanat Gdańsk Śródmieście","denomination":"roman_catholic","diocese":"Archidiecezja gdańska","heritage":"2","heritage:operator":"nid","historic":"building","mobile":"694480609","name":"Kościół pw. Świętego Jana","name:be":"Касцёл Святога Яна","name:de":"Johanniskirche","name:pl":"Kościół pw. Świętego Jana","opening_hours":"10:00-18:00","parish":"Parafia św. Mikołaja w Gdańsku","parish:wikidata":"Q10975142","parish:wikipedia":"pl:Parafia św. Mikołaja w Gdańsku (rzymskokatolicka)","ref:nid":"317 z 27.02.1967","religion":"christian","source:geometry":"gis.gdansk.pl","tourism":"attraction","wikidata":"Q1669899","wikipedia":"pl:Kościół św. Jana w Gdańsku"}},
{"type":"Feature","geometry":{"type":"MultiPolygon","coordinates":[[[[18.6479031,54.349632],[18.6479223,54.3496275],[18.6479816,54.3496133],[18.6480245,54.3496034],[18.6480376,54.3495999],[18.6480383,54.3496009],[18.6480568,54.3495965],[18.6480643,54.3496072],[18.6480458,54.3496116],[18.6480592,54.3496305],[18.6480789,54.3496258],[18.6480864,54.3496365],[18.6480668,54.3496411],[18.6480812,54.3496613],[18.6480932,54.3496788],[18.6481124,54.3496742],[18.64812,54.3496849],[18.6481008,54.3496895],[18.6481141,54.3497084],[18.6481329,54.3497039],[18.6481399,54.3497138],[18.6481211,54.3497183],[18.6480781,54.3497285],[18.6480056,54.3497456],[18.6479867,54.34975],[18.6479799,54.3497403],[18.6479987,54.3497358],[18.6479862,54.3497181],[18.6479678,54.3497225],[18.6479603,54.3497117],[18.6479786,54.3497073],[18.6479654,54.3496881],[18.6479519,54.3496689],[18.6479333,54.3496734],[18.6479258,54.3496626],[18.647944,54.3496583],[18.6479305,54.3496389],[18.6479112,54.3496435],[18.6479031,54.349632]]]]},"properties":{"addr:city":"Gdańsk","addr:housenumber":"27","addr:street":"Wełniarska","alt_name:de":"Goldenes Tor","barrier":"sally_port","building":"yes","castle_type":"fortress","height":"0.1","heritage":"2","heritage:operator":"nid","historic":"city_gate","layer":"1","name":"Złota Brama","name:be":"Залатая брама","name:de":"Langgasser Tor","name:en":"Golden gate","name:es":"Puerta Dorada","name:ja":"黄金の門","name:pl":"Złota Brama","name:ru":"Золотые ворота","ref:ckkp":"PM00964","ref:nid":"310 z 27.02.1967","source:geometry":"gis.gdansk.pl","tourism":"attraction","wheelchair":"yes","wikidata":"Q1426552","wikipedia":"pl:Brama Złota w Gdańsku"}},
{"type":"Feature","geometry":{"type":"MultiPolygon","coordinates":[[[[18.626448,54.3269345],[18.6264667,54.3265602],[18.6264965,54.3259654],[18.6265717,54.3259683],[18.6265252,54.3269358],[18.626448,54.3269345]]]]},"properties":{"leisure":"track","surface":"gravel"}},
{"type":"Feature","geometry":{"type":"MultiPolygon","coordinates":[[[[18.487275,54.3644532],[18.4874994,54.3637885],[18.4872804,54.3637538],[18.487282,54.363728],[18.4873051,54.3637306],[18.4873122,54.363613],[18.4873925,54.3633144],[18.4874759,54.3630139],[18.4875391,54.3627991],[18.4875582,54.3627342],[18.4886412,54.3626501],[18.4887539,54.3626456],[18.4890485,54.3626324],[18.4898037,54.3626398],[18.4900798,54.362648],[18.4901436,54.3626512],[18.490134,54.3627663],[18.490052,54.3630439],[18.4903456,54.3630753],[18.4904697,54.3630909],[18.4904045,54.3632955],[18.4903862,54.3633529],[18.4903737,54.3633922],[18.4902425,54.3637396],[18.4900212,54.3643214],[18.4899645,54.3643794],[18.4898222,54.3647778],[18.4890223,54.3646827],[18.4890291,54.3646571],[18.487275,54.3644532]]]]},"properties":{"leisure":"sports_centre","name":"Akademia Piłkarska Jaguar Gdańsk"}},
{"type":"Feature","geometry":{"type":"MultiPolygon","coordinates":[[[[18.5722414,54.3580469],[18.5722478,54.3579899],[18.573937,54.3580552],[18.5739305,54.3581121],[18.5722414,54.3580469]]]]},"properties":{"covered":"no","leisure":"track","lit":"yes","sport":"athletics","surface":"tartan"}},
{"type":"Feature","geometry":{"type":"MultiPolygon","coordinates":[[[[18.663498,54.347956],[18.663509,54.347862],[18.663632,54.34787],[18.663634,54.347862],[18.663645,54.347864],[18.664106,54.34791],[18.664097,54.347939],[18.664059,54.348064],[18.664072,54.348081],[18.664046,54.348088],[18.664043,54.348073],[18.663904,54.34806],[18.663607,54.348031],[18.66357,54.348038],[18.663554,54.348022],[18.6635842,54.3480175],[18.663592,54.347995],[18.663582,54.347993],[18.663584,54.347964],[18.663498,54.347956]]]]},"properties":{"addr:city":"Gdańsk","addr:city:simc":"0933016","addr:country":"PL","addr:housename":"Kościół Świętej Barbary","addr:housenumber":"19","addr:postcode":"80-761","addr:street":"Długie Ogrody","addr:street:sym_ul":"03844","amenity":"place_of_worship","building":"church","church:id":"12461","church:type":"parish","contact:phone":"+48587197069","deanery":"Dekanat Gdańsk Dolne Miasto","denomination":"roman_catholic","diocese":"Archidiecezja gdańska","email":"barbara@diecezjagdansk.pl","heritage":"2","heritage:operator":"nid","historic":"building","name":"Kościół pw. Świętej Barbary","name:de":"Barbarakirche","name:pl":"Kościół Świętej Barbary","parish":"Parafia św. Barbary w Gdańsku","parish:wikidata":"Q11807979","parish:wikipedia":"pl:Parafia św. Barbary w Gdańsku","phone":"+48 58 719 70 69","ref":"02.006","ref:nid":"1096","religion":"christian","service_times":"Mo-Sa 06:30; 18:00; Su 07:00; 08:30; 10:00; 11:15; 12:30; 19:0","source:building":"BDOT","source:geometry":"EGiB","tourism":"attraction","website":"https://www.sw-barbara.vn.pl/","wikidata":"Q11746569","wikimedia_commons":"File:SM_Gdańsk_Kościół_św_Barbary_(1)_ID_635439.jpg","wikipedia":"pl:Kościół św. Barbary w Gdańsku"}},
{"type":"Feature","geometry":{"type":"MultiPolygon","coordinates":[[[[18.668816,54.348492],[18.668817,54.348478],[18.66884,54.348479],[18.668841,54.348447],[18.668818,54.348447],[18.668818,54.348435],[18.668841,54.348435],[18.668841,54.348424],[18.668818,54.348424],[18.668819,54.348413],[18.668832,54.348413],[18.668832,54.348409],[18.669059,54.34841],[18.669059,54.348408],[18.669094,54.348408],[18.669094,54.348426],[18.669063,54.348425],[18.669063,54.348436],[18.669093,54.348436],[18.669093,54.348449],[18.669062,54.348449],[18.669062,54.348481],[18.669092,54.348481],[18.669092,54.348494],[18.669061,54.348494],[18.669061,54.348504],[18.669092,54.348504],[18.669091,54.348522],[18.669056,54.348522],[18.669056,54.348519],[18.668828,54.348518],[18.668828,54.348514],[18.668816,54.348514],[18.668816,54.348502],[18.668839,54.348502],[18.668839,54.348492],[18.668816,54.348492]]]]},"properties":{"building":"yes","building:levels":"1","heritage":"2","heritage:operator":"nid","historic":"city_gate","name":"Brama Żuławska","name:de":"Langgarter Tor","name:pl":"Brama Żuławska","ref:nid":"318","source:building":"BDOT","source:geometry":"EGiB","tourism":"attraction","wikidata":"Q933004","wikipedia":"pl:Brama Żuławska"}},
{"type":"Feature","geometry":{"type":"MultiPolygon","coordinates":[[[[18.659707,54.347138],[18.659709,54.347138],[18.659768,54.347135],[18.65979,54.347137],[18.659807,54.347141],[18.659812,54.347143],[18.659822,54.34715],[18.659824,54.347151],[18.659837,54.347156],[18.659835,54.347189],[18.659819,54.347195],[18.659808,54.347201],[18.659793,54.347207],[18.659794,54.347208],[18.6597862,54.34721],[18.659784,54.3472076],[18.659742,54.34721],[18.659739,54.347201],[18.659737,54.347201],[18.659721,54.347168],[18.659722,54.347168],[18.659707,54.347138]]]]},"properties":{"alt_name":"Stągwie Mleczne","building":"office","building:levels":"4","building:material":"brick","height":"12","heritage":"2","heritage:operator":"nid","historic":"building","name":"Baszta Mała Stągiewna","ref:nid":"306","source:building":"BDOT","source:geometry":"EGiB","tourism":"attraction"}},
{"type":"Feature","geometry":{"type":"MultiPolygon","coordinates":[[[[18.659785,54.347276],[18.659788,54.347266],[18.659793,54.347258],[18.6597857,54.3472499],[18.659816,54.34724],[18.659814,54.347237],[18.659822,54.347235],[18.659824,54.347236],[18.659852,54.347228],[18.659872,54.347224],[18.659906,54.347225],[18.659935,54.347232],[18.659959,54.347245],[18.659974,54.347259],[18.659982,54.347276],[18.659981,54.347292],[18.659975,54.347305],[18.659965,54.347314],[18.659952,54.347322],[18.659933,54.347331],[18.659904,54.347337],[18.659873,54.347338],[18.659834,54.347331],[18.659785,54.347314],[18.659792,54.347303],[18.659786,54.347293],[18.659785,54.347276]]]]},"properties":{"addr:city":"Gdańsk","addr:country":"PL","addr:housename":"baszta Wielka Stągiewna","addr:street":"Stągiewna","alt_name":"Stągwie Mleczne","building":"outbuilding","building:levels":"6","building:material":"brick","height":"27","heritage":"2","heritage:operator":"nid","historic":"building","name":"Baszta Wielka Stągiewna","name:de":"Milchkannentor","name:pl":"Baszta Wielka Stągiewna","ref:nid":"306","roof:height":"7","roof:shape":"pyramidal","source:building":"BDOT","source:geometry":"EGiB","tourism":"attraction","wikidata":"Q1934431","wikipedia":"pl:Brama Stągiewna"}},
{"type":"Feature","geometry":{"type":"MultiPolygon","coordinates":[[[[18.562461,54.308945],[18.562554,54.308862],[18.562561,54.308864],[18.562578,54.308848],[18.562542,54.308835],[18.562632,54.308754],[18.5628,54.308818],[18.562599,54.308998],[18.562461,54.308945]]]]},"properties":{"addr:city":"Kowale","addr:country":"PL","addr:housenumber":"1","addr:postcode":"80-180","addr:street":"Glazurowa","amenity":"community_centre","building":"yes","building:levels":"1","name":"Świetlica Gminna","source:building":"BDOT","source:geometry":"EGiB"}},
{"type":"Feature","geometry":{"type":"MultiPolygon","coordinates":[[[[18.6388927,54.3898747],[18.6388964,54.3897389],[18.638914,54.3895972],[18.6389718,54.3894447],[18.6390316,54.3893553],[18.6391562,54.389236],[18.6393185,54.3891393],[18.6395303,54.3890562],[18.6397448,54.3889959],[18.6399822,54.3889571],[18.6402507,54.3889317],[18.6405003,54.3889271],[18.6407685,54.3889545],[18.6409676,54.3889925],[18.6411235,54.3890452],[18.6413116,54.3891259],[18.6414793,54.3892229],[18.6416226,54.3893347],[18.6417428,54.3894697],[18.6418107,54.3896025],[18.6418551,54.3897098],[18.641881,54.3898207],[18.641904,54.3899638],[18.6419004,54.3900861],[18.6418955,54.390206],[18.6418449,54.3903178],[18.6417838,54.3904194],[18.6416988,54.3905172],[18.6415842,54.390615],[18.6414783,54.3906857],[18.6413395,54.390751],[18.6411793,54.3908018],[18.6409846,54.3908519],[18.6408128,54.3908808],[18.6406333,54.390902],[18.6404313,54.3909172],[18.6402538,54.3909173],[18.6400537,54.3909068],[18.6398506,54.3908705],[18.639686,54.3908239],[18.6395038,54.3907466],[18.6393277,54.3906518],[18.6392253,54.3905495],[18.6391201,54.3904151],[18.6390598,54.3903161],[18.6390166,54.390233],[18.6389633,54.3901127],[18.6389214,54.3899973],[18.6388927,54.3898747]],[[18.6395033,54.3894741],[18.639595,54.3895147],[18.6396494,54.3898741],[18.6397428,54.3901297],[18.6399346,54.3904844],[18.6398679,54.3905379],[18.6399481,54.3905768],[18.6400177,54.3905199],[18.6404264,54.3904942],[18.6407288,54.3904565],[18.6410919,54.3903904],[18.6411894,54.390426],[18.641256,54.3903758],[18.6411586,54.3903285],[18.6410982,54.3899909],[18.64102,54.3897237],[18.6408246,54.3893706],[18.6408999,54.3893104],[18.6407909,54.3892731],[18.6407271,54.3893317],[18.6404076,54.3893525],[18.6400708,54.3893851],[18.6396674,54.3894561],[18.6395642,54.3894155],[18.6395033,54.3894741]]]]},"properties":{"addr:city":"Gdańsk","addr:housenumber":"1","addr:postcode":"80-560","addr:street":"Pokoleń Lechii Gdańsk","building":"stadium","building:colour":"orange","height":"45","operator":"Arena Gdańsk Operator","roof:colour":"orange","start_date":"2011-08-14","tourism":"attraction","wheelchair":"yes"}},
{"type":"Feature","geometry":{"type":"MultiPolygon","coordinates":[[[[18.5579274,54.4109512],[18.5579319,54.4109369],[18.557952,54.410929],[18.5579791,54.410932],[18.5579864,54.4109079],[18.5579936,54.4108843],[18.5579654,54.4108813],[18.557959,54.4108757],[18.5579523,54.4108699],[18.55796,54.4108393],[18.558007,54.4108441],[18.558034,54.4107445],[18.5580566,54.4107468],[18.5580261,54.4108453],[18.5580205,54.4108635],[18.5580976,54.4108713],[18.5581005,54.410862],[18.5581131,54.4108634],[18.5581104,54.4108726],[18.5581849,54.4108802],[18.5581872,54.4108725],[18.5581943,54.4108731],[18.5581973,54.4108623],[18.55885,54.4109252],[18.558862,54.4108831],[18.5588745,54.4108392],[18.5590354,54.4108547],[18.5590224,54.4108993],[18.5590751,54.4109042],[18.55908,54.4108901],[18.5590952,54.4108917],[18.5590912,54.4109058],[18.5591373,54.4109101],[18.5591417,54.4108966],[18.5591565,54.4108981],[18.5591527,54.4109116],[18.5591998,54.410916],[18.5592047,54.4109019],[18.5592189,54.4109036],[18.5592183,54.4109176],[18.5592638,54.4109219],[18.5592669,54.4109082],[18.5592814,54.4109097],[18.559278,54.4109233],[18.5593243,54.4109277],[18.5593282,54.4109138],[18.5593433,54.4109154],[18.5593394,54.410929],[18.5593708,54.410932],[18.5593699,54.4109183],[18.5593625,54.410917],[18.5593669,54.4109113],[18.5593744,54.4109125],[18.559387,54.4109005],[18.5593865,54.4108915],[18.5593987,54.4108913],[18.5593993,54.4108977],[18.5594459,54.4109036],[18.5594533,54.4108986],[18.5594627,54.4109023],[18.5594563,54.4109076],[18.5594649,54.4109236],[18.5594759,54.4109253],[18.5594723,54.4109318],[18.5594661,54.4109316],[18.5594558,54.4109426],[18.5595893,54.4109573],[18.5596009,54.4109229],[18.5596498,54.4109287],[18.55964,54.4109548],[18.5596274,54.4109905],[18.5594895,54.4109754],[18.5595289,54.4110074],[18.5595572,54.4110049],[18.559558,54.4110136],[18.5595304,54.4110161],[18.5595091,54.4110914],[18.5595341,54.4110997],[18.559526,54.4111076],[18.5595014,54.4110991],[18.5593961,54.4111444],[18.5594035,54.4111602],[18.5593889,54.4111624],[18.5593816,54.4111469],[18.5592825,54.4111385],[18.5592792,54.411152],[18.559264,54.4111507],[18.5592669,54.4111372],[18.5592183,54.4111331],[18.5592147,54.4111467],[18.5591999,54.4111456],[18.5592024,54.4111317],[18.5591539,54.4111277],[18.5591507,54.4111414],[18.5591356,54.4111401],[18.559138,54.4111264],[18.5590898,54.4111223],[18.559086,54.4111359],[18.559071,54.4111347],[18.5590732,54.4111209],[18.5590244,54.4111168],[18.5590208,54.4111305],[18.5590056,54.4111293],[18.5590091,54.4111156],[18.5589643,54.4111119],[18.5589562,54.4111409],[18.5589485,54.4111655],[18.5589349,54.4111637],[18.5589414,54.4111389],[18.5588094,54.4111271],[18.5588031,54.4111517],[18.5587893,54.4111512],[18.5588025,54.4110978],[18.5587364,54.4110915],[18.558732,54.4111049],[18.5587172,54.4111033],[18.5587212,54.4110901],[18.5586496,54.4110831],[18.5586453,54.4110969],[18.5586304,54.4110956],[18.5586345,54.4110816],[18.5585663,54.4110751],[18.558554,54.4111196],[18.5585022,54.4111149],[18.5584508,54.4111102],[18.5584638,54.411066],[18.5583991,54.4110597],[18.5583955,54.4110736],[18.5583811,54.4110723],[18.5583838,54.4110582],[18.5583121,54.4110513],[18.5583076,54.4110649],[18.558293,54.4110633],[18.5582964,54.4110497],[18.5582257,54.4110428],[18.5582042,54.4111118],[18.5581584,54.4111076],[18.5581118,54.4111033],[18.5581326,54.4110341],[18.5580662,54.4110274],[18.5580614,54.4110408],[18.5580464,54.4110394],[18.5580504,54.4110257],[18.5579692,54.4110176],[18.5579649,54.4110307],[18.557956,54.4110298],[18.5579497,54.4110292],[18.5579689,54.4109655],[18.5579408,54.4109629],[18.5579274,54.4109512]]]]},"properties":{"addr:city":"Gdańsk","addr:city:simc":"0933016","addr:country":"PL","addr:housenumber":"5","addr:postcode":"80-330","addr:street":"Cystersów","addr:street:sym_ul":"03206","alt_name":"Kościół pw. Trójcy Świętej","amenity":"place_of_worship","building":"church","building:levels":"3","building:material":"brick","by:religious_title":"papież Paweł VI","church:id":"12485","church:type":"parish","date:religious_title":"1976","date:shrine":"C18","deanery":"Dekanat Gdańsk Oliwa","denomination":"roman_catholic","diocese":"Archidiecezja gdańska","email":"parafia@archikatedraoliwa.pl","historic":"yes","name":"Bazylika Archikatedralna Trójcy Świętej","name:de":"Dom zu Oliva","name:pl":"Archikatedra pw. Trójcy Świętej","name:uk":"Базиліка Святої Трійці, Пресвятої Богородиці та святого Бернара","official_name":"Bazylika Archikatedralna pw. Świętej Trójcy w Gdańsku Oliwie","parish":"Parafia Trójcy Świętej w Gdańsku","parish:wikidata":"Q11806178","parish:wikipedia":"pl:Parafia Trójcy Świętej w Gdańsku","phone":"+48 58 552 47 65","religion":"christian","religious_title":"Bazylika Mniejsza","roof:orientation":"along","roof:shape":"gabled","shrine":"local","shrine:name":"Sanktuarium Matki Bożej Oliwskiej","shrine:object":"Feretron z obrazem NMP Oliwskiej","shrine:type":"mary","source":"www.geoportal.gov.pl","toilets:wheelchair":"yes","tourism":"attraction","website":"https://www.archikatedraoliwa.pl/","wheelchair":"limited","wikidata":"Q1236685","wikimedia_commons":"File:Oliwa_kathedraal.jpg","wikipedia":"pl:Bazylika archikatedralna w Gdańsku-Oliwie"}},
{"type":"Feature","geometry":{"type":"MultiPolygon","coordinates":[[[[18.6272916,54.3525498],[18.6278236,54.3520323],[18.6278767,54.3520543],[18.6277202,54.3522039],[18.6275366,54.3523794],[18.6273428,54.3525647],[18.6272916,54.3525498]]]]},"properties":{"covered":"no","leisure":"track","sport":"athletics","surface":"paved"}},
{"type":"Feature","geometry":{"type":"MultiPolygon","coordinates":[[[[18.6153117,54.3575198],[18.6153458,54.3574416],[18.6153331,54.3574398],[18.6155813,54.3568705],[18.6156518,54.3568809],[18.6154652,54.357309],[18.6154036,54.3574504],[18.615391,54.3574485],[18.615357,54.3575265],[18.6153117,54.3575198]]]]},"properties":{"area":"yes","leisure":"track","length":"60","surface":"tartan"}},
{"type":"Feature","geometry":{"type":"MultiPolygon","coordinates":[[[[18.4170023,54.4399223],[18.4172614,54.4398993],[18.4173223,54.4398935],[18.417391,54.439887],[18.4173796,54.439846],[18.4174103,54.4398432],[18.4175,54.4398362],[18.4175436,54.4399911],[18.4174525,54.4400001],[18.4175275,54.4402796],[18.4174285,54.4402887],[18.4171093,54.4403182],[18.4170023,54.4399223]]]]},"properties":{"building":"sports_centre","building:levels":"1","leisure":"sports_centre","source:building":"BDOT","sport":"multi"}},
{"type":"Feature","geometry":{"type":"MultiPolygon","coordinates":[[[[18.4168422,54.4396481],[18.4169037,54.4396438],[18.417151,54.4408276],[18.4170895,54.440832],[18.4168422,54.4396481]]]]},"properties":{"leisure":"track","sport":"athletics"}},
{"type":"Feature","geometry":{"type":"MultiPolygon","coordinates":[[[[18.571155,54.4464705],[18.5711919,54.4464289],[18.5713129,54.4463093],[18.571413,54.4461756],[18.5714518,54.4461326],[18.5721813,54.4463645],[18.5720856,54.4464731],[18.5734792,54.4469568],[18.5735345,54.4468946],[18.5736632,54.4469359],[18.5736079,54.4469984],[18.5747715,54.4473816],[18.5748285,54.4473224],[18.5750001,54.4473795],[18.5749392,54.447437],[18.5761891,54.4478736],[18.5771428,54.4468548],[18.5772324,54.4468488],[18.5774317,54.446754],[18.578622,54.4471536],[18.5786453,54.447178],[18.5786348,54.4471889],[18.5786169,54.4472027],[18.5785705,54.447202],[18.5774153,54.4468148],[18.5773091,54.4468793],[18.5769894,54.44722],[18.5767174,54.4475193],[18.5764544,54.4478122],[18.5776749,54.448234],[18.577751,54.4481685],[18.5781397,54.4483051],[18.5791006,54.4473602],[18.579195,54.4472607],[18.5792038,54.4468015],[18.5792566,54.4467557],[18.5793219,54.4467557],[18.5793622,54.4468094],[18.5793679,54.4469907],[18.5793432,54.4470198],[18.5793519,54.4472838],[18.5782459,54.4483851],[18.5779749,54.4484268],[18.5779472,54.4484584],[18.5781573,54.4485543],[18.5781963,54.4486018],[18.5781593,54.448636],[18.5780824,54.4486347],[18.576749,54.4482698],[18.5766337,54.4482123],[18.5765487,54.4481843],[18.5765574,54.448168],[18.5765767,54.4481506],[18.5765976,54.4481275],[18.5765485,54.4481083],[18.5764947,54.4480882],[18.5759192,54.4478912],[18.5758871,54.4478792],[18.5748628,54.4475224],[18.5748016,54.447583],[18.5746329,54.4475301],[18.5746835,54.4474738],[18.5735286,54.4470783],[18.5734741,54.4471441],[18.5733359,54.4470978],[18.573394,54.4470334],[18.5720076,54.4465637],[18.5718937,54.4466926],[18.571155,54.4464705]]]]},"properties":{"area":"yes","bicycle":"yes","description":"Najdłuższe molo nad Morzem Bałtyckim (511.5 m)","fee":"yes","foot":"yes","layer":"1","lit":"yes","man_made":"pier","material":"wood","motor_vehicle":"no","name":"Molo w Sopocie","name:be":"Мол у Сопаце","name:de":"Großer Seesteg","name:en":"Sopot Pier","name:pl":"Molo w Sopocie","ref:ckkp":"PM00818","tourism":"attraction","website":"http://molo.sopot.pl/","wheelchair":"yes","wikidata":"Q3177824","wikipedia":"pl:Molo w Sopocie"}},
{"type":"Feature","geometry":{"type":"MultiPolygon","coordinates":[[[[18.6340156,54.3535553],[18.6340183,54.3534955],[18.6340392,54.353463],[18.6340793,54.3534138],[18.634551,54.3531126],[18.6349138,54.3529054],[18.6353605,54.3526872],[18.6356127,54.3526111],[18.6359721,54.3524339],[18.6361598,54.3522922],[18.6366875,54.3520122],[18.6368205,54.3519359],[18.6369471,54.3518581],[18.6370181,54.3517493],[18.6371522,54.3515481],[18.6373667,54.3515134],[18.6378602,54.3515577],[18.6378625,54.3515543],[18.6380751,54.3515741],[18.6379637,54.3519501],[18.6380051,54.3519579],[18.6379592,54.3521473],[18.6379316,54.3523052],[18.6377466,54.3526885],[18.6377766,54.3526912],[18.6377582,54.352762],[18.6377402,54.3529729],[18.6377352,54.3530148],[18.637624,54.3530508],[18.6376162,54.3531071],[18.6376157,54.3531104],[18.6376476,54.3533169],[18.6376912,54.353317],[18.6377557,54.3536301],[18.6377867,54.3537097],[18.6378301,54.3537613],[18.6381342,54.354123],[18.6381635,54.3541586],[18.6382418,54.3543272],[18.6382906,54.3544314],[18.6386737,54.3549203],[18.6387207,54.3549803],[18.6393098,54.3548135],[18.6394422,54.3547079],[18.6396733,54.354642],[18.639669,54.3546368],[18.6402141,54.3545529],[18.6403134,54.3544816],[18.6410433,54.354282],[18.6410803,54.354334],[18.6411381,54.3544124],[18.6412085,54.3545145],[18.6412145,54.3545385],[18.6408873,54.3545855],[18.6404918,54.3546647],[18.6404654,54.3547052],[18.6405028,54.3548263],[18.6405394,54.3548795],[18.6405759,54.3548957],[18.6406187,54.3549341],[18.6406797,54.3550135],[18.640836,54.3552093],[18.6410297,54.3551629],[18.6413276,54.3555397],[18.6414405,54.355567],[18.6417552,54.3557379],[18.642081,54.3559642],[18.6421729,54.3562046],[18.6422707,54.3565277],[18.6422868,54.3565887],[18.6423382,54.3567574],[18.6421071,54.3567656],[18.6420589,54.3567672],[18.6419971,54.3567694],[18.641962,54.3567871],[18.6419059,54.3568155],[18.6418776,54.3568689],[18.6418602,54.3569021],[18.6418671,54.3570848],[18.6418433,54.3571516],[18.6429836,54.3571258],[18.6430107,54.3572779],[18.6430462,54.3573301],[18.643095,54.3576004],[18.6430816,54.3575992],[18.6426783,54.3575905],[18.6425936,54.3576573],[18.6425764,54.3578826],[18.6426233,54.3578878],[18.6425675,54.3580312],[18.6419645,54.3579512],[18.6419189,54.3579627],[18.6418296,54.3580776],[18.6414402,54.3583573],[18.6414257,54.3583822],[18.6414381,54.3584058],[18.6417314,54.3587017],[18.6418248,54.3586818],[18.641889,54.3587738],[18.6418372,54.3588546],[18.6419029,54.3589323],[18.6415526,54.3590646],[18.6414124,54.3591375],[18.6412977,54.3592147],[18.6411406,54.3590999],[18.6411241,54.3590878],[18.640934,54.3589432],[18.6406895,54.3588305],[18.6406795,54.3588259],[18.6407006,54.3588111],[18.6408044,54.358734],[18.6408102,54.3586834],[18.6407686,54.3586241],[18.6407379,54.3586071],[18.6405219,54.3585049],[18.6404935,54.3584914],[18.6404875,54.358494],[18.6403456,54.3584255],[18.6402628,54.3584821],[18.6396795,54.3589045],[18.6396432,54.3589289],[18.6392234,54.3586891],[18.6389548,54.3585265],[18.6387542,54.3583887],[18.6383056,54.3580675],[18.6377914,54.3575997],[18.6374339,54.357232],[18.6371917,54.3568871],[18.6371845,54.3568217],[18.6368865,54.3563053],[18.6367672,54.356034],[18.6367445,54.3559718],[18.6366426,54.3557123],[18.6365192,54.3555539],[18.636428,54.3554653],[18.6363369,54.3554008],[18.6361652,54.3552965],[18.6358802,54.3551556],[18.6357644,54.3550802],[18.635636,54.3549585],[18.6351112,54.3545447],[18.6349887,54.3544822],[18.6347463,54.3542703],[18.6342951,54.3539133],[18.6342376,54.3538453],[18.6340872,54.3537013],[18.6340633,54.3536754],[18.6340291,54.3536113],[18.6340156,54.3535553]]]]},"properties":{"alt_name":"Grodzisko","leisure":"park","name":"Park poforteczny „Grodzisko”","name:ko":"그로지스코 자연공원","tourism":"attraction"}},
{"type":"Feature","geometry":{"type":"MultiPolygon","coordinates":[[[[18.6481283,54.3581851],[18.6482046,54.3581729],[18.6485079,54.3588716],[18.6484335,54.3588819],[18.6481283,54.3581851]]]]},"properties":{"leisure":"track","sport":"athletics"}},
{"type":"Feature","geometry":{"type":"MultiPolygon","coordinates":[[[[18.6612228,54.3527493],[18.6613453,54.3526981],[18.6616433,54.3525674],[18.6616464,54.3525663],[18.6617251,54.3525318],[18.6617837,54.3525771],[18.6617649,54.3525854],[18.6620519,54.3528183],[18.6619872,54.3528453],[18.6620227,54.3528741],[18.6619821,54.3528911],[18.6618897,54.3528201],[18.6616763,54.3529109],[18.6616823,54.3529216],[18.6616128,54.3529091],[18.6615177,54.3528929],[18.6613846,54.3527921],[18.6613159,54.3528192],[18.6612228,54.3527493]]]]},"properties":{"addr:city":"Gdańsk","addr:housenumber":"1","addr:postcode":"80-751","addr:street":"Ołowianka","attraction":"big_wheel","capacity:persons":"288","contact:facebook":"https://facebook.com/AmberSkykolowidokowe/","email":"gdansk@ambersky.pl","fee":"yes","height":"50","landuse":"commercial","name":"AmberSky Gdańsk - Koło Widokowe","name:en":"Ferris wheel","name:ru":"Колесо обозрения","note":"28 PLN - adults and kids above 140 cm; 18 PLN - kids under 140 cm; FREE - kids under 3; 250 PLN - VIP cabin for 30'","opening_hours":"Mo-Th 11:00-20:00; Fr-Sa 11:00-24:00; Su 10:00-20:00","payment:cash":"yes","payment:credit_cards":"yes","phone":"+48 666 378 980","source":"survey","tourism":"attraction","website":"http://www.ambersky.pl"}},
{"type":"Feature","geometry":{"type":"MultiPolygon","coordinates":[[[[18.6256782,54.3269857],[18.6260909,54.3269814],[18.6263521,54.3269786],[18.6263572,54.3271629],[18.6263468,54.3271633],[18.6263493,54.3272546],[18.6261064,54.3272566],[18.6261074,54.3272405],[18.6260724,54.3272409],[18.6260729,54.3272571],[18.6258757,54.3272592],[18.6258768,54.327243],[18.6258415,54.3272435],[18.625842,54.3272596],[18.6256797,54.3272611],[18.6256797,54.3272505],[18.6256797,54.3271629],[18.6256835,54.3271628],[18.6256782,54.3269857]]]]},"properties":{"addr:city":"Gdańsk","addr:country":"PL","addr:housenumber":"6","addr:street":"Emilii Hoene","building":"yes","leisure":"sports_centre","source":"Bing","source:building":"BDOT"}},
{"type":"Feature","geometry":{"type":"MultiPolygon","coordinates":[[[[18.6034123,54.3535919],[18.6034125,54.3534794],[18.6034125,54.3534212],[18.6034457,54.3534212],[18.6034459,54.3533477],[18.6040108,54.353348],[18.6040104,54.3535923],[18.6034123,54.3535919]]]]},"properties":{"building":"yes","covered":"yes","leisure":"sports_centre","sport":"swimming"}},
{"type":"Feature","geometry":{"type":"MultiPolygon","coordinates":[[[[18.6027597,54.3534208],[18.6027604,54.3529882],[18.6030397,54.3529883],[18.6030391,54.353421],[18.6027597,54.3534208]]]]},"properties":{"building":"yes","covered":"yes","leisure":"sports_centre","sport":"multi"}},
{"type":"Feature","geometry":{"type":"MultiPolygon","coordinates":[[[[18.5635367,54.320472],[18.5635414,54.320461],[18.5635515,54.3204514],[18.5635663,54.3204441],[18.5635842,54.3204399],[18.5636034,54.320439],[18.5636222,54.3204417],[18.5636386,54.3204477],[18.5636511,54.3204563],[18.5636584,54.3204668],[18.5636598,54.320478],[18.5636552,54.320489],[18.563645,54.3204986],[18.5636302,54.3205059],[18.5636123,54.3205101],[18.5635931,54.320511],[18.5635743,54.3205083],[18.5635579,54.3205023],[18.5635455,54.3204937],[18.5635382,54.3204832],[18.5635367,54.320472]]]]},"properties":{"amenity":"community_centre","covered":"no","leisure":"sports_centre","opening_hours":"24/7","operator":"Ekolan","sport":"gymnastics","surface":"paved"}},
{"type":"Feature","geometry":{"type":"MultiPolygon","coordinates":[[[[18.5814217,54.3913544],[18.581587,54.3912434],[18.5825734,54.3905671],[18.5827473,54.3904501],[18.5827902,54.3904708],[18.582882,54.3904472],[18.5829904,54.3904315],[18.5830998,54.3904248],[18.5831907,54.3904287],[18.5832852,54.3904359],[18.5833743,54.3904528],[18.5834451,54.3904709],[18.5834743,54.3904494],[18.5835503,54.3904836],[18.5835285,54.3904992],[18.5835725,54.3905201],[18.583622,54.3905492],[18.5836845,54.3905904],[18.583733,54.3906328],[18.5837726,54.3906661],[18.5838087,54.3907151],[18.5838293,54.390753],[18.5838437,54.390806],[18.5838512,54.3908596],[18.583838,54.3909328],[18.5838186,54.3909781],[18.5837768,54.391041800000007],[18.5837342,54.3910844],[18.5836684,54.3911316],[18.5828174,54.3917117],[18.582759,54.3917505],[18.5826988,54.3917785],[18.5826345,54.3918003],[18.5825604,54.3918221],[18.5824893,54.3918381],[18.5823758,54.3918534],[18.5822452,54.3918587],[18.5820721,54.3918403],[18.5819514,54.391816],[18.5819204,54.3918345],[18.5818421,54.3917993],[18.5818651,54.3917811],[18.5817703,54.3917392],[18.5816954,54.3916892],[18.5816396,54.3916376],[18.5815884,54.3915788],[18.5815597,54.3915085],[18.5815457,54.3914515],[18.5815472,54.3914177],[18.5814217,54.3913544]],[[18.5817104,54.3914334],[18.5817244,54.3914931],[18.5817559,54.3915499],[18.581789,54.3915951],[18.5818465,54.3916394],[18.5819172,54.3916793],[18.5820044,54.3917177],[18.5820798,54.3917383],[18.5821909,54.391753],[18.5822863,54.3917565],[18.5823782,54.3917502],[18.5824655,54.3917338],[18.5825603,54.39171],[18.5826133,54.3916883],[18.5826724,54.3916582],[18.583566,54.391048],[18.5836086,54.3910089],[18.5836349,54.390976],[18.5836539,54.3909505],[18.5836732,54.3908985],[18.5836778,54.3908315],[18.5836592,54.390764],[18.5836217,54.3907051],[18.5835767,54.3906629],[18.583516,54.3906228],[18.5834301,54.3905799],[18.5833434,54.3905503],[18.583233,54.3905323],[18.5831578,54.3905242],[18.5830573,54.3905249],[18.5829609,54.3905354],[18.5828599,54.3905586],[18.5828248,54.3905734],[18.5827684,54.3905963],[18.5827185,54.3906207],[18.581812,54.3912403],[18.5817772,54.3912719],[18.5817507,54.3913074],[18.5817353,54.3913312],[18.5817174,54.3913726],[18.5817104,54.3914334]]]]},"properties":{"athletics":"running","covered":"no","lanes":"8","leisure":"track","lit":"yes","sport":"athletics","surface":"tartan"}},
{"type":"Feature","geometry":{"type":"MultiPolygon","coordinates":[[[[18.5763051,54.3581997],[18.5763114,54.3581813],[18.5763256,54.3581675],[18.576507200000003,54.3581187],[18.5765357,54.3581224],[18.5765688,54.3581316],[18.5765988,54.3581482],[18.5767473,54.3583332],[18.5767536,54.3583562],[18.5767315,54.3583792],[18.5767078,54.358393],[18.5765467,54.3584335],[18.5765056,54.358428],[18.5764756,54.3584179],[18.576313,54.35822],[18.5763051,54.3581997]],[[18.5763387,54.358196],[18.5763403,54.3582098],[18.5764014,54.3582867],[18.5764248,54.3582903],[18.5764563,54.3582835],[18.5764556,54.3582699],[18.5764607,54.358259],[18.5764753,54.3582462],[18.5764279,54.3581812],[18.5764169,54.3581743],[18.5763995,54.3581697],[18.5763458,54.3581858],[18.5763387,54.358196]],[[18.5764358,54.3583175],[18.5764943,54.3583934],[18.5765093,54.358404],[18.576529,54.358409],[18.5765788,54.3583971],[18.5765922,54.3583902],[18.5765882,54.35838],[18.5765368,54.3583171],[18.5765132,54.3583167],[18.5764904,54.3583117],[18.576473,54.3583033],[18.5764406,54.358311],[18.5764358,54.3583175]],[[18.5764642,54.3581612],[18.5764683,54.3581713],[18.5765207,54.3582336],[18.576544,54.3582346],[18.5765661,54.3582401],[18.5765825,54.3582485],[18.5766168,54.3582398],[18.5766214,54.3582333],[18.5765621,54.3581576],[18.576547,54.3581471],[18.5765272,54.3581421],[18.5764776,54.3581543],[18.5764642,54.3581612]],[[18.576577,54.3583059],[18.576624,54.3583709],[18.576635,54.3583778],[18.5766524,54.3583825],[18.5767062,54.3583665],[18.5767134,54.3583564],[18.5767119,54.3583426],[18.5766513,54.3582655],[18.5766279,54.3582618],[18.5765982,54.3582683],[18.5765984,54.3582822],[18.5765925,54.3582933],[18.576577,54.3583059]]]]},"properties":{"leisure":"track","sport":"cycling"}},
{"type":"Feature","geometry":{"type":"MultiPolygon","coordinates":[[[[18.6122597,54.3386252],[18.6122713,54.3385761],[18.6122916,54.3385321],[18.6123293,54.3385017],[18.6123874,54.3384678],[18.6124454,54.3384475],[18.6124887,54.3384363],[18.6125238,54.3384272],[18.6128142,54.3384182],[18.6132372,54.3384052],[18.6135627,54.3383951],[18.6136469,54.3384019],[18.6136933,54.3384154],[18.6137259,54.3384362],[18.6137542,54.3384543],[18.613792,54.3384848],[18.6138181,54.3385186],[18.6138355,54.3385558],[18.6138384,54.3385914],[18.6138181,54.3386337],[18.6137978,54.3386675],[18.61376,54.338703],[18.6137136,54.3387318],[18.6136643,54.3387521],[18.6135714,54.3387745],[18.6129608,54.33879],[18.6128216,54.3387947],[18.6125506,54.3388016],[18.6124338,54.3388011],[18.6124352,54.3387872],[18.6124367,54.3387724],[18.6123787,54.338747],[18.6123148,54.3387081],[18.61228,54.3386692],[18.6122597,54.3386252]],[[18.6123651,54.3385986],[18.612368,54.3386342],[18.6123796,54.3386714],[18.6124086,54.3387035],[18.6124551,54.3387289],[18.6125073,54.3387475],[18.6125581,54.3387518],[18.612595,54.3387527],[18.6135811,54.3387259],[18.6136536,54.3387086],[18.6137007,54.3386786],[18.6137407,54.3386511],[18.6137639,54.3386257],[18.6137639,54.338597],[18.613761,54.3385699],[18.6137494,54.3385377],[18.6137378,54.3385107],[18.613703,54.3384887],[18.6136856,54.3384701],[18.6136246,54.3384498],[18.6135898,54.338443],[18.6135584,54.3384423],[18.6125723,54.3384691],[18.6124928,54.3384887],[18.6124347,54.3385073],[18.6123985,54.338536],[18.6123709,54.3385665],[18.6123651,54.3385986]]]]},"properties":{"covered":"no","leisure":"track","sport":"athletics","surface":"paved"}},
{"type":"Feature","geometry":{"type":"MultiPolygon","coordinates":[[[[18.5796855,54.3235937],[18.5797024,54.3235916],[18.5797501,54.3235523],[18.5797479,54.323551],[18.5798185,54.3234935],[18.5798203,54.3234944],[18.5798683,54.3234548],[18.5798659,54.3234452],[18.5799037,54.3234404],[18.5799073,54.3234499],[18.5799504,54.3234682],[18.579959,54.3234612],[18.5800182,54.323486],[18.5800096,54.3234927],[18.5800756,54.3235204],[18.5800432,54.323548099999999],[18.5800623,54.323556],[18.579932,54.3236647],[18.5799121,54.3236576],[18.5798797,54.323685],[18.5798133,54.3236576],[18.5798,54.3236686],[18.5797279,54.323639],[18.5797408,54.3236281],[18.579709,54.3236146],[18.5796928,54.3236166],[18.5796855,54.3235937]]]]},"properties":{"addr:city":"Gdańsk","addr:housenumber":"40","addr:postcode":"80-180","addr:street":"Wieżycka","building":"construction","historic":"manor","name":"Dwór Zakoniczyn","tourism":"attraction"}},
{"type":"Feature","geometry":{"type":"MultiPolygon","coordinates":[[[[18.6492251,54.3539315],[18.649326,54.3537852],[18.6494256,54.3538085],[18.6493247,54.3539548],[18.6492251,54.3539315]]]]},"properties":{"addr:city":"Gdańsk","addr:country":"PL","addr:housename":"Dom Cechu Młynarzy","addr:housenumber":"1","addr:postcode":"80-846","addr:street":"Na Piaskach","alt_name":"Dwór Młynarzy","building":"commercial","building:levels":"2","building:material":"timber_framing","roof:material":"roof_tiles","roof:shape":"gabled","source:addr":"Urząd Miasta Gdańsk","start_date":"1997","tourism":"attraction"}},
{"type":"Feature","geometry":{"type":"MultiPolygon","coordinates":[[[[18.554652,54.4095216],[18.554669,54.4094857],[18.5546986,54.4094904],[18.5547187,54.409448],[18.5546756,54.4094411],[18.5546826,54.4094263],[18.5547254,54.4094332],[18.5547852,54.4093074],[18.5548241,54.4093136],[18.5548356,54.4092895],[18.5548418,54.4092764],[18.5549026,54.4092862],[18.5548971,54.4092979],[18.5548849,54.4093237],[18.5549779,54.4093386],[18.5548635,54.4095796],[18.554671,54.4095487],[18.5546816,54.4095263],[18.554652,54.4095216]]]]},"properties":{"building":"yes","building:levels":"3","man_made":"watermill","name":"Młyn IX","tourism":"attraction"}},
{"type":"Feature","geometry":{"type":"MultiPolygon","coordinates":[[[[18.6459795,54.3420146],[18.6461972,54.341991],[18.6464259,54.342704],[18.646207,54.3427282],[18.6459795,54.3420146]]]]},"properties":{"building":"yes","historic":"building","name":"Mała Zbrojownia","source":"Bing","tourism":"attraction"}},
{"type":"Feature","geometry":{"type":"MultiPolygon","coordinates":[[[[18.524533,54.4146298],[18.5247615,54.4144797],[18.524916,54.4143975],[18.5254033,54.414199],[18.5257956,54.4140867],[18.5260322,54.4140201],[18.5261464,54.4139732],[18.5263518,54.4138563],[18.5268225,54.4137415],[18.5276103,54.4135295],[18.528322,54.4133602],[18.5285649,54.4132525],[18.5288746,54.4130337],[18.5290672,54.4128376],[18.5295487,54.4129038],[18.5298241,54.4128573],[18.5299853,54.4128124],[18.5308883,54.4124309],[18.5316483,54.4123701],[18.5318948,54.4123131],[18.5320852,54.4122534],[18.532175,54.4122017],[18.5322259,54.4116616],[18.5321546,54.4112771],[18.5320616,54.4111227],[18.5317813,54.4108622],[18.5321201,54.410149],[18.5322544,54.4100494],[18.5324778,54.4098496],[18.5326025,54.4096662],[18.5327906,54.4087264],[18.5336335,54.4087821],[18.5336795,54.4087842],[18.5337031,54.4087854],[18.5341702,54.4088079],[18.5352083,54.4088492],[18.5367635,54.4089276],[18.5383259,54.4089636],[18.5394608,54.4089933],[18.5396801,54.4089999],[18.5398486,54.4090105],[18.5398197,54.4091524],[18.5398137,54.4091728],[18.5398099,54.4091936],[18.5399177,54.4092156],[18.5399523,54.4092233],[18.5399766,54.4092354],[18.5401006,54.4093082],[18.54035,54.409341],[18.5410592,54.4095279],[18.5412244,54.409572],[18.5414497,54.4096627],[18.5413519,54.4100645],[18.5413384,54.4101519],[18.5413733,54.4102143],[18.5414645,54.4102682],[18.5415836,54.4102918],[18.5415557,54.4104079],[18.5414162,54.4104329],[18.5413733,54.4104664],[18.5413559,54.4105125],[18.5411869,54.4105258],[18.540885,54.4104909],[18.5402795,54.4107254],[18.539992,54.410795],[18.5397479,54.4108083],[18.5395892,54.4108071],[18.539037,54.4107696],[18.538875,54.4107494],[18.5387455,54.4106487],[18.5386904,54.4106655],[18.5386437,54.4106798],[18.5385504,54.4107083],[18.5385867,54.4107482],[18.5386482,54.4109094],[18.5384948,54.4113126],[18.5380005,54.4113445],[18.5374287,54.411387],[18.536952,54.4114382],[18.5368679,54.4114475],[18.5365294,54.4115023],[18.5364024,54.4115217],[18.5361497,54.4116017],[18.535923,54.4116927],[18.535801,54.4117417],[18.5355838,54.4118549],[18.5355123,54.4119308],[18.5352632,54.4121952],[18.5353169,54.4122112],[18.5353048,54.4122373],[18.5352072,54.4124256],[18.5351531,54.4125386],[18.5351173,54.412619],[18.5349957,54.4127197],[18.535113,54.4129799],[18.5351526,54.4130654],[18.53516,54.4132215],[18.5351406,54.4134305],[18.5351614,54.4134741],[18.5351437,54.4136341],[18.5351883,54.4141192],[18.5351761,54.4141923],[18.5353304,54.4142098],[18.5354194,54.4142199],[18.5357367,54.4142572],[18.5357602,54.4142477],[18.5358325,54.4142184],[18.5363484,54.4140092],[18.536517,54.4142373],[18.5365711,54.4142291],[18.5366727,54.4142137],[18.5372526,54.4155349],[18.5376715,54.4164583],[18.5377519,54.4166394],[18.5378232,54.4170183],[18.5378803,54.417129],[18.5379944,54.4172507],[18.538213,54.4174125],[18.5384626,54.417501],[18.538907,54.4176061],[18.5392303,54.4176435],[18.539223,54.4176802],[18.5392136,54.4177278],[18.5392378,54.4180937],[18.5392419,54.4181365],[18.5392859,54.4185959],[18.5393158,54.4190347],[18.539297,54.4190874],[18.5392804,54.4191071],[18.539262,54.4191303],[18.5390634,54.4194263],[18.5390563,54.4194781],[18.5390667,54.4195173],[18.5390651,54.4195898],[18.5390263,54.4196299],[18.5388913,54.4197374],[18.5380871,54.4201814],[18.5378785,54.4200576],[18.5376714,54.4199315],[18.5373837,54.4198649],[18.5373541,54.4198617],[18.5365119,54.419763],[18.5362446,54.4197278],[18.5360296,54.4197048],[18.5358191,54.4196931],[18.5355234,54.4197094],[18.5347584,54.4197824],[18.5346431,54.4194745],[18.534581,54.4194311],[18.534205,54.4193325],[18.5340464,54.4193096],[18.5338976,54.4193007],[18.532944,54.4193784],[18.5313349,54.4186452],[18.531242,54.4186252],[18.530872,54.4185781],[18.5303372,54.4185615],[18.5302114,54.4185816],[18.5298968,54.4186478],[18.5298129,54.4186853],[18.5295509,54.418822],[18.5292132,54.4187685],[18.5290565,54.418755],[18.5285726,54.4186888],[18.5283764,54.4186217],[18.5280498,54.4185598],[18.5277436,54.4184956],[18.5273868,54.4183735],[18.5273632,54.4183654],[18.5274002,54.4182837],[18.5273421,54.4180179],[18.5273079,54.417845],[18.5272449,54.4177079],[18.5271882,54.4176284],[18.5270959,54.4174992],[18.5270294,54.4173961],[18.5270872,54.417315],[18.5272465,54.417167],[18.527496,54.4170515],[18.5277262,54.4169326],[18.5277794,54.4168793],[18.527824,54.4168261],[18.5278273,54.4167639],[18.5277907,54.4166736],[18.5277053,54.4166134],[18.5276047,54.4165625],[18.5272053,54.4164356],[18.5269702,54.4162969],[18.5267977,54.4161807],[18.5266071,54.416073],[18.5264244,54.4159457],[18.5267478,54.4158291],[18.5272774,54.4156004],[18.527546,54.4154915],[18.5277505,54.4153849],[18.5281059,54.4150587],[18.5272131,54.414871],[18.5260097,54.4148932],[18.5247798,54.4148765],[18.524533,54.4146298]]]]},"properties":{"addr:city":"Gdańsk","addr:housenumber":"3","addr:postcode":"80-328","addr:street":"Karwieńska","alt_name":"Ogród Zoologiczny Gdańsk-Oliwa","contact:phone":"+48 585521751","contact:website":"https://zoo.gda.pl","fee":"yes","leisure":"park","name":"Gdański Ogród Zoologiczny","name:de":"Zoologischer Garten Danzig","name:ja":"グダニスク動物園","name:pl":"Miejski Ogród Zoologiczny Wybrzeża","ref:ckkp":"PM00971","short_name":"Zoo Gdańsk","start_date":"1954-05-01","tourism":"zoo","wikidata":"Q4384936","wikipedia":"pl:Gdański Ogród Zoologiczny"}},
{"type":"Feature","geometry":{"type":"MultiPolygon","coordinates":[[[[18.5960242,54.4036478],[18.5961206,54.4032182],[18.5961364,54.4032008],[18.5970874,54.40313],[18.5970849,54.4031174],[18.5971394,54.4031138],[18.5971419,54.4031263],[18.5972288,54.4031192],[18.5981355,54.4030563],[18.598138,54.4030932],[18.598019,54.4034355],[18.5978692,54.4036189],[18.5978202,54.403682],[18.5976472,54.4039002],[18.5970733,54.4038469],[18.596245,54.4036897],[18.5960242,54.4036478]]]]},"properties":{"access":"yes","amenity":"community_centre","barrier":"fence","landuse":"recreation_ground","name":"Klub Osiedlowy \"Maciuś I\"","playground:theme":"playground"}},
{"type":"Feature","geometry":{"type":"MultiPolygon","coordinates":[[[[18.6531788,54.3485362],[18.6532018,54.3485305],[18.6531996,54.3485275],[18.6532002,54.3485243],[18.653203,54.3485215],[18.653207,54.3485197],[18.6532129,54.3485189],[18.6532183,54.3485196],[18.6532228,54.3485215],[18.6532251,54.3485246],[18.6532475,54.3485189],[18.6532572,54.3485321],[18.6532618,54.3485309],[18.6532664,54.3485315],[18.6532702,54.3485331],[18.6532726,54.3485357],[18.6532731,54.3485382],[18.6532716,54.3485408],[18.6532675,54.3485432],[18.6532785,54.3485577],[18.6532563,54.3485634],[18.6532568,54.3485666],[18.6532552,54.3485695],[18.6532516,54.3485719],[18.6532467,54.3485732],[18.6532413,54.3485732],[18.6532363,54.3485719],[18.6532326,54.3485695],[18.6532084,54.348575],[18.6531983,54.3485598],[18.653195,54.3485606],[18.6531911,54.348561],[18.6531869,54.3485604],[18.653184,54.3485585],[18.6531825,54.3485559],[18.653183,54.3485533],[18.6531852,54.348551],[18.6531885,54.3485495],[18.6531788,54.3485362]]]]},"properties":{"amenity":"fountain","heritage":"2","heritage:operator":"nid","heritage:website":"https://zabytek.pl/pl/obiekty/gdansk-fontanna-neptuna","historic":"fountain","name":"Fontanna Neptuna","name:be":"Фантан Няптуна","name:de":"Neptunbrunnen","name:es":"Fuente de Neptuno","name:it":"Fontana di Nettuno","name:pl":"Fontanna Neptuna","name:ru":"Фонтан Нептуна","ref:ckkp":"PM00968","ref:nid":"301","start_date":"1633","tourism":"attraction","wheelchair":"yes","wikidata":"Q783294","wikipedia":"pl:Fontanna Neptuna w Gdańsku"}},
{"type":"Feature","geometry":{"type":"MultiPolygon","coordinates":[[[[18.6515852,54.3521851],[18.6515853,54.3521746],[18.6516056,54.3521741],[18.651605,54.3521109],[18.651587,54.3521108],[18.6515871,54.3521027],[18.6516049,54.3521027],[18.6521941,54.3521027],[18.6522314,54.3521034],[18.6522715,54.3521043],[18.6523102,54.3521051],[18.6526215,54.3521133],[18.6526387,54.3522752],[18.6524487,54.3522773],[18.6524511,54.3523414],[18.6524314,54.3523417],[18.652226,54.3523494],[18.6516356,54.3523645],[18.6516359,54.3523759],[18.6516191,54.3523761],[18.6516183,54.3523648],[18.6516,54.3523654],[18.6515997,54.3523551],[18.6516168,54.3523554],[18.6516144,54.3522876],[18.6515872,54.3522879],[18.6515876,54.352276],[18.6516131,54.3522756],[18.6516061,54.3521849],[18.6515852,54.3521851]]]]},"properties":{"addr:city":"Gdańsk","addr:city:simc":"0933016","addr:country":"PL","addr:housenumber":"72","addr:postcode":"80-840","addr:street":"Świętojańska","addr:street:sym_ul":"22548","alt_name":"Kościół pw. Świętego Mikołaja","amenity":"place_of_worship","building":"church","building:architecture":"gothic","building:material":"brick","by:religious_title":"Pius XI","church:id":"12448","church:type":"parish","date:religious_title":"1929","date:shrine":"C14","deanery":"Dekanat Gdańsk Śródmieście","denomination":"roman_catholic","diocese":"Archidiecezja gdańska","email":"gdansk@dominikanie.pl","heritage":"2","heritage:operator":"nid","heritage:website":"https://zabytek.pl/pl/obiekty/gdansk-kosciol-dominikanow-pw-sw-mikolaja","historic":"building","mobile":"694480609","name":"Bazylika Świętego Mikołaja","name:be":"Касцёл Святога Мікалая","name:de":"Nicolaikirche","name:pl":"Kościół pw. Świętego Mikołaja","note":"przesunięte względem ortofotomapy gis.gdansk.pl","operator":"Zakon Kaznodziejski","parish":"Parafia św. Mikołaja w Gdańsku","parish:wikidata":"Q10975142","parish:wikipedia":"pl:Parafia św. Mikołaja w Gdańsku (rzymskokatolicka)","ref:ckkp":"PM00299","ref:nid":"51 z 29.03.1957","religion":"christian","religious_title":"Bazylika Mniejsza","roof:material":"roof_tiles","shrine":"local","shrine:name":"Sanktuarium Matki Bożej Zwycięskiej","shrine:object":"obraz Matki Bożej Zwycięskiej","shrine:type":"mary","source:geometry":"gis.gdansk.pl","tourism":"attraction","website":"https://gdansk.dominikanie.pl/","wikidata":"Q11747294","wikimedia_commons":"File:Gdańsk._Bazylika_Św._Mikołaja_-_panoramio.jpg","wikipedia":"pl:Bazylika św. Mikołaja w Gdańsku"}},
{"type":"Feature","geometry":{"type":"MultiPolygon","coordinates":[[[[18.652411,54.355555],[18.65249,54.355517999999999],[18.652511,54.355508],[18.652581,54.355565],[18.652494,54.355599],[18.652475,54.355606],[18.652411,54.355555]]]]},"properties":{"addr:city":"Gdańsk","addr:country":"PL","addr:housenumber":"14","addr:postcode":"80-856","addr:street":"Brygidki","building":"residential","heritage":"2","heritage:operator":"nid","historic":"building","ref:nid":"833 z 8.11.1979","source:addr":"Urząd Miasta Gdańsk","source:building":"EGiB","tourism":"attraction"}},
{"type":"Feature","geometry":{"type":"MultiPolygon","coordinates":[[[[18.6514866,54.3528236],[18.651489,54.3527811],[18.6514972,54.3527809],[18.6514996,54.3527299],[18.6514919,54.3527294],[18.6514945,54.3526866],[18.6515053,54.3526869],[18.6515084,54.3526267],[18.6519824,54.3526361],[18.6519744,54.3526291],[18.6519805,54.352626],[18.651988,54.352631],[18.6519962,54.3526312],[18.6520912,54.3526329],[18.6520985,54.3526282],[18.6521049,54.3526317],[18.6520955,54.3526383],[18.6525682,54.3526477],[18.652566,54.3527072],[18.6525769,54.3527076],[18.6525738,54.3527505],[18.6525661,54.3527507],[18.6525632,54.3528029],[18.652571,54.3528027],[18.6525687,54.3528453],[18.6525573,54.3528458],[18.6525547,54.3528863],[18.6525541,54.3529052],[18.6520821,54.3528953],[18.6520899,54.3529021],[18.6520836,54.3529052],[18.6520763,54.3529003],[18.651973,54.3528983],[18.6519659,54.352903],[18.6519595,54.3528996],[18.6519689,54.3528928],[18.6514946,54.3528838],[18.6514979,54.3528235],[18.6514866,54.3528236]]]]},"properties":{"access":"no","addr:city":"Gdańsk","addr:country":"PL","addr:housename":"Hala Targowa","addr:housenumber":"1/2","addr:postcode":"80-844","addr:street":"Plac Dominikański","building":"yes","building:material":"brick","disused:shop":"department_store","heritage":"2","heritage:operator":"nid","historic":"building","name:be":"Гандлёвая гала","name:de":"Markthalle","name:es":"Lonja Targowa","note":"Remont hali targowej - adaptacja na food hall","opening_date":"2026-06-30","operator":"Apsys","ref:nid":"1030 z 25.05.1988","source:addr":"Urząd Miasta Gdańsk","tourism":"attraction","wheelchair":"yes"}},
{"type":"Feature","geometry":{"type":"MultiPolygon","coordinates":[[[[18.6473189,54.3498397],[18.6473643,54.3498313],[18.6473602,54.3498237],[18.6473463,54.3497979],[18.6473223,54.3497535],[18.6474613,54.3497282],[18.6475115,54.3497977],[18.6475472,54.3498549],[18.6473911,54.3498852],[18.6473825,54.3498673],[18.6473393,54.3498758],[18.647336,54.3498699],[18.6473189,54.3498397]]]]},"properties":{"addr:city":"Gdańsk","addr:housenumber":"26","addr:postcode":"80-836","addr:street":"Targ Węglowy","building":"yes","building:levels":"7","building:material":"brick","height":"25","heritage":"2","heritage:operator":"nid","historic":"prison","man_made":"tower","material":"brick","name":"Wieża Więzienna","name:de":"Stockturm","name:pl":"Wieża Więzienna","note":"wysokość szacunkowa","ref:ckkp":"PM00961","ref:nid":"334 z 1.09.1969","roof:colour":"#949494","roof:material":"metal","roof:shape":"hipped","source:addr":"Urząd Miasta Gdańsk","tourism":"attraction","tower:type":"defensive","wikidata":"Q2350832","wikipedia":"pl:Wieża Więzienna w Gdańsku"}},
{"type":"Feature","geometry":{"type":"MultiPolygon","coordinates":[[[[18.6620874,54.3399356],[18.6630579,54.3397653],[18.6633084,54.33982],[18.6633814,54.340544],[18.663191,54.340534],[18.6628967,54.3404231],[18.6623217,54.3400577],[18.6620874,54.3399356]]]]},"properties":{"area":"yes","defensive_works":"bastion","name":"Bastion Miś","name:de":"Bastion Bär","name:pl":"Bastion Miś","tourism":"attraction"}},
{"type":"Feature","geometry":{"type":"MultiPolygon","coordinates":[[[[18.664799,54.3419233],[18.6649292,54.3418181],[18.6653049,54.3415206],[18.6654121,54.3415367],[18.6659426,54.341576],[18.6667142,54.3416686],[18.6667736,54.3417234],[18.6666539,54.3423796],[18.6662043,54.3425768],[18.6658855,54.3426839],[18.6657629,54.3426191],[18.6650977,54.342117],[18.6648654,54.3419461],[18.664799,54.3419233]]]]},"properties":{"area":"yes","defensive_works":"bastion","name":"Bastion Królik","name:de":"Bastion Kaninchen","name:pl":"Bastion Królik","tourism":"attraction"}},
{"type":"Feature","geometry":{"type":"MultiPolygon","coordinates":[[[[18.6517517,54.338878],[18.6518396,54.3388649],[18.6519636,54.3388391],[18.6519025,54.3388824],[18.6520269,54.3391552],[18.6519658,54.3391641],[18.6519028,54.3391723],[18.6518292,54.3389918],[18.6517902,54.3388899],[18.6517517,54.338878]]]]},"properties":{"heritage":"2","heritage:operator":"nid","historic":"yes","name":"Śluza Kamienna","ref:nid":"335 z 1.09.1969","seamark:type":"gate","tourism":"attraction","waterway":"lock_gate"}},
{"type":"Feature","geometry":{"type":"MultiPolygon","coordinates":[[[[18.5315226,54.4083671],[18.531554,54.4082904],[18.5317323,54.4083152],[18.531701,54.4083905],[18.5315226,54.4083671]]]]},"properties":{"addr:city":"Gdańsk","addr:country":"PL","addr:housenumber":"10","addr:street":"Kościerska","building":"yes","building:levels":"2","man_made":"watermill","name":"Młyn Prochowy","name:de":"Pulvermühle","name:pl":"Młyn Prochowy","source":"www.geoportal.gov.pl","tourism":"attraction"}},
{"type":"Feature","geometry":{"type":"MultiPolygon","coordinates":[[[[18.5436462,54.430383],[18.5436614,54.4303415],[18.5437082,54.4303088],[18.5437757,54.4302925],[18.5438484,54.4302963],[18.5439098,54.4303194],[18.5439458,54.4303564],[18.543948,54.4303988],[18.5439161,54.4304371],[18.5438573,54.4304623],[18.5437851,54.4304687],[18.543716,54.4304549],[18.5436658,54.430424],[18.5436462,54.430383]]]]},"properties":{"landuse":"recreation_ground","name":"Polanka Esperantystów","name:de":"Esperantoplatz","tourism":"attraction"}},
{"type":"Feature","geometry":{"type":"MultiPolygon","coordinates":[[[[18.625115,54.3502326],[18.6251458,54.3501673],[18.6251335,54.3501653],[18.6252227,54.3499764],[18.6254574,54.3500143],[18.6253517,54.350238],[18.6253013,54.3502298],[18.6252869,54.3502603],[18.6251849,54.3502439],[18.625115,54.3502326]]]]},"properties":{"building":"yes","leisure":"sports_centre"}},
{"type":"Feature","geometry":{"type":"MultiPolygon","coordinates":[[[[18.6442982,54.3531034],[18.6443016,54.353091],[18.6443179,54.35308],[18.6451244,54.3530652],[18.6451523,54.3531152],[18.6449985,54.3533307],[18.6449109,54.3535957],[18.6446547,54.3535824],[18.6446086,54.3535821],[18.6442982,54.3531034]]]]},"properties":{"defensive_works":"bastion","historic":"bastion","landuse":"brownfield","name":"Bastion św. Elżbiety","operator":"KM Capital","proposed:landuse":"commercial","tourism":"attraction"}},
{"type":"Feature","geometry":{"type":"MultiPolygon","coordinates":[[[[18.4847207,54.3867592],[18.4847987,54.3866836],[18.4848124,54.3866687],[18.4849898,54.3864894],[18.485764,54.3856686],[18.4863525,54.385831],[18.4866187,54.3859066],[18.4866038,54.3859203],[18.4864125,54.3861647],[18.4861795,54.3864564],[18.4859665,54.3867276],[18.4859465,54.3867529],[18.4857246,54.3870352],[18.4847353,54.3867632],[18.4847207,54.3867592]]]]},"properties":{"addr:city":"Gdańsk","addr:housenumber":"26","addr:postcode":"80-298","addr:street":"Radarowa","leisure":"sports_centre","name":"UKS Klukowo"}},
{"type":"Feature","geometry":{"type":"MultiPolygon","coordinates":[[[[18.5685119,54.4140279],[18.5685129,54.4140022],[18.5685263,54.4139776],[18.568551,54.4139563],[18.5685851,54.4139399],[18.5686257,54.4139297],[18.5686696,54.4139266],[18.5687133,54.4139308],[18.5687531,54.413942],[18.5687859,54.4139593],[18.568809,54.4139812],[18.5688205,54.4140061],[18.5688195,54.4140318],[18.5688061,54.4140564],[18.5687814,54.4140777],[18.5687473,54.4140941],[18.5687067,54.4141043],[18.5686628,54.4141074],[18.5686191,54.4141032],[18.5685793,54.414092],[18.5685465,54.4140747],[18.5685234,54.4140527],[18.5685119,54.4140279]]]]},"properties":{"name":"Kamienny krąg","tourism":"attraction"}},
{"type":"Feature","geometry":{"type":"MultiPolygon","coordinates":[[[[18.6247203,54.3725744],[18.624746,54.372561],[18.6247494,54.3725592],[18.6247457,54.3725548],[18.6247468,54.3725515],[18.6247521,54.3725473],[18.6247637,54.3725413],[18.6247708,54.3725388],[18.6247767,54.3725385],[18.6247837,54.3725411],[18.6248866,54.372487],[18.624883,54.3724825],[18.6248841,54.3724792],[18.6248892,54.3724753],[18.6248972,54.372471],[18.6249045,54.3724684],[18.6249104,54.3724682],[18.6249176,54.3724707],[18.6249227,54.3724681],[18.624919,54.3724636],[18.6249201,54.3724603],[18.6249252,54.3724565],[18.6249333,54.3724522],[18.6249406,54.3724495],[18.6249464,54.3724493],[18.6249536,54.3724519],[18.6249589,54.372449],[18.6249552,54.3724446],[18.6249562,54.3724413],[18.6249616,54.3724372],[18.6249693,54.3724331],[18.6249768,54.3724305],[18.6249826,54.3724303],[18.6249897,54.372433],[18.6250926,54.3723788],[18.6250887,54.3723744],[18.6250897,54.372371],[18.6250951,54.3723671],[18.6251066,54.3723611],[18.6251138,54.3723583],[18.6251197,54.3723581],[18.6251269,54.3723608],[18.6252303,54.3723065],[18.6252264,54.372302],[18.6252274,54.3722987],[18.6252327,54.3722947],[18.6252441,54.3722886],[18.6252515,54.3722861],[18.6252572,54.3722858],[18.6252645,54.3722884],[18.6253673,54.3722342],[18.6253637,54.3722298],[18.6253648,54.3722265],[18.6253701,54.3722225],[18.6253814,54.3722166],[18.6253886,54.372214],[18.6253945,54.3722137],[18.6254017,54.3722163],[18.6254303,54.3722013],[18.6254677,54.3722257],[18.6254755,54.3722236],[18.6254811,54.3722242],[18.625488,54.3722272],[18.6254947,54.3722317],[18.6254993,54.3722359],[18.6254996,54.3722393],[18.6254951,54.3722434],[18.6255003,54.3722468],[18.6255077,54.3722446],[18.6255134,54.3722453],[18.6255203,54.3722483],[18.625527,54.3722529],[18.6255314,54.372257],[18.625532,54.3722605],[18.6255274,54.3722648],[18.6255379,54.3722715],[18.6256047,54.3723151],[18.6256124,54.3723129],[18.6256181,54.3723135],[18.6256248,54.3723166],[18.6256305,54.3723203],[18.6256349,54.3723245],[18.6256353,54.3723279],[18.6256308,54.3723322],[18.6256991,54.3723768],[18.6258923,54.372503],[18.625896,54.3725053],[18.6261054,54.372642],[18.6262713,54.3727504],[18.6263359,54.3727926],[18.6263504,54.372802],[18.6263549,54.3728064],[18.626355,54.3728105],[18.6263492,54.3728147],[18.6262061,54.3728898],[18.6261888,54.3728989],[18.6261832,54.3729018],[18.6261753,54.3729046],[18.6261683,54.3729041],[18.6261615,54.3729011],[18.6260859,54.3728518],[18.6260383,54.3728208],[18.6259905,54.3728476],[18.6260401,54.3728789],[18.6260453,54.3728836],[18.6260455,54.3728878],[18.626039,54.3728922],[18.6260263,54.3728989],[18.6260182,54.3729021],[18.6260117,54.372902],[18.6260037,54.3728982],[18.6259581,54.3728686],[18.6259193,54.3728889],[18.6259202,54.3728896],[18.6258736,54.372915],[18.6259005,54.3729333],[18.625888,54.37294],[18.6256412,54.3730705],[18.6256127,54.3730533],[18.6255637,54.3730785],[18.625507,54.373042],[18.6254888,54.3730303],[18.6254467,54.3730541],[18.6252459,54.3729244],[18.6252251,54.3729109],[18.625234,54.3729062],[18.6252712,54.3728869],[18.6253078,54.3728679],[18.6252329,54.3728177],[18.6251585,54.3727678],[18.625076,54.3728129],[18.6250422,54.3727897],[18.6250378,54.372792],[18.6249816,54.3727553],[18.6249863,54.372753],[18.6249717,54.3727435],[18.6249163,54.3727081],[18.6249126,54.37271],[18.6249115,54.3727093],[18.6249099,54.37271],[18.6249092,54.3727104],[18.6248726,54.3726863],[18.6248728,54.3726862],[18.624875,54.3726851],[18.6248739,54.3726844],[18.6248778,54.3726824],[18.6248432,54.3726595],[18.6248219,54.3726453],[18.6248264,54.372643],[18.6247734,54.3726087],[18.6247657,54.3726108],[18.62476,54.3726103],[18.6247533,54.3726072],[18.6247461,54.3726025],[18.6247415,54.3725983],[18.6247411,54.3725949],[18.6247456,54.3725907],[18.6247203,54.3725744]],[[18.6252295,54.372439],[18.6253751,54.3725333],[18.6253403,54.372551],[18.6254973,54.3726527],[18.6255948,54.3727158],[18.6256769,54.3726728],[18.6257513,54.3726338],[18.6257135,54.372609],[18.6257093,54.3726051],[18.6257095,54.3726003],[18.6257147,54.3725963],[18.6257677,54.3725678],[18.6257256,54.3725403],[18.6255305,54.3724122],[18.6254828,54.3724363],[18.6254734,54.3724397],[18.6254628,54.3724393],[18.6254544,54.3724355],[18.6254479,54.3724316],[18.625442,54.3724262],[18.6254425,54.3724201],[18.6254492,54.372415],[18.625495,54.3723896],[18.6254169,54.3723403],[18.6254147,54.3723389],[18.6252295,54.372439]]]]},"properties":{"addr:city":"Gdańsk","addr:country":"PL","addr:housenumber":"15","addr:postcode":"80-219","addr:street":"Aleja Zwycięstwa","amenity":"theatre","building":"public","name":"Opera Bałtycka","name:de":"Baltische Oper","name:en":"Baltic Opera","name:pl":"Opera Bałtycka","source":"www.geoportal.gov.pl","source:addr":"Urząd Miasta Gdańsk","website":"https://www.operabaltycka.pl/","wikidata":"Q4146544","wikipedia":"pl:Opera Bałtycka"}},
{"type":"Feature","geometry":{"type":"MultiPolygon","coordinates":[[[[18.565653,54.4304558],[18.5657987,54.4298615],[18.5656922,54.4298518],[18.5660153,54.4288016],[18.5660755,54.4288084],[18.5660993,54.4287882],[18.566386,54.427691],[18.5668044,54.4263616],[18.5672872,54.42477],[18.5675137,54.4240657],[18.5675961,54.4240592],[18.5692811,54.4239363],[18.5696666,54.4239191],[18.5702858,54.4238985],[18.5706441,54.4238898],[18.5708048,54.4238873],[18.5713267,54.4239001],[18.5715023,54.4239057],[18.572081,54.4239746],[18.5725153,54.4240264],[18.572665,54.4240431],[18.5727871,54.424058],[18.5728968,54.4240822],[18.5730419,54.4241206],[18.5732804,54.4241827],[18.5736161,54.4242777],[18.5742866,54.4244761],[18.5746256,54.4245769],[18.5747509,54.4246131],[18.5748453,54.4246406],[18.575021,54.4246979],[18.5751786,54.4247499],[18.5755171,54.4248659],[18.5759852,54.4250268],[18.5761789,54.4250934],[18.5762388,54.425115],[18.5762862,54.4251411],[18.5760118,54.4255656],[18.5758017,54.4258933],[18.5757869,54.4259164],[18.5757794,54.4259281],[18.5756524,54.4261267],[18.5755702,54.4262528],[18.5744015,54.4280737],[18.5743458,54.428162],[18.5735702,54.4293676],[18.5734367,54.429575],[18.5729843,54.4302816],[18.5726761,54.4302034],[18.5723706,54.4304278],[18.5722876,54.4304853],[18.5721766,54.43054],[18.5721345,54.4305574],[18.5717445,54.4306345],[18.5706152,54.4308091],[18.5706263,54.430928],[18.5700626,54.4309401],[18.5700684,54.4310132],[18.5698823,54.4310157],[18.5695442,54.4310199],[18.5692389,54.4310228],[18.5691365,54.4310983],[18.5691209,54.4310698],[18.5690942,54.4310411],[18.5690389,54.431],[18.5689183,54.4309651],[18.5688327,54.4309664],[18.5687513,54.4309789],[18.568632,54.4312376],[18.5685199,54.4312232],[18.568282,54.4311557],[18.5670321,54.4308025],[18.5665347,54.4306627],[18.5664222,54.4306301],[18.5663624,54.4306134],[18.5662248,54.4305763],[18.5661219,54.43055],[18.565998,54.4305187],[18.5659917,54.4305337],[18.5658943,54.430523],[18.565653,54.4304558]]]]},"properties":{"addr:city":"Sopot","addr:housenumber":"1","addr:postcode":"80-881","addr:street":"Władysława Łokietka","leisure":"sports_centre","name":"Hipodrom Sopot","source":"http://hipodrom.sopot.pl","sport":"horse_racing","wheelchair":"limited","wikidata":"Q24941135","wikipedia":"pl:Hipodrom Sopot"}},
{"type":"Feature","geometry":{"type":"MultiPolygon","coordinates":[[[[18.6420606,54.3445376],[18.6420612,54.3444927],[18.6420618,54.3444423],[18.6421206,54.3444425],[18.6421207,54.3444412],[18.6421652,54.3444369],[18.6422176,54.3444322],[18.6422049,54.3445482],[18.6421181,54.3445403],[18.6421183,54.3445379],[18.6420606,54.3445376]]]]},"properties":{"building":"yes","name":"Poterna - część górna","tourism":"attraction"}},
{"type":"Feature","geometry":{"type":"MultiPolygon","coordinates":[[[[18.6363544,54.389558],[18.6364342,54.3894963],[18.6370873,54.3889881],[18.6378852,54.3893375],[18.637991800000003,54.3893846],[18.6380265,54.3893998],[18.6380654,54.3894169],[18.6379486,54.3897015],[18.6378719,54.3900347],[18.6378296,54.3900689],[18.6377851,54.3901048],[18.6377222,54.3901373],[18.6376643,54.3901622],[18.6375883,54.3901821],[18.6372372,54.3902128],[18.6371482,54.3902116],[18.6370561,54.3901949],[18.636979,54.3901572],[18.6363544,54.389558]]]]},"properties":{"addr:city":"Gdańsk","addr:housenumber":"1","addr:postcode":"80-560","addr:street":"Pokoleń Lechii Gdańsk","barrier":"fence","charge":"~100 PLN","email":"recepcja@pitstop-gdansk.pl","fee":"yes","leisure":"sports_centre","name":"PitStop","note":"After 20:00 group reservations only via email.","opening_hours":"Sep-Oct Mo-Fr 12:00-20:00, Sa-Su 10:00-20:00; Nov-Feb “Track open depending on weather conditions”; Mar-Apr Mo-Fr 12:00-20:00, Sa-Su 10:00-20:00; May-Jun Mo-Th 12:00-20:00, Fr-Su 10:00-20:00; Jul-Aug Mo-Th 10:00-20:00, Fr-Sa 10:00-21:00, Su 10:00-20:00","payment:cards":"yes","payment:cash":"yes","phone":"+48 781 433 833","sport":"karting","website":"https://pitstop-gdansk.pl/"}},
{"type":"Feature","geometry":{"type":"MultiPolygon","coordinates":[[[[18.6472397,54.3485133],[18.6472412,54.3485093],[18.6472445,54.3485049],[18.6472481,54.348501],[18.6472523,54.3484971],[18.6472553,54.3484947],[18.6472601,54.3484923],[18.6472661,54.3484894],[18.6472733,54.3484876],[18.6472813,54.3484863],[18.6472897,54.3484861],[18.6472974,54.3484862],[18.6473041,54.3484874],[18.6473134,54.3484898],[18.6473193,54.3484926],[18.6473254,54.348496],[18.6473401,54.3485107],[18.6473314,54.3485133],[18.6474005,54.3485695],[18.6474194,54.3485848],[18.6474406,54.3485975],[18.6474665,54.3486123],[18.6474578,54.348619],[18.6473671,54.3486907],[18.6473541,54.3487009],[18.6472747,54.3486648],[18.6473269,54.3486249],[18.6472465,54.3485641],[18.6472554,54.3485588],[18.6472483,54.3485528],[18.6472667,54.3485435],[18.6472414,54.3485216],[18.64724,54.3485176],[18.6472397,54.3485133]]]]},"properties":{"addr:city":"Gdańsk","addr:country":"PL","addr:street":"Za Murami","building":"yes","building:material":"brick","height":"1","heritage":"2","historic":"fortification","man_made":"tower","name":"Baszta Narożna","ref:nid":"115 z 7.11.1967","tourism":"attraction","tower:type":"defensive","wikidata":"Q9166809","wikipedia":"pl:Baszta Narożna"}},
{"type":"Feature","geometry":{"type":"MultiPolygon","coordinates":[[[[18.6469141,54.3498275],[18.6469472,54.3498212],[18.6469632,54.3498142],[18.6469865,54.349814],[18.64704,54.3498053],[18.6470641,54.3498497],[18.6470762,54.3498725],[18.6470861,54.3498912],[18.6471175,54.3498862],[18.6471355,54.3498899],[18.6471459,54.3499067],[18.647133,54.3499161],[18.6470608,54.3499303],[18.6470371,54.3499435],[18.647005,54.3499431],[18.646987,54.3499464],[18.646954,54.3498936],[18.6469387,54.349869],[18.6469141,54.3498275]]]]},"properties":{"addr:city":"Gdańsk","addr:housenumber":"26","addr:postcode":"80-836","addr:street":"Targ Węglowy","building":"yes","building:levels":"3","building:material":"brick","heritage":"2","heritage:operator":"nid","historic":"prison","name":"Katownia","name:de":"Peinkammer","name:es":"Sala de tortura","name:pl":"Katownia","ref:ckkp":"PM00970","ref:nid":"334 z 1.09.1969","roof:material":"roof_tiles","roof:shape":"gabled","source:addr":"Urząd Miasta Gdańsk","tourism":"attraction","wikidata":"Q2067591","wikipedia":"pl:Katownia w Gdańsku"}},
{"type":"Feature","geometry":{"type":"MultiPolygon","coordinates":[[[[18.64704,54.3498053],[18.6473223,54.3497535],[18.6473463,54.3497979],[18.6470641,54.3498497],[18.64704,54.3498053]]]]},"properties":{"addr:city":"Gdańsk","addr:housenumber":"26","addr:postcode":"80-836","addr:street":"Targ Węglowy","building":"yes","building:levels":"2","building:material":"brick","heritage":"2","heritage:operator":"nid","historic":"prison","material":"brick","ref:nid":"334 z 1.09.1969","roof:material":"roof_tiles","roof:shape":"gabled","source:addr":"Urząd Miasta Gdańsk","tourism":"attraction"}},
{"type":"Feature","geometry":{"type":"MultiPolygon","coordinates":[[[[18.399169,54.3955866],[18.3992111,54.3955549],[18.3994097,54.3954057],[18.3995944,54.3952668],[18.3996236,54.3952448],[18.3998706,54.3953567],[18.4000268,54.3954274],[18.3998539,54.3955573],[18.3998189,54.3955837],[18.3995721,54.3957692],[18.3994727,54.3957242],[18.399169,54.3955866]]]]},"properties":{"building":"school","building:levels":"3","height":"12","leisure":"sports_centre","name":"Hala Sportowa","noaddress":"yes","roof:levels":"0","roof:shape":"flat","sport":"multi","wheelchair":"yes"}},
{"type":"Feature","geometry":{"type":"MultiPolygon","coordinates":[[[[18.6483074,54.3482972],[18.6484583,54.3482484],[18.6485034,54.348234],[18.6485183,54.3482493],[18.648548,54.3482811],[18.6483542,54.3483437],[18.6483314,54.3483221],[18.6483074,54.3482972]]]]},"properties":{"building":"yes","building:levels":"5","building:material":"brick","historic":"fortification","man_made":"tower","name":"Baszta Browarna","roof:material":"roof_tiles","roof:shape":"hipped","tourism":"attraction","tower:type":"defensive"}},
{"type":"Feature","geometry":{"type":"MultiPolygon","coordinates":[[[[18.64778,54.3484415],[18.6479939,54.3483769],[18.6480252,54.3484124],[18.6480387,54.3484279],[18.6478248,54.3484921],[18.6478039,54.3484693],[18.64778,54.3484415]]]]},"properties":{"building":"yes","building:levels":"5","building:material":"brick","historic":"fortification","man_made":"tower","name":"Baszta Schultza","roof:material":"roof_tiles","roof:shape":"hipped","tourism":"attraction","tower:type":"defensive"}},
{"type":"Feature","geometry":{"type":"MultiPolygon","coordinates":[[[[18.57026,54.40128],[18.570625,54.400783],[18.57059,54.400774],[18.570589,54.400775],[18.570579,54.400772],[18.570584,54.400767],[18.570509,54.400749],[18.5705574,54.4006816],[18.5707232,54.4007231],[18.5707472,54.4006912],[18.5707543,54.400693],[18.5715639,54.400893],[18.571538,54.4009286],[18.571125,54.401495],[18.571023,54.40147],[18.571024,54.401469],[18.570425,54.401318],[18.570424,54.40132],[18.570351,54.401302],[18.57026,54.40128]]]]},"properties":{"addr:city":"Gdańsk","addr:housenumber":"470","addr:postcode":"80-309","addr:street":"Aleja Grunwaldzka","building:levels":"2","building:part":"yes","leisure":"sports_centre","name":"GKS Stoczniowiec","sport":"ice_hockey;ice_skating"}},
{"type":"Feature","geometry":{"type":"MultiPolygon","coordinates":[[[[18.570521,54.400672],[18.5706083,54.4005526],[18.5707064,54.4005778],[18.570812,54.400605],[18.5707472,54.4006912],[18.5707232,54.4007231],[18.5705574,54.4006816],[18.570521,54.400672]]]]},"properties":{"building:levels":"4","building:part":"yes","leisure":"sports_centre","roof:colour":"#808080"}},
{"type":"Feature","geometry":{"type":"MultiPolygon","coordinates":[[[[18.5837882,54.324517],[18.5853754,54.3244976],[18.5853765,54.3245448],[18.5850143,54.3245492],[18.5837893,54.324564],[18.5837886,54.3245362],[18.5837882,54.324517]]]]},"properties":{"area":"yes","covered":"no","lanes":"4","leisure":"track","sport":"athletics","surface":"tartan"}},
{"type":"Feature","geometry":{"type":"MultiPolygon","coordinates":[[[[18.5853754,54.3244976],[18.5857896,54.3244905],[18.5857903,54.3245393],[18.5853765,54.3245448],[18.5853754,54.3244976]]]]},"properties":{"area":"yes","covered":"no","leisure":"track","sport":"athletics","surface":"sand"}},
{"type":"Feature","geometry":{"type":"MultiPolygon","coordinates":[[[[18.711169,54.361563],[18.711312,54.361215],[18.711768,54.36128],[18.71168,54.361493],[18.711666,54.361525],[18.711625,54.361627],[18.7113051,54.3615821],[18.711169,54.361563]]]]},"properties":{"addr:city":"Gdańsk","addr:city:simc":"0933016","addr:housenumber":"1B","addr:postcode":"80-618","addr:street":"Wrzosy","building":"yes","leisure":"sports_centre","name":"Pływalnia Stogi","source:addr":"gugik.gov.pl","sport":"swimming"}},
{"type":"Feature","geometry":{"type":"MultiPolygon","coordinates":[[[[18.4670343,54.4311046],[18.4675057,54.4308781],[18.4675317,54.4308965],[18.4675657,54.4308802],[18.4678361,54.4310715],[18.4677827,54.4310972],[18.4674133,54.4312746],[18.4673022,54.431196],[18.4672196,54.4312356],[18.4670343,54.4311046]]]]},"properties":{"building":"yes","leisure":"sports_centre","name":"Pływalnia Osowa","operator":"GOS","sport":"swimming"}},
{"type":"Feature","geometry":{"type":"MultiPolygon","coordinates":[[[[18.7237398,54.3752663],[18.7238786,54.3752147],[18.7239475,54.3752265],[18.7239983,54.3752814],[18.7239724,54.3753115],[18.7238931,54.375336],[18.7238403,54.3753318],[18.7237523,54.3752741],[18.7237398,54.3752663]]]]},"properties":{"building":"bunker","bunker_type":"command","landuse":"military","military":"bunker","name":"Schron dowodzenia baterii wydmowej 1911","name:en":"Bunker from 1911","tourism":"attraction"}},
{"type":"Feature","geometry":{"type":"MultiPolygon","coordinates":[[[[18.6120685,54.3385585],[18.6121676,54.338557],[18.6121717,54.3386485],[18.6120726,54.33865],[18.6120685,54.3385585]]]]},"properties":{"amenity":"theatre","building":"yes","name":"Amfiteatr"}},
{"type":"Feature","geometry":{"type":"MultiPolygon","coordinates":[[[[18.5925525,54.4112236],[18.5925751,54.4111817],[18.5926789,54.4112006],[18.5936786,54.411382],[18.5936554,54.4114248],[18.5926595,54.4112431],[18.5925525,54.4112236]]]]},"properties":{"lanes":"4","leisure":"track","lit":"yes","sport":"running","surface":"tartan"}},
{"type":"Feature","geometry":{"type":"MultiPolygon","coordinates":[[[[18.5864856,54.3614472],[18.5866752,54.3613751],[18.5869655,54.3616345],[18.5867759,54.3617066],[18.5864856,54.3614472]]]]},"properties":{"building":"yes","leisure":"sports_centre"}},
{"type":"Feature","geometry":{"type":"MultiPolygon","coordinates":[[[[18.6199547,54.3794465],[18.6199592,54.3790894],[18.6206017,54.3790921],[18.6205973,54.3794492],[18.6199547,54.3794465]]]]},"properties":{"leisure":"sports_centre"}},
{"type":"Feature","geometry":{"type":"MultiPolygon","coordinates":[[[[18.6483357,54.3537207],[18.6484074,54.3536131],[18.648449,54.3536188],[18.6485457,54.3536322],[18.6486322,54.3536441],[18.6486577,54.3536476],[18.6485659,54.3537801],[18.6485433,54.3537743],[18.6484595,54.3537527],[18.6483709,54.3537298],[18.6483357,54.3537207]]]]},"properties":{"alt_name":"Most Miłości","bridge:structure":"arch","description":"Zakochani wieszają tutaj kłódki symbolizujące ich miłość","layer":"1","level":"1","lit":"yes","man_made":"bridge","name":"Most Chlebowy","name:be":"Хлебны мост","old_name:de":"Brotbrücke","tourism":"attraction"}},
{"type":"Feature","geometry":{"type":"MultiPolygon","coordinates":[[[[18.6396895,54.3277774],[18.6397602,54.3277768],[18.6397789,54.3285108],[18.6397083,54.3285114],[18.6396895,54.3277774]]]]},"properties":{"area":"yes","leisure":"track"}},
{"type":"Feature","geometry":{"type":"MultiPolygon","coordinates":[[[[18.5663563,54.4444799],[18.5663591,54.4444762],[18.566402,54.4444173],[18.5664659,54.4443345],[18.5665116,54.4442712],[18.5665249,54.4442742],[18.5665783,54.444207],[18.5665801,54.4441869],[18.5666014,54.4441665],[18.566595,54.4441647],[18.5666001,54.4441595],[18.5666096,54.4441598],[18.5666177,54.4441492],[18.5666335,54.4441535],[18.5666275,54.4441622],[18.5666448,54.4441668],[18.5666521,54.4441587],[18.5667078,54.4441833],[18.5667121,54.4441883],[18.5667068,54.4441952],[18.5667457,54.4442044],[18.5667514,54.4441967],[18.5667612,54.444199],[18.5667637,54.4441961],[18.5667793,54.4441979],[18.5667762,54.4442061],[18.5668051,54.4442125],[18.5668118,54.4442028],[18.5668269,54.444207],[18.5668184,54.4442183],[18.5668424,54.4442236],[18.5668501,54.4442134],[18.5668601,54.4442161],[18.566853,54.4442255],[18.5668649,54.4442284],[18.5666446,54.4445265],[18.5664846,54.4444816],[18.5664945,54.444466],[18.5665021,54.4444582],[18.5664338,54.4444287],[18.5663732,54.4444845],[18.5663563,54.4444799]]]]},"properties":{"addr:city":"Sopot","addr:housenumber":"53","addr:postcode":"81-767","addr:street":"Bohaterów Monte Cassino","building":"yes","name":"Krzywy Domek","name:be":"Крывы Дом","tourism":"attraction","website":"https://krzywydomek.info/","wheelchair":"limited","wikidata":"Q959999","wikipedia":"pl:Krzywy Domek"}},
{"type":"Feature","geometry":{"type":"MultiPolygon","coordinates":[[[[18.5882211,54.3626866],[18.5882356,54.362658],[18.5882533,54.3626213],[18.5882785,54.3625748],[18.5883457,54.3624549],[18.5885165,54.3621491],[18.5885571,54.3620748],[18.5885884,54.3620425],[18.5886327,54.3620055],[18.5886854,54.3619801],[18.5887335,54.3619663],[18.5887853,54.3619557],[18.5888399,54.3619525],[18.5888857,54.3619531],[18.5889435,54.361959],[18.5889925,54.3619712],[18.5890359,54.3619884],[18.5890751,54.3620079],[18.5891168,54.3620376],[18.5891381,54.3620642],[18.5891563,54.3620985],[18.5891647,54.3621287],[18.5891563,54.3621646],[18.5891355,54.362206],[18.58882,54.3627486],[18.5887909,54.3628],[18.5887419,54.3627885],[18.5887237,54.3627959],[18.5886664,54.3628104],[18.5886103,54.3628179],[18.5885557,54.3628203],[18.5885154,54.3628178],[18.5884745,54.3628106],[18.5884367,54.362804],[18.5884045,54.3627959],[18.5883713,54.3627799],[18.5883457,54.3627657],[18.5883289,54.3627535],[18.5883051,54.3627347],[18.5882869,54.3627119],[18.588272,54.3626935],[18.5882211,54.3626866]],[[18.5883291,54.3626303],[18.5883301,54.3626551],[18.5883371,54.3626786],[18.5883522,54.362703],[18.588372,54.3627218],[18.5884055,54.3627423],[18.588433,54.3627555],[18.5884642,54.3627661],[18.5884974,54.3627733],[18.5885346,54.3627774],[18.5885772,54.3627774],[18.5886214,54.3627733],[18.58866,54.3627655],[18.5887036,54.3627511],[18.5887394,54.3627309],[18.5887589,54.3627157],[18.5887807,54.3626891],[18.5887998,54.3626587],[18.589069,54.3621759],[18.5890774,54.3621476],[18.58908,54.3621206],[18.5890739,54.3620986],[18.5890607,54.3620736],[18.5890451,54.3620543],[18.5890148,54.3620326],[18.5889863,54.3620184],[18.5889547,54.3620059],[18.588919,54.361997],[18.5888769,54.3619927],[18.5888436,54.3619923],[18.5888039,54.3619946],[18.5887662,54.3620024],[18.5887312,54.3620124],[18.5886928,54.3620309],[18.5886606,54.3620578],[18.5886378,54.3620813],[18.5886082,54.3621354],[18.5883579,54.3625696],[18.5883364,54.3626073],[18.5883291,54.3626303]]]]},"properties":{"leisure":"track","sport":"athletics"}},
{"type":"Feature","geometry":{"type":"MultiPolygon","coordinates":[[[[18.6232915,54.3209974],[18.6233976,54.3209342],[18.6234464,54.320976],[18.623494,54.3209661],[18.6235473,54.3209653],[18.6235344,54.3209989],[18.6234977,54.3210379],[18.6234572,54.3210584],[18.6233953,54.3210793],[18.6233461,54.3210883],[18.6233382,54.3210573],[18.6233611,54.3210249],[18.6232915,54.3209974]]]]},"properties":{"amenity":"theatre","building":"hut","name":"Amfiteatr Orana"}},
{"type":"Feature","geometry":{"type":"MultiPolygon","coordinates":[[[[18.5596399,54.4166115],[18.5596629,54.4164908],[18.5597154,54.416431],[18.5598011,54.4163333],[18.5599899,54.4162529],[18.5601367,54.4162167],[18.5602922,54.416193],[18.5604532,54.4161948],[18.5605885,54.4162078],[18.5607835,54.4162636],[18.5609293,54.4162401],[18.5615198,54.4173852],[18.561451,54.4174001],[18.5614355,54.4174395],[18.5614205,54.4174686],[18.5613975,54.4175027],[18.5613678,54.4175401],[18.5613276,54.4175783],[18.5612858,54.4176079],[18.5612192,54.4176445],[18.5611516,54.4176748],[18.5610968,54.4176971],[18.5610511,54.4177116],[18.561,54.417724],[18.560959,54.4177313],[18.5608607,54.417744],[18.5607843,54.41775],[18.5607011,54.4177493],[18.5606192,54.4177431],[18.5605958,54.4177407],[18.5605193,54.4177299],[18.5603339,54.4176771],[18.5601944,54.4177008],[18.5601033,54.4175356],[18.5596592,54.4166722],[18.5596399,54.4166115]],[[18.5598095,54.4166135],[18.5598255,54.4166634],[18.5601286,54.4172503],[18.5602413,54.4174656],[18.5602923,54.4175171],[18.5603915,54.4175796],[18.5605176,54.4176279],[18.5605927,54.417656],[18.5607214,54.4176685],[18.560818,54.4176685],[18.5609279,54.4176529],[18.5610406,54.4176279],[18.5611264,54.4175936],[18.5612149,54.4175405],[18.561282,54.4174812],[18.5613249,54.4173923],[18.5613276,54.4173018],[18.5608985,54.416491],[18.5608529,54.4164375],[18.5608032,54.4163997],[18.5607174,54.4163493],[18.560602,54.4163091],[18.5605068,54.4162908],[18.560413,54.4162842],[18.5602413,54.4162888],[18.5601125,54.4163154],[18.5599945,54.4163606],[18.559906,54.4164309],[18.5598497,54.4164917],[18.5598255,54.4165526],[18.5598095,54.4166135]]]]},"properties":{"leisure":"track"}},
{"type":"Feature","geometry":{"type":"MultiPolygon","coordinates":[[[[18.6489219,54.360533],[18.6489384,54.3605235],[18.6489759,54.3605457],[18.6489919,54.3605551],[18.6490296,54.3605773],[18.6490132,54.3605868],[18.6489755,54.3605646],[18.6489595,54.3605551],[18.6489219,54.360533]]]]},"properties":{"building":"yes","height":"37","min_height":"35.5"}},
{"type":"Feature","geometry":{"type":"MultiPolygon","coordinates":[[[[18.6489475,54.3605008],[18.6489962,54.3604881],[18.6490169,54.3604826],[18.6490661,54.3604697],[18.6490755,54.3604819],[18.6490262,54.3604948],[18.6490055,54.3605002],[18.6489569,54.3605129],[18.6489475,54.3605008]]]]},"properties":{"building":"yes","height":"37","min_height":"35.5"}},
{"type":"Feature","geometry":{"type":"MultiPolygon","coordinates":[[[[18.6490658,54.3605773],[18.6490886,54.3605477],[18.6490981,54.3605353],[18.6491211,54.3605055],[18.649142,54.360511],[18.649119,54.3605408],[18.6491095,54.3605531],[18.6490867,54.3605828],[18.6490658,54.3605773]]]]},"properties":{"building":"yes","height":"37","min_height":"35.5"}},
{"type":"Feature","geometry":{"type":"MultiPolygon","coordinates":[[[[18.5939167,54.4060341],[18.594031,54.4060339],[18.5940351,54.407159299999999],[18.5939209,54.4071594],[18.5939167,54.4060341]]]]},"properties":{"area":"yes","lanes":"5","leisure":"track","lit":"no","sport":"running","surface":"tartan"}},
{"type":"Feature","geometry":{"type":"MultiPolygon","coordinates":[[[[18.6350024,54.3202416],[18.635022,54.319967],[18.6356238,54.3199816],[18.6356324,54.3199818],[18.6356156,54.3202165],[18.6356529,54.3202174],[18.6356885,54.3202183],[18.6357617,54.32022],[18.6357588,54.3202604],[18.6350024,54.3202416]]]]},"properties":{"building":"yes","leisure":"sports_centre","name":"Pływalnia Orunia","sport":"swimming"}},
{"type":"Feature","geometry":{"type":"MultiPolygon","coordinates":[[[[18.6447115,54.3639984],[18.6447386,54.3639716],[18.6447713,54.3639369],[18.6447589,54.3639323],[18.644756,54.3638926],[18.6448746,54.3638436],[18.6449347,54.3638643],[18.6449747,54.3638476],[18.6449657,54.363805],[18.6450399,54.3637722],[18.6450771,54.3637582],[18.6453666,54.3637118],[18.6454608,54.3636983],[18.6456358,54.3636702],[18.6456114,54.3637854],[18.6460678,54.3638364],[18.646051,54.3640076],[18.6460242,54.3641135],[18.6459769,54.3641462],[18.645934,54.3641434],[18.645931,54.364155],[18.6458806,54.3642061],[18.6450154,54.3641042],[18.64496,54.3640839],[18.6448646,54.3640488],[18.6447115,54.3639984]]]]},"properties":{"addr:city":"Gdańsk","addr:housenumber":"5","addr:postcode":"80-863","addr:street":"Księdza Jerzego Popiełuszki","amenity":"community_centre","contact:facebook":"https://www.facebook.com/100cznia/","name":"100cznia","opening_hours":"Tu-Th 13:00-24:00; Fr 13:00-02:00; Sa 12:00-02:00; Su 12:00-24:00","phone":"+48 508 796 745","seasonal":"spring/summer","tourism":"attraction","website":"https://100cznia.pl/"}},
{"type":"Feature","geometry":{"type":"MultiPolygon","coordinates":[[[[18.6207476,54.339694],[18.620763,54.3396823],[18.6207846,54.3396715],[18.6208108,54.3396706],[18.6208431,54.3396733],[18.6208632,54.3396841],[18.6209263,54.3396356],[18.6212899,54.3396284],[18.621333,54.3396383],[18.6213946,54.3396643],[18.621368,54.339683],[18.6213865,54.3396927],[18.6214006,54.3397045],[18.621414,54.339722],[18.6214192,54.339746],[18.6214739,54.3397456],[18.6214966,54.3400011],[18.6214969,54.340008],[18.6213917,54.3400108],[18.6213978,54.3401322],[18.6210388,54.3401403],[18.6210357,54.3401053],[18.6208878,54.3401089],[18.6208878,54.3401221],[18.6208147,54.3401232],[18.6208062,54.3399266],[18.6207784,54.3399266],[18.6207661,54.3397604],[18.6208154,54.3397604],[18.6208108,54.3397496],[18.6207815,54.3397469],[18.6207599,54.3397344],[18.6207492,54.3397155],[18.6207476,54.339694]]]]},"properties":{"building":"yes","leisure":"sports_centre","source:geometry":"polska.e-mapa.net: Buildings","sport":"swimming"}},
{"type":"Feature","geometry":{"type":"MultiPolygon","coordinates":[[[[18.6212758,54.339235],[18.621643,54.3392274],[18.621738,54.3392254],[18.6217387,54.3392366],[18.6212769,54.3392462],[18.6212758,54.339235]]]]},"properties":{"area":"yes","athletics":"long_jump","lanes":"1","leisure":"track","sport":"athletics"}},
{"type":"Feature","geometry":{"type":"MultiPolygon","coordinates":[[[[18.673312,54.346997],[18.673365,54.346989],[18.6733299,54.3469078],[18.673314,54.346871],[18.673401,54.346858],[18.673547,54.346838],[18.673677,54.347158],[18.673534,54.347179],[18.673391,54.347199],[18.673312,54.346997]]]]},"properties":{"access":"customers","addr:city":"Gdańsk","addr:housenumber":"1","addr:postcode":"80-729","addr:street":"Zawodników","branch":"Gdańsk","description":"Strzelnica sportowo-rekreacyjna. Posiada dwie osie strzeleckie, 15 i 25 m. Należy do klubu sportowego, ale obsługuje również osoby spoza klubu.","email":"klubstrzelajacychinaczej@gmail.com","fee":"yes","indoor":"yes","leisure":"sports_centre","lit":"yes","name":"Strzelnica Klubu Strzelających Inaczej","note":"Pierwotnym przeznaczeniem budynku jest właśnie strzelnica cywilna.","opening_hours":"Mo-Th 17:00-22:00; Fr-Su 10:00-22:00","operator":"Klub Strzelających Inaczej","operator:type":"private_non_profit","payment:cash":"yes","payment:credit_cards":"yes","payment:debit_cards":"yes","phone":"+48 576 995 350","shooting":"indoor_range","sport":"shooting","website":"https://www.strzelamyinaczej.pl/strzelnica-gdansk/"}},
{"type":"Feature","geometry":{"type":"MultiPolygon","coordinates":[[[[18.526785,54.2947493],[18.5267928,54.2947491],[18.5267885,54.2946962],[18.5268473,54.2946945],[18.5268477,54.2946994],[18.5268668,54.2946989],[18.5268664,54.2946942],[18.5269435,54.2946921],[18.5269478,54.2947448],[18.5269409,54.294745],[18.5269425,54.2947639],[18.526949,54.2947637],[18.5269517,54.2947973],[18.526874,54.2947995],[18.5268727,54.2947834],[18.5268541,54.2947839],[18.5268545,54.2947892],[18.5267959,54.2947908],[18.5267944,54.2947726],[18.5267869,54.2947728],[18.526785,54.2947493]]]]},"properties":{"addr:city":"Bąkowo","addr:city:simc":"0164010","addr:housenumber":"6","addr:postcode":"83-050","addr:street":"Otomińska","addr:street:sym_ul":"15451","amenity":"community_centre","building":"yes","name":"Świetlica w Bąkowie","source:addr":"kolbudy.e-mapa.net"}},
{"type":"Feature","geometry":{"type":"MultiPolygon","coordinates":[[[[18.5686815,54.4212262],[18.5687678,54.4209417],[18.5690027,54.4209661],[18.568919,54.421252],[18.5686815,54.4212262]]]]},"properties":{"building":"yes","building:levels":"1","check_date":"2025-03-12","leisure":"sports_centre","operator":"Body Club","roof:shape":"round","sport":"tennis"}},
{"type":"Feature","geometry":{"type":"MultiPolygon","coordinates":[[[[18.5667893,54.4299091],[18.5667912,54.4298409],[18.5668138,54.429752],[18.5672898,54.428305],[18.5677561,54.4268187],[18.5677923,54.4267184],[18.5678415,54.4266296],[18.5679554,54.4264602],[18.5681193,54.4262795],[18.5683428,54.4260837],[18.5686001,54.4258784],[18.5689081,54.4256925],[18.5691976,54.4255734],[18.5695389,54.4254534],[18.5699925,54.4253552],[18.5703874,54.4253197],[18.5706491,54.4253121],[18.5709839,54.425308],[18.5715042,54.4253087],[18.5722673,54.4253208],[18.5724045,54.4253262],[18.5725669,54.4253419],[18.5727262,54.4253643],[18.5729032,54.4253914],[18.5730663,54.4254304],[18.5732147,54.4254695],[18.5734926,54.4255689],[18.5737266,54.4256723],[18.5739804,54.4257988],[18.5742098,54.4259422],[18.5743543,54.4260755],[18.5744286,54.4261728],[18.5744915,54.4262704],[18.5745282,54.4263508],[18.5745502,54.4264363],[18.5745632,54.4265062],[18.5745581,54.4266666],[18.5745206,54.4269022],[18.5744418,54.4271628],[18.574392,54.4272735],[18.5743306,54.4273665],[18.5732116,54.4287754],[18.5724457,54.4297805],[18.5722513,54.430014],[18.5721727,54.4301113],[18.5720605,54.4301923],[18.5717581,54.4303249],[18.5714113,54.4304037],[18.5710837,54.4304585],[18.5698175,54.4305711],[18.5685704,54.4306769],[18.568277,54.4306954],[18.5681227,54.4306981],[18.5679805,54.430696],[18.5677894,54.4306684],[18.5676842,54.4306451],[18.5675741,54.4306106],[18.5674886,54.4305752],[18.567413,54.4305339],[18.5670868,54.4302935],[18.5669978,54.4302151],[18.5669068,54.4301262],[18.5668582,54.4300697],[18.5668257,54.4300272],[18.5668043,54.4299752],[18.5667893,54.4299091]]]]},"properties":{"source":"http://hipodrom.sopot.pl"}},
{"type":"Feature","geometry":{"type":"MultiPolygon","coordinates":[[[[18.566477,54.4298164],[18.5674822,54.4266347],[18.5676069,54.4264384],[18.5677328,54.4262821],[18.5679139,54.4261107],[18.5680884,54.4259393],[18.5682434,54.4258195],[18.5685379,54.4256181],[18.5688471,54.4254822],[18.5690116,54.4254138],[18.5691898,54.425353],[18.5694299,54.42527],[18.5697116,54.4252166],[18.5702468,54.4251217],[18.5707523,54.4251087],[18.5708241,54.4251055],[18.5713794,54.4251122],[18.5721569,54.4251237],[18.5724591,54.4251386],[18.5727535,54.4251609],[18.5730676,54.4252185],[18.5734629,54.425328],[18.5738519,54.4254698],[18.5741613,54.4256061],[18.5744711,54.4258128],[18.5746267,54.425944],[18.5747529,54.4260951],[18.574872,54.4263456],[18.5749036,54.4264999],[18.5749018,54.4266459],[18.5748349,54.426927],[18.5747884,54.4271345],[18.5746927,54.4273194],[18.5745104,54.4275691],[18.5742105,54.4279827],[18.5726171,54.4301802],[18.5723739,54.4303795],[18.5722199,54.4304791],[18.5720676,54.4305417],[18.5714379,54.4306484],[18.5710292,54.4307148],[18.5682252,54.4309239],[18.5680192,54.4309063],[18.5678215,54.4308781],[18.5676055,54.4308243],[18.5673564,54.4307583],[18.5670287,54.4305783],[18.5668844,54.4304739],[18.5667395,54.4303674],[18.5665569,54.4301626],[18.5664827,54.4300003],[18.566477,54.4298164]],[[18.56675,54.4298998],[18.5667738,54.4299883],[18.5668356,54.430094],[18.5669758,54.4302323],[18.5670994,54.4303422],[18.5672408,54.4304521],[18.567412,54.4305634],[18.5675724,54.4306388],[18.5677305,54.4306809],[18.5679539,54.4307155],[18.5681987,54.4307224],[18.568554,54.4307093],[18.5694738,54.4306339],[18.5706943,54.4305365],[18.5711055,54.4304971],[18.5713075,54.4304801],[18.5716311,54.4304193],[18.5718031,54.4303747],[18.5720218,54.4302938],[18.5721881,54.4301908],[18.5723474,54.4300215],[18.572515,54.4298058],[18.5727514,54.4294912],[18.5743843,54.427391],[18.5744509,54.4272859],[18.5745031,54.4271656],[18.5745733,54.4269071],[18.5746054,54.4266658],[18.5746065,54.4264425],[18.5745406,54.4262693],[18.5744705,54.4261656],[18.574392,54.4260668],[18.5742393,54.4259219],[18.5740052,54.4257774],[18.5737521,54.4256405],[18.5735085,54.4255396],[18.5732161,54.4254352],[18.5728798,54.4253598],[18.572572,54.4253149],[18.5722595,54.4252949],[18.5714882,54.4252886],[18.5709986,54.4252893],[18.5708631,54.4252893],[18.5703889,54.425308],[18.569992,54.4253426],[18.5695249,54.4254428],[18.5691815,54.4255596],[18.5688927,54.4256855],[18.5685825,54.4258694],[18.5683259,54.426063],[18.5680882,54.426269],[18.5679313,54.4264494],[18.5677994,54.4266223],[18.56774,54.4267439],[18.566756,54.4297913],[18.56675,54.4298998]]]]},"properties":{"horse":"yes","leisure":"track","maxwidth":"18","name":"bieżnia zewnętrzna","sport":"horse_racing","surface":"grass"}},
{"type":"Feature","geometry":{"type":"MultiPolygon","coordinates":[[[[18.56675,54.4298998],[18.566756,54.4297913],[18.56774,54.4267439],[18.5677994,54.4266223],[18.5679313,54.4264494],[18.5680882,54.426269],[18.5683259,54.426063],[18.5685825,54.4258694],[18.5688927,54.4256855],[18.5691815,54.4255596],[18.5695249,54.4254428],[18.569992,54.4253426],[18.5703889,54.425308],[18.5708631,54.4252893],[18.5709986,54.4252893],[18.5714882,54.4252886],[18.5722595,54.4252949],[18.572572,54.4253149],[18.5728798,54.4253598],[18.5732161,54.4254352],[18.5735085,54.4255396],[18.5737521,54.4256405],[18.5740052,54.4257774],[18.5742393,54.4259219],[18.574392,54.4260668],[18.5744705,54.4261656],[18.5745406,54.4262693],[18.5746065,54.4264425],[18.5746054,54.4266658],[18.5745733,54.4269071],[18.5745031,54.4271656],[18.5744509,54.4272859],[18.5743843,54.427391],[18.5727514,54.4294912],[18.572515,54.4298058],[18.5723474,54.4300215],[18.5721881,54.4301908],[18.5720218,54.4302938],[18.5718031,54.4303747],[18.5716311,54.4304193],[18.5713075,54.4304801],[18.5711055,54.4304971],[18.5706943,54.4305365],[18.5694738,54.4306339],[18.568554,54.4307093],[18.5681987,54.4307224],[18.5679539,54.4307155],[18.5677305,54.4306809],[18.5675724,54.4306388],[18.567412,54.4305634],[18.5672408,54.4304521],[18.5670994,54.4303422],[18.5669758,54.4302323],[18.5668356,54.430094],[18.5667738,54.4299883],[18.56675,54.4298998]]]]},"properties":{"natural":"grassland"}},
{"type":"Feature","geometry":{"type":"MultiPolygon","coordinates":[[[[18.6601935,54.3450998],[18.660229,54.3450953],[18.6602738,54.3452169],[18.6602383,54.3452213],[18.6601935,54.3450998]]]]},"properties":{"autor":"Daniel Milohnic, Lex Rijkers","building":"container","name":"LKW Gallery","start_date":"2008","tourism":"gallery"}},
{"type":"Feature","geometry":{"type":"MultiPolygon","coordinates":[[[[18.6217987,54.3684334],[18.6218346,54.3683937],[18.6231535,54.3687982],[18.6231176,54.3688379],[18.6217987,54.3684334]]]]},"properties":{"area":"yes","athletics":"sprint","lanes":"4","leisure":"track","sport":"athletics","surface":"tartan"}},
{"type":"Feature","geometry":{"type":"MultiPolygon","coordinates":[[[[18.6219486,54.3685237],[18.6219583,54.3685132],[18.6226584,54.3687332],[18.6226488,54.3687437],[18.6219486,54.3685237]]]]},"properties":{"area":"yes","athletics":"long_jump","lanes":"1","leisure":"track","sport":"athletics","surface":"tartan"}},
{"type":"Feature","geometry":{"type":"MultiPolygon","coordinates":[[[[18.62588,54.3675564],[18.6259152,54.3675499],[18.6262248,54.3681206],[18.6261896,54.368127],[18.62588,54.3675564]]]]},"properties":{"area":"yes","athletics":"sprint","lanes":"2","leisure":"track","sport":"athletics"}},
{"type":"Feature","geometry":{"type":"MultiPolygon","coordinates":[[[[18.6260532,54.3679794],[18.626067,54.3679769],[18.626135,54.3681027],[18.6261212,54.3681052],[18.6260532,54.3679794]]]]},"properties":{"area":"yes","athletics":"long_jump","leisure":"track","sport":"athletics"}},
{"type":"Feature","geometry":{"type":"MultiPolygon","coordinates":[[[[18.6364349,54.3549903],[18.6365038,54.3548042],[18.6365798,54.3547485],[18.6367128,54.3548111],[18.6378701,54.3544171],[18.6379329,54.3543929],[18.6379771,54.3543697],[18.6380079,54.3543428],[18.6382418,54.3543272],[18.6382906,54.3544314],[18.6386737,54.3549203],[18.6387207,54.3549803],[18.6393098,54.3548135],[18.6394422,54.3547079],[18.6396733,54.354642],[18.639669,54.3546368],[18.6402141,54.3545529],[18.6403134,54.3544816],[18.6404553,54.3546712],[18.6404654,54.3547052],[18.6405028,54.3548263],[18.6405394,54.3548795],[18.6405759,54.3548957],[18.6406187,54.3549341],[18.6406797,54.3550135],[18.640836,54.3552093],[18.6410297,54.3551629],[18.6413276,54.3555397],[18.6414405,54.355567],[18.6417552,54.3557379],[18.642081,54.3559642],[18.6421729,54.3562046],[18.6422707,54.3565277],[18.6414415,54.3565955],[18.6410715,54.356633],[18.6404386,54.3567681],[18.6405718,54.3568207],[18.6409508,54.3569605],[18.6410462,54.3570141],[18.6410818,54.3570414],[18.6411201,54.3570842],[18.6411603,54.3571546],[18.6411663,54.3572236],[18.6411643,54.3573606],[18.6411749,54.3574092],[18.6412159,54.3575251],[18.6412025,54.3577921],[18.6411996,54.3578537],[18.6411845,54.3578956],[18.6411453,54.3579388],[18.6410494,54.3580053],[18.6408573,54.3581004],[18.6403744,54.3584396],[18.6403456,54.3584255],[18.6402628,54.3584821],[18.6395004,54.3579378],[18.6389502,54.3575044],[18.6385209,54.3572546],[18.6383192,54.3573226],[18.6382242,54.3572767],[18.6379547,54.3572756],[18.6378699,54.3572313],[18.6378709,54.3569004],[18.6377683,54.3565088],[18.6377529,54.3563462],[18.637503,54.3559359],[18.6370304,54.3551385],[18.6364539,54.3550099],[18.6364349,54.3549903]]]]},"properties":{"area":"yes","historic":"fort","name":"Fort Góry Gradowej","tourism":"attraction"}},
{"type":"Feature","geometry":{"type":"MultiPolygon","coordinates":[[[[18.6393301,54.3618224],[18.6397886,54.3615258],[18.6400992,54.3613249],[18.6402784,54.361419],[18.6406723,54.3616257],[18.6399032,54.3621232],[18.6393301,54.3618224]]]]},"properties":{"email":"lodowisko@scenamuzyczna.pl","leisure":"ice_rink","name":"Gdańskie Lodowisko","operator":"Scena Muzyczna Gdańskiego Archipelagu Kultury","phone":"+48 58 341 69 64","seasonal":"winter","sport":"ice_skating","website":"https://gak.gda.pl/placowki/gdanskie-lodowisko/"}},
{"type":"Feature","geometry":{"type":"MultiPolygon","coordinates":[[[[18.6588698,54.3515837],[18.6590343,54.3515707],[18.6590442,54.3516131],[18.6588797,54.3516261],[18.6588698,54.3515837]]]]},"properties":{"engine":"ship_engine","machine":"engine","man_made":"machine","name":"Silnik główny ze statku m.s. \"Romuald Traugutt\"","opening_hours":"24/7","tourism":"attraction","wheelchair":"yes"}},
{"type":"Feature","geometry":{"type":"MultiPolygon","coordinates":[[[[18.5602247,54.4187087],[18.5602497,54.4187042],[18.5602502,54.4187051],[18.5607338,54.4186174],[18.5607333,54.4186165],[18.5607588,54.4186121],[18.5607952,54.4186807],[18.5608078,54.4187042],[18.5608192,54.418726],[18.560816,54.4187266],[18.5610818,54.4192251],[18.5605534,54.419321],[18.5602692,54.4187871],[18.5602359,54.4187246],[18.5602335,54.4187251],[18.5602247,54.4187087]]]]},"properties":{"addr:city":"Gdańsk","addr:country":"PL","addr:housenumber":"1","addr:postcode":"80-336","addr:street":"Kazimierza Górskiego","alt_name":"Centrum Innowacyjno-Wdrożeniowe AWFiS","amenity":"university","building":"university","building:levels":"3","leisure":"sports_centre","name":"Hala Gimnastyczna im. Leszka Blanika","source":"www.geoportal.gov.pl","sport":"gymnastics"}},
{"type":"Feature","geometry":{"type":"MultiPolygon","coordinates":[[[[18.5857152,54.4327775],[18.585908,54.4326483],[18.5860817,54.4327356],[18.5860795,54.4327371],[18.5861082,54.4327515],[18.5861101,54.43275],[18.5861584,54.4327742],[18.5860927,54.4328184],[18.5860872,54.4328159],[18.5860547,54.4328143],[18.5860193,54.432818],[18.5859728,54.4328341],[18.5859515,54.4328485],[18.5859231,54.4328457],[18.5858983,54.4328468],[18.5858645,54.4328204],[18.5858155,54.4328043],[18.5857703,54.4328004],[18.5857663,54.4328031],[18.5857152,54.4327775]]]]},"properties":{"addr:city":"Sopot","addr:housenumber":"67C","addr:postcode":"81-731","addr:street":"Bitwy pod Płowcami","building":"sports_centre","building:levels":"2","leisure":"sports_centre","name":"Miejski Ośrodek Sportu i Rekreacji w Sopocie","source":"www.geoportal.gov.pl"}},
{"type":"Feature","geometry":{"type":"MultiPolygon","coordinates":[[[[18.6587305,54.3614483],[18.6587744,54.3614323],[18.6590268,54.361389],[18.6590325,54.3614087],[18.6591249,54.361395],[18.659157,54.3613903],[18.659193900000003,54.3614678],[18.6592092,54.3615],[18.659217,54.3615252],[18.6592298,54.3615668],[18.6591005,54.3615649],[18.6588118,54.3615845],[18.6587984,54.361565],[18.6587305,54.3614483]]]]},"properties":{"addr:city":"Gdańsk","addr:housenumber":"1","addr:postcode":"80-863","addr:street":"Dokowa","amenity":"community_centre","name":"Przystań Cesarska Chill Stage"}},
{"type":"Feature","geometry":{"type":"MultiPolygon","coordinates":[[[[18.6261614,54.3887662],[18.626224,54.3887644],[18.6262799,54.3893487],[18.6262179,54.3893509],[18.6261614,54.3887662]]]]},"properties":{"area":"yes","athletics":"sprint","lanes":"4","leisure":"track","sport":"athletics","surface":"tartan"}},
{"type":"Feature","geometry":{"type":"MultiPolygon","coordinates":[[[[18.6267778,54.3888372],[18.6267971,54.3888367],[18.6268192,54.3891035],[18.6267998,54.389104],[18.6267778,54.3888372]]]]},"properties":{"area":"yes","athletics":"long_jump","lanes":"1","leisure":"track","sport":"athletics"}},
{"type":"Feature","geometry":{"type":"MultiPolygon","coordinates":[[[[18.6250181,54.3862264],[18.6250336,54.3862222],[18.6252087,54.3864403],[18.6251932,54.3864445],[18.6250181,54.3862264]]]]},"properties":{"area":"yes","athletics":"long_jump","leisure":"track","sport":"athletics"}},
{"type":"Feature","geometry":{"type":"MultiPolygon","coordinates":[[[[18.6578903,54.3531578],[18.6578908,54.3531427],[18.6578996,54.3531284],[18.6579157,54.3531165],[18.6579375,54.3531083],[18.6579627,54.3531045],[18.6579886,54.3531056],[18.6580105,54.3531107],[18.6580292,54.3531195],[18.6580426,54.3531311],[18.6580495,54.3531444],[18.6580494,54.3531584],[18.6580422,54.3531717],[18.6580286,54.3531832],[18.6580099,54.3531919],[18.6579855,54.3531972],[18.6579595,54.3531977],[18.6579346,54.3531933],[18.6579134,54.3531845],[18.6578981,54.3531723],[18.6578903,54.3531578]]]]},"properties":{"attraction":"carousel","building":"yes","fee":"15 PLN","name":"Karuzela Gdańska","tourism":"attraction"}},
{"type":"Feature","geometry":{"type":"MultiPolygon","coordinates":[[[[18.5707306,54.3071836],[18.5708456,54.3070655],[18.5709876,54.3069197],[18.5715904,54.3071196],[18.5714021,54.3073129],[18.5713598,54.3072989],[18.5712902,54.3073704],[18.5708921,54.3072385],[18.5708669,54.3072645],[18.5708374,54.3072547],[18.5708027,54.3072432],[18.570829,54.3072162],[18.5707306,54.3071836]]]]},"properties":{"building":"yes","leisure":"sports_centre"}},
{"type":"Feature","geometry":{"type":"MultiPolygon","coordinates":[[[[18.6472122,54.3480023],[18.6473131,54.3479732],[18.647235,54.3478885],[18.6480644,54.3476488],[18.6489026,54.3475269],[18.649073,54.3477336],[18.6489312,54.3477743],[18.6483548,54.3479397],[18.6482538,54.3479687],[18.6481458,54.3479997],[18.64757,54.3481649],[18.6474947,54.3481865],[18.6474193,54.3480989],[18.6473189,54.3481279],[18.6472122,54.3480023]],[[18.647288,54.3478965],[18.6473403,54.3479587],[18.6473504,54.3479558],[18.6473549,54.3479611],[18.6474247,54.347941],[18.6474115,54.3479254],[18.6474406,54.3479169],[18.6474086,54.3478793],[18.6474822,54.3478581],[18.6474702,54.3478444],[18.647288,54.3478965]],[[18.6474558,54.3480961],[18.6475093,54.3481579],[18.6475538,54.3481452],[18.6476905,54.3481064],[18.6476753,54.3480893],[18.6476115,54.3481077],[18.6475812,54.348072],[18.6475458,54.3480822],[18.6475323,54.3480663],[18.6474971,54.3480765],[18.6474591,54.3480875],[18.6474648,54.3480938],[18.6474558,54.3480961]],[[18.6474974,54.347837],[18.647512,54.3478495],[18.6478651,54.3477487],[18.6478536,54.347735],[18.6474974,54.347837]],[[18.6477056,54.3480808],[18.6477202,54.3480982],[18.6480759,54.3479937],[18.6480609,54.3479786],[18.6477056,54.3480808]],[[18.6479814,54.3476997],[18.6479933,54.3477134],[18.6481762,54.3476619],[18.6482251,54.3477156],[18.6486765,54.3475879],[18.6487732,54.3477068],[18.648325,54.3478357],[18.6483718,54.3478906],[18.6481883,54.3479433],[18.6482026,54.3479589],[18.6490239,54.3477238],[18.6488806,54.3475521],[18.6480758,54.3476699],[18.6479814,54.3476997]]]]},"properties":{"addr:city":"Gdańsk","addr:housenumber":"1","addr:postcode":"80-818","addr:street":"Wojciecha Bogusławskiego","amenity":"theatre","building":"yes","building:colour":"#800000","building:levels":"2","building:material":"brick","name":"Gdański Teatr Szekspirowski","roof:colour":"#800000","roof:shape":"flat","wikidata":"Q5529385","wikipedia":"pl:Gdański Teatr Szekspirowski"}},
{"type":"Feature","geometry":{"type":"MultiPolygon","coordinates":[[[[18.6311538,54.3693732],[18.6312551,54.3693133],[18.6316643,54.3690711],[18.6317139,54.3690418],[18.6319887,54.3692004],[18.6315152,54.3694794],[18.6314352,54.3695264],[18.6314274,54.369531],[18.6311538,54.3693732]]]]},"properties":{"addr:city":"Gdańsk","addr:housenumber":"12","addr:postcode":"80-219","addr:street":"Aleja Zwycięstwa","building":"yes","building:levels":"2","leisure":"sports_centre","name":"Hala Sportowa","ref":"70","source":"www.geoportal.gov.pl","sport":"volleyball;basketball;handball;soccer"}},
{"type":"Feature","geometry":{"type":"MultiPolygon","coordinates":[[[[18.6309126,54.3702405],[18.6311277,54.370037],[18.6311782,54.3700537],[18.631228,54.3700701],[18.6311766,54.3701188],[18.6310792,54.3702111],[18.631054,54.3702348],[18.631041,54.3702471],[18.6310177,54.370269],[18.6310107,54.3702759],[18.6309126,54.3702405]]]]},"properties":{"building:levels":"2","building:part":"yes","leisure":"sports_centre","sport":"multi"}},
{"type":"Feature","geometry":{"type":"MultiPolygon","coordinates":[[[[18.6311277,54.370037],[18.6311505,54.3700154],[18.6312921,54.3698814],[18.6313012,54.3698728],[18.6313126,54.369862],[18.6313635,54.3698803],[18.6314108,54.3698972],[18.6313893,54.3699176],[18.631228,54.3700701],[18.6311782,54.3700537],[18.6311277,54.370037]]]]},"properties":{"building:levels":"2","building:min_level":"1","building:part":"yes","leisure":"sports_centre","sport":"multi"}},
{"type":"Feature","geometry":{"type":"MultiPolygon","coordinates":[[[[18.7173993,54.2937264],[18.7174127,54.2936813],[18.7175312,54.2936932],[18.7175059,54.2937789],[18.7174027,54.2937686],[18.7174147,54.293728],[18.7173993,54.2937264]]]]},"properties":{"addr:housenumber":"5C","addr:place":"Mokry Dwór","addr:postcode":"83-021","amenity":"community_centre","building":"yes","name":"Świetlica wiejska","source":"Geoportal 2: PRNG (geo names); National Integration of Land Registers: Buildings","source:addr":"pruszczgdanski.e-mapa.net"}},
{"type":"Feature","geometry":{"type":"MultiPolygon","coordinates":[[[[18.5806816,54.3776975],[18.580693,54.3776537],[18.5817263,54.377745],[18.581715,54.3777887],[18.5810076,54.3777261],[18.5806816,54.3776975]]]]},"properties":{"area":"yes","lanes":"4","leisure":"track","sport":"running","surface":"tartan"}},
{"type":"Feature","geometry":{"type":"MultiPolygon","coordinates":[[[[18.6593443,54.3618392],[18.6595534,54.3617862],[18.6599833,54.3619561],[18.6601085,54.3620091],[18.659818,54.362228],[18.6596795,54.3623329],[18.6595214,54.3624527],[18.6593443,54.3618392]]]]},"properties":{"amenity":"community_centre","facebook":"https://www.facebook.com/dokcesarski/","name":"Dok Cesarski"}},
{"type":"Feature","geometry":{"type":"MultiPolygon","coordinates":[[[[18.6009669,54.4023804],[18.6009817,54.4023379],[18.6021948,54.4024805],[18.6021769,54.4025229],[18.6009669,54.4023804]]]]},"properties":{"area":"yes","lanes":"4","leisure":"track","sport":"running"}},
{"type":"Feature","geometry":{"type":"MultiPolygon","coordinates":[[[[18.6479658,54.3650825],[18.648018,54.3645899],[18.6480672,54.364593],[18.6481639,54.3638513],[18.6481677,54.3638221],[18.6484639,54.3638366],[18.6484607,54.3638617],[18.6484416,54.3640125],[18.6484283,54.3641134],[18.6483979,54.3644178],[18.6483876,54.3644177],[18.6483243,54.3649564],[18.648332,54.3649569],[18.6483158,54.3651057],[18.6483028,54.365225],[18.6481769,54.36522],[18.6479658,54.3650825]]]]},"properties":{"addr:city":"Gdańsk","addr:street":"Elektryków","amenity":"community_centre","name":"Ulica Elektryków","name:etymology:wikidata":"Q165029"}},
{"type":"Feature","geometry":{"type":"MultiPolygon","coordinates":[[[[18.4550976,54.4168898],[18.4556807,54.4168605],[18.4558564,54.4168521],[18.4559016,54.4172023],[18.4557753,54.4172242],[18.4551526,54.4173325],[18.4550976,54.4168898]]]]},"properties":{"addr:city":"Gdańsk","addr:housenumber":"25","addr:postcode":"80-299","addr:street":"Penelopy","leisure":"sports_centre","name":"Squash Center Osowa","sport":"tennis;sqash"}},
{"type":"Feature","geometry":{"type":"MultiPolygon","coordinates":[[[[18.6094823,54.3948654],[18.6094854,54.3948138],[18.6095129,54.3947542],[18.6095453,54.3947158],[18.6095887,54.394678999999999],[18.6096286,54.3946527],[18.6096748,54.3946324],[18.6097385,54.3946089],[18.6098019,54.3945927],[18.6098766,54.3945818],[18.6099549,54.3945784],[18.6100205,54.394580499999999],[18.6100804,54.394588],[18.6101358,54.3945986],[18.6101938,54.3946167],[18.610235,54.3946321],[18.6103066,54.3946691],[18.6102359,54.394495],[18.6103085,54.3944841],[18.6107375,54.395516],[18.6106609,54.3955276],[18.6106458,54.3954888],[18.6106233,54.3955269],[18.6105834,54.3955704],[18.6105319,54.3956078],[18.6104905,54.3956302],[18.6104391,54.3956524],[18.610376,54.3956716],[18.6103072,54.3956849],[18.6102508,54.3956925],[18.6101795,54.3956943],[18.6101222,54.3956918],[18.6100654,54.3956849],[18.6099753,54.3956655],[18.6099014,54.3956379],[18.6098537,54.3956149],[18.6098164,54.3955881],[18.6097714,54.3955502],[18.6097401,54.3955045],[18.6094938,54.3949172],[18.6094823,54.3948654]],[[18.6095395,54.3948611],[18.609547,54.3949047],[18.6095935,54.3950141],[18.6097885,54.3954878],[18.6098241,54.3955372],[18.6098589,54.3955677],[18.6099043,54.3955973],[18.60995,54.395619],[18.6100079,54.3956371],[18.6100658,54.3956508],[18.6101344,54.3956596],[18.6101933,54.3956617],[18.6102598,54.3956575],[18.6103348,54.3956456],[18.6103988,54.3956281],[18.6104553,54.3956053],[18.610498,54.3955801],[18.6105411,54.3955485],[18.6105782,54.3955057],[18.6105992,54.3954585],[18.6106067,54.3954105],[18.6104249,54.3949791],[18.6103477,54.3947702],[18.6102954,54.3947135],[18.6102498,54.3946825],[18.6101963,54.3946562],[18.6101362,54.3946353],[18.610073,54.3946206],[18.6100125,54.3946135],[18.6099371,54.3946116],[18.6098714,54.394616],[18.6098043,54.3946284],[18.6097404,54.3946464],[18.6096927,54.3946656],[18.6096423,54.394695],[18.6096145,54.3947156],[18.6095881,54.3947409],[18.6095591,54.3947801],[18.6095429,54.3948182],[18.6095395,54.3948611]]]]},"properties":{"leisure":"track","sport":"running","surface":"tartan"}},
{"type":"Feature","geometry":{"type":"MultiPolygon","coordinates":[[[[18.5973793,54.4149155],[18.5975246,54.4146214],[18.5976374,54.4145822],[18.597648,54.4145617],[18.5976598,54.4145409],[18.5975972,54.4144742],[18.5977476,54.4141697],[18.5979964,54.4141562],[18.5991529,54.4143587],[18.5997716,54.4144669],[18.6000835,54.4145215],[18.6001043,54.4146912],[18.5995907,54.4150856],[18.5994564,54.4151943],[18.5993816,54.4152481],[18.5992205,54.4152231],[18.5992069,54.4152304],[18.5976298,54.4149938],[18.5976356,54.4149532],[18.5973793,54.4149155]]]]},"properties":{"addr:city":"Gdańsk","addr:country":"PL","addr:housenumber":"13","addr:postcode":"80-373","addr:street":"Prezydenta Lecha Kaczyńskiego","barrier":"fence","email":"biuro@sportpark.com.pl","leisure":"sports_centre","name":"Sport Park Przymorze","phone":"509 024 105","sport":"tennis;soccer;badminton","website":"https://www.sportpark.com.pl/"}},
{"type":"Feature","geometry":{"type":"MultiPolygon","coordinates":[[[[18.597177,54.4112265],[18.5974401,54.410662],[18.5974845,54.410669],[18.5972213,54.4112335],[18.597177,54.4112265]]]]},"properties":{"lanes":"4","leisure":"track","sport":"running"}},
{"type":"Feature","geometry":{"type":"MultiPolygon","coordinates":[[[[18.5675932,54.4027545],[18.5676204,54.4026822],[18.5681536,54.4019325],[18.5682053,54.4018646],[18.5682944,54.4017995],[18.5684059,54.401758],[18.5685476,54.4017281],[18.5686924,54.4017169],[18.5688315,54.4017201],[18.5689577,54.401742],[18.5690653,54.4017751],[18.5691671,54.4018294],[18.5692498,54.4018844],[18.5693002,54.4019508],[18.5693286,54.4020307],[18.5693359,54.4020933],[18.569328,54.4021562],[18.5692857,54.4022166],[18.5687385,54.4029457],[18.56865,54.4030121],[18.5685454,54.4030691],[18.5684301,54.4031073],[18.5683067,54.4031308],[18.5681981,54.4031354],[18.5680801,54.4031284],[18.5679782,54.4031159],[18.5679068,54.4031008],[18.5678266,54.403071],[18.5677551,54.403034],[18.5676955,54.402989],[18.56763,54.4029235],[18.5676073,54.4028734],[18.5675932,54.4028208],[18.5675932,54.4027545]]]]},"properties":{"access":"no","leisure":"track","surface":"unpaved"}},
{"type":"Feature","geometry":{"type":"MultiPolygon","coordinates":[[[[18.5813287,54.3900579],[18.5813333,54.3900266],[18.5813551,54.3899978],[18.5813917,54.3899747],[18.5814393,54.3899598],[18.5814925,54.3899547],[18.5815458,54.3899599],[18.5815932,54.389975],[18.5816297,54.3899981],[18.5816512,54.3900269],[18.5816556,54.3900583],[18.5816422,54.3900887],[18.5816126,54.390115],[18.5815699,54.3901342],[18.5815189,54.3901444],[18.5814649,54.3901443],[18.5814138,54.3901341],[18.5813713,54.3901147],[18.5813419,54.3900884],[18.5813287,54.3900579]]]]},"properties":{"attraction":"maze","description":"Labirynt","tourism":"attraction"}},
{"type":"Feature","geometry":{"type":"MultiPolygon","coordinates":[[[[18.5711007,54.4357284],[18.5711627,54.4356399],[18.5712623,54.4354967],[18.5713017,54.4355066],[18.5711405,54.4357372],[18.5711007,54.4357284]]]]},"properties":{"area":"yes","leisure":"track","sport":"running"}},
{"type":"Feature","geometry":{"type":"MultiPolygon","coordinates":[[[[18.6488473,54.3640275],[18.6488532,54.363968],[18.6488684,54.363814],[18.6490154,54.3637872],[18.6492542,54.3637443],[18.6491811,54.3639011],[18.6496733,54.3642073],[18.6495909,54.3642757],[18.6496267,54.3643018],[18.6496476,54.3643123],[18.6495011,54.3644473],[18.6494759,54.3644382],[18.6494247,54.3644857],[18.6494047,54.364505],[18.6492547,54.3644544],[18.6491566,54.3644492],[18.6488569,54.3644349],[18.6488855,54.3641964],[18.6489149,54.3641978],[18.6489202,54.3641474],[18.6488914,54.3641454],[18.6488938,54.3641261],[18.6489058,54.3640309],[18.6488473,54.3640275]]]]},"properties":{"amenity":"community_centre","name":"Plener 33"}},
{"type":"Feature","geometry":{"type":"MultiPolygon","coordinates":[[[[18.5764627,54.4160604],[18.5766006,54.4157609],[18.5768807,54.4158048],[18.5769458,54.4158321],[18.5769946,54.4158693],[18.5770229,54.4159131],[18.5770283,54.4159597],[18.5770103,54.4160053],[18.5769704,54.4160459],[18.5769122,54.416078],[18.5768404,54.4160991],[18.5767613,54.4161071],[18.5764627,54.4160604]]]]},"properties":{"amenity":"theatre","theatre:type":"open_air"}},
{"type":"Feature","geometry":{"type":"MultiPolygon","coordinates":[[[[18.5594176,54.4167137],[18.559491,54.4167037],[18.5596315,54.4166774],[18.5596592,54.4166722],[18.5596399,54.4166115],[18.5596629,54.4164908],[18.5597154,54.416431],[18.5598011,54.4163333],[18.5599899,54.4162529],[18.5601367,54.4162167],[18.5602922,54.416193],[18.5604532,54.4161948],[18.5605885,54.4162078],[18.5607835,54.4162636],[18.5609293,54.4162401],[18.5615198,54.4173852],[18.561451,54.4174001],[18.5614355,54.4174395],[18.5614205,54.4174686],[18.5613975,54.4175027],[18.5613678,54.4175401],[18.5613276,54.4175783],[18.5612858,54.4176079],[18.5612192,54.4176445],[18.5611516,54.4176748],[18.5610968,54.4176971],[18.5610511,54.4177116],[18.561,54.417724],[18.560959,54.4177313],[18.5608607,54.417744],[18.5607843,54.41775],[18.5607011,54.4177493],[18.5606192,54.4177431],[18.5605958,54.4177407],[18.5605193,54.4177299],[18.5603339,54.4176771],[18.5601944,54.4177008],[18.5601033,54.4175356],[18.559931,54.4175667],[18.5599179,54.4175397],[18.5598884,54.4174795],[18.5595729,54.4168637],[18.559499,54.4168756],[18.5594176,54.4167137]]]]},"properties":{"leisure":"stadium","sport":"athletics"}},
{"type":"Feature","geometry":{"type":"MultiPolygon","coordinates":[[[[18.5450449,54.3675676],[18.5450815,54.3675566],[18.5450993,54.3675768],[18.5450627,54.3675878],[18.5450449,54.3675676]]]]},"properties":{"amenity":"place_of_worship","building":"wayside_shrine","denomination":"catholic","historic":"wayside_shrine","name":"Kaplica Matki Bożej Brzemiennej w Gdańsku Matemblewie","religion":"christian","subject:url":"https://www.gedanopedia.pl/gdansk/?title=SANKTUARIUM_MATKI_BO%C5%BBEJ_BRZEMIENNEJ_W_MATEMBLEWIE","subject:wikidata":"Q9333621","subject:wikipedia":"pl:Sanktuarium Matki Bożej Brzemiennej w Gdańsku Matemblewie","tourism":"attraction"}},
{"type":"Feature","geometry":{"type":"MultiPolygon","coordinates":[[[[18.5422719,54.3684091],[18.5423883,54.3681841],[18.5425591,54.3679626],[18.5427039,54.3678578],[18.5433569,54.3676093],[18.5443035,54.3673113],[18.545287,54.3668894],[18.5455837,54.366562],[18.5459301,54.3663006],[18.545997,54.3657898],[18.546186,54.3658434],[18.5462882,54.3659176],[18.5464181,54.3660696],[18.5464987,54.3663133],[18.5464585,54.3665951],[18.5463897,54.3666509],[18.5463365,54.3669644],[18.5462888,54.3672017],[18.5462822,54.3672379],[18.5462758,54.3672588],[18.5462701,54.3672803],[18.5462664,54.3672853],[18.5462592,54.3672913],[18.546085,54.3673949],[18.5460143,54.3674256],[18.5455846,54.3675841],[18.5454561,54.3676625],[18.5451863,54.3677407],[18.5449282,54.3677869],[18.5442772,54.3678568],[18.5437675,54.3679089],[18.5436245,54.3679355],[18.5434693,54.3680178],[18.5433406,54.3680948],[18.5428051,54.3685934],[18.5422719,54.3684091]]]]},"properties":{"landuse":"religious","name":"Sanktuarium Matki Bożej Brzemiennej w Gdańsku Matemblewie","tourism":"attraction","url":"https://www.gedanopedia.pl/gdansk/?title=SANKTUARIUM_MATKI_BO%C5%BBEJ_BRZEMIENNEJ_W_MATEMBLEWIE","wikidata":"Q9333621","wikipedia":"pl:Sanktuarium Matki Bożej Brzemiennej w Gdańsku Matemblewie"}},
{"type":"Feature","geometry":{"type":"MultiPolygon","coordinates":[[[[18.7417461,54.3245862],[18.7417766,54.3245437],[18.7427578,54.3247832],[18.7427316,54.3248213],[18.7417461,54.3245862]]]]},"properties":{"area":"yes","lanes":"4","leisure":"track","sport":"running","surface":"tartan"}},
{"type":"Feature","geometry":{"type":"MultiPolygon","coordinates":[[[[18.4073373,54.4475614],[18.4080089,54.4472507],[18.4093128,54.4466236],[18.4101362,54.4471499],[18.410178,54.4471766],[18.4102294,54.4471998],[18.4097688,54.4474196],[18.4096658,54.4474687],[18.4092761,54.4476526],[18.4089329,54.447711],[18.4084648,54.4478464],[18.4082932,54.4479262],[18.4073373,54.4475614]]]]},"properties":{"leisure":"sports_centre","sport":"soccer"}},
{"type":"Feature","geometry":{"type":"MultiPolygon","coordinates":[[[[18.7205458,54.2939684],[18.7209569,54.2934339],[18.7210077,54.2934473],[18.7205966,54.2939817],[18.7205458,54.2939684]]]]},"properties":{"area":"yes","leisure":"track","sport":"running","surface":"tartan"}},
{"type":"Feature","geometry":{"type":"MultiPolygon","coordinates":[[[[18.5459645,54.4451134],[18.5460113,54.445064],[18.5461062,54.4450623],[18.5461356,54.4450723],[18.5461555,54.4450526],[18.5461856,54.4450629],[18.5462178,54.445031],[18.546435,54.4451049],[18.5462425,54.4452962],[18.5461981,54.4452811],[18.5461761,54.445303],[18.546053,54.4452611],[18.5460731,54.4452411],[18.5460342,54.4452278],[18.5460813,54.4451809],[18.5460113,54.4451571],[18.5459645,54.4451134]]]]},"properties":{"addr:city":"Sopot","addr:housenumber":"12","addr:street":"Stanisława Moniuszki","amenity":"theatre","building":"yes","name":"Polska Filharmonia Kameralna Sopot","theatre:genre":"philharmonic","website":"https://pfksopot.pl/"}},
{"type":"Feature","geometry":{"type":"MultiPolygon","coordinates":[[[[18.6330188,54.3241114],[18.6336003,54.3237286],[18.6337232,54.32379],[18.6337706,54.3238073],[18.6338587,54.3238556],[18.6340102,54.3243356],[18.6338492,54.324451],[18.6338519,54.3244525],[18.6337335,54.3245306],[18.6335851,54.324454],[18.6332788,54.3243006],[18.6332404,54.3242922],[18.6330513,54.3241968],[18.6331026,54.3241623],[18.6330188,54.3241114]]]]},"properties":{"amenity":"community_centre","name":"Dom Sąsiedzki","operator":"Gdańska Fundacja Innowacji Społecznej","start_date":"2023-04"}},
{"type":"Feature","geometry":{"type":"MultiPolygon","coordinates":[[[[18.6283492,54.3705729],[18.6291031,54.370126],[18.6291403,54.3701473],[18.6283863,54.3705942],[18.6283492,54.3705729]]]]},"properties":{"area":"yes","athletics":"long_jump","leisure":"track","lit":"no","sport":"athletics","surface":"tartan"}},
{"type":"Feature","geometry":{"type":"MultiPolygon","coordinates":[[[[18.5995578,54.3767797],[18.6003998,54.376479],[18.6004202,54.3764983],[18.5995781,54.376799],[18.5995578,54.3767797]]]]},"properties":{"area":"yes","leisure":"track","lit":"yes","sport":"running","surface":"tartan"}},
{"type":"Feature","geometry":{"type":"MultiPolygon","coordinates":[[[[18.6020288,54.3774302],[18.6027912,54.3771638],[18.602813,54.377185],[18.6020505,54.3774513],[18.6020288,54.3774302]]]]},"properties":{"area":"yes","leisure":"track","sport":"running","surface":"tartan"}},
{"type":"Feature","geometry":{"type":"MultiPolygon","coordinates":[[[[18.5697793,54.3474069],[18.5698113,54.3473861],[18.5698573,54.3473764],[18.5698803,54.3473715],[18.5700395,54.347348],[18.5701988,54.3473307],[18.5702606,54.347332],[18.5703022,54.3473535],[18.5703057,54.347375],[18.5701976,54.34749],[18.570156,54.3475038],[18.5701156,54.3475073],[18.5700633,54.3475045],[18.5700312,54.3475004],[18.5698815,54.347467],[18.5698137,54.3474519],[18.5697816,54.3474318],[18.5697793,54.3474069]]]]},"properties":{"cycling":"pump_track","leisure":"track","lit":"no","sport":"cycling","surface":"asphalt","width":"2"}},
{"type":"Feature","geometry":{"type":"MultiPolygon","coordinates":[[[[18.6451341,54.3647821],[18.6451425,54.3647565],[18.6451553,54.3647178],[18.6453413,54.3641441],[18.6455011,54.3641633],[18.6454268,54.3643833],[18.6454011,54.3644597],[18.6453512,54.3646075],[18.6453363,54.3646539],[18.645324,54.3646846],[18.64531,54.3646833],[18.6452721,54.364797],[18.6451341,54.3647821]]]]},"properties":{"amenity":"community_centre","name":"100cznia Ulica"}},
{"type":"Feature","geometry":{"type":"MultiPolygon","coordinates":[[[[18.5143742,54.3524444],[18.514452,54.3520804],[18.5145299,54.3520752],[18.5146219,54.3520587],[18.5150802,54.3519504],[18.5153333,54.3523145],[18.5145504,54.3525008],[18.5145303,54.3525055],[18.5143742,54.3524444]]]]},"properties":{"barrier":"fence","leisure":"sports_centre"}},
{"type":"Feature","geometry":{"type":"MultiPolygon","coordinates":[[[[18.5667893,54.4299091],[18.5667912,54.4298409],[18.5668138,54.429752],[18.5672898,54.428305],[18.5677561,54.4268187],[18.5677923,54.4267184],[18.5678415,54.4266296],[18.5679554,54.4264602],[18.5681193,54.4262795],[18.5683428,54.4260837],[18.5686001,54.4258784],[18.5689081,54.4256925],[18.5691976,54.4255734],[18.5695389,54.4254534],[18.5699925,54.4253552],[18.5703874,54.4253197],[18.5706491,54.4253121],[18.5709839,54.425308],[18.5715042,54.4253087],[18.5722673,54.4253208],[18.5724045,54.4253262],[18.5725669,54.4253419],[18.5727262,54.4253643],[18.5729032,54.4253914],[18.5730663,54.4254304],[18.5732147,54.4254695],[18.5734926,54.4255689],[18.5737266,54.4256723],[18.5739804,54.4257988],[18.5742098,54.4259422],[18.5743543,54.4260755],[18.5744286,54.4261728],[18.5744915,54.4262704],[18.5745282,54.4263508],[18.5745502,54.4264363],[18.5745632,54.4265062],[18.5745581,54.4266666],[18.5745206,54.4269022],[18.5744418,54.4271628],[18.574392,54.4272735],[18.5743306,54.4273665],[18.5732116,54.4287754],[18.5724457,54.4297805],[18.5722513,54.430014],[18.5721727,54.4301113],[18.5720605,54.4301923],[18.5717581,54.4303249],[18.5714113,54.4304037],[18.5710837,54.4304585],[18.5698175,54.4305711],[18.5685704,54.4306769],[18.568277,54.4306954],[18.5681227,54.4306981],[18.5679805,54.430696],[18.5677894,54.4306684],[18.5676842,54.4306451],[18.5675741,54.4306106],[18.5674886,54.4305752],[18.567413,54.4305339],[18.5670868,54.4302935],[18.5669978,54.4302151],[18.5669068,54.4301262],[18.5668582,54.4300697],[18.5668257,54.4300272],[18.5668043,54.4299752],[18.5667893,54.4299091]],[[18.5668463,54.4298928],[18.5668667,54.4299489],[18.5668971,54.4300241],[18.5669426,54.4300883],[18.5670347,54.4301864],[18.5671405,54.4302743],[18.5674448,54.4304965],[18.5675699,54.4305623],[18.5677325,54.4306197],[18.5678569,54.4306469],[18.5680316,54.4306598],[18.5681825,54.430658],[18.5683155,54.4306551],[18.5686006,54.4306323],[18.569828,54.4305282],[18.5710746,54.4304175],[18.571397,54.4303635],[18.5717381,54.430286],[18.5720301,54.4301535],[18.5721275,54.4300795],[18.5721941,54.4299938],[18.5724043,54.4297501],[18.5731649,54.4287461],[18.5742792,54.4273574],[18.5743431,54.4272636],[18.5743906,54.4271713],[18.57443,54.4270729],[18.5744726,54.4269171],[18.5745154,54.4266806],[18.5745167,54.4265396],[18.5745125,54.426463],[18.5744891,54.4263772],[18.5744719,54.4263324],[18.5744525,54.4262879],[18.5743861,54.426196],[18.5743101,54.4260996],[18.5741617,54.4259578],[18.5739297,54.425818],[18.5736765,54.4256856],[18.5734372,54.4255838],[18.5731546,54.4254848],[18.5729944,54.4254428],[18.5728322,54.4254125],[18.5725518,54.4253703],[18.5723691,54.4253542],[18.5722147,54.4253488],[18.5714654,54.4253436],[18.5709553,54.4253423],[18.5704074,54.4253457],[18.5701635,54.4253645],[18.5698966,54.425405],[18.5697254,54.4254398],[18.5695414,54.4254887],[18.5693796,54.4255387],[18.5691939,54.425602],[18.5690545,54.4256637],[18.5689405,54.4257284],[18.5686332,54.4259143],[18.5683766,54.4261117],[18.5681568,54.4263044],[18.5679906,54.4264829],[18.567876299999999,54.4266402],[18.5678272,54.4267329],[18.5677982,54.4268247],[18.5675598,54.4275825],[18.5674346,54.4279681],[18.5673691,54.4282181],[18.5672847,54.4285101],[18.5669541,54.4294831],[18.5668587,54.429777],[18.5668463,54.4298928]]]]},"properties":{"access":"no","horse":"yes","leisure":"track","name":"bieżnia robocza","sport":"horse_racing","surface":"sand"}},
{"type":"Feature","geometry":{"type":"MultiPolygon","coordinates":[[[[18.6009669,54.4023804],[18.6009817,54.4023379],[18.6009944,54.4022998],[18.6010821,54.4022611],[18.6014462,54.4022576],[18.6022361,54.4024605],[18.602263,54.4024831],[18.6022737,54.4025081],[18.6022636,54.4025308],[18.6022372,54.4025433],[18.602208,54.4025487],[18.6021704,54.4025507],[18.6010321,54.4024151],[18.6009669,54.4023804]]]]},"properties":{"lanes":"1","leisure":"track","sport":"running","surface":"tartan","width":"2"}},
{"type":"Feature","geometry":{"type":"MultiPolygon","coordinates":[[[[18.5745364,54.3883108],[18.5745424,54.3882803],[18.5745634,54.3882458],[18.575179,54.3878502],[18.5752335,54.3878772],[18.5751454,54.3879361],[18.5752159,54.3879444],[18.5752639,54.3879555],[18.575316,54.3879772],[18.5753491,54.3880042],[18.5753707,54.3880464],[18.5753753,54.3880775],[18.5753731,54.3881045],[18.5753491,54.3881353],[18.5749169,54.3884183],[18.5748525,54.3884415],[18.5747708,54.388448],[18.5747057,54.3884441],[18.5746514,54.3884265],[18.5746018,54.3884035],[18.5745646,54.3883785],[18.5745428,54.3883365],[18.5745364,54.3883108]],[[18.5746125,54.3882969],[18.5746149,54.3883191],[18.5746232,54.3883426],[18.5746434,54.3883654],[18.5746963,54.388389],[18.5747343,54.3883997],[18.5747682,54.3884],[18.574824,54.3883979],[18.5748763,54.388382],[18.5750748,54.3882485],[18.5752754,54.3881186],[18.5752881,54.388108],[18.575295,54.3880775],[18.5752924,54.3880526],[18.5752786,54.3880298],[18.5752537,54.3880107],[18.5752218,54.3879946],[18.5751789,54.3879824],[18.5751395,54.387982],[18.5751015,54.3879838],[18.5750703,54.3879912],[18.575042,54.3879989],[18.574843,54.3881315],[18.5746446,54.3882595],[18.5746244,54.3882734],[18.5746125,54.3882969]]]]},"properties":{"leisure":"track","sport":"running"}},
{"type":"Feature","geometry":{"type":"MultiPolygon","coordinates":[[[[18.622742,54.396243],[18.6227426,54.3961655],[18.6228656,54.3960282],[18.6228656,54.3960248],[18.6228656,54.3960047],[18.6228656,54.3959776],[18.6227459,54.3958375],[18.6227465,54.3957027],[18.62385,54.3956967],[18.624182,54.3956949],[18.6269197,54.39568],[18.6282564,54.3964903],[18.6290429,54.3969739],[18.6297158,54.397387],[18.6296116,54.3974373],[18.6295907,54.3974474],[18.6295674,54.3974585],[18.6295083,54.3974867],[18.6288502,54.3970819],[18.6281605,54.3973783],[18.627174,54.3978186],[18.6263943,54.3974319],[18.6240988,54.397423],[18.624101,54.3971472],[18.6234244,54.3971497],[18.6234233,54.3968148],[18.6238304,54.396815],[18.6239531,54.3968151],[18.6239524,54.396719],[18.62553,54.39672],[18.6255371,54.3964458],[18.6255425,54.3962482],[18.6235334,54.3962445],[18.622742,54.396243]]]]},"properties":{"alt_name":"Centrum Sportu i Edukacji GKS Gedania 1922","leisure":"sports_centre","name":"Gdański Kompleks Sportowo-Rekreacyjny","operator":"Gdański Klub Sportowy Gedania 1922","start_date":"2013"}},
{"type":"Feature","geometry":{"type":"MultiPolygon","coordinates":[[[[18.6428827,54.3442933],[18.6430135,54.3442765],[18.6430459,54.3443624],[18.6430799,54.3444525],[18.6429491,54.3444693],[18.6429169,54.3443838],[18.6428827,54.3442933]]]]},"properties":{"building":"yes","name":"Poterna - część dolna","tourism":"attraction"}},
{"type":"Feature","geometry":{"type":"MultiPolygon","coordinates":[[[[18.5934519,54.4159381],[18.5934587,54.4159047],[18.593471,54.4159027],[18.59347,54.4158901],[18.5934732,54.4158766],[18.5934984,54.4158481],[18.5935401,54.415827],[18.5935924,54.4158165],[18.5936475,54.4158182],[18.5936976,54.4158317],[18.5937253,54.4158521],[18.5937433,54.4158438],[18.5937567,54.4158483],[18.593796,54.415873],[18.5938205,54.4159034],[18.5938281,54.4159367],[18.5938179,54.4159698],[18.5937909,54.4159995],[18.5937497,54.4160231],[18.5936982,54.4160383],[18.5936411,54.4160437],[18.593584,54.4160387],[18.5935321,54.4160239],[18.5934904,54.4160007],[18.5934628,54.4159711],[18.5934519,54.4159381]]]]},"properties":{"amenity":"theatre","theatre:type":"amphi"}},
{"type":"Feature","geometry":{"type":"MultiPolygon","coordinates":[[[[18.5460588,54.3388721],[18.546068000000003,54.3388501],[18.5468199,54.3388293],[18.5469152,54.3390794],[18.5460946,54.3391024],[18.5460731,54.3390474],[18.5460588,54.3388721]]]]},"properties":{"amenity":"community_centre","name":"Gazdówka Góralska"}},
{"type":"Feature","geometry":{"type":"MultiPolygon","coordinates":[[[[18.6338977,54.3255246],[18.6339765,54.3253934],[18.6343666,54.3254732],[18.6342879,54.3256043],[18.6338977,54.3255246]]]]},"properties":{"amenity":"community_centre","building:levels":"1","building:part":"yes","name":"Stacja Orunia","website":"https://gak.gda.pl/placowki/stacja-orunia/"}},
{"type":"Feature","geometry":{"type":"MultiPolygon","coordinates":[[[[18.6335995,54.3255474],[18.6336758,54.3254229],[18.633725599999999,54.3253418],[18.6338555,54.3253687],[18.6338874,54.3253752],[18.6339765,54.3253934],[18.6338977,54.3255246],[18.6338541,54.3255975],[18.6335995,54.3255474]]]]},"properties":{"amenity":"community_centre","building:levels":"2","building:part":"yes","contact:facebook":"https://www.facebook.com/GdanskiArchipelagKultury","contact:phone":"+48 58 3066676","government":"culture","name":"Gdański Archipelag Kultury","office":"government","short_name":"GAK","website":"https://gak.gda.pl/"}},
{"type":"Feature","geometry":{"type":"MultiPolygon","coordinates":[[[[18.6374087,54.349124],[18.6374344,54.3490944],[18.6374912,54.3490686],[18.6376383,54.349028],[18.6377204,54.3490074],[18.6378087,54.34899],[18.6378825,54.3489854],[18.6379762,54.3489828],[18.6380996,54.3489866],[18.6380872,54.3490222],[18.6379506,54.3491226],[18.6378923,54.3491544],[18.637909,54.3492085],[18.6379898,54.3492743],[18.638067,54.3493602],[18.6380837,54.3494024],[18.6381169,54.3494467],[18.6381279,54.3494923],[18.6381217,54.3495202],[18.6380884,54.349552],[18.6380373,54.3495576],[18.637972,54.3495513],[18.637922,54.3495229],[18.6378361,54.3494638],[18.6374752,54.3492154],[18.6374087,54.3491655],[18.6374087,54.349124]]]]},"properties":{"defensive_works":"bastion","historic":"bastion","name":"Bastion Piaskowy","name:de":"Sandgrube","tourism":"attraction"}},
{"type":"Feature","geometry":{"type":"MultiPolygon","coordinates":[[[[18.6167168,54.3767836],[18.6167299,54.3763946],[18.6171171,54.3762986],[18.6182614,54.3760149],[18.6182766,54.3760338],[18.6184965,54.3763441],[18.6183775,54.3763738],[18.6173565,54.3766276],[18.6172544,54.3764873],[18.6172415,54.3764696],[18.6169115,54.3765449],[18.6169798,54.3766499],[18.6170202,54.3767161],[18.6167168,54.3767836]]]]},"properties":{"leisure":"sports_centre"}},
{"type":"Feature","geometry":{"type":"MultiPolygon","coordinates":[[[[18.7103017,54.3574228],[18.7103615,54.3574227],[18.7106606,54.3574226],[18.7108441,54.3574066],[18.7113189,54.3573653],[18.7114837,54.3573509],[18.7115182,54.3574369],[18.7116081,54.3574286],[18.7115798,54.3573412],[18.7117367,54.3573267],[18.711951,54.3572961],[18.7120758,54.3572758],[18.7123398,54.3572317],[18.7124881,54.3572069],[18.7125451,54.3571978],[18.7125522,54.3572131],[18.7126925,54.3575887],[18.712018,54.3576767],[18.7118482,54.3576988],[18.7115374,54.3576702],[18.7111369,54.3576334],[18.7111702,54.3575561],[18.7110211,54.3575145],[18.7109517,54.3574959],[18.710549,54.3574983],[18.7105231,54.3574984],[18.7104892,54.3574831],[18.7103395,54.3574796],[18.7103021,54.3574374],[18.710302,54.3574347],[18.7103017,54.3574228]]]]},"properties":{"leisure":"sports_centre","name":"Przystań Tamka","operator":"Gdański Ośrodek Sportu","start_date":"2012","website":"http://www.marinagdansk.pl/przystan-tamka/"}},
{"type":"Feature","geometry":{"type":"MultiPolygon","coordinates":[[[[18.6390373,54.3470099],[18.6392204,54.3469628],[18.6395396,54.3471393],[18.640095,54.3471367],[18.6402507,54.3471],[18.64036,54.3472101],[18.6402536,54.3473971],[18.6400404,54.3475274],[18.6394176,54.3477109],[18.6393035,54.3475572],[18.6393059,54.347445],[18.6390373,54.3470099]]]]},"properties":{"defensive_works":"bastion","historic":"bastion","name":"Bastion Vigilance","tourism":"attraction"}},
{"type":"Feature","geometry":{"type":"MultiPolygon","coordinates":[[[[18.6348684,54.3479658],[18.6349825,54.3476846],[18.6353604,54.3474463],[18.635717,54.3475059],[18.6358691,54.3478342],[18.6357479,54.3480975],[18.6352582,54.3481058],[18.6348684,54.3479658]]]]},"properties":{"defensive_works":"lunette","historic":"yes","name":"Luneta Delzous","name:de":"Lunette Kummelschanze","name:pl":"Luneta Delzous","start_date":"1812","tourism":"attraction"}},
{"type":"Feature","geometry":{"type":"MultiPolygon","coordinates":[[[[18.6326818,54.3467897],[18.6329622,54.3461302],[18.6336777,54.3460436],[18.6338084,54.3460644],[18.6339534,54.3461219],[18.6342481,54.346879],[18.6342962,54.346949],[18.6342986,54.3470519],[18.6342612,54.3471087],[18.6341934,54.3471374],[18.6335065,54.3471083],[18.6326818,54.3467897]]]]},"properties":{"defensive_works":"lunette","historic":"yes","name":"Luneta Cafarellego","name:de":"Lunette Knesebeck","name:pl":"Luneta Cafarellego","source":"NID","start_date":"1812","tourism":"attraction"}},
{"type":"Feature","geometry":{"type":"MultiPolygon","coordinates":[[[[18.6373629,54.3459183],[18.6377426,54.3450143],[18.6383861,54.3447129],[18.6388805,54.344476],[18.6391562,54.3446693],[18.6392013,54.344821],[18.6390635,54.3450468],[18.6390397,54.34584],[18.6379393,54.3460118],[18.637805,54.3460201],[18.6376742,54.3460048],[18.6373629,54.3459183]]]]},"properties":{"defensive_works":"bastion","historic":"bastion","name":"Bastion Ostroróg","name:de":"Bastion Scharfenort","name:pl":"Bastion Ostroróg","source":"NID","start_date":"1710","tourism":"attraction"}},
{"type":"Feature","geometry":{"type":"MultiPolygon","coordinates":[[[[18.6362292,54.3432769],[18.6374924,54.3426686],[18.6381247,54.3427303],[18.6386844,54.342907],[18.6387117,54.3435207],[18.6388662,54.343989],[18.6380566,54.3440337],[18.6378383,54.3440148],[18.6371555,54.3439558],[18.6371211,54.3439474],[18.6362292,54.3432769]]]]},"properties":{"defensive_works":"bastion","historic":"bastion","name":"Bastion Pośredni","name:de":"Bastion Mittel","name:pl":"Bastion Pośredni","source":"NID","start_date":"1630","tourism":"attraction"}},
{"type":"Feature","geometry":{"type":"MultiPolygon","coordinates":[[[[18.6382673,54.3417622],[18.6385566,54.3408408],[18.6387854,54.340882],[18.6396821,54.3412658],[18.6398841,54.341299],[18.6399269,54.3415041],[18.6397736,54.3417964],[18.6397498,54.342093],[18.6387171,54.342077],[18.6382673,54.3417622]]]]},"properties":{"defensive_works":"bastion","historic":"bastion","name":"Bastion Zbawiciel","name:de":"Bastion Salvator","name:pl":"Bastion Zbawiciel","source":"NID","start_date":"1710","tourism":"attraction","wheelchair":"no"}},
{"type":"Feature","geometry":{"type":"MultiPolygon","coordinates":[[[[18.6394765,54.3577196],[18.6394985,54.3574652],[18.6399371,54.3573094],[18.64025,54.357249],[18.6406268,54.3571779],[18.6407549,54.357285],[18.6407964,54.3572668],[18.6410695,54.357432],[18.6411925,54.3577237],[18.6411426,54.3578941],[18.6403202,54.3583899],[18.6394765,54.3577196]]]]},"properties":{"defensive_works":"bastion","historic":"bastion","name":"Bastion Jerozolimski","name:de":"Bastion Jerusalem","source":"NID","start_date":"1655","tourism":"attraction"}},
{"type":"Feature","geometry":{"type":"MultiPolygon","coordinates":[[[[18.6357817,54.3534223],[18.6366814,54.3527575],[18.6371627,54.3526217],[18.6377466,54.3526885],[18.6377766,54.3526912],[18.6377582,54.352762],[18.6377402,54.3529729],[18.6377352,54.3530148],[18.637624,54.3530508],[18.6376162,54.3531071],[18.6376157,54.3531104],[18.6376476,54.3533169],[18.6376912,54.353317],[18.6377557,54.3536301],[18.6377867,54.3537097],[18.6378301,54.3537613],[18.6381342,54.354123],[18.6373932,54.3542645],[18.6371983,54.3539826],[18.636654,54.3539747],[18.6357817,54.3534223]]]]},"properties":{"defensive_works":"bastion","historic":"bastion","name":"Bastion Neubauer'a","name:de":"Bastion Kessel","start_date":"1655-1656","tourism":"attraction"}},
{"type":"Feature","geometry":{"type":"MultiPolygon","coordinates":[[[[18.6354123,54.3566225],[18.6355651,54.3563068],[18.6356712,54.356091],[18.6357282,54.3560421],[18.636097,54.3559057],[18.6364281,54.3557833],[18.6365164,54.3557612],[18.6367795,54.356488],[18.6368035,54.3565313],[18.6366996,54.3566153],[18.6365759,54.3566884],[18.6363926,54.3567078],[18.6360498,54.3567149],[18.6355579,54.3566699],[18.6354284,54.3566587],[18.6354123,54.3566225]]]]},"properties":{"defensive_works":"lunette","historic":"yes","name":"Luneta Senarmont'a","name:de":"Lunette Börstell","name:pl":"Luneta Senarmont'a","old_name":"Szaniec Bousmarda","start_date":"1811-1813","tourism":"attraction"}},
{"type":"Feature","geometry":{"type":"MultiPolygon","coordinates":[[[[18.6382554,54.355757],[18.6385668,54.3556666],[18.6393635,54.355474],[18.6402325,54.3552966],[18.6403505,54.3554099],[18.6395599,54.3559373],[18.6387924,54.356067],[18.638759,54.3560225],[18.638698,54.3560385],[18.63859,54.356067],[18.6384469,54.3559424],[18.6384134,54.3558729],[18.6382554,54.355757]]]]},"properties":{"defensive_works":"bastion","historic":"bastion","name":"Wysokie Skrzydło Kurkowe","source":"NID","start_date":"1655","tourism":"attraction"}},
{"type":"Feature","geometry":{"type":"MultiPolygon","coordinates":[[[[18.636705,54.354875],[18.6367292,54.35485],[18.6369907,54.354746],[18.6370457,54.35479],[18.6381169,54.3543472],[18.6381441,54.3543469],[18.6381662,54.3543556],[18.6383348,54.354676],[18.6382185,54.3548404],[18.6385668,54.3556666],[18.6382554,54.355757],[18.6377001,54.356075],[18.6369749,54.3549023],[18.636813,54.3549352],[18.636758,54.3549359],[18.6367111,54.3549133],[18.636705,54.354875]]]]},"properties":{"defensive_works":"bastion","historic":"bastion","name":"Niskie Czoło Kurkowe","name:de":"Bastion Notzkenberg","source":"NID","start_date":"1655","tourism":"attraction"}},
{"type":"Feature","geometry":{"type":"MultiPolygon","coordinates":[[[[18.6377001,54.356075],[18.6382554,54.355757],[18.6384134,54.3558729],[18.6384469,54.3559424],[18.63859,54.356067],[18.6386607,54.3561831],[18.6388133,54.3562505],[18.6391847,54.3567101],[18.6391725,54.3567137],[18.6391982,54.3567474],[18.6392193,54.3567418],[18.6392326,54.356759],[18.6392113,54.3567644],[18.639218,54.3567731],[18.6391771,54.3567852],[18.639181,54.3567905],[18.6391516,54.3568084],[18.6392593,54.3568669],[18.6393634,54.3569237],[18.6394446,54.3568767],[18.6399138,54.3570726],[18.6401601,54.3571152],[18.64025,54.357249],[18.6399371,54.3573094],[18.6394985,54.3574652],[18.6389343,54.3572629],[18.638084,54.3566807],[18.6377001,54.356075]]]]},"properties":{"defensive_works":"bastion","historic":"bastion","name":"Wysokie Czoło Kurkowe","name:de":"Bastion Schütz","source":"NID","start_date":"1655","tourism":"attraction"}},
{"type":"Feature","geometry":{"type":"MultiPolygon","coordinates":[[[[18.6405647,54.3560815],[18.6410781,54.3557306],[18.6411695,54.3557772],[18.6412527,54.3558166],[18.6412641,54.355808],[18.6413474,54.3558479],[18.6415467,54.3559523],[18.6415999,54.3560467],[18.6416423,54.3561848],[18.6416329,54.3561857],[18.6416386,54.3562043],[18.6416584,54.3562539],[18.641416,54.3562816],[18.6413131,54.3562933],[18.6412877,54.3562864],[18.6405647,54.3560815]]]]},"properties":{"alt_name:de":"Reduit Horn","defensive_works":"reduit","historic":"reduit","name":"Redita Napoleońska","name:de":"Reduit Hagel","old_name":"Fort Vauban","source":"NID","start_date":"1809-1813","tourism":"attraction"}},
{"type":"Feature","geometry":{"type":"MultiPolygon","coordinates":[[[[18.5814217,54.3913544],[18.581587,54.3912434],[18.5814714,54.3911851],[18.5815959,54.3911003],[18.5824597,54.3905103],[18.5825399,54.3905501],[18.5825734,54.3905671],[18.5827473,54.3904501],[18.5827902,54.3904708],[18.582882,54.3904472],[18.5829904,54.3904315],[18.5830998,54.3904248],[18.5831907,54.3904287],[18.5832852,54.3904359],[18.5833743,54.3904528],[18.5834451,54.3904709],[18.5834743,54.3904494],[18.5835503,54.3904836],[18.5835285,54.3904992],[18.5835725,54.3905201],[18.583622,54.3905492],[18.5836845,54.3905904],[18.583733,54.3906328],[18.5837726,54.3906661],[18.5838087,54.3907151],[18.5838293,54.390753],[18.5838437,54.390806],[18.5838512,54.3908596],[18.583838,54.3909328],[18.5838186,54.3909781],[18.5837768,54.391041800000007],[18.5837342,54.3910844],[18.5836684,54.3911316],[18.5828174,54.3917117],[18.582759,54.3917505],[18.5826988,54.3917785],[18.5826345,54.3918003],[18.5825604,54.3918221],[18.5824893,54.3918381],[18.5823758,54.3918534],[18.5822452,54.3918587],[18.5820721,54.3918403],[18.5819514,54.391816],[18.5819204,54.3918345],[18.5818421,54.3917993],[18.5818651,54.3917811],[18.5817703,54.3917392],[18.5816954,54.3916892],[18.5816396,54.3916376],[18.5815884,54.3915788],[18.5815597,54.3915085],[18.5815457,54.3914515],[18.5815472,54.3914177],[18.5814217,54.3913544]]]]},"properties":{"leisure":"stadium","name":"Gdański Stadion Lekkoatletyczny i Rugby"}},
{"type":"Feature","geometry":{"type":"MultiPolygon","coordinates":[[[[18.5798415,54.3919119],[18.5802576,54.3916271],[18.5805282,54.3914414],[18.5809723,54.3911388],[18.5818406,54.390547],[18.582303,54.3902319],[18.5825951,54.3903748],[18.5826025,54.390387],[18.582908,54.3903542],[18.5829921,54.3902191],[18.582804,54.3901264],[18.5829822,54.3900053],[18.5834076,54.3897176],[18.5842332,54.3901313],[18.5843535,54.390192],[18.5839995,54.3904319],[18.5838004,54.3905668],[18.5839159,54.3906638],[18.5839611,54.3907064],[18.5839904,54.3907472],[18.584861,54.3911786],[18.5847896,54.3912194],[18.5847282,54.3912618],[18.5847657,54.3912825],[18.5846879,54.3913564],[18.5840628,54.3917886],[18.5832331,54.3923531],[18.583206,54.3923702],[18.5831685,54.3923947],[18.5830953,54.3924444],[18.5830819,54.3924534],[18.583046,54.3924739],[18.5824827,54.3924362],[18.5814296,54.392301],[18.5811624,54.3922547],[18.5810093,54.3922178],[18.5805912,54.3921211],[18.5798415,54.3919119]]]]},"properties":{"leisure":"sports_centre","name":"Gdański Ośrodek Kultury Fizycznej"}},
{"type":"Feature","geometry":{"type":"MultiPolygon","coordinates":[[[[18.6152944,54.3748126],[18.615314,54.374807],[18.6153634,54.3747955],[18.615373,54.37481],[18.615418,54.3748],[18.615461,54.374791],[18.615505,54.374781],[18.615548,54.374772],[18.615592,54.374762],[18.615637,54.374752],[18.615681,54.374742],[18.615728,54.374732],[18.61575,54.374726],[18.6157925,54.374717],[18.615981,54.3750228],[18.6155994,54.3751056],[18.6155438,54.3750709],[18.615467,54.3750685],[18.6152944,54.3748126]]]]},"properties":{"amenity":"arts_centre","landuse":"garages","name":"Wrzeszcz Pointz"}},
{"type":"Feature","geometry":{"type":"MultiPolygon","coordinates":[[[[18.6319827,54.3417153],[18.631996,54.3417057],[18.6323576,54.3418758],[18.6323443,54.3418854],[18.6319827,54.3417153]]]]},"properties":{"area":"yes","athletics":"long_jump","leisure":"track","sport":"athletics"}},
{"type":"Feature","geometry":{"type":"MultiPolygon","coordinates":[[[[18.6312298,54.3417518],[18.6312775,54.3417172],[18.6313785,54.3417646],[18.6319916,54.3420522],[18.6321366,54.3421202],[18.6320888,54.3421548],[18.6312298,54.3417518]]]]},"properties":{"area":"yes","athletics":"sprint","lanes":"4","leisure":"track","sport":"athletics","surface":"tartan"}},
{"type":"Feature","geometry":{"type":"MultiPolygon","coordinates":[[[[18.6312643,54.3416824],[18.6312676,54.3416461],[18.6312869,54.3416116],[18.6313208,54.3415812],[18.6313672,54.3415569],[18.6314227,54.3415405],[18.6314836,54.341533],[18.6315458,54.3415349],[18.631605,54.3415462],[18.6316572,54.341566],[18.6322771,54.3418581],[18.6323188,54.3418851],[18.632347,54.3419175],[18.6323599,54.341953],[18.6323566,54.3419892],[18.6323373,54.3420237],[18.6323033,54.3420542],[18.632257,54.3420784],[18.6322015,54.3420949],[18.6321405,54.3421024],[18.6320784,54.3421004],[18.6320192,54.3420892],[18.631967,54.3420694],[18.631347,54.3417773],[18.6313054,54.3417503],[18.6312772,54.3417179],[18.6312643,54.3416824]],[[18.6313041,54.3416751],[18.631314,54.3417081],[18.6313395,54.3417382],[18.6313785,54.3417646],[18.6319916,54.3420522],[18.6320401,54.3420701],[18.6320958,54.3420785],[18.6321534,54.3420775],[18.6322081,54.3420671],[18.6322556,54.3420481],[18.6322919,54.342022],[18.6323143,54.3419911],[18.6323207,54.3419577],[18.6323108,54.3419247],[18.6322853,54.3418946],[18.6322462,54.3418699],[18.631634,54.34158],[18.6315846,54.3415627],[18.6315289,54.3415543],[18.6314714,54.3415553],[18.6314166,54.3415657],[18.6313692,54.3415847],[18.6313328,54.3416108],[18.6313105,54.3416417],[18.6313041,54.3416751]]]]},"properties":{"athletics":"running","lanes":"2","leisure":"track","sport":"athletics","surface":"tartan"}},
{"type":"Feature","geometry":{"type":"MultiPolygon","coordinates":[[[[18.6407042,54.3833816],[18.6407543,54.3833201],[18.6407619,54.3833109],[18.6407948,54.3832705],[18.6410375,54.3829739],[18.6428774,54.3822405],[18.6433495,54.3824725],[18.6434515,54.3825576],[18.6435105,54.3826232],[18.643544,54.3826998],[18.6435467,54.3827435],[18.64354,54.3828411],[18.6434662,54.3829255],[18.6433616,54.3830181],[18.6437895,54.3832754],[18.6428574,54.3839455],[18.6426451,54.3838197],[18.642574,54.38387],[18.642508,54.383918],[18.6423854,54.3840037],[18.6422719,54.3840874],[18.6421322,54.3841909],[18.6416326,54.3839066],[18.6409639,54.3835278],[18.6407042,54.3833816]]]]},"properties":{"leisure":"sports_centre","name":"Morski Robotniczy Klub Sportowy","sport":"archery;soccer","website":"https://www.mrks.pl/"}},
{"type":"Feature","geometry":{"type":"MultiPolygon","coordinates":[[[[18.5781134,54.3881073],[18.5782314,54.3880258],[18.5783617,54.3880898],[18.5782437,54.3881713],[18.5781134,54.3881073]]]]},"properties":{"amenity":"theatre","theatre:type":"amphi"}},
{"type":"Feature","geometry":{"type":"MultiPolygon","coordinates":[[[[18.6470464,54.3406691],[18.6473759,54.3405421],[18.6476582,54.3404333],[18.6477168,54.3404872],[18.6477186,54.3404867],[18.6477257,54.3404874],[18.6477303,54.3404918],[18.6477278,54.3404962],[18.6478587,54.340615],[18.6478674,54.3406167],[18.6478719,54.3406204],[18.6478704,54.3406238],[18.6478682,54.3406258],[18.6476085,54.3407251],[18.6475396,54.3407517],[18.6474147,54.3407935],[18.6474563,54.3408275],[18.6472864,54.3408945],[18.6472303,54.3408475],[18.6471829,54.3408077],[18.6471081,54.3407416],[18.6470464,54.3406691]]]]},"properties":{"amenity":"community_centre","name":"Centrum Dolna Brama","office":"ngo"}},
{"type":"Feature","geometry":{"type":"MultiPolygon","coordinates":[[[[18.5605216,54.4404578],[18.5605454,54.4403447],[18.5605418,54.4403428],[18.560539,54.440338],[18.5605395,54.4403323],[18.560543,54.4403278],[18.560549,54.4403239],[18.5605736,54.440202],[18.5605966,54.4402034],[18.5606241,54.4402065],[18.5606703,54.4402099],[18.5606738,54.4402122],[18.5609475,54.4402371],[18.5611773,54.4402561],[18.5616817,54.4403046],[18.5616507,54.4404225],[18.5616339,54.4404867],[18.5616138,54.4405631],[18.5608965,54.440494],[18.5605216,54.4404578]]]]},"properties":{"amenity":"community_centre","name":"Młodzieżowy Dom Kultury"}},
{"type":"Feature","geometry":{"type":"MultiPolygon","coordinates":[[[[18.7125451,54.3571978],[18.7132139,54.3570906],[18.7138473,54.3569943],[18.7143206,54.3569223],[18.714372,54.3569145],[18.7146081,54.3568786],[18.7146404,54.3568736],[18.7147842,54.356852],[18.7147891,54.3569136],[18.7148494,54.3576763],[18.7148731,54.3579672],[18.7128733,54.3580751],[18.7128067,54.3578966],[18.712723,54.3576701],[18.7127153,54.3576471],[18.7126925,54.3575887],[18.7125522,54.3572131],[18.7125451,54.3571978]]]]},"properties":{"leisure":"sports_centre","operator":"Liga Obrony Kraju","operator:type":"ngo","sport":"sailing"}},
{"type":"Feature","geometry":{"type":"MultiPolygon","coordinates":[[[[18.7137488,54.3617046],[18.713755,54.361678],[18.713805,54.361512],[18.7138119,54.3614804],[18.7141745,54.3615153],[18.7141449,54.361623],[18.7141096,54.3616251],[18.7141041,54.3616281],[18.713978,54.3616879],[18.7139028,54.3617195],[18.7137488,54.3617046]]]]},"properties":{"access":"no","amenity":"community_centre","check_date":"2024-07-09"}},
{"type":"Feature","geometry":{"type":"MultiPolygon","coordinates":[[[[18.5594893,54.3768193],[18.5611077,54.3768202],[18.5611076,54.376857],[18.55949,54.3768526],[18.5594893,54.3768193]]]]},"properties":{"area":"yes","athletics":"sprint","leisure":"track","sport":"athletics"}},
{"type":"Feature","geometry":{"type":"MultiPolygon","coordinates":[[[[18.56438,54.449119],[18.5645977,54.4487811],[18.5646521,54.4487107],[18.5650813,54.4481562],[18.5651795,54.4481674],[18.5659926,54.4482598],[18.5660148,54.4482623],[18.5660751,54.4482977],[18.5653096,54.4493087],[18.5652651,54.449337],[18.5652189,54.4493473],[18.56438,54.449119]]]]},"properties":{"leisure":"sports_centre"}},
{"type":"Feature","geometry":{"type":"MultiPolygon","coordinates":[[[[18.5623638,54.4501009],[18.5626112,54.4497227],[18.5626362,54.4497275],[18.56267,54.449669],[18.5626913,54.4496323],[18.5627034,54.4496141],[18.5629153,54.4492959],[18.5631408,54.4489574],[18.5640347,54.4491779],[18.5640201,54.4492039],[18.5643121,54.4492818],[18.5651575,54.4495078],[18.5647687,54.450024],[18.5646498,54.4501823],[18.5641134,54.4502604],[18.5638374,54.4502233],[18.5634493,54.4501717],[18.5633545,54.4501379],[18.5633279,54.4501547],[18.5632459,54.4502588],[18.5628778,54.4501926],[18.5628414,54.4502474],[18.5628324,54.4502456],[18.5627265,54.4502269],[18.5627579,54.4501714],[18.5623638,54.4501009]]]]},"properties":{"leisure":"sports_centre"}},
{"type":"Feature","geometry":{"type":"MultiPolygon","coordinates":[[[[18.5604395,54.4502815],[18.5606438,54.4497925],[18.5610937,54.4498877],[18.5621377,54.4501177],[18.5618408,54.4505912],[18.5604395,54.4502815]]]]},"properties":{"leisure":"sports_centre"}},
{"type":"Feature","geometry":{"type":"MultiPolygon","coordinates":[[[[18.560739,54.4497265],[18.5610356,54.449028],[18.5609994,54.4489617],[18.5610108,54.4489362],[18.5610278,54.4488981],[18.5611276,54.4486699],[18.5611445,54.4486309],[18.5613748,54.4486634],[18.5614447,54.4485134],[18.5614754,54.4484737],[18.5625959,54.4487817],[18.5625331,54.4488789],[18.5625324,54.4488803],[18.5624765,54.4489676],[18.5622566,54.4493091],[18.5621001,54.4492739],[18.5620508,54.4492628],[18.5620136,54.4493078],[18.5616188,54.4492248],[18.5615943,54.449283],[18.5617604,54.4493192],[18.5619131,54.4493521],[18.5625489,54.4494954],[18.5621756,54.4500573],[18.5616968,54.4499726],[18.5613647,54.4499135],[18.5613915,54.4498716],[18.560739,54.4497265]]]]},"properties":{"leisure":"sports_centre"}},
{"type":"Feature","geometry":{"type":"MultiPolygon","coordinates":[[[[18.6168797,54.3658749],[18.6171963,54.3656396],[18.6173875,54.3655507],[18.6174464,54.3655843],[18.6174761,54.3656012],[18.6175048,54.3656176],[18.6175919,54.3655848],[18.617954,54.3657401],[18.6183117,54.3658897],[18.6189689,54.3661614],[18.6196485,54.3664354],[18.6201198,54.3666187],[18.6203365,54.3666955],[18.6206081,54.3667826],[18.6207087,54.3668036],[18.6208959,54.3668354],[18.6210872,54.3668642],[18.6221236,54.3670178],[18.6222543,54.3670339],[18.6223885,54.3670476],[18.622594,54.3670675],[18.6225878,54.3670952],[18.6225837,54.3671139],[18.6228294,54.3671253],[18.6228417,54.367088],[18.6243396,54.3671893],[18.6242466,54.3673113],[18.6242257,54.3674869],[18.6242654,54.3675294],[18.6246332,54.367562],[18.6246149,54.3676174],[18.6247748,54.367759],[18.6248645,54.3677992],[18.6255508,54.3678502],[18.625493,54.3676498],[18.625016,54.3675652],[18.6250137,54.3675174],[18.6251882,54.367524],[18.6252311,54.3675257],[18.6252585,54.367543],[18.6253428,54.3675513],[18.6254748,54.3675458],[18.6257984,54.3675335],[18.6259719,54.3678692],[18.6261336,54.368165],[18.6262646,54.3683608],[18.626229,54.3684062],[18.6262039,54.3684542],[18.6259827,54.3684268],[18.6251696,54.368326],[18.6251367,54.3683704],[18.6251055,54.3683644],[18.6251005,54.3683709],[18.6250439,54.3684272],[18.6249823,54.3684936],[18.6249654,54.3685118],[18.624955,54.368523],[18.625006,54.368538],[18.624848,54.368714],[18.6248134,54.3687546],[18.6248701,54.3687718],[18.624851,54.3687934],[18.624854,54.3687942],[18.6248495,54.3687995],[18.6248465,54.3687982],[18.6248362,54.3688098],[18.6248396,54.368811],[18.6248347,54.3688159],[18.6248313,54.368815],[18.6248213,54.3688262],[18.6248247,54.3688274],[18.6248203,54.3688323],[18.6248168,54.3688314],[18.6248065,54.3688426],[18.6248099,54.3688438],[18.6248054,54.368849],[18.624802,54.3688478],[18.6247832,54.3688689],[18.6247588,54.3688966],[18.6247257,54.3689287],[18.6223141,54.3689955],[18.6217103,54.3690197],[18.6216252,54.3690217],[18.6212721,54.3690136],[18.6211989,54.3690061],[18.621004,54.368985],[18.6209245,54.3689821],[18.6205897,54.3690172],[18.6203826,54.3690349],[18.619681,54.3690012],[18.6194241,54.3689665],[18.6188331,54.3687883],[18.6187094,54.3687031],[18.6183267,54.3685126],[18.6180488,54.3683118],[18.6179278,54.3679372],[18.6179355,54.3676447],[18.6178796,54.367564],[18.6177823,54.3675149],[18.6176823,54.3675007],[18.6176573,54.3674976],[18.6175062,54.3674172],[18.617371,54.36721],[18.6171135,54.3667045],[18.6169787,54.3661982],[18.6168797,54.3658749]]]]},"properties":{"leisure":"sports_centre"}},
{"type":"Feature","geometry":{"type":"MultiPolygon","coordinates":[[[[18.5912494,54.3064463],[18.5912532,54.3064297],[18.5912645,54.3064171],[18.5912777,54.3064106],[18.5912973,54.3064053],[18.5913187,54.3064048],[18.5913304,54.3064056],[18.5913572,54.3064197],[18.5913693,54.3064361],[18.5913638,54.3064592],[18.5913633,54.3064777],[18.591366,54.3064937],[18.5913814,54.3064995],[18.5913922,54.3064998],[18.5914035,54.3064971],[18.5914211,54.3064854],[18.5914422,54.3064708],[18.5914753,54.3064618],[18.5914964,54.3064624],[18.5915135,54.3064661],[18.5915383,54.3064817],[18.5915421,54.3064923],[18.5915399,54.3065019],[18.5915262,54.3065276],[18.591464,54.3065574],[18.5914178,54.3065712],[18.591401,54.3065745],[18.5913776,54.3065738],[18.5913556,54.3065687],[18.5913325,54.3065562],[18.5912513,54.3064571],[18.5912494,54.3064463]],[[18.591281,54.3064441],[18.5912956,54.3064653],[18.5913561,54.3065359],[18.591382,54.3065472],[18.5914128,54.3065452],[18.5914374,54.3065397],[18.591487,54.3065186],[18.5915017,54.3065051],[18.5915039,54.3064956],[18.5914986,54.3064883],[18.5914835,54.3064836],[18.5914656,54.3064884],[18.591453,54.3064974],[18.591426,54.3065202],[18.5913945,54.3065284],[18.5913627,54.3065257],[18.591344,54.3065154],[18.591333,54.3065016],[18.5913286,54.306457],[18.5913289,54.306433],[18.591316,54.3064252],[18.5912942,54.3064258],[18.5912832,54.3064342],[18.591281,54.3064441]]]]},"properties":{"description":"pumptrack","leisure":"track","sport":"cycling"}},
{"type":"Feature","geometry":{"type":"MultiPolygon","coordinates":[[[[18.6761828,54.3535726],[18.6762,54.3535489],[18.6763641,54.3533228],[18.6762537,54.3532955],[18.6762696,54.3532694],[18.6762937,54.3531923],[18.6763804,54.3528948],[18.6764303,54.3527821],[18.676476,54.3527081],[18.6762847,54.3524461],[18.6763712,54.3524253],[18.676573,54.3527109],[18.6766393,54.3527234],[18.6766627,54.3527643],[18.6766769,54.3527892],[18.6766909,54.3527929],[18.6766959,54.3528919],[18.6767883,54.3529335],[18.677144,54.3533623],[18.676839,54.353444],[18.676759,54.353465],[18.676562,54.353517],[18.676474,54.353541],[18.6762618,54.3535968],[18.6762156,54.3535827],[18.6761828,54.3535726]]]]},"properties":{"leisure":"sports_centre","sport":"water_sports"}},
{"type":"Feature","geometry":{"type":"MultiPolygon","coordinates":[[[[18.6305343,54.4040863],[18.630539,54.4040859],[18.6307705,54.4040686],[18.6310131,54.4040505],[18.6310371,54.4041591],[18.6309599,54.4041649],[18.630963,54.4041789],[18.6309341,54.4041811],[18.6309309,54.404167],[18.6308493,54.4041731],[18.6308548,54.4041981],[18.6308022,54.4042021],[18.6307517,54.4042058],[18.6307462,54.404181],[18.6305583,54.404195],[18.6305343,54.4040863]]]]},"properties":{"addr:city":"Gdańsk","addr:housenumber":"29A","addr:postcode":"80-506","addr:street":"Dworska","amenity":"arts_centre","building":"yes","building:levels":"1","mobile":"58 343 46 91","name":"Projektornia","operator":"Gdański Archipelag Kultury","source:addr":"Urząd Miasta Gdańsk","source:building":"BDOT","source:geometry":"EGiB","website":"https://gak.gda.pl/placowki/projektornia/"}},
{"type":"Feature","geometry":{"type":"MultiPolygon","coordinates":[[[[18.472314,54.368509],[18.473093,54.368457],[18.473111,54.368548],[18.47314,54.368546],[18.473156,54.368623],[18.473126,54.368625],[18.473188,54.368941],[18.473217000000003,54.368939],[18.473233,54.369017],[18.473203,54.369019],[18.4727811,54.3690472],[18.4727443,54.3690496],[18.472424,54.369071],[18.472422,54.3690606],[18.472314,54.368509]]]]},"properties":{"addr:city":"Gdańsk","addr:city:simc":"0933016","addr:housenumber":"11","addr:postcode":"80-298","addr:street":"Rakietowa","building":"commercial","email":"gdansk@e1gokart.pl","fee":"yes","leisure":"sports_centre","name":"E1gokart","opening_hours":"Mo-Fr 14:00-22:00; Sa 09:00-22:00; Su 09:00-21:00","payment:cash":"yes","payment:credit_cards":"yes","phone":"+48608111708","source:addr":"gugik.gov.pl","source:building":"EGiB","sport":"karting","website":"https://gdansk.e1gokart.pl/"}},
{"type":"Feature","geometry":{"type":"MultiPolygon","coordinates":[[[[18.4841772,54.316029],[18.4860749,54.3122452],[18.4887086,54.312793],[18.4874547,54.3152857],[18.4885882,54.3155599],[18.4886419,54.3155953],[18.4880423,54.3169077],[18.486332,54.3166721],[18.4864763,54.3163905],[18.4841772,54.316029]]]]},"properties":{"addr:city":"Sulmin","addr:postcode":"83-331","addr:street":"Bursztynowa","contact:facebook":"https://www.facebook.com/asgaction","email":"trojmiasto@asg-action.pl","leisure":"sports_centre","name":"ASG action","operator":"ASG action","operator:type":"private","sport":"shooting"}},
{"type":"Feature","geometry":{"type":"MultiPolygon","coordinates":[[[[18.5647309,54.4337065],[18.5648652,54.4332566],[18.5650586,54.432991],[18.5651477,54.4328627],[18.5652592,54.432698],[18.5653091,54.4326272],[18.5654938,54.4324092],[18.5657162,54.4322618],[18.5661258,54.432479],[18.5662419,54.4325394],[18.5669656,54.4329146],[18.56691,54.4331813],[18.5669214,54.4331981],[18.5667564,54.4337399],[18.5667906,54.4337442],[18.5668362,54.43375],[18.5668515,54.4337571],[18.5671934,54.4339166],[18.5665378,54.4343579],[18.5664997,54.4343837],[18.5664292,54.4344316],[18.5660218,54.4343768],[18.5651716,54.4342521],[18.5649775,54.434227],[18.5650448,54.4340002],[18.5650887,54.4338522],[18.5647309,54.4337065]]]]},"properties":{"leisure":"sports_centre"}},
{"type":"Feature","geometry":{"type":"MultiPolygon","coordinates":[[[[18.6762423,54.3536244],[18.6762618,54.3535968],[18.676474,54.353541],[18.676562,54.353517],[18.676759,54.353465],[18.676839,54.353444],[18.677144,54.3533623],[18.6775502,54.353852],[18.6772622,54.3539288],[18.677217,54.3539229],[18.6769369,54.3540011],[18.6769254,54.3540083],[18.6765175,54.3538179],[18.6764158,54.3537955],[18.6764436,54.3537765],[18.6764766,54.3537539],[18.6765224,54.3537224],[18.6763635,54.3536638],[18.6762423,54.3536244]]]]},"properties":{"leisure":"sports_centre","name":"Centrum Sportów Wodnych","sport":"water_sports"}},
{"type":"Feature","geometry":{"type":"MultiPolygon","coordinates":[[[[18.5371677,54.4467628],[18.537478,54.446109],[18.5381172,54.4455607],[18.5389855,54.4459753],[18.5390218,54.4459837],[18.5396772,54.446137],[18.5397522,54.4463885],[18.539427,54.4466094],[18.539051,54.4468718],[18.5390724,54.4468987],[18.539085,54.4469165],[18.5390504,54.4470038],[18.5390186,54.4469986],[18.5389929,54.447034],[18.5371677,54.4467628]]]]},"properties":{"leisure":"sports_centre","operator":"MOSiR Sopot"}},
{"type":"Feature","geometry":{"type":"MultiPolygon","coordinates":[[[[18.6143325,54.3779847],[18.6143507,54.3779788],[18.6145752,54.3782141],[18.614557,54.37822],[18.6143325,54.3779847]]]]},"properties":{"area":"yes","athletics":"long_jump","lanes":"1","leisure":"track","sport":"athletics","surface":"tartan"}},
{"type":"Feature","geometry":{"type":"MultiPolygon","coordinates":[[[[18.6241006,54.4135158],[18.624127,54.4134506],[18.6242081,54.4134673],[18.6242409,54.413401],[18.6243434,54.413414],[18.6243046,54.4134911],[18.6243002,54.413503],[18.6245575,54.4137294],[18.6245742,54.4137356],[18.6246021,54.4137588],[18.6246939,54.4137712],[18.6246732,54.4138354],[18.6249619,54.4140928],[18.6250083,54.4140781],[18.6250826,54.4141493],[18.6250587,54.4141582],[18.6250406,54.414165],[18.6250898,54.4142099],[18.6252227,54.4143348],[18.6252315,54.4143391],[18.625243,54.4143456],[18.6252658,54.4143537],[18.625468,54.4142793],[18.6255099,54.4143211],[18.6252964,54.4143993],[18.6255218,54.4146087],[18.6256289,54.4146269],[18.625613,54.4146861],[18.6256302,54.4147074],[18.6256542,54.4147372],[18.6255697,54.4147658],[18.6255383,54.4147414],[18.6255085,54.4147182],[18.6254001,54.4147],[18.6254228,54.4146396],[18.6252106,54.4144403],[18.6251654,54.4144574],[18.6250896,54.4143877],[18.6251335,54.4143703],[18.6249492,54.4141977],[18.6249052,54.4142136],[18.6248308,54.4141439],[18.6248678,54.4141305],[18.6245788,54.4138656],[18.6244697,54.4138521],[18.6244917,54.4137952],[18.6244638,54.41377],[18.6244644,54.4137592],[18.624215,54.4135324],[18.6241721,54.4135262],[18.6241006,54.4135158]]]]},"properties":{"bicycle":"no","highway":"pedestrian","layer":"1","lit":"yes","man_made":"pier","name":"Molo w Brzeźnie","surface":"wood","tourism":"attraction","wheelchair":"yes","wikidata":"Q24945334","wikipedia":"pl:Molo w Brzeźnie"}}
]}
