{"type":"FeatureCollection","features":[
{"type":"Feature","geometry":{"type":"Point","coordinates":[18.6595089,54.3550628]},"properties":{"barrier":"gate"}},
{"type":"Feature","geometry":{"type":"Point","coordinates":[18.4790736,54.4209492]},"properties":{"addr:city":"Gdańsk","addr:housenumber":"57","addr:street":"Wodnika","amenity":"school","email":"sekretariat@ZSO2.edu.gdansk.pl","fax":"+48 58 340 75 62","name":"Szkoła Podstawowa nr 33 im. Stefana Banacha w Gdańsku","phone":"+48 58 340 75 60","website":"https://zso2.edu.gdansk.pl/"}},
{"type":"Feature","geometry":{"type":"Point","coordinates":[18.5705346,54.4349205]},"properties":{"barrier":"gate"}},
{"type":"Feature","geometry":{"type":"Point","coordinates":[18.5571803,54.4342366]},"properties":{"addr:city":"Sopot","addr:housenumber":"1","addr:street":"Jana Kasprowicza","amenity":"kindergarten"}},
{"type":"Feature","geometry":{"type":"Point","coordinates":[18.5584275,54.436948]},"properties":{"addr:city":"Sopot","addr:housenumber":"58","addr:street":"Armii Krajowej","amenity":"kindergarten","capacity":"84","email":"dyrektorzlobka@wp.pl","isced:level":"0","name":"Żłobek Puchatek","nursery":"yes","opening_hours":"Mo-Fr 6:30-17:00","operator":"Gmina Miasta Sopotu","operator:website":"www.sopot.pl","phone":"+48 58 551 10 88","source:amenity":"Rejestr Żłobków na dzień 13.01.2023","website":"https://zlobekpuchatek.pl/"}},
{"type":"Feature","geometry":{"type":"Point","coordinates":[18.5655726,54.3425302]},"properties":{"addr:city":"Gdańsk","addr:housenumber":"26","addr:street":"Pólnicy","amenity":"kindergarten"}},
{"type":"Feature","geometry":{"type":"Point","coordinates":[18.5506999,54.3427741]},"properties":{"addr:city":"Gdańsk","addr:housenumber":"2","addr:postcode":"80-175","addr:street":"Rysia","amenity":"kindergarten","check_date":"2022-10-14","name":"Bajeczne Przedszkola","preschool":"yes","wheelchair":"no"}},
{"type":"Feature","geometry":{"type":"Point","coordinates":[18.6573641,54.3551772]},"properties":{"barrier":"gate"}},
{"type":"Feature","geometry":{"type":"Point","coordinates":[18.6549958,54.3560663]},"properties":{"barrier":"gate"}},
{"type":"Feature","geometry":{"type":"Point","coordinates":[18.6524427,54.3548492]},"properties":{"barrier":"gate"}},
{"type":"Feature","geometry":{"type":"Point","coordinates":[18.6554045,54.3525061]},"properties":{"barrier":"gate"}},
{"type":"Feature","geometry":{"type":"Point","coordinates":[18.5755294,54.3580953]},"properties":{"barrier":"gate"}},
{"type":"Feature","geometry":{"type":"Point","coordinates":[18.5900639,54.3162182]},"properties":{"barrier":"gate"}},
{"type":"Feature","geometry":{"type":"Point","coordinates":[18.590176,54.3166507]},"properties":{"barrier":"gate"}},
{"type":"Feature","geometry":{"type":"Point","coordinates":[18.5900501,54.3162525]},"properties":{"barrier":"gate"}},
{"type":"Feature","geometry":{"type":"Point","coordinates":[18.5737449,54.3577207]},"properties":{"barrier":"gate"}},
{"type":"Feature","geometry":{"type":"Point","coordinates":[18.6448988,54.3607062]},"properties":{"addr:city":"Gdańsk","addr:housenumber":"11","addr:postcode":"80-866","addr:street":"Gdyńskich Kosynierów","addr:unit":"8","amenity":"school","email":"alo@oswiatalingwista.eu","fax":"58 303 33 00","name":"Akademickie Liceum Ogólnokształcące \"Lingwista\"","operator":"“Oświata-Lingwista” Nadbałtyckie Centrum Edukacji","operator:type":"private","phone":"58 300 06 05","website":"https://www.akademickieliceum.eu","wheelchair":"no"}},
{"type":"Feature","geometry":{"type":"Point","coordinates":[18.5908223,54.3623798]},"properties":{"barrier":"gate"}},
{"type":"Feature","geometry":{"type":"Point","coordinates":[18.5812987,54.3549637]},"properties":{"barrier":"gate"}},
{"type":"Feature","geometry":{"type":"Point","coordinates":[18.6281389,54.3516417]},"properties":{"barrier":"gate"}},
{"type":"Feature","geometry":{"type":"Point","coordinates":[18.6262591,54.3516072]},"properties":{"barrier":"gate"}},
{"type":"Feature","geometry":{"type":"Point","coordinates":[18.6282977,54.3521385]},"properties":{"barrier":"gate"}},
{"type":"Feature","geometry":{"type":"Point","coordinates":[18.4182185,54.439499]},"properties":{"barrier":"gate"}},
{"type":"Feature","geometry":{"type":"Point","coordinates":[18.6239588,54.3272439]},"properties":{"barrier":"gate"}},
{"type":"Feature","geometry":{"type":"Point","coordinates":[18.6492591,54.3581224]},"properties":{"barrier":"gate"}},
{"type":"Feature","geometry":{"type":"Point","coordinates":[18.6104723,54.3611558]},"properties":{"barrier":"gate"}},
{"type":"Feature","geometry":{"type":"Point","coordinates":[18.6250134,54.3265763]},"properties":{"barrier":"gate"}},
{"type":"Feature","geometry":{"type":"Point","coordinates":[18.6248288,54.3266988]},"properties":{"barrier":"gate"}},
{"type":"Feature","geometry":{"type":"Point","coordinates":[18.5743412,54.3578362]},"properties":{"barrier":"gate"}},
{"type":"Feature","geometry":{"type":"Point","coordinates":[18.6586672,54.3556741]},"properties":{"barrier":"gate"}},
{"type":"Feature","geometry":{"type":"Point","coordinates":[18.5879189,54.3628241]},"properties":{"barrier":"gate"}},
{"type":"Feature","geometry":{"type":"Point","coordinates":[18.5692679,54.3055824]},"properties":{"entrance":"main"}},
{"type":"Feature","geometry":{"type":"Point","coordinates":[18.5771489,54.3014866]},"properties":{"barrier":"gate","foot":"yes"}},
{"type":"Feature","geometry":{"type":"Point","coordinates":[18.7115211,54.3619162]},"properties":{"barrier":"gate"}},
{"type":"Feature","geometry":{"type":"Point","coordinates":[18.4791667,54.4208604]},"properties":{"addr:city":"Gdańsk","addr:housenumber":"57","addr:street":"Wodnika","amenity":"school","email":"sekretariat@ZSO2.edu.gdansk.pl","fax":"+48 58 340 75 62","isced:level":"3","name":"XXIV Liceum Ogólnokształcące im. Stefana Banacha","operator":"Miasto Gdańsk","operator:type":"public","phone":"+48 58 340 75 60","website":"https://zso2.edu.gdansk.pl/"}},
{"type":"Feature","geometry":{"type":"Point","coordinates":[18.4794565,54.4204203]},"properties":{"barrier":"gate"}},
{"type":"Feature","geometry":{"type":"Point","coordinates":[18.4808768,54.4206445]},"properties":{"barrier":"gate"}},
{"type":"Feature","geometry":{"type":"Point","coordinates":[18.5954546,54.3774663]},"properties":{"barrier":"gate"}},
{"type":"Feature","geometry":{"type":"Point","coordinates":[18.5331573,54.3518258]},"properties":{"amenity":"kindergarten","name":"Wiszący Ogródek"}},
{"type":"Feature","geometry":{"type":"Point","coordinates":[18.5628412,54.3501497]},"properties":{"amenity":"kindergarten"}},
{"type":"Feature","geometry":{"type":"Point","coordinates":[18.5308403,54.3504225]},"properties":{"addr:city":"Gdańsk","addr:housenumber":"8/5","addr:street":"Sympatyczna","amenity":"kindergarten","name":"Słoneczny Ogród"}},
{"type":"Feature","geometry":{"type":"Point","coordinates":[18.5849786,54.3251582]},"properties":{"barrier":"gate"}},
{"type":"Feature","geometry":{"type":"Point","coordinates":[18.582743,54.3253212]},"properties":{"barrier":"gate"}},
{"type":"Feature","geometry":{"type":"Point","coordinates":[18.5857209,54.3249665]},"properties":{"barrier":"gate"}},
{"type":"Feature","geometry":{"type":"Point","coordinates":[18.562491,54.3769464]},"properties":{"barrier":"gate"}},
{"type":"Feature","geometry":{"type":"Point","coordinates":[18.5613563,54.3757384]},"properties":{"barrier":"gate"}},
{"type":"Feature","geometry":{"type":"Point","coordinates":[18.6026586,54.3782644]},"properties":{"barrier":"gate"}},
{"type":"Feature","geometry":{"type":"Point","coordinates":[18.6045206,54.4023481]},"properties":{"addr:city":"Gdańsk","addr:housenumber":"9","addr:street":"Janusza Meissnera","amenity":"school","contact:email":"zso_8@wp.pl","contact:phone":"+48583469432","name":"Szkoła Podstawowa nr 5 im. Jana Pawła II","website":"https://zso8.edu.gdansk.pl/","wheelchair":"yes"}},
{"type":"Feature","geometry":{"type":"Point","coordinates":[18.6042732,54.4020343]},"properties":{"addr:city":"Gdańsk","addr:housenumber":"9","addr:street":"Janusza Meissnera","amenity":"school","email":"sekretariat@zso8.edu.gdansk.pl","isced:level":"3","name":"XIV Liceum Ogólnokształcące im. Jana Pawła II","operator":"Miasto Gdańsk","operator:type":"public","phone":"+48 58 346 94 32","website":"https://lo14.edu.gdansk.pl/","wheelchair":"yes"}},
{"type":"Feature","geometry":{"type":"Point","coordinates":[18.4649131,54.4300224]},"properties":{"barrier":"gate"}},
{"type":"Feature","geometry":{"type":"Point","coordinates":[18.5986879,54.4113936]},"properties":{"access":"permit","barrier":"gate"}},
{"type":"Feature","geometry":{"type":"Point","coordinates":[18.5944539,54.4120073]},"properties":{"access":"permit","barrier":"gate"}},
{"type":"Feature","geometry":{"type":"Point","coordinates":[18.6214156,54.3788685]},"properties":{"access":"no","barrier":"gate"}},
{"type":"Feature","geometry":{"type":"Point","coordinates":[18.6007867,54.4021662]},"properties":{"access":"private","barrier":"gate"}},
{"type":"Feature","geometry":{"type":"Point","coordinates":[18.5928114,54.4056978]},"properties":{"barrier":"gate"}},
{"type":"Feature","geometry":{"type":"Point","coordinates":[18.4788029,54.4210339]},"properties":{"barrier":"gate","bicycle":"yes","foot":"yes"}},
{"type":"Feature","geometry":{"type":"Point","coordinates":[18.5707067,54.4343091]},"properties":{"amenity":"kindergarten","check_date":"2023-08-11","name":"Żłobek niepubliczny"}},
{"type":"Feature","geometry":{"type":"Point","coordinates":[18.5732062,54.3517583]},"properties":{"addr:city":"Gdańsk","addr:housenumber":"33G","addr:postcode":"80-283","addr:street":"Myśliwska","amenity":"kindergarten","name":"Przedszkole Niepubliczne Bajkoland","phone":"791 274 454","website":"https://www.gdansk.bajkoland-przedszkole.pl/","wheelchair":"yes"}},
{"type":"Feature","geometry":{"type":"Point","coordinates":[18.5972842,54.3326083]},"properties":{"amenity":"kindergarten","check_date":"2024-07-23","name":"Morskie Przedszkole Niepubliczne"}},
{"type":"Feature","geometry":{"type":"Point","coordinates":[18.4782263,54.4221276]},"properties":{"amenity":"school","name":"Szkoła języków europejskich Universus"}},
{"type":"Feature","geometry":{"type":"Point","coordinates":[18.6257974,54.3673362]},"properties":{"barrier":"gate","foot":"yes","vehicle":"private"}},
{"type":"Feature","geometry":{"type":"Point","coordinates":[18.6005103,54.4026876]},"properties":{"access":"private","barrier":"gate"}},
{"type":"Feature","geometry":{"type":"Point","coordinates":[18.5843825,54.4085484]},"properties":{"entrance":"yes"}},
{"type":"Feature","geometry":{"type":"Point","coordinates":[18.5598047,54.3433191]},"properties":{"access":"permissive","barrier":"gate","bicycle":"yes","foot":"yes","horse":"no","motor_vehicle":"no"}},
{"type":"Feature","geometry":{"type":"Point","coordinates":[18.711888,54.3612185]},"properties":{"access":"no","barrier":"gate"}},
{"type":"Feature","geometry":{"type":"Point","coordinates":[18.5931754,54.3576287]},"properties":{"barrier":"gate"}},
{"type":"Feature","geometry":{"type":"Point","coordinates":[18.5804786,54.3611269]},"properties":{"barrier":"gate"}},
{"type":"Feature","geometry":{"type":"Point","coordinates":[18.5931549,54.3576367]},"properties":{"barrier":"gate"}},
{"type":"Feature","geometry":{"type":"Point","coordinates":[18.5915024,54.3582704]},"properties":{"barrier":"gate"}},
{"type":"Feature","geometry":{"type":"Point","coordinates":[18.5914839,54.3582924]},"properties":{"barrier":"gate"}},
{"type":"Feature","geometry":{"type":"Point","coordinates":[18.5920635,54.3588938]},"properties":{"barrier":"gate"}},
{"type":"Feature","geometry":{"type":"Point","coordinates":[18.6060501,54.37909]},"properties":{"addr:postcode":"80-264","addr:street":"Romana Dmowskiego","amenity":"school","isced:level":"1","name":"Szkoła Muzyczna 1 stopnia imienia Grażyny Bacewicz","opening_hours":"Mo-Fr 8:00-20:00; Sa 9:00-14:00","phone":"+48 58 341 92 13","website":"http://zsm-gdansk.edu.pl/"}},
{"type":"Feature","geometry":{"type":"Point","coordinates":[18.6649071,54.3503109]},"properties":{"barrier":"gate"}},
{"type":"Feature","geometry":{"type":"Point","coordinates":[18.4831321,54.388019]},"properties":{"barrier":"gate"}},
{"type":"Feature","geometry":{"type":"Point","coordinates":[18.4829927,54.3881946]},"properties":{"barrier":"gate"}},
{"type":"Feature","geometry":{"type":"Point","coordinates":[18.589471,54.4126649]},"properties":{"access":"permit","barrier":"gate"}},
{"type":"Feature","geometry":{"type":"Point","coordinates":[18.4698228,54.4300417]},"properties":{"barrier":"gate","bicycle":"no","foot":"no"}},
{"type":"Feature","geometry":{"type":"Point","coordinates":[18.5576922,54.4095221]},"properties":{"barrier":"gate"}},
{"type":"Feature","geometry":{"type":"Point","coordinates":[18.5598966,54.4060625]},"properties":{"access":"no","barrier":"gate","bicycle":"yes","foot":"yes","motor_vehicle":"yes"}},
{"type":"Feature","geometry":{"type":"Point","coordinates":[18.5599181,54.4059757]},"properties":{"access":"permissive","barrier":"gate","bicycle":"permissive","foot":"permissive","horse":"no","motor_vehicle":"no"}},
{"type":"Feature","geometry":{"type":"Point","coordinates":[18.4023836,54.3946645]},"properties":{"addr:city":"Banino","addr:housenumber":"9","addr:postcode":"80-297","addr:street":"Borowiecka","amenity":"kindergarten","isced:level":"0","name":"Tęczowa Przygoda"}},
{"type":"Feature","geometry":{"type":"Point","coordinates":[18.5961861,54.2984671]},"properties":{"barrier":"gate"}},
{"type":"Feature","geometry":{"type":"Point","coordinates":[18.5940146,54.2980512]},"properties":{"entrance":"yes"}},
{"type":"Feature","geometry":{"type":"Point","coordinates":[18.4680288,54.4348049]},"properties":{"access":"private","barrier":"gate"}},
{"type":"Feature","geometry":{"type":"Point","coordinates":[18.5971177,54.3324116]},"properties":{"addr:city":"Gdańsk","addr:housenumber":"17","addr:postcode":"80-809","addr:street":"Rogalińska","amenity":"school","denomination":"roman_catholic","grades":"1-8","name":"Morska  Szkoła Podstawowa im.Aleksandra Doby w Gdańsku","religion":"christian","website":"https://morskaszkola.pl/"}},
{"type":"Feature","geometry":{"type":"Point","coordinates":[18.5538062,54.3454447]},"properties":{"barrier":"gate"}},
{"type":"Feature","geometry":{"type":"Point","coordinates":[18.480633,54.353097]},"properties":{"entrance":"yes"}},
{"type":"Feature","geometry":{"type":"Point","coordinates":[18.4811144,54.3535779]},"properties":{"entrance":"main"}},
{"type":"Feature","geometry":{"type":"Point","coordinates":[18.4811072,54.3531743]},"properties":{"entrance":"yes"}},
{"type":"Feature","geometry":{"type":"Point","coordinates":[18.4808403,54.3538471]},"properties":{"access":"private","barrier":"gate"}},
{"type":"Feature","geometry":{"type":"Point","coordinates":[18.5082014,54.3397535]},"properties":{"barrier":"gate"}},
{"type":"Feature","geometry":{"type":"Point","coordinates":[18.4182401,54.4400937]},"properties":{"barrier":"gate"}},
{"type":"Feature","geometry":{"type":"Point","coordinates":[18.5927279,54.418804]},"properties":{"barrier":"gate"}},
{"type":"Feature","geometry":{"type":"Point","coordinates":[18.5574191,54.3313254]},"properties":{"amenity":"kindergarten","name":"Kotek Mamrotek"}},
{"type":"Feature","geometry":{"type":"Point","coordinates":[18.5987414,54.3461011]},"properties":{"barrier":"gate"}},
{"type":"Feature","geometry":{"type":"Point","coordinates":[18.6301927,54.3664617]},"properties":{"amenity":"kindergarten","check_date":"2023-07-04","name":"Iskierka"}},
{"type":"Feature","geometry":{"type":"Point","coordinates":[18.585382,54.3899192]},"properties":{"access":"permissive","barrier":"gate"}},
{"type":"Feature","geometry":{"type":"Point","coordinates":[18.5962722,54.2984405]},"properties":{"barrier":"gate","entrance":"main"}},
{"type":"Feature","geometry":{"type":"Point","coordinates":[18.5847376,54.3188757]},"properties":{"amenity":"kindergarten","name":"Bajkowy Domek","phone":"+48 58 771 12 22"}},
{"type":"Feature","geometry":{"type":"Point","coordinates":[18.5991004,54.331826]},"properties":{"barrier":"gate"}},
{"type":"Feature","geometry":{"type":"Point","coordinates":[18.6262475,54.3837183]},"properties":{"entrance":"yes"}},
{"type":"Feature","geometry":{"type":"Point","coordinates":[18.5132064,54.3519654]},"properties":{"access":"no","barrier":"lift_gate"}},
{"type":"Feature","geometry":{"type":"Point","coordinates":[18.6267753,54.3835846]},"properties":{"barrier":"gate"}},
{"type":"Feature","geometry":{"type":"Point","coordinates":[18.5554851,54.4157306]},"properties":{"access":"no","barrier":"gate","foot":"no","motor_vehicle":"yes"}},
{"type":"Feature","geometry":{"type":"Point","coordinates":[18.5559089,54.4157785]},"properties":{"access":"no","barrier":"gate","foot":"yes","motor_vehicle":"no"}},
{"type":"Feature","geometry":{"type":"Point","coordinates":[18.6571359,54.4016549]},"properties":{"barrier":"gate"}},
{"type":"Feature","geometry":{"type":"Point","coordinates":[18.657165,54.4021271]},"properties":{"barrier":"gate"}},
{"type":"Feature","geometry":{"type":"Point","coordinates":[18.6318767,54.3813468]},"properties":{"barrier":"gate"}},
{"type":"Feature","geometry":{"type":"Point","coordinates":[18.6018208,54.3222788]},"properties":{"barrier":"gate"}},
{"type":"Feature","geometry":{"type":"Point","coordinates":[18.5931801,54.4122287]},"properties":{"access":"permit","barrier":"gate"}},
{"type":"Feature","geometry":{"type":"Point","coordinates":[18.5657751,54.3733744]},"properties":{"access":"private","barrier":"gate"}},
{"type":"Feature","geometry":{"type":"Point","coordinates":[18.5652732,54.3735081]},"properties":{"access":"permissive","barrier":"gate","bicycle":"yes","entrance":"yes","foot":"yes"}},
{"type":"Feature","geometry":{"type":"Point","coordinates":[18.5902802,54.3962371]},"properties":{"amenity":"kindergarten","name":"Przedszkole"}},
{"type":"Feature","geometry":{"type":"Point","coordinates":[18.6085263,54.3702732]},"properties":{"barrier":"gate"}},
{"type":"Feature","geometry":{"type":"Point","coordinates":[18.570165,54.4029158]},"properties":{"amenity":"kindergarten","name":"Biały Kotek","opening_hours":"Mo-Fr 06:30-18:00","website":"http://www.bialykotek.pl"}},
{"type":"Feature","geometry":{"type":"Point","coordinates":[18.581708,54.325353]},"properties":{"barrier":"gate","motor_vehicle":"designated"}},
{"type":"Feature","geometry":{"type":"Point","coordinates":[18.5814998,54.3253558]},"properties":{"barrier":"gate","foot":"designated"}},
{"type":"Feature","geometry":{"type":"Point","coordinates":[18.3990713,54.3950404]},"properties":{"access":"permissive","barrier":"gate","bicycle":"no","foot":"no","horse":"no","motorcar":"no","motorcycle":"no"}},
{"type":"Feature","geometry":{"type":"Point","coordinates":[18.3988604,54.3953484]},"properties":{"access":"permissive","barrier":"gate","bicycle":"no","foot":"yes","horse":"no","motorcar":"no","motorcycle":"no"}},
{"type":"Feature","geometry":{"type":"Point","coordinates":[18.4088279,54.3961417]},"properties":{"addr:city":"Banino","addr:housenumber":"17","addr:postcode":"80-297","addr:street":"Sosnowa","amenity":"kindergarten","email":"biuro@przedszkolebanino.pl","isced:level":"0","name":"Niezapominajka","phone":"+48 605 11 55 33","phone:2":"+48 691 355 365","website":"http://przedszkolebanino.pl"}},
{"type":"Feature","geometry":{"type":"Point","coordinates":[18.5767837,54.4222598]},"properties":{"barrier":"gate"}},
{"type":"Feature","geometry":{"type":"Point","coordinates":[18.5762366,54.4225888]},"properties":{"barrier":"gate"}},
{"type":"Feature","geometry":{"type":"Point","coordinates":[18.5752361,54.4217908]},"properties":{"barrier":"gate"}},
{"type":"Feature","geometry":{"type":"Point","coordinates":[18.6121763,54.360105]},"properties":{"barrier":"gate"}},
{"type":"Feature","geometry":{"type":"Point","coordinates":[18.6117166,54.3611382]},"properties":{"barrier":"gate"}},
{"type":"Feature","geometry":{"type":"Point","coordinates":[18.6105136,54.3611747]},"properties":{"barrier":"gate"}},
{"type":"Feature","geometry":{"type":"Point","coordinates":[18.5621335,54.3442147]},"properties":{"barrier":"gate","bicycle":"no","foot":"no","horse":"no","motor_vehicle":"permissive"}},
{"type":"Feature","geometry":{"type":"Point","coordinates":[18.5619186,54.3434647]},"properties":{"entrance":"main","level":"0"}},
{"type":"Feature","geometry":{"type":"Point","coordinates":[18.5622483,54.344189]},"properties":{"entrance":"service"}},
{"type":"Feature","geometry":{"type":"Point","coordinates":[18.5615878,54.3430978]},"properties":{"barrier":"gate","bicycle":"yes","foot":"yes","horse":"no","motor_vehicle":"no"}},
{"type":"Feature","geometry":{"type":"Point","coordinates":[18.561619,54.3431243]},"properties":{"access":"emergency","barrier":"gate"}},
{"type":"Feature","geometry":{"type":"Point","coordinates":[18.5615624,54.34434]},"properties":{"barrier":"gate","bicycle":"yes","foot":"yes","horse":"no","motor_vehicle":"no"}},
{"type":"Feature","geometry":{"type":"Point","coordinates":[18.6007855,54.3257583]},"properties":{"addr:city":"Gdańsk","addr:housenumber":"74","addr:postcode":"80-180","addr:street":"Kozacza Góra","amenity":"kindergarten","description":"Chrześcijańskie Przedszkole Montessori nr 2 w Gdańsku","email":"kontakt@montessori.gda.pl","name":"Chrześcijańskie Przedszkole Montessori nr 2","phone":"+48603050456","start_date":"2017-09-01","website":"https://www.montessori.gda.pl/"}},
{"type":"Feature","geometry":{"type":"Point","coordinates":[18.6006044,54.3256758]},"properties":{"addr:city":"Gdańsk","addr:housenumber":"74","addr:postcode":"80-180","addr:street":"Kozacza Góra","amenity":"school","description":"Chrześcijańska Szkoła Montessori nr 2 - Szkoła Podstawowa","email":"kontakt@montessori.gda.pl","name":"Chrześcijańska Szkoła Montessori nr 2","phone":"+48 691518395","website":"https://www.montessori.gda.pl/"}},
{"type":"Feature","geometry":{"type":"Point","coordinates":[18.5586746,54.3488274]},"properties":{"addr:city":"Gdańsk","addr:housenumber":"65D/2","addr:postcode":"80-283","addr:street":"Myśliwska","amenity":"kindergarten","email":"tygryskowakraina@tlen.pl","name":"Przedszkole Tygryskowa Kraina"}},
{"type":"Feature","geometry":{"type":"Point","coordinates":[18.4788046,54.4213782]},"properties":{"barrier":"gate"}},
{"type":"Feature","geometry":{"type":"Point","coordinates":[18.47472,54.4236321]},"properties":{"barrier":"gate"}},
{"type":"Feature","geometry":{"type":"Point","coordinates":[18.5878042,54.302214]},"properties":{"amenity":"kindergarten"}},
{"type":"Feature","geometry":{"type":"Point","coordinates":[18.575979,54.4048997]},"properties":{"amenity":"kindergarten","name":"Przedszkole niepubliczne \"Little Harvard\""}},
{"type":"Feature","geometry":{"type":"Point","coordinates":[18.4062521,54.391269]},"properties":{"addr:city":"Banino","addr:housenumber":"4","addr:postcode":"80-297","addr:street":"Lipowa","amenity":"kindergarten","email":"przedszkolandia.banino@wp.pl","name":"Przedszkolandia","phone":"+48 513 031 070"}},
{"type":"Feature","geometry":{"type":"Point","coordinates":[18.468663,54.4307251]},"properties":{"barrier":"gate","bicycle":"yes","foot":"yes"}},
{"type":"Feature","geometry":{"type":"Point","coordinates":[18.5865432,54.4081132]},"properties":{"barrier":"gate"}},
{"type":"Feature","geometry":{"type":"Point","coordinates":[18.605303,54.3768597]},"properties":{"addr:city":"Gdańsk","addr:housenumber":"8/106","addr:postcode":"80-254","addr:street":"Partyzantów","amenity":"kindergarten","email":"calineczka@jezykowo-muzyczne.pl","name":"Przedszkole Niepubliczne Językowo – Muzyczne Calineczka","opening_hours":"Mo-Fr 07:00-17:00","phone":"+48 535 555 090","phone_1":"+48 535 555 080","preschool":"yes","website":"http://calineczkagda.edu.pl/"}},
{"type":"Feature","geometry":{"type":"Point","coordinates":[18.5950255,54.3971132]},"properties":{"addr:city":"Gdańsk","addr:housenumber":"4A","addr:postcode":"80-461","addr:street":"Startowa","amenity":"kindergarten","description":"Żłobek i przedszkole MegaMocni Zaspa","email":"zaspa@megamocni.edu.pl","name":"MegaMocni","nursery":"yes","opening_hours":"Mo-Su 06:30-17:30","phone":"517232091","preschool":"yes","strapline":"żłobek i przedszkole","website":"https://megamocni.edu.pl/przedszkole/megamocni-zaspa"}},
{"type":"Feature","geometry":{"type":"Point","coordinates":[18.6216133,54.3804244]},"properties":{"barrier":"gate"}},
{"type":"Feature","geometry":{"type":"Point","coordinates":[18.5940138,54.2981394]},"properties":{"barrier":"gate"}},
{"type":"Feature","geometry":{"type":"Point","coordinates":[18.5120606,54.3510943]},"properties":{"access":"no","entrance":"yes"}},
{"type":"Feature","geometry":{"type":"Point","coordinates":[18.5967655,54.2983807]},"properties":{"barrier":"gate"}},
{"type":"Feature","geometry":{"type":"Point","coordinates":[18.5966818,54.2983853]},"properties":{"barrier":"gate","entrance":"main"}},
{"type":"Feature","geometry":{"type":"Point","coordinates":[18.5881271,54.3200164]},"properties":{"barrier":"gate"}},
{"type":"Feature","geometry":{"type":"Point","coordinates":[18.5892071,54.3203156]},"properties":{"barrier":"gate"}},
{"type":"Feature","geometry":{"type":"Point","coordinates":[18.4003433,54.3958114]},"properties":{"access":"permissive","barrier":"gate","bicycle":"yes","foot":"yes","horse":"no","motorcar":"no","motorcycle":"no"}},
{"type":"Feature","geometry":{"type":"Point","coordinates":[18.3989275,54.3966985]},"properties":{"access":"permissive","barrier":"gate","bicycle":"yes","foot":"yes","horse":"no","motorcar":"no","motorcycle":"no"}},
{"type":"Feature","geometry":{"type":"Point","coordinates":[18.399037,54.396022]},"properties":{"access":"permissive","barrier":"gate","bicycle":"no","foot":"no","horse":"no","motorcar":"no","motorcycle":"no"}},
{"type":"Feature","geometry":{"type":"Point","coordinates":[18.7122845,54.3612645]},"properties":{"barrier":"gate","bicycle":"yes","foot":"yes","horse":"no","motor_vehicle":"no"}},
{"type":"Feature","geometry":{"type":"Point","coordinates":[18.7132995,54.3618313]},"properties":{"barrier":"gate"}},
{"type":"Feature","geometry":{"type":"Point","coordinates":[18.5940115,54.2980632]},"properties":{"barrier":"gate"}},
{"type":"Feature","geometry":{"type":"Point","coordinates":[18.5905882,54.3016726]},"properties":{"barrier":"gate"}},
{"type":"Feature","geometry":{"type":"Point","coordinates":[18.6223783,54.3407135]},"properties":{"barrier":"gate","bicycle":"yes","foot":"yes","motor_vehicle":"no"}},
{"type":"Feature","geometry":{"type":"Point","coordinates":[18.6227792,54.3409866]},"properties":{"barrier":"gate","foot":"yes"}},
{"type":"Feature","geometry":{"type":"Point","coordinates":[18.5608328,54.3440762]},"properties":{"barrier":"gate","bicycle":"yes","foot":"yes","motor_vehicle":"no"}},
{"type":"Feature","geometry":{"type":"Point","coordinates":[18.5608802,54.3440883]},"properties":{"access":"emergency","barrier":"gate"}},
{"type":"Feature","geometry":{"type":"Point","coordinates":[18.3990603,54.3959254]},"properties":{"access":"permissive","barrier":"gate","bicycle":"no","foot":"yes","horse":"no","motorcar":"no","motorcycle":"no"}},
{"type":"Feature","geometry":{"type":"Point","coordinates":[18.3995249,54.396502]},"properties":{"access":"permissive","barrier":"gate","bicycle":"yes","foot":"yes","horse":"no","motorcar":"no","motorcycle":"no"}},
{"type":"Feature","geometry":{"type":"Point","coordinates":[18.3991656,54.3967639]},"properties":{"access":"permissive","barrier":"gate","bicycle":"yes","foot":"yes","horse":"no","motorcar":"no","motorcycle":"no"}},
{"type":"Feature","geometry":{"type":"Point","coordinates":[18.6086701,54.3399626]},"properties":{"barrier":"gate"}},
{"type":"Feature","geometry":{"type":"Point","coordinates":[18.6090178,54.3387632]},"properties":{"barrier":"gate","foot":"yes","motor_vehicle":"no"}},
{"type":"Feature","geometry":{"type":"Point","coordinates":[18.6260763,54.3672944]},"properties":{"entrance":"yes"}},
{"type":"Feature","geometry":{"type":"Point","coordinates":[18.6269004,54.3673709]},"properties":{"access":"no","barrier":"gate"}},
{"type":"Feature","geometry":{"type":"Point","coordinates":[18.6105985,54.3678619]},"properties":{"barrier":"gate"}},
{"type":"Feature","geometry":{"type":"Point","coordinates":[18.5132247,54.3518754]},"properties":{"entrance":"yes"}},
{"type":"Feature","geometry":{"type":"Point","coordinates":[18.6148147,54.355572]},"properties":{"addr:city":"Gdańsk","addr:housenumber":"1","addr:postcode":"80-170","addr:street":"Zygmunta Noskowskiego","amenity":"kindergarten","description":"Żłobek i przedszkole MegaMocni Suchanino","email":"suchanino@megamocni.edu.pl","name":"MegaMocni","nursery":"yes","opening_hours":"Mo-Fr 06:30-17:30","phone":"512 035 708","preschool":"yes","strapline":"żłobek i przedszkole","website":"https://megamocni.edu.pl/przedszkole/megamocni-suchanino"}},
{"type":"Feature","geometry":{"type":"Point","coordinates":[18.602181,54.3114907]},"properties":{"barrier":"gate"}},
{"type":"Feature","geometry":{"type":"Point","coordinates":[18.6022559,54.3120918]},"properties":{"barrier":"gate"}},
{"type":"Feature","geometry":{"type":"Point","coordinates":[18.6022616,54.3121254]},"properties":{"access":"no","barrier":"gate","foot":"yes"}},
{"type":"Feature","geometry":{"type":"Point","coordinates":[18.602183,54.3114543]},"properties":{"access":"no","barrier":"gate","foot":"yes"}},
{"type":"Feature","geometry":{"type":"Point","coordinates":[18.5913228,54.3565722]},"properties":{"amenity":"school","name":"I Gdańskie Liceum Katolickie im. św. Wojciecha"}},
{"type":"Feature","geometry":{"type":"Point","coordinates":[18.5915156,54.3565313]},"properties":{"amenity":"school","name":"Katolicka Szkoła Podstawowa im. Św. Wojciecha"}},
{"type":"Feature","geometry":{"type":"Point","coordinates":[18.5912426,54.3836911]},"properties":{"amenity":"kindergarten","email":"zyrafa@zyrafa.gda.pl","name":"Żyrafa","phone":"+48534037831","website":"https://www.zyrafa.gda.pl/"}},
{"type":"Feature","geometry":{"type":"Point","coordinates":[18.5619608,54.3435038]},"properties":{"entrance":"secondary","level":"-1"}},
{"type":"Feature","geometry":{"type":"Point","coordinates":[18.6255953,54.3875469]},"properties":{"barrier":"gate"}},
{"type":"Feature","geometry":{"type":"Point","coordinates":[18.624673,54.3874266]},"properties":{"barrier":"gate"}},
{"type":"Feature","geometry":{"type":"Point","coordinates":[18.691515,54.3580949]},"properties":{"barrier":"gate"}},
{"type":"Feature","geometry":{"type":"Point","coordinates":[18.6738275,54.3525221]},"properties":{"addr:city":"Gdańsk","addr:housenumber":"11","addr:postcode":"80-759","addr:street":"Głęboka","amenity":"school","name":"Szkoła Podstawowa Mistrzostwa Sportowego nr 94"}},
{"type":"Feature","geometry":{"type":"Point","coordinates":[18.6738679,54.3522575]},"properties":{"addr:city":"Gdańsk","addr:housenumber":"11","addr:postcode":"80-759","addr:street":"Głęboka","amenity":"school","email":"sekretariat@zso6.edu.gdansk.pl","isced:level":"3","name":"VI Liceum Ogólnokształcące im. Obrońców Helu","operator":"Miasto Gdańsk","operator:type":"public","phone":"+48 58 346 38 21","website":"https://zso6.edu.gdansk.pl"}},
{"type":"Feature","geometry":{"type":"Point","coordinates":[18.6921006,54.3583055]},"properties":{"barrier":"gate"}},
{"type":"Feature","geometry":{"type":"Point","coordinates":[18.6915392,54.3592293]},"properties":{"barrier":"gate"}},
{"type":"Feature","geometry":{"type":"Point","coordinates":[18.3988411,54.3966785]},"properties":{"access":"permissive","barrier":"gate","bicycle":"yes","foot":"yes"}},
{"type":"Feature","geometry":{"type":"Point","coordinates":[18.6526856,54.3580607]},"properties":{"entrance":"main"}},
{"type":"Feature","geometry":{"type":"Point","coordinates":[18.652059,54.3579]},"properties":{"barrier":"gate"}},
{"type":"Feature","geometry":{"type":"Point","coordinates":[18.4110278,54.3910742]},"properties":{"barrier":"gate"}},
{"type":"Feature","geometry":{"type":"Point","coordinates":[18.4114688,54.3909209]},"properties":{"barrier":"gate"}},
{"type":"Feature","geometry":{"type":"Point","coordinates":[18.4119857,54.3907392]},"properties":{"barrier":"gate"}},
{"type":"Feature","geometry":{"type":"Point","coordinates":[18.5666005,54.3275437]},"properties":{"access":"no","barrier":"gate"}},
{"type":"Feature","geometry":{"type":"Point","coordinates":[18.5688929,54.3274503]},"properties":{"barrier":"gate","motor_vehicle":"emergency"}},
{"type":"Feature","geometry":{"type":"Point","coordinates":[18.5681816,54.326129]},"properties":{"barrier":"gate"}},
{"type":"Feature","geometry":{"type":"Point","coordinates":[18.5678125,54.3259416]},"properties":{"barrier":"gate"}},
{"type":"Feature","geometry":{"type":"Point","coordinates":[18.5699463,54.3068364]},"properties":{"barrier":"gate"}},
{"type":"Feature","geometry":{"type":"Point","coordinates":[18.569791,54.3075587]},"properties":{"barrier":"gate"}},
{"type":"Feature","geometry":{"type":"Point","coordinates":[18.5629817,54.3306432]},"properties":{"barrier":"gate"}},
{"type":"Feature","geometry":{"type":"Point","coordinates":[18.5634398,54.33041]},"properties":{"barrier":"gate"}},
{"type":"Feature","geometry":{"type":"Point","coordinates":[18.567598,54.3277016]},"properties":{"barrier":"gate","motor_vehicle":"no"}},
{"type":"Feature","geometry":{"type":"Point","coordinates":[18.59261,54.4166063]},"properties":{"barrier":"gate"}},
{"type":"Feature","geometry":{"type":"Point","coordinates":[18.620545,54.3760001]},"properties":{"addr:city":"Gdańsk","addr:housenumber":"10","addr:postcode":"80-237","addr:street":"Jana Uphagena","amenity":"kindergarten","name":"Niepubliczne Przedszkole Lew Leon","opening_hours":"Mo-Fr 07:00-17:00","website":"https://www.pjll.pl/"}},
{"type":"Feature","geometry":{"type":"Point","coordinates":[18.5933336,54.4116454]},"properties":{"addr:city":"Gdańsk","addr:housenumber":"14","addr:postcode":"80-371","addr:street":"Jagiellońska","amenity":"kindergarten","name":"Przedszkole Specjalne Nr 72 o Profilu Terapeutycznym","operator":"Miasto Gdańsk","preschool":"yes"}},
{"type":"Feature","geometry":{"type":"Point","coordinates":[18.5423695,54.3338377]},"properties":{"addr:city":"Gdańsk","addr:housenumber":"64","addr:postcode":"80-174","addr:street":"Stężycka","amenity":"kindergarten","level":"0","name":"Publiczne Pozytywne Przedszkole nr 7","preschool":"yes","wheelchair":"yes"}},
{"type":"Feature","geometry":{"type":"Point","coordinates":[18.5811839,54.3771913]},"properties":{"barrier":"gate"}},
{"type":"Feature","geometry":{"type":"Point","coordinates":[18.580555,54.3777276]},"properties":{"barrier":"gate"}},
{"type":"Feature","geometry":{"type":"Point","coordinates":[18.6028627,54.3535085]},"properties":{"amenity":"school","name":"Szkoła Podstawowa nr 42 w Gdańsku"}},
{"type":"Feature","geometry":{"type":"Point","coordinates":[18.6028627,54.3534451]},"properties":{"amenity":"kindergarten","name":"Przedszkole nr 73 w Gdańsku"}},
{"type":"Feature","geometry":{"type":"Point","coordinates":[18.6222678,54.3403776]},"properties":{"amenity":"school","name":"Szkoła Podstawowa nr 3"}},
{"type":"Feature","geometry":{"type":"Point","coordinates":[18.6104576,54.360813]},"properties":{"amenity":"school","name":"Technikum nr 1 w Gdańsku"}},
{"type":"Feature","geometry":{"type":"Point","coordinates":[18.6104909,54.3607517]},"properties":{"amenity":"school","name":"Szkoła Branżowa I Stopnia nr 1 w Gdańsku"}},
{"type":"Feature","geometry":{"type":"Point","coordinates":[18.5883182,54.3578366]},"properties":{"amenity":"kindergarten","check_date":"2024-11-07","name":"Mali Zwyciezcy"}},
{"type":"Feature","geometry":{"type":"Point","coordinates":[18.5972215,54.3319955]},"properties":{"access":"private","barrier":"gate"}},
{"type":"Feature","geometry":{"type":"Point","coordinates":[18.5990382,54.3318084]},"properties":{"barrier":"gate"}},
{"type":"Feature","geometry":{"type":"Point","coordinates":[18.6236015,54.374848]},"properties":{"access":"permissive","barrier":"gate","motor_vehicle":"permit"}},
{"type":"Feature","geometry":{"type":"Point","coordinates":[18.6221894,54.3754687]},"properties":{"access":"permissive","barrier":"gate"}},
{"type":"Feature","geometry":{"type":"Point","coordinates":[18.5990042,54.4105501]},"properties":{"access":"permit","barrier":"gate"}},
{"type":"Feature","geometry":{"type":"Point","coordinates":[18.6098754,54.3930634]},"properties":{"amenity":"kindergarten","name":"Wesoła kraina","website":"https://www.wesolakraina.com.pl"}},
{"type":"Feature","geometry":{"type":"Point","coordinates":[18.6049698,54.4095223]},"properties":{"barrier":"gate"}},
{"type":"Feature","geometry":{"type":"Point","coordinates":[18.6111491,54.3790203]},"properties":{"barrier":"gate"}},
{"type":"Feature","geometry":{"type":"Point","coordinates":[18.6091619,54.3964593]},"properties":{"barrier":"gate"}},
{"type":"Feature","geometry":{"type":"Point","coordinates":[18.6083438,54.3967223]},"properties":{"barrier":"gate"}},
{"type":"Feature","geometry":{"type":"Point","coordinates":[18.6088761,54.3966204]},"properties":{"barrier":"gate"}},
{"type":"Feature","geometry":{"type":"Point","coordinates":[18.6087653,54.3948656]},"properties":{"barrier":"gate"}},
{"type":"Feature","geometry":{"type":"Point","coordinates":[18.6070222,54.3958866]},"properties":{"barrier":"gate"}},
{"type":"Feature","geometry":{"type":"Point","coordinates":[18.608228,54.3952804]},"properties":{"barrier":"gate"}},
{"type":"Feature","geometry":{"type":"Point","coordinates":[18.6087391,54.3950153]},"properties":{"barrier":"gate"}},
{"type":"Feature","geometry":{"type":"Point","coordinates":[18.533923,54.3503952]},"properties":{"addr:city":"Gdańsk","addr:housenumber":"9/U1","addr:postcode":"80-176","addr:street":"Przytulna","amenity":"kindergarten","name":"Elf Kids","phone":"+48 731 420 440","website":"https://www.elfkids.pl/"}},
{"type":"Feature","geometry":{"type":"Point","coordinates":[18.6075369,54.396571]},"properties":{"barrier":"gate"}},
{"type":"Feature","geometry":{"type":"Point","coordinates":[18.6069877,54.3964017]},"properties":{"barrier":"gate"}},
{"type":"Feature","geometry":{"type":"Point","coordinates":[18.6031185,54.3788213]},"properties":{"access":"no","barrier":"gate"}},
{"type":"Feature","geometry":{"type":"Point","coordinates":[18.6116238,54.3865691]},"properties":{"barrier":"gate"}},
{"type":"Feature","geometry":{"type":"Point","coordinates":[18.6007285,54.4106215]},"properties":{"amenity":"kindergarten","check_date":"2024-04-30","description":"Punkt Przedszkolny Montessori","email":"slowianskawieza@gmail.com","name":"Punkt Przedszkolny Słowiańska Wieża","phone":"+48690587663","preschool":"yes","website":"https://www.facebook.com/slowianskawieza/"}},
{"type":"Feature","geometry":{"type":"Point","coordinates":[18.4003889,54.3957778]},"properties":{"access":"permissive","barrier":"gate","bicycle":"yes","foot":"yes","horse":"no","motorcar":"no","motorcycle":"no"}},
{"type":"Feature","geometry":{"type":"Point","coordinates":[18.5990842,54.4109443]},"properties":{"access":"permit","barrier":"gate"}},
{"type":"Feature","geometry":{"type":"Point","coordinates":[18.5942239,54.4122799]},"properties":{"access":"permit","barrier":"gate"}},
{"type":"Feature","geometry":{"type":"Point","coordinates":[18.6062395,54.4078084]},"properties":{"barrier":"lift_gate"}},
{"type":"Feature","geometry":{"type":"Point","coordinates":[18.6278966,54.4030424]},"properties":{"barrier":"gate"}},
{"type":"Feature","geometry":{"type":"Point","coordinates":[18.5667752,54.3276519]},"properties":{"barrier":"gate","motor_vehicle":"no"}},
{"type":"Feature","geometry":{"type":"Point","coordinates":[18.5681273,54.3261434]},"properties":{"barrier":"gate","motor_vehicle":"no"}},
{"type":"Feature","geometry":{"type":"Point","coordinates":[18.5678685,54.3259728]},"properties":{"barrier":"gate","motor_vehicle":"no"}},
{"type":"Feature","geometry":{"type":"Point","coordinates":[18.589156,54.412612]},"properties":{"access":"permit","barrier":"gate"}},
{"type":"Feature","geometry":{"type":"Point","coordinates":[18.5904495,54.4128334]},"properties":{"access":"permit","barrier":"gate"}},
{"type":"Feature","geometry":{"type":"Point","coordinates":[18.5905062,54.412843]},"properties":{"barrier":"gate"}},
{"type":"Feature","geometry":{"type":"Point","coordinates":[18.5593122,54.4069219]},"properties":{"barrier":"gate"}},
{"type":"Feature","geometry":{"type":"Point","coordinates":[18.5591565,54.407153]},"properties":{"barrier":"gate"}},
{"type":"Feature","geometry":{"type":"Point","coordinates":[18.5582131,54.4070717]},"properties":{"barrier":"gate"}},
{"type":"Feature","geometry":{"type":"Point","coordinates":[18.5609025,54.4024779]},"properties":{"entrance":"main"}},
{"type":"Feature","geometry":{"type":"Point","coordinates":[18.5673161,54.4047544]},"properties":{"barrier":"gate","dog":"no"}},
{"type":"Feature","geometry":{"type":"Point","coordinates":[18.5620647,54.4115946]},"properties":{"access":"private","barrier":"gate"}},
{"type":"Feature","geometry":{"type":"Point","coordinates":[18.5627278,54.4120931]},"properties":{"access":"private","barrier":"gate"}},
{"type":"Feature","geometry":{"type":"Point","coordinates":[18.5718461,54.4353008]},"properties":{"barrier":"gate"}},
{"type":"Feature","geometry":{"type":"Point","coordinates":[18.5701919,54.4355795]},"properties":{"barrier":"gate"}},
{"type":"Feature","geometry":{"type":"Point","coordinates":[18.5613453,54.4369507]},"properties":{"amenity":"kindergarten","name":"Casa Mia"}},
{"type":"Feature","geometry":{"type":"Point","coordinates":[18.5586317,54.4071086]},"properties":{"barrier":"gate"}},
{"type":"Feature","geometry":{"type":"Point","coordinates":[18.5239008,54.3709934]},"properties":{"access":"yes","barrier":"gate"}},
{"type":"Feature","geometry":{"type":"Point","coordinates":[18.561604,54.4218139]},"properties":{"barrier":"gate"}},
{"type":"Feature","geometry":{"type":"Point","coordinates":[18.5613283,54.4215395]},"properties":{"barrier":"gate"}},
{"type":"Feature","geometry":{"type":"Point","coordinates":[18.5597946,54.4228102]},"properties":{"barrier":"gate"}},
{"type":"Feature","geometry":{"type":"Point","coordinates":[18.5506996,54.3512182]},"properties":{"addr:city":"Gdańsk","addr:housenumber":"18","addr:postcode":"80-175","addr:street":"Generała Władysława Andersa","amenity":"kindergarten","check_date":"2025-01-18","name":"Przedszkole Niepubliczne Marchewka","phone":"+48 607 590 242","preschool":"yes"}},
{"type":"Feature","geometry":{"type":"Point","coordinates":[18.5925533,54.4116818]},"properties":{"access":"permit","barrier":"gate"}},
{"type":"Feature","geometry":{"type":"Point","coordinates":[18.5895467,54.4136935]},"properties":{"access":"permit","barrier":"gate"}},
{"type":"Feature","geometry":{"type":"Point","coordinates":[18.5944075,54.4120016]},"properties":{"access":"permit","barrier":"gate"}},
{"type":"Feature","geometry":{"type":"Point","coordinates":[18.6024653,54.3539747]},"properties":{"barrier":"gate"}},
{"type":"Feature","geometry":{"type":"Point","coordinates":[18.6445657,54.3933795]},"properties":{"barrier":"gate"}},
{"type":"Feature","geometry":{"type":"Point","coordinates":[18.5743712,54.3879163]},"properties":{"amenity":"school","name":"Szkoła Podstawowa nr 70 z Oddziałami Sportowymi","ref:rspo":"9987"}},
{"type":"Feature","geometry":{"type":"Point","coordinates":[18.5688055,54.3274677]},"properties":{"barrier":"gate","motor_vehicle":"no"}},
{"type":"Feature","geometry":{"type":"Point","coordinates":[18.5703969,54.4350017]},"properties":{"barrier":"gate","entrance":"main"}},
{"type":"Feature","geometry":{"type":"Point","coordinates":[18.6004131,54.3771527]},"properties":{"barrier":"gate"}},
{"type":"Feature","geometry":{"type":"Point","coordinates":[18.6022352,54.3777727]},"properties":{"barrier":"gate"}},
{"type":"Feature","geometry":{"type":"Point","coordinates":[18.5961558,54.3769643]},"properties":{"barrier":"gate"}},
{"type":"Feature","geometry":{"type":"Point","coordinates":[18.5934136,54.390787]},"properties":{"barrier":"gate"}},
{"type":"Feature","geometry":{"type":"Point","coordinates":[18.5958815,54.390521]},"properties":{"barrier":"gate"}},
{"type":"Feature","geometry":{"type":"Point","coordinates":[18.5958025,54.3774164]},"properties":{"barrier":"gate"}},
{"type":"Feature","geometry":{"type":"Point","coordinates":[18.6596395,54.3550921]},"properties":{"barrier":"gate"}},
{"type":"Feature","geometry":{"type":"Point","coordinates":[18.5845992,54.4236354]},"properties":{"barrier":"gate"}},
{"type":"Feature","geometry":{"type":"Point","coordinates":[18.6032592,54.377427]},"properties":{"barrier":"gate"}},
{"type":"Feature","geometry":{"type":"Point","coordinates":[18.5948944,54.402224]},"properties":{"barrier":"gate"}},
{"type":"Feature","geometry":{"type":"Point","coordinates":[18.6051746,54.403168]},"properties":{"barrier":"gate"}},
{"type":"Feature","geometry":{"type":"Point","coordinates":[18.5855914,54.3907464]},"properties":{"access":"permissive","barrier":"gate"}},
{"type":"Feature","geometry":{"type":"Point","coordinates":[18.5854956,54.389938]},"properties":{"access":"permissive","barrier":"gate"}},
{"type":"Feature","geometry":{"type":"Point","coordinates":[18.586239,54.390304]},"properties":{"barrier":"gate"}},
{"type":"Feature","geometry":{"type":"Point","coordinates":[18.6028467,54.3902984]},"properties":{"barrier":"gate"}},
{"type":"Feature","geometry":{"type":"Point","coordinates":[18.5954662,54.3903204]},"properties":{"barrier":"gate"}},
{"type":"Feature","geometry":{"type":"Point","coordinates":[18.5973682,54.4098118]},"properties":{"amenity":"kindergarten","name":"Przedszkole MoreLove","opening_hours":"Mo-Fr 07:00-17:00"}},
{"type":"Feature","geometry":{"type":"Point","coordinates":[18.6538047,54.3579563]},"properties":{"barrier":"gate"}},
{"type":"Feature","geometry":{"type":"Point","coordinates":[18.6623479,54.4017318]},"properties":{"barrier":"gate"}},
{"type":"Feature","geometry":{"type":"Point","coordinates":[18.6623715,54.401755]},"properties":{"barrier":"gate"}},
{"type":"Feature","geometry":{"type":"Point","coordinates":[18.6564056,54.4024301]},"properties":{"barrier":"gate"}},
{"type":"Feature","geometry":{"type":"Point","coordinates":[18.6423786,54.3463975]},"properties":{"barrier":"gate"}},
{"type":"Feature","geometry":{"type":"Point","coordinates":[18.6420472,54.3456125]},"properties":{"barrier":"gate"}},
{"type":"Feature","geometry":{"type":"Point","coordinates":[18.630267,54.410342]},"properties":{"barrier":"gate"}},
{"type":"Feature","geometry":{"type":"Point","coordinates":[18.6309898,54.4093009]},"properties":{"barrier":"gate"}},
{"type":"Feature","geometry":{"type":"Point","coordinates":[18.6004478,54.4020051]},"properties":{"barrier":"gate"}},
{"type":"Feature","geometry":{"type":"Point","coordinates":[18.5928175,54.4074688]},"properties":{"barrier":"gate"}},
{"type":"Feature","geometry":{"type":"Point","coordinates":[18.5927822,54.4068632]},"properties":{"barrier":"gate"}},
{"type":"Feature","geometry":{"type":"Point","coordinates":[18.6175796,54.3855037]},"properties":{"barrier":"gate"}},
{"type":"Feature","geometry":{"type":"Point","coordinates":[18.612855,54.3803939]},"properties":{"barrier":"gate"}},
{"type":"Feature","geometry":{"type":"Point","coordinates":[18.5863949,54.3613235]},"properties":{"barrier":"gate"}},
{"type":"Feature","geometry":{"type":"Point","coordinates":[18.5909082,54.3614951]},"properties":{"barrier":"gate"}},
{"type":"Feature","geometry":{"type":"Point","coordinates":[18.5879603,54.3628337]},"properties":{"barrier":"gate"}},
{"type":"Feature","geometry":{"type":"Point","coordinates":[18.5879695,54.3605119]},"properties":{"access":"permissive","barrier":"gate"}},
{"type":"Feature","geometry":{"type":"Point","coordinates":[18.5861056,54.3610914]},"properties":{"barrier":"gate"}},
{"type":"Feature","geometry":{"type":"Point","coordinates":[18.604264,54.3862441]},"properties":{"barrier":"gate"}},
{"type":"Feature","geometry":{"type":"Point","coordinates":[18.6438143,54.3943141]},"properties":{"addr:city":"Gdańsk","addr:housenumber":"31","addr:postcode":"80-531","addr:street":"Sucha","amenity":"kindergarten","email":"smartkids.letnica@gmail.com","name":"Smart Kids 2 - Nowa Letnica","opening_hours":"Mo-Fr 6:30-17:30","phone":"+48 797 454 794","preschool":"yes"}},
{"type":"Feature","geometry":{"type":"Point","coordinates":[18.5772098,54.4241597]},"properties":{"barrier":"gate"}},
{"type":"Feature","geometry":{"type":"Point","coordinates":[18.6564255,54.3543273]},"properties":{"barrier":"gate"}},
{"type":"Feature","geometry":{"type":"Point","coordinates":[18.5741955,54.3878304]},"properties":{"barrier":"gate"}},
{"type":"Feature","geometry":{"type":"Point","coordinates":[18.5739802,54.3879692]},"properties":{"barrier":"gate"}},
{"type":"Feature","geometry":{"type":"Point","coordinates":[18.5738886,54.388029]},"properties":{"barrier":"gate"}},
{"type":"Feature","geometry":{"type":"Point","coordinates":[18.5940075,54.3923621]},"properties":{"barrier":"gate"}},
{"type":"Feature","geometry":{"type":"Point","coordinates":[18.5790263,54.3322495]},"properties":{"access":"permit","barrier":"gate"}},
{"type":"Feature","geometry":{"type":"Point","coordinates":[18.5789199,54.3320307]},"properties":{"access":"permit","barrier":"gate"}},
{"type":"Feature","geometry":{"type":"Point","coordinates":[18.6428989,54.3459657]},"properties":{"historic":"memorial","memorial":"plaque","name":"Wilhelm Stryowski"}},
{"type":"Feature","geometry":{"type":"Point","coordinates":[18.627529,54.403067]},"properties":{"barrier":"gate"}},
{"type":"Feature","geometry":{"type":"Point","coordinates":[18.7110412,54.3613421]},"properties":{"access":"yes","barrier":"gate","locked":"no"}},
{"type":"Feature","geometry":{"type":"Point","coordinates":[18.6633791,54.3482246]},"properties":{"barrier":"gate"}},
{"type":"Feature","geometry":{"type":"Point","coordinates":[18.6633505,54.3484413]},"properties":{"barrier":"gate"}},
{"type":"Feature","geometry":{"type":"Point","coordinates":[18.5947682,54.390207]},"properties":{"barrier":"gate"}},
{"type":"Feature","geometry":{"type":"Point","coordinates":[18.5993301,54.4118793]},"properties":{"access":"permit","barrier":"gate"}},
{"type":"Feature","geometry":{"type":"Point","coordinates":[18.5991112,54.4117509]},"properties":{"access":"permit","barrier":"gate"}},
{"type":"Feature","geometry":{"type":"Point","coordinates":[18.6198333,54.393207]},"properties":{"addr:housenumber":"8","addr:street":"Grudziądzka","amenity":"kindergarten","check_date":"2023-07-19","contact:facebook":"https://www.facebook.com/No-Stress-Przedszkole-i-%C5%BB%C5%82obek-Gda%C5%84sk-103577798359485/","contact:whatsapp":"+48 696 771 185","email":"biuro@nostress.edu.pl","name":"No Stress","opening_hours":"Mo-Fr 07:00-18:00","phone":"+48 696 771 185","website":"https://www.nostress.edu.pl/","wheelchair":"yes"}},
{"type":"Feature","geometry":{"type":"Point","coordinates":[18.6217496,54.3800955]},"properties":{"barrier":"gate"}},
{"type":"Feature","geometry":{"type":"Point","coordinates":[18.6124836,54.3807242]},"properties":{"barrier":"gate"}},
{"type":"Feature","geometry":{"type":"Point","coordinates":[18.5686751,54.3268011]},"properties":{"barrier":"gate"}},
{"type":"Feature","geometry":{"type":"Point","coordinates":[18.579522,54.4032731]},"properties":{"barrier":"gate"}},
{"type":"Feature","geometry":{"type":"Point","coordinates":[18.5962343,54.2984481]},"properties":{"barrier":"gate"}},
{"type":"Feature","geometry":{"type":"Point","coordinates":[18.4783906,54.4309174]},"properties":{"amenity":"kindergarten","name":"Przedszkole publiczne Octopus"}},
{"type":"Feature","geometry":{"type":"Point","coordinates":[18.5821252,54.3491467]},"properties":{"amenity":"kindergarten","check_date":"2022-09-29","name":"Przedszkole Martolandia","website":"http://martolandia.pl"}},
{"type":"Feature","geometry":{"type":"Point","coordinates":[18.5900125,54.3871865]},"properties":{"amenity":"kindergarten","max_age":"3","min_age":"1","mobile":"+48 516 692 518","name":"Klub Dziecięcy Esy Floresy","opening_hours":"Mo-Fr 07:00-17:00","website":"https://klub-dzieciecy-esy-floresy.business.site"}},
{"type":"Feature","geometry":{"type":"Point","coordinates":[18.61259,54.3776685]},"properties":{"barrier":"gate"}},
{"type":"Feature","geometry":{"type":"Point","coordinates":[18.6209648,54.342271]},"properties":{"barrier":"gate"}},
{"type":"Feature","geometry":{"type":"Point","coordinates":[18.621061,54.3422963]},"properties":{"barrier":"gate"}},
{"type":"Feature","geometry":{"type":"Point","coordinates":[18.6004232,54.3919074]},"properties":{"amenity":"school","contact:facebook":"https://www.facebook.com/people/Szko%C5%82a-rodzenia-9-Miesi%C4%99cy/100054436303103/","description":"Szkoła Rodzenia","description:en":"childbirth school","email":"szkolarodzenia.9miesiecy@gmail.com","healthcare":"childbirth_classes","mobile":"+48 570 808 206","name":"9 Miesięcy","opening_hours":"Mo-Fr 08:00-18:00","website":"https://www.9miesiecy.com.pl/","wheelchair":"yes"}},
{"type":"Feature","geometry":{"type":"Point","coordinates":[18.5865927,54.3509511]},"properties":{"amenity":"kindergarten","check_date":"2025-05-29","name":"Smart Kids","website":"http://przedszkole-smartkids.pl/sloneczna-morena"}},
{"type":"Feature","geometry":{"type":"Point","coordinates":[18.5618515,54.3442594]},"properties":{"entrance":"yes","level":"0"}},
{"type":"Feature","geometry":{"type":"Point","coordinates":[18.5756103,54.3589771]},"properties":{"access":"no","barrier":"gate","noexit":"yes"}},
{"type":"Feature","geometry":{"type":"Point","coordinates":[18.6382413,54.3686898]},"properties":{"addr:city":"Gdańsk","addr:housenumber":"197","addr:postcode":"80-557","addr:street":"Marynarki Polskiej","amenity":"school","contact:facebook":"https://www.facebook.com/SzkolaMentalArts","email":"kontakt@mentalarts.pl","grades":"1-4","isced:level":"4","mobile":"+48 533 020 100","name":"Mental Arts","opening_hours":"Mo-Fr 08:00-18:00","website":"https://mentalarts.pl/"}},
{"type":"Feature","geometry":{"type":"Point","coordinates":[18.5938978,54.4110905]},"properties":{"barrier":"gate"}},
{"type":"Feature","geometry":{"type":"Point","coordinates":[18.6058711,54.4006299]},"properties":{"barrier":"gate"}},
{"type":"Feature","geometry":{"type":"Point","coordinates":[18.5949296,54.4022031]},"properties":{"barrier":"gate"}},
{"type":"Feature","geometry":{"type":"Point","coordinates":[18.6635595,54.3467992]},"properties":{"barrier":"gate"}},
{"type":"Feature","geometry":{"type":"Point","coordinates":[18.5948054,54.3929739]},"properties":{"barrier":"gate"}},
{"type":"Feature","geometry":{"type":"Point","coordinates":[18.7367386,54.3604834]},"properties":{"barrier":"gate"}},
{"type":"Feature","geometry":{"type":"Point","coordinates":[18.7378719,54.3602774]},"properties":{"barrier":"gate"}},
{"type":"Feature","geometry":{"type":"Point","coordinates":[18.6562668,54.3515552]},"properties":{"barrier":"gate"}},
{"type":"Feature","geometry":{"type":"Point","coordinates":[18.5823821,54.3637033]},"properties":{"addr:housenumber":"14a","addr:street":"Ferdynanda Magellana","amenity":"kindergarten","check_date":"2025-03-10","name":"Teddy","operator:type":"private","phone":"+48 530 041 398","preschool":"yes"}},
{"type":"Feature","geometry":{"type":"Point","coordinates":[18.5239878,54.3709608]},"properties":{"barrier":"gate"}},
{"type":"Feature","geometry":{"type":"Point","coordinates":[18.5241348,54.3709562]},"properties":{"barrier":"gate"}},
{"type":"Feature","geometry":{"type":"Point","coordinates":[18.5242724,54.3709731]},"properties":{"barrier":"gate"}},
{"type":"Feature","geometry":{"type":"Point","coordinates":[18.5858782,54.3522156]},"properties":{"entrance":"yes"}},
{"type":"Feature","geometry":{"type":"Point","coordinates":[18.5856904,54.3524352]},"properties":{"entrance":"yes"}},
{"type":"Feature","geometry":{"type":"Point","coordinates":[18.6303621,54.3300896]},"properties":{"barrier":"gate"}},
{"type":"Feature","geometry":{"type":"Point","coordinates":[18.6263721,54.3256967]},"properties":{"barrier":"entrance"}},
{"type":"Feature","geometry":{"type":"Point","coordinates":[18.5824706,54.3638556]},"properties":{"addr:floor":"0","addr:housenumber":"14","addr:street":"Ferdynanda Magellana","amenity":"kindergarten","check_date":"2025-03-10","email":"zlobek.morena@gmail.com","internet_access":"no","level":"0","name":"Leśny Żłobek i Przedszkole","operator:type":"private","phone":"+48 530 976 405; +48 792 283 739","preschool":"yes","website":"http://lesnyzlobek.pl/","wheelchair":"yes"}},
{"type":"Feature","geometry":{"type":"Point","coordinates":[18.5784972,54.3322108]},"properties":{"access":"permit","barrier":"gate"}},
{"type":"Feature","geometry":{"type":"Point","coordinates":[18.5797918,54.3323093]},"properties":{"access":"permit","barrier":"gate"}},
{"type":"Feature","geometry":{"type":"Point","coordinates":[18.5823363,54.3590583]},"properties":{"addr:floor":"1","addr:housenumber":"31","addr:street":"Piecewska","amenity":"kindergarten","check_date":"2023-01-22","level":"1","name":"Fantazja","phone":"+48 790 466 366"}},
{"type":"Feature","geometry":{"type":"Point","coordinates":[18.5529149,54.3328047]},"properties":{"barrier":"gate"}},
{"type":"Feature","geometry":{"type":"Point","coordinates":[18.6384403,54.3202452]},"properties":{"artwork_type":"graffiti","tourism":"artwork"}},
{"type":"Feature","geometry":{"type":"Point","coordinates":[18.5702366,54.4388032]},"properties":{"barrier":"gate","bicycle":"yes","foot":"yes","horse":"unknown","material":"metal","motor_vehicle":"permissive"}},
{"type":"Feature","geometry":{"type":"Point","coordinates":[18.4939718,54.3554807]},"properties":{"barrier":"gate","wheelchair":"yes"}},
{"type":"Feature","geometry":{"type":"Point","coordinates":[18.594292,54.3906856]},"properties":{"barrier":"gate"}},
{"type":"Feature","geometry":{"type":"Point","coordinates":[18.5941222,54.3909114]},"properties":{"barrier":"gate"}},
{"type":"Feature","geometry":{"type":"Point","coordinates":[18.5938029,54.3903906]},"properties":{"barrier":"gate"}},
{"type":"Feature","geometry":{"type":"Point","coordinates":[18.5906038,54.3946302]},"properties":{"barrier":"gate"}},
{"type":"Feature","geometry":{"type":"Point","coordinates":[18.5950056,54.3924162]},"properties":{"barrier":"gate"}},
{"type":"Feature","geometry":{"type":"Point","coordinates":[18.5861305,54.3824285]},"properties":{"addr:city":"Gdańsk","addr:housenumber":"11/U7","addr:postcode":"80-278","addr:street":"Bernarda Chrzanowskiego","amenity":"kindergarten","check_date":"2025-07-31","email":"chrzanowskiego@a-kuku.com","mobile":"+48 603 800 917","name":"A-KuKu","nursery":"yes","opening_hours":"Mo-Fr 6:30-17:30","website":"https://a-kuku.com/"}},
{"type":"Feature","geometry":{"type":"Point","coordinates":[18.6253598,54.3503047]},"properties":{"amenity":"school","email":"sokrates@sokrates.gda.pl","isced:level":"0","name":"Przedszkole Niepubliczne \"Sokrates\"","operator":"\"O'chikara- M. Kwiatkowski I D. Kowalski\" Spółka Jawna","phone":"+48 58 320 13 00","ref:rspo":"71898"}},
{"type":"Feature","geometry":{"type":"Point","coordinates":[18.6256426,54.3503372]},"properties":{"amenity":"school","email":"sokrates@sokrates.gda.pl","isced:level":"1;2","name":"Niepubliczna Szkoła Podstawowa \"Sokrates\"","operator":"\"O'chikara- M. Kwiatkowski I D. Kowalski\" Spółka Jawna","phone":"+48 58 320 13 00","ref:rspo":"66309"}},
{"type":"Feature","geometry":{"type":"Point","coordinates":[18.5674976,54.4038997]},"properties":{"barrier":"gate"}},
{"type":"Feature","geometry":{"type":"Point","coordinates":[18.5941688,54.3934297]},"properties":{"barrier":"gate"}},
{"type":"Feature","geometry":{"type":"Point","coordinates":[18.594105,54.3923528]},"properties":{"barrier":"gate"}},
{"type":"Feature","geometry":{"type":"Point","coordinates":[18.6481907,54.3590097]},"properties":{"access":"no","barrier":"gate"}},
{"type":"Feature","geometry":{"type":"Point","coordinates":[18.6487637,54.3590639]},"properties":{"entrance":"yes"}},
{"type":"Feature","geometry":{"type":"Point","coordinates":[18.5814269,54.3846955]},"properties":{"addr:city":"Gdańsk","addr:housenumber":"38a","addr:postcode":"80-278","addr:street":"Bernarda Chrzanowskiego","amenity":"kindergarten","description":"Żłobek i przedszkole MegaMocni Strzyża","name":"MegaMocni","nursery":"yes","opening_hours":"Mo-Fr 06:30-17:30","phone":"453 052 715","preschool":"yes","strapline":"żłobek i przedszkole","website":"https://megamocni.edu.pl/przedszkole/megamocni-strzyza"}},
{"type":"Feature","geometry":{"type":"Point","coordinates":[18.5863731,54.3816765]},"properties":{"amenity":"kindergarten","check_date":"2025-07-31","name":"Smykowo"}},
{"type":"Feature","geometry":{"type":"Point","coordinates":[18.5986438,54.3460954]},"properties":{"barrier":"gate"}},
{"type":"Feature","geometry":{"type":"Point","coordinates":[18.6274938,54.3305093]},"properties":{"barrier":"gate"}},
{"type":"Feature","geometry":{"type":"Point","coordinates":[18.6295104,54.3297761]},"properties":{"barrier":"gate"}},
{"type":"Feature","geometry":{"type":"Point","coordinates":[18.6548556,54.3529997]},"properties":{"description":"Upamiętnienie nadania szkole imienia Emilii Plater","historic":"memorial","memorial":"plaque","start_date":"1966"}},
{"type":"Feature","geometry":{"type":"Point","coordinates":[18.6548242,54.3530008]},"properties":{"entrance":"yes"}},
{"type":"Feature","geometry":{"type":"Point","coordinates":[18.6020682,54.3532017]},"properties":{"barrier":"gate"}},
{"type":"Feature","geometry":{"type":"Point","coordinates":[18.6190456,54.3227234]},"properties":{"barrier":"gate"}},
{"type":"Feature","geometry":{"type":"Point","coordinates":[18.6541024,54.3530312]},"properties":{"barrier":"gate"}},
{"type":"Feature","geometry":{"type":"Point","coordinates":[18.6547356,54.3567275]},"properties":{"barrier":"gate"}},
{"type":"Feature","geometry":{"type":"Point","coordinates":[18.627806,54.3304587]},"properties":{"barrier":"gate"}},
{"type":"Feature","geometry":{"type":"Point","coordinates":[18.6275597,54.3305076]},"properties":{"barrier":"gate"}},
{"type":"Feature","geometry":{"type":"Point","coordinates":[18.6274902,54.33141]},"properties":{"barrier":"gate"}},
{"type":"Feature","geometry":{"type":"Point","coordinates":[18.5973082,54.3935185]},"properties":{"barrier":"gate"}},
{"type":"Feature","geometry":{"type":"Point","coordinates":[18.6449589,54.3415686]},"properties":{"barrier":"gate"}},
{"type":"Feature","geometry":{"type":"Point","coordinates":[18.6717782,54.3997052]},"properties":{"barrier":"gate"}},
{"type":"Feature","geometry":{"type":"Point","coordinates":[18.6072288,54.3396082]},"properties":{"barrier":"gate"}},
{"type":"Feature","geometry":{"type":"Point","coordinates":[18.6377057,54.3279171]},"properties":{"barrier":"gate"}},
{"type":"Feature","geometry":{"type":"Point","coordinates":[18.6377362,54.3283497]},"properties":{"barrier":"gate"}},
{"type":"Feature","geometry":{"type":"Point","coordinates":[18.6389236,54.3277018]},"properties":{"barrier":"gate"}},
{"type":"Feature","geometry":{"type":"Point","coordinates":[18.6180335,54.3486109]},"properties":{"barrier":"gate"}},
{"type":"Feature","geometry":{"type":"Point","coordinates":[18.6145714,54.3558783]},"properties":{"barrier":"gate","dog":"no"}},
{"type":"Feature","geometry":{"type":"Point","coordinates":[18.6142193,54.3558819]},"properties":{"barrier":"gate"}},
{"type":"Feature","geometry":{"type":"Point","coordinates":[18.589851,54.422224]},"properties":{"amenity":"kindergarten","check_date":"2023-06-15","name":"Nadmorskie Przedszkole Montessori"}},
{"type":"Feature","geometry":{"type":"Point","coordinates":[18.6026912,54.4061783]},"properties":{"barrier":"gate"}},
{"type":"Feature","geometry":{"type":"Point","coordinates":[18.4698697,54.4300758]},"properties":{"barrier":"gate","bicycle":"no","foot":"no"}},
{"type":"Feature","geometry":{"type":"Point","coordinates":[18.6020794,54.4089636]},"properties":{"barrier":"gate"}},
{"type":"Feature","geometry":{"type":"Point","coordinates":[18.5832938,54.4354392]},"properties":{"addr:city":"Sopot","addr:housenumber":"55","addr:postcode":"81-731","addr:street":"Bitwy pod Płowcami","amenity":"school","contact:facebook":"orkasurf","email":"orka@orkasurf.pl","name":"Szkoła Orka Surf","name:en":"Orka Surf School","opening_hours":"Mo-Sa 09:00-17:00","phone":"+48 660 702 993","website":"https://orkasurf.pl/"}},
{"type":"Feature","geometry":{"type":"Point","coordinates":[18.5660307,54.4047427]},"properties":{"barrier":"gate"}},
{"type":"Feature","geometry":{"type":"Point","coordinates":[18.5664843,54.4048009]},"properties":{"barrier":"gate"}},
{"type":"Feature","geometry":{"type":"Point","coordinates":[18.5669032,54.4042384]},"properties":{"barrier":"gate"}},
{"type":"Feature","geometry":{"type":"Point","coordinates":[18.5666724,54.4045502]},"properties":{"barrier":"gate"}},
{"type":"Feature","geometry":{"type":"Point","coordinates":[18.6422418,54.3899408]},"properties":{"addr:city":"Gdańsk","addr:housenumber":"1","addr:postcode":"80-560","addr:street":"Pokoleń Lechii Gdańsk","amenity":"kindergarten","email":"bursztynowykompas@operator.edu.pl","name":"Bursztynowy Kompas","official_name":"Publiczne Przedszkole Bursztynowy Kompas w Gdańsku","phone":"501 669 929","preschool":"yes","website":"https://bursztynowy-gdansk.operator.edu.pl"}},
{"type":"Feature","geometry":{"type":"Point","coordinates":[18.6025171,54.3298444]},"properties":{"barrier":"gate"}},
{"type":"Feature","geometry":{"type":"Point","coordinates":[18.6026307,54.3293936]},"properties":{"barrier":"gate"}},
{"type":"Feature","geometry":{"type":"Point","coordinates":[18.6023825,54.3298269]},"properties":{"barrier":"gate"}},
{"type":"Feature","geometry":{"type":"Point","coordinates":[18.5735825,54.4230959]},"properties":{"barrier":"gate"}},
{"type":"Feature","geometry":{"type":"Point","coordinates":[18.4172388,54.4392725]},"properties":{"barrier":"gate"}},
{"type":"Feature","geometry":{"type":"Point","coordinates":[18.4182239,54.4400096]},"properties":{"barrier":"gate"}},
{"type":"Feature","geometry":{"type":"Point","coordinates":[18.5698041,54.4386825]},"properties":{"entrance":"yes"}},
{"type":"Feature","geometry":{"type":"Point","coordinates":[18.6557042,54.3560432]},"properties":{"historic":"memorial","memorial":"plaque","name":"Solidarność Oświaty","start_date":"2010-08-31"}},
{"type":"Feature","geometry":{"type":"Point","coordinates":[18.5690089,54.4386145]},"properties":{"barrier":"gate"}},
{"type":"Feature","geometry":{"type":"Point","coordinates":[18.5711424,54.4393465]},"properties":{"barrier":"gate"}},
{"type":"Feature","geometry":{"type":"Point","coordinates":[18.6362578,54.3201113]},"properties":{"barrier":"gate"}},
{"type":"Feature","geometry":{"type":"Point","coordinates":[18.6377303,54.3279972]},"properties":{"barrier":"gate"}},
{"type":"Feature","geometry":{"type":"Point","coordinates":[18.575905,54.322038]},"properties":{"barrier":"gate"}},
{"type":"Feature","geometry":{"type":"Point","coordinates":[18.5768124,54.3217606]},"properties":{"barrier":"gate"}},
{"type":"Feature","geometry":{"type":"Point","coordinates":[18.6223899,54.3405731]},"properties":{"barrier":"gate"}},
{"type":"Feature","geometry":{"type":"Point","coordinates":[18.5979056,54.3318223]},"properties":{"barrier":"gate"}},
{"type":"Feature","geometry":{"type":"Point","coordinates":[18.6289238,54.3316816]},"properties":{"access":"yes","barrier":"gate","check_date":"2024-08-03"}},
{"type":"Feature","geometry":{"type":"Point","coordinates":[18.56943,54.3068052]},"properties":{"barrier":"gate"}},
{"type":"Feature","geometry":{"type":"Point","coordinates":[18.569693,54.3068253]},"properties":{"access":"permissive","barrier":"gate"}},
{"type":"Feature","geometry":{"type":"Point","coordinates":[18.5701363,54.3065858]},"properties":{"barrier":"gate"}},
{"type":"Feature","geometry":{"type":"Point","coordinates":[18.5701931,54.3065368]},"properties":{"barrier":"gate"}},
{"type":"Feature","geometry":{"type":"Point","coordinates":[18.6693613,54.3417131]},"properties":{"barrier":"gate"}},
{"type":"Feature","geometry":{"type":"Point","coordinates":[18.6693139,54.3417109]},"properties":{"barrier":"gate"}},
{"type":"Feature","geometry":{"type":"Point","coordinates":[18.6227756,54.3970706]},"properties":{"access":"permit","barrier":"gate"}},
{"type":"Feature","geometry":{"type":"Point","coordinates":[18.6301845,54.4093312]},"properties":{"barrier":"gate"}},
{"type":"Feature","geometry":{"type":"Point","coordinates":[18.4811022,54.4213333]},"properties":{"barrier":"gate"}},
{"type":"Feature","geometry":{"type":"Point","coordinates":[18.692105,54.3675322]},"properties":{"addr:city":"Gdańsk","addr:housenumber":"5","addr:postcode":"80-601","addr:street":"Profesora Witolda Andruszkiewicza","amenity":"kindergarten","description":"Żłobek i przedszkole MegaMocni Stogi","email":"stogi@megamocni.edu.pl","name":"MegaMocni","nursery":"yes","opening_hours":"Mo-Fr 06:00-17:00","phone":"517232092","preschool":"yes","strapline":"żłobek i przedszkole","website":"https://megamocni.edu.pl/przedszkole/megamocni-stogi"}},
{"type":"Feature","geometry":{"type":"Point","coordinates":[18.5518117,54.3234811]},"properties":{"addr:city":"Gdańsk","addr:housenumber":"7","addr:postcode":"80-174","addr:street":"Przywidzka","amenity":"kindergarten","check_date":"2025-05-31","description":"Żłobek i przedszkole MegaMocni Jasień","email":"jasien@megamocni.edu.pl","name":"MegaMocni","nursery":"yes","opening_hours":"Mo-Fr 06:30-17:30","phone":"780 175 414; +48 797 350 368","preschool":"yes","strapline":"żłobek i przedszkole","website":"https://megamocni.edu.pl/przedszkole/megamocni-jasien"}},
{"type":"Feature","geometry":{"type":"Point","coordinates":[18.6106721,54.3689375]},"properties":{"addr:city":"Gdańsk","addr:housenumber":"34","addr:postcode":"80-227","addr:street":"Do Studzienki","amenity":"kindergarten","description":"Przedszkole MegaMocni PG","email":"pg@megamocni.edu.pl","name":"MegaMocni","nursery":"yes","opening_hours":"Mo-Fr 07:00-17:00","phone":"453038647","preschool":"yes","strapline":"przedszkole","website":"https://megamocni.edu.pl/przedszkole/megamocni-pg"}},
{"type":"Feature","geometry":{"type":"Point","coordinates":[18.5868381,54.4176848]},"properties":{"barrier":"gate"}},
{"type":"Feature","geometry":{"type":"Point","coordinates":[18.5244375,54.3718339]},"properties":{"barrier":"gate"}},
{"type":"Feature","geometry":{"type":"Point","coordinates":[18.5239604,54.371847]},"properties":{"barrier":"gate"}},
{"type":"Feature","geometry":{"type":"Point","coordinates":[18.5239118,54.3718483]},"properties":{"barrier":"gate"}},
{"type":"Feature","geometry":{"type":"Point","coordinates":[18.6579718,54.342791]},"properties":{"barrier":"gate"}},
{"type":"Feature","geometry":{"type":"Point","coordinates":[18.6092084,54.3707352]},"properties":{"barrier":"gate"}},
{"type":"Feature","geometry":{"type":"Point","coordinates":[18.6091732,54.3702796]},"properties":{"access":"permissive","barrier":"gate","check_date":"2024-02-03"}},
{"type":"Feature","geometry":{"type":"Point","coordinates":[18.579242,54.4031464]},"properties":{"barrier":"gate"}},
{"type":"Feature","geometry":{"type":"Point","coordinates":[18.5797466,54.4032689]},"properties":{"barrier":"gate"}},
{"type":"Feature","geometry":{"type":"Point","coordinates":[18.6242289,54.3267536]},"properties":{"barrier":"gate"}},
{"type":"Feature","geometry":{"type":"Point","coordinates":[18.5620736,54.3442245]},"properties":{"barrier":"gate","bicycle":"no","foot":"no","horse":"no","motor_vehicle":"permissive"}},
{"type":"Feature","geometry":{"type":"Point","coordinates":[18.6447963,54.4052405]},"properties":{"addr:city":"Gdańsk","addr:housenumber":"10","addr:postcode":"80-515","addr:street":"Ignacego Krasickiego","amenity":"school","mobile":"+48 514 989 491","name":"Szkoła Podstawowa nr 18","phone":"+48 58 342 92 83","website":"https://zso10.edu.gdansk.pl/"}},
{"type":"Feature","geometry":{"type":"Point","coordinates":[18.6445661,54.4049877]},"properties":{"addr:city":"Gdańsk","addr:housenumber":"10","addr:postcode":"80-515","addr:street":"Ignacego Krasickiego","amenity":"school","isced:level":"3","mobile":"+48 514 989 491","name":"XXIII Liceum Ogólnokształcące","operator":"Miasto Gdańsk","operator:type":"public","phone":"+48 58 342 92 83","website":"https://zso10.edu.gdansk.pl/"}},
{"type":"Feature","geometry":{"type":"Point","coordinates":[18.5732553,54.4197647]},"properties":{"addr:city":"Gdańsk","addr:housenumber":"22","addr:postcode":"80-354","addr:street":"Subisława","amenity":"school","isced:level":"3","name":"XII Sportowe Liceum Ogólnokształcące z Oddziałami Mistrzostwa Sportowego im. Janusza Kusocińskiego","operator":"Miasto Gdańsk","operator:type":"public"}},
{"type":"Feature","geometry":{"type":"Point","coordinates":[18.5732251,54.4195351]},"properties":{"addr:city":"Gdańsk","addr:housenumber":"22","addr:postcode":"80-354","addr:street":"Subisława","amenity":"school","name":"Sportowa Szkoła Podstawowa nr 75 z Oddziałami Mistrzostwa Sportowego im. Janusza Kusocińskiego"}},
{"type":"Feature","geometry":{"type":"Point","coordinates":[18.6222562,54.3398368]},"properties":{"addr:city":"Gdańsk","addr:housenumber":"13","addr:postcode":"80-807","addr:street":"Tytusa Chałubińskiego","amenity":"school","email":"sekretariat@zso7.edu.gdansk.pl","fax":"+48 58 300 42 42","isced:level":"3","name":"VII Liceum Ogólnokształcące im. Józefa Wybickiego","operator":"Miasto Gdańsk","operator:type":"public","phone":"+48 58 302 85 20","website":"https://lo7.edu.gdansk.pl/"}},
{"type":"Feature","geometry":{"type":"Point","coordinates":[18.5669532,54.3489965]},"properties":{"amenity":"kindergarten","name":"Przedszkole Fahrenheita"}},
{"type":"Feature","geometry":{"type":"Point","coordinates":[18.6120641,54.3867122]},"properties":{"access":"no","barrier":"gate"}},
{"type":"Feature","geometry":{"type":"Point","coordinates":[18.591203,54.3274068]},"properties":{"amenity":"kindergarten","check_date":"2024-04-09"}},
{"type":"Feature","geometry":{"type":"Point","coordinates":[18.5201825,54.2918115]},"properties":{"amenity":"kindergarten","name":"Wpływ Natury","nursery":"yes"}},
{"type":"Feature","geometry":{"type":"Point","coordinates":[18.6146271,54.3841204]},"properties":{"amenity":"school","name":"Ogólnokształcąca Szkoła Baletowa im. Janiny Jarzynówny-Sobczak"}},
{"type":"Feature","geometry":{"type":"Point","coordinates":[18.6478183,54.4015502]},"properties":{"addr:city":"Gdańsk","addr:city:simc":"0933016","addr:housenumber":"2","addr:postcode":"80-536","addr:street":"Letnicka","amenity":"kindergarten","name":"Wesoła Kraina","nursery":"yes","website":"wesolakraina.com.pl"}},
{"type":"Feature","geometry":{"type":"Point","coordinates":[18.6468606,54.4004946]},"properties":{"addr:city":"Gdańsk","addr:housenumber":"93/8","addr:postcode":"80-534","addr:street":"Starowiejska","amenity":"kindergarten","email":"kontakt@wymarzoneprzedszkole.pl","name":"Wymarzone Przedszkole","phone":"+48 574 150 002","preschool":"yes","website":"www.wymarzoneprzedszkole.pl"}},
{"type":"Feature","geometry":{"type":"Point","coordinates":[18.6042146,54.3862309]},"properties":{"barrier":"gate"}},
{"type":"Feature","geometry":{"type":"Point","coordinates":[18.628943,54.4035862]},"properties":{"access":"private","barrier":"gate"}},
{"type":"Feature","geometry":{"type":"Point","coordinates":[18.4914934,54.3575218]},"properties":{"amenity":"kindergarten","check_date":"2024-08-21","name":"Publiczne Pozytywne Przedszkole nr 9"}},
{"type":"Feature","geometry":{"type":"Point","coordinates":[18.5953061,54.4138899]},"properties":{"amenity":"school","name":"Zespół Niepublicznych Placówek Oświatowych PSONI Koło w Gdańsku"}},
{"type":"Feature","geometry":{"type":"Point","coordinates":[18.6289396,54.4035706]},"properties":{"access":"private","barrier":"gate"}},
{"type":"Feature","geometry":{"type":"Point","coordinates":[18.5812486,54.377233]},"properties":{"barrier":"gate"}},
{"type":"Feature","geometry":{"type":"Point","coordinates":[18.5796698,54.3878716]},"properties":{"barrier":"gate"}},
{"type":"Feature","geometry":{"type":"Point","coordinates":[18.5784245,54.3872559]},"properties":{"barrier":"gate"}},
{"type":"Feature","geometry":{"type":"Point","coordinates":[18.5916133,54.3969261]},"properties":{"barrier":"gate"}},
{"type":"Feature","geometry":{"type":"Point","coordinates":[18.5932729,54.3935898]},"properties":{"barrier":"gate"}},
{"type":"Feature","geometry":{"type":"Point","coordinates":[18.5786206,54.4036959]},"properties":{"barrier":"gate"}},
{"type":"Feature","geometry":{"type":"Point","coordinates":[18.5787909,54.4033789]},"properties":{"entrance":"main"}},
{"type":"Feature","geometry":{"type":"Point","coordinates":[18.6574899,54.3425624]},"properties":{"barrier":"gate"}},
{"type":"Feature","geometry":{"type":"Point","coordinates":[18.6578489,54.3418166]},"properties":{"barrier":"gate"}},
{"type":"Feature","geometry":{"type":"Point","coordinates":[18.6429569,54.3454475]},"properties":{"barrier":"entrance"}},
{"type":"Feature","geometry":{"type":"Point","coordinates":[18.6218996,54.3752125]},"properties":{"access":"permissive","barrier":"gate"}},
{"type":"Feature","geometry":{"type":"Point","coordinates":[18.6236194,54.3748251]},"properties":{"access":"permissive","barrier":"wicket_gate"}},
{"type":"Feature","geometry":{"type":"Point","coordinates":[18.5957712,54.395084]},"properties":{"amenity":"school","name":"Szkoła Podstawowa nr 92","name:en":"Primary School No. 92"}},
{"type":"Feature","geometry":{"type":"Point","coordinates":[18.5962835,54.3946819]},"properties":{"amenity":"kindergarten","name":"Przedszkole nr 13"}},
{"type":"Feature","geometry":{"type":"Point","coordinates":[18.5835317,54.3193329]},"properties":{"barrier":"gate"}},
{"type":"Feature","geometry":{"type":"Point","coordinates":[18.5623988,54.376949]},"properties":{"barrier":"gate"}},
{"type":"Feature","geometry":{"type":"Point","coordinates":[18.6052318,54.4090549]},"properties":{"barrier":"gate"}},
{"type":"Feature","geometry":{"type":"Point","coordinates":[18.6026144,54.4073684]},"properties":{"barrier":"entrance"}},
{"type":"Feature","geometry":{"type":"Point","coordinates":[18.4809347,54.426312]},"properties":{"addr:city":"Gdańsk","addr:housenumber":"24","addr:postcode":"80-299","addr:street":"Syriusza","amenity":"kindergarten","name":"Stacja Edukacja","nursery":"yes","preschool":"no"}},
{"type":"Feature","geometry":{"type":"Point","coordinates":[18.4812209,54.4188319]},"properties":{"addr:city":"Gdańsk","addr:housenumber":"31","addr:postcode":"80-299","addr:street":"Orfeusza","amenity":"kindergarten","email":"przedszkole.kolorowegniazdko@wp.pl","name":"Kolorowe Gniazdko","nursery":"yes","phone":"+48 660 802 996","preschool":"no","website":"http://www.zlobek.kolorowegniazdko.pl/"}},
{"type":"Feature","geometry":{"type":"Point","coordinates":[18.4812579,54.4187321]},"properties":{"addr:city":"Gdańsk","addr:housenumber":"33","addr:postcode":"80-299","addr:street":"Orfeusza","amenity":"kindergarten","email":"przedszkole.kolorowegniazdko@wp.pl","name":"Kolorowe Gniazdko","nursery":"no","phone":"+48 660 802 996","preschool":"yes","website":"http://www.przedszkole.kolorowegniazdko.pl/"}},
{"type":"Feature","geometry":{"type":"Point","coordinates":[18.6061789,54.3928602]},"properties":{"barrier":"gate"}},
{"type":"Feature","geometry":{"type":"Point","coordinates":[18.605913,54.3928309]},"properties":{"barrier":"gate"}},
{"type":"Feature","geometry":{"type":"Point","coordinates":[18.5417157,54.4483288]},"properties":{"amenity":"kindergarten","check_date":"2025-02-06"}},
{"type":"Feature","geometry":{"type":"Point","coordinates":[18.5401494,54.4466823]},"properties":{"amenity":"school","name":"Zespołu Szkół Specjalnych nr 6"}},
{"type":"Feature","geometry":{"type":"Point","coordinates":[18.5905319,54.3599806]},"properties":{"amenity":"kindergarten","name":"Przedszkole Misia Wojtka","website":"http://przedszkole.morena.com.pl/"}},
{"type":"Feature","geometry":{"type":"Point","coordinates":[18.5429945,54.3336749]},"properties":{"addr:city":"Gdańsk","addr:door":"7","addr:housenumber":"64","addr:postcode":"80-174","addr:street":"Stężycka","amenity":"kindergarten","level":"0","name":"A-Kuku","nursery":"yes","wheelchair":"yes"}},
{"type":"Feature","geometry":{"type":"Point","coordinates":[18.5958459,54.3670367]},"properties":{"amenity":"kindergarten","check_date":"2025-02-22","name":"Przedszkole Niepubliczne Królestwo Fantazji"}},
{"type":"Feature","geometry":{"type":"Point","coordinates":[18.5868166,54.3330518]},"properties":{"amenity":"kindergarten","name":"Przedszkole Mali Przyjaciele","phone":"+48 601 659 438","website":"https://www.maliprzyjaciele.edu.pl/"}},
{"type":"Feature","geometry":{"type":"Point","coordinates":[18.5828795,54.365672000000007]},"properties":{"addr:city":"Gdańsk","addr:housenumber":"4/1","addr:postcode":"80-288","addr:street":"Ferdynanda Magellana","amenity":"kindergarten","check_date":"2025-08-05","email":"info@koliberprzedszkole.pl","fee":"yes","isced:level":"0","level":"0","max_age":"6","min_age":"1","name":"Przedszkole I Żłobek Koliber","nursery":"yes","opening_hours":"Mo-Fr 06:30-17:30","operator:type":"private","phone":"+48502070737","preschool":"yes","website":"https://koliberprzedszkole.pl/"}},
{"type":"Feature","geometry":{"type":"Point","coordinates":[18.5608207,54.3123496]},"properties":{"amenity":"kindergarten","name":"Skrawek Nieba"}},
{"type":"Feature","geometry":{"type":"Point","coordinates":[18.5611466,54.3122088]},"properties":{"amenity":"school","name":"Szkoła Podstawowa Montessori w Kowalach"}},
{"type":"Feature","geometry":{"type":"Point","coordinates":[18.4723793,54.4292223]},"properties":{"amenity":"kindergarten","name":"Słoneczna Kraina"}},
{"type":"Feature","geometry":{"type":"Point","coordinates":[18.5904154,54.3617557]},"properties":{"barrier":"gate"}},
{"type":"Feature","geometry":{"type":"Point","coordinates":[18.5706306,54.4394453]},"properties":{"barrier":"gate"}},
{"type":"Feature","geometry":{"type":"Point","coordinates":[18.6565437,54.3549423]},"properties":{"entrance":"emergency"}},
{"type":"Feature","geometry":{"type":"Point","coordinates":[18.6564304,54.3543016]},"properties":{"barrier":"gate","bicycle":"yes","foot":"yes"}},
{"type":"Feature","geometry":{"type":"Point","coordinates":[18.5852236,54.423726]},"properties":{"barrier":"gate"}},
{"type":"Feature","geometry":{"type":"Point","coordinates":[18.5859556,54.4240193]},"properties":{"barrier":"gate"}},
{"type":"Feature","geometry":{"type":"Point","coordinates":[18.5832566,54.4234642]},"properties":{"barrier":"gate"}},
{"type":"Feature","geometry":{"type":"Point","coordinates":[18.5835382,54.4235342]},"properties":{"barrier":"gate"}},
{"type":"Feature","geometry":{"type":"Point","coordinates":[18.5858291,54.424091]},"properties":{"barrier":"gate"}},
{"type":"Feature","geometry":{"type":"Point","coordinates":[18.6091702,54.3828786]},"properties":{"amenity":"kindergarten","check_date":"2025-06-07","name":"Publiczne Pozytywne Przedszkole nr 1"}},
{"type":"Feature","geometry":{"type":"Point","coordinates":[18.6088416,54.3859854]},"properties":{"addr:city":"Gdańsk","addr:housenumber":"11/13","addr:postcode":"80-445","addr:street":"Jana Pestalozziego","amenity":"school","email":"sekretariat@lo19.edu.gdansk.pl","fax":"346-15-56","isced:level":"3","name":"XIX Liceum Ogólnokształcące im.Mariana Mokwy","opening_hours":"Mo-Fr 08:00-15:00","operator":"Miasto Gdańsk","operator:type":"public","phone":"+48 58 341 29 02","website":"http://lo19.edu.gdansk.pl/pl"}},
{"type":"Feature","geometry":{"type":"Point","coordinates":[18.6092761,54.3854449]},"properties":{"addr:city":"Gdańsk","addr:housenumber":"7/9","addr:postcode":"80-445","addr:street":"Jana Pestalozziego","amenity":"school","contact:facebook":"https://www.facebook.com/iilogdansk/","email":"sekretariat@lo2.edu.gdansk.pl","isced:level":"3","name":"II Liceum Ogólnokształcące im. dr. Władysława Pniewskiego","name:pl":"II Liceum Ogólnokształcące Pestalozzischule","opening_hours":"Mo-Fr 08:00-15:00","operator":"Miasto Gdańsk","operator:type":"public","phone":"+48 58 341 46 56","website":"http://www.2lo.gda.pl/","wikidata":"Q9296012","wikipedia":"pl:II Liceum Ogólnokształcące im. dr. Władysława Pniewskiego w Gdańsku"}},
{"type":"Feature","geometry":{"type":"LineString","coordinates":[[18.6501317,54.3451268],[18.6501645,54.3451168],[18.6508451,54.3449088],[18.6507609,54.3447982],[18.651004,54.344735],[18.6510029,54.3447335],[18.6510362,54.3447257],[18.6510777,54.3446639],[18.6511682,54.3445293],[18.6511524,54.3445106],[18.6508473,54.344377],[18.6503004,54.3441372],[18.6495701,54.3443838],[18.6496335,54.3444669],[18.6496323,54.3444672],[18.64968,54.3445308],[18.64978,54.344664],[18.6499224,54.3448526],[18.6499744,54.3449219],[18.649976,54.3449215],[18.6501317,54.3451268]]},"properties":{"amenity":"school","landuse":"education","name":"Szkoła Podstawowa nr 67 im. kapitana żeglugi wielkiej Tadeusza Ziółkowskiego"}},
{"type":"Feature","geometry":{"type":"LineString","coordinates":[[18.6090543,54.3387549],[18.608987,54.3385572],[18.6071945,54.3386531],[18.6058154,54.3387277],[18.6058419,54.3391084],[18.6059279,54.339211],[18.606341,54.3393447],[18.6066559,54.3394261],[18.6072288,54.3396082],[18.6075433,54.3396978],[18.6078863,54.3397911],[18.6079308,54.3398095],[18.6081556,54.339859],[18.6086021,54.339964],[18.6086701,54.3399626],[18.6088649,54.3399587],[18.6089551,54.3398728],[18.6089536,54.3397769],[18.6089436,54.3395467],[18.6089523,54.3395466],[18.6089518,54.3395131],[18.60894,54.3395128],[18.6089412,54.339437],[18.6089376,54.339358],[18.6090261,54.3393568],[18.6090226,54.3392916],[18.6090409,54.3392919],[18.6090404,54.3392177],[18.609047,54.3392166],[18.6090449,54.3391757],[18.6088895,54.3391791],[18.6088742,54.3388933],[18.6090339,54.3388914],[18.6090335,54.3388503],[18.6090218,54.3388499],[18.6090187,54.3387838],[18.6090178,54.3387632],[18.6090174,54.3387555],[18.6090543,54.3387549]]},"properties":{"amenity":"school","landuse":"education","name":"Szkoła Podstawowa nr 8"}},
{"type":"Feature","geometry":{"type":"LineString","coordinates":[[18.6711193,54.3999133],[18.6708244,54.3996296],[18.6707751,54.3995803],[18.6707146,54.3996004],[18.6706929,54.399578],[18.6705876,54.3994706],[18.6705446,54.3994269],[18.6704174,54.3993013],[18.6703715,54.3992565],[18.6704881,54.399217],[18.6704121,54.3991509],[18.6703322,54.3990704],[18.6703098,54.3990462],[18.6715843,54.3986159],[18.6719225,54.3989876],[18.6724052,54.3995075],[18.6717782,54.3997052],[18.6711193,54.3999133]]},"properties":{"amenity":"school","landuse":"education","name":"Szkoła Podstawowa nr 55"}},
{"type":"Feature","geometry":{"type":"LineString","coordinates":[[18.6628416,54.4032062],[18.6623309,54.4028167],[18.6622849,54.4027983],[18.6610923,54.402916],[18.6610257,54.4029302],[18.6602161,54.4022854],[18.6615647,54.4016921],[18.6620643,54.4014515],[18.6623479,54.4017318],[18.6623715,54.401755],[18.6625184,54.4019003],[18.6625847,54.4018795],[18.6635396,54.4028938],[18.6628416,54.4032062]]},"properties":{"addr:city":"Gdańsk","addr:housenumber":"31A","addr:postcode":"80-546","addr:street":"Na Zaspę","amenity":"school","barrier":"fence","email":"sekretariat@zso5.edu.gdansk.pl","isced:level":"3","name":"Zespół Szkół Ogólnokształcących Nr 5 IV Liceum Ogólnokształcące z Oddziałami Mistrzostwa Sportowego im. Marynarzy Wojsk Ochrony Pogranicza","operator":"Miasto Gdańsk","operator:type":"public","phone":"+48 58 682 40 33","website":"https://zso5.edu.gdansk.pl/"}},
{"type":"Feature","geometry":{"type":"LineString","coordinates":[[18.6563749,54.4024437],[18.6555539,54.4016965],[18.6556306,54.4016626],[18.6555597,54.4015861],[18.6556432,54.4015756],[18.6561201,54.4014694],[18.6560783,54.401416],[18.6563972,54.4013256],[18.6564626,54.4013952],[18.656807,54.401296],[18.6571359,54.4016549],[18.6571593,54.4016798],[18.656811,54.4017903],[18.6571871,54.4021177],[18.657165,54.4021271],[18.6564728,54.4024244],[18.6564352,54.4024168],[18.6564056,54.4024301],[18.6563749,54.4024437]]},"properties":{"amenity":"school","barrier":"fence","landuse":"education","name":"Zespół Szkół Morskich im. Bohaterskich Obrońców Westerplatte"}},
{"type":"Feature","geometry":{"type":"LineString","coordinates":[[18.6517716,54.3577988],[18.6522809,54.3573261],[18.6525079,54.3574096],[18.6527484,54.3573356],[18.6528746,54.3573882],[18.6528732,54.3573894],[18.6536911,54.3577251],[18.6537248,54.3577889],[18.6538047,54.3579563],[18.6538136,54.357975],[18.6527743,54.3581472],[18.6526985,54.3581238],[18.6526767,54.3580791],[18.6526929,54.3580768],[18.6526856,54.3580607],[18.6526697,54.3580293],[18.6525966,54.3580405],[18.6526041,54.3580571],[18.6525367,54.3580675],[18.652059,54.3579],[18.6517716,54.3577988]]},"properties":{"amenity":"school","landuse":"education","name":"Szkoła Podstawowa nr 57 im. gen. Władysława Andersa"}},
{"type":"Feature","geometry":{"type":"LineString","coordinates":[[18.6165931,54.3487355],[18.616596,54.3486757],[18.6166075,54.3483143],[18.616614,54.3480459],[18.6168476,54.3480411],[18.6170746,54.348048],[18.6170674,54.3478006],[18.617561,54.3477961],[18.6177407,54.3477956],[18.6180985,54.347815],[18.6180629,54.348105],[18.6180365,54.3484117],[18.6180312,54.3485667],[18.6180335,54.3486109],[18.6180365,54.348667],[18.6173012,54.3487007],[18.6167113,54.3487297],[18.6165931,54.3487355]]},"properties":{"addr:city":"Gdańsk","addr:housenumber":"128","addr:postcode":"80-136","addr:street":"Kartuska","amenity":"school","email":"sekretariat@lo8.edu.gdansk.pl","isced:level":"3","name":"VIII Liceum Ogólnokształcące im. Komisji Edukacji Narodowej","name:etymology:wikidata":"Q1562345","operator":"Miasto Gdańsk","operator:type":"public","phone":"+48 58 302 00 10","website":"https://lo8.gda.pl/"}},
{"type":"Feature","geometry":{"type":"LineString","coordinates":[[18.6180635,54.3484489],[18.6181145,54.3484757],[18.6194848,54.3485258],[18.6194931,54.3484323],[18.6195162,54.3482243],[18.6195238,54.3481574],[18.6195261,54.348144],[18.6196291,54.3479897],[18.6194466,54.347952],[18.6192542,54.3479139],[18.6191887,54.3479021],[18.6190173,54.3478762],[18.6189356,54.3478682],[18.6187208,54.3478514],[18.6183485,54.3478287],[18.6181263,54.3478179],[18.6180761,54.3483154],[18.6180642,54.3484224],[18.6180635,54.3484489]]},"properties":{"amenity":"school","contact:website":"http://www.sp14.gda.pl/","landuse":"education","name":"Szkoła Podstawowa nr 14 im. ks. Grzegorza Piramowicza","name:etymology:wikidata":"Q3920823"}},
{"type":"Feature","geometry":{"type":"LineString","coordinates":[[18.6202377,54.3422497],[18.6201765,54.3414125],[18.6203652,54.3414053],[18.6206097,54.3414893],[18.6206298,54.3418366],[18.6210432,54.341832],[18.6210593,54.3422691],[18.6209648,54.342271],[18.6203031,54.342283],[18.6202377,54.3422497]]},"properties":{"amenity":"kindergarten","barrier":"fence","fence_type":"metal","name":"Żłobek nr 19"}},
{"type":"Feature","geometry":{"type":"LineString","coordinates":[[18.6210593,54.3422691],[18.621061,54.3422963],[18.6210642,54.3423553],[18.6219506,54.3423368],[18.6219143,54.3419006],[18.6212471,54.3417149],[18.6206097,54.3414893],[18.6206298,54.3418366],[18.6210432,54.341832],[18.6210593,54.3422691]]},"properties":{"amenity":"kindergarten","barrier":"fence","contact:website":"http://www.radosnyzakatek.nsm.pl/","fence_type":"metal","name":"Przedszkole nr 76 Radosny Zakątek"}},
{"type":"Feature","geometry":{"type":"LineString","coordinates":[[18.6232264,54.3409758],[18.6232547,54.3409751],[18.6232766,54.3409699],[18.6233048,54.3409548],[18.623439,54.3408425],[18.6234413,54.340789],[18.6234417,54.340618],[18.623255,54.3406189],[18.6232632,54.3404974],[18.623122,54.3404867],[18.6231235,54.3404593],[18.6225094,54.3404767],[18.6224844,54.3404774],[18.6223899,54.3405731],[18.6223866,54.3405765],[18.6223867,54.3407067],[18.6223783,54.3407135],[18.6223969,54.3409959],[18.6227792,54.3409866],[18.6232264,54.3409758]]},"properties":{"amenity":"kindergarten","barrier":"fence","name":"Przedszkole nr 85 Wesoły Ul"}},
{"type":"Feature","geometry":{"type":"LineString","coordinates":[[18.5948917,54.3911348],[18.594135,54.3910159],[18.594292,54.3906856],[18.5944813,54.3902868],[18.5945384,54.3901697],[18.5947428,54.3902029],[18.5947682,54.390207],[18.5947917,54.3902108],[18.5954421,54.3903165],[18.5954662,54.3903204],[18.5954883,54.390324],[18.5957562,54.3903674],[18.5959712,54.390467],[18.5958815,54.390521],[18.5948917,54.3911348]]},"properties":{"amenity":"school","barrier":"fence","landuse":"education","name":"Podstawowa Szkoła Społeczna \"Niedźwiednik\""}},
{"type":"Feature","geometry":{"type":"LineString","coordinates":[[18.6749465,54.3984398],[18.6748983,54.3983747],[18.6749057,54.3983728],[18.6748436,54.3982875],[18.6749367,54.3982644],[18.6749502,54.3982829],[18.6751379,54.3982365],[18.675124,54.3982174],[18.6752184,54.398194],[18.6752799,54.3982786],[18.6752902,54.3982761],[18.6753375,54.3983411],[18.6752049,54.3983738],[18.6752103,54.3983813],[18.6750843,54.3984148],[18.6750782,54.3984065],[18.6749465,54.3984398]]},"properties":{"addr:city":"Gdańsk","addr:country":"PL","addr:housenumber":"14","addr:postcode":"80-547","addr:street":"Władysława IV","amenity":"kindergarten","building":"yes","name":"Przedszkole Nr 1","source:addr":"Urząd Miasta Gdańsk"}},
{"type":"Feature","geometry":{"type":"LineString","coordinates":[[18.7198248,54.3610307],[18.7201051,54.3610217],[18.7201072,54.3610434],[18.7201604,54.3610417],[18.7201271,54.3606892],[18.7195813,54.3607067],[18.7195732,54.3606218],[18.7201187,54.3606044],[18.7201032,54.360441],[18.7202763,54.3604355],[18.7203444,54.3611567],[18.7201717,54.3611622],[18.7201701,54.3611453],[18.7201169,54.361147],[18.7201194,54.3611729],[18.7198391,54.3611819],[18.7198248,54.3610307]]},"properties":{"addr:city":"Gdańsk","addr:housenumber":"3","addr:postcode":"80-627","addr:street":"Kłosowa","amenity":"school","building":"yes","name":"Szkoła Podstawowa nr 72 im. Obrońców Westerplatte"}},
{"type":"Feature","geometry":{"type":"LineString","coordinates":[[18.5664116,54.4173619],[18.5664231,54.4173354],[18.5663654,54.4173261],[18.5663812,54.4172932],[18.5663897,54.4172946],[18.5663972,54.4172783],[18.5664468,54.4172855],[18.5666481,54.4173225],[18.5666494,54.4173199],[18.5668032,54.4173459],[18.5667635,54.4174259],[18.5664116,54.4173619]]},"properties":{"addr:city":"Gdańsk","addr:country":"PL","addr:housenumber":"563A","addr:postcode":"80-339","addr:street":"Aleja Grunwaldzka","amenity":"kindergarten","building":"yes","source:addr":"Urząd Miasta Gdańsk"}},
{"type":"Feature","geometry":{"type":"LineString","coordinates":[[18.6008852,54.4087118],[18.6012355,54.4087785],[18.6012148,54.4088153],[18.6013562,54.4088423],[18.6013775,54.4088043],[18.60204,54.4089304],[18.6020269,54.4089536],[18.6020794,54.4089636],[18.6021485,54.4089767],[18.6020095,54.409224],[18.6018957,54.4092523],[18.6003699,54.4088555],[18.6003004,54.4087679],[18.600301,54.4085159],[18.600592,54.4084719],[18.6008501,54.4086494],[18.6009125,54.4086598],[18.6008852,54.4087118]]},"properties":{"addr:city":"Gdańsk","addr:housenumber":"28","addr:postcode":"80-365","addr:street":"Prezydenta Lecha Kaczyńskiego","amenity":"school","barrier":"fence","contact:facebook":"https://www.facebook.com/SORWGdansk/","email":"sekretariat@sorw.edu.gdansk.pl","fax":"+48 58 553 40 32","name":"Specjalny Ośrodek Rewalidacyjno-Wychowawczy dla Dzieci i Młodzieży z Autyzmem w Gdańsku","phone":"+48 58 553 40 32","source:addr":"Urząd Miasta Gdańsk","start_date":"1992","website":"https://sorw.edu.gdansk.pl/"}},
{"type":"Feature","geometry":{"type":"LineString","coordinates":[[18.5606005,54.4026813],[18.5607903,54.4027122],[18.5608622,54.4025621],[18.5609025,54.4024779],[18.5609541,54.4023701],[18.5610029,54.4022682],[18.5608108,54.4022383],[18.5606005,54.4026813]]},"properties":{"addr:city":"Gdańsk","addr:city:simc":"0933016","addr:country":"PL","addr:housenumber":"124","addr:postcode":"80-308","addr:street":"Polanki","amenity":"school","building":"school","building:levels":"3","check_date":"2024-08-02","name":"Ogólnokształcące Liceum Programów Indywidualnych","source":"www.geoportal.gov.pl","source:addr":"gugik.gov.pl"}},
{"type":"Feature","geometry":{"type":"LineString","coordinates":[[18.5566232,54.4102054],[18.5566428,54.4103442],[18.5568541,54.4103334],[18.5568334,54.4101904],[18.5566836,54.4101979],[18.5566841,54.4102022],[18.5566232,54.4102054]]},"properties":{"addr:city":"Gdańsk","addr:country":"PL","addr:housenumber":"7","addr:postcode":"80-330","addr:street":"Cystersów","amenity":"kindergarten","building":"kindergarten","building:levels":"3","source":"www.geoportal.gov.pl","source:addr":"Urząd Miasta Gdańsk"}},
{"type":"Feature","geometry":{"type":"LineString","coordinates":[[18.5624944,54.4120999],[18.5626434,54.4121326],[18.5626782,54.4120789],[18.5626836,54.4120804],[18.5626867,54.4120769],[18.5627156,54.4120831],[18.562739,54.4120457],[18.5627104,54.412039300000007],[18.5627116,54.4120365],[18.5627052,54.4120349],[18.5627404,54.4119812],[18.5625923,54.4119481],[18.5625616,54.411995],[18.5625472,54.4119918],[18.5625103,54.4120496],[18.5625246,54.4120528],[18.5624944,54.4120999]]},"properties":{"addr:city":"Gdańsk","addr:country":"PL","addr:housenumber":"12A","addr:postcode":"80-338","addr:street":"Opacka","amenity":"kindergarten","building":"kindergarten","building:levels":"3","source":"www.geoportal.gov.pl","source:addr":"Urząd Miasta Gdańsk"}},
{"type":"Feature","geometry":{"type":"LineString","coordinates":[[18.6744381,54.3980856],[18.6745794,54.3980504],[18.6754673,54.3978213],[18.6758275,54.3983125],[18.6752384,54.3984574],[18.6748153,54.3985606],[18.6744381,54.3980856]]},"properties":{"amenity":"kindergarten","name":"Przedszkole nr 1 \"Tęczowa Jedyneczka\""}},
{"type":"Feature","geometry":{"type":"LineString","coordinates":[[18.6247216,54.3416923],[18.6247133,54.3415871],[18.6246842,54.3415871],[18.6246732,54.3414386],[18.624876,54.3414327],[18.6248938,54.3417128],[18.6247885,54.3417147],[18.6247885,54.3417118],[18.6247522,54.3417121],[18.6247365,54.3417085],[18.624725,54.341701],[18.6247216,54.3416923]]},"properties":{"addr:city":"Gdańsk","addr:country":"PL","addr:housenumber":"1","addr:postcode":"80-807","addr:street":"Tytusa Chałubińskiego","amenity":"kindergarten","building":"yes","name":"Podwodna Kraina","source:addr":"Urząd Miasta Gdańsk"}},
{"type":"Feature","geometry":{"type":"LineString","coordinates":[[18.6251996,54.3418466],[18.62521,54.3416936],[18.6253283,54.3416976],[18.6253259,54.3417708],[18.6254761,54.3417738],[18.6254721,54.3418408],[18.6254507,54.341841],[18.6254685,54.3418773],[18.6253957,54.3418893],[18.6253743,54.3418526],[18.6251996,54.3418466]]},"properties":{"addr:city":"Gdańsk","addr:country":"PL","addr:housenumber":"1A","addr:postcode":"80-807","addr:street":"Tytusa Chałubińskiego","amenity":"kindergarten","building":"yes","name":"Szkrabolandia","source:addr":"Urząd Miasta Gdańsk"}},
{"type":"Feature","geometry":{"type":"LineString","coordinates":[[18.4745141,54.423861],[18.4744628,54.4236711],[18.4744588,54.4236562],[18.474629,54.4236407],[18.4746471,54.4237076],[18.4746931,54.4237033],[18.474711,54.4237696],[18.4747569,54.4237654],[18.4747762,54.423837],[18.4745141,54.423861]]},"properties":{"addr:city":"Gdańsk","addr:country":"PL","addr:housenumber":"9","addr:postcode":"80-299","addr:street":"Diany","amenity":"kindergarten","building":"yes","building:levels":"1","name":"Krasnoludek","roof:shape":"hipped","source:addr":"Urząd Miasta Gdańsk"}},
{"type":"Feature","geometry":{"type":"LineString","coordinates":[[18.454691,54.4220715],[18.4546336,54.4220228],[18.4546501,54.4220162],[18.4545833,54.4219591],[18.4546215,54.4219439],[18.454613,54.4219365],[18.4546155,54.4219239],[18.4546383,54.4219152],[18.4546587,54.4219184],[18.4546675,54.4219262],[18.4547055,54.421911],[18.4547515,54.42195],[18.4547961,54.4219324],[18.454862,54.4219885],[18.4548167,54.4220065],[18.4548288,54.4220167],[18.454691,54.4220715]]},"properties":{"addr:city":"Gdańsk","addr:country":"PL","addr:housenumber":"2","addr:postcode":"80-299","addr:street":"Westy","amenity":"kindergarten","building":"yes","name":"Puchatek","source:addr":"Urząd Miasta Gdańsk"}},
{"type":"Feature","geometry":{"type":"LineString","coordinates":[[18.6586598,54.3556026],[18.6581113,54.3553327],[18.6580645,54.3552922],[18.6579604,54.3550738],[18.658055,54.3548986],[18.6581331,54.3547974],[18.6581152,54.3547937],[18.6581449,54.3547488],[18.6587017,54.3548411],[18.6590329,54.3549012],[18.6591561,54.3549278],[18.659287,54.3549608],[18.6593483,54.3549882],[18.6595089,54.3550628],[18.6595903,54.3551127],[18.6596395,54.3550921],[18.6598492,54.3550062],[18.6601299,54.3551712],[18.6602317,54.3552341],[18.6589161,54.3558357],[18.6586672,54.3556741],[18.6586423,54.3556579],[18.6586598,54.3556026]]},"properties":{"amenity":"school","barrier":"fence","check_date":"2025-06-15","landuse":"education","name":"Szkoła Podstawowa Specjalna nr 26"}},
{"type":"Feature","geometry":{"type":"LineString","coordinates":[[18.6551524,54.3559246],[18.6550875,54.356045],[18.6550895,54.3560455],[18.6550887,54.3560472],[18.6550952,54.3560485],[18.6550699,54.3560836],[18.6549958,54.3560663],[18.6548887,54.3560414],[18.6547126,54.3559987],[18.6547098,54.3560022],[18.6544945,54.3562696],[18.6542811,54.3565348],[18.6545497,54.3566487],[18.6547356,54.3567275],[18.6547818,54.3567471],[18.6550341,54.3568541],[18.6550477,54.3568598],[18.6550772,54.3568371],[18.6551043,54.3568161],[18.6551339,54.3567933],[18.6552382,54.3567041],[18.6552626,54.3566866],[18.6553243,54.3566425],[18.6552246,54.3566184],[18.6552441,54.3565902],[18.6553559,54.3566179],[18.6553793,54.3566235],[18.6554721,54.356657],[18.655689,54.3563747],[18.6558097,54.3562135],[18.6558245,54.3561936],[18.655898,54.3560937],[18.6558408,54.3560801],[18.6558435,54.3560763],[18.6558276,54.3560725],[18.6558251,54.3560763],[18.6557751,54.3560645],[18.6557777,54.3560607],[18.6557613,54.3560568],[18.6557588,54.3560607],[18.6557092,54.3560489],[18.6557121,54.3560451],[18.6557042,54.3560432],[18.6556955,54.3560412],[18.655693,54.356045],[18.6556433,54.3560332],[18.6556458,54.3560294],[18.6556288,54.3560267],[18.6556268,54.3560294],[18.6555792,54.3560181],[18.6555784,54.3560191],[18.655568,54.3560165],[18.6555684,54.3560155],[18.6555509,54.3560114],[18.6555503,54.3560124],[18.6554237,54.3559836],[18.6554295,54.3559753],[18.6553038,54.355947],[18.6552831,54.3559522],[18.6551738,54.3559269],[18.6551742,54.3559259],[18.6551558,54.3559229],[18.6551547,54.3559249],[18.6551524,54.3559246]]},"properties":{"amenity":"school","landuse":"education","name":"Gdańskie Szkoły Autonomiczne"}},
{"type":"Feature","geometry":{"type":"LineString","coordinates":[[18.6485677,54.3590108],[18.6485881,54.3590164],[18.6486506,54.3590397],[18.6486546,54.3590448],[18.6486598,54.3590516],[18.6486797,54.3590467],[18.6487299,54.3590513],[18.6487272,54.3590602],[18.6487637,54.3590639],[18.6488008,54.3590676],[18.6488038,54.3590586],[18.6488527,54.3590639],[18.6488693,54.3590726],[18.6488841,54.359063],[18.6489543,54.3590535],[18.6489791,54.3590523],[18.6489772,54.3590392],[18.6489882,54.3589997],[18.6489917,54.358994],[18.6489932,54.358992],[18.6490401,54.3589529],[18.649032,54.3589497],[18.6492472,54.3587619],[18.6492659,54.3587678],[18.6493459,54.3586954],[18.6491373,54.3586127],[18.6491062,54.3586004],[18.6491011,54.3585984],[18.6492764,54.3584443],[18.6491589,54.3582927],[18.6493294,54.358159],[18.6493399,54.3581585],[18.6492591,54.3581224],[18.648762,54.3579049],[18.6487598,54.3579065],[18.6485588,54.3580757],[18.6479903,54.3581615],[18.6482111,54.3586424],[18.6478499,54.3587282],[18.6478317,54.358733],[18.6481907,54.3590097],[18.6482166,54.3590297],[18.6485677,54.3590108]]},"properties":{"addr:city":"Gdańsk","addr:housenumber":"6","addr:postcode":"80-855","addr:street":"Wały Piastowskie","amenity":"school","email":"szkola@ilo.gda.pl","fax":"+48 58 301 67 34","isced:level":"3","landuse":"education","name":"I Liceum Ogólnokształcące im. Mikołaja Kopernika","name:de":"Oberrealschule St. Petri und Pauli","name:etymology:wikidata":"Q619","name:pl":"I Liceum Ogólnokształcące im. Mikołaja Kopernika","operator":"Miasto Gdańsk","operator:type":"public","phone":"+48 58 301 67 34","short_name":"I LO im. Mikołaja Kopernika","source":"Bing","website":"https://ilo.gda.pl/","wikidata":"Q11710603","wikipedia":"pl:I Liceum Ogólnokształcące im. Mikołaja Kopernika w Gdańsku"}},
{"type":"Feature","geometry":{"type":"LineString","coordinates":[[18.628592,54.4092681],[18.6287447,54.4092776],[18.6288996,54.4092858],[18.6290525,54.4092894],[18.6292874,54.4092926],[18.6302762,54.4092294],[18.6302723,54.4092004],[18.630475,54.4091822],[18.6304028,54.4088126],[18.6300525,54.4088365],[18.6297242,54.4088936],[18.6296614,54.4089248],[18.6285521,54.4091242],[18.628592,54.4092681]]},"properties":{"amenity":"kindergarten","barrier":"fence","name":"Przedszkole Niepubliczne Sióstr Benedyktynek Misjonarek","website":"https://przedszkole.benedyktynki.pl/"}},
{"type":"Feature","geometry":{"type":"LineString","coordinates":[[18.5617666,54.4385798],[18.5618515,54.4387553],[18.5616189,54.4390731],[18.5615991,54.4390859],[18.5615889,54.4390983],[18.56157,54.4391075],[18.5615383,54.4391101],[18.5609038,54.4390187],[18.5609135,54.4389714],[18.5608824,54.4389688],[18.5609291,54.4385508],[18.5613071,54.4385704],[18.5617666,54.4385798]]},"properties":{"addr:city":"Sopot","addr:street":"Aleja Niepodległości","amenity":"school","landuse":"education","name":"II Liceum Ogólnokształcące imienia Bolesława Chrobrego"}},
{"type":"Feature","geometry":{"type":"LineString","coordinates":[[18.6563049,54.354166],[18.6563274,54.3538474],[18.6565887,54.3538671],[18.6567065,54.353876],[18.6570246,54.3538999],[18.6571103,54.3539064],[18.6572776,54.3539164],[18.6574627,54.3539273],[18.6577137,54.353942],[18.6578471,54.3539498],[18.6577727,54.3540535],[18.6576261,54.3542443],[18.657533,54.35437],[18.657597,54.354386],[18.6577365,54.3544206],[18.6579289,54.3544681],[18.6579448,54.3544719],[18.6579245,54.3545003],[18.6577627,54.3547209],[18.6576002,54.3549399],[18.65745,54.355146],[18.657414,54.355195],[18.6573641,54.3551772],[18.65733,54.355165],[18.657354,54.355137],[18.6571207,54.3550686],[18.6569623,54.3550222],[18.656825,54.354982],[18.656808,54.355002],[18.6567833,54.3549947],[18.656764,54.354989],[18.6565562,54.3549276],[18.6565437,54.3549423],[18.6565285,54.3549603],[18.6564689,54.3549467],[18.6564293,54.3549346],[18.6564913,54.3548592],[18.6563334,54.354817],[18.6562673,54.3547993],[18.6562701,54.3547475],[18.6562913,54.3543577],[18.6563848,54.3543471],[18.6564225,54.3543428],[18.6564255,54.3543273],[18.6564304,54.3543016],[18.6564334,54.354286],[18.6563945,54.3542816],[18.656377,54.3542707],[18.6563858,54.3542492],[18.6563049,54.354166]]},"properties":{"addr:city":"Gdańsk","addr:housenumber":"51/52","addr:postcode":"80-845","addr:street":"Podwale Staromiejskie","amenity":"school","contact:phone":"+4858 301 67 14","grades":"9-13","landuse":"education","name":"Zespół Szkół Łączności im. Obrońców Poczty Polskiej","ref:ckkp":"PM00414","start_date":"1951","website":"http://www.zsl.gda.pl/","wikidata":"Q30609098","wikipedia":"pl:Muzeum Poczty Polskiej w Gdańsku"}},
{"type":"Feature","geometry":{"type":"LineString","coordinates":[[18.6553858,54.3530907],[18.65538,54.353075],[18.655367,54.353076],[18.655366,54.353072],[18.655363,54.35307],[18.655202,54.353074],[18.655202,54.353082],[18.654828,54.353096],[18.654829,54.353098],[18.654818,54.353099],[18.6547872,54.3530021],[18.6548242,54.3530008],[18.6548556,54.3529997],[18.6549119,54.3529977],[18.654907,54.3529507],[18.6548885,54.3529511],[18.6548563,54.3529385],[18.6548363,54.3528445],[18.6547567,54.3528495],[18.6547379,54.352846],[18.6546557,54.3525737],[18.654843,54.3525493],[18.6549387,54.3525458],[18.654935300000003,54.3525294],[18.6553103,54.3524928],[18.6553155,54.3525146],[18.6554045,54.3525061],[18.6554973,54.3524977],[18.6555438,54.3526895],[18.6559204,54.3527005],[18.656339,54.3527455],[18.6563726,54.3528773],[18.6563814,54.3529119],[18.6563278,54.3530995],[18.6555338,54.3530306],[18.6555153,54.3531024],[18.6553858,54.3530907]]},"properties":{"amenity":"school","landuse":"education","name":"Szkoła Podstawowa nr 50 im. Emilii Plater"}},
{"type":"Feature","geometry":{"type":"LineString","coordinates":[[18.6556934,54.3516225],[18.6557733,54.3516121],[18.6562308,54.3515593],[18.6562668,54.3515552],[18.6564758,54.3515311],[18.6563377,54.3511956],[18.656311,54.3511724],[18.6562831,54.3511562],[18.6562422,54.3511446],[18.6562017,54.3511408],[18.6561593,54.3511444],[18.6555364,54.3512304],[18.6556934,54.3516225]]},"properties":{"addr:city":"Gdańsk","addr:housenumber":"26","addr:postcode":"80-840","addr:street":"Świętojańska","amenity":"kindergarten","barrier":"fence","capacity":"105","contact:fax":"583012179","contact:phone":"583012179","name":"Przedszkole Nr 32","operator":"gmina"}},
{"type":"Feature","geometry":{"type":"LineString","coordinates":[[18.6532175,54.3529735],[18.6532393,54.3530184],[18.65323,54.3530905],[18.6540745,54.3531781],[18.6540817,54.3531462],[18.6540907,54.3531014],[18.6541024,54.3530312],[18.6541005,54.3530239],[18.6539822,54.3526543],[18.6532126,54.3527347],[18.6531861,54.3527405],[18.6531707,54.352752],[18.6531681,54.3527697],[18.6532175,54.3529735]]},"properties":{"addr:city":"Gdańsk","addr:housenumber":"1","addr:postcode":"80-837","addr:street":"Pachołów","amenity":"kindergarten","contact:fax":"583018559","contact:phone":"583018559","name":"Pod Wesołą Chmurką","official_name":"Niepubliczne Przedszkole Językowe Pod Wesołą Chmurką","operator":"mgr Elżbieta Chmura"}},
{"type":"Feature","geometry":{"type":"LineString","coordinates":[[18.5891487,54.3157504],[18.589946,54.3160096],[18.5901048,54.3161156],[18.5900639,54.3162182],[18.5900501,54.3162525],[18.5900413,54.3162748],[18.590176,54.3166507],[18.5901869,54.3166791],[18.5892614,54.3166719],[18.5888863,54.3168289],[18.5886198,54.3169596],[18.5885265,54.316841],[18.5883664,54.3167194],[18.5881156,54.3165633],[18.5880766,54.3165608],[18.588726,54.3160773],[18.5891487,54.3157504]]},"properties":{"addr:city":"Gdańsk","addr:housenumber":"20","addr:postcode":"80-180","addr:street":"Wielkopolska","amenity":"school","barrier":"fence","email":"sekretariat@SP86.edu.gdansk.pl","fax":"+48 58 309 93 08","landuse":"education","name":"Szkoła Podstawowa nr 86 im. prof. Jerzego Sampa","phone":"+48 58 309 93 08","website":"https://sp86.edu.gdansk.pl/"}},
{"type":"Feature","geometry":{"type":"LineString","coordinates":[[18.5868743,54.324255],[18.58696,54.3246244],[18.5869173,54.3246602],[18.5864579,54.3247016],[18.5858124,54.3249498],[18.5857181,54.3249506],[18.5857209,54.3249665],[18.5857209,54.3249866],[18.5852688,54.3251571],[18.5849786,54.3251582],[18.5849105,54.3251579],[18.5849132,54.3252958],[18.5840225,54.3253063],[18.5839264,54.3253073],[18.582743,54.3253212],[18.5818734,54.3253338],[18.5818382,54.3244824],[18.5819001,54.3244815],[18.5828497,54.3244669],[18.5839607,54.3244479],[18.5847786,54.3244128],[18.585118,54.3243983],[18.5855724,54.3243602],[18.5857229,54.3243493],[18.5868743,54.324255]]},"properties":{"amenity":"school","barrier":"fence","landuse":"education","name":"Szkoła Podstawowa nr 12"}},
{"type":"Feature","geometry":{"type":"LineString","coordinates":[[18.576314,54.301545],[18.5765006,54.3014282],[18.5766527,54.3013914],[18.5770208,54.3013023],[18.5770228,54.3013018],[18.5771489,54.3014866],[18.5771846,54.3015488],[18.5767693,54.3018005],[18.576314,54.301545]]},"properties":{"addr:city":"Borkowo","addr:country":"PL","addr:housenumber":"4","addr:street":"Klasyczna","amenity":"kindergarten","barrier":"fence","check_date":"2022-12-04","contact:email":"biuro@horyzoncik.pl","contact:phone":"+48 504-772-950","fence_type":"chain_link","name":"Przedszkole Horyzoncik","website":"http://www.horyzoncik.pl/"}},
{"type":"Feature","geometry":{"type":"LineString","coordinates":[[18.5692843,54.305577],[18.5692679,54.3055824],[18.5692426,54.3055908],[18.5692041,54.3055516],[18.5690799,54.305593],[18.5691184,54.3056325],[18.5691061,54.3056366],[18.5691412,54.3056725],[18.5691517,54.3056689],[18.5691955,54.3057137],[18.5693211,54.305672],[18.5693145,54.3056652],[18.5693533,54.3056523],[18.5692843,54.305577]]},"properties":{"amenity":"kindergarten","building":"yes","building:levels":"3","name":"Skrawek Nieba","opening_hours":"Mo-Fr 07:00-17:00","source:building":"BDOT"}},
{"type":"Feature","geometry":{"type":"LineString","coordinates":[[18.5900681,54.3622169],[18.5902791,54.3619353],[18.5904154,54.3617557],[18.5906354,54.3614656],[18.590684,54.3614509],[18.5909082,54.3614951],[18.5917883,54.3616718],[18.5917067,54.3621034],[18.5915388,54.3623039],[18.5914937,54.362321],[18.590826,54.3623625],[18.5908223,54.3623798],[18.5908186,54.3623968],[18.5903623,54.3622622],[18.5903112,54.3623189],[18.5901044,54.3622594],[18.5900681,54.3622169]]},"properties":{"addr:city":"Gdańsk","addr:housenumber":"62","addr:postcode":"80-215","addr:street":"Wileńska","amenity":"kindergarten","barrier":"fence","landuse":"education","name":"Przedszkole nr 75"}},
{"type":"Feature","geometry":{"type":"LineString","coordinates":[[18.6143169,54.3574544],[18.6143736,54.3573187],[18.6143638,54.3573172],[18.6140481,54.357267],[18.614154,54.3570596],[18.613961,54.3570182],[18.6135809,54.3569627],[18.6138855,54.3564599],[18.6140257,54.3561143],[18.6141226,54.3558826],[18.6142193,54.3558819],[18.6145714,54.3558783],[18.6147607,54.3558762],[18.6145852,54.3563788],[18.6147912,54.3564057],[18.6150264,54.3564371],[18.6152038,54.3564608],[18.6153497,54.3564803],[18.6157285,54.3565535],[18.6158703,54.3565809],[18.6157409,54.3568884],[18.6156715,54.3568833],[18.6153629,54.357607],[18.6152403,54.3575898],[18.6143169,54.3574544]]},"properties":{"addr:city":"Gdańsk","addr:street":"Ludwika Beethovena","amenity":"school","contact:phone":"+4858 302 20 10","landuse":"education","name":"Szkoła Podstawowa nr 43","website":"http://www.gim29gda.pl/"}},
{"type":"Feature","geometry":{"type":"LineString","coordinates":[[18.6282977,54.3521385],[18.6278927,54.352428],[18.6274196,54.3526713],[18.627405,54.3526137],[18.6273428,54.3525647],[18.6272916,54.3525498],[18.6271599,54.3525008],[18.6271664,54.3522171],[18.6263005,54.3520668],[18.6261771,54.3518917],[18.6261664,54.3516041],[18.6262591,54.3516072],[18.6279817,54.3516388],[18.6281389,54.3516417],[18.6281671,54.3516412],[18.6282326,54.3516129],[18.6286307,54.3516208],[18.6285843,54.3518138],[18.6284178,54.3520598],[18.6282977,54.3521385]]},"properties":{"addr:city":"Gdańsk","addr:housenumber":"3","addr:postcode":"80-145","addr:street":"Skarpowa","amenity":"school","barrier":"fence","landuse":"education","name":"Szkoła Podstawowa nr 58 im. Kazimierza Sołtysika w Gdańsku","website":"http://sp58.edu.gdansk.pl"}},
{"type":"Feature","geometry":{"type":"LineString","coordinates":[[18.416774,54.4396427],[18.4170671,54.4410856],[18.417073,54.4411105],[18.4174361,54.4409167],[18.4178539,54.4406937],[18.4181062,54.4405576],[18.4179266,54.4404561],[18.4178737,54.4403211],[18.4182533,54.4403061],[18.4182285,54.44019],[18.4182637,54.4401895],[18.4182401,54.4400937],[18.4182239,54.4400096],[18.4182206,54.4399924],[18.4182969,54.4399871],[18.4182185,54.439499],[18.4182126,54.439461],[18.4182236,54.4393848],[18.4172388,54.4392725],[18.417191,54.4392647],[18.4172262,54.4394417],[18.4166879,54.439482],[18.416704,54.4395695],[18.416774,54.4396427]]},"properties":{"amenity":"school","barrier":"fence","contact:fax":"+48 58 552-80-10","contact:phone":"+48 58 552-80-10","name":"Szkoła Podstawowa im. Adama Mickiewicza w Chwaszczynie"}},
{"type":"Feature","geometry":{"type":"LineString","coordinates":[[18.625058,54.3273758],[18.6247165,54.3273735],[18.6243383,54.3273129],[18.6239578,54.3272992],[18.6239588,54.3272439],[18.6239411,54.3267551],[18.6242289,54.3267536],[18.6248296,54.3267506],[18.6248288,54.3266988],[18.6248273,54.3266074],[18.6250139,54.3266064],[18.6250134,54.3265763],[18.6250051,54.3264347],[18.6251698,54.3264332],[18.6251728,54.3263236],[18.6250342,54.3263232],[18.6250252,54.3261524],[18.6251994,54.3259697],[18.6252543,54.3257247],[18.6256494,54.3257043],[18.6263721,54.3256967],[18.6272873,54.325687],[18.6275746,54.3258452],[18.6273977,54.326034],[18.6269612,54.3262287],[18.6266679,54.3265415],[18.6265825,54.3266222],[18.6266109,54.3269199],[18.626659,54.3270238],[18.6267603,54.3271118],[18.6267366,54.3271113],[18.6267345,54.3272372],[18.626641,54.3272385],[18.6266096,54.3272497],[18.6265701,54.3272422],[18.6265027,54.3272436],[18.626383,54.3273283],[18.6262563,54.3273466],[18.6256943,54.3273446],[18.6256362,54.3273642],[18.625058,54.3273758]]},"properties":{"amenity":"school","barrier":"fence","name":"Szkoła Podstawowa nr 19 im. Zasłużonych Ludzi Morza","short_name":"ZKPiG nr 6","website":"http://sp19.edu.gdansk.pl/"}},
{"type":"Feature","geometry":{"type":"LineString","coordinates":[[18.6028061,54.353896],[18.6028076,54.3539769],[18.6024653,54.3539747],[18.6018563,54.3539723],[18.6018422,54.353516],[18.6021152,54.3532128],[18.6020682,54.3532017],[18.602018,54.3531897],[18.6021998,54.3528268],[18.6022501,54.3527802],[18.6022733,54.3527574],[18.6023738,54.3527079],[18.6025091,54.3526952],[18.6028729,54.352703],[18.6030104,54.3526418],[18.6042294,54.352845],[18.6041521,54.3529912],[18.6040387,54.3531197],[18.6040045,54.3531916],[18.6040108,54.353348],[18.6040104,54.3535923],[18.6039999,54.3536634],[18.6033834,54.3538782],[18.6028061,54.353896]]},"properties":{"addr:city":"Gdańsk","addr:housenumber":"1","addr:postcode":"80-169","addr:street":"Piotra Czajkowskiego","amenity":"school","barrier":"fence","contact:email":"sp42gda@wp.pl","contact:fax":"+48 58 302 46 04","contact:phone":"+48 58 302 46 04","contact:website":"http://zsp2.edu.gdansk.pl","landuse":"education","name":"Zespół Szkolno - Przedszkolny nr 2 w Gdańsku"}},
{"type":"Feature","geometry":{"type":"LineString","coordinates":[[18.5630933,54.3107852],[18.5629126,54.3109238],[18.5629229,54.3109283],[18.5630016,54.3109627],[18.5631913,54.3110434],[18.5632342,54.3110132],[18.5635306,54.3111336],[18.563599,54.3111612],[18.5638169,54.3109907],[18.5638647,54.3109509],[18.5638753,54.3109288],[18.5638926,54.3108983],[18.5640922,54.3107404],[18.5641834,54.3106684],[18.5635744,54.3104051],[18.5634413,54.3105104],[18.5630933,54.3107852]]},"properties":{"amenity":"kindergarten"}},
{"type":"Feature","geometry":{"type":"LineString","coordinates":[[18.712067,54.3623081],[18.7122453,54.3624415],[18.7124559,54.3625878],[18.7125143,54.3626263],[18.7134618,54.3626567],[18.7134895,54.362466],[18.7135185,54.3623116],[18.7135301,54.3622121],[18.7135225,54.3621366],[18.7135109,54.3621036],[18.7134777,54.3620088],[18.7134262,54.3619217],[18.7127296,54.3621139],[18.712067,54.3623081]]},"properties":{"amenity":"kindergarten","barrier":"fence","landuse":"education","name":"Przedszkole nr 58"}},
{"type":"Feature","geometry":{"type":"LineString","coordinates":[[18.712067,54.3623081],[18.7127296,54.3621139],[18.7134262,54.3619217],[18.7134008,54.3618766],[18.7133028,54.3618512],[18.7132995,54.3618313],[18.713295,54.3618097],[18.7133232,54.3617462],[18.7131636,54.3614781],[18.7130857,54.3613476],[18.7128831,54.3613274],[18.7123032,54.3612665],[18.7122845,54.3612645],[18.7119369,54.3612248],[18.7119215,54.3612228],[18.711888,54.3612185],[18.7115463,54.3611775],[18.7113305,54.3611456],[18.7111618,54.3611201],[18.7110574,54.3613108],[18.7110412,54.3613421],[18.7110285,54.3613722],[18.7109751,54.3614986],[18.7109849,54.3615205],[18.7110058,54.3615418],[18.7111734,54.3616661],[18.7112893,54.3617495],[18.7115211,54.3619162],[18.712067,54.3623081]]},"properties":{"amenity":"school","landuse":"education","name":"Szkoła Podstawowa nr 11 im. Na Bursztynowym Szlaku"}},
{"type":"Feature","geometry":{"type":"LineString","coordinates":[[18.6300648,54.3779608],[18.6302337,54.3781175],[18.6303597,54.3780732],[18.630771,54.3785064],[18.6307047,54.3788231],[18.6306653,54.3788452],[18.6295169,54.3790242],[18.629207,54.3789705],[18.6292104,54.3789632],[18.6290949,54.3789423],[18.6290972,54.3789287],[18.6290625,54.3789222],[18.6290665,54.3788911],[18.6290828,54.3788549],[18.6294143,54.3782037],[18.6295033,54.3780177],[18.6295301,54.378006],[18.6299963,54.3780005],[18.6300648,54.3779608]]},"properties":{"addr:city":"Gdańsk","addr:postcode":"80-869","addr:street":"Zielony Trójkąt","amenity":"school","contact:email":"szkola69@wp.pl","contact:phone":"+48583430502","landuse":"education","name":"Szkoła Podstawowa Nr 69 im. generała Stanisława Sosabowskiego","website":"http://www.szkola69.cba.pl/index2.html"}},
{"type":"Feature","geometry":{"type":"LineString","coordinates":[[18.5818048,54.3244819],[18.5818439,54.3253511],[18.581708,54.325353],[18.5814998,54.3253558],[18.5814752,54.3253561],[18.5811432,54.3253543],[18.5811305,54.3244905],[18.5818048,54.3244819]]},"properties":{"amenity":"kindergarten","barrier":"fence","landuse":"education","name":"Szkoła Podstawowa nr 12"}},
{"type":"Feature","geometry":{"type":"LineString","coordinates":[[18.5783053,54.4039403],[18.5792836,54.4041042],[18.5793339,54.4041126],[18.5793007,54.4042339],[18.5796881,54.4042943],[18.5801769,54.4033919],[18.579522,54.4032731],[18.5789029,54.4031609],[18.57886,54.403249],[18.5787909,54.4033789],[18.578636,54.403669],[18.5786206,54.4036959],[18.57861,54.4037155],[18.5784277,54.4036805],[18.5783053,54.4039403]]},"properties":{"addr:street":"Arkońska","amenity":"school","contact:email":"sp46gda11@wp.pl","contact:phone":"+48 58 553 27 23","landuse":"education","name":"Szkoła Podstawowa nr 46","website":"http://www.sp46gda.pl/"}},
{"type":"Feature","geometry":{"type":"LineString","coordinates":[[18.6077952,54.3955093],[18.6070222,54.3958866],[18.608228,54.3952804],[18.6084698,54.3951526],[18.6087391,54.3950153],[18.6088586,54.3949525],[18.6087432,54.3948774],[18.6087653,54.3948656],[18.6089517,54.3947665],[18.6098566,54.3943497],[18.6103436,54.3944458],[18.6104061,54.3946067],[18.6107665,54.3954608],[18.6107933,54.3954968],[18.6106736,54.3955628],[18.6105552,54.3956288],[18.6103302,54.3957538],[18.6102915,54.3957752],[18.6101363,54.3958721],[18.6099529,54.3959957],[18.6098964,54.3960346],[18.6099102,54.3960442],[18.6097094,54.3961835],[18.6095655,54.3962756],[18.6092769,54.3964387],[18.6092136,54.3964301],[18.6091619,54.3964593],[18.6091211,54.3964824],[18.6091332,54.3965196],[18.6089303,54.3966332],[18.6089159,54.3966145],[18.6088761,54.3966204],[18.6088466,54.3966249],[18.6088601,54.3966648],[18.6086759,54.3967748],[18.6086125,54.3967823],[18.6083438,54.3967223],[18.6082977,54.396713],[18.6079385,54.3958761],[18.6077952,54.3955093]]},"properties":{"addr:street":"Zbigniewa Burzyńskiego","amenity":"school","barrier":"fence","contact:phone":"+48583469648","landuse":"education","name":"Szkoła Podstawowa nr 48 w Gdańsku","website":"http://sp48.edu.gdansk.pl","wheelchair":"no"}},
{"type":"Feature","geometry":{"type":"LineString","coordinates":[[18.5826025,54.390387],[18.5825951,54.3903748],[18.582303,54.3902319],[18.5819132,54.3900397],[18.5816905,54.3899305],[18.5815962,54.3898836],[18.5826009,54.3891874],[18.5826115,54.3891925],[18.5826103,54.3891934],[18.5826156,54.389196],[18.5827053,54.3892406],[18.5827178,54.389232],[18.5837239,54.3897256],[18.5843318,54.3900239],[18.5844731,54.3899227],[18.5846335,54.3899996],[18.5850114,54.3901812],[18.585382,54.3899192],[18.5854077,54.3899009],[18.5854126,54.3898983],[18.5854956,54.389938],[18.5857698,54.3900744],[18.5862685,54.3902837],[18.586239,54.390304],[18.5855914,54.3907464],[18.5851022,54.3910807],[18.5849172,54.3912072],[18.584861,54.3911786],[18.5839904,54.3907472],[18.5839611,54.3907064],[18.5839159,54.3906638],[18.5838004,54.3905668],[18.5839995,54.3904319],[18.5843535,54.390192],[18.5842332,54.3901313],[18.5834076,54.3897176],[18.5829822,54.3900053],[18.582804,54.3901264],[18.5829921,54.3902191],[18.582908,54.3903542],[18.5826025,54.390387]]},"properties":{"addr:street":"Aleja Grunwaldzka","amenity":"school","contact:email":"szkola@psb.neostrada.pl","contact:phone":"+48583416461","landuse":"education","name":"Państwowe Szkoły Budownictwa im. Mariana Osińskiego","website":"http://www.psb.neostrada.pl/"}},
{"type":"Feature","geometry":{"type":"LineString","coordinates":[[18.6167565,54.384697],[18.6168585,54.385379],[18.6174544,54.3853509],[18.617475,54.3855095],[18.6175796,54.3855037],[18.6176254,54.3855012],[18.6176087,54.3854064],[18.6176206,54.3853894],[18.6176961,54.3853507],[18.6178262,54.385343399999999],[18.6177549,54.3848728],[18.6176222,54.384709],[18.6175267,54.3839247],[18.6172724,54.3839344],[18.6172771,54.3839731],[18.6173128,54.3842683],[18.6169394,54.384291],[18.6169458,54.3843261],[18.6169613,54.3844994],[18.6169807,54.3846873],[18.6167565,54.384697]]},"properties":{"addr:postcode":"80-419","addr:street":"Lilli Wenedy","amenity":"school","barrier":"fence","contact:phone":"+48583412932","landuse":"education","name":"Szkoła Podstawowa Nr 24","website":"http://www.sp24gdansk.home.pl"}},
{"type":"Feature","geometry":{"type":"LineString","coordinates":[[18.5616904,54.3443207],[18.5615624,54.34434],[18.5615398,54.3443434],[18.5614618,54.344237],[18.5608802,54.3440883],[18.5608328,54.3440762],[18.5608143,54.3440714],[18.5607546,54.3441522],[18.5607043,54.3441408],[18.5603902,54.343869],[18.5601897,54.3436954],[18.5600386,54.3435631],[18.5600152,54.3435436],[18.559985,54.3435171],[18.5597911,54.3433497],[18.5598047,54.3433191],[18.5598153,54.3432943],[18.5599077,54.3430888],[18.5606551,54.3427825],[18.5607123,54.3428167],[18.5609235,54.3428272],[18.5611677,54.342734],[18.5612704,54.3428235],[18.5614471,54.3429781],[18.561579,54.3430901],[18.5615878,54.3430978],[18.561619,54.3431243],[18.5616433,54.343145],[18.5617182,54.3432087],[18.5617469,54.3432331],[18.5618985,54.3432712],[18.5618549,54.343331],[18.5618058,54.3433186],[18.5617574,54.3433845],[18.5618679,54.3434129],[18.5618837,54.3434169],[18.5618583,54.3434494],[18.5619186,54.3434647],[18.5619792,54.34348],[18.5619666,54.3434958],[18.5619608,54.3435038],[18.5619469,54.3435229],[18.5620591,54.3435511],[18.562083,54.3436011],[18.562101,54.3435983],[18.5621032,54.3436029],[18.5621329,54.3436648],[18.5621942,54.3436546],[18.562458,54.344178],[18.5624437,54.3442008],[18.5623036,54.3442229],[18.5622861,54.3441828],[18.5622483,54.344189],[18.5621685,54.3442021],[18.5621716,54.3442085],[18.5621335,54.3442147],[18.5620736,54.3442245],[18.5620501,54.3442284],[18.5620365,54.3442306],[18.5620334,54.3442242],[18.5618745,54.3442502],[18.5618774,54.3442557],[18.5618706,54.3442562],[18.5618515,54.3442594],[18.5616755,54.3442885],[18.5616904,54.3443207]]},"properties":{"addr:city":"Gdańsk","addr:country":"PL","addr:housenumber":"59","addr:postcode":"80-177","addr:street":"Stolema","amenity":"school","email":"sekretariat@sp85.edu.pl","name":"Szkoła Podstawowa nr 85 im. Zrzeszenia Kaszubsko-Pomorskiego","name:etymology:wikidata":"Q3776182","phone":"+48 58 322 15 25","website":"https://sp85.edu.gdansk.pl/"}},
{"type":"Feature","geometry":{"type":"LineString","coordinates":[[18.469207,54.4304096],[18.46919,54.4304994],[18.4688884,54.4306494],[18.4688587,54.4306291],[18.468663,54.4307251],[18.4678771,54.4311011],[18.4673385,54.4313628],[18.4669057,54.4315714],[18.4663745,54.4311788],[18.4662839,54.4311105],[18.4658507,54.4307897],[18.465783,54.4307493],[18.464864,54.4300863],[18.4648889,54.4300358],[18.4649131,54.4300224],[18.4655826,54.429693],[18.4658282,54.4298684],[18.4659431,54.4299508],[18.466063,54.4300428],[18.4665147,54.4303858],[18.4676974,54.4297991],[18.4680563,54.4300452],[18.4684154,54.4302913],[18.4687709,54.4301151],[18.4688728,54.430065],[18.4692088,54.4302992],[18.4693605,54.430225],[18.4693127,54.430187],[18.4693923,54.4301526],[18.469639,54.4300457],[18.4696796,54.4300765],[18.4697957,54.430022],[18.4698228,54.4300417],[18.4698697,54.4300758],[18.4698779,54.4300818],[18.469207,54.4304096]]},"properties":{"addr:street":"Profesora Michała Siedleckiego","amenity":"school","barrier":"fence","landuse":"education","name":"Szkoła Podstawowa Nr 81"}},
{"type":"Feature","geometry":{"type":"LineString","coordinates":[[18.6694245,54.3404422],[18.6706372,54.3407111],[18.6694715,54.3417181],[18.6693613,54.3417131],[18.6693253,54.3417115],[18.6693139,54.3417109],[18.6686608,54.3416484],[18.6688096,54.3404144],[18.6694245,54.3404422]]},"properties":{"addr:city":"Gdańsk","addr:postcode":"80-736","addr:street":"Modra","amenity":"school","barrier":"fence","contact:phone":"+4858 306 96 99","landuse":"education","name":"Szkoła Podstawowa nr 59","website":"http://sp59.pl/"}},
{"type":"Feature","geometry":{"type":"LineString","coordinates":[[18.5971275,54.4102857],[18.5967236,54.4111438],[18.5967153,54.4111614],[18.5966978,54.4111988],[18.5969014,54.4112199],[18.5982007,54.4113464],[18.5986398,54.4113891],[18.5986879,54.4113936],[18.5987131,54.4113962],[18.5987544,54.4114004],[18.5990682,54.4109665],[18.5990842,54.4109443],[18.5991004,54.4109213],[18.5993259,54.4106014],[18.5990425,54.4105562],[18.5990042,54.4105501],[18.5989666,54.4105441],[18.5973912,54.410291],[18.5971275,54.4102857]]},"properties":{"addr:postcode":"80-366","addr:street":"Jagiellońska","amenity":"school","barrier":"fence","contact:email":"sp44@wp.pl","contact:phone":"+4858 553-04-71","name":"Szkoła Podstawowa Nr 44 im. Adama Mickiewicza","operator:type":"public","website":"http://www.sp44gdansk.boo.pl"}},
{"type":"Feature","geometry":{"type":"LineString","coordinates":[[18.5943822,54.4119987],[18.5943922,54.4119998],[18.5944075,54.4120016],[18.5944539,54.4120073],[18.594497,54.4120129],[18.5945199,54.4120159],[18.5948938,54.4112598],[18.5948527,54.411220899999999],[18.594815,54.4112207],[18.5947779,54.4112288],[18.5947435,54.4112433],[18.5942309,54.4111514],[18.5939139,54.4110934],[18.5938978,54.4110905],[18.5926891,54.4108775],[18.5924393,54.410943],[18.5925492,54.4116565],[18.5925517,54.4116728],[18.5925533,54.4116818],[18.5925549,54.4116894],[18.592557,54.411701],[18.5925678,54.4117607],[18.5927505,54.4117847],[18.5943822,54.4119987]]},"properties":{"addr:city":"Gdańsk","addr:housenumber":"14","addr:postcode":"80-371","addr:street":"Jagiellońska","amenity":"school","barrier":"fence","contact:phone":"+4858 553-20-21","landuse":"education","name":"Zespół Szkolno-Przedszkolny nr 1 w Gdańsku","operator":"Miasto Gdańsk","operator:type":"public","website":"http://zsp1.edu.gdansk.pl/"}},
{"type":"Feature","geometry":{"type":"LineString","coordinates":[[18.5668881,54.4046468],[18.5673161,54.4047544],[18.5683045,54.4050031],[18.5687027,54.4044798],[18.5690236,54.404058],[18.5685133,54.4039335],[18.5678381,54.4037659],[18.5676893,54.4037285],[18.5676325,54.4037145],[18.5675057,54.403889],[18.5674976,54.4038997],[18.5674563,54.4039547],[18.5674229,54.403946],[18.5670982,54.4043834],[18.5668881,54.4046468]]},"properties":{"alt_name":"Szkoła Sportowa w Gdańsku Oliwie","amenity":"school","barrier":"fence","landuse":"education","name":"Szkoła Podstawowa nr 35 z Oddziałami Sportowymi im. Jana Parandowskiego","website":"https://www.szkola-sportowa.pl/"}},
{"type":"Feature","geometry":{"type":"LineString","coordinates":[[18.5560315,54.4159894],[18.5558948,54.4160119],[18.5558279,54.4160234],[18.5553112,54.4161053],[18.555292,54.4161058],[18.555112,54.415736],[18.5554851,54.4157306],[18.555883,54.4157225],[18.5559089,54.4157785],[18.5560315,54.4159894]]},"properties":{"addr:city":"Gdańsk","addr:country":"PL","addr:housenumber":"12","addr:street":"Józefa Czyżewskiego","amenity":"kindergarten","barrier":"fence","name":"Przedszkole \"Leśny Domek\""}},
{"type":"Feature","geometry":{"type":"LineString","coordinates":[[18.5569592,54.4103701],[18.5561982,54.4103973],[18.5562149,54.4101797],[18.5568961,54.4100214],[18.5569179,54.4101104],[18.5569344,54.4102342],[18.5569592,54.4103701]]},"properties":{"addr:city":"Gdańsk","addr:country":"PL","addr:housenumber":"7","addr:street":"Cystersów","amenity":"kindergarten","name":"Przedszkole Niepubliczne w Oliwie","website":"http://www.przedszkolewoliwie.pl/"}},
{"type":"Feature","geometry":{"type":"LineString","coordinates":[[18.6246874,54.3875753],[18.6247623,54.3875735],[18.6247622,54.3875695],[18.6255553,54.387546],[18.6255561,54.3875485],[18.6255953,54.3875469],[18.6256673,54.3875437],[18.6256785,54.3876122],[18.6261437,54.3875914],[18.6261868,54.387572],[18.6259899,54.3872889],[18.6256191,54.3867663],[18.6250331,54.3860749],[18.6247231,54.3860794],[18.6247913,54.3867715],[18.6247999,54.3868995],[18.624789,54.3869223],[18.6246465,54.3871659],[18.624673,54.3874266],[18.6246874,54.3875753]]},"properties":{"amenity":"school","landuse":"education","name":"Szkoła Podstawowa nr 52 im. Tadeusza Kościuszki","name:etymology:wikidata":"Q191479"}},
{"type":"Feature","geometry":{"type":"LineString","coordinates":[[18.5563052,54.411891],[18.5562129,54.4119341],[18.5561934,54.411943],[18.556095,54.411988],[18.5560331,54.4120163],[18.5560092,54.4120264],[18.5559561,54.4120507],[18.5559168,54.412069],[18.5557268,54.412112],[18.5556658,54.4121256],[18.5555773,54.4121499],[18.5545736,54.4124465],[18.554304,54.412163],[18.5547941,54.4119915],[18.5548631,54.4119638],[18.5555125,54.4117038],[18.5558435,54.4115198],[18.5558446,54.4115072],[18.5559225,54.4115485],[18.5560241,54.4116149],[18.5560642,54.4116528],[18.5559752,54.4117505],[18.5563052,54.411891]]},"properties":{"amenity":"school","landuse":"education","name":"Szkoła Podstawowa nr 23","website":"http://www.sp23.gdansk.pl/"}},
{"type":"Feature","geometry":{"type":"LineString","coordinates":[[18.5779249,54.3885577],[18.5775966,54.3885045],[18.5774556,54.3884349],[18.5774721,54.3880999],[18.5774866,54.3880132],[18.5775002,54.3879249],[18.5775353,54.3878118],[18.5775579,54.3877523],[18.5775932,54.3876862],[18.5776774,54.3875651],[18.5776922,54.3875291],[18.5777861,54.3874177],[18.5778772,54.3873177],[18.5780548,54.3871561],[18.578086,54.3871387],[18.5781505,54.3871203],[18.5784245,54.3872559],[18.578468,54.3872781],[18.5785931,54.38734],[18.5787083,54.3873971],[18.5789693,54.3875264],[18.5790148,54.3875483],[18.5793482,54.3877129],[18.579463,54.3877696],[18.5795884,54.3878316],[18.5796698,54.3878716],[18.5798524,54.3879625],[18.5798575,54.3879796],[18.5798481,54.3879899],[18.579567,54.388076],[18.5793815,54.3881329],[18.5790649,54.3882343],[18.5789086,54.3882843],[18.5788349,54.3882291],[18.5787054,54.3881365],[18.5785318,54.3881378],[18.5780554,54.3882857],[18.5781875,54.3884283],[18.5782116,54.3884543],[18.5782034,54.3884571],[18.5779881,54.3885305],[18.5779249,54.3885577]]},"properties":{"addr:city":"Gdańsk","addr:housenumber":"8","addr:postcode":"80-271","addr:street":"Pułkownika Aleksandra Wilka-Krzyżanowskiego","amenity":"school","email":"sekretariat@zso1.edu.gdansk.pl","grades":"1-4","isced:level":"3","name":"IX Liceum Ogólnokształcące im. Krzysztofa Kolbergera","operator":"Miasto Gdańsk","operator:type":"public","phone":"+48 58 341 86 13","website":"https://zso1.edu.gdansk.pl/pl"}},
{"type":"Feature","geometry":{"type":"LineString","coordinates":[[18.6209848,54.3788319],[18.6209843,54.3788221],[18.6209677,54.3788153],[18.6209679,54.3788123],[18.6211775,54.3788111],[18.6214128,54.3788408],[18.6214156,54.3788685],[18.621419,54.3788898],[18.6215542,54.3788951],[18.6215667,54.3788602],[18.622059,54.3789323],[18.6221003,54.3789335],[18.6221894,54.3789439],[18.622211,54.3789656],[18.6217597,54.3800724],[18.6217496,54.3800955],[18.6216133,54.3804244],[18.6215595,54.3805599],[18.6206582,54.3805295],[18.6202406,54.3804412],[18.6201031,54.3804388],[18.6197729,54.3802676],[18.6196805,54.3801902],[18.6196098,54.3801255],[18.6195705,54.3800173],[18.6193818,54.3794514],[18.6197556,54.3790871],[18.6199072,54.3789394],[18.6199158,54.3789508],[18.6199379,54.3789579],[18.6200915,54.3790164],[18.6200837,54.3790433],[18.6200827,54.3790665],[18.6205953,54.379065],[18.6205954,54.3790435],[18.6207077,54.3790441],[18.6207265,54.3790816],[18.6209903,54.3790387],[18.6210526,54.3789507],[18.6210663,54.3788747],[18.6210408,54.3788224],[18.6209848,54.3788319]]},"properties":{"amenity":"school","landuse":"education","name":"Centrum Kształcenia Zawodowego i Ustawicznego Nr 1"}},
{"type":"Feature","geometry":{"type":"LineString","coordinates":[[18.4377753,54.3480579],[18.4378327,54.3481602],[18.4379204,54.3481434],[18.437918,54.3481392],[18.4380541,54.3481132],[18.4380253,54.3480619],[18.4378892,54.348088],[18.4378624,54.3480409],[18.4377753,54.3480579]]},"properties":{"addr:city":"Leźno","addr:city:simc":"0177247","addr:housenumber":"14","addr:postcode":"80-298","addr:street":"Świętego Floriana","amenity":"kindergarten","building":"kindergarten","building:levels":"1","name":"Tygrysek","source":"www.geoportal.gov.pl","source:addr":"gugik.gov.pl"}},
{"type":"Feature","geometry":{"type":"LineString","coordinates":[[18.6005809,54.4020268],[18.6004478,54.4020051],[18.5998041,54.4019071],[18.5991926,54.4019146],[18.5990551,54.4025165],[18.599847,54.4026106],[18.6005103,54.4026876],[18.6008864,54.4027326],[18.6021169,54.4028755],[18.6024085,54.4024364],[18.6012178,54.4021666],[18.6011057,54.4022287],[18.6008351,54.4021762],[18.6008241,54.4021739],[18.6007867,54.4021662],[18.6006142,54.4021306],[18.6005809,54.4020268]]},"properties":{"addr:city":"Gdańsk","addr:housenumber":"9","addr:postcode":"80-395","addr:street":"Opolska","amenity":"school","barrier":"fence","name":"Szkoła Podstawowa nr 80 im. Budowniczych Portu Północnego","operator":"Miasto Gdańsk"}},
{"type":"Feature","geometry":{"type":"LineString","coordinates":[[18.5900206,54.413747],[18.5895467,54.4136935],[18.5887064,54.413598],[18.5883745,54.4133369],[18.5885506,54.4124995],[18.5891228,54.412606],[18.589156,54.412612],[18.5891923,54.4126181],[18.5894458,54.4126609],[18.589471,54.4126649],[18.5895863,54.4126849],[18.5903779,54.412821],[18.5901254,54.4134597],[18.5900726,54.4135832],[18.5900206,54.413747]]},"properties":{"addr:city":"Gdańsk","addr:housenumber":"5","addr:postcode":"80-371","addr:street":"Jagiellońska","amenity":"school","barrier":"fence","landuse":"education","name":"Chrześcijańskie Autorskie Liceum Ogólnokształcące Chalo","operator":"Chrześcijańska Szkoła i Przedszkole Montessori","religion":"christian","website":"https://www.montessori.gda.pl/przymorze-liceum/"}},
{"type":"Feature","geometry":{"type":"LineString","coordinates":[[18.5927798,54.4069603],[18.5929236,54.4070088],[18.5932831,54.4071319],[18.5940244,54.4072595],[18.5940894,54.4071954],[18.5941122,54.4071013],[18.5941311,54.4060115],[18.5941231,54.405864],[18.5940922,54.4058115],[18.5939967,54.4056815],[18.5939335,54.4056517],[18.5937686,54.4056494],[18.5933888,54.4056439],[18.5928896,54.4056367],[18.5928108,54.4056801],[18.5928114,54.4056978],[18.5927912,54.406127],[18.5927489,54.4062958],[18.5927822,54.4068632],[18.5927798,54.4069603]]},"properties":{"addr:city":"Gdańsk","addr:housenumber":"49","addr:postcode":"80-391","addr:street":"Kołobrzeska","amenity":"school","barrier":"fence","name":"Szkoła Podstawowa nr 79"}},
{"type":"Feature","geometry":{"type":"LineString","coordinates":[[18.5635737,54.3952855],[18.5636434,54.3951574],[18.5636709,54.3951068],[18.5636849,54.3951025],[18.5636941,54.395092],[18.5636861,54.3950831],[18.5636706,54.3950799],[18.5636558,54.395083],[18.5636284,54.3950785],[18.5636208,54.39507],[18.5635699,54.3950614],[18.5635538,54.3950651],[18.5635312,54.3950608],[18.5635227,54.3950524],[18.5635059,54.3950495],[18.5634902,54.3950533],[18.5634841,54.3950631],[18.5634923,54.3950714],[18.5634628,54.3951257],[18.5633944,54.3952518],[18.5635737,54.3952855]]},"properties":{"amenity":"school","building":"school","building:levels":"2","name":"Szkoła Podstawowa nr 10 w Gdańsku","ref":"3","ref:rspo":"40920","source":"www.geoportal.gov.pl"}},
{"type":"Feature","geometry":{"type":"LineString","coordinates":[[18.6259024,54.383807],[18.6255685,54.3833361],[18.6267984,54.3830151],[18.6271192,54.3834977],[18.6267753,54.3835846],[18.6266892,54.3836063],[18.6263166,54.3837005],[18.6262475,54.3837183],[18.6259024,54.383807]]},"properties":{"addr:city":"Gdańsk","addr:country":"PL","addr:housenumber":"1A","addr:postcode":"80-405","addr:street":"Sebastiana Klonowicza","amenity":"kindergarten","name":"Przedszkole nr 33","source:addr":"Urząd Miasta Gdańsk"}},
{"type":"Feature","geometry":{"type":"LineString","coordinates":[[18.576053,54.358835],[18.576087,54.358827],[18.576066,54.358799],[18.576209,54.358762],[18.576129,54.358655],[18.575951,54.358701],[18.575959,54.3587115],[18.576053,54.358835]]},"properties":{"addr:city":"Gdańsk","addr:country":"PL","addr:housenumber":"7","addr:postcode":"80-288","addr:street":"Józefa Żylewicza","amenity":"kindergarten","building":"outbuilding","building:levels":"1","source:addr":"Urząd Miasta Gdańsk","source:building":"BDOT"}},
{"type":"Feature","geometry":{"type":"LineString","coordinates":[[18.5949555,54.4021877],[18.5949282,54.4021725],[18.5949186,54.4021565],[18.5949175,54.4021137],[18.5949032,54.4021123],[18.5949127,54.4019393],[18.594864,54.401913],[18.594883,54.4016623],[18.5951998,54.4015999],[18.5954664,54.4015765],[18.5956875,54.4023998],[18.5949436,54.4023834],[18.5948509,54.4022499],[18.5948944,54.402224],[18.5949296,54.4022031],[18.5949555,54.4021877]]},"properties":{"amenity":"kindergarten","barrier":"fence","landuse":"education","name":"Przedszkole nr 62"}},
{"type":"Feature","geometry":{"type":"LineString","coordinates":[[18.7211109,54.3605476],[18.720939,54.3605188],[18.720826,54.360508],[18.7204385,54.3604691],[18.7203393,54.3603624],[18.7203393,54.3601124],[18.7203155,54.3601131],[18.7202227,54.3601135],[18.7197225,54.3601637],[18.7195791,54.3602759],[18.7192814,54.3612035],[18.7208542,54.3612802],[18.7208888,54.3612069],[18.7210052,54.3609363],[18.7211096,54.3606944],[18.7211668,54.3605576],[18.7211109,54.3605476]]},"properties":{"amenity":"school","barrier":"fence","landuse":"education"}},
{"type":"Feature","geometry":{"type":"LineString","coordinates":[[18.6898964,54.3585392],[18.6905346,54.3579547],[18.6906834,54.3580088],[18.6908483,54.3578707],[18.691515,54.3580949],[18.6916047,54.3581265],[18.6921006,54.3583055],[18.6922454,54.3583597],[18.6915392,54.3592293],[18.691536,54.3592333],[18.6915207,54.3592526],[18.6900784,54.3588836],[18.6902674,54.3586652],[18.6898964,54.3585392]]},"properties":{"addr:city":"Gdańsk","addr:postcode":"80-605","addr:street":"Sienna","amenity":"school","barrier":"fence","contact:phone":"+4858307 38 23","landuse":"education","name":"Szkoła Podstawowa nr 61 im. Józefa Wybickiego","source:addr":"Urząd Miasta Gdańsk","website":"http://www.sp61.eu/"}},
{"type":"Feature","geometry":{"type":"LineString","coordinates":[[18.5914143,54.3583593],[18.5914394,54.3583451],[18.5914839,54.3582924],[18.5915024,54.3582704],[18.5915304,54.3582373],[18.5915951,54.3582553],[18.591616,54.3582443],[18.5923479,54.3579517],[18.592448,54.3579117],[18.5931105,54.357654],[18.5931377,54.3576434],[18.5931549,54.3576367],[18.5931754,54.3576287],[18.5932166,54.3576127],[18.5932539,54.3575982],[18.5937747,54.3580121],[18.5942334,54.3583831],[18.594336,54.3584668],[18.594602,54.3587162],[18.594888,54.3590844],[18.5951882,54.3592522],[18.5952898,54.3593802],[18.5952636,54.3593985],[18.5951896,54.3594641],[18.5948343,54.3597029],[18.5945671,54.3598906],[18.5939472,54.3596614],[18.5922858,54.3589997],[18.5922394,54.3590103],[18.5921576,54.3589508],[18.592106,54.3589285],[18.5920635,54.3588938],[18.5920386,54.3588735],[18.5914143,54.3583593]]},"properties":{"addr:city":"Gdańsk","addr:housenumber":"10","addr:postcode":"80-286","addr:street":"Poli Gojawiczyńskiej","amenity":"school","barrier":"fence","check_date":"2025-06-07","landuse":"education","name":"Szkoła Podstawowa nr 1 im. Mariusza Zaruskiego w Gdańsku","name:etymology:wikidata":"Q1345943","website":"http://sp1.edu.gdansk.pl/"}},
{"type":"Feature","geometry":{"type":"LineString","coordinates":[[18.6650542,54.3503124],[18.6652917,54.3501778],[18.6653472,54.3498698],[18.6637139,54.3498403],[18.6637028,54.3499992],[18.6637196,54.3500098],[18.6637156,54.3500567],[18.663698,54.350293],[18.6648447,54.35031],[18.6649071,54.3503109],[18.6650542,54.3503124]]},"properties":{"amenity":"kindergarten","barrier":"fence","landuse":"education","name":"Przedszkole nr 31 \"Słoneczko\""}},
{"type":"Feature","geometry":{"type":"LineString","coordinates":[[18.482691,54.388353],[18.482761,54.3882965],[18.4828818,54.3882033],[18.4829794,54.3882055],[18.4829927,54.3881946],[18.4830095,54.3881808],[18.482966,54.3881365],[18.4831255,54.3880244],[18.4831321,54.388019],[18.4831412,54.3880114],[18.4831598,54.3879857],[18.4832745,54.3879805],[18.4839027,54.3879517],[18.4839777,54.3879446],[18.4840975,54.3879332],[18.4843269,54.3879115],[18.4845776,54.3878868],[18.4850292,54.3878434],[18.4850656,54.3880131],[18.4851083,54.3882132],[18.4850663,54.3884229],[18.4850251,54.3886283],[18.4846556,54.3886451],[18.4839207,54.388677],[18.4835519,54.3886948],[18.4831473,54.3887137],[18.4832382,54.3884819],[18.4830762,54.3884522],[18.483071,54.3884079],[18.4829982,54.3883976],[18.482691,54.388353]]},"properties":{"addr:city":"Gdańsk","addr:postcode":"80-298","addr:street":"Radarowa","amenity":"school","barrier":"fence","fence_type":"chain_link","landuse":"education","name":"Szkoła Podstawowa nr 82"}},
{"type":"Feature","geometry":{"type":"LineString","coordinates":[[18.6031519,54.3862911],[18.6034052,54.3866179],[18.6034782,54.386689],[18.6036261,54.386839],[18.6035554,54.3868678],[18.6036851,54.3869785],[18.6039836,54.3871348],[18.6040599,54.3871698],[18.604065,54.3871666],[18.6042604,54.3872391],[18.6044488,54.3873046],[18.6045849,54.387351],[18.6048895,54.3864134],[18.6048341,54.3864011],[18.6043603,54.3862695],[18.604264,54.3862441],[18.604226,54.3862339],[18.6042146,54.3862309],[18.6041771,54.3862208],[18.6043932,54.3859772],[18.6042356,54.3859334],[18.6038087,54.3858121],[18.6037347,54.3859011],[18.6035406,54.3861387],[18.6035203,54.3861631],[18.6032963,54.3861057],[18.6031519,54.3862911]]},"properties":{"addr:city":"Gdańsk","addr:housenumber":"8B","addr:postcode":"80-451","addr:street":"Tadeusza Kościuszki","amenity":"school","email":"sekretariat@lo10.edu.gdansk.pl","isced:level":"3","landuse":"education","mobile":"+48 58 341 97 75","name":"X Liceum Ogólnokształcące Dwujęzyczne im. Lecha Bądkowskiego","operator":"Miasto Gdańsk","operator:type":"public","phone":"+48 58 341 49 15","source":"Bing","source:addr":"Urząd Miasta Gdańsk","website":"https://lo10.edu.gdansk.pl/"}},
{"type":"Feature","geometry":{"type":"LineString","coordinates":[[18.57838,54.4201676],[18.5793539,54.420074],[18.5797782,54.4200226],[18.5799144,54.4198918],[18.5789226,54.4195591],[18.5780321,54.4196194],[18.5781286,54.4199562],[18.5782063,54.4199875],[18.5782888,54.4200208],[18.5783269,54.4201426],[18.57838,54.4201676]]},"properties":{"amenity":"kindergarten","barrier":"fence","email":"wesolydelfinek@gda.avx.pl","fence_type":"chain_link","landuse":"education","name":"Wesoły Delfinek","phone":"58 557-98-88","website":"www.wesolydelfinek.gda.avx.pl"}},
{"type":"Feature","geometry":{"type":"LineString","coordinates":[[18.596080099999999,54.2985142],[18.5948908,54.2985576],[18.5946614,54.2985646],[18.5946603,54.2981987],[18.5940093,54.2982093],[18.5940138,54.2981394],[18.5940115,54.2980632],[18.5940146,54.2980512],[18.5940117,54.2980235],[18.5946459,54.2980036],[18.5946359,54.2977319],[18.5960989,54.2977009],[18.5960715,54.2975479],[18.5960984,54.2975472],[18.5971898,54.2975198],[18.5973629,54.2975157],[18.5968997,54.2983682],[18.5968226,54.2983654],[18.5968195,54.2983778],[18.5967655,54.2983807],[18.5966818,54.2983853],[18.5966688,54.298386],[18.5965443,54.2983994],[18.5962722,54.2984405],[18.5962343,54.2984481],[18.5961861,54.2984671],[18.596080099999999,54.2985142]]},"properties":{"amenity":"school","barrier":"fence","landuse":"education","name":"Zespół Szkolno - Przedszkolny w Borkowie"}},
{"type":"Feature","geometry":{"type":"LineString","coordinates":[[18.5628433,54.4119127],[18.562817,54.4119586],[18.5628355,54.4119624],[18.5627921,54.4120299],[18.5627481,54.4120978],[18.5627278,54.4120931],[18.5627071,54.4120885],[18.562664,54.4121543],[18.5619006,54.4119889],[18.5620647,54.4115946],[18.5620709,54.4115796],[18.5626061,54.4115313],[18.5625288,54.4116723],[18.5624469,54.4118251],[18.5628433,54.4119127]]},"properties":{"access":"private","amenity":"kindergarten","barrier":"fence","name":"Przedszkole nr 39"}},
{"type":"Feature","geometry":{"type":"LineString","coordinates":[[18.4814532,54.3532366],[18.4811144,54.3535779],[18.4808403,54.3538471],[18.4805934,54.3540856],[18.4791738,54.3536698],[18.4795518,54.3529232],[18.480633,54.353097],[18.4811072,54.3531743],[18.4814532,54.3532366]]},"properties":{"addr:city":"Gdańsk","addr:housenumber":"1","addr:postcode":"80-298","addr:street":"Stokłosy","amenity":"school","grades":"0-8","landuse":"education","name":"Szkoła Podstawowa nr 83","religion":"none","source:addr":"Urząd Miasta Gdańsk","website":"https://sp83.edu.gdansk.pl/pl"}},
{"type":"Feature","geometry":{"type":"LineString","coordinates":[[18.5125931,54.3527121],[18.5126337,54.3527127],[18.5127795,54.3520693],[18.5128335,54.3520726],[18.5131796,54.352097],[18.5132064,54.3519654],[18.5132247,54.3518754],[18.5132385,54.351807],[18.512928,54.3517878],[18.512847,54.3517825],[18.5129113,54.35141],[18.5124417,54.3510338],[18.5120606,54.3510943],[18.5116759,54.3511491],[18.5113764,54.3514068],[18.5106221,54.351567],[18.5102297,54.3516535],[18.5105501,54.3521096],[18.5106118,54.3521852],[18.5106575,54.3522403],[18.5107974,54.352409],[18.5108571,54.3524703],[18.5109355,54.3524307],[18.5111379,54.3523873],[18.5112864,54.3523744],[18.5114513,54.3523697],[18.5115325,54.3523711],[18.5117592,54.3523918],[18.5119366,54.352429],[18.5120147,54.3524521],[18.5120807,54.3524716],[18.5121808,54.3525092],[18.5122112,54.352522],[18.5122698,54.3525494],[18.5123005,54.3525664],[18.5123811,54.3526112],[18.5124593,54.3526566],[18.5124932,54.3526712],[18.5125514,54.352695],[18.5125931,54.3527121]]},"properties":{"amenity":"school","isced:level":"1","landuse":"education","source":"survey","website":"http://www.azaliowa.pozytywneinicjatywy.pl/"}},
{"type":"Feature","geometry":{"type":"LineString","coordinates":[[18.5084396,54.3401403],[18.508186,54.3397549],[18.5082014,54.3397535],[18.5082128,54.3397524],[18.5082891,54.3397369],[18.5086105,54.3396747],[18.5089931,54.3396007],[18.5093689,54.3395275],[18.5097172,54.3394573],[18.5099994,54.3394028],[18.5101984,54.3397333],[18.5101198,54.3397515],[18.5097313,54.3398414],[18.5084396,54.3401403]]},"properties":{"amenity":"school","landuse":"education","name":"Szkoła Podstawowa nr 84"}},
{"type":"Feature","geometry":{"type":"LineString","coordinates":[[18.6316366,54.3425904],[18.6316728,54.3425707],[18.6317727,54.3424977],[18.6318251,54.3424595],[18.6325915,54.3419045],[18.6315603,54.3414257],[18.630608,54.3414213],[18.630601,54.3417841],[18.6305892,54.3423425],[18.6305894,54.342595],[18.6308444,54.3425878],[18.6310166,54.3425887],[18.631627,54.3425904],[18.6316366,54.3425904]]},"properties":{"amenity":"school","landuse":"education","name":"Szkoła Podstawowa nr 47"}},
{"type":"Feature","geometry":{"type":"LineString","coordinates":[[18.6588678,54.342297],[18.6579039,54.3418426],[18.6578489,54.3418166],[18.657661,54.341728],[18.6572426,54.3420255],[18.6571712,54.3420764],[18.6568784,54.3422724],[18.657128,54.3423908],[18.6574899,54.3425624],[18.6579718,54.342791],[18.6581187,54.3428607],[18.6584107,54.3426373],[18.6586736,54.3425575],[18.6586507,54.3424555],[18.6588678,54.342297]]},"properties":{"amenity":"school","email":"szkola@sp65.edu.pl","fax":"+48 58 305 26 53","grades":"0-8","name":"Szkoła Podstawowa nr 65 imienia Alfa Liczmańskiego","phone":"+48 58 301 45 46","website":"https://sp65.edu.gdansk.pl"}},
{"type":"Feature","geometry":{"type":"LineString","coordinates":[[18.6375037,54.2839254],[18.6375882,54.2836745],[18.6373524,54.2836286],[18.6372766,54.2837584],[18.6363599,54.2836191],[18.636247,54.2839328],[18.6363488,54.283964],[18.636697,54.28406],[18.6367999,54.2840613],[18.6368429,54.2840554],[18.6369283,54.2838925],[18.6372307,54.2839098],[18.6375037,54.2839254]]},"properties":{"amenity":"school","name":"Szkoła Podstawowa nr 40"}},
{"type":"Feature","geometry":{"type":"LineString","coordinates":[[18.575905,54.322038],[18.5756188,54.3218683],[18.5763723,54.3214408],[18.5768184,54.3217017],[18.5767652,54.3217326],[18.5768124,54.3217606],[18.576866,54.3217925],[18.576788,54.3221359],[18.576114,54.322163],[18.575905,54.322038]]},"properties":{"amenity":"kindergarten","barrier":"fence"}},
{"type":"Feature","geometry":{"type":"LineString","coordinates":[[18.695375,54.3485727],[18.6955233,54.3481323],[18.6954296,54.3481235],[18.6953788,54.3481192],[18.6948825,54.3480721],[18.6950853,54.3475565],[18.6961984,54.3476683],[18.6965578,54.3481866],[18.6966678,54.3485219],[18.6967,54.3487048],[18.6960254,54.3485836],[18.6957653,54.3485411],[18.6955936,54.3485422],[18.695375,54.3485727]]},"properties":{"addr:city":"Gdańsk","addr:postcode":"80-717","addr:street":"Miałki Szlak","amenity":"school","landuse":"education","name":"Szkoła Podstawowa nr 29","website":"http://www.leonardo.gda.pl/"}},
{"type":"Feature","geometry":{"type":"LineString","coordinates":[[18.6448522,54.3931109],[18.6462445,54.3936137],[18.6460952,54.3938651],[18.6459777,54.3940646],[18.6459668,54.3940832],[18.6459111,54.3941778],[18.6456616,54.3943778],[18.6454032,54.3942824],[18.6450998,54.3941736],[18.6441009,54.3938153],[18.6445657,54.3933795],[18.6448522,54.3931109]]},"properties":{"addr:city":"Gdańsk","addr:housenumber":"29","addr:postcode":"80-531","addr:street":"Sucha","amenity":"school","barrier":"fence","grades":"1-8","landuse":"education","name":"Publiczna Szkoła Podstawowa Hevelius","operator:type":"public","website":"https://hevelius-gdansk.operator.edu.pl/"}},
{"type":"Feature","geometry":{"type":"LineString","coordinates":[[18.6319828,54.3810087],[18.6318927,54.3809442],[18.6315436,54.3807133],[18.6313797,54.3806793],[18.6308994,54.3803593],[18.6305593,54.3805203],[18.630553,54.380516],[18.6303702,54.3806077],[18.6303738,54.38061],[18.6302836,54.380654],[18.6303828,54.3807887],[18.6305767,54.3810341],[18.630894,54.3821391],[18.6306894,54.3821681],[18.6307456,54.38236],[18.6308173,54.3823974],[18.6309875,54.3823924],[18.6317734,54.3820921],[18.6317321,54.3819523],[18.6316707,54.3819528],[18.6315313,54.3815214],[18.631553,54.381511],[18.6316503,54.3814615],[18.631745,54.381413],[18.631787,54.381392],[18.6318767,54.3813468],[18.6319193,54.3813241],[18.6317307,54.3812053],[18.6318028,54.3811738],[18.6317395,54.3811312],[18.6319828,54.3810087]]},"properties":{"amenity":"school","landuse":"education","name":"Zespół Szkół Energetycznych","website":"http://zse1.zse.gda.pl/"}},
{"type":"Feature","geometry":{"type":"LineString","coordinates":[[18.5831272,54.3195617],[18.583416,54.3193118],[18.5835317,54.3193329],[18.5835484,54.319336],[18.5835584,54.3193175],[18.5841024,54.3194138],[18.5840915,54.3194321],[18.584123,54.3194388],[18.5842981,54.319476],[18.5843279,54.3194824],[18.5837374,54.3200078],[18.5832154,54.3198299],[18.5831272,54.3195617]]},"properties":{"amenity":"school","landuse":"education","name":"Szkoła Podstawowa i Przedszkole \"Olimpijczyk\""}},
{"type":"Feature","geometry":{"type":"LineString","coordinates":[[18.5941928,54.4123343],[18.5942124,54.4122992],[18.5942239,54.4122799],[18.5942317,54.412266],[18.5943822,54.4119987],[18.5927505,54.4117847],[18.5925678,54.4117607],[18.5926202,54.4120463],[18.592644,54.4121757],[18.5931656,54.4122273],[18.5931801,54.4122287],[18.5931973,54.4122305],[18.5941928,54.4123343]]},"properties":{"amenity":"kindergarten","barrier":"fence","landuse":"education","name":"Przedszkole nr 34 im. Marii Konopnickiej","operator:type":"public","website":"http://www.przedszkole34gdansk.pl/"}},
{"type":"Feature","geometry":{"type":"LineString","coordinates":[[18.5927503,54.4160603],[18.5926007,54.4165775],[18.5926139,54.4165917],[18.59261,54.4166063],[18.5926045,54.4166268],[18.5935144,54.4167005],[18.593871,54.4164128],[18.5939445,54.4161485],[18.5927503,54.4160603]]},"properties":{"addr:city":"Gdańsk","addr:housenumber":"102","addr:postcode":"80-358","addr:source":"Urząd Miasta Gdańsk","addr:street":"Piastowska","amenity":"kindergarten","name":"Przedszkole nr 51 \"Jacek i Agatka\""}},
{"type":"Feature","geometry":{"type":"LineString","coordinates":[[18.5898632,54.4150043],[18.5896467,54.4157493],[18.5903751,54.4157928],[18.5906207,54.4150098],[18.5899636,54.4150106],[18.5898632,54.4150043]]},"properties":{"addr:city":"Gdańsk","addr:housenumber":"92A","addr:postcode":"80-358","addr:street":"Piastowska","amenity":"kindergarten","name":"Żłobek nr 2","source:addr":"Urząd Miasta Gdańsk"}},
{"type":"Feature","geometry":{"type":"LineString","coordinates":[[18.590742,54.4146167],[18.5908515,54.4142501],[18.5906645,54.4141341],[18.5902844,54.4140797],[18.5900521,54.4141307],[18.5899636,54.4150106],[18.5906192,54.4150098],[18.590742,54.4146167]]},"properties":{"addr:city":"Gdańsk","addr:housenumber":"92B","addr:postcode":"80-358","addr:street":"Piastowska","amenity":"kindergarten","name":"Przedszkole nr 54 \"Fantazja\"","source:addr":"Urząd Miasta Gdańsk"}},
{"type":"Feature","geometry":{"type":"LineString","coordinates":[[18.3990355,54.3967539],[18.3991176,54.3967988],[18.3991656,54.3967639],[18.3995249,54.396502],[18.3998467,54.3962675],[18.3999219,54.3961463],[18.4000129,54.3960545],[18.4003433,54.3958114],[18.4003889,54.3957778],[18.4004123,54.3957606],[18.4003529,54.3957329],[18.4003642,54.3957265],[18.400131,54.3956165],[18.4001064,54.3956049],[18.4007012,54.3951536],[18.4002651,54.3949338],[18.399574,54.3949562],[18.3990737,54.3949718],[18.3990722,54.3950149],[18.3990713,54.3950404],[18.3990703,54.3950722],[18.3990056,54.3951177],[18.3989804,54.3951354],[18.398868,54.3953348],[18.3988604,54.3953484],[18.398861,54.3953614],[18.3988574,54.3954776],[18.3988867,54.3955868],[18.399013,54.3958157],[18.3990561,54.3959157],[18.3990603,54.3959254],[18.3990665,54.3959397],[18.3990981,54.3960128],[18.399037,54.396022],[18.3989841,54.3960304],[18.3989761,54.3960317],[18.3989845,54.3961524],[18.3988465,54.3963805],[18.3988415,54.3966562],[18.3988411,54.3966785],[18.3988374,54.3967075],[18.3989275,54.3966985],[18.3989807,54.3966932],[18.3990355,54.3967539]]},"properties":{"addr:city":"Banino","addr:housenumber":"15","addr:postcode":"80-297","addr:street":"Tuchomska","amenity":"school","barrier":"fence","fence_type":"wire","isced:level":"1","name":"Szkoła Podstawowa Nr 1 im. ks. prałata Józefa Bigusa","website":"http://www.spbanino.098.pl/strona/kontakty"}},
{"type":"Feature","geometry":{"type":"LineString","coordinates":[[18.5937571,54.3809077],[18.5938216,54.3809067],[18.5939662,54.3809041],[18.5950771,54.3811548],[18.5951625,54.3810136],[18.5951111,54.380895],[18.5950814,54.3808258],[18.5950848,54.3808188],[18.5952405,54.3805492],[18.5952277,54.380503],[18.5951809,54.3803076],[18.5946794,54.3803366],[18.594618,54.3800848],[18.594967,54.3800429],[18.5949503,54.3799773],[18.5949251,54.3798901],[18.5941818,54.3799475],[18.5939994,54.3799618],[18.5937232,54.3799831],[18.5936157,54.3799911],[18.5937571,54.3809077]]},"properties":{"amenity":"school","landuse":"education","name":"Szkoła Podstawowa nr 39"}},
{"type":"Feature","geometry":{"type":"LineString","coordinates":[[18.5656926,54.3743418],[18.5656275,54.3743059],[18.5653274,54.3741402],[18.565312,54.3740864],[18.5652771,54.3739645],[18.5652484,54.3739401],[18.5650389,54.3738117],[18.5650168,54.3736587],[18.5650137,54.3736373],[18.5649671,54.3735955],[18.5649424,54.3735733],[18.5649167,54.3735502],[18.5650448,54.3735404],[18.5652125,54.3735139],[18.5652732,54.3735081],[18.565361,54.3734985],[18.5655154,54.373463],[18.5656292,54.3733939],[18.5656852,54.3734042],[18.5657055,54.3734152],[18.5657751,54.3733744],[18.565853100000003,54.3733287],[18.5662987,54.3735954],[18.5663111,54.3736028],[18.5665617,54.3737981],[18.5665229,54.3738146],[18.5664976,54.3738296],[18.5659528,54.3741323],[18.5659219,54.374148],[18.5659731,54.3741755],[18.5656926,54.3743418]]},"properties":{"amenity":"school","landuse":"education","name":"Szkoły im. św. Jana de La Salle","name:etymology:wikidata":"Q312758"}},
{"type":"Feature","geometry":{"type":"LineString","coordinates":[[18.650239,54.357502],[18.649992,54.35742],[18.649993,54.357419],[18.6490932,54.3571177],[18.6488744,54.3570428],[18.6487911,54.3571237],[18.6487544,54.3571116],[18.6487024,54.3570944],[18.6484432,54.3573517],[18.648411,54.3573842],[18.6493504,54.3577924],[18.6493782,54.3577665],[18.6495465,54.3578232],[18.6495764,54.3577921],[18.6498182,54.3575513],[18.6497845,54.3575397],[18.6498293,54.3574957],[18.649898,54.357518],[18.6498993,54.3575167],[18.6501472,54.3575979],[18.650239,54.357502]]},"properties":{"addr:city":"Gdańsk","addr:country":"PL","addr:housenumber":"3","addr:postcode":"80-847","addr:street":"Gnilna","amenity":"school","email":"sekretariat@osm.gdansk.pl","isced:level":"1; 2; 3","landuse":"education","name":"Ogólnokształcąca Szkoła Muzyczna I i II st.","official_name":"Ogólnokształcąca Szkoła Muzyczna I i II st. im. Feliksa Nowowiejskiego","ref:rspo":"15477","source:addr":"Urząd Miasta Gdańsk","website":"http://www.osm.gdansk.pl/"}},
{"type":"Feature","geometry":{"type":"LineString","coordinates":[[18.6083038,54.3702711],[18.6083187,54.3703878],[18.6083282,54.3704262],[18.6083324,54.370443],[18.608374,54.3705401],[18.6083859,54.3705983],[18.6084408,54.370778],[18.6084952,54.3709353],[18.6085479,54.3711108],[18.6085804,54.3711893],[18.6088471,54.3712787],[18.6089561,54.3713152],[18.608994,54.3714262],[18.6090519,54.3715629],[18.6091403,54.371849],[18.6091783,54.3719161],[18.6092918,54.3719937],[18.6093509,54.3720113],[18.6094786,54.3720489],[18.6095731,54.3721267],[18.6100941,54.3720633],[18.6100636,54.3719056],[18.6099667,54.37156],[18.6098333,54.3711049],[18.6098159,54.3710463],[18.6097921,54.3710465],[18.6097892,54.3710658],[18.6097391,54.3710704],[18.6093569,54.3710849],[18.6091019,54.3710946],[18.6091154,54.3707343],[18.6092084,54.3707352],[18.6096694,54.3707397],[18.6096746,54.3705997],[18.6098149,54.3705584],[18.6098267,54.370531],[18.6098045,54.3703997],[18.609780399999999,54.3702575],[18.6092297,54.3702808],[18.6091732,54.3702796],[18.6091478,54.3702791],[18.6085582,54.3702735],[18.6085263,54.3702732],[18.6085083,54.370273],[18.6083038,54.3702711]]},"properties":{"addr:city":"Gdańsk","addr:housenumber":"92","addr:postcode":"80-226","addr:street":"Romualda Traugutta","amenity":"school","email":"ulo@pozytywneinicjatywy.pl","isced:level":"3","mobile":"+48 532 435 396","name":"Uniwersyteckie Liceum Ogólnokształcące im. Pawła Adamowicza","operator":"Miasto Gdańsk","operator:type":"public","phone":"+48 58 350 54 46","website":"https://ulo.pozytywneinicjatywy.pl/"}},
{"type":"Feature","geometry":{"type":"LineString","coordinates":[[18.5694044,54.3068078],[18.5694124,54.3068396],[18.5692333,54.3070447],[18.5693165,54.3072682],[18.569604000000003,54.3074466],[18.569791,54.3075587],[18.5698032,54.3075663],[18.5702001,54.3077988],[18.570444,54.3079068],[18.5705342,54.3078883],[18.570624,54.3080115],[18.5704997,54.3080385],[18.5703831,54.3081034],[18.5703295,54.3081973],[18.5702955,54.3082737],[18.5703155,54.3083668],[18.5704969,54.3083944],[18.572104,54.3083564],[18.5727853,54.3083438],[18.5727736,54.3071961],[18.571939,54.3071606],[18.5719307,54.3071587],[18.5718094,54.3070864],[18.5719151,54.3070413],[18.5719136,54.3069753],[18.571897,54.3069531],[18.5718902,54.3067753],[18.5714982,54.3068458],[18.5712465,54.3067575],[18.5707762,54.3066152],[18.5702382,54.3064984],[18.5701931,54.3065368],[18.5701363,54.3065858],[18.5700634,54.3066486],[18.5701098,54.3066629],[18.5699463,54.3068364],[18.5699335,54.3068512],[18.5699145,54.3068452],[18.569693,54.3068253],[18.5694482,54.3068033],[18.56943,54.3068052],[18.5694044,54.3068078]]},"properties":{"amenity":"school","barrier":"fence","landuse":"education","name":"Szkoła Podstawowa w Kowalach","start_date":"2019","website":"https://spkowale.edu.pl/"}},
{"type":"Feature","geometry":{"type":"LineString","coordinates":[[18.5747679,54.4129021],[18.5748067,54.412914],[18.574885,54.412938],[18.5753464,54.4130793],[18.575066,54.4133868],[18.5752015,54.4134289],[18.5749032,54.4137623],[18.5747741,54.4139048],[18.5733896,54.4135097],[18.5733091,54.4134865],[18.5733398,54.4134522],[18.57341,54.413375],[18.573515,54.41326],[18.573568,54.413201],[18.573793,54.412953],[18.5738804,54.4129806],[18.5740618,54.41304],[18.5742296,54.4130903],[18.5742765,54.4131052],[18.574329,54.413121],[18.5745139,54.4131776],[18.5747679,54.4129021]]},"properties":{"addr:city":"Gdańsk","addr:housenumber":"35/37","addr:postcode":"80-332","addr:street":"Piastowska","amenity":"school","landuse":"education","name":"Szkoła Podstawowa Specjalna nr 37 w Gdańsku","website":"http://sps37.edu.gdansk.pl/"}},
{"type":"Feature","geometry":{"type":"LineString","coordinates":[[18.5758065,54.4226331],[18.5762366,54.4225888],[18.5766417,54.4225484],[18.5766835,54.4225445],[18.5767563,54.4225265],[18.5767883,54.422516],[18.576832,54.4224872],[18.5767837,54.4222598],[18.576695,54.421822],[18.5765993,54.4217866],[18.5762584,54.4216602],[18.5757153,54.421459],[18.5752361,54.4217908],[18.57521,54.4218085],[18.5756043,54.4225869],[18.5758065,54.4226331]]},"properties":{"amenity":"school","landuse":"education","name":"Szkoła Podstawowa nr 89 w Gdańsku im. Tadeusza Mazowieckiego"}},
{"type":"Feature","geometry":{"type":"LineString","coordinates":[[18.6089149,54.3602317],[18.6089911,54.3602062],[18.6089923,54.3602055],[18.609041,54.3601772],[18.6096212,54.3597123],[18.6093655,54.3593913],[18.6097711,54.3593021],[18.609598,54.3590946],[18.6095125,54.3590721],[18.6099805,54.3589198],[18.6101806,54.3588437],[18.6107623,54.3587656],[18.6109996,54.358795],[18.6112067,54.3589793],[18.6115913,54.3593209],[18.6118648,54.3595621],[18.6120215,54.3597957],[18.612062,54.3598415],[18.6121763,54.360105],[18.6122586,54.3602899],[18.612132,54.3603103],[18.6110799,54.3598336],[18.6106513,54.3599345],[18.610336,54.3602076],[18.6105148,54.3602609],[18.610636,54.3602533],[18.6109654,54.3603372],[18.6106542,54.3607643],[18.6108758,54.3608293],[18.6111086,54.3609097],[18.6116949,54.3611551],[18.6116716,54.361174],[18.6112546,54.3615086],[18.6105136,54.3611747],[18.6104723,54.3611558],[18.6104347,54.3611386],[18.6104203,54.3611643],[18.6101004,54.3610041],[18.6097326,54.3608134],[18.6094984,54.3607138],[18.6094638,54.3606828],[18.6094867,54.3606606],[18.6094582,54.3606498],[18.6090206,54.3603851],[18.6089149,54.3602317]]},"properties":{"addr:city":"Gdańsk","addr:housenumber":"90","addr:postcode":"80-216","addr:street":"Jana Sobieskiego","amenity":"school","landuse":"education","name":"Pomorskie Szkoły Rzemiosł"}},
{"type":"Feature","geometry":{"type":"LineString","coordinates":[[18.6116949,54.3611551],[18.6111086,54.3609097],[18.6108758,54.3608293],[18.6106542,54.3607643],[18.6109654,54.3603372],[18.610636,54.3602533],[18.6105148,54.3602609],[18.610336,54.3602076],[18.6106513,54.3599345],[18.6110799,54.3598336],[18.612132,54.3603103],[18.6122586,54.3602899],[18.6123654,54.3605364],[18.6123681,54.360558],[18.6123661,54.3605851],[18.6123605,54.3606057],[18.6123513,54.360629],[18.6123302,54.3606562],[18.6123159,54.3606725],[18.6122949,54.3606891],[18.6117166,54.3611382],[18.6116949,54.3611551]]},"properties":{"amenity":"school","landuse":"education","name":"Centrum Kształcenia Zawodowego i Ustawicznego nr 1"}},
{"type":"Feature","geometry":{"type":"LineString","coordinates":[[18.5688757,54.3288056],[18.5683108,54.328704],[18.5676758,54.3282556],[18.567876299999999,54.3278566],[18.5687656,54.327667],[18.568796,54.3276831],[18.5689033,54.3278731],[18.5689596,54.327975],[18.5692585,54.3285168],[18.5693153,54.3286198],[18.569347,54.3286809],[18.5693251,54.328701],[18.5688757,54.3288056]]},"properties":{"amenity":"kindergarten","name":"Przedszkole nr 68"}},
{"type":"Feature","geometry":{"type":"LineString","coordinates":[[18.568168,54.3256583],[18.5681445,54.3255718],[18.5680729,54.3254161],[18.5680652,54.3251856],[18.5678648,54.325192],[18.5678215,54.3252128],[18.5675318,54.3253996],[18.5675043,54.3254117],[18.5671509,54.3256329],[18.5671473,54.3256776],[18.5670676,54.3257297],[18.5670707,54.3257755],[18.5666156,54.3260887],[18.5666019,54.3263317],[18.5666174,54.3275358],[18.5666005,54.3275437],[18.5665764,54.3275548],[18.5666595,54.3276077],[18.5667752,54.3276519],[18.5670364,54.3277524],[18.567368599999999,54.3277458],[18.567598,54.3277016],[18.5688055,54.3274677],[18.5688929,54.3274503],[18.5689414,54.3274409],[18.5690195,54.3274259],[18.5689314,54.3272658],[18.5687173,54.3268771],[18.5686751,54.3268011],[18.5683448,54.3262416],[18.5682929,54.3260723],[18.5682225,54.3260806],[18.5682344,54.3261127],[18.5681816,54.326129],[18.5681273,54.3261434],[18.5681041,54.3261498],[18.5679954,54.3260281],[18.5679179,54.3259985],[18.5678685,54.3259728],[18.5678125,54.3259416],[18.5677728,54.3259214],[18.568168,54.3256583]]},"properties":{"amenity":"school","email":"sekretariat@sp6.edu.gdansk.pl","name":"Szkoła Podstawowa nr 6","phone":"+48 58 733 43 00"}},
{"type":"Feature","geometry":{"type":"LineString","coordinates":[[18.625852,54.367329],[18.6257974,54.3673362],[18.6257045,54.3673492],[18.6257984,54.3675335],[18.6259719,54.3678692],[18.6261336,54.368165],[18.6264269,54.3681149],[18.6264864,54.3678573],[18.6266321,54.3677072],[18.6266937,54.367639],[18.6269121,54.3674095],[18.626937,54.367382],[18.6269004,54.3673709],[18.62687,54.367361],[18.626539,54.367256],[18.6264752,54.3672365],[18.6263255,54.3672371],[18.6263182,54.3672848],[18.626281,54.367288],[18.626129,54.367302],[18.626125,54.36729],[18.6260763,54.3672944],[18.626,54.367302],[18.6260034,54.3673145],[18.625852,54.367329]]},"properties":{"amenity":"school","landuse":"education","name":"Szkoła Podstawowa nr 15"}},
{"type":"Feature","geometry":{"type":"LineString","coordinates":[[18.6062947,54.4026273],[18.6050407,54.4027096],[18.6050772,54.4029032],[18.6051046,54.4030488],[18.6050299,54.4031132],[18.6051746,54.403168],[18.60572,54.4033694],[18.6057542,54.4033542],[18.6060894,54.4032199],[18.606222,54.4030954],[18.6064976,54.4028522],[18.6064912,54.4028097],[18.6064438,54.4027635],[18.6062947,54.4026273]]},"properties":{"amenity":"kindergarten","barrier":"fence","name":"Żłobek nr 12 Żagielek"}},
{"type":"Feature","geometry":{"type":"LineString","coordinates":[[18.6288924,54.3316815],[18.6289238,54.3316816],[18.6290562,54.3316827],[18.6295452,54.3316805],[18.6295866,54.33168],[18.6296063,54.3316797],[18.6294955,54.3308201],[18.6294746,54.3304951],[18.6291129,54.3305027],[18.628994,54.3305018],[18.6288555,54.3305009],[18.6285445,54.3305041],[18.6281232,54.3305094],[18.6279656,54.3304691],[18.6279087,54.3303534],[18.6279263,54.3303487],[18.6279268,54.3303341],[18.6278079,54.3303364],[18.627806,54.3304587],[18.6278054,54.3305014],[18.6275597,54.3305076],[18.6274938,54.3305093],[18.6274579,54.330509],[18.6274809,54.3311031],[18.6274902,54.33141],[18.6274905,54.3314186],[18.6275006,54.331632],[18.6287832,54.3316153],[18.6288924,54.3316815]]},"properties":{"amenity":"school","landuse":"education","name":"Szkoła Podstawowa nr 56 imienia Andrzeja Struga"}},
{"type":"Feature","geometry":{"type":"LineString","coordinates":[[18.5077542,54.3493676],[18.5077193,54.349243],[18.5080658,54.3492102],[18.5081006,54.3493344],[18.5077542,54.3493676]]},"properties":{"addr:city":"Gdańsk","addr:country":"PL","addr:housenumber":"8","addr:postcode":"80-178","addr:street":"Gostyńska","amenity":"kindergarten","building":"yes","name":"Tik Tak"}},
{"type":"Feature","geometry":{"type":"LineString","coordinates":[[18.6295866,54.3261298],[18.6296294,54.326572],[18.6289045,54.3266212],[18.6289021,54.326581],[18.6287699,54.3265827],[18.6287726,54.3265536],[18.6286888,54.3265543],[18.6286791,54.3264473],[18.6281197,54.3264595],[18.6281474,54.3263655],[18.6283705,54.3262651],[18.6284179,54.326081],[18.6284633,54.3260876],[18.6284862,54.326091],[18.6285891,54.326068],[18.6285765,54.3260162],[18.6287987,54.3260085],[18.6288742,54.3261516],[18.6289225,54.326151],[18.6294997,54.3261326],[18.6295866,54.3261298]]},"properties":{"amenity":"kindergarten"}},
{"type":"Feature","geometry":{"type":"LineString","coordinates":[[18.632783,54.3237904],[18.6323737,54.3236079],[18.632141,54.3238346],[18.6323479,54.324291],[18.632814,54.3239997],[18.6326273,54.3238995],[18.632783,54.3237904]]},"properties":{"amenity":"kindergarten","barrier":"fence","landuse":"education","name":"Publiczne Pozytywne Przedszkole nr 3"}},
{"type":"Feature","geometry":{"type":"LineString","coordinates":[[18.5613303,54.3757249],[18.5612715,54.3757633],[18.5612415,54.3757479],[18.5611835,54.3757848],[18.5611174,54.3757497],[18.5610117,54.3757828],[18.5609675,54.3759141],[18.5611151,54.3761359],[18.5612624,54.376214],[18.5613782,54.3762744],[18.561472,54.3762632],[18.5616372,54.3763268],[18.5616157,54.3764048],[18.561502,54.3764632],[18.561156,54.3764773],[18.5608131,54.3764892],[18.5605592,54.3764957],[18.560417,54.3764889],[18.5594794,54.3764839],[18.55947,54.3768808],[18.5621957,54.3768896],[18.5623544,54.3769503],[18.5623741,54.3769497],[18.5623988,54.376949],[18.562491,54.3769464],[18.5626868,54.376946],[18.5627002,54.3764398],[18.5626251,54.3763746],[18.5627586,54.3762976],[18.5627332,54.3762595],[18.5630269,54.3760843],[18.5630597,54.3759029],[18.563011,54.3757818],[18.5628517,54.3756895],[18.5626279,54.3756375],[18.5624956,54.3757139],[18.5624246,54.3756732],[18.5623531,54.3757154],[18.5623346,54.3757041],[18.5622367,54.3757619],[18.5621713,54.3757242],[18.5620671,54.3757865],[18.5621145,54.3758138],[18.5620627,54.3758432],[18.5620295,54.3758256],[18.5619279,54.3757719],[18.5618707,54.3758076],[18.561682,54.3756985],[18.5616922,54.3756925],[18.5616719,54.3756801],[18.5616261,54.3757058],[18.561531,54.3757592],[18.5615034,54.375746],[18.5615295,54.3757295],[18.5614711,54.375705],[18.5614287,54.3757292],[18.5614194,54.375736],[18.5613894,54.3757556],[18.5613563,54.3757384],[18.5613303,54.3757249]]},"properties":{"amenity":"school","grades":"0-8","landuse":"education","name":"Szkoła Podstawowa nr 38 im. gen. Stanisława Maczka","name:etymology:wikidata":"Q512764","website":"https://sp38.edu.gdansk.pl/pl"}},
{"type":"Feature","geometry":{"type":"LineString","coordinates":[[18.5852504,54.3523553],[18.5852735,54.3523638],[18.5855915,54.3524813],[18.5855946,54.3524825],[18.5856182,54.3524606],[18.5856507,54.3524723],[18.5856904,54.3524352],[18.5856986,54.3524276],[18.5856454,54.3524089],[18.5857414,54.3523207],[18.5857631,54.3523007],[18.5858782,54.3522156],[18.5858963,54.3522022],[18.5859088,54.3521894],[18.585912,54.3521765],[18.5859116,54.3521695],[18.5859081,54.3521609],[18.5859028,54.352154],[18.5858933,54.3521463],[18.5858716,54.3521357],[18.5856963,54.3520871],[18.5855858,54.3520461],[18.5852504,54.3523553]]},"properties":{"addr:city":"Gdańsk","addr:housenumber":"16B","addr:postcode":"80-126","addr:street":"Piekarnicza","amenity":"school","building":"school","building:levels":"3","description":"Przedszkole, Szkoła Podstawowa i Gimnazjum","name":"TE Vizja","source":"www.geoportal.gov.pl"}},
{"type":"Feature","geometry":{"type":"LineString","coordinates":[[18.5929236,54.4070088],[18.5927762,54.4071877],[18.5927569,54.4074171],[18.5928368,54.4074362],[18.5928175,54.4074688],[18.5927971,54.4075035],[18.5929023,54.4075734],[18.5938716,54.4077832],[18.5940498,54.4077276],[18.594158,54.4075756],[18.5941456,54.4073914],[18.5940968,54.4072953],[18.5940179,54.4072745],[18.5940244,54.4072595],[18.5932831,54.4071319],[18.5929236,54.4070088]]},"properties":{"addr:city":"Gdańsk","addr:housenumber":"4F","addr:postcode":"80-398","addr:street":"Obrońców Wybrzeża","amenity":"kindergarten","barrier":"fence","name":"Przedszkole nr 59"}},
{"type":"Feature","geometry":{"type":"LineString","coordinates":[[18.5878834,54.3199393],[18.5881271,54.3200164],[18.5892071,54.3203156],[18.5892324,54.3203222],[18.5896642,54.3197751],[18.5896387,54.3197709],[18.5896365,54.3197186],[18.5883857,54.3196909],[18.5878834,54.3199393]]},"properties":{"amenity":"kindergarten","barrier":"fence","name":"Przedszkole nr 83"}},
{"type":"Feature","geometry":{"type":"LineString","coordinates":[[18.410687,54.3911942],[18.4101711,54.3906692],[18.4101976,54.3906651],[18.4115626,54.3901755],[18.4121152,54.3906939],[18.4119857,54.3907392],[18.4114688,54.3909209],[18.4110278,54.3910742],[18.410687,54.3911942]]},"properties":{"addr:city":"Banino","addr:housenumber":"15","addr:postcode":"80-297","addr:street":"Lotnicza","amenity":"school","landuse":"education","name":"Szkoła Podstawowa Nr 2","start_date":"2024"}},
{"type":"Feature","geometry":{"type":"LineString","coordinates":[[18.5978292,54.3324116],[18.5978485,54.3324115],[18.5987467,54.3324093],[18.5988343,54.3322935],[18.5991814,54.3318489],[18.5991004,54.331826],[18.5990382,54.3318084],[18.5990105,54.3318005],[18.598938,54.3317807],[18.5988216,54.3317213],[18.5987307,54.3316556],[18.598697,54.3316437],[18.5985524,54.3316368],[18.5983374,54.3317429],[18.5982321,54.3317834],[18.5981283,54.3318072],[18.5979643,54.3318211],[18.5979056,54.3318223],[18.5978206,54.3318239],[18.5978294,54.3324015],[18.5978292,54.3324116]]},"properties":{"amenity":"kindergarten"}},
{"type":"Feature","geometry":{"type":"LineString","coordinates":[[18.5895779,54.4181785],[18.5894834,54.4181554],[18.5894202,54.41814],[18.5887523,54.4179676],[18.5886948,54.4180434],[18.5884875,54.418317],[18.5888877,54.4185103],[18.5892467,54.418627],[18.5895779,54.4181785]]},"properties":{"amenity":"kindergarten","name":"Przedszkole nr 48 z oddziałami integracyjnymi w Gdańsku","opening_hours":"Mo-Fr 06:00-17:00","phone":"58 553 23 11"}},
{"type":"Feature","geometry":{"type":"LineString","coordinates":[[18.560495,54.344262],[18.5600479,54.3441444],[18.5599905,54.3441293],[18.5598436,54.3443164],[18.5596489,54.3445645],[18.55948,54.3447797],[18.5595038,54.3447862],[18.5593164,54.3450309],[18.5592906,54.3450646],[18.5593156,54.3450892],[18.559456,54.3452277],[18.5592892,54.3454779],[18.5595839,54.345558],[18.5597647,54.3453206],[18.5598187,54.3452506],[18.5598021,54.345208],[18.5596806,54.3451788],[18.5597225,54.3451217],[18.5597724,54.3451325],[18.559854,54.3450304],[18.5598957,54.3450411],[18.5602393,54.344586],[18.560495,54.344262]]},"properties":{"amenity":"kindergarten"}},
{"type":"Feature","geometry":{"type":"LineString","coordinates":[[18.6098514,54.3678561],[18.6096253,54.3673663],[18.610374,54.3672851],[18.6106824,54.3672523],[18.6108307,54.3672836],[18.610911,54.367476],[18.610926,54.367519],[18.6108454,54.367529],[18.6108693,54.3675986],[18.6109089,54.3677142],[18.6109302,54.367843],[18.6109269,54.3678692],[18.6105985,54.3678619],[18.6098514,54.3678561]]},"properties":{"amenity":"kindergarten","name":"Przedszkole nr 4 „Gwarny Dworek”","website":"http://pr4.edu.gdansk.pl"}},
{"type":"Feature","geometry":{"type":"LineString","coordinates":[[18.523712,54.370968],[18.5237164,54.3710265],[18.5237372,54.3713079],[18.5234625,54.3713145],[18.5234723,54.3714336],[18.5235075,54.3718594],[18.5239118,54.3718483],[18.5239199,54.3718481],[18.5239604,54.371847],[18.5240214,54.3718453],[18.5244375,54.3718339],[18.5248852,54.3718216],[18.5248513,54.371375],[18.524821,54.3709747],[18.5248193,54.3709525],[18.5242724,54.3709731],[18.524232,54.3709746],[18.5241944,54.3709543],[18.5241348,54.3709562],[18.5239878,54.3709608],[18.5239705,54.3709613],[18.5239329,54.3709922],[18.5239008,54.3709934],[18.5238565,54.3709949],[18.5238136,54.3709656],[18.523712,54.370968]]},"properties":{"amenity":"school","barrier":"fence","contact:phone":"+48 58 349 68 16","landuse":"education","name":"Szkoła Podstawowa nr 7 im. mjra Mieczysława Słabego","website":"http://sp7.edu.gdansk.pl/pl"}},
{"type":"Feature","geometry":{"type":"LineString","coordinates":[[18.5928705,54.4193867],[18.5923633,54.4192303],[18.5926958,54.4187953],[18.5927279,54.418804],[18.5932431,54.4189425],[18.5928705,54.4193867]]},"properties":{"amenity":"school","barrier":"fence","landuse":"education","name":"British International School Gdańsk"}},
{"type":"Feature","geometry":{"type":"LineString","coordinates":[[18.5862532,54.4183477],[18.5881028,54.4188298],[18.5884875,54.418317],[18.5886948,54.4180434],[18.5882191,54.4179239],[18.5878636,54.4178313],[18.5871207,54.4176426],[18.5870725,54.4177109],[18.5868576,54.4176565],[18.5868381,54.4176848],[18.5868187,54.4177127],[18.5867575,54.4177952],[18.586725,54.417785],[18.5865093,54.4177382],[18.5865066,54.4177428],[18.5863835,54.417936],[18.5862383,54.418129],[18.5862365,54.4181316],[18.5863867,54.4181684],[18.5862946,54.4182935],[18.5862532,54.4183477]]},"properties":{"amenity":"school","landuse":"education","name":"Szkoła Podstawowa nr 60"}},
{"type":"Feature","geometry":{"type":"LineString","coordinates":[[18.5215685,54.3960301],[18.5218275,54.3957769],[18.5224179,54.3960406],[18.5230076,54.3962065],[18.5229099,54.3963828],[18.5219984,54.3961808],[18.5215685,54.3960301]]},"properties":{"amenity":"kindergarten","name":"Leśna Baza Wilczek","website":"https://wilczek.edu.pl/"}},
{"type":"Feature","geometry":{"type":"LineString","coordinates":[[18.6021806,54.3113518],[18.6012863,54.3113629],[18.6011106,54.3121291],[18.6019172,54.3121655],[18.6019623,54.3121671],[18.6022057,54.3121766],[18.6022637,54.3121393],[18.6022616,54.3121254],[18.6022559,54.3120918],[18.6021962,54.3117754],[18.6021782,54.3115726],[18.602181,54.3114907],[18.602183,54.3114543],[18.6021806,54.3113518]]},"properties":{"amenity":"kindergarten","barrier":"fence","landuse":"education","name":"Przedszkole nr 80"}},
{"type":"Feature","geometry":{"type":"LineString","coordinates":[[18.5630997,54.3298535],[18.5634252,54.3303018],[18.5633716,54.3303166],[18.5633888,54.3303402],[18.5634398,54.33041],[18.5635062,54.330504],[18.5631889,54.3305806],[18.5631574,54.3305303],[18.5630186,54.3305679],[18.5630636,54.33063],[18.5629861,54.3306495],[18.5629817,54.3306432],[18.5628495,54.330458],[18.5625835,54.3300589],[18.5624887,54.3299397],[18.5630997,54.3298535]]},"properties":{"amenity":"kindergarten","name":"Przedszkole Fantazja"}},
{"type":"Feature","geometry":{"type":"LineString","coordinates":[[18.5581333,54.4064054],[18.5587575,54.406456],[18.5589228,54.4064694],[18.5588989,54.4065689],[18.559055,54.406583],[18.5590466,54.4066145],[18.5593802,54.4066432],[18.5593151,54.4069052],[18.5593122,54.4069219],[18.5593084,54.4069339],[18.5592603,54.4071427],[18.559223,54.4071586],[18.5591784,54.407155],[18.5591565,54.407153],[18.5586317,54.4071086],[18.5585533,54.407102],[18.5582465,54.4070745],[18.5582131,54.4070717],[18.5581881,54.4070698],[18.5580332,54.407058],[18.5579902,54.407047],[18.5579526,54.4070227],[18.5579221,54.4069961],[18.5579058,54.4069677],[18.5579084,54.406839],[18.5581333,54.4064054]]},"properties":{"addr:city":"Gdańsk","addr:housenumber":"130","addr:postcode":"80-322","addr:street":"Polanki","amenity":"school","contact:facebook":"https://www.facebook.com/vlogdansk/","contact:youtube":"https://www.youtube.com/channel/UCA8Y-yevsJs3cm2ij_PgihA/featured","email":"sekretariat@lo5.edu.gdansk.pl","isced:level":"3","name":"V Liceum Ogólnokształcące w Gdańsku im. Stefana Żeromskiego","operator":"Miasto Gdańsk","operator:type":"public","phone":"+48 58 552 11 91","website":"https://www.vlo.gda.pl/"}},
{"type":"Feature","geometry":{"type":"LineString","coordinates":[[18.554917,54.4074314],[18.555799,54.4075631],[18.5556701,54.4078634],[18.5557375,54.4079679],[18.5557576,54.4080005],[18.5558129,54.4080903],[18.5558482,54.4081673],[18.5558619,54.4081657],[18.5558801,54.4082042],[18.5554197,54.4081821],[18.5552979,54.4081744],[18.5551799,54.4081397],[18.5547101,54.4080034],[18.554673,54.4079844],[18.554917,54.4074314]]},"properties":{"amenity":"school"}},
{"type":"Feature","geometry":{"type":"LineString","coordinates":[[18.5570735,54.4095068],[18.5569908,54.409586],[18.5569755,54.4097292],[18.5569634,54.4098185],[18.5572103,54.4098443],[18.5576902,54.4098936],[18.5583937,54.409967],[18.5584745,54.4097181],[18.5584674,54.409679],[18.5576922,54.4095221],[18.557359,54.4094482],[18.5572655,54.409446],[18.5571709,54.4094702],[18.5570735,54.4095068]]},"properties":{"amenity":"school","landuse":"education","name":"Niepubliczna Szkoła Podstawowa \"Fregata\"","website":"https://fregata.edu.pl/"}},
{"type":"Feature","geometry":{"type":"LineString","coordinates":[[18.6128601,54.3835326],[18.6128162,54.3834476],[18.6129751,54.3834195],[18.61304,54.3835403],[18.6129985,54.3835516],[18.6130708,54.3836099],[18.6129488,54.3836606],[18.6128897,54.3835759],[18.6128601,54.3835326]]},"properties":{"addr:city":"Gdańsk","addr:housenumber":"14","addr:postcode":"80-438","addr:street":"Aldony","amenity":"kindergarten","name":"Akademia Malucha","nursery":"yes","opening_hours":"06:30-17:30","operator":"Akademia Malucha - klub dziecięcy","preschool":"no","website":"https://www.akademiamalucha.gda.pl/moduly,zlobek_gdansk_wrzeszcz.html"}},
{"type":"Feature","geometry":{"type":"LineString","coordinates":[[18.5841579,54.4249271],[18.5858291,54.424091],[18.5859556,54.4240193],[18.5859902,54.4239996],[18.5859427,54.4238575],[18.5859303,54.4237539],[18.5855244,54.4237925],[18.5854987,54.4237023],[18.5852236,54.423726],[18.5850938,54.4237378],[18.585081,54.4237392],[18.5850422,54.4236244],[18.5846667,54.4236597],[18.5845992,54.4236354],[18.5845924,54.4236323],[18.5845118,54.4235152],[18.5844976,54.423488999999999],[18.5844833,54.4234422],[18.5835382,54.4235342],[18.5834915,54.4235388],[18.5836828,54.4242679],[18.583684,54.4242725],[18.5837964,54.4247008],[18.5840781,54.424916],[18.5841579,54.4249271]]},"properties":{"addr:city":"Gdańsk","addr:housenumber":"13","addr:postcode":"80-347","addr:street":"Orłowska","amenity":"school","barrier":"fence","landuse":"education","name":"Szkoła Podstawowa nr 77","operator":"Miasto Gdańsk","operator:type":"government","operator:wikidata":"Q1792","website":"https://www.zkpig7.pl/"}},
{"type":"Feature","geometry":{"type":"LineString","coordinates":[[18.5839685,54.408604],[18.5843825,54.4085484],[18.5855481,54.4083906],[18.5854307,54.4076118],[18.5847297,54.4075243],[18.5846965,54.4075202],[18.5845991,54.4077877],[18.5843962,54.4077818],[18.5843859,54.4078303],[18.5842376,54.4078128],[18.5839023,54.4077755],[18.5838115,54.407766],[18.5837531,54.4077599],[18.5835094,54.4082946],[18.5837007,54.408326],[18.5838433,54.4084153],[18.5839685,54.408604]]},"properties":{"addr:city":"Gdańsk","addr:housenumber":"6","addr:postcode":"80-380","addr:street":"Zgody II","amenity":"school","name":"Zespół Szkół Specjalnych nr 2","operator":"Miasto Gdańsk","operator:type":"public","website":"http://www.zssp2.eu/"}},
{"type":"Feature","geometry":{"type":"LineString","coordinates":[[18.5865787,54.408036],[18.5865432,54.4081132],[18.5865004,54.4081713],[18.5864357,54.4082226],[18.5863528,54.4082641],[18.5863006,54.4082813],[18.5862558,54.4082935],[18.585593,54.4083843],[18.5854892,54.4076188],[18.5865886,54.4077642],[18.5866763,54.4077758],[18.5865787,54.408036]]},"properties":{"addr:city":"Gdańsk","addr:housenumber":"35A","addr:postcode":"80-379","addr:street":"Śląska","amenity":"kindergarten","barrier":"fence","name":"Przedszkole nr 49 Miś","operator":"Miasto Gdańsk","preschool":"yes"}},
{"type":"Feature","geometry":{"type":"LineString","coordinates":[[18.5918704,54.3024031],[18.591345,54.3025694],[18.5911708,54.3023856],[18.5906271,54.3017986],[18.5913813,54.3019319],[18.5916379,54.3021918],[18.5917278,54.3022286],[18.5918605,54.3023702],[18.5918704,54.3024031]]},"properties":{"addr:city":"Borkowo","addr:housenumber":"1","addr:postcode":"80-180","addr:street":"Lawendowa","amenity":"kindergarten","description":"Żłobek i przedszkole MegaMocni Borkowo","name":"MegaMocni","nursery":"yes","opening_hours":"Mo-Fr 06:00-17:30","operator":"MegaMocni","phone":"+48 506 562 053","preschool":"yes","strapline":"żłobek i przedszkole","website":"https://megamocni.edu.pl/przedszkole/megamocni-borkowo"}},
{"type":"Feature","geometry":{"type":"LineString","coordinates":[[18.5805232,54.3770476],[18.5805582,54.3769539],[18.5808979,54.3770095],[18.5811839,54.3771913],[18.5812486,54.377233],[18.581798,54.3775882],[18.5819271,54.377672],[18.5819418,54.3776804],[18.5817249,54.3777989],[18.5817252,54.3779368],[18.581123,54.3779079],[18.5805116,54.3778854],[18.580555,54.3777276],[18.5805607,54.3777049],[18.5803186,54.3776846],[18.5804328,54.3773059],[18.5805232,54.3770476]]},"properties":{"addr:city":"Gdańsk","addr:housenumber":"10","addr:postcode":"80-282","addr:street":"Srebrniki","amenity":"school","barrier":"fence","grades":"0-8","landuse":"education","name":"Szkoła Podstawowa nr 27 im. Dzieci Zjednoczonej Europy","website":"https://sp27gdansk.pl/"}},
{"type":"Feature","geometry":{"type":"LineString","coordinates":[[18.5963146,54.3773417],[18.5958025,54.3774164],[18.5954546,54.3774663],[18.5952811,54.3774934],[18.5951709,54.3772338],[18.5951448,54.3771514],[18.5951123,54.3770382],[18.5950382,54.3764397],[18.5947994,54.3760781],[18.594966199999999,54.3760325],[18.5955921,54.3759239],[18.5961558,54.3769643],[18.5961698,54.3769894],[18.5963146,54.3773417]]},"properties":{"addr:city":"Gdańsk","addr:housenumber":"7","addr:postcode":"80-255","addr:street":"Topolowa","alt_name":"Topolówka","amenity":"school","barrier":"fence","isced:level":"3","name":"III Liceum Ogólnokształcące z Oddziałami Dwujęzycznymi im. Bohaterów Westerplatte","operator":"Miasto Gdańsk","operator:type":"public","website":"https://zso13.edu.gdansk.pl/"}},
{"type":"Feature","geometry":{"type":"LineString","coordinates":[[18.5599021,54.4359204],[18.5599013,54.4359148],[18.559912,54.435898],[18.559751,54.435863],[18.559744,54.435873],[18.559683,54.43586],[18.5595715,54.4358016],[18.5591461,54.4357428],[18.5590409,54.4357304],[18.5589773,54.4357308],[18.5588751,54.4357435],[18.5587925,54.435766],[18.5585412,54.4358645],[18.5583956,54.4362163],[18.5583166,54.4364026],[18.5587646,54.4364983],[18.5587392,54.4365365],[18.5585684,54.4368014],[18.5588531,54.4368691],[18.5589448,54.4367276],[18.5589541,54.4367109],[18.5593536,54.436796],[18.5592659,54.4372252],[18.5593181,54.4372303],[18.5597624,54.4372706],[18.5598008,54.4372738],[18.5598181,54.4371916],[18.5598242,54.4371626],[18.5598562,54.4370112],[18.5598833,54.4368825],[18.5598949,54.4368274],[18.5597698,54.4368137],[18.5598225,54.4366052],[18.5599309,54.4366148],[18.5600051,54.4364008],[18.5599914,54.4363661],[18.5600154,54.4363027],[18.5599631,54.4362861],[18.5599658,54.436262],[18.5600064,54.4360899],[18.5598739,54.4360803],[18.55983,54.4360774],[18.5599021,54.4359204]]},"properties":{"addr:city":"Sopot","addr:housenumber":"50-54","addr:postcode":"81-843","addr:street":"Armii Krajowej","amenity":"school","name":"Szkoła Podstawowa z Oddziałami Integracyjnymi nr 1 im. Armii Krajowej w Sopocie","website":"https://sp1sopot.eu/"}},
{"type":"Feature","geometry":{"type":"LineString","coordinates":[[18.4534911,54.4175822],[18.4534021,54.4173368],[18.4534478,54.4173367],[18.4534684,54.4173253],[18.453464,54.4172696],[18.4535259,54.4172672],[18.4540525,54.4172468],[18.4542558,54.4172383],[18.4542772,54.4174128],[18.4542069,54.4174973],[18.4534911,54.4175822]]},"properties":{"amenity":"kindergarten","landuse":"education","name":"Happy Kids Osowa"}},
{"type":"Feature","geometry":{"type":"LineString","coordinates":[[18.5978322,54.3325618],[18.5978485,54.3324115],[18.5978292,54.3324116],[18.5978294,54.3324015],[18.5978206,54.3318239],[18.5978205,54.33182],[18.5976827,54.3318218],[18.5976014,54.3318276],[18.5975217,54.3318484],[18.5972215,54.3319955],[18.5969933,54.3321024],[18.5969221,54.3321552],[18.5968896,54.332217],[18.5968918,54.3322884],[18.5969111,54.3324672],[18.5969929,54.3325102],[18.5970115,54.3326681],[18.5971294,54.3326815],[18.5977396,54.3327487],[18.5977549,54.3327138],[18.597762,54.332696],[18.597882,54.332713],[18.5979248,54.332596],[18.5977433,54.3325699],[18.5977509,54.3325499],[18.5978322,54.3325618]]},"properties":{"amenity":"school","landuse":"education"}},
{"type":"Feature","geometry":{"type":"LineString","coordinates":[[18.621341,54.374709],[18.6218996,54.3752125],[18.6221894,54.3754687],[18.6223239,54.3755836],[18.622345,54.3755925],[18.6223775,54.3755892],[18.623447,54.3752359],[18.6234642,54.3752214],[18.6234719,54.3752047],[18.6235917,54.3748635],[18.6236015,54.374848],[18.6236194,54.3748251],[18.6237608,54.3746453],[18.6239158,54.3745009],[18.6233207,54.3741683],[18.6226189,54.3744308],[18.6224438,54.3743247],[18.6220541,54.3740858],[18.6212276,54.3745706],[18.621266,54.374643],[18.621341,54.374709]]},"properties":{"amenity":"school","landuse":"education","name":"Szkoły Okrętowe i Techniczne Conradinum"}},
{"type":"Feature","geometry":{"type":"LineString","coordinates":[[18.6295729,54.4096821],[18.6300216,54.4101681],[18.6301273,54.4102837],[18.6302016,54.4103641],[18.6302095,54.4103618],[18.630267,54.410342],[18.6303383,54.4103172],[18.6304289,54.4102876],[18.6309187,54.4101126],[18.6312873,54.4100846],[18.6314744,54.4096635],[18.6311017,54.409599],[18.631094,54.4094869],[18.6310864,54.4093772],[18.6310623,54.4092704],[18.6310353,54.4092983],[18.6309898,54.4093009],[18.6308746,54.4093075],[18.6308032,54.4092883],[18.6301845,54.4093312],[18.6301354,54.4093346],[18.6301772,54.4095529],[18.6298796,54.4096116],[18.6295729,54.4096821]]},"properties":{"amenity":"school","barrier":"fence","name":"Szkoła Podstawowa nr 20 im. Jana Grudzińskiego"}},
{"type":"Feature","geometry":{"type":"LineString","coordinates":[[18.5792263,54.4031733],[18.579242,54.4031464],[18.579315,54.4030212],[18.5792793,54.4030129],[18.5793958,54.4028234],[18.5794457,54.4028345],[18.5794769,54.402804],[18.5799757,54.402923],[18.5801708,54.402603],[18.5806409,54.4027106],[18.5805573,54.4028609],[18.5802874,54.4033682],[18.5797466,54.4032689],[18.5792263,54.4031733]]},"properties":{"amenity":"kindergarten","name":"Przedszkole niepubliczne Stokrotka","name:etymology:wikidata":"Q26158"}},
{"type":"Feature","geometry":{"type":"LineString","coordinates":[[18.6115667,54.3866748],[18.6116168,54.38661],[18.6115939,54.3866029],[18.6116076,54.3865874],[18.6116238,54.3865691],[18.6116378,54.3865529],[18.6116584,54.3865303],[18.6117001,54.3864825],[18.6116762,54.3864752],[18.6117723,54.3863676],[18.6117846,54.3863711],[18.6119112,54.3862298],[18.6119044,54.3862277],[18.6120739,54.3860368],[18.6120818,54.3860386],[18.6122075,54.3858969],[18.6122099,54.3858943],[18.612366,54.3859419],[18.6123635,54.3859446],[18.6124441,54.3859692],[18.6129189,54.386117],[18.6128115,54.3865396],[18.612348,54.3865005],[18.6122048,54.3866648],[18.6121569,54.3866863],[18.6121017,54.3866699],[18.6120641,54.3867122],[18.61204,54.3867393],[18.6119277,54.386705],[18.6118725,54.3867642],[18.6115667,54.3866748]]},"properties":{"amenity":"school","email":"sekretariat@sp49.edu.gdansk.pl","isced:level":"1;2","name":"Szkoła Podstawowa nr 49 im. ks. Bronisława Komorowskiego","name:etymology:wikidata":"Q481432","operator:type":"government","source":"https://rspo.men.gov.pl/rspo/11179","source:date":"2020-09-02","website":"http://sp49gdansk.edupage.org/"}},
{"type":"Feature","geometry":{"type":"LineString","coordinates":[[18.4976008,54.2854421],[18.497547,54.285865],[18.4979921,54.2858916],[18.4980538,54.28543],[18.4976008,54.2854421]]},"properties":{"amenity":"kindergarten"}},
{"type":"Feature","geometry":{"type":"LineString","coordinates":[[18.611053,54.379044],[18.6110099,54.379057],[18.6108389,54.3790082],[18.6106636,54.3787576],[18.6104742,54.3785577],[18.610582,54.3785272],[18.6110743,54.3783881],[18.6114522,54.3789436],[18.6111491,54.3790203],[18.611053,54.379044]]},"properties":{"amenity":"kindergarten","name":"Przedszkole nr 7","phone":"+48 58 3413894"}},
{"type":"Feature","geometry":{"type":"LineString","coordinates":[[18.6137309,54.3773245],[18.6135885,54.3773723],[18.6135949,54.3773788],[18.6134899,54.3774139],[18.6134375,54.3773608],[18.6133822,54.377302],[18.613231,54.3773537],[18.6132426,54.3773668],[18.6130575,54.3774257],[18.6130471,54.3774153],[18.61269,54.3775302],[18.6126751,54.377515],[18.6124921,54.3775707],[18.6125355,54.3776165],[18.6126133,54.3776366],[18.61259,54.3776685],[18.6125662,54.3776933],[18.6132041,54.3783059],[18.6132141,54.3783034],[18.6134186,54.3782361],[18.6136305,54.3784498],[18.6137413,54.3785731],[18.6139866,54.3784861],[18.6147751,54.3781933],[18.614739,54.3781611],[18.614674,54.3781035],[18.6147404,54.3780733],[18.6144431,54.3778785],[18.6144656,54.3778669],[18.6144319,54.3778263],[18.6144761,54.377814],[18.614185,54.3774662],[18.6140845,54.3773481],[18.6140155,54.3772658],[18.6139958,54.3772575],[18.6137404,54.3773341],[18.6137309,54.3773245]]},"properties":{"amenity":"school","landuse":"education","name":"Szkoła Podstawowa nr 17"}},
{"type":"Feature","geometry":{"type":"LineString","coordinates":[[18.6659881,54.4003499],[18.6663987,54.4002096],[18.6668038,54.4000743],[18.666803,54.4000735],[18.6667202,54.3999922],[18.66644,54.3997194],[18.6663674,54.3997471],[18.6661917,54.3995811],[18.6661377,54.3995128],[18.666002,54.3993777],[18.6653,54.3996646],[18.6659881,54.4003499]]},"properties":{"addr:city":"Gdańsk","addr:housenumber":"26","addr:postcode":"80-538","addr:street":"Wolności","amenity":"kindergarten","barrier":"fence","name":"Przedszkole nr 23","operator":"Urząd Miasta Gdańsk","operator:type":"public","phone":"+48 583464949","preschool":"yes"}},
{"type":"Feature","geometry":{"type":"LineString","coordinates":[[18.6077952,54.3955093],[18.6068476,54.3960126],[18.6069717,54.396357],[18.6069877,54.3964017],[18.6069929,54.3964161],[18.6070246,54.3965007],[18.6071637,54.3965309],[18.6075192,54.3965728],[18.6075369,54.396571],[18.607876,54.3965355],[18.6078749,54.3965222],[18.6079357,54.396529],[18.6080178,54.3966513],[18.6082977,54.396713],[18.6079385,54.3958761],[18.6077952,54.3955093]]},"properties":{"amenity":"kindergarten","fax":"+48 58 346 56 64","isced:level":"1;2","landuse":"education","name":"Przedszkole nr 5 \"Róża Wiatrów\"","official_name":"Przedszkole nr 5 w Gdańsku","phone":"+48 58 346 56 64","ref:rspo":"7308","website":"http://pr5.edu.gdansk.pl"}},
{"type":"Feature","geometry":{"type":"LineString","coordinates":[[18.6128347,54.3852773],[18.6138444,54.3845103],[18.6138952,54.3844722],[18.6143776,54.3846621],[18.6143098,54.384712],[18.6148503,54.3849301],[18.6151823,54.3849709],[18.6152386,54.3853465],[18.615266,54.3855322],[18.6152433,54.3855333],[18.6150196,54.3855211],[18.6136975,54.3853973],[18.6135496,54.3854828],[18.6130849,54.38542],[18.6128662,54.3853301],[18.6128347,54.3852773]]},"properties":{"addr:city":"Gdańsk","addr:housenumber":"7","addr:street":"Aleja Legionów","amenity":"school","grades":"1-5","name":"Zespół Szkół Gastronomiczno-Hotelarskich","website":"zsgh.edu.gdansk.pl"}},
{"type":"Feature","geometry":{"type":"LineString","coordinates":[[18.6027908,54.3782451],[18.6029324,54.3784211],[18.6030711,54.3786051],[18.6031519,54.3786941],[18.6031394,54.3788151],[18.6031185,54.3788213],[18.6028987,54.3788857],[18.6027947,54.3789153],[18.6027339,54.3788636],[18.6025581,54.3786577],[18.6025378,54.3786122],[18.6025186,54.3785904],[18.6022833,54.3783198],[18.6026586,54.3782644],[18.6027908,54.3782451]]},"properties":{"amenity":"school","isced:level":"3","name":"Szkoła Muzyczna II stopnia imienia Fryderyka Chopina","opening_hours":"Mo-Fr 8:00-20:00; Sa 9:00-14:00","phone":"+48 58 341 42 20","website":"http://zsm-gdansk.edu.pl/","wheelchair":"yes"}},
{"type":"Feature","geometry":{"type":"LineString","coordinates":[[18.5939295,54.3904532],[18.5938029,54.3903906],[18.5937572,54.3903678],[18.5935268,54.3902553],[18.5936394,54.3901838],[18.5938598,54.3900421],[18.5941129,54.3900988],[18.5941515,54.3901052],[18.5941955,54.3901125],[18.5944795,54.3901597],[18.594368,54.3903882],[18.594349,54.3904271],[18.5943304,54.3904247],[18.5942806,54.3905329],[18.5940589,54.3905001],[18.5939295,54.3904532]]},"properties":{"amenity":"kindergarten","landuse":"education","name":"Publiczne Pozytywne Przedszkole nr 12 w Gdańsku","start_date":"2023-09"}},
{"type":"Feature","geometry":{"type":"LineString","coordinates":[[18.6513076,54.3583509],[18.651308,54.358313],[18.651308,54.358309],[18.651312,54.358309],[18.651313,54.358284],[18.651309,54.358284],[18.651309,54.358279],[18.651313,54.358279],[18.651313,54.358234],[18.651309,54.358234],[18.651309,54.35823],[18.651316,54.35823],[18.6513315,54.3580693],[18.651518,54.3578717],[18.6519991,54.3580359],[18.6518792,54.3581511],[18.6518418,54.3582298],[18.6518412,54.3583531],[18.6516289,54.3583522],[18.6513076,54.3583509]]},"properties":{"addr:city":"Gdańsk","addr:country":"PL","addr:housenumber":"36","addr:postcode":"80-858","addr:street":"Wałowa","amenity":"kindergarten","name":"Przedszkole nr 35","source:addr":"Urząd Miasta Gdańsk","website":"https://p35.edu.gdansk.pl/pl"}},
{"type":"Feature","geometry":{"type":"LineString","coordinates":[[18.6267143,54.4031197],[18.6259497,54.4021662],[18.6271299,54.4020974],[18.6278519,54.4020507],[18.6279573,54.4027754],[18.627965,54.4028222],[18.627977,54.4028935],[18.6279992,54.403035],[18.6278966,54.4030424],[18.627529,54.403067],[18.6274293,54.4030736],[18.6269754,54.4031039],[18.6267143,54.4031197]]},"properties":{"addr:city":"Gdańsk","addr:country":"PL","addr:postcode":"80-506","addr:street":"Dworska","amenity":"school","email":"szkola@gedanensis.edu.pl","name":"Podstawowa Szkoła Gedanensis","opening_hours":"Mo-Fr 07:30-14:30; Sa-Su off","phone":"+48509385107;+48583205674","website":"https://gedanensis.edu.pl/"}},
{"type":"Feature","geometry":{"type":"LineString","coordinates":[[18.5900206,54.413747],[18.5900726,54.4135832],[18.5901254,54.4134597],[18.5903779,54.412821],[18.5904086,54.4128264],[18.5904495,54.4128334],[18.5905062,54.412843],[18.5905179,54.412845],[18.591193,54.4129637],[18.5911282,54.4130864],[18.5912587,54.4131218],[18.5912577,54.4131439],[18.5912401,54.41355],[18.5911979,54.4138798],[18.5900206,54.413747]]},"properties":{"addr:city":"Gdańsk","addr:housenumber":"5A","addr:postcode":"80-371","addr:street":"Jagiellońska","amenity":"kindergarten","barrier":"fence","email":"beata.szulc@montessori.gda.pl","name":"Chrześcijańska Szkoła Podstawowa i Przedszkole Montessori","phone":"695 640 509","preschool":"yes","website":"https://www.montessori.gda.pl/przymorze/"}},
{"type":"Feature","geometry":{"type":"LineString","coordinates":[[18.5658878,54.4043606],[18.5658082,54.4044671],[18.5656563,54.4046834],[18.5660307,54.4047427],[18.5664788,54.4048145],[18.5664843,54.4048009],[18.5666472,54.4045842],[18.5665253,54.4045539],[18.5665427,54.4045299],[18.5658878,54.4043606]]},"properties":{"amenity":"kindergarten"}},
{"type":"Feature","geometry":{"type":"LineString","coordinates":[[18.5665427,54.4045299],[18.5665253,54.4045539],[18.5666472,54.4045842],[18.5666724,54.4045502],[18.5667991,54.404379],[18.5669032,54.4042384],[18.5669366,54.4041933],[18.566417,54.4040618],[18.5662403,54.4042877],[18.5659903,54.4042233],[18.5658878,54.4043606],[18.5665427,54.4045299]]},"properties":{"amenity":"kindergarten","landuse":"education"}},
{"type":"Feature","geometry":{"type":"LineString","coordinates":[[18.5599428,54.4058847],[18.5603034,54.4059433],[18.5607658,54.4060337],[18.5606927,54.4061874],[18.5606629,54.4061834],[18.5605699,54.4061691],[18.5605695,54.4061699],[18.5603048,54.4061346],[18.5602367,54.406299],[18.5600802,54.4062736],[18.5601135,54.4061987],[18.5599913,54.4061787],[18.5599403,54.4062818],[18.5598907,54.4062749],[18.5598432,54.4062539],[18.5598918,54.4060725],[18.5598966,54.4060625],[18.5599181,54.4059757],[18.5599428,54.4058847]]},"properties":{"amenity":"school","barrier":"fence","landuse":"education","name":"I Społeczna Szkoła Podstawowa","school":"primary"}},
{"type":"Feature","geometry":{"type":"LineString","coordinates":[[18.5571189,54.4386114],[18.5563303,54.4385726],[18.5563067,54.4387348],[18.5565787,54.4387481],[18.5565746,54.4387765],[18.5570912,54.4388019],[18.5571189,54.4386114]]},"properties":{"amenity":"kindergarten"}},
{"type":"Feature","geometry":{"type":"LineString","coordinates":[[18.5719011,54.4353188],[18.5718461,54.4353008],[18.571825,54.4352942],[18.5716092,54.435227],[18.5714785,54.4351849],[18.570697,54.434934],[18.570569,54.434894],[18.5705591,54.4348901],[18.5705346,54.4349205],[18.5704778,54.4349943],[18.5703969,54.4350017],[18.5702612,54.4350137],[18.5702246,54.4350646],[18.5702294,54.435066],[18.5702459,54.43507],[18.5702079,54.4351194],[18.5699431,54.4354762],[18.5702122,54.4355309],[18.5701919,54.4355795],[18.5701423,54.4357142],[18.5700295,54.4357495],[18.5699209,54.4361154],[18.5699768,54.4361353],[18.5700364,54.4361567],[18.570038,54.4361552],[18.5701226,54.4361837],[18.5701204,54.4361859],[18.570362,54.4362687],[18.5704525,54.436141],[18.5704798,54.4361472],[18.5706254,54.4359631],[18.570667,54.4359087],[18.5709011,54.4358417],[18.5711043,54.4358852],[18.5712505,54.4358417],[18.5714769,54.4356599],[18.5718288,54.4353763],[18.5719011,54.4353188]]},"properties":{"amenity":"school","email":"zielonaosemka@wp.pl","landuse":"education","name":"Szkoła Podstawowa z Oddziałami Integracyjnymi nr 8 im. Jana Matejki","website":"https://sp8sopot.edupage.org"}},
{"type":"Feature","geometry":{"type":"LineString","coordinates":[[18.5965522,54.393287],[18.5968044,54.3931375],[18.5968799,54.3931317],[18.5971563,54.3931726],[18.5973693,54.3930424],[18.5977179,54.3930676],[18.5980562,54.3935936],[18.5979615,54.3936173],[18.5973082,54.3935185],[18.5966174,54.393414],[18.5965522,54.393287]]},"properties":{"amenity":"kindergarten","barrier":"fence","landuse":"education","name":"Żłobek nr 4 Nutka"}},
{"type":"Feature","geometry":{"type":"LineString","coordinates":[[18.5592144,54.4225832],[18.5590866,54.4226027],[18.5585554,54.4216625],[18.5585655,54.4216608],[18.5589312,54.4215993],[18.5603883,54.421352],[18.5603466,54.4211519],[18.5610066,54.4210296],[18.5611087,54.4212287],[18.5612275,54.4214389],[18.5613283,54.4215395],[18.5615068,54.4217176],[18.561604,54.4218139],[18.5617267,54.4219354],[18.5617194,54.4219361],[18.5612318,54.4219812],[18.5609732,54.4220052],[18.5607629,54.4220087],[18.5604658,54.4220432],[18.5601532,54.422084],[18.5602754,54.4223248],[18.5604206,54.4226013],[18.5601211,54.4227194],[18.5598965,54.4227872],[18.5597946,54.4228102],[18.5597278,54.4228253],[18.5595816,54.4225728],[18.5595305,54.4225438],[18.5593214,54.4225424],[18.5592679,54.4225466],[18.5592144,54.4225832]]},"properties":{"alt_name":"Zespół Szkół Architektury Krajobrazu i Handlowo-Usługowych","amenity":"school","landuse":"education","name":"Zespół Szkół Architektury Krajobrazu i Handlowo-Usługowych im. Władysława Szafera","website":"https://zsakhu.edu.gdansk.pl/pl"}},
{"type":"Feature","geometry":{"type":"LineString","coordinates":[[18.5722011,54.3579757],[18.5738254,54.3580381],[18.5739734,54.3580437],[18.5739749,54.3580208],[18.5739639,54.3579873],[18.573941,54.3579557],[18.5739112,54.3579303],[18.5736942,54.3577451],[18.5737449,54.3577207],[18.5738622,54.3576644],[18.5739746,54.3577363],[18.5743177,54.3578294],[18.5743412,54.3578362],[18.5743611,54.3578421],[18.574379,54.3579131],[18.5744669,54.3579315],[18.5745752,54.3578937],[18.5748642,54.3579688],[18.5755067,54.3580813],[18.5755294,54.3580953],[18.5759091,54.3582443],[18.5759013,54.3585529],[18.575871,54.3586565],[18.5758327,54.3587661],[18.5757301,54.3589388],[18.5756103,54.3589771],[18.5753343,54.3590653],[18.5751443,54.3590277],[18.5750139,54.3589445],[18.5744852,54.3587045],[18.5742599,54.3585489],[18.5739856,54.3586776],[18.573893,54.358772],[18.5728973,54.3591426],[18.5724386,54.3591322],[18.5723646,54.3591256],[18.5721674,54.3591101],[18.5721668,54.3590845],[18.5720753,54.3590738],[18.5720651,54.3588037],[18.5720641,54.3586312],[18.5721041,54.3585944],[18.5722011,54.3579757]]},"properties":{"amenity":"school","barrier":"fence","name":"Szkoła Podstawowa Nr 2"}},
{"type":"Feature","geometry":{"type":"LineString","coordinates":[[18.5733946,54.3883112],[18.5736874,54.388151],[18.5738614,54.3880478],[18.5738886,54.388029],[18.5739802,54.3879692],[18.5741955,54.3878304],[18.5742613,54.387788],[18.5750083,54.3872997],[18.5751589,54.3872019],[18.5752515,54.3872515],[18.5754687,54.387367],[18.5753918,54.3883674],[18.5750195,54.3885983],[18.57491,54.388666],[18.574455,54.3889523],[18.5743879,54.3889119],[18.5733946,54.3883112]]},"properties":{"amenity":"school","barrier":"fence","landuse":"education","name":"Gdańska Szkoła Szermierki","ref:rspo":"266576"}},
{"type":"Feature","geometry":{"type":"LineString","coordinates":[[18.7432913,54.3244912],[18.7413746,54.3240001],[18.7425155,54.323645],[18.742588,54.323608],[18.7433188,54.3239509],[18.743569,54.3240833],[18.7432913,54.3244912]]},"properties":{"amenity":"school","name":"Szkoła Podstawowa w Przejazdowie"}},
{"type":"Feature","geometry":{"type":"LineString","coordinates":[[18.7192252,54.293053],[18.7191814,54.2933324],[18.7191736,54.2933899],[18.7203464,54.2935116],[18.7200701,54.2938889],[18.7205791,54.2940122],[18.7213369,54.2931487],[18.7204054,54.2929152],[18.7194599,54.2928377],[18.7193902,54.29306],[18.7192252,54.293053]]},"properties":{"amenity":"school","name":"Szkoła Podstawowa im. Danuty Siedzikówny \"Inki\" w Wiślinie","website":"https://wislina.szkolnastrona.pl/index.php"}},
{"type":"Feature","geometry":{"type":"LineString","coordinates":[[18.5781812,54.4009777],[18.5780671,54.4009521],[18.5781243,54.4008653],[18.5786249,54.400986],[18.5786399,54.4009909],[18.578583,54.401069],[18.5783125,54.4010075],[18.5781812,54.4009777]]},"properties":{"amenity":"kindergarten","barrier":"fence","name":"Przedszkole"}},
{"type":"Feature","geometry":{"type":"LineString","coordinates":[[18.5992332,54.3770088],[18.5994623,54.3767808],[18.5995546,54.376676],[18.5996497,54.3765705],[18.6001585,54.3760178],[18.6007155,54.3760744],[18.6014498,54.3767427],[18.6009814,54.3769284],[18.6004131,54.3771527],[18.6002927,54.3772002],[18.5997209,54.377428],[18.5992332,54.3770088]]},"properties":{"amenity":"school","barrier":"fence","name":"Zespół Szkół Specjalnych nr 1","website":"https://zss1.edu.gdansk.pl/pl"}},
{"type":"Feature","geometry":{"type":"LineString","coordinates":[[18.6016439,54.3772178],[18.6021345,54.3770242],[18.6021192,54.3769172],[18.6024241,54.376786],[18.6029465,54.3772449],[18.6031427,54.3771987],[18.603199,54.377208],[18.6032874,54.3773047],[18.6031722,54.3773435],[18.6032354,54.3774028],[18.6032592,54.377427],[18.6032983,54.3774665],[18.6029948,54.3775759],[18.6028989,54.3776118],[18.6028797,54.3775946],[18.6027844,54.3776323],[18.6027191,54.3776588],[18.6026777,54.3776752],[18.6026955,54.3776904],[18.6022821,54.3778161],[18.6022352,54.3777727],[18.6022312,54.3777681],[18.6021619,54.377701],[18.6019621,54.3775137],[18.6016439,54.3772178]]},"properties":{"amenity":"school","name":"Szkoła Podstawowa nr 45 im. Bohaterów Westerplatte","website":"https://sp45.edu.gdansk.pl/pl"}},
{"type":"Feature","geometry":{"type":"LineString","coordinates":[[18.5532038,54.3331238],[18.5532239,54.333118],[18.5532293,54.3331243],[18.5532351,54.3331309],[18.5533697,54.3331545],[18.5539184,54.3329896],[18.5534522,54.3324821],[18.5533059,54.3325224],[18.5533863,54.3326169],[18.5528838,54.3327703],[18.5529149,54.3328047],[18.5532038,54.3331238]]},"properties":{"amenity":"kindergarten","barrier":"fence"}},
{"type":"Feature","geometry":{"type":"LineString","coordinates":[[18.5904286,54.3016427],[18.5906066,54.3013292],[18.5912796,54.3014615],[18.5913488,54.3015019],[18.5913913,54.3017161],[18.5913222,54.3018124],[18.5907207,54.3016976],[18.5905882,54.3016726],[18.5904693,54.3016503],[18.5904286,54.3016427]]},"properties":{"amenity":"kindergarten","name":"Kasztanowe"}},
{"type":"Feature","geometry":{"type":"LineString","coordinates":[[18.6518783,54.348083],[18.6518965,54.3481007],[18.6519914,54.3480726],[18.652063,54.3481191],[18.6522561,54.3480512],[18.6524772,54.3482685],[18.6523481,54.3483054],[18.6520086,54.3484023],[18.6519575,54.3484154],[18.6519816,54.3484466],[18.6518533,54.3484874],[18.6517844,54.3484935],[18.6517134,54.3484917],[18.6516678,54.3484787],[18.651582,54.3484379],[18.6514341,54.3482612],[18.651426,54.3482467],[18.651424,54.3482416],[18.6514315,54.3482223],[18.6514595,54.3482087],[18.6514908,54.3482007],[18.6514823,54.348188],[18.6518783,54.348083]]},"properties":{"amenity":"kindergarten"}},
{"type":"Feature","geometry":{"type":"LineString","coordinates":[[18.649486,54.34898],[18.649429,54.348899],[18.6494089,54.3488682],[18.6493012,54.3487157],[18.6497478,54.3485768],[18.6499263,54.3488312],[18.6499879,54.3489168],[18.64968,54.348992],[18.649645,54.348942],[18.649486,54.34898]]},"properties":{"amenity":"kindergarten"}},
{"type":"Feature","geometry":{"type":"LineString","coordinates":[[18.5825287,54.4229156],[18.5837685,54.4228034],[18.5839563,54.4234164],[18.5832807,54.4234952],[18.5832712,54.4234627],[18.5832566,54.4234642],[18.5832052,54.4234697],[18.5827197,54.4232983],[18.5825287,54.4229156]]},"properties":{"amenity":"kindergarten","barrier":"fence","landuse":"education","name":"Przedszkole nr 60 im. Jana Brzechwy"}},
{"type":"Feature","geometry":{"type":"LineString","coordinates":[[18.6038085,54.3899186],[18.603566,54.3899362],[18.6032547,54.3900296],[18.6029409,54.3901545],[18.6028797,54.3902286],[18.6028583,54.3902677],[18.6028467,54.3902984],[18.6028381,54.3903209],[18.6028429,54.3903739],[18.6029421,54.3905043],[18.6030948,54.3905583],[18.6032321,54.3905808],[18.6032743,54.3905597],[18.6033494,54.3905701],[18.6033937,54.3905763],[18.6034199,54.390604],[18.6036278,54.3905728],[18.6036914,54.3905413],[18.6037443,54.3904285],[18.6038102,54.390285],[18.6039582,54.3901711],[18.6040331,54.3900642],[18.603998,54.3899902],[18.603938,54.389948],[18.6038085,54.3899186]]},"properties":{"amenity":"kindergarten","barrier":"fence","landuse":"education"}},
{"type":"Feature","geometry":{"type":"LineString","coordinates":[[18.6614236,54.3441228],[18.6608158,54.3442279],[18.6606863,54.3439774],[18.660482,54.3435463],[18.6605022,54.3435266],[18.660514,54.3435237],[18.660949,54.3434168],[18.6611297,54.3435193],[18.6613038,54.3438761],[18.6614236,54.3441228]]},"properties":{"amenity":"kindergarten","barrier":"fence","name":"Przedszkole nr 46 \"Muszelka\""}},
{"type":"Feature","geometry":{"type":"LineString","coordinates":[[18.6450407,54.395631],[18.6451737,54.3953492],[18.6453503,54.3953826],[18.6456462,54.3954935],[18.6456411,54.3955878],[18.6456142,54.3957229],[18.6450407,54.395631]]},"properties":{"addr:city":"Gdańsk","addr:housenumber":"58","addr:postcode":"80-534","addr:street":"Starowiejska","amenity":"kindergarten","construction":"education","construction:amenity":"kindergarten","name":"Norlandia Gdańsk Letnica","operator":"Norlandia","operator:type":"private","phone":"+48 502 458 426","website":"https://norlandiaprzedszkola.pl/"}},
{"type":"Feature","geometry":{"type":"LineString","coordinates":[[18.5937621,54.3936786],[18.5933052,54.3936056],[18.5932729,54.3935898],[18.5932371,54.3935723],[18.5931986,54.3935922],[18.5930401,54.3935699],[18.5921001,54.3934367],[18.5919829,54.3933504],[18.5937058,54.3922906],[18.5940214,54.3923203],[18.5939715,54.392357],[18.5940075,54.3923621],[18.5940351,54.3923667],[18.5940618,54.392349],[18.5940975,54.3923573],[18.594105,54.3923528],[18.594138,54.3923329],[18.5949952,54.3924093],[18.5950056,54.3924162],[18.5950146,54.3924222],[18.595034,54.3924127],[18.5952674,54.3924335],[18.5953397,54.3926418],[18.5952989,54.392695],[18.5952333,54.3927078],[18.5951578,54.3927546],[18.5951171,54.3928071],[18.5950248,54.392837],[18.5949724,54.3928695],[18.5949412,54.3929199],[18.5948475,54.3929469],[18.5948054,54.3929739],[18.5947644,54.3930002],[18.5947962,54.3930458],[18.5941688,54.3934297],[18.5937621,54.3936786]]},"properties":{"addr:city":"Gdańsk","addr:housenumber":"7","addr:postcode":"80-460","addr:street":"Pilotów","amenity":"school","barrier":"fence","contact:facebook":"https://www.facebook.com/xvlowgdansku","email":"sekretariat@lo15.edu.gdansk.pl","isced:level":"3","name":"XV Liceum Ogólnokształcące im. Zjednoczonej Europy z Oddziałami Dwujęzycznymi","operator":"Miasto Gdańsk","operator:type":"public","phone":"+48 58 556 51 95","website":"https://lo15.edu.gdansk.pl"}},
{"type":"Feature","geometry":{"type":"LineString","coordinates":[[18.6422044,54.3453802],[18.6420472,54.3456125],[18.6415354,54.3463813],[18.6423539,54.3463988],[18.6423786,54.3463975],[18.6424412,54.3463941],[18.6425967,54.3464094],[18.6428989,54.3459657],[18.6429169,54.3459393],[18.64301,54.3454522],[18.6429569,54.3454475],[18.6422291,54.3453824],[18.6422044,54.3453802]]},"properties":{"amenity":"school","barrier":"fence","landuse":"education","name":"Szkoła Podstawowa nr 21 im. kpt. ż. w. Karola Olgierda Borchardta","website":"https://sp21.edu.gdansk.pl/"}},
{"type":"Feature","geometry":{"type":"LineString","coordinates":[[18.6136433,54.3911482],[18.6135589,54.3914227],[18.6126763,54.3915415],[18.6123849,54.3914897],[18.6124008,54.3914574],[18.6122685,54.3914407],[18.6120364,54.3912975],[18.6119146,54.3910357],[18.6118085,54.3908331],[18.6119084,54.3907724],[18.612021,54.3907044],[18.6132819,54.3910506],[18.6136433,54.3911482]]},"properties":{"amenity":"school","barrier":"fence","landuse":"education","name":"Niepubliczna Szkoła Podstawowa \"Nasza Szkoła\""}},
{"type":"Feature","geometry":{"type":"LineString","coordinates":[[18.5862869,54.3612982],[18.5861067,54.3611221],[18.5861056,54.3610914],[18.5861043,54.3610514],[18.5861293,54.3610504],[18.5861679,54.3610507],[18.5862237,54.3610404],[18.586254,54.3610199],[18.5863331,54.3609143],[18.5864163,54.3608828],[18.5863753,54.3608465],[18.5869742,54.3606139],[18.5871144,54.3605594],[18.5873967,54.3604345],[18.5875131,54.360386],[18.5875993,54.3604137],[18.5876617,54.3603905],[18.5879107,54.3604905],[18.587913,54.3605023],[18.5879695,54.3605119],[18.5880135,54.3605189],[18.5880521,54.3605286],[18.5882028,54.3606494],[18.5888155,54.3611873],[18.5887907,54.3611965],[18.588816,54.3612189],[18.5888727,54.361269],[18.5888828,54.3612709],[18.5891846,54.3612322],[18.5892684,54.3612799],[18.5892818,54.3612973],[18.5893047,54.361327],[18.5893213,54.3614008],[18.5892797,54.361708900000007],[18.5893011,54.3617422],[18.5893522,54.3617615],[18.5897681,54.3618709],[18.5897652,54.3618796],[18.5890194,54.3629065],[18.5888897,54.362961],[18.5887954,54.3630006],[18.5881219,54.362871],[18.5880022,54.3628434],[18.5879772,54.3628376],[18.5879603,54.3628337],[18.5879189,54.3628241],[18.5878263,54.3628036],[18.5878889,54.3626264],[18.5879427,54.3625045],[18.5879689,54.3623408],[18.5879653,54.36232],[18.5879986,54.362293],[18.5880384,54.362285],[18.5880877,54.3622864],[18.5882505,54.3623293],[18.5882844,54.3622404],[18.588282,54.3622192],[18.5882963,54.3621552],[18.5883011,54.3621455],[18.5883034,54.3620326],[18.5882844,54.3619471],[18.588244,54.3618709],[18.5881911,54.361802],[18.5881323,54.3617512],[18.5880045,54.3616831],[18.5876783,54.3617557],[18.587177,54.361673],[18.5867734,54.3617906],[18.586443,54.3617096],[18.5863788,54.3614953],[18.5864032,54.3614437],[18.5863965,54.3614281],[18.586381,54.3613917],[18.5864015,54.3613743],[18.5864096,54.3613537],[18.5864042,54.3613328],[18.5863949,54.3613235],[18.5863861,54.3613146],[18.5863577,54.3613015],[18.586323,54.3612953],[18.5862869,54.3612982]]},"properties":{"addr:city":"Gdańsk","addr:housenumber":"6","addr:postcode":"80-286","addr:street":"Antoniego Dobrowolskiego","amenity":"school","email":"sekretariat@zso12.edu.gdansk.pl","isced:level":"3","landuse":"education","name":"XX Liceum Ogólnokształcące z Oddziałami Dwujęzycznymi im. Zbigniewa Herberta","operator":"Miasto Gdańsk","operator:type":"public","phone":"+48 58 347 97 12","website":"https://www.xxlo.pl/"}},
{"type":"Feature","geometry":{"type":"LineString","coordinates":[[18.5772341,54.4241409],[18.5773018,54.4240704],[18.5773375,54.42402],[18.5773589,54.4239688],[18.5773624,54.4239211],[18.5773363,54.4238651],[18.5772757,54.4238125],[18.5771699,54.4237462],[18.5769049,54.4236003],[18.5768253,54.4235754],[18.5767088,54.4235609],[18.5766233,54.4235678],[18.5765496,54.4235809],[18.5764913,54.4235947],[18.5764248,54.4236265],[18.5762822,54.4237026],[18.5762109,54.4237565],[18.5761871,54.4237946],[18.5761728,54.4238333],[18.5761752,54.4238734],[18.5761824,54.4239156],[18.5762144,54.4239598],[18.5762442,54.4239958],[18.5763499,54.4240642],[18.5764331,54.424105],[18.5765733,54.4241492],[18.5767338,54.4241893],[18.5768954,54.4242225],[18.5769762,54.4242315],[18.577035,54.4242322],[18.5771099,54.4242118],[18.5771794,54.4241831],[18.5772098,54.4241597],[18.5772341,54.4241409]]},"properties":{"amenity":"kindergarten","barrier":"fence","landuse":"education","name":"Przedszkole nr 64 \"Kubuś Puchatek\""}},
{"type":"Feature","geometry":{"type":"LineString","coordinates":[[18.5661012,54.439181],[18.5666104,54.4392536],[18.5666217,54.4392235],[18.5666455,54.4392135],[18.5667759,54.4392098],[18.5669535,54.4392316],[18.5669514,54.4392375],[18.566832,54.4394226],[18.5666793,54.4396334],[18.5665498,54.4396213],[18.5664388,54.4396514],[18.5660235,54.4395706],[18.5661012,54.439181]]},"properties":{"amenity":"kindergarten","landuse":"education","name":"Przedszkole nr 10"}},
{"type":"Feature","geometry":{"type":"LineString","coordinates":[[18.5916317,54.39421],[18.591714,54.3944981],[18.5912919,54.3947674],[18.5906024,54.3946762],[18.5906038,54.3946302],[18.5906054,54.3945808],[18.5905687,54.3945743],[18.5904925,54.3944579],[18.5904474,54.3943747],[18.5904348,54.3943502],[18.5908523,54.3940974],[18.5912601,54.3941563],[18.5913793,54.3941735],[18.5916317,54.39421]]},"properties":{"amenity":"kindergarten","barrier":"fence","landuse":"education","name":"Przedszkole nr 63"}},
{"type":"Feature","geometry":{"type":"LineString","coordinates":[[18.5955631,54.394726],[18.5952162,54.3949465],[18.5942314,54.3955509],[18.5943292,54.3956848],[18.5959634,54.3959038],[18.5960676,54.3958949],[18.5970677,54.3952927],[18.5970963,54.3952749],[18.5971071,54.3952657],[18.5971249,54.3952342],[18.5971293,54.3952146],[18.5971299,54.3951928],[18.5971242,54.3951714],[18.5969444,54.3948629],[18.5969215,54.3948414],[18.5968745,54.3948444],[18.5967811,54.3946809],[18.5967258,54.3946686],[18.5966877,54.3946424],[18.5967792,54.3945828],[18.5965848,54.3942525],[18.5964259,54.3942314],[18.5963827,54.3942362],[18.5963561,54.3942421],[18.5962398,54.3943124],[18.5955631,54.394726]]},"properties":{"amenity":"school","landuse":"education"}},
{"type":"Feature","geometry":{"type":"LineString","coordinates":[[18.5908497,54.3968099],[18.5916133,54.3969261],[18.5917999,54.3969545],[18.592372,54.3966041],[18.5923844,54.396569],[18.5910848,54.3963954],[18.5907504,54.3966021],[18.5907426,54.3966069],[18.5908497,54.3968099]]},"properties":{"amenity":"kindergarten","barrier":"fence","landuse":"education","name":"Przedszkole nr 66"}},
{"type":"Feature","geometry":{"type":"LineString","coordinates":[[18.6280987,54.4037213],[18.6281778,54.4037393],[18.6283703,54.4037161],[18.6284238,54.4037092],[18.6286323,54.4036912],[18.6289574,54.4036528],[18.628943,54.4035862],[18.6289396,54.4035706],[18.6289328,54.4035389],[18.6287827,54.4028435],[18.6280999,54.4029078],[18.6280025,54.4032149],[18.6280987,54.4037213]]},"properties":{"amenity":"kindergarten","barrier":"fence","landuse":"education","name":"Przedszkole nr 67","website":"http://p67.edu.gdansk.pl/"}},
{"type":"Feature","geometry":{"type":"LineString","coordinates":[[18.5993301,54.4118793],[18.5993635,54.4118843],[18.599971,54.4119753],[18.6004189,54.4120412],[18.6006218,54.411636],[18.600649,54.4115995],[18.6006116,54.4115951],[18.5992591,54.4114357],[18.5991231,54.4117256],[18.5991112,54.4117509],[18.5991039,54.4117664],[18.599101,54.4117725],[18.5990806,54.4118158],[18.5990682,54.4118419],[18.5992823,54.4118724],[18.5993301,54.4118793]]},"properties":{"amenity":"kindergarten","landuse":"education","name":"British International School Gdańsk","operator:type":"private","website":"https://www.bisg.edu.pl/"}},
{"type":"Feature","geometry":{"type":"LineString","coordinates":[[18.6123515,54.3805851],[18.6124654,54.3807064],[18.6124836,54.3807242],[18.6125029,54.3807464],[18.6115545,54.3809825],[18.6113895,54.3807659],[18.6112708,54.3806247],[18.6112921,54.3806171],[18.6117123,54.3804706],[18.6118456,54.3804237],[18.6118592,54.3804375],[18.6119029,54.3804817],[18.6119561,54.3804632],[18.6119795,54.3804863],[18.6119947,54.3805011],[18.6120031,54.3805102],[18.6119175,54.3805379],[18.6120554,54.3806802],[18.6123515,54.3805851]]},"properties":{"amenity":"kindergarten","landuse":"education","name":"Przedszkole nr 15 Niezapominajka"}},
{"type":"Feature","geometry":{"type":"LineString","coordinates":[[18.4811025,54.4208552],[18.4811022,54.4213333],[18.481102,54.4216494],[18.4811453,54.4216742],[18.4811792,54.4216936],[18.4821172,54.4216898],[18.4821026,54.4211153],[18.482102,54.4208578],[18.4811025,54.4208552]]},"properties":{"construction":"education"}},
{"type":"Feature","geometry":{"type":"LineString","coordinates":[[18.4325426,54.3464407],[18.4325016,54.3464552],[18.4325079,54.346694],[18.4325614,54.3467002],[18.4325628,54.3467198],[18.4325683,54.3467943],[18.4325721,54.3468472],[18.4325802,54.3470414],[18.4331101,54.3470315],[18.4331783,54.3470302],[18.4331542,54.3468206],[18.4333875,54.3468097],[18.4333124,54.3462578],[18.4325426,54.3464407]]},"properties":{"amenity":"school","contact:phone":"+48 58 681 86 94","landuse":"education","name":"Szkoła Podstawowa im. Jana Pawła II","website":"http://zslezno.edupage.org/"}},
{"type":"Feature","geometry":{"type":"LineString","coordinates":[[18.5995255,54.3461624],[18.5990026,54.3461205],[18.5987798,54.3461034],[18.5987414,54.3461011],[18.5986865,54.3460979],[18.5986438,54.3460954],[18.5982185,54.3460676],[18.5980037,54.3460299],[18.5981619,54.346256],[18.5984623,54.3466671],[18.5985098,54.3467359],[18.5983756,54.346732],[18.5981317,54.3467245],[18.5981579,54.3468184],[18.5980881,54.346825],[18.5981202,54.3469545],[18.5985573,54.346981],[18.5992562,54.3470125],[18.599286,54.3469296],[18.5992893,54.3468858],[18.5992845,54.3468856],[18.5993072,54.3467784],[18.5993139,54.3467791],[18.5993172,54.3467639],[18.5993772,54.3465018],[18.5993958,54.3464139],[18.599406,54.3463346],[18.5995059,54.346339],[18.5995226,54.3462081],[18.5995255,54.3461624]]},"properties":{"amenity":"school","landuse":"education"}},
{"type":"Feature","geometry":{"type":"LineString","coordinates":[[18.6728075,54.350325],[18.6728378,54.3503292],[18.6731266,54.3505472],[18.6726138,54.3507458],[18.672612,54.350939],[18.6719911,54.3509425],[18.6718972,54.3505432],[18.6728075,54.350325]]},"properties":{"amenity":"kindergarten","barrier":"fence","landuse":"education"}},
{"type":"Feature","geometry":{"type":"LineString","coordinates":[[18.7362515,54.3607882],[18.7365271,54.3613445],[18.7383176,54.361294],[18.7382122,54.3610393],[18.7381953,54.3609978],[18.7380699,54.3606891],[18.7380482,54.3606356],[18.7380207,54.3605617],[18.7379264,54.3602683],[18.7378719,54.3602774],[18.7377024,54.360306],[18.7367386,54.3604834],[18.736687,54.360497],[18.7367944,54.3606467],[18.7362515,54.3607882]]},"properties":{"amenity":"school","barrier":"fence","landuse":"education","name":"Szkoła Podstawowa nr 62"}},
{"type":"Feature","geometry":{"type":"LineString","coordinates":[[18.6070824,54.4007119],[18.6067672,54.4004182],[18.606477,54.4001402],[18.6056946,54.4004255],[18.6056889,54.4004386],[18.6058711,54.4006299],[18.6059528,54.4007156],[18.606583,54.4009033],[18.6070531,54.4007681],[18.6070824,54.4007119]]},"properties":{"amenity":"kindergarten","barrier":"fence","landuse":"education","name":"Przedszkole nr 88"}},
{"type":"Feature","geometry":{"type":"LineString","coordinates":[[18.4331427,54.3154728],[18.4334495,54.314907],[18.4348828,54.314972],[18.4348859,54.3153359],[18.4343358,54.3153051],[18.434319,54.3154367],[18.4335168,54.3156375],[18.4334268,54.3156704],[18.4331427,54.3154728]]},"properties":{"amenity":"school","name":"Szkoła Podstawowa w Niestępowie"}},
{"type":"Feature","geometry":{"type":"LineString","coordinates":[[18.4800018,54.4277087],[18.48061,54.4277595],[18.4807272,54.4279968],[18.4807956,54.4281491],[18.4803383,54.4282263],[18.4803738,54.428303],[18.4799181,54.4283752],[18.4798331,54.4281929],[18.4798033,54.4281329],[18.4799524,54.4277294],[18.4800018,54.4277087]]},"properties":{"amenity":"kindergarten","barrier":"fence","landuse":"education","name":"Pozytywny Żłobek nr 4","start_date":"2021"}},
{"type":"Feature","geometry":{"type":"LineString","coordinates":[[18.6302227,54.329640499999999],[18.6301737,54.3296503],[18.6296422,54.3297387],[18.629645,54.329752],[18.62968,54.329834],[18.629869,54.329806],[18.629914,54.329799],[18.62993,54.329839],[18.629929,54.329878],[18.629929,54.329902],[18.6299229,54.3300273],[18.6298263,54.3300279],[18.629826,54.330032],[18.6297035,54.3300309],[18.6296243,54.3300293],[18.6295571,54.3297682],[18.6295104,54.3297761],[18.6289769,54.3298675],[18.6289568,54.3302006],[18.6292904,54.3301958],[18.629698,54.3301943],[18.6301185,54.3301844],[18.6303181,54.3301756],[18.6303264,54.3301719],[18.630334,54.3301655],[18.6303508,54.3301125],[18.6303621,54.3300896],[18.6304212,54.330013],[18.6305268,54.3299105],[18.6305982,54.3298616],[18.6305568,54.329856],[18.6304261,54.3298471],[18.6302343,54.3298381],[18.6302227,54.329640499999999]]},"properties":{"amenity":"school","landuse":"education"}},
{"type":"Feature","geometry":{"type":"LineString","coordinates":[[18.6318502,54.328913],[18.6315087,54.3292315],[18.6323379,54.3292528],[18.6323565,54.3290878],[18.6323914,54.3290878],[18.632388,54.3290248],[18.6319609,54.3289224],[18.6318502,54.328913]]},"properties":{"amenity":"kindergarten","landuse":"education","name":"Przedszkole nr 11"}},
{"type":"Feature","geometry":{"type":"LineString","coordinates":[[18.516568,54.3551549],[18.5162038,54.355323],[18.5152848,54.3551108],[18.515272,54.3550186],[18.5153086,54.3550149],[18.5154348,54.3549911],[18.5157069,54.3549221],[18.5157381,54.3549574],[18.5157822,54.3549731],[18.516568,54.3551549]]},"properties":{"amenity":"kindergarten","landuse":"education"}},
{"type":"Feature","geometry":{"type":"LineString","coordinates":[[18.5801611,54.3323417],[18.5801643,54.3323328],[18.5797037,54.3319289],[18.5794997,54.331915],[18.5789383,54.3320271],[18.5789326,54.3320282],[18.5789199,54.3320307],[18.5789084,54.332033],[18.5788867,54.3320373],[18.5781963,54.3321741],[18.5781965,54.3321886],[18.5784414,54.3322066],[18.5784972,54.3322108],[18.5785451,54.3322143],[18.5789146,54.3322413],[18.5790049,54.3322479],[18.5790263,54.3322495],[18.5790421,54.3322509],[18.5797388,54.3323117],[18.5797401,54.3323047],[18.5797481,54.3323055],[18.5797918,54.3323093],[18.5799127,54.3323197],[18.5801611,54.3323417]]},"properties":{"addr:city":"Gdańsk","addr:housenumber":"153","addr:postcode":"80-180","addr:street":"Warszawska","amenity":"kindergarten","barrier":"fence","landuse":"education","name":"Przedszkole Niepubliczne \"Radosny Zakątek\"","operator:type":"private","preschool":"yes","website":"https://radosnyzakatek.net.pl"}},
{"type":"Feature","geometry":{"type":"LineString","coordinates":[[18.6227303,54.3974181],[18.6228894,54.3974205],[18.6229482,54.3974302],[18.6231758,54.3974288],[18.6240988,54.397423],[18.624101,54.3971472],[18.6234244,54.3971497],[18.6234233,54.3968148],[18.6232211,54.3968144],[18.6232156,54.3966508],[18.622737,54.3966423],[18.6227343,54.3970217],[18.6227759,54.3970611],[18.6227756,54.3970706],[18.6227753,54.3970815],[18.622734,54.3971247],[18.6227303,54.3974181]]},"properties":{"amenity":"kindergarten","contact:facebook":"https://www.facebook.com/przedszkolegedania1922?ref=hl","contact:pinterest":"https://www.pinterest.com/akademiadzieci/","email":"sekretariat@przedszkolegedania1922.pl","mobile":"+48 530 222 012","name":"Niepubliczne Przedszkole Gedania 1922","opening_hours":"Mo-Fr 07:00-17:00","website":"https://www.przedszkolegedania1922.pl/"}},
{"type":"Feature","geometry":{"type":"LineString","coordinates":[[18.6249931,54.350385],[18.6249534,54.3503752],[18.6249696,54.3503354],[18.6252449,54.3497696],[18.626167,54.3499168],[18.6258402,54.3505323],[18.6258157,54.3505792],[18.6256843,54.3505473],[18.6254453,54.3504953],[18.6249931,54.350385]]},"properties":{"amenity":"school","landuse":"education","name":"Szkoła Podstawowa i Przedszkole Sokrates"}},
{"type":"Feature","geometry":{"type":"LineString","coordinates":[[18.554656,54.3457523],[18.5544436,54.3458408],[18.5542556,54.3459191],[18.5541929,54.3459134],[18.5541364,54.3458677],[18.5541294,54.3458616],[18.5540627,54.3458864],[18.5539859,54.3458263],[18.5538722,54.3457372],[18.5540666,54.34565],[18.5539773,54.3455836],[18.5538735,54.3455064],[18.5538311,54.3455099],[18.5537646,54.3454619],[18.5538062,54.3454447],[18.5538766,54.3454101],[18.5540621,54.3452954],[18.5540702,54.3453017],[18.554386,54.3455451],[18.5545593,54.3456781],[18.554656,54.3457523]]},"properties":{"addr:city":"Gdańsk","addr:housenumber":"89","addr:postcode":"80-175","addr:street":"Jasieńska","amenity":"kindergarten","landuse":"education","name":"Niepubliczne Przedszkole \"Zielona Dolina\""}},
{"type":"Feature","geometry":{"type":"LineString","coordinates":[[18.6148085,54.3369256],[18.614888,54.3369199],[18.6150402,54.3368112],[18.6151421,54.3367956],[18.6153406,54.3366064],[18.6154009,54.336518],[18.6153895,54.3364359],[18.61535,54.336425],[18.6152353,54.3363597],[18.6151736,54.3363449],[18.6147693,54.3365947],[18.6146938,54.3366418],[18.6147254,54.33666],[18.6144781,54.3368081],[18.6145562,54.3368343],[18.6146006,54.3368531],[18.6146985,54.3368856],[18.6148085,54.3369256]]},"properties":{"amenity":"kindergarten","landuse":"education","name":"Niepubliczne Przedszkole \"Dobry Port\""}},
{"type":"Feature","geometry":{"type":"LineString","coordinates":[[18.4677524,54.4343317],[18.46782,54.4343822],[18.4677131,54.4344346],[18.4677552,54.4346176],[18.4679884,54.4347772],[18.4680288,54.4348049],[18.468088,54.4348439],[18.4682544,54.4347593],[18.4684778,54.4347572],[18.4689329,54.4349058],[18.4690351,54.4348173],[18.469255,54.4346549],[18.4683442,54.434037],[18.468272,54.4340244],[18.4677102,54.4342996],[18.4677524,54.4343317]]},"properties":{"amenity":"kindergarten","landuse":"education","name":"Przedszkole nr 87","operator":"DRMG","start_date":"2023-04-28"}},
{"type":"Feature","geometry":{"type":"LineString","coordinates":[[18.4745141,54.423861],[18.4745247,54.4239018],[18.4744679,54.4239072],[18.4742728,54.4239257],[18.474256,54.4238764],[18.474195,54.4238794],[18.474144,54.4237039],[18.4743706,54.4236852],[18.4743847,54.4236772],[18.4744044,54.4236757],[18.4744628,54.4236711],[18.4744588,54.4236562],[18.474629,54.4236407],[18.47472,54.4236321],[18.4748177,54.4236214],[18.4748784,54.4238278],[18.4747762,54.423837],[18.4745141,54.423861]]},"properties":{"amenity":"kindergarten","landuse":"education"}},
{"type":"Feature","geometry":{"type":"LineString","coordinates":[[18.5942806,54.3905329],[18.5942977,54.3905354],[18.5942597,54.3906224],[18.5941222,54.3909114],[18.5940581,54.3910476],[18.5933892,54.3909462],[18.5934243,54.3908632],[18.5933775,54.3908138],[18.5934136,54.390787],[18.5935212,54.3907174],[18.5939295,54.3904532],[18.5940589,54.3905001],[18.5942806,54.3905329]]},"properties":{"amenity":"kindergarten","landuse":"education","name":"Pozytywny Żłobek nr 5","start_date":"2021"}},
{"type":"Feature","geometry":{"type":"LineString","coordinates":[[18.618911,54.3225388],[18.6189419,54.3225263],[18.6189286,54.3225154],[18.6189883,54.3224918],[18.6190019,54.3225035],[18.6190285,54.322493],[18.61911,54.3224458],[18.6192663,54.3225297],[18.6192683,54.3225487],[18.6193334,54.3225484],[18.6194508,54.3226123],[18.6192764,54.3227067],[18.6190464,54.3227055],[18.6190456,54.3227234],[18.6190449,54.3227367],[18.6189463,54.3227366],[18.6190368,54.3228947],[18.6187561,54.32295],[18.6185125,54.3228062],[18.6187968,54.3226362],[18.6188007,54.3226031],[18.618911,54.3225388]]},"properties":{"amenity":"kindergarten","landuse":"education","name":"Przedszkole Niepubliczne \"Parkowe Wzgórze\""}},
{"type":"Feature","geometry":{"type":"LineString","coordinates":[[18.6452921,54.3415306],[18.6449913,54.3415647],[18.6449589,54.3415686],[18.6449132,54.341574],[18.6447014,54.3415993],[18.6446591,54.3414167],[18.6448468,54.3413965],[18.6447539,54.3411481],[18.6450117,54.3410946],[18.6450565,54.3412378],[18.6451894,54.3412227],[18.6452921,54.3415306]]},"properties":{"amenity":"kindergarten","landuse":"education","name":"Pozytywne Przedszkole nr 8"}},
{"type":"Feature","geometry":{"type":"LineString","coordinates":[[18.6398324,54.3276525],[18.6398329,54.3276726],[18.6398488,54.3283407],[18.6398556,54.3285458],[18.6392846,54.328561],[18.6391139,54.3285669],[18.6382475,54.3285814],[18.63774,54.3285868],[18.6377362,54.3283497],[18.6377303,54.3279972],[18.6377295,54.3279501],[18.637707,54.3279419],[18.6377057,54.3279171],[18.6377045,54.3278934],[18.6377444,54.3278817],[18.6380056,54.3278391],[18.6381804,54.3278003],[18.6381788,54.3277811],[18.6381462,54.3277821],[18.6381429,54.3277423],[18.6381767,54.3277413],[18.6381732,54.3277001],[18.6388632,54.3276807],[18.6388877,54.3277029],[18.6389236,54.3277018],[18.6389588,54.3277009],[18.6389808,54.327676],[18.6391264,54.327672],[18.6398324,54.3276525]]},"properties":{"amenity":"school","barrier":"fence","landuse":"education","name":"Szkoła Podstawowa nr 16"}},
{"type":"Feature","geometry":{"type":"LineString","coordinates":[[18.6128191,54.3801638],[18.6127023,54.3802],[18.6125523,54.380254],[18.6125321,54.3802616],[18.6125836,54.3803296],[18.6125689,54.3803335],[18.6125605,54.3803238],[18.6120188,54.3804829],[18.6120124,54.3804754],[18.6119795,54.3804863],[18.6119947,54.3805011],[18.6120031,54.3805102],[18.6119175,54.3805379],[18.6120554,54.3806802],[18.6123515,54.3805851],[18.6123958,54.3805681],[18.6125233,54.380524],[18.6127114,54.3804558],[18.6128618,54.3804029],[18.612855,54.3803939],[18.6128453,54.3803811],[18.6128425,54.3803775],[18.612941,54.3803459],[18.612944,54.3803404],[18.6128191,54.3801638]]},"properties":{"amenity":"school","landuse":"education","name":"III Społeczna Szkoła Podstawowa STO","operator":"Społeczne Towarzystwo Oświatowe"}},
{"type":"Feature","geometry":{"type":"LineString","coordinates":[[18.6008668,54.4075352],[18.6004395,54.4075704],[18.6003839,54.4075862],[18.6003483,54.4076022],[18.600337,54.4076333],[18.6002941,54.4077221],[18.600299,54.4078756],[18.6003938,54.4079896],[18.6004264,54.4082121],[18.6004551,54.4082935],[18.6004877,54.4083848],[18.6005041,54.4083984],[18.6005321,54.4084125],[18.600565,54.4084232],[18.6006038,54.4084308],[18.6006727,54.4084394],[18.6007838,54.4084372],[18.6008543,54.4084314],[18.6008939,54.4084241],[18.6009854,54.4083834],[18.6010327,54.4083592],[18.601091,54.4083108],[18.6011082,54.4082709],[18.6011144,54.4080861],[18.6011255,54.407997],[18.6011397,54.4076596],[18.6011175,54.4076143],[18.600978,54.4075388],[18.6009384,54.4075309],[18.6008668,54.4075352]]},"properties":{"amenity":"kindergarten","barrier":"fence","landuse":"education","name":"Przedszkole nr 57"}},
{"type":"Feature","geometry":{"type":"LineString","coordinates":[[18.422444,54.3871345],[18.4227054,54.3874613],[18.4223396,54.3875673],[18.4221398,54.3876484],[18.4218969,54.3877801],[18.4216128,54.387515],[18.421664,54.3874968],[18.4216007,54.3874377],[18.422444,54.3871345]]},"properties":{"amenity":"kindergarten","landuse":"commercial"}},
{"type":"Feature","geometry":{"type":"LineString","coordinates":[[18.5524764,54.3323156],[18.5528838,54.3327703],[18.5533863,54.3326169],[18.5533059,54.3325224],[18.5534522,54.3324821],[18.5533388,54.3323601],[18.5531736,54.3321824],[18.5531185,54.3321194],[18.552922,54.332181],[18.5524764,54.3323156]]},"properties":{"amenity":"kindergarten","name":"Publiczne Pozytywne Przedszkole nr 13"}},
{"type":"Feature","geometry":{"type":"LineString","coordinates":[[18.5884892,54.3641614],[18.5883668,54.3641634],[18.5882874,54.3641642],[18.5882107,54.364165],[18.5881792,54.3638042],[18.5884266,54.3638047],[18.5885049,54.3638049],[18.5884892,54.3641614]]},"properties":{"amenity":"kindergarten","landuse":"education","name":"Publiczne Pozytywne Przedszkole nr 5"}},
{"type":"Feature","geometry":{"type":"LineString","coordinates":[[18.5939165,54.314577],[18.593389,54.3144265],[18.5936708,54.3141489],[18.5937315,54.3141651],[18.5939777,54.3142236],[18.5942099,54.314293],[18.5939165,54.314577]]},"properties":{"amenity":"kindergarten","landuse":"education","name":"Przedszkole Preludium"}},
{"type":"Feature","geometry":{"type":"LineString","coordinates":[[18.6020719,54.3297702],[18.6023676,54.3293075],[18.6026216,54.3293916],[18.6026307,54.3293936],[18.6030695,54.3294886],[18.6031701,54.3295676],[18.6031325,54.3298397],[18.603044,54.3298821],[18.6029666,54.3298888],[18.6028992,54.3298894],[18.6025171,54.3298444],[18.6024073,54.3298315],[18.6023825,54.3298269],[18.6020719,54.3297702]]},"properties":{"amenity":"kindergarten","barrier":"fence","landuse":"education","name":"Przedszkole nr 14"}},
{"type":"Feature","geometry":{"type":"LineString","coordinates":[[18.6029324,54.3218585],[18.6029386,54.3218022],[18.6029629,54.3217912],[18.6029671,54.3217653],[18.6029501,54.3217482],[18.6029751,54.3216314],[18.6029085,54.3216018],[18.6029459,54.3215403],[18.6028456,54.3214453],[18.6024385,54.3217529],[18.6024112,54.3217405],[18.602079,54.3219967],[18.6017534,54.3222484],[18.6018208,54.3222788],[18.6018941,54.3223119],[18.6021823,54.3224368],[18.6022304,54.3223994],[18.602287,54.3224243],[18.6024967,54.3222624],[18.6025837,54.3221957],[18.6025259,54.32217],[18.6028691,54.321907],[18.6029324,54.3218585]]},"properties":{"amenity":"kindergarten","name":"Publiczne Pozytywne Przedszkole nr 4"}},
{"type":"Feature","geometry":{"type":"LineString","coordinates":[[18.5735484,54.4231416],[18.5735162,54.4231622],[18.5734277,54.4231857],[18.5733338,54.4231821],[18.5729624,54.4231088],[18.5726975,54.4230569],[18.5726539,54.4230394],[18.5726244,54.4230156],[18.5726117,54.4229875],[18.5726036,54.4229594],[18.5725942,54.4228579],[18.5725936,54.4228271],[18.5726016,54.4227951],[18.5726244,54.422753],[18.5726961,54.4226387],[18.5727297,54.4226129],[18.5727619,54.4225931],[18.5730401,54.4224772],[18.5731461,54.4224522],[18.5732051,54.4224569],[18.5735243,54.4225014],[18.5736296,54.422668],[18.5736705,54.4228318],[18.5736788,54.4228858],[18.5736775,54.4229208],[18.5736698,54.4229449],[18.5736423,54.4229941],[18.5735825,54.4230959],[18.5735712,54.423115],[18.5735484,54.4231416]]},"properties":{"amenity":"school","barrier":"fence","landuse":"education","name":"Collegium Gedanense"}},
{"type":"Feature","geometry":{"type":"LineString","coordinates":[[18.5686937,54.4391947],[18.5690967,54.4393405],[18.5694596,54.4394786],[18.5695298,54.4395114],[18.569546,54.4394978],[18.5698827,54.4392512],[18.5700552,54.4391007],[18.5701003,54.4390668],[18.5701753,54.4390134],[18.5701878,54.4390041],[18.5701835,54.4390022],[18.5702648,54.4389373],[18.5702679,54.438938],[18.5703482,54.4388716],[18.5702366,54.4388032],[18.5701004,54.4387197],[18.5700761,54.4387097],[18.5700541,54.4387083],[18.5700371,54.43871],[18.5700158,54.438718],[18.5699734,54.4387552],[18.5698041,54.4386825],[18.5696227,54.4386045],[18.5695319,54.4385675],[18.5692411,54.438443],[18.5690695,54.4385734],[18.5690147,54.4386098],[18.5690089,54.4386145],[18.5690033,54.438619],[18.5685899,54.4384471],[18.5680273,54.4389487],[18.5686937,54.4391947]]},"properties":{"addr:postcode":"81-749","addr:street":"Książąt Pomorskich","amenity":"school","landuse":"education","name":"Zespół Szkół nr 1 im. Marii Skłodowskiej-Curie","name:etymology:wikidata":"Q7186","wheelchair":"yes"}},
{"type":"Feature","geometry":{"type":"LineString","coordinates":[[18.6317979,54.3217907],[18.631983,54.321894],[18.6318503,54.321981],[18.6317019,54.3220736],[18.631652,54.3221055],[18.631443,54.3222375],[18.6312676,54.3221269],[18.6313544,54.3220725],[18.6315597,54.3219441],[18.6317979,54.3217907]]},"properties":{"amenity":"school","email":"sekretariat@szkolamuzyczna.edu.pl","image":"http://psm1s.edu.gdansk.pl/Content/pub/468/logo_szkoly.png","landuse":"education","min_age":"7","name":"Państwowa Szkoła Muzyczna I stopnia im. Henryka Wieniawskiego","phone":"+48 58 309 01 16","website":"http://psm1s.edu.gdansk.pl"}},
{"type":"Feature","geometry":{"type":"LineString","coordinates":[[18.6371615,54.3238358],[18.6368541,54.3236876],[18.6368321,54.3237012],[18.6366582,54.3236164],[18.636922,54.3234399],[18.6369741,54.3234658],[18.6369751,54.3234663],[18.6370861,54.3235223],[18.6373742,54.3236667],[18.6371615,54.3238358]]},"properties":{"amenity":"kindergarten","landuse":"education","name":"Niepubliczne Przedszkole \"Krasnal\""}},
{"type":"Feature","geometry":{"type":"LineString","coordinates":[[18.651614,54.354938],[18.651568,54.354897],[18.651618,54.354867],[18.651676,54.354832],[18.6517746,54.3547524],[18.6519223,54.3546275],[18.6524375,54.3548335],[18.6524427,54.3548492],[18.6524482,54.3548653],[18.6525333,54.3549367],[18.6524086,54.3550605],[18.6523807,54.3551144],[18.6521464,54.3549742],[18.6521166,54.3549893],[18.6520312,54.3549236],[18.651892,54.3549419],[18.651948,54.354991],[18.651762,54.355067],[18.651614,54.354938]]},"properties":{"amenity":"kindergarten","name":"Przedszkole Zgromadzenia Sióstr Najświętszej Duszy Chrystusa Pana \"Solaris\""}},
{"type":"Feature","geometry":{"type":"LineString","coordinates":[[18.6090007,54.3671124],[18.6094091,54.3670608],[18.6096163,54.3675488],[18.6091736,54.367597],[18.6090007,54.3671124]]},"properties":{"amenity":"school","landuse":"education","name":"Niepubliczna Szkoła Podstawowa dla Chłopców \"Fregata\""}},
{"type":"Feature","geometry":{"type":"LineString","coordinates":[[18.6305047,54.3024799],[18.6305057,54.3024752],[18.6305,54.3023754],[18.6304968,54.3023311],[18.6305632,54.3021413],[18.6305887,54.3020087],[18.630507,54.3019663],[18.6299162,54.3018968],[18.629799,54.3019829],[18.6296032,54.3020322],[18.6295845,54.3020819],[18.6295144,54.3020883],[18.6295124,54.3021768],[18.6298004,54.3022043],[18.6298057,54.3022771],[18.6299881,54.3024023],[18.6299756,54.3024848],[18.6305047,54.3024799]]},"properties":{"amenity":"kindergarten","landuse":"education","name":"Przedszkole nr 24"}},
{"type":"Feature","geometry":{"type":"LineString","coordinates":[[18.6057661,54.3931724],[18.6058231,54.3932058],[18.606181,54.3929724],[18.6062216,54.3928649],[18.6061789,54.3928602],[18.605913,54.3928309],[18.6058932,54.3928287],[18.6055458,54.3930311],[18.6055589,54.3930497],[18.6057661,54.3931724]]},"properties":{"amenity":"kindergarten","barrier":"fence","check_date":"2025-01-27","name":"Chatka Puchatka"}},
{"type":"Feature","geometry":{"type":"LineString","coordinates":[[18.6003562,54.325303],[18.6007365,54.3252334],[18.6009113,54.3255685],[18.6011548,54.3256565],[18.6009105,54.3258834],[18.6004047,54.3257007],[18.6003752,54.3256267],[18.6004798,54.3255309],[18.6003562,54.325303]]},"properties":{"amenity":"school","landuse":"education","name":"Chrześcijańska Szkoła i Przedszkole Montessori nr 2"}},
{"type":"Feature","geometry":{"type":"LineString","coordinates":[[18.6007799,54.3132922],[18.6005774,54.3140064],[18.6004671,54.3144286],[18.6010925,54.3141703],[18.6013591,54.3141074],[18.6015245,54.3140883],[18.6026307,54.3139785],[18.6027001,54.3139253],[18.6025336,54.3132829],[18.6024228,54.3128555],[18.6021663,54.3128782],[18.602231,54.3131278],[18.601931,54.3131542],[18.6008451,54.3130636],[18.6007996,54.3132225],[18.6007799,54.3132922]]},"properties":{"amenity":"school","landuse":"education","name":"Morska Szkoła Podstawowa nr 2","start_date":"2023-09"}},
{"type":"Feature","geometry":{"type":"LineString","coordinates":[[18.5622566,54.4493091],[18.5624765,54.4489676],[18.5625324,54.4488803],[18.5625331,54.4488789],[18.5625959,54.4487817],[18.5628847,54.4488605],[18.5627999,54.448989],[18.5627506,54.4490636],[18.5627794,54.44907],[18.5625788,54.4493737],[18.5624819,54.4493532],[18.5624791,54.4493575],[18.5622566,54.4493091]]},"properties":{"amenity":"school","landuse":"education"}},
{"type":"Feature","geometry":{"type":"LineString","coordinates":[[18.6017998,54.4072193],[18.6019328,54.4072439],[18.6019478,54.4072467],[18.6026144,54.4073684],[18.6028945,54.4074195],[18.604158,54.4074044],[18.604734,54.40738],[18.6048162,54.4073469],[18.6048434,54.4073359],[18.6051441,54.4067698],[18.6049236,54.406601],[18.6026912,54.4061783],[18.6025755,54.4061563],[18.6020372,54.4062247],[18.6018973,54.4065289],[18.601814,54.4068743],[18.6017998,54.4072193]]},"properties":{"addr:city":"Gdańsk","addr:housenumber":"77","addr:postcode":"80-396","addr:street":"Kołobrzeska","amenity":"school","email":"sekretariat@lo21.edu.gdansk.pl","isced:level":"3","name":"XXI Liceum Ogólnokształcące z Oddziałami Sportowymi","operator":"Miasto Gdańsk","operator:type":"public","phone":"+48 58 557 17 41","website":"https://lo21.edu.gdansk.pl/"}},
{"type":"Feature","geometry":{"type":"LineString","coordinates":[[18.6074427,54.408476],[18.6077326,54.4082074],[18.6078485,54.4081171],[18.607689,54.4080856],[18.6072409,54.4080001],[18.6062395,54.4078084],[18.6059603,54.4077551],[18.6056455,54.4083168],[18.6052318,54.4090549],[18.6049698,54.4095223],[18.6049446,54.4095675],[18.6049701,54.4095727],[18.6059952,54.4097835],[18.6068872,54.4090037],[18.6062748,54.4088883],[18.606538,54.4084189],[18.6072258,54.4085527],[18.60725,54.4085363],[18.6073087,54.4085144],[18.6073588,54.4084865],[18.6074026,54.4084826],[18.6074427,54.408476]]},"properties":{"addr:city":"Gdańsk","addr:housenumber":"35","addr:postcode":"80-365","addr:street":"Prezydenta Lecha Kaczyńskiego","alt_name":"Technikum Nr 9 im. Xymeny Zaniewskiej","amenity":"school","email":"sekretariat@zskw.edu.gdansk.pl","name":"Zespół Szkół Kreowania Wizerunku","phone":"+48 58 553 05 15","short_name":"ZSKW","website":"https://zskw.edu.gdansk.pl"}},
{"type":"Feature","geometry":{"type":"LineString","coordinates":[[18.6633437,54.348476],[18.663326,54.3486683],[18.6643666,54.3487292],[18.6649817,54.3487663],[18.6649997,54.3484797],[18.6650007,54.3484633],[18.66501,54.3483158],[18.6645192,54.3482915],[18.6644134,54.3482863],[18.6642491,54.3482782],[18.6636914,54.3482507],[18.663695,54.3482222],[18.6633813,54.3482089],[18.6633791,54.3482246],[18.6633776,54.3482362],[18.6633588,54.3482357],[18.6633431,54.3484242],[18.6633521,54.3484245],[18.6633505,54.3484413],[18.6633484,54.3484635],[18.6633437,54.348476]]},"properties":{"amenity":"school","landuse":"education","name":"Gdańska Szkoła Podstawowa \"Lingwista\" im. Zjednoczonej Europy"}},
{"type":"Feature","geometry":{"type":"LineString","coordinates":[[18.4934898,54.3558412],[18.4936474,54.3558408],[18.4936664,54.3558402],[18.4936679,54.3556983],[18.4936682,54.355484],[18.4939718,54.3554807],[18.4946997,54.3554769],[18.4946945,54.3556581],[18.4943284,54.3557905],[18.4942525,54.355818],[18.4941903,54.3558409],[18.4938117,54.3559655],[18.4936018,54.3560379],[18.4935512,54.3560295],[18.493495,54.3560003],[18.4933498,54.3558932],[18.4934898,54.3558412]]},"properties":{"amenity":"kindergarten","name":"Przedszkole nr 8"}},
{"type":"Feature","geometry":{"type":"LineString","coordinates":[[18.5933396,54.3797338],[18.5933773,54.3799853],[18.592769,54.3800159],[18.5927428,54.3798088],[18.5927378,54.3797705],[18.5928409,54.3797647],[18.5928473,54.3797643],[18.5933396,54.3797338]]},"properties":{"amenity":"kindergarten","name":"Przedszkole św. Jana de La Salle","opening_hours":"Mo-Fr 06:30-17:00","phone":"+48 58 341 98 16","short_name":"Przedszkole de La Salle","website":"https://www.przedszkoledelasalle.pl/"}},
{"type":"Feature","geometry":{"type":"LineString","coordinates":[[18.6647522,54.346564],[18.6644982,54.3465071],[18.6638811,54.3463692],[18.6638203,54.3463668],[18.6637281,54.3465299],[18.6635879,54.3467523],[18.6635595,54.3467992],[18.6635448,54.3468211],[18.6639046,54.346895],[18.6644635,54.3470151],[18.664678,54.346673],[18.664694,54.346646],[18.66471,54.346622],[18.6647152,54.3466197],[18.6647522,54.346564]]},"properties":{"amenity":"school","landuse":"education","name":"Szkoła Podstawowa nr 4 im. Króla Kazimierza Jagiellończyka"}},
{"type":"Feature","geometry":{"type":"LineString","coordinates":[[18.6091286,54.3576574],[18.6091058,54.3576035],[18.6090857,54.357353],[18.6091829,54.3572303],[18.6091219,54.3572198],[18.6090535,54.3571627],[18.6090347,54.3568564],[18.6090522,54.3567653],[18.6090682,54.3566688],[18.6091353,54.3566371],[18.6094934,54.3566383],[18.6102404,54.3566188],[18.6104583,54.3566086],[18.6105938,54.3566043],[18.6102444,54.356922],[18.609897,54.357233],[18.6097495,54.357344],[18.6094947,54.3574941],[18.6093096,54.3575871],[18.609199,54.3576304],[18.6091286,54.3576574]]},"properties":{"amenity":"kindergarten","name":"Przedszkole nr 21","website":"http://www.bajnutkowo.dlaprzedszkoli.eu/"}},
{"type":"Feature","geometry":{"type":"LineString","coordinates":[[18.6021668,54.3095385],[18.6020797,54.3095495],[18.6018437,54.3096934],[18.6015378,54.3095702],[18.6014896,54.3095489],[18.6014593,54.3095365],[18.6021728,54.3091961],[18.6021668,54.3095385]]},"properties":{"amenity":"kindergarten","name":"Publiczne Pozytywne Przedszkole nr 14","start_date":"2024"}},
{"type":"Feature","geometry":{"type":"LineString","coordinates":[[18.4774354,54.4185428],[18.4773735,54.4183444],[18.4778942,54.4182913],[18.477908,54.418336],[18.477924,54.418392],[18.47793,54.418412],[18.477935,54.418433],[18.477937,54.418438],[18.477942,54.418456],[18.4779515,54.4184919],[18.4774354,54.4185428]]},"properties":{"amenity":"kindergarten","landuse":"education","name":"Twórcze Przedszkole \"Rośnij Radośnie\""}},
{"type":"Feature","geometry":{"type":"LineString","coordinates":[[18.5812987,54.3549637],[18.5813218,54.3549838],[18.5815421,54.3549025],[18.5817835,54.3549104],[18.5818157,54.3549307],[18.5822128,54.3553077],[18.5823032,54.3553966],[18.5831568,54.3550903],[18.5831327,54.3550733],[18.5820566,54.3543256],[18.5817702,54.3544602],[18.5816169,54.354528],[18.5813935,54.3546098],[18.5810066,54.3547053],[18.5810157,54.3547215],[18.5812987,54.3549637]]},"properties":{"amenity":"kindergarten","landuse":"education","name":"Przedszkole nr 84"}},
{"type":"Feature","geometry":{"type":"LineString","coordinates":[[18.5796317,54.3609903],[18.5795657,54.3610432],[18.5793581,54.3611314],[18.579282,54.3610675],[18.5792659,54.361074],[18.579247,54.361058],[18.57925,54.361056],[18.579241,54.361049],[18.5792125,54.3610268],[18.579228,54.3609989],[18.5794837,54.3608958],[18.579517,54.3608953],[18.5795538,54.3609012],[18.5796317,54.3609903]]},"properties":{"amenity":"kindergarten","landuse":"education","name":"Niepubliczny Punkt Przedszkolny \"Morenowy Porcik\""}},
{"type":"Feature","geometry":{"type":"LineString","coordinates":[[18.5805513,54.3613017],[18.5803076,54.3614463],[18.5799726,54.3614858],[18.5797904,54.3613189],[18.5796974,54.3608176],[18.579981,54.3607356],[18.5800119,54.3605394],[18.5803425,54.3604476],[18.5804786,54.3611269],[18.5804947,54.3612021],[18.5805513,54.3613017]]},"properties":{"amenity":"kindergarten","barrier":"fence","landuse":"education","name":"Przedszkole nr 74"}},
{"type":"Feature","geometry":{"type":"LineString","coordinates":[[18.5703653,54.4398452],[18.5704069,54.4397914],[18.5703767,54.4397844],[18.570452,54.439684],[18.5706179,54.4394625],[18.5706306,54.4394453],[18.5706476,54.4394229],[18.570802,54.439497],[18.570839,54.439514],[18.5708694,54.4394911],[18.5708883,54.4394993],[18.5710258,54.439396],[18.5710057,54.4393866],[18.5710902,54.4393215],[18.5711424,54.4393465],[18.5711843,54.4393654],[18.5712341,54.4393893],[18.5712431,54.4393948],[18.5712679,54.4393765],[18.571612,54.4395531],[18.5718198,54.4396598],[18.5720818,54.4397942],[18.572262,54.439888],[18.5723255,54.4399195],[18.5722881,54.4399426],[18.572152,54.4400371],[18.5720324,54.4401691],[18.5720117,54.4401916],[18.5720038,54.4401999],[18.5720782,54.4402294],[18.5720556,54.4402504],[18.5719015,54.4403779],[18.571864,54.4404088],[18.5718435,54.4404257],[18.5716062,54.4403306],[18.5711721,54.4401566],[18.5709132,54.4400528],[18.5707695,54.4399952],[18.5703653,54.4398452]]},"properties":{"addr:city":"Sopot","addr:housenumber":"14","addr:postcode":"81-780","addr:street":"Kazimierza Wielkiego","amenity":"school","landuse":"education","name":"Zespół Szkół Specjalnych nr 5"}},
{"type":"Feature","geometry":{"type":"LineString","coordinates":[[18.7158848,54.3636318],[18.7156229,54.3634816],[18.715263,54.3632793],[18.7148143,54.3633639],[18.7145288,54.3635456],[18.7143938,54.3636316],[18.7143518,54.3636885],[18.7143328,54.3637557],[18.7154401,54.3640625],[18.7156354,54.3638303],[18.7157155,54.3637441],[18.7157766,54.3636978],[18.7158848,54.3636318]]},"properties":{"amenity":"kindergarten","landuse":"education","name":"Przedszkole nr 16"}},
{"type":"Feature","geometry":{"type":"LineString","coordinates":[[18.5397787,54.3498714],[18.5398109,54.3501419],[18.5397466,54.3501935],[18.538616,54.350256],[18.5385945,54.3501098],[18.5387843,54.3499258],[18.5390344,54.3499168],[18.5397787,54.3498714]]},"properties":{"amenity":"kindergarten","name":"Marchewka"}},
{"type":"Feature","geometry":{"type":"LineString","coordinates":[[18.6362802,54.4085134],[18.636645,54.4084583],[18.6366727,54.4085175],[18.6367463,54.4086905],[18.6367729,54.4087527],[18.6369157,54.4090914],[18.6366975,54.4091437],[18.6365267,54.4091856],[18.6362712,54.4088898],[18.6364784,54.4088379],[18.6362802,54.4085134]]},"properties":{"alt_name":"Przedszkole św. Franciszka - Żagielek","amenity":"kindergarten","name":"Przedszkole im św. Antoniego z Padwy"}},
{"type":"Feature","geometry":{"type":"LineString","coordinates":[[18.4678538,54.4290894],[18.4680989,54.4292633],[18.4681408,54.4292431],[18.4683988,54.4291204],[18.468151,54.4289475],[18.4680419,54.4288714],[18.4680258,54.42886],[18.467805,54.4287034],[18.4676461,54.428693],[18.4672508,54.4288832],[18.4672816,54.4289234],[18.4674637,54.429162],[18.4675682,54.429228],[18.4678538,54.4290894]]},"properties":{"amenity":"kindergarten","name":"Przedszkole Niepubliczne \"Mój Kotek\""}},
{"type":"Feature","geometry":{"type":"LineString","coordinates":[[18.5754372,54.3918744],[18.5745302,54.3916389],[18.5746729,54.3914482],[18.5747679,54.3914718],[18.5747695,54.3914722],[18.5748674,54.3913338],[18.5749687,54.3913646],[18.5752335,54.3910244],[18.5754527,54.3911982],[18.575455,54.391202],[18.5754576,54.3912015],[18.5757847,54.3914692],[18.5756761,54.391545],[18.5754372,54.3918744]]},"properties":{"amenity":"kindergarten","landuse":"education","name":"Przedszkole nr 77 Specjalne dla Dzieci z Porażeniem Mózgowym"}},
{"type":"Feature","geometry":{"type":"LineString","coordinates":[[18.5725171,54.3872548],[18.5736118,54.3865401],[18.5728665,54.3863657],[18.5727538,54.3863829],[18.5723877,54.3867195],[18.5721932,54.3869006],[18.5720578,54.3870826],[18.5723488,54.3871654],[18.5725171,54.3872548]]},"properties":{"amenity":"kindergarten","landuse":"education","name":"Przedszkole nr 42","website":"http://pr42.edu.gdansk.pl"}},
{"type":"Feature","geometry":{"type":"LineString","coordinates":[[18.6073436,54.3862282],[18.6067803,54.3860974],[18.6063243,54.3859897],[18.6064511,54.3855886],[18.6070955,54.3856706],[18.6076755,54.3857776],[18.607495,54.386021],[18.607459,54.386069],[18.6073436,54.3862282]]},"properties":{"amenity":"kindergarten","name":"Przedszkole nr 28"}},
{"type":"Feature","geometry":{"type":"MultiPolygon","coordinates":[[[[18.6495701,54.3443838],[18.6503004,54.3441372],[18.6508473,54.344377],[18.6511524,54.3445106],[18.6511682,54.3445293],[18.6510777,54.3446639],[18.6510362,54.3447257],[18.6510029,54.3447335],[18.651004,54.344735],[18.6507609,54.3447982],[18.6508451,54.3449088],[18.6501645,54.3451168],[18.6501317,54.3451268],[18.649976,54.3449215],[18.6499744,54.3449219],[18.6499224,54.3448526],[18.64978,54.344664],[18.64968,54.3445308],[18.6496323,54.3444672],[18.6496335,54.3444669],[18.6495701,54.3443838]]]]},"properties":{"amenity":"school","landuse":"education","name":"Szkoła Podstawowa nr 67 im. kapitana żeglugi wielkiej Tadeusza Ziółkowskiego"}},
{"type":"Feature","geometry":{"type":"MultiPolygon","coordinates":[[[[18.6058154,54.3387277],[18.6071945,54.3386531],[18.608987,54.3385572],[18.6090543,54.3387549],[18.6090174,54.3387555],[18.6090178,54.3387632],[18.6090187,54.3387838],[18.6090218,54.3388499],[18.6090335,54.3388503],[18.6090339,54.3388914],[18.6088742,54.3388933],[18.6088895,54.3391791],[18.6090449,54.3391757],[18.609047,54.3392166],[18.6090404,54.3392177],[18.6090409,54.3392919],[18.6090226,54.3392916],[18.6090261,54.3393568],[18.6089376,54.339358],[18.6089412,54.339437],[18.60894,54.3395128],[18.6089518,54.3395131],[18.6089523,54.3395466],[18.6089436,54.3395467],[18.6089536,54.3397769],[18.6089551,54.3398728],[18.6088649,54.3399587],[18.6086701,54.3399626],[18.6086021,54.339964],[18.6081556,54.339859],[18.6079308,54.3398095],[18.6078863,54.3397911],[18.6075433,54.3396978],[18.6072288,54.3396082],[18.6066559,54.3394261],[18.606341,54.3393447],[18.6059279,54.339211],[18.6058419,54.3391084],[18.6058154,54.3387277]]]]},"properties":{"amenity":"school","landuse":"education","name":"Szkoła Podstawowa nr 8"}},
{"type":"Feature","geometry":{"type":"MultiPolygon","coordinates":[[[[18.6703098,54.3990462],[18.6715843,54.3986159],[18.6719225,54.3989876],[18.6724052,54.3995075],[18.6717782,54.3997052],[18.6711193,54.3999133],[18.6708244,54.3996296],[18.6707751,54.3995803],[18.6707146,54.3996004],[18.6706929,54.399578],[18.6705876,54.3994706],[18.6705446,54.3994269],[18.6704174,54.3993013],[18.6703715,54.3992565],[18.6704881,54.399217],[18.6704121,54.3991509],[18.6703322,54.3990704],[18.6703098,54.3990462]]]]},"properties":{"amenity":"school","landuse":"education","name":"Szkoła Podstawowa nr 55"}},
{"type":"Feature","geometry":{"type":"MultiPolygon","coordinates":[[[[18.6602161,54.4022854],[18.6615647,54.4016921],[18.6620643,54.4014515],[18.6623479,54.4017318],[18.6623715,54.401755],[18.6625184,54.4019003],[18.6625847,54.4018795],[18.6635396,54.4028938],[18.6628416,54.4032062],[18.6623309,54.4028167],[18.6622849,54.4027983],[18.6610923,54.402916],[18.6610257,54.4029302],[18.6602161,54.4022854]]]]},"properties":{"addr:city":"Gdańsk","addr:housenumber":"31A","addr:postcode":"80-546","addr:street":"Na Zaspę","amenity":"school","barrier":"fence","email":"sekretariat@zso5.edu.gdansk.pl","isced:level":"3","name":"Zespół Szkół Ogólnokształcących Nr 5 IV Liceum Ogólnokształcące z Oddziałami Mistrzostwa Sportowego im. Marynarzy Wojsk Ochrony Pogranicza","operator":"Miasto Gdańsk","operator:type":"public","phone":"+48 58 682 40 33","website":"https://zso5.edu.gdansk.pl/"}},
{"type":"Feature","geometry":{"type":"MultiPolygon","coordinates":[[[[18.6555539,54.4016965],[18.6556306,54.4016626],[18.6555597,54.4015861],[18.6556432,54.4015756],[18.6561201,54.4014694],[18.6560783,54.401416],[18.6563972,54.4013256],[18.6564626,54.4013952],[18.656807,54.401296],[18.6571359,54.4016549],[18.6571593,54.4016798],[18.656811,54.4017903],[18.6571871,54.4021177],[18.657165,54.4021271],[18.6564728,54.4024244],[18.6564352,54.4024168],[18.6564056,54.4024301],[18.6563749,54.4024437],[18.6555539,54.4016965]]]]},"properties":{"amenity":"school","barrier":"fence","landuse":"education","name":"Zespół Szkół Morskich im. Bohaterskich Obrońców Westerplatte"}},
{"type":"Feature","geometry":{"type":"MultiPolygon","coordinates":[[[[18.6517716,54.3577988],[18.6522809,54.3573261],[18.6525079,54.3574096],[18.6527484,54.3573356],[18.6528746,54.3573882],[18.6528732,54.3573894],[18.6536911,54.3577251],[18.6537248,54.3577889],[18.6538047,54.3579563],[18.6538136,54.357975],[18.6527743,54.3581472],[18.6526985,54.3581238],[18.6526767,54.3580791],[18.6526929,54.3580768],[18.6526856,54.3580607],[18.6526697,54.3580293],[18.6525966,54.3580405],[18.6526041,54.3580571],[18.6525367,54.3580675],[18.652059,54.3579],[18.6517716,54.3577988]]]]},"properties":{"amenity":"school","landuse":"education","name":"Szkoła Podstawowa nr 57 im. gen. Władysława Andersa"}},
{"type":"Feature","geometry":{"type":"MultiPolygon","coordinates":[[[[18.6165931,54.3487355],[18.616596,54.3486757],[18.6166075,54.3483143],[18.616614,54.3480459],[18.6168476,54.3480411],[18.6170746,54.348048],[18.6170674,54.3478006],[18.617561,54.3477961],[18.6177407,54.3477956],[18.6180985,54.347815],[18.6180629,54.348105],[18.6180365,54.3484117],[18.6180312,54.3485667],[18.6180335,54.3486109],[18.6180365,54.348667],[18.6173012,54.3487007],[18.6167113,54.3487297],[18.6165931,54.3487355]]]]},"properties":{"addr:city":"Gdańsk","addr:housenumber":"128","addr:postcode":"80-136","addr:street":"Kartuska","amenity":"school","email":"sekretariat@lo8.edu.gdansk.pl","isced:level":"3","name":"VIII Liceum Ogólnokształcące im. Komisji Edukacji Narodowej","name:etymology:wikidata":"Q1562345","operator":"Miasto Gdańsk","operator:type":"public","phone":"+48 58 302 00 10","website":"https://lo8.gda.pl/"}},
{"type":"Feature","geometry":{"type":"MultiPolygon","coordinates":[[[[18.6180635,54.3484489],[18.6180642,54.3484224],[18.6180761,54.3483154],[18.6181263,54.3478179],[18.6183485,54.3478287],[18.6187208,54.3478514],[18.6189356,54.3478682],[18.6190173,54.3478762],[18.6191887,54.3479021],[18.6192542,54.3479139],[18.6194466,54.347952],[18.6196291,54.3479897],[18.6195261,54.348144],[18.6195238,54.3481574],[18.6195162,54.3482243],[18.6194931,54.3484323],[18.6194848,54.3485258],[18.6181145,54.3484757],[18.6180635,54.3484489]]]]},"properties":{"amenity":"school","contact:website":"http://www.sp14.gda.pl/","landuse":"education","name":"Szkoła Podstawowa nr 14 im. ks. Grzegorza Piramowicza","name:etymology:wikidata":"Q3920823"}},
{"type":"Feature","geometry":{"type":"MultiPolygon","coordinates":[[[[18.6201765,54.3414125],[18.6203652,54.3414053],[18.6206097,54.3414893],[18.6206298,54.3418366],[18.6210432,54.341832],[18.6210593,54.3422691],[18.6209648,54.342271],[18.6203031,54.342283],[18.6202377,54.3422497],[18.6201765,54.3414125]]]]},"properties":{"amenity":"kindergarten","barrier":"fence","fence_type":"metal","name":"Żłobek nr 19"}},
{"type":"Feature","geometry":{"type":"MultiPolygon","coordinates":[[[[18.6206097,54.3414893],[18.6212471,54.3417149],[18.6219143,54.3419006],[18.6219506,54.3423368],[18.6210642,54.3423553],[18.621061,54.3422963],[18.6210593,54.3422691],[18.6210432,54.341832],[18.6206298,54.3418366],[18.6206097,54.3414893]]]]},"properties":{"amenity":"kindergarten","barrier":"fence","contact:website":"http://www.radosnyzakatek.nsm.pl/","fence_type":"metal","name":"Przedszkole nr 76 Radosny Zakątek"}},
{"type":"Feature","geometry":{"type":"MultiPolygon","coordinates":[[[[18.6223783,54.3407135],[18.6223867,54.3407067],[18.6223866,54.3405765],[18.6223899,54.3405731],[18.6224844,54.3404774],[18.6225094,54.3404767],[18.6231235,54.3404593],[18.623122,54.3404867],[18.6232632,54.3404974],[18.623255,54.3406189],[18.6234417,54.340618],[18.6234413,54.340789],[18.623439,54.3408425],[18.6233048,54.3409548],[18.6232766,54.3409699],[18.6232547,54.3409751],[18.6232264,54.3409758],[18.6227792,54.3409866],[18.6223969,54.3409959],[18.6223783,54.3407135]]]]},"properties":{"amenity":"kindergarten","barrier":"fence","name":"Przedszkole nr 85 Wesoły Ul"}},
{"type":"Feature","geometry":{"type":"MultiPolygon","coordinates":[[[[18.594135,54.3910159],[18.594292,54.3906856],[18.5944813,54.3902868],[18.5945384,54.3901697],[18.5947428,54.3902029],[18.5947682,54.390207],[18.5947917,54.3902108],[18.5954421,54.3903165],[18.5954662,54.3903204],[18.5954883,54.390324],[18.5957562,54.3903674],[18.5959712,54.390467],[18.5958815,54.390521],[18.5948917,54.3911348],[18.594135,54.3910159]]]]},"properties":{"amenity":"school","barrier":"fence","landuse":"education","name":"Podstawowa Szkoła Społeczna \"Niedźwiednik\""}},
{"type":"Feature","geometry":{"type":"MultiPolygon","coordinates":[[[[18.6748436,54.3982875],[18.6749367,54.3982644],[18.6749502,54.3982829],[18.6751379,54.3982365],[18.675124,54.3982174],[18.6752184,54.398194],[18.6752799,54.3982786],[18.6752902,54.3982761],[18.6753375,54.3983411],[18.6752049,54.3983738],[18.6752103,54.3983813],[18.6750843,54.3984148],[18.6750782,54.3984065],[18.6749465,54.3984398],[18.6748983,54.3983747],[18.6749057,54.3983728],[18.6748436,54.3982875]]]]},"properties":{"addr:city":"Gdańsk","addr:country":"PL","addr:housenumber":"14","addr:postcode":"80-547","addr:street":"Władysława IV","amenity":"kindergarten","building":"yes","name":"Przedszkole Nr 1","source:addr":"Urząd Miasta Gdańsk"}},
{"type":"Feature","geometry":{"type":"MultiPolygon","coordinates":[[[[18.7195732,54.3606218],[18.7201187,54.3606044],[18.7201032,54.360441],[18.7202763,54.3604355],[18.7203444,54.3611567],[18.7201717,54.3611622],[18.7201701,54.3611453],[18.7201169,54.361147],[18.7201194,54.3611729],[18.7198391,54.3611819],[18.7198248,54.3610307],[18.7201051,54.3610217],[18.7201072,54.3610434],[18.7201604,54.3610417],[18.7201271,54.3606892],[18.7195813,54.3607067],[18.7195732,54.3606218]]]]},"properties":{"addr:city":"Gdańsk","addr:housenumber":"3","addr:postcode":"80-627","addr:street":"Kłosowa","amenity":"school","building":"yes","name":"Szkoła Podstawowa nr 72 im. Obrońców Westerplatte"}},
{"type":"Feature","geometry":{"type":"MultiPolygon","coordinates":[[[[18.5663654,54.4173261],[18.5663812,54.4172932],[18.5663897,54.4172946],[18.5663972,54.4172783],[18.5664468,54.4172855],[18.5666481,54.4173225],[18.5666494,54.4173199],[18.5668032,54.4173459],[18.5667635,54.4174259],[18.5664116,54.4173619],[18.5664231,54.4173354],[18.5663654,54.4173261]]]]},"properties":{"addr:city":"Gdańsk","addr:country":"PL","addr:housenumber":"563A","addr:postcode":"80-339","addr:street":"Aleja Grunwaldzka","amenity":"kindergarten","building":"yes","source:addr":"Urząd Miasta Gdańsk"}},
{"type":"Feature","geometry":{"type":"MultiPolygon","coordinates":[[[[18.6003004,54.4087679],[18.600301,54.4085159],[18.600592,54.4084719],[18.6008501,54.4086494],[18.6009125,54.4086598],[18.6008852,54.4087118],[18.6012355,54.4087785],[18.6012148,54.4088153],[18.6013562,54.4088423],[18.6013775,54.4088043],[18.60204,54.4089304],[18.6020269,54.4089536],[18.6020794,54.4089636],[18.6021485,54.4089767],[18.6020095,54.409224],[18.6018957,54.4092523],[18.6003699,54.4088555],[18.6003004,54.4087679]]]]},"properties":{"addr:city":"Gdańsk","addr:housenumber":"28","addr:postcode":"80-365","addr:street":"Prezydenta Lecha Kaczyńskiego","amenity":"school","barrier":"fence","contact:facebook":"https://www.facebook.com/SORWGdansk/","email":"sekretariat@sorw.edu.gdansk.pl","fax":"+48 58 553 40 32","name":"Specjalny Ośrodek Rewalidacyjno-Wychowawczy dla Dzieci i Młodzieży z Autyzmem w Gdańsku","phone":"+48 58 553 40 32","source:addr":"Urząd Miasta Gdańsk","start_date":"1992","website":"https://sorw.edu.gdansk.pl/"}},
{"type":"Feature","geometry":{"type":"MultiPolygon","coordinates":[[[[18.5606005,54.4026813],[18.5608108,54.4022383],[18.5610029,54.4022682],[18.5609541,54.4023701],[18.5609025,54.4024779],[18.5608622,54.4025621],[18.5607903,54.4027122],[18.5606005,54.4026813]]]]},"properties":{"addr:city":"Gdańsk","addr:city:simc":"0933016","addr:country":"PL","addr:housenumber":"124","addr:postcode":"80-308","addr:street":"Polanki","amenity":"school","building":"school","building:levels":"3","check_date":"2024-08-02","name":"Ogólnokształcące Liceum Programów Indywidualnych","source":"www.geoportal.gov.pl","source:addr":"gugik.gov.pl"}},
{"type":"Feature","geometry":{"type":"MultiPolygon","coordinates":[[[[18.5566232,54.4102054],[18.5566841,54.4102022],[18.5566836,54.4101979],[18.5568334,54.4101904],[18.5568541,54.4103334],[18.5566428,54.4103442],[18.5566232,54.4102054]]]]},"properties":{"addr:city":"Gdańsk","addr:country":"PL","addr:housenumber":"7","addr:postcode":"80-330","addr:street":"Cystersów","amenity":"kindergarten","building":"kindergarten","building:levels":"3","source":"www.geoportal.gov.pl","source:addr":"Urząd Miasta Gdańsk"}},
{"type":"Feature","geometry":{"type":"MultiPolygon","coordinates":[[[[18.5624944,54.4120999],[18.5625246,54.4120528],[18.5625103,54.4120496],[18.5625472,54.4119918],[18.5625616,54.411995],[18.5625923,54.4119481],[18.5627404,54.4119812],[18.5627052,54.4120349],[18.5627116,54.4120365],[18.5627104,54.412039300000007],[18.562739,54.4120457],[18.5627156,54.4120831],[18.5626867,54.4120769],[18.5626836,54.4120804],[18.5626782,54.4120789],[18.5626434,54.4121326],[18.5624944,54.4120999]]]]},"properties":{"addr:city":"Gdańsk","addr:country":"PL","addr:housenumber":"12A","addr:postcode":"80-338","addr:street":"Opacka","amenity":"kindergarten","building":"kindergarten","building:levels":"3","source":"www.geoportal.gov.pl","source:addr":"Urząd Miasta Gdańsk"}},
{"type":"Feature","geometry":{"type":"MultiPolygon","coordinates":[[[[18.6744381,54.3980856],[18.6745794,54.3980504],[18.6754673,54.3978213],[18.6758275,54.3983125],[18.6752384,54.3984574],[18.6748153,54.3985606],[18.6744381,54.3980856]]]]},"properties":{"amenity":"kindergarten","name":"Przedszkole nr 1 \"Tęczowa Jedyneczka\""}},
{"type":"Feature","geometry":{"type":"MultiPolygon","coordinates":[[[[18.6246732,54.3414386],[18.624876,54.3414327],[18.6248938,54.3417128],[18.6247885,54.3417147],[18.6247885,54.3417118],[18.6247522,54.3417121],[18.6247365,54.3417085],[18.624725,54.341701],[18.6247216,54.3416923],[18.6247133,54.3415871],[18.6246842,54.3415871],[18.6246732,54.3414386]]]]},"properties":{"addr:city":"Gdańsk","addr:country":"PL","addr:housenumber":"1","addr:postcode":"80-807","addr:street":"Tytusa Chałubińskiego","amenity":"kindergarten","building":"yes","name":"Podwodna Kraina","source:addr":"Urząd Miasta Gdańsk"}},
{"type":"Feature","geometry":{"type":"MultiPolygon","coordinates":[[[[18.6251996,54.3418466],[18.62521,54.3416936],[18.6253283,54.3416976],[18.6253259,54.3417708],[18.6254761,54.3417738],[18.6254721,54.3418408],[18.6254507,54.341841],[18.6254685,54.3418773],[18.6253957,54.3418893],[18.6253743,54.3418526],[18.6251996,54.3418466]]]]},"properties":{"addr:city":"Gdańsk","addr:country":"PL","addr:housenumber":"1A","addr:postcode":"80-807","addr:street":"Tytusa Chałubińskiego","amenity":"kindergarten","building":"yes","name":"Szkrabolandia","source:addr":"Urząd Miasta Gdańsk"}},
{"type":"Feature","geometry":{"type":"MultiPolygon","coordinates":[[[[18.4744588,54.4236562],[18.474629,54.4236407],[18.4746471,54.4237076],[18.4746931,54.4237033],[18.474711,54.4237696],[18.4747569,54.4237654],[18.4747762,54.423837],[18.4745141,54.423861],[18.4744628,54.4236711],[18.4744588,54.4236562]]]]},"properties":{"addr:city":"Gdańsk","addr:country":"PL","addr:housenumber":"9","addr:postcode":"80-299","addr:street":"Diany","amenity":"kindergarten","building":"yes","building:levels":"1","name":"Krasnoludek","roof:shape":"hipped","source:addr":"Urząd Miasta Gdańsk"}},
{"type":"Feature","geometry":{"type":"MultiPolygon","coordinates":[[[[18.4545833,54.4219591],[18.4546215,54.4219439],[18.454613,54.4219365],[18.4546155,54.4219239],[18.4546383,54.4219152],[18.4546587,54.4219184],[18.4546675,54.4219262],[18.4547055,54.421911],[18.4547515,54.42195],[18.4547961,54.4219324],[18.454862,54.4219885],[18.4548167,54.4220065],[18.4548288,54.4220167],[18.454691,54.4220715],[18.4546336,54.4220228],[18.4546501,54.4220162],[18.4545833,54.4219591]]]]},"properties":{"addr:city":"Gdańsk","addr:country":"PL","addr:housenumber":"2","addr:postcode":"80-299","addr:street":"Westy","amenity":"kindergarten","building":"yes","name":"Puchatek","source:addr":"Urząd Miasta Gdańsk"}},
{"type":"Feature","geometry":{"type":"MultiPolygon","coordinates":[[[[18.6579604,54.3550738],[18.658055,54.3548986],[18.6581331,54.3547974],[18.6581152,54.3547937],[18.6581449,54.3547488],[18.6587017,54.3548411],[18.6590329,54.3549012],[18.6591561,54.3549278],[18.659287,54.3549608],[18.6593483,54.3549882],[18.6595089,54.3550628],[18.6595903,54.3551127],[18.6596395,54.3550921],[18.6598492,54.3550062],[18.6601299,54.3551712],[18.6602317,54.3552341],[18.6589161,54.3558357],[18.6586672,54.3556741],[18.6586423,54.3556579],[18.6586598,54.3556026],[18.6581113,54.3553327],[18.6580645,54.3552922],[18.6579604,54.3550738]]]]},"properties":{"amenity":"school","barrier":"fence","check_date":"2025-06-15","landuse":"education","name":"Szkoła Podstawowa Specjalna nr 26"}},
{"type":"Feature","geometry":{"type":"MultiPolygon","coordinates":[[[[18.6542811,54.3565348],[18.6544945,54.3562696],[18.6547098,54.3560022],[18.6547126,54.3559987],[18.6548887,54.3560414],[18.6549958,54.3560663],[18.6550699,54.3560836],[18.6550952,54.3560485],[18.6550887,54.3560472],[18.6550895,54.3560455],[18.6550875,54.356045],[18.6551524,54.3559246],[18.6551547,54.3559249],[18.6551558,54.3559229],[18.6551742,54.3559259],[18.6551738,54.3559269],[18.6552831,54.3559522],[18.6553038,54.355947],[18.6554295,54.3559753],[18.6554237,54.3559836],[18.6555503,54.3560124],[18.6555509,54.3560114],[18.6555684,54.3560155],[18.655568,54.3560165],[18.6555784,54.3560191],[18.6555792,54.3560181],[18.6556268,54.3560294],[18.6556288,54.3560267],[18.6556458,54.3560294],[18.6556433,54.3560332],[18.655693,54.356045],[18.6556955,54.3560412],[18.6557042,54.3560432],[18.6557121,54.3560451],[18.6557092,54.3560489],[18.6557588,54.3560607],[18.6557613,54.3560568],[18.6557777,54.3560607],[18.6557751,54.3560645],[18.6558251,54.3560763],[18.6558276,54.3560725],[18.6558435,54.3560763],[18.6558408,54.3560801],[18.655898,54.3560937],[18.6558245,54.3561936],[18.6558097,54.3562135],[18.655689,54.3563747],[18.6554721,54.356657],[18.6553793,54.3566235],[18.6553559,54.3566179],[18.6552441,54.3565902],[18.6552246,54.3566184],[18.6553243,54.3566425],[18.6552626,54.3566866],[18.6552382,54.3567041],[18.6551339,54.3567933],[18.6551043,54.3568161],[18.6550772,54.3568371],[18.6550477,54.3568598],[18.6550341,54.3568541],[18.6547818,54.3567471],[18.6547356,54.3567275],[18.6545497,54.3566487],[18.6542811,54.3565348]]]]},"properties":{"amenity":"school","landuse":"education","name":"Gdańskie Szkoły Autonomiczne"}},
{"type":"Feature","geometry":{"type":"MultiPolygon","coordinates":[[[[18.6478317,54.358733],[18.6478499,54.3587282],[18.6482111,54.3586424],[18.6479903,54.3581615],[18.6485588,54.3580757],[18.6487598,54.3579065],[18.648762,54.3579049],[18.6492591,54.3581224],[18.6493399,54.3581585],[18.6493294,54.358159],[18.6491589,54.3582927],[18.6492764,54.3584443],[18.6491011,54.3585984],[18.6491062,54.3586004],[18.6491373,54.3586127],[18.6493459,54.3586954],[18.6492659,54.3587678],[18.6492472,54.3587619],[18.649032,54.3589497],[18.6490401,54.3589529],[18.6489932,54.358992],[18.6489917,54.358994],[18.6489882,54.3589997],[18.6489772,54.3590392],[18.6489791,54.3590523],[18.6489543,54.3590535],[18.6488841,54.359063],[18.6488693,54.3590726],[18.6488527,54.3590639],[18.6488038,54.3590586],[18.6488008,54.3590676],[18.6487637,54.3590639],[18.6487272,54.3590602],[18.6487299,54.3590513],[18.6486797,54.3590467],[18.6486598,54.3590516],[18.6486546,54.3590448],[18.6486506,54.3590397],[18.6485881,54.3590164],[18.6485677,54.3590108],[18.6482166,54.3590297],[18.6481907,54.3590097],[18.6478317,54.358733]]]]},"properties":{"addr:city":"Gdańsk","addr:housenumber":"6","addr:postcode":"80-855","addr:street":"Wały Piastowskie","amenity":"school","email":"szkola@ilo.gda.pl","fax":"+48 58 301 67 34","isced:level":"3","landuse":"education","name":"I Liceum Ogólnokształcące im. Mikołaja Kopernika","name:de":"Oberrealschule St. Petri und Pauli","name:etymology:wikidata":"Q619","name:pl":"I Liceum Ogólnokształcące im. Mikołaja Kopernika","operator":"Miasto Gdańsk","operator:type":"public","phone":"+48 58 301 67 34","short_name":"I LO im. Mikołaja Kopernika","source":"Bing","website":"https://ilo.gda.pl/","wikidata":"Q11710603","wikipedia":"pl:I Liceum Ogólnokształcące im. Mikołaja Kopernika w Gdańsku"}},
{"type":"Feature","geometry":{"type":"MultiPolygon","coordinates":[[[[18.6285521,54.4091242],[18.6296614,54.4089248],[18.6297242,54.4088936],[18.6300525,54.4088365],[18.6304028,54.4088126],[18.630475,54.4091822],[18.6302723,54.4092004],[18.6302762,54.4092294],[18.6292874,54.4092926],[18.6290525,54.4092894],[18.6288996,54.4092858],[18.6287447,54.4092776],[18.628592,54.4092681],[18.6285521,54.4091242]]]]},"properties":{"amenity":"kindergarten","barrier":"fence","name":"Przedszkole Niepubliczne Sióstr Benedyktynek Misjonarek","website":"https://przedszkole.benedyktynki.pl/"}},
{"type":"Feature","geometry":{"type":"MultiPolygon","coordinates":[[[[18.5608824,54.4389688],[18.5609291,54.4385508],[18.5613071,54.4385704],[18.5617666,54.4385798],[18.5618515,54.4387553],[18.5616189,54.4390731],[18.5615991,54.4390859],[18.5615889,54.4390983],[18.56157,54.4391075],[18.5615383,54.4391101],[18.5609038,54.4390187],[18.5609135,54.4389714],[18.5608824,54.4389688]]]]},"properties":{"addr:city":"Sopot","addr:street":"Aleja Niepodległości","amenity":"school","landuse":"education","name":"II Liceum Ogólnokształcące imienia Bolesława Chrobrego"}},
{"type":"Feature","geometry":{"type":"MultiPolygon","coordinates":[[[[18.6562673,54.3547993],[18.6562701,54.3547475],[18.6562913,54.3543577],[18.6563848,54.3543471],[18.6564225,54.3543428],[18.6564255,54.3543273],[18.6564304,54.3543016],[18.6564334,54.354286],[18.6563945,54.3542816],[18.656377,54.3542707],[18.6563858,54.3542492],[18.6563049,54.354166],[18.6563274,54.3538474],[18.6565887,54.3538671],[18.6567065,54.353876],[18.6570246,54.3538999],[18.6571103,54.3539064],[18.6572776,54.3539164],[18.6574627,54.3539273],[18.6577137,54.353942],[18.6578471,54.3539498],[18.6577727,54.3540535],[18.6576261,54.3542443],[18.657533,54.35437],[18.657597,54.354386],[18.6577365,54.3544206],[18.6579289,54.3544681],[18.6579448,54.3544719],[18.6579245,54.3545003],[18.6577627,54.3547209],[18.6576002,54.3549399],[18.65745,54.355146],[18.657414,54.355195],[18.6573641,54.3551772],[18.65733,54.355165],[18.657354,54.355137],[18.6571207,54.3550686],[18.6569623,54.3550222],[18.656825,54.354982],[18.656808,54.355002],[18.6567833,54.3549947],[18.656764,54.354989],[18.6565562,54.3549276],[18.6565437,54.3549423],[18.6565285,54.3549603],[18.6564689,54.3549467],[18.6564293,54.3549346],[18.6564913,54.3548592],[18.6563334,54.354817],[18.6562673,54.3547993]]]]},"properties":{"addr:city":"Gdańsk","addr:housenumber":"51/52","addr:postcode":"80-845","addr:street":"Podwale Staromiejskie","amenity":"school","contact:phone":"+4858 301 67 14","grades":"9-13","landuse":"education","name":"Zespół Szkół Łączności im. Obrońców Poczty Polskiej","ref:ckkp":"PM00414","start_date":"1951","website":"http://www.zsl.gda.pl/","wikidata":"Q30609098","wikipedia":"pl:Muzeum Poczty Polskiej w Gdańsku"}},
{"type":"Feature","geometry":{"type":"MultiPolygon","coordinates":[[[[18.6546557,54.3525737],[18.654843,54.3525493],[18.6549387,54.3525458],[18.654935300000003,54.3525294],[18.6553103,54.3524928],[18.6553155,54.3525146],[18.6554045,54.3525061],[18.6554973,54.3524977],[18.6555438,54.3526895],[18.6559204,54.3527005],[18.656339,54.3527455],[18.6563726,54.3528773],[18.6563814,54.3529119],[18.6563278,54.3530995],[18.6555338,54.3530306],[18.6555153,54.3531024],[18.6553858,54.3530907],[18.65538,54.353075],[18.655367,54.353076],[18.655366,54.353072],[18.655363,54.35307],[18.655202,54.353074],[18.655202,54.353082],[18.654828,54.353096],[18.654829,54.353098],[18.654818,54.353099],[18.6547872,54.3530021],[18.6548242,54.3530008],[18.6548556,54.3529997],[18.6549119,54.3529977],[18.654907,54.3529507],[18.6548885,54.3529511],[18.6548563,54.3529385],[18.6548363,54.3528445],[18.6547567,54.3528495],[18.6547379,54.352846],[18.6546557,54.3525737]]]]},"properties":{"amenity":"school","landuse":"education","name":"Szkoła Podstawowa nr 50 im. Emilii Plater"}},
{"type":"Feature","geometry":{"type":"MultiPolygon","coordinates":[[[[18.6555364,54.3512304],[18.6561593,54.3511444],[18.6562017,54.3511408],[18.6562422,54.3511446],[18.6562831,54.3511562],[18.656311,54.3511724],[18.6563377,54.3511956],[18.6564758,54.3515311],[18.6562668,54.3515552],[18.6562308,54.3515593],[18.6557733,54.3516121],[18.6556934,54.3516225],[18.6555364,54.3512304]]]]},"properties":{"addr:city":"Gdańsk","addr:housenumber":"26","addr:postcode":"80-840","addr:street":"Świętojańska","amenity":"kindergarten","barrier":"fence","capacity":"105","contact:fax":"583012179","contact:phone":"583012179","name":"Przedszkole Nr 32","operator":"gmina"}},
{"type":"Feature","geometry":{"type":"MultiPolygon","coordinates":[[[[18.6531681,54.3527697],[18.6531707,54.352752],[18.6531861,54.3527405],[18.6532126,54.3527347],[18.6539822,54.3526543],[18.6541005,54.3530239],[18.6541024,54.3530312],[18.6540907,54.3531014],[18.6540817,54.3531462],[18.6540745,54.3531781],[18.65323,54.3530905],[18.6532393,54.3530184],[18.6532175,54.3529735],[18.6531681,54.3527697]]]]},"properties":{"addr:city":"Gdańsk","addr:housenumber":"1","addr:postcode":"80-837","addr:street":"Pachołów","amenity":"kindergarten","contact:fax":"583018559","contact:phone":"583018559","name":"Pod Wesołą Chmurką","official_name":"Niepubliczne Przedszkole Językowe Pod Wesołą Chmurką","operator":"mgr Elżbieta Chmura"}},
{"type":"Feature","geometry":{"type":"MultiPolygon","coordinates":[[[[18.5880766,54.3165608],[18.588726,54.3160773],[18.5891487,54.3157504],[18.589946,54.3160096],[18.5901048,54.3161156],[18.5900639,54.3162182],[18.5900501,54.3162525],[18.5900413,54.3162748],[18.590176,54.3166507],[18.5901869,54.3166791],[18.5892614,54.3166719],[18.5888863,54.3168289],[18.5886198,54.3169596],[18.5885265,54.316841],[18.5883664,54.3167194],[18.5881156,54.3165633],[18.5880766,54.3165608]]]]},"properties":{"addr:city":"Gdańsk","addr:housenumber":"20","addr:postcode":"80-180","addr:street":"Wielkopolska","amenity":"school","barrier":"fence","email":"sekretariat@SP86.edu.gdansk.pl","fax":"+48 58 309 93 08","landuse":"education","name":"Szkoła Podstawowa nr 86 im. prof. Jerzego Sampa","phone":"+48 58 309 93 08","website":"https://sp86.edu.gdansk.pl/"}},
{"type":"Feature","geometry":{"type":"MultiPolygon","coordinates":[[[[18.5818382,54.3244824],[18.5819001,54.3244815],[18.5828497,54.3244669],[18.5839607,54.3244479],[18.5847786,54.3244128],[18.585118,54.3243983],[18.5855724,54.3243602],[18.5857229,54.3243493],[18.5868743,54.324255],[18.58696,54.3246244],[18.5869173,54.3246602],[18.5864579,54.3247016],[18.5858124,54.3249498],[18.5857181,54.3249506],[18.5857209,54.3249665],[18.5857209,54.3249866],[18.5852688,54.3251571],[18.5849786,54.3251582],[18.5849105,54.3251579],[18.5849132,54.3252958],[18.5840225,54.3253063],[18.5839264,54.3253073],[18.582743,54.3253212],[18.5818734,54.3253338],[18.5818382,54.3244824]]]]},"properties":{"amenity":"school","barrier":"fence","landuse":"education","name":"Szkoła Podstawowa nr 12"}},
{"type":"Feature","geometry":{"type":"MultiPolygon","coordinates":[[[[18.576314,54.301545],[18.5765006,54.3014282],[18.5766527,54.3013914],[18.5770208,54.3013023],[18.5770228,54.3013018],[18.5771489,54.3014866],[18.5771846,54.3015488],[18.5767693,54.3018005],[18.576314,54.301545]]]]},"properties":{"addr:city":"Borkowo","addr:country":"PL","addr:housenumber":"4","addr:street":"Klasyczna","amenity":"kindergarten","barrier":"fence","check_date":"2022-12-04","contact:email":"biuro@horyzoncik.pl","contact:phone":"+48 504-772-950","fence_type":"chain_link","name":"Przedszkole Horyzoncik","website":"http://www.horyzoncik.pl/"}},
{"type":"Feature","geometry":{"type":"MultiPolygon","coordinates":[[[[18.5690799,54.305593],[18.5692041,54.3055516],[18.5692426,54.3055908],[18.5692679,54.3055824],[18.5692843,54.305577],[18.5693533,54.3056523],[18.5693145,54.3056652],[18.5693211,54.305672],[18.5691955,54.3057137],[18.5691517,54.3056689],[18.5691412,54.3056725],[18.5691061,54.3056366],[18.5691184,54.3056325],[18.5690799,54.305593]]]]},"properties":{"amenity":"kindergarten","building":"yes","building:levels":"3","name":"Skrawek Nieba","opening_hours":"Mo-Fr 07:00-17:00","source:building":"BDOT"}},
{"type":"Feature","geometry":{"type":"MultiPolygon","coordinates":[[[[18.5900681,54.3622169],[18.5902791,54.3619353],[18.5904154,54.3617557],[18.5906354,54.3614656],[18.590684,54.3614509],[18.5909082,54.3614951],[18.5917883,54.3616718],[18.5917067,54.3621034],[18.5915388,54.3623039],[18.5914937,54.362321],[18.590826,54.3623625],[18.5908223,54.3623798],[18.5908186,54.3623968],[18.5903623,54.3622622],[18.5903112,54.3623189],[18.5901044,54.3622594],[18.5900681,54.3622169]]]]},"properties":{"addr:city":"Gdańsk","addr:housenumber":"62","addr:postcode":"80-215","addr:street":"Wileńska","amenity":"kindergarten","barrier":"fence","landuse":"education","name":"Przedszkole nr 75"}},
{"type":"Feature","geometry":{"type":"MultiPolygon","coordinates":[[[[18.6135809,54.3569627],[18.6138855,54.3564599],[18.6140257,54.3561143],[18.6141226,54.3558826],[18.6142193,54.3558819],[18.6145714,54.3558783],[18.6147607,54.3558762],[18.6145852,54.3563788],[18.6147912,54.3564057],[18.6150264,54.3564371],[18.6152038,54.3564608],[18.6153497,54.3564803],[18.6157285,54.3565535],[18.6158703,54.3565809],[18.6157409,54.3568884],[18.6156715,54.3568833],[18.6153629,54.357607],[18.6152403,54.3575898],[18.6143169,54.3574544],[18.6143736,54.3573187],[18.6143638,54.3573172],[18.6140481,54.357267],[18.614154,54.3570596],[18.613961,54.3570182],[18.6135809,54.3569627]]]]},"properties":{"addr:city":"Gdańsk","addr:street":"Ludwika Beethovena","amenity":"school","contact:phone":"+4858 302 20 10","landuse":"education","name":"Szkoła Podstawowa nr 43","website":"http://www.gim29gda.pl/"}},
{"type":"Feature","geometry":{"type":"MultiPolygon","coordinates":[[[[18.6261664,54.3516041],[18.6262591,54.3516072],[18.6279817,54.3516388],[18.6281389,54.3516417],[18.6281671,54.3516412],[18.6282326,54.3516129],[18.6286307,54.3516208],[18.6285843,54.3518138],[18.6284178,54.3520598],[18.6282977,54.3521385],[18.6278927,54.352428],[18.6274196,54.3526713],[18.627405,54.3526137],[18.6273428,54.3525647],[18.6272916,54.3525498],[18.6271599,54.3525008],[18.6271664,54.3522171],[18.6263005,54.3520668],[18.6261771,54.3518917],[18.6261664,54.3516041]]]]},"properties":{"addr:city":"Gdańsk","addr:housenumber":"3","addr:postcode":"80-145","addr:street":"Skarpowa","amenity":"school","barrier":"fence","landuse":"education","name":"Szkoła Podstawowa nr 58 im. Kazimierza Sołtysika w Gdańsku","website":"http://sp58.edu.gdansk.pl"}},
{"type":"Feature","geometry":{"type":"MultiPolygon","coordinates":[[[[18.4166879,54.439482],[18.4172262,54.4394417],[18.417191,54.4392647],[18.4172388,54.4392725],[18.4182236,54.4393848],[18.4182126,54.439461],[18.4182185,54.439499],[18.4182969,54.4399871],[18.4182206,54.4399924],[18.4182239,54.4400096],[18.4182401,54.4400937],[18.4182637,54.4401895],[18.4182285,54.44019],[18.4182533,54.4403061],[18.4178737,54.4403211],[18.4179266,54.4404561],[18.4181062,54.4405576],[18.4178539,54.4406937],[18.4174361,54.4409167],[18.417073,54.4411105],[18.4170671,54.4410856],[18.416774,54.4396427],[18.416704,54.4395695],[18.4166879,54.439482]]]]},"properties":{"amenity":"school","barrier":"fence","contact:fax":"+48 58 552-80-10","contact:phone":"+48 58 552-80-10","name":"Szkoła Podstawowa im. Adama Mickiewicza w Chwaszczynie"}},
{"type":"Feature","geometry":{"type":"MultiPolygon","coordinates":[[[[18.6239411,54.3267551],[18.6242289,54.3267536],[18.6248296,54.3267506],[18.6248288,54.3266988],[18.6248273,54.3266074],[18.6250139,54.3266064],[18.6250134,54.3265763],[18.6250051,54.3264347],[18.6251698,54.3264332],[18.6251728,54.3263236],[18.6250342,54.3263232],[18.6250252,54.3261524],[18.6251994,54.3259697],[18.6252543,54.3257247],[18.6256494,54.3257043],[18.6263721,54.3256967],[18.6272873,54.325687],[18.6275746,54.3258452],[18.6273977,54.326034],[18.6269612,54.3262287],[18.6266679,54.3265415],[18.6265825,54.3266222],[18.6266109,54.3269199],[18.626659,54.3270238],[18.6267603,54.3271118],[18.6267366,54.3271113],[18.6267345,54.3272372],[18.626641,54.3272385],[18.6266096,54.3272497],[18.6265701,54.3272422],[18.6265027,54.3272436],[18.626383,54.3273283],[18.6262563,54.3273466],[18.6256943,54.3273446],[18.6256362,54.3273642],[18.625058,54.3273758],[18.6247165,54.3273735],[18.6243383,54.3273129],[18.6239578,54.3272992],[18.6239588,54.3272439],[18.6239411,54.3267551]]]]},"properties":{"amenity":"school","barrier":"fence","name":"Szkoła Podstawowa nr 19 im. Zasłużonych Ludzi Morza","short_name":"ZKPiG nr 6","website":"http://sp19.edu.gdansk.pl/"}},
{"type":"Feature","geometry":{"type":"MultiPolygon","coordinates":[[[[18.6018422,54.353516],[18.6021152,54.3532128],[18.6020682,54.3532017],[18.602018,54.3531897],[18.6021998,54.3528268],[18.6022501,54.3527802],[18.6022733,54.3527574],[18.6023738,54.3527079],[18.6025091,54.3526952],[18.6028729,54.352703],[18.6030104,54.3526418],[18.6042294,54.352845],[18.6041521,54.3529912],[18.6040387,54.3531197],[18.6040045,54.3531916],[18.6040108,54.353348],[18.6040104,54.3535923],[18.6039999,54.3536634],[18.6033834,54.3538782],[18.6028061,54.353896],[18.6028076,54.3539769],[18.6024653,54.3539747],[18.6018563,54.3539723],[18.6018422,54.353516]]]]},"properties":{"addr:city":"Gdańsk","addr:housenumber":"1","addr:postcode":"80-169","addr:street":"Piotra Czajkowskiego","amenity":"school","barrier":"fence","contact:email":"sp42gda@wp.pl","contact:fax":"+48 58 302 46 04","contact:phone":"+48 58 302 46 04","contact:website":"http://zsp2.edu.gdansk.pl","landuse":"education","name":"Zespół Szkolno - Przedszkolny nr 2 w Gdańsku"}},
{"type":"Feature","geometry":{"type":"MultiPolygon","coordinates":[[[[18.5629126,54.3109238],[18.5630933,54.3107852],[18.5634413,54.3105104],[18.5635744,54.3104051],[18.5641834,54.3106684],[18.5640922,54.3107404],[18.5638926,54.3108983],[18.5638753,54.3109288],[18.5638647,54.3109509],[18.5638169,54.3109907],[18.563599,54.3111612],[18.5635306,54.3111336],[18.5632342,54.3110132],[18.5631913,54.3110434],[18.5630016,54.3109627],[18.5629229,54.3109283],[18.5629126,54.3109238]]]]},"properties":{"amenity":"kindergarten"}},
{"type":"Feature","geometry":{"type":"MultiPolygon","coordinates":[[[[18.712067,54.3623081],[18.7127296,54.3621139],[18.7134262,54.3619217],[18.7134777,54.3620088],[18.7135109,54.3621036],[18.7135225,54.3621366],[18.7135301,54.3622121],[18.7135185,54.3623116],[18.7134895,54.362466],[18.7134618,54.3626567],[18.7125143,54.3626263],[18.7124559,54.3625878],[18.7122453,54.3624415],[18.712067,54.3623081]]]]},"properties":{"amenity":"kindergarten","barrier":"fence","landuse":"education","name":"Przedszkole nr 58"}},
{"type":"Feature","geometry":{"type":"MultiPolygon","coordinates":[[[[18.7109751,54.3614986],[18.7110285,54.3613722],[18.7110412,54.3613421],[18.7110574,54.3613108],[18.7111618,54.3611201],[18.7113305,54.3611456],[18.7115463,54.3611775],[18.711888,54.3612185],[18.7119215,54.3612228],[18.7119369,54.3612248],[18.7122845,54.3612645],[18.7123032,54.3612665],[18.7128831,54.3613274],[18.7130857,54.3613476],[18.7131636,54.3614781],[18.7133232,54.3617462],[18.713295,54.3618097],[18.7132995,54.3618313],[18.7133028,54.3618512],[18.7134008,54.3618766],[18.7134262,54.3619217],[18.7127296,54.3621139],[18.712067,54.3623081],[18.7115211,54.3619162],[18.7112893,54.3617495],[18.7111734,54.3616661],[18.7110058,54.3615418],[18.7109849,54.3615205],[18.7109751,54.3614986]]]]},"properties":{"amenity":"school","landuse":"education","name":"Szkoła Podstawowa nr 11 im. Na Bursztynowym Szlaku"}},
{"type":"Feature","geometry":{"type":"MultiPolygon","coordinates":[[[[18.6290625,54.3789222],[18.6290665,54.3788911],[18.6290828,54.3788549],[18.6294143,54.3782037],[18.6295033,54.3780177],[18.6295301,54.378006],[18.6299963,54.3780005],[18.6300648,54.3779608],[18.6302337,54.3781175],[18.6303597,54.3780732],[18.630771,54.3785064],[18.6307047,54.3788231],[18.6306653,54.3788452],[18.6295169,54.3790242],[18.629207,54.3789705],[18.6292104,54.3789632],[18.6290949,54.3789423],[18.6290972,54.3789287],[18.6290625,54.3789222]]]]},"properties":{"addr:city":"Gdańsk","addr:postcode":"80-869","addr:street":"Zielony Trójkąt","amenity":"school","contact:email":"szkola69@wp.pl","contact:phone":"+48583430502","landuse":"education","name":"Szkoła Podstawowa Nr 69 im. generała Stanisława Sosabowskiego","website":"http://www.szkola69.cba.pl/index2.html"}},
{"type":"Feature","geometry":{"type":"MultiPolygon","coordinates":[[[[18.5811305,54.3244905],[18.5818048,54.3244819],[18.5818439,54.3253511],[18.581708,54.325353],[18.5814998,54.3253558],[18.5814752,54.3253561],[18.5811432,54.3253543],[18.5811305,54.3244905]]]]},"properties":{"amenity":"kindergarten","barrier":"fence","landuse":"education","name":"Szkoła Podstawowa nr 12"}},
{"type":"Feature","geometry":{"type":"MultiPolygon","coordinates":[[[[18.5783053,54.4039403],[18.5784277,54.4036805],[18.57861,54.4037155],[18.5786206,54.4036959],[18.578636,54.403669],[18.5787909,54.4033789],[18.57886,54.403249],[18.5789029,54.4031609],[18.579522,54.4032731],[18.5801769,54.4033919],[18.5796881,54.4042943],[18.5793007,54.4042339],[18.5793339,54.4041126],[18.5792836,54.4041042],[18.5783053,54.4039403]]]]},"properties":{"addr:street":"Arkońska","amenity":"school","contact:email":"sp46gda11@wp.pl","contact:phone":"+48 58 553 27 23","landuse":"education","name":"Szkoła Podstawowa nr 46","website":"http://www.sp46gda.pl/"}},
{"type":"Feature","geometry":{"type":"MultiPolygon","coordinates":[[[[18.6070222,54.3958866],[18.608228,54.3952804],[18.6084698,54.3951526],[18.6087391,54.3950153],[18.6088586,54.3949525],[18.6087432,54.3948774],[18.6087653,54.3948656],[18.6089517,54.3947665],[18.6098566,54.3943497],[18.6103436,54.3944458],[18.6104061,54.3946067],[18.6107665,54.3954608],[18.6107933,54.3954968],[18.6106736,54.3955628],[18.6105552,54.3956288],[18.6103302,54.3957538],[18.6102915,54.3957752],[18.6101363,54.3958721],[18.6099529,54.3959957],[18.6098964,54.3960346],[18.6099102,54.3960442],[18.6097094,54.3961835],[18.6095655,54.3962756],[18.6092769,54.3964387],[18.6092136,54.3964301],[18.6091619,54.3964593],[18.6091211,54.3964824],[18.6091332,54.3965196],[18.6089303,54.3966332],[18.6089159,54.3966145],[18.6088761,54.3966204],[18.6088466,54.3966249],[18.6088601,54.3966648],[18.6086759,54.3967748],[18.6086125,54.3967823],[18.6083438,54.3967223],[18.6082977,54.396713],[18.6079385,54.3958761],[18.6077952,54.3955093],[18.6070222,54.3958866]]]]},"properties":{"addr:street":"Zbigniewa Burzyńskiego","amenity":"school","barrier":"fence","contact:phone":"+48583469648","landuse":"education","name":"Szkoła Podstawowa nr 48 w Gdańsku","website":"http://sp48.edu.gdansk.pl","wheelchair":"no"}},
{"type":"Feature","geometry":{"type":"MultiPolygon","coordinates":[[[[18.5815962,54.3898836],[18.5826009,54.3891874],[18.5826115,54.3891925],[18.5826103,54.3891934],[18.5826156,54.389196],[18.5827053,54.3892406],[18.5827178,54.389232],[18.5837239,54.3897256],[18.5843318,54.3900239],[18.5844731,54.3899227],[18.5846335,54.3899996],[18.5850114,54.3901812],[18.585382,54.3899192],[18.5854077,54.3899009],[18.5854126,54.3898983],[18.5854956,54.389938],[18.5857698,54.3900744],[18.5862685,54.3902837],[18.586239,54.390304],[18.5855914,54.3907464],[18.5851022,54.3910807],[18.5849172,54.3912072],[18.584861,54.3911786],[18.5839904,54.3907472],[18.5839611,54.3907064],[18.5839159,54.3906638],[18.5838004,54.3905668],[18.5839995,54.3904319],[18.5843535,54.390192],[18.5842332,54.3901313],[18.5834076,54.3897176],[18.5829822,54.3900053],[18.582804,54.3901264],[18.5829921,54.3902191],[18.582908,54.3903542],[18.5826025,54.390387],[18.5825951,54.3903748],[18.582303,54.3902319],[18.5819132,54.3900397],[18.5816905,54.3899305],[18.5815962,54.3898836]]]]},"properties":{"addr:street":"Aleja Grunwaldzka","amenity":"school","contact:email":"szkola@psb.neostrada.pl","contact:phone":"+48583416461","landuse":"education","name":"Państwowe Szkoły Budownictwa im. Mariana Osińskiego","website":"http://www.psb.neostrada.pl/"}},
{"type":"Feature","geometry":{"type":"MultiPolygon","coordinates":[[[[18.6167565,54.384697],[18.6169807,54.3846873],[18.6169613,54.3844994],[18.6169458,54.3843261],[18.6169394,54.384291],[18.6173128,54.3842683],[18.6172771,54.3839731],[18.6172724,54.3839344],[18.6175267,54.3839247],[18.6176222,54.384709],[18.6177549,54.3848728],[18.6178262,54.385343399999999],[18.6176961,54.3853507],[18.6176206,54.3853894],[18.6176087,54.3854064],[18.6176254,54.3855012],[18.6175796,54.3855037],[18.617475,54.3855095],[18.6174544,54.3853509],[18.6168585,54.385379],[18.6167565,54.384697]]]]},"properties":{"addr:postcode":"80-419","addr:street":"Lilli Wenedy","amenity":"school","barrier":"fence","contact:phone":"+48583412932","landuse":"education","name":"Szkoła Podstawowa Nr 24","website":"http://www.sp24gdansk.home.pl"}},
{"type":"Feature","geometry":{"type":"MultiPolygon","coordinates":[[[[18.5597911,54.3433497],[18.5598047,54.3433191],[18.5598153,54.3432943],[18.5599077,54.3430888],[18.5606551,54.3427825],[18.5607123,54.3428167],[18.5609235,54.3428272],[18.5611677,54.342734],[18.5612704,54.3428235],[18.5614471,54.3429781],[18.561579,54.3430901],[18.5615878,54.3430978],[18.561619,54.3431243],[18.5616433,54.343145],[18.5617182,54.3432087],[18.5617469,54.3432331],[18.5618985,54.3432712],[18.5618549,54.343331],[18.5618058,54.3433186],[18.5617574,54.3433845],[18.5618679,54.3434129],[18.5618837,54.3434169],[18.5618583,54.3434494],[18.5619186,54.3434647],[18.5619792,54.34348],[18.5619666,54.3434958],[18.5619608,54.3435038],[18.5619469,54.3435229],[18.5620591,54.3435511],[18.562083,54.3436011],[18.562101,54.3435983],[18.5621032,54.3436029],[18.5621329,54.3436648],[18.5621942,54.3436546],[18.562458,54.344178],[18.5624437,54.3442008],[18.5623036,54.3442229],[18.5622861,54.3441828],[18.5622483,54.344189],[18.5621685,54.3442021],[18.5621716,54.3442085],[18.5621335,54.3442147],[18.5620736,54.3442245],[18.5620501,54.3442284],[18.5620365,54.3442306],[18.5620334,54.3442242],[18.5618745,54.3442502],[18.5618774,54.3442557],[18.5618706,54.3442562],[18.5618515,54.3442594],[18.5616755,54.3442885],[18.5616904,54.3443207],[18.5615624,54.34434],[18.5615398,54.3443434],[18.5614618,54.344237],[18.5608802,54.3440883],[18.5608328,54.3440762],[18.5608143,54.3440714],[18.5607546,54.3441522],[18.5607043,54.3441408],[18.5603902,54.343869],[18.5601897,54.3436954],[18.5600386,54.3435631],[18.5600152,54.3435436],[18.559985,54.3435171],[18.5597911,54.3433497]]]]},"properties":{"addr:city":"Gdańsk","addr:country":"PL","addr:housenumber":"59","addr:postcode":"80-177","addr:street":"Stolema","amenity":"school","email":"sekretariat@sp85.edu.pl","name":"Szkoła Podstawowa nr 85 im. Zrzeszenia Kaszubsko-Pomorskiego","name:etymology:wikidata":"Q3776182","phone":"+48 58 322 15 25","website":"https://sp85.edu.gdansk.pl/"}},
{"type":"Feature","geometry":{"type":"MultiPolygon","coordinates":[[[[18.464864,54.4300863],[18.4648889,54.4300358],[18.4649131,54.4300224],[18.4655826,54.429693],[18.4658282,54.4298684],[18.4659431,54.4299508],[18.466063,54.4300428],[18.4665147,54.4303858],[18.4676974,54.4297991],[18.4680563,54.4300452],[18.4684154,54.4302913],[18.4687709,54.4301151],[18.4688728,54.430065],[18.4692088,54.4302992],[18.4693605,54.430225],[18.4693127,54.430187],[18.4693923,54.4301526],[18.469639,54.4300457],[18.4696796,54.4300765],[18.4697957,54.430022],[18.4698228,54.4300417],[18.4698697,54.4300758],[18.4698779,54.4300818],[18.469207,54.4304096],[18.46919,54.4304994],[18.4688884,54.4306494],[18.4688587,54.4306291],[18.468663,54.4307251],[18.4678771,54.4311011],[18.4673385,54.4313628],[18.4669057,54.4315714],[18.4663745,54.4311788],[18.4662839,54.4311105],[18.4658507,54.4307897],[18.465783,54.4307493],[18.464864,54.4300863]]]]},"properties":{"addr:street":"Profesora Michała Siedleckiego","amenity":"school","barrier":"fence","landuse":"education","name":"Szkoła Podstawowa Nr 81"}},
{"type":"Feature","geometry":{"type":"MultiPolygon","coordinates":[[[[18.6686608,54.3416484],[18.6688096,54.3404144],[18.6694245,54.3404422],[18.6706372,54.3407111],[18.6694715,54.3417181],[18.6693613,54.3417131],[18.6693253,54.3417115],[18.6693139,54.3417109],[18.6686608,54.3416484]]]]},"properties":{"addr:city":"Gdańsk","addr:postcode":"80-736","addr:street":"Modra","amenity":"school","barrier":"fence","contact:phone":"+4858 306 96 99","landuse":"education","name":"Szkoła Podstawowa nr 59","website":"http://sp59.pl/"}},
{"type":"Feature","geometry":{"type":"MultiPolygon","coordinates":[[[[18.5966978,54.4111988],[18.5967153,54.4111614],[18.5967236,54.4111438],[18.5971275,54.4102857],[18.5973912,54.410291],[18.5989666,54.4105441],[18.5990042,54.4105501],[18.5990425,54.4105562],[18.5993259,54.4106014],[18.5991004,54.4109213],[18.5990842,54.4109443],[18.5990682,54.4109665],[18.5987544,54.4114004],[18.5987131,54.4113962],[18.5986879,54.4113936],[18.5986398,54.4113891],[18.5982007,54.4113464],[18.5969014,54.4112199],[18.5966978,54.4111988]]]]},"properties":{"addr:postcode":"80-366","addr:street":"Jagiellońska","amenity":"school","barrier":"fence","contact:email":"sp44@wp.pl","contact:phone":"+4858 553-04-71","name":"Szkoła Podstawowa Nr 44 im. Adama Mickiewicza","operator:type":"public","website":"http://www.sp44gdansk.boo.pl"}},
{"type":"Feature","geometry":{"type":"MultiPolygon","coordinates":[[[[18.5924393,54.410943],[18.5926891,54.4108775],[18.5938978,54.4110905],[18.5939139,54.4110934],[18.5942309,54.4111514],[18.5947435,54.4112433],[18.5947779,54.4112288],[18.594815,54.4112207],[18.5948527,54.411220899999999],[18.5948938,54.4112598],[18.5945199,54.4120159],[18.594497,54.4120129],[18.5944539,54.4120073],[18.5944075,54.4120016],[18.5943922,54.4119998],[18.5943822,54.4119987],[18.5927505,54.4117847],[18.5925678,54.4117607],[18.592557,54.411701],[18.5925549,54.4116894],[18.5925533,54.4116818],[18.5925517,54.4116728],[18.5925492,54.4116565],[18.5924393,54.410943]]]]},"properties":{"addr:city":"Gdańsk","addr:housenumber":"14","addr:postcode":"80-371","addr:street":"Jagiellońska","amenity":"school","barrier":"fence","contact:phone":"+4858 553-20-21","landuse":"education","name":"Zespół Szkolno-Przedszkolny nr 1 w Gdańsku","operator":"Miasto Gdańsk","operator:type":"public","website":"http://zsp1.edu.gdansk.pl/"}},
{"type":"Feature","geometry":{"type":"MultiPolygon","coordinates":[[[[18.5668881,54.4046468],[18.5670982,54.4043834],[18.5674229,54.403946],[18.5674563,54.4039547],[18.5674976,54.4038997],[18.5675057,54.403889],[18.5676325,54.4037145],[18.5676893,54.4037285],[18.5678381,54.4037659],[18.5685133,54.4039335],[18.5690236,54.404058],[18.5687027,54.4044798],[18.5683045,54.4050031],[18.5673161,54.4047544],[18.5668881,54.4046468]]]]},"properties":{"alt_name":"Szkoła Sportowa w Gdańsku Oliwie","amenity":"school","barrier":"fence","landuse":"education","name":"Szkoła Podstawowa nr 35 z Oddziałami Sportowymi im. Jana Parandowskiego","website":"https://www.szkola-sportowa.pl/"}},
{"type":"Feature","geometry":{"type":"MultiPolygon","coordinates":[[[[18.555112,54.415736],[18.5554851,54.4157306],[18.555883,54.4157225],[18.5559089,54.4157785],[18.5560315,54.4159894],[18.5558948,54.4160119],[18.5558279,54.4160234],[18.5553112,54.4161053],[18.555292,54.4161058],[18.555112,54.415736]]]]},"properties":{"addr:city":"Gdańsk","addr:country":"PL","addr:housenumber":"12","addr:street":"Józefa Czyżewskiego","amenity":"kindergarten","barrier":"fence","name":"Przedszkole \"Leśny Domek\""}},
{"type":"Feature","geometry":{"type":"MultiPolygon","coordinates":[[[[18.5561982,54.4103973],[18.5562149,54.4101797],[18.5568961,54.4100214],[18.5569179,54.4101104],[18.5569344,54.4102342],[18.5569592,54.4103701],[18.5561982,54.4103973]]]]},"properties":{"addr:city":"Gdańsk","addr:country":"PL","addr:housenumber":"7","addr:street":"Cystersów","amenity":"kindergarten","name":"Przedszkole Niepubliczne w Oliwie","website":"http://www.przedszkolewoliwie.pl/"}},
{"type":"Feature","geometry":{"type":"MultiPolygon","coordinates":[[[[18.6246465,54.3871659],[18.624789,54.3869223],[18.6247999,54.3868995],[18.6247913,54.3867715],[18.6247231,54.3860794],[18.6250331,54.3860749],[18.6256191,54.3867663],[18.6259899,54.3872889],[18.6261868,54.387572],[18.6261437,54.3875914],[18.6256785,54.3876122],[18.6256673,54.3875437],[18.6255953,54.3875469],[18.6255561,54.3875485],[18.6255553,54.387546],[18.6247622,54.3875695],[18.6247623,54.3875735],[18.6246874,54.3875753],[18.624673,54.3874266],[18.6246465,54.3871659]]]]},"properties":{"amenity":"school","landuse":"education","name":"Szkoła Podstawowa nr 52 im. Tadeusza Kościuszki","name:etymology:wikidata":"Q191479"}},
{"type":"Feature","geometry":{"type":"MultiPolygon","coordinates":[[[[18.554304,54.412163],[18.5547941,54.4119915],[18.5548631,54.4119638],[18.5555125,54.4117038],[18.5558435,54.4115198],[18.5558446,54.4115072],[18.5559225,54.4115485],[18.5560241,54.4116149],[18.5560642,54.4116528],[18.5559752,54.4117505],[18.5563052,54.411891],[18.5562129,54.4119341],[18.5561934,54.411943],[18.556095,54.411988],[18.5560331,54.4120163],[18.5560092,54.4120264],[18.5559561,54.4120507],[18.5559168,54.412069],[18.5557268,54.412112],[18.5556658,54.4121256],[18.5555773,54.4121499],[18.5545736,54.4124465],[18.554304,54.412163]]]]},"properties":{"amenity":"school","landuse":"education","name":"Szkoła Podstawowa nr 23","website":"http://www.sp23.gdansk.pl/"}},
{"type":"Feature","geometry":{"type":"MultiPolygon","coordinates":[[[[18.5774556,54.3884349],[18.5774721,54.3880999],[18.5774866,54.3880132],[18.5775002,54.3879249],[18.5775353,54.3878118],[18.5775579,54.3877523],[18.5775932,54.3876862],[18.5776774,54.3875651],[18.5776922,54.3875291],[18.5777861,54.3874177],[18.5778772,54.3873177],[18.5780548,54.3871561],[18.578086,54.3871387],[18.5781505,54.3871203],[18.5784245,54.3872559],[18.578468,54.3872781],[18.5785931,54.38734],[18.5787083,54.3873971],[18.5789693,54.3875264],[18.5790148,54.3875483],[18.5793482,54.3877129],[18.579463,54.3877696],[18.5795884,54.3878316],[18.5796698,54.3878716],[18.5798524,54.3879625],[18.5798575,54.3879796],[18.5798481,54.3879899],[18.579567,54.388076],[18.5793815,54.3881329],[18.5790649,54.3882343],[18.5789086,54.3882843],[18.5788349,54.3882291],[18.5787054,54.3881365],[18.5785318,54.3881378],[18.5780554,54.3882857],[18.5781875,54.3884283],[18.5782116,54.3884543],[18.5782034,54.3884571],[18.5779881,54.3885305],[18.5779249,54.3885577],[18.5775966,54.3885045],[18.5774556,54.3884349]]]]},"properties":{"addr:city":"Gdańsk","addr:housenumber":"8","addr:postcode":"80-271","addr:street":"Pułkownika Aleksandra Wilka-Krzyżanowskiego","amenity":"school","email":"sekretariat@zso1.edu.gdansk.pl","grades":"1-4","isced:level":"3","name":"IX Liceum Ogólnokształcące im. Krzysztofa Kolbergera","operator":"Miasto Gdańsk","operator:type":"public","phone":"+48 58 341 86 13","website":"https://zso1.edu.gdansk.pl/pl"}},
{"type":"Feature","geometry":{"type":"MultiPolygon","coordinates":[[[[18.6193818,54.3794514],[18.6197556,54.3790871],[18.6199072,54.3789394],[18.6199158,54.3789508],[18.6199379,54.3789579],[18.6200915,54.3790164],[18.6200837,54.3790433],[18.6200827,54.3790665],[18.6205953,54.379065],[18.6205954,54.3790435],[18.6207077,54.3790441],[18.6207265,54.3790816],[18.6209903,54.3790387],[18.6210526,54.3789507],[18.6210663,54.3788747],[18.6210408,54.3788224],[18.6209848,54.3788319],[18.6209843,54.3788221],[18.6209677,54.3788153],[18.6209679,54.3788123],[18.6211775,54.3788111],[18.6214128,54.3788408],[18.6214156,54.3788685],[18.621419,54.3788898],[18.6215542,54.3788951],[18.6215667,54.3788602],[18.622059,54.3789323],[18.6221003,54.3789335],[18.6221894,54.3789439],[18.622211,54.3789656],[18.6217597,54.3800724],[18.6217496,54.3800955],[18.6216133,54.3804244],[18.6215595,54.3805599],[18.6206582,54.3805295],[18.6202406,54.3804412],[18.6201031,54.3804388],[18.6197729,54.3802676],[18.6196805,54.3801902],[18.6196098,54.3801255],[18.6195705,54.3800173],[18.6193818,54.3794514]]]]},"properties":{"amenity":"school","landuse":"education","name":"Centrum Kształcenia Zawodowego i Ustawicznego Nr 1"}},
{"type":"Feature","geometry":{"type":"MultiPolygon","coordinates":[[[[18.4377753,54.3480579],[18.4378624,54.3480409],[18.4378892,54.348088],[18.4380253,54.3480619],[18.4380541,54.3481132],[18.437918,54.3481392],[18.4379204,54.3481434],[18.4378327,54.3481602],[18.4377753,54.3480579]]]]},"properties":{"addr:city":"Leźno","addr:city:simc":"0177247","addr:housenumber":"14","addr:postcode":"80-298","addr:street":"Świętego Floriana","amenity":"kindergarten","building":"kindergarten","building:levels":"1","name":"Tygrysek","source":"www.geoportal.gov.pl","source:addr":"gugik.gov.pl"}},
{"type":"Feature","geometry":{"type":"MultiPolygon","coordinates":[[[[18.5990551,54.4025165],[18.5991926,54.4019146],[18.5998041,54.4019071],[18.6004478,54.4020051],[18.6005809,54.4020268],[18.6006142,54.4021306],[18.6007867,54.4021662],[18.6008241,54.4021739],[18.6008351,54.4021762],[18.6011057,54.4022287],[18.6012178,54.4021666],[18.6024085,54.4024364],[18.6021169,54.4028755],[18.6008864,54.4027326],[18.6005103,54.4026876],[18.599847,54.4026106],[18.5990551,54.4025165]]]]},"properties":{"addr:city":"Gdańsk","addr:housenumber":"9","addr:postcode":"80-395","addr:street":"Opolska","amenity":"school","barrier":"fence","name":"Szkoła Podstawowa nr 80 im. Budowniczych Portu Północnego","operator":"Miasto Gdańsk"}},
{"type":"Feature","geometry":{"type":"MultiPolygon","coordinates":[[[[18.5883745,54.4133369],[18.5885506,54.4124995],[18.5891228,54.412606],[18.589156,54.412612],[18.5891923,54.4126181],[18.5894458,54.4126609],[18.589471,54.4126649],[18.5895863,54.4126849],[18.5903779,54.412821],[18.5901254,54.4134597],[18.5900726,54.4135832],[18.5900206,54.413747],[18.5895467,54.4136935],[18.5887064,54.413598],[18.5883745,54.4133369]]]]},"properties":{"addr:city":"Gdańsk","addr:housenumber":"5","addr:postcode":"80-371","addr:street":"Jagiellońska","amenity":"school","barrier":"fence","landuse":"education","name":"Chrześcijańskie Autorskie Liceum Ogólnokształcące Chalo","operator":"Chrześcijańska Szkoła i Przedszkole Montessori","religion":"christian","website":"https://www.montessori.gda.pl/przymorze-liceum/"}},
{"type":"Feature","geometry":{"type":"MultiPolygon","coordinates":[[[[18.5927489,54.4062958],[18.5927912,54.406127],[18.5928114,54.4056978],[18.5928108,54.4056801],[18.5928896,54.4056367],[18.5933888,54.4056439],[18.5937686,54.4056494],[18.5939335,54.4056517],[18.5939967,54.4056815],[18.5940922,54.4058115],[18.5941231,54.405864],[18.5941311,54.4060115],[18.5941122,54.4071013],[18.5940894,54.4071954],[18.5940244,54.4072595],[18.5932831,54.4071319],[18.5929236,54.4070088],[18.5927798,54.4069603],[18.5927822,54.4068632],[18.5927489,54.4062958]]]]},"properties":{"addr:city":"Gdańsk","addr:housenumber":"49","addr:postcode":"80-391","addr:street":"Kołobrzeska","amenity":"school","barrier":"fence","name":"Szkoła Podstawowa nr 79"}},
{"type":"Feature","geometry":{"type":"MultiPolygon","coordinates":[[[[18.5633944,54.3952518],[18.5634628,54.3951257],[18.5634923,54.3950714],[18.5634841,54.3950631],[18.5634902,54.3950533],[18.5635059,54.3950495],[18.5635227,54.3950524],[18.5635312,54.3950608],[18.5635538,54.3950651],[18.5635699,54.3950614],[18.5636208,54.39507],[18.5636284,54.3950785],[18.5636558,54.395083],[18.5636706,54.3950799],[18.5636861,54.3950831],[18.5636941,54.395092],[18.5636849,54.3951025],[18.5636709,54.3951068],[18.5636434,54.3951574],[18.5635737,54.3952855],[18.5633944,54.3952518]]]]},"properties":{"amenity":"school","building":"school","building:levels":"2","name":"Szkoła Podstawowa nr 10 w Gdańsku","ref":"3","ref:rspo":"40920","source":"www.geoportal.gov.pl"}},
{"type":"Feature","geometry":{"type":"MultiPolygon","coordinates":[[[[18.6255685,54.3833361],[18.6267984,54.3830151],[18.6271192,54.3834977],[18.6267753,54.3835846],[18.6266892,54.3836063],[18.6263166,54.3837005],[18.6262475,54.3837183],[18.6259024,54.383807],[18.6255685,54.3833361]]]]},"properties":{"addr:city":"Gdańsk","addr:country":"PL","addr:housenumber":"1A","addr:postcode":"80-405","addr:street":"Sebastiana Klonowicza","amenity":"kindergarten","name":"Przedszkole nr 33","source:addr":"Urząd Miasta Gdańsk"}},
{"type":"Feature","geometry":{"type":"MultiPolygon","coordinates":[[[[18.575951,54.358701],[18.576129,54.358655],[18.576209,54.358762],[18.576066,54.358799],[18.576087,54.358827],[18.576053,54.358835],[18.575959,54.3587115],[18.575951,54.358701]]]]},"properties":{"addr:city":"Gdańsk","addr:country":"PL","addr:housenumber":"7","addr:postcode":"80-288","addr:street":"Józefa Żylewicza","amenity":"kindergarten","building":"outbuilding","building:levels":"1","source:addr":"Urząd Miasta Gdańsk","source:building":"BDOT"}},
{"type":"Feature","geometry":{"type":"MultiPolygon","coordinates":[[[[18.5948509,54.4022499],[18.5948944,54.402224],[18.5949296,54.4022031],[18.5949555,54.4021877],[18.5949282,54.4021725],[18.5949186,54.4021565],[18.5949175,54.4021137],[18.5949032,54.4021123],[18.5949127,54.4019393],[18.594864,54.401913],[18.594883,54.4016623],[18.5951998,54.4015999],[18.5954664,54.4015765],[18.5956875,54.4023998],[18.5949436,54.4023834],[18.5948509,54.4022499]]]]},"properties":{"amenity":"kindergarten","barrier":"fence","landuse":"education","name":"Przedszkole nr 62"}},
{"type":"Feature","geometry":{"type":"MultiPolygon","coordinates":[[[[18.7192814,54.3612035],[18.7195791,54.3602759],[18.7197225,54.3601637],[18.7202227,54.3601135],[18.7203155,54.3601131],[18.7203393,54.3601124],[18.7203393,54.3603624],[18.7204385,54.3604691],[18.720826,54.360508],[18.720939,54.3605188],[18.7211109,54.3605476],[18.7211668,54.3605576],[18.7211096,54.3606944],[18.7210052,54.3609363],[18.7208888,54.3612069],[18.7208542,54.3612802],[18.7192814,54.3612035]]]]},"properties":{"amenity":"school","barrier":"fence","landuse":"education"}},
{"type":"Feature","geometry":{"type":"MultiPolygon","coordinates":[[[[18.6898964,54.3585392],[18.6905346,54.3579547],[18.6906834,54.3580088],[18.6908483,54.3578707],[18.691515,54.3580949],[18.6916047,54.3581265],[18.6921006,54.3583055],[18.6922454,54.3583597],[18.6915392,54.3592293],[18.691536,54.3592333],[18.6915207,54.3592526],[18.6900784,54.3588836],[18.6902674,54.3586652],[18.6898964,54.3585392]]]]},"properties":{"addr:city":"Gdańsk","addr:postcode":"80-605","addr:street":"Sienna","amenity":"school","barrier":"fence","contact:phone":"+4858307 38 23","landuse":"education","name":"Szkoła Podstawowa nr 61 im. Józefa Wybickiego","source:addr":"Urząd Miasta Gdańsk","website":"http://www.sp61.eu/"}},
{"type":"Feature","geometry":{"type":"MultiPolygon","coordinates":[[[[18.5914143,54.3583593],[18.5914394,54.3583451],[18.5914839,54.3582924],[18.5915024,54.3582704],[18.5915304,54.3582373],[18.5915951,54.3582553],[18.591616,54.3582443],[18.5923479,54.3579517],[18.592448,54.3579117],[18.5931105,54.357654],[18.5931377,54.3576434],[18.5931549,54.3576367],[18.5931754,54.3576287],[18.5932166,54.3576127],[18.5932539,54.3575982],[18.5937747,54.3580121],[18.5942334,54.3583831],[18.594336,54.3584668],[18.594602,54.3587162],[18.594888,54.3590844],[18.5951882,54.3592522],[18.5952898,54.3593802],[18.5952636,54.3593985],[18.5951896,54.3594641],[18.5948343,54.3597029],[18.5945671,54.3598906],[18.5939472,54.3596614],[18.5922858,54.3589997],[18.5922394,54.3590103],[18.5921576,54.3589508],[18.592106,54.3589285],[18.5920635,54.3588938],[18.5920386,54.3588735],[18.5914143,54.3583593]]]]},"properties":{"addr:city":"Gdańsk","addr:housenumber":"10","addr:postcode":"80-286","addr:street":"Poli Gojawiczyńskiej","amenity":"school","barrier":"fence","check_date":"2025-06-07","landuse":"education","name":"Szkoła Podstawowa nr 1 im. Mariusza Zaruskiego w Gdańsku","name:etymology:wikidata":"Q1345943","website":"http://sp1.edu.gdansk.pl/"}},
{"type":"Feature","geometry":{"type":"MultiPolygon","coordinates":[[[[18.663698,54.350293],[18.6637156,54.3500567],[18.6637196,54.3500098],[18.6637028,54.3499992],[18.6637139,54.3498403],[18.6653472,54.3498698],[18.6652917,54.3501778],[18.6650542,54.3503124],[18.6649071,54.3503109],[18.6648447,54.35031],[18.663698,54.350293]]]]},"properties":{"amenity":"kindergarten","barrier":"fence","landuse":"education","name":"Przedszkole nr 31 \"Słoneczko\""}},
{"type":"Feature","geometry":{"type":"MultiPolygon","coordinates":[[[[18.482691,54.388353],[18.482761,54.3882965],[18.4828818,54.3882033],[18.4829794,54.3882055],[18.4829927,54.3881946],[18.4830095,54.3881808],[18.482966,54.3881365],[18.4831255,54.3880244],[18.4831321,54.388019],[18.4831412,54.3880114],[18.4831598,54.3879857],[18.4832745,54.3879805],[18.4839027,54.3879517],[18.4839777,54.3879446],[18.4840975,54.3879332],[18.4843269,54.3879115],[18.4845776,54.3878868],[18.4850292,54.3878434],[18.4850656,54.3880131],[18.4851083,54.3882132],[18.4850663,54.3884229],[18.4850251,54.3886283],[18.4846556,54.3886451],[18.4839207,54.388677],[18.4835519,54.3886948],[18.4831473,54.3887137],[18.4832382,54.3884819],[18.4830762,54.3884522],[18.483071,54.3884079],[18.4829982,54.3883976],[18.482691,54.388353]]]]},"properties":{"addr:city":"Gdańsk","addr:postcode":"80-298","addr:street":"Radarowa","amenity":"school","barrier":"fence","fence_type":"chain_link","landuse":"education","name":"Szkoła Podstawowa nr 82"}},
{"type":"Feature","geometry":{"type":"MultiPolygon","coordinates":[[[[18.6031519,54.3862911],[18.6032963,54.3861057],[18.6035203,54.3861631],[18.6035406,54.3861387],[18.6037347,54.3859011],[18.6038087,54.3858121],[18.6042356,54.3859334],[18.6043932,54.3859772],[18.6041771,54.3862208],[18.6042146,54.3862309],[18.604226,54.3862339],[18.604264,54.3862441],[18.6043603,54.3862695],[18.6048341,54.3864011],[18.6048895,54.3864134],[18.6045849,54.387351],[18.6044488,54.3873046],[18.6042604,54.3872391],[18.604065,54.3871666],[18.6040599,54.3871698],[18.6039836,54.3871348],[18.6036851,54.3869785],[18.6035554,54.3868678],[18.6036261,54.386839],[18.6034782,54.386689],[18.6034052,54.3866179],[18.6031519,54.3862911]]]]},"properties":{"addr:city":"Gdańsk","addr:housenumber":"8B","addr:postcode":"80-451","addr:street":"Tadeusza Kościuszki","amenity":"school","email":"sekretariat@lo10.edu.gdansk.pl","isced:level":"3","landuse":"education","mobile":"+48 58 341 97 75","name":"X Liceum Ogólnokształcące Dwujęzyczne im. Lecha Bądkowskiego","operator":"Miasto Gdańsk","operator:type":"public","phone":"+48 58 341 49 15","source":"Bing","source:addr":"Urząd Miasta Gdańsk","website":"https://lo10.edu.gdansk.pl/"}},
{"type":"Feature","geometry":{"type":"MultiPolygon","coordinates":[[[[18.5780321,54.4196194],[18.5789226,54.4195591],[18.5799144,54.4198918],[18.5797782,54.4200226],[18.5793539,54.420074],[18.57838,54.4201676],[18.5783269,54.4201426],[18.5782888,54.4200208],[18.5782063,54.4199875],[18.5781286,54.4199562],[18.5780321,54.4196194]]]]},"properties":{"amenity":"kindergarten","barrier":"fence","email":"wesolydelfinek@gda.avx.pl","fence_type":"chain_link","landuse":"education","name":"Wesoły Delfinek","phone":"58 557-98-88","website":"www.wesolydelfinek.gda.avx.pl"}},
{"type":"Feature","geometry":{"type":"MultiPolygon","coordinates":[[[[18.5940093,54.2982093],[18.5940138,54.2981394],[18.5940115,54.2980632],[18.5940146,54.2980512],[18.5940117,54.2980235],[18.5946459,54.2980036],[18.5946359,54.2977319],[18.5960989,54.2977009],[18.5960715,54.2975479],[18.5960984,54.2975472],[18.5971898,54.2975198],[18.5973629,54.2975157],[18.5968997,54.2983682],[18.5968226,54.2983654],[18.5968195,54.2983778],[18.5967655,54.2983807],[18.5966818,54.2983853],[18.5966688,54.298386],[18.5965443,54.2983994],[18.5962722,54.2984405],[18.5962343,54.2984481],[18.5961861,54.2984671],[18.596080099999999,54.2985142],[18.5948908,54.2985576],[18.5946614,54.2985646],[18.5946603,54.2981987],[18.5940093,54.2982093]]]]},"properties":{"amenity":"school","barrier":"fence","landuse":"education","name":"Zespół Szkolno - Przedszkolny w Borkowie"}},
{"type":"Feature","geometry":{"type":"MultiPolygon","coordinates":[[[[18.5619006,54.4119889],[18.5620647,54.4115946],[18.5620709,54.4115796],[18.5626061,54.4115313],[18.5625288,54.4116723],[18.5624469,54.4118251],[18.5628433,54.4119127],[18.562817,54.4119586],[18.5628355,54.4119624],[18.5627921,54.4120299],[18.5627481,54.4120978],[18.5627278,54.4120931],[18.5627071,54.4120885],[18.562664,54.4121543],[18.5619006,54.4119889]]]]},"properties":{"access":"private","amenity":"kindergarten","barrier":"fence","name":"Przedszkole nr 39"}},
{"type":"Feature","geometry":{"type":"MultiPolygon","coordinates":[[[[18.4791738,54.3536698],[18.4795518,54.3529232],[18.480633,54.353097],[18.4811072,54.3531743],[18.4814532,54.3532366],[18.4811144,54.3535779],[18.4808403,54.3538471],[18.4805934,54.3540856],[18.4791738,54.3536698]]]]},"properties":{"addr:city":"Gdańsk","addr:housenumber":"1","addr:postcode":"80-298","addr:street":"Stokłosy","amenity":"school","grades":"0-8","landuse":"education","name":"Szkoła Podstawowa nr 83","religion":"none","source:addr":"Urząd Miasta Gdańsk","website":"https://sp83.edu.gdansk.pl/pl"}},
{"type":"Feature","geometry":{"type":"MultiPolygon","coordinates":[[[[18.5102297,54.3516535],[18.5106221,54.351567],[18.5113764,54.3514068],[18.5116759,54.3511491],[18.5120606,54.3510943],[18.5124417,54.3510338],[18.5129113,54.35141],[18.512847,54.3517825],[18.512928,54.3517878],[18.5132385,54.351807],[18.5132247,54.3518754],[18.5132064,54.3519654],[18.5131796,54.352097],[18.5128335,54.3520726],[18.5127795,54.3520693],[18.5126337,54.3527127],[18.5125931,54.3527121],[18.5125514,54.352695],[18.5124932,54.3526712],[18.5124593,54.3526566],[18.5123811,54.3526112],[18.5123005,54.3525664],[18.5122698,54.3525494],[18.5122112,54.352522],[18.5121808,54.3525092],[18.5120807,54.3524716],[18.5120147,54.3524521],[18.5119366,54.352429],[18.5117592,54.3523918],[18.5115325,54.3523711],[18.5114513,54.3523697],[18.5112864,54.3523744],[18.5111379,54.3523873],[18.5109355,54.3524307],[18.5108571,54.3524703],[18.5107974,54.352409],[18.5106575,54.3522403],[18.5106118,54.3521852],[18.5105501,54.3521096],[18.5102297,54.3516535]]]]},"properties":{"amenity":"school","isced:level":"1","landuse":"education","source":"survey","website":"http://www.azaliowa.pozytywneinicjatywy.pl/"}},
{"type":"Feature","geometry":{"type":"MultiPolygon","coordinates":[[[[18.508186,54.3397549],[18.5082014,54.3397535],[18.5082128,54.3397524],[18.5082891,54.3397369],[18.5086105,54.3396747],[18.5089931,54.3396007],[18.5093689,54.3395275],[18.5097172,54.3394573],[18.5099994,54.3394028],[18.5101984,54.3397333],[18.5101198,54.3397515],[18.5097313,54.3398414],[18.5084396,54.3401403],[18.508186,54.3397549]]]]},"properties":{"amenity":"school","landuse":"education","name":"Szkoła Podstawowa nr 84"}},
{"type":"Feature","geometry":{"type":"MultiPolygon","coordinates":[[[[18.6305892,54.3423425],[18.630601,54.3417841],[18.630608,54.3414213],[18.6315603,54.3414257],[18.6325915,54.3419045],[18.6318251,54.3424595],[18.6317727,54.3424977],[18.6316728,54.3425707],[18.6316366,54.3425904],[18.631627,54.3425904],[18.6310166,54.3425887],[18.6308444,54.3425878],[18.6305894,54.342595],[18.6305892,54.3423425]]]]},"properties":{"amenity":"school","landuse":"education","name":"Szkoła Podstawowa nr 47"}},
{"type":"Feature","geometry":{"type":"MultiPolygon","coordinates":[[[[18.6568784,54.3422724],[18.6571712,54.3420764],[18.6572426,54.3420255],[18.657661,54.341728],[18.6578489,54.3418166],[18.6579039,54.3418426],[18.6588678,54.342297],[18.6586507,54.3424555],[18.6586736,54.3425575],[18.6584107,54.3426373],[18.6581187,54.3428607],[18.6579718,54.342791],[18.6574899,54.3425624],[18.657128,54.3423908],[18.6568784,54.3422724]]]]},"properties":{"amenity":"school","email":"szkola@sp65.edu.pl","fax":"+48 58 305 26 53","grades":"0-8","name":"Szkoła Podstawowa nr 65 imienia Alfa Liczmańskiego","phone":"+48 58 301 45 46","website":"https://sp65.edu.gdansk.pl"}},
{"type":"Feature","geometry":{"type":"MultiPolygon","coordinates":[[[[18.636247,54.2839328],[18.6363599,54.2836191],[18.6372766,54.2837584],[18.6373524,54.2836286],[18.6375882,54.2836745],[18.6375037,54.2839254],[18.6372307,54.2839098],[18.6369283,54.2838925],[18.6368429,54.2840554],[18.6367999,54.2840613],[18.636697,54.28406],[18.6363488,54.283964],[18.636247,54.2839328]]]]},"properties":{"amenity":"school","name":"Szkoła Podstawowa nr 40"}},
{"type":"Feature","geometry":{"type":"MultiPolygon","coordinates":[[[[18.5756188,54.3218683],[18.5763723,54.3214408],[18.5768184,54.3217017],[18.5767652,54.3217326],[18.5768124,54.3217606],[18.576866,54.3217925],[18.576788,54.3221359],[18.576114,54.322163],[18.575905,54.322038],[18.5756188,54.3218683]]]]},"properties":{"amenity":"kindergarten","barrier":"fence"}},
{"type":"Feature","geometry":{"type":"MultiPolygon","coordinates":[[[[18.6948825,54.3480721],[18.6950853,54.3475565],[18.6961984,54.3476683],[18.6965578,54.3481866],[18.6966678,54.3485219],[18.6967,54.3487048],[18.6960254,54.3485836],[18.6957653,54.3485411],[18.6955936,54.3485422],[18.695375,54.3485727],[18.6955233,54.3481323],[18.6954296,54.3481235],[18.6953788,54.3481192],[18.6948825,54.3480721]]]]},"properties":{"addr:city":"Gdańsk","addr:postcode":"80-717","addr:street":"Miałki Szlak","amenity":"school","landuse":"education","name":"Szkoła Podstawowa nr 29","website":"http://www.leonardo.gda.pl/"}},
{"type":"Feature","geometry":{"type":"MultiPolygon","coordinates":[[[[18.6441009,54.3938153],[18.6445657,54.3933795],[18.6448522,54.3931109],[18.6462445,54.3936137],[18.6460952,54.3938651],[18.6459777,54.3940646],[18.6459668,54.3940832],[18.6459111,54.3941778],[18.6456616,54.3943778],[18.6454032,54.3942824],[18.6450998,54.3941736],[18.6441009,54.3938153]]]]},"properties":{"addr:city":"Gdańsk","addr:housenumber":"29","addr:postcode":"80-531","addr:street":"Sucha","amenity":"school","barrier":"fence","grades":"1-8","landuse":"education","name":"Publiczna Szkoła Podstawowa Hevelius","operator:type":"public","website":"https://hevelius-gdansk.operator.edu.pl/"}},
{"type":"Feature","geometry":{"type":"MultiPolygon","coordinates":[[[[18.6302836,54.380654],[18.6303738,54.38061],[18.6303702,54.3806077],[18.630553,54.380516],[18.6305593,54.3805203],[18.6308994,54.3803593],[18.6313797,54.3806793],[18.6315436,54.3807133],[18.6318927,54.3809442],[18.6319828,54.3810087],[18.6317395,54.3811312],[18.6318028,54.3811738],[18.6317307,54.3812053],[18.6319193,54.3813241],[18.6318767,54.3813468],[18.631787,54.381392],[18.631745,54.381413],[18.6316503,54.3814615],[18.631553,54.381511],[18.6315313,54.3815214],[18.6316707,54.3819528],[18.6317321,54.3819523],[18.6317734,54.3820921],[18.6309875,54.3823924],[18.6308173,54.3823974],[18.6307456,54.38236],[18.6306894,54.3821681],[18.630894,54.3821391],[18.6305767,54.3810341],[18.6303828,54.3807887],[18.6302836,54.380654]]]]},"properties":{"amenity":"school","landuse":"education","name":"Zespół Szkół Energetycznych","website":"http://zse1.zse.gda.pl/"}},
{"type":"Feature","geometry":{"type":"MultiPolygon","coordinates":[[[[18.5831272,54.3195617],[18.583416,54.3193118],[18.5835317,54.3193329],[18.5835484,54.319336],[18.5835584,54.3193175],[18.5841024,54.3194138],[18.5840915,54.3194321],[18.584123,54.3194388],[18.5842981,54.319476],[18.5843279,54.3194824],[18.5837374,54.3200078],[18.5832154,54.3198299],[18.5831272,54.3195617]]]]},"properties":{"amenity":"school","landuse":"education","name":"Szkoła Podstawowa i Przedszkole \"Olimpijczyk\""}},
{"type":"Feature","geometry":{"type":"MultiPolygon","coordinates":[[[[18.5925678,54.4117607],[18.5927505,54.4117847],[18.5943822,54.4119987],[18.5942317,54.412266],[18.5942239,54.4122799],[18.5942124,54.4122992],[18.5941928,54.4123343],[18.5931973,54.4122305],[18.5931801,54.4122287],[18.5931656,54.4122273],[18.592644,54.4121757],[18.5926202,54.4120463],[18.5925678,54.4117607]]]]},"properties":{"amenity":"kindergarten","barrier":"fence","landuse":"education","name":"Przedszkole nr 34 im. Marii Konopnickiej","operator:type":"public","website":"http://www.przedszkole34gdansk.pl/"}},
{"type":"Feature","geometry":{"type":"MultiPolygon","coordinates":[[[[18.5926007,54.4165775],[18.5927503,54.4160603],[18.5939445,54.4161485],[18.593871,54.4164128],[18.5935144,54.4167005],[18.5926045,54.4166268],[18.59261,54.4166063],[18.5926139,54.4165917],[18.5926007,54.4165775]]]]},"properties":{"addr:city":"Gdańsk","addr:housenumber":"102","addr:postcode":"80-358","addr:source":"Urząd Miasta Gdańsk","addr:street":"Piastowska","amenity":"kindergarten","name":"Przedszkole nr 51 \"Jacek i Agatka\""}},
{"type":"Feature","geometry":{"type":"MultiPolygon","coordinates":[[[[18.5896467,54.4157493],[18.5898632,54.4150043],[18.5899636,54.4150106],[18.5906207,54.4150098],[18.5903751,54.4157928],[18.5896467,54.4157493]]]]},"properties":{"addr:city":"Gdańsk","addr:housenumber":"92A","addr:postcode":"80-358","addr:street":"Piastowska","amenity":"kindergarten","name":"Żłobek nr 2","source:addr":"Urząd Miasta Gdańsk"}},
{"type":"Feature","geometry":{"type":"MultiPolygon","coordinates":[[[[18.5899636,54.4150106],[18.5900521,54.4141307],[18.5902844,54.4140797],[18.5906645,54.4141341],[18.5908515,54.4142501],[18.590742,54.4146167],[18.5906192,54.4150098],[18.5899636,54.4150106]]]]},"properties":{"addr:city":"Gdańsk","addr:housenumber":"92B","addr:postcode":"80-358","addr:street":"Piastowska","amenity":"kindergarten","name":"Przedszkole nr 54 \"Fantazja\"","source:addr":"Urząd Miasta Gdańsk"}},
{"type":"Feature","geometry":{"type":"MultiPolygon","coordinates":[[[[18.3988374,54.3967075],[18.3988411,54.3966785],[18.3988415,54.3966562],[18.3988465,54.3963805],[18.3989845,54.3961524],[18.3989761,54.3960317],[18.3989841,54.3960304],[18.399037,54.396022],[18.3990981,54.3960128],[18.3990665,54.3959397],[18.3990603,54.3959254],[18.3990561,54.3959157],[18.399013,54.3958157],[18.3988867,54.3955868],[18.3988574,54.3954776],[18.398861,54.3953614],[18.3988604,54.3953484],[18.398868,54.3953348],[18.3989804,54.3951354],[18.3990056,54.3951177],[18.3990703,54.3950722],[18.3990713,54.3950404],[18.3990722,54.3950149],[18.3990737,54.3949718],[18.399574,54.3949562],[18.4002651,54.3949338],[18.4007012,54.3951536],[18.4001064,54.3956049],[18.400131,54.3956165],[18.4003642,54.3957265],[18.4003529,54.3957329],[18.4004123,54.3957606],[18.4003889,54.3957778],[18.4003433,54.3958114],[18.4000129,54.3960545],[18.3999219,54.3961463],[18.3998467,54.3962675],[18.3995249,54.396502],[18.3991656,54.3967639],[18.3991176,54.3967988],[18.3990355,54.3967539],[18.3989807,54.3966932],[18.3989275,54.3966985],[18.3988374,54.3967075]]]]},"properties":{"addr:city":"Banino","addr:housenumber":"15","addr:postcode":"80-297","addr:street":"Tuchomska","amenity":"school","barrier":"fence","fence_type":"wire","isced:level":"1","name":"Szkoła Podstawowa Nr 1 im. ks. prałata Józefa Bigusa","website":"http://www.spbanino.098.pl/strona/kontakty"}},
{"type":"Feature","geometry":{"type":"MultiPolygon","coordinates":[[[[18.5936157,54.3799911],[18.5937232,54.3799831],[18.5939994,54.3799618],[18.5941818,54.3799475],[18.5949251,54.3798901],[18.5949503,54.3799773],[18.594967,54.3800429],[18.594618,54.3800848],[18.5946794,54.3803366],[18.5951809,54.3803076],[18.5952277,54.380503],[18.5952405,54.3805492],[18.5950848,54.3808188],[18.5950814,54.3808258],[18.5951111,54.380895],[18.5951625,54.3810136],[18.5950771,54.3811548],[18.5939662,54.3809041],[18.5938216,54.3809067],[18.5937571,54.3809077],[18.5936157,54.3799911]]]]},"properties":{"amenity":"school","landuse":"education","name":"Szkoła Podstawowa nr 39"}},
{"type":"Feature","geometry":{"type":"MultiPolygon","coordinates":[[[[18.5649167,54.3735502],[18.5650448,54.3735404],[18.5652125,54.3735139],[18.5652732,54.3735081],[18.565361,54.3734985],[18.5655154,54.373463],[18.5656292,54.3733939],[18.5656852,54.3734042],[18.5657055,54.3734152],[18.5657751,54.3733744],[18.565853100000003,54.3733287],[18.5662987,54.3735954],[18.5663111,54.3736028],[18.5665617,54.3737981],[18.5665229,54.3738146],[18.5664976,54.3738296],[18.5659528,54.3741323],[18.5659219,54.374148],[18.5659731,54.3741755],[18.5656926,54.3743418],[18.5656275,54.3743059],[18.5653274,54.3741402],[18.565312,54.3740864],[18.5652771,54.3739645],[18.5652484,54.3739401],[18.5650389,54.3738117],[18.5650168,54.3736587],[18.5650137,54.3736373],[18.5649671,54.3735955],[18.5649424,54.3735733],[18.5649167,54.3735502]]]]},"properties":{"amenity":"school","landuse":"education","name":"Szkoły im. św. Jana de La Salle","name:etymology:wikidata":"Q312758"}},
{"type":"Feature","geometry":{"type":"MultiPolygon","coordinates":[[[[18.648411,54.3573842],[18.6484432,54.3573517],[18.6487024,54.3570944],[18.6487544,54.3571116],[18.6487911,54.3571237],[18.6488744,54.3570428],[18.6490932,54.3571177],[18.649993,54.357419],[18.649992,54.35742],[18.650239,54.357502],[18.6501472,54.3575979],[18.6498993,54.3575167],[18.649898,54.357518],[18.6498293,54.3574957],[18.6497845,54.3575397],[18.6498182,54.3575513],[18.6495764,54.3577921],[18.6495465,54.3578232],[18.6493782,54.3577665],[18.6493504,54.3577924],[18.648411,54.3573842]]]]},"properties":{"addr:city":"Gdańsk","addr:country":"PL","addr:housenumber":"3","addr:postcode":"80-847","addr:street":"Gnilna","amenity":"school","email":"sekretariat@osm.gdansk.pl","isced:level":"1; 2; 3","landuse":"education","name":"Ogólnokształcąca Szkoła Muzyczna I i II st.","official_name":"Ogólnokształcąca Szkoła Muzyczna I i II st. im. Feliksa Nowowiejskiego","ref:rspo":"15477","source:addr":"Urząd Miasta Gdańsk","website":"http://www.osm.gdansk.pl/"}},
{"type":"Feature","geometry":{"type":"MultiPolygon","coordinates":[[[[18.6083038,54.3702711],[18.6085083,54.370273],[18.6085263,54.3702732],[18.6085582,54.3702735],[18.6091478,54.3702791],[18.6091732,54.3702796],[18.6092297,54.3702808],[18.609780399999999,54.3702575],[18.6098045,54.3703997],[18.6098267,54.370531],[18.6098149,54.3705584],[18.6096746,54.3705997],[18.6096694,54.3707397],[18.6092084,54.3707352],[18.6091154,54.3707343],[18.6091019,54.3710946],[18.6093569,54.3710849],[18.6097391,54.3710704],[18.6097892,54.3710658],[18.6097921,54.3710465],[18.6098159,54.3710463],[18.6098333,54.3711049],[18.6099667,54.37156],[18.6100636,54.3719056],[18.6100941,54.3720633],[18.6095731,54.3721267],[18.6094786,54.3720489],[18.6093509,54.3720113],[18.6092918,54.3719937],[18.6091783,54.3719161],[18.6091403,54.371849],[18.6090519,54.3715629],[18.608994,54.3714262],[18.6089561,54.3713152],[18.6088471,54.3712787],[18.6085804,54.3711893],[18.6085479,54.3711108],[18.6084952,54.3709353],[18.6084408,54.370778],[18.6083859,54.3705983],[18.608374,54.3705401],[18.6083324,54.370443],[18.6083282,54.3704262],[18.6083187,54.3703878],[18.6083038,54.3702711]]]]},"properties":{"addr:city":"Gdańsk","addr:housenumber":"92","addr:postcode":"80-226","addr:street":"Romualda Traugutta","amenity":"school","email":"ulo@pozytywneinicjatywy.pl","isced:level":"3","mobile":"+48 532 435 396","name":"Uniwersyteckie Liceum Ogólnokształcące im. Pawła Adamowicza","operator":"Miasto Gdańsk","operator:type":"public","phone":"+48 58 350 54 46","website":"https://ulo.pozytywneinicjatywy.pl/"}},
{"type":"Feature","geometry":{"type":"MultiPolygon","coordinates":[[[[18.5692333,54.3070447],[18.5694124,54.3068396],[18.5694044,54.3068078],[18.56943,54.3068052],[18.5694482,54.3068033],[18.569693,54.3068253],[18.5699145,54.3068452],[18.5699335,54.3068512],[18.5699463,54.3068364],[18.5701098,54.3066629],[18.5700634,54.3066486],[18.5701363,54.3065858],[18.5701931,54.3065368],[18.5702382,54.3064984],[18.5707762,54.3066152],[18.5712465,54.3067575],[18.5714982,54.3068458],[18.5718902,54.3067753],[18.571897,54.3069531],[18.5719136,54.3069753],[18.5719151,54.3070413],[18.5718094,54.3070864],[18.5719307,54.3071587],[18.571939,54.3071606],[18.5727736,54.3071961],[18.5727853,54.3083438],[18.572104,54.3083564],[18.5704969,54.3083944],[18.5703155,54.3083668],[18.5702955,54.3082737],[18.5703295,54.3081973],[18.5703831,54.3081034],[18.5704997,54.3080385],[18.570624,54.3080115],[18.5705342,54.3078883],[18.570444,54.3079068],[18.5702001,54.3077988],[18.5698032,54.3075663],[18.569791,54.3075587],[18.569604000000003,54.3074466],[18.5693165,54.3072682],[18.5692333,54.3070447]]]]},"properties":{"amenity":"school","barrier":"fence","landuse":"education","name":"Szkoła Podstawowa w Kowalach","start_date":"2019","website":"https://spkowale.edu.pl/"}},
{"type":"Feature","geometry":{"type":"MultiPolygon","coordinates":[[[[18.5733091,54.4134865],[18.5733398,54.4134522],[18.57341,54.413375],[18.573515,54.41326],[18.573568,54.413201],[18.573793,54.412953],[18.5738804,54.4129806],[18.5740618,54.41304],[18.5742296,54.4130903],[18.5742765,54.4131052],[18.574329,54.413121],[18.5745139,54.4131776],[18.5747679,54.4129021],[18.5748067,54.412914],[18.574885,54.412938],[18.5753464,54.4130793],[18.575066,54.4133868],[18.5752015,54.4134289],[18.5749032,54.4137623],[18.5747741,54.4139048],[18.5733896,54.4135097],[18.5733091,54.4134865]]]]},"properties":{"addr:city":"Gdańsk","addr:housenumber":"35/37","addr:postcode":"80-332","addr:street":"Piastowska","amenity":"school","landuse":"education","name":"Szkoła Podstawowa Specjalna nr 37 w Gdańsku","website":"http://sps37.edu.gdansk.pl/"}},
{"type":"Feature","geometry":{"type":"MultiPolygon","coordinates":[[[[18.57521,54.4218085],[18.5752361,54.4217908],[18.5757153,54.421459],[18.5762584,54.4216602],[18.5765993,54.4217866],[18.576695,54.421822],[18.5767837,54.4222598],[18.576832,54.4224872],[18.5767883,54.422516],[18.5767563,54.4225265],[18.5766835,54.4225445],[18.5766417,54.4225484],[18.5762366,54.4225888],[18.5758065,54.4226331],[18.5756043,54.4225869],[18.57521,54.4218085]]]]},"properties":{"amenity":"school","landuse":"education","name":"Szkoła Podstawowa nr 89 w Gdańsku im. Tadeusza Mazowieckiego"}},
{"type":"Feature","geometry":{"type":"MultiPolygon","coordinates":[[[[18.6089149,54.3602317],[18.6089911,54.3602062],[18.6089923,54.3602055],[18.609041,54.3601772],[18.6096212,54.3597123],[18.6093655,54.3593913],[18.6097711,54.3593021],[18.609598,54.3590946],[18.6095125,54.3590721],[18.6099805,54.3589198],[18.6101806,54.3588437],[18.6107623,54.3587656],[18.6109996,54.358795],[18.6112067,54.3589793],[18.6115913,54.3593209],[18.6118648,54.3595621],[18.6120215,54.3597957],[18.612062,54.3598415],[18.6121763,54.360105],[18.6122586,54.3602899],[18.612132,54.3603103],[18.6110799,54.3598336],[18.6106513,54.3599345],[18.610336,54.3602076],[18.6105148,54.3602609],[18.610636,54.3602533],[18.6109654,54.3603372],[18.6106542,54.3607643],[18.6108758,54.3608293],[18.6111086,54.3609097],[18.6116949,54.3611551],[18.6116716,54.361174],[18.6112546,54.3615086],[18.6105136,54.3611747],[18.6104723,54.3611558],[18.6104347,54.3611386],[18.6104203,54.3611643],[18.6101004,54.3610041],[18.6097326,54.3608134],[18.6094984,54.3607138],[18.6094638,54.3606828],[18.6094867,54.3606606],[18.6094582,54.3606498],[18.6090206,54.3603851],[18.6089149,54.3602317]]]]},"properties":{"addr:city":"Gdańsk","addr:housenumber":"90","addr:postcode":"80-216","addr:street":"Jana Sobieskiego","amenity":"school","landuse":"education","name":"Pomorskie Szkoły Rzemiosł"}},
{"type":"Feature","geometry":{"type":"MultiPolygon","coordinates":[[[[18.610336,54.3602076],[18.6106513,54.3599345],[18.6110799,54.3598336],[18.612132,54.3603103],[18.6122586,54.3602899],[18.6123654,54.3605364],[18.6123681,54.360558],[18.6123661,54.3605851],[18.6123605,54.3606057],[18.6123513,54.360629],[18.6123302,54.3606562],[18.6123159,54.3606725],[18.6122949,54.3606891],[18.6117166,54.3611382],[18.6116949,54.3611551],[18.6111086,54.3609097],[18.6108758,54.3608293],[18.6106542,54.3607643],[18.6109654,54.3603372],[18.610636,54.3602533],[18.6105148,54.3602609],[18.610336,54.3602076]]]]},"properties":{"amenity":"school","landuse":"education","name":"Centrum Kształcenia Zawodowego i Ustawicznego nr 1"}},
{"type":"Feature","geometry":{"type":"MultiPolygon","coordinates":[[[[18.5676758,54.3282556],[18.567876299999999,54.3278566],[18.5687656,54.327667],[18.568796,54.3276831],[18.5689033,54.3278731],[18.5689596,54.327975],[18.5692585,54.3285168],[18.5693153,54.3286198],[18.569347,54.3286809],[18.5693251,54.328701],[18.5688757,54.3288056],[18.5683108,54.328704],[18.5676758,54.3282556]]]]},"properties":{"amenity":"kindergarten","name":"Przedszkole nr 68"}},
{"type":"Feature","geometry":{"type":"MultiPolygon","coordinates":[[[[18.5665764,54.3275548],[18.5666005,54.3275437],[18.5666174,54.3275358],[18.5666019,54.3263317],[18.5666156,54.3260887],[18.5670707,54.3257755],[18.5670676,54.3257297],[18.5671473,54.3256776],[18.5671509,54.3256329],[18.5675043,54.3254117],[18.5675318,54.3253996],[18.5678215,54.3252128],[18.5678648,54.325192],[18.5680652,54.3251856],[18.5680729,54.3254161],[18.5681445,54.3255718],[18.568168,54.3256583],[18.5677728,54.3259214],[18.5678125,54.3259416],[18.5678685,54.3259728],[18.5679179,54.3259985],[18.5679954,54.3260281],[18.5681041,54.3261498],[18.5681273,54.3261434],[18.5681816,54.326129],[18.5682344,54.3261127],[18.5682225,54.3260806],[18.5682929,54.3260723],[18.5683448,54.3262416],[18.5686751,54.3268011],[18.5687173,54.3268771],[18.5689314,54.3272658],[18.5690195,54.3274259],[18.5689414,54.3274409],[18.5688929,54.3274503],[18.5688055,54.3274677],[18.567598,54.3277016],[18.567368599999999,54.3277458],[18.5670364,54.3277524],[18.5667752,54.3276519],[18.5666595,54.3276077],[18.5665764,54.3275548]]]]},"properties":{"amenity":"school","email":"sekretariat@sp6.edu.gdansk.pl","name":"Szkoła Podstawowa nr 6","phone":"+48 58 733 43 00"}},
{"type":"Feature","geometry":{"type":"MultiPolygon","coordinates":[[[[18.6257045,54.3673492],[18.6257974,54.3673362],[18.625852,54.367329],[18.6260034,54.3673145],[18.626,54.367302],[18.6260763,54.3672944],[18.626125,54.36729],[18.626129,54.367302],[18.626281,54.367288],[18.6263182,54.3672848],[18.6263255,54.3672371],[18.6264752,54.3672365],[18.626539,54.367256],[18.62687,54.367361],[18.6269004,54.3673709],[18.626937,54.367382],[18.6269121,54.3674095],[18.6266937,54.367639],[18.6266321,54.3677072],[18.6264864,54.3678573],[18.6264269,54.3681149],[18.6261336,54.368165],[18.6259719,54.3678692],[18.6257984,54.3675335],[18.6257045,54.3673492]]]]},"properties":{"amenity":"school","landuse":"education","name":"Szkoła Podstawowa nr 15"}},
{"type":"Feature","geometry":{"type":"MultiPolygon","coordinates":[[[[18.6050299,54.4031132],[18.6051046,54.4030488],[18.6050772,54.4029032],[18.6050407,54.4027096],[18.6062947,54.4026273],[18.6064438,54.4027635],[18.6064912,54.4028097],[18.6064976,54.4028522],[18.606222,54.4030954],[18.6060894,54.4032199],[18.6057542,54.4033542],[18.60572,54.4033694],[18.6051746,54.403168],[18.6050299,54.4031132]]]]},"properties":{"amenity":"kindergarten","barrier":"fence","name":"Żłobek nr 12 Żagielek"}},
{"type":"Feature","geometry":{"type":"MultiPolygon","coordinates":[[[[18.6274579,54.330509],[18.6274938,54.3305093],[18.6275597,54.3305076],[18.6278054,54.3305014],[18.627806,54.3304587],[18.6278079,54.3303364],[18.6279268,54.3303341],[18.6279263,54.3303487],[18.6279087,54.3303534],[18.6279656,54.3304691],[18.6281232,54.3305094],[18.6285445,54.3305041],[18.6288555,54.3305009],[18.628994,54.3305018],[18.6291129,54.3305027],[18.6294746,54.3304951],[18.6294955,54.3308201],[18.6296063,54.3316797],[18.6295866,54.33168],[18.6295452,54.3316805],[18.6290562,54.3316827],[18.6289238,54.3316816],[18.6288924,54.3316815],[18.6287832,54.3316153],[18.6275006,54.331632],[18.6274905,54.3314186],[18.6274902,54.33141],[18.6274809,54.3311031],[18.6274579,54.330509]]]]},"properties":{"amenity":"school","landuse":"education","name":"Szkoła Podstawowa nr 56 imienia Andrzeja Struga"}},
{"type":"Feature","geometry":{"type":"MultiPolygon","coordinates":[[[[18.5077193,54.349243],[18.5080658,54.3492102],[18.5081006,54.3493344],[18.5077542,54.3493676],[18.5077193,54.349243]]]]},"properties":{"addr:city":"Gdańsk","addr:country":"PL","addr:housenumber":"8","addr:postcode":"80-178","addr:street":"Gostyńska","amenity":"kindergarten","building":"yes","name":"Tik Tak"}},
{"type":"Feature","geometry":{"type":"MultiPolygon","coordinates":[[[[18.6281197,54.3264595],[18.6281474,54.3263655],[18.6283705,54.3262651],[18.6284179,54.326081],[18.6284633,54.3260876],[18.6284862,54.326091],[18.6285891,54.326068],[18.6285765,54.3260162],[18.6287987,54.3260085],[18.6288742,54.3261516],[18.6289225,54.326151],[18.6294997,54.3261326],[18.6295866,54.3261298],[18.6296294,54.326572],[18.6289045,54.3266212],[18.6289021,54.326581],[18.6287699,54.3265827],[18.6287726,54.3265536],[18.6286888,54.3265543],[18.6286791,54.3264473],[18.6281197,54.3264595]]]]},"properties":{"amenity":"kindergarten"}},
{"type":"Feature","geometry":{"type":"MultiPolygon","coordinates":[[[[18.632141,54.3238346],[18.6323737,54.3236079],[18.632783,54.3237904],[18.6326273,54.3238995],[18.632814,54.3239997],[18.6323479,54.324291],[18.632141,54.3238346]]]]},"properties":{"amenity":"kindergarten","barrier":"fence","landuse":"education","name":"Publiczne Pozytywne Przedszkole nr 3"}},
{"type":"Feature","geometry":{"type":"MultiPolygon","coordinates":[[[[18.55947,54.3768808],[18.5594794,54.3764839],[18.560417,54.3764889],[18.5605592,54.3764957],[18.5608131,54.3764892],[18.561156,54.3764773],[18.561502,54.3764632],[18.5616157,54.3764048],[18.5616372,54.3763268],[18.561472,54.3762632],[18.5613782,54.3762744],[18.5612624,54.376214],[18.5611151,54.3761359],[18.5609675,54.3759141],[18.5610117,54.3757828],[18.5611174,54.3757497],[18.5611835,54.3757848],[18.5612415,54.3757479],[18.5612715,54.3757633],[18.5613303,54.3757249],[18.5613563,54.3757384],[18.5613894,54.3757556],[18.5614194,54.375736],[18.5614287,54.3757292],[18.5614711,54.375705],[18.5615295,54.3757295],[18.5615034,54.375746],[18.561531,54.3757592],[18.5616261,54.3757058],[18.5616719,54.3756801],[18.5616922,54.3756925],[18.561682,54.3756985],[18.5618707,54.3758076],[18.5619279,54.3757719],[18.5620295,54.3758256],[18.5620627,54.3758432],[18.5621145,54.3758138],[18.5620671,54.3757865],[18.5621713,54.3757242],[18.5622367,54.3757619],[18.5623346,54.3757041],[18.5623531,54.3757154],[18.5624246,54.3756732],[18.5624956,54.3757139],[18.5626279,54.3756375],[18.5628517,54.3756895],[18.563011,54.3757818],[18.5630597,54.3759029],[18.5630269,54.3760843],[18.5627332,54.3762595],[18.5627586,54.3762976],[18.5626251,54.3763746],[18.5627002,54.3764398],[18.5626868,54.376946],[18.562491,54.3769464],[18.5623988,54.376949],[18.5623741,54.3769497],[18.5623544,54.3769503],[18.5621957,54.3768896],[18.55947,54.3768808]]]]},"properties":{"amenity":"school","grades":"0-8","landuse":"education","name":"Szkoła Podstawowa nr 38 im. gen. Stanisława Maczka","name:etymology:wikidata":"Q512764","website":"https://sp38.edu.gdansk.pl/pl"}},
{"type":"Feature","geometry":{"type":"MultiPolygon","coordinates":[[[[18.5852504,54.3523553],[18.5855858,54.3520461],[18.5856963,54.3520871],[18.5858716,54.3521357],[18.5858933,54.3521463],[18.5859028,54.352154],[18.5859081,54.3521609],[18.5859116,54.3521695],[18.585912,54.3521765],[18.5859088,54.3521894],[18.5858963,54.3522022],[18.5858782,54.3522156],[18.5857631,54.3523007],[18.5857414,54.3523207],[18.5856454,54.3524089],[18.5856986,54.3524276],[18.5856904,54.3524352],[18.5856507,54.3524723],[18.5856182,54.3524606],[18.5855946,54.3524825],[18.5855915,54.3524813],[18.5852735,54.3523638],[18.5852504,54.3523553]]]]},"properties":{"addr:city":"Gdańsk","addr:housenumber":"16B","addr:postcode":"80-126","addr:street":"Piekarnicza","amenity":"school","building":"school","building:levels":"3","description":"Przedszkole, Szkoła Podstawowa i Gimnazjum","name":"TE Vizja","source":"www.geoportal.gov.pl"}},
{"type":"Feature","geometry":{"type":"MultiPolygon","coordinates":[[[[18.5927569,54.4074171],[18.5927762,54.4071877],[18.5929236,54.4070088],[18.5932831,54.4071319],[18.5940244,54.4072595],[18.5940179,54.4072745],[18.5940968,54.4072953],[18.5941456,54.4073914],[18.594158,54.4075756],[18.5940498,54.4077276],[18.5938716,54.4077832],[18.5929023,54.4075734],[18.5927971,54.4075035],[18.5928175,54.4074688],[18.5928368,54.4074362],[18.5927569,54.4074171]]]]},"properties":{"addr:city":"Gdańsk","addr:housenumber":"4F","addr:postcode":"80-398","addr:street":"Obrońców Wybrzeża","amenity":"kindergarten","barrier":"fence","name":"Przedszkole nr 59"}},
{"type":"Feature","geometry":{"type":"MultiPolygon","coordinates":[[[[18.5878834,54.3199393],[18.5883857,54.3196909],[18.5896365,54.3197186],[18.5896387,54.3197709],[18.5896642,54.3197751],[18.5892324,54.3203222],[18.5892071,54.3203156],[18.5881271,54.3200164],[18.5878834,54.3199393]]]]},"properties":{"amenity":"kindergarten","barrier":"fence","name":"Przedszkole nr 83"}},
{"type":"Feature","geometry":{"type":"MultiPolygon","coordinates":[[[[18.4101711,54.3906692],[18.4101976,54.3906651],[18.4115626,54.3901755],[18.4121152,54.3906939],[18.4119857,54.3907392],[18.4114688,54.3909209],[18.4110278,54.3910742],[18.410687,54.3911942],[18.4101711,54.3906692]]]]},"properties":{"addr:city":"Banino","addr:housenumber":"15","addr:postcode":"80-297","addr:street":"Lotnicza","amenity":"school","landuse":"education","name":"Szkoła Podstawowa Nr 2","start_date":"2024"}},
{"type":"Feature","geometry":{"type":"MultiPolygon","coordinates":[[[[18.5978206,54.3318239],[18.5979056,54.3318223],[18.5979643,54.3318211],[18.5981283,54.3318072],[18.5982321,54.3317834],[18.5983374,54.3317429],[18.5985524,54.3316368],[18.598697,54.3316437],[18.5987307,54.3316556],[18.5988216,54.3317213],[18.598938,54.3317807],[18.5990105,54.3318005],[18.5990382,54.3318084],[18.5991004,54.331826],[18.5991814,54.3318489],[18.5988343,54.3322935],[18.5987467,54.3324093],[18.5978485,54.3324115],[18.5978292,54.3324116],[18.5978294,54.3324015],[18.5978206,54.3318239]]]]},"properties":{"amenity":"kindergarten"}},
{"type":"Feature","geometry":{"type":"MultiPolygon","coordinates":[[[[18.5884875,54.418317],[18.5886948,54.4180434],[18.5887523,54.4179676],[18.5894202,54.41814],[18.5894834,54.4181554],[18.5895779,54.4181785],[18.5892467,54.418627],[18.5888877,54.4185103],[18.5884875,54.418317]]]]},"properties":{"amenity":"kindergarten","name":"Przedszkole nr 48 z oddziałami integracyjnymi w Gdańsku","opening_hours":"Mo-Fr 06:00-17:00","phone":"58 553 23 11"}},
{"type":"Feature","geometry":{"type":"MultiPolygon","coordinates":[[[[18.5592892,54.3454779],[18.559456,54.3452277],[18.5593156,54.3450892],[18.5592906,54.3450646],[18.5593164,54.3450309],[18.5595038,54.3447862],[18.55948,54.3447797],[18.5596489,54.3445645],[18.5598436,54.3443164],[18.5599905,54.3441293],[18.5600479,54.3441444],[18.560495,54.344262],[18.5602393,54.344586],[18.5598957,54.3450411],[18.559854,54.3450304],[18.5597724,54.3451325],[18.5597225,54.3451217],[18.5596806,54.3451788],[18.5598021,54.345208],[18.5598187,54.3452506],[18.5597647,54.3453206],[18.5595839,54.345558],[18.5592892,54.3454779]]]]},"properties":{"amenity":"kindergarten"}},
{"type":"Feature","geometry":{"type":"MultiPolygon","coordinates":[[[[18.6096253,54.3673663],[18.610374,54.3672851],[18.6106824,54.3672523],[18.6108307,54.3672836],[18.610911,54.367476],[18.610926,54.367519],[18.6108454,54.367529],[18.6108693,54.3675986],[18.6109089,54.3677142],[18.6109302,54.367843],[18.6109269,54.3678692],[18.6105985,54.3678619],[18.6098514,54.3678561],[18.6096253,54.3673663]]]]},"properties":{"amenity":"kindergarten","name":"Przedszkole nr 4 „Gwarny Dworek”","website":"http://pr4.edu.gdansk.pl"}},
{"type":"Feature","geometry":{"type":"MultiPolygon","coordinates":[[[[18.5234625,54.3713145],[18.5237372,54.3713079],[18.5237164,54.3710265],[18.523712,54.370968],[18.5238136,54.3709656],[18.5238565,54.3709949],[18.5239008,54.3709934],[18.5239329,54.3709922],[18.5239705,54.3709613],[18.5239878,54.3709608],[18.5241348,54.3709562],[18.5241944,54.3709543],[18.524232,54.3709746],[18.5242724,54.3709731],[18.5248193,54.3709525],[18.524821,54.3709747],[18.5248513,54.371375],[18.5248852,54.3718216],[18.5244375,54.3718339],[18.5240214,54.3718453],[18.5239604,54.371847],[18.5239199,54.3718481],[18.5239118,54.3718483],[18.5235075,54.3718594],[18.5234723,54.3714336],[18.5234625,54.3713145]]]]},"properties":{"amenity":"school","barrier":"fence","contact:phone":"+48 58 349 68 16","landuse":"education","name":"Szkoła Podstawowa nr 7 im. mjra Mieczysława Słabego","website":"http://sp7.edu.gdansk.pl/pl"}},
{"type":"Feature","geometry":{"type":"MultiPolygon","coordinates":[[[[18.5923633,54.4192303],[18.5926958,54.4187953],[18.5927279,54.418804],[18.5932431,54.4189425],[18.5928705,54.4193867],[18.5923633,54.4192303]]]]},"properties":{"amenity":"school","barrier":"fence","landuse":"education","name":"British International School Gdańsk"}},
{"type":"Feature","geometry":{"type":"MultiPolygon","coordinates":[[[[18.5862365,54.4181316],[18.5862383,54.418129],[18.5863835,54.417936],[18.5865066,54.4177428],[18.5865093,54.4177382],[18.586725,54.417785],[18.5867575,54.4177952],[18.5868187,54.4177127],[18.5868381,54.4176848],[18.5868576,54.4176565],[18.5870725,54.4177109],[18.5871207,54.4176426],[18.5878636,54.4178313],[18.5882191,54.4179239],[18.5886948,54.4180434],[18.5884875,54.418317],[18.5881028,54.4188298],[18.5862532,54.4183477],[18.5862946,54.4182935],[18.5863867,54.4181684],[18.5862365,54.4181316]]]]},"properties":{"amenity":"school","landuse":"education","name":"Szkoła Podstawowa nr 60"}},
{"type":"Feature","geometry":{"type":"MultiPolygon","coordinates":[[[[18.5215685,54.3960301],[18.5218275,54.3957769],[18.5224179,54.3960406],[18.5230076,54.3962065],[18.5229099,54.3963828],[18.5219984,54.3961808],[18.5215685,54.3960301]]]]},"properties":{"amenity":"kindergarten","name":"Leśna Baza Wilczek","website":"https://wilczek.edu.pl/"}},
{"type":"Feature","geometry":{"type":"MultiPolygon","coordinates":[[[[18.6011106,54.3121291],[18.6012863,54.3113629],[18.6021806,54.3113518],[18.602183,54.3114543],[18.602181,54.3114907],[18.6021782,54.3115726],[18.6021962,54.3117754],[18.6022559,54.3120918],[18.6022616,54.3121254],[18.6022637,54.3121393],[18.6022057,54.3121766],[18.6019623,54.3121671],[18.6019172,54.3121655],[18.6011106,54.3121291]]]]},"properties":{"amenity":"kindergarten","barrier":"fence","landuse":"education","name":"Przedszkole nr 80"}},
{"type":"Feature","geometry":{"type":"MultiPolygon","coordinates":[[[[18.5624887,54.3299397],[18.5630997,54.3298535],[18.5634252,54.3303018],[18.5633716,54.3303166],[18.5633888,54.3303402],[18.5634398,54.33041],[18.5635062,54.330504],[18.5631889,54.3305806],[18.5631574,54.3305303],[18.5630186,54.3305679],[18.5630636,54.33063],[18.5629861,54.3306495],[18.5629817,54.3306432],[18.5628495,54.330458],[18.5625835,54.3300589],[18.5624887,54.3299397]]]]},"properties":{"amenity":"kindergarten","name":"Przedszkole Fantazja"}},
{"type":"Feature","geometry":{"type":"MultiPolygon","coordinates":[[[[18.5579058,54.4069677],[18.5579084,54.406839],[18.5581333,54.4064054],[18.5587575,54.406456],[18.5589228,54.4064694],[18.5588989,54.4065689],[18.559055,54.406583],[18.5590466,54.4066145],[18.5593802,54.4066432],[18.5593151,54.4069052],[18.5593122,54.4069219],[18.5593084,54.4069339],[18.5592603,54.4071427],[18.559223,54.4071586],[18.5591784,54.407155],[18.5591565,54.407153],[18.5586317,54.4071086],[18.5585533,54.407102],[18.5582465,54.4070745],[18.5582131,54.4070717],[18.5581881,54.4070698],[18.5580332,54.407058],[18.5579902,54.407047],[18.5579526,54.4070227],[18.5579221,54.4069961],[18.5579058,54.4069677]]]]},"properties":{"addr:city":"Gdańsk","addr:housenumber":"130","addr:postcode":"80-322","addr:street":"Polanki","amenity":"school","contact:facebook":"https://www.facebook.com/vlogdansk/","contact:youtube":"https://www.youtube.com/channel/UCA8Y-yevsJs3cm2ij_PgihA/featured","email":"sekretariat@lo5.edu.gdansk.pl","isced:level":"3","name":"V Liceum Ogólnokształcące w Gdańsku im. Stefana Żeromskiego","operator":"Miasto Gdańsk","operator:type":"public","phone":"+48 58 552 11 91","website":"https://www.vlo.gda.pl/"}},
{"type":"Feature","geometry":{"type":"MultiPolygon","coordinates":[[[[18.554673,54.4079844],[18.554917,54.4074314],[18.555799,54.4075631],[18.5556701,54.4078634],[18.5557375,54.4079679],[18.5557576,54.4080005],[18.5558129,54.4080903],[18.5558482,54.4081673],[18.5558619,54.4081657],[18.5558801,54.4082042],[18.5554197,54.4081821],[18.5552979,54.4081744],[18.5551799,54.4081397],[18.5547101,54.4080034],[18.554673,54.4079844]]]]},"properties":{"amenity":"school"}},
{"type":"Feature","geometry":{"type":"MultiPolygon","coordinates":[[[[18.5569634,54.4098185],[18.5569755,54.4097292],[18.5569908,54.409586],[18.5570735,54.4095068],[18.5571709,54.4094702],[18.5572655,54.409446],[18.557359,54.4094482],[18.5576922,54.4095221],[18.5584674,54.409679],[18.5584745,54.4097181],[18.5583937,54.409967],[18.5576902,54.4098936],[18.5572103,54.4098443],[18.5569634,54.4098185]]]]},"properties":{"amenity":"school","landuse":"education","name":"Niepubliczna Szkoła Podstawowa \"Fregata\"","website":"https://fregata.edu.pl/"}},
{"type":"Feature","geometry":{"type":"MultiPolygon","coordinates":[[[[18.6128162,54.3834476],[18.6129751,54.3834195],[18.61304,54.3835403],[18.6129985,54.3835516],[18.6130708,54.3836099],[18.6129488,54.3836606],[18.6128897,54.3835759],[18.6128601,54.3835326],[18.6128162,54.3834476]]]]},"properties":{"addr:city":"Gdańsk","addr:housenumber":"14","addr:postcode":"80-438","addr:street":"Aldony","amenity":"kindergarten","name":"Akademia Malucha","nursery":"yes","opening_hours":"06:30-17:30","operator":"Akademia Malucha - klub dziecięcy","preschool":"no","website":"https://www.akademiamalucha.gda.pl/moduly,zlobek_gdansk_wrzeszcz.html"}},
{"type":"Feature","geometry":{"type":"MultiPolygon","coordinates":[[[[18.5834915,54.4235388],[18.5835382,54.4235342],[18.5844833,54.4234422],[18.5844976,54.423488999999999],[18.5845118,54.4235152],[18.5845924,54.4236323],[18.5845992,54.4236354],[18.5846667,54.4236597],[18.5850422,54.4236244],[18.585081,54.4237392],[18.5850938,54.4237378],[18.5852236,54.423726],[18.5854987,54.4237023],[18.5855244,54.4237925],[18.5859303,54.4237539],[18.5859427,54.4238575],[18.5859902,54.4239996],[18.5859556,54.4240193],[18.5858291,54.424091],[18.5841579,54.4249271],[18.5840781,54.424916],[18.5837964,54.4247008],[18.583684,54.4242725],[18.5836828,54.4242679],[18.5834915,54.4235388]]]]},"properties":{"addr:city":"Gdańsk","addr:housenumber":"13","addr:postcode":"80-347","addr:street":"Orłowska","amenity":"school","barrier":"fence","landuse":"education","name":"Szkoła Podstawowa nr 77","operator":"Miasto Gdańsk","operator:type":"government","operator:wikidata":"Q1792","website":"https://www.zkpig7.pl/"}},
{"type":"Feature","geometry":{"type":"MultiPolygon","coordinates":[[[[18.5835094,54.4082946],[18.5837531,54.4077599],[18.5838115,54.407766],[18.5839023,54.4077755],[18.5842376,54.4078128],[18.5843859,54.4078303],[18.5843962,54.4077818],[18.5845991,54.4077877],[18.5846965,54.4075202],[18.5847297,54.4075243],[18.5854307,54.4076118],[18.5855481,54.4083906],[18.5843825,54.4085484],[18.5839685,54.408604],[18.5838433,54.4084153],[18.5837007,54.408326],[18.5835094,54.4082946]]]]},"properties":{"addr:city":"Gdańsk","addr:housenumber":"6","addr:postcode":"80-380","addr:street":"Zgody II","amenity":"school","name":"Zespół Szkół Specjalnych nr 2","operator":"Miasto Gdańsk","operator:type":"public","website":"http://www.zssp2.eu/"}},
{"type":"Feature","geometry":{"type":"MultiPolygon","coordinates":[[[[18.5854892,54.4076188],[18.5865886,54.4077642],[18.5866763,54.4077758],[18.5865787,54.408036],[18.5865432,54.4081132],[18.5865004,54.4081713],[18.5864357,54.4082226],[18.5863528,54.4082641],[18.5863006,54.4082813],[18.5862558,54.4082935],[18.585593,54.4083843],[18.5854892,54.4076188]]]]},"properties":{"addr:city":"Gdańsk","addr:housenumber":"35A","addr:postcode":"80-379","addr:street":"Śląska","amenity":"kindergarten","barrier":"fence","name":"Przedszkole nr 49 Miś","operator":"Miasto Gdańsk","preschool":"yes"}},
{"type":"Feature","geometry":{"type":"MultiPolygon","coordinates":[[[[18.5906271,54.3017986],[18.5913813,54.3019319],[18.5916379,54.3021918],[18.5917278,54.3022286],[18.5918605,54.3023702],[18.5918704,54.3024031],[18.591345,54.3025694],[18.5911708,54.3023856],[18.5906271,54.3017986]]]]},"properties":{"addr:city":"Borkowo","addr:housenumber":"1","addr:postcode":"80-180","addr:street":"Lawendowa","amenity":"kindergarten","description":"Żłobek i przedszkole MegaMocni Borkowo","name":"MegaMocni","nursery":"yes","opening_hours":"Mo-Fr 06:00-17:30","operator":"MegaMocni","phone":"+48 506 562 053","preschool":"yes","strapline":"żłobek i przedszkole","website":"https://megamocni.edu.pl/przedszkole/megamocni-borkowo"}},
{"type":"Feature","geometry":{"type":"MultiPolygon","coordinates":[[[[18.5803186,54.3776846],[18.5804328,54.3773059],[18.5805232,54.3770476],[18.5805582,54.3769539],[18.5808979,54.3770095],[18.5811839,54.3771913],[18.5812486,54.377233],[18.581798,54.3775882],[18.5819271,54.377672],[18.5819418,54.3776804],[18.5817249,54.3777989],[18.5817252,54.3779368],[18.581123,54.3779079],[18.5805116,54.3778854],[18.580555,54.3777276],[18.5805607,54.3777049],[18.5803186,54.3776846]]]]},"properties":{"addr:city":"Gdańsk","addr:housenumber":"10","addr:postcode":"80-282","addr:street":"Srebrniki","amenity":"school","barrier":"fence","grades":"0-8","landuse":"education","name":"Szkoła Podstawowa nr 27 im. Dzieci Zjednoczonej Europy","website":"https://sp27gdansk.pl/"}},
{"type":"Feature","geometry":{"type":"MultiPolygon","coordinates":[[[[18.5947994,54.3760781],[18.594966199999999,54.3760325],[18.5955921,54.3759239],[18.5961558,54.3769643],[18.5961698,54.3769894],[18.5963146,54.3773417],[18.5958025,54.3774164],[18.5954546,54.3774663],[18.5952811,54.3774934],[18.5951709,54.3772338],[18.5951448,54.3771514],[18.5951123,54.3770382],[18.5950382,54.3764397],[18.5947994,54.3760781]]]]},"properties":{"addr:city":"Gdańsk","addr:housenumber":"7","addr:postcode":"80-255","addr:street":"Topolowa","alt_name":"Topolówka","amenity":"school","barrier":"fence","isced:level":"3","name":"III Liceum Ogólnokształcące z Oddziałami Dwujęzycznymi im. Bohaterów Westerplatte","operator":"Miasto Gdańsk","operator:type":"public","website":"https://zso13.edu.gdansk.pl/"}},
{"type":"Feature","geometry":{"type":"MultiPolygon","coordinates":[[[[18.5583166,54.4364026],[18.5583956,54.4362163],[18.5585412,54.4358645],[18.5587925,54.435766],[18.5588751,54.4357435],[18.5589773,54.4357308],[18.5590409,54.4357304],[18.5591461,54.4357428],[18.5595715,54.4358016],[18.559683,54.43586],[18.559744,54.435873],[18.559751,54.435863],[18.559912,54.435898],[18.5599013,54.4359148],[18.5599021,54.4359204],[18.55983,54.4360774],[18.5598739,54.4360803],[18.5600064,54.4360899],[18.5599658,54.436262],[18.5599631,54.4362861],[18.5600154,54.4363027],[18.5599914,54.4363661],[18.5600051,54.4364008],[18.5599309,54.4366148],[18.5598225,54.4366052],[18.5597698,54.4368137],[18.5598949,54.4368274],[18.5598833,54.4368825],[18.5598562,54.4370112],[18.5598242,54.4371626],[18.5598181,54.4371916],[18.5598008,54.4372738],[18.5597624,54.4372706],[18.5593181,54.4372303],[18.5592659,54.4372252],[18.5593536,54.436796],[18.5589541,54.4367109],[18.5589448,54.4367276],[18.5588531,54.4368691],[18.5585684,54.4368014],[18.5587392,54.4365365],[18.5587646,54.4364983],[18.5583166,54.4364026]]]]},"properties":{"addr:city":"Sopot","addr:housenumber":"50-54","addr:postcode":"81-843","addr:street":"Armii Krajowej","amenity":"school","name":"Szkoła Podstawowa z Oddziałami Integracyjnymi nr 1 im. Armii Krajowej w Sopocie","website":"https://sp1sopot.eu/"}},
{"type":"Feature","geometry":{"type":"MultiPolygon","coordinates":[[[[18.4534021,54.4173368],[18.4534478,54.4173367],[18.4534684,54.4173253],[18.453464,54.4172696],[18.4535259,54.4172672],[18.4540525,54.4172468],[18.4542558,54.4172383],[18.4542772,54.4174128],[18.4542069,54.4174973],[18.4534911,54.4175822],[18.4534021,54.4173368]]]]},"properties":{"amenity":"kindergarten","landuse":"education","name":"Happy Kids Osowa"}},
{"type":"Feature","geometry":{"type":"MultiPolygon","coordinates":[[[[18.5968896,54.332217],[18.5969221,54.3321552],[18.5969933,54.3321024],[18.5972215,54.3319955],[18.5975217,54.3318484],[18.5976014,54.3318276],[18.5976827,54.3318218],[18.5978205,54.33182],[18.5978206,54.3318239],[18.5978294,54.3324015],[18.5978292,54.3324116],[18.5978485,54.3324115],[18.5978322,54.3325618],[18.5977509,54.3325499],[18.5977433,54.3325699],[18.5979248,54.332596],[18.597882,54.332713],[18.597762,54.332696],[18.5977549,54.3327138],[18.5977396,54.3327487],[18.5971294,54.3326815],[18.5970115,54.3326681],[18.5969929,54.3325102],[18.5969111,54.3324672],[18.5968918,54.3322884],[18.5968896,54.332217]]]]},"properties":{"amenity":"school","landuse":"education"}},
{"type":"Feature","geometry":{"type":"MultiPolygon","coordinates":[[[[18.6212276,54.3745706],[18.6220541,54.3740858],[18.6224438,54.3743247],[18.6226189,54.3744308],[18.6233207,54.3741683],[18.6239158,54.3745009],[18.6237608,54.3746453],[18.6236194,54.3748251],[18.6236015,54.374848],[18.6235917,54.3748635],[18.6234719,54.3752047],[18.6234642,54.3752214],[18.623447,54.3752359],[18.6223775,54.3755892],[18.622345,54.3755925],[18.6223239,54.3755836],[18.6221894,54.3754687],[18.6218996,54.3752125],[18.621341,54.374709],[18.621266,54.374643],[18.6212276,54.3745706]]]]},"properties":{"amenity":"school","landuse":"education","name":"Szkoły Okrętowe i Techniczne Conradinum"}},
{"type":"Feature","geometry":{"type":"MultiPolygon","coordinates":[[[[18.6295729,54.4096821],[18.6298796,54.4096116],[18.6301772,54.4095529],[18.6301354,54.4093346],[18.6301845,54.4093312],[18.6308032,54.4092883],[18.6308746,54.4093075],[18.6309898,54.4093009],[18.6310353,54.4092983],[18.6310623,54.4092704],[18.6310864,54.4093772],[18.631094,54.4094869],[18.6311017,54.409599],[18.6314744,54.4096635],[18.6312873,54.4100846],[18.6309187,54.4101126],[18.6304289,54.4102876],[18.6303383,54.4103172],[18.630267,54.410342],[18.6302095,54.4103618],[18.6302016,54.4103641],[18.6301273,54.4102837],[18.6300216,54.4101681],[18.6295729,54.4096821]]]]},"properties":{"amenity":"school","barrier":"fence","name":"Szkoła Podstawowa nr 20 im. Jana Grudzińskiego"}},
{"type":"Feature","geometry":{"type":"MultiPolygon","coordinates":[[[[18.5792263,54.4031733],[18.579242,54.4031464],[18.579315,54.4030212],[18.5792793,54.4030129],[18.5793958,54.4028234],[18.5794457,54.4028345],[18.5794769,54.402804],[18.5799757,54.402923],[18.5801708,54.402603],[18.5806409,54.4027106],[18.5805573,54.4028609],[18.5802874,54.4033682],[18.5797466,54.4032689],[18.5792263,54.4031733]]]]},"properties":{"amenity":"kindergarten","name":"Przedszkole niepubliczne Stokrotka","name:etymology:wikidata":"Q26158"}},
{"type":"Feature","geometry":{"type":"MultiPolygon","coordinates":[[[[18.6115667,54.3866748],[18.6116168,54.38661],[18.6115939,54.3866029],[18.6116076,54.3865874],[18.6116238,54.3865691],[18.6116378,54.3865529],[18.6116584,54.3865303],[18.6117001,54.3864825],[18.6116762,54.3864752],[18.6117723,54.3863676],[18.6117846,54.3863711],[18.6119112,54.3862298],[18.6119044,54.3862277],[18.6120739,54.3860368],[18.6120818,54.3860386],[18.6122075,54.3858969],[18.6122099,54.3858943],[18.612366,54.3859419],[18.6123635,54.3859446],[18.6124441,54.3859692],[18.6129189,54.386117],[18.6128115,54.3865396],[18.612348,54.3865005],[18.6122048,54.3866648],[18.6121569,54.3866863],[18.6121017,54.3866699],[18.6120641,54.3867122],[18.61204,54.3867393],[18.6119277,54.386705],[18.6118725,54.3867642],[18.6115667,54.3866748]]]]},"properties":{"amenity":"school","email":"sekretariat@sp49.edu.gdansk.pl","isced:level":"1;2","name":"Szkoła Podstawowa nr 49 im. ks. Bronisława Komorowskiego","name:etymology:wikidata":"Q481432","operator:type":"government","source":"https://rspo.men.gov.pl/rspo/11179","source:date":"2020-09-02","website":"http://sp49gdansk.edupage.org/"}},
{"type":"Feature","geometry":{"type":"MultiPolygon","coordinates":[[[[18.497547,54.285865],[18.4976008,54.2854421],[18.4980538,54.28543],[18.4979921,54.2858916],[18.497547,54.285865]]]]},"properties":{"amenity":"kindergarten"}},
{"type":"Feature","geometry":{"type":"MultiPolygon","coordinates":[[[[18.6104742,54.3785577],[18.610582,54.3785272],[18.6110743,54.3783881],[18.6114522,54.3789436],[18.6111491,54.3790203],[18.611053,54.379044],[18.6110099,54.379057],[18.6108389,54.3790082],[18.6106636,54.3787576],[18.6104742,54.3785577]]]]},"properties":{"amenity":"kindergarten","name":"Przedszkole nr 7","phone":"+48 58 3413894"}},
{"type":"Feature","geometry":{"type":"MultiPolygon","coordinates":[[[[18.6124921,54.3775707],[18.6126751,54.377515],[18.61269,54.3775302],[18.6130471,54.3774153],[18.6130575,54.3774257],[18.6132426,54.3773668],[18.613231,54.3773537],[18.6133822,54.377302],[18.6134375,54.3773608],[18.6134899,54.3774139],[18.6135949,54.3773788],[18.6135885,54.3773723],[18.6137309,54.3773245],[18.6137404,54.3773341],[18.6139958,54.3772575],[18.6140155,54.3772658],[18.6140845,54.3773481],[18.614185,54.3774662],[18.6144761,54.377814],[18.6144319,54.3778263],[18.6144656,54.3778669],[18.6144431,54.3778785],[18.6147404,54.3780733],[18.614674,54.3781035],[18.614739,54.3781611],[18.6147751,54.3781933],[18.6139866,54.3784861],[18.6137413,54.3785731],[18.6136305,54.3784498],[18.6134186,54.3782361],[18.6132141,54.3783034],[18.6132041,54.3783059],[18.6125662,54.3776933],[18.61259,54.3776685],[18.6126133,54.3776366],[18.6125355,54.3776165],[18.6124921,54.3775707]]]]},"properties":{"amenity":"school","landuse":"education","name":"Szkoła Podstawowa nr 17"}},
{"type":"Feature","geometry":{"type":"MultiPolygon","coordinates":[[[[18.6653,54.3996646],[18.666002,54.3993777],[18.6661377,54.3995128],[18.6661917,54.3995811],[18.6663674,54.3997471],[18.66644,54.3997194],[18.6667202,54.3999922],[18.666803,54.4000735],[18.6668038,54.4000743],[18.6663987,54.4002096],[18.6659881,54.4003499],[18.6653,54.3996646]]]]},"properties":{"addr:city":"Gdańsk","addr:housenumber":"26","addr:postcode":"80-538","addr:street":"Wolności","amenity":"kindergarten","barrier":"fence","name":"Przedszkole nr 23","operator":"Urząd Miasta Gdańsk","operator:type":"public","phone":"+48 583464949","preschool":"yes"}},
{"type":"Feature","geometry":{"type":"MultiPolygon","coordinates":[[[[18.6068476,54.3960126],[18.6077952,54.3955093],[18.6079385,54.3958761],[18.6082977,54.396713],[18.6080178,54.3966513],[18.6079357,54.396529],[18.6078749,54.3965222],[18.607876,54.3965355],[18.6075369,54.396571],[18.6075192,54.3965728],[18.6071637,54.3965309],[18.6070246,54.3965007],[18.6069929,54.3964161],[18.6069877,54.3964017],[18.6069717,54.396357],[18.6068476,54.3960126]]]]},"properties":{"amenity":"kindergarten","fax":"+48 58 346 56 64","isced:level":"1;2","landuse":"education","name":"Przedszkole nr 5 \"Róża Wiatrów\"","official_name":"Przedszkole nr 5 w Gdańsku","phone":"+48 58 346 56 64","ref:rspo":"7308","website":"http://pr5.edu.gdansk.pl"}},
{"type":"Feature","geometry":{"type":"MultiPolygon","coordinates":[[[[18.6128347,54.3852773],[18.6138444,54.3845103],[18.6138952,54.3844722],[18.6143776,54.3846621],[18.6143098,54.384712],[18.6148503,54.3849301],[18.6151823,54.3849709],[18.6152386,54.3853465],[18.615266,54.3855322],[18.6152433,54.3855333],[18.6150196,54.3855211],[18.6136975,54.3853973],[18.6135496,54.3854828],[18.6130849,54.38542],[18.6128662,54.3853301],[18.6128347,54.3852773]]]]},"properties":{"addr:city":"Gdańsk","addr:housenumber":"7","addr:street":"Aleja Legionów","amenity":"school","grades":"1-5","name":"Zespół Szkół Gastronomiczno-Hotelarskich","website":"zsgh.edu.gdansk.pl"}},
{"type":"Feature","geometry":{"type":"MultiPolygon","coordinates":[[[[18.6022833,54.3783198],[18.6026586,54.3782644],[18.6027908,54.3782451],[18.6029324,54.3784211],[18.6030711,54.3786051],[18.6031519,54.3786941],[18.6031394,54.3788151],[18.6031185,54.3788213],[18.6028987,54.3788857],[18.6027947,54.3789153],[18.6027339,54.3788636],[18.6025581,54.3786577],[18.6025378,54.3786122],[18.6025186,54.3785904],[18.6022833,54.3783198]]]]},"properties":{"amenity":"school","isced:level":"3","name":"Szkoła Muzyczna II stopnia imienia Fryderyka Chopina","opening_hours":"Mo-Fr 8:00-20:00; Sa 9:00-14:00","phone":"+48 58 341 42 20","website":"http://zsm-gdansk.edu.pl/","wheelchair":"yes"}},
{"type":"Feature","geometry":{"type":"MultiPolygon","coordinates":[[[[18.5935268,54.3902553],[18.5936394,54.3901838],[18.5938598,54.3900421],[18.5941129,54.3900988],[18.5941515,54.3901052],[18.5941955,54.3901125],[18.5944795,54.3901597],[18.594368,54.3903882],[18.594349,54.3904271],[18.5943304,54.3904247],[18.5942806,54.3905329],[18.5940589,54.3905001],[18.5939295,54.3904532],[18.5938029,54.3903906],[18.5937572,54.3903678],[18.5935268,54.3902553]]]]},"properties":{"amenity":"kindergarten","landuse":"education","name":"Publiczne Pozytywne Przedszkole nr 12 w Gdańsku","start_date":"2023-09"}},
{"type":"Feature","geometry":{"type":"MultiPolygon","coordinates":[[[[18.6513076,54.3583509],[18.651308,54.358313],[18.651308,54.358309],[18.651312,54.358309],[18.651313,54.358284],[18.651309,54.358284],[18.651309,54.358279],[18.651313,54.358279],[18.651313,54.358234],[18.651309,54.358234],[18.651309,54.35823],[18.651316,54.35823],[18.6513315,54.3580693],[18.651518,54.3578717],[18.6519991,54.3580359],[18.6518792,54.3581511],[18.6518418,54.3582298],[18.6518412,54.3583531],[18.6516289,54.3583522],[18.6513076,54.3583509]]]]},"properties":{"addr:city":"Gdańsk","addr:country":"PL","addr:housenumber":"36","addr:postcode":"80-858","addr:street":"Wałowa","amenity":"kindergarten","name":"Przedszkole nr 35","source:addr":"Urząd Miasta Gdańsk","website":"https://p35.edu.gdansk.pl/pl"}},
{"type":"Feature","geometry":{"type":"MultiPolygon","coordinates":[[[[18.6259497,54.4021662],[18.6271299,54.4020974],[18.6278519,54.4020507],[18.6279573,54.4027754],[18.627965,54.4028222],[18.627977,54.4028935],[18.6279992,54.403035],[18.6278966,54.4030424],[18.627529,54.403067],[18.6274293,54.4030736],[18.6269754,54.4031039],[18.6267143,54.4031197],[18.6259497,54.4021662]]]]},"properties":{"addr:city":"Gdańsk","addr:country":"PL","addr:postcode":"80-506","addr:street":"Dworska","amenity":"school","email":"szkola@gedanensis.edu.pl","name":"Podstawowa Szkoła Gedanensis","opening_hours":"Mo-Fr 07:30-14:30; Sa-Su off","phone":"+48509385107;+48583205674","website":"https://gedanensis.edu.pl/"}},
{"type":"Feature","geometry":{"type":"MultiPolygon","coordinates":[[[[18.5900206,54.413747],[18.5900726,54.4135832],[18.5901254,54.4134597],[18.5903779,54.412821],[18.5904086,54.4128264],[18.5904495,54.4128334],[18.5905062,54.412843],[18.5905179,54.412845],[18.591193,54.4129637],[18.5911282,54.4130864],[18.5912587,54.4131218],[18.5912577,54.4131439],[18.5912401,54.41355],[18.5911979,54.4138798],[18.5900206,54.413747]]]]},"properties":{"addr:city":"Gdańsk","addr:housenumber":"5A","addr:postcode":"80-371","addr:street":"Jagiellońska","amenity":"kindergarten","barrier":"fence","email":"beata.szulc@montessori.gda.pl","name":"Chrześcijańska Szkoła Podstawowa i Przedszkole Montessori","phone":"695 640 509","preschool":"yes","website":"https://www.montessori.gda.pl/przymorze/"}},
{"type":"Feature","geometry":{"type":"MultiPolygon","coordinates":[[[[18.5656563,54.4046834],[18.5658082,54.4044671],[18.5658878,54.4043606],[18.5665427,54.4045299],[18.5665253,54.4045539],[18.5666472,54.4045842],[18.5664843,54.4048009],[18.5664788,54.4048145],[18.5660307,54.4047427],[18.5656563,54.4046834]]]]},"properties":{"amenity":"kindergarten"}},
{"type":"Feature","geometry":{"type":"MultiPolygon","coordinates":[[[[18.5658878,54.4043606],[18.5659903,54.4042233],[18.5662403,54.4042877],[18.566417,54.4040618],[18.5669366,54.4041933],[18.5669032,54.4042384],[18.5667991,54.404379],[18.5666724,54.4045502],[18.5666472,54.4045842],[18.5665253,54.4045539],[18.5665427,54.4045299],[18.5658878,54.4043606]]]]},"properties":{"amenity":"kindergarten","landuse":"education"}},
{"type":"Feature","geometry":{"type":"MultiPolygon","coordinates":[[[[18.5598432,54.4062539],[18.5598918,54.4060725],[18.5598966,54.4060625],[18.5599181,54.4059757],[18.5599428,54.4058847],[18.5603034,54.4059433],[18.5607658,54.4060337],[18.5606927,54.4061874],[18.5606629,54.4061834],[18.5605699,54.4061691],[18.5605695,54.4061699],[18.5603048,54.4061346],[18.5602367,54.406299],[18.5600802,54.4062736],[18.5601135,54.4061987],[18.5599913,54.4061787],[18.5599403,54.4062818],[18.5598907,54.4062749],[18.5598432,54.4062539]]]]},"properties":{"amenity":"school","barrier":"fence","landuse":"education","name":"I Społeczna Szkoła Podstawowa","school":"primary"}},
{"type":"Feature","geometry":{"type":"MultiPolygon","coordinates":[[[[18.5563067,54.4387348],[18.5563303,54.4385726],[18.5571189,54.4386114],[18.5570912,54.4388019],[18.5565746,54.4387765],[18.5565787,54.4387481],[18.5563067,54.4387348]]]]},"properties":{"amenity":"kindergarten"}},
{"type":"Feature","geometry":{"type":"MultiPolygon","coordinates":[[[[18.5699209,54.4361154],[18.5700295,54.4357495],[18.5701423,54.4357142],[18.5701919,54.4355795],[18.5702122,54.4355309],[18.5699431,54.4354762],[18.5702079,54.4351194],[18.5702459,54.43507],[18.5702294,54.435066],[18.5702246,54.4350646],[18.5702612,54.4350137],[18.5703969,54.4350017],[18.5704778,54.4349943],[18.5705346,54.4349205],[18.5705591,54.4348901],[18.570569,54.434894],[18.570697,54.434934],[18.5714785,54.4351849],[18.5716092,54.435227],[18.571825,54.4352942],[18.5718461,54.4353008],[18.5719011,54.4353188],[18.5718288,54.4353763],[18.5714769,54.4356599],[18.5712505,54.4358417],[18.5711043,54.4358852],[18.5709011,54.4358417],[18.570667,54.4359087],[18.5706254,54.4359631],[18.5704798,54.4361472],[18.5704525,54.436141],[18.570362,54.4362687],[18.5701204,54.4361859],[18.5701226,54.4361837],[18.570038,54.4361552],[18.5700364,54.4361567],[18.5699768,54.4361353],[18.5699209,54.4361154]]]]},"properties":{"amenity":"school","email":"zielonaosemka@wp.pl","landuse":"education","name":"Szkoła Podstawowa z Oddziałami Integracyjnymi nr 8 im. Jana Matejki","website":"https://sp8sopot.edupage.org"}},
{"type":"Feature","geometry":{"type":"MultiPolygon","coordinates":[[[[18.5965522,54.393287],[18.5968044,54.3931375],[18.5968799,54.3931317],[18.5971563,54.3931726],[18.5973693,54.3930424],[18.5977179,54.3930676],[18.5980562,54.3935936],[18.5979615,54.3936173],[18.5973082,54.3935185],[18.5966174,54.393414],[18.5965522,54.393287]]]]},"properties":{"amenity":"kindergarten","barrier":"fence","landuse":"education","name":"Żłobek nr 4 Nutka"}},
{"type":"Feature","geometry":{"type":"MultiPolygon","coordinates":[[[[18.5585554,54.4216625],[18.5585655,54.4216608],[18.5589312,54.4215993],[18.5603883,54.421352],[18.5603466,54.4211519],[18.5610066,54.4210296],[18.5611087,54.4212287],[18.5612275,54.4214389],[18.5613283,54.4215395],[18.5615068,54.4217176],[18.561604,54.4218139],[18.5617267,54.4219354],[18.5617194,54.4219361],[18.5612318,54.4219812],[18.5609732,54.4220052],[18.5607629,54.4220087],[18.5604658,54.4220432],[18.5601532,54.422084],[18.5602754,54.4223248],[18.5604206,54.4226013],[18.5601211,54.4227194],[18.5598965,54.4227872],[18.5597946,54.4228102],[18.5597278,54.4228253],[18.5595816,54.4225728],[18.5595305,54.4225438],[18.5593214,54.4225424],[18.5592679,54.4225466],[18.5592144,54.4225832],[18.5590866,54.4226027],[18.5585554,54.4216625]]]]},"properties":{"alt_name":"Zespół Szkół Architektury Krajobrazu i Handlowo-Usługowych","amenity":"school","landuse":"education","name":"Zespół Szkół Architektury Krajobrazu i Handlowo-Usługowych im. Władysława Szafera","website":"https://zsakhu.edu.gdansk.pl/pl"}},
{"type":"Feature","geometry":{"type":"MultiPolygon","coordinates":[[[[18.5720641,54.3586312],[18.5721041,54.3585944],[18.5722011,54.3579757],[18.5738254,54.3580381],[18.5739734,54.3580437],[18.5739749,54.3580208],[18.5739639,54.3579873],[18.573941,54.3579557],[18.5739112,54.3579303],[18.5736942,54.3577451],[18.5737449,54.3577207],[18.5738622,54.3576644],[18.5739746,54.3577363],[18.5743177,54.3578294],[18.5743412,54.3578362],[18.5743611,54.3578421],[18.574379,54.3579131],[18.5744669,54.3579315],[18.5745752,54.3578937],[18.5748642,54.3579688],[18.5755067,54.3580813],[18.5755294,54.3580953],[18.5759091,54.3582443],[18.5759013,54.3585529],[18.575871,54.3586565],[18.5758327,54.3587661],[18.5757301,54.3589388],[18.5756103,54.3589771],[18.5753343,54.3590653],[18.5751443,54.3590277],[18.5750139,54.3589445],[18.5744852,54.3587045],[18.5742599,54.3585489],[18.5739856,54.3586776],[18.573893,54.358772],[18.5728973,54.3591426],[18.5724386,54.3591322],[18.5723646,54.3591256],[18.5721674,54.3591101],[18.5721668,54.3590845],[18.5720753,54.3590738],[18.5720651,54.3588037],[18.5720641,54.3586312]]]]},"properties":{"amenity":"school","barrier":"fence","name":"Szkoła Podstawowa Nr 2"}},
{"type":"Feature","geometry":{"type":"MultiPolygon","coordinates":[[[[18.5733946,54.3883112],[18.5736874,54.388151],[18.5738614,54.3880478],[18.5738886,54.388029],[18.5739802,54.3879692],[18.5741955,54.3878304],[18.5742613,54.387788],[18.5750083,54.3872997],[18.5751589,54.3872019],[18.5752515,54.3872515],[18.5754687,54.387367],[18.5753918,54.3883674],[18.5750195,54.3885983],[18.57491,54.388666],[18.574455,54.3889523],[18.5743879,54.3889119],[18.5733946,54.3883112]]]]},"properties":{"amenity":"school","barrier":"fence","landuse":"education","name":"Gdańska Szkoła Szermierki","ref:rspo":"266576"}},
{"type":"Feature","geometry":{"type":"MultiPolygon","coordinates":[[[[18.7413746,54.3240001],[18.7425155,54.323645],[18.742588,54.323608],[18.7433188,54.3239509],[18.743569,54.3240833],[18.7432913,54.3244912],[18.7413746,54.3240001]]]]},"properties":{"amenity":"school","name":"Szkoła Podstawowa w Przejazdowie"}},
{"type":"Feature","geometry":{"type":"MultiPolygon","coordinates":[[[[18.7191736,54.2933899],[18.7191814,54.2933324],[18.7192252,54.293053],[18.7193902,54.29306],[18.7194599,54.2928377],[18.7204054,54.2929152],[18.7213369,54.2931487],[18.7205791,54.2940122],[18.7200701,54.2938889],[18.7203464,54.2935116],[18.7191736,54.2933899]]]]},"properties":{"amenity":"school","name":"Szkoła Podstawowa im. Danuty Siedzikówny \"Inki\" w Wiślinie","website":"https://wislina.szkolnastrona.pl/index.php"}},
{"type":"Feature","geometry":{"type":"MultiPolygon","coordinates":[[[[18.5780671,54.4009521],[18.5781243,54.4008653],[18.5786249,54.400986],[18.5786399,54.4009909],[18.578583,54.401069],[18.5783125,54.4010075],[18.5781812,54.4009777],[18.5780671,54.4009521]]]]},"properties":{"amenity":"kindergarten","barrier":"fence","name":"Przedszkole"}},
{"type":"Feature","geometry":{"type":"MultiPolygon","coordinates":[[[[18.5992332,54.3770088],[18.5994623,54.3767808],[18.5995546,54.376676],[18.5996497,54.3765705],[18.6001585,54.3760178],[18.6007155,54.3760744],[18.6014498,54.3767427],[18.6009814,54.3769284],[18.6004131,54.3771527],[18.6002927,54.3772002],[18.5997209,54.377428],[18.5992332,54.3770088]]]]},"properties":{"amenity":"school","barrier":"fence","name":"Zespół Szkół Specjalnych nr 1","website":"https://zss1.edu.gdansk.pl/pl"}},
{"type":"Feature","geometry":{"type":"MultiPolygon","coordinates":[[[[18.6016439,54.3772178],[18.6021345,54.3770242],[18.6021192,54.3769172],[18.6024241,54.376786],[18.6029465,54.3772449],[18.6031427,54.3771987],[18.603199,54.377208],[18.6032874,54.3773047],[18.6031722,54.3773435],[18.6032354,54.3774028],[18.6032592,54.377427],[18.6032983,54.3774665],[18.6029948,54.3775759],[18.6028989,54.3776118],[18.6028797,54.3775946],[18.6027844,54.3776323],[18.6027191,54.3776588],[18.6026777,54.3776752],[18.6026955,54.3776904],[18.6022821,54.3778161],[18.6022352,54.3777727],[18.6022312,54.3777681],[18.6021619,54.377701],[18.6019621,54.3775137],[18.6016439,54.3772178]]]]},"properties":{"amenity":"school","name":"Szkoła Podstawowa nr 45 im. Bohaterów Westerplatte","website":"https://sp45.edu.gdansk.pl/pl"}},
{"type":"Feature","geometry":{"type":"MultiPolygon","coordinates":[[[[18.5528838,54.3327703],[18.5533863,54.3326169],[18.5533059,54.3325224],[18.5534522,54.3324821],[18.5539184,54.3329896],[18.5533697,54.3331545],[18.5532351,54.3331309],[18.5532293,54.3331243],[18.5532239,54.333118],[18.5532038,54.3331238],[18.5529149,54.3328047],[18.5528838,54.3327703]]]]},"properties":{"amenity":"kindergarten","barrier":"fence"}},
{"type":"Feature","geometry":{"type":"MultiPolygon","coordinates":[[[[18.5904286,54.3016427],[18.5906066,54.3013292],[18.5912796,54.3014615],[18.5913488,54.3015019],[18.5913913,54.3017161],[18.5913222,54.3018124],[18.5907207,54.3016976],[18.5905882,54.3016726],[18.5904693,54.3016503],[18.5904286,54.3016427]]]]},"properties":{"amenity":"kindergarten","name":"Kasztanowe"}},
{"type":"Feature","geometry":{"type":"MultiPolygon","coordinates":[[[[18.651424,54.3482416],[18.6514315,54.3482223],[18.6514595,54.3482087],[18.6514908,54.3482007],[18.6514823,54.348188],[18.6518783,54.348083],[18.6518965,54.3481007],[18.6519914,54.3480726],[18.652063,54.3481191],[18.6522561,54.3480512],[18.6524772,54.3482685],[18.6523481,54.3483054],[18.6520086,54.3484023],[18.6519575,54.3484154],[18.6519816,54.3484466],[18.6518533,54.3484874],[18.6517844,54.3484935],[18.6517134,54.3484917],[18.6516678,54.3484787],[18.651582,54.3484379],[18.6514341,54.3482612],[18.651426,54.3482467],[18.651424,54.3482416]]]]},"properties":{"amenity":"kindergarten"}},
{"type":"Feature","geometry":{"type":"MultiPolygon","coordinates":[[[[18.6493012,54.3487157],[18.6497478,54.3485768],[18.6499263,54.3488312],[18.6499879,54.3489168],[18.64968,54.348992],[18.649645,54.348942],[18.649486,54.34898],[18.649429,54.348899],[18.6494089,54.3488682],[18.6493012,54.3487157]]]]},"properties":{"amenity":"kindergarten"}},
{"type":"Feature","geometry":{"type":"MultiPolygon","coordinates":[[[[18.5825287,54.4229156],[18.5837685,54.4228034],[18.5839563,54.4234164],[18.5832807,54.4234952],[18.5832712,54.4234627],[18.5832566,54.4234642],[18.5832052,54.4234697],[18.5827197,54.4232983],[18.5825287,54.4229156]]]]},"properties":{"amenity":"kindergarten","barrier":"fence","landuse":"education","name":"Przedszkole nr 60 im. Jana Brzechwy"}},
{"type":"Feature","geometry":{"type":"MultiPolygon","coordinates":[[[[18.6028381,54.3903209],[18.6028467,54.3902984],[18.6028583,54.3902677],[18.6028797,54.3902286],[18.6029409,54.3901545],[18.6032547,54.3900296],[18.603566,54.3899362],[18.6038085,54.3899186],[18.603938,54.389948],[18.603998,54.3899902],[18.6040331,54.3900642],[18.6039582,54.3901711],[18.6038102,54.390285],[18.6037443,54.3904285],[18.6036914,54.3905413],[18.6036278,54.3905728],[18.6034199,54.390604],[18.6033937,54.3905763],[18.6033494,54.3905701],[18.6032743,54.3905597],[18.6032321,54.3905808],[18.6030948,54.3905583],[18.6029421,54.3905043],[18.6028429,54.3903739],[18.6028381,54.3903209]]]]},"properties":{"amenity":"kindergarten","barrier":"fence","landuse":"education"}},
{"type":"Feature","geometry":{"type":"MultiPolygon","coordinates":[[[[18.660482,54.3435463],[18.6605022,54.3435266],[18.660514,54.3435237],[18.660949,54.3434168],[18.6611297,54.3435193],[18.6613038,54.3438761],[18.6614236,54.3441228],[18.6608158,54.3442279],[18.6606863,54.3439774],[18.660482,54.3435463]]]]},"properties":{"amenity":"kindergarten","barrier":"fence","name":"Przedszkole nr 46 \"Muszelka\""}},
{"type":"Feature","geometry":{"type":"MultiPolygon","coordinates":[[[[18.6450407,54.395631],[18.6451737,54.3953492],[18.6453503,54.3953826],[18.6456462,54.3954935],[18.6456411,54.3955878],[18.6456142,54.3957229],[18.6450407,54.395631]]]]},"properties":{"addr:city":"Gdańsk","addr:housenumber":"58","addr:postcode":"80-534","addr:street":"Starowiejska","amenity":"kindergarten","construction":"education","construction:amenity":"kindergarten","name":"Norlandia Gdańsk Letnica","operator":"Norlandia","operator:type":"private","phone":"+48 502 458 426","website":"https://norlandiaprzedszkola.pl/"}},
{"type":"Feature","geometry":{"type":"MultiPolygon","coordinates":[[[[18.5919829,54.3933504],[18.5937058,54.3922906],[18.5940214,54.3923203],[18.5939715,54.392357],[18.5940075,54.3923621],[18.5940351,54.3923667],[18.5940618,54.392349],[18.5940975,54.3923573],[18.594105,54.3923528],[18.594138,54.3923329],[18.5949952,54.3924093],[18.5950056,54.3924162],[18.5950146,54.3924222],[18.595034,54.3924127],[18.5952674,54.3924335],[18.5953397,54.3926418],[18.5952989,54.392695],[18.5952333,54.3927078],[18.5951578,54.3927546],[18.5951171,54.3928071],[18.5950248,54.392837],[18.5949724,54.3928695],[18.5949412,54.3929199],[18.5948475,54.3929469],[18.5948054,54.3929739],[18.5947644,54.3930002],[18.5947962,54.3930458],[18.5941688,54.3934297],[18.5937621,54.3936786],[18.5933052,54.3936056],[18.5932729,54.3935898],[18.5932371,54.3935723],[18.5931986,54.3935922],[18.5930401,54.3935699],[18.5921001,54.3934367],[18.5919829,54.3933504]]]]},"properties":{"addr:city":"Gdańsk","addr:housenumber":"7","addr:postcode":"80-460","addr:street":"Pilotów","amenity":"school","barrier":"fence","contact:facebook":"https://www.facebook.com/xvlowgdansku","email":"sekretariat@lo15.edu.gdansk.pl","isced:level":"3","name":"XV Liceum Ogólnokształcące im. Zjednoczonej Europy z Oddziałami Dwujęzycznymi","operator":"Miasto Gdańsk","operator:type":"public","phone":"+48 58 556 51 95","website":"https://lo15.edu.gdansk.pl"}},
{"type":"Feature","geometry":{"type":"MultiPolygon","coordinates":[[[[18.6415354,54.3463813],[18.6420472,54.3456125],[18.6422044,54.3453802],[18.6422291,54.3453824],[18.6429569,54.3454475],[18.64301,54.3454522],[18.6429169,54.3459393],[18.6428989,54.3459657],[18.6425967,54.3464094],[18.6424412,54.3463941],[18.6423786,54.3463975],[18.6423539,54.3463988],[18.6415354,54.3463813]]]]},"properties":{"amenity":"school","barrier":"fence","landuse":"education","name":"Szkoła Podstawowa nr 21 im. kpt. ż. w. Karola Olgierda Borchardta","website":"https://sp21.edu.gdansk.pl/"}},
{"type":"Feature","geometry":{"type":"MultiPolygon","coordinates":[[[[18.6118085,54.3908331],[18.6119084,54.3907724],[18.612021,54.3907044],[18.6132819,54.3910506],[18.6136433,54.3911482],[18.6135589,54.3914227],[18.6126763,54.3915415],[18.6123849,54.3914897],[18.6124008,54.3914574],[18.6122685,54.3914407],[18.6120364,54.3912975],[18.6119146,54.3910357],[18.6118085,54.3908331]]]]},"properties":{"amenity":"school","barrier":"fence","landuse":"education","name":"Niepubliczna Szkoła Podstawowa \"Nasza Szkoła\""}},
{"type":"Feature","geometry":{"type":"MultiPolygon","coordinates":[[[[18.5861043,54.3610514],[18.5861293,54.3610504],[18.5861679,54.3610507],[18.5862237,54.3610404],[18.586254,54.3610199],[18.5863331,54.3609143],[18.5864163,54.3608828],[18.5863753,54.3608465],[18.5869742,54.3606139],[18.5871144,54.3605594],[18.5873967,54.3604345],[18.5875131,54.360386],[18.5875993,54.3604137],[18.5876617,54.3603905],[18.5879107,54.3604905],[18.587913,54.3605023],[18.5879695,54.3605119],[18.5880135,54.3605189],[18.5880521,54.3605286],[18.5882028,54.3606494],[18.5888155,54.3611873],[18.5887907,54.3611965],[18.588816,54.3612189],[18.5888727,54.361269],[18.5888828,54.3612709],[18.5891846,54.3612322],[18.5892684,54.3612799],[18.5892818,54.3612973],[18.5893047,54.361327],[18.5893213,54.3614008],[18.5892797,54.361708900000007],[18.5893011,54.3617422],[18.5893522,54.3617615],[18.5897681,54.3618709],[18.5897652,54.3618796],[18.5890194,54.3629065],[18.5888897,54.362961],[18.5887954,54.3630006],[18.5881219,54.362871],[18.5880022,54.3628434],[18.5879772,54.3628376],[18.5879603,54.3628337],[18.5879189,54.3628241],[18.5878263,54.3628036],[18.5878889,54.3626264],[18.5879427,54.3625045],[18.5879689,54.3623408],[18.5879653,54.36232],[18.5879986,54.362293],[18.5880384,54.362285],[18.5880877,54.3622864],[18.5882505,54.3623293],[18.5882844,54.3622404],[18.588282,54.3622192],[18.5882963,54.3621552],[18.5883011,54.3621455],[18.5883034,54.3620326],[18.5882844,54.3619471],[18.588244,54.3618709],[18.5881911,54.361802],[18.5881323,54.3617512],[18.5880045,54.3616831],[18.5876783,54.3617557],[18.587177,54.361673],[18.5867734,54.3617906],[18.586443,54.3617096],[18.5863788,54.3614953],[18.5864032,54.3614437],[18.5863965,54.3614281],[18.586381,54.3613917],[18.5864015,54.3613743],[18.5864096,54.3613537],[18.5864042,54.3613328],[18.5863949,54.3613235],[18.5863861,54.3613146],[18.5863577,54.3613015],[18.586323,54.3612953],[18.5862869,54.3612982],[18.5861067,54.3611221],[18.5861056,54.3610914],[18.5861043,54.3610514]]]]},"properties":{"addr:city":"Gdańsk","addr:housenumber":"6","addr:postcode":"80-286","addr:street":"Antoniego Dobrowolskiego","amenity":"school","email":"sekretariat@zso12.edu.gdansk.pl","isced:level":"3","landuse":"education","name":"XX Liceum Ogólnokształcące z Oddziałami Dwujęzycznymi im. Zbigniewa Herberta","operator":"Miasto Gdańsk","operator:type":"public","phone":"+48 58 347 97 12","website":"https://www.xxlo.pl/"}},
{"type":"Feature","geometry":{"type":"MultiPolygon","coordinates":[[[[18.5761728,54.4238333],[18.5761871,54.4237946],[18.5762109,54.4237565],[18.5762822,54.4237026],[18.5764248,54.4236265],[18.5764913,54.4235947],[18.5765496,54.4235809],[18.5766233,54.4235678],[18.5767088,54.4235609],[18.5768253,54.4235754],[18.5769049,54.4236003],[18.5771699,54.4237462],[18.5772757,54.4238125],[18.5773363,54.4238651],[18.5773624,54.4239211],[18.5773589,54.4239688],[18.5773375,54.42402],[18.5773018,54.4240704],[18.5772341,54.4241409],[18.5772098,54.4241597],[18.5771794,54.4241831],[18.5771099,54.4242118],[18.577035,54.4242322],[18.5769762,54.4242315],[18.5768954,54.4242225],[18.5767338,54.4241893],[18.5765733,54.4241492],[18.5764331,54.424105],[18.5763499,54.4240642],[18.5762442,54.4239958],[18.5762144,54.4239598],[18.5761824,54.4239156],[18.5761752,54.4238734],[18.5761728,54.4238333]]]]},"properties":{"amenity":"kindergarten","barrier":"fence","landuse":"education","name":"Przedszkole nr 64 \"Kubuś Puchatek\""}},
{"type":"Feature","geometry":{"type":"MultiPolygon","coordinates":[[[[18.5660235,54.4395706],[18.5661012,54.439181],[18.5666104,54.4392536],[18.5666217,54.4392235],[18.5666455,54.4392135],[18.5667759,54.4392098],[18.5669535,54.4392316],[18.5669514,54.4392375],[18.566832,54.4394226],[18.5666793,54.4396334],[18.5665498,54.4396213],[18.5664388,54.4396514],[18.5660235,54.4395706]]]]},"properties":{"amenity":"kindergarten","landuse":"education","name":"Przedszkole nr 10"}},
{"type":"Feature","geometry":{"type":"MultiPolygon","coordinates":[[[[18.5904348,54.3943502],[18.5908523,54.3940974],[18.5912601,54.3941563],[18.5913793,54.3941735],[18.5916317,54.39421],[18.591714,54.3944981],[18.5912919,54.3947674],[18.5906024,54.3946762],[18.5906038,54.3946302],[18.5906054,54.3945808],[18.5905687,54.3945743],[18.5904925,54.3944579],[18.5904474,54.3943747],[18.5904348,54.3943502]]]]},"properties":{"amenity":"kindergarten","barrier":"fence","landuse":"education","name":"Przedszkole nr 63"}},
{"type":"Feature","geometry":{"type":"MultiPolygon","coordinates":[[[[18.5942314,54.3955509],[18.5952162,54.3949465],[18.5955631,54.394726],[18.5962398,54.3943124],[18.5963561,54.3942421],[18.5963827,54.3942362],[18.5964259,54.3942314],[18.5965848,54.3942525],[18.5967792,54.3945828],[18.5966877,54.3946424],[18.5967258,54.3946686],[18.5967811,54.3946809],[18.5968745,54.3948444],[18.5969215,54.3948414],[18.5969444,54.3948629],[18.5971242,54.3951714],[18.5971299,54.3951928],[18.5971293,54.3952146],[18.5971249,54.3952342],[18.5971071,54.3952657],[18.5970963,54.3952749],[18.5970677,54.3952927],[18.5960676,54.3958949],[18.5959634,54.3959038],[18.5943292,54.3956848],[18.5942314,54.3955509]]]]},"properties":{"amenity":"school","landuse":"education"}},
{"type":"Feature","geometry":{"type":"MultiPolygon","coordinates":[[[[18.5907426,54.3966069],[18.5907504,54.3966021],[18.5910848,54.3963954],[18.5923844,54.396569],[18.592372,54.3966041],[18.5917999,54.3969545],[18.5916133,54.3969261],[18.5908497,54.3968099],[18.5907426,54.3966069]]]]},"properties":{"amenity":"kindergarten","barrier":"fence","landuse":"education","name":"Przedszkole nr 66"}},
{"type":"Feature","geometry":{"type":"MultiPolygon","coordinates":[[[[18.6280025,54.4032149],[18.6280999,54.4029078],[18.6287827,54.4028435],[18.6289328,54.4035389],[18.6289396,54.4035706],[18.628943,54.4035862],[18.6289574,54.4036528],[18.6286323,54.4036912],[18.6284238,54.4037092],[18.6283703,54.4037161],[18.6281778,54.4037393],[18.6280987,54.4037213],[18.6280025,54.4032149]]]]},"properties":{"amenity":"kindergarten","barrier":"fence","landuse":"education","name":"Przedszkole nr 67","website":"http://p67.edu.gdansk.pl/"}},
{"type":"Feature","geometry":{"type":"MultiPolygon","coordinates":[[[[18.5990682,54.4118419],[18.5990806,54.4118158],[18.599101,54.4117725],[18.5991039,54.4117664],[18.5991112,54.4117509],[18.5991231,54.4117256],[18.5992591,54.4114357],[18.6006116,54.4115951],[18.600649,54.4115995],[18.6006218,54.411636],[18.6004189,54.4120412],[18.599971,54.4119753],[18.5993635,54.4118843],[18.5993301,54.4118793],[18.5992823,54.4118724],[18.5990682,54.4118419]]]]},"properties":{"amenity":"kindergarten","landuse":"education","name":"British International School Gdańsk","operator:type":"private","website":"https://www.bisg.edu.pl/"}},
{"type":"Feature","geometry":{"type":"MultiPolygon","coordinates":[[[[18.6112708,54.3806247],[18.6112921,54.3806171],[18.6117123,54.3804706],[18.6118456,54.3804237],[18.6118592,54.3804375],[18.6119029,54.3804817],[18.6119561,54.3804632],[18.6119795,54.3804863],[18.6119947,54.3805011],[18.6120031,54.3805102],[18.6119175,54.3805379],[18.6120554,54.3806802],[18.6123515,54.3805851],[18.6124654,54.3807064],[18.6124836,54.3807242],[18.6125029,54.3807464],[18.6115545,54.3809825],[18.6113895,54.3807659],[18.6112708,54.3806247]]]]},"properties":{"amenity":"kindergarten","landuse":"education","name":"Przedszkole nr 15 Niezapominajka"}},
{"type":"Feature","geometry":{"type":"MultiPolygon","coordinates":[[[[18.4787997,54.4206238],[18.4789173,54.4205196],[18.4794115,54.4204239],[18.4794565,54.4204203],[18.4796631,54.4204014],[18.4802402,54.4204012],[18.480717,54.4204045],[18.4807169,54.4204935],[18.480871,54.4204936],[18.4808768,54.4206445],[18.4808706,54.4217849],[18.4807799,54.4217851],[18.4788083,54.4217905],[18.4788046,54.4213782],[18.4788015,54.4210826],[18.4788029,54.4210339],[18.4788,54.4209176],[18.4787997,54.4206238]]],[[[18.481102,54.4216494],[18.4811022,54.4213333],[18.4811025,54.4208552],[18.482102,54.4208578],[18.4821026,54.4211153],[18.4821172,54.4216898],[18.4811792,54.4216936],[18.4811453,54.4216742],[18.481102,54.4216494]]]]},"properties":{"addr:city":"Gdańsk","addr:housenumber":"57","addr:postcode":"80-299","addr:street":"Wodnika","amenity":"school","email":"sekretariat@ZSO2.edu.gdansk.pl","fax":"+48 58 340 75 62","landuse":"education","name":"Zespół Szkół Ogólnokształcących nr 2","phone":"+48 58 340 75 60","website":"https://zso2.edu.gdansk.pl/"}},
{"type":"Feature","geometry":{"type":"MultiPolygon","coordinates":[[[[18.481102,54.4216494],[18.4811022,54.4213333],[18.4811025,54.4208552],[18.482102,54.4208578],[18.4821026,54.4211153],[18.4821172,54.4216898],[18.4811792,54.4216936],[18.4811453,54.4216742],[18.481102,54.4216494]]]]},"properties":{"construction":"education"}},
{"type":"Feature","geometry":{"type":"MultiPolygon","coordinates":[[[[18.4325016,54.3464552],[18.4325426,54.3464407],[18.4333124,54.3462578],[18.4333875,54.3468097],[18.4331542,54.3468206],[18.4331783,54.3470302],[18.4331101,54.3470315],[18.4325802,54.3470414],[18.4325721,54.3468472],[18.4325683,54.3467943],[18.4325628,54.3467198],[18.4325614,54.3467002],[18.4325079,54.346694],[18.4325016,54.3464552]]]]},"properties":{"amenity":"school","contact:phone":"+48 58 681 86 94","landuse":"education","name":"Szkoła Podstawowa im. Jana Pawła II","website":"http://zslezno.edupage.org/"}},
{"type":"Feature","geometry":{"type":"MultiPolygon","coordinates":[[[[18.5980037,54.3460299],[18.5982185,54.3460676],[18.5986438,54.3460954],[18.5986865,54.3460979],[18.5987414,54.3461011],[18.5987798,54.3461034],[18.5990026,54.3461205],[18.5995255,54.3461624],[18.5995226,54.3462081],[18.5995059,54.346339],[18.599406,54.3463346],[18.5993958,54.3464139],[18.5993772,54.3465018],[18.5993172,54.3467639],[18.5993139,54.3467791],[18.5993072,54.3467784],[18.5992845,54.3468856],[18.5992893,54.3468858],[18.599286,54.3469296],[18.5992562,54.3470125],[18.5985573,54.346981],[18.5981202,54.3469545],[18.5980881,54.346825],[18.5981579,54.3468184],[18.5981317,54.3467245],[18.5983756,54.346732],[18.5985098,54.3467359],[18.5984623,54.3466671],[18.5981619,54.346256],[18.5980037,54.3460299]]]]},"properties":{"amenity":"school","landuse":"education"}},
{"type":"Feature","geometry":{"type":"MultiPolygon","coordinates":[[[[18.6718972,54.3505432],[18.6728075,54.350325],[18.6728378,54.3503292],[18.6731266,54.3505472],[18.6726138,54.3507458],[18.672612,54.350939],[18.6719911,54.3509425],[18.6718972,54.3505432]]]]},"properties":{"amenity":"kindergarten","barrier":"fence","landuse":"education"}},
{"type":"Feature","geometry":{"type":"MultiPolygon","coordinates":[[[[18.7362515,54.3607882],[18.7367944,54.3606467],[18.736687,54.360497],[18.7367386,54.3604834],[18.7377024,54.360306],[18.7378719,54.3602774],[18.7379264,54.3602683],[18.7380207,54.3605617],[18.7380482,54.3606356],[18.7380699,54.3606891],[18.7381953,54.3609978],[18.7382122,54.3610393],[18.7383176,54.361294],[18.7365271,54.3613445],[18.7362515,54.3607882]]]]},"properties":{"amenity":"school","barrier":"fence","landuse":"education","name":"Szkoła Podstawowa nr 62"}},
{"type":"Feature","geometry":{"type":"MultiPolygon","coordinates":[[[[18.6056889,54.4004386],[18.6056946,54.4004255],[18.606477,54.4001402],[18.6067672,54.4004182],[18.6070824,54.4007119],[18.6070531,54.4007681],[18.606583,54.4009033],[18.6059528,54.4007156],[18.6058711,54.4006299],[18.6056889,54.4004386]]]]},"properties":{"amenity":"kindergarten","barrier":"fence","landuse":"education","name":"Przedszkole nr 88"}},
{"type":"Feature","geometry":{"type":"MultiPolygon","coordinates":[[[[18.4331427,54.3154728],[18.4334495,54.314907],[18.4348828,54.314972],[18.4348859,54.3153359],[18.4343358,54.3153051],[18.434319,54.3154367],[18.4335168,54.3156375],[18.4334268,54.3156704],[18.4331427,54.3154728]]]]},"properties":{"amenity":"school","name":"Szkoła Podstawowa w Niestępowie"}},
{"type":"Feature","geometry":{"type":"MultiPolygon","coordinates":[[[[18.4798033,54.4281329],[18.4799524,54.4277294],[18.4800018,54.4277087],[18.48061,54.4277595],[18.4807272,54.4279968],[18.4807956,54.4281491],[18.4803383,54.4282263],[18.4803738,54.428303],[18.4799181,54.4283752],[18.4798331,54.4281929],[18.4798033,54.4281329]]]]},"properties":{"amenity":"kindergarten","barrier":"fence","landuse":"education","name":"Pozytywny Żłobek nr 4","start_date":"2021"}},
{"type":"Feature","geometry":{"type":"MultiPolygon","coordinates":[[[[18.6289568,54.3302006],[18.6289769,54.3298675],[18.6295104,54.3297761],[18.6295571,54.3297682],[18.6296243,54.3300293],[18.6297035,54.3300309],[18.629826,54.330032],[18.6298263,54.3300279],[18.6299229,54.3300273],[18.629929,54.329902],[18.629929,54.329878],[18.62993,54.329839],[18.629914,54.329799],[18.629869,54.329806],[18.62968,54.329834],[18.629645,54.329752],[18.6296422,54.3297387],[18.6301737,54.3296503],[18.6302227,54.329640499999999],[18.6302343,54.3298381],[18.6304261,54.3298471],[18.6305568,54.329856],[18.6305982,54.3298616],[18.6305268,54.3299105],[18.6304212,54.330013],[18.6303621,54.3300896],[18.6303508,54.3301125],[18.630334,54.3301655],[18.6303264,54.3301719],[18.6303181,54.3301756],[18.6301185,54.3301844],[18.629698,54.3301943],[18.6292904,54.3301958],[18.6289568,54.3302006]]]]},"properties":{"amenity":"school","landuse":"education"}},
{"type":"Feature","geometry":{"type":"MultiPolygon","coordinates":[[[[18.6315087,54.3292315],[18.6318502,54.328913],[18.6319609,54.3289224],[18.632388,54.3290248],[18.6323914,54.3290878],[18.6323565,54.3290878],[18.6323379,54.3292528],[18.6315087,54.3292315]]]]},"properties":{"amenity":"kindergarten","landuse":"education","name":"Przedszkole nr 11"}},
{"type":"Feature","geometry":{"type":"MultiPolygon","coordinates":[[[[18.515272,54.3550186],[18.5153086,54.3550149],[18.5154348,54.3549911],[18.5157069,54.3549221],[18.5157381,54.3549574],[18.5157822,54.3549731],[18.516568,54.3551549],[18.5162038,54.355323],[18.5152848,54.3551108],[18.515272,54.3550186]]]]},"properties":{"amenity":"kindergarten","landuse":"education"}},
{"type":"Feature","geometry":{"type":"MultiPolygon","coordinates":[[[[18.5781963,54.3321741],[18.5788867,54.3320373],[18.5789084,54.332033],[18.5789199,54.3320307],[18.5789326,54.3320282],[18.5789383,54.3320271],[18.5794997,54.331915],[18.5797037,54.3319289],[18.5801643,54.3323328],[18.5801611,54.3323417],[18.5799127,54.3323197],[18.5797918,54.3323093],[18.5797481,54.3323055],[18.5797401,54.3323047],[18.5797388,54.3323117],[18.5790421,54.3322509],[18.5790263,54.3322495],[18.5790049,54.3322479],[18.5789146,54.3322413],[18.5785451,54.3322143],[18.5784972,54.3322108],[18.5784414,54.3322066],[18.5781965,54.3321886],[18.5781963,54.3321741]]]]},"properties":{"addr:city":"Gdańsk","addr:housenumber":"153","addr:postcode":"80-180","addr:street":"Warszawska","amenity":"kindergarten","barrier":"fence","landuse":"education","name":"Przedszkole Niepubliczne \"Radosny Zakątek\"","operator:type":"private","preschool":"yes","website":"https://radosnyzakatek.net.pl"}},
{"type":"Feature","geometry":{"type":"MultiPolygon","coordinates":[[[[18.6227303,54.3974181],[18.622734,54.3971247],[18.6227753,54.3970815],[18.6227756,54.3970706],[18.6227759,54.3970611],[18.6227343,54.3970217],[18.622737,54.3966423],[18.6232156,54.3966508],[18.6232211,54.3968144],[18.6234233,54.3968148],[18.6234244,54.3971497],[18.624101,54.3971472],[18.6240988,54.397423],[18.6231758,54.3974288],[18.6229482,54.3974302],[18.6228894,54.3974205],[18.6227303,54.3974181]]]]},"properties":{"amenity":"kindergarten","contact:facebook":"https://www.facebook.com/przedszkolegedania1922?ref=hl","contact:pinterest":"https://www.pinterest.com/akademiadzieci/","email":"sekretariat@przedszkolegedania1922.pl","mobile":"+48 530 222 012","name":"Niepubliczne Przedszkole Gedania 1922","opening_hours":"Mo-Fr 07:00-17:00","website":"https://www.przedszkolegedania1922.pl/"}},
{"type":"Feature","geometry":{"type":"MultiPolygon","coordinates":[[[[18.6249534,54.3503752],[18.6249696,54.3503354],[18.6252449,54.3497696],[18.626167,54.3499168],[18.6258402,54.3505323],[18.6258157,54.3505792],[18.6256843,54.3505473],[18.6254453,54.3504953],[18.6249931,54.350385],[18.6249534,54.3503752]]]]},"properties":{"amenity":"school","landuse":"education","name":"Szkoła Podstawowa i Przedszkole Sokrates"}},
{"type":"Feature","geometry":{"type":"MultiPolygon","coordinates":[[[[18.5537646,54.3454619],[18.5538062,54.3454447],[18.5538766,54.3454101],[18.5540621,54.3452954],[18.5540702,54.3453017],[18.554386,54.3455451],[18.5545593,54.3456781],[18.554656,54.3457523],[18.5544436,54.3458408],[18.5542556,54.3459191],[18.5541929,54.3459134],[18.5541364,54.3458677],[18.5541294,54.3458616],[18.5540627,54.3458864],[18.5539859,54.3458263],[18.5538722,54.3457372],[18.5540666,54.34565],[18.5539773,54.3455836],[18.5538735,54.3455064],[18.5538311,54.3455099],[18.5537646,54.3454619]]]]},"properties":{"addr:city":"Gdańsk","addr:housenumber":"89","addr:postcode":"80-175","addr:street":"Jasieńska","amenity":"kindergarten","landuse":"education","name":"Niepubliczne Przedszkole \"Zielona Dolina\""}},
{"type":"Feature","geometry":{"type":"MultiPolygon","coordinates":[[[[18.6144781,54.3368081],[18.6147254,54.33666],[18.6146938,54.3366418],[18.6147693,54.3365947],[18.6151736,54.3363449],[18.6152353,54.3363597],[18.61535,54.336425],[18.6153895,54.3364359],[18.6154009,54.336518],[18.6153406,54.3366064],[18.6151421,54.3367956],[18.6150402,54.3368112],[18.614888,54.3369199],[18.6148085,54.3369256],[18.6146985,54.3368856],[18.6146006,54.3368531],[18.6145562,54.3368343],[18.6144781,54.3368081]]]]},"properties":{"amenity":"kindergarten","landuse":"education","name":"Niepubliczne Przedszkole \"Dobry Port\""}},
{"type":"Feature","geometry":{"type":"MultiPolygon","coordinates":[[[[18.4677102,54.4342996],[18.468272,54.4340244],[18.4683442,54.434037],[18.469255,54.4346549],[18.4690351,54.4348173],[18.4689329,54.4349058],[18.4684778,54.4347572],[18.4682544,54.4347593],[18.468088,54.4348439],[18.4680288,54.4348049],[18.4679884,54.4347772],[18.4677552,54.4346176],[18.4677131,54.4344346],[18.46782,54.4343822],[18.4677524,54.4343317],[18.4677102,54.4342996]]]]},"properties":{"amenity":"kindergarten","landuse":"education","name":"Przedszkole nr 87","operator":"DRMG","start_date":"2023-04-28"}},
{"type":"Feature","geometry":{"type":"MultiPolygon","coordinates":[[[[18.474144,54.4237039],[18.4743706,54.4236852],[18.4743847,54.4236772],[18.4744044,54.4236757],[18.4744628,54.4236711],[18.4744588,54.4236562],[18.474629,54.4236407],[18.47472,54.4236321],[18.4748177,54.4236214],[18.4748784,54.4238278],[18.4747762,54.423837],[18.4745141,54.423861],[18.4745247,54.4239018],[18.4744679,54.4239072],[18.4742728,54.4239257],[18.474256,54.4238764],[18.474195,54.4238794],[18.474144,54.4237039]]]]},"properties":{"amenity":"kindergarten","landuse":"education"}},
{"type":"Feature","geometry":{"type":"MultiPolygon","coordinates":[[[[18.5933775,54.3908138],[18.5934136,54.390787],[18.5935212,54.3907174],[18.5939295,54.3904532],[18.5940589,54.3905001],[18.5942806,54.3905329],[18.5942977,54.3905354],[18.5942597,54.3906224],[18.5941222,54.3909114],[18.5940581,54.3910476],[18.5933892,54.3909462],[18.5934243,54.3908632],[18.5933775,54.3908138]]]]},"properties":{"amenity":"kindergarten","landuse":"education","name":"Pozytywny Żłobek nr 5","start_date":"2021"}},
{"type":"Feature","geometry":{"type":"MultiPolygon","coordinates":[[[[18.6185125,54.3228062],[18.6187968,54.3226362],[18.6188007,54.3226031],[18.618911,54.3225388],[18.6189419,54.3225263],[18.6189286,54.3225154],[18.6189883,54.3224918],[18.6190019,54.3225035],[18.6190285,54.322493],[18.61911,54.3224458],[18.6192663,54.3225297],[18.6192683,54.3225487],[18.6193334,54.3225484],[18.6194508,54.3226123],[18.6192764,54.3227067],[18.6190464,54.3227055],[18.6190456,54.3227234],[18.6190449,54.3227367],[18.6189463,54.3227366],[18.6190368,54.3228947],[18.6187561,54.32295],[18.6185125,54.3228062]]]]},"properties":{"amenity":"kindergarten","landuse":"education","name":"Przedszkole Niepubliczne \"Parkowe Wzgórze\""}},
{"type":"Feature","geometry":{"type":"MultiPolygon","coordinates":[[[[18.6446591,54.3414167],[18.6448468,54.3413965],[18.6447539,54.3411481],[18.6450117,54.3410946],[18.6450565,54.3412378],[18.6451894,54.3412227],[18.6452921,54.3415306],[18.6449913,54.3415647],[18.6449589,54.3415686],[18.6449132,54.341574],[18.6447014,54.3415993],[18.6446591,54.3414167]]]]},"properties":{"amenity":"kindergarten","landuse":"education","name":"Pozytywne Przedszkole nr 8"}},
{"type":"Feature","geometry":{"type":"MultiPolygon","coordinates":[[[[18.6377045,54.3278934],[18.6377444,54.3278817],[18.6380056,54.3278391],[18.6381804,54.3278003],[18.6381788,54.3277811],[18.6381462,54.3277821],[18.6381429,54.3277423],[18.6381767,54.3277413],[18.6381732,54.3277001],[18.6388632,54.3276807],[18.6388877,54.3277029],[18.6389236,54.3277018],[18.6389588,54.3277009],[18.6389808,54.327676],[18.6391264,54.327672],[18.6398324,54.3276525],[18.6398329,54.3276726],[18.6398488,54.3283407],[18.6398556,54.3285458],[18.6392846,54.328561],[18.6391139,54.3285669],[18.6382475,54.3285814],[18.63774,54.3285868],[18.6377362,54.3283497],[18.6377303,54.3279972],[18.6377295,54.3279501],[18.637707,54.3279419],[18.6377057,54.3279171],[18.6377045,54.3278934]]]]},"properties":{"amenity":"school","barrier":"fence","landuse":"education","name":"Szkoła Podstawowa nr 16"}},
{"type":"Feature","geometry":{"type":"MultiPolygon","coordinates":[[[[18.6119175,54.3805379],[18.6120031,54.3805102],[18.6119947,54.3805011],[18.6119795,54.3804863],[18.6120124,54.3804754],[18.6120188,54.3804829],[18.6125605,54.3803238],[18.6125689,54.3803335],[18.6125836,54.3803296],[18.6125321,54.3802616],[18.6125523,54.380254],[18.6127023,54.3802],[18.6128191,54.3801638],[18.612944,54.3803404],[18.612941,54.3803459],[18.6128425,54.3803775],[18.6128453,54.3803811],[18.612855,54.3803939],[18.6128618,54.3804029],[18.6127114,54.3804558],[18.6125233,54.380524],[18.6123958,54.3805681],[18.6123515,54.3805851],[18.6120554,54.3806802],[18.6119175,54.3805379]]]]},"properties":{"amenity":"school","landuse":"education","name":"III Społeczna Szkoła Podstawowa STO","operator":"Społeczne Towarzystwo Oświatowe"}},
{"type":"Feature","geometry":{"type":"MultiPolygon","coordinates":[[[[18.6002941,54.4077221],[18.600337,54.4076333],[18.6003483,54.4076022],[18.6003839,54.4075862],[18.6004395,54.4075704],[18.6008668,54.4075352],[18.6009384,54.4075309],[18.600978,54.4075388],[18.6011175,54.4076143],[18.6011397,54.4076596],[18.6011255,54.407997],[18.6011144,54.4080861],[18.6011082,54.4082709],[18.601091,54.4083108],[18.6010327,54.4083592],[18.6009854,54.4083834],[18.6008939,54.4084241],[18.6008543,54.4084314],[18.6007838,54.4084372],[18.6006727,54.4084394],[18.6006038,54.4084308],[18.600565,54.4084232],[18.6005321,54.4084125],[18.6005041,54.4083984],[18.6004877,54.4083848],[18.6004551,54.4082935],[18.6004264,54.4082121],[18.6003938,54.4079896],[18.600299,54.4078756],[18.6002941,54.4077221]]]]},"properties":{"amenity":"kindergarten","barrier":"fence","landuse":"education","name":"Przedszkole nr 57"}},
{"type":"Feature","geometry":{"type":"MultiPolygon","coordinates":[[[[18.4216007,54.3874377],[18.422444,54.3871345],[18.4227054,54.3874613],[18.4223396,54.3875673],[18.4221398,54.3876484],[18.4218969,54.3877801],[18.4216128,54.387515],[18.421664,54.3874968],[18.4216007,54.3874377]]]]},"properties":{"amenity":"kindergarten","landuse":"commercial"}},
{"type":"Feature","geometry":{"type":"MultiPolygon","coordinates":[[[[18.5524764,54.3323156],[18.552922,54.332181],[18.5531185,54.3321194],[18.5531736,54.3321824],[18.5533388,54.3323601],[18.5534522,54.3324821],[18.5533059,54.3325224],[18.5533863,54.3326169],[18.5528838,54.3327703],[18.5524764,54.3323156]]]]},"properties":{"amenity":"kindergarten","name":"Publiczne Pozytywne Przedszkole nr 13"}},
{"type":"Feature","geometry":{"type":"MultiPolygon","coordinates":[[[[18.5881792,54.3638042],[18.5884266,54.3638047],[18.5885049,54.3638049],[18.5884892,54.3641614],[18.5883668,54.3641634],[18.5882874,54.3641642],[18.5882107,54.364165],[18.5881792,54.3638042]]]]},"properties":{"amenity":"kindergarten","landuse":"education","name":"Publiczne Pozytywne Przedszkole nr 5"}},
{"type":"Feature","geometry":{"type":"MultiPolygon","coordinates":[[[[18.593389,54.3144265],[18.5936708,54.3141489],[18.5937315,54.3141651],[18.5939777,54.3142236],[18.5942099,54.314293],[18.5939165,54.314577],[18.593389,54.3144265]]]]},"properties":{"amenity":"kindergarten","landuse":"education","name":"Przedszkole Preludium"}},
{"type":"Feature","geometry":{"type":"MultiPolygon","coordinates":[[[[18.6020719,54.3297702],[18.6023676,54.3293075],[18.6026216,54.3293916],[18.6026307,54.3293936],[18.6030695,54.3294886],[18.6031701,54.3295676],[18.6031325,54.3298397],[18.603044,54.3298821],[18.6029666,54.3298888],[18.6028992,54.3298894],[18.6025171,54.3298444],[18.6024073,54.3298315],[18.6023825,54.3298269],[18.6020719,54.3297702]]]]},"properties":{"amenity":"kindergarten","barrier":"fence","landuse":"education","name":"Przedszkole nr 14"}},
{"type":"Feature","geometry":{"type":"MultiPolygon","coordinates":[[[[18.6017534,54.3222484],[18.602079,54.3219967],[18.6024112,54.3217405],[18.6024385,54.3217529],[18.6028456,54.3214453],[18.6029459,54.3215403],[18.6029085,54.3216018],[18.6029751,54.3216314],[18.6029501,54.3217482],[18.6029671,54.3217653],[18.6029629,54.3217912],[18.6029386,54.3218022],[18.6029324,54.3218585],[18.6028691,54.321907],[18.6025259,54.32217],[18.6025837,54.3221957],[18.6024967,54.3222624],[18.602287,54.3224243],[18.6022304,54.3223994],[18.6021823,54.3224368],[18.6018941,54.3223119],[18.6018208,54.3222788],[18.6017534,54.3222484]]]]},"properties":{"amenity":"kindergarten","name":"Publiczne Pozytywne Przedszkole nr 4"}},
{"type":"Feature","geometry":{"type":"MultiPolygon","coordinates":[[[[18.5725936,54.4228271],[18.5726016,54.4227951],[18.5726244,54.422753],[18.5726961,54.4226387],[18.5727297,54.4226129],[18.5727619,54.4225931],[18.5730401,54.4224772],[18.5731461,54.4224522],[18.5732051,54.4224569],[18.5735243,54.4225014],[18.5736296,54.422668],[18.5736705,54.4228318],[18.5736788,54.4228858],[18.5736775,54.4229208],[18.5736698,54.4229449],[18.5736423,54.4229941],[18.5735825,54.4230959],[18.5735712,54.423115],[18.5735484,54.4231416],[18.5735162,54.4231622],[18.5734277,54.4231857],[18.5733338,54.4231821],[18.5729624,54.4231088],[18.5726975,54.4230569],[18.5726539,54.4230394],[18.5726244,54.4230156],[18.5726117,54.4229875],[18.5726036,54.4229594],[18.5725942,54.4228579],[18.5725936,54.4228271]]]]},"properties":{"amenity":"school","barrier":"fence","landuse":"education","name":"Collegium Gedanense"}},
{"type":"Feature","geometry":{"type":"MultiPolygon","coordinates":[[[[18.5680273,54.4389487],[18.5685899,54.4384471],[18.5690033,54.438619],[18.5690089,54.4386145],[18.5690147,54.4386098],[18.5690695,54.4385734],[18.5692411,54.438443],[18.5695319,54.4385675],[18.5696227,54.4386045],[18.5698041,54.4386825],[18.5699734,54.4387552],[18.5700158,54.438718],[18.5700371,54.43871],[18.5700541,54.4387083],[18.5700761,54.4387097],[18.5701004,54.4387197],[18.5702366,54.4388032],[18.5703482,54.4388716],[18.5702679,54.438938],[18.5702648,54.4389373],[18.5701835,54.4390022],[18.5701878,54.4390041],[18.5701753,54.4390134],[18.5701003,54.4390668],[18.5700552,54.4391007],[18.5698827,54.4392512],[18.569546,54.4394978],[18.5695298,54.4395114],[18.5694596,54.4394786],[18.5690967,54.4393405],[18.5686937,54.4391947],[18.5680273,54.4389487]]]]},"properties":{"addr:postcode":"81-749","addr:street":"Książąt Pomorskich","amenity":"school","landuse":"education","name":"Zespół Szkół nr 1 im. Marii Skłodowskiej-Curie","name:etymology:wikidata":"Q7186","wheelchair":"yes"}},
{"type":"Feature","geometry":{"type":"MultiPolygon","coordinates":[[[[18.6356885,54.3202183],[18.6357207,54.3197606],[18.6360535,54.3197696],[18.6360514,54.3197886],[18.6360819,54.3197891],[18.6360455,54.3203106],[18.6359929,54.3203098],[18.635756400000003,54.320304899999999],[18.6357588,54.3202604],[18.6357617,54.32022],[18.6356885,54.3202183]]],[[[18.6362377,54.3203961],[18.6362437,54.3203167],[18.6362578,54.3201113],[18.636298,54.3195756],[18.6368092,54.319596],[18.6378567,54.3196288],[18.638236,54.3196411],[18.6382332,54.3197324],[18.6384156,54.3197347],[18.6384438,54.320091],[18.6384412,54.3202144],[18.6384403,54.3202452],[18.6384393,54.3202779],[18.6384317,54.3204802],[18.638024,54.3204712],[18.6380254,54.320601],[18.636699,54.3205549],[18.6367141,54.3204053],[18.6362377,54.3203961]]]]},"properties":{"amenity":"school","landuse":"education","name":"Centrum Kształcenia Zawodowego i Ustawicznego Nr 2 w Gdańsku"}},
{"type":"Feature","geometry":{"type":"MultiPolygon","coordinates":[[[[18.6312676,54.3221269],[18.6313544,54.3220725],[18.6315597,54.3219441],[18.6317979,54.3217907],[18.631983,54.321894],[18.6318503,54.321981],[18.6317019,54.3220736],[18.631652,54.3221055],[18.631443,54.3222375],[18.6312676,54.3221269]]]]},"properties":{"amenity":"school","email":"sekretariat@szkolamuzyczna.edu.pl","image":"http://psm1s.edu.gdansk.pl/Content/pub/468/logo_szkoly.png","landuse":"education","min_age":"7","name":"Państwowa Szkoła Muzyczna I stopnia im. Henryka Wieniawskiego","phone":"+48 58 309 01 16","website":"http://psm1s.edu.gdansk.pl"}},
{"type":"Feature","geometry":{"type":"MultiPolygon","coordinates":[[[[18.6366582,54.3236164],[18.636922,54.3234399],[18.6369741,54.3234658],[18.6369751,54.3234663],[18.6370861,54.3235223],[18.6373742,54.3236667],[18.6371615,54.3238358],[18.6368541,54.3236876],[18.6368321,54.3237012],[18.6366582,54.3236164]]]]},"properties":{"amenity":"kindergarten","landuse":"education","name":"Niepubliczne Przedszkole \"Krasnal\""}},
{"type":"Feature","geometry":{"type":"MultiPolygon","coordinates":[[[[18.651568,54.354897],[18.651618,54.354867],[18.651676,54.354832],[18.6517746,54.3547524],[18.6519223,54.3546275],[18.6524375,54.3548335],[18.6524427,54.3548492],[18.6524482,54.3548653],[18.6525333,54.3549367],[18.6524086,54.3550605],[18.6523807,54.3551144],[18.6521464,54.3549742],[18.6521166,54.3549893],[18.6520312,54.3549236],[18.651892,54.3549419],[18.651948,54.354991],[18.651762,54.355067],[18.651614,54.354938],[18.651568,54.354897]]]]},"properties":{"amenity":"kindergarten","name":"Przedszkole Zgromadzenia Sióstr Najświętszej Duszy Chrystusa Pana \"Solaris\""}},
{"type":"Feature","geometry":{"type":"MultiPolygon","coordinates":[[[[18.6090007,54.3671124],[18.6094091,54.3670608],[18.6096163,54.3675488],[18.6091736,54.367597],[18.6090007,54.3671124]]]]},"properties":{"amenity":"school","landuse":"education","name":"Niepubliczna Szkoła Podstawowa dla Chłopców \"Fregata\""}},
{"type":"Feature","geometry":{"type":"MultiPolygon","coordinates":[[[[18.6295124,54.3021768],[18.6295144,54.3020883],[18.6295845,54.3020819],[18.6296032,54.3020322],[18.629799,54.3019829],[18.6299162,54.3018968],[18.630507,54.3019663],[18.6305887,54.3020087],[18.6305632,54.3021413],[18.6304968,54.3023311],[18.6305,54.3023754],[18.6305057,54.3024752],[18.6305047,54.3024799],[18.6299756,54.3024848],[18.6299881,54.3024023],[18.6298057,54.3022771],[18.6298004,54.3022043],[18.6295124,54.3021768]]]]},"properties":{"amenity":"kindergarten","landuse":"education","name":"Przedszkole nr 24"}},
{"type":"Feature","geometry":{"type":"MultiPolygon","coordinates":[[[[18.6055458,54.3930311],[18.6058932,54.3928287],[18.605913,54.3928309],[18.6061789,54.3928602],[18.6062216,54.3928649],[18.606181,54.3929724],[18.6058231,54.3932058],[18.6057661,54.3931724],[18.6055589,54.3930497],[18.6055458,54.3930311]]]]},"properties":{"amenity":"kindergarten","barrier":"fence","check_date":"2025-01-27","name":"Chatka Puchatka"}},
{"type":"Feature","geometry":{"type":"MultiPolygon","coordinates":[[[[18.6003562,54.325303],[18.6007365,54.3252334],[18.6009113,54.3255685],[18.6011548,54.3256565],[18.6009105,54.3258834],[18.6004047,54.3257007],[18.6003752,54.3256267],[18.6004798,54.3255309],[18.6003562,54.325303]]]]},"properties":{"amenity":"school","landuse":"education","name":"Chrześcijańska Szkoła i Przedszkole Montessori nr 2"}},
{"type":"Feature","geometry":{"type":"MultiPolygon","coordinates":[[[[18.6004671,54.3144286],[18.6005774,54.3140064],[18.6007799,54.3132922],[18.6007996,54.3132225],[18.6008451,54.3130636],[18.601931,54.3131542],[18.602231,54.3131278],[18.6021663,54.3128782],[18.6024228,54.3128555],[18.6025336,54.3132829],[18.6027001,54.3139253],[18.6026307,54.3139785],[18.6015245,54.3140883],[18.6013591,54.3141074],[18.6010925,54.3141703],[18.6004671,54.3144286]]]]},"properties":{"amenity":"school","landuse":"education","name":"Morska Szkoła Podstawowa nr 2","start_date":"2023-09"}},
{"type":"Feature","geometry":{"type":"MultiPolygon","coordinates":[[[[18.5622566,54.4493091],[18.5624765,54.4489676],[18.5625324,54.4488803],[18.5625331,54.4488789],[18.5625959,54.4487817],[18.5628847,54.4488605],[18.5627999,54.448989],[18.5627506,54.4490636],[18.5627794,54.44907],[18.5625788,54.4493737],[18.5624819,54.4493532],[18.5624791,54.4493575],[18.5622566,54.4493091]]]]},"properties":{"amenity":"school","landuse":"education"}},
{"type":"Feature","geometry":{"type":"MultiPolygon","coordinates":[[[[18.6017998,54.4072193],[18.601814,54.4068743],[18.6018973,54.4065289],[18.6020372,54.4062247],[18.6025755,54.4061563],[18.6026912,54.4061783],[18.6049236,54.406601],[18.6051441,54.4067698],[18.6048434,54.4073359],[18.6048162,54.4073469],[18.604734,54.40738],[18.604158,54.4074044],[18.6028945,54.4074195],[18.6026144,54.4073684],[18.6019478,54.4072467],[18.6019328,54.4072439],[18.6017998,54.4072193]]]]},"properties":{"addr:city":"Gdańsk","addr:housenumber":"77","addr:postcode":"80-396","addr:street":"Kołobrzeska","amenity":"school","email":"sekretariat@lo21.edu.gdansk.pl","isced:level":"3","name":"XXI Liceum Ogólnokształcące z Oddziałami Sportowymi","operator":"Miasto Gdańsk","operator:type":"public","phone":"+48 58 557 17 41","website":"https://lo21.edu.gdansk.pl/"}},
{"type":"Feature","geometry":{"type":"MultiPolygon","coordinates":[[[[18.6049446,54.4095675],[18.6049698,54.4095223],[18.6052318,54.4090549],[18.6056455,54.4083168],[18.6059603,54.4077551],[18.6062395,54.4078084],[18.6072409,54.4080001],[18.607689,54.4080856],[18.6078485,54.4081171],[18.6077326,54.4082074],[18.6074427,54.408476],[18.6074026,54.4084826],[18.6073588,54.4084865],[18.6073087,54.4085144],[18.60725,54.4085363],[18.6072258,54.4085527],[18.606538,54.4084189],[18.6062748,54.4088883],[18.6068872,54.4090037],[18.6059952,54.4097835],[18.6049701,54.4095727],[18.6049446,54.4095675]]]]},"properties":{"addr:city":"Gdańsk","addr:housenumber":"35","addr:postcode":"80-365","addr:street":"Prezydenta Lecha Kaczyńskiego","alt_name":"Technikum Nr 9 im. Xymeny Zaniewskiej","amenity":"school","email":"sekretariat@zskw.edu.gdansk.pl","name":"Zespół Szkół Kreowania Wizerunku","phone":"+48 58 553 05 15","short_name":"ZSKW","website":"https://zskw.edu.gdansk.pl"}},
{"type":"Feature","geometry":{"type":"MultiPolygon","coordinates":[[[[18.663326,54.3486683],[18.6633437,54.348476],[18.6633484,54.3484635],[18.6633505,54.3484413],[18.6633521,54.3484245],[18.6633431,54.3484242],[18.6633588,54.3482357],[18.6633776,54.3482362],[18.6633791,54.3482246],[18.6633813,54.3482089],[18.663695,54.3482222],[18.6636914,54.3482507],[18.6642491,54.3482782],[18.6644134,54.3482863],[18.6645192,54.3482915],[18.66501,54.3483158],[18.6650007,54.3484633],[18.6649997,54.3484797],[18.6649817,54.3487663],[18.6643666,54.3487292],[18.663326,54.3486683]]]]},"properties":{"amenity":"school","landuse":"education","name":"Gdańska Szkoła Podstawowa \"Lingwista\" im. Zjednoczonej Europy"}},
{"type":"Feature","geometry":{"type":"MultiPolygon","coordinates":[[[[18.4933498,54.3558932],[18.4934898,54.3558412],[18.4936474,54.3558408],[18.4936664,54.3558402],[18.4936679,54.3556983],[18.4936682,54.355484],[18.4939718,54.3554807],[18.4946997,54.3554769],[18.4946945,54.3556581],[18.4943284,54.3557905],[18.4942525,54.355818],[18.4941903,54.3558409],[18.4938117,54.3559655],[18.4936018,54.3560379],[18.4935512,54.3560295],[18.493495,54.3560003],[18.4933498,54.3558932]]]]},"properties":{"amenity":"kindergarten","name":"Przedszkole nr 8"}},
{"type":"Feature","geometry":{"type":"MultiPolygon","coordinates":[[[[18.5927378,54.3797705],[18.5928409,54.3797647],[18.5928473,54.3797643],[18.5933396,54.3797338],[18.5933773,54.3799853],[18.592769,54.3800159],[18.5927428,54.3798088],[18.5927378,54.3797705]]]]},"properties":{"amenity":"kindergarten","name":"Przedszkole św. Jana de La Salle","opening_hours":"Mo-Fr 06:30-17:00","phone":"+48 58 341 98 16","short_name":"Przedszkole de La Salle","website":"https://www.przedszkoledelasalle.pl/"}},
{"type":"Feature","geometry":{"type":"MultiPolygon","coordinates":[[[[18.6635448,54.3468211],[18.6635595,54.3467992],[18.6635879,54.3467523],[18.6637281,54.3465299],[18.6638203,54.3463668],[18.6638811,54.3463692],[18.6644982,54.3465071],[18.6647522,54.346564],[18.6647152,54.3466197],[18.66471,54.346622],[18.664694,54.346646],[18.664678,54.346673],[18.6644635,54.3470151],[18.6639046,54.346895],[18.6635448,54.3468211]]]]},"properties":{"amenity":"school","landuse":"education","name":"Szkoła Podstawowa nr 4 im. Króla Kazimierza Jagiellończyka"}},
{"type":"Feature","geometry":{"type":"MultiPolygon","coordinates":[[[[18.6090347,54.3568564],[18.6090522,54.3567653],[18.6090682,54.3566688],[18.6091353,54.3566371],[18.6094934,54.3566383],[18.6102404,54.3566188],[18.6104583,54.3566086],[18.6105938,54.3566043],[18.6102444,54.356922],[18.609897,54.357233],[18.6097495,54.357344],[18.6094947,54.3574941],[18.6093096,54.3575871],[18.609199,54.3576304],[18.6091286,54.3576574],[18.6091058,54.3576035],[18.6090857,54.357353],[18.6091829,54.3572303],[18.6091219,54.3572198],[18.6090535,54.3571627],[18.6090347,54.3568564]]]]},"properties":{"amenity":"kindergarten","name":"Przedszkole nr 21","website":"http://www.bajnutkowo.dlaprzedszkoli.eu/"}},
{"type":"Feature","geometry":{"type":"MultiPolygon","coordinates":[[[[18.6014593,54.3095365],[18.6021728,54.3091961],[18.6021668,54.3095385],[18.6020797,54.3095495],[18.6018437,54.3096934],[18.6015378,54.3095702],[18.6014896,54.3095489],[18.6014593,54.3095365]]]]},"properties":{"amenity":"kindergarten","name":"Publiczne Pozytywne Przedszkole nr 14","start_date":"2024"}},
{"type":"Feature","geometry":{"type":"MultiPolygon","coordinates":[[[[18.4773735,54.4183444],[18.4778942,54.4182913],[18.477908,54.418336],[18.477924,54.418392],[18.47793,54.418412],[18.477935,54.418433],[18.477937,54.418438],[18.477942,54.418456],[18.4779515,54.4184919],[18.4774354,54.4185428],[18.4773735,54.4183444]]]]},"properties":{"amenity":"kindergarten","landuse":"education","name":"Twórcze Przedszkole \"Rośnij Radośnie\""}},
{"type":"Feature","geometry":{"type":"MultiPolygon","coordinates":[[[[18.5810066,54.3547053],[18.5813935,54.3546098],[18.5816169,54.354528],[18.5817702,54.3544602],[18.5820566,54.3543256],[18.5831327,54.3550733],[18.5831568,54.3550903],[18.5823032,54.3553966],[18.5822128,54.3553077],[18.5818157,54.3549307],[18.5817835,54.3549104],[18.5815421,54.3549025],[18.5813218,54.3549838],[18.5812987,54.3549637],[18.5810157,54.3547215],[18.5810066,54.3547053]]]]},"properties":{"amenity":"kindergarten","landuse":"education","name":"Przedszkole nr 84"}},
{"type":"Feature","geometry":{"type":"MultiPolygon","coordinates":[[[[18.5792125,54.3610268],[18.579228,54.3609989],[18.5794837,54.3608958],[18.579517,54.3608953],[18.5795538,54.3609012],[18.5796317,54.3609903],[18.5795657,54.3610432],[18.5793581,54.3611314],[18.579282,54.3610675],[18.5792659,54.361074],[18.579247,54.361058],[18.57925,54.361056],[18.579241,54.361049],[18.5792125,54.3610268]]]]},"properties":{"amenity":"kindergarten","landuse":"education","name":"Niepubliczny Punkt Przedszkolny \"Morenowy Porcik\""}},
{"type":"Feature","geometry":{"type":"MultiPolygon","coordinates":[[[[18.5796974,54.3608176],[18.579981,54.3607356],[18.5800119,54.3605394],[18.5803425,54.3604476],[18.5804786,54.3611269],[18.5804947,54.3612021],[18.5805513,54.3613017],[18.5803076,54.3614463],[18.5799726,54.3614858],[18.5797904,54.3613189],[18.5796974,54.3608176]]]]},"properties":{"amenity":"kindergarten","barrier":"fence","landuse":"education","name":"Przedszkole nr 74"}},
{"type":"Feature","geometry":{"type":"MultiPolygon","coordinates":[[[[18.5703653,54.4398452],[18.5704069,54.4397914],[18.5703767,54.4397844],[18.570452,54.439684],[18.5706179,54.4394625],[18.5706306,54.4394453],[18.5706476,54.4394229],[18.570802,54.439497],[18.570839,54.439514],[18.5708694,54.4394911],[18.5708883,54.4394993],[18.5710258,54.439396],[18.5710057,54.4393866],[18.5710902,54.4393215],[18.5711424,54.4393465],[18.5711843,54.4393654],[18.5712341,54.4393893],[18.5712431,54.4393948],[18.5712679,54.4393765],[18.571612,54.4395531],[18.5718198,54.4396598],[18.5720818,54.4397942],[18.572262,54.439888],[18.5723255,54.4399195],[18.5722881,54.4399426],[18.572152,54.4400371],[18.5720324,54.4401691],[18.5720117,54.4401916],[18.5720038,54.4401999],[18.5720782,54.4402294],[18.5720556,54.4402504],[18.5719015,54.4403779],[18.571864,54.4404088],[18.5718435,54.4404257],[18.5716062,54.4403306],[18.5711721,54.4401566],[18.5709132,54.4400528],[18.5707695,54.4399952],[18.5703653,54.4398452]]]]},"properties":{"addr:city":"Sopot","addr:housenumber":"14","addr:postcode":"81-780","addr:street":"Kazimierza Wielkiego","amenity":"school","landuse":"education","name":"Zespół Szkół Specjalnych nr 5"}},
{"type":"Feature","geometry":{"type":"MultiPolygon","coordinates":[[[[18.7143328,54.3637557],[18.7143518,54.3636885],[18.7143938,54.3636316],[18.7145288,54.3635456],[18.7148143,54.3633639],[18.715263,54.3632793],[18.7156229,54.3634816],[18.7158848,54.3636318],[18.7157766,54.3636978],[18.7157155,54.3637441],[18.7156354,54.3638303],[18.7154401,54.3640625],[18.7143328,54.3637557]]]]},"properties":{"amenity":"kindergarten","landuse":"education","name":"Przedszkole nr 16"}},
{"type":"Feature","geometry":{"type":"MultiPolygon","coordinates":[[[[18.5385945,54.3501098],[18.5387843,54.3499258],[18.5390344,54.3499168],[18.5397787,54.3498714],[18.5398109,54.3501419],[18.5397466,54.3501935],[18.538616,54.350256],[18.5385945,54.3501098]]]]},"properties":{"amenity":"kindergarten","name":"Marchewka"}},
{"type":"Feature","geometry":{"type":"MultiPolygon","coordinates":[[[[18.6362712,54.4088898],[18.6364784,54.4088379],[18.6362802,54.4085134],[18.636645,54.4084583],[18.6366727,54.4085175],[18.6367463,54.4086905],[18.6367729,54.4087527],[18.6369157,54.4090914],[18.6366975,54.4091437],[18.6365267,54.4091856],[18.6362712,54.4088898]]]]},"properties":{"alt_name":"Przedszkole św. Franciszka - Żagielek","amenity":"kindergarten","name":"Przedszkole im św. Antoniego z Padwy"}},
{"type":"Feature","geometry":{"type":"MultiPolygon","coordinates":[[[[18.4672508,54.4288832],[18.4676461,54.428693],[18.467805,54.4287034],[18.4680258,54.42886],[18.4680419,54.4288714],[18.468151,54.4289475],[18.4683988,54.4291204],[18.4681408,54.4292431],[18.4680989,54.4292633],[18.4678538,54.4290894],[18.4675682,54.429228],[18.4674637,54.429162],[18.4672816,54.4289234],[18.4672508,54.4288832]]]]},"properties":{"amenity":"kindergarten","name":"Przedszkole Niepubliczne \"Mój Kotek\""}},
{"type":"Feature","geometry":{"type":"MultiPolygon","coordinates":[[[[18.5745302,54.3916389],[18.5746729,54.3914482],[18.5747679,54.3914718],[18.5747695,54.3914722],[18.5748674,54.3913338],[18.5749687,54.3913646],[18.5752335,54.3910244],[18.5754527,54.3911982],[18.575455,54.391202],[18.5754576,54.3912015],[18.5757847,54.3914692],[18.5756761,54.391545],[18.5754372,54.3918744],[18.5745302,54.3916389]]]]},"properties":{"amenity":"kindergarten","landuse":"education","name":"Przedszkole nr 77 Specjalne dla Dzieci z Porażeniem Mózgowym"}},
{"type":"Feature","geometry":{"type":"MultiPolygon","coordinates":[[[[18.5720578,54.3870826],[18.5721932,54.3869006],[18.5723877,54.3867195],[18.5727538,54.3863829],[18.5728665,54.3863657],[18.5736118,54.3865401],[18.5725171,54.3872548],[18.5723488,54.3871654],[18.5720578,54.3870826]]]]},"properties":{"amenity":"kindergarten","landuse":"education","name":"Przedszkole nr 42","website":"http://pr42.edu.gdansk.pl"}},
{"type":"Feature","geometry":{"type":"MultiPolygon","coordinates":[[[[18.6063243,54.3859897],[18.6064511,54.3855886],[18.6070955,54.3856706],[18.6076755,54.3857776],[18.607495,54.386021],[18.607459,54.386069],[18.6073436,54.3862282],[18.6067803,54.3860974],[18.6063243,54.3859897]]]]},"properties":{"amenity":"kindergarten","name":"Przedszkole nr 28"}}
]}
