{"type":"FeatureCollection","features":[
{"type":"Feature","geometry":{"type":"Point","coordinates":[18.6292538,54.3368497]},"properties":{"barrier":"gate"}},
{"type":"Feature","geometry":{"type":"Point","coordinates":[18.7462406,54.3589065]},"properties":{"access":"no","barrier":"gate"}},
{"type":"Feature","geometry":{"type":"Point","coordinates":[18.6831174,54.3633843]},"properties":{"barrier":"gate"}},
{"type":"Feature","geometry":{"type":"Point","coordinates":[18.6164677,54.4081806]},"properties":{"barrier":"gate"}},
{"type":"Feature","geometry":{"type":"Point","coordinates":[18.5912418,54.354536]},"properties":{"barrier":"gate"}},
{"type":"Feature","geometry":{"type":"Point","coordinates":[18.4627219,54.4427717]},"properties":{"barrier":"gate"}},
{"type":"Feature","geometry":{"type":"Point","coordinates":[18.6627565,54.3532195]},"properties":{"barrier":"gate"}},
{"type":"Feature","geometry":{"type":"Point","coordinates":[18.5239067,54.3960482]},"properties":{"man_made":"water_works","name":"Stacja Uzdatniania Wody \"Dolina Radości\""}},
{"type":"Feature","geometry":{"type":"Point","coordinates":[18.6477036,54.3057965]},"properties":{"barrier":"gate"}},
{"type":"Feature","geometry":{"type":"Point","coordinates":[18.6027909,54.3783397]},"properties":{"power":"substation"}},
{"type":"Feature","geometry":{"type":"Point","coordinates":[18.6255371,54.3964458]},"properties":{"access":"no","barrier":"gate"}},
{"type":"Feature","geometry":{"type":"Point","coordinates":[18.6228307,54.396578]},"properties":{"access":"no","barrier":"gate"}},
{"type":"Feature","geometry":{"type":"Point","coordinates":[18.6449924,54.3621124]},"properties":{"artwork_type":"graffiti","name":"21xTak","tourism":"artwork"}},
{"type":"Feature","geometry":{"type":"Point","coordinates":[18.4413735,54.3381214]},"properties":{"barrier":"gate"}},
{"type":"Feature","geometry":{"type":"Point","coordinates":[18.6346948,54.3792389]},"properties":{"barrier":"gate"}},
{"type":"Feature","geometry":{"type":"Point","coordinates":[18.5539965,54.3433752]},"properties":{"access":"no","barrier":"gate","motor_vehicle":"yes"}},
{"type":"Feature","geometry":{"type":"Point","coordinates":[18.4873781,54.3615016]},"properties":{"barrier":"gate"}},
{"type":"Feature","geometry":{"type":"Point","coordinates":[18.4710967,54.3866069]},"properties":{"access":"no","barrier":"gate"}},
{"type":"Feature","geometry":{"type":"Point","coordinates":[18.5563748,54.3437569]},"properties":{"power":"substation"}},
{"type":"Feature","geometry":{"type":"Point","coordinates":[18.7117142,54.3378032]},"properties":{"barrier":"gate"}},
{"type":"Feature","geometry":{"type":"Point","coordinates":[18.7126261,54.3383529]},"properties":{"barrier":"gate"}},
{"type":"Feature","geometry":{"type":"Point","coordinates":[18.579889,54.4312919]},"properties":{"barrier":"gate"}},
{"type":"Feature","geometry":{"type":"Point","coordinates":[18.6202069,54.3170654]},"properties":{"barrier":"gate"}},
{"type":"Feature","geometry":{"type":"Point","coordinates":[18.551653,54.3284306]},"properties":{"operator":"Energa","operator:wikidata":"Q9253957","power":"substation","substation":"yes"}},
{"type":"Feature","geometry":{"type":"Point","coordinates":[18.5982302,54.3845364]},"properties":{"power":"transformer"}},
{"type":"Feature","geometry":{"type":"Point","coordinates":[18.5981618,54.3845748]},"properties":{"power":"transformer"}},
{"type":"Feature","geometry":{"type":"Point","coordinates":[18.5980945,54.3846126]},"properties":{"power":"transformer"}},
{"type":"Feature","geometry":{"type":"Point","coordinates":[18.5980315,54.3846479]},"properties":{"power":"transformer"}},
{"type":"Feature","geometry":{"type":"Point","coordinates":[18.5978534,54.3848021]},"properties":{"barrier":"gate"}},
{"type":"Feature","geometry":{"type":"Point","coordinates":[18.6451728,54.338929]},"properties":{"access":"private","barrier":"gate"}},
{"type":"Feature","geometry":{"type":"Point","coordinates":[18.6451837,54.3394493]},"properties":{"access":"private","barrier":"gate"}},
{"type":"Feature","geometry":{"type":"Point","coordinates":[18.7535706,54.3416647]},"properties":{"barrier":"gate","name":"Brama nr 6"}},
{"type":"Feature","geometry":{"type":"Point","coordinates":[18.7465369,54.3588911]},"properties":{"access":"no","barrier":"gate"}},
{"type":"Feature","geometry":{"type":"Point","coordinates":[18.6921427,54.3896596]},"properties":{"access":"no","barrier":"gate"}},
{"type":"Feature","geometry":{"type":"Point","coordinates":[18.6514731,54.3319926]},"properties":{"access":"no","barrier":"gate"}},
{"type":"Feature","geometry":{"type":"Point","coordinates":[18.5542811,54.3144086]},"properties":{"access":"no","barrier":"gate"}},
{"type":"Feature","geometry":{"type":"Point","coordinates":[18.6133049,54.3062906]},"properties":{"access":"private","barrier":"gate"}},
{"type":"Feature","geometry":{"type":"Point","coordinates":[18.600777,54.3862556]},"properties":{"access":"private","barrier":"gate"}},
{"type":"Feature","geometry":{"type":"Point","coordinates":[18.6262064,54.3747858]},"properties":{"power":"substation","substation":"minor_distribution"}},
{"type":"Feature","geometry":{"type":"Point","coordinates":[18.6091849,54.4096013]},"properties":{"barrier":"gate"}},
{"type":"Feature","geometry":{"type":"Point","coordinates":[18.6446157,54.397271]},"properties":{"barrier":"gate"}},
{"type":"Feature","geometry":{"type":"Point","coordinates":[18.616306,54.398389]},"properties":{"access":"no","barrier":"gate"}},
{"type":"Feature","geometry":{"type":"Point","coordinates":[18.621385,54.3989415]},"properties":{"access":"no","barrier":"gate"}},
{"type":"Feature","geometry":{"type":"Point","coordinates":[18.6112021,54.4095014]},"properties":{"barrier":"gate"}},
{"type":"Feature","geometry":{"type":"Point","coordinates":[18.5709709,54.3305991]},"properties":{"barrier":"gate"}},
{"type":"Feature","geometry":{"type":"Point","coordinates":[18.7344734,54.3027771]},"properties":{"barrier":"gate"}},
{"type":"Feature","geometry":{"type":"Point","coordinates":[18.5978737,54.3846053]},"properties":{"door":"yes"}},
{"type":"Feature","geometry":{"type":"Point","coordinates":[18.5982153,54.3844105]},"properties":{"door":"yes"}},
{"type":"Feature","geometry":{"type":"Point","coordinates":[18.5984456,54.3845505]},"properties":{"barrier":"gate"}},
{"type":"Feature","geometry":{"type":"Point","coordinates":[18.557978,54.427506]},"properties":{"barrier":"gate"}},
{"type":"Feature","geometry":{"type":"Point","coordinates":[18.558644,54.4275964]},"properties":{"barrier":"gate"}},
{"type":"Feature","geometry":{"type":"Point","coordinates":[18.5754593,54.404378]},"properties":{"barrier":"gate"}},
{"type":"Feature","geometry":{"type":"Point","coordinates":[18.6387006,54.3493973]},"properties":{"barrier":"gate"}},
{"type":"Feature","geometry":{"type":"Point","coordinates":[18.6022127,54.4107241]},"properties":{"location":"indoor","name":"Horyzont Przymorze","power":"substation","ref":"T-16722","substation":"minor_distribution"}},
{"type":"Feature","geometry":{"type":"Point","coordinates":[18.6025245,54.4118676]},"properties":{"location":"outdoor","name":"Halibut 2","power":"substation","ref":"T16955","substation":"minor_distribution","voltage":"15000"}},
{"type":"Feature","geometry":{"type":"Point","coordinates":[18.6506449,54.3393198]},"properties":{"barrier":"gate"}},
{"type":"Feature","geometry":{"type":"Point","coordinates":[18.6386954,54.3494305]},"properties":{"barrier":"gate"}},
{"type":"Feature","geometry":{"type":"Point","coordinates":[18.5939242,54.3328643]},"properties":{"barrier":"gate"}},
{"type":"Feature","geometry":{"type":"Point","coordinates":[18.5599596,54.3507169]},"properties":{"access":"no","barrier":"gate"}},
{"type":"Feature","geometry":{"type":"Point","coordinates":[18.6894887,54.3391545]},"properties":{"barrier":"gate"}},
{"type":"Feature","geometry":{"type":"Point","coordinates":[18.491973,54.4275251]},"properties":{"barrier":"gate"}},
{"type":"Feature","geometry":{"type":"Point","coordinates":[18.6053263,54.4036528]},"properties":{"barrier":"gate"}},
{"type":"Feature","geometry":{"type":"Point","coordinates":[18.6052277,54.4038293]},"properties":{"barrier":"gate"}},
{"type":"Feature","geometry":{"type":"Point","coordinates":[18.6058482,54.404492]},"properties":{"barrier":"gate"}},
{"type":"Feature","geometry":{"type":"Point","coordinates":[18.4507436,54.4193626]},"properties":{"barrier":"gate"}},
{"type":"Feature","geometry":{"type":"Point","coordinates":[18.6238304,54.396815]},"properties":{"access":"no","barrier":"gate"}},
{"type":"Feature","geometry":{"type":"Point","coordinates":[18.6430557,54.3998194]},"properties":{"access":"no","barrier":"gate"}},
{"type":"Feature","geometry":{"type":"Point","coordinates":[18.6469897,54.304467]},"properties":{"barrier":"gate"}},
{"type":"Feature","geometry":{"type":"Point","coordinates":[18.6470238,54.3044733]},"properties":{"barrier":"gate"}},
{"type":"Feature","geometry":{"type":"Point","coordinates":[18.5850324,54.4172606]},"properties":{"barrier":"gate"}},
{"type":"Feature","geometry":{"type":"Point","coordinates":[18.5840325,54.3777228]},"properties":{"artwork_type":"mural","tourism":"artwork"}},
{"type":"Feature","geometry":{"type":"Point","coordinates":[18.6291348,54.3616331]},"properties":{"artwork_type":"graffiti","tourism":"artwork"}},
{"type":"Feature","geometry":{"type":"Point","coordinates":[18.6290994,54.3616806]},"properties":{"artwork_type":"graffiti","tourism":"artwork"}},
{"type":"Feature","geometry":{"type":"Point","coordinates":[18.629164,54.3616693]},"properties":{"artwork_type":"graffiti","tourism":"artwork"}},
{"type":"Feature","geometry":{"type":"Point","coordinates":[18.6163829,54.3221906]},"properties":{"power":"substation"}},
{"type":"Feature","geometry":{"type":"Point","coordinates":[18.6135912,54.3214469]},"properties":{"power":"substation"}},
{"type":"Feature","geometry":{"type":"Point","coordinates":[18.6106031,54.320158]},"properties":{"power":"substation"}},
{"type":"Feature","geometry":{"type":"Point","coordinates":[18.6031166,54.3086303]},"properties":{"location":"indoor","power":"substation","substation":"minor_distribution","voltage":"15000"}},
{"type":"Feature","geometry":{"type":"Point","coordinates":[18.4640983,54.4423375]},"properties":{"frequency":"50","location":"indoor","operator":"Energa","operator:wikidata":"Q9253957","power":"substation","substation":"minor_distribution","voltage":"15000;400"}},
{"type":"Feature","geometry":{"type":"Point","coordinates":[18.6089131,54.3974927]},"properties":{"frequency":"50","location":"indoor","name":"Kombatantów 5","new_ref":"T311757","operator":"Energa","operator:wikidata":"Q9253957","power":"substation","rating":"250 kVA","ref":"T-1757","substation":"minor_distribution","voltage":"15000;400"}},
{"type":"Feature","geometry":{"type":"Point","coordinates":[18.6089825,54.395779]},"properties":{"frequency":"50","location":"indoor","new_ref":"T311739","operator":"Energa","operator:wikidata":"Q9253957","power":"substation","rating":"400 kVA","ref":"T-1739","substation":"minor_distribution","voltage":"15000;400"}},
{"type":"Feature","geometry":{"type":"Point","coordinates":[18.6073942,54.3953181]},"properties":{"frequency":"50","location":"indoor","name":"Burzyńskiego 8","new_ref":"T311789","operator":"Energa","operator:wikidata":"Q9253957","power":"substation","rating":"400 kVA","ref":"T-1789","substation":"minor_distribution","voltage":"15000;400"}},
{"type":"Feature","geometry":{"type":"Point","coordinates":[18.6054164,54.3956879]},"properties":{"frequency":"50","location":"indoor","new_ref":"T311834","operator":"Energa","operator:wikidata":"Q9253957","power":"substation","rating":"250 kVA","ref":"T-1834","substation":"minor_distribution","voltage":"15000;400"}},
{"type":"Feature","geometry":{"type":"Point","coordinates":[18.6037597,54.3946291]},"properties":{"frequency":"50","location":"indoor","new_ref":"T311880","operator":"Energa","operator:wikidata":"Q9253957","power":"substation","rating":"400 kVA","ref":"T-1880","substation":"minor_distribution","voltage":"15000;400"}},
{"type":"Feature","geometry":{"type":"Point","coordinates":[18.6089502,54.3923469]},"properties":{"frequency":"50","location":"indoor","new_ref":"T311664","operator":"Energa","operator:wikidata":"Q9253957","power":"substation","rating":"400 kVA","ref":"T-1664","substation":"minor_distribution","voltage":"15000;400"}},
{"type":"Feature","geometry":{"type":"Point","coordinates":[18.60695,54.3927369]},"properties":{"frequency":"50","location":"indoor","new_ref":"T311662","operator":"Energa","operator:wikidata":"Q9253957","power":"substation","ref":"T-1662","substation":"minor_distribution","voltage":"15000;400"}},
{"type":"Feature","geometry":{"type":"Point","coordinates":[18.6083269,54.3937363]},"properties":{"frequency":"50","location":"indoor","operator":"Energa","operator:wikidata":"Q9253957","power":"substation","substation":"minor_distribution","voltage":"15000;400"}},
{"type":"Feature","geometry":{"type":"Point","coordinates":[18.6120558,54.3922605]},"properties":{"frequency":"50","location":"indoor","name":"Ciołkowskiego 7","new_ref":"T311668","operator":"Energa","operator:wikidata":"Q9253957","power":"substation","ref":"T-1668","substation":"minor_distribution","voltage":"15000;400"}},
{"type":"Feature","geometry":{"type":"Point","coordinates":[18.6091334,54.3912757]},"properties":{"frequency":"50","location":"indoor","new_ref":"T311660","operator":"Energa","operator:wikidata":"Q9253957","power":"substation","rating":"400 kVA","ref":"T-1660","substation":"minor_distribution","voltage":"15000;400"}},
{"type":"Feature","geometry":{"type":"Point","coordinates":[18.6058757,54.3905847]},"properties":{"frequency":"50","location":"indoor","name":"Bajana 3","new_ref":"T311733","operator":"Energa","operator:wikidata":"Q9253957","power":"substation","ref":"T-1733","substation":"minor_distribution","voltage":"15000;400"}},
{"type":"Feature","geometry":{"type":"Point","coordinates":[18.6060952,54.3896058]},"properties":{"frequency":"50","location":"indoor","name":"Bajana 9","new_ref":"T311738","operator":"Energa","operator:wikidata":"Q9253957","power":"substation","rating":"400 kVA","ref":"T-1738","substation":"minor_distribution","voltage":"15000;400"}},
{"type":"Feature","geometry":{"type":"Point","coordinates":[18.6042738,54.3910507]},"properties":{"frequency":"50","location":"indoor","name":"Nagórskiego 9","new_ref":"T311720","operator":"Energa","operator:wikidata":"Q9253957","power":"substation","ref":"T-1720","substation":"minor_distribution","voltage":"15000;400"}},
{"type":"Feature","geometry":{"type":"Point","coordinates":[18.6027795,54.3921657]},"properties":{"frequency":"50","location":"indoor","new_ref":"T311721","operator":"Energa","operator:wikidata":"Q9253957","power":"substation","ref":"T-1721","substation":"minor_distribution","voltage":"15000;400"}},
{"type":"Feature","geometry":{"type":"Point","coordinates":[18.6015856,54.392546]},"properties":{"frequency":"50","location":"indoor","name":"Dywizjonu 303 33B","new_ref":"T311742","operator":"Energa","operator:wikidata":"Q9253957","power":"substation","ref":"T-1742","substation":"minor_distribution","voltage":"15000;400"}},
{"type":"Feature","geometry":{"type":"Point","coordinates":[18.6012605,54.3915396]},"properties":{"frequency":"50","location":"indoor","name":"Dywizjonu 303 33E","new_ref":"T311740","operator":"Energa","operator:wikidata":"Q9253957","power":"substation","rating":"400 kVA","ref":"T-1740","substation":"minor_distribution","voltage":"15000;400"}},
{"type":"Feature","geometry":{"type":"Point","coordinates":[18.6003547,54.3907054]},"properties":{"frequency":"50","location":"indoor","new_ref":"T311785","operator":"Energa","operator:wikidata":"Q9253957","power":"substation","rating":"400 kVA","ref":"T-1785","substation":"minor_distribution","voltage":"15000;400"}},
{"type":"Feature","geometry":{"type":"Point","coordinates":[18.5993349,54.3903116]},"properties":{"frequency":"50","location":"indoor","name":"Dywizjonu 303 5F","new_ref":"T311775","operator":"Energa","operator:wikidata":"Q9253957","power":"substation","rating":"250 kVA","ref":"T-1775","substation":"minor_distribution","voltage":"15000;400"}},
{"type":"Feature","geometry":{"type":"Point","coordinates":[18.6017396,54.3905359]},"properties":{"frequency":"50","location":"indoor","new_ref":"T311741","operator":"Energa","operator:wikidata":"Q9253957","power":"substation","rating":"250 kVA","ref":"T-1741","substation":"minor_distribution","voltage":"15000;400"}},
{"type":"Feature","geometry":{"type":"Point","coordinates":[18.5980794,54.3892828]},"properties":{"frequency":"50","location":"indoor","operator":"Energa","operator:wikidata":"Q9253957","power":"substation","substation":"minor_distribution","voltage":"15000;400"}},
{"type":"Feature","geometry":{"type":"Point","coordinates":[18.6011402,54.3887709]},"properties":{"frequency":"50","location":"indoor","new_ref":"T311947","operator":"Energa","operator:wikidata":"Q9253957","power":"substation","rating":"250 kVA","ref":"T-1947","substation":"minor_distribution","voltage":"15000;400"}},
{"type":"Feature","geometry":{"type":"Point","coordinates":[18.6030866,54.3882898]},"properties":{"frequency":"50","location":"indoor","new_ref":"T311962","operator":"Energa","operator:wikidata":"Q9253957","power":"substation","ref":"T-1962","substation":"minor_distribution","voltage":"15000;400"}},
{"type":"Feature","geometry":{"type":"Point","coordinates":[18.6028141,54.3895049]},"properties":{"frequency":"50","location":"indoor","new_ref":"T311758","operator":"Energa","operator:wikidata":"Q9253957","power":"substation","ref":"T-1758","substation":"minor_distribution","voltage":"15000;400"}},
{"type":"Feature","geometry":{"type":"Point","coordinates":[18.6019756,54.3874568]},"properties":{"frequency":"50","location":"indoor","new_ref":"T311989","operator":"Energa","operator:wikidata":"Q9253957","power":"substation","rating":"400 kVA","ref":"T-1989","substation":"minor_distribution","voltage":"15000;400"}},
{"type":"Feature","geometry":{"type":"Point","coordinates":[18.6728187,54.3715209]},"properties":{"barrier":"gate"}},
{"type":"Feature","geometry":{"type":"Point","coordinates":[18.5736054,54.3910855]},"properties":{"name":"T-1997","power":"substation"}},
{"type":"Feature","geometry":{"type":"Point","coordinates":[18.6564984,54.3461274]},"properties":{"power":"substation"}},
{"type":"Feature","geometry":{"type":"Point","coordinates":[18.5650889,54.3067122]},"properties":{"man_made":"street_cabinet","name":"Glazurowa 21","power":"substation","ref":"T317668","substation":"minor_distribution","utility":"power"}},
{"type":"Feature","geometry":{"type":"Point","coordinates":[18.5685753,54.3073339]},"properties":{"man_made":"street_cabinet","name":"Kowale, Heliosa 22","power":"substation","ref":"T317428","substation":"minor_distribution","utility":"power"}},
{"type":"Feature","geometry":{"type":"LineString","coordinates":[[18.6503942,54.3752],[18.6513195,54.3749756],[18.6507008,54.3741101],[18.6497755,54.3743345],[18.6503942,54.3752]]},"properties":{"barrier":"fence","location":"outdoor","name":"Stacja elektroenergetyczna 110kV Ostrów","power":"substation","substation":"industrial","voltage":"110000"}},
{"type":"Feature","geometry":{"type":"LineString","coordinates":[[18.6293091,54.3372716],[18.630527,54.3372189],[18.6304838,54.3368712],[18.6304737,54.3367897],[18.6304308,54.3364449],[18.6292087,54.3365072],[18.6292473,54.3368],[18.6292538,54.3368497],[18.6292703,54.336976],[18.6293091,54.3372716]]},"properties":{"barrier":"fence","name":"Stacja elektroenergetyczna 110/15kV Chełm","operator":"Energa Operator","power":"substation","voltage":"110000;15000"}},
{"type":"Feature","geometry":{"type":"LineString","coordinates":[[18.651041,54.3327965],[18.6518058,54.3326936],[18.6515284,54.3319887],[18.6514731,54.3319926],[18.6507534,54.3320435],[18.651041,54.3327965]]},"properties":{"barrier":"fence","name":"Stacja elektroenergetyczna 110/15kV Czerwony Most","power":"substation","voltage":"110000;15000"}},
{"type":"Feature","geometry":{"type":"LineString","coordinates":[[18.7454303,54.359082],[18.7450474,54.3585043],[18.7461099,54.3582631],[18.7461998,54.3583912],[18.7470551,54.3581982],[18.7474132,54.358731],[18.746563,54.3589316],[18.7465471,54.3589069],[18.7465369,54.3588911],[18.7465084,54.3588468],[18.7462406,54.3589065],[18.7454303,54.359082]]},"properties":{"barrier":"fence","location":"outdoor","name":"Stacja elektroenergetyczna 110/15kV Górki Zachodnie","power":"substation","ref":"GRK","substation":"distribution","voltage":"110000;15000"}},
{"type":"Feature","geometry":{"type":"LineString","coordinates":[[18.7276135,54.3469232],[18.728468,54.3468295],[18.7284193,54.3466784],[18.7286172,54.3466568],[18.728384899999999,54.3459373],[18.72819,54.3459586],[18.7280849,54.3456331],[18.7272282,54.3457271],[18.7276135,54.3469232]]},"properties":{"name":"Stacja elektroenergetyczna 110kV Rafineria - zdemontowana","power":"substation","voltage":"110000"}},
{"type":"Feature","geometry":{"type":"LineString","coordinates":[[18.583866,54.405004],[18.583686,54.405014],[18.583658,54.404793],[18.583832,54.404784],[18.583833,54.404787],[18.583849,54.40489],[18.583852,54.404911],[18.583857,54.404944],[18.58386,54.404966],[18.583865,54.404998],[18.583866,54.405004]]},"properties":{"building":"service","building:levels":"1","power":"substation","roof:shape":"flat","source:building":"BDOT","source:geometry":"EGiB","substation":"minor_distribution"}},
{"type":"Feature","geometry":{"type":"LineString","coordinates":[[18.640461,54.406923],[18.640379,54.406942],[18.64034,54.406883],[18.640422,54.406865],[18.640461,54.406923]]},"properties":{"addr:city":"Gdańsk","addr:country":"PL","addr:housenumber":"5","addr:postcode":"80-515","addr:street":"Ignacego Krasickiego","building":"service","building:levels":"1","power":"substation","ref":"T-1372","source:addr":"Urząd Miasta Gdańsk","source:building":"EGiB"}},
{"type":"Feature","geometry":{"type":"LineString","coordinates":[[18.4827903,54.4249459],[18.4828392,54.4248946],[18.4829211,54.424921],[18.4828722,54.4249723],[18.4827903,54.4249459]]},"properties":{"building":"yes","power":"substation"}},
{"type":"Feature","geometry":{"type":"LineString","coordinates":[[18.4694007,54.4259491],[18.4694691,54.4259184],[18.4695196,54.4259565],[18.4694512,54.4259873],[18.4694007,54.4259491]]},"properties":{"building":"service","building:levels":"1","frequency":"50","name":"T-11-10","new_ref":"T311110","operator":"Energa","operator:wikidata":"Q9253957","power":"substation","substation":"minor_distribution","voltage":"15000;400"}},
{"type":"Feature","geometry":{"type":"LineString","coordinates":[[18.6187526,54.3184293],[18.6189132,54.3174541],[18.6189409,54.3172875],[18.6189889,54.3169982],[18.6194148,54.3170204],[18.6194083,54.3170584],[18.6193998,54.3171071],[18.6195471,54.3171158],[18.6195605,54.3170286],[18.6201717,54.3170634],[18.6202069,54.3170654],[18.6202371,54.3170671],[18.6214353,54.3171344],[18.6213084,54.3179055],[18.6211996,54.3185671],[18.6192116,54.3184551],[18.6191813,54.3184532],[18.6187526,54.3184293]]},"properties":{"barrier":"fence","landuse":"industrial","man_made":"water_works","name":"Stacja Ciśnień"}},
{"type":"Feature","geometry":{"type":"LineString","coordinates":[[18.6399811,54.327672],[18.6400652,54.3276705],[18.6400679,54.3277208],[18.6399837,54.3277223],[18.6399811,54.327672]]},"properties":{"name":"T-1075","power":"substation"}},
{"type":"Feature","geometry":{"type":"LineString","coordinates":[[18.6726981,54.3717931],[18.6727986,54.3715662],[18.6728187,54.3715209],[18.672863,54.3714209],[18.6730188,54.3710692],[18.6743777,54.3712735],[18.6741883,54.3717009],[18.6740569,54.3719974],[18.6737648,54.3719535],[18.6736094,54.3719302],[18.6728381,54.3718142],[18.6726981,54.3717931]]},"properties":{"barrier":"fence","location":"outdoor","name":"Stacja elektroenergetyczna 110kV Basen Górniczy","power":"substation","substation":"distribution","voltage":"110000"}},
{"type":"Feature","geometry":{"type":"LineString","coordinates":[[18.705702,54.3385814],[18.7094819,54.3364576],[18.7117142,54.3378032],[18.7126261,54.3383529],[18.7127452,54.3384247],[18.7116412,54.3390536],[18.7135626,54.3402198],[18.7123365,54.3409013],[18.7106256,54.3398633],[18.7105467,54.3399032],[18.7098408,54.3394804],[18.7084685,54.3402697],[18.705702,54.3385814]]},"properties":{"barrier":"fence","name":"Stacja elektroenergetyczna \"Gdańsk Błonia\" 400/110 kV","not:operator:wikidata":"Q1749435","operator":"PSE Operator","power":"substation","ref":"GBL","substation":"transmission","voltage":"400000;110000"}},
{"type":"Feature","geometry":{"type":"LineString","coordinates":[[18.4409891,54.3374391],[18.4410234,54.3375325],[18.4410314,54.3375542],[18.4408649,54.3375763],[18.4407478,54.3375918],[18.4403889,54.3376376],[18.4403437,54.3375217],[18.4407323,54.3374716],[18.440851,54.3374561],[18.4409891,54.3374391]]},"properties":{"addr:city":"Leźno","addr:housenumber":"29","addr:postcode":"80-298","addr:street":"Żukowska","building":"yes","gas_insulated":"yes","power":"substation","source:addr":"UG Żukowo","voltage":"220000"}},
{"type":"Feature","geometry":{"type":"LineString","coordinates":[[18.6117637,54.409854],[18.6113333,54.4095821],[18.6112186,54.4095095],[18.6112021,54.4095014],[18.6111846,54.4094929],[18.6107994,54.4093046],[18.6103249,54.4090744],[18.6093445,54.4095274],[18.6092063,54.4095914],[18.6091849,54.4096013],[18.6091647,54.4096107],[18.6087646,54.4097959],[18.6104342,54.4106957],[18.6117637,54.409854]]},"properties":{"barrier":"fence","man_made":"water_works","name":"Stacja uzdatniania wody \"Czarny Dwór\"","operator":"Gdańska Infrastruktura Wodociągowo-Kanalizacyjna Sp. z o.o."}},
{"type":"Feature","geometry":{"type":"LineString","coordinates":[[18.660307,54.3551753],[18.6602565,54.3551397],[18.6601959,54.3551689],[18.6602465,54.3552045],[18.660307,54.3551753]]},"properties":{"building":"industrial","power":"substation","source:building":"EGiB"}},
{"type":"Feature","geometry":{"type":"LineString","coordinates":[[18.6554276,54.3514319],[18.6554634,54.3515196],[18.6553062,54.3515414],[18.6552703,54.3514538],[18.6554276,54.3514319]]},"properties":{"building":"yes","building:levels":"2","building:material":"brick","power":"substation","roof:colour":"#ff8858","roof:material":"roof_tiles","roof:shape":"pyramidal","source:geometry":"gis.gdansk.pl","substation":"minor_distribution"}},
{"type":"Feature","geometry":{"type":"LineString","coordinates":[[18.5924025,54.3075957],[18.5924114,54.3075766],[18.5924536,54.3075833],[18.5924447,54.3076025],[18.5924025,54.3075957]]},"properties":{"building":"service","location":"indoor","power":"substation","substation":"minor_distribution","voltage":"15000;400"}},
{"type":"Feature","geometry":{"type":"LineString","coordinates":[[18.6111286,54.3246465],[18.6111609,54.324617],[18.6112111,54.3246358],[18.6111788,54.3246653],[18.6111286,54.3246465]]},"properties":{"building":"industrial","power":"substation"}},
{"type":"Feature","geometry":{"type":"LineString","coordinates":[[18.5798352,54.303389],[18.5798332,54.3033413],[18.5799228,54.30334],[18.5799249,54.3033877],[18.5798352,54.303389]]},"properties":{"building":"yes","power":"substation"}},
{"type":"Feature","geometry":{"type":"LineString","coordinates":[[18.440381,54.3390303],[18.4397433,54.3373617],[18.4412021,54.3371757],[18.4409941,54.336606],[18.4425691,54.3363991],[18.4429033,54.337275],[18.4418513,54.3374099],[18.442086,54.3380288],[18.4413735,54.3381214],[18.4408447,54.3381884],[18.441134,54.3389361],[18.440381,54.3390303]]},"properties":{"barrier":"fence","name":"Stacja elektroenergetyczna \"Gdańsk I\" 400/220/110 kV","operator":"PSE Operator","power":"substation","ref":"GDA","substation":"transmission","voltage":"400000;220000;110000"}},
{"type":"Feature","geometry":{"type":"LineString","coordinates":[[18.4054092,54.3402322],[18.4053982,54.3402053],[18.4053492,54.3402122],[18.4053602,54.340239],[18.4054092,54.3402322]]},"properties":{"power":"substation"}},
{"type":"Feature","geometry":{"type":"LineString","coordinates":[[18.5652519,54.3106113],[18.5653317,54.3106367],[18.5653747,54.3105907],[18.5652949,54.3105653],[18.5652519,54.3106113]]},"properties":{"building":"service","location":"indoor","power":"substation","ref":"T-15070","substation":"minor_distribution"}},
{"type":"Feature","geometry":{"type":"LineString","coordinates":[[18.4324293,54.3460737],[18.4324184,54.3460296],[18.4323561,54.3460349],[18.432367,54.346079],[18.4324293,54.3460737]]},"properties":{"building":"service","frequency":"50","location":"indoor","operator":"Energa","power":"substation","substation":"minor_distribution","voltage":"15000;400"}},
{"type":"Feature","geometry":{"type":"LineString","coordinates":[[18.4378265,54.348727],[18.4378044,54.3486964],[18.4377463,54.3487107],[18.4377684,54.3487413],[18.4378265,54.348727]]},"properties":{"building":"service","location":"indoor","power":"substation","substation":"minor_distribution","voltage":"15000"}},
{"type":"Feature","geometry":{"type":"LineString","coordinates":[[18.6222218,54.3273135],[18.6222876,54.3273139],[18.6222883,54.3272796],[18.6222225,54.3272792],[18.6222218,54.3273135]]},"properties":{"building":"service","building:levels":"1","power":"substation"}},
{"type":"Feature","geometry":{"type":"LineString","coordinates":[[18.5912319,54.3544382],[18.5912094,54.3545187],[18.5912418,54.354536],[18.5913726,54.354598],[18.5919254,54.3540978],[18.5924351,54.3536394],[18.5911978,54.3531344],[18.5906663,54.3539766],[18.5907889,54.3542066],[18.5912319,54.3544382]]},"properties":{"barrier":"fence","frequency":"50","location":"outdoor","name":"Stacja elektroenergetyczna 110/15kV „Piecki”","operator":"Energa","operator:wikidata":"Q9253957","power":"substation","ref":"PEK5","substation":"transmission","voltage":"110000;15000"}},
{"type":"Feature","geometry":{"type":"LineString","coordinates":[[18.46343,54.4433277],[18.4634098,54.4433163],[18.4629317,54.4430457],[18.4627631,54.4429521],[18.4629052,54.4428603],[18.4627219,54.4427717],[18.4626524,54.4427381],[18.4637697,54.4419257],[18.4646828,54.4423841],[18.46343,54.4433277]]},"properties":{"barrier":"fence","landuse":"industrial","man_made":"water_works","name":"SAUR Stacja uzdaniania wody","source":"survey"}},
{"type":"Feature","geometry":{"type":"LineString","coordinates":[[18.6301766,54.3576854],[18.6301286,54.3576596],[18.630173,54.3576315],[18.6302218,54.3576572],[18.6301766,54.3576854]]},"properties":{"building":"industrial","power":"substation"}},
{"type":"Feature","geometry":{"type":"LineString","coordinates":[[18.6323239,54.357143],[18.6323354,54.3571049],[18.6324001,54.3571116],[18.6323886,54.3571497],[18.6323239,54.357143]]},"properties":{"building":"service","power":"substation"}},
{"type":"Feature","geometry":{"type":"LineString","coordinates":[[18.5979586,54.3846551],[18.5978737,54.3846053],[18.5977868,54.3845543],[18.5981261,54.3843582],[18.5982153,54.3844105],[18.5982979,54.384459],[18.5979586,54.3846551]]},"properties":{"building":"industrial","building:levels":"2","roof:direction":"SE","roof:material":"tar_paper","roof:shape":"gabled"}},
{"type":"Feature","geometry":{"type":"LineString","coordinates":[[18.460736,54.4384404],[18.4606892,54.4384067],[18.4607569,54.4383748],[18.4608037,54.4384084],[18.460736,54.4384404]]},"properties":{"building":"industrial","power":"substation"}},
{"type":"Feature","geometry":{"type":"LineString","coordinates":[[18.6910756,54.3892749],[18.6910609,54.388645],[18.6921265,54.3886468],[18.6921393,54.3893104],[18.6921427,54.3896596],[18.6921428,54.3896741],[18.692143,54.3896877],[18.6921054,54.3897072],[18.6910875,54.3897213],[18.6910865,54.3896869],[18.6910756,54.3892749]]},"properties":{"barrier":"fence","location":"outdoor","name":"Stacja elektroenergetyczna 110/15kV \"Gdańsk Port Północny\"","operator":"Port Gdańsk","power":"substation","ref":"POP","substation":"distribution","voltage":"110000;15000"}},
{"type":"Feature","geometry":{"type":"LineString","coordinates":[[18.6376698,54.3795643],[18.6375759,54.3796694],[18.636928,54.3800614],[18.6363337,54.3803616],[18.6356019,54.3798644],[18.6346948,54.3792389],[18.6346268,54.3791994],[18.6354424,54.3787906],[18.6360458,54.3792003],[18.63667,54.3788898],[18.6376698,54.3795643]]},"properties":{"barrier":"fence","location":"outdoor","name":"Stacja elektroenergetyczna 110kV „Gdańsk II”","operator":"Energa","operator:wikidata":"Q9253957","power":"substation","ref":"GD25","substation":"distribution","voltage":"110000"}},
{"type":"Feature","geometry":{"type":"LineString","coordinates":[[18.6009911,54.38667],[18.6009872,54.3866698],[18.600733,54.3865525],[18.6007604,54.386353],[18.6007642,54.3863294],[18.600777,54.3862556],[18.600805,54.3860898],[18.6010694,54.3859704],[18.6019254,54.386042],[18.6019422,54.3860454],[18.601995,54.3860743],[18.6022058,54.3862623],[18.6022342,54.3864099],[18.60219,54.3866322],[18.6021632,54.3866742],[18.6019825,54.3866608],[18.6019733,54.3867164],[18.6010983,54.3866751],[18.6011071,54.3866091],[18.6009998,54.3866043],[18.6009911,54.38667]]},"properties":{"barrier":"fence","frequency":"50","location":"outdoor","name":"Stacja elektroenergetyczna 110/15kV „Zaspa”","operator":"Energa","operator:wikidata":"Q9253957","power":"substation","ref":"ZAS5","ref:Energa":"01500","substation":"transmission","voltage":"110000;15000"}},
{"type":"Feature","geometry":{"type":"LineString","coordinates":[[18.6441009,54.3975523],[18.644722,54.3978846],[18.6452443,54.3975536],[18.6447012,54.397259],[18.6446488,54.3972897],[18.6446157,54.397271],[18.6445774,54.3972493],[18.6441009,54.3975523]]},"properties":{"barrier":"fence","location":"indoor","name":"Stacja elektroenergetyczna 110kV Nowy Port","operator":"Energa Operator","power":"substation","substation":"distribution","voltage":"110000"}},
{"type":"Feature","geometry":{"type":"LineString","coordinates":[[18.6049564,54.404315],[18.6052277,54.4038293],[18.6053263,54.4036528],[18.6053732,54.4035689],[18.6062615,54.4039005],[18.6063743,54.4039422],[18.6070289,54.4041835],[18.6067567,54.4046722],[18.6058482,54.404492],[18.6049564,54.404315]]},"properties":{"barrier":"fence","location":"outdoor","name":"Stacja elektroenergetyczna 110kV Przymorze","operator":"Energa","operator:wikidata":"Q9253957","power":"substation","substation":"distribution","voltage":"110000;15000"}},
{"type":"Feature","geometry":{"type":"LineString","coordinates":[[18.5751575,54.4043389],[18.5754593,54.404378],[18.5755226,54.4043862],[18.5758825,54.4044329],[18.5756091,54.4051259],[18.5747086,54.4050234],[18.5751575,54.4043389]]},"properties":{"barrier":"fence","landuse":"industrial","name":"Stacja elektroenergetyczna 110/15kV Oliwa","power":"substation","substation":"distribution","voltage":"110000;15000"}},
{"type":"Feature","geometry":{"type":"LineString","coordinates":[[18.5853052,54.4173281],[18.5853496,54.4173391],[18.5854611,54.4173699],[18.5856135,54.4171794],[18.5857532,54.4172198],[18.5857499,54.4172301],[18.5858672,54.4172543],[18.5858785,54.4172511],[18.5859975,54.4170604],[18.585916,54.4170441],[18.5858992,54.417024],[18.5858351,54.4169772],[18.5858888,54.4169199],[18.5854317,54.41677],[18.5853856,54.4167549],[18.5845671,54.4164867],[18.5843146,54.4169439],[18.5847033,54.4170995],[18.5849797,54.4171995],[18.5849485,54.4172361],[18.5850324,54.4172606],[18.5850844,54.4172758],[18.5851246,54.4172272],[18.585339,54.4172872],[18.5853052,54.4173281]]},"properties":{"name":"Stacja elektroenergetyczna 110/15kV Pomorska","power":"substation","substation":"distribution","voltage":"110000;15000"}},
{"type":"Feature","geometry":{"type":"LineString","coordinates":[[18.6893713,54.3390607],[18.6906888,54.3385028],[18.6914499,54.3391043],[18.6905544,54.3394997],[18.6909458,54.3397992],[18.6905217,54.3399799],[18.6894887,54.3391545],[18.6893713,54.3390607]]},"properties":{"barrier":"fence","location":"outdoor","name":"Stacja elektroenergetyczna 110/15kV Leśniewo","power":"substation","substation":"distribution","voltage":"110000;15000"}},
{"type":"Feature","geometry":{"type":"LineString","coordinates":[[18.6670685,54.3533011],[18.667685,54.3535769],[18.6670697,54.3539484],[18.6669493,54.3539504],[18.6668742,54.3539297],[18.6668175,54.3539108],[18.6666929,54.3538689],[18.6666169,54.35384],[18.66658,54.353829],[18.666605,54.3538],[18.6668437,54.3535273],[18.6670685,54.3533011]]},"properties":{"barrier":"fence","name":"Stacja elektroenergetyczna 110/15kV Motława","power":"substation","voltage":"110000;15000"}},
{"type":"Feature","geometry":{"type":"LineString","coordinates":[[18.4919141,54.4278557],[18.491973,54.4275251],[18.491982,54.4274744],[18.4923407,54.4274949],[18.4923535,54.4274108],[18.4925338,54.4273804],[18.4929336,54.427405],[18.4928339,54.4279536],[18.4919141,54.4278557]]},"properties":{"barrier":"fence","landuse":"industrial","name":"Stacja elektroenergetyczna 110/15kV Wysoka","power":"substation","substation":"distribution","voltage":"110000;15000"}},
{"type":"Feature","geometry":{"type":"LineString","coordinates":[[18.5569956,54.4277526],[18.557817,54.4278623],[18.558389,54.427939],[18.5585115,54.4279556],[18.558571,54.4279625],[18.558712,54.4276051],[18.558644,54.4275964],[18.557978,54.427506],[18.5571296,54.4273926],[18.5569956,54.4277526]]},"properties":{"barrier":"fence","location":"outdoor","name":"Stacja elektroenergetyczna 110/15kV Sopot","operator":"Energa Operator","power":"substation","substation":"distribution","voltage":"110000;15000"}},
{"type":"Feature","geometry":{"type":"LineString","coordinates":[[18.4879463,54.3603722],[18.4869242,54.360223],[18.4864623,54.3613065],[18.4872432,54.3614193],[18.4873105,54.3614927],[18.4873781,54.3615016],[18.4874532,54.3615115],[18.4879463,54.3603722]]},"properties":{"barrier":"fence","name":"Stacja elektroenergetyczna 110/15kV Kokoszki","power":"substation","substation":"distribution","voltage":"110000;15000"}},
{"type":"Feature","geometry":{"type":"LineString","coordinates":[[18.6595697,54.3519941],[18.659606,54.3519869],[18.6595763,54.351936],[18.6595401,54.3519432],[18.6595697,54.3519941]]},"properties":{"power":"substation"}},
{"type":"Feature","geometry":{"type":"LineString","coordinates":[[18.6627873,54.3532035],[18.6629974,54.3533096],[18.6631901,54.3533722],[18.663682,54.3535892],[18.6635065,54.3538787],[18.6630322,54.3538519],[18.6626491,54.3538251],[18.662593,54.3538181],[18.6625074,54.3538028],[18.6622631,54.3537772],[18.662107,54.3537426],[18.6620754,54.3536672],[18.6626382,54.3532535],[18.6627097,54.3532187],[18.6627412,54.3532281],[18.6627565,54.3532195],[18.6627873,54.3532035]]},"properties":{"barrier":"fence","landuse":"industrial","man_made":"wastewater_plant","name":"Przepompownia Ścieków Ołowianka PM-1","name:de":"Städtisches Pumpwerk"}},
{"type":"Feature","geometry":{"type":"LineString","coordinates":[[18.6250157,54.3263994],[18.6251079,54.3263996],[18.6251082,54.3263511],[18.625016,54.3263509],[18.6250157,54.3263994]]},"properties":{"name":"T-1158","power":"substation"}},
{"type":"Feature","geometry":{"type":"LineString","coordinates":[[18.6667502,54.3581408],[18.6667819,54.3581092],[18.6668213,54.3581226],[18.6667896,54.3581542],[18.6667502,54.3581408]]},"properties":{"power":"substation"}},
{"type":"Feature","geometry":{"type":"LineString","coordinates":[[18.645772,54.363724],[18.645745,54.3638],[18.645615,54.363784],[18.645642,54.363708],[18.645772,54.363724]]},"properties":{"addr:city":"Gdańsk","addr:city:simc":"0933016","addr:housenumber":"1","addr:postcode":"80-864","addr:street":"Narzędziowców","building":"service","building:levels":"1","name":"B2 (74B)","power":"substation","source:addr":"gugik.gov.pl","source:building":"BDOT","source:geometry":"EGiB","substation":"minor_distribution"}},
{"type":"Feature","geometry":{"type":"LineString","coordinates":[[18.581442,54.423384],[18.58134,54.423395],[18.581324,54.423344],[18.581426,54.423333],[18.581442,54.423384]]},"properties":{"building":"industrial","building:levels":"1","power":"substation","roof:shape":"flat","source:building":"EGiB"}},
{"type":"Feature","geometry":{"type":"LineString","coordinates":[[18.4808052,54.4204196],[18.4808041,54.420446],[18.4808424,54.4204465],[18.4808436,54.4204202],[18.4808052,54.4204196]]},"properties":{"building":"industrial","building:levels":"1","power":"substation","source":"Bing"}},
{"type":"Feature","geometry":{"type":"LineString","coordinates":[[18.628044,54.406741],[18.627939,54.406749],[18.627929,54.406696],[18.628033,54.406689],[18.628044,54.406741]]},"properties":{"building":"service","power":"substation","source:building":"EGiB"}},
{"type":"Feature","geometry":{"type":"LineString","coordinates":[[18.5600065,54.3471858],[18.5600822,54.3471643],[18.5600409,54.3471149],[18.5599652,54.3471365],[18.559974,54.347147],[18.5600065,54.3471858]]},"properties":{"barrier":"fence","building":"industrial","description":"Przepompownia ścieków","man_made":"wastewater_plant"}},
{"type":"Feature","geometry":{"type":"LineString","coordinates":[[18.5598665,54.3507145],[18.5598587,54.3508146],[18.5600292,54.350819],[18.5600369,54.350719],[18.5599596,54.3507169],[18.5598665,54.3507145]]},"properties":{"description":"Przepompownia ścieków","landuse":"industrial","man_made":"wastewater_plant"}},
{"type":"Feature","geometry":{"type":"LineString","coordinates":[[18.462617,54.426797],[18.462547,54.426824],[18.4625,54.426781],[18.46257,54.426755],[18.462617,54.426797]]},"properties":{"building":"service","frequency":"50","operator":"Energa","operator:wikidata":"Q9253957","power":"substation","source:building":"EGiB","substation":"minor_distribution","voltage":"15000;400"}},
{"type":"Feature","geometry":{"type":"LineString","coordinates":[[18.4660373,54.4249358],[18.4660864,54.424979],[18.4661553,54.4249525],[18.4661063,54.4249093],[18.4660373,54.4249358]]},"properties":{"building":"service","frequency":"50","new_ref":"T316539","operator":"Energa","operator:wikidata":"Q9253957","power":"substation","ref":"T-16539","source":"Bing","substation":"minor_distribution","voltage":"15000;400"}},
{"type":"Feature","geometry":{"type":"LineString","coordinates":[[18.5999166,54.3607981],[18.5999646,54.3607564],[18.6000452,54.3607876],[18.5999954,54.36083],[18.5999166,54.3607981]]},"properties":{"building":"industrial","building:levels":"1","power":"substation","roof:shape":"flat"}},
{"type":"Feature","geometry":{"type":"LineString","coordinates":[[18.5952676,54.3575603],[18.595212,54.3575129],[18.5952835,54.3574844],[18.5953391,54.3575317],[18.5952676,54.3575603]]},"properties":{"building":"yes","power":"substation","ref":"T-1897"}},
{"type":"Feature","geometry":{"type":"LineString","coordinates":[[18.59256,54.416166],[18.592557,54.416219],[18.592452,54.416217],[18.592455,54.416165],[18.59256,54.416166]]},"properties":{"building":"yes","power":"substation","source:building":"EGiB"}},
{"type":"Feature","geometry":{"type":"LineString","coordinates":[[18.5629224,54.3764147],[18.5628561,54.3764147],[18.5628561,54.376455],[18.5629224,54.376455],[18.5629224,54.3764147]]},"properties":{"building":"industrial","power":"substation"}},
{"type":"Feature","geometry":{"type":"LineString","coordinates":[[18.5634631,54.3746946],[18.5635422,54.3746912],[18.5635364,54.3746456],[18.5634573,54.3746491],[18.5634631,54.3746946]]},"properties":{"power":"substation"}},
{"type":"Feature","geometry":{"type":"LineString","coordinates":[[18.5602501,54.3742759],[18.5603268,54.3742774],[18.5603296,54.3742308],[18.5602528,54.3742293],[18.5602501,54.3742759]]},"properties":{"designation":"T-1289","power":"substation"}},
{"type":"Feature","geometry":{"type":"LineString","coordinates":[[18.5649025,54.3782351],[18.5649736,54.3782338],[18.5649714,54.378194],[18.5649003,54.3781953],[18.5649025,54.3782351]]},"properties":{"designation":"T-1685","power":"substation"}},
{"type":"Feature","geometry":{"type":"LineString","coordinates":[[18.600462,54.413282],[18.600428,54.41334],[18.600343,54.413323],[18.600377,54.413265],[18.600462,54.413282]]},"properties":{"building":"service","name":"Flądra","power":"substation","ref":"T-1155","source:building":"EGiB","substation":"minor_distribution"}},
{"type":"Feature","geometry":{"type":"LineString","coordinates":[[18.635688,54.383401],[18.635809,54.3833409],[18.635823,54.383351],[18.635899,54.383402],[18.635779,54.383463],[18.635706,54.383414],[18.635688,54.383401]]},"properties":{"building":"service","building:levels":"1","power":"substation","ref":"T-1544","source:building":"BDOT","source:geometry":"EGiB","substation":"minor_distribution"}},
{"type":"Feature","geometry":{"type":"LineString","coordinates":[[18.4868882,54.4332806],[18.4868882,54.4333257],[18.4869672,54.4333257],[18.4869672,54.4332806],[18.4868882,54.4332806]]},"properties":{"power":"substation","source":"Bing"}},
{"type":"Feature","geometry":{"type":"LineString","coordinates":[[18.4421067,54.4219285],[18.4420782,54.4219456],[18.4421311,54.4219755],[18.4421596,54.4219584],[18.4421383,54.4219464],[18.4421145,54.4219329],[18.4421067,54.4219285]]},"properties":{"building":"service","frequency":"50","operator":"Energa","operator:wikidata":"Q9253957","power":"substation","ref":"T-95877","source":"Bing","substation":"minor_distribution","voltage":"15000;400"}},
{"type":"Feature","geometry":{"type":"LineString","coordinates":[[18.726636,54.3452932],[18.7267764,54.3452772],[18.7268322,54.3452708],[18.7272027,54.3452284],[18.7271287,54.3450089],[18.7267371,54.3450538],[18.7267792,54.3451787],[18.7266042,54.3451987],[18.726636,54.3452932]]},"properties":{"building":"yes","frequency":"50","gas_insulated":"yes","location":"indoor","name":"Stacja elektroenergetyczna 110kV GIS LOTOS","operator":"Grupa Lotos","power":"substation","voltage":"110000"}},
{"type":"Feature","geometry":{"type":"LineString","coordinates":[[18.5941474,54.332931],[18.5944043,54.332988],[18.5944648,54.3328933],[18.5942076,54.3328366],[18.5941474,54.332931]]},"properties":{"building":"service","building:levels":"1","power":"substation","ref":"T-16404","source:building":"BDOT","source:geometry":"EGiB"}},
{"type":"Feature","geometry":{"type":"LineString","coordinates":[[18.5693257,54.3160939],[18.569341,54.3160729],[18.5693923,54.3160856],[18.5693766,54.3161065],[18.5693257,54.3160939]]},"properties":{"building":"industrial","power":"substation"}},
{"type":"Feature","geometry":{"type":"LineString","coordinates":[[18.5391619,54.4073364],[18.5392076,54.4073333],[18.5392009,54.4072993],[18.5391552,54.4073024],[18.5391619,54.4073364]]},"properties":{"power":"substation"}},
{"type":"Feature","geometry":{"type":"LineString","coordinates":[[18.483961,54.382899],[18.483828,54.382908],[18.483807,54.3828],[18.48394,54.382791],[18.483961,54.382899]]},"properties":{"building":"service","building:levels":"1","name":"T-16370","power":"substation","source:building":"BDOT","source:geometry":"EGiB"}},
{"type":"Feature","geometry":{"type":"LineString","coordinates":[[18.471124,54.3866418],[18.4704244,54.3868277],[18.470138,54.3864621],[18.4708376,54.3862763],[18.4710967,54.3866069],[18.471124,54.3866418]]},"properties":{"barrier":"fence","gas_insulated":"yes","location":"indoor","name":"Stacja elektroenergetyczna 110/15kV GPZ Lotnisko","operator":"Energa Operator","power":"substation","ref":"01550","substation":"distribution","voltage":"110000;15000"}},
{"type":"Feature","geometry":{"type":"LineString","coordinates":[[18.5868925,54.3780477],[18.5869851,54.3780601],[18.5870126,54.3779903],[18.58692,54.3779779],[18.5868937,54.3780445],[18.5868925,54.3780477]]},"properties":{"building":"yes","name":"T-1621","power":"substation"}},
{"type":"Feature","geometry":{"type":"LineString","coordinates":[[18.5902413,54.3778785],[18.5903278,54.3778756],[18.5903229,54.3778271],[18.5902364,54.3778301],[18.5902413,54.3778785]]},"properties":{"building":"service","name":"T-1847","power":"substation"}},
{"type":"Feature","geometry":{"type":"LineString","coordinates":[[18.5967956,54.3792603],[18.5969019,54.3792486],[18.5968868,54.379201],[18.5967813,54.379214],[18.5967956,54.3792603]]},"properties":{"building":"yes","name":"T-1910","power":"substation"}},
{"type":"Feature","geometry":{"type":"LineString","coordinates":[[18.550966,54.347404],[18.550979,54.347372],[18.551018,54.347378],[18.551005,54.347409],[18.550966,54.347404]]},"properties":{"addr:city":"Gdańsk","addr:country":"PL","addr:housenumber":"1","addr:postcode":"80-175","addr:street":"Świstaka","building":"yes","name":"T-16916","power":"substation","source:building":"EGiB"}},
{"type":"Feature","geometry":{"type":"LineString","coordinates":[[18.561356,54.427385],[18.561343,54.427422],[18.561278,54.427415],[18.561283,54.427402],[18.561284,54.427399],[18.561285,54.427395],[18.561285,54.427394],[18.561286,54.427392],[18.561287,54.42739],[18.561291,54.427377],[18.561316,54.42738],[18.561356,54.427385]]},"properties":{"building":"yes","power":"substation","source:building":"EGiB"}},
{"type":"Feature","geometry":{"type":"LineString","coordinates":[[18.5838337,54.3776907],[18.5838276,54.3777346],[18.5840295,54.3777442],[18.5840325,54.3777228],[18.5840357,54.3777002],[18.5838337,54.3776907]]},"properties":{"building":"service","name":"T-1624","power":"substation"}},
{"type":"Feature","geometry":{"type":"LineString","coordinates":[[18.708716,54.359701],[18.708714,54.359754],[18.708611,54.359753],[18.708613,54.3597],[18.708716,54.359701]]},"properties":{"building":"yes","name":"T-1056","operator":"Energa","operator:wikidata":"Q9253957","power":"substation","source:building":"EGiB"}},
{"type":"Feature","geometry":{"type":"LineString","coordinates":[[18.62742,54.386257],[18.62731,54.386286],[18.627256,54.386223],[18.6273259,54.3862039],[18.627366,54.386193],[18.62742,54.386257]]},"properties":{"building":"service","building:levels":"1","frequency":"50","new_ref":"T311780","operator":"Energa","operator:wikidata":"Q9253957","power":"substation","ref":"T-1780","source:building":"BDOT","source:geometry":"EGiB","substation":"minor_distribution","voltage":"15000;400"}},
{"type":"Feature","geometry":{"type":"LineString","coordinates":[[18.5571209,54.4157879],[18.557195,54.4157759],[18.5571743,54.4157323],[18.5571001,54.4157442],[18.5571209,54.4157879]]},"properties":{"building":"industrial","building:levels":"1","power":"substation"}},
{"type":"Feature","geometry":{"type":"LineString","coordinates":[[18.6417416,54.3692869],[18.6417344,54.3692999],[18.6416915,54.369377],[18.6418261,54.3694024],[18.6418283,54.3693971],[18.6418772,54.3693136],[18.6417416,54.3692869]]},"properties":{"building":"yes","name":"B5","power":"substation","source:geometry":"geoportal.gov.pl:ortofoto"}},
{"type":"Feature","geometry":{"type":"LineString","coordinates":[[18.5758712,54.3994144],[18.5758544,54.3994098],[18.5758707,54.39939],[18.5758875,54.3993946],[18.5758712,54.3994144]]},"properties":{"building":"yes","power":"substation"}},
{"type":"Feature","geometry":{"type":"LineString","coordinates":[[18.6469277,54.3658928],[18.6469305,54.3658728],[18.6469218,54.3658723],[18.6469274,54.3658174],[18.6469367,54.3658174],[18.6469396,54.3657978],[18.6471637,54.3658073],[18.6471515,54.3659022],[18.6469277,54.3658928]]},"properties":{"building":"yes","name":"B7 (399B)","power":"substation","substation":"minor_distribution"}},
{"type":"Feature","geometry":{"type":"LineString","coordinates":[[18.6365375,54.3517822],[18.6363654,54.3516673],[18.6364399,54.3516291],[18.636612,54.3517444],[18.6365375,54.3517822]]},"properties":{"building":"service","building:levels":"1","power":"substation"}},
{"type":"Feature","geometry":{"type":"LineString","coordinates":[[18.6385474,54.3530297],[18.6385622,54.3529829],[18.6386403,54.3529912],[18.6386261,54.3530376],[18.6385474,54.3530297]]},"properties":{"building":"service","height":"2","power":"substation"}},
{"type":"Feature","geometry":{"type":"LineString","coordinates":[[18.6423905,54.3549533],[18.642358,54.3549121],[18.6424302,54.3548943],[18.6424619,54.3549352],[18.6423905,54.3549533]]},"properties":{"name":"3-go Maja","power":"substation","ref":"T-1938"}},
{"type":"Feature","geometry":{"type":"LineString","coordinates":[[18.6449924,54.3621124],[18.6449227,54.3620945],[18.6449617,54.3620431],[18.6450313,54.362061],[18.6449924,54.3621124]]},"properties":{"power":"substation"}},
{"type":"Feature","geometry":{"type":"LineString","coordinates":[[18.6253691,54.3777545],[18.6253818,54.3776931],[18.6254634,54.3776991],[18.6254507,54.37776],[18.6253691,54.3777545]]},"properties":{"building":"service","building:levels":"1","frequency":"50","location":"indoor","new_ref":"T311049","operator":"Energa","operator:wikidata":"Q9253957","power":"substation","ref":"T-1049","substation":"minor_distribution","voltage":"15000;400"}},
{"type":"Feature","geometry":{"type":"LineString","coordinates":[[18.6302692,54.3771041],[18.6302229,54.3770614],[18.6302953,54.377033],[18.6303432,54.3770761],[18.6302692,54.3771041]]},"properties":{"building":"service","frequency":"50","operator":"Energa","operator:wikidata":"Q9253957","power":"substation","substation":"minor_distribution","voltage":"15000;400"}},
{"type":"Feature","geometry":{"type":"LineString","coordinates":[[18.6277006,54.3758504],[18.6277335,54.3758037],[18.6278154,54.3758242],[18.6277817,54.3758701],[18.6277006,54.3758504]]},"properties":{"building":"service","building:levels":"1","frequency":"50","operator":"Energa","operator:wikidata":"Q9253957","power":"substation","roof:levels":"0","substation":"minor_distribution","voltage":"15000;400"}},
{"type":"Feature","geometry":{"type":"LineString","coordinates":[[18.5840578,54.3790505],[18.584039,54.3790958],[18.5839424,54.3790825],[18.5839612,54.3790372],[18.5840578,54.3790505]]},"properties":{"building":"service","power":"substation"}},
{"type":"Feature","geometry":{"type":"LineString","coordinates":[[18.6290516,54.3616684],[18.6290872,54.3616209],[18.6291348,54.3616331],[18.6291822,54.3616452],[18.629164,54.3616693],[18.6291465,54.3616926],[18.6290994,54.3616806],[18.6290516,54.3616684]]},"properties":{"building":"service","name":"Dębowa","power":"substation","ref":"T-1056"}},
{"type":"Feature","geometry":{"type":"LineString","coordinates":[[18.623572,54.385713],[18.623491,54.385717],[18.623484,54.385667],[18.623566,54.385664],[18.623572,54.385713]]},"properties":{"building":"service","frequency":"50","new_ref":"T311175","operator":"Energa","operator:wikidata":"Q9253957","power":"substation","ref":"T-1175","source:building":"EGiB","substation":"minor_distribution","voltage":"15000;400"}},
{"type":"Feature","geometry":{"type":"LineString","coordinates":[[18.631949,54.409472],[18.631932,54.409518],[18.631846,54.409507],[18.631863,54.40946],[18.631949,54.409472]]},"properties":{"building":"yes","power":"substation","ref":"T-1526","source:building":"EGiB"}},
{"type":"Feature","geometry":{"type":"LineString","coordinates":[[18.680968,54.3561444],[18.6810598,54.3561391],[18.6810491,54.3560768],[18.6809574,54.3560821],[18.680968,54.3561444]]},"properties":{"building":"industrial","name":"T-1063","power":"substation"}},
{"type":"Feature","geometry":{"type":"LineString","coordinates":[[18.621505,54.357067],[18.621504,54.357112],[18.621427,54.357111],[18.621428,54.357066],[18.621505,54.357067]]},"properties":{"building":"yes","power":"substation","ref":"T-1564","source:building":"EGiB"}},
{"type":"Feature","geometry":{"type":"LineString","coordinates":[[18.6272837,54.3581493],[18.627254,54.3581051],[18.6273306,54.3580876],[18.6273603,54.3581318],[18.6272837,54.3581493]]},"properties":{"building":"service","power":"substation"}},
{"type":"Feature","geometry":{"type":"LineString","coordinates":[[18.613673,54.350388],[18.613582,54.35039],[18.613578,54.350337],[18.61367,54.350335],[18.613673,54.350388]]},"properties":{"building":"yes","power":"substation","source:building":"EGiB"}},
{"type":"Feature","geometry":{"type":"LineString","coordinates":[[18.6087524,54.3551174],[18.6087468,54.3550705],[18.6088261,54.3550674],[18.6088317,54.3551142],[18.6087524,54.3551174]]},"properties":{"building":"industrial","building:levels":"1","power":"substation"}},
{"type":"Feature","geometry":{"type":"LineString","coordinates":[[18.6112913,54.3543641],[18.6113009,54.3543178],[18.6113813,54.3543225],[18.611371,54.3543693],[18.6112913,54.3543641]]},"properties":{"name":"T-1637","power":"substation"}},
{"type":"Feature","geometry":{"type":"LineString","coordinates":[[18.5536,54.3142866],[18.5542811,54.3144086],[18.5546653,54.3144775],[18.5548786,54.3140728],[18.5538132,54.3138818],[18.5536,54.3142866]]},"properties":{"barrier":"fence","name":"Stacja elektroenergetyczna 110/15kV Kowale","operator":"Energa","power":"substation","substation":"distribution","voltage":"110000;15000"}},
{"type":"Feature","geometry":{"type":"LineString","coordinates":[[18.5487053,54.2834549],[18.5497442,54.2834509],[18.5497339,54.2825408],[18.5486951,54.2825448],[18.5487053,54.2834549]]},"properties":{"barrier":"fence","name":"Stacja elektroenergetyczna 15kV Straszyn Górny","power":"substation","substation":"industrial","voltage":"15000"}},
{"type":"Feature","geometry":{"type":"LineString","coordinates":[[18.5490412,54.2827934],[18.5496491,54.2827841],[18.5496454,54.2827006],[18.5490375,54.2827099],[18.5490412,54.2827934]]},"properties":{"building":"yes","power":"substation"}},
{"type":"Feature","geometry":{"type":"LineString","coordinates":[[18.7571141,54.3398234],[18.7560943,54.3417875],[18.7542528,54.3418364],[18.7536462,54.3416921],[18.7535706,54.3416647],[18.7493599,54.3406403],[18.7470727,54.340031],[18.7479015,54.3393731],[18.7484208,54.3388488],[18.7485503,54.3387141],[18.7486782,54.3385573],[18.7491189,54.3380171],[18.7524215,54.3388926],[18.7569942,54.3397482],[18.7571141,54.3398234]]},"properties":{"barrier":"fence","man_made":"wastewater_plant","name":"Oczyszczalnia Ścieków Rafinerii Gdańskiej","operator":"Rafineria Gdańska Sp. z o.o."}},
{"type":"Feature","geometry":{"type":"LineString","coordinates":[[18.4754039,54.4297626],[18.4754007,54.4297166],[18.4754795,54.4297147],[18.4754828,54.4297608],[18.4754039,54.4297626]]},"properties":{"building":"yes","building:levels":"1","name":"Artemidy T-16528","power":"substation"}},
{"type":"Feature","geometry":{"type":"LineString","coordinates":[[18.5728544,54.4180603],[18.5729523,54.41805],[18.5729371,54.4179997],[18.5729309,54.4180003],[18.5728399,54.4180096],[18.5728468,54.4180336],[18.5728544,54.4180603]]},"properties":{"building":"service","building:levels":"1","name":"T-1116","power":"substation","roof:shape":"flat"}},
{"type":"Feature","geometry":{"type":"LineString","coordinates":[[18.5754342,54.4387148],[18.5755258,54.4386637],[18.5754666,54.4386249],[18.575371,54.438678],[18.5754342,54.4387148]]},"properties":{"addr:city":"Sopot","addr:country":"PL","addr:housenumber":"4A","addr:postcode":"81-772","addr:street":"Jana Kilińskiego","building":"industrial","name":"T-2857","power":"substation"}},
{"type":"Feature","geometry":{"type":"LineString","coordinates":[[18.463129,54.428449],[18.463064,54.428483],[18.463006,54.428445],[18.463072,54.428411],[18.463129,54.428449]]},"properties":{"building":"service","building:levels":"1","frequency":"50","operator":"Energa","operator:wikidata":"Q9253957","power":"substation","source:building":"EGiB","substation":"minor_distribution","voltage":"15000;400"}},
{"type":"Feature","geometry":{"type":"LineString","coordinates":[[18.5658185,54.343513],[18.5658773,54.3434783],[18.5658125,54.343441],[18.5657536,54.3434757],[18.5658185,54.343513]]},"properties":{"building":"service","frequency":"50","new_ref":"T311778","operator":"Energa","operator:wikidata":"Q9253957","power":"substation","ref":"T-1778","substation":"minor_distribution","voltage":"15000;400"}},
{"type":"Feature","geometry":{"type":"LineString","coordinates":[[18.5672203,54.3502155],[18.5672146,54.350226],[18.5671519,54.3502858],[18.56707,54.350315],[18.5669762,54.3503273],[18.5668807,54.3503214],[18.5667936,54.3502977],[18.5667242,54.350259],[18.56668,54.3502093],[18.5666656,54.3501539],[18.5666831,54.3500981],[18.5667309,54.3500487],[18.5668038,54.3500111],[18.5668937,54.3499895],[18.5669908,54.3499861],[18.5670857,54.3500083],[18.5671454,54.3500375],[18.5671916,54.3500792],[18.5672126,54.3501132],[18.5672218,54.3501291],[18.5672299,54.3501537],[18.5672312,54.3501742],[18.5672258,54.3502],[18.5672203,54.3502155]]},"properties":{"man_made":"water_works"}},
{"type":"Feature","geometry":{"type":"LineString","coordinates":[[18.5671778,54.3496359],[18.5671491,54.3496919],[18.5670906,54.3497394],[18.5670088,54.3497733],[18.5669125,54.3497898],[18.5668123,54.3497871],[18.566719,54.3497656],[18.5666428,54.3497275],[18.566592,54.3496771],[18.5665721,54.3496198],[18.5665851,54.3495621],[18.5666296,54.3495099],[18.5667007,54.349469],[18.5667907,54.3494436],[18.5668899,54.3494367],[18.5669876,54.3494489],[18.5670733,54.3494788],[18.5671377,54.3495234],[18.5671738,54.3495777],[18.5671778,54.3496359]]},"properties":{"man_made":"water_works"}},
{"type":"Feature","geometry":{"type":"LineString","coordinates":[[18.5682089,54.3501607],[18.5681809,54.3502122],[18.5681256,54.3502556],[18.568049,54.3502862],[18.5679596,54.3503006],[18.567867,54.3502972],[18.5677582,54.3502718],[18.5677119,54.3502406],[18.5676663,54.3501935],[18.5676495,54.3501403],[18.5676632,54.3500871],[18.5677057,54.3500393],[18.5677725,54.3500021],[18.5678563,54.3499796],[18.5679481,54.3499741],[18.5680381,54.3499862],[18.5681164,54.3500147],[18.5681747,54.3500564],[18.5682067,54.3501069],[18.5682089,54.3501607]]},"properties":{"man_made":"water_works"}},
{"type":"Feature","geometry":{"type":"LineString","coordinates":[[18.5681446,54.3496428],[18.5681162,54.3496956],[18.56806,54.3497403],[18.567982,54.3497718],[18.5678906,54.349787],[18.5677957,54.349784],[18.5677076,54.3497633],[18.5676358,54.3497271],[18.567588,54.3496792],[18.5675694,54.3496249],[18.5675821,54.3495699],[18.5676249,54.3495202],[18.567693,54.3494814],[18.567779,54.3494575],[18.5678737,54.3494513],[18.5679667,54.3494634],[18.568048,54.3494924],[18.5681086,54.3495353],[18.568142,54.3495873],[18.5681446,54.3496428]]},"properties":{"man_made":"water_works"}},
{"type":"Feature","geometry":{"type":"LineString","coordinates":[[18.5637957,54.3392769],[18.563881,54.3392521],[18.5638397,54.3392037],[18.5637544,54.3392285],[18.5637957,54.3392769]]},"properties":{"building":"yes","power":"substation"}},
{"type":"Feature","geometry":{"type":"LineString","coordinates":[[18.655421,54.359499],[18.655215,54.35954],[18.655073,54.359298],[18.655279,54.359257],[18.655421,54.359499]]},"properties":{"building":"yes","location":"indoor","name":"Stacja elektroenergetyczna 110/15 kV Młode Miasto","operator":"Energa","operator:wikidata":"Q9253957","operator:wikipedia":"pl:Energa","power":"substation","source:building":"EGiB","substation":"distribution","voltage":"110000;15000"}},
{"type":"Feature","geometry":{"type":"LineString","coordinates":[[18.5570274,54.4073858],[18.557033,54.4074481],[18.5571229,54.4074449],[18.5571183,54.4073833],[18.5570274,54.4073858]]},"properties":{"building":"service","building:levels":"1","power":"substation","source":"www.geoportal.gov.pl"}},
{"type":"Feature","geometry":{"type":"LineString","coordinates":[[18.5240501,54.3708178],[18.5240076,54.3708178],[18.5240065,54.3707952],[18.5240491,54.3707947],[18.5240501,54.3708178]]},"properties":{"name":"T-16695","power":"substation"}},
{"type":"Feature","geometry":{"type":"LineString","coordinates":[[18.457894,54.444081],[18.457859,54.444092],[18.457854,54.444088],[18.457835,54.444069],[18.457823,54.444056],[18.457858,54.444044],[18.457894,54.444081]]},"properties":{"building":"service","frequency":"50","new_ref":"T311254","operator":"Energa","operator:wikidata":"Q9253957","power":"substation","ref":"T-1254","source:building":"EGiB","substation":"minor_distribution","voltage":"15000;400"}},
{"type":"Feature","geometry":{"type":"LineString","coordinates":[[18.6426531,54.3433599],[18.6426295,54.3433151],[18.642706,54.343301],[18.6427313,54.3433453],[18.6426531,54.3433599]]},"properties":{"building":"service","building:levels":"1","power":"substation","roof:shape":"flat"}},
{"type":"Feature","geometry":{"type":"LineString","coordinates":[[18.5886466,54.358819],[18.5886183,54.3587742],[18.588704,54.3587559],[18.5887322,54.3588006],[18.5886466,54.358819]]},"properties":{"building":"service","building:levels":"1","power":"substation"}},
{"type":"Feature","geometry":{"type":"LineString","coordinates":[[18.4987796,54.3540112],[18.49876,54.3539851],[18.4987973,54.3539752],[18.498817,54.3540016],[18.4987796,54.3540112]]},"properties":{"building":"yes","power":"substation"}},
{"type":"Feature","geometry":{"type":"LineString","coordinates":[[18.4635134,54.370295],[18.4629247,54.3703621],[18.4623886,54.3702943],[18.4621883,54.3698659],[18.4624291,54.3696159],[18.4623221,54.3693413],[18.4633729,54.3692187],[18.4635017,54.3697095],[18.4633342,54.3697454],[18.4635134,54.370295]]},"properties":{"landuse":"industrial","man_made":"wastewater_plant"}},
{"type":"Feature","geometry":{"type":"LineString","coordinates":[[18.6427129,54.401854],[18.6426763,54.4018143],[18.6427465,54.4017925],[18.642783,54.4018319],[18.6427129,54.401854]]},"properties":{"power":"substation"}},
{"type":"Feature","geometry":{"type":"LineString","coordinates":[[18.5628284,54.3146009],[18.5628787,54.3146231],[18.5629163,54.314594],[18.562866,54.3145718],[18.5628284,54.3146009]]},"properties":{"building":"transformer_tower","power":"substation"}},
{"type":"Feature","geometry":{"type":"LineString","coordinates":[[18.57091,54.4113218],[18.570925,54.4112724],[18.5710283,54.411283],[18.5710133,54.4113325],[18.57091,54.4113218]]},"properties":{"building":"yes","frequency":"0","location":"indoor","name":"Kabina sekcyjna \"Gdańsk Oliwa\"","operator":"PGE Energetyka Kolejowa","operator:wikidata":"Q7119525","power":"substation","short_name":"KS Gdańsk Oliwa","substation":"traction","voltage":"3000"}},
{"type":"Feature","geometry":{"type":"LineString","coordinates":[[18.5795244,54.4207819],[18.5795101,54.4207315],[18.5795964,54.4207232],[18.5796106,54.4207736],[18.5795244,54.4207819]]},"properties":{"building":"service","name":"T-1390","power":"substation"}},
{"type":"Feature","geometry":{"type":"LineString","coordinates":[[18.4540883,54.4388076],[18.4541651,54.4388083],[18.4541658,54.4387827],[18.454089,54.4387821],[18.4540883,54.4388076]]},"properties":{"building":"yes","power":"substation"}},
{"type":"Feature","geometry":{"type":"LineString","coordinates":[[18.6127198,54.3289585],[18.6127196,54.3289356],[18.6126668,54.3289359],[18.6126671,54.3289587],[18.6127198,54.3289585]]},"properties":{"building":"service","building:levels":"1","location":"indoor","power":"substation","substation":"minor_distribution","voltage":"15000;400"}},
{"type":"Feature","geometry":{"type":"LineString","coordinates":[[18.510705,54.33846],[18.51067,54.338469],[18.5106601,54.3384573],[18.5106585,54.3384555],[18.5106573,54.338454],[18.510653,54.338449],[18.510688,54.33844],[18.5106907,54.3384432],[18.510705,54.33846]]},"properties":{"building":"yes","name":"T-1439","power":"substation","source:building":"EGiB"}},
{"type":"Feature","geometry":{"type":"LineString","coordinates":[[18.469784,54.41864],[18.469743,54.418642],[18.4697364,54.4185994],[18.469777,54.418598],[18.469784,54.41864]]},"properties":{"building":"industrial","name":"T-16675","power":"substation","source:building":"EGiB"}},
{"type":"Feature","geometry":{"type":"LineString","coordinates":[[18.5610384,54.4019761],[18.561067,54.4019262],[18.5611507,54.4019424],[18.5611221,54.4019924],[18.5610384,54.4019761]]},"properties":{"building":"yes","power":"substation"}},
{"type":"Feature","geometry":{"type":"LineString","coordinates":[[18.515698,54.35219],[18.515688,54.352235],[18.515611,54.35223],[18.51562,54.352184],[18.515698,54.35219]]},"properties":{"building":"service","frequency":"50","name":"Bojkiego","new_ref":"T311071","operator":"Energa","operator:wikidata":"Q9253957","power":"substation","ref":"T-1071","source:building":"EGiB","substation":"minor_distribution","voltage":"15000;400"}},
{"type":"Feature","geometry":{"type":"LineString","coordinates":[[18.4973944,54.3534407],[18.4974662,54.3534232],[18.4974508,54.3534018],[18.4973791,54.3534194],[18.4973944,54.3534407]]},"properties":{"building":"industrial","name":"Kokoszki Biedronka","power":"substation","ref":"T-16405"}},
{"type":"Feature","geometry":{"type":"LineString","coordinates":[[18.508205,54.353698],[18.508264,54.353682],[18.508293,54.353716],[18.508234,54.353733],[18.508205,54.353698]]},"properties":{"building":"service","building:levels":"1","frequency":"50","name":"Osiedle Jaśminowe II","new_ref":"T316600","operator":"Energa","operator:wikidata":"Q9253957","power":"substation","ref":"T-16600","source:building":"EGiB","substation":"minor_distribution","voltage":"15000;400"}},
{"type":"Feature","geometry":{"type":"LineString","coordinates":[[18.5107584,54.3524786],[18.5108211,54.3524626],[18.5107949,54.3524277],[18.5107322,54.3524437],[18.5107584,54.3524786]]},"properties":{"building":"service","frequency":"50","new_ref":"T316599","operator":"Energa","operator:wikidata":"Q9253957","power":"substation","ref":"T-16599","substation":"minor_distribution","voltage":"15000;400"}},
{"type":"Feature","geometry":{"type":"LineString","coordinates":[[18.5114792,54.3556903],[18.5115356,54.3556765],[18.511511,54.3556424],[18.5114546,54.3556562],[18.5114792,54.3556903]]},"properties":{"building":"service","frequency":"50","name":"Różany Stok","new_ref":"T316593","operator":"Energa","operator:wikidata":"Q9253957","power":"substation","ref":"T-16593","substation":"minor_distribution","voltage":"15000;400"}},
{"type":"Feature","geometry":{"type":"LineString","coordinates":[[18.5094388,54.3548497],[18.5094644,54.3548849],[18.5095239,54.3548702],[18.5094982,54.354835],[18.5094388,54.3548497]]},"properties":{"building":"service","frequency":"50","name":"Osiedle Jaśminowe III","new_ref":"T311205","operator":"Energa","operator:wikidata":"Q9253957","power":"substation","ref":"T-1205","substation":"minor_distribution","voltage":"15000;400"}},
{"type":"Feature","geometry":{"type":"LineString","coordinates":[[18.5069161,54.3517838],[18.5069604,54.3517742],[18.5069477,54.3517542],[18.5069034,54.3517638],[18.5069161,54.3517838]]},"properties":{"building":"service","frequency":"50","name":"Jaśminowy Stok","new_ref":"T316831","operator":"Energa","operator:wikidata":"Q9253957","power":"substation","ref":"T-16831","substation":"minor_distribution","voltage":"15000;400"}},
{"type":"Feature","geometry":{"type":"LineString","coordinates":[[18.5114781,54.3510177],[18.5115257,54.3510138],[18.5115208,54.3509933],[18.5114732,54.3509972],[18.5114781,54.3510177]]},"properties":{"building":"service","frequency":"50","name":"Kalinowa","new_ref":"T316705","operator":"Energa","operator:wikidata":"Q9253957","power":"substation","ref":"T-16705","substation":"minor_distribution","voltage":"15000;400"}},
{"type":"Feature","geometry":{"type":"LineString","coordinates":[[18.5167996,54.3536898],[18.5168587,54.3537185],[18.5169076,54.353684199999999],[18.5168485,54.3536556],[18.5167996,54.3536898]]},"properties":{"building":"service","frequency":"50","new_ref":"T311841","operator":"Energa","operator:wikidata":"Q9253957","power":"substation","ref":"T-1841","substation":"minor_distribution","voltage":"15000;400"}},
{"type":"Feature","geometry":{"type":"LineString","coordinates":[[18.4755727,54.4235686],[18.4756517,54.4235618],[18.4756392,54.4235131],[18.4755602,54.4235199],[18.4755727,54.4235686]]},"properties":{"building":"industrial","building:levels":"1","power":"substation","roof:shape":"gabled"}},
{"type":"Feature","geometry":{"type":"LineString","coordinates":[[18.483465,54.411225],[18.483465,54.411247],[18.483415,54.411246],[18.483416,54.411224],[18.483465,54.411225]]},"properties":{"building":"yes","power":"substation","source:building":"EGiB"}},
{"type":"Feature","geometry":{"type":"LineString","coordinates":[[18.4829803,54.3876725],[18.4829932,54.387648],[18.4830518,54.3876584],[18.4830389,54.387683],[18.4829803,54.3876725]]},"properties":{"location":"indoor","power":"substation","substation":"minor_distribution"}},
{"type":"Feature","geometry":{"type":"LineString","coordinates":[[18.5902727,54.3226423],[18.59029,54.3225858],[18.590204,54.3225769],[18.5901868,54.3226334],[18.5902727,54.3226423]]},"properties":{"name":"T-1640","power":"substation"}},
{"type":"Feature","geometry":{"type":"LineString","coordinates":[[18.594694,54.417153],[18.594654,54.41721],[18.594571,54.41719],[18.59461,54.417133],[18.594694,54.417153]]},"properties":{"building":"yes","power":"substation","source:building":"EGiB"}},
{"type":"Feature","geometry":{"type":"LineString","coordinates":[[18.5599905,54.4062476],[18.5600158,54.4062012],[18.5600972,54.4062163],[18.5600719,54.4062626],[18.5599905,54.4062476]]},"properties":{"addr:street":"Stefana Żeromskiego","building":"yes","building:levels":"1","power":"substation","roof:shape":"flat"}},
{"type":"Feature","geometry":{"type":"LineString","coordinates":[[18.5538997,54.3432406],[18.5541403,54.3431861],[18.5542454,54.3432883],[18.5544717,54.3435085],[18.5543969,54.343532],[18.5543438,54.3435488],[18.5541643,54.3436026],[18.5541537,54.3435905],[18.5540771,54.3434868],[18.5540141,54.3433997],[18.5539965,54.3433752],[18.5538997,54.3432406]]},"properties":{"barrier":"fence","description":"Przepompownia wody","landuse":"industrial","man_made":"water_works"}},
{"type":"Feature","geometry":{"type":"LineString","coordinates":[[18.5041095,54.3756222],[18.5040235,54.3756883],[18.5042484,54.3757887],[18.504334,54.3757223],[18.5041095,54.3756222]]},"properties":{"building":"office","building:levels":"1","power":"substation","source:building":"BDOT"}},
{"type":"Feature","geometry":{"type":"LineString","coordinates":[[18.591264,54.425925],[18.591326,54.425893],[18.591383,54.425928],[18.5913208,54.4259612],[18.591264,54.425925]]},"properties":{"building":"yes","power":"substation","source:building":"EGiB"}},
{"type":"Feature","geometry":{"type":"LineString","coordinates":[[18.4730934,54.4279002],[18.4730368,54.4278609],[18.4729706,54.4278932],[18.4730273,54.4279325],[18.4730934,54.4279002]]},"properties":{"building":"yes","power":"substation"}},
{"type":"Feature","geometry":{"type":"LineString","coordinates":[[18.6107079,54.3344988],[18.6107408,54.3344785],[18.6107138,54.3344636],[18.610681,54.3344839],[18.6107079,54.3344988]]},"properties":{"name":"T-16827","power":"substation"}},
{"type":"Feature","geometry":{"type":"LineString","coordinates":[[18.6084012,54.3358288],[18.6084913,54.3358278],[18.6084895,54.3357722],[18.6083994,54.3357732],[18.6084012,54.3358288]]},"properties":{"name":"T-1379","power":"substation"}},
{"type":"Feature","geometry":{"type":"LineString","coordinates":[[18.4760276,54.3891255],[18.4763122,54.3890841],[18.4764491,54.3890591],[18.4764813,54.3890536],[18.4765289,54.3890459],[18.4764992,54.3889695],[18.4764675,54.3888913],[18.4762419,54.3889274],[18.4762424,54.3889289],[18.47597,54.3889653],[18.4760244,54.3891174],[18.4760276,54.3891255]]},"properties":{"barrier":"fence","fence_type":"chain_link","landuse":"industrial","man_made":"water_works","name":"Ujęcie wody Klukowo"}},
{"type":"Feature","geometry":{"type":"LineString","coordinates":[[18.609442,54.366971],[18.609366,54.366981],[18.6093333,54.3668969],[18.609329,54.366886],[18.609405,54.366876],[18.609442,54.366971]]},"properties":{"building":"university","building:levels":"1","name":"Zakłady teoretyczne","power":"substation","ref":"T-1782","source:building":"BDOT","source:geometry":"EGiB","substation":"minor_distribution","voltage":"15000"}},
{"type":"Feature","geometry":{"type":"LineString","coordinates":[[18.5852609,54.345755],[18.5852867,54.3457376],[18.5852475,54.3457178],[18.5852217,54.3457352],[18.5852609,54.345755]]},"properties":{"name":"T-16747","power":"substation"}},
{"type":"Feature","geometry":{"type":"LineString","coordinates":[[18.5814759,54.3469439],[18.5814913,54.3469173],[18.5814538,54.3469099],[18.5814381,54.3469372],[18.5814759,54.3469439]]},"properties":{"power":"substation"}},
{"type":"Feature","geometry":{"type":"LineString","coordinates":[[18.5678518,54.3935022],[18.5678428,54.3935066],[18.5677851,54.3934831],[18.5678508,54.3934271],[18.5679094,54.3934504],[18.5678518,54.3935022]]},"properties":{"building":"yes","building:levels":"1","power":"substation"}},
{"type":"Feature","geometry":{"type":"LineString","coordinates":[[18.550618,54.3535879],[18.5506362,54.3535659],[18.55059,54.3535529],[18.5505719,54.3535749],[18.550618,54.3535879]]},"properties":{"building":"yes","power":"substation"}},
{"type":"Feature","geometry":{"type":"LineString","coordinates":[[18.5710391,54.4214681],[18.5709827,54.4214979],[18.5710049,54.4215122],[18.5710321,54.4215296],[18.5710885,54.4214998],[18.5710594,54.4214811],[18.5710391,54.4214681]]},"properties":{"building":"service","name":"T-1599","power":"substation"}},
{"type":"Feature","geometry":{"type":"LineString","coordinates":[[18.5716793,54.4228706],[18.5716579,54.4229109],[18.5717252,54.422923],[18.5717466,54.4228826],[18.5716793,54.4228706]]},"properties":{"name":"T-1352","power":"substation"}},
{"type":"Feature","geometry":{"type":"LineString","coordinates":[[18.585893,54.421628],[18.58584,54.421682],[18.585761,54.421654],[18.585815,54.421601],[18.585893,54.421628]]},"properties":{"building":"service","building:levels":"1","power":"substation","source:building":"BDOT","source:geometry":"EGiB"}},
{"type":"Feature","geometry":{"type":"LineString","coordinates":[[18.5846104,54.4234831],[18.584506,54.423493],[18.58449,54.423441],[18.584594,54.423431],[18.5846104,54.4234831]]},"properties":{"building":"service","building:levels":"1","power":"substation","source:building":"BDOT","source:geometry":"EGiB"}},
{"type":"Feature","geometry":{"type":"LineString","coordinates":[[18.7340974,54.302987],[18.7346353,54.3033114],[18.7352255,54.3029909],[18.7346827,54.3026641],[18.7345577,54.3027316],[18.7344734,54.3027771],[18.734367,54.3028349],[18.7340974,54.302987]]},"properties":{"barrier":"fence","name":"Stacja elektroenergetyczna 110/20kV \"FW Bystra\"'","power":"substation","voltage":"110000;20000"}},
{"type":"Feature","geometry":{"type":"LineString","coordinates":[[18.6190263,54.3575471],[18.6190234,54.3575923],[18.6191044,54.357594],[18.6191073,54.3575489],[18.6190263,54.3575471]]},"properties":{"building":"service","power":"substation","ref":"T-1638"}},
{"type":"Feature","geometry":{"type":"LineString","coordinates":[[18.6167886,54.3855752],[18.6167786,54.3855138],[18.6168684,54.385509],[18.6168777,54.3855706],[18.6167886,54.3855752]]},"properties":{"building":"service","frequency":"50","new_ref":"T311926","operator":"Energa","operator:wikidata":"Q9253957","power":"substation","ref":"T-1926","source:geometry":"gis.gdansk.pl","substation":"minor_distribution","voltage":"15000;400"}},
{"type":"Feature","geometry":{"type":"LineString","coordinates":[[18.6108848,54.3841728],[18.6108321,54.3842079],[18.6109022,54.3842436],[18.6109549,54.3842086],[18.6108848,54.3841728]]},"properties":{"power":"substation"}},
{"type":"Feature","geometry":{"type":"LineString","coordinates":[[18.5610738,54.3444033],[18.56115,54.3444221],[18.5611827,54.344377],[18.5611066,54.3443582],[18.5610738,54.3444033]]},"properties":{"building":"yes","power":"substation"}},
{"type":"Feature","geometry":{"type":"LineString","coordinates":[[18.612474,54.3722207],[18.6124428,54.3721575],[18.6125227,54.3721426],[18.6125574,54.3722036],[18.612474,54.3722207]]},"properties":{"building":"yes","operator":"PG","power":"substation","source:geometry":"gis.gdansk.pl"}},
{"type":"Feature","geometry":{"type":"LineString","coordinates":[[18.6125513,54.3643327],[18.6125649,54.3642886],[18.6126411,54.3642962],[18.6126273,54.3643404],[18.6125513,54.3643327]]},"properties":{"power":"substation","ref":"T-1067"}},
{"type":"Feature","geometry":{"type":"LineString","coordinates":[[18.473917,54.432898],[18.473859,54.432927],[18.47381,54.432893],[18.473868,54.432864],[18.473917,54.432898]]},"properties":{"building":"service","frequency":"50","operator":"Energa","operator:wikidata":"Q9253957","power":"substation","source":"gis.gdansk.pl","source:building":"EGiB","substation":"minor_distribution","voltage":"15000;400"}},
{"type":"Feature","geometry":{"type":"LineString","coordinates":[[18.5849517,54.3900774],[18.5851345,54.389947],[18.5849838,54.3898751],[18.5849451,54.3898566],[18.5847975,54.3897862],[18.5846147,54.3899164],[18.5849517,54.3900774]]},"properties":{"building":"industrial","building:levels":"2","frequency":"50","gas_insulated":"yes","location":"indoor","name":"Stacja elektroenergetyczna 110/15kV „G3173 Uniwersytet”","operator":"Energa","operator:wikidata":"Q9253957","power":"substation","ref":"UGD5","ref:Energa":"G3173","source":"www.geoportal.gov.pl","substation":"transmission","voltage":"110000;15000"}},
{"type":"Feature","geometry":{"type":"LineString","coordinates":[[18.5830281,54.399101],[18.5830792,54.3990478],[18.5831582,54.3990735],[18.5831071,54.3991267],[18.5830281,54.399101]]},"properties":{"building":"yes","building:levels":"1","power":"substation"}},
{"type":"Feature","geometry":{"type":"LineString","coordinates":[[18.5834782,54.3176256],[18.5835005,54.3176078],[18.583552,54.3176299],[18.5835297,54.3176477],[18.5834782,54.3176256]]},"properties":{"building":"industrial","power":"substation"}},
{"type":"Feature","geometry":{"type":"LineString","coordinates":[[18.5756714,54.323602],[18.575683,54.3235749],[18.5756442,54.3235692],[18.5756326,54.3235964],[18.5756714,54.323602]]},"properties":{"power":"substation"}},
{"type":"Feature","geometry":{"type":"LineString","coordinates":[[18.5991714,54.3316745],[18.5992015,54.3317108],[18.5992501,54.331697],[18.59922,54.3316607],[18.5991714,54.3316745]]},"properties":{"location":"indoor","power":"substation","substation":"minor_distribution"}},
{"type":"Feature","geometry":{"type":"LineString","coordinates":[[18.4620758,54.4250247],[18.4621216,54.4250672],[18.4621605,54.425053],[18.4621967,54.4250398],[18.4621509,54.4249972],[18.4620758,54.4250247]]},"properties":{"building":"service","frequency":"50","new_ref":"T311655","operator":"Energa","operator:wikidata":"Q9253957","power":"substation","ref":"T-1655","substation":"minor_distribution","voltage":"15000;400"}},
{"type":"Feature","geometry":{"type":"LineString","coordinates":[[18.6253384,54.348341],[18.6253643,54.3482973],[18.6252893,54.3482822],[18.6252634,54.348326],[18.6253384,54.348341]]},"properties":{"power":"substation"}},
{"type":"Feature","geometry":{"type":"LineString","coordinates":[[18.6502207,54.3843707],[18.650221,54.3843575],[18.6502047,54.3843574],[18.6502044,54.3843705],[18.6502207,54.3843707]]},"properties":{"name":"T-16730","power":"substation"}},
{"type":"Feature","geometry":{"type":"LineString","coordinates":[[18.6503833,54.3870994],[18.6503831,54.3870767],[18.6503154,54.3870769],[18.6503156,54.3870996],[18.6503833,54.3870994]]},"properties":{"name":"T-17010","power":"substation"}},
{"type":"Feature","geometry":{"type":"LineString","coordinates":[[18.6068316,54.3526029],[18.6069157,54.3525985],[18.6069078,54.3525467],[18.6068237,54.3525511],[18.6068316,54.3526029]]},"properties":{"name":"T-1387","power":"substation"}},
{"type":"Feature","geometry":{"type":"LineString","coordinates":[[18.6062819,54.3516093],[18.6062946,54.3515634],[18.6063751,54.3515709],[18.6063623,54.3516169],[18.6062819,54.3516093]]},"properties":{"name":"T-1598","power":"substation"}},
{"type":"Feature","geometry":{"type":"LineString","coordinates":[[18.6052256,54.3530044],[18.6052249,54.3529702],[18.6051797,54.3529705],[18.6051805,54.3530048],[18.6052256,54.3530044]]},"properties":{"name":"T-16934","power":"substation"}},
{"type":"Feature","geometry":{"type":"LineString","coordinates":[[18.6091308,54.3523654],[18.6090826,54.3523198],[18.609153,54.3522946],[18.6092012,54.3523401],[18.6091308,54.3523654]]},"properties":{"power":"substation"}},
{"type":"Feature","geometry":{"type":"LineString","coordinates":[[18.6093516,54.3532419],[18.6093147,54.3532182],[18.6092821,54.3532355],[18.609319,54.3532592],[18.6093516,54.3532419]]},"properties":{"name":"T-16771","power":"substation"}},
{"type":"Feature","geometry":{"type":"LineString","coordinates":[[18.5926152,54.3916987],[18.5926829,54.3916661],[18.5926283,54.3916276],[18.5925606,54.3916602],[18.5926152,54.3916987]]},"properties":{"building":"service","building:levels":"1","frequency":"50","new_ref":"T311240","operator":"Energa","operator:wikidata":"Q9253957","power":"substation","rating":"400 kVA","ref":"T-1240","substation":"minor_distribution","voltage":"15000;400"}},
{"type":"Feature","geometry":{"type":"LineString","coordinates":[[18.5943132,54.3918626],[18.5943345,54.3918126],[18.5944136,54.391824],[18.5943923,54.391874],[18.5943132,54.3918626]]},"properties":{"building":"service","building:levels":"1","frequency":"50","new_ref":"T311281","operator":"Energa","operator:wikidata":"Q9253957","power":"substation","rating":"400 kVA","ref":"T-1281","substation":"minor_distribution","voltage":"15000;400"}},
{"type":"Feature","geometry":{"type":"LineString","coordinates":[[18.5962244,54.3908295],[18.5962851,54.3908629],[18.5962248,54.3909],[18.5961641,54.3908666],[18.5962244,54.3908295]]},"properties":{"building":"service","frequency":"50","new_ref":"T311394","operator":"Energa","operator:wikidata":"Q9253957","power":"substation","ref":"T-1394","substation":"minor_distribution","voltage":"15000;400"}},
{"type":"Feature","geometry":{"type":"LineString","coordinates":[[18.5988583,54.3933428],[18.5987941,54.3933085],[18.5987363,54.3933452],[18.5988005,54.3933795],[18.5988583,54.3933428]]},"properties":{"building":"service","frequency":"50","name":"Startowa 5","new_ref":"T311568","operator":"Energa","operator:wikidata":"Q9253957","power":"substation","rating":"250 kVA","ref":"T-1568","substation":"minor_distribution","voltage":"15000;400"}},
{"type":"Feature","geometry":{"type":"LineString","coordinates":[[18.5985574,54.3948111],[18.5985479,54.3947624],[18.5984611,54.3947681],[18.5984706,54.3948168],[18.5985574,54.3948111]]},"properties":{"building":"service","building:levels":"1","frequency":"50","name":"Startowa 11","new_ref":"T311518","operator":"Energa","operator:wikidata":"Q9253957","power":"substation","rating":"400 kVA","ref":"T-1518","substation":"minor_distribution","voltage":"15000;400"}},
{"type":"Feature","geometry":{"type":"LineString","coordinates":[[18.586185,54.4114288],[18.5861842,54.411377],[18.5862531,54.4113765],[18.5862891,54.4113765],[18.5862903,54.4114285],[18.586185,54.4114288]]},"properties":{"building":"industrial","building:levels":"1","power":"substation"}},
{"type":"Feature","geometry":{"type":"LineString","coordinates":[[18.5907788,54.412305],[18.5907957,54.4122453],[18.5907085,54.4122369],[18.5906916,54.4122966],[18.5907788,54.412305]]},"properties":{"building":"service","name":"Węgorz","power":"substation","ref":"T-1263","substation":"minor_distribution"}},
{"type":"Feature","geometry":{"type":"LineString","coordinates":[[18.5936769,54.4128125],[18.5936933,54.4127521],[18.5936049,54.412744000000007],[18.5935884,54.4128043],[18.5936769,54.4128125]]},"properties":{"building":"service","name":"Karmazyn","power":"substation","ref":"T-1244","substation":"minor_distribution"}},
{"type":"Feature","geometry":{"type":"LineString","coordinates":[[18.5912544,54.4131008],[18.591284,54.4130424],[18.5912361,54.4130342],[18.591197,54.4130275],[18.5911674,54.4130859],[18.5912544,54.4131008]]},"properties":{"building":"service","name":"Kaszalot","power":"substation","ref":"T-1141","substation":"minor_distribution"}},
{"type":"Feature","geometry":{"type":"LineString","coordinates":[[18.5679808,54.3979283],[18.5679575,54.397978],[18.5679507,54.3979769],[18.5678559,54.3979618],[18.5678792,54.3979122],[18.5679808,54.3979283]]},"properties":{"building":"industrial","name":"T-1036","power":"substation","substation":"distribution"}},
{"type":"Feature","geometry":{"type":"LineString","coordinates":[[18.5815999,54.3644272],[18.5816465,54.364423],[18.5816379,54.3643906],[18.5815914,54.3643948],[18.5815999,54.3644272]]},"properties":{"power":"substation"}},
{"type":"Feature","geometry":{"type":"LineString","coordinates":[[18.5331874,54.412597],[18.5332282,54.4125926],[18.5332209,54.4125698],[18.5331801,54.4125742],[18.5331874,54.412597]]},"properties":{"building":"service","power":"substation","ref":"T-1930","substation":"minor_distribution","voltage":"15000;400"}},
{"type":"Feature","geometry":{"type":"LineString","coordinates":[[18.4603297,54.363072],[18.4603898,54.3630712],[18.4603888,54.3630443],[18.4603287,54.363045],[18.4603297,54.363072]]},"properties":{"power":"substation"}},
{"type":"Feature","geometry":{"type":"LineString","coordinates":[[18.60706,54.3545531],[18.6071381,54.3545587],[18.6071476,54.3545133],[18.6070695,54.3545077],[18.60706,54.3545531]]},"properties":{"building":"industrial","name":"T-1735","power":"substation"}},
{"type":"Feature","geometry":{"type":"LineString","coordinates":[[18.6039189,54.3540759],[18.6040048,54.3540748],[18.6040028,54.3540261],[18.603917,54.3540272],[18.6039189,54.3540759]]},"properties":{"name":"T-1367","power":"substation"}},
{"type":"Feature","geometry":{"type":"LineString","coordinates":[[18.6149841,54.3552385],[18.6150757,54.3552396],[18.6150773,54.3551913],[18.6149858,54.3551903],[18.6149841,54.3552385]]},"properties":{"power":"substation","ref":"T-1600"}},
{"type":"Feature","geometry":{"type":"LineString","coordinates":[[18.599667,54.35322],[18.5997365,54.3531943],[18.5996872,54.353149],[18.5996177,54.3531747],[18.599667,54.35322]]},"properties":{"building":"industrial","name":"T-1088","power":"substation"}},
{"type":"Feature","geometry":{"type":"LineString","coordinates":[[18.626497,54.383785],[18.626421,54.383806],[18.626384,54.38376],[18.626459,54.383739],[18.626497,54.383785]]},"properties":{"building":"service","frequency":"50","operator":"Energa","operator:wikidata":"Q9253957","power":"substation","source:building":"EGiB","substation":"minor_distribution","voltage":"15000;400"}},
{"type":"Feature","geometry":{"type":"LineString","coordinates":[[18.6235379,54.3829367],[18.6235342,54.3828676],[18.6236808,54.3828649],[18.6236845,54.382934],[18.6235379,54.3829367]]},"properties":{"building":"service","frequency":"50","operator":"Energa","operator:wikidata":"Q9253957","power":"substation","substation":"minor_distribution","voltage":"15000;400"}},
{"type":"Feature","geometry":{"type":"LineString","coordinates":[[18.5913535,54.4005479],[18.5913926,54.4005012],[18.591315,54.4004792],[18.591276,54.4005259],[18.5913535,54.4005479]]},"properties":{"power":"substation"}},
{"type":"Feature","geometry":{"type":"LineString","coordinates":[[18.563773,54.428486],[18.563771,54.428499],[18.563666,54.428494],[18.56367,54.428461],[18.563671,54.428458],[18.563671,54.428454],[18.563673,54.428441],[18.563724,54.428444],[18.563727,54.428444],[18.563734,54.428444],[18.563736,54.428445],[18.5637787,54.4284469],[18.563774,54.428479],[18.563773,54.428486]]},"properties":{"addr:city":"Sopot","addr:country":"PL","addr:housenumber":"9A","addr:postcode":"81-855","addr:street":"Rzemieślnicza","building":"service","building:levels":"1","power":"substation","roof:shape":"flat","source:building":"BDOT","source:geometry":"EGiB"}},
{"type":"Feature","geometry":{"type":"LineString","coordinates":[[18.6430507,54.3997915],[18.643001,54.3997869],[18.642981,54.3997694],[18.6429594,54.3997504],[18.64312,54.399662],[18.6432898,54.3996474],[18.6432787,54.399608],[18.6432829,54.3995977],[18.6435384,54.3994624],[18.6436214,54.3996211],[18.6436614,54.399698],[18.6436691,54.3997127],[18.6436769,54.3997277],[18.6437661,54.3998988],[18.6434586,54.3999154],[18.6431521,54.399932],[18.643059,54.399838],[18.6430557,54.3998194],[18.6430528,54.3998031],[18.6430507,54.3997915]]},"properties":{"barrier":"fence","landuse":"industrial","man_made":"water_works","name":"Przepompownia","operator":"Gdańskie Wodociągi"}},
{"type":"Feature","geometry":{"type":"LineString","coordinates":[[18.580831,54.406622],[18.58091,54.406621],[18.580913,54.406667],[18.580834,54.406668],[18.580831,54.406622]]},"properties":{"building":"yes","power":"substation","source:building":"EGiB"}},
{"type":"Feature","geometry":{"type":"LineString","coordinates":[[18.5880116,54.4071049],[18.5879388,54.4070742],[18.5880004,54.407024],[18.5880736,54.4070544],[18.5880116,54.4071049]]},"properties":{"building":"industrial","building:levels":"1","power":"substation"}},
{"type":"Feature","geometry":{"type":"LineString","coordinates":[[18.582515,54.4099937],[18.5825325,54.409949],[18.582609,54.4099592],[18.5825916,54.4100039],[18.582515,54.4099937]]},"properties":{"building":"industrial","building:levels":"1","power":"substation"}},
{"type":"Feature","geometry":{"type":"LineString","coordinates":[[18.5834148,54.4089042],[18.583395,54.4088532],[18.5834977,54.4088394],[18.5835175,54.40889],[18.5834148,54.4089042]]},"properties":{"building":"yes","building:levels":"1","power":"substation"}},
{"type":"Feature","geometry":{"type":"LineString","coordinates":[[18.6580461,54.4014664],[18.6579851,54.4014179],[18.6580503,54.4013898],[18.6581119,54.4014373],[18.6580461,54.4014664]]},"properties":{"power":"substation"}},
{"type":"Feature","geometry":{"type":"LineString","coordinates":[[18.6599936,54.4003118],[18.6599485,54.4002648],[18.6600201,54.400241],[18.6600652,54.4002882],[18.6599936,54.4003118]]},"properties":{"power":"substation"}},
{"type":"Feature","geometry":{"type":"LineString","coordinates":[[18.5760803,54.4213481],[18.5759998,54.4213484],[18.5759998,54.4213036],[18.5760807,54.4213036],[18.5760803,54.4213481]]},"properties":{"name":"T-1479","power":"substation"}},
{"type":"Feature","geometry":{"type":"LineString","coordinates":[[18.626289,54.380209],[18.626215,54.380214],[18.626206,54.38017],[18.626279,54.380165],[18.626289,54.380209]]},"properties":{"building":"service","frequency":"50","height":"3","location":"indoor","new_ref":"T311112","operator":"Energa","operator:wikidata":"Q9253957","power":"substation","ref":"T-1112","source:building":"EGiB","substation":"minor_distribution","voltage":"15000;400"}},
{"type":"Feature","geometry":{"type":"LineString","coordinates":[[18.5781718,54.3192361],[18.5781439,54.3192083],[18.5781784,54.3191964],[18.5782064,54.3192242],[18.5781718,54.3192361]]},"properties":{"building":"industrial","power":"substation"}},
{"type":"Feature","geometry":{"type":"LineString","coordinates":[[18.6174264,54.3894458],[18.6174199,54.3893944],[18.6175276,54.3893897],[18.6175341,54.3894412],[18.6174264,54.3894458]]},"properties":{"building":"service","frequency":"50","new_ref":"T311974","operator":"Energa","operator:wikidata":"Q9253957","power":"substation","ref":"T-1974","substation":"minor_distribution","voltage":"15000;400"}},
{"type":"Feature","geometry":{"type":"LineString","coordinates":[[18.6214702,54.3898279],[18.6213782,54.3898276],[18.6213782,54.389825],[18.6213812,54.3897776],[18.6214688,54.3897779],[18.6214702,54.3898279]]},"properties":{"building":"service","frequency":"50","operator":"Energa","operator:wikidata":"Q9253957","power":"substation","substation":"minor_distribution","voltage":"15000;400"}},
{"type":"Feature","geometry":{"type":"LineString","coordinates":[[18.6625074,54.3538028],[18.6625304,54.353756],[18.6626153,54.3537703],[18.662593,54.3538181],[18.6625074,54.3538028]]},"properties":{"name":"Kępa","power":"substation","ref":"T-1102"}},
{"type":"Feature","geometry":{"type":"LineString","coordinates":[[18.6216764,54.3556496],[18.6216813,54.3556269],[18.621718,54.3556296],[18.6217131,54.3556523],[18.6216764,54.3556496]]},"properties":{"building":"yes","power":"substation"}},
{"type":"Feature","geometry":{"type":"LineString","coordinates":[[18.595207,54.355447],[18.595136,54.355466],[18.595106,54.355429],[18.595178,54.35541],[18.595207,54.355447]]},"properties":{"building":"yes","power":"substation","source:building":"EGiB"}},
{"type":"Feature","geometry":{"type":"LineString","coordinates":[[18.5782609,54.402265],[18.578286,54.4022157],[18.5783856,54.4022328],[18.5783605,54.4022822],[18.5782609,54.402265]]},"properties":{"building":"yes","power":"substation"}},
{"type":"Feature","geometry":{"type":"LineString","coordinates":[[18.467782,54.434368],[18.467714,54.434402],[18.467656,54.434362],[18.467725,54.434328],[18.467782,54.434368]]},"properties":{"building":"service","building:levels":"1","frequency":"50","new_ref":"T311450","operator":"Energa","operator:wikidata":"Q9253957","power":"substation","ref":"T-1450","source:building":"EGiB","substation":"minor_distribution","voltage":"15000;400"}},
{"type":"Feature","geometry":{"type":"LineString","coordinates":[[18.6179367,54.4089792],[18.6175579,54.409117],[18.6174488,54.409157],[18.6173999,54.4091837],[18.6169948,54.4089206],[18.6163377,54.4084972],[18.6160144,54.4082932],[18.6164677,54.4081806],[18.6165443,54.4081638],[18.6175395,54.4088081],[18.6177288,54.4088292],[18.6179367,54.4089792]]},"properties":{"barrier":"fence","landuse":"industrial","man_made":"water_works"}},
{"type":"Feature","geometry":{"type":"LineString","coordinates":[[18.609705,54.404775],[18.60966,54.404819],[18.609587,54.404793],[18.609636,54.404749],[18.609705,54.404775]]},"properties":{"building":"service","name":"T-1964","power":"substation","source:building":"EGiB"}},
{"type":"Feature","geometry":{"type":"LineString","coordinates":[[18.6120634,54.4045794],[18.6121365,54.4045508],[18.6120907,54.4045112],[18.6120176,54.4045398],[18.6120634,54.4045794]]},"properties":{"building":"service","building:levels":"1","name":"T-16507","power":"substation","substation":"minor_distribution"}},
{"type":"Feature","geometry":{"type":"LineString","coordinates":[[18.5556125,54.3511877],[18.5555714,54.3511986],[18.5554811,54.3510825],[18.5555083,54.3510753],[18.5555222,54.3510716],[18.5556125,54.3511877]]},"properties":{"power":"substation"}},
{"type":"Feature","geometry":{"type":"LineString","coordinates":[[18.4193444,54.4425966],[18.4193798,54.4425799],[18.4193551,54.442562],[18.4193196,54.4425787],[18.4193444,54.4425966]]},"properties":{"building":"service","name":"T-95491","power":"substation"}},
{"type":"Feature","geometry":{"type":"LineString","coordinates":[[18.6242184,54.3357928],[18.6242177,54.3357456],[18.6241337,54.335746],[18.6241343,54.3357932],[18.6242184,54.3357928]]},"properties":{"name":"T-1584","power":"substation"}},
{"type":"Feature","geometry":{"type":"LineString","coordinates":[[18.6236537,54.3344256],[18.6236513,54.3343841],[18.6235588,54.3343859],[18.6235612,54.3344274],[18.6236537,54.3344256]]},"properties":{"name":"T-16572","power":"substation"}},
{"type":"Feature","geometry":{"type":"LineString","coordinates":[[18.6261771,54.3371901],[18.6260998,54.3371781],[18.6260765,54.3372292],[18.6261538,54.3372412],[18.6261771,54.3371901]]},"properties":{"power":"substation"}},
{"type":"Feature","geometry":{"type":"LineString","coordinates":[[18.6220874,54.3407667],[18.6221639,54.3407644],[18.6221598,54.3407191],[18.6220833,54.3407214],[18.6220874,54.3407667]]},"properties":{"power":"substation"}},
{"type":"Feature","geometry":{"type":"LineString","coordinates":[[18.626884,54.3408944],[18.6269779,54.3408974],[18.626986,54.3408113],[18.6268921,54.3408083],[18.626884,54.3408944]]},"properties":{"building":"yes","name":"T-1554","power":"substation"}},
{"type":"Feature","geometry":{"type":"LineString","coordinates":[[18.6288695,54.3401058],[18.6288673,54.3400532],[18.6287762,54.3400545],[18.6287784,54.3401071],[18.6288695,54.3401058]]},"properties":{"power":"substation"}},
{"type":"Feature","geometry":{"type":"LineString","coordinates":[[18.6124038,54.3931795],[18.6123741,54.393158],[18.6123399,54.393174],[18.6123696,54.3931955],[18.6124038,54.3931795]]},"properties":{"building":"service","frequency":"50","new_ref":"T316821","operator":"Energa","operator:wikidata":"Q9253957","power":"substation","ref":"T-16821","substation":"minor_distribution","voltage":"15000;400"}},
{"type":"Feature","geometry":{"type":"LineString","coordinates":[[18.6093056,54.3928807],[18.6092886,54.3928414],[18.6092201,54.3928515],[18.6092371,54.3928907],[18.6093056,54.3928807]]},"properties":{"building":"service","frequency":"50","new_ref":"T311516","operator":"Energa","operator:wikidata":"Q9253957","power":"substation","ref":"T-1516","substation":"minor_distribution","voltage":"15000;400"}},
{"type":"Feature","geometry":{"type":"LineString","coordinates":[[18.570824000000003,54.369473],[18.57082,54.369519],[18.57074,54.369517],[18.570743,54.369471],[18.570824000000003,54.369473]]},"properties":{"building":"yes","power":"substation","source:building":"EGiB"}},
{"type":"Feature","geometry":{"type":"LineString","coordinates":[[18.5614979,54.4499167],[18.5615302,54.4498504],[18.5614565,54.4498382],[18.5614242,54.4499045],[18.5614979,54.4499167]]},"properties":{"addr:city":"Sopot","addr:country":"PL","addr:housenumber":"57A","addr:postcode":"81-715","addr:street":"Jana Jerzego Haffnera","building":"industrial","name":"T-2883","power":"substation"}},
{"type":"Feature","geometry":{"type":"LineString","coordinates":[[18.5579,54.330338],[18.5578999,54.330311],[18.5578499,54.3303111],[18.5578501,54.3303381],[18.5579,54.330338]]},"properties":{"power":"substation"}},
{"type":"Feature","geometry":{"type":"LineString","coordinates":[[18.5642001,54.3319657],[18.564214,54.3319693],[18.564223899999999,54.3319564],[18.56421,54.3319528],[18.5642001,54.3319657]]},"properties":{"name":"T-16969","power":"substation"}},
{"type":"Feature","geometry":{"type":"LineString","coordinates":[[18.56308,54.3305865],[18.5630635,54.3305638],[18.5631369,54.3305456],[18.5631534,54.3305683],[18.56308,54.3305865]]},"properties":{"building":"industrial","power":"substation"}},
{"type":"Feature","geometry":{"type":"LineString","coordinates":[[18.5680082,54.3307068],[18.5680175,54.3306814],[18.56797,54.3306755],[18.5679608,54.3307009],[18.5680082,54.3307068]]},"properties":{"power":"substation"}},
{"type":"Feature","geometry":{"type":"LineString","coordinates":[[18.5668018,54.3774053],[18.5668008,54.3773606],[18.5667222,54.3773612],[18.5667232,54.3774059],[18.5668018,54.3774053]]},"properties":{"power":"substation"}},
{"type":"Feature","geometry":{"type":"LineString","coordinates":[[18.6246527,54.3252936],[18.6246516,54.3252458],[18.6245618,54.3252465],[18.6245629,54.3252943],[18.6246527,54.3252936]]},"properties":{"name":"T-1162","power":"substation"}},
{"type":"Feature","geometry":{"type":"LineString","coordinates":[[18.6854026,54.3457211],[18.6854207,54.3456819],[18.6853845,54.3456763],[18.6853665,54.3457154],[18.6854026,54.3457211]]},"properties":{"building":"service","building:levels":"1","power":"substation"}},
{"type":"Feature","geometry":{"type":"LineString","coordinates":[[18.5616452,54.3404628],[18.5615754,54.3404203],[18.5616443,54.3403818],[18.561714,54.3404243],[18.5616452,54.3404628]]},"properties":{"building":"service","frequency":"50","new_ref":"T316522","operator":"Energa","operator:wikidata":"Q9253957","power":"substation","ref":"T-16522","substation":"minor_distribution","voltage":"15000;400"}},
{"type":"Feature","geometry":{"type":"LineString","coordinates":[[18.596833,54.416223],[18.596778,54.416263],[18.596695,54.416225],[18.596752,54.416184],[18.596833,54.416223]]},"properties":{"building":"yes","power":"substation","source:building":"EGiB"}},
{"type":"Feature","geometry":{"type":"LineString","coordinates":[[18.6162685,54.3424884],[18.6165385,54.3424855],[18.6165337,54.3423741],[18.6162637,54.3423784],[18.6162685,54.3424884]]},"properties":{"building":"service","building:levels":"1","power":"substation","source:building":"BDOT","source:geometry":"EGiB","substation":"substation"}},
{"type":"Feature","geometry":{"type":"LineString","coordinates":[[18.4634348,54.4201812],[18.4634972,54.4201722],[18.4634816,54.4201353],[18.4634193,54.4201442],[18.4634348,54.4201812]]},"properties":{"building":"service","frequency":"50","name":"T-1456","new_ref":"T311456","operator":"Energa","operator:wikidata":"Q9253957","power":"substation","substation":"minor_distribution","voltage":"15000;400"}},
{"type":"Feature","geometry":{"type":"LineString","coordinates":[[18.6388054,54.3494118],[18.6388569,54.3493345],[18.6388632,54.3493359],[18.6388978,54.349284],[18.6389015,54.3492783],[18.6389173,54.3492547],[18.6389107,54.3492532],[18.6389619,54.3491763],[18.6390937,54.3492061],[18.6390911,54.34921],[18.63925,54.349246],[18.6390982,54.349474],[18.6389401,54.3494382],[18.6389378,54.3494417],[18.6388054,54.3494118]]},"properties":{"building":"service","frequency":"50","gas_insulated":"yes","location":"indoor","name":"Stacja elektroenergetyczna 110/15 kV Śródmieście","operator":"Energa","operator:wikidata":"Q9253957","operator:wikipedia":"pl:Energa","power":"substation","substation":"distribution","voltage":"110000;15000","voltage:primary":"110000","voltage:secondary":"15000"}},
{"type":"Feature","geometry":{"type":"LineString","coordinates":[[18.6422924,54.4036646],[18.6423718,54.4036654],[18.6423733,54.403618],[18.6422938,54.4036172],[18.6422924,54.4036646]]},"properties":{"building":"industrial","name":"318","power":"substation"}},
{"type":"Feature","geometry":{"type":"LineString","coordinates":[[18.6480901,54.4034393],[18.6481614,54.4034091],[18.6481105,54.4033684],[18.6480393,54.4033985],[18.6480901,54.4034393]]},"properties":{"building":"yes","power":"substation"}},
{"type":"Feature","geometry":{"type":"LineString","coordinates":[[18.6437468,54.4048502],[18.6438255,54.4048501],[18.6438253,54.404802],[18.6437466,54.4048021],[18.6437468,54.4048502]]},"properties":{"building":"industrial","power":"substation"}},
{"type":"Feature","geometry":{"type":"LineString","coordinates":[[18.641092,54.40569],[18.641019,54.405707],[18.640989,54.405664],[18.641063,54.405647],[18.641092,54.40569]]},"properties":{"building":"industrial","power":"substation","source:building":"EGiB"}},
{"type":"Feature","geometry":{"type":"LineString","coordinates":[[18.638728,54.4043777],[18.6388073,54.4043792],[18.6388101,54.4043336],[18.6387315,54.404332],[18.638728,54.4043777]]},"properties":{"building":"industrial","power":"substation"}},
{"type":"Feature","geometry":{"type":"LineString","coordinates":[[18.5588786,54.4187679],[18.5588537,54.4187201],[18.558936,54.4187061],[18.558961,54.4187539],[18.5588786,54.4187679]]},"properties":{"name":"T-1470","power":"substation"}},
{"type":"Feature","geometry":{"type":"LineString","coordinates":[[18.5985132,54.3844749],[18.5981939,54.3842532],[18.5981448,54.3842522],[18.5977366,54.3844804],[18.5975282,54.3846068],[18.5975965,54.3846485],[18.5978306,54.3847884],[18.5978534,54.3848021],[18.5979292,54.3848487],[18.5984456,54.3845505],[18.598541,54.3844954],[18.5985132,54.3844749]]},"properties":{"barrier":"fence","frequency":"50;0","frequency_conversion":"ac_dc","landuse":"railway","name":"Podstacja trakcyjna \"Gdańsk Wrzeszcz\"","operator":"PGE Energetyka Kolejowa","operator:wikidata":"Q7119525","operator:wikipedia":"pl:PKP Energetyka","power":"substation","short_name":"PT Gdańsk Wrzeszcz","substation":"traction","voltage":"15000;3000"}},
{"type":"Feature","geometry":{"type":"LineString","coordinates":[[18.5787388,54.375284],[18.5787926,54.3753175],[18.57885,54.3752863],[18.5787963,54.3752527],[18.5787388,54.375284]]},"properties":{"building":"service","building:levels":"1","power":"substation"}},
{"type":"Feature","geometry":{"type":"LineString","coordinates":[[18.5871552,54.3798309],[18.5872266,54.3798432],[18.5872482,54.3798008],[18.5871768,54.3797884],[18.5871552,54.3798309]]},"properties":{"building":"service","building:levels":"1","power":"substation"}},
{"type":"Feature","geometry":{"type":"LineString","coordinates":[[18.508043,54.3483443],[18.5079762,54.3483443],[18.5079747,54.3483058],[18.5080412,54.3483052],[18.508043,54.3483443]]},"properties":{"power":"substation"}},
{"type":"Feature","geometry":{"type":"LineString","coordinates":[[18.502276,54.346533],[18.5022112,54.3465363],[18.5022036,54.3464981],[18.5022693,54.3464938],[18.502276,54.346533]]},"properties":{"building":"service","location":"indoor","name":"Wiosenna","operator":"Energa","power":"substation","ref":"T-16634","source:building":"EGiB","substation":"minor_distribution","voltage":"15000;400"}},
{"type":"Feature","geometry":{"type":"LineString","coordinates":[[18.6309658,54.320791],[18.6309623,54.3207426],[18.631065,54.3207395],[18.6310686,54.3207879],[18.6309658,54.320791]]},"properties":{"building":"service","power":"substation"}},
{"type":"Feature","geometry":{"type":"LineString","coordinates":[[18.6304829,54.3097206],[18.6303329,54.3097199],[18.6303333,54.309691],[18.6303178,54.309691],[18.6303184,54.3096519],[18.630432,54.3096525],[18.6304317,54.309677],[18.6304835,54.3096772],[18.6304829,54.3097206]]},"properties":{"building":"service","building:levels":"1","location":"indoor","power":"substation","substation":"minor_distribution","voltage":"15000"}},
{"type":"Feature","geometry":{"type":"LineString","coordinates":[[18.5598407,54.3106024],[18.5598064,54.3105836],[18.5598425,54.3105612],[18.5598767,54.3105799],[18.5598407,54.3106024]]},"properties":{"building":"yes","power":"substation"}},
{"type":"Feature","geometry":{"type":"LineString","coordinates":[[18.4580024,54.4239626],[18.4579382,54.4239898],[18.4579855,54.4240276],[18.4580497,54.4240018],[18.4580024,54.4239626]]},"properties":{"building":"industrial","power":"substation"}},
{"type":"Feature","geometry":{"type":"LineString","coordinates":[[18.4693208,54.4217875],[18.4692379,54.4217994],[18.4692552,54.4218402],[18.4693381,54.4218283],[18.4693208,54.4217875]]},"properties":{"building":"service","frequency":"50","operator":"Energa","operator:wikidata":"Q9253957","power":"substation","substation":"minor_distribution","voltage":"15000;400"}},
{"type":"Feature","geometry":{"type":"LineString","coordinates":[[18.5703844,54.3780559],[18.5705584,54.3780189],[18.5707183,54.3779847],[18.5706257,54.3778356],[18.5702912,54.3779066],[18.5703844,54.3780559]]},"properties":{"building":"yes","building:levels":"1","frequency":"50","gas_insulated":"yes","location":"indoor","name":"Stacja elektroenergetyczna GPZ 110/15kV „Brętowo”","operator":"Energa","operator:wikidata":"Q9253957","power":"substation","ref":"BRE5","ref:Energa":"01450","source":"www.geoportal.gov.pl","substation":"transmission","voltage":"110000;15000"}},
{"type":"Feature","geometry":{"type":"LineString","coordinates":[[18.5932432,54.3957627],[18.5932288,54.395812],[18.5933112,54.3958202],[18.5933257,54.3957709],[18.5932432,54.3957627]]},"properties":{"building":"service","frequency":"50","name":"Startowa 17","new_ref":"T311064","operator":"Energa","operator:wikidata":"Q9253957","power":"substation","rating":"250 kVA","ref":"T-1064","substation":"minor_distribution","voltage":"15000;400"}},
{"type":"Feature","geometry":{"type":"LineString","coordinates":[[18.591133,54.3971706],[18.5911112,54.3972163],[18.5911957,54.39723],[18.5912175,54.3971843],[18.591133,54.3971706]]},"properties":{"building":"service","building:levels":"1","frequency":"50","name":"Startowa 29","new_ref":"T311004","operator":"Energa","operator:wikidata":"Q9253957","power":"substation","ref":"T-1004","substation":"minor_distribution","voltage":"15000;400"}},
{"type":"Feature","geometry":{"type":"LineString","coordinates":[[18.5912538,54.3007963],[18.5912473,54.3007644],[18.5912835,54.3007619],[18.59129,54.3007938],[18.5912538,54.3007963]]},"properties":{"building":"service","power":"substation"}},
{"type":"Feature","geometry":{"type":"LineString","coordinates":[[18.5864665,54.3818151],[18.5864904,54.3817998],[18.5864584,54.3817828],[18.5864345,54.3817982],[18.5864665,54.3818151]]},"properties":{"power":"substation"}},
{"type":"Feature","geometry":{"type":"LineString","coordinates":[[18.5556434,54.3176916],[18.5556647,54.3176734],[18.5556257,54.3176579],[18.5556044,54.3176761],[18.5556434,54.3176916]]},"properties":{"building":"service","power":"substation"}},
{"type":"Feature","geometry":{"type":"LineString","coordinates":[[18.5630526,54.3186556],[18.5630437,54.3186571],[18.563036,54.3186601],[18.5630303,54.3186644],[18.5630272,54.3186695],[18.5630269,54.3186749],[18.5630295,54.3186801],[18.5630347,54.3186845],[18.5630429,54.3186881],[18.5630528,54.3186898],[18.563063,54.3186895],[18.5630724,54.3186871],[18.5630799,54.318683],[18.5630845,54.3186777],[18.5630857,54.3186718],[18.5630834,54.318666],[18.5630779,54.318661],[18.5630706,54.3186576],[18.5630618,54.3186558],[18.5630526,54.3186556]]},"properties":{"power":"substation","ref":"T-16686"}},
{"type":"Feature","geometry":{"type":"LineString","coordinates":[[18.4827301,54.4176053],[18.4827953,54.4175988],[18.482789,54.4175777],[18.4827239,54.4175841],[18.4827301,54.4176053]]},"properties":{"building":"industrial","building:levels":"1","power":"substation","roof:shape":"gabled"}},
{"type":"Feature","geometry":{"type":"LineString","coordinates":[[18.5849364,54.404873],[18.584927,54.4048193],[18.5850332,54.404813],[18.5850426,54.4048667],[18.5849364,54.404873]]},"properties":{"building":"industrial","building:levels":"1","power":"substation"}},
{"type":"Feature","geometry":{"type":"LineString","coordinates":[[18.59119,54.3928003],[18.5911674,54.3927567],[18.5912451,54.392743],[18.5912677,54.3927866],[18.59119,54.3928003]]},"properties":{"building":"service","building:levels":"1","frequency":"50","new_ref":"T311353","operator":"Energa","operator:wikidata":"Q9253957","power":"substation","rating":"400 kVA","ref":"T-1353","start_date":"1990","substation":"minor_distribution","voltage":"15000;400"}},
{"type":"Feature","geometry":{"type":"LineString","coordinates":[[18.5905472,54.3942628],[18.5905992,54.3942259],[18.5905348,54.3941952],[18.5904828,54.3942321],[18.5905472,54.3942628]]},"properties":{"building":"service","building:levels":"1","frequency":"50","new_ref":"T311472","operator":"Energa","operator:wikidata":"Q9253957","power":"substation","rating":"400 kVA","ref":"T-1472","substation":"minor_distribution","voltage":"15000;400"}},
{"type":"Feature","geometry":{"type":"LineString","coordinates":[[18.5932172,54.3981265],[18.5932809,54.3981624],[18.593338,54.3981281],[18.5932742,54.3980922],[18.5932172,54.3981265]]},"properties":{"building":"service","building:levels":"1","frequency":"50","new_ref":"T311237","operator":"Energa","operator:wikidata":"Q9253957","power":"substation","rating":"400 kVA","ref":"T-1237","substation":"minor_distribution","voltage":"15000;400"}},
{"type":"Feature","geometry":{"type":"LineString","coordinates":[[18.6095698,54.3983503],[18.6095114,54.3983155],[18.6095708,54.3982818],[18.6096292,54.3983166],[18.6095698,54.3983503]]},"properties":{"building":"service","building:levels":"1","frequency":"50","operator":"Energa","operator:wikidata":"Q9253957","power":"substation","substation":"minor_distribution","voltage":"15000;400"}},
{"type":"Feature","geometry":{"type":"LineString","coordinates":[[18.566681,54.4119019],[18.5667652,54.4119192],[18.5668019,54.4118589],[18.5667177,54.4118415],[18.566681,54.4119019]]},"properties":{"building":"industrial","building:levels":"1","power":"substation","roof:shape":"flat"}},
{"type":"Feature","geometry":{"type":"LineString","coordinates":[[18.567589,54.4144541],[18.5676389,54.4144039],[18.5676575,54.4144104],[18.5677253,54.4144333],[18.5676755,54.4144833],[18.567589,54.4144541]]},"properties":{"building":"industrial","building:levels":"1","power":"substation","roof:shape":"flat"}},
{"type":"Feature","geometry":{"type":"LineString","coordinates":[[18.6173119,54.3585442],[18.6173123,54.3584923],[18.6172279,54.3584921],[18.6172276,54.358544],[18.6173119,54.3585442]]},"properties":{"power":"substation"}},
{"type":"Feature","geometry":{"type":"LineString","coordinates":[[18.5967963,54.3968828],[18.596859,54.3969174],[18.5969167,54.396882],[18.596854,54.3968474],[18.5967963,54.3968828]]},"properties":{"building":"service","frequency":"50","name":"Startowa 13","new_ref":"T311144","operator":"Energa","operator:wikidata":"Q9253957","power":"substation","rating":"400 kVA","ref":"T-1144","substation":"minor_distribution","voltage":"15000;400"}},
{"type":"Feature","geometry":{"type":"LineString","coordinates":[[18.505064,54.371119],[18.505005,54.371136],[18.504974,54.371097],[18.505033,54.371081],[18.505064,54.371119]]},"properties":{"building":"yes","power":"substation","source:building":"EGiB"}},
{"type":"Feature","geometry":{"type":"LineString","coordinates":[[18.5198199,54.3657172],[18.5198232,54.3656835],[18.519766,54.3656817],[18.5197627,54.3657154],[18.5198199,54.3657172]]},"properties":{"power":"substation"}},
{"type":"Feature","geometry":{"type":"LineString","coordinates":[[18.6491804,54.3437548],[18.64914,54.3437094],[18.6492278,54.3436818],[18.6492675,54.3437274],[18.6491804,54.3437548]]},"properties":{"building":"service","building:levels":"4","name":"T-1866","power":"substation","source:building":"BDOT","source:geometry":"EGiB"}},
{"type":"Feature","geometry":{"type":"LineString","coordinates":[[18.6514176,54.3636371],[18.6515257,54.3635405],[18.6515542,54.3635151],[18.6512839,54.3634124],[18.6511473,54.3635343],[18.6512031,54.3635556],[18.6514176,54.3636371]]},"properties":{"addr:city":"Gdańsk","addr:city:simc":"0933016","addr:housenumber":"15","addr:postcode":"80-864","addr:street":"Narzędziowców","building":"yes","name":"347A","power":"substation","source:addr":"gugik.gov.pl","substation":"minor_distribution"}},
{"type":"Feature","geometry":{"type":"LineString","coordinates":[[18.6402763,54.3693364],[18.640395,54.3693799],[18.6403504,54.3694213],[18.6402316,54.3693779],[18.6402763,54.3693364]]},"properties":{"building":"yes","power":"substation"}},
{"type":"Feature","geometry":{"type":"LineString","coordinates":[[18.6555615,54.3636164],[18.6558811,54.3635518],[18.6558174,54.3634444],[18.6555034,54.3635081],[18.6555615,54.3636164]]},"properties":{"building":"yes","heritage":"2","heritage:operator":"nid","name":"A11 (392A)","power":"substation","ref:nid":"A-1936 (14)","substation":"minor_distribution"}},
{"type":"Feature","geometry":{"type":"LineString","coordinates":[[18.6576194,54.3629168],[18.6577245,54.3628938],[18.6577855,54.3629918],[18.6576753,54.3630141],[18.6576194,54.3629168]]},"properties":{"building":"yes","name":"A14","power":"substation"}},
{"type":"Feature","geometry":{"type":"LineString","coordinates":[[18.6432339,54.3666733],[18.6431841,54.3665653],[18.6433462,54.36654],[18.6433959,54.366648],[18.6432339,54.3666733]]},"properties":{"building":"yes","name":"B12 (337B)","power":"substation","substation":"minor_distribution"}},
{"type":"Feature","geometry":{"type":"LineString","coordinates":[[18.645233,54.3653347],[18.645109,54.3653197],[18.6451565,54.3651765],[18.6452814,54.3651909],[18.645233,54.3653347]]},"properties":{"building":"yes","name":"B10 (360B)","power":"substation","substation":"minor_distribution"}},
{"type":"Feature","geometry":{"type":"LineString","coordinates":[[18.5665621,54.3283841],[18.5666054,54.3283839],[18.5666049,54.3283519],[18.5665616,54.3283521],[18.5665621,54.3283841]]},"properties":{"building":"yes","power":"substation"}},
{"type":"Feature","geometry":{"type":"LineString","coordinates":[[18.593051,54.415058],[18.593035,54.41511],[18.592932,54.415099],[18.592947,54.415047],[18.593051,54.415058]]},"properties":{"building":"yes","power":"substation","source:building":"EGiB"}},
{"type":"Feature","geometry":{"type":"LineString","coordinates":[[18.6446261,54.3390183],[18.6450962,54.3394765],[18.6451837,54.3394493],[18.645571,54.3393205],[18.645811,54.3392181],[18.6454402,54.3389957],[18.6452732,54.3390265],[18.6451728,54.338929],[18.6450942,54.3388526],[18.6446261,54.3390183]]},"properties":{"barrier":"fence","landuse":"railway","name":"Podstacja trakcyjna \"Gdańsk Południe\"","operator":"PGE Energetyka Kolejowa","operator:wikidata":"Q7119525","operator:wikipedia":"pl:PKP Energetyka","power":"substation","short_name":"PT Gdańsk Południe","substation":"traction"}},
{"type":"Feature","geometry":{"type":"LineString","coordinates":[[18.562274,54.435528],[18.562246,54.435526],[18.562197,54.435522],[18.562206,54.435477],[18.562253,54.43548],[18.562268,54.435481],[18.562283,54.435482],[18.562278,54.435507],[18.562278,54.435509],[18.562274,54.435528]]},"properties":{"addr:city":"Sopot","addr:housenumber":"56A","addr:street":"3 Maja","building":"service","power":"substation","source:building":"EGiB"}},
{"type":"Feature","geometry":{"type":"LineString","coordinates":[[18.643987,54.392511],[18.643932,54.392544],[18.643874,54.392513],[18.64393,54.392479],[18.643987,54.392511]]},"properties":{"building":"yes","power":"substation","source:building":"EGiB"}},
{"type":"Feature","geometry":{"type":"LineString","coordinates":[[18.472061,54.430025],[18.472138,54.430023],[18.472141,54.430067],[18.472064,54.430069],[18.472061,54.430025]]},"properties":{"building":"yes","building:levels":"1","power":"substation","source:building":"EGiB"}},
{"type":"Feature","geometry":{"type":"LineString","coordinates":[[18.501686,54.342074],[18.501617,54.342093],[18.501583,54.342052],[18.501652,54.342034],[18.501686,54.342074]]},"properties":{"building":"yes","power":"substation","source:building":"EGiB"}},
{"type":"Feature","geometry":{"type":"LineString","coordinates":[[18.5083318,54.3405039],[18.5083785,54.3404948],[18.5083625,54.340467],[18.5083159,54.3404762],[18.5083318,54.3405039]]},"properties":{"name":"T-16720","power":"substation"}},
{"type":"Feature","geometry":{"type":"LineString","coordinates":[[18.5898873,54.4149156],[18.5899776,54.4149175],[18.5899814,54.4148562],[18.5898911,54.4148543],[18.5898873,54.4149156]]},"properties":{"power":"substation"}},
{"type":"Feature","geometry":{"type":"LineString","coordinates":[[18.5903399,54.3604625],[18.590405,54.3604349],[18.5903591,54.3603981],[18.590294,54.3604257],[18.5903399,54.3604625]]},"properties":{"power":"substation"}},
{"type":"Feature","geometry":{"type":"LineString","coordinates":[[18.558631,54.4345017],[18.5586388,54.4345056],[18.5586421,54.4345113],[18.5586401,54.4345172],[18.5586333,54.4345217],[18.5586236,54.4345236],[18.5586134,54.4345225],[18.5586057,54.4345185],[18.5586024,54.4345129],[18.5586044,54.434507],[18.5586112,54.4345025],[18.5586209,54.4345005],[18.558631,54.4345017]]},"properties":{"building":"yes","power":"substation"}},
{"type":"Feature","geometry":{"type":"LineString","coordinates":[[18.6133618,54.3066562],[18.6140659,54.3066106],[18.6143884,54.3064674],[18.6141403,54.3062004],[18.6132991,54.3062532],[18.6133004,54.3062617],[18.6133049,54.3062906],[18.6133102,54.3063249],[18.6133618,54.3066562]]},"properties":{"barrier":"fence","frequency":"50","gas_insulated":"yes","landuse":"industrial","location":"indoor","name":"Stacja elektroenergatyczna 110/15kV GPZ Maćkowy","operator":"Energa Operator","power":"substation","start_date":"2019","substation":"distribution","voltage":"110000;15000"}},
{"type":"Feature","geometry":{"type":"LineString","coordinates":[[18.6573072,54.3415052],[18.6574041,54.3415513],[18.657447,54.3415206],[18.6573501,54.3414745],[18.6573072,54.3415052]]},"properties":{"building":"service","height":"3","name":"Jałmużnicza","power":"substation","ref":"T-1641"}},
{"type":"Feature","geometry":{"type":"LineString","coordinates":[[18.571095,54.4338885],[18.5711402,54.4338419],[18.5712057,54.4338631],[18.5711602,54.4339104],[18.571095,54.4338885]]},"properties":{"building":"service","description":"substantion name: Sopot Rzeźnia","power":"substation","ref":"T-2819","substation":"minor_distribution"}},
{"type":"Feature","geometry":{"type":"LineString","coordinates":[[18.5751157,54.4334538],[18.5750756,54.4334365],[18.5750975,54.4334197],[18.5750987,54.4334186],[18.5751389,54.4334363],[18.5751157,54.4334538]]},"properties":{"building":"service","power":"substation","substation":"minor_distribution"}},
{"type":"Feature","geometry":{"type":"LineString","coordinates":[[18.580393,54.4340347],[18.5803305,54.4340073],[18.5803763,54.4339718],[18.5804389,54.4339992],[18.580393,54.4340347]]},"properties":{"building":"service","power":"substation","ref":"T-2824","substation":"minor_distribution","voltage":"15000;400"}},
{"type":"Feature","geometry":{"type":"LineString","coordinates":[[18.668987,54.349672],[18.66898,54.349769],[18.668825,54.349765],[18.668833,54.349668],[18.668987,54.349672]]},"properties":{"building":"service","building:levels":"1","power":"substation","source:building":"BDOT","source:geometry":"EGiB","substation":"minor_distribution"}},
{"type":"Feature","geometry":{"type":"LineString","coordinates":[[18.4480764,54.3865701],[18.4481237,54.3865578],[18.4481067,54.3865348],[18.4480591,54.3865471],[18.4480764,54.3865701]]},"properties":{"building":"service","power":"substation","source:building":"EGiB","substation":"minor_distribution"}},
{"type":"Feature","geometry":{"type":"LineString","coordinates":[[18.6153053,54.3385526],[18.6152969,54.3384981],[18.6153816,54.3384937],[18.61539,54.3385482],[18.6153053,54.3385526]]},"properties":{"building":"service","power":"substation"}},
{"type":"Feature","geometry":{"type":"LineString","coordinates":[[18.6818463,54.3482932],[18.681879,54.3482807],[18.6818452,54.3482512],[18.6818136,54.3482643],[18.6818463,54.3482932]]},"properties":{"building":"service","building:levels":"1","power":"substation"}},
{"type":"Feature","geometry":{"type":"LineString","coordinates":[[18.5904482,54.3495605],[18.5904843,54.3495274],[18.5904517,54.3495153],[18.5904155,54.3495484],[18.5904482,54.3495605]]},"properties":{"building":"service","power":"substation","ref":"T-16867"}},
{"type":"Feature","geometry":{"type":"LineString","coordinates":[[18.4217296,54.3947176],[18.4217838,54.3947416],[18.4218518,54.3946896],[18.4217976,54.3946656],[18.4217296,54.3947176]]},"properties":{"building":"yes","location":"indoor","power":"substation"}},
{"type":"Feature","geometry":{"type":"LineString","coordinates":[[18.4467137,54.4186939],[18.446764,54.4186907],[18.4467556,54.4186457],[18.4467053,54.4186489],[18.4467137,54.4186939]]},"properties":{"building":"yes","location":"outdoor","power":"substation","substation":"distribution"}},
{"type":"Feature","geometry":{"type":"LineString","coordinates":[[18.5418559,54.3342348],[18.5418649,54.3342771],[18.5418266,54.3342799],[18.5418175,54.3342376],[18.5418559,54.3342348]]},"properties":{"building":"yes","power":"substation","substation":"distribution"}},
{"type":"Feature","geometry":{"type":"LineString","coordinates":[[18.5679984,54.4035582],[18.567887,54.4035305],[18.5679061,54.4035044],[18.5680175,54.4035321],[18.5679984,54.4035582]]},"properties":{"building":"service","building:levels":"1","power":"substation"}},
{"type":"Feature","geometry":{"type":"LineString","coordinates":[[18.5710174,54.3306503],[18.5709981,54.3307968],[18.5711565,54.3308039],[18.5711758,54.3306574],[18.5710174,54.3306503]]},"properties":{"building":"yes","power":"substation","ref":"T-317442","substation":"traction"}},
{"type":"Feature","geometry":{"type":"LineString","coordinates":[[18.4513369,54.4345071],[18.4513717,54.4345066],[18.4513702,54.4344656],[18.4513354,54.434466],[18.4513369,54.4345071]]},"properties":{"building":"service","location":"indoor","power":"substation","ref":"T-16692","substation":"minor_distribution"}},
{"type":"Feature","geometry":{"type":"LineString","coordinates":[[18.6171353,54.337658],[18.6172566,54.3376547],[18.6172533,54.3375824],[18.6171302,54.3375851],[18.6171353,54.337658]]},"properties":{"building":"yes","power":"substation"}},
{"type":"Feature","geometry":{"type":"LineString","coordinates":[[18.626648,54.3728121],[18.626732,54.3727862],[18.6266944,54.3727447],[18.6266104,54.3727705],[18.626648,54.3728121]]},"properties":{"height":"3","location":"indoor","power":"substation","ref":"T-16250","street_cabinet":"power","substation":"minor_distribution","voltage":"15000"}},
{"type":"Feature","geometry":{"type":"LineString","coordinates":[[18.6287405,54.3881113],[18.6287371,54.388065],[18.6288166,54.3880631],[18.6288199,54.3881093],[18.6287405,54.3881113]]},"properties":{"building":"service","building:levels":"1","frequency":"50","operator":"Energa","operator:wikidata":"Q9253957","power":"substation","substation":"minor_distribution","voltage":"15000;400"}},
{"type":"Feature","geometry":{"type":"LineString","coordinates":[[18.5454606,54.3350655],[18.545441,54.3350397],[18.5455111,54.3350216],[18.5455308,54.3350473],[18.5454606,54.3350655]]},"properties":{"building":"yes","power":"substation","substation":"distribution"}},
{"type":"Feature","geometry":{"type":"LineString","coordinates":[[18.58608,54.4140572],[18.5861356,54.4140143],[18.5860492,54.4139764],[18.5859927,54.4140189],[18.58608,54.4140572]]},"properties":{"building":"yes","power":"substation","source":"www.geoportal.gov.pl"}},
{"type":"Feature","geometry":{"type":"LineString","coordinates":[[18.4718369,54.3676388],[18.4718359,54.3676041],[18.4717319,54.3676051],[18.4717329,54.3676398],[18.4718369,54.3676388]]},"properties":{"power":"substation"}},
{"type":"Feature","geometry":{"type":"LineString","coordinates":[[18.4734088,54.3618276],[18.4734079,54.3618165],[18.473377,54.3618174],[18.4733779,54.3618285],[18.4734088,54.3618276]]},"properties":{"power":"substation"}},
{"type":"Feature","geometry":{"type":"LineString","coordinates":[[18.4733721,54.3618283],[18.473371,54.3618164],[18.4733328,54.3618175],[18.4733338,54.3618294],[18.4733721,54.3618283]]},"properties":{"power":"substation"}},
{"type":"Feature","geometry":{"type":"LineString","coordinates":[[18.4739621,54.3625009],[18.4739574,54.3625317],[18.4740073,54.3625343],[18.4740121,54.3625035],[18.4739621,54.3625009]]},"properties":{"power":"substation"}},
{"type":"Feature","geometry":{"type":"LineString","coordinates":[[18.5691187,54.3945182],[18.5692681,54.3945179],[18.5692677,54.3944538],[18.5691184,54.394454],[18.5691187,54.3945182]]},"properties":{"building":"yes","name":"T-16151","power":"substation","source":"www.geoportal.gov.pl"}},
{"type":"Feature","geometry":{"type":"LineString","coordinates":[[18.6239119,54.3879012],[18.6239169,54.3879562],[18.6238606,54.3879578],[18.623855,54.3879035],[18.6239119,54.3879012]]},"properties":{"addr:city":"Gdańsk","addr:postcode":"80-416","addr:street":"Krzysztofa Kamila Baczyńskiego","building":"service","frequency":"50","height":"2","name":"Baczyńskiego 2","new_ref":"T311002","operator":"Energa","operator:wikidata":"Q9253957","power":"substation","ref":"T-1002","substation":"minor_distribution","voltage":"15000;400"}},
{"type":"Feature","geometry":{"type":"LineString","coordinates":[[18.7128912,54.3596863],[18.712926,54.3596373],[18.712827,54.3596133],[18.7127922,54.3596624],[18.7128912,54.3596863]]},"properties":{"building":"service","building:levels":"1","name":"T-1095","operator":"Energa","operator:wikidata":"Q9253957","power":"substation","source":"www.geoportal.gov.pl"}},
{"type":"Feature","geometry":{"type":"LineString","coordinates":[[18.6388792,54.3491205],[18.638912,54.3491199],[18.6393905,54.3492214],[18.6391809,54.3495396],[18.6386954,54.3494305],[18.6386812,54.3494273],[18.6387006,54.3493973],[18.6388792,54.3491205]]},"properties":{"barrier":"fence","power":"substation"}},
{"type":"Feature","geometry":{"type":"LineString","coordinates":[[18.5987958,54.4117399],[18.5988824,54.4117527],[18.5988977,54.411755],[18.5988769,54.4118067],[18.598773,54.4117909],[18.5987958,54.4117399]]},"properties":{"building":"service","loc_name":"Ostrobok","power":"substation","ref":"T-1157","substation":"minor_distribution"}},
{"type":"Feature","geometry":{"type":"LineString","coordinates":[[18.4111204,54.3237176],[18.4110645,54.323732],[18.4110348,54.3237396],[18.4110164,54.3237152],[18.4109831,54.3237238],[18.4109664,54.3237016],[18.4109503,54.3236802],[18.4110697,54.3236498],[18.4111204,54.3237176]]},"properties":{"building":"service","building:levels":"1","power":"substation","source":"www.geoportal.gov.pl","substation":"minor_distribution"}},
{"type":"Feature","geometry":{"type":"LineString","coordinates":[[18.5552735,54.4136043],[18.5553472,54.4135913],[18.5553249,54.4135488],[18.5552512,54.4135618],[18.5552735,54.4136043]]},"properties":{"power":"substation","ref":"T-1666"}},
{"type":"Feature","geometry":{"type":"LineString","coordinates":[[18.6081925,54.4079191],[18.6082357,54.4078813],[18.6082995,54.4079061],[18.6082563,54.4079439],[18.6081925,54.4079191]]},"properties":{"power":"substation"}},
{"type":"Feature","geometry":{"type":"LineString","coordinates":[[18.5657987,54.3963894],[18.5658159,54.3963656],[18.5657688,54.3963529],[18.5657504,54.396378],[18.5657987,54.3963894]]},"properties":{"building":"yes","power":"substation"}},
{"type":"Feature","geometry":{"type":"LineString","coordinates":[[18.6133294,54.3538993],[18.613392,54.3539256],[18.6134384,54.353888],[18.6133758,54.3538617],[18.6133294,54.3538993]]},"properties":{"power":"substation","ref":"T-1634"}},
{"type":"Feature","geometry":{"type":"LineString","coordinates":[[18.5857373,54.3338055],[18.5857762,54.3338136],[18.5857941,54.3337845],[18.5857553,54.3337763],[18.5857373,54.3338055]]},"properties":{"addr:city":"Gdańsk","addr:housenumber":"23","addr:postcode":"80-180","addr:street":"Mariana Kołodzieja","building":"service","height":"2","power":"substation","ref":"T-16962"}},
{"type":"Feature","geometry":{"type":"LineString","coordinates":[[18.5654154,54.4125312],[18.5654566,54.4125296],[18.5654531,54.4124991],[18.5654118,54.4125008],[18.5654154,54.4125312]]},"properties":{"building":"yes","power":"substation"}},
{"type":"Feature","geometry":{"type":"LineString","coordinates":[[18.5848816,54.3445893],[18.5848647,54.3445663],[18.5848166,54.3445782],[18.5848335,54.3446012],[18.5848816,54.3445893]]},"properties":{"power":"substation"}},
{"type":"Feature","geometry":{"type":"LineString","coordinates":[[18.5918923,54.3439187],[18.5919128,54.3438947],[18.5918466,54.3438754],[18.5918261,54.3438994],[18.5918923,54.3439187]]},"properties":{"power":"substation","ref":"T-16554"}},
{"type":"Feature","geometry":{"type":"LineString","coordinates":[[18.5905186,54.3466777],[18.5905193,54.3466507],[18.5904645,54.3466503],[18.5904638,54.3466772],[18.5905186,54.3466777]]},"properties":{"power":"substation","ref":"T-16926"}},
{"type":"Feature","geometry":{"type":"LineString","coordinates":[[18.5954479,54.3446711],[18.5954869,54.3446414],[18.5954335,54.3446192],[18.5953969,54.3446498],[18.5954479,54.3446711]]},"properties":{"building":"service","power":"substation","ref":"T-16595"}},
{"type":"Feature","geometry":{"type":"LineString","coordinates":[[18.5630319,54.4164907],[18.5629582,54.4165023],[18.5629807,54.4165509],[18.5630544,54.4165393],[18.5630319,54.4164907]]},"properties":{"building":"service","power":"substation","substation":"minor_distribution"}},
{"type":"Feature","geometry":{"type":"LineString","coordinates":[[18.4829588,54.3542542],[18.4829869,54.3542705],[18.4829634,54.3542842],[18.4829354,54.3542678],[18.4829588,54.3542542]]},"properties":{"power":"substation"}},
{"type":"Feature","geometry":{"type":"LineString","coordinates":[[18.603229,54.385719],[18.603185,54.385772],[18.603111,54.385751],[18.603156,54.385698],[18.603229,54.385719]]},"properties":{"building":"service","height":"2.5","power":"substation","source:building":"EGiB"}},
{"type":"Feature","geometry":{"type":"LineString","coordinates":[[18.6046543,54.3959217],[18.6046097,54.3958787],[18.604683,54.3958529],[18.6047276,54.3958959],[18.6046615,54.3959191],[18.6046543,54.3959217]]},"properties":{"building":"service","frequency":"50","name":"Burzyńskiego 6","new_ref":"T311838","operator":"Energa","operator:wikidata":"Q9253957","power":"substation","rating":"250 kVA","ref":"T-1838","substation":"minor_distribution","voltage":"15000;400"}},
{"type":"Feature","geometry":{"type":"LineString","coordinates":[[18.5845385,54.4027782],[18.584562,54.4027321],[18.5846425,54.402746],[18.5846189,54.4027921],[18.5845385,54.4027782]]},"properties":{"building":"yes","power":"substation"}},
{"type":"Feature","geometry":{"type":"LineString","coordinates":[[18.5903577,54.3906514],[18.5903945,54.39063],[18.5903372,54.3905967],[18.5903004,54.3906181],[18.5903577,54.3906514]]},"properties":{"building":"service","frequency":"50","power":"substation","substation":"minor_distribution","voltage":"15000;400"}},
{"type":"Feature","geometry":{"type":"LineString","coordinates":[[18.4560714,54.3831504],[18.4562531,54.3831038],[18.456185,54.3830127],[18.4560036,54.3830589],[18.4560714,54.3831504]]},"properties":{"building":"service","building:levels":"1","power":"substation","source":"www.geoportal.gov.pl"}},
{"type":"Feature","geometry":{"type":"LineString","coordinates":[[18.4473626,54.2846876],[18.4475624,54.2846578],[18.4474611,54.2844414],[18.4472978,54.2844674],[18.447262,54.2844731],[18.4473626,54.2846876]]},"properties":{"gas_insulated":"no","location":"indoor","name":"Stacja elektroenergetyczna 15kV PZ Łapino","power":"substation","substation":"transmission","voltage":"15000"}},
{"type":"Feature","geometry":{"type":"LineString","coordinates":[[18.5891047,54.4110293],[18.5892051,54.411044],[18.5892274,54.4109935],[18.5891261,54.4109779],[18.5891047,54.4110293]]},"properties":{"building":"service","name":"Śledź","power":"substation","ref":"T-1208","substation":"minor_distribution"}},
{"type":"Feature","geometry":{"type":"LineString","coordinates":[[18.4807781,54.4329045],[18.480806,54.4329174],[18.4807781,54.4329379],[18.4807502,54.432925],[18.4807781,54.4329045]]},"properties":{"power":"substation"}},
{"type":"Feature","geometry":{"type":"LineString","coordinates":[[18.5734454,54.3949371],[18.5734997,54.3949546],[18.5735199,54.3949334],[18.5734656,54.3949159],[18.5734454,54.3949371]]},"properties":{"building":"yes","power":"substation"}},
{"type":"Feature","geometry":{"type":"LineString","coordinates":[[18.5768275,54.3931319],[18.5768513,54.3931082],[18.5769601,54.3931451],[18.5769363,54.3931688],[18.5768275,54.3931319]]},"properties":{"building":"yes","power":"substation"}},
{"type":"Feature","geometry":{"type":"LineString","coordinates":[[18.6000658,54.351893],[18.6001453,54.3519085],[18.6001747,54.3518572],[18.6000952,54.3518417],[18.6000658,54.351893]]},"properties":{"building":"yes","power":"substation"}},
{"type":"Feature","geometry":{"type":"LineString","coordinates":[[18.5517771,54.3419138],[18.5518005,54.3418945],[18.5517424,54.3418707],[18.5517191,54.34189],[18.5517771,54.3419138]]},"properties":{"power":"substation"}},
{"type":"Feature","geometry":{"type":"LineString","coordinates":[[18.5569841,54.3509483],[18.5570057,54.3509298],[18.5569539,54.3509094],[18.5569324,54.3509278],[18.5569841,54.3509483]]},"properties":{"power":"substation"}},
{"type":"Feature","geometry":{"type":"LineString","coordinates":[[18.4424256,54.3717589],[18.4425442,54.37176],[18.4425448,54.371738],[18.4424262,54.3717369],[18.4424256,54.3717589]]},"properties":{"building":"service","location":"indoor","power":"substation","substation":"industrial","voltage":"1500"}},
{"type":"Feature","geometry":{"type":"LineString","coordinates":[[18.4629949,54.3586901],[18.4630339,54.3586996],[18.4630542,54.3586711],[18.4630152,54.3586617],[18.4629949,54.3586901]]},"properties":{"building":"service","location":"indoor","power":"substation","substation":"minor_distribution","voltage":"15000;400"}},
{"type":"Feature","geometry":{"type":"LineString","coordinates":[[18.48098,54.36905],[18.480969,54.369071],[18.480907,54.369059],[18.480918,54.369038],[18.48098,54.36905]]},"properties":{"building":"service","location":"indoor","name":"Rakietowa","power":"substation","source:building":"EGiB","substation":"minor_distribution","voltage":"15000;400"}},
{"type":"Feature","geometry":{"type":"LineString","coordinates":[[18.4975458,54.3525272],[18.4975945,54.3525173],[18.4975815,54.3524956],[18.4975329,54.3525055],[18.4975458,54.3525272]]},"properties":{"building":"service","frequency":"50","location":"indoor","name":"Kartuska 482","new_ref":"T316956","operator":"Energa","operator:wikidata":"Q9253957","power":"substation","ref":"T-16956","substation":"minor_distribution","voltage":"15000;400"}},
{"type":"Feature","geometry":{"type":"LineString","coordinates":[[18.5016556,54.352896],[18.5016966,54.3528853],[18.5017078,54.3529],[18.5016667,54.3529106],[18.5016556,54.352896]]},"properties":{"building":"service","frequency":"50","location":"indoor","operator":"Energa","operator:wikidata":"Q9253957","power":"substation","substation":"minor_distribution","voltage":"15000;400"}},
{"type":"Feature","geometry":{"type":"LineString","coordinates":[[18.5012386,54.3516258],[18.5012958,54.3516109],[18.5013105,54.3516301],[18.5012533,54.3516451],[18.5012386,54.3516258]]},"properties":{"building":"service","frequency":"50","location":"indoor","name":"Kartuska 474","new_ref":"T316669","operator":"Energa","operator:wikidata":"Q9253957","power":"substation","ref":"T-16669","substation":"minor_distribution","voltage":"15000;400"}},
{"type":"Feature","geometry":{"type":"LineString","coordinates":[[18.5675103,54.332294],[18.5675131,54.3322782],[18.5674653,54.3322752],[18.5674624,54.3322911],[18.5675103,54.332294]]},"properties":{"building":"service","power":"substation","substation":"minor_distribution"}},
{"type":"Feature","geometry":{"type":"LineString","coordinates":[[18.6146357,54.399854499999999],[18.6130057,54.399253],[18.6130925,54.3990004],[18.614755,54.3975425],[18.6152889,54.3970746],[18.6162213,54.3962579],[18.6177399,54.3968479],[18.6177415,54.3968546],[18.6177784,54.3970399],[18.6177698,54.3970894],[18.6177417,54.397132],[18.6176243,54.3972346],[18.61727,54.3975447],[18.6169395,54.3978337],[18.6164927,54.3982229],[18.6163977,54.3983086],[18.616306,54.398389],[18.6158149,54.3988197],[18.6156246,54.3989879],[18.615409,54.3991761],[18.6149956,54.3995395],[18.6146357,54.399854499999999]]},"properties":{"addr:city":"Gdańsk","addr:housenumber":"90","addr:postcode":"80-414","addr:street":"Bolesława Chrobrego","man_made":"water_works","name":"Stacja uzdatniania wody \"Zaspa Wodna\"","operator":"Gdańska Infrastruktura Wodociągowo-Kanalizacyjna Sp. z o.o."}},
{"type":"Feature","geometry":{"type":"LineString","coordinates":[[18.6215935,54.3989522],[18.6218194,54.3989074],[18.6217598,54.3988057],[18.6215339,54.3988506],[18.6215935,54.3989522]]},"properties":{"building":"yes","power":"substation","ref":"T-16409","substation":"traction"}},
{"type":"Feature","geometry":{"type":"LineString","coordinates":[[18.6212506,54.3988642],[18.621385,54.3989415],[18.6215574,54.3990407],[18.6219461,54.3989663],[18.6219547,54.3987298],[18.6212506,54.3988642]]},"properties":{"barrier":"fence","landuse":"industrial","name":"Podstacja trakcyjna \"Tramwaje Hallera\"","power":"substation"}},
{"type":"Feature","geometry":{"type":"LineString","coordinates":[[18.5712318,54.3306591],[18.5712436,54.3305697],[18.5709756,54.33056],[18.5709709,54.3305991],[18.5709678,54.3306185],[18.5709382,54.3307997],[18.5709628,54.3308008],[18.5711676,54.3308101],[18.5711895,54.3306577],[18.5712318,54.3306591]]},"properties":{"fence":"yes","landuse":"industrial","name":"Podstacja trakcyjna \"Bulońska Pętla\"","power":"substation"}},
{"type":"Feature","geometry":{"type":"LineString","coordinates":[[18.5489871,54.2906963],[18.5490221,54.2907027],[18.5490415,54.2906667],[18.5490065,54.2906602],[18.5489871,54.2906963]]},"properties":{"location":"indoor","operator":"Energa Operator","power":"substation","ref":"T-51112","substation":"minor_distribution","voltage":"15000"}},
{"type":"Feature","geometry":{"type":"LineString","coordinates":[[18.5480385,54.2924356],[18.5480729,54.2924417],[18.5480917,54.2924055],[18.5480573,54.2923994],[18.5480385,54.2924356]]},"properties":{"location":"indoor","operator":"Energa Operator","power":"substation","ref":"T-51111","substation":"minor_distribution","voltage":"15000"}},
{"type":"Feature","geometry":{"type":"LineString","coordinates":[[18.5372124,54.2954569],[18.5372595,54.2954558],[18.5372581,54.2954358],[18.537211,54.2954369],[18.5372124,54.2954569]]},"properties":{"location":"indoor","operator":"Energa Operator","power":"substation","substation":"minor_distribution","voltage":"15000"}},
{"type":"Feature","geometry":{"type":"LineString","coordinates":[[18.5519094,54.3092946],[18.5519315,54.3092748],[18.5519867,54.3092958],[18.5519713,54.3093096],[18.5519645,54.3093156],[18.5519094,54.3092946]]},"properties":{"location":"indoor","power":"substation","substation":"minor_distribution","voltage":"15000"}},
{"type":"Feature","geometry":{"type":"LineString","coordinates":[[18.5567629,54.3128493],[18.5567708,54.3128516],[18.5568072,54.3128619],[18.5568247,54.3128409],[18.5567846,54.3128295],[18.5567804,54.3128283],[18.5567629,54.3128493]]},"properties":{"location":"indoor","operator":"Energa Operator","power":"substation","substation":"minor_distribution","voltage":"15000"}},
{"type":"Feature","geometry":{"type":"LineString","coordinates":[[18.5426329,54.302982],[18.5426265,54.3029801],[18.5426054,54.3029741],[18.5425983,54.302972],[18.5426127,54.3029551],[18.5426473,54.3029652],[18.5426329,54.302982]]},"properties":{"location":"indoor","operator":"Energa","power":"substation","substation":"minor_distribution","voltage":"15000"}},
{"type":"Feature","geometry":{"type":"LineString","coordinates":[[18.5381754,54.3014981],[18.5381602,54.3014895],[18.5381533,54.3014856],[18.5381476,54.3014824],[18.53817,54.3014689],[18.5381978,54.3014845],[18.5381754,54.3014981]]},"properties":{"location":"indoor","name":"Maciejewicza II","operator":"Energa","power":"substation","ref":"T-51148","substation":"minor_distribution","voltage":"15000"}},
{"type":"Feature","geometry":{"type":"LineString","coordinates":[[18.4429349,54.2849042],[18.4429762,54.2848956],[18.4429996,54.2848907],[18.4429841,54.2848654],[18.4429194,54.284879],[18.4429349,54.2849042]]},"properties":{"location":"indoor","power":"substation","substation":"minor_distribution","voltage":"15000"}},
{"type":"Feature","geometry":{"type":"LineString","coordinates":[[18.4412486,54.2871082],[18.4413148,54.2871193],[18.4413328,54.2870826],[18.4412666,54.2870715],[18.4412486,54.2871082]]},"properties":{"building":"service","location":"indoor","power":"substation","substation":"minor_distribution","voltage":"15000"}},
{"type":"Feature","geometry":{"type":"LineString","coordinates":[[18.6775,54.393336],[18.677412,54.393346],[18.677395,54.393295],[18.677482,54.393287],[18.6775,54.393336]]},"properties":{"building":"yes","name":"T-1591","power":"substation","source:building":"EGiB"}},
{"type":"Feature","geometry":{"type":"LineString","coordinates":[[18.6512394,54.3872574],[18.6513332,54.3872602],[18.6513376,54.3872105],[18.6512438,54.3872077],[18.6512394,54.3872574]]},"properties":{"power":"substation"}},
{"type":"Feature","geometry":{"type":"LineString","coordinates":[[18.6670279,54.3802548],[18.666996,54.3802112],[18.666901,54.3802348],[18.6669329,54.3802784],[18.6670279,54.3802548]]},"properties":{"power":"substation"}},
{"type":"Feature","geometry":{"type":"LineString","coordinates":[[18.6789249,54.3828707],[18.6789536,54.3828701],[18.6789528,54.3828577],[18.6789241,54.3828583],[18.6789249,54.3828707]]},"properties":{"power":"substation"}},
{"type":"Feature","geometry":{"type":"LineString","coordinates":[[18.5782609,54.402265],[18.578286,54.4022157],[18.5782894,54.4022089],[18.578164,54.4021873],[18.5781566,54.4021861],[18.5781534,54.4021922],[18.5781281,54.4022421],[18.5782609,54.402265]]},"properties":{"building":"outbuilding","building:levels":"1","power":"substation","roof:shape":"flat","source":"www.geoportal.gov.pl"}},
{"type":"Feature","geometry":{"type":"LineString","coordinates":[[18.5793257,54.4319857],[18.5790185,54.4317814],[18.5785784,54.4315456],[18.5782941,54.4313933],[18.5789109,54.4310051],[18.5795313,54.4306125],[18.5797074,54.4305807],[18.5800126,54.4307418],[18.5802663,54.4308811],[18.5804404,54.4309772],[18.5804398,54.4309962],[18.5802847,54.4310936],[18.5800322,54.4312509],[18.5799273,54.4312772],[18.5799178,54.4312732],[18.579889,54.4312919],[18.5798379,54.4313266],[18.579864,54.4313957],[18.5801546,54.4315419],[18.5800398,54.4316236],[18.5798378,54.4317683],[18.5795277,54.4315986],[18.5793637,54.4317019],[18.5793304,54.4317116],[18.5795693,54.4318647],[18.5793257,54.4319857]]},"properties":{"landuse":"industrial","man_made":"water_works"}},
{"type":"Feature","geometry":{"type":"LineString","coordinates":[[18.6820503,54.3631427],[18.6825509,54.3628904],[18.6831943,54.363345],[18.6831501,54.3633675],[18.6831174,54.3633843],[18.683081,54.3634018],[18.6831276,54.3634363],[18.6827439,54.3636225],[18.6820503,54.3631427]]},"properties":{"barrier":"fence","name":"Podstacja trakcyjna \"Port Północny\"","operator":"PGE Energetyka Kolejowa","operator:wikidata":"Q7119525","operator:wikipedia":"pl:PKP Energetyka","power":"substation","short_name":"PT Port Północny","substation":"traction","voltage":"3000"}},
{"type":"Feature","geometry":{"type":"LineString","coordinates":[[18.52796,54.4492012],[18.5279179,54.4491602],[18.5279887,54.4491356],[18.5280308,54.4491767],[18.52796,54.4492012]]},"properties":{"building":"yes","power":"substation"}},
{"type":"Feature","geometry":{"type":"LineString","coordinates":[[18.5121958,54.3343158],[18.5121637,54.3342622],[18.512236,54.3342475],[18.5122681,54.3343011],[18.5121958,54.3343158]]},"properties":{"barrier":"fence","landuse":"industrial","man_made":"water_works"}},
{"type":"Feature","geometry":{"type":"LineString","coordinates":[[18.5729309,54.4180003],[18.5729131,54.4179431],[18.5728226,54.4179525],[18.5728399,54.4180096],[18.5729309,54.4180003]]},"properties":{"building":"service","building:levels":"1","power":"substation","roof:shape":"flat"}},
{"type":"Feature","geometry":{"type":"LineString","coordinates":[[18.583121,54.41588],[18.583088,54.415929],[18.58299,54.415907],[18.583023,54.415858],[18.583121,54.41588]]},"properties":{"building":"industrial","power":"substation","source:building":"EGiB"}},
{"type":"Feature","geometry":{"type":"LineString","coordinates":[[18.62514,54.3651323],[18.6251552,54.3650884],[18.6252034,54.365094],[18.6251882,54.365138],[18.62514,54.3651323]]},"properties":{"building":"yes","power":"substation"}},
{"type":"Feature","geometry":{"type":"LineString","coordinates":[[18.5845162,54.3403145],[18.5845493,54.3402995],[18.5845161,54.3402744],[18.584483,54.3402894],[18.5845162,54.3403145]]},"properties":{"building":"service","power":"substation"}},
{"type":"Feature","geometry":{"type":"LineString","coordinates":[[18.622742,54.396243],[18.6227393,54.3965368],[18.6228326,54.3965538],[18.6228307,54.396578],[18.6228294,54.3966076],[18.6227376,54.3966155],[18.622737,54.3966423],[18.6232156,54.3966508],[18.6232211,54.3968144],[18.6234233,54.3968148],[18.6238304,54.396815],[18.6239531,54.3968151],[18.6239524,54.396719],[18.62553,54.39672],[18.6255371,54.3964458],[18.6255425,54.3962482],[18.6235334,54.3962445],[18.622742,54.396243]]},"properties":{"barrier":"fence","landuse":"industrial","man_made":"wastewater_plant","name":"Dział Ujęć Wgłębnych Zaspa","note":"Dawna oczyszczalnia ścieków, zamknięta w 2008 roku.","operator":"Gdańskie Wodociągi"}},
{"type":"Feature","geometry":{"type":"LineString","coordinates":[[18.5655759,54.4287678],[18.5652719,54.4287309],[18.5649454,54.4286913],[18.5652395,54.4282253],[18.565646,54.4282756],[18.5657322,54.4282856],[18.5655759,54.4287678]]},"properties":{"barrier":"fence","landuse":"railway","name":"Podstacja trakcyjna \"Sopot Wyścigi\"","operator":"PGE Energetyka Kolejowa","operator:wikidata":"Q7119525","operator:wikipedia":"pl:PKP Energetyka","power":"substation","short_name":"PT Sopot Wyścigi","substation":"traction"}},
{"type":"Feature","geometry":{"type":"LineString","coordinates":[[18.7299522,54.3725712],[18.7300745,54.3725474],[18.7300981,54.3725885],[18.7299758,54.3726123],[18.7299522,54.3725712]]},"properties":{"barrier":"fence","landuse":"industrial","man_made":"wastewater_plant"}},
{"type":"Feature","geometry":{"type":"LineString","coordinates":[[18.5402351,54.4195741],[18.5401745,54.4195118],[18.5400871,54.4195571],[18.5401602,54.4195907],[18.5402351,54.4195741]]},"properties":{"barrier":"fence","landuse":"industrial","man_made":"wastewater_plant"}},
{"type":"Feature","geometry":{"type":"LineString","coordinates":[[18.633429,54.379855],[18.633466,54.379836],[18.633489,54.379853],[18.633453,54.379871],[18.633429,54.379855]]},"properties":{"building":"yes","operator":"Energa","operator:wikidata":"Q9253957","power":"substation","source:building":"EGiB"}},
{"type":"Feature","geometry":{"type":"LineString","coordinates":[[18.6607933,54.2857597],[18.6608302,54.2857433],[18.6608094,54.2857274],[18.6607725,54.2857438],[18.6607933,54.2857597]]},"properties":{"location":"indoor","power":"substation","substation":"minor_distribution","voltage":"15000"}},
{"type":"Feature","geometry":{"type":"LineString","coordinates":[[18.5882605,54.3581354],[18.5882377,54.3580945],[18.5881929,54.3581029],[18.5882157,54.3581439],[18.5882605,54.3581354]]},"properties":{"power":"substation"}},
{"type":"Feature","geometry":{"type":"LineString","coordinates":[[18.5529842,54.3722363],[18.5530303,54.3722198],[18.5530083,54.3721991],[18.5529622,54.3722156],[18.5529842,54.3722363]]},"properties":{"power":"substation"}},
{"type":"Feature","geometry":{"type":"LineString","coordinates":[[18.5955467,54.4112006],[18.595565,54.4111407],[18.5954761,54.4111315],[18.5954702,54.4111507],[18.5954578,54.4111914],[18.5955467,54.4112006]]},"properties":{"building":"service","name":"Dorsz","power":"substation","ref":"T-1179","substation":"minor_distribution"}},
{"type":"Feature","geometry":{"type":"LineString","coordinates":[[18.596113,54.4123533],[18.596137,54.4123019],[18.5961096,54.4122976],[18.5960627,54.4122902],[18.5960377,54.4122862],[18.5960137,54.4123376],[18.596113,54.4123533]]},"properties":{"building":"service","name":"Ostryga","power":"substation","ref":"T-1178","substation":"minor_distribution"}},
{"type":"Feature","geometry":{"type":"LineString","coordinates":[[18.5960033,54.4099201],[18.5960144,54.4098923],[18.5960924,54.4099028],[18.5960813,54.4099306],[18.5960033,54.4099201]]},"properties":{"building":"service","name":"Cztery Oceany","power":"substation","ref":"T-16907","substation":"minor_distribution"}},
{"type":"Feature","geometry":{"type":"LineString","coordinates":[[18.6322989,54.4018003],[18.6323245,54.401763],[18.6322824,54.4017532],[18.6322568,54.4017904],[18.6322989,54.4018003]]},"properties":{"building":"service","name":"Gdańska 21","power":"substation","ref":"T317625","substation":"minor_distribution"}},
{"type":"Feature","geometry":{"type":"LineString","coordinates":[[18.584528,54.3533326],[18.5845983,54.3533564],[18.5846443,54.3533115],[18.5845753,54.3532878],[18.584528,54.3533326]]},"properties":{"building":"service","power":"substation"}},
{"type":"Feature","geometry":{"type":"LineString","coordinates":[[18.588886,54.3487926],[18.588897,54.3487692],[18.5888491,54.3487616],[18.5888381,54.348785],[18.588886,54.3487926]]},"properties":{"building":"yes","power":"substation"}},
{"type":"Feature","geometry":{"type":"LineString","coordinates":[[18.6159996,54.3708438],[18.6160214,54.3708975],[18.6159756,54.3709038],[18.6159537,54.3708501],[18.6159996,54.3708438]]},"properties":{"building":"yes","power":"substation","voltage":"15000"}},
{"type":"Feature","geometry":{"type":"LineString","coordinates":[[18.6643441,54.347056],[18.6643735,54.3470087],[18.6644574,54.3470264],[18.664428,54.3470737],[18.6643441,54.347056]]},"properties":{"building":"yes","power":"substation"}},
{"type":"Feature","geometry":{"type":"LineString","coordinates":[[18.6513797,54.3400137],[18.6514158,54.3400501],[18.6515559,54.3401888],[18.6515734,54.3401832],[18.6516275,54.3401671],[18.6520177,54.3406149],[18.6524545,54.3408924],[18.6525865,54.340827],[18.6523405,54.3406599],[18.6521691,54.340535],[18.6521078,54.3404875],[18.6519608,54.3403321],[18.6518855,54.3401984],[18.6518506,54.3401353],[18.6518303,54.3400912],[18.6518204,54.3400562],[18.6517791,54.3399155],[18.6517701,54.3397717],[18.6517542,54.3395193],[18.6517539,54.3394236],[18.6517683,54.3393245],[18.6517901,54.3392709],[18.6517817,54.339272],[18.6516201,54.3392958],[18.6515381,54.3391065],[18.6515163,54.3390648],[18.6510143,54.3391897],[18.6508856,54.3392317],[18.6506449,54.3393198],[18.6506074,54.3393337],[18.6512175,54.3399366],[18.6512656,54.3399195],[18.6513409,54.3399941],[18.651356,54.3399891],[18.6513797,54.3400137]]},"properties":{"landuse":"industrial","man_made":"water_works","operator":"Gdańska Infrastruktura Wodociągowo-Kanalizacyjna"}},
{"type":"Feature","geometry":{"type":"LineString","coordinates":[[18.7100911,54.3576413],[18.7100103,54.3575364],[18.7103965,54.3575205],[18.7104203,54.3575319],[18.710434,54.3576268],[18.7103224,54.3576315],[18.7100911,54.3576413]]},"properties":{"landuse":"industrial","man_made":"wastewater_plant","name":"Przepompownia \"Gniła Łacha\""}},
{"type":"Feature","geometry":{"type":"LineString","coordinates":[[18.6169139,54.4073266],[18.6168871,54.4072999],[18.6168545,54.407311],[18.6168814,54.4073377],[18.6169139,54.4073266]]},"properties":{"building":"service","description":"Transformator \"Czarny Dwór Parking\"","power":"substation","ref":"T317607","substation":"minor_distribution"}},
{"type":"Feature","geometry":{"type":"LineString","coordinates":[[18.4679248,54.3825067],[18.4679106,54.3824842],[18.4678508,54.382497],[18.467865,54.3825195],[18.4679248,54.3825067]]},"properties":{"power":"substation","ref":"757"}},
{"type":"Feature","geometry":{"type":"LineString","coordinates":[[18.48391,54.3811505],[18.4841313,54.381126],[18.4841023,54.3810374],[18.4839197,54.3810576],[18.4839292,54.3810869],[18.4838906,54.3810911],[18.48391,54.3811505]]},"properties":{"building":"service","power":"substation"}},
{"type":"Feature","geometry":{"type":"LineString","coordinates":[[18.5859965,54.3392241],[18.586079,54.3392014],[18.5860623,54.3391801],[18.5860173,54.3391577],[18.5859475,54.3391987],[18.5859965,54.3392241]]},"properties":{"barrier":"fence","landuse":"industrial","man_made":"water_works","name":"Stacja podnoszenia ciśnienia \"Cedrowa\""}},
{"type":"Feature","geometry":{"type":"LineString","coordinates":[[18.5644353,54.3616186],[18.5644287,54.361641],[18.5644258,54.361651],[18.5645039,54.3616589],[18.5645065,54.36165],[18.5645135,54.3616264],[18.5644353,54.3616186]]},"properties":{"barrier":"fence","landuse":"industrial","man_made":"wastewater_plant","name":"Przepompownia ścieków Nowiec"}},
{"type":"Feature","geometry":{"type":"LineString","coordinates":[[18.5940885,54.3328016],[18.5940576,54.332836],[18.5939606,54.3328367],[18.5939242,54.3328643],[18.5938748,54.3329016],[18.5943814,54.3330864],[18.594451,54.3330252],[18.5945336,54.332896],[18.5940885,54.3328016]]},"properties":{"fence":"yes","landuse":"industrial","name":"Podstacja trakcyjna \"Tramwaje Łódzka\"","power":"substation"}},
{"type":"Feature","geometry":{"type":"LineString","coordinates":[[18.5888213,54.309426],[18.5888434,54.3094531],[18.588877,54.3094438],[18.5888549,54.3094167],[18.5888213,54.309426]]},"properties":{"building":"service","location":"indoor","power":"substation","substation":"minor_distribution","voltage":"15000;400"}},
{"type":"Feature","geometry":{"type":"LineString","coordinates":[[18.5922498,54.3940435],[18.5922683,54.3939927],[18.5921861,54.3939826],[18.5921676,54.3940334],[18.5922498,54.3940435]]},"properties":{"building":"service","frequency":"50","name":"Pilotów 13","new_ref":"T311050","operator":"Energa","operator:wikidata":"Q9253957","power":"substation","ref":"T-1050","substation":"minor_distribution","voltage":"15000;400"}},
{"type":"Feature","geometry":{"type":"LineString","coordinates":[[18.5880562,54.3955638],[18.5880326,54.3955205],[18.5881082,54.3955066],[18.5881318,54.3955499],[18.5880562,54.3955638]]},"properties":{"building":"service","frequency":"50","new_ref":"T311458","operator":"Energa","operator:wikidata":"Q9253957","power":"substation","ref":"T-1458","substation":"minor_distribution","voltage":"15000;400"}},
{"type":"Feature","geometry":{"type":"LineString","coordinates":[[18.6194531,54.3170625],[18.6194987,54.3170668],[18.6194933,54.3170861],[18.6194477,54.3170818],[18.6194531,54.3170625]]},"properties":{"location":"indoor","power":"substation","substation":"minor_distribution","voltage":"15000"}},
{"type":"Feature","geometry":{"type":"LineString","coordinates":[[18.6199114,54.3127891],[18.6199089,54.3128113],[18.6198564,54.3128092],[18.6198431,54.3128087],[18.6198456,54.3127865],[18.6199114,54.3127891]]},"properties":{"location":"indoor","power":"substation","substation":"minor_distribution","voltage":"15000"}},
{"type":"Feature","geometry":{"type":"LineString","coordinates":[[18.5937679,54.2927665],[18.5938065,54.2927651],[18.5938021,54.2927229],[18.5937635,54.2927243],[18.5937679,54.2927665]]},"properties":{"building":"yes","location":"indoor","power":"substation","substation":"minor_distribution","voltage":"15000"}},
{"type":"Feature","geometry":{"type":"LineString","coordinates":[[18.6062184,54.3041149],[18.6062479,54.3040933],[18.6062166,54.3040787],[18.6061991,54.3040915],[18.6061871,54.3041003],[18.6062184,54.3041149]]},"properties":{"location":"indoor","power":"substation","substation":"minor_distribution","voltage":"15000"}},
{"type":"Feature","geometry":{"type":"LineString","coordinates":[[18.6101368,54.3100783],[18.6101958,54.3100782],[18.6101957,54.310056],[18.6101367,54.3100561],[18.6101368,54.3100783]]},"properties":{"location":"indoor","power":"substation","substation":"minor_distribution","voltage":"15000"}},
{"type":"Feature","geometry":{"type":"LineString","coordinates":[[18.5857357,54.3085806],[18.5857437,54.3086029],[18.5856923,54.3086092],[18.5856824,54.3086104],[18.5856743,54.3085881],[18.5857357,54.3085806]]},"properties":{"building":"service","location":"indoor","power":"substation","substation":"minor_distribution","voltage":"15000"}},
{"type":"Feature","geometry":{"type":"LineString","coordinates":[[18.6084409,54.2983867],[18.6084731,54.2983798],[18.6084952,54.2984152],[18.608463,54.298422],[18.6084409,54.2983867]]},"properties":{"location":"indoor","power":"substation","substation":"minor_distribution","voltage":"15000"}},
{"type":"Feature","geometry":{"type":"LineString","coordinates":[[18.608821,54.3008924],[18.6088677,54.3008828],[18.6088539,54.3008599],[18.6088071,54.3008696],[18.608821,54.3008924]]},"properties":{"location":"indoor","name":"T-16845 Czerska","power":"substation","ref":"T-16845","substation":"minor_distribution","voltage":"15000"}},
{"type":"Feature","geometry":{"type":"LineString","coordinates":[[18.573323,54.400184],[18.573292,54.400218],[18.573237,54.400202],[18.573267,54.400168],[18.573323,54.400184]]},"properties":{"building":"service","building:levels":"1","power":"substation","source:building":"BDOT","source:geometry":"EGiB"}},
{"type":"Feature","geometry":{"type":"LineString","coordinates":[[18.688388,54.3700795],[18.6884263,54.3700096],[18.6885364,54.3700306],[18.688499,54.3701031],[18.6883956,54.3700846],[18.688388,54.3700795]]},"properties":{"barrier":"fence","landuse":"industrial","man_made":"wastewater_plant"}},
{"type":"Feature","geometry":{"type":"LineString","coordinates":[[18.601681,54.3970614],[18.6016583,54.3970405],[18.601721,54.3970173],[18.6017437,54.3970382],[18.601681,54.3970614]]},"properties":{"building":"service","frequency":"50","new_ref":"T316981","operator":"Energa","operator:wikidata":"Q9253957","power":"substation","ref":"T-16981","substation":"minor_distribution","voltage":"15000;400"}},
{"type":"Feature","geometry":{"type":"LineString","coordinates":[[18.5636256,54.4151553],[18.5637,54.4151728],[18.5637202,54.4151439],[18.5636457,54.4151263],[18.5636256,54.4151553]]},"properties":{"building":"service","power":"substation","substation":"minor_distribution"}},
{"type":"Feature","geometry":{"type":"LineString","coordinates":[[18.5643048,54.4146738],[18.5643814,54.4146919],[18.564402,54.4146622],[18.5643255,54.4146442],[18.5643048,54.4146738]]},"properties":{"building":"service","power":"substation","substation":"minor_distribution"}},
{"type":"Feature","geometry":{"type":"LineString","coordinates":[[18.5634054,54.4163013],[18.5634524,54.4162948],[18.5634351,54.4162524],[18.563388,54.4162589],[18.5634054,54.4163013]]},"properties":{"building":"service","power":"substation","substation":"minor_distribution"}},
{"type":"Feature","geometry":{"type":"LineString","coordinates":[[18.458928,54.4146676],[18.4591168,54.4146608],[18.459109,54.4145832],[18.45892,54.4145892],[18.458928,54.4146676]]},"properties":{"building":"service","building:levels":"1","frequency":"50","operator":"Energa","operator:wikidata":"Q9253957","power":"substation","source:building":"BDOT","substation":"minor_distribution","voltage":"15000;400"}},
{"type":"Feature","geometry":{"type":"LineString","coordinates":[[18.5524687,54.3178295],[18.5525793,54.3178535],[18.5526253,54.3177771],[18.5525147,54.3177532],[18.5524687,54.3178295]]},"properties":{"building":"outbuilding","building:levels":"1","name":"T-16157","power":"substation","source:building":"BDOT"}},
{"type":"Feature","geometry":{"type":"LineString","coordinates":[[18.6030178,54.3380208],[18.6030169,54.3380003],[18.603068,54.3379995],[18.603069,54.33802],[18.6030178,54.3380208]]},"properties":{"building":"service","power":"substation"}},
{"type":"Feature","geometry":{"type":"LineString","coordinates":[[18.6139281,54.3676913],[18.6139098,54.3676459],[18.6139839,54.3676357],[18.6140022,54.3676811],[18.6139281,54.3676913]]},"properties":{"building":"service","frequency":"50","operator":"Energa","operator:wikidata":"Q9253957","power":"substation","substation":"minor_distribution","voltage":"15000;400"}},
{"type":"Feature","geometry":{"type":"LineString","coordinates":[[18.6160385,54.3085793],[18.6159584,54.3085067],[18.6160789,54.3084614],[18.616159,54.308534],[18.6161403,54.308541],[18.6160385,54.3085793]]},"properties":{"building":"yes","name":"T--1169","power":"substation"}},
{"type":"Feature","geometry":{"type":"LineString","coordinates":[[18.6464702,54.3042278],[18.6463837,54.3044978],[18.6465534,54.3058533],[18.6468896,54.3058339],[18.6477036,54.3057965],[18.6488984,54.3057417],[18.6487502,54.3047667],[18.6471276,54.3044036],[18.6470777,54.3044832],[18.6470238,54.3044733],[18.6469897,54.304467],[18.6469196,54.3044541],[18.6468963,54.3043405],[18.6464702,54.3042278]]},"properties":{"addr:city":"Gdańsk","addr:country":"PL","addr:housenumber":"7","addr:postcode":"80-003","addr:street":"Niegowska","barrier":"fence","man_made":"water_works","name":"Ujęcie wody \"Lipce\"","operator":"Gdańskie Wodociągi S.A.","source":"https://www.gdanskiewodociagi.pl/ekologia/ujeciawody.aspx"}},
{"type":"Feature","geometry":{"type":"LineString","coordinates":[[18.6238112,54.4067369],[18.6238269,54.4067549],[18.6238357,54.4067626],[18.6238974,54.4067427],[18.6239026,54.4067411],[18.6238781,54.4067153],[18.6238112,54.4067369]]},"properties":{"building":"service","power":"substation","ref":"T317394","substation":"minor_distribution","unsigned_name":"Hallera Dwór"}},
{"type":"Feature","geometry":{"type":"LineString","coordinates":[[18.6284132,54.375963],[18.6284419,54.3759166],[18.62836,54.3758994],[18.6283312,54.3759458],[18.6284132,54.375963]]},"properties":{"building":"service","frequency":"0","name":"Kabina sekcyjna \"Zaspa\"","operator":"PGE Energetyka Kolejowa","operator:wikidata":"Q7119525","operator:wikipedia":"pl:PKP Energetyka","power":"substation","short_name":"KS Zaspa","substation":"traction","voltage":"3000"}},
{"type":"Feature","geometry":{"type":"LineString","coordinates":[[18.5906306,54.3311921],[18.5906502,54.3311513],[18.5907152,54.3311619],[18.5906956,54.3312026],[18.5906306,54.3311921]]},"properties":{"building":"yes","power":"substation"}},
{"type":"Feature","geometry":{"type":"LineString","coordinates":[[18.5958994,54.3942465],[18.5958355,54.394211],[18.5958947,54.3941749],[18.5959586,54.3942104],[18.5958994,54.3942465]]},"properties":{"building":"service","frequency":"50","new_ref":"T311145","operator":"Energa","operator:wikidata":"Q9253957","power":"substation","rating":"250 kVA","ref":"T-1145","substation":"minor_distribution","voltage":"15000;400"}},
{"type":"Feature","geometry":{"type":"LineString","coordinates":[[18.6948952,54.337815],[18.6949412,54.3378146],[18.6949401,54.3377716],[18.6948941,54.337772],[18.6948944,54.337786],[18.6948952,54.337815]]},"properties":{"gas_insulated":"yes","location":"indoor","power":"substation","start_date":"2023","substation":"industrial","voltage":"15000"}},
{"type":"Feature","geometry":{"type":"LineString","coordinates":[[18.6977685,54.336815],[18.6977678,54.3367876],[18.6978838,54.3367865],[18.6978846,54.3368139],[18.6978001,54.3368147],[18.6977685,54.336815]]},"properties":{"gas_insulated":"yes","location":"indoor","power":"substation","start_date":"2023","substation":"industrial","voltage":"15000"}},
{"type":"Feature","geometry":{"type":"LineString","coordinates":[[18.6483842,54.3354156],[18.6484289,54.335451],[18.6484948,54.3354243],[18.6484516,54.3353878],[18.6483842,54.3354156]]},"properties":{"location":"indoor","name":"Stacja elektroenergetyczna 15/0,4kV Czerwony Most","power":"substation","ref":"T-1649","substation":"minor_distribution","voltage":"15000"}},
{"type":"Feature","geometry":{"type":"LineString","coordinates":[[18.6063056,54.3972968],[18.6062867,54.397246],[18.6062236,54.3972539],[18.6062425,54.3973048],[18.6063056,54.3972968]]},"properties":{"building":"service","frequency":"50","operator":"Energa","operator:wikidata":"Q9253957","power":"substation","substation":"minor_distribution","voltage":"15000;400"}},
{"type":"Feature","geometry":{"type":"LineString","coordinates":[[18.4901441,54.4105435],[18.490152899999999,54.4105194],[18.4902086,54.4105255],[18.4901992,54.4105503],[18.4901441,54.4105435]]},"properties":{"building":"service","power":"substation","substation":"minor_distribution"}},
{"type":"Feature","geometry":{"type":"LineString","coordinates":[[18.5521128,54.3177604],[18.5521199,54.3177618],[18.5521211,54.3177594],[18.5522124,54.317778],[18.552256,54.3177029],[18.5521593,54.3176835],[18.5521523,54.3176952],[18.5521147,54.3177573],[18.5521128,54.3177604]]},"properties":{"building":"outbuilding","building:levels":"1","name":"T-16359","power":"substation","source:building":"BDOT"}},
{"type":"Feature","geometry":{"type":"LineString","coordinates":[[18.4588409,54.4158136],[18.4588781,54.4158116],[18.4588737,54.4157846],[18.4588365,54.4157866],[18.4588409,54.4158136]]},"properties":{"building":"service","frequency":"50","operator":"Energa","operator:wikidata":"Q9253957","power":"substation","substation":"minor_distribution","voltage":"15000;400"}},
{"type":"Feature","geometry":{"type":"LineString","coordinates":[[18.5884803,54.396495],[18.5885145,54.3964741],[18.5885433,54.3964901],[18.5885092,54.396511],[18.5884803,54.396495]]},"properties":{"building":"service","frequency":"50","new_ref":"T311714","operator":"Energa","operator:wikidata":"Q9253957","power":"substation","rating":"630 kVA","ref":"T-1714","substation":"minor_distribution","voltage":"15000;400"}},
{"type":"Feature","geometry":{"type":"LineString","coordinates":[[18.5917562,54.3957638],[18.5917855,54.3957792],[18.5917449,54.3958055],[18.5917156,54.3957901],[18.5917562,54.3957638]]},"properties":{"building":"service","frequency":"50","name":"Startowa 19","new_ref":"T316988","operator":"Energa","operator:wikidata":"Q9253957","power":"substation","ref":"T-16988","substation":"minor_distribution","voltage":"15000;400"}},
{"type":"Feature","geometry":{"type":"LineString","coordinates":[[18.5946065,54.3972352],[18.594669,54.3972694],[18.5946125,54.3973043],[18.59455,54.3972701],[18.5946065,54.3972352]]},"properties":{"building":"service","frequency":"50","new_ref":"T311033","operator":"Energa","operator:wikidata":"Q9253957","power":"substation","rating":"400 kVA","ref":"T-1033","substation":"minor_distribution","voltage":"15000;400"}},
{"type":"Feature","geometry":{"type":"LineString","coordinates":[[18.5982658,54.3959838],[18.5983298,54.3960181],[18.5982719,54.3960548],[18.5982078,54.3960205],[18.5982658,54.3959838]]},"properties":{"building":"service","frequency":"50","new_ref":"T311566","operator":"Energa","operator:wikidata":"Q9253957","power":"substation","rating":"400 kVA","ref":"T-1566","substation":"minor_distribution","voltage":"15000;400"}},
{"type":"Feature","geometry":{"type":"LineString","coordinates":[[18.5996281,54.3908747],[18.5996742,54.3909201],[18.5996049,54.3909439],[18.5995588,54.3908986],[18.5996281,54.3908747]]},"properties":{"building":"service","frequency":"50","operator":"Energa","operator:wikidata":"Q9253957","power":"substation","substation":"minor_distribution","voltage":"15000;400"}},
{"type":"Feature","geometry":{"type":"LineString","coordinates":[[18.6002467,54.3930981],[18.6002701,54.3930913],[18.6002617,54.3930816],[18.6002383,54.3930884],[18.6002467,54.3930981]]},"properties":{"building":"service","frequency":"50","operator":"Energa","operator:wikidata":"Q9253957","power":"substation","ref":"T317471","substation":"distribution","voltage":"15000"}},
{"type":"Feature","geometry":{"type":"LineString","coordinates":[[18.6248219,54.3894753],[18.6248259,54.3895253],[18.6247414,54.3895276],[18.6247374,54.3894776],[18.6248219,54.3894753]]},"properties":{"building":"service","frequency":"50","new_ref":"T311483","operator":"Energa","operator:wikidata":"Q9253957","power":"substation","ref":"T-1483","substation":"minor_distribution","voltage":"15000;400"}},
{"type":"Feature","geometry":{"type":"LineString","coordinates":[[18.5178634,54.3524179],[18.5178718,54.3524253],[18.517905,54.3524125],[18.5178966,54.3524051],[18.5178745,54.3524136],[18.5178685,54.352416],[18.5178634,54.3524179]]},"properties":{"building":"service","frequency":"50","operator":"Energa","operator:wikidata":"Q9253957","power":"substation","substation":"distribution","voltage":"15000"}},
{"type":"Feature","geometry":{"type":"LineString","coordinates":[[18.5151844,54.3550404],[18.5151895,54.3550633],[18.5152439,54.3550593],[18.5152389,54.3550363],[18.5151844,54.3550404]]},"properties":{"building":"service","frequency":"50","name":"Kalinowa 12","new_ref":"T317035","operator":"Energa","operator:wikidata":"Q9253957","power":"substation","ref":"T-17035","substation":"minor_distribution","voltage":"15000;400"}},
{"type":"Feature","geometry":{"type":"LineString","coordinates":[[18.598413,54.422934],[18.598336,54.422964],[18.598278,54.422912],[18.598353,54.422882],[18.598413,54.422934]]},"properties":{"building":"service","building:levels":"1","name":"Kapliczna","power":"substation","ref":"T-1996","source:building":"BDOT","source:geometry":"EGiB","substation":"minor_distribution","voltage":"15000;400"}},
{"type":"Feature","geometry":{"type":"LineString","coordinates":[[18.682343,54.339026],[18.682297,54.339066],[18.682219,54.339035],[18.682264,54.338996],[18.682343,54.339026]]},"properties":{"building":"yes","name":"Kabina sekcyjna \"Gdańsk Olszynka\"","operator":"PGE Energetyka Kolejowa","operator:wikidata":"Q7119525","operator:wikipedia":"pl:PKP Energetyka","power":"substation","short_name":"KS Gdańsk Olszynka","source:building":"EGiB","substation":"traction"}},
{"type":"Feature","geometry":{"type":"LineString","coordinates":[[18.5878858,54.3552455],[18.5879139,54.3552354],[18.5879591,54.3552191],[18.5880133,54.3552703],[18.58794,54.3552967],[18.5879026,54.3552613],[18.5878858,54.3552455]]},"properties":{"building":"service","power":"substation"}},
{"type":"Feature","geometry":{"type":"LineString","coordinates":[[18.7088684,54.3582089],[18.7089113,54.3582103],[18.7089149,54.3581807],[18.7088708,54.3581796],[18.7088684,54.3582089]]},"properties":{"name":"T-16770","operator":"Energa","operator:wikidata":"Q9253957","power":"substation","substation":"yes"}},
{"type":"Feature","geometry":{"type":"LineString","coordinates":[[18.6144544,54.3038748],[18.6145023,54.3039094],[18.6145332,54.3038951],[18.6144844,54.3038606],[18.6144544,54.3038748]]},"properties":{"name":"T-16844","operator":"Energa","operator:wikidata":"Q9253957","power":"substation"}},
{"type":"Feature","geometry":{"type":"LineString","coordinates":[[18.6012883,54.3079386],[18.601297,54.3079145],[18.6013565,54.3079217],[18.6013459,54.3079459],[18.6012883,54.3079386]]},"properties":{"name":"Niepołomicka","operator":"Energa","operator:wikidata":"Q9253957","power":"substation","ref":"T-16874"}},
{"type":"Feature","geometry":{"type":"LineString","coordinates":[[18.6116171,54.315068],[18.6116184,54.3150496],[18.6116642,54.3150498],[18.6116647,54.3150692],[18.6116171,54.315068]]},"properties":{"name":"T-16795 Pienkowskiej","operator":"Energa","operator:wikidata":"Q9253957","power":"substation"}},
{"type":"Feature","geometry":{"type":"LineString","coordinates":[[18.6852243,54.3400352],[18.6852506,54.340019],[18.6853186,54.3400566],[18.6852924,54.3400728],[18.6852243,54.3400352]]},"properties":{"building":"yes","name":"Kabina sekcyjna \"LOTOS\"","operator":"PGE Energetyka Kolejowa","operator:wikidata":"Q7119525","operator:wikipedia":"pl:PKP Energetyka","power":"substation","short_name":"KS LOTOS","substation":"traction"}},
{"type":"Feature","geometry":{"type":"LineString","coordinates":[[18.4503526,54.4194529],[18.4509318,54.4200356],[18.4513979,54.4198786],[18.4511355,54.4196143],[18.4508968,54.419373],[18.4507894,54.4194086],[18.4507436,54.4193626],[18.4507253,54.419344100000007],[18.4507123,54.4193311],[18.4503526,54.4194529]]},"properties":{"barrier":"fence","frequency":"0","location":"indoor","name":"Podstacja trakcyjna \"Gdańsk Osowa\"","operator":"PGE Energetyka Kolejowa S.A.","power":"substation","short_name":"PT Gdańsk Osowa","substation":"traction","voltage":"3000"}},
{"type":"Feature","geometry":{"type":"LineString","coordinates":[[18.5840505,54.3669132],[18.5840601,54.3668524],[18.5841071,54.3668549],[18.5840976,54.3669157],[18.5840505,54.3669132]]},"properties":{"power":"substation","substation":"minor_distribution"}},
{"type":"Feature","geometry":{"type":"MultiPolygon","coordinates":[[[[18.6497755,54.3743345],[18.6507008,54.3741101],[18.6513195,54.3749756],[18.6503942,54.3752],[18.6497755,54.3743345]]]]},"properties":{"barrier":"fence","location":"outdoor","name":"Stacja elektroenergetyczna 110kV Ostrów","power":"substation","substation":"industrial","voltage":"110000"}},
{"type":"Feature","geometry":{"type":"MultiPolygon","coordinates":[[[[18.6292087,54.3365072],[18.6304308,54.3364449],[18.6304737,54.3367897],[18.6304838,54.3368712],[18.630527,54.3372189],[18.6293091,54.3372716],[18.6292703,54.336976],[18.6292538,54.3368497],[18.6292473,54.3368],[18.6292087,54.3365072]]]]},"properties":{"barrier":"fence","name":"Stacja elektroenergetyczna 110/15kV Chełm","operator":"Energa Operator","power":"substation","voltage":"110000;15000"}},
{"type":"Feature","geometry":{"type":"MultiPolygon","coordinates":[[[[18.6507534,54.3320435],[18.6514731,54.3319926],[18.6515284,54.3319887],[18.6518058,54.3326936],[18.651041,54.3327965],[18.6507534,54.3320435]]]]},"properties":{"barrier":"fence","name":"Stacja elektroenergetyczna 110/15kV Czerwony Most","power":"substation","voltage":"110000;15000"}},
{"type":"Feature","geometry":{"type":"MultiPolygon","coordinates":[[[[18.7450474,54.3585043],[18.7461099,54.3582631],[18.7461998,54.3583912],[18.7470551,54.3581982],[18.7474132,54.358731],[18.746563,54.3589316],[18.7465471,54.3589069],[18.7465369,54.3588911],[18.7465084,54.3588468],[18.7462406,54.3589065],[18.7454303,54.359082],[18.7450474,54.3585043]]]]},"properties":{"barrier":"fence","location":"outdoor","name":"Stacja elektroenergetyczna 110/15kV Górki Zachodnie","power":"substation","ref":"GRK","substation":"distribution","voltage":"110000;15000"}},
{"type":"Feature","geometry":{"type":"MultiPolygon","coordinates":[[[[18.7272282,54.3457271],[18.7280849,54.3456331],[18.72819,54.3459586],[18.728384899999999,54.3459373],[18.7286172,54.3466568],[18.7284193,54.3466784],[18.728468,54.3468295],[18.7276135,54.3469232],[18.7272282,54.3457271]]]]},"properties":{"name":"Stacja elektroenergetyczna 110kV Rafineria - zdemontowana","power":"substation","voltage":"110000"}},
{"type":"Feature","geometry":{"type":"MultiPolygon","coordinates":[[[[18.583658,54.404793],[18.583832,54.404784],[18.583833,54.404787],[18.583849,54.40489],[18.583852,54.404911],[18.583857,54.404944],[18.58386,54.404966],[18.583865,54.404998],[18.583866,54.405004],[18.583686,54.405014],[18.583658,54.404793]]]]},"properties":{"building":"service","building:levels":"1","power":"substation","roof:shape":"flat","source:building":"BDOT","source:geometry":"EGiB","substation":"minor_distribution"}},
{"type":"Feature","geometry":{"type":"MultiPolygon","coordinates":[[[[18.64034,54.406883],[18.640422,54.406865],[18.640461,54.406923],[18.640379,54.406942],[18.64034,54.406883]]]]},"properties":{"addr:city":"Gdańsk","addr:country":"PL","addr:housenumber":"5","addr:postcode":"80-515","addr:street":"Ignacego Krasickiego","building":"service","building:levels":"1","power":"substation","ref":"T-1372","source:addr":"Urząd Miasta Gdańsk","source:building":"EGiB"}},
{"type":"Feature","geometry":{"type":"MultiPolygon","coordinates":[[[[18.4827903,54.4249459],[18.4828392,54.4248946],[18.4829211,54.424921],[18.4828722,54.4249723],[18.4827903,54.4249459]]]]},"properties":{"building":"yes","power":"substation"}},
{"type":"Feature","geometry":{"type":"MultiPolygon","coordinates":[[[[18.4694007,54.4259491],[18.4694691,54.4259184],[18.4695196,54.4259565],[18.4694512,54.4259873],[18.4694007,54.4259491]]]]},"properties":{"building":"service","building:levels":"1","frequency":"50","name":"T-11-10","new_ref":"T311110","operator":"Energa","operator:wikidata":"Q9253957","power":"substation","substation":"minor_distribution","voltage":"15000;400"}},
{"type":"Feature","geometry":{"type":"MultiPolygon","coordinates":[[[[18.6187526,54.3184293],[18.6189132,54.3174541],[18.6189409,54.3172875],[18.6189889,54.3169982],[18.6194148,54.3170204],[18.6194083,54.3170584],[18.6193998,54.3171071],[18.6195471,54.3171158],[18.6195605,54.3170286],[18.6201717,54.3170634],[18.6202069,54.3170654],[18.6202371,54.3170671],[18.6214353,54.3171344],[18.6213084,54.3179055],[18.6211996,54.3185671],[18.6192116,54.3184551],[18.6191813,54.3184532],[18.6187526,54.3184293]]]]},"properties":{"barrier":"fence","landuse":"industrial","man_made":"water_works","name":"Stacja Ciśnień"}},
{"type":"Feature","geometry":{"type":"MultiPolygon","coordinates":[[[[18.6399811,54.327672],[18.6400652,54.3276705],[18.6400679,54.3277208],[18.6399837,54.3277223],[18.6399811,54.327672]]]]},"properties":{"name":"T-1075","power":"substation"}},
{"type":"Feature","geometry":{"type":"MultiPolygon","coordinates":[[[[18.6726981,54.3717931],[18.6727986,54.3715662],[18.6728187,54.3715209],[18.672863,54.3714209],[18.6730188,54.3710692],[18.6743777,54.3712735],[18.6741883,54.3717009],[18.6740569,54.3719974],[18.6737648,54.3719535],[18.6736094,54.3719302],[18.6728381,54.3718142],[18.6726981,54.3717931]]]]},"properties":{"barrier":"fence","location":"outdoor","name":"Stacja elektroenergetyczna 110kV Basen Górniczy","power":"substation","substation":"distribution","voltage":"110000"}},
{"type":"Feature","geometry":{"type":"MultiPolygon","coordinates":[[[[18.705702,54.3385814],[18.7094819,54.3364576],[18.7117142,54.3378032],[18.7126261,54.3383529],[18.7127452,54.3384247],[18.7116412,54.3390536],[18.7135626,54.3402198],[18.7123365,54.3409013],[18.7106256,54.3398633],[18.7105467,54.3399032],[18.7098408,54.3394804],[18.7084685,54.3402697],[18.705702,54.3385814]]]]},"properties":{"barrier":"fence","name":"Stacja elektroenergetyczna \"Gdańsk Błonia\" 400/110 kV","not:operator:wikidata":"Q1749435","operator":"PSE Operator","power":"substation","ref":"GBL","substation":"transmission","voltage":"400000;110000"}},
{"type":"Feature","geometry":{"type":"MultiPolygon","coordinates":[[[[18.4403437,54.3375217],[18.4407323,54.3374716],[18.440851,54.3374561],[18.4409891,54.3374391],[18.4410234,54.3375325],[18.4410314,54.3375542],[18.4408649,54.3375763],[18.4407478,54.3375918],[18.4403889,54.3376376],[18.4403437,54.3375217]]]]},"properties":{"addr:city":"Leźno","addr:housenumber":"29","addr:postcode":"80-298","addr:street":"Żukowska","building":"yes","gas_insulated":"yes","power":"substation","source:addr":"UG Żukowo","voltage":"220000"}},
{"type":"Feature","geometry":{"type":"MultiPolygon","coordinates":[[[[18.6087646,54.4097959],[18.6091647,54.4096107],[18.6091849,54.4096013],[18.6092063,54.4095914],[18.6093445,54.4095274],[18.6103249,54.4090744],[18.6107994,54.4093046],[18.6111846,54.4094929],[18.6112021,54.4095014],[18.6112186,54.4095095],[18.6113333,54.4095821],[18.6117637,54.409854],[18.6104342,54.4106957],[18.6087646,54.4097959]]]]},"properties":{"barrier":"fence","man_made":"water_works","name":"Stacja uzdatniania wody \"Czarny Dwór\"","operator":"Gdańska Infrastruktura Wodociągowo-Kanalizacyjna Sp. z o.o."}},
{"type":"Feature","geometry":{"type":"MultiPolygon","coordinates":[[[[18.6601959,54.3551689],[18.6602565,54.3551397],[18.660307,54.3551753],[18.6602465,54.3552045],[18.6601959,54.3551689]]]]},"properties":{"building":"industrial","power":"substation","source:building":"EGiB"}},
{"type":"Feature","geometry":{"type":"MultiPolygon","coordinates":[[[[18.6552703,54.3514538],[18.6554276,54.3514319],[18.6554634,54.3515196],[18.6553062,54.3515414],[18.6552703,54.3514538]]]]},"properties":{"building":"yes","building:levels":"2","building:material":"brick","power":"substation","roof:colour":"#ff8858","roof:material":"roof_tiles","roof:shape":"pyramidal","source:geometry":"gis.gdansk.pl","substation":"minor_distribution"}},
{"type":"Feature","geometry":{"type":"MultiPolygon","coordinates":[[[[18.5924025,54.3075957],[18.5924114,54.3075766],[18.5924536,54.3075833],[18.5924447,54.3076025],[18.5924025,54.3075957]]]]},"properties":{"building":"service","location":"indoor","power":"substation","substation":"minor_distribution","voltage":"15000;400"}},
{"type":"Feature","geometry":{"type":"MultiPolygon","coordinates":[[[[18.6111286,54.3246465],[18.6111609,54.324617],[18.6112111,54.3246358],[18.6111788,54.3246653],[18.6111286,54.3246465]]]]},"properties":{"building":"industrial","power":"substation"}},
{"type":"Feature","geometry":{"type":"MultiPolygon","coordinates":[[[[18.5798332,54.3033413],[18.5799228,54.30334],[18.5799249,54.3033877],[18.5798352,54.303389],[18.5798332,54.3033413]]]]},"properties":{"building":"yes","power":"substation"}},
{"type":"Feature","geometry":{"type":"MultiPolygon","coordinates":[[[[18.4397433,54.3373617],[18.4412021,54.3371757],[18.4409941,54.336606],[18.4425691,54.3363991],[18.4429033,54.337275],[18.4418513,54.3374099],[18.442086,54.3380288],[18.4413735,54.3381214],[18.4408447,54.3381884],[18.441134,54.3389361],[18.440381,54.3390303],[18.4397433,54.3373617]]]]},"properties":{"barrier":"fence","name":"Stacja elektroenergetyczna \"Gdańsk I\" 400/220/110 kV","operator":"PSE Operator","power":"substation","ref":"GDA","substation":"transmission","voltage":"400000;220000;110000"}},
{"type":"Feature","geometry":{"type":"MultiPolygon","coordinates":[[[[18.4053492,54.3402122],[18.4053982,54.3402053],[18.4054092,54.3402322],[18.4053602,54.340239],[18.4053492,54.3402122]]]]},"properties":{"power":"substation"}},
{"type":"Feature","geometry":{"type":"MultiPolygon","coordinates":[[[[18.5652519,54.3106113],[18.5652949,54.3105653],[18.5653747,54.3105907],[18.5653317,54.3106367],[18.5652519,54.3106113]]]]},"properties":{"building":"service","location":"indoor","power":"substation","ref":"T-15070","substation":"minor_distribution"}},
{"type":"Feature","geometry":{"type":"MultiPolygon","coordinates":[[[[18.4323561,54.3460349],[18.4324184,54.3460296],[18.4324293,54.3460737],[18.432367,54.346079],[18.4323561,54.3460349]]]]},"properties":{"building":"service","frequency":"50","location":"indoor","operator":"Energa","power":"substation","substation":"minor_distribution","voltage":"15000;400"}},
{"type":"Feature","geometry":{"type":"MultiPolygon","coordinates":[[[[18.4377463,54.3487107],[18.4378044,54.3486964],[18.4378265,54.348727],[18.4377684,54.3487413],[18.4377463,54.3487107]]]]},"properties":{"building":"service","location":"indoor","power":"substation","substation":"minor_distribution","voltage":"15000"}},
{"type":"Feature","geometry":{"type":"MultiPolygon","coordinates":[[[[18.6222218,54.3273135],[18.6222225,54.3272792],[18.6222883,54.3272796],[18.6222876,54.3273139],[18.6222218,54.3273135]]]]},"properties":{"building":"service","building:levels":"1","power":"substation"}},
{"type":"Feature","geometry":{"type":"MultiPolygon","coordinates":[[[[18.5906663,54.3539766],[18.5911978,54.3531344],[18.5924351,54.3536394],[18.5919254,54.3540978],[18.5913726,54.354598],[18.5912418,54.354536],[18.5912094,54.3545187],[18.5912319,54.3544382],[18.5907889,54.3542066],[18.5906663,54.3539766]]]]},"properties":{"barrier":"fence","frequency":"50","location":"outdoor","name":"Stacja elektroenergetyczna 110/15kV „Piecki”","operator":"Energa","operator:wikidata":"Q9253957","power":"substation","ref":"PEK5","substation":"transmission","voltage":"110000;15000"}},
{"type":"Feature","geometry":{"type":"MultiPolygon","coordinates":[[[[18.4626524,54.4427381],[18.4637697,54.4419257],[18.4646828,54.4423841],[18.46343,54.4433277],[18.4634098,54.4433163],[18.4629317,54.4430457],[18.4627631,54.4429521],[18.4629052,54.4428603],[18.4627219,54.4427717],[18.4626524,54.4427381]]]]},"properties":{"barrier":"fence","landuse":"industrial","man_made":"water_works","name":"SAUR Stacja uzdaniania wody","source":"survey"}},
{"type":"Feature","geometry":{"type":"MultiPolygon","coordinates":[[[[18.6301286,54.3576596],[18.630173,54.3576315],[18.6302218,54.3576572],[18.6301766,54.3576854],[18.6301286,54.3576596]]]]},"properties":{"building":"industrial","power":"substation"}},
{"type":"Feature","geometry":{"type":"MultiPolygon","coordinates":[[[[18.6323239,54.357143],[18.6323354,54.3571049],[18.6324001,54.3571116],[18.6323886,54.3571497],[18.6323239,54.357143]]]]},"properties":{"building":"service","power":"substation"}},
{"type":"Feature","geometry":{"type":"MultiPolygon","coordinates":[[[[18.5977868,54.3845543],[18.5981261,54.3843582],[18.5982153,54.3844105],[18.5982979,54.384459],[18.5979586,54.3846551],[18.5978737,54.3846053],[18.5977868,54.3845543]]]]},"properties":{"building":"industrial","building:levels":"2","roof:direction":"SE","roof:material":"tar_paper","roof:shape":"gabled"}},
{"type":"Feature","geometry":{"type":"MultiPolygon","coordinates":[[[[18.4606892,54.4384067],[18.4607569,54.4383748],[18.4608037,54.4384084],[18.460736,54.4384404],[18.4606892,54.4384067]]]]},"properties":{"building":"industrial","power":"substation"}},
{"type":"Feature","geometry":{"type":"MultiPolygon","coordinates":[[[[18.6910609,54.388645],[18.6921265,54.3886468],[18.6921393,54.3893104],[18.6921427,54.3896596],[18.6921428,54.3896741],[18.692143,54.3896877],[18.6921054,54.3897072],[18.6910875,54.3897213],[18.6910865,54.3896869],[18.6910756,54.3892749],[18.6910609,54.388645]]]]},"properties":{"barrier":"fence","location":"outdoor","name":"Stacja elektroenergetyczna 110/15kV \"Gdańsk Port Północny\"","operator":"Port Gdańsk","power":"substation","ref":"POP","substation":"distribution","voltage":"110000;15000"}},
{"type":"Feature","geometry":{"type":"MultiPolygon","coordinates":[[[[18.6346268,54.3791994],[18.6354424,54.3787906],[18.6360458,54.3792003],[18.63667,54.3788898],[18.6376698,54.3795643],[18.6375759,54.3796694],[18.636928,54.3800614],[18.6363337,54.3803616],[18.6356019,54.3798644],[18.6346948,54.3792389],[18.6346268,54.3791994]]]]},"properties":{"barrier":"fence","location":"outdoor","name":"Stacja elektroenergetyczna 110kV „Gdańsk II”","operator":"Energa","operator:wikidata":"Q9253957","power":"substation","ref":"GD25","substation":"distribution","voltage":"110000"}},
{"type":"Feature","geometry":{"type":"MultiPolygon","coordinates":[[[[18.600733,54.3865525],[18.6007604,54.386353],[18.6007642,54.3863294],[18.600777,54.3862556],[18.600805,54.3860898],[18.6010694,54.3859704],[18.6019254,54.386042],[18.6019422,54.3860454],[18.601995,54.3860743],[18.6022058,54.3862623],[18.6022342,54.3864099],[18.60219,54.3866322],[18.6021632,54.3866742],[18.6019825,54.3866608],[18.6019733,54.3867164],[18.6010983,54.3866751],[18.6011071,54.3866091],[18.6009998,54.3866043],[18.6009911,54.38667],[18.6009872,54.3866698],[18.600733,54.3865525]]]]},"properties":{"barrier":"fence","frequency":"50","location":"outdoor","name":"Stacja elektroenergetyczna 110/15kV „Zaspa”","operator":"Energa","operator:wikidata":"Q9253957","power":"substation","ref":"ZAS5","ref:Energa":"01500","substation":"transmission","voltage":"110000;15000"}},
{"type":"Feature","geometry":{"type":"MultiPolygon","coordinates":[[[[18.6441009,54.3975523],[18.6445774,54.3972493],[18.6446157,54.397271],[18.6446488,54.3972897],[18.6447012,54.397259],[18.6452443,54.3975536],[18.644722,54.3978846],[18.6441009,54.3975523]]]]},"properties":{"barrier":"fence","location":"indoor","name":"Stacja elektroenergetyczna 110kV Nowy Port","operator":"Energa Operator","power":"substation","substation":"distribution","voltage":"110000"}},
{"type":"Feature","geometry":{"type":"MultiPolygon","coordinates":[[[[18.6049564,54.404315],[18.6052277,54.4038293],[18.6053263,54.4036528],[18.6053732,54.4035689],[18.6062615,54.4039005],[18.6063743,54.4039422],[18.6070289,54.4041835],[18.6067567,54.4046722],[18.6058482,54.404492],[18.6049564,54.404315]]]]},"properties":{"barrier":"fence","location":"outdoor","name":"Stacja elektroenergetyczna 110kV Przymorze","operator":"Energa","operator:wikidata":"Q9253957","power":"substation","substation":"distribution","voltage":"110000;15000"}},
{"type":"Feature","geometry":{"type":"MultiPolygon","coordinates":[[[[18.5747086,54.4050234],[18.5751575,54.4043389],[18.5754593,54.404378],[18.5755226,54.4043862],[18.5758825,54.4044329],[18.5756091,54.4051259],[18.5747086,54.4050234]]]]},"properties":{"barrier":"fence","landuse":"industrial","name":"Stacja elektroenergetyczna 110/15kV Oliwa","power":"substation","substation":"distribution","voltage":"110000;15000"}},
{"type":"Feature","geometry":{"type":"MultiPolygon","coordinates":[[[[18.5843146,54.4169439],[18.5845671,54.4164867],[18.5853856,54.4167549],[18.5854317,54.41677],[18.5858888,54.4169199],[18.5858351,54.4169772],[18.5858992,54.417024],[18.585916,54.4170441],[18.5859975,54.4170604],[18.5858785,54.4172511],[18.5858672,54.4172543],[18.5857499,54.4172301],[18.5857532,54.4172198],[18.5856135,54.4171794],[18.5854611,54.4173699],[18.5853496,54.4173391],[18.5853052,54.4173281],[18.585339,54.4172872],[18.5851246,54.4172272],[18.5850844,54.4172758],[18.5850324,54.4172606],[18.5849485,54.4172361],[18.5849797,54.4171995],[18.5847033,54.4170995],[18.5843146,54.4169439]]]]},"properties":{"name":"Stacja elektroenergetyczna 110/15kV Pomorska","power":"substation","substation":"distribution","voltage":"110000;15000"}},
{"type":"Feature","geometry":{"type":"MultiPolygon","coordinates":[[[[18.6893713,54.3390607],[18.6906888,54.3385028],[18.6914499,54.3391043],[18.6905544,54.3394997],[18.6909458,54.3397992],[18.6905217,54.3399799],[18.6894887,54.3391545],[18.6893713,54.3390607]]]]},"properties":{"barrier":"fence","location":"outdoor","name":"Stacja elektroenergetyczna 110/15kV Leśniewo","power":"substation","substation":"distribution","voltage":"110000;15000"}},
{"type":"Feature","geometry":{"type":"MultiPolygon","coordinates":[[[[18.66658,54.353829],[18.666605,54.3538],[18.6668437,54.3535273],[18.6670685,54.3533011],[18.667685,54.3535769],[18.6670697,54.3539484],[18.6669493,54.3539504],[18.6668742,54.3539297],[18.6668175,54.3539108],[18.6666929,54.3538689],[18.6666169,54.35384],[18.66658,54.353829]]]]},"properties":{"barrier":"fence","name":"Stacja elektroenergetyczna 110/15kV Motława","power":"substation","voltage":"110000;15000"}},
{"type":"Feature","geometry":{"type":"MultiPolygon","coordinates":[[[[18.4919141,54.4278557],[18.491973,54.4275251],[18.491982,54.4274744],[18.4923407,54.4274949],[18.4923535,54.4274108],[18.4925338,54.4273804],[18.4929336,54.427405],[18.4928339,54.4279536],[18.4919141,54.4278557]]]]},"properties":{"barrier":"fence","landuse":"industrial","name":"Stacja elektroenergetyczna 110/15kV Wysoka","power":"substation","substation":"distribution","voltage":"110000;15000"}},
{"type":"Feature","geometry":{"type":"MultiPolygon","coordinates":[[[[18.5569956,54.4277526],[18.5571296,54.4273926],[18.557978,54.427506],[18.558644,54.4275964],[18.558712,54.4276051],[18.558571,54.4279625],[18.5585115,54.4279556],[18.558389,54.427939],[18.557817,54.4278623],[18.5569956,54.4277526]]]]},"properties":{"barrier":"fence","location":"outdoor","name":"Stacja elektroenergetyczna 110/15kV Sopot","operator":"Energa Operator","power":"substation","substation":"distribution","voltage":"110000;15000"}},
{"type":"Feature","geometry":{"type":"MultiPolygon","coordinates":[[[[18.4864623,54.3613065],[18.4869242,54.360223],[18.4879463,54.3603722],[18.4874532,54.3615115],[18.4873781,54.3615016],[18.4873105,54.3614927],[18.4872432,54.3614193],[18.4864623,54.3613065]]]]},"properties":{"barrier":"fence","name":"Stacja elektroenergetyczna 110/15kV Kokoszki","power":"substation","substation":"distribution","voltage":"110000;15000"}},
{"type":"Feature","geometry":{"type":"MultiPolygon","coordinates":[[[[18.6595401,54.3519432],[18.6595763,54.351936],[18.659606,54.3519869],[18.6595697,54.3519941],[18.6595401,54.3519432]]]]},"properties":{"power":"substation"}},
{"type":"Feature","geometry":{"type":"MultiPolygon","coordinates":[[[[18.6620754,54.3536672],[18.6626382,54.3532535],[18.6627097,54.3532187],[18.6627412,54.3532281],[18.6627565,54.3532195],[18.6627873,54.3532035],[18.6629974,54.3533096],[18.6631901,54.3533722],[18.663682,54.3535892],[18.6635065,54.3538787],[18.6630322,54.3538519],[18.6626491,54.3538251],[18.662593,54.3538181],[18.6625074,54.3538028],[18.6622631,54.3537772],[18.662107,54.3537426],[18.6620754,54.3536672]]]]},"properties":{"barrier":"fence","landuse":"industrial","man_made":"wastewater_plant","name":"Przepompownia Ścieków Ołowianka PM-1","name:de":"Städtisches Pumpwerk"}},
{"type":"Feature","geometry":{"type":"MultiPolygon","coordinates":[[[[18.5711607,54.3049526],[18.5711832,54.3049281],[18.5712172,54.3049387],[18.5711947,54.3049632],[18.5711607,54.3049526]]]]},"properties":{"addr:city":"Kowale","area":"yes","power":"substation"}},
{"type":"Feature","geometry":{"type":"MultiPolygon","coordinates":[[[[18.6250157,54.3263994],[18.625016,54.3263509],[18.6251082,54.3263511],[18.6251079,54.3263996],[18.6250157,54.3263994]]]]},"properties":{"name":"T-1158","power":"substation"}},
{"type":"Feature","geometry":{"type":"MultiPolygon","coordinates":[[[[18.6667502,54.3581408],[18.6667819,54.3581092],[18.6668213,54.3581226],[18.6667896,54.3581542],[18.6667502,54.3581408]]]]},"properties":{"power":"substation"}},
{"type":"Feature","geometry":{"type":"MultiPolygon","coordinates":[[[[18.645615,54.363784],[18.645642,54.363708],[18.645772,54.363724],[18.645745,54.3638],[18.645615,54.363784]]]]},"properties":{"addr:city":"Gdańsk","addr:city:simc":"0933016","addr:housenumber":"1","addr:postcode":"80-864","addr:street":"Narzędziowców","building":"service","building:levels":"1","name":"B2 (74B)","power":"substation","source:addr":"gugik.gov.pl","source:building":"BDOT","source:geometry":"EGiB","substation":"minor_distribution"}},
{"type":"Feature","geometry":{"type":"MultiPolygon","coordinates":[[[[18.581324,54.423344],[18.581426,54.423333],[18.581442,54.423384],[18.58134,54.423395],[18.581324,54.423344]]]]},"properties":{"building":"industrial","building:levels":"1","power":"substation","roof:shape":"flat","source:building":"EGiB"}},
{"type":"Feature","geometry":{"type":"MultiPolygon","coordinates":[[[[18.4808041,54.420446],[18.4808052,54.4204196],[18.4808436,54.4204202],[18.4808424,54.4204465],[18.4808041,54.420446]]]]},"properties":{"building":"industrial","building:levels":"1","power":"substation","source":"Bing"}},
{"type":"Feature","geometry":{"type":"MultiPolygon","coordinates":[[[[18.627929,54.406696],[18.628033,54.406689],[18.628044,54.406741],[18.627939,54.406749],[18.627929,54.406696]]]]},"properties":{"building":"service","power":"substation","source:building":"EGiB"}},
{"type":"Feature","geometry":{"type":"MultiPolygon","coordinates":[[[[18.5599652,54.3471365],[18.5600409,54.3471149],[18.5600822,54.3471643],[18.5600065,54.3471858],[18.559974,54.347147],[18.5599652,54.3471365]]]]},"properties":{"barrier":"fence","building":"industrial","description":"Przepompownia ścieków","man_made":"wastewater_plant"}},
{"type":"Feature","geometry":{"type":"MultiPolygon","coordinates":[[[[18.5598587,54.3508146],[18.5598665,54.3507145],[18.5599596,54.3507169],[18.5600369,54.350719],[18.5600292,54.350819],[18.5598587,54.3508146]]]]},"properties":{"description":"Przepompownia ścieków","landuse":"industrial","man_made":"wastewater_plant"}},
{"type":"Feature","geometry":{"type":"MultiPolygon","coordinates":[[[[18.4625,54.426781],[18.46257,54.426755],[18.462617,54.426797],[18.462547,54.426824],[18.4625,54.426781]]]]},"properties":{"building":"service","frequency":"50","operator":"Energa","operator:wikidata":"Q9253957","power":"substation","source:building":"EGiB","substation":"minor_distribution","voltage":"15000;400"}},
{"type":"Feature","geometry":{"type":"MultiPolygon","coordinates":[[[[18.4660373,54.4249358],[18.4661063,54.4249093],[18.4661553,54.4249525],[18.4660864,54.424979],[18.4660373,54.4249358]]]]},"properties":{"building":"service","frequency":"50","new_ref":"T316539","operator":"Energa","operator:wikidata":"Q9253957","power":"substation","ref":"T-16539","source":"Bing","substation":"minor_distribution","voltage":"15000;400"}},
{"type":"Feature","geometry":{"type":"MultiPolygon","coordinates":[[[[18.5999166,54.3607981],[18.5999646,54.3607564],[18.6000452,54.3607876],[18.5999954,54.36083],[18.5999166,54.3607981]]]]},"properties":{"building":"industrial","building:levels":"1","power":"substation","roof:shape":"flat"}},
{"type":"Feature","geometry":{"type":"MultiPolygon","coordinates":[[[[18.595212,54.3575129],[18.5952835,54.3574844],[18.5953391,54.3575317],[18.5952676,54.3575603],[18.595212,54.3575129]]]]},"properties":{"building":"yes","power":"substation","ref":"T-1897"}},
{"type":"Feature","geometry":{"type":"MultiPolygon","coordinates":[[[[18.592452,54.416217],[18.592455,54.416165],[18.59256,54.416166],[18.592557,54.416219],[18.592452,54.416217]]]]},"properties":{"building":"yes","power":"substation","source:building":"EGiB"}},
{"type":"Feature","geometry":{"type":"MultiPolygon","coordinates":[[[[18.5628561,54.3764147],[18.5629224,54.3764147],[18.5629224,54.376455],[18.5628561,54.376455],[18.5628561,54.3764147]]]]},"properties":{"building":"industrial","power":"substation"}},
{"type":"Feature","geometry":{"type":"MultiPolygon","coordinates":[[[[18.5634573,54.3746491],[18.5635364,54.3746456],[18.5635422,54.3746912],[18.5634631,54.3746946],[18.5634573,54.3746491]]]]},"properties":{"power":"substation"}},
{"type":"Feature","geometry":{"type":"MultiPolygon","coordinates":[[[[18.5602501,54.3742759],[18.5602528,54.3742293],[18.5603296,54.3742308],[18.5603268,54.3742774],[18.5602501,54.3742759]]]]},"properties":{"designation":"T-1289","power":"substation"}},
{"type":"Feature","geometry":{"type":"MultiPolygon","coordinates":[[[[18.5649003,54.3781953],[18.5649714,54.378194],[18.5649736,54.3782338],[18.5649025,54.3782351],[18.5649003,54.3781953]]]]},"properties":{"designation":"T-1685","power":"substation"}},
{"type":"Feature","geometry":{"type":"MultiPolygon","coordinates":[[[[18.600343,54.413323],[18.600377,54.413265],[18.600462,54.413282],[18.600428,54.41334],[18.600343,54.413323]]]]},"properties":{"building":"service","name":"Flądra","power":"substation","ref":"T-1155","source:building":"EGiB","substation":"minor_distribution"}},
{"type":"Feature","geometry":{"type":"MultiPolygon","coordinates":[[[[18.635688,54.383401],[18.635809,54.3833409],[18.635823,54.383351],[18.635899,54.383402],[18.635779,54.383463],[18.635706,54.383414],[18.635688,54.383401]]]]},"properties":{"building":"service","building:levels":"1","power":"substation","ref":"T-1544","source:building":"BDOT","source:geometry":"EGiB","substation":"minor_distribution"}},
{"type":"Feature","geometry":{"type":"MultiPolygon","coordinates":[[[[18.4868882,54.4332806],[18.4869672,54.4332806],[18.4869672,54.4333257],[18.4868882,54.4333257],[18.4868882,54.4332806]]]]},"properties":{"power":"substation","source":"Bing"}},
{"type":"Feature","geometry":{"type":"MultiPolygon","coordinates":[[[[18.4420782,54.4219456],[18.4421067,54.4219285],[18.4421145,54.4219329],[18.4421383,54.4219464],[18.4421596,54.4219584],[18.4421311,54.4219755],[18.4420782,54.4219456]]]]},"properties":{"building":"service","frequency":"50","operator":"Energa","operator:wikidata":"Q9253957","power":"substation","ref":"T-95877","source":"Bing","substation":"minor_distribution","voltage":"15000;400"}},
{"type":"Feature","geometry":{"type":"MultiPolygon","coordinates":[[[[18.7266042,54.3451987],[18.7267792,54.3451787],[18.7267371,54.3450538],[18.7271287,54.3450089],[18.7272027,54.3452284],[18.7268322,54.3452708],[18.7267764,54.3452772],[18.726636,54.3452932],[18.7266042,54.3451987]]]]},"properties":{"building":"yes","frequency":"50","gas_insulated":"yes","location":"indoor","name":"Stacja elektroenergetyczna 110kV GIS LOTOS","operator":"Grupa Lotos","power":"substation","voltage":"110000"}},
{"type":"Feature","geometry":{"type":"MultiPolygon","coordinates":[[[[18.5941474,54.332931],[18.5942076,54.3328366],[18.5944648,54.3328933],[18.5944043,54.332988],[18.5941474,54.332931]]]]},"properties":{"building":"service","building:levels":"1","power":"substation","ref":"T-16404","source:building":"BDOT","source:geometry":"EGiB"}},
{"type":"Feature","geometry":{"type":"MultiPolygon","coordinates":[[[[18.5693257,54.3160939],[18.569341,54.3160729],[18.5693923,54.3160856],[18.5693766,54.3161065],[18.5693257,54.3160939]]]]},"properties":{"building":"industrial","power":"substation"}},
{"type":"Feature","geometry":{"type":"MultiPolygon","coordinates":[[[[18.5391552,54.4073024],[18.5392009,54.4072993],[18.5392076,54.4073333],[18.5391619,54.4073364],[18.5391552,54.4073024]]]]},"properties":{"power":"substation"}},
{"type":"Feature","geometry":{"type":"MultiPolygon","coordinates":[[[[18.483807,54.3828],[18.48394,54.382791],[18.483961,54.382899],[18.483828,54.382908],[18.483807,54.3828]]]]},"properties":{"building":"service","building:levels":"1","name":"T-16370","power":"substation","source:building":"BDOT","source:geometry":"EGiB"}},
{"type":"Feature","geometry":{"type":"MultiPolygon","coordinates":[[[[18.470138,54.3864621],[18.4708376,54.3862763],[18.4710967,54.3866069],[18.471124,54.3866418],[18.4704244,54.3868277],[18.470138,54.3864621]]]]},"properties":{"barrier":"fence","gas_insulated":"yes","location":"indoor","name":"Stacja elektroenergetyczna 110/15kV GPZ Lotnisko","operator":"Energa Operator","power":"substation","ref":"01550","substation":"distribution","voltage":"110000;15000"}},
{"type":"Feature","geometry":{"type":"MultiPolygon","coordinates":[[[[18.5868925,54.3780477],[18.5868937,54.3780445],[18.58692,54.3779779],[18.5870126,54.3779903],[18.5869851,54.3780601],[18.5868925,54.3780477]]]]},"properties":{"building":"yes","name":"T-1621","power":"substation"}},
{"type":"Feature","geometry":{"type":"MultiPolygon","coordinates":[[[[18.5902364,54.3778301],[18.5903229,54.3778271],[18.5903278,54.3778756],[18.5902413,54.3778785],[18.5902364,54.3778301]]]]},"properties":{"building":"service","name":"T-1847","power":"substation"}},
{"type":"Feature","geometry":{"type":"MultiPolygon","coordinates":[[[[18.5967813,54.379214],[18.5968868,54.379201],[18.5969019,54.3792486],[18.5967956,54.3792603],[18.5967813,54.379214]]]]},"properties":{"building":"yes","name":"T-1910","power":"substation"}},
{"type":"Feature","geometry":{"type":"MultiPolygon","coordinates":[[[[18.550966,54.347404],[18.550979,54.347372],[18.551018,54.347378],[18.551005,54.347409],[18.550966,54.347404]]]]},"properties":{"addr:city":"Gdańsk","addr:country":"PL","addr:housenumber":"1","addr:postcode":"80-175","addr:street":"Świstaka","building":"yes","name":"T-16916","power":"substation","source:building":"EGiB"}},
{"type":"Feature","geometry":{"type":"MultiPolygon","coordinates":[[[[18.561278,54.427415],[18.561283,54.427402],[18.561284,54.427399],[18.561285,54.427395],[18.561285,54.427394],[18.561286,54.427392],[18.561287,54.42739],[18.561291,54.427377],[18.561316,54.42738],[18.561356,54.427385],[18.561343,54.427422],[18.561278,54.427415]]]]},"properties":{"building":"yes","power":"substation","source:building":"EGiB"}},
{"type":"Feature","geometry":{"type":"MultiPolygon","coordinates":[[[[18.5838276,54.3777346],[18.5838337,54.3776907],[18.5840357,54.3777002],[18.5840325,54.3777228],[18.5840295,54.3777442],[18.5838276,54.3777346]]]]},"properties":{"building":"service","name":"T-1624","power":"substation"}},
{"type":"Feature","geometry":{"type":"MultiPolygon","coordinates":[[[[18.708611,54.359753],[18.708613,54.3597],[18.708716,54.359701],[18.708714,54.359754],[18.708611,54.359753]]]]},"properties":{"building":"yes","name":"T-1056","operator":"Energa","operator:wikidata":"Q9253957","power":"substation","source:building":"EGiB"}},
{"type":"Feature","geometry":{"type":"MultiPolygon","coordinates":[[[[18.627256,54.386223],[18.6273259,54.3862039],[18.627366,54.386193],[18.62742,54.386257],[18.62731,54.386286],[18.627256,54.386223]]]]},"properties":{"building":"service","building:levels":"1","frequency":"50","new_ref":"T311780","operator":"Energa","operator:wikidata":"Q9253957","power":"substation","ref":"T-1780","source:building":"BDOT","source:geometry":"EGiB","substation":"minor_distribution","voltage":"15000;400"}},
{"type":"Feature","geometry":{"type":"MultiPolygon","coordinates":[[[[18.5571001,54.4157442],[18.5571743,54.4157323],[18.557195,54.4157759],[18.5571209,54.4157879],[18.5571001,54.4157442]]]]},"properties":{"building":"industrial","building:levels":"1","power":"substation"}},
{"type":"Feature","geometry":{"type":"MultiPolygon","coordinates":[[[[18.6416915,54.369377],[18.6417344,54.3692999],[18.6417416,54.3692869],[18.6418772,54.3693136],[18.6418283,54.3693971],[18.6418261,54.3694024],[18.6416915,54.369377]]]]},"properties":{"building":"yes","name":"B5","power":"substation","source:geometry":"geoportal.gov.pl:ortofoto"}},
{"type":"Feature","geometry":{"type":"MultiPolygon","coordinates":[[[[18.5758544,54.3994098],[18.5758707,54.39939],[18.5758875,54.3993946],[18.5758712,54.3994144],[18.5758544,54.3994098]]]]},"properties":{"building":"yes","power":"substation"}},
{"type":"Feature","geometry":{"type":"MultiPolygon","coordinates":[[[[18.6469218,54.3658723],[18.6469274,54.3658174],[18.6469367,54.3658174],[18.6469396,54.3657978],[18.6471637,54.3658073],[18.6471515,54.3659022],[18.6469277,54.3658928],[18.6469305,54.3658728],[18.6469218,54.3658723]]]]},"properties":{"building":"yes","name":"B7 (399B)","power":"substation","substation":"minor_distribution"}},
{"type":"Feature","geometry":{"type":"MultiPolygon","coordinates":[[[[18.6363654,54.3516673],[18.6364399,54.3516291],[18.636612,54.3517444],[18.6365375,54.3517822],[18.6363654,54.3516673]]]]},"properties":{"building":"service","building:levels":"1","power":"substation"}},
{"type":"Feature","geometry":{"type":"MultiPolygon","coordinates":[[[[18.6385474,54.3530297],[18.6385622,54.3529829],[18.6386403,54.3529912],[18.6386261,54.3530376],[18.6385474,54.3530297]]]]},"properties":{"building":"service","height":"2","power":"substation"}},
{"type":"Feature","geometry":{"type":"MultiPolygon","coordinates":[[[[18.642358,54.3549121],[18.6424302,54.3548943],[18.6424619,54.3549352],[18.6423905,54.3549533],[18.642358,54.3549121]]]]},"properties":{"name":"3-go Maja","power":"substation","ref":"T-1938"}},
{"type":"Feature","geometry":{"type":"MultiPolygon","coordinates":[[[[18.6449227,54.3620945],[18.6449617,54.3620431],[18.6450313,54.362061],[18.6449924,54.3621124],[18.6449227,54.3620945]]]]},"properties":{"power":"substation"}},
{"type":"Feature","geometry":{"type":"MultiPolygon","coordinates":[[[[18.6253691,54.3777545],[18.6253818,54.3776931],[18.6254634,54.3776991],[18.6254507,54.37776],[18.6253691,54.3777545]]]]},"properties":{"building":"service","building:levels":"1","frequency":"50","location":"indoor","new_ref":"T311049","operator":"Energa","operator:wikidata":"Q9253957","power":"substation","ref":"T-1049","substation":"minor_distribution","voltage":"15000;400"}},
{"type":"Feature","geometry":{"type":"MultiPolygon","coordinates":[[[[18.6302229,54.3770614],[18.6302953,54.377033],[18.6303432,54.3770761],[18.6302692,54.3771041],[18.6302229,54.3770614]]]]},"properties":{"building":"service","frequency":"50","operator":"Energa","operator:wikidata":"Q9253957","power":"substation","substation":"minor_distribution","voltage":"15000;400"}},
{"type":"Feature","geometry":{"type":"MultiPolygon","coordinates":[[[[18.6277006,54.3758504],[18.6277335,54.3758037],[18.6278154,54.3758242],[18.6277817,54.3758701],[18.6277006,54.3758504]]]]},"properties":{"building":"service","building:levels":"1","frequency":"50","operator":"Energa","operator:wikidata":"Q9253957","power":"substation","roof:levels":"0","substation":"minor_distribution","voltage":"15000;400"}},
{"type":"Feature","geometry":{"type":"MultiPolygon","coordinates":[[[[18.5839424,54.3790825],[18.5839612,54.3790372],[18.5840578,54.3790505],[18.584039,54.3790958],[18.5839424,54.3790825]]]]},"properties":{"building":"service","power":"substation"}},
{"type":"Feature","geometry":{"type":"MultiPolygon","coordinates":[[[[18.6290516,54.3616684],[18.6290872,54.3616209],[18.6291348,54.3616331],[18.6291822,54.3616452],[18.629164,54.3616693],[18.6291465,54.3616926],[18.6290994,54.3616806],[18.6290516,54.3616684]]]]},"properties":{"building":"service","name":"Dębowa","power":"substation","ref":"T-1056"}},
{"type":"Feature","geometry":{"type":"MultiPolygon","coordinates":[[[[18.623484,54.385667],[18.623566,54.385664],[18.623572,54.385713],[18.623491,54.385717],[18.623484,54.385667]]]]},"properties":{"building":"service","frequency":"50","new_ref":"T311175","operator":"Energa","operator:wikidata":"Q9253957","power":"substation","ref":"T-1175","source:building":"EGiB","substation":"minor_distribution","voltage":"15000;400"}},
{"type":"Feature","geometry":{"type":"MultiPolygon","coordinates":[[[[18.631846,54.409507],[18.631863,54.40946],[18.631949,54.409472],[18.631932,54.409518],[18.631846,54.409507]]]]},"properties":{"building":"yes","power":"substation","ref":"T-1526","source:building":"EGiB"}},
{"type":"Feature","geometry":{"type":"MultiPolygon","coordinates":[[[[18.6809574,54.3560821],[18.6810491,54.3560768],[18.6810598,54.3561391],[18.680968,54.3561444],[18.6809574,54.3560821]]]]},"properties":{"building":"industrial","name":"T-1063","power":"substation"}},
{"type":"Feature","geometry":{"type":"MultiPolygon","coordinates":[[[[18.621427,54.357111],[18.621428,54.357066],[18.621505,54.357067],[18.621504,54.357112],[18.621427,54.357111]]]]},"properties":{"building":"yes","power":"substation","ref":"T-1564","source:building":"EGiB"}},
{"type":"Feature","geometry":{"type":"MultiPolygon","coordinates":[[[[18.627254,54.3581051],[18.6273306,54.3580876],[18.6273603,54.3581318],[18.6272837,54.3581493],[18.627254,54.3581051]]]]},"properties":{"building":"service","power":"substation"}},
{"type":"Feature","geometry":{"type":"MultiPolygon","coordinates":[[[[18.613578,54.350337],[18.61367,54.350335],[18.613673,54.350388],[18.613582,54.35039],[18.613578,54.350337]]]]},"properties":{"building":"yes","power":"substation","source:building":"EGiB"}},
{"type":"Feature","geometry":{"type":"MultiPolygon","coordinates":[[[[18.6087468,54.3550705],[18.6088261,54.3550674],[18.6088317,54.3551142],[18.6087524,54.3551174],[18.6087468,54.3550705]]]]},"properties":{"building":"industrial","building:levels":"1","power":"substation"}},
{"type":"Feature","geometry":{"type":"MultiPolygon","coordinates":[[[[18.6112913,54.3543641],[18.6113009,54.3543178],[18.6113813,54.3543225],[18.611371,54.3543693],[18.6112913,54.3543641]]]]},"properties":{"name":"T-1637","power":"substation"}},
{"type":"Feature","geometry":{"type":"MultiPolygon","coordinates":[[[[18.5536,54.3142866],[18.5538132,54.3138818],[18.5548786,54.3140728],[18.5546653,54.3144775],[18.5542811,54.3144086],[18.5536,54.3142866]]]]},"properties":{"barrier":"fence","name":"Stacja elektroenergetyczna 110/15kV Kowale","operator":"Energa","power":"substation","substation":"distribution","voltage":"110000;15000"}},
{"type":"Feature","geometry":{"type":"MultiPolygon","coordinates":[[[[18.5486951,54.2825448],[18.5497339,54.2825408],[18.5497442,54.2834509],[18.5487053,54.2834549],[18.5486951,54.2825448]]]]},"properties":{"barrier":"fence","name":"Stacja elektroenergetyczna 15kV Straszyn Górny","power":"substation","substation":"industrial","voltage":"15000"}},
{"type":"Feature","geometry":{"type":"MultiPolygon","coordinates":[[[[18.5490375,54.2827099],[18.5496454,54.2827006],[18.5496491,54.2827841],[18.5490412,54.2827934],[18.5490375,54.2827099]]]]},"properties":{"building":"yes","power":"substation"}},
{"type":"Feature","geometry":{"type":"MultiPolygon","coordinates":[[[[18.7470727,54.340031],[18.7479015,54.3393731],[18.7484208,54.3388488],[18.7485503,54.3387141],[18.7486782,54.3385573],[18.7491189,54.3380171],[18.7524215,54.3388926],[18.7569942,54.3397482],[18.7571141,54.3398234],[18.7560943,54.3417875],[18.7542528,54.3418364],[18.7536462,54.3416921],[18.7535706,54.3416647],[18.7493599,54.3406403],[18.7470727,54.340031]]]]},"properties":{"barrier":"fence","man_made":"wastewater_plant","name":"Oczyszczalnia Ścieków Rafinerii Gdańskiej","operator":"Rafineria Gdańska Sp. z o.o."}},
{"type":"Feature","geometry":{"type":"MultiPolygon","coordinates":[[[[18.4754007,54.4297166],[18.4754795,54.4297147],[18.4754828,54.4297608],[18.4754039,54.4297626],[18.4754007,54.4297166]]]]},"properties":{"building":"yes","building:levels":"1","name":"Artemidy T-16528","power":"substation"}},
{"type":"Feature","geometry":{"type":"MultiPolygon","coordinates":[[[[18.5728399,54.4180096],[18.5729309,54.4180003],[18.5729371,54.4179997],[18.5729523,54.41805],[18.5728544,54.4180603],[18.5728468,54.4180336],[18.5728399,54.4180096]]]]},"properties":{"building":"service","building:levels":"1","name":"T-1116","power":"substation","roof:shape":"flat"}},
{"type":"Feature","geometry":{"type":"MultiPolygon","coordinates":[[[[18.575371,54.438678],[18.5754666,54.4386249],[18.5755258,54.4386637],[18.5754342,54.4387148],[18.575371,54.438678]]]]},"properties":{"addr:city":"Sopot","addr:country":"PL","addr:housenumber":"4A","addr:postcode":"81-772","addr:street":"Jana Kilińskiego","building":"industrial","name":"T-2857","power":"substation"}},
{"type":"Feature","geometry":{"type":"MultiPolygon","coordinates":[[[[18.463006,54.428445],[18.463072,54.428411],[18.463129,54.428449],[18.463064,54.428483],[18.463006,54.428445]]]]},"properties":{"building":"service","building:levels":"1","frequency":"50","operator":"Energa","operator:wikidata":"Q9253957","power":"substation","source:building":"EGiB","substation":"minor_distribution","voltage":"15000;400"}},
{"type":"Feature","geometry":{"type":"MultiPolygon","coordinates":[[[[18.5657536,54.3434757],[18.5658125,54.343441],[18.5658773,54.3434783],[18.5658185,54.343513],[18.5657536,54.3434757]]]]},"properties":{"building":"service","frequency":"50","new_ref":"T311778","operator":"Energa","operator:wikidata":"Q9253957","power":"substation","ref":"T-1778","substation":"minor_distribution","voltage":"15000;400"}},
{"type":"Feature","geometry":{"type":"MultiPolygon","coordinates":[[[[18.5666656,54.3501539],[18.5666831,54.3500981],[18.5667309,54.3500487],[18.5668038,54.3500111],[18.5668937,54.3499895],[18.5669908,54.3499861],[18.5670857,54.3500083],[18.5671454,54.3500375],[18.5671916,54.3500792],[18.5672126,54.3501132],[18.5672218,54.3501291],[18.5672299,54.3501537],[18.5672312,54.3501742],[18.5672258,54.3502],[18.5672203,54.3502155],[18.5672146,54.350226],[18.5671519,54.3502858],[18.56707,54.350315],[18.5669762,54.3503273],[18.5668807,54.3503214],[18.5667936,54.3502977],[18.5667242,54.350259],[18.56668,54.3502093],[18.5666656,54.3501539]]]]},"properties":{"man_made":"water_works"}},
{"type":"Feature","geometry":{"type":"MultiPolygon","coordinates":[[[[18.5665721,54.3496198],[18.5665851,54.3495621],[18.5666296,54.3495099],[18.5667007,54.349469],[18.5667907,54.3494436],[18.5668899,54.3494367],[18.5669876,54.3494489],[18.5670733,54.3494788],[18.5671377,54.3495234],[18.5671738,54.3495777],[18.5671778,54.3496359],[18.5671491,54.3496919],[18.5670906,54.3497394],[18.5670088,54.3497733],[18.5669125,54.3497898],[18.5668123,54.3497871],[18.566719,54.3497656],[18.5666428,54.3497275],[18.566592,54.3496771],[18.5665721,54.3496198]]]]},"properties":{"man_made":"water_works"}},
{"type":"Feature","geometry":{"type":"MultiPolygon","coordinates":[[[[18.5676495,54.3501403],[18.5676632,54.3500871],[18.5677057,54.3500393],[18.5677725,54.3500021],[18.5678563,54.3499796],[18.5679481,54.3499741],[18.5680381,54.3499862],[18.5681164,54.3500147],[18.5681747,54.3500564],[18.5682067,54.3501069],[18.5682089,54.3501607],[18.5681809,54.3502122],[18.5681256,54.3502556],[18.568049,54.3502862],[18.5679596,54.3503006],[18.567867,54.3502972],[18.5677582,54.3502718],[18.5677119,54.3502406],[18.5676663,54.3501935],[18.5676495,54.3501403]]]]},"properties":{"man_made":"water_works"}},
{"type":"Feature","geometry":{"type":"MultiPolygon","coordinates":[[[[18.5675694,54.3496249],[18.5675821,54.3495699],[18.5676249,54.3495202],[18.567693,54.3494814],[18.567779,54.3494575],[18.5678737,54.3494513],[18.5679667,54.3494634],[18.568048,54.3494924],[18.5681086,54.3495353],[18.568142,54.3495873],[18.5681446,54.3496428],[18.5681162,54.3496956],[18.56806,54.3497403],[18.567982,54.3497718],[18.5678906,54.349787],[18.5677957,54.349784],[18.5677076,54.3497633],[18.5676358,54.3497271],[18.567588,54.3496792],[18.5675694,54.3496249]]]]},"properties":{"man_made":"water_works"}},
{"type":"Feature","geometry":{"type":"MultiPolygon","coordinates":[[[[18.5637544,54.3392285],[18.5638397,54.3392037],[18.563881,54.3392521],[18.5637957,54.3392769],[18.5637544,54.3392285]]]]},"properties":{"building":"yes","power":"substation"}},
{"type":"Feature","geometry":{"type":"MultiPolygon","coordinates":[[[[18.655073,54.359298],[18.655279,54.359257],[18.655421,54.359499],[18.655215,54.35954],[18.655073,54.359298]]]]},"properties":{"building":"yes","location":"indoor","name":"Stacja elektroenergetyczna 110/15 kV Młode Miasto","operator":"Energa","operator:wikidata":"Q9253957","operator:wikipedia":"pl:Energa","power":"substation","source:building":"EGiB","substation":"distribution","voltage":"110000;15000"}},
{"type":"Feature","geometry":{"type":"MultiPolygon","coordinates":[[[[18.5570274,54.4073858],[18.5571183,54.4073833],[18.5571229,54.4074449],[18.557033,54.4074481],[18.5570274,54.4073858]]]]},"properties":{"building":"service","building:levels":"1","power":"substation","source":"www.geoportal.gov.pl"}},
{"type":"Feature","geometry":{"type":"MultiPolygon","coordinates":[[[[18.5240065,54.3707952],[18.5240491,54.3707947],[18.5240501,54.3708178],[18.5240076,54.3708178],[18.5240065,54.3707952]]]]},"properties":{"name":"T-16695","power":"substation"}},
{"type":"Feature","geometry":{"type":"MultiPolygon","coordinates":[[[[18.457823,54.444056],[18.457858,54.444044],[18.457894,54.444081],[18.457859,54.444092],[18.457854,54.444088],[18.457835,54.444069],[18.457823,54.444056]]]]},"properties":{"building":"service","frequency":"50","new_ref":"T311254","operator":"Energa","operator:wikidata":"Q9253957","power":"substation","ref":"T-1254","source:building":"EGiB","substation":"minor_distribution","voltage":"15000;400"}},
{"type":"Feature","geometry":{"type":"MultiPolygon","coordinates":[[[[18.6426295,54.3433151],[18.642706,54.343301],[18.6427313,54.3433453],[18.6426531,54.3433599],[18.6426295,54.3433151]]]]},"properties":{"building":"service","building:levels":"1","power":"substation","roof:shape":"flat"}},
{"type":"Feature","geometry":{"type":"MultiPolygon","coordinates":[[[[18.5886183,54.3587742],[18.588704,54.3587559],[18.5887322,54.3588006],[18.5886466,54.358819],[18.5886183,54.3587742]]]]},"properties":{"building":"service","building:levels":"1","power":"substation"}},
{"type":"Feature","geometry":{"type":"MultiPolygon","coordinates":[[[[18.49876,54.3539851],[18.4987973,54.3539752],[18.498817,54.3540016],[18.4987796,54.3540112],[18.49876,54.3539851]]]]},"properties":{"building":"yes","power":"substation"}},
{"type":"Feature","geometry":{"type":"MultiPolygon","coordinates":[[[[18.4621883,54.3698659],[18.4624291,54.3696159],[18.4623221,54.3693413],[18.4633729,54.3692187],[18.4635017,54.3697095],[18.4633342,54.3697454],[18.4635134,54.370295],[18.4629247,54.3703621],[18.4623886,54.3702943],[18.4621883,54.3698659]]]]},"properties":{"landuse":"industrial","man_made":"wastewater_plant"}},
{"type":"Feature","geometry":{"type":"MultiPolygon","coordinates":[[[[18.6426763,54.4018143],[18.6427465,54.4017925],[18.642783,54.4018319],[18.6427129,54.401854],[18.6426763,54.4018143]]]]},"properties":{"power":"substation"}},
{"type":"Feature","geometry":{"type":"MultiPolygon","coordinates":[[[[18.5628284,54.3146009],[18.562866,54.3145718],[18.5629163,54.314594],[18.5628787,54.3146231],[18.5628284,54.3146009]]]]},"properties":{"building":"transformer_tower","power":"substation"}},
{"type":"Feature","geometry":{"type":"MultiPolygon","coordinates":[[[[18.57091,54.4113218],[18.570925,54.4112724],[18.5710283,54.411283],[18.5710133,54.4113325],[18.57091,54.4113218]]]]},"properties":{"building":"yes","frequency":"0","location":"indoor","name":"Kabina sekcyjna \"Gdańsk Oliwa\"","operator":"PGE Energetyka Kolejowa","operator:wikidata":"Q7119525","power":"substation","short_name":"KS Gdańsk Oliwa","substation":"traction","voltage":"3000"}},
{"type":"Feature","geometry":{"type":"MultiPolygon","coordinates":[[[[18.5795101,54.4207315],[18.5795964,54.4207232],[18.5796106,54.4207736],[18.5795244,54.4207819],[18.5795101,54.4207315]]]]},"properties":{"building":"service","name":"T-1390","power":"substation"}},
{"type":"Feature","geometry":{"type":"MultiPolygon","coordinates":[[[[18.4540883,54.4388076],[18.454089,54.4387821],[18.4541658,54.4387827],[18.4541651,54.4388083],[18.4540883,54.4388076]]]]},"properties":{"building":"yes","power":"substation"}},
{"type":"Feature","geometry":{"type":"MultiPolygon","coordinates":[[[[18.6126668,54.3289359],[18.6127196,54.3289356],[18.6127198,54.3289585],[18.6126671,54.3289587],[18.6126668,54.3289359]]]]},"properties":{"building":"service","building:levels":"1","location":"indoor","power":"substation","substation":"minor_distribution","voltage":"15000;400"}},
{"type":"Feature","geometry":{"type":"MultiPolygon","coordinates":[[[[18.510653,54.338449],[18.510688,54.33844],[18.5106907,54.3384432],[18.510705,54.33846],[18.51067,54.338469],[18.5106601,54.3384573],[18.5106585,54.3384555],[18.5106573,54.338454],[18.510653,54.338449]]]]},"properties":{"building":"yes","name":"T-1439","power":"substation","source:building":"EGiB"}},
{"type":"Feature","geometry":{"type":"MultiPolygon","coordinates":[[[[18.4697364,54.4185994],[18.469777,54.418598],[18.469784,54.41864],[18.469743,54.418642],[18.4697364,54.4185994]]]]},"properties":{"building":"industrial","name":"T-16675","power":"substation","source:building":"EGiB"}},
{"type":"Feature","geometry":{"type":"MultiPolygon","coordinates":[[[[18.5610384,54.4019761],[18.561067,54.4019262],[18.5611507,54.4019424],[18.5611221,54.4019924],[18.5610384,54.4019761]]]]},"properties":{"building":"yes","power":"substation"}},
{"type":"Feature","geometry":{"type":"MultiPolygon","coordinates":[[[[18.515611,54.35223],[18.51562,54.352184],[18.515698,54.35219],[18.515688,54.352235],[18.515611,54.35223]]]]},"properties":{"building":"service","frequency":"50","name":"Bojkiego","new_ref":"T311071","operator":"Energa","operator:wikidata":"Q9253957","power":"substation","ref":"T-1071","source:building":"EGiB","substation":"minor_distribution","voltage":"15000;400"}},
{"type":"Feature","geometry":{"type":"MultiPolygon","coordinates":[[[[18.4973791,54.3534194],[18.4974508,54.3534018],[18.4974662,54.3534232],[18.4973944,54.3534407],[18.4973791,54.3534194]]]]},"properties":{"building":"industrial","name":"Kokoszki Biedronka","power":"substation","ref":"T-16405"}},
{"type":"Feature","geometry":{"type":"MultiPolygon","coordinates":[[[[18.508205,54.353698],[18.508264,54.353682],[18.508293,54.353716],[18.508234,54.353733],[18.508205,54.353698]]]]},"properties":{"building":"service","building:levels":"1","frequency":"50","name":"Osiedle Jaśminowe II","new_ref":"T316600","operator":"Energa","operator:wikidata":"Q9253957","power":"substation","ref":"T-16600","source:building":"EGiB","substation":"minor_distribution","voltage":"15000;400"}},
{"type":"Feature","geometry":{"type":"MultiPolygon","coordinates":[[[[18.5107322,54.3524437],[18.5107949,54.3524277],[18.5108211,54.3524626],[18.5107584,54.3524786],[18.5107322,54.3524437]]]]},"properties":{"building":"service","frequency":"50","new_ref":"T316599","operator":"Energa","operator:wikidata":"Q9253957","power":"substation","ref":"T-16599","substation":"minor_distribution","voltage":"15000;400"}},
{"type":"Feature","geometry":{"type":"MultiPolygon","coordinates":[[[[18.5114546,54.3556562],[18.511511,54.3556424],[18.5115356,54.3556765],[18.5114792,54.3556903],[18.5114546,54.3556562]]]]},"properties":{"building":"service","frequency":"50","name":"Różany Stok","new_ref":"T316593","operator":"Energa","operator:wikidata":"Q9253957","power":"substation","ref":"T-16593","substation":"minor_distribution","voltage":"15000;400"}},
{"type":"Feature","geometry":{"type":"MultiPolygon","coordinates":[[[[18.5094388,54.3548497],[18.5094982,54.354835],[18.5095239,54.3548702],[18.5094644,54.3548849],[18.5094388,54.3548497]]]]},"properties":{"building":"service","frequency":"50","name":"Osiedle Jaśminowe III","new_ref":"T311205","operator":"Energa","operator:wikidata":"Q9253957","power":"substation","ref":"T-1205","substation":"minor_distribution","voltage":"15000;400"}},
{"type":"Feature","geometry":{"type":"MultiPolygon","coordinates":[[[[18.5069034,54.3517638],[18.5069477,54.3517542],[18.5069604,54.3517742],[18.5069161,54.3517838],[18.5069034,54.3517638]]]]},"properties":{"building":"service","frequency":"50","name":"Jaśminowy Stok","new_ref":"T316831","operator":"Energa","operator:wikidata":"Q9253957","power":"substation","ref":"T-16831","substation":"minor_distribution","voltage":"15000;400"}},
{"type":"Feature","geometry":{"type":"MultiPolygon","coordinates":[[[[18.5114732,54.3509972],[18.5115208,54.3509933],[18.5115257,54.3510138],[18.5114781,54.3510177],[18.5114732,54.3509972]]]]},"properties":{"building":"service","frequency":"50","name":"Kalinowa","new_ref":"T316705","operator":"Energa","operator:wikidata":"Q9253957","power":"substation","ref":"T-16705","substation":"minor_distribution","voltage":"15000;400"}},
{"type":"Feature","geometry":{"type":"MultiPolygon","coordinates":[[[[18.5167996,54.3536898],[18.5168485,54.3536556],[18.5169076,54.353684199999999],[18.5168587,54.3537185],[18.5167996,54.3536898]]]]},"properties":{"building":"service","frequency":"50","new_ref":"T311841","operator":"Energa","operator:wikidata":"Q9253957","power":"substation","ref":"T-1841","substation":"minor_distribution","voltage":"15000;400"}},
{"type":"Feature","geometry":{"type":"MultiPolygon","coordinates":[[[[18.4755602,54.4235199],[18.4756392,54.4235131],[18.4756517,54.4235618],[18.4755727,54.4235686],[18.4755602,54.4235199]]]]},"properties":{"building":"industrial","building:levels":"1","power":"substation","roof:shape":"gabled"}},
{"type":"Feature","geometry":{"type":"MultiPolygon","coordinates":[[[[18.483415,54.411246],[18.483416,54.411224],[18.483465,54.411225],[18.483465,54.411247],[18.483415,54.411246]]]]},"properties":{"building":"yes","power":"substation","source:building":"EGiB"}},
{"type":"Feature","geometry":{"type":"MultiPolygon","coordinates":[[[[18.4829803,54.3876725],[18.4829932,54.387648],[18.4830518,54.3876584],[18.4830389,54.387683],[18.4829803,54.3876725]]]]},"properties":{"location":"indoor","power":"substation","substation":"minor_distribution"}},
{"type":"Feature","geometry":{"type":"MultiPolygon","coordinates":[[[[18.5901868,54.3226334],[18.590204,54.3225769],[18.59029,54.3225858],[18.5902727,54.3226423],[18.5901868,54.3226334]]]]},"properties":{"name":"T-1640","power":"substation"}},
{"type":"Feature","geometry":{"type":"MultiPolygon","coordinates":[[[[18.594571,54.41719],[18.59461,54.417133],[18.594694,54.417153],[18.594654,54.41721],[18.594571,54.41719]]]]},"properties":{"building":"yes","power":"substation","source:building":"EGiB"}},
{"type":"Feature","geometry":{"type":"MultiPolygon","coordinates":[[[[18.5599905,54.4062476],[18.5600158,54.4062012],[18.5600972,54.4062163],[18.5600719,54.4062626],[18.5599905,54.4062476]]]]},"properties":{"addr:street":"Stefana Żeromskiego","building":"yes","building:levels":"1","power":"substation","roof:shape":"flat"}},
{"type":"Feature","geometry":{"type":"MultiPolygon","coordinates":[[[[18.5538997,54.3432406],[18.5541403,54.3431861],[18.5542454,54.3432883],[18.5544717,54.3435085],[18.5543969,54.343532],[18.5543438,54.3435488],[18.5541643,54.3436026],[18.5541537,54.3435905],[18.5540771,54.3434868],[18.5540141,54.3433997],[18.5539965,54.3433752],[18.5538997,54.3432406]]]]},"properties":{"barrier":"fence","description":"Przepompownia wody","landuse":"industrial","man_made":"water_works"}},
{"type":"Feature","geometry":{"type":"MultiPolygon","coordinates":[[[[18.5040235,54.3756883],[18.5041095,54.3756222],[18.504334,54.3757223],[18.5042484,54.3757887],[18.5040235,54.3756883]]]]},"properties":{"building":"office","building:levels":"1","power":"substation","source:building":"BDOT"}},
{"type":"Feature","geometry":{"type":"MultiPolygon","coordinates":[[[[18.591264,54.425925],[18.591326,54.425893],[18.591383,54.425928],[18.5913208,54.4259612],[18.591264,54.425925]]]]},"properties":{"building":"yes","power":"substation","source:building":"EGiB"}},
{"type":"Feature","geometry":{"type":"MultiPolygon","coordinates":[[[[18.4729706,54.4278932],[18.4730368,54.4278609],[18.4730934,54.4279002],[18.4730273,54.4279325],[18.4729706,54.4278932]]]]},"properties":{"building":"yes","power":"substation"}},
{"type":"Feature","geometry":{"type":"MultiPolygon","coordinates":[[[[18.610681,54.3344839],[18.6107138,54.3344636],[18.6107408,54.3344785],[18.6107079,54.3344988],[18.610681,54.3344839]]]]},"properties":{"name":"T-16827","power":"substation"}},
{"type":"Feature","geometry":{"type":"MultiPolygon","coordinates":[[[[18.6083994,54.3357732],[18.6084895,54.3357722],[18.6084913,54.3358278],[18.6084012,54.3358288],[18.6083994,54.3357732]]]]},"properties":{"name":"T-1379","power":"substation"}},
{"type":"Feature","geometry":{"type":"MultiPolygon","coordinates":[[[[18.47597,54.3889653],[18.4762424,54.3889289],[18.4762419,54.3889274],[18.4764675,54.3888913],[18.4764992,54.3889695],[18.4765289,54.3890459],[18.4764813,54.3890536],[18.4764491,54.3890591],[18.4763122,54.3890841],[18.4760276,54.3891255],[18.4760244,54.3891174],[18.47597,54.3889653]]]]},"properties":{"barrier":"fence","fence_type":"chain_link","landuse":"industrial","man_made":"water_works","name":"Ujęcie wody Klukowo"}},
{"type":"Feature","geometry":{"type":"MultiPolygon","coordinates":[[[[18.609329,54.366886],[18.609405,54.366876],[18.609442,54.366971],[18.609366,54.366981],[18.6093333,54.3668969],[18.609329,54.366886]]]]},"properties":{"building":"university","building:levels":"1","name":"Zakłady teoretyczne","power":"substation","ref":"T-1782","source:building":"BDOT","source:geometry":"EGiB","substation":"minor_distribution","voltage":"15000"}},
{"type":"Feature","geometry":{"type":"MultiPolygon","coordinates":[[[[18.5852217,54.3457352],[18.5852475,54.3457178],[18.5852867,54.3457376],[18.5852609,54.345755],[18.5852217,54.3457352]]]]},"properties":{"name":"T-16747","power":"substation"}},
{"type":"Feature","geometry":{"type":"MultiPolygon","coordinates":[[[[18.5814381,54.3469372],[18.5814538,54.3469099],[18.5814913,54.3469173],[18.5814759,54.3469439],[18.5814381,54.3469372]]]]},"properties":{"power":"substation"}},
{"type":"Feature","geometry":{"type":"MultiPolygon","coordinates":[[[[18.5677851,54.3934831],[18.5678508,54.3934271],[18.5679094,54.3934504],[18.5678518,54.3935022],[18.5678428,54.3935066],[18.5677851,54.3934831]]]]},"properties":{"building":"yes","building:levels":"1","power":"substation"}},
{"type":"Feature","geometry":{"type":"MultiPolygon","coordinates":[[[[18.5505719,54.3535749],[18.55059,54.3535529],[18.5506362,54.3535659],[18.550618,54.3535879],[18.5505719,54.3535749]]]]},"properties":{"building":"yes","power":"substation"}},
{"type":"Feature","geometry":{"type":"MultiPolygon","coordinates":[[[[18.5709827,54.4214979],[18.5710391,54.4214681],[18.5710594,54.4214811],[18.5710885,54.4214998],[18.5710321,54.4215296],[18.5710049,54.4215122],[18.5709827,54.4214979]]]]},"properties":{"building":"service","name":"T-1599","power":"substation"}},
{"type":"Feature","geometry":{"type":"MultiPolygon","coordinates":[[[[18.5716579,54.4229109],[18.5716793,54.4228706],[18.5717466,54.4228826],[18.5717252,54.422923],[18.5716579,54.4229109]]]]},"properties":{"name":"T-1352","power":"substation"}},
{"type":"Feature","geometry":{"type":"MultiPolygon","coordinates":[[[[18.585761,54.421654],[18.585815,54.421601],[18.585893,54.421628],[18.58584,54.421682],[18.585761,54.421654]]]]},"properties":{"building":"service","building:levels":"1","power":"substation","source:building":"BDOT","source:geometry":"EGiB"}},
{"type":"Feature","geometry":{"type":"MultiPolygon","coordinates":[[[[18.58449,54.423441],[18.584594,54.423431],[18.5846104,54.4234831],[18.584506,54.423493],[18.58449,54.423441]]]]},"properties":{"building":"service","building:levels":"1","power":"substation","source:building":"BDOT","source:geometry":"EGiB"}},
{"type":"Feature","geometry":{"type":"MultiPolygon","coordinates":[[[[18.7340974,54.302987],[18.734367,54.3028349],[18.7344734,54.3027771],[18.7345577,54.3027316],[18.7346827,54.3026641],[18.7352255,54.3029909],[18.7346353,54.3033114],[18.7340974,54.302987]]]]},"properties":{"barrier":"fence","name":"Stacja elektroenergetyczna 110/20kV \"FW Bystra\"'","power":"substation","voltage":"110000;20000"}},
{"type":"Feature","geometry":{"type":"MultiPolygon","coordinates":[[[[18.6190234,54.3575923],[18.6190263,54.3575471],[18.6191073,54.3575489],[18.6191044,54.357594],[18.6190234,54.3575923]]]]},"properties":{"building":"service","power":"substation","ref":"T-1638"}},
{"type":"Feature","geometry":{"type":"MultiPolygon","coordinates":[[[[18.6167786,54.3855138],[18.6168684,54.385509],[18.6168777,54.3855706],[18.6167886,54.3855752],[18.6167786,54.3855138]]]]},"properties":{"building":"service","frequency":"50","new_ref":"T311926","operator":"Energa","operator:wikidata":"Q9253957","power":"substation","ref":"T-1926","source:geometry":"gis.gdansk.pl","substation":"minor_distribution","voltage":"15000;400"}},
{"type":"Feature","geometry":{"type":"MultiPolygon","coordinates":[[[[18.6108321,54.3842079],[18.6108848,54.3841728],[18.6109549,54.3842086],[18.6109022,54.3842436],[18.6108321,54.3842079]]]]},"properties":{"power":"substation"}},
{"type":"Feature","geometry":{"type":"MultiPolygon","coordinates":[[[[18.5610738,54.3444033],[18.5611066,54.3443582],[18.5611827,54.344377],[18.56115,54.3444221],[18.5610738,54.3444033]]]]},"properties":{"building":"yes","power":"substation"}},
{"type":"Feature","geometry":{"type":"MultiPolygon","coordinates":[[[[18.6124428,54.3721575],[18.6125227,54.3721426],[18.6125574,54.3722036],[18.612474,54.3722207],[18.6124428,54.3721575]]]]},"properties":{"building":"yes","operator":"PG","power":"substation","source:geometry":"gis.gdansk.pl"}},
{"type":"Feature","geometry":{"type":"MultiPolygon","coordinates":[[[[18.6125513,54.3643327],[18.6125649,54.3642886],[18.6126411,54.3642962],[18.6126273,54.3643404],[18.6125513,54.3643327]]]]},"properties":{"power":"substation","ref":"T-1067"}},
{"type":"Feature","geometry":{"type":"MultiPolygon","coordinates":[[[[18.47381,54.432893],[18.473868,54.432864],[18.473917,54.432898],[18.473859,54.432927],[18.47381,54.432893]]]]},"properties":{"building":"service","frequency":"50","operator":"Energa","operator:wikidata":"Q9253957","power":"substation","source":"gis.gdansk.pl","source:building":"EGiB","substation":"minor_distribution","voltage":"15000;400"}},
{"type":"Feature","geometry":{"type":"MultiPolygon","coordinates":[[[[18.5846147,54.3899164],[18.5847975,54.3897862],[18.5849451,54.3898566],[18.5849838,54.3898751],[18.5851345,54.389947],[18.5849517,54.3900774],[18.5846147,54.3899164]]]]},"properties":{"building":"industrial","building:levels":"2","frequency":"50","gas_insulated":"yes","location":"indoor","name":"Stacja elektroenergetyczna 110/15kV „G3173 Uniwersytet”","operator":"Energa","operator:wikidata":"Q9253957","power":"substation","ref":"UGD5","ref:Energa":"G3173","source":"www.geoportal.gov.pl","substation":"transmission","voltage":"110000;15000"}},
{"type":"Feature","geometry":{"type":"MultiPolygon","coordinates":[[[[18.5830281,54.399101],[18.5830792,54.3990478],[18.5831582,54.3990735],[18.5831071,54.3991267],[18.5830281,54.399101]]]]},"properties":{"building":"yes","building:levels":"1","power":"substation"}},
{"type":"Feature","geometry":{"type":"MultiPolygon","coordinates":[[[[18.5834782,54.3176256],[18.5835005,54.3176078],[18.583552,54.3176299],[18.5835297,54.3176477],[18.5834782,54.3176256]]]]},"properties":{"building":"industrial","power":"substation"}},
{"type":"Feature","geometry":{"type":"MultiPolygon","coordinates":[[[[18.5756326,54.3235964],[18.5756442,54.3235692],[18.575683,54.3235749],[18.5756714,54.323602],[18.5756326,54.3235964]]]]},"properties":{"power":"substation"}},
{"type":"Feature","geometry":{"type":"MultiPolygon","coordinates":[[[[18.5991714,54.3316745],[18.59922,54.3316607],[18.5992501,54.331697],[18.5992015,54.3317108],[18.5991714,54.3316745]]]]},"properties":{"location":"indoor","power":"substation","substation":"minor_distribution"}},
{"type":"Feature","geometry":{"type":"MultiPolygon","coordinates":[[[[18.4620758,54.4250247],[18.4621509,54.4249972],[18.4621967,54.4250398],[18.4621605,54.425053],[18.4621216,54.4250672],[18.4620758,54.4250247]]]]},"properties":{"building":"service","frequency":"50","new_ref":"T311655","operator":"Energa","operator:wikidata":"Q9253957","power":"substation","ref":"T-1655","substation":"minor_distribution","voltage":"15000;400"}},
{"type":"Feature","geometry":{"type":"MultiPolygon","coordinates":[[[[18.6252634,54.348326],[18.6252893,54.3482822],[18.6253643,54.3482973],[18.6253384,54.348341],[18.6252634,54.348326]]]]},"properties":{"power":"substation"}},
{"type":"Feature","geometry":{"type":"MultiPolygon","coordinates":[[[[18.6502044,54.3843705],[18.6502047,54.3843574],[18.650221,54.3843575],[18.6502207,54.3843707],[18.6502044,54.3843705]]]]},"properties":{"name":"T-16730","power":"substation"}},
{"type":"Feature","geometry":{"type":"MultiPolygon","coordinates":[[[[18.6503154,54.3870769],[18.6503831,54.3870767],[18.6503833,54.3870994],[18.6503156,54.3870996],[18.6503154,54.3870769]]]]},"properties":{"name":"T-17010","power":"substation"}},
{"type":"Feature","geometry":{"type":"MultiPolygon","coordinates":[[[[18.6068237,54.3525511],[18.6069078,54.3525467],[18.6069157,54.3525985],[18.6068316,54.3526029],[18.6068237,54.3525511]]]]},"properties":{"name":"T-1387","power":"substation"}},
{"type":"Feature","geometry":{"type":"MultiPolygon","coordinates":[[[[18.6062819,54.3516093],[18.6062946,54.3515634],[18.6063751,54.3515709],[18.6063623,54.3516169],[18.6062819,54.3516093]]]]},"properties":{"name":"T-1598","power":"substation"}},
{"type":"Feature","geometry":{"type":"MultiPolygon","coordinates":[[[[18.6051797,54.3529705],[18.6052249,54.3529702],[18.6052256,54.3530044],[18.6051805,54.3530048],[18.6051797,54.3529705]]]]},"properties":{"name":"T-16934","power":"substation"}},
{"type":"Feature","geometry":{"type":"MultiPolygon","coordinates":[[[[18.6090826,54.3523198],[18.609153,54.3522946],[18.6092012,54.3523401],[18.6091308,54.3523654],[18.6090826,54.3523198]]]]},"properties":{"power":"substation"}},
{"type":"Feature","geometry":{"type":"MultiPolygon","coordinates":[[[[18.6092821,54.3532355],[18.6093147,54.3532182],[18.6093516,54.3532419],[18.609319,54.3532592],[18.6092821,54.3532355]]]]},"properties":{"name":"T-16771","power":"substation"}},
{"type":"Feature","geometry":{"type":"MultiPolygon","coordinates":[[[[18.5925606,54.3916602],[18.5926283,54.3916276],[18.5926829,54.3916661],[18.5926152,54.3916987],[18.5925606,54.3916602]]]]},"properties":{"building":"service","building:levels":"1","frequency":"50","new_ref":"T311240","operator":"Energa","operator:wikidata":"Q9253957","power":"substation","rating":"400 kVA","ref":"T-1240","substation":"minor_distribution","voltage":"15000;400"}},
{"type":"Feature","geometry":{"type":"MultiPolygon","coordinates":[[[[18.5943132,54.3918626],[18.5943345,54.3918126],[18.5944136,54.391824],[18.5943923,54.391874],[18.5943132,54.3918626]]]]},"properties":{"building":"service","building:levels":"1","frequency":"50","new_ref":"T311281","operator":"Energa","operator:wikidata":"Q9253957","power":"substation","rating":"400 kVA","ref":"T-1281","substation":"minor_distribution","voltage":"15000;400"}},
{"type":"Feature","geometry":{"type":"MultiPolygon","coordinates":[[[[18.5961641,54.3908666],[18.5962244,54.3908295],[18.5962851,54.3908629],[18.5962248,54.3909],[18.5961641,54.3908666]]]]},"properties":{"building":"service","frequency":"50","new_ref":"T311394","operator":"Energa","operator:wikidata":"Q9253957","power":"substation","ref":"T-1394","substation":"minor_distribution","voltage":"15000;400"}},
{"type":"Feature","geometry":{"type":"MultiPolygon","coordinates":[[[[18.5987363,54.3933452],[18.5987941,54.3933085],[18.5988583,54.3933428],[18.5988005,54.3933795],[18.5987363,54.3933452]]]]},"properties":{"building":"service","frequency":"50","name":"Startowa 5","new_ref":"T311568","operator":"Energa","operator:wikidata":"Q9253957","power":"substation","rating":"250 kVA","ref":"T-1568","substation":"minor_distribution","voltage":"15000;400"}},
{"type":"Feature","geometry":{"type":"MultiPolygon","coordinates":[[[[18.5984611,54.3947681],[18.5985479,54.3947624],[18.5985574,54.3948111],[18.5984706,54.3948168],[18.5984611,54.3947681]]]]},"properties":{"building":"service","building:levels":"1","frequency":"50","name":"Startowa 11","new_ref":"T311518","operator":"Energa","operator:wikidata":"Q9253957","power":"substation","rating":"400 kVA","ref":"T-1518","substation":"minor_distribution","voltage":"15000;400"}},
{"type":"Feature","geometry":{"type":"MultiPolygon","coordinates":[[[[18.5861842,54.411377],[18.5862531,54.4113765],[18.5862891,54.4113765],[18.5862903,54.4114285],[18.586185,54.4114288],[18.5861842,54.411377]]]]},"properties":{"building":"industrial","building:levels":"1","power":"substation"}},
{"type":"Feature","geometry":{"type":"MultiPolygon","coordinates":[[[[18.5906916,54.4122966],[18.5907085,54.4122369],[18.5907957,54.4122453],[18.5907788,54.412305],[18.5906916,54.4122966]]]]},"properties":{"building":"service","name":"Węgorz","power":"substation","ref":"T-1263","substation":"minor_distribution"}},
{"type":"Feature","geometry":{"type":"MultiPolygon","coordinates":[[[[18.5935884,54.4128043],[18.5936049,54.412744000000007],[18.5936933,54.4127521],[18.5936769,54.4128125],[18.5935884,54.4128043]]]]},"properties":{"building":"service","name":"Karmazyn","power":"substation","ref":"T-1244","substation":"minor_distribution"}},
{"type":"Feature","geometry":{"type":"MultiPolygon","coordinates":[[[[18.5911674,54.4130859],[18.591197,54.4130275],[18.5912361,54.4130342],[18.591284,54.4130424],[18.5912544,54.4131008],[18.5911674,54.4130859]]]]},"properties":{"building":"service","name":"Kaszalot","power":"substation","ref":"T-1141","substation":"minor_distribution"}},
{"type":"Feature","geometry":{"type":"MultiPolygon","coordinates":[[[[18.5678559,54.3979618],[18.5678792,54.3979122],[18.5679808,54.3979283],[18.5679575,54.397978],[18.5679507,54.3979769],[18.5678559,54.3979618]]]]},"properties":{"building":"industrial","name":"T-1036","power":"substation","substation":"distribution"}},
{"type":"Feature","geometry":{"type":"MultiPolygon","coordinates":[[[[18.5815914,54.3643948],[18.5816379,54.3643906],[18.5816465,54.364423],[18.5815999,54.3644272],[18.5815914,54.3643948]]]]},"properties":{"power":"substation"}},
{"type":"Feature","geometry":{"type":"MultiPolygon","coordinates":[[[[18.5331801,54.4125742],[18.5332209,54.4125698],[18.5332282,54.4125926],[18.5331874,54.412597],[18.5331801,54.4125742]]]]},"properties":{"building":"service","power":"substation","ref":"T-1930","substation":"minor_distribution","voltage":"15000;400"}},
{"type":"Feature","geometry":{"type":"MultiPolygon","coordinates":[[[[18.4603287,54.363045],[18.4603888,54.3630443],[18.4603898,54.3630712],[18.4603297,54.363072],[18.4603287,54.363045]]]]},"properties":{"power":"substation"}},
{"type":"Feature","geometry":{"type":"MultiPolygon","coordinates":[[[[18.60706,54.3545531],[18.6070695,54.3545077],[18.6071476,54.3545133],[18.6071381,54.3545587],[18.60706,54.3545531]]]]},"properties":{"building":"industrial","name":"T-1735","power":"substation"}},
{"type":"Feature","geometry":{"type":"MultiPolygon","coordinates":[[[[18.603917,54.3540272],[18.6040028,54.3540261],[18.6040048,54.3540748],[18.6039189,54.3540759],[18.603917,54.3540272]]]]},"properties":{"name":"T-1367","power":"substation"}},
{"type":"Feature","geometry":{"type":"MultiPolygon","coordinates":[[[[18.6149841,54.3552385],[18.6149858,54.3551903],[18.6150773,54.3551913],[18.6150757,54.3552396],[18.6149841,54.3552385]]]]},"properties":{"power":"substation","ref":"T-1600"}},
{"type":"Feature","geometry":{"type":"MultiPolygon","coordinates":[[[[18.5996177,54.3531747],[18.5996872,54.353149],[18.5997365,54.3531943],[18.599667,54.35322],[18.5996177,54.3531747]]]]},"properties":{"building":"industrial","name":"T-1088","power":"substation"}},
{"type":"Feature","geometry":{"type":"MultiPolygon","coordinates":[[[[18.626384,54.38376],[18.626459,54.383739],[18.626497,54.383785],[18.626421,54.383806],[18.626384,54.38376]]]]},"properties":{"building":"service","frequency":"50","operator":"Energa","operator:wikidata":"Q9253957","power":"substation","source:building":"EGiB","substation":"minor_distribution","voltage":"15000;400"}},
{"type":"Feature","geometry":{"type":"MultiPolygon","coordinates":[[[[18.6235342,54.3828676],[18.6236808,54.3828649],[18.6236845,54.382934],[18.6235379,54.3829367],[18.6235342,54.3828676]]]]},"properties":{"building":"service","frequency":"50","operator":"Energa","operator:wikidata":"Q9253957","power":"substation","substation":"minor_distribution","voltage":"15000;400"}},
{"type":"Feature","geometry":{"type":"MultiPolygon","coordinates":[[[[18.591276,54.4005259],[18.591315,54.4004792],[18.5913926,54.4005012],[18.5913535,54.4005479],[18.591276,54.4005259]]]]},"properties":{"power":"substation"}},
{"type":"Feature","geometry":{"type":"MultiPolygon","coordinates":[[[[18.563666,54.428494],[18.56367,54.428461],[18.563671,54.428458],[18.563671,54.428454],[18.563673,54.428441],[18.563724,54.428444],[18.563727,54.428444],[18.563734,54.428444],[18.563736,54.428445],[18.5637787,54.4284469],[18.563774,54.428479],[18.563773,54.428486],[18.563771,54.428499],[18.563666,54.428494]]]]},"properties":{"addr:city":"Sopot","addr:country":"PL","addr:housenumber":"9A","addr:postcode":"81-855","addr:street":"Rzemieślnicza","building":"service","building:levels":"1","power":"substation","roof:shape":"flat","source:building":"BDOT","source:geometry":"EGiB"}},
{"type":"Feature","geometry":{"type":"MultiPolygon","coordinates":[[[[18.6429594,54.3997504],[18.64312,54.399662],[18.6432898,54.3996474],[18.6432787,54.399608],[18.6432829,54.3995977],[18.6435384,54.3994624],[18.6436214,54.3996211],[18.6436614,54.399698],[18.6436691,54.3997127],[18.6436769,54.3997277],[18.6437661,54.3998988],[18.6434586,54.3999154],[18.6431521,54.399932],[18.643059,54.399838],[18.6430557,54.3998194],[18.6430528,54.3998031],[18.6430507,54.3997915],[18.643001,54.3997869],[18.642981,54.3997694],[18.6429594,54.3997504]]]]},"properties":{"barrier":"fence","landuse":"industrial","man_made":"water_works","name":"Przepompownia","operator":"Gdańskie Wodociągi"}},
{"type":"Feature","geometry":{"type":"MultiPolygon","coordinates":[[[[18.580831,54.406622],[18.58091,54.406621],[18.580913,54.406667],[18.580834,54.406668],[18.580831,54.406622]]]]},"properties":{"building":"yes","power":"substation","source:building":"EGiB"}},
{"type":"Feature","geometry":{"type":"MultiPolygon","coordinates":[[[[18.5879388,54.4070742],[18.5880004,54.407024],[18.5880736,54.4070544],[18.5880116,54.4071049],[18.5879388,54.4070742]]]]},"properties":{"building":"industrial","building:levels":"1","power":"substation"}},
{"type":"Feature","geometry":{"type":"MultiPolygon","coordinates":[[[[18.582515,54.4099937],[18.5825325,54.409949],[18.582609,54.4099592],[18.5825916,54.4100039],[18.582515,54.4099937]]]]},"properties":{"building":"industrial","building:levels":"1","power":"substation"}},
{"type":"Feature","geometry":{"type":"MultiPolygon","coordinates":[[[[18.583395,54.4088532],[18.5834977,54.4088394],[18.5835175,54.40889],[18.5834148,54.4089042],[18.583395,54.4088532]]]]},"properties":{"building":"yes","building:levels":"1","power":"substation"}},
{"type":"Feature","geometry":{"type":"MultiPolygon","coordinates":[[[[18.6579851,54.4014179],[18.6580503,54.4013898],[18.6581119,54.4014373],[18.6580461,54.4014664],[18.6579851,54.4014179]]]]},"properties":{"power":"substation"}},
{"type":"Feature","geometry":{"type":"MultiPolygon","coordinates":[[[[18.6599485,54.4002648],[18.6600201,54.400241],[18.6600652,54.4002882],[18.6599936,54.4003118],[18.6599485,54.4002648]]]]},"properties":{"power":"substation"}},
{"type":"Feature","geometry":{"type":"MultiPolygon","coordinates":[[[[18.5759998,54.4213036],[18.5760807,54.4213036],[18.5760803,54.4213481],[18.5759998,54.4213484],[18.5759998,54.4213036]]]]},"properties":{"name":"T-1479","power":"substation"}},
{"type":"Feature","geometry":{"type":"MultiPolygon","coordinates":[[[[18.626206,54.38017],[18.626279,54.380165],[18.626289,54.380209],[18.626215,54.380214],[18.626206,54.38017]]]]},"properties":{"building":"service","frequency":"50","height":"3","location":"indoor","new_ref":"T311112","operator":"Energa","operator:wikidata":"Q9253957","power":"substation","ref":"T-1112","source:building":"EGiB","substation":"minor_distribution","voltage":"15000;400"}},
{"type":"Feature","geometry":{"type":"MultiPolygon","coordinates":[[[[18.5781439,54.3192083],[18.5781784,54.3191964],[18.5782064,54.3192242],[18.5781718,54.3192361],[18.5781439,54.3192083]]]]},"properties":{"building":"industrial","power":"substation"}},
{"type":"Feature","geometry":{"type":"MultiPolygon","coordinates":[[[[18.6174199,54.3893944],[18.6175276,54.3893897],[18.6175341,54.3894412],[18.6174264,54.3894458],[18.6174199,54.3893944]]]]},"properties":{"building":"service","frequency":"50","new_ref":"T311974","operator":"Energa","operator:wikidata":"Q9253957","power":"substation","ref":"T-1974","substation":"minor_distribution","voltage":"15000;400"}},
{"type":"Feature","geometry":{"type":"MultiPolygon","coordinates":[[[[18.6213782,54.389825],[18.6213812,54.3897776],[18.6214688,54.3897779],[18.6214702,54.3898279],[18.6213782,54.3898276],[18.6213782,54.389825]]]]},"properties":{"building":"service","frequency":"50","operator":"Energa","operator:wikidata":"Q9253957","power":"substation","substation":"minor_distribution","voltage":"15000;400"}},
{"type":"Feature","geometry":{"type":"MultiPolygon","coordinates":[[[[18.6625074,54.3538028],[18.6625304,54.353756],[18.6626153,54.3537703],[18.662593,54.3538181],[18.6625074,54.3538028]]]]},"properties":{"name":"Kępa","power":"substation","ref":"T-1102"}},
{"type":"Feature","geometry":{"type":"MultiPolygon","coordinates":[[[[18.6216764,54.3556496],[18.6216813,54.3556269],[18.621718,54.3556296],[18.6217131,54.3556523],[18.6216764,54.3556496]]]]},"properties":{"building":"yes","power":"substation"}},
{"type":"Feature","geometry":{"type":"MultiPolygon","coordinates":[[[[18.595106,54.355429],[18.595178,54.35541],[18.595207,54.355447],[18.595136,54.355466],[18.595106,54.355429]]]]},"properties":{"building":"yes","power":"substation","source:building":"EGiB"}},
{"type":"Feature","geometry":{"type":"MultiPolygon","coordinates":[[[[18.5782609,54.402265],[18.578286,54.4022157],[18.5783856,54.4022328],[18.5783605,54.4022822],[18.5782609,54.402265]]]]},"properties":{"building":"yes","power":"substation"}},
{"type":"Feature","geometry":{"type":"MultiPolygon","coordinates":[[[[18.467656,54.434362],[18.467725,54.434328],[18.467782,54.434368],[18.467714,54.434402],[18.467656,54.434362]]]]},"properties":{"building":"service","building:levels":"1","frequency":"50","new_ref":"T311450","operator":"Energa","operator:wikidata":"Q9253957","power":"substation","ref":"T-1450","source:building":"EGiB","substation":"minor_distribution","voltage":"15000;400"}},
{"type":"Feature","geometry":{"type":"MultiPolygon","coordinates":[[[[18.6160144,54.4082932],[18.6164677,54.4081806],[18.6165443,54.4081638],[18.6175395,54.4088081],[18.6177288,54.4088292],[18.6179367,54.4089792],[18.6175579,54.409117],[18.6174488,54.409157],[18.6173999,54.4091837],[18.6169948,54.4089206],[18.6163377,54.4084972],[18.6160144,54.4082932]]]]},"properties":{"barrier":"fence","landuse":"industrial","man_made":"water_works"}},
{"type":"Feature","geometry":{"type":"MultiPolygon","coordinates":[[[[18.609587,54.404793],[18.609636,54.404749],[18.609705,54.404775],[18.60966,54.404819],[18.609587,54.404793]]]]},"properties":{"building":"service","name":"T-1964","power":"substation","source:building":"EGiB"}},
{"type":"Feature","geometry":{"type":"MultiPolygon","coordinates":[[[[18.6120176,54.4045398],[18.6120907,54.4045112],[18.6121365,54.4045508],[18.6120634,54.4045794],[18.6120176,54.4045398]]]]},"properties":{"building":"service","building:levels":"1","name":"T-16507","power":"substation","substation":"minor_distribution"}},
{"type":"Feature","geometry":{"type":"MultiPolygon","coordinates":[[[[18.5554811,54.3510825],[18.5555083,54.3510753],[18.5555222,54.3510716],[18.5556125,54.3511877],[18.5555714,54.3511986],[18.5554811,54.3510825]]]]},"properties":{"power":"substation"}},
{"type":"Feature","geometry":{"type":"MultiPolygon","coordinates":[[[[18.4193196,54.4425787],[18.4193551,54.442562],[18.4193798,54.4425799],[18.4193444,54.4425966],[18.4193196,54.4425787]]]]},"properties":{"building":"service","name":"T-95491","power":"substation"}},
{"type":"Feature","geometry":{"type":"MultiPolygon","coordinates":[[[[18.6241337,54.335746],[18.6242177,54.3357456],[18.6242184,54.3357928],[18.6241343,54.3357932],[18.6241337,54.335746]]]]},"properties":{"name":"T-1584","power":"substation"}},
{"type":"Feature","geometry":{"type":"MultiPolygon","coordinates":[[[[18.6235588,54.3343859],[18.6236513,54.3343841],[18.6236537,54.3344256],[18.6235612,54.3344274],[18.6235588,54.3343859]]]]},"properties":{"name":"T-16572","power":"substation"}},
{"type":"Feature","geometry":{"type":"MultiPolygon","coordinates":[[[[18.6260765,54.3372292],[18.6260998,54.3371781],[18.6261771,54.3371901],[18.6261538,54.3372412],[18.6260765,54.3372292]]]]},"properties":{"power":"substation"}},
{"type":"Feature","geometry":{"type":"MultiPolygon","coordinates":[[[[18.6220833,54.3407214],[18.6221598,54.3407191],[18.6221639,54.3407644],[18.6220874,54.3407667],[18.6220833,54.3407214]]]]},"properties":{"power":"substation"}},
{"type":"Feature","geometry":{"type":"MultiPolygon","coordinates":[[[[18.626884,54.3408944],[18.6268921,54.3408083],[18.626986,54.3408113],[18.6269779,54.3408974],[18.626884,54.3408944]]]]},"properties":{"building":"yes","name":"T-1554","power":"substation"}},
{"type":"Feature","geometry":{"type":"MultiPolygon","coordinates":[[[[18.6287762,54.3400545],[18.6288673,54.3400532],[18.6288695,54.3401058],[18.6287784,54.3401071],[18.6287762,54.3400545]]]]},"properties":{"power":"substation"}},
{"type":"Feature","geometry":{"type":"MultiPolygon","coordinates":[[[[18.6123399,54.393174],[18.6123741,54.393158],[18.6124038,54.3931795],[18.6123696,54.3931955],[18.6123399,54.393174]]]]},"properties":{"building":"service","frequency":"50","new_ref":"T316821","operator":"Energa","operator:wikidata":"Q9253957","power":"substation","ref":"T-16821","substation":"minor_distribution","voltage":"15000;400"}},
{"type":"Feature","geometry":{"type":"MultiPolygon","coordinates":[[[[18.6092201,54.3928515],[18.6092886,54.3928414],[18.6093056,54.3928807],[18.6092371,54.3928907],[18.6092201,54.3928515]]]]},"properties":{"building":"service","frequency":"50","new_ref":"T311516","operator":"Energa","operator:wikidata":"Q9253957","power":"substation","ref":"T-1516","substation":"minor_distribution","voltage":"15000;400"}},
{"type":"Feature","geometry":{"type":"MultiPolygon","coordinates":[[[[18.57074,54.369517],[18.570743,54.369471],[18.570824000000003,54.369473],[18.57082,54.369519],[18.57074,54.369517]]]]},"properties":{"building":"yes","power":"substation","source:building":"EGiB"}},
{"type":"Feature","geometry":{"type":"MultiPolygon","coordinates":[[[[18.5614242,54.4499045],[18.5614565,54.4498382],[18.5615302,54.4498504],[18.5614979,54.4499167],[18.5614242,54.4499045]]]]},"properties":{"addr:city":"Sopot","addr:country":"PL","addr:housenumber":"57A","addr:postcode":"81-715","addr:street":"Jana Jerzego Haffnera","building":"industrial","name":"T-2883","power":"substation"}},
{"type":"Feature","geometry":{"type":"MultiPolygon","coordinates":[[[[18.5578499,54.3303111],[18.5578999,54.330311],[18.5579,54.330338],[18.5578501,54.3303381],[18.5578499,54.3303111]]]]},"properties":{"power":"substation"}},
{"type":"Feature","geometry":{"type":"MultiPolygon","coordinates":[[[[18.5642001,54.3319657],[18.56421,54.3319528],[18.564223899999999,54.3319564],[18.564214,54.3319693],[18.5642001,54.3319657]]]]},"properties":{"name":"T-16969","power":"substation"}},
{"type":"Feature","geometry":{"type":"MultiPolygon","coordinates":[[[[18.5630635,54.3305638],[18.5631369,54.3305456],[18.5631534,54.3305683],[18.56308,54.3305865],[18.5630635,54.3305638]]]]},"properties":{"building":"industrial","power":"substation"}},
{"type":"Feature","geometry":{"type":"MultiPolygon","coordinates":[[[[18.5679608,54.3307009],[18.56797,54.3306755],[18.5680175,54.3306814],[18.5680082,54.3307068],[18.5679608,54.3307009]]]]},"properties":{"power":"substation"}},
{"type":"Feature","geometry":{"type":"MultiPolygon","coordinates":[[[[18.5667222,54.3773612],[18.5668008,54.3773606],[18.5668018,54.3774053],[18.5667232,54.3774059],[18.5667222,54.3773612]]]]},"properties":{"power":"substation"}},
{"type":"Feature","geometry":{"type":"MultiPolygon","coordinates":[[[[18.6245618,54.3252465],[18.6246516,54.3252458],[18.6246527,54.3252936],[18.6245629,54.3252943],[18.6245618,54.3252465]]]]},"properties":{"name":"T-1162","power":"substation"}},
{"type":"Feature","geometry":{"type":"MultiPolygon","coordinates":[[[[18.6853665,54.3457154],[18.6853845,54.3456763],[18.6854207,54.3456819],[18.6854026,54.3457211],[18.6853665,54.3457154]]]]},"properties":{"building":"service","building:levels":"1","power":"substation"}},
{"type":"Feature","geometry":{"type":"MultiPolygon","coordinates":[[[[18.5615754,54.3404203],[18.5616443,54.3403818],[18.561714,54.3404243],[18.5616452,54.3404628],[18.5615754,54.3404203]]]]},"properties":{"building":"service","frequency":"50","new_ref":"T316522","operator":"Energa","operator:wikidata":"Q9253957","power":"substation","ref":"T-16522","substation":"minor_distribution","voltage":"15000;400"}},
{"type":"Feature","geometry":{"type":"MultiPolygon","coordinates":[[[[18.596695,54.416225],[18.596752,54.416184],[18.596833,54.416223],[18.596778,54.416263],[18.596695,54.416225]]]]},"properties":{"building":"yes","power":"substation","source:building":"EGiB"}},
{"type":"Feature","geometry":{"type":"MultiPolygon","coordinates":[[[[18.6162637,54.3423784],[18.6165337,54.3423741],[18.6165385,54.3424855],[18.6162685,54.3424884],[18.6162637,54.3423784]]]]},"properties":{"building":"service","building:levels":"1","power":"substation","source:building":"BDOT","source:geometry":"EGiB","substation":"substation"}},
{"type":"Feature","geometry":{"type":"MultiPolygon","coordinates":[[[[18.4634193,54.4201442],[18.4634816,54.4201353],[18.4634972,54.4201722],[18.4634348,54.4201812],[18.4634193,54.4201442]]]]},"properties":{"building":"service","frequency":"50","name":"T-1456","new_ref":"T311456","operator":"Energa","operator:wikidata":"Q9253957","power":"substation","substation":"minor_distribution","voltage":"15000;400"}},
{"type":"Feature","geometry":{"type":"MultiPolygon","coordinates":[[[[18.6388054,54.3494118],[18.6388569,54.3493345],[18.6388632,54.3493359],[18.6388978,54.349284],[18.6389015,54.3492783],[18.6389173,54.3492547],[18.6389107,54.3492532],[18.6389619,54.3491763],[18.6390937,54.3492061],[18.6390911,54.34921],[18.63925,54.349246],[18.6390982,54.349474],[18.6389401,54.3494382],[18.6389378,54.3494417],[18.6388054,54.3494118]]]]},"properties":{"building":"service","frequency":"50","gas_insulated":"yes","location":"indoor","name":"Stacja elektroenergetyczna 110/15 kV Śródmieście","operator":"Energa","operator:wikidata":"Q9253957","operator:wikipedia":"pl:Energa","power":"substation","substation":"distribution","voltage":"110000;15000","voltage:primary":"110000","voltage:secondary":"15000"}},
{"type":"Feature","geometry":{"type":"MultiPolygon","coordinates":[[[[18.6422924,54.4036646],[18.6422938,54.4036172],[18.6423733,54.403618],[18.6423718,54.4036654],[18.6422924,54.4036646]]]]},"properties":{"building":"industrial","name":"318","power":"substation"}},
{"type":"Feature","geometry":{"type":"MultiPolygon","coordinates":[[[[18.6480393,54.4033985],[18.6481105,54.4033684],[18.6481614,54.4034091],[18.6480901,54.4034393],[18.6480393,54.4033985]]]]},"properties":{"building":"yes","power":"substation"}},
{"type":"Feature","geometry":{"type":"MultiPolygon","coordinates":[[[[18.6437466,54.4048021],[18.6438253,54.404802],[18.6438255,54.4048501],[18.6437468,54.4048502],[18.6437466,54.4048021]]]]},"properties":{"building":"industrial","power":"substation"}},
{"type":"Feature","geometry":{"type":"MultiPolygon","coordinates":[[[[18.640989,54.405664],[18.641063,54.405647],[18.641092,54.40569],[18.641019,54.405707],[18.640989,54.405664]]]]},"properties":{"building":"industrial","power":"substation","source:building":"EGiB"}},
{"type":"Feature","geometry":{"type":"MultiPolygon","coordinates":[[[[18.638728,54.4043777],[18.6387315,54.404332],[18.6388101,54.4043336],[18.6388073,54.4043792],[18.638728,54.4043777]]]]},"properties":{"building":"industrial","power":"substation"}},
{"type":"Feature","geometry":{"type":"MultiPolygon","coordinates":[[[[18.5588537,54.4187201],[18.558936,54.4187061],[18.558961,54.4187539],[18.5588786,54.4187679],[18.5588537,54.4187201]]]]},"properties":{"name":"T-1470","power":"substation"}},
{"type":"Feature","geometry":{"type":"MultiPolygon","coordinates":[[[[18.5975282,54.3846068],[18.5977366,54.3844804],[18.5981448,54.3842522],[18.5981939,54.3842532],[18.5985132,54.3844749],[18.598541,54.3844954],[18.5984456,54.3845505],[18.5979292,54.3848487],[18.5978534,54.3848021],[18.5978306,54.3847884],[18.5975965,54.3846485],[18.5975282,54.3846068]]]]},"properties":{"barrier":"fence","frequency":"50;0","frequency_conversion":"ac_dc","landuse":"railway","name":"Podstacja trakcyjna \"Gdańsk Wrzeszcz\"","operator":"PGE Energetyka Kolejowa","operator:wikidata":"Q7119525","operator:wikipedia":"pl:PKP Energetyka","power":"substation","short_name":"PT Gdańsk Wrzeszcz","substation":"traction","voltage":"15000;3000"}},
{"type":"Feature","geometry":{"type":"MultiPolygon","coordinates":[[[[18.5787388,54.375284],[18.5787963,54.3752527],[18.57885,54.3752863],[18.5787926,54.3753175],[18.5787388,54.375284]]]]},"properties":{"building":"service","building:levels":"1","power":"substation"}},
{"type":"Feature","geometry":{"type":"MultiPolygon","coordinates":[[[[18.5871552,54.3798309],[18.5871768,54.3797884],[18.5872482,54.3798008],[18.5872266,54.3798432],[18.5871552,54.3798309]]]]},"properties":{"building":"service","building:levels":"1","power":"substation"}},
{"type":"Feature","geometry":{"type":"MultiPolygon","coordinates":[[[[18.5079747,54.3483058],[18.5080412,54.3483052],[18.508043,54.3483443],[18.5079762,54.3483443],[18.5079747,54.3483058]]]]},"properties":{"power":"substation"}},
{"type":"Feature","geometry":{"type":"MultiPolygon","coordinates":[[[[18.5022036,54.3464981],[18.5022693,54.3464938],[18.502276,54.346533],[18.5022112,54.3465363],[18.5022036,54.3464981]]]]},"properties":{"building":"service","location":"indoor","name":"Wiosenna","operator":"Energa","power":"substation","ref":"T-16634","source:building":"EGiB","substation":"minor_distribution","voltage":"15000;400"}},
{"type":"Feature","geometry":{"type":"MultiPolygon","coordinates":[[[[18.6309623,54.3207426],[18.631065,54.3207395],[18.6310686,54.3207879],[18.6309658,54.320791],[18.6309623,54.3207426]]]]},"properties":{"building":"service","power":"substation"}},
{"type":"Feature","geometry":{"type":"MultiPolygon","coordinates":[[[[18.6303178,54.309691],[18.6303184,54.3096519],[18.630432,54.3096525],[18.6304317,54.309677],[18.6304835,54.3096772],[18.6304829,54.3097206],[18.6303329,54.3097199],[18.6303333,54.309691],[18.6303178,54.309691]]]]},"properties":{"building":"service","building:levels":"1","location":"indoor","power":"substation","substation":"minor_distribution","voltage":"15000"}},
{"type":"Feature","geometry":{"type":"MultiPolygon","coordinates":[[[[18.5598064,54.3105836],[18.5598425,54.3105612],[18.5598767,54.3105799],[18.5598407,54.3106024],[18.5598064,54.3105836]]]]},"properties":{"building":"yes","power":"substation"}},
{"type":"Feature","geometry":{"type":"MultiPolygon","coordinates":[[[[18.4579382,54.4239898],[18.4580024,54.4239626],[18.4580497,54.4240018],[18.4579855,54.4240276],[18.4579382,54.4239898]]]]},"properties":{"building":"industrial","power":"substation"}},
{"type":"Feature","geometry":{"type":"MultiPolygon","coordinates":[[[[18.4692379,54.4217994],[18.4693208,54.4217875],[18.4693381,54.4218283],[18.4692552,54.4218402],[18.4692379,54.4217994]]]]},"properties":{"building":"service","frequency":"50","operator":"Energa","operator:wikidata":"Q9253957","power":"substation","substation":"minor_distribution","voltage":"15000;400"}},
{"type":"Feature","geometry":{"type":"MultiPolygon","coordinates":[[[[18.5702912,54.3779066],[18.5706257,54.3778356],[18.5707183,54.3779847],[18.5705584,54.3780189],[18.5703844,54.3780559],[18.5702912,54.3779066]]]]},"properties":{"building":"yes","building:levels":"1","frequency":"50","gas_insulated":"yes","location":"indoor","name":"Stacja elektroenergetyczna GPZ 110/15kV „Brętowo”","operator":"Energa","operator:wikidata":"Q9253957","power":"substation","ref":"BRE5","ref:Energa":"01450","source":"www.geoportal.gov.pl","substation":"transmission","voltage":"110000;15000"}},
{"type":"Feature","geometry":{"type":"MultiPolygon","coordinates":[[[[18.5932288,54.395812],[18.5932432,54.3957627],[18.5933257,54.3957709],[18.5933112,54.3958202],[18.5932288,54.395812]]]]},"properties":{"building":"service","frequency":"50","name":"Startowa 17","new_ref":"T311064","operator":"Energa","operator:wikidata":"Q9253957","power":"substation","rating":"250 kVA","ref":"T-1064","substation":"minor_distribution","voltage":"15000;400"}},
{"type":"Feature","geometry":{"type":"MultiPolygon","coordinates":[[[[18.5911112,54.3972163],[18.591133,54.3971706],[18.5912175,54.3971843],[18.5911957,54.39723],[18.5911112,54.3972163]]]]},"properties":{"building":"service","building:levels":"1","frequency":"50","name":"Startowa 29","new_ref":"T311004","operator":"Energa","operator:wikidata":"Q9253957","power":"substation","ref":"T-1004","substation":"minor_distribution","voltage":"15000;400"}},
{"type":"Feature","geometry":{"type":"MultiPolygon","coordinates":[[[[18.5912473,54.3007644],[18.5912835,54.3007619],[18.59129,54.3007938],[18.5912538,54.3007963],[18.5912473,54.3007644]]]]},"properties":{"building":"service","power":"substation"}},
{"type":"Feature","geometry":{"type":"MultiPolygon","coordinates":[[[[18.5864345,54.3817982],[18.5864584,54.3817828],[18.5864904,54.3817998],[18.5864665,54.3818151],[18.5864345,54.3817982]]]]},"properties":{"power":"substation"}},
{"type":"Feature","geometry":{"type":"MultiPolygon","coordinates":[[[[18.5556044,54.3176761],[18.5556257,54.3176579],[18.5556647,54.3176734],[18.5556434,54.3176916],[18.5556044,54.3176761]]]]},"properties":{"building":"service","power":"substation"}},
{"type":"Feature","geometry":{"type":"MultiPolygon","coordinates":[[[[18.5630269,54.3186749],[18.5630272,54.3186695],[18.5630303,54.3186644],[18.563036,54.3186601],[18.5630437,54.3186571],[18.5630526,54.3186556],[18.5630618,54.3186558],[18.5630706,54.3186576],[18.5630779,54.318661],[18.5630834,54.318666],[18.5630857,54.3186718],[18.5630845,54.3186777],[18.5630799,54.318683],[18.5630724,54.3186871],[18.563063,54.3186895],[18.5630528,54.3186898],[18.5630429,54.3186881],[18.5630347,54.3186845],[18.5630295,54.3186801],[18.5630269,54.3186749]]]]},"properties":{"power":"substation","ref":"T-16686"}},
{"type":"Feature","geometry":{"type":"MultiPolygon","coordinates":[[[[18.4827239,54.4175841],[18.482789,54.4175777],[18.4827953,54.4175988],[18.4827301,54.4176053],[18.4827239,54.4175841]]]]},"properties":{"building":"industrial","building:levels":"1","power":"substation","roof:shape":"gabled"}},
{"type":"Feature","geometry":{"type":"MultiPolygon","coordinates":[[[[18.584927,54.4048193],[18.5850332,54.404813],[18.5850426,54.4048667],[18.5849364,54.404873],[18.584927,54.4048193]]]]},"properties":{"building":"industrial","building:levels":"1","power":"substation"}},
{"type":"Feature","geometry":{"type":"MultiPolygon","coordinates":[[[[18.5911674,54.3927567],[18.5912451,54.392743],[18.5912677,54.3927866],[18.59119,54.3928003],[18.5911674,54.3927567]]]]},"properties":{"building":"service","building:levels":"1","frequency":"50","new_ref":"T311353","operator":"Energa","operator:wikidata":"Q9253957","power":"substation","rating":"400 kVA","ref":"T-1353","start_date":"1990","substation":"minor_distribution","voltage":"15000;400"}},
{"type":"Feature","geometry":{"type":"MultiPolygon","coordinates":[[[[18.5904828,54.3942321],[18.5905348,54.3941952],[18.5905992,54.3942259],[18.5905472,54.3942628],[18.5904828,54.3942321]]]]},"properties":{"building":"service","building:levels":"1","frequency":"50","new_ref":"T311472","operator":"Energa","operator:wikidata":"Q9253957","power":"substation","rating":"400 kVA","ref":"T-1472","substation":"minor_distribution","voltage":"15000;400"}},
{"type":"Feature","geometry":{"type":"MultiPolygon","coordinates":[[[[18.5932172,54.3981265],[18.5932742,54.3980922],[18.593338,54.3981281],[18.5932809,54.3981624],[18.5932172,54.3981265]]]]},"properties":{"building":"service","building:levels":"1","frequency":"50","new_ref":"T311237","operator":"Energa","operator:wikidata":"Q9253957","power":"substation","rating":"400 kVA","ref":"T-1237","substation":"minor_distribution","voltage":"15000;400"}},
{"type":"Feature","geometry":{"type":"MultiPolygon","coordinates":[[[[18.6095114,54.3983155],[18.6095708,54.3982818],[18.6096292,54.3983166],[18.6095698,54.3983503],[18.6095114,54.3983155]]]]},"properties":{"building":"service","building:levels":"1","frequency":"50","operator":"Energa","operator:wikidata":"Q9253957","power":"substation","substation":"minor_distribution","voltage":"15000;400"}},
{"type":"Feature","geometry":{"type":"MultiPolygon","coordinates":[[[[18.566681,54.4119019],[18.5667177,54.4118415],[18.5668019,54.4118589],[18.5667652,54.4119192],[18.566681,54.4119019]]]]},"properties":{"building":"industrial","building:levels":"1","power":"substation","roof:shape":"flat"}},
{"type":"Feature","geometry":{"type":"MultiPolygon","coordinates":[[[[18.567589,54.4144541],[18.5676389,54.4144039],[18.5676575,54.4144104],[18.5677253,54.4144333],[18.5676755,54.4144833],[18.567589,54.4144541]]]]},"properties":{"building":"industrial","building:levels":"1","power":"substation","roof:shape":"flat"}},
{"type":"Feature","geometry":{"type":"MultiPolygon","coordinates":[[[[18.6172276,54.358544],[18.6172279,54.3584921],[18.6173123,54.3584923],[18.6173119,54.3585442],[18.6172276,54.358544]]]]},"properties":{"power":"substation"}},
{"type":"Feature","geometry":{"type":"MultiPolygon","coordinates":[[[[18.5967963,54.3968828],[18.596854,54.3968474],[18.5969167,54.396882],[18.596859,54.3969174],[18.5967963,54.3968828]]]]},"properties":{"building":"service","frequency":"50","name":"Startowa 13","new_ref":"T311144","operator":"Energa","operator:wikidata":"Q9253957","power":"substation","rating":"400 kVA","ref":"T-1144","substation":"minor_distribution","voltage":"15000;400"}},
{"type":"Feature","geometry":{"type":"MultiPolygon","coordinates":[[[[18.504974,54.371097],[18.505033,54.371081],[18.505064,54.371119],[18.505005,54.371136],[18.504974,54.371097]]]]},"properties":{"building":"yes","power":"substation","source:building":"EGiB"}},
{"type":"Feature","geometry":{"type":"MultiPolygon","coordinates":[[[[18.5197627,54.3657154],[18.519766,54.3656817],[18.5198232,54.3656835],[18.5198199,54.3657172],[18.5197627,54.3657154]]]]},"properties":{"power":"substation"}},
{"type":"Feature","geometry":{"type":"MultiPolygon","coordinates":[[[[18.64914,54.3437094],[18.6492278,54.3436818],[18.6492675,54.3437274],[18.6491804,54.3437548],[18.64914,54.3437094]]]]},"properties":{"building":"service","building:levels":"4","name":"T-1866","power":"substation","source:building":"BDOT","source:geometry":"EGiB"}},
{"type":"Feature","geometry":{"type":"MultiPolygon","coordinates":[[[[18.6511473,54.3635343],[18.6512839,54.3634124],[18.6515542,54.3635151],[18.6515257,54.3635405],[18.6514176,54.3636371],[18.6512031,54.3635556],[18.6511473,54.3635343]]]]},"properties":{"addr:city":"Gdańsk","addr:city:simc":"0933016","addr:housenumber":"15","addr:postcode":"80-864","addr:street":"Narzędziowców","building":"yes","name":"347A","power":"substation","source:addr":"gugik.gov.pl","substation":"minor_distribution"}},
{"type":"Feature","geometry":{"type":"MultiPolygon","coordinates":[[[[18.6402316,54.3693779],[18.6402763,54.3693364],[18.640395,54.3693799],[18.6403504,54.3694213],[18.6402316,54.3693779]]]]},"properties":{"building":"yes","power":"substation"}},
{"type":"Feature","geometry":{"type":"MultiPolygon","coordinates":[[[[18.6555034,54.3635081],[18.6558174,54.3634444],[18.6558811,54.3635518],[18.6555615,54.3636164],[18.6555034,54.3635081]]]]},"properties":{"building":"yes","heritage":"2","heritage:operator":"nid","name":"A11 (392A)","power":"substation","ref:nid":"A-1936 (14)","substation":"minor_distribution"}},
{"type":"Feature","geometry":{"type":"MultiPolygon","coordinates":[[[[18.6576194,54.3629168],[18.6577245,54.3628938],[18.6577855,54.3629918],[18.6576753,54.3630141],[18.6576194,54.3629168]]]]},"properties":{"building":"yes","name":"A14","power":"substation"}},
{"type":"Feature","geometry":{"type":"MultiPolygon","coordinates":[[[[18.6431841,54.3665653],[18.6433462,54.36654],[18.6433959,54.366648],[18.6432339,54.3666733],[18.6431841,54.3665653]]]]},"properties":{"building":"yes","name":"B12 (337B)","power":"substation","substation":"minor_distribution"}},
{"type":"Feature","geometry":{"type":"MultiPolygon","coordinates":[[[[18.645109,54.3653197],[18.6451565,54.3651765],[18.6452814,54.3651909],[18.645233,54.3653347],[18.645109,54.3653197]]]]},"properties":{"building":"yes","name":"B10 (360B)","power":"substation","substation":"minor_distribution"}},
{"type":"Feature","geometry":{"type":"MultiPolygon","coordinates":[[[[18.5665616,54.3283521],[18.5666049,54.3283519],[18.5666054,54.3283839],[18.5665621,54.3283841],[18.5665616,54.3283521]]]]},"properties":{"building":"yes","power":"substation"}},
{"type":"Feature","geometry":{"type":"MultiPolygon","coordinates":[[[[18.592932,54.415099],[18.592947,54.415047],[18.593051,54.415058],[18.593035,54.41511],[18.592932,54.415099]]]]},"properties":{"building":"yes","power":"substation","source:building":"EGiB"}},
{"type":"Feature","geometry":{"type":"MultiPolygon","coordinates":[[[[18.6446261,54.3390183],[18.6450942,54.3388526],[18.6451728,54.338929],[18.6452732,54.3390265],[18.6454402,54.3389957],[18.645811,54.3392181],[18.645571,54.3393205],[18.6451837,54.3394493],[18.6450962,54.3394765],[18.6446261,54.3390183]]]]},"properties":{"barrier":"fence","landuse":"railway","name":"Podstacja trakcyjna \"Gdańsk Południe\"","operator":"PGE Energetyka Kolejowa","operator:wikidata":"Q7119525","operator:wikipedia":"pl:PKP Energetyka","power":"substation","short_name":"PT Gdańsk Południe","substation":"traction"}},
{"type":"Feature","geometry":{"type":"MultiPolygon","coordinates":[[[[18.562197,54.435522],[18.562206,54.435477],[18.562253,54.43548],[18.562268,54.435481],[18.562283,54.435482],[18.562278,54.435507],[18.562278,54.435509],[18.562274,54.435528],[18.562246,54.435526],[18.562197,54.435522]]]]},"properties":{"addr:city":"Sopot","addr:housenumber":"56A","addr:street":"3 Maja","building":"service","power":"substation","source:building":"EGiB"}},
{"type":"Feature","geometry":{"type":"MultiPolygon","coordinates":[[[[18.643874,54.392513],[18.64393,54.392479],[18.643987,54.392511],[18.643932,54.392544],[18.643874,54.392513]]]]},"properties":{"building":"yes","power":"substation","source:building":"EGiB"}},
{"type":"Feature","geometry":{"type":"MultiPolygon","coordinates":[[[[18.472061,54.430025],[18.472138,54.430023],[18.472141,54.430067],[18.472064,54.430069],[18.472061,54.430025]]]]},"properties":{"building":"yes","building:levels":"1","power":"substation","source:building":"EGiB"}},
{"type":"Feature","geometry":{"type":"MultiPolygon","coordinates":[[[[18.501583,54.342052],[18.501652,54.342034],[18.501686,54.342074],[18.501617,54.342093],[18.501583,54.342052]]]]},"properties":{"building":"yes","power":"substation","source:building":"EGiB"}},
{"type":"Feature","geometry":{"type":"MultiPolygon","coordinates":[[[[18.5083159,54.3404762],[18.5083625,54.340467],[18.5083785,54.3404948],[18.5083318,54.3405039],[18.5083159,54.3404762]]]]},"properties":{"name":"T-16720","power":"substation"}},
{"type":"Feature","geometry":{"type":"MultiPolygon","coordinates":[[[[18.5898873,54.4149156],[18.5898911,54.4148543],[18.5899814,54.4148562],[18.5899776,54.4149175],[18.5898873,54.4149156]]]]},"properties":{"power":"substation"}},
{"type":"Feature","geometry":{"type":"MultiPolygon","coordinates":[[[[18.590294,54.3604257],[18.5903591,54.3603981],[18.590405,54.3604349],[18.5903399,54.3604625],[18.590294,54.3604257]]]]},"properties":{"power":"substation"}},
{"type":"Feature","geometry":{"type":"MultiPolygon","coordinates":[[[[18.5586024,54.4345129],[18.5586044,54.434507],[18.5586112,54.4345025],[18.5586209,54.4345005],[18.558631,54.4345017],[18.5586388,54.4345056],[18.5586421,54.4345113],[18.5586401,54.4345172],[18.5586333,54.4345217],[18.5586236,54.4345236],[18.5586134,54.4345225],[18.5586057,54.4345185],[18.5586024,54.4345129]]]]},"properties":{"building":"yes","power":"substation"}},
{"type":"Feature","geometry":{"type":"MultiPolygon","coordinates":[[[[18.6132991,54.3062532],[18.6141403,54.3062004],[18.6143884,54.3064674],[18.6140659,54.3066106],[18.6133618,54.3066562],[18.6133102,54.3063249],[18.6133049,54.3062906],[18.6133004,54.3062617],[18.6132991,54.3062532]]]]},"properties":{"barrier":"fence","frequency":"50","gas_insulated":"yes","landuse":"industrial","location":"indoor","name":"Stacja elektroenergatyczna 110/15kV GPZ Maćkowy","operator":"Energa Operator","power":"substation","start_date":"2019","substation":"distribution","voltage":"110000;15000"}},
{"type":"Feature","geometry":{"type":"MultiPolygon","coordinates":[[[[18.6573072,54.3415052],[18.6573501,54.3414745],[18.657447,54.3415206],[18.6574041,54.3415513],[18.6573072,54.3415052]]]]},"properties":{"building":"service","height":"3","name":"Jałmużnicza","power":"substation","ref":"T-1641"}},
{"type":"Feature","geometry":{"type":"MultiPolygon","coordinates":[[[[18.571095,54.4338885],[18.5711402,54.4338419],[18.5712057,54.4338631],[18.5711602,54.4339104],[18.571095,54.4338885]]]]},"properties":{"building":"service","description":"substantion name: Sopot Rzeźnia","power":"substation","ref":"T-2819","substation":"minor_distribution"}},
{"type":"Feature","geometry":{"type":"MultiPolygon","coordinates":[[[[18.5750756,54.4334365],[18.5750975,54.4334197],[18.5750987,54.4334186],[18.5751389,54.4334363],[18.5751157,54.4334538],[18.5750756,54.4334365]]]]},"properties":{"building":"service","power":"substation","substation":"minor_distribution"}},
{"type":"Feature","geometry":{"type":"MultiPolygon","coordinates":[[[[18.5803305,54.4340073],[18.5803763,54.4339718],[18.5804389,54.4339992],[18.580393,54.4340347],[18.5803305,54.4340073]]]]},"properties":{"building":"service","power":"substation","ref":"T-2824","substation":"minor_distribution","voltage":"15000;400"}},
{"type":"Feature","geometry":{"type":"MultiPolygon","coordinates":[[[[18.668825,54.349765],[18.668833,54.349668],[18.668987,54.349672],[18.66898,54.349769],[18.668825,54.349765]]]]},"properties":{"building":"service","building:levels":"1","power":"substation","source:building":"BDOT","source:geometry":"EGiB","substation":"minor_distribution"}},
{"type":"Feature","geometry":{"type":"MultiPolygon","coordinates":[[[[18.4480591,54.3865471],[18.4481067,54.3865348],[18.4481237,54.3865578],[18.4480764,54.3865701],[18.4480591,54.3865471]]]]},"properties":{"building":"service","power":"substation","source:building":"EGiB","substation":"minor_distribution"}},
{"type":"Feature","geometry":{"type":"MultiPolygon","coordinates":[[[[18.6152969,54.3384981],[18.6153816,54.3384937],[18.61539,54.3385482],[18.6153053,54.3385526],[18.6152969,54.3384981]]]]},"properties":{"building":"service","power":"substation"}},
{"type":"Feature","geometry":{"type":"MultiPolygon","coordinates":[[[[18.6818136,54.3482643],[18.6818452,54.3482512],[18.681879,54.3482807],[18.6818463,54.3482932],[18.6818136,54.3482643]]]]},"properties":{"building":"service","building:levels":"1","power":"substation"}},
{"type":"Feature","geometry":{"type":"MultiPolygon","coordinates":[[[[18.5904155,54.3495484],[18.5904517,54.3495153],[18.5904843,54.3495274],[18.5904482,54.3495605],[18.5904155,54.3495484]]]]},"properties":{"building":"service","power":"substation","ref":"T-16867"}},
{"type":"Feature","geometry":{"type":"MultiPolygon","coordinates":[[[[18.4217296,54.3947176],[18.4217976,54.3946656],[18.4218518,54.3946896],[18.4217838,54.3947416],[18.4217296,54.3947176]]]]},"properties":{"building":"yes","location":"indoor","power":"substation"}},
{"type":"Feature","geometry":{"type":"MultiPolygon","coordinates":[[[[18.4467053,54.4186489],[18.4467556,54.4186457],[18.446764,54.4186907],[18.4467137,54.4186939],[18.4467053,54.4186489]]]]},"properties":{"building":"yes","location":"outdoor","power":"substation","substation":"distribution"}},
{"type":"Feature","geometry":{"type":"MultiPolygon","coordinates":[[[[18.5418175,54.3342376],[18.5418559,54.3342348],[18.5418649,54.3342771],[18.5418266,54.3342799],[18.5418175,54.3342376]]]]},"properties":{"building":"yes","power":"substation","substation":"distribution"}},
{"type":"Feature","geometry":{"type":"MultiPolygon","coordinates":[[[[18.567887,54.4035305],[18.5679061,54.4035044],[18.5680175,54.4035321],[18.5679984,54.4035582],[18.567887,54.4035305]]]]},"properties":{"building":"service","building:levels":"1","power":"substation"}},
{"type":"Feature","geometry":{"type":"MultiPolygon","coordinates":[[[[18.5709981,54.3307968],[18.5710174,54.3306503],[18.5711758,54.3306574],[18.5711565,54.3308039],[18.5709981,54.3307968]]]]},"properties":{"building":"yes","power":"substation","ref":"T-317442","substation":"traction"}},
{"type":"Feature","geometry":{"type":"MultiPolygon","coordinates":[[[[18.4513354,54.434466],[18.4513702,54.4344656],[18.4513717,54.4345066],[18.4513369,54.4345071],[18.4513354,54.434466]]]]},"properties":{"building":"service","location":"indoor","power":"substation","ref":"T-16692","substation":"minor_distribution"}},
{"type":"Feature","geometry":{"type":"MultiPolygon","coordinates":[[[[18.6171302,54.3375851],[18.6172533,54.3375824],[18.6172566,54.3376547],[18.6171353,54.337658],[18.6171302,54.3375851]]]]},"properties":{"building":"yes","power":"substation"}},
{"type":"Feature","geometry":{"type":"MultiPolygon","coordinates":[[[[18.6266104,54.3727705],[18.6266944,54.3727447],[18.626732,54.3727862],[18.626648,54.3728121],[18.6266104,54.3727705]]]]},"properties":{"height":"3","location":"indoor","power":"substation","ref":"T-16250","street_cabinet":"power","substation":"minor_distribution","voltage":"15000"}},
{"type":"Feature","geometry":{"type":"MultiPolygon","coordinates":[[[[18.6287371,54.388065],[18.6288166,54.3880631],[18.6288199,54.3881093],[18.6287405,54.3881113],[18.6287371,54.388065]]]]},"properties":{"building":"service","building:levels":"1","frequency":"50","operator":"Energa","operator:wikidata":"Q9253957","power":"substation","substation":"minor_distribution","voltage":"15000;400"}},
{"type":"Feature","geometry":{"type":"MultiPolygon","coordinates":[[[[18.545441,54.3350397],[18.5455111,54.3350216],[18.5455308,54.3350473],[18.5454606,54.3350655],[18.545441,54.3350397]]]]},"properties":{"building":"yes","power":"substation","substation":"distribution"}},
{"type":"Feature","geometry":{"type":"MultiPolygon","coordinates":[[[[18.5859927,54.4140189],[18.5860492,54.4139764],[18.5861356,54.4140143],[18.58608,54.4140572],[18.5859927,54.4140189]]]]},"properties":{"building":"yes","power":"substation","source":"www.geoportal.gov.pl"}},
{"type":"Feature","geometry":{"type":"MultiPolygon","coordinates":[[[[18.4717319,54.3676051],[18.4718359,54.3676041],[18.4718369,54.3676388],[18.4717329,54.3676398],[18.4717319,54.3676051]]]]},"properties":{"power":"substation"}},
{"type":"Feature","geometry":{"type":"MultiPolygon","coordinates":[[[[18.473377,54.3618174],[18.4734079,54.3618165],[18.4734088,54.3618276],[18.4733779,54.3618285],[18.473377,54.3618174]]]]},"properties":{"power":"substation"}},
{"type":"Feature","geometry":{"type":"MultiPolygon","coordinates":[[[[18.4733328,54.3618175],[18.473371,54.3618164],[18.4733721,54.3618283],[18.4733338,54.3618294],[18.4733328,54.3618175]]]]},"properties":{"power":"substation"}},
{"type":"Feature","geometry":{"type":"MultiPolygon","coordinates":[[[[18.4739574,54.3625317],[18.4739621,54.3625009],[18.4740121,54.3625035],[18.4740073,54.3625343],[18.4739574,54.3625317]]]]},"properties":{"power":"substation"}},
{"type":"Feature","geometry":{"type":"MultiPolygon","coordinates":[[[[18.5691184,54.394454],[18.5692677,54.3944538],[18.5692681,54.3945179],[18.5691187,54.3945182],[18.5691184,54.394454]]]]},"properties":{"building":"yes","name":"T-16151","power":"substation","source":"www.geoportal.gov.pl"}},
{"type":"Feature","geometry":{"type":"MultiPolygon","coordinates":[[[[18.623855,54.3879035],[18.6239119,54.3879012],[18.6239169,54.3879562],[18.6238606,54.3879578],[18.623855,54.3879035]]]]},"properties":{"addr:city":"Gdańsk","addr:postcode":"80-416","addr:street":"Krzysztofa Kamila Baczyńskiego","building":"service","frequency":"50","height":"2","name":"Baczyńskiego 2","new_ref":"T311002","operator":"Energa","operator:wikidata":"Q9253957","power":"substation","ref":"T-1002","substation":"minor_distribution","voltage":"15000;400"}},
{"type":"Feature","geometry":{"type":"MultiPolygon","coordinates":[[[[18.7127922,54.3596624],[18.712827,54.3596133],[18.712926,54.3596373],[18.7128912,54.3596863],[18.7127922,54.3596624]]]]},"properties":{"building":"service","building:levels":"1","name":"T-1095","operator":"Energa","operator:wikidata":"Q9253957","power":"substation","source":"www.geoportal.gov.pl"}},
{"type":"Feature","geometry":{"type":"MultiPolygon","coordinates":[[[[18.6386812,54.3494273],[18.6387006,54.3493973],[18.6388792,54.3491205],[18.638912,54.3491199],[18.6393905,54.3492214],[18.6391809,54.3495396],[18.6386954,54.3494305],[18.6386812,54.3494273]]]]},"properties":{"barrier":"fence","power":"substation"}},
{"type":"Feature","geometry":{"type":"MultiPolygon","coordinates":[[[[18.598773,54.4117909],[18.5987958,54.4117399],[18.5988824,54.4117527],[18.5988977,54.411755],[18.5988769,54.4118067],[18.598773,54.4117909]]]]},"properties":{"building":"service","loc_name":"Ostrobok","power":"substation","ref":"T-1157","substation":"minor_distribution"}},
{"type":"Feature","geometry":{"type":"MultiPolygon","coordinates":[[[[18.4109503,54.3236802],[18.4110697,54.3236498],[18.4111204,54.3237176],[18.4110645,54.323732],[18.4110348,54.3237396],[18.4110164,54.3237152],[18.4109831,54.3237238],[18.4109664,54.3237016],[18.4109503,54.3236802]]]]},"properties":{"building":"service","building:levels":"1","power":"substation","source":"www.geoportal.gov.pl","substation":"minor_distribution"}},
{"type":"Feature","geometry":{"type":"MultiPolygon","coordinates":[[[[18.5552512,54.4135618],[18.5553249,54.4135488],[18.5553472,54.4135913],[18.5552735,54.4136043],[18.5552512,54.4135618]]]]},"properties":{"power":"substation","ref":"T-1666"}},
{"type":"Feature","geometry":{"type":"MultiPolygon","coordinates":[[[[18.6081925,54.4079191],[18.6082357,54.4078813],[18.6082995,54.4079061],[18.6082563,54.4079439],[18.6081925,54.4079191]]]]},"properties":{"power":"substation"}},
{"type":"Feature","geometry":{"type":"MultiPolygon","coordinates":[[[[18.5657504,54.396378],[18.5657688,54.3963529],[18.5658159,54.3963656],[18.5657987,54.3963894],[18.5657504,54.396378]]]]},"properties":{"building":"yes","power":"substation"}},
{"type":"Feature","geometry":{"type":"MultiPolygon","coordinates":[[[[18.6133294,54.3538993],[18.6133758,54.3538617],[18.6134384,54.353888],[18.613392,54.3539256],[18.6133294,54.3538993]]]]},"properties":{"power":"substation","ref":"T-1634"}},
{"type":"Feature","geometry":{"type":"MultiPolygon","coordinates":[[[[18.5857373,54.3338055],[18.5857553,54.3337763],[18.5857941,54.3337845],[18.5857762,54.3338136],[18.5857373,54.3338055]]]]},"properties":{"addr:city":"Gdańsk","addr:housenumber":"23","addr:postcode":"80-180","addr:street":"Mariana Kołodzieja","building":"service","height":"2","power":"substation","ref":"T-16962"}},
{"type":"Feature","geometry":{"type":"MultiPolygon","coordinates":[[[[18.5654118,54.4125008],[18.5654531,54.4124991],[18.5654566,54.4125296],[18.5654154,54.4125312],[18.5654118,54.4125008]]]]},"properties":{"building":"yes","power":"substation"}},
{"type":"Feature","geometry":{"type":"MultiPolygon","coordinates":[[[[18.5848166,54.3445782],[18.5848647,54.3445663],[18.5848816,54.3445893],[18.5848335,54.3446012],[18.5848166,54.3445782]]]]},"properties":{"power":"substation"}},
{"type":"Feature","geometry":{"type":"MultiPolygon","coordinates":[[[[18.5918261,54.3438994],[18.5918466,54.3438754],[18.5919128,54.3438947],[18.5918923,54.3439187],[18.5918261,54.3438994]]]]},"properties":{"power":"substation","ref":"T-16554"}},
{"type":"Feature","geometry":{"type":"MultiPolygon","coordinates":[[[[18.5904638,54.3466772],[18.5904645,54.3466503],[18.5905193,54.3466507],[18.5905186,54.3466777],[18.5904638,54.3466772]]]]},"properties":{"power":"substation","ref":"T-16926"}},
{"type":"Feature","geometry":{"type":"MultiPolygon","coordinates":[[[[18.5953969,54.3446498],[18.5954335,54.3446192],[18.5954869,54.3446414],[18.5954479,54.3446711],[18.5953969,54.3446498]]]]},"properties":{"building":"service","power":"substation","ref":"T-16595"}},
{"type":"Feature","geometry":{"type":"MultiPolygon","coordinates":[[[[18.5629582,54.4165023],[18.5630319,54.4164907],[18.5630544,54.4165393],[18.5629807,54.4165509],[18.5629582,54.4165023]]]]},"properties":{"building":"service","power":"substation","substation":"minor_distribution"}},
{"type":"Feature","geometry":{"type":"MultiPolygon","coordinates":[[[[18.4829354,54.3542678],[18.4829588,54.3542542],[18.4829869,54.3542705],[18.4829634,54.3542842],[18.4829354,54.3542678]]]]},"properties":{"power":"substation"}},
{"type":"Feature","geometry":{"type":"MultiPolygon","coordinates":[[[[18.603111,54.385751],[18.603156,54.385698],[18.603229,54.385719],[18.603185,54.385772],[18.603111,54.385751]]]]},"properties":{"building":"service","height":"2.5","power":"substation","source:building":"EGiB"}},
{"type":"Feature","geometry":{"type":"MultiPolygon","coordinates":[[[[18.6046097,54.3958787],[18.604683,54.3958529],[18.6047276,54.3958959],[18.6046615,54.3959191],[18.6046543,54.3959217],[18.6046097,54.3958787]]]]},"properties":{"building":"service","frequency":"50","name":"Burzyńskiego 6","new_ref":"T311838","operator":"Energa","operator:wikidata":"Q9253957","power":"substation","rating":"250 kVA","ref":"T-1838","substation":"minor_distribution","voltage":"15000;400"}},
{"type":"Feature","geometry":{"type":"MultiPolygon","coordinates":[[[[18.5845385,54.4027782],[18.584562,54.4027321],[18.5846425,54.402746],[18.5846189,54.4027921],[18.5845385,54.4027782]]]]},"properties":{"building":"yes","power":"substation"}},
{"type":"Feature","geometry":{"type":"MultiPolygon","coordinates":[[[[18.5903004,54.3906181],[18.5903372,54.3905967],[18.5903945,54.39063],[18.5903577,54.3906514],[18.5903004,54.3906181]]]]},"properties":{"building":"service","frequency":"50","power":"substation","substation":"minor_distribution","voltage":"15000;400"}},
{"type":"Feature","geometry":{"type":"MultiPolygon","coordinates":[[[[18.4560036,54.3830589],[18.456185,54.3830127],[18.4562531,54.3831038],[18.4560714,54.3831504],[18.4560036,54.3830589]]]]},"properties":{"building":"service","building:levels":"1","power":"substation","source":"www.geoportal.gov.pl"}},
{"type":"Feature","geometry":{"type":"MultiPolygon","coordinates":[[[[18.447262,54.2844731],[18.4472978,54.2844674],[18.4474611,54.2844414],[18.4475624,54.2846578],[18.4473626,54.2846876],[18.447262,54.2844731]]]]},"properties":{"gas_insulated":"no","location":"indoor","name":"Stacja elektroenergetyczna 15kV PZ Łapino","power":"substation","substation":"transmission","voltage":"15000"}},
{"type":"Feature","geometry":{"type":"MultiPolygon","coordinates":[[[[18.5891047,54.4110293],[18.5891261,54.4109779],[18.5892274,54.4109935],[18.5892051,54.411044],[18.5891047,54.4110293]]]]},"properties":{"building":"service","name":"Śledź","power":"substation","ref":"T-1208","substation":"minor_distribution"}},
{"type":"Feature","geometry":{"type":"MultiPolygon","coordinates":[[[[18.4807502,54.432925],[18.4807781,54.4329045],[18.480806,54.4329174],[18.4807781,54.4329379],[18.4807502,54.432925]]]]},"properties":{"power":"substation"}},
{"type":"Feature","geometry":{"type":"MultiPolygon","coordinates":[[[[18.5734454,54.3949371],[18.5734656,54.3949159],[18.5735199,54.3949334],[18.5734997,54.3949546],[18.5734454,54.3949371]]]]},"properties":{"building":"yes","power":"substation"}},
{"type":"Feature","geometry":{"type":"MultiPolygon","coordinates":[[[[18.5768275,54.3931319],[18.5768513,54.3931082],[18.5769601,54.3931451],[18.5769363,54.3931688],[18.5768275,54.3931319]]]]},"properties":{"building":"yes","power":"substation"}},
{"type":"Feature","geometry":{"type":"MultiPolygon","coordinates":[[[[18.6000658,54.351893],[18.6000952,54.3518417],[18.6001747,54.3518572],[18.6001453,54.3519085],[18.6000658,54.351893]]]]},"properties":{"building":"yes","power":"substation"}},
{"type":"Feature","geometry":{"type":"MultiPolygon","coordinates":[[[[18.5517191,54.34189],[18.5517424,54.3418707],[18.5518005,54.3418945],[18.5517771,54.3419138],[18.5517191,54.34189]]]]},"properties":{"power":"substation"}},
{"type":"Feature","geometry":{"type":"MultiPolygon","coordinates":[[[[18.5569324,54.3509278],[18.5569539,54.3509094],[18.5570057,54.3509298],[18.5569841,54.3509483],[18.5569324,54.3509278]]]]},"properties":{"power":"substation"}},
{"type":"Feature","geometry":{"type":"MultiPolygon","coordinates":[[[[18.4424256,54.3717589],[18.4424262,54.3717369],[18.4425448,54.371738],[18.4425442,54.37176],[18.4424256,54.3717589]]]]},"properties":{"building":"service","location":"indoor","power":"substation","substation":"industrial","voltage":"1500"}},
{"type":"Feature","geometry":{"type":"MultiPolygon","coordinates":[[[[18.4629949,54.3586901],[18.4630152,54.3586617],[18.4630542,54.3586711],[18.4630339,54.3586996],[18.4629949,54.3586901]]]]},"properties":{"building":"service","location":"indoor","power":"substation","substation":"minor_distribution","voltage":"15000;400"}},
{"type":"Feature","geometry":{"type":"MultiPolygon","coordinates":[[[[18.480907,54.369059],[18.480918,54.369038],[18.48098,54.36905],[18.480969,54.369071],[18.480907,54.369059]]]]},"properties":{"building":"service","location":"indoor","name":"Rakietowa","power":"substation","source:building":"EGiB","substation":"minor_distribution","voltage":"15000;400"}},
{"type":"Feature","geometry":{"type":"MultiPolygon","coordinates":[[[[18.4975329,54.3525055],[18.4975815,54.3524956],[18.4975945,54.3525173],[18.4975458,54.3525272],[18.4975329,54.3525055]]]]},"properties":{"building":"service","frequency":"50","location":"indoor","name":"Kartuska 482","new_ref":"T316956","operator":"Energa","operator:wikidata":"Q9253957","power":"substation","ref":"T-16956","substation":"minor_distribution","voltage":"15000;400"}},
{"type":"Feature","geometry":{"type":"MultiPolygon","coordinates":[[[[18.5016556,54.352896],[18.5016966,54.3528853],[18.5017078,54.3529],[18.5016667,54.3529106],[18.5016556,54.352896]]]]},"properties":{"building":"service","frequency":"50","location":"indoor","operator":"Energa","operator:wikidata":"Q9253957","power":"substation","substation":"minor_distribution","voltage":"15000;400"}},
{"type":"Feature","geometry":{"type":"MultiPolygon","coordinates":[[[[18.5012386,54.3516258],[18.5012958,54.3516109],[18.5013105,54.3516301],[18.5012533,54.3516451],[18.5012386,54.3516258]]]]},"properties":{"building":"service","frequency":"50","location":"indoor","name":"Kartuska 474","new_ref":"T316669","operator":"Energa","operator:wikidata":"Q9253957","power":"substation","ref":"T-16669","substation":"minor_distribution","voltage":"15000;400"}},
{"type":"Feature","geometry":{"type":"MultiPolygon","coordinates":[[[[18.5674624,54.3322911],[18.5674653,54.3322752],[18.5675131,54.3322782],[18.5675103,54.332294],[18.5674624,54.3322911]]]]},"properties":{"building":"service","power":"substation","substation":"minor_distribution"}},
{"type":"Feature","geometry":{"type":"MultiPolygon","coordinates":[[[[18.6130057,54.399253],[18.6130925,54.3990004],[18.614755,54.3975425],[18.6152889,54.3970746],[18.6162213,54.3962579],[18.6177399,54.3968479],[18.6177415,54.3968546],[18.6177784,54.3970399],[18.6177698,54.3970894],[18.6177417,54.397132],[18.6176243,54.3972346],[18.61727,54.3975447],[18.6169395,54.3978337],[18.6164927,54.3982229],[18.6163977,54.3983086],[18.616306,54.398389],[18.6158149,54.3988197],[18.6156246,54.3989879],[18.615409,54.3991761],[18.6149956,54.3995395],[18.6146357,54.399854499999999],[18.6130057,54.399253]]]]},"properties":{"addr:city":"Gdańsk","addr:housenumber":"90","addr:postcode":"80-414","addr:street":"Bolesława Chrobrego","man_made":"water_works","name":"Stacja uzdatniania wody \"Zaspa Wodna\"","operator":"Gdańska Infrastruktura Wodociągowo-Kanalizacyjna Sp. z o.o."}},
{"type":"Feature","geometry":{"type":"MultiPolygon","coordinates":[[[[18.6215339,54.3988506],[18.6217598,54.3988057],[18.6218194,54.3989074],[18.6215935,54.3989522],[18.6215339,54.3988506]]]]},"properties":{"building":"yes","power":"substation","ref":"T-16409","substation":"traction"}},
{"type":"Feature","geometry":{"type":"MultiPolygon","coordinates":[[[[18.6212506,54.3988642],[18.6219547,54.3987298],[18.6219461,54.3989663],[18.6215574,54.3990407],[18.621385,54.3989415],[18.6212506,54.3988642]]]]},"properties":{"barrier":"fence","landuse":"industrial","name":"Podstacja trakcyjna \"Tramwaje Hallera\"","power":"substation"}},
{"type":"Feature","geometry":{"type":"MultiPolygon","coordinates":[[[[18.5709382,54.3307997],[18.5709678,54.3306185],[18.5709709,54.3305991],[18.5709756,54.33056],[18.5712436,54.3305697],[18.5712318,54.3306591],[18.5711895,54.3306577],[18.5711676,54.3308101],[18.5709628,54.3308008],[18.5709382,54.3307997]]]]},"properties":{"fence":"yes","landuse":"industrial","name":"Podstacja trakcyjna \"Bulońska Pętla\"","power":"substation"}},
{"type":"Feature","geometry":{"type":"MultiPolygon","coordinates":[[[[18.5489871,54.2906963],[18.5490065,54.2906602],[18.5490415,54.2906667],[18.5490221,54.2907027],[18.5489871,54.2906963]]]]},"properties":{"location":"indoor","operator":"Energa Operator","power":"substation","ref":"T-51112","substation":"minor_distribution","voltage":"15000"}},
{"type":"Feature","geometry":{"type":"MultiPolygon","coordinates":[[[[18.5480385,54.2924356],[18.5480573,54.2923994],[18.5480917,54.2924055],[18.5480729,54.2924417],[18.5480385,54.2924356]]]]},"properties":{"location":"indoor","operator":"Energa Operator","power":"substation","ref":"T-51111","substation":"minor_distribution","voltage":"15000"}},
{"type":"Feature","geometry":{"type":"MultiPolygon","coordinates":[[[[18.537211,54.2954369],[18.5372581,54.2954358],[18.5372595,54.2954558],[18.5372124,54.2954569],[18.537211,54.2954369]]]]},"properties":{"location":"indoor","operator":"Energa Operator","power":"substation","substation":"minor_distribution","voltage":"15000"}},
{"type":"Feature","geometry":{"type":"MultiPolygon","coordinates":[[[[18.5519094,54.3092946],[18.5519315,54.3092748],[18.5519867,54.3092958],[18.5519713,54.3093096],[18.5519645,54.3093156],[18.5519094,54.3092946]]]]},"properties":{"location":"indoor","power":"substation","substation":"minor_distribution","voltage":"15000"}},
{"type":"Feature","geometry":{"type":"MultiPolygon","coordinates":[[[[18.5567629,54.3128493],[18.5567804,54.3128283],[18.5567846,54.3128295],[18.5568247,54.3128409],[18.5568072,54.3128619],[18.5567708,54.3128516],[18.5567629,54.3128493]]]]},"properties":{"location":"indoor","operator":"Energa Operator","power":"substation","substation":"minor_distribution","voltage":"15000"}},
{"type":"Feature","geometry":{"type":"MultiPolygon","coordinates":[[[[18.5425983,54.302972],[18.5426127,54.3029551],[18.5426473,54.3029652],[18.5426329,54.302982],[18.5426265,54.3029801],[18.5426054,54.3029741],[18.5425983,54.302972]]]]},"properties":{"location":"indoor","operator":"Energa","power":"substation","substation":"minor_distribution","voltage":"15000"}},
{"type":"Feature","geometry":{"type":"MultiPolygon","coordinates":[[[[18.5381476,54.3014824],[18.53817,54.3014689],[18.5381978,54.3014845],[18.5381754,54.3014981],[18.5381602,54.3014895],[18.5381533,54.3014856],[18.5381476,54.3014824]]]]},"properties":{"location":"indoor","name":"Maciejewicza II","operator":"Energa","power":"substation","ref":"T-51148","substation":"minor_distribution","voltage":"15000"}},
{"type":"Feature","geometry":{"type":"MultiPolygon","coordinates":[[[[18.4429194,54.284879],[18.4429841,54.2848654],[18.4429996,54.2848907],[18.4429762,54.2848956],[18.4429349,54.2849042],[18.4429194,54.284879]]]]},"properties":{"location":"indoor","power":"substation","substation":"minor_distribution","voltage":"15000"}},
{"type":"Feature","geometry":{"type":"MultiPolygon","coordinates":[[[[18.4412486,54.2871082],[18.4412666,54.2870715],[18.4413328,54.2870826],[18.4413148,54.2871193],[18.4412486,54.2871082]]]]},"properties":{"building":"service","location":"indoor","power":"substation","substation":"minor_distribution","voltage":"15000"}},
{"type":"Feature","geometry":{"type":"MultiPolygon","coordinates":[[[[18.677395,54.393295],[18.677482,54.393287],[18.6775,54.393336],[18.677412,54.393346],[18.677395,54.393295]]]]},"properties":{"building":"yes","name":"T-1591","power":"substation","source:building":"EGiB"}},
{"type":"Feature","geometry":{"type":"MultiPolygon","coordinates":[[[[18.6512394,54.3872574],[18.6512438,54.3872077],[18.6513376,54.3872105],[18.6513332,54.3872602],[18.6512394,54.3872574]]]]},"properties":{"power":"substation"}},
{"type":"Feature","geometry":{"type":"MultiPolygon","coordinates":[[[[18.666901,54.3802348],[18.666996,54.3802112],[18.6670279,54.3802548],[18.6669329,54.3802784],[18.666901,54.3802348]]]]},"properties":{"power":"substation"}},
{"type":"Feature","geometry":{"type":"MultiPolygon","coordinates":[[[[18.6789241,54.3828583],[18.6789528,54.3828577],[18.6789536,54.3828701],[18.6789249,54.3828707],[18.6789241,54.3828583]]]]},"properties":{"power":"substation"}},
{"type":"Feature","geometry":{"type":"MultiPolygon","coordinates":[[[[18.5781281,54.4022421],[18.5781534,54.4021922],[18.5781566,54.4021861],[18.578164,54.4021873],[18.5782894,54.4022089],[18.578286,54.4022157],[18.5782609,54.402265],[18.5781281,54.4022421]]]]},"properties":{"building":"outbuilding","building:levels":"1","power":"substation","roof:shape":"flat","source":"www.geoportal.gov.pl"}},
{"type":"Feature","geometry":{"type":"MultiPolygon","coordinates":[[[[18.5782941,54.4313933],[18.5789109,54.4310051],[18.5795313,54.4306125],[18.5797074,54.4305807],[18.5800126,54.4307418],[18.5802663,54.4308811],[18.5804404,54.4309772],[18.5804398,54.4309962],[18.5802847,54.4310936],[18.5800322,54.4312509],[18.5799273,54.4312772],[18.5799178,54.4312732],[18.579889,54.4312919],[18.5798379,54.4313266],[18.579864,54.4313957],[18.5801546,54.4315419],[18.5800398,54.4316236],[18.5798378,54.4317683],[18.5795277,54.4315986],[18.5793637,54.4317019],[18.5793304,54.4317116],[18.5795693,54.4318647],[18.5793257,54.4319857],[18.5790185,54.4317814],[18.5785784,54.4315456],[18.5782941,54.4313933]]]]},"properties":{"landuse":"industrial","man_made":"water_works"}},
{"type":"Feature","geometry":{"type":"MultiPolygon","coordinates":[[[[18.6820503,54.3631427],[18.6825509,54.3628904],[18.6831943,54.363345],[18.6831501,54.3633675],[18.6831174,54.3633843],[18.683081,54.3634018],[18.6831276,54.3634363],[18.6827439,54.3636225],[18.6820503,54.3631427]]]]},"properties":{"barrier":"fence","name":"Podstacja trakcyjna \"Port Północny\"","operator":"PGE Energetyka Kolejowa","operator:wikidata":"Q7119525","operator:wikipedia":"pl:PKP Energetyka","power":"substation","short_name":"PT Port Północny","substation":"traction","voltage":"3000"}},
{"type":"Feature","geometry":{"type":"MultiPolygon","coordinates":[[[[18.5279179,54.4491602],[18.5279887,54.4491356],[18.5280308,54.4491767],[18.52796,54.4492012],[18.5279179,54.4491602]]]]},"properties":{"building":"yes","power":"substation"}},
{"type":"Feature","geometry":{"type":"MultiPolygon","coordinates":[[[[18.5121637,54.3342622],[18.512236,54.3342475],[18.5122681,54.3343011],[18.5121958,54.3343158],[18.5121637,54.3342622]]]]},"properties":{"barrier":"fence","landuse":"industrial","man_made":"water_works"}},
{"type":"Feature","geometry":{"type":"MultiPolygon","coordinates":[[[[18.5728226,54.4179525],[18.5729131,54.4179431],[18.5729309,54.4180003],[18.5728399,54.4180096],[18.5728226,54.4179525]]]]},"properties":{"building":"service","building:levels":"1","power":"substation","roof:shape":"flat"}},
{"type":"Feature","geometry":{"type":"MultiPolygon","coordinates":[[[[18.58299,54.415907],[18.583023,54.415858],[18.583121,54.41588],[18.583088,54.415929],[18.58299,54.415907]]]]},"properties":{"building":"industrial","power":"substation","source:building":"EGiB"}},
{"type":"Feature","geometry":{"type":"MultiPolygon","coordinates":[[[[18.62514,54.3651323],[18.6251552,54.3650884],[18.6252034,54.365094],[18.6251882,54.365138],[18.62514,54.3651323]]]]},"properties":{"building":"yes","power":"substation"}},
{"type":"Feature","geometry":{"type":"MultiPolygon","coordinates":[[[[18.584483,54.3402894],[18.5845161,54.3402744],[18.5845493,54.3402995],[18.5845162,54.3403145],[18.584483,54.3402894]]]]},"properties":{"building":"service","power":"substation"}},
{"type":"Feature","geometry":{"type":"MultiPolygon","coordinates":[[[[18.622737,54.3966423],[18.6227376,54.3966155],[18.6228294,54.3966076],[18.6228307,54.396578],[18.6228326,54.3965538],[18.6227393,54.3965368],[18.622742,54.396243],[18.6235334,54.3962445],[18.6255425,54.3962482],[18.6255371,54.3964458],[18.62553,54.39672],[18.6239524,54.396719],[18.6239531,54.3968151],[18.6238304,54.396815],[18.6234233,54.3968148],[18.6232211,54.3968144],[18.6232156,54.3966508],[18.622737,54.3966423]]]]},"properties":{"barrier":"fence","landuse":"industrial","man_made":"wastewater_plant","name":"Dział Ujęć Wgłębnych Zaspa","note":"Dawna oczyszczalnia ścieków, zamknięta w 2008 roku.","operator":"Gdańskie Wodociągi"}},
{"type":"Feature","geometry":{"type":"MultiPolygon","coordinates":[[[[18.5649454,54.4286913],[18.5652395,54.4282253],[18.565646,54.4282756],[18.5657322,54.4282856],[18.5655759,54.4287678],[18.5652719,54.4287309],[18.5649454,54.4286913]]]]},"properties":{"barrier":"fence","landuse":"railway","name":"Podstacja trakcyjna \"Sopot Wyścigi\"","operator":"PGE Energetyka Kolejowa","operator:wikidata":"Q7119525","operator:wikipedia":"pl:PKP Energetyka","power":"substation","short_name":"PT Sopot Wyścigi","substation":"traction"}},
{"type":"Feature","geometry":{"type":"MultiPolygon","coordinates":[[[[18.7299522,54.3725712],[18.7300745,54.3725474],[18.7300981,54.3725885],[18.7299758,54.3726123],[18.7299522,54.3725712]]]]},"properties":{"barrier":"fence","landuse":"industrial","man_made":"wastewater_plant"}},
{"type":"Feature","geometry":{"type":"MultiPolygon","coordinates":[[[[18.5400871,54.4195571],[18.5401745,54.4195118],[18.5402351,54.4195741],[18.5401602,54.4195907],[18.5400871,54.4195571]]]]},"properties":{"barrier":"fence","landuse":"industrial","man_made":"wastewater_plant"}},
{"type":"Feature","geometry":{"type":"MultiPolygon","coordinates":[[[[18.633429,54.379855],[18.633466,54.379836],[18.633489,54.379853],[18.633453,54.379871],[18.633429,54.379855]]]]},"properties":{"building":"yes","operator":"Energa","operator:wikidata":"Q9253957","power":"substation","source:building":"EGiB"}},
{"type":"Feature","geometry":{"type":"MultiPolygon","coordinates":[[[[18.6607725,54.2857438],[18.6608094,54.2857274],[18.6608302,54.2857433],[18.6607933,54.2857597],[18.6607725,54.2857438]]]]},"properties":{"location":"indoor","power":"substation","substation":"minor_distribution","voltage":"15000"}},
{"type":"Feature","geometry":{"type":"MultiPolygon","coordinates":[[[[18.5881929,54.3581029],[18.5882377,54.3580945],[18.5882605,54.3581354],[18.5882157,54.3581439],[18.5881929,54.3581029]]]]},"properties":{"power":"substation"}},
{"type":"Feature","geometry":{"type":"MultiPolygon","coordinates":[[[[18.5529622,54.3722156],[18.5530083,54.3721991],[18.5530303,54.3722198],[18.5529842,54.3722363],[18.5529622,54.3722156]]]]},"properties":{"power":"substation"}},
{"type":"Feature","geometry":{"type":"MultiPolygon","coordinates":[[[[18.5954578,54.4111914],[18.5954702,54.4111507],[18.5954761,54.4111315],[18.595565,54.4111407],[18.5955467,54.4112006],[18.5954578,54.4111914]]]]},"properties":{"building":"service","name":"Dorsz","power":"substation","ref":"T-1179","substation":"minor_distribution"}},
{"type":"Feature","geometry":{"type":"MultiPolygon","coordinates":[[[[18.5960137,54.4123376],[18.5960377,54.4122862],[18.5960627,54.4122902],[18.5961096,54.4122976],[18.596137,54.4123019],[18.596113,54.4123533],[18.5960137,54.4123376]]]]},"properties":{"building":"service","name":"Ostryga","power":"substation","ref":"T-1178","substation":"minor_distribution"}},
{"type":"Feature","geometry":{"type":"MultiPolygon","coordinates":[[[[18.5960033,54.4099201],[18.5960144,54.4098923],[18.5960924,54.4099028],[18.5960813,54.4099306],[18.5960033,54.4099201]]]]},"properties":{"building":"service","name":"Cztery Oceany","power":"substation","ref":"T-16907","substation":"minor_distribution"}},
{"type":"Feature","geometry":{"type":"MultiPolygon","coordinates":[[[[18.6322568,54.4017904],[18.6322824,54.4017532],[18.6323245,54.401763],[18.6322989,54.4018003],[18.6322568,54.4017904]]]]},"properties":{"building":"service","name":"Gdańska 21","power":"substation","ref":"T317625","substation":"minor_distribution"}},
{"type":"Feature","geometry":{"type":"MultiPolygon","coordinates":[[[[18.584528,54.3533326],[18.5845753,54.3532878],[18.5846443,54.3533115],[18.5845983,54.3533564],[18.584528,54.3533326]]]]},"properties":{"building":"service","power":"substation"}},
{"type":"Feature","geometry":{"type":"MultiPolygon","coordinates":[[[[18.5888381,54.348785],[18.5888491,54.3487616],[18.588897,54.3487692],[18.588886,54.3487926],[18.5888381,54.348785]]]]},"properties":{"building":"yes","power":"substation"}},
{"type":"Feature","geometry":{"type":"MultiPolygon","coordinates":[[[[18.6159537,54.3708501],[18.6159996,54.3708438],[18.6160214,54.3708975],[18.6159756,54.3709038],[18.6159537,54.3708501]]]]},"properties":{"building":"yes","power":"substation","voltage":"15000"}},
{"type":"Feature","geometry":{"type":"MultiPolygon","coordinates":[[[[18.6643441,54.347056],[18.6643735,54.3470087],[18.6644574,54.3470264],[18.664428,54.3470737],[18.6643441,54.347056]]]]},"properties":{"building":"yes","power":"substation"}},
{"type":"Feature","geometry":{"type":"MultiPolygon","coordinates":[[[[18.6506074,54.3393337],[18.6506449,54.3393198],[18.6508856,54.3392317],[18.6510143,54.3391897],[18.6515163,54.3390648],[18.6515381,54.3391065],[18.6516201,54.3392958],[18.6517817,54.339272],[18.6517901,54.3392709],[18.6517683,54.3393245],[18.6517539,54.3394236],[18.6517542,54.3395193],[18.6517701,54.3397717],[18.6517791,54.3399155],[18.6518204,54.3400562],[18.6518303,54.3400912],[18.6518506,54.3401353],[18.6518855,54.3401984],[18.6519608,54.3403321],[18.6521078,54.3404875],[18.6521691,54.340535],[18.6523405,54.3406599],[18.6525865,54.340827],[18.6524545,54.3408924],[18.6520177,54.3406149],[18.6516275,54.3401671],[18.6515734,54.3401832],[18.6515559,54.3401888],[18.6514158,54.3400501],[18.6513797,54.3400137],[18.651356,54.3399891],[18.6513409,54.3399941],[18.6512656,54.3399195],[18.6512175,54.3399366],[18.6506074,54.3393337]]]]},"properties":{"landuse":"industrial","man_made":"water_works","operator":"Gdańska Infrastruktura Wodociągowo-Kanalizacyjna"}},
{"type":"Feature","geometry":{"type":"MultiPolygon","coordinates":[[[[18.7100103,54.3575364],[18.7103965,54.3575205],[18.7104203,54.3575319],[18.710434,54.3576268],[18.7103224,54.3576315],[18.7100911,54.3576413],[18.7100103,54.3575364]]]]},"properties":{"landuse":"industrial","man_made":"wastewater_plant","name":"Przepompownia \"Gniła Łacha\""}},
{"type":"Feature","geometry":{"type":"MultiPolygon","coordinates":[[[[18.6168545,54.407311],[18.6168871,54.4072999],[18.6169139,54.4073266],[18.6168814,54.4073377],[18.6168545,54.407311]]]]},"properties":{"building":"service","description":"Transformator \"Czarny Dwór Parking\"","power":"substation","ref":"T317607","substation":"minor_distribution"}},
{"type":"Feature","geometry":{"type":"MultiPolygon","coordinates":[[[[18.4678508,54.382497],[18.4679106,54.3824842],[18.4679248,54.3825067],[18.467865,54.3825195],[18.4678508,54.382497]]]]},"properties":{"power":"substation","ref":"757"}},
{"type":"Feature","geometry":{"type":"MultiPolygon","coordinates":[[[[18.4838906,54.3810911],[18.4839292,54.3810869],[18.4839197,54.3810576],[18.4841023,54.3810374],[18.4841313,54.381126],[18.48391,54.3811505],[18.4838906,54.3810911]]]]},"properties":{"building":"service","power":"substation"}},
{"type":"Feature","geometry":{"type":"MultiPolygon","coordinates":[[[[18.5859475,54.3391987],[18.5860173,54.3391577],[18.5860623,54.3391801],[18.586079,54.3392014],[18.5859965,54.3392241],[18.5859475,54.3391987]]]]},"properties":{"barrier":"fence","landuse":"industrial","man_made":"water_works","name":"Stacja podnoszenia ciśnienia \"Cedrowa\""}},
{"type":"Feature","geometry":{"type":"MultiPolygon","coordinates":[[[[18.5644258,54.361651],[18.5644287,54.361641],[18.5644353,54.3616186],[18.5645135,54.3616264],[18.5645065,54.36165],[18.5645039,54.3616589],[18.5644258,54.361651]]]]},"properties":{"barrier":"fence","landuse":"industrial","man_made":"wastewater_plant","name":"Przepompownia ścieków Nowiec"}},
{"type":"Feature","geometry":{"type":"MultiPolygon","coordinates":[[[[18.5938748,54.3329016],[18.5939242,54.3328643],[18.5939606,54.3328367],[18.5940576,54.332836],[18.5940885,54.3328016],[18.5945336,54.332896],[18.594451,54.3330252],[18.5943814,54.3330864],[18.5938748,54.3329016]]]]},"properties":{"fence":"yes","landuse":"industrial","name":"Podstacja trakcyjna \"Tramwaje Łódzka\"","power":"substation"}},
{"type":"Feature","geometry":{"type":"MultiPolygon","coordinates":[[[[18.5888213,54.309426],[18.5888549,54.3094167],[18.588877,54.3094438],[18.5888434,54.3094531],[18.5888213,54.309426]]]]},"properties":{"building":"service","location":"indoor","power":"substation","substation":"minor_distribution","voltage":"15000;400"}},
{"type":"Feature","geometry":{"type":"MultiPolygon","coordinates":[[[[18.5921676,54.3940334],[18.5921861,54.3939826],[18.5922683,54.3939927],[18.5922498,54.3940435],[18.5921676,54.3940334]]]]},"properties":{"building":"service","frequency":"50","name":"Pilotów 13","new_ref":"T311050","operator":"Energa","operator:wikidata":"Q9253957","power":"substation","ref":"T-1050","substation":"minor_distribution","voltage":"15000;400"}},
{"type":"Feature","geometry":{"type":"MultiPolygon","coordinates":[[[[18.5880326,54.3955205],[18.5881082,54.3955066],[18.5881318,54.3955499],[18.5880562,54.3955638],[18.5880326,54.3955205]]]]},"properties":{"building":"service","frequency":"50","new_ref":"T311458","operator":"Energa","operator:wikidata":"Q9253957","power":"substation","ref":"T-1458","substation":"minor_distribution","voltage":"15000;400"}},
{"type":"Feature","geometry":{"type":"MultiPolygon","coordinates":[[[[18.6194477,54.3170818],[18.6194531,54.3170625],[18.6194987,54.3170668],[18.6194933,54.3170861],[18.6194477,54.3170818]]]]},"properties":{"location":"indoor","power":"substation","substation":"minor_distribution","voltage":"15000"}},
{"type":"Feature","geometry":{"type":"MultiPolygon","coordinates":[[[[18.6198431,54.3128087],[18.6198456,54.3127865],[18.6199114,54.3127891],[18.6199089,54.3128113],[18.6198564,54.3128092],[18.6198431,54.3128087]]]]},"properties":{"location":"indoor","power":"substation","substation":"minor_distribution","voltage":"15000"}},
{"type":"Feature","geometry":{"type":"MultiPolygon","coordinates":[[[[18.5937635,54.2927243],[18.5938021,54.2927229],[18.5938065,54.2927651],[18.5937679,54.2927665],[18.5937635,54.2927243]]]]},"properties":{"building":"yes","location":"indoor","power":"substation","substation":"minor_distribution","voltage":"15000"}},
{"type":"Feature","geometry":{"type":"MultiPolygon","coordinates":[[[[18.6061871,54.3041003],[18.6061991,54.3040915],[18.6062166,54.3040787],[18.6062479,54.3040933],[18.6062184,54.3041149],[18.6061871,54.3041003]]]]},"properties":{"location":"indoor","power":"substation","substation":"minor_distribution","voltage":"15000"}},
{"type":"Feature","geometry":{"type":"MultiPolygon","coordinates":[[[[18.6101367,54.3100561],[18.6101957,54.310056],[18.6101958,54.3100782],[18.6101368,54.3100783],[18.6101367,54.3100561]]]]},"properties":{"location":"indoor","power":"substation","substation":"minor_distribution","voltage":"15000"}},
{"type":"Feature","geometry":{"type":"MultiPolygon","coordinates":[[[[18.5856743,54.3085881],[18.5857357,54.3085806],[18.5857437,54.3086029],[18.5856923,54.3086092],[18.5856824,54.3086104],[18.5856743,54.3085881]]]]},"properties":{"building":"service","location":"indoor","power":"substation","substation":"minor_distribution","voltage":"15000"}},
{"type":"Feature","geometry":{"type":"MultiPolygon","coordinates":[[[[18.6084409,54.2983867],[18.6084731,54.2983798],[18.6084952,54.2984152],[18.608463,54.298422],[18.6084409,54.2983867]]]]},"properties":{"location":"indoor","power":"substation","substation":"minor_distribution","voltage":"15000"}},
{"type":"Feature","geometry":{"type":"MultiPolygon","coordinates":[[[[18.6088071,54.3008696],[18.6088539,54.3008599],[18.6088677,54.3008828],[18.608821,54.3008924],[18.6088071,54.3008696]]]]},"properties":{"location":"indoor","name":"T-16845 Czerska","power":"substation","ref":"T-16845","substation":"minor_distribution","voltage":"15000"}},
{"type":"Feature","geometry":{"type":"MultiPolygon","coordinates":[[[[18.573237,54.400202],[18.573267,54.400168],[18.573323,54.400184],[18.573292,54.400218],[18.573237,54.400202]]]]},"properties":{"building":"service","building:levels":"1","power":"substation","source:building":"BDOT","source:geometry":"EGiB"}},
{"type":"Feature","geometry":{"type":"MultiPolygon","coordinates":[[[[18.688388,54.3700795],[18.6884263,54.3700096],[18.6885364,54.3700306],[18.688499,54.3701031],[18.6883956,54.3700846],[18.688388,54.3700795]]]]},"properties":{"barrier":"fence","landuse":"industrial","man_made":"wastewater_plant"}},
{"type":"Feature","geometry":{"type":"MultiPolygon","coordinates":[[[[18.6016583,54.3970405],[18.601721,54.3970173],[18.6017437,54.3970382],[18.601681,54.3970614],[18.6016583,54.3970405]]]]},"properties":{"building":"service","frequency":"50","new_ref":"T316981","operator":"Energa","operator:wikidata":"Q9253957","power":"substation","ref":"T-16981","substation":"minor_distribution","voltage":"15000;400"}},
{"type":"Feature","geometry":{"type":"MultiPolygon","coordinates":[[[[18.5636256,54.4151553],[18.5636457,54.4151263],[18.5637202,54.4151439],[18.5637,54.4151728],[18.5636256,54.4151553]]]]},"properties":{"building":"service","power":"substation","substation":"minor_distribution"}},
{"type":"Feature","geometry":{"type":"MultiPolygon","coordinates":[[[[18.5643048,54.4146738],[18.5643255,54.4146442],[18.564402,54.4146622],[18.5643814,54.4146919],[18.5643048,54.4146738]]]]},"properties":{"building":"service","power":"substation","substation":"minor_distribution"}},
{"type":"Feature","geometry":{"type":"MultiPolygon","coordinates":[[[[18.563388,54.4162589],[18.5634351,54.4162524],[18.5634524,54.4162948],[18.5634054,54.4163013],[18.563388,54.4162589]]]]},"properties":{"building":"service","power":"substation","substation":"minor_distribution"}},
{"type":"Feature","geometry":{"type":"MultiPolygon","coordinates":[[[[18.45892,54.4145892],[18.459109,54.4145832],[18.4591168,54.4146608],[18.458928,54.4146676],[18.45892,54.4145892]]]]},"properties":{"building":"service","building:levels":"1","frequency":"50","operator":"Energa","operator:wikidata":"Q9253957","power":"substation","source:building":"BDOT","substation":"minor_distribution","voltage":"15000;400"}},
{"type":"Feature","geometry":{"type":"MultiPolygon","coordinates":[[[[18.5524687,54.3178295],[18.5525147,54.3177532],[18.5526253,54.3177771],[18.5525793,54.3178535],[18.5524687,54.3178295]]]]},"properties":{"building":"outbuilding","building:levels":"1","name":"T-16157","power":"substation","source:building":"BDOT"}},
{"type":"Feature","geometry":{"type":"MultiPolygon","coordinates":[[[[18.6030169,54.3380003],[18.603068,54.3379995],[18.603069,54.33802],[18.6030178,54.3380208],[18.6030169,54.3380003]]]]},"properties":{"building":"service","power":"substation"}},
{"type":"Feature","geometry":{"type":"MultiPolygon","coordinates":[[[[18.6139098,54.3676459],[18.6139839,54.3676357],[18.6140022,54.3676811],[18.6139281,54.3676913],[18.6139098,54.3676459]]]]},"properties":{"building":"service","frequency":"50","operator":"Energa","operator:wikidata":"Q9253957","power":"substation","substation":"minor_distribution","voltage":"15000;400"}},
{"type":"Feature","geometry":{"type":"MultiPolygon","coordinates":[[[[18.6159584,54.3085067],[18.6160789,54.3084614],[18.616159,54.308534],[18.6161403,54.308541],[18.6160385,54.3085793],[18.6159584,54.3085067]]]]},"properties":{"building":"yes","name":"T--1169","power":"substation"}},
{"type":"Feature","geometry":{"type":"MultiPolygon","coordinates":[[[[18.6463837,54.3044978],[18.6464702,54.3042278],[18.6468963,54.3043405],[18.6469196,54.3044541],[18.6469897,54.304467],[18.6470238,54.3044733],[18.6470777,54.3044832],[18.6471276,54.3044036],[18.6487502,54.3047667],[18.6488984,54.3057417],[18.6477036,54.3057965],[18.6468896,54.3058339],[18.6465534,54.3058533],[18.6463837,54.3044978]]]]},"properties":{"addr:city":"Gdańsk","addr:country":"PL","addr:housenumber":"7","addr:postcode":"80-003","addr:street":"Niegowska","barrier":"fence","man_made":"water_works","name":"Ujęcie wody \"Lipce\"","operator":"Gdańskie Wodociągi S.A.","source":"https://www.gdanskiewodociagi.pl/ekologia/ujeciawody.aspx"}},
{"type":"Feature","geometry":{"type":"MultiPolygon","coordinates":[[[[18.6238112,54.4067369],[18.6238781,54.4067153],[18.6239026,54.4067411],[18.6238974,54.4067427],[18.6238357,54.4067626],[18.6238269,54.4067549],[18.6238112,54.4067369]]]]},"properties":{"building":"service","power":"substation","ref":"T317394","substation":"minor_distribution","unsigned_name":"Hallera Dwór"}},
{"type":"Feature","geometry":{"type":"MultiPolygon","coordinates":[[[[18.6283312,54.3759458],[18.62836,54.3758994],[18.6284419,54.3759166],[18.6284132,54.375963],[18.6283312,54.3759458]]]]},"properties":{"building":"service","frequency":"0","name":"Kabina sekcyjna \"Zaspa\"","operator":"PGE Energetyka Kolejowa","operator:wikidata":"Q7119525","operator:wikipedia":"pl:PKP Energetyka","power":"substation","short_name":"KS Zaspa","substation":"traction","voltage":"3000"}},
{"type":"Feature","geometry":{"type":"MultiPolygon","coordinates":[[[[18.5906306,54.3311921],[18.5906502,54.3311513],[18.5907152,54.3311619],[18.5906956,54.3312026],[18.5906306,54.3311921]]]]},"properties":{"building":"yes","power":"substation"}},
{"type":"Feature","geometry":{"type":"MultiPolygon","coordinates":[[[[18.5958355,54.394211],[18.5958947,54.3941749],[18.5959586,54.3942104],[18.5958994,54.3942465],[18.5958355,54.394211]]]]},"properties":{"building":"service","frequency":"50","new_ref":"T311145","operator":"Energa","operator:wikidata":"Q9253957","power":"substation","rating":"250 kVA","ref":"T-1145","substation":"minor_distribution","voltage":"15000;400"}},
{"type":"Feature","geometry":{"type":"MultiPolygon","coordinates":[[[[18.6948941,54.337772],[18.6949401,54.3377716],[18.6949412,54.3378146],[18.6948952,54.337815],[18.6948944,54.337786],[18.6948941,54.337772]]]]},"properties":{"gas_insulated":"yes","location":"indoor","power":"substation","start_date":"2023","substation":"industrial","voltage":"15000"}},
{"type":"Feature","geometry":{"type":"MultiPolygon","coordinates":[[[[18.6977678,54.3367876],[18.6978838,54.3367865],[18.6978846,54.3368139],[18.6978001,54.3368147],[18.6977685,54.336815],[18.6977678,54.3367876]]]]},"properties":{"gas_insulated":"yes","location":"indoor","power":"substation","start_date":"2023","substation":"industrial","voltage":"15000"}},
{"type":"Feature","geometry":{"type":"MultiPolygon","coordinates":[[[[18.6483842,54.3354156],[18.6484516,54.3353878],[18.6484948,54.3354243],[18.6484289,54.335451],[18.6483842,54.3354156]]]]},"properties":{"location":"indoor","name":"Stacja elektroenergetyczna 15/0,4kV Czerwony Most","power":"substation","ref":"T-1649","substation":"minor_distribution","voltage":"15000"}},
{"type":"Feature","geometry":{"type":"MultiPolygon","coordinates":[[[[18.6062236,54.3972539],[18.6062867,54.397246],[18.6063056,54.3972968],[18.6062425,54.3973048],[18.6062236,54.3972539]]]]},"properties":{"building":"service","frequency":"50","operator":"Energa","operator:wikidata":"Q9253957","power":"substation","substation":"minor_distribution","voltage":"15000;400"}},
{"type":"Feature","geometry":{"type":"MultiPolygon","coordinates":[[[[18.4901441,54.4105435],[18.490152899999999,54.4105194],[18.4902086,54.4105255],[18.4901992,54.4105503],[18.4901441,54.4105435]]]]},"properties":{"building":"service","power":"substation","substation":"minor_distribution"}},
{"type":"Feature","geometry":{"type":"MultiPolygon","coordinates":[[[[18.5521128,54.3177604],[18.5521147,54.3177573],[18.5521523,54.3176952],[18.5521593,54.3176835],[18.552256,54.3177029],[18.5522124,54.317778],[18.5521211,54.3177594],[18.5521199,54.3177618],[18.5521128,54.3177604]]]]},"properties":{"building":"outbuilding","building:levels":"1","name":"T-16359","power":"substation","source:building":"BDOT"}},
{"type":"Feature","geometry":{"type":"MultiPolygon","coordinates":[[[[18.4588365,54.4157866],[18.4588737,54.4157846],[18.4588781,54.4158116],[18.4588409,54.4158136],[18.4588365,54.4157866]]]]},"properties":{"building":"service","frequency":"50","operator":"Energa","operator:wikidata":"Q9253957","power":"substation","substation":"minor_distribution","voltage":"15000;400"}},
{"type":"Feature","geometry":{"type":"MultiPolygon","coordinates":[[[[18.5884803,54.396495],[18.5885145,54.3964741],[18.5885433,54.3964901],[18.5885092,54.396511],[18.5884803,54.396495]]]]},"properties":{"building":"service","frequency":"50","new_ref":"T311714","operator":"Energa","operator:wikidata":"Q9253957","power":"substation","rating":"630 kVA","ref":"T-1714","substation":"minor_distribution","voltage":"15000;400"}},
{"type":"Feature","geometry":{"type":"MultiPolygon","coordinates":[[[[18.5917156,54.3957901],[18.5917562,54.3957638],[18.5917855,54.3957792],[18.5917449,54.3958055],[18.5917156,54.3957901]]]]},"properties":{"building":"service","frequency":"50","name":"Startowa 19","new_ref":"T316988","operator":"Energa","operator:wikidata":"Q9253957","power":"substation","ref":"T-16988","substation":"minor_distribution","voltage":"15000;400"}},
{"type":"Feature","geometry":{"type":"MultiPolygon","coordinates":[[[[18.59455,54.3972701],[18.5946065,54.3972352],[18.594669,54.3972694],[18.5946125,54.3973043],[18.59455,54.3972701]]]]},"properties":{"building":"service","frequency":"50","new_ref":"T311033","operator":"Energa","operator:wikidata":"Q9253957","power":"substation","rating":"400 kVA","ref":"T-1033","substation":"minor_distribution","voltage":"15000;400"}},
{"type":"Feature","geometry":{"type":"MultiPolygon","coordinates":[[[[18.5982078,54.3960205],[18.5982658,54.3959838],[18.5983298,54.3960181],[18.5982719,54.3960548],[18.5982078,54.3960205]]]]},"properties":{"building":"service","frequency":"50","new_ref":"T311566","operator":"Energa","operator:wikidata":"Q9253957","power":"substation","rating":"400 kVA","ref":"T-1566","substation":"minor_distribution","voltage":"15000;400"}},
{"type":"Feature","geometry":{"type":"MultiPolygon","coordinates":[[[[18.5995588,54.3908986],[18.5996281,54.3908747],[18.5996742,54.3909201],[18.5996049,54.3909439],[18.5995588,54.3908986]]]]},"properties":{"building":"service","frequency":"50","operator":"Energa","operator:wikidata":"Q9253957","power":"substation","substation":"minor_distribution","voltage":"15000;400"}},
{"type":"Feature","geometry":{"type":"MultiPolygon","coordinates":[[[[18.6002383,54.3930884],[18.6002617,54.3930816],[18.6002701,54.3930913],[18.6002467,54.3930981],[18.6002383,54.3930884]]]]},"properties":{"building":"service","frequency":"50","operator":"Energa","operator:wikidata":"Q9253957","power":"substation","ref":"T317471","substation":"distribution","voltage":"15000"}},
{"type":"Feature","geometry":{"type":"MultiPolygon","coordinates":[[[[18.6247374,54.3894776],[18.6248219,54.3894753],[18.6248259,54.3895253],[18.6247414,54.3895276],[18.6247374,54.3894776]]]]},"properties":{"building":"service","frequency":"50","new_ref":"T311483","operator":"Energa","operator:wikidata":"Q9253957","power":"substation","ref":"T-1483","substation":"minor_distribution","voltage":"15000;400"}},
{"type":"Feature","geometry":{"type":"MultiPolygon","coordinates":[[[[18.5178634,54.3524179],[18.5178685,54.352416],[18.5178745,54.3524136],[18.5178966,54.3524051],[18.517905,54.3524125],[18.5178718,54.3524253],[18.5178634,54.3524179]]]]},"properties":{"building":"service","frequency":"50","operator":"Energa","operator:wikidata":"Q9253957","power":"substation","substation":"distribution","voltage":"15000"}},
{"type":"Feature","geometry":{"type":"MultiPolygon","coordinates":[[[[18.5151844,54.3550404],[18.5152389,54.3550363],[18.5152439,54.3550593],[18.5151895,54.3550633],[18.5151844,54.3550404]]]]},"properties":{"building":"service","frequency":"50","name":"Kalinowa 12","new_ref":"T317035","operator":"Energa","operator:wikidata":"Q9253957","power":"substation","ref":"T-17035","substation":"minor_distribution","voltage":"15000;400"}},
{"type":"Feature","geometry":{"type":"MultiPolygon","coordinates":[[[[18.598278,54.422912],[18.598353,54.422882],[18.598413,54.422934],[18.598336,54.422964],[18.598278,54.422912]]]]},"properties":{"building":"service","building:levels":"1","name":"Kapliczna","power":"substation","ref":"T-1996","source:building":"BDOT","source:geometry":"EGiB","substation":"minor_distribution","voltage":"15000;400"}},
{"type":"Feature","geometry":{"type":"MultiPolygon","coordinates":[[[[18.682219,54.339035],[18.682264,54.338996],[18.682343,54.339026],[18.682297,54.339066],[18.682219,54.339035]]]]},"properties":{"building":"yes","name":"Kabina sekcyjna \"Gdańsk Olszynka\"","operator":"PGE Energetyka Kolejowa","operator:wikidata":"Q7119525","operator:wikipedia":"pl:PKP Energetyka","power":"substation","short_name":"KS Gdańsk Olszynka","source:building":"EGiB","substation":"traction"}},
{"type":"Feature","geometry":{"type":"MultiPolygon","coordinates":[[[[18.5878858,54.3552455],[18.5879139,54.3552354],[18.5879591,54.3552191],[18.5880133,54.3552703],[18.58794,54.3552967],[18.5879026,54.3552613],[18.5878858,54.3552455]]]]},"properties":{"building":"service","power":"substation"}},
{"type":"Feature","geometry":{"type":"MultiPolygon","coordinates":[[[[18.7088684,54.3582089],[18.7088708,54.3581796],[18.7089149,54.3581807],[18.7089113,54.3582103],[18.7088684,54.3582089]]]]},"properties":{"name":"T-16770","operator":"Energa","operator:wikidata":"Q9253957","power":"substation","substation":"yes"}},
{"type":"Feature","geometry":{"type":"MultiPolygon","coordinates":[[[[18.6144544,54.3038748],[18.6144844,54.3038606],[18.6145332,54.3038951],[18.6145023,54.3039094],[18.6144544,54.3038748]]]]},"properties":{"name":"T-16844","operator":"Energa","operator:wikidata":"Q9253957","power":"substation"}},
{"type":"Feature","geometry":{"type":"MultiPolygon","coordinates":[[[[18.6012883,54.3079386],[18.601297,54.3079145],[18.6013565,54.3079217],[18.6013459,54.3079459],[18.6012883,54.3079386]]]]},"properties":{"name":"Niepołomicka","operator":"Energa","operator:wikidata":"Q9253957","power":"substation","ref":"T-16874"}},
{"type":"Feature","geometry":{"type":"MultiPolygon","coordinates":[[[[18.6116171,54.315068],[18.6116184,54.3150496],[18.6116642,54.3150498],[18.6116647,54.3150692],[18.6116171,54.315068]]]]},"properties":{"name":"T-16795 Pienkowskiej","operator":"Energa","operator:wikidata":"Q9253957","power":"substation"}},
{"type":"Feature","geometry":{"type":"MultiPolygon","coordinates":[[[[18.6852243,54.3400352],[18.6852506,54.340019],[18.6853186,54.3400566],[18.6852924,54.3400728],[18.6852243,54.3400352]]]]},"properties":{"building":"yes","name":"Kabina sekcyjna \"LOTOS\"","operator":"PGE Energetyka Kolejowa","operator:wikidata":"Q7119525","operator:wikipedia":"pl:PKP Energetyka","power":"substation","short_name":"KS LOTOS","substation":"traction"}},
{"type":"Feature","geometry":{"type":"MultiPolygon","coordinates":[[[[18.4503526,54.4194529],[18.4507123,54.4193311],[18.4507253,54.419344100000007],[18.4507436,54.4193626],[18.4507894,54.4194086],[18.4508968,54.419373],[18.4511355,54.4196143],[18.4513979,54.4198786],[18.4509318,54.4200356],[18.4503526,54.4194529]]]]},"properties":{"barrier":"fence","frequency":"0","location":"indoor","name":"Podstacja trakcyjna \"Gdańsk Osowa\"","operator":"PGE Energetyka Kolejowa S.A.","power":"substation","short_name":"PT Gdańsk Osowa","substation":"traction","voltage":"3000"}},
{"type":"Feature","geometry":{"type":"MultiPolygon","coordinates":[[[[18.5840505,54.3669132],[18.5840601,54.3668524],[18.5841071,54.3668549],[18.5840976,54.3669157],[18.5840505,54.3669132]]]]},"properties":{"power":"substation","substation":"minor_distribution"}}
]}
