{"type":"FeatureCollection","features":[
{"type":"Feature","geometry":{"type":"Point","coordinates":[18.6130546,54.3748025]},"properties":{"bench":"yes","bin":"yes","bus":"yes","highway":"bus_stop","name":"Matejki 02","network":"ZTM Gdańsk","network:wikidata":"Q9387123","network:wikipedia":"pl:Zarząd Transportu Miejskiego w Gdańsku","public_transport":"platform","ref":"1347","ref:ztm":"1347","shelter":"no","tactile_paving":"no"}},
{"type":"Feature","geometry":{"type":"Point","coordinates":[18.6113412,54.3700324]},"properties":{"bench":"yes","bin":"yes","bus":"yes","highway":"bus_stop","name":"Siedlicka 02","network":"ZTM Gdańsk","network:wikidata":"Q9387123","network:wikipedia":"pl:Zarząd Transportu Miejskiego w Gdańsku","public_transport":"platform","ref":"1349","ref:ztm":"1349","shelter":"yes","tactile_paving":"no"}},
{"type":"Feature","geometry":{"type":"Point","coordinates":[18.5655736,54.4100682]},"properties":{"bench":"yes","bin":"yes","bus":"yes","check_date:shelter":"2023-02-04","highway":"bus_stop","name":"Oliwa 08","operator":"ZTM Gdańsk","public_transport":"platform","ref:ztm":"1534","shelter":"yes"}},
{"type":"Feature","geometry":{"type":"Point","coordinates":[18.5670206,54.409299]},"properties":{"bench":"yes","bin":"yes","bus":"yes","highway":"bus_stop","lit":"yes","name":"Oliwa 07","network":"ZTM Gdańsk","network:wikidata":"Q9387123","operator":"ZTM Gdańsk","public_transport":"platform","ref:ztm":"120","shelter":"yes","tactile_paving":"no"}},
{"type":"Feature","geometry":{"type":"Point","coordinates":[18.5674509,54.4093671]},"properties":{"bench":"yes","bin":"yes","bus":"yes","highway":"bus_stop","lit":"yes","name":"Oliwa 06","network":"ZTM Gdańsk","network:wikidata":"Q9387123","operator":"ZTM Gdańsk","public_transport":"platform","ref:ztm":"1533","shelter":"yes","tactile_paving":"no"}},
{"type":"Feature","geometry":{"type":"Point","coordinates":[18.4786398,54.4300324]},"properties":{"bench":"no","bin":"no","bus":"yes","check_date":"2025-08-14","check_date:lit":"2025-08-14","description":"Przystanek tymczasowy","highway":"bus_stop","lit":"yes","name":"Sopocka 01","operator":"ZTM Gdańsk","public_transport":"platform","ref:ztm":"1512","shelter":"yes","tactile_paving":"yes"}},
{"type":"Feature","geometry":{"type":"Point","coordinates":[18.5555801,54.4090154]},"properties":{"bench":"yes","bin":"yes","bus":"yes","check_date:shelter":"2023-05-19","highway":"bus_stop","lit":"yes","name":"Stary Rynek Oliwski 02","operator":"ZTM Gdańsk","public_transport":"platform","ref:ztm":"1503","shelter":"yes","tactile_paving":"no"}},
{"type":"Feature","geometry":{"type":"Point","coordinates":[18.5579384,54.4087226]},"properties":{"bench":"yes","bin":"yes","bus":"yes","highway":"bus_stop","lit":"yes","name":"Stary Rynek Oliwski 01","network":"ZTM Gdańsk","network:wikidata":"Q9387123","operator":"ZTM Gdańsk","public_transport":"platform","ref:ztm":"1504","shelter":"yes","tactile_paving":"no"}},
{"type":"Feature","geometry":{"type":"Point","coordinates":[18.4674324,54.4341847]},"properties":{"bench":"no","bin":"no","bus":"yes","check_date":"2024-06-16","description":"Przystanek tymczasowy","highway":"bus_stop","lit":"no","name":"Barniewicka 01","operator":"ZTM Gdańsk","public_transport":"platform","ref:ztm":"1516","shelter":"no","tactile_paving":"no"}},
{"type":"Feature","geometry":{"type":"Point","coordinates":[18.608098,54.3776017]},"properties":{"bench":"yes","bin":"yes","bus":"yes","departures_board":"yes","highway":"bus_stop","lit":"yes","name":"Jaśkowa Dolina 04","network":"ZTM Gdańsk","network:wikidata":"Q9387123","network:wikipedia":"pl:Zarząd Transportu Miejskiego w Gdańsku","public_transport":"platform","ref:ztm":"1593","shelter":"yes","tactile_paving":"no"}},
{"type":"Feature","geometry":{"type":"Point","coordinates":[18.6430378,54.3570336]},"properties":{"bench":"yes","bin":"yes","bus":"yes","highway":"bus_stop","lit":"yes","name":"Gdańsk, Dworzec PKS","operator":"Gryf;PKS Elbląg;Eurobus – Eurolines Polska;Transwal;КенигАвто","public_transport":"platform","shelter":"yes","tactile_paving":"no"}},
{"type":"Feature","geometry":{"type":"Point","coordinates":[18.5632,54.350615]},"properties":{"bench":"yes","bin":"yes","check_date:shelter":"2021-04-03","highway":"bus_stop","lit":"yes","name":"Zacna","operator":"ZTM Gdańsk","public_transport":"platform","ref:ztm":"1850","shelter":"yes","tactile_paving":"no"}},
{"type":"Feature","geometry":{"type":"Point","coordinates":[18.5699448,54.3507051]},"properties":{"bench":"yes","bus":"yes","highway":"bus_stop","name":"Wołkowyska","network":"ZTM Gdańsk","network:wikidata":"Q9387123","network:wikipedia":"pl:Zarząd Transportu Miejskiego w Gdańsku","operator":"ZTM Gdańsk","public_transport":"platform","ref":"1848","ref:ztm":"1848","shelter":"yes","tactile_paving":"yes"}},
{"type":"Feature","geometry":{"type":"Point","coordinates":[18.560429,54.3507362]},"properties":{"bench":"no","bin":"no","bus":"yes","check_date:shelter":"2021-06-01","highway":"bus_stop","lit":"yes","name":"Zacna","network":"ZTM Gdańsk","network:wikidata":"Q9387123","network:wikipedia":"pl:Zarząd Transportu Miejskiego w Gdańsku","operator":"ZTM Gdańsk","public_transport":"platform","ref:ztm":"1851","shelter":"no","tactile_paving":"no"}},
{"type":"Feature","geometry":{"type":"Point","coordinates":[18.6186115,54.3488419]},"properties":{"bench":"yes","bin":"yes","bus":"yes","highway":"bus_stop","lit":"yes","name":"Zakopiańska","public_transport":"platform","ref:ztm":"1262","shelter":"yes","tactile_paving":"no"}},
{"type":"Feature","geometry":{"type":"Point","coordinates":[18.6065945,54.3485631]},"properties":{"bench":"yes","bin":"yes","bus":"yes","highway":"bus_stop","lit":"yes","name":"Siedlce 06","operator":"ZTM Gdańsk","public_transport":"platform","ref:ztm":"1265","shelter":"yes","tactile_paving":"yes"}},
{"type":"Feature","geometry":{"type":"Point","coordinates":[18.6464771,54.3505177]},"properties":{"bench":"yes","bin":"yes","bus":"yes","departures_board":"realtime","highway":"bus_stop","lit":"yes","name":"Brama Wyżynna 05","network":"ZTM Gdańsk","network:wikidata":"Q9387123","operator":"ZTM Gdańsk","public_transport":"platform","ref:ztm":"1028","shelter":"yes","tactile_paving":"no"}},
{"type":"Feature","geometry":{"type":"Point","coordinates":[18.6043154,54.347459]},"properties":{"bench":"yes","bin":"yes","bus":"yes","highway":"bus_stop","lit":"yes","name":"Emaus","public_transport":"platform","ref:ztm":"1264","shelter":"yes","tactile_paving":"yes"}},
{"type":"Feature","geometry":{"type":"Point","coordinates":[18.6257767,54.3451525]},"properties":{"bench":"yes","bin":"yes","bus":"yes","highway":"bus_stop","lit":"yes","name":"Odrzańska","network":"ZTM Gdańsk","network:wikidata":"Q9387123","network:wikipedia":"pl:Zarząd Transportu Miejskiego w Gdańsku","public_transport":"platform","ref":"1250","shelter":"yes","tactile_paving":"no"}},
{"type":"Feature","geometry":{"type":"Point","coordinates":[18.6209568,54.3415877]},"properties":{"bench":"yes","bus":"yes","highway":"bus_stop","name":"Grabowskiego","operator":"ZTM Gdańsk","public_transport":"platform","ref:ztm":"1243","shelter":"yes"}},
{"type":"Feature","geometry":{"type":"Point","coordinates":[18.6773582,54.40585]},"properties":{"bench":"no","bin":"yes","bus":"yes","departures_board":"timetable","highway":"bus_stop","lit":"no","name":"Westerplatte 01","network":"ZTM Gdańsk","network:wikidata":"Q9387123","network:wikipedia":"pl:Zarząd Transportu Miejskiego w Gdańsku","operator":"ZTM Gdańsk","public_transport":"platform","ref:ztm":"141","shelter":"no","tactile_paving":"no"}},
{"type":"Feature","geometry":{"type":"Point","coordinates":[18.6118421,54.3640448]},"properties":{"bench":"yes","bin":"yes","bus":"yes","highway":"bus_stop","name":"Jarowa 02","network":"ZTM Gdańsk","network:wikidata":"Q9387123","network:wikipedia":"pl:Zarząd Transportu Miejskiego w Gdańsku","public_transport":"platform","ref:ztm":"1353","shelter":"yes","tactile_paving":"no"}},
{"type":"Feature","geometry":{"type":"Point","coordinates":[18.4018831,54.4432368]},"properties":{"bus":"yes","name":"Chwaszczyno Boczna 71","network":"ZKM Gdynia","public_transport":"stop_position"}},
{"type":"Feature","geometry":{"type":"Point","coordinates":[18.6036245,54.3559833]},"properties":{"amenity":"shelter","bench":"yes","bin":"yes","bus":"yes","highway":"bus_stop","lit":"yes","name":"Otwarta 01","network":"ZTM Gdańsk","network:wikidata":"Q9387123","network:wikipedia":"pl:Zarząd Transportu Miejskiego w Gdańsku","public_transport":"platform","ref":"1336","ref:ztm":"1336","shelter":"yes","shelter_type":"public_transport","tactile_paving":"no"}},
{"type":"Feature","geometry":{"type":"Point","coordinates":[18.5642424,54.3386413]},"properties":{"bench":"yes","bus":"yes","highway":"bus_stop","name":"Damroki 01","operator":"ZTM Gdańsk","public_transport":"platform","ref:ztm":"1274","shelter":"yes"}},
{"type":"Feature","geometry":{"type":"Point","coordinates":[18.5637512,54.3389874]},"properties":{"bench":"yes","bus":"yes","highway":"bus_stop","name":"Damroki 02","operator":"ZTM Gdańsk","public_transport":"platform","ref:ztm":"1275","shelter":"yes"}},
{"type":"Feature","geometry":{"type":"Point","coordinates":[18.631458,54.301418]},"properties":{"bench":"yes","bin":"yes","bus":"yes","departures_board":"timetable","highway":"bus_stop","name":"Niegowska 01","network":"ZTM Gdańsk","network:wikidata":"Q9387123","network:wikipedia":"pl:Zarząd Transportu Miejskiego w Gdańsku","operator":"ZTM Gdańsk","public_transport":"platform","ref:ztm":"1218","shelter":"yes","tactile_paving":"yes"}},
{"type":"Feature","geometry":{"type":"Point","coordinates":[18.6308156,54.3028042]},"properties":{"bench":"yes","bin":"yes","bus":"yes","departures_board":"timetable","highway":"bus_stop","name":"Niegowska 02","network":"ZTM Gdańsk","network:wikidata":"Q9387123","network:wikipedia":"pl:Zarząd Transportu Miejskiego w Gdańsku","operator":"ZTM Gdańsk","public_transport":"platform","ref:ztm":"1217","shelter":"no","tactile_paving":"yes"}},
{"type":"Feature","geometry":{"type":"Point","coordinates":[18.602087,54.4214943]},"properties":{"bench":"yes","bin":"yes","bus":"yes","highway":"bus_stop","name":"Jelitkowo Kapliczna 03","operator":"ZTM Gdańsk","public_transport":"platform","ref:ztm":"122","shelter":"no"}},
{"type":"Feature","geometry":{"type":"Point","coordinates":[18.5663689,54.4152458]},"properties":{"bench":"yes","bin":"yes","bus":"yes","check_date:shelter":"2021-08-01","highway":"bus_stop","lit":"yes","name":"Opacka","network":"ZTM Gdańsk","network:wikidata":"Q9387123","network:wikipedia":"pl:Zarząd Transportu Miejskiego w Gdańsku","public_transport":"platform","ref":"1666","ref:ztm":"1666","shelter":"yes","tactile_paving":"yes"}},
{"type":"Feature","geometry":{"type":"Point","coordinates":[18.5811215,54.3055948]},"properties":{"bench":"yes","bus":"yes","highway":"bus_stop","name":"Olimpijska 01","operator":"ZTM Gdańsk","public_transport":"platform","ref:ztm":"184","shelter":"yes"}},
{"type":"Feature","geometry":{"type":"Point","coordinates":[18.5880535,54.3096336]},"properties":{"bench":"yes","bus":"yes","highway":"bus_stop","name":"Hokejowa 01","operator":"ZTM Gdańsk","public_transport":"platform","ref:ztm":"1902","shelter":"yes"}},
{"type":"Feature","geometry":{"type":"Point","coordinates":[18.5950848,54.3201977]},"properties":{"bench":"yes","bus":"yes","departures_board":"yes","highway":"bus_stop","name":"Niepołomicka","network":"ZTM Gdańsk","network:wikidata":"Q9387123","network:wikipedia":"pl:Zarząd Transportu Miejskiego w Gdańsku","operator":"ZTM Gdańsk","public_transport":"platform","ref":"1320","ref:ztm":"1320","shelter":"yes"}},
{"type":"Feature","geometry":{"type":"Point","coordinates":[18.5951574,54.3203605]},"properties":{"bench":"yes","bus":"yes","departures_board":"yes","highway":"bus_stop","name":"Niepołomicka","network":"ZTM Gdańsk","network:wikidata":"Q9387123","network:wikipedia":"pl:Zarząd Transportu Miejskiego w Gdańsku","operator":"ZTM Gdańsk","public_transport":"platform","ref":"1321","ref:ztm":"1321","shelter":"yes"}},
{"type":"Feature","geometry":{"type":"Point","coordinates":[18.5909604,54.3154541]},"properties":{"bench":"no","bus":"yes","highway":"bus_stop","name":"Liliowa 02","operator":"ZTM Gdańsk","public_transport":"platform","ref:ztm":"1799","shelter":"no"}},
{"type":"Feature","geometry":{"type":"Point","coordinates":[18.5888105,54.3104986]},"properties":{"bench":"no","bus":"yes","highway":"bus_stop","name":"Hokejowa 02","operator":"ZTM Gdańsk","public_transport":"platform","ref:ztm":"1901","shelter":"no"}},
{"type":"Feature","geometry":{"type":"Point","coordinates":[18.5912375,54.3152445]},"properties":{"bench":"no","bus":"yes","highway":"bus_stop","name":"Liliowa 01","operator":"ZTM Gdańsk","public_transport":"platform","ref:ztm":"1800","shelter":"no"}},
{"type":"Feature","geometry":{"type":"Point","coordinates":[18.5709557,54.313701]},"properties":{"bench":"no","bus":"yes","highway":"bus_stop","name":"Os. Świętokrzyskie 02","network":"ZTM Gdańsk","network:wikidata":"Q9387123","network:wikipedia":"pl:Zarząd Transportu Miejskiego w Gdańsku","operator":"ZTM Gdańsk","public_transport":"platform","ref:ztm":"1956","shelter":"no","tactile_paving":"no"}},
{"type":"Feature","geometry":{"type":"Point","coordinates":[18.5713093,54.3137024]},"properties":{"bench":"no","bus":"yes","highway":"bus_stop","name":"Os. Świętokrzyskie 01","network":"ZTM Gdańsk","network:wikidata":"Q9387123","network:wikipedia":"pl:Zarząd Transportu Miejskiego w Gdańsku","operator":"ZTM Gdańsk","public_transport":"platform","ref:ztm":"1957","shelter":"no","tactile_paving":"no"}},
{"type":"Feature","geometry":{"type":"Point","coordinates":[18.5698545,54.3141125]},"properties":{"bench":"no","bus":"yes","highway":"bus_stop","name":"Os. Świętokrzyskie 03","network":"ZTM Gdańsk","network:wikidata":"Q9387123","network:wikipedia":"pl:Zarząd Transportu Miejskiego w Gdańsku","operator":"ZTM Gdańsk","public_transport":"platform","ref:ztm":"1958","shelter":"no","tactile_paving":"no"}},
{"type":"Feature","geometry":{"type":"Point","coordinates":[18.5662203,54.3112437]},"properties":{"bench":"yes","bin":"yes","bus":"yes","departures_board":"timetable","highway":"bus_stop","name":"Kowale Osiedle Olimp 01","public_transport":"platform","ref:ztm":"6022","shelter":"yes","tactile_paving":"no"}},
{"type":"Feature","geometry":{"type":"Point","coordinates":[18.5648502,54.3109022]},"properties":{"bench":"yes","bus":"yes","highway":"bus_stop","name":"Kowale Osiedle Olimp 02","public_transport":"platform","ref:ztm":"6021","shelter":"yes","tactile_paving":"no"}},
{"type":"Feature","geometry":{"type":"Point","coordinates":[18.5618363,54.3093622]},"properties":{"bus":"yes","highway":"bus_stop","name":"Kowale Starowiejska 01","public_transport":"platform"}},
{"type":"Feature","geometry":{"type":"Point","coordinates":[18.5602091,54.3088753]},"properties":{"bus":"yes","highway":"bus_stop","name":"Kowale Starowiejska 02","public_transport":"platform"}},
{"type":"Feature","geometry":{"type":"Point","coordinates":[18.5868277,54.3181082]},"properties":{"bench":"yes","bin":"yes","bus":"yes","highway":"bus_stop","name":"Wieżycka","network":"ZTM Gdańsk","network:wikidata":"Q9387123","network:wikipedia":"pl:Zarząd Transportu Miejskiego w Gdańsku","operator":"ZTM Gdańsk","public_transport":"platform","ref":"1789","ref:ztm":"1789","shelter":"yes","tactile_paving":"yes"}},
{"type":"Feature","geometry":{"type":"Point","coordinates":[18.5870315,54.3180519]},"properties":{"bench":"yes","bin":"yes","bus":"yes","highway":"bus_stop","lit":"yes","name":"Wieżycka","network":"ZTM Gdańsk","network:wikidata":"Q9387123","network:wikipedia":"pl:Zarząd Transportu Miejskiego w Gdańsku","operator":"ZTM Gdańsk","public_transport":"platform","ref":"1790","ref:ztm":"1790","shelter":"yes","tactile_paving":"yes"}},
{"type":"Feature","geometry":{"type":"Point","coordinates":[18.6183106,54.3252011]},"properties":{"bench":"yes","bus":"yes","highway":"bus_stop","name":"Orunia Górna 01","operator":"ZTM Gdańsk","public_transport":"platform","ref:ztm":"132","shelter":"yes"}},
{"type":"Feature","geometry":{"type":"Point","coordinates":[18.602804,54.3230323]},"properties":{"bench":"yes","bin":"yes","bus":"yes","highway":"bus_stop","name":"Orląt Lwowskich 01","network":"ZTM Gdańsk","network:wikidata":"Q9387123","network:wikipedia":"pl:Zarząd Transportu Miejskiego w Gdańsku","operator":"ZTM Gdańsk","public_transport":"platform","ref":"1318","ref:ztm":"1318","shelter":"yes","tactile_paving":"yes"}},
{"type":"Feature","geometry":{"type":"Point","coordinates":[18.6027922,54.3232162]},"properties":{"bench":"yes","bus":"yes","departures_board":"yes","highway":"bus_stop","name":"Orląt Lwowskich 02","network":"ZTM Gdańsk","network:wikidata":"Q9387123","network:wikipedia":"pl:Zarząd Transportu Miejskiego w Gdańsku","operator":"ZTM Gdańsk","public_transport":"platform","ref":"1319","ref:ztm":"1319","shelter":"yes"}},
{"type":"Feature","geometry":{"type":"Point","coordinates":[18.611177,54.3272868]},"properties":{"bench":"yes","bus":"yes","highway":"bus_stop","name":"Platynowa 01","operator":"ZTM Gdańsk","public_transport":"platform","ref:ztm":"1232","shelter":"yes"}},
{"type":"Feature","geometry":{"type":"Point","coordinates":[18.609335,54.32674]},"properties":{"bench":"yes","bin":"yes","bus":"yes","highway":"bus_stop","name":"Platynowa 02","operator":"ZTM Gdańsk","public_transport":"platform","ref:ztm":"1734","shelter":"yes"}},
{"type":"Feature","geometry":{"type":"Point","coordinates":[18.5946632,54.3006508]},"properties":{"bus":"yes","highway":"bus_stop","name":"Borkowo Kasztanowa 01","public_transport":"platform"}},
{"type":"Feature","geometry":{"type":"Point","coordinates":[18.5757575,54.3528673]},"properties":{"bench":"yes","bin":"yes","check_date:shelter":"2021-04-30","highway":"bus_stop","lit":"yes","name":"Migowo","operator":"ZTM Gdańsk","public_transport":"platform","ref:ztm":"1777","shelter":"yes","tactile_paving":"yes"}},
{"type":"Feature","geometry":{"type":"Point","coordinates":[18.5781167,54.3558684]},"properties":{"bench":"yes","bin":"yes","bus":"yes","highway":"bus_stop","lit":"yes","name":"Budapesztańska","public_transport":"platform","ref:ztm":"1373","shelter":"yes","tactile_paving":"yes"}},
{"type":"Feature","geometry":{"type":"Point","coordinates":[18.5764836,54.3528634]},"properties":{"bench":"yes","bin":"yes","bus":"yes","highway":"bus_stop","lit":"yes","name":"Migowo","public_transport":"platform","ref:ztm":"128","shelter":"yes","tactile_paving":"yes"}},
{"type":"Feature","geometry":{"type":"Point","coordinates":[18.6010441,54.340128]},"properties":{"bench":"yes","bin":"yes","bus":"yes","highway":"bus_stop","lit":"yes","name":"Cmentarz Łostowicki","network":"ZTM Gdańsk","network:wikidata":"Q9387123","network:wikipedia":"pl:Zarząd Transportu Miejskiego w Gdańsku","public_transport":"platform","ref":"1311","ref:ztm":"1311","shelter":"yes","tactile_paving":"yes"}},
{"type":"Feature","geometry":{"type":"Point","coordinates":[18.6020843,54.3471592]},"properties":{"bench":"yes","bin":"yes","bus":"yes","check_date:shelter":"2021-09-05","highway":"bus_stop","lit":"yes","name":"Emaus","operator":"ZTM Gdańsk","public_transport":"platform","ref:ztm":"1635","shelter":"yes","tactile_paving":"yes"}},
{"type":"Feature","geometry":{"type":"Point","coordinates":[18.5412659,54.3446173]},"properties":{"bench":"yes","bus":"yes","highway":"bus_stop","name":"Jasień Działki 02","network":"ZTM Gdańsk","network:wikidata":"Q9387123","operator":"ZTM Gdańsk","public_transport":"platform","ref:ztm":"1279","shelter":"yes"}},
{"type":"Feature","geometry":{"type":"Point","coordinates":[18.5493709,54.3252337]},"properties":{"bench":"yes","bus":"yes","highway":"bus_stop","name":"Przywidzka 01","operator":"ZTM Gdańsk","public_transport":"platform","ref:ztm":"1686","shelter":"yes"}},
{"type":"Feature","geometry":{"type":"Point","coordinates":[18.5687402,54.3180455]},"properties":{"bench":"yes","bus":"yes","highway":"bus_stop","name":"Jaworzniaków 01","network":"ZTM Gdańsk","network:wikidata":"Q9387123","network:wikipedia":"pl:Zarząd Transportu Miejskiego w Gdańsku","operator":"ZTM Gdańsk","public_transport":"platform","ref:ztm":"195","shelter":"yes"}},
{"type":"Feature","geometry":{"type":"Point","coordinates":[18.6125013,54.3701034]},"properties":{"bench":"yes","bin":"yes","bus":"yes","highway":"bus_stop","name":"Siedlicka 01","network":"ZTM Gdańsk","network:wikidata":"Q9387123","network:wikipedia":"pl:Zarząd Transportu Miejskiego w Gdańsku","operator":"ZTM Gdańsk","public_transport":"platform","ref":"1350","ref:ztm":"1350","shelter":"no","tactile_paving":"no"}},
{"type":"Feature","geometry":{"type":"Point","coordinates":[18.6408971,54.3241882]},"properties":{"bench":"yes","bus":"yes","highway":"bus_stop","name":"Równa","operator":"ZTM Gdańsk","public_transport":"platform","ref:ztm":"135","shelter":"yes"}},
{"type":"Feature","geometry":{"type":"Point","coordinates":[18.5790338,54.4094603]},"properties":{"bench":"no","bin":"yes","bus":"yes","departures_board":"timetable","highway":"bus_stop","lit":"yes","name":"Beniowskiego 01","network":"ZTM Gdańsk","network:wikidata":"Q9387123","network:wikipedia":"pl:Zarząd Transportu Miejskiego w Gdańsku","public_transport":"platform","ref":"1740","ref:ztm":"1740","shelter":"no","tactile_paving":"no"}},
{"type":"Feature","geometry":{"type":"Point","coordinates":[18.5769186,54.409387099999999]},"properties":{"bench":"yes","bin":"yes","bus":"yes","departures_board":"timetable","highway":"bus_stop","lit":"yes","name":"Beniowskiego 02","network":"ZTM Gdańsk","network:wikidata":"Q9387123","network:wikipedia":"pl:Zarząd Transportu Miejskiego w Gdańsku","public_transport":"platform","ref":"1741","ref:ztm":"1741","shelter":"yes","tactile_paving":"no"}},
{"type":"Feature","geometry":{"type":"Point","coordinates":[18.4539028,54.345025]},"properties":{"bench":"yes","bin":"yes","bus":"yes","highway":"bus_stop","name":"Leźno Skrzyżowanie","public_transport":"platform","shelter":"yes"}},
{"type":"Feature","geometry":{"type":"Point","coordinates":[18.4536309,54.3451324]},"properties":{"bench":"yes","bin":"yes","bus":"yes","highway":"bus_stop","name":"Leźno Skrzyżowanie","public_transport":"platform","shelter":"yes"}},
{"type":"Feature","geometry":{"type":"Point","coordinates":[18.4342424,54.3459815]},"properties":{"bench":"yes","bin":"yes","highway":"bus_stop","name":"Leźno, Kościół","public_transport":"platform","shelter":"yes"}},
{"type":"Feature","geometry":{"type":"Point","coordinates":[18.4354212,54.3455791]},"properties":{"bench":"yes","bin":"yes","highway":"bus_stop","name":"Leźno, Kościół","public_transport":"platform","shelter":"yes"}},
{"type":"Feature","geometry":{"type":"Point","coordinates":[18.6520686,54.3585239]},"properties":{"bench":"yes","bin":"yes","bus":"yes","highway":"bus_stop","lit":"no","name":"Aksamitna 01","public_transport":"platform","ref:ztm":"1001","shelter":"yes","tactile_paving":"no"}},
{"type":"Feature","geometry":{"type":"Point","coordinates":[18.6474933,54.3593792]},"properties":{"bench":"yes","bus":"yes","highway":"bus_stop","name":"Plac Solidarności 04","network":"ZTM Gdańsk","network:wikidata":"Q9387123","network:wikipedia":"pl:Zarząd Transportu Miejskiego w Gdańsku","operator":"ZTM Gdańsk","public_transport":"platform","ref":"1009","ref:ztm":"1009","shelter":"yes"}},
{"type":"Feature","geometry":{"type":"Point","coordinates":[18.658978,54.3576184]},"properties":{"bench":"yes","bin":"yes","bus":"yes","highway":"bus_stop","lit":"no","name":"Muzeum II Wojny Światowej 02","public_transport":"platform","ref:ztm":"110","shelter":"yes","tactile_paving":"no","wheelchair":"yes"}},
{"type":"Feature","geometry":{"type":"Point","coordinates":[18.6592595,54.3574023]},"properties":{"bench":"no","bin":"yes","bus":"yes","highway":"bus_stop","name":"Muzeum II Wojny Światowej 01","public_transport":"platform","ref:ztm":"310","shelter":"no"}},
{"type":"Feature","geometry":{"type":"Point","coordinates":[18.6558094,54.35812]},"properties":{"bench":"yes","bin":"yes","bus":"yes","highway":"bus_stop","lit":"yes","name":"Rybaki Górne 01","public_transport":"platform","ref:ztm":"1002","shelter":"yes","surface":"paved","tactile_paving":"no"}},
{"type":"Feature","geometry":{"type":"Point","coordinates":[18.6450556,54.3549013]},"properties":{"bench":"yes","bin":"yes","bus":"yes","departures_board":"realtime","highway":"bus_stop","lit":"yes","name":"Dworzec Główny 18","network":"ZTM Gdańsk","network:wikidata":"Q9387123","network:wikipedia":"pl:Zarząd Transportu Miejskiego w Gdańsku","operator":"ZTM Gdańsk","public_transport":"platform","ref:ztm":"1013","shelter":"yes","tactile_paving":"no"}},
{"type":"Feature","geometry":{"type":"Point","coordinates":[18.6457193,54.3543988]},"properties":{"bench":"yes","bin":"yes","bus":"yes","check_date:shelter":"2022-09-13","highway":"bus_stop","lit":"yes","name":"Dworzec Główny","name:de":"Hauptbahnhof","name:pl":"Dworzec Główny","operator":"regional","public_transport":"platform","shelter":"yes","tactile_paving":"no"}},
{"type":"Feature","geometry":{"type":"Point","coordinates":[18.6458366,54.3549434]},"properties":{"bench":"yes","bin":"yes","bus":"yes","check_date:shelter":"2022-09-13","highway":"bus_stop","lit":"yes","name":"Dworzec Główny 11","network":"ZTM Gdańsk","network:wikidata":"Q9387123","operator":"ZTM Gdańsk","public_transport":"platform","ref:ztm":"1020","shelter":"yes","tactile_paving":"no"}},
{"type":"Feature","geometry":{"type":"Point","coordinates":[18.6451612,54.3553202]},"properties":{"bench":"yes","bin":"yes","bus":"yes","departures_board":"realtime","highway":"bus_stop","lit":"yes","name":"Dworzec Główny 12","network":"ZTM Gdańsk","network:wikidata":"Q9387123","network:wikipedia":"pl:Zarząd Transportu Miejskiego w Gdańsku","operator":"ZTM Gdańsk","public_transport":"platform","ref:ztm":"1017","shelter":"yes","tactile_paving":"no"}},
{"type":"Feature","geometry":{"type":"Point","coordinates":[18.645975,54.3554768]},"properties":{"bench":"yes","bin":"yes","bus":"yes","highway":"bus_stop","lit":"yes","name":"Dworzec Główny 05","name:de":"Hauptbahnhof","name:pl":"Dworzec Główny 05","network":"ZTM Gdańsk","network:wikidata":"Q9387123","operator":"ZTM Gdańsk","public_transport":"platform","ref:ztm":"1014","shelter":"yes","tactile_paving":"no"}},
{"type":"Feature","geometry":{"type":"Point","coordinates":[18.6450862,54.3550174]},"properties":{"bench":"yes","bin":"yes","bus":"yes","departures_board":"realtime","highway":"bus_stop","lit":"yes","name":"Dworzec Główny 14","network":"ZTM Gdańsk","network:wikidata":"Q9387123","network:wikipedia":"pl:Zarząd Transportu Miejskiego w Gdańsku","operator":"ZTM Gdańsk","public_transport":"platform","ref:ztm":"1015","shelter":"yes","tactile_paving":"no"}},
{"type":"Feature","geometry":{"type":"Point","coordinates":[18.6454222,54.3563046]},"properties":{"bench":"yes","bin":"yes","bus":"yes","departures_board":"realtime","highway":"bus_stop","lit":"yes","name":"Dworzec Główny 08","network":"ZTM Gdańsk","network:wikidata":"Q9387123","network:wikipedia":"pl:Zarząd Transportu Miejskiego w Gdańsku","operator":"ZTM Gdańsk","public_transport":"platform","ref:ztm":"1021","shelter":"yes","tactile_paving":"yes"}},
{"type":"Feature","geometry":{"type":"Point","coordinates":[18.6441882,54.3516832]},"properties":{"bench":"yes","bin":"yes","bus":"yes","highway":"bus_stop","lit":"yes","name":"Hucisko 03","name:de":"Silberhütte","name:pl":"Hucisko 04","network":"ZTM Gdańsk","network:wikidata":"Q9387123","network:wikipedia":"pl:Zarząd Transportu Miejskiego w Gdańsku","public_transport":"platform","ref":"1036","ref:ztm":"1026","shelter":"yes","tactile_paving":"yes"}},
{"type":"Feature","geometry":{"type":"Point","coordinates":[18.6446492,54.3519911]},"properties":{"bench":"yes","bin":"yes","bus":"yes","highway":"bus_stop","lit":"yes","name":"Hucisko 04","name:de":"Silberhütte","name:pl":"Hucisko 04","network":"ZTM Gdańsk","network:wikidata":"Q9387123","network:wikipedia":"pl:Zarząd Transportu Miejskiego w Gdańsku","public_transport":"platform","ref":"1025","ref:ztm":"1025","shelter":"yes","tactile_paving":"yes"}},
{"type":"Feature","geometry":{"type":"Point","coordinates":[18.4032213,54.3351956]},"properties":{"bus":"yes","highway":"bus_stop","name":"Lniska Radunia","official_name":"Lniska, Radunia","public_transport":"platform","source:official_name":"Załącznik nr 10.5.8, Żukowo_118 (Uchwała nr XI/112/2015 Rady Powiatu Kartuskiego)"}},
{"type":"Feature","geometry":{"type":"Point","coordinates":[18.4367802,54.3397951]},"properties":{"bus":"yes","highway":"bus_stop","name":"Leźno Słoneczna","public_transport":"platform"}},
{"type":"Feature","geometry":{"type":"Point","coordinates":[18.4356054,54.3398874]},"properties":{"bus":"yes","highway":"bus_stop","name":"Leźno Słoneczna","public_transport":"platform"}},
{"type":"Feature","geometry":{"type":"Point","coordinates":[18.4040277,54.335127]},"properties":{"bus":"yes","highway":"bus_stop","name":"Lniska Radunia","official_name":"Lniska, Radunia","public_transport":"platform","source:official_name":"Załącznik nr 10.5.8, Żukowo_118 (Uchwała nr XI/112/2015 Rady Powiatu Kartuskiego)"}},
{"type":"Feature","geometry":{"type":"Point","coordinates":[18.6424924,54.3557966]},"properties":{"bench":"yes","bin":"yes","bus":"yes","highway":"bus_stop","loc_ref":"2","name":"Stanowisko 2","public_transport":"platform","shelter":"yes"}},
{"type":"Feature","geometry":{"type":"Point","coordinates":[18.6424974,54.3558633]},"properties":{"bus":"yes","highway":"bus_stop","loc_ref":"3","name":"Stanowisko 3","public_transport":"platform"}},
{"type":"Feature","geometry":{"type":"Point","coordinates":[18.6425024,54.3559299]},"properties":{"bus":"yes","highway":"bus_stop","loc_ref":"4","name":"Stanowisko 4","public_transport":"platform"}},
{"type":"Feature","geometry":{"type":"Point","coordinates":[18.6425074,54.3559965]},"properties":{"bus":"yes","highway":"bus_stop","loc_ref":"5","name":"Stanowisko 6","public_transport":"platform"}},
{"type":"Feature","geometry":{"type":"Point","coordinates":[18.6425124,54.3560631]},"properties":{"bus":"yes","highway":"bus_stop","loc_ref":"6","name":"Stanowisko 7","public_transport":"platform"}},
{"type":"Feature","geometry":{"type":"Point","coordinates":[18.6204055,54.32612]},"properties":{"bench":"yes","bin":"yes","bus":"yes","highway":"bus_stop","lit":"yes","name":"Uranowa 01","operator":"ZTM Gdańsk","public_transport":"platform","ref:ztm":"1233","shelter":"yes","tactile_paving":"no"}},
{"type":"Feature","geometry":{"type":"Point","coordinates":[18.6180233,54.3245923]},"properties":{"bench":"yes","bin":"yes","bus":"yes","highway":"bus_stop","lit":"yes","name":"Krzemowa 01","network":"ZTM Gdańsk","network:wikidata":"Q9387123","operator":"ZTM Gdańsk","public_transport":"platform","ref":"01","ref:ztm":"1579","shelter":"yes","tactile_paving":"yes"}},
{"type":"Feature","geometry":{"type":"Point","coordinates":[18.6265912,54.3301395]},"properties":{"bench":"yes","bin":"yes","bus":"yes","highway":"bus_stop","lit":"yes","name":"Ptasia","operator":"ZTM Gdańsk","public_transport":"platform","ref:ztm":"1228","shelter":"yes","tactile_paving":"no"}},
{"type":"Feature","geometry":{"type":"Point","coordinates":[18.6280048,54.3303328]},"properties":{"bench":"yes","bin":"yes","bus":"yes","departures_board":"timetable","highway":"bus_stop","lit":"yes","name":"Ptasia 02","operator":"ZTM Gdańsk","public_transport":"platform","ref:ztm":"1227","shelter":"yes","tactile_paving":"no"}},
{"type":"Feature","geometry":{"type":"Point","coordinates":[18.4336083,54.3638814]},"properties":{"bus":"yes","highway":"bus_stop","name":"Czaple Słoneczna","public_transport":"platform"}},
{"type":"Feature","geometry":{"type":"Point","coordinates":[18.6062608,54.3233149]},"properties":{"bench":"yes","bin":"yes","bus":"yes","highway":"bus_stop","lit":"yes","name":"Łostowice Świętokrzyska 06","network":"ZTM Gdańsk","network:wikidata":"Q9387123","network:wikipedia":"pl:Zarząd Transportu Miejskiego w Gdańsku","public_transport":"platform","ref":"190","ref:ztm":"190","shelter":"yes","tactile_paving":"no"}},
{"type":"Feature","geometry":{"type":"Point","coordinates":[18.6060778,54.3226175]},"properties":{"bench":"yes","bin":"yes","bus":"yes","highway":"bus_stop","lit":"yes","name":"Łostowice Świętokrzyska 04","network":"ZTM Gdańsk","network:wikidata":"Q9387123","network:wikipedia":"pl:Zarząd Transportu Miejskiego w Gdańsku","public_transport":"platform","ref":"390","ref:ztm":"390","shelter":"yes","tactile_paving":"yes"}},
{"type":"Feature","geometry":{"type":"Point","coordinates":[18.5788329,54.3556917]},"properties":{"bus":"yes","highway":"bus_stop","name":"Budapesztańska","public_transport":"platform","ref:ztm":"1376","shelter":"yes","tactile_paving":"yes"}},
{"type":"Feature","geometry":{"type":"Point","coordinates":[18.5683071,54.3512228]},"properties":{"bench":"no","bin":"yes","bus":"yes","highway":"bus_stop","lit":"yes","name":"Wołkowyska","operator":"ZTM Gdańsk","public_transport":"platform","ref":"1849","ref:ztm":"1849","shelter":"no","tactile_paving":"yes"}},
{"type":"Feature","geometry":{"type":"Point","coordinates":[18.5524497,54.3494359]},"properties":{"bench":"yes","bus":"yes","highway":"bus_stop","name":"Jasieńska","network":"ZTM Gdańsk","network:wikidata":"Q9387123","network:wikipedia":"pl:Zarząd Transportu Miejskiego w Gdańsku","operator":"ZTM Gdańsk","public_transport":"platform","ref:ztm":"1874","shelter":"yes"}},
{"type":"Feature","geometry":{"type":"Point","coordinates":[18.6031809,54.3853853]},"properties":{"bench":"yes","bin":"yes","bus":"yes","check_date:shelter":"2021-04-20","highway":"bus_stop","lit":"yes","name":"Kilińskiego 02","network":"ZTM Gdańsk","network:wikidata":"Q9387123","operator":"ZTM Gdańsk","public_transport":"platform","shelter":"yes","tactile_paving":"yes"}},
{"type":"Feature","geometry":{"type":"Point","coordinates":[18.5891965,54.365022]},"properties":{"bench":"no","bin":"yes","bus":"yes","highway":"bus_stop","lit":"yes","name":"Strzelnica (n/ż) 01","public_transport":"platform","shelter":"yes","tactile_paving":"no"}},
{"type":"Feature","geometry":{"type":"Point","coordinates":[18.6054375,54.3744013]},"properties":{"bench":"yes","bin":"yes","bus":"yes","highway":"bus_stop","lit":"yes","name":"Sobótki 01","operator":"ZTM Gdańsk","public_transport":"platform","ref:ztm":"1362","shelter":"yes","tactile_paving":"no"}},
{"type":"Feature","geometry":{"type":"Point","coordinates":[18.5970691,54.3703184]},"properties":{"bench":"yes","bin":"yes","bus":"yes","highway":"bus_stop","lit":"yes","name":"Na Wzgórzu - Teatr Leśny 02","public_transport":"platform","ref:ztm":"1361","shelter":"yes","tactile_paving":"yes"}},
{"type":"Feature","geometry":{"type":"Point","coordinates":[18.5947353,54.3618179]},"properties":{"bus":"yes","highway":"bus_stop","name":"Wileńska 01","public_transport":"platform","ref:ztm":"1342","shelter":"yes"}},
{"type":"Feature","geometry":{"type":"Point","coordinates":[18.5932706,54.3679034]},"properties":{"bench":"no","bin":"no","bus":"yes","highway":"bus_stop","lit":"yes","name":"Falista (n/ż)","public_transport":"platform","shelter":"no","tactile_paving":"no"}},
{"type":"Feature","geometry":{"type":"Point","coordinates":[18.5889255,54.3654649]},"properties":{"bench":"no","bin":"yes","bus":"yes","highway":"bus_stop","lit":"yes","name":"Strzelnica (n/ż) 02","public_transport":"platform","shelter":"yes","tactile_paving":"no"}},
{"type":"Feature","geometry":{"type":"Point","coordinates":[18.6065733,54.378573]},"properties":{"bench":"yes","bin":"yes","bus":"yes","highway":"bus_stop","lit":"yes","name":"Jaśkowa Dolina 03","network":"ZTM Gdańsk","network:wikidata":"Q9387123","network:wikipedia":"pl:Zarząd Transportu Miejskiego w Gdańsku","public_transport":"platform","ref:ztm":"1594","shelter":"yes","tactile_paving":"no"}},
{"type":"Feature","geometry":{"type":"Point","coordinates":[18.6066497,54.3778514]},"properties":{"bench":"yes","bin":"yes","bus":"yes","highway":"bus_stop","lit":"yes","name":"Jaśkowa Dolina 05","network":"ZTM Gdańsk","network:wikidata":"Q9387123","network:wikipedia":"pl:Zarząd Transportu Miejskiego w Gdańsku","public_transport":"platform","ref":"1345","ref:ztm":"1345","shelter":"yes","tactile_paving":"yes"}},
{"type":"Feature","geometry":{"type":"Point","coordinates":[18.6048664,54.3860769]},"properties":{"bench":"yes","bus":"yes","highway":"bus_stop","name":"Kilińskiego 01","network":"ZTM Gdańsk","network:wikidata":"Q9387123","operator":"ZTM Gdańsk","public_transport":"platform","shelter":"yes"}},
{"type":"Feature","geometry":{"type":"Point","coordinates":[18.5992228,54.3832371]},"properties":{"bench":"yes","bin":"yes","bus":"yes","departures_board":"timetable","foot":"yes","highway":"bus_stop","lit":"yes","name":"Galeria Bałtycka 07","network":"ZTM Gdańsk","network:wikidata":"Q9387123","network:wikipedia":"pl:Zarząd Transportu Miejskiego w Gdańsku","operator":"ZTM Gdańsk","public_transport":"platform","ref":"1634","ref:ztm":"1634","shelter":"yes","surface":"paving_stones","tactile_paving":"yes","wheelchair":"yes"}},
{"type":"Feature","geometry":{"type":"Point","coordinates":[18.5980302,54.3706457]},"properties":{"bench":"yes","bin":"yes","bus":"yes","highway":"bus_stop","lit":"no","name":"Na Wzgórzu - Teatr Leśny 01","public_transport":"platform","ref:ztm":"1364","shelter":"yes","tactile_paving":"no"}},
{"type":"Feature","geometry":{"type":"Point","coordinates":[18.5929564,54.3676172]},"properties":{"bench":"no","bin":"yes","bus":"yes","highway":"bus_stop","lit":"yes","name":"Falista (n/ż)","public_transport":"platform","shelter":"no","tactile_paving":"no"}},
{"type":"Feature","geometry":{"type":"Point","coordinates":[18.6054755,54.374744]},"properties":{"bench":"yes","bin":"yes","bus":"yes","highway":"bus_stop","lit":"yes","name":"Sobótki 02","public_transport":"platform","ref:ztm":"1725","shelter":"yes","tactile_paving":"no"}},
{"type":"Feature","geometry":{"type":"Point","coordinates":[18.5873046,54.3582602]},"properties":{"bench":"yes","bin":"yes","bus":"yes","highway":"bus_stop","lit":"yes","name":"Piecewska","operator":"ZTM Gdańsk","public_transport":"platform","ref":"1372","shelter":"yes","tactile_paving":"no"}},
{"type":"Feature","geometry":{"type":"Point","coordinates":[18.5869065,54.3583786]},"properties":{"bench":"yes","bin":"yes","bus":"yes","highway":"bus_stop","lit":"yes","name":"Piecewska","operator":"ZTM Gdańsk","public_transport":"platform","ref":"1369","shelter":"yes","tactile_paving":"yes"}},
{"type":"Feature","geometry":{"type":"Point","coordinates":[18.6128344,54.3670164]},"properties":{"bench":"yes","bin":"yes","bus":"yes","highway":"bus_stop","lit":"yes","name":"Kręta 02","network":"ZTM Gdańsk","network:wikidata":"Q9387123","network:wikipedia":"pl:Zarząd Transportu Miejskiego w Gdańsku","public_transport":"platform","ref":"1351","ref:ztm":"1351","shelter":"yes","tactile_paving":"yes"}},
{"type":"Feature","geometry":{"type":"Point","coordinates":[18.6129123,54.3667563]},"properties":{"bench":"yes","bin":"yes","bus":"yes","highway":"bus_stop","lit":"yes","name":"Kręta 01","network":"ZTM Gdańsk","network:wikidata":"Q9387123","network:wikipedia":"pl:Zarząd Transportu Miejskiego w Gdańsku","public_transport":"platform","ref":"1352","ref:ztm":"1352","shelter":"yes","tactile_paving":"no"}},
{"type":"Feature","geometry":{"type":"Point","coordinates":[18.5982515,54.3497485]},"properties":{"bench":"no","bin":"yes","bus":"yes","covered":"no","highway":"bus_stop","name":"Nowolipie 01","public_transport":"platform","ref:ztm":"1346","shelter":"no","tactile_paving":"no"}},
{"type":"Feature","geometry":{"type":"Point","coordinates":[18.5640067,54.4227741]},"properties":{"bench":"yes","bin":"yes","bus":"yes","check_date:shelter":"2021-05-09","highway":"bus_stop","name":"Nadwodna 01","network":"ZTM Gdańsk","network:wikidata":"Q9387123","network:wikipedia":"pl:Zarząd Transportu Miejskiego w Gdańsku","operator":"ZTM Gdańsk","public_transport":"platform","ref:ztm":"1669","shelter":"yes"}},
{"type":"Feature","geometry":{"type":"Point","coordinates":[18.5693043,54.3065717]},"properties":{"bench":"yes","bin":"yes","bus":"yes","highway":"bus_stop","name":"Kowale Szkoła Metropolitalna 01","network":"ZTM Gdańsk","public_transport":"platform","shelter":"yes","tactile_paving":"no"}},
{"type":"Feature","geometry":{"type":"Point","coordinates":[18.619912,54.3570946]},"properties":{"bench":"yes","bin":"yes","bus":"yes","highway":"bus_stop","lit":"yes","name":"Wyczółkowskiego 01","network":"ZTM Gdańsk","network:wikidata":"Q9387123","network:wikipedia":"pl:Zarząd Transportu Miejskiego w Gdańsku","old_name":"Cygańska Góra","public_transport":"platform","ref":"1332","ref:ztm":"1332","shelter":"yes","tactile_paving":"no"}},
{"type":"Feature","geometry":{"type":"Point","coordinates":[18.5943619,54.3893066]},"properties":{"bench":"yes","bin":"yes","bus":"yes","highway":"bus_stop","lit":"yes","name":"Zaspa SKM 02","operator":"ZTM Gdańsk","public_transport":"platform","ref:ztm":"124","shelter":"yes","tactile_paving":"no","wheelchair":"yes"}},
{"type":"Feature","geometry":{"type":"Point","coordinates":[18.5945039,54.3895555]},"properties":{"bench":"yes","bin":"yes","bus":"yes","highway":"bus_stop","lit":"no","name":"Zaspa SKM 01","operator":"ZTM Gdańsk","public_transport":"platform","ref:ztm":"1752","shelter":"yes","tactile_paving":"no"}},
{"type":"Feature","geometry":{"type":"Point","coordinates":[18.5605,54.4385711]},"properties":{"bench":"yes","bin":"yes","highway":"bus_stop","name":"Sopot PKP - Niepodległości 02","network":"ZKM Gdynia","operator":"ZKM Gdynia","public_transport":"platform","shelter":"yes","wheelchair":"yes"}},
{"type":"Feature","geometry":{"type":"Point","coordinates":[18.5608546,54.4387578]},"properties":{"bench":"yes","highway":"bus_stop","name":"Sopot PKP - Niepodległości 01","network":"ZKM Gdynia","operator":"ZKM Gdynia","public_transport":"platform","shelter":"yes"}},
{"type":"Feature","geometry":{"type":"Point","coordinates":[18.4755466,54.3900247]},"properties":{"bus":"yes","highway":"bus_stop","name":"Radiowa 02","operator":"ZTM Gdańsk","public_transport":"platform","ref:ztm":"1409","shelter":"yes"}},
{"type":"Feature","geometry":{"type":"Point","coordinates":[18.4761334,54.3898146]},"properties":{"bus":"yes","highway":"bus_stop","name":"Radiowa 01","operator":"ZTM Gdańsk","public_transport":"platform","ref:ztm":"1749","shelter":"yes"}},
{"type":"Feature","geometry":{"type":"Point","coordinates":[18.4706043,54.3856847]},"properties":{"bench":"no","bus":"yes","check_date:shelter":"2022-08-10","highway":"bus_stop","name":"Spadochroniarzy 02","operator":"ZTM Gdańsk","public_transport":"platform","ref:ztm":"1410","shelter":"no"}},
{"type":"Feature","geometry":{"type":"Point","coordinates":[18.5565928,54.3504812]},"properties":{"bench":"yes","bin":"yes","bus":"yes","check_date:shelter":"2025-06-22","highway":"bus_stop","lit":"yes","name":"Staw Wróbla 01","network":"ZTM Gdańsk","network:wikidata":"Q9387123","network:wikipedia":"pl:Zarząd Transportu Miejskiego w Gdańsku","operator":"ZTM Gdańsk","public_transport":"platform","ref:ztm":"1872","shelter":"yes","tactile_paving":"no"}},
{"type":"Feature","geometry":{"type":"Point","coordinates":[18.4718925,54.3870717]},"properties":{"bench":"no","bus":"yes","highway":"bus_stop","name":"Spadochroniarzy 01","operator":"ZTM Gdańsk","public_transport":"platform","ref:ztm":"1747","shelter":"no"}},
{"type":"Feature","geometry":{"type":"Point","coordinates":[18.5549602,54.350223]},"properties":{"bench":"yes","bin":"yes","bus":"yes","check_date:shelter":"2025-06-22","highway":"bus_stop","name":"Staw Wróbla 02","network":"ZTM Gdańsk","network:wikidata":"Q9387123","network:wikipedia":"pl:Zarząd Transportu Miejskiego w Gdańsku","operator":"ZTM Gdańsk","public_transport":"platform","ref:ztm":"1853","shelter":"yes"}},
{"type":"Feature","geometry":{"type":"Point","coordinates":[18.5895781,54.3606762]},"properties":{"bus":"yes","check_date:shelter":"2021-02-13","departures_board":"timetable","highway":"bus_stop","name":"Dobrowolskiego 02","name:pl":"Dobrowolskiego 02","public_transport":"platform","shelter":"yes","wheelchair":"yes"}},
{"type":"Feature","geometry":{"type":"Point","coordinates":[18.572231,54.411094]},"properties":{"bench":"no","bin":"yes","bus":"yes","highway":"bus_stop","lit":"yes","name":"Oliwa PKP 04","network":"ZTM Gdańsk","network:wikidata":"Q9387123","network:wikipedia":"pl:Zarząd Transportu Miejskiego w Gdańsku","public_transport":"platform","ref":"117","ref:ztm":"117","shelter":"no","tactile_paving":"no"}},
{"type":"Feature","geometry":{"type":"Point","coordinates":[18.5899689,54.360538]},"properties":{"bus":"yes","check_date:shelter":"2021-02-13","departures_board":"realtime","highway":"bus_stop","name":"Dobrowolskiego 01","name:pl":"Dobrowolskiego 01","public_transport":"platform","shelter":"yes","wheelchair":"yes"}},
{"type":"Feature","geometry":{"type":"Point","coordinates":[18.5688171,54.3746463]},"properties":{"bench":"yes","bin":"yes","bus":"yes","highway":"bus_stop","lit":"no","name":"Potokowa 01","network":"ZTM Gdańsk","network:wikidata":"Q9387123","operator":"ZTM Gdańsk","public_transport":"platform","ref:ztm":"1390","shelter":"yes","tactile_paving":"no"}},
{"type":"Feature","geometry":{"type":"Point","coordinates":[18.5919148,54.3521332]},"properties":{"bench":"yes","bin":"yes","bus":"yes","check_date:shelter":"2025-05-06","departures_board":"realtime","highway":"bus_stop","lit":"yes","name":"Piekarnicza 03","network":"ZTM Gdańsk","network:wikidata":"Q9387123","operator":"ZTM Gdańsk","public_transport":"platform","ref:ztm":"1723","shelter":"yes","tactile_paving":"no"}},
{"type":"Feature","geometry":{"type":"Point","coordinates":[18.533372,54.3484042]},"properties":{"bench":"yes","bus":"yes","highway":"bus_stop","name":"Przytulna 01","network":"ZTM Gdańsk","network:wikidata":"Q9387123","network:wikipedia":"pl:Zarząd Transportu Miejskiego w Gdańsku","operator":"ZTM Gdańsk","public_transport":"platform","ref:ztm":"1929","shelter":"yes"}},
{"type":"Feature","geometry":{"type":"Point","coordinates":[18.6126014,54.3559241]},"properties":{"bench":"yes","bin":"yes","bus":"yes","check_date:shelter":"2021-05-03","highway":"bus_stop","lit":"yes","name":"Wagnera 02","network":"ZTM Gdańsk","network:wikidata":"Q9387123","network:wikipedia":"pl:Zarząd Transportu Miejskiego w Gdańsku","public_transport":"platform","ref":"1335","ref:ztm":"1335","shelter":"yes","tactile_paving":"no"}},
{"type":"Feature","geometry":{"type":"Point","coordinates":[18.6135447,54.3557327]},"properties":{"bench":"yes","bin":"yes","bus":"yes","check_date:shelter":"2025-07-23","highway":"bus_stop","lit":"yes","name":"Wagnera 01","network":"ZTM Gdańsk","network:wikidata":"Q9387123","network:wikipedia":"pl:Zarząd Transportu Miejskiego w Gdańsku","public_transport":"platform","ref":"1334","ref:ztm":"1334","shelter":"yes","tactile_paving":"no"}},
{"type":"Feature","geometry":{"type":"Point","coordinates":[18.5969534,54.3552455]},"properties":{"bench":"yes","bin":"yes","bus":"yes","highway":"bus_stop","lit":"yes","name":"Kurpińskiego 01","network":"ZTM Gdańsk","network:wikidata":"Q9387123","network:wikipedia":"pl:Zarząd Transportu Miejskiego w Gdańsku","public_transport":"platform","ref":"1338","ref:ztm":"1338","shelter":"yes","tactile_paving":"no"}},
{"type":"Feature","geometry":{"type":"Point","coordinates":[18.5965058,54.3552486]},"properties":{"bench":"yes","bin":"yes","bus":"yes","highway":"bus_stop","lit":"yes","name":"Kurpińskiego 02","network":"ZTM Gdańsk","network:wikidata":"Q9387123","network:wikipedia":"pl:Zarząd Transportu Miejskiego w Gdańsku","public_transport":"platform","ref":"1339","ref:ztm":"1339","shelter":"yes","tactile_paving":"yes"}},
{"type":"Feature","geometry":{"type":"Point","coordinates":[18.6099335,54.3609449]},"properties":{"bench":"yes","bus":"yes","highway":"bus_stop","name":"Pomorskie Szkoły Rzemiosł 01","network":"ZTM Gdańsk","network:wikidata":"Q9387123","network:wikipedia":"pl:Zarząd Transportu Miejskiego w Gdańsku","public_transport":"platform","ref":"1356","ref:ztm":"1356","shelter":"yes","tactile_paving":"yes"}},
{"type":"Feature","geometry":{"type":"Point","coordinates":[18.6110698,54.3619946]},"properties":{"bench":"yes","bus":"yes","highway":"bus_stop","name":"Pomorskie Szkoły Rzemiosł 02","network":"ZTM Gdańsk","network:wikidata":"Q9387123","network:wikipedia":"pl:Zarząd Transportu Miejskiego w Gdańsku","public_transport":"platform","ref":"1355","ref:ztm":"1355","shelter":"yes","tactile_paving":"no"}},
{"type":"Feature","geometry":{"type":"Point","coordinates":[18.5668554,54.3093746]},"properties":{"bench":"no","bus":"yes","highway":"bus_stop","name":"Kowale Osiedle Olimp 03","public_transport":"platform","ref:ztm":"6019","shelter":"no","tactile_paving":"no"}},
{"type":"Feature","geometry":{"type":"Point","coordinates":[18.5670378,54.3083632]},"properties":{"bench":"yes","bus":"yes","highway":"bus_stop","name":"Kowale Plac Afrodyty 01","network":"ZTM Gdańsk","network:wikidata":"Q9387123","network:wikipedia":"pl:Zarząd Transportu Miejskiego w Gdańsku","public_transport":"platform","shelter":"yes","tactile_paving":"no"}},
{"type":"Feature","geometry":{"type":"Point","coordinates":[18.6443403,54.3535147]},"properties":{"bench":"yes","bin":"no","bus":"yes","departures_board":"timetable","highway":"bus_stop","lit":"yes","name":"Podwale Grodzkie","public_transport":"platform","shelter":"no","tactile_paving":"no"}},
{"type":"Feature","geometry":{"type":"Point","coordinates":[18.5282969,54.3491619]},"properties":{"bench":"yes","bus":"yes","covered":"no","departures_board":"realtime","highway":"bus_stop","name":"Szczęśliwa 01","network":"ZTM Gdańsk","network:wikidata":"Q9387123","operator":"ZTM Gdańsk","public_transport":"platform","ref:ztm":"1931","shelter":"yes"}},
{"type":"Feature","geometry":{"type":"Point","coordinates":[18.5279351,54.3473122]},"properties":{"bench":"yes","bus":"yes","highway":"bus_stop","name":"Węzeł Karczemki 01","network":"ZTM Gdańsk","network:wikidata":"Q9387123","operator":"ZTM Gdańsk","public_transport":"platform","ref:ztm":"1280","shelter":"yes"}},
{"type":"Feature","geometry":{"type":"Point","coordinates":[18.5285308,54.347314]},"properties":{"bench":"yes","bus":"yes","highway":"bus_stop","name":"Węzeł Karczemki 02","network":"ZTM Gdańsk","network:wikidata":"Q9387123","network:wikipedia":"pl:Zarząd Transportu Miejskiego w Gdańsku","operator":"ZTM Gdańsk","public_transport":"platform","ref:ztm":"1281","shelter":"yes"}},
{"type":"Feature","geometry":{"type":"Point","coordinates":[18.5362918,54.3451131]},"properties":{"bench":"yes","bus":"yes","highway":"bus_stop","name":"Życzliwa 01","operator":"ZTM Gdańsk","public_transport":"platform","ref:ztm":"1720","shelter":"yes"}},
{"type":"Feature","geometry":{"type":"Point","coordinates":[18.5333819,54.3458873]},"properties":{"bench":"yes","bus":"yes","highway":"bus_stop","name":"Życzliwa 02","operator":"ZTM Gdańsk","public_transport":"platform","ref:ztm":"1719","shelter":"yes"}},
{"type":"Feature","geometry":{"type":"Point","coordinates":[18.6122662,54.3646105]},"properties":{"bench":"yes","bin":"yes","bus":"yes","highway":"bus_stop","name":"Jarowa 01","network":"ZTM Gdańsk","network:wikidata":"Q9387123","network:wikipedia":"pl:Zarząd Transportu Miejskiego w Gdańsku","public_transport":"platform","ref:ztm":"1354","shelter":"yes","tactile_paving":"no"}},
{"type":"Feature","geometry":{"type":"Point","coordinates":[18.6162605,54.363791]},"properties":{"bench":"no","bin":"no","bus":"yes","highway":"bus_stop","lit":"yes","name":"Szpital Zakaźny 01","public_transport":"platform","shelter":"no","tactile_paving":"no"}},
{"type":"Feature","geometry":{"type":"Point","coordinates":[18.6167081,54.3647149]},"properties":{"bench":"yes","bin":"no","bus":"yes","highway":"bus_stop","lit":"yes","name":"Szpital Zakaźny 02","public_transport":"platform","shelter":"no","tactile_paving":"no"}},
{"type":"Feature","geometry":{"type":"Point","coordinates":[18.6349343,54.3324064]},"properties":{"bench":"yes","bin":"yes","bus":"yes","departures_board":"realtime","highway":"bus_stop","lit":"no","name":"Sandomierska 01","network":"ZTM Gdańsk","network:wikidata":"Q9387123","network:wikipedia":"pl:Zarząd Transportu Miejskiego w Gdańsku","operator":"ZTM Gdańsk","public_transport":"platform","ref:ztm":"1206","shelter":"yes","tactile_paving":"yes"}},
{"type":"Feature","geometry":{"type":"Point","coordinates":[18.6343475,54.3324072]},"properties":{"bench":"yes","bin":"yes","bus":"yes","departures_board":"timetable","highway":"bus_stop","lit":"yes","name":"Sandomierska 02","network":"ZTM Gdańsk","network:wikidata":"Q9387123","network:wikipedia":"pl:Zarząd Transportu Miejskiego w Gdańsku","operator":"ZTM Gdańsk","public_transport":"platform","ref:ztm":"1207","shelter":"yes","tactile_paving":"yes"}},
{"type":"Feature","geometry":{"type":"Point","coordinates":[18.6423116,54.3418024]},"properties":{"bench":"yes","bin":"yes","bus":"yes","departures_board":"timetable","highway":"bus_stop","lit":"yes","name":"Zaroślak 02","network":"ZTM Gdańsk","network:wikidata":"Q9387123","network:wikipedia":"pl:Zarząd Transportu Miejskiego w Gdańsku","old_name":"Petershagen","operator":"ZTM Gdańsk","public_transport":"platform","ref:ztm":"1201","shelter":"yes","tactile_paving":"yes"}},
{"type":"Feature","geometry":{"type":"Point","coordinates":[18.6112396,54.3262979]},"properties":{"bench":"yes","bin":"yes","bus":"yes","highway":"bus_stop","lit":"yes","name":"Platynowa 03","operator":"ZTM Gdańsk","public_transport":"platform","ref:ztm":"1231","shelter":"yes","tactile_paving":"no"}},
{"type":"Feature","geometry":{"type":"Point","coordinates":[18.4028599,54.4351812]},"properties":{"bench":"yes","bus":"yes","highway":"bus_stop","name":"Chwaszczyno - Lisia (NŻ)","operator":"ZKM Gdynia","public_transport":"platform","shelter":"yes","tactile_paving":"no"}},
{"type":"Feature","geometry":{"type":"Point","coordinates":[18.4053871,54.4359985]},"properties":{"bench":"yes","bus":"yes","highway":"bus_stop","name":"Chwaszczyno - Lisia (NŻ)","operator":"ZKM Gdynia","public_transport":"platform","shelter":"yes"}},
{"type":"Feature","geometry":{"type":"Point","coordinates":[18.4783789,54.4201008]},"properties":{"bench":"yes","bus":"yes","check_date:shelter":"2022-11-04","highway":"bus_stop","name":"Marsa","operator":"Zarząd Transportu Miejskiego w Gdańsku","public_transport":"platform","ref:ztm":"1883","shelter":"yes"}},
{"type":"Feature","geometry":{"type":"Point","coordinates":[18.4787118,54.4208912]},"properties":{"bench":"yes","bus":"yes","check_date:shelter":"2022-11-04","highway":"bus_stop","name":"Marsa","operator":"Zarząd Transportu Miejskiego w Gdańsku","public_transport":"platform","ref:ztm":"1884","shelter":"yes"}},
{"type":"Feature","geometry":{"type":"Point","coordinates":[18.6170456,54.3490247]},"properties":{"bench":"yes","bin":"yes","bus":"yes","highway":"bus_stop","lit":"yes","name":"Zakopiańska","public_transport":"platform","ref:ztm":"1263","shelter":"yes","tactile_paving":"yes"}},
{"type":"Feature","geometry":{"type":"Point","coordinates":[18.6320264,54.3507336]},"properties":{"bench":"yes","bus":"yes","highway":"bus_stop","name":"Tarasy (Bema)","public_transport":"platform","ref:ztm":"1261","shelter":"yes","tactile_paving":"no"}},
{"type":"Feature","geometry":{"type":"Point","coordinates":[18.5985354,54.3291068]},"properties":{"bench":"yes","bin":"yes","bus":"yes","highway":"bus_stop","lit":"yes","local_ref":"03","name":"Płocka","network":"ZTM Gdańsk","network:wikidata":"Q9387123","network:wikipedia":"pl:Zarząd Transportu Miejskiego w Gdańsku","public_transport":"platform","ref:ztm":"1316","shelter":"yes","tactile_paving":"yes"}},
{"type":"Feature","geometry":{"type":"Point","coordinates":[18.5999921,54.3288664]},"properties":{"bench":"yes","bin":"yes","bus":"yes","highway":"bus_stop","local_ref":"05","name":"Płocka","network":"ZTM Gdańsk","network:wikidata":"Q9387123","network:wikipedia":"pl:Zarząd Transportu Miejskiego w Gdańsku","public_transport":"platform","ref:ztm":"1866","shelter":"yes"}},
{"type":"Feature","geometry":{"type":"Point","coordinates":[18.598086,54.3364995]},"properties":{"bench":"yes","bin":"yes","bus":"yes","highway":"bus_stop","name":"Wilanowska","network":"ZTM Gdańsk","network:wikidata":"Q9387123","network:wikipedia":"pl:Zarząd Transportu Miejskiego w Gdańsku","public_transport":"platform","ref":"1979","ref:ztm":"1979","shelter":"yes"}},
{"type":"Feature","geometry":{"type":"Point","coordinates":[18.5996355,54.3371022]},"properties":{"bench":"yes","bin":"yes","bus":"yes","highway":"bus_stop","lit":"yes","name":"Wilanowska","network":"ZTM Gdańsk","network:wikidata":"Q9387123","network:wikipedia":"pl:Zarząd Transportu Miejskiego w Gdańsku","public_transport":"platform","ref":"1980","ref:ztm":"1980","shelter":"yes","tactile_paving":"no"}},
{"type":"Feature","geometry":{"type":"Point","coordinates":[18.5962053,54.3333944]},"properties":{"bench":"yes","bin":"yes","bus":"yes","highway":"bus_stop","lit":"yes","name":"Przemyska 03","network":"ZTM Gdańsk","network:wikidata":"Q9387123","network:wikipedia":"pl:Zarząd Transportu Miejskiego w Gdańsku","public_transport":"platform","ref":"1314","ref:ztm":"1314","shelter":"yes","tactile_paving":"yes"}},
{"type":"Feature","geometry":{"type":"Point","coordinates":[18.595255,54.3319478]},"properties":{"bench":"yes","bus":"yes","highway":"bus_stop","name":"Przemyska 06","network":"ZTM Gdańsk","network:wikidata":"Q9387123","network:wikipedia":"pl:Zarząd Transportu Miejskiego w Gdańsku","public_transport":"platform","ref":"1315","ref:ztm":"1315","shelter":"yes"}},
{"type":"Feature","geometry":{"type":"Point","coordinates":[18.5908934,54.3337071]},"properties":{"bus":"yes","highway":"bus_stop","name":"Kielecka 02","network":"ZTM Gdańsk","network:wikidata":"Q9387123","network:wikipedia":"pl:Zarząd Transportu Miejskiego w Gdańsku","public_transport":"platform","ref":"1313","ref:ztm":"1313","shelter":"no"}},
{"type":"Feature","geometry":{"type":"Point","coordinates":[18.5977934,54.3292466]},"properties":{"bench":"yes","bin":"yes","bus":"yes","highway":"bus_stop","local_ref":"04","name":"Płocka","network":"ZTM Gdańsk","network:wikidata":"Q9387123","network:wikipedia":"pl:Zarząd Transportu Miejskiego w Gdańsku","public_transport":"platform","ref:ztm":"1317","shelter":"yes"}},
{"type":"Feature","geometry":{"type":"Point","coordinates":[18.5999373,54.3290205]},"properties":{"bench":"yes","bin":"yes","bus":"yes","highway":"bus_stop","local_ref":"06","name":"Płocka","network":"ZTM Gdańsk","network:wikidata":"Q9387123","network:wikipedia":"pl:Zarząd Transportu Miejskiego w Gdańsku","public_transport":"platform","ref:ztm":"1865","shelter":"yes"}},
{"type":"Feature","geometry":{"type":"Point","coordinates":[18.5943799,54.3327753]},"properties":{"bench":"yes","bin":"no","bus":"yes","highway":"bus_stop","lit":"yes","name":"Przemyska 05","network":"ZTM Gdańsk","network:wikidata":"Q9387123","network:wikipedia":"pl:Zarząd Transportu Miejskiego w Gdańsku","public_transport":"platform","ref":"1981","ref:ztm":"1981","shelter":"yes","tactile_paving":"yes"}},
{"type":"Feature","geometry":{"type":"Point","coordinates":[18.5921593,54.333915]},"properties":{"bench":"yes","bin":"yes","bus":"yes","highway":"bus_stop","lit":"yes","name":"Kielecka 01","network":"ZTM Gdańsk","network:wikidata":"Q9387123","network:wikipedia":"pl:Zarząd Transportu Miejskiego w Gdańsku","public_transport":"platform","ref":"1312","ref:ztm":"1312","shelter":"no","tactile_paving":"no"}},
{"type":"Feature","geometry":{"type":"Point","coordinates":[18.6392328,54.3513538]},"properties":{"bench":"yes","bin":"yes","bus":"yes","highway":"bus_stop","lit":"yes","name":"Urząd Miejski 02","network":"ZTM Gdańsk","network:wikidata":"Q9387123","network:wikipedia":"pl:Zarząd Transportu Miejskiego w Gdańsku","public_transport":"platform","ref":"1260","ref:ztm":"1260","shelter":"yes","tactile_paving":"no"}},
{"type":"Feature","geometry":{"type":"Point","coordinates":[18.6029349,54.346671]},"properties":{"bench":"yes","bin":"yes","bus":"yes","check_date:shelter":"2025-05-18","highway":"bus_stop","lit":"yes","name":"Emaus","operator":"ZTM Gdańsk","public_transport":"platform","ref:ztm":"1309","shelter":"yes","tactile_paving":"yes"}},
{"type":"Feature","geometry":{"type":"Point","coordinates":[18.6028821,54.3482367]},"properties":{"bench":"yes","bin":"yes","bus":"yes","check_date:shelter":"2025-05-06","highway":"bus_stop","lit":"yes","name":"Emaus","operator":"ZTM Gdańsk","public_transport":"platform","ref:ztm":"1633","shelter":"yes","tactile_paving":"yes"}},
{"type":"Feature","geometry":{"type":"Point","coordinates":[18.6010655,54.3355167]},"properties":{"bench":"yes","bin":"yes","bus":"yes","covered":"no","highway":"bus_stop","lit":"yes","name":"Osiedle Jary","network":"ZTM Gdańsk","network:wikidata":"Q9387123","network:wikipedia":"pl:Zarząd Transportu Miejskiego w Gdańsku","public_transport":"platform","ref":"1861","ref:ztm":"1861","shelter":"yes","tactile_paving":"yes"}},
{"type":"Feature","geometry":{"type":"Point","coordinates":[18.6006959,54.330888]},"properties":{"bench":"yes","bin":"yes","bus":"yes","highway":"bus_stop","lit":"yes","name":"Rogalińska 01","public_transport":"platform","ref:ztm":"1864","shelter":"yes","tactile_paving":"no"}},
{"type":"Feature","geometry":{"type":"Point","coordinates":[18.6004393,54.3312304]},"properties":{"bench":"no","bin":"yes","bus":"yes","highway":"bus_stop","lit":"yes","name":"Rogalińska 02","public_transport":"platform","ref:ztm":"1863","shelter":"no","tactile_paving":"no"}},
{"type":"Feature","geometry":{"type":"Point","coordinates":[18.6058572,54.3243905]},"properties":{"bench":"yes","bus":"yes","highway":"bus_stop","name":"Świętokrzyska 01","network":"ZTM Gdańsk","network:wikidata":"Q9387123","network:wikipedia":"pl:Zarząd Transportu Miejskiego w Gdańsku","public_transport":"platform","ref":"1743","ref:ztm":"1743"}},
{"type":"Feature","geometry":{"type":"Point","coordinates":[18.6414876,54.3417892]},"properties":{"bench":"yes","bin":"yes","bus":"yes","departures_board":"timetable","highway":"bus_stop","lit":"yes","name":"Zaroślak 04","network":"ZTM Gdańsk","network:wikidata":"Q9387123","network:wikipedia":"pl:Zarząd Transportu Miejskiego w Gdańsku","old_name":"Petershagen","operator":"ZTM Gdańsk","public_transport":"platform","ref:ztm":"1237","shelter":"yes","tactile_paving":"yes"}},
{"type":"Feature","geometry":{"type":"Point","coordinates":[18.6366766,54.3359328]},"properties":{"bench":"yes","bin":"yes","bus":"yes","departures_board":"timetable","highway":"bus_stop","lit":"yes","name":"Stare Szkoty 01","network":"ZTM Gdańsk","network:wikidata":"Q9387123","network:wikipedia":"pl:Zarząd Transportu Miejskiego w Gdańsku","old_name":"Zremb","operator":"ZTM Gdańsk","public_transport":"platform","ref:ztm":"1204","shelter":"yes","tactile_paving":"yes"}},
{"type":"Feature","geometry":{"type":"Point","coordinates":[18.6404764,54.33978]},"properties":{"bench":"yes","bin":"yes","bus":"yes","departures_board":"timetable","highway":"bus_stop","lit":"yes","name":"Brama Oruńska 01","network":"ZTM Gdańsk","network:wikidata":"Q9387123","network:wikipedia":"pl:Zarząd Transportu Miejskiego w Gdańsku","old_name":"Elmet","operator":"ZTM Gdańsk","public_transport":"platform","ref:ztm":"1202","shelter":"yes","tactile_paving":"yes"}},
{"type":"Feature","geometry":{"type":"Point","coordinates":[18.6395555,54.3394053]},"properties":{"bench":"yes","bin":"yes","bus":"yes","departures_board":"timetable","highway":"bus_stop","lit":"no","name":"Brama Oruńska 02","network":"ZTM Gdańsk","network:wikidata":"Q9387123","network:wikipedia":"pl:Zarząd Transportu Miejskiego w Gdańsku","old_name":"Elmet","operator":"ZTM Gdańsk","public_transport":"platform","ref:ztm":"1203","shelter":"no","tactile_paving":"yes"}},
{"type":"Feature","geometry":{"type":"Point","coordinates":[18.6360404,54.3356246]},"properties":{"bench":"yes","bin":"yes","bus":"yes","departures_board":"timetable","highway":"bus_stop","lit":"no","name":"Stare Szkoty 02","network":"ZTM Gdańsk","network:wikidata":"Q9387123","network:wikipedia":"pl:Zarząd Transportu Miejskiego w Gdańsku","old_name":"Zremb","operator":"ZTM Gdańsk","public_transport":"platform","ref:ztm":"1205","shelter":"no","tactile_paving":"yes"}},
{"type":"Feature","geometry":{"type":"Point","coordinates":[18.651723,54.3467736]},"properties":{"bench":"yes","bin":"yes","bus":"yes","highway":"bus_stop","name":"Żabi Kruk","public_transport":"platform","ref:ztm":"1038","shelter":"yes","tactile_paving":"yes"}},
{"type":"Feature","geometry":{"type":"Point","coordinates":[18.6515428,54.3463387]},"properties":{"bench":"yes","bin":"yes","bus":"yes","highway":"bus_stop","lit":"yes","name":"Żabi Kruk","public_transport":"platform","ref:ztm":"1037","shelter":"yes","tactile_paving":"no"}},
{"type":"Feature","geometry":{"type":"Point","coordinates":[18.7219152,54.3440569]},"properties":{"bench":"yes","bin":"yes","bus":"yes","highway":"bus_stop","name":"Rafineria 01","operator":"ZTM Gdańsk","public_transport":"platform","ref:ztm":"1110","shelter":"yes"}},
{"type":"Feature","geometry":{"type":"Point","coordinates":[18.7085232,54.3523503]},"properties":{"bench":"yes","bus":"yes","highway":"bus_stop","name":"Tarcice 01","operator":"ZTM Gdańsk","public_transport":"platform","ref:ztm":"1106","shelter":"yes"}},
{"type":"Feature","geometry":{"type":"Point","coordinates":[18.7107134,54.3511358]},"properties":{"bench":"yes","bus":"yes","highway":"bus_stop","name":"Tarcice 02","operator":"ZTM Gdańsk","public_transport":"platform","ref:ztm":"1107","shelter":"yes"}},
{"type":"Feature","geometry":{"type":"Point","coordinates":[18.7355708,54.339697]},"properties":{"bench":"yes","bin":"yes","bus":"yes","departures_board":"timetable","highway":"bus_stop","lit":"yes","name":"Makro 73","public_transport":"platform","ref:ztm":"5101","shelter":"yes","tactile_paving":"no"}},
{"type":"Feature","geometry":{"type":"Point","coordinates":[18.7040104,54.3511607]},"properties":{"bus":"yes","highway":"bus_stop","name":"Błonia","public_transport":"platform","ref:ztm":"1105"}},
{"type":"Feature","geometry":{"type":"Point","coordinates":[18.6907052,54.3490393]},"properties":{"bench":"yes","bin":"yes","bus":"yes","highway":"bus_stop","lit":"yes","name":"Węzeł Elbląska 01","public_transport":"platform","ref:ztm":"1256","shelter":"yes","tactile_paving":"no"}},
{"type":"Feature","geometry":{"type":"Point","coordinates":[18.7387715,54.3374061]},"properties":{"bench":"yes","bin":"yes","bus":"yes","departures_board":"timetable","highway":"bus_stop","lit":"yes","name":"Makro 02","public_transport":"platform","ref:ztm":"5102","shelter":"yes","tactile_paving":"no"}},
{"type":"Feature","geometry":{"type":"Point","coordinates":[18.7382799,54.3388629]},"properties":{"bench":"no","bin":"no","bus":"yes","departures_board":"timetable","highway":"bus_stop","lit":"no","name":"Makro 04","public_transport":"platform","ref:ztm":"5103","shelter":"no","tactile_paving":"no"}},
{"type":"Feature","geometry":{"type":"Point","coordinates":[18.7038803,54.3514256]},"properties":{"bench":"yes","bin":"yes","bus":"yes","highway":"bus_stop","name":"Błonia 01","public_transport":"platform","ref:ztm":"1104","shelter":"yes"}},
{"type":"Feature","geometry":{"type":"Point","coordinates":[18.7176581,54.3470281]},"properties":{"bench":"no","bus":"yes","highway":"bus_stop","name":"Michałki 02","operator":"ZTM Gdańsk","public_transport":"platform","ref:ztm":"1109","shelter":"no"}},
{"type":"Feature","geometry":{"type":"Point","coordinates":[18.7361461,54.3382247]},"properties":{"bench":"yes","bin":"no","bus":"yes","departures_board":"timetable","highway":"bus_stop","lit":"yes","name":"Makro 03","public_transport":"platform","ref:ztm":"5100","shelter":"no","tactile_paving":"no"}},
{"type":"Feature","geometry":{"type":"Point","coordinates":[18.7180275,54.3472037]},"properties":{"bench":"yes","bus":"yes","highway":"bus_stop","name":"Michałki 01","operator":"ZTM Gdańsk","public_transport":"platform","ref:ztm":"1108","shelter":"yes"}},
{"type":"Feature","geometry":{"type":"Point","coordinates":[18.7233573,54.3431058]},"properties":{"bench":"yes","bus":"yes","departures_board":"timetable","highway":"bus_stop","name":"Rafineria 02","network":"ZTM Gdańsk","network:wikidata":"Q9387123","operator":"ZTM Gdańsk","public_transport":"platform","ref:ztm":"1111","shelter":"yes"}},
{"type":"Feature","geometry":{"type":"Point","coordinates":[18.6921523,54.348915]},"properties":{"bench":"yes","bus":"yes","highway":"bus_stop","name":"Węzeł Elbląska 02","public_transport":"platform","ref:ztm":"1103","shelter":"yes"}},
{"type":"Feature","geometry":{"type":"Point","coordinates":[18.6744034,54.3493758]},"properties":{"bench":"yes","bus":"yes","highway":"bus_stop","name":"Mostek 01","public_transport":"platform","ref:ztm":"1100","shelter":"yes","tactile_paving":"no"}},
{"type":"Feature","geometry":{"type":"Point","coordinates":[18.6801813,54.3493066]},"properties":{"bench":"yes","bin":"yes","bus":"yes","highway":"bus_stop","name":"Miałki Szlak 01","public_transport":"platform","ref:ztm":"1102","shelter":"yes"}},
{"type":"Feature","geometry":{"type":"Point","coordinates":[18.6736551,54.3489444]},"properties":{"bus":"yes","highway":"bus_stop","name":"Mostek 02","public_transport":"platform","ref:ztm":"1601"}},
{"type":"Feature","geometry":{"type":"Point","coordinates":[18.6842572,54.348833]},"properties":{"bench":"yes","bin":"yes","bus":"yes","highway":"bus_stop","lit":"yes","name":"Miałki Szlak 02","public_transport":"platform","ref:ztm":"1101","shelter":"yes","tactile_paving":"no"}},
{"type":"Feature","geometry":{"type":"Point","coordinates":[18.7461036,54.3233391]},"properties":{"bus":"yes","highway":"bus_stop","name":"Przejazdowo Hotel 01","public_transport":"platform","ref:ztm":"5107"}},
{"type":"Feature","geometry":{"type":"Point","coordinates":[18.7461587,54.324305]},"properties":{"bench":"yes","bin":"yes","bus":"yes","highway":"bus_stop","name":"Przejazdowo Hotel 78","public_transport":"platform","ref:ztm":"5106","shelter":"yes"}},
{"type":"Feature","geometry":{"type":"Point","coordinates":[18.6372097,54.3484978]},"properties":{"bench":"yes","bin":"yes","bus":"yes","highway":"bus_stop","name":"Pohulanka","network":"ZTM Gdańsk","network:wikidata":"Q9387123","network:wikipedia":"pl:Zarząd Transportu Miejskiego w Gdańsku","operator":"ZTM Gdańsk","public_transport":"platform","ref":"1248","ref:ztm":"1248","shelter":"yes","tactile_paving":"no"}},
{"type":"Feature","geometry":{"type":"Point","coordinates":[18.559231,54.3405029]},"properties":{"bench":"yes","bus":"yes","highway":"bus_stop","name":"Pólnicy 02","network":"ZTM Gdańsk","network:wikidata":"Q9387123","operator":"ZTM Gdańsk","public_transport":"platform","ref":"1295","ref:ztm":"1295","shelter":"yes"}},
{"type":"Feature","geometry":{"type":"Point","coordinates":[18.5937418,54.4234443]},"properties":{"bench":"yes","bus":"yes","departures_board":"yes","highway":"bus_stop","name":"Jelitkowo 06","network":"ZTM Gdańsk","network:wikidata":"Q9387123","network:wikipedia":"pl:Zarząd Transportu Miejskiego w Gdańsku","public_transport":"platform","ref":"159","shelter":"yes"}},
{"type":"Feature","geometry":{"type":"Point","coordinates":[18.5939799,54.4231096]},"properties":{"bench":"no","bin":"yes","bus":"yes","highway":"bus_stop","name":"Jelitkowo 05","network":"ZTM Gdańsk","network:wikidata":"Q9387123","network:wikipedia":"pl:Zarząd Transportu Miejskiego w Gdańsku","public_transport":"platform","shelter":"no"}},
{"type":"Feature","geometry":{"type":"Point","coordinates":[18.6073337,54.3540993]},"properties":{"bench":"yes","bin":"yes","bus":"yes","highway":"bus_stop","lit":"yes","name":"Suchanino 01","network":"ZTM Gdańsk","network:wikidata":"Q9387123","network:wikipedia":"pl:Zarząd Transportu Miejskiego w Gdańsku","public_transport":"platform","ref":"151","ref:ztm":"151","shelter":"yes","tactile_paving":"no"}},
{"type":"Feature","geometry":{"type":"Point","coordinates":[18.6153833,54.3550036]},"properties":{"bench":"yes","bin":"yes","bus":"yes","highway":"bus_stop","lit":"yes","name":"Nad Jarem 02","network":"ZTM Gdańsk","network:wikidata":"Q9387123","network:wikipedia":"pl:Zarząd Transportu Miejskiego w Gdańsku","public_transport":"platform","ref":"1846","ref:ztm":"1846","shelter":"yes","tactile_paving":"no"}},
{"type":"Feature","geometry":{"type":"Point","coordinates":[18.6074632,54.3547918]},"properties":{"bench":"yes","bin":"yes","bus":"yes","highway":"bus_stop","lit":"yes","name":"Suchanino 02","network":"ZTM Gdańsk","network:wikidata":"Q9387123","network:wikipedia":"pl:Zarząd Transportu Miejskiego w Gdańsku","public_transport":"platform","ref":"1847","ref:ztm":"1847","shelter":"yes","tactile_paving":"no"}},
{"type":"Feature","geometry":{"type":"Point","coordinates":[18.6143377,54.3537461]},"properties":{"bench":"yes","bin":"yes","bus":"yes","highway":"bus_stop","lit":"yes","name":"Nad Jarem 01","network":"ZTM Gdańsk","network:wikidata":"Q9387123","network:wikipedia":"pl:Zarząd Transportu Miejskiego w Gdańsku","public_transport":"platform","ref":"1340","ref:ztm":"1340","shelter":"yes","tactile_paving":"no"}},
{"type":"Feature","geometry":{"type":"Point","coordinates":[18.4812123,54.4129094]},"properties":{"bench":"yes","bus":"yes","highway":"bus_stop","name":"Owczarnia 01","operator":"ZTM Gdańsk","public_transport":"platform","ref:ztm":"1886","shelter":"no","tactile_paving":"no"}},
{"type":"Feature","geometry":{"type":"Point","coordinates":[18.48023,54.4141323]},"properties":{"bench":"yes","bus":"yes","highway":"bus_stop","name":"Owczarnia 02","operator":"ZTM Gdańsk","public_transport":"platform","ref:ztm":"1885","shelter":"yes"}},
{"type":"Feature","geometry":{"type":"Point","coordinates":[18.5591744,54.4470633]},"properties":{"amenity":"shelter","shelter_type":"public_transport"}},
{"type":"Feature","geometry":{"type":"Point","coordinates":[18.4677417,54.4342272]},"properties":{"bench":"no","bin":"yes","check_date":"2024-06-16","highway":"bus_stop","name":"Barniewicka 03","operator":"ZTM Gdańsk","public_transport":"platform","ref:ztm":"1569","shelter":"no","tactile_paving":"no"}},
{"type":"Feature","geometry":{"type":"Point","coordinates":[18.4785783,54.4236287]},"properties":{"bench":"no","bus":"yes","highway":"bus_stop","name":"Jednorożca","operator":"ZTM Gdańsk","public_transport":"platform","ref:ztm":"1639","shelter":"yes","tactile_paving":"no"}},
{"type":"Feature","geometry":{"type":"Point","coordinates":[18.47889,54.4241563]},"properties":{"bench":"yes","bus":"yes","check_date:shelter":"2022-11-04","highway":"bus_stop","name":"Jednorożca","operator":"ZTM Gdańsk","public_transport":"platform","ref:ztm":"1638","shelter":"yes","tactile_paving":"no"}},
{"type":"Feature","geometry":{"type":"Point","coordinates":[18.4620314,54.4303144]},"properties":{"backrest":"yes","bench":"no","bin":"yes","bus":"yes","highway":"bus_stop","lit":"no","name":"Niedziałkowskiego 02","operator":"ZTM Gdańsk","public_transport":"platform","ref:ztm":"1517","shelter":"yes","tactile_paving":"no"}},
{"type":"Feature","geometry":{"type":"Point","coordinates":[18.4711695,54.4325472]},"properties":{"bench":"no","bin":"no","bus":"yes","check_date":"2024-03-31","description":"Przystanek tymczasowy","highway":"bus_stop","name":"Nowa 02","operator":"ZTM Gdańsk","public_transport":"platform","ref:ztm":"1513","shelter":"no","tactile_paving":"no"}},
{"type":"Feature","geometry":{"type":"Point","coordinates":[18.4840024,54.4314673]},"properties":{"bench":"yes","highway":"bus_stop","name":"Odyseusza","operator":"ZTM Gdańsk","ref:ztm":"1729","shelter":"yes","tactile_paving":"no"}},
{"type":"Feature","geometry":{"type":"Point","coordinates":[18.4787752,54.4279268]},"properties":{"bench":"no","bus":"yes","highway":"bus_stop","name":"Sopocka 04","public_transport":"platform","ref:ztm":"1637","shelter":"no","tactile_paving":"no"}},
{"type":"Feature","geometry":{"type":"Point","coordinates":[18.4762741,54.4300329]},"properties":{"bench":"no","bin":"no","bus":"yes","check_date":"2025-08-14","check_date:lit":"2025-08-14","description":"Przystanek tymczasowy","highway":"bus_stop","lit":"yes","name":"Sopocka 02","operator":"ZTM Gdańsk","public_transport":"platform","ref:ztm":"1511","shelter":"no","tactile_paving":"no"}},
{"type":"Feature","geometry":{"type":"Point","coordinates":[18.4660891,54.4342271]},"properties":{"bench":"no","bin":"yes","bus":"yes","highway":"bus_stop","lit":"no","name":"Barniewicka 02","operator":"ZTM Gdańsk","public_transport":"platform","ref:ztm":"1515","shelter":"no","tactile_paving":"no"}},
{"type":"Feature","geometry":{"type":"Point","coordinates":[18.4198234,54.4440475]},"properties":{"bench":"yes","bin":"yes","bus":"yes","highway":"bus_stop","name":"Chwaszczyno Centrum 02","operator":"ZKM Gdynia","public_transport":"platform","shelter":"yes"}},
{"type":"Feature","geometry":{"type":"Point","coordinates":[18.6041706,54.3813639]},"properties":{"bench":"yes","bin":"yes","bus":"yes","highway":"bus_stop","lit":"yes","name":"Wrzeszcz PKP 05","network":"ZTM Gdańsk","operator":"Zarząd Transportu Miejskiego w Gdańsku","public_transport":"platform","ref:ztm":"116","shelter":"yes","tactile_paving":"no"}},
{"type":"Feature","geometry":{"type":"Point","coordinates":[18.6043415,54.381343]},"properties":{"bench":"yes","bin":"yes","bus":"yes","highway":"bus_stop","lit":"yes","name":"Wrzeszcz PKP 04","network":"ZTM Gdańsk","operator":"Zarząd Transportu Miejskiego w Gdańsku","public_transport":"platform","ref:ztm":"115","shelter":"yes","tactile_paving":"no"}},
{"type":"Feature","geometry":{"type":"Point","coordinates":[18.6044571,54.3812658]},"properties":{"bench":"yes","bin":"yes","bus":"yes","highway":"bus_stop","lit":"yes","name":"Wrzeszcz PKP 03","network":"ZTM Gdańsk","operator":"Zarząd Transportu Miejskiego w Gdańsku","public_transport":"platform","ref:ztm":"114","shelter":"yes","tactile_paving":"no"}},
{"type":"Feature","geometry":{"type":"Point","coordinates":[18.604678,54.3812328]},"properties":{"bench":"yes","bin":"yes","bus":"yes","highway":"bus_stop","lit":"yes","name":"Wrzeszcz PKP","operator":"ZTM Gdańsk","public_transport":"platform","ref:ztm":"313","shelter":"yes","tactile_paving":"no"}},
{"type":"Feature","geometry":{"type":"Point","coordinates":[18.6065484,54.3808589]},"properties":{"bench":"no","bin":"no","bus":"yes","highway":"bus_stop","lit":"yes","name":"Wrzeszcz PKP 01","operator":"Zarząd Transportu Miejskiego w Gdańsku","public_transport":"platform","ref:ztm":"314","shelter":"no","tactile_paving":"no"}},
{"type":"Feature","geometry":{"type":"Point","coordinates":[18.6867702,54.3580216]},"properties":{"bus":"yes","disused:tram":"yes","highway":"bus_stop","name":"Lenartowicza 01","public_transport":"platform","ref:ztm":"7007"}},
{"type":"Feature","geometry":{"type":"Point","coordinates":[18.7098158,54.3607576]},"properties":{"bench":"yes","bin":"yes","bus":"yes","highway":"bus_stop","lit":"yes","name":"Zimna","network":"ZTM Gdańsk","network:wikidata":"Q9387123","network:wikipedia":"pl:Zarząd Transportu Miejskiego w Gdańsku","public_transport":"platform","ref":"1052","shelter":"yes","tactile_paving":"yes"}},
{"type":"Feature","geometry":{"type":"Point","coordinates":[18.4363371,54.4050955]},"properties":{"bench":"no","bus":"yes","highway":"bus_stop","name":"Barniewice, Topolowa","public_transport":"platform","shelter":"no","tactile_paving":"no"}},
{"type":"Feature","geometry":{"type":"Point","coordinates":[18.5097348,54.3762812]},"properties":{"bench":"yes","bin":"yes","highway":"bus_stop","lit":"yes","name":"Agrarna 01","operator":"ZTM Gdańsk","public_transport":"platform","ref:ztm":"1398","shelter":"yes","tactile_paving":"no"}},
{"type":"Feature","geometry":{"type":"Point","coordinates":[18.4825471,54.3893757]},"properties":{"bench":"no","bus":"yes","highway":"bus_stop","name":"Klukowo 04","operator":"ZTM Gdańsk","public_transport":"platform","ref:ztm":"1887","shelter":"no"}},
{"type":"Feature","geometry":{"type":"Point","coordinates":[18.4827851,54.389333]},"properties":{"bus":"yes","highway":"bus_stop","name":"Klukowo 03","operator":"ZTM Gdańsk","public_transport":"platform","ref:ztm":"1888","shelter":"no"}},
{"type":"Feature","geometry":{"type":"Point","coordinates":[18.6966824,54.380426]},"properties":{"bench":"no","bus":"yes","highway":"bus_stop","name":"Kontenerowa 01","network":"ZTM Gdańsk","network:wikidata":"Q9387123","network:wikipedia":"pl:Zarząd Transportu Miejskiego w Gdańsku","public_transport":"platform","ref":"1898"}},
{"type":"Feature","geometry":{"type":"Point","coordinates":[18.6950685,54.3803737]},"properties":{"bench":"no","bus":"yes","highway":"bus_stop","name":"Kontenerowa 02","network":"ZTM Gdańsk","network:wikidata":"Q9387123","network:wikipedia":"pl:Zarząd Transportu Miejskiego w Gdańsku","public_transport":"platform","ref":"1889","shelter":"no","tactile_paving":"no"}},
{"type":"Feature","geometry":{"type":"Point","coordinates":[18.6037335,54.3592164]},"properties":{"bench":"yes","bus":"yes","highway":"bus_stop","name":"Schumana 02","network":"ZTM Gdańsk","network:wikidata":"Q9387123","network:wikipedia":"pl:Zarząd Transportu Miejskiego w Gdańsku","public_transport":"platform","ref":"1357","ref:ztm":"1357","shelter":"yes","tactile_paving":"no"}},
{"type":"Feature","geometry":{"type":"Point","coordinates":[18.6044101,54.3592741]},"properties":{"bench":"yes","bus":"yes","highway":"bus_stop","name":"Schumana 01","network":"ZTM Gdańsk","network:wikidata":"Q9387123","network:wikipedia":"pl:Zarząd Transportu Miejskiego w Gdańsku","public_transport":"platform","ref":"1358","ref:ztm":"1358","shelter":"yes","tactile_paving":"no"}},
{"type":"Feature","geometry":{"type":"Point","coordinates":[18.5383646,54.4213886]},"properties":{"bench":"yes","bin":"yes","bus":"yes","highway":"bus_stop","lit":"yes","name":"Rynarzewo","network":"ZTM Gdańsk","network:wikidata":"Q9387123","operator":"ZTM Gdańsk","public_transport":"platform","ref:ztm":"1508","shelter":"yes","tactile_paving":"no"}},
{"type":"Feature","geometry":{"type":"Point","coordinates":[18.5369523,54.4218231]},"properties":{"bench":"yes","bin":"yes","bus":"yes","check_date:shelter":"2024-02-14","highway":"bus_stop","lit":"yes","name":"Rynarzewo","network":"ZTM Gdańsk","network:wikidata":"Q9387123","operator":"ZTM Gdańsk","public_transport":"platform","ref:ztm":"1507","shelter":"yes","tactile_paving":"no"}},
{"type":"Feature","geometry":{"type":"Point","coordinates":[18.6793731,54.3567798]},"properties":{"bench":"no","bin":"no","bus":"yes","departures_board":"timetable","highway":"bus_stop","lit":"no","name":"Siennicka 02","network":"ZTM Gdańsk","network:wikidata":"Q9387123","public_transport":"platform","ref:ztm":"1090","shelter":"no","tactile_paving":"no"}},
{"type":"Feature","geometry":{"type":"Point","coordinates":[18.6302955,54.3559988]},"properties":{"bench":"yes","bin":"yes","bus":"yes","check_date:shelter":"2025-05-23","highway":"bus_stop","lit":"yes","name":"Płowce 02","network":"ZTM Gdańsk","network:wikidata":"Q9387123","network:wikipedia":"pl:Zarząd Transportu Miejskiego w Gdańsku","public_transport":"platform","ref":"1331","ref:ztm":"1331","shelter":"yes","tactile_paving":"no"}},
{"type":"Feature","geometry":{"type":"Point","coordinates":[18.6301725,54.3558168]},"properties":{"bench":"yes","bin":"yes","bus":"yes","check_date:shelter":"2025-05-23","highway":"bus_stop","lit":"yes","name":"Płowce 01","network":"ZTM Gdańsk","network:wikidata":"Q9387123","network:wikipedia":"pl:Zarząd Transportu Miejskiego w Gdańsku","public_transport":"platform","ref":"1330","ref:ztm":"1330","shelter":"yes","tactile_paving":"no"}},
{"type":"Feature","geometry":{"type":"Point","coordinates":[18.7472337,54.3590163]},"properties":{"bus":"yes","departures_board":"timetable","highway":"bus_stop","name":"Kępna 02","network":"ZTM Gdańsk","network:wikidata":"Q9387123","operator":"ZTM Gdańsk","public_transport":"platform","ref:ztm":"1060","shelter":"yes"}},
{"type":"Feature","geometry":{"type":"Point","coordinates":[18.7457704,54.3591474]},"properties":{"bus":"yes","departures_board":"timetable","highway":"bus_stop","name":"Kępna 01","network":"ZTM Gdańsk","network:wikidata":"Q9387123","operator":"ZTM Gdańsk","public_transport":"platform","ref:ztm":"1057","shelter":"yes"}},
{"type":"Feature","geometry":{"type":"Point","coordinates":[18.7179013,54.3615125]},"properties":{"bus":"yes","departures_board":"timetable","highway":"bus_stop","name":"Kłosowa 01","network":"ZTM Gdańsk","network:wikidata":"Q9387123","operator":"ZTM Gdańsk","public_transport":"platform","ref:ztm":"3101","shelter":"yes"}},
{"type":"Feature","geometry":{"type":"Point","coordinates":[18.7172557,54.3615778]},"properties":{"bus":"yes","departures_board":"timetable","highway":"bus_stop","name":"Stogi 06","network":"ZTM Gdańsk","network:wikidata":"Q9387123","operator":"ZTM Gdańsk","public_transport":"platform","ref:ztm":"1054","shelter":"yes"}},
{"type":"Feature","geometry":{"type":"Point","coordinates":[18.7407021,54.3596329]},"properties":{"bus":"yes","departures_board":"timetable","highway":"bus_stop","name":"Steczka 01","network":"ZTM Gdańsk","network:wikidata":"Q9387123","operator":"ZTM Gdańsk","public_transport":"platform","ref:ztm":"1055","shelter":"yes"}},
{"type":"Feature","geometry":{"type":"Point","coordinates":[18.7402307,54.359843]},"properties":{"bus":"yes","departures_board":"timetable","highway":"bus_stop","name":"Steczka 02","network":"ZTM Gdańsk","network:wikidata":"Q9387123","operator":"ZTM Gdańsk","public_transport":"platform","ref:ztm":"1058","shelter":"yes"}},
{"type":"Feature","geometry":{"type":"Point","coordinates":[18.7305913,54.3614501]},"properties":{"bus":"yes","departures_board":"timetable","highway":"bus_stop","name":"Sówki 02","network":"ZTM Gdańsk","network:wikidata":"Q9387123","operator":"ZTM Gdańsk","public_transport":"platform","ref:ztm":"1056","shelter":"no"}},
{"type":"Feature","geometry":{"type":"Point","coordinates":[18.5665064,54.3737327]},"properties":{"bench":"yes","bin":"yes","bus":"yes","highway":"bus_stop","lit":"yes","name":"Potokowa 02","network":"ZTM Gdańsk","network:wikidata":"Q9387123","operator":"ZTM Gdańsk","passenger_information_display":"yes","public_transport":"platform","ref:ztm":"1391","shelter":"yes","tactile_paving":"no"}},
{"type":"Feature","geometry":{"type":"Point","coordinates":[18.5562629,54.3705638]},"properties":{"bench":"yes","bin":"yes","highway":"bus_stop","lit":"yes","name":"Słowackiego - Działki 01","operator":"ZTM Gdańsk","public_transport":"platform","ref:ztm":"1394","shelter":"yes","tactile_paving":"no"}},
{"type":"Feature","geometry":{"type":"Point","coordinates":[18.5556702,54.3710129]},"properties":{"bench":"no","bin":"yes","highway":"bus_stop","name":"Słowackiego - Działki 02","operator":"ZTM Gdańsk","public_transport":"platform","ref:ztm":"1395","shelter":"no","tactile_paving":"no"}},
{"type":"Feature","geometry":{"type":"Point","coordinates":[18.6832788,54.3718393]},"properties":{"bench":"yes","bin":"no","bus":"yes","departures_board":"timetable","highway":"bus_stop","lit":"no","name":"Sucharskiego - PKP 02","network":"ZTM Gdańsk","network:wikidata":"Q9387123","public_transport":"platform","ref:ztm":"1070","shelter":"yes","tactile_paving":"no"}},
{"type":"Feature","geometry":{"type":"Point","coordinates":[18.6827394,54.3765147]},"properties":{"bench":"yes","bin":"yes","bus":"yes","departures_board":"timetable","highway":"bus_stop","lit":"yes","name":"Sucharskiego - PKP 01","network":"ZTM Gdańsk","network:wikidata":"Q9387123","public_transport":"platform","ref:ztm":"1069","shelter":"yes","tactile_paving":"no"}},
{"type":"Feature","geometry":{"type":"Point","coordinates":[18.6834546,54.3574823]},"properties":{"bus":"yes","disused:tram":"yes","highway":"bus_stop","name":"Przeróbka 01","operator":"ZTM","public_transport":"platform"}},
{"type":"Feature","geometry":{"type":"Point","coordinates":[18.6824906,54.4029413]},"properties":{"bench":"no","bin":"yes","bus":"yes","highway":"bus_stop","lit":"no","name":"Przystań Żeglugi 02","public_transport":"platform","ref:ztm":"1080","shelter":"no","tactile_paving":"no"}},
{"type":"Feature","geometry":{"type":"Point","coordinates":[18.6816297,54.4040529]},"properties":{"bus":"yes","highway":"bus_stop","name":"Przystań Żeglugi 01","public_transport":"platform","ref:ztm":"1079","shelter":"no"}},
{"type":"Feature","geometry":{"type":"Point","coordinates":[18.463227,54.4312674]},"properties":{"bench":"yes","bin":"yes","bus":"yes","highway":"bus_stop","name":"Niedziałkowskiego 01","operator":"ZTM Gdańsk","public_transport":"platform","ref:ztm":"1518","shelter":"yes","tactile_paving":"no"}},
{"type":"Feature","geometry":{"type":"Point","coordinates":[18.4889635,54.3790284]},"properties":{"bench":"yes","bin":"yes","bus":"yes","highway":"bus_stop","name":"Firoga PKM 02","public_transport":"platform","shelter":"yes"}},
{"type":"Feature","geometry":{"type":"Point","coordinates":[18.4823762,54.3809774]},"properties":{"bench":"yes","bin":"yes","bus":"yes","highway":"bus_stop","name":"Śmigłowa 02","operator":"ZTM Gdańsk","public_transport":"platform","ref:ztm":"1733","shelter":"yes","wheelchair":"yes"}},
{"type":"Feature","geometry":{"type":"Point","coordinates":[18.495687,54.4287112]},"properties":{"bench":"yes","bin":"yes","bus":"yes","highway":"bus_stop","lit":"yes","name":"Osowa Obwodnica","operator":"ZTM Gdańsk","public_transport":"platform","ref:ztm":"1510","shelter":"yes","tactile_paving":"no"}},
{"type":"Feature","geometry":{"type":"Point","coordinates":[18.4960797,54.428887]},"properties":{"bench":"yes","bin":"yes","bus":"yes","highway":"bus_stop","lit":"yes","name":"Osowa Obwodnica","operator":"ZTM Gdańsk","public_transport":"platform","ref:ztm":"1509","shelter":"no","tactile_paving":"no"}},
{"type":"Feature","geometry":{"type":"Point","coordinates":[18.490793,54.4274815]},"properties":{"bench":"yes","highway":"bus_stop","shelter":"yes"}},
{"type":"Feature","geometry":{"type":"Point","coordinates":[18.6781558,54.3781863]},"properties":{"bench":"yes","bin":"no","bus":"yes","departures_board":"timetable","highway":"bus_stop","lit":"no","name":"Ku Ujściu 04","network":"ZTM Gdańsk","network:wikidata":"Q9387123","network:wikipedia":"pl:Zarząd Transportu Miejskiego w Gdańsku","operator":"ZTM Gdańsk","public_transport":"platform","ref:ztm":"1082","shelter":"yes","tactile_paving":"yes"}},
{"type":"Feature","geometry":{"type":"Point","coordinates":[18.5124494,54.3496371]},"properties":{"bench":"yes","bin":"yes","bus":"yes","highway":"bus_stop","lit":"yes","name":"Karczemki","network":"ZTM Gdańsk","network:wikidata":"Q9387123","operator":"ZTM Gdańsk","public_transport":"platform","ref:ztm":"1282","shelter":"yes","tactile_paving":"no"}},
{"type":"Feature","geometry":{"type":"Point","coordinates":[18.4832433,54.3797408]},"properties":{"bench":"yes","bin":"yes","bus":"yes","highway":"bus_stop","name":"Śmigłowa 01","operator":"ZTM Gdańsk","public_transport":"platform","ref:ztm":"1404","shelter":"yes","wheelchair":"yes"}},
{"type":"Feature","geometry":{"type":"Point","coordinates":[18.5811187,54.393791]},"properties":{"bench":"yes","bin":"yes","bus":"yes","check_date:shelter":"2021-05-21","highway":"bus_stop","lit":"yes","name":"Abrahama 02","network":"ZTM Gdańsk","network:wikidata":"Q9387123","network:wikipedia":"pl:Zarząd Transportu Miejskiego w Gdańsku","public_transport":"platform","ref":"1793","ref:ztm":"1793","shelter":"yes","tactile_paving":"no"}},
{"type":"Feature","geometry":{"type":"Point","coordinates":[18.5907334,54.3877493]},"properties":{"bench":"yes","bin":"yes","bus":"yes","highway":"bus_stop","lit":"yes","name":"Wojska Polskiego 03","network":"ZTM Gdańsk","network:wikidata":"Q9387123","network:wikipedia":"pl:Zarząd Transportu Miejskiego w Gdańsku","public_transport":"platform","ref":"1796","ref:ztm":"1796","shelter":"yes","tactile_paving":"no"}},
{"type":"Feature","geometry":{"type":"Point","coordinates":[18.5918117,54.3864464]},"properties":{"bench":"yes","bin":"yes","bus":"yes","highway":"bus_stop","lit":"yes","name":"Wojska Polskiego 04","network":"ZTM Gdańsk","network:wikidata":"Q9387123","network:wikipedia":"pl:Zarząd Transportu Miejskiego w Gdańsku","public_transport":"platform","ref":"1629","ref:ztm":"1629","shelter":"yes","tactile_paving":"no"}},
{"type":"Feature","geometry":{"type":"Point","coordinates":[18.589655,54.3871349]},"properties":{"bench":"no","bin":"yes","bus":"yes","departures_board":"timetable","highway":"bus_stop","lit":"yes","name":"Wojska Polskiego","network":"ZTM Gdańsk","network:wikidata":"Q9387123","network:wikipedia":"pl:Zarząd Transportu Miejskiego w Gdańsku","operator":"ZTM Gdańsk","public_transport":"platform","ref:ztm":"1632","shelter":"no","tactile_paving":"no"}},
{"type":"Feature","geometry":{"type":"Point","coordinates":[18.6513294,54.3621847]},"properties":{"bench":"no","bin":"no","bus":"yes","highway":"bus_stop","name":"Europejskie Centrum Solidarności 02","network":"ZTM Gdańsk","network:wikidata":"Q9387123","network:wikipedia":"pl:Zarząd Transportu Miejskiego w Gdańsku","operator":"ZTM Gdańsk","public_transport":"platform","ref":"3086","shelter":"no"}},
{"type":"Feature","geometry":{"type":"Point","coordinates":[18.650181,54.3629683]},"properties":{"bench":"no","bus":"yes","highway":"bus_stop","name":"Europejskie Centrum Solidarności 01","network":"ZTM Gdańsk","network:wikidata":"Q9387123","network:wikipedia":"pl:Zarząd Transportu Miejskiego w Gdańsku","operator":"ZTM Gdańsk","public_transport":"platform","ref":"1087","shelter":"no"}},
{"type":"Feature","geometry":{"type":"Point","coordinates":[18.4917456,54.3640335]},"properties":{"bench":"yes","bin":"yes","bus":"yes","highway":"bus_stop","lit":"yes","name":"Nowatorów 03","network":"ZTM Gdańsk","network:wikidata":"Q9387123","operator":"ZTM Gdańsk","public_transport":"platform","ref":"03","ref:ztm":"1290","shelter":"yes","tactile_paving":"yes"}},
{"type":"Feature","geometry":{"type":"Point","coordinates":[18.4935712,54.3652886]},"properties":{"bench":"yes","bin":"yes","bus":"yes","highway":"bus_stop","name":"Nowatorów 01","network":"ZTM Gdańsk","network:wikidata":"Q9387123","operator":"ZTM Gdańsk","public_transport":"platform","ref":"01","ref:ztm":"1414","shelter":"yes"}},
{"type":"Feature","geometry":{"type":"Point","coordinates":[18.6366399,54.2903612]},"properties":{"bench":"no","bin":"yes","bus":"yes","departures_board":"timetable","highway":"bus_stop","name":"Ostróżek 02","network":"ZTM Gdańsk","network:wikidata":"Q9387123","network:wikipedia":"pl:Zarząd Transportu Miejskiego w Gdańsku","operator":"ZTM Gdańsk","public_transport":"platform","ref:ztm":"1221","shelter":"no","tactile_paving":"no"}},
{"type":"Feature","geometry":{"type":"Point","coordinates":[18.6381215,54.2847912]},"properties":{"bench":"yes","bin":"yes","bus":"yes","departures_board":"timetable","highway":"bus_stop","name":"Św. Wojciech 01","network":"ZTM Gdańsk","network:wikidata":"Q9387123","network:wikipedia":"pl:Zarząd Transportu Miejskiego w Gdańsku","operator":"ZTM Gdańsk","public_transport":"platform","ref:ztm":"175","shelter":"yes","tactile_paving":"yes"}},
{"type":"Feature","geometry":{"type":"Point","coordinates":[18.459028,54.4391939]},"properties":{"bench":"yes","bin":"yes","bus":"yes","highway":"bus_stop","name":"Iławska","network":"PKS Gdynia","operator":"PKS Gdynia","public_transport":"platform","shelter":"yes","tactile_paving":"no"}},
{"type":"Feature","geometry":{"type":"Point","coordinates":[18.4584585,54.439571]},"properties":{"bench":"yes","bus":"yes","highway":"bus_stop","name":"Iławska","network":"PKS Gdynia","operator":"PKS Gdynia","public_transport":"platform","shelter":"no","tactile_paving":"no"}},
{"type":"Feature","geometry":{"type":"Point","coordinates":[18.4525892,54.4416937]},"properties":{"bench":"yes","bin":"yes","bus":"yes","highway":"bus_stop","lit":"yes","name":"Myśliborska","network":"PKS Gdynia; ZTM Gdańsk","operator":"PKS Gdynia; ZTM Gdańsk","public_transport":"platform","shelter":"yes","tactile_paving":"no"}},
{"type":"Feature","geometry":{"type":"Point","coordinates":[18.4514323,54.4419039]},"properties":{"bench":"yes","bin":"yes","bus":"yes","highway":"bus_stop","lit":"yes","name":"Myśliborska","network":"PKS Gdynia; ZTM Gdańsk","operator":"PKS Gdynia; ZTM Gdańsk","public_transport":"platform","shelter":"yes","tactile_paving":"no"}},
{"type":"Feature","geometry":{"type":"Point","coordinates":[18.4733445,54.4312717]},"properties":{"bench":"yes","bin":"yes","bus":"yes","departures_board":"realtime","highway":"bus_stop","name":"Nowa 01","operator":"ZTM Gdańsk","public_transport":"platform","ref:ztm":"1514","shelter":"yes","tactile_paving":"yes"}},
{"type":"Feature","geometry":{"type":"Point","coordinates":[18.4852665,54.3980526]},"properties":{"bench":"no","bus":"yes","highway":"bus_stop","name":"Telewizyjna 02","public_transport":"platform","ref:ztm":"1905","shelter":"no","tactile_paving":"no"}},
{"type":"Feature","geometry":{"type":"Point","coordinates":[18.4852534,54.3984841]},"properties":{"bench":"no","bus":"yes","highway":"bus_stop","name":"Telewizyjna 01","public_transport":"platform","ref:ztm":"1906","shelter":"no","tactile_paving":"no"}},
{"type":"Feature","geometry":{"type":"Point","coordinates":[18.6472007,54.3483808]},"properties":{"bench":"no","bus":"yes","highway":"bus_stop","name":"Teatr Szekspirowski","operator":"ZTM Gdańsk","public_transport":"platform","ref:ztm":"1830","shelter":"no","tactile_paving":"no"}},
{"type":"Feature","geometry":{"type":"Point","coordinates":[18.6794503,54.3774247]},"properties":{"bench":"yes","bin":"yes","bus":"yes","departures_board":"timetable","highway":"bus_stop","lit":"yes","name":"Ku Ujściu 02","network":"ZTM Gdańsk","network:wikidata":"Q9387123","network:wikipedia":"pl:Zarząd Transportu Miejskiego w Gdańsku","operator":"ZTM Gdańsk","public_transport":"platform","ref:ztm":"1072","shelter":"yes","tactile_paving":"yes"}},
{"type":"Feature","geometry":{"type":"Point","coordinates":[18.6805771,54.3801781]},"properties":{"bench":"yes","bin":"yes","bus":"yes","departures_board":"timetable","highway":"bus_stop","lit":"yes","name":"Ku Ujściu 03","network":"ZTM Gdańsk","network:wikidata":"Q9387123","network:wikipedia":"pl:Zarząd Transportu Miejskiego w Gdańsku","operator":"ZTM Gdańsk","public_transport":"platform","ref:ztm":"1081","shelter":"yes","tactile_paving":"yes"}},
{"type":"Feature","geometry":{"type":"Point","coordinates":[18.4690656,54.4293296]},"properties":{"bench":"no","bin":"yes","bus":"yes","check_date:shelter":"2023-07-30","highway":"bus_stop","lit":"no","name":"Siedleckiego 02","public_transport":"platform","shelter":"no","tactile_paving":"no"}},
{"type":"Feature","geometry":{"type":"Point","coordinates":[18.4696999,54.4299206]},"properties":{"bench":"no","bin":"yes","bus":"yes","highway":"bus_stop","lit":"no","name":"Siedleckiego","public_transport":"platform","shelter":"yes","tactile_paving":"no"}},
{"type":"Feature","geometry":{"type":"Point","coordinates":[18.5690628,54.3994165]},"properties":{"bench":"yes","bus":"yes","check_date":"2024-03-18","highway":"bus_stop","lit":"yes","name":"Bażyńskiego 06","network":"ZTM Gdańsk","network:wikidata":"Q9387123","note":"Przystanek zawieszony","operator":"ZTM Gdańsk","public_transport":"platform","ref:ztm":"1812","shelter":"yes"}},
{"type":"Feature","geometry":{"type":"Point","coordinates":[18.5640171,54.3978655]},"properties":{"bench":"yes","bin":"yes","highway":"bus_stop","name":"Jasia i Małgosi 02","operator":"ZTM Gdańsk","ref:ztm":"1814","shelter":"yes"}},
{"type":"Feature","geometry":{"type":"Point","coordinates":[18.5877393,54.4033095]},"properties":{"bench":"yes","bin":"yes","bus":"yes","highway":"bus_stop","name":"Krynicka 01","network":"ZTM Gdańsk","network:wikidata":"Q9387123","network:wikipedia":"pl:Zarząd Transportu Miejskiego w Gdańsku","public_transport":"platform","ref":"1470","ref:ztm":"1470","shelter":"yes","tactile_paving":"no","wheelchair":"yes"}},
{"type":"Feature","geometry":{"type":"Point","coordinates":[18.5879586,54.4036444]},"properties":{"bench":"yes","bin":"yes","bus":"yes","departures_board":"realtime","highway":"bus_stop","lit":"yes","name":"Krynicka 02","network":"ZTM Gdańsk","network:wikidata":"Q9387123","network:wikipedia":"pl:Zarząd Transportu Miejskiego w Gdańsku","operator":"ZTM Gdańsk","public_transport":"platform","ref":"1469","ref:ztm":"1469","shelter":"yes","tactile_paving":"no","wheelchair":"yes"}},
{"type":"Feature","geometry":{"type":"Point","coordinates":[18.5790872,54.3864344]},"properties":{"bench":"yes","bin":"yes","bus":"yes","highway":"bus_stop","lit":"yes","name":"Mjr Hubala","operator":"ZTM Gdańsk","public_transport":"platform","ref:ztm":"1823","shelter":"yes","tactile_paving":"no"}},
{"type":"Feature","geometry":{"type":"Point","coordinates":[18.577394,54.387379]},"properties":{"bench":"no","bin":"yes","bus":"yes","highway":"bus_stop","lit":"yes","name":"Mjr Hubala","operator":"ZTM Gdańsk","public_transport":"platform","ref:ztm":"1822","shelter":"no","tactile_paving":"no"}},
{"type":"Feature","geometry":{"type":"Point","coordinates":[18.5848639,54.3828595]},"properties":{"bench":"no","bin":"yes","bus":"yes","highway":"bus_stop","lit":"yes","name":"Reymonta","operator":"ZTM Gdańsk","public_transport":"platform","ref:ztm":"1824","shelter":"no","tactile_paving":"yes"}},
{"type":"Feature","geometry":{"type":"Point","coordinates":[18.5850889,54.382989]},"properties":{"bench":"no","bin":"yes","bus":"yes","highway":"bus_stop","lit":"yes","name":"Reymonta","operator":"ZTM Gdańsk","public_transport":"platform","ref:ztm":"1825","shelter":"no","tactile_paving":"no"}},
{"type":"Feature","geometry":{"type":"Point","coordinates":[18.5675362,54.3938185]},"properties":{"bench":"yes","bin":"no","bus":"yes","check_date:shelter":"2021-09-04","highway":"bus_stop","name":"Szpital Marynarki Wojennej","network":"ZTM Gdańsk","network:wikidata":"Q9387123","operator":"ZTM Gdańsk","public_transport":"platform","ref:ztm":"1816","shelter":"no","tactile_paving":"no"}},
{"type":"Feature","geometry":{"type":"Point","coordinates":[18.5873339,54.4089552]},"properties":{"bench":"yes","bin":"yes","bus":"yes","highway":"bus_stop","lit":"yes","name":"Bora Komorowskiego 04","network":"ZTM Gdańsk","network:wikidata":"Q9387123","network:wikipedia":"pl:Zarząd Transportu Miejskiego w Gdańsku","public_transport":"platform","ref:ztm":"1454","shelter":"yes","tactile_paving":"no","wheelchair":"yes"}},
{"type":"Feature","geometry":{"type":"Point","coordinates":[18.5876413,54.4114661]},"properties":{"bench":"yes","bin":"yes","bus":"yes","departures_board":"timetable","highway":"bus_stop","name":"Czerwony Dwór 04","network":"ZTM Gdańsk","network:wikidata":"Q9387123","network:wikipedia":"pl:Zarząd Transportu Miejskiego w Gdańsku","public_transport":"platform","ref":"1456","ref:ztm":"1456","shelter":"yes","tactile_paving":"yes"}},
{"type":"Feature","geometry":{"type":"Point","coordinates":[18.5889594,54.4123604]},"properties":{"bench":"yes","bin":"yes","bus":"yes","departures_board":"timetable","highway":"bus_stop","lit":"yes","name":"Czerwony Dwór 05","network":"ZTM Gdańsk","network:wikidata":"Q9387123","network:wikipedia":"pl:Zarząd Transportu Miejskiego w Gdańsku","public_transport":"platform","ref":"1455","ref:ztm":"1455","shelter":"yes","tactile_paving":"yes"}},
{"type":"Feature","geometry":{"type":"Point","coordinates":[18.5880756,54.4130064]},"properties":{"bench":"yes","bin":"yes","bus":"yes","departures_board":"timetable","highway":"bus_stop","lit":"yes","name":"Czerwony Dwór 03","network":"ZTM Gdańsk","network:wikidata":"Q9387123","network:wikipedia":"pl:Zarząd Transportu Miejskiego w Gdańsku","public_transport":"platform","ref":"1490","ref:ztm":"1490","shelter":"yes","tactile_paving":"yes"}},
{"type":"Feature","geometry":{"type":"Point","coordinates":[18.6054682,54.4085098]},"properties":{"bench":"yes","bin":"yes","bus":"yes","highway":"bus_stop","lit":"yes","name":"Biały Dwór 01","network":"ZTM Gdańsk","network:wikidata":"Q9387123","network:wikipedia":"pl:Zarząd Transportu Miejskiego w Gdańsku","operator":"ZTM Gdańsk","public_transport":"platform","ref":"1462","ref:ztm":"1462","shelter":"yes","tactile_paving":"no"}},
{"type":"Feature","geometry":{"type":"Point","coordinates":[18.6047952,54.4090914]},"properties":{"bench":"yes","bin":"yes","bus":"yes","highway":"bus_stop","lit":"yes","name":"Biały Dwór 02","network":"ZTM Gdańsk","network:wikidata":"Q9387123","network:wikipedia":"pl:Zarząd Transportu Miejskiego w Gdańsku","public_transport":"platform","ref":"1461","ref:ztm":"1461","shelter":"yes","tactile_paving":"no"}},
{"type":"Feature","geometry":{"type":"Point","coordinates":[18.5985817,54.4140635]},"properties":{"bench":"yes","bin":"yes","bus":"yes","check_date":"2024-06-01","highway":"bus_stop","lit":"yes","name":"Park Reagana 02","network":"ZTM Gdańsk","network:wikidata":"Q9387123","network:wikipedia":"pl:Zarząd Transportu Miejskiego w Gdańsku","public_transport":"platform","ref":"1459","ref:ztm":"1459","shelter":"yes","tactile_paving":"yes"}},
{"type":"Feature","geometry":{"type":"Point","coordinates":[18.5984757,54.4142099]},"properties":{"bench":"yes","bin":"yes","bus":"yes","check_date":"2024-06-01","highway":"bus_stop","lit":"yes","name":"Park Reagana 01","network":"ZTM Gdańsk","network:wikidata":"Q9387123","network:wikipedia":"pl:Zarząd Transportu Miejskiego w Gdańsku","public_transport":"platform","ref":"1460","ref:ztm":"1460","shelter":"yes","tactile_paving":"yes"}},
{"type":"Feature","geometry":{"type":"Point","coordinates":[18.5917375,54.4130645]},"properties":{"bench":"yes","bus":"yes","highway":"bus_stop","name":"Jagiellońska 01","network":"ZTM Gdańsk","network:wikidata":"Q9387123","network:wikipedia":"pl:Zarząd Transportu Miejskiego w Gdańsku","public_transport":"platform","ref":"1458","ref:ztm":"1458","shelter":"yes","tactile_paving":"yes"}},
{"type":"Feature","geometry":{"type":"Point","coordinates":[18.5932,54.4131027]},"properties":{"bench":"yes","bus":"yes","highway":"bus_stop","name":"Jagiellońska 02","network":"ZTM Gdańsk","network:wikidata":"Q9387123","network:wikipedia":"pl:Zarząd Transportu Miejskiego w Gdańsku","public_transport":"platform","ref":"1457","ref:ztm":"1457","shelter":"yes","tactile_paving":"yes"}},
{"type":"Feature","geometry":{"type":"Point","coordinates":[18.5867645,54.4151186]},"properties":{"bench":"yes","bus":"yes","departures_board":"timetable","highway":"bus_stop","name":"Piastowska 06","network":"ZTM Gdańsk","network:wikidata":"Q9387123","network:wikipedia":"pl:Zarząd Transportu Miejskiego w Gdańsku","public_transport":"platform","ref:ztm":"1489","shelter":"yes"}},
{"type":"Feature","geometry":{"type":"Point","coordinates":[18.6034196,54.4102511]},"properties":{"bench":"yes","bin":"yes","bus":"yes","departures_board":"yes","highway":"bus_stop","name":"Przymorze Wielkie","network":"ZTM Gdańsk","network:wikidata":"Q9387123","network:wikipedia":"pl:Zarząd Transportu Miejskiego w Gdańsku","public_transport":"platform","ref":"1475","ref:ztm":"1475","shelter":"yes","tactile_paving":"yes"}},
{"type":"Feature","geometry":{"type":"Point","coordinates":[18.6032197,54.4105453]},"properties":{"bench":"yes","bin":"yes","bus":"yes","departures_board":"yes","highway":"bus_stop","name":"Przymorze Wielkie","network":"ZTM Gdańsk","network:wikidata":"Q9387123","network:wikipedia":"pl:Zarząd Transportu Miejskiego w Gdańsku","public_transport":"platform","ref":"1474","ref:ztm":"1474","shelter":"yes","tactile_paving":"yes"}},
{"type":"Feature","geometry":{"type":"Point","coordinates":[18.5740771,54.4116613]},"properties":{"bench":"yes","bin":"no","bus":"yes","highway":"bus_stop","name":"Oliwa PKP 03","network":"ZTM Gdańsk","network:wikidata":"Q9387123","network:wikipedia":"pl:Zarząd Transportu Miejskiego w Gdańsku","public_transport":"platform","ref":"119","ref:ztm":"119","shelter":"no"}},
{"type":"Feature","geometry":{"type":"Point","coordinates":[18.574183,54.4014472]},"properties":{"bench":"yes","bin":"yes","bus":"yes","highway":"bus_stop","lit":"yes","name":"Hala \"Olivia\" 01","network":"ZTM Gdańsk","network:wikidata":"Q9387123","network:wikipedia":"pl:Zarząd Transportu Miejskiego w Gdańsku","public_transport":"platform","ref":"1840","ref:ztm":"1840","route_ref":"Flixbus 1200, 1210, 1380, 1381, N1210, N1380, N1390, N1395","shelter":"yes","tactile_paving":"no"}},
{"type":"Feature","geometry":{"type":"Point","coordinates":[18.5731161,54.4019101]},"properties":{"bench":"no","bin":"yes","bus":"yes","highway":"bus_stop","lit":"no","name":"Hala \"Olivia\" 02","network":"ZTM Gdańsk","network:wikidata":"Q9387123","network:wikipedia":"pl:Zarząd Transportu Miejskiego w Gdańsku","public_transport":"platform","ref":"1841","ref:ztm":"1841","route_ref":"Flixbus 1200, 1210, 1380, N1210, N1380, N1395","shelter":"no","tactile_paving":"no"}},
{"type":"Feature","geometry":{"type":"Point","coordinates":[18.6015351,54.4215318]},"properties":{"bench":"yes","bus":"yes","highway":"bus_stop","name":"Jelitkowo Kapliczna 02","operator":"ZTM Gdańsk","public_transport":"platform","ref:ztm":"1554","shelter":"yes"}},
{"type":"Feature","geometry":{"type":"Point","coordinates":[18.5406334,54.4477994]},"properties":{"bus":"yes","highway":"bus_stop","name":"Sopot Przylesie","public_transport":"platform"}},
{"type":"Feature","geometry":{"type":"Point","coordinates":[18.5944067,54.2802434]},"properties":{"bus":"yes","highway":"bus_stop","name":"Straszyn, Objazdowa","public_transport":"platform"}},
{"type":"Feature","geometry":{"type":"Point","coordinates":[18.6555549,54.3418009]},"properties":{"bench":"yes","bus":"yes","highway":"bus_stop","name":"Kamienna Grobla 01","network":"ZTM Gdańsk","network:wikidata":"Q9387123","operator":"ZTM Gdańsk","public_transport":"platform","ref:ztm":"1664","shelter":"yes"}},
{"type":"Feature","geometry":{"type":"Point","coordinates":[18.6480444,54.3405341]},"properties":{"bench":"no","bus":"yes","highway":"bus_stop","name":"Brama Nizinna","network":"ZTM Gdańsk","network:wikidata":"Q9387123","network:wikipedia":"pl:Zarząd Transportu Miejskiego w Gdańsku","operator":"ZTM Gdańsk","public_transport":"platform","ref:ztm":"1196","shelter":"no"}},
{"type":"Feature","geometry":{"type":"Point","coordinates":[18.6483116,54.3409756]},"properties":{"bench":"no","bus":"yes","highway":"bus_stop","name":"Brama Nizinna","operator":"ZTM Gdańsk","public_transport":"platform","ref:ztm":"1197","shelter":"no"}},
{"type":"Feature","geometry":{"type":"Point","coordinates":[18.6460663,54.3429129]},"properties":{"bench":"yes","bin":"yes","bus":"yes","departures_board":"yes","highway":"bus_stop","lit":"yes","name":"Urząd Wojewódzki / Marszałkowski","network":"ZTM Gdańsk","network:wikidata":"Q9387123","network:wikipedia":"pl:Zarząd Transportu Miejskiego w Gdańsku","operator":"ZTM Gdańsk","public_transport":"platform","ref:ztm":"1194","shelter":"yes","tactile_paving":"yes"}},
{"type":"Feature","geometry":{"type":"Point","coordinates":[18.5968864,54.3821948]},"properties":{"bench":"yes","bin":"yes","bus":"yes","highway":"bus_stop","lit":"yes","name":"Galeria Bałtycka 06","network":"ZTM Gdańsk","network:wikidata":"Q9387123","network:wikipedia":"pl:Zarząd Transportu Miejskiego w Gdańsku","public_transport":"platform","ref":"1383","ref:ztm":"1383","shelter":"yes","tactile_paving":"yes"}},
{"type":"Feature","geometry":{"type":"Point","coordinates":[18.5974351,54.3833385]},"properties":{"bench":"yes","bin":"yes","bus":"yes","departures_board":"realtime","highway":"bus_stop","lit":"yes","name":"Galeria Bałtycka 03","network":"ZTM Gdańsk","network:wikidata":"Q9387123","network:wikipedia":"pl:Zarząd Transportu Miejskiego w Gdańsku","operator":"Gdański Zarząd Dróg i Zieleni","public_transport":"platform","ref":"1636","ref:ztm":"1636","shelter":"yes","tactile_paving":"yes"}},
{"type":"Feature","geometry":{"type":"Point","coordinates":[18.5877636,54.3792049]},"properties":{"bench":"yes","bin":"yes","bus":"yes","highway":"bus_stop","lit":"yes","name":"Zabytkowa 02","operator":"ZTM Gdańsk","public_transport":"platform","ref:ztm":"1923","shelter":"yes","tactile_paving":"yes"}},
{"type":"Feature","geometry":{"type":"Point","coordinates":[18.5992408,54.3814382]},"properties":{"bench":"yes","bin":"no","bus":"yes","highway":"bus_stop","lit":"no","name":"Galeria Bałtycka 04","network":"ZTM Gdańsk","network:wikidata":"Q9387123","network:wikipedia":"pl:Zarząd Transportu Miejskiego w Gdańsku","public_transport":"platform","ref":"1631","ref:ztm":"1631","shelter":"yes","tactile_paving":"yes"}},
{"type":"Feature","geometry":{"type":"Point","coordinates":[18.5726327,54.3774453]},"properties":{"bench":"yes","bin":"yes","bus":"yes","highway":"bus_stop","lit":"yes","name":"Niedźwiednik PKM 02","network":"ZTM Gdańsk","network:wikidata":"Q9387123","operator":"ZTM Gdańsk","public_transport":"platform","ref:ztm":"1389","shelter":"yes","tactile_paving":"yes"}},
{"type":"Feature","geometry":{"type":"Point","coordinates":[18.5709517,54.3694931]},"properties":{"bench":"no","bin":"yes","bus":"yes","highway":"bus_stop","name":"Ogrodowa 02","operator":"ZTM Gdańsk","public_transport":"platform","ref:ztm":"1433","shelter":"no","tactile_paving":"no"}},
{"type":"Feature","geometry":{"type":"Point","coordinates":[18.5703403,54.3714014]},"properties":{"bench":"yes","bin":"yes","bus":"yes","highway":"bus_stop","lit":"yes","name":"Ogrodowa 01","operator":"ZTM Gdańsk","public_transport":"platform","ref:ztm":"1434","shelter":"yes","tactile_paving":"yes"}},
{"type":"Feature","geometry":{"type":"Point","coordinates":[18.5680845,54.373562]},"properties":{"bench":"yes","bin":"yes","bus":"yes","highway":"bus_stop","lit":"yes","name":"Potokowa 04","network":"ZTM Gdańsk","network:wikidata":"Q9387123","operator":"ZTM Gdańsk","public_transport":"platform","ref:ztm":"1431","shelter":"yes","tactile_paving":"no"}},
{"type":"Feature","geometry":{"type":"Point","coordinates":[18.5667367,54.3745162]},"properties":{"bench":"yes","bus":"yes","highway":"bus_stop","name":"Potokowa 03","network":"ZTM Gdańsk","network:wikidata":"Q9387123","operator":"ZTM Gdańsk","public_transport":"platform","ref:ztm":"1393","shelter":"yes"}},
{"type":"Feature","geometry":{"type":"Point","coordinates":[18.5809158,54.3779613]},"properties":{"bench":"yes","bin":"yes","bus":"yes","highway":"bus_stop","lit":"yes","name":"Cmentarz Srebrzysko 01","operator":"ZTM Gdańsk","public_transport":"platform","ref:ztm":"1924","shelter":"yes","tactile_paving":"yes"}},
{"type":"Feature","geometry":{"type":"Point","coordinates":[18.579061,54.3781588]},"properties":{"bench":"yes","bin":"yes","bus":"yes","highway":"bus_stop","lit":"yes","name":"Cmentarz Srebrzysko 02","operator":"ZTM Gdańsk","public_transport":"platform","ref:ztm":"1925","shelter":"yes","tactile_paving":"yes"}},
{"type":"Feature","geometry":{"type":"Point","coordinates":[18.5746375,54.3779597]},"properties":{"bench":"yes","bus":"yes","highway":"bus_stop","name":"Niedźwiednik PKM 03","public_transport":"platform","ref:ztm":"1388","shelter":"yes"}},
{"type":"Feature","geometry":{"type":"Point","coordinates":[18.572399,54.3647341]},"properties":{"bench":"yes","bin":"yes","bus":"yes","check_date:shelter":"2021-08-29","highway":"bus_stop","lit":"yes","name":"Brętowo PKM 04","name:de":"Brentau S-Bahn","name:pl":"Brętowo PKM","operator":"ZTM Gdańsk","public_transport":"platform","ref:ztm":"1379","shelter":"yes","tactile_paving":"no"}},
{"type":"Feature","geometry":{"type":"Point","coordinates":[18.573686,54.3641212]},"properties":{"bench":"yes","bin":"yes","bus":"yes","check_date:shelter":"2023-08-15","highway":"bus_stop","lit":"yes","name":"Brętowo PKM 03","name:de":"Brentau S-Bahn","name:pl":"Brętowo PKM","operator":"ZTM Gdańsk","public_transport":"platform","ref:ztm":"1378","shelter":"yes","tactile_paving":"yes"}},
{"type":"Feature","geometry":{"type":"Point","coordinates":[18.4143707,54.3254414]},"properties":{"bus":"yes","highway":"bus_stop","name":"Stara Piła","public_transport":"platform","ref:ztm":"790","shelter":"yes"}},
{"type":"Feature","geometry":{"type":"Point","coordinates":[18.6627609,54.3433317]},"properties":{"bench":"no","bin":"yes","bus":"yes","highway":"bus_stop","lit":"yes","name":"Chłodna 02","network":"ZTM Gdańsk","network:wikidata":"Q9387123","operator":"ZTM Gdańsk","public_transport":"platform","ref:ztm":"1036","shelter":"no","tactile_paving":"no"}},
{"type":"Feature","geometry":{"type":"Point","coordinates":[18.6552585,54.341202]},"properties":{"bench":"no","bin":"no","bus":"yes","departures_board":"timetable","highway":"bus_stop","lit":"yes","name":"Dobra 01","network":"ZTM Gdańsk","network:wikidata":"Q9387123","operator":"ZTM Gdańsk","public_transport":"platform","ref:ztm":"1682","shelter":"no","tactile_paving":"yes"}},
{"type":"Feature","geometry":{"type":"Point","coordinates":[18.6579711,54.3405791]},"properties":{"bench":"yes","bus":"yes","highway":"bus_stop","name":"Wróbla 01","network":"ZTM Gdańsk","network:wikidata":"Q9387123","operator":"ZTM Gdańsk","public_transport":"platform","ref:ztm":"1193","shelter":"yes"}},
{"type":"Feature","geometry":{"type":"Point","coordinates":[18.658883,54.3433473]},"properties":{"bench":"no","bus":"yes","covered":"no","highway":"bus_stop","name":"Dolna 01","network":"ZTM Gdańsk","network:wikidata":"Q9387123","operator":"ZTM Gdańsk","public_transport":"platform","ref:ztm":"1192","shelter":"no"}},
{"type":"Feature","geometry":{"type":"Point","coordinates":[18.6649184,54.3445264]},"properties":{"bench":"yes","bin":"yes","bus":"yes","covered":"no","highway":"bus_stop","name":"Akademia Muzyczna 04","public_transport":"platform","ref:ztm":"1661","shelter":"yes"}},
{"type":"Feature","geometry":{"type":"Point","coordinates":[18.664552,54.344901]},"properties":{"bench":"yes","bus":"yes","covered":"no","highway":"bus_stop","lit":"yes","name":"Akademia Muzyczna 03","public_transport":"platform","ref:ztm":"1662","shelter":"yes"}},
{"type":"Feature","geometry":{"type":"Point","coordinates":[18.6696384,54.3474234]},"properties":{"bench":"yes","bin":"yes","bus":"yes","highway":"bus_stop","name":"Brama Żuławska","public_transport":"platform","ref:ztm":"1099","shelter":"yes","tactile_paving":"no"}},
{"type":"Feature","geometry":{"type":"Point","coordinates":[18.6687737,54.3475021]},"properties":{"bench":"yes","bin":"yes","bus":"yes","highway":"bus_stop","name":"Brama Żuławska","public_transport":"platform","ref:ztm":"1042","shelter":"yes"}},
{"type":"Feature","geometry":{"type":"Point","coordinates":[18.6702266,54.3491443]},"properties":{"bench":"yes","bus":"yes","covered":"no","highway":"bus_stop","name":"Elbląska","public_transport":"platform","shelter":"yes"}},
{"type":"Feature","geometry":{"type":"Point","coordinates":[18.587263,54.3564518]},"properties":{"bench":"yes","bus":"yes","covered":"no","highway":"bus_stop","name":"Belgradzka 03","public_transport":"platform","ref:ztm":"1726","shelter":"yes"}},
{"type":"Feature","geometry":{"type":"Point","coordinates":[18.4514803,54.4121639]},"properties":{"bench":"yes","bus":"yes","highway":"bus_stop","name":"Osiedle Barniewice","operator":"ZTM Gdańsk","public_transport":"platform","ref:ztm":"174","shelter":"yes"}},
{"type":"Feature","geometry":{"type":"Point","coordinates":[18.4465921,54.4146221]},"properties":{"bench":"no","bus":"yes","highway":"bus_stop","name":"Saturna 02","operator":"ZTM Gdańsk","public_transport":"platform","ref:ztm":"1781","shelter":"no"}},
{"type":"Feature","geometry":{"type":"Point","coordinates":[18.4469449,54.4149345]},"properties":{"bus":"yes","highway":"bus_stop","name":"Saturna 01","operator":"ZTM Gdańsk","public_transport":"platform","ref:ztm":"1782"}},
{"type":"Feature","geometry":{"type":"Point","coordinates":[18.6001238,54.3931316]},"properties":{"bench":"yes","bin":"yes","bus":"yes","highway":"bus_stop","lit":"no","name":"Dywizjonu 303 01","operator":"ZTM Gdańsk","public_transport":"platform","ref:ztm":"1482","shelter":"yes","tactile_paving":"no","wheelchair":"yes"}},
{"type":"Feature","geometry":{"type":"Point","coordinates":[18.598273,54.3923411]},"properties":{"bench":"yes","bin":"yes","bus":"yes","highway":"bus_stop","lit":"yes","name":"Pilotów 01","operator":"ZTM Gdańsk","public_transport":"platform","ref:ztm":"1485","shelter":"yes","tactile_paving":"no"}},
{"type":"Feature","geometry":{"type":"Point","coordinates":[18.4622929,54.3737385]},"properties":{"bench":"yes","bus":"yes","highway":"bus_stop","name":"Bysewo 01","network":"ZTM Gdańsk","network:wikidata":"Q9387123","operator":"ZTM Gdańsk","public_transport":"platform","ref":"01","ref:ztm":"1658","shelter":"yes"}},
{"type":"Feature","geometry":{"type":"Point","coordinates":[18.4626293,54.37396]},"properties":{"bench":"no","bus":"yes","highway":"bus_stop","name":"Bysewo 02","network":"ZTM Gdańsk","network:wikidata":"Q9387123","operator":"ZTM Gdańsk","public_transport":"platform","ref":"02","ref:ztm":"1659","shelter":"no"}},
{"type":"Feature","geometry":{"type":"Point","coordinates":[18.4622136,54.3691312]},"properties":{"bench":"yes","bus":"yes","highway":"bus_stop","name":"Schronisko dla zwierząt \"Promyk\" 01","network":"ZTM Gdańsk","network:wikidata":"Q9387123","operator":"ZTM Gdańsk","public_transport":"platform","ref:ztm":"1300","shelter":"yes"}},
{"type":"Feature","geometry":{"type":"Point","coordinates":[18.4617732,54.3694924]},"properties":{"bench":"no","bus":"yes","highway":"bus_stop","name":"Schronisko dla zwierząt \"Promyk\" 02","network":"ZTM Gdańsk","network:wikidata":"Q9387123","operator":"ZTM Gdańsk","public_transport":"platform","ref:ztm":"1303","shelter":"no"}},
{"type":"Feature","geometry":{"type":"Point","coordinates":[18.4697212,54.3655706]},"properties":{"bench":"yes","bus":"yes","highway":"bus_stop","name":"Centrostal 02","operator":"ZTM Gdańsk","public_transport":"platform","ref:ztm":"1299","shelter":"yes"}},
{"type":"Feature","geometry":{"type":"Point","coordinates":[18.4676485,54.3663336]},"properties":{"bench":"yes","bus":"yes","highway":"bus_stop","name":"Centrostal 01","operator":"ZTM Gdańsk","public_transport":"platform","ref:ztm":"1298","shelter":"yes"}},
{"type":"Feature","geometry":{"type":"Point","coordinates":[18.4666323,54.3670934]},"properties":{"bench":"no","bus":"yes","highway":"bus_stop","name":"Instal 02","operator":"ZTM Gdańsk","public_transport":"platform","ref:ztm":"1301","shelter":"no"}},
{"type":"Feature","geometry":{"type":"Point","coordinates":[18.4723959,54.3639751]},"properties":{"bench":"yes","bus":"yes","highway":"bus_stop","name":"Unimor 01","operator":"ZTM Gdańsk","public_transport":"platform","ref:ztm":"1296","shelter":"yes"}},
{"type":"Feature","geometry":{"type":"Point","coordinates":[18.4722753,54.3642452]},"properties":{"bench":"no","bus":"yes","highway":"bus_stop","name":"Unimor 02","operator":"ZTM Gdańsk","public_transport":"platform","ref:ztm":"1297","shelter":"no"}},
{"type":"Feature","geometry":{"type":"Point","coordinates":[18.4847063,54.4113654]},"properties":{"bench":"no","bus":"yes","highway":"bus_stop","name":"Meteorytowa 01","public_transport":"platform","ref:ztm":"1904","shelter":"yes","tactile_paving":"no"}},
{"type":"Feature","geometry":{"type":"Point","coordinates":[18.4849539,54.411283]},"properties":{"bench":"no","bus":"yes","highway":"bus_stop","name":"Meteorytowa 02","public_transport":"platform","ref:ztm":"1903","shelter":"no","tactile_paving":"no"}},
{"type":"Feature","geometry":{"type":"Point","coordinates":[18.5108712,54.3386534]},"properties":{"bench":"yes","bus":"yes","highway":"bus_stop","name":"Lipuska 01","network":"ZTM Gdańsk","network:wikidata":"Q9387123","network:wikipedia":"pl:Zarząd Transportu Miejskiego w Gdańsku","operator":"ZTM Gdańsk","public_transport":"platform","ref":"146","ref:ztm":"146","shelter":"yes"}},
{"type":"Feature","geometry":{"type":"Point","coordinates":[18.5835335,54.392659]},"properties":{"bench":"yes","bin":"yes","bus":"yes","check_date:shelter":"2021-08-01","highway":"bus_stop","lit":"yes","name":"Abrahama 01","network":"ZTM Gdańsk","network:wikidata":"Q9387123","network:wikipedia":"pl:Zarząd Transportu Miejskiego w Gdańsku","public_transport":"platform","ref":"1794","ref:ztm":"1794","shelter":"yes","tactile_paving":"no"}},
{"type":"Feature","geometry":{"type":"Point","coordinates":[18.6701344,54.3764734]},"properties":{"bench":"yes","bus":"yes","highway":"bus_stop","name":"Kujawska 02","operator":"ZTM Gdańsk","public_transport":"platform","ref:ztm":"1098","shelter":"yes"}},
{"type":"Feature","geometry":{"type":"Point","coordinates":[18.6162927,54.3758698]},"properties":{"bench":"yes","bin":"yes","bus":"yes","highway":"bus_stop","lit":"yes","name":"Teatr Miniatura / Radio Gdańsk 03","operator":"ZTM Gdańsk","public_transport":"platform","ref:ztm":"1596","shelter":"yes","tactile_paving":"no"}},
{"type":"Feature","geometry":{"type":"Point","coordinates":[18.6270746,54.3383175]},"properties":{"bench":"yes","bin":"yes","bus":"yes","departures_board":"timetable","highway":"bus_stop","lit":"no","name":"Chełm Cienista 01","network":"ZTM Gdańsk","network:wikidata":"Q9387123","network:wikipedia":"pl:Zarząd Transportu Miejskiego w Gdańsku","operator":"ZTM Gdańsk","public_transport":"platform","ref:ztm":"130","shelter":"yes","tactile_paving":"yes"}},
{"type":"Feature","geometry":{"type":"Point","coordinates":[18.594293,54.4088449]},"properties":{"bench":"yes","bin":"yes","bus":"yes","covered":"no","departures_board":"timetable","highway":"bus_stop","lit":"yes","name":"Obrońców Wybrzeża","network":"ZTM Gdańsk","network:wikidata":"Q9387123","network:wikipedia":"pl:Zarząd Transportu Miejskiego w Gdańsku","public_transport":"platform","ref":"1472","shelter":"yes","tactile_paving":"yes","wheelchair":"yes"}},
{"type":"Feature","geometry":{"type":"Point","coordinates":[18.5974093,54.4091368]},"properties":{"bench":"yes","bin":"yes","bus":"yes","departures_board":"timetable","highway":"bus_stop","lit":"yes","name":"Obrońców Wybrzeża 02","network":"ZTM Gdańsk","network:wikidata":"Q9387123","network:wikipedia":"pl:Zarząd Transportu Miejskiego w Gdańsku","public_transport":"platform","ref:ztm":"1473","shelter":"yes","tactile_paving":"yes"}},
{"type":"Feature","geometry":{"type":"Point","coordinates":[18.4949305,54.3530696]},"properties":{"bench":"yes","bin":"yes","bus":"yes","departures_board":"realtime","highway":"bus_stop","lit":"yes","name":"Fabryczna","network":"ZTM Gdańsk","network:wikidata":"Q9387123","operator":"ZTM Gdańsk","public_transport":"platform","ref":"01","ref:ztm":"1286","shelter":"yes","tactile_paving":"yes"}},
{"type":"Feature","geometry":{"type":"Point","coordinates":[18.6195867,54.366252]},"properties":{"bench":"yes","bin":"yes","bus":"yes","covered":"no","highway":"bus_stop","lit":"yes","name":"Centrum Medycyny Inwazyjnej 01","operator":"ZTM Gdańsk","public_transport":"platform","ref:ztm":"1920","shelter":"yes","tactile_paving":"no"}},
{"type":"Feature","geometry":{"type":"Point","coordinates":[18.6191458,54.3662318]},"properties":{"bench":"yes","bin":"yes","bus":"yes","covered":"no","highway":"bus_stop","lit":"yes","name":"Centrum Medycyny Inwazyjnej 02","operator":"ZTM Gdańsk","public_transport":"platform","ref:ztm":"1921","shelter":"no","tactile_paving":"no"}},
{"type":"Feature","geometry":{"type":"Point","coordinates":[18.6267098,54.3666719]},"properties":{"bench":"yes","bin":"yes","bus":"yes","highway":"bus_stop","lit":"yes","name":"Uniwersyteckie Centrum Kliniczne 02","operator":"ZTM Gdańsk","public_transport":"platform","ref:ztm":"1915","shelter":"no","tactile_paving":"no"}},
{"type":"Feature","geometry":{"type":"Point","coordinates":[18.5763727,54.3394661]},"properties":{"bench":"yes","bus":"yes","highway":"bus_stop","name":"Lipowa","operator":"ZTM Gdańsk","public_transport":"platform","ref:ztm":"1272","shelter":"yes"}},
{"type":"Feature","geometry":{"type":"Point","coordinates":[18.5765004,54.3399888]},"properties":{"bench":"yes","bus":"yes","highway":"bus_stop","name":"Lipowa","operator":"ZTM Gdańsk","public_transport":"platform","ref:ztm":"1273","shelter":"yes"}},
{"type":"Feature","geometry":{"type":"Point","coordinates":[18.5811039,54.3438049]},"properties":{"bench":"no","bus":"yes","check_date:shelter":"2021-02-11","highway":"bus_stop","name":"Myśliwska","operator":"ZTM Gdańsk","public_transport":"platform","ref:ztm":"1271","shelter":"no"}},
{"type":"Feature","geometry":{"type":"Point","coordinates":[18.5819639,54.3441432]},"properties":{"bench":"yes","bus":"yes","check_date:shelter":"2021-02-11","highway":"bus_stop","name":"Myśliwska","operator":"ZTM Gdańsk","public_transport":"platform","ref:ztm":"1270","shelter":"yes"}},
{"type":"Feature","geometry":{"type":"Point","coordinates":[18.5906561,54.3450165]},"properties":{"bench":"no","bus":"yes","highway":"bus_stop","name":"Pagórkowa","operator":"ZTM Gdańsk","public_transport":"platform","ref:ztm":"1269","shelter":"no"}},
{"type":"Feature","geometry":{"type":"Point","coordinates":[18.591468,54.3450482]},"properties":{"bench":"yes","bus":"yes","highway":"bus_stop","name":"Pagórkowa","operator":"ZTM Gdańsk","public_transport":"platform","ref:ztm":"1268","shelter":"yes"}},
{"type":"Feature","geometry":{"type":"Point","coordinates":[18.5960771,54.34559]},"properties":{"bench":"yes","bus":"yes","highway":"bus_stop","name":"Zielony Stok","operator":"ZTM Gdańsk","public_transport":"platform","ref:ztm":"1266","shelter":"yes"}},
{"type":"Feature","geometry":{"type":"Point","coordinates":[18.5982231,54.346066]},"properties":{"bench":"no","bus":"yes","highway":"bus_stop","name":"Zielony Stok","operator":"ZTM Gdańsk","public_transport":"platform","ref:ztm":"1267","shelter":"no"}},
{"type":"Feature","geometry":{"type":"Point","coordinates":[18.5535829,54.3420133]},"properties":{"bench":"yes","bin":"yes","bus":"yes","highway":"bus_stop","lit":"yes","name":"Źródlana 02","network":"ZTM Gdańsk","network:wikidata":"Q9387123","operator":"ZTM Gdańsk","public_transport":"platform","ref":"1277","ref:ztm":"1277","shelter":"yes","tactile_paving":"no"}},
{"type":"Feature","geometry":{"type":"Point","coordinates":[18.615813,54.333987]},"properties":{"bench":"yes","bin":"yes","bus":"yes","highway":"bus_stop","name":"Chełm - Więckowskiego 01","network":"ZTM Gdańsk","network:wikidata":"Q9387123","network:wikipedia":"pl:Zarząd Transportu Miejskiego w Gdańsku","public_transport":"platform","ref":"167","ref:ztm":"167","shelter":"yes"}},
{"type":"Feature","geometry":{"type":"Point","coordinates":[18.6130103,54.3372943]},"properties":{"bench":"yes","bin":"yes","bus":"yes","highway":"bus_stop","name":"Kopeckiego 01","network":"ZTM Gdańsk","network:wikidata":"Q9387123","network:wikipedia":"pl:Zarząd Transportu Miejskiego w Gdańsku","public_transport":"platform","ref":"1704","ref:ztm":"1704","shelter":"yes"}},
{"type":"Feature","geometry":{"type":"Point","coordinates":[18.609767,54.3384203]},"properties":{"bench":"yes","bin":"yes","bus":"yes","highway":"bus_stop","name":"Cieszyńskiego 04","network":"ZTM Gdańsk","network:wikidata":"Q9387123","network:wikipedia":"pl:Zarząd Transportu Miejskiego w Gdańsku","public_transport":"platform","ref":"1717","ref:ztm":"1717","shelter":"yes"}},
{"type":"Feature","geometry":{"type":"Point","coordinates":[18.6098115,54.338263]},"properties":{"bench":"yes","bin":"yes","bus":"yes","highway":"bus_stop","lit":"yes","name":"Cieszyńskiego 03","network":"ZTM Gdańsk","network:wikidata":"Q9387123","network:wikipedia":"pl:Zarząd Transportu Miejskiego w Gdańsku","public_transport":"platform","ref":"1246","ref:ztm":"1246","shelter":"yes","tactile_paving":"yes"}},
{"type":"Feature","geometry":{"type":"Point","coordinates":[18.5048854,54.3214046]},"properties":{"bin":"yes","bus":"yes","departures_board":"timetable","highway":"bus_stop","name":"Otomin Słoneczna Pętla 01","public_transport":"platform","shelter":"yes"}},
{"type":"Feature","geometry":{"type":"Point","coordinates":[18.5500338,54.3532473]},"properties":{"bench":"yes","bin":"yes","bus":"yes","check_date:shelter":"2025-05-13","departures_board":"timetable","highway":"bus_stop","lit":"yes","name":"Jasień PKM 01","network":"ZTM Gdańsk","network:wikidata":"Q9387123","network:wikipedia":"pl:Zarząd Transportu Miejskiego w Gdańsku","operator":"ZTM Gdańsk","public_transport":"platform","ref:ztm":"185","shelter":"yes","tactile_paving":"no"}},
{"type":"Feature","geometry":{"type":"Point","coordinates":[18.5497236,54.3497565]},"properties":{"bench":"yes","bin":"yes","bus":"yes","highway":"bus_stop","lit":"yes","name":"Jasieńska","network":"ZTM Gdańsk","network:wikidata":"Q9387123","network:wikipedia":"pl:Zarząd Transportu Miejskiego w Gdańsku","operator":"ZTM Gdańsk","public_transport":"platform","ref:ztm":"1871","shelter":"yes","tactile_paving":"yes"}},
{"type":"Feature","geometry":{"type":"Point","coordinates":[18.47956,54.3639434]},"properties":{"bench":"yes","bus":"yes","highway":"bus_stop","name":"Kokoszki - Poczta 02","old_name":"G.K.B.D.","public_transport":"platform","ref:ztm":"1293","shelter":"yes"}},
{"type":"Feature","geometry":{"type":"Point","coordinates":[18.481126,54.3638579]},"properties":{"bench":"yes","bus":"yes","highway":"bus_stop","name":"Kokoszki - Poczta 01","old_name":"G.K.B.D.","operator":"ZTM Gdańsk","public_transport":"platform","ref:ztm":"1292","shelter":"yes"}},
{"type":"Feature","geometry":{"type":"Point","coordinates":[18.4903645,54.3650723]},"properties":{"bench":"yes","bus":"yes","highway":"bus_stop","name":"Nowatorów 02","network":"ZTM Gdańsk","network:wikidata":"Q9387123","operator":"ZTM Gdańsk","public_transport":"platform","ref":"02","ref:ztm":"1291","shelter":"yes"}},
{"type":"Feature","geometry":{"type":"Point","coordinates":[18.4905885,54.3656595]},"properties":{"bench":"yes","bus":"yes","highway":"bus_stop","name":"Nowatorów 04","network":"ZTM Gdańsk","network:wikidata":"Q9387123","operator":"ZTM Gdańsk","public_transport":"platform","ref":"04","ref:ztm":"1413","shelter":"yes"}},
{"type":"Feature","geometry":{"type":"Point","coordinates":[18.5044503,54.3708113]},"properties":{"bench":"yes","bin":"yes","bus":"yes","highway":"bus_stop","lit":"no","name":"Sąsiedzka 01","operator":"ZTM Gdańsk","public_transport":"platform","ref:ztm":"1844","shelter":"yes","tactile_paving":"yes"}},
{"type":"Feature","geometry":{"type":"Point","coordinates":[18.4628057,54.3754383]},"properties":{"bench":"yes","bin":"no","bus":"yes","highway":"bus_stop","name":"Bysewo 04","network":"ZTM Gdańsk","network:wikidata":"Q9387123","operator":"ZTM Gdańsk","public_transport":"platform","ref":"04","ref:ztm":"1419","shelter":"no"}},
{"type":"Feature","geometry":{"type":"Point","coordinates":[18.4733044,54.3728189]},"properties":{"bench":"no","bin":"yes","bus":"yes","highway":"bus_stop","name":"Kosmonautów","network":"ZTM Gdańsk","network:wikidata":"Q9387123","operator":"ZTM Gdańsk","public_transport":"platform","ref:ztm":"1417","shelter":"no"}},
{"type":"Feature","geometry":{"type":"Point","coordinates":[18.4679627,54.3742192]},"properties":{"bench":"broken","bin":"yes","bus":"yes","highway":"bus_stop","name":"Ogrody Działkowe \"Rębiechowo\" III","network":"ZTM Gdańsk","network:wikidata":"Q9387123","operator":"ZTM Gdańsk","public_transport":"platform","ref:ztm":"1751","shelter":"no"}},
{"type":"Feature","geometry":{"type":"Point","coordinates":[18.481214,54.3700952]},"properties":{"bench":"no","bin":"yes","bus":"yes","highway":"bus_stop","lit":"yes","name":"Rakietowa","network":"ZTM Gdańsk","network:wikidata":"Q9387123","operator":"ZTM Gdańsk","public_transport":"platform","ref:ztm":"1415","shelter":"no","tactile_paving":"yes"}},
{"type":"Feature","geometry":{"type":"Point","coordinates":[18.4879431,54.3669688]},"properties":{"bench":"no","bus":"yes","highway":"bus_stop","name":"Zbieżna","network":"ZTM Gdańsk","network:wikidata":"Q9387123","operator":"ZTM Gdańsk","public_transport":"platform","ref":"1909","ref:ztm":"1909","shelter":"no"}},
{"type":"Feature","geometry":{"type":"Point","coordinates":[18.4639903,54.3749788]},"properties":{"bench":"yes","bin":"yes","bus":"yes","highway":"bus_stop","name":"Bysewo 03","network":"ZTM Gdańsk","network:wikidata":"Q9387123","operator":"ZTM Gdańsk","public_transport":"platform","ref":"03","ref:ztm":"1420","shelter":"yes"}},
{"type":"Feature","geometry":{"type":"Point","coordinates":[18.474694,54.3722504]},"properties":{"bench":"yes","bin":"yes","bus":"yes","highway":"bus_stop","name":"Kosmonautów","network":"ZTM Gdańsk","network:wikidata":"Q9387123","operator":"ZTM Gdańsk","public_transport":"platform","ref:ztm":"1418","shelter":"yes"}},
{"type":"Feature","geometry":{"type":"Point","coordinates":[18.4548998,54.3771633]},"properties":{"bench":"yes","bus":"yes","highway":"bus_stop","name":"Ogrody Działkowe \"Rębiechowo\" II","network":"ZTM Gdańsk","network:wikidata":"Q9387123","operator":"ZTM Gdańsk","public_transport":"platform","ref:ztm":"1422","shelter":"yes"}},
{"type":"Feature","geometry":{"type":"Point","coordinates":[18.4492827,54.3785085]},"properties":{"bench":"yes","bin":"yes","bus":"yes","highway":"bus_stop","name":"Ogrody Działkowe \"Rębiechowo\" I","network":"ZTM Gdańsk","network:wikidata":"Q9387123","operator":"ZTM Gdańsk","public_transport":"platform","ref:ztm":"1424","shelter":"no"}},
{"type":"Feature","geometry":{"type":"Point","coordinates":[18.4483486,54.3788936]},"properties":{"bench":"no","bin":"no","bus":"yes","highway":"bus_stop","name":"Ogrody Działkowe \"Rębiechowo\" I","network":"ZTM Gdańsk","network:wikidata":"Q9387123","operator":"ZTM Gdańsk","public_transport":"platform","ref:ztm":"1423","shelter":"no"}},
{"type":"Feature","geometry":{"type":"Point","coordinates":[18.4327354,54.3842814]},"properties":{"bench":"yes","bin":"yes","highway":"bus_stop","name":"Przyrodników","operator":"ZTM Gdańsk","public_transport":"platform","ref:ztm":"1425","shelter":"no","tactile_paving":"yes"}},
{"type":"Feature","geometry":{"type":"Point","coordinates":[18.4827883,54.3692337]},"properties":{"bench":"yes","bin":"yes","highway":"bus_stop","lit":"yes","name":"Rakietowa","network":"ZTM Gdańsk","network:wikidata":"Q9387123","operator":"ZTM Gdańsk","public_transport":"platform","ref:ztm":"1416","shelter":"yes","tactile_paving":"yes"}},
{"type":"Feature","geometry":{"type":"Point","coordinates":[18.4686075,54.3738935]},"properties":{"bench":"yes","bin":"yes","bus":"yes","highway":"bus_stop","name":"Ogrody Działkowe \"Rębiechowo\" III","network":"ZTM Gdańsk","network:wikidata":"Q9387123","operator":"ZTM Gdańsk","public_transport":"platform","ref:ztm":"1750","shelter":"no"}},
{"type":"Feature","geometry":{"type":"Point","coordinates":[18.4318517,54.3844737]},"properties":{"bench":"yes","bin":"yes","bus":"yes","highway":"bus_stop","lit":"yes","name":"Przyrodników","public_transport":"platform","shelter":"yes","tactile_paving":"yes"}},
{"type":"Feature","geometry":{"type":"Point","coordinates":[18.4913783,54.3594517]},"properties":{"bench":"yes","bus":"yes","departures_board":"timetable","highway":"bus_stop","name":"Transportowców 01","network":"ZTM Gdańsk","network:wikidata":"Q9387123","operator":"ZTM Gdańsk","public_transport":"platform","ref":"1288","ref:ztm":"1288","shelter":"yes"}},
{"type":"Feature","geometry":{"type":"Point","coordinates":[18.4912422,54.358095]},"properties":{"bench":"yes","bus":"yes","departures_board":"timetable","highway":"bus_stop","name":"Transportowców 02","network":"ZTM Gdańsk","network:wikidata":"Q9387123","operator":"ZTM Gdańsk","public_transport":"platform","ref":"1289","ref:ztm":"1289","shelter":"yes"}},
{"type":"Feature","geometry":{"type":"Point","coordinates":[18.4531217,54.3777572]},"properties":{"bench":"broken","bus":"yes","highway":"bus_stop","name":"Ogrody Działkowe \"Rębiechowo\" II","network":"ZTM Gdańsk","network:wikidata":"Q9387123","operator":"ZTM Gdańsk","public_transport":"platform","ref:ztm":"1421","shelter":"no"}},
{"type":"Feature","geometry":{"type":"Point","coordinates":[18.507987,54.376031]},"properties":{"bench":"yes","bin":"yes","highway":"bus_stop","lit":"yes","name":"Agrarna 03","operator":"ZTM Gdańsk","public_transport":"platform","ref:ztm":"1411","shelter":"yes","tactile_paving":"no"}},
{"type":"Feature","geometry":{"type":"Point","coordinates":[18.5038211,54.3705458]},"properties":{"bench":"yes","bin":"yes","bus":"yes","highway":"bus_stop","lit":"no","name":"Sąsiedzka 02","operator":"ZTM Gdańsk","public_transport":"platform","ref:ztm":"1845","shelter":"yes","tactile_paving":"yes"}},
{"type":"Feature","geometry":{"type":"Point","coordinates":[18.5006471,54.3522619]},"properties":{"bench":"no","bus":"yes","departures_board":"realtime","highway":"bus_stop","name":"Inżynierska","network":"ZTM Gdańsk","network:wikidata":"Q9387123","operator":"ZTM Gdańsk","public_transport":"platform","ref":"1285","ref:ztm":"1285","shelter":"no"}},
{"type":"Feature","geometry":{"type":"Point","coordinates":[18.505853,54.3732163]},"properties":{"bench":"yes","bin":"yes","highway":"bus_stop","lit":"yes","name":"Matarnia PKM 02","operator":"ZTM Gdańsk","public_transport":"platform","ref":"1539","ref:ztm":"1539","shelter":"yes","tactile_paving":"no"}},
{"type":"Feature","geometry":{"type":"Point","coordinates":[18.5072781,54.3744238]},"properties":{"bench":"yes","bin":"yes","highway":"bus_stop","lit":"yes","name":"Matarnia PKM 01","operator":"ZTM Gdańsk","public_transport":"platform","ref:ztm":"1412","shelter":"yes","tactile_paving":"no"}},
{"type":"Feature","geometry":{"type":"Point","coordinates":[18.617901,54.337456]},"properties":{"bus":"yes","highway":"bus_stop","name":"Chełm Witosa","network":"ZTM Gdańsk","network:wikidata":"Q9387123","network:wikipedia":"pl:Zarząd Transportu Miejskiego w Gdańsku","public_transport":"platform","ref":"329"}},
{"type":"Feature","geometry":{"type":"Point","coordinates":[18.5021451,54.3515579]},"properties":{"bench":"yes","bin":"yes","bus":"yes","departures_board":"realtime","highway":"bus_stop","lit":"yes","name":"Inżynierska","network":"ZTM Gdańsk","network:wikidata":"Q9387123","operator":"ZTM Gdańsk","public_transport":"platform","ref":"1284","ref:ztm":"1284","shelter":"yes","tactile_paving":"yes"}},
{"type":"Feature","geometry":{"type":"Point","coordinates":[18.5103877,54.3493434]},"properties":{"bench":"yes","bus":"yes","highway":"bus_stop","name":"Karczemki","operator":"ZTM Gdańsk","public_transport":"platform","ref:ztm":"1795","shelter":"yes"}},
{"type":"Feature","geometry":{"type":"Point","coordinates":[18.5106578,54.3474045]},"properties":{"bench":"no","bus":"yes","highway":"bus_stop","name":"Gostyńska Szpital 02","operator":"ZTM Gdańsk","public_transport":"platform","ref:ztm":"1721","shelter":"no"}},
{"type":"Feature","geometry":{"type":"Point","coordinates":[18.5108356,54.3479465]},"properties":{"bench":"no","bus":"yes","highway":"bus_stop","name":"Gostyńska Szpital 01","operator":"ZTM Gdańsk","public_transport":"platform","ref:ztm":"1722","shelter":"no","tactile_paving":"no"}},
{"type":"Feature","geometry":{"type":"Point","coordinates":[18.5100013,54.3435357]},"properties":{"bench":"no","bus":"yes","highway":"bus_stop","name":"Otomińska","operator":"ZTM Gdańsk","public_transport":"platform","ref:ztm":"1305","shelter":"no"}},
{"type":"Feature","geometry":{"type":"Point","coordinates":[18.5095146,54.3503894]},"properties":{"bench":"yes","bin":"yes","bus":"yes","highway":"bus_stop","lit":"yes","name":"Karczemki","network":"ZTM Gdańsk","network:wikidata":"Q9387123","operator":"ZTM Gdańsk","public_transport":"platform","ref":"1283","ref:ztm":"1283","shelter":"yes","tactile_paving":"yes"}},
{"type":"Feature","geometry":{"type":"Point","coordinates":[18.5078514,54.3395902]},"properties":{"bench":"no","bus":"yes","highway":"bus_stop","name":"Kiełpino Szkoła 02","network":"ZTM Gdańsk","network:wikidata":"Q9387123","network:wikipedia":"pl:Zarząd Transportu Miejskiego w Gdańsku","operator":"ZTM Gdańsk","public_transport":"platform","ref":"1307","ref:ztm":"1307","shelter":"no"}},
{"type":"Feature","geometry":{"type":"Point","coordinates":[18.5081316,54.3397714]},"properties":{"bench":"yes","bus":"yes","highway":"bus_stop","name":"Kiełpino Szkoła 01","network":"ZTM Gdańsk","network:wikidata":"Q9387123","operator":"ZTM Gdańsk","public_transport":"platform","ref":"1304","ref:ztm":"1304","shelter":"yes"}},
{"type":"Feature","geometry":{"type":"Point","coordinates":[18.4988275,54.3419771]},"properties":{"bench":"yes","bus":"yes","highway":"bus_stop","name":"Kiełpino Górne 01","network":"ZTM Gdańsk","network:wikidata":"Q9387123","public_transport":"platform","ref":"178","ref:ztm":"178","shelter":"yes"}},
{"type":"Feature","geometry":{"type":"Point","coordinates":[18.4993123,54.3421212]},"properties":{"bench":"no","bus":"yes","highway":"bus_stop","name":"Kiełpino Górne 02","network":"ZTM Gdańsk","network:wikidata":"Q9387123","public_transport":"platform","ref":"378","ref:ztm":"178","shelter":"no"}},
{"type":"Feature","geometry":{"type":"Point","coordinates":[18.5106181,54.3441131]},"properties":{"bench":"no","bin":"yes","bus":"yes","check_date:shelter":"2023-08-25","highway":"bus_stop","lit":"yes","name":"Otomińska","operator":"ZTM Gdańsk","public_transport":"platform","ref:ztm":"1302","shelter":"no","tactile_paving":"no"}},
{"type":"Feature","geometry":{"type":"Point","coordinates":[18.502254,54.339421]},"properties":{"bench":"yes","bus":"yes","highway":"bus_stop","name":"Łapińska 01","network":"ZTM Gdańsk","network:wikidata":"Q9387123","network:wikipedia":"pl:Zarząd Transportu Miejskiego w Gdańsku","operator":"ZTM Gdańsk","public_transport":"platform","ref":"1798","ref:ztm":"1798","shelter":"yes"}},
{"type":"Feature","geometry":{"type":"Point","coordinates":[18.5010037,54.3397793]},"properties":{"bench":"no","bus":"yes","highway":"bus_stop","name":"Łapińska 02","network":"ZTM Gdańsk","network:wikidata":"Q9387123","network:wikipedia":"pl:Zarząd Transportu Miejskiego w Gdańsku","operator":"ZTM Gdańsk","public_transport":"platform","ref":"1797","ref:ztm":"1797","shelter":"no"}},
{"type":"Feature","geometry":{"type":"Point","coordinates":[18.533536,54.3482128]},"properties":{"bench":"yes","bus":"yes","highway":"bus_stop","name":"Przytulna 02","network":"ZTM Gdańsk","network:wikidata":"Q9387123","operator":"ZTM Gdańsk","public_transport":"platform","ref:ztm":"1928","shelter":"yes"}},
{"type":"Feature","geometry":{"type":"Point","coordinates":[18.5280239,54.3490066]},"properties":{"bench":"yes","bus":"yes","departures_board":"timetable","highway":"bus_stop","name":"Szczęśliwa 02","network":"ZTM Gdańsk","network:wikidata":"Q9387123","operator":"ZTM Gdańsk","public_transport":"platform","ref:ztm":"1930","shelter":"yes"}},
{"type":"Feature","geometry":{"type":"Point","coordinates":[18.5422745,54.3443384]},"properties":{"bench":"yes","bus":"yes","highway":"bus_stop","name":"Jasień Działki 01","network":"ZTM Gdańsk","network:wikidata":"Q9387123","operator":"ZTM Gdańsk","public_transport":"platform","ref:ztm":"1278","shelter":"yes"}},
{"type":"Feature","geometry":{"type":"Point","coordinates":[18.5533321,54.3418863]},"properties":{"bench":"yes","bin":"yes","bus":"yes","highway":"bus_stop","lit":"yes","name":"Źródlana 01","network":"ZTM Gdańsk","network:wikidata":"Q9387123","operator":"ZTM Gdańsk","public_transport":"platform","ref":"1258","ref:ztm":"1258","shelter":"yes","tactile_paving":"no"}},
{"type":"Feature","geometry":{"type":"Point","coordinates":[18.5585305,54.3309139]},"properties":{"bench":"yes","bus":"yes","highway":"bus_stop","name":"Leszczynowa 01","operator":"ZTM Gdańsk","public_transport":"platform","ref:ztm":"1968","shelter":"yes"}},
{"type":"Feature","geometry":{"type":"Point","coordinates":[18.5569377,54.3309339]},"properties":{"bench":"no","bin":"yes","bus":"yes","highway":"bus_stop","lit":"yes","name":"Leszczynowa 02","operator":"ZTM Gdańsk","public_transport":"platform","ref:ztm":"1969","shelter":"no","tactile_paving":"no"}},
{"type":"Feature","geometry":{"type":"Point","coordinates":[18.5639562,54.3316352]},"properties":{"bench":"yes","bus":"yes","highway":"bus_stop","name":"Jabłoniowa Osiedle","operator":"ZTM Gdańsk","public_transport":"platform","ref:ztm":"1970","shelter":"yes"}},
{"type":"Feature","geometry":{"type":"Point","coordinates":[18.5635593,54.331748]},"properties":{"bench":"no","bus":"yes","highway":"bus_stop","name":"Jabłoniowa Osiedle","operator":"ZTM Gdańsk","public_transport":"platform","ref:ztm":"1971","shelter":"no"}},
{"type":"Feature","geometry":{"type":"Point","coordinates":[18.5476155,54.3243382]},"properties":{"bench":"no","bin":"yes","bus":"yes","highway":"bus_stop","name":"Przywidzka 02","operator":"ZTM Gdańsk","public_transport":"platform","ref:ztm":"1687","shelter":"no"}},
{"type":"Feature","geometry":{"type":"Point","coordinates":[18.5516687,54.3283106]},"properties":{"bench":"no","bus":"yes","highway":"bus_stop","name":"Szadółki 02","operator":"ZTM Gdańsk","public_transport":"platform","ref:ztm":"1685","shelter":"no"}},
{"type":"Feature","geometry":{"type":"Point","coordinates":[18.5519341,54.3283998]},"properties":{"bench":"no","bus":"yes","highway":"bus_stop","name":"Szadółki 01","operator":"ZTM Gdańsk","public_transport":"platform","ref:ztm":"1684","shelter":"no"}},
{"type":"Feature","geometry":{"type":"Point","coordinates":[18.5547767,54.322761]},"properties":{"bench":"no","bin":"yes","bus":"yes","highway":"bus_stop","name":"Czermińskiego 02","public_transport":"platform","ref:ztm":"1965","shelter":"no"}},
{"type":"Feature","geometry":{"type":"Point","coordinates":[18.5524727,54.3224207]},"properties":{"bench":"yes","bin":"yes","bus":"yes","highway":"bus_stop","name":"Czermińskiego 01","operator":"ZTM Gdańsk","public_transport":"platform","ref:ztm":"1854","shelter":"yes"}},
{"type":"Feature","geometry":{"type":"Point","coordinates":[18.5428646,54.3229965]},"properties":{"bench":"yes","bus":"yes","highway":"bus_stop","name":"Szadółki Obwodnica","operator":"ZTM Gdańsk","public_transport":"platform","ref:ztm":"1803","shelter":"no"}},
{"type":"Feature","geometry":{"type":"Point","coordinates":[18.5427031,54.3231481]},"properties":{"bench":"no","bus":"yes","highway":"bus_stop","name":"Szadółki Obwodnica","operator":"ZTM Gdańsk","public_transport":"platform","ref:ztm":"1804","shelter":"no"}},
{"type":"Feature","geometry":{"type":"Point","coordinates":[18.5406997,54.3228761]},"properties":{"bench":"yes","bus":"yes","highway":"bus_stop","name":"Zakład Utylizacyjny 01","operator":"ZTM Gdańsk","public_transport":"platform","ref:ztm":"1908","shelter":"no"}},
{"type":"Feature","geometry":{"type":"Point","coordinates":[18.5382738,54.3279437]},"properties":{"bench":"no","highway":"bus_stop","name":"Lubowidzka","operator":"ZTM Gdańsk","public_transport":"platform","ref:ztm":"1806","shelter":"no"}},
{"type":"Feature","geometry":{"type":"Point","coordinates":[18.5381319,54.3279873]},"properties":{"bench":"no","bus":"yes","highway":"bus_stop","name":"Lubowidzka","operator":"ZTM Gdańsk","public_transport":"platform","ref:ztm":"1805","shelter":"no"}},
{"type":"Feature","geometry":{"type":"Point","coordinates":[18.5825784,54.3286106]},"properties":{"bench":"no","bin":"yes","bus":"yes","highway":"bus_stop","name":"Jeleniogórska 01","network":"ZTM Gdańsk","network:wikidata":"Q9387123","network:wikipedia":"pl:Zarząd Transportu Miejskiego w Gdańsku","public_transport":"platform","ref":"1984","ref:ztm":"1984","shelter":"no"}},
{"type":"Feature","geometry":{"type":"Point","coordinates":[18.5826439,54.3288096]},"properties":{"bench":"no","bus":"yes","highway":"bus_stop","name":"Jeleniogórska 02","network":"ZTM Gdańsk","network:wikidata":"Q9387123","network:wikipedia":"pl:Zarząd Transportu Miejskiego w Gdańsku","public_transport":"platform","ref":"1985","ref:ztm":"1985","shelter":"no"}},
{"type":"Feature","geometry":{"type":"Point","coordinates":[18.5773784,54.3198112]},"properties":{"bench":"yes","bus":"yes","departures_board":"yes","highway":"bus_stop","name":"Zakoniczyn 01","network":"ZTM Gdańsk","network:wikidata":"Q9387123","network:wikipedia":"pl:Zarząd Transportu Miejskiego w Gdańsku","operator":"ZTM Gdańsk","public_transport":"platform","ref":"194","ref:ztm":"194","shelter":"yes"}},
{"type":"Feature","geometry":{"type":"Point","coordinates":[18.5697521,54.3156681]},"properties":{"bench":"no","bus":"yes","highway":"bus_stop","name":"Elfów","network":"ZTM Gdańsk","network:wikidata":"Q9387123","network:wikipedia":"pl:Zarząd Transportu Miejskiego w Gdańsku","operator":"ZTM Gdańsk","public_transport":"platform","ref:ztm":"1959","shelter":"no"}},
{"type":"Feature","geometry":{"type":"Point","coordinates":[18.5695603,54.3162474]},"properties":{"bench":"no","bus":"yes","highway":"bus_stop","name":"Elfów","network":"ZTM Gdańsk","network:wikidata":"Q9387123","network:wikipedia":"pl:Zarząd Transportu Miejskiego w Gdańsku","operator":"ZTM Gdańsk","public_transport":"platform","ref:ztm":"1960","shelter":"no"}},
{"type":"Feature","geometry":{"type":"Point","coordinates":[18.5688653,54.3177936]},"properties":{"bench":"no","bus":"yes","highway":"bus_stop","name":"Jaworzniaków 02","public_transport":"platform","ref:ztm":"395","shelter":"no"}},
{"type":"Feature","geometry":{"type":"Point","coordinates":[18.5937725,54.3158564]},"properties":{"bench":"no","bus":"yes","highway":"bus_stop","name":"Przebiśniegowa","operator":"ZTM Gdańsk","public_transport":"platform","ref:ztm":"1322","shelter":"no"}},
{"type":"Feature","geometry":{"type":"Point","coordinates":[18.593513,54.3161363]},"properties":{"bench":"no","bus":"yes","highway":"bus_stop","name":"Przebiśniegowa","operator":"ZTM Gdańsk","public_transport":"platform","ref:ztm":"1323","shelter":"no"}},
{"type":"Feature","geometry":{"type":"Point","coordinates":[18.4822618,54.3889711]},"properties":{"bench":"yes","bin":"yes","bus":"yes","highway":"bus_stop","name":"Klukowo 01","public_transport":"platform","ref:ztm":"1408","shelter":"yes"}},
{"type":"Feature","geometry":{"type":"Point","coordinates":[18.522254,54.3723891]},"properties":{"bench":"yes","bin":"yes","bus":"yes","highway":"bus_stop","lit":"yes","name":"Mjr Słabego","network":"ZTM Gdańsk","network:wikidata":"Q9387123","operator":"ZTM Gdańsk","public_transport":"platform","ref:ztm":"1611;1612","shelter":"yes","tactile_paving":"no"}},
{"type":"Feature","geometry":{"type":"Point","coordinates":[18.4861349,54.384564]},"properties":{"bench":"yes","bus":"yes","highway":"bus_stop","name":"Wojnarskiego 01","operator":"ZTM Gdańsk","public_transport":"platform","ref:ztm":"1407","shelter":"yes"}},
{"type":"Feature","geometry":{"type":"Point","coordinates":[18.5218519,54.3747508]},"properties":{"bench":"no","bin":"yes","bus":"yes","departures_board":"timetable","highway":"bus_stop","lit":"yes","name":"Złota Karczma 02","network":"ZTM Gdańsk","network:wikidata":"Q9387123","operator":"ZTM Gdańsk","public_transport":"platform","ref:ztm":"1610","shelter":"yes","tactile_paving":"no"}},
{"type":"Feature","geometry":{"type":"Point","coordinates":[18.5219487,54.3749987]},"properties":{"bench":"no","bin":"yes","bus":"yes","departures_board":"timetable","highway":"bus_stop","lit":"yes","name":"Złota Karczma 01","network":"ZTM Gdańsk","network:wikidata":"Q9387123","operator":"ZTM Gdańsk","public_transport":"platform","ref:ztm":"1802","shelter":"yes","tactile_paving":"no"}},
{"type":"Feature","geometry":{"type":"Point","coordinates":[18.5231953,54.3760598]},"properties":{"bench":"yes","bin":"yes","bus":"yes","highway":"bus_stop","lit":"yes","name":"Harfowa 01","operator":"ZTM Gdańsk","public_transport":"platform","ref:ztm":"1396","shelter":"yes","tactile_paving":"no"}},
{"type":"Feature","geometry":{"type":"Point","coordinates":[18.5249553,54.3765559]},"properties":{"bench":"yes","bin":"yes","bus":"yes","highway":"bus_stop","lit":"yes","name":"Harfowa 02","operator":"ZTM Gdańsk","public_transport":"platform","ref:ztm":"1397","shelter":"yes","tactile_paving":"no"}},
{"type":"Feature","geometry":{"type":"Point","coordinates":[18.6048672,54.3158768]},"properties":{"bench":"yes","bus":"yes","highway":"bus_stop","name":"Kampinoska 02","operator":"ZTM Gdańsk","public_transport":"platform","ref:ztm":"3023","shelter":"yes"}},
{"type":"Feature","geometry":{"type":"Point","coordinates":[18.5965211,54.3125496]},"properties":{"bench":"yes","bin":"yes","bus":"yes","departures_board":"timetable","highway":"bus_stop","name":"Srebrna 02","operator":"ZTM Gdańsk","public_transport":"platform","ref:ztm":"1757","shelter":"no","tactile_paving":"no"}},
{"type":"Feature","geometry":{"type":"Point","coordinates":[18.5964936,54.3128335]},"properties":{"bench":"yes","bin":"yes","bus":"yes","check_date:shelter":"2021-06-25","departures_board":"timetable","highway":"bus_stop","lit":"yes","name":"Srebrna 01","operator":"ZTM Gdańsk","public_transport":"platform","ref:ztm":"1756","shelter":"yes","tactile_paving":"no"}},
{"type":"Feature","geometry":{"type":"Point","coordinates":[18.5993974,54.3147782]},"properties":{"bench":"yes","bus":"yes","highway":"bus_stop","lit":"yes","name":"Szmaragdowa 01","public_transport":"platform","ref:ztm":"1856","shelter":"yes","tactile_paving":"no"}},
{"type":"Feature","geometry":{"type":"Point","coordinates":[18.6033108,54.3162758]},"properties":{"bench":"no","bus":"yes","highway":"bus_stop","name":"Kampinoska 01","public_transport":"platform","ref:ztm":"183","shelter":"no"}},
{"type":"Feature","geometry":{"type":"Point","coordinates":[18.6152414,54.3068651]},"properties":{"bench":"yes","bus":"yes","departures_board":"timetable","highway":"bus_stop","name":"Bartnicza 01","public_transport":"platform","ref:ztm":"133","shelter":"no"}},
{"type":"Feature","geometry":{"type":"Point","coordinates":[18.6201919,54.309892]},"properties":{"bench":"yes","bus":"yes","departures_board":"timetable","highway":"bus_stop","name":"Dom Pomocy Społecznej 01","operator":"ZTM Gdańsk","public_transport":"platform","ref:ztm":"1234","shelter":"yes"}},
{"type":"Feature","geometry":{"type":"Point","coordinates":[18.619972,54.3100007]},"properties":{"bench":"no","bus":"yes","departures_board":"timetable","highway":"bus_stop","name":"Dom Pomocy Społecznej 02","operator":"ZTM Gdańsk","public_transport":"platform","ref:ztm":"1235","shelter":"no"}},
{"type":"Feature","geometry":{"type":"Point","coordinates":[18.6042355,54.3044775]},"properties":{"bench":"no","bin":"yes","bus":"yes","check_date:shelter":"2024-09-30","highway":"bus_stop","name":"Przemian","operator":"ZTM Gdańsk","public_transport":"platform","ref:ztm":"1325","shelter":"no","tactile_paving":"yes"}},
{"type":"Feature","geometry":{"type":"Point","coordinates":[18.6040081,54.3048927]},"properties":{"bench":"no","bus":"yes","highway":"bus_stop","name":"Przemian 01","operator":"ZTM Gdańsk","public_transport":"platform","ref:ztm":"1324","shelter":"no"}},
{"type":"Feature","geometry":{"type":"Point","coordinates":[18.6082947,54.3018687]},"properties":{"bus":"yes","departures_board":"timetable","highway":"bus_stop","name":"Starogardzka 01","operator":"ZTM Gdańsk","public_transport":"platform","ref:ztm":"1327","shelter":"no"}},
{"type":"Feature","geometry":{"type":"Point","coordinates":[18.6069462,54.3016165]},"properties":{"bus":"yes","departures_board":"timetable","highway":"bus_stop","name":"Starogardzka 04","operator":"ZTM Gdańsk","public_transport":"platform","ref:ztm":"1326","shelter":"no"}},
{"type":"Feature","geometry":{"type":"Point","coordinates":[18.6172193,54.3561916]},"properties":{"bench":"yes","bin":"yes","bus":"yes","highway":"bus_stop","lit":"no","name":"Wyczółkowskiego 02","network":"ZTM Gdańsk","network:wikidata":"Q9387123","network:wikipedia":"pl:Zarząd Transportu Miejskiego w Gdańsku","old_name":"Cygańska Góra","public_transport":"platform","ref":"1333","ref:ztm":"1333","shelter":"no","tactile_paving":"no"}},
{"type":"Feature","geometry":{"type":"Point","coordinates":[18.6180221,54.3421336]},"properties":{"bench":"yes","bus":"yes","highway":"bus_stop","name":"Chałubińskiego","network":"ZTM Gdańsk","network:wikidata":"Q9387123","network:wikipedia":"pl:Zarząd Transportu Miejskiego w Gdańsku","public_transport":"platform","ref":"1254","shelter":"yes"}},
{"type":"Feature","geometry":{"type":"Point","coordinates":[18.6170619,54.3421961]},"properties":{"bench":"yes","bus":"yes","highway":"bus_stop","name":"Chałubińskiego","network":"ZTM Gdańsk","network:wikidata":"Q9387123","network:wikipedia":"pl:Zarząd Transportu Miejskiego w Gdańsku","public_transport":"platform","ref":"1255","shelter":"yes"}},
{"type":"Feature","geometry":{"type":"Point","coordinates":[18.6172268,54.3382609]},"properties":{"bench":"yes","bus":"yes","highway":"bus_stop","name":"Sikorskiego 05","network":"ZTM Gdańsk","network:wikidata":"Q9387123","network:wikipedia":"pl:Zarząd Transportu Miejskiego w Gdańsku","public_transport":"platform","ref":"1753","shelter":"yes"}},
{"type":"Feature","geometry":{"type":"Point","coordinates":[18.611572,54.3410274]},"properties":{"bench":"yes","bus":"yes","highway":"bus_stop","name":"Dragana - Kładka","network":"ZTM Gdańsk","network:wikidata":"Q9387123","network:wikipedia":"pl:Zarząd Transportu Miejskiego w Gdańsku","public_transport":"platform","ref":"1244","ref:ztm":"1244","shelter":"yes"}},
{"type":"Feature","geometry":{"type":"Point","coordinates":[18.6059619,54.3393873]},"properties":{"bench":"yes","bus":"yes","highway":"bus_stop","name":"Dragana - Szkoła","network":"ZTM Gdańsk","network:wikidata":"Q9387123","network:wikipedia":"pl:Zarząd Transportu Miejskiego w Gdańsku","public_transport":"platform","ref":"1245","ref:ztm":"1245","shelter":"yes"}},
{"type":"Feature","geometry":{"type":"Point","coordinates":[18.6189277,54.3388673]},"properties":{"bench":"yes","bus":"yes","highway":"bus_stop","name":"Sikorskiego 03","network":"ZTM Gdańsk","network:wikidata":"Q9387123","network:wikipedia":"pl:Zarząd Transportu Miejskiego w Gdańsku","public_transport":"platform","ref":"1247","shelter":"yes"}},
{"type":"Feature","geometry":{"type":"Point","coordinates":[18.6262608,54.3375448]},"properties":{"bench":"no","bin":"yes","bus":"yes","departures_board":"timetable","highway":"bus_stop","lit":"yes","name":"Chełm Cienista 03","network":"ZTM Gdańsk","network:wikidata":"Q9387123","network:wikipedia":"pl:Zarząd Transportu Miejskiego w Gdańsku","operator":"ZTM Gdańsk","public_transport":"platform","ref:ztm":"334","shelter":"no","tactile_paving":"no"}},
{"type":"Feature","geometry":{"type":"Point","coordinates":[18.6261816,54.3377295]},"properties":{"bench":"yes","bin":"yes","bus":"yes","departures_board":"timetable","highway":"bus_stop","lit":"yes","name":"Chełm Cienista 02","network":"ZTM Gdańsk","network:wikidata":"Q9387123","network:wikipedia":"pl:Zarząd Transportu Miejskiego w Gdańsku","operator":"ZTM Gdańsk","public_transport":"platform","ref:ztm":"134","shelter":"yes","tactile_paving":"no"}},
{"type":"Feature","geometry":{"type":"Point","coordinates":[18.6356438,54.340762]},"properties":{"bench":"no","bus":"yes","highway":"bus_stop","name":"Cmentarna","operator":"ZTM Gdańsk","public_transport":"platform","ref:ztm":"1238","shelter":"no"}},
{"type":"Feature","geometry":{"type":"Point","coordinates":[18.6263798,54.3411502]},"properties":{"bench":"no","bus":"yes","highway":"bus_stop","name":"Worcella 01","operator":"ZTM Gdańsk","public_transport":"platform","ref:ztm":"1252","shelter":"no"}},
{"type":"Feature","geometry":{"type":"Point","coordinates":[18.628326,54.3422451]},"properties":{"bench":"no","bus":"yes","highway":"bus_stop","name":"Wronki","operator":"ZTM Gdańsk","public_transport":"platform","ref:ztm":"1241","shelter":"no"}},
{"type":"Feature","geometry":{"type":"Point","coordinates":[18.6305806,54.3425415]},"properties":{"bench":"no","bus":"yes","highway":"bus_stop","name":"Reformacka","operator":"ZTM Gdańsk","public_transport":"platform","shelter":"no"}},
{"type":"Feature","geometry":{"type":"Point","coordinates":[18.6318285,54.343255]},"properties":{"bench":"no","bus":"yes","highway":"bus_stop","name":"Stoczniowców","operator":"ZTM Gdańsk","public_transport":"platform","ref:ztm":"1239","shelter":"no"}},
{"type":"Feature","geometry":{"type":"Point","coordinates":[18.6202542,54.3380376]},"properties":{"bench":"yes","bus":"yes","highway":"bus_stop","name":"Sikorskiego 04","network":"ZTM Gdańsk","network:wikidata":"Q9387123","network:wikipedia":"pl:Zarząd Transportu Miejskiego w Gdańsku","public_transport":"platform","ref":"1780","ref:ztm":"1780","shelter":"yes"}},
{"type":"Feature","geometry":{"type":"Point","coordinates":[18.6358566,54.3524562]},"properties":{"bench":"yes","bin":"yes","bus":"yes","highway":"bus_stop","name":"Hevelianum 02","network":"ZTM Gdańsk","network:wikidata":"Q9387123","network:wikipedia":"pl:Zarząd Transportu Miejskiego w Gdańsku","public_transport":"platform","ref":"1329","ref:ztm":"1329","shelter":"yes","tactile_paving":"no"}},
{"type":"Feature","geometry":{"type":"Point","coordinates":[18.6348276,54.3527787]},"properties":{"bench":"yes","bin":"yes","bus":"yes","highway":"bus_stop","name":"Hevelianum 01","network":"ZTM Gdańsk","network:wikidata":"Q9387123","network:wikipedia":"pl:Zarząd Transportu Miejskiego w Gdańsku","public_transport":"platform","ref":"1328","ref:ztm":"1328","shelter":"yes","tactile_paving":"no"}},
{"type":"Feature","geometry":{"type":"Point","coordinates":[18.64192,54.3527306]},"properties":{"bench":"yes","bin":"yes","bus":"yes","check_date:shelter":"2025-03-19","highway":"bus_stop","lit":"yes","name":"Nowe Ogrody","operator":"Gryf Kartuzy","public_transport":"platform","ref:ztm":"1259","shelter":"yes","tactile_paving":"no"}},
{"type":"Feature","geometry":{"type":"Point","coordinates":[18.632144,54.3229594]},"properties":{"bench":"yes","bin":"yes","bus":"yes","departures_board":"timetable","highway":"bus_stop","name":"Gościnna 03","network":"ZTM Gdańsk","network:wikidata":"Q9387123","network:wikipedia":"pl:Zarząd Transportu Miejskiego w Gdańsku","operator":"ZTM Gdańsk","public_transport":"platform","ref:ztm":"331","shelter":"no","tactile_paving":"no"}},
{"type":"Feature","geometry":{"type":"Point","coordinates":[18.6185301,54.329472]},"properties":{"bench":"no","bin":"no","bus":"yes","highway":"bus_stop","name":"Małomiejska","operator":"ZTM Gdańsk","public_transport":"platform","shelter":"no"}},
{"type":"Feature","geometry":{"type":"Point","coordinates":[18.6175488,54.3290747]},"properties":{"bench":"no","bin":"no","bus":"yes","highway":"bus_stop","lit":"yes","name":"Małomiejska","operator":"ZTM Gdańsk","public_transport":"platform","shelter":"no","tactile_paving":"yes"}},
{"type":"Feature","geometry":{"type":"Point","coordinates":[18.6294656,54.3175919]},"properties":{"bench":"no","bin":"yes","bus":"yes","check_date:shelter":"2021-09-12","departures_board":"timetable","highway":"bus_stop","name":"Nowiny 02","network":"ZTM Gdańsk","network:wikidata":"Q9387123","network:wikipedia":"pl:Zarząd Transportu Miejskiego w Gdańsku","operator":"ZTM Gdańsk","public_transport":"platform","ref:ztm":"1213","shelter":"no","tactile_paving":"yes"}},
{"type":"Feature","geometry":{"type":"Point","coordinates":[18.63036,54.3192439]},"properties":{"bench":"yes","bin":"yes","bus":"yes","departures_board":"timetable","highway":"bus_stop","name":"Nowiny 01","network":"ZTM Gdańsk","network:wikidata":"Q9387123","network:wikipedia":"pl:Zarząd Transportu Miejskiego w Gdańsku","operator":"ZTM Gdańsk","public_transport":"platform","ref:ztm":"1212","shelter":"yes","tactile_paving":"yes"}},
{"type":"Feature","geometry":{"type":"Point","coordinates":[18.6336066,54.3281418]},"properties":{"bench":"yes","bin":"yes","bus":"yes","departures_board":"timetable","highway":"bus_stop","name":"Rejtana 02","network":"ZTM Gdańsk","network:wikidata":"Q9387123","network:wikipedia":"pl:Zarząd Transportu Miejskiego w Gdańsku","operator":"ZTM Gdańsk","public_transport":"platform","ref:ztm":"1209","shelter":"yes","tactile_paving":"no"}},
{"type":"Feature","geometry":{"type":"Point","coordinates":[18.6340869,54.3284207]},"properties":{"bench":"yes","bin":"yes","bus":"yes","departures_board":"timetable","highway":"bus_stop","lit":"yes","name":"Rejtana 01","network":"ZTM Gdańsk","network:wikidata":"Q9387123","network:wikipedia":"pl:Zarząd Transportu Miejskiego w Gdańsku","operator":"ZTM Gdańsk","public_transport":"platform","ref:ztm":"1208","shelter":"yes","tactile_paving":"no"}},
{"type":"Feature","geometry":{"type":"Point","coordinates":[18.629555,54.3109393]},"properties":{"bench":"yes","bin":"yes","bus":"yes","departures_board":"timetable","highway":"bus_stop","name":"Ukośna 02","network":"ZTM Gdańsk","network:wikidata":"Q9387123","network:wikipedia":"pl:Zarząd Transportu Miejskiego w Gdańsku","operator":"ZTM Gdańsk","public_transport":"platform","ref:ztm":"1215","shelter":"no","tactile_paving":"yes"}},
{"type":"Feature","geometry":{"type":"Point","coordinates":[18.6298098,54.3116214]},"properties":{"bench":"yes","bin":"yes","bus":"yes","check_date:shelter":"2024-04-06","departures_board":"timetable","highway":"bus_stop","lit":"yes","name":"Ukośna 01","network":"ZTM Gdańsk","network:wikidata":"Q9387123","network:wikipedia":"pl:Zarząd Transportu Miejskiego w Gdańsku","operator":"ZTM Gdańsk","public_transport":"platform","ref:ztm":"1216","shelter":"yes","tactile_paving":"yes"}},
{"type":"Feature","geometry":{"type":"Point","coordinates":[18.6293809,54.3158106]},"properties":{"bench":"yes","bin":"yes","bus":"yes","check_date:shelter":"2021-09-12","departures_board":"timetable","highway":"bus_stop","name":"Urząd Dozoru Technicznego 01","network":"ZTM Gdańsk","network:wikidata":"Q9387123","network:wikipedia":"pl:Zarząd Transportu Miejskiego w Gdańsku","operator":"ZTM Gdańsk","public_transport":"platform","ref:ztm":"1214","shelter":"yes","tactile_paving":"yes"}},
{"type":"Feature","geometry":{"type":"Point","coordinates":[18.6409645,54.3274095]},"properties":{"bench":"no","bus":"yes","highway":"bus_stop","name":"Głucha 02","name:pl":"Głucha 02","operator":"ZTM Gdańsk","public_transport":"platform","ref:ztm":"1775","shelter":"no"}},
{"type":"Feature","geometry":{"type":"Point","coordinates":[18.6412453,54.327827]},"properties":{"bench":"yes","bus":"yes","highway":"bus_stop","name":"Głucha 01","name:pl":"Głucha 01","operator":"ZTM Gdańsk","public_transport":"platform","ref:ztm":"1774","shelter":"yes"}},
{"type":"Feature","geometry":{"type":"Point","coordinates":[18.6426592,54.3318196]},"properties":{"bench":"no","bus":"yes","highway":"bus_stop","name":"Kolonia Mysia","operator":"ZTM Gdańsk","public_transport":"platform","ref:ztm":"1773","shelter":"no"}},
{"type":"Feature","geometry":{"type":"Point","coordinates":[18.6428565,54.3318634]},"properties":{"bench":"no","bus":"yes","highway":"bus_stop","name":"Kolonia Mysia","operator":"ZTM Gdańsk","public_transport":"platform","ref:ztm":"1772","shelter":"no"}},
{"type":"Feature","geometry":{"type":"Point","coordinates":[18.6479356,54.3349192]},"properties":{"bench":"no","bus":"yes","highway":"bus_stop","name":"Przybrzeżna","operator":"ZTM Gdańsk","public_transport":"platform","ref:ztm":"1771","shelter":"no"}},
{"type":"Feature","geometry":{"type":"Point","coordinates":[18.6494366,54.3352056]},"properties":{"bench":"no","bin":"yes","bus":"yes","highway":"bus_stop","name":"Mostowa 02","operator":"ZTM Gdańsk","public_transport":"platform","ref:ztm":"1199","shelter":"no","tactile_paving":"no"}},
{"type":"Feature","geometry":{"type":"Point","coordinates":[18.6486325,54.3363496]},"properties":{"bench":"no","bus":"yes","highway":"bus_stop","name":"Mostowa 01","operator":"ZTM Gdańsk","public_transport":"platform","ref:ztm":"1198","shelter":"no"}},
{"type":"Feature","geometry":{"type":"Point","coordinates":[18.6620409,54.3355182]},"properties":{"bench":"no","bus":"yes","highway":"bus_stop","name":"Miedza n/ż 01","operator":"ZTM Gdańsk","public_transport":"platform","ref:ztm":"1869","shelter":"no"}},
{"type":"Feature","geometry":{"type":"Point","coordinates":[18.671082,54.3346193]},"properties":{"bench":"yes","bus":"yes","highway":"bus_stop","name":"Bratki 01","operator":"ZTM Gdańsk","public_transport":"platform","ref:ztm":"1184","shelter":"no"}},
{"type":"Feature","geometry":{"type":"Point","coordinates":[18.6740628,54.3378483]},"properties":{"bench":"yes","bus":"yes","highway":"bus_stop","name":"Sierpowa","operator":"ZTM Gdańsk","public_transport":"platform","ref:ztm":"1183","shelter":"no"}},
{"type":"Feature","geometry":{"type":"Point","coordinates":[18.6690344,54.3418057]},"properties":{"bench":"yes","bus":"yes","highway":"bus_stop","name":"Olszynka - Szkoła 02","operator":"ZTM Gdańsk","public_transport":"platform","ref:ztm":"137","shelter":"yes"}},
{"type":"Feature","geometry":{"type":"Point","coordinates":[18.6586755,54.3363492]},"properties":{"bench":"no","bus":"yes","highway":"bus_stop","name":"Zagony","operator":"ZTM Gdańsk","public_transport":"platform","ref:ztm":"1870","shelter":"no"}},
{"type":"Feature","geometry":{"type":"Point","coordinates":[18.6731148,54.3446769]},"properties":{"bench":"no","bus":"yes","highway":"bus_stop","name":"Na Szańcach 02","operator":"ZTM Gdańsk","public_transport":"platform","ref:ztm":"1689","shelter":"no"}},
{"type":"Feature","geometry":{"type":"Point","coordinates":[18.6813639,54.3444244]},"properties":{"bench":"no","bus":"yes","highway":"bus_stop","name":"Dworkowa","operator":"ZTM Gdańsk","public_transport":"platform","ref:ztm":"1660","shelter":"no"}},
{"type":"Feature","geometry":{"type":"Point","coordinates":[18.6673274,54.3308276]},"properties":{"bus":"yes","highway":"bus_stop","name":"Gęsia","operator":"ZTM Gdańsk","public_transport":"platform","ref:ztm":"1185","shelter":"yes"}},
{"type":"Feature","geometry":{"type":"Point","coordinates":[18.6747198,54.3451178]},"properties":{"bench":"yes","bus":"yes","highway":"bus_stop","name":"Maki 01","operator":"ZTM Gdańsk","public_transport":"platform","ref:ztm":"1188","shelter":"yes"}},
{"type":"Feature","geometry":{"type":"Point","coordinates":[18.677243,54.335885]},"properties":{"bus":"yes","highway":"bus_stop","name":"Olszynka - Niwki 01","network":"ZTM Gdańsk","network:wikidata":"Q9387123","operator":"ZTM Gdańsk","public_transport":"platform","ref:ztm":"1186","shelter":"yes"}},
{"type":"Feature","geometry":{"type":"Point","coordinates":[18.6867241,54.3393223]},"properties":{"bench":"yes","bus":"yes","highway":"bus_stop","name":"Zawodzie","operator":"ZTM Gdańsk","public_transport":"platform","ref:ztm":"1187","shelter":"no"}},
{"type":"Feature","geometry":{"type":"Point","coordinates":[18.6810555,54.3190811]},"properties":{"bench":"yes","bus":"yes","highway":"bus_stop","name":"Łanowa IV","operator":"ZTM Gdańsk","public_transport":"platform","ref:ztm":"1707","shelter":"no"}},
{"type":"Feature","geometry":{"type":"Point","coordinates":[18.677276,54.3223183]},"properties":{"bench":"no","bus":"yes","highway":"bus_stop","name":"Łanowa III","operator":"ZTM Gdańsk","public_transport":"platform","ref:ztm":"1706","shelter":"no"}},
{"type":"Feature","geometry":{"type":"Point","coordinates":[18.6703327,54.3282634]},"properties":{"bench":"no","bus":"yes","highway":"bus_stop","name":"Łanowa I","operator":"ZTM Gdańsk","public_transport":"platform","ref:ztm":"1705","shelter":"no"}},
{"type":"Feature","geometry":{"type":"Point","coordinates":[18.5922163,54.3512204]},"properties":{"bench":"yes","bus":"yes","highway":"bus_stop","name":"Piekarnicza 04","network":"ZTM Gdańsk","network:wikidata":"Q9387123","operator":"ZTM Gdańsk","public_transport":"platform","ref:ztm":"1724","shelter":"yes"}},
{"type":"Feature","geometry":{"type":"Point","coordinates":[18.5475612,54.3451381]},"properties":{"bench":"yes","bus":"yes","highway":"bus_stop","name":"Gronostajowa","operator":"ZTM Gdańsk","public_transport":"platform","ref:ztm":"1876","shelter":"no"}},
{"type":"Feature","geometry":{"type":"Point","coordinates":[18.5494531,54.348637]},"properties":{"bench":"yes","bin":"yes","bus":"yes","highway":"bus_stop","name":"Jasieńska","network":"ZTM Gdańsk","network:wikidata":"Q9387123","network:wikipedia":"pl:Zarząd Transportu Miejskiego w Gdańsku","operator":"ZTM Gdańsk","public_transport":"platform","ref:ztm":"1873","shelter":"yes"}},
{"type":"Feature","geometry":{"type":"Point","coordinates":[18.4861817,54.4281337]},"properties":{"bench":"yes","bus":"yes","highway":"bus_stop","name":"Galaktyczna 01","operator":"ZTM Gdańsk","public_transport":"platform","ref:ztm":"160","shelter":"yes"}},
{"type":"Feature","geometry":{"type":"Point","coordinates":[18.632589,54.2980423]},"properties":{"bench":"yes","bin":"yes","bus":"yes","departures_board":"timetable","highway":"bus_stop","name":"Węzeł Lipce 02","network":"ZTM Gdańsk","network:wikidata":"Q9387123","network:wikipedia":"pl:Zarząd Transportu Miejskiego w Gdańsku","operator":"ZTM Gdańsk","public_transport":"platform","ref:ztm":"1219","shelter":"yes","tactile_paving":"no"}},
{"type":"Feature","geometry":{"type":"Point","coordinates":[18.6378465,54.2863332]},"properties":{"bench":"no","bin":"yes","bus":"yes","departures_board":"timetable","highway":"bus_stop","name":"Św. Wojciech 02","network":"ZTM Gdańsk","network:wikidata":"Q9387123","network:wikipedia":"pl:Zarząd Transportu Miejskiego w Gdańsku","operator":"ZTM Gdańsk","public_transport":"platform","ref:ztm":"1223","shelter":"no","tactile_paving":"no"}},
{"type":"Feature","geometry":{"type":"Point","coordinates":[18.5490874,54.3245662]},"properties":{"bench":"yes","bin":"yes","bus":"yes","highway":"bus_stop","name":"Przywidzka 03","operator":"ZTM Gdańsk","public_transport":"platform","ref:ztm":"1852","shelter":"yes"}},
{"type":"Feature","geometry":{"type":"Point","coordinates":[18.5598322,54.3222401]},"properties":{"bench":"yes","bin":"yes","bus":"yes","check_date:shelter":"2025-08-16","highway":"bus_stop","lit":"yes","name":"Rębowo","operator":"ZTM Gdańsk","public_transport":"platform","ref:ztm":"1964","shelter":"yes","tactile_paving":"yes"}},
{"type":"Feature","geometry":{"type":"Point","coordinates":[18.5588483,54.3224626]},"properties":{"bench":"yes","bin":"yes","bus":"yes","check_date:shelter":"2025-08-18","highway":"bus_stop","lit":"yes","name":"Rębowo","operator":"ZTM Gdańsk","public_transport":"platform","ref:ztm":"1963","shelter":"yes","tactile_paving":"yes"}},
{"type":"Feature","geometry":{"type":"Point","coordinates":[18.5234307,54.3373797]},"properties":{"bus":"yes","highway":"bus_stop","name":"Łagowska 01","network":"ZTM Gdańsk","network:wikidata":"Q9387123","public_transport":"platform","ref":"3814"}},
{"type":"Feature","geometry":{"type":"Point","coordinates":[18.631625,54.3673448]},"properties":{"bench":"yes","bin":"yes","bus":"yes","highway":"bus_stop","lit":"yes","name":"Uniwersytet Medyczny 04","network":"ZTM Gdańsk","network:wikidata":"Q9387123","network:wikipedia":"pl:Zarząd Transportu Miejskiego w Gdańsku","public_transport":"platform","ref":"1599","ref:ztm":"1599","shelter":"yes","tactile_paving":"yes"}},
{"type":"Feature","geometry":{"type":"Point","coordinates":[18.5638821,54.3734096]},"properties":{"bench":"yes","bin":"yes","bus":"yes","departures_board":"timetable","highway":"bus_stop","lit":"yes","name":"Leśna Góra - Przychodnia 01","network":"ZTM Gdańsk","network:wikidata":"Q9387123","operator":"ZTM Gdańsk","public_transport":"platform","ref:ztm":"1427","shelter":"yes","tactile_paving":"no","wheelchair":"yes"}},
{"type":"Feature","geometry":{"type":"Point","coordinates":[18.5639736,54.3735382]},"properties":{"bench":"yes","bin":"yes","bus":"yes","departures_board":"timetable","highway":"bus_stop","lit":"yes","name":"Leśna Góra - Przychodnia 02","network":"ZTM Gdańsk","network:wikidata":"Q9387123","operator":"ZTM Gdańsk","public_transport":"platform","ref:ztm":"1428","shelter":"yes","tactile_paving":"no","wheelchair":"yes"}},
{"type":"Feature","geometry":{"type":"Point","coordinates":[18.5594596,54.3800127]},"properties":{"bench":"yes","bus":"yes","highway":"bus_stop","name":"Niedźwiednik 01","network":"ZTM Gdańsk","network:wikidata":"Q9387123","operator":"ZTM Gdańsk","public_transport":"platform","ref:ztm":"153","shelter":"yes"}},
{"type":"Feature","geometry":{"type":"Point","coordinates":[18.5657386,54.3772636]},"properties":{"bench":"yes","bus":"yes","highway":"bus_stop","name":"Podkarpacka","operator":"ZTM Gdańsk","public_transport":"platform","ref:ztm":"1440","shelter":"yes"}},
{"type":"Feature","geometry":{"type":"Point","coordinates":[18.5661432,54.3779747]},"properties":{"bench":"yes","bus":"yes","highway":"bus_stop","name":"Podkarpacka","operator":"ZTM Gdańsk","public_transport":"platform","ref:ztm":"1439","shelter":"no"}},
{"type":"Feature","geometry":{"type":"Point","coordinates":[18.5677491,54.3666635]},"properties":{"bench":"no","bin":"no","bus":"yes","check_date:shelter":"2022-10-27","highway":"bus_stop","lit":"yes","name":"Dolne Młyny 02","operator":"ZTM Gdańsk","public_transport":"platform","ref:ztm":"1435","shelter":"no","tactile_paving":"no"}},
{"type":"Feature","geometry":{"type":"Point","coordinates":[18.5564898,54.3635524]},"properties":{"bench":"yes","bus":"yes","highway":"bus_stop","name":"Karskiego 01","operator":"ZTM Gdańsk","public_transport":"platform","ref:ztm":"1736","shelter":"yes"}},
{"type":"Feature","geometry":{"type":"Point","coordinates":[18.5562892,54.3637375]},"properties":{"bench":"no","bus":"yes","highway":"bus_stop","name":"Karskiego 02","operator":"ZTM Gdańsk","public_transport":"platform","ref:ztm":"1735","shelter":"no"}},
{"type":"Feature","geometry":{"type":"Point","coordinates":[18.5488365,54.3665964]},"properties":{"bench":"yes","bus":"yes","highway":"bus_stop","name":"Matemblewo 01","operator":"ZTM Gdańsk","public_transport":"platform","ref:ztm":"150","shelter":"yes"}},
{"type":"Feature","geometry":{"type":"Point","coordinates":[18.5617966,54.3656829]},"properties":{"bench":"no","bin":"yes","bus":"yes","check_date:shelter":"2022-10-27","highway":"bus_stop","lit":"no","name":"Potokowa - Matemblewska 01","operator":"ZTM Gdańsk","public_transport":"platform","ref:ztm":"1438","shelter":"no","tactile_paving":"no"}},
{"type":"Feature","geometry":{"type":"Point","coordinates":[18.5632019,54.3665401]},"properties":{"bench":"no","bin":"yes","bus":"yes","check_date:shelter":"2022-10-27","highway":"bus_stop","lit":"yes","name":"Potokowa - Matemblewska 02","operator":"ZTM Gdańsk","public_transport":"platform","ref:ztm":"1437","shelter":"no","tactile_paving":"no"}},
{"type":"Feature","geometry":{"type":"Point","coordinates":[18.586897,54.3801479]},"properties":{"bench":"yes","bin":"yes","bus":"yes","covered":"no","departures_board":"timetable","highway":"bus_stop","lit":"yes","name":"Chrzanowskiego 02","network":"ZTM Gdańsk","network:wikidata":"Q9387123","operator":"ZTM Gdańsk","public_transport":"platform","ref:ztm":"1385","shelter":"yes","tactile_paving":"no"}},
{"type":"Feature","geometry":{"type":"Point","coordinates":[18.5882359,54.3804861]},"properties":{"bench":"yes","bin":"yes","bus":"yes","highway":"bus_stop","lit":"yes","name":"Chrzanowskiego 03","operator":"ZTM Gdańsk","public_transport":"platform","ref:ztm":"1927","shelter":"yes","tactile_paving":"yes"}},
{"type":"Feature","geometry":{"type":"Point","coordinates":[18.5791186,54.3788747]},"properties":{"bench":"yes","bin":"yes","bus":"yes","departures_board":"timetable","highway":"bus_stop","lit":"yes","name":"Srebrniki 02","network":"ZTM Gdańsk","network:wikidata":"Q9387123","operator":"ZTM Gdańsk","public_transport":"platform","ref:ztm":"1387","shelter":"yes","tactile_paving":"yes"}},
{"type":"Feature","geometry":{"type":"Point","coordinates":[18.567773,54.3995382]},"properties":{"bench":"no","bin":"yes","bus":"yes","check_date:shelter":"2021-07-30","departures_board":"timetable","highway":"bus_stop","lit":"yes","name":"Bażyńskiego 04","network":"ZTM Gdańsk","network:wikidata":"Q9387123","operator":"ZTM Gdańsk","public_transport":"platform","ref:ztm":"1621","shelter":"no","tactile_paving":"no"}},
{"type":"Feature","geometry":{"type":"Point","coordinates":[18.5627972,54.4082685]},"properties":{"bench":"yes","bin":"no","bus":"yes","highway":"bus_stop","lit":"yes","name":"Obrońców Westerplatte 04","network":"ZTM Gdańsk","network:wikidata":"Q9387123","operator":"ZTM Gdańsk","public_transport":"platform","ref:ztm":"1619","shelter":"yes","tactile_paving":"no"}},
{"type":"Feature","geometry":{"type":"Point","coordinates":[18.5631254,54.4083553]},"properties":{"bench":"no","bin":"no","bus":"yes","highway":"bus_stop","name":"Obrońców Westerplatte 03","network":"ZTM Gdańsk","network:wikidata":"Q9387123","operator":"ZTM Gdańsk","public_transport":"platform","ref:ztm":"1622","shelter":"no"}},
{"type":"Feature","geometry":{"type":"Point","coordinates":[18.5681207,54.4090953]},"properties":{"bench":"no","bin":"yes","bus":"yes","highway":"bus_stop","lit":"no","name":"Oliwa 04","network":"ZTM Gdańsk","network:wikidata":"Q9387123","operator":"ZTM Gdańsk","public_transport":"platform","ref:ztm":"1779","shelter":"no","tactile_paving":"no"}},
{"type":"Feature","geometry":{"type":"Point","coordinates":[18.5487207,54.4107062]},"properties":{"bench":"yes","bin":"yes","bus":"yes","check_date:shelter":"2022-09-04","highway":"bus_stop","lit":"yes","name":"Karwieńska 01","operator":"ZTM Gdańsk","public_transport":"platform","ref:ztm":"1506","shelter":"yes","tactile_paving":"no"}},
{"type":"Feature","geometry":{"type":"Point","coordinates":[18.5468836,54.4114127]},"properties":{"bench":"yes","bin":"yes","bus":"yes","highway":"bus_stop","name":"Karwieńska 02","operator":"ZTM Gdańsk","public_transport":"platform","ref:ztm":"1505","shelter":"yes"}},
{"type":"Feature","geometry":{"type":"Point","coordinates":[18.5597099,54.4183253]},"properties":{"bench":"yes","bus":"yes","departures_board":"timetable","highway":"bus_stop","name":"Bobrowa 02","network":"ZTM Gdańsk","network:wikidata":"Q9387123","operator":"ZTM Gdańsk","public_transport":"platform","ref:ztm":"1538","shelter":"yes"}},
{"type":"Feature","geometry":{"type":"Point","coordinates":[18.5605155,54.4194786]},"properties":{"bench":"yes","bus":"yes","departures_board":"timetable","highway":"bus_stop","name":"Bobrowa 01","network":"ZTM Gdańsk","network:wikidata":"Q9387123","operator":"ZTM Gdańsk","public_transport":"platform","ref:ztm":"1537","shelter":"no"}},
{"type":"Feature","geometry":{"type":"Point","coordinates":[18.5651707,54.4187675]},"properties":{"bench":"yes","bin":"yes","check_date:shelter":"2021-05-09","highway":"bus_stop","lit":"yes","name":"Górskiego 02","operator":"ZTM Gdańsk","public_transport":"platform","ref:ztm":"1667","shelter":"yes","source":"survey","tactile_paving":"yes"}},
{"type":"Feature","geometry":{"type":"Point","coordinates":[18.5660641,54.4137593]},"properties":{"bench":"yes","bin":"yes","bus":"yes","departures_board":"timetable","highway":"bus_stop","name":"Opacka","network":"ZTM Gdańsk","network:wikidata":"Q9387123","network:wikipedia":"pl:Zarząd Transportu Miejskiego w Gdańsku","public_transport":"platform","ref":"1665","ref:ztm":"1665","shelter":"yes"}},
{"type":"Feature","geometry":{"type":"Point","coordinates":[18.479737,54.3529102]},"properties":{"bench":"no","bin":"no","bus":"yes","departures_board":"timetable","highway":"bus_stop","lit":"no","name":"Stokłosy 01","network":"ZTM Gdańsk","network:wikidata":"Q9387123","public_transport":"platform","ref:ztm":"1701","shelter":"no","tactile_paving":"no"}},
{"type":"Feature","geometry":{"type":"Point","coordinates":[18.5805571,54.3789109]},"properties":{"bench":"yes","bin":"yes","bus":"yes","departures_board":"timetable","highway":"bus_stop","lit":"yes","name":"Srebrniki 01","network":"ZTM Gdańsk","network:wikidata":"Q9387123","operator":"ZTM Gdańsk","public_transport":"platform","ref:ztm":"1386","shelter":"yes","tactile_paving":"yes"}},
{"type":"Feature","geometry":{"type":"Point","coordinates":[18.5636237,54.4087399]},"properties":{"bench":"no","bin":"no","check_date:shelter":"2022-08-26","highway":"bus_stop","lit":"yes","name":"Obrońców Westerplatte 05","operator":"ZTM Gdańsk","ref:ztm":"1833","shelter":"no","tactile_paving":"no"}},
{"type":"Feature","geometry":{"type":"Point","coordinates":[18.5686428,54.4091269]},"properties":{"bench":"yes","bus":"yes","highway":"bus_stop","name":"Oliwa 05","network":"ZTM Gdańsk","network:wikidata":"Q9387123","operator":"ZTM Gdańsk","public_transport":"platform","ref:ztm":"1778","shelter":"yes","tactile_paving":"yes"}},
{"type":"Feature","geometry":{"type":"Point","coordinates":[18.577866,54.390837]},"properties":{"bench":"yes","bin":"yes","bus":"yes","check_date:shelter":"2021-05-09","highway":"bus_stop","lit":"yes","name":"Strzyża PKM 04","network":"ZTM Gdańsk","network:wikidata":"Q9387123","network:wikipedia":"pl:Zarząd Transportu Miejskiego w Gdańsku","public_transport":"platform","ref":"1625","ref:ztm":"1625","shelter":"yes","tactile_paving":"no"}},
{"type":"Feature","geometry":{"type":"Point","coordinates":[18.5776312,54.3914169]},"properties":{"bench":"no","bin":"yes","bus":"yes","check_date:shelter":"2025-06-01","highway":"bus_stop","lit":"no","name":"Strzyża PKM 05","network":"ZTM Gdańsk","network:wikidata":"Q9387123","network:wikipedia":"pl:Zarząd Transportu Miejskiego w Gdańsku","public_transport":"platform","ref":"1628","ref:ztm":"1628","shelter":"no","tactile_paving":"no"}},
{"type":"Feature","geometry":{"type":"Point","coordinates":[18.5724387,54.3953179]},"properties":{"bench":"yes","bin":"yes","bus":"yes","check_date:shelter":"2021-01-21","highway":"bus_stop","name":"Uniwersytet Gdański","operator":"ZTM Gdańsk","public_transport":"platform","ref:ztm":"1626","shelter":"yes","tactile_paving":"no"}},
{"type":"Feature","geometry":{"type":"Point","coordinates":[18.5714712,54.3956212]},"properties":{"bench":"no","bin":"yes","bus":"yes","check_date:shelter":"2024-03-13","highway":"bus_stop","lit":"no","name":"Uniwersytet Gdański","operator":"ZTM Gdańsk","public_transport":"platform","ref:ztm":"1623","shelter":"no","tactile_paving":"no"}},
{"type":"Feature","geometry":{"type":"Point","coordinates":[18.5848406,54.3867927]},"properties":{"bench":"yes","bin":"yes","bus":"yes","departures_board":"timetable","highway":"bus_stop","lit":"yes","name":"Zamenhofa 04","network":"ZTM Gdańsk","network:wikidata":"Q9387123","network:wikipedia":"pl:Zarząd Transportu Miejskiego w Gdańsku","public_transport":"platform","ref:ztm":"1627","shelter":"yes","tactile_paving":"no"}},
{"type":"Feature","geometry":{"type":"Point","coordinates":[18.5849831,54.3870078]},"properties":{"bench":"no","bin":"yes","bus":"yes","departures_board":"timetable","highway":"bus_stop","lit":"yes","name":"Zamenhofa 03","network":"ZTM Gdańsk","network:wikidata":"Q9387123","network:wikipedia":"pl:Zarząd Transportu Miejskiego w Gdańsku","public_transport":"platform","ref:ztm":"1630","shelter":"no","tactile_paving":"no"}},
{"type":"Feature","geometry":{"type":"Point","coordinates":[18.5989485,54.3829568]},"properties":{"bench":"yes","bin":"yes","bus":"yes","highway":"bus_stop","lit":"yes","name":"Galeria Bałtycka 05","network":"ZTM Gdańsk","network:wikidata":"Q9387123","network:wikipedia":"pl:Zarząd Transportu Miejskiego w Gdańsku","operator":"ZTM Gdańsk","public_transport":"platform","ref":"1382","ref:ztm":"1382","shelter":"yes","tactile_paving":"no"}},
{"type":"Feature","geometry":{"type":"Point","coordinates":[18.6661529,54.3326215]},"properties":{"bus":"yes","highway":"bus_stop","name":"Stokrotki 01","public_transport":"platform","ref:ztm":"1760"}},
{"type":"Feature","geometry":{"type":"Point","coordinates":[18.6040564,54.3813728]},"properties":{"bench":"no","bin":"yes","bus":"yes","highway":"bus_stop","lit":"yes","name":"Gdańsk, Wrzeszcz PKP","operator":"Gryf","public_transport":"platform","ref:Gryf":"810","shelter":"no","tactile_paving":"no"}},
{"type":"Feature","geometry":{"type":"Point","coordinates":[18.5762196,54.3987879]},"properties":{"bench":"yes","bin":"yes","bus":"yes","check_date:shelter":"2021-08-01","highway":"bus_stop","lit":"yes","name":"Biblioteka Główna UG 01","network":"ZTM Gdańsk","network:wikidata":"Q9387123","network:wikipedia":"pl:Zarząd Transportu Miejskiego w Gdańsku","public_transport":"platform","ref":"1678","ref:ztm":"1678","shelter":"yes","tactile_paving":"no"}},
{"type":"Feature","geometry":{"type":"Point","coordinates":[18.5726205,54.4110399]},"properties":{"bench":"yes","bus":"yes","check_date:shelter":"2021-03-01","highway":"bus_stop","name":"Oliwa PKP 02","network":"ZTM Gdańsk","network:wikidata":"Q9387123","network:wikipedia":"pl:Zarząd Transportu Miejskiego w Gdańsku","public_transport":"platform","ref":"118","ref:ztm":"118","shelter":"yes","tactile_paving":"yes"}},
{"type":"Feature","geometry":{"type":"Point","coordinates":[18.5978281,54.4049175]},"properties":{"bench":"yes","bin":"yes","bus":"yes","highway":"bus_stop","lit":"yes","name":"Opolska 01","network":"ZTM Gdańsk","network:wikidata":"Q9387123","network:wikipedia":"pl:Zarząd Transportu Miejskiego w Gdańsku","operator":"ZTM Gdańsk","public_transport":"platform","ref":"1466","ref:ztm":"1466","shelter":"yes","tactile_paving":"no"}},
{"type":"Feature","geometry":{"type":"Point","coordinates":[18.5944613,54.4043117]},"properties":{"bench":"yes","bus":"yes","check_date:shelter":"2021-03-02","highway":"bus_stop","name":"Kołobrzeska 05","network":"ZTM Gdańsk","network:wikidata":"Q9387123","network:wikipedia":"pl:Zarząd Transportu Miejskiego w Gdańsku","operator":"ZTM Gdańsk","public_transport":"platform","ref":"1468","ref:ztm":"1468","shelter":"yes","tactile_paving":"no"}},
{"type":"Feature","geometry":{"type":"Point","coordinates":[18.5978357,54.4051415]},"properties":{"bench":"yes","bin":"yes","bus":"yes","check_date:shelter":"2021-03-21","highway":"bus_stop","lit":"yes","name":"Opolska 02","network":"ZTM Gdańsk","network:wikidata":"Q9387123","network:wikipedia":"pl:Zarząd Transportu Miejskiego w Gdańsku","operator":"ZTM Gdańsk","public_transport":"platform","ref":"1465","ref:ztm":"1465","shelter":"yes","tactile_paving":"no"}},
{"type":"Feature","geometry":{"type":"Point","coordinates":[18.5763305,54.4017552]},"properties":{"bench":"no","bin":"no","bus":"yes","check_date":"2025-03-02","departures_board":"timetable","highway":"bus_stop","lit":"no","name":"Przymorze SKM 03","network":"ZTM Gdańsk","network:wikidata":"Q9387123","operator":"ZTM Gdańsk","public_transport":"platform","ref:ztm":"123","shelter":"no","tactile_paving":"yes"}},
{"type":"Feature","geometry":{"type":"Point","coordinates":[18.5933919,54.4042938]},"properties":{"bench":"yes","bin":"yes","bus":"yes","check_date:shelter":"2021-03-02","highway":"bus_stop","lit":"yes","name":"Kołobrzeska 06","network":"ZTM Gdańsk","network:wikidata":"Q9387123","network:wikipedia":"pl:Zarząd Transportu Miejskiego w Gdańsku","operator":"ZTM Gdańsk","public_transport":"platform","ref":"1467","ref:ztm":"1467","shelter":"yes","tactile_paving":"no"}},
{"type":"Feature","geometry":{"type":"Point","coordinates":[18.5771615,54.3972546]},"properties":{"bench":"yes","bin":"yes","bus":"yes","highway":"bus_stop","lit":"yes","name":"Biblioteka Główna UG 02","network":"ZTM Gdańsk","network:wikidata":"Q9387123","network:wikipedia":"pl:Zarząd Transportu Miejskiego w Gdańsku","public_transport":"platform","ref":"1679","ref:ztm":"1679","shelter":"yes","tactile_paving":"yes"}},
{"type":"Feature","geometry":{"type":"Point","coordinates":[18.5689345,54.3987319]},"properties":{"bench":"yes","bin":"yes","bus":"yes","highway":"bus_stop","name":"Bażyńskiego 05","network":"ZTM Gdańsk","network:wikidata":"Q9387123","operator":"ZTM Gdańsk","public_transport":"platform","ref:ztm":"1894","shelter":"yes"}},
{"type":"Feature","geometry":{"type":"Point","coordinates":[18.5928285,54.4259158]},"properties":{"bench":"no","bus":"yes","highway":"bus_stop","name":"Bursztynowa","operator":"ZTM Gdańsk","public_transport":"platform","shelter":"no","wheelchair":"yes"}},
{"type":"Feature","geometry":{"type":"Point","coordinates":[18.5921778,54.426628]},"properties":{"bench":"yes","bus":"yes","highway":"bus_stop","name":"Bursztynowa","operator":"ZTM Gdańsk","public_transport":"platform","shelter":"yes","wheelchair":"yes"}},
{"type":"Feature","geometry":{"type":"Point","coordinates":[18.5827195,54.4198303]},"properties":{"bench":"no","bin":"yes","bus":"yes","highway":"bus_stop","lit":"yes","name":"Gospody 01","network":"ZTM Gdańsk","network:wikidata":"Q9387123","network:wikipedia":"pl:Zarząd Transportu Miejskiego w Gdańsku","public_transport":"platform","ref":"1761","ref:ztm":"1761","shelter":"no","tactile_paving":"yes"}},
{"type":"Feature","geometry":{"type":"Point","coordinates":[18.6013787,54.4220098]},"properties":{"bench":"no","bin":"yes","bus":"yes","highway":"bus_stop","lit":"no","name":"Jelitkowo Kapliczna 01","operator":"ZTM Gdańsk","public_transport":"platform","ref:ztm":"1553","shelter":"no","tactile_paving":"no"}},
{"type":"Feature","geometry":{"type":"Point","coordinates":[18.5960428,54.4237431]},"properties":{"bench":"yes","bin":"yes","bus":"yes","departures_board":"yes","highway":"bus_stop","lit":"no","name":"Jelitkowo 04","network":"ZTM Gdańsk","network:wikidata":"Q9387123","network:wikipedia":"pl:Zarząd Transportu Miejskiego w Gdańsku","public_transport":"platform","ref":"1556","shelter":"yes","tactile_paving":"no"}},
{"type":"Feature","geometry":{"type":"Point","coordinates":[18.5964856,54.4239158]},"properties":{"bench":"no","bin":"yes","bus":"yes","highway":"bus_stop","lit":"no","name":"Jelitkowo 03","network":"ZTM Gdańsk","network:wikidata":"Q9387123","network:wikipedia":"pl:Zarząd Transportu Miejskiego w Gdańsku","public_transport":"platform","ref":"1555","shelter":"no","tactile_paving":"no"}},
{"type":"Feature","geometry":{"type":"Point","coordinates":[18.5781416,54.4179981]},"properties":{"bench":"yes","bin":"yes","bus":"yes","check_date:shelter":"2022-05-13","highway":"bus_stop","lit":"yes","name":"Pomorska - Osiedle","network":"ZTM Gdańsk","network:wikidata":"Q9387123","network:wikipedia":"pl:Zarząd Transportu Miejskiego w Gdańsku","public_transport":"platform","ref":"1570","ref:ztm":"1570","shelter":"yes","tactile_paving":"yes"}},
{"type":"Feature","geometry":{"type":"Point","coordinates":[18.5851919,54.4201017]},"properties":{"bench":"yes","bin":"yes","bus":"yes","highway":"bus_stop","lit":"yes","name":"Pomorska 03","network":"ZTM Gdańsk","network:wikidata":"Q9387123","network:wikipedia":"pl:Zarząd Transportu Miejskiego w Gdańsku","public_transport":"platform","ref":"1762","ref:ztm":"1762","shelter":"yes","tactile_paving":"no"}},
{"type":"Feature","geometry":{"type":"Point","coordinates":[18.577527,54.4242728]},"properties":{"bench":"yes","bin":"yes","bus":"yes","check_date:shelter":"2023-08-19","highway":"bus_stop","lit":"yes","name":"Rybacka","operator":"ZTM Gdańsk","public_transport":"platform","ref:ztm":"1392","shelter":"yes","tactile_paving":"yes"}},
{"type":"Feature","geometry":{"type":"Point","coordinates":[18.5701538,54.4211427]},"properties":{"bench":"no","bus":"yes","highway":"bus_stop","name":"Żabianka SKM 02","operator":"ZTM Gdańsk","public_transport":"platform","shelter":"no","toilets:wheelchair":"no","wheelchair":"yes"}},
{"type":"Feature","geometry":{"type":"Point","coordinates":[18.5703923,54.4212275]},"properties":{"bench":"yes","bin":"yes","bus":"yes","highway":"bus_stop","lit":"yes","name":"Żabianka SKM 01","operator":"ZTM Gdańsk","public_transport":"platform","shelter":"yes","tactile_paving":"no","toilets:wheelchair":"no","wheelchair":"no"}},
{"type":"Feature","geometry":{"type":"Point","coordinates":[18.5733561,54.4123436]},"properties":{"bench":"yes","bus":"yes","highway":"bus_stop","name":"Droszyńskiego","network":"ZTM Gdańsk","network:wikidata":"Q9387123","network:wikipedia":"pl:Zarząd Transportu Miejskiego w Gdańsku","public_transport":"platform","ref":"1532","shelter":"yes"}},
{"type":"Feature","geometry":{"type":"Point","coordinates":[18.5736222,54.4125599]},"properties":{"bench":"yes","bus":"yes","highway":"bus_stop","name":"Droszyńskiego","network":"ZTM Gdańsk","network:wikidata":"Q9387123","network:wikipedia":"pl:Zarząd Transportu Miejskiego w Gdańsku","public_transport":"platform","ref":"1533","shelter":"no"}},
{"type":"Feature","geometry":{"type":"Point","coordinates":[18.573021,54.4111646]},"properties":{"bench":"no","bus":"yes","highway":"bus_stop","name":"Oliwa PKP 01","network":"ZTM Gdańsk","network:wikidata":"Q9387123","network:wikipedia":"pl:Zarząd Transportu Miejskiego w Gdańsku","public_transport":"platform","ref":"1716","ref:ztm":"1716","shelter":"no"}},
{"type":"Feature","geometry":{"type":"Point","coordinates":[18.5859553,54.4161103]},"properties":{"bench":"yes","bin":"yes","bus":"yes","departures_board":"timetable","highway":"bus_stop","lit":"yes","name":"Piastowska","network":"ZTM Gdańsk","network:wikidata":"Q9387123","network:wikipedia":"pl:Zarząd Transportu Miejskiego w Gdańsku","public_transport":"platform","ref":"1527","shelter":"yes","tactile_paving":"yes"}},
{"type":"Feature","geometry":{"type":"Point","coordinates":[18.58686,54.4167922]},"properties":{"bench":"yes","bin":"yes","bus":"yes","departures_board":"timetable","highway":"bus_stop","lit":"yes","name":"Piastowska","network":"ZTM Gdańsk","network:wikidata":"Q9387123","network:wikipedia":"pl:Zarząd Transportu Miejskiego w Gdańsku","public_transport":"platform","ref":"1488","shelter":"yes","tactile_paving":"yes"}},
{"type":"Feature","geometry":{"type":"Point","coordinates":[18.5793877,54.4143278]},"properties":{"bench":"yes","bus":"yes","highway":"bus_stop","name":"Poznańska","network":"ZTM Gdańsk","network:wikidata":"Q9387123","network:wikipedia":"pl:Zarząd Transportu Miejskiego w Gdańsku","public_transport":"platform","ref":"1531","shelter":"yes"}},
{"type":"Feature","geometry":{"type":"Point","coordinates":[18.5800579,54.4144942]},"properties":{"bench":"no","bin":"yes","bus":"yes","highway":"bus_stop","lit":"yes","name":"Poznańska","network":"ZTM Gdańsk","network:wikidata":"Q9387123","network:wikipedia":"pl:Zarząd Transportu Miejskiego w Gdańsku","public_transport":"platform","ref":"1530","shelter":"no","tactile_paving":"yes"}},
{"type":"Feature","geometry":{"type":"Point","coordinates":[18.5932718,54.4173084]},"properties":{"bench":"yes","bus":"yes","highway":"bus_stop","name":"Tysiąclecia","network":"ZTM Gdańsk","network:wikidata":"Q9387123","network:wikipedia":"pl:Zarząd Transportu Miejskiego w Gdańsku","public_transport":"platform","ref":"1526","shelter":"yes"}},
{"type":"Feature","geometry":{"type":"Point","coordinates":[18.5921241,54.4173906]},"properties":{"bench":"yes","bin":"yes","bus":"yes","highway":"bus_stop","lit":"yes","name":"Tysiąclecia","network":"ZTM Gdańsk","network:wikidata":"Q9387123","network:wikipedia":"pl:Zarząd Transportu Miejskiego w Gdańsku","public_transport":"platform","ref":"1525","shelter":"yes","tactile_paving":"no"}},
{"type":"Feature","geometry":{"type":"Point","coordinates":[18.4677092,54.3827849]},"properties":{"bench":"yes","bus":"yes","covered":"no","highway":"bus_stop","name":"Port Lotniczy 03","network":"ZTM Gdańsk","network:wikidata":"Q9387123","network:wikipedia":"pl:Zarząd Transportu Miejskiego w Gdańsku","operator":"ZTM Gdańsk","public_transport":"platform","ref:ztm":"103","shelter":"yes"}},
{"type":"Feature","geometry":{"type":"Point","coordinates":[18.4677631,54.3828581]},"properties":{"bench":"yes","bus":"yes","covered":"no","highway":"bus_stop","name":"Port Lotniczy 04","network":"ZKM Gdynia","network:wikidata":"Q9387114","network:wikipedia":"pl:Zarząd Komunikacji Miejskiej w Gdyni","operator":"ZKM Gdynia","public_transport":"platform","ref:ztm":"104","shelter":"yes"}},
{"type":"Feature","geometry":{"type":"Point","coordinates":[18.4678194,54.3829345]},"properties":{"bus":"yes","highway":"bus_stop","name":"Port Lotniczy 05","public_transport":"platform","shelter":"no"}},
{"type":"Feature","geometry":{"type":"Point","coordinates":[18.4678824,54.38302]},"properties":{"bus":"yes","highway":"bus_stop","name":"Port Lotniczy 06","public_transport":"platform","shelter":"no"}},
{"type":"Feature","geometry":{"type":"Point","coordinates":[18.4679372,54.3830943]},"properties":{"bus":"yes","highway":"bus_stop","name":"Port Lotniczy 07","public_transport":"platform","shelter":"no"}},
{"type":"Feature","geometry":{"type":"Point","coordinates":[18.467991,54.3831674]},"properties":{"bus":"yes","highway":"bus_stop","name":"Port Lotniczy 08","public_transport":"platform","shelter":"no"}},
{"type":"Feature","geometry":{"type":"Point","coordinates":[18.6146502,54.4067202]},"properties":{"bench":"yes","bin":"yes","bus":"yes","departures_board":"timetable","highway":"bus_stop","name":"Czarny Dwór 03","network":"ZTM Gdańsk","network:wikidata":"Q9387123","network:wikipedia":"pl:Zarząd Transportu Miejskiego w Gdańsku","public_transport":"platform","ref:ztm":"1477","shelter":"yes"}},
{"type":"Feature","geometry":{"type":"Point","coordinates":[18.6164246,54.4067437]},"properties":{"bench":"yes","bin":"yes","bus":"yes","departures_board":"timetable","highway":"bus_stop","lit":"yes","name":"Czarny Dwór 02","network":"ZTM Gdańsk","network:wikidata":"Q9387123","network:wikipedia":"pl:Zarząd Transportu Miejskiego w Gdańsku","public_transport":"platform","ref:ztm":"1478","shelter":"yes","tactile_paving":"no"}},
{"type":"Feature","geometry":{"type":"Point","coordinates":[18.6139842,54.4076611]},"properties":{"bench":"yes","bus":"yes","departures_board":"timetable","highway":"bus_stop","name":"Czarny Dwór 01","network":"ZTM Gdańsk","network:wikidata":"Q9387123","network:wikipedia":"pl:Zarząd Transportu Miejskiego w Gdańsku","public_transport":"platform","ref:ztm":"1476","shelter":"yes"}},
{"type":"Feature","geometry":{"type":"Point","coordinates":[18.6066491,54.3992048]},"properties":{"bench":"yes","bin":"yes","bus":"yes","check_date:shelter":"2022-06-23","highway":"bus_stop","lit":"yes","name":"Leszczyńskich 02","network":"ZTM Gdańsk","network:wikidata":"Q9387123","network:wikipedia":"pl:Zarząd Transportu Miejskiego w Gdańsku","public_transport":"platform","ref:ztm":"1481","shelter":"yes","tactile_paving":"no","wheelchair":"yes"}},
{"type":"Feature","geometry":{"type":"Point","coordinates":[18.6080373,54.3999985]},"properties":{"bench":"yes","bin":"yes","bus":"yes","check_date:shelter":"2022-03-03","highway":"bus_stop","lit":"yes","name":"Leszczyńskich 01","network":"ZTM Gdańsk","network:wikidata":"Q9387123","network:wikipedia":"pl:Zarząd Transportu Miejskiego w Gdańsku","public_transport":"platform","ref:ztm":"1478","shelter":"yes","tactile_paving":"no","wheelchair":"yes"}},
{"type":"Feature","geometry":{"type":"Point","coordinates":[18.6038244,54.3960044]},"properties":{"bench":"yes","bin":"yes","bus":"yes","highway":"bus_stop","lit":"yes","name":"Rzeczypospolitej 01","network":"ZTM Gdańsk","network:wikidata":"Q9387123","network:wikipedia":"pl:Zarząd Transportu Miejskiego w Gdańsku","public_transport":"platform","ref":"1480","shelter":"yes","tactile_paving":"yes"}},
{"type":"Feature","geometry":{"type":"Point","coordinates":[18.6035865,54.3963676]},"properties":{"bench":"yes","bin":"yes","bus":"yes","highway":"bus_stop","lit":"yes","name":"Rzeczypospolitej 02","network":"ZTM Gdańsk","network:wikidata":"Q9387123","network:wikipedia":"pl:Zarząd Transportu Miejskiego w Gdańsku","public_transport":"platform","ref":"1483","ref:ztm":"1483","shelter":"yes","tactile_paving":"no"}},
{"type":"Feature","geometry":{"type":"Point","coordinates":[18.612119,54.4038233]},"properties":{"bench":"yes","bin":"yes","bus":"yes","check_date:shelter":"2021-05-07","highway":"bus_stop","lit":"yes","name":"Zaspa - Szpital 01","network":"ZTM Gdańsk","network:wikidata":"Q9387123","network:wikipedia":"pl:Zarząd Transportu Miejskiego w Gdańsku","public_transport":"platform","ref:ztm":"1447","shelter":"yes","tactile_paving":"no","wheelchair":"yes"}},
{"type":"Feature","geometry":{"type":"Point","coordinates":[18.6099584,54.4023202]},"properties":{"bench":"yes","bin":"yes","bus":"yes","check_date:bin":"2023-04-25","highway":"bus_stop","lit":"yes","name":"Zaspa - Szpital 02","network":"ZTM Gdańsk","network:wikidata":"Q9387123","network:wikipedia":"pl:Zarząd Transportu Miejskiego w Gdańsku","public_transport":"platform","ref:ztm":"1479","shelter":"yes","tactile_paving":"no","wheelchair":"yes"}},
{"type":"Feature","geometry":{"type":"Point","coordinates":[18.6131415,54.3949981]},"properties":{"bench":"no","bus":"yes","departures_board":"timetable","highway":"bus_stop","name":"Drzewieckiego 02","network":"ZTM Gdańsk","network:wikidata":"Q9387123","operator":"ZTM Gdańsk","public_transport":"platform","ref:ztm":"1653","shelter":"no","wheelchair":"yes"}},
{"type":"Feature","geometry":{"type":"Point","coordinates":[18.612773,54.3954701]},"properties":{"bench":"yes","bus":"yes","departures_board":"timetable","highway":"bus_stop","name":"Drzewieckiego 01","network":"ZTM Gdańsk","network:wikidata":"Q9387123","network:wikipedia":"pl:Zarząd Transportu Miejskiego w Gdańsku","operator":"ZTM Gdańsk","public_transport":"platform","ref:ztm":"1445","shelter":"yes","wheelchair":"yes"}},
{"type":"Feature","geometry":{"type":"Point","coordinates":[18.6098685,54.3986606]},"properties":{"bench":"no","bus":"yes","highway":"bus_stop","name":"Korczaka 02","network":"ZTM Gdańsk","network:wikidata":"Q9387123","operator":"ZTM Gdańsk","public_transport":"platform","ref:ztm":"1651","shelter":"no","wheelchair":"yes"}},
{"type":"Feature","geometry":{"type":"Point","coordinates":[18.6086729,54.3992544]},"properties":{"bench":"yes","bus":"yes","highway":"bus_stop","name":"Korczaka 01","network":"ZTM Gdańsk","network:wikidata":"Q9387123","operator":"ZTM Gdańsk","public_transport":"platform","ref:ztm":"1446","shelter":"yes","wheelchair":"yes"}},
{"type":"Feature","geometry":{"type":"Point","coordinates":[18.598818,54.3869742]},"properties":{"bench":"yes","bin":"yes","bus":"yes","highway":"bus_stop","lit":"yes","name":"SDO \"Złota Jesień\" 01","operator":"ZTM Gdańsk","public_transport":"platform","ref:ztm":"1727","shelter":"no","tactile_paving":"yes"}},
{"type":"Feature","geometry":{"type":"Point","coordinates":[18.6024499,54.3864506]},"properties":{"bench":"yes","bin":"yes","bus":"yes","check_date:shelter":"2021-04-20","highway":"bus_stop","lit":"yes","name":"Skarżyńskiego","name:pl":"Skarżyńskiego 02","network":"ZTM Gdańsk","network:wikidata":"Q9387123","operator":"ZTM Gdańsk","public_transport":"platform","shelter":"yes","tactile_paving":"yes"}},
{"type":"Feature","geometry":{"type":"Point","coordinates":[18.6011316,54.3869291]},"properties":{"bench":"yes","bin":"yes","bus":"yes","highway":"bus_stop","lit":"yes","name":"Skarżyńskiego 01","network":"ZTM Gdańsk","network:wikidata":"Q9387123","operator":"ZTM Gdańsk","public_transport":"platform","shelter":"yes","tactile_paving":"yes"}},
{"type":"Feature","geometry":{"type":"Point","coordinates":[18.6170161,54.3946827]},"properties":{"bus":"yes","departures_board":"timetable","highway":"bus_stop","name":"Ciołkowskiego 01","network":"ZTM Gdańsk","network:wikidata":"Q9387123","network:wikipedia":"pl:Zarząd Transportu Miejskiego w Gdańsku","operator":"ZTM Gdańsk","public_transport":"platform","ref:ztm":"1444","tactile_paving":"no"}},
{"type":"Feature","geometry":{"type":"Point","coordinates":[18.6170372,54.3903071]},"properties":{"bench":"yes","bus":"yes","departures_board":"yes","highway":"bus_stop","name":"Kopalniana","network":"ZTM Gdańsk","network:wikidata":"Q9387123","public_transport":"platform","ref":"1443","ref:ztm":"1443","shelter":"yes"}},
{"type":"Feature","geometry":{"type":"Point","coordinates":[18.611504,54.3874248]},"properties":{"bench":"yes","bus":"yes","check_date:shelter":"2021-01-28","highway":"bus_stop","name":"Legionów 04","operator":"ZTM Gdańsk","public_transport":"platform","ref:ztm":"1442","shelter":"yes","tactile_paving":"no"}},
{"type":"Feature","geometry":{"type":"Point","coordinates":[18.6078836,54.3883994]},"properties":{"bench":"yes","bus":"yes","highway":"bus_stop","name":"Rozstaje 04","operator":"ZTM Gdańsk","public_transport":"platform","shelter":"yes"}},
{"type":"Feature","geometry":{"type":"Point","coordinates":[18.607857,54.3888691]},"properties":{"bench":"yes","bus":"yes","highway":"bus_stop","name":"Rozstaje 05","network":"ZTM Gdańsk","network:wikidata":"Q9387123","operator":"ZTM Gdańsk","public_transport":"platform","shelter":"yes"}},
{"type":"Feature","geometry":{"type":"Point","coordinates":[18.6102615,54.3880031]},"properties":{"bench":"no","bin":"no","bus":"yes","highway":"bus_stop","lit":"yes","name":"Legionów 03","operator":"ZTM Gdańsk","public_transport":"platform","shelter":"no","tactile_paving":"no","wheelchair":"yes"}},
{"type":"Feature","geometry":{"type":"Point","coordinates":[18.5898551,54.4069024]},"properties":{"bench":"no","bin":"yes","bus":"yes","departures_board":"timetable","highway":"bus_stop","lit":"yes","name":"Bora Komorowskiego 05","network":"ZTM Gdańsk","network:wikidata":"Q9387123","network:wikipedia":"pl:Zarząd Transportu Miejskiego w Gdańsku","public_transport":"platform","ref":"1896","ref:ztm":"1896","shelter":"no","tactile_paving":"no","wheelchair":"limited"}},
{"type":"Feature","geometry":{"type":"Point","coordinates":[18.5889123,54.4074483]},"properties":{"bench":"yes","bin":"yes","bus":"yes","departures_board":"timetable","highway":"bus_stop","lit":"yes","name":"Bora Komorowskiego 06","network":"ZTM Gdańsk","network:wikidata":"Q9387123","network:wikipedia":"pl:Zarząd Transportu Miejskiego w Gdańsku","public_transport":"platform","ref":"1895","ref:ztm":"1895","shelter":"yes","tactile_paving":"no","wheelchair":"limited"}},
{"type":"Feature","geometry":{"type":"Point","coordinates":[18.5911295,54.4082378]},"properties":{"bench":"yes","bin":"yes","bus":"yes","departures_board":"timetable","highway":"bus_stop","lit":"yes","name":"Chłopska 01","network":"ZTM Gdańsk","network:wikidata":"Q9387123","network:wikipedia":"pl:Zarząd Transportu Miejskiego w Gdańsku","public_transport":"platform","ref:ztm":"1471","shelter":"yes","tactile_paving":"yes","wheelchair":"yes"}},
{"type":"Feature","geometry":{"type":"Point","coordinates":[18.5921364,54.4024148]},"properties":{"bench":"yes","bin":"yes","bus":"yes","highway":"bus_stop","lit":"yes","name":"Kołobrzeska","network":"ZTM Gdańsk","network:wikidata":"Q9387123","network:wikipedia":"pl:Zarząd Transportu Miejskiego w Gdańsku","public_transport":"platform","ref":"1614","shelter":"yes","tactile_paving":"no"}},
{"type":"Feature","geometry":{"type":"Point","coordinates":[18.5902737,54.4047235]},"properties":{"bench":"yes","bin":"yes","bus":"yes","departures_board":"timetable","highway":"bus_stop","lit":"yes","name":"Kołobrzeska","network":"ZTM Gdańsk","network:wikidata":"Q9387123","network:wikipedia":"pl:Zarząd Transportu Miejskiego w Gdańsku","public_transport":"platform","ref":"1613","shelter":"yes","tactile_paving":"yes"}},
{"type":"Feature","geometry":{"type":"Point","coordinates":[18.6220151,54.3968512]},"properties":{"bench":"yes","bin":"yes","bus":"yes","highway":"bus_stop","name":"Grudziądzka 05","network":"ZTM Gdańsk","network:wikidata":"Q9387123","network:wikipedia":"pl:Zarząd Transportu Miejskiego w Gdańsku","public_transport":"platform","ref:ztm":"1449","shelter":"yes"}},
{"type":"Feature","geometry":{"type":"Point","coordinates":[18.6221042,54.3896795]},"properties":{"bench":"yes","bin":"yes","bus":"yes","highway":"bus_stop","name":"Lwowska 01","network":"ZTM Gdańsk","network:wikidata":"Q9387123","operator":"ZTM Gdańsk","public_transport":"platform","ref:ztm":"1450","shelter":"yes"}},
{"type":"Feature","geometry":{"type":"Point","coordinates":[18.6232665,54.3764088]},"properties":{"bench":"yes","bus":"yes","highway":"bus_stop","name":"Wyspiańskiego","operator":"ZTM Gdańsk","public_transport":"platform","ref:ztm":"1609","shelter":"yes","tactile_paving":"no"}},
{"type":"Feature","geometry":{"type":"Point","coordinates":[18.6236167,54.3768595]},"properties":{"bench":"no","bin":"no","bus":"yes","highway":"bus_stop","lit":"yes","name":"Wyspiańskiego","operator":"ZTM Gdańsk","public_transport":"platform","shelter":"no","tactile_paving":"no"}},
{"type":"Feature","geometry":{"type":"Point","coordinates":[18.6216366,54.382946]},"properties":{"bench":"no","bin":"no","bus":"yes","fixme":"Sprawdzić dokładną lokalizację","highway":"bus_stop","lit":"yes","name":"Mickiewicza 04","operator":"ZTM Gdańsk","public_transport":"platform","ref:ztm":"1655","shelter":"no","tactile_paving":"yes"}},
{"type":"Feature","geometry":{"type":"Point","coordinates":[18.6221996,54.3875671]},"properties":{"bench":"no","bin":"yes","bus":"yes","highway":"bus_stop","name":"Kościuszki 04","operator":"ZTM Gdańsk","public_transport":"platform","ref:ztm":"1617","shelter":"no"}},
{"type":"Feature","geometry":{"type":"Point","coordinates":[18.6226409,54.3882922]},"properties":{"bench":"no","bin":"no","bus":"yes","check_date:shelter":"2023-01-02","highway":"bus_stop","name":"Kościuszki 05","operator":"ZTM Gdańsk","public_transport":"platform","shelter":"no","tactile_paving":"yes"}},
{"type":"Feature","geometry":{"type":"Point","coordinates":[18.623671,54.4010805]},"properties":{"bench":"yes","bus":"yes","departures_board":"timetable","highway":"bus_stop","name":"al. Płażyńskiego","network":"ZTM Gdańsk","network:wikidata":"Q9387123","network:wikipedia":"pl:Zarząd Transportu Miejskiego w Gdańsku","public_transport":"platform","ref":"1997","ref:ztm":"1997","shelter":"yes"}},
{"type":"Feature","geometry":{"type":"Point","coordinates":[18.6219873,54.4013084]},"properties":{"bench":"yes","bin":"yes","bus":"yes","departures_board":"timetable","highway":"bus_stop","lit":"yes","name":"al. Płażyńskiego","network":"ZTM Gdańsk","network:wikidata":"Q9387123","network:wikipedia":"pl:Zarząd Transportu Miejskiego w Gdańsku","public_transport":"platform","ref":"1580","ref:ztm":"1580","shelter":"yes","tactile_paving":"yes"}},
{"type":"Feature","geometry":{"type":"Point","coordinates":[18.6220654,54.4031431]},"properties":{"bench":"yes","bin":"yes","bus":"yes","departures_board":"timetable","highway":"bus_stop","lit":"yes","name":"al. Płażyńskiego","network":"ZTM Gdańsk","network:wikidata":"Q9387123","network:wikipedia":"pl:Zarząd Transportu Miejskiego w Gdańsku","public_transport":"platform","ref":"1998","ref:ztm":"1998","shelter":"yes","tactile_paving":"yes"}},
{"type":"Feature","geometry":{"type":"Point","coordinates":[18.6391342,54.4070941]},"properties":{"bench":"yes","bin":"yes","bus":"yes","highway":"bus_stop","lit":"yes","name":"Brzeźno Dom Zdrojowy 05","network":"ZTM Gdańsk","network:wikidata":"Q9387123","network:wikipedia":"pl:Zarząd Transportu Miejskiego w Gdańsku","public_transport":"platform","ref":"1495","shelter":"yes","tactile_paving":"no"}},
{"type":"Feature","geometry":{"type":"Point","coordinates":[18.6272488,54.4041382]},"properties":{"bench":"yes","bin":"yes","bus":"yes","check_date:shelter":"2022-05-29","highway":"bus_stop","name":"Dworska","network":"ZTM Gdańsk","network:wikidata":"Q9387123","operator":"ZTM Gdańsk","public_transport":"platform","ref:ztm":"1491","shelter":"yes","tactile_paving":"no"}},
{"type":"Feature","geometry":{"type":"Point","coordinates":[18.62562,54.4044227]},"properties":{"bench":"yes","bin":"yes","bus":"yes","check_date:shelter":"2022-05-29","highway":"bus_stop","name":"Dworska","network":"ZTM Gdańsk","network:wikidata":"Q9387123","operator":"ZTM Gdańsk","public_transport":"platform","ref:ztm":"1492","shelter":"yes","tactile_paving":"no"}},
{"type":"Feature","geometry":{"type":"Point","coordinates":[18.63248,54.4044151]},"properties":{"bench":"yes","bin":"yes","bus":"yes","departures_board":"timetable","highway":"bus_stop","lit":"no","name":"PCK 01","network":"ZTM Gdańsk","network:wikidata":"Q9387123","network:wikipedia":"pl:Zarząd Transportu Miejskiego w Gdańsku","operator":"ZTM Gdańsk","public_transport":"platform","ref:ztm":"1493","shelter":"yes","tactile_paving":"no"}},
{"type":"Feature","geometry":{"type":"Point","coordinates":[18.6316525,54.4047969]},"properties":{"bench":"yes","bin":"yes","bus":"yes","departures_board":"timetable","highway":"bus_stop","lit":"yes","name":"PCK 02","network":"ZTM Gdańsk","network:wikidata":"Q9387123","network:wikipedia":"pl:Zarząd Transportu Miejskiego w Gdańsku","operator":"ZTM Gdańsk","public_transport":"platform","ref:ztm":"1494","shelter":"yes","tactile_paving":"no"}},
{"type":"Feature","geometry":{"type":"Point","coordinates":[18.6624512,54.4000049]},"properties":{"bench":"yes","bin":"yes","bus":"yes","departures_board":"timetable","highway":"bus_stop","lit":"yes","name":"Wyzwolenia 02","network":"ZTM Gdańsk","network:wikidata":"Q9387123","network:wikipedia":"pl:Zarząd Transportu Miejskiego w Gdańsku","operator":"ZTM Gdańsk","public_transport":"platform","ref:ztm":"1500","shelter":"yes","tactile_paving":"no"}},
{"type":"Feature","geometry":{"type":"Point","coordinates":[18.6609498,54.4004653]},"properties":{"bench":"yes","bin":"yes","bus":"yes","departures_board":"timetable","highway":"bus_stop","lit":"yes","name":"Wyzwolenia 01","network":"ZTM Gdańsk","network:wikidata":"Q9387123","network:wikipedia":"pl:Zarząd Transportu Miejskiego w Gdańsku","operator":"ZTM Gdańsk","public_transport":"platform","ref:ztm":"1499","shelter":"yes","tactile_paving":"no"}},
{"type":"Feature","geometry":{"type":"Point","coordinates":[18.6729,54.396123]},"properties":{"bench":"yes","bin":"yes","bus":"yes","departures_board":"timetable","highway":"bus_stop","lit":"no","name":"Nowy Port Szaniec Zachodni 02","network":"ZTM Gdańsk","network:wikidata":"Q9387123","network:wikipedia":"pl:Zarząd Transportu Miejskiego w Gdańsku","operator":"ZTM Gdańsk","public_transport":"platform","ref:ztm":"125","shelter":"yes","tactile_paving":"no"}},
{"type":"Feature","geometry":{"type":"Point","coordinates":[18.6733964,54.3962649]},"properties":{"bench":"no","bin":"no","bus":"yes","departures_board":"timetable","highway":"bus_stop","lit":"yes","name":"Nowy Port Szaniec Zachodni 01","network":"ZTM Gdańsk","network:wikidata":"Q9387123","network:wikipedia":"pl:Zarząd Transportu Miejskiego w Gdańsku","operator":"ZTM Gdańsk","public_transport":"platform","ref:ztm":"325","shelter":"no","tactile_paving":"no"}},
{"type":"Feature","geometry":{"type":"Point","coordinates":[18.6670254,54.3978614]},"properties":{"bench":"no","bus":"yes","highway":"bus_stop","name":"Marynarki Polskiej 04","network":"ZTM Gdańsk","network:wikidata":"Q9387123","operator":"ZTM Gdańsk","public_transport":"platform","ref:ztm":"1641","shelter":"no"}},
{"type":"Feature","geometry":{"type":"Point","coordinates":[18.6664328,54.3979556]},"properties":{"bench":"no","bus":"yes","highway":"bus_stop","name":"Marynarki Polskiej 05","network":"ZTM Gdańsk","network:wikidata":"Q9387123","operator":"ZTM Gdańsk","public_transport":"platform","ref:ztm":"1640","shelter":"no"}},
{"type":"Feature","geometry":{"type":"Point","coordinates":[18.6232128,54.3724573]},"properties":{"bench":"yes","bin":"yes","bus":"yes","highway":"bus_stop","lit":"yes","name":"Opera Bałtycka 04","name:de":"Baltische Oper","name:en":"Baltic Opera","name:pl":"Opera Bałtycka 04","network":"ZTM Gdańsk","network:wikidata":"Q9387123","network:wikipedia":"pl:Zarząd Transportu Miejskiego w Gdańsku","operator":"ZTM Gdańsk","public_transport":"platform","ref:ztm":"1597","shelter":"yes","tactile_paving":"no"}},
{"type":"Feature","geometry":{"type":"Point","coordinates":[18.6249772,54.3728249]},"properties":{"bench":"no","bin":"yes","bus":"yes","highway":"bus_stop","lit":"yes","name":"Opera Bałtycka","network":"ZTM Gdańsk","network:wikidata":"Q9387123","network:wikipedia":"pl:Zarząd Transportu Miejskiego w Gdańsku","operator":"ZTM Gdańsk","public_transport":"platform","ref:ztm":"1912","shelter":"no","tactile_paving":"no"}},
{"type":"Feature","geometry":{"type":"Point","coordinates":[18.6235497,54.3732042]},"properties":{"bench":"no","bin":"yes","bus":"yes","highway":"bus_stop","lit":"yes","name":"Opera Bałtycka","name:de":"Baltische Oper","name:en":"Baltic Opera","name:pl":"Opera Bałtycka","network":"ZTM Gdańsk","network:wikidata":"Q9387123","network:wikipedia":"pl:Zarząd Transportu Miejskiego w Gdańsku","operator":"ZTM Gdańsk","public_transport":"platform","ref:ztm":"1598","shelter":"no","tactile_paving":"no"}},
{"type":"Feature","geometry":{"type":"Point","coordinates":[18.6176474,54.3751667]},"properties":{"bench":"yes","bin":"yes","bus":"yes","highway":"bus_stop","lit":"yes","name":"Teatr Miniatura / Radio Gdańsk 04","operator":"ZTM Gdańsk","public_transport":"platform","ref:ztm":"1595","shelter":"yes","tactile_paving":"no"}},
{"type":"Feature","geometry":{"type":"Point","coordinates":[18.6332102,54.3789774]},"properties":{"bench":"no","bus":"yes","highway":"bus_stop","name":"Swojska 04","network":"ZTM Gdańsk","network:wikidata":"Q9387123","network:wikipedia":"pl:Zarząd Transportu Miejskiego w Gdańsku","operator":"ZTM Gdańsk","public_transport":"platform","ref:ztm":"1647","shelter":"no"}},
{"type":"Feature","geometry":{"type":"Point","coordinates":[18.6345552,54.3794525]},"properties":{"bench":"no","bin":"yes","bus":"yes","highway":"bus_stop","name":"Swojska 03","network":"ZTM Gdańsk","network:wikidata":"Q9387123","network:wikipedia":"pl:Zarząd Transportu Miejskiego w Gdańsku","operator":"ZTM Gdańsk","public_transport":"platform","ref:ztm":"1646","shelter":"no","tactile_paving":"yes"}},
{"type":"Feature","geometry":{"type":"Point","coordinates":[18.6329304,54.3676657]},"properties":{"bench":"yes","bin":"yes","bus":"yes","highway":"bus_stop","lit":"yes","name":"Uniwersytet Medyczny 03","network":"ZTM Gdańsk","network:wikidata":"Q9387123","public_transport":"platform","ref":"1600","ref:ztm":"1600","shelter":"yes","tactile_paving":"no"}},
{"type":"Feature","geometry":{"type":"Point","coordinates":[18.6151696,54.3766886]},"properties":{"bench":"yes","bin":"yes","bus":"yes","highway":"bus_stop","lit":"yes","name":"Uphagena 01","network":"ZTM Gdańsk","network:wikidata":"Q9387123","network:wikipedia":"pl:Zarząd Transportu Miejskiego w Gdańsku","public_transport":"platform","ref":"1348","ref:ztm":"1348","shelter":"yes","tactile_paving":"no"}},
{"type":"Feature","geometry":{"type":"Point","coordinates":[18.6272179,54.3701106]},"properties":{"bench":"no","bin":"yes","bus":"yes","highway":"bus_stop","lit":"yes","name":"Centrum Onkologii 04","operator":"ZTM Gdańsk","public_transport":"platform","ref:ztm":"1913","shelter":"no","tactile_paving":"no"}},
{"type":"Feature","geometry":{"type":"Point","coordinates":[18.6569353,54.3918688]},"properties":{"bench":"no","bin":"yes","bus":"yes","departures_board":"timetable","highway":"bus_stop","lit":"yes","name":"Śnieżna 04","network":"ZTM Gdańsk","network:wikidata":"Q9387123","network:wikipedia":"pl:Zarząd Transportu Miejskiego w Gdańsku","operator":"ZTM Gdańsk","public_transport":"platform","ref:ztm":"1643","shelter":"no","tactile_paving":"yes"}},
{"type":"Feature","geometry":{"type":"Point","coordinates":[18.657937,54.3922066]},"properties":{"bench":"no","bin":"yes","bus":"yes","departures_board":"timetable","highway":"bus_stop","lit":"yes","name":"Śnieżna 03","network":"ZTM Gdańsk","network:wikidata":"Q9387123","operator":"ZTM Gdańsk","public_transport":"platform","ref:ztm":"1642","shelter":"no","tactile_paving":"yes"}},
{"type":"Feature","geometry":{"type":"Point","coordinates":[18.6702558,54.3767377]},"properties":{"bench":"no","bus":"yes","highway":"bus_stop","name":"Kujawska 01","operator":"ZTM Gdańsk","public_transport":"platform","ref:ztm":"1097","shelter":"no"}},
{"type":"Feature","geometry":{"type":"Point","coordinates":[18.6456608,54.3503917]},"properties":{"bench":"yes","bin":"yes","bus":"yes","departures_board":"realtime","highway":"bus_stop","lit":"yes","name":"Brama Wyżynna 04","network":"ZTM Gdańsk","network:wikidata":"Q9387123","network:wikipedia":"pl:Zarząd Transportu Miejskiego w Gdańsku","operator":"ZTM Gdańsk","public_transport":"platform","ref:ztm":"1033","shelter":"yes","tactile_paving":"yes"}},
{"type":"Feature","geometry":{"type":"Point","coordinates":[18.6457832,54.3547538]},"properties":{"bench":"yes","bin":"yes","bus":"yes","check_date:shelter":"2022-09-13","highway":"bus_stop","lit":"yes","name":"Dworzec Główny 13","operator":"ZTM Gdańsk","public_transport":"platform","ref:ztm":"1022","shelter":"yes","tactile_paving":"no"}},
{"type":"Feature","geometry":{"type":"Point","coordinates":[18.6458758,54.3551016]},"properties":{"bench":"yes","bin":"yes","bus":"yes","highway":"bus_stop","lit":"yes","name":"Dworzec Główny","network":"ZTM Gdańsk","network:wikidata":"Q9387123","operator":"ZTM Gdańsk","public_transport":"platform","ref:ztm":"1024","shelter":"yes","tactile_paving":"no"}},
{"type":"Feature","geometry":{"type":"Point","coordinates":[18.6459338,54.3552696]},"properties":{"bench":"yes","bin":"yes","bus":"yes","highway":"bus_stop","lit":"yes","name":"Dworzec Główny 07","name:de":"Hauptbahnhof","name:pl":"Dworzec Główny 07","network":"ZTM Gdańsk","network:wikidata":"Q9387123","operator":"ZTM Gdańsk","public_transport":"platform","ref:ztm":"1016","shelter":"yes","tactile_paving":"no"}},
{"type":"Feature","geometry":{"type":"Point","coordinates":[18.6071766,54.3481709]},"properties":{"bench":"yes","bin":"yes","bus":"yes","highway":"bus_stop","lit":"yes","name":"Siedlce 04","public_transport":"platform","ref:ztm":"362","shelter":"yes","tactile_paving":"yes"}},
{"type":"Feature","geometry":{"type":"Point","coordinates":[18.6070567,54.3483056]},"properties":{"bench":"yes","bin":"yes","bus":"yes","highway":"bus_stop","name":"Siedlce 05","public_transport":"platform","ref:ztm":"162","shelter":"yes","tactile_paving":"yes"}},
{"type":"Feature","geometry":{"type":"Point","coordinates":[18.6476124,54.350472]},"properties":{"bench":"no","bin":"yes","bus":"yes","highway":"bus_stop","lit":"yes","name":"Katownia","operator":"ZTM Gdańsk","public_transport":"platform","ref:ztm":"1829","shelter":"no","tactile_paving":"no"}},
{"type":"Feature","geometry":{"type":"Point","coordinates":[18.6474341,54.3583974]},"properties":{"bench":"no","bin":"yes","bus":"yes","highway":"bus_stop","lit":"no","name":"Plac Solidarności 03","network":"ZTM Gdańsk","network:wikidata":"Q9387123","network:wikipedia":"pl:Zarząd Transportu Miejskiego w Gdańsku","operator":"ZTM Gdańsk","public_transport":"platform","ref":"1000","ref:ztm":"1000","shelter":"no","tactile_paving":"no"}},
{"type":"Feature","geometry":{"type":"Point","coordinates":[18.6728242,54.3261596]},"properties":{"bench":"no","bus":"yes","highway":"bus_stop","name":"Łanowa II","operator":"ZTM Gdańsk","public_transport":"platform","ref:ztm":"1606","shelter":"no"}},
{"type":"Feature","geometry":{"type":"Point","coordinates":[18.4675935,54.3826277]},"properties":{"bench":"yes","bus":"yes","covered":"no","highway":"bus_stop","name":"Port Lotniczy 01","network":"ZTM Gdańsk","network:wikidata":"Q9387123","network:wikipedia":"pl:Zarząd Transportu Miejskiego w Gdańsku","operator":"ZTM Gdańsk","public_transport":"platform","ref:ztm":"101","shelter":"yes"}},
{"type":"Feature","geometry":{"type":"Point","coordinates":[18.6221859,54.3846016]},"properties":{"bench":"yes","bin":"no","bus":"yes","highway":"bus_stop","name":"Mickiewicza 05","network:wikidata":"Q9387123","network:wikipedia":"pl:Zarząd Transportu Miejskiego w Gdańsku","operator":"ZTM Gdańsk","public_transport":"platform","ref":"1654","ref:ztm":"1654","shelter":"no","tactile_paving":"yes"}},
{"type":"Feature","geometry":{"type":"Point","coordinates":[18.6262102,54.400277]},"properties":{"bench":"yes","bus":"yes","departures_board":"timetable","highway":"bus_stop","name":"Uczniowska 02","network":"ZTM Gdańsk","network:wikidata":"Q9387123","network:wikipedia":"pl:Zarząd Transportu Miejskiego w Gdańsku","public_transport":"platform","ref:ztm":"1996","shelter":"yes"}},
{"type":"Feature","geometry":{"type":"Point","coordinates":[18.615412,54.3780299]},"properties":{"bench":"yes","bin":"yes","bus":"yes","highway":"bus_stop","lit":"yes","name":"Biała 01","network":"ZTM Gdańsk","network:wikidata":"Q9387123","network:wikipedia":"pl:Zarząd Transportu Miejskiego w Gdańsku","operator":"ZTM Gdańsk","public_transport":"platform","ref":"1452","ref:ztm":"1452","shelter":"yes","tactile_paving":"no"}},
{"type":"Feature","geometry":{"type":"Point","coordinates":[18.6317945,54.3634151]},"properties":{"bench":"yes","highway":"bus_stop","name":"Dębinki 01","operator":"Zarząd Transportu Miejskiego w Gdańsku","ref:ztm":"1811","shelter":"no"}},
{"type":"Feature","geometry":{"type":"Point","coordinates":[18.5615953,54.4216749]},"properties":{"bench":"yes","bus":"yes","check_date":"2025-03-27","highway":"bus_stop","name":"Czyżewskiego 01","network":"ZTM Gdańsk","network:wikidata":"Q9387123","network:wikipedia":"pl:Zarząd Transportu Miejskiego w Gdańsku","note":"Tymczasowa lokalizacja przystanku","operator":"ZTM Gdańsk","public_transport":"platform","shelter":"yes"}},
{"type":"Feature","geometry":{"type":"Point","coordinates":[18.5932247,54.2815377]},"properties":{"bench":"yes","bin":"yes","bus":"yes","covered":"no","highway":"bus_stop","lit":"yes","name":"Straszyn Obwodowa","public_transport":"platform","shelter":"yes","tactile_paving":"no"}},
{"type":"Feature","geometry":{"type":"Point","coordinates":[18.5570057,54.4107788]},"properties":{"bench":"yes","bin":"yes","bus":"yes","check_date:shelter":"2022-04-16","highway":"bus_stop","name":"Archikatedra Oliwska 01","network":"ZTM Gdańsk","network:wikidata":"Q9387123","operator":"ZTM Gdańsk","public_transport":"platform","ref:ztm":"1552","shelter":"no"}},
{"type":"Feature","geometry":{"type":"Point","coordinates":[18.6017884,54.3352437]},"properties":{"bench":"yes","bin":"yes","bus":"yes","covered":"no","highway":"bus_stop","lit":"yes","name":"Osiedle Jary","network":"ZTM Gdańsk","network:wikidata":"Q9387123","network:wikipedia":"pl:Zarząd Transportu Miejskiego w Gdańsku","public_transport":"platform","ref":"1862","ref:ztm":"1862","shelter":"yes","tactile_paving":"yes"}},
{"type":"Feature","geometry":{"type":"Point","coordinates":[18.6361698,54.2917603]},"properties":{"bench":"yes","bin":"yes","bus":"yes","departures_board":"timetable","highway":"bus_stop","name":"Ostróżek 01","network":"ZTM Gdańsk","network:wikidata":"Q9387123","network:wikipedia":"pl:Zarząd Transportu Miejskiego w Gdańsku","operator":"ZTM Gdańsk","public_transport":"platform","ref:ztm":"1222","shelter":"yes","tactile_paving":"no"}},
{"type":"Feature","geometry":{"type":"Point","coordinates":[18.5779163,54.3603534]},"properties":{"bench":"yes","bin":"yes","bus":"yes","covered":"no","highway":"bus_stop","lit":"yes","name":"Kolumba 03","public_transport":"platform","tactile_paving":"yes"}},
{"type":"Feature","geometry":{"type":"Point","coordinates":[18.5773638,54.3601127]},"properties":{"bench":"yes","bin":"yes","bus":"yes","covered":"no","highway":"bus_stop","lit":"yes","name":"Kolumba 04","public_transport":"platform","tactile_paving":"yes"}},
{"type":"Feature","geometry":{"type":"Point","coordinates":[18.7440728,54.3323744]},"properties":{"bus":"yes","departures_board":"timetable","highway":"bus_stop","name":"Przejazdowo Sezonowa 71","public_transport":"platform","ref:ztm":"5104","shelter":"yes"}},
{"type":"Feature","geometry":{"type":"Point","coordinates":[18.7442898,54.3300062]},"properties":{"bench":"yes","bin":"yes","bus":"yes","departures_board":"timetable","highway":"bus_stop","name":"Przejazdowo Sezonowa 04","public_transport":"platform","ref:ztm":"5105","shelter":"yes"}},
{"type":"Feature","geometry":{"type":"Point","coordinates":[18.7320998,54.3092451]},"properties":{"bus":"yes","departures_board":"timetable","highway":"bus_stop","name":"Dziewięć Włók 01","public_transport":"platform","ref:ztm":"5005","shelter":"yes"}},
{"type":"Feature","geometry":{"type":"Point","coordinates":[18.7327646,54.3094746]},"properties":{"bus":"yes","departures_board":"timetable","highway":"bus_stop","name":"Dziewięć Włók 02","public_transport":"platform","ref:ztm":"5006","shelter":"yes"}},
{"type":"Feature","geometry":{"type":"Point","coordinates":[18.5950502,54.282535]},"properties":{"bench":"yes","bin":"yes","bus":"yes","covered":"no","highway":"bus_stop","lit":"yes","name":"Straszyn, Obwodowa","network":"Gryf, PKS","operator":"GRYF","public_transport":"platform","shelter":"yes","tactile_paving":"no"}},
{"type":"Feature","geometry":{"type":"Point","coordinates":[18.5611602,54.3395634]},"properties":{"bench":"no","bus":"yes","covered":"no","highway":"bus_stop","name":"Pólnicy 01","network":"ZTM Gdańsk","network:wikidata":"Q9387123","operator":"ZTM Gdańsk","public_transport":"platform","ref":"1670","ref:ztm":"1670","shelter":"no"}},
{"type":"Feature","geometry":{"type":"Point","coordinates":[18.5760014,54.4262387]},"properties":{"bus":"yes","highway":"bus_stop","name":"Ergo Arena 02","public_transport":"platform","shelter":"yes","trolleybus":"yes"}},
{"type":"Feature","geometry":{"type":"Point","coordinates":[18.5759555,54.4266575]},"properties":{"bus":"yes","highway":"bus_stop","name":"Ergo Arena 01","public_transport":"platform","shelter":"yes","trolleybus":"yes"}},
{"type":"Feature","geometry":{"type":"Point","coordinates":[18.5735402,54.4305474]},"properties":{"bench":"yes","bin":"yes","bus":"yes","highway":"bus_stop","lit":"no","name":"Łokietka 02","operator":"ZKM Gdynia","public_transport":"platform","shelter":"no","tactile_paving":"no","trolleybus":"yes"}},
{"type":"Feature","geometry":{"type":"Point","coordinates":[18.5778199,54.4343683]},"properties":{"bench":"yes","bin":"yes","bus":"yes","highway":"bus_stop","name":"Polna 03","public_transport":"platform","shelter":"no"}},
{"type":"Feature","geometry":{"type":"Point","coordinates":[18.5736313,54.432579]},"properties":{"bus":"yes","highway":"bus_stop","name":"Architektów 01","public_transport":"platform"}},
{"type":"Feature","geometry":{"type":"Point","coordinates":[18.5596789,54.3388108]},"properties":{"bench":"yes","bin":"yes","bus":"yes","covered":"no","highway":"bus_stop","name":"Jaworowa 02","network":"ZTM Gdańsk","network:wikidata":"Q9387123","operator":"ZTM Gdańsk","public_transport":"platform","ref:ztm":"1676","shelter":"yes","tactile_paving":"no"}},
{"type":"Feature","geometry":{"type":"Point","coordinates":[18.559479,54.3346064]},"properties":{"bench":"no","bus":"yes","covered":"no","highway":"bus_stop","name":"Jeziorowa 02","operator":"ZTM Gdańsk","public_transport":"platform","ref:ztm":"1672","shelter":"no"}},
{"type":"Feature","geometry":{"type":"Point","coordinates":[18.5593195,54.3327576]},"properties":{"bench":"no","bus":"yes","covered":"no","highway":"bus_stop","name":"Jeziorowa 01","operator":"ZTM Gdańsk","public_transport":"platform","ref:ztm":"1673","shelter":"no"}},
{"type":"Feature","geometry":{"type":"Point","coordinates":[18.5597325,54.3383008]},"properties":{"bench":"yes","bin":"yes","bus":"yes","covered":"no","highway":"bus_stop","lit":"yes","name":"Jaworowa 01","operator":"ZTM Gdańsk","public_transport":"platform","ref:ztm":"1677","shelter":"yes","tactile_paving":"yes"}},
{"type":"Feature","geometry":{"type":"Point","coordinates":[18.5737943,54.4377558]},"properties":{"bench":"yes","bin":"no","bus":"yes","highway":"bus_stop","name":"Bitwy pod Płowcami","public_transport":"platform","shelter":"yes","tactile_paving":"no"}},
{"type":"Feature","geometry":{"type":"Point","coordinates":[18.4996292,54.2840185]},"properties":{"bench":"yes","bus":"yes","check_date:bench":"2021-09-05","covered":"no","highway":"bus_stop","name":"Lublewo Gdańskie","network":"847 852 854 855 856 857 860","operator":"PKS, Gryf","public_transport":"platform","shelter":"yes"}},
{"type":"Feature","geometry":{"type":"Point","coordinates":[18.5029866,54.2839386]},"properties":{"bench":"yes","bin":"yes","bus":"yes","covered":"no","departures_board":"yes","highway":"bus_stop","name":"Lublewo Gdańskie","public_transport":"platform","shelter":"yes"}},
{"type":"Feature","geometry":{"type":"Point","coordinates":[18.5048275,54.2826877]},"properties":{"bench":"yes","bus":"yes","covered":"no","highway":"bus_stop","name":"Lublewo Gdańskie, Szkoła","network":"847","public_transport":"platform","shelter":"yes"}},
{"type":"Feature","geometry":{"type":"Point","coordinates":[18.5049818,54.2827763]},"properties":{"bench":"no","bus":"yes","covered":"no","highway":"bus_stop","name":"Lublewo Gdańskie, Szkoła","network":"847","public_transport":"platform","shelter":"no"}},
{"type":"Feature","geometry":{"type":"Point","coordinates":[18.5575657,54.4372957]},"properties":{"bus":"yes","highway":"bus_stop","name":"Wybickiego 01","network":"ZKM Gdynia","public_transport":"stop_position"}},
{"type":"Feature","geometry":{"type":"Point","coordinates":[18.5866019,54.4087192]},"properties":{"bench":"yes","bin":"yes","bus":"yes","highway":"bus_stop","lit":"yes","name":"Bora Komorowskiego 07","network":"ZTM Gdańsk","network:wikidata":"Q9387123","network:wikipedia":"pl:Zarząd Transportu Miejskiego w Gdańsku","public_transport":"platform","ref:ztm":"1453","shelter":"yes","tactile_paving":"no","wheelchair":"yes"}},
{"type":"Feature","geometry":{"type":"Point","coordinates":[18.6566349,54.3452951]},"properties":{"bench":"no","bus":"yes","covered":"no","highway":"bus_stop","name":"Chmielna 04","network":"ZTM Gdańsk","network:wikidata":"Q9387123","operator":"ZTM Gdańsk","public_transport":"platform","ref:ztm":"1039","shelter":"no"}},
{"type":"Feature","geometry":{"type":"Point","coordinates":[18.6569188,54.3457149]},"properties":{"bench":"no","bus":"yes","highway":"bus_stop","name":"Chmielna 03","network":"ZTM Gdańsk","network:wikidata":"Q9387123","operator":"ZTM Gdańsk","public_transport":"platform","ref:ztm":"1040","shelter":"no","tactile_paving":"yes"}},
{"type":"Feature","geometry":{"type":"Point","coordinates":[18.4029689,54.3930327]},"properties":{"bench":"yes","bin":"yes","departures_board":"timetable","highway":"bus_stop","lit":"no","name":"Banino, Borowiecka 01","network":"ZTM Gdańsk","network:wikidata":"Q9387123","public_transport":"platform","ref":"7980","shelter":"yes","tactile_paving":"yes"}},
{"type":"Feature","geometry":{"type":"Point","coordinates":[18.4570435,54.4244383]},"properties":{"bench":"yes","bin":"yes","bus":"yes","covered":"no","departures_board":"yes","highway":"bus_stop","lit":"yes","name":"Konkordii 01","operator":"ZTM","public_transport":"platform","ref:ztm":"1550","shelter":"yes","tactile_paving":"no"}},
{"type":"Feature","geometry":{"type":"Point","coordinates":[18.4566573,54.4242727]},"properties":{"bench":"yes","bin":"yes","bus":"yes","departures_board":"yes","highway":"bus_stop","lit":"yes","name":"Konkordii 02","public_transport":"platform","ref:ztm":"1551","shelter":"yes","tactile_paving":"no"}},
{"type":"Feature","geometry":{"type":"Point","coordinates":[18.5493074,54.3427886]},"properties":{"bench":"no","bin":"yes","bus":"yes","check_date:shelter":"2023-05-07","highway":"bus_stop","name":"Gronostajowa","operator":"ZTM Gdańsk","public_transport":"platform","ref:ztm":"1294","shelter":"no"}},
{"type":"Feature","geometry":{"type":"Point","coordinates":[18.668331,54.3991327]},"properties":{"bench":"yes","bin":"yes","bus":"yes","departures_board":"timetable","highway":"bus_stop","lit":"yes","name":"Plac Wolności 02","network":"ZTM Gdańsk","network:wikidata":"Q9387123","network:wikipedia":"pl:Zarząd Transportu Miejskiego w Gdańsku","operator":"ZTM Gdańsk","public_transport":"platform","ref:ztm":"1592","shelter":"yes","tactile_paving":"no"}},
{"type":"Feature","geometry":{"type":"Point","coordinates":[18.5958286,54.3545788]},"properties":{"bench":"yes","bin":"yes","bus":"yes","highway":"bus_stop","lit":"yes","name":"Park Naukowo - Technologiczny 01","network":"ZTM Gdańsk","network:wikidata":"Q9387123","network:wikipedia":"pl:Zarząd Transportu Miejskiego w Gdańsku","public_transport":"platform","ref":"1343","ref:ztm":"1343","shelter":"yes","tactile_paving":"no"}},
{"type":"Feature","geometry":{"type":"Point","coordinates":[18.5954822,54.3546326]},"properties":{"bench":"yes","bin":"yes","bus":"yes","highway":"bus_stop","name":"Park Naukowo - Technologiczny 02","network":"ZTM Gdańsk","network:wikidata":"Q9387123","network:wikipedia":"pl:Zarząd Transportu Miejskiego w Gdańsku","public_transport":"platform","ref":"1344","ref:ztm":"1344","shelter":"yes"}},
{"type":"Feature","geometry":{"type":"Point","coordinates":[18.64521,54.3554825]},"properties":{"bench":"yes","bin":"yes","bus":"yes","departures_board":"realtime","highway":"bus_stop","lit":"yes","name":"Dworzec Główny 10","network":"ZTM Gdańsk","network:wikidata":"Q9387123","network:wikipedia":"pl:Zarząd Transportu Miejskiego w Gdańsku","operator":"ZTM Gdańsk","public_transport":"platform","ref:ztm":"1019","shelter":"yes","tactile_paving":"yes"}},
{"type":"Feature","geometry":{"type":"Point","coordinates":[18.5712813,54.4421742]},"properties":{"bench":"yes","bin":"yes","bus":"yes","highway":"bus_stop","name":"Chopina 01","public_transport":"platform","shelter":"yes"}},
{"type":"Feature","geometry":{"type":"Point","coordinates":[18.4907549,54.2823879]},"properties":{"bench":"yes","bus":"yes","highway":"bus_stop","name":"Lublewo Gdańskie, Polna","public_transport":"platform","shelter":"yes"}},
{"type":"Feature","geometry":{"type":"Point","coordinates":[18.5309029,54.2928854]},"properties":{"bench":"yes","bus":"yes","check_date:shelter":"2021-09-05","highway":"bus_stop","name":"Bąkowo","public_transport":"platform","shelter":"yes"}},
{"type":"Feature","geometry":{"type":"Point","coordinates":[18.5138491,54.2898212]},"properties":{"bench":"yes","bin":"yes","bus":"yes","check_date:shelter":"2021-09-05","highway":"bus_stop","name":"Lublewo Gdańskie, Konwaliowa","public_transport":"platform","shelter":"yes","tactile_paving":"no"}},
{"type":"Feature","geometry":{"type":"Point","coordinates":[18.5131508,54.2894598]},"properties":{"bus":"yes","highway":"bus_stop","name":"Lublewo Gdańskie, Konwaliowa","note":"Przystanek przeniesiony. Brak informacji o dokładnej lokalizacji","public_transport":"platform"}},
{"type":"Feature","geometry":{"type":"Point","coordinates":[18.51218,54.3526869]},"properties":{"bus":"yes","departures_board":"timetable","highway":"bus_stop","name":"Karczemki Szkoła","network":"ZTM Gdańsk","network:wikidata":"Q9387123","operator":"ZTM Gdańsk","public_transport":"platform","ref":"1562","shelter":"yes"}},
{"type":"Feature","geometry":{"type":"Point","coordinates":[18.637897,54.3944791]},"properties":{"highway":"bus_stop"}},
{"type":"Feature","geometry":{"type":"Point","coordinates":[18.6378794,54.3942925]},"properties":{"highway":"bus_stop"}},
{"type":"Feature","geometry":{"type":"Point","coordinates":[18.5685249,54.3664825]},"properties":{"bench":"no","bin":"yes","bus":"yes","highway":"bus_stop","lit":"yes","name":"Dolne Młyny 01","operator":"ZTM Gdańsk","public_transport":"platform","ref:ztm":"1436","shelter":"no","tactile_paving":"no"}},
{"type":"Feature","geometry":{"type":"Point","coordinates":[18.4092769,54.4430439]},"properties":{"bus":"yes","name":"Chwaszczyno Poczta 06","network":"ZKM Gdynia","public_transport":"stop_position"}},
{"type":"Feature","geometry":{"type":"Point","coordinates":[18.4113805,54.4429862]},"properties":{"bus":"yes","name":"Chwaszczyno Poczta 73","network":"ZKM Gdynia","public_transport":"stop_position"}},
{"type":"Feature","geometry":{"type":"Point","coordinates":[18.5587121,54.373731]},"properties":{"bench":"yes","bin":"yes","bus":"yes","departures_board":"timetable","highway":"bus_stop","lit":"yes","name":"Leśna Góra 01","network":"ZTM Gdańsk","network:wikidata":"Q9387123","public_transport":"platform","shelter":"yes","tactile_paving":"no","wheelchair":"no"}},
{"type":"Feature","geometry":{"type":"Point","coordinates":[18.6312996,54.3232502]},"properties":{"bench":"yes","bin":"yes","bus":"yes","departures_board":"timetable","highway":"bus_stop","name":"Gościnna 02","network":"ZTM Gdańsk","network:wikidata":"Q9387123","network:wikipedia":"pl:Zarząd Transportu Miejskiego w Gdańsku","operator":"ZTM Gdańsk","public_transport":"platform","ref:ztm":"1211","shelter":"yes","tactile_paving":"no"}},
{"type":"Feature","geometry":{"type":"Point","coordinates":[18.6317926,54.3232689]},"properties":{"bench":"yes","bin":"yes","bus":"yes","departures_board":"realtime","highway":"bus_stop","name":"Gościnna 01","network":"ZTM Gdańsk","network:wikidata":"Q9387123","network:wikipedia":"pl:Zarząd Transportu Miejskiego w Gdańsku","operator":"ZTM Gdańsk","public_transport":"platform","ref:ztm":"1210","shelter":"yes","tactile_paving":"yes"}},
{"type":"Feature","geometry":{"type":"Point","coordinates":[18.6303121,54.3059171]},"properties":{"bench":"yes","bin":"yes","bus":"yes","departures_board":"timetable","highway":"bus_stop","name":"Dwór Ferberów 01","network":"ZTM Gdańsk","network:wikidata":"Q9387123","network:wikipedia":"pl:Zarząd Transportu Miejskiego w Gdańsku","operator":"ZTM Gdańsk","public_transport":"platform","ref:ztm":"1242","shelter":"no","tactile_paving":"no"}},
{"type":"Feature","geometry":{"type":"Point","coordinates":[18.5822752,54.3176253]},"properties":{"bench":"yes","bus":"yes","departures_board":"yes","highway":"bus_stop","name":"Porębskiego 01","network":"ZTM Gdańsk","network:wikidata":"Q9387123","network:wikipedia":"pl:Zarząd Transportu Miejskiego w Gdańsku","operator":"ZTM","public_transport":"platform","ref":"1933","shelter":"yes"}},
{"type":"Feature","geometry":{"type":"Point","coordinates":[18.5825673,54.3175529]},"properties":{"bench":"no","bus":"yes","departures_board":"yes","highway":"bus_stop","name":"Porębskiego 02","network":"ZTM Gdańsk","network:wikidata":"Q9387123","network:wikipedia":"pl:Zarząd Transportu Miejskiego w Gdańsku","operator":"ZTM","public_transport":"platform","ref":"1932","shelter":"no"}},
{"type":"Feature","geometry":{"type":"Point","coordinates":[18.5880538,54.3967463]},"properties":{"bench":"yes","bin":"yes","bus":"yes","departures_board":"timetable","highway":"bus_stop","lit":"no","name":"Hynka 02","network":"ZTM Gdańsk","network:wikidata":"Q9387123","network:wikipedia":"pl:Zarząd Transportu Miejskiego w Gdańsku","operator":"ZTM Gdańsk","public_transport":"platform","ref:ztm":"1767","shelter":"yes","tactile_paving":"no"}},
{"type":"Feature","geometry":{"type":"Point","coordinates":[18.5610616,54.3411057]},"properties":{"bench":"yes","bus":"yes","highway":"bus_stop","name":"Jasień Pólnicy 01","public_transport":"platform","shelter":"yes"}},
{"type":"Feature","geometry":{"type":"Point","coordinates":[18.4627597,54.4221949]},"properties":{"bench":"yes","bin":"yes","bus":"yes","highway":"bus_stop","lit":"yes","name":"Zeusa","public_transport":"platform","ref:ztm":"1548","shelter":"yes","tactile_paving":"no"}},
{"type":"Feature","geometry":{"type":"Point","coordinates":[18.4714777,54.4196882]},"properties":{"bench":"yes","bus":"yes","highway":"bus_stop","name":"Koziorożca","public_transport":"platform","ref:ztm":"1547","shelter":"yes"}},
{"type":"Feature","geometry":{"type":"Point","coordinates":[18.4551691,54.4173913]},"properties":{"bench":"no","bin":"yes","bus":"yes","highway":"bus_stop","lit":"yes","name":"Oriona","public_transport":"platform","ref:ztm":"1765","shelter":"no","tactile_paving":"no"}},
{"type":"Feature","geometry":{"type":"Point","coordinates":[18.4619515,54.4227294]},"properties":{"bench":"yes","bin":"yes","bus":"yes","highway":"bus_stop","lit":"yes","name":"Zeusa","public_transport":"platform","ref:ztm":"1549","shelter":"yes","tactile_paving":"no"}},
{"type":"Feature","geometry":{"type":"Point","coordinates":[18.4503839,54.4187023]},"properties":{"bench":"yes","bin":"yes","highway":"bus_stop","lit":"yes","name":"Nowy Świat","public_transport":"platform","ref:ztm":"1523","shelter":"yes","tactile_paving":"no"}},
{"type":"Feature","geometry":{"type":"Point","coordinates":[18.6212133,54.38794]},"properties":{"bench":"yes","bin":"yes","bus":"yes","highway":"bus_stop","name":"Kościuszki 03","operator":"ZTM Gdańsk","public_transport":"platform","ref:ztm":"1620","shelter":"no"}},
{"type":"Feature","geometry":{"type":"Point","coordinates":[18.6242421,54.387685]},"properties":{"bench":"yes","bin":"yes","highway":"bus_stop","name":"Ostroroga 01","network":"ZTM Gdańsk","network:wikidata":"Q9387123","network:wikipedia":"pl:Zarząd Transportu Miejskiego w Gdańsku","operator":"ZTM Gdańsk","public_transport":"platform","ref:ztm":"1122","shelter":"no","tactile_paving":"no"}},
{"type":"Feature","geometry":{"type":"Point","coordinates":[18.5992138,54.2983449]},"properties":{"bus":"yes","highway":"bus_stop","name":"Borkowo Topolowa 01","public_transport":"platform"}},
{"type":"Feature","geometry":{"type":"Point","coordinates":[18.603917,54.2977934]},"properties":{"bus":"yes","highway":"bus_stop","name":"Borkowo Skrzyżowanie 01","public_transport":"platform"}},
{"type":"Feature","geometry":{"type":"Point","coordinates":[18.4018293,54.4431439]},"properties":{"bench":"yes","bus":"yes","highway":"bus_stop","name":"Chwaszczyno Boczna 71","network":"ZKM Gdynia","operator":"ZKM Gdynia","public_transport":"platform","shelter":"yes","tactile_paving":"no"}},
{"type":"Feature","geometry":{"type":"Point","coordinates":[18.4092242,54.4431291]},"properties":{"bus":"yes","highway":"bus_stop","name":"Chwaszczyno Poczta 06","network":"ZKM Gdynia","operator":"ZKM Gdynia","public_transport":"platform","shelter":"yes"}},
{"type":"Feature","geometry":{"type":"Point","coordinates":[18.4114169,54.4429006]},"properties":{"bus":"yes","highway":"bus_stop","name":"Chwaszczyno Poczta 73","network":"ZKM Gdynia","operator":"ZKM Gdynia","public_transport":"platform","shelter":"yes"}},
{"type":"Feature","geometry":{"type":"Point","coordinates":[18.4208604,54.4434183]},"properties":{"bench":"yes","bin":"yes","bus":"yes","highway":"bus_stop","name":"Chwaszczyno 75","network":"ZKM Gdynia","operator":"ZKM Gdynia","public_transport":"platform","shelter":"yes"}},
{"type":"Feature","geometry":{"type":"Point","coordinates":[18.432883,54.4424044]},"properties":{"bus":"yes","highway":"bus_stop","name":"Chwaszczyno Kaszubska Droga 04","network":"PKS Gdynia","operator":"PKS Gdynia","public_transport":"platform","ref:ztm":"7577"}},
{"type":"Feature","geometry":{"type":"Point","coordinates":[18.4346005,54.4425659]},"properties":{"bus":"yes","check_date":"2023-03-11","highway":"bus_stop","name":"Chwaszczyno Kaszubska Droga 77","network":"PKS Gdynia","operator":"PKS Gdynia","public_transport":"platform","ref:ztm":"7578"}},
{"type":"Feature","geometry":{"type":"Point","coordinates":[18.4462008,54.4420274]},"properties":{"bench":"yes","bin":"yes","bus":"yes","highway":"bus_stop","name":"Chwaszczyno Oliwska 79","network":"PKS Gdynia","operator":"PKS Gdynia","public_transport":"platform","ref:ztm":"7576","shelter":"yes"}},
{"type":"Feature","geometry":{"type":"Point","coordinates":[18.4447404,54.4423511]},"properties":{"bench":"yes","bin":"yes","bus":"yes","highway":"bus_stop","name":"Chwaszczyno Oliwska 02","network":"PKS Gdynia","operator":"PKS Gdynia","public_transport":"platform","ref:ztm":"7575","shelter":"yes"}},
{"type":"Feature","geometry":{"type":"Point","coordinates":[18.4609843,54.4281356]},"properties":{"bench":"yes","bin":"yes","bus":"yes","highway":"bus_stop","lit":"yes","name":"Biwakowa","network":"PKS Gdynia","operator":"PKS Gdynia","public_transport":"platform","shelter":"yes","tactile_paving":"no"}},
{"type":"Feature","geometry":{"type":"Point","coordinates":[18.4598909,54.4270339]},"properties":{"bench":"yes","bin":"yes","bus":"yes","highway":"bus_stop","lit":"yes","name":"Biwakowa","network":"PKS Gdynia","operator":"PKS Gdynia","public_transport":"platform","shelter":"yes","tactile_paving":"no"}},
{"type":"Feature","geometry":{"type":"Point","coordinates":[18.6486865,54.3869737]},"properties":{"bench":"yes","bin":"yes","bus":"yes","departures_board":"timetable","highway":"bus_stop","lit":"yes","name":"Polsat Plus Arena Gdańsk 03","network":"ZTM Gdańsk","network:wikidata":"Q9387123","network:wikipedia":"pl:Zarząd Transportu Miejskiego w Gdańsku","operator":"ZTM Gdańsk","public_transport":"platform","ref:ztm":"1644","shelter":"yes","tactile_paving":"yes"}},
{"type":"Feature","geometry":{"type":"Point","coordinates":[18.6484598,54.3884715]},"properties":{"bench":"yes","bus":"yes","highway":"bus_stop","name":"Rondo Mazowieckiego 01","network":"ZTM Gdańsk","network:wikidata":"Q9387123","network:wikipedia":"pl:Zarząd Transportu Miejskiego w Gdańsku","public_transport":"platform","ref:ztm":"1987","shelter":"yes"}},
{"type":"Feature","geometry":{"type":"Point","coordinates":[18.6489707,54.3888529]},"properties":{"bench":"yes","bus":"yes","highway":"bus_stop","name":"Rondo Mazowieckiego 02","network":"ZTM Gdańsk","network:wikidata":"Q9387123","network:wikipedia":"pl:Zarząd Transportu Miejskiego w Gdańsku","public_transport":"platform","ref:ztm":"1988","shelter":"yes"}},
{"type":"Feature","geometry":{"type":"Point","coordinates":[18.7079934,54.3601717]},"properties":{"highway":"bus_stop","name":"Zimna","operator":"apeirohedra"}},
{"type":"Feature","geometry":{"type":"Point","coordinates":[18.6043388,54.4063822]},"properties":{"bench":"yes","bin":"yes","bus":"yes","highway":"bus_stop","lit":"yes","name":"Olsztyńska 02","network":"ZTM Gdańsk","network:wikidata":"Q9387123","network:wikipedia":"pl:Zarząd Transportu Miejskiego w Gdańsku","operator":"ZTM Gdańsk","public_transport":"platform","ref":"1463","ref:ztm":"1463","shelter":"yes","tactile_paving":"yes"}},
{"type":"Feature","geometry":{"type":"Point","coordinates":[18.6120869,54.3046668]},"properties":{"bench":"yes","bus":"yes","departures_board":"timetable","highway":"bus_stop","name":"Jagiełły 01","operator":"ZTM Gdańsk","public_transport":"platform","shelter":"no"}},
{"type":"Feature","geometry":{"type":"Point","coordinates":[18.6113738,54.3043079]},"properties":{"bus":"yes","check_date":"2025-04-24","departures_board":"timetable","disused:highway":"bus_stop","disused:public_transport":"platform","highway":"bus_stop","name":"Jagiełły 02","operator":"ZTM Gdańsk","public_transport":"platform"}},
{"type":"Feature","geometry":{"type":"Point","coordinates":[18.6022542,54.3118615]},"properties":{"bus":"yes","highway":"bus_stop","name":"Kolorowa 02","public_transport":"platform"}},
{"type":"Feature","geometry":{"type":"Point","coordinates":[18.6024198,54.3117436]},"properties":{"bus":"yes","highway":"bus_stop","name":"Kolorowa 01","public_transport":"platform"}},
{"type":"Feature","geometry":{"type":"Point","coordinates":[18.6151521,54.2995885]},"properties":{"bus":"yes","fixme":"Wyznaczone miejsce na przystanek autobusowy z wiatą - na razie bez obsługi regularnych linii.","highway":"bus_stop","name":"Żawrockiego","operator":"ZTM Gdańsk","shelter":"yes","status":"inactive"}},
{"type":"Feature","geometry":{"type":"Point","coordinates":[18.6002475,54.308136]},"properties":{"bench":"no","bus":"yes","highway":"bus_stop","name":"Pastelowa","public_transport":"platform","shelter":"no","tactile_paving":"no"}},
{"type":"Feature","geometry":{"type":"Point","coordinates":[18.6002836,54.3084031]},"properties":{"bench":"yes","bus":"yes","highway":"bus_stop","name":"Pastelowa","public_transport":"platform","shelter":"no","tactile_paving":"no"}},
{"type":"Feature","geometry":{"type":"Point","coordinates":[18.6450337,54.3446499]},"properties":{"bench":"yes","bin":"yes","bus":"yes","departures_board":"timetable","highway":"bus_stop","lit":"yes","name":"Toruńska 02","network":"ZTM Gdańsk","network:wikidata":"Q9387123","network:wikipedia":"pl:Zarząd Transportu Miejskiego w Gdańsku","old_name":"Thornscher Weg","public_transport":"platform","ref:ztm":"1005","shelter":"yes","tactile_paving":"yes"}},
{"type":"Feature","geometry":{"type":"Point","coordinates":[18.6456024,54.3455779]},"properties":{"bench":"yes","bin":"yes","bus":"yes","departures_board":"timetable","highway":"bus_stop","lit":"yes","name":"Toruńska 01","network":"ZTM Gdańsk","network:wikidata":"Q9387123","network:wikipedia":"pl:Zarząd Transportu Miejskiego w Gdańsku","old_name":"Thornscher Weg","public_transport":"platform","ref:ztm":"1004","shelter":"yes","tactile_paving":"yes"}},
{"type":"Feature","geometry":{"type":"Point","coordinates":[18.6137037,54.3606999]},"properties":{"bench":"no","bin":"yes","highway":"bus_stop","lit":"yes","name":"Pomorskie Szkoły Rzemiosł 03","name:pl":"Pomorskie Szkoły Rzemiosł 03","operator":"Zarząd Transportu Miejskiego w Gdańsku","public_transport":"platform","ref:ztm":"1744","shelter":"no","tactile_paving":"no"}},
{"type":"Feature","geometry":{"type":"Point","coordinates":[18.4176281,54.3887606]},"properties":{"bench":"yes","bin":"yes","highway":"bus_stop","lit":"yes","name":"Rębiechowo PKP","public_transport":"platform","shelter":"yes","tactile_paving":"no"}},
{"type":"Feature","geometry":{"type":"Point","coordinates":[18.4177527,54.3886136]},"properties":{"bench":"no","bin":"yes","highway":"bus_stop","lit":"yes","name":"Rębiechowo PKP","public_transport":"platform","shelter":"no","tactile_paving":"no"}},
{"type":"Feature","geometry":{"type":"Point","coordinates":[18.6398471,54.3625954]},"properties":{"bench":"no","bin":"no","bus":"yes","highway":"bus_stop","lit":"yes","name":"Brama Oliwska 04","network":"ZTM Gdańsk","network:wikidata":"Q9387123","network:wikipedia":"pl:Zarząd Transportu Miejskiego w Gdańsku","public_transport":"platform","ref":"1541","ref:ztm":"1541","shelter":"no","tactile_paving":"yes"}},
{"type":"Feature","geometry":{"type":"Point","coordinates":[18.629446,54.3680721]},"properties":{"bench":"yes","bin":"yes","bus":"yes","departures_board":"timetable","highway":"bus_stop","lit":"yes","name":"Traugutta 03","network":"ZTM Gdańsk","network:wikidata":"Q9387123","network:wikipedia":"pl:Zarząd Transportu Miejskiego w Gdańsku","operator":"ZTM Gdańsk","public_transport":"platform","ref:ztm":"1914","shelter":"no","tactile_paving":"no"}},
{"type":"Feature","geometry":{"type":"Point","coordinates":[18.5842025,54.4191683]},"properties":{"bench":"yes","bin":"yes","bus":"yes","departures_board":"yes","highway":"bus_stop","name":"Pomorska 04","network":"ZTM Gdańsk","network:wikidata":"Q9387123","network:wikipedia":"pl:Zarząd Transportu Miejskiego w Gdańsku","passenger_information_display":"no","public_transport":"platform","ref:ztm":"1487","shelter":"yes","tactile_paving":"yes"}},
{"type":"Feature","geometry":{"type":"Point","coordinates":[18.4563929,54.4173837]},"properties":{"bench":"yes","bin":"yes","bus":"yes","highway":"bus_stop","lit":"yes","name":"Oriona","public_transport":"platform","ref:ztm":"1766","shelter":"yes","tactile_paving":"yes"}},
{"type":"Feature","geometry":{"type":"Point","coordinates":[18.4777014,54.4163107]},"properties":{"bench":"yes","bus":"yes","highway":"bus_stop","name":"Wodnika 01","public_transport":"platform","ref:ztm":"1788","shelter":"yes"}},
{"type":"Feature","geometry":{"type":"Point","coordinates":[18.4661678,54.4167311]},"properties":{"bench":"yes","bin":"no","bus":"yes","highway":"bus_stop","lit":"yes","name":"Keplera","public_transport":"platform","ref:ztm":"1786","shelter":"yes","tactile_paving":"yes"}},
{"type":"Feature","geometry":{"type":"Point","coordinates":[18.4679554,54.4164383]},"properties":{"bench":"yes","bin":"no","bus":"yes","highway":"bus_stop","lit":"yes","name":"Keplera","public_transport":"platform","ref:ztm":"1785","shelter":"yes","tactile_paving":"yes"}},
{"type":"Feature","geometry":{"type":"Point","coordinates":[18.459589,54.4166993]},"properties":{"bench":"yes","bin":"no","bus":"yes","highway":"bus_stop","lit":"yes","name":"Przesypownia","public_transport":"platform","ref:ztm":"1671","shelter":"yes","tactile_paving":"yes"}},
{"type":"Feature","geometry":{"type":"Point","coordinates":[18.4691025,54.4200758]},"properties":{"bench":"yes","bin":"yes","bus":"yes","highway":"bus_stop","lit":"yes","name":"Koziorożca","public_transport":"platform","ref:ztm":"1546","shelter":"yes","tactile_paving":"yes"}},
{"type":"Feature","geometry":{"type":"Point","coordinates":[18.472655,54.4262136]},"properties":{"bench":"yes","bin":"yes","bus":"yes","check_date:shelter":"2023-08-04","highway":"bus_stop","lit":"no","name":"Sołdka 02","public_transport":"platform","ref:ztm":"1577","shelter":"yes","tactile_paving":"no"}},
{"type":"Feature","geometry":{"type":"Point","coordinates":[18.4725118,54.4261385]},"properties":{"bench":"no","bin":"yes","bus":"yes","check_date:shelter":"2023-08-04","highway":"bus_stop","lit":"no","name":"Sołdka 01","public_transport":"platform","ref:ztm":"1578","shelter":"yes","tactile_paving":"no"}},
{"type":"Feature","geometry":{"type":"Point","coordinates":[18.4519303,54.4206001]},"properties":{"bench":"yes","bin":"no","bus":"yes","covered":"no","highway":"bus_stop","lit":"yes","name":"Osowa PKP 03","network":"ZTM Gdańsk","network:wikidata":"Q9387123","network:wikipedia":"pl:Zarząd Transportu Miejskiego w Gdańsku","public_transport":"platform","ref":"161","shelter":"yes","tactile_paving":"yes"}},
{"type":"Feature","geometry":{"type":"Point","coordinates":[18.4534841,54.4213645]},"properties":{"bench":"yes","bin":"yes","bus":"yes","highway":"bus_stop","lit":"yes","name":"Konstelacji 01","network":"ZTM Gdańsk","network:wikidata":"Q9387123","network:wikipedia":"pl:Zarząd Transportu Miejskiego w Gdańsku","public_transport":"platform","ref":"1522","shelter":"yes","tactile_paving":"no"}},
{"type":"Feature","geometry":{"type":"Point","coordinates":[18.6428237,54.3558537]},"properties":{"bench":"yes","bin":"yes","bus":"yes","description":"Flixbus","highway":"bus_stop","lit":"yes","loc_ref":"9","name":"Stanowisko 9","public_transport":"platform","route_ref":"Flixbus 1200, 1210, 1380, 1381, 1385, 1390, N1210, N1380, N1385, N1390, N1395;Polskibus P1, P12, P24;BP Tour KPB3;K322 + K1299(=PKS Gdańsk)","shelter":"yes","tactile_paving":"no"}},
{"type":"Feature","geometry":{"type":"Point","coordinates":[18.4575503,54.4439707]},"properties":{"bin":"yes","bus":"yes","highway":"bus_stop","name":"Kukawka","public_transport":"platform","shelter":"yes"}},
{"type":"Feature","geometry":{"type":"Point","coordinates":[18.4032416,54.3932074]},"properties":{"bench":"yes","bin":"yes","bus":"yes","covered":"no","departures_board":"timetable","highway":"bus_stop","name":"Banino, Borowiecka 02","network":"ZTM Gdańsk","network:wikidata":"Q9387123","public_transport":"platform","ref":"7981","shelter":"yes"}},
{"type":"Feature","geometry":{"type":"Point","coordinates":[18.6616977,54.3351294]},"properties":{"bench":"no","bus":"yes","highway":"bus_stop","name":"Miedza n/ż 02","network":"ZTM Gdańsk","operator":"GAiT","public_transport":"platform","ref:ztm":"1838","shelter":"no"}},
{"type":"Feature","geometry":{"type":"Point","coordinates":[18.7062564,54.3829857]},"properties":{"bench":"no","bus":"yes","highway":"bus_stop","name":"Terminal DCT 01","network":"ZTM Gdańsk","network:wikidata":"Q9387123","network:wikipedia":"pl:Zarząd Transportu Miejskiego w Gdańsku","public_transport":"platform","ref":"1900"}},
{"type":"Feature","geometry":{"type":"Point","coordinates":[18.6923463,54.3669563]},"properties":{"bench":"yes","bin":"yes","bus":"yes","highway":"bus_stop","name":"Andruszkiewicza 02","network":"ZTM Gdańsk","network:wikidata":"Q9387123","network:wikipedia":"pl:Zarząd Transportu Miejskiego w Gdańsku","public_transport":"platform","ref:ztm":"1067","shelter":"yes"}},
{"type":"Feature","geometry":{"type":"Point","coordinates":[18.6482166,54.3873605]},"properties":{"bench":"yes","bin":"yes","bus":"yes","departures_board":"timetable","highway":"bus_stop","lit":"yes","name":"Polsat Plus Arena Gdańsk 04","network":"ZTM Gdańsk","network:wikidata":"Q9387123","network:wikipedia":"pl:Zarząd Transportu Miejskiego w Gdańsku","operator":"ZTM Gdańsk","public_transport":"platform","ref:ztm":"1645","shelter":"yes","tactile_paving":"no"}},
{"type":"Feature","geometry":{"type":"Point","coordinates":[18.6386778,54.3919799]},"properties":{"bus":"yes","highway":"bus_stop","name":"Węzeł Harfa","network":"ZTM Gdańsk","network:wikidata":"Q9387123","network:wikipedia":"pl:Zarząd Transportu Miejskiego w Gdańsku","public_transport":"platform","ref":"1989","ref:ztm":"1989"}},
{"type":"Feature","geometry":{"type":"Point","coordinates":[18.6415339,54.3841466]},"properties":{"bus":"yes","departures_board":"timetable","highway":"bus_stop","name":"Żaglowa - AmberExpo","network":"ZTM Gdańsk","network:wikidata":"Q9387123","network:wikipedia":"pl:Zarząd Transportu Miejskiego w Gdańsku","public_transport":"platform","ref:ztm":"1994"}},
{"type":"Feature","geometry":{"type":"Point","coordinates":[18.6412209,54.3843669]},"properties":{"bench":"no","bin":"yes","bus":"yes","departures_board":"timetable","highway":"bus_stop","name":"Żaglowa - AmberExpo","network":"ZTM Gdańsk","network:wikidata":"Q9387123","network:wikipedia":"pl:Zarząd Transportu Miejskiego w Gdańsku","public_transport":"platform","ref:ztm":"1993","shelter":"no","tactile_paving":"no"}},
{"type":"Feature","geometry":{"type":"Point","coordinates":[18.6361029,54.3872417]},"properties":{"bench":"yes","bin":"yes","bus":"yes","check_date":"2024-10-21","highway":"bus_stop","name":"AmberExpo 01","network":"ZTM Gdańsk","network:wikidata":"Q9387123","network:wikipedia":"pl:Zarząd Transportu Miejskiego w Gdańsku","public_transport":"platform","ref":"1991","ref:ztm":"1991","shelter":"yes","tactile_paving":"no"}},
{"type":"Feature","geometry":{"type":"Point","coordinates":[18.6364126,54.3866681]},"properties":{"bench":"yes","bin":"yes","bus":"yes","check_date":"2024-10-21","highway":"bus_stop","name":"AmberExpo 02","network":"ZTM Gdańsk","network:wikidata":"Q9387123","network:wikipedia":"pl:Zarząd Transportu Miejskiego w Gdańsku","public_transport":"platform","ref":"1992","ref:ztm":"1992","shelter":"yes","tactile_paving":"no"}},
{"type":"Feature","geometry":{"type":"Point","coordinates":[18.6882619,54.3702711]},"properties":{"bus":"yes","highway":"bus_stop","public_transport":"platform"}},
{"type":"Feature","geometry":{"type":"Point","coordinates":[18.6888664,54.3743747]},"properties":{"bench":"no","bin":"no","bus":"yes","departures_board":"timetable","highway":"bus_stop","name":"Dambka 01","network":"ZTM Gdańsk","network:wikidata":"Q9387123","network:wikipedia":"pl:Zarząd Transportu Miejskiego w Gdańsku","operator":"ZTM Gdańsk","public_transport":"platform","ref:ztm":"1899","shelter":"no","tactile_paving":"no"}},
{"type":"Feature","geometry":{"type":"Point","coordinates":[18.4234913,54.3867391]},"properties":{"bench":"yes","bin":"yes","bus":"yes","highway":"bus_stop","name":"Rębiechowo Piaskowa","public_transport":"platform","shelter":"yes","tactile_paving":"no"}},
{"type":"Feature","geometry":{"type":"Point","coordinates":[18.4240543,54.3864521]},"properties":{"bench":"yes","bin":"yes","bus":"yes","highway":"bus_stop","name":"Rębiechowo Piaskowa","public_transport":"platform","shelter":"yes"}},
{"type":"Feature","geometry":{"type":"Point","coordinates":[18.5546787,54.4459051]},"properties":{"bench":"yes","bus":"yes","highway":"bus_stop","name":"Uniwersytet Gdański","public_transport":"platform","shelter":"yes"}},
{"type":"Feature","geometry":{"type":"Point","coordinates":[18.5724148,54.4383686]},"properties":{"bench":"yes","bin":"yes","bus":"yes","highway":"bus_stop","name":"Bitwy pod Płowcami","public_transport":"platform","shelter":"yes"}},
{"type":"Feature","geometry":{"type":"Point","coordinates":[18.5567186,54.4423618]},"properties":{"bench":"yes","bin":"yes","bus":"yes","departures_board":"timetable","highway":"bus_stop","lit":"yes","name":"Sikorskiego 04","public_transport":"platform","shelter":"yes","tactile_paving":"yes"}},
{"type":"Feature","geometry":{"type":"Point","coordinates":[18.5436236,54.4481761]},"properties":{"bus":"yes","highway":"bus_stop","name":"23 Marca","public_transport":"platform"}},
{"type":"Feature","geometry":{"type":"Point","coordinates":[18.5516042,54.4470153]},"properties":{"bus":"yes","highway":"bus_stop","name":"Okrężna (n/ż)","public_transport":"platform"}},
{"type":"Feature","geometry":{"type":"Point","coordinates":[18.5562148,54.4443259]},"properties":{"bus":"yes","highway":"bus_stop","name":"Uniwersytet Gdański 01","public_transport":"stop_position"}},
{"type":"Feature","geometry":{"type":"Point","coordinates":[18.5443379,54.4480881]},"properties":{"bus":"yes","highway":"bus_stop","name":"23 Marca","public_transport":"platform","shelter":"yes"}},
{"type":"Feature","geometry":{"type":"Point","coordinates":[18.551305,54.4469538]},"properties":{"bus":"yes","highway":"bus_stop","name":"Okrężna (n/ż)","public_transport":"platform"}},
{"type":"Feature","geometry":{"type":"Point","coordinates":[18.5696906,54.3284802]},"properties":{"bench":"yes","bin":"yes","bus":"yes","highway":"bus_stop","lit":"yes","name":"Lawendowe Wzgórze 03","network":"ZTM Gdańsk","network:wikidata":"Q9387123","network:wikipedia":"pl:Zarząd Transportu Miejskiego w Gdańsku","operator":"ZTM Gdańsk","public_transport":"platform","ref":"1306","ref:ztm":"1306","shelter":"yes","tactile_paving":"yes"}},
{"type":"Feature","geometry":{"type":"Point","coordinates":[18.564758,54.3192845]},"properties":{"bench":"yes","bin":"yes","bus":"yes","highway":"bus_stop","lit":"yes","name":"Baśniowa","network":"ZTM Gdańsk","network:wikidata":"Q9387123","network:wikipedia":"pl:Zarząd Transportu Miejskiego w Gdańsku","operator":"ZTM Gdańsk","public_transport":"platform","ref:ztm":"1962","shelter":"yes","tactile_paving":"yes"}},
{"type":"Feature","geometry":{"type":"Point","coordinates":[18.5654638,54.3188812]},"properties":{"bench":"yes","bus":"yes","highway":"bus_stop","name":"Baśniowa","network":"ZTM Gdańsk","network:wikidata":"Q9387123","network:wikipedia":"pl:Zarząd Transportu Miejskiego w Gdańsku","operator":"ZTM Gdańsk","public_transport":"platform","ref:ztm":"1961","shelter":"yes"}},
{"type":"Feature","geometry":{"type":"Point","coordinates":[18.478584,54.4160844]},"properties":{"bench":"yes","bus":"yes","highway":"bus_stop","name":"Wodnika 02","public_transport":"platform","ref:ztm":"1787","shelter":"yes"}},
{"type":"Feature","geometry":{"type":"Point","coordinates":[18.4504603,54.418616]},"properties":{"bench":"yes","bin":"yes","highway":"bus_stop","lit":"yes","name":"Nowy Świat","public_transport":"platform","ref:ztm":"1524","shelter":"yes","tactile_paving":"no"}},
{"type":"Feature","geometry":{"type":"Point","coordinates":[18.603014,54.3560828]},"properties":{"amenity":"shelter","bench":"yes","bin":"yes","bus":"yes","highway":"bus_stop","lit":"yes","name":"Otwarta 02","network":"ZTM Gdańsk","network:wikidata":"Q9387123","network:wikipedia":"pl:Zarząd Transportu Miejskiego w Gdańsku","public_transport":"platform","ref":"1337","ref:ztm":"1337","shelter":"yes","shelter_type":"public_transport","tactile_paving":"yes"}},
{"type":"Feature","geometry":{"type":"Point","coordinates":[18.6265212,54.3750737]},"properties":{"bench":"no","bus":"yes","highway":"bus_stop","name":"Politechnika SKM 04","network":"ZTM Gdańsk","network:wikidata":"Q9387123","network:wikipedia":"pl:Zarząd Transportu Miejskiego w Gdańsku","operator":"ZTM Gdańsk","public_transport":"platform","ref":"1690","ref:ztm":"1690","shelter":"no","tactile_paving":"no"}},
{"type":"Feature","geometry":{"type":"Point","coordinates":[18.6261968,54.3756369]},"properties":{"bench":"no","bus":"yes","highway":"bus_stop","name":"Politechnika SKM 03","network":"ZTM Gdańsk","network:wikidata":"Q9387123","network:wikipedia":"pl:Zarząd Transportu Miejskiego w Gdańsku","operator":"ZTM Gdańsk","public_transport":"platform","ref":"1691","ref:ztm":"1691","shelter":"no"}},
{"type":"Feature","geometry":{"type":"Point","coordinates":[18.5285273,54.3263967]},"properties":{"bus":"yes","highway":"bus_stop","name":"Otomin Dziewicza","operator":"ZTM Gdańsk","public_transport":"platform","ref:ztm":"6002","shelter":"no"}},
{"type":"Feature","geometry":{"type":"Point","coordinates":[18.5286465,54.3263132]},"properties":{"bus":"yes","highway":"bus_stop","name":"Otomin Dziewicza","operator":"ZTM Gdańsk","public_transport":"platform","ref:ztm":"6001","shelter":"no"}},
{"type":"Feature","geometry":{"type":"Point","coordinates":[18.5172246,54.324708]},"properties":{"bus":"yes","highway":"bus_stop","name":"Otomin Sarnia","operator":"ZTM Gdańsk","public_transport":"platform","ref:ztm":"6003","shelter":"no"}},
{"type":"Feature","geometry":{"type":"Point","coordinates":[18.5173918,54.3246777]},"properties":{"bus":"yes","highway":"bus_stop","name":"Otomin Sarnia","operator":"ZTM Gdańsk","public_transport":"platform","ref:ztm":"6004","shelter":"no"}},
{"type":"Feature","geometry":{"type":"Point","coordinates":[18.4815068,54.3159452]},"properties":{"bus":"yes","highway":"bus_stop","name":"Sulmin Trakt Konny","network":"ZTM Gdańsk","network:wikidata":"Q9387123","operator":"ZTM Gdańsk","public_transport":"platform","ref:ztm":"7907","shelter":"no"}},
{"type":"Feature","geometry":{"type":"Point","coordinates":[18.4811544,54.3157434]},"properties":{"bus":"yes","highway":"bus_stop","name":"Sulmin Trakt Konny","network":"ZTM Gdańsk","network:wikidata":"Q9387123","operator":"ZTM Gdańsk","public_transport":"platform","ref:ztm":"7908","shelter":"no"}},
{"type":"Feature","geometry":{"type":"Point","coordinates":[18.4707764,54.3139968]},"properties":{"bus":"yes","highway":"bus_stop","name":"Sulmin","network":"ZTM Gdańsk","network:wikidata":"Q9387123","operator":"ZTM Gdańsk","public_transport":"platform","ref:ztm":"7909","shelter":"no"}},
{"type":"Feature","geometry":{"type":"Point","coordinates":[18.4711988,54.3139257]},"properties":{"bus":"yes","highway":"bus_stop","name":"Sulmin","network":"ZTM Gdańsk","network:wikidata":"Q9387123","operator":"ZTM Gdańsk","public_transport":"platform","ref:ztm":"7910","shelter":"yes"}},
{"type":"Feature","geometry":{"type":"Point","coordinates":[18.4629106,54.3146871]},"properties":{"bus":"yes","highway":"bus_stop","name":"Sulmin Wrzosowe Wzgórze","network":"ZTM Gdańsk","network:wikidata":"Q9387123","operator":"ZTM Gdańsk","public_transport":"platform","ref:ztm":"7911","shelter":"no"}},
{"type":"Feature","geometry":{"type":"Point","coordinates":[18.463373700000003,54.3145665]},"properties":{"bus":"yes","highway":"bus_stop","name":"Sulmin Wrzosowe Wzgórze","network":"ZTM Gdańsk","network:wikidata":"Q9387123","operator":"ZTM Gdańsk","public_transport":"platform","ref:ztm":"7912","shelter":"no"}},
{"type":"Feature","geometry":{"type":"Point","coordinates":[18.4182497,54.4215431]},"properties":{"bench":"yes","bin":"yes","bus":"yes","highway":"bus_stop","public_transport":"platform","shelter":"yes","tactile_paving":"no"}},
{"type":"Feature","geometry":{"type":"Point","coordinates":[18.4320026,54.4251921]},"properties":{"bench":"yes","bus":"yes","highway":"bus_stop","name":"Chwaszczyno, Świerkowa","public_transport":"platform","shelter":"yes","tactile_paving":"no"}},
{"type":"Feature","geometry":{"type":"Point","coordinates":[18.4182495,54.4402241]},"properties":{"bench":"yes","bin":"yes","bus":"yes","highway":"bus_stop","name":"Chwaszczyno, Szkoła","public_transport":"platform","shelter":"yes"}},
{"type":"Feature","geometry":{"type":"Point","coordinates":[18.6043906,54.4061585]},"properties":{"bench":"yes","bin":"yes","bus":"yes","highway":"bus_stop","lit":"yes","name":"Olsztyńska 01","network":"ZTM Gdańsk","network:wikidata":"Q9387123","network:wikipedia":"pl:Zarząd Transportu Miejskiego w Gdańsku","operator":"ZTM Gdańsk","public_transport":"platform","ref":"1464","ref:ztm":"1464","shelter":"yes","tactile_paving":"yes"}},
{"type":"Feature","geometry":{"type":"Point","coordinates":[18.6040274,54.4054886]},"properties":{"bench":"yes","bus":"yes","highway":"bus_stop","name":"Olsztyńska 03","network":"ZTM Gdańsk","network:wikidata":"Q60860236","operator":"ZTM Gdańsk","public_transport":"platform","ref:ztm":"1128","shelter":"no"}},
{"type":"Feature","geometry":{"type":"Point","coordinates":[18.6043094,54.4054804]},"properties":{"bench":"yes","bus":"yes","highway":"bus_stop","name":"Olsztyńska 04","network":"ZTM Gdańsk","network:wikidata":"Q60860236","operator":"ZTM Gdańsk","public_transport":"platform","ref:ztm":"1129","shelter":"no"}},
{"type":"Feature","geometry":{"type":"Point","coordinates":[18.431363,54.4195131]},"properties":{"bench":"yes","bus":"yes","highway":"bus_stop","name":"Chwaszczyno, Jaromira","public_transport":"platform","shelter":"yes","tactile_paving":"no","wheelchair":"no"}},
{"type":"Feature","geometry":{"type":"Point","coordinates":[18.4373752,54.4254272]},"properties":{"bench":"no","bus":"yes","highway":"bus_stop","name":"Chwaszczyno, Kaszubska Droga 95","public_transport":"platform","shelter":"yes"}},
{"type":"Feature","geometry":{"type":"Point","coordinates":[18.4399994,54.4305755]},"properties":{"bench":"yes","bus":"yes","highway":"bus_stop","name":"Chwaszczyno, Bogusława","public_transport":"platform","shelter":"yes"}},
{"type":"Feature","geometry":{"type":"Point","coordinates":[18.571213,54.3318038]},"properties":{"bench":"yes","bus":"yes","departures_board":"yes","highway":"bus_stop","name":"Ujeścisko 04","network":"ZTM Gdańsk","network:wikidata":"Q9387123","network:wikipedia":"pl:Zarząd Transportu Miejskiego w Gdańsku","public_transport":"platform","ref":"3987","ref:ztm":"3987","shelter":"yes"}},
{"type":"Feature","geometry":{"type":"Point","coordinates":[18.5710439,54.3314737]},"properties":{"bench":"yes","bus":"yes","departures_board":"yes","highway":"bus_stop","name":"Ujeścisko 06","network":"ZTM Gdańsk","network:wikidata":"Q9387123","network:wikipedia":"pl:Zarząd Transportu Miejskiego w Gdańsku","public_transport":"platform","ref":"3988","ref:ztm":"3988","shelter":"yes"}},
{"type":"Feature","geometry":{"type":"Point","coordinates":[18.5708371,54.337846]},"properties":{"bench":"yes","bus":"yes","highway":"bus_stop","name":"Zabornia 06","network":"ZTM Gdańsk","network:wikidata":"Q9387123","network:wikipedia":"pl:Zarząd Transportu Miejskiego w Gdańsku","public_transport":"platform","ref":"3991","ref:ztm":"3991"}},
{"type":"Feature","geometry":{"type":"Point","coordinates":[18.5719236,54.3385104]},"properties":{"bench":"yes","bus":"yes","highway":"bus_stop","name":"Zabornia 04","network":"ZTM Gdańsk","network:wikidata":"Q9387123","network:wikipedia":"pl:Zarząd Transportu Miejskiego w Gdańsku","public_transport":"platform","ref":"3992","ref:ztm":"3992"}},
{"type":"Feature","geometry":{"type":"Point","coordinates":[18.5735184,54.3380902]},"properties":{"bench":"yes","bus":"yes","highway":"bus_stop","name":"Zabornia 05","network":"ZTM Gdańsk","network:wikidata":"Q9387123","network:wikipedia":"pl:Zarząd Transportu Miejskiego w Gdańsku","public_transport":"platform","ref":"3990","ref:ztm":"3990","shelter":"yes"}},
{"type":"Feature","geometry":{"type":"Point","coordinates":[18.5721322,54.3367447]},"properties":{"bench":"yes","bin":"yes","bus":"yes","highway":"bus_stop","lit":"yes","name":"Zabornia 03","network":"ZTM Gdańsk","network:wikidata":"Q9387123","network:wikipedia":"pl:Zarząd Transportu Miejskiego w Gdańsku","public_transport":"platform","ref":"3993","ref:ztm":"3993","shelter":"yes","tactile_paving":"yes"}},
{"type":"Feature","geometry":{"type":"Point","coordinates":[18.5674549,54.4358261]},"properties":{"bench":"yes","bin":"yes","bus":"yes","highway":"bus_stop","name":"Władysława IV 01","network":"ZKM Gdynia","operator":"PKM Gdynia","public_transport":"platform","shelter":"yes","trolleybus":"yes"}},
{"type":"Feature","geometry":{"type":"Point","coordinates":[18.5599033,54.4346795]},"properties":{"amenity":"bench","backrest":"no","bench":"yes","highway":"bus_stop","name":"Kochanowskiego 03","network":"ZKM Gdynia","public_transport":"platform"}},
{"type":"Feature","geometry":{"type":"Point","coordinates":[18.5454575,54.4402271]},"properties":{"bus":"yes","highway":"bus_stop","name":"Herberta 01","network":"ZKM Gdynia","operator":"PKM Gdynia","public_transport":"platform"}},
{"type":"Feature","geometry":{"type":"Point","coordinates":[18.5512735,54.4405132]},"properties":{"bus":"yes","highway":"bus_stop","name":"Żeromskiego 02","network":"ZKM Gdynia","operator":"PKM Gdynia","public_transport":"platform"}},
{"type":"Feature","geometry":{"type":"Point","coordinates":[18.5588603,54.4415554]},"properties":{"bus":"yes","highway":"bus_stop","name":"Sikorskiego 02","network":"ZKM Gdynia","network:wikidata":"Q9387114","operator":"PKM Gdynia","public_transport":"platform"}},
{"type":"Feature","geometry":{"type":"Point","coordinates":[18.564775,54.4412113]},"properties":{"bench":"yes","bin":"yes","bus":"yes","highway":"bus_stop","lit":"yes","name":"Sopot PKP 01","network":"ZKM Gdynia","operator":"PKM Gdynia","public_transport":"platform","shelter":"yes","tactile_paving":"no"}},
{"type":"Feature","geometry":{"type":"Point","coordinates":[18.5698268,54.4315222]},"properties":{"bench":"no","bin":"yes","highway":"bus_stop","lit":"no","name":"Sportowa 01","network":"ZKM Gdynia","operator":"PKM Gdynia","public_transport":"platform","shelter":"no","tactile_paving":"no"}},
{"type":"Feature","geometry":{"type":"Point","coordinates":[18.5697521,54.434696]},"properties":{"bench":"yes","bin":"yes","bus":"yes","highway":"bus_stop","name":"Jana z Kolna 02","network":"ZKM Gdynia","operator":"PKM Gdynia","public_transport":"platform","shelter":"no","tactile_paving":"no","trolleybus":"yes"}},
{"type":"Feature","geometry":{"type":"Point","coordinates":[18.5517629,54.4403919]},"properties":{"bus":"yes","highway":"bus_stop","name":"Żeromskiego 01","network":"ZKM Gdynia","operator":"PKM Gdynia","public_transport":"stop_position"}},
{"type":"Feature","geometry":{"type":"Point","coordinates":[18.5518701,54.4403452]},"properties":{"highway":"bus_stop","name":"Żeromskiego 01","network":"ZKM Gdynia","operator":"PKM Gdynia","public_transport":"platform"}},
{"type":"Feature","geometry":{"type":"Point","coordinates":[18.4254355,54.3194879]},"properties":{"bus":"yes","highway":"bus_stop","name":"Niestępowo Do Zdroju","operator":"ZTM Gdańsk","public_transport":"platform","ref:ztm":"7921","shelter":"yes"}},
{"type":"Feature","geometry":{"type":"Point","coordinates":[18.4243623,54.3197177]},"properties":{"bus":"yes","highway":"bus_stop","name":"Niestępowo Do Zdroju","operator":"ZTM Gdańsk","public_transport":"platform","ref:ztm":"7922","shelter":"no"}},
{"type":"Feature","geometry":{"type":"Point","coordinates":[18.4429746,54.3156694]},"properties":{"bus":"yes","highway":"bus_stop","name":"Niestępowo Gdańska","operator":"ZTM Gdańsk","public_transport":"platform","ref:ztm":"7917","shelter":"yes"}},
{"type":"Feature","geometry":{"type":"Point","coordinates":[18.4441927,54.3156616]},"properties":{"bus":"yes","highway":"bus_stop","name":"Niestępowo Gdańska","operator":"ZTM Gdańsk","public_transport":"platform","ref:ztm":"7918","shelter":"no"}},
{"type":"Feature","geometry":{"type":"Point","coordinates":[18.4519982,54.3184536]},"properties":{"bus":"yes","highway":"bus_stop","name":"Niestępowo Sulmińska","network":"ZTM Gdańsk","network:wikidata":"Q9387123","operator":"ZTM Gdańsk","public_transport":"platform","ref:ztm":"7915","shelter":"yes"}},
{"type":"Feature","geometry":{"type":"Point","coordinates":[18.4494191,54.318038]},"properties":{"bus":"yes","highway":"bus_stop","name":"Niestępowo Sulmińska","network":"ZTM Gdańsk","network:wikidata":"Q9387123","operator":"ZTM Gdańsk","public_transport":"platform","ref:ztm":"7916","shelter":"no"}},
{"type":"Feature","geometry":{"type":"Point","coordinates":[18.4435175,54.4184097]},"properties":{"bus":"yes","highway":"bus_stop","name":"Nowy Świat, Jezioro","public_transport":"platform"}},
{"type":"Feature","geometry":{"type":"Point","coordinates":[18.4387064,54.4178763]},"properties":{"bus":"yes","highway":"bus_stop","name":"Sobiesława I","physically_present":"no","public_transport":"platform","tactile_paving":"no"}},
{"type":"Feature","geometry":{"type":"Point","coordinates":[18.6185873,54.3590873]},"properties":{"bench":"no","bin":"yes","bus":"yes","highway":"bus_stop","lit":"yes","name":"Cygańska Góra 04 n/ż","name:pl":"Cygańska Góra 04 n/ż","operator":"Zarząd Transportu Miejskiego w Gdańsku","public_transport":"platform","ref:ztm":"1032","shelter":"no","tactile_paving":"no"}},
{"type":"Feature","geometry":{"type":"Point","coordinates":[18.6178962,54.3591331]},"properties":{"bench":"no","bin":"yes","bus":"yes","highway":"bus_stop","lit":"yes","name":"Cygańska Góra 03 n/ż","name:pl":"Cygańska Góra 03 n/ż","operator":"Zarząd Transportu Miejskiego w Gdańsku","public_transport":"platform","ref:ztm":"1031","shelter":"no","tactile_paving":"no"}},
{"type":"Feature","geometry":{"type":"Point","coordinates":[18.6715072,54.3522207]},"properties":{"bench":"yes","bin":"yes","bus":"yes","departures_board":"realtime","highway":"bus_stop","lit":"yes","name":"Głęboka 01","network":"ZTM Gdańsk","network:wikidata":"Q9387123","public_transport":"platform","ref:ztm":"7003","shelter":"yes","tactile_paving":"yes","tram":"yes"}},
{"type":"Feature","geometry":{"type":"Point","coordinates":[18.5723796,54.3473532]},"properties":{"bench":"yes","bin":"yes","bus":"yes","highway":"bus_stop","lit":"yes","name":"Łabędzia","network":"ZTM Gdańsk","network:wikidata":"Q9387123","network:wikipedia":"pl:Zarząd Transportu Miejskiego w Gdańsku","public_transport":"platform","ref":"3996","shelter":"yes","tactile_paving":"yes"}},
{"type":"Feature","geometry":{"type":"Point","coordinates":[18.5730979,54.3503707]},"properties":{"bench":"yes","bus":"yes","highway":"bus_stop","name":"Królewskie Wzgórze","network":"ZTM Gdańsk","network:wikidata":"Q9387123","network:wikipedia":"pl:Zarząd Transportu Miejskiego w Gdańsku","operator":"ZTM Gdańsk","public_transport":"platform","ref":"1891","ref:ztm":"1891","shelter":"yes","tactile_paving":"yes"}},
{"type":"Feature","geometry":{"type":"Point","coordinates":[18.5723852,54.3476147]},"properties":{"bench":"yes","bin":"yes","bus":"yes","highway":"bus_stop","lit":"yes","name":"Łabędzia","network":"ZTM Gdańsk","network:wikidata":"Q9387123","network:wikipedia":"pl:Zarząd Transportu Miejskiego w Gdańsku","public_transport":"platform","ref":"3997","shelter":"yes","tactile_paving":"yes"}},
{"type":"Feature","geometry":{"type":"Point","coordinates":[18.5705758,54.3411041]},"properties":{"bench":"no","bin":"no","bus":"yes","highway":"bus_stop","lit":"no","name":"Stolema","network":"ZTM Gdańsk","network:wikidata":"Q9387123","network:wikipedia":"pl:Zarząd Transportu Miejskiego w Gdańsku","public_transport":"platform","ref":"3994","shelter":"no","tactile_paving":"no"}},
{"type":"Feature","geometry":{"type":"Point","coordinates":[18.5705686,54.3406911]},"properties":{"bench":"yes","bin":"yes","bus":"yes","highway":"bus_stop","lit":"yes","name":"Stolema","network":"ZTM Gdańsk","network:wikidata":"Q9387123","network:wikipedia":"pl:Zarząd Transportu Miejskiego w Gdańsku","public_transport":"platform","ref":"3995","shelter":"yes","tactile_paving":"yes"}},
{"type":"Feature","geometry":{"type":"Point","coordinates":[18.5711883,54.3313996]},"properties":{"bench":"yes","bus":"yes","highway":"bus_stop","name":"Ujeścisko 05","network":"ZTM Gdańsk","network:wikidata":"Q9387123","network:wikipedia":"pl:Zarząd Transportu Miejskiego w Gdańsku","public_transport":"platform","ref":"3989","ref:ztm":"3989","shelter":"yes"}},
{"type":"Feature","geometry":{"type":"Point","coordinates":[18.669974,54.3990234]},"properties":{"bench":"yes","bin":"yes","bus":"yes","departures_board":"timetable","highway":"bus_stop","name":"Plac Wolności 01","network":"ZTM Gdańsk","network:wikidata":"Q9387123","public_transport":"platform","ref:ztm":"7015","shelter":"yes","tram":"yes"}},
{"type":"Feature","geometry":{"type":"Point","coordinates":[18.6150335,54.3825494]},"properties":{"bench":"yes","bin":"no","bus":"yes","departures_board":"yes","highway":"bus_stop","lit":"yes","name":"Plac Komorowskiego 03","network":"ZTM Gdańsk","public_transport":"platform","ref":"1011","shelter":"yes","start_date":"2020-11-16","tactile_paving":"yes"}},
{"type":"Feature","geometry":{"type":"Point","coordinates":[18.6134865,54.3606631]},"properties":{"bench":"no","bin":"yes","bus":"yes","highway":"bus_stop","lit":"yes","name":"Pomorskie Szkoły Rzemiosł 04","name:pl":"Pomorskie Szkoły Rzemiosł 04","operator":"Zarząd Transportu Miejskiego w Gdańsku","public_transport":"platform","ref:ztm":"1035","shelter":"no","tactile_paving":"yes"}},
{"type":"Feature","geometry":{"type":"Point","coordinates":[18.6131865,54.30807]},"properties":{"bin":"no","bus":"yes","departures_board":"timetable","highway":"bus_stop","name":"Maćkowy 01","network":"ZTM Gdańsk","network:wikidata":"Q9387123","network:wikipedia":"pl:Zarząd Transportu Miejskiego w Gdańsku","operator":"ZTM Gdańsk","public_transport":"platform","ref:ztm":"1783","shelter":"no","tactile_paving":"no"}},
{"type":"Feature","geometry":{"type":"Point","coordinates":[18.6131659,54.3082624]},"properties":{"bus":"yes","departures_board":"timetable","highway":"bus_stop","name":"Maćkowy 02","public_transport":"platform","ref:ztm":"1784"}},
{"type":"Feature","geometry":{"type":"Point","coordinates":[18.5463463,54.3313952]},"properties":{"bench":"no","bin":"yes","bus":"yes","departures_board":"timetable","highway":"bus_stop","lit":"no","name":"Potęgowska 01","network":"ZTM Gdańsk","network:wikidata":"Q9387123","network:wikipedia":"pl:Zarząd Transportu Miejskiego w Gdańsku","operator":"ZTM Gdańsk","public_transport":"platform","ref:ztm":"1808","shelter":"no","tactile_paving":"no"}},
{"type":"Feature","geometry":{"type":"Point","coordinates":[18.5464947,54.3314322]},"properties":{"bench":"no","bin":"yes","bus":"yes","departures_board":"timetable","highway":"bus_stop","lit":"yes","name":"Potęgowska 02","network":"ZTM Gdańsk","network:wikidata":"Q9387123","network:wikipedia":"pl:Zarząd Transportu Miejskiego w Gdańsku","operator":"ZTM Gdańsk","public_transport":"platform","ref:ztm":"1807","shelter":"no","tactile_paving":"no"}},
{"type":"Feature","geometry":{"type":"Point","coordinates":[18.6905211,54.3599205]},"properties":{"bench":"yes","bin":"yes","bus":"yes","departures_board":"timetable","highway":"bus_stop","lit":"yes","name":"Sucharskiego 03","network":"ZTM Gdańsk","network:wikidata":"Q9387123","network:wikipedia":"pl:Zarząd Transportu Miejskiego w Gdańsku","operator":"ZTM Gdańsk","public_transport":"platform","ref:ztm":"1050","shelter":"yes","tactile_paving":"yes"}},
{"type":"Feature","geometry":{"type":"Point","coordinates":[18.6909362,54.3596003]},"properties":{"bench":"yes","bin":"yes","bus":"yes","departures_board":"timetable","highway":"bus_stop","lit":"yes","name":"Sucharskiego 04","network":"ZTM Gdańsk","network:wikidata":"Q9387123","network:wikipedia":"pl:Zarząd Transportu Miejskiego w Gdańsku","operator":"ZTM Gdańsk","public_transport":"platform","ref:ztm":"1692","shelter":"no","tactile_paving":"no"}},
{"type":"Feature","geometry":{"type":"Point","coordinates":[18.6987037,54.3630546]},"properties":{"bench":"no","bin":"no","bus":"yes","departures_board":"timetable","highway":"bus_stop","name":"Kaczeńce 04","network":"ZTM Gdańsk","network:wikidata":"Q9387123","network:wikipedia":"pl:Zarząd Transportu Miejskiego w Gdańsku","operator":"ZTM Gdańsk","public_transport":"platform","ref:ztm":"3123","shelter":"no","tactile_paving":"yes"}},
{"type":"Feature","geometry":{"type":"Point","coordinates":[18.6992354,54.3633622]},"properties":{"bench":"yes","bin":"yes","bus":"yes","departures_board":"timetable","highway":"bus_stop","name":"Kaczeńce 03","network":"ZTM Gdańsk","network:wikidata":"Q9387123","network:wikipedia":"pl:Zarząd Transportu Miejskiego w Gdańsku","operator":"ZTM Gdańsk","public_transport":"platform","ref:ztm":"3124","shelter":"yes","tactile_paving":"yes"}},
{"type":"Feature","geometry":{"type":"Point","coordinates":[18.7041098,54.3629349]},"properties":{"bus":"yes","highway":"bus_stop","name":"Ugory eMOCja","network":"ZTM Gdańsk","network:wikidata":"Q9387123","network:wikipedia":"pl:Zarząd Transportu Miejskiego w Gdańsku","public_transport":"platform","ref":"3125"}},
{"type":"Feature","geometry":{"type":"Point","coordinates":[18.7047868,54.3629277]},"properties":{"bus":"yes","highway":"bus_stop","name":"Ugory eMOCja","network":"ZTM Gdańsk","network:wikidata":"Q9387123","network:wikipedia":"pl:Zarząd Transportu Miejskiego w Gdańsku","public_transport":"platform","ref":"3126","shelter":"yes"}},
{"type":"Feature","geometry":{"type":"Point","coordinates":[18.7103257,54.3606802]},"properties":{"bench":"yes","bin":"yes","bus":"yes","highway":"bus_stop","lit":"yes","name":"Zimna","network":"ZTM Gdańsk","network:wikidata":"Q9387123","network:wikipedia":"pl:Zarząd Transportu Miejskiego w Gdańsku","public_transport":"platform","ref":"1049","shelter":"yes","tactile_paving":"yes"}},
{"type":"Feature","geometry":{"type":"Point","coordinates":[18.7146039,54.3613153]},"properties":{"bench":"yes","bin":"yes","bus":"yes","departures_board":"realtime","disused:tram":"yes","highway":"bus_stop","name":"Stogi 02","network":"ZTM Gdańsk","network:wikidata":"Q9387123","network:wikipedia":"pl:Zarząd Transportu Miejskiego w Gdańsku","public_transport":"platform","ref:ztm":"7012","shelter":"yes","tactile_paving":"yes"}},
{"type":"Feature","geometry":{"type":"Point","coordinates":[18.7153059,54.362066]},"properties":{"bench":"yes","bin":"yes","bus":"yes","departures_board":"realtime","disused:tram":"yes","highway":"bus_stop","name":"Stogi 01","network":"ZTM Gdańsk","network:wikidata":"Q9387123","network:wikipedia":"pl:Zarząd Transportu Miejskiego w Gdańsku","public_transport":"platform","ref:ztm":"7011","shelter":"yes"}},
{"type":"Feature","geometry":{"type":"Point","coordinates":[18.7286565,54.3724425]},"properties":{"bench":"no","bin":"no","bus":"yes","departures_board":"timetable","highway":"bus_stop","kerb":"raised","kerb:approach_aid":"no","lit":"yes","name":"Stogi Plaża 03","network":"ZTM Gdańsk","network:wikidata":"Q9387123","network:wikipedia":"pl:Zarząd Transportu Miejskiego w Gdańsku","panoramax":"b1082064-eb38-4d6f-835c-e9d6fb9acfb5","passenger_information_display":"no","public_transport":"platform","ref:ztm":"173","shelter":"no","tactile_paving":"yes","wheelchair":"designated"}},
{"type":"Feature","geometry":{"type":"Point","coordinates":[18.7292285,54.3723931]},"properties":{"bench":"no","bus":"yes","departures_board":"timetable","highway":"bus_stop","kerb":"raised","kerb:approach_aid":"no","name":"Stogi Plaża 04","network":"ZTM Gdańsk","network:wikidata":"Q9387123","network:wikipedia":"pl:Zarząd Transportu Miejskiego w Gdańsku","passenger_information_display":"no","public_transport":"platform","ref:ztm":"373","shelter":"no"}},
{"type":"Feature","geometry":{"type":"Point","coordinates":[18.5880362,54.4160741]},"properties":{"bench":"yes","bus":"yes","departures_board":"timetable","highway":"bus_stop","name":"Piastowska","network":"ZTM Gdańsk","network:wikidata":"Q9387123","network:wikipedia":"pl:Zarząd Transportu Miejskiego w Gdańsku","public_transport":"platform","ref":"1528","shelter":"yes"}},
{"type":"Feature","geometry":{"type":"Point","coordinates":[18.6443499,54.3475032]},"properties":{"bench":"yes","bin":"yes","bus":"yes","highway":"bus_stop","layer":"1","name":"Śródmieście SKM 03","network":"ZTM Gdańsk","network:wikidata":"Q9387123","network:wikipedia":"pl:Zarząd Transportu Miejskiego w Gdańsku","operator":"ZTM Gdańsk","public_transport":"platform","ref":"1018","ref:ztm":"1018","shelter":"yes"}},
{"type":"Feature","geometry":{"type":"Point","coordinates":[18.6433845,54.3480018]},"properties":{"bench":"yes","bin":"yes","bus":"yes","highway":"bus_stop","name":"Śródmieście SKM 04","network":"ZTM Gdańsk","network:wikidata":"Q9387123","network:wikipedia":"pl:Zarząd Transportu Miejskiego w Gdańsku","operator":"ZTM Gdańsk","public_transport":"platform","ref:ztm":"1003","shelter":"yes"}},
{"type":"Feature","geometry":{"type":"Point","coordinates":[18.634277,54.3714228]},"properties":{"bench":"no","bin":"no","bus":"yes","departures_board":"timetable","highway":"bus_stop","name":"Stocznia Północna 03","network":"ZTM Gdańsk","network:wikidata":"Q9387123","network:wikipedia":"pl:Zarząd Transportu Miejskiego w Gdańsku","operator":"ZTM Gdańsk","public_transport":"platform","ref:ztm":"1648","shelter":"no","tactile_paving":"no"}},
{"type":"Feature","geometry":{"type":"Point","coordinates":[18.6336247,54.371623]},"properties":{"bench":"no","bin":"yes","bus":"yes","departures_board":"timetable","highway":"bus_stop","name":"Stocznia Północna 04","network":"ZTM Gdańsk","network:wikidata":"Q9387123","network:wikipedia":"pl:Zarząd Transportu Miejskiego w Gdańsku","operator":"ZTM Gdańsk","public_transport":"platform","ref:ztm":"1649","shelter":"no","tactile_paving":"no"}},
{"type":"Feature","geometry":{"type":"Point","coordinates":[18.631942,54.3766561]},"properties":{"bench":"yes","bin":"yes","bus":"yes","departures_board":"timetable","highway":"bus_stop","lit":"yes","name":"Węzeł Kliniczna 05","network":"ZTM Gdańsk","network:wikidata":"Q9387123","network:wikipedia":"pl:Zarząd Transportu Miejskiego w Gdańsku","operator":"ZTM Gdańsk","public_transport":"platform","ref:ztm":"157","shelter":"yes","tactile_paving":"yes"}},
{"type":"Feature","geometry":{"type":"Point","coordinates":[18.563758,54.3756449]},"properties":{"bench":"yes","bin":"yes","bus":"yes","departures_board":"timetable","highway":"bus_stop","lit":"yes","name":"Góralska 02 (n/ż)","network":"ZTM Gdańsk","network:wikidata":"Q9387123","public_transport":"platform","shelter":"yes","tactile_paving":"no","wheelchair":"yes"}},
{"type":"Feature","geometry":{"type":"Point","coordinates":[18.5639246,54.3756024]},"properties":{"bench":"yes","bin":"yes","bus":"yes","departures_board":"timetable","highway":"bus_stop","lit":"yes","name":"Góralska 01 (n/ż)","network":"ZTM Gdańsk","network:wikidata":"Q9387123","public_transport":"platform","shelter":"yes"}},
{"type":"Feature","geometry":{"type":"Point","coordinates":[18.5981962,54.3968793]},"properties":{"bench":"no","bin":"yes","bus":"yes","highway":"bus_stop","lit":"no","name":"Startowa 03","network":"ZTM Gdańsk","public_transport":"platform","ref":"1559","shelter":"no","tactile_paving":"no"}},
{"type":"Feature","geometry":{"type":"Point","coordinates":[18.5977174,54.396679]},"properties":{"bench":"no","bin":"yes","bus":"yes","highway":"bus_stop","lit":"no","name":"Startowa 04","network":"ZTM Gdańsk","public_transport":"platform","ref":"1560","shelter":"no","tactile_paving":"no"}},
{"type":"Feature","geometry":{"type":"Point","coordinates":[18.6059865,54.3921912]},"properties":{"bench":"no","bin":"no","bus":"yes","highway":"bus_stop","lit":"no","name":"Żwirki i Wigury 03","network":"ZTM Gdańsk","public_transport":"platform","ref":"1616","shelter":"no","tactile_paving":"no"}},
{"type":"Feature","geometry":{"type":"Point","coordinates":[18.6074859,54.3901863]},"properties":{"bench":"no","bus":"yes","highway":"bus_stop","name":"Bajana 03","network":"ZTM Gdańsk","network:wikidata":"Q9387123","public_transport":"platform","ref":"1826","ref:ztm":"1826","shelter":"no","tactile_paving":"yes"}},
{"type":"Feature","geometry":{"type":"Point","coordinates":[18.6666227,54.3984199]},"properties":{"bench":"no","bus":"yes","departures_board":"timetable","highway":"bus_stop","name":"Marynarki Polskiej 03","network":"ZTM Gdańsk","network:wikidata":"Q9387123","public_transport":"platform","ref:ztm":"1893","shelter":"no"}},
{"type":"Feature","geometry":{"type":"Point","coordinates":[18.6233339,54.3586713]},"properties":{"bench":"yes","bin":"yes","bus":"yes","highway":"bus_stop","lit":"yes","name":"Focha 02","network":"ZTM Gdańsk","network:wikidata":"Q9387123","network:wikipedia":"pl:Zarząd Transportu Miejskiego w Gdańsku","public_transport":"platform","ref":"1881","ref:ztm":"1881","shelter":"no","tactile_paving":"no"}},
{"type":"Feature","geometry":{"type":"Point","coordinates":[18.6227786,54.3585474]},"properties":{"bench":"yes","bin":"yes","bus":"yes","highway":"bus_stop","lit":"yes","name":"Focha 01","network":"ZTM Gdańsk","network:wikidata":"Q9387123","network:wikipedia":"pl:Zarząd Transportu Miejskiego w Gdańsku","public_transport":"platform","ref":"1880","ref:ztm":"1880","shelter":"no","tactile_paving":"no"}},
{"type":"Feature","geometry":{"type":"Point","coordinates":[18.6206169,54.3834185]},"properties":{"bench":"yes","bin":"yes","bus":"yes","highway":"bus_stop","lit":"yes","name":"Mickiewicza 06","network":"ZTM Gdańsk","network:wikidata":"Q9387123","network:wikipedia":"pl:Zarząd Transportu Miejskiego w Gdańsku","public_transport":"platform","ref":"1451","shelter":"yes","tactile_paving":"no"}},
{"type":"Feature","geometry":{"type":"Point","coordinates":[18.6426918,54.3415897]},"properties":{"bench":"yes","bin":"yes","bus":"yes","departures_board":"timetable","highway":"bus_stop","lit":"yes","name":"Zaroślak 01","network":"ZTM Gdańsk","network:wikidata":"Q9387123","network:wikipedia":"pl:Zarząd Transportu Miejskiego w Gdańsku","old_name":"Petershagen","operator":"ZTM Gdańsk","public_transport":"platform","ref:ztm":"1200","shelter":"yes","tactile_paving":"yes"}},
{"type":"Feature","geometry":{"type":"Point","coordinates":[18.6419327,54.3419209]},"properties":{"bench":"yes","bin":"yes","bus":"yes","departures_board":"timetable","highway":"bus_stop","lit":"yes","name":"Zaroślak 03","network":"ZTM Gdańsk","network:wikidata":"Q9387123","network:wikipedia":"pl:Zarząd Transportu Miejskiego w Gdańsku","old_name":"Petershagen","operator":"ZTM Gdańsk","public_transport":"platform","ref:ztm":"1236","shelter":"yes","tactile_paving":"yes"}},
{"type":"Feature","geometry":{"type":"Point","coordinates":[18.5743285,54.4295066]},"properties":{"bench":"yes","bus":"yes","highway":"bus_stop","name":"Łokietka 01","operator":"ZKM Gdynia","public_transport":"platform","shelter":"no","trolleybus":"yes"}},
{"type":"Feature","geometry":{"type":"Point","coordinates":[18.5748556,54.3027203]},"properties":{"bench":"yes","bus":"yes","departures_board":"yes","highway":"bus_stop","name":"Kowale Osiedle Cytrusowe","network":"ZTM Gdańsk","public_transport":"platform","shelter":"no"}},
{"type":"Feature","geometry":{"type":"Point","coordinates":[18.5736936,54.3031526]},"properties":{"bench":"yes","bus":"yes","departures_board":"yes","highway":"bus_stop","name":"Kowale Osiedle Cytrusowe","network":"ZTM Gdańsk","public_transport":"platform"}},
{"type":"Feature","geometry":{"type":"Point","coordinates":[18.5676962,54.4360928]},"properties":{"bench":"yes","bin":"yes","bus":"yes","highway":"bus_stop","name":"Władysława IV 02","network":"ZKM Gdynia","operator":"PKM Gdynia","public_transport":"platform","shelter":"no","trolleybus":"yes"}},
{"type":"Feature","geometry":{"type":"Point","coordinates":[18.5880044,54.4293327]},"properties":{"bus":"yes","departures_board":"yes","highway":"bus_stop","name":"Hotel \"Marina\"","network":"ZTM Gdańsk","public_transport":"platform","ref":"4058","shelter":"yes"}},
{"type":"Feature","geometry":{"type":"Point","coordinates":[18.5873149,54.4300382]},"properties":{"bus":"yes","departures_board":"yes","highway":"bus_stop","name":"Hotel \"Marina\"","network":"ZTM Gdańsk","public_transport":"platform","ref":"4057","shelter":"yes"}},
{"type":"Feature","geometry":{"type":"Point","coordinates":[18.5832521,54.432163]},"properties":{"bus":"yes","departures_board":"yes","highway":"bus_stop","name":"Hestii 01","network":"ZTM Gdańsk","public_transport":"platform","ref:ztm":"4059","shelter":"yes"}},
{"type":"Feature","geometry":{"type":"Point","coordinates":[18.5834047,54.431859]},"properties":{"bus":"yes","departures_board":"yes","highway":"bus_stop","name":"Hestii 02","network":"ZTM Gdańsk","public_transport":"platform","ref:ztm":"4060","shelter":"yes"}},
{"type":"Feature","geometry":{"type":"Point","coordinates":[18.5798082,54.43416]},"properties":{"bench":"yes","bin":"yes","bus":"yes","departures_board":"yes","highway":"bus_stop","name":"Polna 01","network":"ZTM Gdańsk","network:wikidata":"Q9387123","public_transport":"platform","ref":"4061","shelter":"yes"}},
{"type":"Feature","geometry":{"type":"Point","coordinates":[18.5793829,54.4342301]},"properties":{"bench":"yes","bin":"yes","bus":"yes","departures_board":"yes","highway":"bus_stop","name":"Polna 02","network":"ZTM Gdańsk","network:wikidata":"Q9387123","public_transport":"platform","ref":"4062","shelter":"yes"}},
{"type":"Feature","geometry":{"type":"Point","coordinates":[18.6461558,54.3427807]},"properties":{"bench":"yes","bus":"yes","departures_board":"yes","highway":"bus_stop","name":"Urząd Wojewódzki / Marszałkowski","network":"ZTM Gdańsk","network:wikidata":"Q9387123","network:wikipedia":"pl:Zarząd Transportu Miejskiego w Gdańsku","operator":"ZTM Gdańsk","public_transport":"platform","ref:ztm":"1195","shelter":"yes"}},
{"type":"Feature","geometry":{"type":"Point","coordinates":[18.4938495,54.3535667]},"properties":{"bench":"yes","bus":"yes","departures_board":"realtime","highway":"bus_stop","name":"Fabryczna","network":"ZTM Gdańsk","network:wikidata":"Q9387123","operator":"ZTM Gdańsk","public_transport":"platform","ref":"02","ref:ztm":"1286","shelter":"yes"}},
{"type":"Feature","geometry":{"type":"Point","coordinates":[18.6166215,54.3373022]},"properties":{"bus":"yes","highway":"bus_stop","name":"Chełm Witosa","network":"ZTM Gdańsk","network:wikidata":"Q9387123","network:wikipedia":"pl:Zarząd Transportu Miejskiego w Gdańsku","public_transport":"platform","ref":"129"}},
{"type":"Feature","geometry":{"type":"Point","coordinates":[18.613481,54.3370536]},"properties":{"bench":"yes","bin":"yes","bus":"yes","highway":"bus_stop","name":"Kopeckiego 02","network":"ZTM Gdańsk","network:wikidata":"Q9387123","network:wikipedia":"pl:Zarząd Transportu Miejskiego w Gdańsku","public_transport":"platform","ref":"1748","ref:ztm":"1748","shelter":"yes"}},
{"type":"Feature","geometry":{"type":"Point","coordinates":[18.6244941,54.3670794]},"properties":{"bench":"yes","bin":"no","bus":"yes","highway":"bus_stop","lit":"yes","name":"Smoluchowskiego 01","operator":"Zarząd Transportu Miejskiego w Gdańsku","public_transport":"platform","ref:ztm":"1868","shelter":"no","tactile_paving":"no"}},
{"type":"Feature","geometry":{"type":"Point","coordinates":[18.6232812,54.3671102]},"properties":{"bench":"yes","bin":"yes","bus":"yes","highway":"bus_stop","lit":"yes","name":"Smoluchowskiego 02","operator":"Zarząd Transportu Miejskiego w Gdańsku","public_transport":"platform","ref:ztm":"1867","shelter":"no","tactile_paving":"no"}},
{"type":"Feature","geometry":{"type":"Point","coordinates":[18.6292297,54.3681025]},"properties":{"bench":"yes","bin":"yes","bus":"yes","departures_board":"timetable","highway":"bus_stop","lit":"yes","name":"Traugutta 04","network":"ZTM Gdańsk","network:wikidata":"Q9387123","network:wikipedia":"pl:Zarząd Transportu Miejskiego w Gdańsku","operator":"ZTM Gdańsk","public_transport":"platform","ref:ztm":"1010","shelter":"no","tactile_paving":"no"}},
{"type":"Feature","geometry":{"type":"Point","coordinates":[18.4313312,54.2827871]},"properties":{"bus":"yes","highway":"bus_stop","name":"Łapino Kartuskie, Ośrodki Wypoczynkowe","official_name":"Łapino Kartuskie, Granica","public_transport":"platform","shelter":"yes","source:official_name":"Załącznik nr 10.5.8, Żukowo_133 (Uchwała nr XI/112/2015 Rady Powiatu Kartuskiego)"}},
{"type":"Feature","geometry":{"type":"Point","coordinates":[18.4290799,54.2883188]},"properties":{"bus":"yes","highway":"bus_stop","name":"Łapino Kartuskie, Jezioro","official_name":"Łapino Kartuskie, Ośrodek Wypoczynkowy","public_transport":"platform","shelter":"yes","source:official_name":"Załącznik nr 10.5.8, Żukowo_131 (Uchwała nr XI/112/2015 Rady Powiatu Kartuskiego)"}},
{"type":"Feature","geometry":{"type":"Point","coordinates":[18.4288714,54.2876247]},"properties":{"bus":"yes","highway":"bus_stop","name":"Łapino Kartuskie, Jezioro","official_name":"Łapino Kartuskie, Ośrodek Wypoczynkowy","public_transport":"platform","shelter":"yes","source:official_name":"Załącznik nr 10.5.8, Żukowo_131 (Uchwała nr XI/112/2015 Rady Powiatu Kartuskiego)"}},
{"type":"Feature","geometry":{"type":"Point","coordinates":[18.5731605,54.4116469]},"properties":{"bench":"yes","bus":"yes","highway":"bus_stop","name":"Oliwa PKP 05","network":"ZTM Gdańsk","network:wikidata":"Q9387123","network:wikipedia":"pl:Zarząd Transportu Miejskiego w Gdańsku","public_transport":"platform","ref:ztm":"1718","shelter":"no"}},
{"type":"Feature","geometry":{"type":"Point","coordinates":[18.5799404,54.4140324]},"properties":{"bench":"no","bin":"no","bus":"yes","highway":"bus_stop","lit":"yes","name":"Poznańska","network":"ZTM Gdańsk","network:wikidata":"Q9387123","network:wikipedia":"pl:Zarząd Transportu Miejskiego w Gdańsku","public_transport":"platform","ref":"1529","shelter":"no","tactile_paving":"no"}},
{"type":"Feature","geometry":{"type":"Point","coordinates":[18.4519115,54.4207422]},"properties":{"bench":"yes","bin":"yes","bus":"yes","highway":"bus_stop","lit":"yes","name":"Osowa PKP 02","network":"ZTM Gdańsk","network:wikidata":"Q9387123","network:wikipedia":"pl:Zarząd Transportu Miejskiego w Gdańsku","public_transport":"platform","ref":"1521","shelter":"yes","tactile_paving":"yes"}},
{"type":"Feature","geometry":{"type":"Point","coordinates":[18.4526371,54.4209746]},"properties":{"bench":"no","bin":"yes","bus":"yes","highway":"bus_stop","lit":"yes","name":"Osowa PKP 01","network":"ZTM Gdańsk","network:wikidata":"Q9387123","network:wikipedia":"pl:Zarząd Transportu Miejskiego w Gdańsku","public_transport":"platform","ref":"363","shelter":"no","tactile_paving":"yes"}},
{"type":"Feature","geometry":{"type":"Point","coordinates":[18.590551,54.3078985]},"properties":{"bin":"yes","bus":"yes","highway":"bus_stop","name":"Podleckiego 02","public_transport":"platform","ref:ztm":"3122","shelter":"yes"}},
{"type":"Feature","geometry":{"type":"Point","coordinates":[18.591814,54.3072856]},"properties":{"bin":"yes","bus":"yes","highway":"bus_stop","name":"Podleckiego 01","public_transport":"platform","ref:ztm":"3121","shelter":"yes"}},
{"type":"Feature","geometry":{"type":"Point","coordinates":[18.6032036,54.3139348]},"properties":{"bench":"no","bin":"yes","bus":"yes","highway":"bus_stop","lit":"yes","name":"Knyszyńska 01","network":"ZTM Gdańsk","network:wikidata":"Q9387123","public_transport":"platform","ref:ztm":"1859","shelter":"no","tactile_paving":"no"}},
{"type":"Feature","geometry":{"type":"Point","coordinates":[18.646524,54.350671]},"properties":{"bench":"yes","bin":"yes","bus":"yes","departures_board":"realtime","highway":"bus_stop","lit":"yes","name":"Brama Wyżynna 03","network":"ZTM Gdańsk","network:wikidata":"Q9387123","operator":"ZTM Gdańsk","public_transport":"platform","ref:ztm":"1030","shelter":"yes","tactile_paving":"no"}},
{"type":"Feature","geometry":{"type":"Point","coordinates":[18.6393425,54.4072003]},"properties":{"bench":"yes","bin":"yes","bus":"yes","highway":"bus_stop","name":"Brzeźno Dom Zdrojowy 04","network":"ZTM Gdańsk","network:wikidata":"Q9387123","network:wikipedia":"pl:Zarząd Transportu Miejskiego w Gdańsku","public_transport":"platform","ref":"1496","shelter":"yes"}},
{"type":"Feature","geometry":{"type":"Point","coordinates":[18.6225963,54.3961581]},"properties":{"bench":"yes","bin":"yes","bus":"yes","highway":"bus_stop","name":"Grudziądzka 04","network":"ZTM Gdańsk","network:wikidata":"Q9387123","network:wikipedia":"pl:Zarząd Transportu Miejskiego w Gdańsku","public_transport":"platform","ref:ztm":"1910","shelter":"yes"}},
{"type":"Feature","geometry":{"type":"Point","coordinates":[18.7259549,54.2888863]},"properties":{"bus":"yes","highway":"bus_stop","name":"Wiślina, Słoneczna","public_transport":"platform"}},
{"type":"Feature","geometry":{"type":"Point","coordinates":[18.7227517,54.2924413]},"properties":{"bus":"yes","highway":"bus_stop","name":"Wiślina, Kościół","public_transport":"platform"}},
{"type":"Feature","geometry":{"type":"Point","coordinates":[18.7226833,54.2923626]},"properties":{"bus":"yes","highway":"bus_stop","name":"Wiślina, Kościół","public_transport":"platform"}},
{"type":"Feature","geometry":{"type":"Point","coordinates":[18.7203236,54.2955048]},"properties":{"bus":"yes","departures_board":"realtime","highway":"bus_stop","name":"Wiślina 02","public_transport":"platform","ref:ztm":"5216","shelter":"yes"}},
{"type":"Feature","geometry":{"type":"Point","coordinates":[18.7230883,54.300397]},"properties":{"highway":"bus_stop","name":"Wiślina, Weselno"}},
{"type":"Feature","geometry":{"type":"Point","coordinates":[18.7228026,54.3001469]},"properties":{"highway":"bus_stop","name":"Wiślina, Weselno"}},
{"type":"Feature","geometry":{"type":"Point","coordinates":[18.6234729,54.4027733]},"properties":{"bench":"yes","bin":"yes","bus":"yes","departures_board":"timetable","highway":"bus_stop","lit":"yes","name":"al. Płażyńskiego","network":"ZTM Gdańsk","network:wikidata":"Q9387123","network:wikipedia":"pl:Zarząd Transportu Miejskiego w Gdańsku","public_transport":"platform","ref":"1999","ref:ztm":"1999","shelter":"yes","tactile_paving":"yes"}},
{"type":"Feature","geometry":{"type":"Point","coordinates":[18.5471598,54.3039063]},"properties":{"bench":"yes","bin":"yes","bus":"yes","highway":"bus_stop","lit":"yes","name":"Kowale Szlachecka","public_transport":"platform","shelter":"yes"}},
{"type":"Feature","geometry":{"type":"Point","coordinates":[18.5446758,54.3033001]},"properties":{"bus":"yes","highway":"bus_stop","name":"Kowale Szlachecka","public_transport":"platform","shelter":"yes"}},
{"type":"Feature","geometry":{"type":"Point","coordinates":[18.5465194,54.3029361]},"properties":{"bus":"yes","highway":"bus_stop","name":"Kowale Szlachecka (n/ż) 02","public_transport":"platform","shelter":"yes"}},
{"type":"Feature","geometry":{"type":"Point","coordinates":[18.6920839,54.3607767]},"properties":{"bench":"yes","bin":"yes","bus":"yes","departures_board":"timetable","highway":"bus_stop","lit":"no","name":"Wosia Budzysza 01","network":"ZTM Gdańsk","network:wikidata":"Q9387123","network:wikipedia":"pl:Zarząd Transportu Miejskiego w Gdańsku","operator":"ZTM Gdańsk","public_transport":"platform","ref:ztm":"1065","shelter":"yes","tactile_paving":"yes"}},
{"type":"Feature","geometry":{"type":"Point","coordinates":[18.4819966,54.4309083]},"properties":{"bench":"no","bin":"yes","highway":"bus_stop","name":"Odyseusza 01","public_transport":"platform","ref:ztm":"1730","shelter":"no"}},
{"type":"Feature","geometry":{"type":"Point","coordinates":[18.634226,54.3970325]},"properties":{"bench":"yes","bin":"yes","bus":"yes","departures_board":"timetable","highway":"bus_stop","name":"Nowa Gdańska 02","network":"ZTM Gdańsk","network:wikidata":"Q9387123","network:wikipedia":"pl:Zarząd Transportu Miejskiego w Gdańsku","operator":"ZTM Gdańsk","public_transport":"platform","ref:ztm":"1172","shelter":"no","tactile_paving":"no"}},
{"type":"Feature","geometry":{"type":"Point","coordinates":[18.634299,54.396857]},"properties":{"bench":"no","bin":"yes","bus":"yes","departures_board":"timetable","highway":"bus_stop","name":"Nowa Gdańska 01","network":"ZTM Gdańsk","network:wikidata":"Q9387123","network:wikipedia":"pl:Zarząd Transportu Miejskiego w Gdańsku","public_transport":"platform","ref:ztm":"1173","shelter":"no","tactile_paving":"no"}},
{"type":"Feature","geometry":{"type":"Point","coordinates":[18.67798,54.3789068]},"properties":{"bench":"yes","bin":"yes","bus":"yes","departures_board":"timetable","highway":"bus_stop","lit":"yes","name":"Ku Ujściu 05","network":"ZTM Gdańsk","network:wikidata":"Q9387123","network:wikipedia":"pl:Zarząd Transportu Miejskiego w Gdańsku","operator":"ZTM Gdańsk","public_transport":"platform","ref:ztm":"1986","shelter":"yes","tactile_paving":"yes"}},
{"type":"Feature","geometry":{"type":"Point","coordinates":[18.4441089,54.288615]},"properties":{"bus":"yes","highway":"bus_stop","name":"Łapino","public_transport":"platform"}},
{"type":"Feature","geometry":{"type":"Point","coordinates":[18.447046,54.2814504]},"properties":{"bus":"yes","highway":"bus_stop","name":"Łapino, Sapiehy","public_transport":"platform"}},
{"type":"Feature","geometry":{"type":"Point","coordinates":[18.4053243,54.379334]},"properties":{"bench":"yes","bin":"yes","highway":"bus_stop","lit":"yes","name":"Banino, Balladyny","public_transport":"platform","shelter":"yes","tactile_paving":"no"}},
{"type":"Feature","geometry":{"type":"Point","coordinates":[18.4055757,54.3802788]},"properties":{"bench":"yes","bin":"yes","highway":"bus_stop","lit":"yes","name":"Banino, Balladyny","public_transport":"platform","shelter":"yes","tactile_paving":"no"}},
{"type":"Feature","geometry":{"type":"Point","coordinates":[18.4058208,54.3865492]},"properties":{"bus":"yes","highway":"bus_stop","name":"Banino, Lodowa (Algida)","public_transport":"platform"}},
{"type":"Feature","geometry":{"type":"Point","coordinates":[18.4059941,54.3865367]},"properties":{"bus":"yes","highway":"bus_stop","name":"Banino, Lodowa (Algida)","public_transport":"platform","shelter":"yes"}},
{"type":"Feature","geometry":{"type":"Point","coordinates":[18.4114629,54.3034893]},"properties":{"alt_name":"Łapino, Dom Opieki Społecznej","bus":"yes","highway":"bus_stop","name":"Łapino Kartuskie","official_name":"Łapino Kartuskie","public_transport":"platform","source:official_name":"Załącznik nr 10.5.8, Żukowo_125 (Uchwała nr XI/112/2015 Rady Powiatu Kartuskiego)"}},
{"type":"Feature","geometry":{"type":"Point","coordinates":[18.4128774,54.3030558]},"properties":{"alt_name":"Łapino, Dom Opieki Społecznej","bus":"yes","highway":"bus_stop","name":"Łapino Kartuskie","official_name":"Łapino Kartuskie","public_transport":"platform","source:official_name":"Załącznik nr 10.5.8, Żukowo_125 (Uchwała nr XI/112/2015 Rady Powiatu Kartuskiego)"}},
{"type":"Feature","geometry":{"type":"Point","coordinates":[18.4289455,54.2929928]},"properties":{"alt_name":"Łapino Kartuskie, droga do Widlina","bin":"yes","bus":"yes","highway":"bus_stop","name":"Łapino Kartuskie, Widlino","official_name":"Łapino Kartuskie, Jezioro","public_transport":"platform","shelter":"yes","source:official_name":"Załącznik nr 10.5.8, Żukowo_130 (Uchwała nr XI/112/2015 Rady Powiatu Kartuskiego)"}},
{"type":"Feature","geometry":{"type":"Point","coordinates":[18.4203449,54.2962004]},"properties":{"alt_name":"Łapino Kartuskie, Sakowcówka","bus":"yes","highway":"bus_stop","official_name":"Łapino Kartuskie, Widlino","public_transport":"platform","shelter":"yes","source:official_name":"Załącznik nr 10.5.8, Żukowo_127 (Uchwała nr XI/112/2015 Rady Powiatu Kartuskiego)"}},
{"type":"Feature","geometry":{"type":"Point","coordinates":[18.4449251,54.3005823]},"properties":{"bus":"yes","highway":"bus_stop","name":"Widlino Szlachecka","official_name":"Widlino, wieś","public_transport":"platform","shelter":"yes","source:official_name":"Załącznik nr 10.5.8, Żukowo_158 (Uchwała nr XI/112/2015 Rady Powiatu Kartuskiego)"}},
{"type":"Feature","geometry":{"type":"Point","coordinates":[18.5977885,54.2914334]},"properties":{"bus":"yes","highway":"bus_stop","name":"Borkowo, Głębokie","public_transport":"platform"}},
{"type":"Feature","geometry":{"type":"Point","coordinates":[18.5984316,54.2918176]},"properties":{"bus":"yes","highway":"bus_stop","name":"Borkowo, Głębokie","public_transport":"platform"}},
{"type":"Feature","geometry":{"type":"Point","coordinates":[18.5952842,54.2987285]},"properties":{"bus":"yes","highway":"bus_stop","name":"Borkowo Szkoła 01","public_transport":"platform"}},
{"type":"Feature","geometry":{"type":"Point","coordinates":[18.4222584,54.3604922]},"properties":{"bus":"yes","highway":"bus_stop","name":"Czaple Albatrosa","public_transport":"platform"}},
{"type":"Feature","geometry":{"type":"Point","coordinates":[18.4410967,54.3648627]},"properties":{"bus":"yes","departures_board":"yes","highway":"bus_stop","name":"Czaple Bysewo","public_transport":"platform","shelter":"yes"}},
{"type":"Feature","geometry":{"type":"Point","coordinates":[18.4610193,54.360987]},"properties":{"bus":"yes","departures_board":"timetable","highway":"bus_stop","name":"Grzybowa 01","network":"ZTM Gdańsk","network:wikidata":"Q9387123","public_transport":"platform","ref:ztm":"1698","shelter":"no"}},
{"type":"Feature","geometry":{"type":"Point","coordinates":[18.4595133,54.3651323]},"properties":{"bus":"yes","highway":"bus_stop","name":"Botaniczna","network":"ZTM Gdańsk","network:wikidata":"Q9387123","public_transport":"platform","ref":"1696"}},
{"type":"Feature","geometry":{"type":"Point","coordinates":[18.4613389,54.3684281]},"properties":{"bus":"yes","highway":"bus_stop","name":"Schronisko dla zwierząt \"Promyk\"","network":"ZTM Gdańsk","public_transport":"platform"}},
{"type":"Feature","geometry":{"type":"Point","coordinates":[18.4704634,54.3533827]},"properties":{"bin":"yes","bus":"yes","highway":"bus_stop","name":"Leźnieńska 01","network":"ZTM Gdańsk","network:wikidata":"Q9387123","public_transport":"platform","ref:ztm":"1700"}},
{"type":"Feature","geometry":{"type":"Point","coordinates":[18.4159214,54.3558505]},"properties":{"highway":"bus_stop","name":"Leźno, Czaple","public_transport":"platform"}},
{"type":"Feature","geometry":{"type":"Point","coordinates":[18.5243611,54.3546458]},"properties":{"bench":"no","bin":"no","bus":"yes","covered":"no","departures_board":"timetable","highway":"bus_stop","lit":"yes","name":"Kiełpinek 02","network":"ZTM Gdańsk","network:wikidata":"Q9387123","network:wikipedia":"pl:Zarząd Transportu Miejskiego w Gdańsku","public_transport":"platform","ref:ztm":"1935","shelter":"no","source":"https://mapa.ztm.gda.pl/?stop=1935","tactile_paving":"no"}},
{"type":"Feature","geometry":{"type":"Point","coordinates":[18.5235784,54.3548821]},"properties":{"bench":"no","bin":"no","bus":"yes","covered":"no","departures_board":"timetable","highway":"bus_stop","lit":"yes","name":"Kiełpinek 01","network":"ZTM Gdańsk","network:wikidata":"Q9387123","network:wikipedia":"pl:Zarząd Transportu Miejskiego w Gdańsku","public_transport":"platform","ref:ztm":"1934","shelter":"no","tactile_paving":"no"}},
{"type":"Feature","geometry":{"type":"Point","coordinates":[18.5290273,54.35476]},"properties":{"bench":"no","bin":"yes","bus":"yes","covered":"no","departures_board":"timetable","highway":"bus_stop","lit":"yes","name":"Kiełpinek PKM 01","network":"ZTM Gdańsk","network:wikidata":"Q9387123","network:wikipedia":"pl:Zarząd Transportu Miejskiego w Gdańsku","public_transport":"platform","ref:ztm":"393","shelter":"no","tactile_paving":"no"}},
{"type":"Feature","geometry":{"type":"Point","coordinates":[18.6427786,54.3554936]},"properties":{"bench":"yes","bin":"yes","bus":"yes","highway":"bus_stop","loc_ref":"8","name":"Przystanek końcowy","name:en":"Arrivals","name:pl":"Przystanek końcowy","public_transport":"platform","shelter":"yes"}},
{"type":"Feature","geometry":{"type":"Point","coordinates":[18.642492,54.355734]},"properties":{"bench":"yes","bin":"yes","bus":"yes","highway":"bus_stop","loc_ref":"1","name":"Stanowisko 1","public_transport":"platform","shelter":"yes"}},
{"type":"Feature","geometry":{"type":"Point","coordinates":[18.5831378,54.3419652]},"properties":{"bench":"yes","bin":"yes","bus":"yes","departures_board":"timetable","highway":"bus_stop","lit":"yes","name":"Migdałowa 02","network":"ZTM Gdańsk","network:wikidata":"Q9387123","network:wikipedia":"pl:Zarząd Transportu Miejskiego w Gdańsku","operator":"ZTM Gdańsk","public_transport":"platform","ref:ztm":"1168","shelter":"yes","tactile_paving":"yes"}},
{"type":"Feature","geometry":{"type":"Point","coordinates":[18.5833289,54.3419792]},"properties":{"bench":"yes","bin":"yes","bus":"yes","departures_board":"timetable","highway":"bus_stop","lit":"no","name":"Migdałowa 01","network":"ZTM Gdańsk","network:wikidata":"Q9387123","network:wikipedia":"pl:Zarząd Transportu Miejskiego w Gdańsku","operator":"ZTM Gdańsk","public_transport":"platform","ref:ztm":"1169","shelter":"yes","tactile_paving":"yes"}},
{"type":"Feature","geometry":{"type":"Point","coordinates":[18.4104978,54.3914581]},"properties":{"bench":"yes","bin":"yes","departures_board":"timetable","highway":"bus_stop","name":"Banino Szkoła 02","network":"ZTM Gdańsk","network:wikidata":"Q9387123","public_transport":"platform","ref":"7979","shelter":"yes"}},
{"type":"Feature","geometry":{"type":"Point","coordinates":[18.4117073,54.3908446]},"properties":{"bench":"yes","bin":"yes","departures_board":"timetable","highway":"bus_stop","name":"Banino Szkoła 01","network":"ZTM Gdańsk","network:wikidata":"Q9387123","public_transport":"platform","ref":"7432","shelter":"yes"}},
{"type":"Feature","geometry":{"type":"Point","coordinates":[18.6002969,54.3577698]},"properties":{"bench":"yes","bus":"yes","highway":"bus_stop","name":"Schuberta 01","network":"ZTM Gdańsk","network:wikidata":"Q9387123","network:wikipedia":"pl:Zarząd Transportu Miejskiego w Gdańsku","public_transport":"platform","ref":"1360","ref:ztm":"1360","shelter":"yes"}},
{"type":"Feature","geometry":{"type":"Point","coordinates":[18.5994675,54.3574257]},"properties":{"bench":"yes","bus":"yes","highway":"bus_stop","name":"Schuberta 02","network":"ZTM Gdańsk","network:wikidata":"Q9387123","network:wikipedia":"pl:Zarząd Transportu Miejskiego w Gdańsku","public_transport":"platform","ref":"1359","ref:ztm":"1359","shelter":"yes"}},
{"type":"Feature","geometry":{"type":"Point","coordinates":[18.5479101,54.3417549]},"properties":{"bus":"yes","departures_board":"timetable","highway":"bus_stop","name":"Rondo Kuronia 01","network":"ZTM Gdańsk","network:wikidata":"Q9387123","operator":"ZTM Gdańsk","public_transport":"platform","ref:ztm":"1244"}},
{"type":"Feature","geometry":{"type":"Point","coordinates":[18.4155933,54.3562882]},"properties":{"bench":"yes","bin":"yes","bus":"yes","highway":"bus_stop","name":"Leźno, Czaple","public_transport":"platform","shelter":"yes"}},
{"type":"Feature","geometry":{"type":"Point","coordinates":[18.4432859,54.3654027]},"properties":{"bus":"yes","departures_board":"timetable","highway":"bus_stop","name":"Czaple Bysewo","network":"ZTM Gdańsk","network:wikidata":"Q9387123","operator":"ZTM Gdańsk","public_transport":"platform","ref":"791","shelter":"yes"}},
{"type":"Feature","geometry":{"type":"Point","coordinates":[18.581294,54.3884377]},"properties":{"bench":"yes","bin":"yes","bus":"yes","departures_board":"timetable","highway":"bus_stop","lit":"yes","name":"Wilka-Krzyżanowskiego 04","network":"ZTM Gdańsk","network:wikidata":"Q9387123","network:wikipedia":"pl:Zarząd Transportu Miejskiego w Gdańsku","public_transport":"platform","ref:ztm":"1607","shelter":"no","tactile_paving":"no"}},
{"type":"Feature","geometry":{"type":"Point","coordinates":[18.5817419,54.3885452]},"properties":{"bench":"no","bin":"no","bus":"yes","departures_board":"timetable","highway":"bus_stop","lit":"yes","name":"Wilka-Krzyżanowskiego 03","network":"ZTM Gdańsk","network:wikidata":"Q9387123","network:wikipedia":"pl:Zarząd Transportu Miejskiego w Gdańsku","public_transport":"platform","ref:ztm":"1608","shelter":"no","tactile_paving":"no"}},
{"type":"Feature","geometry":{"type":"Point","coordinates":[18.4799263,54.4149531]},"properties":{"bench":"no","bus":"yes","highway":"bus_stop","name":"Owczarnia 03","operator":"ZTM Gdańsk","public_transport":"platform","ref:ztm":"1885","shelter":"no"}},
{"type":"Feature","geometry":{"type":"Point","coordinates":[18.5623648,54.4282725]},"properties":{"bus":"yes","highway":"bus_stop","name":"Smolna 02","public_transport":"stop_position","trolleybus":"yes"}},
{"type":"Feature","geometry":{"type":"Point","coordinates":[18.5626887,54.4276551]},"properties":{"bus":"yes","highway":"bus_stop","name":"Smolna 01","public_transport":"stop_position","trolleybus":"yes"}},
{"type":"Feature","geometry":{"type":"Point","coordinates":[18.5635499,54.4248804]},"properties":{"bus":"yes","highway":"bus_stop","name":"Kasztanowa 01","public_transport":"stop_position","trolleybus":"yes"}},
{"type":"Feature","geometry":{"type":"Point","coordinates":[18.5850309,54.331886]},"properties":{"bench":"yes","bin":"yes","bus":"yes","highway":"bus_stop","lit":"yes","name":"Piotrkowska 03","network":"ZTM Gdańsk","network:wikidata":"Q9387123","network:wikipedia":"pl:Zarząd Transportu Miejskiego w Gdańsku","public_transport":"platform","ref":"1982","ref:ztm":"1982","shelter":"no","tactile_paving":"yes"}},
{"type":"Feature","geometry":{"type":"Point","coordinates":[18.5849001,54.3314876]},"properties":{"bench":"yes","bin":"yes","bus":"yes","highway":"bus_stop","lit":"yes","name":"Piotrkowska 04","network":"ZTM Gdańsk","network:wikidata":"Q9387123","network:wikipedia":"pl:Zarząd Transportu Miejskiego w Gdańsku","public_transport":"platform","ref":"1983","ref:ztm":"1983","shelter":"no","tactile_paving":"yes"}},
{"type":"Feature","geometry":{"type":"Point","coordinates":[18.5543885,54.2949194]},"properties":{"bus":"yes","departures_board":"yes","highway":"bus_stop","name":"Jankowo Conradiego Pętla 01","public_transport":"platform","ref":"604","shelter":"yes"}},
{"type":"Feature","geometry":{"type":"Point","coordinates":[18.6008157,54.3098425]},"properties":{"bench":"yes","bus":"yes","highway":"bus_stop","name":"Topazowa 02","network":"ZTM Gdańsk","network:wikidata":"Q9387123","network:wikipedia":"pl:Zarząd Transportu Miejskiego w Gdańsku","public_transport":"platform","ref":"1225","ref:ztm":"1225"}},
{"type":"Feature","geometry":{"type":"Point","coordinates":[18.6012052,54.3098004]},"properties":{"bench":"yes","bus":"yes","highway":"bus_stop","name":"Topazowa 01","network":"ZTM Gdańsk","network:wikidata":"Q9387123","network:wikipedia":"pl:Zarząd Transportu Miejskiego w Gdańsku","public_transport":"platform","ref":"1226","ref:ztm":"1226"}},
{"type":"Feature","geometry":{"type":"Point","coordinates":[18.5887462,54.3557279]},"properties":{"bench":"yes","bin":"yes","bus":"yes","covered":"no","highway":"bus_stop","name":"Belgradzka 04","public_transport":"platform","ref:ztm":"3725","shelter":"no"}},
{"type":"Feature","geometry":{"type":"Point","coordinates":[18.4927643,54.3557255]},"properties":{"bus":"yes","departures_board":"timetable","highway":"bus_stop","name":"Fundamentowa","network":"ZTM Gdańsk","network:wikidata":"Q9387123","operator":"ZTM Gdańsk","public_transport":"platform","ref":"1567","shelter":"no"}},
{"type":"Feature","geometry":{"type":"Point","coordinates":[18.4969664,54.3585334]},"properties":{"bus":"yes","departures_board":"timetable","highway":"bus_stop","name":"Montażystów","network":"ZTM Gdańsk","network:wikidata":"Q9387123","operator":"ZTM Gdańsk","public_transport":"platform","ref":"01","shelter":"no"}},
{"type":"Feature","geometry":{"type":"Point","coordinates":[18.4976117,54.3586392]},"properties":{"bus":"yes","departures_board":"timetable","highway":"bus_stop","name":"Montażystów","network":"ZTM Gdańsk","network:wikidata":"Q9387123","operator":"ZTM Gdańsk","public_transport":"platform","ref":"02","shelter":"no"}},
{"type":"Feature","geometry":{"type":"Point","coordinates":[18.5038706,54.3561178]},"properties":{"bus":"yes","departures_board":"timetable","highway":"bus_stop","name":"Św. Brata Alberta","network":"ZTM Gdańsk","network:wikidata":"Q9387123","operator":"ZTM Gdańsk","public_transport":"platform","ref":"1566","shelter":"no"}},
{"type":"Feature","geometry":{"type":"Point","coordinates":[18.5037259,54.3561005]},"properties":{"bus":"yes","departures_board":"timetable","highway":"bus_stop","name":"Św. Brata Alberta","network":"ZTM Gdańsk","network:wikidata":"Q9387123","operator":"ZTM Gdańsk","public_transport":"platform","ref":"1565","shelter":"no"}},
{"type":"Feature","geometry":{"type":"Point","coordinates":[18.505534,54.3539022]},"properties":{"bus":"yes","departures_board":"timetable","highway":"bus_stop","name":"Maciejkowa","network":"ZTM Gdańsk","network:wikidata":"Q9387123","operator":"ZTM Gdańsk","public_transport":"platform","ref":"1564","shelter":"no"}},
{"type":"Feature","geometry":{"type":"Point","coordinates":[18.5052346,54.3538656]},"properties":{"bus":"yes","departures_board":"timetable","highway":"bus_stop","name":"Maciejkowa","network":"ZTM Gdańsk","network:wikidata":"Q9387123","operator":"ZTM Gdańsk","public_transport":"platform","ref":"1563","shelter":"no"}},
{"type":"Feature","geometry":{"type":"Point","coordinates":[18.5107456,54.3525036]},"properties":{"bus":"yes","departures_board":"timetable","highway":"bus_stop","name":"Karczemki Szkoła","network":"ZTM Gdańsk","network:wikidata":"Q9387123","operator":"ZTM Gdańsk","public_transport":"platform","ref":"1561","shelter":"no"}},
{"type":"Feature","geometry":{"type":"Point","coordinates":[18.5127017,54.3509059]},"properties":{"bus":"yes","departures_board":"timetable","highway":"bus_stop","name":"Karczemki","network":"ZTM Gdańsk","network:wikidata":"Q9387123","operator":"ZTM Gdańsk","public_transport":"platform","ref":"1558","shelter":"no"}},
{"type":"Feature","geometry":{"type":"Point","coordinates":[18.490333,54.3549117]},"properties":{"bench":"yes","bin":"yes","bus":"yes","departures_board":"realtime","highway":"bus_stop","lit":"yes","name":"Kokoszki 02","network":"ZTM Gdańsk","network:wikidata":"Q9387123","network:wikipedia":"pl:Zarząd Transportu Miejskiego w Gdańsku","operator":"ZTM Gdańsk","public_transport":"platform","ref:ztm":"1287","shelter":"yes","tactile_paving":"yes"}},
{"type":"Feature","geometry":{"type":"Point","coordinates":[18.4807277,54.3529693]},"properties":{"bus":"yes","departures_board":"yes","highway":"bus_stop","name":"Stokłosy 02","network":"ZTM Gdańsk","network:wikidata":"Q9387123","public_transport":"platform","ref":"1702","shelter":"no"}},
{"type":"Feature","geometry":{"type":"Point","coordinates":[18.4797989,54.3526231]},"properties":{"bus":"yes","departures_board":"yes","highway":"bus_stop","name":"Stokłosy 04","network":"ZTM Gdańsk","network:wikidata":"Q9387123","public_transport":"platform","ref":"1801","shelter":"no"}},
{"type":"Feature","geometry":{"type":"Point","coordinates":[18.4789705,54.3482965]},"properties":{"bus":"yes","highway":"bus_stop","name":"Borska 01","network":"ZTM Gdańsk","network:wikidata":"Q9387123","public_transport":"platform","ref:ztm":"1083"}},
{"type":"Feature","geometry":{"type":"Point","coordinates":[18.4768521,54.3457408]},"properties":{"bus":"yes","highway":"bus_stop","name":"Brodnicka 01","network":"ZTM Gdańsk","network:wikidata":"Q9387123","public_transport":"platform","ref":"1085"}},
{"type":"Feature","geometry":{"type":"Point","coordinates":[18.4771452,54.3458313]},"properties":{"bus":"yes","highway":"bus_stop","name":"Brodnicka 02","network":"ZTM Gdańsk","network:wikidata":"Q9387123","public_transport":"platform","ref":"1086"}},
{"type":"Feature","geometry":{"type":"Point","coordinates":[18.4732207,54.3420117]},"properties":{"bus":"yes","highway":"bus_stop","name":"Smęgorzyno","network":"ZTM Gdańsk","network:wikidata":"Q9387123","public_transport":"platform","ref":"172"}},
{"type":"Feature","geometry":{"type":"Point","coordinates":[18.5136396,54.337702]},"properties":{"bus":"yes","highway":"bus_stop","name":"Kolbudzka 02","network":"ZTM Gdańsk","network:wikidata":"Q9387123","public_transport":"platform","ref":"3815"}},
{"type":"Feature","geometry":{"type":"Point","coordinates":[18.5154068,54.3372843]},"properties":{"bus":"yes","highway":"bus_stop","name":"Kolbudzka 01","network":"ZTM Gdańsk","network:wikidata":"Q9387123","public_transport":"platform","ref":"3816"}},
{"type":"Feature","geometry":{"type":"Point","coordinates":[18.5232803,54.3374399]},"properties":{"bus":"yes","highway":"bus_stop","name":"Łagowska 02","network":"ZTM Gdańsk","network:wikidata":"Q9387123","public_transport":"platform","ref":"3813"}},
{"type":"Feature","geometry":{"type":"Point","coordinates":[18.5303472,54.3355172]},"properties":{"bus":"yes","highway":"bus_stop","name":"Stężycka","network":"ZTM Gdańsk","network:wikidata":"Q9387123","public_transport":"platform","ref":"3812"}},
{"type":"Feature","geometry":{"type":"Point","coordinates":[18.5303924,54.3355923]},"properties":{"bus":"yes","highway":"bus_stop","name":"Stężycka","network":"ZTM Gdańsk","network:wikidata":"Q9387123","public_transport":"platform","ref":"3811"}},
{"type":"Feature","geometry":{"type":"Point","coordinates":[18.5401663,54.333806]},"properties":{"bench":"no","bus":"yes","highway":"bus_stop","name":"Połczyńska 02","network":"ZTM Gdańsk","network:wikidata":"Q9387123","public_transport":"platform","ref":"1809","shelter":"no"}},
{"type":"Feature","geometry":{"type":"Point","coordinates":[18.5402478,54.3336765]},"properties":{"bench":"no","bus":"yes","highway":"bus_stop","name":"Połczyńska 01","network":"ZTM Gdańsk","network:wikidata":"Q9387123","public_transport":"platform","ref":"1810","shelter":"no"}},
{"type":"Feature","geometry":{"type":"Point","coordinates":[18.4827858,54.3568642]},"properties":{"bus":"yes","departures_board":"timetable","highway":"bus_stop","name":"Geodetów 01","network":"ZTM Gdańsk","network:wikidata":"Q9387123","public_transport":"platform","ref":"3707","shelter":"no"}},
{"type":"Feature","geometry":{"type":"Point","coordinates":[18.4777672,54.3581355]},"properties":{"bus":"yes","highway":"bus_stop","name":"Maszynowa 01","network":"ZTM Gdańsk","network:wikidata":"Q9387123","public_transport":"platform","ref":"3709"}},
{"type":"Feature","geometry":{"type":"Point","coordinates":[18.6037503,54.3244575]},"properties":{"bench":"yes","bin":"yes","bus":"yes","highway":"bus_stop","name":"Świętokrzyska 02","network":"ZTM Gdańsk","network:wikidata":"Q9387123","network:wikipedia":"pl:Zarząd Transportu Miejskiego w Gdańsku","public_transport":"platform","ref":"1742","ref:ztm":"1742","shelter":"yes"}},
{"type":"Feature","geometry":{"type":"Point","coordinates":[18.6902383,54.3621823]},"properties":{"bench":"yes","bin":"yes","bus":"yes","highway":"bus_stop","name":"Andruszkiewicza 02","network":"ZTM Gdańsk","network:wikidata":"Q9387123","network:wikipedia":"pl:Zarząd Transportu Miejskiego w Gdańsku","public_transport":"platform","ref:ztm":"1068","shelter":"yes"}},
{"type":"Feature","geometry":{"type":"Point","coordinates":[18.6012897,54.3399349]},"properties":{"bench":"yes","bin":"yes","bus":"yes","highway":"bus_stop","lit":"yes","name":"Cmentarz Łostowicki","network":"ZTM Gdańsk","network:wikidata":"Q9387123","network:wikipedia":"pl:Zarząd Transportu Miejskiego w Gdańsku","public_transport":"platform","ref":"1310","ref:ztm":"1310","shelter":"yes","tactile_paving":"yes"}},
{"type":"Feature","geometry":{"type":"Point","coordinates":[18.5590082,54.4342366]},"properties":{"bus":"yes","highway":"bus_stop","name":"Kochanowskiego 01","network":"ZKM Gdynia","public_transport":"stop_position"}},
{"type":"Feature","geometry":{"type":"Point","coordinates":[18.5560634,54.4443387]},"properties":{"bench":"yes","bin":"yes","bus":"yes","highway":"bus_stop","name":"Uniwersytet Gdański 01","public_transport":"platform","shelter":"yes"}},
{"type":"Feature","geometry":{"type":"Point","coordinates":[18.4293143,54.4484074]},"properties":{"bus":"yes","highway":"bus_stop","name":"Chwaszczyno Synaka 04","network":"ZKM Gdynia","operator":"ZKM Gdynia","public_transport":"platform"}},
{"type":"Feature","geometry":{"type":"Point","coordinates":[18.4884435,54.3788117]},"properties":{"bench":"yes","bin":"yes","bus":"yes","check_date:shelter":"2022-07-19","highway":"bus_stop","name":"Firoga PKM 01","public_transport":"platform","shelter":"yes","tactile_paving":"yes"}},
{"type":"Feature","geometry":{"type":"Point","coordinates":[18.7296439,54.3614239]},"properties":{"bus":"yes","departures_board":"timetable","highway":"bus_stop","name":"Sówki 01","network":"ZTM Gdańsk","network:wikidata":"Q9387123","operator":"ZTM Gdańsk","public_transport":"platform","ref:ztm":"1053","shelter":"yes"}},
{"type":"Feature","geometry":{"type":"Point","coordinates":[18.7455458,54.3554072]},"properties":{"bench":"yes","bus":"yes","departures_board":"timetable","highway":"bus_stop","name":"Górecka 02","network":"ZTM Gdańsk","network:wikidata":"Q9387123","operator":"ZTM Gdańsk","public_transport":"platform","ref:ztm":"1430","shelter":"no"}},
{"type":"Feature","geometry":{"type":"Point","coordinates":[18.7454246,54.3554335]},"properties":{"bus":"yes","departures_board":"timetable","highway":"bus_stop","name":"Górecka 01","network":"ZTM Gdańsk","network:wikidata":"Q9387123","operator":"ZTM Gdańsk","public_transport":"platform","ref:ztm":"1429","shelter":"no"}},
{"type":"Feature","geometry":{"type":"Point","coordinates":[18.5726057,54.41689]},"properties":{"bench":"yes","bin":"yes","bus":"yes","highway":"bus_stop","lit":"yes","name":"Subisława","network":"ZTM Gdańsk","network:wikidata":"Q9387123","network:wikipedia":"pl:Zarząd Transportu Miejskiego w Gdańsku","public_transport":"platform","ref":"1603","ref:ztm":"1603","shelter":"no","tactile_paving":"no"}},
{"type":"Feature","geometry":{"type":"Point","coordinates":[18.5863009,54.3391629]},"properties":{"bench":"yes","bin":"yes","bus":"yes","highway":"bus_stop","lit":"yes","name":"Cedrowa 02","public_transport":"platform","shelter":"yes","tactile_paving":"no"}},
{"type":"Feature","geometry":{"type":"Point","coordinates":[18.5856452,54.3394936]},"properties":{"bench":"yes","bin":"yes","bus":"yes","highway":"bus_stop","lit":"yes","name":"Cedrowa 01","public_transport":"platform","shelter":"yes","tactile_paving":"no"}},
{"type":"Feature","geometry":{"type":"Point","coordinates":[18.6334586,54.3906161]},"properties":{"bus":"yes","departures_board":"timetable","highway":"bus_stop","name":"Wrzeszczańska 02","network":"ZTM Gdańsk","network:wikidata":"Q9387123","network:wikipedia":"pl:Zarząd Transportu Miejskiego w Gdańsku","public_transport":"platform","ref:ztm":"1406","shelter":"no"}},
{"type":"Feature","geometry":{"type":"Point","coordinates":[18.6333531,54.3906252]},"properties":{"bus":"yes","departures_board":"timetable","highway":"bus_stop","name":"Wrzeszczańska 01","network":"ZTM Gdańsk","network:wikidata":"Q9387123","network:wikipedia":"pl:Zarząd Transportu Miejskiego w Gdańsku","public_transport":"platform","ref:ztm":"1405","shelter":"no"}},
{"type":"Feature","geometry":{"type":"Point","coordinates":[18.5750659,54.3285188]},"properties":{"bench":"yes","bus":"yes","highway":"bus_stop","name":"Nowosądecka 02","network":"ZTM Gdańsk","network:wikidata":"Q9387123","network:wikipedia":"pl:Zarząd Transportu Miejskiego w Gdańsku","public_transport":"platform","ref":"3984","ref:ztm":"3984","shelter":"yes"}},
{"type":"Feature","geometry":{"type":"Point","coordinates":[18.575388,54.3283849]},"properties":{"bench":"yes","bus":"yes","highway":"bus_stop","name":"Nowosądecka 01","network":"ZTM Gdańsk","network:wikidata":"Q9387123","network:wikipedia":"pl:Zarząd Transportu Miejskiego w Gdańsku","public_transport":"platform","ref":"3983","ref:ztm":"3983","shelter":"yes"}},
{"type":"Feature","geometry":{"type":"Point","coordinates":[18.5712046,54.3287164]},"properties":{"bench":"yes","bus":"yes","highway":"bus_stop","name":"Lawendowe Wzgórze 05","network":"ZTM Gdańsk","network:wikidata":"Q9387123","network:wikipedia":"pl:Zarząd Transportu Miejskiego w Gdańsku","public_transport":"platform","ref":"3985","ref:ztm":"3985","shelter":"yes"}},
{"type":"Feature","geometry":{"type":"Point","coordinates":[18.5710201,54.3288927]},"properties":{"bench":"yes","bus":"yes","highway":"bus_stop","name":"Lawendowe Wzgórze 04","network":"ZTM Gdańsk","network:wikidata":"Q9387123","network:wikipedia":"pl:Zarząd Transportu Miejskiego w Gdańsku","public_transport":"platform","ref":"3986","ref:ztm":"3986","shelter":"yes"}},
{"type":"Feature","geometry":{"type":"Point","coordinates":[18.4887325,54.3546196]},"properties":{"bench":"yes","bin":"yes","bus":"yes","departures_board":"timetable","highway":"bus_stop","lit":"yes","name":"Kokoszki 03","network":"ZTM Gdańsk","network:wikidata":"Q9387123","network:wikipedia":"pl:Zarząd Transportu Miejskiego w Gdańsku","operator":"ZTM Gdańsk","public_transport":"platform","ref:ztm":"3703","shelter":"yes","tactile_paving":"yes"}},
{"type":"Feature","geometry":{"type":"Point","coordinates":[18.4907836,54.3539252]},"properties":{"bench":"yes","bin":"yes","bus":"yes","departures_board":"realtime","highway":"bus_stop","lit":"yes","name":"Kokoszki 01","network":"ZTM Gdańsk","network:wikidata":"Q9387123","network:wikipedia":"pl:Zarząd Transportu Miejskiego w Gdańsku","operator":"ZTM Gdańsk","public_transport":"platform","ref:ztm":"1703","shelter":"yes","tactile_paving":"yes"}},
{"type":"Feature","geometry":{"type":"Point","coordinates":[18.4830286,54.3537513]},"properties":{"bench":"no","bin":"no","bus":"yes","departures_board":"timetable","highway":"bus_stop","lit":"no","name":"Stokłosy 05","network":"ZTM Gdańsk","network:wikidata":"Q9387123","network:wikipedia":"pl:Zarząd Transportu Miejskiego w Gdańsku","operator":"ZTM Gdańsk","public_transport":"platform","ref:ztm":"3705","shelter":"no","tactile_paving":"no"}},
{"type":"Feature","geometry":{"type":"Point","coordinates":[18.4045408,54.363971]},"properties":{"bus":"yes","highway":"bus_stop","name":"Pępowo, Kreffta","public_transport":"platform"}},
{"type":"Feature","geometry":{"type":"Point","coordinates":[18.4046303,54.3638034]},"properties":{"bus":"yes","highway":"bus_stop","name":"Pępowo, Kreffta","public_transport":"platform"}},
{"type":"Feature","geometry":{"type":"Point","coordinates":[18.422623,54.3605275]},"properties":{"bus":"yes","highway":"bus_stop","name":"Czaple Albatrosa","public_transport":"platform"}},
{"type":"Feature","geometry":{"type":"Point","coordinates":[18.4383619,54.3645559]},"properties":{"bus":"yes","highway":"bus_stop","name":"Czaple Żurawia","public_transport":"platform"}},
{"type":"Feature","geometry":{"type":"Point","coordinates":[18.4376664,54.3643928]},"properties":{"bus":"yes","highway":"bus_stop","name":"Czaple Żurawia","public_transport":"platform"}},
{"type":"Feature","geometry":{"type":"Point","coordinates":[18.4294878,54.392619]},"properties":{"bus":"yes","highway":"bus_stop","name":"Rębiechowo, Barniewicka","public_transport":"platform"}},
{"type":"Feature","geometry":{"type":"Point","coordinates":[18.4324927,54.3949581]},"properties":{"bus":"yes","highway":"bus_stop","name":"Rębiechowo, Wiadukt","public_transport":"platform"}},
{"type":"Feature","geometry":{"type":"Point","coordinates":[18.6062504,54.3834675]},"properties":{"highway":"bus_stop","name":"Nad Stawem 01","network":"ZTM Gdańsk","network:wikidata":"Q9387123","network:wikipedia":"pl:Zarząd Transportu Miejskiego w Gdańsku","operator":"ZTM Gdańsk","public_transport":"platform","ref":"1973"}},
{"type":"Feature","geometry":{"type":"Point","coordinates":[18.6066054,54.3830139]},"properties":{"bench":"no","bin":"yes","departures_board":"timetable","highway":"bus_stop","lit":"yes","name":"Nad Stawem 02","network":"ZTM Gdańsk","network:wikidata":"Q9387123","network:wikipedia":"pl:Zarząd Transportu Miejskiego w Gdańsku","operator":"ZTM Gdańsk","public_transport":"platform","ref":"1972","shelter":"no","tactile_paving":"no"}},
{"type":"Feature","geometry":{"type":"Point","coordinates":[18.6736015,54.3678067]},"properties":{"bus":"yes","highway":"bus_stop","name":"Przejazd Kolejowy 01","network":"ZTM Gdańsk","network:wikidata":"Q9387123","network:wikipedia":"pl:Zarząd Transportu Miejskiego w Gdańsku","public_transport":"platform","ref":"1093","ref:ztm":"1093"}},
{"type":"Feature","geometry":{"type":"Point","coordinates":[18.6733981,54.3673998]},"properties":{"bus":"yes","highway":"bus_stop","name":"Przejazd Kolejowy 02","network":"ZTM Gdańsk","network:wikidata":"Q9387123","network:wikipedia":"pl:Zarząd Transportu Miejskiego w Gdańsku","public_transport":"platform","ref":"1094","ref:ztm":"1094"}},
{"type":"Feature","geometry":{"type":"Point","coordinates":[18.5107651,54.3385032]},"properties":{"bus":"yes","highway":"bus_stop","name":"Lipuska 02","network":"ZTM Gdańsk","network:wikidata":"Q9387123","physically_present":"no","public_transport":"platform","ref":"3818"}},
{"type":"Feature","geometry":{"type":"Point","coordinates":[18.5499705,54.328995]},"properties":{"bus":"yes","highway":"bus_stop","name":"Szadółki 04","operator":"ZTM Gdańsk","public_transport":"platform","ref:ztm":"3805"}},
{"type":"Feature","geometry":{"type":"Point","coordinates":[18.550768,54.3287992]},"properties":{"bus":"yes","highway":"bus_stop","name":"Szadółki 03","operator":"ZTM Gdańsk","public_transport":"platform","ref:ztm":"3806"}},
{"type":"Feature","geometry":{"type":"Point","coordinates":[18.6558003,54.3585928]},"properties":{"bench":"no","bin":"no","bus":"yes","departures_board":"timetable","highway":"bus_stop","lit":"no","name":"Rybaki Górne 02","network":"ZTM Gdańsk","network:wikidata":"Q9387123","public_transport":"platform","ref:ztm":"3091","shelter":"no","tactile_paving":"no"}},
{"type":"Feature","geometry":{"type":"Point","coordinates":[18.628764,54.3186273]},"properties":{"bench":"no","bin":"yes","bus":"yes","highway":"bus_stop","name":"Nowiny 04","network":"ZTM Gdańsk","network:wikidata":"Q9387123","operator":"ZTM Gdańsk","public_transport":"platform","ref:ztm":"3017","shelter":"no","tactile_paving":"no"}},
{"type":"Feature","geometry":{"type":"Point","coordinates":[18.5685214,54.3263709]},"properties":{"bench":"yes","bin":"yes","bus":"yes","highway":"bus_stop","lit":"yes","name":"Szkoła Podstawowa nr 6 01","network":"ZTM Gdańsk","network:wikidata":"Q9387123","network:wikipedia":"pl:Zarząd Transportu Miejskiego w Gdańsku","operator":"ZTM Gdańsk","public_transport":"platform","ref":"1308","ref:ztm":"1308","shelter":"yes","tactile_paving":"yes"}},
{"type":"Feature","geometry":{"type":"Point","coordinates":[18.6055125,54.3423551]},"properties":{"bench":"yes","bin":"yes","covered":"no","highway":"bus_stop","name":"Rejenta 01","public_transport":"platform","ref:ztm":"1113","tactile_paving":"no"}},
{"type":"Feature","geometry":{"type":"Point","coordinates":[18.605348,54.3422033]},"properties":{"bench":"yes","bin":"yes","covered":"no","highway":"bus_stop","name":"Rejenta 02","public_transport":"platform","ref:ztm":"1112","tactile_paving":"no"}},
{"type":"Feature","geometry":{"type":"Point","coordinates":[18.6294792,54.3869338]},"properties":{"highway":"bus_stop","name":"Klonowicza 01","network":"ZTM Gdańsk","network:wikidata":"Q9387123","network:wikipedia":"pl:Zarząd Transportu Miejskiego w Gdańsku","operator":"ZTM Gdańsk","public_transport":"platform","ref:ztm":"1123","shelter":"no"}},
{"type":"Feature","geometry":{"type":"Point","coordinates":[18.6291814,54.3869024]},"properties":{"highway":"bus_stop","name":"Klonowicza 02","network":"ZTM Gdańsk","network:wikidata":"Q9387123","network:wikipedia":"pl:Zarząd Transportu Miejskiego w Gdańsku","operator":"ZTM Gdańsk","public_transport":"platform","ref:ztm":"1124","shelter":"no"}},
{"type":"Feature","geometry":{"type":"Point","coordinates":[18.6442156,54.3533055]},"properties":{"bench":"yes","bus":"yes","departures_board":"timetable","highway":"bus_stop","name":"Podwale Grodzkie","public_transport":"platform","shelter":"no"}},
{"type":"Feature","geometry":{"type":"Point","coordinates":[18.6441315,54.3531699]},"properties":{"bus":"yes","departures_board":"timetable","highway":"bus_stop","name":"Podwale Grodzkie","public_transport":"platform","shelter":"no"}},
{"type":"Feature","geometry":{"type":"Point","coordinates":[18.6440286,54.3530082]},"properties":{"bench":"yes","bus":"yes","departures_board":"timetable","highway":"bus_stop","name":"Podwale Grodzkie","public_transport":"platform","shelter":"no"}},
{"type":"Feature","geometry":{"type":"Point","coordinates":[18.6830121,54.3487161]},"properties":{"bus":"yes","highway":"bus_stop","name":"Miałki Szlak 03","public_transport":"platform","ref:ztm":"1683"}},
{"type":"Feature","geometry":{"type":"Point","coordinates":[18.6496273,54.3585445]},"properties":{"bench":"yes","bin":"no","bus":"yes","highway":"bus_stop","lit":"no","name":"Łagiewniki 01","network":"ZTM Gdańsk","network:wikidata":"Q9387123","network:wikipedia":"pl:Zarząd Transportu Miejskiego w Gdańsku","public_transport":"platform","ref":"1006","ref:ztm":"1006","shelter":"yes","tactile_paving":"no"}},
{"type":"Feature","geometry":{"type":"Point","coordinates":[18.4781065,54.3151589]},"properties":{"bus":"yes","highway":"bus_stop","name":"Sulmin Trakt Gdański (n/ż) 01","network":"ZTM Gdańsk","network:wikidata":"Q9387123","operator":"ZTM Gdańsk","public_transport":"platform"}},
{"type":"Feature","geometry":{"type":"Point","coordinates":[18.48499,54.3928901]},"properties":{"bus":"yes","highway":"bus_stop","name":"Radarowa 02","operator":"ZTM Gdańsk","public_transport":"platform","ref:ztm":"1918"}},
{"type":"Feature","geometry":{"type":"Point","coordinates":[18.4850745,54.3928677]},"properties":{"bus":"yes","highway":"bus_stop","name":"Radarowa 01","operator":"ZTM Gdańsk","public_transport":"platform","ref:ztm":"1919"}},
{"type":"Feature","geometry":{"type":"Point","coordinates":[18.5675483,54.4095845]},"properties":{"bus":"yes","highway":"bus_stop","name":"Oliwa 09","network":"ZTM Gdańsk","network:wikidata":"Q9387123","operator":"ZTM Gdańsk","public_transport":"platform","ref:ztm":"320"}},
{"type":"Feature","geometry":{"type":"Point","coordinates":[18.5325434,54.316372]},"properties":{"bus":"yes","highway":"bus_stop","public_transport":"platform"}},
{"type":"Feature","geometry":{"type":"Point","coordinates":[18.5339115,54.3158233]},"properties":{"bus":"yes","highway":"bus_stop","public_transport":"platform"}},
{"type":"Feature","geometry":{"type":"Point","coordinates":[18.539247,54.3143105]},"properties":{"bus":"yes","highway":"bus_stop","public_transport":"platform"}},
{"type":"Feature","geometry":{"type":"Point","coordinates":[18.5407037,54.3138082]},"properties":{"bus":"yes","highway":"bus_stop","public_transport":"platform"}},
{"type":"Feature","geometry":{"type":"Point","coordinates":[18.6061461,54.400171]},"properties":{"bench":"yes","bin":"yes","bus":"yes","departures_board":"timetable","highway":"bus_stop","name":"Leszczyńskich 03","network":"ZTM Gdańsk","network:wikidata":"Q60860236","operator":"ZTM Gdańsk","public_transport":"platform","ref:ztm":"1125","shelter":"no","tactile_paving":"no"}},
{"type":"Feature","geometry":{"type":"Point","coordinates":[18.6039757,54.4027754]},"properties":{"bus":"yes","highway":"bus_stop","name":"Meissnera 02","network":"ZTM Gdańsk","network:wikidata":"Q60860236","operator":"ZTM Gdańsk","public_transport":"platform","ref:ztm":"1127"}},
{"type":"Feature","geometry":{"type":"Point","coordinates":[18.6032894,54.4015633]},"properties":{"bench":"yes","bin":"yes","bus":"yes","highway":"bus_stop","lit":"no","name":"Meissnera 01","network":"ZTM Gdańsk","network:wikidata":"Q60860236","operator":"ZTM Gdańsk","public_transport":"platform","ref:ztm":"1126","shelter":"no","tactile_paving":"no"}},
{"type":"Feature","geometry":{"type":"Point","coordinates":[18.5642061,54.4385917]},"properties":{"backrest":"yes","bench":"yes","bin":"yes","bus":"yes","highway":"bus_stop","name":"Sopot PKP - Marynarzy 02","public_transport":"platform","ref:ztm":"4038","shelter":"no"}},
{"type":"Feature","geometry":{"type":"Point","coordinates":[18.6732095,54.3979469]},"properties":{"bin":"yes","bus":"yes","departures_board":"timetable","highway":"bus_stop","name":"Nowy Port Zajezdnia 01","network":"ZTM Gdańsk","network:wikidata":"Q9387123","public_transport":"platform","ref:ztm":"7016","shelter":"yes","tram":"yes"}},
{"type":"Feature","geometry":{"type":"Point","coordinates":[18.6750914,54.3998076]},"properties":{"bench":"yes","bin":"yes","bus":"yes","departures_board":"timetable","highway":"bus_stop","lit":"yes","name":"Władysława IV 02","network":"ZTM Gdańsk","network:wikidata":"Q9387123","network:wikipedia":"pl:Zarząd Transportu Miejskiego w Gdańsku","operator":"ZTM Gdańsk","public_transport":"platform","ref:ztm":"1502","shelter":"no","tactile_paving":"no"}},
{"type":"Feature","geometry":{"type":"Point","coordinates":[18.6134917,54.3456952]},"properties":{"bus":"yes","highway":"bus_stop","name":"Świtezianki 02","public_transport":"platform","ref:ztm":"1117"}},
{"type":"Feature","geometry":{"type":"Point","coordinates":[18.6115821,54.3450621]},"properties":{"bus":"yes","highway":"bus_stop","name":"Domeyki 01","public_transport":"platform","ref:ztm":"1116"}},
{"type":"Feature","geometry":{"type":"Point","coordinates":[18.608087,54.3450378]},"properties":{"bus":"yes","highway":"bus_stop","name":"Soplicy 02","public_transport":"platform","ref:ztm":"1119"}},
{"type":"Feature","geometry":{"type":"Point","coordinates":[18.6069905,54.3450452]},"properties":{"bus":"yes","highway":"bus_stop","name":"Soplicy 01","public_transport":"platform","ref:ztm":"1118"}},
{"type":"Feature","geometry":{"type":"Point","coordinates":[18.6112108,54.3435195]},"properties":{"bus":"yes","highway":"bus_stop","name":"Zosi 02","public_transport":"platform","ref:ztm":"1114"}},
{"type":"Feature","geometry":{"type":"Point","coordinates":[18.6106165,54.3434742]},"properties":{"bus":"yes","highway":"bus_stop","name":"Zosi 01","public_transport":"platform","ref:ztm":"1115"}},
{"type":"Feature","geometry":{"type":"Point","coordinates":[18.4636683,54.3748341]},"properties":{"bus":"yes","highway":"bus_stop","name":"Bysewo 05","network":"ZTM Gdańsk","network:wikidata":"Q9387123","operator":"ZTM Gdańsk","public_transport":"platform","ref":"05","ref:ztm":"147"}},
{"type":"Feature","geometry":{"type":"Point","coordinates":[18.482419,54.3576345]},"properties":{"bus":"yes","departures_board":"timetable","highway":"bus_stop","name":"Geodetów 02","network":"ZTM Gdańsk","network:wikidata":"Q9387123","public_transport":"platform","ref":"3706","shelter":"no"}},
{"type":"Feature","geometry":{"type":"Point","coordinates":[18.4672985,54.3829459]},"properties":{"bench":"yes","bus":"yes","highway":"bus_stop","name":"Port Lotniczy 09","network":"ZKM Gdynia","network:wikidata":"Q9387114","network:wikipedia":"pl:Zarząd Komunikacji Miejskiej w Gdyni","operator":"ZKM Gdynia","public_transport":"platform","ref:ztm":"302","shelter":"no"}},
{"type":"Feature","geometry":{"type":"Point","coordinates":[18.4676531,54.3827086]},"properties":{"bench":"yes","bus":"yes","covered":"no","highway":"bus_stop","name":"Port Lotniczy 02","network":"ZTM Gdańsk","network:wikidata":"Q9387123","network:wikipedia":"pl:Zarząd Transportu Miejskiego w Gdańsku","operator":"ZTM Gdańsk","public_transport":"platform","ref:ztm":"102","shelter":"yes"}},
{"type":"Feature","geometry":{"type":"Point","coordinates":[18.5801148,54.3024437]},"properties":{"bus":"yes","highway":"bus_stop","name":"Borkowo Stylowa 01","public_transport":"platform"}},
{"type":"Feature","geometry":{"type":"Point","coordinates":[18.579499,54.3026747]},"properties":{"bus":"yes","highway":"bus_stop","name":"Borkowo Stylowa 02","public_transport":"platform"}},
{"type":"Feature","geometry":{"type":"Point","coordinates":[18.4347616,54.315352]},"properties":{"bus":"yes","highway":"bus_stop","name":"Niestępowo Szkoła 10","public_transport":"platform","ref:ztm":"7920"}},
{"type":"Feature","geometry":{"type":"Point","coordinates":[18.6025927,54.3825139]},"properties":{"bench":"no","bin":"yes","bus":"yes","highway":"bus_stop","lit":"yes","name":"Wrzeszcz PKP 06","network":"ZTM Gdańsk","operator":"Zarząd Transportu Miejskiego w Gdańsku","public_transport":"platform","ref:ztm":"313","shelter":"no","tactile_paving":"no"}},
{"type":"Feature","geometry":{"type":"Point","coordinates":[18.40391,54.3357797]},"properties":{"bus":"yes","highway":"bus_stop","name":"Lniska Radunia","official_name":"Lniska, Radunia","public_transport":"platform","shelter":"yes","source:official_name":"Załącznik nr 10.5.8, Żukowo_118 (Uchwała nr XI/112/2015 Rady Powiatu Kartuskiego)"}},
{"type":"Feature","geometry":{"type":"Point","coordinates":[18.4751146,54.3095358]},"properties":{"bus":"yes","fixme":"Lokalizacja do weryfikacji","highway":"bus_stop","name":"Sulmin, Bursztynowa","public_transport":"platform"}},
{"type":"Feature","geometry":{"type":"Point","coordinates":[18.582714,54.3084985]},"properties":{"bench":"yes","bin":"yes","bus":"yes","departures_board":"timetable","highway":"bus_stop","lit":"yes","name":"Barzychowskiej 01","network":"ZTM Gdańsk","network:wikidata":"Q9387123","operator":"ZTM Gdańsk","public_transport":"platform","ref:ztm":"3129","shelter":"no","tactile_paving":"no"}},
{"type":"Feature","geometry":{"type":"Point","coordinates":[18.5813508,54.3055986]},"properties":{"bench":"yes","bus":"yes","highway":"bus_stop","name":"Olimpijska 02","operator":"ZTM Gdańsk","public_transport":"platform","ref:ztm":"1882"}},
{"type":"Feature","geometry":{"type":"Point","coordinates":[18.5466359,54.3030864]},"properties":{"bus":"yes","highway":"bus_stop","name":"Kowale Szlachecka (n/ż) 01","physically_present":"no","public_transport":"platform"}},
{"type":"Feature","geometry":{"type":"Point","coordinates":[18.5525627,54.3057293]},"properties":{"bus":"yes","highway":"bus_stop","name":"Kowale Kasztelańska 02","public_transport":"platform"}},
{"type":"Feature","geometry":{"type":"Point","coordinates":[18.5540235,54.3059618]},"properties":{"bus":"yes","highway":"bus_stop","name":"Kowale Kasztelańska 01","public_transport":"platform"}},
{"type":"Feature","geometry":{"type":"Point","coordinates":[18.4314863,54.2828223]},"properties":{"bus":"yes","highway":"bus_stop","name":"Łapino Kartuskie, Ośrodki Wypoczynkowe","official_name":"Łapino Kartuskie, Granica","physically_present":"no","public_transport":"platform","source:official_name":"Załącznik nr 10.5.8, Żukowo_133 (Uchwała nr XI/112/2015 Rady Powiatu Kartuskiego)"}},
{"type":"Feature","geometry":{"type":"Point","coordinates":[18.4288516,54.2929163]},"properties":{"alt_name":"Łapino Kartuskie, droga do Widlina","bus":"yes","highway":"bus_stop","name":"Łapino Kartuskie, Widlino","official_name":"Łapino Kartuskie, Jezioro","physically_present":"no","public_transport":"platform","source:official_name":"Załącznik nr 10.5.8, Żukowo_130 (Uchwała nr XI/112/2015 Rady Powiatu Kartuskiego)"}},
{"type":"Feature","geometry":{"type":"Point","coordinates":[18.4434996,54.3155109]},"properties":{"bus":"yes","highway":"bus_stop","name":"Niestępowo Gdańska","physically_present":"no","public_transport":"platform"}},
{"type":"Feature","geometry":{"type":"Point","coordinates":[18.5617523,54.4094954]},"properties":{"bench":"no","bin":"no","bus":"yes","highway":"bus_stop","lit":"yes","name":"Park Oliwski 01","operator":"ZTM Gdańsk","public_transport":"platform","ref:ztm":"1532","shelter":"no","tactile_paving":"no"}},
{"type":"Feature","geometry":{"type":"Point","coordinates":[18.6025541,54.3139951]},"properties":{"bench":"no","bin":"yes","bus":"yes","departures_board":"timetable","highway":"bus_stop","lit":"yes","name":"Knyszyńska 02","network":"ZTM Gdańsk","network:wikidata":"Q9387123","public_transport":"platform","ref:ztm":"3024","shelter":"no","tactile_paving":"no"}},
{"type":"Feature","geometry":{"type":"Point","coordinates":[18.5971406,54.3118983]},"properties":{"bench":"no","bus":"yes","highway":"bus_stop","name":"Srebrna 03","operator":"ZTM Gdańsk","public_transport":"platform","ref:ztm":"1860","shelter":"yes","tactile_paving":"no"}},
{"type":"Feature","geometry":{"type":"Point","coordinates":[18.5916823,54.3347709]},"properties":{"bench":"no","bin":"no","bus":"yes","highway":"bus_stop","lit":"no","name":"Kielecka 03","network":"ZTM Gdańsk","network:wikidata":"Q9387123","network:wikipedia":"pl:Zarząd Transportu Miejskiego w Gdańsku","public_transport":"platform","ref:ztm":"1341","shelter":"no","tactile_paving":"no"}},
{"type":"Feature","geometry":{"type":"Point","coordinates":[18.6451585,54.3616751]},"properties":{"bench":"no","bin":"no","bus":"yes","highway":"bus_stop","lit":"yes","name":"Jana z Kolna 01","public_transport":"platform","ref:ztm":"305","shelter":"no","tactile_paving":"no"}},
{"type":"Feature","geometry":{"type":"Point","coordinates":[18.6219733,54.3976622]},"properties":{"bench":"yes","bin":"no","bus":"yes","highway":"bus_stop","name":"Grudziądzka 03","network":"ZTM Gdańsk","network:wikidata":"Q9387123","network:wikipedia":"pl:Zarząd Transportu Miejskiego w Gdańsku","public_transport":"platform","ref:ztm":"1650","shelter":"yes"}},
{"type":"Feature","geometry":{"type":"Point","coordinates":[18.6419642,54.3622705]},"properties":{"bench":"yes","bin":"yes","bus":"yes","highway":"bus_stop","name":"Brama Oliwska 03","public_transport":"platform","shelter":"yes","tactile_paving":"yes"}},
{"type":"Feature","geometry":{"type":"Point","coordinates":[18.6172064,54.3879929]},"properties":{"bin":"yes","bus":"yes","highway":"bus_stop","name":"Chrobrego 02","public_transport":"platform","ref:ztm":"1120"}},
{"type":"Feature","geometry":{"type":"Point","coordinates":[18.6157722,54.3881682]},"properties":{"bin":"yes","bus":"yes","highway":"bus_stop","name":"Chrobrego 01","public_transport":"platform","ref:ztm":"1121"}},
{"type":"Feature","geometry":{"type":"Point","coordinates":[18.4206021,54.4435856]},"properties":{"bus":"yes","highway":"bus_stop","name":"Chwaszczyno","network":"ZKM Gdynia","operator":"ZKM Gdynia","physically_present":"no","public_transport":"platform"}},
{"type":"Feature","geometry":{"type":"Point","coordinates":[18.5995574,54.3386456]},"properties":{"bus":"yes","highway":"bus_stop","name":"Gdańsk, Łostowicka","public_transport":"platform"}},
{"type":"Feature","geometry":{"type":"Point","coordinates":[18.6017086,54.338084]},"properties":{"bus":"yes","highway":"bus_stop","name":"Gdańsk, Łostowicka","public_transport":"platform"}},
{"type":"Feature","geometry":{"type":"Point","coordinates":[18.6280286,54.3379238]},"properties":{"bench":"yes","bus":"yes","highway":"bus_stop","name":"Chełm Cienista 04","operator":"ZTM Gdańsk","public_transport":"platform","ref:ztm":"9133","shelter":"yes"}},
{"type":"Feature","geometry":{"type":"Point","coordinates":[18.6262064,54.340907]},"properties":{"bench":"no","bus":"yes","highway":"bus_stop","name":"Worcella 02","operator":"ZTM Gdańsk","public_transport":"platform","ref:ztm":"1663","shelter":"no"}},
{"type":"Feature","geometry":{"type":"Point","coordinates":[18.6387865,54.339422]},"properties":{"bus":"yes","highway":"bus_stop","name":"Brzegi 01","public_transport":"platform","ref:ztm":"9238"}},
{"type":"Feature","geometry":{"type":"Point","coordinates":[18.6355139,54.3409961]},"properties":{"bench":"no","bus":"yes","highway":"bus_stop","name":"Cmentarna 02","operator":"ZTM Gdańsk","public_transport":"platform","ref:ztm":"1821","shelter":"no"}},
{"type":"Feature","geometry":{"type":"Point","coordinates":[18.5573455,54.4134433]},"properties":{"bench":"yes","bin":"yes","highway":"bus_stop","name":"Cmentarz Oliwski 01","ref:ztm":"1545","shelter":"no"}},
{"type":"Feature","geometry":{"type":"Point","coordinates":[18.58515,54.3193084]},"properties":{"highway":"bus_stop","name":"Huenefelda 01","public_transport":"platform"}},
{"type":"Feature","geometry":{"type":"Point","coordinates":[18.5848695,54.319368]},"properties":{"highway":"bus_stop","name":"Huenefelda 02","public_transport":"platform"}},
{"type":"Feature","geometry":{"type":"Point","coordinates":[18.5865823,54.3226997]},"properties":{"highway":"bus_stop","name":"Bramińskiego 02","public_transport":"platform"}},
{"type":"Feature","geometry":{"type":"Point","coordinates":[18.5868026,54.3228103]},"properties":{"highway":"bus_stop","name":"Bramińskiego 01","public_transport":"platform"}},
{"type":"Feature","geometry":{"type":"Point","coordinates":[18.5871436,54.324415]},"properties":{"highway":"bus_stop","name":"Człuchowska 01","public_transport":"platform"}},
{"type":"Feature","geometry":{"type":"Point","coordinates":[18.5846806,54.325425]},"properties":{"highway":"bus_stop","name":"Człuchowska 02","public_transport":"platform"}},
{"type":"Feature","geometry":{"type":"Point","coordinates":[18.599025,54.2984652]},"properties":{"bus":"yes","highway":"bus_stop","name":"Borkowo Topolowa 02","public_transport":"platform"}},
{"type":"Feature","geometry":{"type":"Point","coordinates":[18.5952177,54.2988924]},"properties":{"bus":"yes","highway":"bus_stop","name":"Borkowo Szkoła 02","public_transport":"platform"}},
{"type":"Feature","geometry":{"type":"Point","coordinates":[18.5946014,54.3002066]},"properties":{"bus":"yes","highway":"bus_stop","name":"Borkowo Kasztanowa 02","public_transport":"platform"}},
{"type":"Feature","geometry":{"type":"Point","coordinates":[18.589790699999999,54.3016338]},"properties":{"bus":"yes","highway":"bus_stop","name":"Borkowo Słoneczna 02","public_transport":"platform"}},
{"type":"Feature","geometry":{"type":"Point","coordinates":[18.5892159,54.3013924]},"properties":{"bus":"yes","highway":"bus_stop","name":"Borkowo Słoneczna 01","public_transport":"platform"}},
{"type":"Feature","geometry":{"type":"Point","coordinates":[18.6068903,54.3302737]},"properties":{"highway":"bus_stop","name":"Wawelska 02","public_transport":"platform"}},
{"type":"Feature","geometry":{"type":"Point","coordinates":[18.602895,54.3300127]},"properties":{"bench":"no","bin":"yes","highway":"bus_stop","lit":"yes","name":"Królowej Bony 01","public_transport":"platform","shelter":"no","tactile_paving":"no"}},
{"type":"Feature","geometry":{"type":"Point","coordinates":[18.6035748,54.3299601]},"properties":{"highway":"bus_stop","name":"Królowej Bony 02","public_transport":"platform"}},
{"type":"Feature","geometry":{"type":"Point","coordinates":[18.710153,54.3523363]},"properties":{"highway":"bus_stop","name":"Tarcice 03","operator":"ZTM Gdańsk","public_transport":"platform","ref:ztm":"1907"}},
{"type":"Feature","geometry":{"type":"Point","coordinates":[18.6026685,54.3380319]},"properties":{"bench":"no","bin":"no","highway":"bus_stop","lit":"yes","name":"Milskiego 01","public_transport":"platform","ref:ztm":"1878","shelter":"no","tactile_paving":"no"}},
{"type":"Feature","geometry":{"type":"Point","coordinates":[18.7445284,54.3281926]},"properties":{"bench":"yes","bin":"yes","bus":"yes","highway":"bus_stop","name":"Przejazdowo Brzozowa 01","public_transport":"platform","ref:ztm":"5132","shelter":"yes"}},
{"type":"Feature","geometry":{"type":"Point","coordinates":[18.4613496,54.3606676]},"properties":{"bus":"yes","departures_board":"timetable","highway":"bus_stop","name":"Grzybowa 02","network":"ZTM Gdańsk","network:wikidata":"Q9387123","public_transport":"platform","ref:ztm":"1697","shelter":"yes"}},
{"type":"Feature","geometry":{"type":"Point","coordinates":[18.4345474,54.4402234]},"properties":{"bus":"yes","departures_board":"timetable","highway":"bus_stop","name":"Chwaszczyno, Os. Nad Jeziorem","public_transport":"platform","shelter":"yes"}},
{"type":"Feature","geometry":{"type":"Point","coordinates":[18.4347319,54.4401613]},"properties":{"bus":"yes","departures_board":"timetable","highway":"bus_stop","name":"Chwaszczyno, Os. Nad Jeziorem","public_transport":"platform","shelter":"no"}},
{"type":"Feature","geometry":{"type":"Point","coordinates":[18.4365609,54.4365376]},"properties":{"bus":"yes","highway":"bus_stop","name":"Chwaszczyno, Szymanowskiego","public_transport":"platform"}},
{"type":"Feature","geometry":{"type":"Point","coordinates":[18.43489,54.4273388]},"properties":{"bus":"yes","highway":"bus_stop","name":"Chwaszczyno, Kasztanowa","physically_present":"no","public_transport":"platform"}},
{"type":"Feature","geometry":{"type":"Point","coordinates":[18.4347651,54.4273715]},"properties":{"bus":"yes","highway":"bus_stop","name":"Chwaszczyno, Kasztanowa","public_transport":"platform"}},
{"type":"Feature","geometry":{"type":"Point","coordinates":[18.4375334,54.4318577]},"properties":{"bus":"yes","highway":"bus_stop","name":"Chwaszczyno, Wrzosowa","public_transport":"platform","shelter":"yes"}},
{"type":"Feature","geometry":{"type":"Point","coordinates":[18.4371016,54.4318411]},"properties":{"bus":"yes","highway":"bus_stop","name":"Chwaszczyno, Wrzosowa","physically_present":"no","public_transport":"platform"}},
{"type":"Feature","geometry":{"type":"Point","coordinates":[18.4374038,54.4321993]},"properties":{"bus":"yes","highway":"bus_stop","name":"Chwaszczyno, Wrzosowa","physically_present":"no","public_transport":"platform"}},
{"type":"Feature","geometry":{"type":"Point","coordinates":[18.4372842,54.4254429]},"properties":{"bus":"yes","highway":"bus_stop","name":"Chwaszczyno, Kaszubska Droga 95","physically_present":"yes","public_transport":"platform"}},
{"type":"Feature","geometry":{"type":"Point","coordinates":[18.4315129,54.4196196]},"properties":{"bus":"yes","highway":"bus_stop","name":"Chwaszczyno, Jaromira","physically_present":"no","public_transport":"platform"}},
{"type":"Feature","geometry":{"type":"Point","coordinates":[18.44353,54.4184958]},"properties":{"bus":"yes","highway":"bus_stop","name":"Nowy Świat, Jezioro","physically_present":"no","public_transport":"platform"}},
{"type":"Feature","geometry":{"type":"Point","coordinates":[18.4385692,54.4179026]},"properties":{"bus":"yes","highway":"bus_stop","name":"Sobiesława I","public_transport":"platform","tactile_paving":"no"}},
{"type":"Feature","geometry":{"type":"Point","coordinates":[18.4306205,54.418089]},"properties":{"bus":"yes","highway":"bus_stop","name":"Chwaszczyno, Przemysława","physically_present":"no","public_transport":"platform"}},
{"type":"Feature","geometry":{"type":"Point","coordinates":[18.4306664,54.4177919]},"properties":{"bus":"yes","highway":"bus_stop","name":"Chwaszczyno, Przemysława","public_transport":"platform"}},
{"type":"Feature","geometry":{"type":"Point","coordinates":[18.4301781,54.4180054]},"properties":{"bus":"yes","highway":"bus_stop","name":"Chwaszczyno, Przemysława","physically_present":"no","public_transport":"platform"}},
{"type":"Feature","geometry":{"type":"Point","coordinates":[18.422347,54.4201887]},"properties":{"bus":"yes","highway":"bus_stop","name":"Chwaszczyno, Świętopełka","physically_present":"no","public_transport":"platform"}},
{"type":"Feature","geometry":{"type":"Point","coordinates":[18.4220326,54.4203531]},"properties":{"bus":"yes","highway":"bus_stop","name":"Chwaszczyno, Świętopełka","public_transport":"platform"}},
{"type":"Feature","geometry":{"type":"Point","coordinates":[18.4181758,54.421487]},"properties":{"bus":"yes","highway":"bus_stop","public_transport":"platform"}},
{"type":"Feature","geometry":{"type":"Point","coordinates":[18.4160467,54.4278997]},"properties":{"bus":"yes","highway":"bus_stop","name":"Chwaszczyno, Żwirowa","physically_present":"no","public_transport":"platform"}},
{"type":"Feature","geometry":{"type":"Point","coordinates":[18.415912,54.4278307]},"properties":{"bus":"yes","highway":"bus_stop","name":"Chwaszczyno, Żwirowa","public_transport":"platform"}},
{"type":"Feature","geometry":{"type":"Point","coordinates":[18.4173866,54.4322305]},"properties":{"bus":"yes","highway":"bus_stop","name":"Chwaszczyno, Krasickiego","public_transport":"platform"}},
{"type":"Feature","geometry":{"type":"Point","coordinates":[18.4175794,54.4323022]},"properties":{"bus":"yes","highway":"bus_stop","name":"Chwaszczyno, Krasickiego","physically_present":"no","public_transport":"platform"}},
{"type":"Feature","geometry":{"type":"Point","coordinates":[18.4190459,54.442632]},"properties":{"bus":"yes","highway":"bus_stop","name":"Chwaszczyno, Kościół","public_transport":"platform"}},
{"type":"Feature","geometry":{"type":"Point","coordinates":[18.4187828,54.4426194]},"properties":{"bus":"yes","highway":"bus_stop","name":"Chwaszczyno, Kościół","physically_present":"no","public_transport":"platform"}},
{"type":"Feature","geometry":{"type":"Point","coordinates":[18.4330208,54.3979139]},"properties":{"bus":"yes","highway":"bus_stop","name":"Barniewice, Pod Chmurką","physically_present":"no","public_transport":"platform"}},
{"type":"Feature","geometry":{"type":"Point","coordinates":[18.433166,54.3980216]},"properties":{"bus":"yes","highway":"bus_stop","name":"Barniewice, Pod Chmurką","physically_present":"no","public_transport":"platform"}},
{"type":"Feature","geometry":{"type":"Point","coordinates":[18.4325494,54.3948468]},"properties":{"bus":"yes","highway":"bus_stop","name":"Rębiechowo, Wiadukt","physically_present":"no","public_transport":"platform"}},
{"type":"Feature","geometry":{"type":"Point","coordinates":[18.4299486,54.3928365]},"properties":{"bus":"yes","highway":"bus_stop","name":"Rębiechowo, Barniewicka","physically_present":"no","public_transport":"platform"}},
{"type":"Feature","geometry":{"type":"Point","coordinates":[18.4449453,54.3875877]},"properties":{"bus":"yes","highway":"bus_stop","name":"Gdańsk, Rębiechowo PKM","public_transport":"platform"}},
{"type":"Feature","geometry":{"type":"Point","coordinates":[18.4408457,54.388635]},"properties":{"bus":"yes","highway":"bus_stop","name":"Rębiechowo PKM - Parking","physically_present":"no","public_transport":"platform"}},
{"type":"Feature","geometry":{"type":"Point","coordinates":[18.4408425,54.3887236]},"properties":{"bus":"yes","highway":"bus_stop","name":"Rębiechowo PKM - Parking","physically_present":"no","public_transport":"platform"}},
{"type":"Feature","geometry":{"type":"Point","coordinates":[18.4309275,54.3861232]},"properties":{"bench":"yes","bin":"yes","bus":"yes","highway":"bus_stop","name":"Rębiechowo, Akacjowa","public_transport":"platform","shelter":"yes"}},
{"type":"Feature","geometry":{"type":"Point","coordinates":[18.4307041,54.3858489]},"properties":{"bench":"yes","bin":"yes","bus":"yes","highway":"bus_stop","name":"Rębiechowo, Akacjowa","public_transport":"platform","shelter":"yes"}},
{"type":"Feature","geometry":{"type":"Point","coordinates":[18.4398704,54.4304586]},"properties":{"bus":"yes","highway":"bus_stop","name":"Chwaszczyno, Bogusława","physically_present":"no","public_transport":"platform"}},
{"type":"Feature","geometry":{"type":"Point","coordinates":[18.6066474,54.3005178]},"properties":{"bench":"no","bin":"yes","bus":"yes","fixme":"Wyznaczone miejsca na przystanki autobusowe z zatoką - na razie bez obsługi regularnych linii.","highway":"bus_stop","operator":"ZTM Gdańsk","public_transport":"platform","shelter":"no"}},
{"type":"Feature","geometry":{"type":"Point","coordinates":[18.5911537,54.4084987]},"properties":{"bench":"no","bin":"no","bus":"yes","check_date":"2023-10-14","departures_board":"timetable","highway":"bus_stop","lit":"no","name":"Chłopska 02","network":"ZTM Gdańsk","network:wikidata":"Q9387123","network:wikipedia":"pl:Zarząd Transportu Miejskiego w Gdańsku","operator":"ZTM Gdańsk","public_transport":"platform","ref:ztm":"1484","shelter":"no","start_date":"2023-09-30","tactile_paving":"no"}},
{"type":"Feature","geometry":{"type":"Point","coordinates":[18.6571943,54.3337212]},"properties":{"bench":"yes","bin":"yes","bus":"yes","highway":"bus_stop","lit":"yes","name":"Olszyńska 02","operator":"ZTM Gdańsk","public_transport":"platform","ref:ztm":"1769","shelter":"no","tactile_paving":"yes"}},
{"type":"Feature","geometry":{"type":"Point","coordinates":[18.6551351,54.3340806]},"properties":{"bench":"yes","bin":"yes","bus":"yes","highway":"bus_stop","lit":"yes","name":"Olszyńska 01","operator":"ZTM Gdańsk","public_transport":"platform","ref:ztm":"1770","shelter":"no","tactile_paving":"yes"}},
{"type":"Feature","geometry":{"type":"Point","coordinates":[18.6669045,54.3378904]},"properties":{"bench":"yes","bus":"yes","highway":"bus_stop","name":"Bluszczowa 01","operator":"ZTM Gdańsk","public_transport":"platform","ref:ztm":"1584","shelter":"no"}},
{"type":"Feature","geometry":{"type":"Point","coordinates":[18.6705346,54.3347584]},"properties":{"bench":"yes","bus":"yes","highway":"bus_stop","name":"Bratki 02","operator":"ZTM Gdańsk","public_transport":"platform","ref:ztm":"1582","shelter":"no"}},
{"type":"Feature","geometry":{"type":"Point","coordinates":[18.6662535,54.3325504]},"properties":{"bus":"yes","highway":"bus_stop","name":"Stokrotki 02","public_transport":"platform","ref:ztm":"1693"}},
{"type":"Feature","geometry":{"type":"Point","coordinates":[18.649056,54.3514437]},"properties":{"bench":"no","bin":"no","bus":"yes","highway":"bus_stop","lit":"yes","name":"Targ Drzewny 01","public_transport":"platform","ref:ztm":"1832","shelter":"no","tactile_paving":"no"}},
{"type":"Feature","geometry":{"type":"Point","coordinates":[18.6096833,54.3872038]},"properties":{"bus":"yes","highway":"bus_stop","name":"Legionów 05","public_transport":"platform","ref:ztm":"1974"}},
{"type":"Feature","geometry":{"type":"Point","coordinates":[18.4392389,54.4288689]},"properties":{"bus":"yes","highway":"bus_stop","public_transport":"platform"}},
{"type":"Feature","geometry":{"type":"Point","coordinates":[18.6821515,54.3570239]},"properties":{"bus":"yes","disused:tram":"yes","highway":"bus_stop","name":"Przeróbka 02","operator":"ZTM","public_transport":"platform"}},
{"type":"Feature","geometry":{"type":"Point","coordinates":[18.686288,54.3575662]},"properties":{"bus":"yes","disused:tram":"yes","highway":"bus_stop","name":"Lenartowicza 02","public_transport":"platform","ref:ztm":"7008"}},
{"type":"Feature","geometry":{"type":"Point","coordinates":[18.6881992,54.3947358]},"properties":{"bus":"yes","highway":"bus_stop","name":"Pokładowa 92","public_transport":"platform","ref:ztm":"9078","shelter":"no"}},
{"type":"Feature","geometry":{"type":"Point","coordinates":[18.688389,54.3950057]},"properties":{"bus":"yes","highway":"bus_stop","name":"Pokładowa 91","public_transport":"platform","ref:ztm":"9079","shelter":"no"}},
{"type":"Feature","geometry":{"type":"Point","coordinates":[18.5959573,54.3076874]},"properties":{"bus":"yes","highway":"bus_stop","name":"Łucznicza 01","public_transport":"platform","ref:ztm":"1712","shelter":"yes"}},
{"type":"Feature","geometry":{"type":"Point","coordinates":[18.5956359,54.3077128]},"properties":{"bus":"yes","highway":"bus_stop","name":"Łucznicza 02","public_transport":"platform","ref:ztm":"1713","shelter":"yes"}},
{"type":"Feature","geometry":{"type":"Point","coordinates":[18.4336806,54.3639924]},"properties":{"bus":"yes","highway":"bus_stop","name":"Czaple Słoneczna","public_transport":"platform"}},
{"type":"Feature","geometry":{"type":"Point","coordinates":[18.6426179,54.3566235]},"properties":{"highway":"bus_stop","name":"11","shelter":"no"}},
{"type":"Feature","geometry":{"type":"Point","coordinates":[18.6199868,54.3169799]},"properties":{"highway":"bus_stop","name":"Zbiornik Wody Orunia 02","public_transport":"platform"}},
{"type":"Feature","geometry":{"type":"Point","coordinates":[18.6098162,54.3275959]},"properties":{"bench":"no","bin":"no","highway":"bus_stop","lit":"yes","name":"Platynowa 04","public_transport":"platform","shelter":"no","tactile_paving":"no"}},
{"type":"Feature","geometry":{"type":"Point","coordinates":[18.6071978,54.330148]},"properties":{"highway":"bus_stop","name":"Wawelska 01","public_transport":"platform"}},
{"type":"Feature","geometry":{"type":"Point","coordinates":[18.705345,54.3590873]},"properties":{"highway":"bus_stop","name":"Tamka 01","public_transport":"platform","ref:ztm":"1024"}},
{"type":"Feature","geometry":{"type":"Point","coordinates":[18.6979064,54.3587226]},"properties":{"bench":"no","bin":"no","highway":"bus_stop","name":"Kaczeńce - Sienna 01","public_transport":"platform","ref:ztm":"1047","shelter":"no"}},
{"type":"Feature","geometry":{"type":"Point","coordinates":[18.6727674,54.3606457]},"properties":{"bus":"yes","highway":"bus_stop","name":"Przetoczna 02","public_transport":"platform","ref:ztm":"1092"}},
{"type":"Feature","geometry":{"type":"Point","coordinates":[18.6727493,54.3607672]},"properties":{"bus":"yes","highway":"bus_stop","name":"Przetoczna 01","public_transport":"platform","ref:ztm":"1091"}},
{"type":"Feature","geometry":{"type":"Point","coordinates":[18.6791094,54.3574331]},"properties":{"bus":"yes","highway":"bus_stop","name":"Siennicka 01","public_transport":"platform","ref:ztm":"1090"}},
{"type":"Feature","geometry":{"type":"Point","coordinates":[18.6902031,54.3573772]},"properties":{"highway":"bus_stop","name":"Dickensa 01","public_transport":"platform","ref:ztm":"1045"}},
{"type":"Feature","geometry":{"type":"Point","coordinates":[18.645535,54.3569661]},"properties":{"bench":"no","bin":"no","bus":"yes","departures_board":"timetable","highway":"bus_stop","lit":"no","name":"Dworzec Główny 06","network":"ZTM Gdańsk","network:wikidata":"Q9387123","network:wikipedia":"pl:Zarząd Transportu Miejskiego w Gdańsku","operator":"ZTM Gdańsk","public_transport":"platform","ref:ztm":"1023","shelter":"no","tactile_paving":"no"}},
{"type":"Feature","geometry":{"type":"Point","coordinates":[18.5018946,54.3675351]},"properties":{"bus":"yes","highway":"bus_stop","name":"Budowlanych 01","operator":"ZTM Gdańsk","public_transport":"platform","ref:ztm":"3700"}},
{"type":"Feature","geometry":{"type":"Point","coordinates":[18.5016943,54.3678071]},"properties":{"bus":"yes","highway":"bus_stop","name":"Budowlanych 02","operator":"ZTM Gdańsk","public_transport":"platform","ref:ztm":"3701"}},
{"type":"Feature","geometry":{"type":"Point","coordinates":[18.4436255,54.3049704]},"properties":{"bus":"yes","fixme":"Lokalizacja do weryfikacji","highway":"bus_stop","name":"Widlino Dzielnicowa","public_transport":"platform"}},
{"type":"Feature","geometry":{"type":"Point","coordinates":[18.4437312,54.3049762]},"properties":{"bus":"yes","fixme":"Lokalizacja do weryfikacji","highway":"bus_stop","name":"Widlino Dzielnicowa","public_transport":"platform"}},
{"type":"Feature","geometry":{"type":"Point","coordinates":[18.6041611,54.2978576]},"properties":{"highway":"bus_stop","public_transport":"stop_position"}},
{"type":"Feature","geometry":{"type":"Point","coordinates":[18.6176912,54.3950418]},"properties":{"bench":"yes","bin":"no","bus":"yes","departures_board":"timetable","highway":"bus_stop","lit":"yes","name":"Ciołkowskiego 02","network":"ZTM Gdańsk","network:wikidata":"Q9387123","network:wikipedia":"pl:Zarząd Transportu Miejskiego w Gdańsku","operator":"ZTM Gdańsk","public_transport":"platform","ref:ztm":"1451","shelter":"yes","tactile_paving":"yes"}},
{"type":"Feature","geometry":{"type":"Point","coordinates":[18.5647588,54.4492629]},"properties":{"bench":"yes","bin":"yes","bus":"yes","departures_board":"timetable","highway":"bus_stop","lit":"yes","name":"Korty Tenisowe 04","public_transport":"platform","ref:ztm":"4072","shelter":"yes","tactile_paving":"no"}},
{"type":"Feature","geometry":{"type":"Point","coordinates":[18.4467412,54.2816831]},"properties":{"bus":"yes","highway":"bus_stop","name":"Łapino, Sapiehy","public_transport":"platform"}},
{"type":"Feature","geometry":{"type":"Point","coordinates":[18.5314528,54.293517]},"properties":{"bench":"yes","bus":"yes","check_date:shelter":"2021-09-05","highway":"bus_stop","name":"Bąkowo","public_transport":"platform","shelter":"yes"}},
{"type":"Feature","geometry":{"type":"Point","coordinates":[18.4888719,54.2813248]},"properties":{"bench":"yes","bus":"yes","highway":"bus_stop","name":"Lublewo Gdańskie, Polna","public_transport":"platform","shelter":"yes"}},
{"type":"Feature","geometry":{"type":"Point","coordinates":[18.4525847,54.3309021]},"properties":{"bus":"yes","highway":"bus_stop","name":"Leźno, Jagodowe Wzgórze III","public_transport":"platform"}},
{"type":"Feature","geometry":{"type":"Point","coordinates":[18.4542101,54.3405484]},"properties":{"bus":"yes","highway":"bus_stop","name":"Leźno Smęgorzyno","public_transport":"platform"}},
{"type":"Feature","geometry":{"type":"Point","coordinates":[18.4540756,54.3404777]},"properties":{"bus":"yes","highway":"bus_stop","name":"Leźno Smęgorzyno","public_transport":"platform"}},
{"type":"Feature","geometry":{"type":"Point","coordinates":[18.4551106,54.3431033]},"properties":{"bus":"yes","highway":"bus_stop","name":"Leźno Jagodowe Wzgórze I","public_transport":"platform"}},
{"type":"Feature","geometry":{"type":"Point","coordinates":[18.4549765,54.3430784]},"properties":{"bus":"yes","highway":"bus_stop","name":"Leźno Jagodowe Wzgórze I","public_transport":"platform"}},
{"type":"Feature","geometry":{"type":"Point","coordinates":[18.4372792,54.3476085]},"properties":{"bus":"yes","highway":"bus_stop","name":"Leźno, Remiza","public_transport":"platform"}},
{"type":"Feature","geometry":{"type":"Point","coordinates":[18.5864543,54.3799323]},"properties":{"bench":"no","bus":"yes","highway":"bus_stop","name":"Chrzanowskiego 01","network":"ZTM Gdańsk","network:wikidata":"Q9387123","operator":"ZTM Gdańsk","public_transport":"platform","ref:ztm":"1432","shelter":"no"}},
{"type":"Feature","geometry":{"type":"Point","coordinates":[18.6273173,54.3674921]},"properties":{"bus":"yes","departures_board":"timetable","highway":"bus_stop","lit":"yes","name":"Uniwersyteckie Centrum Kliniczne 01","network":"ZTM Gdańsk","network:wikidata":"Q9387123","network:wikipedia":"pl:Zarząd Transportu Miejskiego w Gdańsku","operator":"ZTM Gdańsk","public_transport":"platform","ref:ztm":"3015","shelter":"no","tactile_paving":"no"}},
{"type":"Feature","geometry":{"type":"Point","coordinates":[18.5828613,54.3082735]},"properties":{"bench":"yes","bin":"no","bus":"yes","departures_board":"timetable","highway":"bus_stop","lit":"no","name":"Barzychowskiej 02","network":"ZTM Gdańsk","network:wikidata":"Q9387123","operator":"ZTM Gdańsk","public_transport":"platform","ref:ztm":"3128","shelter":"no","tactile_paving":"yes"}},
{"type":"Feature","geometry":{"type":"Point","coordinates":[18.467286,54.4288339]},"properties":{"highway":"bus_stop","name":"Balcerskiego 92","public_transport":"platform","ref:ztm":"9575","temporary":"yes"}},
{"type":"Feature","geometry":{"type":"Point","coordinates":[18.4670164,54.4288534]},"properties":{"highway":"bus_stop","name":"Balcerskiego 91","public_transport":"platform","ref:ztm":"9576","temporary":"yes"}},
{"type":"Feature","geometry":{"type":"Point","coordinates":[18.4634631,54.4305108]},"properties":{"highway":"bus_stop","name":"Niedziałkowskiego 91","public_transport":"platform","ref:ztm":"9518","temporary":"yes"}},
{"type":"Feature","geometry":{"type":"Point","coordinates":[18.4033837,54.3053006]},"properties":{"bus":"yes","highway":"bus_stop","public_transport":"platform"}},
{"type":"Feature","geometry":{"type":"Point","coordinates":[18.4365766,54.2985817]},"properties":{"bus":"yes","highway":"bus_stop","name":"Widlino Zaklęty Kamień","public_transport":"platform"}},
{"type":"Feature","geometry":{"type":"Point","coordinates":[18.4143352,54.3250764]},"properties":{"bus":"yes","highway":"bus_stop","name":"Niestępowo Stara Piła","public_transport":"platform"}},
{"type":"Feature","geometry":{"type":"Point","coordinates":[18.4115819,54.326134]},"properties":{"bus":"yes","highway":"bus_stop","name":"Niestępowo, Stara Piła PKP","public_transport":"platform"}},
{"type":"Feature","geometry":{"type":"Point","coordinates":[18.4444401,54.3006595]},"properties":{"bus":"yes","highway":"bus_stop","name":"Widlino Szlachecka","public_transport":"platform"}},
{"type":"Feature","geometry":{"type":"Point","coordinates":[18.5821594,54.4023776]},"properties":{"bench":"yes","bin":"yes","bus":"yes","departures_board":"timetable","highway":"bus_stop","name":"Szczecińska 01","network":"ZTM Gdańsk","network:wikidata":"Q9387123","network:wikipedia":"pl:Zarząd Transportu Miejskiego w Gdańsku","public_transport":"platform","ref":"1674","ref:ztm":"1674","shelter":"yes","tactile_paving":"no"}},
{"type":"Feature","geometry":{"type":"Point","coordinates":[18.5818424,54.4025796]},"properties":{"bench":"yes","bin":"yes","bus":"yes","departures_board":"timetable","highway":"bus_stop","name":"Szczecińska 02","network":"ZTM Gdańsk","network:wikidata":"Q9387123","network:wikipedia":"pl:Zarząd Transportu Miejskiego w Gdańsku","public_transport":"platform","ref":"1675","ref:ztm":"1675","shelter":"yes","tactile_paving":"no"}},
{"type":"Feature","geometry":{"type":"Point","coordinates":[18.5769556,54.4016804]},"properties":{"bench":"yes","bus":"yes","check_date:shelter":"2024-08-30","highway":"bus_stop","name":"Przymorze SKM 02","network":"ZTM Gdańsk","network:wikidata":"Q9387123","network:wikipedia":"pl:Zarząd Transportu Miejskiego w Gdańsku","public_transport":"platform","ref":"1791","ref:ztm":"1791","shelter":"no"}},
{"type":"Feature","geometry":{"type":"Point","coordinates":[18.576462,54.4014243]},"properties":{"bench":"yes","bin":"yes","bus":"yes","check_date:shelter":"2024-08-30","departures_board":"timetable","highway":"bus_stop","name":"Przymorze SKM 01","network":"ZTM Gdańsk","network:wikidata":"Q9387123","network:wikipedia":"pl:Zarząd Transportu Miejskiego w Gdańsku","public_transport":"platform","ref":"1792","ref:ztm":"1792","shelter":"yes"}},
{"type":"Feature","geometry":{"type":"Point","coordinates":[18.4000774,54.2932125]},"properties":{"bus":"yes","highway":"bus_stop","name":"Przyjaźń Mała Przyjaźń","public_transport":"platform"}},
{"type":"Feature","geometry":{"type":"Point","coordinates":[18.6788565,54.3455797]},"properties":{"bus":"yes","highway":"bus_stop","name":"Żarnowiecka 02","public_transport":"platform","ref:ztm":"1088"}},
{"type":"Feature","geometry":{"type":"Point","coordinates":[18.4064881,54.385968]},"properties":{"access":"private","bench":"yes","bus":"yes","highway":"bus_stop","name":"Przewóz Pracowników","public_transport":"platform","shelter":"yes"}},
{"type":"Feature","geometry":{"type":"Point","coordinates":[18.5272636,54.4493858]},"properties":{"bus":"yes","highway":"bus_stop","name":"Sopot Sanatorium \"Leśnik\" 01","public_transport":"platform"}},
{"type":"Feature","geometry":{"type":"Point","coordinates":[18.5405631,54.4479582]},"properties":{"bus":"yes","highway":"bus_stop","name":"Sopot Przylesie","public_transport":"platform"}},
{"type":"Feature","geometry":{"type":"Point","coordinates":[18.5394732,54.4479243]},"properties":{"bus":"yes","highway":"bus_stop","name":"Sopot Przylesie","public_transport":"platform"}},
{"type":"Feature","geometry":{"type":"Point","coordinates":[18.6776818,54.393277]},"properties":{"bench":"no","bin":"no","bus":"yes","departures_board":"timetable","highway":"bus_stop","lit":"yes","name":"Twierdza Wisłoujście 03","network":"ZTM Gdańsk","network:wikidata":"Q9387123","network:wikipedia":"pl:Zarząd Transportu Miejskiego w Gdańsku","operator":"ZTM Gdańsk","public_transport":"platform","ref:ztm":"903","shelter":"no","tactile_paving":"no"}},
{"type":"Feature","geometry":{"type":"Point","coordinates":[18.6445212,54.4059672]},"properties":{"bench":"yes","bus":"yes","departures_board":"timetable","highway":"bus_stop","name":"Krasickiego 04","network":"ZTM Gdańsk","network:wikidata":"Q9387123","network:wikipedia":"pl:Zarząd Transportu Miejskiego w Gdańsku","operator":"ZTM Gdańsk","public_transport":"platform","ref:ztm":"1589","shelter":"no"}},
{"type":"Feature","geometry":{"type":"Point","coordinates":[18.644001,54.4061987]},"properties":{"bench":"yes","bin":"yes","bus":"yes","departures_board":"timetable","highway":"bus_stop","name":"Krasickiego 03","network":"ZTM Gdańsk","network:wikidata":"Q9387123","network:wikipedia":"pl:Zarząd Transportu Miejskiego w Gdańsku","operator":"ZTM Gdańsk","public_transport":"platform","ref:ztm":"1590","shelter":"yes"}},
{"type":"Feature","geometry":{"type":"Point","coordinates":[18.6538775,54.4035696]},"properties":{"bench":"yes","bin":"yes","bus":"yes","departures_board":"timetable","highway":"bus_stop","lit":"yes","name":"Zespół Szkół Morskich 01","network":"ZTM Gdańsk","network:wikidata":"Q9387123","network:wikipedia":"pl:Zarząd Transportu Miejskiego w Gdańsku","operator":"ZTM Gdańsk","public_transport":"platform","ref:ztm":"1497","shelter":"yes","tactile_paving":"no"}},
{"type":"Feature","geometry":{"type":"Point","coordinates":[18.6546753,54.4033454]},"properties":{"bench":"yes","bin":"yes","bus":"yes","departures_board":"timetable","highway":"bus_stop","lit":"yes","name":"Zespół Szkół Morskich 02","network":"ZTM Gdańsk","network:wikidata":"Q9387123","network:wikipedia":"pl:Zarząd Transportu Miejskiego w Gdańsku","operator":"ZTM Gdańsk","public_transport":"platform","ref:ztm":"1498","shelter":"yes","tactile_paving":"no"}},
{"type":"Feature","geometry":{"type":"Point","coordinates":[18.5714466,54.3880134]},"properties":{"bus":"yes","departures_board":"timetable","highway":"bus_stop","name":"Norblina 02","network":"ZTM Gdańsk","network:wikidata":"Q9387123","network:wikipedia":"pl:Zarząd Transportu Miejskiego w Gdańsku","operator":"ZTM Gdańsk","public_transport":"platform","ref:ztm":"1588","shelter":"yes"}},
{"type":"Feature","geometry":{"type":"Point","coordinates":[18.571344,54.3882571]},"properties":{"bus":"yes","departures_board":"timetable","highway":"bus_stop","name":"Norblina 01","network":"ZTM Gdańsk","network:wikidata":"Q9387123","network:wikipedia":"pl:Zarząd Transportu Miejskiego w Gdańsku","operator":"ZTM Gdańsk","public_transport":"platform","ref:ztm":"1587"}},
{"type":"Feature","geometry":{"type":"Point","coordinates":[18.5686074,54.3892752]},"properties":{"bus":"yes","departures_board":"timetable","highway":"bus_stop","name":"Doroszewskiego 02","network":"ZTM Gdańsk","network:wikidata":"Q9387123","network:wikipedia":"pl:Zarząd Transportu Miejskiego w Gdańsku","operator":"ZTM Gdańsk","public_transport":"platform","ref:ztm":"1586"}},
{"type":"Feature","geometry":{"type":"Point","coordinates":[18.56885,54.3892466]},"properties":{"bus":"yes","departures_board":"timetable","highway":"bus_stop","name":"Doroszewskiego 01","network":"ZTM Gdańsk","network:wikidata":"Q9387123","network:wikipedia":"pl:Zarząd Transportu Miejskiego w Gdańsku","operator":"ZTM Gdańsk","public_transport":"platform","ref:ztm":"1585"}},
{"type":"Feature","geometry":{"type":"Point","coordinates":[18.5704379,54.3905751]},"properties":{"bus":"yes","departures_board":"timetable","highway":"bus_stop","name":"Siemiradzkiego 02","network":"ZTM Gdańsk","network:wikidata":"Q9387123","network:wikipedia":"pl:Zarząd Transportu Miejskiego w Gdańsku","operator":"ZTM Gdańsk","public_transport":"platform","ref:ztm":"1544"}},
{"type":"Feature","geometry":{"type":"Point","coordinates":[18.5708428,54.3906452]},"properties":{"bus":"yes","departures_board":"timetable","highway":"bus_stop","name":"Siemiradzkiego 01","network":"ZTM Gdańsk","network:wikidata":"Q9387123","network:wikipedia":"pl:Zarząd Transportu Miejskiego w Gdańsku","operator":"ZTM Gdańsk","public_transport":"platform","ref:ztm":"1543"}},
{"type":"Feature","geometry":{"type":"Point","coordinates":[18.6926012,54.3665327]},"properties":{"bench":"no","bin":"no","bus":"yes","departures_board":"timetable","highway":"bus_stop","name":"Andruszkiewicza 03","network":"ZTM Gdańsk","network:wikidata":"Q9387123","network:wikipedia":"pl:Zarząd Transportu Miejskiego w Gdańsku","public_transport":"platform","ref:ztm":"1046","shelter":"no"}},
{"type":"Feature","geometry":{"type":"Point","coordinates":[18.6744803,54.4016001]},"properties":{"bench":"yes","bin":"yes","bus":"yes","departures_board":"timetable","highway":"bus_stop","name":"Nowy Port Oliwska 01","name:de":"Neufahrwasser (Olivaer Straße) 01","name:pl":"Nowy Port Oliwska 01","network":"ZTM Gdańsk","network:wikidata":"Q9387123","public_transport":"platform","ref:ztm":"7017","shelter":"yes","tram":"yes"}},
{"type":"Feature","geometry":{"type":"Point","coordinates":[18.6699466,54.4022256]},"properties":{"bench":"yes","bin":"yes","bus":"yes","departures_board":"timetable","highway":"bus_stop","name":"Przychodnia 01","network":"ZTM Gdańsk","network:wikidata":"Q9387123","public_transport":"platform","ref:ztm":"7018","shelter":"yes","tactile_paving":"no","tram":"yes"}},
{"type":"Feature","geometry":{"type":"Point","coordinates":[18.6655678,54.4027186]},"properties":{"bench":"yes","bin":"yes","bus":"yes","departures_board":"timetable","highway":"bus_stop","name":"Rybołowców 01","network":"ZTM Gdańsk","network:wikidata":"Q9387123","public_transport":"platform","ref:ztm":"7019","shelter":"yes","tram":"yes"}},
{"type":"Feature","geometry":{"type":"Point","coordinates":[18.6645774,54.4014296]},"properties":{"bench":"yes","bin":"yes","bus":"yes","departures_board":"timetable","highway":"bus_stop","name":"Na Zaspę 01","network":"ZTM Gdańsk","network:wikidata":"Q9387123","public_transport":"platform","ref:ztm":"7020","shelter":"yes","tram":"yes"}},
{"type":"Feature","geometry":{"type":"Point","coordinates":[18.6743851,54.3986866]},"properties":{"bench":"yes","bin":"yes","bus":"yes","departures_board":"timetable","highway":"bus_stop","name":"Władysława IV 01","network":"ZTM Gdańsk","network:wikidata":"Q9387123","public_transport":"platform","ref:ztm":"2169","shelter":"yes","tram":"yes"}},
{"type":"Feature","geometry":{"type":"Point","coordinates":[18.5588245,54.3803682]},"properties":{"bus":"yes","highway":"bus_stop","name":"Niedźwiednik 02","network":"ZTM Gdańsk","network:wikidata":"Q9387123","operator":"ZTM Gdańsk","public_transport":"platform","ref:ztm":"353"}},
{"type":"Feature","geometry":{"type":"Point","coordinates":[18.7187204,54.3539541]},"properties":{"bench":"no","bus":"yes","departures_board":"timetable","highway":"bus_stop","name":"Sztutowska 01","network":"ZTM Gdańsk","network:wikidata":"Q9387123","network:wikipedia":"pl:Zarząd Transportu Miejskiego w Gdańsku","operator":"ZTM Gdańsk","public_transport":"platform","ref:ztm":"158","shelter":"no"}},
{"type":"Feature","geometry":{"type":"Point","coordinates":[18.5352238,54.4134897]},"properties":{"bench":"yes","bin":"yes","bus":"yes","departures_board":"timetable","highway":"bus_stop","lit":"no","name":"Oliwa ZOO 01","network":"ZTM Gdańsk","network:wikidata":"Q9387123","network:wikipedia":"pl:Zarząd Transportu Miejskiego w Gdańsku","operator":"ZTM Gdańsk","public_transport":"platform","ref:ztm":"154","shelter":"yes","tactile_paving":"no"}},
{"type":"Feature","geometry":{"type":"Point","coordinates":[18.7391031,54.3395407]},"properties":{"highway":"bus_stop"}},
{"type":"Feature","geometry":{"type":"Point","coordinates":[18.5972362,54.2921217]},"properties":{"highway":"bus_stop","public_transport":"platform"}},
{"type":"Feature","geometry":{"type":"Point","coordinates":[18.5936405,54.2947043]},"properties":{"highway":"bus_stop","public_transport":"platform"}},
{"type":"Feature","geometry":{"type":"Point","coordinates":[18.5937649,54.2940239]},"properties":{"highway":"bus_stop","public_transport":"platform"}},
{"type":"Feature","geometry":{"type":"Point","coordinates":[18.6625433,54.3432557]},"properties":{"bench":"yes","bin":"yes","bus":"yes","departures_board":"timetable","highway":"bus_stop","lit":"yes","name":"Chłodna 01","network":"ZTM Gdańsk","network:wikidata":"Q9387123","operator":"ZTM Gdańsk","public_transport":"platform","ref:ztm":"1029","shelter":"no","tactile_paving":"no"}},
{"type":"Feature","geometry":{"type":"Point","coordinates":[18.6849759,54.3156895]},"properties":{"bench":"no","bus":"yes","highway":"bus_stop","name":"Modra I 91","network":"ZTM Gdańsk","network:wikidata":"Q9387123","network:wikipedia":"pl:Zarząd Transportu Miejskiego w Gdańsku","operator":"ZTM Gdańsk","public_transport":"platform","ref:ztm":"9000","shelter":"no"}},
{"type":"Feature","geometry":{"type":"Point","coordinates":[18.6724078,54.3521994]},"properties":{"bench":"yes","bin":"no","bus":"yes","departures_board":"timetable","highway":"bus_stop","name":"Głęboka 91","network":"ZTM Gdańsk","network:wikidata":"Q9387123","note":"Przystanek tymczasowy","public_transport":"platform","ref:ztm":"9001","shelter":"yes","tactile_paving":"no"}},
{"type":"Feature","geometry":{"type":"Point","coordinates":[18.7158556,54.3630677]},"properties":{"bench":"yes","bin":"yes","bus":"yes","departures_board":"timetable","highway":"bus_stop","lit":"yes","name":"Rozłogi 02","network":"ZTM Gdańsk","network:wikidata":"Q9387123","public_transport":"platform","ref:ztm":"7014","shelter":"yes","tactile_paving":"yes"}},
{"type":"Feature","geometry":{"type":"Point","coordinates":[18.5480215,54.3418285]},"properties":{"bus":"yes","departures_board":"timetable","highway":"bus_stop","name":"Rondo Kuronia 02","network":"ZTM Gdańsk","network:wikidata":"Q9387123","operator":"ZTM Gdańsk","public_transport":"platform","ref:ztm":"1245"}},
{"type":"Feature","geometry":{"type":"Point","coordinates":[18.5888424,54.3969111]},"properties":{"bench":"yes","bin":"yes","bus":"yes","departures_board":"timetable","highway":"bus_stop","lit":"yes","name":"Hynka 01","network":"ZTM Gdańsk","network:wikidata":"Q9387123","network:wikipedia":"pl:Zarząd Transportu Miejskiego w Gdańsku","operator":"ZTM Gdańsk","public_transport":"platform","ref:ztm":"1768","shelter":"yes","tactile_paving":"no"}},
{"type":"Feature","geometry":{"type":"Point","coordinates":[18.5775147,54.4343882]},"properties":{"bus":"yes","highway":"bus_stop","name":"Polna 04","public_transport":"platform","shelter":"no"}},
{"type":"Feature","geometry":{"type":"Point","coordinates":[18.5679116,54.4464743]},"properties":{"bench":"yes","bin":"yes","bus":"yes","departures_board":"timetable","highway":"bus_stop","lit":"no","name":"Grand Hotel 02","network":"ZKM Gdynia","network:wikidata":"Q9387114","public_transport":"platform","shelter":"yes","tactile_paving":"no"}},
{"type":"Feature","geometry":{"type":"Point","coordinates":[18.5670027,54.4472146]},"properties":{"bench":"yes","bin":"yes","bus":"yes","departures_board":"timetable","highway":"bus_stop","lit":"yes","name":"Grand Hotel 01","network":"ZKM Gdynia","network:wikidata":"Q9387114","public_transport":"platform","shelter":"yes","tactile_paving":"no"}},
{"type":"Feature","geometry":{"type":"Point","coordinates":[18.5624678,54.4496497]},"properties":{"bench":"yes","bin":"yes","bus":"yes","departures_board":"timetable","highway":"bus_stop","lit":"no","name":"Dolny Sopot - Haffnera 01","network":"ZKM Gdynia","network:wikidata":"Q9387114","public_transport":"platform","shelter":"yes","tactile_paving":"no"}},
{"type":"Feature","geometry":{"type":"Point","coordinates":[18.5810141,54.4258101]},"properties":{"bench":"yes","bin":"no","departures_board":"timetable","highway":"bus_stop","lit":"yes","name":"Ergo Arena 03","network":"ZKM Gdynia","network:wikidata":"Q9387114","public_transport":"platform","shelter":"no","tactile_paving":"no","trolleybus":"yes"}},
{"type":"Feature","geometry":{"type":"Point","coordinates":[18.5814607,54.4252637]},"properties":{"bench":"no","bin":"no","departures_board":"timetable","highway":"bus_stop","lit":"yes","name":"Ergo Arena 04","network":"ZKM Gdynia","network:wikidata":"Q9387114","public_transport":"platform","shelter":"no","tactile_paving":"no","trolleybus":"yes"}},
{"type":"Feature","geometry":{"type":"Point","coordinates":[18.4924136,54.3617274]},"properties":{"bench":"no","bin":"no","bus":"yes","departures_board":"timetable","highway":"bus_stop","lit":"yes","name":"Kokoszki PKP 02","network":"ZTM Gdańsk","network:wikidata":"Q9387123","network:wikipedia":"pl:Zarząd Transportu Miejskiego w Gdańsku","operator":"ZTM Gdańsk","public_transport":"platform","ref:ztm":"1243","shelter":"no","tactile_paving":"yes"}},
{"type":"Feature","geometry":{"type":"Point","coordinates":[18.602487,54.3140959]},"properties":{"bus":"yes","departures_board":"timetable","highway":"bus_stop","name":"Knyszyńska 03","network":"ZTM Gdańsk","network:wikidata":"Q9387123","network:wikipedia":"pl:Zarząd Transportu Miejskiego w Gdańsku","operator":"ZTM Gdańsk","public_transport":"platform","ref:ztm":"9859"}},
{"type":"Feature","geometry":{"type":"Point","coordinates":[18.6093724,54.3005332]},"properties":{"bus":"yes","highway":"bus_stop","operator":"ZTM Gdańsk","public_transport":"platform","status":"inactive"}},
{"type":"Feature","geometry":{"type":"Point","coordinates":[18.6094395,54.3006342]},"properties":{"bus":"yes","highway":"bus_stop","operator":"ZTM Gdańsk","public_transport":"platform","status":"inactive"}},
{"type":"Feature","geometry":{"type":"Point","coordinates":[18.6156007,54.302653]},"properties":{"bus":"yes","highway":"bus_stop","operator":"ZTM Gdańsk","public_transport":"platform","status":"proposed"}},
{"type":"Feature","geometry":{"type":"Point","coordinates":[18.6155364,54.3026126]},"properties":{"bus":"yes","highway":"bus_stop","operator":"ZTM Gdańsk","public_transport":"platform","status":"proposed"}},
{"type":"Feature","geometry":{"type":"Point","coordinates":[18.6124156,54.3041484]},"properties":{"bus":"yes","highway":"bus_stop","name":"Jagiełły 03","operator":"ZTM Gdańsk","public_transport":"platform","status":"proposed"}},
{"type":"Feature","geometry":{"type":"Point","coordinates":[18.4826522,54.3540164]},"properties":{"bus":"yes","departures_board":"timetable","highway":"bus_stop","lit":"yes","name":"Stokłosy 06","network":"ZTM Gdańsk","network:wikidata":"Q9387123","network:wikipedia":"pl:Zarząd Transportu Miejskiego w Gdańsku","operator":"ZTM Gdańsk","public_transport":"platform","ref:ztm":"3704"}},
{"type":"Feature","geometry":{"type":"Point","coordinates":[18.4304135,54.3718543]},"properties":{"bus":"yes","highway":"bus_stop","name":"Rębiechowo Strzelniczka 01","public_transport":"platform"}},
{"type":"Feature","geometry":{"type":"Point","coordinates":[18.43042,54.3715811]},"properties":{"bus":"yes","highway":"bus_stop","name":"Rębiechowo Strzelniczka 02","public_transport":"platform"}},
{"type":"Feature","geometry":{"type":"Point","coordinates":[18.4294418,54.3773272]},"properties":{"bus":"yes","highway":"bus_stop","name":"Rębiechowo Tęczowa 01","public_transport":"platform"}},
{"type":"Feature","geometry":{"type":"Point","coordinates":[18.429485,54.3803778]},"properties":{"bus":"yes","highway":"bus_stop","name":"Rębiechowo Tęczowa 02","public_transport":"platform"}},
{"type":"Feature","geometry":{"type":"Point","coordinates":[18.6527112,54.3517384]},"properties":{"bus":"yes","departures_board":"timetable","highway":"bus_stop","name":"Szeroka 01","network":"ZTM Gdańsk","network:wikidata":"Q9387123","public_transport":"platform","ref:ztm":"1877"}},
{"type":"Feature","geometry":{"type":"Point","coordinates":[18.6566914,54.353716]},"properties":{"bench":"no","bin":"no","bus":"yes","departures_board":"timetable","highway":"bus_stop","lit":"yes","name":"Tartaczna 01","network":"ZTM Gdańsk","network:wikidata":"Q9387123","public_transport":"platform","ref:ztm":"1879","shelter":"no","tactile_paving":"no"}},
{"type":"Feature","geometry":{"type":"Point","coordinates":[18.6624712,54.3548477]},"properties":{"bus":"yes","departures_board":"timetable","highway":"bus_stop","name":"Most Wapienniczy 01","network":"ZTM Gdańsk","network:wikidata":"Q9387123","public_transport":"platform","ref:ztm":"1875"}},
{"type":"Feature","geometry":{"type":"Point","coordinates":[18.7202589,54.2949653]},"properties":{"bus":"yes","departures_board":"realtime","highway":"bus_stop","name":"Wiślina 01","public_transport":"platform","ref:ztm":"5217","shelter":"no"}},
{"type":"Feature","geometry":{"type":"Point","coordinates":[18.4760057,54.3823737]},"properties":{"bus":"yes","highway":"bus_stop","name":"Terminal - Cargo 01","network":"ZTM Gdańsk","operator":"ZTM Gdańsk","public_transport":"platform","ref:ztm":"1732","shelter":"yes"}},
{"type":"Feature","geometry":{"type":"Point","coordinates":[18.4758609,54.3826825]},"properties":{"bus":"yes","highway":"bus_stop","name":"Terminal - Cargo 02","network":"ZTM Gdańsk","operator":"ZTM Gdańsk","public_transport":"platform","ref:ztm":"1731"}},
{"type":"Feature","geometry":{"type":"Point","coordinates":[18.5869089,54.3899396]},"properties":{"bus":"yes","highway":"bus_stop","name":"Chopina 01","network":"ZTM Gdańsk","network:wikidata":"Q9387123","network:wikipedia":"pl:Zarząd Transportu Miejskiego w Gdańsku","public_transport":"platform","ref:ztm":"1729"}},
{"type":"Feature","geometry":{"type":"Point","coordinates":[18.634289,54.3788437]},"properties":{"bus":"yes","departures_board":"timetable","highway":"bus_stop","name":"Swojska 05","network":"ZTM Gdańsk","network:wikidata":"Q9387123","network:wikipedia":"pl:Zarząd Transportu Miejskiego w Gdańsku","operator":"ZTM Gdańsk","public_transport":"platform","ref:ztm":"1624"}},
{"type":"Feature","geometry":{"type":"LineString","coordinates":[[18.5594791,54.4431519],[18.5594747,54.4431146],[18.5594749,54.4430948],[18.5594911,54.4430162],[18.5595479,54.4430198],[18.5595801,54.4430212],[18.5595519,54.4431531],[18.5595063,54.4431523],[18.5594791,54.4431519]]},"properties":{"bench":"yes","highway":"bus_stop","name":"Bohaterów Monte Cassino 02","network":"ZKM Gdynia","operator":"ZKM Gdynia","public_transport":"platform","shelter":"yes"}},
{"type":"Feature","geometry":{"type":"LineString","coordinates":[[18.5614432,54.4336286],[18.5614611,54.4336293],[18.5614754,54.4336298],[18.561459,54.4337848],[18.5614448,54.4337843],[18.5614268,54.4337837],[18.5614432,54.4336286]]},"properties":{"bench":"yes","foot":"yes","highway":"bus_stop","name":"3 Maja 02","operator":"ZKM Gdynia","public_transport":"platform","shelter":"yes"}},
{"type":"Feature","geometry":{"type":"LineString","coordinates":[[18.5620592,54.4313349],[18.5620383,54.4313346],[18.5620196,54.4313343],[18.562014,54.4314729],[18.5620318,54.4314731],[18.5620536,54.4314734],[18.5620592,54.4313349]]},"properties":{"bench":"yes","bin":"yes","foot":"yes","highway":"bus_stop","name":"Sopot Reja 01","network":"ZKM Gdynia","operator":"ZKM Gdynia","public_transport":"platform","shelter":"yes","tactile_paving":"no"}},
{"type":"Feature","geometry":{"type":"LineString","coordinates":[[18.5601859,54.4420669],[18.5601592,54.4420642],[18.5601292,54.4420616],[18.5600801,54.4422636],[18.560107,54.4422659],[18.5601357,54.4422685],[18.560172,54.4421277],[18.5601859,54.4420669]]},"properties":{"bench":"yes","highway":"bus_stop","name":"Bohaterów Monte Cassino 01","network":"ZKM Gdynia","network:wikidata":"Q9387114","operator":"ZKM Gdynia","public_transport":"platform","shelter":"yes"}},
{"type":"Feature","geometry":{"type":"LineString","coordinates":[[18.5571007,54.4133782],[18.5571197,54.4133764],[18.5571457,54.4133739],[18.5572026,54.4135792],[18.5571785,54.4135814],[18.5571577,54.4135834],[18.5571007,54.4133782]]},"properties":{"bench":"yes","check_date:shelter":"2024-04-11","foot":"yes","highway":"bus_stop","name":"Cmentarz Oliwski","operator":"ZTM Gdańsk","public_transport":"platform","ref:ztm":"1536","shelter":"yes","tactile_paving":"yes"}},
{"type":"Feature","geometry":{"type":"LineString","coordinates":[[18.5898412,54.3796622],[18.5898563,54.3796558],[18.5898766,54.3796472],[18.5902347,54.3799096],[18.5902605,54.379938],[18.590238,54.3799448],[18.5902157,54.379951],[18.5901819,54.3799203],[18.5898412,54.3796622]]},"properties":{"bench":"yes","bin":"yes","bus":"yes","highway":"bus_stop","lit":"yes","name":"Zabytkowa 01","network":"ZTM Gdańsk","network:wikidata":"Q9387123","operator":"ZTM Gdańsk","public_transport":"platform","ref:ztm":"1922","shelter":"yes","tactile_paving":"yes"}},
{"type":"Feature","geometry":{"type":"LineString","coordinates":[[18.5744336,54.3774873],[18.5744375,54.3774775],[18.5744425,54.3774648],[18.5746279,54.3774863],[18.5747467,54.3775055],[18.5747372,54.3775185],[18.5747298,54.3775286],[18.5746414,54.3775122],[18.5744336,54.3774873]]},"properties":{"bench":"yes","bin":"yes","bus":"yes","highway":"bus_stop","lit":"yes","name":"Niedźwiednik PKM 01","network":"ZTM Gdańsk","network:wikidata":"Q9387123","operator":"ZTM Gdańsk","public_transport":"platform","ref:ztm":"1389","shelter":"yes","tactile_paving":"yes"}},
{"type":"Feature","geometry":{"type":"LineString","coordinates":[[18.5653004,54.4200896],[18.5653135,54.4200311],[18.5652683,54.4200276],[18.5652551,54.4200862],[18.5652733,54.4200876],[18.5653004,54.4200896]]},"properties":{"bench":"yes","bin":"yes","highway":"bus_stop","lit":"yes","name":"Górskiego 01","network":"ZTM Gdańsk","network:wikidata":"Q9387123","network:wikipedia":"pl:Zarząd Transportu Miejskiego w Gdańsku","operator":"ZTM Gdańsk","public_transport":"platform","ref:ztm":"1668","shelter":"yes","tactile_paving":"no"}},
{"type":"Feature","geometry":{"type":"LineString","coordinates":[[18.5643084,54.4392004],[18.5642413,54.4391984],[18.5642509,54.4391047],[18.5643239,54.4391077],[18.5643084,54.4392004]]},"properties":{"bench":"yes","bin":"yes","covered":"no","highway":"bus_stop","name":"Sopot PKP - Marynarzy 01","network":"ZKM Gdynia","operator":"PKM Gdynia","public_transport":"platform","shelter":"yes"}},
{"type":"Feature","geometry":{"type":"LineString","coordinates":[[18.5702161,54.4425216],[18.5704261,54.4426414],[18.5704012,54.442654],[18.5703816,54.4426639],[18.5702211,54.4425711],[18.570178,54.4425476],[18.5702025,54.44253],[18.5702161,54.4425216]]},"properties":{"bench":"yes","bin":"yes","covered":"yes","highway":"bus_stop","lit":"yes","name":"Chopina 03","network":"ZKM Gdynia","operator":"PKM Gdynia","passenger_information_display":"no","public_transport":"platform","shelter":"yes","tactile_paving":"no"}},
{"type":"Feature","geometry":{"type":"LineString","coordinates":[[18.573748,54.4392778],[18.5736968,54.4392657],[18.5737472,54.4391938],[18.5737984,54.439206],[18.573748,54.4392778]]},"properties":{"bench":"yes","bin":"yes","bus":"yes","covered":"yes","highway":"bus_stop","name":"Grunwaldzka 01","network":"ZKM Gdynia","operator":"PKM Gdynia","public_transport":"platform","shelter":"yes"}},
{"type":"Feature","geometry":{"type":"LineString","coordinates":[[18.5670235,54.4326467],[18.567102,54.4325256],[18.5671127,54.4325283],[18.5671212,54.4325305],[18.5670481,54.4326518],[18.5670359,54.4326493],[18.5670235,54.4326467]]},"properties":{"bench":"yes","bin":"yes","highway":"bus_stop","lit":"yes","name":"Rynek Non-Stop 01","network":"ZKM Gdynia","operator":"PKM Gdynia","public_transport":"platform","shelter":"yes","tactile_paving":"yes"}},
{"type":"Feature","geometry":{"type":"LineString","coordinates":[[18.5676688,54.439103],[18.5676174,54.4390864],[18.5675586,54.4391477],[18.56761,54.4391643],[18.5676688,54.439103]]},"properties":{"bench":"yes","bin":"yes","highway":"bus_stop","name":"Sobieskiego - Przychodnia 02","network":"ZKM Gdynia","operator":"PKM Gdynia","public_transport":"platform","shelter":"yes"}},
{"type":"Feature","geometry":{"type":"LineString","coordinates":[[18.563535,54.441455],[18.5634576,54.4414498],[18.5634714,54.4413804],[18.5635488,54.4413856],[18.563535,54.441455]]},"properties":{"bench":"yes","bin":"yes","highway":"bus_stop","lit":"yes","name":"Sopot PKP 02","network":"ZKM Gdynia","operator":"PKM Gdynia","public_transport":"platform","shelter":"yes","tactile_paving":"yes"}},
{"type":"Feature","geometry":{"type":"LineString","coordinates":[[18.557824,54.4416849],[18.5578046,54.4416567],[18.5578928,54.4416362],[18.5579122,54.4416644],[18.557824,54.4416849]]},"properties":{"bench":"yes","covered":"yes","highway":"bus_stop","name":"Sikorskiego 01","network":"ZKM Gdynia","network:wikidata":"Q9387114","operator":"PKM Gdynia","public_transport":"platform"}},
{"type":"Feature","geometry":{"type":"LineString","coordinates":[[18.5477945,54.4390991],[18.5477874,54.4390684],[18.5478927,54.4390601],[18.5478999,54.4390909],[18.5477945,54.4390991]]},"properties":{"bench":"yes","bin":"yes","covered":"no","highway":"bus_stop","name":"Osiedle Mickiewicza 01","public_transport":"platform","shelter":"yes"}},
{"type":"Feature","geometry":{"type":"LineString","coordinates":[[18.5616935,54.4313437],[18.5616706,54.4313435],[18.5616528,54.4313433],[18.5616495,54.4314685],[18.5616705,54.4314687],[18.5616903,54.4314689],[18.5616935,54.4313437]]},"properties":{"bench":"yes","bin":"yes","foot":"yes","highway":"bus_stop","name":"Sopot Reja 02","operator":"ZKM Gdynia","public_transport":"platform","shelter":"yes","tactile_paving":"no"}},
{"type":"Feature","geometry":{"type":"LineString","coordinates":[[18.5617744,54.4339772],[18.5617517,54.4339768],[18.5617335,54.4341429],[18.5617594,54.4341439],[18.5617783,54.4341447],[18.5617958,54.433978],[18.5617744,54.4339772]]},"properties":{"highway":"bus_stop","name":"3 Maja 01","public_transport":"platform"}},
{"type":"Feature","geometry":{"type":"LineString","coordinates":[[18.5713611,54.4333069],[18.5713092,54.43329],[18.571244,54.4333575],[18.5712969,54.4333748],[18.5713611,54.4333069]]},"properties":{"bench":"yes","bin":"yes","highway":"bus_stop","lit":"no","name":"Mierosławskiego 01","network":"ZKM Gdynia","network:wikidata":"Q9387114","operator":"PKM Gdynia","passenger_information_display":"no","public_transport":"platform","shelter":"yes","tactile_paving":"no","trolleybus":"yes"}},
{"type":"Feature","geometry":{"type":"LineString","coordinates":[[18.5566275,54.4415009],[18.5566733,54.4412432],[18.556623,54.4412401],[18.5565772,54.4414979],[18.5566275,54.4415009]]},"properties":{"bench":"yes","bin":"yes","highway":"bus_stop","name":"Sikorskiego 03","network":"ZKM Gdynia","network:wikidata":"Q9387114","operator":"PKM Gdynia","public_transport":"platform","shelter":"yes"}},
{"type":"Feature","geometry":{"type":"LineString","coordinates":[[18.5614567,54.4356821],[18.5614956,54.4356846],[18.5615201,54.4356861],[18.5615652,54.4354784],[18.561541,54.4354771],[18.561501,54.435475],[18.5614567,54.4356821]]},"properties":{"bus":"yes","highway":"bus_stop","name":"3 Maja 03","network":"ZKM Gdynia","operator":"ZKM Gdynia","public_transport":"platform","trolleybus":"yes"}},
{"type":"Feature","geometry":{"type":"LineString","coordinates":[[18.5822306,54.357719],[18.5822307,54.3576897],[18.5831567,54.3576915],[18.5831567,54.3577029],[18.5831566,54.3577207],[18.5828704,54.3577202],[18.5824344,54.3577194],[18.5823536,54.3577193],[18.5822306,54.357719]]},"properties":{"bench":"yes","bin":"yes","bus":"yes","departures_board":"realtime","foot":"yes","highway":"bus_stop","lit":"yes","name":"Warneńska 02","network":"ZTM Gdańsk","network:wikidata":"Q9387123","operator":"ZTM Gdańsk","operator:wikidata":"Q9387123","public_transport":"platform","railway":"platform","ref:ztm":"7001","shelter":"yes","start_date":"2015-09-01","surface":"paving_stones","tactile_paving":"yes","tram":"yes","wheelchair":"yes"}},
{"type":"Feature","geometry":{"type":"LineString","coordinates":[[18.5822282,54.3576327],[18.5822284,54.357601],[18.5824356,54.3576015],[18.5828716,54.3576025],[18.5831544,54.3576032],[18.5831542,54.3576267],[18.5831542,54.357635],[18.5822282,54.3576327]]},"properties":{"bench":"yes","bin":"yes","bus":"yes","departures_board":"realtime","foot":"yes","highway":"bus_stop","lit":"yes","name":"Warneńska 01","network":"ZTM Gdańsk","network:wikidata":"Q9387123","operator":"ZTM Gdańsk","operator:wikidata":"Q9387123","public_transport":"platform","railway":"platform","ref:ztm":"7000","shelter":"yes","start_date":"2015-09-01","surface":"paving_stones","tactile_paving":"yes","tram":"yes","wheelchair":"yes"}},
{"type":"Feature","geometry":{"type":"MultiPolygon","coordinates":[[[[18.5594747,54.4431146],[18.5594749,54.4430948],[18.5594911,54.4430162],[18.5595479,54.4430198],[18.5595801,54.4430212],[18.5595519,54.4431531],[18.5595063,54.4431523],[18.5594791,54.4431519],[18.5594747,54.4431146]]]]},"properties":{"bench":"yes","highway":"bus_stop","name":"Bohaterów Monte Cassino 02","network":"ZKM Gdynia","operator":"ZKM Gdynia","public_transport":"platform","shelter":"yes"}},
{"type":"Feature","geometry":{"type":"MultiPolygon","coordinates":[[[[18.5551938,54.4495603],[18.5552949,54.4495032],[18.5553418,54.4494767],[18.5553646,54.4494927],[18.5553797,54.4495032],[18.5552317,54.4495869],[18.5552163,54.4495751],[18.5551938,54.4495603]]]]},"properties":{"area":"yes","bench":"yes","bin":"yes","foot":"yes","highway":"bus_stop","lit":"yes","name":"Malczewskiego 02","operator":"ZKM Gdynia","public_transport":"platform","shelter":"yes","tactile_paving":"yes"}},
{"type":"Feature","geometry":{"type":"MultiPolygon","coordinates":[[[[18.5614268,54.4337837],[18.5614432,54.4336286],[18.5614611,54.4336293],[18.5614754,54.4336298],[18.561459,54.4337848],[18.5614448,54.4337843],[18.5614268,54.4337837]]]]},"properties":{"bench":"yes","foot":"yes","highway":"bus_stop","name":"3 Maja 02","operator":"ZKM Gdynia","public_transport":"platform","shelter":"yes"}},
{"type":"Feature","geometry":{"type":"MultiPolygon","coordinates":[[[[18.562014,54.4314729],[18.5620196,54.4313343],[18.5620383,54.4313346],[18.5620592,54.4313349],[18.5620536,54.4314734],[18.5620318,54.4314731],[18.562014,54.4314729]]]]},"properties":{"bench":"yes","bin":"yes","foot":"yes","highway":"bus_stop","name":"Sopot Reja 01","network":"ZKM Gdynia","operator":"ZKM Gdynia","public_transport":"platform","shelter":"yes","tactile_paving":"no"}},
{"type":"Feature","geometry":{"type":"MultiPolygon","coordinates":[[[[18.5600801,54.4422636],[18.5601292,54.4420616],[18.5601592,54.4420642],[18.5601859,54.4420669],[18.560172,54.4421277],[18.5601357,54.4422685],[18.560107,54.4422659],[18.5600801,54.4422636]]]]},"properties":{"bench":"yes","highway":"bus_stop","name":"Bohaterów Monte Cassino 01","network":"ZKM Gdynia","network:wikidata":"Q9387114","operator":"ZKM Gdynia","public_transport":"platform","shelter":"yes"}},
{"type":"Feature","geometry":{"type":"MultiPolygon","coordinates":[[[[18.559108,54.4471156],[18.5591475,54.4469607],[18.559177,54.4469635],[18.5591977,54.4469654],[18.5591744,54.4470633],[18.5591582,54.4471204],[18.5591316,54.4471178],[18.559108,54.4471156]]]]},"properties":{"area":"yes","bench":"yes","bin":"yes","check_date:shelter":"2023-05-22","foot":"yes","highway":"bus_stop","name":"Goyki 01","operator":"ZKM Gdynia","public_transport":"platform","shelter":"yes"}},
{"type":"Feature","geometry":{"type":"MultiPolygon","coordinates":[[[[18.555468,54.4498393],[18.5556694,54.4496914],[18.5556855,54.449699],[18.5557052,54.4497084],[18.5555048,54.4498524],[18.5554862,54.4498458],[18.555468,54.4498393]]]]},"properties":{"area":"yes","bench":"yes","bin":"yes","foot":"yes","highway":"bus_stop","lit":"yes","name":"Malczewskiego 01","operator":"ZKM Gdynia","public_transport":"platform","shelter":"yes","tactile_paving":"yes"}},
{"type":"Feature","geometry":{"type":"MultiPolygon","coordinates":[[[[18.5571007,54.4133782],[18.5571197,54.4133764],[18.5571457,54.4133739],[18.5572026,54.4135792],[18.5571785,54.4135814],[18.5571577,54.4135834],[18.5571007,54.4133782]]]]},"properties":{"bench":"yes","check_date:shelter":"2024-04-11","foot":"yes","highway":"bus_stop","name":"Cmentarz Oliwski","operator":"ZTM Gdańsk","public_transport":"platform","ref:ztm":"1536","shelter":"yes","tactile_paving":"yes"}},
{"type":"Feature","geometry":{"type":"MultiPolygon","coordinates":[[[[18.5585641,54.4160779],[18.5585839,54.4160744],[18.558608,54.4160702],[18.5586656,54.4161808],[18.5586943,54.416236],[18.5587065,54.4162595],[18.5586626,54.4162672],[18.5585641,54.4160779]]]]},"properties":{"area":"yes","bench":"yes","foot":"yes","highway":"bus_stop","name":"Sarnia 01","operator":"ZTM Gdańsk","public_transport":"platform","ref:ztm":"1535","shelter":"yes"}},
{"type":"Feature","geometry":{"type":"MultiPolygon","coordinates":[[[[18.502816,54.3771001],[18.5028937,54.3770901],[18.5029405,54.3770725],[18.5030519,54.3770604],[18.5030557,54.3770715],[18.5031077,54.3770657],[18.503111,54.3770742],[18.5031134,54.377083],[18.5028227,54.3771177],[18.5028195,54.3771089],[18.502816,54.3771001]]]]},"properties":{"area":"yes","bench":"yes","foot":"yes","highway":"bus_stop","name":"Astronautów 01","operator":"ZTM Gdańsk","public_transport":"platform","shelter":"yes","tactile_paving":"yes"}},
{"type":"Feature","geometry":{"type":"MultiPolygon","coordinates":[[[[18.5074038,54.3768115],[18.5076975,54.3767761],[18.5077018,54.3767861],[18.5077046,54.3767936],[18.507598,54.3768073],[18.5074115,54.3768305],[18.5074038,54.3768115]]]]},"properties":{"area":"yes","bench":"yes","foot":"yes","highway":"bus_stop","name":"Agrarna 02","network":"ZTM Gdańsk","network:wikidata":"Q9387123","operator":"ZTM Gdańsk","public_transport":"platform","ref:ztm":"1399","shelter":"yes"}},
{"type":"Feature","geometry":{"type":"MultiPolygon","coordinates":[[[[18.5898412,54.3796622],[18.5898563,54.3796558],[18.5898766,54.3796472],[18.5902347,54.3799096],[18.5902605,54.379938],[18.590238,54.3799448],[18.5902157,54.379951],[18.5901819,54.3799203],[18.5898412,54.3796622]]]]},"properties":{"bench":"yes","bin":"yes","bus":"yes","highway":"bus_stop","lit":"yes","name":"Zabytkowa 01","network":"ZTM Gdańsk","network:wikidata":"Q9387123","operator":"ZTM Gdańsk","public_transport":"platform","ref:ztm":"1922","shelter":"yes","tactile_paving":"yes"}},
{"type":"Feature","geometry":{"type":"MultiPolygon","coordinates":[[[[18.5744336,54.3774873],[18.5744375,54.3774775],[18.5744425,54.3774648],[18.5746279,54.3774863],[18.5747467,54.3775055],[18.5747372,54.3775185],[18.5747298,54.3775286],[18.5746414,54.3775122],[18.5744336,54.3774873]]]]},"properties":{"bench":"yes","bin":"yes","bus":"yes","highway":"bus_stop","lit":"yes","name":"Niedźwiednik PKM 01","network":"ZTM Gdańsk","network:wikidata":"Q9387123","operator":"ZTM Gdańsk","public_transport":"platform","ref:ztm":"1389","shelter":"yes","tactile_paving":"yes"}},
{"type":"Feature","geometry":{"type":"MultiPolygon","coordinates":[[[[18.5652551,54.4200862],[18.5652683,54.4200276],[18.5653135,54.4200311],[18.5653004,54.4200896],[18.5652733,54.4200876],[18.5652551,54.4200862]]]]},"properties":{"bench":"yes","bin":"yes","highway":"bus_stop","lit":"yes","name":"Górskiego 01","network":"ZTM Gdańsk","network:wikidata":"Q9387123","network:wikipedia":"pl:Zarząd Transportu Miejskiego w Gdańsku","operator":"ZTM Gdańsk","public_transport":"platform","ref:ztm":"1668","shelter":"yes","tactile_paving":"no"}},
{"type":"Feature","geometry":{"type":"MultiPolygon","coordinates":[[[[18.5642413,54.4391984],[18.5642509,54.4391047],[18.5643239,54.4391077],[18.5643084,54.4392004],[18.5642413,54.4391984]]]]},"properties":{"bench":"yes","bin":"yes","covered":"no","highway":"bus_stop","name":"Sopot PKP - Marynarzy 01","network":"ZKM Gdynia","operator":"PKM Gdynia","public_transport":"platform","shelter":"yes"}},
{"type":"Feature","geometry":{"type":"MultiPolygon","coordinates":[[[[18.570178,54.4425476],[18.5702025,54.44253],[18.5702161,54.4425216],[18.5704261,54.4426414],[18.5704012,54.442654],[18.5703816,54.4426639],[18.5702211,54.4425711],[18.570178,54.4425476]]]]},"properties":{"bench":"yes","bin":"yes","covered":"yes","highway":"bus_stop","lit":"yes","name":"Chopina 03","network":"ZKM Gdynia","operator":"PKM Gdynia","passenger_information_display":"no","public_transport":"platform","shelter":"yes","tactile_paving":"no"}},
{"type":"Feature","geometry":{"type":"MultiPolygon","coordinates":[[[[18.5736968,54.4392657],[18.5737472,54.4391938],[18.5737984,54.439206],[18.573748,54.4392778],[18.5736968,54.4392657]]]]},"properties":{"bench":"yes","bin":"yes","bus":"yes","covered":"yes","highway":"bus_stop","name":"Grunwaldzka 01","network":"ZKM Gdynia","operator":"PKM Gdynia","public_transport":"platform","shelter":"yes"}},
{"type":"Feature","geometry":{"type":"MultiPolygon","coordinates":[[[[18.5670235,54.4326467],[18.567102,54.4325256],[18.5671127,54.4325283],[18.5671212,54.4325305],[18.5670481,54.4326518],[18.5670359,54.4326493],[18.5670235,54.4326467]]]]},"properties":{"bench":"yes","bin":"yes","highway":"bus_stop","lit":"yes","name":"Rynek Non-Stop 01","network":"ZKM Gdynia","operator":"PKM Gdynia","public_transport":"platform","shelter":"yes","tactile_paving":"yes"}},
{"type":"Feature","geometry":{"type":"MultiPolygon","coordinates":[[[[18.5675586,54.4391477],[18.5676174,54.4390864],[18.5676688,54.439103],[18.56761,54.4391643],[18.5675586,54.4391477]]]]},"properties":{"bench":"yes","bin":"yes","highway":"bus_stop","name":"Sobieskiego - Przychodnia 02","network":"ZKM Gdynia","operator":"PKM Gdynia","public_transport":"platform","shelter":"yes"}},
{"type":"Feature","geometry":{"type":"MultiPolygon","coordinates":[[[[18.5634576,54.4414498],[18.5634714,54.4413804],[18.5635488,54.4413856],[18.563535,54.441455],[18.5634576,54.4414498]]]]},"properties":{"bench":"yes","bin":"yes","highway":"bus_stop","lit":"yes","name":"Sopot PKP 02","network":"ZKM Gdynia","operator":"PKM Gdynia","public_transport":"platform","shelter":"yes","tactile_paving":"yes"}},
{"type":"Feature","geometry":{"type":"MultiPolygon","coordinates":[[[[18.5578046,54.4416567],[18.5578928,54.4416362],[18.5579122,54.4416644],[18.557824,54.4416849],[18.5578046,54.4416567]]]]},"properties":{"bench":"yes","covered":"yes","highway":"bus_stop","name":"Sikorskiego 01","network":"ZKM Gdynia","network:wikidata":"Q9387114","operator":"PKM Gdynia","public_transport":"platform"}},
{"type":"Feature","geometry":{"type":"MultiPolygon","coordinates":[[[[18.5477874,54.4390684],[18.5478927,54.4390601],[18.5478999,54.4390909],[18.5477945,54.4390991],[18.5477874,54.4390684]]]]},"properties":{"bench":"yes","bin":"yes","covered":"no","highway":"bus_stop","name":"Osiedle Mickiewicza 01","public_transport":"platform","shelter":"yes"}},
{"type":"Feature","geometry":{"type":"MultiPolygon","coordinates":[[[[18.5629072,54.4256692],[18.5629691,54.4254968],[18.5629972,54.4255002],[18.5629353,54.4256726],[18.5629072,54.4256692]]]]},"properties":{"area":"yes","bench":"yes","bin":"yes","highway":"bus_stop","lit":"yes","name":"Hospicjum 01","public_transport":"platform","shelter":"no","tactile_paving":"yes"}},
{"type":"Feature","geometry":{"type":"MultiPolygon","coordinates":[[[[18.5616495,54.4314685],[18.5616528,54.4313433],[18.5616706,54.4313435],[18.5616935,54.4313437],[18.5616903,54.4314689],[18.5616705,54.4314687],[18.5616495,54.4314685]]]]},"properties":{"bench":"yes","bin":"yes","foot":"yes","highway":"bus_stop","name":"Sopot Reja 02","operator":"ZKM Gdynia","public_transport":"platform","shelter":"yes","tactile_paving":"no"}},
{"type":"Feature","geometry":{"type":"MultiPolygon","coordinates":[[[[18.5617335,54.4341429],[18.5617517,54.4339768],[18.5617744,54.4339772],[18.5617958,54.433978],[18.5617783,54.4341447],[18.5617594,54.4341439],[18.5617335,54.4341429]]]]},"properties":{"highway":"bus_stop","name":"3 Maja 01","public_transport":"platform"}},
{"type":"Feature","geometry":{"type":"MultiPolygon","coordinates":[[[[18.571244,54.4333575],[18.5713092,54.43329],[18.5713611,54.4333069],[18.5712969,54.4333748],[18.571244,54.4333575]]]]},"properties":{"bench":"yes","bin":"yes","highway":"bus_stop","lit":"no","name":"Mierosławskiego 01","network":"ZKM Gdynia","network:wikidata":"Q9387114","operator":"PKM Gdynia","passenger_information_display":"no","public_transport":"platform","shelter":"yes","tactile_paving":"no","trolleybus":"yes"}},
{"type":"Feature","geometry":{"type":"MultiPolygon","coordinates":[[[[18.5565772,54.4414979],[18.556623,54.4412401],[18.5566733,54.4412432],[18.5566275,54.4415009],[18.5565772,54.4414979]]]]},"properties":{"bench":"yes","bin":"yes","highway":"bus_stop","name":"Sikorskiego 03","network":"ZKM Gdynia","network:wikidata":"Q9387114","operator":"PKM Gdynia","public_transport":"platform","shelter":"yes"}},
{"type":"Feature","geometry":{"type":"MultiPolygon","coordinates":[[[[18.5614567,54.4356821],[18.561501,54.435475],[18.561541,54.4354771],[18.5615652,54.4354784],[18.5615201,54.4356861],[18.5614956,54.4356846],[18.5614567,54.4356821]]]]},"properties":{"bus":"yes","highway":"bus_stop","name":"3 Maja 03","network":"ZKM Gdynia","operator":"ZKM Gdynia","public_transport":"platform","trolleybus":"yes"}},
{"type":"Feature","geometry":{"type":"MultiPolygon","coordinates":[[[[18.5822306,54.357719],[18.5822307,54.3576897],[18.5831567,54.3576915],[18.5831567,54.3577029],[18.5831566,54.3577207],[18.5828704,54.3577202],[18.5824344,54.3577194],[18.5823536,54.3577193],[18.5822306,54.357719]]]]},"properties":{"bench":"yes","bin":"yes","bus":"yes","departures_board":"realtime","foot":"yes","highway":"bus_stop","lit":"yes","name":"Warneńska 02","network":"ZTM Gdańsk","network:wikidata":"Q9387123","operator":"ZTM Gdańsk","operator:wikidata":"Q9387123","public_transport":"platform","railway":"platform","ref:ztm":"7001","shelter":"yes","start_date":"2015-09-01","surface":"paving_stones","tactile_paving":"yes","tram":"yes","wheelchair":"yes"}},
{"type":"Feature","geometry":{"type":"MultiPolygon","coordinates":[[[[18.5822282,54.3576327],[18.5822284,54.357601],[18.5824356,54.3576015],[18.5828716,54.3576025],[18.5831544,54.3576032],[18.5831542,54.3576267],[18.5831542,54.357635],[18.5822282,54.3576327]]]]},"properties":{"bench":"yes","bin":"yes","bus":"yes","departures_board":"realtime","foot":"yes","highway":"bus_stop","lit":"yes","name":"Warneńska 01","network":"ZTM Gdańsk","network:wikidata":"Q9387123","operator":"ZTM Gdańsk","operator:wikidata":"Q9387123","public_transport":"platform","railway":"platform","ref:ztm":"7000","shelter":"yes","start_date":"2015-09-01","surface":"paving_stones","tactile_paving":"yes","tram":"yes","wheelchair":"yes"}}
]}
