{"type":"FeatureCollection","features":[
{"type":"Feature","geometry":{"type":"Point","coordinates":[18.5638001,54.4395478]},"properties":{"addr:city":"Sopot","addr:housenumber":"26","addr:street":"Tadeusza Kościuszki","brand":"Carrefour Express","brand:wikidata":"Q2940190","brand:wikipedia":"fr:Carrefour Express","name":"Carrefour Express","shop":"convenience"}},
{"type":"Feature","geometry":{"type":"Point","coordinates":[18.5017202,54.3447982]},"properties":{"shop":"convenience"}},
{"type":"Feature","geometry":{"type":"Point","coordinates":[18.6485315,54.3457793]},"properties":{"name":"Merkus","operator":"Sieć 34","shop":"convenience"}},
{"type":"Feature","geometry":{"type":"Point","coordinates":[18.5729975,54.439393]},"properties":{"addr:city":"Sopot","addr:housenumber":"82","addr:street":"Grunwaldzka","brand":"Lewiatan","brand:wikidata":"Q11755396","brand:wikipedia":"pl:Lewiatan (sieć handlowa)","check_date":"2024-08-25","name":"Lewiatan","shop":"supermarket","website":"https://www.lewiatan.pl/znajdz-sklep/lewiatan-sopot-grunwaldzka-80"}},
{"type":"Feature","geometry":{"type":"Point","coordinates":[18.6205902,54.3368014]},"properties":{"addr:city":"Gdańsk","addr:housenumber":"30","addr:street":"Cienista","brand":"Kaufland","brand:wikidata":"Q685967","brand:wikipedia":"en:Kaufland","name":"Kaufland","shop":"supermarket"}},
{"type":"Feature","geometry":{"type":"Point","coordinates":[18.6262946,54.3351951]},"properties":{"addr:city":"Gdańsk","addr:housenumber":"11","addr:street":"Henryka Hubertusa Jabłońskiego","brand":"Lewiatan","brand:wikidata":"Q11755396","brand:wikipedia":"pl:Lewiatan (sieć handlowa)","name":"Lewiatan","shop":"convenience","website":"https://www.lewiatan.pl/znajdz-sklep/lewiatan-gdansk-jablonskiego-11"}},
{"type":"Feature","geometry":{"type":"Point","coordinates":[18.6267838,54.3759978]},"properties":{"addr:city":"Gdańsk","addr:housenumber":"1B","addr:postcode":"80-402","addr:street":"Kliniczna","brand":"Żabka","brand:wikidata":"Q2589061","brand:wikipedia":"pl:Żabka (sieć sklepów)","name":"Żabka","name:pl":"Żabka","name:uk":"Жабка","opening_hours":"06:00-23:00","shop":"convenience"}},
{"type":"Feature","geometry":{"type":"Point","coordinates":[18.6166862,54.3801493]},"properties":{"addr:city":"Gdańsk","addr:housenumber":"13","addr:street":"Stanisława Wyspiańskiego","check_date":"2025-06-30","contact:mobile":"+48 517 213 981","contact:website":"https://sklep-zefirek.business.site/","name":"Zefirek","opening_hours":"Mo-Fr 06:00-22:00; Sa 07:00-22:00; Su 08:00-22:00","shop":"convenience"}},
{"type":"Feature","geometry":{"type":"Point","coordinates":[18.6262624,54.3803734]},"properties":{"addr:city":"Gdańsk","addr:housenumber":"59","addr:street":"Jana Kochanowskiego","name":"Kristo","opening_hours":"Mo-Fr 07:00-22:00; Sa 08:00-22:00; Su 11:00-20:00","shop":"convenience"}},
{"type":"Feature","geometry":{"type":"Point","coordinates":[18.6236921,54.3804593]},"properties":{"addr:city":"Gdańsk","addr:housenumber":"12","addr:street":"Mikołaja Reja","name":"Smakosz","shop":"convenience"}},
{"type":"Feature","geometry":{"type":"Point","coordinates":[18.5979086,54.4155953]},"properties":{"addr:city":"Gdańsk","addr:housenumber":"9","addr:street":"Prezydenta Lecha Kaczyńskiego","amenity":"pub","contact:website":"https://www.facebook.com/nonameprzymorze/","mobile":"+48 509 499 451","name":"No Name","opening_hours":"Mo-Fr 15:00-23:00; Sa 13:00-24:00; Su 13:00-23:00","shop":"supermarket"}},
{"type":"Feature","geometry":{"type":"Point","coordinates":[18.6319167,54.3581643]},"properties":{"addr:city":"Gdańsk","addr:postcode":"80-156","addr:street":"Świdnicka","opening_hours":"Mo-Sa 07:00-22:00;Su 09:00-17:00","shop":"convenience"}},
{"type":"Feature","geometry":{"type":"Point","coordinates":[18.5947116,54.3452566]},"properties":{"brand":"Żabka","brand:wikidata":"Q2589061","name":"Żabka","name:pl":"Żabka","name:uk":"Жабка","shop":"convenience"}},
{"type":"Feature","geometry":{"type":"Point","coordinates":[18.5983218,54.3281092]},"properties":{"brand":"Livio","brand:wikidata":"Q108599511","loc_name":"Promile","name":"Livio","shop":"convenience"}},
{"type":"Feature","geometry":{"type":"Point","coordinates":[18.5580386,54.4371211]},"properties":{"addr:city":"Sopot","addr:housenumber":"60A","addr:street":"Armii Krajowej","brand":"Żabka","brand:wikidata":"Q2589061","name":"Żabka","name:pl":"Żabka","name:uk":"Жабка","shop":"convenience"}},
{"type":"Feature","geometry":{"type":"Point","coordinates":[18.563341,54.4393694]},"properties":{"shop":"convenience"}},
{"type":"Feature","geometry":{"type":"Point","coordinates":[18.4040366,54.3356159]},"properties":{"shop":"convenience"}},
{"type":"Feature","geometry":{"type":"Point","coordinates":[18.6503589,54.3553014]},"properties":{"brand":"Biedronka","brand:wikidata":"Q857182","brand:wikipedia":"pl:Biedronka (sieć handlowa)","email":"bok@biedronka.eu","name":"Biedronka","name:ru":"Бедронка","opening_hours":"Mo-Sa 07:00-21:00; Su 09:00-20:00","operator":"Jeronimo Martins Polska S.A.","shop":"supermarket","website":"https://www.biedronka.pl/pl/shop,id,1732"}},
{"type":"Feature","geometry":{"type":"Point","coordinates":[18.6074553,54.3770118]},"properties":{"addr:city":"Gdańsk","addr:country":"PL","addr:housenumber":"82","addr:postcode":"80-244","addr:street":"Aleja Grunwaldzka","brand":"Eurospar","brand:wikidata":"Q12309283","brand:wikipedia":"da:Eurospar","level":"-1","name":"Eurospar","opening_hours":"Mo-Sa 09:00-21:00; Su 10:00-20:00","shop":"supermarket"}},
{"type":"Feature","geometry":{"type":"Point","coordinates":[18.6319791,54.3791958]},"properties":{"addr:city":"Gdańsk","addr:housenumber":"36A","addr:postcode":"80-001","addr:street":"Mikołaja Reja","name":"Libero","operator":"Sakowicz E.","shop":"convenience"}},
{"type":"Feature","geometry":{"type":"Point","coordinates":[18.6573657,54.3533504]},"properties":{"brand":"Żabka","brand:wikidata":"Q2589061","name":"Żabka","name:en":"Zabka","name:pl":"Żabka","name:uk":"Жабка","shop":"convenience","wheelchair":"no"}},
{"type":"Feature","geometry":{"type":"Point","coordinates":[18.5080638,54.3775847]},"properties":{"name":"Anis","shop":"convenience"}},
{"type":"Feature","geometry":{"type":"Point","coordinates":[18.5793828,54.3015967]},"properties":{"addr:city":"Borkowo","addr:housenumber":"1R","addr:postcode":"80-180","addr:street":"Współczesna","brand":"Żabka","brand:wikidata":"Q2589061","brand:wikipedia":"pl:Żabka (sieć sklepów)","name":"Żabka","name:pl":"Żabka","name:uk":"Жабка","opening_hours":"Mo-Su 06:00-23:00","shop":"convenience"}},
{"type":"Feature","geometry":{"type":"Point","coordinates":[18.5772366,54.3021479]},"properties":{"addr:housenumber":"2","addr:street":"Klasyczna","air_conditioning":"yes","brand":"Stokrotka","brand:wikidata":"Q9345945","brand:wikipedia":"pl:Stokrotka (sieć handlowa)","check_date":"2022-12-04","internet_access":"no","name":"Stokrotka","opening_hours":"Mo-Sa 07:00-22:00; Su off","payment:dcc":"yes","payment:diners_club":"yes","payment:discover":"yes","payment:maestro":"yes","payment:mastercard":"yes","payment:sodexo":"yes","payment:visa":"yes","phone":"+48 515 110 226","shop":"supermarket","source":"survey","stroller":"yes","website":"https://stokrotka.pl/","wheelchair":"yes"}},
{"type":"Feature","geometry":{"type":"Point","coordinates":[18.5503771,54.3219619]},"properties":{"addr:city":"Gdańsk","addr:housenumber":"6","addr:postcode":"80-174","addr:street":"Przywidzka","brand":"Carrefour","brand:wikidata":"Q217599","brand:wikipedia":"fr:Carrefour (enseigne)","name":"Carrefour","operator":"Groupe Carrefour","operator:wikidata":"Q3117359","operator:wikipedia":"fr:Groupe Carrefour","shop":"supermarket","website":"https://www.carrefour.pl/"}},
{"type":"Feature","geometry":{"type":"Point","coordinates":[18.6120023,54.3250424]},"properties":{"shop":"convenience"}},
{"type":"Feature","geometry":{"type":"Point","coordinates":[18.5990936,54.3827019]},"properties":{"entrance":"main"}},
{"type":"Feature","geometry":{"type":"Point","coordinates":[18.6040263,54.3297313]},"properties":{"addr:city":"Gdańsk","addr:country":"PL","addr:housenumber":"8","addr:postcode":"80-809","addr:street":"Nieborowska","brand":"Spar","brand:wikidata":"Q610492","contact:fax":"+48 58 304 40 41","contact:phone":"+48 58 304 40 40","name":"Spar","opening_hours":"Mo-Sa 08:00-22:00; Su 09:00-21:00","shop":"convenience"}},
{"type":"Feature","geometry":{"type":"Point","coordinates":[18.5767338,54.3556703]},"properties":{"shop":"convenience"}},
{"type":"Feature","geometry":{"type":"Point","coordinates":[18.5783887,54.3573474]},"properties":{"addr:city":"Gdańsk","addr:housenumber":"2A","addr:street":"Heleny Marusarzówny","brand":"Lewiatan","brand:wikidata":"Q11755396","name":"Lewiatan","opening_hours":"Mo-Fr 06:00-23:00; Sa 07:00-23:00; Su 09:00-17:00","shop":"convenience"}},
{"type":"Feature","geometry":{"type":"Point","coordinates":[18.5784646,54.3545129]},"properties":{"addr:city":"Gdańsk","addr:housenumber":"18","addr:street":"Bulońska","brand":"Żabka","brand:wikidata":"Q2589061","name":"Żabka","name:pl":"Żabka","name:uk":"Жабка","shop":"convenience"}},
{"type":"Feature","geometry":{"type":"Point","coordinates":[18.5527439,54.3227168]},"properties":{"addr:city":"Gdańsk","addr:housenumber":"8","addr:street":"Przywidzka","brand":"Lidl","brand:wikidata":"Q151954","name":"Lidl","ref:csioz":"1179953","shop":"supermarket"}},
{"type":"Feature","geometry":{"type":"Point","coordinates":[18.6285989,54.3184445]},"properties":{"addr:city":"Gdańsk","addr:housenumber":"28L","addr:postcode":"80-020","addr:street":"Nowiny","alt_name":"Mini Market","brand":"Odido","brand:wikidata":"Q106947294","check_date":"2024-11-12","name":"Odido","opening_hours":"03:00-24:00","shop":"convenience","website":"https://www.sklepy-odido.pl/znajdz-sklep/nowiny-28"}},
{"type":"Feature","geometry":{"type":"Point","coordinates":[18.4550765,54.3460859]},"properties":{"shop":"convenience"}},
{"type":"Feature","geometry":{"type":"Point","coordinates":[18.6628918,54.3472388]},"properties":{"addr:city":"Gdańsk","addr:housenumber":"14","addr:street":"Długie Ogrody","brand":"Biedronka","brand:wikidata":"Q857182","brand:wikipedia":"pl:Biedronka (sieć handlowa)","email":"bok@biedronka.eu","name":"Biedronka","name:ru":"Бедронка","opening_hours":"Mo-Sa 06:00-23:00; Su 08:00-22:00","operator":"Jeronimo Martins Polska S.A.","shop":"supermarket","website":"https://www.biedronka.pl/pl/shop,id,472"}},
{"type":"Feature","geometry":{"type":"Point","coordinates":[18.6222823,54.3264254]},"properties":{"name":"Delikatesy Familijne","opening_hours":"Mo-Th 06:30-21:00; Fr 06:30-22:00; Sa 06:30-22:00","shop":"convenience"}},
{"type":"Feature","geometry":{"type":"Point","coordinates":[18.617673,54.3250123]},"properties":{"brand":"Biedronka","brand:wikidata":"Q857182","brand:wikipedia":"pl:Biedronka (sieć handlowa)","email":"bok@biedronka.eu","name":"Biedronka","name:ru":"Бедронка","opening_hours":"Mo-Sa 07:00-21:00; Su 09:00-20:00","operator":"Jeronimo Martins Polska S.A.","shop":"supermarket","website":"https://www.biedronka.pl/pl/shop,id,510"}},
{"type":"Feature","geometry":{"type":"Point","coordinates":[18.618833,54.326111]},"properties":{"addr:city":"Gdańsk","addr:housenumber":"8","addr:street":"Krzemowa","shop":"convenience"}},
{"type":"Feature","geometry":{"type":"Point","coordinates":[18.6221723,54.3261118]},"properties":{"addr:city":"Gdańsk","addr:housenumber":"1B","addr:street":"Biskupa Hieronima Rozrażewskiego","brand":"Żabka","brand:wikidata":"Q2589061","name":"Żabka","name:pl":"Żabka","name:uk":"Жабка","shop":"convenience"}},
{"type":"Feature","geometry":{"type":"Point","coordinates":[18.6621086,54.347715]},"properties":{"addr:city":"Gdańsk","addr:housenumber":"11E","addr:street":"Długie Ogrody","brand":"Żabka","brand:wikidata":"Q2589061","name":"Żabka","name:pl":"Żabka","name:uk":"Жабка","opening_hours":"Mo-Sa 06:00-23:00; Su 09:00-21:00","shop":"convenience"}},
{"type":"Feature","geometry":{"type":"Point","coordinates":[18.6671645,54.3484283]},"properties":{"addr:city":"Gdańsk","addr:housenumber":"41/43","addr:street":"Długie Ogrody","brand":"abc","check_date:opening_hours":"2024-04-04","name":"abc","opening_hours":"Mo-Sa 06:00-22:00; Su 10:00-20:00","shop":"convenience","wheelchair":"no"}},
{"type":"Feature","geometry":{"type":"Point","coordinates":[18.6214309,54.3356427]},"properties":{"amenity":"parking_entrance"}},
{"type":"Feature","geometry":{"type":"Point","coordinates":[18.6200945,54.335947]},"properties":{"amenity":"parking_entrance"}},
{"type":"Feature","geometry":{"type":"Point","coordinates":[18.4599581,54.4266159]},"properties":{"addr:city":"Gdańsk","addr:housenumber":"107","addr:postcode":"80-299","addr:street":"Barniewicka","brand":"Lewiatan","brand:wikidata":"Q11755396","name":"Lewiatan","shop":"convenience","website":"https://www.lewiatan.pl/znajdz-sklep/lewiatan-gdansk-barniewicka-107"}},
{"type":"Feature","geometry":{"type":"Point","coordinates":[18.4575461,54.4397474]},"properties":{"name":"Nasz Sklep","shop":"convenience"}},
{"type":"Feature","geometry":{"type":"Point","coordinates":[18.5663606,54.444119]},"properties":{"addr:city":"Sopot","addr:housenumber":"51","addr:street":"Bohaterów Monte Cassino","check_date":"2023-02-21","dog":"no","level":"0","name":"Delikatesy Mrozińscy","opening_hours":"Mo-Th 07:00-22:00; Fr-Sa 07:00-24:00; Su 09:00-19:00","shop":"convenience"}},
{"type":"Feature","geometry":{"type":"Point","coordinates":[18.5301343,54.3510707]},"properties":{"addr:city":"Gdańsk","addr:housenumber":"11","addr:street":"Sympatyczna","shop":"convenience"}},
{"type":"Feature","geometry":{"type":"Point","coordinates":[18.5936622,54.3512485]},"properties":{"amenity":"parking_entrance","level":"-2"}},
{"type":"Feature","geometry":{"type":"Point","coordinates":[18.570369,54.313937]},"properties":{"addr:city":"Gdańsk","addr:country":"PL","addr:housenumber":"2E","addr:postcode":"80-180","addr:street":"Konrada Guderskiego","contact:facebook":"https://www.facebook.com/delikatesy.maxxavier","contact:instagram":"https://www.instagram.com/delikatesy.maxxavier/","internet_access":"no","name":"Max & Xavier","opening_hours":"Mo-Sa 06:30-21:30; Su 09:00-18:00 \"Tylko w niedziele handlowe\"","operator":"Max & Xavier","payment:cash":"yes","payment:contactless":"yes","payment:credit_cards":"yes","payment:debit_cards":"yes","payment:mastercard":"yes","payment:visa":"yes","shop":"supermarket","website":"http://maxxavier.pl/"}},
{"type":"Feature","geometry":{"type":"Point","coordinates":[18.5823669,54.3188322]},"properties":{"amenity":"atm","brand":"Euronet","brand:wikidata":"Q5412010","brand:wikipedia":"en:Euronet Worldwide","cash_in":"no","check_date":"2021-07-09","name":"Euronet","opening_hours":"24/7","operator":"Euronet","operator:wikidata":"Q5412010","operator:wikipedia":"en:Euronet Worldwide"}},
{"type":"Feature","geometry":{"type":"Point","coordinates":[18.6197929,54.3370758]},"properties":{"entrance":"yes"}},
{"type":"Feature","geometry":{"type":"Point","coordinates":[18.5664212,54.3107732]},"properties":{"entrance":"main"}},
{"type":"Feature","geometry":{"type":"Point","coordinates":[18.5554729,54.3510086]},"properties":{"entrance":"yes"}},
{"type":"Feature","geometry":{"type":"Point","coordinates":[18.5561152,54.3510106]},"properties":{"brand":"Biedronka","brand:wikidata":"Q857182","brand:wikipedia":"pl:Biedronka (sieć handlowa)","email":"bok@biedronka.eu","name":"Biedronka","name:ru":"Бедронка","opening_hours":"Mo-Sa 07:00-21:00; Su 09:00-20:00","operator":"Jeronimo Martins Polska S.A.","shop":"supermarket","website":"https://www.biedronka.pl/pl/shop,id,1003"}},
{"type":"Feature","geometry":{"type":"Point","coordinates":[18.562632,54.3504515]},"properties":{"brand":"Żabka","brand:wikidata":"Q2589061","brand:wikipedia":"pl:Żabka (sieć sklepów)","name":"Żabka","name:pl":"Żabka","name:uk":"Жабка","opening_hours":"Mo-Sa 06:00-22:00; Su 10:00-21:00","shop":"convenience"}},
{"type":"Feature","geometry":{"type":"Point","coordinates":[18.6099366,54.3926071]},"properties":{"door":"sliding","entrance":"main","wheelchair":"yes"}},
{"type":"Feature","geometry":{"type":"Point","coordinates":[18.6103442,54.3935814]},"properties":{"door":"sliding","entrance":"main","wheelchair":"yes"}},
{"type":"Feature","geometry":{"type":"Point","coordinates":[18.5918995,54.4100426]},"properties":{"addr:city":"Gdańsk","addr:housenumber":"1","addr:postcode":"80-398","addr:street":"Obrońców Wybrzeża","brand":"E.Leclerc","brand:wikidata":"Q1273376","contact:facebook":"https://www.facebook.com/E.LeclercPoland","contact:youtube":"https://www.youtube.com/channel/UC8-Gw1gU9LeeBcgLKwY88yw","email":"kontakt@gdansk.leclerc","level":"0","name":"E.Leclerc","opening_hours":"Mo-Sa 7:00-21:30; Su 09:00-20:00 \"Niedziele handlowe\"","operator":"\"Gdańskdis\" Sp. z o.o.","phone":"+48 58 78 59 700","shop":"supermarket","website":"https://gdansk.leclerc.pl/","wheelchair":"yes"}},
{"type":"Feature","geometry":{"type":"Point","coordinates":[18.6337862,54.3649578]},"properties":{"name":"Abo Udane Zakupy","opening_hours":"Mo-Fr 06:30-19:00; Sa 07-15:00; Su 09:00-14:00","payment:cash":"yes","payment:contactless":"yes","payment:credit_cards":"yes","payment:debit_cards":"yes","payment:mastercard":"yes","payment:visa":"yes","shop":"convenience"}},
{"type":"Feature","geometry":{"type":"Point","coordinates":[18.5676141,54.3107981]},"properties":{"brand":"Netto","brand:wikidata":"Q552652","brand:wikipedia":"da:Netto (supermarkedskæde)","name":"Netto","shop":"supermarket"}},
{"type":"Feature","geometry":{"type":"Point","coordinates":[18.6183986,54.3831379]},"properties":{"addr:city":"Gdańsk","addr:housenumber":"9","addr:postcode":"80-425","addr:street":"Adama Mickiewicza","brand":"Żabka","brand:wikidata":"Q2589061","brand:wikipedia":"pl:Żabka (sieć sklepów)","name":"Żabka","name:pl":"Żabka","name:uk":"Жабка","note":"Ta Żabka wyjątkowo jest czynna do godziny 22.","opening_hours":"06:00-22:00","shop":"convenience"}},
{"type":"Feature","geometry":{"type":"Point","coordinates":[18.5592422,54.4086764]},"properties":{"addr:city":"Gdańsk","addr:country":"PL","addr:housenumber":"1","addr:street":"Polanki","check_date":"2025-03-05","name":"Market Kami","opening_hours":"Mo-Sa 06:00-22:00; Su 08:00-22:00","shop":"convenience"}},
{"type":"Feature","geometry":{"type":"Point","coordinates":[18.44472,54.31579]},"properties":{"addr:city":"Niestępowo","addr:housenumber":"78","addr:postcode":"80-331","addr:street":"Raduńska","name":"U Piotra","opening_hours":"Mo-Sa 07:00-19:00","shop":"convenience","source:addr":"UG Żukowo"}},
{"type":"Feature","geometry":{"type":"Point","coordinates":[18.40606,54.39327]},"properties":{"addr:city":"Banino","addr:housenumber":"35","addr:postcode":"80-297","addr:street":"Klonowa","shop":"supermarket","source:addr":"UG Żukowo"}},
{"type":"Feature","geometry":{"type":"Point","coordinates":[18.6094485,54.3433251]},"properties":{"addr:city":"Gdańsk","addr:housenumber":"8B","addr:postcode":"80-119","addr:street":"Wojskiego","name":"Koksa","shop":"convenience","source:addr":"Urząd Miasta Gdańsk"}},
{"type":"Feature","geometry":{"type":"Point","coordinates":[18.5918655,54.3076986]},"properties":{"brand":"Żabka","brand:wikidata":"Q2589061","brand:wikipedia":"pl:Żabka (sieć sklepów)","name":"Żabka","name:pl":"Żabka","name:uk":"Жабка","opening_hours":"Mo-Su 06:00-23:00","shop":"convenience"}},
{"type":"Feature","geometry":{"type":"Point","coordinates":[18.5992028,54.4233568]},"properties":{"opening_hours":"Mo-Fr 07:00-19:00; Sa 07:00-15:00; Su 11:00-15:00","shop":"convenience"}},
{"type":"Feature","geometry":{"type":"Point","coordinates":[18.5899493,54.3891766]},"properties":{"brand":"Biedronka","brand:wikidata":"Q857182","brand:wikipedia":"pl:Biedronka (sieć handlowa)","email":"bok@biedronka.eu","name":"Biedronka","name:ru":"Бедронка","opening_hours":"Mo-Sa 07:00-21:00; Su 09:00-20:00","operator":"Jeronimo Martins Polska S.A.","shop":"supermarket","website":"https://www.biedronka.pl/pl/shop,id,298"}},
{"type":"Feature","geometry":{"type":"Point","coordinates":[18.6254803,54.4048801]},"properties":{"brand":"Biedronka","brand:wikidata":"Q857182","brand:wikipedia":"pl:Biedronka (sieć handlowa)","email":"bok@biedronka.eu","level":"0","name":"Biedronka","name:ru":"Бедронка","opening_hours":"Mo-Sa 07:00-21:00; Su 09:00-20:00","operator":"Jeronimo Martins Polska S.A.","payment:blik":"yes","payment:cash":"yes","payment:contactless":"yes","payment:diners_club":"yes","payment:maestro":"yes","payment:mastercard":"yes","payment:sodexo":"yes","payment:v_pay":"yes","payment:visa":"yes","payment:visa_debit":"yes","payment:visa_electron":"yes","phone":"+48 22 205 33 00","shop":"supermarket","website":"https://www.biedronka.pl/pl/shop,id,324"}},
{"type":"Feature","geometry":{"type":"Point","coordinates":[18.5053366,54.3790584]},"properties":{"name":"Pszczółka","shop":"convenience"}},
{"type":"Feature","geometry":{"type":"Point","coordinates":[18.6005305,54.3833563]},"properties":{"amenity":"parking_entrance","maxheight":"1.9","name":"Wjazd na parking Galerii Bałtyckiej","parking":"multi-storey"}},
{"type":"Feature","geometry":{"type":"Point","coordinates":[18.6009644,54.3832265]},"properties":{"amenity":"parking_entrance","maxheight":"1.9","name":"Wyjazd z parkingu Galerii Bałtyckiej","parking":"multi-storey"}},
{"type":"Feature","geometry":{"type":"Point","coordinates":[18.6131235,54.40675]},"properties":{"addr:city":"Gdańsk","addr:housenumber":"2/1","addr:postcode":"80-365","addr:street":"Jelitkowski Dwór","brand":"Żabka","brand:wikidata":"Q2589061","brand:wikipedia":"pl:Żabka (sieć sklepów)","name":"Żabka","name:en":"Żabka","name:pl":"Żabka","name:uk":"Жабка","opening_hours":"Mo-Su 06:00-23:00","shop":"convenience"}},
{"type":"Feature","geometry":{"type":"Point","coordinates":[18.613644,54.3758564]},"properties":{"brand":"Żabka","brand:wikidata":"Q2589061","brand:wikipedia":"pl:Żabka (sieć sklepów)","check_date":"2025-07-04","check_date:opening_hours":"2025-01-30","name":"Żabka","name:pl":"Żabka","name:uk":"Жабка","opening_hours":"Mo-Sa 06:00-23:00; Su 10:00-23:00","shop":"convenience"}},
{"type":"Feature","geometry":{"type":"Point","coordinates":[18.559638,54.4450078]},"properties":{"addr:city":"Sopot","addr:country":"PL","addr:housenumber":"813a","addr:street":"Aleja Niepodległości","brand":"Biedronka","brand:wikidata":"Q857182","brand:wikipedia":"pl:Biedronka (sieć handlowa)","email":"bok@biedronka.eu","name":"Biedronka","name:ru":"Бедронка","opening_hours":"Mo-Sa 06:00-22:00","operator":"Jeronimo Martins Polska S.A.","shop":"supermarket","website":"https://www.biedronka.pl/pl/shop,id,899"}},
{"type":"Feature","geometry":{"type":"Point","coordinates":[18.5621777,54.4309031]},"properties":{"check_date":"2025-06-30","name":"Gosia","shop":"convenience"}},
{"type":"Feature","geometry":{"type":"Point","coordinates":[18.7116633,54.3608648]},"properties":{"brand":"Lewiatan","brand:wikidata":"Q11755396","name":"Lewiatan","opening_hours":"Mo-Sa 06:00-22:00; Su 09:00-17:00","shop":"supermarket"}},
{"type":"Feature","geometry":{"type":"Point","coordinates":[18.7103548,54.3604895]},"properties":{"brand":"Odido","brand:wikidata":"Q106947294","name":"Odido","opening_hours":"Mo-Sa 08:00-22:00; Su 08:00-20:00","shop":"convenience"}},
{"type":"Feature","geometry":{"type":"Point","coordinates":[18.7192084,54.3605824]},"properties":{"entrance":"main"}},
{"type":"Feature","geometry":{"type":"Point","coordinates":[18.5975233,54.3818191]},"properties":{"addr:city":"Gdańsk","addr:housenumber":"2A/lok. 1a i 1","addr:postcode":"80-257","addr:street":"Juliusza Słowackiego","brand":"Żabka","brand:wikidata":"Q2589061","brand:wikipedia":"pl:Żabka (sieć sklepów)","check_date":"2025-05-23","name":"Żabka","name:pl":"Żabka","name:uk":"Жабка","opening_hours":"Mo-Sa 06:00-23:00","shop":"convenience","website":"https://www.zabka.pl"}},
{"type":"Feature","geometry":{"type":"Point","coordinates":[18.6462955,54.3547241]},"properties":{"brand":"Biedronka","brand:wikidata":"Q857182","brand:wikipedia":"pl:Biedronka (sieć handlowa)","email":"bok@biedronka.eu","name":"Biedronka","name:ru":"Бедронка","opening_hours":"Mo-Sa 07:00-21:00; Su 09:00-20:00","operator":"Jeronimo Martins Polska S.A.","shop":"supermarket","website":"https://www.biedronka.pl/pl/shop,id,1067"}},
{"type":"Feature","geometry":{"type":"Point","coordinates":[18.5625748,54.4330932]},"properties":{"brand":"Lidl","brand:wikidata":"Q151954","brand:wikipedia":"en:Lidl","name":"Lidl","opening_hours":"Mo-Sa 08:00-21:00; Su 09:00-20:00","shop":"supermarket"}},
{"type":"Feature","geometry":{"type":"Point","coordinates":[18.6490364,54.3560826]},"properties":{"entrance":"main"}},
{"type":"Feature","geometry":{"type":"Point","coordinates":[18.6483464,54.356549]},"properties":{"entrance":"yes"}},
{"type":"Feature","geometry":{"type":"Point","coordinates":[18.6490056,54.3568421]},"properties":{"amenity":"parking_entrance","maxheight":"2","parking":"underground"}},
{"type":"Feature","geometry":{"type":"Point","coordinates":[18.5783825,54.3018858]},"properties":{"name":"Chemia Słodycze Kosmetyki z Niemiec","shop":"convenience"}},
{"type":"Feature","geometry":{"type":"Point","coordinates":[18.5877862,54.4073978]},"properties":{"brand":"Żabka","brand:wikidata":"Q2589061","brand:wikipedia":"pl:Żabka (sieć sklepów)","name":"Żabka","name:en":"Żabka","name:pl":"Żabka","name:uk":"Жабка","shop":"convenience"}},
{"type":"Feature","geometry":{"type":"Point","coordinates":[18.7136568,54.3615103]},"properties":{"brand":"Żabka","brand:wikidata":"Q2589061","name":"Żabka","name:pl":"Żabka","name:uk":"Жабка","opening_hours":"Mo-Su 06:00-23:00","shop":"convenience"}},
{"type":"Feature","geometry":{"type":"Point","coordinates":[18.7137493,54.3615137]},"properties":{"brand":"abc","name":"Po sąsiedzku","shop":"convenience"}},
{"type":"Feature","geometry":{"type":"Point","coordinates":[18.5746007,54.4018185]},"properties":{"brand":"Eurospar","brand:wikidata":"Q12309283","name":"Eurospar","opening_hours":"Mo-Sa 08:00-22:00; Su 09:00-21:00","shop":"supermarket"}},
{"type":"Feature","geometry":{"type":"Point","coordinates":[18.5960131,54.3625881]},"properties":{"brand":"Żabka","brand:wikidata":"Q2589061","brand:wikipedia":"pl:Żabka (sieć sklepów)","name":"Żabka","name:pl":"Żabka","name:uk":"Жабка","opening_hours":"Mo-Sa 06:00-23:00; Su 10:00-20:00","shop":"convenience"}},
{"type":"Feature","geometry":{"type":"Point","coordinates":[18.6062493,54.3781194]},"properties":{"addr:city":"Gdańsk","addr:country":"PL","addr:housenumber":"100","addr:postcode":"80-244","addr:street":"Aleja Grunwaldzka","brand":"Biedronka","brand:wikidata":"Q857182","brand:wikipedia":"pl:Biedronka (sieć handlowa)","email":"bok@biedronka.eu","name":"Biedronka","name:ru":"Бедронка","opening_hours":"Mo-Sa 06:00-23:00; Su 09:00-20:00","operator":"Jeronimo Martins Polska S.A.","payment:cards":"yes","payment:cash":"yes","payment:credit_cards":"yes","payment:debit_cards":"yes","shop":"supermarket","website":"https://www.biedronka.pl/pl/shop,id,960","wheelchair":"yes"}},
{"type":"Feature","geometry":{"type":"Point","coordinates":[18.5826287,54.3952297]},"properties":{"amenity":"parking_entrance","parking":"underground"}},
{"type":"Feature","geometry":{"type":"Point","coordinates":[18.6130252,54.3749467]},"properties":{"addr:city":"Gdańsk","addr:housenumber":"11","addr:postcode":"80-227","addr:street":"Do Studzienki","brand":"Żabka","brand:wikidata":"Q2589061","brand:wikipedia":"pl:Żabka (sieć sklepów)","contact:phone":"+48583417274","name":"Żabka","name:pl":"Żabka","name:uk":"Жабка","opening_hours":"PH,Mo-Su 06:00-23:00","payment:cash":"yes","payment:credit_cards":"yes","payment:debit_cards":"yes","payment:mastercard":"yes","payment:visa":"yes","payment:visa_debit":"yes","payment:visa_electron":"yes","shop":"convenience","source":"notes"}},
{"type":"Feature","geometry":{"type":"Point","coordinates":[18.6114215,54.4040661]},"properties":{"brand":"Żabka","brand:wikidata":"Q2589061","name":"Żabka","name:pl":"Żabka","name:uk":"Жабка","shop":"convenience"}},
{"type":"Feature","geometry":{"type":"Point","coordinates":[18.6246354,54.3505809]},"properties":{"brand":"abc","brand:wikidata":"Q11683985","brand:wikipedia":"pl:Abc (sieć handlowa)","name":"abc","shop":"convenience"}},
{"type":"Feature","geometry":{"type":"Point","coordinates":[18.6141265,54.3500197]},"properties":{"addr:city":"Gdańsk","addr:housenumber":"2","addr:postcode":"80-134","addr:street":"Seweryna Goszczyńskiego","name":"Drewno Hermanowska","opening_hours":"Mo-Fr 08:00-18:00; Sa 09:00-14:00","shop":"convenience"}},
{"type":"Feature","geometry":{"type":"Point","coordinates":[18.6023153,54.4119539]},"properties":{"addr:city":"Gdańsk","addr:country":"PL","addr:housenumber":"20","addr:postcode":"80-365","addr:street":"Prezydenta Lecha Kaczyńskiego","brand":"Biedronka","brand:wikidata":"Q857182","brand:wikipedia":"pl:Biedronka (sieć handlowa)","email":"bok@biedronka.eu","name":"Biedronka","name:ru":"Бедронка","opening_hours":"Mo-Fr 07:00-22:00; Su 08:00-20:00","operator":"Jeronimo Martins Polska S.A.","payment:blik":"yes","payment:cash":"yes","payment:contactless":"yes","payment:diners_club":"yes","payment:maestro":"yes","payment:mastercard":"yes","payment:sodexo":"yes","payment:v_pay":"yes","payment:visa":"yes","payment:visa_debit":"yes","payment:visa_electron":"yes","phone":"+48 22 205 33 00","shop":"supermarket","website":"https://www.biedronka.pl"}},
{"type":"Feature","geometry":{"type":"Point","coordinates":[18.6161473,54.3754358]},"properties":{"brand":"Lewiatan","brand:wikidata":"Q11755396","brand:wikipedia":"pl:Lewiatan (sieć handlowa)","check_date":"2025-07-04","name":"Lewiatan","opening_hours":"Mo-Fr 06:00-21:00; Sa 07:00-20:00; Su 10:00-16:00","shop":"convenience","source":"notes","wheelchair":"limited"}},
{"type":"Feature","geometry":{"type":"Point","coordinates":[18.6230299,54.3884604]},"properties":{"brand":"Biedronka","brand:wikidata":"Q857182","brand:wikipedia":"pl:Biedronka (sieć handlowa)","email":"bok@biedronka.eu","name":"Biedronka","name:ru":"Бедронка","opening_hours":"Mo-Sa 06:00-23:00; Su 09:00-20:00","operator":"Jeronimo Martins Polska S.A.","shop":"supermarket","website":"https://www.biedronka.pl/pl/shop,id,470"}},
{"type":"Feature","geometry":{"type":"Point","coordinates":[18.489607,54.4252198]},"properties":{"entrance":"yes"}},
{"type":"Feature","geometry":{"type":"Point","coordinates":[18.4900237,54.4257922]},"properties":{"entrance":"yes"}},
{"type":"Feature","geometry":{"type":"Point","coordinates":[18.4907353,54.4268993]},"properties":{"entrance":"yes"}},
{"type":"Feature","geometry":{"type":"Point","coordinates":[18.6078307,54.3692721]},"properties":{"addr:city":"Gdańsk","addr:housenumber":"115A","addr:postcode":"80-226","addr:street":"Romualda Traugutta","name":"Karol","operator":"odido","shop":"convenience","wheelchair":"yes"}},
{"type":"Feature","geometry":{"type":"Point","coordinates":[18.6051882,54.3774181]},"properties":{"addr:city":"Gdańsk","addr:housenumber":"14/101","addr:street":"Partyzantów","brand":"Żabka","brand:wikidata":"Q2589061","brand:wikipedia":"pl:Żabka (sieć sklepów)","cash_withdrawal":"yes","check_date":"2025-07-23","check_date:opening_hours":"2022-08-14","name":"Żabka","name:uk":"Жабка","opening_hours":"Mo-Su 06:00-23:00","payment:american_express":"yes","payment:apple_pay":"yes","payment:blik":"yes","payment:contactless":"yes","payment:diners_club":"yes","payment:google_pay":"yes","payment:maestro":"yes","payment:visa":"yes","payment:visa_debit":"yes","payment:visa_electron":"yes","shop":"convenience","website":"https://www.zabka.pl/"}},
{"type":"Feature","geometry":{"type":"Point","coordinates":[18.5824952,54.3640956]},"properties":{"addr:floor":"0","brand":"Żabka","brand:wikidata":"Q2589061","brand:wikipedia":"pl:Żabka (sieć sklepów)","check_date":"2025-03-10","internet_access":"no","level":"0","name":"Żabka","name:pl":"Żabka","name:uk":"Жабка","opening_hours":"Mo-Sa 06:00-23:00; Su 11:00-20:00","payment:mastercard":"yes","payment:visa":"yes","shop":"convenience","wheelchair":"yes"}},
{"type":"Feature","geometry":{"type":"Point","coordinates":[18.5588181,54.340926]},"properties":{"name":"Sklep spożywczo-przemysłowy","shop":"convenience"}},
{"type":"Feature","geometry":{"type":"Point","coordinates":[18.564526999999999,54.3384502]},"properties":{"brand":"Żabka","brand:wikidata":"Q2589061","brand:wikipedia":"pl:Żabka (sieć sklepów)","name":"Żabka","opening_hours":"Mo-Su 06:00-23:00","shop":"convenience"}},
{"type":"Feature","geometry":{"type":"Point","coordinates":[18.5664906,54.3385459]},"properties":{"brand":"Żabka","brand:wikidata":"Q2589061","brand:wikipedia":"pl:Żabka (sieć sklepów)","name":"Żabka","opening_hours":"Mo-Su 06:00-23:00","shop":"convenience"}},
{"type":"Feature","geometry":{"type":"Point","coordinates":[18.5663629,54.3406077]},"properties":{"addr:city":"Gdańsk","addr:housenumber":"33A/A","addr:postcode":"80-177","addr:street":"Damroki","name":"Dom Piwa","shop":"convenience"}},
{"type":"Feature","geometry":{"type":"Point","coordinates":[18.5658573,54.3387629]},"properties":{"name":"U Gosi","shop":"convenience"}},
{"type":"Feature","geometry":{"type":"Point","coordinates":[18.7222497,54.2926651]},"properties":{"shop":"convenience"}},
{"type":"Feature","geometry":{"type":"Point","coordinates":[18.6821837,54.3573768]},"properties":{"brand":"Lewiatan","brand:wikidata":"Q11755396","name":"Lewiatan","shop":"convenience","website":"https://www.lewiatan.pl/znajdz-sklep/lewiatan-gdansk-siennicka-26"}},
{"type":"Feature","geometry":{"type":"Point","coordinates":[18.6070871,54.3776461]},"properties":{"entrance":"main"}},
{"type":"Feature","geometry":{"type":"Point","coordinates":[18.5946857,54.3516226]},"properties":{"access":"yes","entrance":"main"}},
{"type":"Feature","geometry":{"type":"Point","coordinates":[18.5829377,54.3582984]},"properties":{"access":"yes","entrance":"main"}},
{"type":"Feature","geometry":{"type":"Point","coordinates":[18.553239,54.3187284]},"properties":{"entrance":"yes"}},
{"type":"Feature","geometry":{"type":"Point","coordinates":[18.5516308,54.3190388]},"properties":{"entrance":"yes"}},
{"type":"Feature","geometry":{"type":"Point","coordinates":[18.7080313,54.3589485]},"properties":{"brand":"abc","name":"Falck","shop":"convenience"}},
{"type":"Feature","geometry":{"type":"Point","coordinates":[18.4262481,54.3854985]},"properties":{"name":"U Krystyny","shop":"convenience"}},
{"type":"Feature","geometry":{"type":"Point","coordinates":[18.5761068,54.3206932]},"properties":{"name":"Pod Filarami","opening_hours":"Mo-Fr 06:30-22:00; Sa 09:00-22:30; Su 09:00-22:00","shop":"convenience"}},
{"type":"Feature","geometry":{"type":"Point","coordinates":[18.6273847,54.3581968]},"properties":{"brand":"Odido","brand:wikidata":"Q106947294","name":"odido Karolinka","opening_hours":"Mo-Fr 07:00-22:00;Sa 07:30-22:00;Su 08:30-22:00","shop":"convenience"}},
{"type":"Feature","geometry":{"type":"Point","coordinates":[18.6266406,54.3587077]},"properties":{"addr:city":"Gdańsk","addr:housenumber":"8/2","addr:postcode":"80-156","addr:street":"Marszałka Ferdynanda Focha","brand":"Żabka","brand:wikidata":"Q2589061","brand:wikipedia":"pl:Żabka (sieć sklepów)","name":"Żabka","name:pl":"Żabka","name:uk":"Жабка","opening_hours":"Mo-Su 06:00-23:00","shop":"convenience"}},
{"type":"Feature","geometry":{"type":"Point","coordinates":[18.4915753,54.3583994]},"properties":{"brand":"Żabka","brand:wikidata":"Q2589061","brand:wikipedia":"pl:Żabka (sieć sklepów)","check_date":"2024-03-27","name":"Żabka","name:pl":"Żabka","name:uk":"Жабка","shop":"convenience"}},
{"type":"Feature","geometry":{"type":"Point","coordinates":[18.6559042,54.3509776]},"properties":{"brand":"Żabka","brand:wikidata":"Q2589061","brand:wikipedia":"pl:Żabka (sieć sklepów)","contact:website":"http://zabka.pl/","name":"Żabka","name:pl":"Żabka","name:uk":"Жабка","opening_hours":"Mo-Su 06:00-23:00","operator":"Żabka","panoramax":"c5a79d4b-0406-420a-a5ee-1d2527c656f1","shop":"convenience"}},
{"type":"Feature","geometry":{"type":"Point","coordinates":[18.6501428,54.3514223]},"properties":{"addr:floor":"0","brand":"Żabka","brand:wikidata":"Q2589061","brand:wikipedia":"pl:Żabka (sieć sklepów)","check_date":"2025-08-10","contact:website":"http://zabka.pl/","level":"0","name":"Żabka","name:pl":"Żabka","name:uk":"Жабка","opening_hours":"Mo-Su 06:00-23:00","operator":"Żabka","payment:cash":"yes","payment:maestro":"yes","payment:mastercard":"yes","payment:visa":"yes","shop":"convenience","wheelchair":"no"}},
{"type":"Feature","geometry":{"type":"Point","coordinates":[18.6546513,54.3424916]},"properties":{"brand":"Żabka","brand:wikidata":"Q2589061","brand:wikipedia":"pl:Żabka (sieć sklepów)","check_date:opening_hours":"2022-01-31","name":"Żabka","name:en":"Żabka","name:pl":"Żabka","name:uk":"Жабка","opening_hours":"Mo-Su 06:00-23:00","shop":"convenience","source":"survey"}},
{"type":"Feature","geometry":{"type":"Point","coordinates":[18.5060426,54.3366445]},"properties":{"brand":"abc","brand:wikidata":"Q11683985","brand:wikipedia":"pl:Abc (sieć handlowa)","name":"abc","shop":"convenience"}},
{"type":"Feature","geometry":{"type":"Point","coordinates":[18.5673522,54.4085342]},"properties":{"brand":"Biedronka","brand:wikidata":"Q857182","check_date":"2025-03-24","email":"bok@biedronka.eu","name":"Biedronka","name:ru":"Бедронка","opening_hours":"Mo-Sa 06:00-21:00; Su 09:00-20:00","operator":"Jeronimo Martins Polska S.A.","shop":"supermarket","website":"https://www.biedronka.pl/pl/shop,id,2581"}},
{"type":"Feature","geometry":{"type":"Point","coordinates":[18.4802774,54.4182526]},"properties":{"brand":"Żabka","brand:wikidata":"Q2589061","name":"Żabka","name:pl":"Żabka","name:uk":"Жабка","shop":"convenience"}},
{"type":"Feature","geometry":{"type":"Point","coordinates":[18.6547489,54.3511862]},"properties":{"brand":"Biedronka","brand:wikidata":"Q857182","brand:wikipedia":"pl:Biedronka (sieć handlowa)","email":"bok@biedronka.eu","name":"Biedronka","name:ru":"Бедронка","operator":"Jeronimo Martins Polska S.A.","shop":"supermarket","website":"https://www.biedronka.pl/pl/shop,id,2582","wheelchair":"yes"}},
{"type":"Feature","geometry":{"type":"Point","coordinates":[18.6288589,54.3662408]},"properties":{"brand":"Carrefour Express","brand:wikidata":"Q2940190","brand:wikipedia":"fr:Carrefour Express","check_date:opening_hours":"2025-04-15","name":"Carrefour Express","opening_hours":"Mo-Sa 06:00-22:00; Su 09:00-17:00","shop":"convenience"}},
{"type":"Feature","geometry":{"type":"Point","coordinates":[18.5920859,54.4165882]},"properties":{"name":"Merkus","shop":"convenience"}},
{"type":"Feature","geometry":{"type":"Point","coordinates":[18.6143515,54.3752674]},"properties":{"entrance":"main"}},
{"type":"Feature","geometry":{"type":"Point","coordinates":[18.6000736,54.3305011]},"properties":{"brand":"Żabka","brand:wikidata":"Q2589061","brand:wikipedia":"pl:Żabka (sieć sklepów)","check_date:opening_hours":"2024-07-23","name":"Żabka","opening_hours":"Mo-Su 06:00-23:00","shop":"convenience"}},
{"type":"Feature","geometry":{"type":"Point","coordinates":[18.6083354,54.3817881]},"properties":{"addr:city":"Gdańsk","addr:housenumber":"12","addr:postcode":"80-437","addr:street":"Wajdeloty","brand":"Biedronka","brand:wikidata":"Q857182","brand:wikipedia":"pl:Biedronka (sieć handlowa)","email":"bok@biedronka.eu","name":"Biedronka","name:ru":"Бедронка","opening_hours":"Mo-Sa 07:00-22:00","opening_hours:signed":"no","operator":"Jeronimo Martins Polska S.A.","shop":"supermarket","website":"https://www.biedronka.pl/pl/shop,id,2554"}},
{"type":"Feature","geometry":{"type":"Point","coordinates":[18.5686315,54.3176085]},"properties":{"brand":"Biedronka","brand:wikidata":"Q857182","brand:wikipedia":"pl:Biedronka (sieć handlowa)","email":"bok@biedronka.eu","name":"Biedronka","name:ru":"Бедронка","opening_hours":"Mo-Sa 06:00-21:00; Su 9:00-20:00; Su tylko w handlową","operator":"Jeronimo Martins Polska S.A.","shop":"supermarket","website":"https://www.biedronka.pl/pl/shop,id,2603"}},
{"type":"Feature","geometry":{"type":"Point","coordinates":[18.6281574,54.3407148]},"properties":{"shop":"convenience"}},
{"type":"Feature","geometry":{"type":"Point","coordinates":[18.6270191,54.3416498]},"properties":{"addr:street":"Jana Styp-Rekowskiego","shop":"convenience"}},
{"type":"Feature","geometry":{"type":"Point","coordinates":[18.6259466,54.3417611]},"properties":{"brand":"Żabka","brand:wikidata":"Q2589061","name":"Żabka","name:pl":"Żabka","name:uk":"Жабка","shop":"convenience"}},
{"type":"Feature","geometry":{"type":"Point","coordinates":[18.4919627,54.4258779]},"properties":{"addr:city":"Gdańsk","addr:housenumber":"48","addr:postcode":"80-299","addr:street":"Spacerowa","brand":"Auchan","brand:wikidata":"Q758603","brand:wikipedia":"en:Auchan","name":"Auchan","opening_hours":"Mo-Sa 07:30-22:00; Su 08:00-21:00; PH off","operator":"Auchan Polska sp. z o.o.","shop":"supermarket","website":"https://www.auchan.pl/"}},
{"type":"Feature","geometry":{"type":"Point","coordinates":[18.5972519,54.3212646]},"properties":{"addr:city":"Gdańsk","addr:country":"PL","addr:housenumber":"50","addr:postcode":"80-180","addr:street":"Świętokrzyska","brand":"Netto","brand:wikidata":"Q552652","brand:wikipedia":"en:Netto (store)","contact:website":"https://netto.pl/sklepy/gdansk/swietokrzyska-50/9f5e20fb9b5c410ab1d25a5dd267bc53/","name":"Netto","opening_hours":"Mo-Sa 06:00-22:00;Su 08:00-20:00","operator":"Netto Sp. z o.o.","shop":"supermarket"}},
{"type":"Feature","geometry":{"type":"Point","coordinates":[18.5255688,54.3511122]},"properties":{"addr:city":"Gdańsk","addr:housenumber":"3","addr:postcode":"80-176","addr:street":"Szczęśliwa","branch":"Gdańsk","brand":"Auchan","brand:wikidata":"Q758603","brand:wikipedia":"en:Auchan","name":"Auchan","opening_hours":"Mo-Sa 07:30-22:00; Su 08:00-21:00","operator":"Auchan Polska Sp. z o.o.","shop":"supermarket","website":"https://www.auchangdansk.pl/"}},
{"type":"Feature","geometry":{"type":"Point","coordinates":[18.5188931,54.3714981]},"properties":{"barrier":"gate","motor_vehicle":"yes"}},
{"type":"Feature","geometry":{"type":"Point","coordinates":[18.6198721,54.3654338]},"properties":{"level":"1","name":"QuQu","shop":"convenience"}},
{"type":"Feature","geometry":{"type":"Point","coordinates":[18.5931359,54.3899784]},"properties":{"addr:city":"Gdańsk","addr:housenumber":"65","addr:postcode":"80-465","addr:street":"Franciszka Hynka","brand":"Żabka","brand:wikidata":"Q2589061","brand:wikipedia":"pl:Żabka (sieć sklepów)","name":"Żabka","name:pl":"Żabka","name:uk":"Жабка","opening_hours":"Mo-Su 06:00-23:00","shop":"convenience","source":"survey","survey:date":"2015-06-11"}},
{"type":"Feature","geometry":{"type":"Point","coordinates":[18.6323501,54.3504043]},"properties":{"addr:city":"Gdańsk","addr:housenumber":"26","addr:street":"Kartuska","brand":"Biedronka","brand:wikidata":"Q857182","brand:wikipedia":"pl:Biedronka (sieć handlowa)","email":"bok@biedronka.eu","name":"Biedronka","name:ru":"Бедронка","opening_hours":"Mo-Fr 07:00-21:00; Sa 07:00-21:00; Su 09:00-20:00","operator":"Jeronimo Martins Polska S.A.","shop":"supermarket","website":"https://www.biedronka.pl"}},
{"type":"Feature","geometry":{"type":"Point","coordinates":[18.5181158,54.371949]},"properties":{"access":"yes","amenity":"parking_entrance","parking":"underground"}},
{"type":"Feature","geometry":{"type":"Point","coordinates":[18.5208133,54.371727]},"properties":{"entrance":"yes"}},
{"type":"Feature","geometry":{"type":"Point","coordinates":[18.5570508,54.4086051]},"properties":{"brand":"Żabka","brand:wikidata":"Q2589061","check_date":"2025-06-25","name":"Żabka","name:pl":"Żabka","name:uk":"Жабка","opening_hours":"Mo-Su 06:00-23:00","shop":"convenience"}},
{"type":"Feature","geometry":{"type":"Point","coordinates":[18.6166419,54.3414851]},"properties":{"shop":"convenience"}},
{"type":"Feature","geometry":{"type":"Point","coordinates":[18.6168253,54.3412029]},"properties":{"brand":"Żabka","brand:wikidata":"Q2589061","brand:wikipedia":"pl:Żabka (sieć sklepów)","name":"Żabka","shop":"convenience"}},
{"type":"Feature","geometry":{"type":"Point","coordinates":[18.6610529,54.4002395]},"properties":{"addr:city":"Gdańsk","addr:housenumber":"28","addr:street":"Wyzwolenia","brand":"Livio","brand:wikidata":"Q108599511","name":"Livio","opening_hours":"Mo-Su 09:00-21:30","shop":"supermarket"}},
{"type":"Feature","geometry":{"type":"Point","coordinates":[18.6258351,54.3379811]},"properties":{"addr:city":"Gdańsk","addr:housenumber":"44","addr:street":"Stanisława Worcella","brand":"Biedronka","brand:wikidata":"Q857182","brand:wikipedia":"pl:Biedronka (sieć handlowa)","email":"bok@biedronka.eu","name":"Biedronka","name:ru":"Бедронка","operator":"Jeronimo Martins Polska S.A.","shop":"supermarket","website":"https://www.biedronka.pl/pl/shop,id,2660"}},
{"type":"Feature","geometry":{"type":"Point","coordinates":[18.6125107,54.3360617]},"properties":{"name":"Mega Supermarket","shop":"convenience"}},
{"type":"Feature","geometry":{"type":"Point","coordinates":[18.6126765,54.3369225]},"properties":{"brand":"Lewiatan","brand:wikidata":"Q11755396","level":"0","name":"Lewiatan","opening_hours":"Mo-Sa 07:00-22:00; Su 10:00-20:00","shop":"convenience"}},
{"type":"Feature","geometry":{"type":"Point","coordinates":[18.5493176,54.3318109]},"properties":{"brand":"Żabka","brand:wikidata":"Q2589061","brand:wikipedia":"pl:Żabka (sieć sklepów)","name":"Żabka","name:pl":"Żabka","name:uk":"Жабка","shop":"convenience"}},
{"type":"Feature","geometry":{"type":"Point","coordinates":[18.5617026,54.3415913]},"properties":{"addr:city":"Gdańsk","addr:housenumber":"9","addr:postcode":"80-177","addr:street":"Pólnicy","brand":"Stokrotka","brand:wikidata":"Q9345945","brand:wikipedia":"pl:Stokrotka (sieć handlowa)","name":"Stokrotka","opening_hours":"Mo-Sa 07:00-21:30; Su 08:00-20:00","operator":"Sano","shop":"supermarket"}},
{"type":"Feature","geometry":{"type":"Point","coordinates":[18.6165873,54.3857379]},"properties":{"addr:postcode":"80-423","addr:street":"Bolesława Chrobrego","brand":"Żabka","brand:wikidata":"Q2589061","name":"Żabka","name:pl":"Żabka","name:uk":"Жабка","opening_hours":"Mo-Sa 06:00-23:00; Su,PH 11:00-21:00","shop":"convenience","wheelchair":"yes"}},
{"type":"Feature","geometry":{"type":"Point","coordinates":[18.6019038,54.3566617]},"properties":{"brand":"Odido","brand:wikidata":"Q106947294","check_date":"2024-10-14","name":"Odido","opening_hours":"Mo-Fr 06:30-21:00; Sa 08:00-18:00","shop":"convenience","website":"https://www.sklepy-odido.pl/znajdz-sklep/roberta-schumana-120"}},
{"type":"Feature","geometry":{"type":"Point","coordinates":[18.5931979,54.3460254]},"properties":{"addr:city":"Gdańsk","addr:housenumber":"257","addr:postcode":"80-122","addr:street":"Kartuska","brand":"Biedronka","brand:wikidata":"Q857182","brand:wikipedia":"pl:Biedronka (sieć handlowa)","name":"Biedronka","shop":"supermarket","website":"https://www.biedronka.pl/pl/shop,id,3519"}},
{"type":"Feature","geometry":{"type":"Point","coordinates":[18.4803645,54.4326191]},"properties":{"name":"Polo Market","shop":"supermarket"}},
{"type":"Feature","geometry":{"type":"Point","coordinates":[18.4013466,54.3941283]},"properties":{"addr:city":"Banino","addr:housenumber":"3","addr:postcode":"80-297","addr:street":"Borowiecka","brand":"Żabka","brand:wikidata":"Q2589061","brand:wikipedia":"pl:Żabka (sieć sklepów)","level":"0","lottery":"yes","name":"Żabka","name:pl":"Żabka","name:uk":"Жабка","opening_hours":"Mo-Sa 06:00-23:00; Su 10:00-20:00","shop":"convenience","start_date":"2024-11-27","website":"https://www.zabka.pl/","wheelchair":"limited"}},
{"type":"Feature","geometry":{"type":"Point","coordinates":[18.6024345,54.3824438]},"properties":{"entrance":"main"}},
{"type":"Feature","geometry":{"type":"Point","coordinates":[18.6126023,54.3376127]},"properties":{"addr:city":"Gdańsk","addr:housenumber":"1A","addr:postcode":"80-809","addr:street":"Władysława Cieszyńskiego","brand":"Biedronka","brand:wikidata":"Q857182","brand:wikipedia":"pl:Biedronka (sieć handlowa)","name":"Biedronka","opening_hours":"Mo-Sa 08:00-22:00; Su 09:00-21:00","shop":"supermarket","website":"https://www.biedronka.pl/pl/shop,id,3180"}},
{"type":"Feature","geometry":{"type":"Point","coordinates":[18.5890402,54.3789167]},"properties":{"brand":"Żabka","brand:wikidata":"Q2589061","brand:wikipedia":"pl:Żabka (sieć sklepów)","name":"Żabka","name:pl":"Żabka","name:uk":"Жабка","opening_hours":"Mo-Su 06:00-23:00","shop":"convenience"}},
{"type":"Feature","geometry":{"type":"Point","coordinates":[18.5707951,54.3877643]},"properties":{"brand":"Lewiatan","brand:wikidata":"Q11755396","brand:wikipedia":"pl:Lewiatan (sieć handlowa)","name":"Lewiatan","opening_hours":"Mo-Sa 06:30-21:30; Su 09:00-19:00","shop":"convenience","website":"https://www.lewiatan.pl/znajdz-sklep/lewiatan-gdansk-piotra-norblina-23"}},
{"type":"Feature","geometry":{"type":"Point","coordinates":[18.6311909,54.3213969]},"properties":{"addr:city":"Gdańsk","addr:housenumber":"149","addr:postcode":"80-017","addr:street":"Trakt Świętego Wojciecha","brand":"Biedronka","brand:wikidata":"Q857182","brand:wikipedia":"pl:Biedronka (sieć handlowa)","email":"bok@biedronka.eu","name":"Biedronka","name:ru":"Бедронка","operator":"Jeronimo Martins Polska S.A.","shop":"supermarket","website":"https://www.biedronka.pl/pl/shop,id,2583"}},
{"type":"Feature","geometry":{"type":"Point","coordinates":[18.5990696,54.3785037]},"properties":{"check_date":"2024-08-22","email":"markety.kami@gmail.com","name":"Market Kami","opening_hours":"Mo-Sa 07:00-22:30; Su 10:00-21:00","phone":"+48 58 624 19 08","shop":"convenience","website":"https://www.marketkami.pl/","wheelchair":"yes"}},
{"type":"Feature","geometry":{"type":"Point","coordinates":[18.588701,54.4116932]},"properties":{"addr:city":"Gdańsk","addr:housenumber":"24","addr:postcode":"80-375","addr:street":"Chłopska","brand":"Żabka","brand:wikidata":"Q2589061","cafe":"yes","name":"Żabka","name:pl":"Żabka","name:uk":"Жабка","opening_hours":"Mo-Su 06:00-23:00","shop":"convenience","wheelchair":"yes"}},
{"type":"Feature","geometry":{"type":"Point","coordinates":[18.5915819,54.4126986]},"properties":{"addr:city":"Gdańsk","addr:housenumber":"2 A","addr:postcode":"80-371","addr:street":"Jagiellońska","brand":"Biedronka","brand:wikidata":"Q857182","brand:wikipedia":"pl:Biedronka (sieć handlowa)","email":"bok@biedronka.eu","name":"Biedronka","name:ru":"Бедронка","operator":"Jeronimo Martins Polska S.A.","payment:blik":"yes","payment:cash":"yes","payment:contactless":"yes","payment:diners_club":"yes","payment:maestro":"yes","payment:mastercard":"yes","payment:sodexo":"yes","payment:v_pay":"yes","payment:visa":"yes","payment:visa_debit":"yes","payment:visa_electron":"yes","phone":"+48 22 205 33 00","shop":"supermarket","website":"https://www.biedronka.pl/pl/shop,id,1554"}},
{"type":"Feature","geometry":{"type":"Point","coordinates":[18.6063556,54.3821423]},"properties":{"entrance":"main"}},
{"type":"Feature","geometry":{"type":"Point","coordinates":[18.6061492,54.3820326]},"properties":{"amenity":"parking_entrance"}},
{"type":"Feature","geometry":{"type":"Point","coordinates":[18.6603358,54.3995993]},"properties":{"addr:city":"Gdańsk","addr:housenumber":"26","addr:street":"Wyzwolenia","brand":"Biedronka","brand:wikidata":"Q857182","brand:wikipedia":"pl:Biedronka (sieć handlowa)","email":"bok@biedronka.eu","name":"Biedronka","name:ru":"Бедронка","opening_hours":"Mo-Sa 07:00-21:00; Su 09:00-20:00","operator":"Jeronimo Martins Polska S.A.","payment:blik":"yes","payment:cash":"yes","payment:contactless":"yes","payment:diners_club":"yes","payment:maestro":"yes","payment:mastercard":"yes","payment:sodexo":"yes","payment:v_pay":"yes","payment:visa":"yes","payment:visa_debit":"yes","payment:visa_electron":"yes","phone":"+48 22 205 33 00","shop":"supermarket","website":"https://www.biedronka.pl/pl/shop,id,1859"}},
{"type":"Feature","geometry":{"type":"Point","coordinates":[18.6694566,54.3994729]},"properties":{"addr:city":"Gdańsk","addr:housenumber":"8","addr:street":"Wolności","brand":"Biedronka","brand:wikidata":"Q857182","brand:wikipedia":"pl:Biedronka (sieć handlowa)","email":"bok@biedronka.eu","name":"Biedronka","name:ru":"Бедронка","opening_hours":"Mo-Sa 07:00-21:00; Su 09:00-20:00","operator":"Jeronimo Martins Polska S.A.","payment:blik":"yes","payment:cash":"yes","payment:contactless":"yes","payment:diners_club":"yes","payment:maestro":"yes","payment:mastercard":"yes","payment:sodexo":"yes","payment:v_pay":"yes","payment:visa":"yes","payment:visa_debit":"yes","payment:visa_electron":"yes","phone":"+48 22 205 33 00","shop":"supermarket","website":"https://www.biedronka.pl"}},
{"type":"Feature","geometry":{"type":"Point","coordinates":[18.5242071,54.3526027]},"properties":{"entrance":"yes"}},
{"type":"Feature","geometry":{"type":"Point","coordinates":[18.5252986,54.3529951]},"properties":{"access":"no","entrance":"emergency"}},
{"type":"Feature","geometry":{"type":"Point","coordinates":[18.5246918,54.3507556]},"properties":{"entrance":"yes"}},
{"type":"Feature","geometry":{"type":"Point","coordinates":[18.5593433,54.3226899]},"properties":{"addr:city":"Gdańsk","addr:housenumber":"66","addr:postcode":"80-180","addr:street":"Konrada Guderskiego","brand":"Żabka","brand:wikidata":"Q2589061","brand:wikipedia":"pl:Żabka (sieć sklepów)","name":"Żabka","name:pl":"Żabka","name:uk":"Жабка","shop":"convenience"}},
{"type":"Feature","geometry":{"type":"Point","coordinates":[18.5204423,54.3720703]},"properties":{"entrance":"yes"}},
{"type":"Feature","geometry":{"type":"Point","coordinates":[18.5202574,54.3726448]},"properties":{"entrance":"yes"}},
{"type":"Feature","geometry":{"type":"Point","coordinates":[18.6126678,54.3905061]},"properties":{"brand":"Biedronka","brand:wikidata":"Q857182","brand:wikipedia":"pl:Biedronka (sieć handlowa)","email":"bok@biedronka.eu","name":"Biedronka","name:ru":"Бедронка","opening_hours":"Mo-Sa 07:00-21:00; Su 09:00-20:00","operator":"Jeronimo Martins Polska S.A.","shop":"supermarket","website":"https://www.biedronka.pl"}},
{"type":"Feature","geometry":{"type":"Point","coordinates":[18.6133107,54.3929725]},"properties":{"addr:city":"Gdańsk","addr:housenumber":"9/3","addr:postcode":"80-464","addr:street":"Stefana Drzewieckiego","brand":"Żabka","brand:wikidata":"Q2589061","brand:wikipedia":"pl:Żabka (sieć sklepów)","name":"Żabka","name:pl":"Żabka","name:uk":"Жабка","opening_hours":"Mo-Su 06:00-23:00","shop":"convenience"}},
{"type":"Feature","geometry":{"type":"Point","coordinates":[18.5971019,54.3065978]},"properties":{"addr:postcode":"80-180","brand":"Żabka","brand:wikidata":"Q2589061","brand:wikipedia":"pl:Żabka (sieć sklepów)","name":"Żabka","name:pl":"Żabka","name:uk":"Жабка","opening_hours":"Mo-Su 06:00-23:00","shop":"convenience"}},
{"type":"Feature","geometry":{"type":"Point","coordinates":[18.6084535,54.3947458]},"properties":{"addr:city":"Gdańsk","addr:housenumber":"9","addr:postcode":"80-462","addr:street":"Zbigniewa Burzyńskiego","brand":"Żabka","brand:wikidata":"Q2589061","name":"Żabka","name:pl":"Żabka","name:uk":"Жабка","opening_hours":"Mo-Su 06:00-22:00","shop":"convenience"}},
{"type":"Feature","geometry":{"type":"Point","coordinates":[18.6750475,54.3995249]},"properties":{"shop":"convenience"}},
{"type":"Feature","geometry":{"type":"Point","coordinates":[18.6730467,54.4017778]},"properties":{"shop":"convenience"}},
{"type":"Feature","geometry":{"type":"Point","coordinates":[18.6684516,54.3994947]},"properties":{"shop":"convenience"}},
{"type":"Feature","geometry":{"type":"Point","coordinates":[18.6468946,54.3521314]},"properties":{"brand":"Żabka","brand:wikidata":"Q2589061","brand:wikipedia":"pl:Żabka (sieć sklepów)","check_date":"2025-08-08","name":"Żabka","name:pl":"Żabka","name:uk":"Жабка","opening_hours":"Mo-Sa 06:00-23:00; Su 11:00-21:00","operator":"Żabka","shop":"convenience"}},
{"type":"Feature","geometry":{"type":"Point","coordinates":[18.6011225,54.4041641]},"properties":{"brand":"Biedronka","brand:wikidata":"Q857182","brand:wikipedia":"pl:Biedronka (sieć handlowa)","email":"bok@biedronka.eu","name":"Biedronka","name:ru":"Бедронка","opening_hours":"Mo-Sa 07:00-22:00; Su 09:00-20:00","operator":"Jeronimo Martins Polska S.A.","payment:blik":"yes","payment:cash":"yes","payment:contactless":"yes","payment:diners_club":"yes","payment:maestro":"yes","payment:mastercard":"yes","payment:sodexo":"yes","payment:v_pay":"yes","payment:visa":"yes","payment:visa_debit":"yes","payment:visa_electron":"yes","phone":"+48 22 205 33 00","shop":"supermarket","website":"https://www.biedronka.pl/pl/shop,id,2130"}},
{"type":"Feature","geometry":{"type":"Point","coordinates":[18.6066642,54.3536956]},"properties":{"addr:housenumber":"9","addr:street":"Ignacego Paderewskiego","brand":"Żabka","brand:wikidata":"Q2589061","check_date":"2024-09-28","name":"Żabka","name:pl":"Żabka","name:uk":"Жабка","opening_hours":"Mo-Sa 06:00-23:00; Su 09:00-20:00","payment:cash":"yes","payment:credit_cards":"yes","payment:debit_cards":"yes","shop":"convenience"}},
{"type":"Feature","geometry":{"type":"Point","coordinates":[18.6333259,54.3755842]},"properties":{"addr:city":"Gdańsk","addr:housenumber":"16","addr:postcode":"80-871","addr:street":"Twarda","name":"ABC","shop":"convenience"}},
{"type":"Feature","geometry":{"type":"Point","coordinates":[18.5702175,54.4071792]},"properties":{"brand":"Żabka","brand:wikidata":"Q2589061","name":"Żabka","name:pl":"Żabka","name:uk":"Жабка","opening_hours":"Mo-Su 06:00-23:00","shop":"convenience"}},
{"type":"Feature","geometry":{"type":"Point","coordinates":[18.5669726,54.3294085]},"properties":{"brand":"Żabka","brand:wikidata":"Q2589061","brand:wikipedia":"pl:Żabka (sieć sklepów)","name":"Żabka","shop":"convenience"}},
{"type":"Feature","geometry":{"type":"Point","coordinates":[18.5650607,54.3313107]},"properties":{"brand":"Żabka","brand:wikidata":"Q2589061","brand:wikipedia":"pl:Żabka (sieć sklepów)","name":"Żabka","name:en":"Żabka","name:pl":"Żabka","shop":"convenience"}},
{"type":"Feature","geometry":{"type":"Point","coordinates":[18.5654623,54.3313888]},"properties":{"brand":"Lewiatan","brand:wikidata":"Q11755396","brand:wikipedia":"pl:Lewiatan (sieć handlowa)","name":"Lewiatan","shop":"convenience"}},
{"type":"Feature","geometry":{"type":"Point","coordinates":[18.6492756,54.3549743]},"properties":{"brand":"Żabka","brand:wikidata":"Q2589061","brand:wikipedia":"pl:Żabka (sieć sklepów)","check_date:opening_hours":"2025-07-02","name":"Żabka","name:pl":"Żabka","name:uk":"Жабка","opening_hours":"Mo-Su 06:00-23:00","shop":"convenience","source":"survey"}},
{"type":"Feature","geometry":{"type":"Point","coordinates":[18.6492416,54.359245]},"properties":{"check_date":"2024-02-21","name":"Sklep spożywczo-monopolowy","shop":"convenience"}},
{"type":"Feature","geometry":{"type":"Point","coordinates":[18.4659996,54.3824082]},"properties":{"airside":"no","check_date":"2024-03-24","level":"0","name":"1 Minute","shop":"convenience"}},
{"type":"Feature","geometry":{"type":"Point","coordinates":[18.6193098,54.35697]},"properties":{"entrance":"main"}},
{"type":"Feature","geometry":{"type":"Point","coordinates":[18.5928046,54.3530378]},"properties":{"brand":"Carrefour","brand:wikidata":"Q217599","brand:wikipedia":"fr:Carrefour (enseigne)","level":"0","name":"Carrefour","opening_hours":"Mo-Sa 06:00-23:00","shop":"supermarket"}},
{"type":"Feature","geometry":{"type":"Point","coordinates":[18.5926667,54.351792]},"properties":{"access":"yes","entrance":"main"}},
{"type":"Feature","geometry":{"type":"Point","coordinates":[18.574076,54.4019859]},"properties":{"entrance":"main"}},
{"type":"Feature","geometry":{"type":"Point","coordinates":[18.5780998,54.4019864]},"properties":{"addr:city":"Gdańsk","addr:housenumber":"5/7","addr:postcode":"80-323","addr:street":"Kołobrzeska","brand":"Żabka","brand:wikidata":"Q2589061","brand:wikipedia":"pl:Żabka (sieć sklepów)","check_date":"2024-10-07","name":"Żabka","name:pl":"Żabka","name:uk":"Жабка","opening_hours":"Mo-Sa 06:00-23:00; Su 09:00-20:00","operator":"P.H.U. „Arbi” Anna Snaza","ref":"Z4750","shop":"convenience","website":"https://www.zabka.pl/znajdz-sklep/sklep/ID04750,gdansk-kolobrzeska-5-lok-7","wheelchair":"no"}},
{"type":"Feature","geometry":{"type":"Point","coordinates":[18.583823,54.3572469]},"properties":{"brand":"Żabka","brand:wikidata":"Q2589061","brand:wikipedia":"pl:Żabka (sieć sklepów)","check_date":"2025-03-11","name":"Żabka","name:pl":"Żabka","name:uk":"Жабка","opening_hours":"Mo-Su 06:00-23:00","shop":"convenience"}},
{"type":"Feature","geometry":{"type":"Point","coordinates":[18.6254177,54.4045978]},"properties":{"name":"abo TRES-BIS","opening_hours":"Mo-Fr 06:00-22:00; Sa 07:00-22:00; Su 10:00-20:00","shop":"convenience"}},
{"type":"Feature","geometry":{"type":"Point","coordinates":[18.5128437,54.3526599]},"properties":{"brand":"Żabka","brand:wikidata":"Q2589061","brand:wikipedia":"pl:Żabka (sieć sklepów)","cash_withdrawal":"yes","check_date":"2025-05-15","check_date:opening_hours":"2022-05-31","name":"Żabka","name:pl":"Żabka","name:uk":"Жабка","opening_hours":"Mo-Su 06:00-23:00","payment:american_express":"yes","payment:apple_pay":"yes","payment:blik":"yes","payment:contactless":"yes","payment:diners_club":"yes","payment:google_pay":"yes","payment:maestro":"yes","payment:visa":"yes","payment:visa_debit":"yes","payment:visa_electron":"yes","shop":"convenience","website":"https://www.zabka.pl/","wheelchair":"yes"}},
{"type":"Feature","geometry":{"type":"Point","coordinates":[18.5713306,54.4373557]},"properties":{"brand":"Lewiatan","brand:wikidata":"Q11755396","brand:wikipedia":"pl:Lewiatan (sieć handlowa)","name":"Lewiatan","shop":"supermarket","website":"https://www.lewiatan.pl/znajdz-sklep/lewiatan-sopot-3-maja-17"}},
{"type":"Feature","geometry":{"type":"Point","coordinates":[18.5713274,54.4025614]},"properties":{"addr:city":"Gdańsk","addr:housenumber":"472","addr:postcode":"80-309","addr:street":"Aleja Grunwaldzka","name":"1minute","opening_hours":"Mo-Fr 07:00-18:00","shop":"convenience"}},
{"type":"Feature","geometry":{"type":"Point","coordinates":[18.5688929,54.3371858]},"properties":{"entrance":"main"}},
{"type":"Feature","geometry":{"type":"Point","coordinates":[18.5561496,54.3507173]},"properties":{"entrance":"main"}},
{"type":"Feature","geometry":{"type":"Point","coordinates":[18.5238651,54.3512448]},"properties":{"entrance":"main"}},
{"type":"Feature","geometry":{"type":"Point","coordinates":[18.6022689,54.3781102]},"properties":{"check_date":"2025-07-23","disused:shop":"yes","name":"Asian Bazar","shop":"convenience"}},
{"type":"Feature","geometry":{"type":"Point","coordinates":[18.605303,54.3832687]},"properties":{"amenity":"parking_entrance","foot":"no"}},
{"type":"Feature","geometry":{"type":"Point","coordinates":[18.6052855,54.3833435]},"properties":{"amenity":"parking_entrance","foot":"no"}},
{"type":"Feature","geometry":{"type":"Point","coordinates":[18.6040676,54.3830361]},"properties":{"amenity":"parking_entrance"}},
{"type":"Feature","geometry":{"type":"Point","coordinates":[18.6044791,54.3826324]},"properties":{"entrance":"yes"}},
{"type":"Feature","geometry":{"type":"Point","coordinates":[18.6715073,54.4019526]},"properties":{"name":"Bár Cocktail","shop":"convenience"}},
{"type":"Feature","geometry":{"type":"Point","coordinates":[18.6736568,54.3980714]},"properties":{"alcohol":"yes","shop":"convenience"}},
{"type":"Feature","geometry":{"type":"Point","coordinates":[18.6619086,54.4007802]},"properties":{"alcohol":"yes","shop":"convenience"}},
{"type":"Feature","geometry":{"type":"Point","coordinates":[18.5116672,54.354825]},"properties":{"addr:city":"Gdańsk","addr:housenumber":"4","addr:postcode":"80-177","addr:street":"Storczykowa","brand":"Żabka","brand:wikidata":"Q2589061","name":"Żabka","name:pl":"Żabka","name:uk":"Жабка","opening_hours":"Mo-Su 6:00-23:00","shop":"convenience"}},
{"type":"Feature","geometry":{"type":"Point","coordinates":[18.6189737,54.3398805]},"properties":{"brand":"Żabka","brand:wikidata":"Q2589061","brand:wikipedia":"pl:Żabka (sieć sklepów)","name":"Żabka","name:pl":"Żabka","name:uk":"Жабка","shop":"convenience"}},
{"type":"Feature","geometry":{"type":"Point","coordinates":[18.6178448,54.3932267]},"properties":{"addr:city":"Gdańsk","addr:housenumber":"79A","addr:postcode":"80-414","addr:street":"Bolesława Chrobrego","brand":"Biedronka","brand:wikidata":"Q857182","brand:wikipedia":"pl:Biedronka (sieć handlowa)","email":"bok@biedronka.eu","name":"Biedronka","name:en":"Biedronka","name:pl":"Biedronka","name:ru":"Бедронка","opening_hours":"Mo-Fr 08:00-20:00; Sa 08:00-16:00","operator":"Jeronimo Martins Polska S.A.","shop":"supermarket","website":"https://www.biedronka.pl/pl/shop,id,3571"}},
{"type":"Feature","geometry":{"type":"Point","coordinates":[18.5571456,54.3305395]},"properties":{"addr:city":"Gdańsk","addr:housenumber":"29A","addr:postcode":"80-175","addr:street":"Jabłoniowa","brand":"Żabka","brand:wikidata":"Q2589061","brand:wikipedia":"pl:Żabka (sieć sklepów)","name":"Żabka","shop":"convenience"}},
{"type":"Feature","geometry":{"type":"Point","coordinates":[18.5774788,54.4119965]},"properties":{"addr:city":"Gdańsk","addr:housenumber":"61/63","addr:postcode":"80-384","addr:street":"Mściwoja II","name":"Kami","opening_hours":"Mo-Sa 08:00-22:30; Su 10:00-21:00","shop":"convenience"}},
{"type":"Feature","geometry":{"type":"Point","coordinates":[18.5958031,54.3272366]},"properties":{"brand":"Żabka","brand:wikidata":"Q2589061","brand:wikipedia":"pl:Żabka (sieć sklepów)","check_date":"2024-04-09","name":"Żabka","shop":"convenience"}},
{"type":"Feature","geometry":{"type":"Point","coordinates":[18.5610605,54.4343845]},"properties":{"brand":"Żabka","brand:wikidata":"Q2589061","brand:wikipedia":"pl:Żabka (sieć sklepów)","name":"Żabka","name:pl":"Żabka","name:uk":"Жабка","opening_hours":"Mo-Sa 06:00-23:00; PH,Su 10:00-20:00","shop":"convenience","wheelchair":"yes"}},
{"type":"Feature","geometry":{"type":"Point","coordinates":[18.6628532,54.3546946]},"properties":{"addr:city":"Gdańsk","addr:housenumber":"2/8","addr:postcode":"80-862","addr:street":"Stara Stocznia","brand":"Żabka","brand:wikidata":"Q2589061","brand:wikipedia":"pl:Żabka (sieć sklepów)","name":"Żabka","name:pl":"Żabka","name:uk":"Жабка","opening_hours":"Mo-Su 6:00-23:00","shop":"convenience","wheelchair":"no"}},
{"type":"Feature","geometry":{"type":"Point","coordinates":[18.5698749,54.4424211]},"properties":{"addr:city":"Sopot","addr:housenumber":"43","addr:postcode":"81-786","addr:street":"Fryderyka Chopina","brand":"Lewiatan","brand:wikidata":"Q11755396","brand:wikipedia":"pl:Lewiatan (sieć handlowa)","name":"Lewiatan","opening_hours":"Mo-Fr 06:30-23:00; Sa 07:00-23:00; Su 09:00-19:00","shop":"convenience","website":"https://www.lewiatan.pl/znajdz-sklep/lewiatan-sopot-fryderyka-chopina-43"}},
{"type":"Feature","geometry":{"type":"Point","coordinates":[18.6339617,54.33193]},"properties":{"check_date":"2024-10-15","name":"Sklep całodobowy \"Kaśka\"","shop":"convenience"}},
{"type":"Feature","geometry":{"type":"Point","coordinates":[18.6281993,54.387103]},"properties":{"brand":"Żabka","brand:wikidata":"Q2589061","brand:wikipedia":"pl:Żabka (sieć sklepów)","name":"Żabka","name:pl":"Żabka","name:uk":"Жабка","opening_hours":"Mo-Sa 06:00-23:00; Su 08:00-21:00","shop":"convenience"}},
{"type":"Feature","geometry":{"type":"Point","coordinates":[18.6250204,54.3879441]},"properties":{"shop":"convenience"}},
{"type":"Feature","geometry":{"type":"Point","coordinates":[18.6253201,54.3882036]},"properties":{"shop":"convenience"}},
{"type":"Feature","geometry":{"type":"Point","coordinates":[18.6101121,54.4028994]},"properties":{"brand":"Żabka","brand:wikidata":"Q2589061","name":"Żabka","name:pl":"Żabka","name:uk":"Жабка","opening_hours":"Mo-Su 06:00-23:00","shop":"convenience"}},
{"type":"Feature","geometry":{"type":"Point","coordinates":[18.6140122,54.381547]},"properties":{"addr:city":"Gdańsk","addr:housenumber":"28","addr:postcode":"80-433","addr:street":"Ludwika Waryńskiego","brand":"Żabka","brand:wikidata":"Q2589061","brand:wikipedia":"pl:Żabka (sieć sklepów)","check_date":"2025-03-06","name":"Żabka","name:pl":"Żabka","name:uk":"Жабка","opening_hours":"Mo-Sa 06:00-23:00; Su 11:00-22:00","shop":"convenience"}},
{"type":"Feature","geometry":{"type":"Point","coordinates":[18.6254743,54.3827423]},"properties":{"addr:city":"Gdańsk","addr:housenumber":"37/39","addr:postcode":"80-405","addr:street":"Adama Mickiewicza","brand":"Lewiatan","brand:wikidata":"Q11755396","brand:wikipedia":"pl:Lewiatan (sieć handlowa)","name":"Lewiatan","opening_hours":"Mo-Fr 06:00-21:00; Sa 07:00-20:00; Su 09:00-16:00","shop":"convenience","website":"https://www.lewiatan.pl/znajdz-sklep/lewiatan-gdansk-adama-mickiewicza-3739"}},
{"type":"Feature","geometry":{"type":"Point","coordinates":[18.6065677,54.3805215]},"properties":{"addr:city":"Gdańsk","addr:housenumber":"12","addr:postcode":"80-264","addr:street":"Romana Dmowskiego","brand":"Żabka","brand:wikidata":"Q2589061","brand:wikipedia":"pl:Żabka (sieć sklepów)","check_date":"2025-05-09","check_date:opening_hours":"2023-03-15","name":"Żabka","name:pl":"Żabka","name:uk":"Жабка","opening_hours":"Mo-Sa 06:00-23:00; Su 09:00-21:00","shop":"convenience","wheelchair":"yes"}},
{"type":"Feature","geometry":{"type":"Point","coordinates":[18.6319053,54.3228402]},"properties":{"brand":"Żabka","brand:wikidata":"Q2589061","brand:wikipedia":"pl:Żabka (sieć sklepów)","check_date":"2025-02-15","name":"Żabka","name:pl":"Żabka","name:uk":"Жабка","shop":"convenience"}},
{"type":"Feature","geometry":{"type":"Point","coordinates":[18.6357102,54.321936]},"properties":{"brand":"Odido","brand:wikidata":"Q106947294","name":"Odido","shop":"convenience"}},
{"type":"Feature","geometry":{"type":"Point","coordinates":[18.6362521,54.3207725]},"properties":{"shop":"convenience"}},
{"type":"Feature","geometry":{"type":"Point","coordinates":[18.631643,54.3254833]},"properties":{"shop":"convenience"}},
{"type":"Feature","geometry":{"type":"Point","coordinates":[18.6301818,54.3269673]},"properties":{"shop":"convenience"}},
{"type":"Feature","geometry":{"type":"Point","coordinates":[18.6297773,54.3290986]},"properties":{"shop":"convenience"}},
{"type":"Feature","geometry":{"type":"Point","coordinates":[18.6305646,54.330147]},"properties":{"name":"Sklep \"Moni\"","shop":"convenience"}},
{"type":"Feature","geometry":{"type":"Point","coordinates":[18.6338619,54.3311368]},"properties":{"check_date":"2024-10-15","name":"Turbut","shop":"convenience"}},
{"type":"Feature","geometry":{"type":"Point","coordinates":[18.6342543,54.3287322]},"properties":{"shop":"convenience"}},
{"type":"Feature","geometry":{"type":"Point","coordinates":[18.6353567,54.328773]},"properties":{"shop":"convenience"}},
{"type":"Feature","geometry":{"type":"Point","coordinates":[18.630216,54.3181017]},"properties":{"shop":"convenience"}},
{"type":"Feature","geometry":{"type":"Point","coordinates":[18.6608053,54.3476403]},"properties":{"addr:city":"Gdańsk","addr:housenumber":"11","addr:street":"Szafarnia","brand":"Żabka","brand:wikidata":"Q2589061","brand:wikipedia":"pl:Żabka (sieć sklepów)","name":"Żabka","name:pl":"Żabka","name:uk":"Жабка","opening_hours":"Mo-Sa 06:00-23:00; Su 07:00-23:00","shop":"convenience"}},
{"type":"Feature","geometry":{"type":"Point","coordinates":[18.6513441,54.3532735]},"properties":{"brand":"Żabka","brand:wikidata":"Q2589061","brand:wikipedia":"pl:Żabka (sieć sklepów)","check_date":"2025-07-04","name":"Żabka","name:en":"Zabka","name:pl":"Żabka","name:uk":"Жабка","shop":"convenience"}},
{"type":"Feature","geometry":{"type":"Point","coordinates":[18.5775615,54.3591881]},"properties":{"addr:city":"Gdańsk","addr:floor":"0","addr:housenumber":"1","addr:postcode":"80-288","addr:street":"Józefa Żylewicza","check_date":"2025-05-16","contact:facebook":"https://www.facebook.com/delikatesy.maxxavier","contact:instagram":"https://www.instagram.com/delikatesy.maxxavier/","internet_access":"no","level":"0","name":"Max & Xavier","opening_hours":"Mo-Sa 06:30-21:30; Su 09:00-18:00 \"Tylko w niedziele handlowe\"","operator":"Max & Xavier","payment:cash":"yes","payment:contactless":"yes","payment:credit_cards":"yes","payment:debit_cards":"yes","payment:mastercard":"yes","payment:visa":"yes","shop":"supermarket","website":"http://maxxavier.pl/","wheelchair":"yes"}},
{"type":"Feature","geometry":{"type":"Point","coordinates":[18.4663312,54.4350002]},"properties":{"check_date":"2025-01-19","shop":"convenience"}},
{"type":"Feature","geometry":{"type":"Point","coordinates":[18.6330265,54.3761375]},"properties":{"addr:city":"Gdańsk","addr:housenumber":"7","addr:postcode":"80-871","addr:street":"Chwaszczyńska","brand":"Żabka","brand:wikidata":"Q2589061","name":"Żabka","name:pl":"Żabka","name:uk":"Жабка","opening_hours":"Mo-Sa 06:00-20:00","shop":"convenience"}},
{"type":"Feature","geometry":{"type":"Point","coordinates":[18.5965594,54.409599300000007]},"properties":{"brand":"Żabka","brand:wikidata":"Q2589061","name":"Żabka","name:pl":"Żabka","name:uk":"Жабка","opening_hours":"Mo-Su 06:00-23:00","shop":"convenience"}},
{"type":"Feature","geometry":{"type":"Point","coordinates":[18.5747454,54.4021511]},"properties":{"entrance":"yes"}},
{"type":"Feature","geometry":{"type":"Point","coordinates":[18.58743,54.4021918]},"properties":{"amenity":"parking_entrance","parking":"underground"}},
{"type":"Feature","geometry":{"type":"Point","coordinates":[18.5896115,54.3963005]},"properties":{"addr:postcode":"80-460","brand":"Lewiatan","brand:wikidata":"Q11755396","name":"Lewiatan","shop":"convenience","website":"https://www.lewiatan.pl/znajdz-sklep/lewiatan-gdansk-pilotow-23b"}},
{"type":"Feature","geometry":{"type":"Point","coordinates":[18.590779,54.4090321]},"properties":{"entrance":"main"}},
{"type":"Feature","geometry":{"type":"Point","coordinates":[18.5751599,54.3225871]},"properties":{"addr:city":"Gdańsk","addr:housenumber":"66","addr:postcode":"80-180","addr:street":"Kazimierza Porębskiego","name":"Emi","opening_hours":"Mo-Fr 06:00-20:00; Sa 06:00-16:00","shop":"convenience"}},
{"type":"Feature","geometry":{"type":"Point","coordinates":[18.5792823,54.4005033]},"properties":{"name":"Sklep spożywczo-monopolowy","shop":"convenience"}},
{"type":"Feature","geometry":{"type":"Point","coordinates":[18.5742768,54.4022485]},"properties":{"entrance":"yes"}},
{"type":"Feature","geometry":{"type":"Point","coordinates":[18.6074032,54.3304359]},"properties":{"name":"Delikatesy Mini","shop":"supermarket"}},
{"type":"Feature","geometry":{"type":"Point","coordinates":[18.5754632,54.4009114]},"properties":{"brand":"Żabka","brand:wikidata":"Q2589061","check_date":"2025-01-10","name":"Żabka","name:pl":"Żabka","name:uk":"Жабка","opening_hours":"Mo-Sa 06:00-23:00; Su off","shop":"convenience"}},
{"type":"Feature","geometry":{"type":"Point","coordinates":[18.4162944,54.4427392]},"properties":{"contact:facebook":"https://www.facebook.com/delikatesy.maxxavier","contact:instagram":"https://www.instagram.com/delikatesy.maxxavier/","internet_access":"no","name":"Max & Xavier","opening_hours":"Mo-Sa 06:30-21:30; Su 09:00-18:00 \"Tylko w niedziele handlowe\"","operator":"Max & Xavier","payment:cash":"yes","payment:contactless":"yes","payment:credit_cards":"yes","payment:debit_cards":"yes","payment:mastercard":"yes","payment:visa":"yes","shop":"supermarket","website":"http://maxxavier.pl/"}},
{"type":"Feature","geometry":{"type":"Point","coordinates":[18.5679419,54.3989612]},"properties":{"addr:floor":"0","addr:housenumber":"46","addr:street":"Wita Stwosza","brand":"Żabka","brand:wikidata":"Q2589061","check_date":"2025-06-05","internet_access":"no","level":"0","name":"Żabka","name:pl":"Żabka","name:uk":"Жабка","opening_hours":"Mo-Sa 06:00-23:00; Su 09:00-22:00","payment:cash":"yes","payment:credit_cards":"yes","payment:debit_cards":"yes","shop":"convenience","wheelchair":"yes"}},
{"type":"Feature","geometry":{"type":"Point","coordinates":[18.604102,54.3972652]},"properties":{"addr:city":"Gdańsk","addr:housenumber":"3a","addr:postcode":"80-462","addr:street":"Aleja Jana Pawła II","brand":"Żabka","brand:wikidata":"Q2589061","brand:wikipedia":"pl:Żabka (sieć sklepów)","check_date":"2025-04-17","name":"Żabka","name:pl":"Żabka","name:uk":"Жабка","opening_hours":"Mo-Su 06:00-23:00","shop":"convenience"}},
{"type":"Feature","geometry":{"type":"Point","coordinates":[18.573008,54.4103436]},"properties":{"addr:city":"Gdańsk","addr:housenumber":"28A","addr:postcode":"80-381","addr:street":"Leona Droszyńskiego","brand":"Biedronka","brand:wikidata":"Q857182","brand:wikipedia":"pl:Biedronka (sieć handlowa)","email":"bok@biedronka.eu","name":"Biedronka","name:ru":"Бедронка","opening_hours":"Mo-Fr 06:00-22:00; Sa 06:00-22:00; Su 09:00-20:00","operator":"Jeronimo Martins Polska S.A.","payment:blik":"yes","payment:cash":"yes","payment:contactless":"yes","payment:diners_club":"yes","payment:maestro":"yes","payment:mastercard":"yes","payment:sodexo":"yes","payment:v_pay":"yes","payment:visa":"yes","payment:visa_debit":"yes","payment:visa_electron":"yes","phone":"+48 22 205 33 00","ref":"5246","shop":"supermarket","website":"https://www.biedronka.pl/pl/shop,id,2982"}},
{"type":"Feature","geometry":{"type":"Point","coordinates":[18.6479684,54.3557097]},"properties":{"addr:city":"Gdańsk","addr:postcode":"80-890","addr:street":"Jana Heweliusza","brand":"Żabka","brand:wikidata":"Q2589061","brand:wikipedia":"pl:Żabka (sieć sklepów)","check_date:opening_hours":"2025-07-01","name":"Żabka","name:pl":"Żabka","name:uk":"Жабка","opening_hours":"Mo-Su 06:00-23:00","shop":"convenience"}},
{"type":"Feature","geometry":{"type":"Point","coordinates":[18.4782652,54.4221604]},"properties":{"branch":"Cafe","brand":"Żabka","brand:wikidata":"Q2589061","name":"Żabka","name:pl":"Żabka","name:uk":"Жабка","opening_hours":"Mo-Su,PH 06:00-23:00","shop":"convenience"}},
{"type":"Feature","geometry":{"type":"Point","coordinates":[18.5636732,54.4421108]},"properties":{"brand":"Żabka","brand:wikidata":"Q2589061","brand:wikipedia":"pl:Żabka (sieć sklepów)","check_date":"2025-07-02","name":"Żabka","name:pl":"Żabka","name:uk":"Жабка","opening_hours":"Mo-Sa 06:00-23:00; Su 08:00-23:00","shop":"convenience"}},
{"type":"Feature","geometry":{"type":"Point","coordinates":[18.6549214,54.3437384]},"properties":{"brand":"Żabka","brand:wikidata":"Q2589061","brand:wikipedia":"pl:Żabka (sieć sklepów)","name":"Żabka","name:pl":"Żabka","name:uk":"Жабка","opening_hours":"Mo-Su 06:00-23:00","shop":"convenience"}},
{"type":"Feature","geometry":{"type":"Point","coordinates":[18.5956085,54.3971953]},"properties":{"brand":"Lewiatan","brand:wikidata":"Q11755396","brand:wikipedia":"pl:Lewiatan (sieć handlowa)","check_date":"2024-01-14","name":"Lewiatan","opening_hours":"Mo-Fr 06:00-22:00; Sa 08:00-22:00; Su 10:00-20:00 \"Niedziela handlowa\"","payment:cash":"yes","payment:credit_cards":"yes","payment:debit_cards":"yes","shop":"convenience","website":"https://www.lewiatan.pl/znajdz-sklep/lewiatan-gdansk-startowa-4","wheelchair":"yes"}},
{"type":"Feature","geometry":{"type":"Point","coordinates":[18.594858,54.3970899]},"properties":{"brand":"Żabka","brand:wikidata":"Q2589061","check_date":"2024-01-14","name":"Żabka","name:pl":"Żabka","name:uk":"Жабка","opening_hours":"Mo-Su 06:00-23:00","payment:cash":"yes","payment:credit_cards":"yes","payment:debit_cards":"yes","shop":"convenience","wheelchair":"no"}},
{"type":"Feature","geometry":{"type":"Point","coordinates":[18.6502502,54.3493357]},"properties":{"brand":"Carrefour Express","brand:wikidata":"Q2940190","brand:wikipedia":"fr:Carrefour Express","name":"Carrefour Express","panoramax":"8a41efbe-bc00-42c8-a936-b49eb60ced3d","shop":"convenience"}},
{"type":"Feature","geometry":{"type":"Point","coordinates":[18.6499084,54.3508617]},"properties":{"brand":"Carrefour Express","brand:wikidata":"Q2940190","brand:wikipedia":"fr:Carrefour Express","name":"Carrefour Express","opening_hours":"Mo-Fr 07:00-23:00; Sa 08:00-23:00; Su 10:00-23:00","shop":"convenience"}},
{"type":"Feature","geometry":{"type":"Point","coordinates":[18.5968878,54.3114344]},"properties":{"addr:city":"Gdańsk","addr:housenumber":"32","addr:postcode":"80-180","addr:street":"Niepołomicka","brand":"Stokrotka","brand:wikidata":"Q9345945","brand:wikipedia":"pl:Stokrotka (sieć handlowa)","name":"Stokrotka","opening_hours":"Mo-Sa 07:00-22:00; Su 08:30-21:00","phone":"+48 515 110 360","shop":"supermarket","website":"https://stokrotka.pl/nasze-sklepy/gdansk-ul-niepolomicka-32-5026.html"}},
{"type":"Feature","geometry":{"type":"Point","coordinates":[18.57658,54.3024227]},"properties":{"brand":"Żabka","brand:wikidata":"Q2589061","brand:wikipedia":"pl:Żabka (sieć sklepów)","name":"Żabka","name:pl":"Żabka","name:uk":"Жабка","opening_hours":"Mo-Su 06:00-23:00","payment:cash":"yes","payment:coins":"yes","payment:credit_cards":"yes","payment:debit_cards":"yes","shop":"convenience"}},
{"type":"Feature","geometry":{"type":"Point","coordinates":[18.64433,54.3491001]},"properties":{"entrance":"yes","level":"2"}},
{"type":"Feature","geometry":{"type":"Point","coordinates":[18.6441727,54.3506508]},"properties":{"entrance":"yes"}},
{"type":"Feature","geometry":{"type":"Point","coordinates":[18.6431813,54.3500165]},"properties":{"entrance":"yes","level":"0"}},
{"type":"Feature","geometry":{"type":"Point","coordinates":[18.6432182,54.3503254]},"properties":{"entrance":"yes"}},
{"type":"Feature","geometry":{"type":"Point","coordinates":[18.5683233,54.4096493]},"properties":{"addr:city":"Gdańsk","addr:housenumber":"507/9","addr:postcode":"80-309","addr:street":"Aleja Grunwaldzka","brand":"Lidl","brand:wikidata":"Q151954","fixme":"Kod pocztowy podany na paragonie to 80-309, a na stronie WWW 80-320.","name":"Lidl","opening_hours":"Mo-Th 07:00-21:00; Fr, Sa 07:00-22:00; Su 09:00-20:00","shop":"supermarket","website":"https://www.lidl.pl/storesearch/assets/detailpages/pl-PL/gda%C5%84sk/grunwaldzka-507-9.html","wheelchair":"yes"}},
{"type":"Feature","geometry":{"type":"Point","coordinates":[18.644142,54.3485773]},"properties":{"brand":"Eurospar","brand:wikidata":"Q12309283","brand:wikipedia":"da:Eurospar","level":"-1","name":"Eurospar","shop":"supermarket"}},
{"type":"Feature","geometry":{"type":"Point","coordinates":[18.6428802,54.3493176]},"properties":{"entrance":"yes","level":"2;3;4;5;6"}},
{"type":"Feature","geometry":{"type":"Point","coordinates":[18.5794333,54.4060569]},"properties":{"brand":"Żabka","brand:wikidata":"Q2589061","check_date":"2025-04-02","check_date:opening_hours":"2024-03-08","name":"Żabka","name:pl":"Żabka","name:uk":"Жабка","opening_hours":"Mo-Su 06:00-23:00","shop":"convenience"}},
{"type":"Feature","geometry":{"type":"Point","coordinates":[18.5940201,54.3527033]},"properties":{"entrance":"secondary"}},
{"type":"Feature","geometry":{"type":"Point","coordinates":[18.5730437,54.4208328]},"properties":{"automatic_door":"motion","door":"sliding","entrance":"main","level":"0"}},
{"type":"Feature","geometry":{"type":"Point","coordinates":[18.5707443,54.4388701]},"properties":{"brand":"Żabka","brand:wikidata":"Q2589061","brand:wikipedia":"pl:Żabka (sieć sklepów)","name":"Żabka","name:pl":"Żabka","name:uk":"Жабка","shop":"convenience"}},
{"type":"Feature","geometry":{"type":"Point","coordinates":[18.4035701,54.3935028]},"properties":{"addr:city":"Banino","addr:housenumber":"44","addr:postcode":"80-297","addr:street":"Lotnicza","brand":"Lidl","brand:wikidata":"Q151954","brand:wikipedia":"en:Lidl","name":"Lidl","opening_hours":"Mo-Th 07:00-21:00; Fr-Sa 07:00-22:00; Su 09:00-19:00 \"Tylko niedziele handlowe\"; 2025 Jun 01-04 closed","operator":"Lidl sp. z o.o. sp. k.","shop":"supermarket","start_date":"2018-09-27","website":"https://www.lidl.pl","wheelchair":"yes"}},
{"type":"Feature","geometry":{"type":"Point","coordinates":[18.5620651,54.4430793]},"properties":{"addr:city":"Sopot","addr:housenumber":"14","addr:postcode":"81-704","addr:street":"Bohaterów Monte Cassino","check_date":"2024-08-25","name":"Delikatesy Filip","opening_hours":"24/7","shop":"convenience"}},
{"type":"Feature","geometry":{"type":"Point","coordinates":[18.5711797,54.4207694]},"properties":{"addr:city":"Gdańsk","addr:door":"5","addr:housenumber":"27C","addr:postcode":"80-354","addr:street":"Subisława","brand":"Żabka","brand:wikidata":"Q2589061","brand:wikipedia":"pl:Żabka (sieć sklepów)","level":"0","name":"Żabka","name:pl":"Żabka","name:uk":"Жабка","opening_hours":"Mo-Sa 06:00-23:00; Su 08:00-22:00; PH 12:00-20:00","operator":"Margaret Małgorzata Michalska","ref":"Z8273","shop":"convenience","wheelchair":"no"}},
{"type":"Feature","geometry":{"type":"Point","coordinates":[18.5717162,54.351767100000007]},"properties":{"addr:city":"Gdańsk","addr:housenumber":"33C","addr:postcode":"80-283","addr:street":"Myśliwska","brand":"Żabka","brand:wikidata":"Q2589061","brand:wikipedia":"en:Żabka (convenience store)","name":"Żabka","name:pl":"Żabka","name:uk":"Жабка","opening_hours":"Mo-Su 06:00-23:00; Sa 10:00-20:00","shop":"convenience"}},
{"type":"Feature","geometry":{"type":"Point","coordinates":[18.5640864,54.4475942]},"properties":{"brand":"Lewiatan","brand:wikidata":"Q11755396","brand:wikipedia":"pl:Lewiatan (sieć handlowa)","name":"Lewiatan","shop":"convenience","website":"https://www.lewiatan.pl/znajdz-sklep/lewiatan-sopot-haffnera-44"}},
{"type":"Feature","geometry":{"type":"Point","coordinates":[18.6082469,54.3854316]},"properties":{"check_date:opening_hours":"2025-06-15","name":"Maximus","opening_hours":"Mo-Fr 07:00-23:00; Sa 08:00-23:00; Su 09:00-22:00","shop":"convenience"}},
{"type":"Feature","geometry":{"type":"Point","coordinates":[18.6046491,54.387791]},"properties":{"name":"Eni","opening_hours":"24/7","shop":"convenience"}},
{"type":"Feature","geometry":{"type":"Point","coordinates":[18.6103743,54.3817664]},"properties":{"addr:city":"Gdańsk","addr:housenumber":"10","addr:postcode":"80-437","addr:street":"Wajdeloty","brand":"Żabka","brand:wikidata":"Q2589061","brand:wikipedia":"pl:Żabka (sieć sklepów)","name":"Żabka","name:pl":"Żabka","name:uk":"Жабка","opening_hours":"Mo-Sa 06:00-23:00; Su,PH 09:00-23:00","shop":"convenience","website":"https://www.zabka.pl/"}},
{"type":"Feature","geometry":{"type":"Point","coordinates":[18.6070339,54.3798998]},"properties":{"addr:city":"Gdańsk","addr:housenumber":"14","addr:postcode":"80-264","addr:street":"Romana Dmowskiego","atm":"yes","brand":"Żabka","brand:wikidata":"Q2589061","check_date":"2025-05-09","drive_through":"no","name":"Żabka","name:pl":"Żabka","name:uk":"Жабка","opening_hours":"Mo-Su 06:00-23:00","shop":"convenience","website":"https://www.zabka.pl/"}},
{"type":"Feature","geometry":{"type":"Point","coordinates":[18.6094804,54.3984768]},"properties":{"operator":"Nowak/Mielnik","shop":"supermarket"}},
{"type":"Feature","geometry":{"type":"Point","coordinates":[18.5977864,54.3880049]},"properties":{"addr:city":"Gdańsk","addr:housenumber":"1","addr:postcode":"80-465","addr:street":"Dywizjonu 303","brand":"Żabka","brand:wikidata":"Q2589061","brand:wikipedia":"pl:Żabka (sieć sklepów)","name":"Żabka","name:pl":"Żabka","name:uk":"Жабка","opening_hours":"Mo-Sa 06:00-23:00","shop":"convenience"}},
{"type":"Feature","geometry":{"type":"Point","coordinates":[18.6227115,54.3857597]},"properties":{"addr:city":"Gdańsk","addr:housenumber":"135","addr:postcode":"80-416","addr:street":"Aleja Generała Józefa Hallera","brand":"Groszek","brand:wikidata":"Q9280965","brand:wikipedia":"pl:Groszek (sieć sklepów)","name":"Groszek","shop":"convenience"}},
{"type":"Feature","geometry":{"type":"Point","coordinates":[18.6041738,54.3159584]},"properties":{"addr:city":"Gdańsk","addr:housenumber":"2B","addr:postcode":"80-180","addr:street":"Srebrna","brand":"Żabka","brand:wikidata":"Q2589061","brand:wikipedia":"fr:Carrefour Express","name":"Żabka","name:pl":"Żabka","name:uk":"Жабка","opening_hours":"Mo-Su 06:00-22:00","operator":"Groupe Carrefour","operator:wikidata":"Q3117359","operator:wikipedia":"fr:Groupe Carrefour","shop":"convenience","website":"https://www.zabka.pl/"}},
{"type":"Feature","geometry":{"type":"Point","coordinates":[18.6032526,54.3141102]},"properties":{"addr:city":"Gdańsk","addr:housenumber":"16","addr:postcode":"80-180","addr:street":"Srebrna","name":"Misz Masz","opening_hours":"Mo-Sa 08:00-20:00; Su 10:00-18:00","shop":"convenience"}},
{"type":"Feature","geometry":{"type":"Point","coordinates":[18.6024667,54.3142573]},"properties":{"addr:city":"Gdańsk","addr:housenumber":"6","addr:postcode":"80-180","addr:street":"Kolorowa","name":"Abo","shop":"convenience"}},
{"type":"Feature","geometry":{"type":"Point","coordinates":[18.5603782,54.4413165]},"properties":{"brand":"Żabka","brand:wikidata":"Q2589061","brand:wikipedia":"pl:Żabka (sieć sklepów)","name":"Żabka","name:pl":"Żabka","name:uk":"Жабка","shop":"convenience"}},
{"type":"Feature","geometry":{"type":"Point","coordinates":[18.6496223,54.3568407]},"properties":{"entrance":"yes"}},
{"type":"Feature","geometry":{"type":"Point","coordinates":[18.5604741,54.4431172]},"properties":{"brand":"Żabka","brand:wikidata":"Q2589061","brand:wikipedia":"pl:Żabka (sieć sklepów)","name":"Żabka","name:pl":"Żabka","name:uk":"Жабка","opening_hours":"06:00-23:00","shop":"convenience"}},
{"type":"Feature","geometry":{"type":"Point","coordinates":[18.6511152,54.349203]},"properties":{"addr:city":"Gdańsk","addr:housenumber":"59/61","addr:postcode":"80-831","addr:street":"Długa","brand":"Żabka","brand:wikidata":"Q2589061","brand:wikipedia":"pl:Żabka (sieć sklepów)","contact:website":"https://www.zabka.pl/znajdz-sklep/sklep/ID08456,gdansk-dluga-59-61","name":"Żabka","name:pl":"Żabka","name:uk":"Жабка","opening_hours":"Mo-Su 06:00-23:00","operator":"PHU Łukasz Czajka","ref":"Z5484","shop":"convenience"}},
{"type":"Feature","geometry":{"type":"Point","coordinates":[18.59281,54.3299058]},"properties":{"brand":"Żabka","brand:wikidata":"Q2589061","brand:wikipedia":"pl:Żabka (sieć sklepów)","check_date":"2024-10-10","name":"Żabka","shop":"convenience"}},
{"type":"Feature","geometry":{"type":"Point","coordinates":[18.5922893,54.3518677]},"properties":{"amenity":"parking_entrance","level":"-1"}},
{"type":"Feature","geometry":{"type":"Point","coordinates":[18.5923215,54.3518017]},"properties":{"amenity":"parking_entrance","level":"-1"}},
{"type":"Feature","geometry":{"type":"Point","coordinates":[18.5902877,54.3843291]},"properties":{"brand":"Żabka","brand:wikidata":"Q2589061","brand:wikipedia":"pl:Żabka (sieć sklepów)","name":"Żabka","name:pl":"Żabka","name:uk":"Жабка","opening_hours":"Mo-Su 06:00-23:00","shop":"convenience"}},
{"type":"Feature","geometry":{"type":"Point","coordinates":[18.5922132,54.3830897]},"properties":{"addr:city":"Gdańsk","addr:housenumber":"15","addr:postcode":"80-280","addr:street":"Cypriana Kamila Norwida","brand":"Biedronka","brand:wikidata":"Q857182","brand:wikipedia":"pl:Biedronka (sieć handlowa)","name":"Biedronka","opening_hours":"Mo-Sa 06:00-23:00","shop":"supermarket"}},
{"type":"Feature","geometry":{"type":"Point","coordinates":[18.5865321,54.4122189]},"properties":{"addr:city":"Gdańsk","addr:housenumber":"24","addr:postcode":"80-376","addr:street":"Czerwony Dwór","brand":"Biedronka","brand:wikidata":"Q857182","brand:wikipedia":"pl:Biedronka (sieć handlowa)","email":"bok@biedronka.eu","name":"Biedronka","name:ru":"Бедронка","opening_hours":"Mo-Sa 06:00-23:00; Su 09:00-20:00","operator":"Jeronimo Martins Polska S.A.","payment:blik":"yes","payment:cash":"yes","payment:contactless":"yes","payment:diners_club":"yes","payment:maestro":"yes","payment:mastercard":"yes","payment:sodexo":"yes","payment:v_pay":"yes","payment:visa":"yes","payment:visa_debit":"yes","payment:visa_electron":"yes","phone":"+48 22 205 33 00","shop":"supermarket","website":"https://www.biedronka.pl/pl/shop,id,2798"}},
{"type":"Feature","geometry":{"type":"Point","coordinates":[18.5840392,54.3329497]},"properties":{"brand":"Żabka","brand:wikidata":"Q2589061","brand:wikipedia":"pl:Żabka (sieć sklepów)","name":"Żabka","shop":"convenience"}},
{"type":"Feature","geometry":{"type":"Point","coordinates":[18.6198962,54.3370671]},"properties":{"entrance":"yes"}},
{"type":"Feature","geometry":{"type":"Point","coordinates":[18.5895694,54.4279664]},"properties":{"brand":"Żabka","brand:wikidata":"Q2589061","name":"Żabka","name:pl":"Żabka","name:uk":"Жабка","shop":"convenience"}},
{"type":"Feature","geometry":{"type":"Point","coordinates":[18.5441442,54.4477399]},"properties":{"brand":"Żabka","brand:wikidata":"Q2589061","brand:wikipedia":"pl:Żabka (sieć sklepów)","check_date":"2025-02-06","name":"Żabka","name:pl":"Żabka","name:uk":"Жабка","shop":"convenience"}},
{"type":"Feature","geometry":{"type":"Point","coordinates":[18.6066315,54.383592]},"properties":{"brand":"Żabka","brand:wikidata":"Q2589061","brand:wikipedia":"pl:Żabka (sieć sklepów)","name":"Żabka","name:pl":"Żabka","name:uk":"Жабка","opening_hours":"06:00-23:00, PH,Su 06:00-23:00","shop":"convenience"}},
{"type":"Feature","geometry":{"type":"Point","coordinates":[18.6684202,54.3492043]},"properties":{"brand":"Żabka","brand:wikidata":"Q2589061","brand:wikipedia":"pl:Żabka (sieć sklepów)","name":"Żabka","name:pl":"Żabka","name:uk":"Жабка","opening_hours":"Mo-Su 06:00-23:00","shop":"convenience"}},
{"type":"Feature","geometry":{"type":"Point","coordinates":[18.5653673,54.3505255]},"properties":{"name":"Panda Morena","opening_hours":"Mo-Th 06:00-22:00; Fr,Sa 06:00-23:00; Su 09:00-22:00","phone":"+48501478480","shop":"convenience"}},
{"type":"Feature","geometry":{"type":"Point","coordinates":[18.6163588,54.3884044]},"properties":{"brand":"Żabka","brand:wikidata":"Q2589061","name":"Żabka","name:pl":"Żabka","name:uk":"Жабка","shop":"convenience"}},
{"type":"Feature","geometry":{"type":"Point","coordinates":[18.5976274,54.4128508]},"properties":{"addr:city":"Gdańsk","addr:housenumber":"34","addr:postcode":"80-367","addr:street":"Jagiellońska","brand":"Stokrotka","brand:wikidata":"Q9345945","brand:wikipedia":"pl:Stokrotka (sieć handlowa)","name":"Stokrotka","opening_hours":"Mo-Sa 06:30-22:00; Su 08:30-21:30","shop":"supermarket","start_date":"2021-12-02","website":"https://stokrotka.pl"}},
{"type":"Feature","geometry":{"type":"Point","coordinates":[18.6330362,54.3537348]},"properties":{"name":"Ola","operator":"Sieć 34","shop":"convenience"}},
{"type":"Feature","geometry":{"type":"Point","coordinates":[18.5799699,54.4230238]},"properties":{"brand":"Żabka","brand:wikidata":"Q2589061","brand:wikipedia":"pl:Żabka (sieć sklepów)","name":"Żabka","name:pl":"Żabka","name:uk":"Жабка","opening_hours":"06:00-23:00","shop":"convenience"}},
{"type":"Feature","geometry":{"type":"Point","coordinates":[18.584445,54.4204938]},"properties":{"brand":"abc","brand:wikidata":"Q11683985","brand:wikipedia":"pl:Abc (sieć handlowa)","name":"abc","shop":"convenience"}},
{"type":"Feature","geometry":{"type":"Point","coordinates":[18.5700314,54.3144299]},"properties":{"brand":"Żabka","brand:wikidata":"Q2589061","brand:wikipedia":"pl:Żabka (sieć sklepów)","name":"Żabka","name:pl":"Żabka","name:uk":"Жабка","shop":"convenience"}},
{"type":"Feature","geometry":{"type":"Point","coordinates":[18.606916,54.3540676]},"properties":{"addr:city":"Gdańsk","addr:housenumber":"9","addr:postcode":"80-170","addr:street":"Ignacego Paderewskiego","brand":"Biedronka","brand:wikidata":"Q857182","check_date":"2024-09-28","internet_access":"no","level":"0","name":"Biedronka","opening_hours":"Mo-Sa 06:00-22:00","operator":"Jeronimo Martins Polska S.A.","payment:cash":"yes","payment:credit_cards":"yes","payment:debit_cards":"yes","shop":"supermarket","website":"https://www.biedronka.pl/pl/shop,id,3396","wheelchair":"yes"}},
{"type":"Feature","geometry":{"type":"Point","coordinates":[18.402054,54.3935015]},"properties":{"addr:city":"Banino","addr:housenumber":"2","addr:postcode":"80-297","addr:street":"Borowiecka","brand":"Biedronka","brand:wikidata":"Q857182","brand:wikipedia":"pl:Biedronka (sieć handlowa)","name":"Biedronka","opening_hours":"Mo-Sa 06:00-23:00; Su, PH off","operator":"Jeronimo Martins Polska S.A.","shop":"supermarket","source:addr":"UG Żukowo","website":"https://www.biedronka.pl/pl/shop,id,2346","wheelchair":"yes"}},
{"type":"Feature","geometry":{"type":"Point","coordinates":[18.6488305,54.343831]},"properties":{"brand":"Żabka","brand:wikidata":"Q2589061","brand:wikipedia":"pl:Żabka (sieć sklepów)","name":"Żabka","name:pl":"Żabka","name:uk":"Жабка","shop":"convenience"}},
{"type":"Feature","geometry":{"type":"Point","coordinates":[18.5836665,54.4207692]},"properties":{"brand":"Żabka","brand:wikidata":"Q2589061","brand:wikipedia":"pl:Żabka (sieć sklepów)","name":"Żabka","name:pl":"Żabka","name:uk":"Жабка","opening_hours":"Mo-Sa 06:00-23:00","shop":"convenience","wheelchair":"yes"}},
{"type":"Feature","geometry":{"type":"Point","coordinates":[18.672791,54.3492988]},"properties":{"brand":"Żabka","brand:wikidata":"Q2589061","brand:wikipedia":"pl:Żabka (sieć sklepów)","name":"Żabka","name:pl":"Żabka","name:uk":"Жабка","opening_hours":"Mo-Su 06:00-23:00","shop":"convenience"}},
{"type":"Feature","geometry":{"type":"Point","coordinates":[18.6728434,54.3495212]},"properties":{"brand":"abc","brand:wikidata":"Q11683985","brand:wikipedia":"pl:Abc (sieć handlowa)","name":"abc","shop":"convenience"}},
{"type":"Feature","geometry":{"type":"Point","coordinates":[18.672819,54.3494742]},"properties":{"brand":"Odido","brand:wikidata":"Q106947294","name":"Odido","shop":"convenience"}},
{"type":"Feature","geometry":{"type":"Point","coordinates":[18.6663108,54.3485315]},"properties":{"shop":"convenience"}},
{"type":"Feature","geometry":{"type":"Point","coordinates":[18.6069535,54.3776502]},"properties":{"access":"customers","door":"hinged","entrance":"shop","level":"0"}},
{"type":"Feature","geometry":{"type":"Point","coordinates":[18.6079365,54.3772519]},"properties":{"door":"sliding","entrance":"main","wheelchair":"yes"}},
{"type":"Feature","geometry":{"type":"Point","coordinates":[18.6080919,54.3772655]},"properties":{"access":"customers","door":"hinged","entrance":"shop","level":"0"}},
{"type":"Feature","geometry":{"type":"Point","coordinates":[18.607505,54.3768428]},"properties":{"entrance":"secondary"}},
{"type":"Feature","geometry":{"type":"Point","coordinates":[18.6063518,54.3772817]},"properties":{"door":"hinged","entrance":"secondary","level":"0","wheelchair":"limited"}},
{"type":"Feature","geometry":{"type":"Point","coordinates":[18.6049169,54.3807304]},"properties":{"addr:city":"Gdańsk","addr:housenumber":"4C","addr:postcode":"80-264","addr:street":"Klonowa","brand":"Żabka","brand:wikidata":"Q2589061","brand:wikipedia":"pl:Żabka (sieć sklepów)","name":"Żabka","name:pl":"Żabka","name:uk":"Жабка","opening_hours":"PH,Mo-Su 10:00-22:00","shop":"convenience"}},
{"type":"Feature","geometry":{"type":"Point","coordinates":[18.6094796,54.3771967]},"properties":{"addr:city":"Gdańsk","addr:housenumber":"74","addr:postcode":"80-244","addr:street":"Aleja Grunwaldzka","brand":"Żabka","brand:wikidata":"Q2589061","brand:wikipedia":"pl:Żabka (sieć sklepów)","check_date":"2025-07-04","name":"Żabka","name:pl":"Żabka","name:uk":"Жабка","opening_hours":"Mo-Sa 06:00-23:00; Su off","shop":"convenience"}},
{"type":"Feature","geometry":{"type":"Point","coordinates":[18.6088264,54.3779265]},"properties":{"addr:city":"Gdańsk","addr:housenumber":"75","addr:postcode":"80-244","addr:street":"Aleja Grunwaldzka","brand":"Żabka","brand:wikidata":"Q2589061","brand:wikipedia":"pl:Żabka (sieć sklepów)","check_date":"2025-06-03","name":"Żabka","name:pl":"Żabka","name:uk":"Жабка","opening_hours":"Mo-Sa 06:00-23:00; Su 11:00-21:00","shop":"convenience"}},
{"type":"Feature","geometry":{"type":"Point","coordinates":[18.5423053,54.3338414]},"properties":{"addr:city":"Gdańsk","addr:housenumber":"64","addr:postcode":"80-174","addr:street":"Stężycka","brand":"Żabka","brand:wikidata":"Q2589061","brand:wikipedia":"pl:Żabka (sieć sklepów)","check_date":"2025-03-25","level":"0","name":"Żabka","name:pl":"Żabka","name:uk":"Жабка","shop":"convenience","wheelchair":"yes"}},
{"type":"Feature","geometry":{"type":"Point","coordinates":[18.5959152,54.4048728]},"properties":{"brand":"Żabka","brand:wikidata":"Q2589061","brand:wikipedia":"pl:Żabka (sieć sklepów)","check_date":"2025-04-02","name":"Żabka","name:pl":"Żabka","name:uk":"Жабка","opening_hours":"Mo-Sa 06:00-23:00; PH,Su 11:00-21:00","payment:blik":"yes","payment:card":"yes","payment:cash":"yes","shop":"convenience"}},
{"type":"Feature","geometry":{"type":"Point","coordinates":[18.6613748,54.3431518]},"properties":{"brand":"Żabka","brand:wikidata":"Q2589061","name":"Żabka","name:pl":"Żabka","name:uk":"Жабка","opening_hours":"Mo-Sa 06:00-22:00; Su 09:00-22:00","shop":"convenience"}},
{"type":"Feature","geometry":{"type":"Point","coordinates":[18.5881719,54.3566644]},"properties":{"entrance":"main"}},
{"type":"Feature","geometry":{"type":"Point","coordinates":[18.5892273,54.3593615]},"properties":{"brand":"Żabka","brand:wikidata":"Q2589061","brand:wikipedia":"pl:Żabka (sieć sklepów)","name":"Żabka","name:pl":"Żabka","name:uk":"Жабка","opening_hours":"Mo-Su 06:00-23:00","shop":"convenience","wheelchair":"no"}},
{"type":"Feature","geometry":{"type":"Point","coordinates":[18.5908659,54.3600586]},"properties":{"brand":"Żabka","brand:wikidata":"Q2589061","brand:wikipedia":"pl:Żabka (sieć sklepów)","name":"Żabka","name:pl":"Żabka","name:uk":"Жабка","shop":"convenience"}},
{"type":"Feature","geometry":{"type":"Point","coordinates":[18.5875464,54.3582285]},"properties":{"brand":"Żabka","brand:wikidata":"Q2589061","brand:wikipedia":"pl:Żabka (sieć sklepów)","check_date":"2024-11-08","check_date:opening_hours":"2024-11-08","name":"Żabka","name:pl":"Żabka","name:uk":"Жабка","opening_hours":"Mo-Sa 06:00-23:00","shop":"convenience"}},
{"type":"Feature","geometry":{"type":"Point","coordinates":[18.5595744,54.3390692]},"properties":{"brand":"Żabka","brand:wikidata":"Q2589061","brand:wikipedia":"pl:Żabka (sieć sklepów)","check_date":"2024-10-15","name":"Żabka","name:pl":"Żabka","name:uk":"Жабка","opening_hours":"Mo-Sa 06:00-23:00","shop":"convenience"}},
{"type":"Feature","geometry":{"type":"Point","coordinates":[18.5344151,54.3498531]},"properties":{"addr:city":"Gdańsk","addr:housenumber":"7/U1","addr:postcode":"80-176","addr:street":"Przytulna","brand":"Żabka","brand:wikidata":"Q2589061","brand:wikipedia":"pl:Żabka (sieć sklepów)","name":"Żabka","name:pl":"Żabka","name:uk":"Жабка","shop":"convenience"}},
{"type":"Feature","geometry":{"type":"Point","coordinates":[18.5336344,54.3507864]},"properties":{"addr:city":"Gdańsk","addr:housenumber":"11","addr:postcode":"80-176","addr:street":"Przytulna","brand":"Carrefour Express","brand:wikidata":"Q2940190","brand:wikipedia":"fr:Carrefour Express","name":"Carrefour Express","shop":"convenience"}},
{"type":"Feature","geometry":{"type":"Point","coordinates":[18.6160407,54.3854263]},"properties":{"addr:city":"Gdańsk","addr:housenumber":"16","addr:street":"Bolesława Chrobrego","level":"0","name":"U Bubiego","opening_hours":"Mo-Fr 08:00-22:00; Sa 08:00-22:00; Su 08:00-21:00","shop":"convenience","toilets":"no","wheelchair":"yes"}},
{"type":"Feature","geometry":{"type":"Point","coordinates":[18.5707041,54.420723]},"properties":{"addr:city":"Gdańsk","addr:door":"1","addr:housenumber":"27C","addr:postcode":"80-354","addr:street":"Subisława","amenity":"cafe","brand":"1Minute","description":"Sklep 1Minute i bistro 1Minute SmaczneGO.","level":"0","name":"1Minute","opening_hours":"Mo-Sa 06:00-23:00; Su 9:00-21:00","shop":"convenience"}},
{"type":"Feature","geometry":{"type":"Point","coordinates":[18.6009053,54.4106179]},"properties":{"name":"Centrum Horyzont","shop":"mall"}},
{"type":"Feature","geometry":{"type":"Point","coordinates":[18.6006871,54.39614]},"properties":{"brand":"Żabka","brand:wikidata":"Q2589061","brand:wikipedia":"pl:Żabka (sieć sklepów)","name":"Żabka","name:pl":"Żabka","name:uk":"Жабка","opening_hours":"Mo-Su 06:00-23:00","shop":"convenience"}},
{"type":"Feature","geometry":{"type":"Point","coordinates":[18.5350622,54.3441907]},"properties":{"addr:city":"Gdańsk","addr:floor":"0","addr:housenumber":"32","addr:postcode":"80-176","addr:street":"Krzysztofa Komedy","brand":"Żabka","brand:wikidata":"Q2589061","check_date":"2024-10-03","level":"0","name":"Żabka","name:pl":"Żabka","name:uk":"Жабка","not:brand:wikidata":"Q2940190","opening_hours":"Mo-Sa 06:00-23:00; Su 09:00-22:00","payment:cash":"yes","payment:credit_cards":"yes","payment:debit_cards":"yes","shop":"convenience","wheelchair":"yes"}},
{"type":"Feature","geometry":{"type":"Point","coordinates":[18.5833534,54.3171245]},"properties":{"brand":"Żabka","brand:wikidata":"Q2589061","brand:wikipedia":"pl:Żabka (sieć sklepów)","name":"Żabka","name:pl":"Żabka","name:uk":"Жабка","opening_hours":"Mo-Sa 06:00-22:00; Su 09:00-20:00","shop":"convenience"}},
{"type":"Feature","geometry":{"type":"Point","coordinates":[18.6006806,54.3827461]},"properties":{"addr:city":"Gdańsk","addr:housenumber":"141","addr:postcode":"80-264","addr:street":"Aleja Grunwaldzka","brand":"Carrefour","brand:wikidata":"Q217599","brand:wikipedia":"fr:Carrefour (enseigne)","level":"-1","name":"Carrefour","opening_hours":"Mo-Sa 08:00-21:30","shop":"supermarket","source":"survey","website":"https://carrefour.pl"}},
{"type":"Feature","geometry":{"type":"Point","coordinates":[18.6103403,54.3932428]},"properties":{"level":"0","opening_hours":"Mo-Fr 08:00-19:00; Sa 08:00-15:00","payment:debit_cards":"no","shop":"convenience","toilets":"no","wheelchair":"yes"}},
{"type":"Feature","geometry":{"type":"Point","coordinates":[18.6094739,54.389894]},"properties":{"brand":"Żabka","brand:wikidata":"Q2589061","brand:wikipedia":"pl:Żabka (sieć sklepów)","level":"0","name":"Żabka","name:pl":"Żabka","name:uk":"Жабка","opening_hours":"Mo-Sa 06:00-23:00; Su 10:00-21:00","shop":"convenience","wheelchair":"yes"}},
{"type":"Feature","geometry":{"type":"Point","coordinates":[18.60971,54.3912772]},"properties":{"level":"0","name":"Naturalnie z Kaszub","opening_hours":"Mo-Fr 07:30-18:00; Sa 07:30-15:00","shop":"convenience","website":"https://www.naturalniezkaszub.pl","wheelchair":"yes"}},
{"type":"Feature","geometry":{"type":"Point","coordinates":[18.6098888,54.3917851]},"properties":{"brand":"Żabka","brand:wikidata":"Q2589061","brand:wikipedia":"pl:Żabka (sieć sklepów)","level":"0","name":"Żabka","name:pl":"Żabka","name:uk":"Жабка","opening_hours":"06:00-23:00","shop":"convenience","wheelchair":"no"}},
{"type":"Feature","geometry":{"type":"Point","coordinates":[18.4473378,54.4151345]},"properties":{"name":"Motyl","shop":"convenience"}},
{"type":"Feature","geometry":{"type":"Point","coordinates":[18.4803815,54.4225632]},"properties":{"brand":"Żabka","brand:wikidata":"Q2589061","name":"Żabka","name:pl":"Żabka","name:uk":"Жабка","shop":"convenience"}},
{"type":"Feature","geometry":{"type":"Point","coordinates":[18.4731669,54.425678]},"properties":{"addr:city":"Gdańsk","addr:housenumber":"2","addr:postcode":"80-299","addr:street":"Koziorożca","brand":"Żabka","brand:wikidata":"Q2589061","brand:wikipedia":"pl:Żabka (sieć sklepów)","name":"Żabka","name:pl":"Żabka","name:uk":"Жабка","shop":"convenience"}},
{"type":"Feature","geometry":{"type":"Point","coordinates":[18.5871297,54.3384176]},"properties":{"brand":"Żabka","brand:wikidata":"Q2589061","name":"Żabka","name:pl":"Żabka","name:uk":"Жабка","opening_hours":"Mo-Sa 06:00-23:00; Su 10:00-20:00","shop":"convenience"}},
{"type":"Feature","geometry":{"type":"Point","coordinates":[18.6141783,54.3555579]},"properties":{"addr:city":"Gdańsk","addr:floor":"0","addr:housenumber":"1","addr:postcode":"80-170","addr:street":"Zygmunta Noskowskiego","brand":"Aldi","brand:wikidata":"Q41171373","brand:wikipedia":"en:Aldi","check_date":"2025-07-30","check_date:opening_hours":"2025-07-30","internet_access":"no","level":"0","name":"Aldi","opening_hours":"Mo-Sa 07:00-22:00; Su 09:00-20:00","operator":"ALDI Sp. z o.o.","payment:mastercard":"yes","payment:visa":"yes","phone":"+48323570300","shop":"supermarket","website":"https://aldi.pl","wheelchair":"yes"}},
{"type":"Feature","geometry":{"type":"Point","coordinates":[18.649445,54.3554831]},"properties":{"addr:city":"Gdańsk","addr:housenumber":"8","addr:postcode":"80-850","addr:street":"Rajska","brand":"Aldi","brand:wikidata":"Q41171373","brand:wikipedia":"en:Aldi","name":"Aldi","opening_hours":"Mo-Sa 06:00-22:00; Su 09:00-20:00","operator":"ALDI Sp. z o.o.","phone":"+48323570300","shop":"supermarket","website":"https://aldi.pl"}},
{"type":"Feature","geometry":{"type":"Point","coordinates":[18.5977026,54.4090762]},"properties":{"addr:city":"Gdańsk","addr:housenumber":"2","addr:postcode":"80-398","addr:street":"Obrońców Wybrzeża","brand":"Żabka","brand:wikidata":"Q2589061","brand:wikipedia":"pl:Żabka (sieć sklepów)","name":"Żabka","name:pl":"Żabka","name:uk":"Жабка","shop":"convenience"}},
{"type":"Feature","geometry":{"type":"Point","coordinates":[18.5933586,54.4095997]},"properties":{"entrance":"main"}},
{"type":"Feature","geometry":{"type":"Point","coordinates":[18.6033393,54.4107086]},"properties":{"brand":"Żabka","brand:wikidata":"Q2589061","brand:wikipedia":"pl:Żabka (sieć sklepów)","name":"Żabka","name:pl":"Żabka","name:uk":"Жабка","shop":"convenience"}},
{"type":"Feature","geometry":{"type":"Point","coordinates":[18.6009942,54.4093835]},"properties":{"brand":"Żabka","brand:wikidata":"Q2589061","brand:wikipedia":"pl:Żabka (sieć sklepów)","name":"Żabka","name:pl":"Żabka","name:uk":"Жабка","shop":"convenience"}},
{"type":"Feature","geometry":{"type":"Point","coordinates":[18.5950401,54.4102223]},"properties":{"addr:city":"Gdańsk","addr:housenumber":"3A","addr:postcode":"80-398","addr:street":"Obrońców Wybrzeża","brand":"Żabka","brand:wikidata":"Q2589061","brand:wikipedia":"pl:Żabka (sieć sklepów)","name":"Żabka","name:pl":"Żabka","name:uk":"Жабка","shop":"convenience"}},
{"type":"Feature","geometry":{"type":"Point","coordinates":[18.5868811,54.4090776]},"properties":{"brand":"Żabka","brand:wikidata":"Q2589061","brand:wikipedia":"pl:Żabka (sieć sklepów)","name":"Żabka","name:pl":"Żabka","name:uk":"Жабка","opening_hours":"Mo-Sa 06:00-23:00; Su 10:00-22:00","shop":"convenience","wheelchair":"yes"}},
{"type":"Feature","geometry":{"type":"Point","coordinates":[18.5968441,54.4135997]},"properties":{"brand":"Żabka","brand:wikidata":"Q2589061","brand:wikipedia":"pl:Żabka (sieć sklepów)","name":"Żabka","name:pl":"Żabka","name:uk":"Жабка","opening_hours":"Mo-Sa 06:00-23:00; PH,Su 11:00-21:00","shop":"convenience"}},
{"type":"Feature","geometry":{"type":"Point","coordinates":[18.5855736,54.4161357]},"properties":{"addr:city":"Gdańsk","addr:housenumber":"97","addr:postcode":"80-352","addr:street":"Piastowska","brand":"Żabka","brand:wikidata":"Q2589061","brand:wikipedia":"pl:Żabka (sieć sklepów)","check_date":"2025-03-06","name":"Żabka","name:pl":"Żabka","name:uk":"Жабка","opening_hours":"Mo-Sa 06:00-23:00; Su 11:00-20:00","ref":"Z6185","shop":"convenience","website":"https://www.zabka.pl/znajdz-sklep/sklep/ID06185,gdansk-ul-piastowska-97"}},
{"type":"Feature","geometry":{"type":"Point","coordinates":[18.6486052,54.3566278]},"properties":{"addr:city":"Gdańsk","addr:country":"PL","addr:housenumber":"10","addr:postcode":"80-850","addr:street":"Rajska","brand":"Netto","brand:wikidata":"Q552652","brand:wikipedia":"da:Netto (supermarkedskæde)","contact:website":"https://netto.pl/sklepy/gdansk/ul-rajska-10/c9613e6247054f7b93eac1d3a9408274/","level":"-1","name":"Netto","operator":"Netto Sp. z o.o.","shop":"supermarket","source":"https://madison.gda.pl/"}},
{"type":"Feature","geometry":{"type":"Point","coordinates":[18.6198055,54.3942546]},"properties":{"addr:city":"Gdańsk","addr:postcode":"80-414","addr:street":"Grudziądzka","brand":"Żabka","brand:wikidata":"Q2589061","brand:wikipedia":"pl:Żabka (sieć sklepów)","name":"Żabka","name:pl":"Żabka","name:uk":"Жабка","shop":"convenience"}},
{"type":"Feature","geometry":{"type":"Point","coordinates":[18.5879467,54.3511758]},"properties":{"addr:postcode":"80-126","brand":"Żabka","brand:wikidata":"Q2589061","brand:wikipedia":"pl:Żabka (sieć sklepów)","check_date":"2025-05-29","name":"Żabka","opening_hours":"Mo-Sa 06:00-23:00; Su 10:00-22:00","shop":"convenience"}},
{"type":"Feature","geometry":{"type":"Point","coordinates":[18.5230369,54.3721553]},"properties":{"addr:city":"Gdańsk","addr:housenumber":"3","addr:postcode":"80-298","addr:street":"Majora Mieczysława Słabego","brand":"Żabka","brand:wikidata":"Q2589061","brand:wikipedia":"pl:Żabka (sieć sklepów)","name":"Żabka","name:pl":"Żabka","name:uk":"Жабка","opening_hours":"Mo-Sa 06:00-23:00; Su 08:00-22:00","payment:cash":"yes","payment:credit_cards":"yes","payment:mastercard":"yes","payment:visa":"yes","shop":"convenience","website":"https://www.zabka.pl/"}},
{"type":"Feature","geometry":{"type":"Point","coordinates":[18.6177798,54.3941332]},"properties":{"addr:city":"Gdańsk","addr:postcode":"80-414","addr:street":"Grudziądzka","brand":"Żabka","brand:wikidata":"Q2589061","brand:wikipedia":"pl:Żabka (sieć sklepów)","name":"Żabka","name:pl":"Żabka","name:uk":"Жабка","opening_hours":"Mo-Su 06:00-23:00","shop":"convenience"}},
{"type":"Feature","geometry":{"type":"Point","coordinates":[18.6560585,54.3541766]},"properties":{"brand":"Żabka","brand:wikidata":"Q2589061","name":"Żabka","name:en":"Zabka","name:pl":"Żabka","name:uk":"Жабка","shop":"convenience"}},
{"type":"Feature","geometry":{"type":"Point","coordinates":[18.5940939,54.4029025]},"properties":{"brand":"Groszek","brand:wikidata":"Q9280965","name":"Groszek","opening_hours":"Mo-Fr 07:00-21:00; Sa 07:00-17:00; Su 09:00-14:00","shop":"convenience"}},
{"type":"Feature","geometry":{"type":"Point","coordinates":[18.5942501,54.4037172]},"properties":{"opening_hours":"Mo-Sa 07:00-20:00","shop":"convenience"}},
{"type":"Feature","geometry":{"type":"Point","coordinates":[18.4139766,54.3254298]},"properties":{"addr:city":"Niestępowo","addr:housenumber":"14A","addr:postcode":"80-331","addr:street":"Raduńska","opening_hours":"Mo-Sa 05:30-20:00","shop":"convenience"}},
{"type":"Feature","geometry":{"type":"Point","coordinates":[18.5348446,54.3452848]},"properties":{"brand":"Żabka","brand:wikidata":"Q2589061","brand:wikipedia":"pl:Żabka (sieć sklepów)","check_date":"2024-05-05","name":"Żabka","name:pl":"Żabka","name:uk":"Жабка","payment:cash":"yes","payment:credit_cards":"yes","payment:debit_cards":"yes","shop":"convenience","wheelchair":"yes"}},
{"type":"Feature","geometry":{"type":"Point","coordinates":[18.5690605,54.444602]},"properties":{"addr:floor":"0","brand":"Żabka","brand:wikidata":"Q2589061","brand:wikipedia":"pl:Żabka (sieć sklepów)","check_date":"2025-08-10","level":"0","name":"Żabka","name:pl":"Żabka","name:uk":"Жабка","opening_hours":"Mo-Su 06:00-23:00","payment:cash":"yes","payment:maestro":"yes","payment:mastercard":"yes","payment:visa":"yes","shop":"convenience","website":"https://www.zabka.pl/"}},
{"type":"Feature","geometry":{"type":"Point","coordinates":[18.5676149,54.4086883]},"properties":{"brand":"Żabka","brand:wikidata":"Q2589061","brand:wikipedia":"pl:Żabka (sieć sklepów)","check_date":"2025-03-24","name":"Żabka","name:uk":"Жабка","opening_hours":"Mo-Sa 06:00-23:00; Su 08:00-22:00","shop":"convenience"}},
{"type":"Feature","geometry":{"type":"Point","coordinates":[18.5706529,54.4424543]},"properties":{"brand":"Żabka","brand:wikidata":"Q2589061","brand:wikipedia":"pl:Żabka (sieć sklepów)","name":"Żabka","name:pl":"Żabka","name:uk":"Жабка","shop":"convenience"}},
{"type":"Feature","geometry":{"type":"Point","coordinates":[18.5712527,54.4378152]},"properties":{"name":"EkoSopot","organic":"only","shop":"supermarket"}},
{"type":"Feature","geometry":{"type":"Point","coordinates":[18.5681209,54.4415519]},"properties":{"brand":"Żabka","brand:wikidata":"Q2589061","brand:wikipedia":"pl:Żabka (sieć sklepów)","name":"Żabka","name:pl":"Żabka","name:uk":"Жабка","shop":"convenience"}},
{"type":"Feature","geometry":{"type":"Point","coordinates":[18.5863088,54.3504371]},"properties":{"brand":"Żabka","brand:wikidata":"Q2589061","brand:wikipedia":"pl:Żabka (sieć sklepów)","check_date":"2025-05-29","name":"Żabka","opening_hours":"Mo-Sa 06:00-23:00","shop":"convenience"}},
{"type":"Feature","geometry":{"type":"Point","coordinates":[18.5819711,54.3491544]},"properties":{"brand":"Żabka","brand:wikidata":"Q2589061","brand:wikipedia":"pl:Żabka (sieć sklepów)","name":"Żabka","opening_hours":"Mo-Sa 06:00-22:00","shop":"convenience"}},
{"type":"Feature","geometry":{"type":"Point","coordinates":[18.5804604,54.3582286]},"properties":{"brand":"Żabka","brand:wikidata":"Q2589061","brand:wikipedia":"pl:Żabka (sieć sklepów)","name":"Żabka","name:pl":"Żabka","name:uk":"Жабка","opening_hours":"Mo-Sa 06:00-23:00","shop":"convenience"}},
{"type":"Feature","geometry":{"type":"Point","coordinates":[18.5666384,54.3490178]},"properties":{"brand":"Żabka","brand:wikidata":"Q2589061","brand:wikipedia":"pl:Żabka (sieć sklepów)","name":"Żabka","name:pl":"Żabka","name:uk":"Жабка","opening_hours":"Mo-Sa 06:00-23:00","phone":"+48618563700","shop":"convenience"}},
{"type":"Feature","geometry":{"type":"Point","coordinates":[18.5573673,54.4391737]},"properties":{"name":"Oliwka","opening_hours":"Mo-Sa 07:00-19:00","shop":"convenience"}},
{"type":"Feature","geometry":{"type":"Point","coordinates":[18.5728249,54.4382469]},"properties":{"brand":"Żabka","brand:wikidata":"Q2589061","brand:wikipedia":"pl:Żabka (sieć sklepów)","name":"Żabka","name:pl":"Żabka","name:uk":"Жабка","shop":"convenience"}},
{"type":"Feature","geometry":{"type":"Point","coordinates":[18.5612537,54.4392824]},"properties":{"brand":"Żabka","brand:wikidata":"Q2589061","brand:wikipedia":"pl:Żabka (sieć sklepów)","name":"Żabka","name:pl":"Żabka","name:uk":"Жабка","shop":"convenience"}},
{"type":"Feature","geometry":{"type":"Point","coordinates":[18.5623331,54.4302923]},"properties":{"brand":"Żabka","brand:wikidata":"Q2589061","brand:wikipedia":"pl:Żabka (sieć sklepów)","check_date":"2025-06-30","name":"Żabka","name:pl":"Żabka","name:uk":"Жабка","shop":"convenience"}},
{"type":"Feature","geometry":{"type":"Point","coordinates":[18.5465964,54.4397712]},"properties":{"check_date":"2025-02-06","name":"Zielone Jabłuszko","shop":"convenience"}},
{"type":"Feature","geometry":{"type":"Point","coordinates":[18.5506441,54.4392499]},"properties":{"brand":"Żabka","brand:wikidata":"Q2589061","brand:wikipedia":"pl:Żabka (sieć sklepów)","name":"Żabka","name:pl":"Żabka","name:uk":"Жабка","shop":"convenience"}},
{"type":"Feature","geometry":{"type":"Point","coordinates":[18.6099579,54.3900251]},"properties":{"entrance":"main"}},
{"type":"Feature","geometry":{"type":"Point","coordinates":[18.6104913,54.3899413]},"properties":{"brand":"Intermarché","brand:wikidata":"Q3153200","brand:wikipedia":"fr:Intermarché","level":"0","name":"Intermarché","shop":"supermarket"}},
{"type":"Feature","geometry":{"type":"Point","coordinates":[18.5886089,54.4034109]},"properties":{"entrance":"yes"}},
{"type":"Feature","geometry":{"type":"Point","coordinates":[18.5869541,54.4030745]},"properties":{"entrance":"yes"}},
{"type":"Feature","geometry":{"type":"Point","coordinates":[18.5889604,54.4028647]},"properties":{"barrier":"gate","entrance":"yes","layer":"-1"}},
{"type":"Feature","geometry":{"type":"Point","coordinates":[18.6068499,54.3488041]},"properties":{"brand":"Żabka","brand:wikidata":"Q2589061","check_date":"2024-10-12","name":"Żabka","name:pl":"Żabka","name:uk":"Жабка","opening_hours":"Mo-Su 06:00-23:00","shop":"convenience"}},
{"type":"Feature","geometry":{"type":"Point","coordinates":[18.6060462,54.3833433]},"properties":{"entrance":"yes"}},
{"type":"Feature","geometry":{"type":"Point","coordinates":[18.612604,54.3494109]},"properties":{"brand":"Lewiatan","brand:wikidata":"Q11755396","check_date:opening_hours":"2025-04-13","name":"Lewiatan","opening_hours":"Mo-Sa 07:00-22:00; Su 09:00-19:00","shop":"supermarket","website":"https://www.lewiatan.pl/znajdz-sklep/lewiatan-gdansk-kartuska-149","wheelchair":"no"}},
{"type":"Feature","geometry":{"type":"Point","coordinates":[18.6250858,54.349479]},"properties":{"shop":"convenience"}},
{"type":"Feature","geometry":{"type":"Point","coordinates":[18.6296046,54.3502086]},"properties":{"addr:floor":"0","addr:housenumber":"37","addr:street":"Kartuska","brand":"Żabka","brand:wikidata":"Q2589061","check_date":"2024-10-01","level":"0","name":"Żabka","name:pl":"Żabka","name:uk":"Жабка","opening_hours":"06:00-22:00","payment:cash":"yes","payment:credit_cards":"yes","payment:debit_cards":"yes","shop":"convenience","wheelchair":"yes"}},
{"type":"Feature","geometry":{"type":"Point","coordinates":[18.6187718,54.3486732]},"properties":{"shop":"convenience"}},
{"type":"Feature","geometry":{"type":"Point","coordinates":[18.5640241,54.4055053]},"properties":{"brand":"Żabka","brand:wikidata":"Q2589061","check_date":"2025-03-06","name":"Żabka","name:pl":"Żabka","name:uk":"Жабка","opening_hours":"Mo-Su 06:00-23:00","shop":"convenience"}},
{"type":"Feature","geometry":{"type":"Point","coordinates":[18.5633455,54.408176]},"properties":{"name:signed":"no","opening_hours":"Mo-Fr 06:00-20:00; Sa 06:00-18:00","shop":"convenience"}},
{"type":"Feature","geometry":{"type":"Point","coordinates":[18.6643726,54.4013052]},"properties":{"shop":"convenience"}},
{"type":"Feature","geometry":{"type":"Point","coordinates":[18.5892373,54.4042837]},"properties":{"entrance":"yes"}},
{"type":"Feature","geometry":{"type":"Point","coordinates":[18.6045825,54.3827278]},"properties":{"level":"0.5","name":"Merkus","shop":"supermarket","source":"survey","survey:date":"2021-09-06"}},
{"type":"Feature","geometry":{"type":"Point","coordinates":[18.5506062,54.3514522]},"properties":{"brand":"Żabka","brand:wikidata":"Q2589061","brand:wikipedia":"pl:Żabka (sieć sklepów)","check_date":"2025-01-18","name":"Żabka","name:pl":"Żabka","name:uk":"Жабка","shop":"convenience"}},
{"type":"Feature","geometry":{"type":"Point","coordinates":[18.5945664,54.4238449]},"properties":{"addr:city":"Gdańsk","addr:housenumber":"57","addr:postcode":"80-343","addr:street":"Pomorska","check_date":"2025-06-30","name":"Sklep Zajezdnia","phone":"794 307 341","shop":"convenience","website":"https://www.facebook.com/sklapzajezdnia/"}},
{"type":"Feature","geometry":{"type":"Point","coordinates":[18.5719716,54.4107431]},"properties":{"brand":"Żabka","brand:wikidata":"Q2589061","name":"Żabka","name:pl":"Żabka","name:uk":"Жабка","shop":"convenience"}},
{"type":"Feature","geometry":{"type":"Point","coordinates":[18.5869128,54.3802358]},"properties":{"brand":"Żabka","brand:wikidata":"Q2589061","brand:wikipedia":"pl:Żabka (sieć sklepów)","level":"0","name":"Żabka","name:pl":"Żabka","name:uk":"Жабка","opening_hours":"Mo-Su 06:00-23:00","shop":"convenience","wheelchair":"yes"}},
{"type":"Feature","geometry":{"type":"Point","coordinates":[18.5865062,54.3821381]},"properties":{"brand":"Żabka","brand:wikidata":"Q2589061","brand:wikipedia":"pl:Żabka (sieć sklepów)","check_date":"2025-07-31","name":"Żabka","name:pl":"Żabka","name:uk":"Жабка","opening_hours":"Mo-Sa 06:00-23:00; Su 11:00-20:00","shop":"convenience"}},
{"type":"Feature","geometry":{"type":"Point","coordinates":[18.5833237,54.3841395]},"properties":{"brand":"Żabka","brand:wikidata":"Q2589061","brand:wikipedia":"pl:Żabka (sieć sklepów)","name":"Żabka","name:pl":"Żabka","name:uk":"Жабка","opening_hours":"Mo-Sa 06:00-23:00; Su 09:00-21:00","shop":"convenience"}},
{"type":"Feature","geometry":{"type":"Point","coordinates":[18.5973062,54.382626]},"properties":{"addr:city":"Gdańsk","addr:housenumber":"156","addr:postcode":"80-258","addr:street":"Aleja Grunwaldzka","brand":"Żabka","brand:wikidata":"Q2589061","brand:wikipedia":"pl:Żabka (sieć sklepów)","name":"Żabka","name:pl":"Żabka","name:uk":"Жабка","opening_hours":"Mo-Sa 06:00-23:00; Su 11:00-21:00","shop":"convenience","website":"https://www.zabka.pl","wheelchair":"no"}},
{"type":"Feature","geometry":{"type":"Point","coordinates":[18.5828458,54.3863154]},"properties":{"brand":"Żabka","brand:wikidata":"Q2589061","brand:wikipedia":"pl:Żabka (sieć sklepów)","name":"Żabka","name:pl":"Żabka","name:uk":"Жабка","opening_hours":"Mo-Su 06:00-22:00","shop":"convenience"}},
{"type":"Feature","geometry":{"type":"Point","coordinates":[18.5830175,54.3877961]},"properties":{"brand":"Żabka","brand:wikidata":"Q2589061","brand:wikipedia":"pl:Żabka (sieć sklepów)","name":"Żabka","name:pl":"Żabka","name:uk":"Жабка","opening_hours":"Mo-Su 06:00-23:00","shop":"convenience"}},
{"type":"Feature","geometry":{"type":"Point","coordinates":[18.6385279,54.4061772]},"properties":{"shop":"convenience"}},
{"type":"Feature","geometry":{"type":"Point","coordinates":[18.5890008,54.3823851]},"properties":{"brand":"Żabka","brand:wikidata":"Q2589061","brand:wikipedia":"pl:Żabka (sieć sklepów)","name":"Żabka","name:pl":"Żabka","name:uk":"Жабка","opening_hours":"Mo-Su 06:00-23:00","shop":"convenience"}},
{"type":"Feature","geometry":{"type":"Point","coordinates":[18.5886954,54.3832954]},"properties":{"brand":"Żabka","brand:wikidata":"Q2589061","brand:wikipedia":"pl:Żabka (sieć sklepów)","name":"Żabka","name:pl":"Żabka","name:uk":"Жабка","opening_hours":"Mo-Su 06:00-23:00","shop":"convenience"}},
{"type":"Feature","geometry":{"type":"Point","coordinates":[18.6071649,54.375915]},"properties":{"brand":"Żabka","brand:wikidata":"Q2589061","brand:wikipedia":"pl:Żabka (sieć sklepów)","name":"Żabka","name:pl":"Żabka","name:uk":"Жабка","opening_hours":"Mo-Sa 06:00-23:00; Su 11:00-20:00","shop":"convenience"}},
{"type":"Feature","geometry":{"type":"Point","coordinates":[18.6151421,54.3765353]},"properties":{"brand":"Żabka","brand:wikidata":"Q2589061","brand:wikipedia":"pl:Żabka (sieć sklepów)","check_date":"2025-01-27","name":"Żabka","name:pl":"Żabka","name:uk":"Жабка","opening_hours":"Mo-Sa 06:00-23:00; Su 08:00-20:00","shop":"convenience","wheelchair":"no"}},
{"type":"Feature","geometry":{"type":"Point","coordinates":[18.6118942,54.3783304]},"properties":{"addr:city":"Gdańsk","addr:housenumber":"4","addr:street":"Ludwika Waryńskiego","brand":"Żabka","brand:wikidata":"Q2589061","brand:wikipedia":"pl:Żabka (sieć sklepów)","check_date":"2025-07-24","check_date:opening_hours":"2025-07-24","name":"Żabka","name:pl":"Żabka","name:uk":"Жабка","opening_hours":"Mo-Sa 06:00-23:00; Su 09:00-22:00","shop":"convenience"}},
{"type":"Feature","geometry":{"type":"Point","coordinates":[18.6187312,54.3748838]},"properties":{"brand":"Żabka","brand:wikidata":"Q2589061","brand:wikipedia":"pl:Żabka (sieć sklepów)","check_date":"2025-07-04","check_date:opening_hours":"2024-07-25","name":"Żabka","name:pl":"Żabka","name:uk":"Жабка","opening_hours":"Mo-Sa 06:00-23:00; Su 08:00-23:00","shop":"convenience"}},
{"type":"Feature","geometry":{"type":"Point","coordinates":[18.5425754,54.3337694]},"properties":{"addr:city":"Gdańsk","addr:housenumber":"64","addr:postcode":"80-174","addr:street":"Stężycka","brand":"Stokrotka Market","brand:wikidata":"Q110801183","check_date":"2025-03-25","level":"0","name":"Stokrotka Market","shop":"supermarket","wheelchair":"yes"}},
{"type":"Feature","geometry":{"type":"Point","coordinates":[18.4376719,54.3475503]},"properties":{"shop":"convenience"}},
{"type":"Feature","geometry":{"type":"Point","coordinates":[18.5947912,54.3204154]},"properties":{"brand":"Żabka","brand:wikidata":"Q2589061","brand:wikipedia":"pl:Żabka (sieć sklepów)","name":"Żabka","name:pl":"Żabka","name:uk":"Жабка","opening_hours":"Mo-Su 10:00-22:00","shop":"convenience"}},
{"type":"Feature","geometry":{"type":"Point","coordinates":[18.6441654,54.3939582]},"properties":{"addr:city":"Gdańsk","addr:housenumber":"31","addr:postcode":"80-531","addr:street":"Sucha","brand":"Biedronka","brand:wikidata":"Q857182","brand:wikipedia":"pl:Biedronka (sieć handlowa)","name":"Biedronka","opening_hours":"Mo-Sa 06:00-22:00; Su 09:00-20:00","shop":"supermarket","website":"https://www.biedronka.pl/pl/shop,id,3644"}},
{"type":"Feature","geometry":{"type":"Point","coordinates":[18.6465595,54.394684]},"properties":{"addr:city":"Gdańsk","addr:housenumber":"52/103U","addr:postcode":"80-534","addr:street":"Starowiejska","brand":"Żabka","brand:wikidata":"Q2589061","brand:wikipedia":"pl:Żabka (sieć sklepów)","check_date":"2025-07-27","name":"Żabka","name:pl":"Żabka","name:uk":"Жабка","opening_hours":"Mo-Sa 06:00-23:00; Su 10:00-22:00","shop":"convenience"}},
{"type":"Feature","geometry":{"type":"Point","coordinates":[18.5881277,54.3574147]},"properties":{"access":"private","addr:city":"Gdańsk","addr:housenumber":"19","addr:postcode":"80-286","addr:street":"Franciszka Rakoczego","check_date":"2024-11-07","name":"Lisek.app","shop":"convenience"}},
{"type":"Feature","geometry":{"type":"Point","coordinates":[18.5820894,54.3051168]},"properties":{"name":"Roguś","shop":"convenience"}},
{"type":"Feature","geometry":{"type":"Point","coordinates":[18.5924744,54.4185496]},"properties":{"brand":"Żabka","brand:wikidata":"Q2589061","brand:wikipedia":"pl:Żabka (sieć sklepów)","check_date":"2025-03-06","name":"Żabka","name:pl":"Żabka","name:uk":"Жабка","shop":"convenience"}},
{"type":"Feature","geometry":{"type":"Point","coordinates":[18.6848398,54.3573789]},"properties":{"brand":"Żabka","brand:wikidata":"Q2589061","brand:wikipedia":"pl:Żabka (sieć sklepów)","name":"Żabka","name:pl":"Żabka","name:uk":"Жабка","shop":"convenience"}},
{"type":"Feature","geometry":{"type":"Point","coordinates":[18.5194153,54.3717795]},"properties":{"brand":"Auchan","brand:wikidata":"Q758603","check_date:opening_hours":"2025-08-18","contact:phone":"+48 668 368 871","name":"Auchan","opening_hours":"Mo-Fr 08:00-21:00; Sa 08:00-21:00; Su 09:00-20:00; PH off","shop":"supermarket"}},
{"type":"Feature","geometry":{"type":"Point","coordinates":[18.5561347,54.3502537]},"properties":{"addr:city":"Gdańsk","addr:housenumber":"1","addr:street":"Głuszca","brand":"Żabka","brand:wikidata":"Q2589061","brand:wikipedia":"pl:Żabka (sieć sklepów)","name":"Żabka","name:pl":"Żabka","name:uk":"Жабка","opening_hours":"Mo-Su 09:00-23:00","shop":"convenience"}},
{"type":"Feature","geometry":{"type":"Point","coordinates":[18.4721857,54.4227277]},"properties":{"brand":"Żabka","brand:wikidata":"Q2589061","level":"0","name":"Żabka","name:pl":"Żabka","name:uk":"Жабка","shop":"convenience"}},
{"type":"Feature","geometry":{"type":"Point","coordinates":[18.6049587,54.4097085]},"properties":{"addr:city":"Gdańsk","addr:housenumber":"31","addr:postcode":"80-365","addr:street":"Prezydenta Lecha Kaczyńskiego","brand":"Żabka","brand:wikidata":"Q2589061","brand:wikipedia":"pl:Żabka (sieć sklepów)","name":"Żabka","name:pl":"Żabka","name:uk":"Жабка","shop":"convenience"}},
{"type":"Feature","geometry":{"type":"Point","coordinates":[18.5624676,54.4433214]},"properties":{"addr:city":"Sopot","addr:door":"U","addr:housenumber":"21","addr:postcode":"81-706","addr:street":"Bohaterów Monte Cassino","brand":"Żabka","brand:wikidata":"Q2589061","brand:wikipedia":"pl:Żabka (sieć sklepów)","name":"Żabka","name:pl":"Żabka","name:uk":"Жабка","operator":"SPICA Łukasz Marchlewski","ref":"Z9563","shop":"convenience"}},
{"type":"Feature","geometry":{"type":"Point","coordinates":[18.5697651,54.4440058]},"properties":{"brand":"Żabka","brand:wikidata":"Q2589061","brand:wikipedia":"pl:Żabka (sieć sklepów)","name":"Żabka","name:pl":"Żabka","name:uk":"Жабка","shop":"convenience"}},
{"type":"Feature","geometry":{"type":"Point","coordinates":[18.4694767,54.4194269]},"properties":{"addr:city":"Gdańsk","addr:housenumber":"38","addr:postcode":"80-299","addr:street":"Koziorożca","brand":"Biedronka","brand:wikidata":"Q857182","brand:wikipedia":"pl:Biedronka (sieć handlowa)","check_date":"2024-10-21","name":"Biedronka","operator":"Jeronimo","shop":"supermarket"}},
{"type":"Feature","geometry":{"type":"Point","coordinates":[18.553907,54.4085956]},"properties":{"name":"Paszcza Lwa","shop":"convenience"}},
{"type":"Feature","geometry":{"type":"Point","coordinates":[18.638189,54.3515423]},"properties":{"brand":"Livio","brand:wikidata":"Q108599511","name":"Livio","operator":"Libra s.c.","shop":"convenience"}},
{"type":"Feature","geometry":{"type":"Point","coordinates":[18.5835416,54.3797728]},"properties":{"addr:city":"Gdańsk","addr:housenumber":"51","addr:postcode":"80-257","addr:street":"Juliusza Słowackiego","brand":"Żabka","brand:wikidata":"Q2589061","brand:wikipedia":"pl:Żabka (sieć sklepów)","check_date:opening_hours":"2025-07-28","name":"Żabka","name:pl":"Żabka","name:uk":"Жабка","opening_hours":"Mo-Su 06:00-23:00","shop":"convenience"}},
{"type":"Feature","geometry":{"type":"Point","coordinates":[18.5892729,54.4033372]},"properties":{"addr:city":"Gdańsk","addr:housenumber":"34","addr:postcode":"80-391","addr:street":"Kołobrzeska","brand":"Żabka","brand:wikidata":"Q2589061","brand:wikipedia":"pl:Żabka (sieć sklepów)","check_date":"2025-03-07","name":"Żabka","name:pl":"Żabka","name:uk":"Жабка","opening_hours":"Mo-Su 06:00-23:00","shop":"convenience"}},
{"type":"Feature","geometry":{"type":"Point","coordinates":[18.6002976,54.4102131]},"properties":{"addr:city":"Gdańsk","addr:country":"PL","addr:housenumber":"21","addr:postcode":"80-398","addr:street":"Obrońców Wybrzeża","brand":"Netto","brand:wikidata":"Q552652","brand:wikipedia":"da:Netto (supermarkedskæde)","contact:website":"https://netto.pl/sklepy/gdansk/ul-obroncow-wybrzeza-21/809bcf6807484d9788350affc9054755/","name":"Netto","opening_hours":"Mo-Sa 06:00-22:00","shop":"supermarket","start_date":"2022-02-03"}},
{"type":"Feature","geometry":{"type":"Point","coordinates":[18.5728482,54.3534236]},"properties":{"brand":"abc","brand:wikidata":"Q11683985","name":"abc","shop":"convenience"}},
{"type":"Feature","geometry":{"type":"Point","coordinates":[18.621255,54.3933991]},"properties":{"brand":"Żabka","brand:wikidata":"Q2589061","name":"Żabka","name:pl":"Żabka","name:uk":"Жабка","shop":"convenience"}},
{"type":"Feature","geometry":{"type":"Point","coordinates":[18.4798723,54.4323508]},"properties":{"entrance":"main"}},
{"type":"Feature","geometry":{"type":"Point","coordinates":[18.5115667,54.3227586]},"properties":{"name":"Delikatesy Paweł","opening_hours":"Mo-Sa 06:00-20:00; Su 09:00-15:00; PH closed","phone":"+48 668 935 190","shop":"convenience","wheelchair":"designated"}},
{"type":"Feature","geometry":{"type":"Point","coordinates":[18.6023355,54.326185]},"properties":{"addr:city":"Gdańsk","addr:door":"2","addr:housenumber":"92","addr:postcode":"80-180","addr:street":"Dąbrówki","brand":"Żabka","brand:wikidata":"Q2589061","name":"Żabka","name:pl":"Żabka","name:uk":"Жабка","shop":"convenience"}},
{"type":"Feature","geometry":{"type":"Point","coordinates":[18.5564505,54.4468353]},"properties":{"addr:city":"Sopot","addr:housenumber":"133","addr:street":"Armii Krajowej","brand":"Żabka","brand:wikidata":"Q2589061","name":"Żabka","name:pl":"Żabka","name:uk":"Жабка","shop":"convenience"}},
{"type":"Feature","geometry":{"type":"Point","coordinates":[18.5770752,54.422627]},"properties":{"brand":"Lewiatan","brand:wikidata":"Q11755396","name":"Lewiatan","shop":"convenience"}},
{"type":"Feature","geometry":{"type":"Point","coordinates":[18.6616379,54.4006525]},"properties":{"brand":"Lewiatan","brand:wikidata":"Q11755396","name":"Lewiatan","shop":"convenience"}},
{"type":"Feature","geometry":{"type":"Point","coordinates":[18.5734582,54.3912013]},"properties":{"brand":"Lewiatan","brand:wikidata":"Q11755396","name":"Lewiatan","shop":"convenience","website":"https://www.lewiatan.pl/znajdz-sklep/lewiatan-gdansk-abrahama-15a"}},
{"type":"Feature","geometry":{"type":"Point","coordinates":[18.5843856,54.40648]},"properties":{"addr:city":"Gdańsk","addr:housenumber":"66","addr:postcode":"80-389","addr:street":"Śląska","brand":"Stokrotka Market","brand:wikidata":"Q110801183","name":"Stokrotka Market","opening_hours":"Mo-Sa 06:30-22:00","payment:cash":"yes","payment:credit_cards":"yes","shop":"supermarket","website":"https://stokrotka.pl/"}},
{"type":"Feature","geometry":{"type":"Point","coordinates":[18.5920838,54.4127693]},"properties":{"brand":"Groszek","brand:wikidata":"Q9280965","contact:facebook":"https://www.facebook.com/Sklepy.Groszek/","contact:instagram":"https://www.instagram.com/sklepy_groszek_official/","contact:youtube":"https://www.youtube.com/c/KuchniaTVGroszek/","name":"Groszek","opening_hours":"Mo-Fr 06:30-21:00; Sa 07:00-20:15;Su 09:00-18:00","shop":"convenience","website":"https://groszek.com.pl/sklepy/"}},
{"type":"Feature","geometry":{"type":"Point","coordinates":[18.5662517,54.3770903]},"properties":{"brand":"Groszek","brand:wikidata":"Q9280965","name":"Groszek","shop":"convenience"}},
{"type":"Feature","geometry":{"type":"Point","coordinates":[18.5860545,54.3294611]},"properties":{"brand":"Groszek","brand:wikidata":"Q9280965","check_date":"2024-10-10","name":"Groszek","shop":"convenience"}},
{"type":"Feature","geometry":{"type":"Point","coordinates":[18.7158796,54.3608598]},"properties":{"brand":"Żabka","brand:wikidata":"Q2589061","name":"Żabka","name:pl":"Żabka","name:uk":"Жабка","shop":"convenience"}},
{"type":"Feature","geometry":{"type":"Point","coordinates":[18.6823209,54.356559]},"properties":{"brand":"Żabka","brand:wikidata":"Q2589061","name":"Żabka","name:pl":"Żabka","name:uk":"Жабка","shop":"convenience"}},
{"type":"Feature","geometry":{"type":"Point","coordinates":[18.655163,54.3411952]},"properties":{"brand":"Żabka","brand:wikidata":"Q2589061","check_date":"2025-01-22","name":"Żabka","name:pl":"Żabka","name:uk":"Жабка","shop":"convenience"}},
{"type":"Feature","geometry":{"type":"Point","coordinates":[18.647511,54.3442736]},"properties":{"brand":"Żabka","brand:wikidata":"Q2589061","name":"Żabka","name:pl":"Żabka","name:uk":"Жабка","opening_hours":"Mo-Su 06:00-23:00","shop":"convenience"}},
{"type":"Feature","geometry":{"type":"Point","coordinates":[18.6643234,54.3474319]},"properties":{"brand":"Żabka","brand:wikidata":"Q2589061","name":"Żabka","name:pl":"Żabka","name:uk":"Жабка","opening_hours":"Mo-Su 06:00-23:00","shop":"convenience"}},
{"type":"Feature","geometry":{"type":"Point","coordinates":[18.6622762,54.350443]},"properties":{"brand":"Żabka","brand:wikidata":"Q2589061","name":"Żabka","name:pl":"Żabka","name:uk":"Жабка","shop":"convenience"}},
{"type":"Feature","geometry":{"type":"Point","coordinates":[18.6568771,54.3467912]},"properties":{"brand":"Żabka","brand:wikidata":"Q2589061","check_date":"2025-08-08","name":"Żabka","name:pl":"Żabka","name:uk":"Жабка","shop":"convenience"}},
{"type":"Feature","geometry":{"type":"Point","coordinates":[18.6583947,54.3473694]},"properties":{"brand":"Żabka","brand:wikidata":"Q2589061","check_date":"2025-08-08","name":"Żabka","name:pl":"Żabka","name:uk":"Жабка","shop":"convenience"}},
{"type":"Feature","geometry":{"type":"Point","coordinates":[18.6582088,54.3491773]},"properties":{"brand":"Żabka","brand:wikidata":"Q2589061","name":"Żabka","name:pl":"Żabka","name:uk":"Жабка","shop":"convenience"}},
{"type":"Feature","geometry":{"type":"Point","coordinates":[18.6534743,54.3492646]},"properties":{"brand":"Żabka","brand:wikidata":"Q2589061","name":"Żabka","name:pl":"Żabka","name:uk":"Жабка","opening_hours":"Mo-Su 06:00-23:00","shop":"convenience"}},
{"type":"Feature","geometry":{"type":"Point","coordinates":[18.6481998,54.3490535]},"properties":{"brand":"Żabka","brand:wikidata":"Q2589061","check_date":"2025-08-08","name":"Żabka","name:pl":"Żabka","name:uk":"Жабка","opening_hours":"Mo-Sa 06:00-23:00; Su 11:00-21:00","shop":"convenience"}},
{"type":"Feature","geometry":{"type":"Point","coordinates":[18.6540355,54.3519682]},"properties":{"addr:floor":"0","addr:housenumber":"65","addr:postcode":"80-840","addr:street":"Świętojańska","brand":"Żabka","brand:wikidata":"Q2589061","check_date":"2025-07-30","internet_access":"no","level":"0","name":"Żabka","name:pl":"Żabka","name:uk":"Жабка","opening_hours":"06:00-23:00","payment:cash":"yes","payment:credit_cards":"yes","payment:debit_cards":"yes","shop":"convenience","wheelchair":"yes"}},
{"type":"Feature","geometry":{"type":"Point","coordinates":[18.6477673,54.3570502]},"properties":{"brand":"Żabka","brand:wikidata":"Q2589061","name":"Żabka","name:pl":"Żabka","name:uk":"Жабка","opening_hours":"Mo-Su 06:00-23:00","shop":"convenience"}},
{"type":"Feature","geometry":{"type":"Point","coordinates":[18.6512208,54.3566142]},"properties":{"brand":"Żabka","brand:wikidata":"Q2589061","name":"Żabka","name:pl":"Żabka","name:uk":"Жабка","shop":"convenience"}},
{"type":"Feature","geometry":{"type":"Point","coordinates":[18.6534545,54.3586888]},"properties":{"brand":"Żabka","brand:wikidata":"Q2589061","name":"Żabka","name:pl":"Żabka","name:uk":"Жабка","shop":"convenience"}},
{"type":"Feature","geometry":{"type":"Point","coordinates":[18.6479411,54.3616284]},"properties":{"brand":"Żabka","brand:wikidata":"Q2589061","name":"Żabka","name:pl":"Żabka","name:uk":"Жабка","opening_hours":"Mo-Su 06:00-23:00","shop":"convenience"}},
{"type":"Feature","geometry":{"type":"Point","coordinates":[18.6468616,54.3626375]},"properties":{"brand":"Żabka","brand:wikidata":"Q2589061","name":"Żabka","name:pl":"Żabka","name:uk":"Жабка","shop":"convenience"}},
{"type":"Feature","geometry":{"type":"Point","coordinates":[18.6114534,54.3035348]},"properties":{"brand":"Żabka","brand:wikidata":"Q2589061","name":"Żabka","name:pl":"Żabka","name:uk":"Жабка","shop":"convenience"}},
{"type":"Feature","geometry":{"type":"Point","coordinates":[18.6010676,54.3091007]},"properties":{"brand":"Żabka","brand:wikidata":"Q2589061","name":"Żabka","name:pl":"Żabka","name:uk":"Жабка","shop":"convenience"}},
{"type":"Feature","geometry":{"type":"Point","coordinates":[18.5850973,54.3088262]},"properties":{"brand":"Żabka","brand:wikidata":"Q2589061","name":"Żabka","name:pl":"Żabka","name:uk":"Жабка","shop":"convenience"}},
{"type":"Feature","geometry":{"type":"Point","coordinates":[18.6341583,54.3322808]},"properties":{"brand":"Żabka","brand:wikidata":"Q2589061","check_date":"2024-10-15","name":"Żabka","name:pl":"Żabka","name:uk":"Жабка","shop":"convenience"}},
{"type":"Feature","geometry":{"type":"Point","coordinates":[18.6107447,54.3261559]},"properties":{"brand":"Żabka","brand:wikidata":"Q2589061","name":"Żabka","name:pl":"Żabka","name:uk":"Жабка","shop":"convenience"}},
{"type":"Feature","geometry":{"type":"Point","coordinates":[18.617353,54.3243663]},"properties":{"brand":"Żabka","brand:wikidata":"Q2589061","name":"Żabka","name:pl":"Żabka","name:uk":"Жабка","opening_hours":"Mo-Sa 06:00-23:00; Su,PH 10:00-21:00","shop":"convenience"}},
{"type":"Feature","geometry":{"type":"Point","coordinates":[18.6261578,54.334375]},"properties":{"brand":"Żabka","brand:wikidata":"Q2589061","name":"Żabka","name:pl":"Żabka","name:uk":"Жабка","shop":"convenience"}},
{"type":"Feature","geometry":{"type":"Point","coordinates":[18.4695547,54.4300003]},"properties":{"brand":"Żabka","brand:wikidata":"Q2589061","check_date":"2025-05-20","name":"Żabka","name:pl":"Żabka","name:uk":"Жабка","shop":"convenience"}},
{"type":"Feature","geometry":{"type":"Point","coordinates":[18.5087821,54.3526752]},"properties":{"brand":"Żabka","brand:wikidata":"Q2589061","name":"Żabka","name:pl":"Żabka","name:uk":"Жабка","shop":"convenience"}},
{"type":"Feature","geometry":{"type":"Point","coordinates":[18.5615754,54.3218127]},"properties":{"brand":"Żabka","brand:wikidata":"Q2589061","name":"Żabka","name:pl":"Żabka","name:uk":"Жабка","shop":"convenience"}},
{"type":"Feature","geometry":{"type":"Point","coordinates":[18.5853331,54.3302344]},"properties":{"brand":"Żabka","brand:wikidata":"Q2589061","check_date":"2024-10-10","name":"Żabka","name:pl":"Żabka","name:uk":"Жабка","shop":"convenience"}},
{"type":"Feature","geometry":{"type":"Point","coordinates":[18.6051167,54.3299616]},"properties":{"brand":"Żabka","brand:wikidata":"Q2589061","name":"Żabka","name:pl":"Żabka","name:uk":"Жабка","shop":"convenience"}},
{"type":"Feature","geometry":{"type":"Point","coordinates":[18.6069016,54.3378685]},"properties":{"brand":"Żabka","brand:wikidata":"Q2589061","name":"Żabka","name:pl":"Żabka","name:uk":"Жабка","opening_hours":"Mo-Sa 06:00-23:00; Su 10:00-21:00","shop":"convenience"}},
{"type":"Feature","geometry":{"type":"Point","coordinates":[18.6119814,54.3376493]},"properties":{"brand":"Żabka","brand:wikidata":"Q2589061","name":"Żabka","name:pl":"Żabka","name:uk":"Жабка","shop":"convenience"}},
{"type":"Feature","geometry":{"type":"Point","coordinates":[18.6159992,54.3336261]},"properties":{"brand":"Żabka","brand:wikidata":"Q2589061","name":"Żabka","name:pl":"Żabka","name:uk":"Жабка","shop":"convenience"}},
{"type":"Feature","geometry":{"type":"Point","coordinates":[18.6127954,54.3484024]},"properties":{"brand":"Żabka","brand:wikidata":"Q2589061","check_date":"2024-08-22","name":"Żabka","name:pl":"Żabka","name:uk":"Жабка","opening_hours":"06:00-23:00","shop":"convenience"}},
{"type":"Feature","geometry":{"type":"Point","coordinates":[18.623435,54.3488315]},"properties":{"brand":"Żabka","brand:wikidata":"Q2589061","name":"Żabka","name:pl":"Żabka","name:uk":"Жабка","shop":"convenience"}},
{"type":"Feature","geometry":{"type":"Point","coordinates":[18.6294209,54.3512367]},"properties":{"brand":"Żabka","brand:wikidata":"Q2589061","name":"Żabka","name:pl":"Żabka","name:uk":"Жабка","shop":"convenience"}},
{"type":"Feature","geometry":{"type":"Point","coordinates":[18.6111774,54.3533217]},"properties":{"addr:floor":"0","addr:housenumber":"15","addr:street":"Zygmunta Noskowskiego","brand":"Żabka","brand:wikidata":"Q2589061","check_date":"2023-07-16","internet_access":"no","level":"0","name":"Żabka","name:pl":"Żabka","name:uk":"Жабка","opening_hours":"Mo-Sa 06:00-22:00; Su,PH 10:00-21:00","payment:mastercard":"yes","payment:visa":"yes","shop":"convenience","wheelchair":"limited"}},
{"type":"Feature","geometry":{"type":"Point","coordinates":[18.5937905,54.3503952]},"properties":{"brand":"Żabka","brand:wikidata":"Q2589061","name":"Żabka","name:pl":"Żabka","name:uk":"Жабка","shop":"convenience"}},
{"type":"Feature","geometry":{"type":"Point","coordinates":[18.623103,54.3759399]},"properties":{"brand":"Żabka","brand:wikidata":"Q2589061","check_date":"2025-02-01","name":"Żabka","name:pl":"Żabka","name:uk":"Жабка","opening_hours":"06:00-23:00","shop":"convenience"}},
{"type":"Feature","geometry":{"type":"Point","coordinates":[18.6430632,54.3953322]},"properties":{"addr:city":"Gdańsk","addr:housenumber":"37A/234U","addr:postcode":"80-531","addr:street":"Sucha","brand":"Żabka","brand:wikidata":"Q2589061","name":"Żabka","name:pl":"Żabka","name:uk":"Жабка","opening_hours":"Mo-Sa 06:00-23:00, Su 10:00-23:00","operator":"Żabka","shop":"convenience"}},
{"type":"Feature","geometry":{"type":"Point","coordinates":[18.6460313,54.3989266]},"properties":{"addr:city":"Gdańsk","addr:housenumber":"1G","addr:postcode":"80-536","addr:street":"Letnicka","brand":"Żabka","brand:wikidata":"Q2589061","name":"Żabka","name:pl":"Żabka","name:uk":"Жабка","opening_hours":"Mo-Sa 06:00-23:00; Su 09:00-23:00","shop":"convenience"}},
{"type":"Feature","geometry":{"type":"Point","coordinates":[18.6618772,54.4011299]},"properties":{"brand":"Żabka","brand:wikidata":"Q2589061","name":"Żabka","name:pl":"Żabka","name:uk":"Жабка","opening_hours":"Mo-Sa 06:00-23:00; Su 09:00-21:00","shop":"convenience"}},
{"type":"Feature","geometry":{"type":"Point","coordinates":[18.6440292,54.4058541]},"properties":{"brand":"Żabka","brand:wikidata":"Q2589061","check_date":"2025-07-27","name":"Żabka","name:pl":"Żabka","name:uk":"Жабка","opening_hours":"Mo-Sa 06:00-23:00; Su 09:00-22:00","shop":"convenience"}},
{"type":"Feature","geometry":{"type":"Point","coordinates":[18.6306679,54.4068021]},"properties":{"brand":"Żabka","brand:wikidata":"Q2589061","name":"Żabka","name:pl":"Żabka","name:uk":"Жабка","opening_hours":"Mo-Sa 06:00-23:00; Su 10:00-20:00","shop":"convenience"}},
{"type":"Feature","geometry":{"type":"Point","coordinates":[18.6292723,54.4043344]},"properties":{"brand":"Żabka","brand:wikidata":"Q2589061","name":"Żabka","name:pl":"Żabka","name:uk":"Жабка","opening_hours":"Mo-Sa 06:00-23:00; Su 09:00-21:00","shop":"convenience"}},
{"type":"Feature","geometry":{"type":"Point","coordinates":[18.6158547,54.3825444]},"properties":{"brand":"Żabka","brand:wikidata":"Q2589061","check_date":"2025-03-06","internet_access":"no","name":"Żabka","name:pl":"Żabka","name:uk":"Жабка","opening_hours":"Mo-Su 06:00-23:00","payment:cash":"yes","payment:credit_cards":"yes","payment:debit_cards":"yes","shop":"convenience","wheelchair":"yes"}},
{"type":"Feature","geometry":{"type":"Point","coordinates":[18.6004818,54.3913203]},"properties":{"brand":"Żabka","brand:wikidata":"Q2589061","level":"0","name":"Żabka","name:pl":"Żabka","name:uk":"Жабка","opening_hours":"Mo-Su 06:00-23:00","shop":"convenience","wheelchair":"yes"}},
{"type":"Feature","geometry":{"type":"Point","coordinates":[18.5985141,54.3942837]},"properties":{"brand":"Żabka","brand:wikidata":"Q2589061","name":"Żabka","name:pl":"Żabka","name:uk":"Жабка","opening_hours":"Mo-Su 06:00-23:00","shop":"convenience"}},
{"type":"Feature","geometry":{"type":"Point","coordinates":[18.6083374,54.4014411]},"properties":{"brand":"Żabka","brand:wikidata":"Q2589061","name":"Żabka","name:pl":"Żabka","name:uk":"Жабка","opening_hours":"Mo-Su 06:00-23:00","shop":"convenience"}},
{"type":"Feature","geometry":{"type":"Point","coordinates":[18.6070866,54.4051838]},"properties":{"brand":"Żabka","brand:wikidata":"Q2589061","name":"Żabka","name:pl":"Żabka","name:uk":"Жабка","shop":"convenience"}},
{"type":"Feature","geometry":{"type":"Point","coordinates":[18.5912881,54.4017239]},"properties":{"brand":"Żabka","brand:wikidata":"Q2589061","name":"Żabka","name:pl":"Żabka","name:uk":"Жабка","opening_hours":"Mo-Su 06:00-23:00","shop":"convenience"}},
{"type":"Feature","geometry":{"type":"Point","coordinates":[18.5820497,54.4026716]},"properties":{"brand":"Żabka","brand:wikidata":"Q2589061","check_date":"2025-03-17","name":"Żabka","name:pl":"Żabka","name:uk":"Жабка","opening_hours":"Mo-Sa 06:00-23:00; Su 08:00-22:00","shop":"convenience"}},
{"type":"Feature","geometry":{"type":"Point","coordinates":[18.583089,54.4007655]},"properties":{"brand":"Żabka","brand:wikidata":"Q2589061","name":"Żabka","name:pl":"Żabka","name:uk":"Жабка","opening_hours":"Mo-Su 06:00-23:00","shop":"convenience"}},
{"type":"Feature","geometry":{"type":"Point","coordinates":[18.5771848,54.3983125]},"properties":{"brand":"Żabka","brand:wikidata":"Q2589061","check_date:opening_hours":"2025-05-13","name":"Żabka","name:pl":"Żabka","name:uk":"Жабка","opening_hours":"Mo-Su 06:00-23:00","shop":"convenience"}},
{"type":"Feature","geometry":{"type":"Point","coordinates":[18.5786306,54.4084864]},"properties":{"addr:city":"Gdańsk","addr:housenumber":"11/U1","addr:postcode":"80-308","addr:street":"Maurycego Beniowskiego","brand":"Żabka","brand:wikidata":"Q2589061","name":"Żabka","name:pl":"Żabka","name:uk":"Жабка","opening_hours":"Mo-Sa 06:00-23:00","operator":"Agawa Ewa Mardusewicz","ref":"Z4561","shop":"convenience","website":"https://www.zabka.pl/znajdz-sklep/sklep/ID04561,gdansk-beniowskiego-11-u1"}},
{"type":"Feature","geometry":{"type":"Point","coordinates":[18.5771925,54.4122593]},"properties":{"brand":"Żabka","brand:wikidata":"Q2589061","name":"Żabka","name:pl":"Żabka","name:uk":"Жабка","opening_hours":"Mo-Su 06:00-23:00","shop":"convenience"}},
{"type":"Feature","geometry":{"type":"Point","coordinates":[18.6037152,54.4211299]},"properties":{"brand":"Żabka","brand:wikidata":"Q2589061","name":"Żabka","name:pl":"Żabka","name:uk":"Жабка","opening_hours":"Mo-Su 06:00-23:00","shop":"convenience"}},
{"type":"Feature","geometry":{"type":"Point","coordinates":[18.5573031,54.4141778]},"properties":{"brand":"Żabka","brand:wikidata":"Q2589061","name":"Żabka","name:pl":"Żabka","name:uk":"Жабка","opening_hours":"Mo-Su 06:00-23:00","shop":"convenience"}},
{"type":"Feature","geometry":{"type":"Point","coordinates":[18.5622889,54.4016587]},"properties":{"brand":"Żabka","brand:wikidata":"Q2589061","check_date":"2025-07-04","name":"Żabka","name:pl":"Żabka","name:uk":"Жабка","opening_hours":"Mo-Sa 06:00-23:00","shop":"convenience"}},
{"type":"Feature","geometry":{"type":"Point","coordinates":[18.6139613,54.3757538]},"properties":{"addr:city":"Gdańsk","addr:housenumber":"40","addr:postcode":"80-241","addr:street":"Aleja Grunwaldzka","check_date":"2025-07-04","name":"Best Market","opening_hours":"10:00-22:00","shop":"convenience"}},
{"type":"Feature","geometry":{"type":"Point","coordinates":[18.5902807,54.4071197]},"properties":{"entrance":"main"}},
{"type":"Feature","geometry":{"type":"Point","coordinates":[18.6053752,54.3966741]},"properties":{"addr:city":"Gdańsk","addr:housenumber":"18","addr:postcode":"80-462","addr:street":"Aleja Jana Pawła II","brand":"Biedronka","brand:wikidata":"Q857182","brand:wikipedia":"pl:Biedronka (sieć handlowa)","check_date":"2025-04-17","name":"Biedronka","operator":"Jeronimo Martins Polska S.A.","shop":"supermarket","website":"https://www.biedronka.pl/pl/shop,id,6964"}},
{"type":"Feature","geometry":{"type":"Point","coordinates":[18.4890083,54.366665]},"properties":{"brand":"Żabka","brand:wikidata":"Q2589061","name":"Żabka","name:pl":"Żabka","name:uk":"Жабка","shop":"convenience"}},
{"type":"Feature","geometry":{"type":"Point","coordinates":[18.745096,54.3271401]},"properties":{"entrance":"main"}},
{"type":"Feature","geometry":{"type":"Point","coordinates":[18.5918357,54.3821072]},"properties":{"entrance":"yes"}},
{"type":"Feature","geometry":{"type":"Point","coordinates":[18.5838185,54.3596251]},"properties":{"entrance":"main"}},
{"type":"Feature","geometry":{"type":"Point","coordinates":[18.6387563,54.4065939]},"properties":{"brand":"Lewiatan","brand:wikidata":"Q11755396","brand:wikipedia":"pl:Lewiatan (sieć handlowa)","name":"Lewiatan","shop":"convenience"}},
{"type":"Feature","geometry":{"type":"Point","coordinates":[18.4578372,54.4187013]},"properties":{"brand":"Żabka","brand:wikidata":"Q2589061","name":"Żabka","name:pl":"Żabka","name:uk":"Жабка","opening_hours":"Mo-Sa 06:00-23:00; Su,PH 09:00-21:00","shop":"convenience"}},
{"type":"Feature","geometry":{"type":"Point","coordinates":[18.6013721,54.3786702]},"properties":{"name":"Nasz Sklep","opening_hours":"Mo-Sa 07:00-18:00","shop":"convenience"}},
{"type":"Feature","geometry":{"type":"Point","coordinates":[18.606376,54.3780501]},"properties":{"addr:city":"Gdańsk","addr:street":"Aleja Grunwaldzka","brand":"Żabka","brand:wikidata":"Q2589061","brand:wikipedia":"pl:Żabka (sieć sklepów)","cash_withdrawal":"yes","check_date":"2025-02-16","name":"Żabka","name:uk":"Жабка","opening_hours":"Mo-Su 06:00-23:00","payment:american_express":"yes","payment:apple_pay":"yes","payment:blik":"yes","payment:contactless":"yes","payment:diners_club":"yes","payment:google_pay":"yes","payment:maestro":"yes","payment:visa":"yes","payment:visa_debit":"yes","payment:visa_electron":"yes","shop":"convenience","website":"https://www.zabka.pl/"}},
{"type":"Feature","geometry":{"type":"Point","coordinates":[18.6149172,54.3787472]},"properties":{"barrier":"gate"}},
{"type":"Feature","geometry":{"type":"Point","coordinates":[18.6153222,54.3786107]},"properties":{"barrier":"gate"}},
{"type":"Feature","geometry":{"type":"Point","coordinates":[18.6155351,54.378551]},"properties":{"barrier":"gate"}},
{"type":"Feature","geometry":{"type":"Point","coordinates":[18.6475272,54.3939676]},"properties":{"addr:city":"Gdańsk","addr:housenumber":"63","addr:postcode":"80-534","addr:street":"Starowiejska","brand":"Stokrotka Express","brand:wikidata":"Q110801119","name":"Stokrotka Express","opening_hours":"Mo-Sa 06:00-23:00, Su 10:00-21:00","shop":"convenience","website":"https://stokrotka.pl/nasze-sklepy/gdansk-ul-starowiejska-63-5534.html"}},
{"type":"Feature","geometry":{"type":"Point","coordinates":[18.5641466,54.4051728]},"properties":{"shop":"convenience"}},
{"type":"Feature","geometry":{"type":"Point","coordinates":[18.591021,54.4126642]},"properties":{"contact:facebook":"https://www.facebook.com/Chemia-z-Niemiec-241861972814569/","description":"Produkty z niemiec. Dowóz gratis","email":"fabi24@o2.pl; slawekwarmbier@o2.pl","mobile":"+48 503 788 814","name":"Fab Pol","operator":"Warmbier Sławomir","shop":"convenience","website":"http://www.fabi24.pl"}},
{"type":"Feature","geometry":{"type":"Point","coordinates":[18.5803921,54.4199537]},"properties":{"description":"Produkty z Niemiec.","email":"sklep@lila24.pl","mobile":"+48 515 035 525","name":"Lili","opening_hours":"Mo-Fr 10:00-18:00; Sa 09:00-14:00","phone":"+48 58 511 71 02","shop":"convenience","website":"http://lila24.pl"}},
{"type":"Feature","geometry":{"type":"Point","coordinates":[18.6040737,54.3805897]},"properties":{"check_date":"2025-03-18","contact:facebook":"https://www.facebook.com/LittleIndiaPoland","contact:instagram":"https://www.instagram.com/little_india_poland/","contact:youtube":"https://www.youtube.com/channel/UCog5FjEPSyOQlq3BedCT7hQ","description":"Produkty kuchni indyjskiej","email":"sklep@littleindia.pl","internet_access":"wlan","internet_access:fee":"no","level":"0","mobile":"+48 729 231 957;+48 739 566 099","name":"Little india","opening_hours":"Mo-Sa 11:00-19:00","shop":"convenience","website":"https://www.littleindia.pl/"}},
{"type":"Feature","geometry":{"type":"Point","coordinates":[18.4345911,54.3639053]},"properties":{"name":"Sklep Po Drodze","shop":"convenience"}},
{"type":"Feature","geometry":{"type":"Point","coordinates":[18.5999524,54.3915056]},"properties":{"description":"Produkty z Niemiec","level":"0","shop":"convenience","wheelchair":"yes"}},
{"type":"Feature","geometry":{"type":"Point","coordinates":[18.5999043,54.3912542]},"properties":{"level":"0","shop":"convenience","wheelchair":"yes"}},
{"type":"Feature","geometry":{"type":"Point","coordinates":[18.5991101,54.3912103]},"properties":{"level":"0","name":"Warzywa i Owoce u Asi","opening_hours":"Mo-Fr 08:00-18:00; Sa 08:00-15:00","shop":"convenience","wheelchair":"yes"}},
{"type":"Feature","geometry":{"type":"Point","coordinates":[18.5820245,54.3475689]},"properties":{"check_date":"2022-09-29","facebook":"https://www.facebook.com/sklepprimo/","name":"Primo","opening_hours":"Mo-Sa 08:00-20:00","shop":"convenience"}},
{"type":"Feature","geometry":{"type":"Point","coordinates":[18.5501254,54.3422141]},"properties":{"door":"automatic","entrance":"main","wheelchair":"yes"}},
{"type":"Feature","geometry":{"type":"Point","coordinates":[18.6717837,54.3476438]},"properties":{"barrier":"gate"}},
{"type":"Feature","geometry":{"type":"Point","coordinates":[18.6717513,54.347676]},"properties":{"barrier":"gate"}},
{"type":"Feature","geometry":{"type":"Point","coordinates":[18.5818812,54.3944258]},"properties":{"entrance":"main"}},
{"type":"Feature","geometry":{"type":"Point","coordinates":[18.5911574,54.3603981]},"properties":{"brand":"Biedronka","brand:wikidata":"Q857182","brand:wikipedia":"pl:Biedronka (sieć handlowa)","email":"bok@biedronka.eu","name":"Biedronka","name:ru":"Бедронка","opening_hours":"Mo-Sa 07:00-21:00;Sa 09:00-20:00","operator":"Jeronimo Martins Polska S.A.","payment:blik":"yes","payment:cash":"yes","payment:contactless":"yes","payment:diners_club":"yes","payment:maestro":"yes","payment:mastercard":"yes","payment:sodexo":"yes","payment:v_pay":"yes","payment:visa":"yes","payment:visa_debit":"yes","payment:visa_electron":"yes","phone":"+48 22 205 33 00","shop":"supermarket","website":"https://www.biedronka.pl/pl/shop,id,1555"}},
{"type":"Feature","geometry":{"type":"Point","coordinates":[18.6111819,54.3904028]},"properties":{"entrance":"main"}},
{"type":"Feature","geometry":{"type":"Point","coordinates":[18.4177205,54.4429914]},"properties":{"entrance":"main"}},
{"type":"Feature","geometry":{"type":"Point","coordinates":[18.601798,54.4053395]},"properties":{"name":"Od I Do","shop":"convenience"}},
{"type":"Feature","geometry":{"type":"Point","coordinates":[18.580211,54.4184652]},"properties":{"addr:city":"Gdańsk","addr:housenumber":"88","addr:postcode":"80-345","addr:street":"Pomorska","check_date:opening_hours":"2025-05-22","fixme":"Wymaga uzupełnienia informacji. Lokalizacja jest z pamięci, więc może trzeba będzie delikatnie przesunąć znacznik bliżej lub dalej od banku.","name":"Sklep Spożywczo-Monopolowy „Zielone Jabłuszko”","opening_hours":"Mo-Sa 06:00-23:00; Su 08:30-22:00","shop":"convenience"}},
{"type":"Feature","geometry":{"type":"Point","coordinates":[18.5651115,54.4461055]},"properties":{"brand":"Żabka","brand:wikidata":"Q2589061","name":"Żabka","name:pl":"Żabka","name:uk":"Жабка","opening_hours":"Mo-Sa 06:00-23:00; Su 12:00-21:00","shop":"convenience","website":"https://www.zabka.pl/"}},
{"type":"Feature","geometry":{"type":"Point","coordinates":[18.5652368,54.4435315]},"properties":{"brand":"Carrefour Express","brand:wikidata":"Q2940190","name":"Carrefour Express","opening_hours":"Mo-Fr 06:00-23:00; Sa 06:00-23:30; Su 08:00-23:00","shop":"convenience"}},
{"type":"Feature","geometry":{"type":"Point","coordinates":[18.5767066,54.4061951]},"properties":{"addr:city":"Gdańsk","addr:housenumber":"12","addr:postcode":"81-881","addr:street":"Śląska","brand":"Żabka","brand:wikidata":"Q2589061","name":"Żabka","name:pl":"Żabka","name:uk":"Жабка","opening_hours":"Mo-Sa 6:00-22:00","shop":"convenience","wheelchair":"yes"}},
{"type":"Feature","geometry":{"type":"Point","coordinates":[18.5816068,54.4189223]},"properties":{"addr:city":"Gdańsk","addr:housenumber":"84","addr:postcode":"80-345","addr:street":"Pomorska","email":"dobrastacja.zaak@gmail.com","name":"Dobra Stacja - sklep ekologiczny","opening_hours":"Mo-Fr 09:00-18:00; Sa 10:00-15:00","operator":"Mila Kamila Jarmolińska","organic":"only","phone":"+48 504 812 006","shop":"convenience"}},
{"type":"Feature","geometry":{"type":"Point","coordinates":[18.5786854,54.4179551]},"properties":{"addr:city":"Gdańsk","addr:housenumber":"92","addr:postcode":"80-333","addr:street":"Pomorska","brand":"Lewiatan Express","contact:facebook":"przystanekzdrowie92","email":"biuro.przystanekzdrowie@gmail.com","name":"Przystanek Zdrowie","network":"Lewiatan Express","opening_hours":"Mo-Sa 06:00-21:00; Su 09:00-17:00","operator":"Mobilny Warsztat-Mateusz Tomczyk","shop":"convenience"}},
{"type":"Feature","geometry":{"type":"Point","coordinates":[18.5628126,54.3659915]},"properties":{"entrance":"main"}},
{"type":"Feature","geometry":{"type":"Point","coordinates":[18.5590476,54.4452338]},"properties":{"name":"abo","opening_hours":"Mo-Su 05:30-22:00","shop":"convenience"}},
{"type":"Feature","geometry":{"type":"Point","coordinates":[18.5824609,54.3585994]},"properties":{"addr:floor":"0","addr:housenumber":"31","addr:street":"Piecewska","check_date":"2025-05-11","check_date:opening_hours":"2025-05-11","level":"0","name":"ekoAleja","opening_hours":"Mo-Fr 09:00-18:00; Sa 09:00-14:00","shop":"convenience"}},
{"type":"Feature","geometry":{"type":"Point","coordinates":[18.5822656,54.3580834]},"properties":{"brand":"ALDI","brand:wikidata":"Q41171373","check_date":"2025-05-11","check_date:opening_hours":"2025-05-11","name":"ALDI","opening_hours":"Mo-Sa 06:00-22:00","payment:mastercard":"yes","payment:visa":"yes","shop":"supermarket","wheelchair":"yes"}},
{"type":"Feature","geometry":{"type":"Point","coordinates":[18.5101738,54.3475682]},"properties":{"name":"Delikatesy Justynka","opening_hours":"Mo-Sa 06:00-21:00; Su 09:00-18:00","shop":"convenience"}},
{"type":"Feature","geometry":{"type":"Point","coordinates":[18.5622778,54.3270526]},"properties":{"brand":"Carrefour Express","brand:wikidata":"Q2940190","name":"Carrefour Express","shop":"convenience"}},
{"type":"Feature","geometry":{"type":"Point","coordinates":[18.6054762,54.3220474]},"properties":{"addr:city":"Gdańsk","addr:housenumber":"21","addr:postcode":"80-180","addr:street":"Świętokrzyska","brand":"Spar","check_date":"2025-07-19","name":"Spar","opening_hours":"Mo-Sa 07:00-21:00; Su 09:00-19:00","shop":"convenience"}},
{"type":"Feature","geometry":{"type":"Point","coordinates":[18.5676922,54.3111254]},"properties":{"entrance":"yes"}},
{"type":"Feature","geometry":{"type":"Point","coordinates":[18.5814585,54.4028351]},"properties":{"addr:city":"Gdańsk","addr:housenumber":"23B","addr:postcode":"80-387","addr:street":"Szczecińska","check_date":"2025-03-17","name":"Stokrotka Express","opening_hours":"Mo-Sa 06:00-23:30; Su 09:00-21:00","shop":"convenience"}},
{"type":"Feature","geometry":{"type":"Point","coordinates":[18.59341,54.3939172]},"properties":{"brand":"Żabka","brand:wikidata":"Q2589061","check_date":"2024-04-04","name":"Żabka","name:pl":"Żabka","name:uk":"Жабка","opening_hours":"Mo-Su 06:00-23:00","shop":"convenience"}},
{"type":"Feature","geometry":{"type":"Point","coordinates":[18.5969492,54.4162323]},"properties":{"amenity":"atm","brand":"Euronet","brand:wikidata":"Q5412010","cash_in":"no","drive_through":"no","indoor":"yes","operator":"Euronet","operator:wikidata":"Q5412010"}},
{"type":"Feature","geometry":{"type":"Point","coordinates":[18.5969675,54.4162409]},"properties":{"entrance":"main"}},
{"type":"Feature","geometry":{"type":"Point","coordinates":[18.4691819,54.4307223]},"properties":{"entrance":"main"}},
{"type":"Feature","geometry":{"type":"Point","coordinates":[18.6005883,54.4138334]},"properties":{"addr:city":"Gdańsk","addr:housenumber":"18","addr:postcode":"80-365","addr:street":"Prezydenta Lecha Kaczyńskiego","brand":"Żabka","brand:wikidata":"Q2589061","brand:wikipedia":"pl:Żabka (sieć sklepów)","name":"Żabka","name:pl":"Żabka","name:uk":"Жабка","shop":"convenience"}},
{"type":"Feature","geometry":{"type":"Point","coordinates":[18.6015395,54.3402082]},"properties":{"check_date":"2024-10-10","name":"Odido","shop":"convenience","wheelchair":"yes"}},
{"type":"Feature","geometry":{"type":"Point","coordinates":[18.6484722,54.3534919]},"properties":{"addr:city":"Gdańsk","addr:housenumber":"9","addr:postcode":"80-846","addr:street":"Kowalska","brand":"Żabka","brand:wikidata":"Q2589061","check_date":"2025-07-04","name":"Żabka","name:pl":"Żabka","name:uk":"Жабка","opening_hours":"Mo-Su 6:00-23:00","shop":"convenience"}},
{"type":"Feature","geometry":{"type":"Point","coordinates":[18.645911,54.3544334]},"properties":{"brand":"abc","brand:wikidata":"Q11683985","name":"Za Przystankiem","opening_hours":"Mo-Su 06-23:00","operator":"ABC","shop":"convenience"}},
{"type":"Feature","geometry":{"type":"Point","coordinates":[18.6597671,54.3412509]},"properties":{"entrance":"main"}},
{"type":"Feature","geometry":{"type":"Point","coordinates":[18.6473772,54.3596409]},"properties":{"name":"Sklep Filip","shop":"convenience"}},
{"type":"Feature","geometry":{"type":"Point","coordinates":[18.6212554,54.3371244]},"properties":{"entrance":"yes"}},
{"type":"Feature","geometry":{"type":"Point","coordinates":[18.479534,54.4308156]},"properties":{"entrance":"main"}},
{"type":"Feature","geometry":{"type":"Point","coordinates":[18.5845293,54.3865125]},"properties":{"shop":"convenience"}},
{"type":"Feature","geometry":{"type":"Point","coordinates":[18.5783973,54.3970516]},"properties":{"brand":"Żabka","brand:wikidata":"Q2589061","name":"Żabka","name:pl":"Żabka","name:uk":"Жабка","shop":"convenience"}},
{"type":"Feature","geometry":{"type":"Point","coordinates":[18.4560367,54.3458831]},"properties":{"name":"Delikatesy u Janusza","shop":"convenience"}},
{"type":"Feature","geometry":{"type":"Point","coordinates":[18.6567846,54.3601484]},"properties":{"addr:floor":"0","addr:housenumber":"26","addr:street":"Księdza Jerzego Popiełuszki","brand":"Żabka","brand:wikidata":"Q2589061","check_date":"2023-11-14","internet_access":"no","level":"0","name":"Żabka","name:pl":"Żabka","name:uk":"Жабка","opening_hours":"Mo-Sa 06:00-23:00; Su 09:00-21:00","payment:cash":"yes","payment:credit_cards":"yes","payment:debit_cards":"yes","shop":"convenience","wheelchair":"yes"}},
{"type":"Feature","geometry":{"type":"Point","coordinates":[18.5822831,54.3659343]},"properties":{"addr:housenumber":"6A","addr:street":"Ferdynanda Magellana","brand":"Żabka","brand:wikidata":"Q2589061","check_date":"2025-03-22","check_date:opening_hours":"2024-07-20","internet_access":"no","level":"-1","name":"Żabka","name:pl":"Żabka","name:uk":"Жабка","opening_hours":"Mo-Sa 06:00-23:00; Su 09:00-21:00","payment:mastercard":"yes","payment:visa":"yes","shop":"convenience","wheelchair":"yes"}},
{"type":"Feature","geometry":{"type":"Point","coordinates":[18.4913355,54.3569179]},"properties":{"brand":"Żabka","brand:wikidata":"Q2589061","check_date":"2024-08-21","name":"Żabka","name:pl":"Żabka","name:uk":"Жабка","operator":"żabka","shop":"convenience"}},
{"type":"Feature","geometry":{"type":"Point","coordinates":[18.6162222,54.3771499]},"properties":{"entrance":"main"}},
{"type":"Feature","geometry":{"type":"Point","coordinates":[18.6071016,54.3776457]},"properties":{"entrance":"yes","layer":"-1","level":"-1"}},
{"type":"Feature","geometry":{"type":"Point","coordinates":[18.6491208,54.356859]},"properties":{"entrance":"yes","name":"Centrum Biurowe Gnilna 2"}},
{"type":"Feature","geometry":{"type":"Point","coordinates":[18.5918494,54.3910152]},"properties":{"entrance":"yes"}},
{"type":"Feature","geometry":{"type":"Point","coordinates":[18.5921855,54.3908006]},"properties":{"entrance":"yes"}},
{"type":"Feature","geometry":{"type":"Point","coordinates":[18.4775101,54.4165788]},"properties":{"entrance":"main"}},
{"type":"Feature","geometry":{"type":"Point","coordinates":[18.6124941,54.3905023]},"properties":{"entrance":"yes"}},
{"type":"Feature","geometry":{"type":"Point","coordinates":[18.6124076,54.390476]},"properties":{"entrance":"main"}},
{"type":"Feature","geometry":{"type":"Point","coordinates":[18.5946038,54.4021948]},"properties":{"brand":"Żabka","brand:wikidata":"Q2589061","name":"Żabka","name:pl":"Żabka","name:uk":"Жабка","shop":"convenience"}},
{"type":"Feature","geometry":{"type":"Point","coordinates":[18.5968359,54.388778]},"properties":{"brand":"Żabka","brand:wikidata":"Q2589061","name":"Żabka","name:pl":"Żabka","name:uk":"Жабка","shop":"convenience"}},
{"type":"Feature","geometry":{"type":"Point","coordinates":[18.6471966,54.4009231]},"properties":{"addr:city":"Gdańsk","addr:housenumber":"93","addr:postcode":"80-534","addr:street":"Starowiejska","brand":"Żabka","brand:wikidata":"Q2589061","name":"Żabka","name:pl":"Żabka","name:uk":"Жабка","opening_hours":"Mo-Sa 06:00-23:00; Su 09:00-21:00","shop":"convenience"}},
{"type":"Feature","geometry":{"type":"Point","coordinates":[18.6065503,54.3786678]},"properties":{"brand":"Żabka","brand:wikidata":"Q2589061","check_date":"2025-03-27","name":"Żabka","name:pl":"Żabka","name:uk":"Жабка","opening_hours":"Mo-Sa 06:00-23:00; Su 10:00-21:00","shop":"convenience"}},
{"type":"Feature","geometry":{"type":"Point","coordinates":[18.6318253,54.3545127]},"properties":{"brand":"Żabka","brand:wikidata":"Q2589061","name":"Żabka","name:pl":"Żabka","name:uk":"Жабка","opening_hours":"Mo-Sa 06:00-23:00; Su,PH 10:00-20:00","shop":"convenience"}},
{"type":"Feature","geometry":{"type":"Point","coordinates":[18.6663135,54.3463734]},"properties":{"brand":"Żabka","brand:wikidata":"Q2589061","name":"Żabka","name:pl":"Żabka","name:uk":"Жабка","shop":"convenience"}},
{"type":"Feature","geometry":{"type":"Point","coordinates":[18.6565467,54.3419962]},"properties":{"brand":"Żabka","brand:wikidata":"Q2589061","name":"Żabka","name:pl":"Żabka","name:uk":"Жабка","shop":"convenience"}},
{"type":"Feature","geometry":{"type":"Point","coordinates":[18.653768,54.3418669]},"properties":{"brand":"Żabka","brand:wikidata":"Q2589061","check_date":"2025-06-01","name":"Żabka","name:pl":"Żabka","name:uk":"Жабка","shop":"convenience"}},
{"type":"Feature","geometry":{"type":"Point","coordinates":[18.6333322,54.3260102]},"properties":{"brand":"Żabka","brand:wikidata":"Q2589061","name":"Żabka","name:pl":"Żabka","name:uk":"Жабка","shop":"convenience"}},
{"type":"Feature","geometry":{"type":"Point","coordinates":[18.5786069,54.3572744]},"properties":{"brand":"Żabka","brand:wikidata":"Q2589061","name":"Żabka","name:pl":"Żabka","name:uk":"Жабка","shop":"convenience"}},
{"type":"Feature","geometry":{"type":"Point","coordinates":[18.5840438,54.3375439]},"properties":{"brand":"Żabka","brand:wikidata":"Q2589061","name":"Żabka","name:pl":"Żabka","name:uk":"Жабка","shop":"convenience"}},
{"type":"Feature","geometry":{"type":"Point","coordinates":[18.59365,54.2978348]},"properties":{"brand":"Żabka","brand:wikidata":"Q2589061","name":"Żabka","name:pl":"Żabka","name:uk":"Жабка","shop":"convenience"}},
{"type":"Feature","geometry":{"type":"Point","coordinates":[18.5845929,54.3073684]},"properties":{"addr:city":"Gdańsk","addr:door":"U1","addr:housenumber":"70","addr:postcode":"80-180","addr:street":"Wielkopolska","brand":"Żabka","brand:wikidata":"Q2589061","check_date":"2024-03-23","name":"Żabka","name:pl":"Żabka","name:uk":"Жабка","shop":"convenience"}},
{"type":"Feature","geometry":{"type":"Point","coordinates":[18.5614043,54.3270609]},"properties":{"brand":"Żabka","brand:wikidata":"Q2589061","name":"Żabka","name:pl":"Żabka","name:uk":"Жабка","shop":"convenience"}},
{"type":"Feature","geometry":{"type":"Point","coordinates":[18.5657773,54.3323053]},"properties":{"brand":"Żabka","brand:wikidata":"Q2589061","check_date":"2024-09-05","name":"Żabka","name:pl":"Żabka","name:uk":"Жабка","shop":"convenience"}},
{"type":"Feature","geometry":{"type":"Point","coordinates":[18.603666,54.4058175]},"properties":{"access":"customers","door":"automatic","entrance":"main","level":"0"}},
{"type":"Feature","geometry":{"type":"Point","coordinates":[18.6031694,54.4059052]},"properties":{"access":"no","door":"hinged","entrance":"yes","level":"0","wheelchair":"no"}},
{"type":"Feature","geometry":{"type":"Point","coordinates":[18.5818964,54.4199626]},"properties":{"automatic_door":"motion","door":"sliding","entrance":"main","level":"0"}},
{"type":"Feature","geometry":{"type":"Point","coordinates":[18.616755,54.3559103]},"properties":{"entrance":"main"}},
{"type":"Feature","geometry":{"type":"Point","coordinates":[18.7108868,54.3626883]},"properties":{"entrance":"main"}},
{"type":"Feature","geometry":{"type":"Point","coordinates":[18.6268847,54.3665009]},"properties":{"check_date":"2025-04-29","check_date:opening_hours":"2025-04-29","name":"Słodka Dziurka","opening_hours":"Mo-Fr 06:30-16:00","payment:mastercard":"yes","payment:visa":"yes","shop":"convenience"}},
{"type":"Feature","geometry":{"type":"Point","coordinates":[18.5985904,54.4033191]},"properties":{"entrance":"main"}},
{"type":"Feature","geometry":{"type":"Point","coordinates":[18.434244,54.4421771]},"properties":{"brand":"Żabka","brand:wikidata":"Q2589061","name":"Żabka","name:pl":"Żabka","name:uk":"Жабка","shop":"convenience"}},
{"type":"Feature","geometry":{"type":"Point","coordinates":[18.5962922,54.3928551]},"properties":{"check_date":"2023-07-03","name":"Merkus","shop":"supermarket"}},
{"type":"Feature","geometry":{"type":"Point","coordinates":[18.5905632,54.302059]},"properties":{"brand":"Dino","brand:wikidata":"Q11694239","name":"Dino","shop":"supermarket"}},
{"type":"Feature","geometry":{"type":"Point","coordinates":[18.6341675,54.4047502]},"properties":{"addr:city":"Gdańsk","addr:housenumber":"16","addr:postcode":"80-518","addr:street":"Gdańska","brand":"Żabka","brand:wikidata":"Q2589061","name":"Żabka","name:pl":"Żabka","name:uk":"Жабка","opening_hours":"Mo-Sa 06:00-23:00; Su 09:00-21:00","shop":"convenience","start_date":"2023-07-09"}},
{"type":"Feature","geometry":{"type":"Point","coordinates":[18.6274758,54.366018]},"properties":{"brand":"Carrefour Express","brand:wikidata":"Q2940190","name":"Carrefour Express","opening_hours":"Mo-Sa 06:00-21:00; Su 09:00-17:00","shop":"convenience"}},
{"type":"Feature","geometry":{"type":"Point","coordinates":[18.5974916,54.3363931]},"properties":{"entrance":"main"}},
{"type":"Feature","geometry":{"type":"Point","coordinates":[18.4528563,54.4180218]},"properties":{"brand":"Żabka","brand:wikidata":"Q2589061","check_date":"2023-08-14","name":"Żabka","name:pl":"Żabka","name:uk":"Жабка","shop":"convenience"}},
{"type":"Feature","geometry":{"type":"Point","coordinates":[18.5936966,54.3192358]},"properties":{"name":"u Kuby","shop":"convenience"}},
{"type":"Feature","geometry":{"type":"Point","coordinates":[18.6027482,54.3468984]},"properties":{"entrance":"yes"}},
{"type":"Feature","geometry":{"type":"Point","coordinates":[18.6022771,54.3467578]},"properties":{"entrance":"yes"}},
{"type":"Feature","geometry":{"type":"Point","coordinates":[18.4721083,54.4317271]},"properties":{"addr:floor":"0","addr:housenumber":"99","addr:street":"Kielnieńska","brand":"Żabka","brand:wikidata":"Q2589061","check_date":"2025-01-19","internet_access":"no","level":"0","name":"Żabka","name:pl":"Żabka","name:uk":"Жабка","opening_hours":"06:00-23:00","payment:cash":"yes","payment:credit_cards":"yes","payment:debit_cards":"yes","shop":"convenience"}},
{"type":"Feature","geometry":{"type":"Point","coordinates":[18.6194023,54.3410092]},"properties":{"entrance":"main"}},
{"type":"Feature","geometry":{"type":"Point","coordinates":[18.6472284,54.3934056]},"properties":{"addr:city":"Gdańsk","addr:housenumber":"48","addr:postcode":"80-534","addr:street":"Starowiejska","brand":"Żabka","brand:wikidata":"Q2589061","name":"Żabka","name:pl":"Żabka","name:uk":"Жабка","opening_hours":"Mo-Sa 06:00-23:00; Su 10:00-22:00","shop":"convenience"}},
{"type":"Feature","geometry":{"type":"Point","coordinates":[18.5494473,54.3669731]},"properties":{"addr:floor":"0","addr:housenumber":"3","addr:street":"Jerzego Waldorffa","brand":"Livio","brand:wikidata":"Q108599511","check_date":"2024-12-05","internet_access":"no","level":"0","name":"Livio","opening_hours":"Mo-Fr 06:00-18:00; Sa 07:00-15:00; Su 09:00-15:00","payment:cash":"yes","payment:credit_cards":"yes","payment:debit_cards":"yes","shop":"convenience","wheelchair":"limited"}},
{"type":"Feature","geometry":{"type":"Point","coordinates":[18.6056327,54.3813371]},"properties":{"check_date":"2025-01-12","name":"Kami","opening_hours":"Mo-Su 07:00-23:00","shop":"convenience","wheelchair":"yes"}},
{"type":"Feature","geometry":{"type":"Point","coordinates":[18.5657559,54.3989215]},"properties":{"brand":"Carrefour Express","brand:wikidata":"Q2940190","check_date":"2023-12-19","name":"Carrefour Express","opening_hours":"Mo-Sa 07:00-22:00; Su 10:00-18:00","shop":"convenience"}},
{"type":"Feature","geometry":{"type":"Point","coordinates":[18.5666122,54.3079486]},"properties":{"brand":"Żabka","brand:wikidata":"Q2589061","check_date":"2025-08-09","name":"Żabka","name:pl":"Żabka","name:uk":"Жабка","opening_hours":"Mo-Sa 06:00-23:00; Su 09:00-21:00; PH off","payment:cash":"yes","payment:maestro":"yes","payment:mastercard":"yes","payment:visa":"yes","shop":"convenience"}},
{"type":"Feature","geometry":{"type":"Point","coordinates":[18.6756064,54.3451087]},"properties":{"check_date":"2023-12-29","shop":"convenience"}},
{"type":"Feature","geometry":{"type":"Point","coordinates":[18.6652088,54.3424838]},"properties":{"check_date":"2024-12-23","name":"Nasz Sklep","shop":"convenience"}},
{"type":"Feature","geometry":{"type":"Point","coordinates":[18.6734551,54.3486878]},"properties":{"barrier":"gate"}},
{"type":"Feature","geometry":{"type":"Point","coordinates":[18.6724203,54.3485999]},"properties":{"barrier":"gate"}},
{"type":"Feature","geometry":{"type":"Point","coordinates":[18.6850644,54.3567368]},"properties":{"amenity":"atm","network":"Euronet"}},
{"type":"Feature","geometry":{"type":"Point","coordinates":[18.6412215,54.3470555]},"properties":{"check_date":"2024-12-23","shop":"convenience"}},
{"type":"Feature","geometry":{"type":"Point","coordinates":[18.6438307,54.348311699999999]},"properties":{"amenity":"atm","check_date":"2023-12-30"}},
{"type":"Feature","geometry":{"type":"Point","coordinates":[18.588443,54.4046611]},"properties":{"brand":"Spar","brand:wikidata":"Q610492","level":"0","name":"Eurospar","opening_hours":"Mo-Sa 09:00-21:00; Su 10:00-20:00","shop":"supermarket"}},
{"type":"Feature","geometry":{"type":"Point","coordinates":[18.6030775,54.2955928]},"properties":{"brand":"Żabka","brand:wikidata":"Q2589061","name":"Żabka","name:pl":"Żabka","name:uk":"Жабка","shop":"convenience"}},
{"type":"Feature","geometry":{"type":"Point","coordinates":[18.592666,54.4185678]},"properties":{"check_date":"2025-03-06","name":"JBB Bałdyga","shop":"convenience"}},
{"type":"Feature","geometry":{"type":"Point","coordinates":[18.5001475,54.3516811]},"properties":{"entrance":"main"}},
{"type":"Feature","geometry":{"type":"Point","coordinates":[18.5576463,54.4423916]},"properties":{"brand":"Aldi","brand:wikidata":"Q41171373","brand:wikipedia":"en:Aldi","name":"Aldi","opening_hours":"Mo-Sa 06:00-22:00; Su 08:00-20:00","phone":"+48 32 35 70 300","shop":"supermarket","website":"https://aldi.pl/"}},
{"type":"Feature","geometry":{"type":"Point","coordinates":[18.6057,54.3820854]},"properties":{"entrance":"yes","level":"2"}},
{"type":"Feature","geometry":{"type":"Point","coordinates":[18.5241871,54.3525295]},"properties":{"entrance":"yes"}},
{"type":"Feature","geometry":{"type":"Point","coordinates":[18.5238102,54.3511671]},"properties":{"entrance":"yes"}},
{"type":"Feature","geometry":{"type":"Point","coordinates":[18.5237895,54.351092]},"properties":{"entrance":"yes"}},
{"type":"Feature","geometry":{"type":"Point","coordinates":[18.5833663,54.4210203]},"properties":{"name":"Przystanek Zdrowie","shop":"convenience"}},
{"type":"Feature","geometry":{"type":"Point","coordinates":[18.4651181,54.3820256]},"properties":{"airside":"yes","check_date":"2024-03-24","level":"1","name":"1 Minute","shop":"convenience"}},
{"type":"Feature","geometry":{"type":"Point","coordinates":[18.5882591,54.3958979]},"properties":{"brand":"Żabka","brand:wikidata":"Q2589061","check_date":"2024-04-04","name":"Żabka","name:pl":"Żabka","name:uk":"Жабка","shop":"convenience"}},
{"type":"Feature","geometry":{"type":"Point","coordinates":[18.6595099,54.347533]},"properties":{"brand":"Żabka","brand:wikidata":"Q2589061","check_date":"2025-08-08","name":"Żabka","name:pl":"Żabka","name:uk":"Жабка","opening_hours":"Mo-Su 06:00-23:00","shop":"convenience"}},
{"type":"Feature","geometry":{"type":"Point","coordinates":[18.658605,54.3473458]},"properties":{"check_date":"2025-08-08","name":"Carrefour Express","opening_hours":"Mo-Su 07:00-00:00","shop":"convenience"}},
{"type":"Feature","geometry":{"type":"Point","coordinates":[18.6094113,54.3905501]},"properties":{"amenity":"marketplace","seasonal":"yes"}},
{"type":"Feature","geometry":{"type":"Point","coordinates":[18.5946428,54.3512781]},"properties":{"amenity":"parking_entrance","maxheight":"2.2","parking":"underground"}},
{"type":"Feature","geometry":{"type":"Point","coordinates":[18.5620264,54.4323505]},"properties":{"entrance":"main"}},
{"type":"Feature","geometry":{"type":"Point","coordinates":[18.6658828,54.3333104]},"properties":{"check_date":"2024-04-14","name":"abc","shop":"convenience"}},
{"type":"Feature","geometry":{"type":"Point","coordinates":[18.6746912,54.3371705]},"properties":{"brand":"abc","brand:wikidata":"Q11683985","check_date":"2024-04-14","name":"abc","shop":"convenience"}},
{"type":"Feature","geometry":{"type":"Point","coordinates":[18.6697568,54.3355183]},"properties":{"check_date":"2024-04-18","name":"Abc","shop":"convenience"}},
{"type":"Feature","geometry":{"type":"Point","coordinates":[18.5972558,54.3127672]},"properties":{"addr:floor":"0","brand":"Żabka","brand:wikidata":"Q2589061","brand:wikipedia":"pl:Żabka (sieć sklepów)","cash_withdrawal":"yes","check_date":"2024-11-12","level":"0","name":"Żabka","name:uk":"Жабка","opening_hours":"Mo-Sa 06:00-23:00; Su 10:00-20:00","payment:american_express":"yes","payment:apple_pay":"yes","payment:blik":"yes","payment:cash":"yes","payment:contactless":"yes","payment:diners_club":"yes","payment:google_pay":"yes","payment:maestro":"yes","payment:mastercard":"yes","shop":"convenience","website":"https://www.zabka.pl/"}},
{"type":"Feature","geometry":{"type":"Point","coordinates":[18.5720644,54.420925]},"properties":{"entrance":"yes"}},
{"type":"Feature","geometry":{"type":"Point","coordinates":[18.5792827,54.4017851]},"properties":{"check_date":"2024-10-07","description":"Best Market - Gdańsk - Ukraiński Sklep Spożywczy","name":"Best Market","opening_hours":"10:00-22:00","shop":"convenience"}},
{"type":"Feature","geometry":{"type":"Point","coordinates":[18.5826013,54.4212011]},"properties":{"shop":"convenience"}},
{"type":"Feature","geometry":{"type":"Point","coordinates":[18.5826372,54.4212225]},"properties":{"shop":"convenience"}},
{"type":"Feature","geometry":{"type":"Point","coordinates":[18.608686,54.3004248]},"properties":{"brand":"Żabka","brand:wikidata":"Q2589061","name":"Żabka","name:pl":"Żabka","name:uk":"Жабка","shop":"convenience"}},
{"type":"Feature","geometry":{"type":"Point","coordinates":[18.5951088,54.4068351]},"properties":{"brand":"Odido","brand:wikidata":"Q106947294","name":"Odido","shop":"convenience","website":"https://www.sklepy-odido.pl/znajdz-sklep/ulica-kolobrzeska-53m"}},
{"type":"Feature","geometry":{"type":"Point","coordinates":[18.5810755,54.3864602]},"properties":{"name":"Dominik","shop":"convenience"}},
{"type":"Feature","geometry":{"type":"Point","coordinates":[18.5631657,54.3753849]},"properties":{"name":"Elwart","opening_hours":"Mo-Sa 06:00-21:00; Su 07:00-21:00","shop":"convenience"}},
{"type":"Feature","geometry":{"type":"Point","coordinates":[18.6004628,54.2985539]},"properties":{"brand":"Livio","brand:wikidata":"Q108599511","name":"Livio","shop":"convenience"}},
{"type":"Feature","geometry":{"type":"Point","coordinates":[18.6012877,54.3075323]},"properties":{"brand":"Żabka","brand:wikidata":"Q2589061","name":"Żabka","name:pl":"Żabka","name:uk":"Жабка","shop":"convenience"}},
{"type":"Feature","geometry":{"type":"Point","coordinates":[18.5711846,54.3856522]},"properties":{"brand":"Żabka","brand:wikidata":"Q2589061","name":"Żabka","name:pl":"Żabka","name:uk":"Жабка","shop":"convenience"}},
{"type":"Feature","geometry":{"type":"Point","coordinates":[18.6004231,54.382688]},"properties":{"brand":"Żabka","brand:wikidata":"Q2589061","level":"1","name":"Żabka","name:pl":"Żabka","name:uk":"Жабка","shop":"convenience"}},
{"type":"Feature","geometry":{"type":"Point","coordinates":[18.5939176,54.3561243]},"properties":{"brand":"Żabka","brand:wikidata":"Q2589061","name":"Żabka","name:pl":"Żabka","name:uk":"Жабка","opening_hours":"Mo-Sa 06:00-23:00; Su 09:00-21:00","shop":"convenience"}},
{"type":"Feature","geometry":{"type":"Point","coordinates":[18.6462912,54.3556692]},"properties":{"brand":"Żabka","brand:wikidata":"Q2589061","name":"Żabka","name:pl":"Żabka","name:uk":"Жабка","opening_hours":"Mo-Fr 07:00-18:00; Sa 08:00-18:00; Su 08:00-16:00","shop":"convenience"}},
{"type":"Feature","geometry":{"type":"Point","coordinates":[18.5563925,54.3247134]},"properties":{"brand":"Żabka","brand:wikidata":"Q2589061","name":"Żabka","name:pl":"Żabka","name:uk":"Жабка","opening_hours":"24/7","shop":"convenience"}},
{"type":"Feature","geometry":{"type":"Point","coordinates":[18.5611297,54.3294023]},"properties":{"brand":"Żabka","brand:wikidata":"Q2589061","name":"Żabka","name:pl":"Żabka","name:uk":"Жабка","shop":"convenience"}},
{"type":"Feature","geometry":{"type":"Point","coordinates":[18.6674506,54.3566917]},"properties":{"brand":"Żabka","brand:wikidata":"Q2589061","name":"Żabka","name:pl":"Żabka","name:uk":"Жабка","shop":"convenience"}},
{"type":"Feature","geometry":{"type":"Point","coordinates":[18.6124862,54.3358928]},"properties":{"brand":"Żabka","brand:wikidata":"Q2589061","level":"0","name":"Żabka","name:pl":"Żabka","name:uk":"Жабка","shop":"convenience"}},
{"type":"Feature","geometry":{"type":"Point","coordinates":[18.5847435,54.3236088]},"properties":{"brand":"Żabka","brand:wikidata":"Q2589061","name":"Żabka","name:pl":"Żabka","name:uk":"Жабка","shop":"convenience"}},
{"type":"Feature","geometry":{"type":"Point","coordinates":[18.4829374,54.4280828]},"properties":{"brand":"Żabka","brand:wikidata":"Q2589061","name":"Żabka","name:pl":"Żabka","name:uk":"Жабка","shop":"convenience"}},
{"type":"Feature","geometry":{"type":"Point","coordinates":[18.5616977,54.4292795]},"properties":{"check_date":"2024-06-20","name":"Easy Auchan","opening_hours":"24/7","shop":"convenience"}},
{"type":"Feature","geometry":{"type":"Point","coordinates":[18.6444449,54.3929747]},"properties":{"addr:city":"Gdańsk","addr:housenumber":"15","addr:postcode":"80-531","addr:street":"Sucha","name":"Drogeria abcKosmetyczne.pl","opening_hours":"Mo-Fr 09:00-17:00","operator":"NetVest Group","payment:american_express":"yes","payment:app":"yes","payment:cards":"yes","payment:cash":"yes","payment:coins":"yes","payment:contactless":"yes","payment:credit_cards":"yes","payment:debit_cards":"yes","payment:maestro":"yes","payment:mastercard":"yes","payment:notes":"yes","payment:visa":"yes","payment:visa_debit":"yes","phone":"+48 537 168 999","shop":"supermarket"}},
{"type":"Feature","geometry":{"type":"Point","coordinates":[18.644888,54.3966061]},"properties":{"brand":"Żabka","brand:wikidata":"Q2589061","name":"Żabka","name:pl":"Żabka","name:uk":"Жабка","shop":"convenience"}},
{"type":"Feature","geometry":{"type":"Point","coordinates":[18.6129461,54.3747752]},"properties":{"addr:city":"Gdańsk","addr:housenumber":"13","addr:postcode":"80-227","addr:street":"Do Studzienki","check_date":"2024-07-10","name":"Sklep Spożywczy Aga","opening_hours":"Mo-Fr 06:00-21:00; Sa 07:00-21:00; Su 07:00-20:00","payment:cash":"yes","payment:debit_cards":"yes","phone":"58 520 21 93","shop":"convenience","source":"survey","wheelchair":"no"}},
{"type":"Feature","geometry":{"type":"Point","coordinates":[18.5995178,54.3914331]},"properties":{"addr:city":"Gdańsk","addr:housenumber":"4F","addr:postcode":"80-462","addr:street":"Aleja Jana Pawła II","name":"Delikatesy Oliwka","payment:cards":"yes","payment:cash":"yes","shop":"convenience","website":"https://www.facebook.com/people/Delikatesy-Oliwka/61553462425690/"}},
{"type":"Feature","geometry":{"type":"Point","coordinates":[18.6130475,54.3487394]},"properties":{"check_date":"2024-08-22","name":"Limonka","opening_hours":"Mo-Fr 07:00-19:00; Sa 07:00-15:00; Su off","shop":"convenience"}},
{"type":"Feature","geometry":{"type":"Point","coordinates":[18.5835417,54.3785609]},"properties":{"name":"abc","opening_hours":"24/7","shop":"convenience"}},
{"type":"Feature","geometry":{"type":"Point","coordinates":[18.6270509,54.3507586]},"properties":{"addr:floor":"0","addr:housenumber":"31","addr:street":"Zakopiańska","check_date":"2024-10-01","level":"0","name":"Da-Kar","opening_hours":"Mo-Fr 06:00-21:00; Sa 06:00-20:00; Su 09:00-17:00","payment:cash":"yes","payment:credit_cards":"yes","payment:debit_cards":"yes","shop":"convenience"}},
{"type":"Feature","geometry":{"type":"Point","coordinates":[18.5863952,54.4041688]},"properties":{"entrance":"main","level":"0","wheelchair":"yes"}},
{"type":"Feature","geometry":{"type":"Point","coordinates":[18.5674229,54.4204738]},"properties":{"brand":"Żabka","brand:wikidata":"Q2589061","brand:wikipedia":"pl:Żabka (sieć sklepów)","check_date":"2025-03-27","name":"Żabka","name:pl":"Żabka","name:uk":"Жабка","opening_hours":"Mo-Su 06:00-23:00","shop":"convenience"}},
{"type":"Feature","geometry":{"type":"Point","coordinates":[18.4927553,54.354976]},"properties":{"entrance":"shop"}},
{"type":"Feature","geometry":{"type":"Point","coordinates":[18.6547655,54.3599665]},"properties":{"brand":"Carrefour Express","brand:wikidata":"Q2940190","name":"Carrefour Express","shop":"convenience"}},
{"type":"Feature","geometry":{"type":"Point","coordinates":[18.6471006,54.3528713]},"properties":{"brand":"Żabka","brand:wikidata":"Q2589061","name":"Żabka","name:pl":"Żabka","name:uk":"Жабка","shop":"convenience"}},
{"type":"Feature","geometry":{"type":"Point","coordinates":[18.5818404,54.307735]},"properties":{"brand":"Żabka","brand:wikidata":"Q2589061","check_date":"2024-11-23","name":"Żabka","name:pl":"Żabka","name:uk":"Жабка","shop":"convenience"}},
{"type":"Feature","geometry":{"type":"Point","coordinates":[18.7101102,54.3608459]},"properties":{"shop":"convenience"}},
{"type":"Feature","geometry":{"type":"Point","coordinates":[18.6388565,54.3692649]},"properties":{"addr:floor":"0","addr:housenumber":"195","addr:street":"Marynarki Polskiej","brand":"Żabka","brand:wikidata":"Q2589061","check_date":"2024-12-03","internet_access":"no","level":"0","name":"Żabka","name:pl":"Żabka","name:uk":"Жабка","opening_hours":"Mo-Sa 06:00-23:00; Su 10:00-19:00","payment:cash":"yes","payment:credit_cards":"yes","payment:debit_cards":"yes","shop":"convenience","wheelchair":"yes"}},
{"type":"Feature","geometry":{"type":"Point","coordinates":[18.4016888,54.3898144]},"properties":{"shop":"convenience"}},
{"type":"Feature","geometry":{"type":"Point","coordinates":[18.6747328,54.3995784]},"properties":{"addr:city":"Gdańsk","addr:housenumber":"7","addr:postcode":"80-547","addr:street":"Władysława IV","brand":"Żabka","brand:wikidata":"Q2589061","name":"Żabka","name:pl":"Żabka","name:uk":"Жабка","opening_hours":"Mo-Sa 06:00-23:00; Su 09:00-21:00","shop":"convenience","source":"https://www.zabka.pl/znajdz-sklep/","website":"https://www.zabka.pl"}},
{"type":"Feature","geometry":{"type":"Point","coordinates":[18.7077425,54.3628759]},"properties":{"check_date":"2024-12-28","name":"abc","shop":"convenience"}},
{"type":"Feature","geometry":{"type":"Point","coordinates":[18.5526008,54.3207242]},"properties":{"entrance":"yes"}},
{"type":"Feature","geometry":{"type":"Point","coordinates":[18.5526045,54.3207808]},"properties":{"entrance":"yes"}},
{"type":"Feature","geometry":{"type":"Point","coordinates":[18.553072,54.3197005]},"properties":{"entrance":"yes"}},
{"type":"Feature","geometry":{"type":"Point","coordinates":[18.5531245,54.3196135]},"properties":{"entrance":"yes"}},
{"type":"Feature","geometry":{"type":"Point","coordinates":[18.631539,54.3252708]},"properties":{"brand":"abc","brand:wikidata":"Q11683985","name":"abc","shop":"convenience"}},
{"type":"Feature","geometry":{"type":"Point","coordinates":[18.6264974,54.3300759]},"properties":{"alt_name":"Sklep spożywczo-przemysłowy Plus","brand":"abc","brand:wikidata":"Q11683985","name":"abc","shop":"convenience"}},
{"type":"Feature","geometry":{"type":"Point","coordinates":[18.6007675,54.3507788]},"properties":{"name":"Kiwi","shop":"convenience"}},
{"type":"Feature","geometry":{"type":"Point","coordinates":[18.6608398,54.3422858]},"properties":{"alt_name":"u Anity","brand":"abc","brand:wikidata":"Q11683985","name":"abc","shop":"convenience"}},
{"type":"Feature","geometry":{"type":"Point","coordinates":[18.6627349,54.3554462]},"properties":{"brand":"Stokrotka Express","brand:wikidata":"Q110801119","name":"Stokrotka Express","shop":"convenience"}},
{"type":"Feature","geometry":{"type":"Point","coordinates":[18.5823145,54.4321224]},"properties":{"name":"Sopotek","shop":"convenience"}},
{"type":"Feature","geometry":{"type":"Point","coordinates":[18.6562595,54.3408023]},"properties":{"brand":"Odido","brand:wikidata":"Q106947294","check_date":"2025-01-22","name":"Odido","shop":"convenience","website":"https://www.sklepy-odido.pl/znajdz-sklep/jalmuznicz-5"}},
{"type":"Feature","geometry":{"type":"Point","coordinates":[18.6422085,54.3431194]},"properties":{"brand":"Lewiatan","brand:wikidata":"Q11755396","check_date":"2025-01-22","name":"Lewiatan","opening_hours":"Mo-Sa 06:00-21:00; Su 09:00-17:00","shop":"convenience","website":"https://www.lewiatan.pl/znajdz-sklep/lewiatan-gdansk-spadzista-5"}},
{"type":"Feature","geometry":{"type":"Point","coordinates":[18.4060934,54.3765583]},"properties":{"addr:city":"Banino","addr:door":"2","addr:housenumber":"2","addr:postcode":"80-297","addr:street":"Kolejowa","brand":"Żabka","brand:wikidata":"Q2589061","name":"Żabka","name:pl":"Żabka","name:uk":"Жабка","shop":"convenience","wheelchair":"yes"}},
{"type":"Feature","geometry":{"type":"Point","coordinates":[18.5712453,54.4039125]},"properties":{"brand":"Żabka","brand:wikidata":"Q2589061","name":"Żabka","name:pl":"Żabka","name:uk":"Жабка","shop":"convenience"}},
{"type":"Feature","geometry":{"type":"Point","coordinates":[18.6055815,54.3972951]},"properties":{"addr:city":"Gdańsk","addr:door":"117","addr:housenumber":"20","addr:postcode":"80-462","addr:street":"Aleja Jana Pawła II","brand":"Żabka","brand:wikidata":"Q2589061","check_date":"2025-04-17","name":"Żabka","name:pl":"Żabka","name:uk":"Жабка","opening_hours":"Mo-Su 09:00-23:00","shop":"convenience"}},
{"type":"Feature","geometry":{"type":"Point","coordinates":[18.6262976,54.4045043]},"properties":{"brand":"Żabka","brand:wikidata":"Q2589061","check_date":"2025-02-04","name":"Żabka","name:pl":"Żabka","name:uk":"Жабка","shop":"convenience"}},
{"type":"Feature","geometry":{"type":"Point","coordinates":[18.6026874,54.3240066]},"properties":{"brand":"Żabka","brand:wikidata":"Q2589061","check_date":"2025-02-16","name":"Żabka","name:pl":"Żabka","name:uk":"Жабка","shop":"convenience"}},
{"type":"Feature","geometry":{"type":"Point","coordinates":[18.5831567,54.3795746]},"properties":{"entrance":"main"}},
{"type":"Feature","geometry":{"type":"Point","coordinates":[18.6247981,54.3290636]},"properties":{"shop":"convenience"}},
{"type":"Feature","geometry":{"type":"Point","coordinates":[18.6158032,54.3304469]},"properties":{"addr:city":"Gdańsk","addr:housenumber":"1K","addr:postcode":"80-034","addr:street":"Antoniego Madalińskiego","brand":"Żabka","brand:wikidata":"Q2589061","name":"Żabka","name:pl":"Żabka","name:uk":"Жабка","shop":"convenience"}},
{"type":"Feature","geometry":{"type":"Point","coordinates":[18.4784755,54.4284699]},"properties":{"brand":"Lewiatan","brand:wikidata":"Q11755396","name":"Lewiatan","shop":"convenience","website":"https://www.lewiatan.pl/znajdz-sklep/lewiatan-gdansk-wodnika-2"}},
{"type":"Feature","geometry":{"type":"Point","coordinates":[18.4705912,54.431792]},"properties":{"brand":"Biedronka","brand:wikidata":"Q857182","brand:wikipedia":"pl:Biedronka (sieć handlowa)","email":"bok@biedronka.eu","name":"Biedronka","name:ru":"Бедронка","opening_hours":"Mo-Sa 06:00-23:00; Su 08:00-20:00","operator":"Jeronimo Martins Polska S.A.","payment:blik":"yes","payment:cash":"yes","payment:contactless":"yes","payment:diners_club":"yes","payment:maestro":"yes","payment:mastercard":"yes","payment:sodexo":"yes","payment:v_pay":"yes","payment:visa":"yes","payment:visa_debit":"yes","payment:visa_electron":"yes","phone":"+48 22 205 33 00","shop":"supermarket","website":"https://www.biedronka.pl"}},
{"type":"Feature","geometry":{"type":"Point","coordinates":[18.5859677,54.4162126]},"properties":{"check_date":"2025-03-06","name":"Kaśka Market","opening_hours":"24/7","shop":"convenience"}},
{"type":"Feature","geometry":{"type":"Point","coordinates":[18.611206,54.370232]},"properties":{"addr:city":"Gdańsk","addr:country":"PL","addr:housenumber":"84","addr:street":"Romualda Traugutta","check_date":"2025-05-08","name":"Abi","opening_hours":"24/7","shop":"convenience"}},
{"type":"Feature","geometry":{"type":"Point","coordinates":[18.6141062,54.3749906]},"properties":{"entrance":"yes"}},
{"type":"Feature","geometry":{"type":"Point","coordinates":[18.5744248,54.432748]},"properties":{"brand":"Żabka","brand:wikidata":"Q2589061","name":"Żabka","name:pl":"Żabka","name:uk":"Жабка","shop":"convenience"}},
{"type":"Feature","geometry":{"type":"Point","coordinates":[18.5657573,54.4100028]},"properties":{"brand":"Żabka","brand:wikidata":"Q2589061","check_date":"2025-06-25","name":"Żabka","name:pl":"Żabka","name:uk":"Жабка","opening_hours":"Mo-Sa 06:00-23:00; Su 10:00-19:00","shop":"convenience"}},
{"type":"Feature","geometry":{"type":"Point","coordinates":[18.4979141,54.3591793]},"properties":{"name":"U Kasi","shop":"convenience"}},
{"type":"Feature","geometry":{"type":"Point","coordinates":[18.6377069,54.4069237]},"properties":{"brand":"Żabka","brand:wikidata":"Q2589061","name":"Żabka","name:pl":"Żabka","name:uk":"Жабка","opening_hours":"Mo-Sa 06:00-23:00; Su 09:00-21:00","shop":"convenience"}},
{"type":"Feature","geometry":{"type":"Point","coordinates":[18.6322412,54.4087048]},"properties":{"check_date":"2025-07-27","name":"Mini Market","shop":"convenience"}},
{"type":"Feature","geometry":{"type":"Point","coordinates":[18.4862001,54.3851235]},"properties":{"phone":"+48 58 349 46 95","shop":"convenience"}},
{"type":"Feature","geometry":{"type":"Point","coordinates":[18.6379914,54.2854839]},"properties":{"addr:city":"Gdańsk","addr:housenumber":"549","addr:postcode":"80-007","addr:street":"Trakt Świętego Wojciecha","brand":"abc","brand:wikidata":"Q11683985","name":"abc","opening_hours":"Mo-Fr 05:30-21:30; Sa 07:00-20:00","phone":"583090985","shop":"convenience"}},
{"type":"Feature","geometry":{"type":"Point","coordinates":[18.5624124,54.4268353]},"properties":{"check_date":"2025-04-21","name":"Afromarket","shop":"convenience"}},
{"type":"Feature","geometry":{"type":"Point","coordinates":[18.4466671,54.4172278]},"properties":{"shop":"convenience"}},
{"type":"Feature","geometry":{"type":"Point","coordinates":[18.5898847,54.3486807]},"properties":{"brand":"Biedronka","brand:wikidata":"Q857182","check_date":"2025-05-29","name":"Biedronka","shop":"supermarket","website":"https://www.biedronka.pl/pl/shop,id,7475"}},
{"type":"Feature","geometry":{"type":"Point","coordinates":[18.6076497,54.4007433]},"properties":{"brand":"Stokrotka","brand:wikidata":"Q9345945","name":"Stokrotka","shop":"supermarket"}},
{"type":"Feature","geometry":{"type":"Point","coordinates":[18.4832646,54.3894425]},"properties":{"brand":"Żabka","brand:wikidata":"Q2589061","name":"Żabka","name:pl":"Żabka","name:uk":"Жабка","shop":"convenience"}},
{"type":"Feature","geometry":{"type":"Point","coordinates":[18.6085995,54.3362175]},"properties":{"brand":"Żabka","brand:wikidata":"Q2589061","check_date":"2025-05-21","name":"Żabka","name:pl":"Żabka","name:uk":"Жабка","shop":"convenience"}},
{"type":"Feature","geometry":{"type":"Point","coordinates":[18.6330796,54.3792052]},"properties":{"entrance":"shop"}},
{"type":"Feature","geometry":{"type":"Point","coordinates":[18.4569513,54.4174444]},"properties":{"brand":"Stokrotka Express","brand:wikidata":"Q110801119","check_date":"2025-05-24","name":"Stokrotka Express","shop":"convenience"}},
{"type":"Feature","geometry":{"type":"Point","coordinates":[18.5784163,54.4178209]},"properties":{"addr:city":"Gdańsk","addr:housenumber":"92","addr:postcode":"80-333","addr:street":"Pomorska","brand":"Żabka","brand:wikidata":"Q2589061","brand:wikipedia":"pl:Żabka (sieć sklepów)","name":"Żabka","name:pl":"Żabka","name:uk":"Жабка","opening_hours":"Mo-Sa 06:00-23:00; Su 10:00-22:00","ref":"ZE301","shop":"convenience","website":"https://www.zabka.pl/znajdz-sklep/ID0E301-gdansk-ul-pomorska-92/"}},
{"type":"Feature","geometry":{"type":"Point","coordinates":[18.56592,54.4180624]},"properties":{"brand":"Żabka","brand:wikidata":"Q2589061","name":"Żabka","name:pl":"Żabka","name:uk":"Жабка","shop":"convenience"}},
{"type":"Feature","geometry":{"type":"Point","coordinates":[18.64689,54.3952284]},"properties":{"brand":"Żabka","brand:wikidata":"Q2589061","check_date":"2025-07-27","name":"Żabka","name:pl":"Żabka","name:uk":"Жабка","shop":"convenience"}},
{"type":"Feature","geometry":{"type":"Point","coordinates":[18.611717,54.3959677]},"properties":{"brand":"Żabka","brand:wikidata":"Q2589061","name":"Żabka","name:pl":"Żabka","name:uk":"Жабка","shop":"convenience"}},
{"type":"Feature","geometry":{"type":"Point","coordinates":[18.5662202,54.3773009]},"properties":{"brand":"Żabka","brand:wikidata":"Q2589061","name":"Żabka","name:pl":"Żabka","name:uk":"Жабка","shop":"convenience"}},
{"type":"Feature","geometry":{"type":"Point","coordinates":[18.6614307,54.3564067]},"properties":{"brand":"Żabka","brand:wikidata":"Q2589061","name":"Żabka","name:pl":"Żabka","name:uk":"Жабка","shop":"convenience"}},
{"type":"Feature","geometry":{"type":"Point","coordinates":[18.6175786,54.3476385]},"properties":{"brand":"Żabka","brand:wikidata":"Q2589061","name":"Żabka","name:pl":"Żabka","name:uk":"Жабка","shop":"convenience"}},
{"type":"Feature","geometry":{"type":"Point","coordinates":[18.666131,54.348262]},"properties":{"addr:floor":"0","addr:housenumber":"35","addr:street":"Długie Ogrody","brand":"Żabka","brand:wikidata":"Q2589061","check_date":"2025-08-10","level":"0","name":"Żabka","name:pl":"Żabka","name:uk":"Жабка","opening_hours":"06:00-23:00","payment:cash":"yes","payment:maestro":"yes","payment:mastercard":"yes","payment:visa":"yes","shop":"convenience","wheelchair":"limited"}},
{"type":"Feature","geometry":{"type":"Point","coordinates":[18.6145889,54.3279269]},"properties":{"brand":"Żabka","brand:wikidata":"Q2589061","name":"Żabka","name:pl":"Żabka","name:uk":"Жабка","shop":"convenience"}},
{"type":"Feature","geometry":{"type":"Point","coordinates":[18.4178982,54.4423215]},"properties":{"brand":"Żabka","brand:wikidata":"Q2589061","name":"Żabka","name:pl":"Żabka","name:uk":"Жабка","shop":"convenience"}},
{"type":"Feature","geometry":{"type":"Point","coordinates":[18.7315373,54.3690044]},"properties":{"check_date":"2025-06-08","name":"Kulo","shop":"convenience"}},
{"type":"Feature","geometry":{"type":"Point","coordinates":[18.4209944,54.4433204]},"properties":{"check_date":"2024-07-06","name":"GS Żukowo","shop":"convenience"}},
{"type":"Feature","geometry":{"type":"Point","coordinates":[18.5350871,54.2957146]},"properties":{"brand":"Lewiatan","brand:wikidata":"Q11755396","name":"Lewiatan","shop":"convenience","website":"https://www.lewiatan.pl/znajdz-sklep/lewiatan-bakowo-sowia-21"}},
{"type":"Feature","geometry":{"type":"Point","coordinates":[18.638036,54.4065381]},"properties":{"addr:city":"Gdańsk","addr:country":"PL","addr:housenumber":"1","addr:postcode":"80-524","addr:street":"Konstantego Ildefonsa Gałczyńskiego","brand":"Dino","brand:wikidata":"Q11694239","brand:wikipedia":"pl:Dino Polska","name":"Dino","opening_hours":"Mo-Sa 06:00-22:00; Su 08:30-20:00","payment:cash":"yes","payment:mastercard":"yes","payment:visa":"yes","shop":"supermarket","start_date":"2025-07-11","website":"https://marketdino.pl"}},
{"type":"Feature","geometry":{"type":"Point","coordinates":[18.6028344,54.309273]},"properties":{"addr:city":"Gdańsk","addr:housenumber":"29C","addr:postcode":"80-180","addr:street":"Pastelowa","brand":"Netto","brand:wikidata":"Q552652","name":"Netto","opening_hours":"Mo-Sa 6:00-22:00","phone":"531 994 994","shop":"supermarket"}},
{"type":"Feature","geometry":{"type":"Point","coordinates":[18.5879056,54.3100664]},"properties":{"entrance":"main"}},
{"type":"Feature","geometry":{"type":"Point","coordinates":[18.5738998,54.3913334]},"properties":{"brand":"Żabka","brand:wikidata":"Q2589061","name":"Żabka","name:pl":"Żabka","name:uk":"Жабка","shop":"convenience"}},
{"type":"Feature","geometry":{"type":"Point","coordinates":[18.6133357,54.4068691]},"properties":{"addr:city":"Gdańsk","addr:housenumber":"2","addr:postcode":"80-365","addr:street":"Jelitkowski Dwór","brand":"Lidl","brand:wikidata":"Q151954","name":"Lidl","opening_hours":"Mo-Sa 06:00-22:00","shop":"supermarket"}},
{"type":"Feature","geometry":{"type":"Point","coordinates":[18.5714989,54.4332766]},"properties":{"check_date":"2025-03-12","name":"Delikates 5","opening_hours":"Mo-Sa 07:00-22:00; Su 09:00-20:00","operator":"Społem","phone":"58 551 17 35","shop":"convenience","wheelchair":"no"}},
{"type":"Feature","geometry":{"type":"Point","coordinates":[18.5715654,54.4325667]},"properties":{"check_date":"2025-03-12","name":"Bolito","shop":"convenience"}},
{"type":"Feature","geometry":{"type":"Point","coordinates":[18.5851428,54.4114526]},"properties":{"addr:housenumber":"17A","addr:street":"Czerwony Dwór","name":"Smak","opening_hours":"Mo-Sa 08:00-22:00","shop":"convenience"}},
{"type":"Feature","geometry":{"type":"Point","coordinates":[18.609946,54.3840052]},"properties":{"brand":"abc","brand:wikidata":"Q11683985","brand:wikipedia":"pl:abc (sieć handlowa)","name":"abc","opening_hours":"Mo-Fr 06:30-20:15; Sa 07:30-17:00","operator":"abc","shop":"convenience","website":"https://sklepyabc.pl"}},
{"type":"Feature","geometry":{"type":"Point","coordinates":[18.6099346,54.3870529]},"properties":{"addr:city":"Gdańsk","addr:country":"PL","addr:housenumber":"47","addr:postcode":"80-445","addr:street":"Tadeusza Kościuszki","brand":"Żabka","brand:wikidata":"Q2589061","brand:wikipedia":"pl:Żabka (sieć sklepów)","name":"Żabka","name:pl":"Żabka","name:uk":"Жабка","opening_hours":"Mo-Sa 06:00-23:00; Su 11:00-20:00","roof:levels":"0","shop":"convenience","source:addr":"Urząd Miasta Gdańsk","website":"https://www.zabka.pl"}},
{"type":"Feature","geometry":{"type":"LineString","coordinates":[[18.649357,54.3566431],[18.6497196,54.3567642],[18.6496739,54.3568044],[18.6496923,54.3568125],[18.64966,54.356836],[18.6496399,54.3568271],[18.6496223,54.3568407],[18.6496057,54.3568528],[18.6496355,54.3568662],[18.6496121,54.3568836],[18.6495848,54.3568706],[18.6494298,54.3569797],[18.6492576,54.3569226],[18.6492541,54.3569265],[18.6491484,54.3568895],[18.6491636,54.3568738],[18.6491208,54.356859],[18.6490787,54.3568444],[18.6490614,54.3568613],[18.6490056,54.3568421],[18.6486226,54.3567091],[18.6486311,54.356701],[18.6485967,54.3566899],[18.6485918,54.3566929],[18.6483982,54.3566262],[18.6483711,54.3566164],[18.6483467,54.3566047],[18.6483288,54.3565892],[18.6483117,54.3565721],[18.6483493,54.3565673],[18.6483464,54.356549],[18.6483314,54.3565082],[18.6485021,54.3563621],[18.6485229,54.3563433],[18.648908,54.3560106],[18.6489742,54.3560126],[18.6490364,54.3560826],[18.6492446,54.356045],[18.649254,54.3560641],[18.6492783,54.3560616],[18.6492891,54.3560514],[18.649732,54.3561697],[18.6497252,54.3561788],[18.649756,54.3561868],[18.649759800000003,54.3561829],[18.6497782,54.3561828],[18.6497894,54.3561857],[18.6497965,54.3561898],[18.6498018,54.3561942],[18.6498043,54.3562011],[18.649357,54.3566431]]},"properties":{"addr:city":"Gdańsk","addr:country":"PL","addr:housenumber":"2","addr:postcode":"80-847","addr:street":"Gnilna","alt_name":"Madison Shopping Gallery","building":"yes","name":"Galeria Handlowa Madison","phone":"+48 58 766 75 75","shop":"mall","source:addr":"Urząd Miasta Gdańsk","website":"https://madison.gda.pl/","wheelchair":"yes","wikidata":"Q9265530","wikipedia":"pl:Galeria Handlowa Madison"}},
{"type":"Feature","geometry":{"type":"LineString","coordinates":[[18.489149,54.4245888],[18.4898256,54.4244924],[18.490411,54.4244091],[18.4919664,54.4245921],[18.4927916,54.4265982],[18.4917626,54.42674],[18.4918021,54.4268445],[18.49093,54.4269695],[18.4907353,54.4268993],[18.4906093,54.4268537],[18.4905405,54.4268264],[18.4904681,54.4266487],[18.490233,54.4260688],[18.4901137,54.4260289],[18.4900237,54.4257922],[18.4898176,54.4252931],[18.489607,54.4252198],[18.4893698,54.4251312],[18.489149,54.4245888]]},"properties":{"addr:city":"Gdańsk","addr:country":"PL","addr:housenumber":"48","addr:postcode":"80-299","addr:street":"Spacerowa","building":"commercial","name":"Centrum Handlowe Osowa","opening_hours":"Mo-Sa 10:00-21:00; Su 10:00-20:00","operator":"Apsys","shop":"mall","source:addr":"Urząd Miasta Gdańsk","website":"https://chosowa.pl/"}},
{"type":"Feature","geometry":{"type":"LineString","coordinates":[[18.6077817,54.377545],[18.6077691,54.3775329],[18.6077042,54.3775545],[18.6077163,54.3775666],[18.6075727,54.3776161],[18.6075603,54.377604],[18.6074833,54.3776293],[18.607495,54.3776416],[18.6074572,54.3776541],[18.6073651,54.3776846],[18.6073338,54.3776538],[18.6072369,54.3776858],[18.6072133,54.377679],[18.6071796,54.3776433],[18.6071016,54.3776457],[18.6070871,54.3776461],[18.6069535,54.3776502],[18.6067785,54.3776555],[18.6067297,54.3776124],[18.606424,54.3773421],[18.6064206,54.3773427],[18.6063518,54.3772817],[18.6062888,54.3772258],[18.6063952,54.377185],[18.6063788,54.3771723],[18.6065721,54.3770853],[18.6066121,54.3771142],[18.6067022,54.3770797],[18.6066815,54.3770614],[18.6070846,54.3769072],[18.6071123,54.3768966],[18.607133,54.3769151],[18.6072186,54.3768821],[18.6071976,54.3768633],[18.6074545,54.3767638],[18.6075001,54.3768043],[18.6074732,54.3768146],[18.607505,54.3768428],[18.6075338,54.3768685],[18.6076129,54.376838],[18.6080036,54.3771847],[18.6079046,54.3772228],[18.6079365,54.3772519],[18.6079658,54.3772786],[18.6080695,54.3772431],[18.6080919,54.3772655],[18.6081143,54.3772878],[18.608134,54.3772804],[18.6082419,54.3773771],[18.6079926,54.3774714],[18.60798,54.3774593],[18.6079087,54.3774846],[18.607921,54.3774967],[18.6077817,54.377545]]},"properties":{"addr:city":"Gdańsk","addr:country":"PL","addr:housenumber":"82","addr:postcode":"80-244","addr:street":"Aleja Grunwaldzka","building":"retail","building:levels":"5","internet_access":"wlan","name":"Manhattan","opening_hours":"Mo-Sa 07:00-21:00","shop":"mall","source:addr":"Urząd Miasta Gdańsk","website":"https://gchmanhattan.pl/"}},
{"type":"Feature","geometry":{"type":"LineString","coordinates":[[18.614481,54.375206],[18.614457,54.375213],[18.614474,54.375232],[18.6143515,54.3752674],[18.614199,54.3753114],[18.614197,54.375312],[18.61396,54.375033],[18.6139643,54.3750318],[18.6141062,54.3749906],[18.614439,54.374894],[18.614572,54.375053],[18.614538,54.375063],[18.614552,54.37508],[18.614523,54.375088],[18.614537,54.375105],[18.614511,54.375113],[18.614526,54.37513],[18.614496,54.375139],[18.61451,54.375155],[18.614481,54.375164],[18.614496,54.375181],[18.6144844,54.3751842],[18.614467,54.375189],[18.614481,54.375206]]},"properties":{"addr:city":"Gdańsk","addr:country":"PL","addr:housenumber":"7","addr:postcode":"80-288","addr:street":"Politechniczna","building":"retail","building:levels":"2","name":"Centrum Handlowe Jantar","shop":"mall","source:addr":"Urząd Miasta Gdańsk","source:building":"BDOT","source:geometry":"EGiB"}},
{"type":"Feature","geometry":{"type":"LineString","coordinates":[[18.6011217,54.383154],[18.6011076,54.3831439],[18.6010806,54.3831564],[18.6010953,54.3831667],[18.6010104,54.3832063],[18.6010095,54.3832056],[18.6009644,54.3832265],[18.6008794,54.383266],[18.6008203,54.3832905],[18.6008031,54.3832997],[18.6007809,54.3833151],[18.6007842,54.3833173],[18.6007082,54.3833493],[18.6006229,54.3833626],[18.6005305,54.3833563],[18.6004121,54.3833118],[18.6003731,54.3833308],[18.6001195,54.3832751],[18.6001188,54.3832737],[18.5997314,54.3831888],[18.5997305,54.3831895],[18.5996331,54.383168],[18.5996415,54.3831545],[18.59961,54.3831478],[18.599609,54.3831492],[18.5996077,54.3831489],[18.5995999,54.3831609],[18.5994538,54.3831287],[18.5994647,54.3831174],[18.5994316,54.3831101],[18.5994233,54.383119],[18.5993748,54.3831003],[18.5993237,54.3830765],[18.5992946,54.3830882],[18.5990524,54.382882],[18.5991415,54.3828466],[18.5990936,54.3827019],[18.5991131,54.3826522],[18.5991599,54.3825825],[18.5991801,54.382598],[18.599212,54.382584],[18.599135,54.3825243],[18.5991955,54.3824976],[18.5992088,54.3825079],[18.5992403,54.382494],[18.5991814,54.3824484],[18.599233,54.3823846],[18.5992729,54.3823505],[18.599356,54.3822957],[18.5993848,54.3822807],[18.5994538,54.3822494],[18.5994674,54.3822607],[18.5994968,54.3822469],[18.5994843,54.3822368],[18.5996039,54.3821841],[18.5996178,54.3821942],[18.5996477,54.3821811],[18.5996335,54.3821706],[18.6002371,54.3819046],[18.6002506,54.3819155],[18.6002825,54.3819014],[18.6002694,54.3818909],[18.600373,54.3818452],[18.6003935,54.381861],[18.600557,54.381987],[18.6007348,54.3820145],[18.6009934,54.3820561],[18.600998,54.3820464],[18.601121,54.3820658],[18.6011192,54.3820697],[18.6011177,54.3820695],[18.6011149,54.3820755],[18.6011587,54.3820823],[18.601169,54.3820617],[18.6011813,54.3820431],[18.6012586,54.3819993],[18.601374,54.3819935],[18.6016856,54.3820427],[18.6016835,54.3820472],[18.6016807,54.3820533],[18.6017113,54.3820581],[18.6017163,54.3820589],[18.60172,54.3820481],[18.6018702,54.3820718],[18.6018639,54.3820849],[18.6018976,54.3820903],[18.6019023,54.38208],[18.6020961,54.3821317],[18.602513,54.3822428],[18.6024974,54.3822627],[18.6025494,54.3822767],[18.602565,54.3822567],[18.6025769,54.3822597],[18.6024709,54.382395],[18.60242,54.3824007],[18.6024345,54.3824438],[18.6024504,54.3824917],[18.602453,54.3824914],[18.6024859,54.3824949],[18.6025108,54.3825079],[18.602413,54.3825531],[18.6024125,54.3825527],[18.6023847,54.3825655],[18.6023852,54.382566],[18.602168,54.3826689],[18.6018338,54.3828239],[18.6018195,54.3828134],[18.6017886,54.3828277],[18.6018023,54.3828382],[18.6017022,54.3828847],[18.6016805,54.3828692],[18.6016494,54.3828839],[18.6016712,54.3828994],[18.6016242,54.3829212],[18.6016195,54.3829177],[18.6014004,54.3830199],[18.6014048,54.3830232],[18.6012713,54.3830851],[18.6012572,54.3830745],[18.6012302,54.3830869],[18.6012439,54.3830974],[18.6011217,54.383154]]},"properties":{"addr:city":"Gdańsk","addr:country":"PL","addr:housenumber":"141","addr:postcode":"80-264","addr:street":"Aleja Grunwaldzka","building":"mall","building:levels":"5","image":"https://photos.app.goo.gl/3Fo4s3SChtEkavMeA","name":"Galeria Bałtycka","shop":"mall","source:addr":"Urząd Miasta Gdańsk","url":"https://polska-org.pl/8038114,Gdansk,Galeria_Baltycka.html","url:0":"https://fotopolska.eu/82987,obiekt.html?map_z=18","wheelchair":"yes","wikidata":"Q1491832","wikipedia":"pl:Galeria Bałtycka"}},
{"type":"Feature","geometry":{"type":"LineString","coordinates":[[18.5935919,54.3536315],[18.5935293,54.3536214],[18.5935656,54.3535319],[18.592749,54.3534],[18.5927044,54.3534163],[18.5924904,54.3533818],[18.5924296,54.3533331],[18.5923082,54.3533876],[18.591566,54.3531175],[18.5919376,54.3522959],[18.5921279,54.3520723],[18.5921877,54.352083],[18.5922893,54.3518677],[18.5923215,54.3518017],[18.5923391,54.3517649],[18.5926281,54.351812],[18.5926667,54.351792],[18.5933172,54.3515841],[18.593344,54.3515648],[18.5933653,54.3515375],[18.5934886,54.3512771],[18.5935157,54.351262],[18.5935542,54.3512486],[18.593624,54.3512432],[18.5936622,54.3512485],[18.5939306,54.3512927],[18.5939743,54.3512951],[18.5940081,54.3512883],[18.594171,54.3512185],[18.594191,54.351215],[18.5946428,54.3512781],[18.5948873,54.3513123],[18.5949191,54.3513168],[18.5947867,54.3515939],[18.5947022,54.3515805],[18.5946857,54.3516226],[18.5945535,54.3519048],[18.5943492,54.3518732],[18.5941906,54.3522144],[18.5940995,54.3522615],[18.5941292,54.3522687],[18.5939779,54.3525895],[18.594021,54.3525863],[18.5940555,54.3526039],[18.5940201,54.3527033],[18.5940089,54.352741],[18.5935919,54.3536315]]},"properties":{"addr:city":"Gdańsk","addr:country":"PL","addr:housenumber":"102A","addr:postcode":"80-172","addr:street":"Franciszka Schuberta","building":"retail","building:levels":"6","internet_access":"wlan","name":"Galeria Morena","name:pl":"Galeria Morena","name:ru":"ТЦ Galeria Morena","opening_hours":"Mo-Sa 09:00-21:00; Su 10:00-20:00","phone":"58 766 98 02","shop":"mall","source:addr":"Urząd Miasta Gdańsk","toilets":"yes","website":"https://galeriamorena.pl/"}},
{"type":"Feature","geometry":{"type":"LineString","coordinates":[[18.5870042,54.4031322],[18.5870059,54.403129],[18.5869891,54.4031127],[18.5869541,54.4030745],[18.5868885,54.4030029],[18.5868836,54.403002],[18.586946,54.4028791],[18.5870686,54.4029002],[18.58743,54.4021918],[18.587453,54.4021493],[18.5873331,54.4021274],[18.5874041,54.4019893],[18.5874646,54.4019994],[18.5874839,54.4019603],[18.5876958,54.4019972],[18.5878049,54.4020163],[18.587786,54.402055],[18.5878991,54.4020749],[18.5879163,54.402117],[18.5879608,54.4021119],[18.5879853,54.4021728],[18.5879408,54.4021786],[18.5879608,54.4022264],[18.5884998,54.4023209],[18.5885127,54.4022971],[18.5885436,54.4023022],[18.5885321,54.4023257],[18.5886503,54.4023467],[18.5886724,54.4023029],[18.5887348,54.4023139],[18.5887931,54.4023029],[18.5888121,54.402335],[18.5887916,54.4023722],[18.5889713,54.4024025],[18.5889815,54.4023838],[18.58904,54.4023733],[18.5890582,54.4024044],[18.5890518,54.4024171],[18.5891783,54.4024394],[18.5889604,54.4028647],[18.5886731,54.4034219],[18.5886089,54.4034109],[18.5884145,54.4033764],[18.5884191,54.4033668],[18.588314,54.4033477],[18.5883091,54.4033583],[18.5870868,54.4031466],[18.5870042,54.4031322]]},"properties":{"addr:city":"Gdańsk","addr:country":"PL","addr:housenumber":"32","addr:postcode":"80-394","addr:street":"Kołobrzeska","brand":"Auchan","brand:wikidata":"Q758603","brand:wikipedia":"en:Auchan","building":"retail","name":"Auchan","opening_hours":"Mo-Sa 07:30-22:00","operator":"Auchan Polska Sp. z o.o.","shop":"supermarket","source:addr":"Urząd Miasta Gdańsk","website":"https://www.auchan.pl/","wheelchair":"yes"}},
{"type":"Feature","geometry":{"type":"LineString","coordinates":[[18.5862822,54.4043947],[18.5862907,54.4043775],[18.5863401,54.4042771],[18.5863272,54.4042751],[18.5863631,54.4042025],[18.5863779,54.4042044],[18.5863952,54.4041688],[18.5865369,54.4038761],[18.5870403,54.4039619],[18.5871019,54.4039724],[18.5871229,54.4039357],[18.5875054,54.4040008],[18.588522,54.404175],[18.588528,54.4041615],[18.5892373,54.4042837],[18.5893571,54.404305],[18.5891182,54.4047823],[18.5887394,54.404717],[18.5885222,54.4047756],[18.5862822,54.4043947]]},"properties":{"addr:city":"Gdańsk","addr:country":"PL","addr:housenumber":"41C","addr:postcode":"80-391","addr:street":"Kołobrzeska","building":"retail","building:levels":"3","internet_access":"wlan","internet_access:fee":"no","internet_access:ipv6":"no","internet_access:password":"no","internet_access:ssid":"ALFA_CENTRUM_FREE_WiFi","name":"Alfa Centrum","opening_hours":"Mo-Sa 09:00-21:00; Su 10:00-20:00","opening_hours:signed":"yes","phone":"+48 58 769 40 00","shop":"mall","source:addr":"Urząd Miasta Gdańsk","toilets:wheelchair":"yes","website":"https://www.alfacentrum.pl/","wheelchair":"yes"}},
{"type":"Feature","geometry":{"type":"LineString","coordinates":[[18.590778,54.4104572],[18.5908211,54.4103761],[18.5905993,54.4103355],[18.5905553,54.4104172],[18.5901897,54.4103512],[18.5904975,54.4097693],[18.5904694,54.409764],[18.5904964,54.4097146],[18.5905235,54.4097194],[18.5906463,54.409489],[18.5907008,54.4095004],[18.5908025,54.4093102],[18.590772,54.4092871],[18.5907627,54.4092782],[18.5907304,54.4092404],[18.5907058,54.409201],[18.590691,54.4091629],[18.5906867,54.409129],[18.5906913,54.4090999],[18.5906972,54.4090852],[18.5907078,54.4090663],[18.5907228,54.4090495],[18.590779,54.4090321],[18.5908591,54.4090072],[18.5909047,54.4090111],[18.5909548,54.4090215],[18.5909954,54.4090359],[18.5910358,54.4090545],[18.5910569,54.4090666],[18.5910687,54.4090742],[18.5911037,54.4091002],[18.5911183,54.4091129],[18.5912043,54.4090872],[18.5911849,54.4090513],[18.5917517,54.4090176],[18.5917509,54.409008],[18.5918513,54.4090051],[18.5921714,54.4090104],[18.5923761,54.4090193],[18.5925035,54.4090268],[18.5926974,54.4090418],[18.5926942,54.4090505],[18.5930746,54.4090883],[18.5931541,54.4091696],[18.5931962,54.4091607],[18.5932376,54.4091538],[18.5932803,54.4091522],[18.5933273,54.4091555],[18.5933701,54.4091641],[18.5934141,54.4091779],[18.5934467,54.4091938],[18.5934732,54.4092152],[18.5934937,54.4092344],[18.5935068,54.4092576],[18.5935122,54.409274],[18.5935144,54.4092876],[18.5935139,54.4093011],[18.5935112,54.4093145],[18.5935057,54.4093278],[18.5933586,54.4095997],[18.5933084,54.409699],[18.5932918,54.409717],[18.5932637,54.4097298],[18.5932289,54.4097351],[18.5931932,54.4097323],[18.593129,54.4098509],[18.5931657,54.4098576],[18.5930607,54.4100537],[18.5931153,54.4100625],[18.5929147,54.4104392],[18.5928239,54.4104227],[18.5927511,54.4105599],[18.5922685,54.4104732],[18.5922372,54.4105298],[18.5920762,54.4105012],[18.5920132,54.4106206],[18.5918864,54.4105996],[18.5918582,54.4106523],[18.590778,54.4104572]]},"properties":{"addr:city":"Gdańsk","addr:housenumber":"1","addr:postcode":"80-398","addr:street":"Obrońców Wybrzeża","building":"retail","name":"Galeria Przymorze","operator":"APSYS Polska","owner":"IMMOGDAŃSK Sp. z o.o.","phone":"+48 58 785 98 50","shop":"mall","source:addr":"Urząd Miasta Gdańsk","website":"https://galeriaprzymorze.pl/","wheelchair":"yes"}},
{"type":"Feature","geometry":{"type":"LineString","coordinates":[[18.6147656,54.3787978],[18.6153877,54.3794587],[18.6153992,54.3794711],[18.615454,54.3795551],[18.6154707,54.3795513],[18.615566,54.379531],[18.615616,54.379611],[18.615625,54.3796244],[18.6163244,54.3795414],[18.6161889,54.3792054],[18.6159204,54.3785456],[18.6158602,54.3784782],[18.6158505,54.3784791],[18.6158174,54.378444],[18.6156334,54.3785055],[18.6156105,54.3785224],[18.6155351,54.378551],[18.6153629,54.3786084],[18.6153222,54.3786107],[18.6152778,54.3786255],[18.61496,54.3787323],[18.6149172,54.3787472],[18.6147656,54.3787978]]},"properties":{"amenity":"marketplace","landuse":"retail","loc_name":"Rynek we Wrzeszczu","name":"Targowisko Miejskie Gdańsk-Wrzeszcz"}},
{"type":"Feature","geometry":{"type":"LineString","coordinates":[[18.5974208,54.3845766],[18.5971189,54.3844239],[18.5975055,54.3841642],[18.5974411,54.3841321],[18.5976369,54.3840007],[18.5977008,54.3840331],[18.5977788,54.3839816],[18.5977254,54.3839546],[18.5977816,54.3839169],[18.5981359,54.3840964],[18.5977769,54.3843372],[18.5978447,54.3843714],[18.5977484,54.3844357],[18.5976803,54.384404],[18.5974208,54.3845766]]},"properties":{"addr:city":"Gdańsk","addr:country":"PL","addr:housenumber":"161","addr:postcode":"80-244","addr:street":"Aleja Grunwaldzka","brand":"Lidl","brand:wikidata":"Q151954","brand:wikipedia":"en:Lidl","building":"retail","building:levels":"1","name":"Lidl","opening_hours":"Mo-Sa 06:00-22:00","shop":"supermarket"}},
{"type":"Feature","geometry":{"type":"LineString","coordinates":[[18.609131,54.3898408],[18.6093304,54.3899009],[18.6093539,54.3898749],[18.6097332,54.3899926],[18.6098166,54.390018],[18.6098267,54.3900207],[18.6098387,54.3900223],[18.609857,54.3900224],[18.6098683,54.3900211],[18.6098803,54.3900187],[18.6098893,54.3900152],[18.6099003,54.3900075],[18.6099579,54.3900251],[18.6100154,54.3900426],[18.6100135,54.3900449],[18.6100116,54.3900496],[18.6100109,54.3900564],[18.6100144,54.3900655],[18.6100177,54.3900709],[18.6100221,54.3900757],[18.6100301,54.3900812],[18.6100376,54.390085],[18.610048,54.3900887],[18.6104251,54.3902045],[18.610449,54.3902528],[18.6106493,54.3903134],[18.6106545,54.3903067],[18.6106529,54.3903062],[18.6107418,54.3901967],[18.6107438,54.3901972],[18.6107459,54.3901948],[18.6107439,54.3901942],[18.6108449,54.3900706],[18.6108469,54.3900712],[18.6108488,54.3900687],[18.610847,54.3900681],[18.6109246,54.3899735],[18.6109264,54.3899741],[18.6109284,54.3899716],[18.6109264,54.3899712],[18.6110034,54.3898771],[18.6110054,54.3898777],[18.6110101,54.3898725],[18.610968,54.3898598],[18.6110431,54.3897751],[18.6108096,54.3897039],[18.6106551,54.3896568],[18.61062,54.3896963],[18.6105535,54.3896766],[18.6105652,54.3896632],[18.6105606,54.3896618],[18.6105598,54.3896629],[18.6104948,54.3896437],[18.6104895,54.3896498],[18.6104699,54.3896435],[18.6104649,54.389649],[18.6103595,54.3896166],[18.6103673,54.3896072],[18.6103511,54.3895781],[18.6103252,54.3895828],[18.6103087,54.3896009],[18.6102396,54.3895795],[18.6102472,54.3895708],[18.6102289,54.3895653],[18.6102211,54.3895739],[18.6101118,54.3895402],[18.6101224,54.3895274],[18.6101184,54.3895263],[18.6101069,54.3895396],[18.6100451,54.3895222],[18.6100482,54.3895185],[18.6100547,54.3895202],[18.6100575,54.3895172],[18.6100507,54.3895153],[18.6100538,54.3895115],[18.6100487,54.3895101],[18.6100198,54.3895422],[18.6099871,54.3895327],[18.6099687,54.3895542],[18.6097492,54.3894872],[18.609797,54.3894341],[18.6096617,54.389392],[18.6095588,54.3895072],[18.609532,54.389499],[18.6095339,54.389497],[18.6095271,54.389495],[18.6094463,54.3895853],[18.6094539,54.3895875],[18.6094554,54.3895858],[18.6094808,54.3895938],[18.6093719,54.3897167],[18.609277,54.3896877],[18.6092795,54.3896847],[18.6092715,54.3896824],[18.609131,54.3898408]]},"properties":{"addr:city":"Gdańsk","addr:country":"PL","addr:housenumber":"33","addr:postcode":"80-463","addr:street":"Aleja Rzeczypospolitej","building":"hangar","building:levels":"2","building:use":"retail","name":"Galeria Zaspa","roof:shape":"round","shop":"mall","source":"www.geoportal.gov.pl","source:addr":"Urząd Miasta Gdańsk","wheelchair":"yes"}},
{"type":"Feature","geometry":{"type":"LineString","coordinates":[[18.6318844,54.3789944],[18.6318839,54.3790031],[18.6318298,54.379002],[18.6318302,54.378994],[18.6317355,54.3789921],[18.6317412,54.3788974],[18.6317867,54.3788983],[18.6317926,54.3787995],[18.6321813,54.3788073],[18.6321757,54.3789008],[18.6322247,54.3789017],[18.6322188,54.3790011],[18.6318844,54.3789944]]},"properties":{"addr:city":"Gdańsk","addr:country":"PL","addr:housenumber":"136","addr:postcode":"80-557","addr:street":"Marynarki Polskiej","brand":"Merkus","building":"retail","name":"Merkus","shop":"supermarket","source:addr":"Urząd Miasta Gdańsk"}},
{"type":"Feature","geometry":{"type":"LineString","coordinates":[[18.6327915,54.3774796],[18.633061,54.3773043],[18.6332902,54.3774292],[18.6333525,54.3773869],[18.6334611,54.3774447],[18.6333975,54.3774814],[18.6338023,54.3776957],[18.6334853,54.3778983],[18.6334237,54.3778675],[18.6334724,54.3778386],[18.6333866,54.3777927],[18.6333284,54.377831],[18.6331032,54.3777132],[18.6331614,54.3776741],[18.6327915,54.3774796]]},"properties":{"addr:city":"Gdańsk","addr:country":"PL","addr:housenumber":"97","addr:postcode":"80-557","addr:street":"Marynarki Polskiej","brand":"Lidl","brand:wikidata":"Q151954","brand:wikipedia":"en:Lidl","building":"yes","name":"Lidl","opening_hours":"Mo-Sa 08:00-21:00; Su 09:00-18:00","shop":"supermarket","source:addr":"Urząd Miasta Gdańsk"}},
{"type":"Feature","geometry":{"type":"LineString","coordinates":[[18.6102674,54.3936356],[18.6101148,54.3936575],[18.6100795,54.3935741],[18.6100077,54.3935844],[18.6099519,54.3934523],[18.6100226,54.3934422],[18.6099716,54.3933216],[18.6099017,54.3933316],[18.6098838,54.3932892],[18.6098118,54.3932995],[18.6097209,54.3930843],[18.6097567,54.3930792],[18.6097389,54.393037],[18.6097756,54.3930317],[18.60974,54.3929475],[18.6098108,54.3929374],[18.6097603,54.3928178],[18.6096866,54.3928283],[18.6096299,54.3926942],[18.6097026,54.3926838],[18.6096847,54.3926413],[18.6097584,54.3926308],[18.6097417,54.3925911],[18.6098228,54.3925795],[18.6098403,54.3926209],[18.6099366,54.3926071],[18.6100243,54.3925945],[18.6100065,54.3925525],[18.6100892,54.3925406],[18.6101066,54.3925817],[18.6101792,54.3925713],[18.6101969,54.392613],[18.6102678,54.3926029],[18.6102862,54.3926463],[18.6103095,54.392643],[18.6103464,54.3927298],[18.6102521,54.3927434],[18.610288099999999,54.3928282],[18.6102506,54.3928336],[18.6102843,54.392913],[18.6103905,54.3928977],[18.6104264,54.3929823],[18.6104993,54.3929718],[18.6105555,54.3931044],[18.6104819,54.393115],[18.610517,54.3931976],[18.6104079,54.3932133],[18.6104234,54.39325],[18.6104604,54.3932446],[18.6105141,54.3933713],[18.6105875,54.3933607],[18.6106435,54.393493],[18.6105682,54.3935038],[18.6105855,54.3935447],[18.6105123,54.3935552],[18.6105304,54.3935978],[18.6104522,54.3936091],[18.610435,54.3935684],[18.6103442,54.3935814],[18.6102502,54.3935949],[18.6102674,54.3936356]]},"properties":{"addr:city":"Gdańsk","addr:country":"PL","addr:housenumber":"12","addr:postcode":"80-472","addr:street":"Żwirki i Wigury","building":"retail","name":"Centrum handlowe Lotnia","shop":"mall","source":"Yahoo;Bing","source:addr":"Urząd Miasta Gdańsk"}},
{"type":"Feature","geometry":{"type":"LineString","coordinates":[[18.469756,54.430739],[18.469395,54.43091],[18.469147,54.430739],[18.4691819,54.4307223],[18.469445,54.430596],[18.469631,54.430723],[18.469691,54.430693],[18.469756,54.430739]]},"properties":{"addr:city":"Gdańsk","addr:country":"PL","addr:housenumber":"12","addr:postcode":"80-299","addr:street":"Wacława Balcerskiego","brand":"Biedronka","brand:wikidata":"Q857182","brand:wikipedia":"pl:Biedronka (sieć handlowa)","building":"retail","building:levels":"1","name":"Biedronka Outlet","opening_hours":"Mo-Fr 09:00-18:00; Sa 09:00-16:00","shop":"supermarket","source:addr":"Urząd Miasta Gdańsk","source:building":"BDOT","source:geometry":"EGiB"}},
{"type":"Feature","geometry":{"type":"LineString","coordinates":[[18.5929857,54.3986292],[18.5936354,54.3982263],[18.5938826,54.3983614],[18.5932522,54.3987524],[18.5932475,54.3987498],[18.5932283,54.3987618],[18.5929857,54.3986292]]},"properties":{"addr:city":"Gdańsk","addr:country":"PL","addr:housenumber":"14","addr:postcode":"80-461","addr:street":"Startowa","brand":"Biedronka","brand:wikidata":"Q857182","brand:wikipedia":"pl:Biedronka (sieć handlowa)","building":"retail","building:levels":"2","name":"Biedronka","opening_hours":"Mo-Sa 06:00-23:30","operator":"Jeronimo Martins Polska S.A.","shop":"supermarket","source:addr":"Urząd Miasta Gdańsk","website":"https://www.biedronka.pl/pl/shop,id,2315"}},
{"type":"Feature","geometry":{"type":"LineString","coordinates":[[18.473577,54.415646],[18.472465,54.415683],[18.472345,54.414442],[18.473458,54.414406],[18.473577,54.415646]]},"properties":{"building":"warehouse","building:levels":"1","description":"Powierzchnie magazynowe Eurocash i UPS","ref":"H3","shop":"mall","source:building":"BDOT","source:geometry":"EGiB"}},
{"type":"Feature","geometry":{"type":"LineString","coordinates":[[18.476126,54.415563],[18.475013,54.415599],[18.474895,54.414358],[18.476006,54.414322],[18.476126,54.415563]]},"properties":{"addr:city":"Gdańsk","addr:country":"PL","addr:housenumber":"50","addr:street":"Nowy Świat","building":"warehouse","building:levels":"1","description":"Spożywcze i Centrum Ogrodnicze","ref":"H2","shop":"mall","source:building":"BDOT","source:geometry":"EGiB"}},
{"type":"Feature","geometry":{"type":"LineString","coordinates":[[18.5746115,54.4023327],[18.5747454,54.4021511],[18.5750541,54.4017322],[18.5743839,54.4015653],[18.574076,54.4019859],[18.5739449,54.4021651],[18.5742768,54.4022485],[18.5746115,54.4023327]]},"properties":{"addr:city":"Gdańsk","addr:housenumber":"471","addr:postcode":"80-309","addr:street":"Aleja Grunwaldzka","building":"retail","building:levels":"1","name":"Centrum Familia","opening_hours":"Mo-Sa 08:00-22:00; Su 09:00-21:00","shop":"mall","short_name":"CH Familia","source":"www.geoportal.gov.pl","source:addr":"Urząd Miasta Gdańsk","website":"https://www.centrum-familia.pl/"}},
{"type":"Feature","geometry":{"type":"LineString","coordinates":[[18.6185095,54.390247],[18.618502199999999,54.3901297],[18.6185549,54.3901286],[18.6185441,54.389954],[18.6196428,54.389931],[18.6196576,54.3901701],[18.6187629,54.3901889],[18.6187662,54.3902416],[18.6185095,54.390247]]},"properties":{"addr:city":"Gdańsk","addr:country":"PL","addr:housenumber":"75","addr:postcode":"80-414","addr:street":"Bolesława Chrobrego","brand":"Lidl","brand:wikidata":"Q151954","building":"yes","name":"Lidl","opening_hours":"Mo-Sa 06:00-22:00","shop":"supermarket","source:addr":"Urząd Miasta Gdańsk"}},
{"type":"Feature","geometry":{"type":"LineString","coordinates":[[18.6140604,54.3834204],[18.6140652,54.3834136],[18.6141924,54.3834168],[18.6142204,54.3834175],[18.6142605,54.3834186],[18.6142756,54.38343],[18.6142148,54.3834867],[18.6140604,54.3834204]]},"properties":{"addr:city":"Gdańsk","addr:country":"PL","addr:housenumber":"4","addr:postcode":"80-441","addr:street":"Aleja Legionów","building":"retail","building:levels":"1","check_date":"2025-01-27","name":"Neutrino","opening_hours":"24/7","roof:shape":"mansard","shop":"convenience","source:addr":"Urząd Miasta Gdańsk","source:geometry":"gis.gdansk.pl"}},
{"type":"Feature","geometry":{"type":"LineString","coordinates":[[18.6336661,54.4033489],[18.6334117,54.4031677],[18.6334173,54.4031652],[18.6333737,54.4031339],[18.6334344,54.4031049],[18.6334784,54.4031363],[18.6335679,54.4030936],[18.6335128,54.4030541],[18.6338284,54.4029042],[18.6338831,54.4029435],[18.6341869,54.4027988],[18.6344403,54.4029806],[18.6342037,54.4030926],[18.6342553,54.403129],[18.6341406,54.4031835],[18.6340893,54.4031467],[18.6336661,54.4033489]]},"properties":{"addr:city":"Gdańsk","addr:country":"PL","addr:housenumber":"21C","addr:postcode":"80-518","addr:street":"Gdańska","brand":"Lidl","brand:wikidata":"Q151954","brand:wikipedia":"en:Lidl","building":"retail","name":"Lidl","shop":"supermarket","source:addr":"Urząd Miasta Gdańsk"}},
{"type":"Feature","geometry":{"type":"LineString","coordinates":[[18.6513641,54.3476617],[18.6514499,54.3476368],[18.6514619,54.3476524],[18.6514775,54.3476478],[18.6515587,54.347624],[18.6516453,54.3477167],[18.651543,54.3477462],[18.6514563,54.3477698],[18.6513641,54.3476617]]},"properties":{"addr:city":"Gdańsk","addr:country":"PL","addr:housenumber":"35/36","addr:postcode":"80-826","addr:street":"Ogarna","building":"yes","building:levels":"4","check_date":"2024-10-09","name":"Tereska","note":"przesunięte względem ortofotomapy gis.gdansk.pl","opening_hours":"Mo-Sa 06:00-22:00","roof:colour":"#ff7657","shop":"convenience","source":"Bing","source:addr":"Urząd Miasta Gdańsk","source:geometry":"gis.gdansk.pl"}},
{"type":"Feature","geometry":{"type":"LineString","coordinates":[[18.7108812,54.3627662],[18.7108868,54.3626883],[18.7108969,54.3625479],[18.7114608,54.3625617],[18.711445,54.3627801],[18.7108812,54.3627662]]},"properties":{"addr:city":"Gdańsk","addr:country":"PL","addr:housenumber":"1","addr:postcode":"80-618","addr:street":"Wrzosy","brand":"Biedronka","brand:wikidata":"Q857182","brand:wikipedia":"pl:Biedronka (sieć handlowa)","building":"retail","email":"bok@biedronka.eu","name":"Biedronka","name:ru":"Бедронка","opening_hours":"Mo-Sa 07:00-21:00; Su 09:00-20:00","operator":"Jeronimo Martins Polska S.A.","payment:blik":"yes","payment:cash":"yes","payment:contactless":"yes","payment:diners_club":"yes","payment:maestro":"yes","payment:mastercard":"yes","payment:sodexo":"yes","payment:v_pay":"yes","payment:visa":"yes","payment:visa_debit":"yes","payment:visa_electron":"yes","phone":"+48 22 205 33 00","shop":"supermarket","source":"Yahoo","source:addr":"Urząd Miasta Gdańsk","website":"https://www.biedronka.pl/pl/shop,id,2141"}},
{"type":"Feature","geometry":{"type":"LineString","coordinates":[[18.6852186,54.3567369],[18.6852161,54.3567323],[18.6850713,54.3567534],[18.6850644,54.3567368],[18.6850533,54.3567104],[18.6850454,54.3567115],[18.6849401,54.3564631],[18.6849322,54.3564444],[18.6852447,54.356399],[18.6853435,54.3566317],[18.6853154,54.3566357],[18.6853509,54.3567173],[18.6852186,54.3567369]]},"properties":{"addr:city":"Gdańsk","addr:country":"PL","addr:housenumber":"10A","addr:postcode":"80-706","addr:street":"Bajki","building":"yes","name":"Merkus","shop":"supermarket","source":"Yahoo","source:addr":"Urząd Miasta Gdańsk"}},
{"type":"Feature","geometry":{"type":"LineString","coordinates":[[18.7091356,54.360345],[18.7092028,54.3602617],[18.7093458,54.3603013],[18.7092783,54.3603846],[18.7091356,54.360345]]},"properties":{"addr:city":"Gdańsk","addr:country":"PL","addr:housenumber":"19","addr:postcode":"80-625","addr:street":"Wilhelma Stryjewskiego","brand":"Żabka","brand:wikidata":"Q2589061","building":"yes","name":"Żabka","name:pl":"Żabka","name:uk":"Жабка","opening_hours":"Mo-Sa 06:00-23:00; Su 09:00-21:00","shop":"convenience","source":"Yahoo","source:addr":"Urząd Miasta Gdańsk"}},
{"type":"Feature","geometry":{"type":"LineString","coordinates":[[18.715496,54.361354],[18.7155038,54.3612849],[18.7156483,54.3612905],[18.7156405,54.3613596],[18.715496,54.361354]]},"properties":{"addr:city":"Gdańsk","addr:country":"PL","addr:housenumber":"29D","addr:postcode":"80-631","addr:street":"Wilhelma Stryjewskiego","building":"yes","name":"Neutrino","opening_hours":"24/7","shop":"convenience","source":"Yahoo"}},
{"type":"Feature","geometry":{"type":"LineString","coordinates":[[18.7187933,54.3602683],[18.7188475,54.3602667],[18.7188471,54.3602625],[18.7192217,54.3602513],[18.7192507,54.3605811],[18.7192084,54.3605824],[18.7189808,54.3605892],[18.7188787,54.3605922],[18.7188779,54.3605835],[18.7188429,54.3605845],[18.7188396,54.3605468],[18.7188179,54.3605475],[18.7187933,54.3602683]]},"properties":{"addr:city":"Gdańsk","addr:country":"PL","addr:housenumber":"6","addr:postcode":"80-627","addr:street":"Kłosowa","brand":"Biedronka","brand:wikidata":"Q857182","brand:wikipedia":"pl:Biedronka (sieć handlowa)","building":"retail","email":"bok@biedronka.eu","name":"Biedronka","name:ru":"Бедронка","opening_hours":"Mo-Sa 06:00-21:00; Su 09:00-20:00","operator":"Jeronimo Martins Polska S.A.","payment:blik":"yes","payment:cash":"yes","payment:contactless":"yes","payment:diners_club":"yes","payment:maestro":"yes","payment:mastercard":"yes","payment:sodexo":"yes","payment:v_pay":"yes","payment:visa":"yes","payment:visa_debit":"yes","payment:visa_electron":"yes","phone":"+48 22 205 33 00","shop":"supermarket","source:addr":"Urząd Miasta Gdańsk","website":"https://www.biedronka.pl","wheelchair":"yes"}},
{"type":"Feature","geometry":{"type":"LineString","coordinates":[[18.5807934,54.3947842],[18.581216,54.3944599],[18.5818318,54.3944038],[18.5818812,54.3944258],[18.5823803,54.3946482],[18.5824098,54.3946263],[18.582791,54.3947961],[18.5827613,54.3948178],[18.5830159,54.3949313],[18.5826287,54.3952297],[18.5825945,54.3952561],[18.5826521,54.3952829],[18.5825264,54.3953776],[18.5821244,54.3951991],[18.5820568,54.3952505],[18.5816662,54.3950763],[18.5815855,54.395138],[18.5807934,54.3947842]]},"properties":{"addr:city":"Gdańsk","addr:country":"PL","addr:housenumber":"309","addr:postcode":"80-309","addr:street":"Aleja Grunwaldzka","building":"commercial","contact:email":"oliwa@wkks.pl","contact:phone":"+48 58 301 95 66","contact:website":"http://www.centrumhandloweoliwa.pl","name":"Centrum Handlowe Oliwa","shop":"mall","source:addr":"Urząd Miasta Gdańsk"}},
{"type":"Feature","geometry":{"type":"LineString","coordinates":[[18.5646741,54.423374],[18.564568,54.4233605],[18.5645792,54.4233263],[18.5645558,54.4233057],[18.564526999999999,54.4232855],[18.5644732,54.423278],[18.5645096,54.4231721],[18.5645175,54.423173],[18.5646229,54.4228849],[18.5647367,54.4228989],[18.5649395,54.4229238],[18.5651031,54.4229441],[18.5650144,54.4231821],[18.5649944,54.4232355],[18.5650507,54.4232439],[18.5650517,54.4232439],[18.5653045,54.4232748],[18.5652669,54.4233758],[18.5651887,54.4233659],[18.5651819,54.4233733],[18.5651554,54.4233833],[18.5651416,54.4233837],[18.5651241,54.4234294],[18.5647066,54.4233826],[18.5646741,54.423374]]},"properties":{"addr:city":"Gdańsk","addr:country":"PL","addr:housenumber":"617","addr:postcode":"80-337","addr:street":"Aleja Grunwaldzka","brand":"Intermarché","brand:wikidata":"Q3153200","brand:wikipedia":"fr:Intermarché","building":"supermarket","building:levels":"1","name":"Intermarché","opening_hours":"Mo-Sa 07:00-21:00; Jan 26,Apr 13,Apr 27,Jun 29,Aug 31,Dec 07,Dec 14,Dec 21 Su 09:00-20:00","operator":"ANIGER Sp. z o.o.","operator:type":"private_for_profit","phone":"+48 58 55 23 022","shop":"supermarket","source:addr":"Urząd Miasta Gdańsk","website":"https://intermarche.pl/"}},
{"type":"Feature","geometry":{"type":"LineString","coordinates":[[18.6030366,54.4058792],[18.6031554,54.4056732],[18.6036887,54.4057771],[18.603666,54.4058175],[18.6036015,54.4059295],[18.6035702,54.4059835],[18.6032078,54.4059126],[18.6031694,54.4059052],[18.6031321,54.4058979],[18.6030442,54.4058807],[18.6030366,54.4058792]]},"properties":{"addr:city":"Gdańsk","addr:housenumber":"54","addr:postcode":"80-394","addr:street":"Kołobrzeska","brand":"Carrefour Market","brand:wikidata":"Q2689639","brand:wikipedia":"fr:Carrefour (enseigne)","building":"yes","building:colour":"grey","name":"Carrefour Market","shop":"supermarket","source:addr":"Urząd Miasta Gdańsk","wikimedia_commons":"File:Gdańsk ulica Kołobrzeska 54 (Carrefour Market).JPG"}},
{"type":"Feature","geometry":{"type":"LineString","coordinates":[[18.584204,54.4025587],[18.5842431,54.4024817],[18.5842296,54.4024792],[18.5842558,54.4024275],[18.5844896,54.4024689],[18.5844068,54.4026319],[18.5843426,54.4026202],[18.5843463,54.4026124],[18.5842363,54.4025934],[18.584204,54.4025587]]},"properties":{"addr:city":"Gdańsk","addr:country":"PL","addr:housenumber":"28A","addr:postcode":"80-394","addr:street":"Kołobrzeska","amenity":"fuel","brand":"Orlen","brand:wikidata":"Q971649","building":"yes","fuel:diesel":"yes","fuel:lpg":"yes","fuel:octane_95":"yes","fuel:octane_98":"yes","name":"Orlen","opening_hours":"24/7","operator":"Orlen","shop":"convenience","source:addr":"Urząd Miasta Gdańsk","toilets":"yes"}},
{"type":"Feature","geometry":{"type":"LineString","coordinates":[[18.5902482,54.4071146],[18.5903734,54.4068353],[18.5903363,54.4068292],[18.5902981,54.4068229],[18.590349,54.4067169],[18.5905059,54.4067416],[18.5905007,54.406752],[18.5907762,54.4067967],[18.5906001,54.4071699],[18.5902807,54.4071197],[18.5902482,54.4071146]]},"properties":{"addr:city":"Gdańsk","addr:country":"PL","addr:housenumber":"16B","addr:postcode":"80-399","addr:street":"Chłopska","brand":"Biedronka","brand:wikidata":"Q857182","brand:wikipedia":"pl:Biedronka (sieć handlowa)","building":"retail","email":"bok@biedronka.eu","name":"Biedronka","name:ru":"Бедронка","operator":"Jeronimo Martins Polska S.A.","payment:blik":"yes","payment:cash":"yes","payment:contactless":"yes","payment:diners_club":"yes","payment:maestro":"yes","payment:mastercard":"yes","payment:sodexo":"yes","payment:v_pay":"yes","payment:visa":"yes","payment:visa_debit":"yes","payment:visa_electron":"yes","phone":"+48 22 205 33 00","shop":"supermarket","source:addr":"Urząd Miasta Gdańsk","website":"https://www.biedronka.pl/pl/shop,id,1541","wheelchair":"yes"}},
{"type":"Feature","geometry":{"type":"LineString","coordinates":[[18.5967054,54.4163907],[18.5969355,54.4162258],[18.5969492,54.4162323],[18.5969675,54.4162409],[18.5973566,54.4164249],[18.5972327,54.4165136],[18.5972956,54.4165433],[18.5971622,54.4166389],[18.5970053,54.4165647],[18.5970325,54.4165453],[18.5967054,54.4163907]]},"properties":{"addr:city":"Gdańsk","addr:country":"PL","addr:housenumber":"5","addr:postcode":"80-374","addr:street":"Prezydenta Lecha Kaczyńskiego","brand":"Biedronka","brand:wikidata":"Q857182","brand:wikipedia":"pl:Biedronka (sieć handlowa)","building":"retail","email":"bok@biedronka.eu","name":"Biedronka","name:ru":"Бедронка","opening_hours":"Mo-Sa 06:00-22:00; Su 08:00-22:00","operator":"Jeronimo Martins Polska S.A.","payment:blik":"yes","payment:cash":"yes","payment:contactless":"yes","payment:diners_club":"yes","payment:maestro":"yes","payment:mastercard":"yes","payment:sodexo":"yes","payment:v_pay":"yes","payment:visa":"yes","payment:visa_debit":"yes","payment:visa_electron":"yes","phone":"+48 22 205 33 00","shop":"supermarket","source:addr":"Urząd Miasta Gdańsk","website":"https://www.biedronka.pl"}},
{"type":"Feature","geometry":{"type":"LineString","coordinates":[[18.581604,54.420271],[18.581589,54.420273],[18.581508,54.420002],[18.581564,54.419995],[18.581564,54.419996],[18.581677,54.419985],[18.581675,54.419977],[18.581681,54.419976],[18.581682,54.419984],[18.5818964,54.4199626],[18.581933,54.419959],[18.582026,54.420286],[18.581655,54.420322],[18.581649,54.4203],[18.581613,54.420303],[18.581604,54.420271]]},"properties":{"addr:city":"Gdańsk","addr:city:simc":"0933016","addr:country":"PL","addr:housenumber":"24","addr:postcode":"80-333","addr:street":"Pomorska","brand":"Biedronka","brand:wikidata":"Q857182","brand:wikipedia":"pl:Biedronka (sieć handlowa)","building":"retail","building:levels":"1","email":"bok@biedronka.eu","name":"Biedronka","name:pl":"Biedronka","name:ru":"Бедронка","opening_hours":"Mo-Th 06:00-23:00; Fr 06:00-23:30; Sa 06:00-19:00; Su off","operator":"Jeronimo Martins Polska S.A.","ref":"4250","shop":"supermarket","source:addr":"gugik.gov.pl","source:building":"BDOT","source:geometry":"EGiB","website":"https://www.biedronka.pl/","wheelchair":"yes"}},
{"type":"Feature","geometry":{"type":"LineString","coordinates":[[18.5715984,54.4211928],[18.571597,54.4211902],[18.5716167,54.4211877],[18.5715571,54.420976],[18.5715395,54.4209776],[18.5715386,54.420975],[18.5715386,54.4209749],[18.5719902,54.420932],[18.5720644,54.420925],[18.572116,54.4209201],[18.5721207,54.4209374],[18.5721767,54.4211388],[18.5715984,54.4211928]]},"properties":{"addr:city":"Gdańsk","addr:country":"PL","addr:housenumber":"30","addr:postcode":"80-354","addr:street":"Subisława","amenity":"marketplace","building":"retail","building:levels":"1","name":"Gulden","opening_hours":"\"każdy sklep ma indywidualne godziny otwarcia\"","roof:shape":"flat","source:addr":"Urząd Miasta Gdańsk","wheelchair":"yes"}},
{"type":"Feature","geometry":{"type":"LineString","coordinates":[[18.5726402,54.421208],[18.572553,54.4208967],[18.5725448,54.4208676],[18.5725478,54.420867200000007],[18.5725506,54.4208669],[18.5725546,54.4208795],[18.5730437,54.4208328],[18.5731062,54.4208268],[18.5731031,54.4208157],[18.5731073,54.4208149],[18.5731977,54.4211558],[18.5726402,54.421208]]},"properties":{"addr:city":"Gdańsk","addr:country":"PL","addr:housenumber":"3","addr:postcode":"80-335","addr:street":"Sztormowa","building":"retail","building:colour":"grey","building:levels":"1","check_date:opening_hours":"2024-09-02","name":"Grosz","opening_hours":"Mo-Fr 06:00-21:00; Sa 07:00-21:00","operator":"Grosz M. Zieńkowicz S. Zieńkowicz sp. j.","payment:credit_cards":"yes","payment:debit_cards":"yes","roof:shape":"flat","shop":"supermarket","source:addr":"Urząd Miasta Gdańsk","wheelchair":"yes"}},
{"type":"Feature","geometry":{"type":"LineString","coordinates":[[18.5823845,54.3798117],[18.5825404,54.3794855],[18.5831222,54.3795798],[18.583127,54.3795697],[18.5831567,54.3795746],[18.5831864,54.3795794],[18.583001,54.3799669],[18.5828054,54.3799352],[18.5829067,54.3797235],[18.5826641,54.3796841],[18.5825873,54.3798446],[18.5823845,54.3798117]]},"properties":{"addr:city":"Gdańsk","addr:country":"PL","addr:housenumber":"53A","addr:postcode":"80-257","addr:street":"Juliusza Słowackiego","brand":"Livio","brand:wikidata":"Q108599511","building":"yes","building:levels":"1","name":"Livio","opening_hours":"Mo-Sa 06:30-21:30; Su 09:00-18:00","shop":"supermarket","source:addr":"Urząd Miasta Gdańsk"}},
{"type":"Feature","geometry":{"type":"LineString","coordinates":[[18.5682938,54.3952562],[18.5683414,54.3951883],[18.5686164,54.3952536],[18.5686422,54.3952168],[18.5687659,54.3952461],[18.5687415,54.3952809],[18.568775,54.3952889],[18.568726,54.3953588],[18.5682938,54.3952562]]},"properties":{"addr:city":"Gdańsk","addr:country":"PL","addr:housenumber":"2","addr:postcode":"80-308","addr:street":"Macierzy Szkolnej w Gdańsku","building":"yes","name":"Sieć 34","opening_hours":"Mo-Fr 07:00-21:00; Sa 08:00-18:00; PH closed","shop":"supermarket","source:addr":"Urząd Miasta Gdańsk"}},
{"type":"Feature","geometry":{"type":"LineString","coordinates":[[18.55952,54.4084576],[18.5595805,54.4083269],[18.5595882,54.4083281],[18.5596132,54.4082737],[18.5596057,54.4082724],[18.5596431,54.4081913],[18.5595568,54.4081777],[18.5595192,54.4082587],[18.5594935,54.4082545],[18.5594559,54.4082484],[18.5594931,54.4081677],[18.5594066,54.4081541],[18.5593694,54.4082346],[18.5593617,54.4082335],[18.5593368,54.408288400000007],[18.559344,54.4082897],[18.5592834,54.4084201],[18.5593702,54.4084338],[18.5594303,54.4083033],[18.5594683,54.4083092],[18.5594942,54.4083132],[18.5594336,54.4084439],[18.55952,54.4084576]]},"properties":{"addr:city":"Gdańsk","addr:country":"PL","addr:housenumber":"1A","addr:postcode":"80-306","addr:street":"Polanki","amenity":"marketplace","building":"retail","building:levels":"2","name":"Hala Targowa \"Polanki\"","operator":"Stowarzyszenie Kupców \"Polanki\"","source":"www.geoportal.gov.pl","source:addr":"Urząd Miasta Gdańsk"}},
{"type":"Feature","geometry":{"type":"LineString","coordinates":[[18.5573076,54.4156223],[18.5574515,54.4158866],[18.5574928,54.415879],[18.5576194,54.4158559],[18.5576832,54.4158445],[18.5575633,54.4156235],[18.5575393,54.4155792],[18.5573076,54.4156223]]},"properties":{"addr:city":"Gdańsk","addr:country":"PL","addr:housenumber":"12","addr:postcode":"80-336","addr:street":"Józefa Czyżewskiego","building":"retail","building:levels":"2","name":"Merkus","roof:shape":"flat","shop":"supermarket","source":"www.geoportal.gov.pl","source:addr":"Urząd Miasta Gdańsk"}},
{"type":"Feature","geometry":{"type":"LineString","coordinates":[[18.584202,54.359957],[18.5843395,54.3599027],[18.584397,54.35988],[18.584305,54.359804],[18.584583,54.359695],[18.584194,54.359359],[18.583726,54.359545],[18.5838185,54.3596251],[18.584202,54.359957]]},"properties":{"addr:city":"Gdańsk","addr:city:simc":"0933016","addr:country":"PL","addr:housenumber":"26","addr:postcode":"80-288","addr:street":"Piecewska","alcohol":"yes","brand":"Biedronka","brand:wikidata":"Q857182","brand:wikipedia":"pl:Biedronka (sieć handlowa)","building":"retail","building:levels":"1","name":"Biedronka","opening_hours":"Mo-Sa 07:00-21:00;Sa 09:00-20:00","operator":"Jeronimo Martins Polska S.A.","shop":"supermarket","source:addr":"gugik.gov.pl","source:building":"BDOT"}},
{"type":"Feature","geometry":{"type":"LineString","coordinates":[[18.6191105,54.3570372],[18.6192495,54.3570045],[18.6192302,54.3569778],[18.6193032,54.3569603],[18.6193098,54.35697],[18.6193219,54.3569875],[18.6194603,54.356955],[18.6197576,54.3573946],[18.61975,54.3573947],[18.6193646,54.3574034],[18.6191105,54.3570372]]},"properties":{"addr:city":"Gdańsk","addr:country":"PL","addr:housenumber":"3F","addr:postcode":"80-171","addr:street":"Cygańska Góra","brand":"Carrefour Market","brand:wikidata":"Q2689639","brand:wikipedia":"fr:Carrefour Market","building":"retail","building:levels":"1","name":"Carrefour Market","opening_hours":"Su 10:00-18:00; Mo-Sa 06:00-22:00","shop":"supermarket","source:addr":"Urząd Miasta Gdańsk"}},
{"type":"Feature","geometry":{"type":"LineString","coordinates":[[18.599664,54.354375],[18.599727,54.354267],[18.599721,54.354266],[18.599732,54.354246],[18.59956,54.354204],[18.599545,54.354224],[18.599411,54.354192],[18.599377,54.354242],[18.599374,54.354241],[18.599335,54.354297],[18.599593,54.354359],[18.599591,54.354362],[18.5996,54.354364],[18.599602,54.35436],[18.599664,54.354375]]},"properties":{"addr:city":"Gdańsk","addr:country":"PL","addr:housenumber":"61/63","addr:postcode":"80-169","addr:street":"Otwarta","brand":"Żabka","brand:wikidata":"Q2589061","brand:wikipedia":"pl:Żabka (sieć sklepów)","building":"retail","building:levels":"1","check_date":"2024-11-04","name":"Żabka","name:pl":"Żabka","name:uk":"Жабка","opening_hours":"Mo-Sa 06:00-23:00; Su 09:00-21:00","payment:cash":"yes","payment:credit_cards":"yes","payment:debit_cards":"yes","shop":"convenience","source:addr":"Urząd Miasta Gdańsk","source:building":"BDOT"}},
{"type":"Feature","geometry":{"type":"LineString","coordinates":[[18.6130637,54.3554913],[18.6130315,54.3554819],[18.6130285,54.3554509],[18.6129961,54.3554521],[18.6129906,54.3553976],[18.6131658,54.3553917],[18.6131752,54.3554876],[18.6130637,54.3554913]]},"properties":{"addr:city":"Gdańsk","addr:housenumber":"2","addr:postcode":"80-170","addr:street":"Niccola Paganiniego","brand":"Żabka","brand:wikidata":"Q2589061","building":"yes","building:levels":"1","check_date":"2024-07-23","name":"Żabka","name:pl":"Żabka","name:uk":"Жабка","opening_hours":"Mo-Sa 06:00-23:00; Su 10:00-22:00","payment:credit_cards":"yes","payment:mastercard":"yes","payment:visa":"yes","shop":"convenience","source:addr":"Urząd Miasta Gdańsk"}},
{"type":"Feature","geometry":{"type":"LineString","coordinates":[[18.6084308,54.3494951],[18.6084462,54.3493803],[18.6086415,54.3493893],[18.6086253,54.3495045],[18.6084308,54.3494951]]},"properties":{"addr:city":"Gdańsk","addr:country":"PL","addr:housenumber":"14","addr:postcode":"80-133","addr:street":"Kolonia Zręby","brand":"Żabka","brand:wikidata":"Q2589061","brand:wikipedia":"pl:Żabka (sieć sklepów)","building":"yes","check_date":"2024-12-01","name":"Żabka","name:pl":"Żabka","name:uk":"Жабка","opening_hours":"Mo-Sa 06:00-23:00; Su 08:00-22:00","payment:cash":"yes","payment:credit_cards":"yes","payment:debit_cards":"yes","shop":"convenience","source:addr":"Urząd Miasta Gdańsk"}},
{"type":"Feature","geometry":{"type":"LineString","coordinates":[[18.6239764,54.3500143],[18.6238202,54.3499907],[18.6239943,54.3496002],[18.6241509,54.3496241],[18.6239764,54.3500143]]},"properties":{"addr:city":"Gdańsk","addr:country":"PL","addr:housenumber":"73A","addr:postcode":"80-136","addr:street":"Kartuska","building":"yes","name":"Delikatesy Fart","shop":"supermarket","source:addr":"Urząd Miasta Gdańsk"}},
{"type":"Feature","geometry":{"type":"LineString","coordinates":[[18.6216471,54.3444334],[18.6216379,54.3441839],[18.6222072,54.3441767],[18.6222164,54.3444263],[18.6216471,54.3444334]]},"properties":{"addr:city":"Gdańsk","addr:country":"PL","addr:housenumber":"25","addr:postcode":"80-807","addr:street":"Władysława Biegańskiego","building":"yes","name":"Merkus","shop":"supermarket","source:addr":"Urząd Miasta Gdańsk"}},
{"type":"Feature","geometry":{"type":"LineString","coordinates":[[18.6296306,54.3416139],[18.629598,54.3413847],[18.6298147,54.3413742],[18.6299835,54.341366],[18.6300162,54.3415953],[18.6296306,54.3416139]]},"properties":{"addr:city":"Gdańsk","addr:country":"PL","addr:housenumber":"20","addr:postcode":"80-808","addr:street":"Jana Styp-Rekowskiego","building":"retail","name":"Merkus","name:en":"Merkus","name:pl":"Merkus","shop":"supermarket","source:addr":"Urząd Miasta Gdańsk"}},
{"type":"Feature","geometry":{"type":"LineString","coordinates":[[18.619453,54.341008],[18.6194023,54.3410092],[18.619072,54.341017],[18.61905,54.340673],[18.619099,54.340671],[18.619098,54.340643],[18.619385,54.340638],[18.6194275,54.340637],[18.619442,54.340833],[18.619453,54.341008]]},"properties":{"addr:city":"Gdańsk","addr:country":"PL","addr:housenumber":"27","addr:postcode":"80-807","addr:street":"Tytusa Chałubińskiego","brand":"Biedronka","brand:wikidata":"Q857182","brand:wikipedia":"pl:Biedronka (sieć handlowa)","building":"retail","building:levels":"1","name":"Biedronka","opening_hours":"Mo-Sa 07:00-21:00; Su 09:00-20:00","shop":"supermarket","source:addr":"Urząd Miasta Gdańsk","source:building":"BDOT","source:geometry":"EGiB"}},
{"type":"Feature","geometry":{"type":"LineString","coordinates":[[18.6124019,54.3369819],[18.6124014,54.3369789],[18.612405,54.3369786],[18.6124046,54.3369676],[18.6124248,54.3369572],[18.6124215,54.3368712],[18.6124654,54.3368706],[18.6124644,54.3368202],[18.6124407,54.3368205],[18.6124381,54.3367643],[18.6124157,54.3367646],[18.6124142,54.3367062],[18.6124379,54.3367062],[18.6124352,54.3366019],[18.6124172,54.3366019],[18.6124148,54.3364929],[18.6124316,54.3364926],[18.6124279,54.3363872],[18.6124258,54.3363267],[18.6124504,54.3363264],[18.6124492,54.3362759],[18.6124086,54.3362765],[18.6124072,54.3362235],[18.6123787,54.3362238],[18.6123762,54.3361097],[18.6124205,54.3361108],[18.6124178,54.336004],[18.6124641,54.3360001],[18.6124611,54.3358968],[18.6124141,54.3358974],[18.6124136,54.3358388],[18.6126541,54.3358368],[18.612659,54.336003],[18.6126357,54.3360036],[18.6126389,54.3361116],[18.6126164,54.3361122],[18.612624,54.3363305],[18.6126016,54.3363308],[18.6126014,54.3363827],[18.6126031,54.336436],[18.6126273,54.336436],[18.6126334,54.3367088],[18.6126102,54.3367091],[18.6126152,54.3368142],[18.6127074,54.3368134],[18.6127127,54.336981],[18.6124019,54.3369819]]},"properties":{"addr:city":"Gdańsk","addr:country":"PL","addr:housenumber":"38","addr:postcode":"80-809","addr:street":"Władysława Cieszyńskiego","building":"retail","building:levels":"2","height":"8","shop":"mall","source:addr":"Urząd Miasta Gdańsk","source:geometry":"gis.gdansk.pl"}},
{"type":"Feature","geometry":{"type":"LineString","coordinates":[[18.611943,54.3371526],[18.6119402,54.3370406],[18.6119867,54.3370401],[18.6119781,54.3367704],[18.6119557,54.3367707],[18.6119367,54.3361159],[18.6121789,54.3361136],[18.6121797,54.3362788],[18.6121602,54.3362788],[18.6121641,54.3363872],[18.612118,54.3363878],[18.6121217,54.3365478],[18.6121465,54.3365475],[18.6121486,54.3366554],[18.6121726,54.3366551],[18.6121733,54.3367089],[18.6121975,54.3367089],[18.6122002,54.3368231],[18.6121742,54.3368236],[18.6121785,54.3369507],[18.6121966,54.3369505],[18.6121973,54.3369667],[18.6122152,54.3369665],[18.612216,54.3369812],[18.6122273,54.3369812],[18.6122316,54.3371275],[18.6121951,54.3371499],[18.611943,54.3371526]]},"properties":{"addr:city":"Gdańsk","addr:country":"PL","addr:housenumber":"36","addr:postcode":"80-809","addr:street":"Władysława Cieszyńskiego","building":"retail","building:levels":"2","height":"8","shop":"mall","source:addr":"Urząd Miasta Gdańsk","source:geometry":"gis.gdansk.pl"}},
{"type":"Feature","geometry":{"type":"LineString","coordinates":[[18.586408,54.3515777],[18.586425,54.3515841],[18.5864573,54.351554899999999],[18.5864931,54.3515686],[18.5864985,54.3515635],[18.5865953,54.3514768],[18.5865582,54.3514628],[18.5865611,54.3514601],[18.5865545,54.3514578],[18.5865519,54.3514603],[18.5865293,54.3514518],[18.5865857,54.3514012],[18.5865793,54.3513988],[18.5865768,54.351401],[18.5864451,54.3513501],[18.5864306,54.3513628],[18.586339,54.3513276],[18.5862324,54.3514222],[18.5861335,54.351511],[18.586022,54.3516118],[18.5862653,54.351705],[18.586408,54.3515777]]},"properties":{"addr:city":"Gdańsk","addr:country":"PL","addr:housenumber":"24","addr:postcode":"80-126","addr:street":"Piekarnicza","brand":"Biedronka","brand:wikidata":"Q857182","brand:wikipedia":"pl:Biedronka (sieć handlowa)","building":"yes","building:levels":"2","check_date":"2025-05-29","name":"Biedronka","opening_hours":"Mo-Sa 06:00-23:00; Su 09:00-20:00","roof:shape":"flat","shop":"supermarket","source":"www.geoportal.gov.pl","source:addr":"Urząd Miasta Gdańsk","website":"https://www.biedronka.pl/pl/shop,id,3569"}},
{"type":"Feature","geometry":{"type":"LineString","coordinates":[[18.588435,54.356757],[18.58865,54.356549],[18.58873,54.356577],[18.588805,54.356503],[18.588915,54.356396],[18.588837,54.356369],[18.588495,54.356248],[18.588094,54.356637],[18.588098,54.356638],[18.588076,54.356659],[18.588126,54.356677],[18.588148,54.356656],[18.5881719,54.3566644],[18.588435,54.356757]]},"properties":{"addr:city":"Gdańsk","addr:country":"PL","addr:housenumber":"21","addr:postcode":"80-288","addr:street":"Franciszka Rakoczego","brand":"Lidl","brand:wikidata":"Q151954","brand:wikipedia":"en:Lidl","building":"retail","building:levels":"1","name":"Lidl","opening_hours":"Mo-Sa 06:00-22:00","shop":"supermarket","source:addr":"Urząd Miasta Gdańsk","source:building":"BDOT"}},
{"type":"Feature","geometry":{"type":"LineString","coordinates":[[18.6014771,54.3464118],[18.6015591,54.3463154],[18.6024399,54.3465678],[18.60235,54.3466686],[18.6014771,54.3464118]]},"properties":{"addr:city":"Gdańsk","addr:country":"PL","addr:housenumber":"218","addr:postcode":"80-122","addr:street":"Kartuska","building":"yes","shop":"mall","source:addr":"Urząd Miasta Gdańsk"}},
{"type":"Feature","geometry":{"type":"LineString","coordinates":[[18.5586001,54.3798655],[18.5585764,54.3797537],[18.5587729,54.3797396],[18.5587974,54.3798514],[18.5586001,54.3798655]]},"properties":{"addr:city":"Gdańsk","addr:country":"PL","addr:housenumber":"49","addr:postcode":"80-281","addr:street":"Góralska","building":"retail","building:levels":"1","name":"Kami","shop":"convenience","source:addr":"Urząd Miasta Gdańsk"}},
{"type":"Feature","geometry":{"type":"LineString","coordinates":[[18.525678,54.3771802],[18.5256806,54.3771135],[18.5258954,54.3771163],[18.5258928,54.3771829],[18.525678,54.3771802]]},"properties":{"addr:city":"Gdańsk","addr:country":"PL","addr:housenumber":"2A","addr:postcode":"80-298","addr:street":"Cytrowa","brand":"Żabka","brand:wikidata":"Q2589061","brand:wikipedia":"pl:Żabka (sieć sklepów)","building":"yes","name":"Żabka","name:pl":"Żabka","name:uk":"Жабка","shop":"convenience","source:addr":"Urząd Miasta Gdańsk"}},
{"type":"Feature","geometry":{"type":"LineString","coordinates":[[18.4925387,54.3551312],[18.4925394,54.3551592],[18.4925562,54.3551743],[18.4927385,54.355175],[18.4927484,54.355175],[18.4928423,54.3551757],[18.4928434,54.3551732],[18.4928429,54.3550992],[18.492902,54.3550994],[18.4929032,54.355016],[18.4928436,54.3549898],[18.4927766,54.3549897],[18.4927759,54.3549756],[18.4927553,54.354976],[18.4927359,54.3549763],[18.4927365,54.3549897],[18.4925668,54.3549895],[18.4925404,54.3549895],[18.4925391,54.3550719],[18.4925387,54.3551312]]},"properties":{"addr:city":"Gdańsk","addr:country":"PL","addr:housenumber":"2","addr:postcode":"80-298","addr:street":"Osiedlowa","brand":"Carrefour Express","brand:wikidata":"Q2940190","brand:wikipedia":"fr:Carrefour Express","building":"retail","building:levels":"2","check_date":"2025-03-25","name":"Carrefour Express","opening_hours":"Mo-Fr 06:00-22:00; Sa 07:00-22:00; Su 10:00-20:00","operator":"Groupe Carrefour","operator:wikidata":"Q3117359","operator:wikipedia":"fr:Groupe Carrefour","shop":"convenience","source:addr":"Urząd Miasta Gdańsk","source:building":"BDOT"}},
{"type":"Feature","geometry":{"type":"LineString","coordinates":[[18.552148,54.319739],[18.5517814,54.3203442],[18.5526008,54.3207242],[18.5526515,54.3207477],[18.5526045,54.3207808],[18.5525575,54.320814],[18.5527287,54.3208967],[18.5522899,54.3212189],[18.5507779,54.3205129],[18.5516323,54.319083],[18.5516085,54.3190776],[18.5516308,54.3190388],[18.5516827,54.318949],[18.5517125,54.3189547],[18.5522686,54.3180452],[18.5538983,54.318381],[18.5536835,54.3187498],[18.5534413,54.3187003],[18.5534398,54.3187029],[18.5533401,54.318682],[18.5533002,54.3187408],[18.553239,54.3187284],[18.5531872,54.3187178],[18.5532216,54.3186577],[18.5531281,54.3186378],[18.553092,54.3186966],[18.5528142,54.3186397],[18.5524879,54.3191762],[18.552446,54.319246],[18.552508,54.319259],[18.55251,54.319256],[18.552564,54.319267],[18.552562000000003,54.31927],[18.553199,54.319401],[18.553078,54.319604],[18.5531245,54.3196135],[18.553171,54.319623],[18.553119,54.31971],[18.553072,54.3197005],[18.553025,54.319691],[18.552903,54.319894],[18.552266,54.319763],[18.552264,54.319766],[18.552209,54.319754],[18.552211,54.319751],[18.552148,54.319739]]},"properties":{"addr:city":"Gdańsk","addr:country":"PL","addr:housenumber":"8","addr:postcode":"80-174","addr:street":"Przywidzka","building":"retail","building:levels":"1","check_date:opening_hours":"2021-07-06","email":"info@designeroutletgdansk.com","name":"Designer Outlet Gdańsk","name:ru":"ТЦ Designer Outlet","name_old":"Fashion House Outlet Centre Gdańsk","opening_hours":"Mo-Sa 10:00-21:00; Su 10:00-20:00","phone":"+48 58 320 99 44","shop":"mall","source:building":"EGiB","toilets":"yes","website":"https://www.designeroutletgdansk.pl/"}},
{"type":"Feature","geometry":{"type":"LineString","coordinates":[[18.582442,54.3192605],[18.5825303,54.3193429],[18.5824641,54.3193658],[18.5822459,54.3191575],[18.5823139,54.3191332],[18.5820975,54.3189281],[18.5823669,54.3188322],[18.5824273,54.3188107],[18.5827748,54.3191418],[18.582442,54.3192605]]},"properties":{"addr:city":"Gdańsk","addr:country":"PL","addr:housenumber":"8","addr:postcode":"80-180","addr:street":"Kazimierza Porębskiego","brand":"Biedronka","brand:wikidata":"Q857182","brand:wikipedia":"pl:Biedronka (sieć handlowa)","building":"supermarket","name":"Biedronka","opening_hours":"Mo-Sa 06:00-23:00","operator":"Jeronimo Martins Polska S.A.","shop":"supermarket","source:addr":"Urząd Miasta Gdańsk"}},
{"type":"Feature","geometry":{"type":"LineString","coordinates":[[18.6354824,54.323799],[18.6356724,54.3236671],[18.6357028,54.3236821],[18.6357354,54.3236594],[18.6359523,54.3237657],[18.6357298,54.3239202],[18.6354824,54.323799]]},"properties":{"addr:city":"Gdańsk","addr:country":"PL","addr:housenumber":"1","addr:postcode":"80-062","addr:street":"Żuławska","building":"supermarket","name":"Merkus","shop":"supermarket","source:addr":"Urząd Miasta Gdańsk"}},
{"type":"Feature","geometry":{"type":"LineString","coordinates":[[18.6771,54.342722],[18.677043,54.342769],[18.676893,54.342711],[18.676948,54.342662],[18.6771,54.342722]]},"properties":{"addr:city":"Gdańsk","addr:country":"PL","addr:housenumber":"43","addr:postcode":"80-744","addr:street":"Maki","brand":"abc","brand:wikidata":"Q11683985","building":"residential","name":"abc","shop":"convenience","source:addr":"Urząd Miasta Gdańsk","source:building":"EGiB"}},
{"type":"Feature","geometry":{"type":"LineString","coordinates":[[18.7228631,54.3602561],[18.7228588,54.3602774],[18.7228794,54.3602788],[18.7228668,54.3603413],[18.7227343,54.3603323],[18.7227396,54.360306],[18.7227508,54.3603068],[18.7227623,54.3602497],[18.7228631,54.3602561]]},"properties":{"addr:city":"Gdańsk","addr:country":"PL","addr:housenumber":"10E","addr:postcode":"80-633","addr:street":"Jodłowa","brand":"abc","brand:wikidata":"Q11683985","building":"yes","name":"abc","opening_hours":"Mo-Sa 07:00-20:00; Su 09:00-20:00","shop":"convenience","source:addr":"Urząd Miasta Gdańsk"}},
{"type":"Feature","geometry":{"type":"LineString","coordinates":[[18.5179674,54.372982],[18.5172488,54.3728564],[18.5175964,54.3722013],[18.5177813,54.3722339],[18.5180246,54.3720267],[18.5181158,54.371949],[18.5185111,54.3716164],[18.5188931,54.3714981],[18.5193398,54.3713604],[18.5197266,54.371423],[18.5197988,54.3712882],[18.5207175,54.3714506],[18.5205982,54.3716555],[18.520829,54.3716978],[18.5208133,54.371727],[18.5207954,54.371764],[18.5212103,54.3718421],[18.5210007,54.3722161],[18.5214823,54.372304],[18.5213383,54.3725721],[18.521581,54.3726179],[18.5213227,54.3730889],[18.5208662,54.3730072],[18.5203975,54.3738673],[18.5196841,54.3737392],[18.5202574,54.3726448],[18.5205274,54.3721321],[18.5204949,54.3720957],[18.5204707,54.3721029],[18.5204423,54.3720703],[18.5204226,54.3720496],[18.5204447,54.3720425],[18.5204127,54.3720074],[18.5199891,54.3719296],[18.5199972,54.3719129],[18.5197779,54.3718732],[18.5197667,54.371889],[18.5195203,54.3718453],[18.5195299,54.371828],[18.5193053,54.3717881],[18.5192967,54.3718056],[18.5186442,54.3716891],[18.518218,54.3725027],[18.5182873,54.372515],[18.5183014,54.3725175],[18.5182522,54.3726039],[18.5182401,54.3726018],[18.518176,54.3725904],[18.5180266,54.3728686],[18.5180911,54.3728801],[18.5181089,54.3728833],[18.5180723,54.3729472],[18.5180545,54.3729444],[18.5179906,54.3729343],[18.5179674,54.372982]]},"properties":{"addr:city":"Gdańsk","addr:country":"PL","addr:housenumber":"26","addr:postcode":"80-286","addr:street":"Złota Karczma","building":"retail","contact:phone":"+48 58 76 99 444","contact:website":"http://www.matarnia.parkhandlowy.pl","name":"Matarnia Park Handlowy","opening_hours":"Mo-Sa 10:00-21:00; Su 10:00-20:00","shop":"mall"}},
{"type":"Feature","geometry":{"type":"LineString","coordinates":[[18.5620134,54.4324596],[18.5620264,54.4323505],[18.5620297,54.4323229],[18.5626622,54.4323507],[18.5626388,54.4324869],[18.5620134,54.4324596]]},"properties":{"addr:city":"Sopot","addr:country":"PL","addr:housenumber":"691","addr:postcode":"81-853","addr:street":"Aleja Niepodległości","brand":"Biedronka","brand:wikidata":"Q857182","brand:wikipedia":"pl:Biedronka (sieć handlowa)","building":"retail","name":"Biedronka","opening_hours":"Mo-Sa 06:00-22:00","operator":"Jeronimo Martins Polska S.A.","shop":"supermarket"}},
{"type":"Feature","geometry":{"type":"LineString","coordinates":[[18.5626955,54.4435279],[18.5626906,54.4435045],[18.5626701,54.4433293],[18.5627253,54.4433394],[18.5627299,54.4433381],[18.5627895,54.4433552],[18.5628282,54.4433693],[18.5628449,54.4433595],[18.5628936,54.4433892],[18.5628789,54.443402],[18.5629602,54.4435123],[18.5629701,54.443512],[18.562973,54.4435167],[18.5626955,54.4435279]]},"properties":{"addr:city":"Sopot","addr:country":"PL","addr:housenumber":"25","addr:postcode":"81-767","addr:street":"Bohaterów Monte Cassino","building":"yes","name":"Dom Handlowy Monte","opening_hours":"Mo-Fr 11:00-19:00; Sa 11:00-16:00; Su off","shop":"mall"}},
{"type":"Feature","geometry":{"type":"LineString","coordinates":[[18.5876722,54.3105082],[18.587595,54.3103442],[18.587611,54.3103416],[18.5876716,54.3103317],[18.5875695,54.310122],[18.5879056,54.3100664],[18.5879411,54.3100605],[18.5881198,54.3104347],[18.5876722,54.3105082]]},"properties":{"addr:city":"Gdańsk","addr:housenumber":"62","addr:postcode":"80-480","addr:street":"Wielkopolska","brand":"Biedronka","brand:wikidata":"Q857182","brand:wikipedia":"pl:Biedronka (sieć handlowa)","building":"supermarket","name":"Biedronka","opening_hours":"Mo-Sa 07:00-21:00; Su 09:00-20:00","operator":"Jeronimo Martins Polska S.A.","shop":"supermarket","source:addr":"Urząd Miasta Gdańsk","website":"https://www.biedronka.pl/pl/shop,id,949"}},
{"type":"Feature","geometry":{"type":"LineString","coordinates":[[18.5667227,54.3108856],[18.5669483,54.3107143],[18.5670106,54.3107411],[18.5671887,54.310606],[18.5668181,54.3104427],[18.5664008,54.3107628],[18.5664212,54.3107732],[18.5667084,54.3108971],[18.5667227,54.3108856]]},"properties":{"addr:city":"Kowale","addr:city:simc":"0163989","addr:housenumber":"1A","addr:postcode":"80-180","addr:street":"Zeusa","addr:street:sym_ul":"26011","brand":"Biedronka","brand:wikidata":"Q857182","brand:wikipedia":"pl:Biedronka (sieć handlowa)","building":"retail","building:levels":"1","name":"Biedronka","operator":"Jeronimo Martins Polska S.A.","shop":"supermarket","source:addr":"kolbudy.e-mapa.net","source:building":"BDOT","source:geometry":"EGiB","website":"https://www.biedronka.pl/pl/shop,id,3527"}},
{"type":"Feature","geometry":{"type":"LineString","coordinates":[[18.5675282,54.3115601],[18.5666774,54.311181500000007],[18.5672935,54.310708],[18.5673344,54.3107262],[18.5673627,54.3107388],[18.5675007,54.3106328],[18.5680042,54.3108568],[18.5677125,54.3110809],[18.5677363,54.3110915],[18.5676922,54.3111254],[18.5676445,54.3111621],[18.5678988,54.3112753],[18.5676683,54.3114524],[18.5675282,54.3115601]]},"properties":{"addr:city":"Kowale","addr:city:simc":"0163989","addr:housenumber":"32","addr:postcode":"80-180","addr:street":"Staropolska","addr:street:sym_ul":"20971","building":"commercial","name":"Centrum Handlowe Kowale","shop":"mall","source:addr":"kolbudy.e-mapa.net","website":"https://www.centrumkowale.pl/"}},
{"type":"Feature","geometry":{"type":"LineString","coordinates":[[18.6136125,54.326352],[18.6133887,54.3260922],[18.6133113,54.326116],[18.6131739,54.3259579],[18.613252,54.3259353],[18.6132004,54.3258762],[18.6131637,54.3258871],[18.6131263,54.3258446],[18.613163,54.3258337],[18.613161,54.325831],[18.6135188,54.3257246],[18.614012,54.3262925],[18.6138969,54.3263266],[18.613857,54.3262789],[18.6136125,54.326352]]},"properties":{"addr:city":"Gdańsk","addr:housenumber":"3","addr:postcode":"80-041","addr:street":"Platynowa","brand":"Lidl","brand:wikidata":"Q151954","brand:wikipedia":"en:Lidl","building":"retail","name":"Lidl","opening_hours":"Mo-Sa 06:00-22:00","shop":"supermarket"}},
{"type":"Feature","geometry":{"type":"LineString","coordinates":[[18.6114556,54.3284235],[18.6114787,54.3284333],[18.6114742,54.3284372],[18.6109018,54.3281952],[18.6109067,54.3281912],[18.6109199,54.3281971],[18.6110884,54.3280103],[18.611071,54.3280059],[18.6110746,54.3280017],[18.6116265,54.3281342],[18.6116412,54.3281114],[18.6116315,54.3281086],[18.6116347,54.3281045],[18.6117412,54.3281304],[18.6117379,54.328135],[18.6117154,54.3281295],[18.611701,54.3281522],[18.6117232,54.3281578],[18.6117195,54.3281619],[18.6116969,54.3281564],[18.6114556,54.3284235]]},"properties":{"addr:city":"Gdańsk","addr:country":"PL","addr:housenumber":"2A","addr:postcode":"80-034","addr:street":"Wawelska","building":"construction","construction":"retail","shop":"mall"}},
{"type":"Feature","geometry":{"type":"LineString","coordinates":[[18.6144115,54.3278896],[18.6145011,54.3277893],[18.6145133,54.3277932],[18.6145291,54.3277754],[18.614517,54.3277715],[18.6146383,54.3276369],[18.6151486,54.3277933],[18.6149214,54.3280464],[18.6144115,54.3278896]]},"properties":{"addr:city":"Gdańsk","addr:housenumber":"2","addr:postcode":"80-041","addr:street":"Generała Augusta Emila Fieldorfa","building":"retail","building:levels":"2","shop":"mall","source:addr":"Urząd Miasta Gdańsk","source:building":"BDOT","source:geometry":"EGiB"}},
{"type":"Feature","geometry":{"type":"LineString","coordinates":[[18.6000672,54.3298923],[18.6004453,54.3299649],[18.6007021,54.3294926],[18.6003537,54.329426],[18.6002993,54.3294711],[18.6000672,54.3298923]]},"properties":{"addr:city":"Gdańsk","addr:country":"PL","addr:housenumber":"1","addr:postcode":"80-809","addr:street":"Rogalińska","brand":"Carrefour Market","brand:wikidata":"Q2689639","building":"retail","name":"Carrefour Market","shop":"supermarket"}},
{"type":"Feature","geometry":{"type":"LineString","coordinates":[[18.655586,54.33413],[18.655604,54.334166],[18.655961,54.334106],[18.655927,54.33404],[18.65588,54.334047],[18.65586,54.334005],[18.655585,54.334052],[18.655621,54.334124],[18.655586,54.33413]]},"properties":{"addr:city":"Gdańsk","addr:housenumber":"29","addr:postcode":"80-734","addr:street":"Olszyńska","brand":"Lewiatan","brand:wikidata":"Q11755396","building":"retail","building:levels":"1","name":"Lewiatan","opening_hours":"Mo-Sa 06:00-21:00","operator":"Koszko Marek. Firma usługowo - handlowo - transportowa","shop":"convenience","source:addr":"Urząd Miasta Gdańsk","source:building":"BDOT","source:geometry":"EGiB","website":"https://www.lewiatan.pl/znajdz-sklep/lewiatan-gdansk-olszynska-29"}},
{"type":"Feature","geometry":{"type":"LineString","coordinates":[[18.5842229,54.3317827],[18.5842223,54.332264],[18.58393,54.332264],[18.583929,54.332262],[18.583853,54.332262],[18.583853,54.332046],[18.583776,54.332046],[18.583776,54.331934],[18.58393,54.331934],[18.583929,54.331782],[18.5842229,54.3317827]]},"properties":{"addr:city":"Gdańsk","addr:housenumber":"59","addr:postcode":"80-180","addr:street":"Warszawska","brand":"Biedronka","brand:wikidata":"Q857182","brand:wikipedia":"pl:Biedronka (sieć handlowa)","building":"retail","building:levels":"1","name":"Biedronka","opening_hours":"Mo-Sa 06:00-23:00; Su 06:00-22:30","operator":"Jeronimo Martins Polska S.A.","shop":"supermarket","source:addr":"Urząd Miasta Gdańsk","source:building":"BDOT","source:geometry":"EGiB","website":"https://www.biedronka.pl/pl/shop,id,358"}},
{"type":"Feature","geometry":{"type":"LineString","coordinates":[[18.5964842,54.335337],[18.5966987,54.3352796],[18.5966619,54.3352306],[18.5967478,54.3352068],[18.5967762,54.3352434],[18.5968205,54.3353008],[18.5970193,54.3355578],[18.5971155,54.3356822],[18.5968166,54.335763],[18.5968107,54.3357577],[18.5967487,54.3357756],[18.5967162,54.3357375],[18.5967804,54.3357189],[18.5967328,54.335656],[18.596656,54.3356775],[18.5964871,54.3354606],[18.5965643,54.3354381],[18.5964842,54.335337]]},"properties":{"addr:city":"Gdańsk","addr:country":"PL","addr:housenumber":"21","addr:postcode":"80-180","addr:street":"Warszawska","brand":"Lidl","brand:wikidata":"Q151954","brand:wikipedia":"en:Lidl","building":"retail","name":"Lidl","opening_hours":"Mo-Sa 06:00-22:00; Su 09:00-19:00","shop":"supermarket"}},
{"type":"Feature","geometry":{"type":"LineString","coordinates":[[18.5970221,54.3360552],[18.5972217,54.3359696],[18.5971767,54.3359319],[18.5972408,54.3359031],[18.5977312,54.3362901],[18.597514,54.3363838],[18.5974916,54.3363931],[18.5974612,54.3364064],[18.5974319,54.3363831],[18.5970221,54.3360552]]},"properties":{"addr:city":"Gdańsk","addr:country":"PL","addr:housenumber":"19","addr:postcode":"80-180","addr:street":"Warszawska","brand":"Netto","brand:wikidata":"Q552652","building":"retail","building:material":"brick","contact:website":"http://www.netto.pl","name":"Netto","opening_hours":"Mo-Sa 07:00-21:00; Su 08:00-20:00","roof:colour":"brown","roof:shape":"hipped","shop":"supermarket","source:addr":"Urząd Miasta Gdańsk","website":"http://www.netto.pl"}},
{"type":"Feature","geometry":{"type":"LineString","coordinates":[[18.5485633,54.3254761],[18.5487948,54.3253714],[18.549199,54.3256756],[18.5489605,54.3257833],[18.5488933,54.3257328],[18.5488299,54.3257615],[18.5487667,54.3257139],[18.5487112,54.325739],[18.5485601,54.3256254],[18.5486183,54.325599],[18.5485345,54.325536],[18.5486022,54.3255054],[18.5485633,54.3254761]]},"properties":{"addr:city":"Gdańsk","addr:country":"PL","addr:housenumber":"46","addr:postcode":"80-175","addr:street":"Jabłoniowa","brand":"Biedronka","brand:wikidata":"Q857182","brand:wikipedia":"pl:Biedronka (sieć handlowa)","building":"supermarket","name":"Biedronka","opening_hours":"Mo-Sa 07:00-21:00; Su 09:00-20:00","operator":"Jeronimo Martins Polska S.A.","shop":"supermarket","website":"https://www.biedronka.pl/pl/shop,id,2040"}},
{"type":"Feature","geometry":{"type":"LineString","coordinates":[[18.6239527,54.3264947],[18.6240652,54.3264939],[18.6240639,54.3264298],[18.6239514,54.3264306],[18.6239527,54.3264947]]},"properties":{"building":"retail","name":"Piekarnia Spółdzielnia Kolbudy","nohousenumber":"yes","opening_hours":"Mo-Fr 06:00-17:00; Sa 07:00-14:00","shop":"convenience"}},
{"type":"Feature","geometry":{"type":"LineString","coordinates":[[18.58291,54.358568],[18.583511,54.358482],[18.583407,54.358232],[18.5829377,54.3582984],[18.582806,54.358317],[18.58291,54.358568]]},"properties":{"addr:city":"Gdańsk","addr:country":"PL","addr:housenumber":"13","addr:postcode":"80-288","addr:street":"Franciszka Rakoczego","brand":"Netto","brand:wikidata":"Q552652","building":"retail","building:levels":"1","contact:website":"http://www.netto.pl","name":"Netto","opening_hours":"Mo-Sa 07:00-22:00; Su 08:00-20:00","operator":"Netto Sp. z o.o.","shop":"supermarket","source:addr":"Urząd Miasta Gdańsk","source:building":"BDOT","website":"http://www.netto.pl"}},
{"type":"Feature","geometry":{"type":"LineString","coordinates":[[18.4795498,54.4308518],[18.479534,54.4308156],[18.479455,54.4306343],[18.4798542,54.4305745],[18.4798354,54.4305296],[18.4800791,54.4304935],[18.4801947,54.4307564],[18.4795498,54.4308518]]},"properties":{"addr:city":"Gdańsk","addr:housenumber":"17","addr:postcode":"80-299","addr:street":"Osowski Zakątek","building":"retail","name":"Biedronka","opening_hours":"Mo-Sa 07:00-21:00; Su 09:00-20:00","operator":"Jeronimo Martins Polska S.A.","shop":"supermarket","source:addr":"Urząd Miasta Gdańsk","website":"https://www.biedronka.pl/pl/shop,id,545"}},
{"type":"Feature","geometry":{"type":"LineString","coordinates":[[18.5913307,54.3903521],[18.5915512,54.3904649],[18.5916803,54.3905309],[18.5916702,54.3905376],[18.5918453,54.3906275],[18.5919067,54.390587],[18.5921296,54.3907015],[18.5920699,54.3907409],[18.59215,54.3907821],[18.5921533,54.3907799],[18.5921564,54.3907814],[18.5921528,54.3907837],[18.5921855,54.3908006],[18.5922168,54.3908167],[18.5922207,54.3908141],[18.5922247,54.3908162],[18.5922224,54.3908177],[18.5922234,54.3908182],[18.5918929,54.3910374],[18.5918494,54.3910152],[18.5917448,54.3909618],[18.5918232,54.3909098],[18.5914334,54.3907106],[18.5913711,54.3907519],[18.5910079,54.3905662],[18.5913307,54.3903521]]},"properties":{"addr:city":"Gdańsk","addr:housenumber":"69","addr:postcode":"80-465","addr:street":"Franciszka Hynka","brand":"Lidl","brand:wikidata":"Q151954","brand:wikipedia":"en:Lidl","building":"retail","name":"Lidl","opening_hours":"Mo-Sa 06:00-22:00; Su 09:00-20:00","shop":"supermarket","source:addr":"Urząd Miasta Gdańsk"}},
{"type":"Feature","geometry":{"type":"LineString","coordinates":[[18.6200524,54.3371589],[18.6200473,54.3370268],[18.6199921,54.3370275],[18.6199824,54.3370599],[18.6198962,54.3370671],[18.6197929,54.3370758],[18.6196404,54.3370886],[18.619658,54.3370317],[18.6196224,54.3370322],[18.6195927,54.3371261],[18.619581,54.3371253],[18.619674,54.3368376],[18.6196373,54.336839],[18.6196383,54.336868],[18.6196309,54.3368687],[18.6195941,54.3359534],[18.6200945,54.335947],[18.6202828,54.3359446],[18.6202836,54.3359802],[18.6208166,54.3359732],[18.6208154,54.3359513],[18.6209396,54.3359495],[18.6209399,54.335972],[18.6212634,54.3359677],[18.6212639,54.3359457],[18.6212118,54.3359169],[18.6212607,54.3358871],[18.6212527,54.335679],[18.6212514,54.3356441],[18.6214309,54.3356427],[18.6215066,54.3356421],[18.621549,54.3366895],[18.6215656,54.3370993],[18.621554,54.3370996],[18.6215535,54.3370857],[18.6215421,54.3370864],[18.6215426,54.3371075],[18.621489,54.3371096],[18.6214519,54.3371107],[18.6214242,54.3371116],[18.6214247,54.3371194],[18.6214364,54.3371194],[18.6214368,54.337122],[18.6212554,54.3371244],[18.6211765,54.3371255],[18.6211768,54.337121],[18.6200524,54.3371589]]},"properties":{"addr:city":"Gdańsk","addr:housenumber":"30","addr:postcode":"80-809","addr:street":"Cienista","building":"retail","name":"Galeria Chełm","shop":"mall"}},
{"type":"Feature","geometry":{"type":"LineString","coordinates":[[18.6163034,54.3772811],[18.6162312,54.37717],[18.6162349,54.377169],[18.6162222,54.3771499],[18.6162077,54.3771281],[18.6162459,54.3771195],[18.6162441,54.377116],[18.61625,54.3771146],[18.6162521,54.3771173],[18.616538,54.3770539],[18.6165357,54.3770507],[18.6166181,54.3770322],[18.6166853,54.3771356],[18.6166709,54.3771388],[18.6166767,54.3771478],[18.6166911,54.3771447],[18.6169064,54.3774751],[18.6168338,54.3774911],[18.6168385,54.3774977],[18.6165346,54.3775651],[18.6163435,54.3772721],[18.6163034,54.3772811]]},"properties":{"addr:city":"Gdańsk","addr:housenumber":"32","addr:postcode":"80-237","addr:street":"Jana Uphagena","brand":"Lidl","brand:wikidata":"Q151954","brand:wikipedia":"en:Lidl","building":"retail","building:levels":"1","check_date":"2025-01-27","name":"Lidl","opening_hours":"Mo-Sa 06:00-22:00; Su off","roof:levels":"0","shop":"supermarket","website":"https://www.lidl.pl/"}},
{"type":"Feature","geometry":{"type":"LineString","coordinates":[[18.5659302,54.4315823],[18.566111,54.4310394],[18.566523,54.4310859],[18.566342,54.4316288],[18.5659302,54.4315823]]},"properties":{"addr:city":"Sopot","addr:housenumber":"8-10","addr:postcode":"81-745","addr:street":"Polna","amenity":"marketplace","building":"roof","layer":"1","name":"Sopocki Rynek","opening_hours":"\"W sobotę bez konkretnych godzin\"","wheelchair":"yes"}},
{"type":"Feature","geometry":{"type":"LineString","coordinates":[[18.4174409,54.4433632],[18.4174324,54.443406],[18.4177027,54.4434228],[18.4177277,54.443411],[18.4177335,54.4433807],[18.4178041,54.4429967],[18.4177205,54.4429914],[18.4175116,54.442978],[18.4175114,54.4429803],[18.4174345,54.4429754],[18.4174246,54.4430284],[18.4173944,54.4431898],[18.4173183,54.443185],[18.4172976,54.4432972],[18.4173111,54.4432981],[18.4173009,54.4433544],[18.4174409,54.4433632]]},"properties":{"addr:city":"Chwaszczyno","addr:housenumber":"139","addr:street":"Oliwska","brand":"Biedronka","brand:wikidata":"Q857182","brand:wikipedia":"pl:Biedronka (sieć handlowa)","building":"retail","building:levels":"1","email":"bok@biedronka.eu","name":"Biedronka","name:ru":"Бедронка","opening_hours":"Mo-Sa 07:00-22:00; Su 09:00-20:00","operator":"Jeronimo Martins Polska S.A.","payment:blik":"yes","payment:cash":"yes","payment:contactless":"yes","payment:diners_club":"yes","payment:maestro":"yes","payment:mastercard":"yes","payment:sodexo":"yes","payment:v_pay":"yes","payment:visa":"yes","payment:visa_debit":"yes","payment:visa_electron":"yes","phone":"+48 22 205 33 00","shop":"supermarket","source":"www.geoportal.gov.pl","source:addr":"UG Żukowo","website":"https://www.biedronka.pl/pl/shop,id,7759"}},
{"type":"Feature","geometry":{"type":"LineString","coordinates":[[18.5554729,54.3510086],[18.5555222,54.3510716],[18.5555083,54.3510753],[18.5554811,54.3510825],[18.5555714,54.3511986],[18.5556125,54.3511877],[18.5556171,54.3511922],[18.5560021,54.3510882],[18.5560278,54.3510926],[18.556091,54.3511721],[18.5563273,54.3511085],[18.5565732,54.3508108],[18.5563474,54.3507481],[18.5563295,54.3507688],[18.5561496,54.3507173],[18.5559779,54.3506679],[18.5559873,54.3506566],[18.5556959,54.3505748],[18.5556396,54.350565],[18.5555788,54.3505831],[18.5555583,54.3506187],[18.5555541,54.3506992],[18.5555528,54.350725],[18.5555394,54.3507703],[18.555403,54.3508759],[18.5554597,54.3509471],[18.5554313,54.3509548],[18.5554729,54.3510086]]},"properties":{"addr:city":"Gdańsk","addr:housenumber":"102","addr:postcode":"80-283","addr:street":"Myśliwska","building":"retail","building:levels":"1","roof:shape":"flat","shop":"mall","start_date":"2023-09"}},
{"type":"Feature","geometry":{"type":"LineString","coordinates":[[18.479213,54.414827],[18.479153,54.414829],[18.47919,54.415201],[18.478835,54.415213],[18.478838,54.415259],[18.478713,54.415263],[18.478708,54.415217],[18.478368,54.415228],[18.478376,54.415312],[18.477992,54.415324],[18.477991,54.415322],[18.477799,54.415328],[18.477154,54.41535],[18.477146,54.415268],[18.477068,54.414459],[18.477904,54.414431],[18.477904,54.414434],[18.477986,54.414431],[18.477984,54.414396],[18.478101,54.414392],[18.478105,54.414427],[18.47911,54.414394],[18.479115,54.414443],[18.479175,54.414441],[18.479182,54.414504],[18.479122,54.414506],[18.479147,54.414766],[18.479207,54.414764],[18.479213,54.414827]]},"properties":{"addr:city":"Gdańsk","addr:country":"PL","addr:housenumber":"50a","addr:postcode":"80-299","addr:street":"Wodnika","alt_name":"Hala Kwiatowa","building":"warehouse","building:levels":"1","description":"Hala Kwiatowa","ref":"H1","shop":"mall","source:building":"BDOT","source:geometry":"EGiB"}},
{"type":"Feature","geometry":{"type":"LineString","coordinates":[[18.5098332,54.3768572],[18.5098022,54.376682],[18.5106199,54.3766311],[18.5109691,54.3767886],[18.5109691,54.3768042],[18.5107997,54.3768174],[18.5107961,54.376797],[18.5107638,54.3767559],[18.5105627,54.3768113],[18.5098332,54.3768572]]},"properties":{"addr:city":"Gdańsk","addr:housenumber":"159","addr:postcode":"80-298","addr:street":"Juliusza Słowackiego","brand":"Biedronka","brand:wikidata":"Q857182","building":"retail","building:levels":"1","name":"Biedronka","opening_hours":"Mo-Fr 07:00-21:00;Sa-Su 08:00-20:00","operator":"Jeronimo Martins Polska S.A.","shop":"supermarket","source:addr":"Urząd Miasta Gdańsk","website":"https://www.biedronka.pl/pl/shop,id,1031"}},
{"type":"Feature","geometry":{"type":"LineString","coordinates":[[18.4846671,54.4110195],[18.4850462,54.4110122],[18.4850252,54.4106236],[18.4845727,54.4106321],[18.4845833,54.4108215],[18.4846567,54.4108207],[18.4846671,54.4110195]]},"properties":{"addr:city":"Gdańsk","addr:housenumber":"11","addr:postcode":"80-299","addr:street":"Meteorytowa","building":"retail","building:levels":"1","name":"Biedronka","opening_hours":"8:00-20:00","operator":"Jeronimo Martins Polska S.A.","roof:levels":"0","shop":"supermarket","source:addr":"Urząd Miasta Gdańsk","source:building":"BDOT","website":"https://www.biedronka.pl/pl/shop,id,2070"}},
{"type":"Feature","geometry":{"type":"LineString","coordinates":[[18.5860335,54.4147232],[18.5860356,54.4147938],[18.5860495,54.4150116],[18.5862242,54.4150127],[18.5862238,54.4149558],[18.5862163,54.4147818],[18.5862132,54.4147104],[18.5861148,54.4147109],[18.5861149,54.4147229],[18.5860335,54.4147232]]},"properties":{"brand":"Żabka","brand:wikidata":"Q2589061","building":"yes","building:levels":"1","name":"Żabka","name:pl":"Żabka","name:uk":"Жабка","shop":"convenience"}},
{"type":"Feature","geometry":{"type":"LineString","coordinates":[[18.5593736,54.4081382],[18.5594166,54.4081229],[18.5597278,54.4081709],[18.5600973,54.4082273],[18.5599485,54.4086235],[18.5596474,54.408579],[18.5595198,54.4085476],[18.5594299,54.4085248],[18.559371,54.40851],[18.5592263,54.4084736],[18.5592422,54.4084435],[18.5593736,54.4081382]]},"properties":{"amenity":"marketplace","name":"Targowisko w Oliwie"}},
{"type":"Feature","geometry":{"type":"LineString","coordinates":[[18.476627,54.424991],[18.476613,54.424992],[18.476625,54.425045],[18.476358,54.425068],[18.47634,54.425001],[18.476349,54.425001],[18.476351,54.425009],[18.476422,54.425003],[18.476416,54.424981],[18.476406,54.424982],[18.47639,54.424918],[18.476595,54.424901],[18.476611,54.424965],[18.476605,54.424965],[18.47661,54.424987],[18.476626,54.424986],[18.476627,54.424991]]},"properties":{"addr:city":"Gdańsk","addr:housenumber":"2","addr:postcode":"80-299","addr:street":"Delfina","building":"retail","name":"Delfin","shop":"convenience","source:addr":"Urząd Miasta Gdańsk","source:building":"EGiB"}},
{"type":"Feature","geometry":{"type":"LineString","coordinates":[[18.6329815,54.379295],[18.6329821,54.3792821],[18.6329348,54.3792813],[18.6329389,54.3791954],[18.6329854,54.379197],[18.6329862,54.3791868],[18.6330803,54.3791885],[18.6330796,54.3792052],[18.633076,54.379296],[18.6329815,54.379295]]},"properties":{"addr:city":"Gdańsk","addr:housenumber":"38","addr:postcode":"80-870","addr:street":"Mikołaja Reja","brand":"Żabka","brand:wikidata":"Q2589061","brand:wikipedia":"pl:Żabka (sieć sklepów)","building":"yes","name":"Żabka","name:pl":"Żabka","name:uk":"Жабка","shop":"convenience"}},
{"type":"Feature","geometry":{"type":"LineString","coordinates":[[18.479071,54.308806],[18.479202,54.308839999999999],[18.479211,54.308827],[18.479249,54.308837],[18.479318,54.308742],[18.479241,54.308723],[18.479206,54.30877],[18.479115,54.308747],[18.479071,54.308806]]},"properties":{"brand":"Odido","brand:wikidata":"Q106947294","building":"retail","building:levels":"2","check_date":"2024-05-12","name":"Odido","shop":"convenience","source:building":"BDOT","website":"https://www.sklepy-odido.pl/znajdz-sklep/sokola-4"}},
{"type":"Feature","geometry":{"type":"LineString","coordinates":[[18.6189088,54.3834493],[18.6189109,54.383396],[18.619009,54.3833973],[18.619008,54.3834235],[18.6190251,54.3834237],[18.619024,54.3834509],[18.6189088,54.3834493]]},"properties":{"addr:city":"Gdańsk","addr:housenumber":"18","addr:street":"Adama Mickiewicza","building":"yes","name":"AT Outlet","shop":"convenience","source:geometry":"gis.gdansk.pl"}},
{"type":"Feature","geometry":{"type":"LineString","coordinates":[[18.73544,54.338927],[18.735327,54.338972],[18.735213,54.338874],[18.735326,54.338829],[18.73544,54.338927]]},"properties":{"amenity":"fuel","brand":"Amic","brand:wikidata":"Q96047373","building":"yes","building:levels":"1","name":"AMIC Energy","shop":"convenience","source:building":"BDOT","source:geometry":"EGiB"}},
{"type":"Feature","geometry":{"type":"LineString","coordinates":[[18.6415734,54.3405979],[18.6417823,54.3405202],[18.6419123,54.340639],[18.6417035,54.3407167],[18.6415734,54.3405979]]},"properties":{"addr:city":"Gdańsk","addr:housenumber":"1","addr:postcode":"80-044","addr:street":"Trakt Świętego Wojciecha","building":"retail","building:levels":"1","name":"Watis","shop":"convenience","source:building":"EGiB","toilets":"yes"}},
{"type":"Feature","geometry":{"type":"LineString","coordinates":[[18.6112368,54.3904862],[18.6112228,54.390442],[18.6111954,54.3904452],[18.6111819,54.3904028],[18.6111659,54.3903526],[18.6111936,54.3903494],[18.61118,54.390307],[18.6118305,54.3900139],[18.6123207,54.3901631],[18.612332,54.3901502],[18.6134819,54.3903738],[18.6133994,54.3904664],[18.6134806,54.3904922],[18.6134223,54.3905576],[18.6133406,54.3905326],[18.6131817,54.3907111],[18.6124941,54.3905023],[18.6124076,54.390476],[18.6121246,54.39039],[18.6112368,54.3904862]]},"properties":{"addr:city":"Gdańsk","addr:housenumber":"33B","addr:postcode":"80-463","addr:street":"Aleja Rzeczypospolitej","building":"commercial","construction":"yes","name":"Gildia","shop":"mall","source:addr":"Urząd Miasta Gdańsk","wheelchair":"yes"}},
{"type":"Feature","geometry":{"type":"LineString","coordinates":[[18.471044,54.3138028],[18.4710438,54.3137202],[18.4708883,54.3137203],[18.4708885,54.3138029],[18.471044,54.3138028]]},"properties":{"addr:housenumber":"32B","addr:place":"Sulmin","addr:postcode":"83-331","brand":"Livio","brand:wikidata":"Q108599511","building":"yes","name":"Livio","opening_hours":"Mo-Sa 06:00-20:00","shop":"convenience","source:addr":"UG Żukowo"}},
{"type":"Feature","geometry":{"type":"LineString","coordinates":[[18.478089,54.418666],[18.478472,54.418714],[18.4786131,54.4183362],[18.478231,54.418288],[18.478089,54.418666]]},"properties":{"addr:city":"Gdańsk","addr:housenumber":"98","addr:postcode":"80-299","addr:street":"Junony","building":"retail","building:levels":"1","name":"POLOmarket","shop":"supermarket","source:building":"BDOT"}},
{"type":"Feature","geometry":{"type":"LineString","coordinates":[[18.7068493,54.3510497],[18.7066681,54.3508932],[18.7061374,54.3507524],[18.7057443,54.3506809],[18.7065323,54.3493556],[18.7070314,54.3484323],[18.7083007,54.3483102],[18.7084685,54.3484116],[18.7108005,54.3488715],[18.7109444,54.3496323],[18.7090927,54.3500464],[18.7100499,54.3512925],[18.7093717,54.3516143],[18.7091584,54.3513753],[18.7085884,54.3512834],[18.7084021,54.3513489],[18.7068493,54.3510497]]},"properties":{"amenity":"marketplace","check_date":"2023-05-31","landuse":"commercial","name":"Giełda kwiatowa","proposed:landuse":"industrial","proposed:name":"Panattoni Park Tricity East VII"}},
{"type":"Feature","geometry":{"type":"LineString","coordinates":[[18.4511083,54.4122949],[18.4513147,54.4122603],[18.4512712,54.4121718],[18.4510648,54.4122064],[18.4511083,54.4122949]]},"properties":{"addr:city":"Gdańsk","addr:housenumber":"31","addr:postcode":"80-299","addr:street":"Wenus","building":"yes","building:levels":"2","shop":"convenience","source:addr":"Urząd Miasta Gdańsk","source:building":"BDOT","source:geometry":"EGiB"}},
{"type":"Feature","geometry":{"type":"LineString","coordinates":[[18.6361107,54.3325724],[18.6371905,54.3325027],[18.6372105,54.3325014],[18.6371935,54.3324121],[18.6371032,54.3324179],[18.6370736,54.3322623],[18.6366739,54.3322881],[18.6366649,54.3322408],[18.6363622,54.3322604],[18.6363604,54.3322512],[18.6360411,54.3322718],[18.6360644,54.3323944],[18.6360767,54.3323936],[18.6361107,54.3325724]]},"properties":{"addr:city":"Gdańsk","addr:housenumber":"11","addr:postcode":"80-042","addr:street":"Sandomierska","brand":"Lidl","brand:wikidata":"Q151954","brand:wikipedia":"en:Lidl","building":"retail","name":"Lidl","opening_hours":"Mo-Sa 08:00-21:00; Su 09:00-18:00","shop":"supermarket","source:addr":"Urząd Miasta Gdańsk","source:geometry":"geoportal.gov.pl:ortofoto"}},
{"type":"Feature","geometry":{"type":"LineString","coordinates":[[18.4733685,54.4257032],[18.4730023,54.4257617],[18.4729605,54.4256688],[18.4731716,54.425638],[18.4729908,54.4252533],[18.4731496,54.4252316],[18.4733685,54.4257032]]},"properties":{"addr:city":"Gdańsk","addr:housenumber":"2","addr:postcode":"80-299","addr:street":"Koziorożca","building":"yes","building:levels":"1","name":"Czerwona Torebka","operator":"Czerwona Torebka","shop":"mall"}},
{"type":"Feature","geometry":{"type":"LineString","coordinates":[[18.5241513,54.3758678],[18.5241322,54.375819],[18.5240216,54.3758341],[18.5240306,54.3758583],[18.5239506,54.375869],[18.5238681,54.3756658],[18.5238654,54.3756658],[18.5238456,54.3756159],[18.5243546,54.3755483],[18.5243331,54.3754956],[18.5244787,54.3754748],[18.5244998,54.3755283],[18.5246561,54.3755068],[18.5247462,54.3757368],[18.524422,54.3757806],[18.5244419,54.3758294],[18.5241513,54.3758678]]},"properties":{"addr:city":"Gdańsk","addr:housenumber":"21","addr:postcode":"80-298","addr:street":"Złota Karczma","brand":"Lidl","brand:wikidata":"Q151954","brand:wikipedia":"en:Lidl","building":"retail","building:levels":"1","name":"Lidl","roof:levels":"0","shop":"supermarket","source:addr":"Urząd Miasta Gdańsk"}},
{"type":"Feature","geometry":{"type":"LineString","coordinates":[[18.4131914,54.4433186],[18.4131944,54.443367],[18.4132336,54.4433661],[18.413236,54.443434],[18.4131483,54.4434339],[18.413159,54.443603],[18.4132458,54.4436051],[18.4132505,54.4437993],[18.4135179,54.4437955],[18.4135221,54.4438504],[18.413648,54.4438497],[18.4136314,54.4433124],[18.4131914,54.4433186]]},"properties":{"addr:city":"Chwaszczyno","addr:city:simc":"0177170","addr:housenumber":"122","addr:postcode":"80-209","addr:street":"Oliwska","addr:street:sym_ul":"14994","building":"retail","building:levels":"1","name":"Lidl","shop":"supermarket","source:addr":"zukowo.e-mapa.net","source:building":"BDOT","source:geometry":"EGiB"}},
{"type":"Feature","geometry":{"type":"LineString","coordinates":[[18.476731,54.4245809],[18.4766878,54.4244237],[18.476596,54.424433],[18.4765747,54.4243588],[18.477052,54.4243139],[18.4770544,54.4243226],[18.4770723,54.4243206],[18.4770701,54.4243113],[18.4772821,54.4242918],[18.4772848,54.4243006],[18.4773026,54.4242988],[18.4773002,54.4242899],[18.4774759,54.4242732],[18.4775401,54.424267],[18.4776054,54.4244965],[18.4775412,54.4245027],[18.476731,54.4245809]]},"properties":{"addr:city":"Gdańsk","addr:country":"PL","addr:housenumber":"38","addr:postcode":"80-299","addr:street":"Wodnika","building":"retail","building:levels":"1","name":"Lidl","roof:orientation":"along","roof:shape":"gabled","shop":"supermarket"}},
{"type":"Feature","geometry":{"type":"LineString","coordinates":[[18.4966268,54.3535357],[18.4964731,54.3533285],[18.497067,54.3531781],[18.4971564,54.3532952],[18.4972224,54.3533857],[18.4966268,54.3535357]]},"properties":{"addr:city":"Gdańsk","addr:country":"PL","addr:housenumber":"467","addr:postcode":"80-298","addr:street":"Kartuska","brand":"Biedronka","brand:wikidata":"Q857182","brand:wikipedia":"pl:Biedronka (sieć handlowa)","building":"retail","building:levels":"1","name":"Biedronka","opening_hours":"Mo-Sa 07:00-21:00; Su 09:00-20:00","operator":"Jeronimo Martins Polska S.A.","shop":"supermarket","website":"https://www.biedronka.pl/pl/shop,id,2036"}},
{"type":"Feature","geometry":{"type":"LineString","coordinates":[[18.5130001,54.3507463],[18.5130101,54.3506973],[18.5129204,54.350691],[18.5129303,54.3506425],[18.5130258,54.3506491],[18.5130928,54.3503214],[18.5134128,54.3503436],[18.5134296,54.3502613],[18.5135109,54.350267],[18.5134071,54.3507745],[18.5130001,54.3507463]]},"properties":{"addr:city":"Gdańsk","addr:country":"PL","addr:housenumber":"3","addr:postcode":"80-177","addr:street":"Kalinowa","brand":"Netto","brand:wikidata":"Q552652","brand:wikipedia":"en:Netto (store)","building":"yes","contact:website":"https://netto.pl/sklepy/gdansk/ul-kalinowa-3/d775682739d04d74b22aba9514f0dc11/","name":"Netto","opening_hours":"Mo-Sa 07:00-22:00; Su 08:00-20:00","shop":"supermarket","source:addr":"Urząd Miasta Gdańsk"}},
{"type":"Feature","geometry":{"type":"LineString","coordinates":[[18.6703983,54.3474084],[18.6701373,54.3473342],[18.6701555,54.347315],[18.6697312,54.3471918],[18.6697498,54.3471692],[18.6696902,54.3471526],[18.6698723,54.3469449],[18.6703075,54.3470712],[18.670298,54.3470821],[18.6703398,54.3470946],[18.6703575,54.3470768],[18.6706287,54.3471572],[18.6706499,54.3472312],[18.6706191,54.3472673],[18.6705411,54.3472439],[18.6703983,54.3474084]]},"properties":{"brand":"Lidl","brand:wikidata":"Q151954","brand:wikipedia":"en:Lidl","building":"yes","name":"Lidl","shop":"supermarket"}},
{"type":"Feature","geometry":{"type":"LineString","coordinates":[[18.5655143,54.3314391],[18.565522,54.3314283],[18.5648889,54.3313029],[18.5649987,54.3311131],[18.5656315,54.3312388],[18.5656366,54.3312299],[18.5658318,54.3312687],[18.5658287,54.3312745],[18.565817,54.3312717],[18.5657877,54.3313226],[18.5657986,54.3313246],[18.5657427,54.3314206],[18.5657322,54.3314182],[18.5656967,54.3314788],[18.5657083,54.3314812],[18.5657052,54.3314866],[18.5655143,54.3314391]]},"properties":{"addr:city":"Gdańsk","addr:housenumber":"21","addr:postcode":"80-175","addr:street":"Jabłoniowa","building":"yes","shop":"mall"}},
{"type":"Feature","geometry":{"type":"LineString","coordinates":[[18.5969731,54.3638411],[18.5970408,54.3639181],[18.5969494,54.3639447],[18.59688,54.3638678],[18.5969731,54.3638411]]},"properties":{"building":"yes","name":"Iza","shop":"convenience"}},
{"type":"Feature","geometry":{"type":"LineString","coordinates":[[18.562513,54.365924],[18.562543,54.365904],[18.562376,54.36582],[18.562593,54.365674],[18.562988,54.365873],[18.5628126,54.3659915],[18.562772,54.366019],[18.562605,54.365935],[18.562575,54.365956],[18.562513,54.365924]]},"properties":{"addr:city":"Gdańsk","addr:housenumber":"15D","addr:postcode":"80-293","addr:street":"Potokowa","brand":"Biedronka","brand:wikidata":"Q857182","brand:wikipedia":"pl:Biedronka (sieć handlowa)","building":"retail","building:levels":"1","email":"bok@biedronka.eu","name":"Biedronka","name:ru":"Бедронка","operator":"Jeronimo Martins Polska S.A.","payment:blik":"yes","payment:cash":"yes","payment:contactless":"yes","payment:diners_club":"yes","payment:maestro":"yes","payment:mastercard":"yes","payment:sodexo":"yes","payment:v_pay":"yes","payment:visa":"yes","payment:visa_debit":"yes","payment:visa_electron":"yes","phone":"+48 22 205 33 00","shop":"supermarket","source:addr":"Urząd Miasta Gdańsk","source:building":"BDOT","source:geometry":"EGiB","website":"https://www.biedronka.pl/pl/shop,id,968"}},
{"type":"Feature","geometry":{"type":"LineString","coordinates":[[18.66031,54.340987],[18.6601299,54.3409062],[18.6601463,54.3408936],[18.6601159,54.34088],[18.6600997,54.3408924],[18.660057,54.3408733],[18.6597926,54.3410753],[18.6595731,54.341246],[18.6596334,54.3412727],[18.6596501,54.3412588],[18.659669,54.3412674],[18.6597191,54.3412297],[18.6597671,54.3412509],[18.6598315,54.3412794],[18.6601245,54.3410549],[18.6601793,54.3410813],[18.66031,54.340987]]},"properties":{"addr:city":"Gdańsk","addr:housenumber":"35/38","addr:postcode":"80-769","addr:street":"Łąkowa","brand":"Biedronka","brand:wikidata":"Q857182","brand:wikipedia":"pl:Biedronka (sieć handlowa)","building":"retail","building:levels":"2","construction:shop":"supermarket","email":"bok@biedronka.eu","name":"Biedronka","name:pl":"Biedronka","name:ru":"Бедронка","operator":"Jeronimo Martins Polska S.A.","shop":"supermarket","source":"www.geoportal.gov.pl","website":"https://www.biedronka.pl/pl/shop,id,845"}},
{"type":"Feature","geometry":{"type":"LineString","coordinates":[[18.6322774,54.4023411],[18.6322753,54.4022943],[18.6319044,54.4023],[18.6319044,54.402302],[18.6318271,54.4023027],[18.6318169,54.4020754],[18.6318653,54.402075],[18.6318652,54.402074],[18.6325568,54.402063],[18.6325694,54.4023364],[18.6322774,54.4023411]]},"properties":{"addr:city":"Gdańsk","addr:housenumber":"21L","addr:postcode":"80-518","addr:street":"Gdańska","brand":"Biedronka","brand:wikidata":"Q857182","brand:wikipedia":"pl:Biedronka (sieć handlowa)","building":"retail","building:levels":"1","email":"bok@biedronka.eu","name":"Biedronka","name:ru":"Бедронка","opening_hours":"Mo-Sa 06:00-23:00; Su 09:00-20:00","operator":"Jeronimo Martins Polska S.A.","payment:blik":"yes","payment:cash":"yes","payment:contactless":"yes","payment:diners_club":"yes","payment:maestro":"yes","payment:mastercard":"yes","payment:sodexo":"yes","payment:v_pay":"yes","payment:visa":"yes","payment:visa_debit":"yes","payment:visa_electron":"yes","phone":"+48 22 205 33 00","shop":"supermarket","source:building":"BDOT","source:geometry":"EGiB","website":"https://www.biedronka.pl"}},
{"type":"Feature","geometry":{"type":"LineString","coordinates":[[18.4772339,54.3457988],[18.4771809,54.3457106],[18.4772785,54.3456926],[18.4772837,54.3457011],[18.477368,54.3456848],[18.4774018,54.3457441],[18.477378,54.3457488],[18.4773897,54.3457671],[18.4772339,54.3457988]]},"properties":{"building":"yes","name":"U Jana","shop":"convenience"}},
{"type":"Feature","geometry":{"type":"LineString","coordinates":[[18.4971158,54.2836081],[18.4976794,54.2836306],[18.4976997,54.2834623],[18.4971351,54.2834405],[18.4971158,54.2836081]]},"properties":{"addr:city":"Lublewo Gdańskie","addr:city:simc":"0164003","addr:housenumber":"39A","addr:postcode":"83-050","addr:street":"Generała Józefa Wybickiego","addr:street:sym_ul":"24906","brand":"Lewiatan","brand:wikidata":"Q11755396","building":"yes","name":"Lewiatan","shop":"convenience","source:addr":"kolbudy.e-mapa.net","website":"https://www.lewiatan.pl/znajdz-sklep/lewiatan-lublewo-gdanskie-wybickiego-39a"}},
{"type":"Feature","geometry":{"type":"LineString","coordinates":[[18.5712455,54.3371156],[18.5708289,54.3372981],[18.5709296,54.3373784],[18.5709393,54.3373862],[18.5710749,54.3374946],[18.5711517,54.3375007],[18.5712712,54.3374502],[18.5712814,54.3374454],[18.5715703,54.337317],[18.5715084,54.3372711],[18.5714647,54.33729],[18.5712455,54.3371156]]},"properties":{"addr:city":"Gdańsk","addr:housenumber":"332","addr:postcode":"80-125","addr:street":"Kartuska","brand":"Biedronka","brand:wikidata":"Q857182","building":"retail","name":"Biedronka","operator":"Jeronimo Martins Polska S.A.","shop":"supermarket","website":"https://www.biedronka.pl/pl/shop,id,374"}},
{"type":"Feature","geometry":{"type":"LineString","coordinates":[[18.474481,54.415157],[18.474018,54.415172],[18.473986,54.414849],[18.474449,54.414834],[18.474481,54.415157]]},"properties":{"building":"warehouse","building:levels":"1","description":"Pawilon owocowo-warzywny","ref":"P2","shop":"mall","source:building":"BDOT","source:geometry":"EGiB"}},
{"type":"Feature","geometry":{"type":"LineString","coordinates":[[18.47394,54.414365],[18.474403,54.414349],[18.474434,54.414672],[18.473971,54.414687],[18.47394,54.414365]]},"properties":{"building":"warehouse","building:levels":"1","description":"Pawilon owocowo-warzywny i ryby","ref":"P1","shop":"mall","source:building":"BDOT","source:geometry":"EGiB"}},
{"type":"Feature","geometry":{"type":"LineString","coordinates":[[18.5243353,54.3529475],[18.5242983,54.352814],[18.52424,54.3525996],[18.5242071,54.3526027],[18.5241743,54.3526058],[18.5241545,54.3525338],[18.5241871,54.3525295],[18.5242195,54.3525252],[18.5238651,54.3512448],[18.5238424,54.3511642],[18.5238102,54.3511671],[18.5237762,54.3511701],[18.5237573,54.3510948],[18.5237895,54.351092],[18.5238215,54.3510892],[18.5237555,54.350843],[18.5246918,54.3507556],[18.5250105,54.3507233],[18.5258342,54.3506488],[18.5258639,54.3508094],[18.5259614,54.3508016],[18.5260289,54.3510405],[18.5262187,54.3510228],[18.5262837,54.3512592],[18.5263535,54.3512537],[18.5264133,54.3514596],[18.5262373,54.3514762],[18.5262271,54.351437],[18.5261395,54.3514446],[18.5262062,54.3516656],[18.5263957,54.3516476],[18.5264018,54.3516671],[18.5264774,54.3516584],[18.5265036,54.351759],[18.5264296,54.3517679],[18.5265143,54.3520615],[18.5263202,54.3520822],[18.5264512,54.3525625],[18.5262525,54.3525796],[18.526083,54.352655],[18.5260224,54.3524386],[18.5255717,54.3524813],[18.5256985,54.3529532],[18.5252986,54.3529951],[18.5247802,54.3530463],[18.5247466,54.3529104],[18.5243353,54.3529475]]},"properties":{"addr:city":"Gdańsk","addr:housenumber":"3","addr:postcode":"80-176","addr:street":"Szczęśliwa","building":"yes","name":"Centrum Handlowe Auchan Gdańsk","opening_hours":"Mo-Sa 08:00-22:00; Su 09:00-21:00; Jan 1 off; Jan 6 off; May 1 off; May 3 off; Aug 15 off; Nov 1 off; Nov 11 off; Dec 25-26 off","operator":"Immochan","phone":"+48 58 7698644","shop":"mall","website":"https://www.auchan.pl/auchan-gdansk/o-sklepie"}},
{"type":"Feature","geometry":{"type":"LineString","coordinates":[[18.560919,54.308646],[18.560962,54.308617],[18.561047,54.308561],[18.561091,54.308583],[18.561223,54.30865],[18.561148,54.3087],[18.561155,54.308704],[18.561105,54.308737],[18.561098,54.308733],[18.561095,54.308736],[18.560919,54.308646]]},"properties":{"building":"retail","building:levels":"1","shop":"convenience","source:building":"BDOT","source:geometry":"EGiB"}},
{"type":"Feature","geometry":{"type":"LineString","coordinates":[[18.6132059,54.3373018],[18.6129812,54.3373391],[18.6125325,54.3374135],[18.6125684,54.3377909],[18.61303,54.3377764],[18.6130951,54.3377743],[18.6130982,54.337827],[18.6135322,54.3378141],[18.6135229,54.3377593],[18.6136721,54.3377545],[18.6136672,54.337679],[18.6132059,54.3373018]]},"properties":{"addr:city":"Gdańsk","addr:housenumber":"1A","addr:postcode":"80-809","addr:street":"Władysława Cieszyńskiego","building":"yes","shop":"mall"}},
{"type":"Feature","geometry":{"type":"LineString","coordinates":[[18.5185467,54.3722872],[18.5186251,54.3723242],[18.5200094,54.3725717],[18.5200963,54.3725614],[18.5201381,54.3725169],[18.520288999999999,54.3722405],[18.5201217,54.372059],[18.5189984,54.3718584],[18.518691,54.3719538],[18.5185479,54.3722272],[18.5185467,54.3722872]]},"properties":{"addr:city":"Gdańsk","addr:country":"PL","addr:housenumber":"26","addr:postcode":"80-286","addr:street":"Złota Karczma","building":"retail","contact:phone":"+48 58 76 99 444","contact:website":"http://www.matarnia.parkhandlowy.pl","opening_hours":"Mo-Sa 10:00-21:00; Su 10:00-20:00","shop":"mall"}},
{"type":"Feature","geometry":{"type":"LineString","coordinates":[[18.4798479,54.4326066],[18.4798615,54.4325971],[18.4797205,54.4324569],[18.4798723,54.4323508],[18.479909,54.4323251],[18.4799189,54.4323289],[18.4799148,54.4323323],[18.4804685,54.432603],[18.4804723,54.4325995],[18.4804824,54.4326032],[18.4804438,54.4326291],[18.4805464,54.4328233],[18.4804422,54.4328958],[18.4798479,54.4326066]]},"properties":{"addr:city":"Gdańsk","addr:housenumber":"65","addr:postcode":"80-299","addr:street":"Spacerowa","building":"retail","building:levels":"2","shop":"mall","source:building":"BDOT","source:geometry":"EGiB"}},
{"type":"Feature","geometry":{"type":"LineString","coordinates":[[18.5676683,54.3114524],[18.5681039,54.3116462],[18.5679209,54.3117868],[18.5674853,54.311593],[18.5675282,54.3115601],[18.5676683,54.3114524]]},"properties":{"building":"yes","shop":"mall"}},
{"type":"Feature","geometry":{"type":"LineString","coordinates":[[18.569575,54.33729],[18.569374,54.337327],[18.569398,54.33737],[18.569003,54.337442],[18.568879,54.337209],[18.568902,54.337204],[18.5688929,54.3371858],[18.568884,54.337168],[18.569249,54.337102],[18.569216,54.337037],[18.569422,54.337001],[18.569575,54.33729]]},"properties":{"addr:city":"Gdańsk","addr:housenumber":"1","addr:postcode":"80-175","addr:street":"Limbowa","brand":"ALDI","brand:wikidata":"Q41171373","brand:wikipedia":"en:Aldi","building":"retail","name":"ALDI","operator":"ALDI Sp. z o.o.","phone":"+48323570300","shop":"supermarket","source:building":"EGiB","website":"https://aldi.pl"}},
{"type":"Feature","geometry":{"type":"LineString","coordinates":[[18.6038741,54.3828952],[18.6040676,54.3830361],[18.6041997,54.3831377],[18.604271,54.383144],[18.6043272,54.3831496],[18.6053237,54.3832372],[18.605303,54.3832687],[18.6052855,54.3833435],[18.6052552,54.3834491],[18.6052545,54.3835023],[18.6052719,54.3835412],[18.6052915,54.3835623],[18.6053288,54.38359],[18.6053754,54.3836099],[18.605419,54.3836224],[18.6054694,54.3836296],[18.6055106,54.3836314],[18.6055519,54.3836308],[18.6055811,54.3836274],[18.6056239,54.3836185],[18.605666,54.3836046],[18.6057052,54.3835839],[18.6057284,54.3835674],[18.6057559,54.3835378],[18.6057712,54.383512],[18.6057906,54.383447],[18.6059374,54.3834613],[18.605976,54.383337],[18.6060462,54.3833433],[18.6060991,54.3833482],[18.6061134,54.3833849],[18.6062428,54.3833999],[18.6065985,54.3821941],[18.606495,54.3821806],[18.6064152,54.3821626],[18.6063556,54.3821423],[18.6062992,54.3821213],[18.606255,54.3820946],[18.6062477,54.3820903],[18.6061492,54.3820326],[18.6060765,54.3819547],[18.6060689,54.381949],[18.6060494,54.3819288],[18.6057,54.3820854],[18.6045025,54.382622],[18.6044791,54.3826324],[18.604452,54.3826444],[18.604175,54.3827659],[18.6038741,54.3828952]]},"properties":{"addr:city":"Gdańsk","addr:country":"PL","addr:housenumber":"4","addr:postcode":"80-452","addr:street":"Jana Kilińskiego","building":"yes","building:levels":"5","contact:website":"http://galeriametropolia.pl/","image":"https://photos.app.goo.gl/bopvF1LSUR5YMnaW9","name":"Galeria Metropolia","opening_hours":"Mo-Sa 09:00-21:00; Su 10:00-20:00","shop":"mall","url":"https://polska-org.pl/8259146,Gdansk,Galeria_Metropolia.html","url:0":"https://fotopolska.eu/430517,obiekt.html?map_z=18"}},
{"type":"Feature","geometry":{"type":"LineString","coordinates":[[18.61675,54.3559209],[18.6174923,54.3560392],[18.6175737,54.355866],[18.6175263,54.3558584],[18.6175556,54.3557962],[18.6173921,54.3557701],[18.6173843,54.3557866],[18.617268,54.355768],[18.6172462,54.3558146],[18.616831,54.3557484],[18.616755,54.3559103],[18.61675,54.3559209]]},"properties":{"addr:city":"Gdańsk","addr:country":"PL","addr:housenumber":"11A","addr:postcode":"80-171","addr:street":"Ludwika Beethovena","brand":"Biedronka","brand:wikidata":"Q857182","brand:wikipedia":"pl:Biedronka (sieć handlowa)","building":"supermarket","name":"Biedronka","opening_hours":"Mo-Sa 06:00-22:00","operator":"Jeronimo Martins Polska S.A.","shop":"supermarket","source":"gis.gdansk.pl","website":"https://www.biedronka.pl/pl/shop,id,2717"}},
{"type":"Feature","geometry":{"type":"LineString","coordinates":[[18.5826152,54.3285379],[18.5828651,54.3286115],[18.5829594,54.3285027],[18.5834113,54.3286359],[18.5835604,54.3284639],[18.5828586,54.3282571],[18.5826152,54.3285379]]},"properties":{"addr:city":"Gdańsk","addr:housenumber":"25","addr:postcode":"80-180","addr:street":"Piotrkowska","brand":"Stokrotka","brand:wikidata":"Q9345945","brand:wikipedia":"pl:Stokrotka (sieć handlowa)","building":"yes","building:levels":"1","name":"Stokrotka","opening_hours":"Mo-Sa 07:00-22:00; Su 08:30-21:30","shop":"supermarket","source:addr":"Urząd Miasta Gdańsk"}},
{"type":"Feature","geometry":{"type":"LineString","coordinates":[[18.6717894,54.3485439],[18.6718291,54.3484558],[18.6719167,54.3483728],[18.6717893,54.3482731],[18.6717074,54.3481766],[18.6716893,54.3481495],[18.6716743,54.348127],[18.6716625,54.3481093],[18.6716323,54.347953],[18.6716592,54.3478608],[18.6717028,54.3477501],[18.6717425,54.3476872],[18.6717513,54.347676],[18.6717837,54.3476438],[18.6718039,54.3476216],[18.6720119,54.3473495],[18.6721262,54.3473175],[18.6721343,54.3473061],[18.6721393,54.3472907],[18.673356,54.3474989],[18.6735089,54.3477639],[18.6735368,54.3478359],[18.673579,54.3479448],[18.6735265,54.3482046],[18.6735233,54.348211],[18.673366,54.3481875],[18.6733141,54.3483032],[18.6733915,54.3483161],[18.6733019,54.3485413],[18.6734046,54.3485592],[18.6733919,54.3485884],[18.6733609,54.3486465],[18.6734666,54.348663],[18.6734551,54.3486878],[18.6734476,54.348704],[18.6733585,54.3486901],[18.6733324,54.3487466],[18.6725734,54.3486469],[18.6725303,54.3486126],[18.6724203,54.3485999],[18.672363,54.3485924],[18.6723006,54.3486111],[18.6717894,54.3485439]]},"properties":{"amenity":"marketplace","barrier":"fence","contact:phone":"+48586850549","name":"Rynek Elbląska","source:geometry":"geoportal.gov.pl:ortofoto"}},
{"type":"Feature","geometry":{"type":"LineString","coordinates":[[18.5694636,54.3124972],[18.5697709,54.312265],[18.5689982,54.311917],[18.569009,54.3119088],[18.569021,54.3119143],[18.5690664,54.31188],[18.5690651,54.3118794],[18.5689746,54.3118386],[18.5686112,54.3121131],[18.5694636,54.3124972]]},"properties":{"addr:city":"Kowale","addr:city:simc":"0163989","addr:housenumber":"36","addr:postcode":"80-180","addr:street":"Staropolska","addr:street:sym_ul":"20971","brand":"Lidl","brand:wikidata":"Q151954","brand:wikipedia":"en:Lidl","building":"yes","building:levels":"1","name":"Lidl","opening_hours":"Mo-Sa 6:00-22:00; Su 9:00-19:00","payment:cash":"yes","payment:coins":"yes","payment:contactless":"yes","payment:credit_cards":"yes","payment:mastercard":"yes","payment:visa":"yes","shop":"supermarket","source:addr":"kolbudy.e-mapa.net","website":"https://www.lidl.pl"}},
{"type":"Feature","geometry":{"type":"LineString","coordinates":[[18.6024399,54.3465678],[18.602821,54.3466762],[18.602888,54.3467237],[18.6027482,54.3468984],[18.6027032,54.3469546],[18.6022236,54.3468232],[18.6022771,54.3467578],[18.60235,54.3466686],[18.6024399,54.3465678]]},"properties":{"addr:city":"Gdańsk","addr:housenumber":"214","addr:postcode":"80-122","addr:street":"Kartuska","building":"yes","check_date":"2023-01-21","internet_access":"no","name":"Centrum Kartuska","shop":"mall","source:addr":"Urząd Miasta Gdańsk","wheelchair":"yes"}},
{"type":"Feature","geometry":{"type":"LineString","coordinates":[[18.6324855,54.3275503],[18.6325892,54.32755],[18.6325896,54.3275977],[18.6324859,54.327598],[18.6324855,54.3275503]]},"properties":{"building":"yes","name":"Delikatesik Raduński Młyn","shop":"convenience"}},
{"type":"Feature","geometry":{"type":"LineString","coordinates":[[18.6392062,54.3259962],[18.6393233,54.3259817],[18.6393417,54.3260327],[18.6392247,54.3260471],[18.6392062,54.3259962]]},"properties":{"building":"yes","shop":"convenience"}},
{"type":"Feature","geometry":{"type":"LineString","coordinates":[[18.6438397,54.3482969],[18.6443695,54.3481637],[18.6444723,54.3484753],[18.6445497,54.3487044],[18.6443902,54.3487146],[18.6442391,54.3487241],[18.6439231,54.3487442],[18.6438228,54.3484634],[18.6437946,54.3483714],[18.6438307,54.348311699999999],[18.6438397,54.3482969]]},"properties":{"building:levels":"4","building:levels:underground":"1","building:part":"yes","height":"28","shop":"mall"}},
{"type":"Feature","geometry":{"type":"LineString","coordinates":[[18.6440798,54.3491916],[18.6440634,54.3491948],[18.6441828,54.3494429],[18.6442028,54.3494826],[18.6442145,54.3494801],[18.6443287,54.3494574],[18.6443962,54.3494431],[18.6445802,54.3494199],[18.6444325,54.3491312],[18.6443486,54.3491404],[18.6440798,54.3491916]]},"properties":{"building:levels":"3","building:levels:underground":"1","building:part":"yes","height":"30","shop":"mall"}},
{"type":"Feature","geometry":{"type":"LineString","coordinates":[[18.6427886,54.350064],[18.6431132,54.3500258],[18.6431813,54.3500165],[18.6434492,54.3499869],[18.6440056,54.3499217],[18.6438643,54.3495291],[18.6438538,54.3494983],[18.6435127,54.3485028],[18.6435521,54.3484504],[18.6433254,54.3484069],[18.6429585,54.3492499],[18.6429019,54.3492444],[18.6428802,54.3493176],[18.6428612,54.3493872],[18.6429177,54.3493921],[18.6428587,54.3496393],[18.6427886,54.350064]]},"properties":{"addr:city":"Gdańsk","addr:housenumber":"7","addr:postcode":"80-806","addr:street":"Targ Sienny","alt_name":"Galeria Forum Gdańsk","building":"mall","building:levels":"3","building:levels:underground":"1","description":"Położona w rejonie starówki jasna, przestronna nowoczesna galeria handlowa ze sklepami światowych marek i ok. 20 restauracjami.","email":"info@forumgdansk.pl","height":"23","level":"-1;0;1;2;3","name":"Forum Gdańsk","opening_hours":"Mo-Su 09:00-21:00","phone":"+48 58 732 61 20","shop":"mall","website":"https://forumgdansk.pl","wikidata":"Q65164240","wikipedia":"pl:Forum Gdańsk"}},
{"type":"Feature","geometry":{"type":"LineString","coordinates":[[18.6448926,54.3498893],[18.6447771,54.3496947],[18.6446542,54.3497149],[18.6443963,54.3497572],[18.6443636,54.3497613],[18.6444624,54.3499422],[18.6448926,54.3498893]]},"properties":{"building:levels":"3","building:levels:underground":"1","building:part":"yes","height":"24","shop":"mall"}},
{"type":"Feature","geometry":{"type":"LineString","coordinates":[[18.412786,54.4458046],[18.4113949,54.4450199],[18.4114662,54.4449804],[18.4115823,54.4448912],[18.4127274,54.443921],[18.4127549,54.4438985],[18.413785,54.443905],[18.414031,54.443908],[18.4145925,54.4439059],[18.4148919,54.444087],[18.415181,54.444254],[18.4152843,54.4443142],[18.4145134,54.4447924],[18.4140487,54.4450681],[18.412786,54.4458046]]},"properties":{"addr:city":"Chwaszczyno","addr:housenumber":"5","addr:postcode":"80-209","addr:street":"Węglowa","amenity":"marketplace","name":"Giełda Samochodowa w Chwaszczynie","operator":"Gminna Spółdzielnia \"Samopomoc Chłopska\" w Żukowie","phone":"58-552-80-14","website":"http://gs-zukowo.pl/gielda/"}},
{"type":"Feature","geometry":{"type":"LineString","coordinates":[[18.6439485,54.3488139],[18.6440508,54.3491085],[18.6443138,54.3490652],[18.6443844,54.349055],[18.6442892,54.3487718],[18.6442328,54.3487745],[18.6439485,54.3488139]]},"properties":{"building:levels":"3","building:levels:underground":"1","building:part":"yes","height":"30","shop":"mall"}},
{"type":"Feature","geometry":{"type":"LineString","coordinates":[[18.6440508,54.3491085],[18.6440798,54.3491916],[18.6443486,54.3491404],[18.64433,54.3491001],[18.6443138,54.3490652],[18.6440508,54.3491085]]},"properties":{"building:levels":"3","building:levels:underground":"1","building:part":"yes","shop":"mall"}},
{"type":"Feature","geometry":{"type":"LineString","coordinates":[[18.6441667,54.350676],[18.6441591,54.3506522],[18.6441727,54.3506508],[18.644109,54.3504663],[18.6440836,54.3503926],[18.6435843,54.3504524],[18.6436662,54.3506947],[18.6439712,54.3506591],[18.6439842,54.3506957],[18.6441667,54.350676]]},"properties":{"building":"yes","building:levels":"4","height":"22.5","shop":"mall"}},
{"type":"Feature","geometry":{"type":"LineString","coordinates":[[18.6447771,54.3496947],[18.6445802,54.3494199],[18.6443962,54.3494431],[18.6443287,54.3494574],[18.6442145,54.3494801],[18.6442197,54.349486],[18.6442575,54.3494845],[18.6443558,54.3495004],[18.6444407,54.3495511],[18.6444621,54.3495809],[18.6444725,54.3496105],[18.6444659,54.3496487],[18.6444505,54.3496732],[18.6443871,54.3497227],[18.6443963,54.3497572],[18.6446542,54.3497149],[18.6447771,54.3496947]]},"properties":{"building:levels":"1","building:levels:underground":"1","building:part":"yes","shop":"mall"}},
{"type":"Feature","geometry":{"type":"LineString","coordinates":[[18.6431132,54.3500258],[18.6432182,54.3503254],[18.6432335,54.3503735],[18.6430797,54.3503937],[18.6428502,54.3504196],[18.6427548,54.350408],[18.6427616,54.3502352],[18.6427886,54.350064],[18.6431132,54.3500258]]},"properties":{"building":"yes","building:levels":"2","shop":"mall"}},
{"type":"Feature","geometry":{"type":"LineString","coordinates":[[18.5003746,54.3531661],[18.5002432,54.3529937],[18.5011612,54.352755],[18.5012601,54.3527785],[18.501426,54.3529962],[18.5003535,54.3532751],[18.5002876,54.3531887],[18.5003746,54.3531661]]},"properties":{"addr:city":"Gdańsk","addr:housenumber":"455","addr:postcode":"80-298","addr:street":"Kartuska","brand":"Lidl","brand:wikidata":"Q151954","brand:wikipedia":"en:Lidl","building":"yes","name":"Lidl","opening_hours":"Mo-Sa 06:00-22:00; Su 09:00-19:00","payment:cards":"yes","payment:cash":"yes","shop":"supermarket"}},
{"type":"Feature","geometry":{"type":"LineString","coordinates":[[18.5919828,54.3821403],[18.5918357,54.3821072],[18.5917019,54.3820771],[18.591535,54.3823289],[18.5918159,54.3823921],[18.5919828,54.3821403]]},"properties":{"addr:city":"Gdańsk","addr:housenumber":"19A","addr:postcode":"80-257","addr:street":"Juliusza Słowackiego","amenity":"marketplace","building":"tent","name":"Gdański Bazar Natury","opening_hours":"Th 11:00-18:00; Sa 09:00-15:00"}},
{"type":"Feature","geometry":{"type":"LineString","coordinates":[[18.4740707,54.4157336],[18.4745389,54.4157199],[18.4745043,54.4153177],[18.4740361,54.4153314],[18.4740707,54.4157336]]},"properties":{"building":"warehouse","building:levels":"1","description":"Gobarto","ref":"P3","shop":"mall","source:building":"BDOT","source:geometry":"EGiB"}},
{"type":"Feature","geometry":{"type":"LineString","coordinates":[[18.47139,54.414448],[18.471854,54.414433],[18.471881,54.414702],[18.471912,54.415024],[18.471448,54.41504],[18.471424,54.414791],[18.47139,54.414448]]},"properties":{"building":"warehouse","building:levels":"1","description":"Powierzchnie magazynowe","ref":"P4","shop":"mall","source:building":"BDOT","source:geometry":"EGiB"}},
{"type":"Feature","geometry":{"type":"LineString","coordinates":[[18.6005474,54.3456435],[18.6009672,54.3450607],[18.6006728,54.3449887],[18.600711,54.3449356],[18.6005605,54.3448988],[18.6001026,54.3455347],[18.6005474,54.3456435]]},"properties":{"addr:city":"Gdańsk","addr:housenumber":"224","addr:postcode":"80-122","addr:street":"Kartuska","brand":"Lidl","brand:wikidata":"Q151954","brand:wikipedia":"en:Lidl","building":"yes","check_date":"2024-10-01","name":"Lidl","opening_hours":"Mo-Sa 06:00-22:00; Su 09:00-19:00","payment:cash":"yes","payment:credit_cards":"yes","payment:debit_cards":"yes","shop":"supermarket","wheelchair":"yes"}},
{"type":"Feature","geometry":{"type":"LineString","coordinates":[[18.6165743,54.3399636],[18.6165903,54.3399683],[18.6173888,54.3399444],[18.6173736,54.3397166],[18.6165332,54.339733],[18.6165372,54.3397801],[18.6162749,54.3397831],[18.6162777,54.3398812],[18.6165743,54.3399636]]},"properties":{"addr:city":"Gdańsk","addr:housenumber":"27","addr:postcode":"80-807","addr:street":"Marcina Dragana","brand":"Lidl","brand:wikidata":"Q151954","brand:wikipedia":"en:Lidl","building":"retail","building:levels":"1","name":"Lidl","shop":"supermarket","source:building":"BDOT","source:geometry":"EGiB"}},
{"type":"Feature","geometry":{"type":"LineString","coordinates":[[18.5852506,54.4017349],[18.5849195,54.4023891],[18.5849638,54.4023967],[18.5849524,54.4024194],[18.5854262,54.4025007],[18.5855188,54.4023177],[18.5854678,54.4023089],[18.5856915,54.4018669],[18.5853761,54.4018129],[18.5854024,54.4017609],[18.5852506,54.4017349]]},"properties":{"addr:city":"Gdańsk","addr:city:simc":"0933016","addr:housenumber":"28C","addr:postcode":"80-394","addr:street":"Kołobrzeska","brand":"Lidl","brand:wikidata":"Q151954","brand:wikipedia":"en:Lidl","building":"commercial","name":"Lidl","opening_hours":"Mo-Sa 06:00-22:00; Su 09:00-20:00","shop":"supermarket","source:addr":"gugik.gov.pl"}},
{"type":"Feature","geometry":{"type":"LineString","coordinates":[[18.5056182,54.2880222],[18.5056338,54.2877516],[18.5062944,54.2877647],[18.5062813,54.2879914],[18.5059028,54.2879839],[18.5059002,54.2880278],[18.5056182,54.2880222]]},"properties":{"addr:city":"Lublewo Gdańskie","addr:housenumber":"2","addr:postcode":"83-050","addr:street":"Dojazdowa","brand":"Biedronka","brand:wikidata":"Q857182","brand:wikipedia":"pl:Biedronka (sieć handlowa)","building":"yes","building:levels":"1","name":"Biedronka","opening_hours":"Mo-Sa 06:00-23:00; PH 08:00-22:00","roof:shape":"flat","shop":"supermarket","website":"https://www.biedronka.pl/pl/shop,id,3005","wheelchair":"yes"}},
{"type":"Feature","geometry":{"type":"LineString","coordinates":[[18.7450013,54.3272472],[18.7449805,54.3272441],[18.745031,54.3271303],[18.745096,54.3271401],[18.7455249,54.3272049],[18.7455051,54.3272495],[18.7455065,54.3272497],[18.7459041,54.3273097],[18.7459064,54.32731],[18.7458455,54.3274473],[18.7459354,54.3274609],[18.7458953,54.3275513],[18.7458944,54.3275511],[18.7457616,54.3275311],[18.7449309,54.3274057],[18.7450013,54.3272472]]},"properties":{"addr:city":"Przejazdowo","addr:housenumber":"25","addr:postcode":"83-021","addr:street":"Główna","brand":"Lidl","brand:wikidata":"Q151954","brand:wikipedia":"en:Lidl","building":"yes","name":"Lidl","shop":"supermarket","source":"Krajowa Integracja Ewidencji Gruntów: Budynki","source:addr":"pruszczgdanski.e-mapa.net"}},
{"type":"Feature","geometry":{"type":"LineString","coordinates":[[18.7462793,54.3260474],[18.7463015,54.3258235],[18.7466924,54.3258367],[18.7466945,54.3258368],[18.746699,54.325791099999999],[18.7469827,54.3258007],[18.7469845,54.3258008],[18.7469617,54.3260303],[18.7469577,54.3260703],[18.7462793,54.3260474]]},"properties":{"addr:city":"Przejazdowo","addr:housenumber":"27A","addr:postcode":"83-021","addr:street":"Główna","brand":"Biedronka","brand:wikidata":"Q857182","brand:wikipedia":"pl:Biedronka (sieć handlowa)","building":"yes","email":"bok@biedronka.eu","name":"Biedronka","name:ru":"Бедронка","operator":"Jeronimo Martins Polska S.A.","shop":"supermarket","source":"Krajowa Integracja Ewidencji Gruntów: Budynki","source:addr":"pruszczgdanski.e-mapa.net","website":"https://www.biedronka.pl/pl/shop,id,855"}},
{"type":"Feature","geometry":{"type":"LineString","coordinates":[[18.7173588,54.3637084],[18.7173707,54.3637021],[18.7181706,54.363283],[18.7180866,54.3632276],[18.7180172,54.3632641],[18.7178354,54.3631443],[18.717543,54.3632981],[18.7174903,54.3632637],[18.7175115,54.3632523],[18.7175067,54.363249],[18.7170918,54.3634662],[18.7170858,54.3635287],[18.7173588,54.3637084]]},"properties":{"addr:city":"Gdańsk","addr:housenumber":"20","addr:postcode":"80-622","addr:street":"Nowotna","brand":"Lidl","brand:wikidata":"Q151954","brand:wikipedia":"en:Lidl","building":"yes","name":"Lidl","opening_hours":"Mo-Sa 07:00-21:00; Su 09:00-19:00","panoramax":"64ed9409-8407-4577-b0b6-ebdeb5e91537","payment:cards":"yes","payment:cash":"yes","payment:qr_code":"no","shop":"supermarket"}},
{"type":"Feature","geometry":{"type":"LineString","coordinates":[[18.606964,54.299839],[18.606962,54.299839],[18.606959,54.299834],[18.606967,54.299832],[18.606968,54.299833],[18.607037,54.299815],[18.607036,54.299814],[18.607043,54.299812],[18.607044,54.299814],[18.607111,54.299796],[18.60711,54.299795],[18.607117,54.299793],[18.607118,54.299794],[18.607175,54.299779],[18.607141,54.299734],[18.607139,54.299734],[18.607135,54.29973],[18.607143,54.299727],[18.607144,54.299728],[18.60721,54.299711],[18.607209,54.29971],[18.607215,54.299708],[18.607216,54.299709],[18.607287,54.299691],[18.607286,54.29969],[18.607294,54.299688],[18.607298,54.299693],[18.607296,54.299693],[18.607331,54.299739],[18.607332,54.299738],[18.607335,54.299742],[18.607334,54.299743],[18.607362,54.29978],[18.607364,54.29978],[18.607367,54.299784],[18.607365,54.299784],[18.607398,54.299827],[18.6074,54.299827],[18.607403,54.299831],[18.607401,54.299831],[18.607435,54.299875],[18.607437,54.299875],[18.60744,54.299879],[18.607438,54.299879],[18.607472,54.299924],[18.607473,54.299923],[18.607477,54.299927],[18.607475,54.299928],[18.607508,54.299971],[18.60751,54.299971],[18.607513,54.299975],[18.607511,54.299975],[18.607544999999999,54.300019],[18.607547,54.300019],[18.60755,54.300023],[18.607548,54.300023],[18.607582,54.300068],[18.607583,54.300067],[18.607587,54.300071],[18.607585,54.300072],[18.607618,54.300116],[18.60762,54.300115],[18.607623,54.300119],[18.607621,54.30012],[18.607655,54.300164],[18.607657,54.300163],[18.60766,54.300167],[18.607658,54.300168],[18.607691,54.300211],[18.607693,54.300211],[18.607696,54.300215],[18.607695,54.300215],[18.607728,54.30026],[18.60773,54.300259],[18.607733,54.300263],[18.607731,54.300264],[18.607763,54.300305],[18.607765,54.300304],[18.607771,54.300313],[18.607763,54.300315],[18.607762,54.300314],[18.607726,54.300323],[18.607741,54.300342],[18.607735,54.300344],[18.60772,54.300324],[18.607374,54.300414],[18.607262,54.300267],[18.607213,54.30028],[18.607179,54.300235],[18.607177,54.300235],[18.607174,54.300231],[18.607176,54.300231],[18.607142,54.300187],[18.60714,54.300187],[18.607137,54.300183],[18.607139,54.300183],[18.607105,54.300139],[18.607104,54.300139],[18.607101,54.300135],[18.607102,54.300135],[18.607069,54.300091],[18.607067,54.300091],[18.607064,54.300087],[18.607066,54.300087],[18.607032,54.300043],[18.60703,54.300043],[18.607027,54.300039],[18.607029,54.300039],[18.606994,54.299992],[18.606992,54.299993],[18.606988,54.299988],[18.606997,54.299986],[18.606997,54.299987],[18.607064,54.29997],[18.607032,54.299928],[18.60703,54.299928],[18.607027,54.299924],[18.607029,54.299923],[18.606996,54.29988],[18.606994,54.299881],[18.606991,54.299877],[18.606993,54.299876],[18.606964,54.299839]]},"properties":{"addr:city":"Gdańsk","addr:housenumber":"71","addr:postcode":"80-180","addr:street":"Czerska","brand":"Lidl","brand:wikidata":"Q151954","brand:wikipedia":"en:Lidl","building":"retail","building:levels":"1","name":"Lidl","shop":"supermarket","source:building":"BDOT","source:geometry":"EGiB"}},
{"type":"Feature","geometry":{"type":"LineString","coordinates":[[18.4720745,54.4228263],[18.4728366,54.4227545],[18.4728082,54.4226505],[18.4727692,54.4225076],[18.4725519,54.422528],[18.4725931,54.4226687],[18.4725946,54.422674],[18.4720488,54.4227247],[18.4720745,54.4228263]]},"properties":{"addr:city":"Gdańsk","addr:housenumber":"33","addr:postcode":"80-299","addr:street":"Koziorożca","building":"retail","name":"Bingo","shop":"mall","source:building":"EGiB"}},
{"type":"Feature","geometry":{"type":"LineString","coordinates":[[18.40592,54.3045819],[18.4060658,54.3045593],[18.4060459,54.304516],[18.4059003,54.3045386],[18.40592,54.3045819]]},"properties":{"addr:city":"Przyjaźń","addr:housenumber":"26","addr:postcode":"80-331","addr:street":"Łapińska","brand":"Żabka","brand:wikidata":"Q2589061","building":"retail","building:levels":"1","name":"Żabka","name:pl":"Żabka","name:uk":"Жабка","opening_hours":"24/7","shop":"convenience","source":"www.geoportal.gov.pl","source:addr":"UG Żukowo","website":"https://www.zabka.pl/znajdz-sklep/ID0D349-przyjazn-ul-lapinska-26/"}},
{"type":"Feature","geometry":{"type":"LineString","coordinates":[[18.476697,54.416778],[18.476667,54.41678],[18.476615,54.416533],[18.477308,54.416484],[18.477318,54.416542],[18.4775,54.416528],[18.4775101,54.4165788],[18.47752,54.416629],[18.477587,54.416624],[18.477604,54.416713],[18.476768,54.416773],[18.476777,54.416821],[18.476707,54.416825],[18.476697,54.416778]]},"properties":{"addr:city":"Gdańsk","addr:housenumber":"2","addr:postcode":"80-299","addr:street":"Władysława Raatza","brand":"Aldi","brand:wikidata":"Q41171373","brand:wikipedia":"en:Aldi","building":"retail","name":"Aldi","shop":"supermarket","source:building":"EGiB"}},
{"type":"Feature","geometry":{"type":"LineString","coordinates":[[18.5496759,54.3420815],[18.549605,54.3421],[18.5494844,54.3419428],[18.5499134,54.341831],[18.5501938,54.3421963],[18.5501254,54.3422141],[18.5498357,54.3422897],[18.5496759,54.3420815]]},"properties":{"addr:city":"Gdańsk","addr:housenumber":"406","addr:postcode":"80-125","addr:street":"Kartuska","air_conditioning":"yes","brand":"Biedronka","brand:wikidata":"Q857182","brand:wikipedia":"pl:Biedronka (sieć handlowa)","building":"yes","building:levels":"1","check_date":"2022-10-14","height":"8","name":"Biedronka","opening_hours":"Mo-Sa 06:00-22:00; PH closed","payment:mastercard":"yes","payment:visa":"yes","shop":"supermarket","website":"https://www.biedronka.pl/pl/shop,id,3776","wheelchair":"yes"}},
{"type":"Feature","geometry":{"type":"LineString","coordinates":[[18.5985728,54.403356],[18.5988458,54.4034002],[18.5988696,54.4033502],[18.5989473,54.4031875],[18.5986743,54.4031434],[18.5986713,54.4031496],[18.5985904,54.4033191],[18.5985746,54.4033522],[18.5985728,54.403356]]},"properties":{"brand":"Netto","brand:wikidata":"Q552652","building":"yes","building:levels":"2","name":"Netto","shop":"supermarket","wheelchair":"limited"}},
{"type":"Feature","geometry":{"type":"LineString","coordinates":[[18.745249,54.3290326],[18.7450579,54.3290367],[18.7450526,54.3289624],[18.7449376,54.3289614],[18.7449323,54.3288582],[18.7452401,54.328853],[18.745249,54.3290326]]},"properties":{"addr:city":"Przejazdowo","addr:housenumber":"21","addr:postcode":"83-021","addr:street":"Główna","amenity":"fuel","brand":"Orlen","brand:wikidata":"Q971649","building":"yes","fuel:adblue":"yes","fuel:diesel":"yes","fuel:lpg":"yes","fuel:octane_95":"yes","fuel:octane_98":"yes","name":"Orlen","opening_hours":"24/7","shop":"convenience"}},
{"type":"Feature","geometry":{"type":"LineString","coordinates":[[18.4782843,54.423166],[18.4785549,54.4231408],[18.4785534,54.4230268],[18.4782534,54.4230554],[18.4782843,54.423166]]},"properties":{"addr:city":"Gdańsk","addr:housenumber":"2","addr:postcode":"80-299","addr:street":"Artemidy","building":"yes","shop":"mall"}},
{"type":"Feature","geometry":{"type":"LineString","coordinates":[[18.47431,54.413976],[18.474025,54.413986],[18.47402,54.413927],[18.474305,54.413918],[18.4743,54.413868],[18.474386,54.413865],[18.474385,54.413861],[18.474392,54.413861],[18.474392,54.413865],[18.474478,54.413862],[18.474478,54.413858],[18.474484,54.413858],[18.474484,54.413862],[18.47457,54.413859],[18.47457,54.413855],[18.474576,54.413855],[18.474571,54.413805],[18.474657,54.413803],[18.474657,54.413798],[18.474663,54.413798],[18.474664,54.413802],[18.47475,54.413799],[18.474749,54.413795],[18.474755,54.413795],[18.474756,54.413799],[18.47484,54.413796],[18.47484,54.413792],[18.474846,54.413792],[18.474843,54.413743],[18.474929,54.41374],[18.474929,54.413735],[18.474935,54.413735],[18.474935,54.41374],[18.475022,54.413737],[18.475021,54.413732],[18.475027,54.413732],[18.475028,54.413737],[18.475114,54.413734],[18.475113,54.413729],[18.475119,54.413729],[18.475115,54.41368],[18.475201,54.413677],[18.4752,54.413673],[18.475207,54.413672],[18.475207,54.413677],[18.475293,54.413674],[18.475293,54.413669],[18.475299,54.413669],[18.475299,54.413674],[18.475385,54.413671],[18.475385,54.413666],[18.475391,54.413666],[18.475386,54.413617],[18.475472,54.413614],[18.475472,54.41361],[18.475478,54.413609],[18.475479,54.413614],[18.475565,54.413611],[18.475564,54.413607],[18.47557,54.413606],[18.475571,54.413611],[18.475657,54.413608],[18.475656,54.413604],[18.475663,54.413603],[18.475658,54.413554],[18.475744,54.413551],[18.475744,54.413547],[18.47575,54.413547],[18.47575,54.413551],[18.475836,54.413548],[18.475836,54.413544],[18.475842,54.413544],[18.475842,54.413548],[18.475929,54.413545],[18.475934,54.413595],[18.47594,54.413595],[18.47594,54.413599],[18.475934,54.413599],[18.475939,54.413649],[18.475946,54.413649],[18.475946,54.413653],[18.47594,54.413653],[18.475945,54.413703],[18.475951,54.413703],[18.475952,54.413706],[18.475945,54.413707],[18.475951,54.413757],[18.475957,54.413757],[18.475963,54.413814],[18.475768,54.413822],[18.475768,54.413817],[18.475683,54.413819],[18.475684,54.413823],[18.475678,54.413823],[18.475682,54.413873],[18.475689,54.413873],[18.475689,54.413877],[18.475683,54.413877],[18.475687,54.413927],[18.475601,54.413929],[18.475602,54.413934],[18.475596,54.413934],[18.475595,54.41393],[18.475509,54.413932],[18.47551,54.413937],[18.475503,54.413937],[18.475503,54.413933],[18.475417,54.413935],[18.475417,54.41394],[18.475411,54.41394],[18.475411,54.413936],[18.475325,54.413939],[18.475325,54.413943],[18.475319,54.413943],[18.475319,54.413939],[18.475232,54.413941],[18.475233,54.413946],[18.475227,54.413946],[18.475226,54.413942],[18.47514,54.413945],[18.475141,54.413949],[18.475134,54.413949],[18.475134,54.413945],[18.475048,54.413948],[18.475048,54.413952],[18.475042,54.413952],[18.475042,54.413948],[18.474956,54.413951],[18.474956,54.413955],[18.47495,54.413955],[18.47495,54.413951],[18.474864,54.413954],[18.474864,54.413958],[18.474858,54.413958],[18.474857,54.413954],[18.474771,54.413957],[18.474772,54.413961],[18.474765,54.413961],[18.474765,54.413957],[18.474679,54.41396],[18.474679,54.413964],[18.474673,54.413964],[18.474673,54.41396],[18.474587,54.413963],[18.474587,54.413967],[18.474581,54.413967],[18.474581,54.413963],[18.474495,54.413966],[18.474495,54.41397],[18.474489,54.41397],[18.474488,54.413966],[18.474402,54.413969],[18.474403,54.413973],[18.474397,54.413973],[18.474396,54.413969],[18.47431,54.413972],[18.47431,54.413976]]},"properties":{"building":"yes","building:levels":"1","shop":"mall","source:building":"BDOT","source:geometry":"EGiB"}},
{"type":"Feature","geometry":{"type":"LineString","coordinates":[[18.5720838,54.4107166],[18.5721016,54.410754],[18.5721415,54.4107792],[18.5721785,54.4107946],[18.5721902,54.4107995],[18.5722821,54.4108375],[18.5723252,54.4108224],[18.5723289,54.4108175],[18.5723995,54.410705],[18.5722085,54.4106675],[18.572131,54.4106523],[18.5721202,54.4106502],[18.57211,54.4106719],[18.5721253,54.4106752],[18.5721473,54.4107022],[18.5721428,54.4107122],[18.5720838,54.4107166]]},"properties":{"amenity":"marketplace"}},
{"type":"Feature","geometry":{"type":"LineString","coordinates":[[18.554707,54.322302],[18.554723,54.322293],[18.554657,54.322255],[18.554933,54.322093],[18.555002,54.322134],[18.555004,54.322133],[18.55501,54.322137],[18.555009,54.322137],[18.555071,54.322173],[18.555072,54.322173],[18.555078,54.322177],[18.555077,54.322177],[18.555139,54.322214],[18.55514,54.322213],[18.555147,54.322217],[18.555146,54.322217],[18.555208,54.322253],[18.555215,54.322257],[18.555214,54.322258],[18.555276,54.322293],[18.555277,54.322293],[18.555284,54.322297],[18.555283,54.322298],[18.555344,54.322334],[18.555345,54.322333],[18.555352,54.322337],[18.555351,54.322338],[18.555412,54.322374],[18.555413,54.322373],[18.55542,54.322377],[18.555419,54.322378],[18.55548,54.322413],[18.555481,54.322413],[18.555488,54.322417],[18.555487,54.322417],[18.555544,54.322451],[18.555545,54.322451],[18.555552,54.322455],[18.555545,54.322459],[18.555544,54.322458],[18.555517,54.322474],[18.555576,54.322509],[18.555523,54.32254],[18.555464,54.322505],[18.555404,54.32254],[18.555405,54.32254],[18.555398,54.322544],[18.555397,54.322544],[18.555331,54.322583],[18.555332,54.322583],[18.555325,54.322587],[18.555324,54.322587],[18.555258,54.322625],[18.555259,54.322626],[18.555251,54.32263],[18.555244,54.322625],[18.555245,54.322625],[18.555184,54.322589],[18.555183,54.322589],[18.555176,54.322585],[18.555177,54.322585],[18.555125,54.322555],[18.555124,54.322555],[18.555117,54.322551],[18.555118,54.322551],[18.555067,54.322521],[18.555066,54.322521],[18.555059,54.322517],[18.55506,54.322516],[18.555009,54.322486],[18.555008,54.322487],[18.555001,54.322483],[18.555002,54.322482],[18.554951,54.322452],[18.55495,54.322453],[18.554943,54.322449],[18.554944,54.322448],[18.554892,54.322418],[18.554891,54.322419],[18.554884,54.322415],[18.554885,54.322414],[18.554834,54.322384],[18.554833,54.322384],[18.554826,54.32238],[18.554827,54.32238],[18.554775,54.322349],[18.554774,54.32235],[18.554768,54.322346],[18.554768,54.322345],[18.554707,54.322309],[18.554706,54.32231],[18.554699,54.322306],[18.554706,54.322302],[18.554707,54.322302]]},"properties":{"addr:city":"Gdańsk","addr:city:simc":"0933016","addr:housenumber":"4","addr:postcode":"80-174","addr:street":"Władysława Czermińskiego","brand":"Aldi","brand:wikidata":"Q41171373","building":"retail","name":"Aldi","opening_hours":"Mo-sa 6:00-22:00;","shop":"supermarket","source:addr":"gugik.gov.pl","source:building":"EGiB","start_date":"2022","wheelchair":"yes"}},
{"type":"Feature","geometry":{"type":"LineString","coordinates":[[18.5343661,54.3478039],[18.533766,54.3479666],[18.5336029,54.3477622],[18.5339427,54.34767],[18.5339104,54.3476296],[18.5341706,54.347559],[18.5343661,54.3478039]]},"properties":{"addr:city":"Gdańsk","addr:housenumber":"48","addr:postcode":"80-176","addr:street":"Przytulna","air_conditioning":"yes","brand":"Biedronka","brand:wikidata":"Q857182","building":"yes","construction":"supermarket","name":"Biedronka","opening_hours":"Mo-Sa 06:00-22:00; PH closed","payment:mastercard":"yes","payment:visa":"yes","shop":"supermarket","wheelchair":"yes"}},
{"type":"Feature","geometry":{"type":"LineString","coordinates":[[18.5633343,54.3072405],[18.5636997,54.3069163],[18.5633775,54.3067927],[18.5631709,54.306976],[18.5631062,54.3069511],[18.5629474,54.3070921],[18.5633343,54.3072405]]},"properties":{"addr:city":"Kowale","addr:city:simc":"0163989","addr:housenumber":"14","addr:postcode":"80-180","addr:street":"Glazurowa","addr:street:sym_ul":"05552","brand":"Biedronka","brand:wikidata":"Q857182","brand:wikipedia":"pl:Biedronka (sieć handlowa)","building":"retail","check_date":"2025-08-09","name":"Biedronka","opening_hours":"Mo-Sa 06:00-22:00","operator":"Jeronimo Martins Polska S.A.","payment:cash":"yes","payment:maestro":"yes","payment:mastercard":"yes","payment:visa":"yes","shop":"supermarket","wheelchair":"yes"}},
{"type":"Feature","geometry":{"type":"LineString","coordinates":[[18.499408,54.351398],[18.499395,54.351402],[18.49935,54.351341],[18.49985,54.351214],[18.500176,54.351657],[18.5001475,54.3516811],[18.500117,54.351707],[18.499873,54.351769],[18.499892,54.351808],[18.499822,54.351825],[18.499478,54.351361],[18.499396,54.351382],[18.499408,54.351398]]},"properties":{"addr:city":"Gdańsk","addr:city:simc":"0933016","addr:housenumber":"478","addr:postcode":"80-298","addr:street":"Kartuska","brand":"Aldi","brand:wikidata":"Q41171373","building":"retail","email":"obsluga.klienta@aldi.pl","name":"Aldi","opening_hours":"Mo-Sa 06:00-22:00","phone":"+48 800 118 118","shop":"supermarket","source:addr":"gugik.gov.pl","source:building":"EGiB","website":"https://www.aldi.pl"}},
{"type":"Feature","geometry":{"type":"LineString","coordinates":[[18.566085,54.308355],[18.566595,54.307889],[18.566656,54.307911],[18.56665,54.308009],[18.566222,54.308366],[18.566085,54.308355]]},"properties":{"addr:city":"Kowale","addr:city:simc":"0163989","addr:housenumber":"14","addr:postcode":"80-180","addr:street":"Zeusa","building":"retail","check_date":"2025-08-08","name":"Enzym Kowale","operator":"Higasa Park","shop":"mall","source:addr":"gugik.gov.pl","source:building":"EGiB"}},
{"type":"Feature","geometry":{"type":"LineString","coordinates":[[18.4051784,54.3040106],[18.4054132,54.3044438],[18.4054095,54.3044445],[18.405417,54.3044584],[18.4054245,54.304457],[18.4054196,54.304448],[18.4057168,54.3043929],[18.4057217,54.3044018],[18.4057289,54.3044005],[18.4057215,54.3043867],[18.4057181,54.3043874],[18.4054832,54.3039541],[18.4051784,54.3040106]]},"properties":{"addr:city":"Przyjaźń","addr:housenumber":"20","addr:postcode":"80-331","addr:street":"Łapińska","brand":"Biedronka","brand:wikidata":"Q857182","building":"supermarket","building:levels":"1","name":"Biedronka","shop":"supermarket"}},
{"type":"Feature","geometry":{"type":"LineString","coordinates":[[18.6468348,54.3507275],[18.6468085,54.350629],[18.6467429,54.3505952],[18.6467252,54.3505749],[18.6467116,54.350534],[18.6466856,54.350456],[18.6466528,54.3504599],[18.6466447,54.3504365],[18.646582,54.3504433],[18.6466879,54.3507421],[18.646622,54.3507868],[18.6466313,54.3508104],[18.6466409,54.3508196],[18.646774,54.3508032],[18.6467656,54.350775],[18.6467641,54.3507702],[18.64675,54.350738],[18.6468348,54.3507275]]},"properties":{"amenity":"marketplace"}},
{"type":"Feature","geometry":{"type":"LineString","coordinates":[[18.405903,54.376507],[18.405991,54.376435],[18.406204,54.376523],[18.406295,54.376449],[18.406389,54.376488],[18.40621,54.376635],[18.405903,54.376507]]},"properties":{"addr:city":"Banino","addr:city:simc":"0177112","addr:housenumber":"2","addr:postcode":"80-297","addr:street":"Kolejowa","building":"retail","shop":"mall","source:addr":"gugik.gov.pl","source:building":"EGiB"}},
{"type":"Feature","geometry":{"type":"LineString","coordinates":[[18.566075,54.304764],[18.566075,54.304703],[18.566175,54.304667],[18.56644,54.304665],[18.56644,54.304628],[18.566511,54.304627],[18.566528,54.305238],[18.56642,54.305239],[18.56642,54.305233],[18.566451,54.305232],[18.566449,54.305178],[18.566087,54.305181],[18.566075,54.304764]]},"properties":{"addr:city":"Kowale","addr:housenumber":"29","addr:postcode":"80-180","addr:street":"Glazurowa","brand":"Aldi","brand:wikidata":"Q41171373","building":"retail","name":"Aldi","shop":"supermarket","source:building":"EGiB"}},
{"type":"Feature","geometry":{"type":"LineString","coordinates":[[18.5948011,54.3311919],[18.5941152,54.3309344],[18.5936204,54.331385],[18.5936176,54.331384],[18.5933596,54.3316189],[18.5935267,54.3316816],[18.5936424,54.3315763],[18.593678,54.3315897],[18.594052,54.331729],[18.5942483,54.3318036],[18.5945521,54.3315269],[18.5944715,54.3314967],[18.5948011,54.3311919]]},"properties":{"brand":"Kaufland","name":"Kaufland","shop":"supermarket"}},
{"type":"Feature","geometry":{"type":"LineString","coordinates":[[18.586298,54.419071],[18.586297,54.419072],[18.586283,54.419068],[18.586287,54.419063],[18.586288,54.419064],[18.58639,54.418944],[18.586477,54.418843],[18.586725,54.418913],[18.586745,54.41889],[18.586743,54.418889],[18.586748,54.418884],[18.586757,54.418887],[18.586756,54.418888],[18.586824,54.418907],[18.586825,54.418906],[18.586833,54.418909],[18.586832,54.418909],[18.586905,54.41893],[18.586906,54.41893],[18.586914,54.418932],[18.586913,54.418933],[18.586986,54.418954],[18.586987,54.418953],[18.586995,54.418955],[18.586994,54.418956],[18.587067,54.418977],[18.587067,54.418976],[18.587076,54.418978],[18.587075,54.418979],[18.587148,54.419],[18.587149,54.418999],[18.587157,54.419002],[18.587156,54.419003],[18.587201,54.419015],[18.58721,54.419017],[18.587206,54.419022],[18.587204,54.419022],[18.587173,54.419059],[18.587201,54.419068],[18.587202,54.419067],[18.58721,54.419069],[18.58721,54.41907],[18.58727,54.419088],[18.587271,54.419087],[18.58728,54.419089],[18.587276,54.419095],[18.587274,54.419094],[18.587242,54.419133],[18.587243,54.419133],[18.587239,54.419138],[18.587238,54.419138],[18.587205,54.419176],[18.587207,54.419176],[18.587203,54.419181],[18.587202,54.41918],[18.587174,54.419213],[18.587227,54.419228],[18.587231,54.419225],[18.587239,54.419228],[18.58714,54.419317],[18.587131,54.419314],[18.587133,54.419312],[18.5871,54.419302],[18.5871,54.419303],[18.587091,54.419301],[18.587092,54.4193],[18.58703,54.419282],[18.58703,54.419283],[18.587021,54.419281],[18.587022,54.41928],[18.586941,54.419257],[18.586932,54.419255],[18.586933,54.419254],[18.58686,54.419233],[18.58686,54.419234],[18.586851,54.419232],[18.586852,54.419231],[18.586779,54.41921],[18.586779,54.419211],[18.58677,54.419208],[18.586771,54.419208],[18.586698,54.419187],[18.586698,54.419188],[18.586689,54.419185],[18.58669,54.419184],[18.586617,54.419163],[18.586617,54.419164],[18.586608,54.419162],[18.586609,54.419161],[18.586536,54.41914],[18.586536,54.419141],[18.586527,54.419138],[18.586528,54.419138],[18.586455,54.419117],[18.586455,54.419118],[18.586446,54.419115],[18.586447,54.419114],[18.586374,54.419093],[18.586374,54.419094],[18.586365,54.419092],[18.586366,54.419091],[18.586298,54.419071]]},"properties":{"addr:city":"Gdańsk","addr:city:simc":"0933016","addr:housenumber":"64E","addr:postcode":"80-399","addr:street":"Chłopska","building":"retail","building:levels":"1","name":"Lidl","roof:levels":"0","roof:shape":"flat","shop":"supermarket","source:addr":"gugik.gov.pl","source:building":"EGiB"}},
{"type":"Feature","geometry":{"type":"MultiPolygon","coordinates":[[[[18.6483117,54.3565721],[18.6483493,54.3565673],[18.6483464,54.356549],[18.6483314,54.3565082],[18.6485021,54.3563621],[18.6485229,54.3563433],[18.648908,54.3560106],[18.6489742,54.3560126],[18.6490364,54.3560826],[18.6492446,54.356045],[18.649254,54.3560641],[18.6492783,54.3560616],[18.6492891,54.3560514],[18.649732,54.3561697],[18.6497252,54.3561788],[18.649756,54.3561868],[18.649759800000003,54.3561829],[18.6497782,54.3561828],[18.6497894,54.3561857],[18.6497965,54.3561898],[18.6498018,54.3561942],[18.6498043,54.3562011],[18.649357,54.3566431],[18.6497196,54.3567642],[18.6496739,54.3568044],[18.6496923,54.3568125],[18.64966,54.356836],[18.6496399,54.3568271],[18.6496223,54.3568407],[18.6496057,54.3568528],[18.6496355,54.3568662],[18.6496121,54.3568836],[18.6495848,54.3568706],[18.6494298,54.3569797],[18.6492576,54.3569226],[18.6492541,54.3569265],[18.6491484,54.3568895],[18.6491636,54.3568738],[18.6491208,54.356859],[18.6490787,54.3568444],[18.6490614,54.3568613],[18.6490056,54.3568421],[18.6486226,54.3567091],[18.6486311,54.356701],[18.6485967,54.3566899],[18.6485918,54.3566929],[18.6483982,54.3566262],[18.6483711,54.3566164],[18.6483467,54.3566047],[18.6483288,54.3565892],[18.6483117,54.3565721]]]]},"properties":{"addr:city":"Gdańsk","addr:country":"PL","addr:housenumber":"2","addr:postcode":"80-847","addr:street":"Gnilna","alt_name":"Madison Shopping Gallery","building":"yes","name":"Galeria Handlowa Madison","phone":"+48 58 766 75 75","shop":"mall","source:addr":"Urząd Miasta Gdańsk","website":"https://madison.gda.pl/","wheelchair":"yes","wikidata":"Q9265530","wikipedia":"pl:Galeria Handlowa Madison"}},
{"type":"Feature","geometry":{"type":"MultiPolygon","coordinates":[[[[18.489149,54.4245888],[18.4898256,54.4244924],[18.490411,54.4244091],[18.4919664,54.4245921],[18.4927916,54.4265982],[18.4917626,54.42674],[18.4918021,54.4268445],[18.49093,54.4269695],[18.4907353,54.4268993],[18.4906093,54.4268537],[18.4905405,54.4268264],[18.4904681,54.4266487],[18.490233,54.4260688],[18.4901137,54.4260289],[18.4900237,54.4257922],[18.4898176,54.4252931],[18.489607,54.4252198],[18.4893698,54.4251312],[18.489149,54.4245888]]]]},"properties":{"addr:city":"Gdańsk","addr:country":"PL","addr:housenumber":"48","addr:postcode":"80-299","addr:street":"Spacerowa","building":"commercial","name":"Centrum Handlowe Osowa","opening_hours":"Mo-Sa 10:00-21:00; Su 10:00-20:00","operator":"Apsys","shop":"mall","source:addr":"Urząd Miasta Gdańsk","website":"https://chosowa.pl/"}},
{"type":"Feature","geometry":{"type":"MultiPolygon","coordinates":[[[[18.6062888,54.3772258],[18.6063952,54.377185],[18.6063788,54.3771723],[18.6065721,54.3770853],[18.6066121,54.3771142],[18.6067022,54.3770797],[18.6066815,54.3770614],[18.6070846,54.3769072],[18.6071123,54.3768966],[18.607133,54.3769151],[18.6072186,54.3768821],[18.6071976,54.3768633],[18.6074545,54.3767638],[18.6075001,54.3768043],[18.6074732,54.3768146],[18.607505,54.3768428],[18.6075338,54.3768685],[18.6076129,54.376838],[18.6080036,54.3771847],[18.6079046,54.3772228],[18.6079365,54.3772519],[18.6079658,54.3772786],[18.6080695,54.3772431],[18.6080919,54.3772655],[18.6081143,54.3772878],[18.608134,54.3772804],[18.6082419,54.3773771],[18.6079926,54.3774714],[18.60798,54.3774593],[18.6079087,54.3774846],[18.607921,54.3774967],[18.6077817,54.377545],[18.6077691,54.3775329],[18.6077042,54.3775545],[18.6077163,54.3775666],[18.6075727,54.3776161],[18.6075603,54.377604],[18.6074833,54.3776293],[18.607495,54.3776416],[18.6074572,54.3776541],[18.6073651,54.3776846],[18.6073338,54.3776538],[18.6072369,54.3776858],[18.6072133,54.377679],[18.6071796,54.3776433],[18.6071016,54.3776457],[18.6070871,54.3776461],[18.6069535,54.3776502],[18.6067785,54.3776555],[18.6067297,54.3776124],[18.606424,54.3773421],[18.6064206,54.3773427],[18.6063518,54.3772817],[18.6062888,54.3772258]]]]},"properties":{"addr:city":"Gdańsk","addr:country":"PL","addr:housenumber":"82","addr:postcode":"80-244","addr:street":"Aleja Grunwaldzka","building":"retail","building:levels":"5","internet_access":"wlan","name":"Manhattan","opening_hours":"Mo-Sa 07:00-21:00","shop":"mall","source:addr":"Urząd Miasta Gdańsk","website":"https://gchmanhattan.pl/"}},
{"type":"Feature","geometry":{"type":"MultiPolygon","coordinates":[[[[18.61396,54.375033],[18.6139643,54.3750318],[18.6141062,54.3749906],[18.614439,54.374894],[18.614572,54.375053],[18.614538,54.375063],[18.614552,54.37508],[18.614523,54.375088],[18.614537,54.375105],[18.614511,54.375113],[18.614526,54.37513],[18.614496,54.375139],[18.61451,54.375155],[18.614481,54.375164],[18.614496,54.375181],[18.6144844,54.3751842],[18.614467,54.375189],[18.614481,54.375206],[18.614457,54.375213],[18.614474,54.375232],[18.6143515,54.3752674],[18.614199,54.3753114],[18.614197,54.375312],[18.61396,54.375033]]]]},"properties":{"addr:city":"Gdańsk","addr:country":"PL","addr:housenumber":"7","addr:postcode":"80-288","addr:street":"Politechniczna","building":"retail","building:levels":"2","name":"Centrum Handlowe Jantar","shop":"mall","source:addr":"Urząd Miasta Gdańsk","source:building":"BDOT","source:geometry":"EGiB"}},
{"type":"Feature","geometry":{"type":"MultiPolygon","coordinates":[[[[18.5990524,54.382882],[18.5991415,54.3828466],[18.5990936,54.3827019],[18.5991131,54.3826522],[18.5991599,54.3825825],[18.5991801,54.382598],[18.599212,54.382584],[18.599135,54.3825243],[18.5991955,54.3824976],[18.5992088,54.3825079],[18.5992403,54.382494],[18.5991814,54.3824484],[18.599233,54.3823846],[18.5992729,54.3823505],[18.599356,54.3822957],[18.5993848,54.3822807],[18.5994538,54.3822494],[18.5994674,54.3822607],[18.5994968,54.3822469],[18.5994843,54.3822368],[18.5996039,54.3821841],[18.5996178,54.3821942],[18.5996477,54.3821811],[18.5996335,54.3821706],[18.6002371,54.3819046],[18.6002506,54.3819155],[18.6002825,54.3819014],[18.6002694,54.3818909],[18.600373,54.3818452],[18.6003935,54.381861],[18.600557,54.381987],[18.6007348,54.3820145],[18.6009934,54.3820561],[18.600998,54.3820464],[18.601121,54.3820658],[18.6011192,54.3820697],[18.6011177,54.3820695],[18.6011149,54.3820755],[18.6011587,54.3820823],[18.601169,54.3820617],[18.6011813,54.3820431],[18.6012586,54.3819993],[18.601374,54.3819935],[18.6016856,54.3820427],[18.6016835,54.3820472],[18.6016807,54.3820533],[18.6017113,54.3820581],[18.6017163,54.3820589],[18.60172,54.3820481],[18.6018702,54.3820718],[18.6018639,54.3820849],[18.6018976,54.3820903],[18.6019023,54.38208],[18.6020961,54.3821317],[18.602513,54.3822428],[18.6024974,54.3822627],[18.6025494,54.3822767],[18.602565,54.3822567],[18.6025769,54.3822597],[18.6024709,54.382395],[18.60242,54.3824007],[18.6024345,54.3824438],[18.6024504,54.3824917],[18.602453,54.3824914],[18.6024859,54.3824949],[18.6025108,54.3825079],[18.602413,54.3825531],[18.6024125,54.3825527],[18.6023847,54.3825655],[18.6023852,54.382566],[18.602168,54.3826689],[18.6018338,54.3828239],[18.6018195,54.3828134],[18.6017886,54.3828277],[18.6018023,54.3828382],[18.6017022,54.3828847],[18.6016805,54.3828692],[18.6016494,54.3828839],[18.6016712,54.3828994],[18.6016242,54.3829212],[18.6016195,54.3829177],[18.6014004,54.3830199],[18.6014048,54.3830232],[18.6012713,54.3830851],[18.6012572,54.3830745],[18.6012302,54.3830869],[18.6012439,54.3830974],[18.6011217,54.383154],[18.6011076,54.3831439],[18.6010806,54.3831564],[18.6010953,54.3831667],[18.6010104,54.3832063],[18.6010095,54.3832056],[18.6009644,54.3832265],[18.6008794,54.383266],[18.6008203,54.3832905],[18.6008031,54.3832997],[18.6007809,54.3833151],[18.6007842,54.3833173],[18.6007082,54.3833493],[18.6006229,54.3833626],[18.6005305,54.3833563],[18.6004121,54.3833118],[18.6003731,54.3833308],[18.6001195,54.3832751],[18.6001188,54.3832737],[18.5997314,54.3831888],[18.5997305,54.3831895],[18.5996331,54.383168],[18.5996415,54.3831545],[18.59961,54.3831478],[18.599609,54.3831492],[18.5996077,54.3831489],[18.5995999,54.3831609],[18.5994538,54.3831287],[18.5994647,54.3831174],[18.5994316,54.3831101],[18.5994233,54.383119],[18.5993748,54.3831003],[18.5993237,54.3830765],[18.5992946,54.3830882],[18.5990524,54.382882]]]]},"properties":{"addr:city":"Gdańsk","addr:country":"PL","addr:housenumber":"141","addr:postcode":"80-264","addr:street":"Aleja Grunwaldzka","building":"mall","building:levels":"5","image":"https://photos.app.goo.gl/3Fo4s3SChtEkavMeA","name":"Galeria Bałtycka","shop":"mall","source:addr":"Urząd Miasta Gdańsk","url":"https://polska-org.pl/8038114,Gdansk,Galeria_Baltycka.html","url:0":"https://fotopolska.eu/82987,obiekt.html?map_z=18","wheelchair":"yes","wikidata":"Q1491832","wikipedia":"pl:Galeria Bałtycka"}},
{"type":"Feature","geometry":{"type":"MultiPolygon","coordinates":[[[[18.591566,54.3531175],[18.5919376,54.3522959],[18.5921279,54.3520723],[18.5921877,54.352083],[18.5922893,54.3518677],[18.5923215,54.3518017],[18.5923391,54.3517649],[18.5926281,54.351812],[18.5926667,54.351792],[18.5933172,54.3515841],[18.593344,54.3515648],[18.5933653,54.3515375],[18.5934886,54.3512771],[18.5935157,54.351262],[18.5935542,54.3512486],[18.593624,54.3512432],[18.5936622,54.3512485],[18.5939306,54.3512927],[18.5939743,54.3512951],[18.5940081,54.3512883],[18.594171,54.3512185],[18.594191,54.351215],[18.5946428,54.3512781],[18.5948873,54.3513123],[18.5949191,54.3513168],[18.5947867,54.3515939],[18.5947022,54.3515805],[18.5946857,54.3516226],[18.5945535,54.3519048],[18.5943492,54.3518732],[18.5941906,54.3522144],[18.5940995,54.3522615],[18.5941292,54.3522687],[18.5939779,54.3525895],[18.594021,54.3525863],[18.5940555,54.3526039],[18.5940201,54.3527033],[18.5940089,54.352741],[18.5935919,54.3536315],[18.5935293,54.3536214],[18.5935656,54.3535319],[18.592749,54.3534],[18.5927044,54.3534163],[18.5924904,54.3533818],[18.5924296,54.3533331],[18.5923082,54.3533876],[18.591566,54.3531175]]]]},"properties":{"addr:city":"Gdańsk","addr:country":"PL","addr:housenumber":"102A","addr:postcode":"80-172","addr:street":"Franciszka Schuberta","building":"retail","building:levels":"6","internet_access":"wlan","name":"Galeria Morena","name:pl":"Galeria Morena","name:ru":"ТЦ Galeria Morena","opening_hours":"Mo-Sa 09:00-21:00; Su 10:00-20:00","phone":"58 766 98 02","shop":"mall","source:addr":"Urząd Miasta Gdańsk","toilets":"yes","website":"https://galeriamorena.pl/"}},
{"type":"Feature","geometry":{"type":"MultiPolygon","coordinates":[[[[18.5868836,54.403002],[18.586946,54.4028791],[18.5870686,54.4029002],[18.58743,54.4021918],[18.587453,54.4021493],[18.5873331,54.4021274],[18.5874041,54.4019893],[18.5874646,54.4019994],[18.5874839,54.4019603],[18.5876958,54.4019972],[18.5878049,54.4020163],[18.587786,54.402055],[18.5878991,54.4020749],[18.5879163,54.402117],[18.5879608,54.4021119],[18.5879853,54.4021728],[18.5879408,54.4021786],[18.5879608,54.4022264],[18.5884998,54.4023209],[18.5885127,54.4022971],[18.5885436,54.4023022],[18.5885321,54.4023257],[18.5886503,54.4023467],[18.5886724,54.4023029],[18.5887348,54.4023139],[18.5887931,54.4023029],[18.5888121,54.402335],[18.5887916,54.4023722],[18.5889713,54.4024025],[18.5889815,54.4023838],[18.58904,54.4023733],[18.5890582,54.4024044],[18.5890518,54.4024171],[18.5891783,54.4024394],[18.5889604,54.4028647],[18.5886731,54.4034219],[18.5886089,54.4034109],[18.5884145,54.4033764],[18.5884191,54.4033668],[18.588314,54.4033477],[18.5883091,54.4033583],[18.5870868,54.4031466],[18.5870042,54.4031322],[18.5870059,54.403129],[18.5869891,54.4031127],[18.5869541,54.4030745],[18.5868885,54.4030029],[18.5868836,54.403002]]]]},"properties":{"addr:city":"Gdańsk","addr:country":"PL","addr:housenumber":"32","addr:postcode":"80-394","addr:street":"Kołobrzeska","brand":"Auchan","brand:wikidata":"Q758603","brand:wikipedia":"en:Auchan","building":"retail","name":"Auchan","opening_hours":"Mo-Sa 07:30-22:00","operator":"Auchan Polska Sp. z o.o.","shop":"supermarket","source:addr":"Urząd Miasta Gdańsk","website":"https://www.auchan.pl/","wheelchair":"yes"}},
{"type":"Feature","geometry":{"type":"MultiPolygon","coordinates":[[[[18.5862822,54.4043947],[18.5862907,54.4043775],[18.5863401,54.4042771],[18.5863272,54.4042751],[18.5863631,54.4042025],[18.5863779,54.4042044],[18.5863952,54.4041688],[18.5865369,54.4038761],[18.5870403,54.4039619],[18.5871019,54.4039724],[18.5871229,54.4039357],[18.5875054,54.4040008],[18.588522,54.404175],[18.588528,54.4041615],[18.5892373,54.4042837],[18.5893571,54.404305],[18.5891182,54.4047823],[18.5887394,54.404717],[18.5885222,54.4047756],[18.5862822,54.4043947]]]]},"properties":{"addr:city":"Gdańsk","addr:country":"PL","addr:housenumber":"41C","addr:postcode":"80-391","addr:street":"Kołobrzeska","building":"retail","building:levels":"3","internet_access":"wlan","internet_access:fee":"no","internet_access:ipv6":"no","internet_access:password":"no","internet_access:ssid":"ALFA_CENTRUM_FREE_WiFi","name":"Alfa Centrum","opening_hours":"Mo-Sa 09:00-21:00; Su 10:00-20:00","opening_hours:signed":"yes","phone":"+48 58 769 40 00","shop":"mall","source:addr":"Urząd Miasta Gdańsk","toilets:wheelchair":"yes","website":"https://www.alfacentrum.pl/","wheelchair":"yes"}},
{"type":"Feature","geometry":{"type":"MultiPolygon","coordinates":[[[[18.5901897,54.4103512],[18.5904975,54.4097693],[18.5904694,54.409764],[18.5904964,54.4097146],[18.5905235,54.4097194],[18.5906463,54.409489],[18.5907008,54.4095004],[18.5908025,54.4093102],[18.590772,54.4092871],[18.5907627,54.4092782],[18.5907304,54.4092404],[18.5907058,54.409201],[18.590691,54.4091629],[18.5906867,54.409129],[18.5906913,54.4090999],[18.5906972,54.4090852],[18.5907078,54.4090663],[18.5907228,54.4090495],[18.590779,54.4090321],[18.5908591,54.4090072],[18.5909047,54.4090111],[18.5909548,54.4090215],[18.5909954,54.4090359],[18.5910358,54.4090545],[18.5910569,54.4090666],[18.5910687,54.4090742],[18.5911037,54.4091002],[18.5911183,54.4091129],[18.5912043,54.4090872],[18.5911849,54.4090513],[18.5917517,54.4090176],[18.5917509,54.409008],[18.5918513,54.4090051],[18.5921714,54.4090104],[18.5923761,54.4090193],[18.5925035,54.4090268],[18.5926974,54.4090418],[18.5926942,54.4090505],[18.5930746,54.4090883],[18.5931541,54.4091696],[18.5931962,54.4091607],[18.5932376,54.4091538],[18.5932803,54.4091522],[18.5933273,54.4091555],[18.5933701,54.4091641],[18.5934141,54.4091779],[18.5934467,54.4091938],[18.5934732,54.4092152],[18.5934937,54.4092344],[18.5935068,54.4092576],[18.5935122,54.409274],[18.5935144,54.4092876],[18.5935139,54.4093011],[18.5935112,54.4093145],[18.5935057,54.4093278],[18.5933586,54.4095997],[18.5933084,54.409699],[18.5932918,54.409717],[18.5932637,54.4097298],[18.5932289,54.4097351],[18.5931932,54.4097323],[18.593129,54.4098509],[18.5931657,54.4098576],[18.5930607,54.4100537],[18.5931153,54.4100625],[18.5929147,54.4104392],[18.5928239,54.4104227],[18.5927511,54.4105599],[18.5922685,54.4104732],[18.5922372,54.4105298],[18.5920762,54.4105012],[18.5920132,54.4106206],[18.5918864,54.4105996],[18.5918582,54.4106523],[18.590778,54.4104572],[18.5908211,54.4103761],[18.5905993,54.4103355],[18.5905553,54.4104172],[18.5901897,54.4103512]]]]},"properties":{"addr:city":"Gdańsk","addr:housenumber":"1","addr:postcode":"80-398","addr:street":"Obrońców Wybrzeża","building":"retail","name":"Galeria Przymorze","operator":"APSYS Polska","owner":"IMMOGDAŃSK Sp. z o.o.","phone":"+48 58 785 98 50","shop":"mall","source:addr":"Urząd Miasta Gdańsk","website":"https://galeriaprzymorze.pl/","wheelchair":"yes"}},
{"type":"Feature","geometry":{"type":"MultiPolygon","coordinates":[[[[18.6147656,54.3787978],[18.6149172,54.3787472],[18.61496,54.3787323],[18.6152778,54.3786255],[18.6153222,54.3786107],[18.6153629,54.3786084],[18.6155351,54.378551],[18.6156105,54.3785224],[18.6156334,54.3785055],[18.6158174,54.378444],[18.6158505,54.3784791],[18.6158602,54.3784782],[18.6159204,54.3785456],[18.6161889,54.3792054],[18.6163244,54.3795414],[18.615625,54.3796244],[18.615616,54.379611],[18.615566,54.379531],[18.6154707,54.3795513],[18.615454,54.3795551],[18.6153992,54.3794711],[18.6153877,54.3794587],[18.6147656,54.3787978]]]]},"properties":{"amenity":"marketplace","landuse":"retail","loc_name":"Rynek we Wrzeszczu","name":"Targowisko Miejskie Gdańsk-Wrzeszcz"}},
{"type":"Feature","geometry":{"type":"MultiPolygon","coordinates":[[[[18.5971189,54.3844239],[18.5975055,54.3841642],[18.5974411,54.3841321],[18.5976369,54.3840007],[18.5977008,54.3840331],[18.5977788,54.3839816],[18.5977254,54.3839546],[18.5977816,54.3839169],[18.5981359,54.3840964],[18.5977769,54.3843372],[18.5978447,54.3843714],[18.5977484,54.3844357],[18.5976803,54.384404],[18.5974208,54.3845766],[18.5971189,54.3844239]]]]},"properties":{"addr:city":"Gdańsk","addr:country":"PL","addr:housenumber":"161","addr:postcode":"80-244","addr:street":"Aleja Grunwaldzka","brand":"Lidl","brand:wikidata":"Q151954","brand:wikipedia":"en:Lidl","building":"retail","building:levels":"1","name":"Lidl","opening_hours":"Mo-Sa 06:00-22:00","shop":"supermarket"}},
{"type":"Feature","geometry":{"type":"MultiPolygon","coordinates":[[[[18.609131,54.3898408],[18.6092715,54.3896824],[18.6092795,54.3896847],[18.609277,54.3896877],[18.6093719,54.3897167],[18.6094808,54.3895938],[18.6094554,54.3895858],[18.6094539,54.3895875],[18.6094463,54.3895853],[18.6095271,54.389495],[18.6095339,54.389497],[18.609532,54.389499],[18.6095588,54.3895072],[18.6096617,54.389392],[18.609797,54.3894341],[18.6097492,54.3894872],[18.6099687,54.3895542],[18.6099871,54.3895327],[18.6100198,54.3895422],[18.6100487,54.3895101],[18.6100538,54.3895115],[18.6100507,54.3895153],[18.6100575,54.3895172],[18.6100547,54.3895202],[18.6100482,54.3895185],[18.6100451,54.3895222],[18.6101069,54.3895396],[18.6101184,54.3895263],[18.6101224,54.3895274],[18.6101118,54.3895402],[18.6102211,54.3895739],[18.6102289,54.3895653],[18.6102472,54.3895708],[18.6102396,54.3895795],[18.6103087,54.3896009],[18.6103252,54.3895828],[18.6103511,54.3895781],[18.6103673,54.3896072],[18.6103595,54.3896166],[18.6104649,54.389649],[18.6104699,54.3896435],[18.6104895,54.3896498],[18.6104948,54.3896437],[18.6105598,54.3896629],[18.6105606,54.3896618],[18.6105652,54.3896632],[18.6105535,54.3896766],[18.61062,54.3896963],[18.6106551,54.3896568],[18.6108096,54.3897039],[18.6110431,54.3897751],[18.610968,54.3898598],[18.6110101,54.3898725],[18.6110054,54.3898777],[18.6110034,54.3898771],[18.6109264,54.3899712],[18.6109284,54.3899716],[18.6109264,54.3899741],[18.6109246,54.3899735],[18.610847,54.3900681],[18.6108488,54.3900687],[18.6108469,54.3900712],[18.6108449,54.3900706],[18.6107439,54.3901942],[18.6107459,54.3901948],[18.6107438,54.3901972],[18.6107418,54.3901967],[18.6106529,54.3903062],[18.6106545,54.3903067],[18.6106493,54.3903134],[18.610449,54.3902528],[18.6104251,54.3902045],[18.610048,54.3900887],[18.6100376,54.390085],[18.6100301,54.3900812],[18.6100221,54.3900757],[18.6100177,54.3900709],[18.6100144,54.3900655],[18.6100109,54.3900564],[18.6100116,54.3900496],[18.6100135,54.3900449],[18.6100154,54.3900426],[18.6099579,54.3900251],[18.6099003,54.3900075],[18.6098893,54.3900152],[18.6098803,54.3900187],[18.6098683,54.3900211],[18.609857,54.3900224],[18.6098387,54.3900223],[18.6098267,54.3900207],[18.6098166,54.390018],[18.6097332,54.3899926],[18.6093539,54.3898749],[18.6093304,54.3899009],[18.609131,54.3898408]]]]},"properties":{"addr:city":"Gdańsk","addr:country":"PL","addr:housenumber":"33","addr:postcode":"80-463","addr:street":"Aleja Rzeczypospolitej","building":"hangar","building:levels":"2","building:use":"retail","name":"Galeria Zaspa","roof:shape":"round","shop":"mall","source":"www.geoportal.gov.pl","source:addr":"Urząd Miasta Gdańsk","wheelchair":"yes"}},
{"type":"Feature","geometry":{"type":"MultiPolygon","coordinates":[[[[18.6317355,54.3789921],[18.6317412,54.3788974],[18.6317867,54.3788983],[18.6317926,54.3787995],[18.6321813,54.3788073],[18.6321757,54.3789008],[18.6322247,54.3789017],[18.6322188,54.3790011],[18.6318844,54.3789944],[18.6318839,54.3790031],[18.6318298,54.379002],[18.6318302,54.378994],[18.6317355,54.3789921]]]]},"properties":{"addr:city":"Gdańsk","addr:country":"PL","addr:housenumber":"136","addr:postcode":"80-557","addr:street":"Marynarki Polskiej","brand":"Merkus","building":"retail","name":"Merkus","shop":"supermarket","source:addr":"Urząd Miasta Gdańsk"}},
{"type":"Feature","geometry":{"type":"MultiPolygon","coordinates":[[[[18.6327915,54.3774796],[18.633061,54.3773043],[18.6332902,54.3774292],[18.6333525,54.3773869],[18.6334611,54.3774447],[18.6333975,54.3774814],[18.6338023,54.3776957],[18.6334853,54.3778983],[18.6334237,54.3778675],[18.6334724,54.3778386],[18.6333866,54.3777927],[18.6333284,54.377831],[18.6331032,54.3777132],[18.6331614,54.3776741],[18.6327915,54.3774796]]]]},"properties":{"addr:city":"Gdańsk","addr:country":"PL","addr:housenumber":"97","addr:postcode":"80-557","addr:street":"Marynarki Polskiej","brand":"Lidl","brand:wikidata":"Q151954","brand:wikipedia":"en:Lidl","building":"yes","name":"Lidl","opening_hours":"Mo-Sa 08:00-21:00; Su 09:00-18:00","shop":"supermarket","source:addr":"Urząd Miasta Gdańsk"}},
{"type":"Feature","geometry":{"type":"MultiPolygon","coordinates":[[[[18.6096299,54.3926942],[18.6097026,54.3926838],[18.6096847,54.3926413],[18.6097584,54.3926308],[18.6097417,54.3925911],[18.6098228,54.3925795],[18.6098403,54.3926209],[18.6099366,54.3926071],[18.6100243,54.3925945],[18.6100065,54.3925525],[18.6100892,54.3925406],[18.6101066,54.3925817],[18.6101792,54.3925713],[18.6101969,54.392613],[18.6102678,54.3926029],[18.6102862,54.3926463],[18.6103095,54.392643],[18.6103464,54.3927298],[18.6102521,54.3927434],[18.610288099999999,54.3928282],[18.6102506,54.3928336],[18.6102843,54.392913],[18.6103905,54.3928977],[18.6104264,54.3929823],[18.6104993,54.3929718],[18.6105555,54.3931044],[18.6104819,54.393115],[18.610517,54.3931976],[18.6104079,54.3932133],[18.6104234,54.39325],[18.6104604,54.3932446],[18.6105141,54.3933713],[18.6105875,54.3933607],[18.6106435,54.393493],[18.6105682,54.3935038],[18.6105855,54.3935447],[18.6105123,54.3935552],[18.6105304,54.3935978],[18.6104522,54.3936091],[18.610435,54.3935684],[18.6103442,54.3935814],[18.6102502,54.3935949],[18.6102674,54.3936356],[18.6101148,54.3936575],[18.6100795,54.3935741],[18.6100077,54.3935844],[18.6099519,54.3934523],[18.6100226,54.3934422],[18.6099716,54.3933216],[18.6099017,54.3933316],[18.6098838,54.3932892],[18.6098118,54.3932995],[18.6097209,54.3930843],[18.6097567,54.3930792],[18.6097389,54.393037],[18.6097756,54.3930317],[18.60974,54.3929475],[18.6098108,54.3929374],[18.6097603,54.3928178],[18.6096866,54.3928283],[18.6096299,54.3926942]]]]},"properties":{"addr:city":"Gdańsk","addr:country":"PL","addr:housenumber":"12","addr:postcode":"80-472","addr:street":"Żwirki i Wigury","building":"retail","name":"Centrum handlowe Lotnia","shop":"mall","source":"Yahoo;Bing","source:addr":"Urząd Miasta Gdańsk"}},
{"type":"Feature","geometry":{"type":"MultiPolygon","coordinates":[[[[18.469147,54.430739],[18.4691819,54.4307223],[18.469445,54.430596],[18.469631,54.430723],[18.469691,54.430693],[18.469756,54.430739],[18.469395,54.43091],[18.469147,54.430739]]]]},"properties":{"addr:city":"Gdańsk","addr:country":"PL","addr:housenumber":"12","addr:postcode":"80-299","addr:street":"Wacława Balcerskiego","brand":"Biedronka","brand:wikidata":"Q857182","brand:wikipedia":"pl:Biedronka (sieć handlowa)","building":"retail","building:levels":"1","name":"Biedronka Outlet","opening_hours":"Mo-Fr 09:00-18:00; Sa 09:00-16:00","shop":"supermarket","source:addr":"Urząd Miasta Gdańsk","source:building":"BDOT","source:geometry":"EGiB"}},
{"type":"Feature","geometry":{"type":"MultiPolygon","coordinates":[[[[18.5929857,54.3986292],[18.5936354,54.3982263],[18.5938826,54.3983614],[18.5932522,54.3987524],[18.5932475,54.3987498],[18.5932283,54.3987618],[18.5929857,54.3986292]]]]},"properties":{"addr:city":"Gdańsk","addr:country":"PL","addr:housenumber":"14","addr:postcode":"80-461","addr:street":"Startowa","brand":"Biedronka","brand:wikidata":"Q857182","brand:wikipedia":"pl:Biedronka (sieć handlowa)","building":"retail","building:levels":"2","name":"Biedronka","opening_hours":"Mo-Sa 06:00-23:30","operator":"Jeronimo Martins Polska S.A.","shop":"supermarket","source:addr":"Urząd Miasta Gdańsk","website":"https://www.biedronka.pl/pl/shop,id,2315"}},
{"type":"Feature","geometry":{"type":"MultiPolygon","coordinates":[[[[18.472345,54.414442],[18.473458,54.414406],[18.473577,54.415646],[18.472465,54.415683],[18.472345,54.414442]]]]},"properties":{"building":"warehouse","building:levels":"1","description":"Powierzchnie magazynowe Eurocash i UPS","ref":"H3","shop":"mall","source:building":"BDOT","source:geometry":"EGiB"}},
{"type":"Feature","geometry":{"type":"MultiPolygon","coordinates":[[[[18.474895,54.414358],[18.476006,54.414322],[18.476126,54.415563],[18.475013,54.415599],[18.474895,54.414358]]]]},"properties":{"addr:city":"Gdańsk","addr:country":"PL","addr:housenumber":"50","addr:street":"Nowy Świat","building":"warehouse","building:levels":"1","description":"Spożywcze i Centrum Ogrodnicze","ref":"H2","shop":"mall","source:building":"BDOT","source:geometry":"EGiB"}},
{"type":"Feature","geometry":{"type":"MultiPolygon","coordinates":[[[[18.5739449,54.4021651],[18.574076,54.4019859],[18.5743839,54.4015653],[18.5750541,54.4017322],[18.5747454,54.4021511],[18.5746115,54.4023327],[18.5742768,54.4022485],[18.5739449,54.4021651]]]]},"properties":{"addr:city":"Gdańsk","addr:housenumber":"471","addr:postcode":"80-309","addr:street":"Aleja Grunwaldzka","building":"retail","building:levels":"1","name":"Centrum Familia","opening_hours":"Mo-Sa 08:00-22:00; Su 09:00-21:00","shop":"mall","short_name":"CH Familia","source":"www.geoportal.gov.pl","source:addr":"Urząd Miasta Gdańsk","website":"https://www.centrum-familia.pl/"}},
{"type":"Feature","geometry":{"type":"MultiPolygon","coordinates":[[[[18.618502199999999,54.3901297],[18.6185549,54.3901286],[18.6185441,54.389954],[18.6196428,54.389931],[18.6196576,54.3901701],[18.6187629,54.3901889],[18.6187662,54.3902416],[18.6185095,54.390247],[18.618502199999999,54.3901297]]]]},"properties":{"addr:city":"Gdańsk","addr:country":"PL","addr:housenumber":"75","addr:postcode":"80-414","addr:street":"Bolesława Chrobrego","brand":"Lidl","brand:wikidata":"Q151954","building":"yes","name":"Lidl","opening_hours":"Mo-Sa 06:00-22:00","shop":"supermarket","source:addr":"Urząd Miasta Gdańsk"}},
{"type":"Feature","geometry":{"type":"MultiPolygon","coordinates":[[[[18.6140604,54.3834204],[18.6140652,54.3834136],[18.6141924,54.3834168],[18.6142204,54.3834175],[18.6142605,54.3834186],[18.6142756,54.38343],[18.6142148,54.3834867],[18.6140604,54.3834204]]]]},"properties":{"addr:city":"Gdańsk","addr:country":"PL","addr:housenumber":"4","addr:postcode":"80-441","addr:street":"Aleja Legionów","building":"retail","building:levels":"1","check_date":"2025-01-27","name":"Neutrino","opening_hours":"24/7","roof:shape":"mansard","shop":"convenience","source:addr":"Urząd Miasta Gdańsk","source:geometry":"gis.gdansk.pl"}},
{"type":"Feature","geometry":{"type":"MultiPolygon","coordinates":[[[[18.6333737,54.4031339],[18.6334344,54.4031049],[18.6334784,54.4031363],[18.6335679,54.4030936],[18.6335128,54.4030541],[18.6338284,54.4029042],[18.6338831,54.4029435],[18.6341869,54.4027988],[18.6344403,54.4029806],[18.6342037,54.4030926],[18.6342553,54.403129],[18.6341406,54.4031835],[18.6340893,54.4031467],[18.6336661,54.4033489],[18.6334117,54.4031677],[18.6334173,54.4031652],[18.6333737,54.4031339]]]]},"properties":{"addr:city":"Gdańsk","addr:country":"PL","addr:housenumber":"21C","addr:postcode":"80-518","addr:street":"Gdańska","brand":"Lidl","brand:wikidata":"Q151954","brand:wikipedia":"en:Lidl","building":"retail","name":"Lidl","shop":"supermarket","source:addr":"Urząd Miasta Gdańsk"}},
{"type":"Feature","geometry":{"type":"MultiPolygon","coordinates":[[[[18.6513641,54.3476617],[18.6514499,54.3476368],[18.6514619,54.3476524],[18.6514775,54.3476478],[18.6515587,54.347624],[18.6516453,54.3477167],[18.651543,54.3477462],[18.6514563,54.3477698],[18.6513641,54.3476617]]]]},"properties":{"addr:city":"Gdańsk","addr:country":"PL","addr:housenumber":"35/36","addr:postcode":"80-826","addr:street":"Ogarna","building":"yes","building:levels":"4","check_date":"2024-10-09","name":"Tereska","note":"przesunięte względem ortofotomapy gis.gdansk.pl","opening_hours":"Mo-Sa 06:00-22:00","roof:colour":"#ff7657","shop":"convenience","source":"Bing","source:addr":"Urząd Miasta Gdańsk","source:geometry":"gis.gdansk.pl"}},
{"type":"Feature","geometry":{"type":"MultiPolygon","coordinates":[[[[18.7108812,54.3627662],[18.7108868,54.3626883],[18.7108969,54.3625479],[18.7114608,54.3625617],[18.711445,54.3627801],[18.7108812,54.3627662]]]]},"properties":{"addr:city":"Gdańsk","addr:country":"PL","addr:housenumber":"1","addr:postcode":"80-618","addr:street":"Wrzosy","brand":"Biedronka","brand:wikidata":"Q857182","brand:wikipedia":"pl:Biedronka (sieć handlowa)","building":"retail","email":"bok@biedronka.eu","name":"Biedronka","name:ru":"Бедронка","opening_hours":"Mo-Sa 07:00-21:00; Su 09:00-20:00","operator":"Jeronimo Martins Polska S.A.","payment:blik":"yes","payment:cash":"yes","payment:contactless":"yes","payment:diners_club":"yes","payment:maestro":"yes","payment:mastercard":"yes","payment:sodexo":"yes","payment:v_pay":"yes","payment:visa":"yes","payment:visa_debit":"yes","payment:visa_electron":"yes","phone":"+48 22 205 33 00","shop":"supermarket","source":"Yahoo","source:addr":"Urząd Miasta Gdańsk","website":"https://www.biedronka.pl/pl/shop,id,2141"}},
{"type":"Feature","geometry":{"type":"MultiPolygon","coordinates":[[[[18.6849322,54.3564444],[18.6852447,54.356399],[18.6853435,54.3566317],[18.6853154,54.3566357],[18.6853509,54.3567173],[18.6852186,54.3567369],[18.6852161,54.3567323],[18.6850713,54.3567534],[18.6850644,54.3567368],[18.6850533,54.3567104],[18.6850454,54.3567115],[18.6849401,54.3564631],[18.6849322,54.3564444]]]]},"properties":{"addr:city":"Gdańsk","addr:country":"PL","addr:housenumber":"10A","addr:postcode":"80-706","addr:street":"Bajki","building":"yes","name":"Merkus","shop":"supermarket","source":"Yahoo","source:addr":"Urząd Miasta Gdańsk"}},
{"type":"Feature","geometry":{"type":"MultiPolygon","coordinates":[[[[18.7091356,54.360345],[18.7092028,54.3602617],[18.7093458,54.3603013],[18.7092783,54.3603846],[18.7091356,54.360345]]]]},"properties":{"addr:city":"Gdańsk","addr:country":"PL","addr:housenumber":"19","addr:postcode":"80-625","addr:street":"Wilhelma Stryjewskiego","brand":"Żabka","brand:wikidata":"Q2589061","building":"yes","name":"Żabka","name:pl":"Żabka","name:uk":"Жабка","opening_hours":"Mo-Sa 06:00-23:00; Su 09:00-21:00","shop":"convenience","source":"Yahoo","source:addr":"Urząd Miasta Gdańsk"}},
{"type":"Feature","geometry":{"type":"MultiPolygon","coordinates":[[[[18.715496,54.361354],[18.7155038,54.3612849],[18.7156483,54.3612905],[18.7156405,54.3613596],[18.715496,54.361354]]]]},"properties":{"addr:city":"Gdańsk","addr:country":"PL","addr:housenumber":"29D","addr:postcode":"80-631","addr:street":"Wilhelma Stryjewskiego","building":"yes","name":"Neutrino","opening_hours":"24/7","shop":"convenience","source":"Yahoo"}},
{"type":"Feature","geometry":{"type":"MultiPolygon","coordinates":[[[[18.7187933,54.3602683],[18.7188475,54.3602667],[18.7188471,54.3602625],[18.7192217,54.3602513],[18.7192507,54.3605811],[18.7192084,54.3605824],[18.7189808,54.3605892],[18.7188787,54.3605922],[18.7188779,54.3605835],[18.7188429,54.3605845],[18.7188396,54.3605468],[18.7188179,54.3605475],[18.7187933,54.3602683]]]]},"properties":{"addr:city":"Gdańsk","addr:country":"PL","addr:housenumber":"6","addr:postcode":"80-627","addr:street":"Kłosowa","brand":"Biedronka","brand:wikidata":"Q857182","brand:wikipedia":"pl:Biedronka (sieć handlowa)","building":"retail","email":"bok@biedronka.eu","name":"Biedronka","name:ru":"Бедронка","opening_hours":"Mo-Sa 06:00-21:00; Su 09:00-20:00","operator":"Jeronimo Martins Polska S.A.","payment:blik":"yes","payment:cash":"yes","payment:contactless":"yes","payment:diners_club":"yes","payment:maestro":"yes","payment:mastercard":"yes","payment:sodexo":"yes","payment:v_pay":"yes","payment:visa":"yes","payment:visa_debit":"yes","payment:visa_electron":"yes","phone":"+48 22 205 33 00","shop":"supermarket","source:addr":"Urząd Miasta Gdańsk","website":"https://www.biedronka.pl","wheelchair":"yes"}},
{"type":"Feature","geometry":{"type":"MultiPolygon","coordinates":[[[[18.5807934,54.3947842],[18.581216,54.3944599],[18.5818318,54.3944038],[18.5818812,54.3944258],[18.5823803,54.3946482],[18.5824098,54.3946263],[18.582791,54.3947961],[18.5827613,54.3948178],[18.5830159,54.3949313],[18.5826287,54.3952297],[18.5825945,54.3952561],[18.5826521,54.3952829],[18.5825264,54.3953776],[18.5821244,54.3951991],[18.5820568,54.3952505],[18.5816662,54.3950763],[18.5815855,54.395138],[18.5807934,54.3947842]]]]},"properties":{"addr:city":"Gdańsk","addr:country":"PL","addr:housenumber":"309","addr:postcode":"80-309","addr:street":"Aleja Grunwaldzka","building":"commercial","contact:email":"oliwa@wkks.pl","contact:phone":"+48 58 301 95 66","contact:website":"http://www.centrumhandloweoliwa.pl","name":"Centrum Handlowe Oliwa","shop":"mall","source:addr":"Urząd Miasta Gdańsk"}},
{"type":"Feature","geometry":{"type":"MultiPolygon","coordinates":[[[[18.5644732,54.423278],[18.5645096,54.4231721],[18.5645175,54.423173],[18.5646229,54.4228849],[18.5647367,54.4228989],[18.5649395,54.4229238],[18.5651031,54.4229441],[18.5650144,54.4231821],[18.5649944,54.4232355],[18.5650507,54.4232439],[18.5650517,54.4232439],[18.5653045,54.4232748],[18.5652669,54.4233758],[18.5651887,54.4233659],[18.5651819,54.4233733],[18.5651554,54.4233833],[18.5651416,54.4233837],[18.5651241,54.4234294],[18.5647066,54.4233826],[18.5646741,54.423374],[18.564568,54.4233605],[18.5645792,54.4233263],[18.5645558,54.4233057],[18.564526999999999,54.4232855],[18.5644732,54.423278]]]]},"properties":{"addr:city":"Gdańsk","addr:country":"PL","addr:housenumber":"617","addr:postcode":"80-337","addr:street":"Aleja Grunwaldzka","brand":"Intermarché","brand:wikidata":"Q3153200","brand:wikipedia":"fr:Intermarché","building":"supermarket","building:levels":"1","name":"Intermarché","opening_hours":"Mo-Sa 07:00-21:00; Jan 26,Apr 13,Apr 27,Jun 29,Aug 31,Dec 07,Dec 14,Dec 21 Su 09:00-20:00","operator":"ANIGER Sp. z o.o.","operator:type":"private_for_profit","phone":"+48 58 55 23 022","shop":"supermarket","source:addr":"Urząd Miasta Gdańsk","website":"https://intermarche.pl/"}},
{"type":"Feature","geometry":{"type":"MultiPolygon","coordinates":[[[[18.6030366,54.4058792],[18.6031554,54.4056732],[18.6036887,54.4057771],[18.603666,54.4058175],[18.6036015,54.4059295],[18.6035702,54.4059835],[18.6032078,54.4059126],[18.6031694,54.4059052],[18.6031321,54.4058979],[18.6030442,54.4058807],[18.6030366,54.4058792]]]]},"properties":{"addr:city":"Gdańsk","addr:housenumber":"54","addr:postcode":"80-394","addr:street":"Kołobrzeska","brand":"Carrefour Market","brand:wikidata":"Q2689639","brand:wikipedia":"fr:Carrefour (enseigne)","building":"yes","building:colour":"grey","name":"Carrefour Market","shop":"supermarket","source:addr":"Urząd Miasta Gdańsk","wikimedia_commons":"File:Gdańsk ulica Kołobrzeska 54 (Carrefour Market).JPG"}},
{"type":"Feature","geometry":{"type":"MultiPolygon","coordinates":[[[[18.584204,54.4025587],[18.5842431,54.4024817],[18.5842296,54.4024792],[18.5842558,54.4024275],[18.5844896,54.4024689],[18.5844068,54.4026319],[18.5843426,54.4026202],[18.5843463,54.4026124],[18.5842363,54.4025934],[18.584204,54.4025587]]]]},"properties":{"addr:city":"Gdańsk","addr:country":"PL","addr:housenumber":"28A","addr:postcode":"80-394","addr:street":"Kołobrzeska","amenity":"fuel","brand":"Orlen","brand:wikidata":"Q971649","building":"yes","fuel:diesel":"yes","fuel:lpg":"yes","fuel:octane_95":"yes","fuel:octane_98":"yes","name":"Orlen","opening_hours":"24/7","operator":"Orlen","shop":"convenience","source:addr":"Urząd Miasta Gdańsk","toilets":"yes"}},
{"type":"Feature","geometry":{"type":"MultiPolygon","coordinates":[[[[18.5902482,54.4071146],[18.5903734,54.4068353],[18.5903363,54.4068292],[18.5902981,54.4068229],[18.590349,54.4067169],[18.5905059,54.4067416],[18.5905007,54.406752],[18.5907762,54.4067967],[18.5906001,54.4071699],[18.5902807,54.4071197],[18.5902482,54.4071146]]]]},"properties":{"addr:city":"Gdańsk","addr:country":"PL","addr:housenumber":"16B","addr:postcode":"80-399","addr:street":"Chłopska","brand":"Biedronka","brand:wikidata":"Q857182","brand:wikipedia":"pl:Biedronka (sieć handlowa)","building":"retail","email":"bok@biedronka.eu","name":"Biedronka","name:ru":"Бедронка","operator":"Jeronimo Martins Polska S.A.","payment:blik":"yes","payment:cash":"yes","payment:contactless":"yes","payment:diners_club":"yes","payment:maestro":"yes","payment:mastercard":"yes","payment:sodexo":"yes","payment:v_pay":"yes","payment:visa":"yes","payment:visa_debit":"yes","payment:visa_electron":"yes","phone":"+48 22 205 33 00","shop":"supermarket","source:addr":"Urząd Miasta Gdańsk","website":"https://www.biedronka.pl/pl/shop,id,1541","wheelchair":"yes"}},
{"type":"Feature","geometry":{"type":"MultiPolygon","coordinates":[[[[18.5967054,54.4163907],[18.5969355,54.4162258],[18.5969492,54.4162323],[18.5969675,54.4162409],[18.5973566,54.4164249],[18.5972327,54.4165136],[18.5972956,54.4165433],[18.5971622,54.4166389],[18.5970053,54.4165647],[18.5970325,54.4165453],[18.5967054,54.4163907]]]]},"properties":{"addr:city":"Gdańsk","addr:country":"PL","addr:housenumber":"5","addr:postcode":"80-374","addr:street":"Prezydenta Lecha Kaczyńskiego","brand":"Biedronka","brand:wikidata":"Q857182","brand:wikipedia":"pl:Biedronka (sieć handlowa)","building":"retail","email":"bok@biedronka.eu","name":"Biedronka","name:ru":"Бедронка","opening_hours":"Mo-Sa 06:00-22:00; Su 08:00-22:00","operator":"Jeronimo Martins Polska S.A.","payment:blik":"yes","payment:cash":"yes","payment:contactless":"yes","payment:diners_club":"yes","payment:maestro":"yes","payment:mastercard":"yes","payment:sodexo":"yes","payment:v_pay":"yes","payment:visa":"yes","payment:visa_debit":"yes","payment:visa_electron":"yes","phone":"+48 22 205 33 00","shop":"supermarket","source:addr":"Urząd Miasta Gdańsk","website":"https://www.biedronka.pl"}},
{"type":"Feature","geometry":{"type":"MultiPolygon","coordinates":[[[[18.581508,54.420002],[18.581564,54.419995],[18.581564,54.419996],[18.581677,54.419985],[18.581675,54.419977],[18.581681,54.419976],[18.581682,54.419984],[18.5818964,54.4199626],[18.581933,54.419959],[18.582026,54.420286],[18.581655,54.420322],[18.581649,54.4203],[18.581613,54.420303],[18.581604,54.420271],[18.581589,54.420273],[18.581508,54.420002]]]]},"properties":{"addr:city":"Gdańsk","addr:city:simc":"0933016","addr:country":"PL","addr:housenumber":"24","addr:postcode":"80-333","addr:street":"Pomorska","brand":"Biedronka","brand:wikidata":"Q857182","brand:wikipedia":"pl:Biedronka (sieć handlowa)","building":"retail","building:levels":"1","email":"bok@biedronka.eu","name":"Biedronka","name:pl":"Biedronka","name:ru":"Бедронка","opening_hours":"Mo-Th 06:00-23:00; Fr 06:00-23:30; Sa 06:00-19:00; Su off","operator":"Jeronimo Martins Polska S.A.","ref":"4250","shop":"supermarket","source:addr":"gugik.gov.pl","source:building":"BDOT","source:geometry":"EGiB","website":"https://www.biedronka.pl/","wheelchair":"yes"}},
{"type":"Feature","geometry":{"type":"MultiPolygon","coordinates":[[[[18.5715386,54.4209749],[18.5719902,54.420932],[18.5720644,54.420925],[18.572116,54.4209201],[18.5721207,54.4209374],[18.5721767,54.4211388],[18.5715984,54.4211928],[18.571597,54.4211902],[18.5716167,54.4211877],[18.5715571,54.420976],[18.5715395,54.4209776],[18.5715386,54.420975],[18.5715386,54.4209749]]]]},"properties":{"addr:city":"Gdańsk","addr:country":"PL","addr:housenumber":"30","addr:postcode":"80-354","addr:street":"Subisława","amenity":"marketplace","building":"retail","building:levels":"1","name":"Gulden","opening_hours":"\"każdy sklep ma indywidualne godziny otwarcia\"","roof:shape":"flat","source:addr":"Urząd Miasta Gdańsk","wheelchair":"yes"}},
{"type":"Feature","geometry":{"type":"MultiPolygon","coordinates":[[[[18.5725448,54.4208676],[18.5725478,54.420867200000007],[18.5725506,54.4208669],[18.5725546,54.4208795],[18.5730437,54.4208328],[18.5731062,54.4208268],[18.5731031,54.4208157],[18.5731073,54.4208149],[18.5731977,54.4211558],[18.5726402,54.421208],[18.572553,54.4208967],[18.5725448,54.4208676]]]]},"properties":{"addr:city":"Gdańsk","addr:country":"PL","addr:housenumber":"3","addr:postcode":"80-335","addr:street":"Sztormowa","building":"retail","building:colour":"grey","building:levels":"1","check_date:opening_hours":"2024-09-02","name":"Grosz","opening_hours":"Mo-Fr 06:00-21:00; Sa 07:00-21:00","operator":"Grosz M. Zieńkowicz S. Zieńkowicz sp. j.","payment:credit_cards":"yes","payment:debit_cards":"yes","roof:shape":"flat","shop":"supermarket","source:addr":"Urząd Miasta Gdańsk","wheelchair":"yes"}},
{"type":"Feature","geometry":{"type":"MultiPolygon","coordinates":[[[[18.5823845,54.3798117],[18.5825404,54.3794855],[18.5831222,54.3795798],[18.583127,54.3795697],[18.5831567,54.3795746],[18.5831864,54.3795794],[18.583001,54.3799669],[18.5828054,54.3799352],[18.5829067,54.3797235],[18.5826641,54.3796841],[18.5825873,54.3798446],[18.5823845,54.3798117]]]]},"properties":{"addr:city":"Gdańsk","addr:country":"PL","addr:housenumber":"53A","addr:postcode":"80-257","addr:street":"Juliusza Słowackiego","brand":"Livio","brand:wikidata":"Q108599511","building":"yes","building:levels":"1","name":"Livio","opening_hours":"Mo-Sa 06:30-21:30; Su 09:00-18:00","shop":"supermarket","source:addr":"Urząd Miasta Gdańsk"}},
{"type":"Feature","geometry":{"type":"MultiPolygon","coordinates":[[[[18.5682938,54.3952562],[18.5683414,54.3951883],[18.5686164,54.3952536],[18.5686422,54.3952168],[18.5687659,54.3952461],[18.5687415,54.3952809],[18.568775,54.3952889],[18.568726,54.3953588],[18.5682938,54.3952562]]]]},"properties":{"addr:city":"Gdańsk","addr:country":"PL","addr:housenumber":"2","addr:postcode":"80-308","addr:street":"Macierzy Szkolnej w Gdańsku","building":"yes","name":"Sieć 34","opening_hours":"Mo-Fr 07:00-21:00; Sa 08:00-18:00; PH closed","shop":"supermarket","source:addr":"Urząd Miasta Gdańsk"}},
{"type":"Feature","geometry":{"type":"MultiPolygon","coordinates":[[[[18.5592834,54.4084201],[18.559344,54.4082897],[18.5593368,54.408288400000007],[18.5593617,54.4082335],[18.5593694,54.4082346],[18.5594066,54.4081541],[18.5594931,54.4081677],[18.5594559,54.4082484],[18.5594935,54.4082545],[18.5595192,54.4082587],[18.5595568,54.4081777],[18.5596431,54.4081913],[18.5596057,54.4082724],[18.5596132,54.4082737],[18.5595882,54.4083281],[18.5595805,54.4083269],[18.55952,54.4084576],[18.5594336,54.4084439],[18.5594942,54.4083132],[18.5594683,54.4083092],[18.5594303,54.4083033],[18.5593702,54.4084338],[18.5592834,54.4084201]]]]},"properties":{"addr:city":"Gdańsk","addr:country":"PL","addr:housenumber":"1A","addr:postcode":"80-306","addr:street":"Polanki","amenity":"marketplace","building":"retail","building:levels":"2","name":"Hala Targowa \"Polanki\"","operator":"Stowarzyszenie Kupców \"Polanki\"","source":"www.geoportal.gov.pl","source:addr":"Urząd Miasta Gdańsk"}},
{"type":"Feature","geometry":{"type":"MultiPolygon","coordinates":[[[[18.5573076,54.4156223],[18.5575393,54.4155792],[18.5575633,54.4156235],[18.5576832,54.4158445],[18.5576194,54.4158559],[18.5574928,54.415879],[18.5574515,54.4158866],[18.5573076,54.4156223]]]]},"properties":{"addr:city":"Gdańsk","addr:country":"PL","addr:housenumber":"12","addr:postcode":"80-336","addr:street":"Józefa Czyżewskiego","building":"retail","building:levels":"2","name":"Merkus","roof:shape":"flat","shop":"supermarket","source":"www.geoportal.gov.pl","source:addr":"Urząd Miasta Gdańsk"}},
{"type":"Feature","geometry":{"type":"MultiPolygon","coordinates":[[[[18.583726,54.359545],[18.584194,54.359359],[18.584583,54.359695],[18.584305,54.359804],[18.584397,54.35988],[18.5843395,54.3599027],[18.584202,54.359957],[18.5838185,54.3596251],[18.583726,54.359545]]]]},"properties":{"addr:city":"Gdańsk","addr:city:simc":"0933016","addr:country":"PL","addr:housenumber":"26","addr:postcode":"80-288","addr:street":"Piecewska","alcohol":"yes","brand":"Biedronka","brand:wikidata":"Q857182","brand:wikipedia":"pl:Biedronka (sieć handlowa)","building":"retail","building:levels":"1","name":"Biedronka","opening_hours":"Mo-Sa 07:00-21:00;Sa 09:00-20:00","operator":"Jeronimo Martins Polska S.A.","shop":"supermarket","source:addr":"gugik.gov.pl","source:building":"BDOT"}},
{"type":"Feature","geometry":{"type":"MultiPolygon","coordinates":[[[[18.6191105,54.3570372],[18.6192495,54.3570045],[18.6192302,54.3569778],[18.6193032,54.3569603],[18.6193098,54.35697],[18.6193219,54.3569875],[18.6194603,54.356955],[18.6197576,54.3573946],[18.61975,54.3573947],[18.6193646,54.3574034],[18.6191105,54.3570372]]]]},"properties":{"addr:city":"Gdańsk","addr:country":"PL","addr:housenumber":"3F","addr:postcode":"80-171","addr:street":"Cygańska Góra","brand":"Carrefour Market","brand:wikidata":"Q2689639","brand:wikipedia":"fr:Carrefour Market","building":"retail","building:levels":"1","name":"Carrefour Market","opening_hours":"Su 10:00-18:00; Mo-Sa 06:00-22:00","shop":"supermarket","source:addr":"Urząd Miasta Gdańsk"}},
{"type":"Feature","geometry":{"type":"MultiPolygon","coordinates":[[[[18.599335,54.354297],[18.599374,54.354241],[18.599377,54.354242],[18.599411,54.354192],[18.599545,54.354224],[18.59956,54.354204],[18.599732,54.354246],[18.599721,54.354266],[18.599727,54.354267],[18.599664,54.354375],[18.599602,54.35436],[18.5996,54.354364],[18.599591,54.354362],[18.599593,54.354359],[18.599335,54.354297]]]]},"properties":{"addr:city":"Gdańsk","addr:country":"PL","addr:housenumber":"61/63","addr:postcode":"80-169","addr:street":"Otwarta","brand":"Żabka","brand:wikidata":"Q2589061","brand:wikipedia":"pl:Żabka (sieć sklepów)","building":"retail","building:levels":"1","check_date":"2024-11-04","name":"Żabka","name:pl":"Żabka","name:uk":"Жабка","opening_hours":"Mo-Sa 06:00-23:00; Su 09:00-21:00","payment:cash":"yes","payment:credit_cards":"yes","payment:debit_cards":"yes","shop":"convenience","source:addr":"Urząd Miasta Gdańsk","source:building":"BDOT"}},
{"type":"Feature","geometry":{"type":"MultiPolygon","coordinates":[[[[18.6129906,54.3553976],[18.6131658,54.3553917],[18.6131752,54.3554876],[18.6130637,54.3554913],[18.6130315,54.3554819],[18.6130285,54.3554509],[18.6129961,54.3554521],[18.6129906,54.3553976]]]]},"properties":{"addr:city":"Gdańsk","addr:housenumber":"2","addr:postcode":"80-170","addr:street":"Niccola Paganiniego","brand":"Żabka","brand:wikidata":"Q2589061","building":"yes","building:levels":"1","check_date":"2024-07-23","name":"Żabka","name:pl":"Żabka","name:uk":"Жабка","opening_hours":"Mo-Sa 06:00-23:00; Su 10:00-22:00","payment:credit_cards":"yes","payment:mastercard":"yes","payment:visa":"yes","shop":"convenience","source:addr":"Urząd Miasta Gdańsk"}},
{"type":"Feature","geometry":{"type":"MultiPolygon","coordinates":[[[[18.6084308,54.3494951],[18.6084462,54.3493803],[18.6086415,54.3493893],[18.6086253,54.3495045],[18.6084308,54.3494951]]]]},"properties":{"addr:city":"Gdańsk","addr:country":"PL","addr:housenumber":"14","addr:postcode":"80-133","addr:street":"Kolonia Zręby","brand":"Żabka","brand:wikidata":"Q2589061","brand:wikipedia":"pl:Żabka (sieć sklepów)","building":"yes","check_date":"2024-12-01","name":"Żabka","name:pl":"Żabka","name:uk":"Жабка","opening_hours":"Mo-Sa 06:00-23:00; Su 08:00-22:00","payment:cash":"yes","payment:credit_cards":"yes","payment:debit_cards":"yes","shop":"convenience","source:addr":"Urząd Miasta Gdańsk"}},
{"type":"Feature","geometry":{"type":"MultiPolygon","coordinates":[[[[18.6238202,54.3499907],[18.6239943,54.3496002],[18.6241509,54.3496241],[18.6239764,54.3500143],[18.6238202,54.3499907]]]]},"properties":{"addr:city":"Gdańsk","addr:country":"PL","addr:housenumber":"73A","addr:postcode":"80-136","addr:street":"Kartuska","building":"yes","name":"Delikatesy Fart","shop":"supermarket","source:addr":"Urząd Miasta Gdańsk"}},
{"type":"Feature","geometry":{"type":"MultiPolygon","coordinates":[[[[18.6216379,54.3441839],[18.6222072,54.3441767],[18.6222164,54.3444263],[18.6216471,54.3444334],[18.6216379,54.3441839]]]]},"properties":{"addr:city":"Gdańsk","addr:country":"PL","addr:housenumber":"25","addr:postcode":"80-807","addr:street":"Władysława Biegańskiego","building":"yes","name":"Merkus","shop":"supermarket","source:addr":"Urząd Miasta Gdańsk"}},
{"type":"Feature","geometry":{"type":"MultiPolygon","coordinates":[[[[18.629598,54.3413847],[18.6298147,54.3413742],[18.6299835,54.341366],[18.6300162,54.3415953],[18.6296306,54.3416139],[18.629598,54.3413847]]]]},"properties":{"addr:city":"Gdańsk","addr:country":"PL","addr:housenumber":"20","addr:postcode":"80-808","addr:street":"Jana Styp-Rekowskiego","building":"retail","name":"Merkus","name:en":"Merkus","name:pl":"Merkus","shop":"supermarket","source:addr":"Urząd Miasta Gdańsk"}},
{"type":"Feature","geometry":{"type":"MultiPolygon","coordinates":[[[[18.61905,54.340673],[18.619099,54.340671],[18.619098,54.340643],[18.619385,54.340638],[18.6194275,54.340637],[18.619442,54.340833],[18.619453,54.341008],[18.6194023,54.3410092],[18.619072,54.341017],[18.61905,54.340673]]]]},"properties":{"addr:city":"Gdańsk","addr:country":"PL","addr:housenumber":"27","addr:postcode":"80-807","addr:street":"Tytusa Chałubińskiego","brand":"Biedronka","brand:wikidata":"Q857182","brand:wikipedia":"pl:Biedronka (sieć handlowa)","building":"retail","building:levels":"1","name":"Biedronka","opening_hours":"Mo-Sa 07:00-21:00; Su 09:00-20:00","shop":"supermarket","source:addr":"Urząd Miasta Gdańsk","source:building":"BDOT","source:geometry":"EGiB"}},
{"type":"Feature","geometry":{"type":"MultiPolygon","coordinates":[[[[18.6123762,54.3361097],[18.6124205,54.3361108],[18.6124178,54.336004],[18.6124641,54.3360001],[18.6124611,54.3358968],[18.6124141,54.3358974],[18.6124136,54.3358388],[18.6126541,54.3358368],[18.612659,54.336003],[18.6126357,54.3360036],[18.6126389,54.3361116],[18.6126164,54.3361122],[18.612624,54.3363305],[18.6126016,54.3363308],[18.6126014,54.3363827],[18.6126031,54.336436],[18.6126273,54.336436],[18.6126334,54.3367088],[18.6126102,54.3367091],[18.6126152,54.3368142],[18.6127074,54.3368134],[18.6127127,54.336981],[18.6124019,54.3369819],[18.6124014,54.3369789],[18.612405,54.3369786],[18.6124046,54.3369676],[18.6124248,54.3369572],[18.6124215,54.3368712],[18.6124654,54.3368706],[18.6124644,54.3368202],[18.6124407,54.3368205],[18.6124381,54.3367643],[18.6124157,54.3367646],[18.6124142,54.3367062],[18.6124379,54.3367062],[18.6124352,54.3366019],[18.6124172,54.3366019],[18.6124148,54.3364929],[18.6124316,54.3364926],[18.6124279,54.3363872],[18.6124258,54.3363267],[18.6124504,54.3363264],[18.6124492,54.3362759],[18.6124086,54.3362765],[18.6124072,54.3362235],[18.6123787,54.3362238],[18.6123762,54.3361097]]]]},"properties":{"addr:city":"Gdańsk","addr:country":"PL","addr:housenumber":"38","addr:postcode":"80-809","addr:street":"Władysława Cieszyńskiego","building":"retail","building:levels":"2","height":"8","shop":"mall","source:addr":"Urząd Miasta Gdańsk","source:geometry":"gis.gdansk.pl"}},
{"type":"Feature","geometry":{"type":"MultiPolygon","coordinates":[[[[18.6119367,54.3361159],[18.6121789,54.3361136],[18.6121797,54.3362788],[18.6121602,54.3362788],[18.6121641,54.3363872],[18.612118,54.3363878],[18.6121217,54.3365478],[18.6121465,54.3365475],[18.6121486,54.3366554],[18.6121726,54.3366551],[18.6121733,54.3367089],[18.6121975,54.3367089],[18.6122002,54.3368231],[18.6121742,54.3368236],[18.6121785,54.3369507],[18.6121966,54.3369505],[18.6121973,54.3369667],[18.6122152,54.3369665],[18.612216,54.3369812],[18.6122273,54.3369812],[18.6122316,54.3371275],[18.6121951,54.3371499],[18.611943,54.3371526],[18.6119402,54.3370406],[18.6119867,54.3370401],[18.6119781,54.3367704],[18.6119557,54.3367707],[18.6119367,54.3361159]]]]},"properties":{"addr:city":"Gdańsk","addr:country":"PL","addr:housenumber":"36","addr:postcode":"80-809","addr:street":"Władysława Cieszyńskiego","building":"retail","building:levels":"2","height":"8","shop":"mall","source:addr":"Urząd Miasta Gdańsk","source:geometry":"gis.gdansk.pl"}},
{"type":"Feature","geometry":{"type":"MultiPolygon","coordinates":[[[[18.586022,54.3516118],[18.5861335,54.351511],[18.5862324,54.3514222],[18.586339,54.3513276],[18.5864306,54.3513628],[18.5864451,54.3513501],[18.5865768,54.351401],[18.5865793,54.3513988],[18.5865857,54.3514012],[18.5865293,54.3514518],[18.5865519,54.3514603],[18.5865545,54.3514578],[18.5865611,54.3514601],[18.5865582,54.3514628],[18.5865953,54.3514768],[18.5864985,54.3515635],[18.5864931,54.3515686],[18.5864573,54.351554899999999],[18.586425,54.3515841],[18.586408,54.3515777],[18.5862653,54.351705],[18.586022,54.3516118]]]]},"properties":{"addr:city":"Gdańsk","addr:country":"PL","addr:housenumber":"24","addr:postcode":"80-126","addr:street":"Piekarnicza","brand":"Biedronka","brand:wikidata":"Q857182","brand:wikipedia":"pl:Biedronka (sieć handlowa)","building":"yes","building:levels":"2","check_date":"2025-05-29","name":"Biedronka","opening_hours":"Mo-Sa 06:00-23:00; Su 09:00-20:00","roof:shape":"flat","shop":"supermarket","source":"www.geoportal.gov.pl","source:addr":"Urząd Miasta Gdańsk","website":"https://www.biedronka.pl/pl/shop,id,3569"}},
{"type":"Feature","geometry":{"type":"MultiPolygon","coordinates":[[[[18.588076,54.356659],[18.588098,54.356638],[18.588094,54.356637],[18.588495,54.356248],[18.588837,54.356369],[18.588915,54.356396],[18.588805,54.356503],[18.58873,54.356577],[18.58865,54.356549],[18.588435,54.356757],[18.5881719,54.3566644],[18.588148,54.356656],[18.588126,54.356677],[18.588076,54.356659]]]]},"properties":{"addr:city":"Gdańsk","addr:country":"PL","addr:housenumber":"21","addr:postcode":"80-288","addr:street":"Franciszka Rakoczego","brand":"Lidl","brand:wikidata":"Q151954","brand:wikipedia":"en:Lidl","building":"retail","building:levels":"1","name":"Lidl","opening_hours":"Mo-Sa 06:00-22:00","shop":"supermarket","source:addr":"Urząd Miasta Gdańsk","source:building":"BDOT"}},
{"type":"Feature","geometry":{"type":"MultiPolygon","coordinates":[[[[18.6014771,54.3464118],[18.6015591,54.3463154],[18.6024399,54.3465678],[18.60235,54.3466686],[18.6014771,54.3464118]]]]},"properties":{"addr:city":"Gdańsk","addr:country":"PL","addr:housenumber":"218","addr:postcode":"80-122","addr:street":"Kartuska","building":"yes","shop":"mall","source:addr":"Urząd Miasta Gdańsk"}},
{"type":"Feature","geometry":{"type":"MultiPolygon","coordinates":[[[[18.5585764,54.3797537],[18.5587729,54.3797396],[18.5587974,54.3798514],[18.5586001,54.3798655],[18.5585764,54.3797537]]]]},"properties":{"addr:city":"Gdańsk","addr:country":"PL","addr:housenumber":"49","addr:postcode":"80-281","addr:street":"Góralska","building":"retail","building:levels":"1","name":"Kami","shop":"convenience","source:addr":"Urząd Miasta Gdańsk"}},
{"type":"Feature","geometry":{"type":"MultiPolygon","coordinates":[[[[18.525678,54.3771802],[18.5256806,54.3771135],[18.5258954,54.3771163],[18.5258928,54.3771829],[18.525678,54.3771802]]]]},"properties":{"addr:city":"Gdańsk","addr:country":"PL","addr:housenumber":"2A","addr:postcode":"80-298","addr:street":"Cytrowa","brand":"Żabka","brand:wikidata":"Q2589061","brand:wikipedia":"pl:Żabka (sieć sklepów)","building":"yes","name":"Żabka","name:pl":"Żabka","name:uk":"Жабка","shop":"convenience","source:addr":"Urząd Miasta Gdańsk"}},
{"type":"Feature","geometry":{"type":"MultiPolygon","coordinates":[[[[18.4925387,54.3551312],[18.4925391,54.3550719],[18.4925404,54.3549895],[18.4925668,54.3549895],[18.4927365,54.3549897],[18.4927359,54.3549763],[18.4927553,54.354976],[18.4927759,54.3549756],[18.4927766,54.3549897],[18.4928436,54.3549898],[18.4929032,54.355016],[18.492902,54.3550994],[18.4928429,54.3550992],[18.4928434,54.3551732],[18.4928423,54.3551757],[18.4927484,54.355175],[18.4927385,54.355175],[18.4925562,54.3551743],[18.4925394,54.3551592],[18.4925387,54.3551312]]]]},"properties":{"addr:city":"Gdańsk","addr:country":"PL","addr:housenumber":"2","addr:postcode":"80-298","addr:street":"Osiedlowa","brand":"Carrefour Express","brand:wikidata":"Q2940190","brand:wikipedia":"fr:Carrefour Express","building":"retail","building:levels":"2","check_date":"2025-03-25","name":"Carrefour Express","opening_hours":"Mo-Fr 06:00-22:00; Sa 07:00-22:00; Su 10:00-20:00","operator":"Groupe Carrefour","operator:wikidata":"Q3117359","operator:wikipedia":"fr:Groupe Carrefour","shop":"convenience","source:addr":"Urząd Miasta Gdańsk","source:building":"BDOT"}},
{"type":"Feature","geometry":{"type":"MultiPolygon","coordinates":[[[[18.5507779,54.3205129],[18.5516323,54.319083],[18.5516085,54.3190776],[18.5516308,54.3190388],[18.5516827,54.318949],[18.5517125,54.3189547],[18.5522686,54.3180452],[18.5538983,54.318381],[18.5536835,54.3187498],[18.5534413,54.3187003],[18.5534398,54.3187029],[18.5533401,54.318682],[18.5533002,54.3187408],[18.553239,54.3187284],[18.5531872,54.3187178],[18.5532216,54.3186577],[18.5531281,54.3186378],[18.553092,54.3186966],[18.5528142,54.3186397],[18.5524879,54.3191762],[18.552446,54.319246],[18.552508,54.319259],[18.55251,54.319256],[18.552564,54.319267],[18.552562000000003,54.31927],[18.553199,54.319401],[18.553078,54.319604],[18.5531245,54.3196135],[18.553171,54.319623],[18.553119,54.31971],[18.553072,54.3197005],[18.553025,54.319691],[18.552903,54.319894],[18.552266,54.319763],[18.552264,54.319766],[18.552209,54.319754],[18.552211,54.319751],[18.552148,54.319739],[18.5517814,54.3203442],[18.5526008,54.3207242],[18.5526515,54.3207477],[18.5526045,54.3207808],[18.5525575,54.320814],[18.5527287,54.3208967],[18.5522899,54.3212189],[18.5507779,54.3205129]]]]},"properties":{"addr:city":"Gdańsk","addr:country":"PL","addr:housenumber":"8","addr:postcode":"80-174","addr:street":"Przywidzka","building":"retail","building:levels":"1","check_date:opening_hours":"2021-07-06","email":"info@designeroutletgdansk.com","name":"Designer Outlet Gdańsk","name:ru":"ТЦ Designer Outlet","name_old":"Fashion House Outlet Centre Gdańsk","opening_hours":"Mo-Sa 10:00-21:00; Su 10:00-20:00","phone":"+48 58 320 99 44","shop":"mall","source:building":"EGiB","toilets":"yes","website":"https://www.designeroutletgdansk.pl/"}},
{"type":"Feature","geometry":{"type":"MultiPolygon","coordinates":[[[[18.5820975,54.3189281],[18.5823669,54.3188322],[18.5824273,54.3188107],[18.5827748,54.3191418],[18.582442,54.3192605],[18.5825303,54.3193429],[18.5824641,54.3193658],[18.5822459,54.3191575],[18.5823139,54.3191332],[18.5820975,54.3189281]]]]},"properties":{"addr:city":"Gdańsk","addr:country":"PL","addr:housenumber":"8","addr:postcode":"80-180","addr:street":"Kazimierza Porębskiego","brand":"Biedronka","brand:wikidata":"Q857182","brand:wikipedia":"pl:Biedronka (sieć handlowa)","building":"supermarket","name":"Biedronka","opening_hours":"Mo-Sa 06:00-23:00","operator":"Jeronimo Martins Polska S.A.","shop":"supermarket","source:addr":"Urząd Miasta Gdańsk"}},
{"type":"Feature","geometry":{"type":"MultiPolygon","coordinates":[[[[18.6354824,54.323799],[18.6356724,54.3236671],[18.6357028,54.3236821],[18.6357354,54.3236594],[18.6359523,54.3237657],[18.6357298,54.3239202],[18.6354824,54.323799]]]]},"properties":{"addr:city":"Gdańsk","addr:country":"PL","addr:housenumber":"1","addr:postcode":"80-062","addr:street":"Żuławska","building":"supermarket","name":"Merkus","shop":"supermarket","source:addr":"Urząd Miasta Gdańsk"}},
{"type":"Feature","geometry":{"type":"MultiPolygon","coordinates":[[[[18.676893,54.342711],[18.676948,54.342662],[18.6771,54.342722],[18.677043,54.342769],[18.676893,54.342711]]]]},"properties":{"addr:city":"Gdańsk","addr:country":"PL","addr:housenumber":"43","addr:postcode":"80-744","addr:street":"Maki","brand":"abc","brand:wikidata":"Q11683985","building":"residential","name":"abc","shop":"convenience","source:addr":"Urząd Miasta Gdańsk","source:building":"EGiB"}},
{"type":"Feature","geometry":{"type":"MultiPolygon","coordinates":[[[[18.7227343,54.3603323],[18.7227396,54.360306],[18.7227508,54.3603068],[18.7227623,54.3602497],[18.7228631,54.3602561],[18.7228588,54.3602774],[18.7228794,54.3602788],[18.7228668,54.3603413],[18.7227343,54.3603323]]]]},"properties":{"addr:city":"Gdańsk","addr:country":"PL","addr:housenumber":"10E","addr:postcode":"80-633","addr:street":"Jodłowa","brand":"abc","brand:wikidata":"Q11683985","building":"yes","name":"abc","opening_hours":"Mo-Sa 07:00-20:00; Su 09:00-20:00","shop":"convenience","source:addr":"Urząd Miasta Gdańsk"}},
{"type":"Feature","geometry":{"type":"MultiPolygon","coordinates":[[[[18.5172488,54.3728564],[18.5175964,54.3722013],[18.5177813,54.3722339],[18.5180246,54.3720267],[18.5181158,54.371949],[18.5185111,54.3716164],[18.5188931,54.3714981],[18.5193398,54.3713604],[18.5197266,54.371423],[18.5197988,54.3712882],[18.5207175,54.3714506],[18.5205982,54.3716555],[18.520829,54.3716978],[18.5208133,54.371727],[18.5207954,54.371764],[18.5212103,54.3718421],[18.5210007,54.3722161],[18.5214823,54.372304],[18.5213383,54.3725721],[18.521581,54.3726179],[18.5213227,54.3730889],[18.5208662,54.3730072],[18.5203975,54.3738673],[18.5196841,54.3737392],[18.5202574,54.3726448],[18.5205274,54.3721321],[18.5204949,54.3720957],[18.5204707,54.3721029],[18.5204423,54.3720703],[18.5204226,54.3720496],[18.5204447,54.3720425],[18.5204127,54.3720074],[18.5199891,54.3719296],[18.5199972,54.3719129],[18.5197779,54.3718732],[18.5197667,54.371889],[18.5195203,54.3718453],[18.5195299,54.371828],[18.5193053,54.3717881],[18.5192967,54.3718056],[18.5186442,54.3716891],[18.518218,54.3725027],[18.5182873,54.372515],[18.5183014,54.3725175],[18.5182522,54.3726039],[18.5182401,54.3726018],[18.518176,54.3725904],[18.5180266,54.3728686],[18.5180911,54.3728801],[18.5181089,54.3728833],[18.5180723,54.3729472],[18.5180545,54.3729444],[18.5179906,54.3729343],[18.5179674,54.372982],[18.5172488,54.3728564]]]]},"properties":{"addr:city":"Gdańsk","addr:country":"PL","addr:housenumber":"26","addr:postcode":"80-286","addr:street":"Złota Karczma","building":"retail","contact:phone":"+48 58 76 99 444","contact:website":"http://www.matarnia.parkhandlowy.pl","name":"Matarnia Park Handlowy","opening_hours":"Mo-Sa 10:00-21:00; Su 10:00-20:00","shop":"mall"}},
{"type":"Feature","geometry":{"type":"MultiPolygon","coordinates":[[[[18.5620134,54.4324596],[18.5620264,54.4323505],[18.5620297,54.4323229],[18.5626622,54.4323507],[18.5626388,54.4324869],[18.5620134,54.4324596]]]]},"properties":{"addr:city":"Sopot","addr:country":"PL","addr:housenumber":"691","addr:postcode":"81-853","addr:street":"Aleja Niepodległości","brand":"Biedronka","brand:wikidata":"Q857182","brand:wikipedia":"pl:Biedronka (sieć handlowa)","building":"retail","name":"Biedronka","opening_hours":"Mo-Sa 06:00-22:00","operator":"Jeronimo Martins Polska S.A.","shop":"supermarket"}},
{"type":"Feature","geometry":{"type":"MultiPolygon","coordinates":[[[[18.5626701,54.4433293],[18.5627253,54.4433394],[18.5627299,54.4433381],[18.5627895,54.4433552],[18.5628282,54.4433693],[18.5628449,54.4433595],[18.5628936,54.4433892],[18.5628789,54.443402],[18.5629602,54.4435123],[18.5629701,54.443512],[18.562973,54.4435167],[18.5626955,54.4435279],[18.5626906,54.4435045],[18.5626701,54.4433293]]]]},"properties":{"addr:city":"Sopot","addr:country":"PL","addr:housenumber":"25","addr:postcode":"81-767","addr:street":"Bohaterów Monte Cassino","building":"yes","name":"Dom Handlowy Monte","opening_hours":"Mo-Fr 11:00-19:00; Sa 11:00-16:00; Su off","shop":"mall"}},
{"type":"Feature","geometry":{"type":"MultiPolygon","coordinates":[[[[18.5875695,54.310122],[18.5879056,54.3100664],[18.5879411,54.3100605],[18.5881198,54.3104347],[18.5876722,54.3105082],[18.587595,54.3103442],[18.587611,54.3103416],[18.5876716,54.3103317],[18.5875695,54.310122]]]]},"properties":{"addr:city":"Gdańsk","addr:housenumber":"62","addr:postcode":"80-480","addr:street":"Wielkopolska","brand":"Biedronka","brand:wikidata":"Q857182","brand:wikipedia":"pl:Biedronka (sieć handlowa)","building":"supermarket","name":"Biedronka","opening_hours":"Mo-Sa 07:00-21:00; Su 09:00-20:00","operator":"Jeronimo Martins Polska S.A.","shop":"supermarket","source:addr":"Urząd Miasta Gdańsk","website":"https://www.biedronka.pl/pl/shop,id,949"}},
{"type":"Feature","geometry":{"type":"MultiPolygon","coordinates":[[[[18.5664008,54.3107628],[18.5668181,54.3104427],[18.5671887,54.310606],[18.5670106,54.3107411],[18.5669483,54.3107143],[18.5667227,54.3108856],[18.5667084,54.3108971],[18.5664212,54.3107732],[18.5664008,54.3107628]]]]},"properties":{"addr:city":"Kowale","addr:city:simc":"0163989","addr:housenumber":"1A","addr:postcode":"80-180","addr:street":"Zeusa","addr:street:sym_ul":"26011","brand":"Biedronka","brand:wikidata":"Q857182","brand:wikipedia":"pl:Biedronka (sieć handlowa)","building":"retail","building:levels":"1","name":"Biedronka","operator":"Jeronimo Martins Polska S.A.","shop":"supermarket","source:addr":"kolbudy.e-mapa.net","source:building":"BDOT","source:geometry":"EGiB","website":"https://www.biedronka.pl/pl/shop,id,3527"}},
{"type":"Feature","geometry":{"type":"MultiPolygon","coordinates":[[[[18.5666774,54.311181500000007],[18.5672935,54.310708],[18.5673344,54.3107262],[18.5673627,54.3107388],[18.5675007,54.3106328],[18.5680042,54.3108568],[18.5677125,54.3110809],[18.5677363,54.3110915],[18.5676922,54.3111254],[18.5676445,54.3111621],[18.5678988,54.3112753],[18.5676683,54.3114524],[18.5675282,54.3115601],[18.5666774,54.311181500000007]]]]},"properties":{"addr:city":"Kowale","addr:city:simc":"0163989","addr:housenumber":"32","addr:postcode":"80-180","addr:street":"Staropolska","addr:street:sym_ul":"20971","building":"commercial","name":"Centrum Handlowe Kowale","shop":"mall","source:addr":"kolbudy.e-mapa.net","website":"https://www.centrumkowale.pl/"}},
{"type":"Feature","geometry":{"type":"MultiPolygon","coordinates":[[[[18.6131263,54.3258446],[18.613163,54.3258337],[18.613161,54.325831],[18.6135188,54.3257246],[18.614012,54.3262925],[18.6138969,54.3263266],[18.613857,54.3262789],[18.6136125,54.326352],[18.6133887,54.3260922],[18.6133113,54.326116],[18.6131739,54.3259579],[18.613252,54.3259353],[18.6132004,54.3258762],[18.6131637,54.3258871],[18.6131263,54.3258446]]]]},"properties":{"addr:city":"Gdańsk","addr:housenumber":"3","addr:postcode":"80-041","addr:street":"Platynowa","brand":"Lidl","brand:wikidata":"Q151954","brand:wikipedia":"en:Lidl","building":"retail","name":"Lidl","opening_hours":"Mo-Sa 06:00-22:00","shop":"supermarket"}},
{"type":"Feature","geometry":{"type":"MultiPolygon","coordinates":[[[[18.6109018,54.3281952],[18.6109067,54.3281912],[18.6109199,54.3281971],[18.6110884,54.3280103],[18.611071,54.3280059],[18.6110746,54.3280017],[18.6116265,54.3281342],[18.6116412,54.3281114],[18.6116315,54.3281086],[18.6116347,54.3281045],[18.6117412,54.3281304],[18.6117379,54.328135],[18.6117154,54.3281295],[18.611701,54.3281522],[18.6117232,54.3281578],[18.6117195,54.3281619],[18.6116969,54.3281564],[18.6114556,54.3284235],[18.6114787,54.3284333],[18.6114742,54.3284372],[18.6109018,54.3281952]]]]},"properties":{"addr:city":"Gdańsk","addr:country":"PL","addr:housenumber":"2A","addr:postcode":"80-034","addr:street":"Wawelska","building":"construction","construction":"retail","shop":"mall"}},
{"type":"Feature","geometry":{"type":"MultiPolygon","coordinates":[[[[18.6144115,54.3278896],[18.6145011,54.3277893],[18.6145133,54.3277932],[18.6145291,54.3277754],[18.614517,54.3277715],[18.6146383,54.3276369],[18.6151486,54.3277933],[18.6149214,54.3280464],[18.6144115,54.3278896]]]]},"properties":{"addr:city":"Gdańsk","addr:housenumber":"2","addr:postcode":"80-041","addr:street":"Generała Augusta Emila Fieldorfa","building":"retail","building:levels":"2","shop":"mall","source:addr":"Urząd Miasta Gdańsk","source:building":"BDOT","source:geometry":"EGiB"}},
{"type":"Feature","geometry":{"type":"MultiPolygon","coordinates":[[[[18.6000672,54.3298923],[18.6002993,54.3294711],[18.6003537,54.329426],[18.6007021,54.3294926],[18.6004453,54.3299649],[18.6000672,54.3298923]]]]},"properties":{"addr:city":"Gdańsk","addr:country":"PL","addr:housenumber":"1","addr:postcode":"80-809","addr:street":"Rogalińska","brand":"Carrefour Market","brand:wikidata":"Q2689639","building":"retail","name":"Carrefour Market","shop":"supermarket"}},
{"type":"Feature","geometry":{"type":"MultiPolygon","coordinates":[[[[18.655585,54.334052],[18.65586,54.334005],[18.65588,54.334047],[18.655927,54.33404],[18.655961,54.334106],[18.655604,54.334166],[18.655586,54.33413],[18.655621,54.334124],[18.655585,54.334052]]]]},"properties":{"addr:city":"Gdańsk","addr:housenumber":"29","addr:postcode":"80-734","addr:street":"Olszyńska","brand":"Lewiatan","brand:wikidata":"Q11755396","building":"retail","building:levels":"1","name":"Lewiatan","opening_hours":"Mo-Sa 06:00-21:00","operator":"Koszko Marek. Firma usługowo - handlowo - transportowa","shop":"convenience","source:addr":"Urząd Miasta Gdańsk","source:building":"BDOT","source:geometry":"EGiB","website":"https://www.lewiatan.pl/znajdz-sklep/lewiatan-gdansk-olszynska-29"}},
{"type":"Feature","geometry":{"type":"MultiPolygon","coordinates":[[[[18.583776,54.331934],[18.58393,54.331934],[18.583929,54.331782],[18.5842229,54.3317827],[18.5842223,54.332264],[18.58393,54.332264],[18.583929,54.332262],[18.583853,54.332262],[18.583853,54.332046],[18.583776,54.332046],[18.583776,54.331934]]]]},"properties":{"addr:city":"Gdańsk","addr:housenumber":"59","addr:postcode":"80-180","addr:street":"Warszawska","brand":"Biedronka","brand:wikidata":"Q857182","brand:wikipedia":"pl:Biedronka (sieć handlowa)","building":"retail","building:levels":"1","name":"Biedronka","opening_hours":"Mo-Sa 06:00-23:00; Su 06:00-22:30","operator":"Jeronimo Martins Polska S.A.","shop":"supermarket","source:addr":"Urząd Miasta Gdańsk","source:building":"BDOT","source:geometry":"EGiB","website":"https://www.biedronka.pl/pl/shop,id,358"}},
{"type":"Feature","geometry":{"type":"MultiPolygon","coordinates":[[[[18.5964842,54.335337],[18.5966987,54.3352796],[18.5966619,54.3352306],[18.5967478,54.3352068],[18.5967762,54.3352434],[18.5968205,54.3353008],[18.5970193,54.3355578],[18.5971155,54.3356822],[18.5968166,54.335763],[18.5968107,54.3357577],[18.5967487,54.3357756],[18.5967162,54.3357375],[18.5967804,54.3357189],[18.5967328,54.335656],[18.596656,54.3356775],[18.5964871,54.3354606],[18.5965643,54.3354381],[18.5964842,54.335337]]]]},"properties":{"addr:city":"Gdańsk","addr:country":"PL","addr:housenumber":"21","addr:postcode":"80-180","addr:street":"Warszawska","brand":"Lidl","brand:wikidata":"Q151954","brand:wikipedia":"en:Lidl","building":"retail","name":"Lidl","opening_hours":"Mo-Sa 06:00-22:00; Su 09:00-19:00","shop":"supermarket"}},
{"type":"Feature","geometry":{"type":"MultiPolygon","coordinates":[[[[18.5970221,54.3360552],[18.5972217,54.3359696],[18.5971767,54.3359319],[18.5972408,54.3359031],[18.5977312,54.3362901],[18.597514,54.3363838],[18.5974916,54.3363931],[18.5974612,54.3364064],[18.5974319,54.3363831],[18.5970221,54.3360552]]]]},"properties":{"addr:city":"Gdańsk","addr:country":"PL","addr:housenumber":"19","addr:postcode":"80-180","addr:street":"Warszawska","brand":"Netto","brand:wikidata":"Q552652","building":"retail","building:material":"brick","contact:website":"http://www.netto.pl","name":"Netto","opening_hours":"Mo-Sa 07:00-21:00; Su 08:00-20:00","roof:colour":"brown","roof:shape":"hipped","shop":"supermarket","source:addr":"Urząd Miasta Gdańsk","website":"http://www.netto.pl"}},
{"type":"Feature","geometry":{"type":"MultiPolygon","coordinates":[[[[18.5485345,54.325536],[18.5486022,54.3255054],[18.5485633,54.3254761],[18.5487948,54.3253714],[18.549199,54.3256756],[18.5489605,54.3257833],[18.5488933,54.3257328],[18.5488299,54.3257615],[18.5487667,54.3257139],[18.5487112,54.325739],[18.5485601,54.3256254],[18.5486183,54.325599],[18.5485345,54.325536]]]]},"properties":{"addr:city":"Gdańsk","addr:country":"PL","addr:housenumber":"46","addr:postcode":"80-175","addr:street":"Jabłoniowa","brand":"Biedronka","brand:wikidata":"Q857182","brand:wikipedia":"pl:Biedronka (sieć handlowa)","building":"supermarket","name":"Biedronka","opening_hours":"Mo-Sa 07:00-21:00; Su 09:00-20:00","operator":"Jeronimo Martins Polska S.A.","shop":"supermarket","website":"https://www.biedronka.pl/pl/shop,id,2040"}},
{"type":"Feature","geometry":{"type":"MultiPolygon","coordinates":[[[[18.6239514,54.3264306],[18.6240639,54.3264298],[18.6240652,54.3264939],[18.6239527,54.3264947],[18.6239514,54.3264306]]]]},"properties":{"building":"retail","name":"Piekarnia Spółdzielnia Kolbudy","nohousenumber":"yes","opening_hours":"Mo-Fr 06:00-17:00; Sa 07:00-14:00","shop":"convenience"}},
{"type":"Feature","geometry":{"type":"MultiPolygon","coordinates":[[[[18.582806,54.358317],[18.5829377,54.3582984],[18.583407,54.358232],[18.583511,54.358482],[18.58291,54.358568],[18.582806,54.358317]]]]},"properties":{"addr:city":"Gdańsk","addr:country":"PL","addr:housenumber":"13","addr:postcode":"80-288","addr:street":"Franciszka Rakoczego","brand":"Netto","brand:wikidata":"Q552652","building":"retail","building:levels":"1","contact:website":"http://www.netto.pl","name":"Netto","opening_hours":"Mo-Sa 07:00-22:00; Su 08:00-20:00","operator":"Netto Sp. z o.o.","shop":"supermarket","source:addr":"Urząd Miasta Gdańsk","source:building":"BDOT","website":"http://www.netto.pl"}},
{"type":"Feature","geometry":{"type":"MultiPolygon","coordinates":[[[[18.479455,54.4306343],[18.4798542,54.4305745],[18.4798354,54.4305296],[18.4800791,54.4304935],[18.4801947,54.4307564],[18.4795498,54.4308518],[18.479534,54.4308156],[18.479455,54.4306343]]]]},"properties":{"addr:city":"Gdańsk","addr:housenumber":"17","addr:postcode":"80-299","addr:street":"Osowski Zakątek","building":"retail","name":"Biedronka","opening_hours":"Mo-Sa 07:00-21:00; Su 09:00-20:00","operator":"Jeronimo Martins Polska S.A.","shop":"supermarket","source:addr":"Urząd Miasta Gdańsk","website":"https://www.biedronka.pl/pl/shop,id,545"}},
{"type":"Feature","geometry":{"type":"MultiPolygon","coordinates":[[[[18.5910079,54.3905662],[18.5913307,54.3903521],[18.5915512,54.3904649],[18.5916803,54.3905309],[18.5916702,54.3905376],[18.5918453,54.3906275],[18.5919067,54.390587],[18.5921296,54.3907015],[18.5920699,54.3907409],[18.59215,54.3907821],[18.5921533,54.3907799],[18.5921564,54.3907814],[18.5921528,54.3907837],[18.5921855,54.3908006],[18.5922168,54.3908167],[18.5922207,54.3908141],[18.5922247,54.3908162],[18.5922224,54.3908177],[18.5922234,54.3908182],[18.5918929,54.3910374],[18.5918494,54.3910152],[18.5917448,54.3909618],[18.5918232,54.3909098],[18.5914334,54.3907106],[18.5913711,54.3907519],[18.5910079,54.3905662]]]]},"properties":{"addr:city":"Gdańsk","addr:housenumber":"69","addr:postcode":"80-465","addr:street":"Franciszka Hynka","brand":"Lidl","brand:wikidata":"Q151954","brand:wikipedia":"en:Lidl","building":"retail","name":"Lidl","opening_hours":"Mo-Sa 06:00-22:00; Su 09:00-20:00","shop":"supermarket","source:addr":"Urząd Miasta Gdańsk"}},
{"type":"Feature","geometry":{"type":"MultiPolygon","coordinates":[[[[18.619581,54.3371253],[18.619674,54.3368376],[18.6196373,54.336839],[18.6196383,54.336868],[18.6196309,54.3368687],[18.6195941,54.3359534],[18.6200945,54.335947],[18.6202828,54.3359446],[18.6202836,54.3359802],[18.6208166,54.3359732],[18.6208154,54.3359513],[18.6209396,54.3359495],[18.6209399,54.335972],[18.6212634,54.3359677],[18.6212639,54.3359457],[18.6212118,54.3359169],[18.6212607,54.3358871],[18.6212527,54.335679],[18.6212514,54.3356441],[18.6214309,54.3356427],[18.6215066,54.3356421],[18.621549,54.3366895],[18.6215656,54.3370993],[18.621554,54.3370996],[18.6215535,54.3370857],[18.6215421,54.3370864],[18.6215426,54.3371075],[18.621489,54.3371096],[18.6214519,54.3371107],[18.6214242,54.3371116],[18.6214247,54.3371194],[18.6214364,54.3371194],[18.6214368,54.337122],[18.6212554,54.3371244],[18.6211765,54.3371255],[18.6211768,54.337121],[18.6200524,54.3371589],[18.6200473,54.3370268],[18.6199921,54.3370275],[18.6199824,54.3370599],[18.6198962,54.3370671],[18.6197929,54.3370758],[18.6196404,54.3370886],[18.619658,54.3370317],[18.6196224,54.3370322],[18.6195927,54.3371261],[18.619581,54.3371253]]]]},"properties":{"addr:city":"Gdańsk","addr:housenumber":"30","addr:postcode":"80-809","addr:street":"Cienista","building":"retail","name":"Galeria Chełm","shop":"mall"}},
{"type":"Feature","geometry":{"type":"MultiPolygon","coordinates":[[[[18.6162077,54.3771281],[18.6162459,54.3771195],[18.6162441,54.377116],[18.61625,54.3771146],[18.6162521,54.3771173],[18.616538,54.3770539],[18.6165357,54.3770507],[18.6166181,54.3770322],[18.6166853,54.3771356],[18.6166709,54.3771388],[18.6166767,54.3771478],[18.6166911,54.3771447],[18.6169064,54.3774751],[18.6168338,54.3774911],[18.6168385,54.3774977],[18.6165346,54.3775651],[18.6163435,54.3772721],[18.6163034,54.3772811],[18.6162312,54.37717],[18.6162349,54.377169],[18.6162222,54.3771499],[18.6162077,54.3771281]]]]},"properties":{"addr:city":"Gdańsk","addr:housenumber":"32","addr:postcode":"80-237","addr:street":"Jana Uphagena","brand":"Lidl","brand:wikidata":"Q151954","brand:wikipedia":"en:Lidl","building":"retail","building:levels":"1","check_date":"2025-01-27","name":"Lidl","opening_hours":"Mo-Sa 06:00-22:00; Su off","roof:levels":"0","shop":"supermarket","website":"https://www.lidl.pl/"}},
{"type":"Feature","geometry":{"type":"MultiPolygon","coordinates":[[[[18.5659302,54.4315823],[18.566111,54.4310394],[18.566523,54.4310859],[18.566342,54.4316288],[18.5659302,54.4315823]]]]},"properties":{"addr:city":"Sopot","addr:housenumber":"8-10","addr:postcode":"81-745","addr:street":"Polna","amenity":"marketplace","building":"roof","layer":"1","name":"Sopocki Rynek","opening_hours":"\"W sobotę bez konkretnych godzin\"","wheelchair":"yes"}},
{"type":"Feature","geometry":{"type":"MultiPolygon","coordinates":[[[[18.4172976,54.4432972],[18.4173183,54.443185],[18.4173944,54.4431898],[18.4174246,54.4430284],[18.4174345,54.4429754],[18.4175114,54.4429803],[18.4175116,54.442978],[18.4177205,54.4429914],[18.4178041,54.4429967],[18.4177335,54.4433807],[18.4177277,54.443411],[18.4177027,54.4434228],[18.4174324,54.443406],[18.4174409,54.4433632],[18.4173009,54.4433544],[18.4173111,54.4432981],[18.4172976,54.4432972]]]]},"properties":{"addr:city":"Chwaszczyno","addr:housenumber":"139","addr:street":"Oliwska","brand":"Biedronka","brand:wikidata":"Q857182","brand:wikipedia":"pl:Biedronka (sieć handlowa)","building":"retail","building:levels":"1","email":"bok@biedronka.eu","name":"Biedronka","name:ru":"Бедронка","opening_hours":"Mo-Sa 07:00-22:00; Su 09:00-20:00","operator":"Jeronimo Martins Polska S.A.","payment:blik":"yes","payment:cash":"yes","payment:contactless":"yes","payment:diners_club":"yes","payment:maestro":"yes","payment:mastercard":"yes","payment:sodexo":"yes","payment:v_pay":"yes","payment:visa":"yes","payment:visa_debit":"yes","payment:visa_electron":"yes","phone":"+48 22 205 33 00","shop":"supermarket","source":"www.geoportal.gov.pl","source:addr":"UG Żukowo","website":"https://www.biedronka.pl/pl/shop,id,7759"}},
{"type":"Feature","geometry":{"type":"MultiPolygon","coordinates":[[[[18.555403,54.3508759],[18.5555394,54.3507703],[18.5555528,54.350725],[18.5555541,54.3506992],[18.5555583,54.3506187],[18.5555788,54.3505831],[18.5556396,54.350565],[18.5556959,54.3505748],[18.5559873,54.3506566],[18.5559779,54.3506679],[18.5561496,54.3507173],[18.5563295,54.3507688],[18.5563474,54.3507481],[18.5565732,54.3508108],[18.5563273,54.3511085],[18.556091,54.3511721],[18.5560278,54.3510926],[18.5560021,54.3510882],[18.5556171,54.3511922],[18.5556125,54.3511877],[18.5555714,54.3511986],[18.5554811,54.3510825],[18.5555083,54.3510753],[18.5555222,54.3510716],[18.5554729,54.3510086],[18.5554313,54.3509548],[18.5554597,54.3509471],[18.555403,54.3508759]]]]},"properties":{"addr:city":"Gdańsk","addr:housenumber":"102","addr:postcode":"80-283","addr:street":"Myśliwska","building":"retail","building:levels":"1","roof:shape":"flat","shop":"mall","start_date":"2023-09"}},
{"type":"Feature","geometry":{"type":"MultiPolygon","coordinates":[[[[18.477068,54.414459],[18.477904,54.414431],[18.477904,54.414434],[18.477986,54.414431],[18.477984,54.414396],[18.478101,54.414392],[18.478105,54.414427],[18.47911,54.414394],[18.479115,54.414443],[18.479175,54.414441],[18.479182,54.414504],[18.479122,54.414506],[18.479147,54.414766],[18.479207,54.414764],[18.479213,54.414827],[18.479153,54.414829],[18.47919,54.415201],[18.478835,54.415213],[18.478838,54.415259],[18.478713,54.415263],[18.478708,54.415217],[18.478368,54.415228],[18.478376,54.415312],[18.477992,54.415324],[18.477991,54.415322],[18.477799,54.415328],[18.477154,54.41535],[18.477146,54.415268],[18.477068,54.414459]]]]},"properties":{"addr:city":"Gdańsk","addr:country":"PL","addr:housenumber":"50a","addr:postcode":"80-299","addr:street":"Wodnika","alt_name":"Hala Kwiatowa","building":"warehouse","building:levels":"1","description":"Hala Kwiatowa","ref":"H1","shop":"mall","source:building":"BDOT","source:geometry":"EGiB"}},
{"type":"Feature","geometry":{"type":"MultiPolygon","coordinates":[[[[18.5098022,54.376682],[18.5106199,54.3766311],[18.5109691,54.3767886],[18.5109691,54.3768042],[18.5107997,54.3768174],[18.5107961,54.376797],[18.5107638,54.3767559],[18.5105627,54.3768113],[18.5098332,54.3768572],[18.5098022,54.376682]]]]},"properties":{"addr:city":"Gdańsk","addr:housenumber":"159","addr:postcode":"80-298","addr:street":"Juliusza Słowackiego","brand":"Biedronka","brand:wikidata":"Q857182","building":"retail","building:levels":"1","name":"Biedronka","opening_hours":"Mo-Fr 07:00-21:00;Sa-Su 08:00-20:00","operator":"Jeronimo Martins Polska S.A.","shop":"supermarket","source:addr":"Urząd Miasta Gdańsk","website":"https://www.biedronka.pl/pl/shop,id,1031"}},
{"type":"Feature","geometry":{"type":"MultiPolygon","coordinates":[[[[18.4845727,54.4106321],[18.4850252,54.4106236],[18.4850462,54.4110122],[18.4846671,54.4110195],[18.4846567,54.4108207],[18.4845833,54.4108215],[18.4845727,54.4106321]]]]},"properties":{"addr:city":"Gdańsk","addr:housenumber":"11","addr:postcode":"80-299","addr:street":"Meteorytowa","building":"retail","building:levels":"1","name":"Biedronka","opening_hours":"8:00-20:00","operator":"Jeronimo Martins Polska S.A.","roof:levels":"0","shop":"supermarket","source:addr":"Urząd Miasta Gdańsk","source:building":"BDOT","website":"https://www.biedronka.pl/pl/shop,id,2070"}},
{"type":"Feature","geometry":{"type":"MultiPolygon","coordinates":[[[[18.5860335,54.4147232],[18.5861149,54.4147229],[18.5861148,54.4147109],[18.5862132,54.4147104],[18.5862163,54.4147818],[18.5862238,54.4149558],[18.5862242,54.4150127],[18.5860495,54.4150116],[18.5860356,54.4147938],[18.5860335,54.4147232]]]]},"properties":{"brand":"Żabka","brand:wikidata":"Q2589061","building":"yes","building:levels":"1","name":"Żabka","name:pl":"Żabka","name:uk":"Жабка","shop":"convenience"}},
{"type":"Feature","geometry":{"type":"MultiPolygon","coordinates":[[[[18.5592263,54.4084736],[18.5592422,54.4084435],[18.5593736,54.4081382],[18.5594166,54.4081229],[18.5597278,54.4081709],[18.5600973,54.4082273],[18.5599485,54.4086235],[18.5596474,54.408579],[18.5595198,54.4085476],[18.5594299,54.4085248],[18.559371,54.40851],[18.5592263,54.4084736]]]]},"properties":{"amenity":"marketplace","name":"Targowisko w Oliwie"}},
{"type":"Feature","geometry":{"type":"MultiPolygon","coordinates":[[[[18.47634,54.425001],[18.476349,54.425001],[18.476351,54.425009],[18.476422,54.425003],[18.476416,54.424981],[18.476406,54.424982],[18.47639,54.424918],[18.476595,54.424901],[18.476611,54.424965],[18.476605,54.424965],[18.47661,54.424987],[18.476626,54.424986],[18.476627,54.424991],[18.476613,54.424992],[18.476625,54.425045],[18.476358,54.425068],[18.47634,54.425001]]]]},"properties":{"addr:city":"Gdańsk","addr:housenumber":"2","addr:postcode":"80-299","addr:street":"Delfina","building":"retail","name":"Delfin","shop":"convenience","source:addr":"Urząd Miasta Gdańsk","source:building":"EGiB"}},
{"type":"Feature","geometry":{"type":"MultiPolygon","coordinates":[[[[18.6329348,54.3792813],[18.6329389,54.3791954],[18.6329854,54.379197],[18.6329862,54.3791868],[18.6330803,54.3791885],[18.6330796,54.3792052],[18.633076,54.379296],[18.6329815,54.379295],[18.6329821,54.3792821],[18.6329348,54.3792813]]]]},"properties":{"addr:city":"Gdańsk","addr:housenumber":"38","addr:postcode":"80-870","addr:street":"Mikołaja Reja","brand":"Żabka","brand:wikidata":"Q2589061","brand:wikipedia":"pl:Żabka (sieć sklepów)","building":"yes","name":"Żabka","name:pl":"Żabka","name:uk":"Жабка","shop":"convenience"}},
{"type":"Feature","geometry":{"type":"MultiPolygon","coordinates":[[[[18.479071,54.308806],[18.479115,54.308747],[18.479206,54.30877],[18.479241,54.308723],[18.479318,54.308742],[18.479249,54.308837],[18.479211,54.308827],[18.479202,54.308839999999999],[18.479071,54.308806]]]]},"properties":{"brand":"Odido","brand:wikidata":"Q106947294","building":"retail","building:levels":"2","check_date":"2024-05-12","name":"Odido","shop":"convenience","source:building":"BDOT","website":"https://www.sklepy-odido.pl/znajdz-sklep/sokola-4"}},
{"type":"Feature","geometry":{"type":"MultiPolygon","coordinates":[[[[18.6189088,54.3834493],[18.6189109,54.383396],[18.619009,54.3833973],[18.619008,54.3834235],[18.6190251,54.3834237],[18.619024,54.3834509],[18.6189088,54.3834493]]]]},"properties":{"addr:city":"Gdańsk","addr:housenumber":"18","addr:street":"Adama Mickiewicza","building":"yes","name":"AT Outlet","shop":"convenience","source:geometry":"gis.gdansk.pl"}},
{"type":"Feature","geometry":{"type":"MultiPolygon","coordinates":[[[[18.735213,54.338874],[18.735326,54.338829],[18.73544,54.338927],[18.735327,54.338972],[18.735213,54.338874]]]]},"properties":{"amenity":"fuel","brand":"Amic","brand:wikidata":"Q96047373","building":"yes","building:levels":"1","name":"AMIC Energy","shop":"convenience","source:building":"BDOT","source:geometry":"EGiB"}},
{"type":"Feature","geometry":{"type":"MultiPolygon","coordinates":[[[[18.6415734,54.3405979],[18.6417823,54.3405202],[18.6419123,54.340639],[18.6417035,54.3407167],[18.6415734,54.3405979]]]]},"properties":{"addr:city":"Gdańsk","addr:housenumber":"1","addr:postcode":"80-044","addr:street":"Trakt Świętego Wojciecha","building":"retail","building:levels":"1","name":"Watis","shop":"convenience","source:building":"EGiB","toilets":"yes"}},
{"type":"Feature","geometry":{"type":"MultiPolygon","coordinates":[[[[18.6111659,54.3903526],[18.6111936,54.3903494],[18.61118,54.390307],[18.6118305,54.3900139],[18.6123207,54.3901631],[18.612332,54.3901502],[18.6134819,54.3903738],[18.6133994,54.3904664],[18.6134806,54.3904922],[18.6134223,54.3905576],[18.6133406,54.3905326],[18.6131817,54.3907111],[18.6124941,54.3905023],[18.6124076,54.390476],[18.6121246,54.39039],[18.6112368,54.3904862],[18.6112228,54.390442],[18.6111954,54.3904452],[18.6111819,54.3904028],[18.6111659,54.3903526]]]]},"properties":{"addr:city":"Gdańsk","addr:housenumber":"33B","addr:postcode":"80-463","addr:street":"Aleja Rzeczypospolitej","building":"commercial","construction":"yes","name":"Gildia","shop":"mall","source:addr":"Urząd Miasta Gdańsk","wheelchair":"yes"}},
{"type":"Feature","geometry":{"type":"MultiPolygon","coordinates":[[[[18.4708883,54.3137203],[18.4710438,54.3137202],[18.471044,54.3138028],[18.4708885,54.3138029],[18.4708883,54.3137203]]]]},"properties":{"addr:housenumber":"32B","addr:place":"Sulmin","addr:postcode":"83-331","brand":"Livio","brand:wikidata":"Q108599511","building":"yes","name":"Livio","opening_hours":"Mo-Sa 06:00-20:00","shop":"convenience","source:addr":"UG Żukowo"}},
{"type":"Feature","geometry":{"type":"MultiPolygon","coordinates":[[[[18.478089,54.418666],[18.478231,54.418288],[18.4786131,54.4183362],[18.478472,54.418714],[18.478089,54.418666]]]]},"properties":{"addr:city":"Gdańsk","addr:housenumber":"98","addr:postcode":"80-299","addr:street":"Junony","building":"retail","building:levels":"1","name":"POLOmarket","shop":"supermarket","source:building":"BDOT"}},
{"type":"Feature","geometry":{"type":"MultiPolygon","coordinates":[[[[18.7057443,54.3506809],[18.7065323,54.3493556],[18.7070314,54.3484323],[18.7083007,54.3483102],[18.7084685,54.3484116],[18.7108005,54.3488715],[18.7109444,54.3496323],[18.7090927,54.3500464],[18.7100499,54.3512925],[18.7093717,54.3516143],[18.7091584,54.3513753],[18.7085884,54.3512834],[18.7084021,54.3513489],[18.7068493,54.3510497],[18.7066681,54.3508932],[18.7061374,54.3507524],[18.7057443,54.3506809]]]]},"properties":{"amenity":"marketplace","check_date":"2023-05-31","landuse":"commercial","name":"Giełda kwiatowa","proposed:landuse":"industrial","proposed:name":"Panattoni Park Tricity East VII"}},
{"type":"Feature","geometry":{"type":"MultiPolygon","coordinates":[[[[18.4510648,54.4122064],[18.4512712,54.4121718],[18.4513147,54.4122603],[18.4511083,54.4122949],[18.4510648,54.4122064]]]]},"properties":{"addr:city":"Gdańsk","addr:housenumber":"31","addr:postcode":"80-299","addr:street":"Wenus","building":"yes","building:levels":"2","shop":"convenience","source:addr":"Urząd Miasta Gdańsk","source:building":"BDOT","source:geometry":"EGiB"}},
{"type":"Feature","geometry":{"type":"MultiPolygon","coordinates":[[[[18.6360411,54.3322718],[18.6363604,54.3322512],[18.6363622,54.3322604],[18.6366649,54.3322408],[18.6366739,54.3322881],[18.6370736,54.3322623],[18.6371032,54.3324179],[18.6371935,54.3324121],[18.6372105,54.3325014],[18.6371905,54.3325027],[18.6361107,54.3325724],[18.6360767,54.3323936],[18.6360644,54.3323944],[18.6360411,54.3322718]]]]},"properties":{"addr:city":"Gdańsk","addr:housenumber":"11","addr:postcode":"80-042","addr:street":"Sandomierska","brand":"Lidl","brand:wikidata":"Q151954","brand:wikipedia":"en:Lidl","building":"retail","name":"Lidl","opening_hours":"Mo-Sa 08:00-21:00; Su 09:00-18:00","shop":"supermarket","source:addr":"Urząd Miasta Gdańsk","source:geometry":"geoportal.gov.pl:ortofoto"}},
{"type":"Feature","geometry":{"type":"MultiPolygon","coordinates":[[[[18.4729605,54.4256688],[18.4731716,54.425638],[18.4729908,54.4252533],[18.4731496,54.4252316],[18.4733685,54.4257032],[18.4730023,54.4257617],[18.4729605,54.4256688]]]]},"properties":{"addr:city":"Gdańsk","addr:housenumber":"2","addr:postcode":"80-299","addr:street":"Koziorożca","building":"yes","building:levels":"1","name":"Czerwona Torebka","operator":"Czerwona Torebka","shop":"mall"}},
{"type":"Feature","geometry":{"type":"MultiPolygon","coordinates":[[[[18.5238456,54.3756159],[18.5243546,54.3755483],[18.5243331,54.3754956],[18.5244787,54.3754748],[18.5244998,54.3755283],[18.5246561,54.3755068],[18.5247462,54.3757368],[18.524422,54.3757806],[18.5244419,54.3758294],[18.5241513,54.3758678],[18.5241322,54.375819],[18.5240216,54.3758341],[18.5240306,54.3758583],[18.5239506,54.375869],[18.5238681,54.3756658],[18.5238654,54.3756658],[18.5238456,54.3756159]]]]},"properties":{"addr:city":"Gdańsk","addr:housenumber":"21","addr:postcode":"80-298","addr:street":"Złota Karczma","brand":"Lidl","brand:wikidata":"Q151954","brand:wikipedia":"en:Lidl","building":"retail","building:levels":"1","name":"Lidl","roof:levels":"0","shop":"supermarket","source:addr":"Urząd Miasta Gdańsk"}},
{"type":"Feature","geometry":{"type":"MultiPolygon","coordinates":[[[[18.4131483,54.4434339],[18.413236,54.443434],[18.4132336,54.4433661],[18.4131944,54.443367],[18.4131914,54.4433186],[18.4136314,54.4433124],[18.413648,54.4438497],[18.4135221,54.4438504],[18.4135179,54.4437955],[18.4132505,54.4437993],[18.4132458,54.4436051],[18.413159,54.443603],[18.4131483,54.4434339]]]]},"properties":{"addr:city":"Chwaszczyno","addr:city:simc":"0177170","addr:housenumber":"122","addr:postcode":"80-209","addr:street":"Oliwska","addr:street:sym_ul":"14994","building":"retail","building:levels":"1","name":"Lidl","shop":"supermarket","source:addr":"zukowo.e-mapa.net","source:building":"BDOT","source:geometry":"EGiB"}},
{"type":"Feature","geometry":{"type":"MultiPolygon","coordinates":[[[[18.4765747,54.4243588],[18.477052,54.4243139],[18.4770544,54.4243226],[18.4770723,54.4243206],[18.4770701,54.4243113],[18.4772821,54.4242918],[18.4772848,54.4243006],[18.4773026,54.4242988],[18.4773002,54.4242899],[18.4774759,54.4242732],[18.4775401,54.424267],[18.4776054,54.4244965],[18.4775412,54.4245027],[18.476731,54.4245809],[18.4766878,54.4244237],[18.476596,54.424433],[18.4765747,54.4243588]]]]},"properties":{"addr:city":"Gdańsk","addr:country":"PL","addr:housenumber":"38","addr:postcode":"80-299","addr:street":"Wodnika","building":"retail","building:levels":"1","name":"Lidl","roof:orientation":"along","roof:shape":"gabled","shop":"supermarket"}},
{"type":"Feature","geometry":{"type":"MultiPolygon","coordinates":[[[[18.4964731,54.3533285],[18.497067,54.3531781],[18.4971564,54.3532952],[18.4972224,54.3533857],[18.4966268,54.3535357],[18.4964731,54.3533285]]]]},"properties":{"addr:city":"Gdańsk","addr:country":"PL","addr:housenumber":"467","addr:postcode":"80-298","addr:street":"Kartuska","brand":"Biedronka","brand:wikidata":"Q857182","brand:wikipedia":"pl:Biedronka (sieć handlowa)","building":"retail","building:levels":"1","name":"Biedronka","opening_hours":"Mo-Sa 07:00-21:00; Su 09:00-20:00","operator":"Jeronimo Martins Polska S.A.","shop":"supermarket","website":"https://www.biedronka.pl/pl/shop,id,2036"}},
{"type":"Feature","geometry":{"type":"MultiPolygon","coordinates":[[[[18.5129204,54.350691],[18.5129303,54.3506425],[18.5130258,54.3506491],[18.5130928,54.3503214],[18.5134128,54.3503436],[18.5134296,54.3502613],[18.5135109,54.350267],[18.5134071,54.3507745],[18.5130001,54.3507463],[18.5130101,54.3506973],[18.5129204,54.350691]]]]},"properties":{"addr:city":"Gdańsk","addr:country":"PL","addr:housenumber":"3","addr:postcode":"80-177","addr:street":"Kalinowa","brand":"Netto","brand:wikidata":"Q552652","brand:wikipedia":"en:Netto (store)","building":"yes","contact:website":"https://netto.pl/sklepy/gdansk/ul-kalinowa-3/d775682739d04d74b22aba9514f0dc11/","name":"Netto","opening_hours":"Mo-Sa 07:00-22:00; Su 08:00-20:00","shop":"supermarket","source:addr":"Urząd Miasta Gdańsk"}},
{"type":"Feature","geometry":{"type":"MultiPolygon","coordinates":[[[[18.6696902,54.3471526],[18.6698723,54.3469449],[18.6703075,54.3470712],[18.670298,54.3470821],[18.6703398,54.3470946],[18.6703575,54.3470768],[18.6706287,54.3471572],[18.6706499,54.3472312],[18.6706191,54.3472673],[18.6705411,54.3472439],[18.6703983,54.3474084],[18.6701373,54.3473342],[18.6701555,54.347315],[18.6697312,54.3471918],[18.6697498,54.3471692],[18.6696902,54.3471526]]]]},"properties":{"brand":"Lidl","brand:wikidata":"Q151954","brand:wikipedia":"en:Lidl","building":"yes","name":"Lidl","shop":"supermarket"}},
{"type":"Feature","geometry":{"type":"MultiPolygon","coordinates":[[[[18.5648889,54.3313029],[18.5649987,54.3311131],[18.5656315,54.3312388],[18.5656366,54.3312299],[18.5658318,54.3312687],[18.5658287,54.3312745],[18.565817,54.3312717],[18.5657877,54.3313226],[18.5657986,54.3313246],[18.5657427,54.3314206],[18.5657322,54.3314182],[18.5656967,54.3314788],[18.5657083,54.3314812],[18.5657052,54.3314866],[18.5655143,54.3314391],[18.565522,54.3314283],[18.5648889,54.3313029]]]]},"properties":{"addr:city":"Gdańsk","addr:housenumber":"21","addr:postcode":"80-175","addr:street":"Jabłoniowa","building":"yes","shop":"mall"}},
{"type":"Feature","geometry":{"type":"MultiPolygon","coordinates":[[[[18.59688,54.3638678],[18.5969731,54.3638411],[18.5970408,54.3639181],[18.5969494,54.3639447],[18.59688,54.3638678]]]]},"properties":{"building":"yes","name":"Iza","shop":"convenience"}},
{"type":"Feature","geometry":{"type":"MultiPolygon","coordinates":[[[[18.562376,54.36582],[18.562593,54.365674],[18.562988,54.365873],[18.5628126,54.3659915],[18.562772,54.366019],[18.562605,54.365935],[18.562575,54.365956],[18.562513,54.365924],[18.562543,54.365904],[18.562376,54.36582]]]]},"properties":{"addr:city":"Gdańsk","addr:housenumber":"15D","addr:postcode":"80-293","addr:street":"Potokowa","brand":"Biedronka","brand:wikidata":"Q857182","brand:wikipedia":"pl:Biedronka (sieć handlowa)","building":"retail","building:levels":"1","email":"bok@biedronka.eu","name":"Biedronka","name:ru":"Бедронка","operator":"Jeronimo Martins Polska S.A.","payment:blik":"yes","payment:cash":"yes","payment:contactless":"yes","payment:diners_club":"yes","payment:maestro":"yes","payment:mastercard":"yes","payment:sodexo":"yes","payment:v_pay":"yes","payment:visa":"yes","payment:visa_debit":"yes","payment:visa_electron":"yes","phone":"+48 22 205 33 00","shop":"supermarket","source:addr":"Urząd Miasta Gdańsk","source:building":"BDOT","source:geometry":"EGiB","website":"https://www.biedronka.pl/pl/shop,id,968"}},
{"type":"Feature","geometry":{"type":"MultiPolygon","coordinates":[[[[18.6595731,54.341246],[18.6597926,54.3410753],[18.660057,54.3408733],[18.6600997,54.3408924],[18.6601159,54.34088],[18.6601463,54.3408936],[18.6601299,54.3409062],[18.66031,54.340987],[18.6601793,54.3410813],[18.6601245,54.3410549],[18.6598315,54.3412794],[18.6597671,54.3412509],[18.6597191,54.3412297],[18.659669,54.3412674],[18.6596501,54.3412588],[18.6596334,54.3412727],[18.6595731,54.341246]]]]},"properties":{"addr:city":"Gdańsk","addr:housenumber":"35/38","addr:postcode":"80-769","addr:street":"Łąkowa","brand":"Biedronka","brand:wikidata":"Q857182","brand:wikipedia":"pl:Biedronka (sieć handlowa)","building":"retail","building:levels":"2","construction:shop":"supermarket","email":"bok@biedronka.eu","name":"Biedronka","name:pl":"Biedronka","name:ru":"Бедронка","operator":"Jeronimo Martins Polska S.A.","shop":"supermarket","source":"www.geoportal.gov.pl","website":"https://www.biedronka.pl/pl/shop,id,845"}},
{"type":"Feature","geometry":{"type":"MultiPolygon","coordinates":[[[[18.6318169,54.4020754],[18.6318653,54.402075],[18.6318652,54.402074],[18.6325568,54.402063],[18.6325694,54.4023364],[18.6322774,54.4023411],[18.6322753,54.4022943],[18.6319044,54.4023],[18.6319044,54.402302],[18.6318271,54.4023027],[18.6318169,54.4020754]]]]},"properties":{"addr:city":"Gdańsk","addr:housenumber":"21L","addr:postcode":"80-518","addr:street":"Gdańska","brand":"Biedronka","brand:wikidata":"Q857182","brand:wikipedia":"pl:Biedronka (sieć handlowa)","building":"retail","building:levels":"1","email":"bok@biedronka.eu","name":"Biedronka","name:ru":"Бедронка","opening_hours":"Mo-Sa 06:00-23:00; Su 09:00-20:00","operator":"Jeronimo Martins Polska S.A.","payment:blik":"yes","payment:cash":"yes","payment:contactless":"yes","payment:diners_club":"yes","payment:maestro":"yes","payment:mastercard":"yes","payment:sodexo":"yes","payment:v_pay":"yes","payment:visa":"yes","payment:visa_debit":"yes","payment:visa_electron":"yes","phone":"+48 22 205 33 00","shop":"supermarket","source:building":"BDOT","source:geometry":"EGiB","website":"https://www.biedronka.pl"}},
{"type":"Feature","geometry":{"type":"MultiPolygon","coordinates":[[[[18.4771809,54.3457106],[18.4772785,54.3456926],[18.4772837,54.3457011],[18.477368,54.3456848],[18.4774018,54.3457441],[18.477378,54.3457488],[18.4773897,54.3457671],[18.4772339,54.3457988],[18.4771809,54.3457106]]]]},"properties":{"building":"yes","name":"U Jana","shop":"convenience"}},
{"type":"Feature","geometry":{"type":"MultiPolygon","coordinates":[[[[18.4971158,54.2836081],[18.4971351,54.2834405],[18.4976997,54.2834623],[18.4976794,54.2836306],[18.4971158,54.2836081]]]]},"properties":{"addr:city":"Lublewo Gdańskie","addr:city:simc":"0164003","addr:housenumber":"39A","addr:postcode":"83-050","addr:street":"Generała Józefa Wybickiego","addr:street:sym_ul":"24906","brand":"Lewiatan","brand:wikidata":"Q11755396","building":"yes","name":"Lewiatan","shop":"convenience","source:addr":"kolbudy.e-mapa.net","website":"https://www.lewiatan.pl/znajdz-sklep/lewiatan-lublewo-gdanskie-wybickiego-39a"}},
{"type":"Feature","geometry":{"type":"MultiPolygon","coordinates":[[[[18.5708289,54.3372981],[18.5712455,54.3371156],[18.5714647,54.33729],[18.5715084,54.3372711],[18.5715703,54.337317],[18.5712814,54.3374454],[18.5712712,54.3374502],[18.5711517,54.3375007],[18.5710749,54.3374946],[18.5709393,54.3373862],[18.5709296,54.3373784],[18.5708289,54.3372981]]]]},"properties":{"addr:city":"Gdańsk","addr:housenumber":"332","addr:postcode":"80-125","addr:street":"Kartuska","brand":"Biedronka","brand:wikidata":"Q857182","building":"retail","name":"Biedronka","operator":"Jeronimo Martins Polska S.A.","shop":"supermarket","website":"https://www.biedronka.pl/pl/shop,id,374"}},
{"type":"Feature","geometry":{"type":"MultiPolygon","coordinates":[[[[18.473986,54.414849],[18.474449,54.414834],[18.474481,54.415157],[18.474018,54.415172],[18.473986,54.414849]]]]},"properties":{"building":"warehouse","building:levels":"1","description":"Pawilon owocowo-warzywny","ref":"P2","shop":"mall","source:building":"BDOT","source:geometry":"EGiB"}},
{"type":"Feature","geometry":{"type":"MultiPolygon","coordinates":[[[[18.47394,54.414365],[18.474403,54.414349],[18.474434,54.414672],[18.473971,54.414687],[18.47394,54.414365]]]]},"properties":{"building":"warehouse","building:levels":"1","description":"Pawilon owocowo-warzywny i ryby","ref":"P1","shop":"mall","source:building":"BDOT","source:geometry":"EGiB"}},
{"type":"Feature","geometry":{"type":"MultiPolygon","coordinates":[[[[18.5237555,54.350843],[18.5246918,54.3507556],[18.5250105,54.3507233],[18.5258342,54.3506488],[18.5258639,54.3508094],[18.5259614,54.3508016],[18.5260289,54.3510405],[18.5262187,54.3510228],[18.5262837,54.3512592],[18.5263535,54.3512537],[18.5264133,54.3514596],[18.5262373,54.3514762],[18.5262271,54.351437],[18.5261395,54.3514446],[18.5262062,54.3516656],[18.5263957,54.3516476],[18.5264018,54.3516671],[18.5264774,54.3516584],[18.5265036,54.351759],[18.5264296,54.3517679],[18.5265143,54.3520615],[18.5263202,54.3520822],[18.5264512,54.3525625],[18.5262525,54.3525796],[18.526083,54.352655],[18.5260224,54.3524386],[18.5255717,54.3524813],[18.5256985,54.3529532],[18.5252986,54.3529951],[18.5247802,54.3530463],[18.5247466,54.3529104],[18.5243353,54.3529475],[18.5242983,54.352814],[18.52424,54.3525996],[18.5242071,54.3526027],[18.5241743,54.3526058],[18.5241545,54.3525338],[18.5241871,54.3525295],[18.5242195,54.3525252],[18.5238651,54.3512448],[18.5238424,54.3511642],[18.5238102,54.3511671],[18.5237762,54.3511701],[18.5237573,54.3510948],[18.5237895,54.351092],[18.5238215,54.3510892],[18.5237555,54.350843]]]]},"properties":{"addr:city":"Gdańsk","addr:housenumber":"3","addr:postcode":"80-176","addr:street":"Szczęśliwa","building":"yes","name":"Centrum Handlowe Auchan Gdańsk","opening_hours":"Mo-Sa 08:00-22:00; Su 09:00-21:00; Jan 1 off; Jan 6 off; May 1 off; May 3 off; Aug 15 off; Nov 1 off; Nov 11 off; Dec 25-26 off","operator":"Immochan","phone":"+48 58 7698644","shop":"mall","website":"https://www.auchan.pl/auchan-gdansk/o-sklepie"}},
{"type":"Feature","geometry":{"type":"MultiPolygon","coordinates":[[[[18.560919,54.308646],[18.560962,54.308617],[18.561047,54.308561],[18.561091,54.308583],[18.561223,54.30865],[18.561148,54.3087],[18.561155,54.308704],[18.561105,54.308737],[18.561098,54.308733],[18.561095,54.308736],[18.560919,54.308646]]]]},"properties":{"building":"retail","building:levels":"1","shop":"convenience","source:building":"BDOT","source:geometry":"EGiB"}},
{"type":"Feature","geometry":{"type":"MultiPolygon","coordinates":[[[[18.6125325,54.3374135],[18.6129812,54.3373391],[18.6132059,54.3373018],[18.6136672,54.337679],[18.6136721,54.3377545],[18.6135229,54.3377593],[18.6135322,54.3378141],[18.6130982,54.337827],[18.6130951,54.3377743],[18.61303,54.3377764],[18.6125684,54.3377909],[18.6125325,54.3374135]]]]},"properties":{"addr:city":"Gdańsk","addr:housenumber":"1A","addr:postcode":"80-809","addr:street":"Władysława Cieszyńskiego","building":"yes","shop":"mall"}},
{"type":"Feature","geometry":{"type":"MultiPolygon","coordinates":[[[[18.5185467,54.3722872],[18.5185479,54.3722272],[18.518691,54.3719538],[18.5189984,54.3718584],[18.5201217,54.372059],[18.520288999999999,54.3722405],[18.5201381,54.3725169],[18.5200963,54.3725614],[18.5200094,54.3725717],[18.5186251,54.3723242],[18.5185467,54.3722872]]]]},"properties":{"addr:city":"Gdańsk","addr:country":"PL","addr:housenumber":"26","addr:postcode":"80-286","addr:street":"Złota Karczma","building":"retail","contact:phone":"+48 58 76 99 444","contact:website":"http://www.matarnia.parkhandlowy.pl","opening_hours":"Mo-Sa 10:00-21:00; Su 10:00-20:00","shop":"mall"}},
{"type":"Feature","geometry":{"type":"MultiPolygon","coordinates":[[[[18.4797205,54.4324569],[18.4798723,54.4323508],[18.479909,54.4323251],[18.4799189,54.4323289],[18.4799148,54.4323323],[18.4804685,54.432603],[18.4804723,54.4325995],[18.4804824,54.4326032],[18.4804438,54.4326291],[18.4805464,54.4328233],[18.4804422,54.4328958],[18.4798479,54.4326066],[18.4798615,54.4325971],[18.4797205,54.4324569]]]]},"properties":{"addr:city":"Gdańsk","addr:housenumber":"65","addr:postcode":"80-299","addr:street":"Spacerowa","building":"retail","building:levels":"2","shop":"mall","source:building":"BDOT","source:geometry":"EGiB"}},
{"type":"Feature","geometry":{"type":"MultiPolygon","coordinates":[[[[18.5674853,54.311593],[18.5675282,54.3115601],[18.5676683,54.3114524],[18.5681039,54.3116462],[18.5679209,54.3117868],[18.5674853,54.311593]]]]},"properties":{"building":"yes","shop":"mall"}},
{"type":"Feature","geometry":{"type":"MultiPolygon","coordinates":[[[[18.568879,54.337209],[18.568902,54.337204],[18.5688929,54.3371858],[18.568884,54.337168],[18.569249,54.337102],[18.569216,54.337037],[18.569422,54.337001],[18.569575,54.33729],[18.569374,54.337327],[18.569398,54.33737],[18.569003,54.337442],[18.568879,54.337209]]]]},"properties":{"addr:city":"Gdańsk","addr:housenumber":"1","addr:postcode":"80-175","addr:street":"Limbowa","brand":"ALDI","brand:wikidata":"Q41171373","brand:wikipedia":"en:Aldi","building":"retail","name":"ALDI","operator":"ALDI Sp. z o.o.","phone":"+48323570300","shop":"supermarket","source:building":"EGiB","website":"https://aldi.pl"}},
{"type":"Feature","geometry":{"type":"MultiPolygon","coordinates":[[[[18.6038741,54.3828952],[18.604175,54.3827659],[18.604452,54.3826444],[18.6044791,54.3826324],[18.6045025,54.382622],[18.6057,54.3820854],[18.6060494,54.3819288],[18.6060689,54.381949],[18.6060765,54.3819547],[18.6061492,54.3820326],[18.6062477,54.3820903],[18.606255,54.3820946],[18.6062992,54.3821213],[18.6063556,54.3821423],[18.6064152,54.3821626],[18.606495,54.3821806],[18.6065985,54.3821941],[18.6062428,54.3833999],[18.6061134,54.3833849],[18.6060991,54.3833482],[18.6060462,54.3833433],[18.605976,54.383337],[18.6059374,54.3834613],[18.6057906,54.383447],[18.6057712,54.383512],[18.6057559,54.3835378],[18.6057284,54.3835674],[18.6057052,54.3835839],[18.605666,54.3836046],[18.6056239,54.3836185],[18.6055811,54.3836274],[18.6055519,54.3836308],[18.6055106,54.3836314],[18.6054694,54.3836296],[18.605419,54.3836224],[18.6053754,54.3836099],[18.6053288,54.38359],[18.6052915,54.3835623],[18.6052719,54.3835412],[18.6052545,54.3835023],[18.6052552,54.3834491],[18.6052855,54.3833435],[18.605303,54.3832687],[18.6053237,54.3832372],[18.6043272,54.3831496],[18.604271,54.383144],[18.6041997,54.3831377],[18.6040676,54.3830361],[18.6038741,54.3828952]]]]},"properties":{"addr:city":"Gdańsk","addr:country":"PL","addr:housenumber":"4","addr:postcode":"80-452","addr:street":"Jana Kilińskiego","building":"yes","building:levels":"5","contact:website":"http://galeriametropolia.pl/","image":"https://photos.app.goo.gl/bopvF1LSUR5YMnaW9","name":"Galeria Metropolia","opening_hours":"Mo-Sa 09:00-21:00; Su 10:00-20:00","shop":"mall","url":"https://polska-org.pl/8259146,Gdansk,Galeria_Metropolia.html","url:0":"https://fotopolska.eu/430517,obiekt.html?map_z=18"}},
{"type":"Feature","geometry":{"type":"MultiPolygon","coordinates":[[[[18.61675,54.3559209],[18.616755,54.3559103],[18.616831,54.3557484],[18.6172462,54.3558146],[18.617268,54.355768],[18.6173843,54.3557866],[18.6173921,54.3557701],[18.6175556,54.3557962],[18.6175263,54.3558584],[18.6175737,54.355866],[18.6174923,54.3560392],[18.61675,54.3559209]]]]},"properties":{"addr:city":"Gdańsk","addr:country":"PL","addr:housenumber":"11A","addr:postcode":"80-171","addr:street":"Ludwika Beethovena","brand":"Biedronka","brand:wikidata":"Q857182","brand:wikipedia":"pl:Biedronka (sieć handlowa)","building":"supermarket","name":"Biedronka","opening_hours":"Mo-Sa 06:00-22:00","operator":"Jeronimo Martins Polska S.A.","shop":"supermarket","source":"gis.gdansk.pl","website":"https://www.biedronka.pl/pl/shop,id,2717"}},
{"type":"Feature","geometry":{"type":"MultiPolygon","coordinates":[[[[18.5826152,54.3285379],[18.5828586,54.3282571],[18.5835604,54.3284639],[18.5834113,54.3286359],[18.5829594,54.3285027],[18.5828651,54.3286115],[18.5826152,54.3285379]]]]},"properties":{"addr:city":"Gdańsk","addr:housenumber":"25","addr:postcode":"80-180","addr:street":"Piotrkowska","brand":"Stokrotka","brand:wikidata":"Q9345945","brand:wikipedia":"pl:Stokrotka (sieć handlowa)","building":"yes","building:levels":"1","name":"Stokrotka","opening_hours":"Mo-Sa 07:00-22:00; Su 08:30-21:30","shop":"supermarket","source:addr":"Urząd Miasta Gdańsk"}},
{"type":"Feature","geometry":{"type":"MultiPolygon","coordinates":[[[[18.6716323,54.347953],[18.6716592,54.3478608],[18.6717028,54.3477501],[18.6717425,54.3476872],[18.6717513,54.347676],[18.6717837,54.3476438],[18.6718039,54.3476216],[18.6720119,54.3473495],[18.6721262,54.3473175],[18.6721343,54.3473061],[18.6721393,54.3472907],[18.673356,54.3474989],[18.6735089,54.3477639],[18.6735368,54.3478359],[18.673579,54.3479448],[18.6735265,54.3482046],[18.6735233,54.348211],[18.673366,54.3481875],[18.6733141,54.3483032],[18.6733915,54.3483161],[18.6733019,54.3485413],[18.6734046,54.3485592],[18.6733919,54.3485884],[18.6733609,54.3486465],[18.6734666,54.348663],[18.6734551,54.3486878],[18.6734476,54.348704],[18.6733585,54.3486901],[18.6733324,54.3487466],[18.6725734,54.3486469],[18.6725303,54.3486126],[18.6724203,54.3485999],[18.672363,54.3485924],[18.6723006,54.3486111],[18.6717894,54.3485439],[18.6718291,54.3484558],[18.6719167,54.3483728],[18.6717893,54.3482731],[18.6717074,54.3481766],[18.6716893,54.3481495],[18.6716743,54.348127],[18.6716625,54.3481093],[18.6716323,54.347953]]]]},"properties":{"amenity":"marketplace","barrier":"fence","contact:phone":"+48586850549","name":"Rynek Elbląska","source:geometry":"geoportal.gov.pl:ortofoto"}},
{"type":"Feature","geometry":{"type":"MultiPolygon","coordinates":[[[[18.5686112,54.3121131],[18.5689746,54.3118386],[18.5690651,54.3118794],[18.5690664,54.31188],[18.569021,54.3119143],[18.569009,54.3119088],[18.5689982,54.311917],[18.5697709,54.312265],[18.5694636,54.3124972],[18.5686112,54.3121131]]]]},"properties":{"addr:city":"Kowale","addr:city:simc":"0163989","addr:housenumber":"36","addr:postcode":"80-180","addr:street":"Staropolska","addr:street:sym_ul":"20971","brand":"Lidl","brand:wikidata":"Q151954","brand:wikipedia":"en:Lidl","building":"yes","building:levels":"1","name":"Lidl","opening_hours":"Mo-Sa 6:00-22:00; Su 9:00-19:00","payment:cash":"yes","payment:coins":"yes","payment:contactless":"yes","payment:credit_cards":"yes","payment:mastercard":"yes","payment:visa":"yes","shop":"supermarket","source:addr":"kolbudy.e-mapa.net","website":"https://www.lidl.pl"}},
{"type":"Feature","geometry":{"type":"MultiPolygon","coordinates":[[[[18.6022236,54.3468232],[18.6022771,54.3467578],[18.60235,54.3466686],[18.6024399,54.3465678],[18.602821,54.3466762],[18.602888,54.3467237],[18.6027482,54.3468984],[18.6027032,54.3469546],[18.6022236,54.3468232]]]]},"properties":{"addr:city":"Gdańsk","addr:housenumber":"214","addr:postcode":"80-122","addr:street":"Kartuska","building":"yes","check_date":"2023-01-21","internet_access":"no","name":"Centrum Kartuska","shop":"mall","source:addr":"Urząd Miasta Gdańsk","wheelchair":"yes"}},
{"type":"Feature","geometry":{"type":"MultiPolygon","coordinates":[[[[18.6324855,54.3275503],[18.6325892,54.32755],[18.6325896,54.3275977],[18.6324859,54.327598],[18.6324855,54.3275503]]]]},"properties":{"building":"yes","name":"Delikatesik Raduński Młyn","shop":"convenience"}},
{"type":"Feature","geometry":{"type":"MultiPolygon","coordinates":[[[[18.6392062,54.3259962],[18.6393233,54.3259817],[18.6393417,54.3260327],[18.6392247,54.3260471],[18.6392062,54.3259962]]]]},"properties":{"building":"yes","shop":"convenience"}},
{"type":"Feature","geometry":{"type":"MultiPolygon","coordinates":[[[[18.6437946,54.3483714],[18.6438307,54.348311699999999],[18.6438397,54.3482969],[18.6443695,54.3481637],[18.6444723,54.3484753],[18.6445497,54.3487044],[18.6443902,54.3487146],[18.6442391,54.3487241],[18.6439231,54.3487442],[18.6438228,54.3484634],[18.6437946,54.3483714]]]]},"properties":{"building:levels":"4","building:levels:underground":"1","building:part":"yes","height":"28","shop":"mall"}},
{"type":"Feature","geometry":{"type":"MultiPolygon","coordinates":[[[[18.6440634,54.3491948],[18.6440798,54.3491916],[18.6443486,54.3491404],[18.6444325,54.3491312],[18.6445802,54.3494199],[18.6443962,54.3494431],[18.6443287,54.3494574],[18.6442145,54.3494801],[18.6442028,54.3494826],[18.6441828,54.3494429],[18.6440634,54.3491948]]]]},"properties":{"building:levels":"3","building:levels:underground":"1","building:part":"yes","height":"30","shop":"mall"}},
{"type":"Feature","geometry":{"type":"MultiPolygon","coordinates":[[[[18.6427886,54.350064],[18.6428587,54.3496393],[18.6429177,54.3493921],[18.6428612,54.3493872],[18.6428802,54.3493176],[18.6429019,54.3492444],[18.6429585,54.3492499],[18.6433254,54.3484069],[18.6435521,54.3484504],[18.6435127,54.3485028],[18.6438538,54.3494983],[18.6438643,54.3495291],[18.6440056,54.3499217],[18.6434492,54.3499869],[18.6431813,54.3500165],[18.6431132,54.3500258],[18.6427886,54.350064]]]]},"properties":{"addr:city":"Gdańsk","addr:housenumber":"7","addr:postcode":"80-806","addr:street":"Targ Sienny","alt_name":"Galeria Forum Gdańsk","building":"mall","building:levels":"3","building:levels:underground":"1","description":"Położona w rejonie starówki jasna, przestronna nowoczesna galeria handlowa ze sklepami światowych marek i ok. 20 restauracjami.","email":"info@forumgdansk.pl","height":"23","level":"-1;0;1;2;3","name":"Forum Gdańsk","opening_hours":"Mo-Su 09:00-21:00","phone":"+48 58 732 61 20","shop":"mall","website":"https://forumgdansk.pl","wikidata":"Q65164240","wikipedia":"pl:Forum Gdańsk"}},
{"type":"Feature","geometry":{"type":"MultiPolygon","coordinates":[[[[18.6443636,54.3497613],[18.6443963,54.3497572],[18.6446542,54.3497149],[18.6447771,54.3496947],[18.6448926,54.3498893],[18.6444624,54.3499422],[18.6443636,54.3497613]]]]},"properties":{"building:levels":"3","building:levels:underground":"1","building:part":"yes","height":"24","shop":"mall"}},
{"type":"Feature","geometry":{"type":"MultiPolygon","coordinates":[[[[18.4113949,54.4450199],[18.4114662,54.4449804],[18.4115823,54.4448912],[18.4127274,54.443921],[18.4127549,54.4438985],[18.413785,54.443905],[18.414031,54.443908],[18.4145925,54.4439059],[18.4148919,54.444087],[18.415181,54.444254],[18.4152843,54.4443142],[18.4145134,54.4447924],[18.4140487,54.4450681],[18.412786,54.4458046],[18.4113949,54.4450199]]]]},"properties":{"addr:city":"Chwaszczyno","addr:housenumber":"5","addr:postcode":"80-209","addr:street":"Węglowa","amenity":"marketplace","name":"Giełda Samochodowa w Chwaszczynie","operator":"Gminna Spółdzielnia \"Samopomoc Chłopska\" w Żukowie","phone":"58-552-80-14","website":"http://gs-zukowo.pl/gielda/"}},
{"type":"Feature","geometry":{"type":"MultiPolygon","coordinates":[[[[18.6439485,54.3488139],[18.6442328,54.3487745],[18.6442892,54.3487718],[18.6443844,54.349055],[18.6443138,54.3490652],[18.6440508,54.3491085],[18.6439485,54.3488139]]]]},"properties":{"building:levels":"3","building:levels:underground":"1","building:part":"yes","height":"30","shop":"mall"}},
{"type":"Feature","geometry":{"type":"MultiPolygon","coordinates":[[[[18.6440508,54.3491085],[18.6443138,54.3490652],[18.64433,54.3491001],[18.6443486,54.3491404],[18.6440798,54.3491916],[18.6440508,54.3491085]]]]},"properties":{"building:levels":"3","building:levels:underground":"1","building:part":"yes","shop":"mall"}},
{"type":"Feature","geometry":{"type":"MultiPolygon","coordinates":[[[[18.6435843,54.3504524],[18.6440836,54.3503926],[18.644109,54.3504663],[18.6441727,54.3506508],[18.6441591,54.3506522],[18.6441667,54.350676],[18.6439842,54.3506957],[18.6439712,54.3506591],[18.6436662,54.3506947],[18.6435843,54.3504524]]]]},"properties":{"building":"yes","building:levels":"4","height":"22.5","shop":"mall"}},
{"type":"Feature","geometry":{"type":"MultiPolygon","coordinates":[[[[18.6442145,54.3494801],[18.6443287,54.3494574],[18.6443962,54.3494431],[18.6445802,54.3494199],[18.6447771,54.3496947],[18.6446542,54.3497149],[18.6443963,54.3497572],[18.6443871,54.3497227],[18.6444505,54.3496732],[18.6444659,54.3496487],[18.6444725,54.3496105],[18.6444621,54.3495809],[18.6444407,54.3495511],[18.6443558,54.3495004],[18.6442575,54.3494845],[18.6442197,54.349486],[18.6442145,54.3494801]]]]},"properties":{"building:levels":"1","building:levels:underground":"1","building:part":"yes","shop":"mall"}},
{"type":"Feature","geometry":{"type":"MultiPolygon","coordinates":[[[[18.6427548,54.350408],[18.6427616,54.3502352],[18.6427886,54.350064],[18.6431132,54.3500258],[18.6432182,54.3503254],[18.6432335,54.3503735],[18.6430797,54.3503937],[18.6428502,54.3504196],[18.6427548,54.350408]]]]},"properties":{"building":"yes","building:levels":"2","shop":"mall"}},
{"type":"Feature","geometry":{"type":"MultiPolygon","coordinates":[[[[18.5002432,54.3529937],[18.5011612,54.352755],[18.5012601,54.3527785],[18.501426,54.3529962],[18.5003535,54.3532751],[18.5002876,54.3531887],[18.5003746,54.3531661],[18.5002432,54.3529937]]]]},"properties":{"addr:city":"Gdańsk","addr:housenumber":"455","addr:postcode":"80-298","addr:street":"Kartuska","brand":"Lidl","brand:wikidata":"Q151954","brand:wikipedia":"en:Lidl","building":"yes","name":"Lidl","opening_hours":"Mo-Sa 06:00-22:00; Su 09:00-19:00","payment:cards":"yes","payment:cash":"yes","shop":"supermarket"}},
{"type":"Feature","geometry":{"type":"MultiPolygon","coordinates":[[[[18.591535,54.3823289],[18.5917019,54.3820771],[18.5918357,54.3821072],[18.5919828,54.3821403],[18.5918159,54.3823921],[18.591535,54.3823289]]]]},"properties":{"addr:city":"Gdańsk","addr:housenumber":"19A","addr:postcode":"80-257","addr:street":"Juliusza Słowackiego","amenity":"marketplace","building":"tent","name":"Gdański Bazar Natury","opening_hours":"Th 11:00-18:00; Sa 09:00-15:00"}},
{"type":"Feature","geometry":{"type":"MultiPolygon","coordinates":[[[[18.4740361,54.4153314],[18.4745043,54.4153177],[18.4745389,54.4157199],[18.4740707,54.4157336],[18.4740361,54.4153314]]]]},"properties":{"building":"warehouse","building:levels":"1","description":"Gobarto","ref":"P3","shop":"mall","source:building":"BDOT","source:geometry":"EGiB"}},
{"type":"Feature","geometry":{"type":"MultiPolygon","coordinates":[[[[18.47139,54.414448],[18.471854,54.414433],[18.471881,54.414702],[18.471912,54.415024],[18.471448,54.41504],[18.471424,54.414791],[18.47139,54.414448]]]]},"properties":{"building":"warehouse","building:levels":"1","description":"Powierzchnie magazynowe","ref":"P4","shop":"mall","source:building":"BDOT","source:geometry":"EGiB"}},
{"type":"Feature","geometry":{"type":"MultiPolygon","coordinates":[[[[18.6001026,54.3455347],[18.6005605,54.3448988],[18.600711,54.3449356],[18.6006728,54.3449887],[18.6009672,54.3450607],[18.6005474,54.3456435],[18.6001026,54.3455347]]]]},"properties":{"addr:city":"Gdańsk","addr:housenumber":"224","addr:postcode":"80-122","addr:street":"Kartuska","brand":"Lidl","brand:wikidata":"Q151954","brand:wikipedia":"en:Lidl","building":"yes","check_date":"2024-10-01","name":"Lidl","opening_hours":"Mo-Sa 06:00-22:00; Su 09:00-19:00","payment:cash":"yes","payment:credit_cards":"yes","payment:debit_cards":"yes","shop":"supermarket","wheelchair":"yes"}},
{"type":"Feature","geometry":{"type":"MultiPolygon","coordinates":[[[[18.6162749,54.3397831],[18.6165372,54.3397801],[18.6165332,54.339733],[18.6173736,54.3397166],[18.6173888,54.3399444],[18.6165903,54.3399683],[18.6165743,54.3399636],[18.6162777,54.3398812],[18.6162749,54.3397831]]]]},"properties":{"addr:city":"Gdańsk","addr:housenumber":"27","addr:postcode":"80-807","addr:street":"Marcina Dragana","brand":"Lidl","brand:wikidata":"Q151954","brand:wikipedia":"en:Lidl","building":"retail","building:levels":"1","name":"Lidl","shop":"supermarket","source:building":"BDOT","source:geometry":"EGiB"}},
{"type":"Feature","geometry":{"type":"MultiPolygon","coordinates":[[[[18.5849195,54.4023891],[18.5852506,54.4017349],[18.5854024,54.4017609],[18.5853761,54.4018129],[18.5856915,54.4018669],[18.5854678,54.4023089],[18.5855188,54.4023177],[18.5854262,54.4025007],[18.5849524,54.4024194],[18.5849638,54.4023967],[18.5849195,54.4023891]]]]},"properties":{"addr:city":"Gdańsk","addr:city:simc":"0933016","addr:housenumber":"28C","addr:postcode":"80-394","addr:street":"Kołobrzeska","brand":"Lidl","brand:wikidata":"Q151954","brand:wikipedia":"en:Lidl","building":"commercial","name":"Lidl","opening_hours":"Mo-Sa 06:00-22:00; Su 09:00-20:00","shop":"supermarket","source:addr":"gugik.gov.pl"}},
{"type":"Feature","geometry":{"type":"MultiPolygon","coordinates":[[[[18.5056182,54.2880222],[18.5056338,54.2877516],[18.5062944,54.2877647],[18.5062813,54.2879914],[18.5059028,54.2879839],[18.5059002,54.2880278],[18.5056182,54.2880222]]]]},"properties":{"addr:city":"Lublewo Gdańskie","addr:housenumber":"2","addr:postcode":"83-050","addr:street":"Dojazdowa","brand":"Biedronka","brand:wikidata":"Q857182","brand:wikipedia":"pl:Biedronka (sieć handlowa)","building":"yes","building:levels":"1","name":"Biedronka","opening_hours":"Mo-Sa 06:00-23:00; PH 08:00-22:00","roof:shape":"flat","shop":"supermarket","website":"https://www.biedronka.pl/pl/shop,id,3005","wheelchair":"yes"}},
{"type":"Feature","geometry":{"type":"MultiPolygon","coordinates":[[[[18.7449309,54.3274057],[18.7450013,54.3272472],[18.7449805,54.3272441],[18.745031,54.3271303],[18.745096,54.3271401],[18.7455249,54.3272049],[18.7455051,54.3272495],[18.7455065,54.3272497],[18.7459041,54.3273097],[18.7459064,54.32731],[18.7458455,54.3274473],[18.7459354,54.3274609],[18.7458953,54.3275513],[18.7458944,54.3275511],[18.7457616,54.3275311],[18.7449309,54.3274057]]]]},"properties":{"addr:city":"Przejazdowo","addr:housenumber":"25","addr:postcode":"83-021","addr:street":"Główna","brand":"Lidl","brand:wikidata":"Q151954","brand:wikipedia":"en:Lidl","building":"yes","name":"Lidl","shop":"supermarket","source":"Krajowa Integracja Ewidencji Gruntów: Budynki","source:addr":"pruszczgdanski.e-mapa.net"}},
{"type":"Feature","geometry":{"type":"MultiPolygon","coordinates":[[[[18.7462793,54.3260474],[18.7463015,54.3258235],[18.7466924,54.3258367],[18.7466945,54.3258368],[18.746699,54.325791099999999],[18.7469827,54.3258007],[18.7469845,54.3258008],[18.7469617,54.3260303],[18.7469577,54.3260703],[18.7462793,54.3260474]]]]},"properties":{"addr:city":"Przejazdowo","addr:housenumber":"27A","addr:postcode":"83-021","addr:street":"Główna","brand":"Biedronka","brand:wikidata":"Q857182","brand:wikipedia":"pl:Biedronka (sieć handlowa)","building":"yes","email":"bok@biedronka.eu","name":"Biedronka","name:ru":"Бедронка","operator":"Jeronimo Martins Polska S.A.","shop":"supermarket","source":"Krajowa Integracja Ewidencji Gruntów: Budynki","source:addr":"pruszczgdanski.e-mapa.net","website":"https://www.biedronka.pl/pl/shop,id,855"}},
{"type":"Feature","geometry":{"type":"MultiPolygon","coordinates":[[[[18.7170858,54.3635287],[18.7170918,54.3634662],[18.7175067,54.363249],[18.7175115,54.3632523],[18.7174903,54.3632637],[18.717543,54.3632981],[18.7178354,54.3631443],[18.7180172,54.3632641],[18.7180866,54.3632276],[18.7181706,54.363283],[18.7173707,54.3637021],[18.7173588,54.3637084],[18.7170858,54.3635287]]]]},"properties":{"addr:city":"Gdańsk","addr:housenumber":"20","addr:postcode":"80-622","addr:street":"Nowotna","brand":"Lidl","brand:wikidata":"Q151954","brand:wikipedia":"en:Lidl","building":"yes","name":"Lidl","opening_hours":"Mo-Sa 07:00-21:00; Su 09:00-19:00","panoramax":"64ed9409-8407-4577-b0b6-ebdeb5e91537","payment:cards":"yes","payment:cash":"yes","payment:qr_code":"no","shop":"supermarket"}},
{"type":"Feature","geometry":{"type":"MultiPolygon","coordinates":[[[[18.606959,54.299834],[18.606967,54.299832],[18.606968,54.299833],[18.607037,54.299815],[18.607036,54.299814],[18.607043,54.299812],[18.607044,54.299814],[18.607111,54.299796],[18.60711,54.299795],[18.607117,54.299793],[18.607118,54.299794],[18.607175,54.299779],[18.607141,54.299734],[18.607139,54.299734],[18.607135,54.29973],[18.607143,54.299727],[18.607144,54.299728],[18.60721,54.299711],[18.607209,54.29971],[18.607215,54.299708],[18.607216,54.299709],[18.607287,54.299691],[18.607286,54.29969],[18.607294,54.299688],[18.607298,54.299693],[18.607296,54.299693],[18.607331,54.299739],[18.607332,54.299738],[18.607335,54.299742],[18.607334,54.299743],[18.607362,54.29978],[18.607364,54.29978],[18.607367,54.299784],[18.607365,54.299784],[18.607398,54.299827],[18.6074,54.299827],[18.607403,54.299831],[18.607401,54.299831],[18.607435,54.299875],[18.607437,54.299875],[18.60744,54.299879],[18.607438,54.299879],[18.607472,54.299924],[18.607473,54.299923],[18.607477,54.299927],[18.607475,54.299928],[18.607508,54.299971],[18.60751,54.299971],[18.607513,54.299975],[18.607511,54.299975],[18.607544999999999,54.300019],[18.607547,54.300019],[18.60755,54.300023],[18.607548,54.300023],[18.607582,54.300068],[18.607583,54.300067],[18.607587,54.300071],[18.607585,54.300072],[18.607618,54.300116],[18.60762,54.300115],[18.607623,54.300119],[18.607621,54.30012],[18.607655,54.300164],[18.607657,54.300163],[18.60766,54.300167],[18.607658,54.300168],[18.607691,54.300211],[18.607693,54.300211],[18.607696,54.300215],[18.607695,54.300215],[18.607728,54.30026],[18.60773,54.300259],[18.607733,54.300263],[18.607731,54.300264],[18.607763,54.300305],[18.607765,54.300304],[18.607771,54.300313],[18.607763,54.300315],[18.607762,54.300314],[18.607726,54.300323],[18.607741,54.300342],[18.607735,54.300344],[18.60772,54.300324],[18.607374,54.300414],[18.607262,54.300267],[18.607213,54.30028],[18.607179,54.300235],[18.607177,54.300235],[18.607174,54.300231],[18.607176,54.300231],[18.607142,54.300187],[18.60714,54.300187],[18.607137,54.300183],[18.607139,54.300183],[18.607105,54.300139],[18.607104,54.300139],[18.607101,54.300135],[18.607102,54.300135],[18.607069,54.300091],[18.607067,54.300091],[18.607064,54.300087],[18.607066,54.300087],[18.607032,54.300043],[18.60703,54.300043],[18.607027,54.300039],[18.607029,54.300039],[18.606994,54.299992],[18.606992,54.299993],[18.606988,54.299988],[18.606997,54.299986],[18.606997,54.299987],[18.607064,54.29997],[18.607032,54.299928],[18.60703,54.299928],[18.607027,54.299924],[18.607029,54.299923],[18.606996,54.29988],[18.606994,54.299881],[18.606991,54.299877],[18.606993,54.299876],[18.606964,54.299839],[18.606962,54.299839],[18.606959,54.299834]]]]},"properties":{"addr:city":"Gdańsk","addr:housenumber":"71","addr:postcode":"80-180","addr:street":"Czerska","brand":"Lidl","brand:wikidata":"Q151954","brand:wikipedia":"en:Lidl","building":"retail","building:levels":"1","name":"Lidl","shop":"supermarket","source:building":"BDOT","source:geometry":"EGiB"}},
{"type":"Feature","geometry":{"type":"MultiPolygon","coordinates":[[[[18.4720488,54.4227247],[18.4725946,54.422674],[18.4725931,54.4226687],[18.4725519,54.422528],[18.4727692,54.4225076],[18.4728082,54.4226505],[18.4728366,54.4227545],[18.4720745,54.4228263],[18.4720488,54.4227247]]]]},"properties":{"addr:city":"Gdańsk","addr:housenumber":"33","addr:postcode":"80-299","addr:street":"Koziorożca","building":"retail","name":"Bingo","shop":"mall","source:building":"EGiB"}},
{"type":"Feature","geometry":{"type":"MultiPolygon","coordinates":[[[[18.4059003,54.3045386],[18.4060459,54.304516],[18.4060658,54.3045593],[18.40592,54.3045819],[18.4059003,54.3045386]]]]},"properties":{"addr:city":"Przyjaźń","addr:housenumber":"26","addr:postcode":"80-331","addr:street":"Łapińska","brand":"Żabka","brand:wikidata":"Q2589061","building":"retail","building:levels":"1","name":"Żabka","name:pl":"Żabka","name:uk":"Жабка","opening_hours":"24/7","shop":"convenience","source":"www.geoportal.gov.pl","source:addr":"UG Żukowo","website":"https://www.zabka.pl/znajdz-sklep/ID0D349-przyjazn-ul-lapinska-26/"}},
{"type":"Feature","geometry":{"type":"MultiPolygon","coordinates":[[[[18.476615,54.416533],[18.477308,54.416484],[18.477318,54.416542],[18.4775,54.416528],[18.4775101,54.4165788],[18.47752,54.416629],[18.477587,54.416624],[18.477604,54.416713],[18.476768,54.416773],[18.476777,54.416821],[18.476707,54.416825],[18.476697,54.416778],[18.476667,54.41678],[18.476615,54.416533]]]]},"properties":{"addr:city":"Gdańsk","addr:housenumber":"2","addr:postcode":"80-299","addr:street":"Władysława Raatza","brand":"Aldi","brand:wikidata":"Q41171373","brand:wikipedia":"en:Aldi","building":"retail","name":"Aldi","shop":"supermarket","source:building":"EGiB"}},
{"type":"Feature","geometry":{"type":"MultiPolygon","coordinates":[[[[18.5494844,54.3419428],[18.5499134,54.341831],[18.5501938,54.3421963],[18.5501254,54.3422141],[18.5498357,54.3422897],[18.5496759,54.3420815],[18.549605,54.3421],[18.5494844,54.3419428]]]]},"properties":{"addr:city":"Gdańsk","addr:housenumber":"406","addr:postcode":"80-125","addr:street":"Kartuska","air_conditioning":"yes","brand":"Biedronka","brand:wikidata":"Q857182","brand:wikipedia":"pl:Biedronka (sieć handlowa)","building":"yes","building:levels":"1","check_date":"2022-10-14","height":"8","name":"Biedronka","opening_hours":"Mo-Sa 06:00-22:00; PH closed","payment:mastercard":"yes","payment:visa":"yes","shop":"supermarket","website":"https://www.biedronka.pl/pl/shop,id,3776","wheelchair":"yes"}},
{"type":"Feature","geometry":{"type":"MultiPolygon","coordinates":[[[[18.5985728,54.403356],[18.5985746,54.4033522],[18.5985904,54.4033191],[18.5986713,54.4031496],[18.5986743,54.4031434],[18.5989473,54.4031875],[18.5988696,54.4033502],[18.5988458,54.4034002],[18.5985728,54.403356]]]]},"properties":{"brand":"Netto","brand:wikidata":"Q552652","building":"yes","building:levels":"2","name":"Netto","shop":"supermarket","wheelchair":"limited"}},
{"type":"Feature","geometry":{"type":"MultiPolygon","coordinates":[[[[18.7449323,54.3288582],[18.7452401,54.328853],[18.745249,54.3290326],[18.7450579,54.3290367],[18.7450526,54.3289624],[18.7449376,54.3289614],[18.7449323,54.3288582]]]]},"properties":{"addr:city":"Przejazdowo","addr:housenumber":"21","addr:postcode":"83-021","addr:street":"Główna","amenity":"fuel","brand":"Orlen","brand:wikidata":"Q971649","building":"yes","fuel:adblue":"yes","fuel:diesel":"yes","fuel:lpg":"yes","fuel:octane_95":"yes","fuel:octane_98":"yes","name":"Orlen","opening_hours":"24/7","shop":"convenience"}},
{"type":"Feature","geometry":{"type":"MultiPolygon","coordinates":[[[[18.4782534,54.4230554],[18.4785534,54.4230268],[18.4785549,54.4231408],[18.4782843,54.423166],[18.4782534,54.4230554]]]]},"properties":{"addr:city":"Gdańsk","addr:housenumber":"2","addr:postcode":"80-299","addr:street":"Artemidy","building":"yes","shop":"mall"}},
{"type":"Feature","geometry":{"type":"MultiPolygon","coordinates":[[[[18.47402,54.413927],[18.474305,54.413918],[18.4743,54.413868],[18.474386,54.413865],[18.474385,54.413861],[18.474392,54.413861],[18.474392,54.413865],[18.474478,54.413862],[18.474478,54.413858],[18.474484,54.413858],[18.474484,54.413862],[18.47457,54.413859],[18.47457,54.413855],[18.474576,54.413855],[18.474571,54.413805],[18.474657,54.413803],[18.474657,54.413798],[18.474663,54.413798],[18.474664,54.413802],[18.47475,54.413799],[18.474749,54.413795],[18.474755,54.413795],[18.474756,54.413799],[18.47484,54.413796],[18.47484,54.413792],[18.474846,54.413792],[18.474843,54.413743],[18.474929,54.41374],[18.474929,54.413735],[18.474935,54.413735],[18.474935,54.41374],[18.475022,54.413737],[18.475021,54.413732],[18.475027,54.413732],[18.475028,54.413737],[18.475114,54.413734],[18.475113,54.413729],[18.475119,54.413729],[18.475115,54.41368],[18.475201,54.413677],[18.4752,54.413673],[18.475207,54.413672],[18.475207,54.413677],[18.475293,54.413674],[18.475293,54.413669],[18.475299,54.413669],[18.475299,54.413674],[18.475385,54.413671],[18.475385,54.413666],[18.475391,54.413666],[18.475386,54.413617],[18.475472,54.413614],[18.475472,54.41361],[18.475478,54.413609],[18.475479,54.413614],[18.475565,54.413611],[18.475564,54.413607],[18.47557,54.413606],[18.475571,54.413611],[18.475657,54.413608],[18.475656,54.413604],[18.475663,54.413603],[18.475658,54.413554],[18.475744,54.413551],[18.475744,54.413547],[18.47575,54.413547],[18.47575,54.413551],[18.475836,54.413548],[18.475836,54.413544],[18.475842,54.413544],[18.475842,54.413548],[18.475929,54.413545],[18.475934,54.413595],[18.47594,54.413595],[18.47594,54.413599],[18.475934,54.413599],[18.475939,54.413649],[18.475946,54.413649],[18.475946,54.413653],[18.47594,54.413653],[18.475945,54.413703],[18.475951,54.413703],[18.475952,54.413706],[18.475945,54.413707],[18.475951,54.413757],[18.475957,54.413757],[18.475963,54.413814],[18.475768,54.413822],[18.475768,54.413817],[18.475683,54.413819],[18.475684,54.413823],[18.475678,54.413823],[18.475682,54.413873],[18.475689,54.413873],[18.475689,54.413877],[18.475683,54.413877],[18.475687,54.413927],[18.475601,54.413929],[18.475602,54.413934],[18.475596,54.413934],[18.475595,54.41393],[18.475509,54.413932],[18.47551,54.413937],[18.475503,54.413937],[18.475503,54.413933],[18.475417,54.413935],[18.475417,54.41394],[18.475411,54.41394],[18.475411,54.413936],[18.475325,54.413939],[18.475325,54.413943],[18.475319,54.413943],[18.475319,54.413939],[18.475232,54.413941],[18.475233,54.413946],[18.475227,54.413946],[18.475226,54.413942],[18.47514,54.413945],[18.475141,54.413949],[18.475134,54.413949],[18.475134,54.413945],[18.475048,54.413948],[18.475048,54.413952],[18.475042,54.413952],[18.475042,54.413948],[18.474956,54.413951],[18.474956,54.413955],[18.47495,54.413955],[18.47495,54.413951],[18.474864,54.413954],[18.474864,54.413958],[18.474858,54.413958],[18.474857,54.413954],[18.474771,54.413957],[18.474772,54.413961],[18.474765,54.413961],[18.474765,54.413957],[18.474679,54.41396],[18.474679,54.413964],[18.474673,54.413964],[18.474673,54.41396],[18.474587,54.413963],[18.474587,54.413967],[18.474581,54.413967],[18.474581,54.413963],[18.474495,54.413966],[18.474495,54.41397],[18.474489,54.41397],[18.474488,54.413966],[18.474402,54.413969],[18.474403,54.413973],[18.474397,54.413973],[18.474396,54.413969],[18.47431,54.413972],[18.47431,54.413976],[18.474025,54.413986],[18.47402,54.413927]]]]},"properties":{"building":"yes","building:levels":"1","shop":"mall","source:building":"BDOT","source:geometry":"EGiB"}},
{"type":"Feature","geometry":{"type":"MultiPolygon","coordinates":[[[[18.5720838,54.4107166],[18.5721428,54.4107122],[18.5721473,54.4107022],[18.5721253,54.4106752],[18.57211,54.4106719],[18.5721202,54.4106502],[18.572131,54.4106523],[18.5722085,54.4106675],[18.5723995,54.410705],[18.5723289,54.4108175],[18.5723252,54.4108224],[18.5722821,54.4108375],[18.5721902,54.4107995],[18.5721785,54.4107946],[18.5721415,54.4107792],[18.5721016,54.410754],[18.5720838,54.4107166]]]]},"properties":{"amenity":"marketplace"}},
{"type":"Feature","geometry":{"type":"MultiPolygon","coordinates":[[[[18.554657,54.322255],[18.554933,54.322093],[18.555002,54.322134],[18.555004,54.322133],[18.55501,54.322137],[18.555009,54.322137],[18.555071,54.322173],[18.555072,54.322173],[18.555078,54.322177],[18.555077,54.322177],[18.555139,54.322214],[18.55514,54.322213],[18.555147,54.322217],[18.555146,54.322217],[18.555208,54.322253],[18.555215,54.322257],[18.555214,54.322258],[18.555276,54.322293],[18.555277,54.322293],[18.555284,54.322297],[18.555283,54.322298],[18.555344,54.322334],[18.555345,54.322333],[18.555352,54.322337],[18.555351,54.322338],[18.555412,54.322374],[18.555413,54.322373],[18.55542,54.322377],[18.555419,54.322378],[18.55548,54.322413],[18.555481,54.322413],[18.555488,54.322417],[18.555487,54.322417],[18.555544,54.322451],[18.555545,54.322451],[18.555552,54.322455],[18.555545,54.322459],[18.555544,54.322458],[18.555517,54.322474],[18.555576,54.322509],[18.555523,54.32254],[18.555464,54.322505],[18.555404,54.32254],[18.555405,54.32254],[18.555398,54.322544],[18.555397,54.322544],[18.555331,54.322583],[18.555332,54.322583],[18.555325,54.322587],[18.555324,54.322587],[18.555258,54.322625],[18.555259,54.322626],[18.555251,54.32263],[18.555244,54.322625],[18.555245,54.322625],[18.555184,54.322589],[18.555183,54.322589],[18.555176,54.322585],[18.555177,54.322585],[18.555125,54.322555],[18.555124,54.322555],[18.555117,54.322551],[18.555118,54.322551],[18.555067,54.322521],[18.555066,54.322521],[18.555059,54.322517],[18.55506,54.322516],[18.555009,54.322486],[18.555008,54.322487],[18.555001,54.322483],[18.555002,54.322482],[18.554951,54.322452],[18.55495,54.322453],[18.554943,54.322449],[18.554944,54.322448],[18.554892,54.322418],[18.554891,54.322419],[18.554884,54.322415],[18.554885,54.322414],[18.554834,54.322384],[18.554833,54.322384],[18.554826,54.32238],[18.554827,54.32238],[18.554775,54.322349],[18.554774,54.32235],[18.554768,54.322346],[18.554768,54.322345],[18.554707,54.322309],[18.554706,54.32231],[18.554699,54.322306],[18.554706,54.322302],[18.554707,54.322302],[18.554723,54.322293],[18.554657,54.322255]]]]},"properties":{"addr:city":"Gdańsk","addr:city:simc":"0933016","addr:housenumber":"4","addr:postcode":"80-174","addr:street":"Władysława Czermińskiego","brand":"Aldi","brand:wikidata":"Q41171373","building":"retail","name":"Aldi","opening_hours":"Mo-sa 6:00-22:00;","shop":"supermarket","source:addr":"gugik.gov.pl","source:building":"EGiB","start_date":"2022","wheelchair":"yes"}},
{"type":"Feature","geometry":{"type":"MultiPolygon","coordinates":[[[[18.5336029,54.3477622],[18.5339427,54.34767],[18.5339104,54.3476296],[18.5341706,54.347559],[18.5343661,54.3478039],[18.533766,54.3479666],[18.5336029,54.3477622]]]]},"properties":{"addr:city":"Gdańsk","addr:housenumber":"48","addr:postcode":"80-176","addr:street":"Przytulna","air_conditioning":"yes","brand":"Biedronka","brand:wikidata":"Q857182","building":"yes","construction":"supermarket","name":"Biedronka","opening_hours":"Mo-Sa 06:00-22:00; PH closed","payment:mastercard":"yes","payment:visa":"yes","shop":"supermarket","wheelchair":"yes"}},
{"type":"Feature","geometry":{"type":"MultiPolygon","coordinates":[[[[18.5629474,54.3070921],[18.5631062,54.3069511],[18.5631709,54.306976],[18.5633775,54.3067927],[18.5636997,54.3069163],[18.5633343,54.3072405],[18.5629474,54.3070921]]]]},"properties":{"addr:city":"Kowale","addr:city:simc":"0163989","addr:housenumber":"14","addr:postcode":"80-180","addr:street":"Glazurowa","addr:street:sym_ul":"05552","brand":"Biedronka","brand:wikidata":"Q857182","brand:wikipedia":"pl:Biedronka (sieć handlowa)","building":"retail","check_date":"2025-08-09","name":"Biedronka","opening_hours":"Mo-Sa 06:00-22:00","operator":"Jeronimo Martins Polska S.A.","payment:cash":"yes","payment:maestro":"yes","payment:mastercard":"yes","payment:visa":"yes","shop":"supermarket","wheelchair":"yes"}},
{"type":"Feature","geometry":{"type":"MultiPolygon","coordinates":[[[[18.49935,54.351341],[18.49985,54.351214],[18.500176,54.351657],[18.5001475,54.3516811],[18.500117,54.351707],[18.499873,54.351769],[18.499892,54.351808],[18.499822,54.351825],[18.499478,54.351361],[18.499396,54.351382],[18.499408,54.351398],[18.499395,54.351402],[18.49935,54.351341]]]]},"properties":{"addr:city":"Gdańsk","addr:city:simc":"0933016","addr:housenumber":"478","addr:postcode":"80-298","addr:street":"Kartuska","brand":"Aldi","brand:wikidata":"Q41171373","building":"retail","email":"obsluga.klienta@aldi.pl","name":"Aldi","opening_hours":"Mo-Sa 06:00-22:00","phone":"+48 800 118 118","shop":"supermarket","source:addr":"gugik.gov.pl","source:building":"EGiB","website":"https://www.aldi.pl"}},
{"type":"Feature","geometry":{"type":"MultiPolygon","coordinates":[[[[18.566085,54.308355],[18.566595,54.307889],[18.566656,54.307911],[18.56665,54.308009],[18.566222,54.308366],[18.566085,54.308355]]]]},"properties":{"addr:city":"Kowale","addr:city:simc":"0163989","addr:housenumber":"14","addr:postcode":"80-180","addr:street":"Zeusa","building":"retail","check_date":"2025-08-08","name":"Enzym Kowale","operator":"Higasa Park","shop":"mall","source:addr":"gugik.gov.pl","source:building":"EGiB"}},
{"type":"Feature","geometry":{"type":"MultiPolygon","coordinates":[[[[18.4051784,54.3040106],[18.4054832,54.3039541],[18.4057181,54.3043874],[18.4057215,54.3043867],[18.4057289,54.3044005],[18.4057217,54.3044018],[18.4057168,54.3043929],[18.4054196,54.304448],[18.4054245,54.304457],[18.405417,54.3044584],[18.4054095,54.3044445],[18.4054132,54.3044438],[18.4051784,54.3040106]]]]},"properties":{"addr:city":"Przyjaźń","addr:housenumber":"20","addr:postcode":"80-331","addr:street":"Łapińska","brand":"Biedronka","brand:wikidata":"Q857182","building":"supermarket","building:levels":"1","name":"Biedronka","shop":"supermarket"}},
{"type":"Feature","geometry":{"type":"MultiPolygon","coordinates":[[[[18.646582,54.3504433],[18.6466447,54.3504365],[18.6466528,54.3504599],[18.6466856,54.350456],[18.6467116,54.350534],[18.6467252,54.3505749],[18.6467429,54.3505952],[18.6468085,54.350629],[18.6468348,54.3507275],[18.64675,54.350738],[18.6467641,54.3507702],[18.6467656,54.350775],[18.646774,54.3508032],[18.6466409,54.3508196],[18.6466313,54.3508104],[18.646622,54.3507868],[18.6466879,54.3507421],[18.646582,54.3504433]]]]},"properties":{"amenity":"marketplace"}},
{"type":"Feature","geometry":{"type":"MultiPolygon","coordinates":[[[[18.405903,54.376507],[18.405991,54.376435],[18.406204,54.376523],[18.406295,54.376449],[18.406389,54.376488],[18.40621,54.376635],[18.405903,54.376507]]]]},"properties":{"addr:city":"Banino","addr:city:simc":"0177112","addr:housenumber":"2","addr:postcode":"80-297","addr:street":"Kolejowa","building":"retail","shop":"mall","source:addr":"gugik.gov.pl","source:building":"EGiB"}},
{"type":"Feature","geometry":{"type":"MultiPolygon","coordinates":[[[[18.566075,54.304703],[18.566175,54.304667],[18.56644,54.304665],[18.56644,54.304628],[18.566511,54.304627],[18.566528,54.305238],[18.56642,54.305239],[18.56642,54.305233],[18.566451,54.305232],[18.566449,54.305178],[18.566087,54.305181],[18.566075,54.304764],[18.566075,54.304703]]]]},"properties":{"addr:city":"Kowale","addr:housenumber":"29","addr:postcode":"80-180","addr:street":"Glazurowa","brand":"Aldi","brand:wikidata":"Q41171373","building":"retail","name":"Aldi","shop":"supermarket","source:building":"EGiB"}},
{"type":"Feature","geometry":{"type":"MultiPolygon","coordinates":[[[[18.5933596,54.3316189],[18.5936176,54.331384],[18.5936204,54.331385],[18.5941152,54.3309344],[18.5948011,54.3311919],[18.5944715,54.3314967],[18.5945521,54.3315269],[18.5942483,54.3318036],[18.594052,54.331729],[18.593678,54.3315897],[18.5936424,54.3315763],[18.5935267,54.3316816],[18.5933596,54.3316189]]]]},"properties":{"brand":"Kaufland","name":"Kaufland","shop":"supermarket"}},
{"type":"Feature","geometry":{"type":"MultiPolygon","coordinates":[[[[18.586283,54.419068],[18.586287,54.419063],[18.586288,54.419064],[18.58639,54.418944],[18.586477,54.418843],[18.586725,54.418913],[18.586745,54.41889],[18.586743,54.418889],[18.586748,54.418884],[18.586757,54.418887],[18.586756,54.418888],[18.586824,54.418907],[18.586825,54.418906],[18.586833,54.418909],[18.586832,54.418909],[18.586905,54.41893],[18.586906,54.41893],[18.586914,54.418932],[18.586913,54.418933],[18.586986,54.418954],[18.586987,54.418953],[18.586995,54.418955],[18.586994,54.418956],[18.587067,54.418977],[18.587067,54.418976],[18.587076,54.418978],[18.587075,54.418979],[18.587148,54.419],[18.587149,54.418999],[18.587157,54.419002],[18.587156,54.419003],[18.587201,54.419015],[18.58721,54.419017],[18.587206,54.419022],[18.587204,54.419022],[18.587173,54.419059],[18.587201,54.419068],[18.587202,54.419067],[18.58721,54.419069],[18.58721,54.41907],[18.58727,54.419088],[18.587271,54.419087],[18.58728,54.419089],[18.587276,54.419095],[18.587274,54.419094],[18.587242,54.419133],[18.587243,54.419133],[18.587239,54.419138],[18.587238,54.419138],[18.587205,54.419176],[18.587207,54.419176],[18.587203,54.419181],[18.587202,54.41918],[18.587174,54.419213],[18.587227,54.419228],[18.587231,54.419225],[18.587239,54.419228],[18.58714,54.419317],[18.587131,54.419314],[18.587133,54.419312],[18.5871,54.419302],[18.5871,54.419303],[18.587091,54.419301],[18.587092,54.4193],[18.58703,54.419282],[18.58703,54.419283],[18.587021,54.419281],[18.587022,54.41928],[18.586941,54.419257],[18.586932,54.419255],[18.586933,54.419254],[18.58686,54.419233],[18.58686,54.419234],[18.586851,54.419232],[18.586852,54.419231],[18.586779,54.41921],[18.586779,54.419211],[18.58677,54.419208],[18.586771,54.419208],[18.586698,54.419187],[18.586698,54.419188],[18.586689,54.419185],[18.58669,54.419184],[18.586617,54.419163],[18.586617,54.419164],[18.586608,54.419162],[18.586609,54.419161],[18.586536,54.41914],[18.586536,54.419141],[18.586527,54.419138],[18.586528,54.419138],[18.586455,54.419117],[18.586455,54.419118],[18.586446,54.419115],[18.586447,54.419114],[18.586374,54.419093],[18.586374,54.419094],[18.586365,54.419092],[18.586366,54.419091],[18.586298,54.419071],[18.586297,54.419072],[18.586283,54.419068]]]]},"properties":{"addr:city":"Gdańsk","addr:city:simc":"0933016","addr:housenumber":"64E","addr:postcode":"80-399","addr:street":"Chłopska","building":"retail","building:levels":"1","name":"Lidl","roof:levels":"0","roof:shape":"flat","shop":"supermarket","source:addr":"gugik.gov.pl","source:building":"EGiB"}}
]}
