name,leisure,landuse,natural,longitude,latitude
,,,,18.5677636,54.4341847
,,,,18.5447029,54.4571791
,,,,18.5612594,54.4618115
,,,,18.5557669,54.4535996
,,,,18.5561637,54.4553089
,,,,18.5563982,54.4547636
,,,,18.5601719,54.4535838
,,,,18.560231,54.4529223
,,,,18.5604601,54.4525185
,,,,18.5581777,54.4500878
,,,,18.5566624,54.4523401
,,,,18.4069276,54.3909246
,,,,18.3985353,54.3546252
,,,,18.6161564,54.3782494
Sektor C,,,,18.4578325,54.3763139
,,,,18.6425344,54.3947047
,,,,18.5919897,54.3428934
Brama nr 3,,,,18.5809697,54.4276874
,,,,18.6008502,54.411385
,,,,18.5609363,54.3995871
,,,,18.5599637,54.3946478
,,,,18.4066561,54.3587819
,,,,18.592724,54.3153638
,,,,18.6303544,54.2979276
,,,,18.4230696,54.427146
,,,,18.4110772,54.4137789
,,,,18.4329335,54.4172571
,,,,18.4136563,54.3894004
,,,,18.4142662,54.3898835
,,,,18.6411381,54.3544124
Wychowani na Traugutta,,,,18.6259827,54.3684268
,,,,18.4469944,54.3572174
,,,,18.5627015,54.4194165
,,,,18.5305503,54.4351277
,,,,18.6490742,54.3497327
,,,,18.4274654,54.4073641
,,,,18.5398137,54.4091728
,,,,18.5976916,54.3197114
,,,,18.6011366,54.3670255
,,,,18.5801533,54.4283485
,,,,18.5622882,54.4097952
,,,,18.5585592,54.4095597
,,,,18.5593117,54.4124914
,,,,18.5609405,54.4128885
,,,,18.5594311,54.4114411
,,,,18.5628719,54.4250723
,,,,18.561348,54.4254368
,,,,18.5565523,54.3473242
,,,,18.5010026,54.3180552
,,,,18.5000672,54.3184735
,,,,18.470271,54.271398
,,,,18.5678301,54.4312741
,,,,18.6733658,54.3543358
,,,,18.5053109,54.3211597
,,,,18.5350613,54.3520471
,,,,18.6117333,54.3973668
,,,,18.7448339,54.3600711
,,,,18.4643848,54.42601
,,,,18.5548003,54.3438053
,,,,18.5853298,54.3334382
,,,,18.6222192,54.3819008
,,,,18.4675927,54.4255154
,,,,18.5700802,54.3166044
,,,,18.4850802,54.4097688
,,,,18.4303305,54.4178989
,,,,18.6330826,54.3390082
,,,,18.5735863,54.375716
,,,,18.4390896,54.4198787
,,,,18.6492978,54.3599985
,,,,18.6486084,54.3600119
,,,,18.6268493,54.3991906
,,,,18.6750697,54.4078995
Wyjście,,,,18.5354194,54.4142199
,,,,18.5615701,54.396113
,,,,18.6229021,54.383233
,,,,18.6005103,54.4026876
,,,,18.5700534,54.403007
,,,,18.7386548,54.3587717
,,,,18.5551574,54.3726197
Ogród Botaniczny,garden,,,18.5646875,54.4108779
,,,,18.462506,54.4268937
,,,,18.5600135,54.3402393
,,,,18.4102238,54.2826593
,,,,18.5400873,54.2762605
,,,,18.4844284,54.3710086
,,,,18.5472646,54.4026666
,,,,18.4847842,54.3841417
,,,,18.4688931,54.3925235
,,,,18.4691198,54.392778
,,,,18.5211324,54.2928256
,,,,18.4847675,54.3843493
,,,,18.5599062,54.4045831
,,,,18.5536763,54.3430076
,,,,18.5558724,54.3431832
,,,,18.4871995,54.3853441
,,,,18.4666325,54.372409
,,,,18.5029487,54.3688783
Sektor B,,,,18.4586883,54.3766683
,,,,18.4959552,54.4287158
,,,,18.4274212,54.4073086
Brama 4,,,,18.6174761,54.3656012
,,,,18.6286518,54.3214592
,,,,18.6292617,54.321396
,,,,18.5569124,54.4481936
,,,,18.5830329,54.4349222
Tablica z nazwiskami poległych w grudniu 1970,,,,18.6491706,54.360701
,,,,18.5764556,54.4318015
,,,,18.5360872,54.4115599
,,,,18.6308036,54.3967948
,,,,18.5633875,54.4235945
,,,,18.5462411,54.450957
,,,,18.5365711,54.4142291
,,,,18.5950576,54.380032
,,,,18.5916931,54.3421177
,,,,18.5486285,54.4508583
,,,,18.5548931,54.4305688
,,,,18.4688069,54.4240434
,,,,18.4672979,54.42545
,,,,18.5725897,54.3793943
,,,,18.5065047,54.3613869
,,,,18.4642499,54.4266675
,,,,18.468002,54.4255969
,,,,18.4683424,54.4256683
,,,,18.462701,54.4275597
,,,,18.4624417,54.4275859
,,,,18.4027891,54.3944758
,,,,18.5334498,54.3553355
,,,,18.5575857,54.3344626
,,,,18.5474347,54.4062057
,,,,18.6225878,54.3670952
,,,,18.5733506,54.4196965
,,,,18.539223,54.4176802
,,,,18.6137384,54.4104345
,,,,18.6144471,54.4101448
,,,,18.620027,54.4110626
,,,,18.6152411,54.4126506
,,,,18.5568759,54.4043825
,,,,18.6212302,54.3715424
,,,,18.6315687,54.297277
,,,,18.630429,54.2967546
,,,,18.5423202,54.4407589
,,,,18.5627774,54.3310623
Wejście nr 5,,,,18.5889205,54.3713679
,,,,18.6113897,54.3799217
,,,,18.4351397,54.4201687
,,,,18.4438368,54.4213544
,,,,18.4443055,54.4216107
,,,,18.4446889,54.4219644
,,,,18.428931,54.4183659
,,,,18.4294663,54.4182041
,,,,18.4276499,54.4187625
,,,,18.434627,54.4071527
,,,,18.4320253,54.4054023
,,,,18.4344159,54.4059799
,,,,18.4354114,54.421765
,,,,18.4319785,54.4222407
,,,,18.6456856,54.395591
,,,,18.5449814,54.3343295
,,,,18.6017924,54.3970533
,,,,18.6088577,54.380065
,,,,18.597795,54.3835837
,,,,18.5783392,54.4206307
,,,,18.532647,54.4154716
,,,,18.6009073,54.4110482
,,,,18.6390207,54.3466998
,,,,18.6436038,54.3617023
,,,,18.6026015,54.4105396
,,,,18.59595,54.4102914
,,,,18.5969299,54.4104446
,,,,18.5958025,54.410195
,,,,18.5699311,54.4016702
,,,,18.5700377,54.4017793
,,,,18.5810093,54.3922178
,,,,18.5664951,54.4019341
,,,,18.5607979,54.3959089
,,,,18.5808297,54.3902676
,,,,18.581396,54.3897828
,,,,18.5709007,54.4002028
,,,,18.5567689,54.4056493
,,,,18.5702825,54.4032576
,,,,18.5666049,54.3940705
,,,,18.6240053,54.3594872
,,,,18.5711217,54.4034508
,,,,18.5701492,54.4050668
,,,,18.5666924,54.4073101
,,,,18.5669744,54.4073479
,,,,18.5670426,54.4071956
,,,,18.5673034,54.407392
,,,,18.5667581,54.4071565
,,,,18.5664897,54.4071914
,,,,18.5577997,54.4396531
,,,,18.5666833,54.410587
,,,,18.5630335,54.4130017
,,,,18.5620647,54.4115946
,,,,18.5631672,54.4128988
,,,,18.5627278,54.4120931
,,,,18.5631695,54.4120981
,,,,18.5652995,54.416603
,,,,18.5584897,54.4096723
,,,,18.5899595,54.4207807
,,,,18.5884993,54.4191186
,,,,18.5892741,54.4186345
,,,,18.5910232,54.4187783
,,,,18.6091849,54.4096013
,,,,18.584266,54.4186993
,,,,18.5868635,54.4204922
,,,,18.5804822,54.3721063
Wejście nr 9,,,,18.5797778,54.3725764
Wejście nr 4,,,,18.5874273,54.3731858
Wejście nr 1,,,,18.5827732,54.376135
,,,,18.5786792,54.4090865
,,,,18.5798814,54.4092788
,,,,18.6080427,54.3820769
,,,,18.6068892,54.3821743
,,,,18.6072032,54.3816998
,,,,18.60795,54.3816512
,,,,18.5629076,54.4235535
,,,,18.5625409,54.4180007
,,,,18.5631282,54.4190053
,,,,18.5627193,54.4183502
,,,,18.5631539,54.4190145
,,,,18.5632306,54.4194315
,,,,18.5584062,54.4100001
,,,,18.5415983,54.4095086
,,,,18.5579039,54.4073491
,,,,18.5336795,54.4087842
,,,,18.5953561,54.3947724
,,,,18.5364408,54.4050211
,,,,18.6080111,54.3816564
,,,,18.6032865,54.4117205
,,,,18.5619745,54.4176002
,,,,18.5602529,54.4524716
Wejście nr 2,,,,18.5862701,54.3749176
Wejście nr 3,,,,18.5856349,54.3734845
Wejście nr 10,,,,18.57825,54.3740499
,,,,18.5949491,54.4234595
,,,,18.5355123,54.4119308
,,,,18.5372177,54.4090678
,,,,18.5273868,54.4183735
,,,,18.5373541,54.4198617
,,,,18.5392804,54.4191071
,,,,18.5872131,54.4086793
,,,,18.600518,54.4109396
,,,,18.5895467,54.4136935
,,,,18.6540992,54.352538
,,,,18.5491324,54.4517847
,,,,18.6325295,54.3478084
,,,,18.6440057,54.3955886
,,,,18.5664646,54.4019751
,,,,18.616306,54.398389
,,,,18.5765201,54.378554
,,,,18.5761403,54.3788928
,,,,18.6112021,54.4095014
,,,,18.5651345,54.3964707
,,,,18.5651175,54.3964921
,,,,18.6230603,54.3709747
,,,,18.6230465,54.3712788
,,,,18.6226984,54.3713986
,,,,18.5515442,54.331518
,,,,18.6149498,54.4124309
,,,,18.6442144,54.3956594
,,,,18.5961558,54.3769643
,,,,18.5982423,54.3773925
,,,,18.5682362,54.3478024
,,,,18.5438252,54.3440201
,,,,18.5462285,54.3670142
,,,,18.584509,54.3383823
,,,,18.6509739,54.3585279
,,,,18.6523391,54.3618986
,,,,18.5444821,54.416017
,,,,18.5433151,54.4165875
,,,,18.5805231,54.4280581
,,,,18.5613741,54.401867
,,,,18.5557342,54.4021618
,,,,18.625739,54.401909
,,,,18.5768608,54.3794745
,,,,18.5682173,54.420101
,,,,18.5500874,54.4483065
,,,,18.5282417,54.4488004
,,,,18.5517133,54.4453402
,,,,18.6363693,54.367117
,,,,18.635722,54.3674984
,,,,18.6299829,54.3972584
,,,,18.6480682,54.390658
,,,,18.6477082,54.3904169
,,,,18.5879348,54.4085009
,,,,18.587667,54.4085753
,,,,18.5874978,54.4088326
,,,,18.5873048,54.4088418
,,,,18.5871235,54.4088501
,,,,18.5869978,54.4087378
,,,,18.5869113,54.408859
,,,,18.586856,54.4087771
,,,,18.5879182,54.4088139
,,,,18.5875237,54.4086152
,,,,18.5877052,54.4088227
,,,,18.6389509,54.3464336
,,,,18.6014716,54.3966004
,,,,18.6012931,54.3968406
,,,,18.6004957,54.3967889
,,,,18.6006715,54.3965393
,,,,18.5996973,54.3967165
,,,,18.600368,54.3964954
,,,,18.5955461,54.423782
,,,,18.595423,54.4238156
,,,,18.5948512,54.4238439
,,,,18.6191888,54.4085728
,,,,18.6239857,54.4066844
,,,,18.5699421,54.3536511
,,,,18.5569802,54.4262138
,,,,18.5481845,54.4307572
,,,,18.5476331,54.4307076
,,,,18.631017,54.3650273
,,,,18.5587326,54.4382972
,,,,18.5587881,54.4381864
,,,,18.5407664,54.4323078
,,,,18.643392,54.3953627
,,,,18.6134789,54.4112028
,,,,18.615732,54.4111513
,garden,,,18.6328862,54.4017491
,,,,18.5687795,54.4312572
,,,,18.568282,54.4311557
,,,,18.6462608,54.391817
,,,,18.5584447,54.4396327
,,,,18.5582666,54.4396001
Wilhelm Stryowski,,,,18.6428989,54.3459657
,,,,18.7337226,54.3719672
,,,,18.7294635,54.372651
,,,,18.6386727,54.3620324
,,,,18.6066344,54.3791378
,,,,18.6067485,54.3789502
,,,,18.5328482,54.4157866
,,,,18.5364096,54.4090654
,,,,18.5386904,54.4106655
,,,,18.5940319,54.3133681
,,,,18.5942139,54.3129253
,,,,18.5947392,54.3173421
,,,,18.5939504,54.3174256
,,,,18.6081098,54.3818713
,,,,18.6162286,54.3762387
,,,,18.5350118,54.3514103
,,,,18.5948413,54.4119215
,,,,18.60114,54.4132282
,,,,18.6015237,54.4134411
,,,,18.5995907,54.4150856
,,,,18.5938978,54.4110905
,,,,18.6109172,54.4079547
,,,,18.6107892,54.4078577
,,,,18.6513966,54.3552518
,,,,18.6724761,54.3466956
,,,,18.6720915,54.347267
,,,,18.6132661,54.3951389
,,,,18.6126653,54.3955727
,,,,18.6119453,54.3968088
,,,,18.6121425,54.3962544
,,,,18.601415,54.4130782
,,,,18.654345,54.3386484
,,,,18.6408044,54.3914481
,,,,18.600447,54.3882212
,,,,18.5921387,54.4138286
,,,,18.5781009,54.3739566
,,,,18.5505931,54.3474642
,,,,18.5523741,54.324839
,,,,18.6639413,54.3508528
,,,,18.4620525,54.4272074
,,,,18.4841489,54.3830781
,,,,18.5604771,54.3348727
,,,,18.5875272,54.3382234
,,,,18.5633133,54.3463251
,,,,18.5563626,54.3504026
,,,,18.5453303,54.334746
,,,,18.4965733,54.3537098
,,,,18.5641286,54.366628
,,,,18.4524669,54.4387234
,,,,18.449986,54.4385556
,,,,18.6573797,54.3329897
,,,,18.5870014,54.4307129
,,,,18.5684116,54.4077619
,,,,18.5555404,54.448189
,,,,18.5026186,54.3505756
,,,,18.6185553,54.3690477
,,,,18.6184001,54.3690546
,,,,18.6180346,54.3690616
,,,,18.6178395,54.3685836
,,,,18.465231,54.4406274
,,,,18.5941871,54.3321371
,,,,18.6206613,54.3331987
,,,,18.6055765,54.3650163
,,,,18.630049,54.3583526
,,,,18.6298317,54.3585837
Jestem z Gdańska,,,,18.6473962,54.3597196
,,,,18.6035201,54.4181527
,,,,18.5961214,54.3835879
,,,,18.5784679,54.4362848
,,,,18.5724973,54.4193866
,,,,18.6152912,54.4109075
,,,,18.4528049,54.3744351
,,,,18.4533441,54.3744791
,,,,18.4534675,54.37413
,,,,18.4538982,54.3741642
,,,,18.5588872,54.4114185
,,,,18.5401264,54.4526066
,,,,18.5491822,54.4519522
,,,,18.5490867,54.4512166
,,,,18.553004,54.3733633
,,,,18.5913379,54.3149972
,,,,18.563373,54.4118729
,,,,18.5773216,54.3184598
,,,,18.6344991,54.3213126
,,,,18.601151,54.3670524
,garden,,,18.6087737,54.3760825
,,,,18.5998289,54.3720177
,,,,18.6256455,54.2997285
,,,,18.638529,54.2867649
,,,,18.5716845,54.3223844
,,,,18.5754659,54.3192669
,,,,18.5914505,54.3126883
,,,,18.5865835,54.3034199
,,,,18.5951333,54.3194047
,,,,18.6329598,54.3327901
,,,,18.6036256,54.3232355
,,,,18.6306348,54.3968902
,,,,18.6304054,54.3970199
,,,,18.629479,54.3976193
,,,,18.6382499,54.4002721
,,,,18.6561335,54.3499654
,,,,18.6564429,54.3499119
,,,,18.5475598,54.4507664
,,,,18.6178707,54.3699261
,,,,18.6118211,54.379846
Obrońcom Westerplatte,,,,18.570518,54.4447714
,,,,18.6096701,54.3701719
,,,,18.5736684,54.35654
,,,,18.5607572,54.4539756
,,,,18.569143,54.4470858
,,,,18.5683524,54.4479962
,,,,18.569234,54.4476108
,,,,18.4857697,54.3802033
,,,,18.604003,54.3777744
,,,,18.5841984,54.3431459
,,,,18.5827395,54.3422142
,,,,18.5996953,54.3322842
,,,,18.5725977,54.3469048
,,,,18.4022899,54.3369312
,garden,,,18.6034732,54.3759434
,,,,18.5791849,54.377369
,,,,18.5683304,54.3376312
,,,,18.5302838,54.3465766
,,,,18.629847,54.2965035
,,,,18.6310017,54.2970134
,,,,18.435324,54.4410156
,,,,18.6080028,54.3821935
,,,,18.6010334,54.4133392
,,,,18.6011808,54.4133656
,,,,18.5929042,54.3419535
,,,,18.5930959,54.3425509
,,,,18.5951304,54.4120888
Sportowe Południe,,,,18.5975848,54.3282364
,,,,18.5569711,54.3404704
,,,,18.5971809,54.4131199
Wiadukt dawnej Kolei Kokoszkowskiej,,,,18.5715086,54.3764706
Morskie Oko,,,water,18.55054758016324,54.442910193680774
Skwer im. Andrzeja Grubby,park,,,18.567868394635397,54.43443908317109
Skwer Arkadiusza Rybickiego,park,,,18.565044840970586,54.43946733306106
Skwer im. Księdza Władysława Szymańskiego,park,,,18.564310024865737,54.440607488501946
,park,,,18.570113450784998,54.43835966244383
Park Sanitariuszki Inki,park,,,18.556903296402748,54.44247733454865
,,grass,,18.570441138298545,54.44633773287598
,,grass,,18.570822033724355,54.44588947013282
,,grass,,18.57056115,54.4457652
,,grass,,18.570108349999998,54.44628365
Park Północny,park,,,18.56254385827976,54.45560423910079
Zarosłe Łąki,,meadow,,18.480894573221892,54.44916805087834
Końskie Łąki,,,wetland,18.47488696692886,54.449105487823665
Tasza,,meadow,,18.476786828706796,54.44555364031613
Skwer im. Anny Walentynowicz,park,,,18.61146012249754,54.37723238089805
,,grass,,18.576757169763326,54.317507952665274
,,grass,,18.579298600347723,54.31728738836477
,,forest,,18.600735443018593,54.27839541276611
,,forest,,18.60404198129403,54.281157711476446
,,forest,,18.42412600351327,54.38071125795411
,,forest,,18.41502232734024,54.43591830307158
,,,wood,18.445540975208317,54.449374271102336
,,,wood,18.50613625390091,54.36305726723867
,,,wood,18.591188018085433,54.36485423531388
,,forest,,18.420857213870793,54.4286885489662
,,forest,,18.414071362570862,54.38654908920722
,,,wood,18.399972136728106,54.36438038399888
Park Jordanowski,park,,,18.6716773716604,54.39668825258503
Park Westerplatte,park,,,18.673684043698074,54.4065044273992
,,,wood,18.681374615288668,54.39493327491069
,,forest,coastline,18.681382253649904,54.39333118546358
Twierdza Wisłoujście,park,,coastline,18.67944606191564,54.39567288369413
,,grass,,18.64313888722602,54.35882826065453
,park,,,18.649297083898933,54.338929646935405
Park im. Józefa Wybickiego,park,,,18.610357434684865,54.38462774641121
Skwer Ignacego Daszyńskiego,park,,,18.646098947776576,54.34572436287953
,,,wood,18.600311782032545,54.417652055257896
,,,wood,18.620833569886486,54.40537089298177
,,,wood,18.61555846566464,54.415094641999
Park Chirona,park,,,18.465140079885803,54.42634741720184
Park de Gaulle'a,park,,,18.6023340838482,54.379224490156936
,park,,,18.623030203988847,54.37909454795308
Park Kuźniczki,park,,,18.607517708748237,54.38201355609891
Park Akademicki,park,,,18.62374985412681,54.37114118532677
Park Millenium,park,,,18.614266321215187,54.39725738622343
Pusty Staw,,,water,18.723435536567536,54.364316191810445
Park na Wroniej Górce,park,,,18.63358897932542,54.360682378400504
,,,wood,18.624754310380602,54.35737713141146
Park Uphagena,park,,,18.617218918952453,54.376017915319316
Plac Biskupa Edwarda O’Rourke,park,,,18.626048399092287,54.382970401840076
Park im. Daniela Gralatha,park,,,18.6300413249059,54.367252339398966
,,,wood,18.59616811321162,54.36870550151005
,,grass,,18.65313670940713,54.3456871109456
,,grass,,18.669107767695625,54.35106590179623
Park Siennicki,park,,,18.670957657476304,54.34984361748995
Jezioro Zajęcze,,,water,18.72159902740887,54.3664785659132
,,,wood,18.61619017245247,54.36606136963445
,,,wood,18.62224361891522,54.362219589705134
Skwer im. Polskich Harcerzy w byłym Wolnym Mieście Gdańsku,park,,,18.645078421688446,54.351259987658146
Skwer Czesława Niemena,park,,,18.644589419496246,54.352213061687195
,park,,,18.57923512709737,54.41683419986519
Park Przymorze,park,,,18.590247382229574,54.41965313879548
Park Jelitkowski,park,,,18.595432310435555,54.425737009402
Skwer Marszałka Józefa Piłsudskiego,park,,,18.59103471898649,54.38622886116709
,,,water,18.562485846799,54.39607121720297
,,,wood,18.581154009843587,54.3671483825778
Park Generała Józefa Bema,park,,,18.632100672673243,54.35231182797867
,,,water,18.508395232290226,54.3183451304693
,,,wood,18.638606422385553,54.34316387525765
,,,wood,18.598412777931383,54.32463850282979
Park Oruński im. Emilii Hoene,park,,,18.626146660873612,54.321837389776356
"Zbiornik retencyjny ""Warszawska""",,,water,18.591718386694588,54.333402508866
,,,wood,18.59009022327378,54.35583252066518
,,,water,18.564295410451443,54.36576839812083
Park im. ks. Bronisława Kabata,park,,,18.55484170592295,54.343170443578785
,,,wood,18.566011276926744,54.3562117928714
,,,wood,18.537538172536994,54.35570692020075
,,,wood,18.570971074913498,54.35436804007019
"Zbiornik retencyjny nr 14 ""Bytowska 4a""",,,water,18.53231717548115,54.400567399338506
,,grass,,18.514762078533835,54.393407277447196
,,,grassland,18.54060759495892,54.42019087590347
,,,wood,18.468330989853193,54.423814534917625
Skwer Czesława Miłosza,park,,,18.56827124100422,54.44653630029029
,,,wood,18.465048325148565,54.4235116993572
,,grass,,18.504503077212934,54.368097582765095
,,,wood,18.493827130709757,54.366618363727184
,,,wood,18.49278725068669,54.36478700805013
,,grass,,18.448598122527155,54.36377148892021
,,grass,,18.453925766990572,54.37410298552948
,,grass,,18.458824194442276,54.37041602696588
,,grass,,18.4564679409213,54.3698087910966
,,grass,,18.458319830871446,54.361783822429416
,,,grassland,18.461156937524496,54.411711947093586
,,,grassland,18.48189469350025,54.41602073581267
,,grass,,18.49789291470176,54.414006862209035
,,grass,,18.493698317507338,54.40849462814732
,,,grassland,18.526737945333583,54.40521832617509
,,,wood,18.51472012149413,54.36357256858422
,,grass,,18.49042994279483,54.36947428096695
,,,grassland,18.465738415932655,54.37211281365873
,,,wood,18.486200850114773,54.369833792048006
,,,grassland,18.484426168043434,54.369336765531095
,,,grassland,18.501708884021546,54.34934013993215
,,,wood,18.513019871607813,54.35828067032099
,,,water,18.525486504933205,54.33567082424688
,,forest,,18.501516256216604,54.34802392899035
,,,wood,18.492662078773474,54.34115945174131
,,,wood,18.49548049245447,54.34415619631154
,,,wood,18.473537470311904,54.35493282366483
,,,grassland,18.55569969201547,54.32024992803039
,,,wood,18.57075055751695,54.319171386722886
,,,wetland,18.59291320519367,54.31580407305268
,,,wood,18.629958309568405,54.29514946104948
,,,wood,18.63563715161366,54.28775753670432
,,meadow,,18.627347056925313,54.30547804186887
,park,,,18.63478083354271,54.321653404932064
,,,grassland,18.66189744104854,54.338599419826984
,,,wood,18.686549531816734,54.39718761247175
,,,water,18.413803780585475,54.42092491016779
,,forest,,18.40336727441708,54.44802701451427
,,forest,,18.403956301037752,54.45071896779117
,,forest,,18.40807536127537,54.450848002761276
,,,wood,18.439847830324084,54.4010953661789
,,forest,,18.410194270528148,54.4089410156672
,,forest,,18.411545225823463,54.439211597153566
,,,water,18.419514714892692,54.40158330185386
,,,water,18.42063189532555,54.403983412668076
,,,wood,18.43593055867698,54.41921007604911
,,forest,wetland,18.456818480493574,54.43306905243042
,,forest,,18.402332584093134,54.39642664855237
,,,wood,18.405815978539085,54.40112044892891
,,,wood,18.460975583491148,54.412464123077775
,,,wood,18.451641825570952,54.44781524603284
,,,grassland,18.45369771847026,54.44553810655804
,,,wood,18.402607660296358,54.32044455317422
,,,wood,18.41115507829956,54.32046070087565
,,,wood,18.426278862501995,54.32517927995134
,,forest,,18.43276235258014,54.32058535291359
,,forest,,18.433246611377168,54.31750277698445
,,,wood,18.41502277441618,54.32870513776534
,,forest,,18.404360877731612,54.438697710331354
,,forest,,18.466184954181017,54.311344528208764
,,residential,,18.504496042269924,54.31887409837529
Lasek Karlikowski,,,wood,18.58019110869427,54.43530268954503
,park,,,18.57611152465584,54.437289392915545
,,,,18.570813185340047,54.444680900217854
,,grass,,18.657912478763116,54.35305401599121
,park,,,18.65131695492604,54.355237218465454
Park Marii i Lecha Kaczyńskich,,,,18.57201147851014,54.44349878369123
,,,wood,18.55461517307987,54.446590336575916
,,,wood,18.562058096097054,54.44582207848352
,,,wood,18.557744428056424,54.447852527378785
Łysa Polana,,grass,,18.54248777414606,54.442202364009766
,,,wood,18.55543564484598,54.44920026705817
,resort,grass,,18.526727220010013,54.44877041612613
,,,,18.40791568469525,54.37188426482382
,,,water,18.48698601165944,54.429203814019765
,,forest,,18.401334651037324,54.34163070295677
,,,wood,18.445155461387447,54.439213794500624
,,,grassland,18.673296599470696,54.35474002011987
,,,wood,18.633097626648127,54.346677842657414
Park Salwator,park,,,18.643073738009246,54.3460070272383
,,grass,,18.488348431695087,54.41041707449207
,,,wood,18.490339612749402,54.4138980274979
,,,wood,18.484470615423515,54.414866024226775
Park imienia Ronalda Reagana,park,,,18.607415153569075,54.41391620836918
,,meadow,,18.604470482387736,54.41540133418541
,,,wood,18.6042713571863,54.414339193235016
,,forest,,18.60297523630574,54.414991402335545
,,,wood,18.606824296827103,54.4140269586141
,,,wood,18.6029894773748,54.41361197428241
,,,wood,18.639877840625353,54.39841361469645
,,,wood,18.701087026576463,54.37142687930185
,,,wood,18.688771073324336,54.372180813277794
,,,grassland,18.46728105359236,54.386789749635554
,,,grassland,18.465082904210895,54.44786314362697
,,,grassland,18.457902851641595,54.44899782747911
,,,grassland,18.45355527814949,54.45039903950009
,,,wood,18.463605294244914,54.43461336750384
,,forest,,18.429967748183152,54.335411497379766
,,forest,,18.428556982446885,54.33577891992882
,,,wood,18.420639182414444,54.329642562105775
,,forest,,18.4354269876483,54.405964956334905
,,forest,,18.427680620067704,54.33600427469564
,,,wood,18.421043651801632,54.32804118609653
,,,wood,18.417541443500234,54.33074255013021
,,greenfield,grassland,18.47842725656003,54.391983567740155
,,,grassland,18.473975677270843,54.36641820686882
,,greenfield,grassland,18.462544335911932,54.36704996009954
,,forest,,18.479635205218457,54.32061503340571
,,forest,,18.45931853280681,54.315139647441825
,,,wood,18.448035947483326,54.4479456360609
,park,,,18.560876160646277,54.293740798333566
,,,water,18.54687041893549,54.28072884842626
,,forest,,18.574866660988228,54.29318887087805
,,forest,,18.56951034120526,54.290769600079535
,,,wood,18.463915820960423,54.36745931703042
,,,grassland,18.47211853240894,54.36734816035132
,,,wood,18.472792166028594,54.35743454867089
,,,grassland,18.489333500098834,54.35666103581049
,,,wood,18.48651472546959,54.35351191841275
,,,wood,18.483322154953868,54.35236898432565
,,,,18.499922524721942,54.35629296109191
,,,,18.506256153127573,54.35783724529024
,,,wood,18.505987327055884,54.35874448517026
,,,grassland,18.514575265792473,54.3678079723761
,,,grassland,18.5097707436773,54.36042099230555
,,,wood,18.511458913365562,54.36467194373661
,,,grassland,18.507407926065785,54.36736840933814
,,,wood,18.517402709348136,54.36100832036387
,,,grassland,18.521786089550044,54.35632304676288
,,,wood,18.560126587003204,54.34788982182926
,,,wood,18.571544993512134,54.358812482153354
,,,wood,18.59243031288934,54.35547846391301
,,,wood,18.586940498911762,54.36209870902289
,,,wood,18.607287125745543,54.41090769884022
,,,grassland,18.572426102124183,54.356461920223055
,,,wood,18.6282669539292,54.4018809281444
,park,,,18.62469760347384,54.40225468800105
,,,wood,18.59817434555224,54.417431754030275
,,,grassland,18.593429387980105,54.421299433492564
,,meadow,,18.60928781897937,54.41333046455334
,,,wood,18.64808035445929,54.39727980377968
,,,wood,18.630997892860144,54.40135376075954
,,grass,,18.631788947015757,54.40346098724134
,,,wood,18.658356055632236,54.38826643836644
,,,wood,18.687385846194825,54.378054049471
,,grass,,18.62672787484369,54.40251933765438
,,,wood,18.625191051851665,54.39730825546067
,,,wood,18.579098605632424,54.43047619583599
,,,wood,18.591914441578897,54.42795281123645
,,,wood,18.609937745444682,54.41939738428202
,,grass,,18.60414147707121,54.411841734803836
,,grass,,18.603518841257436,54.4130091341769
,,,grassland,18.614455056660763,54.409117309920745
,,grass,,18.647974541683325,54.354831098024476
,,,grassland,18.648515678157604,54.354904418653014
Skwer Heweliusza,park,,,18.649091531044476,54.3542065325206
,park,,,18.64655323493877,54.353119051582375
Plac Dariusza Kobzdeja,park,,,18.650302924207505,54.35250996517985
,,,wood,18.627592317665503,54.357214129275285
,park,,,18.62492901034438,54.35509444774146
,,,grassland,18.619078461783104,54.36128942532084
,,,water,18.449295140570495,54.44840650978303
,,,wood,18.5571548112524,54.32561085900789
,,,grassland,18.551937704849905,54.32494759946044
,,,wood,18.581960668241077,54.31100888488725
,,meadow,,18.465273670049534,54.43843993650644
,,,grassland,18.46585825875117,54.436316547674416
,,,grassland,18.46776143668535,54.40713214134128
,,,grassland,18.466247638432485,54.42281864210068
,,,wood,18.49862217325844,54.38097260649067
Dolina Henrietty,,,grassland,18.558623247392784,54.38683343639398
Lagry,,,grassland,18.565866774607677,54.38500508616035
,,,grassland,18.563684938714268,54.35458068740039
,,grass,,18.652600048845166,54.35372132897091
,,,water,18.480222826391724,54.40736578809885
,,,grassland,18.483691825157777,54.40983482124502
,,grass,,18.48900577508389,54.42893285541052
,,grass,,18.48919746155549,54.42995200120186
,,greenfield,grassland,18.485932910730952,54.422108828033
,,grass,,18.487110537150535,54.42293894001376
,,,water,18.489723995412287,54.42061483487619
,,,grassland,18.474591226761852,54.392161698494974
,,grass,,18.464722088044006,54.39255138184495
,,,wood,18.56032766966703,54.35614926080704
,,,grassland,18.566457741230494,54.36022195065794
,,,grassland,18.574009227648748,54.335618509993495
,,,grassland,18.561067734017445,54.332107067492814
,,,grassland,18.605030051161833,54.31790096087918
,,,wood,18.607180274141424,54.31344408535757
,,grass,,18.573686862044255,54.35986604607312
,,,grassland,18.652903357504382,54.33256930958241
,,grass,,18.543206007431316,54.41070705918261
,,,wood,18.545825551542972,54.40928142061684
,,,grassland,18.56382880893119,54.37784515559175
,,,grassland,18.557791414875894,54.37683830918478
,,,wood,18.569915252865187,54.34801591475606
,,,grassland,18.466083922822058,54.37517447226695
,,,grassland,18.458400446959956,54.374204135301326
,,,grassland,18.459382307038716,54.376491147833796
,,,grassland,18.490846351979176,54.39284998103765
,,,wood,18.52042579971601,54.370757404060434
,,meadow,,18.515118128020877,54.347072887703746
,,,grassland,18.520053924115633,54.34331781320097
,,,wood,18.513683389108984,54.340817576692764
,,,wood,18.528207469962936,54.33984513140331
,,,grassland,18.5283890137123,54.33688788077493
,,,wood,18.517254692473518,54.334861413823084
,,,grassland,18.495403254067554,54.33929632315534
,,,grassland,18.498417715052316,54.34876114646555
,,,grassland,18.473253699348973,54.339150404036545
,,,grassland,18.493605833009195,54.346466242312495
,,,wood,18.49303855371294,54.42833148615805
,,meadow,,18.51153104917923,54.43803672805313
,,,water,18.474695787659222,54.38920658410812
,,,wood,18.531990076022126,54.35638251230047
Skwer Gyddanyzc,park,,,18.653240662545517,54.354952431392235
,,forest,,18.41817144562159,54.28536719007379
Skwer Świętopełka Wielkiego,park,,,18.653357195196836,54.35167144122567
,,grass,,18.655144229042776,54.354455147170185
Skwer im. Macieja Kosycarza,park,,,18.65616118661888,54.35349229958419
,,grass,,18.654678605188128,54.34644882953151
,,grass,,18.65571051289904,54.34844340599684
,,grass,,18.65294625586727,54.34777331819944
,,grass,,18.655543171807665,54.349206796155805
,,grass,,18.653828518235954,54.349377704063734
,,grass,,18.65643801463134,54.35036841720882
,park,,,18.65597322862387,54.349917185385486
,,grass,,18.656057913609445,54.34921843906985
,,grass,,18.6538835250731,54.35239361787274
Targ Chlebowy,,grass,,18.6529848332099,54.35033056434643
,,grass,,18.65037614527962,54.350664235092296
,,grass,,18.65001786152503,54.34962823653499
,,grass,,18.649754537545384,54.34993966100388
,,grass,,18.648532875613746,54.35048106751229
Targ Drzewny,park,,,18.64834151520409,54.35211461748676
,,grass,,18.651854134849277,54.35106858445385
,,,grassland,18.600862812181536,54.30530438514018
,,,grassland,18.592455964177898,54.30526376163596
,,,grassland,18.56621457278843,54.33625795513977
,,,wood,18.619379599006642,54.29404762636038
,,,water,18.610494112402883,54.36694807110852
,,,wood,18.531178333961954,54.342442083014966
,,forest,,18.43541410882727,54.31087843260167
,,forest,,18.433715538168045,54.30825872365362
,,forest,,18.442934661724614,54.311849492405656
,,meadow,,18.40435846473665,54.34092471598885
,,meadow,,18.403754461194236,54.33983279630037
,,meadow,,18.41286593016647,54.33722708031519
,,meadow,,18.411771288783825,54.3398319925829
,,forest,,18.40090901103716,54.33699846508427
,,forest,,18.41041632782357,54.334056292542996
,,meadow,,18.403258235759413,54.336822491570224
,,forest,,18.428766180544585,54.34544729179393
,,meadow,,18.42911308737073,54.34437509333904
,,grass,,18.439249278698316,54.34765871000487
Zespół dworsko-parkowy w Leźnie,park,,,18.433529439155173,54.344148923050575
,,meadow,,18.43508616617305,54.34484745047767
,,forest,,18.431537540991133,54.3450872342287
,park,,,18.433437931684292,54.34562248316936
,,forest,,18.440511072569713,54.343899178849526
,pitch,,,18.581198440355077,54.33064341954308
,,,grassland,18.584692061837664,54.310587717915794
,,forest,,18.511324587184745,54.28362269828963
,,,grassland,18.56053294289278,54.308032098967075
,,forest,,18.528995422914793,54.27881126842674
,park,,,18.433924812006442,54.345302184078
,,meadow,,18.4529076877037,54.345838044990025
,,forest,,18.45364248684994,54.346076187329665
,,meadow,,18.446347762564024,54.3443069656546
,,meadow,,18.451051573876388,54.3443054267964
,,meadow,,18.45580229112894,54.3439729217836
,,meadow,,18.43445425579925,54.34905958776864
,,meadow,,18.434174782913193,54.35007165354193
,,forest,,18.454033528605308,54.34403378717151
,,meadow,,18.45521869832938,54.34882924604168
,,meadow,,18.45641299066991,54.34791208805512
,,forest,,18.45164567281337,54.34233048382912
,,,wood,18.45441369041566,54.3420417418192
,,forest,,18.431624029562364,54.35598772764165
,,meadow,,18.433648456206207,54.35097428408953
,,forest,,18.415152697635452,54.35931951688519
,,meadow,,18.42657298820109,54.34997642778524
,,meadow,,18.402708472306845,54.33639776331149
,,meadow,,18.399910008885925,54.33763415529241
,,meadow,,18.402136932842325,54.33667669876917
,,forest,,18.427868959679145,54.3306610821716
,,meadow,,18.416380796596584,54.335492936909915
,,meadow,,18.397236496774553,54.33705607220954
,,meadow,,18.405336264489442,54.33507257829124
,,forest,,18.419133642410976,54.3274321757189
,,meadow,,18.419544457910526,54.3273542211851
,,meadow,,18.418407333960463,54.330338075064276
,,meadow,,18.422255869542745,54.32867883826355
,,forest,,18.419851991543364,54.32834283895615
,,meadow,,18.431606181452466,54.33558827681436
,,meadow,,18.428107380306137,54.33589696891962
,,meadow,,18.429122982492345,54.334907499124945
,,forest,,18.417326727297393,54.35330873515747
,,meadow,,18.45139056867711,54.35141804629641
,,,grassland,18.444653616507654,54.35004516615947
,,meadow,,18.433326781915536,54.33834065632628
,,meadow,,18.433668767283756,54.33483221049198
,,,grassland,18.44179479518065,54.32740787497944
,,meadow,,18.443952594063525,54.3332878035126
,,meadow,,18.43902192886903,54.33084760997026
,,meadow,,18.457268389336633,54.34458940943908
,,meadow,,18.455194972965955,54.34385065056791
,,,grassland,18.448915225228834,54.33426557488559
,,,wood,18.42632708079921,54.32764249819635
,,meadow,,18.457406268853642,54.3304095645996
,,forest,,18.44576569074266,54.324668793580074
,,,grassland,18.45000465756575,54.325235078960546
,,,wood,18.409792537589816,54.32637413507377
,,forest,,18.405370692303944,54.3267465820617
,,forest,,18.40913399410242,54.32755943388517
,,meadow,,18.413240121633763,54.32662732457429
,,meadow,,18.409666356086635,54.32624340599195
,,,wood,18.40674579173987,54.32503368581942
,,,wood,18.40732697753216,54.3268309651925
,,,wood,18.410883537623338,54.32703451266309
,,meadow,,18.40838074868373,54.3273778788782
,,meadow,,18.403550609011685,54.32649034453926
,,meadow,,18.435380363995026,54.35541279953657
,,meadow,,18.432620128206022,54.35791905962781
,,forest,,18.434186354723067,54.356191508666186
,,meadow,,18.430674148030757,54.35741781687776
,,meadow,,18.434610435524604,54.35615553877888
,,forest,,18.413184945363515,54.359655918765625
,,meadow,,18.433016439754937,54.356932333561225
,,forest,,18.436878260606832,54.35800942216362
,,forest,,18.440521659232022,54.35896642914365
,,,grassland,18.46456350422895,54.4143250060655
,,,grassland,18.446689992303753,54.437903168716716
,,forest,,18.470356374235433,54.45572657485212
,,meadow,,18.43418035532606,54.362714327139166
,,meadow,,18.434785279680064,54.36503943185789
,,meadow,,18.429655479578585,54.36556664760671
,,meadow,,18.43475653909515,54.37043312072185
,,forest,,18.434558350747892,54.42233833548491
,,,grassland,18.42224463961252,54.37057903087873
,,meadow,,18.413729331810842,54.36790343302412
,,meadow,,18.403327527551426,54.337669602561434
,,meadow,,18.399550946638833,54.33892990846727
,,grass,,18.60037083948758,54.33824001467925
,,meadow,,18.59087239253262,54.2934975939668
,,meadow,,18.59542408287316,54.291086422630094
,,meadow,,18.590898574849643,54.291946903464435
,,,grassland,18.48281747520573,54.433700834937405
,,grass,,18.668596019380097,54.348452439161825
,,grass,,18.66912873879682,54.348516487035596
,,,grassland,18.46066287027823,54.44249310863521
,,greenfield,grassland,18.462637481782217,54.4444711540918
,,grass,,18.564289414695832,54.420490301553656
,,grass,,18.663870796209338,54.34786913573136
,,grass,,18.646124928784126,54.349601578848315
,,grass,,18.661540660984762,54.347372651687735
,,industrial,,18.60155963882275,54.36677162258307
,,grass,,18.579382762776877,54.36075625705794
,park,,,18.46540122157201,54.42615463239933
,,meadow,,18.450251079297914,54.44689677366859
,,,grassland,18.453350633151462,54.44596997324795
,,grass,,18.564513111715,54.42482147534271
,,grass,,18.56382466134975,54.42465025646175
,,grass,,18.56460962240537,54.42459266206621
,,grass,,18.563820016554562,54.42485902844622
,,grass,,18.56452280722541,54.42473501924669
,,grass,,18.564034753552395,54.42437929560426
,,grass,,18.632012269861868,54.37717055347144
,,grass,,18.6340562500298,54.37876309311599
,,grass,,18.634153820642968,54.378162264847695
,,grass,,18.632985675801418,54.377560043345845
,,grass,,18.633481578621808,54.378154335967814
,,grass,,18.633394484938187,54.37849117853804
,,grass,,18.63314858838594,54.37824107541424
,,grass,,18.634036263805065,54.37761655477576
,,grass,,18.63413680915894,54.37838788940471
,,grass,,18.596771200647765,54.3362425162535
,,grass,,18.597168022921668,54.336521284611905
,,grass,,18.596386333772173,54.33564521413626
,,grass,,18.59806678820521,54.336843965224695
,,grass,,18.632763030783877,54.37885087805253
,park,,,18.560964128414334,54.43515784731972
,,grass,,18.448692364858253,54.44740826806835
,,grass,,18.57786802674277,54.358135172013604
,,,grassland,18.576977583457015,54.35582129196005
,,grass,,18.576903451866297,54.35697507298229
,,grass,,18.580954177040365,54.35702486083534
,,grass,,18.57840426552472,54.36014084126345
,,grass,,18.557954040317636,54.41044387229406
,garden,,,18.557301824243503,54.410028149757615
,,grass,,18.55724429861568,54.410415523875585
,,grass,,18.558138187281955,54.41076434557623
,,grass,,18.559195244003657,54.41083552639059
,,grass,,18.55927246547858,54.410767169409844
,,grass,,18.55871735596634,54.410322769575394
,,grass,,18.55865880403938,54.4107263385088
,,grass,,18.559380469043415,54.4105715855763
,,grass,,18.559337549596748,54.410682943024156
,,grass,,18.55944569800446,54.41037671861852
,,grass,,18.559189569204534,54.41064757221751
,,grass,,18.559653928949515,54.410467586529286
,,grass,,18.559685092811517,54.41032693754769
,,grass,,18.559580927109103,54.410402208170936
Park Oliwski im. Adama Mickiewicza,park,,,18.561922480155943,54.41103612212705
,,grass,,18.56000760876856,54.41124616976799
,,grass,,18.559995286841787,54.41063728839876
,,grass,,18.560307571742605,54.41068110861116
,,grass,,18.56035336907297,54.41021303948141
,,grass,,18.56020773827679,54.41003208654383
,,grass,,18.560629714772922,54.4100912926959
,,grass,,18.560060637750567,54.41035685028877
,,grass,,18.560479568988473,54.41041379534883
,,grass,,18.560361478706767,54.40983719801695
,,grass,,18.558851949999998,54.409935749999995
,,grass,,18.560663851104145,54.40988224229199
,,grass,,18.559848183667068,54.409955732167575
,,grass,,18.559211217651388,54.40983167183399
,,grass,,18.55933578852846,54.409571747257765
,,grass,,18.559063053523673,54.40940790300932
,,grass,,18.558637155304208,54.40979651859434
,,grass,,18.55936346639342,54.40937974267323
,,grass,,18.565806083764574,54.41150192519509
,,grass,,18.56059420727066,54.40996559825604
,,,water,18.56261762476036,54.41002355316468
,,grass,,18.561492250430994,54.40999277568725
,,grass,,18.562629736435486,54.41016080611153
,,grass,,18.56143663089124,54.41008589697214
,,grass,,18.560120197427413,54.41046239869848
,,grass,,18.560358012963754,54.41049650554242
,,grass,,18.56034616294076,54.40993442546091
,,grass,,18.56259502843573,54.41023402543053
,,grass,,18.5600652332661,54.409792721744076
,,grass,,18.561142273650496,54.40964795921332
,,,,18.633308366193017,54.36927378764423
,,grass,,18.615186598358786,54.35675132811802
,,grass,,18.61436387535917,54.3571931388108
,,grass,,18.614575298999387,54.357072053068016
Skwer im. Ignacego Wilczewskiego,park,,,18.63180483915922,54.35082665213123
,,grass,,18.424319948067357,54.44626901289298
,,grass,,18.41894688664036,54.44355450112263
,,grass,,18.42471012677777,54.445757531709575
,,grass,,18.55672823112087,54.44183626374969
,,grass,,18.56284439567927,54.44314011133462
,,grass,,18.56306152896238,54.443016912517365
,,grass,,18.568306190985496,54.445242863276114
,,grass,,18.57034685,54.445707799999994
,,grass,,18.569858990775234,54.44587064328811
,,grass,,18.56990969251561,54.446196419741206
,,grass,,18.569819850000002,54.446302
,,grass,,18.5699036,54.4455284
,,grass,,18.571094526992347,54.444252991945596
,,grass,,18.570508895592685,54.444075905854106
,,grass,,18.570600803845117,54.44437700074391
,,grass,,18.571272304389648,54.44399345101326
,,grass,,18.570009596758094,54.44459317255501
,,grass,,18.570089156399344,54.44485210921216
,,grass,,18.570400151010517,54.4445669025003
,,grass,,18.56991022286944,54.44503053375988
,,grass,,18.569779594967287,54.44514856861052
,,grass,,18.632405353661532,54.356645180234814
,,grass,,18.630321296709134,54.356556893803806
,,meadow,,18.46442521346726,54.39928581967279
,,,grassland,18.44644724210864,54.42371422899659
Dolina Reinkego (Źródlana),,,grassland,18.561545146795357,54.389249704724485
Skwer prof. Pawła Gałuszki,park,,,18.58056440949214,54.3836067215302
,,forest,,18.602171042008695,54.28345498370744
,,,wood,18.41203696362889,54.36324146854552
,,,wood,18.451059619682653,54.44462498718919
Skwer im. Ireny Jarockiej,park,,,18.562367637828235,54.40652612931045
,park,,,18.650218264137976,54.34744702269169
,,forest,,18.44512129028247,54.352623355474115
,,grass,,18.609915591935497,54.354878902392976
,,,grassland,18.517469468580284,54.337953946664555
,,grass,,18.53477011728868,54.413572265795
,,grass,,18.53274657161906,54.41607386261596
,,grass,,18.53346155119755,54.412891988201196
,,,wood,18.53540888383609,54.411459388858646
,,,grassland,18.5944955649621,54.42437644805378
,,grass,,18.641912113197023,54.3619800769296
,,grass,,18.640552889212756,54.36274604933784
,,grass,,18.641706836527888,54.36089788519274
Park poforteczny „Grodzisko”,park,,,18.638949865540084,54.35554463892069
,,grass,,18.643373911426934,54.36136508245168
,,grass,,18.641543787217678,54.36136628620758
,,grass,,18.642023875554163,54.3617828811117
Park im. Jana Pawła II,park,recreation_ground,,18.60107316685689,54.399299865432425
Jankowski las,,forest,,18.54962480837486,54.29769274341138
,,,wetland,18.511715430241882,54.31175267529956
,,,grassland,18.571865375091743,54.302495832864906
,,,wood,18.5717755402297,54.316098004064855
,,grass,,18.65972547742883,54.35196628247142
,,grass,,18.610312501905398,54.327146208600816
,,meadow,,18.56464906660888,54.3149616622584
,,,wood,18.442420211347788,54.42797385815887
,,grass,,18.6130358268401,54.33527848897837
,park,,,18.60958319965424,54.33631062769835
,,grass,,18.579871589130615,54.42042342638443
,,grass,,18.561380323839145,54.42917311694385
,,grass,,18.56196789725189,54.429320586816026
,,grass,,18.567322566264696,54.431496057009504
,,grass,,18.56331086454348,54.30812400337142
,,,grassland,18.67113390626962,54.35334106179927
,,,grassland,18.67416160514112,54.35349969748334
,,grass,,18.648934801548048,54.35996433796583
,,,grassland,18.61576445,54.359446200000015
,park,,,18.60798950203623,54.37755701283313
,,,grassland,18.491905552283647,54.34192825590037
,playground,,,18.58178324581391,54.32938720821328
Ośrodek Tabun,pitch,,,18.52485534328848,54.32109929309528
,,forest,,18.45818885840154,54.42950506115803
,,grass,,18.531544702736834,54.34924456836455
,,forest,,18.421000005871154,54.286523599447996
,,forest,,18.414360487859497,54.28689867098267
,,forest,,18.422962516803533,54.28466430044966
,,forest,,18.424029514173444,54.28811903295171
,,forest,,18.418803287611368,54.289255098076225
,,,wood,18.563507133405356,54.36233784539677
,park,,,18.60316363742629,54.36066009696167
,,forest,,18.41435969099026,54.2923394704944
,,forest,,18.41551106314029,54.29265783940518
,,forest,,18.430764339555964,54.30779678298123
,,forest,,18.416763284468907,54.29664943939275
,,forest,,18.43002122868362,54.31194126998406
,,forest,,18.416716759340623,54.31461087352576
,,forest,,18.43984243651723,54.313241472366755
,,forest,,18.415755287161343,54.29432699673097
,,forest,,18.42127212933601,54.29694089974828
,,forest,,18.43515492627403,54.293771601622765
,,forest,,18.43523791728674,54.313877667312234
,,forest,,18.416857388867143,54.3153973906353
,,forest,,18.429713465278645,54.300955071573554
,,forest,,18.428490437495675,54.29916140244132
,,forest,,18.435698021722615,54.29299971794164
,,forest,,18.462560824054194,54.34592276581368
,,forest,,18.40163897984213,54.30205883424666
,,forest,,18.405257657714262,54.292897848037704
,,forest,,18.408683311098535,54.300417466116926
,,forest,,18.411618151944005,54.30397004428099
,,forest,,18.41458946320415,54.29843415474217
,,forest,,18.409150185702657,54.313174790644794
,,forest,,18.406506917246872,54.30018855753557
,,forest,,18.409179189120913,54.30312042417174
,,forest,,18.40626393549904,54.301915487460114
,,forest,,18.40066201881686,54.30206542012188
,,forest,,18.405101767286226,54.30306338612257
,,forest,,18.409443223342546,54.300089919358776
"Zbiornik wody ""Wysoki Dwór""",,industrial,grassland,18.60584312724707,54.36517382938267
,,forest,,18.420761056699025,54.365238039078676
,,meadow,,18.44549299588779,54.36143684603922
,,forest,,18.450645265392772,54.357665746591415
,,,wood,18.48973962233531,54.3483794616369
,,forest,,18.41605499655741,54.391251793604184
,,,wood,18.490261027407268,54.38529188438487
Skwer im. księdza Otto Bowiena,park,,,18.570853344630535,54.444312254017
,,grass,,18.613229678446828,54.371433452577286
,,grass,,18.613414900250827,54.371551461573624
,,grass,,18.614026090618434,54.370838925713414
,,grass,,18.613497600000002,54.37092575
,,grass,,18.615531824622476,54.37247248392033
,,grass,,18.61423454309406,54.371764154574265
,,grass,,18.615755513589338,54.37287297151409
,,grass,,18.613613021495922,54.37189836805202
,,grass,,18.612857150000004,54.37159861401421
,,grass,,18.613418667470892,54.371781218365584
,,grass,,18.613701613721283,54.372397808623504
,,grass,,18.616723518135224,54.36981901456989
,,grass,,18.620275943446,54.371409035936175
,,forest,,18.444229103126958,54.406671022953795
,,grass,,18.53082551524062,54.35127231038623
,,grass,,18.532033892007345,54.351289462299036
,,grass,,18.612606176439527,54.37118465634839
,,grass,,18.61229166623246,54.37197370701623
,,grass,water,18.534319819435936,54.353315635163916
,,,water,18.54226446543633,54.35241346622522
,,,,18.56005581401403,54.41934794307972
,,,wood,18.4840846419962,54.39408673932478
,,grass,,18.485578660221606,54.41286818533956
,,grass,,18.487653171358776,54.41231488177952
,,grass,,18.487766596908973,54.413112819045026
,,grass,,18.486628277788547,54.428845696553736
,,grass,,18.489231050261175,54.428453511542834
,park,,,18.61750475505399,54.37824652503114
,,,grassland,18.619819183113115,54.377104077881384
,,meadow,,18.434309095670233,54.355597698749904
,,,grassland,18.614988401311816,54.32663597214219
,,,wood,18.61522851590634,54.408609279423786
Rezerwat Dolina Strzyży,nature_reserve,,,18.535449010838832,54.36165197008179
Rezerwat Przyrody Zajęcze Wzgórze,nature_reserve,,,18.55182215464334,54.43424552216604
Rezerwat Źródliska w dolinie Ewy,nature_reserve,,,18.515809965105056,54.407393303465724
Rezerwat Bursztynowa Góra,nature_reserve,,,18.520566131752464,54.29470305561764
"Dawny cmentarz katolicki ""Urania""",park,,,18.59789383598914,54.38342201442873
,,grass,,18.56264774532795,54.40915474838009
,park,,,18.556923732279405,54.40913038482255
,,grass,,18.73834750206197,54.36395432528135
,garden,,,18.417457192388554,54.44167578722997
,,grass,,18.520508468437686,54.37552835478374
,,grass,,18.520954125639587,54.376092997012236
,,grass,,18.520746961981793,54.37644092417839
,,grass,,18.521736143861173,54.37591593339164
,,grass,,18.52230164068613,54.376355160624904
,,grass,,18.526228504640187,54.37634601140086
,garden,,,18.482767818397367,54.38035187244829
,,,wood,18.617958136647594,54.40835528483921
Park księdza kanonika Kazimierza Orkusza,park,,,18.64722006868382,54.39175026142931
,,meadow,,18.48597768408787,54.306056136501816
,,meadow,,18.491446650850307,54.30816074447153
,,,wood,18.5115450109606,54.339759613406365
,,,grassland,18.49476509089283,54.44429132144674
,,grass,,18.647172791633263,54.341918042563385
,,,water,18.515417440575618,54.29768337635203
Gdański Ogród Zoologiczny,park,,,18.533549906888208,54.41419858395785
,,grass,,18.57334569315238,54.41382856461611
,,,wood,18.516275479980465,54.34294100299212
,park,,,18.57012929202094,54.44277050620315
,,meadow,,18.625738730302512,54.373600594229
,,grass,,18.5817286,54.376871699999995
,,grass,,18.58194605,54.376757299999994
,,grass,,18.582141541309046,54.376631318684346
,,grass,,18.582372883574006,54.376534928060885
,,grass,,18.582555239634775,54.37641271866547
,,grass,,18.580147513443162,54.301368234724215
,,grass,,18.578069814306435,54.30092103526287
,,grass,,18.57946596716825,54.302251106023064
,,,water,18.57407818024838,54.39767432060724
,park,,,18.593712542464445,54.301241553230476
,park,,,18.470822491279534,54.31369732600584
,park,,,18.47076011580885,54.31402685905903
,,,wood,18.60202680993302,54.40193887922645
,,grass,,18.577198459154136,54.301249282498254
,,,wood,18.594796381235046,54.40058110940257
,,,,18.570737564655452,54.42788876391446
,,industrial,grassland,18.61986233616333,54.401214521974914
,,industrial,grassland,18.620238349999997,54.400374699999986
,,industrial,grassland,18.618171907262226,54.40153340286015
,,industrial,grassland,18.6171432,54.40335935000001
,,industrial,grassland,18.61805515,54.40260614999999
,,industrial,grassland,18.6165261,54.40416505
,,,wood,18.749908495943615,54.35272551406711
,,grass,,18.58380830100636,54.4210631485679
,,,grassland,18.47603639527417,54.39787779895797
,,farmland,,18.51726952250465,54.43339016618299
,,,wood,18.495609495650392,54.37550542722457
,,grass,,18.574204344730816,54.40088346359132
,,grass,,18.5739915697211,54.401216235700986
,,grass,,18.575115958061463,54.39969515112789
,,grass,,18.575730422229718,54.401334158622944
,,grass,,18.710495002670427,54.36063323522212
,,grass,,18.71016571615477,54.3605429591941
,,grass,,18.71232874128395,54.36159010964027
,,grass,,18.711670767362754,54.360361003546885
,,grass,,18.711422358149754,54.36037001271414
,,grass,,18.712841455699873,54.360615694665505
,,grass,,18.709164787576366,54.3606877431922
,,grass,,18.710827621367926,54.360398428330015
,,grass,,18.709157464634444,54.36061965122152
,,grass,,18.71299458693331,54.360753464841665
,,grass,,18.710783744392216,54.36052607162315
,,grass,,18.728719115698127,54.37308279656578
,,grass,,18.7289194629881,54.372957717252135
,,grass,,18.7283684808123,54.37328546982196
,,grass,,18.729151714971852,54.37320002055216
,,grass,,18.71529411931339,54.36269727613141
,,grass,,18.714375006767668,54.36273251731058
,,grass,,18.715101374530445,54.36165679252119
,,grass,,18.714398597449843,54.36254956748486
,,grass,,18.71464355048494,54.36163356535885
,,grass,,18.715359168111124,54.36312917551236
,,grass,,18.679959050963923,54.356694747953135
,,grass,,18.71269313870412,54.36096533049331
,,grass,,18.712903427959645,54.36098882700817
,,grass,,18.71256125691864,54.36093339157839
,,grass,,18.57307770280149,54.395736186525085
,,grass,,18.573266853983032,54.39630938846459
,,grass,,18.572680982927356,54.39679292706803
,,grass,,18.57301045625843,54.396397703607825
,,grass,,18.574048484070694,54.396690930523086
,,grass,,18.5733183584008,54.39646274421468
,,grass,,18.57291822127993,54.396276304697366
,,grass,,18.572846351223983,54.396350301225226
,,grass,,18.572897624435402,54.39652716366468
,,grass,,18.57243805688711,54.39621307143498
,,grass,,18.573154775478372,54.396608546506705
,,grass,,18.71513251006946,54.35984367374642
,,grass,,18.715730734096418,54.360209928593534
,,grass,,18.714529038535883,54.36008911167526
,,grass,,18.713133492792586,54.359772237283806
,,grass,,18.715200415391127,54.36042281353025
,,grass,,18.719404104516197,54.360023283690374
,,grass,,18.712893612766663,54.36010767013692
,,grass,,18.71544498860032,54.3607852032039
,,grass,,18.714549716290964,54.3595461910918
,,grass,,18.71496770587015,54.360737496679974
,,grass,,18.715716569832576,54.35994455653781
,,grass,,18.714131219221038,54.36043922956299
,,grass,,18.713832497391184,54.359375363078044
,,grass,,18.713154356659945,54.36022011231353
,,grass,,18.71897597977735,54.35990356052433
,,grass,,18.715427100243183,54.35961617751148
,,grass,,18.715257229258004,54.360673852244815
,,grass,,18.715545976209647,54.36056192673075
,,grass,,18.713809014553085,54.359929204938545
,,grass,,18.715646056976773,54.36035819594299
,,,water,18.72802783767192,54.36340944188329
,,grass,,18.710645079811208,54.35952579502607
,,grass,,18.70801523460771,54.36155160936284
,,grass,,18.70800378028531,54.36135505646987
,,grass,,18.572673786983383,54.39886722380862
,,grass,,18.57316382800241,54.398449605946354
,,grass,,18.57353382614492,54.39700288293145
,,grass,,18.57295155268918,54.39677485157998
,,grass,,18.573122828817304,54.397703240902594
,,grass,,18.572348195831694,54.399256578282525
,,grass,,18.715257860119447,54.36202157024243
,,grass,,18.714436666469922,54.36328237652001
,,grass,,18.71569809581914,54.361670649013625
,,grass,,18.718710986818007,54.36127395682487
,,grass,,18.716367230390603,54.36123415763715
,,grass,,18.716888134404904,54.361183683209255
,,grass,,18.717541182346427,54.361277124524
,,grass,,18.718137274447976,54.36129943407461
,,grass,,18.717417021898655,54.36098665512407
,,grass,,18.718016221913274,54.36100650539975
,,grass,,18.71787403694855,54.3613993423545
,,grass,,18.71727729162676,54.36137823760358
,,grass,,18.718472626663743,54.36142146677237
,,grass,,18.715838137029994,54.36178713403586
,,grass,,18.627129987340084,54.33766149018527
,,grass,,18.626678192244047,54.337614839746074
,,grass,,18.627370632974777,54.33799742492258
,,grass,,18.626981127786575,54.337897776256234
,,grass,,18.62752378850047,54.3377493356595
,,grass,,18.62736393841246,54.337373904726434
,,grass,,18.62725329698905,54.337830403584846
,,grass,,18.60574216820421,54.41996337582189
,,grass,,18.597181052385437,54.42322991399416
,,grass,,18.573707055754806,54.398132665799665
,,grass,,18.574216349397684,54.39784508868526
,,grass,,18.573973251878474,54.398289696375805
,,grass,,18.57603842915392,54.39672741423087
,,grass,,18.573642990099234,54.39758147304805
,,grass,,18.572519526843895,54.39806345964475
,,grass,,18.574033586466204,54.39795769878836
,,grass,,18.573743033761943,54.39780585294187
,,grass,,18.575136861482914,54.39758531305798
,,grass,,18.57405420582193,54.39816986791217
,,grass,,18.57280289473738,54.400367037132334
,,grass,,18.57403390867625,54.40064121827486
,,grass,,18.57380741930104,54.40095554888293
,,grass,,18.57395516115258,54.40079626621118
,,grass,,18.573383596005087,54.40054359897438
,,grass,,18.57374395345835,54.40066609283657
,,meadow,,18.521277176111973,54.40856151275318
,,grass,,18.64751525791475,54.356017334667015
,,,water,18.640546558637023,54.39226308806003
,,,water,18.64130368914106,54.39282671042136
Polana Świętojańska,,meadow,,18.54438812460521,54.415397076058504
,,,water,18.529629877195053,54.41598118214731
,park,,,18.607852596068938,54.38018806512251
,park,,,18.61354947075133,54.382160480869764
,,,,18.56131845549014,54.3953149258668
,,forest,,18.443266997829394,54.40952417909985
,,grass,,18.632852980670773,54.37371695028104
,,,grassland,18.545335152728708,54.32963374515506
,,,wood,18.485636956373302,54.318749450379386
,,,,18.643494,54.35106424999999
,,,wood,18.62586888227644,54.37221885804171
Park im. Romualda Traugutta,park,,,18.623331795007417,54.369268770815225
Park im. Św. Barbary,park,,,18.66434863194922,54.34927842279147
,,grass,,18.709923744587133,54.36036238712444
,,grass,,18.709672280642064,54.36031346777245
,,grass,,18.712086015688495,54.36015297209775
,,grass,,18.709767575955187,54.36005374005595
,,grass,,18.710333136019294,54.35987911625683
,,grass,,18.71109506366881,54.359162580803556
,,grass,,18.715016235498908,54.36211535832105
,,grass,,18.71501073995806,54.36250018761456
,,grass,,18.712439750916218,54.36363606065859
,,grass,,18.712695005269982,54.363661659706814
,,grass,,18.71389645170806,54.36264883679803
,,grass,,18.710416992347625,54.36121655641524
,,grass,,18.70934414159665,54.360898664105974
,,grass,,18.709836439407972,54.36108017706816
,,grass,,18.708718077109527,54.361507097557826
,,grass,,18.711446018091785,54.36002676522087
,,grass,,18.715980437816768,54.360500959577834
,,grass,,18.710754962364028,54.359352962975144
,,grass,,18.719291729660693,54.36038694832175
,,grass,,18.711253618848655,54.35963431724206
,,grass,,18.711055776342462,54.360168037101
,,grass,,18.71121947427713,54.359368008980496
,,grass,,18.715777204078265,54.36064035179083
,,grass,,18.716081640379414,54.36033952142058
,,grass,,18.715983245166793,54.360359401810214
,,grass,,18.719403288872076,54.36027028683033
,,grass,,18.710566175367262,54.35934679738198
,,grass,,18.71594849973183,54.36067411444599
,,grass,,18.719381068431623,54.36044089991073
,,grass,,18.710987045662268,54.35936036181649
,,grass,,18.716153833035584,54.36052528069244
,,grass,,18.715890440385508,54.36039663338749
,,grass,,18.71028329116543,54.36018250767481
,,grass,,18.645311016833823,54.35468924287801
,,grass,,18.645751540422363,54.35662171820362
,,grass,,18.646030683939145,54.35685996383332
,,grass,,18.645813162173297,54.35610109040787
,,grass,,18.643631826007002,54.36123153442351
,,grass,,18.708217046507077,54.35982951960708
,,grass,,18.706431516515135,54.35929613780998
,,grass,,18.70601937724546,54.35933870849653
,,grass,,18.706181843085062,54.358973092968085
,,grass,,18.70724123302242,54.360070088299835
,,grass,,18.706786748690035,54.35986235766688
,,grass,,18.707440140408906,54.35938639680903
,,grass,,18.70760875966036,54.360068186100534
,,grass,,18.705303604903854,54.358870861232056
,,grass,,18.706808695547892,54.35965534534109
,,grass,,18.705494833053347,54.35835670369607
,,grass,,18.705616031273014,54.35862899895119
,,grass,,18.708742835947824,54.35993749240426
,,grass,,18.705127923463507,54.35859993056711
,,grass,,18.71216605928809,54.359216569148124
,garden,,,18.708365899479702,54.361301522079636
,,grass,,18.708491231872053,54.36094209369182
,,grass,,18.708150199999995,54.36160125
,,grass,,18.709046968440784,54.361670866656155
,,grass,,18.708343780557257,54.3616162961314
,,grass,,18.7085769306704,54.36163439503434
,,grass,,18.708808899692745,54.36165240395262
,,grass,,18.71289969228571,54.359340029280766
,,grass,,18.71912055094805,54.36103453811049
,,grass,,18.717501301318773,54.3614923036045
,,grass,,18.717084426940065,54.36147291395646
,,grass,,18.663891673058878,54.344003855191694
,,grass,,18.663920830091183,54.34413817932439
,,,grassland,18.682621589591996,54.354661360052404
,,,wood,18.480995926732,54.39169908592618
,,,water,18.55940062253945,54.39983971334187
,,,wetland,18.480207888678954,54.334576748533486
,,,water,18.563048170194854,54.33125733784567
,,,grassland,18.62971676372929,54.28322264382066
,,,grassland,18.60811886703308,54.29387769935839
,,,grassland,18.601422826258,54.301886063572226
,,grass,,18.5544678668892,54.28507225723017
,,grass,,18.54089879137361,54.29952682597225
,,grass,,18.43193584040102,54.373548996820055
,,grass,,18.437662680963296,54.374888411709634
,,grass,,18.445801884138806,54.37916681949312
,,,grassland,18.451867614497754,54.37854555643105
,,,grassland,18.47609781675531,54.383250614585634
,,greenfield,grassland,18.489564679748703,54.387836899019504
,,forest,,18.50836770763466,54.279199950949575
,,grass,,18.68115958139662,54.35645529020643
,,grass,,18.671317135023706,54.35149137771818
,,grass,,18.67141415935148,54.35136973584158
,,grass,,18.6712554310732,54.35129322744089
,,grass,,18.672011573709465,54.3521866438835
,,grass,,18.670927127867028,54.35097992251376
,,grass,,18.671737175272938,54.35198855553901
,,grass,,18.671453719393963,54.35171383980126
,,grass,,18.67165290381721,54.35180983695591
,,grass,,18.671075736861713,54.35125327754871
,,grass,,18.46203248337352,54.31575696679301
,,grass,,18.469309442071626,54.31068513263797
,,grass,,18.46842677026679,54.31187541744366
,,grass,,18.638538205870322,54.394178383464535
,,grass,,18.638190509030835,54.39429573212144
,,grass,,18.715503071955442,54.363326213385555
,,grass,,18.713602911906488,54.36324351123946
,,grass,,18.71441895658672,54.36306149449466
,park,,,18.713675608537617,54.36357409585977
,,grass,,18.671844543618906,54.35188071205106
,,grass,,18.67196121607586,54.35130999065968
,,grass,,18.67169858715878,54.35168060724302
,,grass,,18.671322335012142,54.35119368803254
,,grass,,18.671602498151007,54.35144480724009
,,grass,,18.671984444333624,54.35147708797296
,,grass,,18.671627892171912,54.350993517586524
,,grass,,18.671182090129435,54.350878023404505
,,grass,,18.672359955126385,54.35199533520209
,,grass,,18.70689252072692,54.35925105773429
,,grass,,18.706660165262587,54.35861214759596
,,grass,,18.706552578498297,54.358412069917755
,,grass,,18.707546782867606,54.35856251897079
,,grass,,18.70728447957838,54.35795921975504
,,grass,,18.707482105367006,54.358369558089706
,,grass,,18.708192685019323,54.358047731263774
,,grass,,18.70807107897059,54.358562597195224
,,grass,,18.706309884634454,54.35860525629889
,,grass,,18.706590162988157,54.35914517112902
,,grass,,18.70817230516013,54.358351366780894
,,grass,,18.70670874919146,54.359124145433505
,,grass,,18.70685209791015,54.35909873818331
,,grass,,18.708645826472132,54.35847240522107
,,grass,,18.70713163268701,54.35814956910863
,,grass,,18.707029165963874,54.35906736158272
,,grass,,18.707553926482944,54.358471581816914
,,grass,,18.70722916168431,54.35856468771071
,,grass,,18.70798943827137,54.35841147718651
,,grass,,18.707767592572385,54.358340285549
,,grass,,18.70682342899836,54.35896809602462
,,grass,,18.707752304793573,54.35845351907561
,,grass,,18.716614931713394,54.359777376734165
,,grass,,18.75202931412174,54.354723491755585
,,grass,,18.729764598092846,54.37276747039287
,,grass,,18.64733359847729,54.35192677091864
,,grass,,18.646801505681307,54.35190018674611
,,grass,,18.662630631564568,54.347491834681804
,,grass,,18.662800646722186,54.34752076621133
,,,grassland,18.45952082646463,54.427640308335256
,,grass,,18.663566795920048,54.345317141438095
,,grass,,18.662447935435193,54.34536133247401
,,grass,,18.663342232414642,54.34487537429968
,,grass,,18.661357086137897,54.345336045406505
,,grass,,18.662787219020935,54.34544626519893
,,grass,,18.408695260642798,54.432230782617005
,,grass,,18.405693199345777,54.416714832930076
,,grass,,18.40105748529308,54.40851278220157
,,grass,,18.43498703851672,54.40968452852865
,,grass,,18.445614446238853,54.38129300384503
,,grass,,18.447884968257316,54.37822128997491
,,,grassland,18.448068193609544,54.379099618994104
,,grass,,18.447367249330313,54.37480316608735
,,grass,,18.4513914081994,54.37499624394042
,,grass,,18.435656937071766,54.373111720342266
,,grass,,18.43686386681298,54.37255936741676
,,,grassland,18.422486589089758,54.37546385579583
,,,grassland,18.42163872389646,54.37327887184462
,,grass,,18.41383062593243,54.36031087136133
,,,grassland,18.403312317037017,54.36171335873661
,,,grassland,18.396461207717785,54.35884518187472
,,forest,,18.424424487202586,54.281997435594256
,,,grassland,18.51600795889131,54.33976986845629
,,forest,,18.403145560636105,54.431736213906376
,,,grassland,18.66980480202692,54.3730875595647
,,,grassland,18.669905702063662,54.3688496483259
,,,grassland,18.48115685095958,54.39298143010312
,,,grassland,18.480103271670956,54.38308813242192
,,grass,,18.4622284157874,54.379553423492524
,,grass,,18.467234475663076,54.37769798758354
,,grass,,18.480569852028957,54.37487095862094
,,grass,,18.488728764757145,54.372932511172095
,,grass,,18.491869380199972,54.37226397565601
,,grass,,18.474701525275876,54.376572265196394
,,grass,,18.470918300984362,54.37735100466064
,,grass,,18.470344738261993,54.37572240527319
,,grass,,18.495483895731287,54.37199660095225
,,grass,,18.50011389884145,54.36912325946152
,,grass,,18.485117253709532,54.37528212935902
,,grass,,18.476266218728725,54.37777461913211
,,grass,,18.452789926504735,54.38206007143281
,,grass,,18.45673423110299,54.38281729473872
,,grass,,18.436630420752245,54.38902894756606
,,,grassland,18.418281850576268,54.404561306159934
,,grass,,18.413208814668103,54.40139083398933
,,grass,,18.414927755062006,54.39507304568764
,,grass,,18.70967128369873,54.35745151420726
,,grass,,18.71469681685597,54.36057371868521
,,grass,,18.71456926817229,54.36062849903061
,,,grassland,18.680424406943327,54.36601234557395
,playground,,,18.639474221423054,54.405708783537214
,,forest,,18.5594698893991,54.28999195650042
,,grass,,18.681599317728818,54.356599100424766
,,,grassland,18.688964241890115,54.35857597735553
,,,grassland,18.690221835074993,54.35880182705558
,,,wood,18.68694465739641,54.38259344582584
,,,grassland,18.687101676195205,54.38309685819926
,,,wood,18.696634519063274,54.38557555842502
,,,wood,18.692637373332836,54.382721003752486
,,,wood,18.693537829688115,54.38333386818847
,,,wood,18.694331154661615,54.38335627973916
,,,wood,18.69469544419446,54.382244216361116
,,,grassland,18.692192938001124,54.386963000205405
,,,grassland,18.443426035672154,54.43965462067699
,,,grassland,18.44072242742512,54.43870996711535
,,,grassland,18.43713653700801,54.43936377390891
,,,grassland,18.455518812635272,54.442662360264535
,,,wood,18.453866647006727,54.44079142658455
,,,grassland,18.437448737256037,54.441875149443256
,,,grassland,18.447432151067282,54.44371014012141
,,grass,,18.451086988606193,54.438725125689686
,,,grassland,18.446957100634908,54.44176421941953
,,,grassland,18.45482284278221,54.440287704997054
,,,grassland,18.45365633755725,54.44095416128861
,,,grassland,18.454895528628896,54.439305419873
,,,wood,18.454716982579104,54.43886311190278
,,,grassland,18.446012103552242,54.44410038225004
,,,grassland,18.443066050763175,54.44193068207839
,,,grassland,18.442344319412395,54.44212783592624
,,meadow,,18.60029765809527,54.28178928404588
,,,wood,18.60628677212495,54.28379882548366
,,,grassland,18.601489673579387,54.28241268595612
,,,grassland,18.609866506014274,54.28371757595349
,,,grassland,18.609510721793193,54.280438002212755
,,,wood,18.60967060999591,54.281269378788394
,,,grassland,18.60469516640663,54.28330210537473
,,,grassland,18.606164649194607,54.2836174403954
,,,grassland,18.60211474412924,54.28482840913676
,,grass,,18.521218534202838,54.37526267639342
,,grass,,18.60090666131814,54.351438904231365
,,grass,,18.582234134811618,54.36019491563746
,,grass,,18.610706947031336,54.33687199575873
,,grass,,18.552430692562442,54.321639646583115
,,grass,,18.552347124972986,54.32135751912517
,,grass,,18.553289118220672,54.32073930400942
,,grass,,18.551670846901093,54.321516913726114
,,grass,,18.55189655890136,54.321359102870574
,,grass,,18.55171339903089,54.32126533044681
,,grass,,18.553092494822483,54.320889870004684
,,grass,,18.649214503416246,54.35198872649583
,,grass,,18.648756395671334,54.35220399537966
,,grass,,18.64793111828157,54.351755878189906
,,grass,,18.64923785804474,54.351738153177294
,,grass,,18.64830743065678,54.35197159364425
,,grass,,18.648192337510064,54.35219679223628
,,grass,,18.649656054400282,54.35192079045432
,,grass,,18.64976965516383,54.35181437738581
,,grass,,18.64724068919788,54.351801078974496
,,grass,,18.64873803480558,54.352053781856064
,,grass,,18.64808969379455,54.3515727358428
,,,,18.26560959929571,54.26333343189439
,,grass,,18.556120872580355,54.442742712945474
,,grass,,18.556340999144748,54.44259623460453
,,grass,,18.556140172843257,54.442418356095615
,,grass,,18.55594014208093,54.44275519730635
,,grass,,18.55523125444654,54.443024588791225
,,grass,,18.553743218268075,54.44297411499848
,,,,18.549220038163785,54.443348820849884
,,,grassland,18.412876627011187,54.299105583543124
,,farmyard,,18.41700788064296,54.395783257415935
,,grass,,18.63911115602826,54.339955962296656
,,,grassland,18.656876718477413,54.34102507957681
,,forest,,18.579919587345476,54.27976142548896
,,meadow,,18.467853913493236,54.37851274799114
,,meadow,,18.47267743058425,54.380378136885156
,,meadow,,18.472432639760342,54.380168972957975
,,grass,,18.475012214949736,54.379531818462446
,,grass,,18.473555170240484,54.37990618926717
,,grass,,18.47451591246667,54.37967717352793
,,grass,,18.474726483044886,54.379170781396105
,,grass,,18.476890404013066,54.379588390111536
,,grass,,18.476071941135526,54.37965691916332
,,grass,,18.475539350531886,54.379721774441585
,,meadow,,18.479830338573947,54.37739350274611
,,,grassland,18.588948232666468,54.42080840570914
,,grass,,18.615327763075758,54.38254409191182
,,grass,,18.61515923847529,54.38281328312045
,,grass,,18.615597197462243,54.3821279009128
,,grass,,18.615210182216494,54.383174439251626
,,grass,,18.615133684665924,54.38302048597734
,,forest,wetland,18.555694927505186,54.403552090546235
,,,water,18.55659359468011,54.403825672579195
Park Nostalgiczny,park,cemetery,,18.617969804334393,54.368325948285595
,,,wetland,18.49623635927696,54.32916675569238
,,grass,,18.607306959637107,54.38841383968286
,garden,,,18.61052444478711,54.380436274742934
,park,,,18.615193847378276,54.38342629955385
,,,wood,18.50032363820526,54.365531218136674
,,grass,,18.556780142353954,54.40708553755319
,,grass,,18.57071862468782,54.409901394403995
,,grass,,18.668962081579725,54.399234891315146
,,grass,,18.669048964877735,54.399280009784114
,,grass,,18.669018670039417,54.39934917165617
,,grass,,18.66919260260742,54.39926394307788
,,,grassland,18.458662264281376,54.40627031804561
,,,wood,18.56488745018543,54.33405250943005
,,grass,,18.606563005615822,54.35549557878454
,,,wood,18.602496140696317,54.418259008943565
,,grass,,18.720581822903892,54.35688159624493
,,grass,,18.719573735371174,54.356828158346424
,,grass,,18.719309619365315,54.356584998933215
,,,water,18.460320579795294,54.42833968068781
,,,wood,18.611017995439166,54.332266218981054
,,,scrub,18.48764987852517,54.383006177429095
,,,grassland,18.482307936097552,54.384980435380506
,,,grassland,18.486757580494384,54.381399769922446
,,grass,,18.483238644269125,54.38017581067948
,,,grassland,18.482812000828737,54.38185547660011
,,,scrub,18.476070198776316,54.3859564720817
,,,wood,18.47652531059448,54.38467435211061
,,,grassland,18.473639833357634,54.38545587319154
"Zbiornik retencyjny ""Rębiechowo III""",,,water,18.46405591944905,54.39073055654033
,,grass,,18.575808091533872,54.419994253907895
,,grass,,18.574963524764247,54.41983519779279
,,grass,,18.57486338367843,54.41964454244751
,,grass,,18.575029090830643,54.41974707059692
,,grass,,18.574277474202265,54.420121821091435
,,grass,,18.57426325924175,54.419569168676
,,grass,,18.574080159810222,54.41979427905795
,,grass,,18.574646485937354,54.419368284410034
,,grass,,18.573755168989212,54.41959428430398
,,grass,,18.575592666036933,54.419408221372564
,,grass,,18.574509516438816,54.42044180156526
,,grass,,18.573957813930623,54.42028638519174
,,,wood,18.575602875289498,54.41935410135596
,,,wood,18.575884254206052,54.41992882624499
,,grass,,18.574199242041356,54.41914398600341
,,grass,,18.57501160071301,54.419151055269516
,,grass,,18.573013049291713,54.416318748081366
,,grass,,18.572680835494594,54.41621961707249
,,grass,,18.571686371728333,54.415852949081035
,,grass,,18.57735811880996,54.4204460055134
,,grass,,18.57800347100458,54.42060687973507
,,grass,,18.577747627985186,54.42035519626981
,,grass,,18.576943441274885,54.42040980389386
,,grass,,18.576927061500157,54.42059488533801
,,grass,,18.576424066037397,54.42068324369544
,,grass,,18.578464881130774,54.42070170069628
,,grass,,18.577256821291115,54.42104113222206
,,grass,,18.577191475752343,54.42067615210267
,,grass,,18.576747672707178,54.42079629216761
,,grass,,18.575979661443306,54.42064329393939
,,grass,,18.577274814479203,54.421209226834264
,,grass,,18.577937611272045,54.42105278064194
,,grass,,18.577974019329535,54.42099455109225
,,grass,,18.57811318829641,54.42093977310851
,,grass,,18.57768685539436,54.420974557567405
,,grass,,18.578131866040806,54.421161838744496
,,grass,,18.577799422726372,54.42081176874
,,grass,,18.577648769295937,54.42077902995643
,,grass,,18.577712865140438,54.42091109596321
,,grass,,18.577924062611917,54.421229646568854
,,grass,,18.576961600123383,54.41974502710652
,,grass,,18.576443260807412,54.41895799693632
,,grass,,18.576833021218494,54.41948017088711
,,grass,,18.577450532310447,54.419598039806566
,,grass,,18.577303448881157,54.42019765720853
,,grass,,18.576633625395658,54.42009123786029
,,grass,,18.578538665637208,54.420313122719435
,,grass,,18.57829575,54.420336850000005
,,grass,,18.57860584850645,54.42045439843784
,,grass,,18.575072911868222,54.41821659162568
,,grass,,18.578090516507096,54.41934887670282
,,grass,,18.580898519950033,54.41974926763813
,,grass,,18.580926847859413,54.41960135608526
,,grass,,18.578474131833822,54.41943032908654
,,grass,,18.578197964752384,54.41948874573318
,,grass,,18.578076801159696,54.41859570881581
,,grass,,18.57917102181084,54.41974326230883
,,grass,,18.578085879373347,54.418986608246875
,,grass,,18.576590474672283,54.41876791217401
,,grass,,18.578057143782004,54.418755800971255
,,grass,,18.57851496140737,54.41873330395827
,,grass,,18.57798825536463,54.419163477248325
,,grass,,18.580061012760385,54.41995820977404
,,grass,,18.580908940818254,54.4210144459605
,,grass,,18.580774327382343,54.420539419524594
,,grass,,18.580862037129318,54.420851464094945
,,grass,,18.58068184460183,54.42021974121525
,,grass,,18.58081925652385,54.42070058813899
,,grass,,18.58072844147982,54.420379815057984
,,grass,,18.578254231701077,54.42110087350816
,,grass,,18.57707023994289,54.421375569391785
,,grass,,18.576829708430658,54.42129625263765
,,grass,,18.578023584006242,54.42166533943227
,,grass,,18.575788533009682,54.420788159954114
,,grass,,18.577314050000002,54.42145609999999
,,grass,,18.57584115,54.42093630000001
,,grass,,18.576166949999998,54.42106834999999
,,grass,,18.5766013,54.421220850000005
,,grass,,18.576360860040023,54.42114148060946
,,grass,,18.578126509753645,54.42132750086312
,,grass,,18.57839042913277,54.42156867010024
,,grass,,18.577557347033522,54.421536442444065
,,grass,,18.57823790901542,54.42160658112969
,,grass,,18.577803450416383,54.42161464638929
,,grass,,18.576005219499912,54.421010903687595
,,grass,,18.576712121294847,54.41839156071651
,,grass,,18.57733082516738,54.418809378659574
,,grass,,18.576409950610397,54.4185181008016
,,grass,,18.576870596505547,54.418675744407274
,,grass,,18.576164341969257,54.41843380925202
,,grass,,18.576631801692354,54.41859403124604
,,grass,,18.577112049872902,54.41875835437532
,,grass,,18.57582328966347,54.41804280856191
,,grass,,18.57564220967226,54.41806563295043
,,grass,,18.575543144172006,54.418556859648355
,,grass,,18.57515890688676,54.41777058212719
,,grass,,18.57511562021805,54.41795803213784
,,,water,18.609878187878945,54.36688836964288
,,,wood,18.609470839533525,54.36765779985995
,,grass,,18.57524008438376,54.41762418060776
,,grass,,18.57403579449844,54.417726069299455
,,grass,,18.5742428,54.41779909999999
,,grass,,18.57395819315988,54.417419532090065
,,grass,,18.57529417792386,54.41884694583473
,,grass,,18.57469527124424,54.41862463900611
,,grass,,18.575048275796753,54.41885828041682
,,grass,,18.575004114025724,54.418696871480314
,,grass,,18.574959509645566,54.418548777812724
,,grass,,18.57491506522868,54.41840016364803
,,grass,,18.574867786976952,54.4182407609713
,,grass,,18.574815308648972,54.41807821023046
,,grass,,18.574773106963544,54.41795161815406
,,grass,,18.574206719505497,54.41899570404133
,,grass,,18.57442659300797,54.418619428602305
,,grass,,18.573308207990934,54.419569288277344
,,grass,,18.57265668655987,54.41913948653654
,,grass,,18.57278780403734,54.41962415911087
,,grass,,18.573590639219425,54.41833658161015
,,grass,,18.573587161535023,54.418768424468425
,,grass,,18.57305223472873,54.41964497671095
,,grass,,18.572915286745356,54.4190678460766
,,grass,,18.57373591346374,54.41826686869847
,,grass,,18.573993330584848,54.418872941484956
,,grass,,18.57407454886491,54.418124104079375
,,grass,,18.573992071216967,54.41797085526934
,,grass,,18.578357744243316,54.30286627777042
,,grass,,18.57230874622464,54.41784229467102
,,grass,,18.572160726989722,54.4180811675986
,,grass,,18.571208081936177,54.42039843303025
,,grass,,18.57124008000056,54.420536978712754
,,grass,,18.570909275051115,54.42036698381632
Polana Augusty,,,grassland,18.537597452478416,54.370433365262116
,,,wood,18.45421923213241,54.3985701894576
,,grass,,18.58905256466223,54.296010311891955
,,,grassland,18.482336398943076,54.41148244649776
,,forest,,18.56990781875975,54.2871560502411
,,grass,,18.483116463116836,54.38812186599823
,,grass,,18.483195935408688,54.388209019120694
,,grass,,18.48330171664429,54.38815016873992
,,grass,,18.48289683808482,54.3883035728202
,garden,,,18.482944469640575,54.388303167507374
,,grass,,18.484315423634975,54.38836888739336
CTR EPGD,,,,18.565934846733068,54.394252771291676
,,animal_keeping,sand,18.569197050000003,54.4292129
,,grass,,18.548318818955675,54.34136843446437
,,grass,,18.534505720916226,54.34744618896861
,,grass,,18.581390104143306,54.39217858064601
,,grass,,18.68276651925828,54.35677364552462
,,grass,,18.684498819073657,54.356832515885756
,,grass,,18.68414215885173,54.35647882028614
Skwer Bajki,park,,,18.68406284386815,54.35643396594387
,,grass,,18.684415979388074,54.35636009154575
,,grass,,18.68283185938715,54.35653870055462
,,grass,,18.68356025266795,54.3566650098124
,,grass,,18.684729513005124,54.356689015955006
,,grass,,18.684280144604735,54.3567752623337
,,grass,,18.681888978739632,54.35655157746902
,,grass,,18.68417873230503,54.35668032294793
,,grass,,18.681461821146605,54.35629088344711
,,grass,,18.68528477197861,54.357024015017906
,,,grassland,18.460833401379336,54.372973750779806
,,,grassland,18.500134870114028,54.369935511331285
,,greenfield,grassland,18.48184248734141,54.387937383942116
,,,grassland,18.52887181531639,54.3541843173
,,,wood,18.48643679885024,54.37773692861828
,,grass,,18.455017712703263,54.318041550446274
,,,grassland,18.458980328281502,54.37601256570936
,,forest,,18.416251237256233,54.42436053332666
,garden,,,18.56580703341161,54.330841212962994
,,,wood,18.5712866290383,54.333686362522165
,,grass,,18.561711636744697,54.34315603842024
,,grass,,18.56191759775636,54.343123958979355
,,grass,,18.56203640472735,54.343314596491474
,,grass,,18.56146316650004,54.34341883954382
,garden,,,18.565100648589265,54.33175653849084
Rezerwat Wąwóz Huzarów,nature_reserve,,,18.540275515525444,54.37737722304125
,,grass,,18.45054487074301,54.41266315351752
,,grass,,18.468733202403417,54.38348703948884
,,grass,,18.47212248691366,54.382990065193596
,,grass,,18.479203868951014,54.38196667571714
,,grass,,18.560504817433525,54.34102544782599
,,grass,,18.561378443915082,54.34102597172353
,,grass,,18.56064737527776,54.343682508884726
,,grass,,18.560508000000002,54.343712000000004
,,grass,,18.560198485293398,54.343592390455946
,,grass,,18.56728645,54.338628099999994
,,grass,,18.64370341628285,54.390095464762865
,,grass,,18.644940403054555,54.38960855704296
,,grass,,18.64546637177198,54.38927179204968
,,grass,,18.64605624074862,54.388984829046414
,,grass,,18.646656874740962,54.38860395709793
,,grass,,18.64714250004169,54.388202201173634
,,grass,,18.571367895305556,54.33764978560573
,,grass,,18.57203790010378,54.33738012311192
,,grass,,18.570575662378307,54.337295913007395
,,grass,,18.560017096088522,54.337088545815114
,,grass,,18.58537140095176,54.33608627410388
,,grass,,18.572763650986808,54.33456829798998
,,grass,,18.546224233178517,54.34383867201276
,,grass,,18.54421101098784,54.34412161179702
,,grass,,18.539461906260833,54.34698172879781
,,grass,,18.52889537654167,54.347960845237594
,,,grassland,18.54084420566574,54.34490500144751
,,grass,,18.545477130861514,54.34334019150812
,,grass,,18.535704276267094,54.34621906945673
,,grass,,18.52640397378738,54.34916627704761
,park,,,18.562896280478867,54.34804585989517
,,grass,,18.553812676505515,54.339343169053876
,,grass,,18.556337630611143,54.33800062774664
,,,grassland,18.55187311964961,54.34058296132253
,,grass,,18.603279607138806,54.346688806604675
,,grass,,18.60309093046455,54.34711729827219
,,grass,,18.602886555827855,54.34737470474242
,,grass,,18.60300501268036,54.34756430563357
,,grass,,18.602369489336596,54.34713314702647
,,grass,,18.602593663651447,54.34730278645761
,,grass,,18.604652701161076,54.32369250306693
,,grass,,18.595575105417975,54.424044619623295
,,grass,,18.596291782299286,54.42384852594574
,,grass,,18.522657622572975,54.37632440328133
,,grass,,18.522491014204554,54.37665138651123
,,grass,,18.522010665321194,54.37612551275131
,,grass,,18.513077753851523,54.375493514742644
,,grass,,18.580886749841266,54.37655700344601
,,grass,,18.58034995644496,54.37670002466233
,,grass,,18.580176502094307,54.37769965059311
,,grass,,18.580317647536884,54.377119012251164
,,grass,,18.580153435817355,54.37713365856315
,,grass,,18.589207729010518,54.409933646939926
,,grass,,18.590070851585978,54.409876593589075
,,grass,,18.58994537030031,54.410114471283265
,,grass,,18.59010492126326,54.40964413318852
,,grass,,18.59048868137674,54.40878315939587
,,grass,,18.589417546564427,54.40935602296357
,,grass,,18.589791040157902,54.40933905553138
,,grass,,18.590154310816587,54.40931488824539
,,grass,,18.59027867383394,54.40904148881675
,,grass,,18.590410827521353,54.40906513742311
,,grass,,18.59046706500779,54.40903254717765
,,grass,,18.589640341284582,54.40973743845599
,,grass,,18.589490996923868,54.41012534822533
,,,grassland,18.54651401335718,54.40334067174843
,,,grassland,18.547329352116808,54.40658786986416
,,grass,,18.666348653683837,54.344841057398845
,,grass,,18.663943941606878,54.34427754775202
,,grass,,18.663575255513305,54.34426713933663
,,grass,,18.656846572190886,54.34592651101567
,,grass,,18.656589680354994,54.34591891288549
,,grass,,18.65684619306936,54.34606394255102
,,grass,,18.635486896412626,54.38567698743254
,,grass,,18.63656078951708,54.385030475404136
,,grass,,18.637312417600345,54.385179360841505
Ogród Roślin Leczniczych,garden,,,18.622775681101036,54.381978635043794
,,grass,,18.656845483824032,54.339594425405096
,,,grassland,18.577034268246507,54.43228450676274
Sopockie Błonia,park,,,18.578036939584138,54.43260448138052
,,grass,,18.584972366790836,54.3894041760045
,,,grassland,18.61723840815071,54.29831694864782
,,,wood,18.590852291058564,54.31058820840668
,,,wood,18.60380466101047,54.306276701727654
,,,water,18.607726854002767,54.304763059473196
,,meadow,,18.59671767760066,54.29640695215315
,,grass,,18.534839382236427,54.29458577522987
,,,grassland,18.543662243903533,54.290692910715926
,,meadow,,18.597380340142024,54.295893777232074
,,grass,,18.598038407630707,54.297923094755326
,,,grassland,18.623750608000254,54.300053952763626
,,,wood,18.62254768094934,54.29705047215472
,,,wood,18.62194481976649,54.302548648475856
,,,wood,18.612569224895033,54.282231250279786
,,,wood,18.61171002362928,54.28067339468478
,,forest,,18.57380161933713,54.29481401118194
,,forest,,18.576248687320877,54.29486989244008
,,grass,,18.534395929045225,54.29776593744838
,,,wood,18.62520328164936,54.31490315112898
,,,wood,18.626503490677692,54.31425919549043
,,,wood,18.62574779473092,54.312873746132816
,,,grassland,18.567956164763803,54.30043018568394
,,,wood,18.554920543061183,54.29414257216592
,,forest,,18.563995697842227,54.292386684155645
,,forest,,18.5664401655547,54.29376337440888
,,forest,,18.567911229246352,54.29382950544776
,,forest,,18.550585357169417,54.30158369730447
,,forest,,18.54873886470206,54.302142569348725
,,grass,,18.532000602314373,54.30136736242691
,,,water,18.520164759069313,54.303707808874044
,,forest,,18.50105835064603,54.29199135097762
,,forest,,18.476706865086424,54.286007620425536
,,,wood,18.561373150611757,54.30642075596129
,,meadow,,18.58887999010842,54.28079692598912
,,,grassland,18.624833948026232,54.31109448440192
,,,wood,18.6188265399095,54.31460480300681
,,,wood,18.613532486576403,54.32028487120646
,,,wood,18.57542628385491,54.31515783926717
,,,wood,18.58790381338768,54.30542036950208
,,meadow,,18.59207517357797,54.299018931014174
,,,grassland,18.619903899852837,54.29361488920555
,,,grassland,18.5940826232343,54.286798037576496
,,meadow,,18.61553759369078,54.28157204652724
,,,grassland,18.618098231124996,54.282877963125344
,,,wood,18.6330126575877,54.29207722744186
,,,grassland,18.626824864336967,54.2913249273795
,,grass,,18.63276855150097,54.28238844146903
,,,wood,18.63620877460957,54.284674927264795
,,,wood,18.63543821691678,54.28554479852962
,,,grassland,18.636216956757476,54.28204958772554
,,,wood,18.637166243568554,54.279958076283854
,,,wood,18.633732375912604,54.28430189301671
,,,grassland,18.64134795352178,54.28204773937606
,,,grassland,18.61043828620722,54.30554646372888
,,,grassland,18.604217724657122,54.307083236484004
,,,wood,18.59481972482871,54.317650376143874
,,,wood,18.62830469072914,54.32374498217543
,,,wood,18.62838770866789,54.32513553498307
,,,wood,18.623501179285324,54.32427305523341
,,,wood,18.624882072967974,54.32330556232108
,,,wood,18.621167427750372,54.324262823404425
,,,wood,18.622156802708382,54.323739069253335
,,grass,,18.620910468196506,54.33781348270676
,,grass,,18.618819435970728,54.33693486157053
,,grass,,18.61922561797654,54.33682059856545
,,,grassland,18.61823643217857,54.335081839679795
,,,wood,18.619491456732618,54.32035562676839
,,,wood,18.61978539880757,54.31999377514993
,,,wood,18.622043200185118,54.31960236477108
,,,wood,18.62417754238956,54.31620397943008
,,,wood,18.62721009723513,54.3182580859823
,,,wood,18.626511894287894,54.311929994545714
,,,wood,18.621732314165985,54.318828201455965
,,,wood,18.62057229224229,54.319098635956195
,,,wood,18.622577852759434,54.319298963801614
,,,wood,18.622717033425563,54.31994344862859
,,,wood,18.626335786957114,54.320048326782555
,,,wood,18.54092051304294,54.35399530168733
,,,wood,18.539884364242077,54.353143831336986
,,,wood,18.555744114961836,54.35510895284427
,,,wood,18.56328145382561,54.35909591220124
,,,wood,18.56914015693179,54.36217450633376
,,meadow,,18.657275465079202,54.285616930653546
,,grass,,18.663343071672355,54.28453817785656
,,meadow,,18.664956163779852,54.2840577729813
,,meadow,,18.67190366103708,54.28065182100613
,,meadow,,18.67362385958374,54.27986582633442
,,meadow,,18.647627856075196,54.28926325639519
,,,grassland,18.655020665848404,54.28742407901095
,,grass,,18.655991483859374,54.28890207336686
,,grass,,18.657406396013076,54.28755022118179
,,grass,,18.675421492491406,54.32562071413939
,,grass,,18.679544879771516,54.32469262949961
,,grass,,18.68285585652194,54.322953784583234
,,grass,,18.693898868733527,54.32388899245712
,,grass,,18.6928352364467,54.32280173641808
,,grass,,18.70041897204362,54.325672801803634
,,grass,,18.697745271601132,54.32940437484667
,,grass,,18.674573435620893,54.32170649007475
,,grass,,18.6692304202354,54.31217152444514
,,grass,,18.671475761396668,54.31334786058727
,,grass,,18.67027155190095,54.31792941819977
,,grass,,18.673140350405628,54.31751547633211
,,grass,,18.66743727808015,54.31180536519784
,,grass,,18.664005181854215,54.3110522761043
,,grass,,18.659976302386887,54.312203162692036
,,grass,,18.648014789522513,54.312722997769356
,,grass,,18.64416702040994,54.31269125898593
,,grass,,18.68045005214598,54.340075106431605
,,,grassland,18.682990999090716,54.34059250358477
,,,grassland,18.69288402295463,54.34720909205593
,,grass,,18.706249885950076,54.344088760674325
,,grass,,18.702722792739127,54.341199437240626
,,meadow,,18.692068362333906,54.337876499119126
,,grass,,18.700163536275294,54.33466323535988
,,grass,,18.70257410543172,54.33877805112597
,,grass,,18.70611861971556,54.33591760977709
,,grass,,18.70635679581429,54.33682810409972
,,grass,,18.70788044641908,54.335944047926695
,,grass,,18.71758118102332,54.337357597638466
,,,grassland,18.71358201154497,54.336853273505355
,,grass,,18.72887740650168,54.339524382676274
,,grass,,18.741101596901657,54.32173828875221
,,grass,,18.628428998655572,54.32116736966204
,,forest,,18.465862970279296,54.28980408930912
,,forest,,18.466708588455862,54.29068724996495
,,forest,,18.465684799423165,54.290616437356725
,,grass,,18.522891712258765,54.37669790429055
,,grass,,18.524232832923108,54.37666308330397
,,grass,,18.61656610769915,54.40873003466422
,,grass,,18.459853477211755,54.425903152038984
,,grass,,18.576050062308934,54.30143491204557
,horse_riding,meadow,,18.492182801857037,54.44270922759586
,,meadow,,18.494099879660045,54.44222315067296
,,meadow,,18.490642261326702,54.44168908086266
,,meadow,,18.453162796552107,54.44805966774446
,,,wood,18.4349333877107,54.39687104807756
,,,grassland,18.435305891122532,54.39725171532754
,,,grassland,18.434283715092068,54.39686791799643
,,grass,,18.595468012767306,54.391608225549724
,,,wood,18.44267397337049,54.41775705098304
Rondo Olimpii Osowa,,grass,,18.478388345780676,54.419246830494785
,,,water,18.485595670347546,54.43316173664787
,,,grassland,18.49330686266786,54.44206486075608
,,,grassland,18.491583356475928,54.4417287814277
,,grass,,18.49289160634469,54.44233854002338
,,meadow,,18.492177817141652,54.441466726206876
,,meadow,,18.49345135061277,54.44110172898085
,,grass,,18.461497573940843,54.43865861908294
"Skwer im. Danuty Siedzikówny ""Inki""",park,,,18.632034090054137,54.3232501271232
Park Hestii,park,,,18.584168342753408,54.429941881163636
,,grass,,18.583023498012214,54.42929463205265
,,,wood,18.564340149717292,54.34670389443102
,,grass,,18.564232535178053,54.34087807153078
,,grass,,18.614032112655703,54.37296510523862
,,grass,,18.613604654492885,54.37104652570487
,,grass,,18.611842504916492,54.37135822807983
,,grass,,18.611892761282835,54.37159619716922
,,grass,,18.61221385434234,54.37139186145439
,,,water,18.47841270306734,54.4068800213429
,,,water,18.520604837619487,54.34603157575269
,,,grassland,18.495893829796824,54.3670270299656
,,,wood,18.497744806727706,54.36696734343272
,,grass,,18.594022646497034,54.3744930015329
,,,grassland,18.52267854000415,54.35789364934098
,,grass,,18.589525662426386,54.38130707815699
,,grass,,18.58974329816124,54.380952771724495
Zbiornik Okrzei,park,,water,18.574958532272895,54.43537441969459
,,grass,,18.583330465851052,54.35792899997981
,,grass,,18.58326370286841,54.357980100333336
,,grass,,18.583183020239492,54.357937372870715
,,grass,,18.58296559230208,54.35791046285332
,,grass,,18.528488282591304,54.35041267555805
,,,water,18.560220944914906,54.3348633753529
,,,grassland,18.55640133269931,54.37221470820306
,,,grassland,18.54322889495421,54.381190834504345
,,grass,,18.637149453079715,54.394827148563905
,,grass,,18.637571340414166,54.394710514230965
,nature_reserve,,,18.5550468507625,54.29414651577828
Dolina Czystej Wody,nature_reserve,,,18.52872545844318,54.40558099956755
Fort Nocek,nature_reserve,,,18.64179974179452,54.35600648648971
Karasiowe Jeziorka,nature_reserve,,,18.75819558842725,54.367055367490714
Migowska Bielawa,nature_reserve,,,18.55974931990169,54.34841958067882
Prochownia pod Kasztanami,nature_reserve,,,18.641481634439792,54.356839074637534
Salwinia w Owczarni,nature_reserve,,,18.489704864830102,54.42054868397434
Torfowisko Smęgorzyńskie,nature_reserve,,,18.480259120244693,54.334541957325094
Łozy w Kiełpinie,nature_reserve,,,18.49743863695308,54.33708806708903
,,grass,,18.566575467548393,54.43090858060465
,,grass,,18.566651221794892,54.43086136104066
,,grass,,18.566092285414886,54.43070769359499
,,grass,,18.566042149603884,54.430765325415344
,,grass,,18.5661978,54.430803350000005
,,,water,18.502569686291604,54.28379017728779
Kompostownia,,,,18.533848402851397,54.44927694958814
,,grass,,18.566555574688277,54.409894648503744
,,recreation_ground,,18.551712959162604,54.44277694706316
,,grass,,18.57843283106281,54.3758480487351
,park,,wood,18.566222653090666,54.43996140958807
,,forest,,18.513231270616878,54.43630989662071
,,meadow,,18.514037814465166,54.436522003336954
Morskie Oko,,,water,18.55055963325293,54.44290956359258
Skwer im. Andrzeja Grubby,park,,,18.56786697445637,54.4344402329637
Skwer Arkadiusza Rybickiego,park,,,18.564918552880364,54.439351134595526
Skwer im. Księdza Władysława Szymańskiego,park,,,18.56429991781455,54.44058684106686
,park,,,18.570112786305508,54.438359554476364
Park Sanitariuszki Inki,park,,,18.556876288362087,54.44250679976789
,,grass,,18.57043912250178,54.44633390518168
,,grass,,18.570834080231684,54.44588482881962
,,grass,,18.57056115,54.44576520000001
,,grass,,18.570108349999998,54.44628364999999
Park Północny,park,,,18.562137165514265,54.45624650118339
Zarosłe Łąki,,meadow,,18.48085816425089,54.44914268653354
Końskie Łąki,,,wetland,18.474882213212126,54.44917774740924
Tasza,,meadow,,18.476962309357223,54.445561107617564
Skwer im. Anny Walentynowicz,park,,,18.611468927843045,54.37723802228409
,,grass,,18.576764421636415,54.31750672648477
,,grass,,18.57931859203992,54.31728509689928
,,forest,,18.600584120915542,54.27826161811754
,,forest,,18.604110564572924,54.28115042828909
,,forest,,18.423806490746262,54.380212212226084
,,forest,,18.41584842721673,54.43538931498613
,,,wood,18.445536778951894,54.449371822264176
,,,wood,18.50684187824495,54.363338979383954
,,,wood,18.59161489242693,54.36518719637088
,,forest,,18.420367422283984,54.42886402357627
,,forest,,18.4135867073707,54.38666539140855
,,,wood,18.400231654752766,54.36434731440579
Park Jordanowski,park,,,18.671616154732178,54.39666671287704
Park Westerplatte,park,,,18.673948626570848,54.40649839154582
,,,wood,18.681315121139153,54.394649870755366
,,forest,coastline,18.68140818089159,54.39332430621662
Twierdza Wisłoujście,park,,coastline,18.679456809048414,54.39568123692596
,,grass,,18.643195187113758,54.358813152516305
,park,,,18.649264298014664,54.33892187650481
Park im. Józefa Wybickiego,park,,,18.61015545889766,54.38454863936195
Skwer Ignacego Daszyńskiego,park,,,18.646086374191913,54.34569154413556
,,,wood,18.600073278810505,54.4177900408047
,,,wood,18.621165361249066,54.40517726315185
,,,wood,18.615872530516402,54.41476495649507
Park Chirona,park,,,18.46534399995066,54.42626686374896
Park de Gaulle'a,park,,,18.602362778072795,54.37924090492253
,park,,,18.623009688649017,54.37918354832994
Park Kuźniczki,park,,,18.607507428570404,54.38201120535209
Park Akademicki,park,,,18.623673609139395,54.37139934387829
Park Millenium,park,,,18.61402288555933,54.396842549218285
Pusty Staw,,,water,18.723159401563137,54.364298764376294
Park na Wroniej Górce,park,,,18.63340136241179,54.36081966037394
,,,wood,18.62506771803952,54.35730439375505
Park Uphagena,park,,,18.61720729752051,54.37599132542151
Plac Biskupa Edwarda O’Rourke,park,,,18.626052572585202,54.382970651819946
Park im. Daniela Gralatha,park,,,18.629855544862647,54.36728706710795
,,,wood,18.596422294929518,54.36880794902604
,,grass,,18.65313455834741,54.34568436070501
,,grass,,18.66898673414129,54.351063417152616
Park Siennicki,park,,,18.670886949180826,54.34978429698755
Jezioro Zajęcze,,,water,18.721599706740896,54.36648140446048
,,,wood,18.61563097220204,54.36538926661161
,,,wood,18.623059463970833,54.36308813561358
Skwer im. Polskich Harcerzy w byłym Wolnym Mieście Gdańsku,park,,,18.645196228967897,54.351238774549174
Skwer Czesława Niemena,park,,,18.644467725713394,54.352219683055445
,park,,,18.579459485266106,54.41687559443702
Park Przymorze,park,,,18.590097866703932,54.419650139779215
Park Jelitkowski,park,,,18.595437009234015,54.42571959880788
Skwer Marszałka Józefa Piłsudskiego,park,,,18.59112978887752,54.386190774115576
,,,water,18.562581221563505,54.39608498725232
,,,wood,18.58089028201947,54.36723601163437
Park Generała Józefa Bema,park,,,18.632079635224645,54.35228594180843
,,,water,18.50834960198562,54.318372461804515
,,,wood,18.637986859141996,54.34232380523448
,,,wood,18.597857292622983,54.32425685473713
Park Oruński im. Emilii Hoene,park,,,18.62632453874879,54.3219530049709
"Zbiornik retencyjny ""Warszawska""",,,water,18.591715833939723,54.33340611505231
,,,wood,18.590180458833128,54.35583651621257
,,,water,18.564289711067044,54.36576978952156
Park im. ks. Bronisława Kabata,park,,,18.554859473572616,54.34315220655259
,,,wood,18.56733900630628,54.35529227817868
,,,wood,18.53751182202195,54.355739435371405
,,,wood,18.570969604465258,54.354527303390235
"Zbiornik retencyjny nr 14 ""Bytowska 4a""",,,water,18.53230724700751,54.400588928539406
,,grass,,18.515320048304886,54.39363704225081
,,,grassland,18.540658822517873,54.42036520176429
,,,wood,18.46831156549608,54.4239474952614
Skwer Czesława Miłosza,park,,,18.568279373743795,54.44653543723022
,,,wood,18.465076625489317,54.42351894872959
,,grass,,18.50450500011494,54.36809799576982
,,,wood,18.493791352829536,54.36657093207857
,,,wood,18.492713414641983,54.36476663702699
,,grass,,18.44862953978565,54.36360098241622
,,grass,,18.45426710508322,54.37398860687928
,,grass,,18.45887590345529,54.37039105753759
,,grass,,18.4564876286659,54.3697653714517
,,grass,,18.458285026034407,54.36180024299146
,,,grassland,18.460810807964723,54.41168390976243
,,,grassland,18.481871745319328,54.415974586364996
,,grass,,18.498075073250085,54.413966928011334
,,grass,,18.493790619478414,54.40843933212194
,,,grassland,18.52634763397569,54.40521053444994
,,,wood,18.51454677393104,54.36335811541715
,,grass,,18.491308764204728,54.36913591835179
,,,grassland,18.46581299163617,54.372186643530995
,,,wood,18.48619563530649,54.36983417381813
,,,grassland,18.484397596526712,54.36941551972181
,,,grassland,18.50166545393976,54.34933258507886
,,,wood,18.513395611454314,54.35813589097385
,,,water,18.525487375140322,54.335669318172016
,,forest,,18.501480556581885,54.34801323136711
,,,wood,18.49215179524364,54.34124083064661
,,,wood,18.49383494193731,54.34369303240365
,,,wood,18.473468491872637,54.35492617135545
,,,grassland,18.55561604022834,54.32021221022514
,,,wood,18.570447816975896,54.319199743560965
,,,wetland,18.592913602941813,54.31580524051217
,,,wood,18.630152685080734,54.29529295270694
,,,wood,18.635732468278267,54.28779548826336
,,meadow,,18.627327051640208,54.30549036974316
,park,,,18.6347565534121,54.32165552056134
,,,grassland,18.661518530027173,54.33841077631662
,,,wood,18.68690750050998,54.39671044600632
,,,water,18.413865644519884,54.42085185796456
,,forest,,18.40332753238056,54.44805200164102
,,forest,,18.404000286732547,54.45069140018818
,,forest,,18.408130534696216,54.4508919740492
,,,wood,18.43985940972019,54.401068130515604
,,forest,,18.41051815862151,54.40775792391296
,,forest,,18.411521442538927,54.439199433188115
,,,water,18.419446844512482,54.401559583395965
,,,water,18.42060830241903,54.403947106820155
,,,wood,18.436017443319994,54.419259592075214
,,forest,wetland,18.456784542293917,54.433137145408075
,,forest,,18.40232966515515,54.39641019060168
,,,wood,18.405264052373692,54.40108209944528
,,,wood,18.460805396745535,54.412447968404145
,,,wood,18.45162082476156,54.44786108961559
,,,grassland,18.453737634404714,54.4455417411147
,,,wood,18.402411794444486,54.32022540186748
,,,wood,18.411068167512525,54.3205223968377
,,,wood,18.42666343137954,54.32505473643966
,,forest,,18.43268523213996,54.32055167420254
,,forest,,18.433187613635916,54.31760004133809
,,,wood,18.41528902815937,54.328817745114435
,,forest,,18.404447167997304,54.438735011234506
,,forest,,18.465981309639474,54.31136741744479
,,residential,,18.50405757975595,54.319027263576466
Lasek Karlikowski,,,wood,18.580196787244827,54.435130908814685
,park,,,18.576055897974808,54.43727420174566
,,,,18.570813447753725,54.44468088276827
,,grass,,18.657912099369433,54.35303549592079
,park,,,18.6514127242813,54.35529081111951
Park Marii i Lecha Kaczyńskich,,,,18.57197943622413,54.443503955402996
,,,wood,18.554653705860296,54.446546100051464
,,,wood,18.56216763472048,54.44588029011987
,,,wood,18.557710576387237,54.44785969254668
Łysa Polana,,grass,,18.541943379485918,54.44237690121454
,,,wood,18.555452313952415,54.44917706924505
,resort,grass,,18.52671972629139,54.44871018018292
,,,,18.4078876955471,54.37186905864906
,,forest,,18.458059689111582,54.363328703877364
,,,water,18.486985843004522,54.42920351621448
,,forest,,18.401320811167476,54.341635619389805
,,,wood,18.444951519715076,54.43926260841658
,,,grassland,18.673198876397766,54.35477361885285
,,,wood,18.633485042252662,54.34692556128807
Park Salwator,park,,,18.643082407470388,54.34600578243073
,,grass,,18.488065510970088,54.410445996643396
,,,wood,18.490344336268752,54.41389881493723
,,,wood,18.4844408256045,54.41486515246009
Park imienia Ronalda Reagana,park,,,18.605764270781968,54.414643444337884
,,meadow,,18.604470338144523,54.41540586414402
,,,wood,18.604303800583217,54.41432297909062
,,forest,,18.603025999844164,54.41498575715804
,,,wood,18.606838881792918,54.414013912740195
,,,wood,18.602905567432746,54.41365545860458
,,,wood,18.639325932908946,54.39846355171883
,,,wood,18.700880569027085,54.37141674457537
,,,wood,18.68857766773411,54.37229889562908
,,,grassland,18.46731083871262,54.38677863927712
,,,grassland,18.46486907758096,54.447417508734674
,,,grassland,18.457900186325897,54.449016639876845
,,,grassland,18.453557858627352,54.45038792054558
,,,wood,18.463200361418853,54.43468327751975
,,forest,,18.429986726538882,54.3354106639501
,,forest,,18.428555736887674,54.33577944643721
,,,wood,18.420555447594097,54.32971764172004
,,forest,,18.435444133465626,54.40595384914909
,,forest,,18.42767026669007,54.335999419514884
,,,wood,18.421016962861366,54.3280362304769
,,,wood,18.41749319890908,54.33072046783053
,,greenfield,grassland,18.478425588978705,54.39198296112252
,,,grassland,18.473947597965722,54.36643294363572
,,greenfield,grassland,18.462573720659357,54.367123587558886
,,forest,,18.479573857801096,54.32059253863189
,,forest,,18.459347913578302,54.31514409337492
,,,wood,18.448014222901307,54.44791011661408
,park,,,18.56087765571444,54.293742635386074
,,,water,18.54684625262727,54.28072787567085
,,forest,,18.574757938540678,54.29320936481594
,,forest,,18.569536354585047,54.29064801524703
,,,wood,18.464010337577097,54.36744213140068
,,,grassland,18.472033134412253,54.36734728572989
,,,wood,18.472641519199378,54.35760290839529
,,,grassland,18.489354597343695,54.35667184516931
,,,wood,18.486483331386175,54.35349299040774
,,,wood,18.483421788295956,54.35233459737803
,,,,18.49970718516889,54.35629649738652
,,,,18.50609406097223,54.35785631131176
,,,wood,18.50582730045879,54.3586627514405
,,,grassland,18.51517368924924,54.366651447639335
,,,grassland,18.509801600757324,54.36043532111028
,,,wood,18.511446591213698,54.36468116064398
,,,grassland,18.50740155395823,54.36733035380464
,,,wood,18.51749877875484,54.36101124925163
,,,grassland,18.521970589968173,54.35623669108256
,,,wood,18.56029306126897,54.34784101066194
,,,wood,18.571475192112413,54.358909083080945
,,,wood,18.592401761002794,54.35550810033827
,,,wood,18.58684293868025,54.36202090233987
,,,wood,18.607652822733318,54.41082153093442
,,,grassland,18.57253660596313,54.3564338030861
,,,wood,18.628321813327517,54.401801749952426
,park,,,18.62469541619527,54.40224285263079
,,,wood,18.598026240250807,54.417452788505145
,,,grassland,18.59333954701371,54.42136650345833
,,meadow,,18.609319915177462,54.41332977601461
,,,wood,18.648057048277437,54.39710228680274
,,,wood,18.63099230323186,54.40135824651722
,,grass,,18.631787523878362,54.40358003283897
,,,wood,18.658274873435975,54.38819316792251
,,,wood,18.687420934966536,54.377870629489216
,,grass,,18.62672622839585,54.402511602422756
,,,wood,18.62507391724412,54.39729476845838
,,,wood,18.579768684784167,54.42994479076989
,,,wood,18.591857050897044,54.4279946396147
,,,wood,18.609708328810566,54.41950796688906
,,grass,,18.60412463421838,54.411805898059406
,,grass,,18.603529619051926,54.41295530882269
,,,grassland,18.614135239647503,54.409349781868066
,,grass,,18.64797323953517,54.3548320784387
,,,grassland,18.64849152011799,54.35490670412753
Skwer Heweliusza,park,,,18.64902811001824,54.35418311680931
,park,,,18.646542561085976,54.353125512500704
Plac Dariusza Kobzdeja,park,,,18.650271831987176,54.35248363741852
,,,wood,18.628038293060808,54.35691273694589
,park,,,18.624889814937276,54.35513058136685
,,,grassland,18.619033845493696,54.361380315545176
,,,water,18.449289544974185,54.44839812852626
,,,wood,18.556385577371024,54.325743409052684
,,,grassland,18.551851063127877,54.325132871913084
,,,wood,18.581786575148204,54.31086918395018
,,meadow,,18.46579503791377,54.438310418908465
,,,grassland,18.465841912808457,54.43632032943074
,,,grassland,18.467755376796806,54.407113983808784
,,,grassland,18.465953046579184,54.4228579236724
,,,wood,18.498252128768303,54.38105452212226
Dolina Henrietty,,,grassland,18.558214561611845,54.38680570073294
Lagry,,,grassland,18.565957076914554,54.3849748077715
,,,grassland,18.563725588631243,54.354488324490994
,,grass,,18.652588106473644,54.35372004238398
,,,water,18.48022386689779,54.40736276894134
,,,grassland,18.483412385501442,54.409958095483226
,,grass,,18.489041148423844,54.428896363417934
,,grass,,18.48923655659658,54.429978387642166
,,greenfield,grassland,18.485951668830992,54.42211842015982
,,grass,,18.487065329017184,54.42291622901409
,,,water,18.489728448876644,54.420609305702854
,,,grassland,18.474273000463004,54.392553884455516
,,grass,,18.464511913544982,54.392505491156115
,,,wood,18.56036242542419,54.356126503377745
,,,grassland,18.566443304928136,54.360168469929924
,,,grassland,18.57419998378737,54.33557795970189
,,,grassland,18.561040871937948,54.33208296450804
,,,grassland,18.60495500006875,54.31783749724739
,,,wood,18.60716360253581,54.313465288972615
,,grass,,18.573854917593696,54.35989923653117
,,,grassland,18.652882192137408,54.332545988185444
,,grass,,18.542923982563874,54.41071187422104
,,,wood,18.545762799039736,54.409321747962785
,,,grassland,18.56383381351416,54.377840738760256
,,,grassland,18.55765410739554,54.3768189746342
,,,wood,18.570431686962074,54.347957118394845
,,,grassland,18.465701386763442,54.37533666452639
,,,grassland,18.458325016862375,54.37414781746192
,,,grassland,18.460219852239426,54.37632046426977
,,,grassland,18.49094651074008,54.39282050102319
,,,wood,18.52051775638538,54.370751112676835
,,meadow,,18.515117741790576,54.3470950919808
,,,grassland,18.519738138979367,54.343086267054105
,,,wood,18.513642372750443,54.340813544272976
,,,wood,18.52822137190473,54.33983175582514
,,,grassland,18.52824969060753,54.33699374613959
,,,wood,18.517426889517623,54.33482092386812
,,,grassland,18.495334823084654,54.33937313522328
,,,grassland,18.498186700648684,54.34853880846318
,,,grassland,18.473341548121795,54.33911490577694
,,,grassland,18.493599330798244,54.34644404656006
,,,wood,18.49346048007215,54.42844232119527
,,meadow,,18.51151070154472,54.438062069271474
,,,water,18.474699620239996,54.389208941289965
,,,wood,18.532105635843518,54.35658181537149
Skwer Gyddanyzc,park,,,18.653232927055424,54.35498922849293
,,forest,,18.418112428161315,54.28534647152278
Skwer Świętopełka Wielkiego,park,,,18.653364865858794,54.35167060265933
,,grass,,18.655162025056427,54.35441972006626
Skwer im. Macieja Kosycarza,park,,,18.65621599157215,54.35349815946328
,,grass,,18.654655859099126,54.34642196262413
,,grass,,18.655715018776938,54.348442674938376
,,grass,,18.65296028587907,54.3477719852993
,,grass,,18.655539565046432,54.349212963527584
,,grass,,18.65384604183943,54.34937338890679
,,grass,,18.6564280472252,54.350366576424854
,park,,,18.65592070433451,54.34992766260799
,,grass,,18.656051150810903,54.349213902441285
,,grass,,18.653880775736816,54.35239683080644
Targ Chlebowy,,grass,,18.652976776895162,54.35032869623086
,,grass,,18.650361406336895,54.35067325778495
,,grass,,18.650007974415622,54.349630656111565
,,grass,,18.649812459872425,54.34995856924763
,,grass,,18.648527471697875,54.35046753444999
Targ Drzewny,park,,,18.648365000073312,54.3521068307565
,,grass,,18.651918838147804,54.35106114411687
,,,grassland,18.601168816720765,54.30531139535623
,,,grassland,18.592410277970036,54.30546614618299
,,,grassland,18.565580456887364,54.336418418156256
,,,wood,18.6192041662745,54.29397120952409
,,,water,18.61049174283962,54.3669453904397
,,,wood,18.531432020171977,54.342843951987945
,,forest,,18.435410067564554,54.310897034745224
,,forest,,18.43374971141888,54.30826722226639
,,forest,,18.44294295989894,54.311852122155265
,,meadow,,18.404307731640827,54.34093301106595
,,meadow,,18.403754421996915,54.33983270872368
,,meadow,,18.413008614407232,54.33724282095592
,,meadow,,18.411771307055748,54.33983199771134
,,forest,,18.40074386872691,54.33706031182439
,,forest,,18.410469680614252,54.33407312713473
,,meadow,,18.403263692509626,54.336830244677955
,,forest,,18.428915279837337,54.345568292577596
,,meadow,,18.42884090103937,54.34421031560513
,,grass,,18.43921752308376,54.34767263282683
Zespół dworsko-parkowy w Leźnie,park,,,18.433524076973253,54.344134451624946
,,meadow,,18.434991766087457,54.3449283143963
,,forest,,18.43161899276261,54.34514783580479
,park,,,18.433419923408664,54.345607876905014
,,forest,,18.43969354130427,54.343978516194646
,pitch,,,18.5811984370857,54.330643417784934
,,,grassland,18.58445425763062,54.310483472854536
,,forest,,18.51119786277545,54.28374392840988
,,,grassland,18.56016977161948,54.30774591190038
,,forest,,18.52749112151645,54.27971816797168
,park,,,18.433926769996724,54.345297912276024
,,meadow,,18.45289125106357,54.34584256485594
,,forest,,18.453626445099808,54.34606990104531
,,meadow,,18.446163664158647,54.34428005819199
,,meadow,,18.45103827851179,54.344255374784844
,,meadow,,18.455857679019022,54.34405094489095
,,meadow,,18.43448579895117,54.34907196554851
,,meadow,,18.434108479197324,54.35007850485251
,,forest,,18.454059173052148,54.344012836003074
,,meadow,,18.45521944959608,54.34882920533715
,,meadow,,18.456420181683566,54.347923146691976
,,forest,,18.451636229231237,54.342342100383036
,,,wood,18.454402877632333,54.34202390945401
,,forest,,18.431641592156698,54.35595733168423
,,meadow,,18.43364876180484,54.3509767699345
,,forest,,18.415048172275853,54.359310613186814
,,meadow,,18.426598174073185,54.34995855425668
,,meadow,,18.403007772829973,54.33622574136467
,,meadow,,18.400007891407135,54.33759956534698
,,meadow,,18.402133588535012,54.336676795391845
,,forest,,18.427643346347217,54.33072489220459
,,meadow,,18.416523280211027,54.335489519087595
,,meadow,,18.397304383254276,54.337041417412465
,,meadow,,18.405358493244087,54.33503953858366
,,forest,,18.419134358927437,54.32743103890632
,,meadow,,18.41944507173808,54.32737572196058
,,meadow,,18.418522197781716,54.330340132059035
,,meadow,,18.422568872658164,54.32877774364796
,,forest,,18.41984235504152,54.3283235997363
,,meadow,,18.431651358109786,54.33559867452704
,,meadow,,18.428109151326087,54.335899955310204
,,meadow,,18.42926817680326,54.33463255271614
,,forest,,18.41740214267064,54.3533028931585
,,meadow,,18.451303287180913,54.35138844195515
,,,grassland,18.444697933333334,54.3500557
,,meadow,,18.433316107890295,54.33834520200159
,,meadow,,18.43369326133273,54.33481575934922
,,,grassland,18.442182104696087,54.32735440145844
,,meadow,,18.443987871698365,54.33322411393191
,,meadow,,18.439029363539394,54.33084894584206
,,meadow,,18.457223326602378,54.344499217743255
,,meadow,,18.455177651717953,54.34382638905346
,,,grassland,18.450105022912734,54.33538722161522
,,,wood,18.42633287321563,54.32763392470401
,,meadow,,18.457402992905894,54.33038926013534
,,forest,,18.446278776922203,54.32450285596984
,,,grassland,18.449092808809432,54.325596668369116
,,,wood,18.409722792419466,54.326359338076294
,,forest,,18.405377013105024,54.32674547865574
,,forest,,18.409171040985836,54.3275558020841
,,meadow,,18.413162363444684,54.32662829798148
,,meadow,,18.40974678683108,54.32627225753914
,,,wood,18.406727643585228,54.32502595099553
,,,wood,18.40734470283021,54.326832511906886
,,,wood,18.41088742719863,54.32703484063396
,,meadow,,18.40837647092078,54.32737864913359
,,meadow,,18.40323728798157,54.326879681793535
,,meadow,,18.435375083975067,54.35541681175213
,,meadow,,18.432437111266307,54.35790829027771
,,forest,,18.43419789920981,54.356187300489104
,,meadow,,18.430682374330722,54.35741927954754
,,meadow,,18.434696740527592,54.3562155718227
,,forest,,18.413203792339043,54.35965682087003
,,meadow,,18.433081281243823,54.35695377641709
,,forest,,18.43735382538239,54.3579531557176
,,forest,,18.440701308699314,54.358975146368124
,,,grassland,18.46455862258644,54.41431710109195
,,,grassland,18.446585499040584,54.43792750350255
,,forest,,18.471807697165236,54.45687533751816
,,meadow,,18.434207169771664,54.36278539062661
,,meadow,,18.43474249917422,54.36510526480061
,,meadow,,18.42963965176874,54.36557344770793
,,meadow,,18.434733179553053,54.37046410821748
,,forest,,18.434490452064782,54.42239455639253
,,,grassland,18.42051971229768,54.37005938041484
,,meadow,,18.414418351683995,54.369421493482655
,,meadow,,18.403629850173374,54.33758549740771
,,meadow,,18.399645825199784,54.33891677488994
,,grass,,18.600368320410055,54.33823418523258
,,meadow,,18.590876291957716,54.293506681974755
,,meadow,,18.595435008944264,54.29108606011928
,,meadow,,18.590866052145856,54.29189677890946
,,,grassland,18.48286379505697,54.43401593188717
,,grass,,18.668598774531333,54.34845288242862
,,grass,,18.66910380294224,54.348504128452596
,,,grassland,18.460594272766972,54.442452267665495
,,greenfield,grassland,18.462647434897477,54.44446923534091
,,grass,,18.564281583283506,54.420491045064814
,,grass,,18.663863185251444,54.347868311432975
,,grass,,18.646120630489477,54.34959605225209
,,grass,,18.661545834297172,54.34737245407085
,,industrial,,18.601561666037732,54.36677209313137
,,grass,,18.579384880044103,54.36075590854869
,park,,,18.46542437364009,54.42615240361118
,,meadow,,18.450167124719627,54.446893633739336
,,,grassland,18.453336857418147,54.44596434143971
,,grass,,18.56449851810513,54.424818317236095
,,grass,,18.56382019160379,54.42464975942523
,,grass,,18.56463306528488,54.4245926893692
,,grass,,18.563819722453328,54.424855779060415
,,grass,,18.564539866512256,54.42473609897303
,,grass,,18.564024017501243,54.42438949287422
,,grass,,18.631896629501536,54.37711673681007
,,grass,,18.634068209184335,54.37878031341917
,,grass,,18.63415413360748,54.37818422533942
,,grass,,18.632960896678657,54.37754795598364
,,grass,,18.633490571812338,54.378146720224436
,,grass,,18.63340335339467,54.37849477020746
,,grass,,18.63313980575199,54.37825609057378
,,grass,,18.63404313080061,54.37761491738717
,,grass,,18.63413900630619,54.37838715310736
,,grass,,18.59676884974454,54.33624088654685
,,grass,,18.597167654267317,54.33652092407775
,,grass,,18.59633903117726,54.33578415158467
,,grass,,18.597988885329265,54.33684690372087
,,grass,,18.632743163982685,54.37884099280712
,park,,,18.560962772608182,54.435159176972206
,,grass,,18.44850419581106,54.44731661044819
,,grass,,18.44942204043536,54.44832908098468
,,grass,,18.57785356144316,54.358112949374224
,,,grassland,18.5769246437295,54.35588965784077
,,grass,,18.57680110652951,54.357016510488556
,,grass,,18.580892016058005,54.35703280997901
,,grass,,18.578396263302572,54.360146913271144
,,grass,,18.55795378643718,54.41044502622893
,garden,,,18.557278380146574,54.410026760036615
,,grass,,18.55724415297059,54.41041565903126
,,grass,,18.558135727326736,54.4107709165864
,,grass,,18.55918995126144,54.41084269991772
,,grass,,18.559269228359906,54.4107742730828
,,grass,,18.558717517233237,54.41032257315409
,,grass,,18.558647527424533,54.41073972195787
,,grass,,18.559378602803083,54.4105702696095
,,grass,,18.55933367851839,54.41068282863217
,,grass,,18.559445236110676,54.41037669601172
,,grass,,18.5591921299119,54.410651619271235
,,grass,,18.559665136141888,54.41046812445769
,,grass,,18.559684422564775,54.410327062905864
,,grass,,18.559578057527713,54.410403381294714
Park Oliwski im. Adama Mickiewicza,park,,,18.561920706674325,54.41100432718395
,,grass,,18.560015896940914,54.41124254622398
,,grass,,18.559978118318995,54.41065066926335
,,grass,,18.560310587923432,54.41069682243758
,,grass,,18.560353088954663,54.41021428406566
,,grass,,18.560207565197896,54.41003469319021
,,grass,,18.56062587180859,54.41009445105889
,,grass,,18.56006515059307,54.4103428071303
,,grass,,18.560482689937665,54.41040737525805
,,grass,,18.560361086133565,54.40983720147161
,,grass,,18.55885195,54.40993575000001
,,grass,,18.56066376900649,54.409882316343065
,,grass,,18.55985156020969,54.40995817976851
,,grass,,18.559200895819096,54.409831815126765
,,grass,,18.55934992836569,54.409576972549374
,,grass,,18.559046195061054,54.40940401247867
,,grass,,18.558648684573505,54.40980261099406
,,grass,,18.55927362987557,54.40934129035753
,,grass,,18.565639020995285,54.41166851004138
,,grass,,18.560594175138434,54.40996559662315
,,,water,18.562625564931594,54.41002388554812
,,grass,,18.561467638041552,54.40998906999898
,,grass,,18.562603173194777,54.410157050674115
,,grass,,18.561404450326332,54.41008158865898
,,grass,,18.5601201770181,54.41046240447162
,,grass,,18.560358000811448,54.410496506188736
,,grass,,18.560346170115277,54.40993442737625
,,grass,,18.562569571946558,54.41023072540359
,,grass,,18.56006522526146,54.40979272037195
,,grass,,18.561100345602323,54.409640300332754
Park im. Steffensów,park,,,18.635676248804142,54.367275997374584
,,,,18.633720937442085,54.368890175285905
,,grass,,18.615187276973234,54.356790333380935
,,grass,,18.614290753510808,54.35718684713575
,,grass,,18.61459698978211,54.35707291716643
Skwer im. Ignacego Wilczewskiego,park,,,18.631758347109923,54.35081202841126
,,grass,,18.424204622733598,54.44623440790547
,,grass,,18.418946886828934,54.44355450260765
,,grass,,18.42461446124626,54.445763874968655
,,grass,,18.556728228140827,54.44183626468827
,,grass,,18.562822686720075,54.44313844041923
,,grass,,18.563070849642486,54.44301707250781
,,grass,,18.56830440691949,54.44524725758483
,,grass,,18.57034685,54.4457078
,,grass,,18.569858982040753,54.44587064552029
,,grass,,18.569909694125478,54.44619641823127
,,grass,,18.56981985,54.446301999999996
,,grass,,18.5699036,54.445528400000015
,,grass,,18.571051782238804,54.444285959860345
,,grass,,18.57047847347587,54.44409504847721
,,grass,,18.570600806299918,54.44437700031207
,,grass,,18.571235033379768,54.443982719122765
,,grass,,18.57005219735225,54.44453129514641
,,grass,,18.570099796137892,54.44484678019383
,,grass,,18.57039033393251,54.4445733087165
,,grass,,18.569900686371803,54.44503120994695
,,grass,,18.56977960126591,54.4451485696583
,,grass,,18.632408123091295,54.356629536077094
,,grass,,18.6303173,54.356554466666665
,,meadow,,18.46442867225603,54.39928716075208
,,,grassland,18.446462559339253,54.42363792988891
Dolina Reinkego (Źródlana),,,grassland,18.563076209642603,54.388971901637824
Skwer prof. Pawła Gałuszki,park,,,18.580559637743164,54.383605515874244
,,forest,,18.602093258703537,54.28346814383114
,,,wood,18.412033728215587,54.3632394689049
,,,wood,18.451114645978187,54.444587093597654
Skwer im. Ireny Jarockiej,park,,,18.5623674497259,54.40652600273015
,park,,,18.650155009579112,54.34745912297663
,,forest,,18.44654208137652,54.353279071275765
,,grass,,18.609897719330107,54.35487278465534
,,,grassland,18.517458831577432,54.3379385882501
,,grass,,18.53475642689339,54.41349986712672
,,grass,,18.532758242362156,54.41607257670535
,,grass,,18.533438118056235,54.41292999052434
,,,wood,18.53495746391361,54.41164944299526
,,,grassland,18.594493473376666,54.424376293374735
,,grass,,18.641924033333336,54.3619707
,,grass,,18.640298667425427,54.36291588562955
,,grass,,18.641700332721022,54.36089754395208
Park poforteczny „Grodzisko”,park,,,18.6385778797779,54.35560761695757
,,grass,,18.64335916497975,54.36139487301657
,,grass,,18.64155089395217,54.36136798740879
,,grass,,18.64205336914401,54.36179843464474
Park im. Jana Pawła II,park,recreation_ground,,18.600995620688614,54.3992190104219
Jankowski las,,forest,,18.54834732695006,54.29777574810604
,,,wetland,18.51163747599671,54.31183694895245
,,,grassland,18.571654028940355,54.302525436765166
,,,wood,18.57177269853913,54.3161061151499
,,grass,,18.65971732252911,54.3519646857403
,,grass,,18.61031250103449,54.32714620119326
,,meadow,,18.564779871557562,54.31504542746698
,,,wood,18.44255406575476,54.42792378724295
,,grass,,18.613033090256774,54.335280919394954
,park,,,18.60971027653635,54.33631627368292
,,grass,,18.579876529136943,54.420439958138694
,,grass,,18.561285619200536,54.42923823847413
,,grass,,18.56195802858538,54.429350308799826
,,grass,,18.567334108979097,54.431540831616424
,,grass,,18.56333625917125,54.308100454880055
,,,grassland,18.671105245701938,54.35328707910205
,,,grassland,18.674168041632896,54.353494440150826
,,grass,,18.648947789173445,54.35996891379076
,,,grassland,18.61576445,54.359446199999994
,park,,,18.608000678110905,54.37755330365422
,,,grassland,18.491978733676504,54.34192029091907
,playground,,,18.581779981593943,54.32938213109247
Ośrodek Tabun,pitch,,,18.52486201159309,54.32108583243233
,,forest,,18.458326447085785,54.42956491215411
,,grass,,18.53157395463377,54.34924213549021
,,forest,,18.421024304651496,54.28653023289782
,,forest,,18.414485116560616,54.28693739923769
,,forest,,18.42377952290252,54.284929694998496
,,forest,,18.424162696896804,54.28802480005456
,,forest,,18.418791980652525,54.289472586063944
,,,wood,18.563249096668525,54.36254656755297
,park,,,18.60315334756389,54.36067101048938
,,forest,,18.414364782792383,54.29234609449266
,,forest,,18.415315070155497,54.29265506957295
,,forest,,18.43075176748584,54.307807615370116
,,forest,,18.416754924179585,54.29665778385092
,,forest,,18.429843163421754,54.311656005579316
,,forest,,18.416705627317338,54.3145881553436
,,forest,,18.440089897218847,54.31331704106566
,,forest,,18.415800153800546,54.294301826664096
,,forest,,18.421617793455976,54.297061231111925
,,forest,,18.435189848447113,54.29380247477781
,,forest,,18.435247984168104,54.31393721295996
,,forest,,18.4169077708243,54.3153797149129
,,forest,,18.429812590979097,54.3008452608712
,,forest,,18.428480124726413,54.299106983306146
,,forest,,18.435690960698526,54.292998777577864
,,forest,,18.462977943700107,54.34612118022313
,,forest,,18.401625866061813,54.30204931905218
,,forest,,18.40524682997448,54.29290505388414
,,forest,,18.4085688201393,54.30041213973804
,,forest,,18.41156642930366,54.3038821304216
,,forest,,18.41452833129321,54.298424735116534
,,forest,,18.409308049695145,54.313182223336355
,,forest,,18.40651162933297,54.300190036021455
,,forest,,18.409172499558405,54.30311773722532
,,forest,,18.406261536032375,54.301914916249345
,,forest,,18.400670407967315,54.3020617783625
,,forest,,18.405114916225525,54.30306489148281
,,forest,,18.409441281073985,54.30008812322095
,,forest,,18.406468151807605,54.298338452858296
,,forest,,18.407706423541082,54.29450425296971
"Zbiornik wody ""Wysoki Dwór""",,industrial,grassland,18.60584362153593,54.36517400652859
,,forest,,18.420881520792395,54.365280410037116
,,forest,,18.40999643123933,54.37342229397942
,,meadow,,18.445500908728285,54.36143982203627
,,forest,,18.450650986058864,54.35766966206688
,,,wood,18.48968295968736,54.348525487750905
,,forest,,18.44082811647398,54.33275820887801
,,forest,,18.416359187503787,54.391245548802345
,,,wood,18.490263981747926,54.385293000956985
Skwer im. księdza Otto Bowiena,park,,,18.570941751210217,54.44430142567055
,,grass,,18.61326342168864,54.371427352106274
,,grass,,18.613415749229436,54.37155191289828
,,grass,,18.61402676767599,54.37083889423812
,,grass,,18.6134976,54.37092575
,,grass,,18.615532147859938,54.372472817794005
,,grass,,18.614234949003123,54.371763810494414
,,grass,,18.61575572241054,54.37287290220673
,,grass,,18.61361406448134,54.37189984655931
,,grass,,18.612857149999996,54.37159861079444
,,grass,,18.613419219969188,54.371784677311936
,,grass,,18.61367132308928,54.37239534226457
,,grass,,18.616771448092532,54.36980678525144
,,grass,,18.620270728324588,54.371405585754694
,,forest,,18.444373787116835,54.40674251097347
,,grass,,18.530825094903914,54.351272259653435
,,grass,,18.532039378936076,54.35130361662061
,,grass,,18.612606208518145,54.371184672273856
,,grass,,18.61229167142993,54.371973703495975
,,grass,water,18.534321656838838,54.35331608194432
,,,water,18.542233986257525,54.35240735517288
,,,,18.56005582051933,54.41934794637361
,,,wood,18.48408484748108,54.39408386647086
,,grass,,18.485783981242122,54.412869801723936
,,grass,,18.48766725941939,54.412336299306006
,,grass,,18.48729425319609,54.41318652035963
,,grass,,18.48695031336463,54.428691523972525
,,grass,,18.48897616689257,54.42834198966487
,park,,,18.617322143766025,54.37829594397395
,,,grassland,18.619814044996232,54.377104749874185
,,meadow,,18.43429318354808,54.355603196187516
,,,grassland,18.614562715566322,54.32667576833738
,,,wood,18.615043781085685,54.40852125974123
Rezerwat Dolina Strzyży,nature_reserve,,,18.534103395819255,54.36179560024942
Rezerwat Przyrody Zajęcze Wzgórze,nature_reserve,,,18.551895194181252,54.434291442607915
Rezerwat Źródliska w dolinie Ewy,nature_reserve,,,18.515044173140158,54.40731974287759
Rezerwat Bursztynowa Góra,nature_reserve,,,18.520590022093458,54.29470637463714
"Dawny cmentarz katolicki ""Urania""",park,,,18.597956087823732,54.383410201261924
,,grass,,18.562642462037733,54.40906811608214
,park,,,18.556924911856946,54.409133430187545
,,grass,,18.738393354661095,54.363957168548886
,garden,,,18.417448804454413,54.44168385109088
,,grass,,18.520500466267862,54.37552660349331
,,grass,,18.521102263028894,54.37605722791392
,,grass,,18.521112397736296,54.376424900597556
,,grass,,18.521784870396782,54.37595249840323
,,grass,,18.522301686511486,54.376355139808744
,,grass,,18.52481395319064,54.37633093673188
,garden,,,18.48276781456094,54.38035187080681
,,,wood,18.61789398956268,54.40837098140168
Park księdza kanonika Kazimierza Orkusza,park,,,18.64723308705542,54.39173776644499
,,meadow,,18.485825311286057,54.30597756749524
,,meadow,,18.491232195451794,54.308063273925576
,,,wood,18.51161194264607,54.339770242924146
,,,grassland,18.494762226352538,54.44428902447425
,,grass,,18.64718322470992,54.341898561953755
,,,water,18.515341396400498,54.29771059573107
Gdański Ogród Zoologiczny,park,,,18.533479227941363,54.41469112320599
,,grass,,18.573356587940847,54.41383821583292
,,,wood,18.51626294916695,54.34287780292002
,park,,,18.570146789069973,54.44276952392158
,,meadow,,18.625725461841878,54.373613942689936
,,grass,,18.581728599999995,54.3768717
,,grass,,18.581946049999985,54.37675729999998
,,grass,,18.582141445321618,54.3766312584698
,,grass,,18.582372818825235,54.37653489249012
,,grass,,18.58255508823849,54.37641263396284
,,grass,,18.580098663111617,54.301368564638395
,,grass,,18.57811417475001,54.30092254060487
,,grass,,18.579674740024117,54.3022230268983
,,,water,18.57407875855024,54.397678464665304
,park,,,18.59372308276752,54.30123483946107
,park,,,18.4708053150795,54.31369684168296
,park,,,18.47072682604511,54.31402942606767
,,,wood,18.602027015658,54.40193933598306
,,grass,,18.57718567307321,54.3012110913158
,,,wood,18.594784687866827,54.40054464443176
,,industrial,grassland,18.619862337073567,54.401214521436245
,,industrial,grassland,18.62023835,54.4003747
,,industrial,grassland,18.618171917203526,54.40153340165209
,,industrial,grassland,18.617143199999997,54.40335935000001
,,industrial,grassland,18.61805515,54.40260615
,,industrial,grassland,18.6165261,54.404165049999996
,,,wood,18.750075044074723,54.35264092821518
,,grass,,18.583805562887964,54.42106098476554
,,,grassland,18.47603705650266,54.397877717683684
,,farmland,,18.51727012302583,54.43338717062651
,,,wood,18.495743185743088,54.37551691462955
,,grass,,18.57420339286981,54.40088397814485
,,grass,,18.57398760040633,54.401214394709754
,,grass,,18.575045934055844,54.39977773583743
,,grass,,18.57557061402483,54.40129436019631
,,grass,,18.710503997357822,54.36063359803035
,,grass,,18.71017577128674,54.36054619911337
,,grass,,18.712328755732603,54.361590111210575
,,grass,,18.71167395857826,54.36036457876414
,,grass,,18.711429116144988,54.36036783824603
,,grass,,18.712815907655674,54.360618124405306
,,grass,,18.70916101056118,54.36069327490331
,,grass,,18.710835317309606,54.36038987709541
,,grass,,18.70914786295686,54.360618141738414
,,grass,,18.713001861067564,54.36075652649487
,,grass,,18.71076651935454,54.36053804978471
,,grass,,18.72873117700737,54.37308376191549
,,grass,,18.72891805013001,54.372959783515505
,,grass,,18.728328022207943,54.373303695899175
,,grass,,18.72913075509065,54.37319386153225
,,grass,,18.71527261015854,54.36266535027433
,,grass,,18.714372423158682,54.362733121826004
,,grass,,18.715100708705524,54.361655802760275
,,grass,,18.714393625958106,54.362538924649016
,,grass,,18.714660702552038,54.36164896570063
,,grass,,18.715371273923278,54.363126649891875
,,grass,,18.679917572201376,54.356706310905125
,,grass,,18.712689216041447,54.36096032373725
,,grass,,18.712923246270663,54.36095969906107
,,grass,,18.712560912143335,54.360926424708445
,,grass,,18.57309883272408,54.39571118085981
,,grass,,18.57326685543422,54.39630938826404
,,grass,,18.572680980687867,54.396792926302005
,,grass,,18.57300845619518,54.39638565480793
,,grass,,18.57407396680485,54.39668998238909
,,grass,,18.573337324706532,54.39646361967174
,,grass,,18.572918301689665,54.39627629701604
,,grass,,18.57284612135607,54.39635032808141
,,grass,,18.57289789270535,54.39652706918607
,,grass,,18.572434698289918,54.39621194001136
,,grass,,18.573150151343267,54.39660758127425
,,grass,,18.715125942750593,54.359841765878336
,,grass,,18.715732268174207,54.36021163239987
,,grass,,18.714528472067506,54.36008921363891
,,grass,,18.71313685665616,54.35976285294644
,,grass,,18.715201237443427,54.36042775437056
,,grass,,18.719405645329477,54.36003125259868
,,grass,,18.712867198212724,54.36010874637583
,,grass,,18.715446965914666,54.3607781559581
,,grass,,18.714527451591685,54.35952698622814
,,grass,,18.714950581703384,54.360730245618555
,,grass,,18.71572211236691,54.35994132144385
,,grass,,18.71417166315112,54.36044774356615
,,grass,,18.713803705173415,54.35936633267703
,,grass,,18.713219599501,54.360211553326664
,,grass,,18.718967528182308,54.3599221655427
,,grass,,18.715429819690222,54.35961494605025
,,grass,,18.715285403315924,54.36068363153904
,,grass,,18.715545105504123,54.36056220484352
,,grass,,18.713808952686048,54.359928069417684
,,grass,,18.715646640064975,54.36035734766981
,,,water,18.728051981453653,54.36341487628528
,,grass,,18.71064455293696,54.359526968990394
,,grass,,18.708021566666666,54.36155403333333
,,grass,,18.70800758554494,54.361352978228076
,,grass,,18.572683068644444,54.39885890723127
,,grass,,18.573147421008894,54.39846871715163
,,grass,,18.573499625095476,54.3969964534678
,,grass,,18.57296669843384,54.39678262356365
,,grass,,18.573150202039,54.397571069986014
,,grass,,18.572346961488822,54.399250228004355
,,grass,,18.71524013463621,54.361965581996444
,,grass,,18.71438593258931,54.36328776497167
,,grass,,18.715691584563654,54.361671255538546
,,grass,,18.71870705347858,54.36126652425438
,,grass,,18.716312949069437,54.36123126989911
,,grass,,18.71684925888753,54.36113288623615
,,grass,,18.717528849537032,54.361271798876615
,,grass,,18.718121651789797,54.36129827594735
,,grass,,18.71741694904833,54.36098680269771
,,grass,,18.7180161486615,54.36100665288428
,,grass,,18.717875204319544,54.3613996911669
,,grass,,18.717278459213908,54.361378587787115
,,grass,,18.71847379896281,54.361421816014584
,,grass,,18.715856351519136,54.361783703296766
,,grass,,18.627128342222452,54.33766201684714
,,grass,,18.626715707600766,54.337621863744445
,,grass,,18.627368494264697,54.33799691545282
,,grass,,18.626981065567858,54.337900194699316
,,grass,,18.6275236252383,54.33774982609505
,,grass,,18.62736042227817,54.33738504556543
,,grass,,18.627253257855067,54.33783039615648
,,grass,,18.605741834277918,54.41996268833698
,,grass,,18.597181071811328,54.42322992314449
,,grass,,18.573704979237736,54.39813985224042
,,grass,,18.57422671120998,54.39784646125741
,,grass,,18.57398392987776,54.398289036553614
,,grass,,18.575966210257892,54.3967737027157
,,grass,,18.57362649272146,54.39760914241144
,,grass,,18.57249379458263,54.398012660996535
,,grass,,18.57399867258528,54.39763077463275
,,grass,,18.574036823537405,54.397953888574854
,,grass,,18.573741408021945,54.39781140108868
,,grass,,18.575132906691543,54.397594076572666
,,grass,,18.574052380493534,54.39817172534336
,,grass,,18.572797031178357,54.40036746140553
,,grass,,18.57403376767459,54.40064040596722
,,grass,,18.573807090496896,54.400956621198006
,,grass,,18.573954840814523,54.40079698895853
,,grass,,18.573348330180867,54.40053551073474
,,grass,,18.57376318428283,54.40066750819258
,,meadow,,18.52127110368307,54.408548942380506
,,grass,,18.64749917585065,54.35602198499805
,,,water,18.64055412832118,54.39226972703543
,,,water,18.641542394817353,54.392723456519775
Polana Świętojańska,,meadow,,18.544400583067752,54.41539651908413
,,,water,18.529632444214414,54.41598477342087
,park,,,18.607770541266053,54.38014728478529
,park,,,18.613536381075132,54.38215714944929
,,,,18.561318468754628,54.39531491173628
,,forest,,18.443466791403875,54.40979730929507
,,grass,,18.632824998517172,54.37370104049608
,,,grassland,18.54453544514971,54.32969904192661
,,,wood,18.485800713152067,54.31887549511252
,,,,18.643494,54.35106425
,,,wood,18.625872387765593,54.37221825077136
Park im. Romualda Traugutta,park,,,18.623280160646214,54.36929803472694
Park im. Św. Barbary,park,,,18.664357930867176,54.349278402966924
,,grass,,18.70992393319678,54.36036184452454
,,grass,,18.709673489845265,54.3603166253217
,,grass,,18.71209067349855,54.360149343924505
,,grass,,18.709789453714468,54.36002981528415
,,grass,,18.71031056048024,54.35985625574983
,,grass,,18.711063462033596,54.35915618079676
,,grass,,18.715012391027386,54.362098220288374
,,grass,,18.715009030513325,54.362503504710446
,,grass,,18.71243969537955,54.3636358181969
,,grass,,18.712675365785984,54.3636675725879
,,grass,,18.713911655186134,54.36261153858366
,,grass,,18.710411243955363,54.36122459738503
,,grass,,18.70926799040742,54.36093280381509
,,grass,,18.709788191118392,54.36110391486305
,,grass,,18.70866230392647,54.36150154487499
,,grass,,18.711441615514815,54.360017995476085
,,grass,,18.7159774443347,54.360496788744925
,,grass,,18.710755153189517,54.359352816660135
,,grass,,18.71929310094926,54.36038091090568
,,grass,,18.711315898017403,54.3596012481183
,,grass,,18.711078975675484,54.36016363420044
,,grass,,18.711220058397096,54.359368383561886
,,grass,,18.71577699271837,54.36064049792783
,,grass,,18.716081576924985,54.3603395349936
,,grass,,18.715982793450227,54.36036141449055
,,grass,,18.71940504492827,54.360271299141615
,,grass,,18.710566164138516,54.3593465215952
,,grass,,18.715936309410896,54.36067016483869
,,grass,,18.719384187967748,54.360429338815266
,,grass,,18.710987272651273,54.35936051204933
,,grass,,18.71615373438744,54.3605319396421
,,grass,,18.71588616268365,54.360410021396156
,,grass,,18.710300632614217,54.36017975912371
,,grass,,18.64531332928503,54.3547038441144
,,grass,,18.645753087797296,54.35662206135445
,,grass,,18.64606262414293,54.356981584966356
,,grass,,18.645813374657045,54.356098246491364
,,grass,,18.64364019388938,54.36117789592657
,,grass,,18.708215546508903,54.35982896374454
,,grass,,18.70640078277311,54.359273082050514
,,grass,,18.706034886782426,54.35933971027067
,,grass,,18.706120122263542,54.35896849293735
,,grass,,18.707198208433486,54.360062688322934
,,grass,,18.706792305213387,54.35986594560512
,,grass,,18.707466926906932,54.35938100330776
,,grass,,18.70764628236076,54.36007150854413
,,grass,,18.705242730229685,54.35888247555638
,,grass,,18.706840520163304,54.35965010565061
,,grass,,18.705475253832756,54.35834785545756
,,grass,,18.705624788009153,54.35863000726535
,,grass,,18.708744602439705,54.35993690469755
,,grass,,18.705119183635766,54.35860474385167
,,grass,,18.712151681434772,54.35921550200845
,garden,,,18.7083236670346,54.36132044814579
,,grass,,18.708512257976107,54.36091846198932
,,grass,,18.7081502,54.36160125000001
,,grass,,18.709046966807037,54.3616708666408
,,grass,,18.708343778669168,54.3616162984364
,,grass,,18.708576929575983,54.36163439695132
,,grass,,18.708808898043475,54.36165240459971
,,grass,,18.712899842305553,54.3593314352829
,,grass,,18.71912016859046,54.36103488110421
,,grass,,18.71750458891092,54.36149247805906
,,grass,,18.717090194621587,54.36147443029919
,,grass,,18.663898377243346,54.34400285543531
,,grass,,18.663935969678327,54.34413927552318
,,,grassland,18.68261192934318,54.35466851939301
,,,wood,18.481005974544086,54.39170029452669
,,,water,18.559402853128223,54.399841528226155
,,,wetland,18.480204161710063,54.33457247569653
,,,water,18.563068512156498,54.331263547996635
,,,grassland,18.629638436615863,54.28320158541485
,,,grassland,18.608785761021366,54.29348161787348
,,,grassland,18.601467338063074,54.301881472524705
,,grass,,18.554660007698345,54.285242573565455
,,grass,,18.540660371755408,54.299519310181516
,,grass,,18.432092620522482,54.37347409240485
,,grass,,18.437716515615005,54.374884657871725
,,grass,,18.44579359800921,54.3791617279876
,,,grassland,18.45185016831884,54.378491232925576
,,,grassland,18.476090016166733,54.383255895075294
,,greenfield,grassland,18.489625033757278,54.387828225660215
,,forest,,18.508363275346966,54.279312164524875
,,grass,,18.681156012998606,54.356457168931136
,,grass,,18.671323622571297,54.351498668990665
,,grass,,18.671411008247116,54.35136666026923
,,grass,,18.671247876301297,54.35129448410844
,,grass,,18.67201427331504,54.35218490828086
,,grass,,18.67093951467175,54.350994003993264
,,grass,,18.671750114691953,54.35199554867209
,,grass,,18.671456730216182,54.351706747228754
,,grass,,18.671653062879056,54.35181152232978
,,grass,,18.6710803284312,54.351254707362216
,,grass,,18.462034940903177,54.315755917488396
,,grass,,18.469297784660338,54.31068640309754
,,grass,,18.468434406648658,54.311874619246844
,,grass,,18.63853820917465,54.39417838303491
,,grass,,18.638208063703388,54.39428662809305
,,grass,,18.715503352819884,54.363319616384615
,,grass,,18.71360033312937,54.36322580896885
,,grass,,18.71442135130531,54.36301711394404
,park,,,18.713710564109835,54.36357355656729
,,grass,,18.67184440324394,54.351878795186025
,,grass,,18.67196605066301,54.351297047092125
,,grass,,18.671700040605558,54.35168012328928
,,grass,,18.671323992842066,54.35119129708452
,,grass,,18.671601284512157,54.35146045337919
,,grass,,18.67201618019153,54.351473371875144
,,grass,,18.671651984966502,54.35096336434045
,,grass,,18.671161844364477,54.35086617308364
,,grass,,18.672380011437234,54.35200016109504
,,grass,,18.70688707568123,54.35925446180557
,,grass,,18.706660454920534,54.358612117655895
,,grass,,18.706552062575057,54.35841151205263
,,grass,,18.70757045124417,54.3585586815763
,,grass,,18.70725490868411,54.35796089656514
,,grass,,18.707480996094045,54.358369589607285
,,grass,,18.708171177736823,54.358044861298424
,,grass,,18.70810361520983,54.35852831687319
,,grass,,18.706289001029305,54.35859615312064
,,grass,,18.706590163279966,54.3591451703402
,,grass,,18.70817271673054,54.35835121389148
,,grass,,18.70670874728201,54.359124144232005
,,grass,,18.706852087942014,54.35909873604801
,,grass,,18.708648993227705,54.35847471712809
,,grass,,18.70713165090395,54.35814238825194
,,grass,,18.707029168640425,54.35906735891377
,,grass,,18.707552571464394,54.35847121254773
,,grass,,18.707228651210606,54.35856417731878
,,grass,,18.70799311026244,54.358414061164446
,,grass,,18.707767630484437,54.35833991288191
,,grass,,18.706822971805522,54.35896813281272
,,grass,,18.707756260321602,54.35845230112706
,,grass,,18.716521147936362,54.359781630011334
,,grass,,18.751305007135695,54.35497720345589
,,grass,,18.729752991767846,54.37277223801209
,,grass,,18.647304675423488,54.351926526612466
,,grass,,18.646802673545626,54.3518969542094
,,grass,,18.66263057433382,54.34749252157094
,,grass,,18.66280344850652,54.34752046159318
,,,grassland,18.45956450260941,54.42764885930686
,,grass,,18.663568236426617,54.345320809133305
,,grass,,18.662472673986937,54.3453664577131
,,grass,,18.663344367078412,54.34487864842122
,,grass,,18.661324573911465,54.3452895400281
,,grass,,18.662782394449515,54.345442994550254
,,grass,,18.408619041221904,54.432265614623155
,,grass,,18.405652186665662,54.41688137774489
,,grass,,18.40116935369386,54.40855873560351
,,grass,,18.434951416919816,54.409633875350465
,,grass,,18.4456218496605,54.381290910406086
,,grass,,18.44800487235893,54.37822213387854
,,,grassland,18.448081316100513,54.379097002441334
,,grass,,18.44742328674946,54.3747877523059
,,grass,,18.451520832319282,54.374845322871295
,,grass,,18.435601894588554,54.373091280172204
,,grass,,18.436918273686207,54.37259826046451
,,,grassland,18.422153422347478,54.37545465038645
,,,grassland,18.421642498580276,54.373291532753704
,,grass,,18.41370316050157,54.360384433731404
,,,grassland,18.40330748732738,54.361663846601786
,,,grassland,18.397338835804057,54.35956111255178
,,forest,,18.424570810722244,54.282112215777175
,,,grassland,18.5160040126376,54.33978755070603
,,forest,,18.40194660220011,54.4317603321035
,,,grassland,18.669788255780777,54.373088049118465
,,,grassland,18.669636230828218,54.3690645215888
,,,grassland,18.480919245804046,54.393034996362395
,,,grassland,18.480163663103184,54.38312092516825
,,grass,,18.462168031411206,54.37955459380771
,,grass,,18.46726986637152,54.37771523925151
,,grass,,18.48122208847393,54.374763131420785
,,grass,,18.488738873806653,54.37293507983048
,,grass,,18.491887575446977,54.372272109144646
,,grass,,18.474613911087122,54.3765966226728
,,grass,,18.471122481814074,54.3772948804207
,,grass,,18.471660779204008,54.37540436721095
,,grass,,18.49586569900017,54.37160300999901
,,grass,,18.50010323540315,54.36912542164543
,,grass,,18.484560017857774,54.37544029686955
,,grass,,18.476104975900213,54.37776244390475
,,grass,,18.452967685139836,54.381947351129824
,,grass,,18.457058752910022,54.38285026257757
,,grass,,18.436606865460984,54.389058769771175
,,,grassland,18.418378155347728,54.40469192726782
,,grass,,18.41311982318173,54.40138690873681
,,grass,,18.414874133531196,54.39518355813871
,,grass,,18.70957681682068,54.35745505867896
,,grass,,18.714700697271876,54.36056586593177
,,grass,,18.714567487602736,54.36063158644069
,,,grassland,18.680351114850456,54.36604955274506
,playground,,,18.639465971051933,54.405708601837574
,,forest,,18.559472054991296,54.28998800270662
,,grass,,18.681595181863262,54.35660157867252
,,,grassland,18.688897341342138,54.358627699870404
,,,grassland,18.690155823046506,54.35895027020557
,,,wood,18.68695068507984,54.38258447827469
,,,grassland,18.687637094217447,54.38356163029763
,,,wood,18.69680610378096,54.385592262332885
,,,wood,18.692669368780173,54.38272257719358
,,,wood,18.69356670615074,54.38333536328412
,,,wood,18.69429638971219,54.38338684466857
,,,wood,18.694694888051828,54.3822358398954
,,,grassland,18.69219998808324,54.38695195253545
,,,grassland,18.443544480243677,54.439790520416445
,,,grassland,18.440365058534383,54.438655700500384
,,,grassland,18.437130536229525,54.43936669758215
,,,grassland,18.455331679369127,54.44280736021261
,,,wood,18.45396354452796,54.440797994993865
,,,grassland,18.436734657034854,54.44195133068848
,,,grassland,18.447472087623954,54.44369020507074
,,grass,,18.451236385953816,54.438688577184706
,,,grassland,18.44632781089135,54.441784681651555
,,,grassland,18.454936683238824,54.440270930973846
,,,grassland,18.45349475884764,54.44096609849371
,,,grassland,18.454955757564747,54.43930381292942
,,,wood,18.454712335602686,54.438866505382215
,,,grassland,18.446000242212982,54.444086182377625
,,,grassland,18.44306662267595,54.44193067513773
,,,grassland,18.442355923598345,54.44215735336072
,,meadow,,18.600396347616048,54.28177905924599
,,,wood,18.606414271161512,54.2838189472798
,,,grassland,18.601297905786627,54.2823822593301
,,,grassland,18.610009382418788,54.28370933788705
,,,grassland,18.609103882114084,54.28042242423086
,,,wood,18.609628466867424,54.281314735739294
,,,grassland,18.604698001972174,54.28328930767266
,,,grassland,18.606280349034115,54.28360025682808
,,,grassland,18.602189607455273,54.28487642100413
,,grass,,18.52119705516408,54.37527679889528
,,grass,,18.600979702597133,54.351400644445036
,,grass,,18.582145420186066,54.36021157829444
,,grass,,18.610705460768497,54.33687073229993
,,grass,,18.5524272564043,54.32163628540656
,,grass,,18.552351223884987,54.321358296680856
,,grass,,18.553282765799935,54.320747086820184
,,grass,,18.55169846459569,54.32149557280551
,,grass,,18.55189363225092,54.32136039453604
,,grass,,18.551727970445015,54.321273965978975
,,grass,,18.553095533959684,54.32088944199749
,,grass,,18.649214798092054,54.35198900008545
,,grass,,18.64875495245581,54.352206129225515
,,grass,,18.647934999890897,54.35175925647261
,,grass,,18.649303209367613,54.35177243765497
,,grass,,18.648335793700305,54.3519594598523
,,grass,,18.648154889810797,54.35219185014462
,,grass,,18.649639269898948,54.351921088185165
,,grass,,18.64976567885522,54.3518058126603
,,grass,,18.64725595633218,54.35180180101343
,,grass,,18.648729325691384,54.352050110154565
,,grass,,18.648089812532486,54.35157391246844
,,grass,,18.55610439827428,54.44273550998301
,,grass,,18.556332599738134,54.442598910820806
,,grass,,18.55612251655971,54.44241997343793
,,grass,,18.55593998757228,54.442762134866
,,grass,,18.55522664389043,54.44302420800738
,,grass,,18.553594595798053,54.44296440085244
,,,,18.549064567686425,54.443316261510205
,,,grassland,18.41294900539072,54.29909477463117
,,,grassland,18.416400364629467,54.39538934273837
,,farmyard,,18.416998357118526,54.39578581972332
,,grass,,18.63910710613634,54.339948652924974
,,,grassland,18.656875968502277,54.34102496541113
,,forest,,18.579922863532186,54.27978237004928
,,meadow,,18.46784760858365,54.37851186101826
,,meadow,,18.472649866444247,54.3803930334493
,,meadow,,18.472476396719543,54.380162682029265
,,grass,,18.475027497872002,54.37953453295531
,,grass,,18.473548336453593,54.3799095470464
,,grass,,18.47450421816245,54.37967762183366
,,grass,,18.474731835319023,54.37917374040821
,,grass,,18.47688094199329,54.37957800904163
,,grass,,18.476073194646936,54.379650025419096
,,grass,,18.475504412339028,54.3797362214069
,,meadow,,18.4798165192224,54.377397032976305
,,,grassland,18.58895610541204,54.42080990637936
,,grass,,18.61533312661133,54.382544761101705
,,grass,,18.615158677376275,54.38280766206984
,,grass,,18.6155851571336,54.382146653767585
,,grass,,18.615218742606572,54.38317479522523
,,grass,,18.61512323378163,54.383015419500616
,,forest,wetland,18.555732486206672,54.40356697469385
,,,water,18.556613463998584,54.403828477121316
Park Nostalgiczny,park,cemetery,,18.617964370684735,54.368336447383086
,,,wetland,18.496231936077006,54.329161218247826
,,grass,,18.60751959614076,54.388502033761654
,garden,,,18.61043277302983,54.380448339884815
,park,,,18.6151901661154,54.38342448381617
,,,wood,18.500286807377258,54.365458453936206
,,grass,,18.55678270673336,54.407085598326816
,,grass,,18.570745918294737,54.40990899750519
,,grass,,18.668961688003424,54.39923180348873
,,grass,,18.6690476136781,54.399278039229145
,,grass,,18.669005407599823,54.399350546002616
,,grass,,18.669191297007536,54.39926737054828
,,,grassland,18.458567578362906,54.40626884335564
,,,wood,18.564551298449103,54.33414855323084
,,grass,,18.60656717029128,54.35549557818893
,,,wood,18.602489053461856,54.41826230463052
,,grass,,18.72057997606047,54.35688001767221
,,grass,,18.71936188656823,54.35689950461065
,,grass,,18.719360655754326,54.35657929574406
,,,water,18.460320013873577,54.42833805754742
,,,wood,18.61096267958588,54.33227213750781
,,,scrub,18.48763934274728,54.38299413473088
,,,grassland,18.48242778489626,54.38476796534784
,,,grassland,18.48716565644695,54.38322936548943
,,,grassland,18.48674157262278,54.38132069677739
,,grass,,18.483223280431417,54.38018759864699
,,,grassland,18.482811479381816,54.38185119506188
,,,grassland,18.476448640357727,54.38647865832359
,,,scrub,18.476046801774377,54.385967821694585
,,,wood,18.476541658684557,54.384684327499315
,,,grassland,18.473652409318955,54.38544378768983
,,,grassland,18.463885212245884,54.38951834859528
"Zbiornik retencyjny ""Rębiechowo III""",,,water,18.464072630897167,54.390696794296545
,,grass,,18.57583842927666,54.42000453511943
,,grass,,18.57495964337738,54.41983735116642
,,grass,,18.57486254496371,54.41964682321168
,,grass,,18.575028090239766,54.41974542986847
,,grass,,18.574248596790348,54.42011094415414
,,grass,,18.57425463084836,54.41956667278279
,,grass,,18.574088070862672,54.41979165894067
,,grass,,18.57465357582489,54.419358846228114
,,grass,,18.573768545598643,54.419560405784026
,,grass,,18.57556600488123,54.41940028603248
,,grass,,18.574657584416478,54.420417433451554
,,grass,,18.5739012996653,54.42028526429919
,,,wood,18.575616605493853,54.41935893404982
,,,wood,18.575930501303752,54.41993443569339
,,grass,,18.574215374023996,54.41916203715496
,,grass,,18.57501570989934,54.41915333532331
,,grass,,18.57301305047052,54.416318748035174
,,grass,,18.572686792064307,54.41620988702726
,,grass,,18.571884751171424,54.415922448107516
,,grass,,18.577409495201827,54.42044819955661
,,grass,,18.577947626727966,54.42055867172526
,,grass,,18.577737366666668,54.4203605
,,grass,,18.576942951283364,54.420411692542714
,,grass,,18.57693106594421,54.42059424038472
,,grass,,18.576425482971494,54.42068904451355
,,grass,,18.578509766226528,54.42075240948165
,,grass,,18.577259212777424,54.42104943619173
,,grass,,18.577191772832663,54.420676092753425
,,grass,,18.57674266787176,54.420791338972734
,,grass,,18.575986569431418,54.420641889868534
,,grass,,18.577348661339066,54.421231165212454
,,grass,,18.577937623761915,54.4210527850033
,,grass,,18.57796677183302,54.42099079386004
,,grass,,18.57810821747193,54.420941114441874
,,grass,,18.57769179490068,54.42097643647204
,,grass,,18.578132812900684,54.42115956179127
,,grass,,18.577800985481968,54.420816185332896
,,grass,,18.577647941156574,54.42077782264592
,,grass,,18.57771214022189,54.42090999062978
,,grass,,18.57790170457487,54.421229150744246
,,grass,,18.577032300983507,54.41976110804917
,,grass,,18.5763883604489,54.41896249746404
,,grass,,18.57684109196162,54.4194817962368
,,grass,,18.577438776785243,54.41956512967656
,,grass,,18.577312616254737,54.42019152661619
,,grass,,18.576618022860718,54.419975720350934
,,grass,,18.57853866612259,54.42031312230274
,,grass,,18.578295750000002,54.42033685000001
,,grass,,18.57861758097277,54.42046291236026
,,grass,,18.575072709342415,54.41821465192989
,,grass,,18.578106039939513,54.41935823823528
,,grass,,18.58089541226654,54.419749742100244
,,grass,,18.580920165408145,54.419601532777286
,,grass,,18.578443536057787,54.41942368752443
,,grass,,18.578200630795106,54.41948776960676
,,grass,,18.578017799987656,54.418577382518194
,,grass,,18.579289194996875,54.41974273608824
,,grass,,18.57813947935742,54.419019517204724
,,grass,,18.576538471107284,54.41875868231636
,,grass,,18.57806519242691,54.418757627511894
,,grass,,18.57851557738263,54.41873299600989
,,grass,,18.57798893977346,54.4191643205736
,,grass,,18.58006603723792,54.41995202466498
,,grass,,18.580908804828653,54.42101431258311
,,grass,,18.5807744436052,54.42053952473763
,,grass,,18.580862064958236,54.42085146965991
,,grass,,18.580681941668356,54.420219874947115
,,grass,,18.58081923937517,54.42070056360028
,,grass,,18.580728600722068,54.42038003234154
,,grass,,18.57825018013419,54.421118850842944
,,grass,,18.57707023333429,54.421375566762585
,,grass,,18.57682971749533,54.421296251069656
,,grass,,18.578015490954865,54.42166364079589
,,grass,,18.575788528298258,54.420788155992035
,,grass,,18.577314050000002,54.4214561
,,grass,,18.57584115,54.4209363
,,grass,,18.57616695,54.42106835
,,grass,,18.576601300000004,54.421220850000005
,,grass,,18.576360866657964,54.421141483245535
,,grass,,18.578137624333174,54.421324615115935
,,grass,,18.578392991689334,54.42157148069188
,,grass,,18.577557415946146,54.42153645813432
,,grass,,18.578246380206778,54.421604122468146
,,grass,,18.577803452868046,54.42161464570101
,,grass,,18.57602795571039,54.421014796601284
,,grass,,18.576873741368914,54.41842160467007
,,grass,,18.577325820564443,54.41880761609852
,,grass,,18.576409951934842,54.41851810092795
,,grass,,18.57687058603968,54.41867574261197
,,grass,,18.576164341816735,54.41843380486447
,,grass,,18.576631785963944,54.418594033805896
,,grass,,18.577112047728903,54.41875835568627
,,grass,,18.575892865469566,54.418029998143304
,,grass,,18.57564229163878,54.418065580188625
,,grass,,18.575560664303715,54.41857662407488
,,grass,,18.57515575525501,54.417775887411345
,,grass,,18.57512075372333,54.417971431185975
Park w Królewskiej Dolinie,park,,,18.610715620537896,54.367028192326835
,,,water,18.609876624919824,54.366887283922594
,,,wood,18.609492011518572,54.36765717365482
,,grass,,18.575239275370528,54.417622688317564
,,grass,,18.57403579621729,54.41772606751641
,,grass,,18.5742428,54.4177991
,,grass,,18.57383247294358,54.417347736122125
,,grass,,18.57531565253629,54.41884386895223
,,grass,,18.57465590604289,54.4185603870642
,,grass,,18.575048389272656,54.41885849521312
,,grass,,18.575004239903084,54.41869701006629
,,grass,,18.57495960109866,54.41854883726892
,,grass,,18.574915063288728,54.418400190731504
,,grass,,18.574867592597,54.41824055790277
,,grass,,18.57481541355546,54.418078322964206
,,grass,,18.574770723998704,54.41795124780137
,,grass,,18.574208667212982,54.41898493034293
,,grass,,18.574421580206586,54.41861679862189
,,grass,,18.573297872137385,54.419545016390266
,,grass,,18.572588348794014,54.4188928793995
,,grass,,18.57278666807027,54.41962331196592
,,grass,,18.573680792480186,54.418349192511904
,,grass,,18.57360867197286,54.41876526505515
,,grass,,18.57305226913106,54.419645002688426
,,grass,,18.57296339085454,54.41907137049798
,,grass,,18.574001440763087,54.41841178846913
,,grass,,18.573994012757822,54.418872871095786
,,grass,,18.574079114840313,54.41812981818003
,,grass,,18.573987279347094,54.41797594153856
,,grass,,18.57835771872819,54.30286627312453
,,grass,,18.57233454910888,54.41785137128195
,,grass,,18.572159575577643,54.41808098833855
,,grass,,18.5712080308997,54.42039838737463
,,grass,,18.57124070731347,54.42053771780213
,,grass,,18.57084388843775,54.42039993229491
Polana Augusty,,,grassland,18.53759489415679,54.370432345230086
,,,wood,18.45427030557592,54.39856956088823
,,grass,,18.589050620608596,54.296004922867674
,,,grassland,18.482352605835676,54.41147740128998
,,forest,,18.56997507890821,54.28720263079988
,,grass,,18.483113034717395,54.38812278706016
,,grass,,18.483192147208754,54.38821565299281
,,grass,,18.48330216144985,54.38815017627901
,,grass,,18.482897642113734,54.38830049442507
,garden,,,18.482944480149193,54.38830316869575
,,grass,,18.48427213836946,54.38839529477401
CTR EPGD,,,,18.565934835776357,54.39425277566944
,,animal_keeping,sand,18.56919705,54.42921289999999
,,grass,,18.548318812591425,54.34136843665176
,,grass,,18.53446423109338,54.347361937100196
,,grass,,18.581050645188057,54.39208225319579
,,grass,,18.682771364966154,54.35677261618106
,,grass,,18.684502586956594,54.35682649931859
,,grass,,18.68414244137228,54.356482297578516
Skwer Bajki,park,,,18.684099641103966,54.35642806549251
,,grass,,18.68438314708622,54.35634367908286
,,grass,,18.682871941555526,54.35650232149779
,,grass,,18.683573461081327,54.3566401226207
,,grass,,18.68473414838906,54.35668651823038
,,grass,,18.68427383214122,54.35677507852572
,,grass,,18.681880609299387,54.356548683716476
,,grass,,18.68417623174292,54.35668158227513
,,grass,,18.681488042295367,54.3562981359471
,,grass,,18.685286702406504,54.35702968891449
,,,grassland,18.460914163251534,54.372954008967675
,,,grassland,18.500209475095634,54.36996999970265
,,greenfield,grassland,18.481893269889706,54.38794981390921
,,,grassland,18.528666233805865,54.3542610976342
,,,wood,18.486378650582317,54.37773073604848
,,grass,,18.455016008368244,54.318041255018166
,,,grassland,18.460268431222037,54.37562720082779
,,forest,,18.416152080341277,54.424222823907684
,garden,,,18.565828455602123,54.33084411561054
,,,wood,18.571228690010752,54.333693364520514
,,grass,,18.561711648886273,54.34315603951933
,,grass,,18.561917605957994,54.34312395979236
,,grass,,18.56203641137923,54.34331459447625
,,grass,,18.56145155436902,54.34342669624186
,garden,,,18.565103835812977,54.331755862062906
Rezerwat Wąwóz Huzarów,nature_reserve,,,18.540142758670804,54.377354990813615
,,grass,,18.450544478114324,54.41266281285589
,,grass,,18.46873320166194,54.38348704018954
,,grass,,18.472115388311337,54.38298968456594
,,grass,,18.47945103885339,54.381901091648906
,,grass,,18.56050460840502,54.34102265909931
,,grass,,18.561358034772105,54.34102064203004
,,grass,,18.56066636213695,54.34369426906944
,,grass,,18.560508,54.343712
,,grass,,18.560176537767013,54.343574908541356
,,grass,,18.56728645,54.33862810000001
,,grass,,18.643682452537448,54.39010046593263
,,grass,,18.644932660091026,54.3896077903622
,,grass,,18.645472313902882,54.38927048153095
,,grass,,18.646050990112705,54.38898680762318
,,grass,,18.646648943527172,54.38860944393379
,,grass,,18.647145675112494,54.388195232387304
,,grass,,18.57146626198581,54.3376472134121
,,grass,,18.5720338347881,54.3373829582245
,,grass,,18.570455153787854,54.33737709923375
,,grass,,18.55952298381662,54.33721669227354
,,grass,,18.59053278596451,54.33672821444211
,,grass,,18.57283938723005,54.334622080270016
,,grass,,18.546089320098446,54.343767315978965
,,grass,,18.54431931391768,54.34407966016871
,,grass,,18.539461905355736,54.34698172990084
,,grass,,18.53058615567391,54.34768706136346
,,,grassland,18.54050146317357,54.34499360741045
,,grass,,18.54520997036931,54.3434290735988
,,grass,,18.53569218623199,54.34622716092908
,,grass,,18.526403923702997,54.34916626935829
,park,,,18.562897203478705,54.348045968104465
,,grass,,18.553899190986872,54.339306335633395
,,grass,,18.555962221450418,54.33817787660124
,,,grassland,18.552147427852905,54.3404752728506
,,grass,,18.603268581717177,54.346726668533165
,,grass,,18.60308462953124,54.34711598333733
,,grass,,18.60289553564642,54.347355179554434
,,grass,,18.60300257820799,54.34757459564237
,,grass,,18.602409316047584,54.34716047320443
,,grass,,18.602606048150747,54.34727827845947
,,grass,,18.604653708813476,54.323693751207756
,,grass,,18.59557476685043,54.42404481380779
,,grass,,18.596235568801596,54.423867339689366
,,grass,,18.522665870137754,54.376337620791176
,,grass,,18.522494955889837,54.37664807283708
,,grass,,18.52202075622334,54.3761243851413
,,grass,,18.51311250246113,54.3754561626581
,,grass,,18.580888166259882,54.37655611573851
,,grass,,18.580361505455873,54.37668679910719
,,grass,,18.580177674297303,54.377695407969284
,,grass,,18.580316059786576,54.37712416464247
,,grass,,18.580150889993483,54.37713069027876
,,grass,,18.58919523235824,54.40993417439175
,,grass,,18.59009917522329,54.409874672866664
,,grass,,18.589935747611687,54.41012332534548
,,grass,,18.590116961466116,54.409635162029446
,,grass,,18.590525809314972,54.408788495932555
,,grass,,18.58938229128439,54.40936598216726
,,grass,,18.589738881138842,54.40937761165965
,,grass,,18.590160200150066,54.40930714331094
,,grass,,18.590277466666667,54.40904306666667
,,grass,,18.590406351717327,54.40906467072805
,,grass,,18.590475062618907,54.40903139403507
,,grass,,18.589638477936145,54.409741519418176
,,grass,,18.589505873087134,54.41012829010488
,,,grassland,18.54648235852582,54.40336167489902
,,,grassland,18.547344096690754,54.406619759808905
,,grass,,18.66632424652319,54.34483425300069
,,grass,,18.663942023489927,54.34427799558747
,,grass,,18.66360062922661,54.34426575524371
,,grass,,18.656862584218437,54.34592618191179
,,grass,,18.65658476252063,54.34591037036631
,,grass,,18.656865236428434,54.34606014205185
,,grass,,18.635476821595528,54.385668809142224
,,grass,,18.63649102445051,54.385039119767
,,grass,,18.6373119267586,54.385179479124396
Ogród Roślin Leczniczych,garden,,,18.62270435566125,54.38209456335466
,,grass,,18.6569374571282,54.339656331957954
,,,grassland,18.57706342378412,54.43227358664058
Sopockie Błonia,park,,,18.57788093577984,54.43265537137803
,,grass,,18.584985287711977,54.389401096227395
,,,grassland,18.617683649484203,54.29832121875845
,,,wood,18.590604349766256,54.31054671746016
,,,wood,18.603789085340544,54.306009407839014
,,,water,18.60773627528264,54.304761539488474
,,meadow,,18.596710719359688,54.29641229490139
,,grass,,18.534937321508327,54.29464353584327
,,,grassland,18.5442152807032,54.290971807442695
,,meadow,,18.59744123697874,54.29589134160537
,,grass,,18.598038262974896,54.29790889053179
,,,grassland,18.62363171885248,54.300027513374616
,,,wood,18.622563907238725,54.297040758470466
,,,wood,18.622514199531203,54.302725247917294
,,,wood,18.6124405039415,54.28208133471544
,,,wood,18.611553401622523,54.28073029312652
,,forest,,18.573739418691716,54.29482778633801
,,forest,,18.576499560266896,54.29506980301685
,,grass,,18.534578352500894,54.29795150453434
,,,wood,18.625395166871552,54.31492369759248
,,,wood,18.62654839753083,54.31427866430767
,,,wood,18.62570947009699,54.31285461824462
,,,grassland,18.568059965652413,54.30063433485519
,,,wood,18.554940968176062,54.294154808686876
,,forest,,18.56402675005748,54.292381027125316
,,forest,,18.566377725160315,54.29377288606207
,,forest,,18.567933392021992,54.29382999335391
,,forest,,18.550572479101508,54.301637708978355
,,forest,,18.548761568617948,54.30213227771641
,,grass,,18.531999445095344,54.301367499229706
,,,water,18.52016668211534,54.30371185084817
,,forest,,18.501069791966298,54.29198154589273
,,forest,,18.476673994828733,54.28600353382107
,,,wood,18.56118024972966,54.30644793913329
,,meadow,,18.58881356362436,54.280791305680474
,,,grassland,18.624130301060518,54.31106627948831
,,,wood,18.61882560817332,54.31460909029338
,,,wood,18.613487039209083,54.32030452329628
,,,wood,18.575286836777803,54.31514903512399
,,,wood,18.587937530835994,54.305404620670835
,,meadow,,18.59202434947413,54.29902320243095
,,,grassland,18.62081992273215,54.29394118382834
,,,grassland,18.59427361137089,54.28694025241269
,,meadow,,18.615630476007187,54.28144812225697
,,,grassland,18.61785051990501,54.28307992075135
,,,wood,18.633030215589883,54.29221994348035
,,,grassland,18.62775448847123,54.29123981538673
,,grass,,18.63276093331577,54.28239787558679
,,,wood,18.636259822914774,54.28466935176433
,,,wood,18.63541386385059,54.28553506852204
,,,grassland,18.63621848333666,54.282077467322274
,,,wood,18.637106300846686,54.28009538919811
,,,wood,18.63395608886995,54.28425715696677
,,,grassland,18.641082888274788,54.28262905143056
,,,grassland,18.610651578642194,54.30572390793532
,,,grassland,18.604052821366253,54.30702490920877
,,,wood,18.594923805095164,54.317676346586126
,,,wood,18.628222843822556,54.323746788347734
,,,wood,18.628419508828607,54.325078945121355
,,,wood,18.623508384296972,54.32426347132471
,,,wood,18.624903271754363,54.32332466675916
,,,wood,18.62107673767151,54.324289822043774
,,,wood,18.62212352038989,54.32375539619882
,,grass,,18.620777740931963,54.33780626046094
,,grass,,18.618814998050535,54.33699344781433
,,grass,,18.619217870012637,54.33682681647472
,,,grassland,18.61805133531274,54.33527872531535
,,,wood,18.619468383763433,54.32035786291577
,,,wood,18.61964285545712,54.31997026622563
,,,wood,18.622170287564728,54.319598708116004
,,,wood,18.624286223716364,54.316208060311126
,,,wood,18.627262882911744,54.31828598344602
,,,wood,18.62648320328412,54.31192900858631
,,,wood,18.62170616944407,54.31883915153603
,,,wood,18.620686756411924,54.31899065353155
,,,wood,18.62247763564694,54.319295431174496
,,,wood,18.622902390729134,54.31995232576315
,,,wood,18.626239672494386,54.320044419881285
,,,wood,18.54109923551806,54.35395184444214
,,,wood,18.539710191390398,54.35316506189514
,,,wood,18.556157717464735,54.35520269834104
,,,wood,18.56367249714763,54.35933869427877
,,,wood,18.568981203695284,54.36183155195608
,,meadow,,18.657281916975375,54.28563983735076
,,grass,,18.663343672824567,54.284544172286175
,,meadow,,18.664948434283986,54.284072207803625
,,meadow,,18.67189865233658,54.28066199775072
,,meadow,,18.67361273547539,54.27988311944389
,,meadow,,18.64761427960659,54.289263447096204
,,,grassland,18.655193087478935,54.28696850773465
,,grass,,18.655985049555763,54.28891815361489
,,grass,,18.657391909744778,54.28757118920053
,,grass,,18.67555201354544,54.32560784555545
,,grass,,18.679685230570385,54.32474554733404
,,grass,,18.6828656715038,54.32295330333739
,,grass,,18.693907955995115,54.323889072453916
,,grass,,18.69284074448427,54.32280449765682
,,grass,,18.70043143456524,54.32566963843291
,,grass,,18.697771606570413,54.32939618460522
,,grass,,18.67460024988497,54.321722712806505
,,grass,,18.669227162960237,54.312191135896654
,,grass,,18.671573134682596,54.31335717240837
,,grass,,18.67024582162973,54.317938452520764
,,grass,,18.67314806090524,54.31750816019208
,,grass,,18.667398781846913,54.31181374189789
,,grass,,18.66399694479403,54.31106358013495
,,grass,,18.659982893779482,54.3121963707133
,,grass,,18.6479966819556,54.31273021645181
,,grass,,18.644181583295104,54.31269069186702
,,grass,,18.680406312039683,54.34007694451978
,,,grassland,18.68293282764834,54.34058055489329
,,,grassland,18.692470729852943,54.347002478703295
,,grass,,18.706662568242177,54.34413697659873
,,grass,,18.703089815809452,54.34119507750175
,,meadow,,18.69214593827096,54.33783029530036
,,grass,,18.700181866468323,54.33465113444355
,,grass,,18.70256801455499,54.33878587116283
,,grass,,18.70583638262832,54.336057378020534
,,grass,,18.70635611407609,54.33682667925608
,,grass,,18.707876972123707,54.335942854615915
,,grass,,18.71764284463341,54.33739497981875
,,,grassland,18.713819492395913,54.33679890812154
,,grass,,18.7288958530188,54.33952265529377
,,grass,,18.7410832441137,54.32174125026602
,,grass,,18.628421229820308,54.32117034707805
,,,grassland,18.47228703221714,54.29135608268824
,,forest,,18.465869738569907,54.28979707212072
,,forest,,18.466687456036478,54.29068407186775
,,forest,,18.46570035775007,54.29061027592883
,,grass,,18.522884749983056,54.37669525046823
,,grass,,18.5242487868173,54.37665976821753
,,grass,,18.616403481601765,54.40862888461982
,,grass,,18.45985306787645,54.42590298609925
,,grass,,18.576024702873664,54.30142216904504
,horse_riding,meadow,,18.492173228063383,54.44271763449807
,,meadow,,18.49412293538469,54.44214866661223
,,meadow,,18.49063348453937,54.4416918523199
,,meadow,,18.45316279992261,54.44805890283635
,,,wood,18.434971477891274,54.39689676135847
,,,grassland,18.43537805032844,54.39739260341464
,,,grassland,18.434306274019818,54.39688012360728
,,grass,,18.59547327829606,54.39160528775475
,,,wood,18.44268339149587,54.41777366336875
Rondo Olimpii Osowa,,grass,,18.478388341409705,54.419246827743144
,,,water,18.48559760650801,54.43316155394838
,,,grassland,18.493326823133835,54.44205223966192
,,,grassland,18.491557506069594,54.44171270068399
,,grass,,18.49292073655566,54.44234057166638
,,meadow,,18.492240555004518,54.441476833974555
,,meadow,,18.493473706540215,54.44110874044134
,,grass,,18.461490039880445,54.43865738544527
"Skwer im. Danuty Siedzikówny ""Inki""",park,,,18.632053557431917,54.32325204426552
Park Hestii,park,,,18.584178945683554,54.42995529485749
,,grass,,18.583018926521564,54.4292989421982
,,,wood,18.56440199806376,54.346739844671404
,,grass,,18.564270152857937,54.340866191824034
,,grass,,18.61397194194103,54.372900806927525
,,grass,,18.613602430166917,54.3710465640836
,,grass,,18.61179068962801,54.37138935796614
,,grass,,18.61189991665615,54.37159423640441
,,grass,,18.612222959592184,54.37139182519855
,,,wood,18.481270503080058,54.405606517330654
,,,water,18.47842340959207,54.40687740457403
,,,water,18.52060142872407,54.34603838578582
,,,grassland,18.495840991835184,54.366959414268024
,,,wood,18.497940682195924,54.367010799016704
,,grass,,18.59407052932317,54.374529935939165
,,,grassland,18.52228379614967,54.35773416844971
,,grass,,18.589515088363953,54.38129851433616
,,grass,,18.589669387849312,54.38094595809493
Zbiornik Okrzei,park,,water,18.57494973774493,54.4353728956059
,,grass,,18.58333001550351,54.35792950507482
,,grass,,18.583263389714595,54.35797985148493
,,grass,,18.583183880317794,54.35793710859784
,,grass,,18.582965790206543,54.357910734687856
,,grass,,18.52844889556588,54.35058316725176
,,,water,18.560221462091885,54.33486321791303
,,,grassland,18.556403643295116,54.372216393674684
,,,grassland,18.543225815791263,54.38119329855912
,,grass,,18.637150577183558,54.39482633610496
,,grass,,18.63756963174149,54.39471117281025
,nature_reserve,,,18.554987591545483,54.29416359259906
Dolina Czystej Wody,nature_reserve,,,18.530842785045458,54.40553906920566
Fort Nocek,nature_reserve,,,18.641828277873778,54.35602467851619
Karasiowe Jeziorka,nature_reserve,,,18.758210746183497,54.36710069145177
Migowska Bielawa,nature_reserve,,,18.55965953539701,54.34834682181508
Prochownia pod Kasztanami,nature_reserve,,,18.641471497634488,54.35684709300192
Salwinia w Owczarni,nature_reserve,,,18.489703015428482,54.420546812970684
Torfowisko Smęgorzyńskie,nature_reserve,,,18.48018127002977,54.33454284707628
Łozy w Kiełpinie,nature_reserve,,,18.497548292098877,54.33713037012727
,,grass,,18.566571979151206,54.43090851758493
,,grass,,18.566652648088844,54.430860479083705
,,grass,,18.566092372852797,54.430707742731364
,,grass,,18.56604088032944,54.43076605076192
,,grass,,18.566197799999998,54.43080335
,,,water,18.502568913587503,54.28379084822555
Kompostownia,,,,18.533848513018338,54.44928142215282
,,grass,,18.566557552208675,54.4098939110378
,,recreation_ground,,18.551655304333845,54.44276340768453
,,grass,,18.578282897740436,54.375838029210136
,park,,wood,18.566204387484945,54.43993287923233
,,forest,,18.513231796443534,54.43630796864998
,,meadow,,18.514204787816976,54.43649406914765
,,meadow,,18.51060325971021,54.43561036216612
,,,water,18.504716717984817,54.43817370351749
,,,grassland,18.534299087769195,54.41573243671059
,,,wood,18.570683877483756,54.37439746771663
,,grass,,18.613799232748754,54.37145566094673
,,greenfield,grassland,18.459404110079994,54.44665758440037
,,grass,,18.56261101365841,54.412983291248466
,,grass,,18.56280893788532,54.41302490452377
,,,grassland,18.65652849562777,54.386657297026325
,,grass,,18.642278241236525,54.36146483786952
,,,grassland,18.653623902488185,54.397322585048336
,park,,,18.60974423322769,54.39411638440787
,,,grassland,18.4923583936205,54.411576651104
,,grass,,18.4943456976038,54.411041701865024
,,grass,,18.623346900000005,54.355328500000006
,,grass,,18.623621284984054,54.35524213046228
,,grass,,18.623894249999996,54.35515734999999
,,grass,,18.62235046779663,54.35561335019514
,,grass,,18.62212270089771,54.35565744433559
,,grass,,18.6217092135461,54.355625441208666
,,grass,,18.619352738461934,54.35679889778583
Ogród japoński,garden,,,18.564224328836538,54.41183510434206
,,greenfield,grassland,18.580005890182363,54.40179569353946
,,grass,,18.619780661354596,54.35622181837834
,,grass,,18.61928883777723,54.35644336614934
,,grass,,18.619063269964656,54.356413505738566
,,grass,,18.61899385949198,54.35630522586624
,,grass,,18.61875315600438,54.356322453935704
,,grass,,18.619308368169698,54.35622965057973
,,,grassland,18.494590410376365,54.41029444232793
,,,grassland,18.502215051642125,54.306821279600186
,,,grassland,18.50730607112603,54.29964761621845
,,meadow,,18.510958253724766,54.294866343727556
,garden,,,18.623502326405966,54.35566332687975
,,grass,,18.572063583222874,54.39849766896505
,garden,,,18.608989524472772,54.37037056121696
,,grass,,18.60890453808877,54.37088304593088
,,grass,,18.608799430164236,54.3706709015544
,,grass,,18.609534849347128,54.37040001011836
,,grass,,18.608849349549104,54.37025119201073
,,grass,,18.608310815329876,54.3701337119267
,,grass,,18.608397512873033,54.37022967117929
,,grass,,18.60539041602783,54.379065395373736
,,grass,,18.59051279784386,54.361237213644905
,,grass,,18.61595724969204,54.35584097335029
,,grass,,18.615551587346893,54.355677623450916
,,grass,,18.615223012652603,54.355098204046186
,,grass,,18.615156018651177,54.35495385574428
,,grass,,18.614415447685918,54.353957626776804
,,grass,,18.61526656269425,54.35487848526933
,,grass,,18.6135862899986,54.35343157273377
,,grass,,18.61564655527874,54.35579826328414
,,grass,,18.61374494673454,54.35351365603343
,,grass,,18.61406974873903,54.35370312870061
,,grass,,18.609149288928368,54.3540157488914
,,grass,,18.609076461318296,54.35379395007745
,,grass,,18.608258249905695,54.353233877237386
,,grass,,18.608747012945244,54.35407486645501
,,grass,,18.608989828819627,54.35357832736046
,,grass,,18.609741192184323,54.3533304859879
,,grass,,18.605484859755368,54.35371884315702
,,grass,,18.608183473904152,54.354411859404905
,,,grassland,18.515691347388742,54.36062391364864
,,grass,,18.62109375384071,54.355891716894995
,,forest,,18.602938093432975,54.28629381836619
,,forest,,18.603555969758176,54.28430829808561
,,grass,,18.612771314150702,54.40554972295366
,,grass,,18.612285487011622,54.405527706776354
,,grass,,18.61008115723926,54.40471373746955
,,,grassland,18.56846313137029,54.40242604759264
,,grass,,18.56991326357613,54.398414306444934
,,grass,,18.570342479332187,54.39749638982064
,,grass,,18.571518261227343,54.397416825804164
,,grass,,18.570563802418743,54.39842774775113
,,forest,,18.401860102629474,54.39972031249818
,,grass,,18.59562280185242,54.33270916226497
,,grass,,18.59874491903235,54.336738296581075
,,grass,,18.599388293070575,54.33720459945767
,,grass,,18.597713633280993,54.33725363219752
,,grass,,18.600214122943548,54.33671458151195
,,grass,,18.59484211937865,54.332076156624986
,,grass,,18.59682906809258,54.33058599625546
,park,,,18.594902724897356,54.38018856713953
,,grass,,18.660998576807028,54.346220540355034
,,grass,,18.660943617517177,54.34575782744945
,,grass,,18.660853500962464,54.34548095935677
,,,,18.714852156971894,54.37988722523476
,,grass,,18.636819650000003,54.3515061
,,,wood,18.654555623512824,54.331441515903336
Jaśkowy Zakątek,park,,,18.596238406070196,54.36979119150017
,,grass,,18.640847118987324,54.35913869063099
,,grass,,18.640620907640745,54.35924742974252
,,grass,,18.6403773303824,54.359262949216046
,,,wood,18.574570917568483,54.416100684569734
,,grass,,18.58233640588221,54.32927426491639
,,grass,,18.582470937435552,54.329241176509214
,,grass,,18.58243933204662,54.32887687095771
,,grass,,18.58277569586357,54.32956196675504
,park,,,18.62245235831038,54.33588194268041
,,grass,,18.624177940167975,54.38876778530463
,,grass,,18.585616649183876,54.409238365227374
,,grass,,18.585744637509908,54.40918108926047
,,grass,,18.58730829304658,54.40901100367236
,,grass,,18.587139843210622,54.408988278747756
,,grass,,18.587539047001048,54.408708050185176
,,,wood,18.540459005533318,54.41873264076926
,,,wood,18.540818956621493,54.41917165442292
,,,wood,18.54041400246846,54.4191343633054
,,,scrub,18.540588050259903,54.41919338849657
,,,water,18.539706018842455,54.419504757295115
,,grass,,18.615832789359594,54.35496739568316
,,grass,,18.616333240104783,54.35537245397744
,park,,,18.60987916191775,54.350384188792326
,,meadow,,18.534244758878344,54.30000324987114
,,greenfield,grassland,18.5936259714348,54.32508523086237
,,,grassland,18.59469500333262,54.324626883580805
,,,grassland,18.536764313315,54.40966303510502
,,,wood,18.534842163516796,54.410103335393785
,,,grassland,18.5381615894657,54.41013258093419
,,grass,,18.538985641072163,54.40934112777486
,,grass,,18.537117091778345,54.41004663842088
,,grass,,18.562057064001458,54.33969416330351
,,grass,,18.561391442815246,54.34054496208907
,,grass,,18.561604382683008,54.34041113309739
,,grass,,18.56200852661607,54.34023204953783
,,grass,,18.56255634072126,54.340072505643676
,,grass,,18.56285572834702,54.33998872740241
,,grass,,18.563305183149573,54.33986823155469
,,grass,,18.563139478225594,54.33982837963019
,,grass,,18.563542721913247,54.33973072598253
,,grass,,18.56298065,54.3398676
,,grass,,18.56277455,54.339923049999996
,,grass,,18.56257639985038,54.339978904333776
,,grass,,18.563957565494384,54.339258575228634
,,grass,,18.56391573413883,54.33969357857944
,,grass,,18.564584370877512,54.339493414358515
,,grass,,18.56505220466511,54.33933439712428
,,grass,,18.564692553922367,54.33910497101255
,,grass,,18.564382062927557,54.33889688574386
,,grass,,18.56413624838702,54.33886975688269
,,grass,,18.56472689958275,54.33890788367115
,,grass,,18.565440870478454,54.338589760281
,,grass,,18.567199934603607,54.338170751595335
,,grass,,18.566635419121933,54.33859116407941
,,grass,,18.567074308819162,54.3384798811047
,,grass,,18.56715292072672,54.33856664038616
,,grass,,18.567117435147356,54.3388013310091
,,grass,,18.567368280321272,54.3388228199108
,,grass,,18.566919940769086,54.33897017157707
,,grass,,18.56679308143079,54.33880835843411
,,grass,,18.567316037593923,54.33909988951133
,,grass,,18.567046757363972,54.33913744041705
,,grass,,18.566522082865568,54.33896350235604
,,grass,,18.565820223845883,54.33904228274468
,,grass,,18.565474680122602,54.33929242813339
,,grass,,18.565506144350884,54.33949986219932
,,grass,,18.56508771294459,54.3396128232893
,,grass,,18.565004427131196,54.3395509783763
,,grass,,18.563963056280855,54.33983605027474
,,grass,,18.56476529007306,54.339817424653866
,,grass,,18.564897516734945,54.34005062008245
,,grass,,18.564576013235325,54.34007126697103
,,grass,,18.564141393847965,54.34045401326421
,,grass,,18.564247729486972,54.34017377435942
,,grass,,18.564645016985956,54.340284684602075
,,grass,,18.564532138790412,54.340431477267025
,,grass,,18.5647392417926,54.340376990818534
,,grass,,18.56553073006004,54.34052973616265
,,grass,,18.565161259107306,54.34046930267758
,,grass,,18.56475881471427,54.34056513870932
,,grass,,18.565799791030123,54.340666809846745
,,grass,,18.565150960421548,54.34068252700417
,,grass,,18.564027457696593,54.340612702731285
,,grass,,18.565040112904725,54.340867245061936
,,grass,,18.564039985725948,54.340728206664345
,,grass,,18.563132058803337,54.340699976664006
,,grass,,18.56299413369574,54.34097897604109
,,grass,,18.562926723900866,54.341198529004934
,,grass,,18.56327546442976,54.34098964074815
,,grass,,18.562002311708866,54.34089620739443
,,grass,,18.561628974708274,54.340680425994655
,,grass,,18.562214204138318,54.340527217067134
,,grass,,18.563393147987032,54.34011585973683
,,grass,,18.56350819443801,54.34054619344751
,,grass,,18.563902852599398,54.3403872361897
,,grass,,18.56373571814789,54.34115638984392
,,grass,,18.565269447558062,54.341105382865564
,,grass,,18.565805188233306,54.340848505883436
,,grass,,18.563479771493142,54.34135595935502
,,grass,,18.563699161157587,54.34133194418654
,,grass,,18.563913754339367,54.34132423540699
,,grass,,18.5641317363874,54.341323991388066
,,grass,,18.564347617059195,54.34132257936277
,,grass,,18.56457633990869,54.341327134864734
,,grass,,18.565843519128453,54.34128157740122
,,grass,,18.56548487219037,54.341317785382444
,,grass,,18.565042703174026,54.34131734929566
,,grass,,18.565269267432683,54.341318361698605
,,grass,,18.562669240693456,54.34133024259831
,,grass,,18.563096110501355,54.34156398845107
,,grass,,18.563224657144783,54.341709565842905
,,grass,,18.563004340129943,54.341845515760554
,,grass,,18.56312064070068,54.34208705024742
,,grass,,18.562686801319018,54.342245263493474
,,grass,,18.56249315553078,54.34245186058466
,,grass,,18.562661919773035,54.342558208171575
,,grass,,18.562911506119033,54.342477238835734
,,grass,,18.56273792840088,54.3426724320709
,,grass,,18.562631692727713,54.34278921495052
,,grass,,18.563177882699268,54.342626093566274
,,grass,,18.56343106835662,54.34221202093723
,,grass,,18.563539815360762,54.34240570907608
,,grass,,18.563602314435148,54.3425397470964
,,grass,,18.563671300878685,54.342691285540816
,,grass,,18.563610170038103,54.34292944832636
,,grass,,18.563266055707757,54.343021431960665
,,grass,,18.562841207250255,54.34309137729209
,,grass,,18.562467334983104,54.34312449773812
,,grass,,18.562240342179297,54.342943712109324
,,grass,,18.562178948851066,54.34280725808803
,,grass,,18.562211366467146,54.34243967844149
,,grass,,18.561656907246235,54.3429512959238
,,grass,,18.561696479036584,54.34274710257801
,,grass,,18.561932187738677,54.342250917481216
,,grass,,18.56218209882814,54.34203003079418
,,grass,,18.563638547777597,54.341759510623646
,,grass,,18.564007039144272,54.34193367848221
,,grass,,18.564275769051754,54.341681545146024
,,grass,,18.56472941517026,54.341992417257565
,,grass,,18.56546126941356,54.341697527822454
,,grass,,18.565244220202647,54.34182868844021
,,grass,,18.565490376311033,54.341825526954835
,,grass,,18.56536627607755,54.34210824283472
,,grass,,18.56584517049218,54.3421357512196
,,grass,,18.565961615558578,54.342419878347386
,,grass,,18.566552424111496,54.342910996043145
,,grass,,18.56647350699552,54.342842416487834
,,grass,,18.566630629029717,54.342934617205216
,,grass,,18.566912837036668,54.34284376602301
,,grass,,18.56594014143614,54.34307950576378
,,grass,,18.565013830417556,54.34274915246038
,,grass,,18.565116469437864,54.343198384245
,,grass,,18.564851688002555,54.343006141344425
,,grass,,18.565140696605766,54.34336508935249
,,grass,,18.565566132813057,54.34357338919212
,,grass,,18.565475310001627,54.34374181663171
,,grass,,18.56452801627633,54.343696935993044
,,grass,,18.564351515672907,54.3433026555913
,,grass,,18.563634591797456,54.34331471985587
,,grass,,18.56258530171292,54.3434116000137
,,grass,,18.5631778664412,54.3435867167007
,,grass,,18.563122644424404,54.34382646693026
,,grass,,18.563251513339114,54.34371051413364
,,grass,,18.56358869397255,54.34374051923702
,,grass,,18.564017261440622,54.34387850391476
,,grass,,18.56288248153359,54.344062671537735
,,grass,,18.6110963980213,54.36124544547105
,,,grassland,18.55860389844657,54.36996849376749
EkoPark UG,park,,,18.57510158158674,54.39535489292334
,,grass,,18.526125154953732,54.34977381356362
,,grass,,18.525649845243684,54.3495832913167
,,grass,,18.52578843112499,54.350184819987106
,garden,,,18.69023560810555,54.334849907689836
,,grass,,18.575611944517846,54.37796309546566
,,grass,,18.592945059203025,54.32557220048293
,,grass,,18.561490712491526,54.339961538681656
,,grass,,18.562077395196237,54.33989728269655
,,grass,,18.56208405754064,54.34009575989603
,,grass,,18.561789645152654,54.340208748790964
,,grass,,18.561451604458128,54.34027469724069
,,grass,,18.561153773281266,54.34014504368969
,,grass,,18.563094358834245,54.33949155912453
,,grass,,18.5632869050163,54.339437936620016
,,grass,,18.56348057529257,54.339374754183254
,,grass,,18.563640726790695,54.339329175349285
,,grass,,18.563764946459997,54.3396544312453
,,grass,,18.56395848497673,54.33958719258218
,,grass,,18.564158472901067,54.33952092260761
,,grass,,18.56436156491257,54.33945935848616
,,grass,,18.564585169379544,54.33939097122561
,,grass,,18.567850197052707,54.33837629973767
,,grass,,18.56771631991487,54.33837301283647
,,grass,,18.567723269963928,54.33880185854324
,,grass,,18.56355813413305,54.34355064492857
,pitch,,,18.595226699170844,54.32616164890378
,,grass,,18.59481449746593,54.32539990554122
,,grass,,18.61256287572856,54.338902971328714
,,grass,,18.613545831640348,54.33872538301238
,,,grassland,18.601147972371557,54.336606379282976
,,grass,,18.561812651510618,54.34384084013449
,,grass,,18.561531389487815,54.34392329886333
,,grass,,18.489331250420474,54.43050763928166
,,grass,,18.614613122680986,54.40203677881765
,,grass,,18.612695151446655,54.40145644587927
,,grass,,18.59361858891635,54.32879385556633
,,grass,,18.595577800367796,54.32921292275676
,,,grassland,18.596498862535768,54.32542474318035
,,grass,,18.598778613052687,54.328620849428304
,,grass,,18.601470815253847,54.3260504933076
,,grass,,18.598423678455987,54.32850772089954
,,animal_keeping,sand,18.573160614580928,54.4284071117876
,,animal_keeping,sand,18.57226702350158,54.4259604399842
,,animal_keeping,sand,18.572465599509798,54.42642402033278
,,grass,,18.592987007949873,54.327473696371115
,,grass,,18.65951227016139,54.35090904041997
,,grass,,18.594232325117,54.32774654618266
,,grass,,18.59284738013531,54.32646090402598
,,grass,,18.592422984671558,54.326865732996104
,,grass,,18.597504345990654,54.32770816417417
,,grass,,18.59558934709271,54.32724443965105
,,grass,,18.595755283903145,54.327315358583775
,,grass,,18.59591039204491,54.32738944414655
,,grass,,18.59630129108485,54.327202090368004
,,grass,,18.597462619600286,54.32714217695485
,,grass,,18.597117305856543,54.32732316749884
,,,wood,18.614121456545973,54.351747028090635
,,grass,,18.594073395654902,54.28201363970416
,,grass,,18.64460527285766,54.35403753264374
Ogród na Ołowiance,park,,,18.660328981525737,54.35311148199079
,,grass,,18.6611325228996,54.352872589775465
,,grass,,18.66058994600975,54.35274222281133
,,grass,,18.660366732671843,54.352769022629154
,,grass,,18.661258262731227,54.35313800854352
,,grass,,18.661075219688993,54.353221343812564
,,grass,,18.66291593472374,54.3545437686366
,,grass,,18.66333022119241,54.354592694186735
,,grass,,18.663984521318568,54.354756373025424
,,grass,,18.66377382964442,54.35464750874286
,,grass,,18.664309247311817,54.354913980706385
,park,,,18.632793473945735,54.32180171769671
,park,,,18.635064948726036,54.324650135012405
,,grass,,18.634032912930003,54.32460101287621
Park Schopenhauera,park,,,18.634268864049773,54.32650208983186
,,grass,,18.6352193503096,54.32811551766086
,park,,,18.586713815424876,54.34788635140445
,,,grassland,18.63232637629829,54.32944545489794
,,,grassland,18.629762993471257,54.33394636212694
,,,grassland,18.63354035012255,54.329139637424156
,,grass,,18.47721262569844,54.380961720834705
,,forest,,18.674649904747966,54.31892991349145
,,grass,,18.631938152015216,54.324595928492656
,,,grassland,18.63264088239148,54.32816057607363
,,grass,,18.64078963002361,54.32435443393177
,,grass,,18.632354648435292,54.322904648096035
,,,scrub,18.46058108242465,54.44837696895845
,,,grassland,18.55140720593801,54.31300363051143
,,grass,,18.55666992474013,54.308100882441465
,,,grassland,18.549995432742996,54.31332983323916
,,,grassland,18.555001942277336,54.30805479058046
,,grass,,18.557440486028625,54.30655671940503
,,grass,,18.59155524991053,54.33339903427601
,,,grassland,18.59493392529512,54.330805319290626
,,,wood,18.466263566853197,54.43059275879765
,,,,18.570741549999997,54.44465415
,,,,18.570551342754516,54.44478226955183
,,,wetland,18.470316806435125,54.43959414391397
,,,grassland,18.580717755070758,54.39589711803257
,,,grassland,18.446717838526816,54.41909417828755
,,,grassland,18.457703354027466,54.415679977920696
,,,grassland,18.497889292451156,54.35311880731129
,,grass,,18.46612474107866,54.42449289349222
,,greenfield,grassland,18.466482555378082,54.42107871790068
,,greenfield,grassland,18.478384850884016,54.42328312596358
,,grass,,18.591463927125076,54.38157449308816
,,grass,,18.591032485613184,54.381762803918164
,,grass,,18.58999648798431,54.38121893094004
,,,water,18.55985885912422,54.37946013598198
,,,scrub,18.4945721909263,54.32250538264318
,,,grassland,18.569828427645607,54.41962723281484
,,grass,,18.647644056129526,54.35387602993249
,,grass,,18.648329501859816,54.35572179327624
,,grass,,18.648087075349963,54.35565577938033
,,grass,,18.64786025,54.35559310000001
,,grass,,18.647655939556902,54.35553760207031
,,grass,,18.605889129611537,54.394348390622454
,park,,,18.600017507433602,54.3897188431998
,,grass,,18.625677982010505,54.385640734628666
,,forest,,18.56803564205841,54.28119932162883
,,grass,,18.62916287086218,54.321777540677225
Zielony Staw,park,,,18.553018982017026,54.331554255849284
Park Leśny w Osowej,,,wood,18.465723375216243,54.42908978824508
,,,wood,18.48444613971646,54.42827750273614
,,greenfield,grassland,18.452780540641168,54.41998768889326
,,,wood,18.47930168488388,54.428059126796704
,,,grassland,18.48197533937208,54.42067533912335
,,,grassland,18.46192097094962,54.42418436012646
,,,grassland,18.48035016136191,54.43036048653868
,,,grassland,18.479027327385,54.43128344308427
,,grass,,18.478929089592256,54.42878650651268
,,,grassland,18.478492950958046,54.428018238402196
,,greenfield,grassland,18.47526658796444,54.42530130453958
,,,grassland,18.47661427307974,54.422029044707884
,,,grassland,18.47103331454043,54.41923806079378
,,,grassland,18.478778773409786,54.417050559394184
,,,grassland,18.47567920332149,54.4233745161215
,,,grassland,18.472410365165825,54.42574810667598
,,,grassland,18.47804909838502,54.42404878155156
,,grass,,18.482142751826256,54.42705159492267
,,,wood,18.48633468653929,54.43060079580498
,,,grassland,18.483953875381427,54.430687834496474
,,,grassland,18.480806802318703,54.43157601065493
,,,grassland,18.461057945935426,54.430020403648555
,,,wood,18.47060680323507,54.43329314126262
,,,grassland,18.45399847778602,54.42129407141598
,,,grassland,18.45872480316863,54.42680574746945
,,,grassland,18.44952587789363,54.418670282623395
,,,grassland,18.450084704895435,54.41850703397714
,,,grassland,18.4547904635134,54.41708197632334
,,,grassland,18.451572183967976,54.41533486489378
,,,grassland,18.45535226489163,54.415782389971895
,,,grassland,18.47813322100534,54.412229442488254
,,,grassland,18.470932339046534,54.41347060135179
,,,grassland,18.469704033810984,54.41520271783713
,,meadow,,18.457999311547553,54.43482989503782
,,grass,,18.4801473171473,54.41317659789486
,,,grassland,18.480112346826694,54.41264922839245
,,,grassland,18.460887446632352,54.434558029501126
,,,wood,18.461049154821453,54.43538096079643
,,,wood,18.463179061129907,54.437576907949676
,,,wood,18.461953757079797,54.43708107987393
,,,grassland,18.4617621151246,54.43739052224137
,,,wood,18.464466402570157,54.43645708734978
,,,grassland,18.460751246305037,54.43901091811934
,,,grassland,18.457285585552548,54.428159660168006
,,,wood,18.540168010446116,54.408462590209126
,,,wood,18.537503252343416,54.4080957052426
,,,grassland,18.537880302839202,54.40832774185701
,,,wood,18.539386311412024,54.40774576022894
,,,grassland,18.54462375841471,54.40987138045343
,,greenfield,grassland,18.46855785351093,54.42958349249021
,,,grassland,18.4862121065716,54.418586268241256
,,,grassland,18.47636915,54.42461620000001
,,grass,,18.47825167395686,54.424383618830575
,,,grassland,18.481615533890153,54.4138368977172
,,,grassland,18.483612604512032,54.414085388240075
,,,grassland,18.48455984723237,54.41400534354621
,,,grassland,18.485841619589692,54.413720864244844
,,grass,,18.594847083530155,54.40977401597968
,,,wood,18.590846395656666,54.39425742173651
,,grass,,18.58862808179426,54.39624588421169
,,,wood,18.567661360773176,54.4122887835382
,,,wood,18.561988404917262,54.413441595520624
,,,wood,18.60124939707425,54.32505555113539
,,grass,,18.646897388292423,54.35058420529497
,,grass,,18.649108267597875,54.35442866379562
,,grass,,18.457146751507576,54.38033320658011
,,grass,,18.59498781953314,54.398109743009414
,,grass,,18.594453378974613,54.39823336532954
,,grass,,18.596154312707974,54.39722629478632
,,grass,,18.59313810501299,54.39905923907692
,,grass,,18.593109460451966,54.39891548839847
,,grass,,18.59310333112329,54.39883967418697
,,grass,,18.595505607644665,54.398131292375396
,,industrial,grassland,18.403260619757813,54.394237244050764
,,grass,,18.598317782754915,54.395605736768935
,,grass,,18.598131617166384,54.389821963789345
,,grass,,18.646808115653418,54.390545855207826
,,grass,,18.64417217755744,54.391266643273966
,,grass,,18.641750309855876,54.39277635402738
,,grass,,18.64284616346476,54.3921706487202
,,grass,,18.64085133348947,54.39188824438855
,,grass,,18.647280684325032,54.38863655264431
,,,grassland,18.58776254165393,54.32654712205919
,,,wood,18.579795783297236,54.323762454968424
,,,grassland,18.416675764384756,54.402015003870865
,park,,,18.618806091244366,54.378711510982434
,,grass,,18.478174942904488,54.38039843393506
,,grass,,18.479099753168004,54.38052262780709
,,grass,,18.47786463175511,54.380637818978364
,,grass,,18.51133879519706,54.35235183180158
,,grass,,18.511656696409542,54.35169539235835
,,grass,,18.511358526588317,54.351507761709364
,,grass,,18.511342299999995,54.35191664999999
,,,wood,18.57223361203907,54.3251011656293
,,,wood,18.569603387659555,54.329358171949025
,,grass,,18.569753670231822,54.350166471939296
,,grass,,18.57064645,54.3499979
,,grass,,18.570179027721114,54.349211404625095
,,grass,,18.56909124655821,54.349390925814795
,,grass,,18.569331626063153,54.3492342260237
,,grass,,18.578227830671352,54.35997033362616
,,grass,,18.578517226581276,54.359769062777026
,,grass,,18.578640801941138,54.35964310895614
,,grass,,18.553225953151777,54.34919079349847
,,grass,,18.554102309171427,54.34893341964263
,,grass,,18.644901469453274,54.3494628528308
,,grass,,18.644510320637636,54.34887781570181
,,,wood,18.628357924990084,54.36001489223062
,,forest,,18.408702676038693,54.36582484971605
,,grass,,18.64014054532681,54.35630133323991
,,grass,,18.63991005,54.356020150000006
,,grass,,18.64607443197704,54.357640284730856
,,grass,,18.645768755880834,54.35828257170658
,,grass,,18.646776001516425,54.3579482634482
,,grass,,18.646612959399313,54.358029636830274
,,grass,,18.646079373932032,54.35232108786888
,,grass,,18.40582034357108,54.4096270671789
,,grass,,18.626212726486347,54.358592022309736
,,grass,,18.62573931813566,54.358743411385326
,,,wood,18.713068164833704,54.36198595553133
,,,grassland,18.594457202409444,54.30083581274553
,,,grassland,18.473617546601265,54.41031631188076
,,,grassland,18.469117725954412,54.409608987539485
,,,wood,18.599815230452688,54.30323078734533
Skwer przy ul. Drzymały,park,,,18.566928826395422,54.407261174653186
,,grass,,18.662610492159292,54.35454859071988
,,forest,,18.410079949597378,54.40029915571563
,,forest,,18.409175672114774,54.40207912480876
,,forest,,18.407394011323966,54.40285615353445
,,meadow,,18.41380866598049,54.412717512411085
,,,wood,18.41336459964014,54.41229289828371
,,meadow,,18.413056419294026,54.41262610439889
,,grass,,18.57690273839459,54.35966413791607
,,meadow,,18.46619896238077,54.40442106676398
,,grass,,18.6224752887881,54.360513959171016
,,grass,,18.40873225307174,54.39205804400007
,,grass,,18.675411293023927,54.34627621021095
,,grass,,18.6397788084468,54.36094059872761
,,grass,,18.60089730327389,54.33912067646457
,,grass,,18.600824262387047,54.33870495805228
,,grass,,18.599904707806147,54.337810262500305
,,grass,,18.405595895290837,54.38832769076077
,,grass,,18.63456471823151,54.36534217639575
,park,,,18.633367066571342,54.35915671958841
,,grass,,18.633420570540434,54.351093751575874
,,grass,,18.61005960768697,54.37510933978745
,,grass,,18.609835077835132,54.37517966134247
,,grass,,18.609541049965106,54.37506972969638
,,,,18.67937778254476,54.39639940876065
,,,,18.679322773988538,54.39633872812979
,,,,18.678991,54.396250550000005
,,,,18.67852011501059,54.395578900278025
,,,,18.678454781181678,54.39559167138506
,,,,18.678564870355284,54.395330911637096
,,,,18.678618028386758,54.39539300121265
,,,,18.679927054109793,54.395215370350414
,,,,18.679559691792754,54.3951188830927
,,,,18.679139287760833,54.395846372586526
,,,grassland,18.6788652110823,54.394306508385924
,,,wood,18.680788010476856,54.39512246930709
,,,wood,18.677797030359297,54.39431476180677
,,,wood,18.68023258345898,54.396877028737926
,,,grassland,18.68041421647348,54.39643545008856
,,,grassland,18.681237149550572,54.39607790003124
,,,grassland,18.67969017884617,54.39671628310295
,,,grassland,18.570570058947148,54.427960713372116
,,,wood,18.57103800694616,54.42591382651705
,,,wood,18.57023774521706,54.4259608220865
,,,wood,18.574407829553532,54.42664746079229
,,,wood,18.573739715361416,54.42606146678514
,,,wood,18.57241518887649,54.4283354000765
,,,wood,18.56820692090632,54.43089070673683
,,,wood,18.57350713755566,54.42922259023546
"Zbiornik retencyjny ""Świętokrzyska I"" - część sucha",,grass,water,18.56634933011265,54.32239738043894
,,,wood,18.674759441244813,54.379711592865554
,,grass,,18.608766246595422,54.40948064239593
,,,grassland,18.606177261740523,54.41132008423604
,,grass,,18.560162384035515,54.340445978826516
,,grass,,18.662577362806807,54.345672962682855
,,grass,,18.663140294507706,54.346032736658465
,,grass,,18.66414921641859,54.34514353515121
Majdan,,grass,,18.639421658852413,54.356384407337515
,,,grassland,18.58107676068664,54.42786285413825
,,grass,,18.659679715658186,54.352854789654465
,,grass,,18.67133156211732,54.3542388020154
,garden,,,18.671923627765143,54.35436826165007
,,,wood,18.618850056755935,54.33177657356688
,,,grassland,18.61866351710839,54.33040933939313
Park Diany,park,recreation_ground,,18.474375964696378,54.421619836047405
,,grass,,18.64338748191786,54.35058632581387
,,,grassland,18.6545050661038,54.33842364585773
,park,,,18.600844840025037,54.388032468624196
,,grass,,18.57157634287938,54.41963079258454
,,grass,,18.57244955615298,54.42055307450326
,,grass,,18.5715686781026,54.42031419166047
,,grass,,18.56992538892799,54.42067822839341
,,grass,,18.626688599954438,54.36613796971974
,,grass,,18.46410446727766,54.383542464584885
,,grass,,18.468268389991202,54.38281242727945
,,grass,,18.470848498011357,54.38228782891042
,,grass,,18.470617778753237,54.38176793631389
,,grass,,18.47031974067856,54.383000691044984
,garden,,,18.463292073474467,54.383108434561635
,,grass,,18.462096880805714,54.38354682463391
,,grass,,18.472543167367018,54.420492322354356
,park,,,18.676511580228038,54.346670663953965
,,,wood,18.570488232391213,54.4469351499906
,,,wood,18.572596268263457,54.444096646676066
,,,wood,18.57185424838471,54.44490051313127
,park,,,18.60886636610222,54.38131491194288
,,grass,,18.607484038335837,54.37795052204857
,,grass,,18.60813682388567,54.37801560155676
,,grass,,18.609712078267773,54.39664738767709
,,grass,,18.607825668435517,54.37585878504172
,,grass,,18.607466682983297,54.375982075660886
,,grass,,18.61481363682926,54.29912977020559
,,,wood,18.622649940488497,54.294669230368626
,,greenfield,wood,18.621594359979166,54.295224459863576
,,,wood,18.62024414212977,54.29529246936665
,,,wood,18.612230371950833,54.297592418641266
,,,wood,18.616397036316243,54.29708629046295
,,,wood,18.61502340005662,54.29546292954065
,,residential,,18.559348421607066,54.42552854993585
,,,grassland,18.456870429776018,54.40656436430384
,,grass,,18.49148938683151,54.3650690460847
,,,grassland,18.4913107216252,54.363868431697604
,,grass,,18.51199782877715,54.350239805127494
,,grass,,18.512723317244003,54.3510725200609
,,grass,,18.587437269717675,54.30399896469939
,,grass,,18.51377111197338,54.34972607887476
,,grass,,18.508705673332962,54.350283557406094
,,grass,,18.510697696657076,54.34953231401356
,,grass,,18.511413411293386,54.350440922871385
,,grass,,18.512278305950783,54.35103055901263
,,grass,,18.513241097673692,54.35104065148294
,,grass,,18.512478731082684,54.350503923742345
,,,wood,18.502626304603098,54.35624830891812
,,grass,,18.483104075172673,54.35677641204284
,,grass,,18.486742591501308,54.355997177191746
,,grass,,18.483233611771997,54.356491786750404
,,grass,,18.483443094068768,54.35640455386534
,,grass,,18.483459382208583,54.35617989431378
,,grass,,18.483467919355974,54.35580772127018
,,grass,,18.487268858408957,54.35650482391499
,,grass,,18.48397124964334,54.356424397003565
,,grass,,18.484785292168496,54.35728939433502
,,grass,,18.58658241546357,54.33659220025146
,,grass,,18.58758812635717,54.33684453050568
,,,wood,18.606278548942495,54.41339715840787
,garden,,,18.56529596263662,54.39668266704555
,,grass,,18.56659252210624,54.39460895201365
,,,water,18.56124785579853,54.395920802933745
,,,water,18.560393975179924,54.39561380583639
,,,wood,18.584324288607803,54.41808044232545
,,,grassland,18.432966364640098,54.371957832853056
,,grass,,18.444881760091366,54.36542190059841
,,grass,,18.58505034006095,54.37891194870785
,,grass,,18.5852041878697,54.37915860596703
,,grass,,18.58566136385195,54.378995017638566
,,grass,,18.58558287194285,54.378811028340245
,,grass,,18.58464218465406,54.37907114921781
,,grass,,18.58397155352722,54.37877193602642
,,grass,,18.58456974925661,54.3786603053539
,,grass,,18.584463242185628,54.37881541997868
,,grass,,18.583956137631308,54.37863454437349
,,grass,,18.58388064714474,54.37907648816157
,,grass,,18.583975328985602,54.37897277182496
,,grass,,18.585751006693005,54.37928800997542
,garden,,,18.57697370230033,54.42502222967176
Park Dragana,park,,,18.61142782429331,54.34008654413523
,,grass,,18.63231506796674,54.36577537163494
,,grass,,18.621191740199077,54.37182398036324
,,grass,,18.620480443630772,54.37162128026245
,,grass,,18.6207271468568,54.37153519029875
,,grass,,18.620693985660097,54.37141247914348
,,grass,,18.621055212581936,54.37168623148074
,,grass,,18.621028838895725,54.37154189145795
,,grass,,18.62139314466315,54.37147752716477
,,grass,,18.621601832207137,54.37158638747992
,,grass,,18.621698468098987,54.371614057363594
,,grass,,18.62144678923954,54.37169911730479
,,grass,,18.54359541785057,54.36781776962969
,,,wood,18.39973589624411,54.40026839296265
,,,grassland,18.400679109773726,54.40005098172467
,,,grassland,18.40102788023869,54.39869047939573
,,,grassland,18.40307911041882,54.39856343203084
,,,wood,18.403597492590208,54.39779542239571
,,,wood,18.40282542193222,54.39940514345366
,,grass,,18.629788933428085,54.366228401967845
,,meadow,,18.441267977689684,54.391475818448114
,,,wood,18.436621694320767,54.39422042416305
,,,water,18.437428557240995,54.39310045025401
,,meadow,,18.438605756148984,54.39115528547502
,,meadow,,18.439791037089478,54.39194999381843
,,meadow,,18.439167122001024,54.39057605735235
,,grass,,18.749377497482325,54.3151996570772
,garden,,,18.645532360111808,54.36373865866263
Stawa dolna,,industrial,,18.640203132398877,54.408637234143626
,,grass,,18.48238902613721,54.35282276685648
,,grass,,18.48524689941079,54.35469057383015
,,grass,,18.6174312968028,54.34128170783869
,,grass,,18.617444044445175,54.34111687153738
,,,grassland,18.413866718632306,54.411734273389506
,,grass,,18.6610285101284,54.35643548562577
,,grass,,18.661247257796774,54.35614013259035
,,grass,,18.661394995760293,54.35594177027697
,,grass,,18.661473844921076,54.35582984994862
,,grass,,18.660444727863396,54.35692546229102
,,grass,,18.661780303354853,54.35546174378113
,,grass,,18.661670466741338,54.35524296366991
,,grass,,18.661435953088457,54.35710643856778
,,,wood,18.537640115462292,54.34404780093401
,,,grassland,18.442603027281052,54.41901319711505
,,grass,,18.64437000031537,54.39238848613578
,,grass,,18.644681361451447,54.392540295093326
,,grass,,18.64517700962048,54.39232324085063
,,grass,,18.645369489177384,54.39213657538356
,,grass,,18.568072092779357,54.327221725441625
,,grass,,18.568231175286783,54.326652255269785
Ogrody Doraco,park,,,18.562841095314944,54.41251533500702
,,,wood,18.564471938216336,54.411389755538856
Placyk rekreacyjny im. Jacka Malczewskiego,park,,,18.61612334415192,54.34787118024802
,,grass,,18.664170444376705,54.400330774888445
,,grass,,18.649262571514395,54.36068839536811
,,grass,,18.55065113958829,54.34905933504485
,,grass,,18.547268339191152,54.3468341006778
,,grass,,18.641908617551405,54.34877886799187
,,grass,,18.641805055648433,54.34992857928857
,,grass,,18.64201259422428,54.34980180977436
,,grass,,18.642218255978086,54.34786747318617
,,grass,,18.64211803752503,54.35059073783647
Park Okazała Strzyża,park,,,18.58112204756553,54.390072277655364
,,grass,,18.747574759821397,54.318435173195994
,,grass,,18.654767405360968,54.34439871886921
,,grass,,18.695617767089477,54.34271055761467
,,grass,,18.699740545449078,54.34330195261019
,,grass,,18.658949442257242,54.34482016459143
,,grass,,18.658613879735736,54.34427380809185
,,,wood,18.621036844672886,54.30899656047689
,,meadow,,18.62716127382945,54.306516144419135
,,,wood,18.5909459655078,54.31323753838591
,,grass,,18.650743717523078,54.356239687614504
,,grass,,18.651470496686454,54.35644924766453
,park,,,18.626493211205414,54.37994162292886
,,grass,,18.587433510871623,54.40513911694058
,,grass,,18.56682797576456,54.417853818998815
,,grass,,18.580665339003502,54.401807016307274
,,grass,,18.580923660344787,54.40168341969591
,garden,,,18.580958715658845,54.40146227004457
,,,wood,18.694322079899496,54.38297322030298
,,,wood,18.691869646435922,54.38329664303093
,,grass,,18.579316767080453,54.40069443949079
,,grass,,18.57941675620475,54.400551529825805
,,grass,,18.580837719436147,54.402007341538074
,,grass,,18.63866455190301,54.40724902529964
,,forest,,18.429177313689824,54.41924634162467
,,,grassland,18.621289065239505,54.35046679781869
,,grass,,18.417614588445282,54.4336015458367
,,grass,,18.593939050846103,54.417659600214016
,,grass,,18.59428592478858,54.41773463986625
,,grass,,18.594447665524633,54.4175600536784
,,grass,,18.660301703062878,54.352193397288445
,,grass,,18.660419989582845,54.3523558209162
,,grass,,18.586842794156233,54.358104425315375
,,grass,,18.58211821568008,54.399863569627335
,,grass,,18.576840761389484,54.40179082158024
,,grass,,18.40068998760097,54.40720796997201
,,grass,,18.576587941019458,54.4010629611673
,,grass,,18.57734794488558,54.400304856691896
,,grass,,18.681933392885025,54.34884541470666
,,grass,,18.682715118655842,54.3481910530749
,,grass,,18.681917285105353,54.348543976915465
,,grass,,18.682145049072755,54.3487054018302
,,grass,,18.67973238854072,54.34898037279182
,,grass,,18.679510014271965,54.34885043350736
,,grass,,18.67973563584039,54.3488208153637
,,grass,,18.680436259625726,54.34882822773294
,,grass,,18.682007776935816,54.34812078715436
,,grass,,18.683568256370464,54.34802028347528
,,grass,,18.682418853435934,54.34819970959197
,,grass,,18.57852241280604,54.4234601312464
,,grass,,18.681596505588335,54.349524120859726
,,grass,,18.68165208778404,54.3492620928378
,,grass,,18.681350127287516,54.34850094970746
,,grass,,18.668400461660564,54.345527439840716
,,grass,,18.71153195692829,54.35050995782078
,,,wood,18.637828644775198,54.33951689743234
,park,,,18.611228669397683,54.384357524725054
,garden,,,18.61219654217334,54.3847251198711
,garden,,,18.61206669651814,54.38483138430395
,,grass,,18.60897494182011,54.38538156912583
,,grass,,18.608561139213904,54.38596883313982
,,grass,,18.449557532641563,54.373593477230784
Park Ferberów,,,wood,18.627409650023715,54.30254225948807
,,forest,,18.43326722585682,54.415400184435356
,,,scrub,18.49117581677368,54.33112251656728
,,,wetland,18.504583863920864,54.32764471348724
,,,water,18.50724258481441,54.32751015814191
,,plant_nursery,,18.50399700779572,54.329637555288016
,,,grassland,18.442599557557696,54.41819978684894
,,,wood,18.44179121444196,54.41662331521962
,,forest,,18.43766241777913,54.41620047097923
,,,grassland,18.437955590350654,54.41496364011257
,,forest,,18.439607947362504,54.416545085413944
,,,grassland,18.466740290480818,54.338510743315915
,,,wetland,18.478129851284034,54.33693552046735
,,,wetland,18.479355140566806,54.33745933526302
,,plant_nursery,,18.47077042841837,54.329713389413335
,,,grassland,18.472198920679446,54.32765654253062
,,,grassland,18.43840391162709,54.420864472624295
,,,grassland,18.440042739040962,54.420800778008726
,,,wood,18.439978753711372,54.4210590509944
,,,grassland,18.440589163390907,54.41355926171595
,,,wood,18.441950734179326,54.41567208855274
,,,wood,18.439683587072434,54.413868193604564
,,,grassland,18.440488262401967,54.414889448471314
,,forest,,18.437815633786105,54.41543170702128
,,,grassland,18.437318175969228,54.41548783564672
,,,grassland,18.440406167693844,54.42062320649706
,,,grassland,18.441039001400334,54.42032089742875
,,forest,,18.438187575601066,54.4239031442386
,,,grassland,18.440444393346038,54.42247821803648
,,,wood,18.44001080467125,54.42214608519146
,,,grassland,18.435268371846522,54.42443571256596
,garden,,,18.439806398193667,54.41892732899555
,,forest,,18.586068476194452,54.28023029887809
,,grass,,18.439141332697893,54.41961694095456
,,,grassland,18.44425317046051,54.42124229360881
,,grass,,18.442618176122355,54.42043442956565
,garden,,,18.441517534009282,54.41925395693489
,garden,,,18.441924348840878,54.419405345997596
,garden,,,18.441880005761725,54.41957351120572
,,,wood,18.439941690436353,54.41978654223719
,,forest,,18.43540693856025,54.420152069386766
,,,grassland,18.43501162979746,54.419956902809915
,,forest,,18.43293700374667,54.41627515401415
,,forest,,18.43194678742337,54.417012443263594
,,forest,,18.434112026361024,54.41672009539232
,garden,,,18.43297522270244,54.419307815930864
,,forest,,18.41810488283864,54.41032342213601
,,,grassland,18.419339046875987,54.40554272617
,,,grassland,18.428775804597976,54.40625084883848
,,,wood,18.425218126443244,54.4264828987583
,,forest,,18.414917951906453,54.42384363831432
,,grass,,18.41722852629377,54.42193175455556
,,grass,,18.416896704527108,54.422499267155956
,,,wood,18.41924391370618,54.424005590673346
,,grass,,18.431536445228918,54.406229530279234
,,,grassland,18.436259636244532,54.41339033611522
,,grass,,18.436786166221527,54.40947089580823
,,,grassland,18.434747885715797,54.40514805195218
,,,wood,18.45598042148974,54.40043281304269
,,,grassland,18.431237425052053,54.423830387600454
,,,grassland,18.635248032792152,54.287768890149366
,,,water,18.597713119227485,54.300025495665594
,,,wood,18.587895741706333,54.299933783619814
,,,wood,18.587808859165527,54.29952296608615
,,,wetland,18.554651120361445,54.42668321390227
,,,grassland,18.44161114808309,54.41450597866996
,,,grassland,18.443582686330984,54.41386140796926
,,,grassland,18.44163718526839,54.41367629292266
,,grass,,18.428871245098144,54.42502893665792
,,grass,,18.4255144515396,54.423189208788784
,,,wood,18.428757420806495,54.429124092407996
,,,wood,18.430092538062627,54.427735268475764
,,grass,,18.427739253844486,54.428556181749066
,,,wood,18.42714962358765,54.42900943488637
,,,grassland,18.444260435227385,54.414920985203906
,,,grassland,18.44599276955126,54.41476794870682
,,,grassland,18.445551320284135,54.414378623201394
,,,water,18.60866886145706,54.305112646128116
,,,water,18.60899096850086,54.30529867318389
,,,wood,18.605150779899475,54.30741267974485
,,,wood,18.60999765401878,54.30867277611393
,,,wood,18.608627547452667,54.305956823353945
,,,wood,18.60498644744413,54.30411084896865
,,,wood,18.60772025245564,54.30209955757637
,,,grassland,18.60703311084268,54.303020515672614
,,grass,,18.56706658931123,54.4170343297274
,,greenfield,grassland,18.566648649961444,54.41456782813497
Park Opacka,park,,,18.55513670033452,54.41051213051054
,,,wood,18.45589854518297,54.43212601500873
,,,grassland,18.454766677355238,54.431422525991515
,,,grassland,18.455004464811957,54.43121185807974
,,,wood,18.45498853573365,54.431505212559536
,,residential,,18.453338409255487,54.43153694414492
,,grass,,18.451677292654242,54.4338048756895
,,,grassland,18.45313845094633,54.434306779564075
,,forest,,18.45284491331212,54.433425175716444
,,,grassland,18.585571199497746,54.36596841524989
,,grass,,18.57211676748217,54.3764625785951
,,grass,,18.58073473630955,54.376804808351785
,,grass,,18.58306455873814,54.377779644808335
,,grass,,18.582839890564202,54.37793960051847
,,grass,,18.58231216854984,54.377314970040764
,,,grassland,18.58203189115097,54.3778698077871
,,,wood,18.57870862410774,54.37714092858726
,,grass,,18.579693987091716,54.37752916788808
,,grass,,18.58357141448964,54.378032456991704
,,grass,,18.58402881835034,54.37810065742187
,,,grassland,18.587357933426816,54.376384147823636
,,,wood,18.577137802765378,54.381192870600586
,,,wood,18.54911176650667,54.329453879668236
,park,,,18.66174803179414,54.34324508301233
,,grass,,18.662610902870085,54.34332336632964
,,grass,,18.662772452385507,54.34364544009172
,,grass,,18.66293544810355,54.343969257881994
,,grass,,18.66282235,54.34391204999999
,,grass,,18.66269503276704,54.343659257204884
,,grass,,18.662532929774283,54.34333582078598
,,grass,,18.66184183220409,54.34259256787151
,,grass,,18.661905495425895,54.34255823348047
,,grass,,18.66126858247958,54.34224373726824
,,grass,,18.66122922310914,54.34228621959196
,,grass,,18.660949761505915,54.342153133520526
,,grass,,18.661027837135922,54.34212887527199
,,grass,,18.660009400306002,54.341644722425364
,,grass,,18.659953785070904,54.34168099131025
,,grass,,18.65878244586534,54.341125913034794
,,grass,,18.658846584608604,54.341093788355465
,,grass,,18.657681123255035,54.34054246172638
,,grass,,18.657630845011145,54.3405816197248
,,grass,grassland,18.504980811091045,54.35015313568739
,,,grassland,18.508367221710785,54.349467302308355
,garden,grass,,18.510952867687873,54.35001715981811
,,grass,,18.517616815104446,54.34861623231922
,,grass,,18.5170974998656,54.34822671025808
,,grass,,18.516450952893635,54.35014772628687
,,grass,,18.517561741877007,54.3507975413923
,,grass,,18.517773597883988,54.3502150129772
,,grass,,18.52171364676891,54.348186095724806
,,grass,,18.520236790619464,54.34691138187411
,,grass,,18.52036199558659,54.34848718675608
,,grass,,18.52082537545214,54.34991041107988
,,grass,,18.523060289525922,54.349278678971764
,,grass,,18.52262016622656,54.35033813272832
,,grass,,18.519771308572892,54.351014560848526
Konwaliowe Wzgórze,nature_reserve,,,18.543064881563485,54.44112069846596
Kokoryczowe Zbocze,nature_reserve,,,18.562255363165885,54.445182772918095
,,forest,,18.545444033129794,54.29209601020515
,,grass,,18.600715758276863,54.40283559450447
,,grass,,18.58541699014357,54.333074964424256
,,grass,,18.60497597518146,54.32405891968165
,,grass,,18.605297182239823,54.32438687272929
,,grass,,18.605800193084725,54.32473271351078
,,grass,,18.605176483563575,54.32345536692683
,,grass,,18.604783527171634,54.32245898257124
,,grass,,18.60467866893455,54.32331999643923
,,grass,,18.6040122213027,54.32325749254229
,,grass,,18.604281809799915,54.323389049053624
,garden,,,18.559591516001127,54.339373878561716
,,grass,,18.559747636068195,54.33939593096723
,,grass,,18.547267019893773,54.34425029323497
,,grass,,18.55759569193145,54.338241454071216
,,grass,,18.628794905787203,54.32194353413816
,,,wood,18.605466252715537,54.33259069956938
,,,wood,18.57850997910988,54.43574791152528
,,greenfield,grassland,18.45187842183841,54.41485353610266
,,,wood,18.60373698988375,54.422440224767826
,,greenfield,grassland,18.7318964401682,54.371603664118055
,,,wood,18.733469297872546,54.37230105894205
,,grass,,18.61904005478487,54.372267859739765
,,grass,,18.58893847838133,54.40365725431281
,,grass,,18.59015917394476,54.40381683978638
,,grass,,18.57235944161548,54.41131253455143
,,grass,,18.57276087535214,54.41113565046016
,,grass,,18.534653734864552,54.35047308754333
,,grass,,18.63980694704751,54.34768552776537
,park,,,18.583495926495814,54.40911198596793
,,grass,,18.579267511966684,54.40918564454852
,,grass,,18.58409973787752,54.412555292320434
,,grass,,18.584490908296026,54.41289500838875
,,grass,,18.542692494822983,54.33355973747048
,garden,,,18.604985513900843,54.400013465398686
,,grass,,18.58118448268472,54.41291685077697
,,grass,,18.553997611814527,54.29489378960015
,,grass,,18.616719269685756,54.359388726598766
,garden,,,18.608722129155765,54.38013254423214
,,grass,,18.6183671,54.35903505
,,grass,,18.61640519231081,54.35966819227611
,,grass,,18.6026136,54.3823707
,,grass,,18.602774821794952,54.382352322398695
,,grass,,18.60267851718814,54.38230757871712
,,grass,,18.602704602270016,54.3822224885749
,,grass,,18.599102571654708,54.38303792322316
,,grass,,18.599004150000003,54.38295195
,,grass,,18.598935778404027,54.382585281816034
,,grass,,18.598958942736182,54.38265908144077
,,grass,,18.59886498937514,54.38250859596725
,,grass,,18.599764076850843,54.38203202425638
,,grass,,18.59846154944529,54.382173752621036
,,grass,,18.598399761222563,54.3822507854105
,,grass,,18.603757173146565,54.37980358730151
,,grass,,18.60401534503154,54.38028193104632
,,grass,,18.6046566568613,54.379572436292065
,,grass,,18.60454285,54.379624299999996
,,grass,,18.60442255,54.37967675
,,grass,,18.60429925,54.3797315
,,grass,,18.60399727330667,54.37986758559946
,,grass,,18.60424453680707,54.38007336343384
,,grass,,18.604061899999998,54.3804306
,,grass,,18.604245399999996,54.38035169999999
,,grass,,18.603525494355168,54.38010677459259
,,grass,,18.6020003028071,54.38064202318855
,,grass,,18.602485660158443,54.38035792858585
,,grass,,18.606665656607515,54.3805861873752
,,grass,,18.606829236561456,54.38054046075546
,,grass,,18.606859652012947,54.378428163669966
,,grass,,18.605762723185414,54.38098103244209
,,grass,,18.60592763874175,54.380802540735544
,,grass,,18.612078624668694,54.37914138481191
,,grass,,18.613944585358098,54.37617416058935
,,grass,,18.613452637134834,54.37630536762379
,,grass,,18.61232258007895,54.37664574680164
,,grass,,18.609473762939917,54.377617718406306
,,grass,,18.610168573174153,54.37737041737137
,,grass,,18.571944689853943,54.420735756794684
,garden,,,18.61591379260025,54.37750688552827
,,grass,,18.59551749479556,54.424265974581544
,,grass,,18.597858052509288,54.383144243739444
,,,,18.560388938593633,54.3948126051635
,,grass,,18.575163512040522,54.377522570167116
,,grass,,18.575434389972468,54.37663695297
,,grass,,18.577557494752007,54.37763948479161
,,grass,,18.573658718567003,54.37938285418439
,,grass,,18.574189020632556,54.38042307667791
,,grass,,18.572532979593266,54.378427934176244
,,,wood,18.573127516683158,54.37874910948911
,,grass,,18.578142301357943,54.37778527999425
,,grass,,18.577799480562504,54.37770137836542
,,,grassland,18.57059358710606,54.37822073153964
,,grass,,18.606982470052788,54.319404267647414
,,grass,,18.606351985435566,54.32256659141074
,,,scrub,18.606588160820824,54.32041900739341
,,,scrub,18.60658265144485,54.320879857053576
,,,grassland,18.484645565936106,54.411429036943815
,,forest,scrub,18.58466614716718,54.37707631948038
,,forest,scrub,18.58610061622407,54.376774738799256
,,grass,,18.58511652311949,54.37679922186008
,,grass,,18.58285317528178,54.3780873332498
,,grass,,18.584123290149343,54.37781768656242
,,,wood,18.579205583795535,54.378303674168585
,,,grassland,18.571586638191715,54.37263900921958
,,grass,,18.59784037615484,54.378756684161864
,,grass,,18.59913967420499,54.37858589748823
,,grass,,18.598335907414143,54.3786855070597
,,grass,,18.601021696606683,54.378362952882355
Skwer Bohaterskiego Mariupola,park,,,18.604133141186136,54.37783058806533
,,grass,shrubbery,18.605600473513704,54.37768952633833
,,grass,,18.6046870173557,54.37791568024189
,,grass,,18.605229893976233,54.377844795200694
,,grass,,18.605285486254765,54.377793180394825
,,grass,,18.64645969004262,54.35406875705011
,,grass,,18.646404238747778,54.3541552679013
,,grass,,18.646364890120182,54.35420787012154
,,grass,,18.646328108340967,54.354258951999824
,,grass,,18.58837160752895,54.380453197125696
,,grass,,18.588148846876138,54.38024479095227
,,grass,,18.586130333497483,54.3791007100515
,,grass,,18.584485164452325,54.378622348112906
,,grass,,18.585591465822255,54.37879297335356
,,grass,,18.58497156702693,54.37870058912214
,,grass,,18.58849181588007,54.37967321361097
,,grass,,18.588672850000002,54.379607650000004
,garden,,,18.588761869807726,54.379333636110935
,garden,,,18.58909103557327,54.37949880542386
,garden,,,18.589464148944195,54.37935994886384
,,grass,,18.589860438129886,54.379334967058725
,,grass,,18.610867892332,54.36148172530462
,,,wood,18.568073517247303,54.43845198715231
,,,grassland,18.609579539219137,54.3806176093
rondo im. Wiktorii Czerwionki,,grass,,18.47343576119562,54.425110374060374
rondo im. Maksymiliana Kiczki,,grass,,18.47362034601007,54.42583869731514
,,grass,,18.472778471524293,54.42512543007491
,park,,,18.421909169700385,54.44165811877909
,,meadow,scrub,18.63378553144554,54.289225666179675
,,grass,,18.634099772568398,54.28958960289263
,,,grassland,18.686868634594525,54.37523041589633
Skwer gen. Marka Bezruczki,park,,,18.5674723822177,54.40903778927447
,,,wood,18.506545176158053,54.2943864241913
,,grass,,18.591485710640697,54.40874273114249
,,grass,,18.592142645601005,54.40885800201183
,,grass,,18.592232893353817,54.40863914985832
,,grass,,18.5930519558371,54.40884948407462
,,grass,,18.593946094773244,54.408925110277956
,,grass,,18.594393304151744,54.40925623372499
,,grass,,18.586758348873783,54.415977356827
,,grass,,18.58699530765885,54.41601018680109
,,grass,,18.588004901271688,54.41218830797267
,,grass,,18.5881862564493,54.41221997089209
,,grass,,18.585913158420873,54.41590935509642
,,grass,,18.586670236031157,54.41624048038818
,,grass,,18.586928263750227,54.416270023697
,,grass,,18.586445249893682,54.41595804788173
,,grass,,18.587109120903634,54.415764564061355
,,grass,,18.586794273118535,54.41571797913817
,,grass,,18.587313349841725,54.41605216573137
,,grass,,18.587825446355286,54.41619963029028
,,grass,,18.58819385188225,54.412408331853655
,,grass,,18.58775155905245,54.41243695001339
,,grass,,18.587927903574364,54.412450795428
,,grass,,18.58780318672535,54.412054839952496
,,grass,,18.588000479676918,54.41204636226201
,,grass,,18.589095015256966,54.40886473427311
,,grass,,18.588708340223413,54.40886877557425
,,grass,,18.58959586599719,54.408485227661316
,,grass,,18.590050349770728,54.408428706882425
,,grass,,18.591031721918846,54.408361054315726
,,grass,,18.589328244317475,54.408299457739055
,,grass,,18.589182996452493,54.408554353301156
,,grass,,18.58888213175335,54.408492504890354
,,grass,,18.588381213005107,54.40895551752502
,,grass,,18.58840802239625,54.40887595090441
,,grass,,18.588244074667173,54.40888270045341
,,grass,,18.58851985974497,54.40856342993029
,,grass,,18.588959389837132,54.408149382214184
,,grass,,18.589309532054095,54.40816285237466
,,grass,,18.59095439018026,54.40416289583402
,,grass,,18.59132888958768,54.40422155017355
,,grass,,18.590786268088245,54.403821984448925
,,grass,,18.591862190503345,54.403939827714716
,,grass,,18.59248788582553,54.404039400997114
,,grass,,18.59124283155212,54.40353256391058
,,grass,,18.59161437021144,54.40357842600102
,,grass,,18.591148186039643,54.40383627207479
,,grass,,18.591446011376746,54.40390044575631
,,grass,,18.587448860089104,54.41234851690946
,,grass,,18.587504055459025,54.412021706228174
,,grass,,18.601879858919926,54.421591584922865
,,grass,,18.598064829094255,54.41339364098208
,,grass,,18.583614552188227,54.41986964774567
,,grass,,18.583862367396666,54.419953336124784
,,grass,,18.593263492431916,54.408581753744365
,,grass,,18.595007524354216,54.40900983251527
,,grass,,18.59620732013168,54.40906835478478
,,grass,,18.64765849886877,54.360103614035864
,,grass,,18.647726828485563,54.359910965001724
,,grass,,18.645751937193314,54.36120072095299
,,grass,,18.645569999762454,54.36148912076254
,,grass,,18.646065144424895,54.36162016820259
,,grass,,18.646254320259555,54.3614810042915
,,grass,,18.646170492955367,54.36145466597949
,,grass,,18.64542818395634,54.36193723441642
,,grass,,18.645711419924986,54.36171632785673
,,grass,,18.649843252499323,54.3580673735701
,,grass,,18.650280657011738,54.35783740220008
,garden,,,18.645855758869722,54.35463915960322
,garden,,,18.64583451232994,54.3544996449083
,garden,,,18.646036149967546,54.35539594964347
,,grass,,18.65248279458856,54.35684107195174
,,grass,,18.65278392433426,54.35693371816149
,,grass,,18.653009139192413,54.357025018948924
,,grass,,18.65346664565955,54.35719835150639
,,grass,,18.653262592418287,54.35712707907605
,,grass,,18.652704540558435,54.35830960289474
,,grass,,18.647768758678758,54.35515872367059
,,grass,,18.647729765131984,54.35525937221384
,,grass,,18.650043350000004,54.35442510000001
,,grass,,18.649791421795328,54.35467368306838
,,grass,,18.64998859894598,54.35687908450979
,,grass,,18.64983545033079,54.35701496332332
,,,wood,18.663883998188098,54.33719201407231
,,,wood,18.66227753378409,54.3373256825648
,,,wood,18.66399331528022,54.33627773595792
,,,wood,18.66366072133608,54.33646383108396
,,,wood,18.66644250600885,54.33783328088574
,,,wood,18.665848643346102,54.33841473740609
,,greenfield,grassland,18.667420593997434,54.338082617077596
,,grass,,18.40030629904657,54.395272672608094
,,grass,,18.400217861340955,54.39509683639176
,,meadow,,18.400604175103183,54.39549742745874
,,grass,,18.40015663690375,54.39602146713108
,,grass,,18.400037726200434,54.395443271035056
,,grass,,18.399447324812822,54.39514609335237
,,grass,,18.40002668365404,54.39513819421829
,,grass,,18.652682571341085,54.35548139155211
,,grass,,18.652787522897317,54.35453051631864
,,grass,,18.65304468358662,54.35471153889164
,,grass,,18.6528860384941,54.3547446521885
,,grass,,18.649456318143173,54.353207553821676
,,grass,,18.649484475779996,54.35293903993911
,,grass,,18.65019446607631,54.353273436364454
,,grass,,18.647770800361116,54.35333683050407
,,grass,,18.64771245959815,54.35318119720764
,,grass,,18.64815479181269,54.35318382500965
,,grass,,18.59923444148771,54.4096628315763
,,grass,,18.599170697105357,54.409769398424444
,,grass,,18.59930865939093,54.40979422206401
,,grass,,18.59973394661464,54.409802946021685
,,grass,,18.600371569653994,54.4098080010757
,,grass,,18.59942496890412,54.40990519958923
,,grass,,18.60136259176571,54.409978379130656
,,grass,,18.60139875700981,54.410168842003564
,,grass,,18.600950666873377,54.410084387049835
,,grass,,18.59817874748661,54.40961181406799
,,grass,,18.598609150164886,54.40938488508706
,,grass,,18.595651942438444,54.40886220513218
,,grass,,18.59514616222037,54.40877539758429
,,grass,,18.596570734569603,54.40900631900025
,,grass,,18.594683306873197,54.40892504169724
,,grass,,18.59448934254388,54.40893476869067
,,grass,,18.592878968493245,54.40862735986329
,,grass,,18.591085914652776,54.4085800233024
,,grass,,18.591187944395678,54.408534374300245
,,grass,,18.591474159221345,54.408476730529536
,,grass,,18.59025031877762,54.40863212783066
,,grass,,18.590094373915385,54.408213125831104
,,grass,,18.590716802757665,54.40822602805196
,,grass,,18.59074065689672,54.40815179768088
,,grass,,18.59143624141743,54.4082034797048
,,grass,,18.591431159884866,54.40826377637922
,,grass,,18.592136407417637,54.408294948000865
,,grass,,18.592208891432794,54.40823955018398
,,grass,,18.592210667908102,54.40818502965328
,,grass,,18.592530057813065,54.40826438067848
,,grass,,18.593414974441973,54.408473286272034
,,grass,,18.59253972065847,54.40819453988857
,,grass,,18.594875976757447,54.40872941420109
,,grass,,18.59661586120642,54.408934847385446
,,grass,,18.599484595900066,54.40953800261695
,,grass,,18.60069052838843,54.40975405733268
,,grass,,18.595043373013382,54.40933954965719
,,grass,,18.59491022388159,54.409625762316914
,,grass,,18.59456579136268,54.40974191389259
,,grass,,18.594777475518395,54.40992032744097
,,grass,,18.595067122338865,54.40985471999169
,,grass,,18.601315747294787,54.40979253540529
,,grass,,18.600735547718482,54.40968092082588
,,grass,,18.600118479515704,54.40956313607474
,,grass,,18.59946708207659,54.409459489762696
,,grass,,18.599463151945304,54.40936860670619
,,grass,,18.602247169773932,54.41002984944098
,,grass,,18.602368821831096,54.41017784541989
,,grass,,18.60267216091822,54.410275921172854
,,grass,,18.601984461037375,54.41026700078303
,,grass,,18.603947739392652,54.410508184375395
,,grass,,18.604347307621957,54.41059091054775
,,grass,,18.603352993342394,54.41037710585084
,,grass,,18.604235982933638,54.41080803664243
,,grass,,18.604689849462567,54.41096787256481
,,grass,,18.605077570433174,54.41064970959682
,,grass,,18.5938406172838,54.40961752654336
,,grass,,18.594387271867927,54.40972176278667
,,grass,,18.594009942988755,54.40965812455949
,,grass,,18.593692955007857,54.409371463476454
,,grass,,18.593786038801266,54.40924263129924
,,grass,,18.593445075678886,54.40979777603843
,,grass,,18.593388962763377,54.40990733141311
,,grass,,18.59336160580046,54.40995767866129
,,grass,,18.593307473598742,54.41006804332931
,,grass,,18.594493722027565,54.410004843956095
,,grass,,18.595083428434823,54.40972494362646
,,grass,,18.594736670305707,54.41000798063393
,,grass,,18.595209051221357,54.40989698092611
,,grass,,18.528351050589244,54.35168326241144
,park,,,18.62503449805393,54.40329923916936
,,,grassland,18.424076242140295,54.37617968481499
,garden,,,18.60452540541041,54.40017771909918
,,grass,,18.60305700406814,54.39656699730133
,,grass,,18.602963619255434,54.3961209296568
,,grass,,18.643143928046257,54.347701388775086
,,grass,,18.642912521585924,54.3477233643196
,,grass,,18.643040371442986,54.34789172428998
,,grass,,18.641531130333416,54.34819669902917
,,meadow,,18.40884050972548,54.34146573391233
,,grass,,18.648606727803127,54.35933750962139
,,grass,,18.647815274448728,54.3594055568003
,,grass,,18.64806620600587,54.35933037963696
,,grass,,18.648047500517517,54.35988948710211
,,grass,,18.64858039972086,54.35968571964572
,,grass,,18.648825097736964,54.35965932587713
,,grass,,18.631223621441073,54.37660829205699
,,grass,,18.631063215000847,54.376428993290375
,,grass,,18.631201789314957,54.376234606581896
,,grass,,18.63130614540133,54.37609976638195
,,grass,,18.631214376457777,54.37597850096894
,,grass,,18.63081161277581,54.37589724515257
,,grass,,18.631144337433224,54.37584572046923
,,grass,,18.63094015174869,54.37535128992439
,,grass,,18.6289882358725,54.3751264374714
,,grass,,18.629429268835455,54.37513072898338
,,grass,,18.629406730468894,54.374807153456935
,,grass,,18.629940351532756,54.37501631867574
,,grass,,18.63069424307583,54.37492123777236
,,grass,,18.63022744498682,54.375802895288686
,,grass,,18.630328574864343,54.37604169723111
,,grass,,18.62971061157643,54.376000151885336
,,grass,,18.630146126763293,54.376322638282396
,,grass,,18.630410089751024,54.37631939231985
,,grass,,18.629974913330347,54.375670156096156
,,grass,,18.629957976269367,54.37548688481338
,,grass,,18.629441626067468,54.37552352167824
,,grass,,18.62919639598643,54.37569322878344
,,grass,,18.630935335394582,54.374576982070934
,,grass,,18.63096008550982,54.37438134455918
,,grass,,18.630875975625656,54.37605542557475
,,grass,,18.63209776525555,54.37709710037695
,,grass,,18.631608502912226,54.37630153819628
,,grass,,18.631538594047342,54.376348321615794
,,grass,,18.631852713767913,54.37642721237382
,,grass,,18.63208479414916,54.37661854510475
,,,wood,18.70653119744263,54.382900648805894
,,,wood,18.703810867211967,54.38238893250943
,,,water,18.690764513929913,54.38585719722953
,,,wood,18.687688312877505,54.380492969113426
,,grass,,18.415125037839612,54.402083025798056
,,grass,,18.581967306325968,54.38471693162095
,,grass,,18.581830937081897,54.3846592974414
,,grass,,18.5827440031533,54.38414346351003
,,grass,,18.582662952771706,54.384341217019596
,,grass,,18.582632323578128,54.37906348192832
,,grass,,18.582829061654063,54.37896941166523
,,grass,,18.58233910929019,54.37989262157806
,,grass,,18.581283152425634,54.379554149835336
,,grass,,18.581313556520552,54.379411632673666
,,grass,,18.5804208379533,54.37914723615581
,,grass,,18.581503828853933,54.379206051558455
,,grass,,18.578992096867246,54.37899640092743
,,grass,,18.58396637158906,54.38033498589194
,,grass,,18.584386663366473,54.38039664421289
,,grass,,18.584555892637976,54.380621971135476
,,grass,,18.58542278111956,54.38084706079328
,,grass,,18.56919946975694,54.37533638902923
,,grass,,18.565890307418805,54.37303621266079
,,,wetland,18.519014895439682,54.29942681689345
,,grass,,18.59997650198572,54.410002033600776
,,grass,,18.60021793858472,54.41004396272651
,,grass,,18.600544931813317,54.41008865620379
,,grass,,18.600602935689402,54.41054574783393
,,grass,,18.600750919709554,54.410211439594136
,,grass,,18.60107604756099,54.41021145366764
,,grass,,18.601436700264603,54.41027457090915
,,grass,,18.601785616215142,54.410336329743444
,,grass,,18.602229471735853,54.4104147951192
,,grass,,18.602550373766025,54.41046936670063
,,grass,,18.59880707845787,54.410083173374424
,,grass,,18.598535239624074,54.40973015461776
,,grass,,18.59744571615931,54.40956281662715
,,grass,,18.59645408021034,54.409381883268175
,,grass,,18.59564485205904,54.409254875463645
,playground,,,18.590194004433958,54.31450337956777
,,grass,,18.594160503631077,54.39924544238987
,,grass,,18.59366471494599,54.39951779155412
,,grass,,18.593199121710505,54.399238194443384
,,grass,,18.592918424034423,54.399361529166505
,,grass,,18.592701306822484,54.399073248963546
,,grass,,18.592309893809308,54.39882379767118
,,grass,,18.59247316365772,54.39872274524359
,,grass,,18.59359662312109,54.39914326283702
,,grass,,18.596604525603404,54.39765086993411
,,grass,,18.599582078133086,54.39573579117414
,,grass,,18.59969195985021,54.39581610864492
,,grass,,18.608261329646407,54.38879047231553
,,grass,,18.608621857705085,54.38893972826166
,,grass,,18.60892713380798,54.389024870658886
,,grass,,18.609126422149526,54.389090106455505
,,grass,,18.607517888382016,54.39048781188418
,,grass,,18.607716983692345,54.39057712058192
,,grass,,18.60907989104935,54.38950170993333
,,grass,,18.608958391081394,54.389672090917614
,,grass,,18.60825885044172,54.389319120320195
,,grass,,18.60382034140475,54.39320166048252
,,grass,,18.603930466147734,54.39328718119006
,,,grassland,18.47891408110422,54.41572855405346
,,grass,,18.468729905167805,54.416630551217466
,,grass,,18.46963633261291,54.41657485521131
,,grass,,18.479914965600273,54.416222324814015
,,grass,,18.479369660331415,54.41630889066577
,,grass,,18.478888852989083,54.41623264562842
,,grass,,18.478279109603573,54.41624219570644
,,grass,,18.47715417788416,54.41629012240935
,,grass,,18.479644781797287,54.415815224601765
,,grass,,18.479436094978933,54.416002349819436
,,grass,,18.478994055920882,54.416098183429995
,,grass,,18.47735491318778,54.41617671754223
,,grass,,18.474775003502774,54.41628364805315
,,grass,,18.473922831809904,54.41644297350086
,,grass,,18.47184594409478,54.41637826528627
,,grass,,18.479635830665217,54.41615849974074
,park,,,18.62410109349804,54.4063758980175
,,,wood,18.619646448520772,54.407256855676245
,,,wetland,18.505225691942037,54.30290966482023
,,grass,,18.64982547865906,54.388611315066214
,,grass,,18.64940446303846,54.38876900731415
,,grass,,18.649869321535178,54.38884993871559
,,grass,,18.650657915162853,54.38853444413073
,,grass,,18.65132330987087,54.38808365104914
,,grass,,18.648804640440908,54.38822919718529
,,grass,,18.649080257366737,54.38795873175159
,,grass,,18.649278101807447,54.38762028141403
,,grass,,18.64944199539225,54.38749891698466
,,grass,,18.64977497426488,54.387316407600764
,,grass,,18.65056694242974,54.387319427022135
,,grass,,18.649668896734767,54.38794292873955
,,grass,,18.650214952721246,54.38764733976926
,,grass,,18.650289972086604,54.38830739701535
,,grass,,18.648731345678634,54.387585744579766
,,,grassland,18.650223881573915,54.389052590645775
,,grass,,18.650931751496824,54.388752513218634
,,,,18.496446431032744,54.32485194435965
,park,,,18.62789488316566,54.37982302289728
,,grass,,18.630186769370077,54.38014582437116
,,meadow,,18.589014011323037,54.28381774204659
,,grass,,18.60981753326936,54.40841079789863
,,grass,,18.609842097553894,54.40851003114558
,,grass,,18.61035763708568,54.40835958917965
,,grass,,18.610301295291787,54.408247383110144
,garden,,,18.610118857247794,54.40825045494116
,,grass,,18.610069706403603,54.407991529699885
,,grass,,18.61019630222322,54.408037449400204
,,grass,,18.60965583616997,54.40806704130542
,,grass,,18.607991723619293,54.406963299263495
,,grass,,18.608224909015387,54.40703568095742
,,grass,,18.608500146024685,54.40721193445062
,,grass,,18.60777264441974,54.407475213500305
,garden,,,18.609584633762655,54.40808271357971
,garden,,,18.609325305882177,54.40814386015036
,,grass,,18.609651469212896,54.40799683905041
,,grass,,18.60936332552585,54.40795401448958
,,grass,,18.611452342710443,54.408073242727106
,,grass,,18.60850995098504,54.40898344388099
Park Dworu II,park,,,18.55713540709111,54.40250194950697
,,,wood,18.582591802841936,54.33087129475494
,,forest,,18.562501904380596,54.39998585326123
,,,wood,18.503584551659852,54.37659079377778
Dawna żwirownia,,logging,,18.556690267525195,54.39915288228006
,,grass,,18.560113220646198,54.402757881427256
,,grass,,18.55957769326978,54.40281033207397
,,grass,,18.559559006217075,54.40303267354481
,,grass,,18.57431563584325,54.39790503638288
,,grass,,18.574283306679444,54.398238366220546
,,grass,,18.57390236761257,54.39783348287917
,,,grassland,18.5760508739264,54.39791641076293
,,grass,,18.573676684145298,54.39655891570054
,,grass,,18.57274260975406,54.39745482055606
,,grass,,18.57351996729628,54.39458554905691
,,grass,,18.573189387044916,54.39496765480666
,,grass,,18.57505582700725,54.39429439549256
,,grass,,18.579243586899583,54.395630351438015
,,grass,,18.575888984477256,54.39912263246612
,,grass,,18.575341337208172,54.39980119374556
,,grass,,18.573498053342224,54.40154380893118
,,grass,,18.573226033200964,54.401996690274274
,,grass,,18.573851623715072,54.40186298753701
,,grass,,18.573142605089178,54.403019372987956
,,grass,,18.57286603938344,54.40343629885412
,,grass,,18.572790351852866,54.40328474870179
,,grass,,18.5732574477201,54.4022971041622
,,,water,18.563684682089963,54.39614405265253
,,,wood,18.58025761373503,54.389919235619146
,,greenfield,grassland,18.58032528057536,54.391182942090886
,,,grassland,18.580404735663183,54.39334581489492
,,grass,,18.61121212660712,54.38726121180682
,,grass,,18.611188596649857,54.38710864329513
,,grass,,18.58702508471242,54.33059890351069
,,grass,,18.587293129043534,54.33040321759412
,,,wood,18.5868498776772,54.330396422805634
,,,wood,18.58654080719234,54.33038614299701
,,,wood,18.58674401023094,54.33029996442861
,,,wood,18.58681483630802,54.33012301959586
,,,wood,18.587087560929834,54.33011735500441
,,grass,,18.586954662824233,54.33033441271577
,,grass,,18.58654645,54.330647400000004
,,,wood,18.587343687532496,54.33066288338255
,,grass,,18.58705578377046,54.33004193249145
,,,wood,18.586954031127792,54.330031692296075
,,grass,,18.586974735979044,54.33009553866464
,,grass,,18.58679156921102,54.330192356257804
,,grass,,18.58663045050621,54.33036706586472
,,grass,,18.586330775541647,54.32933334691488
,,grass,,18.586090795535362,54.329254980464945
,,grass,,18.58584694614285,54.32918501583609
,,grass,,18.58538258521709,54.329092455883526
,,grass,,18.585588776547905,54.32911988530535
,,grass,,18.600189940097923,54.38365974931977
,,grass,,18.598280890145716,54.38222057631116
,,grass,,18.58173607520554,54.402609243402914
,,grass,,18.5863746907472,54.403388724401786
,,,wood,18.557154360139684,54.405592371260056
,,,grassland,18.559561289518374,54.40421144238928
,,,,18.5631392,54.395021850000006
,,,wood,18.566579550101636,54.392106939550736
,,,wood,18.565533719755052,54.391051322513924
,,,wood,18.5626623455027,54.39199977621305
,garden,,,18.567117537441742,54.39656634537995
,garden,,,18.563504279438188,54.39703354738259
,garden,,,18.561987224830432,54.399256795250935
Kalwaria,park,,,18.624397350189533,54.35929602257983
,,forest,,18.406825499980265,54.39173118437929
,,grass,,18.563683567858412,54.39553558552901
,,grass,,18.564523496633413,54.395593571104854
,,grass,,18.55862268538732,54.40728944967138
,,grass,,18.55790230804079,54.40697357419001
,,grass,,18.55772364092078,54.40704153724593
,,grass,,18.55734344980485,54.407266572280356
,,grass,,18.559248185354004,54.407048163817095
,,grass,,18.55921154356404,54.40672435329336
,,grass,,18.558285560890805,54.40677863602602
,,grass,,18.558809174601876,54.406769569482464
,,grass,,18.557675900279776,54.4066162228919
,,grass,,18.570141256174054,54.40576038859946
,,grass,,18.569761301097902,54.405169801352294
Park kieszonkowy,garden,,,18.5628487,54.40296955
,,grass,,18.570316375408087,54.40532398839175
,,grass,,18.571440099319254,54.40809808013174
,,grass,,18.57154747177653,54.40733152281313
,,grass,,18.56986335478696,54.39684570835825
,,grass,,18.565413063089288,54.39501790102382
,,grass,,18.56430240663797,54.39546816511739
,,grass,,18.56675200537037,54.40328425823711
,,grass,,18.566461402915866,54.40332804764094
Skwer przy ul. Husa,park,,,18.568208066811437,54.4066117640414
Skwer Księdza Jana Kaczkowskiego,park,,,18.5580863936574,54.43969635464842
,,,grassland,18.565037859732502,54.414960489990065
,,grass,,18.573636549488572,54.401263002577316
,,grass,,18.573430659643975,54.401353996933075
,,grass,,18.57055151798592,54.40999123358051
,,grass,,18.61487732760184,54.35440901638739
,,grass,,18.57288743809742,54.40210812647546
,,,wood,18.571087057923144,54.41090940297297
,,,wood,18.57053390531919,54.411046467301084
,,,wood,18.55730899982498,54.40432041726905
,,,wood,18.54872187577695,54.406549840825164
,park,,,18.648894506358097,54.39218121310619
,,grass,,18.571288144089124,54.435408333899815
,,grass,,18.57133558823762,54.435346739649646
,,grass,,18.56887809461103,54.414229108452055
,,grass,,18.565330452450105,54.41368636233956
,,grass,,18.564495871520336,54.41339803029651
,,grass,,18.564477144402403,54.413638435843815
,,grass,,18.565846083334108,54.41371667603923
,,grass,,18.563848535605743,54.413868722194756
,,,wood,18.56405048688983,54.41142442104782
,garden,,,18.562995197262467,54.41177619693056
,pitch,,,18.65299955805231,54.33919224388172
,pitch,,,18.653381885051683,54.33912098399668
,,grass,,18.58087575681011,54.40127742522412
,garden,,,18.61392330132915,54.38579973678007
Alpinarium,garden,,,18.56253961398609,54.410479720632914
,,grass,,18.565856527868842,54.41258821194852
,,,wood,18.541260772900927,54.30469320512527
,,,wood,18.569894480826154,54.292302543211015
,,grass,,18.59203213026824,54.343790268101145
,,grass,,18.592175050058678,54.343639411144075
,,grass,,18.59955656788304,54.40983602729643
,,grass,,18.599636973542147,54.409708467779026
,,grass,,18.562520928970404,54.409785863148045
,,grass,,18.56162639892949,54.40963698473918
,,grass,,18.55950305,54.41000440000001
,,grass,,18.55928845,54.40998135
,,grass,,18.559072549999996,54.409958749999994
,,grass,,18.559743424869254,54.411048634855455
,,grass,,18.560191897164103,54.41108764561957
,,grass,,18.56005002811558,54.411415375353734
,,grass,,18.559607671326674,54.41135396734295
,,grass,,18.559801960842425,54.411205902256235
,,,grassland,18.588445405010987,54.3140793052443
,,grass,,18.557342320204356,54.410698688366175
,,grass,,18.55725630942566,54.41022133656265
,,grass,,18.56454341694619,54.41673998741319
,,grass,,18.558496557787297,54.409835457839215
,,,wood,18.551065086218422,54.409628759379224
,,grass,,18.59569713104206,54.39762883152941
,,grass,,18.6154017063773,54.398012318076944
,,,wood,18.593582965728043,54.37580507420806
,,grass,,18.664224452548055,54.3539055236081
,,grass,,18.56674294875589,54.435497399925474
,,grass,,18.567181352966475,54.435680948971395
,,grass,,18.559912061643107,54.41965686513551
,,grass,,18.559615822739502,54.41943435255278
Skwer im. Krzysztofa Kolbergera,park,,,18.589201331393372,54.38597627644657
,,,wood,18.42162153183139,54.32428325897554
,,,grassland,18.461508012296964,54.31686209894255
,,,wood,18.422848221945166,54.36281049936558
,,,wood,18.564556561319534,54.294075833501545
,,,wood,18.571306271033713,54.43572789250687
,,grass,,18.58609777543072,54.43058627113559
,,grass,,18.582360219302956,54.43252019570307
,,grass,,18.582246513057495,54.43312668250065
,,grass,,18.578609423886004,54.434757486829284
,,grass,,18.57273270239451,54.399735118353234
,,grass,,18.572535475391263,54.399673692177664
,,grass,,18.57211856900908,54.39944097334002
,,grass,,18.571600766110247,54.39989106186818
,,grass,,18.5694119203424,54.3992320528925
,,grass,,18.569561675400593,54.39939561415796
,,grass,,18.5742149115822,54.40043757606622
,,grass,,18.571462821236327,54.39996758256681
,,grass,,18.57257927133817,54.40029634344923
,,grass,,18.57210355003304,54.40029608790292
,,grass,,18.571630642732956,54.40024009353381
,,grass,,18.57124650263729,54.40012626188099
,,grass,,18.571039017241635,54.400174771181426
,,grass,,18.57093355697063,54.400347534719494
,,grass,,18.57082105112998,54.40052118379819
,,grass,,18.571692271979703,54.400166790344294
,,grass,,18.57052646851946,54.39981063356098
,,grass,,18.570277206063043,54.399807731611816
,,grass,,18.56931035573254,54.39951723073679
,,grass,,18.568887923053133,54.39939111151549
,,grass,,18.56981187779745,54.400033147317956
,,grass,,18.570414947696747,54.40105056827911
,,grass,,18.570113145078665,54.40086061590282
,,brownfield,grassland,18.55487761937304,54.40817541136133
,,,grassland,18.59734147118768,54.39058436197881
,,,grassland,18.59803803584773,54.39118732250502
,,,grassland,18.599330465846773,54.39239043896269
,,grass,,18.600862270346894,54.40996205857439
,,grass,,18.600357582688734,54.409853054538516
,,grass,,18.595900396982188,54.42396114520551
,,grass,,18.59483064216577,54.42369617678445
,,grass,,18.59416759883482,54.42342164986331
,,grass,,18.592531688426003,54.42348654780147
,,grass,,18.593342750420167,54.42356424045828
,,grass,,18.59345371577733,54.42350656179179
,,grass,,18.59305559783488,54.42299953822363
,,grass,,18.593057262378025,54.4228849039707
,,grass,,18.591472825264038,54.42263570045846
,,grass,,18.590762954808124,54.422374853191386
,,grass,,18.59120636237472,54.422354186630834
,,grass,,18.591278809513547,54.422213801657186
,,grass,,18.591404404797764,54.42281906231372
,,grass,,18.589923080737513,54.42195880515271
,,grass,,18.589984576845957,54.421833991546976
,,grass,,18.589362912741393,54.42160838346571
,,grass,,18.589578269578606,54.421988053297234
,,grass,,18.589978215565967,54.42211724125963
,,grass,,18.59023354439261,54.42219834031838
,,grass,,18.58900665638657,54.4218084953268
,,grass,,18.58879394075702,54.42174581958974
,,grass,,18.588662813288174,54.42170578591225
,,grass,,18.588682355670052,54.42156278802012
,,grass,,18.588751478854842,54.4214686157455
,,grass,,18.58772938437281,54.42141251629716
,,grass,,18.58730774289125,54.4212836252766
,,grass,,18.58597121636833,54.42086769590918
,,grass,,18.586752447701194,54.42093897563288
,,grass,,18.584843725154396,54.42029956989
,,grass,,18.586888875675328,54.42086152427951
,,grass,,18.583734734954994,54.41978142964828
,,grass,,18.583922562214816,54.419854673208384
,,grass,,18.58424855704934,54.41994976654211
,,grass,,18.584113182982612,54.42008412367788
,,grass,,18.584946226006362,54.420170522120046
,,grass,,18.583862895101866,54.41967002854115
,,grass,,18.584083662504245,54.41975485030144
,,grass,,18.58284929709142,54.42061697874024
,,grass,,18.583247709298615,54.42032896137951
,,grass,,18.583312254672958,54.419811425277274
,,grass,,18.58348386909728,54.419695874477966
,,,grassland,18.613989006924704,54.41257214114998
,,grass,,18.595134010772576,54.33169310125758
,,grass,,18.588365212048338,54.416377262253455
,,grass,,18.594275544190264,54.410241268927244
,,grass,,18.594387291144237,54.40996459081469
,,grass,,18.59433423352202,54.410130511815225
,,grass,,18.594359996146345,54.41008393510298
,,,wood,18.589066817432442,54.409976896761954
,,,wood,18.59010492126326,54.40964413318852
,,,wood,18.590154310816576,54.40931488824539
,,,wood,18.58985476888604,54.40929004751416
,,,wood,18.58970582931291,54.40915411118882
,,,wood,18.589703864664216,54.409749474854344
,,grass,,18.59976849159672,54.33760922682949
,,grass,,18.581752527843843,54.41845774039344
,,grass,,18.581648949423123,54.418406781355216
,,grass,,18.581573611419078,54.418207583686915
,,,grassland,18.588243800086694,54.41997090116461
,,grass,,18.58834807644905,54.42106052803142
,,,wood,18.587238390439033,54.42038542516222
,,landfill,grassland,18.608545643774338,54.29934485035908
,,,grassland,18.608013101799248,54.299970221101134
,,,grassland,18.609224398137638,54.299916409730116
,,,grassland,18.604663423581894,54.303173925233196
,,,grassland,18.61148396858055,54.30779644282057
,,grass,,18.57409782765979,54.40108544397087
,,grass,,18.574318917008682,54.40069188802181
,,grass,,18.57441056570433,54.40057972359699
,,grass,,18.57446006661661,54.40097540007445
,,grass,,18.572939250847092,54.416942742677364
,,grass,,18.56665239746635,54.41814064308709
,,greenfield,grassland,18.577748667338465,54.404303939222366
,,grass,,18.590644530517956,54.403442397518155
,,grass,,18.590048650518497,54.4034575097835
,,grass,,18.589155026351964,54.40355436874124
,,grass,,18.5886647635891,54.403476555438324
,,grass,,18.588463453082493,54.40343972551759
,,grass,,18.58803407937775,54.403366571245414
,,grass,,18.58736342916357,54.40324882125606
,,grass,,18.59212309765663,54.42464931844682
,,,wood,18.593872275717196,54.426512681726784
,park,,,18.593421071000893,54.42450446549785
,garden,,,18.57506559022186,54.37848768055621
,,,grassland,18.55939498927386,54.3927833981555
,,grass,,18.562809600136074,54.41962779561522
,,grass,,18.559821684120045,54.430545038233056
,,,grassland,18.55935019235035,54.428028966108684
,,,water,18.56144486964317,54.42557052596912
,,,water,18.56098949332254,54.424629387861735
,,,water,18.562847552924453,54.42411025206242
,,,water,18.56074676951122,54.425667554849376
,park,,,18.561870185533383,54.425187741427365
,,grass,,18.561263898308482,54.41874986144723
,,grass,,18.564913419187185,54.4140850874189
,,grass,,18.5538541743435,54.41230152389121
,,grass,,18.55501468678654,54.41301886624256
,,grass,,18.557251971493997,54.41235269185972
,,grass,,18.55807979022342,54.412404049277455
,,grass,,18.556823885739533,54.41249455794275
,,grass,,18.556631329012784,54.412195016103695
,garden,,,18.555383908105657,54.414639391361476
,,greenfield,grassland,18.574889291638847,54.44018496838618
,,,wood,18.531376879101575,54.39968915869268
,,,wood,18.58032629760491,54.39106511205875
,,,wood,18.557119886033036,54.4029342108971
,,,wood,18.557712550816852,54.402253786936036
,,,grassland,18.577190469939467,54.37407386280681
,,,grassland,18.573154372058518,54.372862811421605
,,,scrub,18.575815474984918,54.3720072906057
,,,grassland,18.5732219464185,54.37453667726442
,,grass,,18.573942618668358,54.371321326469655
,,,grassland,18.575743896252444,54.385102419489264
,,,grassland,18.574114331172048,54.38097034058815
,,grass,,18.571429737721136,54.40477563904627
,,grass,,18.570382682044137,54.40615479109142
,,grass,,18.570229161558157,54.40640136429932
,,grass,,18.57015671837499,54.40654550152727
,,grass,,18.570053261846244,54.40668101716753
,,grass,,18.570942402778243,54.40541296532025
,,,grassland,18.56835166721432,54.41972884069558
,,grass,,18.574942207816147,54.42445892441847
,,grass,,18.565707403501033,54.42378757575068
,,,grassland,18.55187151429625,54.410581505643606
,,,wood,18.609053370143897,54.41519231970978
,,,wood,18.609119209945167,54.41263840398727
,,grass,,18.674108642312806,54.35107182521351
,,grass,,18.674512215078185,54.35066354685257
,,grass,,18.67545344925992,54.34943526285976
,,grass,,18.67539439173956,54.34971067043685
,,grass,,18.67511525,54.35006085
,,grass,,18.651738929424234,54.34563340295214
,park,,,18.652078643167837,54.345437517480406
,,grass,,18.650909528232148,54.34395364601499
,,,wood,18.65752808495135,54.34424912412686
,,brownfield,wood,18.655774066741298,54.34501589502055
,,,wood,18.513845014997152,54.37293259500974
,,,wood,18.508763138536747,54.37285627199159
,,,wood,18.51009871948932,54.37289180680076
,,grass,,18.521869525742616,54.37112280676098
,,grass,,18.64731411664572,54.36149274188909
,,grass,,18.65574655742584,54.35925899724795
,garden,,,18.606709225740836,54.384436120509825
,,grass,,18.612765116033977,54.38182086515445
,,,grassland,18.553568063351403,54.408912337987836
,park,,,18.537148362625427,54.40493057574281
,park,,,18.536293365678794,54.40540301581609
,,,water,18.535888035588385,54.40525760539264
,,grass,,18.536374579648584,54.405700972936664
,,grass,,18.53714773909411,54.40543779684037
,,,water,18.522280648310392,54.40863661061192
,,,grassland,18.587404683341237,54.41999113334572
Skwer Kwitnących Wiśni,park,,,18.59142406387644,54.41378291599021
,,grass,,18.607550487674537,54.38162229285559
,,grass,,18.607070649309815,54.38173518640544
,,grass,,18.60770555,54.3815577
,,,grassland,18.537220724704834,54.410544947698064
,,,grassland,18.535113373498685,54.4147190816951
,,,grassland,18.535662572486782,54.411196194346985
,,grass,,18.599873069084776,54.41425340751534
,,grass,,18.60048801745372,54.41424082366719
,,grass,,18.60092309867811,54.41406942680867
,,grass,,18.601389021036265,54.41372927324565
,,grass,,18.60158198065327,54.413545677650106
,,grass,,18.60235483174216,54.41281816664127
,,grass,,18.60246211697298,54.41271617910704
,,grass,,18.602664076465608,54.41251446527766
,,grass,,18.60278365375708,54.41238703149515
,,grass,,18.60341763507617,54.41157471176822
,,grass,,18.603733657411848,54.411062500509004
,,grass,,18.603615301669734,54.410687633241835
,,grass,,18.603504890155033,54.41096227877309
,,grass,,18.603408749570676,54.41127339656269
,,,wood,18.668440692064642,54.40794295267899
,,,wood,18.66903656251428,54.40773732452252
,,,grassland,18.561577181475258,54.4156058527185
,,,wood,18.56452176601094,54.420202100532116
,,,water,18.55971207539665,54.42066796288716
,,,water,18.560010419059996,54.421262668165184
,,,water,18.56052712158657,54.42084816450729
,,grass,,18.555153852441673,54.41307133475562
,,grass,,18.552320375996757,54.35100715500558
,,,wood,18.573303496716015,54.31835126375637
,,,wood,18.572304722399416,54.326522596069346
,,,wood,18.56980919261546,54.32651465584322
,,,wood,18.570625753961306,54.32264412932484
,,grass,,18.66119182071398,54.40532387648517
,,grass,,18.661018354021575,54.405088972018966
,,grass,,18.66071812182809,54.405010909199994
,,grass,,18.671640110514016,54.348662388001145
,,,grassland,18.670416911627967,54.34834381492305
,,grass,,18.671249857016296,54.34789229561524
,,,grassland,18.6715218796331,54.34612701573646
,,,wood,18.66976250029354,54.34467950364644
,,grass,,18.669906000224202,54.34423245511782
,,grass,,18.67165450770199,54.34808375838447
,,,grassland,18.671911099063166,54.34741616354147
,,grass,,18.673463048242855,54.34677668885013
,,,wood,18.55947814571667,54.44816354284788
Park na Goyki,park,,,18.559856718606305,54.44890797014614
,,,grassland,18.59633417498189,54.41880251170977
,,,wood,18.5936114829871,54.421963896279365
,,,grassland,18.594653878972036,54.419925689665604
,,,grassland,18.624248332102862,54.40731116510615
,,grass,,18.56298649633122,54.41996669001518
,,,wood,18.415435233299156,54.43886677622929
,,grass,,18.592420621056807,54.42287349512277
,,grass,,18.594586479741913,54.42393428701912
,,grass,,18.594918100988334,54.42473317748854
,,grass,,18.59483598080586,54.42486360827562
,,grass,,18.595338154744486,54.42367504759617
,,grass,,18.591574612444052,54.42216773820641
,,grass,,18.588885187880486,54.42136272478575
,,grass,,18.586797477160353,54.42068441638618
,,grass,,18.584694931665997,54.419964952462415
,,grass,,18.583472912556335,54.42014311268027
,,grass,,18.58355749488986,54.42009285329594
,,grass,,18.58310301990221,54.42003133953969
,,grass,,18.583123117762746,54.419951471628856
,,grass,,18.583996810226093,54.420226579415115
,,grass,,18.583887209456236,54.42027316782281
,,grass,,18.583606489297726,54.41958162264853
,,grass,,18.58401361669747,54.419388642898696
,,grass,,18.584089786444157,54.419483965103325
,,grass,,18.584619579179066,54.419287575436
,,grass,,18.56986933255554,54.40387313468361
,garden,,,18.591312584704877,54.418569095545
,,,wood,18.58803439643949,54.41924637958421
,garden,,,18.565595571137468,54.40209511711
,,grass,,18.53732374583588,54.411302886621854
,,,grassland,18.539249775230573,54.411768070323895
,,,grassland,18.543779287460627,54.41183000317917
,,grass,,18.49078186185457,54.356660223911526
,,grass,,18.534044535605698,54.41412672296828
,,,wood,18.5334136371739,54.41394028463816
,,,water,18.529436729714444,54.414063185523
,,,grassland,18.536353915175628,54.410672485429075
,,,grassland,18.53682054480258,54.41049986506539
,,,wood,18.531652419492417,54.414220957340035
,,,wood,18.53197556411842,54.41433567169961
,,grass,,18.626720807732184,54.37532471579836
,,grass,,18.626638013704984,54.375482561906416
,,grass,,18.625600282490602,54.37538902414419
,,grass,,18.625582572315263,54.375273070570024
,,grass,,18.59200134365176,54.40094800901796
,,grass,,18.59215569416176,54.40065492064444
,,grass,,18.592384690569745,54.400357212526984
,,grass,,18.592111217686103,54.40099832040428
,,grass,,18.59183838236572,54.40117864145058
,,grass,,18.59222946976127,54.40143618941883
,,grass,,18.59180064592523,54.401636536140174
,,grass,,18.59157062750324,54.402164322955066
,,grass,,18.591319415763383,54.402625792582164
,,grass,,18.592644445994875,54.39985000128125
,,grass,,18.594592322054407,54.399155794513774
,,grass,,18.59393890910725,54.39972043580863
,,grass,,18.592875002628993,54.400965460265695
,,grass,,18.592205485241017,54.4020834892996
,,grass,,18.59200307657356,54.40319256588129
,,grass,,18.59125744594315,54.40271739411373
,,grass,,18.591265919744966,54.40279607123554
,,grass,,18.59107634356447,54.403096536020605
,,grass,,18.59223284317879,54.401854358681014
,,grass,,18.58987879324481,54.40612318997221
,,grass,,18.59016589939647,54.40613351452757
,,grass,,18.588772453274633,54.407822482751484
,,grass,,18.589032325656596,54.40715278694919
,,grass,,18.58960445990609,54.405987243496895
,,grass,,18.590434041116726,54.40445379608265
,,grass,,18.590691221898467,54.405585264009225
,,grass,,18.589747993539312,54.40715682198765
,,grass,,18.589645084057878,54.4077459162117
,,grass,,18.588172942692484,54.41038930353438
,,grass,,18.588663552565492,54.40812032608058
,,grass,,18.58846491086617,54.41107535209711
,,grass,,18.588407866697093,54.41220558377781
,,grass,,18.589112670980015,54.40929480865936
,,grass,,18.588755553147426,54.40997094630045
,,grass,,18.58822363576569,54.409130034127394
,,grass,,18.587884405605035,54.41034811567895
,,grass,,18.58754540163066,54.41178406586078
,,grass,,18.584373434939486,54.4198520979472
,,grass,,18.58843825173431,54.41036450972141
,,grass,,18.58773449983529,54.41444678453807
,,grass,,18.5853038277716,54.41881006199936
,,grass,,18.586000441550315,54.41739276986704
,,grass,,18.58553926240839,54.418044913408366
,,grass,,18.58473268991322,54.41939915989035
,,grass,,18.586109171716124,54.417947606948466
,,grass,,18.586606921839756,54.417201807112825
,,grass,,18.587131264691898,54.413760236115536
,,grass,,18.58830559935033,54.41216403854557
,,grass,,18.58809959819084,54.41274093363266
,,grass,,18.587553012234824,54.41413902585093
,,grass,,18.587448435585415,54.41581491260603
,,grass,,18.587321884140188,54.41411250361152
,,grass,,18.586682740523884,54.41677603519008
,,grass,,18.58649210651711,54.416750559200885
,,grass,,18.585195517064072,54.41856377170311
,,,wood,18.534990486682975,54.41534196109562
,,,grassland,18.534643701172396,54.41699437984934
,,,grassland,18.53629978841236,54.418148362122885
,,,grassland,18.536853580687545,54.41844826351175
,,,grassland,18.53834455057093,54.418603961895876
,,,grassland,18.537982097853067,54.41920148466193
,,grass,,18.536827480940907,54.415675939348745
,,grass,,18.536386816082302,54.41651044477167
,,grass,,18.536785474855623,54.4163210839455
,,grass,,18.533083348627997,54.41507781864876
,,,wood,18.53186763215581,54.41555883460438
,,,wood,18.532375339136316,54.41598091175777
,,,grassland,18.53239891166125,54.4156110412984
,,,grassland,18.530760398440247,54.4156510270994
,,,grassland,18.53142929666379,54.41457038130179
,,grass,,18.569713184606638,54.42061765259933
,,,wood,18.570048954406936,54.44705332029195
,,,wood,18.570811347917328,54.4471920623457
,,,wood,18.569538619989345,54.447286875415415
,,grass,,18.601983285456352,54.3953818843557
,,grass,,18.602496604347422,54.39542402323956
,,grass,,18.59849167471161,54.39621500549067
,,grass,,18.596583810854785,54.39782437069931
,,grass,,18.600043000249123,54.395886471367994
,,grass,,18.60188885020746,54.39528283833804
,,grass,,18.6019589229064,54.395158789684324
,,grass,,18.602873055207834,54.39575795815244
,,grass,,18.602777746700557,54.39536394690111
,,grass,,18.603450054101067,54.39570701896568
,,grass,,18.603283256397116,54.39578797834099
,,grass,,18.6030813637005,54.395665801825054
,,grass,,18.603342012832428,54.39558462870571
,,grass,,18.603031608879583,54.39523972070659
,,grass,,18.60382136477353,54.39371307600707
,,grass,,18.602940440487895,54.39409824978761
,,grass,,18.600895684884126,54.39527830990368
,,grass,,18.60172072842473,54.39486443344734
,,grass,,18.601983384251312,54.39498516566972
,,grass,,18.60239429417986,54.39468247964778
,,grass,,18.599967900204653,54.39521474818585
,,grass,,18.600555505243644,54.39497938924904
,,grass,,18.60285978734715,54.39338669166001
,,grass,,18.60111159703001,54.39343640823313
,,grass,,18.602569165585003,54.39374045804355
,,grass,,18.601293748548713,54.394454909774225
,,grass,,18.60029893951446,54.39396153087528
,,grass,,18.60087453825933,54.39419186732917
,,grass,,18.60124676260418,54.394046561552486
,,grass,,18.601693230483047,54.39392298303642
,,grass,,18.60126139758345,54.394236376616895
,,grass,,18.600527674565658,54.39354201194554
,,grass,,18.596134410653747,54.39862110614417
,,grass,,18.59581137761018,54.399805918017414
,,grass,,18.594010017917476,54.40007818228506
,,grass,,18.59524143052906,54.400152228628784
,,grass,,18.594809455030944,54.400077401185875
,,grass,,18.59465632342604,54.39922503234683
,,grass,,18.595261770393332,54.398808208142064
,,grass,,18.595539571439915,54.398992461698874
,,grass,,18.59563145223471,54.39921637248224
,,grass,,18.595354269662838,54.399529151605535
,,grass,,18.595258813868703,54.398990754320046
,,grass,,18.594901815565628,54.3998368840543
,,grass,,18.594827143708475,54.399625963140764
,,grass,,18.59410883198068,54.399738478983814
,,grass,,18.594625956961067,54.39968659089132
,,grass,,18.594426648017553,54.39981996195755
,,grass,,18.594577315092373,54.39986085370332
,park,,,18.51183207521625,54.35315352934315
,garden,,,18.592346715133065,54.413176478209046
,garden,,,18.592588895467216,54.41366706106793
,garden,,,18.59273557210747,54.413454358376825
,garden,,,18.592747451316974,54.41388845626348
,,grass,,18.593069075778214,54.41522638132779
,,grass,,18.591786127905635,54.41411858809408
,,grass,,18.592479430462003,54.41421312657323
,garden,,,18.59281510731875,54.414243845272715
,garden,,,18.596894549952413,54.41505449310255
,garden,,,18.592488650865285,54.41290314850961
,garden,,,18.592513956599053,54.41277484800783
,,grass,,18.59140445986683,54.41303458913591
,,grass,,18.59181265589989,54.413135381968814
,,grass,,18.591004402438923,54.412956272520155
,,grass,,18.59000230552504,54.41274089293162
,,grass,,18.58932809474398,54.41262424516249
,,grass,,18.58884430815845,54.41253813744331
,,grass,,18.597062593995304,54.4137881044908
,,grass,,18.595697869313092,54.413559820095735
,,grass,,18.594635715320198,54.41337222417788
,,grass,,18.59433113224495,54.41331925690238
,,grass,,18.593792608770325,54.41322577583583
,,grass,,18.593285767078967,54.41331897340399
,,grass,,18.59377605138735,54.41340340693509
,,grass,,18.59587269559116,54.41376996051899
,,grass,,18.594766288315782,54.413577481609366
,,grass,,18.5955286550857,54.41365102539488
,,grass,,18.588628626933396,54.41230950197332
,,grass,,18.589801341346543,54.41252877032357
,,grass,,18.59204912178912,54.41292839316172
,,grass,,18.590702549620875,54.41269090278288
,,grass,,18.59231144500993,54.41297569947331
,,grass,,18.59275166995169,54.41305132169536
,,grass,,18.5924121175215,54.41339066525235
,,grass,,18.592452437659283,54.41330265226334
,,grass,,18.588598872745447,54.41376826756417
,,grass,,18.58840114224371,54.41377996337479
,,grass,,18.588090651198144,54.41352080293039
,,grass,,18.588334043038966,54.41353370591705
,,grass,,18.588297331729567,54.41366323398412
,,grass,,18.589386444554062,54.41352588624741
,,grass,,18.59483913907991,54.41508042157013
,,grass,,18.595853503894325,54.41497776136417
,,grass,,18.594620567573454,54.41490253781532
,,grass,,18.59471593491778,54.41481296593387
,,grass,,18.594631008855405,54.41484689707008
,,grass,,18.594676527352608,54.41473645980362
,,grass,,18.594572546380256,54.4147773126028
,,grass,,18.593872062346275,54.41460739448646
,,grass,,18.593104155684596,54.414497322643
,,grass,,18.59715314855508,54.414854941366414
,,grass,,18.59479407903072,54.41451911115352
,,grass,,18.59287405656913,54.41332731142873
,,grass,,18.592873173317503,54.4128094591965
,,grass,,18.59228152055932,54.4128098686284
,garden,,,18.592318512045335,54.411406124588915
,garden,,,18.59237282944291,54.41169256517686
,garden,,,18.592423788098213,54.41197900038306
,garden,,,18.59247110775871,54.4122416750456
,,grass,,18.59127844009645,54.41174195065416
,,grass,,18.591053296969164,54.411714307889696
,,grass,,18.590821278328626,54.41168615139428
,,grass,,18.59059045549681,54.41165759236782
,,grass,,18.59035895230899,54.41162933684082
,,grass,,18.590128221085926,54.41160094541705
,,grass,,18.589900018368606,54.41157260240525
,,grass,,18.589665325981393,54.41154410583865
,,grass,,18.589435227990936,54.41151529483601
,,grass,,18.58920480648182,54.411486962425776
,,grass,,18.588970858344116,54.41145797301065
,,grass,,18.58874896278492,54.41184796953699
,,grass,,18.58874869335531,54.411535249510784
,,grass,,18.58947104899051,54.411077102662716
,,grass,,18.589698920910628,54.41111078462376
,,grass,,18.58992935162633,54.411145161959844
,,grass,,18.590158325543317,54.41117949315447
,,grass,,18.59038573037906,54.41121277388752
,,grass,,18.590612298032674,54.41124637632122
,,grass,,18.59083872161453,54.41128055889437
,,grass,,18.59106847664518,54.41131489216667
,,grass,,18.591302885098813,54.41134945575218
,,grass,,18.591531894302182,54.41138421415623
,,grass,,18.591759809406142,54.41141807114056
,,grass,,18.591939972304935,54.41144535933033
,,grass,,18.588916846029353,54.41067081638296
,,grass,,18.588864601983115,54.411687539421536
,,grass,,18.589694166262404,54.411759793198925
,,grass,,18.590964547867472,54.41183740634074
,,grass,,18.59064104985222,54.41186943055794
,,grass,,18.591428188545027,54.410967484661214
,,grass,,18.591205274249017,54.410927068005535
,,grass,,18.5909802394578,54.4108858641198
,,grass,,18.59074995219475,54.41084424220998
,,grass,,18.590523621335127,54.41080369600834
,,grass,,18.59029789997395,54.410762968038675
,,grass,,18.590075037639156,54.410722507806874
,,grass,,18.589847045590773,54.41068113422767
,,grass,,18.589624001077134,54.41064077350633
,,grass,,18.589401911498314,54.41060076604006
,,grass,,18.5891686519279,54.41055909139771
,,grass,,18.589245416675734,54.410699225307496
,,grass,,18.589468820839112,54.41074816896626
,,grass,,18.59156715675753,54.411080851302714
,,grass,,18.59047035121799,54.411040034355096
,,grass,,18.590307976407487,54.41064672510369
,,grass,,18.58885258888712,54.41026467300688
,,grass,,18.588930328212058,54.4101621327455
,,grass,,18.590813205887553,54.41062598274832
,,grass,,18.59195511459715,54.41096165163943
,,grass,,18.59210814157812,54.411133882712626
,,grass,,18.592109712000415,54.41142599825678
,,grass,,18.59173087374997,54.41152424615114
,,grass,,18.59018754589789,54.411424706377524
,,grass,,18.591671406866986,54.411785264554325
,,grass,,18.591950797272233,54.41167208748282
,,grass,,18.59217618514913,54.411877420779604
,,grass,,18.591646676516525,54.412025564337284
,,grass,,18.598240735364737,54.41309688964996
,garden,,,18.59762527296219,54.41368967100084
,,grass,,18.597577319107987,54.41335716252974
,,grass,,18.596993060816164,54.413139151897965
,,grass,,18.59645267196701,54.41305183023396
,,grass,,18.596009937898597,54.41300687431783
,,grass,,18.595411356152425,54.41294893871577
,,grass,,18.594769923736745,54.41281852682577
,,grass,,18.594062329875648,54.41263260400628
,,grass,,18.59325353337867,54.41251155252067
,,grass,,18.593673519793384,54.41236413783195
,,grass,,18.593122107363254,54.412388338003765
,,grass,,18.592881510290358,54.41228514616579
,,grass,,18.59248497989289,54.411209171179536
,,grass,,18.592583106673814,54.411935459584726
,,grass,,18.589008419916063,54.4119032950513
,,grass,,18.58960715138922,54.41193363143028
,,grass,,18.59019091074313,54.41198974323882
,,grass,,18.590649820326338,54.41203398676275
,,grass,,18.59116150708652,54.41212450612478
,,grass,,18.591868950433835,54.41231074340417
,,grass,,18.592770953954993,54.41247760316718
,,grass,,18.59223546525322,54.41242408662333
,,grass,,18.618964762473556,54.338590430519815
,,grass,,18.61905757309007,54.338367361272404
,,grass,,18.61791780588254,54.338785595741356
,,grass,,18.61519136065499,54.338060810264224
,,grass,,18.617998454463,54.33855957294782
,,grass,,18.617802268426956,54.338441648979966
,,grass,,18.617590962165835,54.338328905752725
,,grass,,18.617739189199096,54.33835823929149
,,grass,,18.618715632474128,54.33841043539272
,,grass,,18.61873662481872,54.33835220858765
,,grass,,18.618401256970902,54.33838477758561
,,grass,,18.618399677669217,54.33834001746378
,,grass,,18.61808185985994,54.33831917004101
,,grass,,18.617892819390967,54.338323917885205
,,grass,,18.6198766098508,54.33817041447617
,,grass,,18.61909643775841,54.338210056550146
,,grass,,18.61686326092053,54.338182601721485
,,grass,,18.61754287672364,54.338275350831715
,,grass,,18.61959673827977,54.33810129426998
,,grass,,18.61909855694433,54.33803866440838
,,grass,,18.619261463321017,54.33812810017572
,,grass,,18.619195732996662,54.33811477805045
,,grass,,18.61909333123372,54.33812976182572
,,grass,,18.618123513702116,54.337958261238505
,,grass,,18.617992128615636,54.338240333072584
,,grass,,18.617089754683235,54.33813821223428
,,grass,,18.616174498779674,54.33801998157238
,,grass,,18.616210732768472,54.33794651372186
,,grass,,18.615372317659286,54.337978759543525
,,grass,,18.615379406993245,54.337863976246084
,,grass,,18.61592904406675,54.33766890873162
,,grass,,18.616018932441246,54.33775358737774
,,grass,,18.61671366381264,54.3374786647322
,,grass,,18.61670544081601,54.33776812285842
,,grass,,18.618077092140425,54.33803879530853
,,grass,,18.617999583056328,54.33812010157538
,,grass,,18.617706437329392,54.337994979754605
,,grass,,18.617288430380363,54.337798836696784
,,grass,,18.61747711900361,54.337564938486274
,,grass,,18.61753823614079,54.33724002972864
,,grass,,18.617669396338034,54.337129168626156
,,grass,,18.61781539527376,54.33713442823067
,,meadow,,18.510588176925715,54.43560768567304
,,,water,18.504716025374172,54.438173378658675
,,,grassland,18.53410385113751,54.415729574695064
,,,wood,18.570643138545506,54.37442512248073
,,grass,,18.613766033964627,54.37146051839106
,,greenfield,grassland,18.459405000534,54.44665798042501
,,grass,,18.562610659186674,54.412983499297205
,,grass,,18.56280869724028,54.4130250352874
,,,grassland,18.656647095201578,54.386702774108315
,,grass,,18.642277906979235,54.361464929776005
,,,grassland,18.653798177892384,54.39693420591595
,park,,,18.60971324919524,54.394139422329886
,,,grassland,18.4922883098848,54.41155571933359
,,grass,,18.49434680889159,54.411051961667305
,,grass,,18.623346900000005,54.3553285
,,grass,,18.623621236259215,54.35524214551677
,,grass,,18.62389425,54.355157350000006
,,grass,,18.622350498163833,54.3556133973077
,,grass,,18.622132656441707,54.355656110518346
,,grass,,18.621710672490785,54.355627001972735
,,grass,,18.619351057462854,54.35679374219111
Ogród japoński,garden,,,18.56417629531566,54.411809661384154
,,greenfield,grassland,18.580010418952345,54.401793811363945
,,grass,,18.619674631403548,54.356285269004665
,,grass,,18.619283203646443,54.35643704222688
,,grass,,18.619064636539537,54.35641285301859
,,grass,,18.61899302755849,54.3563049315557
,,grass,,18.61876765545011,54.35632281237608
,,grass,,18.61930715269091,54.35623391636169
,,,grassland,18.494641795415745,54.410293508803754
,,,grassland,18.50222411644,54.3068180719834
,,,grassland,18.507339313805577,54.299651182002826
,,meadow,,18.510811871208844,54.294923197125854
,garden,,,18.623443822697805,54.35567902680222
,,grass,,18.57207912478265,54.398481998859594
,garden,,,18.608989604082133,54.37037094301122
,,grass,,18.608903720803365,54.37088284682299
,,grass,,18.6088017413299,54.370670811643585
,,grass,,18.60956647291356,54.3704040543312
,,grass,,18.608837477060238,54.370250336261584
,,grass,,18.60831191601237,54.37013402530374
,,grass,,18.608397207471914,54.37022913085087
,,grass,,18.60543854733149,54.379042385618206
,,grass,,18.590512797204095,54.36123721282079
,,grass,,18.61596929975673,54.35584257082497
,,grass,,18.615549787588115,54.35567584371903
,,grass,,18.615236431363375,54.35508739813921
,,grass,,18.6151634,54.354944100000004
,,grass,,18.61441748886701,54.3539586927544
,,grass,,18.61527025125236,54.354879390169835
,,grass,,18.61358336525073,54.35343057367704
,,grass,,18.615647817623966,54.35579874554932
,,grass,,18.61375672730098,54.35351775841583
,,grass,,18.614067213042514,54.3537026745745
,,grass,,18.609107365993488,54.35403528529474
,,grass,,18.60904349370748,54.35380781224172
,,grass,,18.608490289576956,54.35307239167388
,,grass,,18.608765533333333,54.354072866666655
,,grass,,18.60899491319071,54.35358135131189
,,grass,,18.609733841658333,54.35333305671085
,,grass,,18.605498531955313,54.35371697473685
,,grass,,18.608158970354616,54.35442071990964
,,,grassland,18.515681597397048,54.360599423247976
,,grass,,18.62110735137228,54.35589099746448
,,forest,,18.602930611708146,54.28628393189012
,,forest,,18.603601554102315,54.2843063570242
,,grass,,18.612778187999915,54.40554845158999
,,grass,,18.612298795465737,54.40552737532066
,,grass,,18.61008673694066,54.404700901044166
,,,grassland,18.568463008937922,54.40242587110019
,,grass,,18.569898681675536,54.39841609871602
,,grass,,18.570156424233545,54.397683624591906
,,grass,,18.571402200253402,54.3974947756632
,,grass,,18.570563754989166,54.39842775491185
,,forest,,18.401860858766263,54.399721641030794
,,grass,,18.59562280337577,54.33270916231938
,,grass,,18.598745463113875,54.33673636465886
,,grass,,18.599346554558913,54.337179078031255
,,grass,,18.59827236088563,54.33725837503596
,,grass,,18.60022406558742,54.33668641748745
,,grass,,18.59486281929413,54.33206905555902
,,grass,,18.596412747161153,54.33103023210036
,park,,,18.59490232117705,54.380188196381624
,,grass,,18.660980642893175,54.3462002099796
,,grass,,18.66093119632501,54.345754265993016
,,grass,,18.660805259449482,54.345431558709734
,,grass,,18.63681965,54.35150610000001
,,,wood,18.65456569156978,54.3314398265801
Jaśkowy Zakątek,park,,,18.59623123418924,54.36979215650141
,,grass,,18.640847275020825,54.35913939102879
,,grass,,18.64062083014843,54.35924672953852
,,grass,,18.64042824860294,54.35928954831654
,,,wood,18.574580475895374,54.41610036509533
,,grass,,18.581828102716248,54.33036151586303
,,grass,,18.58201917019891,54.32949949208328
,,grass,,18.582340851587503,54.32927198621276
,,grass,,18.582478971665818,54.32924457905857
,,grass,,18.582438205931975,54.32886897755248
,,grass,,18.582838771561185,54.329536154905064
,park,,,18.62241973841155,54.335878041719
,,grass,,18.624157121839968,54.3887097864998
,,grass,,18.585628637257116,54.40924462373799
,,grass,,18.58575065581822,54.40918366765181
,,grass,,18.587308758868346,54.409011167027195
,,grass,,18.587139033333326,54.40898842222221
,,grass,,18.58772915841356,54.40868311077736
,,,wood,18.54045169799007,54.41873614137366
,,,wood,18.540820101256237,54.41917379866445
,,,wood,18.540409178115883,54.41914037102223
,,,scrub,18.540585466445282,54.41919175032383
,,,water,18.539686535066625,54.41951147699646
,,grass,,18.61580077998541,54.35495103534072
,,grass,,18.616328709680236,54.355388360605744
,park,,,18.609848243803174,54.3504757274033
,,meadow,,18.534239240209544,54.30000248385625
,,greenfield,grassland,18.593674438491473,54.32507596019709
,,,grassland,18.594685730264914,54.324625709751
,,,grassland,18.53675473727134,54.409675114852845
,,,wood,18.534832338601664,54.41010254821767
,,,grassland,18.538170927553654,54.41013247088149
,,grass,,18.539015656282412,54.4093173087144
,,grass,,18.537358385178322,54.40994711365136
,,grass,,18.561986304101953,54.33967143853675
,,grass,,18.56139361512417,54.34054388251181
,,grass,,18.561599238597356,54.34040575499301
,,grass,,18.561924183655456,54.34025983980084
,,grass,,18.56255668173428,54.34007241866973
,,grass,,18.562855767509806,54.339988752168885
,,grass,,18.563331562335474,54.3398625435508
,,grass,,18.56313893612106,54.339828489634684
,,grass,,18.563542860406745,54.33973076353184
,,grass,,18.562980649999997,54.3398676
,,grass,,18.562774549999997,54.33992304999999
,,grass,,18.562576422597346,54.339978897508914
,,grass,,18.56398219163819,54.33923585447755
,,grass,,18.563935725631573,54.33968704421461
,,grass,,18.56466675751787,54.339466341577356
,,grass,,18.56505546268049,54.339335425652386
,,grass,,18.564692593398306,54.339102208025565
,,grass,,18.56437023793385,54.33889845304062
,,grass,,18.564127350801073,54.338874862793595
,,grass,,18.564721593252212,54.33889815936134
,,grass,,18.565517026796197,54.33857401527877
,,grass,,18.566998483004674,54.33821943163897
,,grass,,18.566635792876156,54.33859165627137
,,grass,,18.567003635516425,54.33850345514776
,,grass,,18.567153818314374,54.33856650188885
,,grass,,18.567090732621306,54.33879195739199
,,grass,,18.567360453062363,54.338849368723935
,,grass,,18.56691979125243,54.33896993965317
,,grass,,18.56679300494762,54.33880835271794
,,grass,,18.567322481491242,54.33909772734772
,,grass,,18.567047166417222,54.33913848948388
,,grass,,18.56655005353871,54.33899793720735
,,grass,,18.565842900611926,54.33902698868005
,,grass,,18.56546726834628,54.339294701402316
,,grass,,18.565510600900755,54.33950280136716
,,grass,,18.56509493333333,54.339610233333325
,,grass,,18.565004127271568,54.33955097662866
,,grass,,18.563962553752187,54.33983587217826
,,grass,,18.564838818010823,54.33980724917735
,,grass,,18.564883742691418,54.340039432550334
,,grass,,18.564581527234992,54.34007288072889
,,grass,,18.56415073333333,54.34045166666667
,,grass,,18.564245022793507,54.34017949682812
,,grass,,18.564616825074037,54.34025766505086
,,grass,,18.564532447420273,54.340431318311964
,,grass,,18.564738176884884,54.340377173869065
,,grass,,18.56553542264941,54.34053049739391
,,grass,,18.565118560254835,54.340452461662025
,,grass,,18.56469792565354,54.340549342214445
,,grass,,18.565799937267073,54.340663845279884
,,grass,,18.56517205644812,54.340682813822426
,,grass,,18.564035718533457,54.34059923628468
,,grass,,18.565080065403425,54.340864818867935
,,grass,,18.56398647478357,54.34072473048302
,,grass,,18.56313497517519,54.34070225938692
,,grass,,18.562977014104135,54.34099022664102
,,grass,,18.56292398226832,54.34119732089382
,,grass,,18.56325740576064,54.34099543562207
,,grass,,18.56198470696404,54.34088495306369
,,grass,,18.56162863977188,54.34068017856395
,,grass,,18.562139833864908,54.34056639877216
,,grass,,18.563405950034454,54.340109760670664
,,grass,,18.563516486083355,54.34054325483891
,,grass,,18.563879540356744,54.34038782157022
,,grass,,18.563677699695507,54.34115685038504
,,grass,,18.565239986624263,54.34109899876911
,,grass,,18.565799923537362,54.340848363456544
,,grass,,18.563480018814133,54.34135555936669
,,grass,,18.56369931893238,54.341331639566256
,,grass,,18.56391376199156,54.341324323249125
,,grass,,18.56413172741265,54.34132390807729
,,grass,,18.564347564399405,54.34132231835736
,,grass,,18.564576367717788,54.3413272694657
,,grass,,18.565830758967124,54.34129430702818
,,grass,,18.565484865864438,54.34131742863907
,,grass,,18.56504269129727,54.341317177670646
,,grass,,18.56526895576803,54.34131781290932
,,grass,,18.562662700429577,54.34132686910859
,,grass,,18.563106401738587,54.341559117952
,,grass,,18.563218394834422,54.341712844311395
,,grass,,18.56300296666667,54.34184336666667
,,grass,,18.563114111324136,54.34207373115075
,,grass,,18.562707931867436,54.34224177289473
,,grass,,18.56249438838162,54.342455843338804
,,grass,,18.56266264962404,54.3425556672149
,,grass,,18.56289134553117,54.342445871791135
,,grass,,18.56273852552548,54.34266968495061
,,grass,,18.562633757561645,54.342798249554136
,,grass,,18.563194638795938,54.34259222094762
,,grass,,18.563442436745266,54.342229144627275
,,grass,,18.563539592640097,54.342405551267156
,,grass,,18.563602550181507,54.34253985023695
,,grass,,18.56367117657352,54.3426912381261
,,grass,,18.563621688873578,54.34293217884834
,,grass,,18.563265981487383,54.343021389820684
,,grass,,18.56284098167336,54.34309125995348
,,grass,,18.562456895656037,54.34312908452975
,,grass,,18.56224034013876,54.342943695646355
,,grass,,18.562177992829803,54.342806419891716
,,grass,,18.562210558048644,54.342431676752575
,,grass,,18.561641713999073,54.34296409957253
,,grass,,18.56170013333814,54.342748377499944
,,grass,,18.561935401913146,54.3422553845405
,,grass,,18.56214550243485,54.342054507900144
,,grass,,18.563646283198338,54.341764953743535
,,grass,,18.564021603603646,54.34194110470204
,,grass,,18.564304701655598,54.341663022055
,,grass,,18.564729935900463,54.3419908518057
,,grass,,18.56539760507624,54.34168094107794
,,grass,,18.565244181052616,54.34182863959405
,,grass,,18.565490309856006,54.34182570863034
,,grass,,18.565439564707404,54.342100570205865
,,grass,,18.565836600283397,54.34212692791905
,,grass,,18.56598676499065,54.34247148981257
,,grass,,18.56656080787295,54.3429117105713
,,grass,,18.566467974378117,54.34284421055391
,,grass,,18.566656982584057,54.342860453906106
,,grass,,18.566911595899096,54.34284692603429
,,grass,,18.565915653156424,54.343075002343745
,,grass,,18.564950223034856,54.34274473482337
,,grass,,18.565149131155017,54.34318681025065
,,grass,,18.564870438724938,54.34302190375214
,,grass,,18.56511016600906,54.34340551493781
,,grass,,18.565576241400557,54.3435723948117
,,grass,,18.565477158720135,54.34374184607706
,,grass,,18.56453076988158,54.34367478836086
,,grass,,18.564351761254397,54.34330322873268
,,grass,,18.563667989165285,54.34329050658769
,,grass,,18.56255818065279,54.343423548972545
,,grass,,18.563202320164145,54.343583850095804
,,grass,,18.56311211427494,54.34382669904435
,,grass,,18.563254633333337,54.343710361901444
,,grass,,18.563648934661064,54.34371801861265
,,grass,,18.564017126778722,54.34388691854387
,,grass,,18.562881755800817,54.34406860463001
,,grass,,18.61107007175925,54.36122905859291
,,,grassland,18.55845073495009,54.369893713990464
EkoPark UG,park,,,18.575144988832804,54.39530373020716
,,grass,,18.526316448868453,54.34988367766283
,,grass,,18.52565151595002,54.349582152996256
,,grass,,18.525801892662354,54.35018836515626
,garden,,,18.690230191144458,54.33485008838843
,,grass,,18.57530453817798,54.37794361998317
,,grass,,18.59295336969946,54.32557185956792
,,grass,,18.56148856004015,54.33997744727183
,,grass,,18.56207962911623,54.33989833747456
,,grass,,18.56210468260886,54.340091746301546
,,grass,,18.561790698629522,54.34020884167793
,,grass,,18.56146010833641,54.34028261349606
,,grass,,18.561158518815738,54.340146370526455
,,grass,,18.56309373668927,54.33949161535776
,,grass,,18.56328629760727,54.339438029612715
,,grass,,18.56348145929186,54.33937505307978
,,grass,,18.563643311714483,54.3393299193078
,,grass,,18.563771218645627,54.33965434741431
,,grass,,18.563959229964293,54.3395874067134
,,grass,,18.56416186214853,54.33952089168226
,,grass,,18.56436145521198,54.33945932400226
,,grass,,18.564583620440867,54.33939326901601
,,grass,,18.568055507479098,54.3383605112052
,,grass,,18.567703885277187,54.33837599801946
,,grass,,18.56771587264562,54.33883330412114
,,grass,,18.563558294128313,54.34355073330643
,pitch,,,18.595226695533672,54.3261616478444
,,grass,,18.59542174448799,54.32608025860504
,,grass,,18.594887909546422,54.32536082193961
,,grass,,18.612565850734185,54.33890486755413
,,grass,,18.61369954351472,54.338694017511
,,,grassland,18.601088232521594,54.33666437866096
,,grass,,18.56181320003993,54.34384187435922
,,grass,,18.561531394563044,54.34392329753407
,,grass,,18.488905926119845,54.43073893440605
,,grass,,18.614584627482532,54.40208301013749
,,grass,,18.612641925984267,54.40146180639338
,,grass,,18.59361146464532,54.32879767465956
,,grass,,18.595541100234055,54.329272246160386
,,,grassland,18.596517732315398,54.32543033732224
,,grass,,18.598777623275335,54.328621850876154
,,grass,,18.6021340065064,54.325470999811145
,,grass,,18.598425065275606,54.32850715964507
,,animal_keeping,sand,18.573162120155033,54.428406761633184
,,animal_keeping,sand,18.572270914649412,54.4259627292196
,,animal_keeping,sand,18.57247173665105,54.42642817069968
,,grass,,18.59303520965144,54.327470857921725
,,grass,,18.6595122853579,54.35090904217354
,,grass,,18.594246583382738,54.327755331306584
,,grass,,18.592847343626687,54.32646093232451
,,grass,,18.592426886053293,54.326863612827566
,,grass,,18.597515970154458,54.327710422890036
,,grass,,18.595593599649128,54.32724670088116
,,grass,,18.595756064631185,54.32731621341253
,,grass,,18.59590997168075,54.32739438843545
,,grass,,18.596304383091606,54.32720131994244
,,grass,,18.597413553253336,54.327092696456646
,,grass,,18.597228584354088,54.32736087916198
,,,wood,18.61411190750847,54.35174142154313
,,grass,,18.594073390856156,54.28201364360897
,,grass,,18.644588364447866,54.35403663575272
Ogród na Ołowiance,park,,,18.660294789176078,54.35310639671657
,,grass,,18.661098915982727,54.352854585777465
,,grass,,18.660585841593864,54.35274108397841
,,grass,,18.660364932821263,54.35276844890526
,,grass,,18.66125794937792,54.35313891741595
,,grass,,18.661077888857974,54.35322036819864
,,grass,,18.662911554774347,54.35454210674767
,,grass,,18.66330634741788,54.35458769413779
,,grass,,18.663990633333334,54.3547617
,,grass,,18.663767133333334,54.35464913333333
,,grass,,18.664308348610522,54.35491419970182
,park,,,18.632851032324083,54.321637719229514
,park,,,18.635054805261525,54.32463046061525
,,grass,,18.634062033046025,54.32457951755518
Park Schopenhauera,park,,,18.634343597386916,54.32640209094865
,,grass,,18.63520706685106,54.328100028363274
,park,,,18.586714243078564,54.34790247116521
,,,grassland,18.632403440204087,54.32945295436582
,,,grassland,18.629828219822045,54.333945715078784
,,,grassland,18.633550619316658,54.32915129736954
,,grass,,18.477134931912595,54.380963410475296
,,forest,,18.67467679045629,54.31892658678803
,,,grassland,18.67812741761233,54.31791235601246
,,grass,,18.6319379701239,54.32459352975395
,,,grassland,18.63258030329948,54.3281505212282
,,grass,,18.64078552881845,54.324354096346184
,,grass,,18.632370730142444,54.32291384028142
,,,wood,18.462150810194288,54.448081513896895
,,,scrub,18.46048026917564,54.44842037286442
,,meadow,,18.57454631407319,54.28377415674817
,,,grassland,18.551362106828698,54.31315890731122
,,grass,,18.556644489301565,54.30807325203137
,,,grassland,18.550173233890487,54.3129679297392
,,,grassland,18.555423570713142,54.30770522483018
,,grass,,18.557500467249533,54.30655579924121
,,grass,,18.59150102867668,54.33341616221137
,,grass,,18.591623997803843,54.333410410534896
,,,grassland,18.59494988427924,54.33080680817943
,,,wood,18.46626366477712,54.430592726098666
,,,,18.57074155,54.44465415
,,,,18.570551342944853,54.444782268035475
,,,wetland,18.470289964348588,54.43957341599344
,,,grassland,18.580730170497763,54.39592047454905
,,,grassland,18.44716906385615,54.419129827910545
,,,grassland,18.457755786648306,54.415681103386454
,,,grassland,18.49788841631328,54.353119319047494
,,grass,,18.466144341142694,54.42449220572751
,,greenfield,grassland,18.466482388640564,54.421076597474645
,,greenfield,grassland,18.478378491752217,54.423282182403156
,,grass,,18.591480490553206,54.38156735255615
,,grass,,18.59103615453556,54.38176245449902
,,grass,,18.590002547035123,54.38121856294509
,,,water,18.55985399427088,54.37945907512651
,,,scrub,18.494566937285114,54.32250426774176
,,,grassland,18.569806652705978,54.41958864060146
,,grass,,18.647644904649052,54.35387593201949
,,grass,,18.648329516494723,54.35572179600744
,,grass,,18.648087109361814,54.355655786461256
,,grass,,18.647860250000004,54.35559310000001
,,grass,,18.647655937775852,54.355537604910616
,,grass,,18.60609428346978,54.394238855226504
,park,,,18.59994549696509,54.38970071897656
,,grass,,18.62569585655952,54.385635574006244
,,forest,,18.567640755210686,54.28128352369721
,,grass,,18.629163725995834,54.32177714681061
Zielony Staw,park,,,18.552979232655456,54.33157897302974
Park Leśny w Osowej,,,wood,18.4657180684994,54.42908828606937
,,,wood,18.484431303352356,54.42828011954506
,,greenfield,grassland,18.452772616388565,54.41998462538583
,,,wood,18.479294407333846,54.4280612590999
,,,grassland,18.48200669456272,54.420666745061254
,,,grassland,18.461905325398586,54.4241874041074
,,,grassland,18.480525339143234,54.43026279632172
,,,grassland,18.47894612852214,54.43115053217055
,,grass,,18.47892576880054,54.42879619024147
,,,grassland,18.47848930442635,54.42801008051423
,,greenfield,grassland,18.475266324300456,54.42530092694215
,,,grassland,18.476549074611718,54.42204549731877
,,,grassland,18.460205077046226,54.42845913376489
,,,grassland,18.470795955110315,54.419272715295975
,,,grassland,18.478822861701033,54.41692751011945
,,,grassland,18.475676358625535,54.423374581397056
,,,grassland,18.472418428982166,54.425748064556444
,,,grassland,18.478132960220552,54.42402059508694
,,grass,,18.482099512376532,54.42702919530311
,,,wood,18.48627009083963,54.43062007199512
,,,grassland,18.483875116131326,54.43073739661622
,,,grassland,18.48068048996254,54.43164576407956
,,,grassland,18.46105676623161,54.43001656043427
,,,wood,18.470614730028174,54.43329527204262
,,,grassland,18.453997412610807,54.42129377057676
,,,grassland,18.458717423986993,54.42680600250256
,,,grassland,18.44960406323221,54.41877079000841
,,,grassland,18.450026732795997,54.41845914601234
,,,grassland,18.454793891437056,54.417081119338356
,,,grassland,18.451577899634728,54.415336316161195
,,,grassland,18.455353721996747,54.41578216306087
,,,grassland,18.477166118917733,54.412431443756965
,,,grassland,18.47093351200224,54.413470803688114
,,,grassland,18.46974090226379,54.41520284142315
,,meadow,,18.45779001186202,54.43463614698016
,,,grassland,18.485188256665566,54.4120723005917
,,grass,,18.48024964991058,54.41323348861738
,,,grassland,18.480110191090336,54.41264973300894
,,,grassland,18.46089531681426,54.43457477388645
,,,wood,18.461008824189047,54.435350674594275
,,,wood,18.463174718088737,54.437494694885004
,,,wood,18.46205703654794,54.43711103135282
,,,grassland,18.46182018006121,54.43744664514523
,,,wood,18.464562882547877,54.43644900150597
,,,grassland,18.4607483676007,54.439013376908065
,,,grassland,18.457226573387395,54.4281395664974
,,,grassland,18.54047415100468,54.40818073449985
,,,wood,18.540151672282224,54.40845733992107
,,,wood,18.537499322134625,54.40808017866537
,,,grassland,18.53830387213845,54.40838013021558
,,,wood,18.539396793070157,54.40771808100321
,,,grassland,18.544530127178145,54.40985214169427
,,greenfield,grassland,18.468621925516917,54.42961565732812
,,,grassland,18.486244681766653,54.418539227828
,,,grassland,18.476369149999996,54.42461620000001
,,grass,,18.478193630284366,54.42440073436031
,,,grassland,18.481521505497756,54.414020681601144
,,,grassland,18.483632967445306,54.41408370578051
,,,grassland,18.484556864749425,54.41400687444102
,,,grassland,18.485932580403816,54.4136907988946
,,grass,,18.5948470886635,54.409774015754536
,,,wood,18.590756968545335,54.39424136094929
,,grass,,18.588594233446685,54.396264218912584
,,,wood,18.567579449914213,54.412262174118126
,,,wood,18.562046105647507,54.41345465112172
,,,wood,18.601226779968904,54.32506601868708
,,grass,,18.646884478378176,54.35058192249127
,,grass,,18.64913269013538,54.354424655802966
,,grass,,18.45701892073098,54.38039465953021
,,grass,,18.594872591188352,54.398169548366766
,,grass,,18.594408768582614,54.39825791149685
,,grass,,18.59614147309339,54.39723198099992
,,grass,,18.59317975617447,54.399070465266995
,,grass,,18.59310772121739,54.39891586689295
,,grass,,18.593090384965798,54.398837048614915
,,grass,,18.594966577614514,54.39845987089482
,,industrial,grassland,18.403246025254703,54.3942374753787
,,grass,,18.59833023381044,54.39560901932821
,,grass,,18.598122296684913,54.38982778227102
,,grass,,18.64678233106035,54.39058568093814
,,grass,,18.644353633630033,54.391145570696175
,,grass,,18.642184839268747,54.39237907677045
,,grass,,18.642856938417022,54.3921179355499
,,grass,,18.641456970526395,54.39183405104022
,,grass,,18.6472057957546,54.38874354958463
,,,grassland,18.588143978057825,54.32643754992427
,,,wood,18.579747973301455,54.323813050986324
,,,grassland,18.420644847224867,54.40422305794018
,,,grassland,18.419475866057052,54.402021691769825
,,,grassland,18.416669855882514,54.40207289920868
,park,,,18.61876628033835,54.378727533647606
,,grass,,18.478094842350288,54.38037346838188
,,grass,,18.479193687322848,54.380482797822246
,,grass,,18.47772143646426,54.3805295888614
,,grass,,18.51133056666667,54.352348933333325
,,grass,,18.51166964514332,54.351697977853476
,,grass,,18.511353200000002,54.351517533333336
,,grass,,18.5113423,54.35191664999999
,,,wood,18.57201613492968,54.32507809862512
,,,wood,18.569599445676204,54.32935676734215
,,grass,,18.5697852377342,54.35017033731172
,,grass,,18.570646449999998,54.349997900000005
,,grass,,18.570186240755557,54.349205750444796
,,grass,,18.569101348859142,54.349385854513876
,,grass,,18.569334272246806,54.34924052048657
,,grass,,18.578230571351042,54.35997016685031
,,grass,,18.578516690849163,54.35976828456747
,,grass,,18.578637761817753,54.35964363785973
,,grass,,18.553224516539654,54.349168419742384
,,grass,,18.55404758688579,54.3489863976792
,,grass,,18.644891059777986,54.34945400833571
,,grass,,18.644528329051738,54.34886900510239
,,,wood,18.628210844701865,54.36006621355259
,,forest,,18.408724745192366,54.36581176838523
,,grass,,18.640138729851177,54.356301907385394
,,grass,,18.63991005,54.35602015
,,grass,,18.64607920871115,54.35763994070188
,,grass,,18.645787312942556,54.35825749772921
,,grass,,18.646742954887184,54.35792571804029
,,grass,,18.646585754644104,54.35802028800523
,,grass,,18.646087599838914,54.35230063399104
,,grass,,18.405903868214345,54.40963303546056
,,grass,,18.626213484978305,54.35859213392124
,,grass,,18.625700947570966,54.35875806128324
,,,wood,18.713075642500943,54.361983552538504
,,,grassland,18.59446607565708,54.30083952189862
,,,grassland,18.47370345506589,54.41021312740539
,,,grassland,18.469117232873593,54.409618417628124
,,,wood,18.59984096334053,54.30323075784279
Skwer przy ul. Drzymały,park,,,18.566930773288746,54.407261094146186
,,grass,,18.66262226666667,54.35454553333332
,,forest,,18.409487818250373,54.40019915981417
,,forest,,18.40916706810124,54.4020701619453
,,forest,,18.407021505627654,54.40302706093725
,,meadow,,18.413778875107795,54.412726057838654
,,,wood,18.413336490772625,54.4123232438944
,,meadow,,18.413054269723034,54.41263856940149
,,grass,,18.57690581507041,54.35966384043138
,,meadow,,18.466431663977982,54.40470054532455
,,grass,,18.62249835100115,54.36051549381531
,,grass,,18.408730379943844,54.392056687423725
,,grass,,18.675400918829492,54.34625333042983
,,grass,,18.6397635924251,54.36094923504784
,,grass,,18.600893527291316,54.33909192923733
,,grass,,18.600829787051353,54.33870477759262
,,grass,,18.59989849706242,54.33781260146506
,,grass,,18.40559458597656,54.38832443474404
,,grass,,18.63456504897019,54.36534134030013
,park,,,18.633423627414828,54.35916635022458
,,grass,,18.633365408470564,54.351088538758646
,,grass,,18.61004421798794,54.37511095694857
,,grass,,18.609833200299228,54.37517787550519
,,grass,,18.60954544945485,54.37507138676093
,,,,18.67937829711633,54.396399554019965
,,,,18.67932259967743,54.396338679239804
,,,,18.678991,54.396250550000005
,,,,18.678520498483564,54.39557918836078
,,,,18.678456331686437,54.39559195563402
,,,,18.678564792394965,54.395330880322696
,,,,18.67861785939643,54.39539295773077
,,,,18.679927065532443,54.39521536395533
,,,,18.67955968144371,54.395118877567135
,,,grassland,18.67943938706919,54.395682807229576
,,,,18.679139286668683,54.39584636747784
,,,grassland,18.678858397985078,54.39431282828806
,,,wood,18.68078929815161,54.395130568731496
,,,wood,18.67770023477116,54.394390907865606
,,,wood,18.68027154285245,54.39689963226185
,,,grassland,18.680405749720734,54.396434921701236
,,,grassland,18.68125290564449,54.3960761634794
,,,grassland,18.67966835689633,54.39670663040671
,,,grassland,18.57056323516355,54.42793934805566
,,,wood,18.57105247544873,54.42592653756251
,,,wood,18.570237789650143,54.425960833380756
,,,wood,18.57440789794307,54.42664743739016
,,,wood,18.573739761671316,54.42606150016487
,,,wood,18.572418550728724,54.4283326408955
,,,wood,18.568201069713286,54.4309120568183
,,,wood,18.57349463480793,54.42924619591497
"Zbiornik retencyjny ""Świętokrzyska I"" - część sucha",,grass,water,18.56632874560811,54.322495679657585
,,,wood,18.674726145642005,54.37971980093163
,,grass,,18.60876740279082,54.40943522246129
,,,grassland,18.60625736145204,54.41118571036957
,,grass,,18.560160013457754,54.340437881511654
,,grass,,18.662577427265752,54.34567580282279
,,grass,,18.663143079635486,54.346021006314054
,,grass,,18.664120274302867,54.34515547129901
Majdan,,grass,,18.639421425830065,54.35638428314926
,,,grassland,18.58177743613568,54.42742567756399
,,grass,,18.659692882766592,54.35285906188146
,,grass,,18.6713045880926,54.35423308231086
,garden,,,18.671922913254736,54.3543681493484
,,,wood,18.61884429175559,54.33177961860671
,,,grassland,18.618657967718406,54.330409814096754
Park Diany,park,recreation_ground,,18.47437018379146,54.421624418294314
,,grass,,18.643387500376573,54.35058632517339
,,,grassland,18.654504639331083,54.33842575055614
,park,,,18.601014053699235,54.38807111815043
,,grass,,18.571596246438276,54.41975969009955
,,grass,,18.57249915341208,54.42053751418846
,,grass,,18.571568322174723,54.42031474053856
,,grass,,18.569982914834643,54.420676593979785
,,grass,,18.62699994109042,54.36618648230412
,,,,18.627019002162474,54.366190952389665
,,grass,,18.626684667313526,54.36613939988601
,,grass,,18.464078924169815,54.383661351367685
,,grass,,18.46826410411637,54.382811370549085
,,grass,,18.47085418459452,54.382270466790025
,,grass,,18.470579153113544,54.381793042804176
,,grass,,18.47037468253805,54.382988416306134
,garden,,,18.463288606970643,54.38310609414764
,,grass,,18.46195021225122,54.38352681490809
,,grass,,18.47254317440767,54.42049232136267
,park,,,18.67658994212359,54.346611520292036
,,,wood,18.570496188502464,54.4469367189782
,,,wood,18.572587033301215,54.44410814621456
,,,wood,18.5717876747153,54.4449602048838
,park,,,18.608862277848385,54.38131998085537
,,grass,,18.607442410195777,54.377961003170334
,,grass,,18.608079221912405,54.37803194628485
,,grass,,18.609712503269,54.396735008941164
,,grass,,18.607811852843838,54.37586425414852
,,grass,,18.607461220478903,54.37598158903149
,,grass,,18.614812891126657,54.29911087754239
,,,wood,18.622746218179138,54.29474465236598
,,greenfield,wood,18.621588761901535,54.295218517891435
,,,wood,18.620352343576837,54.295307128496425
,,,wood,18.612286639918327,54.29760957273092
,,,wood,18.616433585094292,54.29708336708949
,,,wood,18.615024072392885,54.29547130503191
,,residential,,18.559351954395005,54.42552107601074
,,,grassland,18.457088938421556,54.406817805980744
,,grass,,18.491488568862277,54.36506909482158
,,,grassland,18.491360418999356,54.36376585723102
,,grass,,18.511940585745,54.35025165610779
,,grass,,18.512699045871695,54.35106588814067
,,grass,,18.58742855664927,54.3040427315968
,,grass,,18.512816119893742,54.3498163602321
,,grass,,18.50916602730228,54.350225002578235
,,grass,,18.510684535014057,54.349549044685915
,,grass,,18.51134797128703,54.35039432827717
,,grass,,18.512302092220587,54.35102133763601
,,grass,,18.513279435050595,54.35105198464383
,,grass,,18.512458010910034,54.35052963215485
,,,wood,18.502547878856728,54.35629031715601
,,grass,,18.48313410629968,54.35652732101148
,,grass,,18.487369194115544,54.35609497549066
,,grass,,18.48322074921124,54.35648527528682
,,grass,,18.483441486143896,54.35639769336274
,,grass,,18.48345645920366,54.35617629587045
,,grass,,18.483466089429278,54.355807695559065
,,grass,,18.487270489628592,54.35650315993619
,,grass,,18.483967360345382,54.35642789607197
,,grass,,18.48458557545059,54.35701986206767
,,grass,,18.586713219305917,54.33661604539177
,,grass,,18.5875783614016,54.33684058029731
,,,wood,18.60623395101784,54.41340053097668
,garden,,,18.56529634797154,54.39668274522638
,,grass,,18.566587350234006,54.39461292029204
,,,water,18.56125240409411,54.3959214142687
,,,water,18.560358464864084,54.39559220581974
Helipad 7 Sz MW,,grass,,18.565363133878336,54.394063396546535
,,,wood,18.58432602692813,54.41808317428793
,,,grassland,18.432912294293477,54.37192407930575
,,grass,,18.444881675952203,54.36542122452291
,,grass,,18.585050379365686,54.37891193571519
,,grass,,18.585206096210676,54.37915930867938
,,grass,,18.585659876463644,54.37903018380734
,,grass,,18.58558313830244,54.37881106779551
,,grass,,18.584642187608868,54.379071151046375
,,grass,,18.583968073207885,54.37877693746302
,,grass,,18.5845698290321,54.37866031731281
,,grass,,18.58446553029232,54.37884774896858
,,grass,,18.5839656705365,54.37862104749013
,,grass,,18.583868160696532,54.37907194272135
,,grass,,18.58397525063334,54.37897276095699
,,grass,,18.585753246987615,54.37928351652969
,garden,,,18.576973704376393,54.4250222301235
Park Dragana,park,,,18.61142749038745,54.34008691443445
,,grass,,18.63233916351283,54.365759282526284
,,grass,,18.62089338783719,54.37190681601097
,,grass,,18.6204842838626,54.371621368048785
,,grass,,18.62073034898808,54.371535684031684
,,grass,,18.620697753225034,54.37141589427488
,,grass,,18.621054142788033,54.37168608346973
,,grass,,18.621024444977746,54.37153926327686
,,grass,,18.621388529717684,54.37147245187098
,,grass,,18.62161074826402,54.37158420710774
,,grass,,18.62169953334135,54.3716119041365
,,grass,,18.62143936658455,54.37170095352517
,,grass,,18.54364657742702,54.3677890941913
,,,wood,18.399814370368723,54.400259932291114
,,,grassland,18.40067808695498,54.40005061078435
,,,grassland,18.401017705752047,54.39870005770748
,,,grassland,18.403102952784266,54.398549391815436
,,,wood,18.403523810463795,54.397778799354526
,,,wood,18.402825929346335,54.399405377838356
,,grass,,18.629788944543378,54.3662283933151
,,meadow,,18.441142455530233,54.39141999877855
,,,wood,18.436624160999738,54.39419171164376
,,,water,18.437430655520245,54.393101766436445
,,meadow,,18.437482292813613,54.39312682125832
,,meadow,,18.43855785582592,54.39115969957485
,,meadow,,18.439920294271687,54.39202807859179
,,meadow,,18.439228409212276,54.39054379845
,,,grassland,18.502457188490155,54.28382785156235
,,grass,,18.749377497103858,54.31519966358306
,garden,,,18.645532367790643,54.36373865635657
,,,wood,18.64428277948361,54.40727030857149
Stawa dolna,,industrial,,18.640203380964245,54.408637371779356
,,grass,,18.482386435863255,54.352823921082454
,,grass,,18.485251515917085,54.354689579865244
,,grass,,18.617457330977523,54.341283051407
,,grass,,18.61743600988182,54.34112082286766
,,,grassland,18.41385826666667,54.41173786666667
,,grass,,18.661030205089418,54.356433650832145
,,grass,,18.661249197521663,54.356138457788944
,,grass,,18.661395002048348,54.35594176526865
,,grass,,18.661475229893508,54.355831414405515
,,grass,,18.660441592691555,54.3569237572746
,,grass,,18.66179775414276,54.35543027215906
,,grass,,18.661656976542876,54.35524567928084
,,grass,,18.660843605995026,54.35711245960009
,,,wood,18.537963149270244,54.34414543987337
,,,grassland,18.4425800516811,54.41904937757527
,,grass,,18.644248260939545,54.39234738574873
,,grass,,18.644706328993003,54.39256276713332
,,grass,,18.645176970054017,54.39232329942044
,,grass,,18.645371031505082,54.3921360241712
,,grass,,18.568069286726786,54.327213210828226
,,grass,,18.56821563270713,54.32664665634512
Ogrody Doraco,park,,,18.562840101470595,54.41254563907121
,,,wood,18.564474701404418,54.41139035136439
Placyk rekreacyjny im. Jacka Malczewskiego,park,,,18.61612323795897,54.3478703729132
,,grass,,18.664165151604976,54.400324988003206
,,grass,,18.649253291866337,54.36069040915482
,,grass,,18.550651156664006,54.34905932853496
,,grass,,18.547268339001274,54.34683410272293
,,grass,,18.64193584267328,54.34868875961122
,,grass,,18.64179873592625,54.3498753878674
,,grass,,18.64201425865559,54.349776852777
,,grass,,18.642299986968577,54.34784997576005
,,grass,,18.64210997470778,54.3505524621648
Park Okazała Strzyża,park,,,18.58122639615549,54.390094723621466
,,grass,,18.7475747682512,54.31843517506233
,,grass,,18.65476971666787,54.34439925113419
,,grass,,18.69561776001497,54.342710565764754
,,grass,,18.69974053742064,54.34330196290959
,,grass,,18.658949066660412,54.34481810559183
,,grass,,18.658609029602125,54.344269433419136
,,,wood,18.620756148067866,54.30898328730687
,,meadow,,18.627137872474194,54.30653474783547
,,,wood,18.59099854766278,54.313294386984964
,,grass,,18.650743490082743,54.3562397135115
,,grass,,18.65147133819221,54.35644894365502
,park,,,18.6264932070359,54.379941622135085
,,grass,,18.587428895300494,54.40512694108224
,,grass,,18.56682876754742,54.41785465636607
,,grass,,18.580655954609632,54.40180803183935
,,grass,,18.58092527976855,54.40168073881775
,garden,,,18.58095877836922,54.40146224952898
,,,wood,18.694350630055073,54.38296804168954
,,,wood,18.691863562766283,54.383299504174225
,,grass,,18.579316769969076,54.4006944396621
,,grass,,18.579416751810726,54.40055153243163
,,grass,,18.58083776160491,54.40200721465205
,,grass,,18.638606390850164,54.407255391190006
,,forest,,18.42920048060274,54.41927339524321
,,,grassland,18.621278566570133,54.35046617118641
,,grass,,18.417615719907726,54.433603218871795
,,grass,,18.593940144771924,54.417659884382864
,,grass,,18.59427731210779,54.417734630821826
,,grass,,18.594435879196425,54.41757663734583
,,grass,,18.660297234783066,54.352192547005984
,,grass,,18.660417742752355,54.35235745512319
,,grass,,18.58668575804695,54.357960284733466
,,grass,,18.582117200114112,54.39986374006236
,,grass,,18.576858578019394,54.401794972961646
,,grass,,18.40095915152293,54.407254993826406
,,grass,,18.576594132754114,54.40105836195606
,,grass,,18.57737376186638,54.400276035458106
,,grass,,18.682267655012968,54.34880556737281
,,grass,,18.682712736106932,54.3481870106644
,,grass,,18.681920781495474,54.34851888669822
,,grass,,18.682145770113735,54.34870465008526
,,grass,,18.679621697532035,54.3489794876571
,,grass,,18.679509316826998,54.34885077496093
,,grass,,18.679735883422214,54.348818802639826
,,grass,,18.680441204619388,54.34882715439538
,,grass,,18.68207260770434,54.34807181497228
,,grass,,18.68357448991721,54.34801817712169
,,grass,,18.682413927604856,54.348198868524186
,,grass,,18.578523248562405,54.42345937077686
,,grass,,18.681573869089302,54.349519269485455
,,grass,,18.68164833472065,54.34926271387719
,,grass,,18.681221016685008,54.348626074079455
,,grass,,18.66838611791167,54.34552478450327
,,grass,,18.71153196971981,54.35050999834483
,,,wood,18.63793502581163,54.33953115159112
,park,,,18.61122998610879,54.384358220547234
,garden,,,18.612199580094767,54.38472535584924
,garden,,,18.612065797969706,54.384831498484075
,,grass,,18.608974936625533,54.385381574513005
,,grass,,18.608561141977,54.385968824512275
,,grass,,18.44960680885638,54.373579981628254
Park Ferberów,,,wood,18.62719448606353,54.3026176695543
,,forest,,18.433127945495283,54.415406840057244
,,,scrub,18.49115239735176,54.331140673035875
,,,wetland,18.50457930977882,54.32764574415657
,,,water,18.507247140775554,54.32751027840884
,,plant_nursery,,18.503994524441154,54.32963613714039
,,,grassland,18.442620245588888,54.418242250006884
,,,wood,18.441763896276175,54.41662274702925
,,forest,,18.437544650503124,54.41633342982151
,,,grassland,18.438032467894814,54.415014371774475
,,forest,,18.439495098459485,54.41658433085159
,,,grassland,18.466792213933136,54.33856641486641
,,,wetland,18.478127892459216,54.336934281945716
,,,wetland,18.47937704175019,54.33745752750602
,,plant_nursery,,18.470782608559325,54.329707499201874
,,,grassland,18.47215491150139,54.327657918344606
,,,grassland,18.43847360203468,54.420744889867414
,,,grassland,18.440045450450558,54.42082483608073
,,,wood,18.439995182190934,54.421045021911524
,,,grassland,18.440550797286786,54.41356213968216
,,,wood,18.441999277857384,54.4156922502651
,,,wood,18.43974582305467,54.413962766248545
,,,grassland,18.440749033573454,54.415138521427586
,,forest,,18.43780765865581,54.41541820346636
,,,grassland,18.437312652859845,54.4154923792684
,,,grassland,18.440404287924206,54.420625991967476
,,,grassland,18.441028490897143,54.42033008687861
,,forest,,18.438190815633487,54.42390307104135
,,,grassland,18.4405424577858,54.42244167764799
,,,wood,18.439996426724736,54.42214225659449
,,,grassland,18.435508785020204,54.42441099254337
,garden,,,18.439800359474884,54.41892712299456
,,forest,,18.586056801330972,54.28023506012214
,,grass,,18.439128074186453,54.41961892396437
,,,grassland,18.44430198283277,54.42133542988252
,,grass,,18.442597936597515,54.420384927449625
,garden,,,18.441513465834635,54.41925001106119
,garden,,,18.44192330252802,54.419407638324806
,garden,,,18.441862885248778,54.41957877123877
,,,wood,18.439955939303534,54.419781251258726
,,forest,,18.435582323146026,54.42015078840366
,,,grassland,18.435002364111728,54.41996010210159
,,forest,,18.432938221768076,54.416271081915596
,,forest,,18.43198632541969,54.417003286837016
,,forest,,18.43410438405731,54.41671061814512
,garden,,,18.432995397081818,54.41930189047031
,,forest,,18.42427100209049,54.41460936593786
,,forest,,18.418099085385293,54.4103231707134
,,,grassland,18.419289960075364,54.40547038026668
,,,grassland,18.428654423678374,54.40627879561388
,,,wood,18.42510710448087,54.426163441947544
,,forest,,18.41481593821162,54.42348189193341
,,grass,,18.41720176054731,54.42193974484205
,,grass,,18.41690208783755,54.42251697876846
,,,wood,18.419251895609577,54.42400480846513
,,grass,,18.431513578918075,54.40623579454234
,,,grassland,18.436173322834435,54.41344250914045
,,grass,,18.4367553791332,54.409547227177335
,,,grassland,18.43474227722764,54.40514430377932
,,,wood,18.45598121166416,54.400432735805374
,,,grassland,18.431234234568098,54.423829064372654
,,,grassland,18.63524207318529,54.28776589743865
,,,grassland,18.597280985690812,54.3000376187566
,,,water,18.597713074405682,54.30002571274004
,,,wood,18.587895799103926,54.299933883781165
,,,wood,18.58780866407546,54.299522834103236
,,,wetland,18.554598514726354,54.42665974793134
,,,grassland,18.44161134308796,54.41450620145084
,,,grassland,18.443582687388222,54.413861436902636
,,,grassland,18.44163784717762,54.41367672011763
,,grass,,18.42883804274603,54.425008754585974
,,grass,,18.425458110886296,54.42314938141953
,,,wood,18.428811150319326,54.429092899283305
,,,wood,18.430078304304303,54.427745735973105
,,grass,,18.42772550366722,54.428547773739965
,,,wood,18.427165018930733,54.42901105353226
,,,grassland,18.444202943596956,54.414958342276485
,,,grassland,18.44599796116536,54.41476220829575
,,,grassland,18.44555766265316,54.41437680113882
,,,water,18.60866687128085,54.30511310422105
,,,water,18.60898873313891,54.30530148346391
,,,wood,18.60515971572229,54.30740910078454
,,,wood,18.6099400390847,54.30870142109048
,,,wood,18.608695149323648,54.30601757519475
,,,wood,18.604980166187868,54.30410056588426
,,,wood,18.607693434016095,54.302089928776525
,,,grassland,18.608121452436432,54.3046377420782
,,,grassland,18.607069156848826,54.30300126999944
,,grass,,18.567110237309482,54.41706168757699
,,greenfield,grassland,18.566649222122713,54.41456644130214
Park Opacka,park,,,18.5551443329219,54.4105295457799
,,,wood,18.455892644606802,54.43213814746547
,,,grassland,18.45476551292977,54.43142267807698
,,,grassland,18.454897316894062,54.43114216448992
,,,wood,18.45499329100696,54.43149292849513
,,,wood,18.4493061212201,54.43140665286412
,,residential,,18.453337021644682,54.43152820896553
,,grass,,18.451675966532537,54.433804675712004
,,,grassland,18.453058852483686,54.43430144082985
,,forest,,18.452844464679035,54.43342595723933
,,,grassland,18.585550927881524,54.365966644973625
,,grass,,18.5716745306568,54.376140743295814
,,grass,,18.580729228395644,54.376803835276945
,,grass,,18.583025653076266,54.377767894040815
,,grass,,18.582822936053503,54.37792972167653
,,grass,,18.58224084177979,54.37731799649152
,,,grassland,18.581988146313293,54.377854349923
,,,wood,18.57867026727638,54.37715990673015
,,grass,,18.579650696415413,54.37753473516787
,,grass,,18.58363410723068,54.37803676354818
,,grass,,18.584045040321154,54.37809764497932
,,,grassland,18.58739548285537,54.376368694554905
,,,wood,18.57701012484328,54.38118623479502
,,,wood,18.54915299787757,54.32943698763537
,park,,,18.661746361118677,54.34324480487489
,,grass,,18.662609755062945,54.34332102244743
,,grass,,18.66277239029086,54.343645257464935
,,grass,,18.662934577474974,54.343967134459305
,,grass,,18.662822350000003,54.34391204999999
,,grass,,18.66269504635491,54.34365930723724
,,grass,,18.662529734524426,54.34332950154125
,,grass,,18.661854282530683,54.34259939403717
,,grass,,18.66190563638083,54.342557474391135
,,grass,,18.66127369841876,54.3422453891707
,,grass,,18.661229596310598,54.34228638052121
,,grass,,18.660949810257968,54.34215314071716
,,grass,,18.661028968147424,54.342128693850164
,,grass,,18.660004755314606,54.3416425186941
,,grass,,18.659941588927687,54.341675192257235
,,grass,,18.65878673462473,54.34112786761245
,,grass,,18.65885438007385,54.341097124320044
,,grass,,18.657668380036004,54.34053645817854
,,grass,,18.657648461772645,54.34058993548516
,,grass,grassland,18.505198540638858,54.350123947223736
,,,grassland,18.50845215747774,54.349516145513014
,garden,grass,,18.51095317391487,54.3500170123363
,,grass,,18.517606005089544,54.34863192679297
,,grass,,18.517230515890788,54.34814233357553
,,grass,,18.516455248169322,54.35008814105756
,,grass,,18.517820009151578,54.351047316674574
,,grass,,18.5177600384141,54.350229680691285
,,grass,,18.521953813518106,54.348285171931224
,,grass,,18.520110703378382,54.346885814707534
,,grass,,18.520373540824906,54.34846709399345
,,grass,,18.520776963496736,54.34993065607841
,,grass,,18.523055076082457,54.34928919420154
,,grass,,18.52202116192178,54.35067028992152
,,grass,,18.519676307629314,54.351026053524656
Konwaliowe Wzgórze,nature_reserve,,,18.543078899931345,54.441130112511
Kokoryczowe Zbocze,nature_reserve,,,18.562154053192067,54.445163099304445
,,forest,,18.545442117294268,54.29209854090892
,,grass,,18.600640866390822,54.402853430372865
,,grass,,18.58542363528139,54.3330767287241
,,grass,,18.60497761969314,54.32405941509958
,,grass,,18.605306133268115,54.324385890701116
,,grass,,18.60578837183725,54.32472551390395
,,grass,,18.60517947736586,54.3234684737776
,,grass,,18.604698356404317,54.322454313288475
,,grass,,18.604684391092018,54.3233147709512
,,grass,,18.603998007175882,54.32326775938293
,,grass,,18.60424741993533,54.32341212961976
,garden,,,18.559616996337624,54.33936272224988
,,grass,,18.55975102368861,54.33939618105924
,,grass,,18.547266995123785,54.34425028143325
,,grass,,18.55752424561445,54.33819586514027
,,grass,,18.62879464874826,54.321943395677714
,,,wood,18.605674950599752,54.33255605914284
,,,wood,18.578511308307988,54.43574795335585
,,greenfield,grassland,18.451878423365926,54.41485353939664
,,,wood,18.603741884979318,54.422427540727085
,,greenfield,grassland,18.731950038422394,54.371592768552034
,,,wood,18.733299221452107,54.37238341784867
,,grass,,18.61908518217838,54.37225416249225
,,,wood,18.593085766469798,54.31557313951029
,,grass,,18.589045584884346,54.403670502899665
,,grass,,18.59026192881313,54.403827174883574
,,grass,,18.572359208898124,54.41131223665886
,,grass,,18.5727388,54.411146499999994
,,grass,,18.534653816754584,54.35047262519346
,,grass,,18.640044317106746,54.347587712812015
,park,,,18.58350666564904,54.40912519855453
,,grass,,18.579302144232916,54.409182767695924
,,grass,,18.584100525203652,54.412551081139576
,,grass,,18.584470953506056,54.41289155344829
,,grass,,18.542687299785406,54.33355606274693
,garden,,,18.604985523615316,54.40001346529883
,,grass,,18.581177822594455,54.412913561849706
,,grass,,18.554080257126895,54.29484580423626
,,grass,,18.61662460869417,54.35942552481496
,garden,,,18.608690966568947,54.38011973789929
,,grass,,18.6183671,54.35903504999999
,,grass,,18.616407542066575,54.359667140916606
,,grass,,18.6026136,54.38237070000001
,,grass,,18.602774901953126,54.382352313579084
,,grass,,18.602681371641648,54.382307439249715
,,grass,,18.602719208898925,54.382225834018925
,,grass,,18.59910389985551,54.383037683869546
,,grass,,18.599004150000003,54.38295195
,,grass,,18.598942777995276,54.38258187598331
,,grass,,18.598957963117762,54.382660014369996
,,grass,,18.598859134449928,54.382512941102576
,,grass,,18.59980209464906,54.38201199827252
,,grass,,18.5984565786192,54.38217060731647
,,grass,,18.59839721234798,54.38225003889895
,,grass,,18.603754360940368,54.37980456805248
,,grass,,18.60401534434024,54.38028193285436
,,grass,,18.604656363594493,54.37957149139418
,,grass,,18.60454285,54.379624299999996
,,grass,,18.60442255,54.37967675000001
,,grass,,18.604299250000004,54.379731500000005
,,grass,,18.60399356534925,54.37986493267885
,,grass,,18.604256137200824,54.38007442728303
,,grass,,18.6040619,54.380430600000004
,,grass,,18.6042454,54.38035169999999
,,grass,,18.603530535300223,54.38010575393979
,,grass,,18.602027736183633,54.38062059395404
,,grass,,18.60248688213883,54.3803597905016
,,grass,,18.606664786106716,54.38058799226503
,,grass,,18.606828455871778,54.38053789957548
,,grass,,18.60687617940686,54.37841942260337
,,grass,,18.605768214263083,54.38097913906882
,,grass,,18.605939925120147,54.380801144151015
,,grass,,18.61207977640196,54.3791412213773
,,grass,,18.613937552951267,54.37617589667752
,,grass,,18.613448967567837,54.37630614744426
,,grass,,18.612319461871916,54.376646533470094
,,grass,,18.609453583899334,54.377624984207536
,,grass,,18.61017786293291,54.37736595423595
,,grass,,18.571944660039623,54.42073574893423
,garden,,,18.61591930633381,54.377501359700545
,,grass,,18.5955178,54.42426686666667
,,grass,,18.597854436571595,54.38314392910728
,,,,18.560390496999354,54.394812730487
,,grass,,18.575123356837295,54.37751748208212
,,grass,,18.57569513006293,54.37671634041528
,,grass,,18.577557574886853,54.377637927648315
,,grass,,18.573536176594306,54.379220933296565
,,grass,,18.573973757004442,54.380200677381914
,,grass,,18.57252141390722,54.378412027299284
,,,wood,18.573087012820704,54.37876790568969
,,grass,,18.57810619600396,54.37778124231466
,,grass,,18.577781657430315,54.377692983189824
,,,grassland,18.570762661301845,54.37826735247293
,,grass,,18.607036011448244,54.319406306930794
,,grass,,18.606249072484992,54.32247889694898
,,,scrub,18.606623446449255,54.32041606107084
,,,scrub,18.606585913218748,54.32089291008434
,,,grassland,18.484475251336725,54.411421392880165
,,forest,scrub,18.584666096489283,54.37707549676909
,,forest,scrub,18.58597447075379,54.37678266136853
,,grass,,18.585113613640278,54.37680000816331
,,grass,,18.582817812396318,54.37808042321676
,,grass,,18.584124401718782,54.3778139607337
,,,wood,18.579301516382987,54.378314284418174
,,,grassland,18.57157476790717,54.37266802820207
,,grass,,18.59784184192828,54.378756486613554
,,grass,,18.599137034649754,54.378584847970444
,,grass,,18.598329343588333,54.37868728883593
,,grass,,18.601016095144402,54.378364870550286
Skwer Bohaterskiego Mariupola,park,,,18.60416490148047,54.377820707019964
,,grass,shrubbery,18.60560046686239,54.37768952728501
,,grass,,18.604775481226284,54.37790200661083
,,grass,,18.6052093,54.377845300000004
,,grass,,18.605303399182965,54.377790055250166
,,grass,,18.646459700444822,54.35406874616759
,,grass,,18.646404221689977,54.35415527425374
,,grass,,18.646364890323753,54.354207868937934
,,grass,,18.64632808349441,54.35425895864608
,,grass,,18.588357233333333,54.38045703333332
,,grass,,18.58814415411589,54.38024278540971
,,grass,,18.586132187026596,54.3791205824813
,,grass,,18.58449973610599,54.37862412710283
,,grass,,18.585600856832393,54.37879435923918
,,grass,,18.584972807251706,54.37870086194373
,,grass,,18.58849956666667,54.379667633333334
,,grass,,18.588672850000005,54.379607650000004
,garden,,,18.58874849504371,54.37933348922248
,garden,,,18.589091217739746,54.37949866426893
,garden,,,18.589478173391353,54.37936290371053
,,grass,,18.589807099802453,54.37933905529373
,,grass,,18.61091463939971,54.36150974849424
,,,wood,18.567988579239827,54.438552865778185
,,,grassland,18.609581939850738,54.38061966329692
rondo im. Wiktorii Czerwionki,,grass,,18.473435765392182,54.42511037988234
rondo im. Maksymiliana Kiczki,,grass,,18.47362034643265,54.42583869939697
,,grass,,18.472778453382297,54.425125427335466
,park,,,18.421909956675915,54.441658769967916
,,meadow,scrub,18.63379444887085,54.28922915952446
,,grass,,18.634084202325198,54.28961802650206
,,,grassland,18.686711964001805,54.3751442729
Skwer gen. Marka Bezruczki,park,,,18.56748357001037,54.409034100792034
,,,wood,18.5063900948892,54.294427467821535
,,grass,,18.59149190035605,54.408745062931274
,,grass,,18.59214373213473,54.40885406326808
,,grass,,18.592222448933445,54.40864459373785
,,grass,,18.5930626319777,54.408852405115255
,,grass,,18.59394388875492,54.40892347031497
,,grass,,18.59440569087377,54.409157424130946
,,grass,,18.5867515287604,54.41598003884721
,,grass,,18.58700193797315,54.41600798165701
,,grass,,18.588005710935125,54.41218998788028
,,grass,,18.588182675570877,54.41222108853174
,,grass,,18.585991779599578,54.41591866259535
,,grass,,18.58667008292886,54.41624063255131
,,grass,,18.586927207360677,54.41627043266875
,,grass,,18.58644483595175,54.41595937953723
,,grass,,18.58711195063339,54.41576514677477
,,grass,,18.586791903377843,54.41571741311152
,,grass,,18.587314913582816,54.41605065640188
,,grass,,18.587740002053643,54.41617545761938
,,grass,,18.588178139847724,54.41240703618389
,,grass,,18.587750806213062,54.412437345082324
,,grass,,18.587929067156008,54.41245071325696
,,grass,,18.58780171616123,54.412055321243336
,,grass,,18.588001056462122,54.41204409581714
,,grass,,18.589101279496305,54.408866109524226
,,grass,,18.58871022605717,54.40886905931948
,,grass,,18.589596554941103,54.408490452341056
,,grass,,18.590040564951398,54.408423938832186
,,grass,,18.590859589263562,54.40836184981077
,,grass,,18.589348081535878,54.40830247871607
,,grass,,18.589198540787695,54.408549116850345
,,grass,,18.58887324465256,54.40849739939685
,,grass,,18.588383196741034,54.40895680429083
,,grass,,18.5884084018086,54.408876185699114
,,grass,,18.58824535673709,54.408882575144936
,,grass,,18.58852368811473,54.40855137483939
,,grass,,18.588957806361584,54.408148481579985
,,grass,,18.589309029945777,54.40816253311741
,,grass,,18.5909540739146,54.40416279651391
,,grass,,18.591328714429043,54.40422150634232
,,grass,,18.590787300382704,54.40382083326379
,,grass,,18.59186572697698,54.403937346722344
,,grass,,18.592362794306165,54.40401633268344
,,grass,,18.591240167378274,54.40353209888702
,,grass,,18.59161688565476,54.403578803731044
,,grass,,18.591136116665766,54.40384256823891
,,grass,,18.591456733544092,54.40389548153534
,,grass,,18.587450422355378,54.41234958263693
,,grass,,18.587494853710226,54.412023678933124
,,grass,,18.601888146164256,54.42159551294881
,,grass,,18.598067085773213,54.41340093376893
,,grass,,18.583607628820722,54.41986953925011
,,grass,,18.583861114625737,54.41995236084285
,,grass,,18.593230583128364,54.40857706883425
,,grass,,18.595006742713068,54.40900886402977
,,grass,,18.59628990595965,54.409085682631854
,,grass,,18.647658407834804,54.36010076845106
,,grass,,18.64772777969575,54.35990976941077
,,grass,,18.645723918094987,54.36119355458056
,,grass,,18.6455732774334,54.36148251164697
,,grass,,18.64606948350849,54.36161720518401
,,grass,,18.646250226236372,54.361483466358536
,,grass,,18.646169333333333,54.36145703333333
,,grass,,18.645414638940593,54.36193828372892
,,grass,,18.645702983129596,54.361726364236226
,,grass,,18.64984078667907,54.35807452632779
,,grass,,18.650281008142823,54.35783617355035
,garden,,,18.645856024912874,54.35463914212437
,garden,,,18.645835481067806,54.35450193594582
,garden,,,18.64603615033445,54.35539594939547
,,grass,,18.652482037242592,54.35684101046061
,,grass,,18.652784342536922,54.35693393653667
,,grass,,18.65300911487952,54.357025009127966
,,grass,,18.653468519297913,54.35719965561769
,,grass,,18.653262857301296,54.357127073612276
,,grass,,18.65270674677296,54.35831029318769
,,grass,,18.647765824157705,54.35515724845878
,,grass,,18.647721678008693,54.355264766893264
,,grass,,18.65004335,54.35442510000001
,,grass,,18.64979084503116,54.35467434239461
,,grass,,18.649999385010023,54.35688286650651
,,grass,,18.64983793112622,54.35701482327961
,,,wood,18.663846859275473,54.337181889594326
,,,wood,18.662251651060096,54.33734604742611
,,,wood,18.663976054666403,54.33627038927698
,,,wood,18.66366607036734,54.336465963567115
,,,wood,18.666442506496068,54.33783328257231
,,,wood,18.665841810432084,54.33840690045752
,,greenfield,grassland,18.667423939609648,54.338086454356905
,,grass,,18.40031131912597,54.395270588782935
,,grass,,18.40021874987185,54.39509732146075
,,meadow,,18.40061696597077,54.39548115189635
,,grass,,18.40014971911193,54.39602572824857
,,grass,,18.400036286282788,54.3954072486439
,,grass,,18.399419794298073,54.39514887143099
,,grass,,18.400033874462128,54.39512923140304
,,grass,,18.65268693406993,54.35548412581649
,,grass,,18.65281717629085,54.354540381187334
,,grass,,18.65304886666667,54.35471316666666
,,grass,,18.652879335030768,54.354738919301404
,,grass,,18.649447041743482,54.353223779810286
,,grass,,18.649465783780883,54.35293496881343
,,grass,,18.650178477551933,54.35327044956493
,,grass,,18.647771405889024,54.3533360276623
,,grass,,18.647704799699426,54.35317935217403
,,grass,,18.648141154266757,54.35318479534289
,,grass,,18.59923406336455,54.409663110966406
,,grass,,18.59917183943262,54.409769293909235
,,grass,,18.599307633295936,54.409792847880716
,,grass,,18.59978417695235,54.40981275576289
,,grass,,18.600372742361973,54.40980763433838
,,grass,,18.59942534762152,54.40990482736875
,,grass,,18.601443537672278,54.40999533983841
,,grass,,18.601421606567197,54.410172937044095
,,grass,,18.600931736012495,54.41008146833638
,,grass,,18.598172580032514,54.40961081253732
,,grass,,18.598610481878698,54.40938510152089
,,grass,,18.595659160048193,54.40886393282376
,,grass,,18.595147025521303,54.40877498123718
,,grass,,18.59650189205181,54.40899574991461
,,grass,,18.59470417323907,54.408928198188974
,,grass,,18.59451068640694,54.40893865914046
,,grass,,18.59272556515583,54.40860836411581
,,grass,,18.59107213817974,54.4085810245075
,,grass,,18.59117967322793,54.40853457563126
,,grass,,18.59147871267318,54.4084759713414
,,grass,,18.590365956165627,54.4086071892208
,,grass,,18.590094335725027,54.4082133967237
,,grass,,18.59070045666668,54.40822582271696
,,grass,,18.590732038385507,54.40815343691144
,,grass,,18.59144733162388,54.40820416005288
,,grass,,18.591451644252746,54.408265753723235
,,grass,,18.592094481872923,54.40829291937177
,,grass,,18.59220883493474,54.408239221600525
,,grass,,18.592209618203814,54.408182353503825
,,grass,,18.592514331003837,54.40826358646605
,,grass,,18.593362429729844,54.408464440773386
,,grass,,18.592548740546803,54.40819517314538
,,grass,,18.594878941710412,54.40873028429738
,,grass,,18.596634692722194,54.408937116777004
,,grass,,18.599481338819782,54.40953801326431
,,grass,,18.60068828652381,54.40975392473025
,,grass,,18.595042502168514,54.409340744518424
,,grass,,18.594909539380637,54.40962645343974
,,grass,,18.594566824229094,54.40974197574438
,,grass,,18.59477782273374,54.40991998126684
,,grass,,18.59506636055282,54.40985459245538
,,grass,,18.601295915910082,54.4097889144857
,,grass,,18.600742894160216,54.40967799028695
,,grass,,18.600095748353368,54.40956053001806
,,grass,,18.599488533333336,54.40946093333333
,,grass,,18.599469145148518,54.40936419284716
,,grass,,18.602251833068582,54.410030905233704
,,grass,,18.602421756797717,54.410194146755224
,,grass,,18.602673098574108,54.410273094517336
,,grass,,18.601990112882376,54.41026363848065
,,grass,,18.603953124981544,54.41050577172407
,,grass,,18.604343579862427,54.410593975799124
,,grass,,18.603356808167604,54.41037957251523
,,grass,,18.60423942469684,54.410809068874094
,,grass,,18.60464575337466,54.41093689912566
,,grass,,18.605017115273633,54.410656873371664
,,grass,,18.593839310558327,54.409605043747085
,,grass,,18.5943866152711,54.40972171199687
,,grass,,18.594017889818147,54.409659543206686
,,grass,,18.593691092637112,54.40937240911481
,,grass,,18.59378262016552,54.4092448192066
,,grass,,18.59344455226509,54.40979821837395
,,grass,,18.593388309842286,54.40990768390152
,,grass,,18.593360949889156,54.409958033658675
,,grass,,18.593305061358166,54.41007223720532
,,grass,,18.594525372270628,54.40998599989019
,,grass,,18.59508047677212,54.40972185570575
,,grass,,18.594736415742716,54.41000777250012
,,grass,,18.595207405442363,54.40989645991091
,,grass,,18.528350783905736,54.351683095580064
,park,,,18.625123622855202,54.40327769532384
,,,grassland,18.4240735328179,54.37617746646001
,garden,,,18.60452540524024,54.40017771737973
,,grass,,18.603055402280035,54.396566426133134
,,grass,,18.60296254441399,54.39612032839466
,,grass,,18.643144550577173,54.34770215358194
,,grass,,18.642924880117143,54.347726029096975
,,grass,,18.643039233204856,54.347893725733776
,,grass,,18.641528812778105,54.34819802933833
,,meadow,,18.408802801522434,54.341467735396066
,,grass,,18.648608094663217,54.35934266987703
,,grass,,18.64785842219101,54.359470294438545
,,grass,,18.64811543158936,54.359366726689046
,,grass,,18.648048318615906,54.35989010966707
,,grass,,18.648547115588805,54.359714677513985
,,grass,,18.648857992934392,54.35963635520721
,,grass,,18.631204441597013,54.376613089998465
,,grass,,18.631059860426667,54.37643170559689
,,grass,,18.631206588226174,54.37623354340357
,,grass,,18.631304337638024,54.37610169373805
,,grass,,18.631210214865877,54.37598200798552
,,grass,,18.630811608278528,54.37589726038346
,,grass,,18.631131716041097,54.37584758200164
,,grass,,18.630875498405697,54.37544297864222
,,grass,,18.629003062167264,54.37511749790101
,,grass,,18.62944062738905,54.375192956672784
,,grass,,18.62940986983879,54.37478759802364
,,grass,,18.629933053664374,54.375028623388765
,,grass,,18.630699777088367,54.374908436962144
,,grass,,18.63023376784101,54.375812202123655
,,grass,,18.63033584162023,54.3760422788073
,,grass,,18.629745549303927,54.37600723580874
,,grass,,18.6300924987338,54.376271644624964
,,grass,,18.630404454541146,54.37629869915306
,,grass,,18.629975611348506,54.37567521122855
,,grass,,18.629964518012894,54.37548648998768
,,grass,,18.629478968991023,54.37552239067908
,,grass,,18.629357506556246,54.375719353358775
,,grass,,18.630917948179107,54.37455974628639
,,grass,,18.630963867970184,54.374375152971496
,,grass,,18.630887306800425,54.37606450883855
,,grass,,18.632107868001096,54.37711830909209
,,grass,,18.63161425621153,54.376303975438304
,,grass,,18.631530966547025,54.3763459915864
,,grass,,18.631845363694012,54.376424428949555
,,grass,,18.63208047953903,54.37661628373408
,,,wood,18.706564161576782,54.38292534914409
,,,wood,18.703692507526068,54.382384599184995
,,,water,18.690759888125086,54.385864970155545
,,,wood,18.68791711947658,54.38055529648711
,,grass,,18.41514412918305,54.40205884654123
,,grass,,18.58196705062729,54.384716988089544
,,grass,,18.581828331255263,54.38466124839953
,,grass,,18.58274462507996,54.38414305590295
,,grass,,18.582651750746006,54.38434668592577
,,grass,,18.582612726275343,54.37905391619052
,,grass,,18.582854808650044,54.37895745760028
,,grass,,18.58229003585035,54.379900504935115
,,grass,,18.58133118385822,54.37956626554337
,,grass,,18.581328380749543,54.37941347487887
,,grass,,18.580368737668767,54.37917270847051
,,grass,,18.581487547529733,54.37920196619418
,,grass,,18.578988737751885,54.37899480420647
,,grass,,18.58393637811518,54.38033639217376
,,grass,,18.58439382166409,54.38039999885342
,,grass,,18.584640943590635,54.380661315620124
,,grass,,18.585521977611325,54.38089309960761
,,grass,,18.568647778326056,54.37491961159901
,,grass,,18.566420871988537,54.373382117841096
,,,wetland,18.518959979526613,54.29945286937275
,,grass,,18.599977342721925,54.410002217208536
,,grass,,18.600218060383114,54.41004396561793
,,grass,,18.600543742192674,54.41008865960367
,,grass,,18.600602798640924,54.410546039657646
,,grass,,18.600757538576396,54.410222138085146
,,grass,,18.60107253358441,54.410212028982954
,,grass,,18.601436413970006,54.41027460679659
,,grass,,18.601784943577606,54.410336107467266
,,grass,,18.60223016498561,54.410415566890926
,,grass,,18.60254938629623,54.41046926236187
,,grass,,18.598821986297313,54.41005005998254
,,grass,,18.59850825560335,54.40973054517982
,,grass,,18.597378431311313,54.409551205889414
,,grass,,18.596443322252515,54.40937911912301
,,grass,,18.59562519293299,54.40924912405242
,playground,,,18.590191136798186,54.31450409064045
,,grass,,18.594132069166683,54.39926625126504
,,grass,,18.593674705425038,54.399483180269876
,,grass,,18.59320406666667,54.39924130000001
,,grass,,18.59293398930645,54.399356923783785
,,grass,,18.59269040507561,54.39906804880289
,,grass,,18.592313643640818,54.398827413694484
,,grass,,18.592469250010218,54.398721780017674
,,grass,,18.593592878365413,54.399141699002186
,,grass,,18.59651605829695,54.39770046684253
,,grass,,18.5995794598439,54.395737395797966
,,grass,,18.59973773117882,54.3957888211414
,,grass,,18.608277125607337,54.388798094143674
,,grass,,18.608619203911537,54.38894316452932
,,grass,,18.608917784260985,54.38902829523491
,,grass,,18.609133755817655,54.389085795089166
,,grass,,18.607603716323563,54.39040505485076
,,grass,,18.607942834325968,54.39035866833774
,,grass,,18.60907507085842,54.389515813085495
,,grass,,18.60899030841887,54.38965885049226
,,grass,,18.60830397467375,54.38925820930532
,,grass,,18.603815898368037,54.39320432453503
,,grass,,18.60386402117806,54.393327105081376
,,,grassland,18.4790281976762,54.415722175969414
,,grass,,18.468737170935718,54.41663205631642
,,grass,,18.469731938758578,54.4165681752474
,,grass,,18.479946784467835,54.41619671978754
,,grass,,18.47938124579745,54.416313572076625
,,grass,,18.478890203788197,54.41623233752219
,,grass,,18.47827980189879,54.41624149063455
,,grass,,18.47715764928144,54.41628985179576
,,grass,,18.47964406622388,54.415814835748336
,,grass,,18.479419877067944,54.4160116212058
,,grass,,18.47898819418537,54.41609822987076
,,grass,,18.477348848489864,54.41617700280953
,,grass,,18.474800848354587,54.416282639914584
,,grass,,18.474161911231015,54.41643575055076
,,grass,,18.47186882244428,54.416377420239094
,,grass,,18.479635002000826,54.41615844456981
,park,,,18.624090944884642,54.40637358346425
,,,wood,18.619740343744578,54.40724895924759
,,,wetland,18.505204626367124,54.30290876711505
,,grass,,18.649812353203455,54.38861570722029
,,grass,,18.649413240284325,54.38876875491385
,,grass,,18.649881926577432,54.38884691043403
,,grass,,18.6506694003584,54.3885304066553
,,grass,,18.651322162644334,54.38808251567735
,,grass,,18.648791780302744,54.388229814455244
,,grass,,18.649066478101496,54.387952056506776
,,grass,,18.649277627149303,54.38762046829679
,,grass,,18.649439697021197,54.38749881350577
,,grass,,18.649785014991572,54.38731459463562
,,grass,,18.65055170857369,54.38730266544037
,,grass,,18.649628483502166,54.38794212613546
,,grass,,18.65022523278678,54.387651711089056
,,grass,,18.650321320278795,54.38829998848351
,,grass,,18.648717449648167,54.387584188311436
,,,grassland,18.65026927603581,54.38905022370442
,,grass,,18.650914350359177,54.388747365608864
,,,,18.496445141522766,54.32485155852907
,park,,,18.627868572500088,54.37978698794689
,,grass,,18.630193741678305,54.38014694170647
,,meadow,,18.588532452368433,54.284358314054344
,,grass,,18.609821264532112,54.40840933360848
,,grass,,18.609849064906154,54.408509479384435
,,grass,,18.610354294920157,54.40836163482043
,,grass,,18.610324657456637,54.40823915230554
,garden,,,18.61011609468519,54.408251718518834
,,grass,,18.610075993009286,54.40799048202068
,,grass,,18.61020013135333,54.40803711814123
,,grass,,18.60965322746622,54.40806464338255
,,grass,,18.607991916699614,54.40696951051729
,,grass,,18.60822473257005,54.40703562143492
,,grass,,18.608505224976824,54.4072146080289
,,grass,,18.60781684525627,54.40746480364122
,garden,,,18.60959463208453,54.40808683324965
,garden,,,18.609315880039485,54.408145569322095
,,grass,,18.60964932862725,54.407998119177265
,,grass,,18.60935950403719,54.40795255534551
,,grass,,18.6114522115203,54.408074788785136
,,grass,,18.608489098859295,54.40899564314723
Park Dworu II,park,,,18.557128860568536,54.40252123891438
,,,wood,18.582855821255713,54.33084512371098
,,forest,,18.562525819654642,54.39994295575696
,,,wood,18.50431700555377,54.37640728432613
Dawna żwirownia,,logging,,18.556819812311506,54.399097390293846
,,grass,,18.560109418173166,54.402757514223836
,,grass,,18.559575360139903,54.40281228889218
,,grass,,18.559557087677387,54.403031099731365
,,grass,,18.574329298236933,54.397886601995744
,,grass,,18.57428355986691,54.398239288559104
,,grass,,18.573901881230515,54.39783347778544
,,,grassland,18.5760601825217,54.397921259771806
,,grass,,18.573676334347294,54.39655829974815
,,grass,,18.5727041226,54.397495275934375
,,grass,,18.573567171706955,54.394514731294635
,,grass,,18.573178188714678,54.394975081175716
,,grass,,18.575061020013287,54.39429189758945
,,grass,,18.578935176864363,54.39588037044109
,,grass,,18.5758959484627,54.39911418319714
,,grass,,18.575349812710485,54.399786431894846
,,grass,,18.573491651827176,54.401556886755735
,,grass,,18.573216726269337,54.40200737875913
,,grass,,18.573876086182928,54.40182563251818
,,grass,,18.573115859273827,54.40306065439936
,,grass,,18.572869385013913,54.403430792333594
,,grass,,18.572787677821097,54.40328725066991
,,grass,,18.573280316615435,54.40226582993987
,,,water,18.563699499085377,54.396147182079154
,,,wood,18.580257373092508,54.38991937468094
,,greenfield,grassland,18.580425386921927,54.39114513733604
,,,grassland,18.58036460390946,54.39334435623137
,,grass,,18.61122114766267,54.38726237594657
,,grass,,18.611190167114348,54.38711308139506
,,grass,,18.58702517210619,54.33059968119342
,,grass,,18.587293074202474,54.33040318437654
,,,wood,18.586850717198566,54.33039681116285
,,,wood,18.586539,54.3303846
,,,wood,18.58674521566483,54.33030061577737
,,,wood,18.586817611044193,54.33012036297887
,,,wood,18.587087598332328,54.330117348108786
,,grass,,18.586950978617256,54.33032778384192
,,grass,,18.58654645,54.3306474
,,,wood,18.58734375425687,54.33066313700216
,,grass,,18.587011665741194,54.33003764099466
,,,wood,18.586950004948083,54.33003212346747
,,grass,,18.586972900000003,54.330096366666666
,,grass,,18.58678886157379,54.330191810923594
,,grass,,18.58663705760436,54.33036783680589
,,grass,,18.586317923246035,54.32934418253799
,,grass,,18.586085195771112,54.32925861609484
,,grass,,18.585834505365206,54.329197575276446
,,grass,,18.58538093686604,54.32909337694749
,,grass,,18.585583787272743,54.32913148334635
,,grass,,18.600189934336584,54.38365975240661
,,grass,,18.598280808147095,54.3822194986085
,,grass,,18.58173998296401,54.40260891246096
,,grass,,18.58637546549407,54.403389132238644
,,,wood,18.557146063388398,54.40559319709876
,,,grassland,18.55955345203922,54.40427401522373
,,,,18.563139200000002,54.39502184999999
,,,wood,18.56671118296644,54.392070431348934
,,,wood,18.565383896292516,54.391084411934045
,,,wood,18.56233212466568,54.3916420734361
,garden,,,18.567123958373447,54.39656223036439
,garden,,,18.563466011609034,54.397066067112085
,garden,,,18.561988813683246,54.39925762017188
Kalwaria,park,,,18.62431535438277,54.35930950845624
,,forest,,18.406863147929805,54.39173540385388
,,,wood,18.561726816624656,54.39487824141759
,,grass,,18.563739344470623,54.39553488681002
,,grass,,18.5645122518431,54.39560573200778
,,grass,,18.56413911338513,54.39632283243358
,,grass,,18.558458842819526,54.407286184182134
,,grass,,18.55789212170309,54.406966698206226
,,grass,,18.557737966531285,54.4070433297913
,,grass,,18.557525097892885,54.40726638067597
,,grass,,18.559246912466627,54.40705498612509
,,grass,,18.559208778592744,54.40670770896353
,,grass,,18.55832230454722,54.40672416143389
,,grass,,18.5588091826266,54.406769782347006
,,grass,,18.557677679026703,54.406614019361
,,grass,,18.57014309144641,54.405757710533784
,,grass,,18.569816714162474,54.40517731394184
Park kieszonkowy,garden,,,18.562848700000004,54.40296955000001
,,grass,,18.570355462814373,54.405274781120085
,,grass,,18.571437925954253,54.408106478625136
,,grass,,18.57159039165141,54.40735819146244
,,grass,,18.569805522340687,54.39683135434125
,,grass,,18.562347053557517,54.39610135034695
,,grass,,18.56085096998566,54.39571174946576
,,grass,,18.565505002032523,54.39503116752116
,,grass,,18.56430081162283,54.39546451107313
,,grass,,18.566893990182514,54.40332325218113
,,grass,,18.566133856359748,54.403258099583944
Skwer przy ul. Husa,park,,,18.56820264195701,54.40661454224372
Skwer Księdza Jana Kaczkowskiego,park,,,18.55807569606847,54.43970545891397
,,,grassland,18.565072622018775,54.414954034186195
,,grass,,18.573646422399708,54.40125307089986
,,grass,,18.57343088112014,54.401353666771435
,,grass,,18.570515070672666,54.409976082775636
,,grass,,18.614883401603688,54.35441280244044
,,grass,,18.57288855327714,54.40210876959025
,,,wood,18.571081991723176,54.410934616563665
,,,wood,18.57053728108135,54.411072612478236
,,,wood,18.557293503713534,54.40432360013427
,,,wood,18.548727716406844,54.40654661689052
,park,,,18.64889446059131,54.39218121458931
,,grass,,18.5712881470416,54.43540833525417
,,grass,,18.57133559398132,54.43534673999836
,,grass,,18.569008985514248,54.41435531742119
,,grass,,18.565311590555932,54.413735441996245
,,grass,,18.564546490983304,54.41341032385529
,,grass,,18.564507628594985,54.41365486038041
,,grass,,18.565845993347374,54.41372154927404
,,grass,,18.563783821186348,54.41384841777137
,,,wood,18.56405222779185,54.41142385919725
,garden,,,18.563000101950465,54.41171339457489
,pitch,,,18.652999567054863,54.33919224558389
,pitch,,,18.65338152744737,54.33912095039202
,,grass,,18.58090618574096,54.40125072141676
,garden,,,18.61388902865675,54.385803726633625
Alpinarium,garden,,,18.562535132551844,54.410481194556276
,,grass,,18.565837499243557,54.41256714248286
,,,wood,18.541292526790688,54.30461581046042
,,,wood,18.569956242904052,54.29229745381958
,,grass,,18.592036357274385,54.34379092285063
,,grass,,18.592178199665955,54.3436390161025
,,grass,,18.599547884872706,54.409833487348514
,,grass,,18.59960632421178,54.409706689672
,,grass,,18.56438961962556,54.41019049972342
,,grass,,18.56248748175788,54.40978514368231
,,grass,,18.561691584104505,54.409649079197415
,,grass,,18.55950305,54.410004400000005
,,grass,,18.559288449999997,54.409981349999995
,,grass,,18.559072549999996,54.40995874999999
,,grass,,18.559733380525426,54.411045835459625
,,grass,,18.560197803220827,54.41109054874394
,,grass,,18.560039977544534,54.411418518317504
,,grass,,18.559603974041266,54.411353059013095
,,grass,,18.559793623519383,54.411209568911616
,,,grassland,18.588427083090007,54.31407678383828
,,grass,,18.55734341366845,54.41070118096729
,,grass,,18.55725635603326,54.41022367343688
,,grass,,18.56467755448302,54.41681486859873
,,grass,,18.558496931954476,54.409835919575144
,,,wood,18.55068643510854,54.40948666046127
,,grass,,18.59569925137363,54.39762269658851
,,grass,,18.615416100600427,54.39807034922132
,,,wood,18.59360927956449,54.37576500380196
,,grass,,18.664125424692088,54.35387681499225
,,grass,,18.56676796214301,54.43549368892269
,,grass,,18.567201452271117,54.43568102308315
,,grass,,18.56009294757627,54.419623924984826
,,grass,,18.55993524353636,54.419653597444814
,,grass,,18.55958575569375,54.41944659507467
Skwer im. Krzysztofa Kolbergera,park,,,18.589205116893652,54.38597810059925
,,,wood,18.42162520924662,54.324284137192066
,,,grassland,18.461507390978102,54.31686275796066
,,,wood,18.422848305633988,54.3628105667126
,,,wood,18.564556681723232,54.29407580199283
,,,wood,18.57130124044899,54.435730706179825
,,grass,,18.586097753392558,54.4305862665446
,,grass,,18.582360223727594,54.43252019128901
,,grass,,18.582242264329977,54.43310575331248
,,grass,,18.578609428364505,54.43475748109202
,,grass,,18.572720535161377,54.39972749420409
,,grass,,18.572557950091074,54.399677209863704
,,grass,,18.572117250697357,54.399442325442585
,,grass,,18.5711139579362,54.39971956180489
,,grass,,18.569333322127296,54.39920257853714
,,grass,,18.56956036898773,54.39939611342738
,,grass,,18.574211428790527,54.40044271222749
,,grass,,18.571466834326873,54.39996919538015
,,grass,,18.572580547546018,54.40029509545113
,,grass,,18.572066966666664,54.400284333333325
,,grass,,18.571632070359033,54.40023950706653
,,grass,,18.5712484762528,54.400128520031046
,,grass,,18.571040025425905,54.400173509003615
,,grass,,18.57093683448867,54.400344420026755
,,grass,,18.57081864091727,54.40052143606156
,,grass,,18.57169577961715,54.4001665102661
,,grass,,18.570533821668054,54.39981260461446
,,grass,,18.570255130294345,54.399799969571184
,,grass,,18.569313216662657,54.39951742668223
,,grass,,18.568904952241958,54.39939474152142
,,grass,,18.569900361886262,54.39994810185054
,,grass,,18.57037226558783,54.40114719140501
,,grass,,18.570103551020154,54.400802918957126
,,brownfield,grassland,18.554877979714224,54.40817541965916
,,,grassland,18.597341883667386,54.39058768078824
,,,grassland,18.598037920512475,54.39118732217684
,,,grassland,18.599243988134173,54.39229640260452
,,grass,,18.600858517374643,54.40996392237389
,,grass,,18.600349567416483,54.409853691969495
,,grass,,18.595917046579586,54.42397678081873
,,grass,,18.59487082342168,54.423720192405824
,,grass,,18.594174926147133,54.423420676987995
,,grass,,18.592518167715035,54.423524932642806
,,grass,,18.593350223862192,54.42356284071597
,,grass,,18.59346413333333,54.42351756666667
,,grass,,18.593138390429697,54.42302886519741
,,grass,,18.59302143997312,54.422873864649986
,,grass,,18.591523500994484,54.422657722633666
,,grass,,18.590785001600207,54.422381618351636
,,grass,,18.591107391017296,54.42231590584037
,,grass,,18.59126990475437,54.422206161138924
,,grass,,18.591424403783776,54.42284506842452
,,grass,,18.589892937526304,54.42195116033594
,,grass,,18.59001321736384,54.42183701511223
,,grass,,18.58936621026364,54.42161046226592
,,grass,,18.589581806267297,54.42198834263109
,,grass,,18.58998042852052,54.42211649363846
,,grass,,18.590237323472063,54.42219822606157
,,grass,,18.589010290716367,54.42180807411477
,,grass,,18.58879612343227,54.42174473264099
,,grass,,18.588665324186188,54.421704745340314
,,grass,,18.588603809585017,54.42153481892491
,,grass,,18.588817943475537,54.42149049729979
,,grass,,18.58772922982389,54.42141225964301
,,grass,,18.587311158774416,54.42128323517067
,,grass,,18.586034567852774,54.420888715031474
,,grass,,18.586573065417873,54.420879636430286
,,grass,,18.584826099314718,54.420293394812084
,,grass,,18.587147667661174,54.42095174857805
,,grass,,18.583739444164074,54.41978303397832
,,grass,,18.58392363774718,54.41985273014485
,,grass,,18.58425070252442,54.41995029450394
,,grass,,18.58411240443827,54.42008343297891
,,grass,,18.584837004160025,54.42013318102567
,,grass,,18.58386321880928,54.41966976934391
,,grass,,18.584081481236286,54.41975391747085
,,grass,,18.58285632451754,54.42060972141743
,,grass,,18.583229065149236,54.42033054732463
,,grass,,18.583306659952598,54.41981435257192
,,grass,,18.583483713567443,54.41969689548177
,,,grassland,18.6139888338267,54.41256952150841
,,grass,,18.595127033333334,54.331691366666675
,,grass,,18.588368794414336,54.416375956558554
,,grass,,18.59427629727948,54.410240921634845
,,grass,,18.59438572589945,54.409957971776656
,,grass,,18.594334614191197,54.410130340450245
,,grass,,18.594360678422316,54.41008366821186
,,,wood,18.589071733068284,54.409973402014906
,,,wood,18.590116961466116,54.409635162029446
,,,wood,18.590160200150066,54.40930714331094
,,,wood,18.589809779703934,54.4093181948739
,,,wood,18.58967582820393,54.40915929498321
,,,wood,18.58970298131093,54.409746868467806
,,grass,,18.59976831480363,54.337611879339995
,,grass,,18.581746310980208,54.41845601419896
,,grass,,18.581649346572487,54.418406797352525
,,grass,,18.581572889289998,54.41820713249034
,,,grassland,18.588243645017684,54.41997033920073
,,grass,,18.588202996382762,54.420991532369
,,,wood,18.587223958887673,54.420369821628206
,,landfill,grassland,18.608557083144884,54.29934729423286
,,,grassland,18.607974409438526,54.29995851295509
,,,grassland,18.60922470379698,54.299916499840194
,,,grassland,18.604707994094518,54.30300878827848
,,,grassland,18.611507622771768,54.307800608809494
,,grass,,18.57409924717325,54.40108563862435
,,grass,,18.574317701517096,54.400691943601295
,,grass,,18.574415877190628,54.40058153623833
,,grass,,18.574461294286454,54.40097488300671
,,grass,,18.67912015505806,54.39583805806394
,,grass,,18.57294109527879,54.416942517243214
,,grass,,18.566650917260233,54.41814003532213
,,greenfield,grassland,18.577749602257974,54.404304951726246
,,grass,,18.590636098880246,54.40344364702908
,,grass,,18.590038450628075,54.403457618547385
,,grass,,18.589132094348425,54.40355220781882
,,grass,,18.588664770066117,54.40347655254274
,,grass,,18.588463464017824,54.40343973038412
,,grass,,18.588033961655277,54.403366551156665
,,grass,,18.587363287641352,54.40324879719838
,,grass,,18.59212638065025,54.42464943466733
,,,wood,18.593681645268852,54.426563728262174
,park,,,18.593419635195318,54.424489993293506
,garden,,,18.575068446062698,54.37848866996413
,,,grassland,18.55942456949822,54.39278648315922
,,grass,,18.562809316827927,54.419627884288374
,,grass,,18.559822560710085,54.430545069628714
,,,grassland,18.55940507764951,54.42797971129221
,,,water,18.561465315405936,54.42556206787126
,,,water,18.560979549931403,54.42462845182981
,,,water,18.562855526184215,54.42412605161116
,,,water,18.560793190077003,54.4256677645376
,park,,,18.561840002149545,54.4251894090588
,,grass,,18.561255741582812,54.41866264990954
,,grass,,18.56485671411837,54.41406392024728
,,grass,,18.553883433067654,54.41230703441031
,,grass,,18.555014308548746,54.41301813070931
,,grass,,18.55722467327644,54.41236942527083
,,grass,,18.55804206666667,54.4124018
,,grass,,18.556839898758355,54.412535064178016
,,grass,,18.556632066666666,54.412198499999995
,garden,,,18.555381289091326,54.414635336398426
,,greenfield,grassland,18.574889952209343,54.440184276514955
,,,wood,18.531370682062615,54.39970721766588
,,,wood,18.58031068740009,54.39106670641945
,,,wood,18.557077435772072,54.40292707926842
,,,wood,18.557555250136268,54.40222863586582
,,,grassland,18.57718535940995,54.37401089833226
,,,grassland,18.573122852159972,54.37291775484655
,,,wood,18.57475408008904,54.373722022295084
,,,scrub,18.5758255520002,54.37200102860446
,,,grassland,18.57320473091125,54.37453988793372
,,grass,,18.574010652655964,54.371219281694955
,,,grassland,18.57570183542268,54.385087374831805
,,,grassland,18.574166399443673,54.38107107076123
,,grass,,18.571429481024243,54.404777063707115
,,grass,,18.570383905222712,54.40615443506958
,,grass,,18.57022905404262,54.40640142943048
,,grass,,18.57015725911297,54.40654603411026
,,grass,,18.570054664030263,54.40668063852048
,,grass,,18.57095578327951,54.40539679850992
,,,grassland,18.568316718860856,54.41983346455097
,,grass,,18.575379298395386,54.424575245215266
,,grass,,18.5654900654468,54.42377564306191
,,,grassland,18.55197642461865,54.410591142482865
,,,wood,18.609053578715407,54.41517324816026
,,,wood,18.60904618865496,54.41258531849558
,,grass,,18.674106488663117,54.35107223407271
,,grass,,18.67451834471811,54.35065721992034
,,grass,,18.67545362419684,54.3494336210594
,,grass,,18.67539946622919,54.34971155023072
,,grass,,18.675115250000005,54.35006085
,,grass,,18.651754060378817,54.34561871941532
,park,,,18.65207747136894,54.34543706417152
,,grass,,18.65090583998522,54.34395566367576
,,,wood,18.657517258452216,54.34425571777239
,,brownfield,wood,18.655753273192207,54.345003222638844
,,,wood,18.513856994957884,54.37293081698072
,,,wood,18.508633962127195,54.37282821867567
,,,wood,18.510094692711544,54.37291557524742
,,grass,,18.521870442181523,54.371117369367084
,,grass,,18.64728033604796,54.36145102648288
,,grass,,18.655748748970225,54.3592609094172
,garden,,,18.606708997741542,54.3844312743235
,,grass,,18.612765116416476,54.38182086410466
,,,grassland,18.553358864477172,54.408835391883095
,park,,,18.53715479864233,54.404927873689104
,park,,,18.53621826045939,54.40540921846762
,,,water,18.53589914708439,54.40525068557561
,,,wood,18.53572153029628,54.40522506286288
,,grass,,18.536374580290534,54.40570097601676
,,grass,,18.537147737784892,54.40543779834357
,,,water,18.52227867268089,54.40863564021174
,,,grassland,18.58742940135459,54.4200037544055
Skwer Kwitnących Wiśni,park,,,18.591424114598375,54.41378555631965
,,grass,,18.607466283091252,54.381619866043614
,,grass,,18.607056125553328,54.38173739832757
,,grass,,18.607705550000006,54.38155770000001
,,,grassland,18.53722626162153,54.410543552156994
,,,grassland,18.53511128765146,54.4147135524404
,,,grassland,18.535654232346044,54.41119981741051
,,grass,,18.599860778891006,54.414253130600585
,,grass,,18.600493384193125,54.41424048663266
,,grass,,18.600945510888803,54.4140587165877
,,grass,,18.60139408967664,54.413726642474884
,,grass,,18.6015821052551,54.413544947850625
,,grass,,18.6023582388758,54.41281702133363
,,grass,,18.602462941000322,54.41271549941518
,,grass,,18.602667737515695,54.412513455499635
,,grass,,18.60278231898675,54.412386572894235
,,grass,,18.603411720564075,54.411586854763925
,,grass,,18.60373629280703,54.41105981798007
,,grass,,18.603627570260326,54.41068955968967
,,grass,,18.603512970225683,54.41096914795536
,,grass,,18.603413690428837,54.411274819914446
,,,wood,18.66844218255694,54.407941844142506
,,,wood,18.670433466792563,54.40773497065281
,,,grassland,18.56158482109987,54.415614266138114
,,,wood,18.564537861596307,54.420207865195025
,,,water,18.559712359133425,54.420668073911266
,,,water,18.560009066881676,54.42126226082449
,,,water,18.56054894577017,54.42083259518584
,,grass,,18.555141826598362,54.41307299186666
,,grass,,18.55237701596509,54.35103359245921
,,,wood,18.57333133481278,54.31834784168559
,,,wood,18.572382279621543,54.326526772142415
,,,wood,18.569846435204727,54.326523506553116
,,,wood,18.570442340658904,54.32254930368269
,,grass,,18.661222640657172,54.405333136376846
,,grass,,18.660996878931865,54.405081387807705
,,grass,,18.660732800276538,54.405013651063214
,,grass,,18.671506997913216,54.34862663612777
,,,grassland,18.670420239321395,54.348347233482535
,,grass,,18.671255020987402,54.34788325792709
,,,grassland,18.67152393145953,54.346124858510585
,,,wood,18.669713940014514,54.34464807213004
,,grass,,18.66994070434026,54.34423027692557
,,grass,,18.67160143335783,54.34801968640238
,,,grassland,18.671886151840777,54.34742868331691
,,grass,,18.673440600504115,54.34679962876261
,,,wood,18.559535152875807,54.4481205421415
Park na Goyki,park,,,18.559861415002377,54.448919879692205
,,,grassland,18.59631878762834,54.41881156052544
,,,wood,18.593662334958392,54.422079793751976
,,,grassland,18.594657208580603,54.41992464070718
,,,grassland,18.624251176010826,54.40731172515141
,,grass,,18.562988653125927,54.41997084353336
,,,wood,18.415441959707636,54.43886581138042
,,grass,,18.59239536985989,54.42286415784474
,,grass,,18.594711379684163,54.42398511653965
,,grass,,18.594956268447753,54.424711213784754
,,grass,,18.594860304814805,54.424850373163515
,,grass,,18.595364355232824,54.423686287054956
,,grass,,18.59159081872294,54.422173697939996
,,grass,,18.58887554565533,54.42136046333525
,,grass,,18.58693614678377,54.42072691626994
,,grass,,18.584669978722,54.41995685105405
,,grass,,18.583469962018246,54.42014219973442
,,grass,,18.583567198835627,54.42009523095197
,,grass,,18.583101764532078,54.42003117581321
,,grass,,18.583120252924395,54.41994982939811
,,grass,,18.584008029700733,54.42023078949113
,,grass,,18.583884439322876,54.42027233121759
,,grass,,18.58360766232314,54.41958161013611
,,grass,,18.584019744379454,54.419384524607146
,,grass,,18.584050266416018,54.419514068300025
,,grass,,18.584540685171923,54.41936321739209
,,grass,,18.569870537807066,54.40387136738268
,garden,,,18.591294388663645,54.4185927628025
,,,wood,18.588027000514618,54.41924787977661
,garden,,,18.565595228487496,54.40209579667745
,,grass,,18.537560117427915,54.41124616141884
,,,grassland,18.539190927025004,54.41177263593972
,,,grassland,18.543707646320662,54.411834338400936
,,grass,,18.49079899902047,54.35668205874341
,,grass,,18.534045727471398,54.4141216169613
,,,wood,18.533380542430105,54.413872735972966
,,,water,18.529450316775932,54.4140687291234
,,,grassland,18.536459034004036,54.41065969033358
,,,grassland,18.536831673478407,54.410518974646344
,,,wood,18.531787375590664,54.41628681056119
,,,wood,18.531645061108716,54.41422107959325
,,,wood,18.53247606198666,54.414243251971875
,,grass,,18.626530463208958,54.37529573275059
,,grass,,18.62638244342484,54.37546180676454
,,grass,,18.625602742343357,54.375393303048874
,,grass,,18.625577838856213,54.37526968767124
,,grass,,18.592000695656974,54.4009491531444
,,grass,,18.592167362505,54.400644401289675
,,grass,,18.592389861754366,54.40035060535703
,,grass,,18.59209873607255,54.40101646153217
,,grass,,18.591838769425955,54.40117836736285
,,grass,,18.592456443238383,54.401049748980185
,,grass,,18.59178407272966,54.401698466815276
,,grass,,18.591573119180346,54.40216009885271
,,grass,,18.59132157453497,54.402626544444594
,,grass,,18.592622830375348,54.3999021145389
,,grass,,18.594567156542553,54.39917596454862
,,grass,,18.593963502045447,54.39969671385565
,,grass,,18.59285361440703,54.40099331642518
,,grass,,18.592199194542193,54.40209552181963
,,grass,,18.59200195387931,54.403200153432124
,,grass,,18.59125824475012,54.40271656310919
,,grass,,18.591276276880183,54.40279959917465
,,grass,,18.591077432643953,54.403086560914325
,,grass,,18.5922810602154,54.401830084308536
,,grass,,18.590011207082483,54.40588080579417
,,grass,,18.5904287904593,54.40571013385782
,,grass,,18.58877018159802,54.40782903616605
,,grass,,18.589045276295685,54.40713100577757
,,grass,,18.589570704024197,54.40604958730574
,,grass,,18.590431373239806,54.40445813257949
,,grass,,18.590715990742705,54.40554790283014
,,grass,,18.58974544085386,54.40716143810023
,,grass,,18.58964380826144,54.40771067784712
,,grass,,18.588171661395442,54.41039598563458
,,grass,,18.58866155117278,54.40811965137897
,,grass,,18.58848447810527,54.41096491064829
,,grass,,18.588413045110947,54.412208716533556
,,grass,,18.589105498287957,54.40930480028938
,,grass,,18.58875102141988,54.40998177388813
,,grass,,18.588229650832993,54.40912615694205
,,grass,,18.587882860111076,54.410353787059435
,,grass,,18.587544063394915,54.41178571129631
,,grass,,18.584375241725223,54.41985337629014
,,grass,,18.58850200463619,54.41013103604349
,,grass,,18.587722643158415,54.41450729475897
,,grass,,18.585304018759906,54.41880951927205
,,grass,,18.58601020932589,54.41738024465199
,,grass,,18.58554148708489,54.418043575746296
,,grass,,18.58474325361556,54.41938599953449
,,grass,,18.58611188088997,54.41794485587759
,,grass,,18.586591064777238,54.41722408936632
,,grass,,18.58712624603966,54.41378360247862
,,grass,,18.58829444520512,54.41215368626849
,,grass,,18.588101277540446,54.41273534334483
,,grass,,18.587491825262425,54.414387225331105
,,grass,,18.58744927132347,54.41581287754936
,,grass,,18.58728947068131,54.41423475025993
,,grass,,18.58676036404561,54.416630327973124
,,grass,,18.586523611936727,54.41665408148679
,,grass,,18.585297245179895,54.41846481674006
,,,wood,18.53495620993896,54.41532899736389
,,,grassland,18.534679406503393,54.416997104518
,,,grassland,18.536308083807377,54.41815468470649
,,,grassland,18.53684906813191,54.41844413912825
,,,grassland,18.538400214539706,54.41861224750271
,,,grassland,18.538104223757614,54.419252916958804
,,grass,,18.53682418209596,54.41567701432062
,,grass,,18.536382768083744,54.41651210656244
,,grass,,18.536787964702768,54.41632363484839
,,grass,,18.533085266666667,54.415078266666676
,,,wood,18.531826733951366,54.41555940279461
,,,wood,18.532370041943054,54.41598326738991
,,,grassland,18.532459367210205,54.4156935282637
,,,grassland,18.530762416351962,54.41565163723105
,,,grassland,18.531544565654993,54.414557440489084
,,grass,,18.5696763,54.42061840000001
,,,wood,18.57004724944724,54.44705304280223
,,,wood,18.570813260287036,54.44719270461552
,,,wood,18.5695340721738,54.44728802459761
,,grass,,18.60201821468164,54.395369198210894
,,grass,,18.602522158957214,54.395432365473226
,,grass,,18.598499645588717,54.39621051698033
,,grass,,18.596659314405425,54.397780504870035
,,grass,,18.600450163764314,54.39570311222543
,,grass,,18.601884977209963,54.39528385865566
,,grass,,18.601945663361004,54.39516296040907
,,grass,,18.602875121480274,54.39575920385109
,,grass,,18.602767228912878,54.395353770254786
,,grass,,18.603450414747375,54.39570681381072
,,grass,,18.60328022558879,54.395788089748194
,,grass,,18.603084945856555,54.39566588291191
,,grass,,18.603344081453887,54.39558392614478
,,grass,,18.60301344998911,54.39521537100959
,,grass,,18.60338971320509,54.39408916312195
,,grass,,18.60275563592128,54.394228984935715
,,grass,,18.601040085247227,54.395202437374195
,,grass,,18.60173128928754,54.39486009308265
,,grass,,18.60199615343318,54.394968695426705
,,grass,,18.602391669997438,54.39468178998106
,,grass,,18.600155383928154,54.395061553320126
,,grass,,18.600680785610134,54.39489429070035
,,grass,,18.60266260544809,54.39346630465067
,,grass,,18.60116673084873,54.39348430396557
,,grass,,18.60237763019593,54.393835969431784
,,grass,,18.601298902420083,54.39444924702907
,,grass,,18.600326940747145,54.393986743833004
,,grass,,18.60088773133332,54.39418957140764
,,grass,,18.601208279845498,54.39401414774533
,,grass,,18.601681567069814,54.39393952696218
,,grass,,18.60126354751376,54.39424094028019
,,grass,,18.600523820534217,54.39352832649721
,,grass,,18.596073921110637,54.398665147843914
,,grass,,18.595775958107996,54.39983359825281
,,grass,,18.594061964137875,54.40006236090946
,,grass,,18.595258304119437,54.400146497818184
,,grass,,18.594755742783562,54.40007642334181
,,grass,,18.594645372411723,54.39924316424155
,,grass,,18.595248920988304,54.39882103632227
,,grass,,18.595535497690573,54.39898620594991
,,grass,,18.595651961626118,54.399215655834766
,,grass,,18.595344761206672,54.399533870722664
,,grass,,18.595249202854383,54.39900053385444
,,grass,,18.59489078389965,54.399834634071844
,,grass,,18.594817519873178,54.39961856958482
,,grass,,18.594128413414374,54.39972249931869
,,grass,,18.59462536108138,54.399686945989025
,,grass,,18.594436713047024,54.399816983823605
,,grass,,18.594569063355245,54.39985654365985
,park,,,18.51185850278251,54.35317750601758
,garden,,,18.592346721605086,54.413176479380525
,garden,,,18.59258889543622,54.41366706097885
,garden,,,18.592735568922052,54.413454358090846
,garden,,,18.592747449711215,54.413888454222324
,,grass,,18.593069073792854,54.41522638589548
,,grass,,18.5918019085168,54.41412347962085
,,grass,,18.59245581308736,54.41420300851595
,garden,,,18.592815101476198,54.41424384500218
,garden,,,18.596894525519296,54.415054451712976
,garden,,,18.5924886518341,54.412903148420476
,garden,,,18.592513960592008,54.41277484750327
,,grass,,18.591409358620126,54.41303506168747
,,grass,,18.59177469222621,54.41313412697579
,,grass,,18.591022446477538,54.412958351487084
,,grass,,18.589998261496582,54.41274015415539
,,grass,,18.589327853304592,54.41262399791101
,,grass,,18.588857234691588,54.412540401523415
,,grass,,18.597036702956164,54.41378418186578
,,grass,,18.59570795012816,54.413562053654594
,,grass,,18.594630234441752,54.41337198567772
,,grass,,18.594332672211564,54.413320495973565
,,grass,,18.593788668111426,54.41322607900074
,,grass,,18.59328576676379,54.41331898489181
,,grass,,18.5937631793806,54.41340085947444
,,grass,,18.59587812024619,54.41377071429632
,,grass,,18.594774489709753,54.413578685705936
,,grass,,18.59552075234836,54.41364922007557
,,grass,,18.58862862853614,54.412309498479345
,,grass,,18.58979930058758,54.412528653342406
,,grass,,18.592042914426166,54.4129281376252
,,grass,,18.59070047941149,54.412692232890834
,,grass,,18.592315177119445,54.412977444727034
,,grass,,18.59274831460561,54.41305029142766
,,grass,,18.592412147118832,54.41339065144477
,,grass,,18.592454352502095,54.413302017103824
,,grass,,18.58859854657091,54.41376098580125
,,grass,,18.58843026965861,54.41378168206788
,,grass,,18.58809187013013,54.41351586842348
,,grass,,18.588303866666667,54.41352023333333
,,grass,,18.588262000000004,54.4136587
,,grass,,18.58916693149085,54.41338554702985
,,grass,,18.5948259,54.41507653333333
,,grass,,18.595703983463732,54.41493978508748
,,grass,,18.594619150245013,54.414901060531506
,,grass,,18.594714266666667,54.414813200000005
,,grass,,18.594629133333335,54.414842699999994
,,grass,,18.59466953333333,54.41473953333334
,,grass,,18.594573933333336,54.41477783333334
,,grass,,18.59387971678593,54.41460842389148
,,grass,,18.593105940915006,54.41449738153916
,,grass,,18.597151621007196,54.41485793596999
,,grass,,18.594246468389496,54.41444149487303
,,grass,,18.592869413574164,54.413316965724434
,,grass,,18.592832358273743,54.41280429902099
,,grass,,18.59228329177234,54.412808928293686
,garden,,,18.592318511513707,54.411406123378256
,garden,,,18.5923728293779,54.41169256316675
,garden,,,18.592423787895758,54.41197900093855
,garden,,,18.592471111123366,54.41224167525715
,,grass,,18.59127753140659,54.411742382179064
,,grass,,18.59105155182859,54.41171465541093
,,grass,,18.590819316180056,54.41168654579013
,,grass,,18.590588802182747,54.41165802655693
,,grass,,18.590357523223737,54.411629841486395
,,grass,,18.59012614414672,54.411601340462624
,,grass,,18.589897859612584,54.41157301117104
,,grass,,18.589663733502295,54.4115445876494
,,grass,,18.589433000532665,54.41151575453651
,,grass,,18.589202714477768,54.41148739654901
,,grass,,18.5889693454679,54.411458467181674
,,grass,,18.588745955611532,54.41184942170711
,,grass,,18.58874823982127,54.41153378524766
,,grass,,18.5894695004287,54.41107748687631
,,grass,,18.589697599983346,54.41111117796612
,,grass,,18.58992758718534,54.411145449098136
,,grass,,18.59015688221306,54.411179950347375
,,grass,,18.590383138409756,54.411213023336224
,,grass,,18.59061080806863,54.41124673226927
,,grass,,18.59083667168809,54.411280917204294
,,grass,,18.59106638876446,54.41131517563426
,,grass,,18.591300426214257,54.41134981620992
,,grass,,18.591529988287675,54.41138466992952
,,grass,,18.591757036265513,54.411418268529026
,,grass,,18.591939953221807,54.41144594744285
,,grass,,18.58891608903727,54.41067014380889
,,grass,,18.588866225397734,54.41168697095864
,,grass,,18.58970854007361,54.41176682008386
,,grass,,18.5909755772459,54.411830068385996
,,grass,,18.590652041616927,54.41188578942582
,,grass,,18.59142542587472,54.4109673705833
,,grass,,18.59120373092041,54.41092716023941
,,grass,,18.590979008328055,54.41088596212994
,,grass,,18.59074883976298,54.410844373479016
,,grass,,18.590522258689653,54.41080383364922
,,grass,,18.59029605141265,54.410763039421134
,,grass,,18.590073589867835,54.410722618123195
,,grass,,18.589845173300215,54.41068117454474
,,grass,,18.58962226518004,54.4106408525533
,,grass,,18.58939975927531,54.41060079077706
,,grass,,18.589164120983153,54.41055833589299
,,grass,,18.589231471578955,54.41069908970684
,,grass,,18.589461133333334,54.410746233333334
,,grass,,18.591567158511783,54.41108085037548
,,grass,,18.590496746063685,54.41102969398005
,,grass,,18.590242243298157,54.410633054652436
,,grass,,18.588843127222734,54.410264957662896
,,grass,,18.588908921611004,54.41015669950401
,,grass,,18.590842659752234,54.41063711894246
,,grass,,18.59192460012231,54.41096031225457
,,grass,,18.592129698431776,54.41114412082122
,,grass,,18.59210984837689,54.411424481063584
,,grass,,18.59172836130151,54.41152094661465
,,grass,,18.59012725786527,54.41140183500878
,,grass,,18.591670742679327,54.41178389849859
,,grass,,18.592025447857655,54.41165857157831
,,grass,,18.592189883310745,54.41187872263333
,,grass,,18.59170675086753,54.41202459880119
,,grass,,18.598241884351435,54.41309572882044
,garden,,,18.597625560215356,54.413689577917964
,,grass,,18.59760798011827,54.41333538984918
,,grass,,18.597013276717753,54.413143726295615
,,grass,,18.596453996251206,54.41305035320609
,,grass,,18.5960117402758,54.41300624186647
,,grass,,18.595413398741844,54.41294853848799
,,grass,,18.594771568212174,54.412818180940995
,,grass,,18.59406292538017,54.41263180093211
,,grass,,18.593257165335324,54.41251141728604
,,grass,,18.593629810989114,54.412367763900164
,,grass,,18.593129066666666,54.41238323333333
,,grass,,18.592872946558437,54.41229116091864
,,grass,,18.592454419908954,54.411242708895436
,,grass,,18.59256953370141,54.41188548569117
,,grass,,18.589022384027494,54.41189425897679
,,grass,,18.58960898261866,54.41193349075325
,,grass,,18.590191922410106,54.41198907418014
,,grass,,18.590650635873313,54.412033015053595
,,grass,,18.59115691536203,54.412122890211556
,,grass,,18.591871864011814,54.41231112762128
,,grass,,18.59277315889474,54.41247656092596
,,grass,,18.592238245692414,54.412422803325164
,,grass,,18.618968761777566,54.3385765070686
,,grass,,18.619058122478762,54.33836699461134
,,grass,,18.617918834576823,54.33874746482258
,,grass,,18.615218052694345,54.338058337881215
,,grass,,18.617997094125883,54.33853295640703
,,grass,,18.617801221582774,54.33843941381838
,,grass,,18.617614764954553,54.33833525512296
,,grass,,18.617738263074845,54.338357077073745
,,grass,,18.61868143065415,54.33840545984761
,,grass,,18.618748166407077,54.338352976280895
,,grass,,18.618419225266376,54.338384776780785
,,grass,,18.61839449644066,54.33834017424254
,,grass,,18.61808307205866,54.33831980504818
,,grass,,18.617885673439964,54.33832322666969
,,grass,,18.619849081541734,54.338171562605815
,,grass,,18.619096440987718,54.33821005163276
,,grass,,18.616885152875497,54.33818673727161
,,grass,,18.617562089162277,54.3382771456017
,,grass,,18.619582184895275,54.338105002542996
,,grass,,18.619097602769315,54.33804109118539
,,grass,,18.619256769809937,54.33812779518811
,,grass,,18.61919491083651,54.33811551381539
,,grass,,18.61909355871342,54.33812929758056
,,grass,,18.618123456176942,54.337954662771715
,,grass,,18.61799191718008,54.33824033020227
,,grass,,18.617114260510977,54.33814058145384
,,grass,,18.616087386303185,54.33802205812371
,,grass,,18.61605047142673,54.337937519151275
,,grass,,18.615373538778776,54.337979097193944
,,grass,,18.61536436676456,54.33787590910507
,,grass,,18.615943030169504,54.3376620377051
,,grass,,18.616041190846108,54.337745979447135
,,grass,,18.616709904072987,54.337490161634705
,,grass,,18.616639069343545,54.3377418873473
,,grass,,18.61806397790551,54.33803567279948
,,grass,,18.617986538875922,54.33811970685696
,,grass,,18.617725039539348,54.33799502405201
,,grass,,18.617259332728974,54.337796190456025
,,grass,,18.617516580636554,54.33757780540826
,,grass,,18.61753484244686,54.337231099585416
,,grass,,18.617676366571004,54.33712695355527
,,grass,,18.617829294631466,54.33714413515192
,,grass,,18.61732627978105,54.337080085044555
,,grass,,18.617351387135876,54.33702515922411
,,grass,,18.617139420676526,54.337515553070126
,,grass,,18.616305910743087,54.33768307859881
,,grass,,18.61862162586065,54.33812701611333
,,grass,,18.594202103757045,54.385789931290525
,,grass,,18.618989230612197,54.34443200180282
,,grass,,18.61778001275583,54.343804005583564
,,grass,,18.617454592809693,54.3435982799349
,,grass,,18.617091682331413,54.34342460150368
,,grass,,18.617572105041287,54.34055230735369
,,grass,,18.617480777098123,54.340999880239174
,,grass,,18.61771228959519,54.34058085180512
,,grass,,18.61774018036373,54.33974561363746
,,grass,,18.617908073883083,54.33952413609672
,,grass,,18.619312551651767,54.33847165813734
,,grass,,18.61845641190022,54.340057595442644
,,grass,,18.618311845329494,54.34101231959598
,,grass,,18.618973743842744,54.33880705662593
,,grass,,18.61881659877836,54.33910254588361
,,grass,,18.616935681247618,54.34255715998665
,,grass,,18.617064431554756,54.34334679172894
,,grass,,18.616763273879034,54.343139106673185
,,grass,,18.616972004434526,54.343219050803704
,,grass,,18.6175275044536,54.34340330636426
,,grass,,18.61710342774755,54.343125171758224
,,grass,,18.617688955562052,54.342499810645876
,,grass,,18.617363909154736,54.342387933138816
,,grass,,18.623358902718508,54.33794142182849
,,grass,,18.623046475264637,54.33797984628311
,,grass,,18.622561460196156,54.33804239409259
,,grass,,18.62118194879106,54.33820585263602
,,grass,,18.621621046616124,54.338033127857564
,,grass,,18.618134304553855,54.34140878138273
,,grass,,18.61722873030484,54.34139674939156
,,grass,,18.618162752747928,54.341266300712
,,grass,,18.6177189753025,54.341409411395716
,,grass,,18.617898905855014,54.341417631985124
,,grass,,18.618119936550283,54.33970685907113
,,grass,,18.61777988043889,54.34113845088118
,,grass,,18.617940976328963,54.34114963335755
,,grass,,18.618349900212117,54.339707144342796
,,grass,,18.616994361675207,54.344042123910675
,,grass,,18.61709075079097,54.34380805005342
,,grass,,18.617407416632304,54.34435657366459
,,grass,,18.617408174877248,54.34389454381563
,,grass,,18.617646623655286,54.34407157880015
,,grass,,18.617574480834012,54.344214239183856
,,grass,,18.61905491100788,54.34498752945979
,,grass,,18.61795863876925,54.34291175260863
,,grass,,18.621867833058324,54.34518488887045
,,grass,,18.621912282337835,54.34506204629386
,,grass,,18.618075465501445,54.34175952838309
,,grass,,18.61728781549521,54.34152302594046
,,grass,,18.617174000357593,54.34184039432569
,,grass,,18.628036665224936,54.34556724046874
,,grass,,18.628071905481605,54.34546174612081
,,grass,,18.61674707887373,54.342079703235726
,,grass,,18.61608077610229,54.34195679070899
,,grass,,18.61604836464067,54.34224768982247
,,grass,,18.602807786161435,54.33886859331999
,,grass,,18.60089925539023,54.338317808283385
,,grass,,18.60634237940463,54.33992361824503
,,grass,,18.60216756459435,54.339179627643674
,,grass,,18.61010816137011,54.34106129783729
,,grass,,18.615451476043134,54.34253430403258
,,grass,,18.61456263794082,54.34212028862086
,,grass,,18.61452771741408,54.342469511579075
,,grass,,18.615187694180484,54.342939664097656
,,grass,,18.61653632650027,54.34376691959549
,,grass,,18.616185463123276,54.34375979705071
,,grass,,18.616892439834768,54.34424047920324
,,grass,,18.616638425201582,54.34345448223179
,park,,,18.609940773414152,54.403462616400084
,,meadow,,18.39896497929537,54.32621782985872
,,,grassland,18.643056855369544,54.386324766182796
,,grass,,18.626491194955268,54.34190249391754
,,grass,,18.568628340057014,54.32590953923962
,,,grassland,18.658622140565065,54.340101544508784
Roślinność wysokogórska,garden,,,18.57445828282049,54.395897857664714
,,grass,,18.572252586114885,54.39544208189651
,,grass,,18.571548452062096,54.39669562096068
,,grass,,18.572042248548662,54.39611074135932
,,grass,,18.575038322991453,54.39795996568756
,,grass,,18.57460737712127,54.39802031061891
,,grass,,18.574924147101797,54.39810639732013
,,grass,,18.574246670203074,54.398696411942375
,,grass,,18.573342849299415,54.39952005300189
,,grass,,18.57314920569196,54.39973074983732
,,grass,,18.573630304632847,54.399630668365155
,,grass,,18.573296781053863,54.398476695770135
,,grass,,18.572962156814167,54.398796923892654
,,grass,,18.572716780236263,54.39891961410531
,,grass,,18.572608445883827,54.399151643658975
,,grass,,18.572414314819312,54.39939192071382
,,grass,,18.5758638505854,54.39635327070625
,,grass,,18.575740056214297,54.39647682776819
,,grass,,18.57561594310918,54.39660493073576
,,grass,,18.575457235998172,54.396763408233426
,,grass,,18.575225172664826,54.39696474041344
,,grass,,18.5755903465926,54.39608356149263
,,grass,,18.575073171063597,54.39607984083256
,,grass,,18.574949071497738,54.39620514053767
,,grass,,18.574820969226266,54.39633017389388
,,grass,,18.574664802192128,54.39648673968076
,,grass,,18.574862999838782,54.39611294983983
,,grass,,18.5747045,54.3962689
,,grass,,18.576424078487992,54.39486855221213
,,grass,,18.577320358913827,54.39484166617609
,,grass,,18.577974187316897,54.394944171928856
,,grass,,18.57725926968063,54.39465234635196
,,grass,,18.57699949793251,54.396011953443605
,,grass,,18.57523681595193,54.39668769549334
,,grass,,18.57487140399936,54.39656273724684
,,grass,,18.576821839923703,54.39587498483378
,,grass,,18.576617996314933,54.3958007938975
,,grass,,18.576413441024815,54.39572548027421
,,grass,,18.576208296314935,54.39565109389751
,,grass,,18.576430769060266,54.39624777550595
,,grass,,18.57622625080387,54.39617437365176
,,grass,,18.576020434808388,54.396098618367056
,,grass,,18.5758162484486,54.396024470981644
,,grass,,18.575117452965003,54.39588053722689
,,grass,,18.57566527712437,54.395653897863845
,,grass,,18.575640989597492,54.3957482452316
,,grass,,18.575816551105344,54.39538915103735
,,grass,,18.57547800924692,54.39392659770633
,,grass,,18.57829047701738,54.393944548372986
,,grass,,18.57792727900156,54.39342099048227
,,grass,,18.578605501660626,54.39323987217149
,,grass,,18.578676687635717,54.392875435934414
,,grass,,18.57782522432304,54.392993453967875
,,grass,,18.57630903619352,54.393028421387825
,,grass,,18.57704823185008,54.39434343368816
,,grass,,18.576286355383832,54.39409808640279
,,grass,,18.573173367071536,54.39824347304419
,,grass,,18.57347515872335,54.39784539404318
,,grass,,18.576942892953948,54.397336176716706
,,grass,,18.57659650976302,54.39756937602052
,,grass,,18.57623351618148,54.397555406391724
,,grass,,18.57585633252768,54.39759392572806
,,grass,,18.5756670482196,54.39753429590306
,,grass,,18.576927924957246,54.39778332147312
,,grass,,18.570713360679584,54.39931433026713
,,grass,,18.57222895940031,54.399611466195985
,,grass,,18.572156938091396,54.39641956877525
,,grass,,18.572293908717832,54.39650542715805
,,grass,,18.572434628316415,54.39664209477766
,,grass,,18.572588391748464,54.39653984150036
,,grass,,18.572690251075734,54.396670392281635
,,grass,,18.576467654117092,54.393930801929294
,,grass,,18.57455029006141,54.3951283099235
,,grass,,18.574207163449312,54.394809400817266
,,grass,,18.57406029764772,54.394963351084556
,,grass,,18.57468544162057,54.39496413800541
,,,grassland,18.44803206513287,54.38677158260372
,,,grassland,18.44349309757182,54.388352508013064
,,,grassland,18.444974467802915,54.387154543262
,,grass,,18.567475625965177,54.39664937266821
,,,grassland,18.65356739385263,54.3212046872837
,,,grassland,18.652142380782866,54.32178698405561
,,,grassland,18.651511250494018,54.36288914887615
,,grass,,18.644220857300738,54.363475499471235
,,grass,,18.643070241617004,54.364655730117136
,,grass,,18.643397757859532,54.36441115699594
,,,grassland,18.622426827112363,54.350524161493496
,,greenfield,grassland,18.60789899540445,54.34760777041482
,,,wood,18.632875547707496,54.34441211445718
,,,wood,18.629518881062108,54.34419813645594
Ogród Biblijny,garden,,,18.632863714919853,54.34825180410209
,,grass,,18.607743227791854,54.38147648234932
,,,water,18.451418857895,54.419758032074746
,,grass,,18.452399838568812,54.42080720737287
,,,water,18.45176768783949,54.42013130179014
,,grass,,18.452519378289,54.420732410421834
,,grass,,18.4521383518648,54.42032717729422
,,grass,,18.451666643691116,54.42045415297087
,,grass,,18.586905345931743,54.379491728627364
,,grass,,18.58626094883157,54.3793721599987
,,grass,,18.569864518462932,54.390521973042695
,,,grassland,18.660329166031886,54.38983643175991
,,grass,,18.63426738138176,54.38798953167231
,garden,,,18.59013038661127,54.40804473802168
,garden,,,18.589798499887433,54.40797803447977
,garden,,,18.589797733116942,54.40762667477167
,,grass,,18.709444026219387,54.36066705682583
,,grass,,18.447321154697534,54.369824170805096
,,grass,,18.4461408373896,54.36752998875693
,,grass,,18.460061694619327,54.366529330227806
,garden,,,18.653565851146492,54.404049469141306
,garden,,,18.653343995973987,54.404010955969255
,garden,,,18.653157099716466,54.40413417902826
,garden,,,18.65346275887345,54.40416625747288
,,grass,,18.64658518806924,54.40044841893604
,,grass,,18.64676107672474,54.400817681138
,,grass,,18.647050933840315,54.401183830236434
,,grass,,18.64723952725072,54.4011720414909
,,grass,,18.647510995337665,54.40140130823355
,,grass,,18.647393151388304,54.40145227282982
,,grass,,18.647757544372467,54.40160956430155
,,grass,,18.660443313683466,54.35210962390542
,,grass,,18.691097005639143,54.386240045968194
,,grass,,18.69072318829542,54.386432163294984
,,grass,,18.690194795335387,54.386541482080496
,,grass,,18.69055781112203,54.38665479964363
,,grass,,18.689931466454038,54.38686271354918
,,grass,,18.69038427946156,54.386875462653066
,,grass,,18.69093401301247,54.3867461292179
,,,grassland,18.484301840436753,54.38877777654181
,,grass,,18.606270779298693,54.37868930428128
,,,grassland,18.63714822659475,54.40862022340075
,,grass,,18.57370659445381,54.396794369999355
,,,scrub,18.56864153436643,54.40101147902497
,,,scrub,18.568562681899035,54.40145201584616
,,grass,,18.42533296226839,54.3861944723459
,,grass,,18.55558316834811,54.44954097704736
,,grass,,18.56668156894685,54.33248825972148
,,grass,,18.56715469418247,54.332348646897074
,,grass,,18.567064831144847,54.3322384823329
,,grass,,18.566880736571115,54.33235773171449
,,grass,,18.566511777680244,54.3324156231743
,,grass,,18.566752379577963,54.33221874168027
,,grass,,18.566446503622586,54.33219923495921
,,grass,,18.566806780077243,54.332298992344604
,garden,,,18.56628684544128,54.33246374325365
,,grass,,18.567746011262713,54.33322263573682
,,grass,,18.56752790043034,54.33316514360358
,,grass,,18.56758049433594,54.40946126531581
,,grass,,18.567325480749698,54.409468041581846
,,grass,,18.59209884200184,54.377589921404436
Skwer Sąsiadów,,grass,,18.592315996475744,54.37748335128232
,,grass,,18.569951116120986,54.403004650008434
,,grass,,18.57137839969893,54.40388904503226
,,grass,,18.57125501526904,54.40385776544587
,,grass,,18.571158047584955,54.403833846950235
,,grass,,18.571048756615117,54.40380605590694
,,grass,,18.571287748519676,54.40283303129491
,,grass,,18.571853134368666,54.40339033637945
,,grass,,18.57075220640952,54.402670270297065
,,grass,,18.570579998263742,54.40268048127421
,,grass,,18.57074552318919,54.40278846754322
,,grass,,18.571148359289946,54.40342371762495
,,grass,,18.571748650000004,54.40325755
,,grass,,18.571552,54.4032078
,,grass,,18.57110052024611,54.40298156541863
,,grass,,18.570238397336432,54.40325186842311
,,grass,,18.570443959343717,54.40300642311481
,park,,,18.562399816140676,54.4184304469114
,,grass,,18.565627061436697,54.41457667382932
,,grass,,18.565723304587095,54.41401462294605
,,grass,,18.56562893468821,54.414025088783866
,,grass,,18.567576558490302,54.33247156118838
,,,wood,18.567696410277534,54.334159212978655
,,grass,,18.60553088654242,54.41039715460278
,,grass,,18.604642324067978,54.40995773275629
,,grass,,18.604835497829868,54.409561231530965
,,grass,,18.604898411375096,54.40941867927571
,,grass,,18.6047554859352,54.410177040838946
,,grass,,18.60478074524478,54.41029960585054
,,grass,,18.605098575809258,54.410374089251434
,,grass,,18.60547439494556,54.41035992289548
,,grass,,18.605346859640466,54.410231050664585
,,grass,,18.605794438872188,54.410281246450154
,,grass,,18.606012237810194,54.410106991708126
,,grass,,18.606385485401738,54.40994141876815
,,grass,,18.60613137525023,54.40989843344098
,,grass,,18.61881096706089,54.35894966183651
,,grass,,18.61767125916554,54.35916682921606
,,,grassland,18.654925030621904,54.33919673501618
,,,grassland,18.65577211108639,54.33918603141013
,,grass,,18.65630570445139,54.33919098387802
,,,wood,18.578915692965644,54.39146156920484
,,grass,,18.74862003139414,54.317659802777
,,grass,,18.74604601701533,54.325938355189265
,,grass,,18.632158256737956,54.3967235912766
,,grass,,18.615381986200667,54.397911128089234
,,,wood,18.616769622990944,54.39695346053162
,,grass,,18.556558941536636,54.411591149758515
,,grass,,18.56405923985467,54.42466523926184
,garden,,,18.561629720717942,54.42216352494704
,,,grassland,18.557447153538625,54.414907774946
,,,wood,18.569006531646618,54.43826572478517
,,,grassland,18.63949027411941,54.349402004202325
,garden,,,18.63914878283808,54.35004798980247
,,,wood,18.56778227770087,54.37764888439073
,,,wood,18.569331308110016,54.4357760621089
,,grass,,18.637968377336858,54.35151555475696
,,grass,,18.61050708294424,54.40999931316524
,,grass,,18.61026066916159,54.40947550091379
,,grass,,18.61024041912287,54.41010349682982
,,grass,,18.609897976539212,54.40987223426718
,,grass,,18.610551543906052,54.40984300264605
,,grass,,18.610380238154793,54.40996325179398
,,grass,,18.559494529707194,54.41085481323012
,,grass,,18.536553515058397,54.40506540288247
,,grass,,18.536784424054996,54.40518733751193
,,grass,,18.5703377271809,54.33176235234658
,,grass,,18.57044488947716,54.33169700641435
,,grass,,18.57055448154954,54.33176300661095
,,grass,,18.569718654415762,54.33166997296966
,,grass,,18.569965835581918,54.3316374929517
,,grass,,18.570105979603017,54.33161189026313
,,grass,,18.57037304683112,54.33163535162537
,,grass,,18.569981633213867,54.3318672310373
,,grass,,18.569723356782088,54.3319055757881
,,grass,,18.569513247818787,54.33192943799564
,,grass,,18.56952139641767,54.33211073872834
,,grass,,18.569827241929723,54.332217792597994
,,grass,,18.570063716750525,54.332212676072515
,,grass,,18.57024154443387,54.33219886101423
,,grass,,18.569493413284214,54.33224393952991
,,grass,,18.5672082276923,54.33210456923131
,,grass,,18.566942486705255,54.332090984397425
,,grass,,18.56718196535433,54.33216742301346
,,grass,,18.56834398779565,54.3321285892484
,,grass,,18.5666694640554,54.332131770551634
,,grass,,18.568240271009415,54.33200213471602
,,grass,,18.568356057533173,54.33221404635363
,,grass,,18.570539581233568,54.331500166626014
,,grass,,18.653277010651205,54.343110806429614
,,grass,,18.65310033817899,54.34302620472961
,,grass,,18.653444020727896,54.34318540046466
,,grass,,18.653891949687264,54.34340867818528
,,grass,,18.65453704825849,54.34358781352371
,,grass,,18.65452247283095,54.34372952890712
,,grass,,18.654470080443804,54.34262795452464
,,grass,,18.654085111253945,54.342713212269665
,,grass,,18.570671562789762,54.33186217957707
,,grass,,18.57189698675046,54.33190580132663
,,grass,,18.57031732370852,54.332152717461184
,,grass,,18.571913439917562,54.33201771377285
,,grass,,18.573371209660532,54.3319572984811
,,grass,,18.57017712680742,54.33249645680163
,,grass,,18.571224200642213,54.33169014800565
,,grass,,18.571792378965057,54.33166718635029
,,grass,,18.57181639905345,54.331445918741245
,,grass,,18.570008551746092,54.33128287877408
,,grass,,18.57027947813469,54.33131612923671
,,grass,,18.571963809832862,54.331547111506396
,,grass,,18.572032126753186,54.331615305955886
,,grass,,18.571914381732263,54.33174404555538
,,grass,,18.572823693967003,54.331608665629155
,,grass,,18.573462852602244,54.33153439465635
,,grass,,18.57452762509146,54.331595420014594
,,grass,,18.57413138819509,54.33167663276218
,,grass,,18.57342380522616,54.33163428524614
,,grass,,18.573406146553207,54.33173768897043
,,grass,,18.57287188276602,54.331733270892734
,,grass,,18.573309113217547,54.33133875388231
,,grass,,18.57382421943019,54.33130277045057
,,grass,,18.56968934743487,54.33134632029587
,,grass,,18.574004895443476,54.331763207256614
,,grass,,18.57398840530174,54.33188529404863
,,grass,,18.573952695815315,54.331970339457875
,,grass,,18.574342633969415,54.331392193709476
,,grass,,18.5703382927974,54.333253866787885
,,grass,,18.56987408038682,54.33292724980545
,,grass,,18.570792712055177,54.33382453676109
,,grass,,18.57093530971403,54.33435064990659
,,grass,,18.573695918680073,54.33116578361988
,,grass,,18.573133361839457,54.33117947967841
,,grass,,18.573819099533978,54.33105176670747
,,grass,,18.574282380704037,54.33107426510739
,,grass,,18.57487384927754,54.331800026038515
,,grass,,18.577077527854502,54.331936968856276
,,grass,,18.577525841957254,54.33165731966669
,,grass,,18.574857505335103,54.33199418197028
,,grass,,18.575619915347364,54.332023699378446
,,grass,,18.570261212786306,54.32999106500792
,,grass,,18.570014069475373,54.329967147836584
,,grass,,18.572215168105245,54.3309842025687
,,grass,,18.57061733196054,54.33138260344809
,,grass,,18.57086280171388,54.33137179298856
,,grass,,18.571109322258025,54.33136514644615
,,grass,,18.57135629266674,54.33136239626638
,,grass,,18.57041062201741,54.33138838490587
,,grass,,18.570375138360376,54.33116640229287
,,grass,,18.570593132421177,54.33118654866712
,,grass,,18.57109183293601,54.33124056437372
,,grass,,18.571343017912007,54.33126720208829
,,grass,,18.571112258847528,54.33113743625847
,,grass,,18.57087176714131,54.33111079486289
,,grass,,18.57135561370462,54.331163046832366
,,grass,,18.57062877253663,54.331085597976
,,grass,,18.570842998821284,54.33121904280287
,,grass,,18.466061449497374,54.38352566044579
,,grass,,18.466302660008402,54.38349227192185
,,grass,,18.466554631848947,54.38346478615541
,,grass,,18.466797422312638,54.383430445025844
,,grass,,18.467039280078005,54.38339703977782
,,grass,,18.46728280967644,54.38336894774285
,,grass,,18.466693184319997,54.382913551629834
,,grass,,18.46646577223518,54.38297003573941
,,grass,,18.466238782906515,54.383027075900415
,,grass,,18.465988548689282,54.38308755760843
,,grass,,18.465784995246022,54.38313914263032
,,grass,,18.468426537752716,54.38307217207388
,,grass,,18.46787610321214,54.38341466578456
,,grass,,18.468215027044476,54.38335626046577
,,grass,,18.46684882887816,54.38354334898552
,,grass,,18.46855069242288,54.383296883416335
,,grass,,18.468907342040374,54.383285913702075
,,grass,,18.46913116366954,54.38356947217175
,,grass,,18.468942986327274,54.383682603070106
,,grass,,18.469103257647607,54.38341279889892
,,grass,,18.607396841233,54.380390355748524
,,grass,,18.606624452522553,54.38202334466095
,,grass,,18.58552946827455,54.37871581078871
,,grass,,18.570116412321543,54.328611411385
,,grass,,18.56990576735417,54.328257087305666
,,grass,,18.56997028272251,54.32856270572341
,,grass,,18.569648540339852,54.32752234355214
,,grass,,18.569657035975883,54.327915507861384
,,grass,,18.57022263274805,54.32844496276171
,,grass,,18.664580808990692,54.34492119707362
,,grass,,18.663454634242534,54.34429644009752
,,grass,,18.66396235144191,54.34551788470895
,,,wood,18.577708425683014,54.43673532380795
,park,,,18.576134623063744,54.43592273954304
,,,wood,18.57666122515039,54.43582814256166
,,,wood,18.573986385759312,54.433762285668685
,,,wood,18.572391402583108,54.43507542678341
,,grass,,18.570051097170023,54.434824156279156
,,grass,,18.569681431450828,54.43514942457091
,,grass,,18.569620779686105,54.435341131939325
,,grass,,18.624741211660513,54.37555503263871
,,grass,,18.624010509516307,54.37573969268182
,,grass,,18.62475561839348,54.37542410062467
,,grass,,18.62218019336597,54.40307777097616
,,,wood,18.619266691249052,54.40469367239601
,,grass,,18.621771723812323,54.40294219705074
,,grass,,18.62222735002626,54.40289389131765
,,grass,,18.62222394236239,54.40069332204406
,,grass,,18.622983731692,54.40179513991899
,,grass,,18.62204242374453,54.40157696127691
,,grass,,18.622104893305405,54.4018247012232
,,grass,,18.622076565282658,54.40198117123574
,,grass,,18.623263576606377,54.402084133232854
,,grass,,18.62323843679687,54.40215690729265
,,grass,,18.622511862897024,54.402656409794815
,,grass,,18.623378716326368,54.402521544760994
,,grass,,18.622974682811442,54.40257162811393
,,grass,,18.62268110799264,54.401809938879765
,,grass,,18.622344771959746,54.40184698824662
,,grass,,18.622389479612732,54.40061811790691
,,grass,,18.62257570153355,54.40169470269912
,,grass,,18.623322220308218,54.40220916046122
,,grass,,18.622325319719007,54.40235478344177
,,grass,,18.62254213502886,54.40209349743416
,,grass,,18.622760440317876,54.40242758849188
,,grass,,18.622860458738884,54.40251653917953
,,grass,,18.623002559501085,54.40226985767485
,,grass,,18.623111661915896,54.40232689786614
,,grass,,18.62278786379986,54.401987100320156
,,grass,,18.622803410778186,54.40211723511944
,,grass,,18.622622858433296,54.40232918744367
,,grass,,18.622040036699385,54.40059224646091
,,grass,,18.62383680892746,54.40329837525716
,,grass,,18.62340698099865,54.403503844576
,,grass,,18.62265245983866,54.40009887450396
,,grass,,18.622231647314504,54.39949131862171
,,grass,,18.622371093498444,54.3994996461665
,,grass,,18.626053385502438,54.39975068500098
,,grass,,18.62258316256887,54.40049844447271
,,grass,,18.625227798375654,54.40030037054128
,,grass,,18.62436751160104,54.40453590896726
,,grass,,18.624497623434053,54.404509370398365
,,grass,,18.626837417986753,54.400199258409415
,,grass,,18.6268186356512,54.40005667307729
,,grass,,18.626671535470127,54.39968040719569
,,grass,,18.626783043514965,54.399818934270996
,,grass,,18.626624135661864,54.39995427433391
,,grass,,18.625038534504306,54.40119429044848
,garden,,,18.624730995030717,54.4045737074759
,,grass,,18.624164502503618,54.40376625965252
,,grass,,18.623423187436963,54.403256000195995
,,grass,,18.62319763887452,54.40131426087305
,,grass,,18.62447372819297,54.40127680197357
,,grass,,18.62468198825573,54.401247626633065
,,grass,,18.62341961819487,54.40223931893848
,,grass,,18.623700216633964,54.4033540256163
,,grass,,18.624730327579524,54.40080634468201
,,grass,,18.619326558347254,54.40511864064132
,,grass,,18.6214786494229,54.40279524912958
,,grass,,18.614971555039663,54.4071361022895
,,grass,,18.61558931534925,54.40735441968741
,,grass,,18.61550476913174,54.40727099467615
,,grass,,18.615175673666553,54.406961729931055
,,grass,,18.61525587069844,54.40704150260647
,,grass,,18.616920530779215,54.40656008954135
,,grass,,18.615862390904322,54.40693495859827
,,grass,,18.5713788284805,54.335027314448396
,,grass,,18.57152025600073,54.33501287544227
,,grass,,18.57218432596532,54.33494961862409
,,grass,,18.571765021672324,54.33572058194839
,,grass,,18.57360503362013,54.33530797849874
,,grass,,18.572122394343,54.33625467591929
,,grass,,18.572138714110437,54.33604445262599
,,grass,,18.584758302614954,54.412110828537614
,,grass,,18.58435574368696,54.41188864309864
,,grass,,18.58475044284919,54.41255328874636
,garden,,,18.576330726846386,54.37877977552654
,,grass,,18.571075613379417,54.44596927372625
,,grass,,18.571063490756124,54.44586060977381
,,grass,,18.570988988809212,54.445762520944314
,,grass,,18.570860923102597,54.44568459127595
,,grass,,18.57103839598892,54.446056257014014
,,grass,,18.570540852330968,54.446461388028965
,,grass,,18.570352958065683,54.4464909447751
,,grass,,18.570706673923244,54.44639488389095
,,grass,,18.57080556445818,54.44632250076569
,,grass,,18.570159587115548,54.44648371445577
,,grass,,18.584939400761186,54.38236714940025
,,grass,,18.585137860674124,54.382453582186784
,,grass,,18.555893529101397,54.445555957613436
,,forest,,18.495161313753176,54.41368767705225
,,grass,,18.49316890331343,54.41288292646805
,,grass,,18.617014277067774,54.36848164905411
,,,wetland,18.618171638270194,54.36531370536118
,,,grassland,18.615814566301744,54.36778088013246
,,,wood,18.59253079646732,54.35754763186085
Polana Lenza,,recreation_ground,,18.60341801740782,54.372210443318835
,,grass,,18.567041104108633,54.41104876397577
,,grass,,18.567360161860314,54.41108623422049
,,grass,,18.566297444431946,54.41260153367191
,,grass,,18.566219014571633,54.414392021320644
,,grass,,18.566165278741042,54.415001492761164
,,grass,,18.565771074326797,54.41693844264276
,,grass,,18.5645363883971,54.42194067889646
,,grass,,18.565243421007107,54.419376483036324
,,grass,,18.567597718806685,54.410216012810544
,,grass,,18.56719360684599,54.41040161051127
,,grass,,18.56703678559233,54.410716425832554
,,grass,,18.566881163109453,54.410348480815045
,,grass,,18.56668668098285,54.41038223368087
,,grass,,18.567384855423978,54.41016840418865
,,grass,,18.568827005421863,54.40839862164856
,,grass,,18.56632604715183,54.41384539653682
,,grass,,18.566270502338227,54.41399232846988
,park,,,18.56430775826439,54.4399937365987
,,grass,,18.564836264605404,54.440380399159004
,,grass,,18.565127763237623,54.44038859229088
,,grass,,18.565099479617142,54.44051604596145
,,,grassland,18.44846931911807,54.436596793590425
,,grass,,18.54481727287191,54.305217376741396
,,grass,,18.545672121808188,54.304403313247704
,,grass,,18.546001408997316,54.30416342059296
,,grass,,18.546045726000703,54.304437224560814
,,grass,,18.546032604361493,54.304679686260066
,,grass,,18.545355211243628,54.304253970786704
,,grass,,18.546557846584033,54.303937849114284
,,grass,,18.545994447803835,54.303624661983676
,,grass,,18.547875471261424,54.30413787293938
,,greenfield,grassland,18.61245089304574,54.306348189507865
,,,wood,18.619100844383595,54.36375065946229
,,,grassland,18.452378915004257,54.43381955487509
,,grass,,18.72861748654252,54.37298546217742
,,grass,,18.72759268453002,54.3728800363093
,,grass,,18.7282487146538,54.371962602456215
,,grass,,18.72794721938213,54.37274928788515
,,,wood,18.727874099280626,54.37278797937777
,,grass,,18.573412523619556,54.39795111747464
,,grass,,18.572481087815422,54.39903126746585
Las Miejski,,forest,,18.751950612313234,54.36647249938633
,,grass,,18.716874937644565,54.36390976469423
,,grass,,18.72118597245398,54.365474672458895
,,grass,,18.72515371660375,54.367751908641935
,,grass,,18.72561282917019,54.36835139457734
,,grass,,18.726761388552745,54.36985998614399
,,grass,,18.728136878044364,54.37166000298917
,,grass,,18.71536992810443,54.36236917501157
,,grass,,18.716189680716894,54.36218508260334
,,grass,,18.7160802084149,54.362613521281666
,,grass,,18.716035338569743,54.36269755244042
,,grass,,18.715472305470858,54.36155043831587
,,grass,,18.700069518692473,54.36433915768465
,,grass,,18.699243444468973,54.3642219834435
,,grass,,18.69952860703847,54.36406657872358
,,grass,,18.69969055358696,54.36401181267263
,,grass,,18.69933631838684,54.363959467832736
,,grass,,18.698951457597204,54.3640066517459
,,grass,,18.699621045106554,54.36380957169765
,,grass,,18.698499209089864,54.36382318414055
,,grass,,18.699465853232866,54.36370295993576
,,grass,,18.69900219663926,54.364355650986745
,,,wood,18.418023001248656,54.39386032688651
,,,wood,18.4229485699576,54.3881884365806
,,,wood,18.432339516566703,54.38770557650656
,,,wood,18.42969475003252,54.386589517890506
,,,wood,18.426579021503805,54.387475872214026
,,,wood,18.424750846174973,54.38651986644069
,,,wood,18.426259901747436,54.38636264814084
,,,grassland,18.689203528435737,54.35809909127215
,garden,,,18.569274355174013,54.351245655828016
,,grass,,18.556168123441932,54.32366512452164
,,grass,,18.551581696729347,54.32285474787888
,,grass,,18.55132908739398,54.32288461244582
,,grass,,18.504841526891106,54.321263059002106
,,,wood,18.61164004364166,54.40892977049184
,,,wood,18.605217995102034,54.41217838378341
,,,wood,18.604765700466455,54.41388565864161
,,,wood,18.6392717906504,54.401911089533606
,,,scrub,18.64494710747875,54.40342052708484
,,grass,,18.64182539832982,54.40260432308979
,,,grassland,18.646222657929375,54.40209888104822
,,grass,,18.65099665631076,54.34946086523707
,,grass,,18.508457989201304,54.340130490433786
,garden,,,18.561952680725245,54.43052529929006
,garden,,,18.561724553978838,54.431043050584705
,garden,,,18.56187707595096,54.431146413081
,,grass,,18.561931797321826,54.43073390849063
,garden,,,18.561963955643616,54.43034872952158
,garden,,,18.56175018572595,54.43038733310517
,,grass,,18.561973276173507,54.4301863634193
,,grass,,18.56204807925513,54.4298899727004
,,grass,,18.6290948039757,54.370553851361144
,park,,,18.63270650039269,54.36968512967286
,,grass,,18.655513523736936,54.34833722982992
,,grass,,18.600712565030175,54.377202858214176
,,grass,,18.60070521939016,54.37727433296063
,,,water,18.429100892267012,54.29760391511101
,,grass,,18.55215501458053,54.32145661508862
,,grass,,18.551905703425525,54.32228935398942
,,grass,,18.55147186237554,54.32310864068972
,,grass,,18.55225964501727,54.322591346713864
,,grass,,18.552892596346716,54.32215733206598
,,grass,,18.553104922193327,54.32213765509324
,,grass,,18.55276265880923,54.322286402095735
,,grass,,18.553400056293345,54.32230503470486
,,grass,,18.553381343412582,54.32179380573346
,,grass,,18.553737180825088,54.321240470630656
,,grass,,18.648077349999998,54.34991919999999
,,grass,,18.648231005083353,54.350070436988396
,,grass,,18.648352801255683,54.350486239897556
,,grass,,18.64688472467774,54.35042405775267
,,grass,,18.646884462002888,54.350211803612346
,,grass,,18.64713339932535,54.35024809193771
,,grass,,18.64725850110827,54.35049872100355
,,grass,,18.64463104766113,54.34916298017248
,,grass,,18.645111616405572,54.34939009931065
,,grass,,18.64487295230461,54.34910127329099
,,grass,,18.64530270002371,54.34969741101261
,,grass,,18.644494266887648,54.34963107341026
,,grass,,18.64293970894969,54.3513891678955
,,grass,,18.64426110500838,54.349622720178
,,grass,,18.644361937564284,54.3499422768897
,,grass,,18.643906673218197,54.352958063353874
,,grass,,18.645820429205713,54.347864497739494
,,grass,,18.645439911189136,54.34882438407563
,,grass,,18.6456972061688,54.34830722740389
,,grass,,18.64493739916262,54.34859974165224
,,grass,,18.64513905340017,54.34864763957778
,,grass,,18.645537248949562,54.34990241512399
,,grass,,18.64580060944589,54.34994981451728
,,grass,,18.64597754886929,54.34992675272202
,,grass,,18.64641896810551,54.35120890770743
,,grass,,18.64653801361376,54.35158002552061
,,grass,,18.646537979657097,54.35162738922633
,,grass,,18.646263769978265,54.35160176958917
,,grass,,18.646275478838717,54.35146551176997
,,grass,,18.645949238804747,54.35120936504052
,,grass,,18.644735508480196,54.35171912726141
,,greenfield,grassland,18.5559608641764,54.41099177143853
,,,grassland,18.584331935877692,54.42243658196141
,,grass,,18.65146173368579,54.34868462863618
,,grass,,18.649465995204828,54.34899203881268
,,grass,,18.652007747296324,54.34856083607234
Multipark Morena,park,,,18.56983874901465,54.34802177602211
,,,grassland,18.58211808384131,54.323540827524596
,,,grassland,18.597042450560668,54.38952166616961
,,,grassland,18.595265450491407,54.39004329856896
,,,grassland,18.595700919339215,54.3893626266827
,,grass,,18.59505843094729,54.38950003589971
,,industrial,grassland,18.556382845338387,54.345307876440465
,,grass,,18.552089281589627,54.35144969911478
,garden,,,18.552029751488572,54.3512078429625
,,grass,,18.55149241445472,54.35127401605847
,,grass,,18.550613637615253,54.351785834536734
,,grass,,18.549247682436267,54.3511060077927
,,grass,,18.546213041220152,54.36716048849559
,,grass,,18.54628014550684,54.36689938378617
,,grass,,18.54599780713741,54.36723772028167
,,grass,,18.546157799123673,54.36732949690316
,,grass,,18.545760846611095,54.36749567462992
,,grass,,18.54624336924939,54.36732338145821
,,grass,,18.545680870982725,54.36731698747758
,,grass,,18.54542217475556,54.36731052102445
,,grass,,18.54521007178556,54.36706606607526
,,grass,,18.545880844755267,54.366867807837
,,grass,,18.546046010905073,54.3671214523872
,,grass,,18.58421859464001,54.33808291544478
,,grass,,18.58501034746803,54.3383520965717
,,grass,,18.58491848435896,54.33787255827578
,,grass,,18.585235963264687,54.337906245385646
,,grass,,18.585277233161072,54.33828778527539
,,grass,,18.585011316916688,54.33832437638086
,,grass,,18.585354355933944,54.338750598169085
,,grass,,18.58450647590174,54.3385172764191
,,grass,,18.584447138785382,54.33828213854693
,,grass,,18.58448406702851,54.338020304196235
,,grass,,18.584483462519895,54.33778024525275
,,grass,,18.58380701182692,54.338172997594135
,,grass,,18.58355985,54.33806129999999
,,grass,,18.58332656033658,54.337873634728474
,,grass,,18.58334601388542,54.337598090543416
,garden,,,18.58356287309525,54.33762155980783
,garden,,,18.5836922797123,54.33784774145379
,,grass,,18.58382370773427,54.33761592251658
,,grass,,18.583683480213505,54.33749717388828
,,grass,,18.583379770779636,54.3374497695515
,,grass,,18.582965678445774,54.33769267581824
,,grass,,18.583320828994033,54.33732241760411
,garden,,,18.583208453019,54.33724776273254
,garden,,,18.585691581171105,54.338908975405815
,garden,,,18.58589352532134,54.338961203637744
,garden,,,18.586066074184686,54.33893850824145
,,grass,,18.627783696494,54.39984678438515
,,grass,,18.632333299327687,54.39610686136899
,,grass,,18.63169445946269,54.39821591697252
,,grass,,18.63459189523629,54.395520495120486
,,grass,,18.63423012474492,54.395462714158086
,,grass,,18.635178984576328,54.39584946927442
,,grass,,18.630923506022683,54.398755296817455
,,grass,,18.62880467185257,54.39959158363055
,,grass,,18.628595956843505,54.39967298346346
,,grass,,18.629360164124293,54.39815407114383
,,grass,,18.629053512710108,54.398056823160125
,,grass,,18.63186607416071,54.39689296510135
,,grass,,18.63357934869676,54.39722398452209
,,grass,,18.632807992067082,54.39710377889589
,,grass,,18.633265949810323,54.39738122691444
,,grass,,18.632951659159207,54.39753902662031
,,grass,,18.632567136732277,54.39725990313257
,,grass,,18.630034936759973,54.39831779951756
,,,grassland,18.44339140670528,54.41643593324842
,,meadow,grassland,18.40261616740138,54.39398235522432
,,grass,,18.595806172356955,54.37759314337743
,,grass,,18.595921628228346,54.37783202850889
,,grass,,18.596001968542456,54.37802860208729
,,grass,,18.597349759012374,54.37770414613481
,,grass,,18.597485646106925,54.37776350081968
,,grass,,18.59814154420011,54.37795340071895
,,grass,,18.598377947573827,54.377946211763536
,,grass,,18.59784207253866,54.378004721410406
,,grass,,18.596897067645592,54.37826219137609
,,grass,,18.599019835307683,54.37817333904622
,,grass,,18.59857153477332,54.37823034380916
,,grass,,18.598047690622582,54.37825173821773
,,grass,,18.597513005193257,54.3783688482075
,,grass,,18.57200304283924,54.395946291659044
,,grass,,18.57139469086016,54.3962797364793
,,grass,,18.571950002641174,54.3957557550441
,,grass,,18.572116672936023,54.39575988322676
,,grass,,18.57019947722042,54.40355079157825
,,grass,,18.570629573628572,54.40387155855456
,,grass,,18.570575894752157,54.40395374420069
,,grass,,18.57039880679153,54.403711454710496
,,grass,,18.570332268452717,54.403692432354305
,,grass,,18.57019613631907,54.40367790028654
,,grass,,18.570722611901292,54.40369353721468
,,grass,,18.570449796952328,54.40372779514577
,,grass,,18.570488626072,54.40375852011533
,,grass,,18.570565720871908,54.403768875328524
,,grass,,18.570642879338465,54.40377050413369
,,grass,,18.5707150042282,54.40377486672618
,,grass,,18.57071770948475,54.403873352061865
,,grass,,18.570620990185514,54.404000605696936
Skwer przy ul. Kaszubskiej,park,,,18.56960356190602,54.40565459610348
,,grass,,18.653421243631314,54.35160881663665
,,grass,,18.653627113086745,54.351405663419314
Skwer Chrztu Rusi-Ukrainy,park,,,18.649905312667315,54.3569632543741
,,grass,,18.658606254102867,54.35462690859783
,,grass,,18.661572942582257,54.35468752164948
,,grass,,18.661428850078792,54.35461861320464
,,grass,,18.66045893737063,54.3552860107834
,,grass,,18.66018558784865,54.355263450851616
,park,,,18.663431852546683,54.355902308161596
,park,,,18.661272741540646,54.35434793792026
,,grass,,18.6531774625908,54.35838589418347
,,grass,,18.652288560132597,54.35855106219679
,,grass,,18.652971202063785,54.35830402970317
,,grass,,18.651451181831487,54.361344677808894
,,grass,,18.65241078036703,54.36156775381198
,,grass,,18.651003246851314,54.36195810081112
,,grass,,18.6512300765574,54.358679984489875
,garden,,,18.656790346782334,54.360915217872574
,,grass,,18.660651863476332,54.36057270851573
,,grass,,18.661141755868975,54.360321493774826
,,grass,,18.65026549850449,54.36341630661947
,,grass,,18.647231234937852,54.364640428182184
,,grass,,18.65763811190729,54.36009395048286
,,grass,,18.657177562794782,54.36000737539233
,,grass,,18.656611902874392,54.36052229970226
,,grass,,18.65293289432314,54.3616816424778
,,grass,,18.654338848688514,54.360906369035426
,,grass,,18.655845036086717,54.36098138909085
,,grass,,18.654430545415746,54.362281709514235
,,grass,,18.653606755485953,54.36256131506276
,,grass,,18.65389465570038,54.362431052952175
,,grass,,18.654392438150875,54.362522592257804
,,grass,,18.65325615228828,54.36258596335186
,,,grassland,18.653547471502215,54.36313445403205
,,,grassland,18.65300143835865,54.36388860626311
,,,grassland,18.65270697338732,54.36318062508533
,,grass,,18.654838949214508,54.36169603435553
,,grass,,18.645462763420483,54.363518592427745
,,grass,,18.645388899585214,54.36370617972985
,,grass,,18.651083665833085,54.36317364676637
,,grass,,18.650964401546073,54.36281216246205
,,grass,,18.6504540753637,54.36280211207792
,,grass,,18.648804810384977,54.3634122368903
,,grass,,18.440123051517674,54.45110372900658
,,grass,,18.436574367969328,54.450444025939895
,,,wood,18.59995121144382,54.37160199690852
,,grass,,18.602445325844396,54.37345743196439
,,grass,,18.60174953269163,54.37314017988869
,,grass,,18.60119655843859,54.372833050082676
,,grass,,18.603224125488843,54.37368893876084
,,grass,,18.604031694867523,54.37394892734145
,,grass,,18.60474132120209,54.374231692807236
,,grass,,18.605235093676598,54.37481795315796
,,,wood,18.603672594649346,54.37498872013886
,,grass,,18.60519230277488,54.37448309335313
,,grass,,18.425712964223035,54.45179555290666
,,grass,,18.435925826372028,54.44936896852686
,,grass,,18.438240208986787,54.448720073952
,,grass,,18.427603906000748,54.44996125546508
,,,grassland,18.698152698387464,54.36633979912011
,,,wood,18.699266328824752,54.370125347832
,,grass,,18.579981577793664,54.393743942879055
,,,grassland,18.578738200594636,54.393574819858394
,,greenfield,grassland,18.5560734428587,54.312561281940496
,,,wood,18.62884595304627,54.36466887080887
,,,wood,18.574897501087122,54.427135032513775
,park,,,18.569325737687358,54.43600241119303
,,grass,,18.577582519976506,54.437407237752524
,,grass,,18.576470643505672,54.43799029560446
,,,wood,18.579134379644394,54.431968339720925
,,grass,,18.579410906353754,54.432567203753166
,,forest,,18.4132075046543,54.41358233717165
,park,,,18.659923210473256,54.34069983232765
,,,grassland,18.657805011075787,54.33999832449414
,garden,,,18.559088581712288,54.40324294396056
,,,wood,18.56628094370581,54.43454693340256
,,grass,,18.67328338559488,54.35367721151928
,,,wood,18.669270739893836,54.3569469125175
,,,wood,18.667326072816376,54.35820937073537
,,,wood,18.666213444877897,54.35938259220834
,,,wood,18.666427145276952,54.358954263065755
,,,wood,18.67086156726143,54.35561548407787
,,,grassland,18.666735245388896,54.35448159762848
Park Sztuki,,grass,,18.593933514990226,54.38951801066842
,,grass,,18.434073275873306,54.34475932468995
,,grass,,18.433730730409486,54.344838290447555
Roślinność zaroślowa,garden,,,18.574835786209444,54.39539395005209
,,grass,,18.555978772165794,54.41140899182111
,,grass,,18.556659944244014,54.41080339221805
,,,wood,18.54828805407705,54.40899735454186
,,,grassland,18.547887011578638,54.40876095264727
,,,wood,18.547473891072556,54.407753539577264
,,grass,,18.594114082393812,54.38988844353547
,,grass,,18.595267723943,54.38835075109925
,,,grassland,18.594996039805977,54.38855801211241
,,grass,,18.59358289726033,54.3893202580391
,,grass,,18.594590740107634,54.38907788750738
,,,grassland,18.581428919957194,54.430189738145884
,park,,,18.570554973116995,54.43788233202469
,,,wood,18.631296379038496,54.40284865285561
,,grass,,18.59872303136167,54.38186951660373
,,grass,,18.59926650942978,54.38185027009995
,,grass,,18.599343869839036,54.38198773578874
,,grass,,18.598366706413366,54.38247909159861
,,grass,,18.598310273449552,54.382109037475594
,,grass,,18.59885677275775,54.38193009831438
,,grass,,18.59654130534952,54.380177856304655
,,grass,,18.60056947772793,54.38174678320301
,,grass,,18.600911219654858,54.38159334520967
,,grass,,18.601554885406543,54.38122698595536
,,grass,,18.60129396573577,54.38139055052209
,,grass,,18.600692643054806,54.38160452356645
,,grass,,18.600486450288813,54.381696656227085
,,grass,,18.601125224010826,54.38140437265229
,,grass,,18.603506767952872,54.37992675485827
,,grass,,18.601677791565447,54.38094438727942
,,grass,,18.6014138147579,54.38090411329423
,,grass,,18.60175320962437,54.3805918307035
,,grass,,18.56367953411543,54.43076199591337
,,,grassland,18.565872454616745,54.427556500168016
,,grass,,18.596753866424233,54.39857557858171
,,,wood,18.600371559555626,54.40277256667495
,,,,18.59000906114318,54.40895870626709
,,grass,,18.58539635824258,54.38938406148112
,,,grassland,18.458621378717382,54.445678075931006
,,,wood,18.581681655763045,54.38061688365812
,,,wood,18.579859926551663,54.37970051717133
,,,grassland,18.580934498946924,54.380412207009066
,,grass,,18.49157246706519,54.35483843687673
,,,wood,18.560291096122736,54.33373050239232
,,,wood,18.56214987630422,54.333740307708304
,,grass,,18.58550365817512,54.38257365879175
,,,grassland,18.563320088012283,54.42033151290651
,,,grassland,18.56426513760608,54.41598834242947
,,,grassland,18.582886046969254,54.36524180220573
,,,grassland,18.579520906364618,54.36918477959586
,,grass,,18.529369979243896,54.354778043975315
,,,wood,18.596298871479547,54.314353259429446
Park przy osiedlu Biotura,park,,,18.593312123574123,54.31313198747203
,,,grassland,18.590667097052965,54.422719837744836
,,,wood,18.58739788293862,54.43186091742824
,,grass,,18.58055984362684,54.432589699242335
,garden,,,18.579715153330284,54.43298029623087
,garden,,,18.6123571146727,54.382218763630924
,garden,,,18.612053742232604,54.382198766917526
,,grass,,18.561088450114575,54.44102793605159
,,,wood,18.402351434132516,54.399110675038756
,,,wood,18.564623349498135,54.43379390642816
,,,wood,18.565725133907872,54.43259486815185
,,,wood,18.55307287915469,54.448187966160155
,,,,18.551485268062553,54.445544131317405
,,grass,,18.64343288127296,54.3617218556399
,,grass,,18.64311042011296,54.36180204472604
,,grass,,18.64303156496765,54.36199901753886
,park,,,18.64228761599873,54.362365104560446
,,greenfield,grassland,18.63558994704941,54.36707439049503
,,,grassland,18.59850419548616,54.293395574895754
,park,,,18.655032325041198,54.35575740463335
,park,,,18.653951144957325,54.35587842900722
,,,grassland,18.65947254595572,54.342989087999854
,,grass,,18.648816677317782,54.3417027850218
,park,,,18.645433856156547,54.34065047012495
,,grass,,18.644916608182843,54.34443025344101
,,grass,,18.645058645850202,54.345720201132345
,,grass,,18.644897462701614,54.34466976165895
,,,grassland,18.646210892155327,54.40018881642481
,,,grassland,18.647379642248264,54.40169367648953
,park,,,18.646334300855777,54.39399349414552
,park,,,18.64496614152571,54.39496379318023
,park,,,18.643759473194326,54.395814708188084
,,,scrub,18.651477050851412,54.39365535724516
,,grass,,18.649178282298905,54.38898906917468
,,grass,,18.64797071933132,54.390526166821
,,,grassland,18.666104688035965,54.402342222026554
,,greenfield,grassland,18.57447813729346,54.44070619153177
,,,grassland,18.66926837026108,54.401294274777555
,,,grassland,18.668252168066918,54.402182747125295
,,grass,,18.60311473252578,54.40473820647795
,,grass,,18.60317296985519,54.404888385359016
,,grass,,18.613078400250956,54.40439169026344
,park,,,18.668719917190217,54.39887110694317
,park,,,18.668424617262144,54.39927311844079
,,grass,,18.666676954990876,54.39881620385034
,park,,,18.665982059926403,54.398786761300094
,,greenfield,grassland,18.664784539414,54.399883341321534
,park,,,18.66420580194896,54.40061679030608
,,,grassland,18.65281334948126,54.40335167590908
,,,grassland,18.66440272233586,54.39768854875928
,,grass,,18.644373286354845,54.39495849542283
,,,grassland,18.59264465066882,54.38175356338241
,,,grassland,18.592240067874872,54.38177952133533
,park,,,18.592524998196296,54.38456787318591
,,,wood,18.50729441522873,54.34686861595226
,,,wood,18.50844441676079,54.335810717452354
,,grass,,18.61366015043882,54.40594464613646
,,grass,,18.613745187655994,54.40581555597481
,,grass,,18.61360295760538,54.40632794875019
,,grass,,18.614359375277978,54.40642128104263
,,,wood,18.640087778051065,54.343457186356744
,,,wood,18.640579112370688,54.34589675194471
,,,wood,18.638661938989706,54.34504317141137
,,,grassland,18.63697996620299,54.345569814831656
,,,wood,18.63725327126056,54.34678247708718
,,greenfield,grassland,18.60082688030797,54.42257889188808
,,grass,,18.566785419874904,54.41459558027915
,,grass,,18.600137588529776,54.396305910203296
,,grass,,18.60090206283585,54.3963412736843
,,grass,,18.601693966089908,54.396404600639436
,,grass,,18.599503955137706,54.39681608005232
,,grass,,18.600262096910182,54.39698122687662
,,grass,,18.60103908756621,54.39702245258531
,,grass,,18.69034330467771,54.38579552897403
,,grass,,18.690308602008834,54.38606525637622
,,grass,,18.602238281159575,54.309923367455525
,,grass,,18.625671060961988,54.40751582215744
,,grass,,18.625908635019265,54.40861644254531
,,grass,,18.62594799755016,54.40884656990438
,,grass,,18.626053348251848,54.40921053939286
,,grass,,18.627111625866288,54.409233346130556
,,grass,,18.6272960331542,54.40936830433618
,,grass,,18.62643348874081,54.409388215881634
,,grass,,18.626495413331536,54.40911846281348
,,grass,,18.626212643288806,54.40824823627736
,,grass,,18.626491890488253,54.40956957497175
,,grass,,18.626836930714635,54.40869542849634
,,grass,,18.628119288859715,54.409214066975274
,,grass,,18.62827987965138,54.40928331645159
,,grass,,18.627751976791554,54.409521742369144
,,grass,,18.628300992560263,54.40948460273086
,,grass,,18.626434,54.4092257
,,grass,,18.626612619553324,54.40937363210995
,,grass,,18.627471272647686,54.40903371305233
,,grass,,18.627043780603707,54.40956232012363
,,grass,,18.62828166005752,54.40939469046055
,,grass,,18.6273189714701,54.40851022019968
,,grass,,18.62540124512423,54.40645576878557
,,grass,,18.62515563146307,54.40601022985576
,,grass,,18.626737356605,54.40747687692521
,,grass,,18.626182331729122,54.40693470442197
,,grass,,18.625728582805916,54.40701020294322
,,grass,,18.624191890826225,54.404528386396784
,,grass,,18.624534736575175,54.40520056433751
,,grass,,18.62485251241004,54.40550010706456
,,grass,,18.624746322132758,54.40508898143711
,,grass,,18.62619021100643,54.40734084800574
,,grass,,18.62561898966962,54.40587489757217
,,grass,,18.624872291188353,54.40504639678848
,,,wood,18.57676355384579,54.32621490061394
,,,wood,18.572172314517395,54.32952499759292
Roślinność leśna,garden,,,18.574926025909203,54.395875008563834
Roslinność stepowa,garden,,,18.57525206177726,54.39514176815202
Roślinność murawowa,garden,,,18.575277056402317,54.39503462896956
Roślinność wrzosowiskowa,garden,,,18.575583393207477,54.394825007679884
Roślinność ruderalna,garden,,,18.57601473224458,54.39483813795246
Roślinność łąkowa,garden,,,18.575987676366008,54.39477871077053
Roślinność pól,garden,,,18.57621316278245,54.39466718422378
,,grass,,18.5739950347559,54.43032511864579
,,grass,,18.574226550000006,54.43023725000001
,,grass,,18.574169299999998,54.43033
,,grass,,18.574257764024473,54.430179279448986
,,grass,,18.57432493811995,54.430081242871445
,,grass,,18.57410448180439,54.43014524977225
,,grass,,18.548428514140646,54.35057260033067
,,grass,,18.59449298570226,54.38941415627089
,,grass,,18.594846896427672,54.389180277448816
,,grass,,18.59473409924324,54.389390133856736
,,grass,,18.618278569316928,54.39064038260896
,,,wood,18.607705196802364,54.39185313284376
,,grass,,18.57382063165676,54.4180934867859
,,grass,,18.57327693537945,54.417841412666874
,,grass,,18.57297824401063,54.41737814058416
,,grass,,18.573191194498442,54.41744636929946
,,grass,,18.573391394498437,54.41752146929945
,,grass,,18.57359699449844,54.41758646929945
,,grass,,18.57381739449844,54.41765836929946
,,,grassland,18.616439066574653,54.383548579915406
,,,grassland,18.617426883999254,54.383624856933515
,,,grassland,18.61766761025285,54.38376680033813
,,,grassland,18.616862637777565,54.38401555019533
,,,grassland,18.616953342903283,54.38379308635229
,,greenfield,grassland,18.61027506372129,54.378719095909005
,,greenfield,grassland,18.594370317609602,54.36582409143702
,,,wood,18.59195672100843,54.362682523885184
,,,grassland,18.59489477023578,54.363598497625155
,,,grassland,18.59645255339483,54.365475776669015
,,,grassland,18.60300785566057,54.362102540277675
,,,grassland,18.594679720709085,54.3630525452596
,,,wood,18.593702562288048,54.36265376526114
,,,wood,18.592315279887693,54.36203950059131
,,grass,,18.607234826596077,54.37603378903402
,,,grassland,18.594129026303307,54.36233485005374
,,grass,,18.593274426300482,54.3619011541123
,,,grassland,18.592273864429085,54.36178386417924
,,,grassland,18.592017027617604,54.362363541842406
,,greenfield,grassland,18.596271395863056,54.36770950441662
,,,wood,18.58496938548234,54.36085371673403
,,,grassland,18.58959060017503,54.36158767242792
,,,grassland,18.589343985326494,54.36110977218231
,,,grassland,18.58567373621287,54.36119394700003
,,,wood,18.58673351028527,54.361665779973364
,,,grassland,18.58756636599533,54.36342969670328
,,,grassland,18.585877106750097,54.39204166565822
,,grass,,18.60371669596151,54.395847787024216
,,grass,,18.604228810628083,54.39633118813756
,,,grassland,18.603093273651528,54.38567620279138
,,grass,,18.698043578484963,54.378945913154055
,,grass,,18.694950452270024,54.379037682925606
,,grass,,18.69602762025616,54.37950955216551
,,grass,,18.69682589968198,54.379147521114156
,,grass,,18.697155333927757,54.37913831245995
,,grass,,18.697914433375608,54.37864627358395
,,grass,,18.698567126085837,54.378347425940916
,,grass,,18.698774287235494,54.378186544023585
,,grass,,18.698348206759594,54.37784523750941
,,grass,,18.698047898725125,54.37762134184643
,,grass,,18.697748799414544,54.37740015631985
,,grass,,18.697279313070894,54.37707588280488
,,grass,,18.696963880359903,54.37715542077085
,,grass,,18.696310812735003,54.377455023059014
,,grass,,18.695223866561978,54.377954645536754
,,grass,,18.694425583532347,54.37831986195893
,,,wood,18.48377771068021,54.36874953140822
,,grass,,18.697577887840442,54.38188832822952
,,grass,,18.697410899241003,54.38206604043229
,,grass,,18.697496866484588,54.38199354377244
,,grass,,18.697288404018863,54.38195835202881
,,grass,,18.698254725557074,54.38210311275823
,,,water,18.56025574734437,54.4239889177583
Ropuchowy Staw,,,water,18.554919738340388,54.426733012984336
,park,,,18.56706229312654,54.41306830952172
,,,grassland,18.556441143325245,54.42674702356713
,,,wood,18.557699304097735,54.428132821783144
,,,grassland,18.54672946251311,54.429275389171835
,,,grassland,18.547661041494862,54.43019557948441
,,,grassland,18.55607306665198,54.42978525018008
,,,wood,18.556424698260326,54.42975803994589
,,grass,,18.548289058802585,54.43058179859461
,,,grassland,18.54581238802908,54.430394588539635
,,,grassland,18.545872073143666,54.43091309721977
,,,wood,18.54622854685671,54.431466272969786
,,,grassland,18.62289470454074,54.36090050826317
,,,wood,18.6267480709014,54.36035407166064
,,grass,,18.57536927278216,54.41813041335201
,,grass,,18.576561275240724,54.420500205299206
,,grass,,18.56476891799062,54.43520026799075
,,grass,,18.559481824175187,54.43874237792246
,,grass,,18.55684457058137,54.408792949219865
,,grass,,18.566882842262086,54.439095050900505
,,grass,,18.5788373,54.3018408
,,grass,,18.5786427731965,54.30174807400189
,,grass,,18.57857924061948,54.30164316418829
,,grass,,18.5785522,54.30156694999999
,,grass,,18.578765849297454,54.301659265807444
,,,grassland,18.5786071,54.30167444999999
,,grass,,18.578630223314004,54.30171441357891
,,grass,,18.578461378435126,54.30172086538107
,,grass,,18.579154168843303,54.301779308822766
,,grass,,18.579246850000004,54.3017428
,,,grassland,18.533012574686964,54.35301477811785
,,,grassland,18.534080647610747,54.353817019635414
,,,grassland,18.546567649458368,54.35155785657771
,,,grassland,18.57988520083936,54.33071500564424
,,,wood,18.584904924466443,54.32151354252855
,,,wood,18.584410872911185,54.322220618978264
,,,grassland,18.58547722445478,54.320673790785854
,,,wood,18.58116255349145,54.32427690407812
,,,wood,18.56756582898656,54.32482801440313
,,,grassland,18.568705832321044,54.31887881384021
,,,wood,18.574768211387223,54.31939128922868
,,,grassland,18.571321970827796,54.32698829488752
,,,grassland,18.579011629470042,54.329103571741584
,,,grassland,18.581235140645024,54.331177137294596
,,,grassland,18.5830490775007,54.33039307545922
,,grass,,18.581662294960065,54.33097000172842
,,,wood,18.579952284912036,54.331031245016426
,,,wood,18.57463538708138,54.32938918063645
,,,grassland,18.620656480040545,54.34698996663841
,,grass,,18.577794580377574,54.301860219241796
,,grass,,18.578299563133314,54.30209592176313
,,grass,,18.578596106643737,54.30202466990389
,,grass,,18.578878839660646,54.30196619780701
,,,grassland,18.579560184587436,54.30185427174555
,,,grassland,18.57976621565533,54.30181561193704
,,grass,,18.57818897471539,54.30188306626394
,,grass,,18.57801567954059,54.301604750022385
,,grass,,18.578179849999998,54.30144174999999
,,,grassland,18.577978251841635,54.301479941488175
,,grass,,18.57844137738917,54.30138641194217
,,grass,,18.578687211777027,54.30133541297282
,,grass,,18.578986743265787,54.301270615669694
,,,grassland,18.577837650718998,54.30145629077483
,,,grassland,18.57764870226982,54.30149722386303
,,grass,,18.577511577726714,54.30153157534569
,,,grassland,18.57919679369681,54.30133194959312
,,grass,,18.57918705317307,54.30187093057489
,,grass,,18.579356759741863,54.301851030825546
,,grass,,18.579417773307497,54.30181305001419
,,greenfield,grassland,18.56181478868839,54.33767934841014
,,,,18.694202059684812,54.37859878898169
,,,grassland,18.712730434884243,54.37221707337029
,,,grassland,18.71269540886332,54.367733043200836
,,,wood,18.54466627978307,54.430592937760785
Plac zajęć dla dzieci,park,,,18.44940671842928,54.375046032774705
,,,grassland,18.669049723376695,54.35371182781408
,,grass,,18.666394947154522,54.35518179831663
,,grass,,18.569271603333178,54.377675489145545
,,,grassland,18.569879601163272,54.37772210063321
,,,grassland,18.569587743753946,54.37821401224256
,,,grassland,18.561571253505715,54.37787463598746
,,,wood,18.563121225677808,54.37813695439726
,,,grassland,18.564762441872315,54.377981445509185
,,,grassland,18.565360017936182,54.378836779423615
,,,grassland,18.562832501659532,54.37936636616815
,playground,grass,,18.56161411456419,54.37894099697295
,,,grassland,18.561703122107403,54.37925175104452
,,,wood,18.564335388394763,54.377741476178805
,,,wood,18.56446623951525,54.37824654931112
,,,grassland,18.55978608057731,54.379508102503664
,,,wood,18.56429192004799,54.37932940221878
,,grass,,18.708102679440195,54.360489995573964
,,greenfield,grassland,18.712897731969708,54.36480496727563
,park,,,18.71275836929129,54.36341134581859
,garden,,,18.631905027954893,54.40764141469927
,,grass,,18.63578578366315,54.40694759578147
,,greenfield,grassland,18.635996199246748,54.40742382567761
,,grass,,18.62590234396271,54.40586320337643
,garden,,,18.628070186576338,54.40663789152878
,garden,,,18.62805074771733,54.406336142825744
,,,grassland,18.657911127766823,54.344497174357684
,,grass,,18.502417920794162,54.36934748422282
,,,wood,18.63353246670943,54.40090512345981
,park,,,18.59236566614436,54.39472719968529
,,,wood,18.594242984074903,54.395194623075675
,,,grassland,18.59488630462251,54.39449715724501
,,,wood,18.595156365712405,54.3947086035934
,,,grassland,18.590799135126765,54.391299457468165
,park,,,18.58894314973879,54.39513357805667
,,,grassland,18.599600987235693,54.310022369135375
,,,grassland,18.598817622811502,54.31065205080639
,,,grassland,18.588437219298175,54.322628307778416
,,,grassland,18.575932828778043,54.32753417817398
,,,grassland,18.590639780004715,54.32721071912819
,,,grassland,18.589170251804155,54.33531858690872
,,,wood,18.585554295298177,54.33570362870897
,,,wood,18.589372290348877,54.33605544503319
,,,wood,18.5885597832344,54.3357784236784
,,,scrub,18.577407486988985,54.33333204178788
,,,grassland,18.581761904688157,54.333171035883325
,,,scrub,18.57564103281907,54.33448076283425
,,,wood,18.580062078358882,54.333880394294354
,,,grassland,18.572748377437104,54.33239868947564
,,,grassland,18.571531030286195,54.33277809328884
,,,grassland,18.591156234088082,54.32022245081574
,,greenfield,grassland,18.600454787714984,54.325959214726
,,,wood,18.60037089312904,54.32444532350771
,,,grassland,18.594950632617373,54.323512214866334
,,,grassland,18.582784259223395,54.32639153886254
,,,grassland,18.58300837746631,54.326048400343645
,,,grassland,18.612856034496385,54.331406815680175
,,,grassland,18.610329809958557,54.332509027486104
,,,grassland,18.60515647104553,54.32907015537855
,,,grassland,18.603122013862286,54.32823134785279
,,grass,,18.580973154895887,54.35854238683633
,park,,,18.581004820838366,54.35895809631612
,,,grassland,18.590249503247055,54.32470954471692
,,,wood,18.56375568824448,54.34897701914929
,,,wood,18.563968001467277,54.35030015675933
,,,grassland,18.59674808987858,54.305404092799726
,,grass,,18.587157292141594,54.30892392114459
,,grass,,18.57487389256898,54.393883938187216
,,grass,,18.57467058591732,54.39464502039914
,park,,,18.577266374693615,54.410374608716936
,,,wood,18.58392511152311,54.41741613534532
,,,wood,18.577019808981785,54.416580378006536
,park,,wood,18.568872819828453,54.431119579822855
,garden,,,18.56657674207397,54.43862613647797
,,,wood,18.67391622253385,54.39031197343216
,,,wood,18.67598357146788,54.391068831976774
,,,wood,18.68053578596414,54.39166162922335
,,,wood,18.677672963909483,54.39310522584657
,,,wood,18.67713168349531,54.389699551815795
,,,wood,18.674916284521917,54.39295941464679
,,,wood,18.675879829255752,54.392813679061526
,,,wood,18.676518875473597,54.393220544087676
,,,wood,18.677316704633718,54.392374875806034
,,,wood,18.67406616726057,54.39133123774333
,,grass,,18.556206704761046,54.32900772100182
,,,wood,18.5563395521288,54.32855215241807
,,grass,,18.635538230336344,54.321428361347294
,,grass,,18.635664617816058,54.32151513181358
,,grass,,18.635850946855367,54.32143887643585
,garden,,,18.63575843799688,54.32141721710509
,garden,,,18.635632751466293,54.32141473046218
,garden,,,18.635690718774253,54.321470334734535
,garden,,,18.635365549999996,54.32146075
,garden,,,18.635585542147545,54.32168832357891
,,grass,,18.635863007824756,54.321692180101415
,garden,,,18.635359063818942,54.321682409228174
,,grass,,18.634983046097236,54.3216731107474
,,grass,,18.634982924766025,54.32145793899479
,garden,,,18.634612400000005,54.32144325
,,grass,,18.635228493174452,54.3213497085915
,,grass,,18.63549734546506,54.32135772550643
,,grass,,18.63576887600328,54.321365617658174
,,grass,,18.635941703087195,54.32136286309574
,garden,,,18.634907570471974,54.3214269876228
,,grass,,18.63440819899858,54.32140634195776
,,grass,,18.634042403864196,54.321402598802365
,,grass,,18.63406277801567,54.32148381114047
,,grass,,18.633779430861434,54.32145465399369
,,grass,,18.633931327698132,54.322027499033894
,,grass,,18.63404341571647,54.32205077404004
,,grass,,18.635229739749153,54.321886084511654
,,grass,,18.634354041207914,54.32200397943646
,garden,,,18.634257553868153,54.32195654691248
,,grass,,18.634100044966416,54.32199075185432
,,grass,,18.633966695528787,54.32190998423134
,,grass,,18.634064422230733,54.32182535859472
,garden,,,18.634116014848956,54.321913325511446
,garden,,,18.634141543755355,54.32195612527218
,,grass,,18.634434999110677,54.321918891543916
,garden,,,18.634289271903512,54.32191500071519
,garden,,,18.634146661878205,54.321871915784406
,,grass,,18.634360640736347,54.321829746974345
,garden,,,18.634260738705446,54.32187325489646
,,grass,,18.63444263497009,54.321661212420075
,,grass,,18.634365067356885,54.321764846768566
,,grass,,18.63437420305789,54.32155413078037
,,grass,,18.63437907417229,54.321491209389706
,,grass,,18.634058978663443,54.32154610450461
,,grass,,18.633983680752756,54.321651818401286
,,grass,,18.634062961073784,54.32175759856315
,garden,,,18.63415011984417,54.32171507039146
,garden,,,18.634268127926163,54.32171686482089
,garden,,,18.63412610221994,54.321654258671316
,garden,,,18.634155999970115,54.32159427971449
,garden,,,18.634272276406403,54.321596753465634
,garden,,,18.63429978851823,54.32165721883464
,garden,,,18.63415755068814,54.32144822953598
,garden,,,18.634158082539983,54.32139400144582
,garden,,,18.63393029274274,54.32136735830533
,garden,,,18.633892438832692,54.32131432572685
,garden,,,18.633846416690144,54.321366507160555
,,grass,,18.63421607375451,54.32132005809301
,garden,,,18.634284721027182,54.321451013459686
,garden,,,18.634286004901327,54.32139504421547
,,grass,,18.634672276088576,54.32133387418933
,,grass,,18.634883563214174,54.32133838222818
,,grass,,18.63504276219065,54.32134542684316
,garden,,,18.63460472382619,54.32166561923108
,garden,,,18.63459315,54.32192274999999
,garden,,,18.634526007320357,54.32206308965669
,,grass,,18.63456484036782,54.322142043633704
,garden,,,18.633211820571198,54.32122578227795
,garden,,,18.633169963785488,54.32156326869173
,garden,,,18.632973323144242,54.32147587664152
,garden,,,18.632790046625,54.320929795139484
,,grass,,18.632902536882785,54.32124396898768
,,grass,,18.633011069816476,54.32118202360783
,garden,,,18.632589143116,54.32131843227782
,,grass,,18.633013745734278,54.321822598055434
,,grass,,18.633254839860392,54.32197661557942
,,grass,,18.633552762672128,54.32201576628646
,,grass,,18.63362601625308,54.32196491637604
,,grass,,18.63354531332296,54.3218140547555
,,grass,,18.633000957970133,54.32240569622422
,,grass,,18.632761291131057,54.32225973997223
,,meadow,,18.419689703451713,54.3822177216255
,,meadow,,18.422592392598848,54.38275127469557
,,grass,grassland,18.652610863033143,54.408059736058185
,,grass,,18.639159330609193,54.40701316682583
,,grass,,18.638330404135413,54.40673972576232
,,grass,,18.63836034822408,54.406872531717525
,,grass,,18.638635753270872,54.40702424423449
,,grass,,18.63842239125654,54.406916881106085
,,grass,,18.63843643723819,54.406828970078195
,,grass,,18.638325234272138,54.406807206869225
,,grass,,18.6384677,54.406709450000015
,,grass,,18.63894862764713,54.406900164680295
,,grass,,18.638216910948582,54.406854266078255
,,grass,,18.638628426535952,54.406915435657
,,,wood,18.625496278867274,54.403400480204546
,,grass,,18.624578603646064,54.40367050179381
,,,grassland,18.628156276542143,54.40195270358
,,,grassland,18.62877553427436,54.402235082999084
,,greenfield,grassland,18.631333212204336,54.36477407156469
,,grass,,18.591380445045655,54.38680218056715
,,grass,,18.591328474677702,54.387325387130666
,,grass,,18.591620499643,54.38714518141376
,,grass,,18.591132015033246,54.38700341448972
,,grass,,18.59099753556691,54.387117109038414
,,grass,,18.59075577900461,54.38729033391939
,,grass,,18.59109549912085,54.387275899271195
,,grass,,18.591028812167263,54.387514601235026
,,grass,,18.590874575104582,54.387631052187444
,,grass,,18.590443417680095,54.38791597975055
,,grass,,18.590161273595434,54.38810365317395
,,grass,,18.591252559714484,54.38712592035744
,,grass,,18.58994029796195,54.38700258652146
,,grass,,18.589995020418268,54.38707507809663
,,grass,,18.44265003429779,54.38835438890698
,,grass,,18.44248631776854,54.38827984975382
,,grass,,18.443028014392716,54.38822885163738
,,grass,,18.44350140986616,54.388052878175365
,,grass,,18.443270212140057,54.38783900617739
,,grass,,18.44231795851829,54.3881935389877
,,grass,,18.44338869437695,54.38794350450496
,,grass,,18.442682867692998,54.38790664022931
,,grass,,18.44219760733684,54.38808631445137
,,grass,,18.443158563570325,54.387729164952496
,,grass,,18.442538877560708,54.38780682564651
,,grass,,18.443871145637516,54.38746906052259
,,grass,,18.443379811584634,54.387651694555096
,,grass,,18.444336808462978,54.387294867881174
,,grass,,18.4444934805892,54.38738729009235
,,grass,,18.44347812042397,54.387765827642156
,,grass,,18.444609595668084,54.387495859129686
,,grass,,18.44359093212592,54.3878739063882
,,grass,,18.444230500998675,54.38778671158739
,,grass,,18.444723770193576,54.387603035147585
,,grass,,18.44370877518991,54.387981165194496
,,grass,,18.44298711566309,54.38828077000265
,garden,,,18.44561310195069,54.38766420532662
,,grass,,18.577473842980158,54.38870680383294
,,grass,,18.577224342467357,54.3883197521132
,,grass,,18.57719629969809,54.388479471811614
,,grass,,18.57712823356316,54.388665206531066
,,grass,,18.57686943485769,54.38891467632305
,,grass,,18.57712895058876,54.38888910291639
,,grass,,18.57764071587161,54.38947625730266
,,grass,,18.578539541105616,54.38994571272202
,,grass,,18.579741718340735,54.38928465604972
,,grass,,18.579545214313335,54.38922027056307
,,grass,,18.57958440249365,54.38928786464457
,,,wood,18.562438908125834,54.44490433770776
,park,,,18.562092279142195,54.445062554754955
,,grass,,18.662165412334115,54.34215157371026
,,grass,,18.662230053736845,54.34186612485647
,,grass,,18.662704106870287,54.34184151252629
,,,grassland,18.663445108929587,54.34160854299446
,,,grassland,18.663226967859256,54.34151635378152
,,grass,,18.662914694749933,54.341589320671105
,,meadow,,18.66650359845288,54.340474970409765
,,grass,,18.508746632195283,54.35282257453139
,,grass,,18.5085118379106,54.35250628048028
,,grass,,18.508613296664613,54.35265398714483
,,grass,,18.508611268896537,54.352349599528154
,,grass,,18.509000976743476,54.35288419501465
,,,grassland,18.6568018904063,54.339320152092135
,,grass,,18.646390405695527,54.345917347512334
,,grass,,18.596327702695255,54.33362363550704
,,grass,,18.597108738303078,54.330595160820046
,,grass,,18.59614690321265,54.33276276531454
,,grass,,18.596379055665587,54.332291069357545
,,grass,,18.596374181280737,54.33240924057833
,,grass,,18.59458723160833,54.33251572319611
,,grass,,18.59455763287441,54.33267240867085
,,grass,,18.595156503834517,54.33271951452134
,,grass,,18.596205073995396,54.332275150033965
,,grass,,18.596267284005467,54.33265888513539
,,grass,,18.596482694340647,54.33266486969252
,,grass,,18.5961326259393,54.332351657039794
,,grass,,18.59626443997949,54.33238067823687
Plac Generała Stanisława Maczka,park,,,18.582734642628335,54.38668436846238
,,grass,,18.62439852665907,54.4036013266958
Traszka Górska w Żwirowni,nature_reserve,,,18.55725947364253,54.39939084010058
Ropuszy Staw przy Dworze III,nature_reserve,,,18.55995436668464,54.399857955871255
,,grass,,18.595485776917155,54.41070292991146
,,grass,,18.659285135890578,54.345659163349815
,,,grassland,18.63875180602805,54.3627289867981
,garden,,,18.64271026780762,54.358575364553936
,,grass,,18.612655602635346,54.37956348848819
,,grass,,18.61280701027569,54.3794506467091
,,grass,,18.612706727706087,54.37947678328975
,,greenfield,grassland,18.57752002490783,54.43710803939982
,,grass,,18.603167668296543,54.38221393569026
,,grass,,18.60307319496243,54.38211926175265
,park,,,18.606685669342937,54.3790431382581
,,grass,,18.60741185737046,54.37889806295057
,,grass,,18.53803589890212,54.418980019811976
,,,wood,18.53971356142639,54.42063538387651
,,,wood,18.537673630762992,54.42109903865329
,,,grassland,18.53355961838487,54.40709626610061
,,,wood,18.53398003068604,54.406488574827826
,,grass,,18.568281907550777,54.326480901984034
,,grass,,18.568946027821703,54.327363377026245
,,grass,,18.56874366473963,54.32735995381819
,,,grassland,18.598208053892616,54.308384596279694
,,grass,,18.576265405398427,54.40169868550453
,,,grassland,18.537388338783543,54.411090894979104
,,grass,,18.53417161179691,54.408993537447294
,,grass,,18.53530152287268,54.41052332908562
,,grass,,18.534483927660272,54.41090083104065
,,grass,,18.53748207042511,54.41020264430879
,,,wood,18.640022344452813,54.33722484161995
,,,wood,18.609247610454958,54.30311644568459
,,,grassland,18.594604719010245,54.30542166547653
,,,grassland,18.593160682727895,54.31823899227029
,,grass,,18.593192024250012,54.316051448226844
,,,grassland,18.598279703302115,54.31488785943113
,,,grassland,18.596804909507913,54.312759932256014
,,,grassland,18.596905301254424,54.31345627403099
,,,wood,18.598147901787744,54.308780178164646
,,,wood,18.597466939723272,54.3079980786429
,,,grassland,18.61602120956817,54.31426308076424
,,,grassland,18.601741445921682,54.31061972383259
,,,grassland,18.60040440557477,54.30932766850437
,,grass,,18.6618835828854,54.3554587070339
,,grass,,18.66133845148872,54.355286754621154
,,grass,,18.661377541322068,54.35522788853239
,,grass,,18.66203179127264,54.35523269757831
,,grass,,18.52994520892551,54.415924603759166
Łąka dla pszczół,,meadow,,18.538993343245764,54.40997839690347
,,,grassland,18.573402338998868,54.30023783752101
,,,grassland,18.577404787411606,54.29844999995722
,,forest,,18.413080593012452,54.41705881892164
,,grass,,18.566711453806217,54.410552646125986
,,grass,,18.606429408836572,54.32518117160451
,,grass,,18.604917853690093,54.32458861804608
,,grass,,18.604072275480664,54.324316383857855
,,grass,,18.607682177413793,54.325744779649966
,,grass,,18.606773157263763,54.32508104552889
,,grass,,18.606498582731994,54.32506626860985
,,grass,,18.606035011867952,54.324345977526235
,,grass,,18.60568561945563,54.32420406507881
,,grass,,18.606096425788078,54.324631871905716
,,grass,,18.60356271866512,54.323559654608566
,,grass,,18.603798671392042,54.32366062691401
,,grass,,18.6044742548788,54.32426284828241
,,grass,,18.604176711773974,54.3238956625384
,,grass,,18.60509827716268,54.32418726357006
,,grass,,18.604588205658246,54.32436139565022
,,grass,,18.605506145782265,54.3238657283289
,,grass,,18.60575865914495,54.323785380013575
,,grass,,18.6067347937673,54.322897544659334
,,grass,,18.60653760355034,54.322758383268734
,,grass,,18.60563394277956,54.32397863700502
,,grass,,18.60641486758619,54.32348976295131
,,grass,,18.605997125133964,54.32373863622882
,,grass,,18.60508715891396,54.32255592984394
,,grass,,18.605593242557287,54.3224683695515
,,grass,,18.605054109111844,54.32283675646699
,,grass,,18.605200861217497,54.32329096487755
,,grass,,18.606155888533788,54.32357560819064
,,grass,,18.60496988737535,54.32285682991414
,,grass,,18.604907397095584,54.322963588644825
,,grass,,18.604868693926125,54.3229280618903
,,grass,,18.6057041467994,54.32229729679298
,,grass,,18.604803382597535,54.32302647379822
,,grass,,18.605909886054437,54.323647867283306
,,grass,,18.60532788741324,54.323260049681885
,,grass,,18.605674527701286,54.32356982605855
,,grass,,18.605818458370006,54.3235106420995
,garden,,,18.57490664668642,54.40676553520994
,,grass,,18.61161002172207,54.37788290365965
,,grass,,18.574554775590496,54.35148756924168
,,grass,,18.574353551440474,54.34935195458292
,garden,,,18.5583906158307,54.37415064177277
,,grass,,18.590992595846778,54.3519335029154
,,,grassland,18.430132892968945,54.36998662970436
,garden,,,18.692329815457857,54.3673935762389
,garden,,,18.69159237134858,54.367357159062195
,,,wood,18.555438252600933,54.409479599553016
,,grass,,18.57497543002057,54.35147634969076
,,grass,,18.575177038897365,54.35140540741293
,,grass,,18.573839020261808,54.34948737688188
,,grass,,18.57420530611244,54.349661016694824
,,grass,,18.57452171329254,54.34998835189182
,,grass,,18.574061810363638,54.349992030963215
,,grass,,18.573998813273192,54.35028067033986
,garden,,,18.57343028083917,54.350232342278346
,,grass,,18.573312881171447,54.35027603636792
,,grass,,18.574570870730952,54.350304600255555
,,grass,,18.60066958713943,54.33764791969329
,,grass,,18.600777744928195,54.33758503366224
,,grass,,18.60043397473036,54.33904105067915
,,grass,,18.60063808775846,54.33742810550068
,,grass,,18.600561917938816,54.337664821492076
,,grass,,18.601264213700027,54.33920965550413
,,grass,,18.601101445961792,54.33900884233471
,,grass,,18.6011957678163,54.339338763273005
,,grass,,18.601520336914803,54.33933573446271
,,grass,,18.601289492794262,54.33895778242484
,,grass,,18.599777910101356,54.337988778447965
,,grass,,18.599671517101864,54.337924011000794
,,grass,,18.599803577578303,54.33701612888352
,,grass,,18.59996092436713,54.337271806376755
,,grass,,18.599135794468488,54.33772049137282
,,grass,,18.599337105922462,54.33821162827412
,,grass,,18.599226961224126,54.33756398694495
,,grass,,18.59937984578182,54.33747768795521
,,grass,,18.599135059470722,54.33729511792746
,,grass,,18.599343677035694,54.33687039860928
,,grass,,18.59859276780316,54.33684008858126
,,grass,,18.599542670038122,54.33666675044078
,,grass,,18.59959826750968,54.33628176104095
,,grass,,18.59815507790991,54.335436582399886
,,grass,,18.59694678455205,54.335415247086765
,,grass,,18.597390661007726,54.33606382474091
,,grass,,18.597227824561724,54.33578193526639
,,grass,,18.597422942253477,54.33581973684188
,,grass,,18.596816649798406,54.33510617992839
,,grass,,18.595961444008065,54.33403020968743
,,grass,,18.598290488498254,54.33693717761607
,,grass,,18.598040802048466,54.33586403571581
,,grass,,18.597170066010406,54.33513232947967
,,grass,,18.597129204204276,54.33461438351044
,,grass,,18.59901550857867,54.33657654016698
,,grass,,18.59933860516989,54.33648651758949
,,grass,,18.597975458722544,54.3356580071111
,,grass,,18.597200067368153,54.33502332338817
,,grass,,18.597840232355455,54.3359666471767
,,grass,,18.596965459500282,54.33507210428375
,,grass,,18.59617631003744,54.33394454657033
,,grass,,18.596803220402723,54.3338776988768
,,grass,,18.596727058002394,54.33410905962726
,,grass,,18.596398225141336,54.33401573046396
,,grass,,18.59668987780256,54.3341842059874
,,grass,,18.59651974744885,54.33324150337826
,,grass,,18.596592675264734,54.333219359629126
,,grass,,18.59657671105826,54.332667657950836
,,grass,,18.59668979071832,54.33293833023463
,,grass,,18.59666411837525,54.332401925206156
,,grass,,18.596146797749242,54.33315512259933
,,grass,,18.595161365153544,54.33294205411395
,,grass,,18.596767972990136,54.33211628142408
,,grass,,18.597133436376485,54.3310410340544
,,grass,,18.597553036315137,54.330354143576116
,,grass,,18.597327405557273,54.33060152983137
,,grass,,18.601225015820173,54.329748230688104
,,grass,,18.598665802119058,54.32941148727373
,,grass,,18.5964694955625,54.33060025446758
,,grass,,18.598156798860227,54.32890591684294
,,grass,,18.596738566466676,54.330166335556754
,,grass,,18.598928018046898,54.329027367678236
,,grass,,18.598893634431878,54.328989107343475
,,grass,,18.60013929300944,54.327962355535185
,,grass,,18.60135633406386,54.32684509821089
,,grass,,18.600356300704497,54.32733365037571
,,grass,,18.600489901260858,54.327482348032966
,,grass,,18.60043002798175,54.32745398326906
,,grass,,18.59910860577294,54.3287403229971
,,grass,,18.598951283333633,54.328699601269584
,,grass,,18.59931362385988,54.32882104367265
,,grass,,18.598732096818736,54.32885715271097
,,grass,,18.603409010806146,54.325189566924394
,,grass,,18.603036111541915,54.32520470357164
,,grass,,18.602893518418483,54.32337760336807
,,grass,,18.599710861011573,54.327305633742206
,,grass,,18.600171543762634,54.32701094767829
,,grass,,18.601262471730422,54.32578843309635
,,grass,,18.6021388383271,54.324941940449065
,,grass,,18.602246593413515,54.32499702780133
,,grass,,18.602972561368258,54.325185460219004
,,grass,,18.60289136041451,54.325083786279826
,,grass,,18.603068388606072,54.32405993685311
,,grass,,18.603198852927804,54.32409717747078
,,grass,,18.603286662502022,54.3237456674564
,,grass,,18.5838850646892,54.3585534986633
Park Uphagenów,park,,,18.584675815956604,54.358660191751746
,,grass,,18.584743436602487,54.35813329417946
,,grass,,18.597624219501476,54.35101106334335
,,grass,,18.58039493400745,54.3492330065538
,,,grassland,18.579473366733982,54.43747938640192
,,grass,,18.58550792178421,54.419868847471534
,,grass,,18.584761435989616,54.41977087813645
,,grass,,18.58494806959583,54.419314388770005
,,grass,,18.584833434213284,54.41943101879581
,,,wood,18.58527076654066,54.419107044126875
,,,grassland,18.583742673765737,54.419030818758166
,,grass,,18.58294892468619,54.418762576746936
,,grass,,18.58342189504213,54.41854501251392
,,grass,,18.576838980431894,54.41046871567265
,,grass,,18.60397518328419,54.378909702805856
,,grass,,18.660384790354506,54.35031083650764
,,grass,,18.660656772596578,54.35036981550097
,,grass,,18.6620072935825,54.35311218677712
,,grass,,18.66230865330763,54.3532201280588
,,,grassland,18.632932492231355,54.339158758101135
,,,grassland,18.633033896798842,54.339754891326415
,,residential,,18.635131448832954,54.33675998421436
,,,grassland,18.63591479263959,54.337555571757754
,,,wood,18.632458636904804,54.337359514383124
,,,wood,18.633819577586586,54.34073602999513
,park,,,18.627618922757804,54.34211572092217
,,,wood,18.634746688934804,54.3387563312148
,,grass,,18.558483660570705,54.416878508090626
,,grass,,18.55654404413567,54.41064744393808
,,,wood,18.578455725115454,54.34406191312883
,,grass,,18.584294919791013,54.40912325012971
,,grass,,18.638964177169942,54.4031569084121
,,meadow,,18.405875409223366,54.37661334517809
,,meadow,,18.408125143497028,54.37648277933313
,,meadow,,18.399774255493305,54.38448318017485
,,meadow,,18.400269332722576,54.382967657239035
,,grass,,18.648302318094157,54.36131395351004
,,,grassland,18.687726702560262,54.35297210924377
,,,wood,18.686836897118358,54.35249682872192
,,,wood,18.685463227228382,54.35237497168297
,,,wood,18.686546277828352,54.353082306776905
,,,wood,18.688095350969594,54.35276444199493
,,,grassland,18.68489089792417,54.35266046645002
,,,wood,18.690417014632672,54.35312556355369
,,,wood,18.692281717390074,54.35323235283944
,,grass,,18.64108024163354,54.348749316405254
,,grass,,18.641467470329722,54.349137064448875
,,grass,,18.641468120214967,54.34882647654249
,,grass,,18.64144348424137,54.34922776921332
,,grass,,18.641568009903718,54.347853382385104
,,grass,,18.637647100210337,54.34830623642509
,,grass,,18.63748328445003,54.34831085413071
,,grass,,18.639799567517574,54.34870526426133
,,grass,,18.637870042506314,54.349231034344434
,,grass,,18.639370278170905,54.34836533766449
,,grass,,18.637635317981967,54.34847515174537
,,grass,,18.636203039069084,54.348905310660875
,,,grassland,18.639250977728228,54.34887970298866
,,grass,,18.638760870248554,54.34899023157107
,,grass,,18.640701168292086,54.34838145443841
,,grass,,18.637767817569433,54.348757596263404
,,grass,,18.638883625218558,54.34852228516186
,,grass,,18.636887305829855,54.348348470720836
,,grass,,18.636475582364977,54.348372245626145
,,grass,,18.635171440525063,54.348602626389514
,,,grassland,18.63419081992021,54.34813975744434
,,grass,,18.631775052304103,54.34694854220006
,,grass,,18.632619804826927,54.347182560257146
,,grass,,18.61731497160107,54.33708320896467
,,grass,,18.617346147588556,54.33702662469241
,,grass,,18.617140333306846,54.33751539517044
,,grass,,18.6162898671518,54.33767952266744
,,grass,,18.618640122938178,54.33813067634126
,,grass,,18.594202107460312,54.38578993384822
,,grass,,18.61857621144301,54.344253640800375
,,grass,,18.617778932676014,54.34380383541252
,,grass,,18.6174590791024,54.34360137331058
,,grass,,18.61710373191571,54.34342816035666
,,grass,,18.617561290709418,54.34059196256062
,,grass,,18.617492949244706,54.34100001553633
,,grass,,18.617688109187473,54.34071157846979
,,grass,,18.617739962904437,54.339775074368646
,,grass,,18.617903753383786,54.339567787617
,,grass,,18.619309979205912,54.33846797012183
,,grass,,18.618444456135244,54.34009455994279
,,grass,,18.618312748493448,54.34101709214706
,,grass,,18.618976130879343,54.338800205926766
,,grass,,18.618818247864446,54.339102576209974
,,grass,,18.616937746030736,54.342553796844776
,,grass,,18.617069295530126,54.34334664400076
,,grass,,18.616763115152736,54.34313820812033
,,grass,,18.61696774923748,54.343216017203744
,,grass,,18.61752528882911,54.34340173071663
,,grass,,18.617105899280446,54.343126638208126
,,grass,,18.617646295711378,54.3426944533381
,,grass,,18.617310724656264,54.34253444043066
,,grass,,18.623328807066144,54.33794517090976
,,grass,,18.623047152800197,54.337979732714665
,,grass,,18.62257786312564,54.33804105228239
,,grass,,18.621239770194418,54.338202515224076
,,grass,,18.621593871827244,54.33803970684625
,,grass,,18.6181304573365,54.3414107810706
,,grass,,18.617235704041647,54.341395037946484
,,grass,,18.618161763424986,54.34126587937661
,,grass,,18.61771895640714,54.34140942899633
,,grass,,18.61789836679999,54.34141784398263
,,grass,,18.61817532707021,54.33942914990031
,,grass,,18.617780820033715,54.34113783823731
,,grass,,18.61794118142034,54.341149519859336
,,grass,,18.618456428666295,54.33934405317511
,,grass,,18.616990710103085,54.34405110846843
,,grass,,18.617028280229558,54.343747002463346
,,grass,,18.61742268694668,54.3443582456193
,,grass,,18.617420893578842,54.343906748652294
,,grass,,18.617646415546446,54.34407173004897
,,grass,,18.617574455237587,54.34421417361076
,,grass,,18.618709725228083,54.34490113840014
,,grass,,18.61796155633704,54.34285604664614
,,grass,,18.622829396258133,54.34529996121951
,,grass,,18.620591993477955,54.34492047423891
,,grass,,18.618078531069614,54.34175034594509
,,grass,,18.617297125473634,54.34151887812349
,,grass,,18.6171784140142,54.34182987195578
,,grass,,18.628084715655998,54.345570712618226
,,grass,,18.628098933642686,54.34546299150332
,,grass,,18.616717460835137,54.34203940005301
,,grass,,18.61613854528284,54.34195630195154
,,grass,,18.616237702354223,54.34235703239927
,,grass,,18.602727883959137,54.3388668753776
,,grass,,18.6009331693126,54.338366998240915
,,grass,,18.60633020486622,54.3399203129404
,,grass,,18.60209385915451,54.33916445399361
,,grass,,18.610110726349962,54.34106206526062
,,grass,,18.615834724963655,54.34267649510548
,,grass,,18.61452367853815,54.34211828311001
,,grass,,18.61453202073506,54.34246730850694
,,grass,,18.61573313071918,54.34321680272841
,,grass,,18.616530811141747,54.34375985645487
,,grass,,18.6161933596987,54.34376499065902
,,grass,,18.6169079501422,54.34425068570475
,,grass,,18.616638282752653,54.343454143377066
,park,,,18.60995907680361,54.403464533068174
,,meadow,,18.39907273334789,54.32607358762164
,,,grassland,18.642987645815932,54.386447358127036
,,grass,,18.626491191766053,54.34190249436757
,,grass,,18.56862833965093,54.32590953958721
,,,grassland,18.65860654219511,54.340108370077125
Roślinność wysokogórska,garden,,,18.574452375872838,54.39589886219197
,,grass,,18.57223696122982,54.395455158785744
,,grass,,18.57154743252436,54.3966965421144
,,grass,,18.572040218553987,54.3961117644703
,,grass,,18.575040087615942,54.39795853126551
,,grass,,18.574571395959147,54.398078812466515
,,grass,,18.574924147118466,54.39810639522117
,,grass,,18.574316708030775,54.3985982066533
,,grass,,18.5733462575977,54.399519228480514
,,grass,,18.573158252483925,54.39972402273578
,,grass,,18.57367571345398,54.39958602119768
,,grass,,18.573299294494426,54.39847367098403
,,grass,,18.572955687905043,54.39879753294787
,,grass,,18.572722052727162,54.39891577727915
,,grass,,18.57260890068857,54.39915512840492
,,grass,,18.572412329382118,54.399393936598315
,,grass,,18.57586690573566,54.396352238293986
,,grass,,18.575743300604774,54.39647576737573
,,grass,,18.575619148261836,54.39660394096366
,,grass,,18.57546272570986,54.396759919509016
,,grass,,18.575227924403393,54.39696406222001
,,grass,,18.575566720494056,54.396075120844465
,,grass,,18.57507017127024,54.396081095208835
,,grass,,18.57494607287704,54.396206394767255
,,grass,,18.574817970811893,54.39633142697905
,,grass,,18.574661961393332,54.39648774307937
,,grass,,18.574862998726623,54.396112949652995
,,grass,,18.574704499999996,54.39626890000001
,,grass,,18.5764195301137,54.394871418403405
,,grass,,18.57735157514607,54.39485076967355
,,grass,,18.57799957512009,54.39495373238544
,,grass,,18.577177013095497,54.39462959642182
,,grass,,18.577028917933944,54.39598815280582
,,grass,,18.57523677495198,54.3966875401677
,,grass,,18.57487074745422,54.39656254677113
,,grass,,18.576825182512952,54.39587520723142
,,grass,,18.57662135584592,54.39580101972393
,,grass,,18.576416782718805,54.39572570087777
,,grass,,18.576211655845917,54.39565131972395
,,grass,,18.576426846267804,54.39624755575174
,,grass,,18.57622232638324,54.39617415140909
,,grass,,18.576016532597453,54.396098402436834
,,grass,,18.575812315566782,54.39602424759382
,,grass,,18.575103190626592,54.39589310617327
,,grass,,18.575612828349623,54.39570174176299
,,grass,,18.57559194311436,54.395794069109805
,,grass,,18.575911980901417,54.39530536336415
,,grass,,18.575486142912872,54.393931428171626
,,grass,,18.57816145762383,54.39414068724329
,,grass,,18.577869890882408,54.393419881272074
,,grass,,18.57860892080841,54.39323757483727
,,grass,,18.578768952950202,54.3929345228852
,,grass,,18.5778214344875,54.39298616822761
,,grass,,18.576295654615187,54.39298349637583
,,grass,,18.577059465900543,54.394346144030806
,,grass,,18.576287580952027,54.39409750198203
,,grass,,18.573164178924557,54.398255949922394
,,grass,,18.573479608282792,54.39784343626481
,,grass,,18.576927017633743,54.39735200569625
,,grass,,18.576599889783495,54.39757081531531
,,grass,,18.576247222892388,54.39755989872076
,,grass,,18.575861423072475,54.39758799847617
,,grass,,18.575660666440317,54.39753733900458
,,grass,,18.576925852630968,54.39778426435986
,,grass,,18.570707998458424,54.399315966456975
,,grass,,18.572226848725492,54.39961217838352
,,grass,,18.57215887139694,54.39641921455603
,,grass,,18.5722955000981,54.39650542584552
,,grass,,18.57244733614662,54.39665783405349
,,grass,,18.572585818364626,54.39653964546017
,,grass,,18.57269079362985,54.39666872279462
,,grass,,18.576456105877543,54.39393230847474
,,grass,,18.574550832894495,54.395128109563274
,,grass,,18.574207176410205,54.39480964177242
,,grass,,18.574057441357102,54.394963979581654
,,grass,,18.574685442263917,54.39496413347544
,,,grassland,18.447787087087885,54.38684018613785
,,,grassland,18.44343302877607,54.388371620561045
,,,grassland,18.446161057079145,54.38684873446564
,,grass,,18.56748287279776,54.39665456095337
,,,grassland,18.653525378664067,54.32118982732663
,,,grassland,18.6521441491175,54.321792359047954
,,,grassland,18.651513292295096,54.36289594347331
,,grass,,18.644289110947632,54.36340335369109
,,grass,,18.643080961744296,54.3646572347249
,,grass,,18.643400296723,54.36441318482127
,,,grassland,18.622421172925236,54.35052085532057
,,greenfield,grassland,18.607913837062156,54.34759026684293
,,,wood,18.632918107486745,54.34443261168856
,,,wood,18.629578998338065,54.34416388397737
Ogród Biblijny,garden,,,18.632899534660613,54.34826532366245
,,grass,,18.607747502575172,54.38147650192947
,,,water,18.451403144293128,54.419740289215774
,,grass,,18.45142884847158,54.41979844674702
,,grass,,18.45239561969023,54.42080420144206
,,,water,18.451768686035805,54.420132772415485
,,grass,,18.4517564968694,54.42014210008435
,,grass,,18.45252263351909,54.420739517251725
,,grass,,18.45214390868952,54.42032894411295
,,grass,,18.45165942247775,54.42043805814741
,,grass,,18.58677726561328,54.3794790646258
,,grass,,18.586205868377213,54.379390040870106
,,grass,,18.569865946621984,54.39052456630837
,,,grassland,18.660314546834904,54.38982018730657
,,grass,,18.634264483135826,54.387988455627166
,garden,,,18.590173071867678,54.4080333665787
,garden,,,18.58979149265674,54.407984114409935
,garden,,,18.58979349631705,54.407598975921196
,,grass,,18.709446185528506,54.360667578425605
,,grass,,18.447321174937326,54.36982417281813
,,grass,,18.446136003989672,54.36752908667608
,,grass,,18.460061503039555,54.36653004521193
,garden,,,18.653571561128185,54.40405182179944
,garden,,,18.65334884363139,54.404013197957966
,garden,,,18.653161244252292,54.404130728317355
,garden,,,18.653462391554815,54.4041641840541
,,grass,,18.64658797550578,54.40046360870863
,,grass,,18.646753796095886,54.40081193667911
,,grass,,18.647014704494772,54.40114666051375
,,grass,,18.647236885092624,54.401171434454824
,,grass,,18.647507943023893,54.401398739361994
,,grass,,18.647393624968846,54.40145310525836
,,grass,,18.647759441281803,54.40161004842772
,,grass,,18.660433060219084,54.352099348343316
,,grass,,18.69123076042783,54.38485107040058
,,grass,,18.691081299160558,54.38624663607088
,,grass,,18.690724690776307,54.386432665222
,,grass,,18.69019870135847,54.38653594793046
,,grass,,18.69055781479696,54.386654802519985
,,grass,,18.68997049020127,54.38685698857115
,,grass,,18.690349639220326,54.38686885779852
,,grass,,18.690935371291186,54.386744050613856
,,,grassland,18.48430039500245,54.388778049065934
,,grass,,18.606249045542686,54.378696881253575
,,,grassland,18.63715311311105,54.40862544777116
Park Brzeźnieński im. J. J. Haffnera,park,,,18.643818253577237,54.40730791000219
,,grass,,18.573701725357875,54.3967929162179
,,,scrub,18.56864331946732,54.401010386903494
,,,grassland,18.56778942043642,54.40175519371432
,,,scrub,18.568556966702744,54.401449790456695
,,grass,,18.425332958001803,54.38619447257668
,,grass,,18.555513414880448,54.44958425707447
,,grass,,18.56665195297896,54.332488264090664
,,grass,,18.56715317698896,54.33235340372281
,,grass,,18.56708054299608,54.33224047811921
,,grass,,18.56687988713787,54.33236114905664
,,grass,,18.566538397776064,54.332413353465036
,,grass,,18.566753112833116,54.3322186009609
,,grass,,18.566449270825817,54.33219917178219
,,grass,,18.56680677702943,54.332298996232964
,garden,,,18.56628173215293,54.33246356213764
,,grass,,18.567743905178016,54.333250869697736
,,grass,,18.567527907676485,54.333165142061475
,,grass,,18.567578667495475,54.409462117165454
,,grass,,18.567326676587516,54.40946839473148
,,grass,,18.592101333333332,54.37758706666667
Skwer Sąsiadów,,grass,,18.592309007832444,54.37748151780911
,,grass,,18.569957674227474,54.403007173014146
,,grass,,18.57137839687637,54.40388904428117
,,grass,,18.571255015470527,54.4038577657929
,,grass,,18.571158047123987,54.40383384660768
,,grass,,18.57104875796432,54.403806055482455
,,grass,,18.57128774844098,54.402833033283514
,,grass,,18.571853310892944,54.40339049912571
,,grass,,18.570748250286858,54.4026712353942
,,grass,,18.570579998298197,54.402680483259246
,,grass,,18.5707548980258,54.402786134521136
,,grass,,18.57115870296414,54.40342697596609
,,grass,,18.571748650000004,54.40325755
,,grass,,18.571551999999997,54.40320780000001
,,grass,,18.571078343465643,54.40296915840958
,,grass,,18.57026221213775,54.40323391435063
,,grass,,18.570451812957852,54.402999829110854
,park,,,18.562348509814402,54.41849877917579
,,grass,,18.565622703306776,54.41461046462901
,,grass,,18.565737691153323,54.414028059577774
,,grass,,18.56562064990245,54.414023595647514
,,grass,,18.567570345518902,54.33246849755779
,,,wood,18.567656340436034,54.33415238964327
,,grass,,18.60556206062751,54.41039592898825
,,grass,,18.60467272506318,54.409894903181765
,,grass,,18.604833187232618,54.40956096365703
,,grass,,18.604894561232726,54.40942188765997
,,grass,,18.604736102017764,54.41017833327383
,,grass,,18.60476950427794,54.41030731041132
,,grass,,18.605106571571312,54.41036924509901
,,grass,,18.605474751698047,54.410362121891346
,,grass,,18.60536063812362,54.41023333708744
,,grass,,18.605792876913856,54.41028392132487
,,grass,,18.60601794364426,54.41010353491659
,,grass,,18.606381309347388,54.40994289600197
,,grass,,18.606130421084895,54.409898737230534
,,grass,,18.618808814846382,54.35895101569328
,,grass,,18.61767602704276,54.35916636975629
,,,grassland,18.654931693817602,54.339193017536104
,,,grassland,18.65577529682657,54.33918227022181
,,grass,,18.65628889164574,54.339186041331565
,,,wood,18.578915691350563,54.39146156745418
,,grass,,18.74864450785284,54.317642667397664
,,grass,,18.74606372410125,54.32591876140794
,,grass,,18.632158062580384,54.39672352992948
,,grass,,18.615387839092445,54.39791467471601
,,,wood,18.616775327324863,54.3969581260774
,,grass,,18.556556117181273,54.41159500292288
,,grass,,18.56405294078167,54.42466302682142
,garden,,,18.561609596216616,54.42215600360003
,,,grassland,18.55744395642984,54.41490458931041
,,,wood,18.56901669406568,54.438250780930936
,,,grassland,18.63949432130852,54.34939997854889
,garden,,,18.639141904125815,54.35004618927004
,,,wood,18.567771648893086,54.377649973738684
,,,wood,18.569334286053614,54.43576058764734
,,grass,,18.637970681920713,54.35151531271952
,,grass,,18.610492791612565,54.41000969066327
,,grass,,18.61018364041287,54.40944769925918
,,grass,,18.61044870894966,54.41005495788873
,,grass,,18.609883922935,54.4098681616536
,,grass,,18.61056391628676,54.40983706318788
,,grass,,18.6103838778658,54.40996263430838
,,grass,,18.559481156345445,54.41085472467031
,,,grassland,18.53121049291522,54.40005115016252
,,grass,,18.53656104920253,54.40506741729065
,,grass,,18.536788393527097,54.40518844375201
,,grass,,18.57035175570325,54.3317616173065
,,grass,,18.570429718501195,54.33169526173432
,,grass,,18.570546002261892,54.3317649673008
,,grass,,18.56971750634399,54.33168095086644
,,grass,,18.569961164624704,54.331639946942836
,,grass,,18.57010642207947,54.33161219578474
,,grass,,18.570353268796584,54.33163375948926
,,grass,,18.569981853419694,54.331866541569156
,,grass,,18.569723474744137,54.331907188318745
,,grass,,18.569514135028644,54.33192879231183
,,grass,,18.569514676136436,54.33211166346845
,,grass,,18.56982382940494,54.33221503596862
,,grass,,18.5700647375925,54.33221171685356
,,grass,,18.57023831368264,54.33219848839757
,,grass,,18.569491083315377,54.3322439697585
,,grass,,18.5672067829165,54.332103921674666
,,grass,,18.56695511739808,54.33209103189035
,,grass,,18.567177737990143,54.33216660420429
,,grass,,18.568284662405432,54.332126300571105
,,grass,,18.566676269396773,54.33213227030558
,,grass,,18.568364962387204,54.332003090381576
,,grass,,18.568432724798708,54.332215023268404
,,grass,,18.570559053439357,54.33150094164738
,,grass,,18.653277920089014,54.343110581017115
,,grass,,18.65310338782589,54.3430257220537
,,grass,,18.653443357404843,54.3431852088046
,,grass,,18.653883515414872,54.34340513364716
,,grass,,18.654529423779287,54.34357981787468
,,grass,,18.654536878608674,54.34373787392217
,,grass,,18.654474100856994,54.34262834394639
,,grass,,18.65409274323236,54.342723367029286
,,grass,,18.570672982977243,54.33186196377473
,,grass,,18.571751143435197,54.331910915314005
,,grass,,18.570322635354387,54.33215447461306
,,grass,,18.571917639445566,54.332017273757074
,,grass,,18.573371142478674,54.33195738586243
,,grass,,18.57017763746551,54.33249876390805
,,grass,,18.571191237854276,54.331692715948485
,,grass,,18.57177578434304,54.33166706042116
,,grass,,18.571791703143077,54.33144865065255
,,grass,,18.56999966039959,54.33129119507343
,,grass,,18.57027764574812,54.331323623955385
,,grass,,18.571934868577326,54.33154766577546
,,grass,,18.572103972998597,54.33161818526042
,,grass,,18.57188568411326,54.33174617990632
,,grass,,18.572855470182194,54.331622935437814
,,grass,,18.57360416286499,54.33154006587134
,,grass,,18.57452831372051,54.33159235377315
,,grass,,18.574117782312836,54.33167527585003
,,grass,,18.573421492074186,54.33163718037847
,,grass,,18.573404489017957,54.33174004755348
,,grass,,18.572864775124206,54.331731767371345
,,grass,,18.57334125121983,54.331335313652
,,grass,,18.57388488523885,54.33130027323865
,,grass,,18.569675761885208,54.33137800535886
,,grass,,18.57394842866378,54.331761231039025
,,grass,,18.57398414803839,54.33188514828818
,,grass,,18.573940212944752,54.331969758523975
,,grass,,18.574348041965795,54.33139091343033
,,grass,,18.570222703618924,54.333015625467986
,,grass,,18.569854637809325,54.3328994290002
,,grass,,18.570764018941862,54.333781163402215
,,grass,,18.570939657639933,54.33435288453919
,,grass,,18.57416391850015,54.33117292097514
,,grass,,18.57315162221472,54.331175102906556
,,grass,,18.573813788587458,54.331051773547514
,,grass,,18.574271342159438,54.33107062692392
,,grass,,18.574877307025627,54.33180067648718
,,grass,,18.57744662284933,54.33194724922366
,,grass,,18.57804502368294,54.33162147300686
,,grass,,18.57485786435252,54.33199442633834
,,grass,,18.575554505987657,54.332020513512056
,,grass,,18.570273852119513,54.32994950541217
,,grass,,18.570019236294694,54.33004294590129
,,grass,,18.572430525884503,54.33099537799186
,,grass,,18.57061680767973,54.33138207721733
,,grass,,18.570862444400177,54.3313712433599
,,grass,,18.57110920424959,54.33136466192842
,,grass,,18.571356186671892,54.331362063087894
,,grass,,18.570411743237926,54.33138846878397
,,grass,,18.570376545930078,54.33116692116935
,,grass,,18.570593214386694,54.33118605147183
,,grass,,18.57109190778391,54.33124007044061
,,grass,,18.571343088069806,54.33126670605828
,,grass,,18.571111411990397,54.33113784094059
,,grass,,18.570870908638437,54.33111120228163
,,grass,,18.571354758714666,54.33116345089522
,,grass,,18.570627911729005,54.33108600350996
,,grass,,18.570842901257542,54.33121827779823
,,grass,,18.466055238171258,54.38352638560851
,,grass,,18.466296369917558,54.38349357529687
,,grass,,18.466558475536385,54.383464749625695
,,grass,,18.466801696445543,54.383430314512076
,,grass,,18.46704432081806,54.383396943513084
,,grass,,18.467277434437456,54.383370014059345
,,grass,,18.466690357911432,54.38291309819412
,,grass,,18.466463053604517,54.382969551549905
,,grass,,18.466236089588797,54.38302658196795
,,grass,,18.465987737709582,54.38308673400895
,,grass,,18.465782611590424,54.38313859167542
,,grass,,18.468435608254595,54.383085605269294
,,grass,,18.46789493061571,54.38341322689822
,,grass,,18.468214932912346,54.38335683352195
,,grass,,18.46684821610236,54.38354332134947
,,grass,,18.46854545150114,54.383298100222895
,,grass,,18.468909272634345,54.383286889464756
,,grass,,18.469130627451353,54.38356944028775
,,grass,,18.468941919582758,54.38368218812755
,,grass,,18.469102481616236,54.38341280585547
,,grass,,18.60738215487571,54.380390990806646
,,grass,,18.606623696908375,54.38202568130021
,,grass,,18.58554871153755,54.37871877956967
,,grass,,18.57012898803384,54.32863065484491
,,grass,,18.569906560300943,54.328258845939956
,,grass,,18.569970891420976,54.328562676800445
,,grass,,18.56964863564095,54.327522389218245
,,grass,,18.569639638101258,54.32787472754674
,,grass,,18.570217062302113,54.32843322320012
,,grass,,18.66458166447082,54.34492124043079
,,grass,,18.663415456425106,54.34429474307745
,,grass,,18.66395480137874,54.34552155628189
,,,wood,18.57783742883385,54.43660669316777
,park,,,18.576161517180267,54.435931176793154
,,,wood,18.576662303604877,54.43582812802026
,,,wood,18.57394048625172,54.43377306552142
,,,wood,18.572393777383937,54.43506491072855
,,grass,,18.570074771888997,54.434797670576046
,,grass,,18.569717070281662,54.43513319224396
,,grass,,18.569655933891006,54.43534704329904
,,grass,,18.62487300602036,54.37551165163298
,,grass,,18.624008607620183,54.375740325080116
,,grass,,18.624841163886302,54.37540551310383
,,grass,,18.532082415342945,54.41547236448188
,,grass,,18.62219915750946,54.40304968384878
,,,wood,18.619267276513227,54.404666436284366
,,grass,,18.621854540435276,54.40283717111977
,,grass,,18.622228311722605,54.4028932014392
,,grass,,18.62223090759092,54.400890197261184
,,grass,,18.62297704842827,54.401786689912846
,,grass,,18.62204396002255,54.40159133878249
,,grass,,18.622105455915086,54.40182537859244
,,grass,,18.622075678014955,54.401982020230676
,,grass,,18.62326541660079,54.40208163803246
,,grass,,18.62322772210982,54.40216117552246
,,grass,,18.6225100172514,54.4026577838432
,,grass,,18.62336803934059,54.402501676848516
,,grass,,18.622975726569404,54.40257318157369
,,grass,,18.622683844188956,54.401807545891046
,,grass,,18.622345780226357,54.401846698491
,,grass,,18.622404988011706,54.40083127128454
,,grass,,18.62257679575021,54.40169411491736
,,grass,,18.623313823051397,54.40221184778633
,,grass,,18.622338773699518,54.40237626834336
,,grass,,18.622530655496703,54.40208980680198
,,grass,,18.622757073316613,54.402429425031684
,,grass,,18.622860534484985,54.40251547015409
,,grass,,18.62300380939531,54.402269363293435
,,grass,,18.623114300764403,54.402325461703064
,,grass,,18.62279983173388,54.40199413361549
,,grass,,18.622809557880686,54.402123499753124
,,grass,,18.622621039308637,54.402331363293854
,,grass,,18.622042852542513,54.40061980232376
,,grass,,18.623837827735315,54.403299554192714
,,grass,,18.623466929289027,54.403576280569325
,,grass,,18.622652389116475,54.400108408544895
,,grass,,18.622231248174916,54.39949185797213
,,grass,,18.62237175863568,54.399500946398334
,,grass,,18.625951288425764,54.39978944146645
,,grass,,18.622574466193186,54.400463899282315
,,grass,,18.625161896590775,54.400337961093065
,,grass,,18.624366215961285,54.40453552506887
,,grass,,18.62449899314772,54.4045105972804
,,grass,,18.626799590410826,54.40020749694303
,,grass,,18.62686282868927,54.40003470027923
,,grass,,18.62667883721977,54.39967713473509
,,grass,,18.62678484659808,54.39981771659306
,,grass,,18.626642315127043,54.39994559185073
,,grass,,18.625311295657966,54.40103106677339
,garden,,,18.624730991290484,54.4045737067294
,,grass,,18.624148945100902,54.40374754871131
,,grass,,18.623413442305722,54.40324414885009
,,grass,,18.62314723470503,54.40134313710526
,,grass,,18.62436385483658,54.40134614774445
,,grass,,18.62482680030163,54.40115236462649
,,grass,,18.623417019546537,54.40224366636683
,,grass,,18.623532272964397,54.40310702617354
,,grass,,18.624267958329188,54.401055620129995
,,grass,,18.619383096559783,54.40508455761622
,,grass,,18.621444136283053,54.402860073241314
,,grass,,18.614970950996227,54.40713800796376
,,grass,,18.615591000029646,54.40735531698401
,,grass,,18.615503341955414,54.40727043755148
,,grass,,18.615175322192997,54.406961430030954
,,grass,,18.61525805328642,54.40704272558283
,,grass,,18.61693861424372,54.406553157429315
,,grass,,18.615876077049446,54.40693622946663
,,grass,,18.571440901131695,54.33512859818822
,,grass,,18.571522604994215,54.33501672440567
,,grass,,18.572203791245734,54.334947321741836
,,grass,,18.57176885310158,54.33572209585779
,,grass,,18.573371816427994,54.33528738427007
,,grass,,18.572124867226787,54.3362592231691
,,grass,,18.57212278455717,54.33601722734074
,,grass,,18.584758294602285,54.41211084069569
,,grass,,18.584356991422975,54.41188599566655
,,grass,,18.58475348473857,54.41255206273913
,garden,,,18.57633072141042,54.37876954825399
,,grass,,18.57107668046128,54.44596899296689
,,grass,,18.57106458835676,54.44586111277
,,grass,,18.570989928194834,54.445762847106806
,,grass,,18.57085980591092,54.445683883207636
,,grass,,18.571038571988673,54.44605630930568
,,grass,,18.570540890713588,54.44646144183262
,,grass,,18.570353238399573,54.44649103354389
,,grass,,18.570706706819838,54.44639506398706
,,grass,,18.57080565416152,54.446322568922085
,,grass,,18.570159702549535,54.4464837943512
,,grass,,18.584945580632898,54.38236870571021
,,grass,,18.5851369211796,54.38245243678583
,,grass,,18.555893554679965,54.44555596493397
,,forest,,18.494752252604997,54.41393192105527
,,grass,,18.49309841799798,54.41286408556263
,,grass,,18.617143653231654,54.36866785327887
,,,wood,18.61783613988634,54.36524363646033
,,,wetland,18.618187324677592,54.3653115544603
,,,grassland,18.615814378898193,54.36779193382743
,,,wood,18.59254175223937,54.35751740353141
Jaśkowy Las,,forest,,18.594321521693413,54.37033522384966
Polana Lenza,,recreation_ground,,18.603419630323053,54.37221091895109
,,grass,,18.567040262997192,54.41104895590394
,,grass,,18.5673084,54.411080166666665
,,grass,,18.566290800743683,54.41268764493233
,,grass,,18.56621665059097,54.41439208583591
,,grass,,18.566171742738153,54.41495703946711
,,grass,,18.56576210847821,54.41696889659912
,,grass,,18.564517034216536,54.42201367314769
,,grass,,18.56527010407916,54.419257453955176
,,grass,,18.56760111717743,54.41021075533187
,,grass,,18.567195262552573,54.4103993941042
,,grass,,18.567045364728138,54.410702044170705
,,grass,,18.5668829961935,54.41034992823671
,,grass,,18.566684463089413,54.410381278650014
,,grass,,18.567373577760193,54.41018189856102
,,grass,,18.56918166559461,54.407907067486775
,,grass,,18.566324529312478,54.41384565351071
,,grass,,18.566278484602048,54.413992635571006
,park,,,18.564312523664526,54.43998980343511
,,grass,,18.564819138770197,54.440389917387115
,,grass,,18.565127418807435,54.440388031760754
,,grass,,18.565099171269278,54.44051617494431
,,,grassland,18.44851724893849,54.43665054748897
,,grass,,18.544822901381448,54.30521616921713
,,grass,,18.545672797270846,54.30441140423973
,,grass,,18.54599605615865,54.304163174047126
,,grass,,18.546048301814874,54.30443841876526
,,grass,,18.54603777516401,54.30473713242973
,,grass,,18.545355120073506,54.30424194732874
,,grass,,18.546572534058782,54.3039310527
,,grass,,18.545994446608894,54.30362466154285
,,grass,,18.547993853249185,54.30417588489362
,,greenfield,grassland,18.612471959693792,54.306409277897075
,,,wood,18.61914002172853,54.363742002210024
,,,grassland,18.452375657887522,54.43382245501121
,,grass,,18.728619054988688,54.37298488952057
,,grass,,18.72765747110534,54.37325934283611
,,grass,,18.7282456761659,54.37195951361501
,,grass,,18.72791838068585,54.37280027923789
,,,wood,18.72787273009859,54.37278873196883
,,grass,,18.57341493226076,54.397950513208116
,,grass,,18.572481803580175,54.39903090985659
,,forest,,18.728199308245873,54.364336244917496
Las Miejski,,forest,,18.754486284879807,54.3658545134622
,,grass,,18.71689404486517,54.363916861381476
,,grass,,18.72144757715903,54.36558247640509
,,grass,,18.725154850131286,54.36775349566245
,,grass,,18.72560861489869,54.36834605002233
,,grass,,18.726743210652934,54.36983615968908
,,grass,,18.728121214379975,54.37164070631272
,,grass,,18.715366133333337,54.362362233333336
,,grass,,18.716349976920934,54.362231194679396
,,grass,,18.716082795532554,54.36261622891227
,,grass,,18.71601838808194,54.36269891827975
,,grass,,18.715470433281865,54.361545837107535
,,grass,,18.700093519179052,54.36442454900738
,,grass,,18.699247147273493,54.364221602888534
,,grass,,18.699529195226752,54.36406715251747
,,grass,,18.6996934785647,54.364014114104855
,,grass,,18.699339434930828,54.36395788758563
,,grass,,18.698947321998272,54.36400568256773
,,grass,,18.69962090875535,54.3638094268058
,,grass,,18.698497445656436,54.363822480855326
,,grass,,18.69946728582778,54.36370370961271
,,grass,,18.698930498029004,54.36424423862223
,,,wood,18.418867662129696,54.39343536586175
,,,wood,18.42261950435103,54.388377511811214
,,,wood,18.432184741195694,54.38764732708357
,,,wood,18.430060214533906,54.386525950938115
,,,wood,18.426404460969,54.38746791401438
,,,wood,18.42475812250686,54.38652621755528
,,,wood,18.42618732981811,54.38636456656223
,,,grassland,18.68933245098733,54.35803639791429
,garden,,,18.56927435281966,54.35124565453959
,,grass,,18.556168081828726,54.32366512755851
,,grass,,18.551580054579475,54.3228559906379
,,grass,,18.551329799273578,54.32288739531639
,,grass,,18.504832489387567,54.32126110639539
,,,wood,18.611715952618543,54.40891443888827
,,,wood,18.605294731423438,54.41221996543889
,,,wood,18.604787344617208,54.41389064896735
,,,wood,18.639239337454704,54.401891433575926
,,,grassland,18.6446569111143,54.40345053697404
,,,scrub,18.644962891873426,54.40342166422751
,,grass,,18.642177518138954,54.40254765360862
,,,grassland,18.646200443494983,54.40208220033099
,,grass,,18.650998621044085,54.349460416940964
,,grass,,18.508502755717824,54.34019889006573
,garden,,,18.561951270781016,54.43052481396518
,garden,,,18.56172268589808,54.431036418767356
,garden,,,18.561877891833653,54.43113745616086
,,grass,,18.561932671386003,54.430726513686146
,garden,,,18.56196336808096,54.430349217086516
,garden,,,18.561749600576086,54.43038706154861
,,grass,,18.56197263985928,54.430186353178485
,,grass,,18.562047283358254,54.429893888512346
,,grass,,18.629097842767795,54.37049255172384
,park,,,18.632709148145516,54.369696040502255
,,grass,,18.65551184640682,54.348336749193706
,,grass,,18.60071346732809,54.37720262405412
,,grass,,18.60070984170717,54.37727559758302
,,,wood,18.428633416122473,54.297338282030466
,,,water,18.429098511500055,54.297605628262104
,,grass,,18.55215631025666,54.32145702193835
,,grass,,18.551823344001395,54.32232969574891
,,grass,,18.551494861464757,54.323090155288234
,,grass,,18.552245513066694,54.32259941451564
,,grass,,18.55290373724482,54.32215244883728
,,grass,,18.553100190793735,54.322137788863195
,,grass,,18.552753190277848,54.32228679392653
,,grass,,18.553409921638966,54.32230505846934
,,grass,,18.553379779831946,54.32179443519224
,,grass,,18.553781069164568,54.32116948141897
,,grass,,18.64807735,54.34991919999999
,,grass,,18.648226850555506,54.35005927484411
,,grass,,18.64835668564188,54.3504836246443
,,grass,,18.646894598065387,54.3504205163753
,,grass,,18.64688961025929,54.350213148396364
,,grass,,18.64713051885591,54.35024702094274
,,grass,,18.647258446290916,54.350498701492995
,,grass,,18.644628074048637,54.34915103765129
,,grass,,18.645113926301722,54.34939248953006
,,grass,,18.644876952034114,54.34911093507919
,,grass,,18.645313827781912,54.349716381449426
,,grass,,18.644518565455495,54.349646551921815
,,grass,,18.64298602542262,54.351392352090556
,,grass,,18.643443477553546,54.351077169118
,,grass,,18.644266356083087,54.34962469825902
,,grass,,18.644360406038327,54.3499394890153
,,grass,,18.64388581957158,54.35293320933081
,,grass,,18.645819884003135,54.34785737575747
,,grass,,18.645393042997497,54.34869228931675
,,grass,,18.645688438678537,54.34826652207466
,,grass,,18.644898861341083,54.34844176326737
,,grass,,18.645100941675572,54.34859345705577
,,grass,,18.645542735448068,54.3499186830529
,,grass,,18.645798625538003,54.349948917487424
,,grass,,18.64597887882815,54.34992766132545
,,grass,,18.646427793185754,54.351235298657855
,,grass,,18.6465378703914,54.351579816939406
,,grass,,18.646538335693283,54.35162864325362
,,grass,,18.64626059429904,54.35160130922736
,,grass,,18.646279150816657,54.3514654206708
,,grass,,18.64595270091789,54.351202812371156
,,grass,,18.64469722223029,54.35171616244043
,,greenfield,grassland,18.555945118458236,54.410997911228755
,,,grassland,18.584330017214608,54.42243685945957
,,grass,,18.651461604282446,54.348684560999764
,,grass,,18.64944382401838,54.34899062533105
,,grass,,18.65200574248446,54.34856235772425
Multipark Morena,park,,,18.57000278143393,54.347960323310794
,,,grassland,18.582147411416777,54.3235862798188
,,,grassland,18.597066036801564,54.38951707697221
,,,grassland,18.595269955313203,54.39003818248459
,,,grassland,18.59569771868712,54.38936446439635
,,grass,,18.59497620840701,54.38956006924177
,,industrial,grassland,18.55638194126977,54.345309437332475
,,grass,,18.55210502692658,54.35144632331532
,garden,,,18.552010030884173,54.351223829959686
,,grass,,18.551494112974087,54.35127460854607
,,grass,,18.550474631431808,54.351771875863136
,,grass,,18.549243350973168,54.35110640112368
,,grass,,18.54620911290403,54.36716445196877
,,grass,,18.546269491992398,54.36692015366713
,,grass,,18.546003026547606,54.36724005673741
,,grass,,18.546149547362337,54.367334514583874
,,grass,,18.54572909506948,54.367503681065976
,,grass,,18.54625163857465,54.367318763521965
,,grass,,18.545682822544485,54.36732399571151
,,grass,,18.54543193779798,54.367313237026124
,,grass,,18.545209054378578,54.36706694766782
,,grass,,18.545890082651088,54.36686842555446
,,grass,,18.54604723901909,54.36712078321032
,,grass,,18.58421903541609,54.338082288834315
,,grass,,18.58499475501867,54.33829813534451
,,grass,,18.584919446166484,54.337870930595784
,,grass,,18.58522994198811,54.33790619084531
,,grass,,18.585270716539572,54.338281797460894
,,grass,,18.585010060041615,54.33832291837759
,,grass,,18.58534227057657,54.33874931399154
,,grass,,18.584493314052512,54.33850957699057
,,grass,,18.584447134103733,54.33828211892708
,,grass,,18.584483837240068,54.33801921371779
,,grass,,18.58448186817587,54.33778257887055
,,grass,,18.583795163189546,54.338163206057736
,,grass,,18.58355985,54.3380613
,,grass,,18.583335416649046,54.33787539691819
,,grass,,18.583341734057527,54.337600105305995
,garden,,,18.58356282331893,54.337621456722964
,garden,,,18.583672287353796,54.33786213362108
,,grass,,18.583828039033367,54.33761595992161
,,grass,,18.583675038800507,54.337498705322844
,,grass,,18.58339215433421,54.33745215222358
,,grass,,18.582956103761003,54.33768031023765
,,grass,,18.583183587570744,54.33733112739528
,garden,,,18.58318052287033,54.33724541584783
,garden,,,18.585692629941946,54.33890738285238
,garden,,,18.58588032310055,54.33895055877573
,garden,,,18.586065184432126,54.33895188292834
,,grass,,18.627804410785544,54.39983896818127
,,grass,,18.63235839062901,54.396098810225006
,,grass,,18.63169783755641,54.398215042474185
,,grass,,18.633845310896028,54.39586986558731
,,grass,,18.634544644795007,54.39532480436841
,,grass,,18.63512438274475,54.39572483327864
,,grass,,18.630919583233506,54.39875814780102
,,grass,,18.62880226800396,54.39959283228616
,,grass,,18.628598207648174,54.39967204389091
,,grass,,18.63003262743627,54.39780506912314
,,grass,,18.62955729298991,54.39775466469364
,,grass,,18.631865290970158,54.39689249586188
,,grass,,18.633575872585926,54.397224585967024
,,grass,,18.632809768868267,54.39709739279476
,,grass,,18.63327575709632,54.39737920437148
,,grass,,18.632948451598416,54.39754174274734
,,grass,,18.632589941618665,54.39726994879768
,,grass,,18.630183971557127,54.398196876157996
,,,grassland,18.44338987350327,54.41643653430826
,,meadow,grassland,18.402578860351603,54.394013366894434
,,grass,,18.595805844231666,54.37759239088451
,,grass,,18.595922090660952,54.37783260047708
,,grass,,18.596006389206373,54.37802583835876
,,grass,,18.597354135636493,54.37769379154027
,,grass,,18.597495731675107,54.37777693537901
,,grass,,18.598130944165458,54.37795471508126
,,grass,,18.598376959588226,54.37794578230089
,,grass,,18.597841433466016,54.378005435058604
,,grass,,18.596902376753405,54.378271611961594
,,grass,,18.59902827511474,54.37819373583706
,,grass,,18.598600831227458,54.378277526101584
,,grass,,18.598048699901454,54.3783198123338
,,grass,,18.597504348975622,54.378349084058215
,,grass,,18.572002109828844,54.39594580998761
,,grass,,18.57139908942023,54.39627528941436
,,grass,,18.5719430940314,54.39576307255094
,,grass,,18.572123085529352,54.39575663427188
,,grass,,18.570199620594927,54.40355204302355
,,grass,,18.570629418023763,54.40387185249216
,,grass,,18.570577909231513,54.403950700617855
,,grass,,18.570399565449087,54.40371093698454
,,grass,,18.57033368671738,54.40369304952835
,,grass,,18.570187332505945,54.40367299692115
,,grass,,18.57071828318238,54.40369457328253
,,grass,,18.570449802675782,54.40372725152548
,,grass,,18.570488273074183,54.40375687519202
,,grass,,18.570566684812484,54.40376935949686
,,grass,,18.57064161988528,54.403766288450434
,,grass,,18.570713962033828,54.40377464931289
,,grass,,18.57071656209429,54.40387238728734
,,grass,,18.570620919125034,54.4040010172038
Skwer przy ul. Kaszubskiej,park,,,18.56960246833352,54.40563888117494
,,grass,,18.65342122264997,54.351608885551464
,,grass,,18.65362722387557,54.351405667342654
Skwer Chrztu Rusi-Ukrainy,park,,,18.64990839422992,54.35696034763336
,,grass,,18.658505149771784,54.35462225906494
,,grass,,18.66157658462284,54.354677871790685
,,grass,,18.661424910175622,54.354618660743185
,,grass,,18.660324229236615,54.35534684164184
,,grass,,18.660638246535655,54.35504943705448
,park,,,18.663542289433032,54.355846478403414
,park,,,18.661243667807565,54.354341484681804
,,grass,,18.653149282715628,54.35837878248929
,,grass,,18.65225849349408,54.3585510124506
,,grass,,18.652967506895408,54.35830481601478
,,grass,,18.651380906753417,54.36134373051198
,,grass,,18.65240593402486,54.361568496394014
,,grass,,18.651016198910167,54.36185990109896
,,grass,,18.651230902857552,54.35866715328748
,garden,,,18.65678001050231,54.36091734532203
,,grass,,18.660626642625093,54.36056522657279
,,grass,,18.661086487875043,54.36029115497564
,,grass,,18.650265877456558,54.36341643095533
,,grass,,18.647233964130685,54.36464421356454
,,grass,,18.657715017530514,54.36011556556523
,,grass,,18.65721911842174,54.36005888558187
,,grass,,18.65662772249431,54.36052066737657
,,grass,,18.652913693827035,54.36169027959911
,,grass,,18.654328242595394,54.360908947054135
,,grass,,18.655543581299536,54.36103572325893
,,grass,,18.654434693548723,54.36228011277586
,,grass,,18.65360755385132,54.362563825683566
,,grass,,18.653894715539696,54.362417506286626
,,grass,,18.654392068872813,54.36252275920906
,,grass,,18.65326621997076,54.36258813326995
,,,grassland,18.6535314800745,54.363110955299206
,,,grassland,18.653029447776106,54.3638701895624
,,,grassland,18.652636610507837,54.36320073456405
,,grass,,18.65483721451405,54.36169101280256
,,grass,,18.64546787185525,54.363517961968306
,,grass,,18.645443936316184,54.36369808543077
,,grass,,18.65109196972477,54.363169408142895
,,grass,,18.65096308208119,54.362805554159934
,,grass,,18.650481552509227,54.36278778109725
,,grass,,18.64963030931666,54.36329160577199
,,grass,,18.440095782392607,54.45108997963969
,,grass,,18.43660083030151,54.45037414252818
,,,wood,18.599961737257434,54.371608139624776
,,grass,,18.602432955528297,54.37345376754811
,,grass,,18.601781026240108,54.37315706311788
,,grass,,18.601190863403634,54.37282994932004
,,grass,,18.603274619733742,54.37370451001619
,,grass,,18.604028804977215,54.37394788719208
,,grass,,18.60475147595342,54.37423632914347
,,grass,,18.605159493196258,54.374753450453184
,,,wood,18.60367038595745,54.37498568439447
,,grass,,18.60517564029343,54.37447158185332
,,grass,,18.42556292807931,54.45183649888138
,,grass,,18.43586710649371,54.449416622698
,,grass,,18.438229280654692,54.4487228055629
,,grass,,18.427726369199654,54.44993561320053
,,,grassland,18.698072420089453,54.366259748321816
,,,wood,18.699255415621625,54.370129339364055
,,grass,,18.579981983534896,54.39374332503036
,,,grassland,18.57875323478949,54.39354424483707
,,greenfield,grassland,18.556012081869447,54.31258182402584
,,,wood,18.628850141052652,54.364667877094234
,,,wood,18.57488179461938,54.42716113250447
,park,,,18.56939655504624,54.436032866980376
,,grass,,18.577582289739595,54.43740719429583
,,grass,,18.576552633918894,54.438019126034334
,,,wood,18.57909333563093,54.431979041402634
,,grass,,18.579410915122192,54.4325672034975
,,forest,,18.413234947111313,54.41358262102377
,park,,,18.659923508219602,54.340686460139125
,,,grassland,18.657813661193718,54.33999946901484
,,grass,,18.65325078365174,54.3393038727105
,garden,,,18.559088577953673,54.40324294727841
,,,wood,18.566266036483647,54.43453826615515
,,grass,,18.673296044255537,54.35368817570503
,,,wood,18.669269331733602,54.35694986510175
,,,wood,18.667269671366462,54.35827631528944
,,,wood,18.666183888294793,54.359381397391346
,,,wood,18.666431946647027,54.35895207142193
,,,wood,18.670929964410583,54.35556118911943
,,,grassland,18.666769248164474,54.35457899687159
Park Sztuki,,grass,,18.5939411208014,54.389517742218544
,,grass,,18.434073029165095,54.344759501264846
,,grass,,18.43373065935533,54.34483833496893
Roślinność zaroślowa,garden,,,18.57482998903347,54.39539728036682
,,grass,,18.555978761718077,54.411409013452385
,,grass,,18.556789427053896,54.41085210416064
,,,wood,18.548288585715635,54.409002346279394
,,,grassland,18.547763059199156,54.40879737444789
,,,wood,18.547376710101734,54.40773044077566
,,grass,,18.59410864052333,54.389886031849066
,,grass,,18.595334091708953,54.38833308341334
,,,grassland,18.594998366133726,54.38856205139132
,,grass,,18.593583422570134,54.389308607439055
,,grass,,18.594516351926774,54.38911928375314
,,,grassland,18.5813823157015,54.430216698765136
,park,,,18.57055662566557,54.43788231590799
,,,wood,18.63129248099958,54.402861770724726
,,grass,,18.598714116836483,54.38187586773273
,,grass,,18.599293209354794,54.38182933434424
,,grass,,18.59929259014153,54.38200944568321
,,grass,,18.59836493355725,54.38247925385232
,,grass,,18.598309856310255,54.38210949571905
,,grass,,18.598862832837074,54.38193176907382
,,grass,,18.59654099957736,54.38016188864336
,,grass,,18.600569979364938,54.38174629614596
,,grass,,18.60091202538064,54.38159300789603
,,grass,,18.601551271001718,54.3812290746945
,,grass,,18.60128998989373,54.38139158842854
,,grass,,18.60068574483455,54.3816056648026
,,grass,,18.60048382062307,54.38169651806331
,,grass,,18.60112140785829,54.381405898526296
,,grass,,18.60350565029673,54.379926061221354
,,grass,,18.60167899613953,54.380943992426765
,,grass,,18.601432174208124,54.38090006358528
,,grass,,18.60168639751369,54.38063307971053
,,grass,,18.56369175875657,54.430768148399004
,,,grassland,18.565897265962683,54.42742887762604
,,grass,,18.596698649864116,54.39857195377652
,,,wood,18.60039486009105,54.4027835880767
,,grass,,18.589913338823024,54.40892443812812
,,,,18.5900090692182,54.40895870351856
,,grass,,18.585396359953346,54.38938406067161
,,,grassland,18.458605632770812,54.445681195168554
,,,wood,18.581725757011487,54.38059291905702
,,,wood,18.57985842647401,54.379704038920664
,,,grassland,18.58096728261556,54.380412524221846
,,grass,,18.49141087260485,54.35495582366003
,,,grassland,18.56127985450495,54.33374915267088
,,,wood,18.560292836862097,54.3337309045312
,,,wood,18.5621798479629,54.33373999100335
,,grass,,18.585503653808956,54.38257365816403
,,,grassland,18.563351800164366,54.42032684045179
,,,grassland,18.564487113169456,54.416006113010155
,,,grassland,18.582878172440743,54.36523766878412
,,,grassland,18.579510645005634,54.3692126736792
,,grass,,18.529375128710623,54.354772378664855
,,,wood,18.59626359288778,54.31434884164544
Park przy osiedlu Biotura,park,,,18.59331789796706,54.313134675061555
,,,grassland,18.59064408502226,54.42270278213144
,,,wood,18.58739149774273,54.4318731740532
,,grass,,18.580559833299958,54.43258969954386
,garden,,,18.57963741778965,54.432993202731524
,garden,,,18.61235723516285,54.38221806032842
,garden,,,18.612054318464466,54.382199305797215
,,grass,,18.561088375240505,54.441028129521094
,,,wood,18.4024409756765,54.399077826101944
,,,wood,18.564685526200474,54.433655426669944
,,,wood,18.56572707499977,54.43259065240648
,,,wood,18.552980838758184,54.448219385964336
,,,,18.551488249750122,54.445547917408035
,,grass,,18.64342611598216,54.36172303151346
,,grass,,18.64306769066785,54.361784336688686
,,grass,,18.642989913967003,54.36199900514343
,park,,,18.64227718040041,54.362360106379626
,,greenfield,grassland,18.635585457979445,54.36708236053169
,,,grassland,18.598589838705234,54.2931043250769
,park,,,18.655014943559284,54.35574989951936
,park,,,18.653958336901674,54.3558679978675
,,,grassland,18.659470166646575,54.34293722449025
,,grass,,18.648828749917694,54.34169594225576
,park,,,18.645474345311374,54.34060038853769
,,grass,,18.644912128980614,54.34441145110448
,,grass,,18.645059068368955,54.34572102348727
,,grass,,18.644929857380436,54.34476214488392
,,,grassland,18.646220083586876,54.40019034483452
,,,grassland,18.647634220446836,54.40193882947279
,park,,,18.646347228884164,54.393985104893616
,park,,,18.644877917823173,54.39492335688989
,park,,,18.64374631597329,54.39581232072717
,,,scrub,18.651439678880923,54.39367024160821
,,,wood,18.65166978297828,54.39346988257725
,,grass,,18.649329477410443,54.3889768818207
,,grass,,18.64798254653207,54.390528205169595
,,,grassland,18.66610065030489,54.40233857110004
,,greenfield,grassland,18.57447755784734,54.440711411438755
,,,grassland,18.669265486771966,54.401292174635564
,,,grassland,18.668201279665364,54.402181425810504
,,grass,,18.60311469773451,54.40473821348702
,,grass,,18.60317543490789,54.4048863457881
,,grass,,18.613087108688287,54.40439459728042
,park,,,18.668730392447223,54.39886817564779
,park,,,18.66841721037514,54.39926322372646
,,grass,,18.666701045871008,54.39882796723714
,park,,,18.666039765205788,54.39881177825216
,,greenfield,grassland,18.664786322494294,54.39988237789023
,park,,,18.664206708548644,54.40061743601581
,,,grassland,18.652938648563197,54.40336301474212
,,,grassland,18.6643247192515,54.39759208510792
,,grass,,18.644368648683315,54.39497287653231
,,,grassland,18.592643081369474,54.38174763405805
,,,grassland,18.592237610311358,54.381781732128395
,park,,,18.592551235729434,54.38454670848927
,,,wood,18.50680961867709,54.34695516287548
,,,wood,18.508443523997908,54.33581036422718
,,grass,,18.613705111961284,54.40604997378726
,,grass,,18.61374617624856,54.405815726556646
,,grass,,18.613594424895002,54.40633076028275
,,grass,,18.614359984787487,54.4064215819538
,,,wood,18.640086652225275,54.34343021019996
,,,wood,18.640609075355837,54.34592249232701
,,,wood,18.638507567818476,54.34533674020931
,,,grassland,18.63698200378683,54.34556762314545
,,,wood,18.63717764916819,54.346868341740766
,,greenfield,grassland,18.60079147275742,54.42255792045447
,,grass,,18.566786848474017,54.41459611831347
,,grass,,18.60014573291586,54.39629862316876
,,grass,,18.60090264976347,54.3963398882497
,,grass,,18.601686779849523,54.396404111320244
,,grass,,18.599488560293533,54.39681216128554
,,grass,,18.60026302349663,54.396982320960035
,,grass,,18.60104200158817,54.39703132037685
,,grass,,18.690343543111258,54.38579843836004
,,grass,,18.690309366805266,54.386065835988376
,,grass,,18.60224450507584,54.30992520426858
,,grass,,18.625673551643604,54.40752589176851
,,grass,,18.625908632673394,54.40861644925704
,,grass,,18.625947986022783,54.40884661957827
,,grass,,18.6260475175439,54.409203156420325
,,grass,,18.627137016445364,54.40923614749979
,,grass,,18.627298485228703,54.40936924461522
,,grass,,18.626421892001556,54.4093881576388
,,grass,,18.62645067142898,54.409088595302045
,,grass,,18.62622320041714,54.40828001153184
,,grass,,18.62648543076931,54.40956903103926
,,grass,,18.62683755222344,54.408698972172964
,,grass,,18.62811848628896,54.40921465372086
,,grass,,18.62826440017294,54.409284737961265
,,grass,,18.627763874259525,54.40952110656234
,,grass,,18.628296530901185,54.40948767533978
,,grass,,18.626434,54.4092257
,,grass,,18.626617780388244,54.40937317979751
,,grass,,18.62749772567524,54.40905535048016
,,grass,,18.627032534623616,54.409562525865475
,,grass,,18.62826749092866,54.409395111396826
,,grass,,18.627317036694677,54.40850659660625
,,grass,,18.625402503937938,54.406456442015745
,,grass,,18.625188626830983,54.40606127501903
,,grass,,18.626663762897294,54.40737628456572
,,grass,,18.6263809994535,54.40721710397408
,,grass,,18.625820927681858,54.40725647136108
,,grass,,18.624191045627715,54.404529480467275
,,grass,,18.624540027691044,54.40520464302446
,,grass,,18.624856069266496,54.40550064759912
,,grass,,18.62474937909795,54.405093514512465
,,grass,,18.626289842597014,54.40756498870475
,,grass,,18.62561316584173,54.40586668312883
,,grass,,18.624864308501984,54.4050331363059
,,,wood,18.576853398123347,54.32607998962727
,,,grassland,18.572319860955286,54.33018393299997
,,,wood,18.572193953490626,54.32957475389936
Roślinność leśna,garden,,,18.574923520550243,54.395880341296206
Roslinność stepowa,garden,,,18.575248635068263,54.39514252884081
Roślinność murawowa,garden,,,18.575277945893124,54.39503929305771
Roślinność wrzosowiskowa,garden,,,18.57557840311502,54.394837665509435
Roślinność ruderalna,garden,,,18.576007348908526,54.39484313968204
Roślinność łąkowa,garden,,,18.575976084553357,54.394776975846604
Roślinność pól,garden,,,18.576220587302934,54.39466288262111
,,grass,,18.573995595278966,54.430324702732605
,,grass,,18.574226550000002,54.43023725
,,grass,,18.5741693,54.43032999999999
,,grass,,18.57425777084343,54.430179281291444
,,grass,,18.574324930447265,54.43008124586709
,,grass,,18.574104394650607,54.43014529116622
,,grass,,18.548428545011376,54.35057259571452
,,,grassland,18.54152675219834,54.35557888170185
,,,grassland,18.57055002117823,54.42793939188955
,,grass,,18.594486159420843,54.38941827558238
,,grass,,18.594850693613292,54.38917833911785
,,grass,,18.594740683424074,54.38938782844937
,,grass,,18.618271875699687,54.39064013521147
,,,wood,18.607722482869526,54.39184119045529
,,grass,,18.573825488955983,54.4180912416965
,,grass,,18.573252452887516,54.41783196057622
,,grass,,18.57297768735569,54.41737816958984
,,grass,,18.573191196217287,54.417446367516405
,,grass,,18.573391396217286,54.41752146751641
,,grass,,18.573596996217287,54.417586467516415
,,grass,,18.57381739621729,54.417658367516395
,,,grassland,18.616408901313825,54.383547034974264
,,,grassland,18.61745081498617,54.38363246346108
,,,grassland,18.617649037351853,54.383779081022176
,,,grassland,18.616844136116708,54.38401835742647
,,,grassland,18.61694515005102,54.38379178396478
,,greenfield,grassland,18.61027347673238,54.37871889905586
,,greenfield,grassland,18.594370397540732,54.36582407654455
,,,wood,18.591953739699072,54.36268367190429
,,,grassland,18.59482303643723,54.363604517994645
,,,grassland,18.59645516547486,54.36548552497667
,,,grassland,18.60285208500498,54.36207236713042
,,,grassland,18.5946806786483,54.36305611714801
,,,wood,18.593587663512288,54.36265510010791
,,,wood,18.59230242572144,54.362043610491675
,,grass,,18.607233901183534,54.376032836372694
,,,grassland,18.594157714821794,54.36233034810179
,,grass,,18.59328078448666,54.36190198401857
,,,grassland,18.592273395157267,54.36178820423765
,,,grassland,18.59211899875901,54.36232493862771
,,greenfield,grassland,18.59627125317425,54.36770909943801
,,,wood,18.584949781522965,54.36085319528322
,,,grassland,18.589598724123885,54.36160151123136
,,,grassland,18.589357653679173,54.36110517219041
,,,grassland,18.585686336417922,54.361186850487286
,,,wood,18.58667284568979,54.361661791177866
,,,grassland,18.58752003365313,54.36343716019492
,,,grassland,18.585913760832295,54.39203378603383
,,grass,,18.60371994812092,54.39585216538901
,,grass,,18.604224408449024,54.39632728781806
,,,grassland,18.602950880795056,54.38566714032616
,,grass,,18.697944878557227,54.37897512606201
,,grass,,18.694920795553134,54.37901870255144
,,grass,,18.696015513603207,54.37950218120139
,,grass,,18.696828927952684,54.37914901118837
,,grass,,18.697156393849713,54.37913844052902
,,grass,,18.69791836442412,54.378648208961394
,,grass,,18.69857065386891,54.37834919038972
,,grass,,18.698800368231556,54.378207599179056
,,grass,,18.69834814377908,54.37784518942282
,,grass,,18.698047944414192,54.377621377258485
,,grass,,18.697748611851832,54.377400016865
,,grass,,18.69726944311657,54.37706770915221
,,grass,,18.696960746368887,54.37715375134442
,,grass,,18.696307599386994,54.3774532484783
,,grass,,18.695220577884594,54.37795287665195
,,grass,,18.69443570350017,54.37832906441161
,,,wood,18.48376203774354,54.36876195374302
,,grass,,18.697591825658364,54.381873453078796
,,grass,,18.697409892653138,54.382067468448966
,,grass,,18.697501292672822,54.38199915172547
,,grass,,18.697262875829445,54.381960109153376
,,grass,,18.698326412363144,54.38209585053614
,,,water,18.560262421273155,54.423987693118775
Ropuchowy Staw,,,water,18.55491827945906,54.4267350209078
,park,,,18.566882384252782,54.412989422709835
,,,grassland,18.556446998162414,54.42673868200122
,,,wood,18.5575733991179,54.4281161289184
,,,grassland,18.546696727054712,54.42925005045474
,,,grassland,18.5476216309215,54.43019161710464
,,,grassland,18.556117641899597,54.429781572054445
,,,wood,18.556410990856413,54.42976172432064
,,grass,,18.548225458651995,54.43056495964152
,,,wood,18.546377759681302,54.4304311196435
,,,grassland,18.545802932066152,54.430389654519594
,,,grassland,18.54583840011198,54.43090427313054
,,,wood,18.54609226561826,54.43142858886173
,,,grassland,18.62277231808494,54.360990029975845
,,,wood,18.626572709489913,54.36041942559272
,,grass,,18.57534962218676,54.41811679536852
,,grass,,18.57659803604207,54.420505715944806
,,grass,,18.56476362324381,54.43519950039985
,,grass,,18.559484353662388,54.43874115268744
Skwer Michała Urbanka,park,,,18.559610290649065,54.43863495632997
,,grass,,18.556840365088267,54.40879232331982
,,grass,,18.566885583001287,54.439094144300995
,,grass,,18.578837300000004,54.3018408
,,grass,,18.57863383436411,54.30174981238261
,,grass,,18.578575119889955,54.30163931912297
,,grass,,18.578552200000004,54.30156695000001
,,grass,,18.578765556318043,54.30165893240894
,,,grassland,18.5786071,54.30167445000001
,,grass,,18.578630230006702,54.30171441568777
,,grass,,18.57846148816922,54.30172101664635
,,grass,,18.57915416925826,54.301779307594956
,,grass,,18.57924685,54.3017428
,,,grassland,18.532840628748502,54.35313774146136
,,,grassland,18.533898567390633,54.35385490995164
,,,grassland,18.54202537408321,54.3525870830317
,,,grassland,18.546708823197495,54.35165569665014
,,,grassland,18.57993653396083,54.330719132535016
,,,wood,18.584879769632607,54.3215331341634
,,,wood,18.58437539794352,54.32222540762226
,,,grassland,18.585643348750256,54.32038049773944
,,,wood,18.581228569150984,54.32424952682994
,,,wood,18.567619966976544,54.324771619023565
,,,grassland,18.57139388224676,54.322085972381515
,,,grassland,18.56870992613926,54.318807658668504
,,,wood,18.57476796522466,54.31939430043008
,,,grassland,18.57137922124878,54.327125157793745
,,,grassland,18.57902512746065,54.32910514549916
,,,grassland,18.581207529414606,54.331181274136476
,,,grassland,18.58314069027245,54.330338029790575
,,grass,,18.58177595574695,54.33095575713537
,,,wood,18.5800272533119,54.331024101029946
,,,wood,18.574734352723777,54.329269778542134
,,,grassland,18.620654427710416,54.34698995236919
,,grass,,18.577781167587247,54.30183988455579
,,grass,,18.578286047949064,54.30210034320191
,,grass,,18.57859618234009,54.30202465247655
,,grass,,18.5788794994884,54.301965858007826
,,,grassland,18.5795599766105,54.30185535871021
,,,grassland,18.579765671338503,54.3018148761659
,,grass,,18.578188962192343,54.30188303865189
,,grass,,18.578019495393345,54.30160820942366
,,grass,,18.578179849999998,54.30144174999999
,,,grassland,18.577979572459487,54.30148000353175
,,grass,,18.57844103163591,54.301386358838045
,,grass,,18.57868655104872,54.30133506143604
,,grass,,18.578968436927802,54.30127596667262
,,,grassland,18.5778379275002,54.301456417528485
,,,grassland,18.577646663972857,54.30149706398253
,,grass,,18.577510615999728,54.30153098438826
,,,grassland,18.579210830927217,54.30133175226441
,,grass,,18.5791852596317,54.301872591111035
,,grass,,18.57935420349411,54.30185146962242
,,grass,,18.579447504344557,54.301808335732495
,,greenfield,grassland,18.561791767286877,54.33770678436147
,,grass,,18.694373897835884,54.37849316221207
,,,grassland,18.713981416592706,54.37277283785661
,,,grassland,18.710614620337324,54.36757001333957
,,,wood,18.5447418853512,54.430619941048114
Plac zajęć dla dzieci,park,,,18.449402187512693,54.3750507256173
,,,grassland,18.669024886504456,54.35368808552515
,,grass,,18.666393660222948,54.35516982255122
,,grass,,18.56927360109897,54.37767034339985
,,,grassland,18.56986441160846,54.37769437684704
,,,grassland,18.569865963074047,54.37835610181456
,,,grassland,18.561462069611192,54.37792547672416
,,,wood,18.563088309105286,54.37819046420699
,,,grassland,18.564758411482018,54.37798254578154
,,,grassland,18.565144418195914,54.378560596507
,,,grassland,18.56297313423629,54.37937878113783
,playground,grass,,18.561615011264365,54.378941659493535
,,,grassland,18.561703188375617,54.37925564241109
,,,wood,18.56439713290838,54.37774890687542
,,,wood,18.564462798038168,54.37822879116632
,,,grassland,18.559750090619588,54.379406414884016
,,,wood,18.564701822905988,54.37915892810244
,,,wood,18.560738451444962,54.37875584920468
,,grass,,18.708108570929213,54.36047501372756
,,greenfield,grassland,18.7128987732275,54.3648051980835
,park,,,18.71275243609926,54.363414931988544
,garden,,,18.631905006535526,54.40763988417029
,,grass,,18.635782022005014,54.406928056711536
,,greenfield,grassland,18.635995481181357,54.40742583965493
,,grass,,18.625909543214544,54.40586329159703
,garden,,,18.628058855946684,54.40663465691342
,garden,,,18.628048500174547,54.40633440394482
,,,grassland,18.657910996556627,54.34449710563769
,,grass,,18.502496359427788,54.36933733671884
,,,wood,18.633562080396498,54.40088624521346
,park,,,18.5924922062135,54.394719660757914
,,,wood,18.5942532142203,54.39521277957686
,,,grassland,18.59492604701795,54.39455494274037
,,,wood,18.595214513561693,54.39466316476429
,,,grassland,18.59083710353523,54.391284704451046
,park,,,18.5891240692368,54.395138511195995
,,,grassland,18.59954603410119,54.31000930281004
,,,grassland,18.598768025176177,54.310653828020996
,,,grassland,18.588396951300684,54.3226647283093
,,,grassland,18.575964420763896,54.32745837445358
,,,grassland,18.590426574173726,54.32698842403698
,,,grassland,18.58906552247972,54.335284715077854
,,,wood,18.58555522579362,54.33570259853484
,,,wood,18.589403021179084,54.33605644171358
,,,wood,18.588518337548834,54.335775494469715
,,,scrub,18.577269728995585,54.33349885098847
,,,grassland,18.58170373649662,54.33324444237756
,,,grassland,18.57934014493714,54.33395406469449
,,,scrub,18.57563601318906,54.334454597504475
,,,wood,18.580197763512963,54.33387852524166
,,,grassland,18.5728980142751,54.33232566435973
,,,grassland,18.57144356718966,54.3328611806192
,,,grassland,18.591051998731526,54.320157482395416
,,greenfield,grassland,18.60044827087318,54.32595805813725
,,,wood,18.600378919442207,54.324445793897105
,,,grassland,18.59498750614257,54.323417137855635
,,,grassland,18.582784256041325,54.32639154255416
,,,grassland,18.58300838267709,54.3260484003759
,,,grassland,18.612805518757856,54.33146194042623
,,,grassland,18.610340051145872,54.332534714132514
,,,grassland,18.605146985493267,54.329065940909565
,,,grassland,18.60313273869864,54.32823593925528
,,grass,,18.58092276354363,54.35856444494372
,park,,,18.581013950904428,54.35895601634138
,,,grassland,18.59020770371762,54.32470700384749
,,,wood,18.56376603586614,54.34903973098788
,,,wood,18.563969121119825,54.35031359515825
,,,grassland,18.596873333050095,54.3054239828177
,,grass,,18.58715729716884,54.308923934990396
,,grass,,18.574875329346558,54.39388389814096
,,grass,,18.574725801946208,54.394661557763754
,park,,,18.577267344940037,54.410375879881386
,,,wood,18.584120764467173,54.41746928502258
,,,wood,18.57699358995113,54.416567552587885
,park,,wood,18.568874967456757,54.431115630657544
,garden,,,18.566574905414814,54.43862247472789
,,,wood,18.673848904988784,54.39036892127849
,,,wood,18.675988532716566,54.39085688332314
,,,wood,18.680420959934672,54.39161314279442
,,,wood,18.677677933997465,54.39310840756613
,,,wood,18.67699288849818,54.38962745451545
,,,wood,18.67488657205103,54.39294845037848
,,,wood,18.67588656826828,54.39280551997653
,,,wood,18.676495279283316,54.39322014457034
,,,wood,18.677226306796094,54.3924182367362
,,,wood,18.67405171879853,54.39132453355519
,,grass,,18.55620355140021,54.32900619668617
,,,wood,18.556337861794347,54.32855034329995
,,grass,,18.635513148713773,54.32143479770298
,,grass,,18.63566903408869,54.32151102998122
,,grass,,18.635877918877625,54.32144935163561
,garden,,,18.635763563122186,54.321418494133745
,garden,,,18.635628969441303,54.32141552197575
,garden,,,18.635692844967043,54.32147015455338
,garden,,,18.63536555,54.32146074999999
,garden,,,18.635587752260978,54.32167698028728
,,grass,,18.63586017088574,54.321689601931844
,garden,,,18.63535904803022,54.32168259116747
,,grass,,18.63497609731283,54.321673228074886
,,grass,,18.63500669951969,54.321460317300755
,garden,,,18.6346124,54.321443249999994
,,grass,,18.63522779800132,54.32134967872107
,,grass,,18.635491079681863,54.3213574291758
,,grass,,18.635766044055156,54.321365549503646
,,grass,,18.63594155424071,54.32136280265921
,garden,,,18.634906005083693,54.321424754298704
,,grass,,18.634433514634647,54.3214121875689
,,grass,,18.634021396136216,54.321407037806566
,,grass,,18.634094159895376,54.32148108899419
,,grass,,18.633780367462528,54.32147001087879
,,grass,,18.633924163142908,54.322028232409785
,,grass,,18.634043414450357,54.32205077389184
,,grass,,18.63506178522756,54.3219009548676
,,grass,,18.634323214101958,54.32199889122784
,garden,,,18.63425273336855,54.32195614678239
,,grass,,18.634104163357733,54.32199035628734
,,grass,,18.63396134364666,54.32191004443627
,,grass,,18.634082660679375,54.32182846100203
,garden,,,18.63411635985543,54.32191335037906
,garden,,,18.63414700959793,54.321955773382335
,,grass,,18.63443543072135,54.32191905127527
,garden,,,18.634288867142185,54.321914933639036
,garden,,,18.634150884625168,54.321872328819154
,,grass,,18.634328482429005,54.32183322814197
,garden,,,18.63425601809638,54.32187359927706
,,grass,,18.634440026573085,54.32166132385773
,,grass,,18.634337678100643,54.321760553507765
,,grass,,18.63434174374499,54.32155739228188
,,grass,,18.634353899368577,54.32148777771288
,,grass,,18.63408331868811,54.32155006119043
,,grass,,18.63398556210821,54.321652099807515
,,grass,,18.63408302664772,54.32175520193186
,garden,,,18.634155218768132,54.32171476466286
,garden,,,18.634263036792213,54.32171639623876
,garden,,,18.634126266055752,54.3216546125742
,garden,,,18.634160910087683,54.32159471353114
,garden,,,18.63426803571593,54.32159702001062
,garden,,,18.634299587806126,54.32165713004748
,garden,,,18.634163947394676,54.32144791899729
,garden,,,18.634154243072235,54.32139491722403
,garden,,,18.6339298078471,54.321367808934575
,garden,,,18.633893193800166,54.32131299603734
,garden,,,18.633846980309734,54.32136702461268
,,grass,,18.634215223454508,54.32132048161123
,garden,,,18.63427758458669,54.321450388963925
,garden,,,18.634290674860473,54.32139633329031
,,grass,,18.634671556833013,54.321334010938166
,,grass,,18.63488341876352,54.32133896266884
,,grass,,18.635042734005612,54.321345420997105
,garden,,,18.634604723648767,54.32166562790656
,garden,,,18.63459315,54.321922750000006
,garden,,,18.634520166507958,54.32206293446386
,,grass,,18.63458380156825,54.32215831127521
,garden,,,18.633211752660063,54.321225543977384
,garden,,,18.63316810794685,54.32155777778428
,garden,,,18.632969930330223,54.321478219292224
,garden,,,18.63277849756331,54.320928812436854
,,grass,,18.63293945250246,54.32123550807613
,,grass,,18.633083896894096,54.3212043023238
,garden,,,18.632560270829664,54.32130495946396
,,grass,,18.633021472952024,54.32181079852209
,,grass,,18.633316326340683,54.321976427134345
,,grass,,18.633555239501323,54.322014086459156
,,grass,,18.633625586208698,54.32196455395488
,,grass,,18.633544731716324,54.32181638009176
,,grass,,18.632965636949542,54.322426998483586
,,grass,,18.632837084954915,54.32221196049503
,,meadow,,18.41970138741748,54.382195831194025
,,meadow,,18.422570892867444,54.38273151060689
,,grass,grassland,18.652417455415197,54.40803925000597
,,grass,,18.6391632391258,54.40701119366539
,,grass,,18.638330809950805,54.406739618333624
,,grass,,18.638360245083586,54.40687308936657
,,grass,,18.63862547228246,54.40702309472652
,,grass,,18.638422379316612,54.40691688301708
,,grass,,18.63843619905504,54.40682909899415
,,grass,,18.63832533590077,54.406806349175
,,grass,,18.6384677,54.40670945
,,grass,,18.638949044143022,54.406899717475184
,,grass,,18.63821579339693,54.40685555755842
,,grass,,18.638626254046844,54.40691357539172
,,,wood,18.625558966666667,54.40338866666667
,,grass,,18.62458698293723,54.40367497593784
,,,grassland,18.62814022045438,54.401945424838345
,,,grassland,18.628779272667778,54.402232226317146
,,greenfield,grassland,18.63133449110603,54.364790255101305
,,grass,,18.591382494463907,54.3868040360794
,,grass,,18.59131849698199,54.38732911638609
,,grass,,18.591617582206766,54.38714569489912
,,grass,,18.59112904638035,54.38700434170026
,,grass,,18.590994110748664,54.38711840955969
,,grass,,18.590754589678237,54.387292524430826
,,grass,,18.591090969687556,54.38727735673958
,,grass,,18.591028219152903,54.38751399720198
,,grass,,18.590869592891956,54.387635018306185
,,grass,,18.590433813371995,54.38791980216517
,,grass,,18.59016593143783,54.38809851701121
,,grass,,18.591258102877273,54.38712333909689
,,grass,,18.589963181508615,54.38700275090582
,,grass,,18.589999103519506,54.387075302209986
,,grass,,18.442626467355822,54.38835905383107
,,grass,,18.442484672396265,54.388284582250456
,,grass,,18.443027275420203,54.38822875376722
,,grass,,18.44351556200941,54.38805772825408
,,grass,,18.443284368195876,54.38784385313232
,,grass,,18.442303041211225,54.38818919285731
,,grass,,18.44338579977061,54.387938147841425
,,grass,,18.442682855207288,54.38790656326312
,,grass,,18.442200969765594,54.38809262482162
,,grass,,18.44315810809668,54.38772408265779
,,grass,,18.44253654723911,54.387809511853554
,,grass,,18.443871024145775,54.38746904977409
,,grass,,18.443374957628492,54.387658050521786
,,grass,,18.444324869109604,54.38729313478184
,,grass,,18.444505836590317,54.387394945535775
,,grass,,18.44346516263503,54.387757559354675
,,grass,,18.444606857031328,54.3874896927051
,,grass,,18.443597792833884,54.387879985216344
,,grass,,18.444230422283642,54.38778667989616
,,grass,,18.444737249016114,54.38760917834422
,,grass,,18.44369623351445,54.38797227913934
,,grass,,18.442603533419128,54.388411497440075
,garden,,,18.44561302173856,54.38766423495782
,,grass,,18.57743912547888,54.38870691667168
,,grass,,18.577220366666666,54.38834273333334
,,grass,,18.577196352544092,54.388478983477754
,,grass,,18.57712829321716,54.38866526750105
,,grass,,18.576891882997348,54.38890003266144
,,grass,,18.577132700000003,54.388886433333326
,,grass,,18.5777745654244,54.38953483398248
,,grass,,18.578541092538224,54.389951671990765
,,grass,,18.579732909017356,54.38928429338314
,,grass,,18.579543612574508,54.38922173340349
,,grass,,18.57958388563488,54.389286087212
,,grass,,18.570682076744834,54.444681100176396
,,,wood,18.56266947154917,54.44493411738999
,park,,,18.561846291204517,54.44501401632377
,,grass,,18.66217071355576,54.34214408989743
,,grass,,18.662239214855617,54.341863340752894
,,grass,,18.662695165440937,54.34184147496291
,,,grassland,18.663451480478876,54.34160078457123
,,,grassland,18.6632281622099,54.34151382291481
,,grass,,18.66291664974103,54.34158843998666
,,meadow,,18.666541142463767,54.34046598393786
,,grass,,18.508746547833116,54.352822492154495
,,grass,,18.50851175014651,54.35250619175646
,,grass,,18.508613254229598,54.35265395808652
,,grass,,18.50860911906666,54.352349809947
,,grass,,18.509000162143085,54.35288489880226
,,,grassland,18.656810481189538,54.33933894609798
,,grass,,18.64637012155636,54.34593516958708
Park Południowy,park,,,18.5713384429775,54.44399032991772
,,grass,,18.59632555977002,54.333611177061215
,,grass,,18.597107611240276,54.330625328321545
,,grass,,18.59615165172383,54.33276975968826
,,grass,,18.59637842635426,54.3322928975491
,,grass,,18.596373268151904,54.33240813736106
,,grass,,18.594603388151967,54.33251757804624
,,grass,,18.59464284795402,54.332682207134255
,,grass,,18.595157152550588,54.33272675020623
,,grass,,18.596222277659436,54.33227152641313
,,grass,,18.596252628420746,54.33261097099948
,,grass,,18.596483127012803,54.332668228942545
,,grass,,18.596126195392102,54.332352810863675
,,grass,,18.596267068435544,54.3323805181431
Plac Generała Stanisława Maczka,park,,,18.58271042535034,54.386681042001534
,,grass,,18.624416676279914,54.40359954364231
,,grass,,18.63917460324775,54.405814569530214
Traszka Górska w Żwirowni,nature_reserve,,,18.55728265491783,54.39940146470359
Ropuszy Staw przy Dworze III,nature_reserve,,,18.56005649550576,54.39985657569431
,,grass,,18.59547455387217,54.410693122164474
,,grass,,18.659284024442258,54.34565857594612
,,,grassland,18.638717438341505,54.36270868953901
,garden,,,18.64266458495727,54.35858067428527
,,grass,,18.612655550421575,54.379563673876255
,,grass,,18.612807018112818,54.37945064873163
,,grass,,18.612706714527874,54.37947678315486
,,greenfield,grassland,18.577532035939438,54.43709922321848
,,grass,,18.603159998475316,54.382219908426556
,,grass,,18.603059810834505,54.38213403203687
,park,,,18.60668007135006,54.37902902246853
,,grass,,18.60741175612374,54.37889947987908
,,grass,,18.53815058240687,54.418988930536145
,,,wood,18.53971612754945,54.42063295458248
,,meadow,grassland,18.538737176228615,54.42007167282615
,,,wood,18.537628706506073,54.42111368758422
,,,grassland,18.533633402027235,54.40705295691712
,,,wood,18.533974051790363,54.406478674446156
,,grass,,18.568284035984885,54.32648134472526
,,grass,,18.568943530540565,54.32736152799778
,,grass,,18.568743537531684,54.32736046950814
,,,grassland,18.598479149973247,54.308536331570224
,,grass,,18.576271197014528,54.40169673762493
,,,grassland,18.53758029964674,54.41102270339127
,,grass,,18.534191106599675,54.40899949602115
,,grass,,18.53529513333333,54.41052503333332
,,grass,,18.534477935855275,54.410900614001044
,,grass,,18.537486610187553,54.41020208292845
,,,wood,18.640109819474592,54.33722447381387
,,,wood,18.609239477555594,54.303073186088966
,,,grassland,18.594626825462242,54.30545501579666
,,,grassland,18.593609898509406,54.31851329437683
,,grass,,18.59322118293265,54.316045432120916
,,,grassland,18.598209265049416,54.315042702599385
,,,grassland,18.596786522936036,54.31277306392222
,,,grassland,18.5970912775625,54.31345182506403
,,,wood,18.598203242278363,54.308775109576096
,,,wood,18.59743683227235,54.30798966693851
,,,grassland,18.615580186151497,54.31441121967362
,,,grassland,18.601817703411957,54.31073792456984
,,,grassland,18.600332092340082,54.309319278538794
,,grass,,18.66188779254817,54.355457088980906
,,grass,,18.66134354803276,54.3552874246614
,,grass,,18.661382434279098,54.355226352191615
,,grass,,18.662031949612643,54.35523240926882
,,grass,,18.52994332164739,54.41592706908187
Łąka dla pszczół,,meadow,,18.53900562533021,54.40996875994873
,,,grassland,18.57343004340963,54.30023699524679
,,,grassland,18.577640020993947,54.29829254245918
,,forest,,18.412995606015905,54.417053187297604
,,,grassland,18.41419216339934,54.41945826601675
,,grass,,18.56671230831672,54.410551896078715
,,grass,,18.606370432122976,54.32515728686266
,,grass,,18.60491156593358,54.324585312628855
,,grass,,18.604109896980432,54.324299360847895
,,grass,,18.607685213704645,54.32574609905109
,,grass,,18.60668204893993,54.32503297611554
,,grass,,18.606405195028998,54.32502760922433
,,grass,,18.606028629280818,54.32434191168861
,,grass,,18.605675744164408,54.3241915425557
,,grass,,18.606096927595022,54.324635910634925
,,grass,,18.60356171883784,54.32355734705588
,,grass,,18.60379798788863,54.32366083900557
,,grass,,18.604480731764212,54.32426768378173
,,grass,,18.604170857457373,54.32388572682184
,,grass,,18.605073604517575,54.32419641059066
,,grass,,18.604588001636753,54.32436141671748
,,grass,,18.60550173918863,54.32387003764203
,,grass,,18.605756974437853,54.323781094766844
,,grass,,18.606740654608675,54.3229146553558
,,grass,,18.606538880141848,54.32276799799218
,,grass,,18.60563434576594,54.32398019998748
,,grass,,18.606405312862943,54.323487692071815
,,grass,,18.606002654753393,54.32373371622739
,,grass,,18.60503617057474,54.322565485638115
,,grass,,18.605593183070155,54.32246839837202
,,grass,,18.60505297118169,54.32284052518443
,,grass,,18.605212797246676,54.32330758840761
,,grass,,18.606159462031695,54.323572299557526
,,grass,,18.60496846953248,54.32285861122044
,,grass,,18.60490853805038,54.322963576857
,,grass,,18.604868111830765,54.32292831323086
,,grass,,18.605652031680503,54.32230435369069
,,grass,,18.60480542130969,54.323025013695876
,,grass,,18.605915714940046,54.32364589706482
,,grass,,18.605311574610358,54.3232405833407
,,grass,,18.605673252669007,54.323571758403794
,,grass,,18.60581991099028,54.3235118956725
,garden,,,18.574906468794094,54.406765682760394
,,grass,,18.61160934836409,54.3778826984428
,,grass,,18.574350278749275,54.351199885378804
,,grass,,18.574452236026765,54.34928424586646
,garden,,,18.55838668000996,54.37415034109994
,,grass,,18.591064636626047,54.35196592028096
,,,grassland,18.43012456832221,54.36998933491901
,garden,,,18.692329814034633,54.36739357642989
,garden,,,18.691592373567204,54.367357154808715
,,,wood,18.55542742652173,54.40947287463163
,,grass,,18.574958246640563,54.35145418784713
,,grass,,18.575081736518456,54.351214402675744
,,grass,,18.573809568411324,54.34940072390695
,,grass,,18.574241171888705,54.34970011355612
,,grass,,18.57451921610105,54.349987584794206
,,grass,,18.574061630065938,54.3499922164876
,,grass,,18.57399887375625,54.35028104640371
,garden,,,18.573442751829372,54.35023179976578
,,grass,,18.57342654521023,54.35027065902728
,,grass,,18.57461735712697,54.35030167811826
,,grass,,18.60064965952569,54.33764109275136
,,grass,,18.60072356889125,54.337562846349165
,,grass,,18.60041738349631,54.33902186441953
,,grass,,18.60056786016784,54.33739459245737
,,grass,,18.600590626701063,54.3376790985293
,,grass,,18.601263932940164,54.339202138725355
,,grass,,18.60110282598223,54.339008703977086
,,grass,,18.6011893115945,54.33932242531041
,,grass,,18.601521387434836,54.33931808950784
,,grass,,18.601285149361797,54.33895792786347
,,grass,,18.59977095223757,54.337975165216434
,,grass,,18.599654021737845,54.33789411007244
,,grass,,18.59971762983968,54.33693608015791
,,grass,,18.599998506988072,54.337298988228994
,,grass,,18.599151440361627,54.33772417306982
,,grass,,18.599273264534176,54.33816482493329
,,grass,,18.599223827137223,54.337562153252456
,,grass,,18.599377106384154,54.3374776984573
,,grass,,18.599162245669714,54.33731363363249
,,grass,,18.599329767207504,54.33686142108727
,,grass,,18.59858778333664,54.33683822617084
,,grass,,18.5995409097579,54.33666100406131
,,grass,,18.59947133739274,54.336314529430794
,,grass,,18.597987975031444,54.33524125737798
,,grass,,18.596939333431145,54.335407182678466
,,grass,,18.597335856511556,54.33602380820282
,,grass,,18.59723469729813,54.33578788232205
,,grass,,18.597402632547876,54.335800551515526
,,grass,,18.596816675010132,54.33510627092228
,,grass,,18.595961089205982,54.334029940690044
,,grass,,18.598317460254485,54.33692626876815
,,grass,,18.59805032453819,54.33587618804626
,,grass,,18.597169964024896,54.33513258817038
,,grass,,18.597119856325545,54.334597108389545
,,grass,,18.599016888336017,54.3365754117384
,,grass,,18.599322773688,54.33649175998067
,,grass,,18.598014512353938,54.33568747407087
,,grass,,18.597198889628462,54.335022313169034
,,grass,,18.597990018026454,54.336106547448345
,,grass,,18.596965051104046,54.335071539815345
,,grass,,18.595954553010973,54.333577833973244
,,grass,,18.59680243621399,54.33390043466721
,,grass,,18.596700911576963,54.33405544350314
,,grass,,18.596346279526994,54.33392108263304
,,grass,,18.596632439471495,54.334058213873945
,,grass,,18.59651976080306,54.33324110800368
,,grass,,18.596592929753132,54.33321846036093
,,grass,,18.596576740891706,54.332668589638146
,,grass,,18.596685053408198,54.3329757504085
,,grass,,18.59666160120796,54.33240981240784
,,grass,,18.596143917606913,54.33313990455722
,,grass,,18.59516146199885,54.332944213899125
,,grass,,18.596755718496908,54.332126583906636
,,grass,,18.597202863679097,54.330906790164676
,,grass,,18.597533929081834,54.33037306521371
,,grass,,18.597220788068867,54.33077877465893
,,grass,,18.60122501545673,54.329748233744596
,,grass,,18.598617669526053,54.329444252586036
,,grass,,18.596505264676235,54.330564286461616
,,grass,,18.59815443356396,54.32890808036338
,,grass,,18.59648450550149,54.33040385500655
,,grass,,18.598928679565965,54.329026700390656
,,grass,,18.598892525550262,54.32899020204327
,,grass,,18.60014324709827,54.32795734533868
,,grass,,18.601361299772417,54.32683996516535
,,grass,,18.600452694894848,54.32723825366908
,,grass,,18.60048116880492,54.327490977888665
,,grass,,18.600365070190126,54.327517594887894
,,grass,,18.59910928735212,54.32873934067978
,,grass,,18.598954198987574,54.328700811962165
,,grass,,18.599286251816384,54.3288160700434
,,grass,,18.598751325418366,54.328835117726555
,,grass,,18.60342133495372,54.32513933449875
,,grass,,18.602947096686055,54.325264844309864
,,grass,,18.602816067454363,54.323302276715104
,,grass,,18.599706641543136,54.327309643143565
,,grass,,18.60013418514363,54.327046960817626
,,grass,,18.601249027881657,54.32580227778023
,,grass,,18.602136699718198,54.3249436261678
,,grass,,18.602247833474003,54.32499441118458
,,grass,,18.60287979547346,54.32524896789143
,,grass,,18.602922079243665,54.32503015142811
,,grass,,18.603015706998328,54.32410788101765
,,grass,,18.603245173313937,54.324054046782706
,,grass,,18.603314071968104,54.32371021601427
,,grass,,18.583802825290352,54.35844300949486
Park Uphagenów,park,,,18.584693785792393,54.35866666514015
,,grass,,18.584729707267023,54.358119717605675
,,grass,,18.59799205715567,54.35104033758484
,,grass,,18.580229076670353,54.34923293921311
,,,grassland,18.579460707325797,54.43748617437613
,,grass,,18.585480200292256,54.41988718205548
,,grass,,18.584748683964175,54.419779280717314
,,grass,,18.584949471569637,54.41931389816652
,,grass,,18.584834673293372,54.419431380534725
,,,wood,18.585288575482753,54.4190880802448
,,,grassland,18.583733526932992,54.41902795664275
,,grass,,18.58293395525034,54.41874646342642
,,grass,,18.583457745822468,54.418539219968764
,,grass,,18.576839111586338,54.41045165937309
,,grass,,18.60397590861232,54.37891050543477
,,grass,,18.66038763390379,54.35031221132186
,,grass,,18.660659712955777,54.350369417883385
,,grass,,18.661998028965687,54.35310020331306
,,grass,,18.66230837572604,54.35321789566387
,,,grassland,18.632937156736656,54.33913243923925
,,,grassland,18.63303345062472,54.33975232371912
,,residential,,18.63513227604781,54.336759987645124
,,,wood,18.633937924742643,54.3360883565056
,,,grassland,18.635908105243196,54.33755942398026
,,,wood,18.63240795848678,54.337358119457825
,,,wood,18.633773510172066,54.34075696961439
,park,,,18.62762343712705,54.34211069150252
,,,wood,18.63478970694476,54.33866417670579
,,grass,,18.558488086330996,54.41689774542298
,,grass,,18.55657120946688,54.41065068665871
,,,wood,18.57845704855347,54.34406198903045
,,grass,,18.58427497163766,54.40912379735155
,,grass,,18.63896417584903,54.40315690424599
,,meadow,,18.405797918515134,54.37664202693202
,,meadow,,18.408228479502796,54.37651622861681
,,meadow,,18.39985414828568,54.38446131711131
,,meadow,,18.400211275163713,54.38297018029616
,,grass,,18.648306905121192,54.36131493822572
,,,grassland,18.68759010953199,54.3529432693065
,,,wood,18.686833425319094,54.35250353341303
,,,wood,18.68547066878282,54.352384011305084
,,,wood,18.686546537883046,54.35308152388719
,,,wood,18.688085743138963,54.35277208478825
,,,grassland,18.684573620824654,54.35273228818574
,,,wood,18.690429875734708,54.353124440861336
,,,wood,18.691950325201695,54.35328057320463
,,grass,,18.641198898196343,54.34877569809787
,,grass,,18.641467366523543,54.349137429798816
,,grass,,18.641469142170013,54.348831411004284
,,grass,,18.641442860529647,54.34922862631928
,,grass,,18.64154785863577,54.34786003786975
,,grass,,18.63764187837166,54.348305021433355
,,grass,,18.63748463766523,54.34831248830857
,,grass,,18.639759058480834,54.348713808633406
,,grass,,18.637862284132982,54.34924613674761
,,grass,,18.639367884588612,54.348383876360444
,,grass,,18.637587533333335,54.34846816666667
,,grass,,18.636157308968045,54.34890454382108
,,,grassland,18.639334635672082,54.34886884206491
,,grass,,18.638767569422477,54.3489907987862
,,grass,,18.640983078225002,54.34831977409794
,,grass,,18.637470963739013,54.34876390251976
,,grass,,18.63866521717023,54.348550954826955
,,grass,,18.63686699202116,54.3483433660159
,,grass,,18.63645138593514,54.34836845234215
,,grass,,18.63528159211029,54.34861863055056
,,,grassland,18.63430287128814,54.348203530399196
,,grass,,18.63130707735555,54.34666045358376
,,grass,,18.632834336516286,54.3472128696723
,,grass,,18.562972108437414,54.3769570762612
,,grass,,18.562951689282553,54.3769248518771
,,grass,,18.591134743603376,54.41232451508087
,,grass,,18.590673954420073,54.412258276731166
,,grass,,18.590910228489676,54.41227414921964
,,grass,,18.59113347656619,54.41240392459248
,,grass,,18.591688793995356,54.41252247505202
,,grass,,18.590245165352215,54.41231841802336
,,grass,,18.589779537200304,54.41224837539878
,,grass,,18.58946296344851,54.41218420619174
,,grass,,18.58869222132908,54.41206926723823
,,grass,,18.589081132840963,54.41214027221959
,,grass,,18.58892181679871,54.412074495414004
,,grass,,18.589658208280685,54.4121153188921
,,grass,,18.589416319096507,54.41209126890814
,,grass,,18.59021186512366,54.41216937753113
,,grass,,18.588999149034358,54.412301828987886
,,grass,,18.58868343703385,54.412241976603774
,,grass,,18.58888356317557,54.41235107879771
,,grass,,18.588769900639726,54.41233202807233
,,grass,,18.590940558894374,54.4127362217658
,,grass,,18.591064548339155,54.412758066673675
,,grass,,18.5911823212313,54.412778621866806
,,grass,,18.591299987909416,54.412799406060444
,,grass,,18.59141864846007,54.41282020825547
,,grass,,18.59153447235409,54.41284076232343
,,grass,,18.591649390140507,54.412861034425845
,,grass,,18.591764012611975,54.412880842067
,,grass,,18.59188124937721,54.412901776844116
,,grass,,18.59176858424661,54.412477606177745
,,grass,,18.59370642524162,54.412783020520045
,,grass,,18.593575068313765,54.41277040320765
,,grass,,18.594031424817697,54.41282653146006
,,grass,,18.593813204340286,54.412778984803246
,,grass,,18.593282922205244,54.412715582756235
,,grass,,18.59301036881278,54.41267968027933
,,grass,,18.594661471718855,54.41298204884219
,,grass,,18.595159340066974,54.41309818794721
,,grass,,18.59541003357519,54.41312418291777
,,grass,,18.592525268546286,54.41301350088023
,,grass,,18.593900715977444,54.412959080842796
,,grass,,18.594275252242834,54.412991312062
,,grass,,18.5945362542949,54.41308434175493
,,grass,,18.595312353469218,54.41321303595758
,,grass,,18.594920336843174,54.41315711689746
,,grass,,18.595911903633635,54.41317315964391
,,grass,,18.596083287471505,54.41318917701869
,,grass,,18.595638850657522,54.413275776100484
,,grass,,18.596079908860084,54.41333417250598
,,grass,,18.59653677268434,54.413410717802776
,,grass,,18.59672229534543,54.4132663711519
,,grass,,18.596828451543093,54.41329605317714
,,grass,,18.59700084948971,54.4133415674666
,,grass,,18.59697624930013,54.41296916573914
,,grass,,18.596728369244303,54.41289791615286
,,grass,,18.595818347288912,54.41276294057227
,,grass,,18.595003608053116,54.41269290225437
,,grass,,18.59422497209279,54.41232083993247
,,grass,,18.594276436910267,54.41250373059767
,,,wood,18.567129772198363,54.35860136173232
,,,grassland,18.56778621177263,54.35907200273399
,,,grassland,18.567296187914142,54.35860244775287
,,,grassland,18.569644002013895,54.36099581154859
,,greenfield,grassland,18.57097363560572,54.364019137706194
,,grass,,18.56011941587729,54.34310677058574
,,grass,,18.561978563064528,54.34425438578313
,,,grassland,18.571330163455603,54.36041609641894
,,,grassland,18.57021389272733,54.35398225838936
,,,grassland,18.569678103365757,54.35276867599875
,,,grassland,18.57199497442592,54.35268103605006
,,grass,,18.570032053262516,54.35729568079917
,,greenfield,wood,18.569290467183674,54.358046845751566
,,grass,,18.59867048672164,54.410705437225744
,,grass,,18.594791037649117,54.41013126318405
,,grass,,18.594719596870085,54.41026975144769
,,grass,,18.5946948792389,54.4103506112126
,,grass,,18.594647639417957,54.41043227972651
,,grass,,18.5945665933783,54.410656486963646
,,grass,,18.594772636435145,54.41045885927188
,,grass,,18.594904091371337,54.41020690956486
,,grass,,18.59496201477353,54.40996710803588
,,grass,,18.595411019427562,54.4099943323488
,,grass,,18.595779125172193,54.410072466988105
,,grass,,18.59541043487397,54.41010298971008
,,grass,,18.59634410133602,54.41025286447689
,,grass,,18.596115520350132,54.41024125945479
,,grass,,18.596463011143484,54.410523169457356
,,grass,,18.596726982707953,54.41068223022192
,,grass,,18.596522654784835,54.4102875503081
,,grass,,18.595585998566147,54.41032338203172
,,grass,,18.595394863974185,54.410296092347195
,,grass,,18.595200696322873,54.410269825430284
,,grass,,18.595135109617623,54.41034596452162
,,grass,,18.595104270176368,54.41045706073012
,,grass,,18.59520394055947,54.41073401850206
,,grass,,18.59520924070256,54.410872032781924
,,grass,,18.595020505771753,54.410603541835876
,,grass,,18.594926188115362,54.410732724073064
,,grass,,18.597764683607675,54.411570733024014
,,grass,,18.597532368815248,54.41154564509106
,,grass,,18.597301161520257,54.41152101451873
,,grass,,18.597070711106248,54.41149646653536
,,grass,,18.596838508346558,54.411472089516316
,,grass,,18.596604716747223,54.411446647445324
,,grass,,18.596371237070898,54.411421845377276
,,grass,,18.59769608562594,54.411313394810044
,,grass,,18.595397146157133,54.41046586597606
,,grass,,18.59605259841355,54.41097268998231
,,grass,,18.59594236377581,54.410921901990754
,,grass,,18.595846257796524,54.410503795144884
,,grass,,18.595102856284928,54.41070873798523
,,grass,,18.59508160265566,54.410881044190916
,,grass,,18.59532118541202,54.41103579813272
,,grass,,18.596304038675687,54.41112095276339
,,grass,,18.597996277501714,54.411594877202134
,,grass,,18.598230978213667,54.411625172478665
,,grass,,18.596140946860082,54.411397375711516
,,grass,,18.59590802154626,54.41137255199012
,,grass,,18.59713534046177,54.41135902053156
,,grass,,18.59335145399113,54.41095658747772
,,grass,,18.59444178286569,54.411097928625864
,,grass,,18.595232080227216,54.41122577467049
,,grass,,18.59830895,54.4117698
,,grass,,18.5984319852485,54.411823242244004
,,grass,,18.5982637,54.41221485
,,grass,,18.598254167949502,54.41200381167418
,,grass,,18.597942100000004,54.41209235
,,grass,,18.59736718543911,54.41195268183628
,,grass,,18.597137594406433,54.4119223678629
,,grass,,18.59690704738627,54.41189198552216
,,grass,,18.59667745756681,54.4118614501022
,,grass,,18.59644705974527,54.41183105161846
,,grass,,18.596216822020008,54.411800662107794
,,grass,,18.59598620335311,54.41176957678489
,,grass,,18.595757075103,54.411739132117006
,,grass,,18.595526046930008,54.411708941636725
,,grass,,18.59529852097356,54.4116779817964
,,grass,,18.595067784723692,54.41164781279303
,,grass,,18.59648726604461,54.41164722870069
,,grass,,18.595564501223258,54.41210177411914
,,grass,,18.595792386691073,54.412138446863935
,,grass,,18.596019064086857,54.41217533895074
,,grass,,18.596248330922187,54.41221212698458
,,grass,,18.596476446838846,54.412248925779664
,,grass,,18.59670301316688,54.41228507239613
,,grass,,18.596931417758476,54.41232228839595
,,grass,,18.597159004533797,54.41235856511058
,,grass,,18.597389525298013,54.41240604137141
,,grass,,18.597602142089695,54.412460087424954
,,grass,,18.597822808788532,54.41249887398102
,,grass,,18.596695026679118,54.412101737345026
,,grass,,18.595505375195792,54.411795547195524
,,grass,,18.595108149502014,54.41173619836537
,,grass,,18.594799609869295,54.41187489360983
,,grass,,18.594961719535462,54.412022288174626
,,grass,,18.59454481298737,54.4120926828704
,,grass,,18.5953066,54.4121642
,,grass,,18.59595703634694,54.41239669597068
,,grass,,18.59464896128637,54.4123274279996
,,grass,,18.594871925304215,54.41237013879084
,,grass,,18.595096946731594,54.41241223809695
,,grass,,18.595323260679315,54.412455144986666
,,grass,,18.595547926614874,54.41249686820974
,,grass,,18.59577195097533,54.412539440110976
,,grass,,18.59599594932313,54.41258130387852
,,grass,,18.596220449014492,54.41262423631077
,,grass,,18.596445616999272,54.4126663539803
,,grass,,18.596670115132916,54.41270867181378
,,grass,,18.596895514413294,54.41275115514288
,,grass,,18.60735284107774,54.34811510629593
,,greenfield,grassland,18.61237714047933,54.3480888029257
,,,wood,18.614997516956386,54.34701179258794
,,grass,,18.613903736731288,54.3478481666164
,,grass,,18.63724530554116,54.349958028110436
,,,wood,18.624128256087523,54.347015031120485
,,grass,,18.625197218693064,54.34570937679243
,,grass,,18.620350929879194,54.345426902509146
,,,grassland,18.624652824668832,54.3475259272597
,,grass,,18.57302571138046,54.35544809406849
,,,grassland,18.57348276176055,54.35470427121473
,,grass,,18.592053319504995,54.41383532301382
,,grass,,18.602397702258127,54.41120235330553
,,grass,,18.602979412266176,54.41146529560417
,,grass,,18.602877045864393,54.41187879724546
,,grass,,18.602171039862828,54.41175831381669
,,grass,,18.601125578837983,54.41240600473319
,,grass,,18.6008975651593,54.41237340463205
,,grass,,18.600668251755028,54.412340249310624
,,grass,,18.600438573573204,54.4123074892713
,,grass,,18.600208158295196,54.41227417367555
,,grass,,18.59997922316124,54.41224068940064
,,grass,,18.59975211946274,54.41220779042896
,,grass,,18.599521785183295,54.41217446849791
,,grass,,18.599291620935155,54.41214122388562
,,grass,,18.599064524727606,54.41210862409978
,,grass,,18.598830359322992,54.41207815192512
,,grass,,18.597281380066256,54.41505109274024
,garden,,,18.599094886044384,54.411328004169384
,garden,,,18.599264578885702,54.411082788833305
,garden,,,18.599234635566443,54.41113755203738
,garden,,,18.599187345089163,54.41119421107579
,garden,,,18.599153764236064,54.4112503485972
,,grass,,18.59740601845832,54.41480395296313
,,grass,,18.602327675881977,54.41253761504148
,,grass,,18.600079388092702,54.41210440454403
,,grass,,18.601532500836516,54.41292051315228
,,grass,,18.601306012166567,54.41288207544847
,,grass,,18.601078546853127,54.4128433478931
,,grass,,18.600852321023947,54.412804425593876
,,grass,,18.60062609200233,54.41276595959899
,,grass,,18.60040051611485,54.412727681080916
,,grass,,18.600172619640393,54.412689046403706
,,grass,,18.59994536140628,54.41265037330264
,,grass,,18.59971868327796,54.41261179200801
,,grass,,18.59949141599809,54.41257319704477
,,grass,,18.599267015143763,54.41253431452017
,,grass,,18.602009615117947,54.41281584108737
,,grass,,18.601909123156226,54.412764844646375
,,grass,,18.59602,54.41226814999999
,,grass,,18.5960927644988,54.41227980785985
,,grass,,18.600497905140532,54.41255184865966
,,grass,,18.59976735278333,54.41337741909145
,,grass,,18.59865078481075,54.413406665743075
,,grass,,18.60206640262499,54.41289417987589
,,grass,,18.60204488722056,54.41264597119824
,,grass,,18.60155685749978,54.41252130251646
,,grass,,18.60181485,54.41256609999999
,,grass,,18.601837763140374,54.412523028893766
,,grass,,18.601859363410817,54.412479556501296
,,grass,,18.601903949999997,54.41239515
,,grass,,18.601881350000003,54.41243515
,,grass,,18.601683563650283,54.41232155753092
,,grass,,18.60217666365664,54.41239410750112
,,grass,,18.601978636349717,54.41236744246907
,,grass,,18.601866036349715,54.41235344246906
,,grass,,18.601846363656637,54.41261370750112
,,grass,,18.601736012775813,54.412594907247254
,,grass,,18.599023411437702,54.41233672098025
,,grass,,18.60052261781492,54.41319139960098
,,grass,,18.60029976747682,54.4131468111997
,,grass,,18.600075894840646,54.41310155048512
,,grass,,18.599853714488212,54.41305735664841
,,grass,,18.599632256172008,54.41301262212358
,,grass,,18.599408129563383,54.41296731902857
,,grass,,18.59918438897111,54.412922315229935
,,grass,,18.59896089435761,54.41287767277775
,,grass,,18.598738192288167,54.41283267488057
,,grass,,18.60121965980481,54.41325033702545
,,grass,,18.601155126524407,54.41314640243886
,,grass,,18.601511188646032,54.41321480603788
,,grass,,18.601311106196302,54.412994801928505
,,grass,,18.59979616547885,54.4128511366907
,,grass,,18.600749110468296,54.413236780712026
,,grass,,18.598514612387667,54.41278831378399
,,grass,,18.600953869247945,54.413647520935996
,,grass,,18.60097962762814,54.413532727960806
,,grass,,18.601264485059733,54.413428379142
,,grass,,18.600796479173216,54.413326746725986
,,grass,,18.600422457722253,54.41325904956823
,,grass,,18.599989040846456,54.413167261789816
,,grass,,18.59939645257017,54.41308812431696
,,grass,,18.59987160942612,54.414183111219415
,,grass,,18.600299853537706,54.41400175340593
,,grass,,18.60015248595582,54.41403789310415
,,grass,,18.60015441568041,54.41399477352875
,,grass,,18.600321643253036,54.414074504494366
,,grass,,18.600170087086358,54.41412032094579
,,grass,,18.59879632076292,54.412995573789004
,,grass,,18.59834331119538,54.412895380332124
,,grass,,18.598120634855956,54.41307134883482
,,grass,,18.59887996494971,54.4122155277936
,,grass,,18.598670097001754,54.41218146914371
,,grass,,18.59851595,54.41233899999999
,,grass,,18.598529035657698,54.41249492166501
,,grass,,18.598755949999997,54.412494099999996
,,,wood,18.58788680853648,54.36022687525119
,,grass,,18.43405057435818,54.34758982071098
,,,wood,18.573606707459057,54.362650789113545
,,,wood,18.572534670636035,54.36265862788799
,,,grassland,18.57251404669175,54.3606583709018
,,,wood,18.571770695615026,54.361082484045696
,,,grassland,18.571969942119484,54.360816918907695
,,,wood,18.572316589418485,54.361341844125285
,,,grassland,18.571876163500807,54.361797416104075
,,grass,,18.571708186371836,54.36236493062274
,,,grassland,18.573274992266754,54.36344715469193
,,grass,,18.57285153608503,54.36376639782727
,,,grassland,18.574479859004345,54.3624268245221
,,,grassland,18.57264501936333,54.358089380160166
,,,grassland,18.572696264171427,54.35920936268288
,,forest,,18.447969585238518,54.34324754132005
,,,grassland,18.44159322651892,54.33779889587496
,,,wood,18.441383424455683,54.33968430954199
,park,,,18.61786757230882,54.369523984692854
,,grass,,18.596507060189168,54.40953275524994
,,grass,,18.59631050276394,54.40953208525145
,,grass,,18.595601908440862,54.409414403409244
,,grass,,18.595357621063236,54.40950792023403
,,grass,,18.595353360574816,54.40973258308264
,,grass,,18.59585819362928,54.40946424726422
,,grass,,18.596573353566026,54.40991839446444
,,grass,,18.59673200039375,54.40976064178048
,,grass,,18.59696462295665,54.40961268113927
,,grass,,18.59534323878076,54.40980533581414
,,grass,,18.595113348033294,54.40962058696986
,,grass,,18.59519270422344,54.40944061432798
,,grass,,18.595987908816337,54.409901987494834
,,grass,,18.59859069879943,54.41005158400606
,,grass,,18.598548709584502,54.41021301773334
,,grass,,18.59846149948622,54.409881699172956
,,grass,,18.59724371395632,54.40966414298096
,,grass,,18.597449306692106,54.409745111212395
,,grass,,18.603854286596174,54.41048822990444
,,grass,,18.60267085404021,54.410496943490884
,,grass,,18.602132052395568,54.41075971402932
,,grass,,18.602362285084848,54.41083245972389
,,grass,,18.59934741671083,54.411651638273945
,,grass,,18.59981997344037,54.41170344594968
,,grass,,18.59919119799755,54.4118196329067
,,grass,,18.596844438665137,54.40996828776277
,,grass,,18.596344218892618,54.410006286793866
,,grass,,18.597165241126742,54.409893787217975
,,grass,,18.596757906772453,54.410065900582154
,,grass,,18.597215226436607,54.41013704894943
,,grass,,18.597894372426698,54.410867689807155
,,grass,,18.59871575961023,54.4110738802855
,,grass,,18.598886729780464,54.41117413336368
,,grass,,18.599104189361206,54.410726760009396
,,grass,,18.59370974921646,54.41227394121505
,,grass,,18.593383939600837,54.41200557782802
,,grass,,18.59423612241833,54.411410389554845
,,grass,,18.593905307303565,54.41156656235763
,,grass,,18.59313380641521,54.411700905801595
,,grass,,18.597471435983454,54.41355268282882
,,grass,,18.596814062502617,54.41352362920784
,,grass,,18.593331790731796,54.41281457445412
,,grass,,18.593657678478365,54.411744177534025
,,grass,,18.593338963151442,54.41171094610637
,,grass,,18.593688769669367,54.41140537902801
,,grass,,18.593770984815066,54.41127323964232
,,grass,,18.59348066985288,54.41184616128353
,,grass,,18.60263422448103,54.41071586160416
,,grass,,18.603182901032465,54.41109564983571
,,grass,,18.602530533196052,54.41082480170404
,,grass,,18.602525116201097,54.4110064431569
,,grass,,18.601684219501838,54.411376260138844
,,grass,,18.601940416544196,54.411419435344435
,,grass,,18.601627483942217,54.411218820313955
,,grass,,18.601331171461247,54.411315928624404
,,grass,,18.60197165,54.40992010000001
,,grass,,18.59915972527934,54.410082892820824
,,grass,,18.59887420875696,54.410270701488635
,,grass,,18.59935560053988,54.41032107614254
,,grass,,18.60283797029443,54.41116133227708
,,grass,,18.598117286438562,54.41028260157737
,,grass,,18.59782612775406,54.40976319276937
,,grass,,18.595901645967906,54.40942596799913
,,grass,,18.595469160717272,54.409348990349486
,,grass,,18.601418665052567,54.41091984584078
,,grass,,18.601819138331063,54.41091199301787
,,grass,,18.601341774318357,54.41047326246763
,,grass,,18.60121581134925,54.41080947022167
,,grass,,18.601716691492815,54.41014108463288
,,grass,,18.601489472573665,54.41036398071282
,,grass,,18.59959852079301,54.41051371239403
,,grass,,18.599395153072102,54.41064874300564
,,grass,,18.59913985909673,54.41097409418941
,,grass,,18.59887089842396,54.41134670339646
,,grass,,18.5991207624181,54.41142337980353
,,grass,,18.598888048234034,54.411443270598134
,,grass,,18.59868859398587,54.41157737251951
,,grass,,18.59903735,54.41164025
,,grass,,18.599150682870945,54.41152822458757
,,grass,,18.599001599485035,54.41170220375936
,,grass,,18.59887248487199,54.41168062347945
,,grass,,18.59896464093224,54.41179883787305
,,grass,,18.600379745152125,54.411112925013796
,,grass,,18.600004231746354,54.411049524888796
,,grass,,18.599702788837337,54.41103297354219
,,grass,,18.59970974720582,54.41108407569596
,,grass,,18.59953176253987,54.41105880447649
,,grass,,18.599435956201734,54.41103746857253
,,grass,,18.599162925815957,54.41116816011977
,,grass,,18.599461131240744,54.41079537264257
,,grass,,18.599601941439175,54.41072038030045
,,grass,,18.601415331598687,54.41057994707463
,,grass,,18.601333199511096,54.410838413903214
,,grass,,18.601323211818443,54.41090298360168
,,grass,,18.60064019794884,54.410670678227184
,,grass,,18.600611356644016,54.41072852732322
,,grass,,18.60048842639288,54.41077710740618
,,grass,,18.60058328349314,54.41079131174106
,,grass,,18.60087697266945,54.41082990315859
,,grass,,18.599810205874654,54.41090270277481
,,grass,,18.600686903591285,54.41094152703138
,,grass,,18.60085915784578,54.410986248539956
,,grass,,18.60002507403364,54.4112658148422
,,grass,,18.600398744993893,54.41120769563967
,,grass,,18.600930796188955,54.41133629264312
,,grass,,18.600749636241854,54.411255761113786
,,grass,,18.600568579224248,54.41128339720665
,,grass,,18.600781753246846,54.41158493591345
,,grass,,18.60107409564994,54.41113851430265
,,grass,,18.60110329310414,54.41104302764664
,,grass,,18.600985369973202,54.411038475692585
,,grass,,18.6004163176691,54.41098297597274
,,grass,,18.60158044680848,54.41109394455067
,,grass,,18.60195779820419,54.41140269847308
,,grass,,18.60182726500567,54.412168846601055
,,grass,,18.610266102516956,54.407291831607594
,,grass,,18.610403808496617,54.4071751056502
,,grass,,18.610566322457185,54.4071240184442
,,grass,,18.61049981931773,54.407226457215216
,,grass,,18.61035173212133,54.4073271744857
,,grass,,18.61090157680826,54.40747243529942
,,grass,,18.61070129912939,54.408049154623455
,,grass,,18.61089453406221,54.408065983839
,,grass,,18.61096042301232,54.407954817290886
,,grass,,18.61123654304542,54.40788703254076
,,grass,,18.611461901886745,54.4078314723233
,,grass,,18.61167190760637,54.40777935018091
,,grass,,18.611606443787284,54.40775452757991
,,grass,,18.611512589176254,54.407777479322654
,,grass,,18.610829125566234,54.40790817526138
,,grass,,18.610859322253965,54.40795683068415
,,grass,,18.611053053914812,54.407882697343936
,,grass,,18.6105724980157,54.40786012429043
,,grass,,18.61039537088809,54.407823842033096
,,grass,,18.610124884392288,54.40771477578283
,,grass,,18.610035087773166,54.40768157517278
,,grass,,18.60995416475858,54.40765298240586
,,grass,,18.60993199472713,54.407589627673175
,,grass,,18.610624071830102,54.40741002666742
,,grass,,18.611205281674525,54.4070148937359
,,grass,,18.611398076254872,54.407222034696495
,,grass,,18.612982419660046,54.40657503663055
,,grass,,18.61295622397076,54.406522568960035
,,grass,,18.613150196517324,54.40653572551899
,,grass,,18.613262287096124,54.406503729782905
,,grass,,18.648289465949954,54.354635291031606
,,grass,,18.650305534017214,54.35502452824632
,,grass,,18.65018933193247,54.35514229541811
,,grass,,18.650081899999996,54.3552579
,,grass,,18.650396842275473,54.35635699632127
,,grass,,18.650197601971023,54.356277425271806
,,,wood,18.61584008368127,54.36953684732867
,,greenfield,grassland,18.588845455612088,54.3461046500135
,,,wood,18.588898500109966,54.346475608162585
,,,grassland,18.58711330996121,54.346888868378294
,,,wood,18.5873034475191,54.347046782312844
,,grass,,18.593273587056466,54.3434384212512
,,grass,,18.5959190504434,54.34371429087081
,,,grassland,18.58719178463962,54.34459965956348
,,greenfield,grassland,18.587961651722317,54.34296900484497
,,,grassland,18.58757534033359,54.3437893148333
,,greenfield,grassland,18.58709414594631,54.34342054678377
,,greenfield,grassland,18.58676437407404,54.343746108999575
,,,grassland,18.586731589600454,54.34329228727575
,,,grassland,18.588335742768855,54.3438574364431
,,grass,,18.583012741409703,54.34629304727625
,,grass,,18.583323663506405,54.3463210905305
,,,grassland,18.58184116805484,54.34572320463827
,,,grassland,18.581698040036816,54.347798312582995
,,grass,,18.600777650324392,54.34103004335199
,,,wood,18.599888894770043,54.34240414416005
,,,grassland,18.60098066895879,54.34202088618762
,,,grassland,18.6017553000086,54.346118333854484
,,,grassland,18.60253279661232,54.346048873317855
,,,wood,18.600472838455733,54.34394678247294
,,,grassland,18.59796000417313,54.345331657352396
,,grass,,18.59588461235297,54.34556727746603
,,grass,,18.596525100664856,54.34563641958659
,,,grassland,18.595845940735,54.34519118232036
,,grass,,18.59718019210984,54.345005177140024
,,,grassland,18.5941252806897,54.34540290551327
,,grass,,18.59234251130715,54.34232405376064
,,,grassland,18.59269610448072,54.35063408692226
,,grass,,18.59049632181514,54.34897906289495
,,,wood,18.590734589745843,54.34240524501674
,,,grassland,18.591766661273876,54.342995532601066
,,grass,,18.670164663299033,54.34706673169242
,,grass,,18.669633782722006,54.34721622388903
,,grass,,18.669918453094468,54.347584323569265
,,grass,,18.67217714134225,54.34695050529604
,,grass,,18.669720635630473,54.347644836969195
,,grass,,18.669977202572937,54.3480372960771
,,forest,,18.404019996867323,54.42197891129466
,,,grassland,18.65813179880054,54.40482498913747
,,,grassland,18.666103819078785,54.40359317203495
,,,grassland,18.66566067242302,54.40332435961745
,,,grassland,18.667306287856807,54.40300816100682
,,,grassland,18.666772987978167,54.40347794334246
,,,grassland,18.66800817434052,54.40307909268238
,,,wood,18.666717205021403,54.402866313483024
,,,wood,18.665678433087326,54.402850518990434
,,,wood,18.66493955003222,54.40316238024853
,,grass,,18.610818120988093,54.40330256678182
,,grass,,18.61073004488867,54.40295375572139
,,grass,,18.611808054896436,54.3983277310404
,,grass,,18.61158519127205,54.39807513712233
,,grass,,18.612318150321773,54.39587953096456
,,grass,,18.609810682528988,54.40170082217668
,,grass,,18.61311110534285,54.40648136526372
,,,grassland,18.601943620326047,54.37763498169147
,,,grassland,18.60182062409248,54.3781438158016
,,grass,,18.59457477727667,54.41099801429595
,,grass,,18.595142998723166,54.33221163589477
,,grass,,18.59558709577261,54.33246895443023
,,grass,,18.595696017750193,54.33294625111426
,,grass,,18.594846858970094,54.333107075376084
,,grass,,18.596086674300793,54.33451440437704
,,grass,,18.594804984184776,54.33284749858028
,,grass,,18.59416971394551,54.3327492690309
,,,grassland,18.7107424385193,54.345452244058066
,,,grassland,18.716327611664642,54.336494448180055
,,grass,,18.63116286571217,54.4025844134308
,,grass,,18.581975362155255,54.3357892187821
,,,grassland,18.578145872288527,54.3363048455049
,,,grassland,18.57342500864785,54.337326630558074
Skwer Profesora Jerzego Sampa,,grass,,18.63109446503515,54.32317270034685
,,,grassland,18.454875095552673,54.387140296138305
,,,wood,18.454868539669143,54.38729077513753
,,,wood,18.454646541360027,54.386738764030156
,,,wood,18.4570800841725,54.385587988813676
,,grass,,18.636298606911723,54.38624795198686
,,grass,,18.636424564519473,54.38601644581501
,,grass,,18.636162142891045,54.38584128398958
,,grass,,18.636240670887748,54.386046760662644
,,grass,,18.636012674852772,54.38592212081638
,,grass,,18.63575664529628,54.385559202149516
,,grass,,18.629541556935582,54.385653998844425
,,grass,,18.613641696752676,54.37265917690005
,,grass,,18.614097723177597,54.373303229045725
,,grass,,18.622762862497478,54.37126601354736
,,grass,,18.622917762452158,54.37113041276272
,,grass,,18.622359951008338,54.37066165273743
,,grass,,18.658360032986028,54.345553890742394
,,grass,,18.65731282163605,54.345783835283534
,,,grassland,18.641636372675983,54.347643633825946
,,grass,,18.634246998649573,54.3968511573993
,,,grassland,18.613445702506244,54.370272436002416
,,grass,,18.61406288363288,54.37096649398793
,,grass,,18.613499366848735,54.3721217220076
,,grass,,18.613342648619643,54.37195171781267
,,grass,,18.614408376952056,54.37348179562025
,,grass,,18.64724295598456,54.389621006823724
,,grass,,18.645818606607865,54.38996788883683
,,grass,,18.643673972401412,54.390791453470705
,,grass,,18.641399561252474,54.39321150798138
,,grass,,18.640362342689155,54.39329621062573
,,grass,,18.639589715500392,54.39250632162649
,,grass,,18.63985994984064,54.392839774782615
,,grass,,18.64259351483804,54.391712310459155
,,grass,,18.63930014929339,54.3924380805122
,,grass,,18.640519667840092,54.39176756535604
,,grass,,18.64021303409536,54.393461676270654
,park,,,18.70858114880968,54.36016021796805
,,,grassland,18.711749679606896,54.35788120429946
,,,wood,18.7128851180707,54.36148966285661
,,grass,,18.681548760604844,54.35638697764297
,,grass,,18.68369837792614,54.35678982912203
,,grass,,18.56595612326945,54.414016598702865
,,grass,,18.566221889632565,54.41423407932936
,,grass,,18.56626873146423,54.41411293376729
,,grass,,18.571955263069167,54.415730430929784
,,grass,,18.572343001554202,54.41631795204325
,,grass,,18.580291297910296,54.41893885536458
,,grass,,18.580333026511145,54.418897862471766
,,grass,,18.57840188036251,54.41828353995787
,,grass,,18.578202337388543,54.4181734615642
,,grass,,18.57789137699528,54.41810723328927
,,grass,,18.58263360835167,54.41956207863387
,,grass,,18.582560831824278,54.41966020254171
,,grass,,18.575586489224484,54.41717886909575
,,grass,,18.57544659185115,54.41723100266076
,,grass,,18.57309724902138,54.416604376211374
,,grass,,18.573307677370227,54.416428314409494
,,grass,,18.573419655105212,54.41618908075615
,,grass,,18.573027889718535,54.41595120436354
,,grass,,18.57304245054403,54.41607745515965
,,grass,,18.572812091213834,54.41650073969943
,,grass,,18.572530744705343,54.41640278278409
,,grass,,18.57251763887344,54.416474188031685
,,grass,,18.572615559240173,54.41673235211169
,,,wood,18.727218986864226,54.36095213085323
,,,wood,18.72390658224287,54.36083159148449
,,,wood,18.721266003430877,54.36095375739821
,,,wood,18.720010411006342,54.361410829984585
,,,grassland,18.733376262400306,54.360372939830995
,,,grassland,18.73573966287891,54.36020801180525
,,,grassland,18.738307280468742,54.360362984186295
,,,grassland,18.73917949992779,54.36073020407536
,,,wood,18.741043300092528,54.35984167078243
,,,grassland,18.741839913315783,54.360011109042475
,,,wood,18.74310244073448,54.360306021020214
,,,grassland,18.74438210352494,54.359778634851224
,,,wood,18.720556991480123,54.35921693273284
,,,grassland,18.73336166201189,54.35978310034919
,,,wood,18.734427662683295,54.35972488989882
,,,grassland,18.73381342606718,54.35913210234762
,,,grassland,18.73870420610724,54.35601202473178
,,,grassland,18.743959406461197,54.357735477472566
,,,grassland,18.746678370629542,54.357405490666615
,,grass,,18.74690669024541,54.358545400724225
,,,grassland,18.74087742314124,54.35949527340867
,,,grassland,18.715824564457243,54.3573918209911
,,,grassland,18.716004281910756,54.35835265979074
,,,grassland,18.720557266328186,54.35826193658976
,,,grassland,18.719896349901273,54.35751371818966
,,,wood,18.717588942306914,54.35943120261282
,,,grassland,18.717107638387823,54.359472269074416
,,grass,,18.614526169158307,54.40732275126974
,,grass,,18.613214018574812,54.4076544980126
,,grass,,18.609585764514232,54.40858876918876
,,grass,,18.60915375570249,54.40877120442591
,,grass,,18.609541940045737,54.40850321827017
,,grass,,18.601532142688054,54.392974034597465
,,,grassland,18.60152113057848,54.385951365458055
,,,wood,18.62783768320112,54.35758683829776
,,greenfield,grassland,18.627612228225832,54.35674656697546
,,grass,,18.571124628069548,54.355453933711665
,,,wood,18.570743816666173,54.356837032100096
,,,grassland,18.571177903092053,54.35652767523631
,,,wood,18.57174301699047,54.35614555042143
,,,wood,18.572366300502225,54.35525645044503
,,grass,,18.577898457957133,54.35593815580229
,,,grassland,18.61469708527183,54.39237326039556
,,grass,,18.570449471537398,54.39928900233492
,,grass,,18.570629764326014,54.39911920356842
,,grass,,18.571246933982856,54.398566815625585
,,grass,,18.57088246760242,54.398923751354864
,,grass,,18.5973318027172,54.37882356623902
,,,grassland,18.642771628607992,54.39480027942001
,,,grassland,18.414967833500583,54.44234318069567
,,,wood,18.41318369832936,54.4422773751837
,,grass,,18.508684289136074,54.37410678013463
,,grass,,18.507734605284597,54.37412946986723
,,grass,,18.509792535179514,54.374952512212545
,,grass,,18.50824190616885,54.37413967571854
,,grass,,18.507563005035273,54.3740997009469
,,grass,,18.508430337300783,54.37530517355284
,,grass,,18.50934477656956,54.3755312298266
,,grass,,18.507718174121678,54.374692599733656
,,grass,,18.50786077846767,54.374859223959746
,,grass,,18.50813071230808,54.37478859899759
,,grass,,18.508490319788237,54.37445021978566
,,grass,,18.508396233527325,54.37476227012558
,,grass,,18.508228955572505,54.37461522213213
,,grass,,18.508090892395913,54.37499872807822
,,grass,,18.563727737209817,54.43320089982071
,,grass,,18.563715827103675,54.43330670134696
,,grass,,18.563509073395945,54.433305428234654
,,grass,,18.56408567129693,54.43282300790056
,,grass,,18.563624721516465,54.43299704244999
,,grass,,18.56385148829212,54.43268383397401
,,grass,,18.564094534857013,54.432417582198205
,,grass,,18.56391033514068,54.43245688740877
,,grass,,18.563809905735752,54.4333986766948
,,grass,,18.56370552186914,54.43347430636543
,,,grassland,18.602835628142223,54.30661584605021
,,,wood,18.633483291423,54.360655630471676
,,grass,,18.59365441617444,54.379145722050794
,,grass,,18.598606655566464,54.37863736216495
,,grass,,18.59889068660955,54.37860273967655
,,,wood,18.58798083023947,54.311399771296
,,,grassland,18.586650424411683,54.3131930020193
,,greenfield,grassland,18.458631235020917,54.44022699562552
,,,grassland,18.55744948030673,54.327828210607656
,,greenfield,grassland,18.556245261754995,54.327819381410904
,,,grassland,18.55388509683105,54.32686089055713
,,greenfield,grassland,18.553744638861364,54.327246766362606
,,greenfield,grassland,18.5530649950625,54.32780192574336
,,,grassland,18.55883397363149,54.325874555593145
,,greenfield,grassland,18.556604390941096,54.32626468409831
,,,grassland,18.552339048105196,54.32684024446093
,,,grassland,18.55085168301397,54.32670983874533
,,,grassland,18.550554358718514,54.3263101511295
,,grass,,18.598035819384886,54.38249339022308
,,grass,,18.597712480368262,54.38204948815267
,,grass,,18.597229918909548,54.38200802706658
,,grass,,18.601395041504787,54.38503847282741
,,grass,,18.602153549045322,54.38563076697841
,,grass,,18.591902103137507,54.380624170892204
,garden,,,18.589421124025286,54.3796609006534
,,grass,,18.597302541285433,54.40475413814927
,,grass,,18.597164445973174,54.40472940768034
,,grass,,18.5968989292668,54.40470470979455
,,grass,,18.596245013046246,54.40458920324571
,,grass,,18.595488915290563,54.40444489074302
,,grass,,18.594861244380397,54.404328228653874
,,grass,,18.594389682085733,54.40420886853253
,,grass,,18.593961615871315,54.40411947067693
,,grass,,18.593668393178564,54.404093928028274
,,grass,,18.59293363836459,54.40390291748842
,,grass,,18.59247782193706,54.40368511312382
,,grass,,18.59226191364792,54.40359455895835
,,grass,,18.5926651127882,54.40390780556438
,,grass,,18.592600062933638,54.40423928855767
,,grass,,18.593796903519866,54.40435173788948
,,grass,,18.594123007274607,54.404194156623944
,,grass,,18.593987182596422,54.40423848842279
,,grass,,18.59420226591529,54.4044215197387
,,grass,,18.59427095963674,54.40429779040633
,,grass,,18.59531073352817,54.40463983834086
,,grass,,18.59503196285481,54.40443969734454
,,grass,,18.59601666846836,54.40477962601417
,,grass,,18.595648250000004,54.40455365
,,grass,,18.596144450000004,54.40464795
,,grass,,18.59602975,54.404626449999995
,,grass,,18.59591455,54.40460525
,,grass,,18.59656266047332,54.4047270089602
,,grass,,18.59702024370418,54.40481091258829
,,grass,,18.596894952221987,54.4049489720542
,,grass,,18.59745013051935,54.40504674651752
,,grass,,18.597301260522055,54.404875016335055
,,grass,,18.597576971173627,54.4049299800131
,,grass,,18.59815274507423,54.40518127873331
,,grass,,18.598363469719985,54.40507846703386
,,grass,,18.598383449573987,54.40523067681915
,,grass,,18.598494637577748,54.405252821015274
,,grass,,18.598583500000004,54.405270750000014
,,grass,,18.59881381471896,54.40530871802462
,,grass,,18.599254747675932,54.40556971091501
,,grass,,18.59905422564484,54.405204385900866
,,grass,,18.59986665,54.405360249999994
,,grass,,18.600024462549342,54.40539090670132
,,grass,,18.600170010232798,54.40541822859881
,,grass,,18.60047716375352,54.40547680667456
,,grass,,18.60219168623754,54.40580509485951
,,grass,,18.60295905,54.4061031
,,grass,,18.60272366293035,54.40605880589849
,,grass,,18.602613736420583,54.40603517084225
,,grass,,18.602126300000002,54.40594600000001
,,grass,,18.60191145,54.405905
,,grass,,18.601663599189365,54.40585767649896
,,grass,,18.601553170208927,54.405836265274
,,grass,,18.598783940080022,54.40515838466425
,,grass,,18.60504667509664,54.40652069875455
,,grass,,18.605190416308368,54.40642905279541
,,grass,,18.603580751815425,54.40621324200223
,,grass,,18.603116708082933,54.40613102579137
,,grass,,18.59929889185707,54.40525933271645
,,grass,,18.59956203173101,54.40530788505123
,,grass,,18.5995542765006,54.40544485775011
,,grass,,18.60016203368394,54.405571626437386
,,grass,,18.600670076726434,54.405672946708506
,,grass,,18.602397703970453,54.405388049231014
,,grass,,18.601144879934964,54.40575844774945
,,grass,,18.602361791217078,54.40558437342234
,,grass,,18.601932460336737,54.405502251207714
,,grass,,18.602812544721164,54.405927838182464
,,grass,,18.60284998242532,54.405859925460206
,,grass,,18.60246601895015,54.40586412584496
,,grass,,18.601768150677582,54.405728065188
,,grass,,18.58394365324827,54.35027514652685
,,grass,,18.583104447764462,54.350050487563344
,,grass,,18.58286803040682,54.34999693565695
,,grass,,18.5827543747184,54.34996812514201
,,grass,,18.58198844161399,54.349723409811695
,,grass,,18.581710256961284,54.34946217232708
,,grass,,18.58380532901556,54.35002137953521
,,grass,,18.58265415849957,54.349871058194424
,,grass,,18.582510331256138,54.349804211647424
,,grass,,18.583293339541054,54.34969470484118
,,grass,,18.583165041045802,54.349661973684
,,grass,,18.583501100181255,54.3500852507816
,,grass,,18.58333375420169,54.35004520893195
,,grass,,18.583739063988656,54.34973560721803
,,grass,,18.583530223483262,54.349716819693455
,,grass,,18.583435767038072,54.349844210631964
,,grass,,18.582318789986473,54.34957320430558
,,grass,,18.58299963621582,54.34942371788556
,,grass,,18.5829795789613,54.34957570922633
,,grass,,18.58288546740404,54.34970302239171
,,grass,,18.582678793686142,54.349547530743806
,,grass,,18.582367449462865,54.34975129751081
,,grass,,18.582080509371746,54.34965669592714
,,grass,,18.583098989463195,54.34955397578203
,,grass,,18.581915773861457,54.350348168268376
,,grass,,18.581888709534,54.35013634669959
,,grass,,18.58197646607989,54.35001387058798
,,grass,,18.58480808376502,54.35060899283325
,,grass,,18.58471103331949,54.350639421631364
,,grass,,18.581669298690002,54.34974027282268
,,grass,,18.583828783313567,54.350356034679365
,,grass,,18.58302134770244,54.35015389306956
,,grass,,18.582649309372727,54.35005602098854
,,grass,,18.582792953945606,54.35009306593031
,,grass,,18.582771927086128,54.35015663099815
,,grass,,18.582720591731746,54.350130175194664
,,grass,,18.582649230183648,54.350105947111636
,,grass,,18.583239780526302,54.35040888511948
,,grass,,18.583242006773244,54.350502870624126
,,grass,,18.583491907280884,54.35054726818971
,,grass,,18.582591349373683,54.350569311522285
,,grass,,18.58221324632935,54.35011375545052
,,grass,,18.582077449498648,54.3503089930333
,,grass,,18.582343344111596,54.35042157093388
,,grass,,18.58215484131595,54.35054991192451
,,grass,,18.582382144536368,54.35068292538557
,,grass,,18.582841519754414,54.35089745108169
,,grass,,18.583256797781043,54.35089227380464
,,grass,,18.58328151841753,54.35116756832153
,,grass,,18.582873781575913,54.3508149124177
,,grass,,18.58305922594838,54.35112725243192
,,grass,,18.583050892521445,54.351022833307006
,,grass,,18.583041505822052,54.35074782032258
,,grass,,18.583038632443813,54.35066546159097
,,grass,,18.583030483332532,54.35043573211969
,,grass,,18.58243817257807,54.3502964519467
,,grass,,18.582687470009333,54.35034556603791
,,grass,,18.582666568041464,54.35022856124756
,,grass,,18.582968182394556,54.350326582705314
,,grass,,18.583388427199527,54.35030682206455
,,grass,,18.583216870777594,54.350266471262564
,,grass,,18.58294482609252,54.35021984150295
,,grass,,18.587913831244727,54.35173483181417
,,grass,,18.587966803120693,54.351699851730565
,,grass,,18.587697919629605,54.35160189059873
,,grass,,18.58770727748709,54.351670331010176
,,grass,,18.587573819237214,54.35180866487565
,,grass,,18.586777801245077,54.35202394486817
,,grass,,18.587479252696696,54.35179169658438
,,grass,,18.587003552780587,54.352120169955334
,,grass,,18.58577050966916,54.352060805615636
,,grass,,18.58573900508312,54.3525050066686
,,,grassland,18.581847297979877,54.3463591251463
,,,grassland,18.58184911567171,54.346299762259
,,,grassland,18.582422020231974,54.34630390509315
,,grass,,18.58234675335427,54.3467828971106
,,grass,,18.581440722528587,54.346946418891385
,,grass,,18.582146650047182,54.34697784770596
,,grass,,18.5819228456329,54.34697562438298
,,grass,,18.58145503403989,54.34692165130474
,,grass,,18.581993939241986,54.3465423021065
,,grass,,18.582431144122303,54.34653331116421
,,,wood,18.58054021580302,54.34843319744874
,,,grassland,18.58169517687848,54.34875667513481
,,,grassland,18.5799315799845,54.346894869680945
,,,grassland,18.5712117250077,54.410620039792754
,,grass,,18.570264119904056,54.41165290810575
,,,grassland,18.570137168259794,54.41156484167243
,,,grassland,18.570420466176742,54.41148517843866
,,,wood,18.570711766463933,54.4116508454154
,,,grassland,18.57084998527548,54.41142330125916
,,,scrub,18.553273637706468,54.336966192205594
,,,grassland,18.557187332631155,54.33640555302706
,,,wood,18.55455583724695,54.337217197206314
,,,wood,18.5531221624632,54.33638012941406
,,,wood,18.550012100940698,54.33757673223657
,,grass,,18.507972135585696,54.376809411735785
,,grass,,18.508257204095422,54.376897067244975
,,grass,,18.50797202533794,54.377079327439155
,,grass,,18.50799183704622,54.37690535125743
,,grass,,18.50875621109345,54.376411290673786
,,grass,,18.664686973333527,54.34860693408844
,,,grassland,18.66370700924446,54.350768059216406
,,,scrub,18.51541821481131,54.37540571545941
,,grass,,18.51159690172701,54.37653499749944
,,,scrub,18.512647059097873,54.376528381378186
,,grass,,18.508263864292907,54.37660212217854
,,grass,,18.511900978080966,54.37605300155021
,,grass,,18.515856768939702,54.3761407314522
,,grass,,18.517590760458365,54.37630320855304
,,grass,,18.524469319669947,54.37613795136549
,,grass,,18.52282104516785,54.37608497784775
,,grass,,18.52243805064381,54.37609124648094
,,grass,,18.56705869363664,54.37447984710325
,,grass,,18.568461070103435,54.374372043652954
,,grass,,18.567292622747757,54.373950186243064
,,grass,,18.567949254666075,54.3739585081088
,,grass,,18.567864247079715,54.37428939003033
,,grass,,18.567211745319806,54.3742482670263
,,grass,,18.482203258824324,54.42733083730897
,,grass,,18.65421681942222,54.35010621659246
,,grass,,18.65392082284866,54.35014993388215
,,,water,18.48267933438036,54.389140039270856
,,greenfield,grassland,18.48318959442992,54.388830572301735
,,greenfield,grassland,18.485425507869078,54.38932432559194
,,grass,,18.557815147377347,54.307944563132146
,,grass,,18.584646534311403,54.30183780873766
,,,grassland,18.607625753652222,54.306918998497814
,,,grassland,18.605569080905425,54.30385277854899
,,greenfield,grassland,18.6086044994482,54.30301148172461
,,,grassland,18.60225068154157,54.30974381312467
,,,grassland,18.5498500064487,54.33408782074887
,,,scrub,18.527313284485643,54.346569270440625
,,,scrub,18.52627521501265,54.34720440514072
,,,grassland,18.52925033013729,54.34662439809056
,,,wood,18.603063511362073,54.355274363645506
,,greenfield,grassland,18.603624528407284,54.35637032805287
,,grass,,18.56002283661533,54.33422719589268
,,grass,,18.560505038810543,54.33481571141421
,,grass,,18.560166022563653,54.33487254860811
,,greenfield,grassland,18.558813772344717,54.33775991098924
,,,grassland,18.55901122993821,54.33695858537562
,,grass,,18.56437019747858,54.336941777356124
,garden,,,18.56394688954592,54.33749801772849
,,,grassland,18.56195547234469,54.33701788098485
,,,grassland,18.559140657172403,54.33614967738893
,,grass,,18.562341111965438,54.335182651203176
,,,scrub,18.564932735903817,54.33506307986174
,,,wood,18.56178059843621,54.33558225365522
,,,grassland,18.56076125287761,54.33520070624486
,,grass,,18.56077666578784,54.335615142623475
,,,wood,18.562326079539698,54.335009958171504
,,grass,,18.562448221033016,54.33436461923115
,,,grassland,18.56036974428084,54.334155466936515
,,,wood,18.562079074387295,54.33433206351348
,,,wood,18.56141536571315,54.334444003123714
,,,wood,18.560172076275656,54.3340153679036
,,,grassland,18.561919528893817,54.33394885752647
,,,wood,18.5564475678107,54.33415457968218
,,,grassland,18.55560281387718,54.333831492242155
,,,grassland,18.55914495781101,54.334402760869196
,,greenfield,grassland,18.559092610092975,54.33469452044475
,,,,18.56019801188173,54.33487857507174
,,,grassland,18.562797799862203,54.33148529229127
,,,grassland,18.55901431992248,54.33098157537827
,,grass,,18.55820885401007,54.33354176163742
,,,wood,18.55791072111794,54.33364029419786
,,greenfield,grassland,18.594882187466425,54.31915211217262
,,grass,,18.585075171684135,54.31246187537453
,,greenfield,grassland,18.58144268748794,54.31463783414376
,,grass,,18.5897055768712,54.31583378034304
,,,grassland,18.59047912131775,54.31407443380985
,,greenfield,grassland,18.59317378009053,54.313542740016835
,,,grassland,18.593959871804874,54.31404939533501
,,,grassland,18.603254735406143,54.32024587032434
,,,grassland,18.600488476258295,54.319860710161535
,,grass,,18.599458382452838,54.318908444801956
,,,grassland,18.59846376052829,54.31863152729408
,,,grassland,18.59634055,54.3191725
,,greenfield,grassland,18.593890321528534,54.31790551926293
,,,grassland,18.592021115474505,54.3167908103545
,,grass,,18.591443188602266,54.31787149771445
,,,grassland,18.5864200056663,54.31702868742256
,,,wood,18.586778165716694,54.31745439332429
,,,wood,18.586271638254573,54.31740847179175
,,,wood,18.586078460059028,54.316916482607624
,,,wood,18.58684538750253,54.31709276602505
,,,wood,18.58713852175299,54.316646106492776
,,,grassland,18.596495490139823,54.321302133547306
,,,wood,18.590090104929974,54.319681605027824
,,,grassland,18.586286868199153,54.31902805741736
,,,grassland,18.586239312549726,54.32055623850077
,,,grassland,18.579001156399148,54.33042097044296
,,,scrub,18.57881081734248,54.32775650349185
,,,grassland,18.488583684641746,54.35075623009466
,,,grassland,18.484409586843615,54.353075268773374
,,,grassland,18.482793044205184,54.35308462518984
,,,grassland,18.481866382714657,54.343993686723906
,,grass,,18.607208641810693,54.37782337795773
,,grass,,18.605306150622134,54.37751642969156
,,greenfield,grassland,18.599952656154056,54.324415331581086
,,greenfield,grassland,18.575828989035124,54.33698197751065
,,,grassland,18.575995245212646,54.33695325623532
,,,grassland,18.575125629994947,54.33648133464885
,,,grassland,18.57627654778171,54.33709285036947
,,,grassland,18.57480473733877,54.33657457925263
,,greenfield,grassland,18.576575503649472,54.33688003781416
,,,grassland,18.574784221380014,54.3375403106951
,,,wood,18.573200009678008,54.336734993414076
,,,grassland,18.573774304482804,54.33649571803606
,,greenfield,grassland,18.578243560527977,54.3435776026116
,,,grassland,18.58181943658696,54.341591332363706
,,,grassland,18.593020725194933,54.336600936826024
,,,grassland,18.586519315398952,54.33386345248266
,,greenfield,grassland,18.590610098191828,54.33590625542424
,,,grassland,18.586840635899176,54.33646772090511
,,,grassland,18.587994533176815,54.33805112506972
,,,wood,18.587912452510583,54.33785878866138
,,,wood,18.59197571008472,54.33719951596782
,,,grassland,18.59356164045609,54.33738686665075
,,,grassland,18.585264905422385,54.33970088143418
,,,scrub,18.5846228404857,54.3407901991007
,,,scrub,18.58394303258606,54.34101221483619
,,,wood,18.579949542862025,54.339771339531296
,,grass,,18.603959012387612,54.39607862334506
,,,wood,18.5836703353014,54.35458134552557
,,,grassland,18.601830958908423,54.301217297677944
,,greenfield,grassland,18.60149738192851,54.29979210304562
,,,grassland,18.599446950531444,54.30239362195664
,,grass,,18.592855809369347,54.38266653293931
,,grass,,18.596571332417238,54.38213564580099
,,grass,,18.59665697090643,54.3823317187774
,,grass,,18.597120752149685,54.38245887184635
,,grass,,18.596136104354976,54.38308538964216
,,grass,,18.59656900294099,54.38288332454803
,,grass,,18.59583420796243,54.383357556266624
,,grass,,18.5953456486117,54.382871086479064
,,grass,,18.59481247259166,54.38267966148551
,,,scrub,18.557749960417137,54.34574442256926
,,,scrub,18.558812643217642,54.34559227273518
,,,grassland,18.556399571884644,54.34447887546068
,,,grassland,18.5557826967587,54.343964811225916
,,,grassland,18.557000212634748,54.34380675309624
,,,wood,18.556302743312028,54.343457940616524
,,greenfield,grassland,18.558578061563534,54.343591008050296
,,,grassland,18.554967916904044,54.34551161573385
,,,grassland,18.637210068191703,54.33825656084191
,,,grassland,18.636962046307787,54.338286729876835
,,,grassland,18.632541975084628,54.33281417786682
,,,wood,18.617006801803623,54.3303193997777
,,,grassland,18.619382636839227,54.33220930911217
,,,wood,18.6198814749553,54.33057339386043
,,grass,,18.6230760517712,54.331166577499204
,,,grassland,18.616434107482192,54.3261831869809
,,,grassland,18.62478444761556,54.3275297890243
,,,wood,18.629339956444145,54.327523400860045
,,,grassland,18.62873434355494,54.32745040539856
,,,wood,18.628466174465224,54.32741999711223
,,grass,,18.634504477339807,54.32524760923751
,,grass,,18.633115215655476,54.328042822667314
,,grass,,18.623969847917095,54.32791334042135
,,greenfield,grassland,18.621243426680717,54.29482191524883
,,,wood,18.621815595071006,54.29586666950941
,,,grassland,18.555883153811557,54.32326796430925
,,,grassland,18.577089075920927,54.36564304033497
,,,grassland,18.485708659812893,54.423202889285044
,,,grassland,18.55916919995288,54.35537520942447
,,,grassland,18.557414067627274,54.32707911558759
,park,,,18.55997284568447,54.32620971836834
,,,grassland,18.586263809360954,54.30826552364185
,,,grassland,18.583536908575507,54.30694427761341
,,,wood,18.49860264637074,54.34731854305499
,,,grassland,18.47299011428551,54.35476407240617
,,greenfield,grassland,18.657355568467054,54.335856018254155
,,,grassland,18.450428544558623,54.4196533062767
,,grass,,18.53317108673373,54.33525297169334
,,,grassland,18.537600309369825,54.33525793214155
,,,grassland,18.538641750322277,54.33476744916556
,,,grassland,18.53805811915681,54.33492628726285
,,,grassland,18.53396777543241,54.33437931215043
,,,grassland,18.536823000592506,54.334826790742355
,,,grassland,18.53340894446773,54.334451081671865
,,,grassland,18.535756519623334,54.33516156115366
,,,scrub,18.538054767848376,54.33260436907075
,,,grassland,18.535249306800683,54.335929347302226
,,,grassland,18.532949096193484,54.3358047889099
,,,wood,18.536573976997055,54.335526959509345
,,,grassland,18.53709084841155,54.33547182543924
,,,wood,18.53268453321634,54.33590389455293
,,,grassland,18.53934015243213,54.334428235366346
,,,grassland,18.541748311900978,54.33362755985242
,,,wood,18.543312625400254,54.333131936576464
,,,grassland,18.544285073969398,54.333816788634365
,,greenfield,grassland,18.540760704473346,54.33048802241511
,,greenfield,grassland,18.54129631714231,54.329495187286625
,,greenfield,grassland,18.54134415917967,54.33003816244199
,,grass,,18.579606133395977,54.32070141370419
,,grass,,18.586062799035076,54.3180344071612
,,,wood,18.585286387022155,54.31821790048933
,,,grassland,18.58510973291789,54.317733540388915
,,,scrub,18.584869930257724,54.31689577985972
,,,grassland,18.583177660131412,54.31631741188461
,,,grassland,18.58356009996513,54.31656686379
,,,scrub,18.59370116011201,54.31093328629076
,,,scrub,18.594587306550263,54.31150558811513
,,,scrub,18.593210183917755,54.311369406217004
,,,scrub,18.595435976197113,54.30911115726876
,,,grassland,18.580882301346872,54.315367162897374
,,,grassland,18.579755029053704,54.31458013592411
,,,grassland,18.579526478225503,54.31246377404707
,,,grassland,18.575162639318396,54.31417941841719
,,,grassland,18.571039895362667,54.306319705721066
,,,scrub,18.578074547406697,54.307046716098874
,,,grassland,18.57140554102334,54.3132397758211
,,,grassland,18.570226350985806,54.3080538292314
,,,grassland,18.571806110205795,54.3101038249322
,,,grassland,18.571695690183073,54.30503954371368
,,,grassland,18.57314460768059,54.30564817809644
,,,grassland,18.573899483482677,54.30398306981553
,,,grassland,18.463080622110585,54.42051295605496
,,,grassland,18.463618940230187,54.42132274217927
,,,grassland,18.462264107841218,54.42162996386073
,,,grassland,18.573639682390507,54.342379297845284
,,,grassland,18.574178937165208,54.3427747038756
,,,grassland,18.584302528864235,54.33884288939782
,,greenfield,grassland,18.55578707611792,54.34871225360604
,,greenfield,grassland,18.556843117545824,54.34803053491977
,,greenfield,grassland,18.55682067362301,54.34749935845448
,,greenfield,grassland,18.55761891209383,54.35050568872947
,,greenfield,grassland,18.556875069358583,54.34989272838416
,,greenfield,grassland,18.555330869835878,54.34993930322509
,,brownfield,grassland,18.556546201739522,54.350285782631566
,,,grassland,18.55637268700442,54.35126705340311
,,,wood,18.55969400546818,54.35224429513286
,,,grassland,18.558786525687182,54.35209833878108
,,greenfield,grassland,18.559803512871504,54.353155077096766
,,,wood,18.556591270806457,54.35290169298101
,,,wood,18.559287029716817,54.35523731537063
,,,wood,18.553268171946005,54.3534002814087
,,,wood,18.555181752287233,54.35055013496777
,,,grassland,18.61279192178761,54.30953907542611
,,,grassland,18.611579490401112,54.310642978875094
,,grass,,18.54889214161839,54.34132480281202
,,grass,,18.548164048743523,54.341192707065495
,,grass,,18.547961485519167,54.34152800242247
,,grass,,18.547612031980798,54.341391418743434
,,,grassland,18.547568129674197,54.3418226888352
,,,grassland,18.547143734788293,54.34223537573506
,,grass,,18.541603742377195,54.34439221981473
,,,wood,18.5426737988041,54.34423779711587
,,grass,,18.544817772936945,54.34357433034524
,,grass,,18.546114982097794,54.3429133387843
,,,grassland,18.54620487521963,54.34245441538787
,,,wood,18.54803815815058,54.33749541330128
,,,scrub,18.55530312706478,54.33667979757113
,,,scrub,18.555349940961662,54.33767371978879
,,,grassland,18.53976683987162,54.337997654030204
,,,scrub,18.54360956375359,54.338040216190514
,,,scrub,18.544403456002808,54.33794226413092
,,,scrub,18.54435358469329,54.33826948918575
,,,scrub,18.542796004079594,54.337191732807604
,,,scrub,18.543523322211104,54.33857240560537
,,,grassland,18.540296769951958,54.33948533043861
,,greenfield,grassland,18.54103731632779,54.339573561670534
,,,grassland,18.540037950374238,54.33931062790482
,,,grassland,18.540108125543252,54.33917628067156
,,,grassland,18.53966524386667,54.33857826506107
,,,grassland,18.539244088490346,54.33752750793673
,,greenfield,grassland,18.542079580679516,54.33976726504355
,,,wood,18.549127822862623,54.341092519972264
,,,grassland,18.547741933257807,54.3408582626903
,,greenfield,grassland,18.54297789953226,54.34032600643356
,,greenfield,grassland,18.560038624835773,54.33220950413441
,,,grassland,18.559739930427845,54.33283211982832
,,,wood,18.51510162097456,54.35588419461067
,,,wood,18.516067213152464,54.356547947293166
,,greenfield,grassland,18.508601144351733,54.357129616597604
,,greenfield,grassland,18.507227076799598,54.35636515342082
,,greenfield,grassland,18.50581690297605,54.35559412130527
,,,scrub,18.507690047774314,54.35893193366998
,,greenfield,grassland,18.4955919927147,54.35679810898583
,,,grassland,18.503812361141193,54.35313160097843
,,,grassland,18.504590690491735,54.35477349745462
,,greenfield,grassland,18.49595593989391,54.35459946481752
,,,grassland,18.493616631495495,54.357929201645554
,,,grassland,18.494342478467615,54.35750142141396
,,,grassland,18.496317759616034,54.3568891228106
,,,grassland,18.497486008233732,54.35731776171924
,,,wood,18.491381811825164,54.36417020369998
,,,grassland,18.489593424200166,54.364306099585676
,,,grassland,18.50426811722663,54.355532831016504
,,greenfield,grassland,18.500278063801915,54.353926737726304
,,greenfield,grassland,18.498462179173828,54.35465611538132
,,greenfield,grassland,18.496834120368273,54.353777930906666
,,grass,,18.49774496955135,54.35360579084966
,,greenfield,grassland,18.501034257884342,54.35468942789409
,,,scrub,18.49771145760646,54.3562728532348
,,,scrub,18.49890886034339,54.355765915417706
,,,scrub,18.504255658411637,54.35720464270484
,,,scrub,18.505876093146675,54.35806401222186
,,,wood,18.505142902278237,54.35756913344777
,,,grassland,18.50277841329446,54.35954274376867
,,,grassland,18.505084589070346,54.3595867293127
,,,wood,18.505133427116217,54.360033073672284
,,,grassland,18.503135737826295,54.360551689100554
,,,grassland,18.497782637376154,54.36191681746722
,,greenfield,grassland,18.496241500308425,54.36149564317665
,,,grassland,18.499736381076485,54.35888514282402
,,,grassland,18.500045600764352,54.35928827448847
,,greenfield,grassland,18.498769171285907,54.35891558586104
,,greenfield,grassland,18.501394938992473,54.35871132303457
,,,grassland,18.501841839783612,54.35812789170539
,,,grassland,18.502770585398164,54.35824779066377
,,greenfield,grassland,18.50016658118873,54.35834820638243
,,,grassland,18.55567950501048,54.34829733920025
,,,wood,18.56303263133857,54.34570976365801
,,,scrub,18.566442131871547,54.34548531116788
,,,scrub,18.566437411262577,54.346956453282786
,,,scrub,18.564990324018975,54.34733402537863
,,greenfield,grassland,18.5240867180783,54.338434620609746
,,grass,,18.567144643912386,54.34765021547459
,,,grassland,18.571747020166367,54.34808647589863
,,,grassland,18.57230374445153,54.35017523858546
,,,grassland,18.568512982012724,54.34858435896413
,,grass,,18.574549573156865,54.368086663498985
,,,grassland,18.574541196992033,54.36987302835174
,,grass,,18.574452674907192,54.36996256398
,,,grassland,18.574513392665473,54.36678905165968
,,,wood,18.5768107371549,54.3706102984821
,,,wood,18.577763157085137,54.36497669436963
,,,grassland,18.57109308060083,54.36839212688624
,,,grassland,18.55804715545607,54.36677168539332
,,,scrub,18.56477379367672,54.37008189679874
,,,scrub,18.564336535258274,54.3704751513928
,,,grassland,18.566043990344426,54.371286939863786
,,grass,,18.570979451210754,54.367445026230364
,,,scrub,18.56009989146747,54.36627133571147
,,,wood,18.559844909751988,54.36636620043908
,,,grassland,18.563701855263925,54.36753287091217
,,,grassland,18.568172923266243,54.36664416370834
,,,grassland,18.565927457219143,54.366894215367985
,,,wood,18.56131232828824,54.3674456283659
,,,wood,18.56080338507411,54.367060971458315
,,,wood,18.55942355180784,54.36680820667861
,,greenfield,grassland,18.553600876952856,54.367305334156114
,,,grassland,18.559985010187514,54.36711676801981
,,,grassland,18.557461321753838,54.36584862762604
,,greenfield,wood,18.55202179878234,54.3676115789778
,,greenfield,grassland,18.551559083200917,54.36749857582889
,,greenfield,grassland,18.551192669678475,54.36702947947731
,,,grassland,18.55060031886711,54.36493465940689
,,greenfield,grassland,18.553443231862644,54.365883847328064
,,greenfield,grassland,18.558153176645263,54.36447735384608
,,,grassland,18.55688080830797,54.36484449907002
,,greenfield,grassland,18.557051278918404,54.3654353512717
,,,grassland,18.558038500137016,54.3653229037332
,,,wood,18.559988141554097,54.36600830552613
,,,wood,18.558720438500263,54.36488102934165
,,,grassland,18.566352462616067,54.36633515368769
,,,wood,18.5515220615495,54.365820934834666
,,,grassland,18.55633017386787,54.366751115853596
,,,grassland,18.55576267708223,54.36702359729677
,,,grassland,18.554854078620064,54.367106208480564
,,,grassland,18.56869876185456,54.36920090325615
,,,grassland,18.567628045722177,54.36873866395074
,,,scrub,18.563208240921497,54.36872416564106
,,,wood,18.56432948416618,54.36955572799394
,,,scrub,18.563557381332313,54.36937424246216
,,,scrub,18.5670148560022,54.370582659483674
,,,scrub,18.567181710391672,54.37074077648341
,,,scrub,18.56754210271129,54.37104936031619
,,,scrub,18.568155699262295,54.37122463486842
,,,grassland,18.56587636038494,54.37264816793831
,,,grassland,18.56657842008741,54.37302728730794
,,greenfield,grassland,18.566400078830316,54.37263922025072
,,,grassland,18.566195491964407,54.37207983453346
,,,wood,18.565492794679727,54.36923592070422
,,,scrub,18.56295635590846,54.37071861473718
,,,grassland,18.566850759011377,54.36771380308396
,,grass,,18.5638822971809,54.37154827331135
,,greenfield,grassland,18.578083278192107,54.37841381360403
,,greenfield,grassland,18.55864461325085,54.36090288017387
,,,grassland,18.558876510359344,54.36372110314809
,,,grassland,18.46688851741373,54.3864555044077
,,greenfield,grassland,18.560999681397725,54.36139230574949
,,,grassland,18.563780778514094,54.36149297319661
,,,wood,18.560271042786717,54.36265929322207
,,,grassland,18.56340777729661,54.36439941224075
,,,wood,18.563809868591097,54.364358749176205
,,grass,,18.557653708132047,54.36217463729263
,,grass,,18.56054117488171,54.361341795036886
,,greenfield,grassland,18.56207503601436,54.362334809283496
,,greenfield,grassland,18.562567175830026,54.36217460370067
,,grass,,18.559305437423202,54.36282875032768
,park,,,18.560682190525853,54.36335095826864
,,grass,,18.559926299196448,54.36296218464921
,,,grassland,18.559787834177992,54.3634102417982
,,grass,,18.560172086545368,54.363437367823394
,,,wood,18.561128081231406,54.36321351576113
,,greenfield,grassland,18.56201352933302,54.36319104798377
,,grass,,18.56176758387927,54.36361935409057
,,,grassland,18.563607056031444,54.36634868319176
,,,grassland,18.56316712545496,54.365323478714494
,,grass,,18.57023352860575,54.3652578357122
,,grass,,18.570175249290575,54.36553676983723
,,,grassland,18.569810430526015,54.36542188891818
,,,grassland,18.56613839336848,54.365201529493085
,,,grassland,18.566331204829332,54.36577594596842
,,farmyard,wood,18.564822169727368,54.366102012443314
,,grass,,18.57125585154638,54.367277590109296
,,grass,,18.571207990136735,54.36721703205203
,,,grassland,18.57117502736977,54.367153230466045
,,,grassland,18.57016559310589,54.366662325689035
,,,grassland,18.57215086742265,54.36514196110085
,,,scrub,18.5723737814792,54.36435164545036
,,,grassland,18.571555005186084,54.364177850025115
,,,grassland,18.57277083646545,54.36314381373926
,,,grassland,18.57029897484368,54.36476822671692
,,,grassland,18.57118096447719,54.364342399616305
,,,grassland,18.571487363525254,54.36569047289537
,,farmyard,,18.571230173634746,54.365927105867605
,,farmland,,18.571454243644503,54.36575674569874
,,,wood,18.56665608583381,54.363936887404044
,,,grassland,18.442177384608865,54.43717160211247
,,greenfield,grassland,18.443271474266112,54.43757718320304
,,grass,,18.590109237057938,54.403689821535835
,,grass,,18.591074088048135,54.40268099671518
,,grass,,18.628781583888976,54.411286947141825
,,,grassland,18.452028140692832,54.43751847013147
,,greenfield,grassland,18.454303848940878,54.43844024853144
,,,grassland,18.453195077739906,54.43849222429855
,,greenfield,grassland,18.45444676413744,54.43809423962991
,,,grassland,18.453107180402835,54.43906218265294
,,greenfield,grassland,18.450677336205796,54.43830948339817
,,,wood,18.451428689720423,54.439067642233105
,,,grassland,18.447023360482188,54.43990993591042
,,,grassland,18.447947083210263,54.43955571145064
,,,grassland,18.441589588281705,54.44092126972961
,,greenfield,grassland,18.4452014989422,54.436546712226956
,,,grassland,18.446963465029842,54.436712964433895
,,,grassland,18.444556672219537,54.43673165426911
,,,wood,18.445264538923027,54.43876052125879
,,greenfield,grassland,18.44244159268816,54.43783929247847
,,,wood,18.445661426069826,54.448303854473764
,,greenfield,grassland,18.459104108329544,54.443725863402165
,,,grassland,18.45839776693718,54.4437074269941
,,greenfield,grassland,18.45583979822897,54.444873389190235
,,greenfield,grassland,18.457518423707366,54.44443705558957
,,greenfield,grassland,18.456908396418484,54.443695696231146
,,,wood,18.45702393222911,54.44385353631269
,,greenfield,grassland,18.455810242045583,54.44446008303821
,,grass,,18.452712357519655,54.44201752203491
,,,grassland,18.458353029044105,54.44618661750242
,,,wood,18.456384555676333,54.4458432666326
,,greenfield,grassland,18.458590738047054,54.44680830635833
,,greenfield,grassland,18.45762387569208,54.44700564117672
,,meadow,,18.455781502108014,54.44729764087337
,,,grassland,18.438937794809235,54.447089948878485
,,grass,,18.59203507343621,54.33179209023604
,,grass,,18.59275450585093,54.33189686236816
,,grass,,18.59431770291337,54.33226660214817
,,grass,,18.595579334285013,54.33235652997402
,,grass,,18.592017128019087,54.33198926694471
,,grass,,18.588119939689886,54.331306451794795
,,grass,,18.58894671748379,54.33125502299673
,,grass,,18.58468411339674,54.33105062169333
,,grass,,18.58403082656782,54.33106310389529
,,grass,,18.58613186433017,54.33103660485633
,,grass,,18.585609468574482,54.33104371567582
,,grass,,18.58575226672525,54.33085482531743
,,grass,,18.58421369299422,54.33085110270428
,,grass,,18.585033576267136,54.3307906971234
,,grass,,18.584833137341967,54.33078568739125
,,grass,,18.585622563473564,54.33115358653669
,,grass,,18.587538321265775,54.33144412207038
,,grass,,18.585191973186255,54.3321275545169
,,grass,,18.584806954310057,54.332506004490114
,,grass,,18.584839702227967,54.33228586182857
,,grass,,18.582864590036205,54.33121307847787
,,grass,,18.58302230374111,54.331305492796695
,,grass,,18.595595449493775,54.33231097048352
,,,grassland,18.580117671499295,54.332079589004735
,,,wood,18.58001855474307,54.3316036368875
,,grass,,18.583263740447233,54.33160691808627
,,grass,,18.578029619347344,54.33149650498724
,,grass,,18.57993519935006,54.331726417032066
,,grass,,18.580788293705503,54.3315306441144
,,grass,,18.579583959005355,54.332089483235016
,,grass,,18.579393630931825,54.33227365271971
,,grass,,18.579766016195485,54.33240324490659
,,grass,,18.578757373267507,54.33231254491449
,,grass,,18.5793937397426,54.33229212736473
,,grass,,18.57877916977817,54.33221900620642
,,grass,,18.578555135738355,54.33212105484247
,,grass,,18.578731081156707,54.332237766900974
,,,grassland,18.568166884262716,54.40766388262274
,,,grassland,18.56776891210206,54.40796509876361
,,grass,,18.563125678308626,54.40928147551597
,,grass,,18.63130464215525,54.40214172190037
,,grass,,18.631388461542056,54.402530970243255
,,grass,,18.631198118519166,54.4025344342688
,,grass,,18.632147831028348,54.40227827811857
,,grass,,18.632952405012773,54.40198946571967
,,grass,,18.63191002187256,54.40186190723627
,,grass,,18.630628141322603,54.40204144466394
,,greenfield,grassland,18.567567561148916,54.312729136674726
,,greenfield,grassland,18.56879066921169,54.31313523268141
,,greenfield,grassland,18.552965889195583,54.32843958737822
,,greenfield,grassland,18.555640746945468,54.327127636019824
,,greenfield,grassland,18.555123059053862,54.32712653183004
,,grass,,18.55760058848786,54.33072511092588
,,,grassland,18.557283249907663,54.33102235771069
,,,grassland,18.553985870551173,54.330829470521614
,,,grassland,18.55414238975447,54.33010598889881
,,,grassland,18.551498516399906,54.33019065057869
,,grass,,18.55176879956704,54.33013885522342
,,,grassland,18.55011011560166,54.330680338597865
,,,grassland,18.551382563872433,54.33090044431621
,,,grassland,18.55229788949954,54.32918641718902
,,,grassland,18.55574034593951,54.33009457480136
,,grass,,18.555070359376163,54.329274975690176
,,,wood,18.55509718613048,54.329019373991954
,,greenfield,grassland,18.55375006646309,54.32774605390885
,,greenfield,grassland,18.555350015137158,54.32831774285561
,,greenfield,grassland,18.475143660799844,54.394330694805646
,,,grassland,18.476536648701646,54.39551528575426
,,greenfield,grassland,18.633020458985776,54.39055968119245
,,grass,,18.62473359539978,54.388588517754535
,,,wood,18.627067082814605,54.37321536715279
,,grass,,18.57249949828438,54.40047938929596
,,grass,,18.588787854693063,54.36400786031838
,,grass,,18.585024316760588,54.36157399491953
,,grass,,18.60690720463091,54.38058032300171
,,grass,,18.639458681201006,54.407064668830756
,,,grassland,18.65798893908032,54.334125037505856
,,,grassland,18.656461680385558,54.334024101594615
,,,grassland,18.613275233115473,54.32128763155649
,,,grassland,18.609856916526386,54.32026552037287
,,,grassland,18.614729172679105,54.320505951203536
,,,grassland,18.61778061371999,54.32050763633821
,,,grassland,18.62027692554463,54.321650481598766
,,,wood,18.62250683988056,54.321945755995195
,,,grassland,18.67937105294264,54.3575697515911
,,,grassland,18.67025393887684,54.364331653854606
,,grass,,18.673145589258752,54.3629472618045
,,grass,,18.673263457452734,54.36443367756745
,,grass,,18.672909678001897,54.36377153686123
,,grass,,18.672475638564453,54.36272299463496
,,grass,,18.674025625188236,54.36559965732033
,,grass,,18.673806193580326,54.36721255620154
,,grass,,18.673596116064097,54.36502945410818
,,grass,,18.673465429484835,54.36580608280295
,,grass,,18.573064939820338,54.395406128811715
,,grass,,18.57245272245081,54.39570032070924
,,grass,,18.572187193699023,54.39596812268389
,,,grassland,18.584224617799208,54.35552197325208
,,grass,,18.561752124404208,54.43924020445105
,,greenfield,grassland,18.582450952559604,54.382058900186905
,,grass,,18.4867123817043,54.420679377805996
,,grass,,18.486663298135543,54.419988044516465
,,grass,,18.48660322117675,54.41945312867939
,,grass,,18.486746194410017,54.42162829801403
,,grass,,18.486786820513128,54.420997042979266
,,,grassland,18.688509186707453,54.36139397557717
,,,grassland,18.691078049081963,54.35723745083707
,,,grassland,18.690665388683488,54.3570026730121
,,,grassland,18.68469980145879,54.36347530606248
,,,grassland,18.68706163833762,54.358994969450386
,,,grassland,18.683868128863892,54.36130400040125
,,,grassland,18.68600761738682,54.36075114569539
,,,grassland,18.68686330537302,54.361115841525454
,,grass,,18.684290100693385,54.3607540238472
,,grass,,18.685165225808145,54.360319165225924
,park,,,18.55852485521814,54.43039883770324
,,meadow,,18.57567582498819,54.28884980715999
,,meadow,,18.57194002462496,54.28856311454682
,,meadow,,18.570188198098066,54.28805914794192
,,forest,,18.57063027442889,54.28843244206423
,,meadow,,18.568075027295166,54.288120946991626
,,meadow,,18.573882859265396,54.290524718907804
,,,grassland,18.579753485132883,54.296296636906085
,,,grassland,18.58184038521536,54.29538737619262
,,,wood,18.46681518988732,54.429693743175484
,,greenfield,grassland,18.458517033442035,54.42124982388124
,,greenfield,grassland,18.45818760935807,54.42178726795129
,,greenfield,grassland,18.4724968821257,54.421588864748614
,,,wood,18.460434209945372,54.42332453272674
,,grass,,18.462375600511017,54.42247206592257
,,greenfield,grassland,18.46788119052303,54.42097047815134
,,greenfield,grassland,18.483734181160084,54.42328334238353
,,,wood,18.569016634825417,54.438419779469065
,,grass,,18.569280548109138,54.43896896629113
,garden,,,18.658010228317853,54.33329837329651
,,,grassland,18.657668277510925,54.33377022411692
,,meadow,,18.657276949678753,54.33299232069771
,,meadow,,18.643359799574526,54.3469534385057
,,,wood,18.587147589259853,54.431000510186074
,,,wood,18.58847050657356,54.431027006086865
,,,wood,18.590435746381715,54.42959992822703
,,,wood,18.593872121201784,54.42400922858234
,,,wood,18.594084713584945,54.42499357103361
,,,wood,18.59326934423403,54.42443160475039
,,grass,,18.576409163826288,54.3987681675482
,,grass,,18.576850578583944,54.39825075612766
,,grass,,18.57659361783836,54.39850199520777
,,grass,,18.57644834735594,54.398492333187704
,,grass,,18.575643108211608,54.39964776848217
,,grass,,18.57538977029305,54.39996843017486
,,grass,,18.575262485924743,54.400133463036894
,,grass,,18.575122053348984,54.400307034633684
,,grass,,18.57485638383122,54.40064557479139
,,grass,,18.577244410415933,54.3977411465984
,,grass,,18.57713043382912,54.39785962661883
,,grass,,18.576829893004177,54.398125311903094
,park,,,18.608318792216856,54.3784990775551
,,grass,,18.578598903430006,54.41813579530537
,,grass,,18.578149754418753,54.417957227287
,,grass,,18.578308571074142,54.417907926486706
,,grass,,18.65656172762137,54.35800726714034
,garden,,,18.568090219083437,54.40807480843286
,,greenfield,grassland,18.55859765198674,54.446452110564195
,park,recreation_ground,,18.556157915805674,54.4483122137353
,,grass,,18.59038662781828,54.39540901975714
,,grass,,18.572850389545934,54.399932692346326
,,grass,,18.5722736139518,54.39967576170279
,,grass,,18.57205874101741,54.39973016770243
,,grass,,18.57189365965828,54.399844273793775
,,,wood,18.570028386911567,54.40038173083735
,,grass,,18.65542397353848,54.36069007815473
,,grass,,18.643888657243252,54.36359021717696
,,grass,,18.561868075581003,54.4161151789743
,,,grassland,18.564519268311606,54.415641824283696
,,grass,,18.55905395,54.44304114999999
,,grass,,18.558959650000002,54.443044050000005
,,grass,,18.62148894458267,54.37523024233524
,,grass,,18.51016692128243,54.371272453556976
,,,grassland,18.502030829681782,54.370100977491184
,,,wood,18.508453933865052,54.37123106471159
,,,grassland,18.508199047652624,54.36989715753871
,,grass,,18.586940741098864,54.339147025515814
,,grass,,18.585877513897987,54.33963206650061
,,grass,,18.5860974055326,54.33958350855766
,,grass,,18.510713321119795,54.33849166649172
,,,grassland,18.51986963538338,54.33650340860394
,,,grassland,18.55069221290793,54.33600406523372
,,greenfield,grassland,18.497416744966117,54.3398007297144
,,grass,,18.576128824726986,54.417032250440485
,,grass,,18.574297345467016,54.41529927032212
,,grass,,18.574165820325053,54.416365339164216
,,,wood,18.564715789594388,54.373177020809266
,,,grassland,18.56211653440928,54.30696378914742
,,greenfield,grassland,18.56306276134614,54.4053755634561
,,,grassland,18.607131697608505,54.360459068550206
,,grass,,18.618411111318274,54.3699155433964
,,,grassland,18.567038773511072,54.294913897336166
,,,grassland,18.565889318330914,54.29520011560746
,,greenfield,grassland,18.547926067219162,54.32874368130774
,,,grassland,18.595391773448444,54.31683147777815
,,,grassland,18.59746900104238,54.31586368512182
,,,grassland,18.55425570773259,54.36591010444428
,,,grassland,18.553820762410663,54.366434615955946
,,greenfield,grassland,18.47099397075959,54.43006118150875
,garden,,,18.465327261490355,54.434957606388146
,,,grassland,18.465774948129745,54.43745722985693
,,grass,,18.46336838844067,54.4367903115188
,,,grassland,18.462524468218668,54.443961556798016
,,,grassland,18.46336879335964,54.444867004474396
,,,grassland,18.467647516093095,54.42897835413754
,,,wood,18.46763861695387,54.42884285246683
,,,wood,18.58082834967096,54.365314927338794
,,,grassland,18.580454253991817,54.36646551541613
,park,,,18.561064200990923,54.431079627054736
,,grass,,18.625525083460385,54.35012769444642
,garden,,,18.61591479250063,54.355240585260916
,garden,,,18.615853196548073,54.3552949011318
,,industrial,grassland,18.594050630774962,54.332042280619405
,,,wood,18.593667339823536,54.332131578144676
,,greenfield,grassland,18.591988339627658,54.33490332389882
,,,grassland,18.605234880427258,54.34814968870911
,,grass,,18.621932689038953,54.3946510641928
,,grass,,18.622695270066913,54.39462416046238
,,grass,,18.622690476414625,54.394548635285474
,,grass,,18.622691907486868,54.394483255304266
,,grass,,18.62269716359566,54.39439438597174
,,grass,,18.621791253139275,54.394632033220205
,,grass,,18.6220878,54.39437669999999
,,grass,,18.622277391577875,54.39443838505098
,,grass,,18.62241980168923,54.394422316537536
,,grass,,18.622577251965335,54.39446839505216
,,grass,,18.622577669179602,54.394549145820164
,,grass,,18.622575289910518,54.3946233419744
,,grass,,18.622277302650815,54.39461578944308
,,grass,,18.622415340851475,54.394632570512975
,,,wood,18.45336927272408,54.43397007961941
,,,wood,18.452163225448174,54.43438146268827
,,,grassland,18.451779082288752,54.43449546052428
,,,water,18.551485426293947,54.323959271886615
,,,water,18.605291099271046,54.28750861087646
,,grass,,18.64683446198159,54.357512494615975
,,,wood,18.646762961020013,54.35734389655595
,,grass,,18.646988506785906,54.35748458179098
,,grass,,18.647124484586136,54.35763323800626
,,grass,,18.646924864216185,54.35777968060351
,,grass,,18.64681636710546,54.35778460317051
,,grass,,18.64658103913896,54.357826735124625
,,grass,,18.646538565075026,54.35778701654363
,garden,,,18.614032288412293,54.355922242066214
,,grass,,18.673427826784486,54.34862591738423
,,,wood,18.66772896805018,54.35633133921112
,,grass,,18.64755646106184,54.35993021820781
,,grass,,18.647555046756803,54.3596980007364
,,grass,,18.647370467152992,54.36042931289249
,,grass,,18.64730880226824,54.36098470447769
,,grass,,18.647296760028755,54.36091515245903
,,grass,,18.647472795592808,54.36080296241371
,,grass,,18.648044355032145,54.36016584462765
,,grass,,18.648200794653512,54.36018020914786
,,grass,,18.64854940914079,54.35916339559478
,,grass,,18.648441939940543,54.35903900524221
,,grass,,18.648500781365914,54.35909945547007
,,grass,,18.64986878961378,54.35847079768269
,,grass,,18.649529317962212,54.35877287037676
,,grass,,18.648149211703956,54.360016343143755
,,,grassland,18.5606700311134,54.347376891736715
,,,grassland,18.559556415438376,54.34852453798209
,,,grassland,18.558212283473704,54.3491365937731
,,,grassland,18.56125808504313,54.34902334701744
,,,grassland,18.561833653002523,54.34910941070127
,,,grassland,18.561531542711858,54.34885105365252
,,,grassland,18.560342168955607,54.34962358162415
,,greenfield,grassland,18.55923314528475,54.34156258648527
,,,grassland,18.564867240538376,54.33832750176556
,,greenfield,grassland,18.56107875086612,54.33900139446083
,,greenfield,grassland,18.561997854912395,54.33834958034393
,,,wood,18.55470793112303,54.34379205728945
,,,grassland,18.554525392823095,54.343891468886504
,,,wood,18.57977871476091,54.38999251038033
,,grass,,18.521838543693015,54.35704952647479
,,,grassland,18.52727141838149,54.356996376318584
,,,grassland,18.52583533568159,54.35694216153597
,,,grassland,18.524988364146527,54.354812229422656
,,grass,,18.548090236931365,54.34777206085776
,,,grassland,18.549227208949016,54.34867257571492
,,,wood,18.559403856521953,54.339460537770606
,,,wood,18.555690702417383,54.34011702085003
,,,grassland,18.556459564366,54.34016875834762
,,greenfield,grassland,18.551371472505895,54.34257488504392
,,,wood,18.54876971787637,54.34631811551676
,,grass,,18.550177037735146,54.34454061515768
,,greenfield,grassland,18.55277983553846,54.344183346102284
,,,wood,18.55428747257024,54.34460880321226
,,greenfield,grassland,18.550976299683327,54.345704078613814
,,,grassland,18.550029722678676,54.34660807541984
,,greenfield,grassland,18.551794681443305,54.34570335528049
,,,grassland,18.550135888467945,54.34307949677124
,,greenfield,grassland,18.548250849799267,54.34467244784214
,,,grassland,18.61386908056643,54.33072196381105
,,,grassland,18.617871759649905,54.33146398276871
,,,grassland,18.61861406347338,54.331187708651015
,,,grassland,18.629760478217552,54.33331654738459
,,,grassland,18.63145884764688,54.33274332632438
,,,grassland,18.623840133853324,54.33131126309916
,,,grassland,18.62106695718148,54.331214627171015
,,greenfield,grassland,18.614834560313525,54.33175857647182
,,greenfield,grassland,18.61552201960125,54.33176590787859
,,greenfield,grassland,18.615168975892832,54.3315598279086
,,,grassland,18.617890164498174,54.33075794163474
,,,grassland,18.4869632774089,54.430964413022586
,,grass,,18.487082342214745,54.4281806991164
,,,grassland,18.48304534948312,54.43045515897635
,,,grassland,18.486527365057217,54.42806405615944
,,greenfield,grassland,18.482033795933475,54.42915043803272
,,,grassland,18.470864624915794,54.43324766850136
,,grass,,18.46869833370763,54.43601551879871
,,grass,,18.479874828795968,54.431709316305614
,,greenfield,grassland,18.479410644786984,54.43000376567656
,,grass,,18.48214173048512,54.43027149359716
,,,wood,18.46223434828866,54.4239802868304
,,grass,,18.4608483139777,54.420056145728694
,,greenfield,grassland,18.460553866746395,54.41980160706543
,garden,,,18.474114939626567,54.42286070402872
,,greenfield,grassland,18.474806165805056,54.42279225292097
,,greenfield,grassland,18.45792083739075,54.42325266593668
,,greenfield,grassland,18.46001549730383,54.42205305317178
,,greenfield,grassland,18.45944903538219,54.422074707775344
,,greenfield,grassland,18.458730519709682,54.42236174871792
,,greenfield,grassland,18.458111466838044,54.422332772746515
,,,grassland,18.45628302613783,54.42371865921324
,,,wood,18.455820886985084,54.42328174933775
,,greenfield,grassland,18.458628214980312,54.41945100093183
,,greenfield,grassland,18.45927660292254,54.41920570824677
,,,grassland,18.457838215860864,54.41793023830402
,,,grassland,18.469615388099502,54.41684751164424
,,grass,,18.610983235464555,54.37724773211851
,,grass,,18.577434657641888,54.41842656095944
,,grass,,18.576718709260177,54.418184410336856
,,grass,,18.575727149033806,54.41781546639325
,,,grassland,18.569923700768427,54.35134246935997
,,grass,,18.57284591466546,54.350497608008084
,,grass,,18.570467966630563,54.35087502805617
,,,grassland,18.57449169633963,54.35166652641697
,,,grassland,18.571729730569373,54.350933511795745
,,meadow,,18.478478608833836,54.31232072173187
,,meadow,,18.480635441828184,54.31242584601228
,,meadow,,18.480331158737805,54.313787809734
,garden,,,18.480154085309838,54.31343983857816
,,meadow,,18.481023410184626,54.31895663594558
,,meadow,,18.47952217961886,54.32016047812551
,,meadow,,18.47970056413572,54.321173609058825
,,meadow,,18.474708404944572,54.31968373749522
,,meadow,,18.475662257993122,54.32116161192007
,,grass,,18.489917699161964,54.427985322983695
,,grass,,18.49110361281846,54.42803321079948
,,grass,,18.48799346096042,54.41898960394284
,,grass,,18.488138664382074,54.422388528470854
,,grass,,18.493377128935634,54.42882667925249
,,grass,,18.49414054714859,54.4287696355379
,,,wood,18.491027975715404,54.42855904189571
,,,wood,18.492418720751612,54.4285514154619
,,forest,,18.45951489464032,54.314381291350124
,,,wood,18.481491604488628,54.41686826413212
,,greenfield,grassland,18.482359228409763,54.41717534730716
,,,grassland,18.483744724454922,54.41715008626829
,,greenfield,grassland,18.477782865324453,54.421822659290456
,,,grassland,18.47458394696384,54.42218429844468
,,greenfield,grassland,18.47615506077536,54.42371235592541
,,greenfield,grassland,18.477699738173627,54.425900853199806
,,grass,,18.47731072208568,54.42455367258094
,,grass,,18.476887869947895,54.424596969846306
,,meadow,,18.473166629653857,54.31726972849198
,,meadow,,18.467358101048344,54.314895755679586
,,,grassland,18.485957173040664,54.39118700130025
,,,grassland,18.48916705151605,54.39073737242335
,,,grassland,18.487637129653326,54.39016716837509
,,,wetland,18.477830176221097,54.38941254758152
,,forest,,18.473844746385023,54.32299846060913
,,forest,,18.474036814466814,54.32207815057945
,,grass,,18.578332391637502,54.386753511009665
,,grass,,18.58246394082958,54.386128383603065
,,meadow,,18.471135776149236,54.32519335453673
,,forest,,18.4742157488542,54.32586544138029
,,forest,,18.476790830988953,54.3241345733936
,,forest,,18.478344572412368,54.324725211162615
,,greenfield,grassland,18.474432843284767,54.399251834696884
,,greenfield,grassland,18.47389585973862,54.398363199833376
,,greenfield,grassland,18.472898043478338,54.398831358915764
,,,grassland,18.470775301690686,54.39198562387568
,,,grassland,18.471603658643794,54.39199034006731
,,greenfield,grassland,18.465884387397054,54.394944680751635
,,greenfield,grassland,18.469938872880988,54.392736325716506
,,greenfield,grassland,18.469221282579245,54.392591653460705
,,,grassland,18.467303212281035,54.393201205945665
,,,grassland,18.471675048967043,54.39407925261835
,,,grassland,18.471196845447622,54.39379835058733
,,meadow,,18.47049164120292,54.393179049787676
,,,grassland,18.468563468117395,54.3953549410487
,,,grassland,18.466929269529363,54.39608332494205
,,,grassland,18.469713328684396,54.394728557778194
,,greenfield,grassland,18.472541347505114,54.393135043304106
,,,grassland,18.47143041101179,54.39531695762372
,,greenfield,grassland,18.478235789399204,54.39768367218636
,,,grassland,18.479180899590567,54.39797099175423
,,grass,,18.484972081484027,54.39688216482737
,,grass,,18.47817782146495,54.39070524468727
,,grass,,18.491906075771603,54.38886357687634
,,greenfield,grassland,18.491700843950333,54.38827990873028
,,grass,,18.681797020005327,54.37286590273507
,,,scrub,18.53792752575598,54.34765643292815
,,,wood,18.54039726860866,54.347871753798415
,,,wood,18.54178851671435,54.35051503201676
,,,grassland,18.53809634332558,54.34886559920974
,,,grassland,18.539295798048954,54.348225954828884
,,greenfield,grassland,18.53939197310595,54.34945109256023
,,greenfield,grassland,18.538532855573955,54.34904579033771
,,greenfield,grassland,18.540229370790275,54.350000673738094
,,,scrub,18.574944902239753,54.331493725237614
,,,scrub,18.575211637790325,54.33151526865414
,,,scrub,18.575130833619838,54.331288064935244
,,,scrub,18.57534209453779,54.331338142170466
,,,scrub,18.575616353978422,54.331453814741685
,,,wood,18.577926581036547,54.33146384987731
,,,grassland,18.573620862827074,54.32955361502284
,,,wood,18.576443130425947,54.33002756623689
,,,wood,18.576778752943692,54.32988391617511
,,,wood,18.577177559117896,54.33079029379585
,,,wood,18.576117029085907,54.331014400290016
,,,scrub,18.576535540965214,54.33137277497952
,,,wood,18.577812419788717,54.33121703261134
,,,wood,18.578334179647477,54.33115477216938
,garden,,,18.533891482990477,54.34918148310823
,,,grassland,18.533759189997216,54.34664791431967
,,,grassland,18.531397162099235,54.34677648063215
,,,grassland,18.530783728336765,54.34685415865134
,,greenfield,grassland,18.536766836396872,54.344638559874774
,,,grassland,18.530039261605967,54.354538184414714
,,grass,,18.46464840415946,54.38336572738757
,,,grassland,18.46220995007605,54.42081927714789
,,,wood,18.511911480236808,54.364111633815895
,,grass,,18.512046911549483,54.36994507973621
,garden,,,18.520418753676527,54.37518265228873
,,grass,,18.59848937887345,54.404807905808525
,,grass,,18.590106754849696,54.40809278260793
,,grass,,18.54733083826115,54.36915344884379
,,grass,,18.54862744525189,54.36855681554898
,,,grassland,18.45980315661793,54.38612740241328
,,,grassland,18.46268974350813,54.38580565312571
,,,grassland,18.469529896878637,54.38665146142696
,,grass,,18.460466407248973,54.38584247429551
,,grass,,18.573585808785012,54.39951508307921
,garden,,,18.632448696448787,54.35409056344538
,,,wood,18.62998012104105,54.34656224715448
,,grass,,18.419499372041855,54.443707456107845
,,,wood,18.62827772699291,54.35946697563475
,,,grassland,18.625532090142425,54.36748162334105
,,greenfield,grassland,18.615599013615753,54.36553486877012
,,grass,,18.61474956402404,54.365629787274045
,,grass,,18.614168536602783,54.349264750753555
,,grass,,18.616108090067808,54.34911681941128
,,grass,,18.613044211168813,54.34920883073202
,,grass,,18.614347658382318,54.349132384140354
,,grass,,18.61618020993916,54.34902486061946
,,grass,,18.62376342372073,54.32568425437989
,,,grassland,18.618257268831567,54.32185559447327
,,,grassland,18.547251728851144,54.354078220373985
,,,grassland,18.546384896289013,54.35462587257109
,,,grassland,18.545092458504843,54.35408583461085
,garden,,,18.649560519673994,54.344066044136774
,,grass,,18.6045488532349,54.38095620848825
,,grass,,18.60466202606876,54.38117949357002
,,grass,,18.60090341697296,54.39602267685631
,,grass,,18.601557784386483,54.396072673149924
,,,grassland,18.60254093276075,54.396421319200826
,,grass,,18.5888459,54.40346534999999
,,grass,,18.580836819279003,54.37735457334351
,,grass,,18.651182533527447,54.34002670862158
,,grass,,18.65193349936753,54.34034299126116
,,grass,,18.56729653009125,54.393593037443225
,,industrial,grassland,18.617881790861627,54.40173181977571
,,industrial,grassland,18.621252386701457,54.39963045494678
,,grass,,18.60308216007013,54.401982910880434
,,grass,,18.603101204160215,54.401748840300854
,,grass,,18.60292115440533,54.401925014369276
,,grass,,18.581401906253674,54.394202471872426
,,grass,,18.581231323497956,54.394297247864685
,,grass,,18.580736709516145,54.39413659828339
,,grass,,18.582112233115804,54.393645648645155
,,greenfield,grassland,18.63666617391632,54.373529006837586
,,grass,,18.489792538171898,54.35430045754288
,,grass,,18.488245983548246,54.354379427108434
,,grass,,18.489962417829144,54.354841771688086
,,grass,,18.491252376796275,54.354035075767875
,,grass,,18.650777931624262,54.36090477594967
,,grass,,18.651434586526175,54.36233586254624
,,grass,,18.651689933245127,54.36186784282168
,,grass,,18.651972567050716,54.361695257552746
,,grass,,18.621429264197943,54.38350474427243
,,grass,,18.621310852809838,54.38349721217559
,,,wood,18.616257120131607,54.416579063546905
,,,wood,18.61389143692358,54.417568131492274
,,,wood,18.595441369061078,54.41998755001482
,garden,,,18.595664427330686,54.42248464081784
,,,wood,18.6194692784271,54.4152657994043
,,,grassland,18.592484885656276,54.4202906617686
,,grass,,18.489689658466588,54.43058974116447
,,,grassland,18.49029502597432,54.43132905444812
,,grass,,18.57233755052001,54.42088011919565
,garden,grass,,18.615992099756973,54.37773516898206
,,grass,,18.616012466738546,54.377783892694424
,,grass,,18.615792591226064,54.377498712755916
,,,grassland,18.58521325783113,54.35883450750476
,,grass,,18.4394791306827,54.44925214915352
,,grass,,18.44478124604878,54.45360333425069
,,,wood,18.67453221207791,54.40623587099507
,,,wood,18.688656313449776,54.39511822701454
,,greenfield,grassland,18.578255592895392,54.43653002173898
,,greenfield,grassland,18.577352967461554,54.43644517228025
,,greenfield,grassland,18.56379787139919,54.42736120395464
,,grass,,18.56360091414708,54.4288364940688
,,,wood,18.61251097991562,54.33319531739903
,garden,,,18.606422900000002,54.33468710000001
,,,wood,18.60958293845533,54.33857470831865
,,grass,,18.61198395389925,54.33724269930076
,,grass,,18.61228984500832,54.337201709659055
,,grass,,18.612628496724618,54.33714123689709
,,,wood,18.645914120696588,54.34214717933965
,,grass,,18.572765594190134,54.41888747635857
,,grass,,18.5725675434364,54.42027314826604
,,grass,,18.572588867173998,54.41820964006058
,,grass,,18.572300528069743,54.418283691701916
,,grass,,18.572468587960635,54.41907485805651
,,grass,,18.572528632815974,54.42008904681572
,,grass,,18.57223004874556,54.419180024846035
,,grass,,18.574685613286906,54.41779814221278
,,grass,,18.573140390678674,54.417029992196106
,,grass,,18.572790738337023,54.417167909901025
,,grass,,18.572217859691865,54.416867394087184
,,grass,,18.57236811053344,54.41660808294735
,,grass,,18.57211678374651,54.41793503348685
,,grass,,18.5718537901385,54.41804690623826
,,grass,,18.57221722673342,54.41758705541374
,,grass,,18.572111195124496,54.41772053337749
,,greenfield,grassland,18.58261547795604,54.43455201617269
,,,grassland,18.580365771376705,54.43409384362902
,,,wood,18.685984972512916,54.37221932349862
,,,wood,18.690048344182483,54.370129198232
,,,grassland,18.690884361689427,54.37053055819313
,,grass,,18.61440274991119,54.37232124163561
,,grass,,18.614834521100732,54.37224321927945
,,grass,,18.615552467459654,54.37212422018466
,,grass,,18.615787759982286,54.37207781241557
,,,wood,18.590829940550577,54.39045378662622
,,grass,,18.556804073968657,54.43432599605135
,,grass,,18.55881604071533,54.434504906818255
,,,wood,18.560814247429533,54.43509604137889
,,grass,,18.402769545851147,54.41744967102543
,,grass,,18.484013958151145,54.37981860860967
,,grass,,18.483153057032357,54.380318790026166
,,grass,,18.483382019502404,54.38041144175566
,,grass,,18.462930905144407,54.38319611347289
,,grass,,18.463597948569156,54.38311909985713
,,,wood,18.575898692917452,54.38721430005146
,,,grassland,18.595550219805887,54.39378218298165
,,greenfield,grassland,18.609772500597078,54.34344811767407
,,grass,,18.600277163039554,54.4047142529511
,,grass,,18.600680412413993,54.40478762917861
,,,wood,18.49054704941341,54.428859893193966
,garden,,,18.4701556907275,54.419884485854155
,,grass,,18.403670683687402,54.41611638993443
,,grass,,18.40183359362928,54.4159340847699
,,,grassland,18.642237939014667,54.324993389038
,,grass,,18.55944427521685,54.44860045482846
,,,grassland,18.636045511216388,54.372571978544805
,,,grassland,18.63545520480614,54.373082310206456
,,,grassland,18.635209087224517,54.37458036568087
,,,wood,18.63531815059197,54.374244338807216
,,,grassland,18.63789487526309,54.374538869163935
,,,grassland,18.62697204643232,54.29996389637903
,,,grassland,18.617753594634536,54.295262126656944
,,,grassland,18.6157751666707,54.29501668779908
,,,grassland,18.61282218315865,54.295017537165734
,,grass,,18.61105295351848,54.39108770240292
,,grass,,18.60371995739883,54.40601472072532
,garden,,,18.603829828620132,54.40588040274308
,garden,,,18.60376875,54.40579364999999
,garden,,,18.603742650853203,54.40589452071619
,,grass,,18.603012611968428,54.40573410823872
,,grass,,18.603385676697695,54.40596890945017
,,grass,,18.603071750090304,54.405919811387314
,,grass,,18.603085240121313,54.40589424364666
,,grass,,18.581519487861033,54.419949756596566
,,grass,,18.58185656955957,54.419921326897814
,,grass,,18.535176200123885,54.41704394800964
,park,,,18.612163737271334,54.3797760902573
,,grass,,18.58206539007614,54.30156461498105
,,grass,,18.58224454495629,54.30188583108186
,,grass,,18.581564119642096,54.302022957481256
,,grass,,18.58126411327116,54.30173443222507
,,grass,,18.581579814424376,54.301615765867126
,,grass,,18.581655041035912,54.301569747000514
,,grass,,18.581680673191407,54.30161421228156
,,grass,,18.581368495035413,54.3015904321424
,,grass,,18.580970654169825,54.301681641870516
,,grass,,18.581627022394144,54.30152903263492
,,grass,,18.581846808481902,54.30149557476382
,,grass,,18.582236033138287,54.3015259070913
,,grass,,18.582375529509907,54.301749867432434
,,grass,,18.581576340405284,54.30178095985744
,,grass,,18.581712327868086,54.30181318734082
,,grass,,18.582029151584344,54.30180584863568
,,grass,,18.581944466859166,54.30172112131477
,,grass,,18.581637658209658,54.30209918570595
,,grass,,18.580411313478336,54.302364165795524
,,grass,,18.579307064693868,54.30258940578241
,,grass,,18.583209734842022,54.3015569847942
,,grass,,18.582521910695277,54.30190071833222
,,grass,,18.581700530723538,54.301814372257766
,,grass,,18.581993786517636,54.301753435232236
,,grass,,18.578677521624208,54.30295981379988
,,grass,,18.582469926034843,54.30145459752824
,,grass,,18.582692308544296,54.301412988811286
,,grass,,18.582769997216456,54.301361105634
,,grass,,18.58271727755299,54.301146068280424
,,grass,,18.58296710801699,54.30134053995286
,,grass,,18.580900757836556,54.301578341278365
,,grass,,18.580710621158946,54.301606578179445
,,grass,,18.582063623995904,54.301315419873355
,,grass,,18.580871905229788,54.30092825987053
,,grass,,18.580806428661216,54.30124602727003
,,grass,,18.581096993080816,54.30145163209217
,,grass,,18.58181610752155,54.301285944045475
,,grass,,18.58127623772551,54.30114766062112
,,grass,,18.581291842071902,54.301307042638165
,,grass,,18.581100942935258,54.30116633860224
,,grass,,18.58143810140029,54.30105446513179
,,grass,,18.581485867223318,54.30090362123735
,,grass,,18.581603895652243,54.30106146842221
,,grass,,18.581862409577884,54.30099619869076
,,grass,,18.581614733442027,54.30079807897742
,,grass,,18.581531858351894,54.300733481115955
,,grass,,18.581130576159,54.30076949498156
,,grass,,18.58048930706662,54.30090220711212
,,grass,,18.58130212639007,54.30073338867305
,,grass,,18.581688428466972,54.30065501850664
,,grass,,18.58162707074846,54.300661033080665
,,grass,,18.58042531000711,54.3008021009118
,,grass,,18.58106851417166,54.30063519579605
,,grass,,18.58161529414677,54.300531365739594
,,grass,,18.58125637432736,54.30049322292674
,,grass,,18.580449445126348,54.300284998533805
,,grass,,18.58097627624008,54.29984292344781
,,grass,,18.581330710985405,54.300124274600876
,,grass,,18.58089038279463,54.30030589526684
,,grass,,18.58061256587144,54.30008036942344
,,grass,,18.58057084613917,54.3002718982247
,,grass,,18.580659504323865,54.300415860951674
,,grass,,18.580725105161616,54.30048997855639
,,grass,,18.58087855855754,54.299993609141
,,grass,,18.581067835150762,54.30017426473949
,,grass,,18.57913186191812,54.30023073845629
,,grass,,18.576620681023428,54.30110146318461
,,grass,,18.577423423409293,54.30173083038258
,,grass,,18.57904648892788,54.30197490525019
,,grass,,18.579219070132734,54.301934698493795
,,grass,,18.579945768427443,54.301744931018774
,,grass,,18.580359350866587,54.30165661280094
,,grass,,18.58232761555107,54.30120451691506
,,grass,,18.638719612283516,54.34895638374273
,,grass,,18.63776290741455,54.34893408910804
,,grass,,18.588937938604875,54.42424797650909
,,grass,,18.58848683506277,54.42484010104664
,,grass,,18.58972105,54.423491750000004
,,grass,,18.58971402660101,54.423603945451575
,,grass,,18.58971035,54.42371529999999
,,grass,,18.58970948301849,54.423801865458906
,,grass,,18.589727663021392,54.423870738168574
,,grass,,18.588389108331988,54.42456184416563
,,grass,,18.588293194565544,54.42454167899361
,,grass,,18.582216573929433,54.300937237176406
,,grass,,18.582076308963966,54.30071365140331
,,grass,,18.582000654924236,54.30059149948976
,,grass,,18.581861449567484,54.30036611243428
,,grass,,18.581856155690367,54.30010006347929
,,grass,,18.58156908132364,54.30002027738565
,,grass,,18.58149442100262,54.30004967589809
,,grass,,18.58197183115685,54.30083510452969
,,grass,,18.582016490889657,54.30090418452524
,,grass,,18.581435579039596,54.29993221526238
,,grass,,18.581909968174028,54.29982917492054
,,grass,,18.581326560512537,54.29978855151387
,,grass,,18.58181956926906,54.29968372670344
,,grass,,18.582081799688982,54.29974180761862
,,grass,,18.58196263854284,54.29964044149342
,,grass,,18.58247208168582,54.29969491781448
,,grass,,18.582151205865525,54.29988920891103
,,grass,,18.582858182471146,54.30041270525369
,,grass,,18.582565966257814,54.300445699489636
,garden,,,18.559309771473213,54.3742519975736
,garden,,,18.559256257701662,54.374172217358925
,,grass,,18.562972635827936,54.37695729230238
,,grass,,18.562950994994498,54.37692579705574
,,grass,,18.591123742122548,54.41232261309295
,,grass,,18.590673494919027,54.41225895456789
,,grass,,18.590908438674575,54.41227564888242
,,grass,,18.591168274743513,54.41240946538558
,,grass,,18.591652373590144,54.41251355618762
,,grass,,18.590217546111344,54.412310634636206
,,grass,,18.58977924681412,54.4122456207134
,,grass,,18.58946573516029,54.412189578348375
,,grass,,18.588683082372636,54.41206628357031
,,grass,,18.589092537235924,54.41213846772286
,,grass,,18.58891806454728,54.412076299127854
,,grass,,18.58965754364519,54.412115705801966
,,grass,,18.589415742531386,54.41209161284316
,,grass,,18.590210957169518,54.412169939577744
,,grass,,18.588994617040846,54.41229964285775
,,grass,,18.58868246568897,54.41224207402012
,,grass,,18.58888356348464,54.41235107955764
,,grass,,18.588769906936065,54.41233202403112
,,grass,,18.590940361292716,54.41273623326592
,,grass,,18.591064464063955,54.41275806068515
,,grass,,18.591182080023206,54.4127786302867
,,grass,,18.591299890792122,54.412799404104966
,,grass,,18.591418569408873,54.412820197054295
,,grass,,18.5915345084272,54.4128407666173
,,grass,,18.591649409845616,54.41286106410359
,,grass,,18.591763801738647,54.41288084602579
,,grass,,18.591881267990598,54.41290181717979
,,grass,,18.591766558390834,54.41247748496699
,,grass,,18.59370667758508,54.41278324076634
,,grass,,18.593574259280192,54.41277101354111
,,grass,,18.59401826789394,54.41282407087189
,,grass,,18.593811565697866,54.412780745327844
,,grass,,18.59328450498033,54.41271679130401
,,grass,,18.593009453091582,54.412681315412186
,,grass,,18.594659280505514,54.41298175892572
,,grass,,18.59515949928491,54.41309846042753
,,grass,,18.595414073415185,54.41312483497563
,,grass,,18.592520611709826,54.41301390685018
,,grass,,18.59389205002568,54.41295265970404
,,grass,,18.594272184664582,54.41298704376059
,,grass,,18.59454786847839,54.41308284180252
,,grass,,18.59530047811921,54.41321487249526
,,grass,,18.594915739091036,54.413154903912464
,,grass,,18.59591086248522,54.413173871856294
,,grass,,18.596080394624092,54.4131897607264
,,grass,,18.595652974103963,54.41327273857931
,,grass,,18.596101019850316,54.41333794105128
,,grass,,18.59654632299846,54.41342503078712
,,grass,,18.596720022005012,54.413266977339774
,,grass,,18.596827239135983,54.41329630377103
,,grass,,18.59699978881845,54.413341465047175
,,grass,,18.596978946653845,54.41297604897162
,,grass,,18.59670620118087,54.4129017259344
,,grass,,18.595821363124227,54.41278147138637
,,grass,,18.594974760531006,54.41268086293515
,,grass,,18.594225645401856,54.4123202031223
,,grass,,18.594297685543644,54.412511901716634
,,,wood,18.567142654321234,54.35860480595706
,,,grassland,18.567771696726638,54.359065907897616
,,,grassland,18.567360309696166,54.35863525402644
,,,grassland,18.569665397198257,54.36099785118108
,,greenfield,grassland,18.57100427118344,54.36402220192043
,,grass,,18.560106901714207,54.34311822708513
,,grass,,18.56198825675807,54.34425387133063
,,,grassland,18.57135631324468,54.36043557462746
,,,grassland,18.570308130050645,54.35399836282318
,,,grassland,18.56951877700212,54.352973531408296
,,,grassland,18.571696034716165,54.35268115012729
,,grass,,18.57002703559896,54.357296342120826
,,greenfield,wood,18.56928287086634,54.358057409605074
,,grass,,18.59867202294683,54.41070561671419
,,grass,,18.594791515297352,54.410131265136
,,grass,,18.59472018186151,54.41026973908488
,,grass,,18.594694444764066,54.41035083241735
,,grass,,18.59464887465029,54.41043186980237
,,grass,,18.59455739581716,54.41065742694229
,,grass,,18.594772643369442,54.41045884173988
,,grass,,18.594904414510466,54.410206279924495
,,grass,,18.594969345053855,54.40996416316579
,,grass,,18.59548091611453,54.410004679729134
,,grass,,18.59578048081008,54.41007169473356
,,grass,,18.59541081764115,54.41010306165929
,,grass,,18.596344470118325,54.410252163053926
,,grass,,18.596113734239623,54.4102429118346
,,grass,,18.596464843326668,54.410522058052
,,grass,,18.596702693438523,54.41068301028404
,,grass,,18.596522020414334,54.410287743739886
,,grass,,18.595586013945137,54.410323414315776
,,grass,,18.59539288220759,54.4102958943459
,,grass,,18.595200843012346,54.41026983601136
,,grass,,18.595135049531827,54.410345916319415
,,grass,,18.595104435385043,54.41045537595464
,,grass,,18.595198172454044,54.410737480810425
,,grass,,18.595207908741582,54.41087156469673
,,grass,,18.59502235759289,54.410604327160755
,,grass,,18.594920473402663,54.41074203838828
,,grass,,18.597763873067798,54.411571232750894
,,grass,,18.59753042207081,54.411545972954116
,,grass,,18.59729981542192,54.41152138592636
,,grass,,18.59706996395604,54.41149691960229
,,grass,,18.59683724371818,54.41147268087403
,,grass,,18.596603372774354,54.411447216162784
,,grass,,18.596369978789433,54.411422417632565
,,grass,,18.597826126862866,54.41132904699126
,,grass,,18.595393856333704,54.4104579308434
,,grass,,18.59607438715123,54.41096487561155
,,grass,,18.595950548516722,54.410912510764746
,,grass,,18.595871804791962,54.410487222673495
,,grass,,18.595102416427434,54.410707066866706
,,grass,,18.595076467166454,54.41088027504311
,,grass,,18.595316637305146,54.411029713632615
,,grass,,18.596249909898845,54.41111362108013
,,grass,,18.597994928595117,54.41159522325747
,,grass,,18.598232356031662,54.41162648839453
,,grass,,18.596139814824806,54.41139788297111
,,grass,,18.595907288111334,54.41137313098498
,,grass,,18.597058963836645,54.411339315505366
,,grass,,18.593337111593332,54.41095397807278
,,grass,,18.594432455645094,54.41111204361752
,,grass,,18.595214420513592,54.411195990167194
,,grass,,18.59830895,54.4117698
,,grass,,18.598431979133377,54.41182324577195
,,grass,,18.5982637,54.41221485
,,grass,,18.598262014292278,54.41200031304155
,,grass,,18.5979421,54.41209234999999
,,grass,,18.597365308566985,54.411953202373034
,,grass,,18.597135894781804,54.411922845715445
,,grass,,18.59690512217553,54.41189252538731
,,grass,,18.596675667040568,54.41186191383913
,,grass,,18.59644457873122,54.41183154843039
,,grass,,18.596214993925585,54.41180123359552
,,grass,,18.5959839330286,54.411770127577086
,,grass,,18.595754755822355,54.41173961217334
,,grass,,18.595523523683262,54.411709436629636
,,grass,,18.59529681695371,54.41167866733302
,,grass,,18.595066506143333,54.411648486625964
,,grass,,18.596628550639288,54.41166151986411
,,grass,,18.595561733566793,54.41210246443779
,,grass,,18.595789508091155,54.41213906232722
,,grass,,18.596016883990057,54.41217596941721
,,grass,,18.596245782106575,54.4122126685323
,,grass,,18.596474080508308,54.41224958487192
,,grass,,18.5967004091856,54.41228565611008
,,grass,,18.596928776246504,54.41232286277777
,,grass,,18.597156628210357,54.41235917874702
,,grass,,18.597392180372854,54.41240785212546
,,grass,,18.59759939437004,54.412461833659485
,,grass,,18.597820347511334,54.412500417876345
,,grass,,18.596809485016006,54.412108185675386
,,grass,,18.59550537835082,54.41179554670682
,,grass,,18.5951054243088,54.411742554119634
,,grass,,18.594770667537766,54.41188198837141
,,grass,,18.594978169426565,54.41201635205698
,,grass,,18.594544846145244,54.41209251690902
,,grass,,18.5953066,54.4121642
,,grass,,18.596080728649667,54.41240772530608
,,grass,,18.59464640706877,54.412327670234966
,,grass,,18.594869877668273,54.412370477310596
,,grass,,18.595094239543485,54.41241243322972
,,grass,,18.595320687726577,54.41245541190325
,,grass,,18.59554517875613,54.412497163167025
,,grass,,18.59576954953477,54.41253974017545
,,grass,,18.595993856319026,54.41258155907883
,,grass,,18.59621839414561,54.41262457066424
,,grass,,18.596443601148778,54.41266662336588
,,grass,,18.596667961425833,54.41270891834349
,,grass,,18.596894488422485,54.41275156099835
,,grass,,18.607361803436802,54.34812037706745
,,greenfield,grassland,18.612376826225816,54.348088429451536
,,,wood,18.61516618768178,54.34700724901126
,,grass,,18.613818132286763,54.34785151838348
,,grass,,18.637395449658957,54.3498962210097
,,,wood,18.624137164355233,54.34701314772497
,,grass,,18.625216036677195,54.34571112763461
,,grass,,18.620370739617087,54.345429874448804
,,,grassland,18.624606136094332,54.347583101205345
,,grass,,18.573005166666665,54.355437800000004
,,,grassland,18.57342591863766,54.35483031464839
,,grass,,18.592082578008338,54.413820139545045
,,grass,,18.60242667644215,54.41120675281125
,,grass,,18.602986159360697,54.411476431938866
,,grass,,18.602922050140393,54.411845911619615
,,grass,,18.6021293676253,54.41174676471407
,,grass,,18.601123100630762,54.412406613609114
,,grass,,18.600895302930944,54.412374073955874
,,grass,,18.60066626335927,54.41234087805424
,,grass,,18.600435961029902,54.41230802515928
,,grass,,18.60020509285886,54.41227464389164
,,grass,,18.599976517073703,54.412241233915914
,,grass,,18.59974966273349,54.41220837425559
,,grass,,18.599519314553227,54.41217499297401
,,grass,,18.599289702489198,54.41214183238521
,,grass,,18.599062416245186,54.41210927659224
,,grass,,18.598825559004737,54.412078736309155
,,grass,,18.597281111995496,54.41505102115094
,garden,,,18.599094878983337,54.411328007137236
,garden,,,18.59926460293544,54.411082790835444
,garden,,,18.59923464368518,54.411137551761506
,garden,,,18.59918737456832,54.41119421523649
,garden,,,18.599153754690725,54.41125034641744
,,grass,,18.59740564997945,54.41480430843625
,,grass,,18.60231989289675,54.41254014232746
,,grass,,18.60009116702639,54.41209557886541
,,grass,,18.60152971671459,54.412920925532035
,,grass,,18.601303815138877,54.412882575548956
,,grass,,18.60107646431282,54.412843881304795
,,grass,,18.60084930918733,54.412804903541954
,,grass,,18.60062319880233,54.41276628942798
,,grass,,18.600397975919947,54.41272817922669
,,grass,,18.60016946248276,54.41268939215872
,,grass,,18.599942948552844,54.41265080982829
,,grass,,18.599715983719438,54.41261222663258
,,grass,,18.599489175076712,54.41257359004877
,,grass,,18.599264255125064,54.41253486414218
,,grass,,18.602015524091723,54.412803409767506
,,grass,,18.601911966666666,54.41276636666665
,,grass,,18.59602,54.41226815
,,grass,,18.596092770770333,54.412279804347925
,,grass,,18.600542269438215,54.41254051403568
,,grass,,18.599765838094363,54.41337853011589
,,grass,,18.598641402239846,54.413414566689696
,,grass,,18.60206519772663,54.41290146477368
,,grass,,18.60204488751534,54.41264597044407
,,grass,,18.60155686727408,54.412521301243295
,,grass,,18.60181485,54.4125661
,,grass,,18.60183776391868,54.412523029737116
,,grass,,18.601859370237662,54.412479553362694
,,grass,,18.60190395,54.41239515
,,grass,,18.601881350000003,54.41243515
,,grass,,18.60168357040255,54.412321554180636
,,grass,,18.602176670367797,54.41239410415937
,,grass,,18.601978629597454,54.41236744581937
,,grass,,18.601866029597453,54.41235344581937
,,grass,,18.601846370367802,54.41261370415937
,,grass,,18.60173602000744,54.41259490406998
,,grass,,18.599014716578292,54.41233285096615
,,grass,,18.600520251910652,54.41319178086192
,,grass,,18.600297088688375,54.41314714368608
,,grass,,18.60007320227703,54.41310194537818
,,grass,,18.59985045384372,54.413057591195354
,,grass,,18.599629480511098,54.41301296475779
,,grass,,18.599405857700216,54.412967847429954
,,grass,,18.599181770632555,54.41292270006821
,,grass,,18.59895783418127,54.41287800758665
,,grass,,18.59873485757053,54.412833062148536
,,grass,,18.60125149516016,54.41325274176808
,,grass,,18.60115507910353,54.413146443538345
,,grass,,18.601622713831016,54.41320484374324
,,grass,,18.601299619165186,54.412990988901086
,,grass,,18.599916328690483,54.41285990017563
,,grass,,18.600745770307675,54.41323700744017
,,grass,,18.598511518513845,54.41278872227517
,,grass,,18.600923061051834,54.41365187108167
,,grass,,18.600968815890297,54.413531517278024
,,grass,,18.601279327388834,54.41343129126276
,,grass,,18.60079739773213,54.41332651853989
,,grass,,18.600429296720716,54.41325546080172
,,grass,,18.599990222367122,54.413167346783304
,,grass,,18.59939415920093,54.41308633116727
,,grass,,18.59987456037636,54.41418273629695
,,grass,,18.600303712438336,54.41401564773519
,,grass,,18.600152479460725,54.41403789639723
,,grass,,18.6001679997211,54.41399558264421
,,grass,,18.600336017373063,54.4140702798455
,,grass,,18.60016934050873,54.41412071406858
,,grass,,18.598794675201173,54.413001414818496
,,grass,,18.59833760025699,54.412890891682856
,,grass,,18.598126870728287,54.4130730151096
,,grass,,18.598879965398513,54.41221552832624
,,grass,,18.598670090107273,54.41218147351967
,,grass,,18.59851595,54.41233899999999
,,grass,,18.59852903480954,54.4124949210016
,,grass,,18.59875595,54.41249409999999
,,,wood,18.587908677026434,54.36021193159736
,,grass,,18.434050496032558,54.34759060289509
,,,wood,18.573626783245192,54.36264254157422
,,,wood,18.57253499510508,54.36265138622249
,,,grassland,18.572513536157604,54.36066090544688
,,,wood,18.571795483391764,54.36108196160981
,,,grassland,18.57195165719949,54.36083757545807
,,,wood,18.572336067606777,54.36133653885153
,,,grassland,18.57187453925257,54.36183496999851
,,grass,,18.571547373951766,54.362138235947434
,,,grassland,18.573217437880817,54.36347908365419
,,grass,,18.572879995121685,54.36378629597399
,,,grassland,18.574461542783,54.362418236637396
,,,grassland,18.572634273556787,54.358074130755305
,,,grassland,18.572722995019866,54.35921681830398
,,forest,,18.4484650729829,54.343261842576446
,,,grassland,18.44158939240874,54.33777870130546
,,,wood,18.441341553116207,54.33965132174872
,park,,,18.61784000242306,54.369518779997904
,,grass,,18.59653032984131,54.40953740542932
,,grass,,18.59629911254122,54.409529383831384
,,grass,,18.59559341658814,54.40941392738455
,,grass,,18.59535841437581,54.40950790758051
,,grass,,18.595352115458,54.40973797841108
,,grass,,18.59586011208147,54.40946414579118
,,grass,,18.596569222088768,54.40991698377669
,,grass,,18.596731367308127,54.40975888000891
,,grass,,18.59696519094047,54.40961190955345
,,grass,,18.595362691690138,54.40981468891842
,,grass,,18.595112985751964,54.40961910278238
,,grass,,18.59518013671659,54.40945490011597
,,grass,,18.595967965444082,54.40989982296627
,,grass,,18.598588173733045,54.41005938465414
,,grass,,18.598550414565423,54.41021249047327
,,grass,,18.598456213415172,54.40988082160749
,,grass,,18.597247563060098,54.40966383506277
,,grass,,18.597449688168698,54.409746067162644
,,grass,,18.603854325356796,54.41048815598245
,,grass,,18.602670822730552,54.41049693676825
,,grass,,18.602132064939795,54.410759707119524
,,grass,,18.60237493567449,54.41083487563749
,,grass,,18.599346701519174,54.411652285565495
,,grass,,18.600049639040336,54.41175462326731
,,grass,,18.59919153031375,54.41181947038859
,,grass,,18.59684012811086,54.409968142698155
,,grass,,18.596278620337838,54.40999205779076
,,grass,,18.597166971774165,54.4098956043883
,,grass,,18.59675917049558,54.41006555839319
,,grass,,18.597161889214455,54.4101253299288
,,grass,,18.59764347973498,54.41080792723027
,,grass,,18.598682555204437,54.411099489028885
,,grass,,18.598892587118634,54.411165160362394
,,grass,,18.599096052304212,54.41073122686707
,,grass,,18.593839788066585,54.4122843534222
,,grass,,18.59333778949109,54.41197422520461
,,grass,,18.594209910728562,54.41140858064359
,,grass,,18.593900915478006,54.41156878871358
,,grass,,18.593134113626338,54.411700514347885
,,grass,,18.597509978173978,54.41355449884304
,,grass,,18.59681905339835,54.41351642259091
,,grass,,18.593334497434036,54.412815027178446
,,grass,,18.593634052637462,54.411742488589326
,,grass,,18.59333713642014,54.41171121924954
,,grass,,18.5936893177845,54.41140515123543
,,grass,,18.593454361014423,54.41122965518141
,,grass,,18.59338671784513,54.411825198701735
,,grass,,18.60263078819851,54.41072082391659
,,grass,,18.60317669853011,54.411095829421015
,,grass,,18.60252852446609,54.41083402536564
,,grass,,18.60252431630665,54.41100449227996
,,grass,,18.601708198794494,54.41138236903921
,,grass,,18.60194060797949,54.41141929500289
,,grass,,18.60160768629552,54.411209838194154
,,grass,,18.60133126612206,54.4113158553422
,,grass,,18.60197165,54.40992010000001
,,grass,,18.599150906483587,54.410080858452595
,,grass,,18.598873183344452,54.410271393628115
,,grass,,18.59935600723215,54.41032055331545
,,grass,,18.60286595183856,54.411164756487345
,,grass,,18.598038696686235,54.41026127068036
,,grass,,18.597819670903736,54.40976194411794
,,grass,,18.59590516701313,54.40942587231437
,,grass,,18.59547342134005,54.40934838423998
,,grass,,18.60141905841057,54.41091971372909
,,grass,,18.601793703862963,54.41091214300345
,,grass,,18.60134435223365,54.41050062266374
,,grass,,18.60121436882788,54.41081307817336
,,grass,,18.601739854574053,54.41016231664873
,,grass,,18.601490055982847,54.410363573316396
,,grass,,18.59959954777374,54.4105146615745
,,grass,,18.59939822405724,54.410647823740135
,,grass,,18.599143126733328,54.410968553349534
,,grass,,18.59887045100125,54.41134798073437
,,grass,,18.599103894910673,54.41142186590737
,,grass,,18.598882050276284,54.41144192205457
,,grass,,18.598681512114357,54.41159631152138
,,grass,,18.59903735,54.41164025
,,grass,,18.59914456152877,54.41157259837421
,,grass,,18.599001801152358,54.41170208290638
,,grass,,18.59887279155375,54.4116804428167
,,grass,,18.5989577054148,54.41179854141613
,,grass,,18.60037222188367,54.41111360228751
,,grass,,18.60000238533993,54.41104945635945
,,grass,,18.599718427066907,54.41102306711985
,,grass,,18.5997150261447,54.411084672638204
,,grass,,18.5995293162273,54.411062818681124
,,grass,,18.59943254025508,54.41104295604162
,,grass,,18.59916069399766,54.411169562968006
,,grass,,18.599463447661936,54.41079469074599
,,grass,,18.599598615768194,54.41072043536955
,,grass,,18.601415864701675,54.41057864423402
,,grass,,18.601321468984302,54.41082521349833
,,grass,,18.60132223747048,54.410902961669514
,,grass,,18.600640217155185,54.41067066521758
,,grass,,18.600611330756117,54.41072852981446
,,grass,,18.600488593545254,54.410777136685354
,,grass,,18.60058326902419,54.41079131957749
,,grass,,18.60087045138509,54.41082970550307
,,grass,,18.599757112532654,54.41088634881601
,,grass,,18.600687058337826,54.41094152885271
,,grass,,18.60086067196046,54.410981176359314
,,grass,,18.59997170359555,54.41124968866266
,,grass,,18.600410252203485,54.41121282963982
,,grass,,18.60097492792584,54.411316964200815
,,grass,,18.600783193218284,54.411267198286055
,,grass,,18.600562362637902,54.41128193410726
,,grass,,18.600827449777093,54.411581718591506
,,grass,,18.601074375581934,54.411142923077875
,,grass,,18.601101644781952,54.4110382410289
,,grass,,18.6009850642758,54.41103873980453
,,grass,,18.600532273594496,54.411018296397785
,,grass,,18.60151777579797,54.4110815317458
,,grass,,18.60196603338254,54.411388449436096
,,grass,,18.601829272491397,54.412174622286514
,,grass,,18.610267013234175,54.40729231848966
,,grass,,18.61039982694302,54.4071778366206
,,grass,,18.610572233333336,54.40712136666667
,,grass,,18.61049650390249,54.40722823514461
,,grass,,18.61035395601842,54.407326813458994
,,grass,,18.61091063158096,54.40748341643183
,,grass,,18.61070551329566,54.40804977104293
,,grass,,18.610893056762638,54.408065822029734
,,grass,,18.610947073784782,54.407958678110376
,,grass,,18.6112359081975,54.40788634070397
,,grass,,18.61145947723676,54.40783136858969
,,grass,,18.611653433333334,54.407786
,,grass,,18.61160645197423,54.407754530250514
,,grass,,18.611512588582,54.40777748026049
,,grass,,18.61081309716936,54.40790402956504
,,grass,,18.61110886703831,54.407970169975926
,,grass,,18.611053064954103,54.4078826958815
,,grass,,18.610598120005477,54.40785168384857
,,grass,,18.61039539948967,54.40782385597024
,,grass,,18.610124921341665,54.40771477876226
,,grass,,18.61003521414215,54.40768156066146
,,grass,,18.609955881164854,54.407654088180294
,,grass,,18.609930668116107,54.407589184141905
,,grass,,18.610624280020254,54.40740998470203
,,grass,,18.61120769283041,54.40701160467075
,,grass,,18.61139903359317,54.407223300527995
,,grass,,18.612983511804895,54.40657520105403
,,grass,,18.61295614405847,54.4065226202824
,,grass,,18.61315245605056,54.406535855057
,,grass,,18.613261691403896,54.40650364201812
,,grass,,18.64829039249594,54.35463400281465
,,grass,,18.65030638412087,54.355025012726124
,,grass,,18.65019019586916,54.355142758540325
,,grass,,18.6500819,54.3552579
,,grass,,18.650395214160337,54.356358477261665
,,grass,,18.650199018659542,54.356278458952694
,,,wood,18.615849539679186,54.369528021863886
,,greenfield,grassland,18.58883910277779,54.34610446326242
,,,wood,18.589025710673788,54.346417393482525
,,,grassland,18.587112434884112,54.3468935947833
,,,wood,18.58732473175756,54.34703490797848
,,grass,,18.593178998850824,54.34341057518734
,,grass,,18.595966939954845,54.34372508330472
,,,grassland,18.58749708037885,54.344558610045276
,,greenfield,grassland,18.588012343918976,54.34293099271518
,,,grassland,18.58756932876105,54.34379595718538
,,greenfield,grassland,18.587074752702755,54.343431266801495
,,greenfield,grassland,18.58672195539616,54.343725583510995
,,,grassland,18.586711807047838,54.34326422487643
,,,grassland,18.588332145212735,54.34385600831259
,,grass,,18.583008442352394,54.34629353767507
,,grass,,18.583319857711096,54.34632545701434
,,,grassland,18.58186242709603,54.34572474517128
,,,grassland,18.581651384811334,54.34781158025471
,,grass,,18.600776342094818,54.3410299357153
,,,wood,18.599819729947438,54.342401175704545
,,,grassland,18.600983964508167,54.3420407729181
,,,grassland,18.601739233278412,54.346107525251306
,,,grassland,18.602495396669504,54.34605226414914
,,,wood,18.600641365108263,54.34414117591667
,,,grassland,18.597962549138582,54.34533083068544
,,grass,,18.595876026365655,54.34556672327667
,,grass,,18.596489023722686,54.34563168003873
,,,grassland,18.595870125784945,54.34517872754763
,,grass,,18.597193810704116,54.34500958938221
,,,grassland,18.59414764581655,54.34540794063933
,,grass,,18.5923769629459,54.342307992112545
,,,grassland,18.592680925798803,54.35068370293832
,,grass,,18.59049258058658,54.34899727997552
,,,wood,18.590852713965717,54.342411042319796
,,,grassland,18.59174399286997,54.34295780412926
,,grass,,18.669989437404848,54.34702072121912
,,grass,,18.669636980134893,54.3472209151686
,,grass,,18.669945649787604,54.347611600644484
,,grass,,18.67211825555037,54.34702513835982
,,grass,,18.669723767916288,54.34765379794256
,,grass,,18.669963666666668,54.34803576666667
,,forest,,18.404017360007494,54.421974746484615
,,,grassland,18.658047243002105,54.404834393350846
,,,grassland,18.66637199220937,54.40354656668562
,,,grassland,18.66570728498967,54.40331520616811
,,,grassland,18.667311477226995,54.40300253467072
,,,grassland,18.66661035379392,54.40350239596419
,,,grassland,18.668002900634924,54.40309576353626
,,,wood,18.666687282043743,54.40288631756416
,,,wood,18.665654275206155,54.40284895239323
,,,wood,18.66493740915903,54.403161630926654
,,grass,,18.61082222801381,54.403297164825396
,,grass,,18.610739128412586,54.402960286943504
,,grass,,18.611808316043437,54.398321385633515
,,grass,,18.611576210811197,54.398098632000355
,,grass,,18.612287975312515,54.395907904658976
,,grass,,18.609801816167444,54.40169391767916
,,grass,,18.61310845726445,54.40648020784529
,,,grassland,18.601967519848003,54.37762820869354
,,,grassland,18.601826203904032,54.378143842781235
,,grass,,18.59457394962217,54.41099714038623
,,grass,,18.595140918615908,54.33222720800814
,,grass,,18.595591796274725,54.332468887106
,,grass,,18.595725075522243,54.332945440069004
,,grass,,18.59507243458551,54.333229695087304
,,grass,,18.596155755073546,54.33463276594504
,,grass,,18.594808677798024,54.33284811257051
,,grass,,18.594165160105952,54.33274903500647
,,,grassland,18.710744096441985,54.345455377288545
,,,grassland,18.716335928909007,54.33649075674485
,,grass,,18.631191686702106,54.40260657181588
,,grass,,18.584065664163827,54.3359596210031
,,,grassland,18.57809172727,54.33634289408854
,,,grassland,18.5735050262212,54.33717630716772
Skwer Profesora Jerzego Sampa,,grass,,18.631094729703452,54.32318337506726
,,,grassland,18.454873323062387,54.387138262281844
,,,wood,18.454880916474544,54.38729097359146
,,,wood,18.454489762379588,54.386703607966716
,,,wood,18.457088322342898,54.385593437564786
,,grass,,18.636298616473894,54.386247950755745
,,grass,,18.6364333700509,54.38602287120235
,,grass,,18.63616275025032,54.38584183618737
,,grass,,18.63622865451193,54.38603981044715
,,grass,,18.636011059613136,54.38591987658887
,,grass,,18.635757490855887,54.38555973390611
,,grass,,18.629544735851564,54.38565432483161
,,grass,,18.613636531944568,54.37266012540217
,,grass,,18.614090081494957,54.37330674416007
,,grass,,18.62275196642273,54.37127522205799
,,grass,,18.622948074758753,54.37113017248273
,,grass,,18.622428334954268,54.37071380530068
,,grass,,18.658349637713783,54.34555574229008
,,grass,,18.657259637278067,54.345793450767694
,,,grassland,18.64177355066914,54.34759113367241
,,grass,,18.634251716548857,54.39684928952968
,,,grassland,18.613452438627423,54.370288584542266
,,grass,,18.614063556140508,54.370965930430806
,,grass,,18.61348106205326,54.372131346603794
,,grass,,18.61334291375242,54.37195216315196
,,grass,,18.614407200757615,54.37347811728805
,,grass,,18.64705610034624,54.38971984358434
,,grass,,18.64582375767088,54.38996504197389
,,grass,,18.643667119176428,54.3907952663788
,,grass,,18.64104269380524,54.39334934904102
,,grass,,18.64125421688093,54.3928299703628
,,grass,,18.64024648600602,54.39329858787498
,,grass,,18.64052161997615,54.39225778067155
,,grass,,18.63955129547463,54.39257684184361
,,grass,,18.639822154683394,54.39284055322401
,,grass,,18.642414302987127,54.391808298834825
,,grass,,18.639300315957723,54.3924377634846
,,grass,,18.640565596710072,54.391769703499534
,,grass,,18.64021269209892,54.393461592962225
,park,,,18.70860185738295,54.36015860596765
,,,grassland,18.711743743676895,54.35785246117381
,,,wood,18.712984503022472,54.36153482222882
,,grass,,18.681547673168858,54.35638688606244
,,grass,,18.68369489761007,54.35679144429908
,,grass,,18.565955525779067,54.41401652530731
,,grass,,18.56621933625681,54.41423706443892
,,grass,,18.56627446075886,54.4141116994979
,,grass,,18.572037500218393,54.41575312148047
,,grass,,18.572368488755547,54.41632889823769
,,grass,,18.580648825996683,54.419059179550295
,,grass,,18.58085592118356,54.41906319031432
,,grass,,18.578402386584585,54.41828373166712
,,grass,,18.578164973051194,54.41816007969711
,,grass,,18.577890763145437,54.41810701678599
,,grass,,18.582655182790724,54.41957147785649
,,grass,,18.582606913004483,54.41967614340803
,,grass,,18.575782573755102,54.41725815626566
,,grass,,18.574670602721117,54.41694710499605
,,grass,,18.573104928191583,54.41660616721763
,,grass,,18.573307681896555,54.416426198465714
,,grass,,18.57342962984167,54.41619589130633
,,grass,,18.573027086750127,54.41595132261375
,,grass,,18.573060546119144,54.41608140224348
,,grass,,18.572811415654783,54.416500656917094
,,grass,,18.572529544164706,54.41640151231441
,,grass,,18.57252556907604,54.41647823284844
,,grass,,18.57262595359164,54.41671365134559
,,,wood,18.727231253555885,54.36096075065915
,,,wood,18.724079645095156,54.360817243690626
,,,wood,18.721261931643145,54.360965373003154
,,,wood,18.719992301701676,54.361413292590385
,,,grassland,18.733375964330666,54.36037385582659
,,,grassland,18.73573713038899,54.36021470847376
,,,grassland,18.738301550174103,54.360362407693565
,,,grassland,18.73917831069414,54.36073047042926
,,,wood,18.741044273375188,54.35984295057867
,,,grassland,18.741791545619865,54.36000599443232
,,,wood,18.743182585286323,54.360269394457546
,,,grassland,18.744418155011363,54.359791691079536
,,,wood,18.720569385769025,54.35922038059674
,,,grassland,18.733321791148107,54.35978862502093
,,,wood,18.734426292596613,54.359721595182144
,,,grassland,18.734134064957807,54.35920443785796
,,,grassland,18.738686143333968,54.35600281915771
,,,grassland,18.74382671346662,54.35750559896943
,,,grassland,18.746701576630876,54.357443025954474
,,grass,,18.747035930129993,54.35858100385201
,,,grassland,18.740888759547232,54.35950099890563
,,,grassland,18.715669081897783,54.35738735319283
,,,grassland,18.71613741179047,54.3583406463354
,,,grassland,18.720581582890336,54.35825284373128
,,,grassland,18.72016248767255,54.35758927360694
,,,wood,18.717591106576517,54.35943310666305
,,,grassland,18.717089540952653,54.35946964338335
,,grass,,18.614520298484194,54.407324686557274
,,grass,,18.6132350326748,54.40765052632874
,,grass,,18.609589164013652,54.40858991287571
,,grass,,18.60915530658669,54.408769596306534
,,grass,,18.60954826724671,54.40849766237289
,,grass,,18.601535431520624,54.392978393963105
,,,grassland,18.601567745714785,54.38594066614888
,,,wood,18.627997438381332,54.357513528810955
,,greenfield,grassland,18.627657362839006,54.35675001205018
,,grass,,18.571020721772634,54.3554814722156
,,,wood,18.570745089522827,54.35683085012748
,,,grassland,18.570965176936834,54.356546659310865
,,,wood,18.571735048198775,54.356163887663364
,,,wood,18.57243577586632,54.3552248133632
,,grass,,18.57790080057635,54.355934967500644
,,,grassland,18.61489540784228,54.392352385186456
,,grass,,18.57045355278275,54.39928473084353
,,grass,,18.570629636806018,54.3991192150691
,,grass,,18.571253913195306,54.39855960876857
,,grass,,18.570882747702928,54.398923637375056
,,grass,,18.597354976228612,54.37882066851511
,,,grassland,18.642777240077734,54.394804591314475
,,,grassland,18.415041257162308,54.44225822575036
,,,wood,18.413187634737813,54.44227748142968
,,grass,,18.508671113435803,54.37410243035697
,,grass,,18.507627955005933,54.37416570342648
,,grass,,18.50945048912995,54.374944525581746
,,grass,,18.508243393502998,54.374140017378764
,,grass,,18.50753603999072,54.374097239994846
,,grass,,18.508376436912933,54.37527503682453
,,grass,,18.50936811572694,54.375531999043346
,,grass,,18.50771820454083,54.37469261583219
,,grass,,18.50785186527832,54.37485723611523
,,grass,,18.508093877428983,54.37477641985873
,,grass,,18.508487582657846,54.37443160540516
,,grass,,18.50839471258497,54.374763820355064
,,grass,,18.508231662789882,54.374618085797636
,,grass,,18.508090834632085,54.37499874458539
,,grass,,18.56371315698799,54.433199847371704
,,grass,,18.56371586759277,54.43330654068123
,,grass,,18.563494214846997,54.43330134007472
,,grass,,18.564084951822554,54.43287598998489
,,grass,,18.56362725521159,54.432994840634514
,,grass,,18.563850636756914,54.432685851754094
,,grass,,18.56409716034305,54.43241126157319
,,grass,,18.56391647878784,54.43245676707287
,,grass,,18.56380907159872,54.433399541570466
,,grass,,18.56370562499569,54.433473273761
,,,grassland,18.60284123616698,54.30662834786307
,,,wood,18.633461580531453,54.36088245456537
,,grass,,18.593609669426044,54.37915803039097
,,grass,,18.59860706089553,54.37863731193873
,,grass,,18.59889066154342,54.37860270587138
,,,wood,18.588136001137777,54.31136784869176
,,,grassland,18.586711375591367,54.313193069299594
,,greenfield,grassland,18.458542192909768,54.44023739177154
,,,grassland,18.557458072105614,54.32780256970805
,,greenfield,grassland,18.55625072788365,54.327822470605525
,,,grassland,18.554036013632345,54.32687301308908
,,greenfield,grassland,18.553751492314728,54.327252375056226
,,greenfield,grassland,18.553064094137564,54.32780102715135
,,,grassland,18.558639241290642,54.32596533620507
,,greenfield,grassland,18.556692798306273,54.326243560749404
,,,grassland,18.55235096825082,54.32683422060511
,,,grassland,18.55083266655142,54.32669677088482
,,,grassland,18.55055464101225,54.32630002535089
,,grass,,18.598035116791056,54.38249461946335
,,grass,,18.5977361,54.38205789999999
,,grass,,18.597400586479697,54.38208884005972
,,grass,,18.60140274838451,54.385045289026465
,,grass,,18.602166710646138,54.385625845966366
,,grass,,18.590765085996377,54.38026352000861
,garden,,,18.589417677603084,54.379661782669444
,,grass,,18.59730074536686,54.40475600027335
,,grass,,18.597165058557884,54.404730118592745
,,grass,,18.59690136087948,54.40470773702436
,,grass,,18.596243573730916,54.404589208216656
,,grass,,18.595488159182878,54.40444493925475
,,grass,,18.59487779742051,54.40432979991452
,,grass,,18.59438612690617,54.404214708475244
,,grass,,18.593961197092575,54.40411922434027
,,grass,,18.593678598541093,54.40409515508237
,,grass,,18.592954722672395,54.403908141128795
,,grass,,18.5924756149607,54.403679831425954
,,grass,,18.592259591385737,54.403599764929815
,,grass,,18.592617505162792,54.403891339919824
,,grass,,18.59266552545836,54.40424123238298
,,grass,,18.593827014164436,54.404356271631556
,,grass,,18.59412220777602,54.40419461295023
,,grass,,18.593990937378724,54.404240127186355
,,grass,,18.594204248426344,54.40442193588737
,,grass,,18.594267876355914,54.404296638537986
,,grass,,18.595337340994845,54.40464335560487
,,grass,,18.595034109436554,54.40444141562083
,,grass,,18.59610369001735,54.404794297395135
,,grass,,18.595648249999996,54.40455365
,,grass,,18.596144449999997,54.40464795
,,grass,,18.596029749999996,54.404626449999995
,,grass,,18.595914549999996,54.404605249999996
,,grass,,18.59650331389741,54.40471734271966
,,grass,,18.597015774103365,54.40481027791825
,,grass,,18.59695647544021,54.40495949090033
,,grass,,18.597447536484776,54.40504589653633
,,grass,,18.597305949587675,54.40487703731818
,,grass,,18.59756460279566,54.40492748332627
,,grass,,18.598158461072625,54.4051816843025
,,grass,,18.598382853329397,54.405083623716905
,,grass,,18.598383454073613,54.40523067287563
,,grass,,18.598494637772426,54.405252820197425
,,grass,,18.598583500000004,54.40527075
,,grass,,18.59881605067066,54.40530824281616
,,grass,,18.599254750034955,54.40556971000289
,,grass,,18.599054232582155,54.40520438354447
,,grass,,18.599866650000003,54.40536025000001
,,grass,,18.600024469848506,54.405390903646605
,,grass,,18.600169968579802,54.4054182467941
,,grass,,18.600477170370446,54.40547680346148
,,grass,,18.602191680004484,54.405805097685175
,,grass,,18.602959050000003,54.406103099999996
,,grass,,18.60272366991705,54.40605880294944
,,grass,,18.602613733452365,54.4060351697275
,,grass,,18.602126300000002,54.40594600000001
,,grass,,18.601911449999996,54.405905
,,grass,,18.60166360215646,54.40585767253853
,,grass,,18.60155318148831,54.40583630315987
,,grass,,18.598780984565302,54.405159235855756
,,grass,,18.6050641676181,54.406525838763216
,,grass,,18.605175134179607,54.4064227076521
,,grass,,18.603578393367883,54.40621259400482
,,grass,,18.60312228575476,54.40613018572048
,,grass,,18.5992994528037,54.40526050213143
,,grass,,18.59955821148479,54.405307540805026
,,grass,,18.59953217877434,54.405440408978755
,,grass,,18.60024805686321,54.40558542575289
,,grass,,18.600673066477768,54.40567341650795
,,grass,,18.60233631822267,54.40537254090086
,,grass,,18.601217554212607,54.40576987809824
,,grass,,18.60236480682592,54.40558496597891
,,grass,,18.601932414966406,54.40550231970596
,,grass,,18.60278614747088,54.405924246823176
,,grass,,18.602854975389985,54.40585859846323
,,grass,,18.602466876415928,54.405865178338104
,,grass,,18.601769743000233,54.40572990904344
,,grass,,18.583944672744085,54.35027497695712
,,grass,,18.58309713382092,54.35005121395484
,,grass,,18.582866303814008,54.3499964735685
,,grass,,18.582754289946344,54.349968617473515
,,grass,,18.58197292598542,54.349718605029594
,,grass,,18.581708525140893,54.34946302266785
,,grass,,18.58379435323382,54.350014529122184
,,grass,,18.582648348847627,54.34986996033125
,,grass,,18.582505258951258,54.34980367020006
,,grass,,18.583286286637385,54.349693274017966
,,grass,,18.58317383227547,54.349664712770114
,,grass,,18.583501055416047,54.350085298449194
,,grass,,18.583334000523255,54.35004512782199
,,grass,,18.58375343071593,54.3497698063391
,,grass,,18.583527776953893,54.34971889636842
,,grass,,18.58343681521701,54.34984168573992
,,grass,,18.582323153632526,54.349524391815585
,,grass,,18.58302517156563,54.349437500013345
,,grass,,18.58297811422793,54.3495784829486
,,grass,,18.582887926237813,54.34970075143575
,,grass,,18.58267623316546,54.34955542294703
,,grass,,18.582337968067545,54.34976349360691
,,grass,,18.58206734694118,54.34964754319275
,,grass,,18.583228846358683,54.34953918801703
,,grass,,18.581913215438,54.350351024491005
,,grass,,18.581886399359554,54.350136660826145
,,grass,,18.581977618816605,54.35001338870851
,,grass,,18.584811845404456,54.350609845439365
,,grass,,18.584820989968467,54.350669855751086
,,grass,,18.581626203391853,54.3497104958916
,,grass,,18.58383443405027,54.3503560946299
,,grass,,18.583026671616953,54.35015430695759
,,grass,,18.582653863518015,54.350056012424304
,,grass,,18.58279189759611,54.35009202742861
,,grass,,18.58277472218073,54.35015754420243
,,grass,,18.582717139896133,54.3501300829377
,,grass,,18.582656033333336,54.35010903333334
,,grass,,18.583239210020533,54.350408854120744
,,grass,,18.583241731240538,54.35050279316808
,,grass,,18.58357423853079,54.35048500425442
,,grass,,18.58260145753768,54.35058019220819
,,grass,,18.582213292716528,54.35011372771823
,,grass,,18.582073275731137,54.35030931871889
,,grass,,18.58234537080313,54.350422788309736
,,grass,,18.58217329557041,54.35055390711726
,,grass,,18.582366829324602,54.35067787837576
,,grass,,18.582841786135244,54.350897586796755
,,grass,,18.583256394858388,54.3508923361243
,,grass,,18.583279677596565,54.35115804634492
,,grass,,18.58290878023792,54.35097371656414
,,grass,,18.583059285628345,54.35112696424296
,,grass,,18.583051197623618,54.35102338442162
,,grass,,18.583041762618745,54.35074732629448
,,grass,,18.583038257649847,54.35066588791839
,,grass,,18.58303077561076,54.35043523758238
,,grass,,18.582443354246678,54.350294808399426
,,grass,,18.582674452542747,54.350335886990756
,,grass,,18.582664266783844,54.35022675220688
,,grass,,18.582976883199677,54.350327340485364
,,grass,,18.58337825325949,54.3503053519655
,,grass,,18.58323416854418,54.35027733528687
,,grass,,18.582934896024394,54.35021175225712
,,grass,,18.58791878720819,54.35173516754625
,,grass,,18.5879668343688,54.351698640273675
,,grass,,18.587701169869835,54.351602626980124
,,grass,,18.58770777523062,54.351670078650685
,,grass,,18.587578629908016,54.35180227686478
,,grass,,18.586900104043533,54.35204938677978
,,grass,,18.587518725093375,54.35170813172116
,,grass,,18.586984131441294,54.35212105430829
,,grass,,18.58577016842924,54.35206071718623
,,grass,,18.58573636331501,54.35250438816716
,,,grassland,18.581642969252645,54.346345030346555
,,,grassland,18.581716387234284,54.34628620076447
,,,grassland,18.582424444625094,54.34630238777416
,,grass,,18.582352651903058,54.346773989651396
,,grass,,18.58143515793271,54.34693661333152
,,grass,,18.582148643768807,54.34697822090129
,,grass,,18.581900863281792,54.347000196888
,,grass,,18.581464508548333,54.346875035904006
,,grass,,18.581994413605777,54.34654218403783
,,grass,,18.582465704318714,54.346532314618436
,,,wood,18.580522246451086,54.34840646821641
,,,grassland,18.58158572998297,54.34881847271158
,,,grassland,18.580059238845028,54.346943574016784
,,,grassland,18.571212794206183,54.410615104474175
,,grass,,18.570246289688043,54.411648679572146
,,,grassland,18.570077785913224,54.411546944642005
,,,grassland,18.570409736460793,54.4114864713415
,,,wood,18.570723105405964,54.4116539620742
,,,grassland,18.570849225148475,54.41143088207747
,,,scrub,18.55321454108699,54.336992941937275
,,,grassland,18.557195186858056,54.3363955354971
,,,wood,18.55468636617673,54.33718926329704
,,,wood,18.553105191990387,54.33638418863302
,,,wood,18.550189079429835,54.337611763840556
,,grass,,18.5080010129791,54.37680290265938
,,grass,,18.50829639407061,54.37686964374443
,,grass,,18.507968419459555,54.3770790955522
,,grass,,18.50800616366128,54.37691033865464
,,grass,,18.508750292481317,54.37641116150143
,,grass,,18.664687121914657,54.34860642550838
,,,grassland,18.663684267649426,54.35076212531688
,,grass,,18.515213521855625,54.37567143528214
,,,scrub,18.51541751746268,54.375405535566635
,,grass,,18.511539737808118,54.37649423186843
,,grass,,18.512333082488233,54.3766872805098
,,,scrub,18.512640761982876,54.37653850954447
,,grass,,18.508262251885508,54.376602418432874
,,grass,,18.51191108713182,54.376050753442485
,,grass,,18.51584720209215,54.37613944641137
,,grass,,18.517560106512754,54.37630284262987
,,grass,,18.524499362571756,54.37613945366756
,,grass,,18.522806794776887,54.37608539683252
,,grass,,18.522438906041735,54.37609091583076
,,grass,,18.56707333340095,54.37447850603532
,,grass,,18.568450465203874,54.37436365326456
,,grass,,18.567250430889086,54.37396193904864
,,grass,,18.567952614208153,54.373960612174706
,,grass,,18.567878650428156,54.374283258596584
,,grass,,18.56721638512325,54.374252964395446
,,grass,,18.48220525772546,54.427297726529524
,,grass,,18.6542341963,54.35012597633675
,,grass,,18.653927156567548,54.35016385214418
,,,grassland,18.482697205396278,54.38907703019225
,,,water,18.482681281639533,54.389142190312995
,,greenfield,grassland,18.483195316101465,54.38883096618933
,,greenfield,grassland,18.48542783968356,54.38932825778887
,,grass,,18.55776902672953,54.30799427786149
,,grass,,18.58460685324334,54.30184546702072
,,,grassland,18.60749255333543,54.30690557610712
,,,grassland,18.605543053387088,54.30382939133109
,,greenfield,grassland,18.608541910928334,54.302918798070834
,,,grassland,18.60216348183168,54.30972027777721
,,,grassland,18.549625938070665,54.33384262652227
,,,scrub,18.527306560181756,54.34657175103929
,,,grassland,18.523578707592943,54.34661158352475
,,,scrub,18.52614081300155,54.347194764079745
,,,grassland,18.529259849781013,54.346623806588944
,,,wood,18.6030360655359,54.35528241409018
,,greenfield,grassland,18.6036241829617,54.356370391111525
,,grass,,18.56000020653467,54.33421886239016
,,grass,,18.560505766666665,54.33480860000001
,,grass,,18.5600969375724,54.33483250558034
,,greenfield,grassland,18.558796904786526,54.33775749110658
,,,grassland,18.558968401067467,54.33693755690536
,,grass,,18.56437200939192,54.33694253751309
,garden,,,18.563969208615518,54.33748524125459
,,,grassland,18.561954277999217,54.33701736354559
,,,grassland,18.55910377918881,54.33614604922417
,,grass,,18.56239896502744,54.33518154097135
,,,grassland,18.565983668000506,54.33484819336815
,,,scrub,18.564931715215835,54.33505598402553
,,,wood,18.561774940031654,54.33559854578941
,,,grassland,18.560760595599927,54.3352014977384
,,grass,,18.560776597276867,54.335612783987074
,,,wood,18.56230896627715,54.33500684578996
,,grass,,18.562763298717066,54.334466573751094
,,,grassland,18.560373316092953,54.33415738775794
,,,wood,18.562089540800446,54.33432839456311
,,,wood,18.561413714438803,54.334444428741705
,,,wood,18.560171225710736,54.334013066622816
,,,grassland,18.56184916518465,54.3339392086763
,,,wood,18.556406137551324,54.33412284589527
,,,grassland,18.554764882467353,54.33349125867115
,,,grassland,18.559026096004366,54.33441083314615
,,greenfield,grassland,18.559085184517418,54.3346958991144
,,grass,,18.56018644946021,54.33488354361046
,,,,18.56019729916094,54.334877245091235
,,,grassland,18.56180857266122,54.33112911158369
,,,grassland,18.56277776666667,54.33148023333334
,,,grassland,18.5590274,54.330982399999996
,,grass,,18.558205903773406,54.333541169925766
,,,wood,18.557908201934026,54.33364092400959
,,greenfield,grassland,18.594899082035813,54.31915379111669
,,grass,,18.585123375278627,54.312412917639186
,,greenfield,grassland,18.58144310226879,54.31463777914947
,,grass,,18.589674619616083,54.31581935998822
,,,grassland,18.59042172302176,54.314042184595124
,,grass,,18.590324266805474,54.31491858297981
,,greenfield,grassland,18.593132469876657,54.31355470628865
,,,grassland,18.59389438681374,54.31404933820292
,,,grassland,18.603348752964706,54.320330520616054
,,,grassland,18.60069321583821,54.319369971295735
,,grass,,18.599458799034068,54.31892080025307
,,,grassland,18.5985068393193,54.31863418406507
,,,grassland,18.59634055,54.31917250000001
,,greenfield,grassland,18.59388103379949,54.31790653524293
,,,grassland,18.592032566139018,54.316793712597516
,,grass,,18.59148860406179,54.31786809930931
,,,grassland,18.586270363937345,54.317029215705126
,,,wood,18.586774901993614,54.3174606443428
,,,wood,18.586314677636,54.31741149824941
,,,wood,18.5860432804226,54.31692266776399
,,,wood,18.58685318433434,54.317099039975204
,,,wood,18.587093667819236,54.316656704687695
,,,grassland,18.59649536822885,54.32130064203167
,,,wood,18.59011552890043,54.31968740506306
,,,grassland,18.586307909244837,54.319068886465715
,,,grassland,18.586273599438673,54.32056637524524
,,,grassland,18.579010739756118,54.330426782542105
,,,grassland,18.57929031292706,54.32640263104733
,,,scrub,18.578808548734063,54.32775577685852
,,,grassland,18.488433298990998,54.35074946125984
,,,grassland,18.484405972530663,54.353126574424664
,,,grassland,18.482853902479743,54.35309758523262
,,,grassland,18.481756178934827,54.343980746561904
,,grass,,18.607210566666666,54.37782123333333
,,grass,,18.605305045928393,54.37751741162436
,,greenfield,grassland,18.599931411219533,54.324407829277526
,,greenfield,grassland,18.57583685165782,54.3369801467635
,,,grassland,18.5760261570293,54.33697292092192
,,,grassland,18.575117071022785,54.33646406998219
,,,grassland,18.57623988238148,54.337104516227505
,,,grassland,18.5748590859995,54.33658872489273
,,greenfield,grassland,18.57656410062102,54.33688511020599
,,,grassland,18.574860354648987,54.33749585370823
,,,wood,18.57321408571009,54.33674396828405
,,,grassland,18.573745137530704,54.33649387663221
,,greenfield,grassland,18.578243112630936,54.34357834550744
,,,grassland,18.5817087281346,54.341810625363536
,,,grassland,18.592906031021176,54.33658005171111
,,,grassland,18.58643543219095,54.33388551496631
,,greenfield,grassland,18.590607235842196,54.33590662971159
,,,grassland,18.58665277710163,54.33645083803044
,,,grassland,18.587993791115544,54.33804291335199
,,,wood,18.587921074598928,54.33783789422148
,,,wood,18.59153827762561,54.337135074901205
,,,grassland,18.593283023489278,54.33732917641744
,,,grassland,18.585229023304066,54.33972652292101
,,,scrub,18.584613083579757,54.34079094748681
,,,scrub,18.58394179225942,54.34101342577786
,,,grassland,18.58490303737136,54.341601474124964
,,,wood,18.579924948727424,54.339788542322154
,,grass,,18.603958888670473,54.39607867181151
,,,wood,18.583363719413562,54.354475538919296
,,,grassland,18.601818044113184,54.30122468604153
,,greenfield,grassland,18.601498458416827,54.29979557849413
,,,grassland,18.599440976060098,54.30248610716259
,,grass,,18.59275436377423,54.38263078372652
,,grass,,18.596553486780824,54.3821228357452
,,grass,,18.596653912194572,54.382333898697844
,,grass,,18.59710028850059,54.382440756999195
,,grass,,18.59609100543764,54.383085416091795
,,grass,,18.596530766877265,54.38286521904066
,,grass,,18.595825577300833,54.38339176077363
,,grass,,18.595369301310832,54.382857324355065
,,grass,,18.594771836829633,54.38267512172814
,,,scrub,18.557744155162656,54.3457394121863
,,,grassland,18.558176094507335,54.34511657824758
,,,scrub,18.558800212942067,54.34559378128699
,,,grassland,18.556383381246036,54.34451525810794
,,,grassland,18.555833134271904,54.343928969272326
,,,grassland,18.556986410036654,54.343805600489546
,,,wood,18.55625293017266,54.34344362023499
,,greenfield,grassland,18.558580373173605,54.343591356686474
,,,grassland,18.554739959415418,54.3454479595064
,,,grassland,18.637221236763722,54.3382286473445
,,,grassland,18.63697590384527,54.33828621972032
,,,grassland,18.63250943710981,54.33282228015769
,,,wood,18.617147278357894,54.33033910940366
,,,grassland,18.619380375244187,54.33220928604026
,,,wood,18.61988288553121,54.33057390498863
,,grass,,18.623064621464888,54.33116670922028
,,,grassland,18.61642582382305,54.32618268311536
,,,grassland,18.624616778307352,54.32753758957255
,,,wood,18.629349265293232,54.327521462383366
,,,grassland,18.628757067338324,54.327469683219526
,,,wood,18.628466689677108,54.32741625171891
,,grass,,18.63450862326119,54.325255347534515
,,grass,,18.633126654837504,54.32803631791645
,,grass,,18.624072437943653,54.327944490357204
,,greenfield,grassland,18.621241990423,54.29482147673655
,,,wood,18.62180391072616,54.29586152418545
,,,grassland,18.555886881790975,54.32327495728103
,,,grassland,18.57704695779002,54.3656384916354
,,,grassland,18.485701133681182,54.42319943067862
,,,grassland,18.55906610699883,54.355531712988544
,,,grassland,18.55737742516899,54.32706367518434
,park,,,18.55988526238317,54.32621658450773
,,,grassland,18.58625291777657,54.308265333381726
,,,grassland,18.583522491307992,54.30694664717808
,,,wood,18.498735295941277,54.34729889476863
,,,grassland,18.472862636679718,54.35455284607006
,,greenfield,grassland,18.657296340778352,54.33585994973563
,,,grassland,18.450356704657025,54.419587757578775
,,grass,,18.53338697845632,54.33526148985047
,,,grassland,18.537602053358935,54.335266661438155
,,,grassland,18.538641101123204,54.33476773007292
,,,grassland,18.538070276672723,54.33493317372515
,,,grassland,18.53398817347062,54.33438922824025
,,,grassland,18.53682298988771,54.33482786775293
,,,grassland,18.5333951041661,54.334406064572
,,,grassland,18.53553425098265,54.33520903577025
,,,grassland,18.537935935736,54.33245663525169
,,,scrub,18.53805269541594,54.332611269577995
,,,grassland,18.535249814301558,54.33592354222782
,,,grassland,18.532963235067516,54.33579754662444
,,,wood,18.536601677637456,54.33553619839424
,,,grassland,18.5371341303579,54.33542506941249
,,,wood,18.532803634473073,54.33587793471128
,,,grassland,18.539243367426256,54.33455073884429
,,,grassland,18.541720531327737,54.333594042136724
,,,wood,18.54332627241749,54.333128768309905
,,,grassland,18.54458027189552,54.33378156110311
,,greenfield,grassland,18.540754419846845,54.330488329251274
,,greenfield,grassland,18.54131331000821,54.32948839085623
,,greenfield,grassland,18.54134719658869,54.33003974594174
,,grass,,18.579606118625748,54.320701206445946
,,grass,,18.58605275670036,54.31804194620887
,,,wood,18.58527527732032,54.31821250814334
,,,grassland,18.58506784460227,54.31774863324635
,,,grassland,18.58492868081301,54.31679294345887
,,,scrub,18.584854280239245,54.316897030455834
,,,grassland,18.583145485576473,54.31631595623166
,,,grassland,18.583585465440464,54.316569493773436
,,,scrub,18.593709359390644,54.310941059912146
,,,scrub,18.594577050222917,54.31150395381602
,,,scrub,18.593227530490356,54.31137082485105
,,,grassland,18.594263194539298,54.31083009398389
,,,scrub,18.59539927137835,54.30910443376785
,,,grassland,18.581007774796795,54.315389711938195
,,,grassland,18.57974741033029,54.314630798519794
,,,grassland,18.57933641061231,54.312432030836526
,,,grassland,18.575378578435377,54.314154054595484
,,,grassland,18.570900715213263,54.30632141340531
,,,grassland,18.576777930537695,54.306893473668076
,,,scrub,18.578109651504448,54.30704202962826
,,,grassland,18.57139571355656,54.31320642528285
,,,grassland,18.570241597318688,54.30806983367367
,,,grassland,18.571843619034357,54.31009327355532
,,,grassland,18.571716448059945,54.305033958420296
,,,wood,18.57349577766016,54.305324786846235
,,,grassland,18.573193820072376,54.305659660275126
,,,grassland,18.57391020979992,54.30398236807353
,,,grassland,18.463042349008653,54.42045633470852
,,,grassland,18.463626135775606,54.421322419890295
,,,grassland,18.462092332599312,54.4215904114155
,,,grassland,18.57365913447834,54.34238945407959
,,,grassland,18.574202462857293,54.34279415530515
,,,grassland,18.584146340080235,54.33877820610617
,,greenfield,grassland,18.555786072963283,54.348712534597794
,,greenfield,grassland,18.55684794133299,54.34803179996543
,,greenfield,grassland,18.55681919629855,54.347497175875574
,,greenfield,grassland,18.55761176925207,54.35049809089307
,,greenfield,grassland,18.55687456872995,54.349892227272335
,,greenfield,grassland,18.555334609083957,54.34993836780173
,,brownfield,grassland,18.556548150593194,54.35028436949906
,,,grassland,18.556321021868293,54.35133445918226
,,,wood,18.55969873747473,54.35226905772804
,,,grassland,18.55869258539796,54.35257666687974
,,greenfield,grassland,18.559800070298234,54.35315035200824
,,,wood,18.556324265938027,54.35266029156174
,,,wood,18.559316740840675,54.35522607594289
,,,wood,18.55327346120957,54.35340244500136
,,,wood,18.55519444971723,54.35055029833205
,,,grassland,18.61276615040034,54.309514066445914
,,,grassland,18.61161022230251,54.31065064384419
,,grass,,18.548774416942443,54.341292638426985
,,grass,,18.548152380793784,54.34119707899054
,,grass,,18.547968103724592,54.341523477748446
,,grass,,18.54766150131831,54.341409803459655
,,,grassland,18.547659962094738,54.34179318594256
,,,grassland,18.547166323862943,54.342244272652586
,,grass,,18.54159688200699,54.34439324411508
,,,wood,18.542688930335377,54.34423710553174
,,grass,,18.54494739987189,54.34350935332095
,,grass,,18.546107804733662,54.342918593730666
,,,grassland,18.546154008496615,54.34244352532493
,,,wood,18.548037349065563,54.33749440371322
,,,scrub,18.555291656306416,54.33668080135683
,,,scrub,18.555301336572622,54.33768827638574
,,,grassland,18.539768410715375,54.3380090256216
,,,scrub,18.543604347605434,54.338034671823955
,,,scrub,18.54438931795988,54.33793737104339
,,,scrub,18.544353187240894,54.33826487741019
,,,scrub,18.542806524255205,54.33719112021931
,,,grassland,18.546211294971283,54.33754336450908
,,,scrub,18.543534597524253,54.338586115857034
,,,grassland,18.540189074824454,54.33952140636149
,,greenfield,grassland,18.541033819490007,54.339574896043814
,,,grassland,18.540007337903056,54.339317766502816
,,,grassland,18.540030352145035,54.33917916776966
,,,grassland,18.539615885733877,54.338596269737806
,,,grassland,18.53921054099985,54.337531997547075
,,greenfield,grassland,18.54207990162536,54.33973505718076
,,,grassland,18.552951150240748,54.33818704874924
,,,wood,18.549128304916902,54.341093275059286
,,,grassland,18.547558521137788,54.34081722847295
,,greenfield,grassland,18.54297214131731,54.340325997333025
,,greenfield,grassland,18.560038507932592,54.33220945557022
,,,grassland,18.55975008026478,54.33283519347597
,,,wood,18.51516184863678,54.35593968605684
,,,wood,18.516103369537134,54.35655702036298
,,greenfield,grassland,18.508601802345897,54.357128925996136
,,greenfield,grassland,18.50722745005894,54.35636509214715
,,greenfield,grassland,18.505817447216927,54.35559396349459
,,,scrub,18.50766451141557,54.3589312028507
,,greenfield,grassland,18.49560902769471,54.35681016799937
,,,grassland,18.503815237686766,54.353131637968225
,,,grassland,18.50460509850489,54.3547809707397
,,greenfield,grassland,18.495949724605243,54.35460312734967
,,,grassland,18.49361335950634,54.35793042197879
,,,grassland,18.494332137431424,54.35749762941545
,,,grassland,18.49624633696896,54.35690085876133
,,,grassland,18.497500655773834,54.35732627342022
,,,wood,18.491397008597637,54.36417313820909
,,,grassland,18.489589712102564,54.36430509729972
,,,grassland,18.50424491728867,54.35553210654102
,,greenfield,grassland,18.500278151036717,54.35391990865861
,,greenfield,grassland,18.498463526389255,54.35465433079845
,,greenfield,grassland,18.496836746462385,54.353779406538116
,,grass,,18.497742733519246,54.35360566900511
,,greenfield,grassland,18.501034480396896,54.35468957371643
,,,scrub,18.497702766724277,54.35627344331973
,,,grassland,18.49979838802355,54.35633954925991
,,,scrub,18.49930737540325,54.35574266731957
,,,scrub,18.50425156767087,54.35720381054615
,,,scrub,18.505931102386324,54.35807388955889
,,,grassland,18.506144810115494,54.357846782947554
,,,wood,18.505040534931126,54.35754522947851
,,,grassland,18.502783562405146,54.359543129488316
,,,grassland,18.504823969095867,54.35955965029454
,,,wood,18.505151397936224,54.36004511326323
,,,grassland,18.502994926042362,54.360611892669695
,,,grassland,18.497717749852836,54.36193181332636
,,greenfield,grassland,18.496241061750602,54.36149534971075
,,,grassland,18.49975013322827,54.35888441506412
,,,grassland,18.50004481514691,54.35928737966326
,,greenfield,grassland,18.498768516280606,54.35891535191908
,,greenfield,grassland,18.501394228493137,54.358711319113326
,,,grassland,18.501915606584536,54.35810583258217
,,,grassland,18.502768527172556,54.35824754191846
,,greenfield,grassland,18.500178433259943,54.35835008942896
,,,grassland,18.555398373385238,54.34847359414055
,,,wood,18.563303603620632,54.345704653105045
,,,scrub,18.566406085561702,54.345481389610136
,,,scrub,18.566463148129312,54.34696402322791
,,,grassland,18.566148423843046,54.34685557236633
,,,scrub,18.565069111216797,54.34733608760056
,,greenfield,grassland,18.52406124623783,54.33844633022545
,,grass,,18.567166036789512,54.347646981854794
,,,grassland,18.572601938445867,54.34863851355005
,,,grassland,18.572312466837616,54.35017309451462
,,,grassland,18.568561950342197,54.34857795814109
,,grass,,18.574555765860705,54.36814160754825
,,,grassland,18.57454712380016,54.36982910754858
,,grass,,18.574434911851515,54.36999162834003
,,,grassland,18.57461298470916,54.366890836644274
,,,wood,18.57660840737438,54.37009661335827
,,,wood,18.5772095420412,54.36472299323463
,,,grassland,18.571092577222807,54.36839414923766
,,,grassland,18.557868415187247,54.366875048738194
,,,scrub,18.5647731385953,54.370081711301886
,,,scrub,18.56432163172067,54.370475177537614
,,,grassland,18.56600425381,54.371317132814596
,,grass,,18.57098290318439,54.36744910750262
,,,scrub,18.560094062452475,54.36626966910973
,,,grassland,18.560657815287755,54.36637852290459
,,,wood,18.55984499996379,54.36636570185095
,,,grassland,18.563698402290804,54.367540055112016
,,,grassland,18.56811552429103,54.366655047312555
,,,grassland,18.56606480387272,54.366897721812954
,,,wood,18.56131879931356,54.367445217111324
,,,wood,18.560825276989693,54.36707443380826
,,,wood,18.55952234441277,54.3668204960095
,,greenfield,grassland,18.553558448994224,54.36730482263934
,,,grassland,18.559883557330917,54.36711645392289
,,,grassland,18.557471633536,54.36585314034422
,,greenfield,wood,18.552021660455107,54.367612188921356
,,greenfield,grassland,18.55155260710944,54.3674988360392
,,greenfield,grassland,18.551191409871993,54.36702968882417
,,,grassland,18.55060031445868,54.36493413982118
,,greenfield,grassland,18.553450949246177,54.36589253693771
,,greenfield,grassland,18.558161338668263,54.36448075793611
,,,grassland,18.557032275753787,54.364809841537955
,,greenfield,grassland,18.55706634844275,54.36542093202392
,,,grassland,18.558152689702954,54.365414000705385
,,,wood,18.56002559451865,54.365999511309745
,,,wood,18.55879860779209,54.36485192711269
,,,grassland,18.566384882076843,54.36630670321838
,,,wood,18.551555828494607,54.3658271404847
,,,grassland,18.556356850413675,54.366756756778116
,,,grassland,18.555726379953626,54.36703571876048
,,,grassland,18.554854530011525,54.367103563020905
,,,grassland,18.568708973900815,54.3691911574666
,,,wood,18.568763777695132,54.36831337732163
,,,grassland,18.567634244288154,54.36874008177579
,,,scrub,18.56321346867197,54.368723944677996
,,,wood,18.564326074215856,54.369557954485664
,,,scrub,18.56353836076173,54.36941631594981
,,,scrub,18.56701703244513,54.37058424773767
,,,scrub,18.56718161416762,54.37074335717796
,,,scrub,18.567533290326285,54.371026966107735
,,,scrub,18.568149049208774,54.37122261428685
,,,grassland,18.56586629825073,54.37265824820529
,,,grassland,18.566541903685597,54.37301679458022
,,greenfield,grassland,18.566410792445712,54.372637876185756
,,,grassland,18.56620954055432,54.37208256239175
,,,wood,18.565501274424573,54.369225175869964
,,,grassland,18.565633683237827,54.37028041151083
,,,scrub,18.562992614356833,54.37072021618228
,,,grassland,18.566827513235655,54.367724605623465
,,grass,,18.563888891208762,54.37154965574118
,,greenfield,grassland,18.578088508777817,54.378413172331726
,,greenfield,grassland,18.55863533631565,54.36087981713853
,,,grassland,18.558790030467602,54.36374969153085
,,,grassland,18.46688644646688,54.38645522156539
,,greenfield,grassland,18.561003550710122,54.36139205629072
,,,grassland,18.563421497231342,54.3613503743717
,,,wood,18.56044915660887,54.36268402784677
,,,grassland,18.56339994101646,54.36440358944037
,,,wood,18.563812099129134,54.36435825242695
,,grass,,18.55748387341236,54.36215502919656
,,grass,,18.560504911271657,54.36139896416622
,,greenfield,grassland,18.56207499856407,54.36233461679665
,,greenfield,grassland,18.562567048346974,54.36217423436941
,,grass,,18.559290791749056,54.362810952028745
,park,,,18.560616007588443,54.363340718537785
,,grass,,18.559750875331154,54.362907172989935
,,,grassland,18.559735348217682,54.3633663979558
,,grass,,18.56016695688864,54.363430764363684
,,,wood,18.561150901895168,54.36321226560343
,,greenfield,grassland,18.562014923957083,54.36318106227719
,,grass,,18.561727912602766,54.36362075839547
,,,grassland,18.563573902104537,54.36622767069615
,,,grassland,18.56315874711032,54.36533582256232
,,grass,,18.570224323771154,54.36525728991498
,,grass,,18.570179316457928,54.36553267939052
,,,grassland,18.5698429758029,54.36543654056289
,,,grassland,18.56593852096185,54.3652084695208
,,,wood,18.566085566564194,54.365506426888444
,,,grassland,18.56630919791658,54.365774088210145
,,farmyard,wood,18.564841364753924,54.366105566389926
,,grass,,18.571269557554608,54.36728392661756
,,grass,,18.571180691504463,54.36721633700325
,,,grassland,18.571265611992253,54.36715878652327
,,,grassland,18.570164311982865,54.366661412855095
,,,grassland,18.572155057250374,54.36513970868455
,,,scrub,18.572376561387447,54.364353613562294
,,,grassland,18.571557522603023,54.364178930953564
,,,grassland,18.572780129325476,54.36314244215697
,,,grassland,18.57195230112259,54.363454200950756
,,,grassland,18.570297698895352,54.36476681506103
,,,grassland,18.571176128688435,54.364352761029636
,,,grassland,18.57150493384979,54.36568227908739
,,farmyard,,18.57122332371484,54.365928071126376
,,,wood,18.570860868962587,54.3661076447356
,,farmland,,18.571454235714366,54.365756745736235
,,,wood,18.566510996580767,54.36394635921118
,,,grassland,18.442200857587633,54.43717293848052
,,greenfield,grassland,18.443269442210326,54.43757495681178
,,grass,,18.590009846936287,54.40369639934634
,,grass,,18.591075435009504,54.40268066439157
,,grass,,18.62878157686449,54.41128694584522
,,,grassland,18.452030531476368,54.4375195339787
,,greenfield,grassland,18.454316228742844,54.43843731797065
,,,grassland,18.453175068369855,54.438485093979466
,,greenfield,grassland,18.454446647701577,54.43809417322538
,,,grassland,18.453082543576855,54.43907094521018
,,greenfield,grassland,18.450675462310397,54.438309068630446
,,,wood,18.451407988049212,54.43906799010666
,,,grassland,18.447070955566183,54.43994861204381
,,,grassland,18.44804663502266,54.43965300752982
,,,grassland,18.44182592915578,54.44075954150707
,,greenfield,grassland,18.445198847853423,54.43654505888121
,,,grassland,18.44699647174244,54.436702405219044
,,,grassland,18.444572009018756,54.43669385902102
,,,wood,18.44526944268647,54.43877053832939
,,greenfield,grassland,18.442441668629236,54.43783919235845
,,,grassland,18.44618638143719,54.44857057151644
,,,wood,18.445669349772146,54.44830527744996
,,greenfield,grassland,18.459104313927618,54.44372583967896
,,,grassland,18.458426053718462,54.443737755689874
,,greenfield,grassland,18.455831512753768,54.44487315853074
,,greenfield,grassland,18.4575151652687,54.44443553364407
,,greenfield,grassland,18.456907337351073,54.44369603477716
,,,wood,18.457021908344935,54.44385256099079
,,greenfield,grassland,18.45581151065558,54.44446058773807
,,grass,,18.452697411539805,54.442011001605934
,,,grassland,18.458348535340296,54.44620207155322
,,,wood,18.456386144405492,54.44584316902026
,,greenfield,grassland,18.458588994426705,54.44680697278835
,,greenfield,grassland,18.457622093910842,54.447003696174754
,,meadow,,18.455770027022613,54.44729832973562
,,,grassland,18.439154558355686,54.44711508773976
,,grass,,18.592270937989777,54.33185833134002
,,grass,,18.592535240248452,54.331822640219606
,,grass,,18.59431361779954,54.332271178139095
,,grass,,18.59548757488764,54.33235765203098
,,grass,,18.59223227872774,54.33206806383947
,,grass,,18.587939641050763,54.33130491225203
,,grass,,18.588699693525356,54.331239253407894
,,grass,,18.58467579043479,54.33105139431625
,,grass,,18.584034452554402,54.331063556940144
,,grass,,18.586133787465098,54.33103686405725
,,grass,,18.585607537610414,54.33104347951718
,,grass,,18.585691695883476,54.33085047698916
,,grass,,18.58417791397101,54.33085357830569
,,grass,,18.585033716928862,54.33079044536111
,,grass,,18.584835139990275,54.330785660557304
,,grass,,18.5855972894378,54.331140193381025
,,grass,,18.58709449592579,54.33145978157127
,,grass,,18.585190008155294,54.33212403703123
,,grass,,18.584826381336647,54.332485516382995
,,grass,,18.58484127010742,54.3322852103098
,,grass,,18.582723633457704,54.33121260620592
,,grass,,18.582810584795862,54.33130636398389
,,grass,,18.595577805234935,54.332308767303545
,,,grassland,18.5800747855753,54.332066834238425
,,,wood,18.580020039937885,54.33160436457602
,,grass,,18.58318745377043,54.33156770933296
,,grass,,18.57798261026615,54.33151268385778
,,grass,,18.57972202723409,54.331728271421184
,,grass,,18.580800811391413,54.33153297146479
,,grass,,18.579682023140208,54.33209115210606
,,grass,,18.579357781009215,54.332269587006
,,grass,,18.57972386287799,54.33239943255024
,,grass,,18.57880116666667,54.3323165
,,grass,,18.579391124407227,54.33229208279065
,,grass,,18.5788077582464,54.33221697426192
,,grass,,18.578483593365714,54.332136901849765
,,grass,,18.578729435251223,54.33223783142472
,,,grassland,18.5681735103397,54.40766235043729
,,,grassland,18.567787595315203,54.40796479070997
,,grass,,18.56304945332974,54.409316431530314
,,grass,,18.631248467581276,54.40215770651421
,,grass,,18.631421896561157,54.402553845339774
,,grass,,18.631164854225222,54.40251476296582
,,grass,,18.632068217453206,54.40229373132421
,,grass,,18.632940101819866,54.401988449002666
,,grass,,18.6319009200542,54.40188519801711
,,grass,,18.63061936864958,54.4020368113716
,,greenfield,grassland,18.567566432874685,54.31272910046807
,,greenfield,grassland,18.568790892050025,54.31313499226616
,,greenfield,grassland,18.552966372378616,54.32843989640386
,,greenfield,grassland,18.55564600680065,54.32713287684063
,,greenfield,grassland,18.555133655508694,54.32713135034026
,,grass,,18.55761596273086,54.33075541720933
,,,grassland,18.55726430614778,54.33101900113021
,,,grassland,18.554074333279356,54.330676083554295
,,,grassland,18.554363122379517,54.33010507599127
,,,grassland,18.5514810634795,54.33018677010369
,,grass,,18.551770669219408,54.330135075729544
,,,grassland,18.550141243070254,54.33063453288523
,,,grassland,18.551665233808137,54.33095186687555
,,,grassland,18.552266893734565,54.32913561961925
,,,grassland,18.555745652052874,54.330085946223335
,,grass,,18.5550767870726,54.32927167576431
,,,wood,18.555098440163718,54.329018094073504
,,greenfield,grassland,18.55374972438654,54.3277458000961
,,greenfield,grassland,18.555350377506073,54.32831805672452
,,greenfield,grassland,18.475116040948258,54.39429594355773
,,,grassland,18.47657052101047,54.395527186218544
,,greenfield,grassland,18.633026403405086,54.39056135957447
,,grass,,18.624738073511942,54.388592821105576
,,,wood,18.627089541237442,54.37321698867543
,,grass,,18.572378694033638,54.40044580450138
,,grass,,18.588791339121602,54.364011206135785
,,grass,,18.585062489133886,54.361579674667226
,,grass,,18.606909200487234,54.38058019467475
,,grass,,18.639473279636928,54.407063579770806
,,,grassland,18.657998222031615,54.33412004898014
,,,grassland,18.65643659923412,54.33405587615176
,,,grassland,18.613140378536528,54.32129142977587
,,,grassland,18.609868805525,54.32026616676882
,,,grassland,18.607937230028323,54.32025364033135
,,,grassland,18.614815101469524,54.320367726623346
,,,grassland,18.617800650168494,54.32050572944077
,,,grassland,18.620302421063688,54.32163814580859
,,,wood,18.622562862767676,54.32197710647003
,,,grassland,18.67935879574065,54.35756646905282
,,,grassland,18.670293175244314,54.36436074357888
,,grass,,18.673061713629167,54.36282893296065
,,grass,,18.673293287409127,54.364441902366295
,,grass,,18.672962839892527,54.363667894202955
,,grass,,18.672510168869245,54.36266833010348
,,grass,,18.674024247911557,54.365583018193966
,,grass,,18.673830841187495,54.36709151858302
,,grass,,18.673604125760853,54.3650163918036
,,grass,,18.673623445886378,54.36583662988854
,,grass,,18.57304311663934,54.39543104188525
,,grass,,18.572448761176318,54.39570255316684
,,grass,,18.57218472456755,54.39596950140605
,,,grassland,18.584194259679442,54.355541605968845
,,grass,,18.56175933787269,54.43924055595551
,,greenfield,grassland,18.582464530140108,54.38206259436063
,,grass,,18.486712574340128,54.4206783523259
,,grass,,18.486660926493787,54.41996470793372
,,grass,,18.48660306044053,54.41945544741397
,,grass,,18.486779119912285,54.42161300923215
,,grass,,18.48678844961488,54.42099778550313
,,,grassland,18.688490090069486,54.36172895461201
,,,grassland,18.691064307156672,54.357270981161946
,,,grassland,18.690683778458588,54.356981803436256
,,,grassland,18.68475416968692,54.36345948609956
,,,grassland,18.687071283850486,54.35895759363903
,,,grassland,18.68390952493819,54.3616518396521
,,,grassland,18.68607575982182,54.36079145008661
,,,grassland,18.686948590148436,54.361136570422715
,,grass,,18.684290785316644,54.360752595976734
,,grass,,18.685165151677225,54.360319241456416
,park,,,18.558506922217425,54.43040514055996
,,meadow,,18.57609323598808,54.28889161824235
,,meadow,,18.571801449439562,54.28855545605469
,,meadow,,18.57014215130266,54.28802401225058
,,forest,,18.570557474892475,54.28840961214457
,,meadow,,18.568135202845834,54.288110120679995
,,meadow,,18.573592616951167,54.29056405898544
,,,grassland,18.579669162863908,54.29631391853048
,,,grassland,18.581821452824396,54.29540490660587
,,,wood,18.466764391167263,54.42971315054738
,,greenfield,grassland,18.45851696235379,54.42124981973145
,,greenfield,grassland,18.458192295804718,54.421801837490115
,,greenfield,grassland,18.472496928944608,54.42158886733442
,,,wood,18.460510494431098,54.42329717399064
,,grass,,18.462375598833013,54.42247206775128
,,greenfield,grassland,18.46788955253584,54.420957135801
,,greenfield,grassland,18.483733848469807,54.423283347790004
,,,wood,18.568997806883164,54.43843610301757
,,grass,,18.569285591103867,54.4389665723185
,garden,,,18.658044571032786,54.33337086165979
,,,grassland,18.657598779683852,54.33376598069214
,,meadow,,18.657288178264565,54.33298310494732
,,meadow,,18.643373172399595,54.346887056780034
,,,wood,18.587082359973667,54.430948320512606
,,,wood,18.58845990344077,54.43103315289
,,,wood,18.590445320244328,54.42962622410558
,,,wood,18.593872022004312,54.423990817596184
,,,wood,18.594090758997513,54.42499156048445
,,,wood,18.59328131468027,54.42441355198
,,grass,,18.57640870687063,54.39877295490503
,,grass,,18.576829816409187,54.39826890805953
,,grass,,18.576594241964408,54.398502884982705
,,grass,,18.576445580538927,54.39849667529069
,,grass,,18.575643009890655,54.39964574512282
,,grass,,18.5753899946304,54.399966883905805
,,grass,,18.575262109160413,54.40013247793655
,,grass,,18.575128309666955,54.40029905163475
,,grass,,18.57485251537486,54.400652126756775
,,grass,,18.57724525212879,54.39774107782303
,,grass,,18.57713147085603,54.39785903487359
,,grass,,18.576839516436234,54.39811729197139
,park,,,18.608306538802616,54.378501953352696
,,grass,,18.578606602349883,54.418139971719306
,,grass,,18.57815411054178,54.41795719335146
,,grass,,18.578307475557626,54.41790732621718
,,grass,,18.656558947947456,54.35800792170698
,garden,,,18.568094553810145,54.40808236371007
,,greenfield,grassland,18.558574609252837,54.44645179279896
,park,recreation_ground,,18.556153022235343,54.448323939244034
,,grass,,18.59036487330511,54.3954169064294
,,grass,,18.572837438342432,54.399933652967576
,,grass,,18.57228297542474,54.399678166521845
,,grass,,18.57205232391974,54.39972865901742
,,grass,,18.5718915124953,54.39984531511176
,,,wood,18.569984119905314,54.40042998142486
,,grass,,18.655438974732835,54.360687541993805
,,grass,,18.643902500913036,54.363582660612614
,,grass,,18.56186672331067,54.41611351743584
,,,grassland,18.564548672236338,54.415622096674106
,,grass,,18.55905395,54.443041150000006
,,grass,,18.55895965,54.44304405
,,grass,,18.62148525903022,54.37522959213991
,,grass,,18.51016691714179,54.371272454391914
,,,grassland,18.502030039184856,54.370101033723856
,,,wood,18.508435401898545,54.3712481873384
,,,grassland,18.508205707612028,54.369882991341186
,,grass,,18.586940662489393,54.33914323716874
,,grass,,18.585852176558785,54.33961491145436
,,grass,,18.5860985737358,54.33958388754558
,,grass,,18.510733365897106,54.33849172234574
,,,grassland,18.519929922037182,54.33645284364659
,,,grassland,18.55061700761528,54.33598406700889
,,greenfield,grassland,18.4974035557296,54.339804157575585
,,grass,,18.576192843208755,54.417048186001786
,,grass,,18.574115429486856,54.41528648591023
,,grass,,18.574066717275713,54.41631142131653
,,,wood,18.56465634713069,54.373173280458005
,,,grassland,18.562106938813123,54.306997201252464
,,greenfield,grassland,18.56306283588257,54.40537552608914
,,,grassland,18.607121721077434,54.36046964841999
,,grass,,18.61835435205135,54.369887821950925
,,,grassland,18.56703243850684,54.294916005201785
,,,grassland,18.56588566186975,54.29519924049719
,,greenfield,grassland,18.54795460717985,54.32870803464648
,,,grassland,18.59540940434628,54.31684802009035
,,,grassland,18.597725180826654,54.31590056819868
,,,grassland,18.554231619135628,54.365918883921125
,,,grassland,18.553734988002724,54.36640136068279
,,greenfield,grassland,18.470988207045252,54.43006117596033
,garden,,,18.465327509017317,54.43495811814868
,,,grassland,18.465753104291597,54.437451973549365
,,grass,,18.463361935908726,54.436789074035474
,,,grassland,18.462419003658578,54.444032757452035
,,,grassland,18.46335110600209,54.44486469597058
,,,grassland,18.467587506581417,54.42900224245489
,,,wood,18.467645835531226,54.428836063475224
,,,wood,18.580767022782048,54.365272927221156
,,,grassland,18.580391991000774,54.36651475000114
,park,,,18.561022075423253,54.4310493657084
,,grass,,18.62549832702112,54.35013008401397
,garden,,,18.615916498404847,54.35524071476365
,garden,,,18.615853599999998,54.355292066666664
,,industrial,grassland,18.594035827335045,54.33204369921013
,,,wood,18.59363456970756,54.33211829971703
,,greenfield,grassland,18.591990522148123,54.3349014692389
,,,grassland,18.605220071734202,54.34813237954942
,,grass,,18.62193781113283,54.3946519767839
,,grass,,18.622694967282854,54.39462431527991
,,grass,,18.622690797524168,54.394548643267306
,,grass,,18.622691847592215,54.394483206217
,,grass,,18.622695689823743,54.39439770633881
,,grass,,18.62179115264971,54.394633014669814
,,grass,,18.622087800000006,54.39437670000002
,,grass,,18.622276457867095,54.39443802487937
,,grass,,18.62242064539601,54.39441937519228
,,grass,,18.622577533185915,54.39446845871491
,,grass,,18.62257758010561,54.394549148076045
,,grass,,18.62257567163239,54.39462372455685
,,grass,,18.62227652797903,54.39461611756001
,,grass,,18.622415491533214,54.39463342278053
,,,wood,18.453373349205595,54.433977717842524
,,,wood,18.45211800554307,54.43439200658498
,,,grassland,18.451723134563466,54.43446840197985
,,,wood,18.55170214382597,54.32470543034475
,,,water,18.551481909174317,54.32395774056345
,,,grassland,18.605393036698263,54.28744054926141
,,,water,18.605291405396464,54.28750939180825
,,grass,,18.646812546576385,54.35753203784568
,,,wood,18.6467487,54.35734983333333
,,grass,,18.64698186491695,54.35748816149375
,,grass,,18.6471000349308,54.357663262373215
,,grass,,18.64692341630184,54.35777877796096
,,grass,,18.646811749875056,54.3577786223365
,,grass,,18.646580289580946,54.35782754620384
,,grass,,18.64654239187324,54.35778288269279
,garden,,,18.61403162510657,54.35592277081883
,,grass,,18.67342809855787,54.3486257816031
,,,wood,18.667701189819976,54.35633268359873
,,grass,,18.647558819679233,54.35992180953043
,,grass,,18.647571647671914,54.35969670472166
,,grass,,18.647374623724453,54.36042468289705
,,grass,,18.647310791833664,54.36098304373713
,,grass,,18.647295536752225,54.360915401458755
,,grass,,18.647472334460844,54.36080337552691
,,grass,,18.648042432243923,54.36016820394757
,,grass,,18.648204197152868,54.360177509582385
,,grass,,18.64857587122264,54.359169126700685
,,grass,,18.64846380412551,54.35903856900822
,,grass,,18.648543007909026,54.359104948384314
,,grass,,18.64986883818118,54.35847025717422
,,grass,,18.649549411108392,54.35875178473209
,,grass,,18.648149024827717,54.36001859256341
,,,grassland,18.560675634485083,54.347353041474314
,,,grassland,18.559425021401406,54.34851188949049
,,,grassland,18.5582127819981,54.34913694359215
,,,grassland,18.56124852842661,54.34901634292274
,,,grassland,18.56183428387328,54.34910955402535
,,,grassland,18.56150238040629,54.34884326138186
,,,grassland,18.560359797430138,54.34966622769042
,,greenfield,grassland,18.55923158302199,54.34156224948865
,,,grassland,18.56488543364985,54.338312922363144
,,greenfield,grassland,18.56107888790497,54.33900137736595
,,greenfield,grassland,18.56199565190878,54.338351640541966
,,,wood,18.554764434523484,54.34384996506394
,,,grassland,18.554562112279786,54.34393736590995
,,,wood,18.579778544416442,54.38999285791377
,,grass,,18.521916357031394,54.35703164969085
,,,grassland,18.52726866267104,54.35702052504481
,,,grassland,18.525840299273234,54.35693472090627
,,,grassland,18.525051868852128,54.354770704577774
,,grass,,18.548066587765817,54.347792092979574
,,,grassland,18.54917162470363,54.34859922902958
,,,wood,18.559410416433096,54.33945996452652
,,,wood,18.55567875318269,54.340122432503456
,,,grassland,18.556553774414095,54.34020982892121
,,greenfield,grassland,18.55137067242248,54.342574809727694
,,,wood,18.548640100944432,54.346375659594436
,,grass,,18.55018421748268,54.34454163796325
,,greenfield,grassland,18.552778712594947,54.3441825465068
,,,wood,18.554290482521584,54.34460908371603
,,greenfield,grassland,18.550977117947163,54.34570418400681
,,,grassland,18.550037406975743,54.346736282934366
,,greenfield,grassland,18.551787216940326,54.34569850366943
,,,grassland,18.55008610989616,54.34308270636313
,,greenfield,grassland,18.54825080991904,54.344678483880045
,,,grassland,18.613729881727366,54.33075681463073
,,,grassland,18.617872324229502,54.3314695654825
,,,grassland,18.618598535115126,54.331161311630645
,,,grassland,18.629439620842287,54.333316411367775
,,,grassland,18.631505209665285,54.33275530312622
,,,grassland,18.623817239543474,54.33131255074415
,,,grassland,18.620958208237866,54.3312311364931
,,greenfield,grassland,18.614832429194127,54.331759999250515
,,greenfield,grassland,18.615520245304523,54.331767080534995
,,greenfield,grassland,18.61516884116603,54.331559873371425
,,,grassland,18.61788005446079,54.330763005247746
,,grass,,18.48666658605397,54.4292809118351
,,,grassland,18.487013971816264,54.43091324919102
,,grass,,18.48667083971849,54.43239537573237
,,grass,,18.487096001103428,54.42816948343855
,,,grassland,18.482986344025548,54.43045084892626
,,,grassland,18.48655917248134,54.428073831040955
,,greenfield,grassland,18.482034815108737,54.429145274322785
,,,grassland,18.470885276316693,54.4332291361603
,,grass,,18.468697577678185,54.43601554265458
,,grass,,18.479874828089486,54.43170931707255
,,greenfield,grassland,18.47940812399097,54.43000356811595
,,grass,,18.48212547945667,54.430274255008
,,,wood,18.462218676669785,54.42398064538366
,,grass,,18.460847829030925,54.42005597755213
,,greenfield,grassland,18.460554280735042,54.41980180628336
,garden,,,18.474111282859116,54.42285903601249
,,greenfield,grassland,18.474805758574735,54.42279199021105
,,greenfield,grassland,18.45794818313004,54.42328205865145
,,greenfield,grassland,18.46001548592256,54.42205305428604
,,greenfield,grassland,18.459449545266594,54.42207549660607
,,greenfield,grassland,18.45873067945162,54.422361787877165
,,greenfield,grassland,18.458111303344317,54.42233280656584
,,,grassland,18.45628439725644,54.42371998685489
,,,wood,18.455820709657836,54.423281396550486
,,greenfield,grassland,18.458635139994207,54.419451219827124
,,greenfield,grassland,18.459271164743978,54.41920508012998
,,,grassland,18.457817329062298,54.41793944873623
,,,grassland,18.469608664224364,54.416844944235706
,,grass,,18.610983288856744,54.37724775742125
,,grass,,18.577439107844455,54.41842617355085
,,grass,,18.57666196527147,54.418171301706884
,,grass,,18.575724184802684,54.417809710759975
,,,grassland,18.56994943473504,54.35135048800132
,,grass,,18.57278744159839,54.35047914004191
,,grass,,18.57035786601137,54.35087592794348
,,,grassland,18.574420844137634,54.35158014359971
,,,grassland,18.571840072138997,54.35090563576006
,,meadow,,18.478496677326536,54.31228448286349
,,meadow,,18.480635597971553,54.31242574643225
,,meadow,,18.48034195073835,54.31379183023435
,garden,,,18.480153712720544,54.313440725309015
,,meadow,,18.481072738300767,54.31899421833532
,,meadow,,18.479537825765586,54.32016285803232
,,meadow,,18.4798624505237,54.3211493108224
,,meadow,,18.474552332871145,54.31962719459646
,,meadow,,18.47533282736378,54.321098011250676
,,grass,,18.489998645737938,54.427991501856454
,,grass,,18.491044135518095,54.4280344336071
,,grass,,18.48798432181577,54.41896977483881
,,grass,,18.48819985918965,54.42252509825199
,,grass,,18.493378172468507,54.4288259791531
,,grass,,18.494167937745022,54.428767806117655
,,,wood,18.491007314114572,54.42855875957845
,,,wood,18.492417101242896,54.42853889197944
,,forest,,18.45958211398613,54.314343046998914
,,,wood,18.481494009762795,54.41687033504328
,,greenfield,grassland,18.482361011045388,54.41717689828515
,,,grassland,18.483748334136447,54.417143692147114
,,greenfield,grassland,18.47778384247228,54.42182516981165
,,,grassland,18.474458246397003,54.42221098713186
,,greenfield,grassland,18.476155557786925,54.423712450971145
,,greenfield,grassland,18.477699529478386,54.425900744513974
,,grass,,18.477310809915274,54.42455366365772
,,grass,,18.476886661146935,54.42459715769926
,,meadow,,18.473266562417766,54.31729986289832
,,meadow,,18.46727522851562,54.314879277704904
,,,grassland,18.485957263302467,54.391187101540545
,,,grassland,18.489493700716643,54.39066897050181
,,,grassland,18.487601050684354,54.390199375081345
,,,grassland,18.477957426191203,54.38922183093553
,,,wetland,18.477828909682415,54.389412242688394
,,forest,,18.473824617295023,54.32299466492542
,,forest,,18.474123948775667,54.32214044457441
,,grass,,18.57833788631634,54.38674986141633
,,grass,,18.582463149164823,54.38612744628524
,,meadow,,18.470482817806687,54.32528481585048
,,forest,,18.47419464319434,54.325861832504245
,,forest,,18.47678910758767,54.32413997312434
,,forest,,18.478332810437482,54.32472368985479
,,greenfield,grassland,18.47439977112119,54.39924757309114
,,greenfield,grassland,18.473904885456957,54.39835862865703
,,greenfield,grassland,18.472899115514522,54.39883117614795
,,,grassland,18.470771629465357,54.39198326726524
,,,grassland,18.471605996171668,54.391996636375055
,,greenfield,grassland,18.4658863293076,54.394945152207434
,,greenfield,grassland,18.469946065478673,54.39273683504524
,,greenfield,grassland,18.469222585337057,54.39259219674801
,,,grassland,18.46756954503383,54.39325072128412
,,,grassland,18.471694433115676,54.394069882199645
,,,grassland,18.471205027428354,54.39380228349215
,,meadow,,18.470476992381293,54.39318007891053
,,,grassland,18.468570087824965,54.395353957184184
,,,grassland,18.46684705838413,54.396189561104826
,,,grassland,18.469653362475928,54.39466236833681
,,greenfield,grassland,18.472540776104193,54.393135169413796
,,,grassland,18.47146345719668,54.395317972375814
,,greenfield,grassland,18.478236324780777,54.39768337631092
,,,grassland,18.479192537580687,54.397939150524095
,,grass,,18.484987636062698,54.39688515373902
,,grass,,18.478178024064142,54.390705223308366
,,grass,,18.49198818373509,54.38883264728876
,,greenfield,grassland,18.491701019756533,54.38827991139369
,,grass,,18.68180997381684,54.37284581159987
,,,grassland,18.540977976469573,54.348861786126854
,,,scrub,18.537930372071674,54.3476560212148
,,,wood,18.54071527765312,54.347933381969746
,,,wood,18.541783127048163,54.35052181338539
,,,grassland,18.538008784215528,54.34888508666015
,,,grassland,18.53931039786489,54.34821141254102
,,greenfield,grassland,18.539376956878957,54.34943539223817
,,greenfield,grassland,18.538533981542805,54.349044927442314
,,greenfield,grassland,18.540224096408565,54.349999572080364
,,,scrub,18.574943942388284,54.33149372811798
,,,scrub,18.575213263483146,54.33151452397561
,,,scrub,18.575133373003418,54.33128848808474
,,,scrub,18.575343999907123,54.331338256531915
,,,scrub,18.575625027782863,54.33145455123393
,,,wood,18.57789775388288,54.33146778085399
,,,grassland,18.573730643472153,54.32958689610706
,,,wood,18.576440615288682,54.330026852450565
,,,wood,18.576776750289607,54.3298857155181
,,,wood,18.57715425983723,54.33078783519081
,,,wood,18.576098520457823,54.33101847102567
,,,scrub,18.576537614054484,54.33137199830668
,,,wood,18.57784606561143,54.33120036359092
,,,wood,18.57833118147263,54.331157973587686
,garden,,,18.533974845200365,54.34920361197889
,,,grassland,18.533753476813363,54.346652924855654
,,,grassland,18.531395846939425,54.34677821277588
,,,grassland,18.5307346759852,54.34687183763159
,,greenfield,grassland,18.53676412992385,54.344634130808956
,,,grassland,18.530047724822168,54.354530646635
,,grass,,18.464645191132046,54.3833600486441
,,,grassland,18.462201850761954,54.42082220228838
,,,wood,18.511901211157202,54.36410710265181
,,grass,,18.51198904140339,54.36995759879895
,garden,,,18.520418755866345,54.37518264964422
,,grass,,18.598489147900214,54.404807963107885
,,grass,,18.590098510543115,54.408099081604085
,,grass,,18.54733084612679,54.36915345601282
,,grass,,18.548627438040768,54.36855681126511
,,,grassland,18.459820624919505,54.38612430287996
,,,grassland,18.46250284796793,54.38589309297896
,,,grassland,18.469181642696185,54.386720185821105
,,grass,,18.460363781274175,54.385884970755136
,,grass,,18.573588368664456,54.39951476218764
,garden,,,18.632432893000566,54.35409714025642
,,,wood,18.629959574561404,54.34654762227626
,,grass,,18.419525156984374,54.443736818722996
,,,wood,18.628267482178508,54.359469213111495
,,,grassland,18.625556746297203,54.36747382662264
,,greenfield,grassland,18.61560621231872,54.365538763116874
,,grass,,18.61475445448673,54.365628304498486
,,grass,,18.614186157298953,54.349281694855094
,,grass,,18.61621618575289,54.349131048387605
,,grass,,18.613044155686907,54.34920886211714
,,grass,,18.61432324550442,54.349133800557404
,,grass,,18.61614784463223,54.349026596661204
,,grass,,18.62374157301976,54.325687117291636
,,,grassland,18.618269920202156,54.32187740168241
,,,grassland,18.547251729886092,54.35407823073275
,,,grassland,18.546384175155243,54.35462564979009
,,,grassland,18.54509624649461,54.35408875395279
,garden,,,18.64957450394037,54.344062130939776
,,grass,,18.604548707955786,54.38095615491706
,,grass,,18.604662029860418,54.381179478719574
,,grass,,18.600903419651655,54.396022677275425
,,grass,,18.60155778480168,54.3960726728469
,,,grassland,18.60254348656446,54.39642455630947
,,grass,,18.5888459,54.40346535
,,grass,,18.580836755739792,54.37735349823634
,,grass,,18.65117640074911,54.340023518585824
,,grass,,18.651883074668767,54.340292272768195
,,grass,,18.567296217531286,54.393592953630055
,,industrial,grassland,18.61788179036198,54.401731818438215
,,industrial,grassland,18.62125238714691,54.39963049679124
,,grass,,18.603084348336473,54.401981408861566
,,grass,,18.60310375855241,54.40174720365111
,,grass,,18.602921580664507,54.40192512185028
,,grass,,18.581372692921473,54.394240088049685
,,grass,,18.581227508900216,54.394298580972425
,,grass,,18.580727860529745,54.39414401691974
,,grass,,18.582108682665385,54.39364592228504
,,greenfield,grassland,18.63666022452272,54.373583540912534
,,grass,,18.489792081438853,54.354299911826836
,,grass,,18.48849997076,54.354384988296694
,,grass,,18.48996269549852,54.35483257248144
,,grass,,18.49103486679865,54.35408202343998
,,grass,,18.650807501452395,54.36090352547446
,,grass,,18.65143171581001,54.36233732302098
,,grass,,18.651666118313116,54.36187333171548
,,grass,,18.65199568330409,54.36168909972751
,,grass,,18.621429940400777,54.383505042635356
,,grass,,18.621311107307967,54.383497064611255
,,,wood,18.61629803009843,54.41656155987904
,,,wood,18.613942442876887,54.41754327821003
,,,wood,18.595733304585508,54.42011709325474
,garden,,,18.595664425912062,54.42248464513343
,,,wood,18.61925773352068,54.41534648453189
,,,grassland,18.592478676049904,54.42029551064608
,,grass,,18.490034522466118,54.43023171543573
,,,grassland,18.49027621394031,54.43130946128478
,,grass,,18.572339017258983,54.42087975359864
,garden,grass,,18.615991116120018,54.3777356914838
,,grass,,18.616018077600387,54.37778080561527
,,grass,,18.61578214141427,54.377494721437444
,,,grassland,18.585214025871995,54.35884342173487
,,grass,,18.438107527128142,54.448385166895264
,,grass,,18.441592184956928,54.45164025293325
,,grass,,18.432510279219986,54.44858232415067
,,,wood,18.674528051463472,54.40622521368777
,,,wood,18.68865562276752,54.39510013343697
,,greenfield,grassland,18.57827923354135,54.43653106829998
,,greenfield,grassland,18.577368159030055,54.43644054694992
,,greenfield,grassland,18.563794040311933,54.4273588408142
,,grass,,18.56359923506553,54.42883711001239
,,,wood,18.612407354650966,54.333257029381585
,garden,,,18.606422900000002,54.33468709999999
,,,wood,18.609567583001656,54.338573279288575
,,grass,,18.611977966043767,54.33724378566246
,,grass,,18.612293605367498,54.3372002764281
,,grass,,18.612614087996505,54.337142966465244
,,,wood,18.645890094400784,54.34208597498074
,,grass,,18.57280934850338,54.41886097882684
,,grass,,18.57256920753698,54.42026652724621
,,grass,,18.57258500136631,54.418209626899355
,,grass,,18.572299008093584,54.418291112789355
,,grass,,18.572424112925233,54.41883478951977
,,grass,,18.572528880099053,54.42009026639598
,,grass,,18.572237500973745,54.4191957089252
,,grass,,18.574708197267533,54.41779015291347
,,grass,,18.573113914488655,54.41702517873968
,,grass,,18.57278515929119,54.41716800634296
,,grass,,18.572217601458572,54.4168678986878
,,grass,,18.572365654853844,54.41660371539515
,,grass,,18.57211600050142,54.417934437403765
,,grass,,18.571862417184697,54.41804076803732
,,grass,,18.57221504814933,54.4175882128679
,,grass,,18.572105901998924,54.41771441874045
,,greenfield,grassland,18.582619305872015,54.43455159631357
,,,grassland,18.580332013515044,54.4340787379216
,,,wood,18.685991300711628,54.37221856371305
,,,wood,18.68995337812614,54.37012063463874
,,,grassland,18.69078778764895,54.370588278978055
,,grass,,18.614449967711867,54.37231830099644
,,grass,,18.61483439620371,54.37224346395323
,,grass,,18.615552300871144,54.3721240221254
,,grass,,18.615774494987,54.37207966861692
,,,wood,18.590809627419127,54.390466235258025
,,grass,,18.5567989473033,54.43432429946038
,,grass,,18.558815302459866,54.434506675384114
,,,wood,18.560783751978615,54.43509479129994
,,grass,,18.402753655038154,54.417485533730265
,,grass,,18.483932182793684,54.379877961570266
,,grass,,18.483153033081567,54.38032779085929
,,grass,,18.483377528840723,54.38040721256407
,,grass,,18.462921405020946,54.38319944939244
,,grass,,18.46358820219445,54.38312292727705
,,,wood,18.575899689773674,54.3872148712352
,,,grassland,18.595588514857486,54.39376745344044
,,greenfield,grassland,18.609776969043864,54.343447158355865
,,grass,,18.600277166039966,54.404714256237284
,,grass,,18.600680404038073,54.40478762729472
,,,grassland,18.48943104191174,54.42677689983098
,,,wood,18.490542234420882,54.42885797822577
,garden,,,18.470155686998638,54.419884487402655
,,grass,,18.403631463536904,54.41613546823238
,,grass,,18.401900404278432,54.41590478256809
,,,grassland,18.642237416438164,54.324992691826615
,,grass,,18.559446115385477,54.44860457361678
,,,grassland,18.636022045657015,54.372562994688856
,,,grassland,18.635459441012355,54.3730780310209
,,,grassland,18.635424436528425,54.374527717251404
,,,wood,18.635492696342457,54.37427671650492
,,,grassland,18.637896606846713,54.37454005922748
,,,grassland,18.62698290413638,54.299966424152146
,,,grassland,18.617737001140334,54.29529218930884
,,,grassland,18.61555327828189,54.29474129954975
,,,grassland,18.612792786664215,54.29500001051558
,,grass,,18.610991437264875,54.39111214464607
,,grass,,18.603723288069197,54.40601238326538
,garden,,,18.603833261393948,54.405878839950596
,garden,,,18.603768749999997,54.40579365000001
,garden,,,18.60374267935718,54.40589447271987
,,grass,,18.603010096215833,54.405729109219585
,,grass,,18.60338305252985,54.405968498557655
,,grass,,18.60307127069249,54.405919773198995
,,grass,,18.60308513604007,54.40589421307202
,,grass,,18.581533219917386,54.41994932896368
,,grass,,18.581855820499612,54.41992111832663
,,grass,,18.535175740811834,54.417043329565146
,park,,,18.612164510042724,54.379774824730795
,,grass,,18.582032856288837,54.301553321859075
,,grass,,18.582244920622777,54.30189307238331
,,grass,,18.58148894155994,54.30202659190329
,,grass,,18.58124177530842,54.301738919917085
,,grass,,18.581579688831624,54.30161575264801
,,grass,,18.58165324649882,54.301569750298576
,,grass,,18.581680753187243,54.30161424833812
,,grass,,18.58136815416312,54.30159161053597
,,grass,,18.580969839310885,54.3016806780823
,,grass,,18.581633653079855,54.301526440922984
,,grass,,18.581846338864935,54.30149398312405
,,grass,,18.58223624193789,54.30152639837286
,,grass,,18.582375422228676,54.30174969753726
,,grass,,18.581584342287485,54.30178232840872
,,grass,,18.58174096279617,54.30179145716123
,,grass,,18.582026759080502,54.301805091990836
,,grass,,18.581918655345138,54.30172116487502
,,grass,,18.58157720067066,54.30211231493191
,,grass,,18.580419769079423,54.3023629327643
,,grass,,18.579339127991542,54.30258308588996
,,grass,,18.583189833153355,54.30154928899406
,,grass,,18.582522123767063,54.30190067719509
,,grass,,18.581700348456792,54.30181429399552
,,grass,,18.58199377043503,54.301753428118964
,,grass,,18.57866208612528,54.30296618208773
,,grass,,18.582460870396346,54.301456812048066
,,grass,,18.582691208808185,54.30141314996496
,,grass,,18.58276811819912,54.30136023753442
,,grass,,18.582703230575092,54.30114911616084
,,grass,,18.582962275989736,54.30134158978069
,,grass,,18.58090225987525,54.30157797369438
,,grass,,18.580711971262797,54.301607511608346
,,grass,,18.582064015817163,54.301315794278985
,,grass,,18.580857696807293,54.30092621431253
,,grass,,18.58081374460149,54.30124899098624
,,grass,,18.581075160388234,54.301455085036636
,,grass,,18.581854608326633,54.30127633650355
,,grass,,18.581275803487106,54.301135269666645
,,grass,,18.581309024743348,54.30130517044584
,,grass,,18.58110105446762,54.30116623393126
,,grass,,18.58140556029038,54.3010473019394
,,grass,,18.581490004247353,54.30090956900296
,,grass,,18.581604347090057,54.301061615378
,,grass,,18.581862428736514,54.30099639815389
,,grass,,18.581685123651944,54.300809874094995
,,grass,,18.581574832113763,54.30072647503167
,,grass,,18.58112822544098,54.30076946679659
,,grass,,18.58048849021063,54.300901200753835
,,grass,,18.581301330292007,54.300732431769546
,,grass,,18.581689331980638,54.300655572160686
,,grass,,18.58162701170028,54.30066105044098
,,grass,,18.58042568119869,54.30080175998197
,,grass,,18.58105721571554,54.30063796839789
,,grass,,18.581616254276323,54.30053153179461
,,grass,,18.581232639365066,54.30050415573685
,,grass,,18.58047158780355,54.30021071001903
,,grass,,18.58094949942851,54.299853288248976
,,grass,,18.58133183436432,54.300125624837484
,,grass,,18.58090949038598,54.30031717734348
,,grass,,18.58062637023406,54.300078565202504
,,grass,,18.580570749594568,54.30027182809519
,,grass,,18.580659827167988,54.30041583010123
,,grass,,18.580734112737936,54.300490256885084
,,grass,,18.58087120137788,54.299989443575335
,,grass,,18.581067281213745,54.30017322524915
,,grass,,18.5788491524449,54.30031210860781
,,grass,,18.576610125538014,54.30111225480681
,,grass,,18.577426862387718,54.30173341720671
,,grass,,18.579043242769362,54.30197637694672
,,grass,,18.579220300396273,54.30193464351829
,,grass,,18.579950364076545,54.301743392259816
,,grass,,18.580354765290608,54.301657490992206
,,grass,,18.582324121592144,54.30118094277607
,,grass,,18.638701620428982,54.348955698262884
,,grass,,18.637707052632994,54.34893419316195
,,grass,,18.58893597327767,54.42424848539057
,,grass,,18.588486526022272,54.42484227146856
,,grass,,18.589721049999998,54.42349175
,,grass,,18.58971402596323,54.42360394815181
,,grass,,18.58971035,54.42371530000001
,,grass,,18.58970982880714,54.42380181488032
,,grass,,18.589728570935428,54.423871029088126
,,grass,,18.588383502489236,54.42456467570744
,,grass,,18.588288181108435,54.424545072688154
,,grass,,18.58221392886573,54.30093683513772
,,grass,,18.5820736202728,54.30071319518113
,,grass,,18.581998463855708,54.30059121417229
,,grass,,18.581857642832396,54.300365044063426
,,grass,,18.58188009637039,54.30010313753568
,,grass,,18.581566489303654,54.30002164451026
,,grass,,18.581493713138887,54.30004900172573
,,grass,,18.5819716245307,54.30083511641299
,,grass,,18.58201642664157,54.30090417267998
,,grass,,18.581431111645024,54.29993297287554
,,grass,,18.581912384856288,54.29983021979192
,,grass,,18.581324131436062,54.299787399221415
,,grass,,18.581822379177588,54.2996850401796
,,grass,,18.5820871218705,54.299730032675896
,,grass,,18.58196187235463,54.29963925776511
,,grass,,18.58252830601031,54.29968245497216
,,grass,,18.582152302458663,54.29988792066738
,,grass,,18.582890585143556,54.3004194739271
,,grass,,18.582556110980345,54.300427389018004
,garden,,,18.559309804504075,54.37425190296826
,garden,,,18.5592539979486,54.37417213861122
,,,grassland,18.687217865584703,54.373396038096374
,,,wood,18.728328007279572,54.37174118290818
,,grass,,18.713688867982107,54.3614260028787
,,grass,,18.710059295097366,54.3618052349517
,,grass,,18.58635324152763,54.416357318326796
,,grass,,18.588251658240242,54.41382565835525
,,grass,,18.573539034633466,54.41686881347743
,,forest,,18.409416670252572,54.335559679133986
,,forest,,18.41085671422456,54.33585642916406
,,meadow,,18.41131933835311,54.33618472622758
,,forest,,18.406691604345628,54.33512456918382
,,meadow,,18.40703388106441,54.33575279490452
,,meadow,,18.407205652305546,54.335267932152604
,,forest,,18.405531358551375,54.33610686417568
,,forest,,18.407516823630267,54.33358383471677
,,forest,,18.40513757902609,54.333882428905234
,,meadow,,18.403311036517565,54.33323921187174
,,meadow,,18.40701132379698,54.33376915316347
,,meadow,,18.40440399464157,54.33125143352586
,,meadow,,18.398226482437263,54.328703653265165
,,grass,,18.586120749734096,54.357913635455525
,,meadow,,18.397569830542782,54.33288201881516
,,meadow,,18.566366048524532,54.28974281102881
,,meadow,,18.567610244609867,54.28733935353082
,,grass,,18.558827404505447,54.28912512832284
,,grass,,18.5530153098192,54.28796536727444
,,,grassland,18.539825951154768,54.2898378157157
,,forest,,18.49639311608587,54.29062766627569
,,forest,,18.493474424976963,54.28798432212754
,,forest,,18.512562562451908,54.28711789561442
,,grass,,18.620093621031895,54.37092497320682
,,grass,,18.61856245245431,54.37214577910721
,,grass,,18.621169522896306,54.37098089287075
,,grass,,18.621607214177317,54.3705077707042
,,grass,,18.621451290160245,54.37055888074855
,,grass,,18.621326541635817,54.37060145140211
,,grass,,18.61708491282045,54.37190396061358
,,grass,,18.617984511709466,54.37128610604859
,,grass,,18.617264455052368,54.37106431586926
,,grass,,18.617352024996467,54.370938066148895
,,grass,,18.61704133991862,54.37107734477718
,,grass,,18.61729644116684,54.37123604892082
,,grass,,18.616937099999998,54.3714024
,,grass,,18.616523119192696,54.37161999402365
,,grass,,18.616825123286713,54.371326939674056
,,grass,,18.617021977749033,54.37135506383404
,,grass,,18.617249653714616,54.37163243997393
,,grass,,18.616921547119425,54.37170044268203
,,grass,,18.614331716246646,54.37195831331427
,,grass,,18.614493600457298,54.37220793452894
,,grass,,18.61275110282295,54.37212920964639
,,grass,,18.61684212558761,54.3714377755388
,,grass,,18.61735741709944,54.371313495620946
,,grass,,18.617181442386165,54.37130775271783
,,grass,,18.61693302662447,54.37125421041033
,,grass,,18.6179315441404,54.371828823423556
,,grass,,18.618199232060512,54.372170510938645
,,grass,,18.618237347215675,54.37232360817241
,,grass,,18.61774145066389,54.37233229422404
,,grass,,18.617519481063066,54.371901620769904
,,grass,,18.61893435257598,54.371982991303945
,,grass,,18.619138914444278,54.371786395574055
,,grass,,18.619584613259597,54.37163715833104
,,grass,,18.61982111163375,54.37156373473453
,,grass,,18.620038876286525,54.371543902687314
,,grass,,18.616721992650362,54.37145190269307
,,grass,,18.616624207848158,54.37198063786746
,,grass,,18.615292588693734,54.37220716614894
,,grass,,18.615245932586063,54.37218521573325
,,grass,,18.614889658736754,54.37233019183743
,,grass,,18.613854145232533,54.37044864802209
,,grass,,18.61340756211622,54.370488712187196
,,grass,,18.614084499817785,54.370411659192754
,,grass,,18.614315948888994,54.37078251669865
,,grass,,18.61396147265155,54.3705907652354
,,grass,,18.616017933528067,54.37078633884644
,,grass,,18.6160484833665,54.372922522519175
,,grass,,18.615967553072906,54.372767478645585
,,grass,,18.61747113322199,54.37252811349323
,,grass,,18.617035456457206,54.37269805774659
,garden,,,18.45214065210649,54.42050191733902
,,grass,,18.45231157969914,54.42071033529908
,garden,,,18.452351995116576,54.4206108214976
,,grass,,18.452387824567655,54.420670423674395
,,grass,,18.57255750408272,54.40005538130592
,,grass,,18.57267191017268,54.39993187270308
,,greenfield,grassland,18.448465059814513,54.44393275588282
,,,grassland,18.44399070207358,54.44575533934046
,,,grassland,18.440088648221625,54.44276017899643
,,,grassland,18.44179412273377,54.44269825534272
,,,grassland,18.444283483660136,54.442139335812186
,,meadow,,18.468506485027024,54.44243477235013
,,meadow,,18.46638296696002,54.44160569036925
,,,grassland,18.463226860378946,54.43916573153946
,,grass,,18.572410703740232,54.398843946115576
,,grass,,18.572760197273997,54.398456156377115
,,grass,,18.57249182438281,54.397287855478844
,,grass,,18.57229107131543,54.396905473481475
,,grass,,18.574693057487146,54.39746256644953
,,grass,,18.575000741904052,54.397192988981566
,,grass,,18.57470243187209,54.39396954937642
,,grass,,18.57456172938361,54.39410906960441
,,grass,,18.5744205038196,54.39424904859584
,,grass,,18.574279412221795,54.39438849977486
,,grass,,18.574140598526622,54.394526927232285
,,grass,,18.57399462761419,54.394665391297856
,,grass,,18.578661452370895,54.393002716138525
,,grass,,18.57823814862099,54.392894893509904
,,grass,,18.578151122719593,54.392870858378714
,,grass,,18.577986395333507,54.39283065167909
,,grass,,18.57823665146904,54.392761820320814
,,grass,,18.57831879324141,54.39278421696755
,,grass,,18.57498036315392,54.40128292122094
,,grass,,18.57556642603099,54.4014141899996
,,grass,,18.574248129887636,54.40131946439621
,,grass,,18.577689294659777,54.40179373884169
,,grass,,18.577735746204628,54.40184420661334
,,grass,,18.577598561654302,54.401866708584784
,,grass,,18.5780730369101,54.40184384435675
,,grass,,18.579051103593105,54.40202854164258
,,grass,,18.579274296379136,54.40212126238072
,,grass,,18.57958164664568,54.402173988830704
,,grass,,18.57970634973354,54.402144684203286
,,grass,,18.587122889906244,54.403258337325795
,,grass,,18.588239153937398,54.403456899763114
,,grass,,18.58866700925586,54.403734225378194
,,grass,,18.59217079278519,54.40340553421482
,,grass,,18.592132738587438,54.402899123042104
,,grass,,18.5760967289665,54.40165346144802
,,grass,,18.58550489446924,54.403007533548205
,,grass,,18.584871183409536,54.40290105870309
,,grass,,18.584151692939873,54.40277674544219
,,grass,,18.57851882982395,54.40178157092355
,,grass,,18.550115066648384,54.35103142783884
,,,grassland,18.484625943863744,54.394696438733874
,,,wood,18.482700684675912,54.39651439998183
,,,grassland,18.483277820119852,54.39629814020553
,,,grassland,18.48155762527142,54.398472155310465
,,,grassland,18.482696088103335,54.40010188956077
,,,scrub,18.4735151697795,54.38959248641237
,,,grassland,18.47186423972884,54.38851114126385
,,,grassland,18.47512613251079,54.38976129236831
,,,scrub,18.471986599556846,54.39251060970767
,,,grassland,18.471645463664874,54.39153291013632
,,,grassland,18.4713966578329,54.4078819263577
,,greenfield,grassland,18.458689376951938,54.41059216773802
,,,grassland,18.467760049605317,54.41033172045036
,,greenfield,grassland,18.46725162324597,54.41073053874534
,,greenfield,grassland,18.467994290874362,54.41107022158716
,,,grassland,18.465766996120717,54.411859517768306
,,,grassland,18.465357228458636,54.41032722365628
,,,grassland,18.46744715296243,54.41130945261734
,,,grassland,18.46000860076181,54.406945719161236
,,grass,,18.58176323174695,54.40191670860752
,,grass,,18.58152701089953,54.402045128417285
,,grass,,18.581609673654793,54.40191306204841
,,grass,,18.58166777127217,54.40183411788164
,,grass,,18.58181586312688,54.40163810543543
,,grass,,18.57756892403973,54.40152165959848
,,grass,,18.577649901658646,54.4013998588904
,,grass,,18.577728453064665,54.40128047035241
,,grass,,18.57780362309888,54.40116472217777
,,grass,,18.577873372433217,54.40105986953324
,,grass,,18.57798269459125,54.40089637240677
,,grass,,18.578093060801567,54.4007578045257
,,grass,,18.57828194488339,54.400555292066
,,grass,,18.57854623821473,54.400272043985126
,,grass,,18.57860606532007,54.400208603433704
,,grass,,18.578687722340163,54.400121755177764
,,grass,,18.57878320736648,54.400020619667345
,,grass,,18.577314370997435,54.401834293196394
,,grass,,18.577138641077095,54.4019121928049
,,grass,,18.582230743060556,54.40221861158985
,,grass,,18.58198685157878,54.40217768122071
,,grass,,18.582909078586365,54.4019240176801
,,grass,,18.582666516725002,54.40188237179594
,,grass,,18.582378549362346,54.40192045949139
,,grass,,18.58349193035156,54.40190763062377
,,grass,,18.582956727858797,54.40182312008207
,,grass,,18.582526210007575,54.401637788931
,,grass,,18.58228184459329,54.4023405628027
,,grass,,18.58289486227964,54.402427419912044
,,grass,,18.58295974106452,54.40227566428265
,,grass,,18.582475703858996,54.40226138194136
,,grass,,18.58262347232411,54.40196322920843
,,grass,,18.58286747519141,54.40200486438623
,,grass,,18.582422857713393,54.40183968541752
,,grass,,18.58344085610624,54.40201559914548
,,grass,,18.549335620983797,54.35095156257046
,,grass,,18.479440170592905,54.43045442751445
,,grass,,18.469325994988377,54.42580864430646
,,grass,,18.4680538,54.43062665
,,grass,,18.46646461567981,54.43071590780429
,,grass,,18.466977544791266,54.43098189168273
,,,grassland,18.456775636992692,54.41899835251666
,,,grassland,18.595837400606694,54.390024693677944
,,,grassland,18.595577160743844,54.38987483574478
,pitch,,,18.580126629921992,54.41766536429602
,,grass,,18.581493580504755,54.30140402785604
,,grass,,18.708324405238,54.38293106944786
,,grass,,18.711427813250673,54.38339623727054
,,grass,,18.711237069012547,54.38331379921591
,,grass,,18.710888430792984,54.38340476293358
,,grass,,18.7110103324986,54.38344582083718
,,grass,,18.71060104632442,54.38374922019664
,,grass,,18.708769516533103,54.38399249426657
,,grass,,18.710133929248144,54.383683812141065
,,grass,,18.709310892766574,54.38388269442431
,,grass,,18.70835783395073,54.38381599740021
,,grass,,18.71040511216006,54.38378738780838
,,grass,,18.5602595,54.312197350000005
,,grass,,18.59618137281152,54.40792893292205
,,grass,,18.596417584968908,54.40772576809508
,,grass,,18.59670960119998,54.407540803641034
,,grass,,18.59703169810105,54.40734848065743
,,grass,,18.597367386157043,54.40716725785703
,,grass,,18.59769854350378,54.406981340513695
,,grass,,18.598034950847715,54.406798732820754
,,grass,,18.59837803408799,54.40659931306728
,,grass,,18.598706086294456,54.40638130784191
,,grass,,18.598902219751242,54.40611384710887
,,grass,,18.59907471405253,54.40583958574942
,,grass,,18.59925142372782,54.41040611430115
,,,grassland,18.597660136581847,54.31675754157574
"Skwer ""Stołówka""",park,,,18.650467759107055,54.360454066582236
,,grass,,18.406747469401903,54.33293421015325
,,grass,,18.596718915824543,54.381628562207595
,,grass,,18.59452514385876,54.38045438430996
,,grass,,18.594410589046916,54.380551496944236
,,grass,,18.595228080100974,54.37969131116912
,,grass,,18.59520058771622,54.37958127700958
,,grass,,18.595174619229162,54.37948068981415
,,grass,,18.59543116370095,54.3794873827025
,,grass,,18.595301378499403,54.37934421856434
,,grass,,18.442580576522126,54.307463152473225
,,grass,,18.42629071053245,54.31166027323794
,,greenfield,grassland,18.587400880704614,54.319391395569674
,,grass,,18.609011387711387,54.291403663726285
,,meadow,,18.548791487264687,54.40907023997258
,,grass,,18.545996065273116,54.41155896121026
,,grass,,18.545690913897932,54.41152165407482
,,grass,,18.549126678702375,54.41054642498032
,,grass,,18.54974924423062,54.41053810020066
,,grass,,18.549568948127384,54.410532966650976
,,grass,,18.54873722110534,54.410924893108316
,,grass,,18.549140232335834,54.41067476625084
,,grass,,18.547301543162764,54.41134778274855
,,grass,,18.547581447959242,54.411334607546756
,,grass,,18.548620541240005,54.410923403934696
,,grass,,18.548130742009004,54.411035370122356
,,grass,,18.54813934294886,54.41129872172877
,,grass,,18.548007311705163,54.41124221386098
,,grass,,18.54765499508827,54.41115761070806
,,grass,,18.60079984031861,54.40443680072644
,,grass,,18.641912464617253,54.35342756971443
,,grass,,18.642254564819442,54.35362312777095
,,grass,,18.64187221748246,54.35291787169595
,,grass,,18.64105637559276,54.35074509140248
,,grass,,18.641137580516403,54.351058853710185
,,,grassland,18.456186053214232,54.415894998794464
,,,grassland,18.45625223820675,54.416557904528666
,,,grassland,18.45705587804742,54.414949269341236
,,,grassland,18.45546981591741,54.41531151020089
,,,grassland,18.454818007385214,54.4147763607433
,,greenfield,grassland,18.450871480423256,54.412615558877135
,,greenfield,grassland,18.45129263919468,54.4111302453074
,,greenfield,grassland,18.450461872559583,54.409316231283974
,,greenfield,grassland,18.450635832559612,54.409696244942815
,,greenfield,grassland,18.45199258599366,54.40887674594452
,,greenfield,grassland,18.452198210148108,54.4093322744214
,,,grassland,18.45601313548495,54.408828504561285
,,,wood,18.455246325081532,54.410121814683876
,,greenfield,grassland,18.447671017422337,54.414568919845706
,,greenfield,wood,18.448020365712964,54.41425693703612
,,greenfield,wood,18.448397873301897,54.41396340095906
,,,wood,18.451786309340754,54.412359329786874
,,greenfield,grassland,18.450213355792666,54.412711993555774
,,grass,,18.4495900572127,54.41280105115367
,,greenfield,grassland,18.44662859368408,54.414025337859265
,,greenfield,wood,18.4470998151022,54.412889211714734
,,greenfield,grassland,18.44967429895957,54.409413045150046
,,,wood,18.444157575504207,54.40953442081162
,,,wood,18.444678423550137,54.40869679667236
,,greenfield,wood,18.447860203105375,54.409349854104526
,,greenfield,wood,18.446975587725582,54.40942008609802
,,greenfield,grassland,18.44743140733185,54.40941185356242
,,,wood,18.446742578126,54.409958656839784
,,greenfield,wood,18.44627744251953,54.40979296259384
,,greenfield,wood,18.446643869280546,54.41038078466012
,,greenfield,grassland,18.44501510368905,54.40998537746816
,,greenfield,grassland,18.4462483040147,54.410445268020226
,,greenfield,wood,18.44827247344237,54.411350678124855
,,greenfield,grassland,18.44818329398133,54.41181470248013
,,greenfield,grassland,18.446489586584377,54.41210219078218
,,greenfield,grassland,18.446366911212337,54.41250760273903
,,greenfield,grassland,18.449902147766448,54.41135810072605
,,greenfield,grassland,18.451718595081694,54.41435180031301
,,greenfield,grassland,18.450228465632787,54.41525401192751
,,,wood,18.450736775041467,54.41421614478059
,,grass,,18.449715731795976,54.418778511251986
,,greenfield,grassland,18.568856334710826,54.391915410529705
,,grass,,18.56749433072256,54.39344916628578
,,grass,,18.56746665168346,54.39377865521566
,,grass,,18.5671433262319,54.393718283420355
,,grass,,18.592446670737637,54.42496590832506
,,grass,,18.592616810930508,54.425076139537055
,,grass,,18.592773627097746,54.4251777659376
,,grass,,18.592927120545642,54.425277158204146
,,grass,,18.593080220716594,54.4253763580056
,,grass,,18.59323256712744,54.42547509712591
,,grass,,18.592395175648257,54.424830432405365
,,grass,,18.593390876474515,54.42556831844422
,,grass,,18.41909447975265,54.45311355059213
,,grass,,18.444146809384723,54.450017701505296
,,greenfield,grassland,18.558192662244068,54.33947588539691
,,grass,,18.55803237595671,54.34390491384646
,,greenfield,grassland,18.55762887668389,54.34397493730338
,garden,,,18.567279317666873,54.33977291179212
,,grass,,18.54996148688947,54.35293059770414
,,,wood,18.579426425558466,54.31544831659274
,,,wood,18.572730661200495,54.314547661626115
,,,wood,18.59355311401002,54.3241715126728
,,grass,,18.594354620594647,54.328489715292825
,,grass,,18.591192219184123,54.32558663778036
,,grass,,18.59604772153463,54.32746305109836
,,grass,,18.595470844684446,54.32719141068641
,,grass,,18.593637682156768,54.3258103557424
,,grass,,18.59338858339673,54.32600311995827
,,grass,,18.592814062693105,54.32525411150979
,,grass,,18.592358356627386,54.32538681474078
,,grass,,18.59367925817928,54.32550596966283
,,grass,,18.593501899468283,54.328544886189114
,,grass,,18.59368409069027,54.32896964181712
,,grass,,18.592956758886334,54.328937721684
,,,wood,18.59092665115597,54.330570339961625
,,grass,,18.595014425223436,54.32862695748157
,,grass,,18.594284773424263,54.32999448567287
,,grass,,18.596355676794392,54.32832233078208
,,grass,,18.596473559491354,54.32833421676933
,,grass,,18.595194507449428,54.329373354624146
,,grass,,18.595092488933616,54.32946487350515
,,grass,,18.59669775406358,54.329877027125825
,,grass,,18.597929067979003,54.32872505051344
,,grass,,18.598141098488078,54.32842541719357
,,grass,,18.594707810386673,54.32923799633317
,,grass,,18.593602534736977,54.329702447206415
,,greenfield,grassland,18.59562895620815,54.32840077177715
,,grass,,18.597356525646536,54.328220934297
,,grass,,18.596626874446574,54.32792810540692
,,grass,,18.598229555976843,54.32770910221346
,,grass,,18.598407990776952,54.32749249915959
,,grass,,18.596902183263193,54.32706634430843
,,,grassland,18.592047758485297,54.32571697105763
,,,grassland,18.592111277192842,54.32560159238284
,,grass,,18.59463246509683,54.327307195982556
,,grass,,18.59503164494075,54.32733347605811
,,grass,,18.595042170766387,54.327154514343
,,grass,,18.59457979347028,54.327093437331825
,,grass,,18.593330976971853,54.32634578403189
,,grass,,18.593868696948235,54.32724668016597
,,grass,,18.593570955968843,54.32692274733133
,,grass,,18.593942358937387,54.32668428046995
,,grass,,18.594102034018402,54.326527280896066
,,grass,,18.59489468312944,54.326640403996876
,,grass,,18.593923113329527,54.32620815249388
,,grass,,18.594041343255313,54.32584009427287
,,grass,,18.59360739081036,54.32605918516774
,,grass,,18.59345566588146,54.3262563344941
,,grass,,18.594721475051244,54.32681221220709
,,grass,,18.595206513066362,54.32707312176391
,,grass,,18.59428974043664,54.32591775377114
,,grass,,18.592346896794336,54.3272499794328
,,grass,,18.593026721201912,54.326644225062395
,,grass,,18.593795725070635,54.32219372388863
,,greenfield,grassland,18.593401072001292,54.32289882102559
,,greenfield,grassland,18.47514784812023,54.425941828218846
,,,grassland,18.47551091922474,54.42162365758751
,,greenfield,grassland,18.451157442558525,54.41820360819032
,,grass,,18.510582097202178,54.350085509336644
,,,grassland,18.46325341977463,54.367016015763284
,,,grassland,18.46148930746312,54.36738596899663
,,,grassland,18.441781045369883,54.389613149008945
,,,wood,18.588906242424876,54.405017339783235
,,greenfield,grassland,18.49770936800434,54.36009616106924
,,,grassland,18.491855064953537,54.36137185750574
,,,grassland,18.492310410709756,54.36062937819551
,,grass,,18.49591603699296,54.35924511026498
,,greenfield,grassland,18.4969526,54.3577545
,,greenfield,grassland,18.49214033998865,54.35814582654037
,,greenfield,grassland,18.496239969617946,54.358633863384256
,,greenfield,grassland,18.494503061330622,54.362184942088675
,,greenfield,grassland,18.49364781855959,54.36207675826439
,,greenfield,grassland,18.492945677238406,54.36005967462768
,,greenfield,grassland,18.494679394604418,54.36000447891385
,,greenfield,grassland,18.4956993954504,54.357904905355475
,,greenfield,grassland,18.49478143511448,54.357995918889834
,,greenfield,grassland,18.50318334364812,54.34781864876372
,,greenfield,grassland,18.502981755263345,54.34579266196827
,,greenfield,wood,18.505803337086686,54.344494867600694
,,greenfield,grassland,18.506328911716842,54.344809620527926
,,greenfield,grassland,18.500576897879554,54.345096910370486
,,greenfield,grassland,18.501180946913493,54.34592402232822
,,greenfield,grassland,18.501074971934333,54.34634088371712
,,greenfield,grassland,18.50174204976448,54.3463327803532
,,,grassland,18.50849158576006,54.344012215794976
,,greenfield,grassland,18.508934723023753,54.34505260726117
,,greenfield,grassland,18.509378695062708,54.34534034564567
,,greenfield,grassland,18.505003638584604,54.345355798204054
,,greenfield,grassland,18.508778722131815,54.34573236968574
,,,grassland,18.45511098048941,54.44154996151772
,,,wood,18.45708517951536,54.442447860318424
,,,wood,18.455928618766823,54.44291408732194
,,,grassland,18.456129044076302,54.44119044552881
,,,wood,18.45607788095805,54.44179989318717
,,,wood,18.455248241841527,54.44167729556286
,,,grassland,18.455755001574303,54.4414773746736
,,greenfield,grassland,18.630505955593517,54.283795100676535
,,,grassland,18.629960279005413,54.28403734536881
,,greenfield,grassland,18.628293490789556,54.28390526372077
,,,wood,18.63853387550663,54.284342866525066
,,,grassland,18.638518904204222,54.28420831123332
,,,grassland,18.63777653220259,54.288840146935954
,,,grassland,18.637178464942966,54.28984948234458
,,,wood,18.63770694285071,54.28910763652334
,,,wood,18.637502172159042,54.28992702327693
,,grass,,18.63468910244275,54.29273655823433
,,greenfield,grassland,18.633222782384305,54.294314646469296
,,greenfield,grassland,18.629876026527384,54.31421181703802
,,grass,,18.554356357868308,54.40959974476544
,,grass,,18.554003440342314,54.40992924510835
,,grass,,18.55379247730693,54.41003825665669
,,grass,,18.55325049320115,54.41020632161312
,,grass,,18.552254201755794,54.41039026184676
,,grass,,18.55100297125335,54.410442734188855
,,,grassland,18.573196276439983,54.37910740069279
,,,wood,18.572656277478025,54.378258782897504
,,,grassland,18.572862854606072,54.3786979737855
,,,grassland,18.574345191271757,54.380256143245774
,,,wood,18.574243025786302,54.38009205036081
,,,grassland,18.570719674062985,54.37802113738322
,,grass,,18.571623663248612,54.37786242066417
,,,grassland,18.571469091415526,54.37815816540219
,,,grassland,18.576675547174265,54.38594518970391
,,grass,,18.576722663039586,54.39022843532374
,,grass,,18.57698864835325,54.39008227797427
,,grass,,18.57638398681024,54.38830355369457
,,grass,,18.576046355885314,54.38836602619934
,,grass,,18.576592551949936,54.38648784044491
,,grass,,18.576258236353038,54.38621870586824
,,grass,,18.576164604166966,54.383992848129324
,,grass,,18.574341226038282,54.38098194931367
,,,grassland,18.49299326657063,54.35323709205574
,,grass,,18.49029701586206,54.35471621476209
,,grass,,18.491015223492283,54.35631870248605
,,grass,,18.526880918724096,54.35543522107362
,,,grassland,18.589778487922835,54.32383857850373
,,,grassland,18.571414678556476,54.31265451327314
,,,wood,18.581759164409796,54.308719856615795
,,,grassland,18.60315179421996,54.30369856411632
,,,wood,18.606021995073398,54.302560342479595
,,,grassland,18.59788965053661,54.30666973282029
,,grass,,18.50328459313822,54.354422375455606
,,,grassland,18.54677391518018,54.339916662522775
,,,grassland,18.54196133594859,54.33876986740573
,,,grassland,18.54070666973497,54.33832786397476
,,,grassland,18.55264026514564,54.33220413144468
,,,grassland,18.578897367995957,54.33726922378809
,,,grassland,18.581240895432177,54.33577997462955
,,,scrub,18.622628788224272,54.33362882540661
,,,grassland,18.60143611823595,54.30261380045378
,,,grassland,18.60247048458505,54.30200130881781
,,greenfield,grassland,18.600093998458433,54.30189744299878
,,greenfield,grassland,18.5999984945602,54.30140293681107
,,greenfield,grassland,18.598916662563752,54.30063613348421
,,greenfield,grassland,18.588996610669092,54.30652607529324
,,greenfield,grassland,18.590327260006863,54.307214065953076
,,greenfield,grassland,18.588632482095527,54.308181907034786
,,greenfield,grassland,18.58209546041972,54.2982803536506
,,greenfield,grassland,18.58276893745956,54.29812014587303
,,grass,,18.584200627107123,54.29851747430231
,,,grassland,18.584237569193178,54.30039626429783
,,greenfield,grassland,18.587965117557758,54.300293120032116
,,greenfield,grassland,18.58906115484812,54.30306026635106
,,greenfield,grassland,18.588341458150257,54.30263512511386
,,greenfield,grassland,18.587489640006112,54.3017837407963
,,greenfield,grassland,18.587066492998417,54.300705938282604
,,greenfield,grassland,18.58756104527733,54.30096229653859
,,greenfield,grassland,18.58509820238634,54.29858432965473
,,,grassland,18.58537837223096,54.29873138339582
,,greenfield,grassland,18.585870813205617,54.29885284448364
,,,grassland,18.590595224668157,54.303165442951546
,,,grassland,18.590138162172263,54.30193046257409
,,,grassland,18.588812026247513,54.301670964039424
,,,grassland,18.590247448851766,54.30363382356841
,,,grassland,18.589362003150388,54.30585078197579
,,greenfield,grassland,18.58681890321641,54.30594828603964
,,,grassland,18.585629953105066,54.3066016571828
,,,grassland,18.58756888446157,54.30744053314909
,,greenfield,grassland,18.589023909588587,54.30715605718575
,,greenfield,grassland,18.589815500610857,54.30682268450437
,,greenfield,grassland,18.58863787835161,54.306163708328405
,,,grassland,18.586567750858407,54.3073373713526
,,,grassland,18.591716369098698,54.31498759258761
,,grass,,18.591481126508906,54.314513160029044
,,,wood,18.592961091797378,54.31410041352782
,,greenfield,grassland,18.592037119340688,54.314254997385525
,,,grassland,18.59097666842488,54.31783569610099
,,,wood,18.476284566260645,54.34982188278452
,,grass,,18.59537787169348,54.40277050007434
,,grass,,18.589174222506948,54.403395467162724
,,grass,,18.588934051155587,54.40340206911296
,,,grassland,18.58629912305138,54.405404850202835
,,industrial,grassland,18.586394826944264,54.405201652616746
,,greenfield,grassland,18.59094076656385,54.30047769806715
,,,wood,18.60846432825775,54.33233730343589
,,,grassland,18.607363177825395,54.33243303921498
,,,grassland,18.605379312708887,54.33235424690591
,,,grassland,18.611461792054758,54.33247963371419
,,,wood,18.58341936368811,54.3820029059737
,,grass,,18.57744126362013,54.38270266169439
,,,wood,18.58500119020261,54.38262970152108
,,,wood,18.577789732862293,54.384649473759104
,,,wood,18.577243501984942,54.384561315488746
,,,wood,18.577218389471525,54.38484748339342
,,,wood,18.577066517673625,54.3853354218763
,,grass,,18.593279634400194,54.316189153426954
,,grass,,18.59331546836391,54.3163034965564
,,greenfield,grassland,18.55598485030877,54.371152273901
,,meadow,,18.471724755750067,54.36918223379715
,,,grassland,18.47051659362845,54.368039659451384
,,,wood,18.484674883535977,54.36893399428406
,,,wood,18.486243908592073,54.368700088177995
,,,grassland,18.501492596200272,54.36625106993467
,,,grassland,18.451168839197422,54.41997291996681
,,greenfield,grassland,18.40659587509778,54.39975324551699
,,,wood,18.406272261383076,54.398562674413895
,,,wood,18.40568841589321,54.3996773308874
,,grass,,18.51228772433591,54.353665915926065
,,grass,,18.443587469910835,54.3654645019679
,,greenfield,grassland,18.445627359312518,54.36474945970864
,,greenfield,wood,18.480840504517044,54.349639568088904
,,,wood,18.496714194099116,54.33837981761851
,,,grassland,18.487752368347714,54.33794635418866
,,,grassland,18.4992981165472,54.33901104807699
,,,grassland,18.49632897052887,54.338803112217775
,,forest,,18.49236783857667,54.34027290458282
,,grass,,18.590330210328474,54.348308201928894
,,,wood,18.606010380267207,54.42132769061092
,,grass,,18.577330799004933,54.420538696192004
,,grass,,18.5782867036847,54.42135220204988
,,,wood,18.61756735274541,54.35035968267767
,,,grassland,18.614135459481375,54.352088389006376
,,,grassland,18.61628281444777,54.330566356314655
,park,,,18.482653348638816,54.3826391274221
,,,wood,18.5634311089212,54.413156068279505
,,greenfield,grassland,18.56881086478949,54.31443226685015
,,greenfield,grassland,18.565631613096738,54.31835709588179
,,grass,,18.575634104446486,54.43766689299714
,,,grassland,18.633256613895572,54.31845602959167
,,greenfield,grassland,18.638468025821812,54.324638018594676
,park,,,18.635046480521044,54.32391729038376
,,grass,,18.461481633543304,54.44982064897487
,,grass,,18.425161876665847,54.445870997343604
,,grass,,18.54287718537066,54.333931925748104
,,grass,,18.54330191520452,54.333929806019846
,,grass,,18.543207566322096,54.33387174867673
,,grass,,18.543238761904757,54.33378088797157
,,grass,,18.5422357,54.33397715000001
,,grass,,18.542095965886194,54.33389472658378
,,grass,,18.542392798572724,54.333758905657604
,,grass,,18.542992752699973,54.333631008457765
,,grass,,18.558317787252914,54.374350122975116
,,grass,,18.558946672642904,54.37429518404858
,,grass,,18.559337439351346,54.37436786025406
,,,grassland,18.6489326797468,54.402124005412254
,,grass,,18.5600162747918,54.374412177602856
,,grass,,18.55969906685066,54.37436821215877
,,grass,,18.559705406826524,54.37448050040351
,,grass,,18.559813614230553,54.3744810738073
,,grass,,18.559711188964048,54.374590133279
,,grass,,18.55981955087542,54.3745861818661
,,grass,,18.559396619535622,54.37451248840573
,,grass,,18.588352933043176,54.40813340828261
,,grass,,18.58620412672896,54.40877251140042
,,grass,,18.58668207717616,54.40866691057047
,,grass,,18.586953503966402,54.40861357859203
,,grass,,18.587161534728565,54.40859490963334
,,grass,,18.585528161842422,54.40883187332698
,,grass,,18.58542389669888,54.40865872076618
,,grass,,18.586364704350206,54.40853079344909
,,grass,,18.584437379352888,54.408782850944085
,,grass,,18.585753964449218,54.40853799743735
,,grass,,18.586693852761965,54.40839878370229
,,grass,,18.584820440460323,54.40866913509422
,,grass,,18.583583341249653,54.4089105680735
,,grass,,18.583733051599676,54.40882534371251
,,grass,,18.586463405252573,54.408973808036805
,,grass,,18.586355388843007,54.40902364068798
,,grass,,18.58649326935023,54.40901799534761
,,grass,,18.58661793215526,54.409012232319675
,,grass,,18.586769692718956,54.40900511109948
,,grass,,18.586037161749744,54.40910366782111
,,grass,,18.58620792987213,54.40908731302528
,,grass,,18.58529017955877,54.40928613094032
,,grass,,18.58474147785946,54.40933443706257
,,,grassland,18.701548027368627,54.38243150291382
,,,grassland,18.703150762509033,54.38297336812916
,,,grassland,18.69990468144197,54.38392386971758
,,grass,,18.482871384209265,54.380575626087534
,,grass,,18.482558861757322,54.38054693958214
,,grass,,18.482384030907806,54.3804140950381
,,grass,,18.48228068884955,54.38039275464393
,,grass,,18.482403756912955,54.38026438155515
,,grass,,18.48218415331175,54.38021218413973
,,grass,,18.482649253753106,54.38012797075504
,,grass,,18.482979721880298,54.38015400509859
,,grass,,18.483088718885462,54.3804852346801
,,grass,,18.483235215810584,54.38054738957559
,garden,,,18.48341586202255,54.38040734720935
,,grass,,18.482560576590814,54.38073863641577
,,grass,,18.58702612519319,54.40846650886432
,,grass,,18.588095590910164,54.4081280631477
,,grass,,18.5881762297941,54.407807900108864
,,grass,,18.562557982039905,54.37536062311412
,,grass,,18.56320499180568,54.375461902368535
,,grass,,18.56331751495756,54.37540760893323
,,grass,,18.56287732748653,54.37533049681093
,,grass,,18.562105420654426,54.375235795498355
,,grass,,18.562491262641583,54.37484398974697
,,grass,,18.561930324708555,54.37536679222988
,,grass,,18.56184790388805,54.37547100648165
,,grass,,18.561517890543602,54.37556279585539
,,grass,,18.56152657196902,54.37560974101389
,,grass,,18.56265730135763,54.375524688444976
,,grass,,18.56149947779491,54.375416253703094
,,grass,,18.561180203702538,54.37565918242945
,,grass,,18.56151876015207,54.375712855336594
,,grass,,18.561123010546677,54.37571264000252
,,grass,,18.562710087881225,54.37532403984426
,,grass,,18.56308822190141,54.37494161894391
,,grass,,18.56336162329594,54.37508840157335
,,grass,,18.56334322880191,54.374928448627884
,,grass,,18.563761012433275,54.37407654617544
,,grass,,18.564043701553878,54.37361010806963
,garden,,,18.564115323715168,54.3737229624281
,,grass,,18.564133187692935,54.37383046966287
,,grass,,18.564183312451323,54.3739448334757
,,grass,,18.56393078993524,54.374412540404904
,,grass,,18.5639694667588,54.37452956334988
,,grass,,18.564083941564363,54.374430399082854
,,grass,,18.563149229530147,54.3734738711458
,,grass,,18.56263445992646,54.37370649859589
,,grass,,18.563322502061986,54.37323305055413
,garden,,,18.56301188047289,54.37330378782222
,garden,,,18.562949340703916,54.373396000833225
,,grass,,18.56286429988234,54.37326774691417
,,grass,,18.56302668153225,54.373190729419875
,,grass,,18.562718983526448,54.37379322635007
,,grass,,18.562386642848725,54.373689009571386
,,grass,,18.562567984191247,54.37322920501921
,,grass,,18.56255347981882,54.37318885133365
,,grass,,18.56277223905327,54.37591328609154
,,grass,,18.563189251193702,54.37620128386858
,,grass,,18.558744703048593,54.373595254071546
,,grass,,18.559056039789066,54.3741197982448
,garden,,,18.562587565138553,54.374008127340666
,garden,,,18.562859495709333,54.374010589356985
,garden,,,18.562811484822888,54.373902237115
,garden,,,18.562947000772745,54.37411206625056
,garden,,,18.562962326810922,54.374202333840316
,,grass,,18.56183419325841,54.37400116726535
,garden,,,18.56198249636741,54.374134675177935
,,grass,,18.56167980878727,54.374065126997515
,,grass,,18.561697877529912,54.374161697467024
,garden,,,18.56176718233644,54.37427333338747
,garden,,,18.561786265114122,54.374379693933655
,,grass,,18.56203279889486,54.374518124205416
,garden,,,18.561842181733386,54.374469771368766
,,grass,,18.560881486063177,54.37557539837833
,,grass,,18.560883407182942,54.375479580332225
,,grass,,18.561299717461,54.37527115784411
,garden,,,18.560860666588887,54.37527256351009
,garden,,,18.56085928452532,54.37536867097511
,,grass,,18.55980771758851,54.37469261590787
,,grass,,18.56041448561955,54.37528776882567
,garden,,,18.560252797172,54.37521407474524
,,grass,,18.56050700426127,54.375033673561624
,garden,,,18.56038926884152,54.374973030880646
,garden,,,18.560780406521275,54.37521844983191
,,grass,,18.560247457657596,54.37537766041764
,garden,,,18.559949252983827,54.37499073188051
,garden,,,18.56011655863028,54.374969809008604
,garden,,,18.559975137708324,54.37506827304842
,garden,,,18.56013702585793,54.375071885495004
,,grass,,18.559680029776914,54.37478812063238
,,grass,,18.56099317357438,54.37436536506353
,garden,,,18.560817174493376,54.37421602704577
,garden,,,18.560658276367377,54.374235031174955
,,grass,,18.5606256828036,54.37432171758907
,,grass,,18.560644064827954,54.374432748015764
,,grass,,18.56044732635559,54.374475168789075
,,grass,,18.560370594686624,54.37425271727821
,,grass,,18.557689507850633,54.37414632740761
,,grass,,18.558288290151097,54.37400622849375
,garden,,,18.55738561880497,54.37456121838355
,,,grassland,18.559833025340016,54.37530119901479
,,grass,,18.587226869004933,54.408505088535875
,,grass,,18.587491721405208,54.4083309072977
,,grass,,18.58725339392824,54.40825206065492
,,grass,,18.586899940883363,54.40821291280527
,,grass,,18.586790923933997,54.40799635927594
,,grass,,18.604591948265348,54.38112133853934
,,grass,,18.59765008913602,54.414322892153535
,,grass,,18.55838248737081,54.37364219198461
,,grass,,18.562599463138266,54.37129181152662
,,grass,,18.558077298405397,54.370359708098675
,,grass,,18.549488867214237,54.37202766223418
,,grass,,18.542539362709764,54.37238194776652
,,grass,,18.539051076136765,54.37427434600322
,,grass,,18.532430669802444,54.37620121656116
,,grass,,18.564941486120233,54.372615099998264
,,grass,,18.566112006885042,54.37340501834406
,,grass,,18.56575381512834,54.37320820334908
,,grass,,18.565633299421286,54.373143345154816
,,grass,,18.565364941382164,54.37303846423604
,,grass,,18.565057462238865,54.37289019924329
,,grass,,18.564121391486477,54.37212503643104
,,grass,,18.5638790426768,54.37191427333631
,,grass,,18.560302585013723,54.37064669853567
,,grass,,18.566766035232217,54.373901666248386
,,grass,,18.56878073994603,54.37301581748765
,,grass,,18.56697054663485,54.37344025455954
,,grass,,18.56637345804286,54.37416494639334
,,grass,,18.566150633543728,54.37411862564906
,,grass,,18.5649142054473,54.37494159300662
,,grass,,18.565106017230548,54.37494341703929
,,grass,,18.565406289671014,54.37433699499284
,,grass,,18.56497730951981,54.37415978191351
,,grass,,18.565152564220533,54.37425373310794
,,grass,,18.56515606392694,54.37438507347038
,,grass,,18.56496261660653,54.37445408930088
,,grass,,18.56504992566283,54.37461869221407
,,grass,,18.56460184860225,54.37432671182549
,,grass,,18.564510979304924,54.37469507189641
,,grass,,18.564605128430205,54.37458492897421
,,grass,,18.56432734930059,54.375170146630914
,,grass,,18.564023975431887,54.37535651465851
,,grass,,18.56403556424346,54.37522955464809
,,grass,,18.56415418466868,54.374943858380696
,garden,,,18.564222366626378,54.37486292418151
,,grass,,18.56379783400535,54.37513263104373
,,grass,,18.56374689724597,54.37543613183079
,,grass,,18.563951761266704,54.375577061099854
,,grass,,18.563711872110442,54.37569691482705
,,grass,,18.56375264048995,54.37589342060761
,,grass,,18.56375792625207,54.37601525912058
,,grass,,18.563761752360854,54.37613596925767
,,grass,,18.56384980983961,54.376121232106016
,,grass,,18.5638396750474,54.376012973405295
,,grass,,18.5638373102429,54.37589323147928
,,grass,,18.5638946930986,54.37623394008588
,,grass,,18.56380458690783,54.37625614496929
,,grass,,18.563966952176273,54.37581727592981
,,grass,,18.56402745432942,54.37602854186629
,,grass,,18.564212741134085,54.37584257105647
,,grass,,18.564338771995455,54.37592572140133
,,grass,,18.56453921647535,54.37377911914644
,,grass,,18.564621309580254,54.37372339771847
,,grass,,18.564642377460345,54.373843849103125
,,grass,,18.564650458214714,54.373962669843976
,,grass,,18.564566254217805,54.373991971731634
,,grass,,18.563678138343153,54.37499445685532
,,grass,,18.564512013765867,54.37616617221136
,,grass,,18.564394724753804,54.37587734709283
,,grass,,18.564671209418485,54.37625767044386
,,grass,,18.564768345077397,54.37646770862722
,,grass,,18.565191611530267,54.37672649514937
,,grass,,18.565324295538954,54.37681960568694
,,grass,,18.565053495874814,54.376770210315854
,,grass,,18.565151574230605,54.376898147133325
,,greenfield,grassland,18.581761006151066,54.34525683037612
,,grass,,18.60028064972741,54.340982867684296
,,grass,,18.599682496083155,54.34105983590194
,,grass,,18.599186221680537,54.34112325152754
,,grass,,18.598408451309535,54.3412109276008
,,grass,,18.59798388657809,54.336606911009625
,,grass,,18.598021816125833,54.336706584380714
,,,grassland,18.44392082218752,54.379731109815715
,,forest,wood,18.460729263258706,54.3568936766364
,,,grassland,18.458575087230855,54.35642465423412
,,,wood,18.46313581214484,54.3618273297538
,,,wood,18.463410485982138,54.36126590881002
,,,wood,18.462620101382875,54.36330052331568
,,,wood,18.461652032320288,54.362291077409644
,,,grassland,18.460905673707842,54.36269904630949
,,,grassland,18.61149426191958,54.380007045308204
,,grass,,18.588071571543068,54.41783820182112
,,grass,,18.589118522179394,54.34110328643352
,,grass,,18.59076225857025,54.34080018714372
,,grass,,18.598746232133752,54.34134737881922
,,,grassland,18.56433937271951,54.34639217510914
,,,grassland,18.563488262376982,54.346263615241035
,,,grassland,18.591027912163565,54.306837387016586
,,greenfield,grassland,18.486285485378858,54.38666435512371
,,greenfield,grassland,18.488809596046657,54.385816991866896
,,greenfield,grassland,18.48459995271645,54.387436323660765
,,grass,,18.483330339904178,54.38841116568056
,,grass,,18.484744741225846,54.38801411078438
,,grass,,18.484650954567027,54.388517815369596
,,grass,,18.483893083596925,54.38831093067415
,,grass,,18.48367651027478,54.38804275626577
,,,grassland,18.617018301854912,54.326449506917314
,,,grassland,18.628881213328654,54.354320071188866
,garden,,,18.62832486753329,54.35421590018504
,,,wood,18.62994210594995,54.354030407997065
,,,wood,18.628932551166344,54.354444536770295
,,,wood,18.629001058206214,54.355257594201156
,,,grassland,18.560202818256418,54.42742771095654
,,,grassland,18.637923728884918,54.32704545522768
,,,grassland,18.63544898421255,54.33000398269629
,,grass,,18.650575484148746,54.36031517389426
,,grass,,18.650603940863693,54.36067583468971
,garden,flowerbed,,18.650335524757924,54.360363984010135
,garden,flowerbed,,18.6501564798007,54.360432404351904
,garden,flowerbed,,18.65052756794109,54.36029502521458
,garden,flowerbed,,18.65027142594266,54.36048631995307
,garden,flowerbed,,18.65048331657222,54.360449226055636
,garden,flowerbed,,18.65074656356707,54.36045491325787
,garden,flowerbed,,18.65063775788055,54.36055586600952
,garden,flowerbed,,18.650467382558755,54.36057890454152
,,grass,,18.64099936857072,54.35932654874563
,,grass,,18.642044228014104,54.35999389147773
,,grass,,18.642783495231765,54.36046034209815
,,grass,,18.641557935764588,54.35997249286295
,,grass,,18.64233941140891,54.359003134310605
,,grass,,18.643420858870797,54.35840987829036
,,grass,,18.642988503437223,54.35876198077077
,,grass,,18.643767744416735,54.35913897763559
,,grass,,18.64355890843322,54.359145405252484
,,,grassland,18.636095048998158,54.35709871665723
,garden,,,18.63395736594589,54.36342866712706
,,,wood,18.598809477948812,54.370313338067945
,,,wood,18.599585750462573,54.372133523249495
,garden,,,18.574513075739834,54.35031388606592
,garden,,,18.5747757369857,54.35086700568763
,,,grassland,18.573274647982803,54.3524852297017
,,grass,,18.57501800754202,54.35701194600914
,,grass,,18.57562861323295,54.35673829172699
,,grass,,18.59655061294335,54.4092647499989
,,grass,,18.59838538821062,54.409540609879535
,,grass,,18.597491054911625,54.4094918297516
,,grass,,18.59773834934608,54.40923139193747
,,,wood,18.67816323155309,54.350858513899574
,,,grassland,18.68292408983362,54.350342640800235
,,,grassland,18.714045488729923,54.353147776257465
,,grass,,18.69484176707179,54.35314731732235
,,grass,,18.693490712734775,54.350698583401936
,,grass,,18.692614072636147,54.35164222561665
,garden,,,18.581279851150217,54.39022589737837
,,grass,,18.609779050000004,54.387266499999996
,,grass,,18.60965284108641,54.38723793651978
,,grass,,18.61557948315732,54.3588451299786
,,,grassland,18.61632558162526,54.35791844182966
,,,wood,18.631534833085027,54.3638208287463
,,grass,,18.59348479572313,54.40838988942058
,,grass,,18.594484401883623,54.40856786977547
,,grass,,18.594960232313877,54.408642823464
,,grass,,18.6474054034015,54.354793795850306
,,,grassland,18.554080795455103,54.34207076323289
,,,wood,18.71126432689952,54.35816988405272
,,greenfield,grassland,18.721799216846794,54.36033790536905
,,,grassland,18.726326160421433,54.360845525794055
,,,grassland,18.72746416944284,54.361289102244626
,,,wood,18.73945342080228,54.36019759375745
,,,grassland,18.736738191403315,54.35981230078557
,,greenfield,grassland,18.734964622526906,54.36016213605499
,,greenfield,grassland,18.735609807599953,54.360062444118334
,,grass,,18.712646752836296,54.360780651767634
,,grass,,18.712708144096617,54.36073268780628
,,grass,,18.71288599341736,54.36049259095981
,,grass,,18.70905268418758,54.361243097754844
,,grass,,18.710110521342845,54.36162449812144
,,grass,,18.710052739084553,54.36137910400121
,,grass,,18.710356047867236,54.36093600246911
,,grass,,18.708690771084637,54.36129923540415
,,,wood,18.72837641121136,54.35964832609729
,,,grassland,18.728110775534528,54.35961444036395
,,,wood,18.72945352143291,54.36131363615007
,,,grassland,18.729660551395686,54.36135075157658
,,,grassland,18.72911697549781,54.36059590418292
,,grass,,18.551733903349493,54.313154711923154
,,greenfield,grassland,18.463747012369055,54.44984345476034
,garden,,,18.655250037492674,54.36091062869031
,garden,,,18.657104360771108,54.36071826068203
,,grass,,18.661099228047032,54.405430221399484
,,grass,,18.6611988467895,54.405087597302405
,,grass,,18.594608761061373,54.40954016930088
,,,wood,18.56657821215666,54.3746476476421
,,,wood,18.565641551310158,54.37486296399852
,,,wood,18.56481039815322,54.37571361171039
,,,wood,18.56508684159054,54.37514228280105
,,grass,,18.565189273127856,54.37522861378501
,,grass,,18.56569622713347,54.374703111680645
,,grass,,18.564547793277693,54.375839125402166
,,grass,,18.565251439575256,54.376040239182146
,,grass,,18.565503389997016,54.375986743619954
,,grass,,18.565876547969896,54.37551519291787
,,grass,,18.56514415468821,54.37561417889629
,,grass,,18.56537203239159,54.37580896819764
,,grass,,18.565357495169568,54.375687912778474
,,grass,,18.565335052431795,54.37555809121056
,,grass,,18.56586600028187,54.375125527980025
,,grass,,18.565002965086588,54.376416126114805
,,grass,,18.56546174692548,54.37676931412709
,,grass,,18.56567029591951,54.37525636295886
,,grass,,18.56587450201049,54.37525013767677
,,grass,,18.5665621851261,54.37482880137218
,,grass,,18.566587639611967,54.374947815502246
,,grass,,18.566319923074488,54.37495424989695
,,grass,,18.566032143442282,54.37573686269695
,,,wood,18.566806583534333,54.375331569319755
,,grass,,18.567866773682958,54.3750009338135
,,grass,,18.567631345935318,54.374908229217205
,,,wood,18.56764884986936,54.37476336469012
,,grass,,18.606607917924638,54.381698655914704
,,grass,,18.606715853177658,54.3832186319734
,,grass,,18.60685175776118,54.38261532843808
,,,wood,18.608727692512378,54.371172208423616
,,,wood,18.609656216558935,54.37163768988967
,,,grassland,18.609358631655205,54.369315354089245
,,greenfield,wood,18.619544515917003,54.29447102301471
,,,wood,18.61700684537988,54.29287502556341
,,,grassland,18.618768475260524,54.304330919300476
,,,grassland,18.620503879665872,54.29439277656883
,,greenfield,grassland,18.621075168223303,54.29543372834825
,,,grassland,18.624900853860446,54.29970984432351
,,,grassland,18.628716917897673,54.299216117397314
,,,grassland,18.627128346071064,54.298895114407514
,,,grassland,18.62572694680142,54.29860690896366
,,,wood,18.628625517427576,54.30032045690442
,,,grassland,18.63013156310857,54.30027065192105
,,,grassland,18.629746715963922,54.3004232834303
,,,wood,18.629915059561146,54.30299037245554
,,greenfield,grassland,18.629543620119208,54.30416824433157
,,,wood,18.627384382550144,54.304362269011605
,,,grassland,18.62752427384817,54.3072438769122
,,,grassland,18.630879149966354,54.29813020226094
,,,grassland,18.630824679496385,54.298650283518306
,,,wood,18.63035473627314,54.297694286555156
,,,grassland,18.628926181770915,54.29655715954996
,,,wood,18.623025608982815,54.2956911799394
,,,grassland,18.622096393468254,54.29780270157589
,,,grassland,18.622595594875644,54.2962614077567
,,,grassland,18.612034203032344,54.29518869627292
,,,grassland,18.615777917542214,54.28913295506126
,,,grassland,18.629051926433288,54.29000152883053
,,grass,,18.622296003933887,54.293527917597146
,,grass,,18.623438513519854,54.29438457989776
,,grass,,18.61402979195858,54.29170352333721
,,,wood,18.608120726023735,54.295513576701985
,,,grassland,18.623902851942862,54.29570739453861
,,,grassland,18.628470307190113,54.29992474536325
,,,grassland,18.622901107080597,54.29849919640509
,,,wood,18.615992245085597,54.298200231903024
,,,wood,18.61428833831984,54.30532726032845
,,,grassland,18.613662964327766,54.30552600262703
,,,wood,18.613446796590086,54.30560032393127
,,,wood,18.615804335693536,54.30613894087778
,,,wood,18.61347698233553,54.30593100458461
,,,grassland,18.61403434231882,54.30620308241887
,,,grassland,18.617972654867405,54.30605689366579
,,,grassland,18.616309999052774,54.30493870316385
,,,wood,18.6162567862978,54.30445433320786
,,,grassland,18.618840341052938,54.30589537617613
,,,grassland,18.621876454961306,54.30607126317349
,,,grassland,18.62731999022702,54.308672175010074
,,,wood,18.62605620305642,54.30960750847168
,,,grassland,18.626871648044418,54.30614328745224
,,,grassland,18.616239103797493,54.30920383849999
,,,wood,18.619854559925265,54.3098388682303
,,,wood,18.61948582162111,54.30981890927013
,,,grassland,18.616213611501227,54.309968713481275
,,,grassland,18.619140006866214,54.30989867222884
,,,wood,18.616553446834786,54.30958313066573
,,,wood,18.615286690956196,54.309433005781
,,,grassland,18.60543995815816,54.29729641923625
,,grass,,18.604877428431728,54.296979146980384
,,,grassland,18.638859071170828,54.28619137570789
,,,grassland,18.6389322394393,54.285623085886556
,,,grassland,18.63896100288426,54.285101186069554
,,,grassland,18.638942454144484,54.284338227621745
,,,grassland,18.638823279370353,54.28363983460403
,,,grassland,18.638635157460076,54.28690031927902
,,,wood,18.63763224050042,54.28289066476946
,,,grassland,18.637039816964368,54.284008295921986
,garden,,,18.63725113053388,54.285662571401296
,,,grassland,18.62766169445447,54.313078950618355
,,grass,,18.614381145709395,54.31595600600317
,garden,,,18.62871094232422,54.316441658257475
,,,grassland,18.609498307638894,54.31265614997802
,,,grassland,18.610140528523733,54.315726010590645
,,greenfield,wood,18.613594569495408,54.31592481988996
,,greenfield,grassland,18.613751646204445,54.3154870754454
,,grass,,18.6245539765397,54.31909121367064
,,,grassland,18.624706840916,54.319201812367886
,,,grassland,18.61873251924996,54.317153636901295
,,grass,,18.61874326656017,54.31735301509258
,,,grassland,18.597855018513474,54.31173917805004
,,grass,,18.598918525415286,54.31441548023919
,,greenfield,grassland,18.59618230120349,54.31334511188845
,,,grassland,18.602276242575602,54.3122370952682
,,,wood,18.601976478934006,54.31222838340086
Skwer Hugo Conwentza,,grass,,18.637431052710316,54.28475084396176
,,,grassland,18.61669140184161,54.319113350820366
,,,grassland,18.584969346119834,54.32129720845148
,,grass,,18.58306966557372,54.32109209844072
,,,grassland,18.58381531441116,54.32042720180993
,,,grassland,18.573874644533554,54.32084982107282
,,,wood,18.59562034794732,54.31987868599308
,,grass,,18.600168252578868,54.320340090756375
,,,grassland,18.589480061319943,54.3141933578378
,,,grassland,18.582045452503742,54.31587354324659
,,,grassland,18.5815265977024,54.31567751063573
,,greenfield,wood,18.58865934309358,54.314661928254964
,,greenfield,grassland,18.586997391702983,54.3141576957084
,,greenfield,grassland,18.586075050154882,54.314029194741686
,,greenfield,grassland,18.58478363663174,54.31582086106745
,,greenfield,grassland,18.583832716435023,54.316136818599794
,,grass,,18.587674061154438,54.31569680739014
,,greenfield,grassland,18.58706686764352,54.31542498849981
,,greenfield,grassland,18.582554439486742,54.31373974747001
,,grass,,18.583165705105085,54.30608442566579
,,,grassland,18.583324449642546,54.30356911648237
,,,grassland,18.58170432954552,54.30457288524406
,,,grassland,18.582414301267768,54.30438982119854
,,,grassland,18.58393852019898,54.30406687277344
,,,grassland,18.593373915548064,54.307287048621625
,,grass,,18.58612228353492,54.303244772908535
,,grass,,18.60516887030619,54.30799487074795
,,greenfield,grassland,18.60597013347134,54.30698279722688
,,,grassland,18.607017242593265,54.30861994810846
,,,wood,18.608467493582836,54.30538267225606
,,grass,,18.606432109813145,54.30351473303887
,,,wood,18.60000879597303,54.316994656021336
,,,wood,18.597999988122584,54.32039639605569
,,,wood,18.59894365386275,54.32051722008314
,,,wood,18.598400178178938,54.320917840280295
,,,grassland,18.616564599384073,54.32860875044866
,,,grassland,18.617239388030896,54.328394917539555
,,grass,,18.61763356178235,54.32832349386996
,,,grassland,18.623120266935423,54.32863537666069
,,,scrub,18.610536595030318,54.327473247991776
,,,scrub,18.610314104662027,54.32770830064183
,,,grassland,18.615159313379245,54.32879208215237
,,,grassland,18.610316680266287,54.333026291292754
,,,grassland,18.610716882659634,54.332825566421214
,,,wood,18.6360561943051,54.339611191817546
,,,grassland,18.635713942527467,54.33887927096999
,,,wood,18.63164175905021,54.33855793647481
,,,grassland,18.632250952219394,54.33180016132598
,,,grassland,18.63335838601098,54.33230271260828
,,,grassland,18.60342628814548,54.332588635171106
,,grass,,18.60346978849232,54.332472190474796
,,,wood,18.60256535201213,54.332575030551965
,,,grassland,18.606871095189213,54.33222259268385
,,grass,,18.600167322405916,54.336022344052566
,,,grassland,18.602240735141514,54.33561611700817
,,grass,,18.598436753090024,54.334106608714265
,,,grassland,18.636127237217433,54.33490948111721
,,,scrub,18.63956342741869,54.338387437525746
,,grass,,18.634011930089997,54.33080269913602
,,grass,,18.61209250928665,54.328064235125424
,,grass,,18.611567340215014,54.32769485351291
,,,grassland,18.61230596122851,54.327884243952106
,,grass,,18.613650407760108,54.327962849678535
,,,grassland,18.614058764808835,54.32784864131549
,,greenfield,grassland,18.594025187753402,54.32102358011365
,,grass,,18.60167902169271,54.322713044171316
,,grass,,18.577070180401165,54.30085423463148
,,grass,,18.603821307710973,54.39406503661299
,,,wood,18.6040488909743,54.393884608939445
,,grass,,18.603568603980634,54.39581571007512
,,grass,,18.614950598591488,54.40694972737843
,,grass,,18.611778426635134,54.40394681399888
,,grass,,18.607529252733165,54.399744066452726
,,grass,,18.608243059502257,54.40043661893331
,,grass,,18.609333857965893,54.40147089522364
,,grass,,18.610334289530044,54.40239079643201
,,grass,,18.61047814365372,54.40253139991619
,,grass,,18.611160898945922,54.40315675344299
,,grass,,18.611904589332184,54.40386244971348
,,grass,,18.613114850394528,54.4050098389138
,,grass,,18.61281169645298,54.40492963817637
,,grass,,18.611883959390013,54.40363046145554
,,grass,,18.611285816157118,54.40307080170777
,,grass,,18.610172758298678,54.402036479849016
,,grass,,18.610700839702364,54.402505220792115
,,grass,,18.61228935124408,54.40401099047726
,,grass,,18.613921047479828,54.40556832574567
,garden,,,18.614319618257444,54.406151210727245
,,grass,,18.608285380485146,54.4002550581452
,,grass,,18.607824803914845,54.3998270859076
,,grass,,18.60765498977267,54.39967412985932
,,grass,,18.60455976160379,54.397171207827235
,,grass,,18.604204866238245,54.39685155230988
,,grass,,18.60546498845701,54.398030000838475
,,grass,,18.604691269792998,54.39688876511522
,,grass,,18.60490905065994,54.39709152489881
,,grass,,18.60534635549432,54.39750645519832
,,grass,,18.606101540533842,54.39821927177275
,,grass,,18.606765867318668,54.39883726839069
,,grass,,18.60659291863652,54.39867242580898
,,grass,,18.604237418760256,54.396437847111365
,,grass,,18.606846306776532,54.39913432049455
,,grass,,18.606454696510472,54.398730129358064
,,grass,,18.60548556051569,54.39785064242436
,,grass,,18.6039910647373,54.39644582177534
,,grass,,18.60729032413219,54.39933420217795
,,grass,,18.60571970292107,54.395414076132546
,,grass,,18.67391891058739,54.34870444784001
,,grass,,18.67141921948949,54.34844819930426
,,grass,,18.671576143761563,54.348533170502236
,,grass,,18.68459010995846,54.356719258671795
,,grass,,18.646402221913068,54.39594972844977
,,grass,,18.645474604963386,54.356782489437485
,,grass,,18.652100956304647,54.356731972568106
,,grass,,18.652234982171496,54.35676735067247
,garden,,,18.65723331471003,54.35556819785923
,garden,,,18.657150255842986,54.355583143942276
,,grass,,18.65655007941529,54.35536444635293
,,grass,,18.654344900812372,54.346038324622654
,,grass,,18.67963527157071,54.35708873129357
,,grass,,18.645060860500934,54.3455111365681
,garden,,,18.645022447002596,54.34545393872261
,,,grassland,18.624877338081063,54.392514139944566
,,,grassland,18.635819196146514,54.39197683801098
,,,grassland,18.63363759595655,54.3922095167195
,,grass,,18.636066586524255,54.39443248353962
,,grass,,18.635393787865578,54.394593530942565
,,grass,,18.634444290669123,54.395224267825704
,,grass,,18.63038127194937,54.397048451464876
,,grass,,18.629269525128873,54.39777982714848
,,grass,,18.627392157299795,54.398897403460886
,,,grassland,18.641563006925995,54.40166043917513
,,,grassland,18.64322137392677,54.40017109448776
,,grass,,18.643437568174654,54.3998668723078
,,grass,,18.643328767461075,54.39965767431976
,,,wood,18.609385109700032,54.37379938325218
,,grass,,18.480946688593928,54.421629890944295
,,grass,,18.48094675,54.42173005000001
,,grass,,18.48094745,54.42125055
,,grass,,18.480945982861797,54.421346364046954
,,greenfield,grassland,18.573448555434474,54.414677675049525
,park,,,18.63343358962749,54.407477900136314
,,grass,,18.638133632579777,54.403327242283005
,,,grassland,18.640393330884574,54.40205300811587
,,greenfield,wood,18.638110639856748,54.40192668715151
,,grass,,18.635426157088297,54.39564564323035
,,grass,,18.635602541099665,54.39580354742229
,,grass,,18.634299740554958,54.39621888657537
,,grass,,18.63461565115781,54.39666137666369
,,grass,,18.629297298703165,54.399315141223816
,,grass,,18.63763810146682,54.395226501283275
,,grass,,18.637970531620617,54.39471844832469
,,grass,,18.636740563968747,54.395454544983565
,,grass,,18.63460129783028,54.39641553370384
,,grass,,18.635227801040397,54.395759691291026
,,grass,,18.634977015083667,54.39590664807126
,,grass,,18.63465020389604,54.39603063757791
,,grass,,18.634475428649033,54.39611901865038
,,grass,,18.633628488205023,54.39682476991146
,,grass,,18.63474044659246,54.39651032840242
,,grass,,18.63085945033216,54.39839360070991
,,grass,,18.63067304998745,54.398227456880605
,,grass,,18.630212032185057,54.39816949138371
,,grass,,18.63072313733767,54.39855914959779
,,grass,,18.631978018391326,54.39763713718755
,,grass,,18.631803537567478,54.39744665460031
,,grass,,18.635372674018484,54.39639475313217
,,grass,,18.635727797593002,54.39630826324815
,,grass,,18.63462690248186,54.39679655903069
,,grass,,18.63489466397606,54.39672683555058
,,grass,,18.634618279350313,54.39686355371733
,,grass,,18.67959755892607,54.34883829922808
,,,wood,18.67782522309804,54.40640601993567
,,,wood,18.68029840309515,54.40539195544655
,,,wood,18.675574854835485,54.4080773130052
,,,wood,18.675585188879726,54.407597513204536
,,,wood,18.676643896336156,54.40695598687626
,,,wood,18.676205598703454,54.40669376897842
,,,wood,18.676749218283884,54.405816719935046
,,,wood,18.67129590316498,54.406293600189436
,,,wood,18.670460229758074,54.407080297105246
,,,wood,18.68294618860895,54.403509312389424
,,,grassland,18.69210381981946,54.387994723025784
,,,wood,18.552492952002442,54.353093965852764
,,grass,,18.597277152267676,54.414605756948895
,,grass,,18.59717664301667,54.414574852472576
,garden,,,18.65803510030812,54.35345463481675
,,grass,,18.658083530511597,54.353367924722455
,,grass,,18.65765362109707,54.35213427670537
,,grass,,18.592801382675134,54.32852237555932
,,grass,,18.59198656645973,54.32858070474976
,,,wood,18.58992674856666,54.33278931387104
,,,grassland,18.58966293967246,54.33154804114612
,,,wood,18.587371975669683,54.331895635308456
,,grass,,18.58772164259026,54.33190933563391
,,,wood,18.675164054411674,54.397075510978695
,,,wood,18.674236864602737,54.39625534542407
,,,wood,18.67696852209845,54.398081527580956
,,,wetland,18.640061533652812,54.28914041173343
,,,grassland,18.640580481388756,54.288441753201916
,,,wetland,18.63852251129519,54.29855445587033
,,,grassland,18.65551776124529,54.32377152897941
,,,grassland,18.656961199750672,54.3244040011709
,,,grassland,18.652647648374906,54.32381277633122
,,,grassland,18.656639878648065,54.32358862974307
,,,grassland,18.656568725329965,54.32246902301888
,,,grassland,18.657838879883837,54.32413415940445
,garden,,,18.642304950708084,54.348008167664666
,garden,,,18.64192950835205,54.34814714287473
,garden,,,18.642699380597783,54.348043605773604
,garden,,,18.645333278997793,54.347560297131416
,garden,,,18.644922859901317,54.34759937885048
,garden,,,18.644908646523728,54.347761145541924
,garden,,,18.6428139944833,54.34748069317972
,garden,,,18.642753252207875,54.347400039330026
,,grass,,18.64616575285232,54.35198063909123
,,grass,,18.646231755345163,54.35177190201072
,,grass,,18.646525209074056,54.35188146325249
,garden,,,18.646318383543736,54.351893700950285
,,grass,,18.64586485072838,54.351801863641036
,,grass,,18.645845928232745,54.351943248958925
,,grass,,18.64615720876358,54.3521248806017
,,grass,,18.646418238049648,54.35213579093313
,,grass,,18.64620905801135,54.352379100199215
,,grass,,18.644615391341876,54.348009053101684
,garden,,,18.646203239927587,54.351136698976035
,garden,,,18.646219933313013,54.35123542953876
,garden,,,18.646193796852597,54.351444458144215
,garden,,,18.64623934743175,54.351337179318996
,,grass,,18.644365236511945,54.35181803114779
,,grass,,18.644408450136485,54.35189088373487
,,grass,,18.642004883235437,54.35102826511752
,garden,,,18.641810572584372,54.349350975454165
,,grass,,18.64171655002815,54.34918908091932
,,grass,,18.64175390945205,54.34866473374607
,,grass,,18.64173833061748,54.34880989407955
,garden,,,18.64208917698345,54.34842613974372
,,grass,,18.64139472018823,54.348395241130596
,,grass,,18.641561352091063,54.34848145425544
,,,grassland,18.65691141283511,54.30774369234491
,,,grassland,18.68601197982774,54.3109711906624
,,,grassland,18.687040156177744,54.31310156816989
,,grass,,18.429950383513404,54.447834804804295
,,,grassland,18.42164575598302,54.44497958630736
,,,grassland,18.422849605080934,54.44377300933958
,,,wood,18.42309366813952,54.444848278475945
,park,,,18.42055965090532,54.444397678186924
,,,grassland,18.424915505008393,54.44331139323981
,,grass,,18.42631031053052,54.44291319725763
,,grass,,18.576716018198624,54.38455851417238
,,,wood,18.557079588310426,54.45019103699214
,,grass,,18.564262855254718,54.42010710682602
,,grass,,18.564715997375796,54.42045634506105
,,grass,,18.56449708335411,54.42067240496258
,garden,,,18.56346537315863,54.4233674171021
,garden,,,18.56461243041962,54.42370706613044
,garden,,,18.56360347547099,54.42348667357152
,garden,,,18.564278996107948,54.42362285674265
,garden,,,18.563893622589084,54.42381815405796
,garden,,,18.563968478733777,54.423575226148984
,garden,,,18.563998367748397,54.42333240308494
,,grass,,18.56337711026694,54.42849339482537
,,,grassland,18.569544053814152,54.31681489197315
,,,grassland,18.574122930611406,54.31524837581724
,,,grassland,18.57108465488197,54.31492607777997
,,,wood,18.575029540960042,54.31560452223781
,,,wood,18.574722150882753,54.315432415217195
,,,scrub,18.577461187105662,54.31597231203791
,,,wood,18.576577532102615,54.3154069577127
,,,grassland,18.574364022288506,54.31596805271381
,,greenfield,grassland,18.57460512807854,54.31606838134682
,,grass,,18.63963653348312,54.38324154287166
,,grass,,18.639518842612198,54.38300290060058
,,grass,,18.638173359970203,54.38223912017594
,,grass,,18.63829984613752,54.38217349772979
,,grass,,18.637094457423903,54.38137871029827
,,grass,,18.63697641147706,54.38143556575106
,,,wood,18.636702806460136,54.38155546559707
,,grass,,18.637435281950474,54.381261015725165
,,grass,,18.638196997727594,54.38193514974263
,,grass,,18.638433144836657,54.38208926651386
,,grass,,18.638540791794806,54.38205636451642
,,grass,,18.638653449009293,54.38212696231161
,,grass,,18.639340615220743,54.382581305168145
,,grass,,18.640046563429934,54.38306579585508
,,grass,,18.63936873606053,54.38273322645481
,,grass,,18.63895831135527,54.383100817735205
,,grass,,18.639762631479485,54.38346274118393
,,grass,,18.64064698946844,54.383386870070254
,,grass,,18.64064396725458,54.38355311856745
,,,wood,18.641252435182416,54.38376818161982
,,grass,,18.641494079326463,54.38405142648551
,,grass,,18.642027803751105,54.384193221455256
,,grass,,18.640533379672593,54.384026082722905
,,grass,,18.64102954123485,54.384435026957334
,,grass,,18.641892140514948,54.38480829409095
,,grass,,18.64202229204338,54.384717859081576
,,,grassland,18.54414665247753,54.332480536345095
,,,grassland,18.541545285266817,54.33181260144644
,,greenfield,grassland,18.510191476781586,54.33494610800161
,,greenfield,grassland,18.510106935132352,54.33555310392597
,,greenfield,grassland,18.50924307253931,54.3369473450799
,,greenfield,grassland,18.51133068803535,54.3366452206112
,garden,,,18.50826872234826,54.33853987358584
,,greenfield,grassland,18.507527275080747,54.33794720086644
,,,grassland,18.50938244201846,54.33780972911416
,,,grassland,18.5115909741276,54.33501586902259
,,grass,,18.512399815379506,54.33697979627832
,garden,residential,,18.512874482504085,54.33724698615325
,,greenfield,grassland,18.512821622198597,54.335689751835446
,garden,,,18.513338999329928,54.33590269897207
,,greenfield,grassland,18.513551243529935,54.33559441233801
,garden,,,18.51256098060193,54.33600480913427
,,greenfield,grassland,18.51440687306356,54.33689032071117
,,greenfield,grassland,18.513599065023282,54.336256885480346
,,,grassland,18.514339756953635,54.33872497678628
,,grass,,18.512941731050756,54.338832630337876
,,,grassland,18.513065612532387,54.33895307543515
,,greenfield,grassland,18.51475392388874,54.33961694297963
,,greenfield,grassland,18.515315771104472,54.33921553332082
,,greenfield,grassland,18.51594222038638,54.33889543403428
,,greenfield,grassland,18.513181850762308,54.33985672795162
,,greenfield,grassland,18.51295061652015,54.33916671622252
,,,grassland,18.523147230772146,54.335467899665375
,garden,,,18.51621217501626,54.336845195281995
,,grass,,18.515432698174404,54.33672668350089
,,,grassland,18.51678667121723,54.336451243627025
,,greenfield,grassland,18.515447869664314,54.33587222970064
,garden,,,18.51512287640211,54.33442310956321
,,,grassland,18.516193558012777,54.3349199510099
,,greenfield,grassland,18.522568943823664,54.33781370493135
,,greenfield,grassland,18.521388354666456,54.33751697192606
,,greenfield,grassland,18.52080043500516,54.3379263552604
,,greenfield,grassland,18.519748533837404,54.33874832070397
,,greenfield,grassland,18.52086645531909,54.338671013838585
,,greenfield,grassland,18.521905192693673,54.33862278168987
,,grass,,18.524988164790226,54.337788009246225
,,greenfield,wood,18.51942261170698,54.33929676158054
,,,wood,18.589008917863428,54.41542850729194
,,grass,,18.61048972321961,54.407009467848496
,,grass,,18.57936269178744,54.419296109742426
,,grass,,18.559283030511022,54.38020317210107
,garden,,,18.58335402200389,54.40061428521479
,garden,,,18.582858797888253,54.400676178492894
,,grass,,18.58044741132546,54.401724306929225
,,grass,,18.600123833057687,54.29398196965427
,,greenfield,grassland,18.48159473399751,54.343174259311176
,,,wood,18.49510913763776,54.346588369419095
,,,wood,18.494800917793725,54.34692794056545
,,,wood,18.494027861912837,54.346060688723995
,,greenfield,wood,18.49463624576103,54.34569722698816
,,greenfield,grassland,18.493804907824842,54.34539787588505
,garden,,,18.49501857006138,54.34525629639061
,,,grassland,18.501830491970704,54.34241385757861
,,,wood,18.49981780831486,54.342197543020994
,,,grassland,18.497057617065238,54.34237403418414
,,,wood,18.496737852983227,54.34248143517197
,,,wood,18.496944054200398,54.342038904780566
,,greenfield,grassland,18.50520705949271,54.33983988526092
,,greenfield,grassland,18.506199264931986,54.339932476005615
,,greenfield,grassland,18.515720050284017,54.342734022356886
,,greenfield,grassland,18.514511797722466,54.34230005727033
,,greenfield,grassland,18.51082902480671,54.342601347199924
,,greenfield,grassland,18.511627024508552,54.34280652323362
,,grass,,18.511542075914047,54.34314087183117
,,greenfield,grassland,18.512885653844386,54.34298644317001
,,greenfield,grassland,18.51454278533822,54.34288723567504
,,grass,,18.514025777826053,54.34302314931535
,,greenfield,grassland,18.512037312785594,54.342096069087084
,,greenfield,grassland,18.510662575395816,54.342026217765834
,,greenfield,grassland,18.51460318002057,54.343895768157154
,,greenfield,grassland,18.51273324798693,54.343579324835204
,,greenfield,grassland,18.512815392256446,54.34404183617466
,,greenfield,grassland,18.508820800079643,54.33890377340545
,,greenfield,grassland,18.509116760362655,54.339447964639355
,,greenfield,grassland,18.501542415059934,54.33734469453858
,,grass,,18.64162452164428,54.40692783694905
,,grass,,18.641602254615577,54.406849919509995
,,grass,,18.64515368140671,54.40589181181965
,,grass,,18.646296515505064,54.4055146935028
,,grass,,18.645268045497893,54.40593985782376
,,,wood,18.6475070878461,54.40470831578508
,,,wood,18.648131562590862,54.404466327572955
,,grass,,18.65427468459203,54.404518026548395
,,grass,,18.654204263732826,54.40444036477225
,,grass,,18.656560962505708,54.40480110044469
,,grass,,18.656300467094006,54.40472742200583
,,grass,,18.656244751977674,54.40485136945338
,,greenfield,grassland,18.523671491971445,54.336926907311636
,,,wood,18.528914453033032,54.336088837266765
,,grass,,18.50444453708739,54.35239949132769
,,,wood,18.503173722305547,54.34438827625638
,,flowerbed,,18.567598670556936,54.37412290437563
,,,grassland,18.48739951947655,54.363263076229416
,,grass,,18.56924313692554,54.39380435462857
,,greenfield,grassland,18.57468263221795,54.40973920269837
,,,grassland,18.456169688587362,54.327229064529
,,,grassland,18.423596043384848,54.32543468320398
,,meadow,,18.457503800558545,54.34610098813582
,,,grassland,18.437698730056727,54.323980416145076
,,,grassland,18.437521798068463,54.32422658500931
,,,wood,18.42544131905206,54.32694903511801
,,,wood,18.403205675267497,54.32460019739307
,,meadow,,18.39772286365806,54.32334609366761
,,meadow,,18.397719805379257,54.32416097189648
,,grass,,18.491499125632327,54.373571354853915
,,grass,,18.460402436879367,54.38191719234093
,,grass,,18.474004485274623,54.37817292568803
,,grass,,18.475711415375578,54.37892542231752
,,grass,,18.460800214067085,54.38198474568313
,,,grassland,18.458983850209005,54.383895568755264
,,,grassland,18.454022615397392,54.3832864833449
,,,grassland,18.590489151351452,54.37969909073812
,,greenfield,grassland,18.51107371028459,54.35132573102163
,,grass,,18.50981809409331,54.35170843335598
,,grass,,18.513814656605387,54.355687663120115
,,grass,,18.51536057478539,54.35465837244353
,,greenfield,grassland,18.512755266933283,54.3556451894421
,,greenfield,grassland,18.511911342081234,54.35585437321958
,,greenfield,grassland,18.508335120461947,54.35359061156682
,,greenfield,grassland,18.50843533455705,54.35475416758853
,,greenfield,grassland,18.510198835758867,54.35454042916774
,,greenfield,grassland,18.510216530785268,54.35317611490989
,,greenfield,grassland,18.509565343649495,54.35301032854751
,,,grassland,18.598735661444913,54.421457723195886
,,grass,,18.6072077771759,54.30110276806887
,,grass,,18.47460944207051,54.42552345180802
,,grass,,18.645411330821393,54.354455138214675
,,grass,,18.645229935044004,54.35350170809051
,,grass,,18.645300812155714,54.353639921321296
,,grass,,18.64685806639028,54.35719290792233
,,grass,,18.64268013258008,54.36084015204572
,,grass,,18.643057896241796,54.36066211887792
,,grass,,18.64320250988714,54.36071436279367
,,grass,,18.64294104489609,54.361080261954655
,,grass,,18.642386820272666,54.36111762999703
,,grass,,18.642711746585885,54.36128457698035
,,grass,,18.642208345015895,54.36118779029028
,,grass,,18.641871922970264,54.361141771743036
,,grass,,18.641360321588373,54.3613785953477
,,grass,,18.641238807160917,54.36090310594576
,,grass,,18.641366642484876,54.36081710074183
,,grass,,18.64144613504228,54.360581785848304
,,grass,,18.642260703942885,54.36090084811528
,,grass,,18.642047316162483,54.360894594247895
,,grass,,18.64279985739235,54.36168984282124
,,grass,,18.642488401756136,54.36195225143745
,,grass,,18.63991623485185,54.36278560917863
,,grass,,18.638313878359508,54.363778279568216
,,,wood,18.63946053135234,54.36279517287588
,,grass,,18.63973681683487,54.36261408884185
,,,wood,18.64026110557371,54.36230715970359
,,grass,,18.640885617577243,54.36192649697219
,,grass,,18.64111649464293,54.36163990933337
,,grass,,18.64125483183098,54.36175222632551
,,grass,,18.637237739535752,54.364390355664284
,,grass,,18.63733254579292,54.364554452504905
,,grass,,18.637757881438354,54.36448431956767
,,grass,,18.635286987620415,54.36555622890891
,,grass,,18.635136172507696,54.36604570567477
,,grass,,18.634990799570268,54.3659444925626
,,grass,,18.63385979288944,54.366438335122396
,,grass,,18.633787893570915,54.36641307211049
,,grass,,18.632000164657395,54.367718144312754
,,grass,,18.63223712295305,54.36776136724939
,,,wood,18.631350402363235,54.36775520933192
,,grass,,18.632149312347437,54.36745528750663
,,grass,,18.63270403421196,54.3670428811373
,,grass,,18.632248295573216,54.36711743305714
,,grass,,18.630213395405576,54.36853074045458
,,grass,,18.63043812286504,54.36865943301656
,,grass,,18.63055581309925,54.368730652452946
,,grass,,18.630060764931656,54.36886750790529
,,grass,,18.63021843438228,54.36895567747246
,,grass,,18.62982436462903,54.36875649153409
,,grass,,18.627428474390417,54.37019691396406
,,grass,,18.6272214350927,54.37054841081318
,,grass,,18.62749039740275,54.370577343155695
,,grass,,18.629888027924405,54.368461181697214
,,grass,,18.624629817316748,54.37184475886917
,,grass,,18.62477214535648,54.37223607476266
,,grass,,18.624523172626155,54.37238444131142
,,grass,,18.624309984795957,54.37241866050865
,,grass,,18.624338165922666,54.37226523430304
,,grass,,18.622885345920093,54.37288413142993
,,grass,,18.623779490009856,54.372169570314796
,,grass,,18.62196920648604,54.37366764595284
,,grass,,18.623002403099104,54.3732259298959
,,grass,,18.621979232746337,54.37384048820458
,,grass,,18.621349938502618,54.373576719135606
,,grass,,18.62116653849995,54.373697415714254
,,grass,,18.621510862732432,54.37370696650871
,,grass,,18.620795116538297,54.37413371081602
,,grass,,18.621164922702718,54.37430492021648
,,grass,,18.620762653742972,54.37437041337384
,,grass,,18.616272899316623,54.375581487752854
,,grass,,18.61602060384572,54.37572092755246
,,grass,,18.617586525390557,54.37538830620655
,,grass,,18.597644448518096,54.38275843813003
,,grass,,18.597853831636318,54.38285892723732
,,grass,,18.596223371882,54.38375773562009
,,grass,,18.597212793977842,54.383251348461876
,garden,,,18.47664149036795,54.425662365962
,,greenfield,grassland,18.50538858735376,54.3529336477978
,,,grassland,18.521140386235313,54.37377715131962
,,,grassland,18.52640678144041,54.37131773528814
,garden,,,18.52185428338476,54.37111975522506
,,,wood,18.524525802368885,54.37032909494613
,,grass,,18.608010438263804,54.33835387802851
,,grass,,18.608125974307395,54.33825301208902
,,grass,,18.608762040347465,54.33811119179015
,,grass,,18.607705523896126,54.338051238219876
,,grass,,18.607352227391345,54.3379277651707
,,grass,,18.607905998936406,54.33790242758595
,,grass,,18.608873818990475,54.33785959743185
,,grass,,18.60959606203183,54.337925312560714
,,grass,,18.609970935376726,54.33786861614662
,,grass,,18.609958673493264,54.33773349398513
,,grass,,18.610554238672147,54.33770365079727
,,grass,,18.61100593666426,54.33770600665694
,,,wood,18.61058732288979,54.337617589254876
,,grass,,18.61014509382432,54.33761662612451
,,grass,,18.610741674674784,54.33821982939158
,,grass,,18.61075767585479,54.338148363973374
,,grass,,18.60858410010464,54.338437664157205
,,grass,,18.60646575830597,54.338530461859726
,,grass,,18.607231397669516,54.33865739164813
,,grass,,18.605565830159144,54.338608640724594
,,grass,,18.606590677718508,54.33818884546654
,,grass,,18.605960267953567,54.33835192776612
,,grass,,18.60593330734297,54.338431804838116
,,grass,,18.604577491817395,54.338631862413166
,,grass,,18.60468365956075,54.33868004045889
,,grass,,18.604823645030336,54.33891001447427
,,grass,,18.604618487410068,54.33905690808866
,,grass,,18.602733811214595,54.33847651687741
,,grass,,18.60214407963596,54.338277255672836
,,grass,,18.60248169804744,54.338232596620436
,,grass,,18.602361967279986,54.33826597941304
,,grass,,18.60240917568368,54.3381118383589
,,grass,,18.60436934727339,54.338399613448054
,,grass,,18.604414322334684,54.33849786379273
,,grass,,18.61252140787294,54.33814827371601
,,grass,,18.612475348520782,54.3380636553257
,,grass,,18.61189266432372,54.338045748939265
,,grass,,18.61272718053446,54.338262329696995
,,grass,,18.614792297842808,54.3381683591111
,,grass,,18.61468672735441,54.33805016464793
,,grass,,18.61465866802497,54.33796340750264
,,grass,,18.613314467151447,54.337951348762765
,,grass,,18.610709283416494,54.338354550465986
,,grass,,18.572508329281,54.33741222195286
,,grass,,18.572882151479845,54.33803061115504
,,grass,,18.57130918227092,54.33975141273474
,,grass,,18.572636522953555,54.33913076983282
,,grass,,18.57053688723451,54.341217334215905
,,,wood,18.57213477964506,54.341396516058175
,,,wood,18.57209481028881,54.341506116764165
,,grass,,18.571001580637873,54.34293855158652
,,grass,,18.569828378868944,54.34217327798057
,,grass,,18.57039284189465,54.34006293873341
,,grass,,18.57037558493526,54.34102730460428
,,grass,,18.57040359584503,54.34195840170705
,,grass,,18.570700439620815,54.34446028486872
,,grass,,18.570883538848772,54.344158633151764
,,grass,,18.570705578697613,54.34478947703894
,,,wood,18.575707358684543,54.339209981278145
,,grass,,18.571240426681648,54.33671269279232
,,grass,,18.571851949983436,54.33645340626592
,,grass,,18.57193350104217,54.336800306139665
,,grass,,18.57038574380542,54.337990197461075
,,grass,,18.572087429063057,54.33831945800349
,,grass,,18.571807899579724,54.345505249381354
,,,wood,18.572581679370767,54.34530394339282
,,,wood,18.57297861699645,54.34553611123947
,,grass,,18.572014579087462,54.34598539204489
,,grass,,18.57221394094799,54.345923036015584
,,grass,,18.572293423732848,54.34649161121098
,,grass,,18.572087169909185,54.34661091797327
,,grass,,18.571379877663006,54.346028147225496
,,grass,,18.57153981780975,54.34650568630554
,,grass,,18.571152447761268,54.34687776213486
,,grass,,18.575831389514814,54.35214003336975
,,grass,,18.57612247826275,54.352256500994244
,,grass,,18.5759606593527,54.352065897551746
,,grass,,18.574906934571,54.35241749654109
,,grass,,18.575185135286695,54.35234077675489
,,grass,,18.57612025178362,54.352023528915325
,,grass,,18.57625868707847,54.352176046078235
,,grass,,18.576008600319852,54.35236837979674
,,grass,,18.576141021631948,54.35230838194341
,,grass,,18.576222539472074,54.352611114548814
,,,wood,18.576330411625335,54.352510632342074
,,,wood,18.576498988071947,54.352727501489625
,,,wood,18.576974644037055,54.35333970536362
,,grass,,18.57675959289862,54.353533699005965
,,grass,,18.576862838539856,54.353884487163405
,,grass,,18.57686429212587,54.353432476541705
,,,wood,18.575862742749237,54.35332270347585
,,grass,,18.57712021757033,54.35443590751702
,,grass,,18.577485136716355,54.35510512037224
,,grass,,18.57688318905848,54.35433181941177
,,grass,,18.577336719080005,54.35494905432082
,,grass,,18.576612883210053,54.3541965898443
,,grass,,18.577741501099737,54.35452066305836
,,grass,,18.578230794823025,54.35512059770862
,,grass,,18.578369180297603,54.355106658046935
,,grass,,18.57808913837017,54.35477604546683
,,grass,,18.577643035993542,54.35530307084294
,,grass,,18.57777512672652,54.35526037440983
,,,wood,18.576125810006204,54.35473640808973
,,grass,,18.576730774965725,54.35499841004103
,,grass,,18.57731116753506,54.35536448745573
,,grass,,18.57655889366187,54.35534333876852
,,grass,,18.576821115835074,54.35539693901788
,,grass,,18.57836646237079,54.3555203851134
,,grass,,18.577996439468052,54.35554581794881
,,grass,,18.577782045615834,54.35552721330558
,,grass,,18.57853179513934,54.35547405189364
,,grass,,18.578374972584466,54.35601361527805
,,grass,,18.578563811279974,54.35597526432699
,,grass,,18.578957412467616,54.35625512492518
,,grass,,18.57909913277355,54.356648445711734
,,grass,,18.578816712545443,54.356510435762296
,,grass,,18.578751299778787,54.35652252286901
,,,wood,18.578490170021222,54.35638188256473
,,,wood,18.578806295017085,54.356742833618036
,,grass,,18.579718011465292,54.35689819453675
,,grass,,18.579853540786583,54.35688091752187
,,grass,,18.57974290945418,54.357225044135085
,,grass,,18.57973241763309,54.35750582161067
,,grass,,18.57942406684613,54.35732930194524
,,grass,,18.579203722775294,54.35726090331433
,,grass,,18.579396577137185,54.35759763859508
,,grass,,18.579641147473104,54.35778607984784
,,grass,,18.57987080248246,54.35772466434052
,,grass,,18.580160900722614,54.35775251640512
,,grass,,18.580229215137756,54.357829620907424
,,grass,,18.580053234559912,54.35766345933754
,,grass,,18.58037119152837,54.357555676129365
,,grass,,18.58080426324761,54.35763457459901
,,grass,,18.580643764845576,54.35775557905207
,,grass,,18.579385971509456,54.356507068274205
,,grass,,18.57935437060459,54.35628401013756
,,grass,,18.579599431744608,54.35632116402938
,,grass,,18.57963055445487,54.35637402982032
,,grass,,18.579763975081562,54.356396005441525
,,grass,,18.576070082676196,54.35182435921639
,,grass,,18.575875663666707,54.3518314260255
,,grass,,18.607852951538018,54.40927484299704
,,grass,,18.607035368943066,54.40969808208013
,,grass,,18.645865427880047,54.34762725862255
,,grass,,18.649140354860293,54.34720354287557
,,grass,,18.649275765795323,54.34709462358252
,,grass,,18.6531870758768,54.3461859874587
,,grass,,18.653136498811474,54.34610732946111
,,grass,,18.656037016610913,54.34556855584538
,,grass,,18.656424117935508,54.34550828001581
,,grass,,18.65646911476966,54.34558908093777
,,grass,,18.658438127634625,54.34526575443891
,,grass,,18.658403739401393,54.345191982758415
,,grass,,18.661802750525034,54.344832851118774
,,grass,,18.662609216750983,54.344604777010495
,,grass,,18.662751023063368,54.34449378457202
,,grass,,18.663125876250625,54.34457136684889
,,grass,,18.6630957047725,54.34446767865166
,,grass,,18.66341358495841,54.34445525495887
,,grass,,18.66343671499935,54.34456740658873
,,grass,,18.665731639897192,54.34494069074959
,,grass,,18.665681427044714,54.34483802466349
,,grass,,18.605068422495055,54.347385115308604
,,grass,,18.60416215567097,54.34728658220389
,,grass,,18.603959579383957,54.3470303199319
,,grass,,18.603710997507502,54.34687825267189
,,grass,,18.603700793665453,54.347047492575015
,,grass,,18.603781864779744,54.347166665856406
,,grass,,18.605028264828622,54.34771840037182
,,grass,,18.60593159368633,54.34793629483798
,,grass,,18.60585125831951,54.348041929705545
,,grass,,18.60617857404775,54.347830254988295
,,grass,,18.60663927740422,54.34792162530753
,,grass,,18.60694625544765,54.34789326532194
,,grass,,18.606745858244814,54.348301380369904
,,grass,,18.606851045168582,54.34822944448503
,,grass,,18.606469022360635,54.3481229221967
,,grass,,18.604564045578922,54.34770783553602
,,grass,,18.603930992882937,54.34748138084998
,,grass,,18.603368464340814,54.34748151151368
,,grass,,18.603581035827162,54.347739782346714
,,grass,,18.60283950244562,54.34782550827231
,,grass,,18.60011258254333,54.349367018837185
,,grass,,18.59995191830216,54.349306544669886
,,grass,,18.59751530177136,54.3502976967038
,,grass,,18.599107195245182,54.34997229038909
,,grass,,18.62932751741799,54.3746663141226
,,grass,,18.62908386971974,54.37487300450881
,,grass,,18.578667580225815,54.3908983077874
,,grass,,18.578462931247152,54.39077804978164
,,grass,,18.57818522107197,54.391193063397424
,,grass,,18.57871133695851,54.391323903122654
,,grass,,18.578519214981636,54.39111489239873
,,grass,,18.578190895555366,54.39097715068187
,,grass,,18.577969356376403,54.39090448817213
,,grass,,18.577982145989118,54.391024390820164
,,grass,,18.589033307615193,54.382154743664785
,,grass,,18.58863056120933,54.3819492240027
,,grass,,18.589630426571173,54.382459399838744
,,grass,,18.588230946612967,54.38174425015689
,,grass,,18.711615405900847,54.36332769690055
,,grass,,18.70755081088602,54.361516829631896
,,grass,,18.632684155824013,54.386453677154
,,,wood,18.634146180537073,54.3829181480666
,,,grassland,18.63233090424935,54.38247109119119
,,,grassland,18.63748045264181,54.38493917009653
,,,wood,18.636122898884764,54.384213808781
,garden,,,18.66046749450486,54.34236237036122
,,,wood,18.62791234569984,54.34926262770353
,,,wood,18.625948921442788,54.34703770953996
,,,wood,18.596353733539775,54.31214513717374
,,grass,,18.580832048273198,54.377822431184455
,,grass,,18.580712854440794,54.37779387259507
,,grass,,18.580755433881972,54.37777044010896
,,grass,,18.58064462079487,54.37781213654468
,,grass,,18.58076968427949,54.37785288940066
,,grass,,18.580911370130142,54.37780043423675
,garden,,,18.60512682837151,54.29768844108914
,,,wood,18.632240694446466,54.38893822822531
,,,grassland,18.608726257323173,54.36259748979261
,,,wood,18.595045958209415,54.35732571689356
,,,wood,18.599495062794873,54.3605392113622
,,,wood,18.595290329031705,54.35751592345838
,,grass,,18.596509611780977,54.35838867200006
,,,grassland,18.597011974434515,54.35820123346391
,,,wood,18.605203821060577,54.361656822831755
,,,wood,18.689590023733746,54.37414516920482
,,,wood,18.690769758980796,54.37280345811803
,,grass,,18.642620460532456,54.38511869004914
,,grass,,18.6238636665231,54.406728182778
,garden,,,18.56871722128704,54.44759151356452
,,,grassland,18.634304269097047,54.30387551472895
,,,grassland,18.633374473881435,54.30344437696381
,,,wood,18.634272865572914,54.302150111085396
,,,grassland,18.63465179464049,54.30239222909481
,,,grassland,18.638816686830353,54.303995231518414
,,,grassland,18.637277181395596,54.303786515412064
,,,scrub,18.49354263623813,54.383482374458914
,,,scrub,18.49370765564664,54.383550753714104
,,,scrub,18.494731206912753,54.38361032916401
,,,grassland,18.492098049697116,54.3849085290792
,,greenfield,grassland,18.495617280220763,54.38463022762031
,,greenfield,grassland,18.49608824796499,54.385284151078395
,,greenfield,grassland,18.49680407843967,54.38515766402711
,,meadow,,18.489076359835078,54.38512157936837
,,greenfield,grassland,18.477010967402425,54.388376999579734
,,greenfield,grassland,18.476160839693662,54.38883447678652
,,grass,,18.477387373523108,54.388599709868735
,,greenfield,grassland,18.484779420483715,54.38335772574584
,,greenfield,grassland,18.48772024906901,54.38182014383934
,,greenfield,grassland,18.488825328226667,54.38282253438374
,,greenfield,grassland,18.487386174278143,54.38254188301792
,,greenfield,grassland,18.483650913638247,54.39118416717658
,,greenfield,grassland,18.488528189731415,54.38849787598473
,,greenfield,grassland,18.490439140844618,54.38835975106959
,garden,,,18.48699629011772,54.38957068392014
,garden,,,18.489694319366986,54.3888157688239
,,greenfield,grassland,18.488626756348282,54.388914768263
,,greenfield,grassland,18.487601636282065,54.38950068174469
,,greenfield,grassland,18.486544368747936,54.389623543565044
,,greenfield,grassland,18.48578930628836,54.38971130331222
,,greenfield,grassland,18.487713324617395,54.38899793211277
,,greenfield,grassland,18.483172475571585,54.38614117536962
,garden,,,18.484659334719392,54.3855940115264
,,grass,,18.484651070469518,54.385472372873764
,,,grassland,18.483409600185528,54.385410420385135
,,greenfield,grassland,18.482760125896018,54.387644503949
,,greenfield,grassland,18.48178770824309,54.387117119480436
,,greenfield,grassland,18.485059645554355,54.38411937380275
,garden,,,18.48670807867828,54.385245039101264
,,greenfield,grassland,18.488013957898204,54.387615289356916
,,greenfield,grassland,18.487200820959362,54.385536849024376
,,,grassland,18.48682673583902,54.38571526525771
,,grass,,18.61316833579759,54.35327025018031
,,greenfield,grassland,18.629970366312037,54.38901532630356
,,,grassland,18.63238378915854,54.38929485107338
,,grass,,18.632571572793946,54.391015731546396
,,grass,,18.63158222317985,54.38983691640708
,,grass,,18.630668450210916,54.3897172234137
,,,grassland,18.631616183426612,54.39228579520283
,,,grassland,18.630127225808284,54.39392185250129
,,,wood,18.62882058219607,54.39005267078281
,,,grassland,18.628996473944266,54.39049209495079
,,,grassland,18.630082008380178,54.391273226101035
,,,grassland,18.63068584088167,54.39133179827888
,,,grassland,18.62447364315462,54.39169137440312
,,,grassland,18.62611288268528,54.39041392515941
,,,grassland,18.629580288060357,54.39150545134508
,,,grassland,18.63206730007291,54.392606484053644
,,,grassland,18.63365266768088,54.391703546105816
,,,grassland,18.63105408729324,54.39112480617123
,,,grassland,18.62815958506626,54.392095163859466
,,,grassland,18.623780759830066,54.39205511108553
,,greenfield,grassland,18.629270104265643,54.38957065464054
,garden,,,18.6237908154965,54.39129002624798
,,,grassland,18.627182919983948,54.391984092309976
,,grass,,18.449919878425597,54.4109470346693
,,,grassland,18.450397253384484,54.4117360584746
,,grass,,18.447784344610366,54.41315067973262
,,,grassland,18.446009264475556,54.4116958601236
,,greenfield,grassland,18.443992775523053,54.40988329925051
,,,grassland,18.448109669851416,54.41098815649922
,,,grassland,18.445563112213403,54.411378702197624
,,meadow,,18.40396297170049,54.35094414025197
,,,wood,18.40226260573245,54.35210811417324
,,,grassland,18.48798030062563,54.38814634169454
,,greenfield,grassland,18.471892167258606,54.42431610061512
,,greenfield,grassland,18.464706358580912,54.42379910306588
,,greenfield,grassland,18.461679874738447,54.42347443441275
,,grass,,18.45912175850069,54.4244413389671
,,,wood,18.45868192505098,54.4243707989624
,,,wood,18.45934368064914,54.42435435580623
,,greenfield,grassland,18.460271331888315,54.42453609520466
,,,grassland,18.46095317645528,54.423990016896724
,,greenfield,grassland,18.4813196880858,54.41806131622305
,garden,,,18.462074457960394,54.42676197483377
,,,grassland,18.48350659052931,54.42897881551849
,,grass,,18.476590061884362,54.42807589000652
,,greenfield,grassland,18.476825328368328,54.426881169873226
,,,grassland,18.479684257683747,54.427472909450294
,,grass,,18.575044565812426,54.43729541906285
,,grass,,18.575960202748345,54.43770513431483
,,grass,,18.575980522078204,54.43749847271909
,,grass,,18.57617477757192,54.43751866151637
,,grass,,18.572495599737994,54.41780459602567
,,grass,,18.572589410118262,54.41794242662691
,park,,,18.605814081315458,54.375179859633946
,,grass,,18.573057729123423,54.41535758685072
,,grass,,18.5131112820644,54.35015133927263
,,,grassland,18.605981583142757,54.396433673788216
,,grass,,18.636730570814013,54.34938309839661
,,,grassland,18.63122244064245,54.3311947479056
,,grass,,18.649159620314805,54.35920689398786
,,grass,,18.64910847981659,54.359258027154866
,,grass,,18.55061252937025,54.35321154542462
,,,wood,18.712373841995937,54.374895327290275
,,,grassland,18.70317318395022,54.373200631286714
,,,wood,18.588093725638856,54.37784773684729
,,,wood,18.587639487479613,54.37765329950495
,,,wood,18.587957962036956,54.378147057802074
,,,wood,18.591606558218693,54.37774657712068
,,,wood,18.59382377911412,54.3777955458496
,,,grassland,18.593757056930205,54.38140613541744
,,,wood,18.587101900125752,54.34275716710202
,,,grassland,18.585080836630198,54.34384073628125
,,grass,,18.583940921964935,54.343065364673116
,,flowerbed,,18.646288285751915,54.35006050697521
,,flowerbed,,18.646362693847035,54.35025271355776
,,,grassland,18.534982483525692,54.35156380342349
,,,grassland,18.579549470739845,54.35893088103129
,,grass,,18.63267066243039,54.36686790397346
,,,grassland,18.60018640682816,54.33198052801904
,,,grassland,18.59957253443011,54.33280983805011
,,grass,,18.60848513268956,54.39008162425883
,,grass,,18.607240868437625,54.39043709984812
,,grass,,18.6074286210606,54.39019108150418
,,grass,,18.607652566501617,54.39000350023366
,,grass,,18.617541288073753,54.36989925824976
,,grass,,18.607259269971994,54.39954241892617
,,,wood,18.592064214995677,54.32997961660552
,,,wood,18.57499180039808,54.33072654038341
,,,wood,18.576158950283403,54.330659769639226
,,,wood,18.57543755727716,54.330869746437656
,,,wood,18.575819339912155,54.330413413870524
,,,wood,18.5765744948424,54.330346080333086
,,,wood,18.56347915703697,54.32072346830665
,,,grassland,18.56269009407391,54.3236328488593
,,,grassland,18.55982341212964,54.343181022745796
,,greenfield,grassland,18.559674712302655,54.342979578229546
,,,grassland,18.55245125698241,54.346114157574675
,,,grassland,18.56664588469616,54.389586620873686
,,greenfield,grassland,18.581532270694314,54.378583952061994
,,grass,,18.582516101759637,54.37765182005966
,,grass,,18.582480044583924,54.37767930442921
,,,wood,18.576815974093027,54.37678659892388
,,,wood,18.575681720590502,54.37620796894888
,,,wood,18.57516779971572,54.37640083039381
,,,wood,18.577712809112548,54.37352889112848
,,,wood,18.5842944931316,54.37746363043891
,,grass,,18.561863460077753,54.34380038350926
,,grass,,18.561767729460197,54.34303164755503
,,grass,,18.56189844192558,54.3442969890118
,,,grassland,18.49871725807758,54.36808602973488
,,,grassland,18.497379254711646,54.367704831212784
,,,grassland,18.495828215542158,54.36761072507141
,,,wood,18.49573719337434,54.36767644815968
,,,wood,18.49568533015479,54.36685222960215
,,,wood,18.495033919623758,54.36797435761797
,,,grassland,18.580319050794504,54.35181861055415
,,grass,,18.56557654082298,54.33830211179063
,,grass,,18.565914584162027,54.33823193447971
,,,grassland,18.568396564670554,54.338915879257236
,,,grassland,18.572904669857028,54.37812344604833
,,grass,,18.62946568467297,54.29617492662357
,,grass,,18.67459243511598,54.311824847789346
,,grass,,18.689075504832417,54.314976827922834
,,greenfield,grassland,18.568381128304242,54.335945801117276
,,,grassland,18.56813659306812,54.33766180870605
,,,wood,18.551884728495924,54.3292794874937
,,,grassland,18.543814017685527,54.33163083238052
,,,grassland,18.51391704745168,54.3465065758683
,,meadow,,18.512020088400803,54.3454075868809
,,grass,,18.663752319602274,54.31022618397476
,,,wood,18.528210375398555,54.33933535978669
,,,wood,18.530596813335332,54.34015174788746
,,grass,,18.705511360493926,54.32016391971812
,,grass,,18.70280996298289,54.317728211298416
,,,grassland,18.557934881804297,54.34910928282714
,,grass,,18.663288151005514,54.357208917887924
Edukacyjny ogród kieszonkowy,garden,,,18.65982197918823,54.356783922374795
,,grass,,18.591347313494545,54.30623367526279
,,grass,,18.59147108657311,54.3061996803033
,,grass,,18.59118892647506,54.30644230792713
,,grass,,18.59155286550864,54.30655572321755
,,grass,,18.632912226392623,54.29820630960154
,,grass,,18.632409836740017,54.299257941665715
,,grass,,18.632219364098464,54.29954448735091
,,grass,,18.6335434338293,54.29709696519225
,,grass,,18.597686481081286,54.41397992643935
,,grass,,18.627186470003043,54.35812194512453
,,grass,,18.63213369572687,54.35685813429072
,,grass,,18.63190682972317,54.35686064209272
,,grass,,18.63164529762771,54.35681945358103
,,grass,,18.698935395685467,54.31803824197706
,,grass,,18.716249344614013,54.31978658341198
,,,grassland,18.62083251132875,54.369318501345404
,,,grassland,18.619315780111677,54.37021884128922
,,,grassland,18.627929241121443,54.36255702978491
,,,grassland,18.64235894131283,54.35863997321495
,,,wood,18.626394517583705,54.368167115675185
,,,wood,18.621075948255488,54.36744979790779
,,grass,,18.647986053385203,54.40160558921851
,,grass,,18.750291790472353,54.31589625196903
,,grass,,18.717767945860203,54.3216431388831
,,grass,,18.70523960576731,54.32332211984302
,,grass,,18.73147146826135,54.3209944384168
,,,grassland,18.459995595803793,54.358472134941586
,,,grassland,18.46188679519202,54.35872314634672
,,,grassland,18.46144741285966,54.35845498364111
,,,grassland,18.46080189520407,54.35829874758361
,,,grassland,18.46127002426903,54.36028055121634
,,,grassland,18.46421250234888,54.36340478777131
,,,wood,18.46419024620134,54.360828651775655
,,,grassland,18.461834947907228,54.36044990263294
,,,wood,18.461948273750156,54.361485759822635
,,,wood,18.462610131035056,54.366127637872616
,,,wood,18.463247289503048,54.36568589318468
,,,wood,18.46480771664393,54.36768480607009
,,,grassland,18.463274847994178,54.3652024778127
,,greenfield,grassland,18.473573217540007,54.346276882413086
,,,grassland,18.47184309007571,54.34712497348514
,,,grassland,18.46862803874178,54.34727985850002
,,,grassland,18.471231479324153,54.3462733253484
,,greenfield,grassland,18.469686048848097,54.34624159509215
,,grass,,18.470731200250288,54.346787788574595
,,greenfield,grassland,18.471800933179466,54.348326602330545
,,,grassland,18.472655659639297,54.348314338668004
,,greenfield,grassland,18.46977323779618,54.34890918273887
,,greenfield,grassland,18.472468046655255,54.349017269060774
,garden,,,18.55930382922878,54.40819962442384
,,greenfield,grassland,18.439546982111022,54.442398242290146
,,,grassland,18.679603731170086,54.34704204629711
,,,wood,18.47827520825422,54.4301771204774
,,,grassland,18.572475993541914,54.367612283312404
,,,grassland,18.57317309977944,54.36904440746252
,,grass,,18.630151662630634,54.39888570901891
,,grass,,18.629064699476032,54.39933371057456
,,grass,,18.628947126147565,54.39915656017388
,,grass,,18.629191709411455,54.39909131258839
,,grass,,18.629557568286966,54.39894781336157
,,grass,,18.629802431829933,54.39885299352568
,,,wood,18.43128787049955,54.443483631990034
,,greenfield,grassland,18.636833139789896,54.306751590753414
,,grass,,18.610571939788134,54.3961905566264
,,grass,,18.60943460314326,54.39718413661913
,,,wood,18.583468618282797,54.42054989880098
,,grass,,18.601303192953623,54.4146012616215
,,grass,,18.647689880172603,54.334930472992454
,garden,,,18.644831295686046,54.333308001737144
,,,wood,18.64027261265536,54.33182047164332
,,grass,,18.64886388880846,54.33528974667515
,,grass,,18.648971568957126,54.33547536518615
,,grass,,18.648915626930236,54.33569508748423
,,greenfield,grassland,18.558468643646655,54.41148676407077
,,,wood,18.557061368972292,54.41184429632671
,,greenfield,grassland,18.567491383677048,54.421916591502246
,,grass,,18.566114005407123,54.422981799382114
,,grass,,18.56519812510912,54.422525796284745
,,grass,,18.582292059819853,54.35759593537495
,,grass,,18.582105924313485,54.3577064760643
,,grass,,18.582755222260037,54.357726319531906
,,grass,,18.583308787585576,54.35761318832738
,,grass,,18.583306749999995,54.357710700000005
,,grass,,18.58369568121467,54.35771239668478
,,grass,,18.583693021793458,54.35763235282726
,,grass,,18.581128086504563,54.3574895765189
,,grass,,18.582237197792494,54.357417872189686
,,grass,,18.58335756247343,54.357401305190784
,,grass,,18.584145133743018,54.35750137825322
,,grass,,18.584036534088476,54.35743485768474
,,grass,,18.58463426423703,54.35746882252591
,,grass,,18.585129785732544,54.35740763783922
,,grass,,18.585081534024148,54.35747249672703
,,grass,,18.585428771245354,54.357491901225586
,,grass,,18.58460985,54.35765895
,,grass,,18.584837045032607,54.35766557900761
,,grass,,18.585129277629985,54.35766999581592
,,grass,,18.585573048181917,54.357645485144175
,,grass,,18.585680921083483,54.35772390599501
,,grass,,18.58463190140122,54.35774054855964
,,grass,,18.5839779880252,54.35791160951448
,,grass,,18.583599875908916,54.357862300746525
,,grass,,18.583300287677428,54.35785285881852
,,grass,,18.583073489679045,54.35783232696438
,,grass,,18.58311268706947,54.357855298667744
,,grass,,18.585598869543706,54.35784802795187
,,grass,,18.586005649782816,54.35781712837175
,,grass,,18.58638140896962,54.35770267431253
,,grass,,18.586769556344937,54.3574173394739
,,grass,,18.586594143931407,54.35731348688268
,,grass,,18.586429643090725,54.357405898538374
,,grass,,18.58767009105408,54.356556989054084
,,grass,,18.587581184624902,54.35654596205075
,,grass,,18.587516467982677,54.356531847514105
,,grass,,18.587254035859686,54.35725664942983
,,grass,,18.588255927015005,54.35546493303931
,,grass,,18.588574601197685,54.35533690924016
,,grass,,18.588647703680298,54.35535986253732
,,grass,,18.588721138056865,54.35538235740021
,,grass,,18.58741576520627,54.3561366314683
,,grass,,18.58684259877201,54.356862098441766
,,grass,,18.586120116383697,54.357295819293334
,,grass,,18.586919452332577,54.356942345668365
,,grass,,18.58690198011248,54.357844888406504
,,grass,,18.586988278250544,54.35779321681735
,,grass,,18.58704281866353,54.35776011086943
,,grass,,18.58718507946449,54.357480561864634
,,grass,,18.57876643750915,54.358515173132616
,,grass,,18.579002978555664,54.358485984624174
,,grass,,18.57836000594532,54.35904701748476
,,grass,,18.579551374145165,54.358148130415366
,,grass,,18.57985057833141,54.3581054085148
,,grass,,18.579299821568174,54.35880473974091
,,grass,,18.576740777582984,54.360881989230606
,,grass,,18.578139532572955,54.359821165849446
,,grass,,18.577749596322032,54.36002130045466
,,grass,,18.577187330650546,54.360502137403536
,,grass,,18.577303680781558,54.36053769125389
,,grass,,18.57764973097547,54.36048132709533
,,grass,,18.576862024921596,54.36094013749152
,,grass,,18.577461416828168,54.36063044528033
,,grass,,18.577203918364738,54.360305071445154
,,grass,,18.57788907596795,54.35971612827707
,,grass,,18.578580999656342,54.359368750413125
,,grass,,18.578306472370272,54.35927902048489
,,grass,,18.578093491176514,54.359235721263715
,,grass,,18.57791271053116,54.35952340043658
,,grass,,18.57754611799508,54.359856695685764
,,grass,,18.577107613875985,54.36023185384823
,,grass,,18.57695292331894,54.360337445090465
,,grass,,18.576919107411165,54.36038942746594
,,grass,,18.57500251409038,54.362186718769856
,,grass,,18.57551490537823,54.361654113295266
,,grass,,18.574945883684737,54.362412078838844
,,grass,,18.574134432014777,54.36329686473246
,,grass,,18.575322748403888,54.36225454009383
,,grass,,18.57634823019138,54.361381476828804
,,grass,,18.575953905059333,54.36189735418676
,,grass,,18.576275756774855,54.360971952505324
,,grass,,18.57681784282962,54.3605098136796
,,grass,,18.573645576398583,54.3639294648413
,,grass,,18.573351320964754,54.36416890243246
,,grass,,18.57331330707534,54.363966749447805
,,grass,,18.573301997947492,54.36434250889344
,,grass,,18.573525689507054,54.364634313125386
,,grass,,18.572210158520377,54.39512285330172
,,grass,,18.572315468174633,54.39519367552536
,,grass,,18.569925316685765,54.39741143813091
,,grass,,18.570638513732227,54.39686663680224
,,grass,,18.56927603946515,54.39821923725732
,,grass,,18.56844256842861,54.39905314196523
,,grass,,18.568325746985902,54.39901820185297
,,grass,,18.573425951006225,54.39404952152874
,,grass,,18.570612505649702,54.396497097899115
,,grass,,18.570114586748392,54.39707465184767
,,grass,,18.56817837475884,54.39918800210144
,,grass,,18.568301001110836,54.39922205485246
,,grass,,18.567076861667243,54.40087334686206
,,grass,,18.5676421755691,54.399760140145766
,,grass,,18.567782492513196,54.399732614279934
,,grass,,18.566689523549474,54.401046262121575
,,grass,,18.566518448579703,54.401282355178765
,,grass,,18.567234711176884,54.40091412718975
,,grass,,18.56529829429293,54.40307904213958
,,grass,,18.565458415537726,54.4030512906424
,,grass,,18.565206312285124,54.403027920055365
,,grass,,18.564027511427977,54.40465741785879
,,grass,,18.56432955224714,54.4042578904354
,,grass,,18.564583172886344,54.40391790388628
,,grass,,18.564856883994693,54.40354641698913
,,grass,,18.564909277240293,54.40334823547228
,,grass,,18.563523592181483,54.40586893463727
,,grass,,18.56309424565533,54.40716405219756
,,grass,,18.563143812790162,54.40697245845785
,,grass,,18.563233533529832,54.40665977138032
,,grass,,18.563436569702304,54.40713193533976
,,grass,,18.56304023594503,54.40737541298255
,,grass,,18.5629624097274,54.407678655300465
,,grass,,18.563009168777008,54.40750756277094
,,grass,,18.56287896944188,54.40801359170792
,,grass,,18.563002619309206,54.40792784588634
,,grass,,18.563124490334925,54.40793722033627
,,grass,,18.563239697921958,54.40790815423279
,,grass,,18.562855747706656,54.408488561215364
,,grass,,18.562988441886585,54.40849724851119
,,grass,,18.562755096490026,54.40860485400786
,,grass,,18.56591904008736,54.40224133130422
,,grass,,18.610848381271268,54.349145484748945
,,grass,,18.614325511446246,54.34899607370548
,,grass,,18.613039885783685,54.34893554406229
,,grass,,18.615648811601595,54.34891454510817
,,grass,,18.616986031000685,54.34885255907928
,,grass,,18.617861766224053,54.34872924347164
,,grass,,18.618292663535357,54.348735377794604
,,grass,,18.618291805054916,54.34883044576516
,,grass,,18.6187785657998,54.34873035451597
,,grass,,18.620562550992986,54.34890498061463
,,grass,,18.623014786060462,54.34901875310952
,,grass,,18.620534976962336,54.34881674385816
,,grass,,18.622012520394577,54.34887582605326
,,grass,,18.623111141408927,54.34892737628208
,,grass,,18.624334875905465,54.34903549275533
,,grass,,18.62490926522662,54.34923910949291
,,grass,,18.625934549261498,54.349402064807904
,,grass,,18.6249574,54.349180249999996
,,grass,,18.62595591226559,54.349335041023906
,,grass,,18.627185388279365,54.349597020605216
,,grass,,18.627214057404384,54.34952987975286
,,grass,,18.627730778347463,54.34968171850461
,,grass,,18.627760964450733,54.34961669901699
,,grass,,18.628499035151563,54.34980341913096
,,grass,,18.628528552122905,54.34973798248419
,,,grassland,18.64729620179564,54.40284310712032
,,grass,,18.62325932625782,54.37697639365401
,,grass,,18.62338074641996,54.377012077093454
,,grass,,18.623510515526846,54.377095985156124
,,,grassland,18.687244166257603,54.3734565405535
,,,wood,18.728332761902497,54.371754907080486
,,grass,,18.71368886969918,54.36142600084143
,,grass,,18.710057598538842,54.36180428220751
,,grass,,18.586353232254066,54.41635732663189
,,grass,,18.58819426385116,54.41381384919379
,,grass,,18.57354106161243,54.41687091683576
,,forest,,18.40943517446305,54.335570930808125
,,forest,,18.410850069759316,54.33590126525084
,,meadow,,18.411323030972984,54.336186928596774
,,forest,,18.406720029009602,54.33511314274767
,,meadow,,18.407028366666665,54.335754400000006
,,meadow,,18.407207408348928,54.335259754771066
,,forest,,18.40535588146558,54.33608278788902
,,forest,,18.40751394661507,54.33350902414204
,,forest,,18.40513536089039,54.333896463954225
,,meadow,,18.40291237516597,54.33316422195279
,,meadow,,18.407107408157316,54.33381898278208
,,meadow,,18.403994241827395,54.331086493761916
,,meadow,,18.398264572891954,54.328682534697116
,,grass,,18.58612075063568,54.35791363230473
,,meadow,,18.397227874193458,54.3328130978486
,,meadow,,18.566373145989225,54.289736006827304
,,meadow,,18.567904648912826,54.28734730972468
,,grass,,18.558965201016125,54.28913020942069
,,grass,,18.55294519318725,54.28797908802758
,,,grassland,18.539905429897498,54.289843275004486
,,forest,,18.49641243570336,54.290627140465
,,forest,,18.49344684022285,54.2880448389396
Las Sulmiński,,forest,,18.489052334697636,54.30963405170322
,,forest,,18.512575236209333,54.28711013593051
,,grass,,18.620093114428833,54.3709287569948
,,grass,,18.61856694110027,54.37215031392298
,,grass,,18.621148783798393,54.37095758957849
,,grass,,18.621599050593137,54.37050929298508
,,grass,,18.62145128210276,54.370558883911116
,,grass,,18.621326533291246,54.37060145004244
,,grass,,18.617074754001536,54.37190275666791
,,grass,,18.6179888197342,54.371288785118956
,,grass,,18.61726723932678,54.37106375307507
,,grass,,18.61735326295375,54.37093792150663
,,grass,,18.617041134527796,54.37107693291288
,,grass,,18.617291846079343,54.371234643678875
,,grass,,18.6169371,54.37140240000001
,,grass,,18.616520183520926,54.371621212853135
,,grass,,18.61681830525527,54.37132862782787
,,grass,,18.61702047717845,54.371355260845064
,,grass,,18.617233460801494,54.37164314089244
,,grass,,18.61691481442661,54.37167946375133
,,grass,,18.61432188039861,54.37195353289694
,,grass,,18.614493237964925,54.37220783604307
,,grass,,18.612769232408088,54.37213133336242
,,grass,,18.616843262977287,54.37143875488197
,,grass,,18.61735300059237,54.3713138330738
,,grass,,18.617175994566185,54.37131323069677
,,grass,,18.616931645204797,54.37125455905361
,,grass,,18.617933368372263,54.37182966197132
,,grass,,18.618213559282545,54.37215978059518
,,grass,,18.618271950658528,54.37231006792877
,,grass,,18.617702940115663,54.372333374003894
,,grass,,18.61753119502014,54.37191434577238
,,grass,,18.618950485217983,54.371984310612945
,,grass,,18.61912760112389,54.37179404306221
,,grass,,18.619602027587472,54.371632511247256
,,grass,,18.619820140755657,54.3715638071842
,,grass,,18.620040301484252,54.37159262135595
,,grass,,18.616719182875347,54.37145170009357
,,grass,,18.61662577961644,54.37198107285547
,,grass,,18.615300400000002,54.372203966666675
,,grass,,18.61524582710554,54.37218553358202
,,grass,,18.614889552333132,54.37233020625682
,,grass,,18.61384337451863,54.3704455490652
,,grass,,18.613410962998696,54.370489654001474
,,grass,,18.614087119587566,54.370413340180974
,,grass,,18.61429950594842,54.37076141969645
,,grass,,18.61398853333333,54.370589
,,grass,,18.616012118600594,54.37078062743278
,,grass,,18.616047827777038,54.3729227918761
,,grass,,18.615969446738386,54.372768753204035
,,grass,,18.61747481138695,54.372530642614
,,grass,,18.617039664772562,54.37269767271963
,garden,,,18.452093688063027,54.42045012605896
,,grass,,18.45231275518912,54.42071110842411
,garden,,,18.452352156774804,54.42061101439967
,,grass,,18.452389808262552,54.42067142650009
,,grass,,18.57255853268927,54.40005488448692
,,grass,,18.5726731388334,54.3999311581947
,,greenfield,grassland,18.448465195849536,54.443932810912905
,,,grassland,18.444017519822548,54.44579407856413
,,,grassland,18.43992879886148,54.442781247406884
,,,grassland,18.441785488370435,54.44268901781904
,,,grassland,18.44428481564162,54.442139296045944
,,meadow,,18.46832657154298,54.44220208456043
,,meadow,,18.46616621307467,54.44140969428371
,,,grassland,18.46294082219635,54.439045095035844
,,grass,,18.572417249168122,54.398845691466875
,,grass,,18.572755510193645,54.39845995104852
,,grass,,18.57250651367012,54.39727550236966
,,grass,,18.572288544643875,54.396906331857856
,,grass,,18.57465372280106,54.39748763610725
,,grass,,18.574999963163815,54.397195619522726
,,grass,,18.57469802458804,54.39396812867435
,,grass,,18.574557384743073,54.394107646891065
,,grass,,18.57441583260391,54.394247570296045
,,grass,,18.574273949433728,54.394386558388085
,,grass,,18.574134769446967,54.39452506055137
,,grass,,18.57399493142649,54.39466556702743
,,grass,,18.57866135107123,54.39300290082475
,,grass,,18.5782390877843,54.39289392315511
,,grass,,18.57815171856836,54.39286977333823
,,grass,,18.577986401252684,54.392830660071134
,,grass,,18.57823572229386,54.392762256659324
,,grass,,18.578318823006068,54.392784161891555
,,grass,,18.57499624056293,54.40128561553069
,,grass,,18.575541468845728,54.401409718600405
,,grass,,18.57425047838416,54.401321065463456
,,grass,,18.57769528486143,54.40179346790826
,,grass,,18.577753305904537,54.401850189390636
,,grass,,18.577583300136,54.401862295735725
,,grass,,18.578076179318447,54.40184450508733
,,grass,,18.57904737743369,54.40202731967634
,,grass,,18.579276881867877,54.402122778728014
,,grass,,18.57958125356919,54.40217408431694
,,grass,,18.579698714755615,54.40214135203728
,,grass,,18.587095443432684,54.40325464782052
,,grass,,18.588249708895926,54.40345987697859
,,grass,,18.588676863768416,54.40373582077956
,,grass,,18.592162752844043,54.40340799839773
,,grass,,18.592126047797144,54.40295964163187
,,grass,,18.576098387993422,54.40165148661372
,,grass,,18.58547860087725,54.403004552173854
,,grass,,18.58482282206465,54.402893908550084
,,grass,,18.584162481210225,54.40277936773761
,,grass,,18.578522956792032,54.40178355662162
,,grass,,18.5499958794076,54.351020086674765
,,,grassland,18.48469970198235,54.39472988547372
,,,wood,18.482667301201516,54.396523831719385
,,,grassland,18.48306475477089,54.39630800792598
,,,grassland,18.48164421801544,54.398892230042414
,,,grassland,18.482792458940555,54.40012367726499
,,,grassland,18.472949495545674,54.389642874836895
,,,scrub,18.473517816301726,54.389595077974725
,,,grassland,18.47192422481479,54.38850476287656
,,,grassland,18.474614571425594,54.387873112892024
,,,grassland,18.475107537018705,54.38972336170325
,,greenfield,grassland,18.472054191103894,54.39249397167819
,,,scrub,18.47198923447906,54.39251055605818
,,,grassland,18.47152027354566,54.39143492709329
,,,grassland,18.471417904780555,54.407835663686285
,,greenfield,grassland,18.458688998562927,54.410590378093666
,,,grassland,18.467691452768882,54.41033592168745
,,greenfield,grassland,18.467252119939513,54.41072685430073
,,greenfield,grassland,18.46799423035782,54.411070188005475
,,,grassland,18.465761447789763,54.411866753212955
,,,grassland,18.46537621053612,54.41028534763159
,,,grassland,18.467317966606736,54.411370497195385
,,,grassland,18.460039577865444,54.407016235547516
,,grass,,18.58173084054566,54.40196856166026
,,grass,,18.581525238002346,54.4020477874336
,,grass,,18.581610666247318,54.40191280928894
,,grass,,18.58166876888794,54.40183391156491
,,grass,,18.581815838604822,54.401638305501805
,,grass,,18.577569468887397,54.4015217170127
,,grass,,18.577650874710542,54.40139916355438
,,grass,,18.57772890999997,54.401280392349285
,,grass,,18.57780399509163,54.40116484671212
,,grass,,18.57787364533751,54.40105974768846
,,grass,,18.57798260639931,54.4008964763858
,,grass,,18.578093005623582,54.40075777334742
,,grass,,18.57828191703395,54.400555338134694
,,grass,,18.5785472438784,54.40027174897281
,,grass,,18.57860631728125,54.4002083685627
,,grass,,18.57868733193445,54.400122228383545
,,grass,,18.578783212270306,54.40002060667216
,,grass,,18.577314622546158,54.401834814979125
,,grass,,18.577143028953238,54.401913207574644
,,grass,,18.58222880383657,54.40221900733699
,,grass,,18.581984948339066,54.40217808296268
,,grass,,18.582907163559124,54.401924422290335
,,grass,,18.582664617482887,54.401882772266895
,,grass,,18.58238045304621,54.40192004571677
,,grass,,18.583491683926344,54.401906849169556
,,grass,,18.5829529164168,54.40182197108826
,,grass,,18.582534322623257,54.40163989335174
,,grass,,18.582298947696888,54.40234599554289
,,grass,,18.582891631905017,54.40243066288752
,,grass,,18.582959627708693,54.402276435814514
,,grass,,18.582473799210693,54.40226178372193
,,grass,,18.582625363107308,54.40196281268804
,,grass,,18.58286937992588,54.402004451732275
,,grass,,18.58242096305368,54.40184008539103
,,grass,,18.583438967836752,54.402016004909726
,,grass,,18.549317264495603,54.35095502033248
,,grass,,18.47944296272476,54.43045320485222
,,grass,,18.46931715813472,54.425809883225924
,,grass,,18.4680538,54.430626649999994
,,grass,,18.466473394528993,54.43071432622839
,,grass,,18.4669778842038,54.43098227644385
,,,grassland,18.456776341263883,54.418995690123126
,,,grassland,18.595836748893035,54.390028947397646
,,,grassland,18.59557734310017,54.38987476507177
,,,grassland,18.580052882930598,54.41766244067228
,pitch,,,18.58012663422994,54.41766536432138
,,grass,,18.5814705894136,54.30140976346168
,,grass,,18.70840124990808,54.38292175392486
,,grass,,18.711432727011083,54.383390552844894
,,grass,,18.71123706185274,54.383313800688406
,,grass,,18.710865103666933,54.383414108941984
,,grass,,18.711007518176306,54.38344766469941
,,grass,,18.710580101964506,54.3837629411482
,,grass,,18.708524066363328,54.38399857911621
,,grass,,18.71012920665108,54.383689908485785
,,grass,,18.70930064320063,54.383889171213724
,,grass,,18.708253657735952,54.38382990220797
,,grass,,18.710405805346316,54.38378753157263
,,grass,,18.5602595,54.312197350000005
,,grass,,18.59618137599156,54.40792893252658
,,grass,,18.596417584976187,54.407725766553284
,,grass,,18.59670960165155,54.407540802223565
,,grass,,18.597031696026654,54.40734848222206
,,grass,,18.59736738765987,54.40716725447715
,,grass,,18.597698539348325,54.40698134297545
,,grass,,18.598034950404283,54.40679873314027
,,grass,,18.598378032455592,54.406599313255164
,,grass,,18.59870609130134,54.406381306277616
,,grass,,18.598902216865163,54.40611384778252
,,grass,,18.599074710524118,54.40583958930299
,,grass,,18.599400914244672,54.410382166240005
,,,grassland,18.5976643664124,54.316758577825134
"Skwer ""Stołówka""",park,,,18.6504677686599,54.36045406529328
,,grass,,18.406747494246442,54.33293420872795
,,grass,,18.596726675796734,54.38163157104804
,,grass,,18.594533448787704,54.38045539895787
,,grass,,18.59440163526409,54.38054989306756
,,grass,,18.595228077153187,54.379691306970095
,,grass,,18.595200591463364,54.37958127755892
,,grass,,18.59517462266338,54.37948069402413
,,grass,,18.59542028085452,54.37946031263934
,,grass,,18.595288966666665,54.3793482
,,grass,,18.442602991209956,54.30745757940821
,,grass,,18.42629549856499,54.31166633718369
,,greenfield,grassland,18.58740033448875,54.31939213404943
,,grass,,18.608902393635695,54.291364991549926
,,meadow,,18.548786404148448,54.40907045820552
,,grass,,18.54587270231275,54.41158520651766
,,grass,,18.545666499218413,54.41152485736845
,,grass,,18.549130253816386,54.41054421404428
,,grass,,18.549896058439046,54.41049959675946
,,grass,,18.549569307867365,54.41053170985484
,,grass,,18.548741850370106,54.41092217587643
,,grass,,18.549149093352078,54.41067556795692
,,grass,,18.547348507858132,54.41134245682283
,,grass,,18.547580931483605,54.41133481969983
,,grass,,18.548598191752905,54.410933976465564
,,grass,,18.54811441458968,54.4110428857188
,,grass,,18.548140403149613,54.411298326458414
,,grass,,18.547999661850554,54.41124290941318
,,grass,,18.547655089460864,54.411158068682
,,grass,,18.600796225210967,54.40443771148615
,,grass,,18.64186297449228,54.353414014925605
,,grass,,18.642254089772198,54.35362237075597
,,grass,,18.64186514840451,54.352957427311175
,,grass,,18.641052651866694,54.350753553381224
,,grass,,18.641133539066995,54.35106776307901
,,,grassland,18.456223005276524,54.41588574070073
,,,grassland,18.456248772500793,54.416555546330216
,,,grassland,18.457048775673574,54.41495107667239
,,,grassland,18.455470647477856,54.41531281177987
,,,grassland,18.454749273841703,54.41477819944789
,,greenfield,grassland,18.450871704671762,54.412615334486354
,,greenfield,grassland,18.45129248867429,54.41113032820707
,,greenfield,grassland,18.450461941937238,54.40931623311498
,,greenfield,grassland,18.450635872618037,54.409696264975665
,,greenfield,grassland,18.451992742913315,54.408876738930864
,,greenfield,grassland,18.452198299854626,54.40933236742176
,,,grassland,18.456037133782576,54.408807511317654
,,,wood,18.455250958820727,54.410119294123874
,,greenfield,grassland,18.44767472349977,54.414568918475126
,,greenfield,wood,18.44802116897368,54.41425680471726
,,greenfield,wood,18.44839398006931,54.413962402315384
,,,wood,18.451786565843456,54.41236120290213
,,greenfield,grassland,18.450213866518947,54.412712328038324
,,grass,,18.449605403953672,54.41280926253497
,,greenfield,grassland,18.44663716403961,54.41402977195977
,,greenfield,wood,18.44709974133474,54.41288916465822
,,greenfield,grassland,18.449675515808185,54.409412031097254
,,,wood,18.444228736240856,54.4095112268898
,,,wood,18.445094194593928,54.40868596434483
,,greenfield,wood,18.447860657242895,54.40935018038954
,,greenfield,wood,18.446976124650664,54.40942033356318
,,greenfield,grassland,18.4474326031603,54.40941237480659
,,,wood,18.446747137682294,54.40996176613959
,,greenfield,wood,18.446278534166186,54.40979293305894
,,greenfield,wood,18.446645357661854,54.41038139129162
,,greenfield,grassland,18.445015867301013,54.40998526614319
,,greenfield,grassland,18.44624849036275,54.410445353863736
,,greenfield,wood,18.448272512530206,54.41135070780156
,,greenfield,grassland,18.448183212834603,54.41181465814284
,,greenfield,grassland,18.446489511880955,54.4121021480882
,,greenfield,grassland,18.44636699902849,54.41250765133239
,,greenfield,grassland,18.44985781939398,54.4113737225078
,,greenfield,grassland,18.4517186138401,54.4143517395042
,,greenfield,grassland,18.45022866072092,54.415253897957925
,,,wood,18.450711378989652,54.41421110172003
,,grass,,18.449709500175725,54.418772650592864
,,greenfield,grassland,18.56886858030028,54.391914472090065
,,grass,,18.567483380500292,54.39344536832924
,,grass,,18.56746545466357,54.39377714263905
,,grass,,18.56713782456365,54.39371749964643
,,grass,,18.592446667605078,54.424965904982834
,,grass,,18.592616748851164,54.42507616714974
,,grass,,18.59277360571879,54.42517777389265
,,grass,,18.59292711893987,54.425277154207954
,,grass,,18.593080219583058,54.42537635382018
,,grass,,18.593232483337513,54.42547513789744
,,grass,,18.592394986030815,54.42483052909993
,,grass,,18.593391272225748,54.42556866212423
,,grass,,18.418562567460423,54.45341873261827
,,grass,,18.44373872360326,54.45029840587076
,,greenfield,grassland,18.558191119183594,54.33947413945879
,,grass,,18.558035021252692,54.34390471122409
,,greenfield,grassland,18.557627373575187,54.343974597422935
,garden,,,18.567283420276727,54.33977371478391
,,grass,,18.5499846602806,54.352944936873946
,,,wood,18.579444865552443,54.31544290172776
,,,wood,18.57266075075887,54.31451785101109
,,,wood,18.59349037153217,54.324171145520005
,,grass,,18.594370371809905,54.3284966300747
,,grass,,18.591188843307663,54.32559117094275
,,grass,,18.59604520613535,54.32746239778099
,,grass,,18.59547640362719,54.327193920153015
,,grass,,18.593628010140147,54.32580986568823
,,grass,,18.59338895232276,54.32599314398303
,,grass,,18.59280633017446,54.32525123168107
,,grass,,18.59237210192726,54.32538436027389
,,grass,,18.593777858878983,54.32557659852772
,,grass,,18.593529168848523,54.32850923373797
,,grass,,18.59364523841693,54.32898552086136
,,grass,,18.59294499703297,54.32892871632773
,,,wood,18.590922389615884,54.33057167642884
,,grass,,18.594982472777666,54.32862467825098
,,grass,,18.594286449723477,54.329995002888246
,,grass,,18.596355945158148,54.328322231663826
,,grass,,18.59647490748602,54.328337806899945
,,grass,,18.595192076058353,54.329373820713165
,,grass,,18.595093313724423,54.329465617984745
,,grass,,18.596700753175234,54.32988755015074
,,grass,,18.59794199184099,54.32871477147975
,,grass,,18.598143273167587,54.32842398048831
,,grass,,18.59465541594521,54.32926116900445
,,grass,,18.593600516401633,54.32970388507789
,,greenfield,grassland,18.595625387728596,54.328400901679814
,,grass,,18.597450670352497,54.32824811673982
,,grass,,18.59662619255362,54.32792218348926
,,grass,,18.59820681806284,54.32770411415855
,,grass,,18.598365150547167,54.327473988903115
,,grass,,18.59690070518713,54.32706637864692
,,,grassland,18.592049669222558,54.325719132611404
,,,grassland,18.59211151470425,54.32560105211311
,,grass,,18.594646336738627,54.3273116718203
,,grass,,18.59503825409909,54.327330538439185
,,grass,,18.595034407637254,54.32715032460091
,,grass,,18.594620815926316,54.32709402475158
,,grass,,18.593336178831205,54.32634699423334
,,grass,,18.593858146370103,54.327256809931725
,,grass,,18.593569946662054,54.326909183611704
,,grass,,18.593950054722065,54.326690959806534
,,grass,,18.594098863511935,54.32652635297395
,,grass,,18.5949532838062,54.326653594381426
,,grass,,18.59393759994221,54.32619108513238
,,grass,,18.594043108531636,54.325839763278466
,,grass,,18.593596630868436,54.32606837852249
,,grass,,18.593454056217343,54.326256986591574
,,grass,,18.594722461422926,54.32681295309227
,,grass,,18.595193539213092,54.32706706697912
,,grass,,18.59436401978009,54.325944091991005
,,grass,,18.59235494515954,54.32724419315182
,,grass,,18.593063975692278,54.326612868321895
,,grass,,18.593792797386964,54.32219245350595
,,greenfield,grassland,18.59339918064849,54.32289887607503
,,greenfield,grassland,18.475146203164435,54.425941831322596
,,,grassland,18.475435610013324,54.421546349373465
,,greenfield,grassland,18.45120407140648,54.41820051485132
,,grass,,18.510582416389433,54.35009074412795
,,,grassland,18.46325473172097,54.36697799783193
,,,grassland,18.461507990475788,54.367208043980256
,,,grassland,18.44175030708938,54.38961602142124
,,,wood,18.588906770558875,54.4050175728987
,,greenfield,grassland,18.497712683969386,54.360097315293515
,,,grassland,18.491855324239577,54.36137020871263
,,,grassland,18.49231083616056,54.36062979568053
,,grass,,18.495916244652435,54.35924517090992
,,greenfield,grassland,18.496952600000004,54.357754500000006
,,greenfield,grassland,18.492129936332393,54.35814601785923
,,greenfield,grassland,18.496240814895323,54.35863443028123
,,greenfield,grassland,18.494501812489123,54.36218436347759
,,greenfield,grassland,18.493644103485106,54.36207458045639
,,greenfield,grassland,18.492947212009348,54.36005979854503
,,greenfield,grassland,18.494679366050917,54.360004465764234
,,greenfield,grassland,18.495693010904322,54.357898714699424
,,greenfield,grassland,18.49478145922029,54.35799583596149
,,greenfield,grassland,18.50318748011259,54.3478170514888
,,greenfield,grassland,18.50298159504348,54.34579265198318
,,greenfield,wood,18.505802998017035,54.344494624495724
,,greenfield,grassland,18.506328695022987,54.34480967574262
,,greenfield,grassland,18.500582948159714,54.3450903752512
,,greenfield,grassland,18.5011811054722,54.345924300823256
,,greenfield,grassland,18.501070471384427,54.34633730447514
,,greenfield,grassland,18.50174405945865,54.3463296731251
,,,grassland,18.508500441280088,54.34412067507666
,,greenfield,grassland,18.508914771024482,54.345052276212556
,,greenfield,grassland,18.5093789188131,54.34533984256172
,,greenfield,grassland,18.50500360708214,54.34535573195849
,,greenfield,grassland,18.508779386432234,54.34573197077632
,,,grassland,18.45510457756933,54.441550004770335
,,,wood,18.457077954673395,54.44243439298014
,,,wood,18.456038888934593,54.44295414340137
,,,grassland,18.456135173337387,54.441188176282694
,,,wood,18.45601725336248,54.44183068212976
,,,wood,18.455221125936784,54.441674938545184
,,,grassland,18.455755216765176,54.44147748608375
,,greenfield,grassland,18.630505976016742,54.28379495220658
,,,grassland,18.62997607952477,54.2840626138279
,,greenfield,grassland,18.62829293299491,54.283905554528545
,,,wood,18.63853409480456,54.28434036077025
,,,grassland,18.638472154564944,54.284201180651124
,,,grassland,18.637786165066114,54.28883368569778
,,,grassland,18.63717170546533,54.28985051681081
,,,wood,18.637703772684876,54.289102301641215
,,,wood,18.63749933785165,54.28992671875799
,,grass,,18.634663522845692,54.29277227930008
,,greenfield,grassland,18.6332244476454,54.294314474456655
,,greenfield,grassland,18.62987604227878,54.314211840466065
,,grass,,18.55442238285531,54.40951892131263
,,grass,,18.55400403692782,54.409929202157564
,,grass,,18.553793586387904,54.41003789020757
,,grass,,18.55326585709475,54.410202663591505
,,grass,,18.55217530383144,54.41039838394997
,,grass,,18.550953573081483,54.410444022699224
,,,grassland,18.573198471381072,54.37910726013184
,,,wood,18.572661785896056,54.37826307642213
,,,grassland,18.572844801811833,54.3786622944169
,,,grassland,18.574351344071584,54.38025820504972
,,,wood,18.57423657602576,54.380105647501665
,,,grassland,18.570756728789902,54.378004829424434
,,grass,,18.57150849912797,54.377681634519256
,,,grassland,18.571507500805406,54.37816959378512
,,,grassland,18.576687753097527,54.38591149560444
,,grass,,18.576695037115982,54.390198043776415
,,grass,,18.5769610959712,54.39005650406085
,,grass,,18.57637985680538,54.38829874798596
,,grass,,18.576043485180513,54.388363959737234
,,grass,,18.57657371918224,54.38671977983467
,,grass,,18.576249446021723,54.386266834793645
,,grass,,18.57614944946972,54.38382221543707
,,grass,,18.574481559785315,54.381137665653256
,,,grassland,18.492510233374745,54.35331420365415
,,grass,,18.490287460716146,54.354690338739424
,,grass,,18.490985571786634,54.356337855628496
,,grass,,18.52686189101017,54.355436053745706
,,,grassland,18.58979356797171,54.32383809885971
,,,grassland,18.571423155647864,54.31265425036713
,,,wood,18.581793511429662,54.30876398909901
,,,grassland,18.603276951463336,54.3037510550856
,,,wood,18.60603069653181,54.30256102519327
,,,grassland,18.597959064954722,54.306690811911075
,,grass,,18.503284594522533,54.3544223761374
,,,grassland,18.546845238898797,54.339973027779465
,,,grassland,18.542033160680013,54.33878315288647
,,,grassland,18.540720381985047,54.33830652510142
,,,grassland,18.552603030450154,54.33220874863755
,,,grassland,18.578900101178153,54.337255529324494
,,,grassland,18.5814511386888,54.33580587800908
,,,grassland,18.622394825647213,54.33370267816127
,,,scrub,18.622628245484364,54.33363382571551
,,,grassland,18.601414653195228,54.3026041999472
,,,grassland,18.602497279413964,54.30199171858237
,,greenfield,grassland,18.600072021650046,54.30188591810218
,,greenfield,grassland,18.60002252107499,54.30140916340448
,,greenfield,grassland,18.59891633501899,54.30063584959064
,,greenfield,grassland,18.588995890770953,54.30652601360639
,,greenfield,grassland,18.590327726845004,54.30721313107702
,,greenfield,grassland,18.58863965546657,54.30818239908729
,,greenfield,grassland,18.582097263689736,54.29828078781376
,,greenfield,grassland,18.582755643904854,54.29811895179628
,,grass,,18.584199567551828,54.29851716504123
,,,grassland,18.58431119028863,54.300538306395566
,,greenfield,grassland,18.58796507571554,54.30029315950639
,,greenfield,grassland,18.589057115768394,54.30305879505423
,,greenfield,grassland,18.588352921203754,54.302632576175476
,,greenfield,grassland,18.587400629733068,54.301849545658996
,,greenfield,grassland,18.58706710241569,54.3007062480093
,,greenfield,grassland,18.587563427517644,54.300965826552606
,,greenfield,grassland,18.58509296127789,54.29858563087383
,,,grassland,18.585379208901973,54.29872951225816
,,greenfield,grassland,18.585871822840666,54.298852117433796
,,,grassland,18.59061400947406,54.30314710559919
,,,grassland,18.590137458189933,54.30190042061761
,,,grassland,18.588756480032057,54.301687358162724
,,,grassland,18.59000645609627,54.30328422101331
,,,grassland,18.58941405709241,54.30589762627675
,,greenfield,grassland,18.586817849267597,54.30594910872788
,,,grassland,18.585640007232612,54.30659622755915
,,,grassland,18.587551592089724,54.30743964884618
,,greenfield,grassland,18.58902047964224,54.30715496116822
,,greenfield,grassland,18.589818467998338,54.306824028260316
,,greenfield,grassland,18.588637666684033,54.30616360830248
,,,grassland,18.58660881069928,54.30722875150017
,,,grassland,18.5917268088924,54.31498181709876
,,grass,,18.59147965974356,54.31451525430485
,,,wood,18.592960472650923,54.3141008196331
,,greenfield,grassland,18.592037172948764,54.31425496434976
,,,grassland,18.59100827031334,54.31781044186609
,,,wood,18.476292320668183,54.349828348997356
,,grass,,18.595379742791426,54.402770991954824
,,grass,,18.589156834989666,54.40339421864401
,,grass,,18.588933722479435,54.40340045005145
,,,grassland,18.586298732259923,54.40540483770285
,,industrial,grassland,18.586400733841668,54.405202981846486
,,greenfield,grassland,18.590940754123704,54.300477684626266
,,,wood,18.60839905408646,54.33233540076122
,,,grassland,18.607391847132607,54.33241117926918
,,,grassland,18.605768180049477,54.3323041213146
,,,grassland,18.611462833333334,54.3324872
,,,wood,18.583362097801785,54.382007200527084
,,grass,,18.57743515385268,54.38269740229883
,,,wood,18.585000975236007,54.382629701231835
,,,wood,18.57777817264762,54.3846436267351
,,,wood,18.577243061928893,54.38455435205279
,,,wood,18.57722162466879,54.38488411887825
,,,wood,18.576971044629193,54.38535056330394
,,grass,,18.593281911601032,54.316192633570836
,,grass,,18.593397301758895,54.316296320989146
,,greenfield,grassland,18.555989577534735,54.37115482788525
,,meadow,,18.47173366092567,54.369189009857884
,,,grassland,18.470527730103186,54.36807295358449
,,,wood,18.484666889168558,54.36893535731704
,,,wood,18.486229457274135,54.36869248676336
,,,grassland,18.501864254896017,54.36631691700076
,,,grassland,18.45117489948971,54.41997085806704
,,greenfield,grassland,18.40666215852668,54.399732260801294
,,,wood,18.406277273120793,54.398565741792844
,,,wood,18.405684375181668,54.399668947007136
,,grass,,18.51227517366376,54.35369490737932
,,grass,,18.44361143258102,54.36546486934275
,,greenfield,grassland,18.445626926769187,54.36474962191201
,,greenfield,wood,18.48084068462946,54.349639644722465
,,,wood,18.49685081047457,54.33837539406481
,,,grassland,18.487756312504988,54.33794839780485
,,,grassland,18.499299090390036,54.33901216581141
,,,grassland,18.496331017068787,54.338802961720795
,,forest,,18.492302160452773,54.340280900409496
,,grass,,18.590311877478268,54.34830618745941
,,,wood,18.6059704089831,54.4213462352241
,,grass,,18.57732930412148,54.42053817199245
,,grass,,18.5782862690568,54.421347189051524
,,,wood,18.617578091309557,54.350359795346655
,,,grassland,18.613963093952318,54.352079429789946
,,,grassland,18.616279605834276,54.33057284059762
,park,,,18.48265333499557,54.382639393133026
,,,wood,18.56343223165787,54.41315537971512
,,greenfield,grassland,18.568804962557042,54.3144413404619
,,greenfield,grassland,18.565618068727616,54.318356913343244
,,grass,,18.57564625663305,54.43766586287109
,,,grassland,18.633115881914883,54.31849086917621
,,greenfield,grassland,18.638470154325645,54.324637061150725
,park,,,18.63498745053193,54.323916517564584
,,grass,,18.461482706906278,54.44982342298211
,,grass,,18.42516205732723,54.44587096169249
,,grass,,18.54289566139788,54.33392982290891
,,grass,,18.543299955046507,54.333930831359325
,,grass,,18.54321234492577,54.33386890263126
,,grass,,18.54323876699122,54.33378088928969
,,grass,,18.542235700000003,54.33397715000001
,,grass,,18.542093470379356,54.3338950415111
,,grass,,18.54239306696759,54.333758839105826
,,grass,,18.54298878282912,54.333631645741
,,grass,,18.558258103051426,54.37435344765057
,,grass,,18.55893513261071,54.37429346960207
,,grass,,18.559337656291504,54.37436663673873
,,,grassland,18.649013941406057,54.402117286947615
,,grass,,18.560053164173002,54.37439506845399
,,grass,,18.559698670193363,54.3743686003585
,,grass,,18.5597042230822,54.374480310519324
,,grass,,18.55981308580623,54.374480907551856
,,grass,,18.559710555664594,54.37459018177615
,,grass,,18.55981891747639,54.3745860766431
,,grass,,18.559396967776106,54.37451168683595
,,grass,,18.58838623333333,54.408124666666666
,,grass,,18.586188335737827,54.40877768330858
,,grass,,18.586668257277957,54.40866996329658
,,grass,,18.5869382,54.40861629999999
,,grass,,18.587158674244854,54.408596239965114
,,grass,,18.585494668167556,54.40883824212876
,,grass,,18.58541481870194,54.408662711148054
,,grass,,18.586362097394222,54.40853582416234
,,grass,,18.58443511501103,54.40878253249071
,,grass,,18.585751804404165,54.40853596223568
,,grass,,18.586692017117823,54.40839701088163
,,grass,,18.58481826929536,54.40866709449314
,,grass,,18.583556767579584,54.40890756628118
,,grass,,18.58374062849536,54.40882436829115
,,grass,,18.58649389952624,54.40897030470039
,,grass,,18.58635550828446,54.40902364258303
,,grass,,18.58649332918582,54.409017996283616
,,grass,,18.586617899791303,54.40901222900081
,,grass,,18.586769871516495,54.409005079414875
,,grass,,18.586036361060476,54.40910320453354
,,grass,,18.58620866352034,54.40908548514033
,,grass,,18.58529777466255,54.409287449025605
,,grass,,18.584765983351893,54.40933345744623
,,,grassland,18.701610250107112,54.38245486377864
,,,grassland,18.703110632213807,54.38297951434778
,,,grassland,18.699956634762938,54.38393563347708
,,grass,,18.482870601576835,54.38057670265785
,,grass,,18.482561022987674,54.38054636995715
,,grass,,18.482385799469704,54.380415990479555
,,grass,,18.482277045643233,54.380386803299544
,,grass,,18.482404320470692,54.380264445776305
,,grass,,18.482184126708866,54.38021237389901
,,grass,,18.482660550974874,54.38012366277624
,,grass,,18.48297784646939,54.3801544901945
,,grass,,18.48308773957213,54.380485037357666
,,grass,,18.48323656686098,54.38054756969829
,garden,,,18.483406843974013,54.380407012277125
,,grass,,18.482568521132713,54.38073001047062
,,grass,,18.58705323967308,54.40844006050612
,,grass,,18.588018076128122,54.408167371743076
,,grass,,18.588177382622618,54.40780765533095
,,grass,,18.56256461507147,54.37536183896496
,,grass,,18.56320844021302,54.375463051863136
,,grass,,18.563318581535935,54.37540872864715
,,grass,,18.56287837546034,54.37533097364354
,,grass,,18.562098925432604,54.3752335285506
,,grass,,18.56245737078555,54.37487218366578
,,grass,,18.561922207683143,54.37536545291207
,,grass,,18.561828722117806,54.37547196951174
,,grass,,18.561518200788615,54.375562784401396
,,grass,,18.561527407169507,54.3756096877677
,,grass,,18.562638718277046,54.37552188287869
,,grass,,18.561555893653225,54.37539000252856
,,grass,,18.561204661220373,54.37565567974541
,,grass,,18.56153458037453,54.3757109453237
,,grass,,18.561155197593784,54.37571807575024
,,grass,,18.562709764999607,54.37532386275596
,,grass,,18.56305571438739,54.3749656055378
,,grass,,18.56336168157869,54.375084446796635
,,grass,,18.563338599440538,54.374930513201164
,,grass,,18.5637194597826,54.374076785316305
,,grass,,18.564015131507865,54.37359909698155
,garden,,,18.564112147930366,54.37372131690303
,,grass,,18.56413434779218,54.373829797302186
,,grass,,18.564183610169056,54.373944228948076
,,grass,,18.5639222146189,54.37441498632461
,,grass,,18.563967769246172,54.37453016166447
,,grass,,18.564084773402016,54.374430185316186
,,grass,,18.563226120497017,54.37346907677711
,,grass,,18.562635211613856,54.373700264707495
,,grass,,18.563328611114716,54.37323522646893
,garden,,,18.56301258838022,54.37330455632123
,garden,,,18.562948140188574,54.37339684877146
,,grass,,18.56284604194443,54.37327352049237
,,grass,,18.563025890885154,54.3731909268834
,,grass,,18.56272235963886,54.373793908451766
,,grass,,18.562384280949566,54.37369315886061
,,grass,,18.56251949518225,54.37322644371154
,,grass,,18.562559794696465,54.37318998979912
,,grass,,18.562878830431874,54.37599140185466
,,grass,,18.563229303731557,54.37616214806862
,,grass,,18.55873207479232,54.37359804344185
,,grass,,18.55906246973324,54.37411993038044
,garden,,,18.562576792866036,54.37401711120531
,garden,,,18.56285893125045,54.374009550114614
,garden,,,18.562809765959333,54.3739009764464
,garden,,,18.562947017096096,54.374111473356834
,garden,,,18.562963302162323,54.37420335326168
,,grass,,18.56185184527668,54.37399649107569
,garden,,,18.561996705756084,54.374141110953765
,,grass,,18.56167985254394,54.37406514090705
,,grass,,18.56169793336676,54.37416171666521
,garden,,,18.561767177121204,54.374273282502145
,garden,,,18.561786366751313,54.374379835893585
,,grass,,18.56204379531221,54.37454772712578
,garden,,,18.561844596965273,54.37446879512777
,,grass,,18.560881943921608,54.375576167298085
,,grass,,18.560882723260058,54.37547930630268
,,grass,,18.5613625550778,54.37525856820264
,garden,,,18.56086046566733,54.37527237922733
,garden,,,18.560859314917288,54.37536858964822
,,grass,,18.559807394400167,54.374693276958354
,,grass,,18.560484368756658,54.37530199202641
,garden,,,18.56026697113334,54.37522101699087
,,grass,,18.560504475267052,54.37502967786517
,garden,,,18.56039003956364,54.37497188511602
,garden,,,18.560773410854008,54.37522167589978
,,grass,,18.560229807831696,54.37537535721287
,garden,,,18.5599639,54.374988266666676
,garden,,,18.56011687757247,54.374969723811056
,garden,,,18.55997660702405,54.37506971637611
,garden,,,18.5601364235249,54.37507237018049
,,grass,,18.55967943855303,54.37479040286371
,,grass,,18.560954654089336,54.37437652201856
,garden,,,18.56081666589279,54.37421587369963
,garden,,,18.56065787287746,54.37423535188778
,,grass,,18.560625156028106,54.374322387491716
,,grass,,18.560629795319525,54.374422780440064
,,grass,,18.560447259588436,54.3744794998408
,,grass,,18.560396564991585,54.374256223617685
,,grass,,18.557755463809286,54.37421300024809
,,grass,,18.558286441928296,54.37399211706562
,garden,,,18.557380163002303,54.374557344419756
,,,grassland,18.559824035550253,54.375291034372445
BigFoot Works BikePark,park,,,18.533542592297138,54.42790819597519
,,grass,,18.5872304,54.40849876666667
,,grass,,18.587492986400903,54.40833286577732
,,grass,,18.587242866666667,54.40826196666666
,,grass,,18.586892189929582,54.40821091574692
,,grass,,18.58679278581193,54.407998981055414
,,grass,,18.60459276674319,54.381123613581984
,,grass,,18.597643725847604,54.41433464018253
,,grass,,18.558371298416766,54.37363889365988
,,grass,,18.56279284401534,54.37136315629035
,,grass,,18.558304702989656,54.370336356720124
,,grass,,18.549172826667636,54.37203291365102
,,grass,,18.542539867524777,54.37238209542514
,,grass,,18.539523776552073,54.37401658377052
,,grass,,18.532556394740258,54.37619292610395
,,grass,,18.564892625522283,54.37258736648107
,,grass,,18.56608552483435,54.37338652917531
,,grass,,18.56575371894124,54.37320790847974
,,grass,,18.565635018980753,54.373143727236126
,,grass,,18.565362147665535,54.37303696316841
,,grass,,18.565055977689124,54.37288977078558
,,grass,,18.56412181427943,54.37212155405563
,,grass,,18.563907936948404,54.371934375284255
,,grass,,18.560321365938844,54.37065228868399
,,grass,,18.566766901518662,54.37390308720629
,,grass,,18.568800273562363,54.37298299582405
,,grass,,18.56703070499175,54.37346720089228
,,grass,,18.56636475817679,54.37417157992099
,,grass,,18.566169409034497,54.3741087332638
,,grass,,18.56495077333466,54.37490789670107
,,grass,,18.565285043468737,54.37483597134686
,,grass,,18.565405245883213,54.37434365205519
,,grass,,18.564971875526744,54.3741708492188
,,grass,,18.565159270085086,54.37425056802856
,,grass,,18.565156236918334,54.37438486322374
,,grass,,18.56494913306498,54.37444632558856
,,grass,,18.56503443495937,54.374623516809415
,,grass,,18.56459664835657,54.374342161065194
,,grass,,18.564447025517197,54.37470697349385
,,grass,,18.564604907579355,54.374584291987524
,,grass,,18.564320331313937,54.37516021378583
,,grass,,18.56401549067042,54.37535963281395
,,grass,,18.564042614075394,54.37522775948752
,,grass,,18.564093080734093,54.37493179603918
,garden,,,18.564223382395607,54.37486144080655
,,grass,,18.56370925554484,54.37514758875289
,,grass,,18.56370765877167,54.375431860174764
,,grass,,18.564004666666666,54.375580799999994
,,grass,,18.563741623597004,54.375704456293974
,,grass,,18.563753205105414,54.37589335221961
,,grass,,18.563758410404674,54.37601509281419
,,grass,,18.56376231498081,54.37613595556148
,,grass,,18.56385075350765,54.37612006821643
,,grass,,18.563839795579284,54.37601301887423
,,grass,,18.563837142215913,54.3758927951991
,,grass,,18.56389391629369,54.37623278782046
,,grass,,18.56380734055448,54.37626071560155
,,grass,,18.563966434901005,54.37580779022042
,,grass,,18.56403088556261,54.376034643398405
,,grass,,18.564182796192863,54.37580694302655
,,grass,,18.564350881660932,54.375945801542365
,,grass,,18.564538728194744,54.37377272479318
,,grass,,18.56462128351072,54.37372338319178
,,grass,,18.56464232648127,54.37384408204988
,,grass,,18.564650433150188,54.37396275134764
,,grass,,18.564565619256182,54.37399088088153
,,grass,,18.563680543427285,54.37499273555128
,,grass,,18.564507903809247,54.37615915200318
,,grass,,18.56438684710713,54.3758635216883
,,grass,,18.56465474600606,54.37623583355631
,,grass,,18.564770929836055,54.37647078770818
,,grass,,18.565209666666668,54.37673663333333
,,grass,,18.56532418026801,54.37681942016802
,,grass,,18.565066803593933,54.376776418812106
,,grass,,18.565145866070242,54.3768999008413
,,greenfield,grassland,18.581745980755127,54.34525896166796
,,grass,,18.600283731797393,54.3409824435387
,,grass,,18.599681664632154,54.341059965002465
,,grass,,18.599188981531483,54.34112287053588
,,grass,,18.598361839034137,54.341215441013844
,,grass,,18.597989583694353,54.33660380928428
,,grass,,18.598025122479438,54.336708065158916
,,,grassland,18.444278863483206,54.37961654840785
,,forest,wood,18.46073980149842,54.356892215787504
,,,grassland,18.45841628358162,54.356341500839996
,,,wood,18.463134659811065,54.36182280071852
,,,wood,18.463409025953965,54.361266846921346
,,,wood,18.46261895386828,54.36330007144192
,,,wood,18.46159700495876,54.36228991945813
,,,grassland,18.461055587009643,54.362663675038156
,,,grassland,18.611494820528247,54.380015150890195
,,grass,,18.58807191991349,54.41783826080499
,,grass,,18.589132237490407,54.341099883647985
,,grass,,18.59074863659613,54.34080182909978
,,grass,,18.598751457180914,54.34134921903164
,,,grassland,18.56428742206664,54.3464008918096
,,,grassland,18.56345729608401,54.34627451072134
,,,grassland,18.59103073436347,54.30683573112437
,,greenfield,grassland,18.48628552671236,54.38666432515603
,,greenfield,grassland,18.48880857183546,54.38581738984699
,,greenfield,grassland,18.484597724399784,54.38743349654833
,,grass,,18.483328452726372,54.388413478974826
,,grass,,18.484749359058718,54.38800895078339
,,grass,,18.48464594476281,54.38852291848212
,,grass,,18.483980260054096,54.38835288336786
,,grass,,18.483709176262025,54.38806162315365
,,,grassland,18.616989509887226,54.326467624948435
,,,grassland,18.6288447139089,54.354350410816934
,garden,,,18.62832984489521,54.35421485977817
,,,wood,18.62991449908972,54.35404890474705
,,,wood,18.62893360208406,54.35444291231706
,,,wood,18.62897049403685,54.35518161876578
,,,grassland,18.560336504172124,54.42742635529084
,,,grassland,18.637926459770032,54.32704501629008
,,,grassland,18.635471176905423,54.33000314579534
,,grass,,18.65068121319015,54.36029451480087
,,grass,,18.65060251448081,54.360674100930446
,garden,flowerbed,,18.65035361448099,54.36036319777055
,garden,flowerbed,,18.650159472806507,54.36043323050738
,garden,flowerbed,,18.650513447565704,54.36028900433038
,garden,flowerbed,,18.65027149690923,54.360486328474906
,garden,flowerbed,,18.650478205427067,54.360452507167764
,garden,flowerbed,,18.65074182721906,54.36045413626475
,garden,flowerbed,,18.650624922227312,54.36055889711381
,garden,flowerbed,,18.650467608266208,54.3605785300414
,,grass,,18.641020494620623,54.35932756592991
,,grass,,18.642056220517425,54.36001451593405
,,grass,,18.64279194321846,54.36045431551663
,,grass,,18.641480351444006,54.35986749634421
,,grass,,18.642334480782743,54.359004032608254
,,grass,,18.643429466838626,54.35839879936568
,,grass,,18.643001920461153,54.35875654827704
,,grass,,18.643768426377378,54.359143225964104
,,grass,,18.64356378558251,54.35915263104591
,,,grassland,18.636103592260273,54.35710102931381
,garden,,,18.63395444891263,54.36342679161717
,,,wood,18.59880975288441,54.37031318384229
,,,wood,18.599589695109582,54.372132954708604
,garden,,,18.574512931411657,54.3503137454483
,garden,,,18.57476167868317,54.35082914353283
,,,grassland,18.57328110044084,54.35247714415207
,,grass,,18.57502101011114,54.357017338336476
,,grass,,18.57562882036287,54.356739216207735
,,grass,,18.596852920303455,54.40930674349321
,,grass,,18.59837147544167,54.40953835808161
,,grass,,18.59750381118764,54.409493663303174
,,grass,,18.597739397209196,54.40923136399037
,,,wood,18.678207765981398,54.350875417735956
,,,grassland,18.683670108254418,54.35056930176369
,,,grassland,18.714045604125634,54.353147787917166
,,grass,,18.694551380903658,54.353545284539834
,,grass,,18.694603003561834,54.351111921407664
,,grass,,18.693499675858966,54.35259887904667
,garden,,,18.581280708939197,54.39022579073774
,,grass,,18.60977905,54.3872665
,,grass,,18.609652836031856,54.38723793819864
,,grass,,18.615574809832808,54.35882518559638
,,,grassland,18.616307241960712,54.357875250221205
,,,wood,18.631520891153734,54.36382063596187
,,grass,,18.59345666817389,54.4083839002154
,,grass,,18.594483618787223,54.40856837397496
,,grass,,18.59497156655473,54.40864248918014
,,grass,,18.647397721064987,54.354810434064056
,,,grassland,18.55411247907242,54.342074393283
,,,wood,18.711227791765324,54.358163321571645
,,greenfield,grassland,18.721796536933784,54.360338642497155
,,,grassland,18.72629931365131,54.36085073079228
,,,grassland,18.72772459219764,54.361333500626756
,,,wood,18.739453192356642,54.360197565308496
,,,grassland,18.73670823927177,54.359812533370906
,,greenfield,grassland,18.734965617856762,54.36016265164795
,,greenfield,grassland,18.735610524343894,54.36006264465879
,,grass,,18.712637889976325,54.36077898418171
,,grass,,18.712705519342812,54.36073555668847
,,grass,,18.71287285097681,54.36049315448247
,,grass,,18.70906193333333,54.361251499999995
,,grass,,18.71013325877133,54.36163154009724
,,grass,,18.71006416780246,54.36137749977995
,,grass,,18.71035532715607,54.360936538631925
,,grass,,18.708708779483104,54.3613344633458
,,,wood,18.728379686522867,54.35964823570711
,,,grassland,18.727881696935533,54.35962171324274
,,,wood,18.729453650018616,54.36132000544022
,,,grassland,18.7296547003177,54.361349355594946
,,,grassland,18.729120083139815,54.36059279353977
,,grass,,18.55173425855945,54.31315453092883
,,greenfield,grassland,18.463762287125935,54.449861456939956
,garden,,,18.655222939465684,54.36091523667724
,garden,,,18.657132840833444,54.36071909179454
,,grass,,18.66110355769316,54.40543584525011
,,grass,,18.661160753405184,54.40506726714214
,,grass,,18.594609609601555,54.40953946665643
,,,wood,18.566548750519548,54.374640061780255
,,,wood,18.56565243239217,54.37486060784624
,,,wood,18.564793487011894,54.37570463412971
,,,wood,18.56508834343897,54.37513998580636
,,grass,,18.56521481065155,54.375222987135196
,,grass,,18.565682231204683,54.37470699164373
,,grass,,18.56454408773844,54.375832671823176
,,grass,,18.565269364715057,54.37604415800404
,,grass,,18.5654966,54.37598843333333
,,grass,,18.565834274827395,54.37553124720971
,,grass,,18.565098479728608,54.375637183959114
,,grass,,18.565372580441398,54.375808588681906
,,grass,,18.565357212173268,54.37568451599576
,,grass,,18.565338704014966,54.37555627717196
,,grass,,18.56584490150726,54.37510645323159
,,grass,,18.56493294630123,54.37635004532637
,,grass,,18.56545923405334,54.37676807884301
,,grass,,18.565670898037947,54.37525687518185
,,grass,,18.56588729497794,54.37524714454546
,,grass,,18.566548678015042,54.37482136189851
,,grass,,18.56659621429548,54.37494722677659
,,grass,,18.56633726948406,54.37495178662707
,,grass,,18.566057800000003,54.37572033333333
,,,wood,18.56680708976025,54.37533109089202
,,grass,,18.56786786731883,54.37500134388494
,,grass,,18.567638391466783,54.37491109358615
,,,wood,18.56761259015327,54.374749228813855
,,grass,,18.606620188068078,54.38169461677723
,,grass,,18.606744697820112,54.383225323163174
,,grass,,18.60685026536017,54.38261281198967
,,,wood,18.60873679977652,54.371173873568175
,,,wood,18.60970831304456,54.37165904561432
,,,grassland,18.60927980471329,54.369171764830185
,,greenfield,wood,18.61954296533032,54.29447167771592
,,,wood,18.617029531234348,54.292874808129405
,,,grassland,18.61794290288169,54.30361736956812
,,,grassland,18.620485433581862,54.29439175845473
,,greenfield,grassland,18.621080162176284,54.295434126225665
,,,grassland,18.62487659182502,54.29968465450902
,,,grassland,18.628642934454227,54.299189534465334
,,,grassland,18.6271495126106,54.298892372174656
,,,grassland,18.62564206484277,54.29857820565135
,,,wood,18.62834338845157,54.30041263987784
,,,grassland,18.630165800000004,54.30027270000001
,,,grassland,18.629740546147957,54.300423347178445
,,,wood,18.629830937207625,54.303130453711276
,,greenfield,grassland,18.62953038872073,54.30416600899666
,,,wood,18.627198891885307,54.30437575699338
,,,grassland,18.627559295258273,54.30719175178801
,,,grassland,18.630883686961724,54.29813365630268
,,,grassland,18.63082430943381,54.298650590061584
,,,wood,18.630354838939585,54.297662626010876
,,,grassland,18.629275203158123,54.29665599637598
,,,wood,18.623016820806484,54.295684993311696
,,,grassland,18.622057331940542,54.297766348051645
,,,grassland,18.62249553844769,54.29629396095725
,,,grassland,18.612030458906855,54.29518467417732
,,,grassland,18.615460999030073,54.28842807964452
,,,grassland,18.628847265837205,54.29002132819322
,,grass,,18.622929663358306,54.29365944044728
,,grass,,18.622372026784593,54.29404733019221
,,grass,,18.614120247531993,54.2917153266162
,,,wood,18.6081269559388,54.29550769430561
,,,grassland,18.624047199257863,54.2956937461671
,,,grassland,18.628432484974457,54.299923182598484
,,,grassland,18.622917774290013,54.298494957241225
,,,wood,18.616003965982536,54.298201915837176
,,,wood,18.62625944176471,54.305496871288
,,,wood,18.61434420641055,54.30531774719861
,,,grassland,18.613684958385587,54.30552554869317
,,,wood,18.61345107861959,54.305600086521146
,,,wood,18.61582395301775,54.30611186516703
,,,wood,18.613475671471797,54.305930532462895
,,,grassland,18.614219834219913,54.30629339410369
,,,grassland,18.617975312747426,54.30605419963904
,,,grassland,18.61631245071479,54.30493179724725
,,,wood,18.616270244363378,54.30445377953547
,,,grassland,18.618816518377685,54.30588729739031
,,,grassland,18.621931092048314,54.30607479196639
,,,grassland,18.62731526266541,54.308671601410836
,,,grassland,18.626408834206057,54.30958123227148
,,,wood,18.625998154336852,54.30960357716003
,,,grassland,18.626871340914427,54.30614405055376
,,,grassland,18.616430767224582,54.30920287310504
,,,wood,18.619877073967,54.30983344689225
,,,wood,18.619480454213008,54.309821328763576
,,,grassland,18.61620305016347,54.3099689989556
,,,grassland,18.619174291791808,54.309891842485285
,,,wood,18.616707691040425,54.309714039781426
,,,wood,18.61529318369028,54.309432180475056
,,,grassland,18.60545332255262,54.29729980703062
,,grass,,18.60474816029567,54.29686913212333
,,,grassland,18.638858064031545,54.28619419162081
,,,grassland,18.638932509699156,54.28562369878156
,,,grassland,18.6389666811118,54.28511561124351
,,,grassland,18.638945583151244,54.28434082328141
,,,grassland,18.638836848853533,54.283738334836535
,,,grassland,18.638639419975792,54.28689848967506
,,,wood,18.637642225737316,54.282886341967036
,,,grassland,18.637038482032953,54.28400883008824
,garden,,,18.637244903081772,54.28566700289038
,,,grassland,18.62766152448011,54.31308098062535
,,grass,,18.614368881056333,54.31594305622188
,garden,,,18.628711035772575,54.316441475900405
,,,grassland,18.60925290643917,54.31272544566004
,,,wood,18.615328069649983,54.31174532089431
,,,grassland,18.609949207021984,54.315711551075466
,,greenfield,wood,18.613593812201326,54.31592479362249
,,greenfield,grassland,18.61372977395832,54.31547561490943
,,grass,,18.624535551931864,54.31910379652774
,,,grassland,18.623274550308842,54.319368767057156
,,,grassland,18.61911610174735,54.31709789772811
,,grass,,18.618746840970573,54.31735046322957
,,,grassland,18.597852463485907,54.31173600984134
,,grass,,18.599089373188065,54.314525326969125
,,greenfield,grassland,18.59619136557884,54.3133463804209
,,,grassland,18.602274304524133,54.31223656512922
,,,wood,18.60203098020403,54.31222495397118
Skwer Hugo Conwentza,,grass,,18.637429840623476,54.28477389134578
,,,grassland,18.616699669283573,54.31910644344132
,,,grassland,18.584977450473048,54.321302411629624
,,grass,,18.583069865101344,54.32109201795481
,,,grassland,18.5838151348084,54.320427155163756
,,,grassland,18.573898337233807,54.32086059524418
,,,wood,18.595619651046274,54.31987821116654
,,grass,,18.600168563436263,54.32033993772349
,,,grassland,18.589465680596984,54.31419561070765
,,,grassland,18.582034654240164,54.31586125424121
,,,grassland,18.581522519574406,54.315675806432
,,greenfield,wood,18.588659495010905,54.31466214095011
,,greenfield,grassland,18.58699685041316,54.31415790472474
,,greenfield,grassland,18.58602021490567,54.31409189022974
,,greenfield,grassland,18.58478271355105,54.31582141586625
,,greenfield,grassland,18.58377048923702,54.316121246622146
,,grass,,18.587671673253173,54.31569845744014
,,greenfield,grassland,18.587070369477214,54.31542342085546
,,greenfield,grassland,18.58255264814125,54.31374107348232
,,grass,,18.583125112856624,54.306104623519516
,,,grassland,18.583324318283307,54.30356904407006
,,,grassland,18.58170690145277,54.30457364853619
,,,grassland,18.582414227640243,54.30438982406954
,,,grassland,18.583938896117726,54.30406684562194
,,,grassland,18.593231139826134,54.30728252998611
,,grass,,18.58611770419976,54.303247865381856
,,grass,,18.605163383562704,54.30799737511533
,,greenfield,grassland,18.605915400840058,54.30700780557917
,,,grassland,18.607332678517253,54.30846931177932
,,,wood,18.60846616966058,54.305381116126384
,,grass,,18.606431720248146,54.30351422674023
,,,wood,18.600003011667322,54.316995133113856
,,,wood,18.59800447976056,54.320394982205286
,,,wood,18.598995365269733,54.32053213786599
,,,wood,18.59837987545403,54.32089599819619
,,,grassland,18.61656968378638,54.32860295671699
,,,grassland,18.6172068337513,54.328366559486234
,,grass,,18.617705357732333,54.32836311742631
,,,grassland,18.623059676437368,54.32865584894179
,,,scrub,18.61053914853261,54.32747467348685
,,,scrub,18.610321411427794,54.32770987932847
,,,grassland,18.61042069222299,54.32770940563606
,,,grassland,18.61541562972247,54.328873971923734
,,,grassland,18.610298459170494,54.3330210953752
,,,grassland,18.610710111121943,54.33282569492024
,,,wood,18.636062839831364,54.33959201789429
,,,grassland,18.63570141526843,54.33887619670327
,,,wood,18.63171684655009,54.33855620440543
,,,grassland,18.632249489951285,54.331800788671686
,,,grassland,18.633353041109153,54.332300438221296
,,,grassland,18.603342294120438,54.332585304537574
,,grass,,18.603453995681523,54.33246128764881
,,,wood,18.602595993844094,54.332574861529885
,,,grassland,18.606873631428947,54.33222297687221
,,grass,,18.600169995433266,54.33602305987862
Jar Wilanowski,park,,,18.604986484222238,54.33344251853764
,,,grassland,18.60215028712879,54.33566030962302
,,grass,,18.598430093217342,54.33410728012088
,,,grassland,18.636128718052763,54.334930309396434
,,,grassland,18.639811796609475,54.33810662277051
,,,scrub,18.639563108042406,54.33838722982108
,,grass,,18.63399670324577,54.33079134879961
,,grass,,18.61210784353942,54.32805674408321
,,grass,,18.611557200253557,54.3276865044414
,,,grassland,18.612301298290067,54.327883409331555
,,grass,,18.613642907938193,54.327974462109644
,,,grassland,18.614112418471578,54.32785139015878
,,greenfield,grassland,18.594029296876634,54.32102765667096
,,grass,,18.601709269092563,54.32272642605979
,,grass,,18.577001280464028,54.300880961471265
,,grass,,18.603806821312197,54.39403724673521
,,,wood,18.604056370960805,54.393858539871864
,,grass,,18.603567016529777,54.39581362606862
,,grass,,18.6149447732156,54.40694770768979
,,grass,,18.611780412606382,54.40394841482122
,,grass,,18.607528046530216,54.399743573406894
,,grass,,18.608329655506918,54.400520866066906
,,grass,,18.60933076724456,54.40146791400083
,,grass,,18.610339872149986,54.402398017701735
,,grass,,18.610479839534086,54.40253202803402
,,grass,,18.611168345878404,54.403163834556466
,,grass,,18.611904872926385,54.40386270800498
,,grass,,18.613107856358372,54.40500303973313
,,grass,,18.612831225081184,54.404947361452976
,,grass,,18.611878479687267,54.40362399955657
,,grass,,18.61129048316568,54.40307565189166
,,grass,,18.610169578442097,54.402034659160314
,,grass,,18.610699091195844,54.40250406809355
,,grass,,18.61228872979086,54.40401358069263
,,grass,,18.61392154520443,54.40556891390285
,garden,,,18.614319340355912,54.40615142973488
,,grass,,18.608286133012054,54.40025286676664
,,grass,,18.60782512912742,54.39982542162733
,,grass,,18.607655272460732,54.39967660568588
,,grass,,18.604562969381348,54.39717065830067
,,grass,,18.60425781379369,54.39689818060931
,,grass,,18.60543966776235,54.39800504367301
,,grass,,18.60468813769681,54.39688689499193
,,grass,,18.604903445545634,54.397087973831155
,,grass,,18.60533961838476,54.397501581849745
,,grass,,18.60609485484449,54.398214190580994
,,grass,,18.606751405286197,54.398825216007424
,,grass,,18.60659117228501,54.39867258815532
,,grass,,18.604246441236935,54.39644646458969
,,grass,,18.60683887216722,54.39912713506466
,,grass,,18.606453429844954,54.39872987509295
,,grass,,18.60541788042267,54.39778470487169
,,grass,,18.60393110169923,54.39639037513231
,,grass,,18.60729705804905,54.39934276058029
,,grass,,18.605677616453768,54.395381313819996
,,grass,,18.67392113387091,54.34870353210818
,,grass,,18.671418699168463,54.348448521500266
,,grass,,18.671585762852636,54.34853444442864
,,grass,,18.684598903535345,54.35671879040687
,,grass,,18.646402300191937,54.39594981094033
,,grass,,18.645475003197024,54.35678216879074
,,grass,,18.652099697926804,54.35673197609688
,,grass,,18.65223396789762,54.35676749822298
,garden,,,18.657235239206894,54.35556883919694
,garden,,,18.657155712328656,54.35558516692433
,,grass,,18.656549603632325,54.35536304262143
,,grass,,18.65434762628142,54.34603755993481
,,grass,,18.67963134029377,54.35709032311607
,,grass,,18.64505749000281,54.34550721588654
,garden,,,18.645021486332546,54.345463986797085
,,,grassland,18.624912941637938,54.392503858162634
,,,grassland,18.63558294617108,54.39171980205372
,,,grassland,18.633698749517336,54.39224517578171
,,grass,,18.636173475588585,54.39440570668735
,,grass,,18.63541865336981,54.394579888193356
,,grass,,18.63452434322873,54.395193186798785
,,grass,,18.63032826317163,54.397079652508076
,,grass,,18.629285467048554,54.397771662458595
,,grass,,18.62712090426212,54.399056780927964
,,,grassland,18.641523682793824,54.401667926275074
,,,grassland,18.643232244747697,54.40018053917225
,,grass,,18.64345251382153,54.39986076543664
,,grass,,18.643329499610225,54.3996485078224
,,,wood,18.609408376381083,54.37377836361584
,,grass,,18.480946684991434,54.42162990421233
,,grass,,18.48094675,54.42173005
,,grass,,18.480947450000002,54.42125055
,,grass,,18.480945992727158,54.42134636841742
,,greenfield,grassland,18.573442858648036,54.414673127701
,park,,,18.6334337485448,54.40747787944827
,,grass,,18.63832955504638,54.40329791668994
,,,grassland,18.64041073611364,54.402056621205084
,,greenfield,wood,18.63810874002817,54.401926084719
,,grass,,18.63542411560544,54.395645494654566
,,grass,,18.635606975387645,54.395804198803226
,,grass,,18.63429260306164,54.39621883411683
,,grass,,18.63462063686297,54.39666104323411
,,grass,,18.62930607177834,54.39931178385549
,,grass,,18.637652387750215,54.395212457997644
,,grass,,18.637931405149622,54.39473900665769
,,grass,,18.636725631166264,54.39546184436637
,,grass,,18.63460032639297,54.39641500443694
,,grass,,18.635241963542285,54.39574917098867
,,grass,,18.634977161881007,54.39590654285875
,,grass,,18.634649038578118,54.39603021865786
,,grass,,18.63447407079005,54.39611859386085
,,grass,,18.633631470440168,54.39682737222076
,,grass,,18.634737081916604,54.39651008162313
,,grass,,18.630859458033004,54.39839360603687
,,grass,,18.630670606112982,54.398228585055996
,,grass,,18.630212432828227,54.39816811589969
,,grass,,18.630726953895238,54.39855831129979
,,grass,,18.63196905248247,54.397647579650744
,,grass,,18.631799061568326,54.397447736388074
,,grass,,18.63537652122019,54.396392357566924
,,grass,,18.635869291044024,54.39624025218603
,,grass,,18.63462274868915,54.39679807088282
,,grass,,18.634880542806805,54.39672999240318
,,grass,,18.63462122204671,54.396861924865306
,,grass,,18.679597032720043,54.348837945816854
,,,wood,18.677829898040823,54.40640434529349
,,,wood,18.68029912284833,54.40542889610055
,,,wood,18.675561881048584,54.408075559392046
,,,wood,18.675593164969925,54.40758950123297
,,,wood,18.676670504415057,54.40694425039344
,,,wood,18.676127209753002,54.406746120118086
,,,wood,18.676409205842614,54.40590333239328
,,,wood,18.671571510667714,54.40626669312416
,,,wood,18.669978862065985,54.40710737080458
,,,wood,18.68292125806527,54.403550402097025
,,,grassland,18.692364613747326,54.38800038860485
,,,wood,18.55248710303959,54.353105450920275
,,grass,,18.597278032781634,54.414607224654894
,,grass,,18.597178005831527,54.41457418012434
,garden,,,18.658048106255038,54.35345346289478
,,grass,,18.658089340226702,54.353367048092906
,,grass,,18.657652085506655,54.35213448695245
,,grass,,18.59279563614201,54.32853013879134
,,grass,,18.592012091315908,54.32863885489822
,,,wood,18.589899682629795,54.332781383569284
,,,grassland,18.589663637507723,54.33154761518994
,,,wood,18.587372023584525,54.3318958574247
,,grass,,18.58772228570793,54.33190932755481
,,,wood,18.675156776107492,54.39708374775578
,,,wood,18.674230287872703,54.39626477884923
,,,wood,18.676924215415596,54.397981560656724
,,,wetland,18.64010062823177,54.28901021247335
,,,grassland,18.63988527050411,54.28961862571502
,,,grassland,18.640810643272104,54.28744761172842
,,,wetland,18.63847596341639,54.29846303126368
,,,grassland,18.641215978110655,54.29767314233097
,,,grassland,18.65553784780702,54.32377633106332
,,,grassland,18.65693381921388,54.324407211332506
,,,grassland,18.6536848767863,54.32385141620047
,,,grassland,18.656670131869443,54.32352042253102
,,,grassland,18.65657136320139,54.322476389005416
,,,grassland,18.65788796402217,54.32412975544448
,,grass,,18.642314103767195,54.348010295976515
,garden,,,18.642309583771983,54.348012574839615
,,grass,,18.641926267685378,54.34815044601335
,garden,,,18.641907209471764,54.348146550511125
,,grass,,18.642688969049818,54.34804850597807
,garden,,,18.642699745806944,54.34804429988646
,garden,,,18.64532112969511,54.34756019968576
,garden,,,18.64491913026673,54.34759846873031
,garden,,,18.644902619996362,54.34776033097869
,garden,,,18.642807900014482,54.34748295339422
,garden,,,18.64270129288533,54.347405798283155
,,grass,,18.646163731897044,54.35197997688166
,,grass,,18.646225950434417,54.351772991798306
,,grass,,18.646529137862167,54.35187574495613
,,grass,,18.64632662191752,54.35189994208473
,garden,,,18.646320972400854,54.35189424350785
,,grass,,18.64586497606443,54.35180186651008
,,grass,,18.64584563779144,54.35194348429132
,,grass,,18.64613658145341,54.35212442131176
,,grass,,18.64641784661875,54.3521363248149
,,grass,,18.646232713916778,54.35235147339709
,,grass,,18.64461483303847,54.34800959240447
,garden,,,18.646203980130494,54.35113905901837
,garden,,,18.646220243286123,54.351234749891084
,garden,,,18.646193021742786,54.35144477462149
,,grass,,18.646190228723075,54.35124159850275
,garden,,,18.64624012100307,54.35133672481352
,,grass,,18.644401242185353,54.351818701811894
,,grass,,18.644457855266914,54.35189264803413
,,grass,,18.641999174715313,54.35099520572026
,,grass,,18.64181641728956,54.34935509042104
,garden,,,18.64180649673361,54.349352971463226
,,grass,,18.6417083723769,54.34918964362721
,,grass,,18.641754026731974,54.34866429464139
,,grass,,18.64174002625377,54.348809777250814
,garden,,,18.642103967654478,54.34842913236476
,,grass,,18.641395397545054,54.34839421540763
,,grass,,18.641561325234097,54.34848075287175
,,,grassland,18.656847974904068,54.30774731951115
,,,grassland,18.6709792771857,54.30722517044325
,,,grassland,18.685923198982152,54.31067420764311
,,,grassland,18.68703491211739,54.31311025105771
,,grass,,18.4299925,54.4478291
,,,grassland,18.421682365994673,54.444999193790295
,,,grassland,18.422843426834312,54.443783428368874
,,,wood,18.423104114679568,54.444843196136084
,park,,,18.42055908149913,54.44439762072155
,,,grassland,18.424925304825305,54.44331243343024
,,grass,,18.42626223080991,54.442932142347125
,,grass,,18.57671526629204,54.384594685195296
,,,wood,18.557135900853467,54.45014399292237
,,grass,,18.56422373299365,54.420107198108425
,,grass,,18.564720355280638,54.420459138633156
,,grass,,18.56455834563911,54.42066883598393
,garden,,,18.56347150084784,54.42337328490953
,garden,,,18.56459046885129,54.42370761115329
,garden,,,18.563597675949698,54.4234911118873
,garden,,,18.564279225806093,54.423622667226155
,garden,,,18.56389107898563,54.42381787979471
,garden,,,18.56396843389885,54.42357525921543
,garden,,,18.563998265447662,54.42333230718318
,,grass,,18.563378880792513,54.42849136829125
,,,grassland,18.56952402014542,54.316893283319374
,,,grassland,18.574151264595578,54.31525618774771
,,,grassland,18.571303300140592,54.31485055085887
,,,wood,18.575008858608744,54.31560421544218
,,,wood,18.57472240136953,54.31544126777546
,,,scrub,18.577451762795064,54.31595864882445
,,,wood,18.576537713145733,54.31541478548108
,,,grassland,18.577351082856563,54.31603868328966
,,,grassland,18.574098387651308,54.31595561005949
,,greenfield,grassland,18.574610312048026,54.31606768614504
,,grass,,18.639553186297864,54.38318643609057
,,grass,,18.639393342513888,54.38291310926504
,,grass,,18.638173357937152,54.382241494937354
,,grass,,18.638301978176894,54.382175168812644
,,grass,,18.637190771223725,54.38144342169792
,,grass,,18.637181514056227,54.38157959560132
,,,wood,18.636676071187555,54.381533966750744
,,grass,,18.637369723222545,54.38121393230929
,,grass,,18.63819663839015,54.381935640144484
,,grass,,18.63843227471271,54.38208973865297
,,grass,,18.63854893989029,54.38206018356329
,,grass,,18.638656763704667,54.38212709786224
,,grass,,18.639268362408007,54.382533426757384
,,grass,,18.640054368060923,54.38306871293847
,,grass,,18.639408814778548,54.382760319252064
,,grass,,18.639016441864882,54.383139756291904
,,grass,,18.639838850294026,54.383516526606726
,,grass,,18.640640310323185,54.38338317328582
,,grass,,18.640690138832504,54.383585232874275
,,,wood,18.641265916666548,54.383777194630824
,,grass,,18.641460128202397,54.38403261161391
,,grass,,18.642006711200107,54.38419986162804
,,grass,,18.64053620551677,54.38402694265705
,,grass,,18.641024606680787,54.38442903132496
,,grass,,18.641874722119656,54.38480532024889
,,grass,,18.64201696481279,54.38471507166556
,,,grassland,18.544143161340703,54.3324850096119
,,,grassland,18.54154188430186,54.33181371156293
,,greenfield,grassland,18.510191317988284,54.33494604053715
,,greenfield,grassland,18.510099354512246,54.335550606668626
,,greenfield,grassland,18.5092501951007,54.33694933264579
,,greenfield,grassland,18.51133905075101,54.336646797171994
,garden,,,18.508259845652166,54.33853471222775
,,greenfield,grassland,18.507528037038853,54.337944975502374
,,,grassland,18.50938252523769,54.337809717826254
,,,grassland,18.5114998257705,54.33509507484926
,,grass,,18.512377063756716,54.33695294619848
,garden,residential,,18.512875325178072,54.33724625330642
,,greenfield,grassland,18.512821437209404,54.33568964494954
,garden,,,18.51333887629061,54.33590215455234
,,greenfield,grassland,18.51355006854913,54.335592732950175
,garden,,,18.51256109118071,54.33600484710681
,,greenfield,grassland,18.51441252990602,54.33689448303764
,,greenfield,grassland,18.513603933412277,54.336260081287904
,,,grassland,18.51435075430549,54.33872663719496
,,grass,,18.512950448731587,54.33882525088099
,,,grassland,18.512983450328797,54.338956272343
,,greenfield,grassland,18.5147293554313,54.339585075831515
,,greenfield,grassland,18.515315451377603,54.33921684644268
,,greenfield,grassland,18.515960534260472,54.33888656747421
,,greenfield,grassland,18.51317046308095,54.33984266534752
,,greenfield,grassland,18.51297015275829,54.339159631991414
,,,grassland,18.52312974069033,54.335446381469474
,garden,,,18.516183238293937,54.33682440070884
,,grass,,18.51540677676602,54.33672787695285
,,,grassland,18.51678911754412,54.33645092896394
,,greenfield,grassland,18.515506273446825,54.335875443876404
,garden,,,18.51499034611161,54.33441869235261
,,,grassland,18.51619363952699,54.334919620175064
,,greenfield,grassland,18.52263684977716,54.337847953292616
,,greenfield,grassland,18.521389300244376,54.33751726639069
,,greenfield,grassland,18.520800411776207,54.337926303890065
,,greenfield,grassland,18.519750337172194,54.33875157214488
,,greenfield,grassland,18.52075369895032,54.33861461167778
,,greenfield,grassland,18.521905418142676,54.3386228414987
,,grass,,18.52501686495995,54.33772967585378
,,greenfield,wood,18.519421812054755,54.33929258036827
,,,wood,18.589002953597625,54.41542982196834
,,grass,,18.610487864232997,54.40700931432041
,,grass,,18.579376202677782,54.4192945144621
,,grass,,18.559224631349807,54.38020679974807
,garden,,,18.58334108754762,54.40060962030302
,garden,,,18.582858666093145,54.4006762219236
,,grass,,18.580448643570012,54.401721765385254
,,grass,,18.600198670022,54.294010426344705
,,greenfield,grassland,18.48167830408505,54.34319005439475
,,,wood,18.495127225749453,54.346591383654
,,,wood,18.4947894986052,54.346926870550554
,,,wood,18.494113705770378,54.34613125787469
,,greenfield,wood,18.49463620740305,54.345698373671
,,greenfield,grassland,18.493796812977934,54.34539815861724
,garden,,,18.495103714856132,54.34526592913175
,,,grassland,18.501820532256353,54.34241251097877
,,,wood,18.49986613597876,54.34220328403465
,,,grassland,18.49716258528678,54.34250098530065
,,,wood,18.496760529706933,54.34249582937888
,,,wood,18.496980720435147,54.34203465435476
,,greenfield,grassland,18.50522938903981,54.3398658449667
,,greenfield,grassland,18.506203583738507,54.33993366139868
,,greenfield,grassland,18.515719976036557,54.34274219198651
,,greenfield,grassland,18.514445855193195,54.34230281332773
,,greenfield,grassland,18.51082906550602,54.34260115813113
,,greenfield,grassland,18.511624575809268,54.342807027047584
,,grass,,18.511542003192993,54.34314022819249
,,greenfield,grassland,18.512882598357127,54.34298731799777
,,greenfield,grassland,18.51454131416601,54.34288625302311
,,grass,,18.514026859113354,54.343028912425275
,,greenfield,grassland,18.51206141243364,54.3420922822917
,,greenfield,grassland,18.510667178524407,54.34202807421729
,,greenfield,grassland,18.514603353564265,54.343895976272506
,,greenfield,grassland,18.512648073023723,54.34362291308671
,,greenfield,grassland,18.512814299267625,54.34404245257119
,,greenfield,grassland,18.50882316473984,54.33890495973604
,,greenfield,grassland,18.509116950714606,54.33944805017397
,,greenfield,grassland,18.501521894321737,54.33734296661809
,,grass,,18.641672733391765,54.406915926299135
,,grass,,18.64161275387763,54.40684936580687
,,grass,,18.645035367591653,54.405928738450825
,,grass,,18.646298084584526,54.40551375617959
,,grass,,18.645256228708806,54.40594398011279
,,,wood,18.647321205218997,54.404816011325835
,,,wood,18.6482835728321,54.40438594322851
,,grass,,18.654312435481295,54.4045234122436
,,grass,,18.654181322990173,54.404437137651826
,,grass,,18.656581540157887,54.40480039444469
,,grass,,18.656264936862552,54.40472371114566
,,grass,,18.656201701515418,54.40484874160472
,,greenfield,grassland,18.52364191904892,54.336990735472234
,,,wood,18.528952597745185,54.336072808965
,,grass,,18.504432242152447,54.3523965633622
,,,wood,18.503177533490124,54.34438971187799
,,,grassland,18.503208574802496,54.34437441595946
,,grass,,18.567603237149086,54.3741238901648
,,flowerbed,,18.56760110128294,54.37412210187033
,,,grassland,18.48739084057335,54.3632938982352
,,grass,,18.56921842276533,54.39380389322366
,,greenfield,grassland,18.57468080634694,54.40974045133475
,,,grassland,18.45667052812102,54.3271474283096
,,,grassland,18.423620201289573,54.32539145549878
,,meadow,,18.45741776859469,54.34603727884455
,,,grassland,18.439654009216618,54.324582090558316
,,,grassland,18.438619219377074,54.324641673726724
,,,wood,18.4251414637898,54.32710063343667
,,,wood,18.40339289349864,54.32468833497828
,,meadow,,18.396204384528655,54.32362906366913
,,meadow,,18.397070037474247,54.32460274956228
,,grass,,18.491610131330166,54.37354938448994
,,grass,,18.460367247862656,54.381955522849864
,,grass,,18.473992004336928,54.37816359271542
,,grass,,18.47570338839243,54.37893779463243
,,grass,,18.460793344644745,54.381980846632715
,,,grassland,18.459132101365704,54.38387601094785
,,,grassland,18.45407564378667,54.38330919399069
,,,grassland,18.590497759017854,54.37969934578836
,,greenfield,grassland,18.511025525249593,54.35134195081439
,,grass,,18.509818452085913,54.351708330495256
,,grass,,18.513822333333334,54.355695999999995
,,grass,,18.515360152993875,54.35465395704274
,,greenfield,grassland,18.51275532189673,54.35564521871966
,,greenfield,grassland,18.511911126085142,54.355854388165014
,,greenfield,grassland,18.508340208229175,54.3535878166989
,,greenfield,grassland,18.508435333515415,54.35475416250534
,,greenfield,grassland,18.510195232675336,54.35453918833279
,,greenfield,grassland,18.51021716655062,54.3531754538987
,,greenfield,grassland,18.50956539649775,54.35301033964066
,,,grassland,18.598720330703124,54.42144466499296
,,grass,,18.607207739126153,54.301103251506106
,,grass,,18.474609309403153,54.425523558015726
,,grass,,18.645414144762405,54.35446657449946
,,grass,,18.645189164303385,54.353596827332524
,,grass,,18.64529247133243,54.35368334569988
,,grass,,18.646839988980954,54.35719813473641
,,grass,,18.64262440310023,54.36089122137364
,,grass,,18.643035805922707,54.36067667209603
,,grass,,18.643165261130324,54.36075605997085
,,grass,,18.64290236986199,54.36111718259533
,,grass,,18.642376609510887,54.36111107897377
,,grass,,18.642718801202104,54.36128750908905
,,grass,,18.642208584447094,54.36118211988276
,,grass,,18.641861264128824,54.361146855137406
,,grass,,18.641362100095172,54.36137435392733
,,grass,,18.6412519103409,54.36092891913771
,,grass,,18.641357345118326,54.360798801088436
,,grass,,18.641451342220723,54.360591889939
,,grass,,18.642254163390906,54.36090444403284
,,grass,,18.64205066666667,54.3608969
,,grass,,18.642785067889474,54.36170507225936
,,grass,,18.642480743950085,54.36195617263626
,,grass,,18.639783874746662,54.36287072573691
,,grass,,18.638332768357007,54.363760161378885
,,,wood,18.63945952755149,54.36279542899938
,,grass,,18.639735403250373,54.36261425873684
,,,wood,18.640275136322767,54.36229956444894
,,grass,,18.640884997224436,54.36192915642046
,,grass,,18.641124405391817,54.36164219500139
,,grass,,18.641288333333332,54.36171756666667
,,grass,,18.637209986128664,54.36441031319669
,,grass,,18.6373302524633,54.36455574226081
,,grass,,18.63777237717026,54.36447603662327
,,grass,,18.635349534925332,54.36551889906248
,,grass,,18.635207115967074,54.3660034162003
,,grass,,18.634958072669406,54.36596370824968
,,grass,,18.63385687001908,54.36644009980417
,,grass,,18.63379348669067,54.366409896712426
,,grass,,18.63201907076845,54.367706917107725
,,grass,,18.63228423184455,54.36773423901777
,,,wood,18.63119925105786,54.36782975562
,,grass,,18.63216725291325,54.36744467264274
,,grass,,18.632663808941974,54.36706619930704
,,grass,,18.632260555768056,54.36711307433608
,,grass,,18.630197918044182,54.368532126238506
,,grass,,18.630440829875408,54.368657771059894
,,grass,,18.630563971326385,54.36872936151407
,,grass,,18.630060926952325,54.36886739048745
,,grass,,18.630220367563822,54.36895579721409
,,grass,,18.629841242629826,54.368754254067014
,,grass,,18.627442508467595,54.37018787350808
,,grass,,18.62728906091035,54.37050820804401
,,grass,,18.62760243566031,54.37050737825075
,,grass,,18.62990110602235,54.36845715136639
,,grass,,18.624618002944896,54.37185552136378
,,grass,,18.62477157890918,54.3722364309948
,,grass,,18.624524708494977,54.37237985645583
,,grass,,18.62430375330866,54.37242407999271
,,grass,,18.624341747706513,54.372260457939724
,,grass,,18.622878646439148,54.37288813298385
,,grass,,18.62379376262285,54.37216196961708
,,grass,,18.621948574083856,54.373679034504434
,,grass,,18.623071148957184,54.37318749579247
,,grass,,18.621983187403867,54.37384016428474
,,grass,,18.62135003576627,54.373575893292106
,,grass,,18.621168981777995,54.37369537384741
,,grass,,18.621508494369227,54.37370792751561
,,grass,,18.620833759472116,54.37410756387795
,,grass,,18.62120986100529,54.374282570462164
,,grass,,18.6207807036252,54.37436036057182
,,grass,,18.61611857681728,54.375607978517884
,,grass,,18.61604998741848,54.375718144485184
,,grass,,18.61761109438883,54.37538285507629
,,grass,,18.59764524064435,54.38275526251416
,,grass,,18.59785815644013,54.38286286243394
,,grass,,18.59621095479873,54.383765001472405
,,grass,,18.597381682382345,54.38314750162621
,garden,,,18.47664519499911,54.425662710652865
,,greenfield,grassland,18.505489839261482,54.3529413838605
,,,grassland,18.521245339456804,54.37362729396842
,,,grassland,18.52639990259911,54.371328992697165
,garden,,,18.521854880745288,54.37111788862329
,,,wood,18.524541135382346,54.37032322090706
,,grass,,18.608031324440223,54.338353482597654
,,grass,,18.608159138084968,54.338251381395175
,,grass,,18.608723781704757,54.33809284694188
,,grass,,18.60769438940575,54.33805200505863
,,grass,,18.607360355672373,54.33792791048016
,,grass,,18.607901576310624,54.337903046363266
,,grass,,18.608859567512297,54.33786055198601
,,grass,,18.60957305577298,54.33792317389295
,,grass,,18.610009119759727,54.33786705441146
,,grass,,18.609958392012203,54.33773450523194
,,grass,,18.610608079695808,54.33770759576353
,,grass,,18.611010067269554,54.33770815219569
,,,wood,18.61051695462937,54.33761133680916
,,grass,,18.610144287098226,54.3376184170356
,,grass,,18.61073473067794,54.33822141490639
,,grass,,18.610758873174614,54.338148326803434
,,grass,,18.608554661320674,54.338438434330946
,,grass,,18.606455132292172,54.338530561715096
,,grass,,18.60700762193253,54.33868317813136
,,grass,,18.605567754292654,54.33860757595597
,,grass,,18.606586471467786,54.338191033882985
,,grass,,18.605926174896876,54.33835172335325
,,grass,,18.605903915332025,54.33843419215562
,,grass,,18.604724012477224,54.33862909927704
,,grass,,18.604755182833987,54.33868016844709
,,grass,,18.604909181316035,54.33889948467816
,,grass,,18.604681250481935,54.3390759757317
,,grass,,18.602750320630847,54.33848171612091
,,grass,,18.602154883576056,54.3382825553129
,,grass,,18.60291006902923,54.338356205299625
,,grass,,18.602078954817483,54.33818078987404
,,grass,,18.60266824814936,54.33817469369536
,,grass,,18.604360411663606,54.33839949515541
,,grass,,18.60436861544883,54.33849998963086
,,grass,,18.61268034150387,54.33814322151351
,,grass,,18.61241198995521,54.338066415549775
,,grass,,18.611974392189325,54.338038898794
,,grass,,18.612781629609888,54.33825969407441
,,grass,,18.614767842336235,54.33816963013374
,,grass,,18.614675663074188,54.33805140537047
,,grass,,18.614692633996874,54.33796157819977
,,grass,,18.613302781564634,54.337951147723004
,,grass,,18.610704064091543,54.33835382331101
,,grass,,18.57248733201542,54.33752289175394
,,grass,,18.572864168274783,54.33802908324932
,,grass,,18.571386865481927,54.33960625639875
,,grass,,18.572210158420507,54.339427493629614
,,grass,,18.57053210916353,54.34122534542463
,,,wood,18.572125714474385,54.34139500761938
,,,wood,18.572073494140785,54.341501780566176
,,grass,,18.57097079610668,54.34296678254593
,,grass,,18.569885110598133,54.342029023190314
,,grass,,18.570532412077718,54.33994157102651
,,grass,,18.57035862406982,54.34106553739351
,,grass,,18.57039996507201,54.34192634090683
,,grass,,18.570739518500424,54.34453961799418
,,grass,,18.570838479195086,54.34406890684989
,,grass,,18.570816990814958,54.34498043550236
,,,wood,18.5757292322478,54.339223017491506
,,grass,,18.57131826583804,54.33665255447603
,,grass,,18.571864692429042,54.336452853625
,,grass,,18.571937672182113,54.33676332308235
,,grass,,18.570236438672126,54.33793977263335
,,grass,,18.572089226539152,54.33831413097209
,,grass,,18.571843527609495,54.34555918025447
,,,wood,18.57255696786241,54.34532762091676
,,,wood,18.57308937797692,54.34548408241043
,,grass,,18.57199364988502,54.34589367242934
,,grass,,18.57219981575743,54.345945451242244
,,grass,,18.572288114516493,54.34648071598493
,,grass,,18.5720964157458,54.34663375577429
,,grass,,18.571371785840633,54.34602166587837
,,grass,,18.571550273605027,54.34651082479499
,,grass,,18.571176977171504,54.346876813719646
,,grass,,18.575833457972635,54.352142261856784
,,grass,,18.576123873989555,54.35225695022465
,,grass,,18.575960933603188,54.352067548489025
,,grass,,18.57489038868492,54.352414875382685
,,grass,,18.57519903259196,54.35233858093256
,,grass,,18.57611594478173,54.35202264711618
,,grass,,18.576258772163513,54.35217600398417
,,grass,,18.576012456069325,54.35237019948762
,,grass,,18.5761392,54.3523097
,,grass,,18.576203928909617,54.35259060599575
,,,wood,18.576346272170937,54.35253933373838
,,,wood,18.5764922954103,54.35272996302029
,,,wood,18.576976428505905,54.35334307139517
,,grass,,18.576750741455097,54.353522105415216
,,grass,,18.576933988476334,54.35397227609762
,,grass,,18.57687862195214,54.35345122998106
,,,wood,18.575949822264725,54.353394294950014
,,grass,,18.57715254971182,54.35447644339193
,,grass,,18.577485098749136,54.3551055398173
,,grass,,18.576931065160235,54.354396977644505
,,grass,,18.577333461216444,54.354951216315584
,,grass,,18.57662927686457,54.35421440023844
,,grass,,18.577765518695923,54.35455035275682
,,grass,,18.578229706315714,54.35511905119054
,,grass,,18.578371282626815,54.35510807464177
,,grass,,18.578125804039352,54.354818707161456
,,grass,,18.577634520723823,54.35530288236641
,,grass,,18.577776832197813,54.35526005025342
,,,wood,18.576125291457636,54.35473643088702
,,grass,,18.576710503900266,54.355005236695696
,,grass,,18.577312388187714,54.355365380037775
,,grass,,18.57653556666667,54.35534479999999
,,grass,,18.576842953492548,54.35539568176289
,,grass,,18.57836615120029,54.35551954578306
,,grass,,18.577995263645807,54.35554087267376
,,grass,,18.577779572343687,54.35552173721115
,,grass,,18.578521247376617,54.35546442000064
,,grass,,18.57838614138988,54.35602622068794
,,grass,,18.578568896009,54.35598303037229
,,grass,,18.578946734053364,54.35623998399277
,,grass,,18.579091099196084,54.35663770576674
,,grass,,18.57883779292823,54.35653834678707
,,grass,,18.578753435781927,54.356524591923595
,,,wood,18.578470317444754,54.356361148744995
,,,wood,18.57880803446181,54.35674394840986
,,grass,,18.579695618619628,54.356877949399745
,,grass,,18.579852313160096,54.356882585995976
,,grass,,18.579771847927667,54.35726114648902
,,grass,,18.579741163833948,54.357519528373956
,,grass,,18.579414869741626,54.35731622142097
,,grass,,18.57917802180952,54.35723154215385
,,grass,,18.579411600028536,54.357602624542935
,,grass,,18.57964410313165,54.35778698747587
,,grass,,18.579873578083227,54.35772548630169
,,grass,,18.580156907149217,54.35775174429734
,,grass,,18.580233606921603,54.35782955216312
,,grass,,18.580050350598547,54.35766402419036
,,grass,,18.58036362957184,54.35755570523108
,,grass,,18.58078877206458,54.3576340536519
,,grass,,18.58061653520702,54.35775953360088
,,grass,,18.579364576273488,54.3564855430769
,,grass,,18.579357598769448,54.35628441728576
,,grass,,18.579598481993827,54.35632114101232
,,grass,,18.57963048120236,54.35637398768706
,,grass,,18.5797666116405,54.356400152873896
,,grass,,18.576070994493467,54.35182413142018
,,grass,,18.575867589850965,54.351837029419684
,,grass,,18.607856034325017,54.40927442499981
,,grass,,18.607050069067213,54.40968977487749
,,grass,,18.6458662944995,54.34762694909158
,,grass,,18.649359213782937,54.347150807260505
,,grass,,18.64976551064474,54.346980562106936
,,grass,,18.652909712945767,54.346256140383694
,,grass,,18.652875464718228,54.3461677504376
,,grass,,18.65603711962126,54.345567788703804
,,grass,,18.656441435328308,54.34550508528404
,,grass,,18.656538972222705,54.34558084339719
,,grass,,18.658276694070217,54.34529497024741
,,grass,,18.65822430426043,54.345218178474276
,,grass,,18.66166672600861,54.34485491398226
,,grass,,18.662683045926144,54.344597355114026
,,grass,,18.662816106801337,54.34448662109606
,,grass,,18.663123601399203,54.344573472067985
,,grass,,18.66309065156621,54.34446651994572
,,grass,,18.663413640831646,54.34445369626894
,,grass,,18.663440944481035,54.34456852660454
,,grass,,18.66554579575538,54.344905355096294
,,grass,,18.66551693265328,54.344804148213285
,,grass,,18.605010025573765,54.34736588530996
,,grass,,18.604104487419306,54.34728386025719
,,grass,,18.603928045017042,54.34702558735887
,,grass,,18.603713096251166,54.34688255334962
,,grass,,18.603695459196842,54.34704052285974
,,grass,,18.60377648848589,54.34716668601803
,,grass,,18.60503510168164,54.34772195134671
,,grass,,18.60594416636261,54.34795452846189
,,grass,,18.60581413782004,54.348018125750286
,,grass,,18.606155453004202,54.34783153053978
,,grass,,18.60662915762598,54.34791584163319
,,grass,,18.606973376162497,54.3479051388827
,,grass,,18.606753571516833,54.34830021484367
,,grass,,18.606849669778004,54.34822574637011
,,grass,,18.606452117862304,54.34812117811194
,,grass,,18.60452124579015,54.34769749545844
,,grass,,18.603941486619295,54.34748424504653
,,grass,,18.603390933333333,54.347450433333336
,,grass,,18.603559192916812,54.34775340491141
,,grass,,18.602849729114446,54.347830602546544
,,grass,,18.601123641209995,54.348892695790276
,,grass,,18.600133504149852,54.349253745173755
,,grass,,18.597531744335402,54.350294524756045
,,grass,,18.59920608618548,54.3499514168831
,,grass,,18.629286609973107,54.37470669261624
,,grass,,18.6290973,54.37486383333334
,,grass,,18.57865848187821,54.39087598028646
,,grass,,18.578445380274054,54.39079123527061
,,grass,,18.5781727742104,54.39118352670903
,,grass,,18.57866873093352,54.39137675930944
,,grass,,18.578477400768232,54.391122833626106
,,grass,,18.57818671716785,54.39097836180107
,,grass,,18.57794962095632,54.390917883998526
,,grass,,18.577977836964106,54.391028344178565
,,grass,,18.589030440854405,54.38215324694239
,,grass,,18.588629771373707,54.38194895380707
,,grass,,18.58963013740893,54.382459310139474
,,grass,,18.588230845713316,54.38174420192389
,,grass,,18.71161582573976,54.3633279414825
,,grass,,18.707581678395883,54.361508800669306
,,grass,,18.6327105,54.38646946666666
,,,wood,18.634251141003954,54.38296634877858
,,,grassland,18.632518333949793,54.38245444108426
,,,grassland,18.637468461491817,54.38493105001125
,,,wood,18.636136343456528,54.38423537225666
,garden,,,18.660456104578092,54.3423584752979
,,,wood,18.627898127165537,54.34925899880693
,,,wood,18.62594683233645,54.34703812725062
,,,wood,18.596357028000117,54.31216911363789
,,grass,,18.58083204579085,54.37782243152131
,,grass,,18.580700216379434,54.37779122531349
,,grass,,18.580758556084614,54.377771237083955
,,grass,,18.580643946188584,54.37781210466024
,,grass,,18.580750423432338,54.37785131394743
,,grass,,18.58091438964003,54.37780256626873
,garden,,,18.605126829830695,54.29768843979343
,,,wood,18.632222647974597,54.38892068029414
,,,grassland,18.608730451925155,54.3625953904937
,,,wood,18.595035795260326,54.357324931585396
,,,wood,18.59952225288271,54.36055784483371
,,,wood,18.59529398657307,54.35751344354255
,,grass,,18.596508460827838,54.35838923764105
,,,grassland,18.59700624384238,54.35820345123118
,,,wood,18.605200670101084,54.36166576857173
,,,wood,18.689583885304902,54.37416564870534
,,,wood,18.69074267462719,54.37280959811251
,,grass,,18.6426538251584,54.38512916373047
,,grass,,18.623834267186275,54.40673099449342
,garden,,,18.56881131696564,54.447571551951874
,,,grassland,18.634298925633274,54.303874383035584
,,,grassland,18.633282588949857,54.30343585632431
,,,wood,18.6342597639077,54.30214889059128
,,,grassland,18.634649261368622,54.30239157327075
,,,grassland,18.638810192775424,54.30399299542292
,,,grassland,18.637279064017466,54.30378419900551
,,,scrub,18.49354044205771,54.383482125757865
,,,scrub,18.49370394659614,54.38355166233878
,,,scrub,18.494784339645708,54.383559702063025
,,,grassland,18.49481980300235,54.382846472022685
,,,grassland,18.492091869788236,54.38489688465732
,,greenfield,grassland,18.495622067320447,54.38463071459354
,,greenfield,grassland,18.496088270647398,54.38528412746908
,,greenfield,grassland,18.496800435294613,54.38515735470151
,,meadow,,18.489036840036107,54.38512267675625
,,greenfield,grassland,18.477010901877854,54.38837694413737
,,greenfield,grassland,18.476158420052506,54.38879424248976
,,grass,,18.47738882353147,54.38860117294796
,,greenfield,grassland,18.484780954477188,54.38335825689544
,,greenfield,grassland,18.48769891628111,54.38182284464507
,,greenfield,grassland,18.488825681190956,54.38282473934524
,,greenfield,grassland,18.48738911292313,54.38254261465928
,,greenfield,grassland,18.48362096933685,54.391180371044285
,,greenfield,grassland,18.488577757603863,54.38848434246497
,,greenfield,grassland,18.490439080647025,54.38835964262724
,garden,,,18.486996381485756,54.389570770962784
,garden,,,18.48969505631872,54.38881610998209
,,greenfield,grassland,18.488627205987527,54.38891511412918
,,greenfield,grassland,18.487601631519126,54.38950068191962
,,greenfield,grassland,18.486544421072622,54.38962359106804
,,greenfield,grassland,18.485789302793386,54.38971129851625
,,greenfield,grassland,18.487714599391463,54.38899873346948
,,greenfield,grassland,18.48317260128955,54.38614117516607
,garden,,,18.484660519524745,54.385597563036235
,,grass,,18.48465162243997,54.3854718590807
,,,grassland,18.483418238958944,54.38541338969831
,,greenfield,grassland,18.482752114080537,54.38764228319075
,,greenfield,grassland,18.481783852842426,54.38711985809434
,,greenfield,grassland,18.485061299682116,54.38412114217736
,garden,,,18.486699741871803,54.38524474457525
,,greenfield,grassland,18.488004125489113,54.38761730535898
,,greenfield,grassland,18.48720132864246,54.38553688169429
,,,grassland,18.486805324380853,54.38571818882541
,,grass,,18.613171859286364,54.35327083116025
,,greenfield,grassland,18.629974231637803,54.389014308796604
,,,grassland,18.632388537403877,54.38929485085813
,,grass,,18.632574457155464,54.39102389332275
,,grass,,18.63159607636963,54.38985166871569
,,grass,,18.630667928902746,54.38971843257431
,,,grassland,18.631566475001108,54.3923110195254
,,,grassland,18.63013546074254,54.393922024545994
,,,wood,18.628825923803856,54.39005585007188
,,,grassland,18.629025886336446,54.39048249825559
,,,grassland,18.630082090615254,54.39127351199105
,,,grassland,18.630685850711206,54.391331892725134
,,,grassland,18.624476539659344,54.391697645905126
,,,grassland,18.62611284975402,54.390414090514014
,,,grassland,18.629626636869673,54.39149492338713
,,,grassland,18.632037896709342,54.39262299560096
,,,grassland,18.633659152284608,54.39170555272016
,,,grassland,18.631050887600864,54.39112973420548
,,,grassland,18.628159035531468,54.39209582101005
,,,grassland,18.623788624618307,54.392053860833435
,,greenfield,grassland,18.62925825075957,54.38955511829826
,garden,,,18.62379046742206,54.391290134576494
,,,grassland,18.62717583668552,54.39198264655674
,,grass,,18.449919950575367,54.410947081830315
,,,grassland,18.45042443928277,54.41171620657632
,,grass,,18.44778078426871,54.41314902829073
,,,grassland,18.446009305553407,54.41169588154336
,,greenfield,grassland,18.443996836023825,54.40988511677878
,,,grassland,18.448109895598005,54.410988286070264
,,,grassland,18.445563087452374,54.4113786766018
,,meadow,,18.403959890096694,54.350952637731666
,,,wood,18.40227549228936,54.35211930347864
,,,grassland,18.48675661753478,54.38840344230873
,,greenfield,grassland,18.47189229842119,54.4243161558788
,,greenfield,grassland,18.46470656195277,54.42379911713906
,,greenfield,grassland,18.461680675192447,54.42347373183496
,,grass,,18.459120894522897,54.42444127449474
,,,wood,18.458682441531867,54.42436641431751
,,,wood,18.45934259745427,54.42435443799893
,,greenfield,grassland,18.460273138370678,54.42453613250663
,,,grassland,18.46090871595639,54.423974503603326
,,greenfield,grassland,18.481321060599075,54.41806251974225
,garden,,,18.462074805256314,54.426762044822055
,,,grassland,18.483486904828794,54.42898743614177
,,grass,,18.47659014296962,54.428075909397826
,,greenfield,grassland,18.476825146339827,54.426881043204084
,,,grassland,18.47969172781326,54.427487708253096
,,grass,,18.57506467988427,54.437296022936884
,,grass,,18.575979592185874,54.437687161822126
,,grass,,18.57598353285632,54.43749915223287
,,grass,,18.57616853105395,54.43751717452671
,,grass,,18.572497433333332,54.41779846666666
,,grass,,18.572588125085783,54.417955118486006
,park,,,18.60581688573043,54.37517477856726
,,grass,,18.57304653186956,54.41536121426672
,,grass,,18.513188716986242,54.3501466656538
,,,grassland,18.606003026556845,54.396446672417454
,,grass,,18.63672929967285,54.34938246237967
,,,grassland,18.63122059044828,54.33119251088258
,,grass,,18.649159627207407,54.35920693027602
,,grass,,18.64910779392134,54.359258383384876
,,grass,,18.550614980481132,54.35321084287176
,,forest,,18.71650035298301,54.374433091547445
,,,wood,18.712420079685366,54.37487876297664
,,,grassland,18.70451315207026,54.37373938482136
,,,wood,18.58808325787316,54.37784217132689
,,,wood,18.587639340723417,54.37765139317473
,,,wood,18.587852116539853,54.37813445764434
,,,wood,18.591559211990315,54.377747129732654
,,,wood,18.593790009153313,54.377810998068135
,,,grassland,18.593770292833902,54.38141131664239
,,,wood,18.58709015189587,54.342739496829005
,,,grassland,18.585060769313994,54.343847490810724
,,grass,,18.58395469755661,54.34306342376222
,,flowerbed,,18.646287776595614,54.35006059781785
,,grass,,18.64629540602608,54.35006465234745
,,grass,,18.64636231141267,54.35025492635875
,,flowerbed,,18.646359345970744,54.35024629988743
,,,grassland,18.535005224216956,54.35157118511116
,,,grassland,18.57964283250425,54.35874928716372
,,grass,,18.632662441832473,54.36687262112433
,,,grassland,18.600143960331717,54.33197478977795
,,,grassland,18.599555283183737,54.33282140636297
,,grass,,18.60848610365046,54.39008155467785
,,grass,,18.60724194720088,54.39043835786537
,,grass,,18.607433365868502,54.3901880231464
,,grass,,18.60765338136621,54.3900035942966
,,grass,,18.617541394010928,54.369899276208855
,,grass,,18.607260367797185,54.39954272321917
,,,wood,18.592075723028508,54.32997509992994
,,,grassland,18.59157635739144,54.32977105004463
,,,grassland,18.591089000330776,54.330598627712114
,,,wood,18.57499117610717,54.33072650991457
,,,wood,18.576146227339414,54.33066216964463
,,,wood,18.575440018845747,54.33086915249732
,,,wood,18.575820159716702,54.33041339864231
,,,grassland,18.57626808239431,54.33079126583637
,,,wood,18.57656485809869,54.33035761186587
,,,wood,18.563574530363418,54.320730987593784
,,,grassland,18.56269827578373,54.32363779978899
,,,grassland,18.559815739920403,54.34318436936119
,,greenfield,grassland,18.559668285311684,54.34298162498151
,,,grassland,18.552457902593183,54.346115779969594
,,,grassland,18.566650229667964,54.389577930595394
,,greenfield,grassland,18.581532274413494,54.3785816559524
,,grass,,18.582523340391848,54.37765510165395
,,grass,,18.582479164762294,54.377678430087684
,,,wood,18.576826712839733,54.37678925621656
,,,wood,18.575716526478217,54.37621625220991
,,,wood,18.57508151525701,54.37636627412063
,,,wood,18.577715718026628,54.37352142603405
,,,wood,18.584298371452416,54.37745880987174
,,grass,,18.561863458281046,54.3438003821555
,,grass,,18.561765533954574,54.34303123431003
,,grass,,18.561898436464077,54.34429698651582
,,,grassland,18.498641643390744,54.36819825446808
,,,grassland,18.497328412459876,54.36770572377716
,,,grassland,18.495813229050192,54.3676184008615
,,,wood,18.4956788339276,54.36767422446718
,,,wood,18.495689658879762,54.36684706799608
,,,wood,18.49502401407476,54.36797128620525
,,,grassland,18.580362383589133,54.351823583335864
,,grass,,18.56557696285971,54.338301854254006
,,grass,,18.565914523898417,54.3382319220411
,,,grassland,18.56839569531197,54.3389163995058
,,,grassland,18.572906967875245,54.37812616652031
,,grass,,18.62946535204352,54.29617472899173
,,grass,,18.67533952987114,54.311947514723606
,,grass,,18.689070063921566,54.314975265388135
,,greenfield,grassland,18.56837926629294,54.33594481209816
,,,grassland,18.568130779882,54.33766049615677
,,,wood,18.55189735042708,54.32929558295594
,,,grassland,18.54373499412188,54.33158187978786
,,,grassland,18.513946637405187,54.34650127957189
,,meadow,,18.511906916218564,54.34546797529258
,,grass,,18.66376068556781,54.31022738824454
,,grass,,18.673836747868968,54.311737698928745
,,,wood,18.528145244475784,54.339295273061396
,,,wood,18.530743041546756,54.340179494371164
,,grass,,18.705671439735923,54.320227648650445
,,grass,,18.701669092727563,54.3179373078127
,,,grassland,18.55793511884859,54.349110025127445
,,grass,,18.663211905925728,54.35720464490181
Edukacyjny ogród kieszonkowy,garden,,,18.65987273094858,54.356828482153965
,,grass,,18.591352807099415,54.306233987366326
,,grass,,18.59146512753199,54.30620106038067
,,grass,,18.59114127698563,54.30640212518556
,,grass,,18.591560072804928,54.30655603195118
,,grass,,18.63292213538437,54.298186922408334
,,grass,,18.632407350374866,54.299257472780326
,,grass,,18.632220299443933,54.2995411797099
,,grass,,18.63354089094088,54.29709562153499
,,grass,,18.597686486388916,54.41397992592857
,,grass,,18.627172087493925,54.35812643376099
,,grass,,18.632133953576982,54.35685791532924
,,grass,,18.631906618778164,54.35686049912369
,,grass,,18.631642600206533,54.356817661792604
,,grass,,18.700352615897547,54.31822515493351
,,grass,,18.7158209072415,54.319724758614406
,,,grassland,18.62081928216895,54.369299280544
,,,grassland,18.619370412289186,54.37021737873686
,,,grassland,18.62793650244795,54.362554706710505
,,,grassland,18.642332242184033,54.35865056774045
,,,wood,18.626387693115156,54.368176047057986
,,,wood,18.62046959442147,54.36737265811119
,,grass,,18.64798115087854,54.40160669938507
,,grass,,18.750337796802246,54.31596344645414
,,grass,,18.717023723173668,54.32167217094808
,,grass,,18.705239864639424,54.32340380426035
,,grass,,18.731481275790816,54.32099432809888
,,,wood,18.45953147403853,54.358706517232676
,,,grassland,18.46004259087648,54.35849981076858
,,,grassland,18.4618416387286,54.35871315210028
,,,grassland,18.461440076749554,54.358453691424266
,,,grassland,18.46079484905532,54.358298663022765
,,,grassland,18.461270827787583,54.36028172473112
,,,grassland,18.464277614802256,54.36338902245025
,,,wood,18.46419090416649,54.36082891238047
,,,grassland,18.461757708481933,54.36069915796337
,,,wood,18.46196759455504,54.36150039270783
,,,wood,18.4626121625847,54.366126852594775
,,,wood,18.4631554533977,54.36570317050729
,,,wood,18.464780886883247,54.36770084315185
,,,grassland,18.463162148652955,54.36521255778366
,,greenfield,grassland,18.473573244355403,54.34627698036995
,,,grassland,18.47180301096926,54.34720422887465
,,,grassland,18.468627977403187,54.3472798743473
,,,grassland,18.47120917707816,54.34628323762104
,,greenfield,grassland,18.469686045182947,54.346241589827194
,,grass,,18.470735710249016,54.34678582205739
,,greenfield,grassland,18.471707672525508,54.34832455896504
,,,grassland,18.47266730118411,54.3483442755329
,,greenfield,grassland,18.46977349456999,54.34890954925051
,,greenfield,grassland,18.472461702845106,54.349014476572236
,garden,,,18.559300176257125,54.40820520563673
,,greenfield,grassland,18.439552258951792,54.44239966825922
,,,grassland,18.67960438550707,54.34704186719227
,,,wood,18.478281635851104,54.430181880278354
,,,grassland,18.57236284844396,54.3675089404669
,,,grassland,18.573155362953884,54.36916949186747
,,grass,,18.630154968457937,54.398887249623655
,,grass,,18.629291797002438,54.39922444184541
,,grass,,18.628942317283382,54.399157987809076
,,grass,,18.62919327140575,54.3990914885298
,,grass,,18.629564609491606,54.398945889517584
,,grass,,18.629802728888397,54.398853086895905
,,,wood,18.43129507310096,54.44348800397049
,,greenfield,grassland,18.63683197267356,54.30674975673967
,,grass,,18.610560003831942,54.39617977117826
,,grass,,18.60924483417716,54.397214330487614
,,,wood,18.58347363815201,54.42055028116174
,,grass,,18.601296256130336,54.414611875270545
,,grass,,18.64769037860423,54.33493093974986
,garden,,,18.64483038055076,54.333308492420066
,,,wood,18.640112481105668,54.331830952858475
,,grass,,18.648837097387442,54.33529204235106
,,grass,,18.64898795132745,54.33547993442134
,,grass,,18.648923499031728,54.335706046345415
,,greenfield,grassland,18.558463360764726,54.411487567772966
,,,wood,18.55708279360732,54.41184781005758
,,greenfield,grassland,18.567490369009914,54.42191826572575
,,grass,,18.566151031544123,54.42299358399934
,,grass,,18.565198772857347,54.422537400435004
,,grass,,18.58224274544203,54.357598344975216
,,grass,,18.582115686144977,54.35770608985589
,,grass,,18.582758747559378,54.357726327385194
,,grass,,18.583309044238387,54.35761301805183
,,grass,,18.583306750000002,54.3577107
,,grass,,18.583694738459123,54.35771237242873
,,grass,,18.583696735683574,54.35763244961587
,,grass,,18.58107896805227,54.35749076444374
,,grass,,18.582207752754798,54.357417964248434
,,grass,,18.583361449388583,54.35740008884548
,,grass,,18.584114686076312,54.3575011550555
,,grass,,18.583951576204168,54.35743125382026
,,grass,,18.584676934618933,54.35747071046075
,,grass,,18.585101621734267,54.35740632901578
,,grass,,18.58505610428457,54.357470140538545
,,grass,,18.585412942930947,54.35749352154973
,,grass,,18.584609849999996,54.35765895000001
,,grass,,18.584837074774516,54.357665577481995
,,grass,,18.58514617697174,54.35767014557447
,,grass,,18.585570460191843,54.357645926463064
,,grass,,18.585691951961884,54.35772312818242
,,grass,,18.584631258073546,54.35774052994062
,,grass,,18.584031755947933,54.35791342540234
,,grass,,18.58358961889054,54.35786279131176
,,grass,,18.58329779808436,54.357851545586605
,,grass,,18.583060966666665,54.35783446666667
,,grass,,18.5831196,54.35785446666668
,,grass,,18.585657161729745,54.3578455081775
,,grass,,18.586002821593375,54.35781729754187
,,grass,,18.586362971055912,54.357708845656724
,,grass,,18.58676196339963,54.357421580731305
,,grass,,18.586590057639174,54.3573170089275
,,grass,,18.586431056737858,54.35740512678035
,,grass,,18.587707503864113,54.35651688387281
,,grass,,18.587585512402335,54.35654114502372
,,grass,,18.58743827445204,54.35661619930938
,,grass,,18.587179601351146,54.35732762439668
,,grass,,18.588262366566312,54.355460593025214
,,grass,,18.58857521165761,54.35533614077994
,,grass,,18.58864646111568,54.35536127424751
,,grass,,18.58872071740165,54.35538281825678
,,grass,,18.587444889127845,54.35610697118128
,,grass,,18.586854261817948,54.35685620902158
,,grass,,18.58616834429127,54.357281842599285
,,grass,,18.586943565520247,54.356924526068134
,,grass,,18.586897298552195,54.357838301581104
,,grass,,18.586980326648984,54.35776177202503
,,grass,,18.587043437088003,54.35774846701973
,,grass,,18.58716466359823,54.35749968884639
,,grass,,18.57876134329894,54.358530396999996
,,grass,,18.579039084963252,54.358450691420934
,,grass,,18.57834852449399,54.35905390859855
,,grass,,18.579556397372993,54.35814294772443
,,grass,,18.579858115682008,54.358094690455374
,,grass,,18.579300329235615,54.358806260497964
,,grass,,18.57675295284897,54.36087149018865
,,grass,,18.57816347809276,54.35980124428301
,,grass,,18.577735954263943,54.360032184554306
,,grass,,18.577185177467882,54.36050280137009
,,grass,,18.577305388592364,54.36053615575995
,,grass,,18.577645415506918,54.360484898839296
,,grass,,18.576866765729985,54.36093670319515
,,grass,,18.577464248673294,54.36062823983852
,,grass,,18.577197101121445,54.36031091365421
,,grass,,18.577922906341826,54.359687151590435
,,grass,,18.57858323928323,54.35936843787596
,,grass,,18.578306201890168,54.359280773982526
,,grass,,18.57811817963604,54.35924566064937
,,grass,,18.577910654705803,54.35952594378154
,,grass,,18.577547873290225,54.35986548722015
,,grass,,18.577103850928278,54.36023720045198
,,grass,,18.576955292524975,54.3603386036054
,,grass,,18.576914932699285,54.36039023501472
,,grass,,18.575024484388855,54.36216692557158
,,grass,,18.57550554066649,54.36166199541083
,,grass,,18.574843503339093,54.36250420267157
,,grass,,18.574133164030826,54.36329683668739
,,grass,,18.57532570235745,54.36225221899971
,,grass,,18.576349722871647,54.36138020987419
,,grass,,18.57601987867378,54.361840948360786
,,grass,,18.576268218518017,54.360977872799545
,,grass,,18.57682097928531,54.36050865274253
,,grass,,18.573650069641694,54.363922866558894
,,grass,,18.573355041858285,54.36417081243405
,,grass,,18.57332021055837,54.36396059969854
,,grass,,18.573284497011077,54.36435291774737
,,grass,,18.573510922186074,54.36460763571885
,,grass,,18.57212414738923,54.395205358794016
,,grass,,18.57222888624363,54.395283952947594
,,grass,,18.57000428397041,54.39733227406937
,,grass,,18.570747731638686,54.39675874904135
,,grass,,18.569264841084347,54.398230406385075
,,grass,,18.56844376185746,54.39905205695717
,,grass,,18.568325058726405,54.39901787208843
,,grass,,18.57342415959929,54.39404953045448
,,grass,,18.570605256279016,54.396508394939524
,,grass,,18.570113955756238,54.39707578718714
,,grass,,18.568177978195767,54.39918815962429
,,grass,,18.568301424832974,54.39922245129387
,,grass,,18.56702260751868,54.400946552040836
,,grass,,18.56763051893442,54.39977666044324
,,grass,,18.567785147856238,54.39972823927071
,,grass,,18.566693721268244,54.40104221657494
,,grass,,18.566518210613253,54.40128382149843
,,grass,,18.567254424162684,54.40088332228376
,,grass,,18.56534771459921,54.40301019615835
,,grass,,18.565492433333336,54.40300663333335
,,grass,,18.56519755046868,54.403040986086104
,,grass,,18.564028085498677,54.40465718577327
,,grass,,18.56432575293722,54.4042632510568
,,grass,,18.564582785645303,54.403918539295965
,,grass,,18.564858113951125,54.40354494502133
,,grass,,18.564910758148564,54.403349863738846
,,grass,,18.5635263,54.40585166666666
,,grass,,18.563094426763012,54.407163392218095
,,grass,,18.563144531598702,54.40697297842149
,,grass,,18.563228227156895,54.40667829179403
,,grass,,18.563436619070387,54.40713196126006
,,grass,,18.56304014719955,54.40737541390458
,,grass,,18.56296198935581,54.40768665020575
,,grass,,18.563009171985396,54.40750755923883
,,grass,,18.562880064412933,54.40801210646587
,,grass,,18.562997966666668,54.407940200000006
,,grass,,18.563123233333332,54.407949599999995
,,grass,,18.563238418368652,54.40790723037698
,,grass,,18.562855197709318,54.4084859864472
,,grass,,18.56298999787132,54.40849390042756
,,grass,,18.562757431486208,54.40860516653299
,,grass,,18.565870833333335,54.402305033333334
,,grass,,18.611050999424982,54.349155597368764
,,grass,,18.614319351635793,54.348996435954334
,,grass,,18.61303630903889,54.34893584235808
,,grass,,18.615649073252168,54.34891520147599
,,grass,,18.616982524159702,54.34885269314693
,,grass,,18.61788847684508,54.34872922614208
,,grass,,18.618292176923582,54.348735282091134
,,grass,,18.61829198688029,54.34883076269666
,,grass,,18.61877772592591,54.348730333333336
,,grass,,18.62052999846965,54.34890370592469
,,grass,,18.623230527263946,54.34903451203283
,,grass,,18.62051055330786,54.348815606291915
,,grass,,18.62201253898671,54.34887582687747
,,grass,,18.623137228692457,54.34892851138494
,,grass,,18.624334845635214,54.349035587298495
,,grass,,18.624902645306776,54.349238967406734
,,grass,,18.625951292011067,54.34940485584557
,,grass,,18.624957399999996,54.349180249999996
,,grass,,18.625953864040607,54.34933472372008
,,grass,,18.627184433850346,54.34959710517441
,,grass,,18.627214898361462,54.34953000911645
,,grass,,18.627726658282494,54.34968156260448
,,grass,,18.62776092977766,54.34961669303082
,,grass,,18.628484033355655,54.34980118560437
,,grass,,18.628502520427062,54.34973385890937
,,,grassland,18.64731671186762,54.4028468913074
,,grass,,18.62327179600964,54.37694514088951
,,grass,,18.623389341177166,54.37699211811355
,,grass,,18.623505522743226,54.377105974594365
,,grass,,18.623735651089934,54.37656672627677
,,grass,,18.623032128307575,54.37705450164324
,,grass,,18.623090457237623,54.37707458717456
,,grass,,18.62309674148593,54.37736697194342
,,grass,,18.623220426293773,54.37738407866544
,,grass,,18.62280531102173,54.377571147425535
,,,wood,18.622612094597248,54.37801541184855
,,grass,,18.622502871150452,54.378283048229044
,,grass,,18.622461098022796,54.378288772723124
,,grass,,18.622538636580074,54.37829721685534
,,grass,,18.62246693403537,54.37836773549203
,,grass,,18.622007180148586,54.378702289700115
,,grass,,18.622769456296904,54.377854530811064
,,grass,,18.62288785621062,54.37787064394032
,,grass,,18.623014921774853,54.37788922328417
,,grass,,18.622611491364996,54.378528912886196
,,grass,,18.622750564857522,54.37854959833669
,,grass,,18.622518418274115,54.378449116635174
,,grass,,18.623672724448504,54.37693402545852
,,grass,,18.623871002094422,54.37645426011293
,,grass,,18.623382878733608,54.37740389774683
,,grass,,18.622104677323737,54.37977746457885
,,grass,,18.622238439052577,54.379783367901375
,,grass,,18.622389475012938,54.37982893721141
,,grass,,18.621853062718444,54.380457772869036
,,grass,,18.622245703511314,54.380470978957696
,,grass,,18.621785880490048,54.38193458743788
,,grass,,18.622060018805644,54.381920727841205
,,grass,,18.621944224976957,54.38321960897749
,,grass,,18.621961147046378,54.38349152982885
,,grass,,18.622104735408804,54.383475438118765
,,grass,,18.62183822200257,54.383699872582866
,,grass,,18.622130708104947,54.38376039148694
,,grass,,18.622193091857678,54.38427693987348
,,grass,,18.622022887244505,54.384240417010616
,,grass,,18.622280525604204,54.38498667729279
,,grass,,18.622122082712124,54.384987037992445
,,grass,,18.62220917314397,54.38564130531708
,,grass,,18.622365559758197,54.3856620817545
,,grass,,18.62252177502833,54.38680997036892
,,grass,,18.622364245543157,54.386855615159746
,,grass,,18.62219670099395,54.38810365596167
,,grass,,18.621811831602976,54.38791116653824
,,grass,,18.62213191813189,54.38789493817616
,,grass,,18.62248345864249,54.38788793645227
,,grass,,18.622340873679054,54.38788645701431
,,grass,,18.622641828443772,54.38808444317523
,,grass,,18.622632231422227,54.38862076480576
,,grass,,18.622746355618734,54.38868781634996
,,grass,,18.622743921203902,54.388874500874365
,,grass,,18.62274687781453,54.38844350663231
,,grass,,18.622478290195428,54.388813208725885
,,grass,,18.622329742065897,54.38881823430311
,,grass,,18.62262239519697,54.389196378698564
,,grass,,18.622762745502428,54.38915863470095
,,grass,,18.622870396107984,54.389166297514734
,,grass,,18.62309411320934,54.38939981406744
,,grass,,18.622724125462483,54.39078325039549
,,grass,,18.622833654477034,54.390919229036115
,,grass,,18.622608019676914,54.390786140619475
,,grass,,18.6223236301992,54.38939489493494
,,grass,,18.622485317744243,54.389397076250965
,,grass,,18.622308352915898,54.39074227960144
,,grass,,18.622458227327776,54.39072450187362
,,grass,,18.6220470272242,54.38962396904641
,,grass,,18.622140383976316,54.38949274887512
,,grass,,18.622130727622004,54.389390226111665
,,grass,,18.62185362567453,54.38927181571555
,,grass,,18.622039904562982,54.389949218373836
,,grass,,18.6221065712433,54.39054656105092
,,grass,,18.622117472586147,54.39130129811273
,,,wood,18.621916311713335,54.391443485796046
,,grass,,18.621700447643697,54.391666271716566
,,grass,,18.62169486603476,54.3919936014069
,,,wood,18.62193333001706,54.390738037148296
,,,wood,18.62188532468539,54.390497653370154
,,grass,,18.62197663116857,54.39054535799712
,,grass,,18.62246193268516,54.39218172376557
,,grass,,18.622295822178405,54.39217855412811
,,grass,,18.622603223542527,54.39220219642293
,,grass,,18.62201931757493,54.39234836951115
,,grass,,18.622114111465464,54.3924327074241
,,grass,,18.62199822122641,54.39260013426423
,,grass,,18.62259639514482,54.39242424562892
,,grass,,18.622704739725354,54.39326509181885
,,grass,,18.622802613940248,54.39296789231627
,,grass,,18.6224680677355,54.392366539290975
,,grass,,18.62259224132613,54.39284238192681
,,grass,,18.622588092460024,54.39331772369822
,,grass,,18.622581716891727,54.39395021965912
,,grass,,18.622284776240065,54.393523939031496
,,grass,,18.6224300927467,54.39352726396552
,,,wood,18.62197246388202,54.394025248045985
,,grass,,18.62171420793879,54.39363681621473
,,grass,,18.621055508669784,54.39390839890515
,,grass,,18.6216446630245,54.39390736181432
,,grass,,18.62130322072742,54.39389095591143
,,grass,,18.621400603237536,54.393892040612336
,,grass,,18.621462143494906,54.39387435363668
,,grass,,18.621243661028377,54.39387276659097
,,grass,,18.621868449999997,54.393878550000004
,,grass,,18.622101917452927,54.3940225951839
,,,wood,18.621961170853538,54.39432187603655
,,grass,,18.620924530827715,54.39444329968955
,,grass,,18.621570571717676,54.39444439020117
,,grass,,18.620757272153956,54.39426508505386
,,grass,,18.620762225613948,54.39395017714086
,,grass,,18.62047121012528,54.39382514416111
,,grass,,18.62065620042407,54.39382656734382
,,grass,,18.62132466642648,54.39349778851534
,,grass,,18.62132509582938,54.39365425098922
,,grass,,18.62132418725958,54.39337312758202
,,grass,,18.6213272027428,54.393169756308275
,,grass,,18.621334338169145,54.39291174690472
,,grass,,18.6212615399967,54.39308152516443
,,grass,,18.621053392119446,54.39308596338061
,,grass,,18.620553749125758,54.393087212652375
,,grass,,18.620669668885682,54.393076895345175
,,grass,,18.620880453850983,54.393076201182176
,,grass,,18.621045846051462,54.39300096709939
,,grass,,18.6200632,54.393001350000006
,,grass,,18.621554732191804,54.39305451368546
,,grass,,18.621983217515353,54.392907266897645
,,grass,,18.622104790524368,54.39315388853673
,,grass,,18.621996694335905,54.39334692484486
,,grass,,18.62226788723075,54.39539398067849
,,grass,,18.62241923249085,54.39539259026394
,,grass,,18.622438947284213,54.396340674159
,,grass,,18.622255476768903,54.39681382800938
,,grass,,18.62240602261541,54.39678317024765
,,grass,,18.622567656546376,54.39634437642099
,,grass,,18.622571321071458,54.39532087937802
,,grass,,18.62268362180159,54.395323555478875
,,grass,,18.622785936769493,54.39592649550631
,,grass,,18.623397218745296,54.39590194739605
,,,wood,18.62401420461511,54.39572892814363
,,grass,,18.622683877051255,54.39603680745044
,,grass,,18.622786077334165,54.39607639283647
,,grass,,18.623441133504922,54.39619432069264
,,grass,,18.622677186082623,54.39631021394695
,,grass,,18.622579401995786,54.39650196186556
,,grass,,18.621988245087884,54.39631203554823
,,grass,,18.621996415364706,54.39550984765635
,,grass,,18.622551643247377,54.39788861229932
,,grass,,18.622669989120794,54.39683770891072
,,grass,,18.622748913297432,54.39704734343019
,,grass,,18.622748659387405,54.397096938565085
,,grass,,18.622665210041866,54.398103582254365
,,grass,,18.62225218736613,54.39728793256477
,,grass,,18.622390856876475,54.39730167172435
,,grass,,18.6223855565228,54.398283009370104
,,grass,,18.622240761302965,54.3982765279825
,,grass,,18.62206374344505,54.39871458895709
,,grass,,18.621971014597943,54.39860790637312
,,grass,,18.62196773738984,54.399208124268576
,,grass,,18.62223229007255,54.39925003515433
,,grass,,18.62237459813818,54.39925162456764
,,grass,,18.622547346108018,54.39928028217978
,,grass,,18.622657677837317,54.3992950560038
,,grass,,18.621946863491715,54.40001424952199
,,grass,,18.633649806773718,54.379130625104644
,,grass,,18.634916422956067,54.379994986920565
,,grass,,18.634029834850953,54.37924254204485
,,grass,,18.633910184956306,54.37929243977051
,,grass,,18.6349179067135,54.37987370574778
,,grass,,18.640685255268465,54.383931950034885
,,grass,,18.640802263522254,54.383866198841055
,,grass,,18.641487335492393,54.384252203814604
,,grass,,18.641406166700545,54.38432203158289
,,grass,,18.642887107490136,54.38487552851572
,,grass,,18.642956059832656,54.384800406960544
,,grass,,18.64281186970619,54.38493800517749
,,grass,,18.643445137094652,54.385307886418495
,,grass,,18.64402359191445,54.38545114122387
,,grass,,18.64409929740687,54.38538665113517
,,grass,,18.645135434904045,54.38571525329407
,,grass,,18.644107658064062,54.385285738771096
,,grass,,18.64458286702024,54.38547859855796
,,grass,,18.6444256405466,54.38572164985701
,,grass,,18.644375435174858,54.38579642650711
,,grass,,18.644192341087937,54.38591462937991
,,grass,,18.645114239118676,54.385912139108726
,,grass,,18.645189813841533,54.38584972680348
,,grass,,18.64593615427369,54.38645671128462
,,grass,,18.643445044595637,54.38539967480776
,,grass,,18.64603066904346,54.38639966553376
,,grass,,18.645544834593917,54.38609460092214
,,grass,,18.645615873225807,54.386029478887316
,,grass,,18.64681040336363,54.3864983371761
,,grass,,18.646764593341825,54.38659594110526
,,grass,,18.647062392569577,54.38644888887203
,,grass,,18.648655837263878,54.38693185448999
,,grass,,18.647700185675646,54.386946085799025
,,grass,,18.647826511627475,54.38684835719175
,,grass,,18.64822360381377,54.38670342426473
,,grass,,18.649010681194845,54.387757343058986
,,grass,,18.64927021647897,54.387284375025246
,,grass,,18.652195371448983,54.38900383485608
,,grass,,18.652158279028235,54.389124040964525
,,grass,,18.651688986534538,54.38848266217869
,,grass,,18.650993195315724,54.388402895510836
,,grass,,18.65110150503058,54.388319585380806
,,grass,,18.65432312929695,54.39005969704403
,,grass,,18.65417591195401,54.389849271378175
,,grass,,18.653396466218968,54.38921157640861
,,,wood,18.65355520691642,54.38907388358783
,,grass,,18.653689382123993,54.38964759409631
,,grass,,18.65588361129038,54.39072953402578
,,grass,,18.65429508182049,54.389981560612675
,,grass,,18.655711482442793,54.390992890494054
,,grass,,18.656957165707762,54.39195737629091
,,grass,,18.655658167393348,54.39101578001433
,,,wood,18.656113238157488,54.39070510252834
,,grass,,18.657314016221594,54.39201242158613
,,grass,,18.657409541160366,54.39196400779956
,,grass,,18.657187023998446,54.39207823855255
,,grass,,18.657551686012805,54.39191411811567
,,grass,,18.657360194814398,54.3922089027947
,,grass,,18.657351385487193,54.39225685190006
,,grass,,18.658982324045482,54.39337133453825
,,grass,,18.657982563052492,54.39271038954227
,,grass,,18.663018581657905,54.39630760555557
,,grass,,18.662906290867877,54.396285717635095
,,grass,,18.65962915181904,54.39390309906834
,,grass,,18.661834284514704,54.395309572354044
,,grass,,18.65751036004505,54.39216159876214
,,grass,,18.657606720425488,54.392111834303485
,,grass,,18.661699002805758,54.39508261140134
,,grass,,18.657715543860924,54.392045164055006
,,,wood,18.6584562152502,54.392443668131584
,,grass,,18.65924141186173,54.39316627559278
,,,wood,18.65987221906575,54.39348477010338
,,,wood,18.65924997468369,54.393032528414494
,,,wood,18.661660959237317,54.39479019708734
,,grass,,18.6615591928186,54.39484528661847
,,,wood,18.664398499240782,54.39678242730991
,,grass,,18.66432551926608,54.396829059724
,,grass,,18.665823597829494,54.398203260608206
,,grass,,18.66592137841287,54.398135576552825
,,grass,,18.6659995432064,54.39803218916566
,,grass,,18.666148694946216,54.397965159741446
,,grass,,18.66517996619021,54.39836810753432
,,grass,,18.66564218228338,54.39834069866973
,,grass,,18.66656831963384,54.39807935473635
,,grass,,18.66731733303028,54.39781483349698
,,grass,,18.666792602194718,54.39790504605435
,,grass,,18.667399315826774,54.39769531360919
,,grass,,18.66638637371545,54.39820446180762
,,grass,,18.666793254718065,54.39867516129823
,,grass,,18.666716072339913,54.39873655101458
,,grass,,18.66690363254084,54.397718209079805
,,grass,,18.665880975874106,54.34509696964737
,,grass,,18.667217499954077,54.34542110572994
,,grass,,18.6682068752763,54.34610501235673
,,grass,,18.668041108434757,54.3458289686244
,,grass,,18.669442658212176,54.348048587943005
,,grass,,18.669665625031577,54.348152665040146
,,grass,,18.668884950667273,54.347885236886505
,,grass,,18.66888957305567,54.34820220239616
,,grass,,18.668808045233007,54.34772164027673
,,grass,,18.668704120879454,54.34755812080671
,,grass,,18.66866094944221,54.347849994434625
,,grass,,18.6686011716854,54.348125249499425
,,grass,,18.669128159113807,54.34727907472568
,,grass,,18.669302653105525,54.347320014729654
,,grass,,18.669373194745557,54.34698730418005
,,grass,,18.669039423544906,54.34754553561247
,,grass,,18.67005217365667,54.34839935670848
,,grass,,18.669505418706645,54.34841911996316
,,grass,,18.669689028629676,54.348576201304944
,,grass,,18.671504099825743,54.348803509108855
,,grass,,18.671811825944555,54.34895148104758
,,grass,,18.669838483232795,54.34857335715675
,,grass,,18.670170996951718,54.34987758503354
,,grass,,18.670055069613444,54.34988405149311
,,grass,,18.669836256160266,54.348825412965894
,,grass,,18.66998274802608,54.348841733606456
,,,grassland,18.67027174448644,54.339247639254545
,,greenfield,grassland,18.671755012052536,54.33962589353227
,,greenfield,grassland,18.67123921513716,54.339735012196684
,,greenfield,grassland,18.670483061686962,54.3397785202521
,,greenfield,grassland,18.673672813008046,54.337442942322845
,,greenfield,grassland,18.67451763402562,54.338115541039976
,,,grassland,18.679168747694174,54.33435482094089
,,greenfield,grassland,18.674827496325687,54.33614674989978
,,,grassland,18.666526303566517,54.334205796047925
,,greenfield,grassland,18.665983693222028,54.33515339998218
,,greenfield,grassland,18.666593037617474,54.33466214799548
,,greenfield,grassland,18.665726485018794,54.334520437922926
,,,grassland,18.65914078605253,54.33615055679938
,,greenfield,grassland,18.665191670887765,54.333479388015405
,,,grassland,18.667778825266463,54.33435842641372
,,greenfield,grassland,18.66807737495638,54.33460328198769
,,,grassland,18.65746708423878,54.334112294780894
,,grass,,18.670714346719162,54.35114037945278
,,grass,,18.670631774678963,54.351208331108325
,,grass,,18.671252776331894,54.35159263182969
,,grass,,18.670675614925084,54.35144323855277
,,grass,,18.671348955303838,54.35219336516793
,,grass,,18.672202629957287,54.35246945255788
,,grass,,18.67271499176224,54.35216027713537
,,grass,,18.6727237182061,54.352900468558495
,,,wood,18.672734937603177,54.35277562340962
,,,wood,18.672805296818918,54.35238801141228
,,grass,,18.671717167636803,54.35252002433724
,,grass,,18.672100552844533,54.352840769151136
,,grass,,18.671395756122433,54.352343793321076
,,grass,,18.67234660239004,54.35312276579111
,,grass,,18.67259909396063,54.35317626521795
,,grass,,18.67317660067367,54.353031603021975
,,grass,,18.679078440322478,54.3558769794346
,,,wood,18.68012659832574,54.35628835393618
,,grass,,18.680673492880572,54.35638533933894
,,grass,,18.681026272813988,54.35637288407247
,,grass,,18.683637168541054,54.35732103607729
,,grass,,18.683520520249957,54.35730134925935
,,grass,,18.68405238987063,54.35722011467325
,,grass,,18.68452623377507,54.35718434240538
,,grass,,18.685303874737688,54.357321577377476
,,grass,,18.6853425696867,54.35716363209863
,,grass,,18.686112613611154,54.35767286870146
,,grass,,18.687655097009706,54.358488237806405
,,grass,,18.68781473956802,54.358405510578606
,,grass,,18.68784287278651,54.35836032779689
,,grass,,18.689638107402562,54.35954563955202
,,grass,,18.68968908095839,54.359474558551135
,,grass,,18.69068548772702,54.35969034450729
,,grass,,18.690607807886607,54.359808401145685
,,grass,,18.69023803617088,54.35949063443913
,,grass,,18.69120886873144,54.3596668568954
,,grass,,18.691278271665524,54.35997468828407
,,grass,,18.691366353274457,54.35985203979524
,,grass,,18.69018616002858,54.35979527135379
,,grass,,18.69067127200077,54.36021386588053
,,grass,,18.690931471279658,54.360007498199025
,,grass,,18.691658457808366,54.359407197100225
,,grass,,18.69144931578373,54.359708498002
,,grass,,18.69209673348059,54.35933484441961
,,grass,,18.69174505483102,54.35979884639171
,,grass,,18.69232431628794,54.359354122468616
,,grass,,18.692510709618638,54.35944329083693
,,grass,,18.692274562524812,54.359939920714446
,,grass,,18.69168903646703,54.35994580510191
,,grass,,18.691934042558124,54.36000833602229
,,grass,,18.691624823100604,54.36005171090521
,,grass,,18.69215087207869,54.36008210618075
,,grass,,18.691867543776954,54.36012020848531
,,grass,,18.692075206044972,54.36018436387649
,,grass,,18.691517636736354,54.36018821318294
,,grass,,18.69178687150073,54.36025583639761
,,grass,,18.692030227656762,54.360332909887404
,,grass,,18.691169489485326,54.360861010811576
,,grass,,18.691113733756268,54.36138218784996
,,grass,,18.69160486043979,54.36098955153854
,,grass,,18.692543998632225,54.360354100296355
,,grass,,18.69214675134248,54.36058092284188
,,grass,,18.69245429745533,54.360787341045885
,,grass,,18.69289613519468,54.36034863975722
,,grass,,18.692976660518603,54.359372501744396
,,grass,,18.692745089370547,54.36009116533367
,,grass,,18.692751147948094,54.36056699302774
,,grass,,18.693676270610354,54.36063885510929
,,grass,,18.69330058201715,54.36029529924403
,,grass,,18.69353541521856,54.3606468385636
,,grass,,18.69353545813306,54.360765129143864
,,grass,,18.69607357791168,54.361972253288144
,,grass,,18.696016985128296,54.36185433100828
,,grass,,18.69659070811478,54.36200555360409
,,grass,,18.699345288917577,54.36326500669918
,,grass,,18.699305822356877,54.36301364554835
,,,wood,18.6997078836101,54.363035611880775
,,grass,,18.69993937854635,54.36307084691117
,,grass,,18.70289521039026,54.363061991898945
,,grass,,18.70286119185775,54.36297359412897
,,grass,,18.701094813711,54.36326747111126
,,grass,,18.701072144756086,54.36318608375373
,,grass,,18.699475439790717,54.36349674939225
,,grass,,18.701713730186857,54.36332860171068
,,grass,,18.701746655139317,54.36326758458134
,,grass,,18.704477397249722,54.363079244414045
,,grass,,18.70390111285432,54.36282917689173
,,grass,,18.70388338459031,54.363031809965165
,,grass,,18.705070550869557,54.362589430156206
,,grass,,18.70513224661358,54.36267532552434
,,grass,,18.705669574728844,54.3626137033054
,,grass,,18.705228522980814,54.36282579770954
,,grass,,18.70547431258807,54.36278984038333
,,grass,,18.706859139233853,54.36160552283469
,,grass,,18.707604305792,54.361057767969335
,,grass,,18.706845899929192,54.36173525431526
,,grass,,18.7077768735267,54.36146459965529
,,grass,,18.708004255315085,54.36085053828793
,,grass,,18.70843720349111,54.36051203994063
,,grass,,18.708582036625366,54.360492057419926
,,grass,,18.70899355525136,54.360284322866896
,,grass,,18.708713697617913,54.360324802189446
,,grass,,18.709080420722564,54.360395545229004
,,grass,,18.709716882087125,54.36051029168567
,,grass,,18.71066905,54.36081265000001
,,grass,,18.710742,54.36083574999999
,,grass,,18.7108161416102,54.360857519518056
,,grass,,18.710892041279724,54.360877946203836
,,grass,,18.711112087441162,54.360930620814145
,,grass,,18.711201412682513,54.36094900615739
,garden,,,18.589036980867636,54.39552374204086
,,grass,,18.60350905733152,54.40317162601553
,,grass,,18.599688422377525,54.40183917900649
,,grass,,18.601013708215984,54.40216301603133
,garden,,shrubbery,18.601824814247493,54.40329878284969
,garden,,shrubbery,18.602169222431435,54.40301654583758
,garden,,,18.60197825087669,54.40317323352984
,,grass,,18.60290403208829,54.40239242547174
,,grass,,18.716005539297935,54.363154797811426
,,,grassland,18.5848332119057,54.345001634172014
,,,grassland,18.575342406225985,54.33914082992989
,,grass,,18.590742967174936,54.351578071197515
,,grass,,18.591551424856053,54.35171600425882
,,grass,,18.591212676807398,54.35206748709078
,,grass,,18.591907223385544,54.35138470833716
,,grass,,18.591900451284612,54.35163540284229
,,grass,,18.59206044682919,54.3516822233385
,,grass,,18.59450328174227,54.350778090620096
,,grass,,18.594129118669045,54.35077517574298
,,grass,,18.592873257515656,54.35137161971596
,,grass,,18.593069535606517,54.351356736344236
,,grass,,18.59680294279648,54.35018866824689
,,grass,,18.596812731232397,54.35027987103334
,,grass,,18.59600564889179,54.35056347118891
,,grass,,18.595958360405888,54.35060815087857
,,grass,,18.596655986221045,54.35056995318529
,,grass,,18.596671164262574,54.35043295454779
,,grass,,18.59672848513288,54.35087158614585
,,grass,,18.596445873352256,54.350671019413326
,,grass,,18.593456965030168,54.351131114640346
,,grass,,18.593699759908148,54.351123341007344
,,grass,,18.59368873181247,54.35104967393663
,,grass,,18.59144794994292,54.35213633771759
,,grass,,18.59160983433336,54.35216511152167
,,,wood,18.685918589664748,54.33991653594475
,,,wood,18.68502881081602,54.33928595531714
,,,wood,18.686127903331773,54.33955214102424
,,,wood,18.6847019059443,54.33829327237804
,,,grassland,18.66708886328797,54.331503827321995
,,greenfield,grassland,18.67041564331355,54.33114420998944
,,grass,,18.679478220006217,54.34908216857281
,,grass,,18.580062688407622,54.35796125079214
,,grass,,18.642118372925825,54.35195808139151
,,grass,,18.642281851081076,54.351904358475124
,,grass,,18.64238763745334,54.352165472360234
,,,wood,18.642462576370114,54.35246333707416
,,,wood,18.642629219032436,54.35204376729139
,,grass,,18.642379175010895,54.3520653641396
,,grass,,18.64262422939796,54.352148983149995
,,,wood,18.642639686355277,54.3524079600126
,,grass,,18.642361791859063,54.3532539759315
,,,wood,18.642461753811933,54.352955111205816
,,grass,,18.64257418648,54.35358874541962
,,grass,,18.64272722657757,54.353303986609504
,,,grassland,18.586842973499884,54.39137569540478
,,,grassland,18.586061117806864,54.39206893700833
,,,grassland,18.66256972947775,54.359389841906825
,,,grassland,18.66488582360132,54.35829104884064
,,,wood,18.677188758191622,54.39330739726434
,,,grassland,18.700654919575303,54.36707897541462
,,,grassland,18.583072666271736,54.33504452323085
,,,grassland,18.583144801198547,54.33381743836183
,,,grassland,18.46451933709424,54.38503744609577
,,,grassland,18.46503572362992,54.38473712421526
,,,grassland,18.47458700819717,54.38293274180239
,,grass,,18.62373589462869,54.3765660989948
,,grass,,18.62303337953546,54.37705111049068
,,grass,,18.623090080499956,54.37707586634674
,,grass,,18.623096567304593,54.37736706860978
,,grass,,18.623220973199388,54.37738390944944
,,grass,,18.622795000935387,54.37759558578389
,,,wood,18.622612117018782,54.378015286887745
,,grass,,18.62250280948768,54.37828315145057
,,grass,,18.622459073904075,54.3782926486852
,,grass,,18.622538660636945,54.37829708513801
,,grass,,18.622466930936245,54.37836773645647
,,grass,,18.622146182840886,54.37868492312196
,,grass,,18.622764134909804,54.377867374027645
,,grass,,18.622886970126753,54.3778728014719
,,grass,,18.623010244616268,54.37790062487939
,,grass,,18.62260173517919,54.37855080929204
,,grass,,18.622737685216993,54.37858508638688
,,grass,,18.622522527519056,54.37844008456646
,,grass,,18.62367264786053,54.37693466047669
,,grass,,18.62386608715469,54.37646033854476
,,grass,,18.623385665178574,54.37740382809325
,,grass,,18.622106340885427,54.379773232800225
,,grass,,18.62229199942858,54.37965835656344
,,grass,,18.622407947278283,54.37977766622948
,,grass,,18.621852109152467,54.38045846501779
,,grass,,18.622245754463723,54.3804710246671
,,grass,,18.621786014319955,54.38207764267179
,,grass,,18.62205978653674,54.38184950320416
,,grass,,18.621944580668092,54.383219744254156
,,grass,,18.621962346545484,54.38349452250991
,,grass,,18.622104194437263,54.38347766392904
,,grass,,18.621837468392293,54.383692610861765
,,grass,,18.622130389724415,54.38376315527051
,,grass,,18.622191944364207,54.384269417324305
,,grass,,18.622019886631843,54.38421560154687
,,grass,,18.622275238680764,54.384959981606954
,,grass,,18.622125753597928,54.38500604301233
,,grass,,18.622205655874346,54.385589744896876
,,grass,,18.622365898080243,54.38567462721001
,,grass,,18.622523304469535,54.386830533770635
,,grass,,18.62237349652019,54.38690208885027
,,grass,,18.622196674336024,54.38810414548019
,,grass,,18.621843378675123,54.38790869180572
,,grass,,18.622126503311687,54.38789422304065
,,grass,,18.62248226853988,54.387887379889506
,,grass,,18.622340709118752,54.38788647441794
,,grass,,18.622642058831335,54.38808539757597
,,grass,,18.62263170344326,54.38863044153259
,,grass,,18.622746924767053,54.38868718099045
,,grass,,18.62274435679507,54.388873908723156
,,grass,,18.622747339080462,54.388443942733936
,,grass,,18.622482545907534,54.3887744956946
,,grass,,18.622329112049744,54.38883394886246
,,grass,,18.62262196407571,54.38919669714528
,,grass,,18.622767250461987,54.38915845242834
,,grass,,18.622869721525063,54.389177052328904
,,grass,,18.623095650595367,54.38939979830027
,,grass,,18.622724145745597,54.39077893804119
,,grass,,18.62283058612654,54.39050431904162
,,grass,,18.622607785300364,54.390801329510516
,,grass,,18.622322476021896,54.38939630377633
,,grass,,18.62248407649545,54.389396287520036
,,grass,,18.62230809779195,54.390777224983964
,,grass,,18.62246020872872,54.39075696724968
,,grass,,18.6220470991576,54.389635299543436
,,grass,,18.622139554538844,54.389493003635984
,,grass,,18.62213057479104,54.38938975163542
,,grass,,18.62192587027735,54.389245323904646
,,grass,,18.62204055248152,54.38994828799718
,,grass,,18.622107008163677,54.390547876661536
,,grass,,18.62211771224419,54.39130395754821
,,,wood,18.62191746609125,54.391453357557275
,,grass,,18.62170043673639,54.39166858520644
,,grass,,18.62169543366552,54.39199269425982
,,,wood,18.621934891575847,54.390739497499375
,,,wood,18.62188056666667,54.39049583333333
,,grass,,18.621985650543316,54.39054232430739
,,grass,,18.622463235364158,54.39218209684525
,,grass,,18.622294915583122,54.39217886746939
,,grass,,18.62260304187109,54.39220196205171
,,grass,,18.62201971707645,54.39234916780424
,,grass,,18.622114978710997,54.392430400890476
,,grass,,18.622005693662942,54.3925987687088
,,grass,,18.622596338604033,54.392425789916516
,,grass,,18.622704828358906,54.393274720375054
,,grass,,18.62279261126899,54.392955690892094
,,grass,,18.62247192448911,54.39233996530642
,,grass,,18.622592282158237,54.39284198795409
,,grass,,18.622588126293916,54.39331679189477
,,grass,,18.622581840999306,54.39394573497611
,,grass,,18.62228483626946,54.39351904341197
,,grass,,18.622429919126056,54.39354621942222
,,,wood,18.621972821879215,54.39402664878953
,,grass,,18.62169513379559,54.393617080169186
,,grass,,18.621046096580336,54.393903906797114
,,grass,,18.621648052940863,54.39390460705725
,,grass,,18.62131036666667,54.393892099999995
,,grass,,18.621392866666664,54.3938932
,,grass,,18.62146052615101,54.39387453222837
,,grass,,18.621246966666668,54.39387333333333
,,grass,,18.62186845,54.39387855
,,grass,,18.62210249438309,54.39402495719131
,,,wood,18.621967224741592,54.39431296281965
,,grass,,18.620935460770912,54.39444329517651
,,grass,,18.621578064982252,54.394444330766184
,,grass,,18.620753022134902,54.39425412463406
,,grass,,18.620758756272657,54.3939431342264
,,grass,,18.62047033354502,54.39382427366748
,,grass,,18.620657821948406,54.39382574509466
,,grass,,18.621324643722375,54.393497620549226
,,grass,,18.621324650349592,54.393651323978496
,,grass,,18.621324914742452,54.393372979404035
,,grass,,18.621327513047397,54.393170560102185
,,grass,,18.62133433052505,54.39291150572464
,,grass,,18.621261544442305,54.39308152529242
,,grass,,18.621060813227768,54.39308476150951
,,grass,,18.620542411394005,54.39308577941252
,,grass,,18.62067572778934,54.39307743294891
,,grass,,18.620874033525983,54.39307659811759
,,grass,,18.62104673589674,54.39300171605718
,,grass,,18.6200632,54.39300134999999
,,grass,,18.62155488231161,54.393048698031315
,,grass,,18.621988739361957,54.39289948981361
,,grass,,18.622105008298426,54.39316097419457
,,grass,,18.621995768383197,54.393341486489696
,,grass,,18.6222678519569,54.395406321753605
,,grass,,18.622422546427686,54.39548974061468
,,grass,,18.622441914311363,54.396364856222235
,,grass,,18.622255350158174,54.396810617612594
,,grass,,18.622408282804944,54.39674475865658
,,grass,,18.622566006000763,54.396352473397094
,,grass,,18.622571187454657,54.39531141558207
,,grass,,18.622683739405062,54.39533462940817
,,grass,,18.622784366666668,54.39593033333333
,,grass,,18.62327447082594,54.39582160325808
,,,wood,18.62401483914484,54.395728898716264
,,grass,,18.622683616338442,54.39603636982314
,,grass,,18.622785530760357,54.39607159717088
,,grass,,18.62312675785371,54.396185222100634
,,grass,,18.622677262370267,54.3963113884132
,,grass,,18.62258143333333,54.39650213333334
,,grass,,18.621988192248562,54.39631436551124
,,grass,,18.621996416674328,54.395511713974386
,,grass,,18.6225515227344,54.397883343128655
,,grass,,18.62267002389615,54.39683497944269
,,grass,,18.622747766666667,54.397047833333346
,,grass,,18.622748066666666,54.39709580000001
,,grass,,18.62266516060952,54.398123820744914
,,grass,,18.62225092257707,54.397287401672756
,,grass,,18.622392470993482,54.397303309484876
,,grass,,18.622385543702507,54.39829653172834
,,grass,,18.622240665959787,54.39827662942473
,,grass,,18.622064955317565,54.39871263186546
,,grass,,18.621971010567655,54.398621200250794
,,grass,,18.62196702750808,54.399209729622164
,,grass,,18.622231578426774,54.399249129544685
,,grass,,18.622375146507206,54.39925064043038
,,grass,,18.622546174206427,54.39927958236996
,,grass,,18.622658014830378,54.39928760514889
,,grass,,18.621947606896956,54.40000147788333
,,grass,,18.633647743922968,54.37912920879833
,,grass,,18.63499129562692,54.380048720451384
,,grass,,18.634033711199432,54.37924449812022
,,grass,,18.63390978010444,54.379293093795354
,,grass,,18.634911236339683,54.37986887937788
,,grass,,18.640684152596855,54.3839315962367
,,grass,,18.640802457862183,54.383866455452164
,,grass,,18.641373615956727,54.38419390690589
,,grass,,18.6414019405547,54.38432018757015
,,grass,,18.64288422159961,54.38487416543036
,,grass,,18.642975053662493,54.38480861928318
,,grass,,18.64280091911049,54.384933452053524
,,grass,,18.643450044695097,54.38530920629046
,,grass,,18.644025858889485,54.38545216181189
,,grass,,18.644108805578394,54.385390557547716
,,grass,,18.645132338484725,54.38571498456368
,,grass,,18.644100693236425,54.38528332375807
,,grass,,18.644573484080542,54.385476991093036
,,grass,,18.64443905440141,54.3857272672544
,,grass,,18.644376669973884,54.38579697714244
,,grass,,18.644159683775015,54.38590586100403
,,grass,,18.645111841309763,54.38591147441744
,,grass,,18.64518859842939,54.38584811547269
,,grass,,18.645940040439672,54.38645831200717
,,grass,,18.643443305797515,54.38539982163677
,,grass,,18.646059399662537,54.38641161221436
,,grass,,18.645539604460758,54.38609262044565
,,grass,,18.645611880452783,54.386027501511606
,,grass,,18.646833286311665,54.386506547522
,,grass,,18.64702827232833,54.38669936051722
,,grass,,18.647149534572254,54.38647749503585
,,grass,,18.64865935040848,54.38693291492129
,,grass,,18.647696848841875,54.38694656792719
,,grass,,18.647827159384924,54.38684975526777
,,grass,,18.64862860717941,54.38678823860235
,,grass,,18.64899071326921,54.387769578425655
,,grass,,18.64929296150723,54.38729663353763
,,grass,,18.652254454297363,54.389028272872565
,,grass,,18.65223108148271,54.38914303354486
,,grass,,18.651661363828584,54.388472441353436
,,grass,,18.650989983289893,54.38840116896299
,,grass,,18.651100913711563,54.38831896323248
,,grass,,18.654466468881765,54.390144668648155
,,grass,,18.65418063530971,54.389865465069605
,,grass,,18.65339664659707,54.38921182106469
,,,wood,18.6535890526591,54.38909012124732
,,grass,,18.653687254460095,54.389645640587915
,,grass,,18.655830777815787,54.390691370889634
,,grass,,18.654310118129366,54.389990783333836
,,grass,,18.65569539434253,54.39098120273829
,,grass,,18.656959553818357,54.39195919845086
,,grass,,18.655688567559977,54.39103777783803
,,,wood,18.656677056893116,54.39105921080931
,,grass,,18.657312819591272,54.39201156915286
,,grass,,18.657410575931607,54.39196402397079
,,grass,,18.657187675924188,54.392078123328794
,,grass,,18.657547172994224,54.39191315826197
,,grass,,18.657364767149225,54.39221068980227
,,grass,,18.65735934936433,54.39226204799397
,,grass,,18.659005284907163,54.393388606570745
,,grass,,18.65797402102057,54.39270432118234
,,grass,,18.663008644991244,54.39630021095831
,,grass,,18.66281594066979,54.39621998937838
,,grass,,18.659614284865707,54.39389234506308
,,grass,,18.661933855294365,54.39538211167723
,,grass,,18.65750978936262,54.39216233470929
,,grass,,18.657607981230846,54.392112543229615
,,grass,,18.662514614568135,54.39567216089354
,,grass,,18.657716092619392,54.39204689553412
,,,wood,18.65844585460599,54.39243652763506
,,grass,,18.65930853147869,54.393214699188995
,,,wood,18.659859842146727,54.39347568631108
,,,wood,18.65925078738178,54.393032760921926
,,,wood,18.661613291144665,54.394755295920795
,,grass,,18.661541723873587,54.394832803505516
,,,wood,18.664198947133134,54.39663719462432
,,grass,,18.6643673537924,54.396859546383965
,,grass,,18.665823659803465,54.398204264538336
,,grass,,18.665923839560868,54.398136291329834
,,grass,,18.665988526627537,54.39802728127434
,,grass,,18.66610804737373,54.397965719320815
,,grass,,18.665203976815018,54.39834799285876
,,grass,,18.66565384860403,54.398334935887206
,,grass,,18.666580366697094,54.398066137626664
,,grass,,18.66730977715264,54.39781764344766
,,grass,,18.666793287603163,54.39790480289967
,,grass,,18.667415002348562,54.397689833227
,,grass,,18.66638402075991,54.39820139400469
,,grass,,18.66678311662113,54.39866973870531
,,grass,,18.666695411853205,54.39872798420551
,,grass,,18.666879151523585,54.39774024301279
,,grass,,18.66592901871647,54.34510557938162
,,grass,,18.667247898301262,54.34543226257061
,,grass,,18.66824804907611,54.34613884707859
,,grass,,18.66811782039387,54.34582868809272
,,grass,,18.669447688027038,54.3480572220774
,,grass,,18.669680945371695,54.348181941155694
,,grass,,18.66888684902805,54.3479041330146
,,grass,,18.668913623438762,54.34819573775671
,,grass,,18.66880789816516,54.347712504396085
,,grass,,18.66870498149495,54.347555591918734
,,grass,,18.668654027075387,54.347878914998354
,,grass,,18.668604865014526,54.348125382784204
,,grass,,18.669158229860443,54.34736158578327
,,grass,,18.669323288844016,54.34736426847706
,,grass,,18.669358488989374,54.346962733396644
,,grass,,18.669043005938253,54.3475537418638
,,grass,,18.67003399923285,54.34839213437075
,,grass,,18.669502238421487,54.34842135169446
,,grass,,18.669684131566264,54.34857220830799
,,grass,,18.671060758521687,54.34873502210178
,,grass,,18.67118423529598,54.34886445988843
,,grass,,18.669842649564096,54.348577089121534
,,grass,,18.670165346343932,54.34986524837889
,,grass,,18.67005459678541,54.3498718212907
,,grass,,18.669836903873488,54.34882547135748
,,grass,,18.669983468952804,54.34884208971294
,,,grassland,18.670279322137755,54.33924440039775
,,greenfield,grassland,18.67175679995706,54.33962568777985
,,greenfield,grassland,18.671236086325475,54.33973512730228
,,greenfield,grassland,18.67048233940542,54.33977817322096
,,greenfield,grassland,18.673702738626762,54.33742931967949
,,greenfield,grassland,18.674517801310373,54.33811549178684
,,,grassland,18.679208281275333,54.33437042953221
,,greenfield,grassland,18.674817450323673,54.336140885896455
,,,grassland,18.666526942665048,54.334205802694214
,,greenfield,grassland,18.665984082748913,54.33515332964373
,,greenfield,grassland,18.666591986864418,54.33466217999108
,,greenfield,grassland,18.66571243932462,54.33453659786928
,,,grassland,18.659125945297415,54.33615231376975
,,greenfield,grassland,18.665182832305675,54.33348268816292
,,,grassland,18.667778860967815,54.33435837052195
,,greenfield,grassland,18.668103962959112,54.334580631178156
,,,grassland,18.65746043568343,54.33411426547079
,,grass,,18.67071719354777,54.35114501655898
,,grass,,18.67059842872132,54.35115849311824
,,grass,,18.67119562377523,54.35153353569725
,,grass,,18.670645122257973,54.35140291447833
,,grass,,18.671353283696124,54.35219726132369
,,grass,,18.67219818533858,54.35246935197097
,,grass,,18.672717046295915,54.35215982871798
,,grass,,18.672683750501495,54.35287287390223
,,,wood,18.672727667568946,54.352761043125504
,,,wood,18.67276999253192,54.35242858408563
,,grass,,18.671717178256564,54.352519934205034
,,grass,,18.672101583105466,54.35284171585151
,,grass,,18.671415544143716,54.35236165702121
,,grass,,18.67241797754735,54.35316739036406
,,grass,,18.672601602704653,54.353177403185384
,,grass,,18.6731767426664,54.3530434806718
,,grass,,18.67916344236731,54.355906268596144
,,,wood,18.680127534975494,54.35628869768531
,,grass,,18.680703581874898,54.35638845478513
,,grass,,18.681026266490196,54.35637286644345
,,grass,,18.683628845242072,54.357322267343974
,,grass,,18.683512450042414,54.3573025926457
,,grass,,18.68405116270293,54.357220303873426
,,grass,,18.684519276557477,54.357185389006716
,,grass,,18.6853937161217,54.35735113659556
,,grass,,18.685337537832766,54.35716165002667
,,grass,,18.686110501584725,54.357671612979836
,,grass,,18.687590654070316,54.35844685040159
,,grass,,18.68782460719857,54.358411254809326
,,grass,,18.687860288435097,54.358371994718546
,,grass,,18.689631364801404,54.359544148625154
,,grass,,18.689723128169625,54.35948200423266
,,grass,,18.690702918126572,54.35969466590909
,,grass,,18.690615488942363,54.35980981773799
,,grass,,18.69030545581542,54.35950303770513
,,grass,,18.691223612608397,54.35966968908005
,,grass,,18.69127830544045,54.359974703786975
,,grass,,18.69136586765473,54.35985222810104
,,grass,,18.69019274358432,54.35979679540785
,,grass,,18.690862091766995,54.36034968251843
,,grass,,18.690956717631078,54.36001344760811
,,grass,,18.69165194263099,54.35940156386055
,,grass,,18.69144631622599,54.35970812721259
,,grass,,18.69201912937612,54.359439335158584
,,grass,,18.691735796712003,54.359795789411464
,,grass,,18.69229627295208,54.359401179937144
,,grass,,18.692472851085025,54.3595299183639
,,grass,,18.692275262796713,54.359939705120915
,,grass,,18.691698958720554,54.35994648707636
,,grass,,18.691933959793683,54.36000835698367
,,grass,,18.691626922375093,54.36005368478624
,,grass,,18.692150670266155,54.36008036609539
,,grass,,18.691867570185458,54.360120198040775
,,grass,,18.69206658701923,54.36018333567255
,,grass,,18.69151243619233,54.36018688975098
,,grass,,18.69178691501432,54.360255817771026
,,grass,,18.69203805137624,54.360336301549175
,,grass,,18.691210713118032,54.36077594421928
,,grass,,18.691095849903895,54.36141208051185
,,grass,,18.691659027615884,54.36091256577552
,,grass,,18.692506465320385,54.36034078735824
,,grass,,18.69215816179305,54.36055786944609
,,grass,,18.692498473810353,54.36073723423457
,,grass,,18.692890308255432,54.36034383389756
,,grass,,18.69295622479483,54.35944418843115
,,grass,,18.69275037129451,54.36009209755539
,,grass,,18.69273984680876,54.360563001617166
,,grass,,18.69361803900021,54.36060364726189
,,grass,,18.693286443640513,54.36028476486554
,,grass,,18.693532164608403,54.36064301089264
,,grass,,18.69353173259358,54.360763242158306
,,grass,,18.69589376955714,54.361891926032044
,,grass,,18.696355871267404,54.3620046524376
,,grass,,18.696668334388225,54.36203950929423
,,grass,,18.69927874300688,54.36324896469936
,,grass,,18.699278928369637,54.362992815848244
,,,wood,18.699692975629063,54.363014500616394
,,grass,,18.699934387921985,54.36307760072934
,,grass,,18.703035707905023,54.36304686147001
,,grass,,18.702885488151672,54.36297067810198
,,grass,,18.70116530536542,54.363260046206655
,,grass,,18.701101175795575,54.36318257631975
,,grass,,18.699488759455935,54.363496582946894
,,grass,,18.701710952022562,54.36332876412066
,,grass,,18.701651234209024,54.363278386411885
,,grass,,18.704665000491953,54.36311537429191
,,grass,,18.703912385230755,54.36282778782699
,,grass,,18.703891709366296,54.36303086573693
,,grass,,18.7049949160345,54.36261850848773
,,grass,,18.705029492178003,54.36271370285297
,,grass,,18.705656047665997,54.36261133624489
,,grass,,18.705238626641357,54.36282145656508
,,grass,,18.70546738946331,54.36278946260885
,,grass,,18.706972344922587,54.36153732019307
,,grass,,18.70762112436267,54.36104785645589
,,grass,,18.706882599338844,54.36171363314322
,,grass,,18.70778490902422,54.361436126396
,,grass,,18.708007228761577,54.36084942024682
,,grass,,18.70845071792013,54.36049930853859
,,grass,,18.708586588089865,54.36048804754922
,,grass,,18.70899191757945,54.360286978551436
,,grass,,18.708714572215943,54.36032530687806
,,grass,,18.709069978373073,54.360393347347134
,,grass,,18.709728722281376,54.36051351056288
,,grass,,18.71066905,54.36081265000001
,,grass,,18.710742,54.36083575
,,grass,,18.710816140134078,54.36085751792233
,,grass,,18.710892032074636,54.360877948039
,,grass,,18.71111208654841,54.360930619881735
,,grass,,18.711201419864853,54.36094900318213
,garden,,,18.58909381998203,54.39552001246308
,,grass,,18.603519311741756,54.403141775131544
,,grass,,18.59955669754203,54.401815022061975
,,grass,,18.601002923566256,54.4021624401943
,garden,,shrubbery,18.601825546760377,54.40329785961277
,garden,,shrubbery,18.602169975992037,54.40301530614984
,garden,,,18.6019782866287,54.403172647730074
,,grass,,18.602820536230084,54.40237408333004
,,grass,,18.716005935123935,54.36326377021142
,,,grassland,18.584856144306,54.34500080336125
,,,grassland,18.57531511610413,54.339113263759174
,,grass,,18.590641821774962,54.35159888359954
,,grass,,18.591552347219263,54.351716501500285
,,grass,,18.591245265715198,54.35202316805661
,,grass,,18.591909311692174,54.35138470819153
,,grass,,18.591899348845953,54.35163544167994
,,grass,,18.592060382906386,54.35168227544566
,,grass,,18.59427411734263,54.3508382517458
,,grass,,18.594020516540056,54.35081229800411
,,grass,,18.59290764387653,54.35135525736964
,,grass,,18.593066100863584,54.351355783040056
,,grass,,18.596809232324404,54.350185746168236
,,grass,,18.596815045214544,54.35027990350937
,,grass,,18.59604402513716,54.35055287366754
,,grass,,18.595953071647333,54.35060906374037
,,grass,,18.596655838981892,54.35056883733878
,,grass,,18.596671199960145,54.35043173844123
,,grass,,18.596748692380654,54.350812100460615
,,grass,,18.596442230699203,54.35065705466433
,,grass,,18.59345258117284,54.35113120560322
,,grass,,18.59369886733598,54.351124303055656
,,grass,,18.59368673305466,54.35104957767559
,,grass,,18.59143725393725,54.35214804098891
,,grass,,18.591617586269248,54.35215656801963
,,,wood,18.685912282916686,54.339913608392806
,,,wood,18.68501780022117,54.33925992782107
,,,wood,18.686145256091617,54.33954361410806
,,,wood,18.684732040217188,54.3382786285431
,,,grassland,18.667152725975157,54.33150090000862
,,greenfield,grassland,18.670409910696527,54.33114498976449
,,grass,,18.67931575105285,54.349086857907196
,,grass,,18.5800558648769,54.35796188458778
,,grass,,18.642117106214673,54.351957506564524
,,grass,,18.642277788417896,54.35190611520666
,,grass,,18.6423896205442,54.35216952308314
,,,wood,18.642458238213212,54.35246758946624
,,,wood,18.64264038302542,54.35204251742636
,,grass,,18.642378018262097,54.35206373240401
,,grass,,18.642603570723455,54.352148532409565
,,,wood,18.642640789602652,54.35239275586564
,,grass,,18.642343581826662,54.35317705922316
,,,wood,18.64246244144709,54.35290233356636
,,grass,,18.64257210347051,54.35358520428083
,,grass,,18.642719965512015,54.353324280017844
,,,grassland,18.586895534597804,54.391414789628385
,,,grassland,18.58616441242614,54.392035263443816
,,,grassland,18.662493571322916,54.359514858958484
,,,grassland,18.664906057772477,54.35828535317661
,,,wood,18.677190278652823,54.39330877262393
,,,grassland,18.70062370170275,54.36706238313989
,,,grassland,18.583072100019557,54.3350443525034
,,,grassland,18.583144921216554,54.33381743164209
,,,grassland,18.464519339053698,54.38503744359497
,,,grassland,18.465061123202585,54.38469314578758
,,,grassland,18.47450015242799,54.38294268820566
