name,highway,longitude,latitude
Kmicica (NŻ),,18.415854,54.4990118
Wzgórze Św. Maksymiliana SKM 06,,18.536675,54.507606
Hutnicza - Działki (NŻ),,18.4305279,54.5558428
Chylonia Centrum,,18.4600912,54.5409297
Obłuże Centrum 03,,18.5076266,54.5507717
Obłuże Centrum 01,,18.508394,54.5507041
Cisowa SKM,,18.4449413,54.5495813
Płyta Redłowska 04,,18.5523493,54.4918249
Leszczynki SKM,,18.4778247,54.5404383
Brzechwy,,18.4896054,54.4736785
Terminal Kontenerowy 01,,18.5010642,54.547197
Wiczlino - Działki I,,18.4372719,54.4818119
Wiczlino Niemotowo 02,,18.4049513,54.5062649
Płyta Redłowska 02,,18.55299,54.4916556
Wiczlino - Skrzyżowanie 02,,18.4238533,54.4906745
Bieszczadzka 02 (ŃŻ),,18.4534094,54.452402
Sobieskiego FUO - 01 (NŻ),bus_stop,18.4006383,54.5609348
Wzgórze Św. Maksymiliana SKM 04,,18.5366835,54.5081027
Pogórze Górne 06,,18.4817493,54.5635689
Wiklinowa,,18.4445669,54.534469
Węzeł Franciszki Cegielskiej 10,,18.5342145,54.5089692
Gdynia Dworzec Gł. PKP - Morska,,18.5295551,54.5199597
Zakopiańska,,18.5295691,54.5165116
Grabowo 01,,18.5082543,54.5239593
Owsiana,,18.4404095,54.5465895
Kordeckiego,,18.4873717,54.5305907
Czwartaków NŻ,,18.5418878,54.5498039
Zbożowa,,18.4485953,54.5447708
Chylonia Dworzec PKP 02,,18.4604531,54.5452208
Suchy Dwór - Gombrowicza 01,bus_stop,18.4694986,54.572938
Suchy Dwór - Necla 02,bus_stop,18.463502,54.5760036
Suchy Dwór - Borchardta 01,bus_stop,18.463966,54.573157
Suchy Dwór - Kochanowskiego 02,bus_stop,18.4662866,54.5761493
Raduńska,,18.4583604,54.5379601
Chylonia Dworzec PKP 04,,18.4616393,54.5451983
Jaskółcza 02,,18.4538221,54.5341612
3 Maja - Hala 01,,18.5369603,54.5222177
Ogród Botaniczny Marszewo 01,,18.4152158,54.5200174
Anyżowa 02,,18.4686485,54.4745951
Bławatna,bus_stop,18.4483593,54.5333401
,,18.453459,54.4558781
Szafranowa 01,bus_stop,18.4615938,54.4657929
Myśliwska 02,,18.4885439,54.4711974
Rdestowa Kolonia 02 (NŻ),bus_stop,18.4513064,54.4601727
Centrum Handlowe Batory,,18.5400103,54.5194772
Przystań Żeglugi,,18.5559487,54.5188562
3 Maja 02,,18.5346961,54.5197318
Bpa Okoniewskiego,,18.5217607,54.5231646
Plac Kaszubski - Świętojańska 02,,18.5431742,54.5209735
Plac Kaszubski 03,,18.5406104,54.522374
,,18.5430398,54.5209603
Plac Kaszubski 03,bus_stop,18.5404623,54.5222975
Uniwersytet Morski,,18.5089582,54.5278252
Stocznia SKM - Morska,,18.5170676,54.524875
,,18.5171122,54.5249708
,,18.5089972,54.5279252
Węzeł Żołnierzy Wyklętych,,18.482241,54.5347908
Morska - Estakada,,18.4908152,54.532585
Zamenhofa,,18.4779344,54.5363232
,,18.4823999,54.5348716
,,18.482347,54.5348884
,,18.4778756,54.5364215
,,18.4778569,54.5364334
Chylonia Centrum 02,,18.4599193,54.5421189
Morska - Kcyńska,,18.4511026,54.54432
Jęczmienna,,18.4419374,54.5475577
Wiejska,,18.4705184,54.5388624
Zbożowa,,18.4469382,54.5452867
,,18.4601093,54.5421748
,,18.4600889,54.5421836
,,18.451207,54.5443846
,,18.4511719,54.5444015
,,18.4418032,54.5476791
,,18.4442703,54.5499423
Owsiana,,18.4421666,54.5461399
Uniwersytet Morski,,18.5111392,54.5269628
Bpa Okoniewskiego,,18.5225536,54.5227691
Chylonia Centrum 01,,18.4613777,54.5415643
Węzeł Żołnierzy Wyklętych,,18.4805312,54.535271
Gdynia Dworzec Gł. PKP - Morska,,18.5282088,54.5205396
Morska - Kcyńska,,18.4513201,54.5441555
Kalksztajnów,,18.4971266,54.5307956
Mireckiego 03,,18.5041715,54.5289543
Morska - Estakada,,18.4899215,54.5324762
Plac Kaszubski - Świętojańska 01,,18.5432038,54.5225395
Stocznia SKM - Morska,,18.5168983,54.5248343
Wiejska,,18.4719959,54.5382256
Plac Kaszubski - Świętojańska 01,bus_stop,18.5433815,54.5225452
,,18.5225083,54.5226856
,,18.5167616,54.5247752
,,18.4969353,54.5307469
,,18.4804732,54.5351596
Plac Kaszubski - Jana z Kolna 02,,18.5422516,54.5233909
Plac Kaszubski - Jana z Kolna 02,bus_stop,18.5421307,54.5234623
Chwarzno Apollina,,18.457755,54.5003279
Mireckiego 02,,18.5027328,54.529523
Spokojna - Cmentarz,,18.5220157,54.4710342
Harcerska 01,,18.5363564,54.50339
Centrum Nauki Experyment 01,,18.5381471,54.4975407
Redłowo SKM - Park Technologiczny 02,,18.5407656,54.4920872
Redłowo SKM - Park Technologiczny 01,,18.5404721,54.4927745
Skwer Kościuszki - Infobox 01,,18.5419411,54.5180294
Traugutta 01,,18.5394703,54.5122574
Urząd Miasta - Świętojańska 01,,18.5379129,54.5086508
Żwirki i Wigury 01,,18.540844,54.5154321
Węzeł Ofiar Grudnia '70,,18.5184292,54.5278459
Stocznia Gdynia,,18.5171029,54.5320961
Harcerska 02,,18.5364335,54.5018992
Plac Kaszubski 01,,18.5414859,54.5224198
Skwer Kościuszki - InfoBox 02,,18.5423328,54.5189336
Traugutta 02,,18.5389563,54.511075
Wybickiego 02,,18.5414483,54.5168978
Wzgórze Św. Maksymiliana - Kapliczka 02,,18.5360029,54.5055386
Żwirki i Wigury 02,,18.540342,54.5142755
Dąbrowa Miętowa,,18.4501804,54.4713989
Piołunowa,,18.4575205,54.4743365
Tymiankowa,,18.4529295,54.4724462
Chylonia Dworzec PKP 01,,18.4630814,54.5445574
Chylońska - Kcyńska,,18.4548594,54.5466321
Piaskowa,,18.4498455,54.5478809
Pucka,,18.4703934,54.5427216
Zamenhofa,,18.4784949,54.5376917
Wzgórze Św. Maksymiliana SKM 03,,18.5369821,54.5086795
Węzeł Franciszki Cegielskiej 04,,18.5345407,54.5085852
Cisowa Sibeliusa 01,,18.4348583,54.5479159
,,18.4482115,54.5334348
Żurawia,,18.4392495,54.5377174
Pogórze Dolne Złota 01,,18.4665302,54.5607312
Maciejewicza 01,,18.508807,54.5626279
Obłuże Centrum 05,,18.5061287,54.5508303
Staniewicza 01,,18.4997845,54.5630936
Sikorskiego 01,,18.4938081,54.5629224
Steyera 01,,18.4868194,54.5628562
,,18.5059631,54.5507922
,,18.5060398,54.5508772
Staniewicza 02,,18.4985864,54.5631391
Sikorskiego 02,,18.4939798,54.5630093
Steyera 02,,18.4859553,54.5633405
Chabrowa 01,,18.4550726,54.5325712
Chabrowa 04,,18.4558507,54.5322647
Chylonia Dworzec PKP 03,,18.4620877,54.5438685
Chylonia Dworzec PKP 06,,18.4622501,54.5456557
Rybińskiego 02,,18.4582173,54.5294917
Skarbka I 01,,18.4564565,54.529644
Skarbka II 01,,18.4598666,54.5268042
Rybińskiego 02,bus_stop,18.4580819,54.5295633
Chabrowa 04,bus_stop,18.4557481,54.5323101
Babie Doły,,18.5389315,54.5778332
Babie Doły,,18.5396516,54.5782277
Zielona - Kościół (NŻ),,18.5374841,54.5753791
Wąwóz Ostrowicki (NŻ),,18.5347023,54.5647437
Zielona - Działki I (NŻ),,18.5332653,54.5606715
Zielona - Działki II (NŻ),,18.531269,54.5561888
Bosmańska - Zielona 02,,18.5296247,54.5487433
Dąbka - Zielona 01,,18.5300354,54.5528235
Cechowa 02,,18.5121122,54.5499882
Gdynia Arena (NŻ),,18.5324867,54.4988098
Hutnicza - Estakada,,18.4936598,54.5381559
Redłowo SKM,,18.5370196,54.4911063
Redłowo SKM,,18.5371444,54.4912491
Urząd Miasta - Władysława IV 02,,18.53709,54.5105158
Centrum Handlowe Riviera,,18.5329805,54.5030073
Centrum Handlowe Riviera,,18.533122,54.5038689
Łużycka,,18.5348388,54.4942427
Hutnicza - Estakada 02,,18.4946414,54.5385462
I Urząd Skarbowy 01,,18.5387166,54.5227974
Kilińskiego 01,,18.5382718,54.5144392
Bosmańska - Zielona 04,,18.530568,54.549385
Cechowa 01,,18.5143633,54.5492304
Dąbka - Zielona 04,,18.530258,54.5538358
Celna (NŻ),,18.5234229,54.5267987
Chrzanowskiego (NŻ),,18.5388594,54.5305085
Chrzanowskiego (NŻ),,18.5427749,54.5312456
Dworzec Morski - Muzeum Emigracji 03,,18.5468303,54.5326547
Hallera,,18.5417606,54.4996714
Kilińskiego 02,,18.537809,54.513367
Szkoła Morska 01 (NŻ),,18.5376842,54.5294236
Szkoła Morska 02 (NŻ),,18.5367956,54.529753
Piłsudskiego 02,,18.54403,54.5085819
Rotterdamska,,18.5294659,54.5270229
Rotterdamska,,18.5313571,54.5271632
Wzgórze Św. Maksymiliana Syrokomli 01,,18.5421675,54.5033245
Węzeł Ofiar Grudnia '70 05,,18.5201251,54.5268524
Węzeł Ofiar Grudnia '70 06,,18.5196047,54.5269633
Brzechwy,,18.4898447,54.4727808
Karwiny Tuwima,,18.4847528,54.4739368
Stadion Miejski,,18.5305069,54.492198
Redłowo SKM 04,,18.536747,54.4917073
Uczniowska,,18.5008141,54.4984915
Witomino Centrum 02,,18.5093586,54.4977894
Witomino Centrum 03,,18.5103895,54.49779
Witomino Centrum 04,,18.5077324,54.4985824
Witomino Sosnowa,,18.4983496,54.4983394
Okrężna I,,18.4706737,54.4999216
Okrężna I,,18.470481,54.5000294
Okrężna II,,18.4667249,54.5002558
Okrężna II,,18.4658316,54.5004437
Amona (NŻ),,18.4452911,54.4995842
Chwarzno Sokółka 04,,18.4377073,54.4972156
Chwarzno Sokółka 02,,18.438052,54.4976013
Chwarzno Apollina 06,,18.456716,54.500054
Sokoła,,18.4397887,54.4986454
Tezeusza,,18.4496352,54.500349
Chwarzno Sokółka 02,bus_stop,18.4382869,54.4976802
Chwarzno Polanki 02,,18.4327277,54.4989322
Chwarzno Polanki 01,,18.4340216,54.4991354
Kamrowskiego,,18.4307895,54.4970646
Wiczlino - Działki II,,18.4419982,54.4811592
Wiczlino - Skrzyżowanie 03,,18.4247882,54.4906238
Wiczlińska - Las (NŻ),,18.4511958,54.4781703
Zaruskiego,,18.430079,54.4945195
Węzeł Ofiar Grudnia '70 01,,18.5168145,54.5279719
Węzeł Ofiar Grudnia '70 02,,18.5167987,54.528276
Energetyków 02,,18.4991893,54.5396969
Energetyków 01,,18.4988765,54.5397098
"Hala ""Makro"" 02",,18.4844451,54.542359
Hutnicza - Estakada 04,,18.4923957,54.5389962
II Urząd Skarbowy 01,,18.4715629,54.5478414
Pucka - Hutnicza 04,,18.4661229,54.5484349
,,18.4989293,54.5395698
,,18.4995426,54.5396027
,,18.4984475,54.5398012
,,18.4984753,54.5398207
Hutnicza - Działki (NŻ),,18.4285064,54.5567377
Hutnicza - Piaskowa (NŻ),,18.4482518,54.5520814
Hutnicza - Magazyny 01 (NŻ),bus_stop,18.4336821,54.5551727
Hutnicza - Magazyny 02 (NŻ),bus_stop,18.4346274,54.5549791
,,18.4094962,54.5641672
,,18.4094056,54.5641767
,,18.4108959,54.5643737
,,18.4013146,54.5666855
,,18.4012236,54.5666938
,,18.40137,54.5668986
,,18.4012794,54.5669081
Kujawska,bus_stop,18.4129156,54.5675932
Podgórska 01,,18.4997424,54.5533852
Pogórze Dolne 02,,18.4780507,54.5575631
Pogórze Dolne 03,,18.4782758,54.5576571
,,18.5010096,54.5470699
,,18.5007754,54.5473499
Pogórze Dolne 04,,18.4780283,54.5576845
Pogórze Dolne 04,bus_stop,18.4780406,54.5577268
Żelazna 01,,18.4839244,54.5557338
Żelazna 02,,18.4815361,54.5562591
Żeliwna,,18.4916757,54.5548493
Gołębia,,18.4985039,54.5436318
Powstań Chłopskich,,18.548395,54.4897313
Redłowo Szpital 01,,18.5552028,54.4896744
Ruchu Oporu,,18.5422006,54.4923669
,,18.4994125,54.5442565
,,18.4993892,54.5442646
,,18.499498,54.5443386
,,18.4994747,54.5443467
Kuśnierska 02,,18.5034066,54.5526402
Morska - Estakada,,18.4894824,54.5333001
Ruchu Oporu,,18.5414966,54.493599
Terminal Kontenerowy 03,,18.5015817,54.5480489
Elektrociepłownia - Kontenerowa,,18.4869204,54.5510367
Terminal Promowy,,18.4988156,54.5490014
Gdynia Dworzec Gł. PKP - Dworcowa 04,,18.5316055,54.5208939
Terminal Promowy,,18.5025028,54.5467725
Alzacka,,18.5394972,54.5495411
Benisławskiego 01,,18.5258671,54.5541985
Bosmańska - Zielona 01,,18.531544,54.5488513
Dąbka - Zespół Szkół,,18.5202644,54.5560746
Akademia Marynarki Wojennej 01,,18.541922,54.5426499
Akademia Marynarki Wojennej 02,,18.5434612,54.5427311
Janka Wiśniewskiego 01,,18.5105043,54.5313164
Janka Wiśniewskiego 02,,18.5088554,54.5326717
Muchowskiego 02,,18.551632,54.5481326
Nasypowa 01,,18.5211074,54.5461277
Oksywie Dolne 01,,18.5468645,54.5429043
Oksywie Górne,,18.5475541,54.5489552
Stocznia Wojenna 02,,18.5357053,54.54255
Stocznia Wojenna 01,,18.5346045,54.542652
Turkusowa 01,,18.5162251,54.5574396
Turkusowa 02,,18.5148903,54.5578863
Nasypowa 01,bus_stop,18.5211208,54.5462408
Cylkowskiego 01,,18.5517988,54.4937737
Cylkowskiego 02,,18.5523717,54.4942977
Kopernika - Kościół 01,,18.5511056,54.4955849
Kopernika - Kościół 02,,18.5506996,54.4962578
Korczaka (NŻ),,18.544189,54.4964846
Wzgórze Św. Maksymiliana Syrokomli 02,,18.5423671,54.5027187
Szczeblewskiego 02,,18.549177,54.4988033
,,18.5505927,54.4962354
,,18.5423148,54.5026324
,,18.5424281,54.5026145
Urząd Morski,,18.5430212,54.5281272
Chrzanowskiego - Przychodnia,,18.5422587,54.5299915
Cmentarz Witomiński,,18.5206826,54.5100254
Długa (NŻ),,18.5119935,54.4961766
Portowa 01,,18.5429905,54.5243197
Poznańska,,18.5307764,54.5110142
Rolnicza,,18.5122965,54.5001011
Rolnicza,,18.5135785,54.5007995
Cmentarz Witomiński,,18.5214994,54.5101964
Witomino Polna,,18.5148125,54.4950587
Stawna,,18.5087526,54.4949761
Stawna,,18.5083575,54.495532
Stawna,,18.5080255,54.494745
Witomino Leśniczówka 04,,18.5126694,54.4911057
Witomino Leśniczówka 01,,18.5111937,54.4916171
Węzeł Franciszki Cegielskiej 02,,18.5317179,54.5081783
Wiczlino - Skrzyżowanie 02,bus_stop,18.423976,54.4906649
Fregatowa (NŻ),,18.4135043,54.5015615
Kmicica (NŻ),,18.4164085,54.4982635
Potok Wiczliński (NŻ),,18.4198185,54.4943292
Wiczlino Niemotowo,,18.4048961,54.5061943
Dom Marynarza 03,,18.5488877,54.5077492
Mickiewicza (nż),,18.5469123,54.5126054
Orłowo - Molo,,18.5639209,54.4807433
Dom Marynarza 03,bus_stop,18.5489411,54.5078018
Karwiny Nowowiczlińska 02,,18.4767444,54.4742683
Obłuże Maciejewicza 01,,18.5071441,54.562774
Kadmowa 02,,18.4724148,54.5590548
Wiczlino - Skrzyżowanie 01,,18.4250075,54.4898314
Uniwersytet Morski,,18.5086682,54.5261288
Grenadierów 02,,18.504117,54.4762047
Rewerenda 01,,18.4405672,54.4522365
Kalksztajnów,,18.4951711,54.5315052
Stadion PKM,bus_stop,18.5329762,54.4966552
Demptowo 01,,18.4629772,54.5252855
Krofeya (NŻ),,18.4969015,54.5282142
Mireckiego 08,,18.5022303,54.5282154
Beniowskiego - Akademiki 01,,18.5131346,54.523603
Kołłątaja 02,,18.5197447,54.5227643
Urząd Pracy,,18.5238391,54.5212786
,,18.551706,54.5046819
Marszewska 02 (NŻ),bus_stop,18.43137,54.5273863
Marszewska 01 (NŻ),bus_stop,18.4319574,54.5274994
Jałowcowa 02 (NŻ),bus_stop,18.4419576,54.5304814
Jałowcowa 01 (NŻ),bus_stop,18.4422296,54.5304715
Dąbka - Zielona 02,,18.5288152,54.5536037
Rdestowa - Leśny Zakątek 02,bus_stop,18.4572656,54.4639753
Obwodnica - Kcyńska,,18.4535814,54.5388782
Leśna Polana 02 (NŻ),bus_stop,18.4533982,54.4622496
Morska - Estakada,,18.48802,54.5324999
Węzeł Franciszki Cegielskiej 01,,18.5331747,54.5081005
Demptowo - Jednostka Wojskowa,,18.4434748,54.5186322
Kuśnierska 01,,18.5033303,54.5524285
Dom Marynarza 01,,18.5502478,54.5079503
Dom Marynarza 01,bus_stop,18.5502597,54.507893
,,18.4666183,54.5606743
,,18.4666065,54.5606811
,,18.4666245,54.5606908
Sopot Kamienny Potok PKP,bus_stop,18.5530165,54.4573938
Kazimierz - Listopadowa 02 (NŻ),bus_stop,18.4272746,54.5973861
,,18.4989383,54.5395761
,,18.4984605,54.5398103
,,18.4150551,54.5739778
,,18.4151526,54.5739796
Klonowa (NŻ),bus_stop,18.4094489,54.5752983
Klonowa (NŻ),bus_stop,18.4079031,54.5759099
,,18.4007113,54.5857393
,,18.4006873,54.5857436
,,18.3999962,54.5856161
,,18.3999869,54.5856724
Wierzbowa,bus_stop,18.4220943,54.5729619
Dębogórze-Wybudowanie - Leśna 02,bus_stop,18.4354342,54.57304
,bus_stop,18.4004844,54.5734059
Dębogórze-Wybudowanie Mostowa 01,bus_stop,18.4244756,54.5841786
Uniwersytet Morski,,18.5082412,54.5266928
Bażyńskiego,,18.4888353,54.529732
Dembińskiego,,18.4939549,54.5278507
Węzeł Żołnierzy Wyklętych,,18.4794092,54.5353026
Komandorska - Hotel,,18.4965491,54.5294459
Kordeckiego,,18.4861615,54.5309878
Leszczynki II,,18.4813202,54.5278764
Mireckiego 06,,18.5021565,54.5285446
Rozewska,,18.4702569,54.5375564
Stoigniewa,,18.4859229,54.527438
Stoigniewa,,18.4845208,54.5282842
Technikum Chłodnicze (NŻ),,18.4900342,54.5271664
Sambora - Kalksztajnów,,18.4883579,54.5278742
Ściegiennego,,18.4825679,54.5311364
Swarzewska I,,18.463746,54.5379653
Swarzewska II,,18.4609279,54.5360129
Kalksztajnów - Bloki,,18.4922766,54.5287163
Sambora,,18.4957773,54.527473
Witomino Centrum 01,,18.5107309,54.498922
Staniszewskiego,,18.4363949,54.4933077
,,18.4994008,54.5442606
,,18.4994847,54.5443432
,,18.5009823,54.5470622
,,18.5016416,54.5478673
,,18.5012748,54.5479931
Gdynia Dworzec Gł. PKP - Wolności,,18.5282298,54.519366
Gdynia Dworzec Gł. PKP - Wolności,,18.5275857,54.5199102
Mireckiego 04,,18.5022679,54.5296007
Gdynia Arena (NŻ),,18.5323991,54.4977442
Myśliwska 01,,18.4906035,54.4710082
10 Lutego - Skwer Kościuszki 02,,18.5417544,54.5193941
Galeria Szperk 02,,18.5049249,54.5636472
Mireckiego 01,bus_stop,18.5044624,54.5287792
Mireckiego 04,bus_stop,18.502415,54.5296441
Oksywie Dickmana,,18.5467214,54.5575304
Pancerna,,18.5474126,54.5526471
Pancerna,,18.5472598,54.5534425
Oksywie Dickmana,,18.5463462,54.5575202
Maciejewicza 02,,18.5086534,54.5628497
Białowieska,,18.5151454,54.5519615
Stolarska,,18.5195406,54.5506917
Stolarska,,18.5189691,54.5510228
,,18.5195105,54.5506416
,,18.5190641,54.5510385
,,18.5152813,54.5519096
,,18.5152922,54.5519262
,,18.5150219,54.5520015
Śląska 01,,18.5325462,54.515159
Pogórze - Dobke 02,,18.4885875,54.5719815
Pogórze - Dobke 01,,18.4881646,54.5714621
Pogórze - Herberta 02,,18.490554,54.5755906
Grenadierów 01,,18.5047929,54.4753483
Benisławskiego,,18.5243075,54.5541852
Wiczlino - Działki I,,18.437778,54.4819645
Wzgórze Św. Maksymiliana SKM 01,bus_stop,18.5371456,54.5088866
,bus_stop,18.5526605,54.4569186
Demptowska 02 (NŻ),bus_stop,18.4599467,54.5279809
,,18.5009571,54.5470839
,,18.5009115,54.5471189
,,18.5013594,54.5479588
,,18.5013159,54.5479627
Paprykowa 02,bus_stop,18.4653675,54.4678204
,,18.4349447,54.547802
,,18.4349175,54.5478032
,,18.4548952,54.5465393
,,18.4548704,54.5465413
,,18.4535196,54.5470645
,,18.4498309,54.5477654
,,18.4498544,54.5477654
,,18.4485485,54.5482863
,,18.4450209,54.5495232
,,18.4442381,54.5499468
,,18.5167186,54.5247918
,,18.5296858,54.5199784
,,18.5296442,54.5200028
,,18.532829,54.5029927
,,18.5328355,54.5030089
,,18.533247,54.5037973
,,18.5332767,54.503819
,,18.4938016,54.5628521
,,18.493827,54.5628607
,,18.4998104,54.5630222
,,18.4998329,54.5630284
,,18.4939498,54.5630998
,,18.4986353,54.5632158
,,18.4885764,54.4712745
,,18.4897284,54.4728202
,,18.4896954,54.4727635
,,18.4501178,54.4713066
,,18.4501437,54.4713246
,,18.4706327,54.4998559
,,18.4706062,54.4998621
Racławicka 02,bus_stop,18.5134423,54.4727233
Tatrzańska - Olsztyńska 02,,18.5247553,54.5130046
,,18.5370806,54.4911864
,,18.5372439,54.4912205
,,18.5372332,54.4912473
,,18.4601066,54.5406801
,,18.4601036,54.5407008
,,18.460035,54.5411421
,,18.4600542,54.5411695
,,18.5413296,54.5169384
,,18.5413326,54.516952
,,18.4585038,54.537902
,,18.458496,54.5379211
,,18.4582019,54.5379808
,,18.4582174,54.5379886
,,18.461396,54.5414307
,,18.4613406,54.5414332
Wiczlino - Skrzyżowanie 01,bus_stop,18.42485,54.4898129
Wiczlino - Skrzyżowanie 03,bus_stop,18.4248941,54.4905562
,,18.4512415,54.5440763
,,18.4512989,54.5440674
,,18.4706649,54.5389163
,,18.4706345,54.5389268
,,18.5405633,54.4928466
,,18.5405459,54.4928536
,,18.5416516,54.4936119
,,18.5416352,54.4936367
Szafranowa 02,bus_stop,18.4601101,54.4653291
,,18.536719,54.4917614
,,18.5367434,54.4917697
,,18.5307944,54.4920279
,,18.5305126,54.4922686
Łużycka,bus_stop,18.5350109,54.4942498
,,18.5347102,54.4948874
,,18.5323622,54.4987676
Kacze Buki 04,,18.4538641,54.4555952
,,18.4530589,54.4558524
,,18.4534753,54.4558669
,,18.4533074,54.5339242
,,18.4532721,54.5339086
,,18.4538446,54.5340974
,,18.4538783,54.5341128
Wiczlino Niemotowo 02,bus_stop,18.405044,54.5062619
,,18.4199772,54.4940575
,,18.4197393,54.4945338
Chwarzno Polanki 01,bus_stop,18.4338205,54.4990642
,,18.5171703,54.5249582
Mireckiego 02,bus_stop,18.5027387,54.5295852
,,18.5368938,54.5104225
,,18.5369362,54.5104944
,,18.5369363,54.510535
,,18.5369393,54.5105756
Nasypowa 02,,18.5221433,54.545723
Oksywie Godebskiego,,18.5394081,54.5507446
,,18.5357339,54.5424446
,,18.5357004,54.5424527
,,18.5400562,54.5494678
,,18.5400867,54.5494706
,,18.5390677,54.5496116
,,18.5390221,54.5496145
,,18.5515305,54.5481104
,,18.5516218,54.5481842
,,18.5298981,54.5528593
,,18.5299203,54.5528675
,,18.5287675,54.5536609
,,18.5287195,54.5536618
,,18.5304252,54.553837
,,18.5304071,54.5538498
,,18.5389124,54.5778627
,,18.5388929,54.5778697
Witomino Leśniczówka 01,bus_stop,18.5112614,54.4917072
Witomino Leśniczówka 04,bus_stop,18.5124179,54.4911546
,,18.5079333,54.4947561
,,18.508457,54.4955062
,,18.5084538,54.4955203
,,18.5092351,54.4977891
,,18.5092382,54.4978096
,,18.5120934,54.5000914
,,18.5121085,54.5001138
,,18.5317733,54.5082711
Armii Krajowej 02,bus_stop,18.5384347,54.5173134
,,18.5366202,54.5195654
,,18.5366751,54.519566
,,18.5346315,54.5198168
,,18.5346715,54.5198171
,,18.5315425,54.5208409
,,18.5315083,54.5208522
,,18.53129,54.5209442
Gdynia Dworzec Gł. PKP - Hala 06,bus_stop,18.5325591,54.5229856
,,18.5168306,54.5278634
,,18.5168172,54.5278735
,,18.5169002,54.5283332
,,18.5168339,54.5283689
,,18.5167855,54.5283961
,,18.5104185,54.5312401
,,18.5418682,54.5427227
,,18.5418829,54.5427352
,,18.5346441,54.5427509
,,18.5470268,54.542813
,,18.5470694,54.542816
,,18.5468468,54.5429902
,,18.5468756,54.5429941
,,18.5123236,54.5500139
,,18.5122877,54.5500263
,,18.5059592,54.5508121
,,18.5060022,54.5508584
Witomino Sosnowa,,18.4941234,54.4984608
,,18.494176,54.4983697
,,18.494156,54.4983797
,,18.4967646,54.4984059
Witomino Centrum 04,bus_stop,18.5077242,54.4986677
,,18.5029645,54.4987077
,,18.5029195,54.498715
Witomino Centrum 01,bus_stop,18.5108707,54.4988402
,,18.5136269,54.5006991
,,18.513642,54.500725
Pogórze Górne 02,bus_stop,18.4814011,54.5631432
Pogórze Górne 04,bus_stop,18.4814687,54.5634055
,,18.5213083,54.5102232
,,18.5213763,54.5102639
,,18.5310631,54.5110041
,,18.5304927,54.5110126
,,18.5310793,54.5110146
,,18.5305156,54.5110216
,,18.5300824,54.5172004
,,18.5300771,54.5172188
,,18.5306149,54.5168395
,,18.5306289,54.5168179
,,18.5281267,54.5193312
,,18.5278794,54.5198412
,,18.5278311,54.5198612
,,18.5224366,54.5227135
,,18.5218623,54.5232254
,,18.5218504,54.5232435
,,18.5110405,54.5269049
,,18.5110132,54.5269244
,,18.5089229,54.5279078
Mireckiego 03,bus_stop,18.5040054,54.5289001
,,18.4969815,54.5307427
,,18.4898865,54.5323554
,,18.4899324,54.5323634
,,18.4879317,54.5325691
,,18.4879483,54.5325897
,,18.4896049,54.5332374
,,18.4896209,54.5332589
,,18.4933406,54.5380101
,,18.4933647,54.53802
,,18.4947699,54.5385327
,,18.4947859,54.5385574
,,18.5191136,54.5510298
,,18.525812,54.5541442
,,18.5258461,54.5541276
,,18.5241773,54.5542829
,,18.5242234,54.5543259
,,18.5205852,54.5558548
,,18.5205693,54.5558568
,,18.5199781,54.5562793
,,18.5199274,54.5562889
,,18.5160776,54.5574199
,,18.5160401,54.5574299
,,18.5149363,54.5579532
,,18.5087222,54.5625757
,,18.5086852,54.5625922
,,18.4867864,54.5627812
,,18.4867357,54.5627846
Pogórze Górne 06,bus_stop,18.4817709,54.5634809
,,18.5207456,54.5099795
,,18.5207712,54.5099924
,,18.4951011,54.5315686
,,18.4950898,54.5315722
,,18.5194631,54.550655
,,18.510303,54.497744
,,18.510281,54.4977588
,,18.5310796,54.5562145
,,18.5311034,54.5562267
,,18.5331002,54.5605522
,,18.5330982,54.5605341
,,18.5345649,54.5645646
,,18.5372052,54.5750452
,,18.5372253,54.57506
Wzgórze Św. Maksymiliana SKM 03,bus_stop,18.5371774,54.5086303
,,18.5371696,54.5084557
,,18.5371738,54.5084176
,,18.5384371,54.5143733
,,18.5384026,54.514377
Armii Krajowej 03,bus_stop,18.5390675,54.5180838
,,18.5388534,54.5227602
,,18.5388699,54.5227827
,,18.5143295,54.5491201
,,18.5143029,54.549123
,,18.5343202,54.5085289
,,18.5343116,54.5085546
,,18.5280898,54.5204668
,,18.5280453,54.5204758
,,18.5295699,54.5488179
,,18.5296054,54.5488204
,,18.5325368,54.497721
,,18.53651,54.5075755
,,18.5365297,54.5075979
Wzgórze Św. Maksymiliana SKM 04,bus_stop,18.5365153,54.5081521
Urząd Miasta - Świętojańska 01,bus_stop,18.5381193,54.5085978
,,18.5315401,54.5487841
,,18.5315763,54.5487914
,,18.5376347,54.513337
,,18.5376406,54.513364
Piłsudskiego 02,bus_stop,18.5441018,54.508687
,,18.5200713,54.5267691
,,18.5201145,54.5267752
,,18.5196179,54.5270106
,,18.5195794,54.5270147
,,18.5091274,54.5326025
,,18.4994637,54.5396691
,,18.4987059,54.539684
,,18.4994298,54.5396877
,,18.4986562,54.5397013
,,18.5424965,54.5234462
,,18.48044,54.5351595
,,18.4719193,54.5381365
,,18.4718956,54.538137
Chylonia Dworzec PKP 01,bus_stop,18.4630183,54.5444869
Chylonia Dworzec PKP 02,bus_stop,18.4607453,54.5452454
Chylonia Dworzec PKP 04,bus_stop,18.4615865,54.5452878
Chylonia Dworzec PKP 06,bus_stop,18.4623977,54.5457073
Chwarzno Sokółka 04,bus_stop,18.4375736,54.4973101
Tezeusza,bus_stop,18.4495816,54.5002596
,,18.4576727,54.5003132
,,18.4576613,54.50034
,,18.5332282,54.5079697
,,18.5331933,54.507978
,,18.5069994,54.5627706
,,18.44106,54.4987929
,,18.441098,54.4988038
,,18.4469913,54.4997661
,,18.4470042,54.4997748
,,18.466718,54.50018
,,18.4667302,54.5001889
,,18.4452765,54.4996642
,,18.4453033,54.4996665
,,18.4706081,54.5001026
,,18.4705866,54.50011
,,18.4569912,54.5001368
,,18.4569617,54.5001481
,,18.4496347,54.500428
,,18.4496668,54.5004365
,,18.4661637,54.500481
,,18.4661255,54.5004888
Śląska 02,,18.5328606,54.5140671
Liceum Jezuitów 02,,18.5246276,54.51567
,,18.5082204,54.5239308
Harcerska 01,bus_stop,18.5365088,54.5034004
Gdynia Dworzec Gł. PKP - Hala 04,bus_stop,18.5333315,54.5230649
Park Rady Europy 01 (NŻ),,18.5472169,54.5188125
Sea Towers 02,,18.5481179,54.5193975
Pogórze - Majakowskiego 02,bus_stop,18.479944,54.5663886
Pogórze - Herberta 01,,18.4909296,54.5763831
Kosakowo - Centrum Sportowe 01,,18.4923811,54.5805991
Kosakowo - Centrum Sportowe 02,,18.4927996,54.5816359
Pogórze - Pułaskiego 02,,18.4857969,54.5685686
Pogórze - Słowackiego 02,bus_stop,18.4815492,54.5650299
Mały Kack Strzelców 01,,18.5032488,54.4777654
,,18.4896693,54.473719
Dębgórze - Owocowa 02,bus_stop,18.4585276,54.5912646
Dębogórze - Owocowa 01,bus_stop,18.4586514,54.5911214
Dębogórze - Szkoła 02 (NŻ),bus_stop,18.4544424,54.5910061
Dębogórze - Szkoła 01 (NŻ),bus_stop,18.4559781,54.5910168
Dębogórze - Słonecznikowa 02,bus_stop,18.4517779,54.5904674
Dębogórze - Słonecznikowa 01,bus_stop,18.4519031,54.5903238
Dębogórze - Okopowa 01 (NŻ),bus_stop,18.4637753,54.5913837
Dębogórze - Okopowa 02 (NŻ),bus_stop,18.4636315,54.5915273
Dębogórze - Jednostka Wojskowa 01,bus_stop,18.4373069,54.5884818
Dębogórze - Jednostka Wojskowa 02,bus_stop,18.4374751,54.5886594
Dębogórze - Naftobazy 01 (NŻ),bus_stop,18.4339904,54.5890557
Dębogórze - Naftobazy 02 (NŻ),bus_stop,18.4337364,54.5897048
Kazimierz - Majowa 01 (NŻ),bus_stop,18.4299413,54.5944112
Kazimierz - Majowa 02 (NŻ),bus_stop,18.429781,54.5949027
Kazimierz - Listopadowa 01 (NŻ),bus_stop,18.4270105,54.5974221
,,18.4697884,54.474816
,,18.5398114,54.5194125
Podgórska 01,,18.4982946,54.5536751
,,18.4984535,54.5537345
,,18.4984761,54.5537417
Chwarzno Polanki 02,bus_stop,18.432562,54.4989401
,,18.5389325,54.4970193
,,18.5383055,54.4975649
,,18.5389065,54.4970238
,,18.5383129,54.4975483
,,18.538177,54.4967218
,,18.5381134,54.4968098
,,18.5417782,54.5194687
,,18.5417044,54.5194709
Kujawska,bus_stop,18.4131667,54.5686731
3 Maja - Hala 01,bus_stop,18.5368608,54.5221191
,,18.4783622,54.537616
,,18.4783562,54.5376442
,,18.4786244,54.5377484
,,18.4786157,54.5377863
,,18.4774718,54.540523
,,18.477699,54.5404242
,,18.5395229,54.5122196
,,18.5395179,54.5122076
Cisowa Granica Miasta 02,bus_stop,18.4165366,54.5534964
,,18.542408,54.5299735
,,18.5421813,54.5299377
,,18.5421599,54.529956
Dworzec Morski - Muzeum Emigracji 01,bus_stop,18.5472571,54.5327394
Chrzanowskiego (NŻ),bus_stop,18.5426792,54.5311456
,,18.5367488,54.5297872
Kwidzyńska I 01,bus_stop,18.5249556,54.5119176
Dębogórze - Słonecznikowa 04,bus_stop,18.4513081,54.5904565
Świętopełka,bus_stop,18.4038812,54.5828534
Stara Rumia Cmentarz 01,bus_stop,18.4069864,54.5799395
Świętopełka,bus_stop,18.404711,54.582814
,,18.4908807,54.5326844
,,18.4908404,54.5326855
,,18.4308876,54.4971006
,,18.4309009,54.4971079
,,18.4377541,54.4819004
,,18.4450307,54.5342098
,,18.4450485,54.5342029
,,18.4475268,54.5334197
,,18.4475109,54.5334147
,,18.4724453,54.559093
,,18.5034563,54.5523021
,,18.5035036,54.552282
,,18.5033373,54.5527556
,,18.503506,54.5527118
,,18.4996901,54.5533121
,,18.4997677,54.5533017
,,18.542106,54.5188626
,,18.542081,54.5188312
,,18.5420763,54.5179967
,,18.5420742,54.5180058
,,18.5478645,54.4897123
,,18.5478182,54.4897038
Pustki Cisowskie 02,bus_stop,18.4347002,54.5392415
,,18.4391936,54.5375303
,,18.4392191,54.5375193
,,18.4392694,54.5379032
,,18.4442714,54.5347236
,,18.4443224,54.5346967
,,18.5549368,54.4897372
,,18.5550021,54.4897341
Gdynia Dworzec Gł. PKP - Hala 02,bus_stop,18.533715,54.5231097
Kwiatkowskiego 02,,18.5076794,54.5537021
Pogórze Dolne 01,bus_stop,18.4787078,54.5572094
,,18.4921514,54.5547121
,,18.4921737,54.5547092
Pogórze - Pułaskiego 01,bus_stop,18.4852488,54.5679929
Pogórze - Pułaskiego 02,bus_stop,18.4859118,54.5685786
Pogórze Górne 01,,18.4813432,54.5633692
Pogórze Górne 01,bus_stop,18.48127,54.5634263
Czernickiego II 02,,18.4757237,54.5627866
,,18.4816179,54.5563157
,,18.4815588,54.5563308
,,18.4839489,54.5556504
,,18.4837857,54.5556754
,,18.4908698,54.5550443
,,18.4909198,54.5550363
Gołębia,,18.4992733,54.5443373
Kosakowo - Krokusowa,,18.4830668,54.5892036
Kosakowo - Urząd Gminy,,18.4932517,54.5877702
,,18.4907894,54.5763977
,,18.4794359,54.5961486
Kosakowo - Cmentarz - Brama Główna,,18.4797784,54.5966222
Kosakowo - Tulipanowa,,18.4805328,54.5912576
,,18.5358335,54.5055381
,,18.5358339,54.5055292
Pogórze Górne 02,,18.4815124,54.5632533
,,18.5406456,54.4920226
,,18.5406312,54.4920319
Redłowo SKM 03,,18.53891,54.4920228
,,18.5389858,54.4919719
,,18.5389758,54.4919735
,,18.4848226,54.4739028
,,18.4847898,54.4738859
,,18.5293919,54.527088
,,18.5234954,54.5268785
,,18.5234541,54.5268845
,,18.4301781,54.4943243
,,18.430189,54.4943371
Paprykowa 01,bus_stop,18.4669002,54.4682934
,,18.5409401,54.5154849
,,18.5409307,54.5154592
Meksykańska 02,bus_stop,18.4634995,54.548654
,,18.4720109,54.5477752
,,18.4719272,54.5477863
,,18.4714368,54.5477581
,,18.471461,54.5477497
,,18.4844973,54.5424749
,,18.4844564,54.5424786
,,18.4848118,54.5420896
,,18.4848546,54.5420714
,,18.4924066,54.5391232
,,18.4924562,54.5391008
,,18.4678829,54.5434287
,,18.4703354,54.5426163
,,18.4703598,54.5426085
,,18.4765489,54.5411301
,,18.476548,54.541142
,,18.4569145,54.4744146
,,18.4579413,54.4742544
,,18.4579257,54.4742486
,,18.4530344,54.4724093
,,18.4530312,54.4724013
,,18.4526843,54.4723984
,,18.5401455,54.5142716
,,18.5401497,54.5142649
,,18.5387719,54.5110687
,,18.5387902,54.5110421
,,18.5171743,54.5321145
,,18.5185099,54.5278418
,,18.5430297,54.5209696
Pustki Cisowskie 01,bus_stop,18.4347239,54.5389878
,,18.4134988,54.5014578
,,18.4135042,54.5014439
,,18.4163311,54.4982233
,,18.4163304,54.4982342
,,18.5087128,54.4949305
,,18.5428639,54.5281878
,,18.5148702,54.4950181
Filipkowskiego 01,bus_stop,18.4299243,54.4870657
,,18.5431593,54.5243483
,,18.5313075,54.5270693
,,18.5312906,54.5270667
Kwiatkowskiej,,18.4338779,54.4930018
Bryla,,18.4371784,54.4954647
Warszawska,,18.5301831,54.5172812
,,18.5490702,54.4987597
,,18.5492988,54.4988621
,,18.5492972,54.498841
,,18.5445183,54.4963638
,,18.5512838,54.4955691
,,18.5512873,54.4955446
,,18.5523462,54.4944417
,,18.5518441,54.4937024
,,18.5518415,54.4936929
,,18.5530815,54.4916947
,,18.5530905,54.4916681
,,18.5422292,54.5032576
,,18.5422619,54.5032643
,,18.5082999,54.5267234
,,18.5197943,54.5227858
,,18.5239582,54.5212884
,,18.4485544,54.5447077
,,18.4486167,54.5446785
,,18.4485825,54.5447049
,,18.4470168,54.5453598
,,18.4469967,54.5453666
,,18.4401646,54.5467228
,,18.4401892,54.5467239
,,18.4420982,54.5460635
,,18.4421324,54.5460563
,,18.4418094,54.5476706
,,18.5559687,54.5189073
,,18.4419779,54.5473539
Dębogórze-Wybudowanie - Długa 01,bus_stop,18.4287937,54.5729009
Dębogórze - Partyzantów 02,bus_stop,18.4415413,54.5808333
Dębogórze - Partyzantów 01,bus_stop,18.4412516,54.5806099
,,18.4300217,54.4946417
,,18.4306504,54.4969591
"Chwaszczyno, Dąbrówki",bus_stop,18.4319636,54.4600732
"Chwaszczyno, Zbożowa II",bus_stop,18.4299853,54.4624503
"Chwaszczyno, Lipa Rewerenda",bus_stop,18.4357374,54.455817
"Chwaszczyno, Wolszonowa Góra",bus_stop,18.4257475,54.4649016
Zielona - Kościół 01 (NŻ),bus_stop,18.5371999,54.5750248
Babie Doły 02,bus_stop,18.5387936,54.5781351
Starowiejska 02,bus_stop,18.5353978,54.5207795
Pogórze Dolne 03,bus_stop,18.4782534,54.5576126
Pogórze Dolne 02,bus_stop,18.4781291,54.5576118
Baza na Pogórzu Dolnym 01,bus_stop,18.4760677,54.5590546
Terminal Promowy 04 (NŻ),bus_stop,18.4990196,54.549027
Babie Doły Plaża 01,bus_stop,18.5377274,54.585779
"Rumia, Janowo SKM - Sobieskiego",bus_stop,18.4056115,54.5583907
"Rumia, Janowo SKM - Sobieskiego",bus_stop,18.407167,54.5571656
Sobieskiego FUO - 02 (NŻ),bus_stop,18.401028,54.560474
Kosakowo - Centrum Handlowe 02,bus_stop,18.4941474,54.5840687
Kosakowo - Centrum Handlowe 01,bus_stop,18.494168,54.5829814
Pogórze-Derdowskiego 02,bus_stop,18.4991407,54.5728073
Demptowo 01,bus_stop,18.4629419,54.5253127
Kujawska 01,bus_stop,18.5478786,54.4586363
Zielona - Klub Garnizonowy 02 (NŻ),bus_stop,18.5359115,54.5814866
Zielona - Klub Garnizonowy 01 (NŻ),bus_stop,18.5361377,54.5812311
Pogórze - Majakowskiego 01,bus_stop,18.4797487,54.5663064
Pogórze - Szkolna 01 (NŻ),bus_stop,18.4758555,54.5695516
Pogórze - Szkolna 01 (NŻ),bus_stop,18.4757647,54.5697483
Suchy Dwór - Szkolna 02 (NŻ),bus_stop,18.4727432,54.5723457
Suchy Dwór - Szkolna 01 (NŻ),bus_stop,18.4732099,54.5717611
Kwidzyńska II 01,,18.5280596,54.5109251
Hutnicza - Stacja Paliw Lotos 02,bus_stop,18.4745273,54.5466931
Hutnicza - Stacja Paliw Lotos 01,bus_stop,18.4771971,54.5453408
Pucka - Hutnicza 02,,18.4677231,54.5492587
Pucka - Przejazd Kolejowy 02,bus_stop,18.4677633,54.5518984
Pucka - Przejazd Kolejowy 01,bus_stop,18.4687284,54.5534972
Elektrociepłownia - Pucka 01,bus_stop,18.4723815,54.5563814
Złota 02,bus_stop,18.4745764,54.5579442
Plaża Śródmieście - Muzeum Miasta Gdyni 01,bus_stop,18.5470136,54.5165801
Cisowa Sibeliusa 03,,18.4341749,54.5481232
Rumia Przyrzeczna (07),bus_stop,18.4035103,54.5892427
Rumia Przyrzeczna (12),bus_stop,18.404094,54.5895501
Rumia I Dywizji WP (05),bus_stop,18.4076723,54.5934263
Rumia I Dywizji WP (14),bus_stop,18.4081318,54.5936465
Rumia Kanał Leniwy (03),bus_stop,18.4116892,54.5973691
Rumia Kanał Leniwy (16),bus_stop,18.4121608,54.5976705
Kosakowo - Kościół 01 (NŻ),bus_stop,18.4943813,54.5897109
Kosakowo - Kościół 02 (NŻ),bus_stop,18.4949935,54.589906
Pomorska - Gdańska 01,bus_stop,18.4147892,54.5691751
Mazowiecka 02,bus_stop,18.421249,54.5629242
Stara Rumia Cmentarz 02,bus_stop,18.4072819,54.5801361
Zwinisławy 02,bus_stop,18.484977,54.4687828
Harcerska 02,bus_stop,18.5362725,54.5019438
3 Maja 02,bus_stop,18.5347037,54.5197978
3 Maja 01,bus_stop,18.5365636,54.5195826
Kacze Buki 01,,18.4551808,54.4554638
Łużycka,,18.5347957,54.4948856
Węzeł Franciszki Cegielskiej 03,bus_stop,18.5348724,54.5074747
Karwiny PKM 04,bus_stop,18.5095326,54.4702049
Krzemowa 01 (NŻ),,18.4558448,54.457909
Bieszczadzka 01 (ŃŻ),bus_stop,18.4534725,54.4523911
Bieszczadzka 02 (ŃŻ),bus_stop,18.4533699,54.4524218
Podleśna 02,bus_stop,18.5090852,54.4670284
Chwaszczyno Rewerenda 01,,18.4390216,54.4516228
Stanowisko nr 5,bus_stop,18.5300635,54.5219752
Stanowisko nr 4,bus_stop,18.5300202,54.5219292
Przystanek końcowy,bus_stop,18.5295706,54.5221927
Stanowisko nr 3,bus_stop,18.5299629,54.5218767
Stanowisko nr 1,bus_stop,18.5293164,54.521994
Stanowisko nr 2,bus_stop,18.5296573,54.5218929
Żeglarzy 01,bus_stop,18.5299117,54.5431183
Żeglarzy 02,bus_stop,18.5305056,54.5429845
Czernickiego I 01,bus_stop,18.4735957,54.561223
Czernickiego I 02,bus_stop,18.4727741,54.5605212
Necla 02,bus_stop,18.5461445,54.510447
Necla 01,bus_stop,18.5462965,54.5103999
Korzeniowskiego 02,bus_stop,18.5503867,54.5106262
Rdestowa Kolonia 02 (NŻ),,18.4513608,54.4602039
Rdestowa Kolonia 04 (NŻ),,18.4496875,54.460268
Rdestowa Kolonia 04 (NŻ),bus_stop,18.4495994,54.4602956
Rdestowa Kolonia 01 (NŻ),,18.4513733,54.4610718
Rdestowa Kolonia 01 (NŻ),bus_stop,18.4514257,54.4610461
Anyżowa 01,,18.4696684,54.4748776
Fredry 02 (nż),bus_stop,18.549244,54.5087335
,bus_stop,18.4062452,54.5582739
,bus_stop,18.4060549,54.5585032
Nowogrodzka 02,bus_stop,18.5242328,54.5137226
Działki Leśne - Sztumska 01,bus_stop,18.5170526,54.5171156
Łowicka - Szkoła 01,bus_stop,18.5267495,54.4846213
Łowicka - Szkoła 02,bus_stop,18.5273733,54.4843359
,bus_stop,18.4108008,54.5883345
,bus_stop,18.4105726,54.5878687
,bus_stop,18.4132775,54.5920825
,bus_stop,18.4132438,54.5912813
Karwiny Nowowiczlińska 03,bus_stop,18.4769802,54.4735632
Karwiny Nowowiczlińska 03,,18.4770235,54.4734968
Kacze Buki 02,,18.4568653,54.4562741
Gdynia Dworzec Gł. PKP 04,bus_stop,18.530117,54.5218099
Krzemowa 02 (NŻ),,18.4571161,54.4573115
,,18.4569929,54.456227
Kacze Buki 03,,18.4541716,54.4554652
Oksywie Dolne 04,,18.5475109,54.5428647
Oksywie Dolne 02,,18.5470261,54.5429108
Redłowo Szpital 02,,18.5548778,54.489694
Kurpiowska 01 (NŻ),bus_stop,18.5316313,54.4850795
Mały Kack Sandomierska 03,bus_stop,18.5282561,54.4864489
Olkuska - Łowicka 01,bus_stop,18.523388,54.4879675
Olkuska - Radomska 01 (NŻ),bus_stop,18.5170986,54.4866478
Mały Kack - Łęczycka 01,bus_stop,18.5151869,54.4848601
Wieluńska - Radomska 02,bus_stop,18.5178213,54.4847717
Wieluńska - Lipnowska 02,bus_stop,18.5219683,54.4851384
Gdynia Dworzec Gł. PKP 03,bus_stop,18.5304323,54.5215127
Gdynia Dworzec Gł. PKP 01,bus_stop,18.5302856,54.521574
Gdynia Dworzec Gł. PKP - Dworcowa 04,bus_stop,18.5314667,54.5208706
Dom Marynarza 05,bus_stop,18.5489496,54.5077045
Mazowiecka 02,bus_stop,18.4213919,54.5629112
Gdynia Dworzec Gł. PKP 02,bus_stop,18.5296773,54.5225322
,,18.5086902,54.5629176
Obłuże Maciejewicza 03,,18.5076772,54.5628562
Leśna Polana 01 (NŻ),bus_stop,18.4551814,54.4627723
Grenadierów 01,bus_stop,18.5047223,54.4753413
Kwiatkowskiego 01,bus_stop,18.507417,54.5547315
Mały Kack Strzelców 02,,18.50277,54.4777299
Handlowa,bus_stop,18.4415873,54.5535926
Handlowa,bus_stop,18.4430348,54.5530662
Rdestowa - Leśny Zakątek 01,bus_stop,18.4575335,54.4639305
Sucharskiego 02,bus_stop,18.5082547,54.5567792
Sucharskiego 01,bus_stop,18.50761,54.5562155
Oksywie Górne 04,bus_stop,18.5480921,54.5497641
Pieńkawy 02 (NŻ),bus_stop,18.4268677,54.4928865
Cisowa Sibeliusa 02,bus_stop,18.4317784,54.5491683
Cisowa Granica Miasta 01,bus_stop,18.4163172,54.553335
Elektrowozownia SKM 02 (NŻ),bus_stop,18.4220859,54.5520445
Elektrowozownia SKM 01 (NŻ),bus_stop,18.4219545,54.5517443
Wiosny Ludów 02,bus_stop,18.5509507,54.4911628
Wiosny Ludów 01,bus_stop,18.5509019,54.4910917
Focha 02,bus_stop,18.5402933,54.5036388
Kopernika - Partyzantów 02,bus_stop,18.5390394,54.505714
Piłsudskiego 03,bus_stop,18.5448079,54.5077484
Piłsudskiego 01,,18.5437398,54.5086231
Piłsudskiego 01,bus_stop,18.5436652,54.5085767
Dom Marynarza 05,,18.5488405,54.5076609
Bulwar Nadmorski 01,bus_stop,18.5531321,54.5074537
Bulwar Nadmorski 02,bus_stop,18.5530253,54.5073968
Moniuszki 02,bus_stop,18.5491906,54.5053345
Moniuszki 01,bus_stop,18.5485469,54.5059465
Norwida 02,bus_stop,18.5469259,54.5049343
25-lecia Solidarności 03,bus_stop,18.4091876,54.5631814
Pogórze - Obrońców Wybrzeża 01,bus_stop,18.4955451,54.5709016
Pogórze - Obrońców Wybrzeża 02,bus_stop,18.4951242,54.5700238
Pogórze - Przedszkole 02,bus_stop,18.4932045,54.5680232
Pogórze - Dąbrowskiego 02,bus_stop,18.4859147,54.5657126
Pogórze - Przedszkole 01,bus_stop,18.4922994,54.5676809
Dębogórze - Wybudowanie - Długa 02,bus_stop,18.430288,54.572879
Kosakowo - Gryfa Pomorskiego 01,bus_stop,18.4954733,54.5791341
Kolberga 02,bus_stop,18.5379808,54.4571618
Kolberga 01,bus_stop,18.5394202,54.4564367
Małopolska 02,bus_stop,18.5434186,54.455649
Junaków 01,bus_stop,18.5462705,54.4552498
Junaków 02,bus_stop,18.5476054,54.4555717
Chwaszczyno - Nytbusz 01 (NŻ),bus_stop,18.4257967,54.4528302
Centrum Nauki Experyment 02,,18.5382586,54.4968559
Centrum Nauki Experyment 03,,18.5389402,54.4971126
Dębogórze - Gronowa 01,bus_stop,18.4664856,54.5882329
Dębogórze - Gronowa 02,bus_stop,18.4671686,54.5883224
Suchy Dwór - Świetlica 04,bus_stop,18.4703888,54.5757166
Suchy Dwór - Świetlica 02,bus_stop,18.4691416,54.575558
Suchy Dwór - Świetlica 01,bus_stop,18.469796,54.5746687
"Chwaszczyno, Bojańska",bus_stop,18.4184721,54.465627
"Chwaszczyno, Bojańska",bus_stop,18.4183078,54.4655537
"Chwaszczyno, Rewerenda",bus_stop,18.4389476,54.4526889
"Chwaszczyno, Jałowcowa",bus_stop,18.4303265,54.4581052
"Chwaszczyno, Telewizyjna",bus_stop,18.4291032,54.4560936
"Chwaszczyno, Polna II",bus_stop,18.42544,54.4567631
"Chwaszczyno, Zbożowa I",bus_stop,18.4226354,54.4579926
"Chwaszczyno, Lipa Rewerenda",bus_stop,18.4355309,54.4558785
"Chwaszczyno, Dąbrówki",bus_stop,18.4315652,54.4603481
"Chwaszczyno, Zbożowa II",bus_stop,18.4301385,54.462378
"Chwaszczyno, Wolszonowa Góra",bus_stop,18.4256587,54.4648384
Rewerenda 01,bus_stop,18.4406144,54.4522138
Chwaszczyno Rewerenda 01,bus_stop,18.4390126,54.4516611
Chwaszczyno - Nytbusz 02 (NŻ),bus_stop,18.4274976,54.452301
Chwaszczyno - Polna 02 (NŻ),bus_stop,18.4244201,54.4513284
Chwaszczyno - Polna 01 (NŻ),bus_stop,18.425977,54.4508482
"Chwaszczyno, Zbożowa II",bus_stop,18.4295173,54.4633034
"Chwaszczyno, Zbożowa II",bus_stop,18.4293991,54.463288
"Chwaszczyno, Zbożowa I",bus_stop,18.42252,54.4579991
"Chwaszczyno, Polna II",bus_stop,18.4254834,54.4566527
Witomino Centrum,bus_stop,18.5113688,54.4993725
Sokoła,bus_stop,18.4394939,54.4985426
Filipkowskiego 02,bus_stop,18.4277502,54.4881826
Witomino Centrum,bus_stop,18.5121559,54.4972235
Szczecińska 01,bus_stop,18.5210962,54.5181605
Olsztyńska 01,bus_stop,18.5306725,54.5137115
Steyera 02,bus_stop,18.4858857,54.5634492
Karwiny Nowowiczlińska 04,,18.4763345,54.4744465
Karwiny Nowowiczlińska 01,,18.478008,54.4735704
Karwiny Nowowiczlińska 04,bus_stop,18.4763986,54.4744987
Karwiny Nowowiczlińska 02,bus_stop,18.4767754,54.4743397
Karwiny Nowowiczlińska 01,bus_stop,18.4779209,54.473548
Gdynia Dworzec Gł. PKP 50,bus_stop,18.529999,54.5223872
Jaskółcza 01,,18.4534037,54.5339162
Ogród Botaniczny Marszewo 02,,18.4153016,54.5200465
Lutycka 02,bus_stop,18.5407383,54.4949744
Pogórze Górne 04,,18.4814108,54.5634275
Pogórze Dolne 01,,18.4787818,54.5572687
Kosakowo - Centrum Sportowe 01,bus_stop,18.4922996,54.5806904
Kosakowo - Centrum Sportowe 02,bus_stop,18.4928499,54.5815312
Przejazd Kolejowy 91,bus_stop,18.4651421,54.554574
Przejazd Kolejowy 90,bus_stop,18.4636074,54.553674
Przemysłowa 93,bus_stop,18.4640989,54.5510324
Przemysłowa 90,bus_stop,18.4606409,54.5504372
Wiśniowa 90,bus_stop,18.4612437,54.5492587
Plac Kaszubski 51,bus_stop,18.5420663,54.522388
Plac Kaszubski 01,bus_stop,18.5413838,54.5223598
Leszczynki I 01,bus_stop,18.483711,54.5297526
Mireckiego 01,,18.5046529,54.5288269
Dębogórze - Wybudowanie - Długa 04,bus_stop,18.4295538,54.5730851
Wzgórze Św. Maksymiliana SKM 02,bus_stop,18.5365705,54.508548
Chwarzno Apollina 90,bus_stop,18.4582394,54.4993669
Krauzego 91,bus_stop,18.4549182,54.4992652
Publiczny Terminal Promowy 02,bus_stop,18.5458619,54.5331714
Dworzec Morski - Muzeum Emigracji 05,bus_stop,18.5467072,54.5326414
Dworzec Morski - Muzeum Emigracji 03,bus_stop,18.5467672,54.5325881
3 Maja - Hala 03,bus_stop,18.5359438,54.5220977
Pogórze Dolne Złota 02,,18.4666607,54.5608305
Gdynia Dworzec Gł. PKP 51,bus_stop,18.53036,54.5215433
Gdynia Dworzec Gł. PKP 05,bus_stop,18.5303988,54.5217254
Gdynia Dworzec Gł. PKP 07,bus_stop,18.5305524,54.5216579
Armii Krajowej 01,bus_stop,18.5390665,54.5183886
Armii Krajowej 04,bus_stop,18.5383948,54.5171224
Witomino Leśniczówka 03,bus_stop,18.5126683,54.4912175
Witomino Leśniczówka 02,bus_stop,18.5113262,54.4915074
Zwycięstwa - Wielkopolska,bus_stop,18.5468137,54.4841029
Skarbka II 02,,18.4597599,54.5268685
Demptowo 02,,18.4620904,54.525457
Skarbka I 02,,18.4569268,54.5290312
Chabrowa 02,,18.4550974,54.5316941
Chabrowa 02,bus_stop,18.4550313,54.5316867
Muchowskiego 01,,18.551482,54.5481614
"Hala ""Makro"" 01",,18.4849366,54.542148
II Urząd Skarbowy 02,,18.4718932,54.5477011
Pucka - Hutnicza 03,,18.4662633,54.5484463
"Orłowo SKM - ""Klif"" 04",bus_stop,18.5528751,54.4761107
Stocznia Wojenna 01,bus_stop,18.534556945388704,54.54275164980353
Gryfa Pomorskiego 02,bus_stop,18.4875122915487,54.46782768281527
Lipowa 02,bus_stop,18.490589753388004,54.47007352753807
Nałkowskiej 02,bus_stop,18.499149888731335,54.469856586290234
Źródło Marii 02,bus_stop,18.49484253022064,54.47065330382799
Karwiny PKM 01,bus_stop,18.50771143114895,54.46881501682677
Karwiny PKM 02,bus_stop,18.507730036239465,54.46920041957731
Gryfa Pomorskiego 01,bus_stop,18.48730425370637,54.46761571569424
Lipowa 01,bus_stop,18.4908652259796,54.47017580728525
Źródło Marii 01,bus_stop,18.497301043001364,54.469817646029945
Dąbrowa Centrum 01,bus_stop,18.466031973790276,54.473927663880986
Kameliowa 01,bus_stop,18.468059297214996,54.47083417903716
Anyżowa 01,bus_stop,18.469786634787305,54.47482492079088
Schronisko Sopotkowo,bus_stop,18.541585177959956,54.45227397035848
Anyżowa 02,bus_stop,18.468588540516883,54.47466540232981
Dąbrowa Centrum 04,bus_stop,18.465069023636943,54.4733068280533
Kameliowa 02,bus_stop,18.468156488191134,54.47016430231295
Myśliwska 02,bus_stop,18.488566006453567,54.471269995310706
Podleśna 01,bus_stop,18.50927430003674,54.46794204958086
Centrum Handlowe Batory,bus_stop,18.5398215499998,54.51941634999776
10 Lutego - Skwer Kościuszki 02,bus_stop,18.54176465141323,54.51947064981245
Gdynia Dworzec Gł. PKP 09,bus_stop,18.53125770726073,54.521791143866025
3 Maja 02,platform,18.534706650023953,54.519797650474025
3 Maja 01,platform,18.53658735167235,54.519581383785685
Biskupa Okoniewskiego,bus_stop,18.5217523792148,54.52325632602759
Gdynia Dworzec Gł. PKP - Morska,bus_stop,18.52967754271747,54.51997038915743
Plac Kaszubski - Świętojańska 02,bus_stop,18.543028871060674,54.520943832727376
Uniwersytet Morski,bus_stop,18.508978066736397,54.527909821261986
Stocznia SKM - Morska,bus_stop,18.517135805820082,54.52495484186013
Węzeł Żołnierzy Wyklętych,bus_stop,18.48222685080717,54.53489345873723
Kalksztajnów,bus_stop,18.495054989413795,54.531572447705926
Morska - Estakada,bus_stop,18.490878001405108,54.53266115678473
Zamenhofa,bus_stop,18.47790121285422,54.53642367001329
Chylonia Centrum 02,bus_stop,18.460017219307048,54.54217283353497
Jęczmienna,bus_stop,18.442020065328173,54.54741500003385
Jęczmienna,bus_stop,18.44181614892113,54.54767674367581
Wiejska,bus_stop,18.470638100533286,54.53891089944849
Zbożowa,bus_stop,18.44692720353986,54.5453781622231
Cisowa SKM,bus_stop,18.444351100361,54.549923399850506
Cisowa SKM,bus_stop,18.445005299737307,54.549521097772
Owsiana,bus_stop,18.44219279981666,54.54604950010906
Uniwersytet Morski,bus_stop,18.511059343069377,54.52690359406884
Bpa Okoniewskiego,bus_stop,18.52250091332735,54.52268931910558
Chylonia Centrum 01,bus_stop,18.461374343567265,54.541469426470506
Węzeł Żołnierzy Wyklętych,bus_stop,18.48047127937776,54.53518552923388
Gdynia Dworzec Gł. PKP - Morska,bus_stop,18.52806536041126,54.52047241483792
Kalksztajnów,bus_stop,18.49707322778385,54.53070592634133
Morska - Estakada,bus_stop,18.48991041939014,54.53239176111174
Stocznia SKM - Morska,bus_stop,18.516814511492655,54.524765413034395
Wiejska,bus_stop,18.471944001036828,54.53814259895488
Zbożowa,bus_stop,18.448654642640435,54.54467836289424
Lidzka 01,bus_stop,18.517278158650313,54.47565953531089
Olgierda 02,bus_stop,18.523742080085565,54.4784313339039
Olgierda 01,bus_stop,18.523971147267584,54.47815984782458
Centrum Nauki Experyment 01,bus_stop,18.53829427558152,54.49755267779153
Centrum Nauki Experyment 02,bus_stop,18.538137467705663,54.496797816640644
Plac Górnośląski 02,bus_stop,18.538563173724082,54.483531254097144
Plac Górnośląski 01,bus_stop,18.538551385579066,54.48331573978381
Redłowo SKM - Park Technologiczny 02,bus_stop,18.540632652446913,54.4920530333111
Redłowo SKM - Park Technologiczny 01,bus_stop,18.540585102241852,54.492790675524915
Skwer Kościuszki - Infobox 01,bus_stop,18.542087699648537,54.51800254736086
Traugutta 01,bus_stop,18.539541697649785,54.512250121131146
Zwycięstwa - Wielkopolska 04,bus_stop,18.5444321736497,54.4849618761856
Zwycięstwa - Wielkopolska 01,bus_stop,18.545071559633893,54.486396709407785
Łowicka 01,bus_stop,18.531038013709434,54.48082914094702
Łowicka 02,bus_stop,18.531031521975354,54.48125250117229
Żwirki i Wigury 01,bus_stop,18.540917385213135,54.51541356467648
Węzeł Ofiar Grudnia '70 04,bus_stop,18.518494578019112,54.527857069614114
Stocznia Gdynia,bus_stop,18.517177640590116,54.53208670361499
Lidzka 02,bus_stop,18.516148470150732,54.47565151126504
Skwer Kościuszki - InfoBox 02,bus_stop,18.542136865519737,54.51885973164793
Stocznia Gdynia,bus_stop,18.516705200374687,54.531883199719495
Traugutta 02,bus_stop,18.53879375024429,54.511090501998225
Wybickiego 02,bus_stop,18.541284049281202,54.516870695332884
Wzgórze Św. Maksymiliana - Kapliczka 02,bus_stop,18.535841674828642,54.50554475566469
Wzgórze Św. Maksymiliana SKM 06,bus_stop,18.536516914224023,54.507582821485265
Węzeł Ofiar Grudnia '70 03,bus_stop,18.51827916091997,54.52785553851941
Żwirki i Wigury 02,bus_stop,18.540167358352544,54.51430409651943
Dąbrowa Miętowa,bus_stop,18.450163334364262,54.471338547325146
Piołunowa,bus_stop,18.4578587,54.474259449999984
Tymiankowa,bus_stop,18.452971649838684,54.47236744966187
Dąbrowa Centrum 02,bus_stop,18.464179835411166,54.47455201808456
Piołunowa,bus_stop,18.456901452845425,54.47441189985337
Tymiankowa,bus_stop,18.45271394665601,54.47241106879243
Chylońska - Kcyńska,bus_stop,18.453529040574132,54.547044297733656
Chylońska - Kcyńska,bus_stop,18.454839609780823,54.54656126476217
Leszczynki SKM,bus_stop,18.47770257332296,54.54040914146406
Leszczynki SKM,bus_stop,18.476553699999997,54.54111944999999
Piaskowa,bus_stop,18.44978831609442,54.54780892698562
Piaskowa,bus_stop,18.448547189550958,54.548275998821104
Pucka,bus_stop,18.467900309938834,54.543422491195884
Pucka,bus_stop,18.47035723696348,54.54262765198151
Zamenhofa,bus_stop,18.478366170073123,54.53763686868704
Zamenhofa,bus_stop,18.478602699809084,54.53775310245262
Gdynia Dworzec Gł. PKP - Wolności,bus_stop,18.528134155102666,54.51932927221463
Gdynia Dworzec Gł. PKP - Wolności,bus_stop,18.52774054687934,54.51991286822479
Warszawska,bus_stop,18.530068902007397,54.51724138196245
Witomińska,bus_stop,18.532218850553278,54.512589545729966
Witomińska,bus_stop,18.531984299796363,54.51260355134629
Węzeł Franciszki Cegielskiej 04,bus_stop,18.53433610580589,54.50857679779488
Bernadowska 02,bus_stop,18.553801989497337,54.46330368467985
Bernadowska 01,bus_stop,18.55416485000198,54.46309660002133
Kolibki 02,bus_stop,18.553784574889757,54.47321936478538
Kolibki 01,bus_stop,18.554194988401353,54.47333092104568
Nawigatorów 01,bus_stop,18.54907006476364,54.4830805122605
Nawigatorów 02,bus_stop,18.54988048347157,54.48233651651572
"Orłowo SKM - ""Klif"" 02",bus_stop,18.55302733975636,54.475940063022726
"Orłowo SKM - ""Klif"" 01",bus_stop,18.553369552568356,54.47662216103623
Orłowo SKM - Orłowska 02,bus_stop,18.552609764488732,54.47877780380042
Orłowo SKM - Orłowska 01,bus_stop,18.552602734863246,54.479619345941295
"Orłowo SKM - ""Klif"" 06",bus_stop,18.55284434312934,54.47595979352292
Owsiana,bus_stop,18.44018976274865,54.54672520145616
Chylonia Centrum,bus_stop,18.46010189836312,54.540726931530955
Chylonia Centrum,bus_stop,18.460035288985548,54.54111523503381
Raduńska,bus_stop,18.458227202967663,54.53800512465016
Raduńska,bus_stop,18.458431881021962,54.537875468302715
Jaskółcza 01,,18.453354613227045,54.53394842728266
Jaskółcza 02,,18.45386126582488,54.53411801004835
Bławatna,,18.4482670868439,54.53343614594196
Bławatna,,18.44745388703088,54.53345875078609
Wiklinowa,bus_stop,18.444297458617182,54.53469846793397
Wiklinowa,bus_stop,18.44505726225477,54.53421331947403
Żurawia,bus_stop,18.4391785495819,54.53762935197814
Żurawia,bus_stop,18.439242887958915,54.53790138575034
Maciejewicza 01,bus_stop,18.508724418137707,54.5626030261746
Maciejewicza 02,bus_stop,18.50877199230436,54.5628488094042
Obłuże Centrum 05,bus_stop,18.505989248319484,54.55083815334999
Staniewicza 01,bus_stop,18.499810785612155,54.563032431571976
Sikorskiego 01,bus_stop,18.493836900753248,54.5628782010619
Stare Obłuże 01,bus_stop,18.51028367479665,54.559949948791015
Stare Obłuże 02,bus_stop,18.510027472786618,54.56064517340063
Steyera 01,bus_stop,18.486801093876295,54.56278532209109
Obłuże Centrum 01,bus_stop,18.508409066449556,54.55062593407543
Staniewicza 02,bus_stop,18.498599553494046,54.563211500147524
Sikorskiego 02,bus_stop,18.4940141498892,54.56308164999263
Chylonia Dworzec PKP 03,bus_stop,18.462206337339182,54.54383134438496
Babie Doły 03,bus_stop,18.539575425183962,54.578238424153234
Babie Doły 01,bus_stop,18.538884612906966,54.57785168050826
Zielona - Kościół 01 (NŻ),,18.537210265157302,54.57501757959867
Wąwóz Ostrowicki 01 (NŻ),bus_stop,18.534561199965008,54.56446774957475
Zielona - Działki I 01 (NŻ),bus_stop,18.53313097215604,54.56057166252612
Zielona - Działki II 01 (NŻ),bus_stop,18.531166966337047,54.55621849302208
Bosmańska - Zielona 02,bus_stop,18.529554983739654,54.548820048224314
Dąbka - Zielona 01,bus_stop,18.529924759406807,54.5528181631739
Bosmańska - Nasypowa 02,bus_stop,18.520858474990217,54.54864304663137
Cechowa 02,bus_stop,18.51220925693038,54.5500425453989
Gdynia Arena (NŻ),bus_stop,18.532376978541098,54.498809722667936
Hutnicza - Estakada,bus_stop,18.493375590353676,54.53801306572675
Redłowo SKM,bus_stop,18.537230606798712,54.49126287816076
Redłowo SKM,bus_stop,18.53710305471054,54.49113037560008
Urząd Miasta - Władysława IV 02,bus_stop,18.536904987083016,54.51053234144944
"Centrum Handlowe ""Riviera""",bus_stop,18.53286541353898,54.50304460289519
Łużycka,bus_stop,18.53472794650281,54.49488249974055
"Centrum Handlowe ""Riviera""",bus_stop,18.533254105009455,54.50386582625466
Gdynia Arena (NŻ),bus_stop,18.53252282897292,54.49777429708687
Hutnicza - Estakada 02,bus_stop,18.49472224122109,54.53850216190185
I Urząd Skarbowy 01,bus_stop,18.538839590492998,54.52282501767327
Kilińskiego 01,bus_stop,18.53842279992591,54.514420198527375
Bosmańska - Nasypowa 01,bus_stop,18.52004147809053,54.5484893728622
Bosmańska - Zielona 04,bus_stop,18.530695792423902,54.54938430062803
Cechowa 01,bus_stop,18.514305698075937,54.54914685735716
Dąbka - Zielona 04,bus_stop,18.5303905,54.55379489999999
Wąwóz Ostrowicki 02 (NŻ),bus_stop,18.534882939550304,54.56511258772648
Zielona - Działki I 02 (NŻ),bus_stop,18.53337224404925,54.56074452016013
Zielona - Działki II 02 (NŻ),bus_stop,18.531265881619102,54.556029297843224
Zielona - Kościół 02 (NŻ),bus_stop,18.537846885534876,54.57599821286479
Celna (NŻ),bus_stop,18.523457869896905,54.5268691241841
Celna (NŻ),bus_stop,18.52494897533119,54.52651449559776
Chrzanowskiego (NŻ),bus_stop,18.538817596736944,54.53055205807267
Hallera,bus_stop,18.541841516646542,54.49967247409793
Kilińskiego 02,bus_stop,18.537637593161794,54.51335402679752
Szkoła Morska 02 (NŻ),bus_stop,18.53674999977179,54.529783899758975
Szkoła Morska 01 (NŻ),bus_stop,18.53766072302567,54.529364784539105
Centrum Nauki Experyment 03,bus_stop,18.538919453193092,54.497017964468334
Rotterdamska,bus_stop,18.531274721341333,54.527069417561876
Rotterdamska,bus_stop,18.52939269975345,54.52707199974999
Wzgórze Św. Maksymiliana Syrokomli 01,bus_stop,18.54224824703283,54.503275833335074
Węzeł Ofiar Grudnia '70 05,bus_stop,18.52004815039901,54.52678737532902
Węzeł Ofiar Grudnia '70 06,bus_stop,18.519584819858323,54.52700969769809
Karwiny Tuwima,bus_stop,18.48476964912449,54.47388859856395
Brzechwy,bus_stop,18.489714243721274,54.47275977720512
Stadion Miejski,bus_stop,18.530523979461528,54.492260378210766
Stadion Miejski,bus_stop,18.53076699842421,54.49204820059446
Redłowo SKM 04,bus_stop,18.536658300015045,54.49175085000621
Redłowo SKM 03,bus_stop,18.538922649720522,54.49197399986811
Uczniowska 01,bus_stop,18.500827313715224,54.49843260191609
Uczniowska,bus_stop,18.502913872734236,54.49869937670715
Witomino Centrum 02,bus_stop,18.50924269279744,54.49778739110931
Witomino Centrum,,18.51029160808534,54.4977550423637
Witomino Sosnowa,bus_stop,18.498348423099852,54.49838877596923
Okrężna I,bus_stop,18.47050161898704,54.50010694928401
Okrężna I,bus_stop,18.470664910956025,54.49984629689997
Okrężna II,bus_stop,18.466704356591883,54.500184028920145
Okrężna II,bus_stop,18.465847399540902,54.50051055009193
Amona (NŻ),,18.44691729949725,54.49976459973858
Amona (NŻ),bus_stop,18.445259363485324,54.499657933138025
Chwarzno Apollina 06,bus_stop,18.456751776913734,54.50014167451069
Chwarzno Apollina,bus_stop,18.45767950027729,54.50031329834959
Sokoła,bus_stop,18.439911695340047,54.498731046220456
Sokoła,,18.441042850327666,54.498790050169056
Tezeusza,bus_stop,18.44964344833034,54.5004254491324
Brzechwy,bus_stop,18.489601681041876,54.47373257920738
Witomino Sosnowa,bus_stop,18.49407115010704,54.49838984998708
Gradowa (NŻ),bus_stop,18.433532990573372,54.4855866867286
Gradowa (NŻ),bus_stop,18.432712832794973,54.48603348181039
Kamrowskiego,bus_stop,18.430871114495663,54.49709988110083
Kamrowskiego,bus_stop,18.430668200414406,54.49695839985983
Wiczlino - Działki I,bus_stop,18.437770849667363,54.48190375019511
Wiczlino - Działki II,bus_stop,18.4425834,54.481085449999995
Wiczlino - Działki II,bus_stop,18.441353419236574,54.48124257089504
Wiczlińska - Las (NŻ),bus_stop,18.451157257021485,54.47813095307417
Wiczlińska - Las (NŻ),bus_stop,18.451236881124025,54.478199428110244
Wiczlińska - Śliska,bus_stop,18.43729760003064,54.48329210020047
Zaruskiego,bus_stop,18.430148200137427,54.49426955195032
Zaruskiego,bus_stop,18.43005268066124,54.49465251620031
Węzeł Ofiar Grudnia '70 01,bus_stop,18.51673135364918,54.52791890919958
Węzeł Ofiar Grudnia '70 02,bus_stop,18.516856663634773,54.52834482569988
Energetyków 01,bus_stop,18.49870230022086,54.53969524968376
Energetyków 02,bus_stop,18.499185700812806,54.53979655151827
Meksykańska 01,bus_stop,18.46352709997237,54.548395200019876
"Hala ""Makro"" 01",bus_stop,18.484841242065162,54.54208939555726
"Hala ""Makro"" 02",bus_stop,18.484566211495085,54.54242766304582
Hutnicza - Estakada 04,bus_stop,18.49249568851053,54.53906799483748
II Urząd Skarbowy 02,bus_stop,18.471995180617036,54.54776758205663
II Urząd Skarbowy 01,bus_stop,18.47145364798852,54.547764875699976
Pucka - Hutnicza 04,bus_stop,18.46614362758417,54.5485415729251
Pucka - Hutnicza 03,bus_stop,18.4662791980567,54.5483586198548
Dąbrowskiego - Kościół,bus_stop,18.401233785042685,54.56669990905016
Dąbrowskiego - Kościół,bus_stop,18.401359608120856,54.56689259969754
Hutnicza - Działki (NŻ),bus_stop,18.428542289065597,54.55676862972714
Hutnicza - Działki (NŻ),bus_stop,18.430402610879046,54.55578620330212
Hutnicza - Piaskowa (NŻ),bus_stop,18.448716437743226,54.55188334917058
Hutnicza - Piaskowa (NŻ),bus_stop,18.44771408740512,54.55229959998827
Podgórska 01,bus_stop,18.499734151253005,54.55331150621347
Podgórska 01,bus_stop,18.498313630523555,54.55375118412934
Terminal Kontenerowy 01,bus_stop,18.5008651998179,54.54720220064125
Żelazna 02,bus_stop,18.48157226598325,54.55632191985471
Żelazna 01,bus_stop,18.483880697876604,54.555663701023114
Żeliwna 01,bus_stop,18.492100001283198,54.554727918532535
Żeliwna 02,bus_stop,18.490946968725382,54.555012154559755
Gołębia,bus_stop,18.49944360011478,54.544301600341235
Gołębia,bus_stop,18.498377141288657,54.543649314008896
Powstań Chłopskich,bus_stop,18.547839151963483,54.48969945106354
Powstań Chłopskich,bus_stop,18.548801149493148,54.48972454974717
Redłowo Szpital 01,bus_stop,18.555195853007184,54.48963587460872
Redłowo Szpital 02,bus_stop,18.554886500758187,54.48972764982021
Ruchu Oporu,bus_stop,18.542092110137176,54.49231697082946
Kuśnierska 02,bus_stop,18.50345883312745,54.552717563975015
Morska - Estakada,bus_stop,18.4896317009262,54.53329492374602
Ruchu Oporu,bus_stop,18.54163106495593,54.493628945985215
Terminal Kontenerowy 03,bus_stop,18.501459739595266,54.54793174448376
Elektrociepłownia - Kontenerowa 02,bus_stop,18.48678185088242,54.55110571049906
Terminal Promowy,bus_stop,18.502472032406367,54.54673752968904
Alzacka 01,bus_stop,18.540061223644557,54.54947467499589
Alzacka 02,bus_stop,18.53909915,54.54960804999999
Arciszewskich 02,bus_stop,18.55073300582665,54.54538966882483
Arciszewskich 01,bus_stop,18.55019590166003,54.54595479820619
Benisławskiego 01,bus_stop,18.52581670026792,54.55415808410701
Bosmańska - Zielona 01,bus_stop,18.53159136378085,54.54880230063892
Dąbka - Zespół Szkół 01,bus_stop,18.519985949300704,54.5562540507661
Dąbka - Zespół Szkół 01,bus_stop,18.52062009561731,54.555868974047975
Akademia Marynarki Wojennej 02,bus_stop,18.543404316049322,54.54268087432706
Akademia Marynarki Wojennej 01,bus_stop,18.54191133119018,54.542719192336286
Janka Wiśniewskiego 02,bus_stop,18.50901965285961,54.532668414835314
Janka Wiśniewskiego 01,bus_stop,18.51040998188181,54.53125612658434
Muchowskiego 01,bus_stop,18.551469699680364,54.54812135016996
Muchowskiego 02,bus_stop,18.551662206154933,54.548171355341786
Oksywie Dolne 01,bus_stop,18.54686827588104,54.542967779041504
Oksywie Górne 01,bus_stop,18.547488749520447,54.548892850669354
Oksywie Górne 02,bus_stop,18.547650030393978,54.54901617822805
Stocznia Wojenna 02,bus_stop,18.535713649284265,54.54245515022888
Turkusowa 02,bus_stop,18.514922018465203,54.5579505234433
Turkusowa 01,bus_stop,18.516154086364338,54.55740748027053
Cylkowskiego 02,bus_stop,18.552342940557708,54.494373617134066
Cylkowskiego 01,bus_stop,18.551864287379864,54.49373661330829
Kopernika - Kościół 02,bus_stop,18.550578651561466,54.49626460132195
Kopernika - Kościół 01,bus_stop,18.55123815000186,54.495553300392835
Korczaka (NŻ),bus_stop,18.544570090356256,54.49635620347676
Płyta Redłowska 04,bus_stop,18.55241016815966,54.49176420383614
Płyta Redłowska 02,bus_stop,18.55304993446417,54.491686240617234
Wzgórze Św. Maksymiliana Syrokomli 02,bus_stop,18.542276488994826,54.50266122983435
Szczeblewskiego 02,bus_stop,18.549070249597197,54.49878690241733
Urząd Morski,bus_stop,18.542879200240733,54.52819159665335
Chrzanowskiego - Przychodnia,bus_stop,18.542206546291585,54.529921530534324
Chrzanowskiego - Przychodnia,bus_stop,18.54246315592294,54.52991523743073
Cmentarz Witomiński,bus_stop,18.520737307473023,54.50997829697927
Długa (NŻ),bus_stop,18.512028699675472,54.49619575033866
Portowa 01,bus_stop,18.543161772499097,54.524332908666196
Poznańska,bus_stop,18.53104772395915,54.51101366375234
Poznańska,bus_stop,18.53051877135345,54.51101781879889
Rolnicza,bus_stop,18.51220304437978,54.500143459754156
Rolnicza,bus_stop,18.51364650556899,54.50072284932598
Cmentarz Witomiński,bus_stop,18.521296599220882,54.51023670455861
Witomino Polna,bus_stop,18.514858849999996,54.49504059999999
Stawna,bus_stop,18.50847070005023,54.49551100036441
Stawna,bus_stop,18.508733949151587,54.49493380030651
Stawna,bus_stop,18.507930518800826,54.49473735378558
Węzeł Franciszki Cegielskiej 02,bus_stop,18.53184709927387,54.5082663971747
Fregatowa (NŻ),bus_stop,18.413526192673757,54.501434935925026
Fregatowa (NŻ),bus_stop,18.413440898220493,54.501724193773136
Kmicica (NŻ),bus_stop,18.416341660428763,54.498234216247745
Kmicica (NŻ),bus_stop,18.415946258070086,54.49899585569496
Potok Wiczliński (NŻ),bus_stop,18.419719848210875,54.49454373018095
Potok Wiczliński (NŻ),bus_stop,18.419965100450497,54.494059298617266
Węzeł Franciszki Cegielskiej 01,bus_stop,18.53322885218654,54.50798104979078
Mickiewicza 01 (nż),bus_stop,18.546864540115635,54.51269039972763
Mickiewicza 02 (nż),bus_stop,18.54696874924435,54.51250055181093
Orłowo - Molo,bus_stop,18.5638600443227,54.480749224309726
Przystań Żeglugi,bus_stop,18.555993025981216,54.518911256766344
Krofeya (NŻ),bus_stop,18.49694205,54.52817954999999
Mireckiego 08,bus_stop,18.502188295220378,54.52823120702913
Beniowskiego - Akademiki 01,bus_stop,18.513112265719638,54.52357136644748
Ejsmonda 01,bus_stop,18.551735369267256,54.50469658549525
Ejsmonda 02,bus_stop,18.552732669615935,54.50492197800806
Grabowo 01,bus_stop,18.508244192248178,54.52392858703544
Kołłątaja 02,bus_stop,18.520006286574016,54.52270382975254
Ogród Botaniczny Marszewo 02,bus_stop,18.415277249999995,54.52009194999999
Ogród Botaniczny Marszewo 01,bus_stop,18.41528063382175,54.5199916998021
Urząd Pracy,bus_stop,18.523676413327397,54.52129311990152
Urząd Pracy,bus_stop,18.523929264909896,54.52130112129644
Zakopiańska,bus_stop,18.52960334849478,54.51653880443536
Plac Neptuna 01,bus_stop,18.518001655324746,54.522717152327054
Dąbka - Zielona 02,bus_stop,18.528761200491754,54.55365139986068
Grabówek SKM,bus_stop,18.493936800000004,54.53424560000001
Obłuże Maciejewicza 01,bus_stop,18.507014517559707,54.56277114529743
Morska - Estakada,bus_stop,18.487957901191184,54.5325789231201
Węzeł Franciszki Cegielskiej 10,bus_stop,18.53429983024016,54.50888428218637
Demptowo - Jednostka Wojskowa,bus_stop,18.44351463538801,54.51859690271985
Kuśnierska 01,bus_stop,18.50329636327854,54.55236354671674
Kadmowa 02,bus_stop,18.47244060833631,54.559086961357494
Kadmowa 01,bus_stop,18.471998628011434,54.559090311698945
Pogórze Dolne Złota 02,bus_stop,18.46677389350414,54.56085559447639
Pogórze Dolne Złota 01,bus_stop,18.4665890919001,54.56069505975167
Czwartaków,bus_stop,18.541986804580976,54.54978792503845
Rondo Jana Pawła II,bus_stop,18.400117951462573,54.578154598932116
Uniwersytet Morski,bus_stop,18.50857299002822,54.526146231840364
Uniwersytet Morski,bus_stop,18.508287704751556,54.52672311643495
Bażyńskiego,bus_stop,18.488798588782267,54.529709726485436
Dembińskiego,bus_stop,18.49404813700172,54.52786034061494
Węzeł Żołnierzy Wyklętych,bus_stop,18.479474950860677,54.53529129869981
Komandorska - Hotel,bus_stop,18.496519756308714,54.52947154879674
Kordeckiego,bus_stop,18.48743929005931,54.530604937457404
Kordeckiego,bus_stop,18.486182067202993,54.53095079295648
Leszczynki II,bus_stop,18.481308111138027,54.527818157617034
Leszczynki II,bus_stop,18.481602206299602,54.5282134614331
Mireckiego 06,bus_stop,18.502174504842046,54.528597015463525
Rozewska,bus_stop,18.470204057980737,54.53758758737617
Stoigniewa,bus_stop,18.484474558581727,54.52828540304601
Stoigniewa,bus_stop,18.48594536102571,54.52745278102262
Sambora - Kalksztajnów,bus_stop,18.488021548734306,54.5279063508774
Sambora - Kalksztajnów,bus_stop,18.488678584184903,54.52783997984362
Technikum Chłodnicze (NŻ),bus_stop,18.48998626647187,54.52718277962326
Ściegiennego,bus_stop,18.482633490447107,54.53104025049678
Ściegiennego,bus_stop,18.482484620640488,54.5311496831677
Swarzewska I,bus_stop,18.463892295020187,54.5379589148795
Swarzewska I,bus_stop,18.463545499925292,54.53794676309488
Swarzewska II,bus_stop,18.46101699854469,54.53601490434946
Swarzewska II,bus_stop,18.460820748588592,54.53607410988302
Kalksztajnów - Bloki,bus_stop,18.492288014793377,54.52865426757334
Sambora,bus_stop,18.495805986748767,54.527578773062594
Galeria Szperk 02,bus_stop,18.504876954946955,54.563724978744254
Mały Kack Sandomierska 01,bus_stop,18.528274686806586,54.48671465669258
Halicka 02,bus_stop,18.532973549710142,54.49066281966288
Halicka 01,bus_stop,18.533557898942394,54.49116534611252
Obłuże Centrum 03,bus_stop,18.50754166042123,54.55071446441824
Oksywie Dickmana,bus_stop,18.54665024771635,54.55755678509856
Pancerna,bus_stop,18.547361850004183,54.55343695141196
Pancerna,bus_stop,18.547311528358378,54.552647878788264
Oksywie Dickmana,bus_stop,18.54644985195734,54.55750207857263
Białowieska,bus_stop,18.515010730266894,54.55197997686607
Białowieska,bus_stop,18.515282047041154,54.551924882673326
Stolarska,bus_stop,18.519496059350182,54.550652116603054
Stolarska,bus_stop,18.519039546969427,54.551046589508005
Wielki Kack Starodworcowa 02,bus_stop,18.49650727276123,54.46466666707638
Węzeł Franciszki Cegielskiej 06,bus_stop,18.534035351654175,54.50851658002713
Śląska 01,bus_stop,18.53274674513178,54.51517363019505
Węzeł Franciszki Cegielskiej 08,bus_stop,18.53395388622511,54.508610243824805
Benisławskiego,bus_stop,18.524256811551187,54.55401798527675
Benisławskiego,bus_stop,18.524281587600928,54.55435032120997
Wiczlino - Działki I,bus_stop,18.437352107460722,54.48177976227927
Dąbrowa Miętowa,bus_stop,18.449791155930168,54.47164957371213
Tatrzańska - Olsztyńska 02,bus_stop,18.524722244463835,54.51302922853091
Nasypowa 02,bus_stop,18.522105048935387,54.545692451239965
Oksywie Godebskiego,bus_stop,18.5394095263237,54.55079757468717
Śląska 02,bus_stop,18.532748245265285,54.51406622206719
Liceum Jezuitów 02,bus_stop,18.524590671264306,54.51569174997366
Warszawska,bus_stop,18.53057698831987,54.516868632443824
Wielki Kack Fikakowo 01,bus_stop,18.483426978729884,54.46545569367487
Wielki Kack Fikakowo 02,bus_stop,18.483527695804604,54.46572853021876
Park Rady Europy 01 (NŻ),bus_stop,18.547250753367994,54.51874048268975
Sea Towers 02,bus_stop,18.548107350491616,54.51943929992443
Wiczlińska - Śliska,bus_stop,18.43586607597185,54.48470473024165
Cisowa Granica Miasta 02,,18.416591950115173,54.55356099724003
Pogórze - Dobke 01,bus_stop,18.48808304942155,54.57147339776348
Pogórze - Dobke 02,bus_stop,18.488629999999997,54.57194535
Czernickiego II 01,bus_stop,18.475639549976034,54.56268325052692
Czernickiego II 02,bus_stop,18.475780845972757,54.56282217398658
Kosakowo - Urząd Gminy 01,bus_stop,18.493132429737283,54.5877413809246
Kosakowo - Urząd Gminy 02,bus_stop,18.4933817,54.587799600000004
Pogórze - Herberta 02,bus_stop,18.490667000332273,54.5755441019182
Pogórze - Herberta 01,bus_stop,18.490810253650277,54.576390421676685
Kwiatkowskiej,bus_stop,18.433968951576258,54.49303184951483
Kwiatkowskiej,bus_stop,18.433829430330434,54.49296302696919
Staniszewskiego,bus_stop,18.436300842982696,54.49313732643769
Staniszewskiego,bus_stop,18.436461145964593,54.49342447604096
Bryla,bus_stop,18.437086558660965,54.495528136323166
Bryla,bus_stop,18.43726930100693,54.4954400531638
Pierwoszyno - Staw 01,bus_stop,18.500414745642235,54.593892373617194
Pierwoszyno - Staw 02,bus_stop,18.50063810002803,54.59360949883867
Nałkowskiej 04,bus_stop,18.499290402341014,54.4688525727163
Spokojna - Cmentarz 01,bus_stop,18.522032151422035,54.47106171021073
Dębogórze-Wybudowanie - Boisko,bus_stop,18.42909074467734,54.57493116041143
Dębogórze-Wybudowanie - Boisko,bus_stop,18.428998193055932,54.574932372936324
Górnicza - Damroki 02,bus_stop,18.481093596917017,54.468155519490885
Gryfa Pomorskiego 04,bus_stop,18.48764641633511,54.46836967769737
Kwidzyńska II 01,bus_stop,18.527987300911192,54.51088869995892
Pucka - Hutnicza 02,bus_stop,18.467824478708927,54.549268641683064
Elektrociepłownia - Pucka 02,bus_stop,18.471561741041956,54.55553961872815
Złota 01,bus_stop,18.474863252190833,54.55836275440032
Elektrociepłownia - Kontenerowa 91,bus_stop,18.48703715088242,54.551017610499066
Kręta 01,bus_stop,18.49831880654209,54.46740590783345
Kacze Buki 01,bus_stop,18.455128094898132,54.45548340169054
Krzemowa 02 (NŻ),bus_stop,18.45704689930353,54.45724879552788
Krzemowa 01 (NŻ),bus_stop,18.455945048686715,54.45795394548982
Kacze Buki 02,bus_stop,18.45694748370957,54.45622393765103
Kacze Buki 04,bus_stop,18.4539658650117,54.45563515905353
Kacze Buki 03,bus_stop,18.454152583600475,54.45541896441234
Kacze Buki Puszczyka 01,bus_stop,18.451240042279103,54.45073236534552
Oksywie Dolne 04,bus_stop,18.54749915,54.54278145
Sosnowiecka 01 (NŻ),bus_stop,18.53513845,54.484905700000006
Sosnowiecka 02 (NŻ),bus_stop,18.5349388,54.4849342
Obłuże Maciejewicza 03,bus_stop,18.507731499289214,54.562892650369726
Kwiatkowskiego 02,bus_stop,18.50780385685366,54.55368955110657
Górnicza 01,bus_stop,18.485543218766246,54.47107002142404
Myśliwska 01,bus_stop,18.49056421857217,54.47092622945226
Mały Kack Strzelców 02,bus_stop,18.502902061388234,54.47772991144634
Mały Kack Strzelców 01,bus_stop,18.503158482984972,54.477750546393814
Władysława Jagiełły 01,bus_stop,18.50863330194455,54.47213700984046
Nałkowskiej 01,bus_stop,18.50100062607348,54.46938344731183
Gdynia Dworzec Gł. PKP - Hala 3,bus_stop,18.532257986439063,54.52196998176066
Gdynia Dworzec Gł. PKP - Hala 01,bus_stop,18.5329944494792,54.52199956458776
Skarbka II 01,bus_stop,18.45990812532757,54.52683362087589
Skarbka II 02,bus_stop,18.459720438954985,54.526836677572085
Demptowo 02,bus_stop,18.462038697310184,54.52543489117275
Skarbka I 01,bus_stop,18.456547848951,54.52961325092096
Skarbka I 02,bus_stop,18.456874043983785,54.52900871744946
Chabrowa 01,bus_stop,18.455110315534842,54.53250484819916
Chylonia Dworzec PKP - os. Meksyk 03,bus_stop,18.463018707736214,54.54667333427684
Chylonia Dworzec PKP - os. Meksyk 01,bus_stop,18.463571439989,54.546300699383785
Racławicka 01,bus_stop,18.514752593523067,54.47344705923746
Stocznia Wojenna 01,bus_stop,18.534557593973577,54.54275191444389
Gryfa Pomorskiego 02,bus_stop,18.487512072307013,54.467827680085286
Lipowa 02,bus_stop,18.490590231747873,54.47007342667275
Nałkowskiej 02,bus_stop,18.499151826441853,54.469856388533536
Źródło Marii 02,bus_stop,18.49484076505609,54.47065415018215
Karwiny PKM 01,bus_stop,18.507712612701855,54.46881484526025
Karwiny PKM 02,bus_stop,18.507725999918616,54.46920080043219
Gryfa Pomorskiego 01,bus_stop,18.487301505204456,54.467614971009674
Lipowa 01,bus_stop,18.49086602571019,54.47017564626791
Źródło Marii 01,bus_stop,18.497303118543453,54.46981720526154
Dąbrowa Centrum 01,bus_stop,18.46603562333935,54.47392739679523
Kameliowa 01,bus_stop,18.468063672416196,54.47083081624227
Anyżowa 01,bus_stop,18.469786574582155,54.47482490274731
Brodwino - Szkoła,bus_stop,18.53143088357935,54.456109287151556
Brodwino - Szkoła,bus_stop,18.531421763713254,54.45596464653412
Cmentarz,bus_stop,18.54943469020188,54.45087624984602
Cmentarz,bus_stop,18.5482876,54.45098850000001
Schronisko Sopotkowo,bus_stop,18.541069844859926,54.45281132034849
Schronisko Sopotkowo,bus_stop,18.541584408199967,54.45227462452349
Anyżowa 02,bus_stop,18.46858854251152,54.47466540469698
Dąbrowa Centrum 04,bus_stop,18.46506903671603,54.47330686537349
Kameliowa 02,bus_stop,18.46815546632561,54.47016785895586
Chodowieckiego,bus_stop,18.55311508516839,54.450366755050574
Myśliwska 02,bus_stop,18.48856953411852,54.47127023457704
Podleśna 01,bus_stop,18.5092743006632,54.46794204737137
Centrum Handlowe Batory,bus_stop,18.539821550012384,54.51941635012383
10 Lutego - Skwer Kościuszki 02,bus_stop,18.541764660433394,54.5194706491839
Gdynia Dworzec Gł. PKP 09,bus_stop,18.531258460485343,54.52179187467059
Biskupa Okoniewskiego,bus_stop,18.521752325862522,54.523256345077826
Gdynia Dworzec Gł. PKP - Morska,bus_stop,18.52967754573641,54.51997038336684
Plac Kaszubski - Świętojańska 02,bus_stop,18.543028871717087,54.52094383064967
Uniwersytet Morski,bus_stop,18.508978098882327,54.52790981402575
Stocznia SKM - Morska,bus_stop,18.51714368168222,54.524952035724354
Węzeł Żołnierzy Wyklętych,bus_stop,18.48222681755518,54.53489347004703
Kalksztajnów,bus_stop,18.49505500052057,54.53157244358185
Morska - Estakada,bus_stop,18.490877990314313,54.53266116048883
Zamenhofa,bus_stop,18.477901226433055,54.53642366475527
Chylonia Centrum 02,bus_stop,18.460018001874857,54.54217264567329
Morska - Kcyńska,bus_stop,18.451072076870496,54.54442149423792
Jęczmienna,bus_stop,18.442020042285815,54.54741495837346
Jęczmienna,bus_stop,18.441816144869854,54.54767673975442
Wiejska,bus_stop,18.470638105191156,54.538910898133786
Zbożowa,bus_stop,18.446925754394616,54.54537897247082
Cisowa SKM,bus_stop,18.44435110854066,54.54992339884817
Cisowa SKM,bus_stop,18.445005295000076,54.54952108620873
Owsiana,bus_stop,18.442192795975885,54.54604950081946
Uniwersytet Morski,bus_stop,18.511059322239827,54.526903600334165
Bpa Okoniewskiego,bus_stop,18.52250097154813,54.522689297202234
Chylonia Centrum 01,bus_stop,18.461374334458636,54.54146942548179
Węzeł Żołnierzy Wyklętych,bus_stop,18.4804712467803,54.53518553753888
Gdynia Dworzec Gł. PKP - Morska,bus_stop,18.528065371438554,54.52047239189626
Morska - Kcyńska,bus_stop,18.4511749007904,54.544074733436844
Kalksztajnów,bus_stop,18.49707325986263,54.5307059215311
Morska - Estakada,bus_stop,18.489910062055248,54.53239179233518
Stocznia SKM - Morska,bus_stop,18.516814544483488,54.524765400059835
Wiejska,bus_stop,18.471944016803437,54.53814259412297
Zbożowa,bus_stop,18.44865473921033,54.544678340011544
Lidzka 01,bus_stop,18.517277916289522,54.47565919707502
Olgierda 02,bus_stop,18.523741989140685,54.47843130280743
Olgierda 01,bus_stop,18.523971358954984,54.47815994344914
Centrum Nauki Experyment 01,bus_stop,18.53829427109109,54.49755267641917
Centrum Nauki Experyment 02,bus_stop,18.53813746849468,54.496797819678854
Plac Górnośląski 02,bus_stop,18.538561789329986,54.483530816914424
Plac Górnośląski 01,bus_stop,18.53855301593139,54.48331621884359
Redłowo SKM - Park Technologiczny 02,bus_stop,18.540632637394307,54.49205304953862
Redłowo SKM - Park Technologiczny 01,bus_stop,18.5405851036634,54.49279067331729
Skwer Kościuszki - Infobox 01,bus_stop,18.542087697720472,54.51800254130084
Traugutta 01,bus_stop,18.539541702286378,54.5122501130789
Zwycięstwa - Wielkopolska 04,bus_stop,18.544430679079156,54.48496172008852
Zwycięstwa - Wielkopolska 01,bus_stop,18.545071380523456,54.486396955299504
Łowicka 01,bus_stop,18.531038193204495,54.48082923362489
Łowicka 02,bus_stop,18.531031767007168,54.481252820455346
Żwirki i Wigury 01,bus_stop,18.540917382321002,54.51541356486995
Węzeł Ofiar Grudnia '70 04,bus_stop,18.518494530215335,54.52785718754907
Stocznia Gdynia,bus_stop,18.51717787374992,54.53208573421625
Lidzka 02,bus_stop,18.516155503491458,54.475657215778554
Skwer Kościuszki - InfoBox 02,bus_stop,18.542136863956088,54.518859723671405
Stocznia Gdynia,bus_stop,18.516705203078956,54.53188319918371
Traugutta 02,bus_stop,18.53879375105,54.511090507126966
Wybickiego 02,bus_stop,18.541284035236124,54.51687066708884
Wzgórze Św. Maksymiliana - Kapliczka 02,bus_stop,18.535841671421647,54.50554474709814
Wzgórze Św. Maksymiliana SKM 06,bus_stop,18.53651690620067,54.50758281907312
Węzeł Ofiar Grudnia '70 03,bus_stop,18.51827863823649,54.52785718490749
Żwirki i Wigury 02,bus_stop,18.54016736190274,54.514304098871186
Dąbrowa Miętowa,bus_stop,18.45016283024268,54.4713384768882
Piołunowa,bus_stop,18.457858700000006,54.47425945000001
Tymiankowa,bus_stop,18.452971647165658,54.47236744796585
Dąbrowa Centrum 02,bus_stop,18.46418049667802,54.474551732343485
Piołunowa,bus_stop,18.456901468554594,54.47441189967916
Tymiankowa,bus_stop,18.452713933314474,54.47241106012802
Chylońska - Kcyńska,bus_stop,18.45352905515076,54.547044292758805
Chylońska - Kcyńska,bus_stop,18.454839746396097,54.5465612375907
Leszczynki SKM,bus_stop,18.477694681003747,54.54041354665582
Leszczynki SKM,bus_stop,18.476553699999997,54.54111945
Piaskowa,bus_stop,18.44979897194585,54.54780604041522
Piaskowa,bus_stop,18.448547199910017,54.548275995025406
Pucka,bus_stop,18.46790116678291,54.543422292345795
Pucka,bus_stop,18.470357223278228,54.54262765217245
Zamenhofa,bus_stop,18.478366168809245,54.5376368795214
Zamenhofa,bus_stop,18.47860269816613,54.53775310775299
Gdynia Dworzec Gł. PKP - Wolności,bus_stop,18.528134372783157,54.51932907568454
Gdynia Dworzec Gł. PKP - Wolności,bus_stop,18.527742246689183,54.51991161855811
Warszawska,bus_stop,18.530068889330643,54.51724139764549
Witomińska,bus_stop,18.53221885640433,54.51258953334338
Witomińska,bus_stop,18.531984296727686,54.512603556622544
Węzeł Franciszki Cegielskiej 04,bus_stop,18.534336542889605,54.50857437604559
Bernadowska 02,bus_stop,18.553802269576156,54.46330559369699
Bernadowska 01,bus_stop,18.554164850051315,54.463096600092236
Kolibki 02,bus_stop,18.553783098048747,54.473221758032054
Kolibki 01,bus_stop,18.55419539664957,54.47333033822113
Nawigatorów 01,bus_stop,18.54907143752125,54.483079858519275
Nawigatorów 02,bus_stop,18.549884782988048,54.48233376858697
"Orłowo SKM - ""Klif"" 02",bus_stop,18.553026786090665,54.47593827984263
"Orłowo SKM - ""Klif"" 01",bus_stop,18.55336957760705,54.47662202092806
Orłowo SKM - Orłowska 02,bus_stop,18.55261014984723,54.47877514795111
Orłowo SKM - Orłowska 01,bus_stop,18.552603260929462,54.47961866386104
Wejherowska 02,bus_stop,18.555229859938677,54.453038667906334
Wejherowska 01,bus_stop,18.555519347374812,54.45281819900537
Sopot Kamienny Potok SKM 01,bus_stop,18.554717722816807,54.459385220109134
Cisowa Sibeliusa 01,bus_stop,18.434804798453598,54.54782680450344
"Orłowo SKM - ""Klif"" 06",bus_stop,18.55284392971429,54.47595553848999
Owsiana,bus_stop,18.440189733221022,54.54672520780815
Chylonia Centrum,bus_stop,18.460101913991366,54.54072695259067
Chylonia Centrum,bus_stop,18.460035277225565,54.541115224596055
Raduńska,bus_stop,18.458227203677335,54.53800512679025
Raduńska,bus_stop,18.458431872918407,54.537875463267596
Jaskółcza 01,,18.453353818023047,54.533947979697864
Jaskółcza 02,,18.453849964029455,54.53411047236301
Bławatna,,18.44826710110231,54.53343614219513
Bławatna,,18.447453879260202,54.53345874993958
Wiklinowa,bus_stop,18.44429749403035,54.53469844907195
Wiklinowa,bus_stop,18.44505732157977,54.5342132949007
Żurawia,bus_stop,18.439178528832986,54.537629388765886
Żurawia,bus_stop,18.43924353934268,54.537901750964636
Sopot Kamienny Potok SKM 02,bus_stop,18.55458603429245,54.45844594238465
Maciejewicza 01,bus_stop,18.50872354588322,54.56260340170602
Maciejewicza 02,bus_stop,18.50877255518192,54.56284857846103
Obłuże Centrum 05,bus_stop,18.505989057737633,54.55083800714899
Staniewicza 01,bus_stop,18.499810780930343,54.56303242784876
Sikorskiego 01,bus_stop,18.493825919640884,54.562877611651544
Stare Obłuże 01,bus_stop,18.510290841234852,54.55994168063197
Stare Obłuże 02,bus_stop,18.51002725761058,54.560645501106706
Steyera 01,bus_stop,18.486801297398433,54.56278530396446
Obłuże Centrum 01,bus_stop,18.50840885150082,54.55062573205756
Staniewicza 02,bus_stop,18.498599579774805,54.563211500157486
Sikorskiego 02,bus_stop,18.49401414736657,54.56308164994497
Chylonia Dworzec PKP 03,bus_stop,18.462206351225618,54.5438313655957
Babie Doły 03,bus_stop,18.539575435608395,54.578238420574465
Babie Doły 01,bus_stop,18.53888462326968,54.577851683945426
Zielona - Kościół 01 (NŻ),,18.537210252330425,54.57501754732027
Wąwóz Ostrowicki 01 (NŻ),bus_stop,18.534561199233412,54.56446774638252
Zielona - Działki I 01 (NŻ),bus_stop,18.53313097561299,54.560571667602446
Zielona - Działki II 01 (NŻ),bus_stop,18.53116697773496,54.556218497988255
Bosmańska - Zielona 02,bus_stop,18.529554988833254,54.54882005053838
Dąbka - Zielona 01,bus_stop,18.529924750303792,54.55281814787128
Bosmańska - Nasypowa 02,bus_stop,18.520858479153617,54.54864304989998
Cechowa 02,bus_stop,18.512209232039265,54.55004255400086
Gdynia Arena (NŻ),bus_stop,18.53237699670157,54.49880974724925
Hutnicza - Estakada,bus_stop,18.49337560607369,54.5380130848205
Redłowo SKM,bus_stop,18.537230606677753,54.49126287472087
Redłowo SKM,bus_stop,18.53710492692418,54.49113070612428
Urząd Miasta - Władysława IV 02,bus_stop,18.536904984380662,54.51053234676992
"Centrum Handlowe ""Riviera""",bus_stop,18.53286540248926,54.50304457936395
Łużycka,bus_stop,18.53472794735169,54.49488247987968
"Centrum Handlowe ""Riviera""",bus_stop,18.533255105994453,54.503868368735134
Gdynia Arena (NŻ),bus_stop,18.532522831777097,54.49777435496121
Hutnicza - Estakada 02,bus_stop,18.4947223985707,54.53850237671177
I Urząd Skarbowy 01,bus_stop,18.53883959602834,54.52282500248959
Kilińskiego 01,bus_stop,18.53842279842269,54.514420189427355
Bosmańska - Nasypowa 01,bus_stop,18.520040384036577,54.54848934871403
Bosmańska - Zielona 04,bus_stop,18.530695828509653,54.54938369596184
Cechowa 01,bus_stop,18.514305463039,54.54914716526262
Dąbka - Zielona 04,bus_stop,18.5303905,54.553794899999986
Wąwóz Ostrowicki 02 (NŻ),bus_stop,18.534882933002436,54.56511258399678
Zielona - Działki I 02 (NŻ),bus_stop,18.533372238721185,54.560744518236085
Zielona - Działki II 02 (NŻ),bus_stop,18.531265897239255,54.55602933506803
Zielona - Kościół 02 (NŻ),bus_stop,18.537846881019238,54.57599821076443
Celna (NŻ),bus_stop,18.523458269992638,54.526869098921885
Celna (NŻ),bus_stop,18.524948990364592,54.52651449416015
Chrzanowskiego (NŻ),bus_stop,18.53881745008875,54.530552018275195
Hallera,bus_stop,18.54184150824346,54.49967250056088
Kilińskiego 02,bus_stop,18.537637597486853,54.51335402954653
Szkoła Morska 02 (NŻ),bus_stop,18.536749997665567,54.52978389916513
Szkoła Morska 01 (NŻ),bus_stop,18.537660244824494,54.52936462023585
Centrum Nauki Experyment 03,bus_stop,18.538919454400883,54.497017958108344
Rotterdamska,bus_stop,18.53127504815952,54.52706949821467
Rotterdamska,bus_stop,18.529392696352534,54.527071998669484
Wzgórze Św. Maksymiliana Syrokomli 01,bus_stop,18.542248245621064,54.50327583602159
Węzeł Ofiar Grudnia '70 05,bus_stop,18.52004821757605,54.52678736982636
Węzeł Ofiar Grudnia '70 06,bus_stop,18.519584819868918,54.527009699377885
Karwiny Tuwima,bus_stop,18.484769640716127,54.47388859460125
Brzechwy,bus_stop,18.489714247435245,54.47275978390941
Stadion Miejski,bus_stop,18.53052392004628,54.492260386578515
Stadion Miejski,bus_stop,18.53076697372873,54.49204820355156
Redłowo SKM 04,bus_stop,18.53665830020161,54.49175085004508
Redłowo SKM 03,bus_stop,18.538922645015827,54.49197399918698
Uczniowska 01,bus_stop,18.500827268569676,54.49843259766819
Uczniowska,bus_stop,18.502913953672717,54.49869938231488
Witomino Centrum 02,bus_stop,18.509242767244075,54.49778748888463
Witomino Centrum,,18.510291651676006,54.49775503419464
Witomino Sosnowa,bus_stop,18.49834851829032,54.4983887821518
Okrężna I,bus_stop,18.470501622781352,54.50010694979713
Okrężna I,bus_stop,18.470664777409493,54.49984629397389
Okrężna II,bus_stop,18.466704271748412,54.50018403362777
Okrężna II,bus_stop,18.465847390149708,54.50051055074861
Amona (NŻ),,18.44691729400897,54.49976459888274
Amona (NŻ),bus_stop,18.44525971522196,54.49965798324973
Chwarzno Apollina 06,bus_stop,18.456751710536235,54.50014167326116
Chwarzno Apollina,bus_stop,18.457679501484115,54.50031329503297
Sokoła,bus_stop,18.43991160297156,54.498731032128575
Sokoła,,18.441042854415702,54.49879005076057
Tezeusza,bus_stop,18.44964343878012,54.50042544804857
Brzechwy,bus_stop,18.489601614473152,54.47373259249692
Witomino Sosnowa,bus_stop,18.49407115128942,54.49838984992384
Gradowa (NŻ),bus_stop,18.43353293982508,54.48558670871132
Gradowa (NŻ),bus_stop,18.432701739665532,54.486038321454416
Kamrowskiego,bus_stop,18.43087110486825,54.497099857680226
Kamrowskiego,bus_stop,18.430668200705533,54.496958399911975
Wiczlino - Działki I,bus_stop,18.437770843899735,54.48190375119857
Wiczlino - Działki II,bus_stop,18.442583399999997,54.481085449999995
Wiczlino - Działki II,bus_stop,18.44135348798173,54.4812425576502
Wiczlińska - Las (NŻ),bus_stop,18.451157260582956,54.47813095460736
Wiczlińska - Las (NŻ),bus_stop,18.451236911754652,54.478199424412054
Wiczlińska - Śliska,bus_stop,18.437297600479464,54.483292101299355
Zaruskiego,bus_stop,18.430148201913283,54.494269557689506
Zaruskiego,bus_stop,18.43005267925951,54.494652516663194
Węzeł Ofiar Grudnia '70 01,bus_stop,18.51673155761554,54.52791882986858
Węzeł Ofiar Grudnia '70 02,bus_stop,18.51685675348931,54.528344780401255
Energetyków 01,bus_stop,18.49870230668311,54.53969524677413
Energetyków 02,bus_stop,18.49918571553105,54.53979654442824
Meksykańska 01,bus_stop,18.463527099513403,54.548395200120524
"Hala ""Makro"" 01",bus_stop,18.484841239997355,54.54208939406707
"Hala ""Makro"" 02",bus_stop,18.4845663215137,54.54242761627292
Hutnicza - Estakada 04,bus_stop,18.492496171206962,54.53906782850779
II Urząd Skarbowy 02,bus_stop,18.471996420422066,54.54776890833779
II Urząd Skarbowy 01,bus_stop,18.471459656583047,54.54776308276772
Pucka - Hutnicza 04,bus_stop,18.466143555203878,54.54854156695706
Pucka - Hutnicza 03,bus_stop,18.466279188587038,54.54835858418104
Dąbrowskiego - Kościół,bus_stop,18.401233804116522,54.566699901868795
Dąbrowskiego - Kościół,bus_stop,18.40135960104245,54.56689260322496
25-lecia Solidarności 01,bus_stop,18.40948580104244,54.56416120322494
25-lecia Solidarności 02,bus_stop,18.410828319367734,54.56437296665145
Hutnicza - Działki (NŻ),bus_stop,18.42854235364664,54.55676858317949
Hutnicza - Działki (NŻ),bus_stop,18.43040260840217,54.55578620625843
Hutnicza - Piaskowa (NŻ),bus_stop,18.448716442434062,54.551883346589406
Hutnicza - Piaskowa (NŻ),bus_stop,18.447714083989585,54.55229959884279
Pomorska,bus_stop,18.421513962124525,54.56616732886272
Pomorska,bus_stop,18.421078338589037,54.56461444026351
Podgórska 01,bus_stop,18.499734153020697,54.55331150656238
Podgórska 01,bus_stop,18.498313871797222,54.55375113643676
Terminal Kontenerowy 01,bus_stop,18.500865196546293,54.547202204154146
Żelazna 02,bus_stop,18.481572305405084,54.55632190938555
Żelazna 01,bus_stop,18.483880664333704,54.555663705642004
Żeliwna 01,bus_stop,18.49210000845883,54.554727919967604
Żeliwna 02,bus_stop,18.490946840578573,54.55501216647418
Gołębia,bus_stop,18.499443601783742,54.544301601632945
Gołębia,bus_stop,18.498377146317363,54.54364932298729
Powstań Chłopskich,bus_stop,18.547839170338996,54.489699453455636
Powstań Chłopskich,bus_stop,18.548801141493737,54.489724548733804
Redłowo Szpital 01,bus_stop,18.5551959796086,54.48963586625302
Redłowo Szpital 02,bus_stop,18.554886519385487,54.48972764897936
Ruchu Oporu,bus_stop,18.542092089956032,54.49231700144993
Kuśnierska 02,bus_stop,18.50345909392969,54.55271751403024
Morska - Estakada,bus_stop,18.489631702259803,54.533294924454005
Ruchu Oporu,bus_stop,18.541631048658317,54.4936289756843
Terminal Kontenerowy 03,bus_stop,18.501459682046065,54.54793176523828
Elektrociepłownia - Kontenerowa 02,bus_stop,18.48678182648193,54.55110569210823
Terminal Promowy,bus_stop,18.50247197558014,54.54673754312243
Alzacka 01,bus_stop,18.540061345367718,54.54947467497613
Alzacka 02,bus_stop,18.53909915,54.549608049999996
Arciszewskich 02,bus_stop,18.550733780520726,54.5453878578481
Arciszewskich 01,bus_stop,18.55019589922685,54.54595454357582
Benisławskiego 01,bus_stop,18.525818121207582,54.55415763440252
Bosmańska - Zielona 01,bus_stop,18.531591358855692,54.54880229833513
Dąbka - Zespół Szkół 01,bus_stop,18.519985937777165,54.55625405419959
Dąbka - Zespół Szkół 01,bus_stop,18.520603898556107,54.55587222275976
Akademia Marynarki Wojennej 02,bus_stop,18.543404317222976,54.542680882044316
Akademia Marynarki Wojennej 01,bus_stop,18.541911336849928,54.542719196306585
Janka Wiśniewskiego 02,bus_stop,18.509020422084703,54.53266786930237
Janka Wiśniewskiego 01,bus_stop,18.510409960643173,54.53125611456395
Muchowskiego 01,bus_stop,18.551469693896347,54.548121351080475
Muchowskiego 02,bus_stop,18.551666011695804,54.54817062002476
Oksywie Dolne 01,bus_stop,18.546868212074042,54.542967755977074
Oksywie Dolne 02,bus_stop,18.547027998848446,54.54281607195286
Oksywie Górne 01,bus_stop,18.547488738580434,54.548892855296764
Oksywie Górne 02,bus_stop,18.54764998737547,54.54901618876997
Stocznia Wojenna 02,bus_stop,18.53571364680113,54.54245515047195
Turkusowa 02,bus_stop,18.514922076309414,54.55795049369364
Turkusowa 01,bus_stop,18.516154024048127,54.55740750295164
Cylkowskiego 02,bus_stop,18.552345908427977,54.49437714672927
Cylkowskiego 01,bus_stop,18.5518642773828,54.493736613250014
Kopernika - Kościół 02,bus_stop,18.550578653009108,54.49626460042013
Kopernika - Kościół 01,bus_stop,18.551238149972423,54.49555330146733
Korczaka (NŻ),bus_stop,18.544570128006654,54.49635619434472
Płyta Redłowska 04,bus_stop,18.552410938327487,54.49176445557583
Płyta Redłowska 02,bus_stop,18.553049989981357,54.49168620274975
Wzgórze Św. Maksymiliana Syrokomli 02,bus_stop,18.54227645962191,54.50266124235062
Szczeblewskiego 02,bus_stop,18.549070246266826,54.49878690771114
Szczeblewskiego 01,bus_stop,18.54926608176985,54.49889108431579
Urząd Morski,bus_stop,18.54287920471708,54.52819158200469
Chrzanowskiego - Przychodnia,bus_stop,18.542206512591818,54.52992156120633
Chrzanowskiego - Przychodnia,bus_stop,18.542463233715853,54.529915176816026
Cmentarz Witomiński,bus_stop,18.520737299560416,54.50997829267875
Długa (NŻ),bus_stop,18.51202869427577,54.496195751623375
Portowa 01,bus_stop,18.543161774821638,54.52433289333515
Poznańska,bus_stop,18.531047701829067,54.511013659171766
Poznańska,bus_stop,18.530518817123276,54.51101782510575
Rolnicza,bus_stop,18.512202988186655,54.50014342909706
Rolnicza,bus_stop,18.51364651004606,54.50072284857679
Cmentarz Witomiński,bus_stop,18.521296615456343,54.51023670788837
Witomino Polna,bus_stop,18.514858849999996,54.4950406
Stawna,bus_stop,18.5084707005776,54.4955110008625
Stawna,bus_stop,18.5087339420159,54.49493380163507
Stawna,bus_stop,18.5079305101273,54.494737335932975
Węzeł Franciszki Cegielskiej 02,bus_stop,18.531847089726664,54.50826639672842
Fregatowa (NŻ),bus_stop,18.41352620356725,54.501434920770926
Fregatowa (NŻ),bus_stop,18.413440904062508,54.50172418836809
Kmicica (NŻ),bus_stop,18.416341653854822,54.49823422798874
Kmicica (NŻ),bus_stop,18.41594625696944,54.498995861863676
Potok Wiczliński (NŻ),bus_stop,18.419719826279593,54.49454375328139
Potok Wiczliński (NŻ),bus_stop,18.4199651053858,54.49405929450421
Węzeł Franciszki Cegielskiej 01,bus_stop,18.533228856321802,54.50798105061844
Mickiewicza 01 (nż),bus_stop,18.546864559556123,54.512690379499276
Mickiewicza 02 (nż),bus_stop,18.54696874001154,54.51250055784287
Orłowo - Molo,bus_stop,18.563860047906047,54.48074922314939
Przystań Żeglugi,bus_stop,18.555993017674226,54.518911254923765
Krofeya (NŻ),bus_stop,18.496942049999998,54.528179550000004
Mireckiego 08,bus_stop,18.502188298215078,54.52823121113074
Beniowskiego - Akademiki 01,bus_stop,18.513112329312936,54.52357136433868
Ejsmonda 01,bus_stop,18.551735423252307,54.5046965942307
Ejsmonda 02,bus_stop,18.552732699052687,54.50492198202799
Grabowo 01,bus_stop,18.50824421986872,54.52392859702303
Kołłątaja 02,bus_stop,18.520006143381593,54.52270388351509
Ogród Botaniczny Marszewo 02,bus_stop,18.415277250000003,54.52009195
Ogród Botaniczny Marszewo 01,bus_stop,18.415276709615966,54.51999026384107
Urząd Pracy,bus_stop,18.523676485411503,54.52129309279194
Urząd Pracy,bus_stop,18.523929345701728,54.521301091899595
Zakopiańska,bus_stop,18.529603332898596,54.516538816776496
Plac Neptuna 01,bus_stop,18.51800165278979,54.5227171552336
Dąbka - Zielona 02,bus_stop,18.528761208392933,54.553651399222545
Grabówek SKM,bus_stop,18.4939368,54.5342456
Obwodnica - Kcyńska,bus_stop,18.453502266082584,54.53892061928871
Obłuże Maciejewicza 01,bus_stop,18.50701452580897,54.562771151709455
Morska - Estakada,bus_stop,18.487957835754777,54.53257886437008
Węzeł Franciszki Cegielskiej 10,bus_stop,18.534298568900095,54.50888493154899
Demptowo - Jednostka Wojskowa,bus_stop,18.44351462198828,54.518596904715345
Kuśnierska 01,bus_stop,18.503301236122663,54.552361419258034
Kadmowa 02,bus_stop,18.472440330068082,54.55908701967511
Kadmowa 01,bus_stop,18.471997554622515,54.55909053847617
Pogórze Dolne Złota 02,bus_stop,18.466773650393172,54.5608556937992
Pogórze Dolne Złota 01,bus_stop,18.466591110117175,54.56069512007983
Czwartaków,bus_stop,18.541986801868298,54.54978792523363
Osiedle Królewskie,bus_stop,18.414238685027044,54.574050847961246
Osiedle Królewskie,bus_stop,18.415139890160933,54.57396923849932
Rondo Jana Pawła II,bus_stop,18.400117972757183,54.57815459456092
Rumia Partyzantów,bus_stop,18.40065836260634,54.58569662654774
Rumia Partyzantów,bus_stop,18.400005614001852,54.58566575485944
Kosakowo - Staw 02 (NŻ),bus_stop,18.49013124829932,54.589016231972785
Kosakowo - Staw 01 (NŻ),bus_stop,18.49020925,54.588916299999994
Pierwoszyno - Kościół 02,bus_stop,18.499383557896458,54.5982314071874
Pierwoszyno - Kościół 01,bus_stop,18.4992792,54.5979906
Derdowskiego - Dębogórska,bus_stop,18.40342071005969,54.57658983950169
Derdowskiego - Dębogórska,bus_stop,18.40295581005969,54.57622963950169
Wierzbowa,bus_stop,18.42346075465975,54.57303460231919
Dokerów,bus_stop,18.41259255,54.559272699999994
Uniwersytet Morski,bus_stop,18.508573013418342,54.526146244347466
Uniwersytet Morski,bus_stop,18.5082877145798,54.526723117033676
Bażyńskiego,bus_stop,18.488798570322068,54.529709734282015
Dembińskiego,bus_stop,18.49404811018614,54.527860345982006
Węzeł Żołnierzy Wyklętych,bus_stop,18.47947495075232,54.535291297982084
Komandorska - Hotel,bus_stop,18.496519776224915,54.529471557346746
Kordeckiego,bus_stop,18.487439281742343,54.53060493679738
Kordeckiego,bus_stop,18.486182089029484,54.53095080067848
Leszczynki II,bus_stop,18.481308104574882,54.52781814774569
Leszczynki II,bus_stop,18.48160219583809,54.52821345035391
Mireckiego 06,bus_stop,18.502174505365915,54.52859701772921
Rozewska,bus_stop,18.47020405549461,54.53758758136491
Stoigniewa,bus_stop,18.484474549342956,54.528285390982944
Stoigniewa,bus_stop,18.485945344094354,54.52745277968163
Sambora - Kalksztajnów,bus_stop,18.48802153550806,54.52790635326022
Sambora - Kalksztajnów,bus_stop,18.48867856015822,54.52783998556609
Technikum Chłodnicze (NŻ),bus_stop,18.48998628527952,54.52718278463099
Ściegiennego,bus_stop,18.48263348601269,54.53104025099076
Ściegiennego,bus_stop,18.482484619938266,54.53114968235286
Swarzewska I,bus_stop,18.46389228729429,54.53795891575838
Swarzewska I,bus_stop,18.463545496348125,54.5379467559225
Swarzewska II,bus_stop,18.461016995625943,54.536014904382604
Swarzewska II,bus_stop,18.460820752082334,54.53607411217248
Kalksztajnów - Bloki,bus_stop,18.492288073583094,54.528654268806136
Sambora,bus_stop,18.49580597800643,54.527578771382544
Galeria Szperk 02,bus_stop,18.50487397620703,54.56372481544158
Mały Kack Sandomierska 01,bus_stop,18.528270476004973,54.4867141969061
Halicka 02,bus_stop,18.532973560334458,54.490662851914216
Halicka 01,bus_stop,18.53355788746513,54.491165334599245
Obłuże Centrum 03,bus_stop,18.50754526661246,54.55071343059912
Oksywie Dickmana,bus_stop,18.546650236454393,54.55755677786764
Pancerna,bus_stop,18.547361851468768,54.553436954101365
Pancerna,bus_stop,18.547311530512584,54.55264785985714
Oksywie Dickmana,bus_stop,18.546449842572127,54.55750209398205
Białowieska,bus_stop,18.51501096204298,54.551980114019216
Białowieska,bus_stop,18.515282049004508,54.55192488633576
Stolarska,bus_stop,18.519496110830456,54.55065208926535
Stolarska,bus_stop,18.51903956431702,54.55104657979438
Wielki Kack Starodworcowa 02,bus_stop,18.496500537587906,54.464664006776935
Węzeł Franciszki Cegielskiej 06,bus_stop,18.534035773983817,54.50851688403228
Śląska 01,bus_stop,18.532746702807042,54.51517369864555
Węzeł Franciszki Cegielskiej 08,bus_stop,18.533954732719234,54.50860952268458
Benisławskiego,bus_stop,18.52425681662955,54.55401798410996
Benisławskiego,bus_stop,18.524281594561433,54.554350330796545
Wiczlino - Działki I,bus_stop,18.43735702491297,54.48178004489162
Dąbrowa Miętowa,bus_stop,18.449791061601946,54.47164959646043
Tatrzańska - Olsztyńska 02,bus_stop,18.5247219864529,54.5130291777179
Nasypowa 02,bus_stop,18.522105034587792,54.54569245598884
Oksywie Godebskiego,bus_stop,18.539409434546094,54.55079757351895
Śląska 02,bus_stop,18.532748250664635,54.514066215765446
Liceum Jezuitów 02,bus_stop,18.52458983907722,54.51569180964185
Warszawska,bus_stop,18.530577006666615,54.51686860243552
Wielki Kack Fikakowo 01,bus_stop,18.483436543947008,54.46545434119695
Wielki Kack Fikakowo 02,bus_stop,18.483527661038753,54.46572856026007
Park Rady Europy 01 (NŻ),bus_stop,18.547251362808456,54.518740448525726
Sea Towers 02,bus_stop,18.548107359456964,54.51943929960449
Wiczlińska - Śliska,bus_stop,18.43586503496863,54.48470488155592
Cisowa Granica Miasta 02,,18.416591956265414,54.55356099615953
Pogórze - Dobke 01,bus_stop,18.488083044876355,54.57147339198456
Pogórze - Dobke 02,bus_stop,18.488630000000004,54.57194535
Czernickiego II 01,bus_stop,18.47563954952002,54.56268325310437
Czernickiego II 02,bus_stop,18.47578084893486,54.56282216994846
Kosakowo - Krokusowa 02,bus_stop,18.48280014999999,54.58928415000001
Kosakowo - Krokusowa 01,bus_stop,18.483448000000003,54.589150000000004
Kosakowo - Urząd Gminy 01,bus_stop,18.493132430759093,54.587741371031235
Kosakowo - Urząd Gminy 02,bus_stop,18.493381699999997,54.58779959999999
Pogórze - Herberta 02,bus_stop,18.490667004909913,54.57554410904058
Pogórze - Herberta 01,bus_stop,18.490810247149106,54.5763904128845
Kosakowo - Cmentarz - Brama Główna 01,bus_stop,18.4794996737574,54.596218087001155
Kosakowo - Cmentarz - Brama Główna 02,bus_stop,18.48001707232953,54.596882951545204
Kosakowo - Tulipanowa 02 (NŻ),bus_stop,18.480637350000002,54.59122730000001
Kosakowo - Tulipanowa 01 (NŻ),bus_stop,18.480385950000002,54.59138315
Kwiatkowskiej,bus_stop,18.433968967912403,54.49303184809853
Kwiatkowskiej,bus_stop,18.433829386974576,54.49296303203756
Staniszewskiego,bus_stop,18.43630083879315,54.49313721481653
Staniszewskiego,bus_stop,18.43646114897483,54.49342448023727
Bryla,bus_stop,18.437086551912827,54.495528126021505
Bryla,bus_stop,18.437269314070402,54.495440065128
Pierwoszyno - Staw 01,bus_stop,18.500414748039514,54.59389236683926
Pierwoszyno - Staw 02,bus_stop,18.500638100786592,54.59360948927098
Nałkowskiej 04,bus_stop,18.499290870435523,54.46885303547131
Spokojna - Cmentarz 01,bus_stop,18.522032111428775,54.4710617155716
Dębogórze-Wybudowanie - Boisko,bus_stop,18.42909074255622,54.574931166440194
Dębogórze-Wybudowanie - Boisko,bus_stop,18.428998197538114,54.574932370047165
Brodwino,bus_stop,18.534493005259414,54.457726934041695
Brodwino,bus_stop,18.534475671485552,54.45753064076273
Górnicza - Kościół 02,bus_stop,18.481864448481158,54.466993292045416
Górnicza - Damroki 02,bus_stop,18.481093605606045,54.468155511654324
Gryfa Pomorskiego 04,bus_stop,18.48764634119765,54.4683696895132
Kwidzyńska II 01,bus_stop,18.527987312550945,54.51088869981726
Pucka - Hutnicza 02,bus_stop,18.46782447631777,54.549268641187815
Elektrociepłownia - Pucka 02,bus_stop,18.471561611321835,54.55553954774718
Złota 01,bus_stop,18.474863258949572,54.55836275737033
Elektrociepłownia - Kontenerowa 91,bus_stop,18.487037126481937,54.55101759210822
Cisowa Sibeliusa 03,bus_stop,18.434090298453597,54.548045104503444
Kręta 01,bus_stop,18.49831744647159,54.4674041505094
Bielińskiego 01 (NŻ),bus_stop,18.444921998643903,54.45735083331102
Bielińskiego 02 (NŻ),bus_stop,18.44349722815607,54.45674794442008
Młyńska 02,bus_stop,18.55840343492358,54.45627974998716
Plac Kusocińskiego 02,bus_stop,18.563066400000004,54.452766950000004
Korty Tenisowe 02,bus_stop,18.564806860977388,54.45025285801065
Kacze Buki 01,bus_stop,18.455127531358503,54.45548333818438
Krzemowa 02 (NŻ),bus_stop,18.457049115814403,54.45724770055051
Krzemowa 01 (NŻ),bus_stop,18.455947259053072,54.45795285181083
Kacze Buki 02,bus_stop,18.456947899438937,54.456224274896215
Kacze Buki 04,bus_stop,18.45396446653788,54.45563576271968
Kacze Buki 03,bus_stop,18.454151218831107,54.45541956031776
Kacze Buki Puszczyka 01,bus_stop,18.451240033140607,54.45073236983285
Sosnowiecka 01 (NŻ),bus_stop,18.535138449999994,54.48490569999999
Sosnowiecka 02 (NŻ),bus_stop,18.534938800000003,54.4849342
Kurpiowska 02 (NŻ),bus_stop,18.53181525,54.48531075
Obłuże Maciejewicza 03,bus_stop,18.50773149143783,54.56289265154331
Kwiatkowskiego 02,bus_stop,18.507803867529088,54.5536896722489
Grenadierów 02,bus_stop,18.50417090075952,54.4762310956311
Górnicza 01,bus_stop,18.485548550215732,54.471069672317945
Myśliwska 01,bus_stop,18.49056209114304,54.47092627059413
Mały Kack Strzelców 02,bus_stop,18.50290189842688,54.477730578054874
Mały Kack Strzelców 01,bus_stop,18.503160235300168,54.47774622515469
Władysława Jagiełły 01,bus_stop,18.508633593822086,54.472136790769014
Nałkowskiej 01,bus_stop,18.50099987380383,54.469383531375605
Gdynia Dworzec Gł. PKP - Hala 3,bus_stop,18.53225898447684,54.52197002721395
Gdynia Dworzec Gł. PKP - Hala 01,bus_stop,18.53299321692761,54.52199951609821
Skarbka II 01,bus_stop,18.459913419789064,54.526830369241374
Skarbka II 02,bus_stop,18.459729473429366,54.52683103737895
Demptowo 02,bus_stop,18.462038563433786,54.525434972894665
Skarbka I 01,bus_stop,18.45654616056236,54.52961550231736
Skarbka I 02,bus_stop,18.456874363370673,54.5290083388119
Chabrowa 01,bus_stop,18.455109498739944,54.5325027616821
Chylonia Dworzec PKP - os. Meksyk 03,bus_stop,18.46301869714774,54.54667350037243
Chylonia Dworzec PKP - os. Meksyk 01,bus_stop,18.4635714388606,54.546300697479104
Racławicka 01,bus_stop,18.514750795732276,54.4734450547201
