name,leisure,landuse,natural,latitude,longitude,area_m2,score
Skwer im. Anny Walentynowicz,park,,,54.377238022639375,18.61146892769085,3788.916634120156,3788.916634120156
,,grass,,54.31750672678992,18.57676442152009,5657.694515051376,3960.3861605359625
,,grass,,54.31728509743291,18.579318591680643,6212.270764797356,4348.589535358149
,,,wood,54.347474225626904,18.599448828228944,106072.2752358428,74250.59266508995
,,forest,,54.28115046213869,18.604110563946534,213970.37817448704,171176.30253958964
,,,wood,54.36349610182123,18.50673576733425,345705.1486827422,241993.60407791953
,,,wood,54.36518726442185,18.59161491597945,294482.74547581736,206137.92183307215
Park Jordanowski,park,,,54.3966697148284,18.671617154236596,39054.13216272748,39054.13216272748
Park Westerplatte,park,,,54.4064984200719,18.673948567775085,553797.6208794025,553797.6208794025
,,,wood,54.394649904843725,18.6813151383742,104158.86988218663,72911.20891753063
,,forest,coastline,54.39332430703557,18.681408180956748,10029.739391199002,8023.791512959202
Twierdza Wisłoujście,park,,coastline,54.39568124225401,18.679456809145023,47856.015496851775,47856.015496851775
,,grass,,54.35881315268362,18.643195186984535,1950.9083984072329,1365.635878885063
,park,,,54.33892188130636,18.64926429846443,60047.067720738836,60047.067720738836
,,forest,,54.35759384895812,18.773703992865514,1053390.2577207254,842712.2061765804
Park im. Józefa Wybickiego,park,,,54.38454864229979,18.61015546277175,19286.88829375077,19286.88829375077
Skwer Ignacego Daszyńskiego,park,,,54.34569154821698,18.646086374402252,15773.45032753698,15773.45032753698
,,,wood,54.4177900593813,18.60007326132411,117132.03582886595,81992.42508020616
,,,wood,54.405177300939314,18.621165328487105,258710.14863012722,181097.10404108904
,,,wood,54.41476521960916,18.6158721863699,1579867.1553807058,1105907.008766494
Park Chirona,park,,,54.42626687227945,18.46534398268827,83831.38382045375,83831.38382045375
Park de Gaulle'a,park,,,54.379240286895346,18.602361426115813,28349.85828603179,28349.85828603179
,park,,,54.379207429024376,18.623013169225654,45329.92840834884,45329.92840834884
Park Kuźniczki,park,,,54.38201120695022,18.60750742832084,16875.02379180865,16875.02379180865
Park nad Strzyżą,park,,,54.38045260709725,18.618310487776867,38681.60433701684,38681.60433701684
Park Akademicki,park,,,54.371399385162626,18.623673569437436,168248.89919892652,168248.89919892652
Park Millenium,park,,,54.39684230106755,18.61402342094754,320637.77722474723,320637.77722474723
Park na Wroniej Górce,park,,,54.36082001912356,18.63340185890184,402588.1755879307,402588.1755879307
,,,wood,54.35730281588695,18.62512922851346,32782.76942862312,22947.93860003618
Park Uphagena,park,,,54.375991328264654,18.617207295010193,30236.092624147233,30236.092624147233
Plac Biskupa Edwarda O’Rourke,park,,,54.382970652906025,18.626052571898466,12673.728551301425,12673.728551301425
Park im. Daniela Gralatha,park,,,54.36728709288387,18.629855519134857,81266.40135594113,81266.40135594113
,,,wood,54.36882081888161,18.596427395353455,63693.09075366836,44585.16352756785
,,grass,,54.345684361391044,18.65313455835429,6944.980230048519,4861.486161033963
,,grass,,54.35106341760963,18.66898673408574,6900.327908846948,4830.229536192864
Park Siennicki,park,,,54.3497843047083,18.670886949777657,38794.40037308096,38794.40037308096
,,,wood,54.36724653912553,18.616829254732593,187956.45180372245,131569.5162626057
,,,wood,54.36355954130569,18.623548541777748,378266.36768724263,264786.45738106983
Skwer im. Polskich Harcerzy w byłym Wolnym Mieście Gdańsku,park,,,54.35123871527679,18.645196350911316,25695.69406711458,25695.69406711458
Skwer Czesława Niemena,park,,,54.352219683668885,18.644467725357085,13605.771584400867,13605.771584400867
,park,,,54.416951821368656,18.579660880812348,256718.7530399545,256718.7530399545
Park Przymorze,park,,,54.41965014914299,18.590097866050485,141572.57870086544,141572.57870086544
Park Jelitkowski,park,,,54.42571961790852,18.595436991217976,190252.86882042247,190252.86882042247
Skwer Marszałka Józefa Piłsudskiego,park,,,54.386190777621266,18.591129788642135,35410.840952925304,35410.840952925304
,,,wood,54.36724560257023,18.58089214182038,101741.09494470464,71218.76646129324
Park Generała Józefa Bema,park,,,54.352285855117216,18.632078810418722,114036.65438443278,114036.65438443278
,,,wood,54.34232381138396,18.637985298662766,390473.99392314395,273331.7957462008
,,,wood,54.32424159346563,18.597879540530332,383419.06032846234,268393.34222992364
Park Oruński im. Emilii Hoene,park,,,54.321958014416325,18.626325478135023,241484.102095493,241484.102095493
,,,wood,54.35583559325284,18.59018064987304,50594.1153478798,35415.88074351586
Park im. ks. Bronisława Kabata,park,,,54.34315220920674,18.554859473472295,30040.35227335801,30040.35227335801
,,,wood,54.35529236943762,18.56733899499308,416941.34930006124,291858.94451004284
,,,wood,54.35573944368578,18.537511829411923,73811.55496333285,51668.08847433299
,,,wood,54.35452735001975,18.57096959984581,60298.50067433455,42208.95047203419
,,grass,,54.39363711232419,18.515320102185687,418174.5341983992,292722.17393887945
,,,grassland,54.42036594999986,18.540657329486333,37831.698901355034,26482.189230948523
,,,wood,54.423947508738976,18.46831156471372,52725.36112407258,36907.752786850804
,,,wood,54.423518949560325,18.46507662549106,10482.455262842215,7337.71868398955
,,grass,,54.368098001308844,18.50450499433448,74288.175873888,52001.7231117216
,,,wood,54.36657116050622,18.493789148276846,125834.11441358694,88083.88008951086
,,,wood,54.36476664001293,18.492713416003966,25881.902167745375,18117.33151742176
,,meadow,,54.36366947453775,18.44873280789975,65756.84878523543,32878.424392617715
,,,grassland,54.37422928668979,18.453426612067485,168025.0042619446,117617.5029833612
,,,grassland,54.37080143852355,18.45852944989829,18594.09819413977,13015.868735897839
,,,grassland,54.36970599829493,18.4560704698593,139931.75931738527,97952.23152216968
,,grass,,54.36179378826317,18.458207116404562,80220.92536468807,56154.64775528164
,,,wood,54.41189788250187,18.460618264440317,310645.367618346,217451.7573328422
,,,grassland,54.41584098023311,18.482791434349963,54446.46249115272,38112.5237438069
,,grass,,54.41396695506628,18.498075074560724,128647.61852049798,90053.33296434858
,,grass,,54.40843936428477,18.49379062078664,220299.4445752246,154209.6112026572
,,,grassland,54.4052105517904,18.526347632175845,258717.7402360308,181102.41816522155
,,,wood,54.363358172240815,18.514546772568185,119249.93802319671,83474.95661623769
,,grass,,54.36913258284383,18.491321077302306,184604.3172214762,129223.02205503333
,,,grassland,54.36664608050979,18.476151261239835,251894.0733237144,176325.85132660007
,,,grassland,54.37207997924049,18.465676410718633,153597.65582607253,107518.35907825077
,,,wood,54.369526770793776,18.48648685647537,47627.224617366475,33339.057232156534
,,,grassland,54.36941492311736,18.484399093711275,56507.619514959566,39555.3336604717
,,,grassland,54.349064512061055,18.50105098195846,189053.80374299127,132337.66262009388
,,,wood,54.35800856913285,18.5136332363703,166442.17824673268,116509.52477271287
,,,wood,54.34801387609006,18.501473443644198,55337.102270478594,38735.971589335015
,,,wood,54.34124083579396,18.49215178552367,122490.46022434955,85743.32215704468
,,,wood,54.34367416272722,18.4937869541527,367757.9929462509,257430.5950623756
,,,wood,54.35492617325543,18.473468492744214,25402.74063988528,17781.918447919696
,,,grassland,54.320172580810926,18.555614524662573,160649.88292520537,112454.91804764375
,,,wood,54.31912864021939,18.57023790812567,134455.6702785578,94118.96919499047
,,,wood,54.29529297015055,18.63015270556636,149633.49355073657,104743.4454855156
,,,wood,54.28779551938449,18.63573246458432,154318.83199067134,108023.18239346994
,,meadow,,54.30549037051185,18.627327051291864,7575.948146309817,3787.9740731549086
,park,,,54.32165552208346,18.63475655313281,30656.362137890756,30656.362137890756
,,,grassland,54.33841086901473,18.66151868393833,309682.64385832235,216777.85070082563
,,,wood,54.39671053630725,18.68690747548968,161821.4899429582,113275.04296007073
,,,wood,54.33561265192195,18.89826351235368,143655.15872674057,100558.6111087184
,,,wood,54.33791324987495,18.896954495560244,137547.5969516756,96283.31786617292
,,grass,,54.32418473462037,18.933204630972995,947116.5153515546,662981.5607460882
,,forest,wetland,54.433137148472525,18.456784543949333,24173.147023541427,19338.517618833142
,,,wood,54.44786085835617,18.451619968236148,127608.41059794048,89325.88741855834
,,,grassland,54.44554174168687,18.453737634290928,1708.5138588907507,1195.9597012235254
,park,,,54.35529081725249,18.651412730009003,16799.40715653935,16799.40715653935
,,meadow,,54.358551452657316,18.6560659799554,758.064044232936,379.032022116468
,,,wood,54.43939941085955,18.44642949095501,110478.93824472436,77335.25677130705
,,,grassland,54.35477352587224,18.673198129207716,62877.26405906614,44014.084841346295
,,,wood,54.346986522178916,18.633581585555174,110736.67722046314,77515.67405432419
Park Salwator,park,,,54.34600578690013,18.64308240695083,12117.051418646402,12117.051418646402
,,grass,,54.4104460084634,18.48806551785146,120060.62408652317,84042.43686056622
,,,wood,54.41389881796144,18.490344336242792,34530.81339253861,24171.569374777024
,,,wood,54.41486515311355,18.48444082540195,8445.727328069885,5912.009129648919
Park imienia Ronalda Reagana,park,,,54.414643349934906,18.605765059990517,1756660.6557668098,1756660.6557668098
,,meadow,,54.4154058708729,18.604470332016493,43038.60714118383,21519.303570591914
,,,wood,54.41432298044214,18.604303800813945,9759.301541862034,6831.511079303424
,,forest,,54.41498576035514,18.60302599792772,21738.922898802797,17391.13831904224
,,,wood,54.41401391767578,18.606838878901346,43478.93228962466,30435.25260273726
,,,wood,54.413655461924236,18.60290556367559,34564.50499999606,24195.153499997243
,,,wood,54.398454450339784,18.639262453610968,258402.16511095248,180881.51557766672
,,,wood,54.371416752382885,18.70088056605819,110054.87957267826,77038.41570087477
,,,wood,54.37229890836856,18.688577663958487,107682.33760145678,75377.63632101975
,,greenfield,grassland,54.41459560212656,18.596624198252414,8823.661404430904,6176.562983101633
,,,grassland,54.386778639891695,18.467310838675715,8178.686852068745,5725.080796448121
,,,grassland,54.44761429880016,18.464747789806687,357516.0783548371,250261.25484838593
,,,wood,54.43467532806247,18.4631825714946,20057.760263591186,14040.43218451383
,,greenfield,grassland,54.39198296233032,18.478425588933227,9378.28715026255,6564.801005183785
,,greenfield,grassland,54.36713476442477,18.462570709052574,15281.097186516135,10696.768030561294
,,,wood,54.367442138681874,18.464010336111304,32016.189241394637,22411.332468976245
,,,wood,54.35756306914655,18.4726638562621,121722.47896982529,85205.73527887769
,,,grassland,54.35667187082363,18.489354598551298,116872.0228957491,81810.41602702437
,,,wood,54.35349299178762,18.486483332644838,5229.3828016332445,3660.567961143271
,,,wood,54.352334599782274,18.483421786364207,60261.16083837487,42182.812586862405
,,,wood,54.35866299946096,18.50582656933631,57821.98851828232,40475.39196279762
,,,grassland,54.36665374802897,18.515174540819107,1284330.309152963,899031.2164070741
,,,grassland,54.360239341310205,18.510264320108273,64033.63287841162,44823.54301488813
,,,wood,54.364681161611884,18.51144659117718,4693.926967627196,3285.748877339037
,,,grassland,54.36739966680557,18.508312709713024,45865.54697727232,32105.882884090624
,,,wood,54.361011253018965,18.51749878040002,27370.189699090457,19159.132789363317
,,,wood,54.3478444863255,18.56030564566011,36261.04375259839,25382.73062681887
,,,wood,54.35893231588123,18.571492661206374,93721.5806784761,65605.10647493326
,,,wood,54.35447443250946,18.584783325263214,14405.241884370796,10083.669319059556
,,,wood,54.35550810344635,18.59240176312008,32745.63435870145,22921.944051091014
,,,wood,54.36202090611878,18.586842940993865,31994.260021401675,22395.98201498117
,,,wood,54.410821545795535,18.607652815825947,159385.47933411744,111569.8355338822
,,,grassland,54.35641820593489,18.572421615377657,25861.554299191594,18103.088009434116
,,,wood,54.40180294347555,18.628322769853657,64172.91811776059,44921.04268243241
,park,,,54.40224285490317,18.624695413709087,20186.506887953958,20186.506887953958
,,,wood,54.41745279516632,18.59802623219818,42976.18290148656,30083.32803104059
,,,grassland,54.42136651628567,18.59333954566984,46298.41230937286,32408.888616561002
,,meadow,,54.413329777640534,18.609319914696684,16090.809790896392,8045.404895448196
,,,wood,54.39701128362799,18.648039225991965,116832.15799006604,81782.51059304623
,,,wood,54.401358249389595,18.630992303985145,46559.58006276542,32591.70604393579
,,grass,,54.40364513461804,18.631624941111973,22346.201912418426,15642.341338692897
,,,wood,54.387927487370675,18.65800630716682,28088.101689356427,19661.671182549497
,,,wood,54.377870652259126,18.687420935278645,242668.10867343997,169867.67607140797
,,grass,,54.402511604877866,18.626726228063827,17302.076912186876,12111.453838530813
,,,wood,54.39729476869945,18.625073917376685,11495.154108984027,8046.607876288818
,,,wood,54.427994643013584,18.591857049993717,25222.835107009294,17655.984574906506
,,,wood,54.41950799565899,18.60970829078963,25990.885647273073,18193.61995309115
,,grass,,54.41180590714616,18.604124632152693,38245.85234095141,26772.096638665986
,,grass,,54.412955311066646,18.603529617219603,33775.098007024215,23642.56860491695
,,,grassland,54.40934980026386,18.61413523743339,116559.49167032477,81591.64416922734
,,grass,,54.35483207931811,18.64797323948779,1449.8601323652529,1014.9020926556769
,,,grassland,54.35490670487133,18.648491519932996,3940.3477870070415,2758.243450904929
Skwer Heweliusza,park,,,54.354183117608855,18.6490281105076,12658.833740852364,12658.833740852364
,park,,,54.353125512927306,18.64654256139526,3206.9638941442518,3206.9638941442518
Plac Dariusza Kobzdeja,park,,,54.35248319611967,18.650270194096773,18006.300161283587,18006.300161283587
,,,wood,54.3576035050842,18.62708865622699,19031.769592336426,13322.238714635498
,park,,,54.355130583219974,18.624889814005922,13204.633646260269,13204.633646260269
,,,grassland,54.36138492095368,18.619036806056037,170054.239534637,119037.96767424588
,,,wood,54.3257097903677,18.557013010844,136940.16375445187,95858.11462811631
,,,grassland,54.32500960283758,18.550672227178016,89251.71012703226,62476.19708892258
,,,wood,54.310870398036826,18.58178772545851,169881.0782817743,118916.754797242
,,meadow,,54.43877670461876,18.46442539589375,75656.26802244599,37828.134011222995
,,,grassland,54.43632033189197,18.46584191145448,21933.949155303966,15353.764408712776
,,,grassland,54.40722007812679,18.46782990807108,117302.27619657353,82111.59333760146
,,,grassland,54.422857925637835,18.465953044664445,57154.24446021587,40007.97112215111
,,,wood,54.381055613208325,18.498244252339504,1792722.1625367084,1254905.5137756958
Dolina Henrietty,,,grassland,54.38680570429963,18.5582145759331,80317.22515624031,56222.05760936822
Lagry,,,grassland,54.38497481162111,18.56595707582435,34847.16844381992,24393.017910673945
,,,grassland,54.354488339150095,18.563725586681795,145342.65266154212,101739.85686307948
,,,grassland,54.37172139525414,18.460099904234905,14961.137098537307,10472.795968976114
,,,wood,54.353791277444,18.652545419019535,4527.646490721389,3169.352543504972
,,,grassland,54.409787545134094,18.483549694556924,57042.777747334665,39929.944423134264
,,grass,,54.429978391057695,18.48923655641778,37638.16442426086,26346.7150969826
,,grass,,54.42197227970993,18.48665157566986,1238.6928460791826,867.0849922554278
,,grass,,54.422916244164036,18.487065329474937,16236.678831615702,11365.67518213099
,,,grassland,54.39255394144407,18.47427299965594,135744.94372369038,95021.46060658326
,,,wood,54.356126506154446,18.560362424348998,14089.93329996074,9862.953309972518
,,,grassland,54.36016847417128,18.56644330301493,22140.203882705187,15498.14271789363
,,,grassland,54.33560611272061,18.57421510762714,24947.10694565251,17462.974861956758
,,,grassland,54.331632473723374,18.560616384493372,61178.3385387987,42824.83697715909
,,,grassland,54.31783750840888,18.604955038700318,175893.92368781593,123125.74658147115
,,,wood,54.31346529087501,18.60716360257355,17272.27073467954,12090.589514275676
,,grass,,54.35989911454131,18.573854936012015,63707.90862547547,44595.536037832826
,,,grassland,54.33252671333612,18.652886693197118,58904.45848298644,41233.120938090506
,,grass,,54.41071188301443,18.542923986431887,114479.12398703082,80135.38679092156
,,,wood,54.40932175303022,18.54576279758604,56479.50327238077,39535.652290666534
,,,grassland,54.37784073896546,18.56383381352562,5438.540755702253,3806.9785289915767
,,,grassland,54.37682284222837,18.558083223959816,33708.3950328018,23595.87652296126
,,,wood,54.347957124052584,18.570431683200933,75469.58311354894,52828.70817948426
,,,grassland,54.37533667311593,18.465701379240624,89810.20312703139,62867.14218892197
,,,grassland,54.37376673661533,18.459022192109792,63185.30188827447,44229.71132179213
,,,grassland,54.37632047953514,18.46021981146699,64163.22426538081,44914.256985766566
,,,grassland,54.39282050717157,18.490946505935284,14547.006245551305,10182.904371885914
,,,wood,54.37075111297861,18.520517755895515,8834.385049393855,6184.0695345756985
,,meadow,,54.34709509512446,18.51511773926758,76385.1339065608,38192.5669532804
,,,grassland,54.34320927925997,18.51957471387026,606585.2866290933,424609.7006403653
,,,wood,54.340813545272994,18.513642373639666,17657.01755642445,12359.912289497113
,,,wood,54.33983175627789,18.52822137070046,10480.353019730486,7336.24711381134
,,,grassland,54.33699376413261,18.528249671412034,125351.59822082479,87746.11875457734
,,,wood,54.334820928063685,18.517426891586133,65152.05600803268,45606.439205622875
,,,grassland,54.339373138079644,18.495334827746355,27659.75713483349,19361.829994383443
,,,grassland,54.339228584940734,18.472967378981295,13724.351761930966,9607.046233351675
,,,grassland,54.359370556159334,18.501416767547123,33203.18047693895,23242.226333857263
,,,grassland,54.346444050214,18.49359933095758,22506.353717160844,15754.44760201259
,,,wood,54.42844232289965,18.493460483412914,16155.050744321976,11308.535521025382
,,,wood,54.35658184022642,18.532105638181758,181190.205121671,126833.14358516969
Skwer Gyddanyzc,park,,,54.35498923634393,18.653232925047323,10739.604010833,10739.604010833
Skwer Świętopełka Wielkiego,park,,,54.35167060344566,18.65336486552556,12365.185226603558,12365.185226603558
,,grass,,54.354419721442035,18.655162024923808,3958.5469679680514,2770.982877577636
Skwer im. Macieja Kosycarza,park,,,54.35349906948008,18.65622249489645,15538.575820633856,15538.575820633856
,,grass,,54.34641871185044,18.65465249818978,5965.810694215726,4176.067485951007
,,grass,,54.34844267497863,18.65571501876122,763.7524941797715,534.62674592584
,,grass,,54.347771985613754,18.652960285506172,4160.870565076644,2912.6093955536508
,,grass,,54.349212963914674,18.655539565169338,2558.056860955481,1790.6398026688366
,,grass,,54.349373389038014,18.653846041846347,1599.6647909586961,1119.7653536710873
,,grass,,54.350366576751675,18.65642804690778,6459.074261230032,4521.351982861022
,park,,,54.34992766282508,18.655920703681346,4584.735904306399,4584.735904306399
,,grass,,54.34921390257714,18.65605115079161,919.0645776063682,643.3452043244577
,,grass,,54.35239683112007,18.65388077578609,2382.9994602879533,1668.0996222015672
Targ Chlebowy,,grass,,54.350328696318876,18.652976776820225,2898.477172795793,2028.934020957055
,,grass,,54.35067325810434,18.650361406222785,3228.3443259705627,2259.8410281793936
,,grass,,54.34963065615083,18.650007974403668,781.7374003071126,547.2161802149787
,,grass,,54.34995857017809,18.649812460571685,6613.186556478233,4629.230589534763
,,grass,,54.350467534734854,18.648527471701552,636.9585919765531,445.8710143835871
Targ Drzewny,park,,,54.35210683120825,18.64836500008663,7191.430115193466,7191.430115193466
,,grass,,54.35105365326409,18.651918978645366,4662.776469511218,3263.9435286578528
,,,grassland,54.304578548471135,18.601959887160696,107273.32267059694,75091.32586941785
,,,grassland,54.306184795067765,18.592735512624554,77431.46609609871,54202.026267269095
,,,grassland,54.33644243678055,18.565354895298757,141381.4002267393,98966.9801587175
,,,wood,54.293938336184645,18.61889158786686,45857.05694742067,32099.939863194468
,,,wood,54.342843964905654,18.53143202612576,119097.67740306593,83368.37418214614
,,,grassland,54.4139715754259,18.46507491573234,41788.94176839089,29252.259237873623
,,,grassland,54.43792750862565,18.446585502208784,51473.15093379176,36031.20565365423
,,forest,,54.4568708735543,18.471805071550964,6858372.636157304,5486698.108925844
,,grass,,54.33823418695623,18.600368321067446,7188.639209066103,5032.0474463462715
,,,grassland,54.434015990922674,18.482863822945372,205902.47220090628,144131.7305406344
,,grass,,54.34845288248946,18.668598774532285,256.94514099147483,179.86159869403238
,,grass,,54.34850412866343,18.669103803001057,3283.4387316080633,2298.4071121256443
,,,grassland,54.44245296920492,18.46059262706471,66112.56273897146,46278.793917280025
,,grass,,54.42049104538777,18.564281583262684,3257.1125064321036,2279.9787545024724
,,grass,,54.34786831144664,18.66386318529051,294.8142240192505,206.36995681347534
,,grass,,54.34959401926502,18.646121599325753,587.3304995806056,411.1313497064239
,,grass,,54.34737245408037,18.66154583429767,225.5003521021319,157.8502464714923
Dawny ośrodek Alma 2,,brownfield,grassland,54.35308091054938,18.818898097264356,103713.91926522381,72599.74348565667
,,grass,,54.360755908728905,18.579384879964362,2412.0762168555148,1688.4533517988602
,park,,,54.42615240381566,18.465424373368187,4016.028603778905,4016.028603778905
,,,grassland,54.44596385149116,18.453334659614608,11948.663859015625,8364.064701310937
,,grass,,54.37711673996894,18.63189663126226,9568.977554603533,6698.284288222472
,,grass,,54.37878031372959,18.634068209096533,3035.6538757778844,2124.957713044519
,,grass,,54.378186068311344,18.634155466137003,3378.8620171189514,2365.2034119832656
,,grass,,54.377547960162,18.632960895098677,10956.282594077535,7669.397815854274
,,grass,,54.37814672027146,18.63349057178033,162.2866240498368,113.60063683488575
,,grass,,54.378494770282664,18.63340335341096,536.2821633298472,375.39751433089305
,,grass,,54.37825609069717,18.633139805717384,535.168329438808,374.61783060716556
,,grass,,54.377614917404564,18.634043130797963,145.49584811080712,101.84709367756497
,,grass,,54.37838715315265,18.634139006305187,284.100393815224,198.87027567065678
,,grass,,54.336240886576924,18.59676884973965,341.63659966437484,239.14561976506238
,,grass,,54.33652092476995,18.597167655008224,2585.6057805658975,1809.924046396128
,,grass,,54.33578415519248,18.59633903115036,4281.226079797974,2996.8582558585817
,,grass,,54.33684690394478,18.597988885082124,801.9276368474117,561.3493457931881
,,grass,,54.3788409930164,18.632743164001326,2123.3586032208427,1486.35102225459
,,grass,,54.35811295436733,18.577853561388398,20844.35990416218,14591.051932913524
,,,grassland,54.35588965866437,18.576924643339055,6956.3382105718865,4869.43674740032
,,grass,,54.357016514173225,18.576801101807224,29995.221261020575,20996.6548827144
,,grass,,54.357053988863036,18.58084433781641,18367.12734553146,12856.98914187202
,,grass,,54.36014691400504,18.578396262506118,3313.1409239348827,2319.198646754418
,,grass,,54.410445026767405,18.557953786360766,4545.167466243957,3181.61722637077
,garden,,,54.410026760276,18.557278380285407,2276.5454324362595,1821.2363459490077
,,grass,,54.41041565918531,18.557244152974842,586.3137886412551,410.41965204887856
,,grass,,54.410770916674245,18.558135727324373,621.5232804988176,435.0662963491723
,,grass,,54.410842699976975,18.559189951308788,307.09883300349145,214.969183102444
,,grass,,54.410774273123735,18.559269228366585,422.77957331690175,295.9457013218312
,,grass,,54.41032257323671,18.55871751723809,1004.1050718198646,702.8735502739052
,,grass,,54.41073972209479,18.55864752743556,1428.9262723476938,1000.2483906433856
,,grass,,54.41057026967667,18.559378602799384,298.26248692765836,208.78374084936084
,,grass,,54.410682828639736,18.55933367851982,108.70281911744372,76.0919733822106
,,grass,,54.41037669614676,18.55944523611218,428.60646914224697,300.02452839957283
,,grass,,54.4106516192931,18.55919212992147,123.97569474720063,86.78298632304043
,,grass,,54.41046812449749,18.559665136129738,556.5708740095437,389.59961180668057
,,grass,,54.41032706293086,18.5596844225809,494.7085739760017,346.2960017832012
,,grass,,54.41040338130275,18.55957805752799,123.81705496104976,86.67193847273482
Park Oliwski im. Adama Mickiewicza,park,,,54.41100435520543,18.561920702718716,357151.50618684123,357151.50618684123
,,grass,,54.411242546370616,18.560015896939117,826.3542624513038,578.4479837159126
,,grass,,54.41065066946682,18.559978118303274,1263.2636051770671,884.2845236239469
,,grass,,54.410696822665514,18.56031058790695,1047.6032408574108,733.3222686001875
,,grass,,54.41021428469962,18.560353088794027,2121.2615478364705,1484.8830834855294
,,grass,,54.410034693379934,18.560207565179777,802.1035746847746,561.4725022793422
,,grass,,54.41009445128086,18.560625871796265,811.3273572749234,567.9291500924463
,,grass,,54.410342807400944,18.560065150568892,998.0747783541897,698.6523448479327
,,grass,,54.41040737551539,18.56048268991734,780.6646486191628,546.4652540334139
,,grass,,54.40983720149681,18.56036108615361,443.3042952990351,310.31300670932455
,,grass,,54.40993575002586,18.558851950006385,338.44574598201405,236.9120221874098
,,grass,,54.409882316365845,18.560663769025776,406.16858436436735,284.31800905505713
,,grass,,54.40995817997321,18.55985156023803,2012.3300482684685,1408.631033787928
,,grass,,54.409831815229516,18.55920089601754,2261.353265076797,1582.9472855537579
,,grass,,54.40957697278569,18.55934992819809,4822.10908881317,3375.476362169219
,,grass,,54.40940401253754,18.55904619501666,1223.1042529993026,856.1729770995117
,,grass,,54.40980261156462,18.558648684570766,1745.64781888421,1221.953473218947
,,grass,,54.40934129103523,18.55927363064875,4678.3963613791,3274.87745296537
,,grass,,54.411668516487424,18.56563901853862,25079.2670037355,17555.486902614848
,,grass,,54.409965596629185,18.560594175138412,75.03047366270435,52.52133156389304
,,grass,,54.40998907016934,18.561467638462528,1185.0565056380062,829.5395539466043
,,grass,,54.410157050743635,18.562603173376306,418.41305923743903,292.8891414662073
,,grass,,54.41008158879656,18.56140445070761,1000.8222963070252,700.5756074149176
,,grass,,54.410462404481756,18.560120177018124,126.3235370184134,88.42647591288937
,,grass,,54.41049650619699,18.560358000811437,102.73759746383908,71.91631822468734
,,grass,,54.40993442738243,18.56034617011527,77.15320282280926,54.00724197596648
,,grass,,54.410230725462796,18.56256957211145,588.5658274943603,411.9960792460522
,,grass,,54.40979272039158,18.560065225274343,337.7413729233252,236.4189610463276
,,grass,,54.40964030098519,18.561100346924903,1084.5768852981394,759.2038197086976
,,grass,,54.35679033470826,18.615187276093348,5266.270134294296,3686.3890940060073
,,grass,,54.357186847273034,18.6142907535201,1734.795296067537,1214.3567072472758
,,grass,,54.35707291728072,18.614596989813936,805.5475536760671,563.8832875732469
Skwer im. Ignacego Wilczewskiego,park,,,54.35081202884601,18.6317583480729,6965.028720302966,6965.028720302966
,,grass,,54.35662953676549,18.632408123136802,2423.858401486896,1696.7008810408272
,,grass,,54.35655446667927,18.630317299999994,131.96420430993135,92.37494301695193
,,meadow,,54.39928716097358,18.464428672486335,2313.408274829091,1156.7041374145456
Dolina Reinkego (Źródlana),,,grassland,54.38897190935773,18.563076188875254,88256.16905639113,61779.318339473786
Skwer prof. Pawła Gałuszki,park,,,54.38360418326729,18.580560669636622,1474.0245835538003,1474.0245835538003
,,forest,,54.28346814897502,18.60209326007864,120728.38764963181,96582.71011970546
Skwer im. Ireny Jarockiej,park,,,54.40652600355683,18.562367450677595,14795.995143489125,14795.995143489125
,park,,,54.34745912512298,18.650155007538956,23026.945933091596,23026.945933091596
,,grass,,54.354872786463766,18.609897718474777,15894.34698736695,11126.042891156863
,,,grassland,54.337938598254645,18.517458836655702,23498.648697861747,16449.05408850322
,,grass,,54.41349987218227,18.534756427858955,21248.56769128359,14873.997383898513
,,grass,,54.416072576758744,18.532758242329166,559.1093759310035,391.3765631517024
,,grass,,54.412929991062185,18.533438118074795,2375.030392400019,1662.5212746800132
,,,wood,54.41164945461623,18.53495745926663,74220.58493655165,51954.40945558615
,,,grassland,54.42437629359124,18.594493473530303,1716.2304412832461,1201.3613088982722
,,grass,,54.36197070004579,18.64192403333333,359.9132074454929,251.93924521184502
,,grass,,54.36291589809957,18.64029865507226,17409.86191814474,12186.903342701316
,,grass,,54.36089754432748,18.641700332783362,1991.4195133724816,1393.993659360737
Park poforteczny „Grodzisko”,park,,,54.35561471039871,18.638587068927706,587533.8925936102,587533.8925936102
,,grass,,54.36139487357045,18.643359164879097,1549.3766956646798,1084.5636869652758
,,grass,,54.361367987652656,18.641550893906658,368.45849859185233,257.92094901429664
,,grass,,54.36179843484295,18.642053369286174,808.8400314346601,566.188022004262
Park im. Jana Pawła II,park,recreation_ground,,54.399218959893815,18.60099564407587,656739.1354850574,656739.1354850574
,,,wood,54.316106124720264,18.57177270640554,47608.745933911654,33326.12215373816
,,,wood,54.314705786148664,18.576777745415605,43177.21923469526,30224.053464286677
,,grass,,54.351964685844266,18.659717322528856,1585.524040332975,1109.8668282330823
,,grass,,54.32714620122646,18.610312501034496,414.61598316466836,290.2311882152678
,,grass,,54.335280920801594,18.613033090317206,18543.376118384615,12980.36328286923
,,grass,,54.420439959488384,18.579876529393953,10097.17225259564,7068.020576816947
,,,grassland,54.35328708743643,18.67110524977963,100010.98363955879,70007.68854769116
,,,grassland,54.353591303827194,18.67439251272657,6162.45767288988,4313.720371022916
,,grass,,54.359968914308084,18.6489477891862,5498.274602477108,3848.792221733975
,,,grassland,54.359446200189815,18.61576444999309,1037.0645881098087,725.945211676866
,park,,,54.37755329513128,18.60800065613342,2619.6185421581395,2619.6185421581395
,,,grassland,54.34192029177745,18.491978729631562,18834.818094034847,13184.372665824392
,,forest,,54.4295649262828,18.458326452289306,91321.08785345351,73056.87028276281
,,grass,,54.34924213555788,18.53157395462336,1161.9063985773548,813.3344790041483
,,,wood,54.36254657796701,18.563249094045,50544.62445673702,35381.237119715915
,park,,,54.36067101585862,18.60315335157972,70441.9787152886,70441.9787152886
,,forest,,54.34613711440442,18.462997731049867,1634209.5489630327,1307367.6391704262
"Zbiornik wody ""Wysoki Dwór""",,industrial,grassland,54.36517400715098,18.60584362157953,4746.42460700699,3322.497224904893
,,meadow,,54.361441000758056,18.44549613645104,109778.53901418664,54889.26950709332
,,,wood,54.357519423145234,18.450431887817842,19247.257531225932,13473.080271858153
,,,wood,54.349094463103526,18.490269515834363,1256102.7553141592,879271.9287199114
,,,wood,54.38529300180679,18.49026398171303,5423.120530612477,3796.1843714287334
,,grass,,54.37142735213903,18.613263421651684,319.8890575143461,223.92234026004226
,,grass,,54.371551912917134,18.613415749232264,147.81845716176818,103.47292001323773
,,grass,,54.370838894262405,18.614026767638908,346.43247945432154,242.50273561802507
,,grass,,54.37092575004169,18.613497599931694,540.1772186927193,378.1240530849035
,,grass,,54.37247281839413,18.61553214787888,829.8143509079991,580.8700456355994
,,grass,,54.371763810506515,18.614234949001617,137.74198339757666,96.41938837830365
,,grass,,54.37287290249132,18.615755722418697,589.6689673451772,412.768277141624
,,grass,,54.37189984656954,18.613614064477677,107.27938785102577,75.09557149571803
,,grass,,54.37159861080104,18.61285715,79.96555142729532,55.97588599910672
,,grass,,54.37178467745082,18.613419219917212,1529.1203984368149,1070.3842789057703
,,grass,,54.37239534257988,18.61367132309194,2563.599590080634,1794.5197130564436
,,grass,,54.36980678593466,18.616771448562513,5013.234413453792,3509.264089417654
,,grass,,54.37140558620715,18.620270728396275,2083.3713858598876,1458.3599701019211
,,,wood,54.407168826839396,18.44453048539121,321773.72676988825,225241.60873892176
,,grass,,54.35127225978781,18.53082509489525,918.3359315672602,642.8351520970821
,,grass,,54.35130361708713,18.532039379026983,1438.201495447059,1006.7410468129412
,,grass,,54.37118467227883,18.612606208515853,117.86037182383907,82.50226027668735
,,grass,,54.37197370350487,18.612291671432637,119.42897607854775,83.60028325498342
,,grass,water,54.353316082012746,18.534321656793544,1037.3216971432696,726.1251880002886
,,,wood,54.394083868841456,18.48408484740499,3936.5158053712585,2755.5610637598807
,,grass,,54.41286980293944,18.485783981041184,10939.439137661398,7657.607396362979
,,grass,,54.41233621028869,18.487666613247047,59406.374848806045,41584.46239416423
,,grass,,54.41318652176016,18.487294251240623,9686.765234336584,6780.735664035608
,,grass,,54.42869153018605,18.486950309241976,12645.36737224479,8851.757160571351
,,grass,,54.428341994407155,18.488976171005845,11720.596226970421,8204.417358879295
,park,,,54.37829594612008,18.61732214176613,32243.663209789094,32243.663209789094
,,,grassland,54.37710475085206,18.6198140443927,8383.495381306588,5868.446766914611
,,grass,,54.374358354176174,18.561046642056375,2650.582908719939,1855.408036103957
,,,grassland,54.32667597547912,18.61456110489852,29132.27760262606,20392.59432183824
,,,wood,54.4085212655506,18.615043784958228,43595.68542843162,30516.979799902132
Rezerwat Dolina Strzyży,nature_reserve,,,54.36179568311846,18.53410355879718,1108088.3364739271,1108088.3364739271
Rezerwat Źródliska w dolinie Ewy,nature_reserve,,,54.40731975777751,18.51504417139458,364710.20892511227,364710.20892511227
"Dawny cmentarz katolicki ""Urania""",park,,,54.383410201813234,18.597956087830394,7600.088209329262,7600.088209329262
,,grass,,54.409069554546676,18.562642295579412,7531.565509644948,5272.0958567514635
,park,,,54.40913343106627,18.55692491187356,1806.3937560677,1806.3937560677
,,,grassland,54.3639831629679,18.738349553831352,334901.7552408653,234431.22866860568
,,grass,,54.3755266036409,18.52050046633252,2023.7917870901172,1416.654250963082
,,grass,,54.376057229089,18.521102272871033,3749.0161398591185,2624.3112979013827
,,grass,,54.376424900729816,18.521112397333816,6303.647403300818,4412.553182310572
,,grass,,54.37595249877853,18.521784870555894,968.8787775911095,678.2151443137766
,,grass,,54.3763551399599,18.52230168651153,1891.2005811198549,1323.8404067838983
,,grass,,54.376363384545044,18.526790599898874,5040.603782124001,3528.4226474868
,garden,,,54.38035186304086,18.48276780342235,1367.405717796726,1093.924574237381
,,,wood,54.40837098528536,18.617893991217805,40922.15669916612,28645.50968941628
Park księdza kanonika Kazimierza Orkusza,park,,,54.391733043435934,18.64723131968644,23713.362731123594,23713.362731123594
,,,wood,54.33977024630585,18.511611940751806,31404.857097871423,21983.399968509995
,,grass,,54.34189856477287,18.647183224548883,14857.381911806819,10400.167338264773
Gdański Ogród Zoologiczny,park,,,54.41469146618071,18.533479174348045,1951035.7374704813,1951035.7374704813
,,grass,,54.41383821747321,18.573356590169347,29190.931175347494,20433.651822743246
,,,wood,54.3428778150421,18.516262950382952,12511.950912029442,8758.36563842061
,,meadow,,54.37361394319422,18.62572546169541,1661.4756638017293,830.7378319008646
,,grass,,54.37687170012578,18.58172860004911,103.81029887642075,72.66720921349452
,,grass,,54.37675730010407,18.581946050044003,80.61088830726624,56.42762181508636
,,grass,,54.376631258507786,18.582141445335665,40.39999640847569,28.279997485932977
,,grass,,54.376534892571065,18.582372818861597,83.53465951718414,58.474261662028894
,,grass,,54.37641263405533,18.582555088280746,78.39235547222836,54.87464883055985
,,,wood,54.40193933636528,18.602027016035553,4246.5123959151715,2972.5586771406197
,,,wood,54.400544645005624,18.594784687584117,6008.705708854142,4206.093996197899
,,industrial,grassland,54.40121452153537,18.61986233709421,1120.199542895733,784.139680027013
,,industrial,grassland,54.400374700100926,18.620238350024042,1010.3076038811275,707.2153227167893
,,industrial,grassland,54.401533401764084,18.618171917220586,1043.8254209136528,730.677794639557
,,industrial,grassland,54.40335935011012,18.617143200021534,1054.693288708722,738.2853020961054
,,industrial,grassland,54.4026061500926,18.618055150021576,923.7729637116636,646.6410745981644
,,industrial,grassland,54.40416505011818,18.616526100016625,1095.2057362171165,766.6440153519815
,,,wood,54.352640939995695,18.750075024967572,191040.51085044164,133728.35759530915
,,grass,,54.42106098487076,18.58380556295044,1534.8649114777359,1074.405438034415
,,,grassland,54.397877686633976,18.476036510419643,18834.687471764275,13184.281230234992
,,,wood,54.375518038582584,18.495741405832494,1268647.5859932431,888053.3101952701
,,,grassland,54.35442941655764,18.475422912760436,228504.57690746104,159953.20383522272
,,grass,,54.40088397821037,18.574203392843412,506.1982953803978,354.3388067662784
,,grass,,54.40121439472287,18.573987600410966,154.95735274105107,108.47014691873574
,,grass,,54.39977774253603,18.575045930351717,4070.6678822209733,2849.4675175546813
,,grass,,54.40129436136662,18.575570616898066,2017.9630639274758,1412.574144749233
,,grass,,54.360633598078806,18.71050399742788,509.39486518193297,356.57640562735304
,,grass,,54.36054619912731,18.710175771300825,177.57304225246202,124.3011295767234
,,grass,,54.36159011121591,18.712328755732603,66.28282096976163,46.39797467883314
,,grass,,54.3603645787955,18.711673958597505,459.8701983291757,321.909138830423
,,grass,,54.36036783827217,18.711429116139815,347.8546623075588,243.49826361529114
,,grass,,54.36061812449676,18.71281590763617,1468.4782217130687,1027.934755199148
,,grass,,54.36069327492283,18.709161010571,278.45876032377714,194.92113222664398
,,grass,,54.360389877133464,18.710835317298162,237.99407368870493,166.59585158209345
,,grass,,54.360618141748674,18.709147862951898,421.83846987995423,295.28692891596796
,,grass,,54.36075652655424,18.713001861047875,605.7258732453042,424.00811127171295
,,grass,,54.36053804989211,18.710766519325865,563.1188538428363,394.1831976899854
,,grass,,54.37308376197176,18.728731177028692,504.1175728975726,352.8823010283008
,,grass,,54.372959783620956,18.72891805014188,580.1265023820406,406.0885516674284
,,grass,,54.37330369616648,18.728328021939866,3574.2463674313167,2501.9724572019213
,,grass,,54.37319386173055,18.72913075503283,2449.842649284241,1714.8898544989686
,,grass,,54.36266535101406,18.715272610300758,3272.845854101407,2290.9920978709847
,,grass,,54.36273312183291,18.71437242315178,201.59091106748897,141.11363774724228
,,grass,,54.36165580281977,18.715100708711052,483.4322078222083,338.40254547554576
,,grass,,54.36253892475972,18.714393625984492,665.4248687983278,465.7974081588294
,,grass,,54.36164896607556,18.714660702769898,4194.6103964181075,2936.227277492675
,,grass,,54.363126649928844,18.71537127389036,509.2305112086231,356.46135784603615
,,grass,,54.35670631177414,18.67991757223906,9916.56261565256,6941.593830956791
,,grass,,54.36096032390284,18.712689216011455,230.87838559267516,161.6148699148726
,,grass,,54.36095969924373,18.712923246270275,815.5022544550849,570.8515781185594
,,grass,,54.360926424844834,18.712560912129938,326.8712490531224,228.80987433718568
,,grass,,54.395711185764256,18.57309882902943,7064.175101655277,4944.922571158693
,,grass,,54.3963093882994,18.57326685543421,441.58924431811556,309.1124710226809
,,grass,,54.39679292633735,18.57268098068786,440.7278967107255,308.5095276975078
,,grass,,54.39638565493099,18.57300845615979,526.3185715585829,368.423000091008
,,grass,,54.3966899826833,18.574073966750294,2062.8351664067004,1443.9846164846902
,,grass,,54.396463619855524,18.573337324631353,870.7397070430219,609.5177949301153
,,grass,,54.39627629703341,18.572918301690443,134.43089753608032,94.10162827525622
,,grass,,54.39635032809408,18.5728461213575,113.76618439695383,79.63632907786767
,,grass,,54.39652706919596,18.572897892713613,102.85970213774792,72.00179149642354
,,grass,,54.39621194019023,18.572434698568255,994.0192879000157,695.813501530011
,,grass,,54.396607581288556,18.573150151357893,98.22902906068401,68.7603203424788
,,grass,,54.35984176630309,18.715125942674376,2045.2558727795872,1431.679110945711
,,grass,,54.360211632424004,18.71573226816998,148.8016412195127,104.16114885365889
,,grass,,54.36008921411564,18.71452847196118,1154.553530131516,808.1874710920612
,,grass,,54.35976285336404,18.713136856552158,1518.399964656011,1062.8799752592076
,,grass,,54.36042775482785,18.71520123734441,2381.590323958044,1667.1132267706307
,,grass,,54.36003125276559,18.71940564533285,394.8149321339008,276.37045249373057
,,grass,,54.36010874645017,18.71286719818346,955.1487701175156,668.6041390822609
,,grass,,54.36077815610591,18.715446965875664,361.19320328372436,252.83524229860703
,,grass,,54.35952698715535,18.714527451236258,2678.2685829514057,1874.7880080659838
,,grass,,54.36073024577217,18.714950581812854,2482.687057714203,1737.8809403999421
,,grass,,54.359941322037365,18.715722112379233,1685.8507971610552,1180.0955580127386
,,grass,,54.360447743953166,18.714171663497574,5005.791280454819,3504.053896318373
,,grass,,54.35936633368928,18.71380370478092,1806.0074841244975,1264.2052388871482
,,grass,,54.36021155342039,18.713219599475348,2528.9508165484967,1770.2655715839476
,,grass,,54.359922167595464,18.71896753033769,5563.568730698553,3894.4981114889865
,,grass,,54.35961494612903,18.715429819714483,720.4846394445963,504.33924761121733
,,grass,,54.36068363157178,18.715285403317196,302.0130155548874,211.40911088842114
,,grass,,54.360562204946554,18.71554510549964,355.57822355666895,248.90475648966824
,,grass,,54.35992806988538,18.713808952603085,1734.8286256409947,1214.380037948696
,,grass,,54.36035734777739,18.715646640041808,422.4456388944815,295.711947226137
,,grass,,54.35952696908112,18.71064455293867,1606.1589012360928,1124.3112308652649
,,grass,,54.36155403339251,18.708021566666662,316.0666678811114,221.246667516778
,,grass,,54.36135297849782,18.708007585537786,945.4794728090505,661.8356309663353
,,grass,,54.398858907348284,18.572683068557655,236.61647012170067,165.63152908519046
,,grass,,54.39846898040897,18.573147043271117,1955.3220948814123,1368.7254664169886
,,grass,,54.39699645398898,18.573499625308603,5991.412721023483,4193.988904716438
,,grass,,54.39678262381786,18.57296669836873,1451.661548365488,1016.1630838558415
,,grass,,54.39757069495864,18.573149745659865,12021.75246769764,8415.226727388348
,,grass,,54.39925022831394,18.57234696137983,1275.841374748496,893.0889623239472
,,grass,,54.36196558296732,18.715240134827788,862.5218626886292,603.7653038820404
,,grass,,54.36328773801011,18.71438797132992,674.6171617882482,472.23201325177365
,,grass,,54.3616712557176,18.715691584521622,1585.4102563966314,1109.787179477642
,,grass,,54.36126652525446,18.718707053587842,1823.8152548104051,1276.6706783672835
,,grass,,54.36123127010524,18.716312948906197,1397.422673805138,978.1958716635964
,,grass,,54.36113288689239,18.716849259096396,2652.393320782482,1856.6753245477373
,,grass,,54.36127179957818,18.717528849549964,1546.3422552461334,1082.4395786722932
,,grass,,54.36129827661934,18.718121651828607,1465.7588211424093,1026.0311747996864
,,grass,,54.36098680271544,18.717416949050104,248.4930732887147,173.94515130210027
,,grass,,54.36100665290195,18.718016148663274,248.16705723349276,173.71694006344492
,,grass,,54.3613996912052,18.717875204323835,199.17622051548383,139.4233543608387
,,grass,,54.36137858782543,18.717278459218196,198.9733313779931,139.28133196459515
,,grass,,54.36142181605291,18.71847379896709,199.26426951650825,139.48498866155578
,,grass,,54.361784539380494,18.715859304529225,590.2564342508442,413.17950397559093
,,grass,,54.33766201685293,18.62712834221324,162.56342968885244,113.7944007821967
,,grass,,54.33762186376187,18.626715707653332,231.7386633990779,162.21706437935453
,,grass,,54.33799691546777,18.627368494241875,138.82572467872964,97.17800727511074
,,grass,,54.337900194761865,18.626981065584776,165.05626223305404,115.53938356313782
,,grass,,54.33774982616267,18.627523625265834,200.31644955319402,140.2215146872358
,,grass,,54.33738504595861,18.627360422164905,312.3263061718806,218.6284143203164
,,grass,,54.33783039621423,18.62725325785509,723.2818036018757,506.297262521313
,,grass,,54.41996268836321,18.605741834272703,247.94136786315573,173.558957504209
,,grass,,54.42322992316468,18.597181071811328,252.4655959145288,176.72591714017014
,,grass,,54.39813985247938,18.57370497929668,910.6436972854178,637.4505880997924
,,grass,,54.39784646127106,18.57422671120457,166.65236631062524,116.65665641743766
,,grass,,54.39828952863369,18.573984299731848,594.6953262836779,416.2867283985745
,,grass,,54.39677370568052,18.575966208550454,13374.361052883529,9362.05273701847
,,grass,,54.39760914271108,18.57362649266873,517.145066766678,362.0015467366746
,,grass,,54.39801266212582,18.572493794849066,6036.61478796391,4225.630351574737
,,grass,,54.39795388875766,18.574036823533696,1393.7237291725014,975.6066104207509
,,grass,,54.39781140116878,18.573741408046565,542.4871953424907,379.7410367397435
,,grass,,54.39759407718709,18.575132906557357,5633.496779102905,3943.4477453720333
,,grass,,54.3981717253473,18.57405238049096,24.60763626498599,17.225345385490193
,,grass,,54.400367461428885,18.572797031196195,273.6352228067326,191.5446559647128
,,grass,,54.4006403300689,18.574033813510344,117.30390462669405,82.11273323868583
,,grass,,54.400956621230186,18.573807090491474,175.15215037095075,122.60650525966551
,,grass,,54.400796988984844,18.573954840809282,66.82293175652069,46.77605222956448
,,grass,,54.400535510912356,18.57334833035236,956.5764174850079,669.6034922395055
,,grass,,54.400667508195625,18.573763184285966,111.85968453609246,78.30177917526471
,,meadow,,54.408548943891056,18.52127110550006,22076.34610076398,11038.17305038199
,,grass,,54.3560219858777,18.647499175649617,6328.565726210199,4429.996008347139
Polana Świętojańska,,meadow,,54.415396519985556,18.544400582814397,7631.902066492526,3815.951033246263
,,meadow,,54.35834695007266,18.65590689994837,1073.3477852148792,536.6738926074396
,park,,,54.38014728533246,18.607770541184525,5811.700746848678,5811.700746848678
,park,,,54.38215714951781,18.613536381101163,1314.7924297061074,1314.7924297061074
,,forest,,54.40979733458021,18.44346679620617,11626.774695390122,9301.419756312098
,,grass,,54.37370104184806,18.63282499919657,13269.690273181881,9288.783191227316
,,,grassland,54.32963610172149,18.542777484410685,38493.97063915775,26945.779447410423
,,,grassland,54.33427835056605,18.549135408613886,168759.92522125042,118131.94765487529
,,,wood,54.31887551473177,18.485800724606626,150469.44661946324,105328.61263362426
,,,wood,54.37221825081241,18.625872387761046,487.73631915746705,341.41542341022694
Park XXV-lecia Polski Rzeczypospolitej Ludowej,park,,,54.369298036882874,18.623280157821412,43388.02008800847,43388.02008800847
Park im. Św. Barbary,park,,,54.349278514389354,18.664356605365636,49958.401113214466,49958.401113214466
,,grass,,54.36036184460872,18.709923933188957,402.7827614163411,281.94793299143873
,,grass,,54.36031662535948,18.709673489849784,532.2487489424437,372.5741242597106
,,grass,,54.36014541752592,18.71208773803807,2214.576213630401,1550.2033495412807
,,grass,,54.36002981556321,18.709789453582324,1719.8267591091242,1203.878731376387
,,grass,,54.35985625627869,18.710310560576506,4358.917712611892,3051.2423988283244
,,grass,,54.35915618086794,18.711063462256387,1709.850754281975,1196.8955279973825
,,grass,,54.36209822108232,18.715012391158382,4423.275347052668,3096.2927429368674
,,grass,,54.36250350473085,18.71500903051486,142.34456268068163,99.64119387647713
,,grass,,54.36363581820585,18.712439695380716,58.792699534466614,41.15488967412663
,,grass,,54.36366757268488,18.71267536574711,820.2230968847921,574.1561678193544
,,grass,,54.362610382995705,18.713909451887904,2390.5519727429023,1673.3863809200316
,,grass,,54.36122459775102,18.71041124373443,2066.4948706151745,1446.5464094306221
,,grass,,54.36093280434651,18.709267990031005,2618.3443875388284,1832.8410712771797
,,grass,,54.36110391546829,18.709788190588515,2997.946226503344,2098.562358552341
,,grass,,54.361501544917665,18.70866230416135,1272.9322763549299,891.0525934484508
,,grass,,54.360017995669125,18.71144161551959,822.3067575067066,575.6147302546946
,,grass,,54.36049678878739,18.715977444339,269.61096696325586,188.7276768742791
,,grass,,54.35935281669497,18.71075515319134,462.6840128657314,323.878809006012
,,grass,,54.360375212950494,18.7193015134161,447.11669064710856,312.981683452976
,,grass,,54.359601248774325,18.71131589762497,3325.557075491494,2327.8899528440456
,,grass,,54.36016503545785,18.711067403755617,2182.3633306061306,1527.6543314242913
,,grass,,54.35936838359703,18.711220058399455,461.01369620955705,322.70958734668994
,,grass,,54.36064049793784,18.715776992718308,87.34756349407996,61.14329444585597
,,grass,,54.3603395350653,18.71608157692586,281.1665842538912,196.81660897772383
,,grass,,54.360361414540876,18.715982793447978,156.0311781800757,109.22182472605299
,,grass,,54.36026580696844,18.719405148893188,122.66400276127499,85.86480193289249
,,grass,,54.359346521629725,18.71056616413872,222.676159364656,155.8733115552592
,,grass,,54.360670164854625,18.715936309423423,262.9620303227439,184.0734212259207
,,grass,,54.36043789354544,18.719382252238027,104.84882387315429,73.39417671120799
,,grass,,54.35936051208409,18.71098727265313,465.77104917497036,326.0397344224792
,,grass,,54.36053193971786,18.716153734413112,585.2182191963723,409.65275343746055
,,grass,,54.36041002150356,18.715886162660244,151.026371782698,105.71846024788859
,,grass,,54.360179759163955,18.71030063260408,220.55802176951437,154.39061523866005
,,grass,,54.354537412419084,18.64527652284571,134.66279490473048,94.26395643331132
,,grass,,54.35662206651243,18.645753088440383,1852.4466529453873,1296.712657061771
,,grass,,54.356981586413156,18.64606262439355,1383.7212418220938,968.6048692754656
,,grass,,54.35609824675075,18.64581337466276,319.3834642263689,223.56842495845822
,,grass,,54.36117789759756,18.643640193505778,2430.3112634183467,1701.2178843928425
,,grass,,54.35982896376518,18.708215546602393,1283.958492007347,898.7709444051429
,,grass,,54.359273082226586,18.706400782837274,1471.3681442847037,1029.9577009992925
,,grass,,54.35933971046872,18.70603488684497,1615.7374010075307,1131.0161807052714
,,grass,,54.35896849323515,18.706120122176852,1373.6714373540422,961.5700061478294
,,grass,,54.3600626883468,18.707198208509208,131.46035724450226,92.02225007115157
,,grass,,54.35986594566882,18.706792305261132,466.6025230617786,326.621766143245
,,grass,,54.35938100337592,18.707466927026637,2271.3673736254254,1589.9571615377977
,,grass,,54.36007150863812,18.7076462826889,1653.3238257663272,1157.326678036429
,,grass,,54.358882476387485,18.705242731089296,5605.615963332837,3923.931174332986
,,grass,,54.35965010584227,18.70684052026687,3010.383321358331,2107.268324950832
,,grass,,54.358347855946235,18.705475252852487,3398.6995852033033,2379.0897096423123
,,grass,,54.35863000737283,18.70562478802325,1053.813561556512,737.6694930895584
,,grass,,54.359936904724144,18.708744602440387,246.57897058516377,172.60527940961464
,,grass,,54.358604743886836,18.705119183649092,538.1532854044548,376.70729978311834
,,grass,,54.359215502022366,18.71215168145229,1063.1648913461734,744.2154239423213
,garden,,,54.361320448263434,18.70832366687955,349.7701927460202,279.81615419681617
,,grass,,54.36091846279153,18.7085122572736,1706.1477260529007,1194.3034082370305
,,grass,,54.36160125000358,18.708150200001043,59.04095935376545,41.328671547635814
,,grass,,54.36167086664496,18.709046966811822,125.22532925940757,87.65773048158529
,,grass,,54.36161629844052,18.70834377867362,121.53233665287473,85.07263565701231
,,grass,,54.36163439695561,18.708576929581543,135.389825869364,94.77287810855479
,,grass,,54.36165240460386,18.708808898048197,124.35499575911207,87.04849703137845
,,grass,,54.359331435705634,18.712899842235853,1425.829694857243,998.0807864000701
,,grass,,54.361034881112595,18.71912016859109,114.08690236201389,79.86083165340972
,,grass,,54.36149247806764,18.717504588935533,517.3620319009532,362.1534223306672
,,grass,,54.36147443030453,18.717090194625847,155.0824246392472,108.55769724747303
,,,grassland,54.30573132629727,18.666145919231628,30634.968039603707,21444.477627722594
,,,grassland,54.343875423861206,18.766640070586547,165631.74656822497,115942.22259775747
,,,grassland,54.34597396000871,18.768760998226956,114579.36444536746,80205.55511175722
,,grass,,54.34400285545933,18.663898377233732,488.7539261904619,342.1277483333233
,,grass,,54.34413927560289,18.663935969741274,1102.7976074331127,771.9583252031789
,,,grassland,54.34586135650925,18.764649346536082,17646.430139089756,12352.501097362829
,,,grassland,54.34795430752208,18.77767117629271,7016.269168864645,4911.388418205251
,,,grassland,54.341694949835585,18.692827878181742,27767.07278816953,19436.95095171867
,,,grassland,54.354668519574545,18.6826119291503,3363.6456793411335,2354.551975538793
,,,wood,54.39170029794748,18.481005974596968,33520.773194419686,23464.541236093777
,,,wood,54.32736769697211,18.918754096089202,30864.020462396024,21604.814323677216
,,,grassland,54.2794370494226,18.935516038865178,3073161.32076819,2151212.9245377327
,,grass,,54.28544330737045,18.927422317686105,1240252.0316987385,868176.4221891168
,,,grassland,54.283201586728865,18.62963843831438,14792.500967440503,10354.75067720835
,,,grassland,54.29356654744139,18.60871125444643,454635.4781948455,318244.83473639184
,,,grassland,54.3018801643057,18.601468312339186,23505.162638091584,16453.61384666411
,,grass,,54.379161728710656,18.44579359763657,9032.089392731717,6322.4625749122015
,,,grassland,54.37849123493312,18.451850169928317,20323.40880511435,14226.386163580046
,,,grassland,54.37566030458787,18.44933913806595,19286.05453815925,13500.238176711473
,,,grassland,54.383255895434914,18.476090020847113,18856.805368542355,13199.763757979648
,,grass,,54.356457168938874,18.6811560129937,90.06017127805487,63.042119894638404
,,grass,,54.35149866917302,18.6713236226261,1274.388273100243,892.0717911701701
,,grass,,54.35136666033182,18.671411008250725,341.62926637420037,239.14048646194024
,,grass,,54.35129448416065,18.671247876308307,298.9434339297042,209.26040375079293
,,grass,,54.35218490847587,18.672014273353604,736.4538943609712,515.5177260526798
,,grass,,54.350994004386706,18.670939514767547,1642.8516611746309,1149.9961628222416
,,grass,,54.351995548875045,18.67175011475971,719.2710762003358,503.489753340235
,,grass,,54.35170674737322,18.67145673021694,544.4408791850091,381.1086154295063
,,grass,,54.35181152236216,18.671653062889902,322.16499451668375,225.5154961616786
,,grass,,54.35125470743494,18.67108032842911,402.65520796245494,281.85864557371843
,,grass,,54.39417838307769,18.638538209174644,536.0762271616795,375.25335901317567
,,grass,,54.39428662816851,18.638208063697725,605.0449725211666,423.53148076481665
,,grass,,54.36331961649435,18.715503352857883,609.221899400765,426.4553295805355
,,grass,,54.36322470125927,18.713600771563158,2562.871081032041,1794.0097567224284
,,grass,,54.36301450207521,18.714419893714506,3360.9460255927293,2352.6622179149103
,park,,,54.36357355665577,18.713710564124863,1073.0139539566253,1073.0139539566253
,,grass,,54.351878795251366,18.671844403254386,507.48622220162997,355.24035554114096
,,grass,,54.35129704714054,18.671966050687555,543.1349187350382,380.19444311452673
,,grass,,54.35168012334046,18.67170004061677,707.7362522795844,495.41537659570906
,,grass,,54.35119129710538,18.671323992865,298.0612441477849,208.64287090344942
,,grass,,54.35146039435241,18.671601052960593,702.7262498984861,491.90837492894025
,,grass,,54.351470637421016,18.672018954888195,1060.5723561557802,742.4006493090461
,,grass,,54.35096323779036,18.67165133917634,2022.011825628476,1415.408277939933
,,grass,,54.35086617360793,18.671161844420915,2514.518844628545,1760.1631912399814
,,grass,,54.35200016155959,18.672380011164933,3910.9617317197294,2737.6732122038106
,,grass,,54.35925446183666,18.706887075609398,584.0369764744016,408.8258835320811
,,grass,,54.35861211766295,18.706660454914324,129.55313896975025,90.68719727882517
,,grass,,54.358411512058915,18.706552062571287,103.28526772030108,72.29968740421074
,,grass,,54.358558681595966,18.70757045122736,420.90447374866744,294.6331316240672
,,grass,,54.35796089658589,18.70725490860013,491.3086468872357,343.91605282106497
,,grass,,54.358369589636666,18.707480996073063,308.8175967021215,216.17231769148503
,,grass,,54.35804486145365,18.708171177868987,1604.1164220311507,1122.8814954218053
,,grass,,54.35852831722319,18.708103614851762,1883.4965635377632,1318.4475944764342
,,grass,,54.35859615342221,18.706289001081185,1575.939960279072,1103.1579721953503
,,grass,,54.359145170344526,18.70659016327872,50.480119895618635,35.33608392693304
,,grass,,54.35835121389699,18.708172716730825,25.9970158873723,18.197911121160608
,,grass,,54.35912414423745,18.706708747277606,90.6997567514473,63.489829726013106
,,grass,,54.35909873605359,18.7068520879373,93.03507569979446,65.12455298985611
,,grass,,54.35847471718326,18.708648993232273,159.88047563071984,111.91633294150388
,,grass,,54.358142389030746,18.707131650220184,2547.8950561066035,1783.5265392746223
,,grass,,54.359067358921564,18.70702916862973,139.50385610964312,97.65269927675018
,,grass,,54.358471212552146,18.707552571465378,28.186545072418973,19.73058155069328
,,grass,,54.35856417732398,18.7072286512106,40.833602496805604,28.58352174776392
,,grass,,54.35841406117646,18.70799311026911,271.6563925582042,190.1594747907429
,,grass,,54.358339912888944,18.70776763048419,66.50267797628139,46.55187458339697
,,grass,,54.35896813284298,18.706822971745567,341.6788673439092,239.1752071407364
,,grass,,54.35845230116453,18.70775626029605,255.98384381513114,179.1886906705918
,,grass,,54.359781630168484,18.716521147588534,3480.4757732921294,2436.3330413044905
,,grass,,54.35497727939802,18.75130496685753,256611.69992314785,179628.1899462035
,,grass,,54.37277223825136,18.72975299170825,3579.317939840742,2505.5225578885193
,,grass,,54.35192652663634,18.647304675490467,1174.0060725128626,821.8042507590038
,,grass,,54.35189695429165,18.6468026735389,83.07009033052776,58.14906323136943
,,grass,,54.34749252159828,18.662630574334454,116.40561846623433,81.48393292636402
,,grass,,54.347520461619645,18.662803448510108,348.00922132551983,243.60645492786387
,,,grassland,54.42764886420505,18.459564501799964,35196.61396236164,24637.629773653145
,,grass,,54.34532080997607,18.66356823668254,1361.5606327403489,953.0924429182442
,,grass,,54.34536645791822,18.66247267404454,1324.1004214635668,926.8702950244967
,,grass,,54.34487864861976,18.663344367126275,621.2977236456836,434.9084065519785
,,grass,,54.345288858010896,18.6613251787199,3481.2999257910283,2436.9099480537197
,,grass,,54.345442994624214,18.662782394449486,367.50225449744613,257.2515781482123
,,grass,,54.37822214334672,18.448004869640513,56505.029413459655,39553.52058942176
,,,grassland,54.37909759235273,18.448079958654443,24116.900617907955,16881.830432535568
,,grass,,54.374743421788935,18.447408481360533,43327.157383875325,30329.010168712724
,,,grassland,54.33978755153432,18.516004012253212,10994.558533274907,7696.190973292434
,,,grassland,54.393035105472066,18.48091920929587,156294.51639633873,109406.16147743711
,,grass,,54.379554612351974,18.462167996446553,211829.7710657812,148280.83974604684
,,grass,,54.37771523986336,18.46726986618411,6800.412778390761,4760.288944873532
,,grass,,54.37476315273079,18.48122206571044,251051.37104617016,175735.9597323191
,,grass,,54.37293508734138,18.488738866578824,116984.42683795106,81889.09878656574
,,grass,,54.37227211109199,18.49188757603596,10513.734846680005,7359.614392676003
,,grass,,54.37659662692207,18.474613903135737,55530.25418013973,38871.17792609781
,,grass,,54.377294886998,18.471122473868018,111075.79425966284,77753.05598176399
,,grass,,54.37540503284348,18.47165918708929,1541176.6640686854,1078823.6648480797
,,grass,,54.3716030264786,18.495865688470996,232781.05886096173,162946.7412026732
,,grass,,54.36912546843308,18.500103130434713,76310.34590035143,53417.242130246
,,grass,,54.37544032428479,18.484559969359477,155372.8068669089,108760.96480683623
,,grass,,54.37776244776034,18.47610497465065,81814.39463627107,57270.07624538975
,,grass,,54.38194736128748,18.452967667642177,238843.32654555343,167190.32858188738
,,grass,,54.38285027268576,18.45705874574041,225038.3007230444,157526.81050613106
,,grass,,54.35745505871927,18.709576816794595,1714.9057321597888,1200.4340125118522
,,grass,,54.360565865979964,18.714700697270597,147.00586903034645,102.9041083212425
,,grass,,54.36063158663664,18.7145674875904,535.2731451463202,374.6912016024241
,,,grassland,54.366407746536105,18.682166681554587,87351.95037359733,61146.36526151813
,,grass,,54.35660157883976,18.68159518188417,1478.2952777474682,1034.8066944232276
,,,grassland,54.35862770152165,18.688897340116164,7513.20938239924,5259.246567679467
,,,grassland,54.35895027754821,18.690155825032402,37046.48445867139,25932.53912106997
,,,wood,54.382869836629986,18.68674991504348,111136.72654803019,77795.70858362112
,,,grassland,54.38474146731359,18.688845055517824,258856.69783047694,181199.68848133384
,,,wood,54.38559228545809,18.69680613187763,305725.27508526965,214007.69255968873
,,,grassland,54.38694393549087,18.69238079114609,27938.16231815846,19556.71362271092
,,,grassland,54.43890684920199,18.439540535986048,39422.650137161356,27595.855096012947
,,,grassland,54.439366697620756,18.43713053625473,1318.7537621652518,923.1276335156762
,,,grassland,54.44292157895922,18.45449669641539,143417.0120371339,100391.90842599374
,,,wood,54.44079791288672,18.453961960353496,11867.392202107825,8307.174541475477
,,grass,,54.43868857771687,18.4512363860883,9470.326993474075,6629.228895431852
,,,grassland,54.44096673108582,18.45349709407696,10599.888471642438,7419.921930149706
,,,grassland,54.439335460027195,18.454866342526653,10961.195058923602,7672.836541246521
,,,wood,54.43886650553135,18.454712335553697,1832.7902206047706,1282.9531544233394
,,,wood,54.2838189480758,18.606414271124674,11421.990400044993,7995.393280031495
,,,grassland,54.28370935337707,18.610009363498317,180507.8724638647,126355.5107247053
,,,grassland,54.28042247602292,18.60910386669877,672375.0223107096,470662.5156174967
,,,wood,54.28131474058359,18.60962846450995,34153.91864240636,23907.74304968445
,,,grassland,54.28360025727394,18.606280347241828,4004.476391594679,2803.1334741162755
,,,grassland,54.28487643516222,18.60218958406743,244330.69028083805,171031.48319658663
,,grass,,54.37527674998411,18.521192916077688,2966.465311658312,2076.5257181608185
,,grass,,54.35140064508809,18.600979702040345,2581.1101158521496,1806.7770810965046
,,grass,,54.36021157851555,18.58214542008892,2458.607507682266,1721.025255377586
,,grass,,54.33687073249934,18.610705460745773,1586.7151885598475,1110.7006319918933
,,grass,,54.321636285482406,18.55242725645288,300.4693702438423,210.3285591706896
,,grass,,54.32135829669335,18.552351223878166,135.84716299962562,95.09301409973793
,,grass,,54.320747086924825,18.553282765756425,390.6632381816795,273.46426672717564
,,grass,,54.3214955728973,18.551698464536155,275.9374050492378,193.15618353446644
,,grass,,54.32136039455252,18.551893632250092,139.30257749366268,97.51180424556387
,,grass,,54.32127396602178,18.551727970454355,174.14537917231803,121.90176542062261
,,grass,,54.32088944202853,18.553095533961553,221.98286834645205,155.38800784251643
,,grass,,54.35198900009761,18.649214798098527,86.6733249433184,60.67132746032288
,,grass,,54.352206129303774,18.648754952441966,703.5950146739181,492.5165102717426
,,grass,,54.35175925653557,18.64793499986113,1060.690567025375,742.4833969177624
,,grass,,54.351772438205614,18.649303209359296,3199.907473984667,2239.9352317892667
,,grass,,54.35195945996814,18.648335793648968,1724.3499879946862,1207.0449915962802
,,grass,,54.352191850250655,18.648154889960846,2410.7414986930603,1687.5190490851421
,,grass,,54.35192108824201,18.649639269896166,510.86864938512247,357.6080545695857
,,grass,,54.35180581284514,18.64976567895278,1130.8801056298034,791.6160739408624
,,grass,,54.35180180101945,18.647255956329104,166.71103730159717,116.69772611111802
,,grass,,54.35205011017814,18.64872932569714,177.27273356128356,124.09091349289848
,,grass,,54.35157391253254,18.648089812536544,415.3361214964638,290.73528504752466
,,,grassland,54.339135160249135,18.873943763243137,213304.39807853536,149313.07865497476
,,greenfield,grassland,54.339715926715826,18.87534828362969,1099.0631182803165,769.3441827962215
,,grass,,54.33994865297636,18.63910710615604,483.8779935823161,338.71459550762125
,,meadow,,54.378511861430034,18.46784760850496,5814.492651323921,2907.2463256619603
,,meadow,,54.38039303367629,18.472649866335853,1955.321487310614,977.660743655307
,,meadow,,54.380162682237106,18.472476396470938,3437.876755806292,1718.938377903146
,,grass,,54.37953453302596,18.475027497875896,870.5292932806856,609.3705052964799
,,grass,,54.37990954729784,18.47354833606554,3851.159983277492,2695.811988294244
,,grass,,54.37967762197378,18.47450421804176,2215.7612127542516,1551.032848927976
,,grass,,54.379173741110314,18.474731835410818,3969.5908409099115,2778.713588636938
,,grass,,54.37957800986897,18.476880942104223,3985.160428593639,2789.612300015547
,,grass,,54.379650025465814,18.476073194653086,479.15235556512005,335.406648895584
,,grass,,54.3797362220079,18.47550441198445,4062.893016910615,2844.0251118374304
,,meadow,,54.37739703457267,18.47981651685061,13369.949281759595,6684.974640879797
,,,grassland,54.42080990646987,18.58895610549519,1790.8850344294653,1253.6195241006258
,,grass,,54.38254476157747,18.615333126537443,1747.564070721819,1223.2948495052733
,,grass,,54.38280766209086,18.61515867739059,432.45852313657554,302.72096619560284
,,grass,,54.38214665397375,18.61558515706404,502.36133493696775,351.6529344558774
,,grass,,54.38317479526652,18.61521874255219,585.1112770079454,409.5778939055618
,,grass,,54.383015419614125,18.615123233701073,1574.005687631786,1101.8039813422502
,,forest,wetland,54.40356697503044,18.55573248627678,5568.251022665985,4454.600818132788
Park Nostalgiczny,park,cemetery,,54.36833645523004,18.617964372949537,14398.947013394238,14398.947013394238
,,grass,,54.3885020343959,18.607519597126892,1211.2550812422053,847.8785568695437
,garden,,,54.38044834011229,18.610432772880284,2956.0311277456717,2364.8249021965376
,park,,,54.38342538717912,18.61518613715083,1027.797846594456,1027.797846594456
,,,wood,54.36546421259102,18.5002921498928,103907.47507070251,72735.23254949175
,,grass,,54.407085598486155,18.556782706733546,925.8008513955173,648.060595976862
,,grass,,54.409908997791796,18.570745918352678,1576.6697006836398,1103.6687904785479
,,grass,,54.399231803501344,18.668961688005574,48.50353759832801,33.9524763188296
,,grass,,54.39927803923619,18.669047613678924,56.63308209275655,39.64315746492959
,,grass,,54.399350546013295,18.669005407598814,119.88163845135493,83.91714691594845
,,grass,,54.39926737056405,18.6691912970059,193.0176510676623,135.1123557473636
,,,wood,54.33414855594691,18.56455129580031,21849.13153108504,15294.392071759527
,,grass,,54.355495578202046,18.606567170279547,378.1891298830724,264.73239091815066
,,,wood,54.41826230568921,18.602489052388872,10812.314892888655,7568.620425022058
,,grass,,54.356880020063485,18.72057997605335,4709.948866115836,3296.964206281085
,,grass,,54.35689951058664,18.719361884200474,19195.93474721864,13437.154323053046
,,grass,,54.356579295806455,18.7193606556743,1258.263900571592,880.7847304001144
,,,wood,54.332267836047556,18.610935259342234,11398.203750351393,7978.7426252459745
,,,grassland,54.38478253153466,18.482417624906496,189245.63430410615,132471.9440128743
,,,wood,54.38167042622232,18.486679351627387,1522.7633582635892,1065.9343507845124
,,,wood,54.38118659330164,18.486655832893604,1051.652931886092,736.1570523202643
,,,wood,54.381474259002104,18.48696231200238,199.69770283041714,139.788391981292
,,,wood,54.381492345927924,18.487308867682888,1854.8408642803481,1298.3886049962437
,,grass,,54.38018759875493,18.483223280413615,170.24419450918705,119.17093615643093
,,,wood,54.383093426923146,18.4805858612348,526.0522965435757,368.236607580503
,,,wood,54.38468433105393,18.476541659105695,13418.396551274753,9392.877585892325
,,,grassland,54.385439984813594,18.473646080191543,33566.441708477934,23496.509195934552
,,grass,,54.42000453720276,18.57583842835212,16123.81705190029,11286.671936330204
,,grass,,54.41983735121132,18.574959643385256,302.0691232766606,211.44838629366242
,,grass,,54.41964682323786,18.5748625449787,256.4373158817009,179.50612111719062
,,grass,,54.419745429916574,18.575028090261604,352.0236697567435,246.41656882972043
,,grass,,54.42011094427763,18.574248596897917,864.3593480685934,605.0515436480154
,,grass,,54.419566672878105,18.574254630753398,609.2822022303392,426.4975415612374
,,grass,,54.41979165905707,18.574088070847644,1052.2680561804968,736.5876393263477
,,grass,,54.41935883759562,18.57465357240254,4959.861634965261,3471.9031444756824
,,grass,,54.41956040704775,18.573768545348965,6419.28472007168,4493.499304050176
,,grass,,54.41940028141522,18.575566005780573,13106.716069695061,9174.701248786543
,,grass,,54.420417433725405,18.57465758426906,5671.447416477596,3970.013191534317
,,grass,,54.420285264799254,18.573901299696708,4736.965868458365,3315.8761079208552
,,,wood,54.41935893634502,18.575616610816073,5848.282678090782,4093.7978746635467
,,,wood,54.41993443754356,18.575930500612593,7031.091800458497,4921.764260320948
,,grass,,54.41916203728075,18.5742153734885,1088.2956595835203,761.8069617084642
,,grass,,54.41915333533168,18.575015709899542,82.19487813737152,57.53641469616006
,,grass,,54.416318748196424,18.57301305047053,2022.78790904403,1415.9515363308208
,,grass,,54.41620988726465,18.57268679200506,129.39047482960797,90.57333238072557
,,grass,,54.415922449284544,18.571884752885964,7918.449924149882,5542.914946904917
,,grass,,54.42044819970795,18.577409495254713,2043.2721200393462,1430.2904840275423
,,grass,,54.42055867233967,18.57794762683718,3543.2652651343974,2480.285685594078
,,grass,,54.42036050004033,18.577737366666664,287.74263624718697,201.41984537303085
,,grass,,54.42041169254594,18.57694295128367,44.15808433642503,30.910659035497517
,,grass,,54.42059424050839,18.576931065925645,892.0909275489882,624.4636492842917
,,grass,,54.42068904475199,18.57642548309413,2125.3376476892595,1487.7363533824816
,,grass,,54.420752410069824,18.578509766224915,1060.0008342375686,742.000583966298
,,grass,,54.421049436370495,18.577259213102757,1845.4490347580204,1291.8143243306142
,,grass,,54.42067609289432,18.57719177284696,1185.7600096084495,830.0320067259146
,,grass,,54.42079133912661,18.57674266785099,694.8891392616378,486.42239748314637
,,grass,,54.420641890373744,18.57598656972073,2068.692907825297,1448.0850354777078
,,grass,,54.42123116634421,18.57734866361339,5608.343461979078,3925.8404233853544
,,grass,,54.42105278501969,18.577937623772687,157.33027417817632,110.13119192472342
,,grass,,54.42099079388015,18.577966771840114,125.29452726533017,87.70616908573112
,,grass,,54.4209411145059,18.578108217502898,561.6484203131306,393.1538942191914
,,grass,,54.42097643648333,18.577691794911665,121.56260682607838,85.09382477825486
,,grass,,54.421159561824275,18.578132812903736,173.0667335577367,121.14671349041569
,,grass,,54.4208161853855,18.577800985518145,406.8968959496874,284.8278271647812
,,grass,,54.42077782265684,18.577647941158798,59.35544637012966,41.54881245909076
,,grass,,54.42090999065481,18.577712140235136,347.98138322089164,243.58696825462414
,,grass,,54.42122915076845,18.577901704600915,513.2310907017797,359.2617634912458
,,grass,,54.41976108086399,18.57703218746263,4022.123557306079,2815.486490114255
,,grass,,54.41896284108333,18.576388673176098,7264.9303530548805,5085.451247138416
,,grass,,54.41948179646146,18.576841091903297,4159.320852524048,2911.5245967668334
,,grass,,54.419565134850274,18.577438777883057,8668.923671748718,6068.2465702241025
,,grass,,54.42019152673427,18.577312616283358,1060.7880996672125,742.5516697670487
,,grass,,54.419971750807484,18.576619110396372,3944.483616222955,2761.138531356068
,,grass,,54.42031312232196,18.578538666118156,259.0010850633216,181.30075954432513
,,grass,,54.42033685001839,18.578295749996798,217.22447887881617,152.05713521517131
,,grass,,54.42046291252034,18.578617580993438,262.14198165488,183.499387158416
,,grass,,54.418214651943,18.575072709340482,85.63864907902817,59.947054355319715
,,grass,,54.419358238404115,18.57810603997631,758.1801524715258,530.7261067300681
,,grass,,54.41974974215152,18.580895412319713,187.79486635546485,131.4564064488254
,,grass,,54.419601532902206,18.580920165590054,325.521597682505,227.86511837775348
,,grass,,54.41942368758954,18.578443536147233,506.11342423886055,354.2793969672024
,,grass,,54.41948776960891,18.578200630792818,58.82794808393699,41.17956365875589
,,grass,,54.418577382908964,18.57801780055747,454.76320145926394,318.33424102148473
,,grass,,54.419742737116785,18.57928919735647,1293.031307522377,905.1219152656638
,,grass,,54.419019517433014,18.578139479458724,2097.126178134836,1467.9883246943853
,,grass,,54.41877542538663,18.576528948751196,1072.2693871758559,750.588571023099
,,grass,,54.41875762780288,18.57806519294741,412.8025600748656,288.9617920524059
,,grass,,54.41873299601983,18.57851557738035,38.88400156566223,27.21880109596356
,,grass,,54.41916432057901,18.577988939772982,56.95894137311544,39.8712589611808
,,grass,,54.41995159360557,18.580070309699384,586.8179527918571,410.7725669543
,,grass,,54.42101431261371,18.580908804825256,303.19864190732324,212.23904933512625
,,grass,,54.42053952477115,18.580774443601243,328.88281691465073,230.2179718402555
,,grass,,54.420851469684585,18.58086206495381,284.53305323114154,199.17313726179907
,,grass,,54.42021987498158,18.580681941664732,326.2287381532241,228.36011670725688
,,grass,,54.420700563620706,18.58081923937058,254.96738015557403,178.47716610890183
,,grass,,54.42038003236112,18.580728600717634,245.7714719736167,172.0400303815317
,,grass,,54.42111885108445,18.578250180115415,264.34158122493585,185.0391068574551
,,grass,,54.4213755667848,18.577070233345435,233.82096340500257,163.67467438350178
,,grass,,54.421296251087355,18.576829717501855,185.80917782830875,130.0664244798161
,,grass,,54.42166364079946,18.578015490954677,54.10239077769643,37.8716735443875
,,grass,,54.42078815602851,18.575788528294215,325.86139135133806,228.1029739459366
,,grass,,54.421456100016854,18.577314050005672,175.1397409382549,122.59781865677843
,,grass,,54.420936300014915,18.575841149996005,197.43089408251026,138.20162585775716
,,grass,,54.42106835000617,18.576166949999983,41.75609665225728,29.22926765658009
,,grass,,54.42122085001718,18.576601300006,179.73924805085565,125.81747363559894
,,grass,,54.4211414832678,18.576360866669123,234.15273878995964,163.90691715297174
,,grass,,54.421324615175955,18.57813762434617,409.7883017298027,286.85181121086185
,,grass,,54.421571480725504,18.578392991692315,165.35235912717906,115.74665138902533
,,grass,,54.421536458155074,18.577557415958662,230.01579171590868,161.01105420113606
,,grass,,54.42160412252283,18.578246380205535,261.25429510359623,182.87800657251736
,,grass,,54.421614645716986,18.5778034528735,179.9389565070674,125.95726955494716
,,grass,,54.42101479663917,18.57602795570011,517.0894631975108,361.96262423825755
,,grass,,54.418421605299514,18.5768737426046,5213.806054799147,3649.6642383594026
,,grass,,54.41880761610452,18.577325820562596,83.4979967653687,58.448597735758085
,,grass,,54.418518100951914,18.57640995193689,238.86853237009385,167.2079726590657
,,grass,,54.41867574264312,18.57687058605059,347.9819402287462,243.58735816012233
,,grass,,54.418433804892054,18.576164341823368,299.2468361836834,209.47278532857837
,,grass,,54.41859403383154,18.57663178596774,265.1949983205737,185.63649882440157
,,grass,,54.41875835571225,18.577112047733298,272.336331539987,190.63543207799088
,,grass,,54.41802999879912,18.57589286550784,2699.791769277255,1889.8542384940783
,,grass,,54.41806558023773,18.575642291640797,257.1557838535605,180.00904869749232
,,grass,,54.41857782262103,18.575559263566703,6981.485576113322,4887.039903279325
,,grass,,54.417775887614425,18.57515575555579,322.39421323648094,225.67594926553664
,,grass,,54.41797143132389,18.575120753815508,840.862194171209,588.6035359198463
Park w Królewskiej Dolinie,park,,,54.367053184918774,18.610831671849397,53524.368143637534,53524.368143637534
,,,wood,54.3676571737759,18.609492011557073,1093.9267297029112,765.7487107920377
,,grass,,54.417622688658206,18.575239275893946,495.0586609111229,346.541062637786
,,grass,,54.41772606753185,18.574035796218745,132.08094879756754,92.45666415829727
,,grass,,54.4177991000196,18.574242800006417,204.97405068453756,143.48183547917628
,,grass,,54.41734773723199,18.573832474569002,8009.156251063787,5606.409375744651
,,grass,,54.41884386976009,18.57531565267619,1808.6317543004416,1266.042228010309
,,grass,,54.41855729230649,18.57465538167318,3526.155324710038,2468.3087272970265
,,grass,,54.41885849525694,18.575048389269558,319.42285211976883,223.59599648383818
,,grass,,54.41869701009662,18.57500423989968,284.9091188512025,199.43638319584173
,,grass,,54.418548837301664,18.574959601095067,305.1557327629787,213.60901293408506
,,grass,,54.41840019076276,18.574915063285168,291.55774532229583,204.09042172560706
,,grass,,54.41824055795124,18.574867592593687,365.52523065907565,255.86766146135292
,,grass,,54.41807832299494,18.57481541355232,284.1267317943215,198.88871225602503
,,grass,,54.41795124781127,18.57477072399946,146.4754458419117,102.53281208933818
,,grass,,54.41898493042713,18.574208667189897,1143.1013647484012,800.1709553238808
,,grass,,54.4186135709819,18.574419959418435,5360.700293209835,3752.490205246884
,,grass,,54.41954503510904,18.57329787855231,2961.3748370777575,2072.9623859544304
,,grass,,54.41889288962344,18.57258834864817,6797.67824965852,4758.374774760964
,,grass,,54.41962331197418,18.572786668053045,265.76295485604936,186.03406839923454
,,grass,,54.41834919389044,18.573680793430846,6555.857606136462,4589.100324295523
,,grass,,54.41876526511113,18.573608671989412,1776.6327669736575,1243.6429368815602
,,grass,,54.41964500269683,18.573052269130912,36.37800478988257,25.464603352917795
,,grass,,54.41907137051928,18.572963390866647,423.7790977271654,296.64536840901576
,,grass,,54.41841179036107,18.57400144190086,2078.3970890119012,1454.8779623083308
,,grass,,54.41887287109875,18.573994012753506,87.35446497555387,61.1481254828877
,,grass,,54.418129818265925,18.57407911485242,929.1019560211074,650.3713692147752
,,grass,,54.41797594162707,18.573987279380653,850.7080789188109,595.4956552431676
,,grass,,54.41785137179239,18.57233454927722,904.0666459511555,632.8466521658088
,,grass,,54.418080988348294,18.572159575577974,123.94182971127627,86.75928079789338
,,grass,,54.420398387406564,18.571208030898983,280.47332930782363,196.33133051547654
,,grass,,54.42053771781007,18.57124070730973,129.6692432569007,90.76847027983048
,,grass,,54.42039993287281,18.570843888358606,3017.3413030380057,2112.138912126604
Polana Augusty,,,grassland,54.37043234534809,18.5375948940919,1823.1954443447269,1276.2368110413088
,,,grassland,54.41148212994522,18.482330389169825,7908.422101528796,5535.895471070156
,,grass,,54.388122787131415,18.483113034708936,650.9948834302171,455.69641840115196
,,grass,,54.38821565302152,18.48319214720774,113.46483316030739,79.42538321221517
,,grass,,54.388150176280234,18.483302161452045,21.42908817431784,15.000361722022488
,,grass,,54.388300494514176,18.48289764209271,893.402996438839,625.3820975071873
,garden,,,54.38830316869919,18.482944480149197,42.69936257636914,34.15949006109531
,,grass,,54.38839529803076,18.484272150767488,7529.344606421107,5270.541224494775
,,grass,,54.34136843681455,18.548318812591454,2036.359607558917,1425.451725291242
,,grass,,54.34736193836785,18.53446423155128,2111.9921555257747,1478.3945088680423
,,grass,,54.39208225514819,18.58105064984664,7836.056619659945,5485.239633761961
,,grass,,54.35677261623358,18.682771364978738,607.2623927654978,425.0836749358484
,,grass,,54.35682649941155,18.68450258701817,1192.4344761503137,834.7041333052196
,,grass,,54.35648229769198,18.68414244137523,370.00866106886883,259.0060627482082
Skwer Bajki,park,,,54.35642806631222,18.684099641454665,10928.5060785839,10928.5060785839
,,grass,,54.35634367987458,18.6843831474876,2895.441919470062,2026.8093436290435
,,grass,,54.356502321735185,18.682871941423144,3281.9021868786112,2297.3315308150277
,,grass,,54.35664012281497,18.683573461099137,3198.514434975569,2238.9601044828983
,,grass,,54.35668651825256,18.684734148390934,144.69292259752396,101.28504581826677
,,grass,,54.356775078584164,18.684273832140896,246.42990644865313,172.50093451405718
,,grass,,54.356548683854996,18.681880609280498,942.7133278118234,659.8993294682764
,,grass,,54.35668158228479,18.684176231745365,130.07655286648662,91.05358700654062
,,grass,,54.35629813600126,18.681488042270242,1124.0380074584468,786.8266052209127
,,grass,,54.35702968897934,18.68528670238797,981.6592978026775,687.1615084618743
,,,grassland,54.36997000543546,18.500209466846336,37896.728383136026,26527.709868195216
,,,grassland,54.354677534392536,18.528447417918013,32209.724610329602,22546.80722723072
,,,wood,54.37773073853649,18.48637865152952,26047.590535182004,18233.3133746274
,,,grassland,54.37562723095313,18.46026837331986,49405.80042730491,34584.06029911344
,garden,,,54.330844116160655,18.56582845655763,3812.460473590859,3049.968378872687
,,,wood,54.333693366529275,18.571228690892795,10144.243138696005,7100.970197087203
,,grass,,54.34315603952128,18.561711648886277,24.276013771161757,16.99320963981323
,,grass,,54.34312395979428,18.561917605957987,24.316597956943028,17.021618569860117
,,grass,,54.34331459447818,18.56203641137923,24.33222926834167,17.032560487839167
,,grass,,54.34342669707648,18.56145155401931,1312.2376007321275,918.5663205124891
,garden,,,54.3317558622054,18.565103836001363,2127.3217195635634,1701.8573756508508
Rezerwat Wąwóz Huzarów,nature_reserve,,,54.37735500748247,18.540142763936878,83529.2648383767,83529.2648383767
,,grass,,54.41266281315725,18.450544478088556,2242.901706717332,1570.0311947021326
,,grass,,54.383487040294625,18.468733201661927,1312.1226262588852,918.4858383812197
,,grass,,54.38298968586594,18.472115381858266,4052.8609156952616,2837.0026409866828
,,grass,,54.381901101907644,18.479451014917036,5532.090915385624,3872.4636407699363
,,grass,,54.34102265993723,18.560504608395537,5393.756528466436,3775.629569926505
,,grass,,54.341020642346656,18.561358034892542,2081.0483653959113,1456.733855777138
,,grass,,54.34369426917921,18.560666362187764,618.9508234805201,433.26557643636403
,,grass,,54.343712000012644,18.560508000001242,104.0420128505987,72.82940899541909
,,grass,,54.343574909095125,18.56017653808936,1862.090565014933,1303.463395510453
,,grass,,54.338628100004094,18.567286449999028,42.30999871360452,29.616999099523163
,,grass,,54.39010046651101,18.643682452400515,7579.965037504201,5305.975526252941
,,grass,,54.38960779069888,18.64493265997845,3634.1588208166586,2543.911174571661
,,grass,,54.3892704818015,18.64547231388022,2857.85116009015,2000.495812063105
,,grass,,54.388986807894746,18.646050990111643,2957.2249750626943,2070.0574825438857
,,grass,,54.38860944422266,18.646648943471703,5081.6832641070205,3557.178284874914
,,grass,,54.38819523288039,18.647145675114434,7432.420991962122,5202.694694373485
,,grass,,54.33764721352309,18.571466262293722,1934.1472020181084,1353.9030414126757
,,grass,,54.33738295836099,18.572033834766774,748.3941508819989,523.8759056173992
,,grass,,54.33737709993473,18.57045515324254,2460.7098441937464,1722.4968909356223
,,grass,,54.33721680591292,18.5595227724269,50010.14106474225,35007.09874531958
,,grass,,54.33672824690655,18.590532959430117,120562.0590795676,84393.44135569732
,,grass,,54.33462208179324,18.572839389535883,5022.369793483425,3515.6588554383975
,,grass,,54.343767316458226,18.546089320656836,2057.9431921535393,1440.5602345074774
,,grass,,54.34407974885428,18.54431916825674,26566.275323978123,18596.392726784685
,,grass,,54.346981730004,18.539461905355743,1287.9229018289795,901.5460312802857
,,grass,,54.34768708886998,18.530586055686655,30016.670721895323,21011.669505326725
,,,grassland,54.344993609687116,18.540501459822657,36290.91618506836,25403.64132954785
,,grass,,54.343429131436245,18.54520989463841,25681.262919034365,17976.884043324055
,,grass,,54.34627376778671,18.53546106977975,9357.503484261944,6550.252438983361
,,grass,,54.34916626946028,18.526403923703,1273.239947139926,891.2679629979482
,garden,,,54.348043850032205,18.562903350005325,301.6648536480063,241.33188291840503
,,grass,,54.33930633715341,18.553899190271697,7628.532007762053,5339.9724054334365
,,grass,,54.338176293046125,18.55596591969481,14749.447331511063,10324.613132057742
,,,grassland,54.34047527810144,18.55214742187578,24195.123082656166,16936.586157859314
,,grass,,54.34672667037289,18.60326858131708,3871.4113235577206,2709.9879264904043
,,grass,,54.34711598340489,18.603084629618422,605.438511822958,423.8069582760706
,,grass,,54.34735517986293,18.60289553546532,1019.7991891536476,713.8594324075533
,,grass,,54.34757459587034,18.60300257811181,691.7511500641857,484.22580504493
,,grass,,54.347160473613776,18.602409316153473,1219.0520062496507,853.3364043747555
,,grass,,54.347278278934546,18.602606048050767,476.4658556350822,333.52609894455753
,,grass,,54.424044813979,18.59557476685518,2125.931941501845,1488.1523590512913
,,grass,,54.42386733982663,18.59623556878377,1396.4801635321219,977.5361144724852
,,grass,,54.3763376211113,18.522665870204506,497.34862754133667,348.1440392789356
,,grass,,54.37664807292484,18.522494955897972,438.0509235402719,306.6356464781903
,,grass,,54.376124385148174,18.522020756204736,162.92566730393133,114.04796711275192
,,grass,,54.37545616565128,18.513112501521935,24649.377852545156,17254.564496781608
,,grass,,54.376556116058474,18.580888166249373,2302.707354809145,1611.8951483664014
,,grass,,54.376686799222156,18.580361505447893,187.19822711934611,131.03875898354227
,,grass,,54.37769540838689,18.580177674288024,321.9160181601092,225.34121271207644
,,grass,,54.37719176811485,18.58029762407406,422.6089379959094,295.82625659713653
,,grass,,54.37714436382428,18.58014691570968,661.8977212344545,463.3284048641181
,,grass,,54.40993417481746,18.589195232249203,4849.788342591964,3394.851839814374
,,grass,,54.409874672974894,18.590099175172227,1358.8603378627874,951.2022365039511
,,grass,,54.410123325624355,18.589935747648433,2677.2552180365383,1874.0786526255768
,,grass,,54.409635162434746,18.59011696118488,3696.3518635541286,2587.44630448789
,,grass,,54.40878849617259,18.59052580927757,3733.2716967086917,2613.290187696084
,,grass,,54.409365983735704,18.58938229058283,5840.752454758672,4088.52671833107
,,grass,,54.40937761248032,18.589738880626502,2651.41787183274,1855.9925102829177
,,grass,,54.40930714372792,18.590160199901256,3344.6876965055417,2341.281387553879
,,grass,,54.40904306666885,18.590277466666667,24.629064327740156,17.24034502941811
,,grass,,54.4090646707289,18.59040635172042,35.01548855003034,24.510841985021237
,,grass,,54.40903139404025,18.590475062619056,82.45222490783752,57.71655743548626
,,grass,,54.40974151959615,18.589638477957546,1031.5425448148167,722.0797813703716
,,grass,,54.410128290301984,18.589505873082903,1644.289763592879,1151.0028345150151
,,,grassland,54.40336168125253,18.54648235768326,11280.9618879194,7896.67332154358
,,,grassland,54.40661976100283,18.54734409664447,5239.645507266085,3667.751855086259
,,grass,,54.34483425347183,18.666324247727196,2131.6700003489054,1492.1690002442338
,,grass,,54.344277995617254,18.663942023497256,135.74626035971963,95.02238225180373
,,grass,,54.34426575526286,18.663600629235233,390.96960269398227,273.6787218857876
,,grass,,54.34592618209215,18.656862584101727,1583.264754247002,1108.2853279729013
,,grass,,54.34591037049734,18.656584762460312,760.4757276754937,532.3330093728455
,,grass,,54.34606014208103,18.656865236346576,386.0629850839668,270.24408955877675
,,grass,,54.38566880968688,18.63547682202222,3486.271458481705,2440.390020937193
,,grass,,54.38503911996488,18.636491024159987,1546.2249051073843,1082.357433575169
,,grass,,54.38517947913389,18.637311926758358,115.36196634801173,80.7533764436082
Ogród Roślin Leczniczych,garden,,,54.382094273408285,18.622695397080808,46482.01147910961,37185.60918328769
,,grass,,54.33939786692189,18.656510119102276,686.3268100156041,480.42876701092285
,,grass,,54.389401097703505,18.584985288092806,8002.070812250496,5601.449568575346
,,,grassland,54.29828011542986,18.617637073581374,502737.7389041588,351916.41723291116
,,,wood,54.30318698085012,18.633246464302303,66827.52986473293,46779.27090531305
,,,wood,54.31046052835928,18.590832749409994,68904.54515465593,48233.181608259154
,,,grassland,54.30000383986386,18.623473757523865,84694.0219180591,59285.81534264136
,,,wood,54.297040759918886,18.622563907160096,12747.146651984714,8923.002656389299
,,,wood,54.302725298542214,18.622514194936723,364672.82844819623,255270.97991373733
,,,wood,54.28208134195451,18.61244050757149,14858.121962996102,10400.685374097271
,,,wood,54.28073029702638,18.611553397700927,19106.308551345923,13374.415985942145
,,,wood,54.31492516690623,18.62540236884152,16312.38012489733,11418.666087428132
,,,wood,54.31427866447144,18.62654839775135,7124.140518169496,4986.898362718647
,,,wood,54.312854619548176,18.625709470832426,13398.705657266084,9379.093960086258
,,,grassland,54.311066282265294,18.624130302863904,59467.82485501365,41627.47739850955
,,,wood,54.314609091149926,18.618825608278925,8361.205296338027,5852.843707436618
,,,wood,54.3203045268025,18.613487039385735,34173.1928880627,23921.23502164389
,,,wood,54.3151490358057,18.575286837539092,16723.325244159336,11706.327670911534
,,,wood,54.305404623482346,18.58793752850548,16864.943373947128,11805.46036176299
,,,grassland,54.29368529330939,18.620515425699608,69189.52046605971,48432.66432624179
,,meadow,,54.28144814319156,18.6156304683414,339532.5767007268,169766.2883503634
,,,grassland,54.28307993963081,18.61785050830634,65862.66115489973,46103.86280842981
,,,wood,54.292219950067405,18.633030214190715,44785.40562473653,31349.78393731557
,,,grassland,54.2912400066247,18.62775443617041,956580.7444723564,669606.5211306495
,,grass,,54.282388160376904,18.632757225037235,14509.763562223536,10156.834493556475
,,,wood,54.28466935279809,18.63625982245716,17619.99111483872,12333.993780387102
,,,wood,54.28553506914544,18.635413863068205,9418.071234254294,6592.649863978006
,,,grassland,54.2778261103268,18.637004504790987,97889.77361293956,68522.8415290577
,,,grassland,54.28207747811147,18.636218483206047,44868.331352916335,31407.83194704143
,,,grassland,54.27715372751141,18.633814111137152,13194.425014106428,9236.097509874498
,,forest,,54.27807895594774,18.630090101142503,13915.00000364924,11132.000002919393
,,,wood,54.27754427220091,18.629231991130744,7014.214351239956,4909.950045867969
,,,wood,54.28009325956614,18.637105861310175,17549.25740914806,12284.480186403642
,,,wood,54.28425904606501,18.633953533507945,14814.296643641666,10370.007650549165
,,,grassland,54.28262911604047,18.641082878077412,81973.95258764582,57381.76681135207
,,,grassland,54.27639951131282,18.63536472546072,7524.557861507796,5267.190503055456
,,,wood,54.27714397508044,18.63095740403992,7521.005695918535,5264.703987142974
,,,grassland,54.27824649814381,18.622444969429377,41689.800693275436,29182.860485292804
,,,grassland,54.306442946706255,18.609500238682564,22545.860661197785,15782.102462838448
,,,wood,54.31767634858206,18.594923805318643,25655.827299200315,17959.07910944022
,,,wood,54.32374779111172,18.62822148382558,57709.82819001112,40396.87973300778
,,,wood,54.32507894852691,18.628419507665868,10865.664273991528,7605.964991794069
,,,wood,54.32426347472132,18.623508381173348,14474.979031270448,10132.485321889313
,,,wood,54.32332436128111,18.624903035633995,13188.061593453436,9231.643115417404
,,,wood,54.32428982260115,18.621076737442426,15871.298847398308,11109.909193178815
,,,wood,54.323755396863874,18.622123519709994,9452.028291865483,6616.419804305838
,,grass,,54.33780626116929,18.620777741193418,27930.438683793996,19551.307078655795
,,grass,,54.33699346664628,18.61881499632175,14879.847791260829,10415.89345388258
,,grass,,54.33682682934637,18.61921786950498,8005.094453498832,5603.5661174491825
,,,grassland,54.33543589342196,18.617920700582815,108897.74332533791,76228.42032773653
,,,wood,54.320357863035376,18.619468384304554,4380.552143294958,3066.3865003064707
,,,wood,54.319970266847754,18.61964285652299,11312.499545134206,7918.749681593943
,,,wood,54.31959870845068,18.622170288812487,15095.231248784075,10566.661874148853
,,,wood,54.3162080605557,18.62428622425983,13895.847291397147,9727.093103978003
,,,wood,54.318285984671384,18.627262883479204,17346.729712534154,12142.710798773907
,,,wood,54.31192900862492,18.626483203435246,3389.295979703391,2372.5071857923735
,,,wood,54.31883915212011,18.621706169695546,6335.091929995543,4434.5643509968795
,,,wood,54.318990655467616,18.620686756101275,4721.084426686268,3304.759098680387
,,,wood,54.319295431343185,18.622477635573823,6178.534945591205,4324.974461913843
,,,wood,54.31995232584733,18.622902391219508,5993.447114734372,4195.41298031406
,,,wood,54.32004441991927,18.62623967275444,4113.495878536262,2879.4471149753836
,,,wood,54.353951847236644,18.54109923348166,26556.77510536124,18589.74257375287
,,,wood,54.3531650630165,18.539710185815522,24574.06772426678,17201.847406986744
,,,wood,54.355202705250974,18.556157726937045,55346.65355234851,38742.657486643955
,,,wood,54.3593387266936,18.5636725147004,257388.25678076906,180171.77974653835
,,,wood,54.3618053718264,18.56895892766519,144878.32464985788,101414.8272549005
,,grass,,54.32474453961273,18.679674438004515,69728.16303199998,48809.714122399986
,,grass,,54.32295330721656,18.68286567195863,32099.15341720314,22469.407392042194
,,grass,,54.323889074810126,18.693907957225147,20219.278161057566,14153.494712740296
,,grass,,54.32280449960648,18.692840745588544,19236.425574181725,13465.497901927207
,,grass,,54.3256696482873,18.700431433540288,61257.25537665084,42880.07876365559
,,grass,,54.32939619292916,18.6977716058925,55944.042762146695,39160.82993350268
,,grass,,54.32172272457348,18.674600260100018,59283.98382816984,41498.788679718884
,,grass,,54.31219114007098,18.66922716229432,20200.22254184099,14140.155779288692
,,grass,,54.31335717384759,18.67157313920217,43984.47357367325,30789.13150157127
,,grass,,54.31793845433118,18.670245822187624,26414.25220200739,18489.97654140517
,,grass,,54.317508162350705,18.673148061302637,14693.296949978825,10285.307864985178
,,grass,,54.31181374790843,18.667398783728675,86611.72237429325,60628.205662005275
,,grass,,54.311063583221234,18.663996945999155,28081.713258485866,19657.199280940105
,,grass,,54.3121963752144,18.659982894402997,51808.4736633956,36265.931564376915
,,grass,,54.31273021952857,18.647996682915643,33560.25774938577,23492.180424570037
,,grass,,54.312690692276476,18.644181582020508,16505.92412546215,11554.146887823503
,,grass,,54.34009599297231,18.6803937748749,64630.9030700908,45241.63214906355
,,,grassland,54.34057893544892,18.68292997866535,53094.56001254305,37166.19200878013
,,,grassland,54.34699199458247,18.692455439489567,165438.28849532537,115806.80194672775
,,grass,,54.344166452930374,18.706374343453568,70128.31791393716,49089.82253975601
,,grass,,54.34119508059934,18.70308981734647,131047.67187114814,91733.3703098037
,,grass,,54.3346511436073,18.70018187049284,51829.42608188296,36280.598257318066
,,grass,,54.33878587366556,18.702568015082942,39518.094073143686,27662.665851200578
,,grass,,54.33605738511475,18.705836380825623,32355.352145592118,22648.74650191448
,,grass,,54.336826683918304,18.706356113484034,39129.390084015584,27390.573058810907
,,grass,,54.33594285930457,18.707876971700426,40899.53315642992,28629.673209500943
,,grass,,54.33739499403086,18.71764283871833,157464.98253045502,110225.48777131851
,,,grassland,54.336798912181074,18.713819492241527,47423.87855546567,33196.71498882597
,,,grassland,54.3348338407149,18.759284544439247,60573.77021376368,42401.639149634575
,,grass,,54.321170348219596,18.62842122967177,21459.60226914542,15021.721588401793
,,grass,,54.37669525053047,18.52288474996176,987.1523841008658,691.0066688706061
,,grass,,54.37665976829083,18.52424878663473,6696.632193776011,4687.642535643207
,,grass,,54.40862888582006,18.616403481469277,620.1343780503413,434.0940646352389
,,grass,,54.42590298612632,18.45985306785628,310.6659220196741,217.46614541377187
,,grass,,54.39160528776717,18.59547327829443,141.6300913714991,99.14106396004937
,,grass,,54.41924682778468,18.478388341409705,517.6733836461365,362.3713685522955
,,grass,,54.43865738557135,18.461490039862316,1128.5758273385497,790.0030791369848
"Skwer im. Danuty Siedzikówny ""Inki""",park,,,54.32325204539853,18.632053557632254,7089.348450789822,7089.348450789822
,,,wood,54.34671457414916,18.564384540780388,28859.396908604976,20201.577836023484
,,grass,,54.340866191957815,18.564270152740377,2373.2842354606555,1661.2989648224589
,,grass,,54.3729008082957,18.613971942182822,6051.569093486079,4236.098365440254
,,grass,,54.37104656417866,18.613602430081365,1617.0944473899654,1131.9661131729756
,,grass,,54.37138994318731,18.61179013417141,6857.56935278337,4800.298546948358
,,grass,,54.371594236493436,18.611899916619393,654.9456028229672,458.461921976077
,,grass,,54.371391825289706,18.612222959577377,649.8019609059858,454.86137263419
,,,grassland,54.36769932187381,18.495196919284403,9700.232361258137,6790.1626528806955
,,,wood,54.36720414329975,18.497960693940243,31333.897511608135,21933.72825812569
,,grass,,54.37452993822527,18.594070530126093,14700.714280671298,10290.499996469907
,,,grassland,54.35773418117572,18.5222837828247,123504.27373477658,86452.9916143436
,,grass,,54.38129628504961,18.58951290060599,9308.906916623533,6516.234841636473
,,grass,,54.38094493763613,18.589670703412686,3433.0172894867783,2403.1121026407445
,,grass,,54.35792950508143,18.583330015502668,57.38832448143026,40.17182713700118
,,grass,,54.35797985148534,18.58326338971494,17.249810001897963,12.074867001328574
,,grass,,54.35793710861698,18.58318388031511,106.41525520914101,74.4906786463987
,,grass,,54.35791073469379,18.58296579020679,287.6061538055423,201.3243076638796
,,grass,,54.350583257668475,18.528448856195105,59702.094794040415,41791.466355828285
,,,grassland,54.37221639405599,18.55640364326108,3588.2903942224993,2511.8032759557495
,,,grassland,54.38119329874377,18.54322581573417,1652.6077348299705,1156.8254143809793
,,grass,,54.394826336237635,18.63715057719187,1010.988443130405,707.6919101912835
,,grass,,54.394711172999195,18.63756963170522,1698.543263294001,1188.9802843058005
Dolina Czystej Wody,nature_reserve,,,54.4055390711339,18.530842785679692,80680.41747582986,80680.41747582986
Fort Nocek,nature_reserve,,,54.356024680980134,18.641828278559696,5841.463933396295,5841.463933396295
Karasiowe Jeziorka,nature_reserve,,,54.367100791416206,18.758210528919843,1295725.521538459,1295725.521538459
Migowska Bielawa,nature_reserve,,,54.34834682328783,18.559659535928017,19404.399829028524,19404.399829028524
Prochownia pod Kasztanami,nature_reserve,,,54.35684709388555,18.641471497437273,12243.487116111071,12243.487116111071
Salwinia w Owczarni,nature_reserve,,,54.420546814148985,18.48970301515342,14633.924282006623,14633.924282006623
Torfowisko Smęgorzyńskie,nature_reserve,,,54.3345428495474,18.48018127001027,36407.65852062943,36407.65852062943
Wydma w Górkach Zachodnich,nature_reserve,,,54.35522043588241,18.78017105401376,68524.04636157637,68524.04636157637
Zielone Wyspy,nature_reserve,,,54.36267564517283,18.775405990140417,1153167.342441585,1153167.342441585
Łozy w Kiełpinie,nature_reserve,,,54.33713040247725,18.497548282554668,243242.50863367974,243242.50863367974
,,grass,,54.4098939118148,18.566557552274432,10990.165543329822,7693.1158803308745
,,grass,,54.375838533525695,18.578286072191638,351.6395685397348,246.14769797781435
,,grass,,54.35093318342142,18.833813672353678,940.2250485036637,658.1575339525646
,,grass,,54.343689981203774,18.834904274907426,836.5757849339242,585.6030494537468
,,,grassland,54.415729577007106,18.534103852065492,36652.42106962673,25656.69474873871
,,,wood,54.374425133630055,18.570643136824668,48558.967289840635,33991.277102888445
,,grass,,54.371460519389224,18.613766033979406,6286.372399916861,4400.4606799418025
,,grass,,54.412983499301625,18.562610659186486,31.941157558345903,22.358810290842133
,,grass,,54.413025035291426,18.562808697240254,29.624890369106723,20.737423258374704
,,grass,,54.361464930181626,18.64227790695277,4701.030700816881,3290.7214905718165
,,,grassland,54.396938595204354,18.653792869821245,678929.684538536,475250.7791769752
,park,,,54.39413939902727,18.60971318498272,25969.717104973384,25969.717104973384
,,,grassland,54.4115557212402,18.49228831213713,22451.880600380602,15716.316420266421
,,grass,,54.41105196551104,18.49434680920003,39774.954719385336,27842.468303569734
,,grass,,54.35532850002483,18.62334689997499,141.19073238379323,98.83351266865526
,,grass,,54.355242145540636,18.62362123623502,137.31839168243823,96.12287417770676
,,grass,,54.35515735002407,18.623894249975514,139.05945056498044,97.3416153954863
,,grass,,54.355613397311096,18.62235049815863,49.66708402165126,34.76695881515588
,,grass,,54.355656110527256,18.622132656425805,104.24021954222545,72.9681536795578
,,grass,,54.35562700206534,18.621710672485488,373.4380077164195,261.40660540149366
,,grass,,54.35679374231817,18.61935105753384,538.1531191409431,376.70718339866016
Ogród japoński,garden,,,54.41180966239634,18.564176296284014,11279.942710438867,9023.954168351094
,,greenfield,grassland,54.40179381182928,18.58001041898697,5050.237826198368,3535.1664783388574
,,grass,,54.356285269815345,18.619674631052188,4658.838928738526,3261.1872501169682
,,grass,,54.35643704238871,18.619283203700448,836.6664286725515,585.666500070786
,,grass,,54.356412853022086,18.619064636540315,32.02932477527834,22.420527342694836
,,grass,,54.356304931594075,18.618993027543578,269.2135456482512,188.44948195377586
,,grass,,54.356322812389294,18.61876765544859,227.8118592236084,159.46830145652586
,,grass,,54.356233916416606,18.61930715268149,413.52817296221747,289.4697210735522
,,,grassland,54.410293509442965,18.49464179528908,13946.15002004654,9762.305014032578
,garden,,,54.35567902767311,18.623443821926195,7215.594872431734,5772.475897945387
,,grass,,54.39848199930439,18.57207912450353,2825.4909360487222,1977.8436552341054
,garden,,,54.37037094304126,18.608989604078843,364.25045976117,291.40036780893604
,,grass,,54.37088284688527,18.60890372085015,612.2784807790571,428.5949365453399
,,grass,,54.37067081177968,18.608801741317993,813.3946285883168,569.3762400118217
,,grass,,54.37040405461861,18.609566472985808,2881.128074992439,2016.789652494707
,,grass,,54.37025033627055,18.60883747707495,635.2787829092505,444.6951480364753
,,grass,,54.37013402530943,18.60831191601271,42.3518134529082,29.64626941703574
,,grass,,54.370229130873945,18.608397207477847,371.6583127285397,260.1608189099778
,,grass,,54.37904238603775,18.605438546806802,390.1274221142149,273.0891954799504
,,grass,,54.361237212914155,18.590512797204084,1171.020542855212,819.7143799986483
,,grass,,54.35584257083545,18.615969299781025,230.95659450674623,161.66961615472235
,,grass,,54.355675843793726,18.615549787577592,270.47236572491835,189.33065600744283
,,grass,,54.355087398264324,18.615236431284732,1590.9051291755839,1113.6335904229086
,,grass,,54.354944100071,18.6151634,285.0878650733255,199.56150555132783
,,grass,,54.35395869277581,18.61441748886686,156.57697848353212,109.60388493847248
,,grass,,54.35487939017833,18.61527025125606,77.44020025805496,54.208140180638466
,,grass,,54.35343057367913,18.613583365250683,51.94219362945527,36.35953554061869
,,grass,,54.35579874555413,18.615647817633395,71.14363405488028,49.800543838416196
,,grass,,54.35351775847466,18.61375672735796,298.5808178181554,209.0065724727088
,,grass,,54.35370267457882,18.6140672130436,66.53227915408743,46.5725954078612
,,grass,,54.35403528560637,18.609107365920384,1532.2983140821498,1072.6088198575048
,,grass,,54.35380781244859,18.609043493584263,2258.6156030047273,1581.030922103309
,,grass,,54.353072393838524,18.60849028768255,3379.0827243534077,2365.357907047385
,,grass,,54.35407286670342,18.608765533333333,404.85202988957565,283.39642092270293
,,grass,,54.35358135372427,18.60899491199734,5368.1072800790425,3757.6750960553295
,,grass,,54.35333305676175,18.60973384164645,290.6567024134781,203.45969168943466
,,grass,,54.35371697474755,18.605498531953774,106.0721632607468,74.25051428252276
,,grass,,54.35442072142996,18.60815897008422,6096.597993679892,4267.618595575925
,,,grassland,54.36059942628196,18.51568159613476,33574.05750082168,23501.840250575173
,,grass,,54.35589099747613,18.62110735135506,546.822633408447,382.7758433859129
,,forest,,54.286283939250865,18.60293061365081,20207.043833630414,16165.635066904331
,,forest,,54.2843063577021,18.603601553829144,11473.388351282261,9178.71068102581
,,grass,,54.405548451904686,18.612778188209013,403.63547214686264,282.54483050280385
,,grass,,54.4055273754261,18.612298795628213,440.8294111459705,308.5805878021793
,,grass,,54.40470090123173,18.610086736801794,392.98891804680744,275.0922426327652
,,grass,,54.39841610425401,18.569898680737662,8552.653016009483,5986.8571112066375
,,grass,,54.39768366040955,18.570156401360595,17370.511421949737,12159.357995364815
,,grass,,54.39749478073906,18.57140219990378,20564.28595167143,14395.00016617
,,grass,,54.39842775503288,18.570563755010436,1140.5166540476705,798.3616578333693
,,grass,,54.33673636473368,18.598745463094595,402.06275624902037,281.4439293743142
,,grass,,54.33717907970498,18.59934655580499,3121.3740657805392,2184.961846046377
,,grass,,54.33725837488348,18.598272358694256,9569.94749208021,6698.963244456147
,,grass,,54.33668641944594,18.600224065179006,14381.969412204322,10067.378588543024
,,grass,,54.33206905639743,18.59486281897142,5615.92793411871,3931.149553883097
,,grass,,54.33103258295356,18.596411126822655,14544.096753163833,10180.867727214682
,,grass,,54.346200210502616,18.660980642787564,3236.002574277602,2265.201801994321
,,grass,,54.34575426634864,18.660931196027988,2048.636214456508,1434.0453501195555
,,grass,,54.345431559213715,18.660805259343977,2910.9953525093915,2037.696746756574
,,grass,,54.3515061000201,18.63681965000037,86.4723264801262,60.53062853608834
,,,wood,54.331439827145935,18.654565691132643,16188.852568647684,11332.19679805338
Jaśkowy Zakątek,park,,,54.36979215745832,18.59623123459549,4781.379804162883,4781.379804162883
,,grass,,54.35913939105464,18.64084727500725,110.86496098300915,77.6054726881064
,,grass,,54.359246729555565,18.640620830151807,130.21588797349438,91.15112158144606
,,grass,,54.35928954863201,18.64042824903722,124.6123531060027,87.22864717420188
,,,wood,54.41610036642405,18.57458047668492,5954.626236067572,4168.2383652473
,,grass,,54.32927198642346,18.582340851631002,681.9804134151414,477.3862893905989
,,grass,,54.329244579129,18.582478971663416,324.8288397271921,227.38018780903442
,,grass,,54.32886897835945,18.582438207058253,4148.415833540837,2903.891083478586
,,grass,,54.329536155424705,18.582838771208984,2313.99831339107,1619.798819373749
,park,,,54.33587804436486,18.622419738297463,27922.439713401945,27922.439713401945
,,grass,,54.388712964715644,18.62415580969426,9982.239662277028,6987.567763593919
,,grass,,54.40924462378748,18.585628637265604,165.86758267980065,116.10730787586044
,,grass,,54.4091836677041,18.585750655813914,474.78447918770485,332.3491354313934
,,grass,,54.409011167035025,18.587308758867916,144.71691330475306,101.30183931332714
,,grass,,54.40898842222262,18.587139033332342,21.713689143337238,15.199582400336066
,,grass,,54.40868311166084,18.587729150817317,8080.057574851936,5656.0403023963545
,,,wood,54.41873614156769,18.54045169797198,1622.486231390669,1135.7403619734682
,,,wood,54.41917379869383,18.540820101266565,412.0331428036151,288.42319996253053
,,,wood,54.41914037106482,18.540409178094336,392.0887984063959,274.4621588844771
,,grass,,54.354951036337916,18.615800780623385,6627.088983317882,4638.9622883225165
,,grass,,54.35538836097169,18.616328709791244,4313.779638173523,3019.6457467214664
,,,wood,54.35071011090888,18.609732655770934,21931.552197328994,15352.086538130296
,,greenfield,grassland,54.325075961138,18.593674438799862,13792.667822854186,9654.86747599793
,,,grassland,54.324625710787835,18.594685730651786,10286.458319996953,7200.5208239978665
,,,grassland,54.40967511912543,18.536754733733236,67769.31726216442,47438.52208351509
,,,wood,54.41010254991441,18.53483233803004,8974.185008020193,6281.9295056141345
,,,grassland,54.41013247128788,18.53817092755788,6136.938759320314,4295.85713152422
,,grass,,54.40931730940391,18.539015656010957,4905.850682687557,3434.0954778812898
,,grass,,54.409947119755536,18.53735837521512,5005.028340717098,3503.5198385019685
,,grass,,54.33967144256089,18.56198629835173,24884.424083674945,17419.09685857246
,,grass,,54.34054388260117,18.561393615096897,726.5889854280766,508.6122897996536
,,grass,,54.34040575505142,18.561599238581362,202.6887817894222,141.88214725259553
,,grass,,54.34025984000522,18.561924183272723,512.3667820157295,358.65674741101066
,,grass,,54.34007241871636,18.562556681675925,146.6161571736891,102.63131002158235
,,grass,,54.33998875218243,18.562855767493545,74.4151838571541,52.09062870000787
,,grass,,54.33986254365152,18.563331562208912,284.42949414602384,199.10064590221668
,,grass,,54.339828489649925,18.563138936120712,116.71379575915515,81.69965703140859
,,grass,,54.33973076353907,18.56354286040649,48.13433222069676,33.694032554487734
,,grass,,54.33986760002107,18.56298064999203,240.7602509614186,168.532175672993
,,grass,,54.339923050021376,18.562774549991666,243.37576631010887,170.3630364170762
,,grass,,54.339978897530706,18.562576422589444,241.83021326257003,169.281149283799
,,grass,,54.339235855224544,18.56398219138113,3714.162108129327,2599.9134756905287
,,grass,,54.33968704426714,18.563935725548124,201.1155913393075,140.78091393751524
,,grass,,54.339472181380984,18.564659021221793,1390.9524812717073,973.666736890195
,,grass,,54.33933542570561,18.565055462690072,147.10304012817517,102.97212808972262
,,grass,,54.33910220846346,18.5646925934474,778.898056551855,545.2286395862984
,,grass,,54.3388984531037,18.564370237905134,576.994011949376,403.8958083645632
,,grass,,54.33887486289006,18.564127350699263,743.9945551509949,520.7961886056963
,,grass,,54.33889815945304,18.56472159326959,174.6378881210634,122.24652168474438
,,grass,,54.338574015487865,18.56551702639062,3339.9889444492374,2337.992261114466
,,grass,,54.33821943252131,18.566998480392723,2530.1677663044125,1771.1174364130886
,,grass,,54.33859165634316,18.566635792879687,250.39347616292844,175.2754333140499
,,grass,,54.33850345543651,18.567003635142473,1131.1634020138777,791.8143814097143
,,grass,,54.33856650190403,18.56715381829551,178.6914605412996,125.08402237890971
,,grass,,54.33879195779392,18.567090732413075,1366.9804454909706,956.8863118436793
,,grass,,54.33884936884953,18.56736045303394,244.49919560238243,171.1494369216677
,,grass,,54.3389699397181,18.566919791256595,169.66747919364298,118.76723543555008
,,grass,,54.338808352792306,18.56679300495301,170.3755888635946,119.26291220451621
,,grass,,54.3390977273898,18.567322481465045,315.3484034476243,220.74388241333702
,,grass,,54.339138489556824,18.567047166420505,211.1600134806109,147.81200943642762
,,grass,,54.33899793776,18.566550053255778,718.6270429221618,503.0389300455132
,,grass,,54.339026988714906,18.565842900585015,323.62220534741016,226.5355437431871
,,grass,,54.33929470145557,18.565467268280862,489.70850401685243,342.79595281179667
,,grass,,54.33950280152121,18.565510600920028,685.9787103219257,480.185097225348
,,grass,,54.339610233345496,18.565094933333334,137.4117669783332,96.18823688483323
,,grass,,54.33955097664305,18.56500412725904,163.05639431308055,114.13947601915638
,,grass,,54.33983587218847,18.563962553744755,114.76715222222337,80.33700655555636
,,grass,,54.33980724960559,18.56483881830992,3267.849412688234,2287.494588881764
,,grass,,54.340039432661996,18.564883742715214,770.7445289392665,539.5211702574865
,,grass,,54.34007288078751,18.564581527213274,562.8957539310853,394.0270277517597
,,grass,,54.340451666672344,18.56415073333333,85.2223308222492,59.65563157557444
,,grass,,54.340179496942106,18.564245022747105,618.38495656348,432.869469594436
,,grass,,54.34025766529182,18.564616824829912,1858.9510878729054,1301.2657615110338
,,grass,,54.34043131832782,18.564532447409082,174.19567746132307,121.93697422292614
,,grass,,54.340377173880924,18.564738176874897,145.07081937248415,101.5495735607389
,,grass,,54.34053049743137,18.56553542262931,520.0191696266587,364.0134187386611
,,grass,,54.34045246189668,18.56511856019706,1631.319845488337,1141.923891841836
,,grass,,54.34054934229225,18.564697925763774,478.3851549718323,334.8696084802826
,,grass,,54.340663845320755,18.565799937258422,813.8835896160305,569.7185127312213
,,grass,,54.34068281385532,18.565172056405842,1698.1589485729562,1188.7112640010694
,,grass,,54.340599236413205,18.56403571842007,3105.2710583265834,2173.689740828608
,,grass,,54.340864818987,18.565080065335255,2425.5317270416276,1697.8722089291393
,,grass,,54.34072473054183,18.56398647463374,1950.459515833792,1365.3216610836544
,,grass,,54.3407022594708,18.563134975162406,405.56925912776364,283.89848138943455
,,grass,,54.34099022718548,18.562977013569014,1261.5560847763338,883.0892593434336
,,grass,,54.34119732097101,18.56292398224908,334.65535419558785,234.25874793691148
,,grass,,54.340995435767915,18.56325740567607,901.7147173780886,631.2003021646619
,,grass,,54.34088495339769,18.561984707017505,2365.9455444330238,1656.1618811031165
,,grass,,54.34068017866709,18.561628639754087,849.8581933704801,594.9007353593361
,,grass,,54.34056639972603,18.56213983347045,2609.1320044837184,1826.3924031386027
,,grass,,54.34010976102787,18.56340594944365,2555.1720245909423,1788.6204172136595
,,grass,,54.34054325501575,18.563516485895445,1020.9952978484819,714.6967084939373
,,grass,,54.34038782168449,18.56387954040125,645.5320802546443,451.87245617825096
,,grass,,54.34115685080887,18.5636776988773,4425.317331537727,3097.722132076409
,,grass,,54.34109899904756,18.565239986158915,3321.821798477478,2325.2752589342344
,,grass,,54.34084836354394,18.56579992352255,1729.3590595186065,1210.5513416630245
,,grass,,54.34135555939137,18.563480018810008,289.2240620068146,202.4568434047702
,,grass,,54.34133163958979,18.563699318930098,277.0217997617639,193.9152598332347
,,grass,,54.34132432326954,18.563913761990758,288.1949889729218,201.73649228104526
,,grass,,54.34132390809598,18.564131727411535,258.8895241799287,181.22266692595008
,,grass,,54.34132231837892,18.564347564398656,274.6622870375963,192.2636009263174
,,grass,,54.34132726948008,18.56457636771728,317.9112690778305,222.53788835448137
,,grass,,54.34129430708809,18.565830758917322,933.9903036999253,653.7932125899476
,,grass,,54.341317428664084,18.565484865863898,297.79120319382935,208.45384223568053
,,grass,,54.34131717768954,18.56504269129671,258.9606930854247,181.27248515979727
,,grass,,54.341317812932864,18.56526895576723,288.44662351179363,201.91263645825552
,,grass,,54.341326869679726,18.562662700768147,2541.3065083781494,1778.9145558647044
,,grass,,54.34155911798335,18.563106401712815,223.01718200016336,156.11202740011433
,,grass,,54.34171284441312,18.563218394834497,377.50638346450364,264.25446842515254
,,grass,,54.34184336667403,18.563002966666666,34.00311785854719,23.802182500983033
,,grass,,54.34207373129175,18.563114111254222,957.800982783702,670.4606879485914
,,grass,,54.342241773223506,18.562707931729445,1700.5929218510485,1190.4150452957338
,,grass,,54.342455843436596,18.56249438838914,478.9078530142561,335.23549710997924
,,grass,,54.34255566728312,18.562662649621235,593.3283033966742,415.3298123776719
,,grass,,54.34244587210697,18.562891345600445,1567.581610886368,1097.3071276204575
,,grass,,54.342669684983285,18.56273852551862,260.6724432857914,182.47071030005398
,,grass,,54.3427982498681,18.562633757623537,1777.557408063229,1244.2901856442602
,,grass,,54.34259222220862,18.563194638817098,2516.4855599657085,1761.539891975996
,,grass,,54.34222914473627,18.563442436748463,302.9475580515794,212.06329063610556
,,grass,,54.34240555131323,18.56353959263821,256.2361320118216,179.3652924082751
,,grass,,54.34253985026244,18.563602550179894,169.98577839539206,118.99004487677443
,,grass,,54.3426912381977,18.56367117657268,302.0082118329598,211.40574828307183
,,grass,,54.342932178962016,18.56362168878166,1082.2794967991163,757.5956477593813
,,grass,,54.34302138983961,18.56326598148025,250.7197679464596,175.5038375625217
,,grass,,54.34309125997251,18.562840981666003,266.41956197356865,186.49369338149805
,,grass,,54.343129084596114,18.56245689565416,1229.9943095206,860.9960166644199
,,grass,,54.342943695692504,18.56224034013483,344.3613940092287,241.0529758064601
,,grass,,54.34280641991747,18.56217799282701,208.34813920253248,145.84369744177272
,,grass,,54.3424316768418,18.56221055801703,629.7532400978115,440.827268068468
,,grass,,54.34296409969056,18.5616417139191,840.9064495272353,588.6345146690646
,,grass,,54.3427483775774,18.561700133346033,868.1521754267002,607.7065227986901
,,grass,,54.342255384585464,18.561935401915548,210.82454981216392,147.57718486851473
,,grass,,54.34205450836081,18.56214550206775,707.5543331495298,495.28803320467085
,,grass,,54.341764953790324,18.563646283207955,441.64074174728705,309.1485192231009
,,grass,,54.34194110474134,18.564021603572943,950.719531229311,665.5036718605177
,,grass,,54.34166302218707,18.564304701629442,2591.502623119808,1814.0518361838656
,,grass,,54.341990851950925,18.564729935902598,576.2217012443018,403.35519087101125
,,grass,,54.341680941317755,18.565397605078154,3043.55092682426,2130.4856487769816
,,grass,,54.3418286396068,18.565244181051128,289.1505413312895,202.40537893190265
,,grass,,54.34182570864187,18.565490309855164,216.298371829729,151.4088602808103
,,grass,,54.34210198488598,18.565437919059892,1559.1098124597809,1091.3768687218464
,,grass,,54.34212692794828,18.565836600329927,201.59915223101143,141.119406561708
,,grass,,54.34247149127419,18.565986765139762,4765.096280216387,3335.5673961514703
,,grass,,54.34291171062921,18.56656080786621,397.2382064104419,278.0667444873093
,,grass,,54.342844210574064,18.566467974343933,220.1405712918018,154.09839990426124
,,grass,,54.34287786458996,18.566655431689508,921.5833864226729,645.108370495871
,,grass,,54.342846926424535,18.566911595882278,448.468814892385,313.9281704246695
,,grass,,54.34307339330715,18.565914841118918,5528.715339873684,3870.100737911578
,,grass,,54.3427510909479,18.564957017719248,5764.3478088193815,4035.0434661735667
,,grass,,54.343186810386264,18.56514913097102,982.100192677226,687.4701348740582
,,grass,,54.34302190400274,18.564870438690427,2311.542020506205,1618.0794143543435
,,grass,,54.3434055153163,18.56511016575892,2356.8265313044976,1649.7785719131482
,,grass,,54.343572394868104,18.565576241348904,448.54565967173994,313.98196177021794
,,grass,,54.34374184611934,18.565477158646853,315.044958645394,220.53147105177578
,,grass,,54.343674788706544,18.564530769900824,886.54468787122,620.581281509854
,,grass,,54.34330322917799,18.564351761262106,919.5293650053235,643.6705555037264
,,grass,,54.34329050730628,18.563667989280038,1553.5740235522173,1087.5018164865521
,,grass,,54.34342354909609,18.56255818060051,974.4772463611403,682.1340724527981
,,grass,,54.34358385015857,18.563202320129474,597.1097243290365,417.9768070303255
,,grass,,54.34382669905485,18.56311211426442,220.72718184965981,154.50902729476186
,,grass,,54.34371036193815,18.56325463333333,189.91951990923138,132.94366393646197
,,grass,,54.34371801872644,18.56364893454527,570.6756055509184,399.47292388564284
,,grass,,54.343886918642184,18.56401712668575,1207.070497384943,844.9493481694601
,,grass,,54.34406860469522,18.562881755802426,1087.3636099799169,761.1545269859417
,,grass,,54.36122905874803,18.61107007189851,887.2429201455576,621.0700441018903
,,,grassland,54.369893715406995,18.55845073589561,17086.52061445506,11960.564430118542
EkoPark UG,park,,,54.395303744653624,18.57514498007901,50542.41849824625,50542.41849824625
,,grass,,54.3498836811196,18.526316449826805,7773.392395418072,5441.37467679265
,,grass,,54.34958215306145,18.52565151591166,1330.1774820007831,931.1242374005482
,,grass,,54.350188367017836,18.52580189390388,2954.191788668784,2067.9342520681485
,garden,,,54.33485008871598,18.69023019112601,3175.880451729022,2540.7043613832175
,,grass,,54.377951263922384,18.57538217751212,8222.518985876777,5755.763290113744
,,grass,,54.325578336624034,18.592965006473193,4860.700732555309,3402.490512788716
,,grass,,54.33997744763797,18.561488559856098,2817.5448674733166,1972.2814072313215
,,grass,,54.339898337519244,18.562079629124426,207.341023740243,145.1387166181701
,,grass,,54.34009174640967,18.562104682526037,823.5775414672478,576.5042790270734
,,grass,,54.34020884169136,18.561790698620943,169.4977610089496,118.64843270626471
,,grass,,54.340282613560944,18.56146010832586,931.8504628692776,652.2953240084943
,,grass,,54.34014637056545,18.56115851882175,396.7789922239143,277.74529455674
,,grass,,54.33949161536857,18.563093736682237,127.51487411459107,89.26041188021374
,,grass,,54.33943802962316,18.563286297598356,124.90167993497508,87.43117595448255
,,grass,,54.33937505309313,18.563481459282695,164.20332644926984,114.94232851448888
,,grass,,54.339329919315865,18.563643311713058,71.70765200677472,50.195356404742306
,,grass,,54.3396543474499,18.563771218623938,261.54615601421233,183.08230920994862
,,grass,,54.33958740673316,18.563959229958613,200.73948607897293,140.51764025528104
,,grass,,54.33952089171352,18.564161862128632,327.7217776178952,229.40524433252662
,,grass,,54.33945932402323,18.564361455205002,218.100152868467,152.6701070079269
,,grass,,54.339393269043384,18.564583620409977,326.528923553371,228.57024648735967
,,grass,,54.33836051391466,18.56805550789062,8196.998805574043,5737.8991639018295
,,grass,,54.33837599817268,18.567703885264134,822.2009265757512,575.5406486030258
,,grass,,54.33883330500615,18.567715872695395,1119.1151273103071,783.380589117215
,,grass,,54.343550733337985,18.563558294127077,168.63537245336,118.04476071735199
,,grass,,54.33890486768906,18.612565850719033,2646.9132766947096,1852.8392936862965
,,grass,,54.33869401801319,18.613699543034624,2075.4475372144175,1452.813276050092
,,,grassland,54.33666438157426,18.601088232603594,5885.915167884869,4120.140617519408
,,grass,,54.34384187437065,18.561813200038515,102.50247372282885,71.7517316059802
,,grass,,54.34392329753605,18.561531394563048,24.859909083645555,17.401936358551886
,,grass,,54.430738941229,18.48890592174698,17322.1902388251,12125.53316717757
,,grass,,54.40208301549659,18.61458462951338,40398.41577558989,28278.891042912925
,,grass,,54.40146181001988,18.61264192260317,36686.50895002305,25680.556265016137
,garden,,,54.405639281286724,18.643127249846604,2428.874183298089,1943.0993466384714
,,grass,,54.328798408841145,18.593611780493102,677.4107883406101,474.18755183842705
,,grass,,54.32927224658918,18.59554110015942,1705.3263352250297,1193.7284346575207
,,,grassland,54.325430338495345,18.596517731912154,8950.108192544565,6265.075734781195
,,grass,,54.32862185089069,18.59877762326923,82.30509179299659,57.61356425509761
,,grass,,54.325471072422935,18.602133952541735,19361.59669175475,13553.117684228324
,,grass,,54.32850715965634,18.598425065275134,118.97376973237284,83.28163881266099
,,grass,,54.32747008206557,18.593050260682478,5501.4134368229215,3850.989405776045
,,grass,,54.350909042178266,18.659512285357895,59.33007138465321,41.531049969257246
,,grass,,54.3277554414728,18.594246498597148,16742.157917965706,11719.510542575994
,,grass,,54.32646093278761,18.592847343523637,839.2890945069197,587.5023661548438
,,grass,,54.326863613025346,18.592426885981318,597.352722657645,418.14690586035147
,,grass,,54.327246700894094,18.59559359965618,78.28789294447844,54.80152506113491
,,grass,,54.32731621343914,18.5957560646449,236.65066770210353,165.65546739147246
,,grass,,54.32739438846231,18.59590997168917,229.12391976533553,160.38674383573485
,,grass,,54.32720131995497,18.596304383093425,124.75698427403388,87.32988899182371
,,,wood,54.35174142314782,18.614111908146192,16750.32577125859,11725.228039881013
,,grass,,54.35403663576977,18.644588364449497,564.7057349482355,395.2940144637649
Ogród na Ołowiance,park,,,54.35310639699281,18.660294789430377,2037.3554728048114,2037.3554728048114
,,grass,,54.352854586252846,18.661098916540244,1070.5077894957317,749.3554526470122
,,grass,,54.3527410839889,18.660585841589008,162.051318280131,113.43592279609169
,,grass,,54.352768448907895,18.660364932819956,44.471712998566325,31.130199098996425
,,grass,,54.35313891742643,18.661257949370494,127.4719492648482,89.23036448539374
,,grass,,54.353220368203615,18.661077888857566,39.62435415200183,27.73704790640128
,,grass,,54.35454210679469,18.662911554795983,761.5043792228771,533.053065456014
,,grass,,54.35458769417646,18.663306347445815,691.6065280432871,484.1245696303009
,,grass,,54.354761700016375,18.663990633333334,206.64325798911568,144.65028059238097
,,grass,,54.35464913335775,18.663767133333334,168.01704728996262,117.61193310297382
,,grass,,54.35491419978662,18.664308348631344,695.1799207944042,486.6259445560829
,park,,,54.32163677320149,18.63285129605057,37675.381656526915,37675.381656526915
,park,,,54.32463046283579,18.63505480540935,9438.896040284752,9438.896040284752
,,grass,,54.32457951823525,18.634062032941735,3548.2069077880083,2483.7448354516055
Park Schopenhauera,park,,,54.32640210450836,18.634343602364286,45653.92398687975,45653.92398687975
,,,wood,54.323907125115674,18.64071567225481,7821.000528177324,5474.700369724126
,,,grassland,54.323829707518094,18.6485636517417,12588.10390807916,8811.672735655411
,,grass,,54.32810002974769,18.635207067121996,6746.314326489886,4722.42002854292
,park,,,54.347900964183566,18.586714923465372,12581.557640334855,12581.557640334855
,,,grassland,54.32945295511844,18.632403441137466,12700.957874262585,8890.67051198381
,,,grassland,54.33394571552976,18.6298282190448,14266.282182454288,9986.397527718002
,,,grassland,54.32915130618514,18.633550620716843,17136.96870437009,11995.878093059062
,,grass,,54.380963410494125,18.477134931835266,475.3005499855701,332.71038498989907
,,,grassland,54.32294045925251,18.65007297521803,6456.95129423723,4519.865905966061
,,forest,,54.3189265904751,18.674676789994702,23804.880001011512,19043.90400080921
,,grass,,54.32459353018948,18.63193797012876,1225.370126761215,857.7590887328505
,,,grassland,54.32815006456646,18.632580193427472,7058.111388020653,4940.6779716144565
,,grass,,54.324354096408705,18.640785528804116,1164.6005988616375,815.2204192031462
,,grass,,54.322913840318,18.632370730138426,314.4473479839235,220.11314358874645
,,grass,,54.33341041415019,18.59162399804285,36994.33919755342,25896.037438287392
,,,wood,54.430592726158615,18.466263664748507,360.7145131496104,252.50015920472728
,,,grassland,54.3959204792481,18.58073016898805,59722.378372771185,41805.664860939825
,,,grassland,54.41912975043547,18.447168153473122,114438.11416526357,80106.6799156845
,,,grassland,54.415675414442546,18.457437117046197,9269.10267595618,6488.371873169325
,,,grassland,54.35311931979196,18.497888416092344,8632.091368288837,6042.463957802185
,,grass,,54.42449220625915,18.46614434119134,7123.621027090315,4986.53471896322
,,greenfield,grassland,54.42107659771258,18.46648238862059,2435.5200070325127,1704.8640049227588
,,greenfield,grassland,54.423282182551155,18.478378491699505,1344.0668196508236,940.8467737555765
,,grass,,54.381567352700856,18.591480490527832,2230.50130039893,1561.3509102792511
,,grass,,54.38176245461887,18.591036154549748,797.831534585865,558.4820742101055
,,grass,,54.381218195441924,18.59000208658583,1061.8617884099976,743.3032518869983
,,,grassland,54.41958864993907,18.569806651342883,65224.46800467005,45657.12760326904
,,grass,,54.35387593226247,18.64764490458006,420.2631630534017,294.18421413738116
,,grass,,54.35572179602223,18.64832951651293,135.12240306154678,94.58568214308274
,,grass,,54.35565578647915,18.648087109381088,155.0445116362643,108.531158145385
,,grass,,54.355593100011845,18.647860250011405,121.35386453790558,84.9477051765339
,,grass,,54.35553760492292,18.64765593778755,130.97125893838412,91.67988125686888
,,grass,,54.3942388681927,18.606094281646865,138390.92517938092,96873.64762556663
,park,,,54.38970072755761,18.59994550171883,75243.79421337394,75243.79421337394
,,grass,,54.38562923877647,18.625699315333573,6055.653599603903,4238.957519722731
,,grass,,54.32177714688285,18.62916372598876,1028.3891829983936,719.8724280988755
Zielony Staw,park,,,54.33160785141231,18.5529749892603,37168.64050455713,37168.64050455713
Park Leśny w Osowej,,,wood,54.429088297059806,18.465718060689603,49166.479245544215,34416.53547188095
,,,wood,54.42828011991514,18.484431302660827,6939.122597050675,4857.385817935472
,,greenfield,grassland,54.41998462563596,18.452772616323152,2204.0629734167737,1542.8440813917416
,,,wood,54.42806125933023,18.479294407298063,3834.8202483459036,2684.374173842132
,,greenfield,grassland,54.42061876308502,18.48158972862235,10494.538825869357,7346.177178108549
,,,grassland,54.42418740467454,18.461905325373202,3389.310354812181,2372.5172483685265
,,,grassland,54.43026468098817,18.48055319153861,62477.22381974564,43734.05667382194
,,,grassland,54.43115053730407,18.478946130742695,7291.914599238312,5104.340219466818
,,,grassland,54.42801008085546,18.478489304461192,4057.8439942729224,2840.4907959910456
,,greenfield,grassland,54.42530092826185,18.47526632432821,13730.51128776583,9611.35790143608
,,,grassland,54.42204549833611,18.476549074389453,13259.258700868773,9281.48109060814
,,,grassland,54.41941286441376,18.470934906175522,24004.91922435531,16803.443457048717
,,,grassland,54.416926849154684,18.47882190144386,20253.038092662253,14177.126664863576
,,,grassland,54.42337458188632,18.475676358610112,4284.283316968011,2998.9983218776074
,,,grassland,54.42574806470512,18.4724184289534,2811.7230962725566,1968.2061673907895
,,,grassland,54.424020596222014,18.478132959247638,6277.698906865896,4394.389234806127
,,grass,,54.427029195567336,18.482099512315944,1780.565351076387,1246.395745753471
,,,wood,54.43062007680269,18.48627008938406,34647.32791511716,24253.12954058201
,,,grassland,54.430737408823845,18.483875087867478,34138.29001139237,23896.803007974657
,,,grassland,54.431645764920155,18.48068048940456,6956.64582573462,4869.652078014234
,,,grassland,54.430016561034826,18.461056765728532,5756.815018148298,4029.7705127038084
,,,wood,54.43329527252186,18.470614729724822,2054.1249724590625,1437.8874807213438
,,,grassland,54.42129377120306,18.453997412382908,6066.498942612059,4246.549259828441
,,,grassland,54.42680600366645,18.458717423036425,6094.871993374295,4266.410395362006
,,,grassland,54.41877079340198,18.449604064704435,3389.8357259657128,2372.885008175999
,,,grassland,54.41845914736251,18.450026733922183,1747.7566792643677,1223.4296754850573
,,greenfield,grassland,54.41707714123389,18.454795716393743,8353.444403937177,5847.4110827560235
,,greenfield,grassland,54.41532758440523,18.45157377933726,10397.829802708025,7278.480861895618
,,greenfield,grassland,54.415782163378736,18.455353721870164,4960.664955822704,3472.4654690758925
,,,grassland,54.41243122974497,18.477140761388267,84963.20994577263,59474.24696204084
,,,grassland,54.41347317033317,18.470968796811576,17763.15861336999,12434.211029358992
,,meadow,,54.43493996588351,18.457966941738196,133589.3450425447,66794.67252127235
,,grass,,54.41323972436674,18.48025191080507,5571.828618217365,3900.2800327521554
,,,grassland,54.41264973375622,18.480110191190004,10871.55716992861,7610.090018950026
,,greenfield,wood,54.42890088002584,18.467623169803968,4186.745765221456,2930.722035655019
,,,grassland,54.434574775312015,18.460895316859467,5268.257880052763,3687.7805160369335
,,,wood,54.43535067944025,18.461008823294964,10291.215306021579,7203.850714215105
,,,wood,54.43749469702352,18.463174717603113,8710.853391177105,6097.597373823973
,,,wood,54.43711103208894,18.462057036908337,3376.577249679823,2363.604074775876
,,,grassland,54.43744664789981,18.461820181111644,13823.56409262707,9676.494864838949
,,,wood,54.43721328573077,18.466554206259406,34165.9931967503,23916.19523772521
,,,wood,54.43644900355648,18.46456288262556,5936.403436121797,4155.482405285258
,,,grassland,54.43901337723356,18.46074836760945,1405.6320974616706,983.9424682231694
,,,grassland,54.4281427316643,18.457237955107658,9150.835327118293,6405.584728982805
,,,wood,54.40845734036173,18.54015167213614,2669.120138580126,1868.384097006088
,,,wood,54.40808017915813,18.537499322584214,12607.390032018398,8825.173022412879
,,,grassland,54.408380131226984,18.538303872802754,5078.831452726479,3555.1820169085354
,,,wood,54.40771808170731,18.539396792966713,4157.984955648937,2910.5894689542556
,,,grassland,54.409852143645814,18.54453013283161,17722.890647905635,12406.023453533944
,,greenfield,grassland,54.429616738241755,18.468618676606194,8819.414872072628,6173.590410450839
,,,grassland,54.41844872062759,18.48606961158351,22035.905589615264,15425.133912730684
,,,grassland,54.424616200037406,18.476369149957787,983.2778182881068,688.2944728016747
,,grass,,54.4244007348029,18.478193629716987,2473.0735941897256,1731.1515159328078
,,,grassland,54.41395112902119,18.481351615907435,10013.379251069344,7009.36547574854
,,,grassland,54.41408370582241,18.48363296740704,858.1294116511862,600.6905881558303
,,,grassland,54.41400687454366,18.484556864497076,1412.5826396816242,988.8078477771369
,,,grassland,54.41368263076473,18.485869748234403,8103.300103376374,5672.310072363462
,,grass,,54.4097740157776,18.594847088663503,288.22541951248627,201.75779365874038
,,,wood,54.39424153145266,18.59075731372986,3975.8326996135634,2783.082889729494
,,grass,,54.396264219404515,18.588594233580363,4168.6428229017,2918.04997603119
,,,wood,54.41226217624084,18.567579452932193,10948.82964411439,7664.180750880073
,,,wood,54.41345465263759,18.56204610744511,16233.580646511373,11363.50645255796
,,,wood,54.325066021065936,18.601226779942742,17619.704022845784,12333.792815992048
,,grass,,54.35058237315476,18.64688772333838,769.5944565271153,538.7161195689807
,,grass,,54.354424655959996,18.6491326901433,3510.891601119845,2457.624120783891
,,grass,,54.380394661692215,18.457018920168952,14596.377929848362,10217.464550893854
,,grass,,54.398170368957715,18.594870920863087,4337.874072755175,3036.511850928622
,,grass,,54.398257915816515,18.594408763524683,6768.31469817417,4737.820288721919
,,grass,,54.39723198103756,18.596141473091965,390.7957146812268,273.55700027685873
,,grass,,54.399070465321785,18.59317975620321,1417.51472948964,992.260310642748
,,grass,,54.39891476940913,18.593092304838553,513.225449179798,359.2578144258586
,,grass,,54.39883704862633,18.593090384974563,283.85878089381333,198.7011466256693
,,grass,,54.398459879027165,18.594966568984137,20053.641017502625,14037.548712251837
,,grass,,54.395609019362226,18.59833023381016,356.45390595849017,249.5177341709431
,,grass,,54.38982778229605,18.59812229668794,288.6258228113768,202.03807596796375
,,,grassland,54.39052359228989,18.646773747681006,12268.410550369412,8587.887385258588
,,grass,,54.391145575200696,18.644353628480296,18202.569589784543,12741.79871284918
,,grass,,54.39240047183452,18.642129818061616,3783.7219050287795,2648.6053335201455
,,grass,,54.39213590623559,18.642825112138883,4052.4030122580402,2836.682108580628
,,grass,,54.39183427811527,18.641458826791116,3623.250931120229,2536.27565178416
,,grass,,54.38874356477857,18.647205786126115,39084.78144089094,27359.347008623656
,,,grassland,54.32638785487731,18.588129418502376,143364.42712024262,100355.09898416983
,,,wood,54.32382809486621,18.579744976202388,27798.722896229447,19459.106027360613
,park,,,54.378727534149334,18.618766280321125,6359.156543842,6359.156543842
,,grass,,54.38037347160093,18.478094841805657,9314.311794749345,6520.018256324541
,,grass,,54.380482799305724,18.479193687198475,4926.361039089345,3448.452727362541
,,grass,,54.38052959674829,18.477721458781847,4799.38283769113,3359.5679863837904
,,grass,,54.352348933341936,18.511330566666665,105.20748697875123,73.64524088512586
,,grass,,54.35169797788249,18.511669645159657,328.1136610182045,229.67956271274312
,,grass,,54.35151753340686,18.511353199999995,231.76339460288273,162.2343762220179
,,grass,,54.35191665008249,18.511342300010323,756.6664097177379,529.6664868024166
,,,wood,54.325959870724745,18.57398152706268,630545.8863987731,441382.12047914113
,,,wood,54.32937347446974,18.56960939371948,5567.914515234055,3897.5401606638384
,,grass,,54.35017033754306,18.569785237688908,3213.802494492052,2249.661746144436
,,grass,,54.34999790022085,18.57064644994398,2403.954245278056,1682.767971694639
,,grass,,54.34920575062942,18.57018624072634,1612.8830632036054,1129.0181442425237
,,grass,,54.349385854709375,18.569101348866308,661.3144153917393,462.9200907742175
,,grass,,54.34924052099098,18.569334272277306,1879.939287393299,1315.9575011753093
,,grass,,54.35997016745328,18.578230570996844,539.0330687744878,377.3231481421414
,,grass,,54.35976676082762,18.578519952993624,135.77507042458808,95.04254929721165
,,grass,,54.34921433199526,18.55325398507807,3484.596157223435,2439.2173100564046
,,grass,,54.348986399387606,18.55404758507001,6061.1987545765805,4242.839128203606
,,grass,,54.34945400913745,18.644891060003452,2441.6312217995983,1709.1418552597188
,,grass,,54.34886900538268,18.644528329125208,1465.3111599206356,1025.717811944445
,,,wood,54.3600662201133,18.628210839069787,39548.193056789045,27683.73513975233
,,grass,,54.356301907398496,18.640138729844406,128.23158054119634,89.76210637883743
,,grass,,54.35602015001043,18.639910049992118,122.12831600699181,85.48982120489426
,,grass,,54.35763994168555,18.64607920864971,5261.194217418676,3682.835952193073
,,grass,,54.358257498401656,18.645787312695422,1080.1865538400848,756.1305876880593
,,grass,,54.35792571817854,18.646742954933565,533.8120346482802,373.66842425379616
,,grass,,54.35802028802916,18.646585754666695,181.23774339369268,126.86642037558487
,,grass,,54.352300634237494,18.646087599777378,413.4335761557472,289.403503309023
,,grass,,54.358592133937464,18.626213484957148,207.19187571932216,145.0343130035255
,,grass,,54.358758061440874,18.62570094749722,2328.4430588197188,1629.9101411738031
,,,wood,54.36198355275256,18.713075642289468,2223.737948211582,1556.6165637481074
,,,grassland,54.410246690547496,18.47369662748592,569770.4005343389,398839.2803740372
,,,grassland,54.40961732426017,18.46911144316951,8156.879483699454,5709.815638589617
,,,wood,54.3032191106496,18.599800158064443,67045.44486071423,46931.81140249995
Skwer przy ul. Drzymały,park,,,54.40726109426541,18.566930773489965,3074.1238017650926,3074.1238017650926
,,grass,,54.35454553335092,18.662622266666663,187.93029701231106,131.55120790861773
,,grass,,54.359663841344044,18.576905815084874,5311.568000315385,3718.097600220769
,,grass,,54.36051549385026,18.62249835096231,1530.3720664092898,1071.2604464865028
,,grass,,54.3462533307696,18.675400919198573,1591.963337738619,1114.3743364170332
,,grass,,54.3609492392444,18.639763588913294,25783.916534568973,18048.74157419828
,,grass,,54.33909192991777,18.600893527525606,1278.9008082244554,895.2305657571187
,,grass,,54.33870477760771,18.600829787048397,118.73438387379241,83.11406871165468
,,grass,,54.33781260148759,18.59989849705949,175.4685322505854,122.82797257540977
,,grass,,54.365341340348394,18.63456504898038,354.1895475616701,247.93268329316905
,park,,,54.359166352168344,18.633423629817482,35683.75829911254,35683.75829911254
,,grass,,54.35108853884055,18.633365408551285,3113.027159861652,2179.119011903156
,,grass,,54.3751109569602,18.61004421798411,155.58721208423427,108.91104845896398
,,grass,,54.375177875526795,18.609833200281393,203.98036251251443,142.7862537587601
,,grass,,54.375071386961245,18.609545449496906,523.6859287518824,366.5801501263177
,,,grassland,54.394312828698254,18.67885839791772,3257.092295677176,2279.964606974023
,,,wood,54.395130568869504,18.680789298159887,371.3911908694221,259.97383360859544
,,,wood,54.39439091237718,18.677700231358354,53051.80186638489,37136.26130646942
,,,wood,54.39689963317849,18.680271541995047,7353.936950800908,5147.755865560635
,,,grassland,54.396434921882495,18.680405749651893,2219.8933042639846,1553.9253129847891
,,,grassland,54.396076164020215,18.681252905418297,2366.1055161269414,1656.2738612888588
,,,grassland,54.39670663107758,18.67966835679257,3200.0290062159356,2240.0203043511547
"Zbiornik retencyjny ""Świętokrzyska I"" - część sucha",,grass,water,54.322495684501376,18.56632874867888,64162.01414718413,44913.409903028885
,,,wood,54.379719802155265,18.674726144402758,22961.43912700538,16073.007388903763
,,grass,,54.409435223416345,18.608767403036854,7461.120910098428,5222.784637068899
,,,grassland,54.4111857127263,18.606257360918832,10247.34874313746,7173.144120196222
,,grass,,54.34043788201001,18.560160013698574,1982.3104813119626,1387.6173369183737
,,grass,,54.34567580304095,18.662577427352073,3845.9912529690246,2692.193877078317
,,grass,,54.34602185994322,18.6631421293727,6680.6141744384895,4676.429922106942
,,grass,,54.3451554720157,18.66412027406788,7316.342439596829,5121.43970771778
Majdan,,grass,,54.35638428379167,18.639421425781865,6726.193026077608,4708.335118254326
,,,grassland,54.42742570467304,18.581777418195195,58083.49401609158,40658.4458112641
,,grass,,54.334466600053844,18.841928599999648,971.4397905032546,680.0078533522782
,,grass,,54.35285906191534,18.65969288277484,291.8453339932181,204.29173379525267
,,grass,,54.354233084198405,18.671304588301528,11734.980956259846,8214.486669381891
,garden,,,54.35436814946829,18.67192291324351,1035.3839145075158,828.3071316060127
,,,grassland,54.3304098157634,18.618657969499733,5007.01723377382,3504.912063641674
Park Diany,park,recreation_ground,,54.42162422368405,18.47436945474326,29433.864643980844,29433.864643980844
,,grass,,54.35058630085491,18.6433874303338,1078.5424447045639,754.9797112931947
,,,grassland,54.33842575121995,18.65450463947092,7957.694802625733,5570.386361838013
,park,,,54.388071123551825,18.601014051747637,31972.354680124,31972.354680124
,,grass,,54.419759694062186,18.571596246183855,4889.597915419895,3422.7185407939264
,,grass,,54.42053751488308,18.572499153307593,2905.5449540789577,2033.8814678552703
,,grass,,54.42031474056385,18.57156832217429,401.53779857474944,281.0764590023246
,,grass,,54.42067659401634,18.569982914857107,1010.3629258542214,707.254048097955
,,grass,,54.36613939998454,18.626684667309373,543.423038951152,380.39612726580634
,,grass,,54.383661353349375,18.464078924308875,22420.257143282342,15694.180000297638
,,grass,,54.382811370587554,18.468264104125705,398.12384212915106,278.68668949040574
,,grass,,54.3822704670523,18.47085418467625,1848.4766493573202,1293.933654550124
,,grass,,54.381793043845434,18.470579152955388,9537.851888019763,6676.496321613833
,,grass,,54.38298841640662,18.470374682432684,1769.523143409732,1238.6662003868123
,garden,,,54.38310609438553,18.463288606990226,2335.899502428914,1868.7196019431312
,,,grassland,54.38387574194492,18.459298492674044,112077.40927891011,78454.18649523707
,garden,,,54.42049598873803,18.47253322495523,1698.2503293525438,1358.6002634820352
,park,,,54.346611565397914,18.676589972911724,38002.07738286277,38002.07738286277
,park,,,54.381319981070895,18.60886227785179,2035.34045365594,2035.34045365594
,,grass,,54.37796100323908,18.607442410059473,342.45876617689055,239.72113632382337
,,grass,,54.37803194707414,18.60807922063587,2149.0919203762537,1504.3643442633775
,,grass,,54.3967350123405,18.609712502215352,33945.633549769074,23761.94348483835
,,grass,,54.37586425422734,18.60781185278422,565.887938330694,396.1215568314858
,,grass,,54.37598158908987,18.60746122045122,568.2716568881776,397.79015982172433
,,grass,,54.299110878653465,18.61481289123612,15105.608167756585,10573.925717429609
,,,wood,54.29474731335715,18.622759633673724,36649.44035225535,25654.60824657874
,,greenfield,wood,54.2952185192597,18.621588762148036,6640.523397228639,4648.366378060046
,,,wood,54.295307130088204,18.620352343924502,7316.4467652917165,5121.512735704201
,,,wood,54.29760955971022,18.612286709731595,34882.92272392029,24418.0459067442
,,,wood,54.29708336739638,18.616433584958646,9820.155821906921,6874.109075334844
,,,wood,54.295471307171574,18.615024072583477,5854.893493649933,4098.425445554953
,,grass,,54.365069094915015,18.491488568871556,784.6584237529378,549.2608966270564
,,,grassland,54.36376585916038,18.491360418724376,11207.831506200755,7845.482054340528
,,grass,,54.35025165620825,18.511940585504814,265.34208678326013,185.73946074828208
,,grass,,54.351065888179455,18.512699045916314,289.71365936583965,202.79956155608775
,,grass,,54.30404273970468,18.587428561952446,45473.08326360888,31831.158284526216
,,grass,,54.3498163609264,18.512816115802092,10782.729438398768,7547.910606879137
,,grass,,54.35022500308854,18.509166025056317,10295.505761852006,7206.854033296404
,,grass,,54.34954904574114,18.51068453511364,3430.066022732262,2401.046215912583
,,grass,,54.35039432871979,18.511347971686753,2529.082479769556,1770.357735838689
,,grass,,54.35102133767579,18.512302092159924,525.2919340411158,367.70435382878105
,,grass,,54.35105198475258,18.513279435052745,1205.466727714459,843.8267094001212
,,grass,,54.350529632446836,18.51245801079272,491.52680580420576,344.068764062944
,,,wood,54.35629032109416,18.502547876720282,6832.820481764288,4782.974337235001
,,grass,,54.356143765456316,18.487751230166936,20241.540949651564,14169.078664756094
,,grass,,54.35643154373538,18.48731489982084,3384.471308891637,2369.1299162241457
,,grass,,54.35642789663781,18.483967360506384,1716.103515503011,1201.2724608521078
,,grass,,54.35594594952712,18.4839189780104,3430.836371890872,2401.5854603236103
,,,wood,54.370717335589255,18.616904823057965,2513.4963101724657,1759.447417120726
,,grass,,54.336616045549675,18.58671321971634,649.0623384189596,454.3436368932717
,,grass,,54.33684058037523,18.58757836156058,918.7110988454652,643.0977691918256
,,,wood,54.41340053465012,18.606233947655564,31866.803870656444,22306.76270945951
,garden,,,54.396682745966736,18.565296347824024,6451.617739797679,5161.294191838144
,,grass,,54.394612921331856,18.566587349687772,973.9126747719376,681.7388723403564
,,,wood,54.41808317451697,18.58432602701929,2011.850363319868,1408.2952543239076
,,grass,,54.37891193597373,18.58505037939338,2132.031375259855,1492.4219626818983
,,grass,,54.379159308689644,18.58520609623102,165.6775340993399,115.97427386953792
,,grass,,54.37903018406784,18.58565987644085,1486.7666182333264,1040.7366327633285
,,grass,,54.3788110679026,18.585583138574957,591.1569756801871,413.80988297613095
,,grass,,54.379071151055875,18.58464218762911,152.6723797092529,106.87066579647703
,,grass,,54.37877693768547,18.583968073178564,822.1754378124318,575.5228064687022
,,grass,,54.37866031741639,18.584569829357484,589.8620841121211,412.90345887848474
,,grass,,54.378847749235376,18.584465530271025,1466.4438664942256,1026.5107065459579
,,grass,,54.37862104753388,18.583965670532457,86.9811275477485,60.886789283423944
,,grass,,54.37907194275739,18.58386816072143,360.65082957951654,252.45558070566156
,,grass,,54.37897276096832,18.58397525065949,175.18557378444868,122.62990164911406
,,grass,,54.37928351656738,18.585753246984346,407.9609970862755,285.5726979603928
,garden,,,54.42502223032323,18.5769737043764,2494.5824008906366,1995.6659207125094
Park Dragana,park,,,54.34008691611476,18.61142749038255,6883.525494341962,6883.525494341962
,,grass,,54.36575928353141,18.63233916324392,995.0954150555767,696.5667905389037
,,grass,,54.37190681774805,18.620893386106047,13084.726781467181,9159.308747027026
,,grass,,54.371621368067586,18.62048428384693,140.82274721147877,98.57592304803514
,,grass,,54.371535684047885,18.62073034897478,126.86254898597556,88.80378429018289
,,grass,,54.37141589436362,18.620697753179865,860.5962287384357,602.4173601169049
,,grass,,54.37168608369162,18.621054142859002,1427.3878105783845,999.1714674048691
,,grass,,54.37153926328509,18.621024444977344,85.05687815196846,59.53981470637792
,,grass,,54.37147245205201,18.621388529644122,1437.276803176279,1006.0937622233952
,,grass,,54.371584207138746,18.621610748243913,197.8346530260993,138.48425711826948
,,grass,,54.37161190414399,18.621699533337807,59.273401498759526,41.49138104913167
,,grass,,54.37170095356157,18.62143936655941,205.18810052239473,143.6316703656763
,,grass,,54.367789095959964,18.543646574611497,12684.792087124419,8879.354460987093
,,grass,,54.36622839333098,18.62978894454138,70.85211333303062,49.59647933312143
,garden,,,54.36373865637283,18.64553236779143,112.72288928606162,90.1783114288493
,,grass,,54.35282392114087,18.482386435861926,298.48998151433756,208.94298706003627
,,grass,,54.35468958055904,18.485251515912214,3850.9031564713077,2695.632209529915
,,,wood,54.34739967723067,18.93811026184668,90158.65870835897,63111.06109585128
,,grass,,54.34128305141329,18.617457330981743,182.06404080594027,127.44482856415817
,,grass,,54.34112082292124,18.6174360098858,912.9220836953529,639.0454585867469
,,grass,,54.35643365105838,18.66103020506785,358.3246591906883,250.8272614334818
,,grass,,54.35613845802751,18.661249197502606,427.19958487537224,299.03970941276054
,,grass,,54.35594176528689,18.661395002047993,75.30359924475168,52.712519471326175
,,grass,,54.35583141442046,18.661475229893025,62.413751751532224,43.689626226072555
,,grass,,54.35692375733272,18.66044159269967,370.5326212211463,259.3728348548024
,,grass,,54.35543027247355,18.66179775406903,283.56194657535605,198.49336260274922
,,grass,,54.355245679347284,18.66165697646569,871.778406519485,610.2448845636394
,,grass,,54.35711254146843,18.660854417291294,1927.743492538537,1349.420444776976
,,,wood,54.34414544536851,18.537963162715222,29319.062943343273,20523.34406034029
,,grass,,54.392347385923586,18.64424826100547,1578.1852059391597,1104.7296441574117
,,grass,,54.39256276745313,18.644706328869056,3464.733183296688,2425.3132283076816
,,grass,,54.39232329952176,18.64517697005426,739.34590685028,517.542134795196
,,grass,,54.392136024325396,18.64537103149042,941.0323744290656,658.7226621003459
,,,grassland,54.33459731655687,18.87823242692183,18394.576015950002,12876.203211165
,,greenfield,grassland,54.33566333803711,18.925213308021718,21521.566622455815,15065.09663571907
,,grass,,54.327213211667654,18.568069286701146,9747.887973510771,6823.5215814575395
,,grass,,54.32664665648293,18.56821563271653,1791.5320870563776,1254.0724609394642
Ogrody Doraco,park,,,54.41254564345936,18.562840100825195,43924.31387453115,43924.31387453115
,,,wood,54.41139035148286,18.564474701494415,1714.8055300470194,1200.3638710329135
Placyk rekreacyjny im. Jacka Malczewskiego,park,,,54.347873708109056,18.616123001939563,1370.2334508925114,1370.2334508925114
,,grass,,54.40032498803965,18.664165151622388,692.4319960478816,484.7023972335171
,,grass,,54.3606904093064,18.64925329155799,376.98939985109587,263.8925798957671
,,grass,,54.34905932865399,18.550651156663978,1485.7623139702896,1040.0336197792026
,,grass,,54.34683410285274,18.54726833900128,1621.9267041736389,1135.3486929215471
,,grass,,54.34868876154675,18.641935842754744,2829.0825712580117,1980.3577998806081
,,grass,,54.34987539030885,18.641798736096142,1418.4100610032565,992.8870427022795
,,grass,,54.349776853555035,18.642014258613713,1399.5838538499581,979.7086976949706
,,grass,,54.34784997587374,18.642299986625705,504.6873179928062,353.2811225949643
,,grass,,54.35055246452999,18.642109974880967,1628.888711542617,1140.222098079832
Park Okazała Strzyża,park,,,54.39009472513589,18.581226397608784,20486.749307740254,20486.749307740254
,,grass,,54.3443992511684,18.654769716650073,401.4912839533181,281.0438987673226
,,grass,,54.34271056588892,18.695617760014986,1549.7633618136913,1084.8343532695837
,,grass,,54.343301963038236,18.69974053742067,1605.6022361038827,1123.9215652727178
,,grass,,54.344818105713145,18.65894906668838,353.41473456449967,247.39031419514976
,,grass,,54.34426943908118,18.658609033900973,4810.322694712367,3367.2258862986564
,,,wood,54.30898329422987,18.620756166838493,218730.13428062922,153111.09399644044
,,meadow,,54.306534755683195,18.627137867493676,15875.438154709458,7937.719077354729
,,,wood,54.31329438867196,18.590998547526837,10630.933473365008,7441.653431355506
,,grass,,54.356239713533945,18.65074349008331,286.3052657960753,200.41368605725268
,,grass,,54.35644894367312,18.65147133819416,226.30146397625356,158.41102478337748
,park,,,54.379941622282345,18.626493207029437,955.3949034529828,955.3949034529828
,,grass,,54.40512694178343,18.587428895099634,8588.910787816147,6012.237551471302
,,grass,,54.41785465714447,18.566828767421274,2452.9239199269537,1717.0467439488675
,,grass,,54.401808031850145,18.58065595462046,305.697838588533,213.9884870119731
,,grass,,54.40168073900785,18.58092527976787,270.0108876706314,189.00762136944198
,garden,,,54.401462249534475,18.58095877837176,78.69536447371524,62.9562915789722
,,,wood,54.38329950437348,18.691863562646866,1347.3813329989107,943.1669330992374
,,grass,,54.40069443968362,18.579316769969807,136.3974870086191,95.47824090603336
,,grass,,54.400551532453505,18.5794167518113,132.5249494408714,92.76746460860998
,,grass,,54.40200721483949,18.580837761589347,324.6502989492339,227.2552092644637
,,grass,,54.40725539121084,18.638606390799012,456.86894483064685,319.8082613814528
,,,grassland,54.35046617119514,18.621278566570492,201.46747250871587,141.0272307561011
,,grass,,54.41765988441423,18.59394014481269,321.10405580394723,224.77283906276304
,,grass,,54.417734630833294,18.5942773121154,138.93822211070724,97.25675547749506
,,grass,,54.417576637508404,18.594435879172288,830.0292677916151,581.0204874541305
,,grass,,54.35219254701545,18.66029723478445,73.71753147907957,51.602272035355696
,,grass,,54.35235745518681,18.66041774276434,349.50247121235435,244.65172984864802
,,grass,,54.35796028600466,18.586685758905283,1701.8626754965094,1191.3038728475565
,,grass,,54.39986374022175,18.582117200163687,1775.8430279005706,1243.0901195303993
,,grass,,54.401794973072136,18.57685857806389,1992.6732920566315,1394.871304439642
,,grass,,54.401057059077985,18.57659538986087,1376.0088903794647,963.2062232656252
,,grass,,54.400276037656255,18.57737376055595,4533.0706038465405,3173.1494226925784
,,grass,,54.348805567750475,18.682267653717638,5189.940561755977,3632.9583932291835
,,grass,,54.34818701134582,18.682712736478447,1094.4424057070996,766.1096839949697
,,grass,,54.34851888688343,18.681920781505067,1701.0909328791427,1190.7636530153998
,,grass,,54.348704650090966,18.682145770111994,51.09768541010666,35.768379787074664
,,grass,,54.34897948767987,18.679621697517423,2769.8644699730403,1938.905128981128
,,grass,,54.348850774966174,18.679509316827243,57.42901133841129,40.2003079368879
,,grass,,54.348818802661846,18.67973588341318,75.6082960332095,52.92580722324664
,,grass,,54.3488271544197,18.680441204615754,159.94601415795293,111.96220991056704
,,grass,,54.348071815597486,18.682072607665454,1374.6683796246757,962.2678657372729
,,grass,,54.34804938220167,18.683540762568843,1970.6316614018824,1379.4421629813176
,,grass,,54.34819886854932,18.682413927601655,302.085801879226,211.46006131545818
,,grass,,54.42345937400882,18.5785232477218,3897.3042395048196,2728.1129676533737
,,grass,,54.349519270346704,18.68157386837915,2277.0793137677597,1593.9555196374317
,,grass,,54.34926271387861,18.681648334712747,85.51902912327948,59.863320386295634
,,grass,,54.348626075877995,18.681221015433348,965.1468657640349,675.6028060348244
,,grass,,54.34552478495884,18.668386118193705,1240.2605587837616,868.1823911486331
,,grass,,54.35050999836379,18.711531969725215,78.20313853019965,54.742196971139755
,,,wood,54.33953115364895,18.637935026584838,25147.016694361315,17602.911686052918
,park,,,54.384358221196806,18.61122998642619,3885.531617788685,3885.531617788685
,garden,,,54.38472535587011,18.61219958010683,168.05386670987195,134.44309336789757
,garden,,,54.38483149850954,18.612065797976772,297.6483510533263,238.11868084266104
,,grass,,54.38538157480296,18.60897493660229,826.9387471604982,578.8571230123487
,,grass,,54.3859688247951,18.608561141970377,989.8573606175872,692.9001524323111
,,grass,,54.37357998241436,18.449606808195746,4078.500204824295,2854.9501433770065
Park Ferberów,,,wood,54.30261769871843,18.62719448829879,320100.75187894324,224070.52631526024
,,,grassland,54.417885475185045,18.448152453045324,7666.53141346213,5366.571989423491
,,,grassland,54.33856950872842,18.466795024680934,57845.81805493088,40492.07263845162
,,,grassland,54.327657928942926,18.472154908106845,78482.88767499849,54938.021372498944
,,,grassland,54.287765897626436,18.63524207316551,4751.9553437467375,3326.368740622716
,,,wood,54.30746063134577,18.605062944367116,2004.0430475184946,1402.8301332629462
,,,wood,54.308701422939194,18.609940038924854,14950.814938127522,10465.570456689264
,,,wood,54.305902093631154,18.609936215718662,27584.790878389613,19309.35361487273
,,,wood,54.304100566128405,18.604980166279503,1469.3732250606977,1028.5612575424884
,,,wood,54.3020899318357,18.60769343549015,23410.66057914925,16387.462405404476
,,,wood,54.30672101960507,18.607651888042756,3979.265592754535,2785.4859149281747
,,,grassland,54.30296763636347,18.607093620533377,14906.90044753793,10434.83031327655
,,grass,,54.41706168808591,18.567110237358392,2728.0162895214885,1909.6114026650419
,,greenfield,grassland,54.41456644153608,18.566649222101013,1394.5348537753353,976.1743976427346
Park Opacka,park,,,54.41052954765151,18.555144334729313,19237.45041375154,19237.45041375154
,,,wood,54.43213814857648,18.455892644359377,3119.3977101247146,2183.5783970873
,,,grassland,54.36596664569206,18.58555092782485,5861.460205338988,4103.022143737291
,,grass,,54.376150880235315,18.57167615810898,28148.25075915454,19703.775531408177
,,grass,,54.37680383530099,18.580729228422665,477.7365661685988,334.41559631801914
,,grass,,54.377767894486034,18.583025653295742,3225.0609709196733,2257.542679643771
,,grass,,54.37792972175815,18.582822936138058,685.6888529809092,479.98219708663646
,,grass,,54.37731799748242,18.582240842254514,6669.53921931236,4668.677453518651
,,,wood,54.37716042260753,18.578671804716784,44754.28691010961,31328.000837076725
,,grass,,54.377534735254116,18.57965069651085,1688.8096373599037,1182.1667461519326
,,grass,,54.378036763580816,18.58363410726821,1283.1434970133623,898.2004479093536
,,grass,,54.37809764506543,18.584045040279985,471.8100045467458,330.267003182722
,,,grassland,54.37636869495486,18.58739548295345,2643.3500503196356,1850.3450352237448
,,,wood,54.38118627605311,18.57701012018266,242930.14101194954,170051.09870836468
,,,wood,54.32943698890246,18.549152998787285,6417.194427756526,4492.036099429568
,park,,,54.343244911916884,18.66174608992809,2042.6992119077272,2042.6992119077272
,,grass,,54.343321023059175,18.662609755078158,406.30622895907504,284.4143602713525
,,grass,,54.34364525751743,18.662772390291984,110.27057165366566,77.18940015756596
,,grass,,54.3439671349859,18.662934577587915,259.7130068213429,181.79910477494002
,,grass,,54.34391205026541,18.662822350006845,171.85083341027416,120.29558338719191
,,grass,,54.34365930728858,18.662695046356035,94.76830107527275,66.33781075269091
,,grass,,54.343329502152166,18.66252973454059,336.8009813453887,235.7606869417721
,,grass,,54.342599395118135,18.661854283581246,710.0700561507333,497.0490393055133
,,grass,,54.34255747532257,18.661905637276732,761.2790173447495,532.8953121413247
,,grass,,54.342245389183184,18.661273698424335,88.37679391389456,61.86375573972619
,,grass,,54.342286380534986,18.66122959631747,82.43659904664389,57.70561933265072
,,grass,,54.3421531407415,18.660949810271756,107.9894454389349,75.59261180725441
,,grass,,54.34212869389833,18.661028968186177,148.4528930400604,103.91702512804227
,,grass,,54.34164252270694,18.660004760377245,1250.6370863551347,875.4459604485942
,,grass,,54.341675195091746,18.65994159060555,1186.3991735592645,830.479421491485
,,grass,,54.34112786784458,18.658786734736005,366.12177615883115,256.2852433111818
,,grass,,54.34109712449703,18.65885438015543,353.96420366184395,247.77494256329075
,,grass,,54.34053645921795,18.657668380369795,923.845872327779,646.6921106294453
,,grass,,54.34058993681823,18.657648462566822,730.6087726699852,511.42614086898965
,,grass,grassland,54.35017235799127,18.505230555243035,34384.165149363835,24068.915604554684
,,,grassland,54.349516147753,18.508452158287053,33767.795284576074,23637.45669920325
,garden,grass,,54.35001701247913,18.510953173931636,1937.438682890879,1549.9509463127033
,,grass,,54.34863193358703,18.517606003268504,46704.56162297358,32693.193136081507
,,grass,,54.34814235566278,18.517230501151893,12743.029553453407,8920.120687417384
,,grass,,54.350088145409565,18.51645524900623,3950.1611939832756,2765.1128357882926
,,grass,,54.351047327825896,18.51782001511588,21282.80917336874,14897.966421358116
,,grass,,54.35022968519234,18.51776003820033,33828.97526724373,23680.282687070612
,,grass,,54.34828517885132,18.52195382334976,37644.03182799966,26350.822279599757
,,grass,,54.3468858184458,18.52011070436798,19630.252060269428,13741.176442188598
,,grass,,54.34846709853491,18.52037353991029,53324.52966510604,37327.17076557423
,,grass,,54.34993066085497,18.520776961250277,68522.23663222241,47965.56564255569
,,grass,,54.34928919598764,18.52305507548812,13242.340587099117,9269.63841096938
,,grass,,54.350670334860936,18.522021113131657,83895.30421210064,58726.71294847045
,,grass,,54.351026054956755,18.519676307317415,7181.831087028296,5027.281760919806
,,grass,,54.402853431371014,18.60064086863045,16813.010459357458,11769.10732155022
,,,wood,54.35994850426657,18.609775433536967,23150.836692692887,16205.58568488502
,park,,,54.33307795094721,18.58542145845569,7026.832520902311,7026.832520902311
,,grass,,54.32405941535947,18.604977619466037,2672.015271626324,1870.4106901384268
,,grass,,54.324385891078855,18.60530613326625,4195.941871919142,2937.159310343399
,,grass,,54.32472551423115,18.6057883720793,2822.888034523376,1976.0216241663632
,,grass,,54.323468475204606,18.605179477840153,2769.3148273255747,1938.520379127902
,,grass,,54.32245431616082,18.604698355861796,13491.354295243802,9443.94800667066
,,grass,,54.32331477098989,18.604684391091862,386.3823007275705,270.46761050929933
,,grass,,54.32326775990787,18.603998006804638,6111.770182018764,4278.239127413134
,,grass,,54.32341213047991,18.604247419385185,861.833022125846,603.2831154880922
,garden,,,54.339362542391676,18.55961747646966,388.63037675090874,310.90430140072704
,,grass,,54.33939591760465,18.559751052469935,310.2110027155841,217.14770190090883
,,grass,,54.34425028156609,18.547266995123778,1657.9004480593444,1160.530313641541
,,grass,,54.33810719610272,18.557359531010473,1508.3331666716097,1055.8332166701266
,,grass,,54.321943395680634,18.628794648747643,59.02482299527456,41.31737609669219
,,,wood,54.33255606009398,18.605674948206744,27029.292489032137,18920.504742322493
,,,wood,54.34554958352246,18.604925623450363,5583.795230655396,3908.656661458777
,,greenfield,grassland,54.41485354008691,18.451878423354263,3763.8979462507004,2634.72856237549
,,,wood,54.42242754138593,18.60374188469126,3604.9325091615406,2523.452756413078
,,greenfield,grassland,54.37159277773205,18.731950033609266,131075.6545108318,91752.95815758227
,,,wood,54.37238342431653,18.733299212938665,79655.69638329251,55758.98746830475
,,grass,,54.37225416277757,18.619085181718447,3362.940800952457,2354.0585606667196
,,grass,,54.403663070089,18.588919255380755,797.6845410304659,558.3791787213261
,,grass,,54.41131033347891,18.572377029836037,832.8203198925164,582.9742239247614
,,grass,,54.411139485393825,18.5727501255413,475.233047389909,332.6631331729363
,,grass,,54.35047262525773,18.534653816704807,830.1260270263008,581.0882189184105
,,grass,,54.347587713757186,18.640044316329067,4608.18525492089,3225.7296784446226
,,grass,,54.40635917623693,18.58481929404581,1328.8068078827316,930.1647655179121
,park,,,54.40912519875757,18.58350666571404,3725.210316514386,3725.210316514386
,,grass,,54.40918288795481,18.57930231684295,7120.92132500134,4984.644927500937
,,grass,,54.41255108219576,18.584100525163027,2566.4816756413375,1796.5371729489361
,,grass,,54.41289155351717,18.58447095366361,1157.047793339609,809.9334553377262
,,grass,,54.33355606298435,18.542687299812158,481.22897922956605,336.8602854606962
,garden,,,54.400013465673624,18.604985523551104,3525.3902558042746,2820.31220464342
,,grass,,54.412913561909825,18.58117782266859,1433.9816615879085,1003.787163111536
,,grass,,54.35942552554169,18.616624607465734,3942.175292639245,2759.5227048474712
,garden,,,54.38011973829556,18.608690966632803,2868.5283415168424,2294.822673213474
,,grass,,54.359035050073906,18.618367099858755,367.8600787225356,257.5020551057749
,,grass,,54.35966714150029,18.616407541259417,313.03996235256477,219.12797364679534
,,grass,,54.38237070000091,18.602613599999113,21.869621124200286,15.3087347869402
,,grass,,54.38235231358108,18.602774901947768,43.28067108697672,30.2964697608837
,,grass,,54.382307439253694,18.602681371645573,76.30491792257577,53.413442545803036
,,grass,,54.382225834085375,18.602719209010946,234.33406329179113,164.0338443042538
,,grass,,54.38303768387188,18.599103899855738,30.238947966518957,21.16726357656327
,,grass,,54.38295195005404,18.59900415000018,74.88373430689916,52.41861401482941
,,grass,,54.38258187601185,18.59894277796859,140.7566469915436,98.52965289408051
,,grass,,54.3826600143741,18.59895796311879,45.47344229253574,31.83140960477502
,,grass,,54.382512941191344,18.598859134385936,187.87256525157224,131.51079567610057
,,grass,,54.38201199840166,18.59980209451768,320.2546946891027,224.17828628237186
,,grass,,54.38217060733443,18.598456578624177,172.05775899797396,120.44043129858177
,,grass,,54.3822500389198,18.59839721234528,154.6156539268203,108.2309577487742
,,grass,,54.379804568069765,18.603754360931916,179.13977451649535,125.39784216154673
,,grass,,54.38028193285775,18.604015344339675,31.76304124810021,22.234128873670144
,,grass,,54.37957149141134,18.60465636359437,174.88630367603304,122.42041257322312
,,grass,,54.379624300017504,18.6045428500019,123.64664773576216,86.5526534150335
,,grass,,54.37967675001752,18.604422550001903,123.8219163274415,86.67534142920904
,,grass,,54.3797315000175,18.604299250001894,123.64697065125816,86.5528794558807
,,grass,,54.37986493282501,18.603993565218204,803.1167486632646,562.1817240642852
,,grass,,54.38007442745031,18.604256137057522,1268.1940671694035,887.7358470185824
,,grass,,54.38043060477508,18.604061906458313,182.85137679067722,127.99596375347404
,,grass,,54.38035170003701,18.6042454000059,193.1516542992261,135.20615800945825
,,grass,,54.380105754031455,18.603530535280317,938.4038245607878,656.8826771925515
,,grass,,54.38062059448814,18.602027735774033,580.9924469582257,406.694712870758
,,grass,,54.38035979057497,18.602486882059452,351.6326993629423,246.14288955405956
,,grass,,54.380587992280816,18.60666478610434,99.16416422357486,69.4149149565024
,,grass,,54.38053789961534,18.60682845585495,319.76250668835297,223.83375468184707
,,grass,,54.37841942269166,18.606876179354536,300.78674582037513,210.55072207426258
,,grass,,54.380979139100454,18.605768214228718,255.154369959667,178.6080589717669
,,grass,,54.380801144493994,18.605939924790487,2100.2408044115737,1470.1685630881016
,,grass,,54.37914122141476,18.612079776400986,142.09769696873065,99.46838787811144
,,grass,,54.3761758966904,18.613937552933333,100.70065310197432,70.49045717138202
,,grass,,54.37630614758348,18.61344896737771,488.18211929609765,341.72748350726835
,,grass,,54.376646533808085,18.612319461489697,862.9857936237897,604.0900555366528
,,grass,,54.377624984285035,18.609453583809465,147.14984196009158,103.0048893720641
,,grass,,54.37736595459019,18.610177862482008,718.3868215204006,502.8707750642804
,,grass,,54.42073575082043,18.57194466153853,219.54556566200546,153.6818959634038
,garden,,,54.3775013607061,18.615919306512026,387.803977907147,310.2431823257176
,,grass,,54.42426686667202,18.595517800000003,30.776099416727977,21.54326959170958
,,grass,,54.38314091349514,18.59785894607286,194.6348593226608,136.24440152586254
,,grass,,54.377517482467134,18.575123358021738,2070.0456630369963,1449.0319641258973
,,grass,,54.37671634769412,18.575695147549258,4588.103851333335,3211.6726959333346
,,grass,,54.377637927882425,18.577557574762434,388.70286642354847,272.0920064964839
,,grass,,54.37922093792656,18.573536177759713,13050.047769644181,9135.033438750927
,,grass,,54.38020068901206,18.57397376454476,6640.993406270811,4648.695384389567
,,grass,,54.37841271149879,18.57252348735184,8774.128960853304,6141.890272597313
,,,wood,54.37876790664178,18.57308701272091,2106.853197105714,1474.7972379739997
,,grass,,54.37778124234421,18.57810619600519,491.8250869858074,344.27756089006516
,,grass,,54.377692983261745,18.57778165749948,176.33593391634514,123.4351537414416
,,,grassland,54.378267352980785,18.57076266256134,4713.8635243096,3299.7044670167197
,,grass,,54.31940630730307,18.607036010827745,7727.459962773184,5409.2219739412285
,,grass,,54.32247889760922,18.60624907308021,5111.18944233432,3577.832609634024
,,,grassland,54.411421392968876,18.484475251464165,4689.129242806225,3282.3904699643576
,,,wood,54.37707549686878,18.584666096469995,419.6395572733647,293.74769009135525
,,,wood,54.37678266148873,18.58597447000526,4314.528292129428,3020.1698044905997
,,grass,,54.37680000817594,18.58511361362385,292.36836111081,204.65785277756697
,,grass,,54.37808980383696,18.58285531923782,815.4708580962447,570.8296006673712
,,grass,,54.37785334730499,18.58410951247035,686.3214298245122,480.4250008771585
,,,wood,54.378314284508214,18.579301516827847,1220.1704118180553,854.1192882726386
,,,grassland,54.372668037828994,18.571574763942703,66073.70182428321,46251.591276998246
,,grass,,54.37875648663946,18.59784184185951,289.5374542198455,202.6762179538918
,,grass,,54.37858450287957,18.599137787887294,132.46913049246476,92.72839134472532
,,grass,,54.378687288839075,18.598329343453518,264.31158321285943,185.01810824900159
,garden,,,54.37836544631257,18.601020696558205,113.275166500361,90.6201332002888
Skwer Bohaterskiego Mariupola,park,,,54.377820707231926,18.60416490123054,2984.5813588670176,2984.5813588670176
,,grass,shrubbery,54.377689527301705,18.605600466862377,206.97060075541378,144.87942052878964
,,grass,,54.37790200668945,18.604775480922882,299.80799126052517,209.86559388236762
,,grass,,54.37784530000183,18.6052093,54.469945972122815,38.12896218048597
,,grass,,54.3777900552641,18.605303399189115,304.99246626910417,213.4947263883729
,,grass,,54.38046227306356,18.58836355653328,1447.5257241121415,1013.2680068784989
,,grass,,54.38024278544488,18.588144154126393,163.80695949558952,114.66487164691266
,,grass,,54.37912058280795,18.58613218703837,826.2734034913071,578.391382443915
,,grass,,54.3786241271571,18.58449973628192,387.19207977997723,271.03445584598404
,,grass,,54.37879435934293,18.58560085710042,217.16716745722056,152.01701722005438
,,grass,,54.37870086194814,18.584972807263206,39.55341485201316,27.687390396409214
,,grass,,54.37966763334876,18.588499566666666,161.23720913366714,112.86604639356699
,,grass,,54.379607650031154,18.588672850016653,87.8815416558348,61.51707915908435
,garden,,,54.37933348926243,18.58874849503852,460.4150896707384,368.3320717365907
,garden,,,54.379498664356326,18.589091217757158,908.8000581753595,727.0400465402877
,garden,,,54.379362903759144,18.58947817341369,422.798577921025,338.23886233682003
,,grass,,54.37933905531113,18.589807099787077,428.3559484745248,299.8491639321673
,,grass,,54.36150974955266,18.610914640676818,699.2300895277151,489.4610626694005
,,,grassland,54.38061966354591,18.609581939652024,2115.2673865347133,1480.6871705742992
,,grass,,54.42511037991077,18.47343576539218,354.9910089560256,248.4937062692179
,,grass,,54.42583869942538,18.473620346432643,354.9247877947207,248.4473514563045
,,grass,,54.4251254273525,18.47277845338229,213.01155380153602,149.10808766107522
,,meadow,scrub,54.289229160043384,18.63379444888722,6152.194255408172,3076.097127704086
,,grass,,54.289618026795566,18.63408420226133,1485.082321447834,1039.5576250134836
,,,grassland,54.37514430423304,18.686711960632707,304541.93359581614,213179.3535170713
Skwer gen. Marka Bezruczki,park,,,54.40903410124933,18.56748356995824,2848.6663350364256,2848.6663350364256
,,grass,,54.40874507501738,18.591491912676187,7407.975600058399,5185.582920040879
,,grass,,54.40885406329967,18.592143732119176,347.3256881545256,243.1279817081679
,,grass,,54.4086445937687,18.592222448917518,414.5750811036178,290.20255677253243
,,grass,,54.4088524055137,18.593062632629888,9137.799527782465,6396.459669447725
,,grass,,54.40892347033516,18.593943888744715,178.79809166644165,125.15866416650914
,,grass,,54.40915742510286,18.594405691352843,5681.050122526563,3976.735085768594
,,grass,,54.415980038989304,18.58675152875937,735.5173330871279,514.8621331609895
,,grass,,54.41600798179638,18.587001937972296,665.8021041469456,466.06147290286185
,,grass,,54.41218998789065,18.58800571093279,83.3805069719824,58.366354880387675
,,grass,,54.41222108855007,18.588182675577666,75.22549591734345,52.65784714214041
,,grass,,54.41591866271329,18.58599177967752,2607.0498280585107,1824.9348796409574
,,grass,,54.41624063256176,18.586670082934106,183.78379273703962,128.64865491592772
,,grass,,54.416270432678296,18.58692720736536,165.54158437814158,115.8791090646991
,,grass,,54.415959379756245,18.58644483594764,332.5898592847841,232.81290149934884
,,grass,,54.41576514678588,18.587111950647138,184.56172504965394,129.19320753475776
,,grass,,54.4157174131204,18.58679190338852,187.18865903770555,131.0320613263939
,,grass,,54.4160506565469,18.587314913558146,307.1341130643075,214.99387914501523
,,grass,,54.41617510460942,18.587738831443414,1676.1465098116107,1173.3025568681273
,,grass,,54.41240703619928,18.588178139841844,197.48477402591652,138.23934181814155
,,grass,,54.412437345101615,18.587750806209772,119.95246779591136,83.96672745713795
,,grass,,54.41245071327588,18.587929067158978,113.21482738277098,79.25037916793968
,,grass,,54.41205532128847,18.58780171616728,244.57384281394945,171.2016899697646
,,grass,,54.41204409583504,18.588001056457387,116.77851482316683,81.74496037621678
,,grass,,54.40886610954172,18.58910127949162,505.32986114590506,353.7309028021335
,,grass,,54.408869059323095,18.588710226057792,124.41467633074527,87.09027343152168
,,grass,,54.40849045282942,18.58959655487271,576.3469941056278,403.44289587393945
,,grass,,54.40842393905459,18.590040564830442,3312.8000009356692,2318.960000654968
,,grass,,54.40836184982323,18.590859589256713,806.0622152693576,564.2435506885503
,,grass,,54.408302478747615,18.589348081557954,262.46256558355157,183.7237959084861
,,grass,,54.40854911722176,18.58919854069959,1743.2484244084583,1220.2738970859207
,,grass,,54.40849739981849,18.588873244544402,1571.832673496163,1100.282871447314
,,grass,,54.40895680429483,18.58838319674175,35.37864385213103,24.765050696491716
,,grass,,54.408876185699825,18.58840840180898,9.047398937788884,6.333179256452219
,,grass,,54.40888257514662,18.588245356737872,22.637291334106095,15.846103933874266
,,grass,,54.40855137539377,18.588523688061322,571.011494198291,399.70804593880365
,,grass,,54.408148481594694,18.588957806363673,358.61632568740777,251.03142798118543
,,grass,,54.4081625331272,18.589309029950684,256.27817832294954,179.39472482606467
,,grass,,54.404162796535694,18.590954073932004,371.83885616534826,260.28719931574375
,,grass,,54.40422150636334,18.591328714453503,428.049906873981,299.6349348117867
,,grass,,54.40381841524266,18.590787801665787,455.0938884789345,318.56572193525415
,,grass,,54.40393792665618,18.591865727224192,1045.499159193777,731.8494114356438
,,grass,,54.40401633288452,18.592362794506336,3279.9336071588905,2295.953525011223
,,grass,,54.403532098896406,18.59124016739436,267.63676389040876,187.3457347232861
,,grass,,54.40357880374105,18.591616885669296,225.76243470399268,158.03370429279488
,,grass,,54.403842568554325,18.5911361165901,1599.8970727847782,1119.9279509493447
,,grass,,54.40389514590608,18.591455836457502,1598.5355318204217,1118.9748722742952
,,grass,,54.412349582776436,18.587450422389487,445.14991315993717,311.604939211956
,,grass,,54.412023678952195,18.587494853691794,212.6691113875132,148.86837797125924
,,grass,,54.42159551297372,18.601888146179675,277.022939997522,193.91605799826536
,,grass,,54.413400933882016,18.59806708576686,651.7388656485067,456.21720595395465
,,grass,,54.41986953929739,18.583607628806053,402.30919049441417,281.6164333460899
,,grass,,54.41995236087889,18.583861114614386,311.39679785952325,217.97775850166627
,,grass,,54.40857706969028,18.593230586615906,1180.8067774546312,826.5647442182418
,,grass,,54.409008864042875,18.595006742717274,105.92399056584182,74.14679339608927
,,grass,,54.409085682820646,18.596289906383117,1003.2422085188739,702.2695459632117
,,grass,,54.360100768529016,18.647658407800584,320.5442177438617,224.38095242070315
,,grass,,54.35990976949029,18.647727779682313,448.4913544001664,313.94394808011646
,,grass,,54.3611935550155,18.645723918896763,791.4354667147194,554.0048267003035
,,grass,,54.361482511781496,18.645573277399215,951.6987589058372,666.189131234086
,,grass,,54.361617205224185,18.646069483498955,94.01183821897276,65.80828675328092
,,grass,,54.36148346638876,18.646250226232862,100.14976359969197,70.10483451978438
,,grass,,54.36145703334065,18.646169333333333,62.18444582817125,43.52911207971987
,,grass,,54.361938283733835,18.645414638944843,136.27726678981503,95.39408675287052
,,grass,,54.36172636471446,18.64570298271681,2705.479392412908,1893.8355746890354
,,grass,,54.35807452642247,18.649840786724766,1189.7861064293252,832.8502745005276
,,grass,,54.35783617383066,18.65028100809921,975.8365732896425,683.0856013027498
,garden,,,54.35463914213952,18.645856024912575,51.49877265413038,41.199018123304306
,garden,,,54.354501935966105,18.645835481068456,103.25546173141191,82.60436938512953
,garden,,,54.35539594939645,18.64603615033427,11.757266107581458,9.405812886065167
,,grass,,54.35684101051389,18.65248203730717,240.53390727753413,168.37373509427388
,,grass,,54.35693393654762,18.652784342544415,121.71039985585146,85.19727989909602
,,grass,,54.357025009177924,18.653009114912162,296.3977566883709,207.47842968185964
,,grass,,54.357199655631035,18.65346851930256,207.07460589513204,144.95222412659243
,,grass,,54.357127073637976,18.653262857314566,213.73775496089473,149.6164284726263
,,grass,,54.3583102932109,18.652706746774097,150.17024907473566,105.11917435231496
,,grass,,54.35515724846646,18.647765824156977,102.58747816194308,71.81123471336015
,,grass,,54.35526476694366,18.64772167800645,311.83314147905077,218.2831990353355
,,grass,,54.35442510007462,18.65004334999038,162.69832049710976,113.88882434797682
,,grass,,54.35467434261019,18.64979084500887,298.6483653006776,209.0538557104743
,,grass,,54.35688286656161,18.649999385042054,270.9479873902717,189.66359117319018
,,grass,,54.35701482332668,18.64983793114584,513.9629460970335,359.77406226792345
,,,wood,54.33718189002195,18.663846859493418,4545.07905063931,3181.5553354475164
,,,wood,54.33734605023778,18.662251652752417,15263.214750702555,10684.250325491788
,,,wood,54.33783585584202,18.666445826669445,1721.1209954050823,1204.7846967835576
,,,wood,54.338407723147476,18.66584405556038,1879.924587081455,1315.9472109570183
,,greenfield,grassland,54.33808540963789,18.667415708556053,10347.958095816379,7243.570667071464
,,grass,,54.35548412585898,18.652686934087868,284.5880392034255,199.21162744239786
,,grass,,54.354540381249954,18.652817176357633,654.3459494967199,458.0421646477039
,,grass,,54.35471316668537,18.653048866666666,99.61314475421808,69.72920132795265
,,grass,,54.35473891936114,18.65287933505207,504.8697960323299,353.4088572226309
,,grass,,54.35326747654373,18.649352384488168,677.7424658763509,474.4197261134456
,,grass,,54.35293620776923,18.649465942208817,726.8095199873396,508.7666639911377
,,grass,,54.35315397389131,18.65004132343576,1190.2585184513478,833.1809629159434
,,grass,,54.35333602771684,18.647771405895543,481.31044978823644,336.91731485176547
,,grass,,54.353179352213,18.64770479972711,626.5722181369797,438.60055269588577
,,grass,,54.353184795396594,18.648141154249014,1123.5438302058192,786.4806811440734
,,grass,,54.4096631109788,18.599234063362868,105.69966895633114,73.98976826943179
,,grass,,54.409769293916895,18.59917183943436,90.35277990688039,63.24694593481627
,,grass,,54.40979284789087,18.599307633296302,67.4723002090579,47.23061014634053
,,grass,,54.409812755822614,18.599784176996085,628.8002919647745,440.1602043753421
,,grass,,54.409807634386354,18.600372742468405,347.2991574474623,243.10941021322358
,,grass,,54.409904827434616,18.599425347739174,905.2378012908116,633.6664609035681
,,grass,,54.409995340014426,18.60144353826193,444.5890323234614,311.212322626423
,,grass,,54.41017293707397,18.601421606631213,330.9637081577277,231.67459571040936
,,grass,,54.41008146835521,18.60093173604139,267.6484661146746,187.3539262802722
,,grass,,54.40961294662891,18.598188960518737,403.572623643255,282.50083655027845
,,grass,,54.40938510185321,18.598610482573918,1017.5006783943036,712.2504748760125
,,grass,,54.408863932880806,18.59565916018476,291.6486877758538,204.15408144309762
,,grass,,54.408774981239944,18.59514702552427,48.157109763205156,33.709976834243605
,,grass,,54.408995749977585,18.59650189229598,439.5253266868229,307.667728680776
,,grass,,54.40892819819816,18.59470417325725,175.61825221937622,122.93277655356334
,,grass,,54.40893865919532,18.5945106865659,249.2765391910405,174.49357743372835
,,grass,,54.40860836457225,18.59272556720291,2307.872393235752,1615.5106752650263
,,grass,,54.40858180084134,18.591069239989118,182.24380022865705,127.57066016005993
,,grass,,54.40853457563718,18.591179673180626,400.6411170307124,280.44878192149866
,,grass,,54.40847597134389,18.59147871267239,71.09989614094746,49.76992729866322
,,grass,,54.408607189352544,18.590365955791256,883.6865615470776,618.5805930829544
,,grass,,54.40821339672641,18.590094335749512,238.40521769649212,166.88365238754446
,,grass,,54.408225822720354,18.59070045666756,239.79032508415156,167.85322755890607
,,grass,,54.40815343691299,18.59073203838653,54.42545379309182,38.09781765516427
,,grass,,54.4082041600653,18.59144733174113,944.3748175183293,661.0623722628305
,,grass,,54.40826575372688,18.591451644263028,121.15996857649525,84.81197800354667
,,grass,,54.408292919383406,18.59209448198634,428.20917490997715,299.746422436984
,,grass,,54.40823922160481,18.592208834940035,140.29057829326769,98.20340480528738
,,grass,,54.4081823535102,18.59220961820526,101.35570045131185,70.9489903159183
,,grass,,54.408263586471826,18.5925143310195,224.33686050090523,157.03580235063365
,,grass,,54.40846444091837,18.593362430210046,558.9065025247971,391.23455176735797
,,grass,,54.40819517316586,18.592548740588168,599.1513761984623,419.40596333892364
,,grass,,54.408730284301285,18.594878941717567,49.64271846782128,34.74990292747489
,,grass,,54.40893711693303,18.596634693097,1414.7996019999644,990.359721399975
,,grass,,54.409538013267145,18.599481338819384,40.870823992216486,28.60957679455154
,,grass,,54.40975392512574,18.600688287952895,1314.5971125287795,920.2179787701456
,,grass,,54.40934074508898,18.595042502004556,400.9514533178126,280.6660173224688
,,grass,,54.40962645344382,18.594909539380453,31.569434328748432,22.0986040301239
,,grass,,54.40974197574584,18.59456682423184,40.02922174320661,28.020455220244628
,,grass,,54.4099199812714,18.594777822733835,35.85898808172566,25.101291657207963
,,grass,,54.409854592458714,18.5950663605545,39.47422961801319,27.631960732609233
,,grass,,54.409788914599254,18.60129591624999,935.5332843558753,654.8732990491127
,,grass,,54.40967799031437,18.600742894165172,349.1323135359078,244.39261947513546
,,grass,,54.40956053016044,18.600095748668213,1593.7060238368663,1115.5942166858063
,,grass,,54.409460933338494,18.599488533333332,109.5943030725411,76.71601215077877
,,grass,,54.40936419292077,18.59946914516177,509.53459578235345,356.6742170476474
,,grass,,54.41003090530574,18.602251833302915,515.3054275497917,360.7137992848542
,,grass,,54.41019414681707,18.60242175686422,607.8529186878188,425.4970430814732
,,grass,,54.41027309456623,18.602673098576176,294.2499136093033,205.9749395265123
,,grass,,54.41026363852262,18.601990112910304,507.5528607401175,355.28700251808226
,,grass,,54.41050577178095,18.60395312498035,386.06728133399207,270.2470969337944
,,grass,,54.41059397583162,18.604343579861464,331.59174236430437,232.11421965501304
,,grass,,54.41037957269055,18.603356808562292,1498.3794448135072,1048.865611369455
,,grass,,54.41080906888149,18.604239424690313,120.51261021722814,84.35882715205969
,,grass,,54.41093692565935,18.604646183998828,1308.8427437052517,916.1899205936761
,,grass,,54.41065687345631,18.605017115331854,3415.4143147857562,2390.7900203500294
,,grass,,54.40960504391763,18.593839310654094,907.7362110355291,635.4153477248703
,,grass,,54.4097217119978,18.594386615271958,21.229349206513213,14.860544444559247
,,grass,,54.40965954322001,18.594017889847553,91.68812697876834,64.18168888513783
,,grass,,54.40937240913385,18.593691092635748,86.66543756607857,60.66580629625499
,,grass,,54.40924481921972,18.59378262016046,122.19182441774072,85.53427709241849
,,grass,,54.40979821839426,18.593444552263463,31.61897167158187,22.13328017010731
,,grass,,54.40990768390481,18.593388309842,15.039951029624739,10.527965720737317
,,grass,,54.409958033661944,18.593360949888865,15.031345908408735,10.521942135886114
,,grass,,54.41007223722573,18.59330506135657,48.43990717506491,33.90793502254544
,,grass,,54.409986000782936,18.594525372246625,828.3814875428584,579.8670412800009
,,grass,,54.40972185581461,18.59508047679617,215.61383587943823,150.92968511560676
,,grass,,54.4100077725055,18.594736415742542,17.856392267057807,12.499474586940464
,,grass,,54.40989645991205,18.5952074054445,19.678792387218124,13.775154671052686
,,grass,,54.351683095704104,18.528350783912323,1020.6904686205462,714.4833280343823
,garden,,,54.343813933299934,18.825722030877017,906.9061097118299,725.5248877694639
,park,,,54.403277696135646,18.62512362209822,7872.024144536922,7872.024144536922
,garden,,,54.400177717434985,18.60452540523207,511.8573334145723,409.48586673165784
,,grass,,54.39656642614805,18.60305540228086,93.56606572154575,65.49624600508203
,,grass,,54.39612032852494,18.602962544504326,206.75695148488455,144.72986603941916
,,grass,,54.34770215358631,18.643144550579326,43.49366859258883,30.44556801481218
,,grass,,54.34772602914178,18.642924880168806,678.8296819362885,475.1807773554019
,,grass,,54.347893725754105,18.643039233205933,114.0672313734084,79.84706196138588
,,grass,,54.34819802938047,18.641528812777917,270.60319441315437,189.42223608920804
,,grass,,54.35934266997149,18.64860809467875,830.7514494155646,581.5260145908952
,,grass,,54.35947029587761,18.647858422729804,822.6232757700561,575.8362930390392
,,grass,,54.35936672770853,18.648115431992867,4828.079664302931,3379.6557650120512
,,grass,,54.35989010975231,18.64804831860545,510.19573800778863,357.137016605452
,,grass,,54.35971467873926,18.648547114896388,1785.39115140222,1249.773805981554
,,grass,,54.3596363554764,18.648857992783082,1713.157932042289,1199.2105524296023
,,grass,,54.376613090016576,18.631204441573107,236.4497613392376,165.5148329374663
,,grass,,54.37643170572062,18.631059860497153,907.6058766461646,635.3241136523152
,,grass,,54.376233543460636,18.63120658825022,571.0482332834878,399.73376329844143
,,grass,,54.37610169377808,18.63130433763221,166.58832008919967,116.61182406243977
,,grass,,54.375982008052695,18.63121021485009,503.60302273915886,352.52211591741116
,,grass,,54.375897260399945,18.63081160828084,141.55792750986154,99.09054925690307
,,grass,,54.37584758201766,18.6311317160563,390.3175440470115,273.22228083290804
,,grass,,54.37544298053282,18.630875497901897,8146.425909385296,5702.498136569707
,,grass,,54.37511749836685,18.629003061955324,2347.6669965867763,1643.3668976107433
,,grass,,54.375192958426126,18.629440626722634,3691.652256833332,2584.1565797833323
,,grass,,54.374787598800154,18.629409869599645,1290.9818125396905,903.6872687777833
,,grass,,54.37502862516087,18.62993305356339,4930.916077517429,3451.6412542621997
,,grass,,54.37490843796315,18.630699776894204,7079.395332016626,4955.576732411638
,,grass,,54.375812202421976,18.630233767716614,1368.9487603837663,958.2641322686363
,,grass,,54.37604227890765,18.630335841612204,1288.9040339134756,902.2328237394329
,,grass,,54.37600723584893,18.629745549308034,720.8671820885328,504.6070274619729
,,grass,,54.37627164506232,18.63009249903528,866.5015479799702,606.5510835859791
,,grass,,54.37629869936648,18.630404454612776,688.826213836837,482.1783496857859
,,grass,,54.37567521134738,18.6299756113337,911.85373657962,638.297615605734
,,grass,,54.37548648999893,18.629964517989002,323.6456011501541,226.55192080510787
,,grass,,54.375522390681034,18.629478968983122,163.71779697384517,114.6024578816916
,,grass,,54.37571935355248,18.629357506810308,3676.177397254354,2573.3241780780477
,,grass,,54.37455974653442,18.6309179485087,751.4104900270942,525.9873430189659
,,grass,,54.37437515307269,18.630963867984658,756.8971586358153,529.8280110450708
,,grass,,54.37606450901233,18.630887306918844,1532.98887553785,1073.0922128764948
,,grass,,54.37711831004901,18.632107868284603,7135.393258286595,4994.775280800616
,,grass,,54.37630397547364,18.631614256221884,126.44963657022637,88.51474559915846
,,grass,,54.37634599162364,18.631530966570985,180.8772282695272,126.61405978866902
,,grass,,54.3764244289799,18.63184536370113,131.29590405896366,91.90713284127456
,,grass,,54.37661628429146,18.632080480165303,233.29573157699042,163.30701210389327
,,,wood,54.38292534937434,18.706564162071075,3409.0903374251525,2386.3632361976065
,,,wood,54.38238460026783,18.703692509151992,15214.997792472375,10650.498454730661
,,,wood,54.380555310188015,18.687917126006273,115810.41734060146,81067.29213842102
,,grass,,54.38471698853273,18.581967050431352,566.3790112894083,396.4653079025858
,,grass,,54.3846612485447,18.581828331134695,231.6198300352787,162.13388102469509
,,grass,,54.384143056005705,18.582744625017128,484.25892871691207,338.98125010183844
,,grass,,54.38434668631201,18.58265175064449,587.3634013505084,411.15438094535585
,,grass,,54.37905391633162,18.58261272638829,1312.9917724092816,919.0942406864971
,,grass,,54.3789574578973,18.58285480891575,1566.0541430451603,1096.2379001316122
,,grass,,54.379900505998414,18.582290036773333,6167.52184304875,4317.265290134125
,,grass,,54.37956626578705,18.58133118407998,2189.352236030465,1532.5465652213254
,,grass,,54.379413475000625,18.581328380943535,2195.9474583937317,1537.163220875612
,,grass,,54.37917270893081,18.580368737958583,3868.450411999622,2707.915288399735
,,grass,,54.379201966271125,18.581487547691644,706.922679649859,494.8458757549013
,,grass,,54.37899480459883,18.5789887382929,9973.731284982287,6981.611899487601
,,grass,,54.380336392768534,18.583936378145232,2471.9200524189478,1730.3440366932634
,,grass,,54.38039999887951,18.58439382166607,120.28937674679096,84.20256372275367
,,grass,,54.38066131602725,18.58464094369843,4134.403338469472,2894.0823369286304
,,grass,,54.380893099918616,18.585521977910705,4560.979162478202,3192.6854137347414
,,grass,,54.37491961932906,18.568647784847354,9895.063589224654,6926.544512457257
,,grass,,54.373382124580175,18.56642087859632,6272.221017972323,4390.554712580626
,,grass,,54.41000221721951,18.599977342722557,85.36257054915421,59.75379938440795
,,grass,,54.41004396563851,18.60021806040839,374.93579090501817,262.4550536335127
,,grass,,54.41008865960918,18.600543742195768,90.26554629414704,63.18588240590292
,,grass,,54.410546040073534,18.60060279857665,751.9860850957874,526.3902595670512
,,grass,,54.41022213825991,18.60075753855803,507.1430888094532,355.00016216661726
,,grass,,54.41021202901969,18.60107253364123,617.868542870063,432.5079800090441
,,grass,,54.41027460682309,18.601436413991742,444.3474832547619,311.0432382783333
,,grass,,54.41033610750092,18.601784943620423,579.2458852348718,405.47211966441023
,,grass,,54.410415566924435,18.602230165058458,621.131745788909,434.7922220522363
,,grass,,54.41046926237486,18.602549386299195,158.41266044036206,110.88886230825344
,,grass,,54.41005006105223,18.59882198604824,974.6639887492254,682.2647921244577
,,grass,,54.40973054524128,18.598508255758457,1186.39018102644,830.4731267185078
,,grass,,54.409551206057685,18.59737843170063,1864.5442351898928,1305.1809646329248
,,grass,,54.40937911919151,18.59644332239916,939.5309132375551,657.6716392662885
,,grass,,54.40924912414765,18.595625193084654,1280.5627806637017,896.3939464645911
,,grass,,54.399266251437915,18.594132069186387,1455.6056990682769,1018.9239893477937
,,grass,,54.399487530990065,18.593675539460513,4576.374248166241,3203.4619737163684
,,grass,,54.399241300006935,18.593204066666665,66.48351601183153,46.538461208282065
,,grass,,54.39935692417152,18.592933989345212,1668.6892575331312,1168.0824802731918
,,grass,,54.39906804881821,18.592690405076397,141.71978231107033,99.20384761774923
,,grass,,54.39882741416995,18.59231364392269,803.5748999757393,562.5024299830175
,,grass,,54.39872366835126,18.59247264353651,804.468909452315,563.1282366166205
,,grass,,54.399141699009355,18.59359287836675,36.11841517461005,25.282890622227033
,,grass,,54.397700469259036,18.596516056003843,2522.182070047953,1765.5274490335669
,,grass,,54.395737407171524,18.59957944741246,3122.1655102125947,2185.515857148816
,,grass,,54.395788831842836,18.599737719420183,3752.6019425783434,2626.82135980484
,,grass,,54.3887980944479,18.608277125679432,2779.907540319823,1945.935278223876
,,grass,,54.388943164760256,18.60861920387942,560.2031805453021,392.14222638171145
,,grass,,54.38902829542585,18.608917784232343,1170.3864219836328,819.2704953885429
,,grass,,54.389085795226784,18.6091337557946,355.5650297965685,248.89552085759794
,,grass,,54.3904050707061,18.607603706719917,10020.149372616965,7014.104560831875
,,grass,,54.390358664752576,18.607942844486054,4856.820945784892,3399.774662049424
,,grass,,54.3895252011212,18.609066252714822,393.7598707445718,275.6319095212002
,,grass,,54.38965885052347,18.60899030840459,177.35434697754232,124.14804288427962
,,grass,,54.38928682739124,18.60828806091943,223.92770861361134,156.74939602952793
,,grass,,54.393204337777526,18.603815883705188,3566.402594972973,2496.481816481081
,,grass,,54.39332711843145,18.60386400638671,4584.323411354677,3209.0263879482736
,,,grassland,54.41572440775546,18.479008708254902,18679.508609497294,13075.656026648105
,,grass,,54.41663205632095,18.46873717093858,61.41039674457074,42.98727772119952
,,grass,,54.41656817527147,18.469731938575855,690.3808444650352,483.26659112552466
,,grass,,54.416313572127564,18.479381245835278,207.0833535803589,144.95834750625122
,,grass,,54.41623233752777,18.47889020381321,393.4376620167213,275.4063634117049
,,grass,,54.41624149063913,18.478279801886856,259.0108209867533,181.30757469072728
,,grass,,54.416289851799206,18.47715764926885,252.81917433705402,176.9734220359378
,,grass,,54.41581483576735,18.479644066224324,69.16065248100259,48.412456736701806
,,grass,,54.416011621320976,18.479419876972432,270.7306034082036,189.5114223857425
,,grass,,54.41609822987328,18.478988194174402,161.26656966094095,112.88659876265865
,,grass,,54.41617700281783,18.47734884842398,220.72225033722216,154.5055752360555
,,grass,,54.41628263993873,18.47480084800726,903.8254123452766,632.6777886416936
,,grass,,54.41643575061871,18.474161910184495,2899.3757595412217,2029.563031678855
,,grass,,54.416377420243116,18.47186882240969,245.34283894561938,171.73998726193355
,,grass,,54.41615844466954,18.479635002003032,1209.5045366742024,846.6531756719417
,park,,,54.40637321972655,18.624091532157575,13672.395406759506,13672.395406759506
,,,wood,54.407248960010044,18.619740343718288,8897.159105480776,6228.011373836543
,,grass,,54.388615707374235,18.64981235316124,1366.5916651024036,956.6141655716824
,,grass,,54.388768755089615,18.649413240251892,1996.7745597608866,1397.7421918326206
,,grass,,54.388846910713774,18.649881926361637,1281.7088598671783,897.1962019070247
,,grass,,54.388530406715304,18.650669400307148,1766.822836874664,1236.7759858122647
,,grass,,54.38808251603014,18.651322162614612,2407.275514612234,1685.0928602285637
,,grass,,54.388229814626534,18.648791780314887,2354.653636588244,1648.2575456117706
,,grass,,54.38795205692554,18.64906647812114,1751.4023892017917,1225.9816724412542
,,grass,,54.38762046831699,18.64927762714411,108.67225142429042,76.07057599700329
,,grass,,54.38749881352101,18.649439697016277,125.81986386540947,88.07390470578663
,,grass,,54.38731459472237,18.64978501490624,1070.5320708326474,749.3724495828532
,,grass,,54.38730266561935,18.650551708702434,2207.750595708379,1545.4254169958651
,,grass,,54.3879421266686,18.649628483458507,4626.042954087363,3238.2300678611537
,,grass,,54.38765171150365,18.650225232788628,6972.3535528968105,4880.647487027767
,,grass,,54.38829998865137,18.65032132012021,2924.986716590311,2047.4907016132177
,,grass,,54.38758418838897,18.64871744974153,1006.0532295550428,704.2372606885299
,,,grassland,54.38905022430837,18.650269275612562,5124.157544519691,3586.9102811637836
,,grass,,54.388744646668414,18.65090644359164,4302.998753694706,3012.099127586294
,park,,,54.37978699137053,18.62786857242952,9129.86979308215,9129.86979308215
,,grass,,54.38014694410608,18.630193733893112,25562.413440493485,17893.68940834544
,,grass,,54.4084093336736,18.609821264481997,506.45922392422295,354.52145674695606
,,grass,,54.408509479408,18.60984906489414,306.2204119669034,214.35428837683236
,,grass,,54.40836163494449,18.610354294710394,956.9920452622789,669.8944316835951
,,grass,,54.408239152473065,18.610324657240746,1457.6287819356714,1020.34014735497
,garden,,,54.408251718559036,18.61011609461713,210.54588768776114,168.4367101502089
,,grass,,54.40799048203009,18.61007599300681,97.36983695714844,68.1588858700039
,,grass,,54.408037118163946,18.610200131362834,228.34508780408703,159.8415614628609
,,grass,,54.40806464338819,18.609653227467017,38.26855760657406,26.787990324601843
,,grass,,54.406969510580396,18.607991916750922,814.3049713369824,570.0134799358876
,,grass,,54.40703562151078,18.608224732565176,549.8322920865605,384.88260446059235
,,grass,,54.40721460812271,18.608505225089267,400.2237047174284,280.15659330219984
,,grass,,54.40746480675328,18.607816845673284,21946.03092018462,15362.221644129233
,garden,,,54.40808683325844,18.6095946320925,43.42024447126364,34.73619557701092
,garden,,,54.40814556936659,18.609315880019707,526.6449796512728,421.31598372101826
,,grass,,54.407998119200286,18.609649328596173,176.27472343253967,123.39230640277776
,,grass,,54.40795255537831,18.609359504072525,115.77014129700044,81.0390989079003
,,grass,,54.40807478902313,18.611452210940996,1699.9819816954403,1189.987387186808
,,grass,,54.4089956433193,18.608489098638206,929.4757636618043,650.633034563263
Park Dworu II,park,,,54.40252124302058,18.55712886300886,53163.046350294986,53163.046350294986
,,,wood,54.330845125578875,18.582855820588723,16202.636093932399,11341.845265752678
,,forest,,54.39994295875514,18.562525818660976,2856.811758624916,2285.449406899933
,,,wood,54.376407564808034,18.504308896924158,112860.73444705224,79002.51411293657
,,grass,,54.40275751423319,18.56010941817065,764.8130530343657,535.3691371240559
,,grass,,54.40281228896623,18.559575360144404,725.2069672489788,507.64487707428515
,,grass,,54.40303109980623,18.559557087675692,747.6622383352029,523.363566834642
,,grass,,54.39788660282864,18.574329297844038,1061.9481659480903,743.3637161636632
,,grass,,54.39815078456392,18.57447006852795,3117.124007454368,2181.9868052180573
,,grass,,54.3978334777858,18.57390188123048,4.790638647882097,3.3534470535174674
,,,grassland,54.39792126045635,18.57606018242398,6149.255426661342,4304.478798662939
,,grass,,54.396558300055005,18.573676334374298,2718.2963616511806,1902.8074531558264
,,grass,,54.39749359116846,18.572705315659444,3526.6454195585543,2468.6517936909877
,,grass,,54.39451473972144,18.57356716495343,19432.995542439887,13603.09687970792
,,grass,,54.394975081339844,18.573178188685535,472.1417129188887,330.49919904322206
,,grass,,54.39429189881784,18.575061019986542,9143.237316223773,6400.266121356641
,,,wood,54.40050827458446,18.56871877643026,19315.711323002204,13520.997926101541
,,grass,,54.395880400350464,18.578935158716504,6055.47062854535,4238.829439981745
,,grass,,54.39911418397886,18.575895948022648,369.06362649802827,258.34453854861977
,,grass,,54.39978643309301,18.575349812506296,1073.6065541609455,751.5245879126618
,,grass,,54.40155688694648,18.573491651811324,303.93927689750177,212.75749382825123
,,grass,,54.40200737955672,18.573216725988512,800.8710873673963,560.6097611571773
,,grass,,54.40182563453724,18.57387608553606,1267.620984996469,887.3346894975282
,,grass,,54.40306065549782,18.573115859190867,1018.5875928333719,713.0113149833603
,,grass,,54.40343079240779,18.572869384997247,451.30263238390455,315.9118426687332
,,grass,,54.403287254855016,18.57278767691432,3029.094894312753,2120.3664260189266
,,grass,,54.40226583009163,18.573280320462707,2858.507053468109,2000.9549374276762
,,,wood,54.38991937498047,18.580257373296543,1541.6890136496706,1079.1823095547693
,,greenfield,grassland,54.39137874458925,18.58007706044586,12344.886076808392,8641.420253765875
,,,grassland,54.393344356619444,18.580364604177852,4510.842038429169,3157.5894269004184
,,grass,,54.38726237600887,18.611221147646116,428.1002554636543,299.670178824558
,,grass,,54.38711308163621,18.61119016703839,671.4981945400699,470.0487361780489
,,grass,,54.33059968121538,18.587025172073655,405.26126543635667,283.68288580544964
,,grass,,54.33040318438253,18.587293074210812,22.73974659054712,15.917822613382983
,,,wood,54.330396811179156,18.586850717195393,170.5770616462758,119.40394315239305
,,,wood,54.33038460000208,18.586539000000002,27.585421737043085,19.30979521593016
,,,wood,54.33030061579735,18.58674521566523,82.83154598232119,57.982082187624826
,,,wood,54.33012036301415,18.58681761103743,221.41551666065686,154.9908616624598
,,,wood,54.330117348132624,18.587087598332474,82.55044524077334,57.78531166854133
,,grass,,54.33032778476218,18.586950977432988,2990.647370848504,2093.453159593953
,,grass,,54.330647400005255,18.586546450000043,47.924358652973964,33.547051057081774
,,,wood,54.33066313701433,18.5873437542573,105.75302193936062,74.02711535755243
,,grass,,54.330037641003706,18.58701166575555,227.59778792574892,159.31845154802423
,,,wood,54.330032123476364,18.586950004949678,156.41955055679114,109.4936853897538
,,grass,,54.33009636668151,18.5869729,79.42614364160987,55.598300549126904
,,grass,,54.330191810943724,18.58678886155613,195.96590517624028,137.1761336233682
,,grass,,54.330367836806744,18.586637057603408,29.383510169653857,20.5684571187577
,,grass,,54.32934418261377,18.58631792321971,165.71182825602875,115.99827977922011
,,grass,,54.32925861618143,18.586085195740473,133.3275978084574,93.32931846592017
,,grass,,54.329197575356865,18.58583450533764,153.95519640188002,107.768637481316
,,grass,,54.32909337694991,18.58538093686718,24.27950533639008,16.995653735473056
,,grass,,54.32913148338769,18.585583787268263,123.15797206037011,86.21058044225907
,,grass,,54.38365975241454,18.60018993433658,98.84707625688728,69.19295337982109
,,grass,,54.382219498620664,18.59828080814735,81.78310407386773,57.24817285170741
,,grass,,54.406067300112866,18.560487295249047,1571.1225851055926,1099.7858095739148
,,grass,,54.40260919890518,18.58174382970039,492.43072649589703,344.7015085471279
,,grass,,54.40338913224326,18.58637546549639,53.14517330307894,37.201621312155254
,,,wood,54.405593197416735,18.557146063453324,5139.007501236341,3597.3052508654387
,,,grassland,54.40427401690751,18.559553452598777,12709.98440459908,8896.989083219354
,,,wood,54.39207043365007,18.56671124550123,67737.33383335827,47416.13368335078
,,,wood,54.391084412567835,18.565383895247205,9052.932401610966,6337.052681127676
,,,wood,54.39164209785604,18.56233212203486,182966.14953368244,128076.3046735777
,garden,,,54.396562230702536,18.567123958262528,3380.964139921077,2704.771311936862
,garden,,,54.39706606806207,18.56346601153106,7742.180312368371,6193.7442498946975
,garden,,,54.399257620354504,18.56198881375685,2289.3261892526903,1831.4609514021522
Kalwaria,park,,,54.35930950878633,18.624315353769823,10664.508427037425,10664.508427037425
,,grass,,54.39553488793803,18.563739344155888,8245.471059251082,5771.829741475757
,,grass,,54.39560573278907,18.564512251446025,5175.812317552117,3623.0686222864815
,,grass,,54.40728618439619,18.55845884300034,4536.811191126962,3175.767833788873
,,grass,,54.406966698360236,18.557892121764468,364.36076988080225,255.05253891656156
,,grass,,54.4070433299688,18.557737966570414,458.9560985579418,321.2692689905592
,,grass,,54.40726671106581,18.557525848226156,2342.230289155477,1639.5612024088337
,,grass,,54.40705498626758,18.559246912446227,302.42249199625167,211.69574439737616
,,grass,,54.406707709129336,18.559208778691303,1032.7238489756494,722.9066942829545
,,grass,,54.40672416296935,18.558322304339754,6540.579995170185,4578.405996619129
,,grass,,54.40676978239085,18.558809182621804,346.11498847480954,242.28049193236666
,,grass,,54.40661402004346,18.557677678983495,6204.45605475099,4343.119238325693
,,grass,,54.40575771074828,18.57014309140127,2102.175792658603,1471.5230548610218
,,grass,,54.405172145489594,18.56982565380062,3472.726974656598,2430.9088822596186
Park kieszonkowy,garden,,,54.40296955002267,18.562848700017156,377.19270481155957,301.7541638492477
,,grass,,54.40527454241057,18.570355462880713,3970.8010546579576,2779.5607382605704
,,grass,,54.40810647961428,18.571437925951873,1550.2205208865857,1085.1543646206098
,,grass,,54.40735819192659,18.57159039186801,1363.5632384933483,954.4942669453437
,,,wood,54.40369419835974,18.567705529352132,1288.8588078766438,902.2011655136506
,,grass,,54.3968313544128,18.569805522381635,875.153728399035,612.6076098793245
,,grass,,54.395031168855056,18.565505002841164,7812.65624958884,5468.859374712188
,,grass,,54.39546451114256,18.564300811613755,347.0294023256736,242.92058162797147
,,grass,,54.40332325344603,18.56689399178364,3195.128648222395,2236.5900537556763
,,grass,,54.403258269376174,18.56613455930517,4406.53396191304,3084.573773339128
Skwer przy ul. Husa,park,,,54.406614544759705,18.56820264153879,9021.61624621746,9021.61624621746
,,,grassland,54.414954038243465,18.565072621991,21818.80621376746,15273.164349637222
,,grass,,54.40125307095468,18.573646422410853,172.29254321680017,120.6047802517601
,,grass,,54.401353267252006,18.5734310327953,190.12037097016696,133.08425967911685
,,grass,,54.40997608294662,18.570515070694935,1155.246019464902,808.6722136254314
,,grass,,54.35441280247562,18.614883401606114,174.72227330274487,122.3055913119214
,,grass,,54.40210876961475,18.572888553271927,158.19248282139068,110.73473797497347
,,,wood,54.41093461727103,18.571081991641012,1772.5353483714405,1240.7747438600084
,,,wood,54.411072615653524,18.570537279285794,10575.23730904581,7402.666116332066
,,,wood,54.41420354472379,18.5652978842623,2979.70673135201,2085.794711946407
,,,wood,54.40432360125577,18.55729350359958,8743.973913509966,6120.781739456976
,,,wood,54.40654661713674,18.548727716400435,1620.1132908609352,1134.0793036026546
,park,,,54.39218121469094,18.648894460592125,382.97694913628186,382.97694913628186
,,grass,,54.41435542724582,18.569009095471465,41443.302560823766,29010.311792576635
,,grass,,54.41373544307739,18.565311590422706,5305.290921652986,3713.70364515709
,,grass,,54.41341032429912,18.564546491665975,1497.2188654863091,1048.0532058404162
,,grass,,54.413654860630984,18.564507628920527,3294.3003277221687,2306.0102294055177
,,grass,,54.41372154954657,18.565845993368818,1619.3346972039108,1133.5342880427374
,,grass,,54.41384841826541,18.56378382195009,7422.791675870902,5195.954173109631
,,,wood,54.41142385920969,18.564052227796637,260.40694737062466,182.28486315943726
,garden,,,54.41171339580505,18.563000102059817,9410.499526852787,7528.39962148223
,,grass,,54.4012507221047,18.58090618541692,5194.379769949994,3636.0658389649952
,garden,,,54.385803726757985,18.613889028619553,1634.9794542847033,1307.9835634277626
Alpinarium,garden,,,54.41048119503143,18.562535132579995,7612.6262790298015,6090.101023223841
,,grass,,54.41256714403774,18.565837499202864,3518.70376198019,2463.092633386133
,,,wood,54.403036904080075,18.567155720529563,18622.661610259813,13035.863127181869
,,grass,,54.34379092314947,18.59203635711387,204.40984638817454,143.08689247172217
,,grass,,54.34363901610689,18.59217819966946,38.75522269950554,27.128655889653874
,,grass,,54.40983348738072,18.599547884928327,454.08781322218863,317.86146925553203
,,grass,,54.40970668968897,18.599606324243062,700.0718230528955,490.05027613702686
,,grass,,54.409785143691636,18.56248748176423,282.57079194426177,197.79955436098322
,,grass,,54.40964907943752,18.56169158460829,1334.8130065037187,934.3691045526031
,,grass,,54.41000440002582,18.559503050006352,338.3862668016566,236.87038676115958
,,grass,,54.409981350025866,18.559288450006385,338.4461223484263,236.91228564389837
,,grass,,54.40995875002586,18.559072550006388,338.44593580428796,236.91215506300156
,,grass,,54.41104583553697,18.559733380488854,845.5264876371858,591.86854134603
,,grass,,54.41109054879258,18.56019780325501,645.555571989033,451.888900392323
,,grass,,54.41141851837972,18.56003997748429,690.6523752847543,483.456662699328
,,grass,,54.41135305916437,18.55960397409701,1034.3032369102598,724.0122658371818
,,grass,,54.411209569057874,18.5597936235175,822.2908965900363,575.6036276130253
,,,grassland,54.3140767839888,18.58842708367271,1587.0816163553661,1110.9571314487562
,,grass,,54.41070118105766,18.557343413662217,435.8665717444685,305.1066002211279
,,grass,,54.41022367350621,18.557256356040245,676.4465815677045,473.5126070973931
,,,grassland,54.41620152309449,18.564207200333698,10684.291321017343,7479.003924712139
,,grass,,54.41681505812519,18.56467749217304,21897.441499383738,15328.209049568615
,,grass,,54.40983591992877,18.558496931935423,886.6783863498248,620.6748704448773
,,,wood,54.409486670555374,18.550686440484803,69783.28933126233,48848.30253188363
,,grass,,54.39762269668289,18.59569925134084,591.5076617457938,414.05536322205563
,,grass,,54.398070378974545,18.615416083561964,149168.92658159495,104418.24860711646
,,,wood,54.37576501164346,18.59360928492474,15082.47171868597,10557.730203080178
,,grass,,54.35387681539819,18.664125425490642,3761.3603534111526,2632.9522473878064
,,grass,,54.419653597881876,18.559935243600883,3700.964102067291,2590.6748714471037
,,grass,,54.41944659522515,18.559585755525355,1717.6516665208985,1202.356166564629
Skwer im. Krzysztofa Kolbergera,park,,,54.38597810068156,18.58920511690466,738.5828759909039,738.5828759909039
,,grass,,54.399727494222454,18.572720535164787,130.79617549431487,91.5573228460204
,,grass,,54.399677209870916,18.5725579500905,140.96986639434357,98.6789064760405
,,grass,,54.399442325506634,18.572117250699165,343.4965926847132,240.44761487929924
,,grass,,54.39971956418525,18.571113962749223,2663.1946088225645,1864.236226175795
,,grass,,54.3992025788031,18.569333322413314,1555.3352629875983,1088.7346840913187
,,grass,,54.39936752059558,18.56946299611635,1435.478048748078,1004.8346341236545
,,grass,,54.400442712319226,18.57421142875634,125.78728250021311,88.05109775014917
,,grass,,54.39996756783829,18.57146140578901,3144.4933545805943,2201.1453482064157
,,grass,,54.40029539679857,18.572572295863072,62.0006092217671,43.40042645523697
,,grass,,54.4002843333546,18.57206696666666,40.55113684511152,28.38579579157806
,,grass,,54.400239507106974,18.571632070379852,495.0497072096493,346.5347950467545
,,grass,,54.40012852011283,18.5712484763152,831.9142264558211,582.3399585190747
,,grass,,54.40017350903235,18.57104002542981,200.6959711018364,140.48717977128547
,,grass,,54.4003444201886,18.570936834483405,626.4354099772413,438.5047869840689
,,grass,,54.40052143606805,18.5708186409155,96.32836456458156,67.42985519520708
,,grass,,54.400166510276506,18.571695779627568,71.17620085940862,49.82334060158603
,,grass,,54.399751104900524,18.5703460098446,645.2731248347508,451.69118738432553
,,grass,,54.39979997026189,18.57025513137597,1303.8133548104224,912.6693483672956
,,grass,,54.39951742673194,18.569313216717877,328.0299239050812,229.62094673355682
,,grass,,54.39939474158351,18.568904952296503,386.7971103007071,270.75797721049497
,,grass,,54.39994810298633,18.56990036127967,4745.131628950381,3321.5921402652666
,,grass,,54.40118264116862,18.57033296096439,3156.171095726816,2209.319767008771
,,grass,,54.40080277894342,18.570103750372617,22631.32718503444,15841.929029524106
,,greenfield,grassland,54.40817541987171,18.554877979799034,2441.6864428474896,1709.1805099932426
,,,grassland,54.39052136199358,18.596864222462173,256.4350825597111,179.50455779179774
,,,grassland,54.392300762476,18.599250538355715,27147.146766042642,19003.00273622985
,,grass,,54.40996392239074,18.600858517375215,275.0083861610875,192.50587031276126
,,grass,,54.409853692052664,18.600349567624914,270.6440997217147,189.45086980520028
,,grass,,54.42397678098504,18.595917046652925,176.16374039080168,123.31461827356117
,,grass,,54.423720193070224,18.594870824011135,4996.14355503766,3497.3004885263617
,,grass,,54.42342067701919,18.594174926133782,169.53107911879596,118.67175538315716
,,grass,,54.423524933968054,18.59251816831684,13876.822307425813,9713.775615198068
,,grass,,54.42356284076395,18.5933502238506,181.36157469080152,126.95310228356105
,,grass,,54.4235175667249,18.593464133333335,183.37371840307512,128.36160288215257
,,grass,,54.42302886679122,18.593138392672724,2037.4854828253365,1426.2398379777355
,,grass,,54.42287386681378,18.59302144224627,3871.8759363147146,2710.3131554203
,,grass,,54.42265772282497,18.591523501161255,981.6951187201414,687.186583104099
,,grass,,54.422381618556074,18.590785001857576,1394.583874062987,976.2087118440908
,,grass,,54.422315906281916,18.591107391812333,2366.247242943837,1656.373070060686
,,grass,,54.42220616210707,18.59126990616526,4814.085649095844,3369.8599543670907
,,grass,,54.42284506948943,18.591424404475802,2729.4361987860593,1910.6053391502414
,,grass,,54.42195116071668,18.589892938170074,1220.0858254672646,854.0600778270851
,,grass,,54.42183701551922,18.59001321782598,4019.4716925029775,2813.630184752084
,,grass,,54.42161046227999,18.589366210268203,67.66736981570737,47.36715887099516
,,grass,,54.42198834278199,18.58958180642253,1046.8448618367584,732.7914032857308
,,grass,,54.42211649365698,18.589980428522665,211.16228235102588,147.81359764571812
,,grass,,54.422198226104726,18.59023732350461,482.3461012637714,337.64227088463997
,,grass,,54.421808074153184,18.589010290744184,444.03561430192366,310.82493001134657
,,grass,,54.42174473265444,18.58879612343017,107.24155090298902,75.06908563209231
,,grass,,54.42170474535545,18.588665324186074,151.2411821054563,105.8688274738194
,,grass,,54.421534805588394,18.588603795897917,1797.6224415705187,1258.335709099363
,,grass,,54.42149049825253,18.58881794820079,1919.7427767337163,1343.8199437136013
,,grass,,54.42141225974773,18.587729229921845,833.5182214844247,583.4627550390973
,,grass,,54.421283235209806,18.587311158803047,450.50558423370336,315.35390896359235
,,grass,,54.42088871664285,18.586034570806973,4031.3427630388423,2821.9399341271896
,,grass,,54.4208796389455,18.586573070286438,7528.7826872371415,5270.147881065999
,,grass,,54.42029339531894,18.58482610001357,5657.506892061222,3960.2548244428554
,,grass,,54.42095175018854,18.58714767083618,2342.156370810434,1639.5094595673038
,,grass,,54.41978303398732,18.583739444165328,120.1287049215557,84.09009344508898
,,grass,,54.41985273015815,18.583923637752857,100.93804943594108,70.65663460515876
,,grass,,54.41995029450806,18.584250702523708,96.08788058105581,67.26151640673906
,,grass,,54.42008343307798,18.584112404407723,579.5450509626932,405.6815356738852
,,grass,,54.42013318160009,18.58483700523619,390.6963591965547,273.4874514375883
,,grass,,54.419669769351266,18.58386321881534,70.36035764631616,49.252250352421306
,,grass,,54.41975391748717,18.584081481249285,64.57631429000485,45.20342000300339
,,grass,,54.420609721501634,18.582856324499897,328.6381714399723,230.0467200079806
,,grass,,54.420330547631686,18.583229065063232,2177.184557186015,1524.0291900302104
,,grass,,54.41981435265593,18.583306659922236,582.2188865735807,407.55322060150644
,,grass,,54.41969689548551,18.58348371357156,47.89285236163986,33.5249966531479
,,,grassland,54.41256952166098,18.613988833842296,2963.2735317085912,2074.2914721960137
,,grass,,54.33169136693339,18.595127033333334,769.4922347496339,538.6445643247437
,,grass,,54.4163767565632,18.588374194414993,45.44098468227283,31.808689277590975
,,grass,,54.41024092165497,18.59427629727769,37.46560057272244,26.225920400905704
,,grass,,54.40995797179531,18.59438572590682,72.88818677704622,51.021730743932345
,,grass,,54.41013034045362,18.59433461419095,16.392450289044277,11.474715202330993
,,grass,,54.410083668215236,18.59436067842219,13.805346380591022,9.663742466413714
,,,wood,54.40997340240269,18.589071733106667,2926.6789087591305,2048.675236131391
,,,wood,54.409635162434746,18.59011696118488,3696.351863554129,2587.4463044878903
,,,wood,54.409307143727936,18.590160199901266,3344.6876965055417,2341.281387553879
,,,wood,54.40931819551079,18.589809779345632,1906.396766400919,1334.4777364806432
,,,wood,54.40915929511961,18.589675828135416,1162.9339337241643,814.0537536069149
,,,wood,54.409746868713746,18.58970298131101,400.63407951179715,280.443855658258
,,grass,,54.337611879382685,18.599768314836854,278.7137520971642,195.09962646801495
,,grass,,54.418456014205994,18.58174631098236,72.14862594003654,50.50403815802557
,,grass,,54.41840679735517,18.581649346572764,33.09159877476976,23.16411914233883
,,grass,,54.418207132533276,18.58157288926289,349.69639256552796,244.78747479586954
,,,grassland,54.41997033926152,18.588243645038826,915.0442279347806,640.5309595543464
,,grass,,54.42099153413689,18.588202999224755,4932.742503125021,3452.919752187515
,,,wood,54.42036982346816,18.58722396165128,15501.325671097002,10850.927969767901
,,,grassland,54.3078006097485,18.611507622452965,7586.882072476852,5310.817450733796
,,grass,,54.401085638650194,18.574099247180754,291.5248369659664,204.06738587617647
,,grass,,54.400691943616636,18.574317701531978,182.60628577883446,127.82440004518412
,,grass,,54.40058153624758,18.574415877198962,151.42237920442676,105.99566544309873
,,grass,,54.40097488307363,18.574461294283303,227.19098452276387,159.0336891659347
,,grass,,54.416942517246405,18.572941095279816,44.32535677032531,31.027749739227712
,,grass,,54.41814003534335,18.56665091726216,115.2845470206751,80.69918291447257
,,greenfield,wood,54.41032092695848,18.58057275068103,2081.290050850581,1456.9030355954064
,,greenfield,grassland,54.404304951931174,18.577749602281926,2320.5719214843466,1624.4003450390426
,,grass,,54.403443647034486,18.59063609887568,144.49618831891962,101.14733182324373
,,grass,,54.403457618554164,18.59003845060307,778.8972648684922,545.2280854079445
,,grass,,54.40355220782113,18.58913209434984,86.83312793842177,60.78318955689523
,,grass,,54.40347655254552,18.58866477006738,38.05159673033851,26.636117711236956
,,grass,,54.403439730389266,18.58846346402295,90.25176337111151,63.17623435977805
,,grass,,54.403366551191276,18.588033961727408,289.72142263448575,202.80499584414002
,,grass,,54.4032487972525,18.587363287756602,395.7794775015221,277.04563425106545
,,grass,,54.42464943492692,18.592126380608704,2288.8109082155743,1602.1676357509018
,,,wood,54.42656373363393,18.593681643838487,69384.01429701026,48568.81000790718
,park,,,54.424490001048554,18.593419637095714,49193.91440784446,49193.91440784446
,garden,,,54.37848702832014,18.575069859008117,6544.836393412646,5235.869114730118
,,,grassland,54.392786483284766,18.55942456936458,2785.4769849676427,1949.8338894773497
,,grass,,54.41962788430442,18.56280931682835,175.71655385093274,123.00158769565292
,,grass,,54.41866265301373,18.56125574191613,5269.371454431441,3688.560018102008
,,grass,,54.41406392047179,18.564856714130126,1596.8373128561634,1117.7861189993143
,,grass,,54.41230703488184,18.55388343320808,5901.916532857031,4131.3415729999215
,,grass,,54.41301813072967,18.555014308545612,141.92381931784925,99.34667352249447
,,grass,,54.412369425659655,18.55722467335297,2267.1222686094616,1586.985588026623
,,grass,,54.41240180003909,18.558042066666665,629.2733334683297,440.4913334278308
,,grass,,54.41253506449674,18.556839898816495,647.4403330966114,453.20823316762795
,,grass,,54.41219850001269,18.556632066666666,36.35318267624879,25.447227873374153
,garden,,,54.41463533661423,18.555381288832205,4682.848070632427,3746.278456505942
,,,wood,54.39970721944119,18.53137068310226,16978.544445944633,11884.981112161242
,,,wood,54.387837303450446,18.591085443726982,3481.7437785210573,2437.22064496474
,,,wood,54.39106688619487,18.58030985068594,1685.7843756216605,1180.0490629351623
,,,wood,54.40292708263524,18.557077440901228,9104.071793258452,6372.850255280916
,,,wood,54.402228637116295,18.557555254104297,20574.396457052077,14402.077519936453
,,,grassland,54.37401128142151,18.577184994502787,14021.881361774353,9815.316953242047
,,,grassland,54.372917802987054,18.573122829835132,39192.20782358081,27434.545476506562
,,,grassland,54.37453988801816,18.573204730898816,538.5397519858434,376.97782639009034
,,grass,,54.371219284389795,18.574010651581926,3191.5434705320677,2234.0804293724473
,,,grassland,54.38508737525862,18.575701835921407,3694.2391268090064,2585.9673887663043
,,,grassland,54.38107107367276,18.574166400243655,8159.801378122849,5711.860964685994
,,grass,,54.404777063785886,18.57142948100241,215.3364388226293,150.7355071758405
,,grass,,54.40615443526293,18.570383905215227,512.5324679538371,358.77272756768593
,,grass,,54.40640142944102,18.570229054040315,60.04394461700204,42.03076123190142
,,grass,,54.40654603411379,18.5701572591165,56.681664449895244,39.677165114926666
,,grass,,54.406680638574365,18.57005466402991,315.3875037263141,220.77125260841984
,,grass,,54.405396802683946,18.570955781052806,1314.4932545422316,920.1452781795621
,,,grassland,54.41983347409798,18.568316716674516,6298.930834531213,4409.251584171849
,,grass,,54.42457524668566,18.575379301693065,5946.756435198926,4162.729504639248
,,grass,,54.42377564337727,18.56549006646814,7398.903908540155,5179.2327359781075
,,,wood,54.38338606089559,18.594827884226397,568.2017326313696,397.7412128419587
,,,grassland,54.41059114256393,18.551976424618832,3255.21456933878,2278.650198537146
,,,wood,54.41517324954686,18.60905357836767,10609.594891292976,7426.716423905083
,,,wood,54.41258532632361,18.609046182228322,63350.25811414567,44345.18067990197
,,grass,,54.35107223407653,18.67410648866569,36.50310397270849,25.55217278089594
,,grass,,54.35065722205466,18.67451834442076,2382.520330572852,1667.7642314009963
,,grass,,54.34943362107064,18.675453624195836,103.25419637044074,72.27793745930852
,,grass,,54.3497115507023,18.675399466119163,802.720839656129,561.9045877592903
,,grass,,54.35006085022605,18.675115249973302,760.5973472010755,532.4181430407529
,,grass,,54.345618719586824,18.651754060255115,1664.7082442582184,1165.2957709807529
,park,,,54.34543706453281,18.652077471414746,2811.1143241497493,2811.1143241497493
,,grass,,54.34395566420983,18.650905839734506,5191.1331653532025,3633.7932157472414
,,,wood,54.344255718082174,18.657517258270065,4095.5942500439387,2866.9159750307567
,,,wood,54.37293083148173,18.51385699154427,71849.05533796057,50294.3387365724
,,,wood,54.372828219272435,18.508633962842296,6950.078814118518,4865.055169882962
,,,wood,54.37291557586255,18.510094692665078,2984.556405962938,2089.1894841740564
,,grass,,54.37111736941959,18.52187044216501,348.33682324103523,243.83577626872466
,,grass,,54.36145102746002,18.647280336436115,11247.188755759273,7873.0321290314905
,,grass,,54.35926155793492,18.655747109011912,3519.061490249351,2463.3430431745455
,garden,,,54.38443127452452,18.60670899774693,666.7158439570181,533.3726751656145
,,grass,,54.38182086412852,18.612765116416476,296.82871145325583,207.78009801727907
,,,grassland,54.408835393702546,18.553358867176854,8585.141529958471,6009.5990709709295
,park,,,54.404927874128084,18.537154798539348,4292.764361619703,4292.764361619703
,park,,,54.40540922103611,18.53621826155377,20140.46693969109,20140.46693969109
,,grass,,54.40570097602809,18.536374580290534,140.17182327603138,98.12027629322196
,,grass,,54.405437798353184,18.53714773778489,118.9394276445418,83.25759935117925
,,,grassland,54.42000375498776,18.58742940153365,6203.7830453193155,4342.64813172352
Skwer Kwitnących Wiśni,park,,,54.4137855568425,18.59142411458256,3875.1079632858473,3875.1079632858473
,,grass,,54.381619866068306,18.60746628306869,366.47662328539104,256.5336362997737
,,grass,,54.381737398351554,18.607056125562913,145.84065239078882,102.08845667355217
,,grass,,54.381558100014466,18.607707400038734,461.3122447030533,322.9185712921373
,,,grassland,54.4105435521816,18.537226261607263,372.14020325402447,260.4981422778171
,,,grassland,54.414713552625564,18.535111287748972,1626.9584661253327,1138.8709262877328
,,,grassland,54.41119981744629,18.535654232332227,489.3552928597212,342.5487050018048
,,grass,,54.41425313061298,18.599860778973934,394.9661819020655,276.4763273314458
,,grass,,54.41424048663586,18.600493384191303,66.0633938972581,46.24437572808066
,,grass,,54.41405871694483,18.60094551045597,686.3724484127486,480.460713888924
,,grass,,54.413726642621555,18.60139408964124,429.9717771496058,300.98024400472406
,,grass,,54.41354494785691,18.601582105255083,78.36271371861609,54.85389960303126
,,grass,,54.412817021356254,18.602358238872952,155.20627992932128,108.6443959505249
,,grass,,54.41271549942232,18.602462941000347,86.84773795875888,60.79341657113122
,,grass,,54.41251345552987,18.60266773751234,172.72380823181473,120.90666576227031
,,grass,,54.412386572899266,18.602782318986936,67.47081652252922,47.22957156577045
,,grass,,54.41158685511699,18.603411720431694,452.82664734243986,316.9786531397079
,,grass,,54.41105981858677,18.603736292794377,885.2120505873606,619.6484354111524
,,grass,,54.410689559733164,18.603627570312792,344.71051204559444,241.29735843191608
,,grass,,54.410969148890494,18.603512970125447,2611.981829152526,1828.3872804067682
,,grass,,54.41127481991684,18.603413690433406,36.843824728836566,25.790677310185593
,,,wood,54.407941844342304,18.668442182583348,4189.416636829627,2932.591645780739
,,,wood,54.40773497412285,18.67043346454639,143857.98800233213,100700.59160163249
,,grass,,54.41600972936797,18.565195735788155,172.5296569807844,120.77075988654907
,,,grassland,54.415614266519576,18.56158482113593,1008.0283352555779,705.6198346789045
,,,wood,54.42020786538965,18.56453786164606,3216.19884844543,2251.339193911801
,,grass,,54.41307299186973,18.555141826596305,53.881847094802616,37.71729296636183
,,grass,,54.35103359354623,18.55237701608657,6239.253716930552,4367.477601851387
,,,wood,54.318341461040816,18.57335184648661,2354.552942286485,1648.1870596005394
,,,wood,54.32255105176647,18.57044203934507,85763.74289586564,60034.62002710594
,,grass,,54.40533313658103,18.661222640794325,1786.0035802933314,1250.202506205332
,,grass,,54.405081387848824,18.660996878937876,416.1679762248176,291.3175833573723
,,grass,,54.40501365108195,18.660732800273557,221.7299133427541,155.21093933992785
,,grass,,54.34862663814395,18.671507003841317,2514.492223315135,1760.1445563205946
,,,grassland,54.34834723362319,18.67042023944351,716.5269790639825,501.5688853447877
,,grass,,54.34788325834479,18.671255020912312,566.5900776185068,396.61305433295473
,,,grassland,54.346124861164746,18.6715239311854,19548.10990860447,13683.676936023128
,,,wood,54.34464807413716,18.669713940010908,11932.396807418223,8352.677765192755
,,grass,,54.34423027732752,18.669940704823208,7609.440160737468,5326.608112516227
,,grass,,54.348019687696414,18.671601433598045,2637.198518018611,1846.0389626130277
,,,grassland,54.34742868364989,18.67188615170887,1073.3685536812613,751.3579875768829
,,grass,,54.34679963582578,18.673440600859198,65655.16003876293,45958.61202713405
,,,grassland,54.418811560861045,18.596318787252553,5118.603707726319,3583.022595408423
,,,wood,54.42207983024868,18.593662451474223,149021.3923248499,104314.97462739493
,,,grassland,54.419924641124936,18.59465720830013,5421.121643416321,3794.7851503914244
,,,grassland,54.407311728653,18.624251175775075,27156.61129083863,19009.62790358704
,,grass,,54.41997084423671,18.562988653243313,1512.8290987136272,1058.980369099539
,,grass,,54.42286416013191,18.59239537419841,1041.023086708918,728.7161606962426
,,grass,,54.42398511828826,18.594711381900122,2702.767328416715,1891.9371298917004
,,grass,,54.42471121457474,18.594956267531188,997.9374436175247,698.5562105322672
,,grass,,54.424850373653726,18.594860304265183,489.3276433285329,342.529350329973
,,grass,,54.42368628726068,18.595364355547996,648.2766716947444,453.7936701863211
,,grass,,54.4221737041468,18.591590830009313,3202.4519535041136,2241.7163674528792
,,grass,,54.42135909041721,18.58887082599225,972.615696220113,680.8309873540791
,,grass,,54.42072691802942,18.586936150315687,5430.2710220434765,3801.1897154304334
,,grass,,54.41996626496741,18.58467951517377,276.2951276475281,193.40658935326965
,,grass,,54.420142199794384,18.5834699620839,196.63179003124864,137.64225302187404
,,grass,,54.42009523098225,18.583567198861978,131.17366973059126,91.82156881141387
,,grass,,54.420031175826274,18.58310176454701,96.76267603161754,67.73387322213227
,,grass,,54.419949829401624,18.583120252928627,35.62720099422363,24.93904069595654
,,grass,,54.42023078949896,18.58400802971092,58.7039907867952,41.09279355075664
,,grass,,54.420272331237875,18.583884439340085,78.71026735284585,55.09718714699209
,,grass,,54.419581610137044,18.583607662322937,51.74016986999298,36.21811890899509
,,grass,,54.41938452488231,18.584019744129957,188.75523759820032,132.12866631874022
,,grass,,54.41951406842717,18.584050266330618,175.8120201348308,123.06841409438154
,,grass,,54.419363219293004,18.584540683883983,1451.1416673863528,1015.7991671704468
,,grass,,54.40387110721019,18.56987114614166,733.460244686416,513.4221712804912
,,,grassland,54.36992616004234,18.63814358190853,62750.33525217551,43925.23467652285
,garden,,,54.41859266339268,18.591294418476696,1742.5811159860405,1394.0648927888324
,,,wood,54.4192478806416,18.58802700066866,6711.874798267991,4698.312358787593
,garden,,,54.40209583875461,18.56559501795886,2026.4492264376872,1621.1593811501498
,,grass,,54.41124616834296,18.537560108521035,6546.089857863113,4582.262900504179
,,,grassland,54.411772636805445,18.539190926143238,25217.79240937319,17652.454686561232
,,,grassland,54.411834338572184,18.543707646269027,12495.452702092545,8746.816891464781
,,grass,,54.35668206010878,18.490798999222154,2514.340646374615,1760.0384524622305
,,grass,,54.41412161728383,18.53404572737591,2128.252130277653,1489.776491194357
,,,wood,54.41387274179585,18.533380543287798,8258.04941493488,5780.634590454415
,,,grassland,54.4106596905421,18.536459033722952,4848.31553684765,3393.820875793355
,,,grassland,54.41051897599101,18.536831673481306,5057.914270890438,3540.5399896233066
,,,wood,54.41422107972156,18.531645060937034,2089.4007312741924,1462.5805118919345
,,,wood,54.414243253171634,18.532476059058208,9819.951596380806,6873.966117466564
,,grass,,54.375295732943925,18.62653046400948,2288.0028968687607,1601.6020278081323
,,grass,,54.375461806832355,18.626382443802306,2005.6794518274974,1403.975616279248
,,grass,,54.37539330306814,18.62560274234444,237.0821400709301,165.95749804965106
,,grass,,54.375269687678276,18.625577838856465,111.2525425321926,77.87677977253482
,,grass,,54.40094915330931,18.592000695588375,525.8026078262639,368.06182547838466
,,grass,,54.40064440135147,18.592167362479177,94.02009529959687,65.8140667097178
,,grass,,54.40035060590628,18.592389861616155,909.695900917622,636.7871306423353
,,grass,,54.40101646242074,18.59209873583421,942.3468605493422,659.6428023845394
,,grass,,54.40117836736606,18.591838769425273,14.92232493868633,10.44562745708043
,,grass,,54.401049808315946,18.59245642247765,18424.099034204923,12896.869323943445
,,grass,,54.40169846811035,18.591784072450977,783.6848526609374,548.5793968626562
,,grass,,54.402160099045126,18.5915731191392,118.60731107202234,83.02511775041563
,,grass,,54.40262654444851,18.591321574538505,47.267991574718515,33.08759410230296
,,grass,,54.399902115108006,18.592622830205453,707.5235394047787,495.2664775833451
,,grass,,54.39917596647916,18.594567154858787,361.4468969240004,253.01282784680026
,,grass,,54.399696713879834,18.593963502238207,157.80767685134708,110.46537379594295
,,grass,,54.4009933220266,18.592853612052988,736.8623169465023,515.8036218625516
,,grass,,54.40209552234927,18.59219919441101,323.52964395529307,226.47075076870513
,,grass,,54.40320015455938,18.59200195381325,309.31311521323164,216.51918064926213
,,grass,,54.402716563119,18.5912582447529,88.02141440472043,61.6149900833043
,,grass,,54.40279959918187,18.591276276883946,58.727795929289485,41.109457150502635
,,grass,,54.4030865617059,18.59107743243941,990.8548336770672,693.598383573947
,,grass,,54.401830131593584,18.592281046541668,4553.386528098939,3187.3705696692573
,,grass,,54.40588084852981,18.590011192224537,15851.224203572083,11095.856942500457
,,grass,,54.405710180938776,18.590428772515182,9225.39351918277,6457.775463427938
,,grass,,54.407829036653816,18.588770181487728,939.706825544977,657.7947778814839
,,grass,,54.40713100587304,18.58904527629446,296.4861089247668,207.54027624733678
,,grass,,54.406049594928085,18.589570701503085,6187.792198975535,4331.454539282874
,,grass,,54.40445813314388,18.590431373199333,808.8936012244404,566.2255208571082
,,grass,,54.405547919961975,18.590715982606277,3065.5758809529593,2145.9031166670716
,,grass,,54.407161438481424,18.589745440785723,284.0126579467666,198.80886056273658
,,grass,,54.40771067891033,18.58964380826018,747.1394544697038,522.9976181287926
,,grass,,54.410396015086654,18.588171656238014,4722.886322497743,3306.02042574842
,,grass,,54.40811965138607,18.58866155117121,55.03690935309127,38.525836547163884
,,grass,,54.410964918450645,18.588484477119113,3026.9635889906476,2118.8745122934533
,,grass,,54.41220871655561,18.588413045128604,93.26744975941529,65.2872148315907
,,grass,,54.4093048019482,18.589105497674296,547.0589139498713,382.94123976490994
,,grass,,54.40998177418473,18.588751021396217,157.538662248159,110.27706357371129
,,grass,,54.409126157121264,18.588229650806397,896.2608903166636,627.3826232216644
,,grass,,54.410353799522966,18.58788285830482,7346.7705406892055,5142.7393784824435
,,grass,,54.41178571147892,18.587544063392293,742.2801836193936,519.5961285335754
,,grass,,54.41985337629377,18.584375241726843,23.40006637260274,16.380046460821916
,,grass,,54.41013106008068,18.588501999280705,10308.05943536362,7215.641604754534
,,grass,,54.41450731214661,18.58772264081676,5604.92237461011,3923.4456622270764
,,grass,,54.41880952233725,18.585304016914677,1066.7367096195642,746.7156967336949
,,grass,,54.41738024705173,18.58601020845439,1431.1962311928742,1001.8373618350118
,,grass,,54.41804357591572,18.58554148702939,190.19447519242692,133.13613263469884
,,grass,,54.419393446457754,18.58473593824764,131.7957222576456,92.25700558035192
,,grass,,54.417944857311085,18.58611188015591,854.8510803667997,598.3957562567598
,,grass,,54.417224090353585,18.58659106445612,760.603057660577,532.4221403624039
,,grass,,54.41378361896157,18.587126243612953,10678.300037887722,7474.810026521405
,,grass,,54.41215368644179,18.588294445260882,280.38989079937795,196.27292355956456
,,grass,,54.41273534358939,18.588101277527127,538.2186271717275,376.7530390202092
,,grass,,54.41438725000419,18.587491821139523,7107.0821856193525,4974.9575299335465
,,grass,,54.41581287756743,18.587449271326552,76.9768672287738,53.883807060141656
,,grass,,54.41423477733369,18.587289465354488,6828.283725592749,4779.798607914924
,,grass,,54.41663032966422,18.586760363427146,779.641946527373,545.749362569161
,,grass,,54.416654083227904,18.58652361159692,851.2065083631885,595.8445558542319
,,grass,,54.41846482261755,18.585297241160067,886.1651779970267,620.3156245979187
,,,wood,54.415328997807485,18.534956210518803,3862.649009153667,2703.8543064075666
,,,grassland,54.41699710453361,18.534679406621102,233.57747616691464,163.50423331684024
,,,grassland,54.418154685737385,18.536308083986654,8065.252814939673,5645.676970457771
,,,grassland,54.41844413930944,18.536849067893428,1822.7868909974804,1275.9508236982363
,,,grassland,54.41861224849182,18.53840021422108,10363.517025167144,7254.461917617001
,,,grassland,54.41925291859608,18.53810422464272,14471.042005331541,10129.729403732079
,,grass,,54.41567701433418,18.5368241820914,202.5636210566734,141.79453473967138
,,grass,,54.41651210657135,18.536382768083755,42.89571231007195,30.026998617050364
,,grass,,54.41632363493088,18.536787964681608,479.9507063489062,335.9654944442343
,,grass,,54.41507826667025,18.533085266666664,24.073683938666207,16.851578757066342
,,,wood,54.41555940336847,18.53182673405778,4080.6252411692903,2856.437668818503
,,,wood,54.415983267473806,18.53237004195028,1317.4943086478443,922.246016053491
,,,grassland,54.41569352895422,18.53245936725643,6138.07682272892,4296.653775910244
,,,grassland,54.41565163744212,18.530762416345727,2694.4300054650575,1886.1010038255401
,,,grassland,54.414557441548,18.531544562919628,11572.247884760709,8100.573519332495
,,grass,,54.4206184000227,18.569676300000005,394.85781448622515,276.4004701403576
,,grass,,54.39544254190842,18.602541937810784,2015.505523549546,1410.8538664846822
,,grass,,54.39621051790658,18.598499644626642,1536.9804454082657,1075.886311785786
,,grass,,54.39778050716344,18.59665931184904,921.4371474961121,645.0060032472784
,,grass,,54.39601901087124,18.599725897751803,3420.3065087991763,2394.2145561594234
,,grass,,54.39512566391004,18.601970941866657,613.3557264611247,429.3490085227873
,,grass,,54.39575920386558,18.602875121473446,122.32171485649249,85.62520039954474
,,grass,,54.39535377096572,18.602767229344124,1267.5878782704735,887.3115147893315
,,grass,,54.3957068138178,18.603450414746305,35.591458121039615,24.914020684727728
,,grass,,54.39578808975106,18.603280225587152,26.56372769775287,18.59460938842701
,,grass,,54.395665882914976,18.603084945854945,30.40661590607411,21.284631134251875
,,grass,,54.395583926146934,18.603344081455067,24.773281355204897,17.34129694864343
,,grass,,54.39521537178374,18.603013450329854,2401.3549556039484,1680.9484689227638
,,grass,,54.39408918116633,18.603389699455068,8001.0290233462265,5600.720316342358
,,grass,,54.39422898780195,18.60275563315824,2579.426844829342,1805.5987913805393
,,grass,,54.39520243814119,18.601040084615637,1628.7459875300424,1140.1221912710296
,,grass,,54.39486009327609,18.601731289138197,897.0784384981591,627.9549069487114
,,grass,,54.39496869551151,18.6019961533663,883.36590794427,618.356135560989
,,grass,,54.39468179003298,18.602391669990237,211.53228123897878,148.07259686728514
,,grass,,54.395061559796,18.600155378645326,2745.906296079938,1922.1344072559564
,,grass,,54.39489429178961,18.600680784678588,1892.0585778460984,1324.4410044922688
,,grass,,54.39346630808339,18.60266259964976,5147.060924202967,3602.9426469420764
,,grass,,54.393484304763284,18.601166731415304,2168.5320100621675,1517.9724070435173
,,grass,,54.393835971161046,18.60237762795258,3176.6388168235317,2223.647171776472
,,grass,,54.394449247177164,18.60129890230594,1050.1781062945531,735.1246744061872
,,grass,,54.39398674568086,18.600326941671618,5423.895044875596,3796.7265314129168
,,grass,,54.39418956939899,18.60088768023625,2647.2508021846947,1853.0755615292862
,,grass,,54.394014147917844,18.601208279792598,903.4742899742754,632.4320029819927
,,grass,,54.39393952704117,18.601681567003652,803.4049000097395,562.3834300068177
,,grass,,54.39424094034628,18.601263547516464,281.99811329950643,197.39867930965448
,,grass,,54.39352832757859,18.600523820983767,11040.7805809454,7728.54640666178
,,grass,,54.398665155099486,18.596073920044383,11625.5816121183,8137.90712848281
,,grass,,54.399833599357876,18.595775957343747,1618.608236461205,1133.0257655228434
,,grass,,54.40006235724773,18.594061975545937,2535.743940835612,1775.0207585849284
,,grass,,54.40014649783242,18.595258304104284,228.43324024531972,159.9032681717238
,,grass,,54.40007642354642,18.594755742734712,3815.219579998603,2670.653705999022
,,grass,,54.399243165129825,18.594645371818096,1694.8328139622472,1186.382969773573
,,grass,,54.39882103679635,18.5952489207085,1758.6900718644424,1231.0830503051095
,,grass,,54.3989862060438,18.59553549770248,677.5393920611702,474.2775744428191
,,grass,,54.39921565610554,18.595651961801593,2423.5879516240725,1696.5115661368507
,,grass,,54.39953387165976,18.595344761114873,9362.78423451926,6553.948964163482
,,grass,,54.3990005339786,18.59524920277594,254.5910803722607,178.21375626058247
,,grass,,54.39983463425009,18.594890784042672,1821.7111649741805,1275.1978154819262
,,grass,,54.399618569648254,18.59481751987131,306.85007554783584,214.79505288348508
,,grass,,54.39972249989695,18.594128412993044,1905.655298165629,1333.9587087159402
,,grass,,54.3996869460317,18.5946253610754,146.49441460554502,102.5460902238815
,,grass,,54.39981698390834,18.594436712985672,372.81933557850596,260.97353490495414
,,grass,,54.399856543678794,18.594569063361472,182.40097795805423,127.68068457063795
,park,,,54.353165453889446,18.511860996597175,12260.373506197784,12260.373506197784
,garden,,,54.41317647938775,18.592346721605093,90.30662760721903,72.24530208577522
,garden,,,54.41366706098645,18.592588895436215,94.74851407880723,75.79881126304579
,garden,,,54.413454358097205,18.59273556892206,79.55856051453917,63.64684841163134
,garden,,,54.41388845422762,18.592747449711215,66.26055054464913,53.00844043571931
,,grass,,54.415226385909364,18.59306907379285,172.67776675913473,120.8744367313943
,,grass,,54.41412315170602,18.591803237758185,2277.2983682717063,1594.1088577901944
,,grass,,54.41420303136582,18.59245568283093,3609.8808782425117,2526.916614769758
,garden,,,54.41424384501235,18.592815101476184,127.52952041818327,102.02361633454662
,garden,,,54.41505445173872,18.596894525519414,91.88066651788108,73.50453321430487
,garden,,,54.41290314843012,18.592488651834092,120.6015997092179,96.48127976737432
,garden,,,54.4127748475129,18.592513960592,120.60654587900933,96.48523670320748
,,grass,,54.41303506174334,18.591409358620616,188.2137016341591,131.74959114391135
,,grass,,54.41313412709219,18.591774692301794,2438.6935788943333,1707.0855052260333
,,grass,,54.41295835180691,18.591022446920217,761.3021982817559,532.9115387972291
,,grass,,54.41274015425263,18.589998261700234,544.0770541386141,380.8539378970299
,,grass,,54.41262399792269,18.589327853322906,181.8863467769418,127.32044274385925
,,grass,,54.41254040157406,18.588857234786474,390.82922673691917,273.5804587158434
,,grass,,54.413784181914274,18.59703670309506,488.8198306493372,342.173881454536
,,grass,,54.413562054067484,18.59570795130843,1916.9946774985608,1341.8962742489925
,,grass,,54.41337198568839,18.594630234450896,225.10286979846387,157.5720088589247
,,grass,,54.41332049598651,18.594332672224162,200.58477886145954,140.40934520302167
,,grass,,54.41322607906569,18.59378866824748,729.3652993982865,510.55570957880053
,,grass,,54.41331898489508,18.593285766765273,43.52236021673803,30.46565215171662
,,grass,,54.413400859543295,18.593763179568093,466.75945597322425,326.731619181257
,,grass,,54.41377071435598,18.595878120368532,485.5148795157362,339.86041566101534
,,grass,,54.41357868587765,18.59477449017852,689.5673822585641,482.6971675809948
,,grass,,54.41364922010619,18.59552075241862,192.48729365334745,134.74110555734322
,,grass,,54.41230949848612,18.588628628547244,103.81014270845642,72.66709989591949
,,grass,,54.41252865355639,18.58979930107429,1312.1543773326384,918.5080641328468
,,grass,,54.412928137629244,18.592042914427545,77.91456884505286,54.540198191536994
,,grass,,54.41269223289967,18.590700479423052,137.5894066278789,96.31258463951522
,,grass,,54.412977444734175,18.592315177129144,103.95993154408264,72.77195208085784
,,grass,,54.413050291431844,18.592748314611246,118.31063862706483,82.81744703894537
,,grass,,54.41339065145428,18.592412147120065,85.73759725595326,60.01631807916728
,,grass,,54.41330201713219,18.59245435250213,138.46207350304763,96.92345145213334
,,grass,,54.41376098585587,18.588598546570946,146.5990762187999,102.61935335315992
,,grass,,54.413781682136275,18.588430269660467,671.2761554204875,469.89330879434124
,,grass,,54.413515868813164,18.588091870078006,333.32194832046554,233.32536382432585
,,grass,,54.41352023343942,18.588303866666664,531.2992297076801,371.90946079537605
,,grass,,54.41365870003022,18.588262,451.71589539101484,316.20112677371037
,,grass,,54.41338555458987,18.58916694013652,10604.193509067602,7422.935456347321
,,grass,,54.41507653342286,18.594825899999996,536.8576737726037,375.80037164082256
,,grass,,54.41493978540201,18.595703983880725,10596.219500408217,7417.353650285751
,,grass,,54.41490106057725,18.59461915028343,202.1441585776918,141.50091100438425
,,grass,,54.414813200032896,18.594714266666664,129.28213043877935,90.49749130714554
,,grass,,54.41484270001565,18.59462913333334,94.378559526632,66.06499166864239
,,grass,,54.41473953334753,18.594669533333327,155.63268759054435,108.94288131338104
,,grass,,54.414777833358556,18.594573933333333,92.82095184792826,64.97466629354977
,,grass,,54.41460842409603,18.593879717374605,457.827263896143,320.47908472730006
,,grass,,54.41449738154052,18.5931059409176,27.79744457858751,19.458211205011256
,,grass,,54.41485793624939,18.59715162093931,483.98818920072654,338.79173244050855
,,grass,,54.414446962853,18.594280338305353,12294.095981633582,8605.867187143507
,,grass,,54.41331696587702,18.592869413564944,1134.1380687610974,793.8966481327682
,,grass,,54.41280429911875,18.592832358237995,844.5594116437404,591.1915881506183
,,grass,,54.4128089283754,18.5922832917682,190.63565467240798,133.4449582706856
,garden,,,54.41140612338462,18.592318511513707,79.6765983421597,63.74127867372777
,garden,,,54.41169256317311,18.5923728293779,79.6798166790468,63.74385334323744
,garden,,,54.41197900094491,18.592423787895754,79.65279775837327,63.72223820669862
,garden,,,54.412241675263516,18.592471111123352,79.70334896734478,63.762679173875824
,,grass,,54.41174238218295,18.59127753141501,98.50550151875834,68.95385106313083
,,grass,,54.41171465541473,18.59105155183667,99.47089241087265,69.62962468761086
,,grass,,54.41168654579413,18.590819316188185,105.4530805092984,73.81715635650887
,,grass,,54.411658026560886,18.590588802190798,103.71033087404439,72.59723161183106
,,grass,,54.41162984149065,18.59035752323239,109.9287613483981,76.95013294387866
,,grass,,54.411601340466696,18.590126144154734,107.64185091223584,75.34929563856508
,,grass,,54.411573011175115,18.5898978596206,106.91385289101079,74.83969702370754
,,grass,,54.41154458765398,18.58966373351147,116.8062727965127,81.76439095755889
,,grass,,54.411515754540446,18.589433000540037,105.2622760613414,73.68359324293897
,,grass,,54.41148739655323,18.589202714486206,111.84991467768072,78.2949402743765
,,grass,,54.411458467185746,18.58896934547602,107.9698231920627,75.57887623444388
,,grass,,54.41184942182607,18.58874595561212,750.1049118981982,525.0734383287387
,,grass,,54.41153378526119,18.588748239827805,345.90904284574674,242.1363299920227
,,grass,,54.41107748688123,18.58946950043826,108.3472035250937,75.84304246756558
,,grass,,54.41111117797108,18.58969759999313,106.54139836623705,74.57897885636592
,,grass,,54.41114544910324,18.589927587195785,110.27294889501432,77.19106422651002
,,grass,,54.411179950352405,18.590156882222697,108.19746213632956,75.73822349543069
,,grass,,54.41121302334089,18.59038313841922,103.35935348289976,72.35154743802983
,,grass,,54.41124673227406,18.590610808078342,100.20810946886395,70.14567662820477
,,grass,,54.41128091720927,18.590836671698142,106.97026457006547,74.87918519904582
,,grass,,54.41131517563927,18.591066388774543,106.56386114707908,74.59470280295535
,,grass,,54.41134981621477,18.59130042622396,104.15054082843282,72.90537857990297
,,grass,,54.41138466993448,18.59152998829697,106.1255006959222,74.28785048714553
,,grass,,54.41141826853403,18.591757036275567,109.55268223976317,76.68687756783422
,,grass,,54.411445947446175,18.591939953224532,53.76801922027973,37.63761345419581
,,grass,,54.410670143821996,18.58891608903842,127.14460254318226,89.00122178022758
,,grass,,54.41168697099854,18.588866225401937,285.9318927091246,200.15232489638723
,,grass,,54.4117668203465,18.58970854063665,6363.192855280743,4454.23499869652
,,grass,,54.411830068505594,18.590975577182892,691.6930716374609,484.1851501462226
,,grass,,54.41188578951754,18.59065204165468,812.3021049409739,568.6114734586816
,,grass,,54.41096737058834,18.591425425885284,78.5574222547066,54.99019557829461
,,grass,,54.410927160244746,18.59120373093165,79.03708407202598,55.32595885041818
,,grass,,54.41088596213568,18.59097900834074,79.36950008735137,55.558650061145954
,,grass,,54.41084437348476,18.590748839775763,79.37836263620834,55.56485384534583
,,grass,,54.410803833655045,18.590522258702293,83.20510832076414,58.243575824534894
,,grass,,54.41076303942635,18.590296051423557,79.44240352236773,55.60968246565741
,,grass,,54.41072261812882,18.590073589879832,81.96344257975937,57.374409805831554
,,grass,,54.41068117455082,18.589845173313485,85.46161888388153,59.82313321871707
,,grass,,54.41064085255846,18.589622265190826,77.63139556208131,54.341976893456916
,,grass,,54.41060079078279,18.589399759287478,84.85299896401878,59.397099274813144
,,grass,,54.41055833589736,18.589164120994898,82.64917328940845,57.85442130258591
,,grass,,54.41069908976102,18.58923147160677,675.306162061046,472.7143134427322
,,grass,,54.41074623333893,18.589461133333334,89.95823780571925,62.97076646400347
,,grass,,54.411080850381204,18.591567158511783,71.79059412380725,50.253415886665074
,,grass,,54.41102969465053,18.590496748324952,11997.561368887951,8398.292958221566
,,grass,,54.41063305569277,18.590242246968778,4250.0515419175745,2975.036079342302
,,grass,,54.41026495767574,18.588843127226273,223.64779954927644,156.5534596844935
,,grass,,54.41015669951437,18.58890892162716,104.9630367571429,73.47412573000003
,,grass,,54.41063712002536,18.59084266216542,4895.757938629279,3427.0305570404953
,,grass,,54.41096031230965,18.591924600117064,834.3390260762628,584.0373182533839
,,grass,,54.411144121209325,18.592129698450574,3084.7013662870054,2159.2909564009037
,,grass,,54.41142448113205,18.592109848395797,434.0305681743108,303.82139772201754
,,grass,,54.411520946733035,18.591728361314104,517.6079710962756,362.3255797673929
,,grass,,54.41140183568336,18.590127260326472,13320.944290866413,9324.661003606489
,,grass,,54.411783898509,18.591670742680975,80.35180859118628,56.24626601383039
,,grass,,54.41165857193883,18.592025447821545,2636.445427113668,1845.5117989795674
,,grass,,54.41187872271056,18.592189883316177,732.55850896823,512.790956277761
,,grass,,54.41202459937631,18.59170675155288,9003.351223801039,6302.345856660727
,,grass,,54.41309572894314,18.59824188434603,450.6119877867937,315.42839145075556
,garden,,,54.41368957795202,18.597625560215985,153.25760720184638,122.60608576147712
,,grass,,54.413335390191406,18.59760798017756,1862.498096465072,1303.7486675255502
,,grass,,54.41314372641781,18.597013276966532,1733.6546974680273,1213.558288227619
,,grass,,54.41305035322545,18.596453996256574,300.9705917414205,210.67941421899434
,,grass,,54.41300624189325,18.59601174031594,794.8269304708974,556.3788513296281
,,grass,,54.41294853851937,18.595413398816216,1027.7569132365131,719.4298392655592
,,grass,,54.41281818105641,18.594771568381468,1133.1392533550609,793.1974773485425
,,grass,,54.41263180107678,18.594062925630862,1439.109022140445,1007.3763154983114
,,grass,,54.41251141732784,18.59325716544563,1379.0475205125244,965.333264358767
,,grass,,54.41236776400926,18.59362981109091,2974.851572822244,2082.396100975571
,,grass,,54.41238323335651,18.593129066666666,285.726074758312,200.00825233081838
,,grass,,54.41229116101125,18.592872946577973,1623.3124487561918,1136.3187141293342
,,grass,,54.41124271040225,18.592454419956834,1128.4866813839901,789.940676968793
,,grass,,54.41188548619945,18.592569533768277,334.61642057301935,234.23149440111354
,,grass,,54.411894259143665,18.58902238397657,824.4663779133624,577.1264645393536
,,grass,,54.41193349078651,18.589608982692962,1098.9565138608402,769.2695597025881
,,grass,,54.41198907420855,18.59019192244765,803.9203408053188,562.7442385637231
,,grass,,54.4120330150742,18.590650635877335,328.562570704869,229.9937994934083
,,grass,,54.412122890350155,18.59115691560185,1399.1811194539628,979.4267836177738
,,grass,,54.41231112773969,18.59187186419117,1102.6881742578614,771.8817219805029
,,grass,,54.4124765609366,18.59277315889196,128.4152897266387,89.89070280864708
,,grass,,54.41242280333595,18.592238245695103,131.4580465818641,92.02063260730486
,,grass,,54.3385765071811,18.61896876176521,158.54964354347987,110.9847504804359
,,grass,,54.3383669946288,18.619058122466676,118.24686512373623,82.77280558661535
,,grass,,54.33874746591809,18.61791883457391,431.93040331145244,302.3512823180167
,,grass,,54.338058337885926,18.615218052678905,99.69305779191367,69.78514045433957
,,grass,,54.33853295661001,18.617997094127638,296.5109086112628,207.55763602788394
,,grass,,54.33843941383511,18.617801221586603,79.33510788697453,55.534575520882164
,,grass,,54.33833525513277,18.61761476496708,108.19186758266203,75.73430730786342
,,grass,,54.3383570770786,18.617738263075235,48.77453971245989,34.142177798721924
,,grass,,54.338405459854165,18.61868143067311,94.76745988583251,66.33722192008275
,,grass,,54.33835297629863,18.618748166418907,360.47866599793235,252.33506619855262
,,grass,,54.33838477678276,18.61841922526539,73.51231511609063,51.45862058126344
,,grass,,54.33834017424567,18.61839449643784,111.97635262433526,78.38344683703468
,,grass,,54.33831980504937,18.61808307205939,15.496998886779014,10.84789922074531
,,grass,,54.33832322667624,18.617885673443823,91.9094372873752,64.33660610116263
,,grass,,54.33817156261474,18.61984908141272,199.99595749810902,139.9971702486763
,,grass,,54.33821005163306,18.619096440987022,11.98658806067615,8.390611642473305
,,grass,,54.33818673728255,18.61688515290354,96.32807576917145,67.42965303842001
,,grass,,54.33827714560574,18.61756208917213,155.34744540551196,108.74321178385837
,,grass,,54.33810500254736,18.619582184899993,139.05564995754858,97.33895497028401
,,grass,,54.33804109119816,18.619097602772737,64.53717630344342,45.17602341241039
,,grass,,54.33812779518986,18.619256769810484,19.727746890766916,13.80942282353684
,,grass,,54.338115513823645,18.61919491083602,12.049370727021344,8.43455950891494
,,grass,,54.33812929758497,18.61909355871382,43.41722081848442,30.392054572939088
,,grass,,54.33795466280999,18.618123456203403,335.6721506170113,234.9705054319079
,,grass,,54.33824033020417,18.61799191719226,51.47259490810414,36.0308164356729
,,grass,,54.3381405815156,18.61711426085724,219.78594590446428,153.850162133125
,,grass,,54.33802205812826,18.616087386251156,638.4367587745188,446.9057311421631
,,grass,,54.33793751918122,18.61605047144016,2038.3977683238163,1426.8784378266714
,,grass,,54.33797909719441,18.615373538778737,5.292306350183029,3.70461444512812
,,grass,,54.33787590912546,18.61536436675106,103.09965073743206,72.16975551620243
,,grass,,54.337662038228515,18.615943029719258,588.8235913857181,412.1765139700027
,,grass,,54.33774597955104,18.61604119086787,833.6229581177655,583.5360706824358
,,grass,,54.337490161778526,18.61670990403163,860.2991527390952,602.2094069173667
,,grass,,54.3377418876378,18.616639069479426,2965.1844706061547,2075.6291294243083
,,grass,,54.33803567281212,18.618063977920386,180.29284661114337,126.20499262780035
,,grass,,54.338119706861484,18.61798653888482,127.80520792746988,89.46364554922891
,,grass,,54.337995024055765,18.617725039538165,95.7283262239914,67.00982835679397
,,grass,,54.337796190644866,18.61725933296361,2092.2296813696366,1464.5607769587455
,,grass,,54.33757780605756,18.617516580462432,4300.287104710698,3010.2009732974884
,,grass,,54.33723109970393,18.617534842429723,795.6670512925432,556.9669359047801
,,grass,,54.33712695358758,18.61767636660635,226.68120183642145,158.67684128549502
,,grass,,54.3371441351811,18.617829294650143,90.87890564216784,63.61523394951748
,,grass,,54.33708320898195,18.617314971573354,222.19795509363382,155.53856856554367
,,grass,,54.33702662471134,18.617346147522497,127.31518787876702,89.1206315151369
,,grass,,54.33751539519925,18.61714033329716,62.05223161340399,43.43656212938279
,,grass,,54.3376795229589,18.616289867131396,570.1422997615923,399.0996098331146
,,grass,,54.338130676358155,18.618640122950577,707.5147928355693,495.26035498489847
,,grass,,54.385789933953994,18.59420210748312,924.8163662212278,647.3714563548594
,,grass,,54.344253643401686,18.618576214951734,4311.505355667735,3018.0537489674143
,,grass,,54.34380383550907,18.617778932676696,405.7048845193624,283.99341916355365
,,grass,,54.343601373551294,18.617459079223238,1385.5064447610455,969.8545113327318
,,grass,,54.343428160384676,18.61710373192659,189.68608850615,132.780261954305
,,grass,,54.34059196459405,18.61756129027216,2775.229629958279,1942.6607409707951
,,grass,,54.341000015540295,18.61749294925686,131.5645756349545,92.09520294446816
,,grass,,54.3407115799732,18.617688109014352,805.2563412083553,563.6794388458486
,,grass,,54.33977507547789,18.617739962868978,740.7158714129931,518.5011099890952
,,grass,,54.33956778979862,18.617903753275964,2722.5211520738285,1905.7648064516798
,,grass,,54.33846797020234,18.619309979222525,565.5874904767273,395.91124333370914
,,grass,,54.34009457151006,18.618444454185717,1825.1328625117824,1277.5930037582475
,,grass,,54.34101709218354,18.618312748493093,98.00571012930958,68.6039970905167
,,grass,,54.338800206782714,18.618976130706056,588.9252367086596,412.2476656960617
,,grass,,54.33910257622436,18.61881824786155,28.027234040351992,19.619063828246393
,,grass,,54.34255379755558,18.616937745879184,1068.963563975894,748.2744947831258
,,grass,,54.34334664402584,18.6170692955343,448.4270228252543,313.898915977678
,,grass,,54.343138208220644,18.616763115155294,346.39340116104233,242.4753808127296
,,grass,,54.34321601722565,18.616967749236213,149.54044344785802,104.67831041350061
,,grass,,54.343401730930665,18.61752528896459,333.9557408111164,233.76901856778147
,,grass,,54.34312663832538,18.61710589936265,211.16250132669222,147.81375092868456
,,grass,,54.34269446109761,18.617646294907686,8109.360282444383,5676.552197711068
,,grass,,54.342534444776675,18.617310723731993,5741.430470148798,4019.0013291041582
,,grass,,54.33794517091444,18.62332880704602,86.86019823287924,60.80213876301546
,,grass,,54.33797973271574,18.62304715279898,27.79404087432411,19.455828612026878
,,grass,,54.338041052291544,18.622577863098442,193.7835694987307,135.6484986491115
,,grass,,54.33820251536645,18.62123976883383,3563.069830627895,2494.1488814395266
,,grass,,54.338039706933934,18.621593871199437,1470.724809216373,1029.507366451461
,,grass,,54.34141078110477,18.61813045731328,145.53851080145984,101.87695756102188
,,grass,,54.341395037955515,18.617235704047076,285.24816382547334,199.67371467783133
,,grass,,54.34126587938176,18.618161763425757,81.66344466069627,57.164411262487384
,,grass,,54.34140942901135,18.617718956407316,67.3489606266612,47.14427243866283
,,grass,,54.341417844006536,18.617898366800492,178.14787489813185,124.70351242869228
,,grass,,54.339429166150865,18.618175325008675,4637.632499674731,3246.3427497723114
,,grass,,54.34113783825882,18.61778082003427,124.46446976138019,87.12512883296613
,,grass,,54.3411495198695,18.61794118142049,48.80389283558137,34.16272498490696
,,grass,,54.339344067914844,18.618456425714996,5560.0098004684805,3892.006860327936
,,grass,,54.344051108993575,18.616990710497447,2368.68499165143,1658.0794941560011
,,grass,,54.34374700332359,18.61702828073796,2406.0776246481223,1684.2543372536854
,,grass,,54.34435824560301,18.617422686831805,587.5401688918577,411.27811822430033
,,grass,,54.34390674875757,18.61742089363729,378.01293716099383,264.60905601269565
,,grass,,54.34407173008818,18.617646415545458,186.99650310564,130.897552173948
,,grass,,54.34421417361653,18.617574455241524,28.68952938828067,20.082670571796466
,,grass,,54.3449011453156,18.61870974136479,7752.5046113336475,5426.753227933553
,,grass,,54.34285605037822,18.617961556206716,1216.1608578825874,851.3126005178111
,,grass,,54.34529996311226,18.622829405550558,4915.2772361818725,3440.6940653273105
,,grass,,54.3449204783675,18.620592008890785,14494.872932527385,10146.411052769168
,,grass,,54.341750346562904,18.61807853102311,759.1432539403447,531.4002777582413
,,grass,,54.3415188781911,18.617297125477567,142.88726199582007,100.02108339707404
,,grass,,54.34182987261936,18.617178413939993,647.1727832680432,453.0209482876302
,,greenfield,grassland,54.366077073040984,18.49040336914705,1712.2472446708368,1198.5730712695856
,,grass,,54.345570712772506,18.628084716761744,2378.9147644801437,1665.2403351361006
,,grass,,54.345462991655,18.628098934749236,2423.3383220678993,1696.3368254475295
,,grass,,54.3420394003715,18.616717460954874,480.2263012446234,336.15841087123636
,,grass,,54.34195630197264,18.616138545252717,1306.9063179814812,914.8344225870368
,,grass,,54.34235703473444,18.616237703521286,5366.043098629708,3756.2301690407953
,,grass,,54.33886687988427,18.602727891770705,43677.9320366382,30574.55242564674
,,grass,,54.33836700080742,18.60093317012246,1974.0354270343385,1381.824798924037
,,grass,,54.33992031553538,18.606330210320156,10522.563944979018,7365.794761485312
,,grass,,54.3391644543506,18.60209386029491,1184.4006797204622,829.0804758043236
,,grass,,54.341062070717065,18.61011073813911,15240.823164857926,10668.576215400548
,,grass,,54.34267649759941,18.61583472884734,5056.9621798880125,3539.8735259216087
,,grass,,54.3421182903845,18.614523695817436,3650.3797271769877,2555.265809023891
,,grass,,54.34246731633553,18.61453203420459,15066.395091278613,10546.476563895028
,,grass,,54.343216816535595,18.615733149209472,5214.355270267714,3650.0486891873998
,,grass,,54.34375985721434,18.61653081276749,479.2361751313029,335.465322591912
,,grass,,54.343764990789936,18.616193359793392,306.60824957056417,214.6257746993949
,,grass,,54.34425068699914,18.616907951475092,826.1275142622211,578.2892599835548
,,grass,,54.343454143483775,18.616638282746788,327.9792082896121,229.58544580272843
,park,,,54.40346453623054,18.60995907490974,17201.905882776868,17201.905882776868
,,,grassland,54.38644736494442,18.64298764623399,55009.7144414606,38506.80010902242
,,grass,,54.3419024944379,18.626491191766057,878.1619935787265,614.7133955051086
,,grass,,54.32590953964381,18.568628339650928,705.8689576947186,494.108270386303
,,,grassland,54.340108370231476,18.65860654222782,1533.52805090587,1073.469635634109
Roślinność wysokogórska,garden,,,54.395898862229686,18.57445237587257,408.0048516940776,326.4038813552621
,,grass,,54.39545515882356,18.572236961231017,100.21507088897516,70.15054962228261
,,grass,,54.39669654416294,18.571547431512556,1114.019770430166,779.8138393011162
,,grass,,54.39611176451357,18.572040218549766,223.24062025975974,156.2684341818318
,,grass,,54.39795853129153,18.57504008761651,208.75120499128315,146.1258434938982
,,grass,,54.39810639527949,18.57492414711089,219.50838453087823,153.65586917161474
,,grass,,54.39859820798518,18.57431670767498,3897.1898400647087,2728.0328880452957
,,grass,,54.39951922852019,18.573346257593474,203.96666485385768,142.77666539770036
,,grass,,54.39972402286756,18.573158252438827,449.3750777522273,314.5625544265591
,,grass,,54.399586022997724,18.573675712193445,918.2292869871765,642.7605008910235
,,grass,,54.39847367169732,18.573299294460824,615.2369977706202,430.6658984394341
,,grass,,54.39879753298017,18.572955687866585,343.7884367737844,240.65190574164905
,,grass,,54.3989157773275,18.572722052693535,172.42336107804354,120.69635275463047
,,grass,,54.399155128428575,18.572608900690344,54.126561571528,37.8885931000696
,,grass,,54.39939393705785,18.572412329290014,455.7582610786715,319.03078275507005
,,grass,,54.396352238315195,18.575866905732138,126.48632602623663,88.54042821836563
,,grass,,54.39647576739664,18.57574330060129,125.8920864894779,88.12446054263452
,,grass,,54.39660394098516,18.575619148258774,126.17728525237878,88.32409967666514
,,grass,,54.39675991957283,18.57546272569673,228.42556309243307,159.89789416470313
,,grass,,54.39696406226771,18.575227924398177,329.39512091361473,230.5765846395303
,,grass,,54.39607512125159,18.57556672119955,514.2620467527663,359.98343272693637
,,grass,,54.396081095227366,18.575070171266997,83.05584674069095,58.13909271848366
,,grass,,54.39620639478578,18.574946072873786,83.0571647028205,58.14001529197434
,,grass,,54.39633142699763,18.57481797080865,83.16661375708937,58.216629629962554
,,grass,,54.396487743145265,18.574661961380418,157.54415803524972,110.2809106246748
,,grass,,54.39611294965601,18.57486299872892,24.004019256395257,16.80281347947668
,,grass,,54.39626890000304,18.57470450000231,24.147789048947445,16.90345233426321
,,grass,,54.394871418510135,18.576419530080233,343.84463111906854,240.69124178334795
,,grass,,54.39485077020546,18.5773515759596,4187.971531558782,2931.580072091147
,,grass,,54.39495373260374,18.577999575168995,585.1048409652092,409.5733886756464
,,grass,,54.39462959663506,18.57717701321854,2187.5703664835714,1531.2992565385
,,grass,,54.3959881532148,18.577028917823394,938.6151031346259,657.0305721942381
,,grass,,54.396687540242674,18.575236775005603,654.8031832500931,458.3622282750651
,,grass,,54.396562546850255,18.57487074751049,694.3308378452683,486.0315864916878
,,grass,,54.395875207240465,18.576825182519798,69.80934576786836,48.866542037507855
,,grass,,54.39580101973295,18.576621355852744,69.72280051075491,48.805960357528434
,,grass,,54.395725700886814,18.57641678272565,69.83740097183869,48.88618068028708
,,grass,,54.39565131973294,18.576211655852727,69.72254608151276,48.80578225705893
,,grass,,54.39624755576023,18.57642684627408,73.45226207542879,51.416583452800154
,,grass,,54.39617415141757,18.576222326389523,73.47788632120803,51.43452042484562
,,grass,,54.396098402445304,18.57601653260375,73.412723114783,51.3889061803481
,,grass,,54.396024247602284,18.575812315573057,73.46388864598839,51.42472205219187
,,grass,,54.39589310632784,18.575103190592138,276.57923494317436,193.60546446022204
,,grass,,54.39570174300826,18.57561282738991,423.01703858648125,296.1119270105369
,,grass,,54.395794069111176,18.57559194341789,347.1299223646471,242.99094565525294
,,grass,,54.39530536457254,18.575911980788216,742.6900794141943,519.883055589936
,,grass,,54.39393142838818,18.57548614316103,573.6384648476577,401.54692539336037
,,grass,,54.39414069281789,18.57816145536207,3217.8766592536867,2252.5136614775806
,,grass,,54.39341988201886,18.577869891843783,3924.120040369372,2746.88402825856
,,grass,,54.39323757498897,18.578608920799397,609.0881189609471,426.36168327266296
,,grass,,54.39293452322222,18.578768953233002,540.2661143088349,378.18628001618436
,,grass,,54.39298616835525,18.577821434559002,1098.9196988603244,769.243789202227
,,grass,,54.392983499882206,18.57629564899899,6677.59811243482,4674.318678704373
,,grass,,54.39434614469601,18.577059466845224,3241.3758052853873,2268.963063699771
,,grass,,54.394097502051565,18.57628758096491,702.3855343164338,491.66987402150363
,,grass,,54.39825595081474,18.57316417863971,507.08577185068333,354.96004029547834
,,grass,,54.39784343627852,18.573479608281215,83.30471112158376,58.31329778510863
,,grass,,54.39735200651919,18.576927017321005,552.4310259953296,386.7017181967307
,,grass,,54.397570815361725,18.57659988977822,223.8288480970662,156.68019366794633
,,grass,,54.397559898949574,18.576247223129098,502.29722538882334,351.6080577721763
,,grass,,54.39758799856557,18.575861423097624,805.376557978233,563.763590584763
,,grass,,54.39753733903274,18.57566066643408,117.17694916293416,82.0238644140539
,,grass,,54.397784264375865,18.576925852629394,97.1739341785345,68.02175392497413
,,grass,,54.39931596647577,18.57070799845796,134.97178825704336,94.48025177993034
,,grass,,54.39961217839138,18.57222684872554,62.23640606108739,43.56548424276117
,,grass,,54.39641921456941,18.5721588713973,117.18955232347427,82.03268662643198
,,grass,,54.396505425846875,18.57229550009824,15.73119016758952,11.011833117312664
,,grass,,54.39665783422095,18.57244733614775,1124.3016321242037,787.0111424869425
,,grass,,54.39653964547573,18.5725858183799,152.12571577374663,106.48800104162264
,,grass,,54.396668722801515,18.57269079362945,75.0013544117673,52.5009480882371
,,grass,,54.39393230851398,18.576456105915263,322.7421272740184,225.91948909181286
,,grass,,54.3951281095765,18.57455083289318,80.68624431184405,56.48037101829083
,,grass,,54.39480964189113,18.574207176397604,405.30704434522244,283.7149310416557
,,grass,,54.39496397959518,18.57405744135908,117.09270637276022,81.96489446093214
,,grass,,54.39496413361557,18.574685442247663,409.288772134574,286.5021404942018
,,,grassland,54.38683873205405,18.447790534383394,7705.849286438085,5394.09450050666
,,,grassland,54.38837252768451,18.44342970665287,11927.760214114713,8349.432149880298
,,,grassland,54.386848742779144,18.44616103999621,61184.441437215835,42829.10900605108
,,grass,,54.39665456125336,18.567482872663554,1255.901374719735,879.1309623038145
,,,grassland,54.32118983108956,18.65352537837635,35742.09935676676,25019.469549736732
,,,grassland,54.32179236670688,18.652144150731065,37790.34970081371,26453.2447905696
,,grass,,54.36333412149192,18.644312411697594,4724.513590712068,3307.1595134984477
,,grass,,54.36465723485816,18.643080961774253,1456.3287142880727,1019.4301000016508
,,grass,,54.36441318498834,18.643400296761165,1889.9465302798208,1322.9625711958745
,,,grassland,54.35052085542303,18.62242117297602,1279.4840435000276,895.6388304500193
,,greenfield,grassland,54.347590128751136,18.60791339061229,3350.179747622675,2345.1258233358726
,,,wood,54.34443261500647,18.632918105209715,36105.11026471085,25273.577185297592
,,,wood,54.34416389083769,18.629578997815564,33729.04434730763,23610.33104311534
Ogród Biblijny,garden,,,54.348265325131024,18.63289953532271,10419.35222783203,8335.481782265624
,,grass,,54.38147525231393,18.60774032675264,303.1090130818206,212.1763091572744
,,grass,,54.42080420145471,18.45239561969414,67.94748049028541,47.56323634319979
,,grass,,54.420739517365135,18.45252263353978,590.5895649940425,413.4126954958297
,,grass,,54.42032894414064,18.452143908702848,97.80435036524418,68.46304525567092
,,grass,,54.42043805835483,18.451659422477764,412.10616442354586,288.4743150964821
,,grass,,54.37947906505057,18.586777265617673,4133.408139669857,2893.3856977688993
,,grass,,54.379390041101225,18.58620586824675,1150.027245138474,805.0190715969318
,,grass,,54.39052456677692,18.569865946803294,3514.358908194317,2460.0512357360217
,,,grassland,54.389431750125496,18.659783807685795,21553.128481790838,15087.189937253586
,,grass,,54.38798845568553,18.634264483172533,428.5966223587353,300.0176356511147
,garden,,,54.408033366714065,18.590173071777027,362.60778269862834,290.08622615890266
,garden,,,54.40798411446616,18.589791492669544,177.46538879184186,141.9723110334735
,garden,,,54.407598976322085,18.58979349626902,529.6060178401834,423.68481427214675
,,grass,,54.36066757843777,18.709446185533587,125.19888596345915,87.6392201744214
,,grass,,54.369824172842655,18.447321174937336,306.36427459113844,214.45499221379688
,,grass,,54.36752908670996,18.446136004011418,243.10567872099995,170.17397510469996
,,grass,,54.36652999102515,18.460061709678232,315.6036768141809,220.92257376992663
,garden,,,54.40405182203352,18.65357156116098,595.2792956351761,476.22343650814094
,garden,,,54.40401319806284,18.653348843615664,641.7015026419422,513.3612021135538
,garden,,,54.4041307283889,18.65316124427043,836.4534746532245,669.1627797225797
,garden,,,54.40416418413757,18.65346239155546,368.69583866692824,294.9566709335426
,,grass,,54.400463608991025,18.646587975568785,321.6152641863015,225.13068493041104
,,grass,,54.40081193700636,18.64675379622761,574.579265655419,402.2054859587933
,,grass,,54.401146661736085,18.64701470635461,447.13327738522224,312.99329416965554
,,grass,,54.401171434481775,18.647236885106754,139.07564257948644,97.3529498056405
,,grass,,54.40139850029167,18.647507780650127,565.8045327555292,396.0631729288704
,,grass,,54.4014531056011,18.647393625257116,89.46809846932535,62.62766892852775
,,grass,,54.40161004843626,18.647759441282645,58.09574232241441,40.66701962569008
,,grass,,54.3520993485813,18.660433060395828,497.9835415731135,348.5884791011794
,,grass,,54.38624663614914,18.691081299136744,1166.043114103266,816.230179872286
,,grass,,54.38643266525416,18.690724690850804,275.1422113860423,192.5995479702296
,,grass,,54.38653594816905,18.69019870125257,334.43726433138056,234.1060850319664
,,grass,,54.38665480273084,18.690557814796936,2645.4367735876476,1851.8057415113533
,,grass,,54.38685698857515,18.68997049018965,66.8312745277058,46.781892169394055
,,grass,,54.38686885782454,18.69034963928841,313.88111016743414,219.7167771172039
,,grass,,54.386744050829066,18.69093537121069,310.24813054340905,217.17369138038632
,,grass,,54.378696881299895,18.606249045511223,198.2962252047529,138.807357643327
,,,grassland,54.408625448794425,18.637153113043915,6753.325030813848,4727.327521569693
,,grass,,54.39679291641337,18.573701725437665,319.51207910519867,223.65845537363904
,,,wood,54.40168842669022,18.569497192808818,4686.0129612770115,3280.209072893908
,,,wood,54.40102882495938,18.568673691875087,935.9640909200167,655.1748636440117
,,,wood,54.40144618031833,18.568542959260565,2538.4172659584356,1776.8920861709048
,,,grassland,54.38165511274259,18.601285748208852,10357.498887196052,7250.249221037236
,,grass,,54.33248826410103,18.566651952962115,938.3643620708315,656.855053449582
,,grass,,54.33235340378029,18.567153176984405,87.03126872798815,60.9218881095917
,,grass,,54.33224047813151,18.567080543020012,208.26017348245898,145.7821214377213
,,grass,,54.33236114910596,18.566879887113412,241.4236991005966,168.9965893704176
,,grass,,54.33241335348314,18.566538397769936,245.46522385709534,171.82565669996671
,,grass,,54.332218600967366,18.56675311284309,233.62519328521273,163.5376352996489
,,grass,,54.332199171787416,18.566449270834838,210.5301667979429,147.37111675856002
,,grass,,54.33229899624609,18.56680677703204,189.44407097838635,132.61084968487043
,garden,,,54.332463562140546,18.566281732154003,106.92357254166775,85.53885803333421
,,grass,,54.33325087135713,18.567743905075282,1774.218318839179,1241.952823187425
,,grass,,54.33316514207564,18.567527907682518,301.4808819851445,211.03661738960113
,,grass,,54.409462117186706,18.56757866748529,151.77081999956818,106.23957399969771
,,grass,,54.40946839473274,18.567326676587367,18.66016389529667,13.062114726707668
,,grass,,54.37758706667702,18.592101333333332,87.55241549677346,61.28669084774142
Skwer Sąsiadów,,grass,,54.37748151797192,18.592309007827605,919.5141390438782,643.6598973307147
,,grass,,54.403007173040905,18.569957674263428,182.25149691893725,127.57604784325606
,,grass,,54.40388904428334,18.571378396876373,26.75727897438488,18.730095282069417
,,grass,,54.403857765795024,18.571255015470523,26.752894190230506,18.727025933161354
,,grass,,54.40383384660982,18.571158047123976,26.75436886450313,18.72805820515219
,,grass,,54.40380605548458,18.571048757964316,26.74796384737867,18.72357469316507
,,grass,,54.40283303328738,18.571287748440806,35.03880234586472,24.527161642105302
,,grass,,54.40339049913,18.57185331089543,56.89125844851008,39.823880913957055
,,grass,,54.40267123540493,18.570748250289085,118.81709285132807,83.17196499592964
,,grass,,54.4026804832637,18.57057999829797,40.23117517824473,28.16182262477131
,,grass,,54.40278613454671,18.57075489800735,269.4610817325795,188.62275721280562
,,grass,,54.40342697598285,18.57115870296365,74.95943563079723,52.471604941558056
,,grass,,54.40325755000953,18.571748650010974,92.86941890818545,65.00859323572982
,,grass,,54.40320780000468,18.571552000004303,56.804145325366676,39.76290172775667
,,grass,,54.40297021888663,18.571074293962333,2407.045984393909,1684.932189075736
,,grass,,54.40323391453683,18.570262212083108,434.93729050671857,304.456103354703
,,grass,,54.40299982915521,18.570451812938508,323.06176439611056,226.14323507727738
,park,,,54.41849878982621,18.562348512750994,40990.591408076914,40990.591408076914
,,grass,,54.41461046598133,18.56562270340108,4438.383390023115,3106.86837301618
,,grass,,54.41402805961719,18.565737691179805,121.51784420879282,85.06249094615497
,,grass,,54.4140235954646,18.56562064937427,160.6166958888264,112.43168712217847
,,grass,,54.3324684977126,18.567570345527002,401.11078588396373,280.77755011877457
,,,wood,54.3341523903299,18.56765634040181,13141.780128260905,9199.246089782633
,,grass,,54.41039592954204,18.605562059369372,2634.4180147445823,1844.0926103212075
,,grass,,54.409894904441046,18.60467272466864,511.11785909033466,357.78250136323425
,,grass,,54.409560963665406,18.604833187233222,48.59889296919378,34.01922507843564
,,grass,,54.40942188768665,18.604894561231713,66.73947254167804,46.71763077917463
,garden,,,54.41017833331456,18.604736102015462,771.6803438883422,617.3442751106738
,garden,,,54.41030731047646,18.604769504243468,1067.7425474480842,854.1940379584674
,garden,,,54.410371204370435,18.605106631189788,1059.7061843404465,847.7649474723572
,garden,,,54.41036474807346,18.60547271442546,767.8254517495785,614.2603613996629
,garden,,,54.410232955266295,18.60535640851754,1008.906304847327,807.1250438778616
,garden,,,54.41028880767415,18.60578330034162,567.3739614852205,453.8991691881765
,garden,,,54.41010786442536,18.606014918480412,1749.9823311601992,1399.9858649281596
,,grass,,54.40994289601211,18.60638130935498,141.98875266280254,99.39212686396178
,,grass,,54.40989873724361,18.606130421086842,176.05854663525145,123.24098264467601
,,grass,,54.35895101569947,18.61880881483879,82.55201311772682,57.78640918240877
,,grass,,54.35916636976098,18.61767602703637,89.01362583184431,62.30953808229101
,,brownfield,grassland,54.34186626234061,18.66389793124863,4369.518847917601,3058.6631935423206
,,,grassland,54.33919301851415,18.65493169337108,4411.100301942829,3087.7702113599803
,,,grassland,54.33918227047159,18.655775297122712,2828.900106801184,1980.2300747608285
,,grass,,54.3391860413606,18.65628889169432,496.57738592374454,347.6041701466212
,,,wood,54.391461567464816,18.578915691353277,105.23700116977228,73.6659008188406
,,,wood,54.34651061997662,18.642706152199832,622.7405907481907,435.9184135237335
,,grass,,54.39672353017284,18.63215806257807,3046.579293193868,2132.6055052357074
,,grass,,54.39791467501755,18.61538783928412,455.4693015816697,318.82851110716877
,,,wood,54.396958126737836,18.616775327548027,9697.917907450586,6788.54253521541
,,grass,,54.411595003004386,18.55655611716929,328.56182681534597,229.99327877074217
,,,grassland,54.414904589462736,18.55744395642579,1687.9492756018876,1181.5644929213213
,,,grassland,54.34939997889813,18.63949432133394,2712.440461872353,1898.7083233106468
,garden,,,54.35004618957831,18.639141904096466,2920.4883657096584,2336.390692567727
,,,wood,54.377649973851675,18.567771648823797,4123.881066989195,2886.716746892436
,,grass,,54.351515312720295,18.63797068192113,62.342357111256256,43.63964997787938
,,grass,,54.41000969069345,18.61049279159979,122.61973215975367,85.83381251182756
,,grass,,54.40944770017065,18.610183640049463,12668.065898279563,8867.646128795694
,,grass,,54.410054961187264,18.610448707921645,24190.03098086083,16933.02168660258
,,grass,,54.40986816178024,18.60988392298786,1018.151467447828,712.7060272134796
,,grass,,54.40983706326784,18.610563916243677,389.64993001719586,272.75495101203705
,,grass,,54.40996263431711,18.610383877863747,82.58004268133689,57.80602987693582
,,grass,,54.410854724684896,18.559481156357187,271.9823060222049,190.38761421554344
,,grass,,54.40506741730589,18.536561049217106,159.66282886236985,111.76398020365889
,,grass,,54.40518844377852,18.536788393544843,220.104982517057,154.0734877619399
,,grass,,54.33176161730946,18.57035175570352,64.08113025738119,44.85679118016683
,,grass,,54.33169526175484,18.57042971844867,373.45900620368235,261.4213043425776
,,grass,,54.33176496730478,18.57054600225466,119.23790046999862,83.46653032899903
,,grass,,54.33168095099347,18.569717506336776,178.85397749710495,125.19778424797346
,,grass,,54.33163994709854,18.569961164607484,471.4685471272898,330.02798298910284
,,grass,,54.33161219584748,18.570106422067504,256.06249863733046,179.2437490461313
,,grass,,54.331633759555764,18.570353268676282,545.124813717034,381.5873696019238
,,grass,,54.33186654158188,18.569981853423226,108.7658730644498,76.13611114511485
,,grass,,54.33190718836101,18.56972347474855,201.96087364445387,141.3726115511177
,,grass,,54.33192879236496,18.56951413500563,386.9617029945972,270.873192096218
,,grass,,54.332111663474045,18.56951467613192,140.85077179644057,98.59554025750839
,,grass,,54.33221503598368,18.569823829406932,145.72603331661412,102.00822332162988
,,grass,,54.33221171685914,18.570064737590616,41.724157826130416,29.206910478291288
,,grass,,54.3321984884027,18.570238313684015,51.31413946940249,35.919897628581744
,,grass,,54.33224396976545,18.56949108332079,62.54436628320107,43.78105639824075
,,grass,,54.33210392168139,18.56720678292028,77.22186296451301,54.0553040751591
,,grass,,54.33209103189461,18.56695511739723,148.05146448192068,103.63602513734446
,,grass,,54.33216660420494,18.567177737991017,10.246370394018433,7.172459275812902
,,grass,,54.33212630058264,18.568284662536755,1648.366980528539,1153.8568863699772
,,grass,,54.3321322703126,18.566676269462736,278.15357801749826,194.70750461224878
,,grass,,54.33200309038809,18.56836496240528,1676.0823364161456,1173.257635491302
,,grass,,54.332215023276845,18.568432724973388,711.7915654138161,498.2540957896712
,,grass,,54.33150094164998,18.570559053440345,116.76879575418782,81.73815702793146
,,grass,,54.343110581043604,18.653277920100273,188.6743928008495,132.07207496059465
,,grass,,54.34302572208196,18.653103387832807,267.79059558494595,187.45341690946216
,,grass,,54.34318520881889,18.653443357410858,128.01462818614863,89.61023973030403
,,grass,,54.343405133832675,18.653883515500585,481.78242702525216,337.2476989176765
,,grass,,54.343579817936345,18.654529423786034,229.46591195210357,160.62613836647247
,,grass,,54.34373787419636,18.65453687882869,377.4816319124978,264.2371423387484
,,grass,,54.34262834398299,18.654474100864835,321.1160091083883,224.7812063758718
,,grass,,54.34272336714363,18.65409274337579,1653.977018369503,1157.783912858652
,,grass,,54.33186196378278,18.570672982944238,149.98875452055992,104.99212816439194
,,grass,,54.33191091539591,18.571751142656687,2713.610425725288,1899.5272980077016
,,grass,,54.33215447461856,18.570322635354366,78.46884387431248,54.92819071201873
,,grass,,54.332017273881775,18.571917638337545,1437.0920913195719,1005.9644639237002
,,grass,,54.33195738586387,18.57337114247858,8.54325640135174,5.980279480946218
,,grass,,54.33249876435132,18.570177637629328,521.2322178225304,364.8625524757713
,,grass,,54.33169271597264,18.5711912377719,1096.2758902496976,767.3931231747882
,,grass,,54.331667060422475,18.571775784344606,50.97939082633732,35.68557357843612
,,grass,,54.33144865065686,18.571791703131233,152.3156262246458,106.62093835725206
,,grass,,54.33129119536229,18.56999966039938,939.3720038605464,657.5604027023825
,,grass,,54.331323624088725,18.57027764575385,298.86641971053666,209.20649379737566
,,grass,,54.3315476657789,18.571934868563776,300.3495769739892,210.24470388179242
,,grass,,54.331618185277996,18.57210397299281,780.3911885801183,546.2738320060828
,,grass,,54.33174617991712,18.571885684043497,548.8935916588575,384.22551416120024
,,grass,,54.3316229354543,18.572855470217046,371.63649240381795,260.14554468267255
,,grass,,54.33154006591538,18.57360416329397,925.4537409508829,647.8176186656179
,,grass,,54.33159235378204,18.57452831372477,178.50452989742584,124.95317092819808
,,grass,,54.331675275860114,18.574117782396062,634.5364918626153,444.1755443038307
,,grass,,54.33163718038872,18.573421492086258,353.13472784511805,247.19430949158263
,,grass,,54.33174004756139,18.573404489017452,76.20085839310845,53.34060087517591
,,grass,,54.331731767383886,18.572864775138218,1147.804499669088,803.4631497683616
,,grass,,54.331335313688086,18.57334125121207,632.3989312829656,442.6792518980759
,,grass,,54.3313002734781,18.573884885256412,3463.164752771016,2424.2153269397113
,,grass,,54.33137800734575,18.56967576141768,1339.3563635518371,937.549454486286
,,grass,,54.33176123104744,18.57394842872529,877.3873309381064,614.1711316566744
,,grass,,54.33188514829192,18.573984148094564,567.4632219728483,397.2242553809938
,,grass,,54.33196975852763,18.573940212994668,532.9468517774823,373.0627962442376
,,grass,,54.33139091354417,18.57434804195455,704.7091567919772,493.296409754384
,,grass,,54.33301563342061,18.57022270631128,4227.102889542375,2958.9720226796626
,,grass,,54.332899432772116,18.56985463935501,981.9419694934744,687.359378645432
,,grass,,54.33378116549835,18.570764019806813,901.3744408558674,630.9621085991072
,,grass,,54.334352884645455,18.570939657648193,244.63318367883184,171.2432285751823
,,grass,,54.331172921087884,18.57416391849285,642.8559768144237,449.9991837700965
,,grass,,54.33117510300375,18.573151621988632,200.29268805677165,140.20488163974014
,,grass,,54.33105177355054,18.573813788562877,146.78631491344407,102.75042043941085
,,grass,,54.331070626939606,18.57427134219949,77.05447699978555,53.93813389984988
,,grass,,54.331800676491035,18.57487730702787,43.68915722460744,30.582410057225207
,,grass,,54.33194724967937,18.5774466232439,21228.648148506225,14860.053703954356
,,grass,,54.33162147356552,18.578045019968286,1725.8595966447047,1208.1017176512933
,,grass,,54.33199442633903,18.57485786435121,9.16532268205438,6.415725877438066
,,grass,,54.33202051352268,18.575554506060296,1120.3143423306387,784.2200396314471
,,grass,,54.32994951779913,18.570273851678614,9098.995252138597,6369.296676497017
,,grass,,54.33004295553233,18.570019236048676,1478.8973404675196,1035.2281383272637
,,grass,,54.330995380618056,18.572430531559892,11328.837699498861,7930.186389649202
,,grass,,54.33138207722051,18.570616807677954,96.78169747274171,67.74718823091919
,,grass,,54.33137124336297,18.570862444398557,96.10181699200724,67.27127189440506
,,grass,,54.33136466193043,18.57110920424803,76.82508067655016,53.77755647358511
,,grass,,54.33136206308904,18.571356186670275,53.129831580655534,37.19088210645887
,,grass,,54.33138846878643,18.57041174323919,41.059407372730234,28.74158516091116
,,grass,,54.33116692117767,18.57037654593118,78.73452340528955,55.11416638370268
,,grass,,54.33118605147653,18.570593214385976,95.45659795465586,66.8196185682591
,,grass,,54.33124007044532,18.57109190778319,95.54194401718246,66.87936081202771
,,grass,,54.33126670606298,18.571343088069074,95.44796557003087,66.81357589902161
,,grass,,54.33113784094552,18.571111411991975,95.50876586508971,66.8561361055628
,,grass,,54.33111120228654,18.57087090864002,95.41700173169113,66.79190121218379
,,grass,,54.331163450900114,18.571354758716218,95.50829402749656,66.85580581924759
,,grass,,54.33108600351488,18.570627911730586,95.38644670426238,66.77051269298366
,,grass,,54.33121827780452,18.570842901256487,123.25698226110356,86.27988758277249
,,grass,,54.38352638561119,18.466055238169787,70.65279244379965,49.45695471065976
,,grass,,54.38349357530046,18.466296369916105,83.05291085676251,58.13703759973375
,,grass,,54.383464749630214,18.466558475531475,60.775256905008995,42.54267983350629
,,grass,,54.38343031451713,18.46680169644067,77.06336403962538,53.94435482773777
,,grass,,54.38339694351832,18.467044320812803,90.72423400176623,63.50696380123636
,,grass,,54.38337001406235,18.4672774344358,76.06771552612638,53.24740086828846
,,grass,,54.382913098200525,18.466690357905946,84.81873442343874,59.373114096407114
,,grass,,54.38296955155598,18.466463053599274,86.53945442732004,60.577618099124024
,,grass,,54.38302658197403,18.466236089583553,86.62713708994362,60.63899596296053
,,grass,,54.383086734014405,18.465987737706364,59.25922138777853,41.48145497144497
,,grass,,54.38313859168143,18.46578261158525,87.33361999975945,61.13353399983161
,,grass,,54.38308560561306,18.46843560832757,1028.1740214999195,719.7218150499436
,,grass,,54.38341322692981,18.467894930535017,654.5889171252863,458.2122419877004
,,grass,,54.383356833532034,18.468214932912804,110.49426787155997,77.34598751009197
,,grass,,54.38354332148569,18.466848215656665,2075.5771831411234,1452.9040281987864
,,grass,,54.383298100241426,18.468545451473798,183.9734221095769,128.7813954767038
,,grass,,54.38328688948748,18.46890927267632,314.3486047787781,220.04402334514467
,,grass,,54.38356944035209,18.469130627436698,417.35813443670895,292.15069410569623
,,grass,,54.38368218813214,18.468941919582544,46.528532496823246,32.56997274777627
,,grass,,54.383412805859145,18.469102481615145,51.38006079417208,35.96604255592045
,,grass,,54.38039099081531,18.607382154875822,179.965016949021,125.97551186431468
,,grass,,54.38202568131783,18.60662369690829,35.41308751706816,24.78916126194771
,,grass,,54.378718779738996,18.58554871210204,1196.574579931854,837.6022059522978
,,grass,,54.32863065514446,18.57012898813353,703.4782055173032,492.4347438621122
,,grass,,54.328258846074476,18.569906560321233,168.36899317148655,117.85829522004057
,,grass,,54.32856267699523,18.569970891475897,396.1319026125475,277.29233182878323
,,grass,,54.32752238926936,18.56964863563897,292.1455686033636,204.5018980223545
,,grass,,54.327874729814766,18.56963963862207,2643.819209438354,1850.6734466068476
,,grass,,54.32843322444513,18.570217062711933,386.8294315787132,270.7806021050992
,,grass,,54.34492124043774,18.66458166448424,83.2158224437556,58.25107571062892
,,grass,,54.344294743088724,18.663415456437598,163.56071276931215,114.4924989385185
,,grass,,54.34552155629428,18.663954801370174,128.48281846114534,89.93797292280173
,,grass,,54.3755116519472,18.624873005306917,1749.2826967855926,1224.4978877499148
,,grass,,54.375740325083804,18.624008607618617,14.703733859103739,10.292613701372616
,,grass,,54.37540551364318,18.624841162678603,514.7939100801134,360.35573705607936
,,grass,,54.403049685615976,18.622199156004587,2299.606523052745,1609.7245661369216
,,,wood,54.404666445655316,18.619267269318733,46038.797210380544,32227.158047266377
,,grass,,54.4028371748036,18.621854538823666,8493.132077015427,5945.192453910799
,,grass,,54.40289320179075,18.62222831152428,392.4658116335301,274.7260681434711
,,grass,,54.400890215750316,18.622230907823184,2395.142756264532,1676.5999293851723
,,grass,,54.40178669030582,18.622977048514784,706.2971224543352,494.4079857180346
,,grass,,54.40159133909637,18.622043960058615,310.32953821384285,217.23067674969
,,grass,,54.401825378599064,18.622105455915467,19.18794468447129,13.431561279129902
,,grass,,54.4019820202702,18.62207567799357,159.95864763602683,111.97105334521878
,,grass,,54.40208163804308,18.62326541659378,115.77182814378253,81.04027970064776
,,grass,,54.40216117553065,18.623227722112155,65.56421710118804,45.89495197083162
,,grass,,54.40265778384589,18.62251001724861,51.95768177908902,36.37037724536231
,,grass,,54.402501676900066,18.62336803933749,103.76220376822067,72.63354263775446
,,grass,,54.40257318177003,18.622975726600494,56.07876036019434,39.255132252136036
,,grass,,54.401807545908184,18.622683844187588,195.05079976356978,136.53555983449883
,,grass,,54.4018466985383,18.622345780198224,174.31384830748382,122.01969381523867
,,grass,,54.40083128483463,18.622404988584076,1945.6331060419263,1361.9431742293484
,,grass,,54.401694114960094,18.622576795730453,180.95395971807966,126.66777180265575
,,grass,,54.40221184789964,18.623313822986443,307.6149374495645,215.33045621469512
,,grass,,54.402376277431856,18.622338777989384,965.6834610342145,675.9784227239501
,,grass,,54.402089807011905,18.62253065550947,1152.9999977732025,807.0999984412417
,,grass,,54.40242942510458,18.62275707328845,266.2917448549212,186.40422139844483
,,grass,,54.40251547015714,18.622860534484964,18.907675110599104,13.235372577419373
,,grass,,54.402269363380675,18.623003809376236,519.2722024376342,363.4905417063439
,,grass,,54.40232546170785,18.62311430076179,31.87931489564902,22.315520426954315
,,grass,,54.401994133693165,18.622799831768855,515.7928665002836,361.05500655019847
,,grass,,54.40212349976537,18.62280955787739,85.19558497559657,59.636909482917595
,,grass,,54.402331363307184,18.622621039305923,143.68617876763076,100.58032513734153
,,grass,,54.40061980584926,18.62204285255956,1433.9473182409847,1003.7631227686892
,,grass,,54.403299565248275,18.623837836137692,797.2242611549611,558.0569828084728
,,grass,,54.40357628900719,18.623466933490224,2314.3421882367443,1620.039531765721
,,grass,,54.40010841289958,18.62265238911144,1032.0789924777312,722.4552947344117
,,grass,,54.39949185797649,18.622231248173897,26.01020365785091,18.207142560495633
,,grass,,54.399500946403506,18.622371758636437,20.49443395228589,14.346103766600121
,,grass,,54.39978944166439,18.62595128824294,1551.3776840274122,1085.9643788191884
,,grass,,54.40046390917822,18.62257446682055,2824.324871931395,1977.0274103519764
,,grass,,54.40033796592885,18.62516189017619,2938.8584462661784,2057.200912386325
,,grass,,54.40453552507515,18.62436621596151,32.09382463248823,22.46567724274176
,,grass,,54.40451059728272,18.624498993148062,17.85123157063228,12.495862099442595
,,grass,,54.400207497109605,18.62679959024181,2550.4326037404026,1785.3028226182817
,,grass,,54.40003470041704,18.62686282848842,1911.1665158339356,1337.8165610837548
,,grass,,54.399677133185236,18.62667883759247,511.94717297580667,358.36302108306467
,,grass,,54.39981771977698,18.62678484620059,146.49359874144042,102.54551911900829
,,grass,,54.39994559189847,18.626642315051296,346.30924368407636,242.41647057885345
,,grass,,54.40103107639479,18.62531128491669,11143.81866291839,7800.673064042872
,garden,,,54.40457370673083,18.624730991290484,17.73533361461128,14.188266891689025
,,grass,,54.403747548876474,18.62414894516888,294.0933148231421,205.86532037619946
,,grass,,54.403244156512024,18.62341344634331,1472.4308036003822,1030.7015625202675
,,grass,,54.40134313727122,18.623147234491874,350.9548708697605,245.66840960883232
,,grass,,54.40134615338816,18.624363848950903,1896.535355842035,1327.5747490894244
,,grass,,54.40115236965773,18.62482679495132,2845.649166399785,1991.9544164798492
,,grass,,54.40224366642349,18.62341701952913,322.71710593347456,225.90197415343218
,,grass,,54.403107036736095,18.623532277681257,2756.98514791895,1929.889603543265
,,grass,,54.40105563027459,18.624267944698637,17176.710761234503,12023.697532864151
,,grass,,54.40508458099235,18.61938307569182,9235.592718217671,6464.914902752369
,,grass,,54.40286008040686,18.621444133999375,2106.4982529720164,1474.5487770804114
,,grass,,54.407138008056705,18.61497095095295,568.7181256660721,398.1026879662504
,,grass,,54.407355316992046,18.615591000031547,43.807724574948224,30.665407202463754
,,grass,,54.4072704375551,18.615503341956785,27.178713408495426,19.025099385946795
,,grass,,54.40696143003149,18.615175322192766,7.487391396412932,5.241173977489052
,,grass,,54.407042725590756,18.615258053288727,37.750015867804166,26.425011107462915
,,grass,,54.40655315768218,18.61693861386647,1207.1771730311295,845.0240211217906
,,grass,,54.4069362296296,18.615876076729343,1088.258012937308,761.7806090561155
,,grass,,54.33512860159457,18.571440902513217,300.41058216143716,210.287407513006
,,grass,,54.33501672874703,18.571522606713955,470.2126849710305,329.14887947972136
,,grass,,54.33494732717446,18.57220379321819,20969.975880816393,14678.983116571475
,,grass,,54.335722095926705,18.57176885310849,240.17665342653353,168.12365739857347
,,grass,,54.335287385394665,18.57337181498396,4112.372385573538,2878.6606699014765
,,grass,,54.33625922525349,18.572124868047126,475.72138488037655,333.0049694162636
,,grass,,54.33601722851872,18.572122785020493,221.2360669178022,154.86524684246152
,,grass,,54.41211084076862,18.58475829460116,123.3572598307952,86.35008188155663
,,grass,,54.411885995762034,18.584356991408516,484.5948434853418,339.21639043973926
,,grass,,54.41255206280711,18.584753484730587,566.1973044429772,396.338113110084
,garden,,,54.37876954893527,18.57633072124873,2892.1235350199677,2313.6988280159744
,,grass,,54.38236870572365,18.58494558064158,192.98105212623747,135.08673648836623
,,grass,,54.382452436820834,18.585136921187754,271.6601969815654,190.16213788709575
,,forest,,54.4139319395906,18.494752247841895,250855.74682252482,200684.59745801985
,,grass,,54.412864087773244,18.49309841828249,58370.346825124936,40859.24277758745
,,grass,,54.368807396053136,18.6171983317956,25318.955253641896,17723.268677549328
,,,grassland,54.36778945848604,18.61586191962129,10111.267071591776,7077.886950114243
,,,wood,54.357517404653315,18.592541752360006,10272.785915570916,7190.95014089964
,,grass,,54.41104895590947,18.567040262998674,59.13875672121668,41.39712970485167
,,grass,,54.41108016667766,18.567308399999998,222.69088091149183,155.88361663804426
,,grass,,54.412687666407926,18.56629079992686,2642.652452376302,1849.8567166634111
,,grass,,54.41439208584337,18.566216650599625,233.92338568286846,163.74636997800792
,,grass,,54.41495704308027,18.566171742483217,3543.0961224187495,2480.1672856931245
,,grass,,54.4169689140027,18.56576210572059,7405.970561414449,5184.179392990114
,,grass,,54.42201369236702,18.564517029503133,2975.4413108754234,2082.8089176127964
,,grass,,54.41925746970751,18.565270101743607,1889.5678632479587,1322.697504273571
,,grass,,54.41021075542242,18.567601117172185,139.12209031279926,97.38546321895947
,,grass,,54.410399394120596,18.56719526254689,86.26228073612981,60.38359651529086
,,grass,,54.41070204471544,18.567045364498775,395.41538718197194,276.79077102738034
,,grass,,54.41034992824913,18.566882996196465,125.13824522191761,87.59677165534232
,,grass,,54.41038127866611,18.566684463120936,54.657307200017456,38.26011504001222
,,grass,,54.41018189882612,18.56737357763676,279.58041914626637,195.70629340238645
,,grass,,54.407907095107085,18.56918165274218,4034.974265896729,2824.48198612771
,,grass,,54.413845653565915,18.56632452931206,192.8705218607074,135.00936530249518
,,grass,,54.41399263557341,18.56627848460533,103.30715975469367,72.31501182828556
,,,grassland,54.43656192032317,18.448315621447808,23255.138237122304,16278.596765985612
,,greenfield,grassland,54.30640929139485,18.612471959499697,36326.75750129154,25428.73025090408
,,,wood,54.363739492160256,18.619242514793623,74404.76167495441,52083.33317246808
,,grass,,54.372984889537655,18.728619054970828,120.21597982905575,84.15118588033903
,,grass,,54.37325934627791,18.727657471578812,3343.1542452850863,2340.2079716995604
,,grass,,54.37195951366146,18.728245676169582,48.161610654500066,33.71312745815004
,,grass,,54.37280028091208,18.727918380009978,19397.658465361328,13578.36092575293
,,,wood,54.372788733049504,18.727872729558978,14041.42869834698,9829.000088842884
,,grass,,54.39795051321315,18.573414932262914,66.32931796870672,46.4305225780947
,,grass,,54.3990309098598,18.572481803580395,17.877156724692753,12.514009707284927
,,grass,,54.36391686151914,18.716894045115804,206.15153524243217,144.30607466970253
,,grass,,54.36558250660792,18.721447627036536,3383.476687435021,2368.433681204515
,,grass,,54.36775349712777,18.725154850830393,459.76081777804757,321.8325724446333
,,grass,,54.36834605049048,18.725608615105326,244.39554580152765,171.07688206106934
,,grass,,54.36983617863736,18.726743220195125,1302.1009353516051,911.4706547461235
,,grass,,54.37164070807425,18.728121215274534,457.4698228687916,320.2288760081541
,,grass,,54.362362233358716,18.715366133333333,53.33624091711679,37.33536864198175
,,grass,,54.362231195281986,18.716349977483777,752.7725072695367,526.9407550886757
,,grass,,54.36261622896107,18.71608279540283,452.0405574991429,316.4283902494
,,grass,,54.36269891828144,18.71601838807397,90.95085735675409,63.66560014972786
,,grass,,54.36154583715146,18.715470433283695,160.96823135180028,112.67776194626019
,,grass,,54.3644245532669,18.70009351945249,1593.1953524491412,1115.2367467143988
,,grass,,54.36422160292725,18.69924714716214,587.5825020853277,411.3077514597294
,,grass,,54.364067152536826,18.699529195226763,78.36411434919287,54.854880044435006
,,grass,,54.36401411444989,18.69969347857114,1884.0860226087261,1318.8602158261083
,,grass,,54.36395788765039,18.69933943491657,1060.5255215039256,742.3678650527479
,,grass,,54.36400568263575,18.69894732197573,870.663103158165,609.4641722107154
,,grass,,54.36380942681516,18.699620908740954,247.28538544794756,173.09976981356328
,,grass,,54.36382248087499,18.69849744565758,95.08843206352643,66.5619024444685
,,grass,,54.36370370963238,18.699467285828973,65.44282512629978,45.80997758840984
,,grass,,54.364240703331326,18.698929461636165,10011.673460642234,7008.171422449564
,,,grassland,54.35803640161199,18.6893324470065,6708.1098942429335,4695.676925970053
,garden,,,54.351245654612576,18.569274352819686,911.5457406285071,729.2365925028057
,,grass,,54.323665127600194,18.55616808182872,520.1863117438091,364.1304182206664
,,grass,,54.32285599072363,18.551580054550243,172.4488490687598,120.71419434813185
,,grass,,54.32288739534174,18.551329799281586,205.25621726854703,143.67935208798292
,,,wood,54.40891444380427,18.611715950555208,103006.63410716578,72104.64387501605
,,,wood,54.41221997015337,18.605294731530257,36057.63220393288,25240.342542753016
,,,wood,54.413890649317715,18.60478734470122,4842.761688901631,3389.9331822311415
,,,wood,54.40189143384298,18.639239337530572,5083.616689311488,3558.531682518041
,,grass,,54.40254765831963,18.64217751957898,63494.00156341915,44445.801094393406
,,,grassland,54.40208172684578,18.64619933816479,11082.49626944073,7757.74738860851
,,grass,,54.34946041698084,18.650998621034795,412.23281250972417,288.5629687568069
,,grass,,54.34019889232772,18.508502756609758,2320.525442569826,1624.367809798878
,,grass,,54.37049255352608,18.629097842672742,19276.080829088027,13493.256580361618
,park,,,54.369696043783044,18.632709146696957,19354.65583535007,19354.65583535007
,,grass,,54.34833674921185,18.65551184640255,207.20066313412548,145.04046419388783
,,grass,,54.377202624073746,18.60071346731995,179.02925961262432,125.32048172883701
,,grass,,54.3772755975868,18.600709841708333,72.61899129272935,50.83329390491054
,,grass,,54.321457021985026,18.552156310276327,592.4849471443498,414.73946300104484
,,grass,,54.32232969775044,18.551823343126763,11651.374456454,8155.962119517799
,,grass,,54.32309015662106,18.551494860717575,1827.1608998301406,1279.0126298810983
,,grass,,54.32259941488957,18.552245512863127,999.3230127828149,699.5261089479703
,,grass,,54.32215244886648,18.55290373723557,274.5743969170346,192.20207784192422
,,grass,,54.322137788880525,18.553100190798126,149.04548660736327,104.33184062515429
,,grass,,54.32228679402169,18.552753190169128,644.4710987572178,451.1297691300524
,,grass,,54.32230505870877,18.553409921867843,1008.9595247427035,706.2716673198923
,,grass,,54.32179443537226,18.55337977981126,843.4107097775463,590.3874968442824
,,grass,,54.321169483671014,18.55378106835185,8008.305010212351,5605.813507148645
,,grass,,54.34991920001495,18.648077349995166,165.55314906568276,115.88720434597792
,,grass,,54.35005927495405,18.648226850630888,743.8252486089847,520.6776740262892
,,grass,,54.35048362486497,18.64835668565646,840.1452793280617,588.1016955296432
,,grass,,54.3504205163981,18.646894598055184,233.66104329580028,163.56273030706018
,,grass,,54.350213148517426,18.64688961027711,286.4228788555252,200.49601519886764
,,grass,,54.35024702098908,18.647130518869727,364.09873881241214,254.8691171686885
,,grass,,54.350498701629135,18.647258446286074,704.5423112038004,493.17961784266026
,,grass,,54.349151037698704,18.64462807405195,103.4469715639207,72.41288009474448
,,grass,,54.349392489751324,18.64511392629358,211.54600586235188,148.0822041036463
,,grass,,54.3491109377334,18.644876953143182,884.2260477433208,618.9582334203245
,,grass,,54.349716381597716,18.645313827822918,111.99560756232633,78.39692529362843
,,grass,,54.34964655207084,18.64451856544849,757.9913440495051,530.5939408346535
,garden,,,54.351583706631494,18.642848123325738,2281.969177958353,1825.5753423666827
,,grass,,54.35107744693279,18.643445574088023,3203.9828475280287,2242.78799326962
,,grass,,54.34962469834292,18.644266356091418,583.4441842784664,408.41092899492645
,,grass,,54.34993948945533,18.64436040604817,255.32168330137227,178.7251783109606
,,grass,,54.35293321720368,18.64388582299772,3369.619519501398,2358.7336636509785
,,grass,,54.34785737590751,18.64581988397131,179.24337800810767,125.47036460567536
,,grass,,54.34869260358384,18.64539314650267,3422.755998993041,2395.9291992951285
,,grass,,54.34826652469295,18.645688438895075,918.0838536067247,642.6586975247072
,,grass,,54.34841792185595,18.64489319286177,1411.2976393052063,987.9083475136443
,,grass,,54.34860346444383,18.645104718691062,3162.259363600582,2213.5815545204073
,,grass,,54.34991868325142,18.6455427354745,409.24795909557884,286.47357136690516
,,grass,,54.3499489175313,18.645798625537463,199.07978396343066,139.35584877440144
,,grass,,54.3499276613616,18.645978878832697,171.13642064016094,119.79549444811265
,,grass,,54.35123529960791,18.646427793324467,283.9552505021038,198.76867535147267
,,grass,,54.35157981694189,18.64653787039132,19.906431212644414,13.934501848851088
,,grass,,54.35162864325875,18.646538335694522,38.95528420342309,27.268698942396163
,,grass,,54.35160130923612,18.646260594292073,303.1369276330308,212.19584934312152
,,grass,,54.35146542070455,18.646279150813335,174.60852030454342,122.22596421318039
,,grass,,54.351202813022056,18.645952700946296,619.7035976177181,433.7925183324026
,,grass,,54.351716162457684,18.64469722226306,828.044858563169,579.6314009942182
,,greenfield,grassland,54.41099791209576,18.555945118160523,5791.792128205593,4054.2544897439147
,,,grassland,54.42243685963516,18.5843300172115,2140.6910598375516,1498.483741886286
,,grass,,54.348684561052266,18.6514616042686,518.3660958864339,362.8562671205037
,,grass,,54.34899079212185,18.649443892331703,701.6016149195774,491.12113044370415
,,grass,,54.3485623577948,18.652005742429527,814.2746047599178,569.9922233319425
Multipark Morena,park,,,54.34796031958529,18.5700029324777,123243.69617688464,123243.69617688464
,,,grassland,54.32350795913461,18.582109216670556,39915.38733246451,27940.771132725156
,,,grassland,54.38949058418595,18.597052260095754,3841.4197450357437,2688.9938215250204
,,,grassland,54.39003818252796,18.595269955369883,1014.741063982672,710.3187447878704
,,,grassland,54.38936446455264,18.595697718697576,1489.7465349168824,1042.8225744418176
,,grass,,54.389609513909335,18.594954731637714,9808.641679550748,6866.049175685524
,,industrial,grassland,54.34530943747548,18.55638194130627,3655.8577242898778,2559.1004070029144
,,grass,,54.351446323414486,18.552105026873182,777.2634829880249,544.0844380916174
,garden,,,54.351223830163526,18.552010030744132,616.216975763883,492.97358061110646
,,grass,,54.35127460856335,18.55149411295439,871.7736910825311,610.2415837577717
,,grass,,54.351772134395056,18.550472586168873,4803.715269155063,3362.6006884085436
,,grass,,54.35110640166171,18.549243351106742,1214.2764870151386,849.993540910597
,,grass,,54.367164451996985,18.546209112897174,183.2886589808049,128.30206128656343
,,grass,,54.36692552861414,18.546263500545706,495.16994130995334,346.6189589169673
,,grass,,54.36724005679637,18.546003026540294,347.2395391372465,243.06767739607253
,,grass,,54.36733451463555,18.54614954732781,151.53540892231496,106.07478624562046
,,grass,,54.36750368116744,18.54572909495897,478.4735654741948,334.93149583193633
,,grass,,54.367318763628376,18.546251638509563,174.7735727329437,122.34150091306059
,,grass,,54.367323995748514,18.54568282255047,422.9906511975509,296.0934558382856
,,grass,,54.36731323704443,18.54543193779633,151.4818775708144,106.03731429957007
,,grass,,54.367066947820234,18.54520905431109,763.31487711457,534.320413980199
,,grass,,54.36686842578681,18.5458900826518,2453.749484012286,1717.6246388086
,,grass,,54.367120783216144,18.546047239019856,39.37188356032269,27.560318492225885
,,grass,,54.33808211823776,18.584219269758798,3276.2233349369367,2293.3563344558556
,,grass,,54.33829813742329,18.584994755125237,3668.1503573305276,2567.705250131369
,,grass,,54.337870930611004,18.58491944617091,399.03535583908894,279.32474908736225
,,grass,,54.33790619088711,18.58522994202821,476.5749843574489,333.6024890502142
,,grass,,54.338281798587765,18.58527071648022,3163.3041332575963,2214.3128932803174
,,grass,,54.33832291840339,18.585010060041185,271.37235841157303,189.9606508881011
,,grass,,54.33874931409294,18.58534227060896,590.5034280117703,413.3523996082392
,,grass,,54.33850957713173,18.584493314123463,540.3144223415416,378.2200956390791
,,grass,,54.338282119051804,18.58444713410334,497.6281887493808,348.3397321245665
,,grass,,54.33801921394804,18.58448383723831,778.1843372940732,544.7290361058512
,,grass,,54.3377825789395,18.584481868182248,315.8518343185707,221.09628402299947
,,grass,,54.33816480715449,18.583790010140234,598.9650022084745,419.2755015459321
,,grass,,54.33806050002891,18.583559500008498,240.34942616266852,168.24459831386795
,,grass,,54.33788531925321,18.583346630277433,1260.745677596926,882.5219743178482
,,grass,,54.337599272491055,18.58335801863885,413.4352322326887,289.40466256288204
,garden,,,54.33762145676491,18.583562823324772,516.2997919934395,413.0398335947516
,garden,,,54.337886767196544,18.583748075686284,1141.1118173676869,912.8894538941495
,,grass,,54.33761922380491,18.58381096943715,291.9633712931475,204.37435990520322
,,grass,,54.337508486511595,18.5836628149913,560.3197353462481,392.22381474237363
,,grass,,54.337458919015056,18.5833973374048,253.2020487833954,177.24143414837678
,,grass,,54.33768773616899,18.58297508132606,945.4100798979343,661.787055928554
,,grass,,54.33732415150694,18.583262816374337,1095.9966677739085,767.1976674417359
,garden,,,54.33724455233771,18.58320761850017,786.9833225599714,629.5866580479772
,garden,,,54.33890738287901,18.58569262995001,229.49386725679432,183.59509380543545
,garden,,,54.338950558853114,18.585880323109382,452.66864889801343,362.1349191184108
,garden,,,54.33895188302846,18.58606518443155,449.46717443884063,359.57373955107255
,,grass,,54.3998389685146,18.627804410254104,1023.1751816569331,716.2226271598531
,,grass,,54.396098813798,18.63235838579878,7174.861187256755,5022.4028310797285
,,grass,,54.39821504426794,18.631697835453547,2206.330915272286,1544.4316406906
,,grass,,54.39586992150788,18.633845197705387,18641.031454029096,13048.722017820366
,,grass,,54.395324820574956,18.634544620124377,8036.80749758356,5625.765248308491
,,grass,,54.39572465240759,18.63512467880516,24674.71447406729,17272.3001318471
,,grass,,54.398758148837864,18.630919581741725,947.9150366253883,663.5405256377718
,,grass,,54.399592832297365,18.628802267993613,59.985331324682846,41.98973192727799
,,grass,,54.399672043901646,18.628598207640707,75.3227487525282,52.72592412676973
,,grass,,54.39780508807224,18.63003260323182,18371.06740955191,12859.747186686336
,,grass,,54.397754687498086,18.629557267541966,13173.089860854798,9221.162902598358
,,grass,,54.396892493536754,18.631865284415014,403.87055932442854,282.70939152709997
,,grass,,54.397224585971294,18.63357587257945,88.05582665632852,61.63907865942996
,,grass,,54.39709739363125,18.63280976923514,5902.130082454789,4131.491057718352
,,grass,,54.39737920440589,18.63327575708215,187.3098620734013,131.1169034513809
,,grass,,54.397541742754896,18.632948451593254,35.65776051607067,24.960432361249467
,,grass,,54.39726994932484,18.632589942126472,673.7738157159125,471.6416710011387
,,grass,,54.3981968923431,18.63018394922993,25381.92301343344,17767.346109403406
,,grass,,54.37759239109643,18.595805844235528,284.91792888891064,199.44255022223743
,,grass,,54.377832600564645,18.595922090663286,171.61174838974026,120.12822387281817
,,grass,,54.378025838432144,18.596006389205446,150.86511231281088,105.60557861896761
,,grass,,54.37769379169127,18.597354135695106,370.433934824706,259.3037543772942
,,grass,,54.37777693583329,18.597495731592996,1121.4157365311537,784.9910155718076
,,grass,,54.37795471509297,18.598130944136237,233.24572020224312,163.27200414157016
,,grass,,54.37794578231681,18.598376959587497,115.45888041701903,80.82121629191332
,,grass,,54.378005435084326,18.597841433454327,287.94577202514887,201.5620404176042
,,grass,,54.37827161233959,18.59690237672114,1906.5524104286183,1334.5866873000327
,,grass,,54.37819373625123,18.599028275146427,456.1347022844009,319.29429159908057
,,grass,,54.378277526561455,18.59860083131961,2028.541896391739,1419.9793274742174
,,grass,,54.378319813003515,18.59804869997664,2542.188408540099,1779.531885978069
,,grass,,54.37834893206846,18.59750430462395,3597.822595314692,2518.4758167202845
,,grass,,54.3959458100174,18.572002109826126,160.9882294865861,112.69176064061027
,,grass,,54.396275290694845,18.57139908856974,447.7067180428834,313.39470263001834
,,grass,,54.395763072803966,18.571943094032243,418.1538993195501,292.70772952368503
,,grass,,54.39575663447342,18.572123085497804,1010.3580068677918,707.2506048074542
,,grass,,54.403552043027304,18.570199620595695,32.993923636922105,23.095746545845472
,,grass,,54.4038718524999,18.570629418023113,42.33299417359896,29.63309592151927
,,grass,,54.40395070064051,18.570577909225833,96.60933225334308,67.62653257734016
,,grass,,54.40371093699007,18.570399565448934,21.0288853768842,14.720219763818939
,,grass,,54.40369304953565,18.570333686718257,27.624491654838923,19.337144158387247
,,grass,,54.40367299694672,18.57018733252311,294.8717327144482,206.41021290011375
,,grass,,54.40369457328759,18.570718283182615,65.05356651547876,45.53749656083513
,,grass,,54.403727251529595,18.570449802675256,22.44230678756643,15.7096147512965
,,grass,,54.40375687519408,18.570488273074695,18.12809302924921,12.689665120474446
,,grass,,54.40376935951913,18.570566684820555,113.10379178438461,79.17265424906923
,,grass,,54.403766288458826,18.570641619885713,20.895322778247117,14.62672594477298
,,grass,,54.403774649318876,18.570713962032908,52.9241555214429,37.046908865010025
,,grass,,54.40387550962094,18.57071674620513,212.20128747798495,148.54090123458946
,,grass,,54.40400101720743,18.570620919124046,26.460255005619498,18.52217850393365
Skwer przy ul. Kaszubskiej,park,,,54.40563880906209,18.569602718912343,1676.5919547745343,1676.5919547745343
,,,wood,54.34580239791313,18.824765220863124,119577.45115879853,83704.21581115897
,,grass,,54.343395938592394,18.876485579920526,18304.76955233429,12813.338686634004
,,grass,,54.35160888555989,18.65342122264754,50.38783150448346,35.27148205313842
,,grass,,54.35140566735206,18.65362722387447,58.199731401079404,40.73981198075558
Skwer Chrztu Rusi-Ukrainy,park,,,54.35696034796009,18.64990839413747,2895.6838836467978,2895.6838836467978
,,grass,,54.35462225917429,18.658505149741547,1858.8131259349525,1301.1691881544666
,,grass,,54.35467787191156,18.66157658457811,742.621944958684,519.8353614710788
,,grass,,54.35461866077439,18.661424910177345,176.3181844188372,123.42272909318604
,,grass,,54.35534684594371,18.66032422281368,6567.630046146604,4597.341032302623
,,grass,,54.35504943963754,18.660638243879717,4833.358058106594,3383.350640674616
,park,,,54.35584647948589,18.663542288453524,6082.061558788195,6082.061558788195
,park,,,54.354341485044195,18.661243668548313,2239.4315076490407,2239.4315076490407
,,grass,,54.35837878251463,18.653149282724307,382.08417603946873,267.4589232276281
,,grass,,54.35855101245276,18.65225849349421,438.44782210847677,306.9134754759337
,,grass,,54.35830481603288,18.652967506898758,165.07835892320003,115.55485124624
,,grass,,54.36132890187739,18.65140051956729,8979.65896035327,6285.761272247289
,,grass,,54.36153890357474,18.65246049901529,705.2876058359687,493.7013240851781
,garden,,,54.362233992329685,18.65104935361816,730.9051109005328,584.7240887204263
,,grass,,54.358667153536246,18.65123090285306,3074.4716054988185,2152.130123849173
,,grass,,54.36033600863924,18.660935699070894,3279.9245431381855,2295.9471801967297
,,grass,,54.363416431176496,18.650265876973982,1041.6992187476826,729.1894531233778
,,grass,,54.36464421357623,18.647233964131424,59.37734605426284,41.56414223798399
,,grass,,54.36011556583479,18.657715017632633,902.9704158747813,632.0792911123469
,,grass,,54.36005888745577,18.65721911953492,2241.4607345867717,1569.0225142107402
,,grass,,54.36052066757936,18.656627721874006,838.5143155232774,586.9600208662941
,,grass,,54.36169028232453,18.65291369001863,4905.438837673874,3433.807186371712
,,grass,,54.361036539494634,18.65553860782799,19928.414907956078,13949.890435569254
,,grass,,54.362522759221676,18.654392068854655,181.91358366753457,127.3395085672742
,,grass,,54.36259602709887,18.65325497684956,1308.5555152935021,915.9888607054514
,,,grassland,54.363103102607226,18.65352423180254,2250.556739111322,1575.389717377925
,,,grassland,54.36398310753891,18.65285900039329,1064.812307490231,745.3686152431617
,,,grassland,54.36320161264071,18.652635189791006,6056.981452369402,4239.887016658581
,,,grassland,54.362443096849574,18.651520148213336,3813.2853085092875,2669.299715956501
,,grass,,54.36369808544852,18.64544393628116,109.06140648334808,76.34298453834366
,,grass,,54.363169408294894,18.65109196965485,681.1103072271151,476.7772150589805
,,grass,,54.36280555441393,18.650963082271563,923.4800540820042,646.4360378574029
,,grass,,54.362787781220526,18.650481552376938,266.3724309991532,186.46070169940722
,,grass,,54.36329160765191,18.649630304717512,21878.213902001124,15314.749731400785
,,,wood,54.371608139958575,18.599961737447092,681.9509405780581,477.3656584046406
,,grass,,54.373453767667804,18.60243295575766,390.5138917366389,273.35972421564725
,,grass,,54.373157063494745,18.6017810267086,348.87575978315726,244.21303184821008
,,grass,,54.372829949551644,18.60119086361591,434.82571850218324,304.37800295152823
,,grass,,54.37370451017315,18.60327461999527,550.511410703417,385.3579874923919
,,grass,,54.37394788744536,18.60402880541904,1325.2219979446754,927.6553985612727
,,grass,,54.37423632930619,18.604751476109623,907.8432704433272,635.490289310329
,,grass,,54.37475345172595,18.60515949432613,5805.347463550993,4063.7432244856946
,,,wood,54.374985685011374,18.60367038593615,2920.776699502645,2044.5436896518513
,,grass,,54.374471582011275,18.60517564043098,863.5645593884034,604.4951915718823
,,,grassland,54.36625975913521,18.69807242965915,175467.43404648497,122827.20383253947
,,,wood,54.370131121326644,18.69925747838789,16930.11444733828,11851.080113136795
,,grass,,54.39374332509642,18.579981983557015,521.0383961178135,364.7268772824694
,,,grassland,54.393544246385964,18.578753234565173,4975.87146654074,3483.1100265785176
,,greenfield,grassland,54.32078700574575,18.55936154718195,52586.220409322355,36810.354286525646
,,,wood,54.364667877297755,18.628850141141868,2398.9001485433946,1679.230103980376
,park,,,54.3406864608871,18.659923507710698,7369.54855345132,7369.54855345132
,,,grassland,54.339999469422935,18.657813661007456,3951.353637418792,2765.9475461931543
,garden,,,54.4032429473032,18.55908857796396,436.34155890178135,349.0732471214251
,,grass,,54.353688175793344,18.67329604429848,788.5119236692695,551.9583465684887
,,,wood,54.35694986563447,18.66926933166014,1433.1550725573932,1003.2085507901752
,,,wood,54.3582768335138,18.66727317342315,16700.54271472452,11690.379900307164
,,,wood,54.3593917544574,18.666210815234184,6225.999955978287,4358.1999691848005
,,,wood,54.358952071847135,18.66643194688471,7679.760813747614,5375.83256962333
,,,wood,54.355563663812475,18.670926867517636,44190.63704404295,30933.445930830065
,,,grassland,54.354578999761706,18.666769249041597,11666.098989753162,8166.269292827213
,,,grassland,54.36538485331481,18.624828997198776,415.917261116462,291.14208278152336
Park Sztuki,,grass,,54.389517742438635,18.59394112081647,2163.0713414768024,1514.1499390337617
Roślinność zaroślowa,garden,,,54.39539728051876,18.574829988961508,393.1100020327786,314.4880016262229
,,grass,,54.41140901346734,18.55597876172021,107.53956166899704,75.27769316829792
,,grass,,54.41085210442817,18.556789427405953,830.2281115557516,581.1596780890261
,,,wood,54.4090023465047,18.54828858574015,1840.9104291224694,1288.6373003857284
,,,grassland,54.40879737676038,18.54776306031915,25179.165273207014,17625.415691244907
,,,wood,54.407730442792946,18.547376710550523,22563.711549116564,15794.598084381594
,,grass,,54.38988603190928,18.594108640525498,173.4174950448518,121.39224653139624
,,grass,,54.38833308411657,18.5953340916796,3377.539454669334,2364.277618268534
,,,grassland,54.388562051814404,18.59499836630689,3229.4805522380884,2260.6363865666617
,,grass,,54.389308607669186,18.593583422527058,1553.7491708492178,1087.6244195944523
,,grass,,54.38911928470301,18.59451635083974,4921.6653255028095,3445.1657278519665
,,,wood,54.40286171714107,18.631292410983367,10416.134092258872,7291.293864581209
,,grass,,54.38187586777725,18.59871411679204,132.9556960969078,93.06898726783544
,,grass,,54.38181639573293,18.599361271566966,1433.7625254779177,1003.6337678345424
,,grass,,54.38200944578005,18.599292590025694,324.53053456468433,227.17137419527901
,,grass,,54.38247925385843,18.59836493355595,48.560973446809484,33.992681412766636
,,grass,,54.38210949581781,18.59830985627661,239.6088427679943,167.726189937596
,,grass,,54.38193176963235,18.59886283237883,2944.5242877431942,2061.167001420236
,,grass,,54.38016188966416,18.596540999628075,2246.642308270461,1572.6496157893225
,,grass,,54.381746296160074,18.60056997935503,52.551680134708505,36.78617609429595
,,grass,,54.3815930080413,18.600912025174797,266.6782774558999,186.67479421912992
,,grass,,54.38122907476851,18.601551270983926,358.0178088926852,250.61246622487963
,,grass,,54.38139158847053,18.601289989866867,140.94337726739207,98.66036408717444
,,grass,,54.38160566481869,18.600685744821323,133.68886602423004,93.58220621696103
,,grass,,54.38169651808383,18.60048382061109,121.90768464333527,85.33537925033468
,,grass,,54.381405898546305,18.60112140784804,88.96058173848846,62.272407216941914
,,grass,,54.37992606123666,18.603505650295848,98.93543184484199,69.25480229138938
,,grass,,54.380943992432876,18.60167899613878,54.910355832901246,38.43724908303087
,,grass,,54.38090006360634,18.601432174194834,267.904283247494,187.5329982732458
,,grass,,54.38063308004013,18.601686397252514,1435.4493699863901,1004.8145589904731
,,grass,,54.39857195669878,18.596698648964686,23592.09071454188,16514.463500179314
,,,wood,54.4027835882979,18.60039486034855,4474.282472095616,3131.997730466931
,,grass,,54.38938406068269,18.585396359953346,138.32146507735507,96.82502555414854
,,,grassland,54.44568119775716,18.458605625857707,19152.531048817975,13406.771734172582
,,,wood,54.38059292099918,18.581725757403134,5705.608403171809,3993.925882220266
,,,wood,54.37970403931578,18.579858426704295,6497.321429612441,4548.125000728708
,,,grassland,54.38041252551991,18.580967284144926,5936.247197605506,4155.3730383238535
,,grass,,54.35495583430389,18.49141086877946,66938.41973861725,46856.89381703207
,,,wood,54.33373090459737,18.560292836858974,754.317844907386,528.0224914351702
,,,wood,54.333739991351656,18.56217984807631,5423.756309628714,3796.6294167400997
,,grass,,54.38257365817835,18.58550365380896,178.9652346187245,125.27566423310715
,,,grassland,54.42032774815939,18.563348934302596,3709.547054515379,2596.682938160765
,,,grassland,54.36521863411705,18.582914335222828,4600.891275184223,3220.6238926289557
,,,grassland,54.36930451126911,18.57945359886481,17087.05303426259,11960.937123983813
,,grass,,54.35477237890406,18.529375128606024,2555.347036942415,1788.7429258596903
Park przy osiedlu Biotura,park,,,54.31313467569236,18.593317897955796,16939.896690726426,16939.896690726426
,,,grassland,54.42270278257431,18.59064408543794,2144.9012339138535,1501.4308637396973
,garden,,,54.38221806033168,18.612357235158072,139.55199557687826,111.64159646150262
,garden,,,54.38219930579929,18.612054318466594,180.10221270044045,144.08177016035236
,,grass,,54.3617230317564,18.643426116162598,1634.275508178438,1143.9928557249066
,,grass,,54.36178433679922,18.643067690736668,987.7540245441837,691.4278171809285
,,grass,,54.361999005200516,18.642989913994466,1715.2430885269225,1200.6701619688456
,park,,,54.36236010771216,18.642277179432696,8526.615556647903,8526.615556647903
,,greenfield,grassland,54.36708236223961,18.63558545920216,16731.37681458457,11711.963770209199
,park,,,54.35574989982409,18.655014943961564,2152.5879708946004,2152.5879708946004
,park,,,54.355867998790856,18.6539583367111,2031.5439505803922,2031.5439505803922
,,,grassland,54.34327454913867,18.65974001114065,5968.22536675895,4177.757756731265
,,grass,,54.34169594263916,18.64882874977617,2105.4226819374453,1473.7958773562116
,park,,,54.340600392669096,18.645474340597545,51116.78842361376,51116.78842361376
,,grass,,54.3444114513721,18.644912129022266,343.2446789646461,240.27127527525224
,,grass,,54.34572102360919,18.645059068368905,521.669416808834,365.16859176618374
,,grass,,54.34476214592893,18.644929857504284,1035.8322565457224,725.0825795820057
,,,grassland,54.40019034516128,18.646220083416516,893.2096144466061,625.2467301126243
,,,grassland,54.401931771331824,18.647629163663673,7919.373311060146,5543.561317742102
,park,,,54.39398510611212,18.64634722887761,7013.230582253511,7013.230582253511
,park,,,54.394923361961766,18.644877919670055,53991.115332901856,53991.115332901856
,park,,,54.39600508210647,18.644449400497557,38353.419205352846,38353.419205352846
,,,wood,54.39359273178206,18.65152168579298,311294.543927172,217906.1807490204
,,grass,,54.388976881844854,18.649329477313675,612.2407902003144,428.5685531402201
,,grass,,54.390528205345824,18.647982546654497,2541.796604010441,1779.2576228073087
,,,grassland,54.402337702968666,18.666097511327994,4866.643051955949,3406.650136369164
,,,grassland,54.401292174742174,18.669265486765244,1370.255818432919,959.1790729030433
,,,grassland,54.40218142602038,18.668201279761345,3071.7474892191512,2150.223242453406
,,grass,,54.40473821351283,18.60311469773448,322.7288630876566,225.9102041613596
,,grass,,54.404886345806325,18.60317543491108,169.78104224269728,118.84672956988808
,,grass,,54.404403279093906,18.613068921255966,6900.303185529123,4830.212229870385
,park,,,54.39886817589057,18.668730392584894,4571.781603056064,4571.781603056064
,park,,,54.3992632239219,18.66841721059651,3128.643934374804,3128.643934374804
,,grass,,54.39882796729757,18.666701045893355,206.03699915220494,144.22589940654345
,park,,,54.39880091518482,18.666052812917187,12119.885024948182,12119.885024948182
,,greenfield,grassland,54.3998823778795,18.664786324077937,4680.588664340414,3276.4120650382893
,park,,,54.4006174374002,18.66420670866573,5975.2255770450865,5975.2255770450865
,,,grassland,54.40337747003905,18.65319402033098,6736.619163092509,4715.633414164756
,,,grassland,54.39759208935017,18.66432472248507,13163.007637723062,9214.105346406142
,,grass,,54.39496975036214,18.644369827815517,417.71871407100105,292.4030998497007
,,,grassland,54.38174763475301,18.59264308107482,961.971616816232,673.3801317713624
,,,grassland,54.38178173271981,18.59223761028878,1444.9022701495055,1011.4315891046538
,park,,,54.3845467100003,18.592551234512452,9210.57723664943,9210.57723664943
,,,wood,54.34695517722779,18.506809610473173,233713.13885499784,163599.19719849847
,,,wood,54.33581036474768,18.508443523843628,6132.287519405871,4292.601263584109
,,grass,,54.40604997468417,18.613705112056923,1286.7151883231033,900.7006318261723
,,grass,,54.405815727638014,18.61374617655569,1111.3751705347238,777.9626193743067
,,grass,,54.40633076074415,18.6135944240185,417.3580679568008,292.15064756976057
,,grass,,54.406421582655696,18.614359984771795,486.8942797255845,340.8259958079091
,,,wood,54.34343021135697,18.640086652676633,5018.89484208111,3513.226389456777
,,,wood,54.34592249500057,18.640609074372456,10730.56766853881,7511.397367977166
,,,wood,54.34533677986446,18.63850756211935,100554.36318942194,70388.05423259536
,,,grassland,54.34556762347131,18.636982004051713,4300.919068050957,3010.64334763567
,,,wood,54.34686835887991,18.63717767105367,110270.68829852818,77189.48180896972
,,greenfield,grassland,54.42255792083314,18.600791472732027,1554.6966720952435,1088.2876704666703
,,grass,,54.41459611852201,18.566786848452207,321.26897711883913,224.88828398318736
,,grass,,54.3962986236401,18.60014573286804,5748.010095144577,4023.6070666012033
,,grass,,54.39633988871138,18.600902649796762,6138.281214388833,4296.796850072183
,,grass,,54.39640411177651,18.601686779907023,5863.099144107664,4104.169400875365
,,grass,,54.39681216198644,18.59948856064196,5931.679315137469,4152.175520596228
,,grass,,54.39698232138343,18.600263023475602,5905.969363406103,4134.178554384272
,,grass,,54.39703132081993,18.601042001549786,5898.82030863276,4129.174216042932
,,grass,,54.38579843840257,18.690343543094947,109.25104901516107,76.47573431061275
,,grass,,54.38606583602093,18.690309366812762,88.6397595230377,62.047831666126385
,,grass,,54.309924591991184,18.602249790516744,239.20629424999888,167.4444059749992
,,grass,,54.40743709687109,18.625651575996496,3337.389079683754,2336.1723557786277
,,grass,,54.40861644952278,18.62590863267314,488.75254686237224,342.12678280366055
,,grass,,54.40884661962803,18.625947986022485,146.68628931102296,102.68040251771606
,,grass,,54.40920315735863,18.626047517735895,912.3367884300674,638.6357519010471
,,grass,,54.40923614752256,18.627137016288103,702.2487734206068,491.5741413944247
,,grass,,54.40936924473375,18.627298485034675,3858.446607943158,2700.9126255602105
,,grass,,54.40938815784907,18.62642189212742,951.5952524007972,666.116676680558
,,grass,,54.409088595431314,18.626450671525138,256.5889818494518,179.61228729461624
,,grass,,54.408280011832055,18.62622320046901,384.5206488302401,269.164454181168
,,grass,,54.409569031053486,18.626485430819063,298.73848467260893,209.11693927082624
,,grass,,54.40869897508215,18.626837552762193,18205.035919618233,12743.525143732762
,,grass,,54.40921497036532,18.628118442033944,505.88252099620235,354.1177646973416
,,grass,,54.40928473796268,18.628264400171474,36.38201443074948,25.467410101524635
,,grass,,54.40952110657372,18.62776387427466,289.91183128406846,202.93828189884792
,,grass,,54.40948767536575,18.628296530893525,239.065847029125,167.3460929203875
,,grass,,54.409225700029445,18.62643400001487,165.08069292717673,115.5564850490237
,,grass,,54.40937317981899,18.626617780390266,143.18558477901277,100.22990934530894
,,grass,,54.409055350973496,18.627497725581794,1355.392569069333,948.774798348533
,,grass,,54.409562525872616,18.6270325345996,284.9821454305934,199.48750180141536
,,grass,,54.40939511188284,18.628267479817914,170.56558811290074,119.3959116790305
,,grass,,54.40850659724239,18.627317036736926,373.62935212714,261.540546488998
,,grass,,54.406061276310574,18.62518862737586,781.9362625126798,547.3553837588759
,,grass,,54.40737628871762,18.626663764871797,1045.4369859007718,731.8058901305402
,,grass,,54.40721712765889,18.62638101052849,2358.302468287155,1650.8117278010084
,,grass,,54.4072564896718,18.625820931210107,7024.2939052217835,4917.005733655248
,,grass,,54.40452948053107,18.624191045633793,155.47123297095987,108.82986307967191
,,grass,,54.405204643093505,18.624540027720798,84.22444459110912,58.95711121377638
,,grass,,54.405500647637695,18.624856069268905,189.3685382303843,132.557976761269
,,grass,,54.405093517236985,18.624749380339892,778.4863355950347,544.9404349165243
,,grass,,54.40756499528841,18.626289844546864,13473.144716708028,9431.201301695619
,,grass,,54.40586669359198,18.62561317056857,2021.8362523840362,1415.2853766688254
,,grass,,54.40503121487803,18.624863166494904,149.8165521668711,104.87158651680977
,,,wood,54.329574756928665,18.57219395362424,19556.039804861357,13689.22786340295
Roślinność leśna,garden,,,54.39588034134894,18.574923520535805,422.74831969585847,338.1986557566868
Roslinność stepowa,garden,,,54.39514252885417,18.575248635051565,236.69519916684754,189.35615933347805
Roślinność murawowa,garden,,,54.39503929319036,18.575277945822698,739.873091501245,591.898473200996
Roślinność wrzosowiskowa,garden,,,54.394837665649035,18.575578403066338,676.13987989745,540.91190391796
Roślinność ruderalna,garden,,,54.39484313974453,18.57600734889644,562.1103545477981,449.68828363823854
Roślinność łąkowa,garden,,,54.39477697590491,18.575976084472256,530.4675920771319,424.37407366170555
Roślinność pól,garden,,,54.39466288266771,18.57622058730673,290.3978472994161,232.31827783953293
,,grass,,54.35057259586518,18.548428545011355,1885.5247007809023,1319.8672905466315
,,grass,,54.38941827576265,18.594486159375492,288.5505264633972,201.98536852437803
,,grass,,54.389178339160196,18.594850693601238,146.14637981583328,102.3024658710833
,,grass,,54.38938782846248,18.594740683422135,57.38386970939059,40.16870879657341
,,grass,,54.39064013521775,18.618271875701833,168.3546530587425,117.84825714111975
,,,wood,54.39184119142983,18.60772248211768,5385.6905508693835,3769.9833856085684
,,grass,,54.418091241720454,18.57382548895805,139.73580467046722,97.81506326932704
,,grass,,54.4178319610864,18.57325245338179,5529.534501665106,3870.674151165574
,,grass,,54.41737816961083,18.572977687361913,217.08517369363602,151.9596215855452
,,grass,,54.417446367531845,18.57319119621874,132.08004759669612,92.45603331768727
,,grass,,54.41752146753184,18.573391396218742,132.08028956962687,92.4562026987388
,,grass,,54.417586467531834,18.573596996218743,132.08049898790296,92.45634929153206
,,grass,,54.41765836753184,18.573817396218743,132.08073064833164,92.45651145383214
,,,grassland,54.3835470351918,18.616408901301995,1527.1723065022838,1069.0206145515986
,,,grassland,54.38363246356668,18.61745081503361,1194.78965093506,836.352755654542
,,,grassland,54.383779081062656,18.617649037340872,293.85141923885357,205.6959934671975
,,,grassland,54.38401835748215,18.61684413590738,715.9983829115362,501.19886803807526
,,,grassland,54.383791784106556,18.616945149926288,3579.899659767954,2505.9297618375676
,,greenfield,grassland,54.37871889936905,18.610273476611297,3651.8927610122323,2556.3249327085623
,,greenfield,grassland,54.36582407667862,18.594370397541276,1077.8579942553388,754.5005959787371
,,,wood,54.36268400464125,18.591953973748137,3984.5807022451568,2789.2064915716096
,,,grassland,54.36360451859274,18.594823036660795,4808.578313083388,3366.0048191583714
,,,grassland,54.36548552549923,18.596455165482173,4181.876245484644,2927.3133718392505
,,,grassland,54.36206843675959,18.602845108449195,19165.20471078842,13415.643297551895
,,,grassland,54.36305611729251,18.594680678645165,2225.9007432745293,1558.1305202921703
,,,wood,54.36265500592811,18.59358801793685,11163.360633865039,7814.352443705527
,,,wood,54.36204361083573,18.592302425796056,5097.986719370638,3568.5907035594464
,,grass,,54.37603283638728,18.60723390118678,103.70359711138374,72.59251797796861
,,,grassland,54.36233034881642,18.59415771515147,5001.25450502738,3500.878153519166
,,grass,,54.36190198418536,18.593280784750732,1833.7626322337621,1283.6338425636334
,,,grassland,54.361788204478664,18.592273395249677,3154.787342752237,2208.351139926566
,,,grassland,54.36232493891945,18.592118998548536,4695.742113116052,3287.019479181236
,,greenfield,grassland,54.3677092053369,18.596269831155123,1040.8916071409697,728.6241249986787
,,,wood,54.3608531947571,18.58494955501542,2563.8096240357645,1794.666736825035
,,,grassland,54.36160151180261,18.589598724183737,5239.687437091981,3667.7812059643866
,,,grassland,54.36110517262502,18.589357653360185,3316.095979381612,2321.2671855671283
,,,grassland,54.36118685125092,18.585686337106587,7884.723943467731,5519.306760427412
,,,wood,54.36166179144102,18.586672845973162,1672.3453272512666,1170.6417290758866
,,,grassland,54.36339436357186,18.587474380740133,3148.5105641477617,2203.957394903433
,,,grassland,54.39203378618981,18.58591376053607,654.0260751451011,457.81825260157075
,,grass,,54.39585216576242,18.603719948281274,475.48393278127514,332.83875294689255
,,grass,,54.39632337683383,18.60420672277877,308.5662732619297,215.9963912833508
,,,grassland,54.38566717660756,18.602950086253102,4054.5348585389006,2838.17440097723
,,grass,,54.37897512902286,18.697944874272977,4161.712303902263,2913.1986127315836
,,grass,,54.37901870818386,18.69492079919378,1742.257294441451,1219.5801061090156
,,grass,,54.3795021812851,18.69601551363324,367.2229759679864,257.05608317759044
,,grass,,54.37914901130098,18.696828927989582,422.1592937504253,295.51150562529773
,,grass,,54.37913844053149,18.69715639384815,15.712404732579964,10.998683312805975
,,grass,,54.37864820906746,18.697918364474386,439.3060822559139,307.5142575791397
,,grass,,54.37834919050086,18.698570653910053,437.9393374199225,306.55753619394574
,,grass,,54.37820759935127,18.69880036831563,309.72698370592855,216.80888859414998
,,grass,,54.37784518977789,18.69834814387356,272.04281483724367,190.42997038607055
,,grass,,54.37762137730699,18.69804794442691,100.42611244205202,70.2982787094364
,,grass,,54.37740001721775,18.697748611948082,243.09513409318794,170.16659386523153
,,grass,,54.37706770922137,18.69726944316292,281.42258119459535,196.99580683621673
,,grass,,54.37715375145664,18.69696074640818,438.3376733512084,306.83637134584586
,,grass,,54.3774532485916,18.696307599426554,438.0593900047061,306.64157300329424
,,grass,,54.37795287676387,18.695220577924456,438.66439089776134,307.0650736284329
,,grass,,54.378329064515064,18.69443570353134,372.3250763285929,260.62755343001504
,,,wood,54.368761953946695,18.48376203759408,1026.2729614837024,718.3910730385916
,,grass,,54.381873453205934,18.697591825692847,596.8685042885809,417.80795300200657
,,grass,,54.38206746846909,18.697409892654914,219.52851811412862,153.66996267989003
,,grass,,54.381999151738526,18.697501292675906,71.18828761263998,49.83180132884799
,,grass,,54.38196010920965,18.697262875815184,456.20115299605305,319.34080709723713
,,grass,,54.38209585202562,18.698326413590156,2918.836605487214,2043.1856238410496
,park,,,54.41298943057037,18.56688238642056,15309.395048862094,15309.395048862094
,,,grassland,54.36099003146218,18.62277231850667,8796.97173463619,6157.880214245333
,,,wood,54.36041942635869,18.62657270926845,6772.502452384111,4740.751716668878
,,grass,,54.418116795495195,18.575349622216297,700.2865929725441,490.20061508078084
,,grass,,54.42050571603662,18.576598036045397,1704.0174721945993,1192.8122305362194
,,grass,,54.408792323323034,18.55684036508614,98.68205945189274,69.07744161632492
,,,grassland,54.352450530509046,18.534454603184024,9759.652708564498,6831.756895995148
,,,grassland,54.35385762242746,18.533887907321574,18760.56617358733,13132.396321511129
,,,grassland,54.352632629155934,18.541831703703405,17660.196630148283,12362.137641103796
,,,grassland,54.35175469410985,18.546580789200668,200389.05201999604,140272.33641399723
,,,grassland,54.33071913332507,18.579936155854483,5238.92856088909,3667.2499926223622
,,,wood,54.32148581391991,18.584971902660445,1869.3629275695641,1308.5540492986947
,,,wood,54.3222254133434,18.584375390993745,15212.535276633977,10648.774693643783
,,,grassland,54.320469767097784,18.585578299983464,19186.59693992656,13430.617857948591
,,,wood,54.32424952766827,18.581228569241514,7891.858563318203,5524.300994322742
,,,wood,54.32477162377477,18.567619967130245,33847.97987585011,23693.585913095078
,,,grassland,54.318807666045636,18.568709925875705,7884.140076671665,5518.898053670166
,,,wood,54.31939444486064,18.57476803802537,13653.709367295136,9557.596557106595
,,,grassland,54.32715764415552,18.571259800410612,109393.1551081606,76575.20857571242
,,,grassland,54.32910515052315,18.579025127721135,19424.9397383686,13597.45781685802
,,,grassland,54.33118127414675,18.581207529397478,446.2560608102867,312.37924256720066
,,,grassland,54.33033803072012,18.58314069052396,9630.339401170902,6741.237580819631
,,grass,,54.33095575753152,18.581775955294543,11086.515387941952,7760.560771559366
,,,wood,54.3310216514872,18.580035863846888,16295.7314813968,11407.01203697776
,,,wood,54.32927000980466,18.57473401122235,80818.91830457782,56573.24281320447
,,,wood,54.333738918197525,18.609974986335242,17873.870695771067,12511.709487039747
,,,grassland,54.34698995239557,18.620654427718613,278.8325926455328,195.18281485187296
,,,grassland,54.372772890851145,18.71398143916619,408511.9076825037,285958.33537775255
,,,grassland,54.367570035090424,18.710614689012086,386125.64808110317,270287.9536567722
Plac zajęć dla dzieci,park,,,54.375050725857506,18.449402187402136,1318.9871905955376,1318.9871905955376
,,,grassland,54.35368808949835,18.66902492240057,21493.034558931802,15045.12419125226
,,grass,,54.377670343460096,18.569273601102722,450.7012072223212,315.49084505562485
,,,grassland,54.37769437831613,18.569864412060845,6605.887596245328,4624.121317371729
,,,grassland,54.378356104206,18.56986596554206,17947.408717964114,12563.186102574879
,,,grassland,54.37792548430463,18.561462067997518,37057.00717407782,25939.905021854473
,,,wood,54.37819046526208,18.563088308274523,13655.710287713984,9558.997201399789
,,,grassland,54.37798254607242,18.564758411494367,1073.4955673716004,751.4468971601202
,,,grassland,54.37856060147462,18.56514442040669,3140.8601040551885,2198.6020728386316
,,,grassland,54.379378781260726,18.562973134760128,2063.527701672449,1444.4693911707143
,,,grassland,54.379255642460095,18.56170318837033,161.14305262700756,112.80013683890529
,,,wood,54.377748906960065,18.56439713303207,1559.537420398671,1091.6761942790697
,,,wood,54.37822879159426,18.564462797967106,5748.449402566119,4023.914581796283
,,,grassland,54.37940646113375,18.559750668612164,3690.8259262586107,2583.5781483810274
,,,wood,54.379158932102335,18.564701821460776,38233.96208842909,26763.773461900364
,,grass,,54.36047501417979,18.70810857099781,4351.365870186614,3045.95610913063
,,greenfield,grassland,54.364805198339006,18.71289877316219,1918.0260815450158,1342.618257081511
,park,,,54.36341493208956,18.71275243606884,2085.2159294735757,2085.2159294735757
,garden,,,54.40763746934366,18.631904445587132,1591.2136155773185,1272.9708924618549
,,grass,,54.406928057510896,18.635782022033244,1224.426400035594,857.0984800249158
,,greenfield,grassland,54.407425970252284,18.635995382088087,2253.547169796625,1577.4830188576375
,,grass,,54.40586342085212,18.625908901617166,4068.312296662148,2847.8186076635034
,,grass,,54.406638127573935,18.62803111565388,227.13676692489844,158.9957368474289
,garden,,,54.40633724634242,18.6280695225223,920.5885604504672,736.4708483603738
,,,grassland,54.34449710575774,18.657910996557423,515.8281209819176,361.07968468734225
,,grass,,54.36934705539834,18.502456708623107,5051.246356691356,3535.8724496839486
,,,wood,54.40088624692223,18.633562079085547,7177.148081756397,5024.0036572294775
,park,,,54.39471966615241,18.59249220677312,61775.15742878362,61775.15742878362
,,,wood,54.39521277970259,18.594253214321537,1056.3369862511956,739.435890375837
,,,grassland,54.39455494374471,18.594926047289913,2235.810791467337,1565.0675540271357
,,,wood,54.39466316590438,18.595214513182615,3934.4058963925863,2754.0841274748104
,,,grassland,54.39128470463232,18.590837103510545,1073.1848200765764,751.2293740536035
,park,,,54.395138515424804,18.589124070102773,45350.560489959724,45350.560489959724
,,,grassland,54.30976985461304,18.599659449727646,5808.135070743814,4065.6945495206696
,,,grassland,54.32195211687238,18.588469307974204,67539.3214878224,47277.525041475674
,,,grassland,54.32745739244927,18.57596664819041,7227.00726820034,5058.905087740238
,,,grassland,54.32698842757696,18.59042657507673,11839.009151737631,8287.306406216341
,,,grassland,54.335284717595805,18.58906552259869,29251.024522139174,20475.71716549742
,,,wood,54.335702598586785,18.585555225875403,1606.3488578721806,1124.4442005105263
,,,wood,54.336056441775675,18.589403021304495,1842.89010973611,1290.023076815277
,,,wood,54.33577549461106,18.588518337628482,3099.534160844355,2169.6739125910485
,,,grassland,54.333578090572836,18.581585616743066,2490.062652061003,1743.043856442702
,,,wood,54.33459655304528,18.57935486456293,27973.318834333473,19581.32318403343
,,,grassland,54.33232566529344,18.572898013218083,5440.378122613116,3808.264685829181
,,,grassland,54.33286118857925,18.571443569707217,40953.853789347675,28667.69765254337
,,,grassland,54.32015670318303,18.591052200395882,48620.04168615641,34034.02918030948
,,greenfield,grassland,54.32595805847881,18.600448270990267,3601.41530087083,2520.9907106095807
,,,wood,54.32444562735115,18.600377217850248,1647.7947134539581,1153.4562994177707
,,,grassland,54.32341714160016,18.59498750654815,8544.074218367683,5980.851952857378
,,,grassland,54.32639154257069,18.582784256041332,205.7739026361527,144.04173184530688
,,,grassland,54.32604840041716,18.583008382677072,513.6614506196543,359.563015433758
,,,grassland,54.33125862788827,18.612831867291515,2039.5181019273623,1427.6626713491535
,,,grassland,54.33250697657816,18.610355320618627,3769.45974866743,2638.621824067201
,,,grassland,54.329065942546215,18.605146986922033,1626.0063674662538,1138.2044572263776
,,,grassland,54.32823594113427,18.60313274092792,1942.4281150561374,1359.699680539296
,,grass,,54.35856444527717,18.580922763329514,2897.4397701961752,2028.2078391373225
,park,,,54.35895601662002,18.581013950502903,4380.302195509525,4380.302195509525
,,,grassland,54.32470663850784,18.59020820230054,13523.570155496716,9466.4991088477
,,,wood,54.34903973921083,18.563766036360608,1562.716597025635,1093.9016179179446
,,,wood,54.35031359671059,18.563969121166508,1094.0387702867904,765.8271392007532
,,,grassland,54.3053745276028,18.596806920272396,81538.13798697735,57076.696590884145
,,grass,,54.30892393505452,18.587157297168808,795.6847675951872,556.979337316631
,,grass,,54.39388389814727,18.57487532934675,35.84358509542333,25.090509566796328
,,grass,,54.394661558156024,18.57472580229017,1031.886228586875,722.3203600108125
,park,,,54.41037588011631,18.57726734498128,1771.4147409525467,1771.4147409525467
,,,wood,54.41746928851222,18.584120770772476,16180.25829433315,11326.180806033204
,,,wood,54.41656755366058,18.576993590200363,8206.294502137103,5744.406151495972
,,,wood,54.39036892379927,18.673848902844163,7338.141860799287,5136.699302559501
,,,wood,54.3908569028101,18.675988536993525,106594.01731236643,74615.8121186565
,,,wood,54.39161314388515,18.680420961429622,5124.696937439157,3587.2878562074097
,,,wood,54.393108407720796,18.677677933920098,1680.2332553959359,1176.163278777155
,,,wood,54.389627474427506,18.67699290310811,79258.88717319413,55481.22102123589
,,,wood,54.392805520978555,18.67588656854883,6272.317555685471,4390.622288979829
,,,wood,54.39322014474776,18.676495279292993,2826.272876358251,1978.3910134507755
,,,wood,54.39241824051525,18.677226307184963,38252.06156608954,26776.44309626268
,,,wood,54.39132453543861,18.674051720017218,7780.438014662359,5446.306610263651
,,grass,,54.329012731012945,18.55620481538449,4475.27729579737,3132.694107058159
,,,wood,54.328555677377004,18.556335302789236,6862.89797535025,4804.028582745174
,,grass,,54.32143479773727,18.63551314870013,347.36977172095914,243.15884020467138
,,grass,,54.32151102999388,18.635669034088156,477.60317488374255,334.3222224186198
,,grass,,54.32144935168613,18.635877918894586,392.32226540172275,274.6255857812059
,garden,,,54.321418494142065,18.63576356312763,26.855846073616036,21.48467685889283
,garden,,,54.32141552198358,18.635628969436606,26.2170535720812,20.97364285766496
,garden,,,54.32147015455362,18.635692844968084,28.701393074087804,22.961114459270245
,garden,,,54.32146075006694,18.635365550000166,234.7390526197971,187.79124209583767
,garden,,,54.32167698060293,18.635587752252455,963.964166493542,771.1713331948337
,,grass,,54.32168960213465,18.635860170876374,729.0045851491026,510.3032096043718
,garden,,,54.32168259136301,18.635359048030452,448.43431284983956,358.74745027987166
,,grass,,54.32167322829206,18.634976097284298,2821.429845934599,1975.0008921542192
,,grass,,54.321460317363,18.635006699520765,1616.5513052748881,1131.5859136924216
,garden,,,54.32144325006694,18.634612400000197,240.46140141771306,192.36912113417046
,,grass,,54.32134967872329,18.63522779800396,124.55003414201309,87.18502389940916
,,grass,,54.321357429177624,18.635491079686744,112.08788135053182,78.46151694537227
,,grass,,54.32136554950467,18.635766044057338,81.84490498333165,57.291433488332146
,,grass,,54.32136280266181,18.635941554240738,27.960862436847535,19.572603705793274
,garden,,,54.321424754315785,18.63490600508875,87.3439511601523,69.87516092812184
,,grass,,54.32141218760954,18.634433514659328,524.7155490925823,367.30088436480753
,,grass,,54.32140703784329,18.63402139610997,485.1420467107088,339.5994326974962
,,grass,,54.321481089001914,18.63409415989636,227.04911840392015,158.9343828827441
,,grass,,54.32147001139825,18.633780367530097,1103.7611134507786,772.632779415545
,,grass,,54.32202823241581,18.63392416314357,63.152233902497585,44.206563731748304
,,grass,,54.32205077389306,18.634043414450257,14.859506145588847,10.401654301912192
,,grass,,54.32190095501165,18.635061784979687,2504.313127002238,1753.0191889015666
,,grass,,54.32199889124035,18.63432321410269,272.20068909911964,190.54048236938374
,garden,,,54.32195614678264,18.63425273336862,16.08586273899605,12.86869019119684
,,grass,,54.32199035629648,18.634104163357367,195.17287525944366,136.62101268161055
,,grass,,54.32191004449236,18.633961343646682,632.4505664275457,442.71539649928195
,,grass,,54.32182846101528,18.634082660686115,275.62085253480274,192.9345967743619
,garden,,,54.32191335038495,18.634116359855447,14.461708507178713,11.569366805742971
,garden,,,54.32195577338266,18.634147009598102,16.954981070632925,13.563984856506341
,,grass,,54.321919051339904,18.634435430723258,578.078241714968,404.65476920047763
,garden,,,54.32191493364524,18.634288867142214,16.703716094527348,13.362972875621878
,garden,,,54.321872328819424,18.634150884625253,15.929238301648983,12.743390641319188
,,grass,,54.32183322815324,18.63432848242958,276.2199528661058,193.35396700627405
,garden,,,54.32187359927728,18.63425601809646,14.890888087164555,11.912710469731644
,,grass,,54.32166132394941,18.634440026575668,750.3271316002781,525.2289921201947
,,grass,,54.321760553521116,18.63433767810505,294.62494341241467,206.23746038869027
,,grass,,54.32155739229302,18.634341743745907,275.9113981284269,193.13797868989883
,,grass,,54.32148777772223,18.634353899374947,254.31117660862915,178.0178236260404
,,grass,,54.32155006120422,18.634083318694845,292.0842812482474,204.45899687377317
,,grass,,54.32165209989833,18.633985562109373,750.4587340105916,525.3211138074141
,,grass,,54.32175520194316,18.634083026644543,274.81047940212625,192.36733558148836
,garden,,,54.321714764663206,18.634155218768463,17.257121985841813,13.805697588673452
,garden,,,54.32171639623904,18.634263036792373,16.3029145378468,13.04233163027744
,garden,,,54.32165461259439,18.63412626605576,24.971488518791055,19.977190815032845
,garden,,,54.32159471353139,18.634160910087797,14.006484662990713,11.205187730392572
,garden,,,54.32159702001083,18.634268035716183,14.00659166982392,11.205273335859136
,garden,,,54.321657130067635,18.63429958780614,24.882041009757046,19.905632807805638
,garden,,,54.32144791899753,18.634163947394935,15.701518600984333,12.561214880787468
,garden,,,54.32139491723274,18.63415424306702,29.479297539505914,23.583438031604732
,garden,,,54.32136780893725,18.633929807846428,31.86276000685682,25.490208005485457
,garden,,,54.32131299604188,18.633893193800784,109.9951516111344,87.99612128890753
,garden,,,54.321367024616166,18.633846980310825,30.32458758757763,24.259670070062104
,,grass,,54.32132048161656,18.634215223472122,404.98701320306975,283.4909092421488
,garden,,,54.32145038896425,18.634277584586815,18.530023913956985,14.824019131165588
,garden,,,54.32139633329892,18.63429067486568,29.47303108505264,23.578424868042113
,,grass,,54.32133401094145,18.634671556838427,193.7281577140604,135.60971039984227
,,grass,,54.32133896267085,18.634883418763504,16.162641619157352,11.313849133410146
,,grass,,54.321345420999535,18.63504273400585,42.95034565258412,30.06524195680888
,garden,,,54.32166562810299,18.63460472364895,409.9713722668418,327.97709781347345
,garden,,,54.32192275014499,18.63459315000017,361.24937158861087,288.9994972708887
,garden,,,54.32206293446821,18.634520166546768,418.9720715726933,335.1776572581547
,,grass,,54.32215831143353,18.6345838015204,2169.839216173954,1518.8874513217677
,garden,,,54.32122554428301,18.633211752661772,305.19826987857175,244.1586159028574
,garden,,,54.32155777789024,18.63316810795267,681.8470961859576,545.4776769487661
,garden,,,54.321478219298484,18.63296993032538,195.28996552519345,156.23197242015476
,garden,,,54.32092881245735,18.632778497549634,263.26780233422517,210.61424186738014
,,grass,,54.32123550873525,18.632939452604816,3234.018077057233,2263.812653940063
,,grass,,54.321200720109495,18.633082007946726,5889.488786267066,4122.642150386946
,garden,,,54.32130681177598,18.632561312933614,1472.5526212258997,1178.0420969807199
,,grass,,54.32181079884249,18.63302147297799,4660.13824240909,3262.0967696863627
,,grass,,54.321976427179045,18.6333163263304,901.1984785660638,630.8389349962447
,,grass,,54.32201408647309,18.63355523950025,93.54312658872098,65.48018861210468
,,grass,,54.32196455401104,18.633625586225097,173.7454189620767,121.62179327345369
,,grass,,54.32181638013173,18.633544731717027,93.62765512180127,65.53935858526089
,,grass,,54.322426999529746,18.632965636058064,2778.7642556220717,1945.1349789354501
,,grass,,54.32221196169294,18.632837084452383,5117.232029100138,3582.0624203700963
,,grass,grassland,54.40803925036807,18.652417457198126,4278.187944384343,2994.73156106904
,,,wood,54.344175355438374,18.825623857227253,2381.599020250133,1667.119314175093
,,grass,,54.40701120067816,18.639163227848535,698.3216265328095,488.82513857296664
,,grass,,54.40673961833592,18.638330809951224,24.430419477793762,17.101293634455633
,,grass,,54.406873089370016,18.63836024508345,30.330721366978107,21.231504956884674
,,grass,,54.40702309472899,18.63862547228572,65.53555560540713,45.87488892378499
,,grass,,54.40691688301952,18.63842237931631,21.96457403997143,15.375201827980002
,,grass,,54.40682909899617,18.638436199055334,19.463237686875203,13.624266380812642
,,grass,,54.40680634917791,18.638325335900376,25.527913142067426,17.869539199447196
,,grass,,54.406709450005636,18.638467700000096,50.82278112335996,35.57594678635197
,,grass,,54.406899717514435,18.63894904413918,230.46212576341102,161.3234880343877
,,grass,,54.40685555759211,18.63821579341005,123.14024436002865,86.19817105202004
,,grass,,54.406913575435134,18.63862625407586,579.2525167707385,405.4767617395169
,,,wood,54.40338866671454,18.625558966666667,814.2573384545185,569.9801369181629
,,grass,,54.403674976062426,18.624586982832167,2090.724812596299,1463.5073688174093
,,,grassland,54.4019454249503,18.62814022046317,951.3605537240344,665.952387606824
,,,grassland,54.40223277197628,18.628773610975347,1196.7232271380747,837.7062589966522
,,grass,,54.386804036308526,18.591382494174088,598.8336741020203,419.1835718714142
,,grass,,54.387329116468585,18.59131849690135,179.25184762354348,125.47629333648042
,,grass,,54.3871456949098,18.591617582205302,93.61013795710161,65.52709656997112
,,grass,,54.38700434171032,18.591129046373958,168.20545831571326,117.74382082099928
,,grass,,54.38711840956905,18.590994110748877,118.30983368655582,82.81688358058906
,,grass,,54.387292524458864,18.590754589665984,156.2879577727825,109.40157044094775
,,grass,,54.38727735680257,18.59109096967296,420.81417935297475,294.5699255470823
,,grass,,54.38751399721614,18.59102821914602,61.83660631235897,43.285624418651274
,,grass,,54.38763501833922,18.59086959286752,54.42377430828575,38.09664201580002
,,grass,,54.38791980220355,18.59043381333636,109.65065262850656,76.75545683995459
,,grass,,54.38809851706052,18.590165931414457,116.31548564419398,81.42083995093579
,,grass,,54.3871233391079,18.59125810287804,85.11097569006897,59.57768298304828
,,grass,,54.38700275090671,18.589963181510207,110.36086392273542,77.2526047459148
,,grass,,54.38707530221113,18.589999103522135,63.90731166527416,44.73511816569191
,,grass,,54.388359053850685,18.442626467307377,457.321921682863,320.12534517800407
,,grass,,54.38828458226545,18.44248467239054,258.44361420088217,180.9105299406175
,,grass,,54.388228753770875,18.44302727543205,96.6058556258258,67.62409893807805
,,grass,,54.38805772827541,18.443515562007388,140.08782571170968,98.06147799819678
,,grass,,54.38784385315363,18.44328436819387,140.11678312848093,98.08174818993665
,,grass,,54.388189192880255,18.44230304120892,158.11787096180265,110.68250967326185
,,grass,,54.38793814785399,18.443385799774184,137.72038816972602,96.4042717188082
,,grass,,54.3879065633148,18.442682855195873,102.04844752626946,71.43391326838861
,,grass,,54.38809262483627,18.44220096976892,155.28611432773067,108.70028002941146
,,grass,,54.387724082672044,18.443158108100004,140.63925717068025,98.44748001947617
,,grass,,54.38780951186427,18.44253654723781,47.82765060573524,33.47935542401467
,,grass,,54.38746904982746,18.443871024133543,105.8854148915137,74.11979042405959
,,grass,,54.38765805053927,18.443374957630347,215.2293761502374,150.6605633051662
,,grass,,54.3872931347937,18.444324869104793,183.07773252570684,128.15441276799478
,,grass,,54.38739494555816,18.444505836589105,142.32454426928388,99.62718098849871
,,grass,,54.38775755937577,18.44346516263182,141.47210548776786,99.0304738414375
,,grass,,54.38748969271964,18.444606857034337,152.05578352634694,106.43904846844285
,,grass,,54.38787998522978,18.44359779283623,143.11332953986096,100.17933067790267
,,grass,,54.38778667990019,18.444230422295856,112.4306629707442,78.70146407952093
,,grass,,54.387609178367256,18.444737249014047,150.9554623469069,105.66882364283482
,,grass,,54.387972279160856,18.443696233511393,144.54449801213156,101.18114860849208
,,grass,,54.388411499713335,18.44260352716311,2620.9714399553395,1834.6800079687375
,garden,,,54.387670514307004,18.445600193818642,76.11047702278245,60.888381618225964
,,grass,,54.38870691677166,18.577439125449335,1210.4839486757546,847.3387640730282
,,grass,,54.38834273344677,18.577220366666666,112.81442162839834,78.97009513987884
,,grass,,54.38847898349558,18.57719635254506,105.84321974724566,74.09025382307195
,,grass,,54.38866526752569,18.577128293205387,127.26273812718613,89.08391668903029
,,grass,,54.38890003273023,18.576891882930273,184.87598824983445,129.4131917748841
,,grass,,54.38888643333647,18.5771327,20.658855350005204,14.461198745003642
,,grass,,54.389534835970224,18.577774568079395,759.699227144858,531.7894590014006
,,grass,,54.38995167202558,18.57854109256932,240.5468262152957,168.38277835070699
,,grass,,54.38928429340328,18.579732909029154,275.22029262432653,192.65420483702857
,,grass,,54.389221733418744,18.579543612565075,112.74776128642259,78.92343290049581
,,grass,,54.389286087216185,18.579583885637398,44.169274582903995,30.918492208032795
,,grass,,54.34214428272293,18.662170139048854,825.9566582286525,578.1696607600567
,,grass,,54.341863340955214,18.662239214822694,1204.8533426067886,843.397339824752
,,grass,,54.341841475176146,18.662695165426218,1396.3087996918334,977.4161597842833
,,,grassland,54.34160078467209,18.66345148046779,559.908325164465,391.9358276151255
,,,grassland,54.341513823127976,18.663228162239676,1254.7147564653465,878.3003295257424
,,grass,,54.341588440108254,18.66291664980118,1017.5723647879529,712.300655351567
,,meadow,,54.340465984409185,18.666541142580627,8248.710127803499,4124.355063901749
,,grass,,54.35282249218595,18.508746547837266,104.82109203148975,73.37476442204283
,,grass,,54.35250619178636,18.50851175015054,102.0884102180508,71.46188715263555
,,grass,,54.352653958091935,18.50861325423055,27.689888998063726,19.38292229864461
,,grass,,54.35234980996449,18.508609119041953,245.22809301407975,171.6596651098558
,,grass,,54.352884898822424,18.509000162113047,254.7353568484305,178.31474979390134
,,,grassland,54.339300939583744,18.65675638801112,2405.668284280009,1683.9677989960064
,,grass,,54.34593517000495,18.64637012144275,653.1746731750594,457.22227122254156
,,grass,,54.33361117718274,18.596325559775718,153.76917862488858,107.638425037422
,,grass,,54.33015431981069,18.597436982127753,6123.272962249817,4286.291073574872
,,grass,,54.33287930514161,18.596163325717765,698.9278548355114,489.249498384858
,,grass,,54.33229289756246,18.59637842635145,58.99143423349899,41.29400396344929
,,grass,,54.33240813740901,18.59637326815401,137.77684926131369,96.44379448291957
,,grass,,54.33251757805327,18.594603388174068,695.0909046848142,486.56363327936987
,,grass,,54.33268220719115,18.5946428481152,1684.4273095038307,1179.0991166526815
,,grass,,54.33272675031654,18.59515715255727,172.09088922004642,120.46362245403249
,,grass,,54.33226920782754,18.596223323821697,294.3770168492536,206.06391179447752
,,grass,,54.332604074393835,18.596251152302703,815.3034150379258,570.712390526548
,,grass,,54.33266384464686,18.59648294521182,966.5477782884716,676.5834448019301
,,grass,,54.332352810864975,18.596126195391633,44.571727246652095,31.200209072656463
,,grass,,54.33238051815116,18.596267068435168,65.86901669979179,46.10831168985425
Plac Generała Stanisława Maczka,park,,,54.386681043933876,18.582710426415403,16512.40145814712,16512.40145814712
,,grass,,54.40359903587908,18.624418858816984,543.8725551542042,380.7107886079429
Traszka Górska w Żwirowni,nature_reserve,,,54.39940146492449,18.55728265499081,3534.7630163077642,3534.7630163077642
Ropuszy Staw przy Dworze III,nature_reserve,,,54.39985657606917,18.560056495234935,13520.638935605524,13520.638935605524
,park,,,54.34352737721043,18.828099253467585,2471.5854307006616,2471.5854307006616
,,,grassland,54.34684036053715,18.82482093280164,34124.129810948856,23886.8908676642
,,grass,,54.41069312219253,18.595474553895382,113.94544642566032,79.76181249796223
,,grass,,54.34565857604232,18.659284024393713,1127.8021857792608,789.4615300454825
,,,grassland,54.36270869004274,18.638717438751105,1981.4512522322018,1387.0158765625413
,garden,,,54.3585806743756,18.642664584969133,1335.3986068248973,1068.318885459918
,,grass,,54.379563673884725,18.612655550421422,61.20864381008848,42.84605066706194
,,grass,,54.37945064873434,18.612807018111404,32.67347877324825,22.87143514127377
,,grass,,54.379476783157564,18.61270671452647,32.547007788095456,22.782905451666817
,,grass,,54.38221990852893,18.603159998389152,228.45498141640866,159.91848699148605
,,grass,,54.382134032237246,18.60305981065379,1493.7095584171682,1045.5966908920177
,park,,,54.3790290226063,18.606680071377404,1135.8830907780439,1135.8830907780439
,,grass,,54.378899479893086,18.607411756122517,120.5459384691217,84.38215692838519
,,grass,,54.41898893078264,18.53815058373809,1506.6937174567774,1054.6856022197442
,,,wood,54.42063295488452,18.539716127521537,2646.9771352844,1852.88399469908
,,,wood,54.421113687861336,18.537628706294427,4656.126905728224,3259.288834009757
,,,grassland,54.40705296022408,18.53363340082734,12910.935913206775,9037.655139244742
,,,wood,54.40647867555519,18.5339740522809,4003.5568344165886,2802.489784091612
,,grass,,54.32648134473623,18.568284035993745,202.06928114910147,141.44849680437102
,,grass,,54.32736152809204,18.568943530549415,301.0419053109459,210.72933371766212
,,grass,,54.32736046952886,18.568743537523897,142.02439272898263,99.41707491028784
,,,grassland,54.3085506966873,18.59868779883143,29323.174636898842,20526.222245829187
,,grass,,54.401696737670434,18.5762711970188,415.6444400726397,290.9511080508478
,,,wood,54.40424752591502,18.579400035072247,606.542797076084,424.57995795325877
,,,grassland,54.41102270614844,18.53758029748083,33223.62666735081,23256.538667145564
,,grass,,54.40899949605325,18.53419110661827,346.1165781496305,242.28160470474134
,,grass,,54.410525033334615,18.535295133333335,14.40968931590564,10.086782521133948
,,grass,,54.410900614033494,18.534477935851413,236.21744938265226,165.35221456785658
,,grass,,54.410202082930404,18.537486610187575,20.457833726648612,14.320483608654028
,,,wood,54.33722447537925,18.640109819056804,9950.099469657214,6965.069628760049
,,,wood,54.30314926121119,18.60921691488705,7282.7430967667915,5097.920167736754
,,,grassland,54.30545501930676,18.594626825377333,4935.399205371334,3454.779443759933
,,,grassland,54.31851330074116,18.593609901624152,31115.6248802431,21780.937416170167
,,grass,,54.31604543308104,18.593221181882264,2450.987677404758,1715.6913741833305
,,,grassland,54.31504270551539,18.598209265051196,16100.310351890977,11270.217246323684
,,,grassland,54.31277306490279,18.59678652258021,5776.244493637916,4043.371145546541
,,,grassland,54.31345231125191,18.597093152083826,8822.444145339956,6175.710901737969
,,,wood,54.30841766584723,18.597819444724323,50409.38975109208,35286.57282576445
,,,grassland,54.31545960082416,18.62061012477181,832843.1986144454,582990.2390301117
,,,grassland,54.31016972483556,18.601836680664363,4844.55992147701,3391.191945033907
,,,grassland,54.30931953660729,18.600338083651245,13865.889759214713,9706.122831450299
,,grass,,54.355457089111,18.66188779253769,207.986490510134,145.5905433570938
,,grass,,54.35528742466453,18.661343548033326,67.07273122806386,46.9509118596447
,,grass,,54.35522635220488,18.661382434268738,185.51813540325074,129.8626947822755
,,grass,,54.355232409276326,18.66203194961146,80.4928403250017,56.34498822750118
,,grass,,54.41592706908665,18.529943321650975,105.50913321724504,73.85639325207153
Łąka dla pszczół,,meadow,,54.40996876008185,18.53900562524816,510.7261955183684,255.3630977591842
,,grass,,54.410551896081635,18.56671230831601,16.65974150083867,11.661819050587068
,,grass,,54.32515728855969,18.606370435315057,1377.7410963651905,964.4187674556333
,,grass,,54.32458531293333,18.60491156625179,464.36969609739947,325.05878726817963
,,grass,,54.32429936097314,18.60410989682253,481.0930488806558,336.76513421645905
,,grass,,54.325746099052196,18.607685213704872,10.215023075846679,7.150516153092674
,,grass,,54.32503297680588,18.60668204970814,719.9198824006833,503.94391768047825
,,grass,,54.32502760946974,18.606405195403525,1215.66267570846,850.963872995922
,,grass,,54.32434191253493,18.606028629544635,2488.9355386439624,1742.2548770507735
,,grass,,54.32419154269894,18.60567574420717,459.33526169415006,321.534683185905
,,grass,,54.324635910786206,18.606096927700033,725.3649351755404,507.75545462287823
,,grass,,54.32355734709068,18.60356171886826,383.4982180037364,268.44875260261546
,,grass,,54.32366083901432,18.603797987888147,39.186745805561955,27.430722063893366
,,grass,,54.32426768380279,18.604480731767563,100.8262198580566,70.57835390063961
,,grass,,54.32388572735241,18.604170857763282,826.6959110024878,578.6871377017414
,,grass,,54.32419641072884,18.605073604259754,137.8734271510532,96.51139900573723
,,grass,,54.32436141671964,18.604588001635694,23.86321802617708,16.704252618323956
,,grass,,54.3238700377518,18.6055017391576,652.9310725187794,457.05175076314555
,,grass,,54.323781094875216,18.605756974384292,765.5751109052104,535.9025776336473
,,grass,,54.32291465556924,18.606740654594724,257.6576166690705,180.36033166834932
,,grass,,54.32276799858601,18.60653888047726,332.185957157502,232.5301700102514
,,grass,,54.32398020002262,18.605634345723214,264.9492686020942,185.46448802146594
,,grass,,54.32348769535402,18.606405312482543,2501.4206719584113,1750.9944703708877
,,grass,,54.323733716268094,18.606002654724865,115.96662417773697,81.17663692441587
,,grass,,54.322565486238084,18.605036170198094,1314.47778238386,920.1344476687019
,,grass,,54.32246839837386,18.605593183070848,22.16136305646661,15.512954139526625
,,grass,,54.32284052525838,18.60505297115054,207.60659696442724,145.32461787509905
,,grass,,54.323307589301415,18.60521279742917,909.5873146154665,636.7111202308265
,,grass,,54.323572299580526,18.60615946202551,98.36305118003699,68.85413582602588
,,grass,,54.32285861122571,18.60496846952992,16.17407247216522,11.321850730515655
,,grass,,54.32296357687076,18.604908538046956,79.21250765329263,55.44875535730484
,,grass,,54.32292831324787,18.604868111821542,35.284011381747874,24.69880796722351
,,grass,,54.32230435370916,18.605652031666523,433.98747843257047,303.7912349027993
,,grass,,54.323025013697716,18.604805421309614,21.744991497683383,15.221494048378368
,,grass,,54.323645897072446,18.605915714936373,140.37014896204502,98.2591042734315
,,grass,,54.32324058512081,18.605311575865805,332.04109834633476,232.42876884243432
,,grass,,54.323571758425786,18.60567325267816,283.9248800852268,198.74741605965875
,,grass,,54.32351189567721,18.60581991099201,83.48070956289747,58.43649669402823
,garden,,,54.406765682788475,18.57490646880043,343.2590652428444,274.60725219427553
,,grass,,54.37788269850531,18.61160934835118,483.657219012998,338.5600533090986
,,grass,,54.35119989500156,18.574350283553834,5016.818867109287,3511.7732069765007
,,grass,,54.349278687823556,18.574448288016107,56444.82383230829,39511.3766826158
,,,wood,54.35280349577781,18.584997084202058,267222.2818832047,187055.5973182433
,garden,,,54.37415034110353,18.558386680004684,89.4963845929675,71.597107674374
,,grass,,54.351965921158325,18.59106463647432,2385.634210108338,1669.9439470758364
,,,grassland,54.311540625005556,18.929247639039176,97529.09141557376,68270.36399090162
,garden,,,54.36739357643859,18.692329814035453,103.11163165070937,82.4893053205675
,garden,,,54.36735715481743,18.691592373568035,103.15503883257821,82.52403106606258
,,,wood,54.40947287494242,18.555427426894276,2061.540647105394,1443.0784529737757
,,grass,,54.35145419681366,18.574958250728834,2031.6078815172662,1422.1255170620861
,,grass,,54.35121441023724,18.575081739146434,3792.6511412844616,2654.855798899123
,,grass,,54.34940072483274,18.573809568631166,661.9086969600927,463.33608787206487
,,grass,,54.34970011433479,18.574241172341125,1315.2348565281015,920.664399569671
,,grass,,54.34998758480152,18.574519216102903,163.45488973783682,114.41842281648577
,,grass,,54.349992216501654,18.57406163006625,94.08721819348048,65.86105273543633
,,grass,,54.35028104681707,18.573998873864333,548.4240264428156,383.8968185099709
,garden,,,54.35023179977234,18.57344275182826,184.51275316700395,147.61020253360317
,,grass,,54.35027065917488,18.573426545213092,3619.954738276916,2533.968316793841
,,grass,,54.35030167869259,18.57461735730091,2572.417565814255,1800.6922960699783
,,grass,,54.33764109307317,18.600649660039807,401.58557561959464,281.1099029337162
,,grass,,54.33756284676168,18.600723569508485,1029.0208895349608,720.3146226744725
,,grass,,54.33902186520009,18.600417384016605,2722.478241836546,1905.7347692855822
,,grass,,54.337394592882134,18.60056786056772,722.68487361625,505.87941153137496
,,grass,,54.337679098665625,18.600590626906,330.9030012505999,231.63210087541992
,,grass,,54.339202138790675,18.601263932938668,134.8712724818538,94.40989073729764
,,grass,,54.33900870399057,18.601102825981265,75.70748523379405,52.99523966365583
,,grass,,54.339322426006596,18.60118931165767,702.7764032445525,491.9434822711867
,,grass,,54.33931809051135,18.601521387445622,4166.8354374425935,2916.784806209815
,,grass,,54.33895792786479,18.601285149362116,19.70603913070217,13.794227391491518
,,grass,,54.33797516599049,18.599770952486093,309.5959397958481,216.71715785709367
,,grass,,54.33789411057374,18.599654021878862,381.42371335807877,266.9965993506551
,,grass,,54.33693608125892,18.599717630384905,1532.086690020882,1072.4606830146174
,,grass,,54.33729898851427,18.599998507227365,180.13088949579983,126.09162264705988
,,grass,,54.33772417314693,18.599151440470344,1705.0277091547187,1193.519396408303
,,grass,,54.338164826501306,18.599273265374766,14822.393207074427,10375.675244952097
,,grass,,54.33756215325426,18.59922382713867,28.437688591241493,19.906382013869045
,,grass,,54.337477698467936,18.599377106388456,75.18177633736447,52.627243436155126
,,grass,,54.33731363369448,18.599162245693755,160.5809279089282,112.40664953624973
,,grass,,54.336861421156414,18.599329767259785,112.3062827407199,78.61439791850393
,,grass,,54.336838226204584,18.59858778335007,134.29041730348914,94.0032921124424
,,grass,,54.33666100407661,18.599540909753188,255.9780870776597,179.1846609543618
,,grass,,54.336314529929105,18.59947133647245,1108.8803853368893,776.2162697358225
,,grass,,54.33524116036652,18.597988147066218,6609.241611951601,4626.4691283661205
,,grass,,54.33540718311393,18.596939333510083,560.4812991553608,392.33690940875255
,,grass,,54.33602380903751,18.597335857547748,1556.7401389371387,1089.718097255997
,,grass,,54.33578788248103,18.597234697384348,369.2797899284802,258.49585294993614
,,grass,,54.335800555537745,18.59740263503621,1465.8712102854402,1026.109847199808
,,grass,,54.335106271079994,18.596816675020523,254.27044368288855,177.98931057802199
,,grass,,54.33402995231385,18.59596109553395,2306.7552260513016,1614.728658235911
,,grass,,54.33692626880275,18.5983174602425,118.67452699415605,83.07216889590923
,,grass,,54.3358761924987,18.598050328338985,3719.452004692897,2603.616403285028
,,grass,,54.33513258817685,18.597169964026715,22.429190506881525,15.700433354817067
,,grass,,54.33459710944115,18.597119856515278,2766.781876216987,1936.7473133518906
,,grass,,54.33657541173991,18.59901688833599,22.27619480037591,15.593336360263137
,,grass,,54.33649175999048,18.599322773673038,51.75660581632456,36.22962407142719
,,grass,,54.335687478191446,18.598014516106048,998.5479615145467,698.9835730601827
,,grass,,54.33502231332971,18.597198889724204,102.86604387299047,72.00623071109332
,,grass,,54.33610655206061,18.597990021521532,5348.741024214954,3744.118716950468
,,grass,,54.33507153996699,18.59696505116348,205.03274647709114,143.5229225339638
,,grass,,54.33357784180603,18.595954556022452,6674.056988781472,4671.83989214703
,,grass,,54.33390043775716,18.596802436626607,5419.923101390281,3793.9461709731963
,,grass,,54.33405544832479,18.59670091262993,871.0824433285949,609.7577103300164
,,grass,,54.33392108473629,18.596346280180285,1394.8067301835747,976.3647111285022
,,grass,,54.33405822022877,18.59663244115336,1599.164584186778,1119.4152089307445
,,grass,,54.333241108263195,18.59651976080276,203.28353180077602,142.2984722605432
,,grass,,54.333218460699584,18.596592929752635,230.40539784725559,161.2837784930789
,,grass,,54.332582819652494,18.596576889550455,293.6721349839374,205.57049448875617
,,grass,,54.33297575183018,18.59668505345257,1677.218252120132,1174.0527764840924
,,grass,,54.33248564427363,18.596661976718458,452.25113040261925,316.57579128183346
,,grass,,54.3331399047113,18.596143917630844,400.9489931830708,280.6642952281495
,,grass,,54.332944213912825,18.595161462003524,55.353124522592026,38.74718716581442
,,grass,,54.33212658393798,18.596755718481266,71.38680239745607,49.97076167821924
,,grass,,54.33090679617196,18.597202864120906,8269.10956247344,5788.3766937314085
,,grass,,54.33037308374394,18.597533917402263,1786.4992110257647,1250.5494477180353
,,grass,,54.3307788109482,18.597220769670553,3584.6017008333324,2509.2211905833324
,,grass,,54.329748233779206,18.60122501545671,430.7650213174154,301.53551492219077
,,grass,,54.32944426355754,18.598617660791472,4708.02773618951,3295.6194153326564
,,grass,,54.330564305384435,18.596505252020822,2970.5624090349393,2079.3936863244576
,,grass,,54.32890808142919,18.5981544330564,732.1203614484405,512.4842530139083
,,grass,,54.330403878813186,18.59648448921248,14318.743277296304,10023.120294107412
,,grass,,54.329026700637876,18.59892867952741,182.5593393435862,127.79153754051033
,,grass,,54.32899020247123,18.598892525367344,141.26217462975117,98.88352224082581
,,grass,,54.3279573523379,18.600143243200563,5793.344235927712,4055.3409651493985
,,grass,,54.32683996797522,18.601361299304596,6209.00182670652,4346.301278694564
,,grass,,54.32723827810087,18.600452676488377,6392.925641141587,4475.047948799111
,,grass,,54.32749099408302,18.600481159098063,1782.756354145585,1247.9294479019095
,,grass,,54.32751760754025,18.600365064650088,2214.7291588741464,1550.3104112119024
,,grass,,54.328739340688706,18.59910928735035,83.58321652914117,58.50825157039881
,,grass,,54.328700811969796,18.59895419898741,104.66961985734153,73.26873390013907
,,grass,,54.32881607005023,18.59928625181254,126.34462021106815,88.44123414774769
,,grass,,54.3288351179192,18.59875132532095,147.96596903607332,103.57617832525132
,,grass,,54.32513934181337,18.603421328351992,12522.550322109064,8765.785225476344
,,grass,,54.32526485472153,18.602947088023026,1554.0704163392966,1087.8492914375074
,,grass,,54.32330182684219,18.6028154551587,4403.675179756412,3082.572625829488
,,grass,,54.32730964741091,18.599706644662504,10029.508578832463,7020.656005182724
,,grass,,54.32704699260872,18.600134163512,4120.971371945525,2884.6799603618674
,,grass,,54.325802279634345,18.60124902676847,2571.170608218715,1799.8194257531004
,,grass,,54.324943628115484,18.602136698478883,2402.9325957459605,1682.0528170221723
,,grass,,54.32499441332138,18.602247832160064,2184.0594944468176,1528.8416461127722
,,grass,,54.32524898006444,18.602879784905205,1884.8538386865941,1319.397687080616
,,grass,,54.32503016087527,18.602922070230715,6632.314519227262,4642.620163459083
,,grass,,54.32410788260545,18.603015706952664,2107.937113802831,1475.5559796619816
,,grass,,54.32405404477666,18.60324517681,2822.167898870259,1975.517529209181
,,grass,,54.32371021637831,18.603314071846352,655.3066329979792,458.71464309858544
,,grass,,54.35844169527378,18.583801312218217,2981.8092678825537,2087.2664875177875
Skwer Joachima Gudela,park,,,54.358673585335055,18.584714323606224,11513.242653243895,11513.242653243895
,,grass,,54.358122347795295,18.584714575051425,3976.090476233861,2783.2633333637027
,,grass,,54.351040339181246,18.59799205778411,25976.234606520567,18183.364224564397
,,grass,,54.34923293923238,18.58022907664385,576.5287873331221,403.57015113318545
,,grass,,54.419887182703214,18.585480200142303,7596.982503989649,5317.887752792753
,,grass,,54.41977928120513,18.584748684125035,2653.025448009072,1857.1178136063504
,,grass,,54.41931389817122,18.584949471569335,36.615605716791094,25.630924001753765
,,grass,,54.41943138059819,18.584834673286224,224.71007360166504,157.2970515211655
,,,wood,54.419088080853236,18.585288575281417,2325.8048007596676,1628.0633605317673
,,,grassland,54.419027957116135,18.583733527195154,5795.625136759265,4056.937595731485
,,grass,,54.41874646461874,18.582933955260668,5739.481577020704,4017.637103914493
,,grass,,54.41853922034072,18.58345774586208,2427.0967376973613,1698.967716388153
,,grass,,54.410451228808604,18.57683984879615,1473.6191102650355,1031.5333771855248
,,grass,,54.37891050580626,18.603975908730437,2565.655223740781,1795.9586566185465
,,grass,,54.35031221133446,18.660387633907938,228.1082157333,159.67575101331
,,grass,,54.35036941793117,18.66065971295833,506.4188014183494,354.49316099284454
,,grass,,54.35310020338928,18.661998028920895,640.9285149143998,448.64996044007984
,,grass,,54.35321789594855,18.662308375699965,2039.589830738131,1427.7128815166916
,,,grassland,54.33913244064992,18.63293715717204,5713.2905656960575,3999.30339598724
,,,grassland,54.33975232385054,18.633033450589817,666.3706759200937,466.45947314406556
,,,grassland,54.337559424244475,18.635908105178885,2893.400274993901,2025.3801924957304
,,,wood,54.33736729418775,18.632221576197608,4596.630443500849,3217.641310450594
,,greenfield,grassland,54.336686873719685,18.633346001784197,2364.6879042190485,1655.281532953334
,,,wood,54.340756330780124,18.63377387483297,46440.088590986634,32508.06201369064
,park,,,54.34211069228934,18.627623437186497,15369.242141139766,15369.242141139766
,,,wood,54.33866418036449,18.634789708453667,46463.09485345654,32524.166397419576
,,grass,,54.416897745727084,18.558488086233748,1728.508671990476,1209.956070393333
,,grass,,54.41065068672208,18.556571209472047,637.5514799519449,446.2860359663614
,,grass,,54.409123797474294,18.58427497169237,2725.5877281748335,1907.9114097223833
,,grass,,54.40315690425434,18.638964175848404,113.47658186378652,79.43360730465056
,,grass,,54.36131493856697,18.648306905141695,1138.9507923308236,797.2655546315765
,,,grassland,54.35294327441911,18.687590111452653,14235.829722378958,9965.08080566527
,,,wood,54.35250353489583,18.686833425292363,6873.298806552883,4811.309164587018
,,,wood,54.35238401386602,18.685470669527717,25236.972405101886,17665.88068357132
,,,wood,54.35308152405638,18.686546537932394,2962.435791480934,2073.7050540366536
,,,wood,54.35277208702317,18.688085742594172,24519.83901116514,17163.887307815596
,,,grassland,54.35273229212647,18.68457362095604,50457.228542680554,35320.05997987639
,,,wood,54.35312444299482,18.690429875777735,18141.240590411424,12698.868413287995
,,,wood,54.35328057442121,18.69195032461358,21095.417742350437,14766.792419645304
,,grass,,54.348775700104355,18.64119889875233,3095.5740382549784,2166.9018267784845
,,grass,,54.3491374297999,18.641467366523813,10.943932038616133,7.6607524270312926
,,grass,,54.3488314118723,18.64146914218986,603.8353532391621,422.68474726741346
,,grass,,54.3492286263514,18.641442860525462,84.73207921277364,59.31245544894154
,,grass,,54.347860037943214,18.64154785850566,248.61748920575545,174.0322424440288
,,grass,,54.34830502149788,18.637641878384034,315.9317387953352,221.15221715673462
,,grass,,54.34831248831089,18.63748463766486,20.57180383785476,14.40026268649833
,,grass,,54.34871380952942,18.639759055236624,2592.263109194158,1814.5841764359104
,,grass,,54.3492461376527,18.637862284414233,6212.321582798667,4348.625107959067
,,grass,,54.348383877304705,18.639367881137456,2934.3077546158415,2054.015428231089
,,grass,,54.34846816667691,18.637587533333335,169.47552052268833,118.63286436588182
,,grass,,54.348904543833235,18.636157308973434,686.119328589287,480.2835300125008
,,,grassland,54.34886884212641,18.639334635431236,705.3755928434692,493.76291499042844
,,grass,,54.348990871652006,18.6387682455092,44.61114002114621,31.227798014802346
,,grass,,54.34831977432966,18.64098307755225,833.9209517466459,583.7446662226521
,,grass,,54.34876390253812,18.63747096378224,2532.7788379214553,1772.9451865450187
,,grass,,54.34855095587616,18.63866521228233,2306.8218956098876,1614.7753269269213
,,grass,,54.348343366116204,18.636866992231713,1526.147095175442,1068.3029666228094
,,grass,,54.34836845236042,18.636451385959905,373.8262986447423,261.6784090513196
,,grass,,54.34861863060074,18.635281592282027,1178.215451919532,824.7508163436723
,,,grassland,54.348203532563566,18.634302875139213,10243.651371522947,7170.555960066062
,,grass,,54.346660471375095,18.631307096645923,3495.462482994017,2446.8237380958117
,,grass,,54.34721291391817,18.632834396965592,3162.4211429802112,2213.6948000861476
,,grass,,54.37695729230336,18.562972635827933,6.766097399083796,4.736268179358657
,,grass,,54.376925797061354,18.56295099499461,26.888418161452282,18.821892713016595
,,grass,,54.41232261312326,18.591123742159485,503.7759951878332,352.6431966314832
,,grass,,54.41225895457738,18.590673494921248,64.85741266407175,45.40018886485022
,,grass,,54.41227564890748,18.590908438673633,181.07093817461237,126.74965672222865
,,grass,,54.41240946544329,18.591168274871798,373.2146040058832,261.2502228041182
,,grass,,54.41251355621476,18.591652373614444,113.57940716187863,79.50558501331504
,,grass,,54.412310634743555,18.590217546198513,1307.3769425664498,915.1638597965148
,,grass,,54.41224562076903,18.589779246826968,896.7680099793715,627.73760698556
,,grass,,54.412189578380435,18.589465735166154,618.1205341592289,432.6843739114602
,,grass,,54.41206628363717,18.5886830823848,1002.4590148584921,701.7213104009444
,,grass,,54.41213846776021,18.589092537258182,569.6935356387521,398.78547494712643
,,grass,,54.41207629915289,18.588918064547578,164.35244871330087,115.0467140993106
,,grass,,54.412115705807295,18.589657543652336,154.06387754337854,107.84471428036497
,,grass,,54.412091612848904,18.58941574254141,163.2430663275827,114.27014642930789
,,grass,,54.41216993958674,18.590210957186095,270.7225457964031,189.50578205748215
,,grass,,54.412299642873236,18.58899461706357,223.2871247921299,156.30098735449093
,,grass,,54.412242074035014,18.588682465712225,280.585030326572,196.4095212286004
,,grass,,54.412351079558114,18.58888356348477,5.75397453738182,4.027782176167274
,,grass,,54.412332024031606,18.5887699069362,5.770155334892872,4.03910873442501
,,grass,,54.41273623326951,18.590940361292763,39.270342770628424,27.489239939439894
,,grass,,54.41275806068853,18.591064464063596,26.14830104138435,18.303810728969044
,,grass,,54.4127786302902,18.591182080022996,30.776839431317377,21.543787601922162
,,grass,,54.41279940410844,18.591299890791824,26.672167034741165,18.670516924318814
,,grass,,54.41282019705765,18.591418569408425,24.31085518223687,17.017598627565807
,,grass,,54.412840766620704,18.59153450842679,26.457440756684246,18.52020852967897
,,grass,,54.41286106410689,18.59164940984505,19.241552297703045,13.46908660839213
,,grass,,54.41288084602924,18.591763801738338,32.8359719188874,22.98518034322118
,,grass,,54.41290181718313,18.591881267990036,19.933637705262058,13.953546393683439
,,grass,,54.41247748500764,18.59176655844963,348.33097530180055,243.83168271126036
,,grass,,54.412783240776754,18.59370667758478,55.499293482120834,38.84950543748458
,,grass,,54.412771013552124,18.593574259280494,59.148905887210525,41.40423412104737
,,grass,,54.41282407089505,18.594018267924326,412.76359127929385,288.9345138955057
,,grass,,54.41278074535168,18.593811565699145,189.2186589771637,132.45306128401458
,,grass,,54.412716791334404,18.593284505013045,711.5812654780442,498.10688583463093
,,grass,,54.41268131542755,18.59300945309333,165.67721892448628,115.97405324714039
,,grass,,54.41298175895906,18.59465928055459,293.1668206979214,205.21677448854498
,,grass,,54.413098460430874,18.595159499285813,57.42846575369689,40.19992602758782
,,grass,,54.413124834986064,18.595414073443774,293.7510571868501,205.62574003079507
,,grass,,54.413013906854886,18.59252061171304,87.59389475843608,61.31572633090525
,,grass,,54.41295265979634,18.593892050059637,1756.9673026127746,1229.8771118289421
,,grass,,54.41298704380319,18.594272184660838,264.50288466613455,185.15201926629416
,,grass,,54.413082841895125,18.59454786854916,1527.5538710685341,1069.2877097479738
,,grass,,54.41321487254843,18.59530047816578,1130.9048174683376,791.6333722278363
,,grass,,54.413154903941376,18.594915739090048,364.34550349329606,255.04185244530723
,,grass,,54.41317387186156,18.595910862487486,106.65109916334671,74.6557694143427
,,grass,,54.413189760731996,18.596080394628327,144.56833257886254,101.19783280520377
,,grass,,54.41327273863613,18.595652974113406,711.2153285903933,497.85073001327527
,,grass,,54.41333794117313,18.59610101994222,1835.7040730750907,1284.9928511525634
,,grass,,54.413425030890735,18.596546323010696,863.2274156732733,604.2591909712912
,,grass,,54.41326697734787,18.59672002200966,102.74836892385332,71.92385824669732
,,grass,,54.413296303776605,18.59682723913654,51.1551563700763,35.80860945905341
,,grass,,54.41334146506738,18.59699978884078,228.14134756027374,159.69894329219161
,,grass,,54.41297604905259,18.596978946600178,644.6983289807753,451.28883028654263
,,grass,,54.41290172602479,18.59670620115789,1818.398084351761,1272.8786590462328
,,grass,,54.4127814717613,18.59582136350164,5381.481436841967,3767.0370057893765
,,grass,,54.412680863287335,18.594974760652715,4065.618018861587,2845.932613203111
,,grass,,54.412320203125645,18.594225645402283,35.36855510305309,24.75798857213716
,,grass,,54.41251190188085,18.594297685584756,2399.549308499425,1679.6845159495974
,,,wood,54.35860480610069,18.567142654505044,1658.9700833266777,1161.2790583286744
,,,grassland,54.35906590811888,18.56777169682795,1075.58534332175,752.909740325225
,,,grassland,54.35863525456443,18.567360310252823,1055.5150195603578,738.8605136922504
,,,grassland,54.36099785126563,18.569665397125405,1416.4242902848328,991.4970031993829
,,grass,,54.34311822713435,18.56010690171137,256.5703036844471,179.59921257911296
,,grass,,54.34425387133684,18.561988256758237,139.357700397999,97.5503902785993
,,,grassland,54.360438214545105,18.57136204982473,2126.2423759827407,1488.3696631879184
,,,grassland,54.353998365946666,18.570308131076576,5035.1977337374865,3524.6384136162405
,,,grassland,54.35297354443663,18.569518771649214,2974.889921256321,2082.4229448794244
,,,grassland,54.352681156511714,18.571696033589273,26185.103791305897,18329.572653914125
,,grass,,54.357296342172404,18.570027035569925,519.3737766430094,363.56164365010653
,,greenfield,wood,54.35805445411733,18.56928342873748,5347.005670831086,3742.9039695817596
,,grass,,54.410705616725096,18.5986720229524,196.05847073296982,137.24092951307887
,,grass,,54.41013126513731,18.59479151529781,18.179352084956157,12.72554645946931
,,grass,,54.41026973908627,18.594720181862005,19.16527844012306,13.415694908086142
,,grass,,54.41035083241865,18.59469444476462,27.314049000980813,19.119834300686566
,,grass,,54.41043186980509,18.594648874651526,43.05308429682989,30.13715900778092
,,grass,,54.41065742707327,18.594557395778093,605.2387076431023,423.6670953501716
,,grass,,54.410458841861704,18.594772643366163,96.22299271793426,67.35609490255398
,,grass,,54.41020628016412,18.59490441450397,141.46224793453723,99.02357355417605
,,grass,,54.409964163177364,18.594969345046657,163.75329640525123,114.62730748367585
,,grass,,54.41000467973566,18.59548091601542,131.15256932490698,91.80679852743488
,,grass,,54.41007169474118,18.59578048080903,48.35430941331603,33.84801658932122
,,grass,,54.41010306166573,18.59541081765413,84.6868394920019,59.28078764440132
,,grass,,54.41025216306109,18.596344470118474,71.3598784945471,49.95191494618297
,,grass,,54.41024291185267,18.596113734263195,139.2524837940907,97.47673865586349
,,grass,,54.41052205813549,18.596464843328715,417.7813270783655,292.4469289548558
,,grass,,54.41068301267221,18.59670269323668,5566.325706448172,3896.4279945137205
,,grass,,54.410287743749706,18.596522020413126,63.558404819101014,44.49088337337071
,,grass,,54.41032341431981,18.595586013948672,79.54705624525991,55.68293937168193
,,grass,,54.41029589435272,18.595392882217848,144.33711099055898,101.03597769339129
,,grass,,54.410269836016866,18.595200843016723,103.15245578426457,72.20671904898519
,,grass,,54.41034591634064,18.595135049529063,51.35557753057634,35.948904271403435
,,grass,,54.410455375984036,18.595104435386872,125.6941118988666,87.98587832920661
,,grass,,54.41073748085141,18.59519817242595,48.96717169462885,34.27702018624019
,,grass,,54.41087156470449,18.595207908748606,23.064787633221492,16.145351343255044
,,grass,,54.410604327169786,18.595022357592,79.6107344831562,55.72751413820933
,,grass,,54.41074203843667,18.594920473388903,375.539732173298,262.87781252130856
,,grass,,54.41157123275528,18.597763873075248,126.02170983786863,88.21519688650804
,,grass,,54.41154597295818,18.597530422077618,122.4570760593915,85.71995324157405
,,grass,,54.41152138593038,18.597299815429047,121.6531680190863,85.1572176133604
,,grass,,54.41149691960649,18.597069963963406,121.87742427899217,85.31419699529451
,,grass,,54.411472680878376,18.596837243725314,125.40282792664026,87.78197954864818
,,grass,,54.4114472161668,18.596603372781058,115.47408078551781,80.83185654986247
,,grass,,54.41142241763667,18.596369978796492,118.60257003547875,83.02179902483512
,,grass,,54.411329047155924,18.597826127571864,1230.917112195332,861.6419785367324
,,grass,,54.410457931009,18.595393856351986,2104.3649422079884,1473.0554595455917
,,grass,,54.41096487562426,18.596074387139147,91.183194155712,63.828235908998394
,,grass,,54.41091251083978,18.595950548505925,476.04470940958856,333.23129658671195
,,grass,,54.410487223965795,18.595871804432765,5360.5530567668475,3752.387139736793
,,grass,,54.410707066933355,18.59510241642104,329.59007820447414,230.7130547431319
,,grass,,54.41088027511156,18.59507646718055,451.48544555040905,316.0398118852863
,,grass,,54.411029713707464,18.595316637376936,1803.782083494247,1262.647458445973
,,grass,,54.411113621117295,18.596249910065932,486.22037293370147,340.354261053591
,,grass,,54.4115952232616,18.5979949286023,123.32217213345811,86.32552049342067
,,grass,,54.41162648840258,18.598232356040956,170.76012324004134,119.53208626802893
,,grass,,54.411397882975116,18.59613981483175,115.31615675738962,80.72130973017273
,,grass,,54.41137313098908,18.59590728811853,116.67035710600625,81.66924997420438
,,grass,,54.41133931611225,18.597058966327683,8281.71774889414,5797.202424225898
,,grass,,54.410953978278854,18.593337112088594,1033.0207309495127,723.1145116646588
,,grass,,54.41111204381839,18.59443245593313,2295.5206251478676,1606.8644376035072
,,grass,,54.41119599056194,18.595214420393216,1101.3463260596754,770.9424282417727
,,grass,,54.411769800002006,18.59830895000045,22.16190505653805,15.513333539576633
,,grass,,54.41182324577393,18.59843197913384,22.107315382760753,15.475120767932525
,,grass,,54.41221485000124,18.598263700000523,18.021529323090103,12.615070526163072
,,grass,,54.41200031352809,18.59826201424117,494.05170048577816,345.8361903400447
,,grass,,54.412092350000925,18.5979421000002,9.081859459932017,6.357301621952412
,,grass,,54.411953202378164,18.597365308574382,124.99726544229445,87.49808580960611
,,grass,,54.41192284572056,18.59713589478936,124.96565804548213,87.47596063183748
,,grass,,54.41189252539237,18.59690512218288,123.43879874123647,86.40715911886552
,,grass,,54.411861913843836,18.59667566704808,115.9785281701228,81.18496971908596
,,grass,,54.41183154843515,18.59644457873893,115.85706743603838,81.09994720522685
,,grass,,54.41180123360062,18.59621499393332,119.52664489692592,83.66865142784813
,,grass,,54.41177012758219,18.59598393303614,120.70154358769142,84.49108051138398
,,grass,,54.41173961217843,18.59575475582984,124.40922675972072,87.0864587318045
,,grass,,54.41170943663471,18.595523523690613,123.48509394303666,86.43956576012566
,,grass,,54.411678667338094,18.59529681696134,121.54855103361405,85.08398572352982
,,grass,,54.41164848663125,18.59506650615108,123.41389623119017,86.38972736183311
,,grass,,54.41166152063912,18.596628553494806,13958.282526209403,9770.797768346582
,,grass,,54.41210246444468,18.595561733574694,139.88771541828646,97.92140079280051
,,grass,,54.41213906233408,18.595789508099298,140.2147025157904,98.15029176105328
,,grass,,54.41217596942424,18.59601688399841,140.58992220894564,98.41294554626194
,,grass,,54.412212668539055,18.596245782114824,139.35190888346585,97.54633621842609
,,grass,,54.41224958487873,18.59647408051636,138.15541744285088,96.70879220999561
,,grass,,54.41228565611663,18.59670040919369,135.4390598180843,94.80734187265901
,,grass,,54.412322862784535,18.596928776254757,138.6241332964213,97.03689330749489
,,grass,,54.412359178753626,18.59715662821882,135.65405330172868,94.95783731121007
,,grass,,54.41240785214183,18.597392180387924,210.73377055116376,147.51363938581463
,,grass,,54.41246183368925,18.5975993943772,379.8963311034606,265.92743177242244
,,grass,,54.412500417908475,18.59782034751641,385.64269870362386,269.9498890925367
,,grass,,54.41210818659375,18.59680948795463,12325.859755249638,8628.101828674746
,,grass,,54.411795546708476,18.595505378350822,20.48918672325504,14.342430706278527
,,grass,,54.41174255418965,18.59510542432457,919.6559659985217,643.7591761989651
,,grass,,54.41188198873909,18.59477066754756,1243.3742334220549,870.3619633954384
,,grass,,54.412016352191536,18.594978169365834,1745.6367060217144,1221.9456942152
,,grass,,54.41209251691419,18.59454484614322,67.0417964157016,46.92925749099111
,,grass,,54.41216420000169,18.595306599999997,20.579337948309103,14.405536563816371
,,grass,,54.41240772624102,18.596080731645618,9873.617893405255,6911.532525383678
,,grass,,54.41232767024157,18.594646407078915,114.06402053092307,79.84481437164615
,,grass,,54.412370477317154,18.594869877678512,109.82204157729812,76.87542910410868
,,grass,,54.41241243323611,18.59509423955348,113.1067677929502,79.17473745506513
,,grass,,54.41245541190978,18.595320687736724,115.94624334728704,81.16237034310092
,,grass,,54.412497163173384,18.59554517876566,115.13611919415315,80.5952834359072
,,grass,,54.41253974018212,18.59576954954472,118.15021416849477,82.70514991794633
,,grass,,54.412581559085446,18.595993856329155,117.02738629232832,81.91917040462981
,,grass,,54.41262457067109,18.596218394156075,121.39132968910367,84.97393078237256
,,grass,,54.41266662337269,18.59644360115884,122.60011466546135,85.82008026582294
,,grass,,54.412708918350404,18.59666796143639,123.33255024191648,86.33278516934153
,,grass,,54.41275156100583,18.596894488433723,129.24513928297318,90.47159749808122
,,grass,,54.34812037728887,18.6073618034321,1138.2091394721626,796.7463976305138
,,greenfield,grassland,54.348087299939934,18.61237814647195,1537.4665253097291,1076.2265677168102
,,,wood,54.34700725072613,18.615166185335568,17858.234946075318,12500.764462252722
,,,grassland,54.34871196950129,18.615237131870625,3027.5161203075295,2119.2612842152707
,,grass,,54.34989622173273,18.637395449638834,6767.504514806957,4737.2531603648695
,,,wood,54.34701314801086,18.624137164330865,3109.633797126194,2176.7436579883356
,,grass,,54.34571112765196,18.625216036752075,477.6668964626745,334.36682752387213
,,grass,,54.34542987446628,18.620370739640265,407.62939012110587,285.34057308477406
,,,grassland,54.347583104615516,18.624606135517155,7314.242255657726,5119.9695789604075
,,grass,,54.355437800125266,18.57300516666667,845.5847970535725,591.9093579375008
,,,grassland,54.35483032534065,18.573425920462668,27125.95578469954,18988.169049289678
,,grass,,54.41382014070385,18.59208257728637,1659.3035775891315,1161.512504312392
,,grass,,54.4112067528825,18.602426676711243,515.8196005077285,361.07372035540993
,,grass,,54.41147643245405,18.60298615917573,984.6096822323333,689.2267775626333
,,grass,,54.411845914924086,18.602922048454083,5460.2232206589615,3822.156254461273
,,grass,,54.41174676490848,18.602129367844917,2360.025642904097,1652.0179500328677
,,grass,,54.412406613614834,18.601123100638443,126.7372043537058,88.71604304759406
,,grass,,54.412374073961765,18.60089530293873,127.93489520849474,89.55442664594631
,,grass,,54.41234087806005,18.600666263367117,127.28734591505895,89.10114214054126
,,grass,,54.412308025165224,18.600435961037974,132.09809951756813,92.46866966229769
,,grass,,54.41227464389777,18.60020509286677,133.81631271342792,93.67141889939954
,,grass,,54.41224123392212,18.599976517081352,135.440190942436,94.80813365970519
,,grass,,54.41220837426212,18.59974966274117,140.03181104943724,98.02226773460606
,,grass,,54.412174992980866,18.599519314561363,149.1251802617254,104.38762618320777
,,grass,,54.41214183239235,18.599289702497014,151.99420668087942,106.39594467661558
,,grass,,54.41210927659933,18.599062416253048,152.1790239827654,106.52531678793576
,,grass,,54.41207873631679,18.59882555900998,174.02412637094585,121.81688845966208
,,grass,,54.415051021159,18.597281111995645,57.91759077825044,40.542313544775304
,garden,,,54.41132800713886,18.59909487898333,19.97556610319267,15.980452882554136
,garden,,,54.41108279083706,18.599264602935435,19.901132668687964,15.920906134950371
,garden,,,54.41113755176311,18.59923464368517,20.14081680203791,16.11265344163033
,garden,,,54.41119421523807,18.599187374568313,19.872440581960767,15.897952465568615
,garden,,,54.41125034641901,18.599153754690725,19.95178603527856,15.961428828222848
,,grass,,54.41480571587546,18.597403537662746,480.28274547234673,336.1979218306427
,,grass,,54.412540142565426,18.602319892849284,1848.0364532279143,1293.62551725954
,,grass,,54.412095579913256,18.600091170435494,9126.67147906242,6388.670035343693
,,grass,,54.41292092553894,18.601529716723828,133.3625107089921,93.35375749629446
,,grass,,54.412882575556054,18.601303815148277,135.8255019746289,95.07785138224023
,,grass,,54.412843881311815,18.60107646432205,134.20934808330037,93.94654365831025
,,grass,,54.412804903549,18.600849309196867,137.14208360707576,95.99945852495303
,,grass,,54.41276628943497,18.600623198811785,137.23011312230162,96.06107918561112
,,grass,,54.41272817923383,18.600397975929617,140.39452452456845,98.27616716719791
,,grass,,54.412689392165895,18.60016946249226,140.29792922091988,98.20855045464391
,,grass,,54.4126508098356,18.599942948562504,142.53358344230668,99.77350840961466
,,grass,,54.412612226639666,18.59971598372879,138.14939987925953,96.70457991548167
,,grass,,54.41257359005616,18.59948917508629,143.20120700853744,100.2408449059762
,,grass,,54.41253486414948,18.599264255134454,139.32447034301714,97.52712924011199
,,grass,,54.41280340990685,18.602015524066484,519.568344062635,363.69784084384446
,,grass,,54.41276636668489,18.601911966666666,83.68653297271442,58.58057308090009
,,grass,,54.41226815000287,18.59602000000064,31.629068660382483,22.140348062267737
,,grass,,54.41227980435073,18.596092770770934,30.22090388039352,21.154632716275465
,,grass,,54.41254051484307,18.600542271737865,11760.05921112161,8232.041447785126
,,grass,,54.413378530216335,18.599765838084075,222.8395920252082,155.98771441764572
,,grass,,54.41345111385752,18.598675862282086,1261.9655621877926,883.3758935314547
,,grass,,54.41290146499397,18.60206519766164,932.1644681179699,652.515127682579
,,grass,,54.41264597044515,18.602044887515618,11.973523340701744,8.38146633849122
,,grass,,54.412521301244674,18.601556867274397,13.46194794237543,9.4233635596628
,,grass,,54.412566100002415,18.601814850000753,28.92408688653891,20.246860820577236
,,grass,,54.41252302973952,18.60183776391943,28.857299344783772,20.20010954134864
,,grass,,54.41247955336508,18.60185937023841,28.801691064776413,20.16118374534349
,,grass,,54.4123951500024,18.601903950000757,28.818773507804885,20.17314145546342
,,grass,,54.412435150002395,18.60188135000076,28.818801632854253,20.173161142997976
,,grass,,54.41232155418183,18.60168357040282,12.867459084152852,9.007221358906996
,,grass,,54.41239410416057,18.602176670368074,12.887604774713715,9.021323342299599
,,grass,,54.412367445820564,18.601978629597724,12.867473492628303,9.007231444839812
,,grass,,54.412353445820564,18.60186602959772,12.867469101490403,9.007228371043281
,,grass,,54.41261370416057,18.601846370368076,12.887673792251654,9.021371654576157
,,grass,,54.41259490407122,18.60173602000772,12.975399931252788,9.082779951876951
,,grass,,54.41233285126497,18.599014716474297,1379.1265723519764,965.3886006463835
,,grass,,54.41319178086962,18.600520251920887,126.6626524882702,88.66385674178913
,,grass,,54.413147143694,18.600297088698802,130.83399561477086,91.58379693033959
,,grass,,54.41310194538615,18.60007320228744,133.2718528120185,93.29029696841295
,,grass,,54.41305759120338,18.599850453854053,137.13867016848118,95.99706911793682
,,grass,,54.4130129647662,18.59962948052167,140.54775562393382,98.38342893675367
,,grass,,54.41296784743822,18.59940585771057,137.64496361773624,96.35147453241537
,,grass,,54.41292270007632,18.599181770643018,136.1192845588217,95.28349919117518
,,grass,,54.412878007594685,18.598957834191424,137.3152383101654,96.12066681711578
,,grass,,54.41283306215668,18.598734857580727,139.33336232562502,97.5333536279375
,,grass,,54.41325274177133,18.60125149515487,41.103343464383904,28.77234042506873
,,grass,,54.413146443639015,18.60115507909968,221.90755312603122,155.33528718822186
,,grass,,54.41320484427629,18.601622713587666,2186.2975262359887,1530.408268365192
,,grass,,54.412990988921734,18.60129961918923,166.28834101782613,116.40183871247828
,,grass,,54.41285990111681,18.599916331641097,11547.068187560197,8082.947731292137
,,grass,,54.413237007447826,18.600745770318365,129.45120302095418,90.61584211466793
,,grass,,54.41278872228342,18.598511518523814,139.89357110898493,97.92549977628944
,,grass,,54.41365187110476,18.600923061037687,563.1361017115105,394.1952711980573
,,grass,,54.41353151729988,18.600968815905656,473.40024137719547,331.3801689640368
,,grass,,54.41343129134243,18.601279327498318,910.849438622338,637.5946070356365
,,grass,,54.4133265185808,18.600797397782834,599.8985208527672,419.928964596937
,,grass,,54.41325546083511,18.60042929674734,492.5250941116981,344.76756587818863
,,grass,,54.41316734684743,18.59999022246094,903.8009896050762,632.6606927235533
,,grass,,54.41308633128526,18.599394159311302,1867.6195709069111,1307.3336996348378
,,grass,,54.4141827363149,18.599874560443233,585.7464390620246,410.0225073434172
,,grass,,54.414015513719335,18.600303620060917,630.7048975491396,441.4934282843977
,,grass,,54.41403789640242,18.600152479462228,61.80450719982196,43.26315503987537
,,grass,,54.413995582646535,18.600167999720572,49.43966094158836,34.60776265911185
,,grass,,54.414070279912146,18.600336017352344,164.2509330315955,114.97565312211685
,,grass,,54.414120714069426,18.600169340508753,10.463394637147806,7.324376246003464
,,grass,,54.41300141492073,18.598794675231527,1926.123939573244,1348.2867577012707
,,grass,,54.412890891762544,18.598337600339,478.8988637027233,335.2292045919063
,,grass,,54.41307301525547,18.59812687071778,156.15041327016624,109.30528928911636
,,grass,,54.41221552832749,18.59887996539884,16.195250574904907,11.336675402433434
,,grass,,54.41218147352125,18.598670090107536,16.35962658913219,11.451738612392532
,,grass,,54.4123390002892,18.59851594999479,261.1794527798859,182.8256169459201
,,grass,,54.41249492100263,18.598529034809857,13.201192588860515,9.24083481220236
,,grass,,54.41249410000097,18.59875594999983,12.984098622449224,9.088869035714456
,,,wood,54.360211932355114,18.587908676961835,2627.2102891870995,1839.0472024309695
,,,wood,54.36264254489906,18.57362678242334,20023.934152929156,14016.753907050408
,,,wood,54.36265005484589,18.572532443241602,7041.105465873001,4928.7738261111
,,,grassland,54.360660905819984,18.572513536182544,598.6459965936008,419.0521976155205
,,,wood,54.361081961972886,18.57179548342707,1557.9816851649978,1090.5871796154984
,,,grassland,54.36083757564984,18.571951657105277,2336.0780378543154,1635.2546264980208
,,grass,,54.36213824270383,18.57154737697628,2917.716544761256,2042.401581332879
,,,grassland,54.36347908437752,18.573217437734684,4616.186522359818,3231.3305656518723
,,grass,,54.36378540572392,18.572879219779207,1768.8744405448722,1238.2121083814104
,,,grassland,54.362418239908386,18.574461540957376,7645.764509653209,5352.035156757246
,,,grassland,54.358074132761324,18.572634271344686,7655.967450074051,5359.177215051835
,,,grassland,54.3592168184139,18.57272299505135,1283.4163224945357,898.391425746175
,park,,,54.36951876307876,18.617839954730435,22550.509126827706,22550.509126827706
,,grass,,54.409537405464775,18.596530329940112,188.96528425715738,132.27569898001016
,,grass,,54.409529383833345,18.59629911254429,21.026224834648488,14.71835738425394
,,grass,,54.40941392740472,18.595593416627754,260.3719651522766,182.26037560659358
,,grass,,54.40950790767186,18.59535841437383,104.57187484774663,73.20031239342264
,,grass,,54.409737978463056,18.595352115501466,293.2307638751773,205.26153471262407
,,grass,,54.40946414579339,18.595860112081105,25.57087538214821,17.899612767503744
,,grass,,54.40991698378676,18.596569222097184,147.89922539200327,103.52945777440229
,,grass,,54.40975888030428,18.596731367292566,472.1277113590411,330.4893979513287
,,grass,,54.409611909554954,18.596965190943166,28.99099218963991,20.293694532747935
,,grass,,54.40981468906047,18.5953626918569,395.75871686237406,277.03110180366184
,,grass,,54.409619102788135,18.595112985752188,22.039803639267795,15.427862547487456
,,grass,,54.4094549003247,18.59518013664235,244.4536838100206,171.1175786670144
,,grass,,54.40989982299222,18.59596796543234,680.6336543239071,476.44355802673493
,,grass,,54.410059384801336,18.59858817371708,120.24273423945075,84.16991396761553
,,grass,,54.4102124904905,18.59855041456608,113.50940795612857,79.45658556929
,,grass,,54.40988082161831,18.598456213436137,149.07764795637962,104.35435356946573
,,grass,,54.40966383506582,18.59724756306443,47.98164097955856,33.58714868569099
,,grass,,54.409746067181175,18.597449688203337,249.99531509288352,174.99672056501845
,,grass,,54.41048815605652,18.603854325354664,43.30940589314777,30.316584125203438
,,grass,,54.41049693677553,18.60267082273016,44.36438159307943,31.055067115155598
,,grass,,54.41075970712833,18.602132064941618,90.94393448376886,63.6607541386382
,,grass,,54.410834876541784,18.602374935491465,3078.855319395898,2155.1987235771285
,,grass,,54.41165228565329,18.59934670150467,124.49528810945102,87.1467016766157
,,grass,,54.41175462407215,18.60004963946479,7933.236131615681,5553.265292130976
,,grass,,54.41181947041102,18.599191530323733,361.60487597055624,253.12341317938936
,,grass,,54.40996814270045,18.59684012811391,42.41253467605945,29.688774273241613
,,grass,,54.40999205786219,18.596278620516507,217.00281567700063,151.90197097390043
,,grass,,54.40989560476857,18.597166971758348,711.3332499777516,497.9332749844261
,,grass,,54.410065558397285,18.59675917049617,37.34727343309705,26.143091403167933
,,grass,,54.410125329980566,18.597161889333243,483.3854266051203,338.3697986235842
,,grass,,54.410807930220976,18.597643479504,28018.542711440394,19612.979898008274
,,grass,,54.41109948917174,18.59868255517129,1146.0718130715316,802.2502691500721
,,grass,,54.41116516106055,18.59889258699668,584.0250223993224,408.8175156795257
,,grass,,54.41073122720309,18.599096052279435,1854.2281098774333,1297.9596769142033
,,grass,,54.412284353456585,18.59383978818489,407.55292578179103,285.2870480472537
,,grass,,54.411974225742085,18.593337790058364,4932.075041110029,3452.4525287770202
,,grass,,54.41140858071825,18.594209910933124,1030.3646545015777,721.2552581511043
,,grass,,54.411568788773394,18.593900915529836,816.1951201210086,571.3365840847059
,,grass,,54.41170051437111,18.593134113624334,265.13611104652813,185.59527773256968
,,grass,,54.41355449885437,18.597509978185492,174.6345190970974,122.24416336796818
,,grass,,54.413516422693014,18.59681905335299,176.00202398844945,123.20141679191461
,,grass,,54.41281502719201,18.593334497459647,226.41198499561423,158.48838949692995
,,grass,,54.411742488600844,18.593634052656142,332.76986315814486,232.9389042107014
,,grass,,54.41171121926195,18.593337136427706,253.8105871691015,177.66741101837104
,,grass,,54.41140515124017,18.5936893177842,40.377503035853,28.2642521250971
,,grass,,54.41122965740567,18.59345436374547,7840.788437036778,5488.551905925745
,,grass,,54.41182519892802,18.593386718631546,2571.327225385572,1799.9290577699003
,,grass,,54.41072082418112,18.602630788112222,204.21103321115038,142.94772324780524
,,grass,,54.411095829424134,18.603176698530532,62.12224026012333,43.485568182086325
,,grass,,54.4108340264334,18.60252852431056,351.7214419071529,246.20500933500702
,,grass,,54.41100449228454,18.6025243163066,68.41652247010981,47.891565729076866
,,grass,,54.411382369150196,18.601708198945406,613.6409231971884,429.54864623803184
,,grass,,54.41141929506923,18.601940607979085,120.62821321453441,84.43974925017409
,,grass,,54.411209838344035,18.601607686387236,2116.26614604466,1481.386302231262
,,grass,,54.41131585534752,18.60133126612365,75.85178665697032,53.09625065987922
,,grass,,54.40992010000689,18.60197165000966,114.95640934072075,80.46948653850453
,,grass,,54.410080858480555,18.59915090647648,144.59205234340712,101.21443664038497
,,grass,,54.41027139364814,18.598873183342832,52.38414705588741,36.66890293912118
,,grass,,54.410320553362624,18.599356007226195,86.01429070621343,60.210003494349394
,,grass,,54.41116475655546,18.602865952024057,550.2328070216716,385.1629649151701
,,grass,,54.410261270778534,18.598038696922934,663.3852462201303,464.36967235409116
,,grass,,54.40976194412265,18.59781967091176,59.555296168464864,41.6887073179254
,,grass,,54.40942587231494,18.595905167013132,11.297822307063655,7.908475614944558
,,grass,,54.40934838424121,18.59547342133991,20.49041273354845,14.343288913483914
,,grass,,54.41091971373403,18.60141905841048,23.15690768938485,16.20983538256939
,,grass,,54.41091214311176,18.601793703852575,1275.7671724677655,893.0370207274358
,,grass,,54.41050062317953,18.601344352189507,488.98266367661984,342.28786457363384
,,grass,,54.410813078279,18.60121436881056,384.156221942047,268.9093553594329
,,grass,,54.41016231675031,18.601739854622423,548.4156573883837,383.8909601718686
,,grass,,54.41036357332172,18.60149005598286,27.57106422771757,19.299744959402297
,,grass,,54.410514661601916,18.59959954777377,166.13266368608893,116.29286458026225
,,grass,,54.410647823757905,18.59939822405909,140.67825535750865,98.47477875025605
,,grass,,54.410968554340066,18.599143126275834,646.7978466589886,452.758492661292
,,grass,,54.41134798078989,18.59887045099138,162.72452933110614,113.90717053177428
,,grass,,54.411421865909105,18.599103894915217,80.33161531385137,56.23213071969596
,,grass,,54.41144192206668,18.598882050271705,249.38209634191415,174.5674674393399
,,grass,,54.41159631159355,18.598681512112204,75.01085231580674,52.50759662106472
,,grass,,54.41164025000061,18.599037350000145,6.5171471434257455,4.562003000398022
,,grass,,54.4115725987488,18.599144561550766,308.3740179259983,215.8618125481988
,,grass,,54.41170208290804,18.59900180115423,37.529548586921926,26.270684010845347
,,grass,,54.41168044281972,18.598872791554832,39.112928744751,27.3790501213257
,,grass,,54.41179854144088,18.5989577054379,175.199208827483,122.63944617923809
,,grass,,54.41111360231311,18.60037222191604,548.6812381699789,384.0768667189852
,,grass,,54.41104945638583,18.6000023853793,569.6504040981545,398.7552828687081
,,grass,,54.41102306716053,18.599718427043012,241.56405448662022,169.09483814063415
,,grass,,54.4110846726536,18.599715026135875,114.63395490573515,80.2437684340146
,,grass,,54.41106281869938,18.59952931622658,47.579329718471385,33.305530802929965
,,grass,,54.411042956068265,18.599432540254284,65.78567319713106,46.04997123799174
,,grass,,54.41116956310756,18.599160693937062,281.2676746151818,196.88737223062725
,,grass,,54.41079469076532,18.599463447652617,122.88133585916879,86.01693510141814
,,grass,,54.4107204353705,18.599598615767903,43.00047382318311,30.100331676228173
,,grass,,54.4105786446033,18.601415864649983,459.19291332729716,321.435039329108
,,grass,,54.41082521352729,18.601321468991536,47.56373041888294,33.294611293218054
,,grass,,54.41090296167638,18.601322237474236,107.20659155502054,75.04461408851436
,,grass,,54.410670665221076,18.60064021715518,11.968368473811026,8.377857931667718
,,grass,,54.41072852981758,18.600611330756127,11.532513242932392,8.072759270052675
,,grass,,54.410777136686605,18.600488593547734,13.835391133840794,9.684773793688555
,,grass,,54.41079131957781,18.600583269024252,3.2455172219015713,2.2718620553310998
,,grass,,54.41082970552976,18.600870451441477,171.555724456603,120.0890071196221
,,grass,,54.41088634908279,18.59975711245138,1765.6409715756545,1235.948680102958
,,grass,,54.410941528868754,18.600687058355085,270.46988062542835,189.32891643779982
,,grass,,54.41098117638292,18.600860671962756,96.81319842698754,67.76923889889127
,,grass,,54.411249688842915,18.59997170408436,4047.8128513643683,2833.468995955058
,,grass,,54.411212829668436,18.600410252228237,328.14397640032223,229.70078348022554
,,grass,,54.41131696428716,18.60097492790125,523.8858304392774,366.7200813074941
,,grass,,54.41126719836141,18.600783193280993,267.5393899315548,187.27757295208835
,,grass,,54.41128193413182,18.600562362658955,86.45535411715906,60.51874788201134
,,grass,,54.41158171861308,18.600827449764783,230.2776619338213,161.1943633536749
,,grass,,54.411142923175234,18.601074375561534,425.334812680025,297.73436887601747
,,grass,,54.41103824107926,18.6011016447574,285.54814240401356,199.8836996828095
,,grass,,54.41103873986006,18.60098506426456,156.74611030783296,109.72227721548307
,,grass,,54.4110182969044,18.600532274533407,2122.201135039257,1485.5407945274799
,,grass,,54.411081531799105,18.601517775952896,351.105764380166,245.7740350661162
,,grass,,54.41138844996807,18.601966033294243,479.8828103813571,335.91796726695
,,grass,,54.41217462245202,18.601829272841893,2919.5247272962447,2043.6673091073712
,,grass,,54.407292318492836,18.610267013234395,43.330411881808104,30.33128831726567
,,grass,,54.40717783665395,18.610399826921135,171.23162150635326,119.86213505444728
,,grass,,54.40712136666893,18.610572233333333,13.513082333134893,9.459157633194424
,,grass,,54.40722823518687,18.61049650389869,250.34358634629316,175.2405104424052
,,grass,,54.407326813463804,18.610353956019104,40.59438733613011,28.416071135291077
,,grass,,54.40748341766223,18.610910631356585,6637.244354168078,4646.071047917654
,,grass,,54.40804977105672,18.610705513314286,250.01416722585395,175.00991705809776
,,grass,,54.408065822038445,18.610893056761835,135.25031155924094,94.67521809146865
,,grass,,54.40795867813395,18.610947073739784,132.79927100168956,92.95948970118269
,,grass,,54.40788634071319,18.611235908183104,42.890403711928165,30.023282598349713
,,grass,,54.40783136860293,18.611459477214574,60.73929283849749,42.51750498694824
,,grass,,54.407786000008805,18.611653433333334,50.288431700603404,35.20190219042238
,,grass,,54.40775453025353,18.61160645197397,27.27750786227916,19.09425550359541
,,grass,,54.40777748026425,18.61151258858077,44.55689751318334,31.189828259228335
,,grass,,54.40790402960961,18.610813097146206,405.403533446449,283.78247341251426
,,grass,,54.407970170670495,18.611108868978544,1723.7692501458096,1206.6384751020666
,,grass,,54.407882695887466,18.611053064951605,77.14870567624513,54.00409397337159
,,grass,,54.40785168388296,18.610598120007204,201.4619677652381,141.02337743566665
,,grass,,54.407823855972126,18.61039539949015,18.96921004275769,13.278447029930383
,,grass,,54.407714778765566,18.610124921344447,14.784604973718602,10.34922348160302
,,grass,,54.407681560662546,18.610035214142474,11.06675338868927,7.746727372082488
,,grass,,54.40765408818273,18.60995588116781,9.598582278220588,6.7190075947544114
,,grass,,54.40758918415293,18.609930668111534,20.844358073059805,14.591050651141863
,,grass,,54.40740998488652,18.610624280055948,335.9060128759342,235.13420901315394
,,grass,,54.40701160470599,18.611207692856414,331.70483698758966,232.19338589131274
,,grass,,54.40722330067678,18.611399033617744,397.47640825641474,278.2334857794903
,,grass,,54.406575201058246,18.61298351180413,28.97330301961889,20.28131211373322
,,grass,,54.406522620285095,18.612956144058654,28.172296980297965,19.720607886208573
,,grass,,54.406535855060795,18.613152456049228,66.22567416290883,46.35797191403618
,,grass,,54.406503642019366,18.61326169140359,14.084864012060809,9.859404808442566
,,grass,,54.35463400282971,18.648290392507754,194.36527938937022,136.05569557255913
,,grass,,54.355025012747554,18.650306384113613,55.817950732774136,39.07256551294189
,,grass,,54.35514275856182,18.650190195861864,55.804714127326875,39.06329988912881
,,grass,,54.35525790001626,18.650081899997957,38.082097245151644,26.65746807160615
,,grass,,54.35635847727351,18.65039521415908,89.14057008290101,62.3983990580307
,,grass,,54.356278458973804,18.6501990186661,175.62850754000678,122.93995527800473
,,,wood,54.36952802349664,18.615849538715867,28806.773312335594,20164.741318634915
,,greenfield,grassland,54.34609787265313,18.58884470867274,3386.5960245378997,2370.6172171765297
,,,wood,54.34642014516865,18.589016915040997,2874.4128599397554,2012.0890019578287
,,,wood,54.34703532958673,18.587317269950113,6108.44539859981,4275.911779019867
,,grass,,54.34341057607675,18.593179000662882,2761.877691768022,1933.3143842376153
,,grass,,54.34372508404887,18.59596694049761,9535.25649641493,6674.67954749045
,,,grassland,54.34455861237206,18.587497072968024,9310.551934926287,6517.3863544484
,,greenfield,grassland,54.342930993363765,18.588012343657176,4485.358960805226,3139.751272563658
,,,grassland,54.343795957449,18.58756932890121,3467.3769335630427,2427.16385349413
,,greenfield,grassland,54.343431267441844,18.587074752715232,2719.0498232192645,1903.334876253485
,,greenfield,grassland,54.343725584249825,18.586721955833045,5914.667819182255,4140.267473427578
,,,grassland,54.34326422508688,18.586711807042985,1480.4300735847203,1036.3010515093042
,,,grassland,54.34385600944552,18.588332144959086,8470.1084347449,5929.075904321429
,,grass,,54.346294893014466,18.583010021853582,472.384124112216,330.6688868785512
,,grass,,54.34633004371395,18.58335065950487,237.47668332628675,166.2336783284007
,,,wood,54.3465605102215,18.583810190742955,3285.197131410503,2299.637991987352
,,,grassland,54.34572218097439,18.58189158348485,2110.9217806726397,1477.6452464708477
,,,grassland,54.34781155380378,18.58165121971434,5727.81588612351,4009.4711202864564
,,grass,,54.34102993572583,18.600776342086597,327.5890281671459,229.3123197170021
,,,wood,54.34240117585895,18.599819730230404,8351.295708080468,5845.906995656327
,,,grassland,54.342040775571085,18.600983964612464,4013.6185289169407,2809.5329702418585
,,,grassland,54.34610752536657,18.601739233290346,914.6069215626633,640.2248450938642
,,,grassland,54.34605226434117,18.60249539678143,3399.4319422692906,2379.602359588503
,,,wood,54.34414119146382,18.60064137929221,33619.46213257216,23533.62349280051
,,,grassland,54.345330831226086,18.597962549439366,7357.313934420138,5150.119754094097
,,grass,,54.345566723279155,18.59587602637683,67.32664557736445,47.128651904155106
,,grass,,54.345631680066,18.596489023838714,275.1584492268843,192.61091445881897
,,,grassland,54.34517872942589,18.595870125375892,25970.263083231956,18179.184158262367
,,grass,,54.34500958947389,18.597193810771124,1070.517082507716,749.3619577554011
,,,grassland,54.34540794069585,18.594147645882266,909.9269905015401,636.948893351078
,,grass,,54.34230799450918,18.592376962541046,23138.486323379817,16196.94042636587
,,,grassland,54.350683707109326,18.59268092350138,18799.49638314991,13159.647468204937
,,grass,,54.34899728017368,18.590492580474837,2135.2902870845883,1494.7032009592117
,,,wood,54.34241104526486,18.59085271588454,33606.673530172375,23524.671471120662
,,,grassland,54.34295780446518,18.59174399281221,1340.1234159352953,938.0863911547066
,,grass,,54.3470207217849,18.669989438178025,3555.718692839888,2489.0030849879213
,,grass,,54.34722091524755,18.669636980141554,156.03265693861178,109.22285985702824
,,grass,,54.34761160120571,18.669945650050725,1131.172893846253,791.821025692377
,,grass,,54.34702514038516,18.672118254647362,216.8154749333409,151.7708324533386
,,grass,,54.34765379805129,18.669723767928417,269.36813870937,188.55769709655897
,,grass,,54.34803576668796,18.669963666666668,150.65586490376973,105.45910543263881
,,greenfield,wood,54.34635635580074,18.678047320273116,3105.2864278445013,2173.700499491151
,,,grassland,54.40483439340062,18.658047242804386,2261.033014231097,1582.7231099617677
,,,grassland,54.40354656698337,18.666371990629706,7011.518840470929,4908.06318832965
,,,grassland,54.40331520620406,18.665707284936545,549.7813068650447,384.8469148055313
,,,grassland,54.40300253477033,18.667311477193238,1191.2602823926109,833.8821976748276
,,,grassland,54.403502396221974,18.666610352877456,2894.408661304289,2026.0860629130023
,,,wood,54.40328806324226,18.666842413818657,11242.651303853874,7869.855912697712
,,,grassland,54.403095764034504,18.66800290057368,1352.3318321611673,946.632282512817
,,,wood,54.40394967103887,18.662962745163174,27289.339640702376,19102.53774849166
,,,wood,54.402848952480824,18.665654275179307,2004.38251684108,1403.067761788756
,,,wood,54.40316163116165,18.664937409127106,1973.9278826046689,1381.7495178232682
,,grass,,54.40329716489266,18.610822227988905,375.7759945068757,263.04319615481296
,,grass,,54.40296028724629,18.610739128462846,587.4307466179275,411.20152263254926
,,grass,,54.398321385746996,18.611808316071226,538.2930189070045,376.8051132349031
,,grass,,54.398098632450875,18.611576210990947,1951.803376010221,1366.2623632071545
,,grass,,54.39590790590015,18.61228797474438,866.565342193515,606.5957395354604
,,grass,,54.40169391794461,18.609801816170496,608.9428080710945,426.2599656497662
,,grass,,54.40648020785116,18.613108457261863,58.4040139560651,40.88280976924557
,,,grassland,54.3776282089067,18.601967520008312,605.1351570534807,423.5946099374365
,,,grassland,54.37814384285818,18.601826203882286,1028.5451785292926,719.9816249705048
,,grass,,54.41099714052907,18.594573949640292,169.83006605368251,118.88104623757775
,,grass,,54.3322272081278,18.59514091860145,195.35136342638725,136.74595439847107
,,grass,,54.33246888711689,18.595591796261818,657.1749907656697,460.02249353596875
,,grass,,54.332938395109096,18.595728569898508,548.574349134917,384.0020443944419
,,grass,,54.33322969818374,18.59507243709465,2271.5866730177204,1590.1106711124041
,,grass,,54.3346327723293,18.596155757463443,10239.195216180338,7167.436651326237
,,grass,,54.33284811257605,18.594808677821966,203.2286731740924,142.26007122186468
,,grass,,54.33274903501902,18.594165160125442,176.11712493531962,123.28198745472373
,,,grassland,54.34545537981553,18.710744096279846,14439.212786794986,10107.448950756489
,,,grassland,54.336490758897796,18.716335926897997,2683.833809231817,1878.683666462272
,,grass,,54.402606572053486,18.631191686912473,310.2057216279792,217.14400513958543
,,greenfield,grassland,54.34286707013649,18.56861331290725,4245.821495911321,2972.0750471379247
,,greenfield,grassland,54.343305660833515,18.568748774414743,1319.8239611888143,923.87677283217
,,grass,,54.33595962447844,18.584065690276358,13180.2780577738,9226.19464044166
,,,wood,54.33581165911969,18.579035750624946,36714.92172833621,25700.445209835343
,,,grassland,54.337213697062474,18.573442128034166,26595.60299795598,18616.922098569183
Skwer Profesora Jerzego Sampa,,grass,,54.32318337850051,18.631094730979058,7433.962749828193,5203.773924879735
,,,wood,54.38729097373981,18.454880916532158,2383.9574008024715,1668.77018056173
,,,wood,54.38670431161557,18.45449531439079,32541.97932321619,22779.38552625133
,,,wood,54.38558805713858,18.457081453461186,11056.136417337802,7739.295492136461
,,grass,,54.38624795077062,18.636298616476086,142.92684978986506,100.04879485290553
,,grass,,54.386022871324975,18.636433370119345,306.5685025388351,214.59795177718456
,,grass,,54.38584183623328,18.63616275026523,139.42174250234072,97.5952197516385
,,grass,,54.386039810471544,18.63622865451895,77.02079853530738,53.91455897471516
,,grass,,54.385919876645744,18.63601105963687,345.7305492859008,242.01138450013053
,,grass,,54.38555973453762,18.63575749107144,512.6049457219738,358.8234620053816
,,grass,,54.38565432491392,18.62954473585949,600.8691973228916,420.6084381260241
,,grass,,54.372660125440916,18.61363653194579,159.39889735282907,111.57922814698034
,,grass,,54.373306744192945,18.61409008151057,292.9703277825207,205.07922944776448
,,grass,,54.37127522217171,18.622751966462616,1109.2121978439575,776.4485384907701
,,grass,,54.37113017264676,18.62294807478309,2459.3825227005564,1721.5677658903894
,,grass,,54.37071380685658,18.62242833511412,9740.573001650317,6818.401101155221
,,grass,,54.34555574229637,18.658349637700166,84.18292137805767,58.928044964640364
,,grass,,54.345793451033536,18.657259637025543,436.2856900390143,305.39998302731
,,,grassland,54.347591134945134,18.641773549091955,7399.382875601532,5179.568012921072
,,grass,,54.396849289699816,18.634251716455736,562.8094835787005,393.9666385050903
,,grass,,54.37096593050556,18.614063556099904,1194.6750590633078,836.2725413443154
,,grass,,54.37213134685426,18.613481061978106,1597.9386752815049,1118.5570726970534
,,grass,,54.371952163161374,18.613342913752202,87.2317493543643,61.062224548055006
,,grass,,54.37347811739899,18.61440720077834,156.54197290883369,109.57938103618358
,,grass,,54.38971985213231,18.647056088053027,12659.625383501314,8861.73776845092
,,grass,,54.389965042822745,18.645823756632872,1046.9292893674308,732.8505025572015
,,grass,,54.39079527132272,18.64366711388212,16193.381236656604,11335.366865659622
,,grass,,54.39334935127556,18.641042690260743,3144.787871427276,2201.351509999093
,,grass,,54.39329858791456,18.64024648602155,396.19976213211936,277.33983349248354
,,grass,,54.3925768421921,18.639551295440885,912.5648602228748,638.7954021560123
,,grass,,54.392839957157584,18.63982174838978,948.4943078487147,663.9460154941003
,,grass,,54.391808317985124,18.642414279295384,6484.286427614907,4539.000499330435
,,grass,,54.39243775300216,18.63930033555279,39.791306541067044,27.85391457874693
,,grass,,54.39176970649354,18.640565590309404,13611.339774282429,9527.9378419977
,,grass,,54.39346159296313,18.640212692098366,10.375329667553311,7.262730767287318
,park,,,54.360158606187646,18.708601857319945,2111.1948230393214,2111.1948230393214
,,,grassland,54.35785246172745,18.711743743751153,1857.6928412325553,1300.3849888627888
,,,wood,54.36153482328123,18.712984503683344,2999.1040080543476,2099.3728056380432
,,grass,,54.35638688606745,18.681547673161607,97.35722519007817,68.15005763305471
,,grass,,54.35679144430157,18.683694897608063,45.61195032626114,31.928365228382795
,,grass,,54.41401652531385,18.565955525778932,47.66006757315462,33.362047301208236
,,grass,,54.41423706448508,18.566219336272187,504.3852098312212,353.0696468818548
,,grass,,54.41411169951965,18.566274460772206,237.32423136792076,166.12696195754452
,,grass,,54.4157531218827,18.572037500942603,798.7095501938563,559.0966851356994
,,grass,,54.41632889827166,18.572368488806305,52.628531503647196,36.83997205255304
,,grass,,54.41905918633973,18.580648843053226,1188.3367855599363,831.8357498919554
,,grass,,54.41906319280332,18.580855926490266,1856.5727809794867,1299.6009466856406
,,grass,,54.41828373177355,18.57840238662512,83.23411271343406,58.263878899403835
,,grass,,54.41816008048745,18.578164974781714,150.79510861668223,105.55657603167755
,,grass,,54.418107016876625,18.577890763228886,101.72067453681223,71.20447217576856
,,grass,,54.41957147815598,18.582655183207674,3387.159848232099,2371.0118937624693
,,grass,,54.41967614394595,18.58260691404191,975.634030779735,682.9438215458144
,,grass,,54.41725816454884,18.575782588709355,2017.0360958296155,1411.9252670807307
,,grass,,54.416947110176025,18.574670611792005,10497.337376619587,7348.136163633711
,,grass,,54.41660616722052,18.57310492819252,41.577778991730455,29.104445294211317
,,grass,,54.41642619872937,18.57330768178724,233.0927343442463,163.1649140409724
,,grass,,54.41619589135914,18.57342962989005,249.1752438318145,174.42267068227014
,,grass,,54.415951322672264,18.573027086751672,262.5271729668193,183.7690210767735
,,grass,,54.4160814022576,18.573060546132574,140.97613345833182,98.68329342083227
,,grass,,54.416500656943654,18.572811415697096,178.42906408934522,124.90034486254164
,,grass,,54.41640151231614,18.57252954416552,8.137264609837679,5.696085226886375
,,grass,,54.41647823285202,18.572525569078984,10.855632040400526,7.598942428280368
,,grass,,54.416713651536966,18.572625953562675,641.7752192919801,449.242653504386
,,,wood,54.360960751514256,18.72723125333399,13673.594555741574,9571.516189019101
,,,wood,54.36081724655489,18.724079646769365,31842.745504349972,22289.92185304498
,,,wood,54.36096537422645,18.721261931669602,6788.4349487911795,4751.904464153826
,,,wood,54.361414153259766,18.71999337905278,11604.274874064828,8122.992411845379
,,,grassland,54.36037385635108,18.73337596432518,2730.8263806000214,1911.5784664200148
,,,grassland,54.360214710177864,18.735737130045603,3490.1751407960005,2443.1225985572
,,,grassland,54.360362407995076,18.738301550026794,4229.54015695564,2960.6781098689476
,,,grassland,54.360730471139405,18.739178310683606,4778.620217909191,3345.0341525364333
,,,wood,54.35984295083905,18.741044273344436,2414.011087638589,1689.807761347012
,,,grassland,54.36000599648211,18.74179154363981,15406.94659239875,10784.862614679125
,,,wood,54.359322191158725,18.720483687683906,8469.236461498807,5928.465523049164
,,,grassland,54.359788625633975,18.73332179082122,10347.508041119201,7243.25562878344
,,,wood,54.359721595737525,18.734426292409083,8571.779226443768,6000.245458510638
,,,grassland,54.359204441379696,18.73413407490366,81403.02690313394,56982.11883219376
,,,grassland,54.35600282031701,18.738686143445552,7300.697220358481,5110.488054250936
,,,grassland,54.35750563988191,18.743826700732086,167919.57858142094,117543.70500699464
,,,grassland,54.35744303319843,18.746701578834266,2394.328864796596,1676.0302053576172
,,grass,,54.358581006877785,18.747035930177894,6419.45415833818,4493.617910836725
,,,grassland,54.35950099903423,18.740888759532133,3020.6890648109616,2114.482345367673
,,,grassland,54.357387359014695,18.715669081773132,46364.73953036429,32455.317671255
,,,grassland,54.35834064739131,18.716137418756304,25189.333450865437,17632.533415605805
,,,grassland,54.358252843831515,18.7205815828521,377.1927745267468,264.03494216872275
,,,grassland,54.3575892753218,18.720162489414108,1672.6725476567192,1170.8707833597034
,,,wood,54.3594331069177,18.717591106610687,2840.133208936536,1988.093246255575
,,,grassland,54.35946964363097,18.717089541019856,1611.9015271210083,1128.3310689847058
,,grass,,54.40732468659995,18.61452029839046,370.57650319282646,259.4035522349785
,,grass,,54.40765052709522,18.613235030594087,3154.485531202902,2208.1398718420314
,,grass,,54.40858991289666,18.609589164005744,191.36579271111822,133.95605489778274
,,grass,,54.40876959647824,18.609155306290614,421.8238020374749,295.2766614262324
,,grass,,54.40849766240068,18.609548267248535,188.23071604274662,131.76150122992263
,,grass,,54.39297839397946,18.60153543153262,58.005301652156135,40.60371115650929
,,,grassland,54.385943768390966,18.60156641342235,1868.0808716432502,1307.6566101502751
,,,wood,54.35751353875549,18.627997428181114,15881.166205489744,11116.81634384282
,,grass,,54.35548147435083,18.57102072200597,9768.522072533142,6837.965450773199
,,,wood,54.35683085027654,18.570745089517438,1740.021265317038,1218.0148857219265
,,,grassland,54.3565466633239,18.570965174179836,12289.825747492343,8602.878023244639
,,,wood,54.35616388906236,18.571735047843354,10519.274112310322,7363.491878617225
,,,wood,54.35522481381515,18.572435775792002,5120.868847097851,3584.6081929684956
,,grass,,54.35593496753964,18.577900800582402,372.56366172484513,260.7945632073916
,,,grassland,54.39235238725835,18.614895407239178,15817.746546260596,11072.422582382416
,,grass,,54.39928473096753,18.570453552749626,404.5335045793746,283.1734532055622
,,grass,,54.39911921508619,18.570629636807443,142.6874034994422,99.88118244960954
,,grass,,54.398559609759715,18.571253913052182,1234.4380618792802,864.1066433154961
,,grass,,54.39892363742438,18.570882747698647,232.66299046270444,162.8640933238931
,,grass,,54.37882066852695,18.59735497619551,156.90992125990255,109.83694488193177
,,,grassland,54.394814819232224,18.642761913090975,2028.215356057558,1419.7507492402906
,,grass,,54.37410243042602,18.508671113358425,1210.0547257037183,847.0383079926028
,,grass,,54.37416570464216,18.50762795524346,2957.56504584025,2070.295532088175
,,grass,,54.37494453131345,18.509450492385824,16008.419823120455,11205.893876184318
,,grass,,54.37414001746971,18.508243393496038,270.30036281409326,189.21025396986528
,,grass,,54.37409724011065,18.507536039975268,728.309622592893,509.8167358150251
,,grass,,54.3752750383611,18.50837643716257,5513.069233429497,3859.148463400648
,,grass,,54.37553199904575,18.509368115756917,214.9503888395036,150.46527218765252
,,grass,,54.37469261587952,18.507718204543067,151.56971477315892,106.09880034121124
,,grass,,54.37485723617935,18.507851865298534,207.0130560371445,144.90913922600114
,,grass,,54.37477642001677,18.508093877507434,457.1130934026641,319.97916538186485
,,grass,,54.37443160557568,18.50848758269155,1127.0347738240857,788.92434167686
,,grass,,54.37476382036223,18.508394712589123,55.038461253682826,38.526922877577974
,,grass,,54.37461808599953,18.50823166281026,450.86185532428135,315.6032987269969
,,grass,,54.37499874461542,18.508090834595368,195.56357871622103,136.89450510135472
,,,grassland,54.306627900829234,18.602840949626216,15878.690475718557,11115.08333300299
,,,wood,54.36088283898396,18.633462104976125,394604.7313341534,276223.31193390733
,,grass,,54.37915803042531,18.593609669394507,274.76761165026085,192.33732815518258
,,grass,,54.378637311946626,18.59860706088256,173.16637815489358,121.21646470842549
,,grass,,54.37860270587749,18.598890661537276,131.115576232869,91.78090336300829
,,,grassland,54.37177435505996,18.680104950669637,14440.99186052785,10108.694302369495
,,,wood,54.31136485769477,18.588143958720117,17220.365836288074,12054.256085401652
,,,grassland,54.31319526203039,18.58671284216126,37864.46504563332,26505.125531943322
,,,grassland,54.326873013852925,18.554036012282662,8522.297308802985,5965.608116162089
,,greenfield,grassland,54.32780102757784,18.55306409411598,2999.5498815454926,2099.6849170818446
,,,grassland,54.32596568077909,18.558655181349053,28525.975905589436,19968.183133912604
,,,grassland,54.32683422064457,18.552350968206333,852.7509590799865,596.9256713559905
,,,grassland,54.32669754794725,18.55083342341311,1337.472924397351,936.2310470781457
,,,grassland,54.32630002554154,18.550554640975307,822.1322672020357,575.4925870414249
,,grass,,54.382494619496974,18.59803511679144,369.0816378151388,258.3571464705971
,,grass,,54.38205790001732,18.597736099999995,141.8188033955134,99.27316237685939
,,grass,,54.38208884062731,18.597400587203175,1122.5670385719284,785.7969270003498
,,grass,,54.38504529151888,18.601402750279327,10580.895855722254,7406.627099005577
,,grass,,54.385507347060525,18.602075487381203,168.94181221343456,118.25926854940418
,,grass,,54.385625846007805,18.602166710614345,654.9025828548772,458.431807998414
,,grass,,54.386074818203184,18.60249580784567,4187.140681887398,2930.9984773211786
,,grass,,54.3869910429369,18.60341424558551,1746.6624447649824,1222.6637113354875
,,grass,,54.38026352684844,18.590765099510524,4754.001354228863,3327.800947960204
,garden,,,54.379661782741785,18.589417677573877,782.1109511467826,625.6887609174261
,,grass,,54.40475600028447,18.597300745365843,35.10219453011994,24.571536171083956
,,grass,,54.40473011860699,18.597165058556456,37.32888900133889,26.13022230093722
,,grass,,54.40470773706577,18.596901360934282,773.2043435105735,541.2430404574014
,,grass,,54.404589208313986,18.59624357392405,1160.2316970086738,812.1621879060716
,,grass,,54.4044449393401,18.595488159325704,993.7155531436371,695.6008872005459
,,grass,,54.404329799964735,18.594877797489797,755.9505503912154,529.1653852738508
,,grass,,54.40421470854425,18.59438612699874,872.1639087722474,610.5147361405732
,,grass,,54.40411922436157,18.593961197090717,92.11537666171427,64.48076366319998
,,grass,,54.40409515510778,18.59367859854986,494.2556266346907,345.97893864428346
,,grass,,54.40390814154038,18.592954723273785,1545.2005074087583,1081.6403551861308
,,grass,,54.403679831453125,18.5924756149702,467.37468349961165,327.16227844972815
,,grass,,54.40359976497609,18.59225959138266,626.6172071368456,438.63204499579194
,,grass,,54.40389134023304,18.592617505652374,1013.8867743594922,709.7207420516445
,,grass,,54.404241232390966,18.592665525562722,801.8237260171466,561.2766082120025
,,grass,,54.40435627223931,18.59382701814867,213.5361782303643,149.475324761255
,,grass,,54.4041946129612,18.59412220777737,47.7705255849239,33.43936790944673
,,grass,,54.40424012719764,18.59399093739074,126.348759910235,88.4441319371645
,,grass,,54.4044219358975,18.594204248441006,132.69521032821098,92.88664722974768
,,grass,,54.404296638544174,18.59426787636511,132.65712281436333,92.85998597005432
,,grass,,54.40464335562276,18.595337341023967,231.78813836399553,162.25169685479685
,,grass,,54.40444141563835,18.595034109461828,211.16063655989365,147.81244559192555
,,grass,,54.40479429744546,18.596103690059856,298.6617054936878,209.06319384558145
,,grass,,54.40455365000096,18.595648250000373,12.630086572120167,8.841060600484116
,,grass,,54.404647950000964,18.596144450000374,12.63011561366246,8.841080929563722
,,grass,,54.404626450000954,18.596029750000373,12.630108990673047,8.841076293471133
,,grass,,54.40460525000096,18.595914550000376,12.630102458773962,8.841071721141773
,,grass,,54.4047173427627,18.596503313964032,270.01466795115374,189.0102675658076
,,grass,,54.40481027791952,18.597015774105337,19.51699408117647,13.661895856823529
,,grass,,54.40495949095591,18.596956475578747,241.23458913464458,168.86421239425118
,,grass,,54.40504589654726,18.597447536495785,118.44136895294513,82.90895826706158
,,grass,,54.40487703732278,18.597305949591185,43.541079157582224,30.478755410307556
,,grass,,54.40492748333615,18.597564602816366,168.98024505766062,118.28617154036243
,,grass,,54.40518168430891,18.598158461081294,117.37002063534993,82.15901444474494
,,grass,,54.40508362374735,18.59838285337685,286.2429229242332,200.37004604696324
,,grass,,54.40523067287637,18.598383454073904,9.623989330420018,6.736792531294013
,,grass,,54.40525282019818,18.59849463777262,8.354023673977167,5.8478165717840165
,,grass,,54.40527075000071,18.598583500000203,8.439721127431588,5.907804789202111
,,grass,,54.40530824281932,18.598816050670735,42.72941418190136,29.91058992733095
,,grass,,54.40556971000935,18.599254750034955,80.81015771933248,56.56711040353273
,,grass,,54.40520438354558,18.59905423258245,12.343186609010433,8.640230626307302
,,grass,,54.40536025000084,18.599866650000244,10.137651370757359,7.09635595953015
,,grass,,54.40539090364747,18.600024469848734,9.528326368168925,6.669828457718247
,,grass,,54.40541824679502,18.60016996858003,9.68928861356211,6.782502029493477
,,grass,,54.40547680346232,18.600477170370706,10.046131072144155,7.0322917505009075
,,grass,,54.40580509768619,18.602191680005003,14.550463821712752,10.185324675198926
,,grass,,54.40610310000059,18.602959050000162,6.8762948818560865,4.8134064172992606
,,grass,,54.406058802950206,18.602723669917335,9.668149152658206,6.7677044068607435
,,grass,,54.406035169728845,18.60261373345295,17.528806324396005,12.270164427077203
,,grass,,54.40594600000111,18.60212630000064,15.908011046900215,11.13560773283015
,,grass,,54.40590500000109,18.601911450000625,16.348287093845993,11.443800965692194
,,grass,,54.40585767253946,18.601663602156883,12.792084492032515,8.95445914442276
,,grass,,54.40583630316091,18.601553181488892,14.557075063065188,10.189952544145632
,,grass,,54.405159235863,18.598780984573985,121.90488555687574,85.33341988981302
,,grass,,54.406525839008125,18.60506416809736,416.7598780280872,291.73191461966104
,,grass,,54.4064227079095,18.605175134591235,324.44185668151545,227.1092996770608
,,grass,,54.4062125940594,18.60357839349717,514.7192576063705,360.3034803244594
,,grass,,54.40613018572404,18.603122285755962,54.85454825714607,38.39818378000225
,,grass,,54.40526050213915,18.59929945281016,103.78857317558908,72.65200122291235
,,grass,,54.405307756541255,18.599554998630285,145.45443433366054,101.81810403356238
,,grass,,54.40544040899217,18.599532178800533,202.0312462751723,141.4218723926206
,,grass,,54.405585425783705,18.600248056871713,238.8375244368683,167.18626710580781
,,grass,,54.405673416508876,18.60067306647882,18.27722963623893,12.794060745367249
,,grass,,54.405372541035014,18.60233631846163,1504.341604083998,1053.0391228587985
,,grass,,54.40576987812456,18.60121755422809,244.84492257842456,171.3914458048972
,,grass,,54.40558496607065,18.602364806997986,292.0970562849524,204.46793939946664
,,grass,,54.40550231973568,18.60193241496215,336.78064701573805,235.74645291101663
,,grass,,54.405924246596726,18.60278614574304,239.5495460830033,167.6846822581023
,,grass,,54.40585859848072,18.60285497538955,146.52687016021852,102.56880911215296
,,grass,,54.40586517834599,18.602466876423065,102.86257424752435,72.00380197326704
,,grass,,54.40572990905047,18.601769743008756,113.40800590843469,79.38560413590427
,,grass,,54.35027497696428,18.58394467274595,93.66847771486741,65.56793440040718
,,grass,,54.35005121396329,18.58309713382566,110.83237688618665,77.58266382033065
,,grass,,54.349996473571856,18.58286630381517,57.49779731666533,40.24845812166573
,,grass,,54.34996861747757,18.582754289945626,26.641152226541266,18.648806558578883
,,grass,,54.34971860514917,18.58197292610536,464.75027820152326,325.32519474106624
,,grass,,54.349463022804805,18.58170852519685,372.9911238976361,261.09378672834526
,,grass,,54.35001452936277,18.583794353136636,805.7808651722593,564.0466056205814
,,grass,,54.34986996034318,18.582648348861674,49.822053157455095,34.875437210218564
,,grass,,54.349803670231196,18.58250525896183,188.86680992921782,132.20676695045248
,,grass,,54.34969327402145,18.583286286639165,55.34166222794895,38.73916355956426
,,grass,,54.34966471277812,18.58317383228204,56.1251134050877,39.287579383561386
,,grass,,54.35008529845625,18.5835010554206,88.38683108680422,61.87078176076295
,,grass,,54.35004512782688,18.583334000526808,63.07078686056698,44.14955080239689
,,grass,,54.349769806988824,18.583753430616138,1015.6143678881451,710.9300575217015
,,grass,,54.34971889641418,18.583527776949307,176.2260530747679,123.35823715233751
,,grass,,54.349841685778394,18.58343681520884,175.18603247113273,122.6302227297929
,,grass,,54.34952439210693,18.582323153722044,1382.4507988732273,967.715559211259
,,grass,,54.34943750005454,18.583025171601356,122.10747482957908,85.47523238070535
,,grass,,54.34957848298462,18.582978114220243,159.05769209124617,111.34038446387231
,,grass,,54.34970075148032,18.582887926233543,165.75981514705657,116.03187060293959
,,grass,,54.3495554232518,18.582676233055675,803.6899829033124,562.5829880323187
,,grass,,54.34976349362396,18.582337968076075,154.77907712048477,108.34535398433934
,,grass,,54.34964754329119,18.58206734697876,475.903624284019,333.13253699881324
,,grass,,54.34953918992163,18.583228848511805,4763.082766591117,3334.157936613782
,,grass,,54.35035102451049,18.581913215437254,94.6578870635735,66.26052094450145
,,grass,,54.350136660827914,18.581886399360506,23.388309863258176,16.37181690428072
,,grass,,54.35001338871343,18.58197761881755,55.96867869879474,39.178075089156316
,,grass,,54.35060984597876,18.584811846478917,691.2784663388611,483.89492643720274
,,grass,,54.35066985657381,18.584820991883266,1661.1508378781573,1162.80558651471
,,grass,,54.3497104962222,18.581626203661475,1932.987383671172,1353.0911685698204
,,grass,,54.35035609463888,18.583834434062236,122.95589168858716,86.06912418201101
,,grass,,54.350154306961315,18.583026671618057,69.67179589706225,48.77025712794357
,,grass,,54.350056012429334,18.582653863520033,74.47625616248209,52.13337931373746
,,grass,,54.35009202743393,18.582791897598785,56.342461292794965,39.439722904956476
,,grass,,54.350157544206446,18.582774722180403,63.99521217033916,44.79664851923741
,,grass,,54.35013008293903,18.58271713989578,18.11559119295743,12.680913835070202
,,grass,,54.35010903333594,18.582656033333333,17.67174384281779,12.370220689972452
,,grass,,54.350408854123934,18.583239210020473,22.163670735541572,15.5145695148791
,,grass,,54.35050279320191,18.5832417312405,72.6377952382814,50.846456666796975
,,grass,,54.35048500449451,18.583574238460187,990.4831918925709,693.3382343247996
,,grass,,54.35058019251871,18.582601457608785,1728.4014163924485,1209.880991474714
,,grass,,54.35011372773976,18.582213292718553,165.53224435984367,115.87257105189056
,,grass,,54.35030931904397,18.58207327563885,760.5645700469813,532.3951990328869
,,grass,,54.350422788353846,18.58234537079856,196.37865488202607,137.46505841741825
,,grass,,54.350553907144466,18.58217329557673,319.96312379250816,223.9741866547557
,,grass,,54.350677878385234,18.582366829339726,57.2959112285314,40.10713785997198
,,grass,,54.350897586830555,18.582841786135294,61.51400241708383,43.059801691958675
,,grass,,54.35089233615941,18.583256394858445,81.99236411275987,57.39465487893191
,,grass,,54.351158046412394,18.58327967762228,154.6531130806695,108.25717915646864
,,grass,,54.35097372147105,18.582908784546877,8732.644796122093,6112.8513572854645
,,grass,,54.3511269642457,18.583059285627908,107.4691356684356,75.22839496790492
,,grass,,54.351023384423435,18.58305119762351,67.06938374886207,46.948568624203446
,,grass,,54.350747326296194,18.583041762618265,66.85779994485357,46.80045996139749
,,grass,,54.35066588791987,18.583038257649612,63.06206678567201,44.1434467499704
,,grass,,54.35043523758387,18.583030775610645,62.49008456442527,43.743059195097686
,,grass,,54.35029480844373,18.58244335423647,195.5139536377299,136.85976754641092
,,grass,,54.35033588711067,18.58267445259439,527.7770372193477,369.44392605354335
,,grass,,54.350226752221936,18.582664266796456,130.91372403097424,91.63960682168197
,,grass,,54.35032734050616,18.58297688319961,447.9116706633917,313.53816946437416
,,grass,,54.35030535196947,18.58337825326024,84.65083836918302,59.25558685842811
,,grass,,54.35027733530957,18.583234168556835,130.39167714600447,91.27417400220313
,,grass,,54.35021175227269,18.5829348960223,127.53096506904909,89.27167554833436
,,grass,,54.35170126854329,18.587915524984925,37.27953919971463,26.095677439800237
,,grass,,54.35162913807479,18.587717043359152,35.223807651651384,24.65666535615597
,,grass,,54.351803659255424,18.58758151248288,62.607742373164804,43.82541966121536
,,grass,,54.352049386746884,18.586900103547787,236.88493851772495,165.81945696240746
,,grass,,54.3517078968687,18.587518460739627,640.4803928384441,448.33627498691084
,,grass,,54.35212105431011,18.586984131442804,75.78372867402585,53.048610071818096
,,grass,,54.35206071723845,18.58577016846887,323.9400172405632,226.7580120683942
,,grass,,54.35250438818481,18.585736363322916,157.19061058526205,110.03342740968343
,,,grassland,54.346347790333695,18.581672990491754,858.7354509769737,601.1148156838815
,,,grassland,54.346286200844155,18.58171638763593,1310.2569313483154,917.1798519438207
,,,grassland,54.3463023877808,18.582424444638463,169.92426381404303,118.94698466983012
,,grass,,54.34677398975573,18.582352651871993,199.70262954696943,139.7918406828786
,,grass,,54.346936615073695,18.581435157647256,1351.730934615698,946.2116542309885
,,grass,,54.34697822097206,18.582148643762057,241.17107191012235,168.81975033708562
,,grass,,54.34700019918131,18.581900862185613,1889.7484927364128,1322.823944915489
,,grass,,54.34687096436354,18.58146432845462,3169.631271236441,2218.7418898655087
,,grass,,54.34654218404456,18.581994413611575,232.55176450228964,162.78623515160274
,,grass,,54.34653231471859,18.582465704251273,751.0956474880802,525.7669532416561
,,,wood,54.348406469264496,18.58052224656713,5389.269472582031,3772.4886308074215
,,,grassland,54.34881847425989,18.58158572853176,3639.256477670815,2547.4795343695705
,,,grassland,54.34694357692122,18.580059240537324,30517.465817786113,21362.226072450278
,,,grassland,54.41061510462714,18.57121279421148,579.4290213037331,405.6003149126131
,,grass,,54.41164868002018,18.570246290926203,665.2982959563604,465.70880716945226
,,,grassland,54.41154694512106,18.57007778679486,1507.7265408594412,1055.4085786016087
,,,grassland,54.411486471379476,18.570409736449637,449.5653820196617,314.6957674137632
,,,wood,54.41165343599186,18.570721908893958,976.5859566764437,683.6101696735105
,,,grassland,54.41143088285223,18.570849224987104,2996.9274162153397,2097.849191350738
,,,grassland,54.33639657066739,18.55719065533232,2067.482089420014,1447.2374625940097
,,,wood,54.33718926574169,18.55468636455413,49221.750626492656,34455.225438544854
,,,wood,54.336384189188195,18.55310519187786,12999.574801365661,9099.702360955962
,,,wood,54.33761177680492,18.55018908424819,117301.2753712463,82110.89275987241
,,grass,,54.37680290268183,18.508001012944305,371.2682667362283,259.8877867153598
,,grass,,54.37686964405936,18.508296393954137,1541.3746317173877,1078.9622422021714
,,grass,,54.377079095557455,18.507968419457825,79.69027481598745,55.78319237119121
,,grass,,54.37691033871831,18.50800616365144,696.189372097723,487.33256046840603
,,grass,,54.376411161506134,18.508750292491403,109.5408372417434,76.67858606922037
,,grass,,54.34860642575953,18.66468712195132,3690.7322009645395,2583.5125406751777
,,,grassland,54.350762125404785,18.663684267694713,2661.2917127137835,1862.9041988996482
,,grass,,54.37649423347902,18.511539737728388,4281.1961977782275,2996.837338444759
,,grass,,54.37660241843526,18.508262251880403,53.31941817481556,37.32359272237089
,,grass,,54.3760507534609,18.51191108704618,293.1792369256745,205.22546584797215
,,grass,,54.37613944644409,18.515847202216527,411.6145473366299,288.13018313564095
,,grass,,54.376302842735235,18.517560107148064,1168.6360614088437,818.0452429861906
,,grass,,54.376139453703466,18.524499362949836,830.0074027482591,581.0051819237814
,,grass,,54.376085396833915,18.522806794772187,76.34962813283562,53.44473969298493
,,grass,,54.37609091583244,18.522438906043092,37.08073739751865,25.95651617826305
,,grass,,54.37447850603974,18.567073333396333,180.9040946520858,126.63286625646005
,,grass,,54.37436365339434,18.5684504652234,177.31391047783566,124.11973733448495
,,grass,,54.37396193908461,18.567250430889693,444.7885537548086,311.35198762836603
,,grass,,54.37396061224865,18.567952614246252,299.3608127114808,209.55256889803653
,,grass,,54.37428325874128,18.567878650258482,340.18942571832923,238.13259800283043
,,grass,,54.37425296452074,18.567216385141368,212.77312362812478,148.94118653968732
,,grass,,54.42729772684893,18.482205257678263,1693.1567602961768,1185.2097322073237
,,grass,,54.35012597664063,18.654234196463833,1767.010125935661,1236.9070881549626
,,grass,,54.35016385249001,18.653927156637504,1054.623579814681,738.2365058702767
,,greenfield,grassland,54.388830911163275,18.483195127896153,3928.5951520054386,2750.0166064038067
,,,grassland,54.384741399530895,18.472262776962797,14424.889550432898,10097.422685303027
,,greenfield,grassland,54.3893300550833,18.48542174352062,6995.163739656669,4896.614617759668
,,,wood,54.305457029463426,18.611864137060728,18416.81390948401,12891.769736638807
,,,grassland,54.306906119024724,18.607496243665825,4241.318720465424,2968.923104325797
,,,wood,54.306794426605386,18.608895798918166,437.6466507946458,306.35265555625205
,,,wood,54.306597586297336,18.609662587567545,5308.223946711772,3715.7567626982404
,,,grassland,54.30382939230437,18.60554305315295,8991.517360758917,6294.062152531242
,,,grassland,54.30971950577599,18.602154582058564,5825.4335077922715,4077.8034554545898
,,,wood,54.305814396125996,18.589633433693137,5842.48992472322,4089.7429473062534
,,,grassland,54.34662380684919,18.529259849807097,2061.7182719347907,1443.2027903543533
,,,wood,54.35528241543734,18.60303606390591,11003.594033869344,7702.51582370854
,,grass,,54.33421886240408,18.560000206539602,119.66996947051895,83.76897862936326
,,grass,,54.33480860002762,18.56050576666667,49.97725233304682,34.98407663313277
,,grass,,54.33483250633007,18.560096937600896,1732.6633668612324,1212.8643568028626
,,greenfield,grassland,54.33775767977514,18.558792859927127,3217.001277079189,2251.9008939554324
,,greenfield,grassland,54.337286410461935,18.562550700728476,2386.5838368402215,1670.6086857881548
,garden,,,54.337485242076205,18.563969209019923,6512.4272446027135,5209.941795682171
,,,grassland,54.33699977299215,18.561971231027783,2511.8065889031573,1758.26461223221
,,,grassland,54.336146052030855,18.559103773608967,15909.938702431189,11136.957091701832
,,grass,,54.33518154231771,18.562398965608132,6481.339810867644,4536.93786760735
,,,wood,54.335598547007784,18.56177493876227,4342.7127805446435,3039.8989463812504
,,,grassland,54.33520149860716,18.560760595513585,3349.605015842861,2344.723511090003
,,grass,,54.33561278421397,18.56077659726694,3229.359838108486,2260.5518866759403
,,,wood,54.33500684584679,18.56230896630283,948.4749790796824,663.9324853557777
,,grass,,54.33446658087039,18.562762325634406,30149.287557539137,21104.501290277396
,,,grassland,54.33415738820593,18.560373316124497,3131.985878238059,2192.390114766641
,,,wood,54.33432758295576,18.562087982597646,5877.092499406203,4113.964749584342
,,,wood,54.334447504152266,18.56141604469993,2962.1964354231254,2073.5375047961875
,,,wood,54.334013066662706,18.560171225677784,480.0841258545063,336.0588880981544
,,,grassland,54.33393920884117,18.561849166123206,6034.08929137678,4223.862503963746
,,,wood,54.33412284769164,18.556406138535507,18111.26630643848,12677.886414506935
,,,grassland,54.33397104782722,18.555590146347658,56776.14189937029,39743.2993295592
,,greenfield,grassland,54.334695899297145,18.559085184594796,2568.9650704240667,1798.2755492968465
,,,grassland,54.33148023334182,18.562777766666663,91.58702175166972,64.1109152261688
,,,grassland,54.330982400001126,18.559027399999998,24.234825630269548,16.964377941188683
,,grass,,54.33354117006386,18.55820590377825,664.1655485561564,464.91588398930946
,,,wood,54.33364092414206,18.55790820182375,1772.0306270680655,1240.4214389476458
,,greenfield,grassland,54.31912845083608,18.595184482774442,4652.809968237169,3256.9669777660183
,,grass,,54.312407334826425,18.585131379348987,1821.844908745601,1275.2914361219207
,,greenfield,grassland,54.31463777935077,18.581443102291566,2220.805424498486,1554.56379714894
,,grass,,54.31581936058082,18.589674620441304,2441.5812229905323,1709.1068560933725
,,,grassland,54.31404218490689,18.590421723119718,3121.4215538615504,2184.995087703085
,,greenfield,grassland,54.31355621498205,18.593131879844034,11717.063048794245,8201.94413415597
,,,grassland,54.31404722137693,18.593889542340005,16963.465076010172,11874.42555320712
,,,grassland,54.32033052801411,18.603348753372806,55564.470623080844,38895.12943615659
,,,grassland,54.319346210099646,18.600678208549372,246787.27121015446,172751.08984710812
,,grass,,54.318920800332336,18.599458799017633,1912.1574298253172,1338.510200877722
,,,grassland,54.31863418470506,18.598506839323385,12605.857510252701,8824.10025717689
,,greenfield,grassland,54.31710209321595,18.599319318802266,9121.91040795083,6385.337285565581
,,,grassland,54.31917250033165,18.596340550076174,3337.16599688307,2336.0161978181486
,,greenfield,grassland,54.31790653558683,18.59388103408315,3071.582217138006,2150.107551996604
,,,grassland,54.31675607859835,18.592121476490075,8737.617376697612,6116.3321636883275
,,grass,,54.317868103646866,18.5914886050444,1075.4550101965672,752.818507137597
,,,grassland,54.31702921949174,18.5862703630316,11507.645727038203,8055.352008926742
,,,wood,54.3174606445246,18.586774901969843,1567.4301698739514,1097.201118911766
,,,wood,54.317411498404404,18.58631467769993,1963.8711089218698,1374.7097762453088
,,,wood,54.3169226690763,18.586043280685942,10209.200339247587,7146.440237473311
,,,wood,54.317099040384534,18.586853184354275,4419.494810107351,3093.646367075146
,,,wood,54.31665670501747,18.587093667914917,8070.813866697549,5649.569706688284
,,,grassland,54.32130064258702,18.596495368049162,729.7496051467915,510.82472360275403
,,,wood,54.319687405157545,18.59011552888531,1700.2322948272092,1190.1626063790463
,,,grassland,54.319066580600776,18.58631312247569,35765.88586612528,25036.120106287697
,,,grassland,54.32056638835285,18.58627359602985,13087.540948640795,9161.278664048556
,,,grassland,54.330457421353515,18.579029148349196,1503.551190129825,1052.4858330908776
,,,grassland,54.35312657701769,18.484405972241984,19047.647402001854,13333.353181401297
,,,grassland,54.353097585731504,18.482853902391636,9631.255343506044,6741.87874045423
,,,grassland,54.34394942931985,18.481773392144497,20261.983299958487,14183.38830997094
,,grass,,54.37782123334048,18.607210566666666,50.46232762783848,35.32362933948693
,,grass,,54.377517411660875,18.6053050459054,184.41014568736804,129.08710198115762
,,greenfield,grassland,54.324407756876916,18.59993135836429,4764.904802463141,3335.4333617241987
,,,wood,54.336957923162096,18.58177429955548,4674.368480134403,3272.0579360940824
,,greenfield,grassland,54.336980850569574,18.57583536238525,2529.2622916666364,1770.4836041666454
,,,grassland,54.33710451638098,18.576239882243822,422.57305282914393,295.8011369804007
,,,grassland,54.336588725293424,18.574859086363176,2143.736286469864,1500.6154005289047
,,,grassland,54.337498356202794,18.57485678717203,7122.6060042565305,4985.824202979571
,,,wood,54.33673829513589,18.5731931731079,3303.8432519108737,2312.6902763376115
,,,grassland,54.3364626084556,18.573758538392937,3499.9322601216577,2449.9525820851604
,garden,,,54.34186673040228,18.578998367813146,1801.9160038986106,1441.5328031188885
,,greenfield,grassland,54.34357834573573,18.578243112655574,2459.9650902196568,1721.9755631537596
,,,grassland,54.34181064360932,18.58170878657529,94025.28749007474,65817.70124305232
,,,grassland,54.33658005425364,18.59290604159823,13210.701599876715,9247.4911199137
,,,grassland,54.333885516235924,18.586435432672104,19433.84544567115,13603.691811969806
,,,grassland,54.33500563737012,18.593859097337113,7323.743588382433,5126.620511867703
,,greenfield,grassland,54.33590663007808,18.590607235792756,3324.0144397256263,2326.810107807938
,,,grassland,54.336451389453345,18.586658517237197,31283.649594591872,21898.55471621431
,,,grassland,54.33804291401776,18.587993790747394,947.114426155226,662.9800983086582
,,,wood,54.33783789557927,18.587921073901303,6939.141729172014,4857.399210420409
,,,wood,54.33713507611443,18.591538281022316,15215.597179828283,10650.918025879797
,,,grassland,54.337329183996545,18.593283045927695,22306.296906836695,15614.407834785685
,,,grassland,54.339726523459184,18.585229022560952,5116.9360195493355,3581.8552136845346
,,,wood,54.33966234028401,18.5800493424018,7205.1478183009185,5043.603472810642
,,grass,,54.396070520587934,18.60394399577904,119.05896060754029,83.34127242527819
Lasek Buloński,park,,wood,54.35436305623363,18.58303840285812,33256.3030284905,33256.3030284905
,,,grassland,54.30122636854736,18.601813061352164,1100.9903658577973,770.693256100458
,,,grassland,54.30248702542926,18.599434799902188,3410.3446732403854,2387.2412712682694
,,grass,,54.38263078569617,18.59275436639009,2235.465950432219,1564.8261653025531
,,grass,,54.3821228358919,18.59655348677735,809.7459488191314,566.8221641733919
,,grass,,54.38233389880446,18.596653912276288,1434.777695830627,1004.3443870814388
,,grass,,54.38244075712631,18.597100288618186,1159.0497629467438,811.3348340627207
,,grass,,54.383085416261096,18.59609100529828,3226.132714729388,2258.2929003105714
,,grass,,54.382865219478745,18.59653076712213,3901.763206337938,2731.2342444365563
,,grass,,54.383391911390426,18.595824804182204,11008.683781982534,7706.078647387773
,,grass,,54.38285732604091,18.595369301037515,9620.218189447045,6734.152732612931
,,grass,,54.38267512196667,18.594771836905345,2591.753994656737,1814.227796259716
,,,grassland,54.344515258700355,18.556383381268496,3292.282411629769,2304.597688140838
,,,grassland,54.34392897017661,18.55583313383827,2969.9558116662074,2078.969068166345
,,,grassland,54.34380560072035,18.556986410093266,1344.6452338139904,941.2516636697933
,,,wood,54.34344362070601,18.556252930249745,4601.709099647119,3221.196369752983
,,greenfield,grassland,54.34359135710944,18.558580373105507,3939.3931386151453,2757.5751970306014
,,,grassland,54.3454468581563,18.554733315555964,9671.476814581332,6770.033770206932
,,,grassland,54.33822864751402,18.637221236692422,394.3055227566373,276.0138659296461
,,,grassland,54.33828621975756,18.63697590385235,411.9175949202681,288.34231644418765
,,,grassland,54.33282228085167,18.632509437051123,3550.771685275436,2485.540179692805
,,,wood,54.330339111336436,18.61714727831415,29722.30197786469,20805.611384505282
,,,grassland,54.33220929804301,18.619380383334423,12815.69272047835,8970.984904334844
,,,wood,54.33057390545772,18.619882885700864,10381.260292217377,7266.882204552164
,,grass,,54.331166709331264,18.6230646215985,7773.6298059631135,5441.540864174179
,,,grassland,54.326240816286706,18.61649495224564,1251.0342644773682,875.7239851341577
,,,grassland,54.327615122136926,18.624267840407526,7687.576437150292,5381.303506005204
,,,wood,54.327521462673175,18.629349265365875,5175.699796591517,3622.9898576140617
,,,grassland,54.32746968331121,18.62875706737578,863.3845689594101,604.369198271587
,,,wood,54.32741625192462,18.62846668977841,1501.5316748526698,1051.0721723968688
,,grass,,54.32525534841799,18.634508623384924,3075.7590359440333,2153.031325160823
,,grass,,54.328036318109284,18.633126654842272,977.0525653710458,683.936795759732
,,grass,,54.32794449059801,18.624072438168653,1769.8280442660418,1238.8796309862291
,,,wood,54.29586152447128,18.621803910837357,4393.497811040588,3075.4484677284117
,,,grassland,54.32327852852318,18.55589314312689,1289.5616900235552,902.6931830164885
,,,grassland,54.36563849539563,18.577046958051355,10516.762259003712,7361.7335813025975
,,,grassland,54.35553172917401,18.55906611390221,52139.396450657136,36497.57751545999
,,,grassland,54.327063675488574,18.557377425254796,646.2595825157131,452.3817077609991
,park,,,54.3262165864745,18.559885262283174,23768.898310255056,23768.898310255056
,,,grassland,54.30826533344409,18.58625291774943,460.90170973062436,322.631196811437
,,,grassland,54.3069372963129,18.58353017271002,1611.7926859269878,1128.2548801488913
,,greenfield,grassland,54.33585995013219,18.657296340823972,4157.930109600386,2910.5510767202695
,,,grassland,54.41958775844245,18.450356704575803,1602.891832563907,1122.0242827947347
,,grass,,54.33526149304054,18.533386980327354,6565.48941223821,4595.842588566747
,,,grassland,54.33526666159342,18.537602053423292,226.11190580783162,158.2783340654821
,,,grassland,54.33476773073681,18.53864110128019,990.2119454439852,693.1483618107897
,,,grassland,54.33493317432941,18.53807027696191,877.97623683844,614.583365786908
,,,grassland,54.334389228319544,18.53398817345914,692.7793068164581,484.9455147715206
,,,grassland,54.33482786840352,18.536822990219253,914.988246112584,640.4917722788088
,,,grassland,54.33440608972864,18.53339509008726,12617.013741494866,8831.909619046406
,,,grassland,54.33520904007619,18.535534242873144,10788.636609757341,7552.045626830138
,,,grassland,54.335923542731905,18.53524981342626,3499.550972888124,2449.6856810216864
,,,grassland,54.335797546802745,18.532963235063317,1938.5332510268756,1356.9732757188128
,,,wood,54.335536198841474,18.536601677641368,5710.868529566627,3997.607970696639
,,,grassland,54.33542507003274,18.537134130359878,4124.564577944658,2887.19520456126
,,,wood,54.33587793607637,18.532803632032206,9859.20792152701,6901.4455450689065
,,,grassland,54.3345507420864,18.539243367115024,14043.523297006317,9830.466307904422
,,,grassland,54.333594042324926,18.54172053141568,666.3704075688142,466.45928529816996
,,,wood,54.33312876846243,18.543326272279298,1160.6699968592898,812.4689978015028
,,,grassland,54.33378157586455,18.544580280899908,33691.519937360565,23584.063956152393
,,greenfield,grassland,54.33048832950493,18.540754419843765,3140.156498278614,2198.1095487950297
,,greenfield,grassland,54.329488391441146,18.541313309872223,4644.451944899365,3251.1163614295556
,,greenfield,grassland,54.33003974632203,18.541347196573437,3836.715788909325,2685.701052236527
,,grass,,54.32070120686785,18.579606118838942,3635.479068023075,2544.8353476161524
,,grass,,54.31804194629649,18.586052756649874,1040.9655307086123,728.6758714960285
,,,wood,54.318212508632854,18.585275277653277,856.0203562683309,599.2142493878316
,,,grassland,54.31774863419993,18.585067845219214,12811.206181398953,8967.844326979266
,,,grassland,54.31631595625673,18.583145485673274,1354.8305154590316,948.3813608213221
,,,grassland,54.31656949398589,18.58358546537356,3839.4779196147465,2687.6345437303225
,,,wood,54.30910443483544,18.59539927112347,14852.91058716823,10397.03741101776
,,,wood,54.30995672718524,18.596617239200857,12729.157141495867,8910.409999047106
,,,grassland,54.31539038280987,18.581009887936577,4003.303535729543,2802.31247501068
,,,grassland,54.31462296359123,18.579750232079007,6640.501078646019,4648.350755052213
,,,grassland,54.313246439861544,18.571449166948103,16181.832644738539,11327.282851316977
,garden,,,54.3102558896829,18.571589647092573,7350.310948896119,5880.248759116896
,,,grassland,54.303982368185494,18.573910209711777,564.7147589234715,395.30033124643006
,,,grassland,54.4204563367671,18.463042349045836,6014.155353456335,4209.908747419435
,,,grassland,54.42132242118422,18.4636261358463,10356.874293857223,7249.812005700056
,,,grassland,54.421590416245294,18.462092335684357,22391.242935876446,15673.870055113512
,,,grassland,54.34238945503037,18.573659134483187,3537.674288146332,2476.372001702432
,,,grassland,54.342794156794376,18.574202462703102,4157.407379410229,2910.18516558716
,,,grassland,54.338778210688204,18.584146343422734,9568.745486343845,6698.121840440691
,,greenfield,grassland,54.34871253492719,18.55578607299318,2920.213213150019,2044.1492492050131
,,greenfield,grassland,54.34803180030382,18.55684794134076,3107.470696877903,2175.2294878145317
,,greenfield,grassland,54.347497904244406,18.556819645366197,1735.3360994632342,1214.7352696242638
,,greenfield,grassland,54.350498091173904,18.557611769234654,2319.744814361886,1623.82137005332
,,greenfield,grassland,54.349891744018095,18.5568771874625,2317.8629841878383,1622.5040889314866
,,greenfield,grassland,54.3499383681719,18.555334609080596,2424.3224515359334,1697.0257160751532
,,,grassland,54.35133446041932,18.55632102160422,5039.141097671942,3527.398768370359
,,,wood,54.35226908342455,18.559698728574425,26648.54712093854,18653.982984656977
,,,grassland,54.35257596422593,18.558693745622104,24300.658788798875,17010.461152159212
,,greenfield,grassland,54.35315035316089,18.55980007017519,7036.160973569739,4925.312681498817
,,,wood,54.35265897910118,18.55631531240572,83621.76131370454,58535.232919593174
,,,wood,54.35522607604392,18.559316740815554,1040.5726629986902,728.4008640990832
,,,wood,54.35340244547012,18.553273461094147,8552.94485915227,5987.061401406589
,,,wood,54.35055029902632,18.55519444974777,4573.450141276513,3201.415098893559
,,,grassland,54.310650644270936,18.611610221916756,6230.854747242299,4361.598323069609
,,grass,,54.341292638524614,18.548774417054858,455.45732189350446,318.8201253254531
,,grass,,54.34119707907414,18.548152380627727,167.7760405496444,117.44322838475107
,,grass,,54.34152347797335,18.54796810372176,643.4680808974565,450.4276566282195
,,grass,,54.34140980360099,18.547661501518707,628.3127929881848,439.8189550917293
,,,grassland,54.34179318685939,18.547659961787947,2774.740469974645,1942.3183289822512
,,,grassland,54.34224427271934,18.54716632385556,754.4718182243275,528.1302727570293
,,grass,,54.344393244140896,18.54159688199833,366.40439571534205,256.4830770007394
,,,wood,54.344237105842595,18.542688929344653,3229.694457724254,2260.7861204069777
,,grass,,54.343509356996655,18.54494739558049,4086.088396664884,2860.2618776654185
,,grass,,54.3429185938099,18.54610780469583,299.4336679160604,209.60356754124228
,,,grassland,54.34244352639494,18.54615400871206,16410.484361375256,11487.33905296268
,,,wood,54.3374944037878,18.548037349091338,780.669140571636,546.4683984001451
,,,grassland,54.33800902577884,18.5397684108285,1488.8011508856953,1042.1608056199866
,,,grassland,54.33952140660032,18.54018907470683,4384.802579654626,3069.361805758238
,,,grassland,54.33931592419304,18.540009354938856,1547.8486662613461,1083.4940663829423
,,,grassland,54.33917916778751,18.540030352077977,1111.3475738423906,777.9433016896734
,,,grassland,54.338596270252495,18.539615885886437,5886.677865011402,4120.674505507981
,,,grassland,54.33745305937076,18.538892758739795,1548.8167836324142,1084.1717485426898
,,greenfield,grassland,54.339733968779456,18.542083347740636,6685.862307612297,4680.103615328608
,,,wood,54.341093275428435,18.549128304863554,3460.5262522993235,2422.3683766095264
,,,grassland,54.340817512902895,18.547558410570062,16650.490918436466,11655.343642905525
,,greenfield,grassland,54.34032599795715,18.5429721410788,7888.222386589411,5521.755670612588
,,greenfield,grassland,54.33220945586471,18.56003850789576,2445.195177212573,1711.636624048801
,,,grassland,54.33283327448105,18.55974468564916,8217.473491801396,5752.231444260977
,,,wood,54.35593968697923,18.515161848968052,3691.7524328426675,2584.226702989867
,,,wood,54.35655702063564,18.51610336958516,2556.233750955647,1789.3636256689526
,,greenfield,grassland,54.3571289261044,18.50860180232342,1150.7065573945754,805.4945901762027
,,greenfield,grassland,54.35559396360518,18.50581744709858,1136.9593921729906,795.8715745210934
,,,grassland,54.35313163837894,18.503815237369228,5421.387493692579,3794.971245584805
,,,grassland,54.35478132558181,18.50460384585227,40595.26286208132,28416.68400345692
,,greenfield,grassland,54.354603127595986,18.495949724447744,2967.91675023935,2077.541725167545
,,,grassland,54.35793044857194,18.49361359055347,3010.9603087757196,2107.6722161430034
,,,grassland,54.357497139135205,18.494329651715944,14052.662669284806,9836.863868499364
,,,grassland,54.35690085939056,18.49624633691814,4593.310321717083,3215.3172252019576
,,,grassland,54.35737990892081,18.497663365615846,12998.32623150853,9098.82836205597
,,,wood,54.36417313899171,18.491397008922906,4922.250103751107,3445.575072625775
,,,grassland,54.35553210661432,18.504244917271205,1056.5334386836746,739.5734070785721
,,greenfield,grassland,54.35391990921659,18.50027815096368,6124.512581130117,4287.158806791082
,,greenfield,grassland,54.35465433104301,18.498463526367605,2960.620169431536,2072.434118602075
,,greenfield,grassland,54.3537794067916,18.496836746383796,2844.4659120318343,1991.126138422284
,,grass,,54.35360566942832,18.497742733472194,3065.030488073945,2145.5213416517613
,,,wood,54.35754523014822,18.505040535928593,6514.272531975582,4559.990772382907
,,,grassland,54.35954313939352,18.502783550327987,3522.86097549889,2466.0026828492228
,,,grassland,54.35940878845365,18.506629603940638,18073.039771071133,12651.127839749792
,,,wood,54.360041694443794,18.505123373986837,36246.804412367055,25372.76308865694
,,,grassland,54.360590223268574,18.503185465605902,10994.476167300862,7696.133317110603
,,,grassland,54.36193181496161,18.49771775103496,21524.029989459978,15066.820992621982
,,greenfield,grassland,54.36149535005387,18.49624106167001,3563.966756903962,2494.776729832773
,,,grassland,54.358884415158464,18.49975013316842,1192.4777691377694,834.7344383964386
,,,grassland,54.35928737981594,18.50004481517548,1304.8815818688283,913.4171073081798
,,greenfield,grassland,54.35891535227509,18.49876851610514,4305.148684987395,3013.6040794911764
,,,grassland,54.358105834316234,18.501915605873563,10346.960714317585,7242.872500022309
,,,grassland,54.35824754228343,18.502768527230348,1819.8104573745716,1273.8673201622
,,greenfield,grassland,54.35855194245921,18.500286414778145,3324.140890731522,2326.8986235120656
,,,grassland,54.34847481420401,18.555396188674024,22110.074630612977,15477.052241429083
,,,wood,54.34570465318207,18.56330360341538,4543.720645887363,3180.6044521211543
,,greenfield,grassland,54.33844416027773,18.524061719935702,17749.012008441845,12424.30840590929
,,grass,,54.34764698228562,18.567166034925435,1320.4872016660918,924.3410411662642
,,,grassland,54.34863855263794,18.57260195912638,24340.08488752469,17038.05942126728
,,,grassland,54.350173094809335,18.572312466199964,2813.0440875628597,1969.1308612940015
,,,grassland,54.34857795861506,18.5685619488189,3800.7107356674032,2660.4975149671823
,,,grassland,54.366111847734125,18.558076797694206,3780.0755815406296,2646.0529070784405
,,grass,,54.368204368130925,18.5745696782799,1893.7458965957871,1325.6221276170509
,,,grassland,54.369829117677206,18.57454712271559,2453.802128413226,1717.661489889258
,,grass,,54.36999163902241,18.57443491076349,4296.828412204899,3007.779888543429
,,,grassland,54.36688636992167,18.574613959870167,33707.31730743275,23595.122115202925
,,,wood,54.37010249848678,18.57659936180635,207752.54848491788,145426.7839394425
,,,wood,54.36472525223188,18.577211129299695,685271.1584345811,479689.81090420677
,,,grassland,54.368394149326924,18.571092577210795,550.0479085035215,385.03353595246506
,,,grassland,54.36687582122354,18.557870361790084,19800.127305887345,13860.089114121141
,,,grassland,54.371317133664085,18.56600425432519,5503.513475813165,3852.4594330692153
,,grass,,54.36744910770803,18.570982903274306,459.98262858230976,321.9878400076168
,,,wood,54.36636570193417,18.559844999935784,1095.9281704128202,767.1497192889741
,,,grassland,54.367540055569044,18.56369840230095,2772.186184764897,1940.5303293354277
,,,grassland,54.36665504736983,18.568115524227736,619.9496806243013,433.9647764370109
,,,grassland,54.366897722152444,18.56606480191055,12562.833652049983,8793.983556434987
,,,wood,54.36744521749549,18.561318799352232,3456.373199541008,2419.4612396787056
,,,wood,54.36707443444488,18.560825277106733,4705.469033055634,3293.8283231389437
,,,wood,54.36682049642005,18.559522344725515,8505.903317769413,5954.132322438589
,,,grassland,54.36711645429039,18.559883557320095,4048.5988395244535,2834.0191876671174
,,,grassland,54.36585391313003,18.557471660354445,540.2933315401468,378.20533207810274
,,greenfield,wood,54.36761133099681,18.552020384983244,2387.892610710651,1671.5248274974556
,,greenfield,grassland,54.36749247399287,18.55153682219968,4702.72260051065,3291.905820357455
,,greenfield,grassland,54.367031330692924,18.55119036066568,4700.95537847007,3290.668764929049
,,,grassland,54.364937482987116,18.55060738956896,3464.6582957246933,2425.260807007285
,,greenfield,grassland,54.36589253737297,18.553450949312136,4189.678395634425,2932.7748769440973
,,greenfield,grassland,54.36448075840497,18.558161338665936,4597.603305159174,3218.3223136114216
,,,grassland,54.36479581691358,18.557056579428917,3235.3838592448956,2264.7687014714265
,,greenfield,grassland,54.36542100115577,18.557065129967647,2418.9498042728223,1693.2648629909756
,,,grassland,54.365415419026185,18.55815413320648,12713.10844330421,8899.175910312946
,,,wood,54.36599951161196,18.56002559481703,5848.7154068044965,4094.100784763147
,,,wood,54.364851682242914,18.558798111084762,19644.588206366156,13751.211744456308
,,,grassland,54.36630670442823,18.56638488142415,35486.10313911526,24840.27219738068
,,,wood,54.36582659106362,18.551558884549113,16546.265194232394,11582.385635962675
,,,grassland,54.36676036370911,18.556361646384286,2448.019879973139,1713.6139159811971
,,,grassland,54.36703571935763,18.5557263802141,3952.879880926452,2767.0159166485164
,,,grassland,54.36919115781989,18.568708973830564,2831.4989237600603,1982.049246632042
,,,grassland,54.36874008182763,18.56763424432353,702.9404152036751,492.05829064257256
,,,wood,54.369557955127014,18.564326074499373,5562.641647899723,3893.8491535298053
,,,grassland,54.37301679527552,18.56654190393753,4528.6034293770035,3170.0224005639025
,,greenfield,grassland,54.372637876375336,18.56641079242099,1530.2982121482696,1071.2087485037887
,,,grassland,54.372082562631064,18.566209540489577,2132.2535415141747,1492.577479059922
,,,wood,54.36922517702448,18.56550127455407,17907.161934530308,12535.013354171215
,,,grassland,54.36772461065829,18.566827520162605,20810.16095296453,14567.11266707517
,,grass,,54.37154965669229,18.56388889255568,687.6103755010289,481.3272628507202
,,greenfield,grassland,54.36087982073256,18.55863533633969,43743.67738254518,30620.574167781626
,,,grassland,54.36375002486133,18.55878675834624,11094.210970983859,7765.9476796887
,,,grassland,54.386455221826125,18.466886446309175,4311.943866066966,3018.360706246876
,,greenfield,grassland,54.361392032931114,18.561003589615652,13314.5883226047,9320.21182582329
,,,grassland,54.361350377236725,18.563421500462,25281.557129763747,17697.089990834622
,,,wood,54.36268402814428,18.560449157547485,2745.992488127324,1922.1947416891267
,,,grassland,54.36440358974959,18.563399940978176,2446.977534444896,1712.884274111427
,,,wood,54.364358252494846,18.563812099163677,1120.7010768348036,784.4907537843625
,,grass,,54.36215503155737,18.55748387745861,18108.73792324286,12676.116546270003
,,grass,,54.361398975217796,18.560504910125744,4821.942572861724,3375.359801003207
,,greenfield,grassland,54.36233461692867,18.562074998561457,1544.2384851708084,1080.966939619566
,,greenfield,grassland,54.362174234646375,18.56256704834531,2565.642429873509,1795.9497009114564
,,grass,,54.36281095226198,18.559290791780427,523.7628865632577,366.63402059428034
,park,,,54.36334071896781,18.56061600777917,3356.7758825663395,3356.7758825663395
,,grass,,54.36290717402326,18.559750876576047,2515.075196854765,1760.5526377983356
,,,grassland,54.36336639859498,18.55973534837014,1513.2718177449394,1059.2902724214575
,,grass,,54.36343076481908,18.560166956979174,4959.17907111764,3471.425349782348
,,,wood,54.3632122661672,18.56115090175238,4654.5713369854275,3258.1999358897992
,,greenfield,grassland,54.36318106260587,18.56201492364737,3437.1174068179594,2405.9821847725716
,,grass,,54.36362405376218,18.561725928486023,2823.040635134296,1976.1284445940069
,,,grassland,54.366227671458276,18.56357390207943,5543.443226865845,3880.410258806091
,,,grassland,54.365335824501045,18.56315874816983,14210.776502736406,9947.543551915483
,,grass,,54.36525728991943,18.57022432378134,175.49683291491874,122.8477830404431
,,grass,,54.36553267942279,18.570179316443415,116.83266427887537,81.78286499521275
,,,grassland,54.365436540689686,18.56984297587525,487.2761044666573,341.09327312666005
,,,grassland,54.36520847069518,18.565938524899142,35259.377532278755,24681.564272595126
,,,grassland,54.36577408845504,18.566309198928646,9182.328647989205,6427.630053592443
,,farmyard,wood,54.366105567179076,18.564841364633452,9213.760253946375,6449.632177762463
,,grass,,54.367283926636595,18.571269557558505,411.5223355530469,288.06563488713283
,,grass,,54.36721633700556,18.571180691516197,142.67331229654053,99.87131860757836
,,,grassland,54.36715878654779,18.57126561195879,673.6074533444787,471.52521734113503
,,,grassland,54.36666141299113,18.570164312085428,2030.2808572699896,1421.1966000889927
,,,grassland,54.36513970872218,18.572155057281957,232.29142888574262,162.60400022001983
,,,grassland,54.36417893102889,18.5715575225802,1290.0734907050808,903.0514434935565
,,,grassland,54.36314244242623,18.572780129235554,2646.99883386112,1852.899183702784
,,,grassland,54.36476522187062,18.57029847458663,3076.329883125318,2153.4309181877225
,,,grassland,54.364367148997985,18.571236505785688,575.8750380671422,403.1125266469995
,,,grassland,54.3656822791606,18.57150493381432,546.6323783213745,382.64266482496214
,,,wood,54.36394635989626,18.566510995217794,18262.750956407206,12783.925669485043
,,,grassland,54.43717294214244,18.44220085709455,31104.859452898145,21773.4016170287
,,greenfield,grassland,54.437574957189995,18.443269442240076,4441.4604525717405,3109.022316800218
,,grass,,54.40268066440766,18.591075435014513,208.89337540402232,146.2253627828156
,,grass,,54.41128694586281,18.628781576864487,220.1361161263997,154.09528128847978
,,,grassland,54.437519534000636,18.4520305314937,80.70153701836585,56.4910759128561
,,greenfield,grassland,54.438437318565924,18.454316228767006,2412.3431677932253,1688.6402174552577
,,,grassland,54.438485094190604,18.45317506822009,1168.415889798712,817.8911228590983
,,greenfield,grassland,54.438094173366416,18.45444664767911,2091.4006210866846,1463.9804347606791
,,,grassland,54.439070933051084,18.453082439045108,10560.7865867709,7392.5506107396295
,,greenfield,grassland,54.438309069317725,18.450675462378772,13628.870963053352,9540.209674137346
,,,grassland,54.43994861251339,18.447070955783232,2714.7430157993676,1900.3201110595571
,,,grassland,54.439651119228834,18.44803799331346,6320.311425702952,4424.217997992066
,,,wood,54.43639240915963,18.445838766966514,4582.5736215963625,3207.8015351174536
,,greenfield,grassland,54.4365450593243,18.44519884777395,4069.8057663323684,2848.864036432658
,,,grassland,54.43670550311402,18.446995040991816,46354.84890815776,32448.394235710428
,,,grassland,54.436445197645725,18.444543348791584,9486.002972140268,6640.202080498188
,,,wood,54.43877053919561,18.44526944266419,4805.262656146273,3363.683859302391
,,greenfield,grassland,54.44372583995336,18.45910431391472,1658.7282301645332,1161.1097611151731
,,,grassland,54.4438426065852,18.458502422856913,1366.6934574804825,956.6854202363377
,,greenfield,grassland,54.444873158875716,18.455831512515573,4250.2796729474385,2975.195771063207
,,greenfield,grassland,54.44369603481348,18.45690733727453,566.5044666188716,396.55312663321007
,,,wood,54.44385256123435,18.457021908328066,2610.1100283365117,1827.077019835558
,,greenfield,grassland,54.44446058809872,18.45581151062525,2815.9028863632625,1971.1320204542835
,,grass,,54.442010959109936,18.45269747063188,5890.6919109346345,4123.484337654244
,,,wood,54.44573326882662,18.4536447657296,2094.1562319317027,1465.9093623521917
,garden,,,54.44478564523854,18.454879842952696,9568.416970735672,7654.733576588538
,,,wood,54.445843169251084,18.456386144347544,2500.0590331694116,1750.041323218588
,,grass,,54.331858335128835,18.59227094657392,1583.8330280168605,1108.6831196118023
,,grass,,54.33182264225193,18.592535243980773,3020.2287764495313,2114.1601435146717
,,grass,,54.332271178146435,18.594313617795578,31.23055101028922,21.86138570720245
,,grass,,54.33235765203356,18.595487574875285,192.9519780977385,135.06638466841693
,,grass,,54.33206828995453,18.592232383863024,15312.714835616453,10718.900384931516
,,grass,,54.3313049122554,18.587939641262672,1159.8832078071075,811.9182454649753
,,grass,,54.331239253523016,18.588699694416967,5768.507814940856,4037.9554704585994
,,grass,,54.3310513943505,18.584675790435394,330.98178139627913,231.68724697739538
,,grass,,54.331063556957645,18.584034452501854,435.99997754582455,305.19998428207714
,,grass,,54.331036864075195,18.5861337874651,112.6785021519721,78.87495150638047
,,grass,,54.331043479535104,18.58560753761044,112.70540120197582,78.89378084138306
,,grass,,54.330850477051264,18.585691695840953,3308.1871562662423,2315.7310093863694
,,grass,,54.3308535783502,18.58417791403648,2238.8564572957985,1567.1995201070588
,,grass,,54.3307904453694,18.585033716925345,13.88721033858094,9.721047237006658
,,grass,,54.330785660566235,18.584835139992126,41.02268490223577,28.715879431565035
,,grass,,54.33114019358418,18.585597289865984,1475.7149735153664,1033.0004814607564
,,grass,,54.33145936975415,18.587099458120772,11039.369996530562,7727.558997571393
,,grass,,54.332127282304334,18.585190586212544,4533.906371778627,3173.7344602450385
,,grass,,54.332485516531484,18.58482638131578,497.1700744176115,348.019052092328
,,grass,,54.33228521031226,18.584841270107894,56.76085778195531,39.73260044736871
,,grass,,54.33121260624295,18.582723633213305,4415.844769768845,3091.0913388381914
,,grass,,54.33130636398684,18.582810584616333,1111.4552981560973,778.0187087092681
,,grass,,54.33230876730891,18.59557780522364,205.77344007560234,144.04140805292164
,,,grassland,54.33206683497072,18.580074785615476,3260.9923294388977,2282.694630607228
,,,wood,54.33160436463668,18.580020039933963,1675.794057528393,1173.055840269875
,,grass,,54.33156534419005,18.5831786606205,26012.211882084022,18208.548317458815
,,grass,,54.331512797023535,18.577981876341838,9397.605904713588,6578.324133299511
,,grass,,54.33172827756282,18.57972218164886,14882.125923885033,10417.488146719523
,,grass,,54.33153297156898,18.58080081136427,3199.646806501891,2239.7527645513237
,,grass,,54.3320911525714,18.579682023456805,2789.597706615235,1952.7183946306643
,,grass,,54.332269587023276,18.57935778109321,233.58220511769025,163.50754358238316
,,grass,,54.33239943259909,18.579723863193784,483.7971146504517,338.65798025531615
,,grass,,54.33231650000183,18.578801166666665,26.400617252610726,18.48043207682751
,,grass,,54.33229208280971,18.57939112448805,323.61689631974957,226.5318274238247
,,grass,,54.33221697426998,18.57880775826952,228.66610976501016,160.0662768355071
,,grass,,54.33213690196587,18.578483593110818,356.9602436725852,249.87217057080963
,,grass,,54.33223783142918,18.578729435270706,155.75497719213521,109.02848403449464
,,,grassland,54.40766235056893,18.568173510417207,2028.7233247378235,1420.1063273164764
,,,grassland,54.407964790740834,18.567787595310282,406.65186124226153,284.65630286958304
,,grass,,54.40931643252134,18.563049453071756,2410.0421930373714,1687.0295351261598
,,grass,,54.402157707076505,18.63124846742677,3323.630823899664,2326.5415767297645
,,grass,,54.40255384602163,18.631421897197388,339.57142489818875,237.6999974287321
,,grass,,54.402514763117146,18.631164854048826,450.9967358252022,315.69771507764153
,,grass,,54.40229373377438,18.632068215996465,4842.103644052887,3389.4725508370207
,,grass,,54.401988449006545,18.632940101822527,156.4829738380683,109.5380816866478
,,grass,,54.40193055014439,18.631190408612508,901.3310541256238,630.9317378879366
,,grass,,54.40203681138372,18.63061936865153,56.76864324854667,39.738050273982665
,,,grassland,54.338061017626835,18.89340989019311,22442.478776038377,15709.735143226862
,park,,,54.34243968594838,18.84932424731691,3424.254823787794,3424.254823787794
,,,grassland,54.33840595336406,18.904182664315105,12623.974630509727,8836.782241356808
,,greenfield,grassland,54.32843989295562,18.552966368977994,1482.5965466293533,1037.8175826405472
,,greenfield,grassland,54.32713322138231,18.55564467811212,2336.960580034741,1635.8724060243185
,,,grassland,54.32705870964015,18.555005981743783,1054.7188904776403,738.3032233343482
,,grass,,54.3307474292341,18.55761322938214,1785.3637845538415,1249.754649187689
,,,grassland,54.331019273088046,18.55726909776587,1786.8055318525107,1250.7638722967574
,,,grassland,54.33067608592436,18.55407433220627,52468.618472419745,36728.03293069382
,,,grassland,54.33010507623128,18.554363122320826,6360.993674303626,4452.695572012538
,,,wood,54.32995148844703,18.553708728815515,7341.7754663793,5139.24282646551
,,,grassland,54.33018677014873,18.55148106342745,803.4781341660837,562.4346939162585
,,grass,,54.33013507582516,18.5517706692279,422.40575601736776,295.68402921215744
,,,grassland,54.33063453448781,18.55014124125218,9529.009659911708,6670.306761938195
,,,grassland,54.33098394698557,18.55163514299709,26585.669979570685,18609.968985699477
,,,grassland,54.32913562219907,18.55226689435456,5336.42381850091,3735.496672950637
,,,wood,54.329667236151906,18.552109844861256,18113.14480449149,12679.201363144042
,,,grassland,54.330085946395215,18.55574565205552,443.20376212556744,310.2426334878972
,,grass,,54.32927167601311,18.55507678711475,2864.4778958470233,2005.1345270929162
,,,wood,54.32901809423375,18.55509844014737,2192.110116973695,1534.4770818815864
,,,wood,54.32963015604666,18.555520968701416,10096.569136121176,7067.598395284823
,,,wood,54.32946384868466,18.55620483032566,7863.691465277045,5504.584025693931
,,greenfield,grassland,54.32831805689691,18.555350377478057,2436.836716916274,1705.7857018413915
,,greenfield,grassland,54.39429595093749,18.475116041585682,23103.461312485113,16172.422918739578
,,,grassland,54.39552885716507,18.4765716054952,23802.079635400078,16661.455744780054
,,greenfield,grassland,54.390561212162346,18.633026292894183,2984.108981637451,2088.8762871462154
,,grass,,54.38859282141499,18.624738073537593,352.6800013940566,246.87600097583962
,,,wood,54.37321698953209,18.6270895415347,10996.77284376345,7697.740990634415
,,grass,,54.40044602876173,18.57237984918593,1405.4158729955363,983.7911110968754
,,grass,,54.36401120615941,18.588791339127642,299.1195543657235,209.38368805600643
,,grass,,54.36157967484703,18.585062489543017,1506.7027635999011,1054.6919345199308
,,grass,,54.38058019467876,18.60690920048498,47.30919931084756,33.11643951759329
,,grass,,54.40706357979191,18.639473279642043,337.89773610004096,236.52841527002866
,,,grassland,54.33412004902292,18.65799822203455,220.64912863940012,154.45439004758006
,,,grassland,54.334055879448194,18.65643658069072,13555.804654310119,9489.063258017082
,,,grassland,54.32129170990363,18.613141446110074,10661.590191078512,7463.113133754958
,,,grassland,54.320266166962334,18.609868805467666,1038.2606635725474,726.7824645007831
,,,grassland,54.32036773249893,18.614815098179786,11767.819163398166,8237.473414378715
,,,grassland,54.32050573015109,18.617800650299593,5962.834030684545,4173.983821479181
,,,grassland,54.32163814709641,18.620302420524023,8214.90687286691,5750.434811006837
,,,wood,54.321977116631665,18.622562865067085,75043.40048280006,52530.38033796004
,,,grassland,54.35756647017757,18.679358795360663,4443.428243763916,3110.399770634741
,,grass,,54.36282893972063,18.673061715729293,6513.18918059959,4559.232426419713
,,grass,,54.36444190434437,18.673293287022293,3050.748727054287,2135.5241089380006
,,grass,,54.363667901794464,18.672962840251635,5444.957262114966,3811.470083480476
,,grass,,54.362668332243366,18.672510168850643,2473.753297782589,1731.6273084478123
,,grass,,54.36558302034566,18.67402424849129,3739.801898225705,2617.8613287579933
,,grass,,54.36709153495221,18.673830838343022,10743.650828816975,7520.555580171882
,,grass,,54.365016392406474,18.67360412540632,5120.9352869197855,3584.6547008438497
,,grass,,54.3658366319347,18.67362344649779,7108.058097673143,4975.640668371199
,,grass,,54.39543104508665,18.57304311493142,9934.904708812299,6954.433296168609
,,grass,,54.39570255343675,18.572448761093476,607.6808433835996,425.3765903685197
,,grass,,54.395969501480565,18.572184724558223,336.1428923341027,235.30002463387189
,,greenfield,grassland,54.354964299244074,18.584170146104377,21438.13207829625,15006.692454807375
,,greenfield,grassland,54.382062594803756,18.58246453003355,4178.7735448479525,2925.1414813935667
,,grass,,54.42067835284544,18.486712574340956,1728.2126003519747,1209.7488202463821
,,grass,,54.41996470842415,18.48666092971518,4200.15023916119,2940.105167412833
,,,grassland,54.41922736624129,18.486588169531267,3331.1925395155054,2331.8347776608534
,,grass,,54.421613009543705,18.48677911986217,1491.4153527055125,1043.9907468938586
,,grass,,54.420997785526396,18.486788449607605,522.4870350991937,365.74092456943555
,,,grassland,54.36172901315358,18.68849009098068,27733.1369617272,19413.19587320904
,,,grassland,54.35727098458017,18.691064306053928,6869.260961709502,4808.482673196651
,,,grassland,54.35698180519239,18.69068377765645,5898.320998893473,4128.824699225431
,,,grassland,54.36345948851677,18.684754170192573,11326.903586528106,7928.832510569673
,,,grassland,54.358957597519954,18.687071279790317,4135.4149735675755,2894.7904814973026
,,,grassland,54.36165187712351,18.683909498973637,125386.75375083686,87770.72762558579
,,,grassland,54.36079145362507,18.686075761761426,2539.5252011828006,1777.6676408279604
,,,grassland,54.361136624787925,18.68694856620907,57031.0395355267,39921.72767486869
,,grass,,54.36075259598272,18.68429078531532,31.163195112973572,21.8142365790815
,,grass,,54.36031924146352,18.685165151676255,30.07154560824078,21.050081925768545
,,,wood,54.42971315341867,18.466764390930848,33517.52224096996,23462.265568678973
,,greenfield,grassland,54.42180581888373,18.45819244294417,6079.480985914805,4255.6366901403635
,,greenfield,grassland,54.42158886780085,18.472496928934586,3957.5713848017153,2770.2999693612005
,,,wood,54.42329717889158,18.460510488807053,3365.9157155634357,2356.141000894405
,,grass,,54.42247206780169,18.462375598833002,631.7432154538831,442.2202508177181
,,greenfield,grassland,54.420957136904256,18.46788955141811,17681.94236139629,12377.359652977402
,,greenfield,grassland,54.42328334791768,18.483733848396014,2916.486010196881,2041.5402071378167
,garden,,,54.33337086440477,18.65804457111245,12484.010316743788,9987.20825339503
,,,grassland,54.33376598103532,18.657598780430394,1915.185864960327,1340.630105472229
,,meadow,,54.33298310799523,18.65728817699872,1960.0822526914042,980.0411263457021
,,meadow,,54.34688705861768,18.643373172335526,1086.0251795000338,543.0125897500169
,,,wood,54.429626224286125,18.590445320138592,2408.2690510584334,1685.7883357409032
,,,wood,54.42399081826915,18.59387202196267,1629.8961224058876,1140.9272856841212
,,,wood,54.42499156084205,18.59409075896352,2193.5954638282624,1535.5168246797837
,,,wood,54.42441355555727,18.59328131443046,21034.477918831006,14724.134543181703
,,grass,,54.39877295514807,18.57640870676842,751.3322904072191,525.9326032850533
,,grass,,54.39826890816825,18.576829816371365,203.84513471687654,142.69159430181358
,,grass,,54.39850288506548,18.57659424194248,249.05042747849413,174.3352992349459
,,grass,,54.39849667533872,18.576445580534216,138.92911546823032,97.25038082776122
,,grass,,54.39964574523895,18.575643009865516,450.60093443602824,315.42065410521974
,,grass,,54.39996688402367,18.575389994607285,391.03223202811307,273.72256241967915
,,grass,,54.40013247794784,18.575262109156185,62.47487223512428,43.73241056458699
,,grass,,54.40029905178877,18.575128309642423,166.58542978704355,116.60980085093048
,,grass,,54.40065212682062,18.574852515360913,59.1411770139557,41.398823909768986
,,grass,,54.3977410778278,18.577245252128296,26.424072126359576,18.496850488451702
,,grass,,54.397859034891134,18.577131470848638,65.47749555229595,45.83424688660716
,,grass,,54.398117292189596,18.57683951642134,519.1854938760354,363.4298457132247
,park,,,54.37850195397124,18.60830653879808,3623.6053174107747,3623.6053174107747
,,grass,,54.418139971835814,18.578606602475773,910.1013836945967,637.0709685862176
,,grass,,54.41795719337533,18.57815411055572,251.97748505158353,176.38423953610845
,,grass,,54.41790732622496,18.578307475561296,127.54751874970086,89.2832631247906
,,grass,,54.35800792176026,18.656558947854855,308.6903898691696,216.08327290841873
,garden,,,54.40808236384032,18.56809455389552,1295.1827546926613,1036.1462037541291
,,grass,,54.39541690647117,18.5903648732987,380.83920012794977,266.58744008956484
,,grass,,54.39993365312327,18.572837438300283,145.94368033342224,102.16057623339556
,,grass,,54.39967816652528,18.57228297542697,63.20562270742488,44.24393589519741
,,grass,,54.39972865903256,18.572052323915784,223.3383091261544,156.33681638830808
,,grass,,54.3998453151292,18.57189151248889,104.91109538573471,73.43776677001429
,,,wood,54.40042998232679,18.56998411995262,2342.0500680161445,1639.4350476113011
,,meadow,,54.3584369771166,18.65599269505435,3827.952661476709,1913.9763307383546
,,grass,,54.363582661666136,18.643902500348847,916.0899639206347,641.2629747444443
,,grass,,54.416113518195026,18.561866723318058,951.990567262312,666.3933970836183
,,,grassland,54.41562209692571,18.564548672430128,3710.3010966061483,2597.2107676243036
,,grass,,54.3752296229303,18.621485826412876,2349.712045102059,1644.7984315714414
,,grass,,54.371272454432805,18.510166917141795,511.90390911620824,358.33273638134574
,,,grassland,54.370101035636374,18.502030036828913,22020.728762307022,15414.510133614915
,,,wood,54.3712480164583,18.50843520152212,2967.861371056746,2077.502959739722
,,,grassland,54.369882992972336,18.508205707458565,12933.081213518026,9053.156849462617
,,grass,,54.33914323830176,18.586940660712315,1897.3253185222907,1328.1277229656034
,,grass,,54.33961491196511,18.585852176462065,803.3907512249991,562.3735258574993
,,grass,,54.339583887567,18.586098573735615,130.00396502030745,91.0027755142152
,,grass,,54.33849172241158,18.51073336585088,1162.4989219776153,813.7492453843306
,,,grassland,54.336434660512694,18.52000413330579,33828.88726715346,23680.221087007423
,,greenfield,grassland,54.33980415774783,18.49740355581058,4174.4437493295345,2922.110624530674
,,grass,,54.417048186326504,18.576192843292507,5328.520726659965,3729.964508661975
,,grass,,54.41528648601272,18.57411542958684,4244.498445025815,2971.1489115180707
,,grass,,54.41631142475319,18.57406671986402,3044.0648824111727,2130.845417687821
,,,wood,54.373173281480476,18.56465634712682,7103.785837821521,4972.650086475065
,,greenfield,grassland,54.405375526236845,18.563062835899192,1213.935339332604,849.7547375328227
,,,wood,54.36102331569639,18.609215959814215,10836.678283792751,7585.674798654925
,,,grassland,54.36046965169078,18.60712172194218,8157.524354495767,5710.267048147036
,,grass,,54.36988875670347,18.618348976915918,5230.725336803941,3661.5077357627583
,,,grassland,54.316848020678535,18.59540940445941,4802.273927241501,3361.5917490690504
,,,grassland,54.315899494848665,18.59772467058172,14564.052108032378,10194.836475622664
,,,grassland,54.36591897862752,18.554234354119703,1045.1988672317182,731.6392070622027
,,,grassland,54.36640136105449,18.553734988080866,4788.245074688377,3351.7715522818635
,,greenfield,grassland,54.42856290140967,18.477205100599058,3191.8951372922484,2234.3265961045736
,,greenfield,grassland,54.428015943660235,18.477459040140445,1305.651256217161,913.9558793520126
,,greenfield,grassland,54.430061176258285,18.470988207064984,2006.2032219752402,1404.342255382668
,garden,,,54.43493274922409,18.46530234611,3760.817308688966,3008.653846951173
,,,grassland,54.43745197644513,18.465753103779335,22048.596952900323,15434.017867030225
,,grass,,54.436789074505654,18.46336193585366,3085.2844781701187,2159.699134719083
,,,grassland,54.44403275793507,18.46241900359869,2647.0881187015193,1852.9616830910634
,,,wood,54.365272933242,18.58076702282917,32731.111871018285,22911.778309712798
,,,grassland,54.36645325505538,18.580597189290177,12786.016872978762,8950.211811085133
,,grass,,54.35013008411081,18.625498327018903,420.252051172659,294.1764358208613
,garden,,,54.35524071476724,18.615916498408122,51.23861228220092,40.99088982576074
,garden,,,54.355292066675354,18.615853600000005,54.789736590602544,43.83178927248204
,,industrial,grassland,54.3320437313125,18.59403635035424,2806.2124582224155,1964.3487207556907
,,,wood,54.33211820994163,18.59363497857537,1306.55479528113,914.5883566967909
,,greenfield,grassland,54.33490146954699,18.59199052233195,2961.4241338664674,2072.996893706527
,,,grassland,54.3481323833062,18.60522007384645,5063.220708744058,3544.2544961208405
,,grass,,54.39465197683043,18.62193781115399,240.72572303313922,168.50800612319745
,,grass,,54.3946243152863,18.622694967283586,26.01073621331611,18.207515349321277
,,grass,,54.39454864328574,18.62269079752405,53.22865132890918,37.260055930236426
,,grass,,54.39448320621826,18.622691847592275,13.805844155420012,9.664090908794007
,,grass,,54.39439770634972,18.622695689822233,33.345101448195,23.341571013736502
,,grass,,54.394633014679876,18.62179115265199,62.67135947906647,43.869951635346524
,,grass,,54.39437670000083,18.622087800000006,10.156221997283899,7.109355398098728
,,grass,,54.39443802490678,18.62227645786836,89.65556997012352,62.75889897908646
,,grass,,54.39441937520255,18.622420645395174,24.82877040614793,17.38013928430355
,,grass,,54.394468458724006,18.6225775331862,68.43886259247242,47.90720381473069
,,grass,,54.39454914809392,18.622577580105546,97.50214175659428,68.25149922961599
,,grass,,54.39462372456275,18.622575671632,55.13970343741032,38.59779240618722
,,grass,,54.394616117569115,18.62227652797795,46.536567780447406,32.57559744631318
,,grass,,54.39463342278189,18.622415491533477,5.54907033462936,3.8843492342405517
,,grass,,54.35753203801016,18.646812546515722,232.7386697438377,162.91706882068638
,,,wood,54.35734983338904,18.646748699999996,447.3169351854727,313.12185462983086
,,grass,,54.35748816172634,18.64698186482109,509.2766774795451,356.49367423568157
,,grass,,54.357663262757576,18.64710003492064,1047.886821200401,733.5207748402808
,,grass,,54.35777877800105,18.646923416315076,139.6308000049028,97.74156000343196
,,grass,,54.35777862238053,18.64681174988923,119.5954808279825,83.71683657958775
,,grass,,54.357829841909385,18.646576524127177,31.708041962555917,22.195629373789142
,,grass,,54.35778288276126,18.64654239185826,158.46307664060396,110.92415364842276
,garden,,,54.355922770825785,18.614031625106566,132.01648152603383,105.61318522082706
,,grass,,54.34862578161523,18.673428098560795,138.50879953046203,96.95615967132342
,,,wood,54.35633149788427,18.66770383703997,5784.101559360977,4048.871091552684
,,grass,,54.35992180967609,18.647558819653607,252.08008170397557,176.45605719278288
,,grass,,54.35969670479412,18.6475716476716,789.3237182247649,552.5266027573354
,,grass,,54.360424683003906,18.64737462368843,174.0973267650805,121.86812873555635
,,grass,,54.36098304379935,18.647310791782626,199.62277894749644,139.7359452632475
,,grass,,54.36091540147335,18.64729553674703,80.7178280475118,56.502479633258254
,,grass,,54.36080337553032,18.647472334460033,14.168615203437238,9.918030642406066
,,grass,,54.36016820400124,18.648042432210836,132.29478209333328,92.60634746533329
,,grass,,54.360177509631875,18.6482041971306,107.41204908066216,75.1884343564635
,,grass,,54.359169126760335,18.648575871415193,582.253074910613,407.5771524374291
,,grass,,54.35903856901386,18.64846380412987,324.3121207149294,227.01848450045057
,,grass,,54.35910494839697,18.64854300793668,344.28120710123613,240.99684497086528
,,grass,,54.358470257188294,18.649868838176996,64.8546602462175,45.398262172352254
,,grass,,54.358751784866634,18.64954941102858,110.78879946948251,77.55215962863775
,,grass,,54.36001859257252,18.648149024826566,29.35313469136657,20.547194283956596
,,,grassland,54.34735304352155,18.560675636029806,2898.8559865556313,2029.1991905889417
,,,grassland,54.348511890109215,18.559425022587927,2865.0679717336616,2005.547580213563
,,,grassland,54.34901634306133,18.561248528500332,976.1440193125723,683.3008135188005
,,,grassland,54.34910955406902,18.561834283889873,541.0059626172522,378.7041738320765
,,,grassland,54.34884326146862,18.561502380630316,591.6153193834783,414.1307235684348
,,,grassland,54.34966623096099,18.56035979868809,23089.456446806438,16162.619512764506
,,greenfield,grassland,54.34156224972087,18.5592315830318,1785.8784661596176,1250.1149263117322
,,,grassland,54.33831292283356,18.564885433620542,2516.403352216569,1761.4823465515983
,,greenfield,grassland,54.33835164071593,18.56199565181025,2465.9466419569676,1726.1626493698773
,,,wood,54.34384996712057,18.554764435958944,3607.604685150566,2525.3232796053962
,,,grassland,54.34393736807315,18.554562113367695,6539.687779821951,4577.7814458753655
,,,wood,54.38999285822378,18.57977854433123,946.4561397757251,662.5192978430075
,,grass,,54.35703165286467,18.521916351395465,10085.174599952026,7059.622219966418
,,,grassland,54.3570205258827,18.52726866269385,12700.705203461695,8890.493642423186
,,,grassland,54.356934721382075,18.52584029969333,2582.571637094509,1807.800145966156
,,,grassland,54.35477070580529,18.52505186851595,4033.955377440078,2823.7687642080546
,,grass,,54.34779209377743,18.54806658826869,3549.8029011237277,2484.862030786609
,,,grassland,54.34859923445444,18.549171629620428,14187.293912220473,9931.10573855433
,,,wood,54.33945993622321,18.559411214540972,463.94628642889455,324.7624005002262
,,,wood,54.340131864998774,18.55568052154915,2753.876044119047,1927.7132308833327
,,greenfield,grassland,54.34257480998863,18.551370672321074,3002.1867026241416,2101.530691836899
,,,wood,54.346368824310396,18.548643216836137,23680.335964027676,16576.235174819372
,,grass,,54.344541638108836,18.55018421747515,964.0584412671346,674.8409088869942
,,greenfield,grassland,54.34418254672531,18.552778712595458,1791.018420911917,1253.7128946383418
,,,wood,54.34460908398438,18.554290482581866,1392.8539556952833,974.9977689866982
,,greenfield,grassland,54.345704184290895,18.55097711784438,2773.4970097225073,1941.4479068057549
,,,grassland,54.346754540447165,18.550035219393727,8993.294009325522,6295.305806527865
,,greenfield,grassland,54.345698505192054,18.55178721737586,7971.345104417106,5579.941573091974
,,,grassland,54.343082706852535,18.550086110294462,4828.9365239748495,3380.2555667823945
,,greenfield,grassland,54.34467848554489,18.548250809897795,11811.271399430247,8267.889979601172
,,,grassland,54.3308117021865,18.613512185196736,2549.446718947643,1784.61270326335
,,,grassland,54.331152562342545,18.618605900749362,2600.4764453146936,1820.3335117202853
,,,grassland,54.333316411565995,18.629439621160106,2273.5187773226894,1591.4631441258825
,,,grassland,54.33275530613385,18.63150521081617,15949.834526546201,11164.88416858234
,,,grassland,54.333794273339386,18.622245460612888,47762.23130898603,33433.56191629022
,,,grassland,54.33131255076098,18.62381723957637,1274.380837926621,892.0665865486347
,,,grassland,54.331231136724824,18.620958208137058,3019.458543206498,2113.6209802445483
,,greenfield,grassland,54.33175999935364,18.614832429200625,1365.4239419317728,955.7967593522409
,,greenfield,grassland,54.33176708066055,18.61552024530474,1439.6343996059632,1007.7440797241742
,,greenfield,grassland,54.331559873477396,18.615168841169414,1191.9401176080023,834.3580823256016
,,,grassland,54.33076300540686,18.61788005422847,1986.295387886833,1390.406771520783
,,,grassland,54.430913252485915,18.48701397133647,11550.703249404578,8085.492274583204
,,grass,,54.42816948413159,18.48709600056132,477.4269448197599,334.1988613738319
,,,grassland,54.43045084938537,18.482986344125898,5255.905537536622,3679.1338762756354
,,,grassland,54.42807383120666,18.486559172517598,2419.2702102194417,1693.489147153609
,,greenfield,grassland,54.42914527443656,18.482034815118933,1072.0243738824997,750.4170617177498
,,greenfield,grassland,54.43327480551757,18.470279978719258,5610.451530282582,3927.316071197807
,,,grassland,54.433229136309734,18.47088527624538,486.69934818267194,340.68954372787033
,,grass,,54.436015542824826,18.46869757778958,1952.9165101515966,1367.0415571061176
,,grass,,54.43170931712435,18.47987482808949,646.8877845380849,452.8214491766594
,,greenfield,grassland,54.43000356920829,18.479408124020637,3799.619845394418,2659.7338917760926
,,grass,,54.43027425516258,18.48212547928044,3305.3620418165265,2313.753429271568
,,,wood,54.423980646012616,18.462218676687574,4237.08454090488,2965.959178633416
,,grass,,54.42005597772056,18.460847828986175,1663.882593597324,1164.7178155181268
,,greenfield,grassland,54.419801806810106,18.460554280760213,3647.1227371118375,2552.985915978286
,garden,,,54.42285903626272,18.474111282819404,2879.0168001409525,2303.213440112762
,,greenfield,grassland,54.4227919904788,18.47480575841321,5580.345573962711,3906.241901773897
,,greenfield,grassland,54.42328205970443,18.45794818298144,9347.006445745094,6542.904512021565
,,greenfield,grassland,54.42205305450352,18.460015485846252,2088.2820562848,1461.79743939936
,,greenfield,grassland,54.42207549679992,18.459449545237845,2118.4065697653486,1482.8845988357439
,,greenfield,grassland,54.42236178805428,18.45873067943849,1538.7154985839927,1077.1008490087947
,,greenfield,grassland,54.42233280687005,18.458111303184467,3130.811516667499,2191.568061667249
,,,grassland,54.42371998699191,18.456284397284023,326.05606004715526,228.23924203300865
,,,wood,54.423281396796675,18.455820709696262,907.5073290274061,635.2551303191842
,,greenfield,grassland,54.41945122023239,18.45863514008124,3265.5005147373886,2285.8503603161716
,,greenfield,grassland,54.41920508062115,18.459271164761496,4795.875555790127,3357.1128890530886
,,,grassland,54.41793944919237,18.457817329141943,4356.880844172569,3049.816590920798
,,,grassland,54.41684425483399,18.4696088572773,11122.156806383095,7785.5097644681655
,,grass,,54.37724775746391,18.610983288847663,374.71811887637205,262.3026832134604
,,grass,,54.41842617357172,18.57743910785774,267.7210245864197,187.40471721049377
,,grass,,54.418171302210574,18.57666196603482,3867.6230719547243,2707.336150368307
,,grass,,54.41780971079756,18.575724184762,558.4580061329688,390.9206042930781
,,,grassland,54.3513504880278,18.569949434738724,294.52876018353675,206.1701321284757
,,grass,,54.35047914023602,18.57278744179595,2817.0496919571424,1971.9347843699995
,,grass,,54.35087592994585,18.57035786312294,5178.965437715705,3625.275806400993
,,,grassland,54.35158014859677,18.57442084646387,10994.006885603509,7695.804819922456
,,,grassland,54.35090563787349,18.571840069169223,47096.39068907404,32967.47348235182
,,meadow,,54.32114931334186,18.479862444452884,32783.47137558867,16391.735687794335
,,grass,,54.42799150187831,18.489998645887717,850.3801297761775,595.2660908433242
,,grass,,54.42803443362439,18.491044135550148,964.8402444023171,675.388171081622
,,grass,,54.41896977673253,18.48798432130904,5141.796120455434,3599.2572843188036
,,grass,,54.422525134849735,18.488199863384526,46446.15403776935,32512.307826438544
,,grass,,54.42876780622289,18.494167937317442,1048.9550658748763,734.2685461124133
,,,wood,54.41687033519453,18.481494009752485,1593.2180398757528,1115.2526279130268
,,greenfield,grassland,54.41717689847134,18.482361010975225,2818.989123814174,1973.2923866699216
,,,grassland,54.41714369285032,18.48374833393759,6390.811322724633,4473.567925907243
,,greenfield,grassland,54.42182517013464,18.477783842450496,2364.9719365322962,1655.4803555726073
,,,grassland,54.42221098814116,18.474458245840527,12657.092692726475,8859.964884908532
,,greenfield,grassland,54.423712452053245,18.476155557854074,4777.829184239241,3344.4804289674685
,,greenfield,grassland,54.42590074487502,18.477699529473572,3029.964130042561,2120.9748910297926
,,grass,,54.42455366367392,18.47731080986795,381.4075226052166,266.9852658236516
,,grass,,54.42459715770846,18.47688666112726,243.78589505476845,170.6501265383379
,,,grassland,54.391187101766505,18.485957263269526,2652.158592582109,1856.5110148074762
,,,grassland,54.39066897610453,18.489493690683243,47551.39682481074,33285.977777367516
,,,grassland,54.390199381542864,18.48760103851965,130248.29000343724,91173.80300240607
,,grass,,54.38674986164743,18.578337886221256,211.27956587321933,147.89569611125353
,,grass,,54.386127446341334,18.582463149164546,275.71164019036,192.998148133252
,,meadow,,54.32528485841951,18.470482855346038,857625.776923771,428812.8884618855
,,greenfield,grassland,54.39870682135434,18.47301228316889,2922.176422392892,2045.5234956750244
,,,grassland,54.39198326821598,18.4707716293901,6012.64807274749,4208.853650923243
,,,grassland,54.3919966367958,18.471605996311776,2988.010165088454,2091.6071155619175
,,greenfield,grassland,54.394945152967175,18.465886329331752,6004.2860468280605,4203.000232779642
,,greenfield,grassland,54.392736835433546,18.46994606544551,3560.2606431802956,2492.1824502262066
,,greenfield,grassland,54.39259219705918,18.469222585290556,3611.272543459736,2527.890780421815
,,,grassland,54.394069883805464,18.47169443209937,11446.168508901292,8012.317956230903
,,,grassland,54.39380228524216,18.471205026157413,12065.059552778837,8445.541686945186
,,meadow,,54.39318008005232,18.470476991537762,14728.51151057361,7364.255755286805
,,,grassland,54.395353957957454,18.468570087498357,5889.71112150989,4122.797785056923
,,,grassland,54.396059270540235,18.466684605057615,40578.03104028782,28404.62172820147
,,,grassland,54.39435269696574,18.46938567519915,19598.319753443335,13718.823827410333
,,greenfield,grassland,54.39313517038982,18.472540775396997,8799.272491102016,6159.490743771411
,,,grassland,54.39531797499504,18.47146345709255,14261.93847724808,9983.356934073656
,,greenfield,grassland,54.39768337687157,18.478236324766584,3842.3038536598588,2689.612697561901
,,,grassland,54.39869881391659,18.48049285235515,56688.872510228,39682.2107571596
,,grass,,54.396885154117804,18.48498763657547,8710.11548507372,6097.080839551604
,,grass,,54.390705223417505,18.4781780240084,2177.643637804924,1524.3505464634466
,,grass,,54.38883264523299,18.491988198540312,3617.5214932041144,2532.2650452428798
,,greenfield,grassland,54.38827991166857,18.491701019738155,2453.306203289929,1717.31434230295
,,grass,,54.37284581236906,18.681809973687002,3481.884894804741,2437.3194263633186
,,,wood,54.347932079650555,18.540743311988557,52062.689015235395,36443.882310664776
,,,wood,54.35052181465333,18.541783127718613,14109.691755716736,9876.784229001714
,,,grassland,54.34798461281125,18.53902266787696,3195.978155475654,2237.1847088329578
,,greenfield,grassland,54.3494353925047,18.539376957004922,3289.8472303978533,2302.893061278497
,,greenfield,grassland,54.3490419831396,18.538536659300647,2195.42541136434,1536.797787955038
,,greenfield,grassland,54.34999957239402,18.54022409640123,2368.652972725225,1658.0570809076573
,,,wood,54.33146778093883,18.577897753633934,2229.5960155736298,1560.7172109015407
,,,grassland,54.329586898650064,18.573730645389894,18743.239603681286,13120.2677225769
,,,wood,54.330026852501156,18.576440615328252,621.3335027399401,434.933451917958
,,,wood,54.32988571560789,18.576776750283866,1416.6306903465563,991.6414832425894
,,,wood,54.33078725371183,18.577153416347304,2501.1577952498715,1750.81045667491
,garden,,,54.3655943694532,18.582162878868495,1216.6824990262755,973.3459992210205
,garden,,,54.349203612114145,18.533974845191437,1513.8681007279013,1211.094480582321
,,,grassland,54.34665292551137,18.53375347678087,5323.780784954508,3726.646549468155
,,,grassland,54.346778212783974,18.53139584693661,89.82083113428808,62.87458179400166
,,,grassland,54.34687184025042,18.5307346762402,17651.087710418025,12355.761397292617
,,greenfield,grassland,54.344634132658605,18.536764129957106,9542.289219232174,6679.602453462521
,,,grassland,54.354530646750604,18.53004772479201,427.4430195745452,299.2101137021816
,,grass,,54.38336004871411,18.464645191136025,295.89127608094526,207.12389325666166
,,,grassland,54.42082220235851,18.46220185064016,1519.0656733378528,1063.3459713364969
,,,wood,54.3641071040059,18.511901211407025,7365.991060411485,5156.193742288039
,,grass,,54.36995760087726,18.511989041244515,17810.623333858148,12467.436333700703
,garden,,,54.37518264966409,18.52041875586634,248.10732137339343,198.48585709871475
,,grass,,54.40480796314235,18.598489147897478,375.9201750012762,263.14412250089333
,,grass,,54.40809908167436,18.59009851050752,1015.4123415765919,710.7886391036143
,,grass,,54.36915345602053,18.547330846126787,96.34368713677641,67.44058099574349
,,grass,,54.368556811270615,18.548627438040764,68.72229528320655,48.10560669824458
,,,grassland,54.38612430295422,18.459820624952446,1673.7947815203056,1171.6563470642138
,,,grassland,54.38519764897674,18.463398385782117,27821.180313490637,19474.826219443443
,,,grassland,54.386711718982106,18.469136249938543,50360.379218254246,35252.26545277797
,,grass,,54.3858849713806,18.4603637802489,380.6955251952218,266.48686763665523
,,grass,,54.399514762190336,18.57358836866595,33.25219165097285,23.27653415568099
,garden,,,54.35409845911955,18.632429429743745,1990.8763366961332,1592.7010693569066
,,,wood,54.34654762309002,18.62995957520773,9210.372589897526,6447.260812928268
,,,wood,54.35946921388579,18.628267481955895,2284.099034350283,1598.869324045198
,,,grassland,54.36747382670994,18.625556746226916,1353.9884389886738,947.7919072920716
,,greenfield,grassland,54.36553879052576,18.61560628984997,2265.683543582169,1585.9784805075183
,garden,,,54.36562830471964,18.61475445439474,1420.1046955972374,1136.08375647779
,,grass,,54.349281694997195,18.614186157204895,6342.82407949046,4439.976855643321
,,grass,,54.349131048491955,18.61621618577294,2632.3335133951596,1842.6334593766117
,,grass,,54.34920886211808,18.613044155686783,9.693997358858736,6.7857981512011145
,,grass,,54.34913380065732,18.614323244828686,978.2526208853765,684.7768346197635
,,grass,,54.34902659667995,18.61614784449229,428.05397245164755,299.63778071615326
,,grass,,54.3256871173724,18.62374157297713,982.4371325319535,687.7059927723674
,,,grassland,54.32187740333718,18.618269920054402,8360.188348592306,5852.131844014614
,,,grassland,54.35407823074159,18.54725172988793,159.12547082667461,111.38782957867222
,,,grassland,54.35462564980903,18.546384175153044,152.27734858568454,106.59414400997917
,,,grassland,54.354088753983845,18.545096246505192,333.3067880153785,233.31475161076494
,garden,,,54.34406234863873,18.649585475995472,334.46020426915976,267.56816341532783
,,grass,,54.38095615492821,18.604548707951942,114.16609182066472,79.91626427446529
,,grass,,54.38117947872069,18.604662029860418,13.762856337011188,9.633999435907832
,,grass,,54.39602267728223,18.600903419653502,109.65396535624312,76.75777574937018
,,grass,,54.396072672853556,18.601557784802797,85.28164937723851,59.69715456406695
,,,grassland,54.39642455720341,18.602543486925207,4464.245401562948,3124.9717810940638
,,grass,,54.40346535000167,18.5888459000005,19.216493384767674,13.45154536933737
,,grass,,54.37735349824855,18.58083675574992,223.3002889700903,156.3102022790632
,,grass,,54.34002351865323,18.65117640071302,952.1462608935328,666.5023826254729
,,grass,,54.340292276399936,18.651883076724303,5933.153528447334,4153.2074699131335
,,grass,,54.393592953678414,18.567296217601083,425.3973216270743,297.77812513895196
,,industrial,grassland,54.40173181846389,18.61788179036861,262.4552135647484,183.7186494953239
,,industrial,grassland,54.39963049700354,18.621252387233984,1908.255507964347,1335.7788555750428
,,grass,,54.40198140887794,18.603084348330466,152.64853757579132,106.85397630305393
,,grass,,54.40174720369364,18.60310375854925,113.37791083074907,79.36453758152435
,,grass,,54.40192512188619,18.60292158064878,103.46356294859496,72.42449406401646
,,grass,,54.39424008819179,18.581372692864164,319.3346526238672,223.53425683670704
,,grass,,54.39429858100615,18.581227508902618,208.2319411674689,145.76235881722823
,,grass,,54.394144017344225,18.58072786020299,820.5562469224009,574.3893728456806
,,grass,,54.39364592230006,18.582108682664323,89.61032015691586,62.727224109841096
,,,grassland,54.36523295685799,18.46094681041006,25486.501827341664,17840.551279139163
,,grass,,54.35429669450504,18.48979841134433,1438.6004593423995,1007.0203215396796
,,grass,,54.354407096721495,18.488420976630703,6762.115125508445,4733.480587855911
,,grass,,54.35505942870878,18.490050583882116,4094.243002429,2865.9701017003
,,grass,,54.3540296095942,18.491241114878928,6431.246891512669,4501.872824058868
,,,grassland,54.360868973582896,18.650828489515813,5539.640698098259,3877.748488668781
,,grass,,54.362337323481086,18.651431715193144,452.4694327799857,316.72860294598996
,,grass,,54.36187113894296,18.65173943180905,782.1089414387761,547.4762590071432
,garden,,,54.361672921405514,18.65202095132627,1419.52812921601,1135.622503372808
,,grass,,54.38350504264723,18.621429940402628,101.85290690873396,71.29703483611377
,,grass,,54.38349706463447,18.62131110730863,156.05178902439152,109.23625231707406
,,,wood,54.41656156294862,18.616298029871977,9268.92543860677,6488.247807024738
,,,wood,54.417543280278515,18.613942441374324,6009.823524721999,4206.876467305399
,,,wood,54.42011712176521,18.59573328501051,177697.73069953753,124388.41148967626
,garden,,,54.42248464514035,18.59566442591248,82.04382824451334,65.63506259561068
,,,wood,54.41534648981571,18.61925772539222,9125.244107966126,6387.6708755762875
,,,grassland,54.420295510736366,18.592478676062573,1464.5205947587528,1025.1644163311269
,,grass,,54.43023173243856,18.490034512775495,6091.713923229661,4264.199746260762
,,greenfield,grassland,54.43130946513183,18.490276210899076,60349.61516378746,42244.73061465122
,,grass,,54.42087975551798,18.572338998732317,641.4398411302154,449.0078887911508
,garden,grass,,54.37773569157243,18.61599111605343,124.85215246599964,99.88172197279971
,,grass,,54.37778080569245,18.616018077528732,596.260724184968,417.3825069294776
,,grass,,54.37749472215128,18.615782141602285,2857.89392983408,2000.525750883856
,,,wood,54.40622521573071,18.674528051311547,25125.911707885352,17588.138195519747
,,,wood,54.39510014176024,18.68865562286617,10930.87802285574,7651.614615999018
,,,wood,54.33325448525557,18.61241219852599,4955.951790591342,3469.166253413939
,garden,,,54.33468710003518,18.606422899965438,517.4344761553602,413.9475809242882
,,,wood,54.33857327947737,18.60956758284059,3227.33499229289,2259.134494605023
,,grass,,54.337243785682425,18.61197796603471,400.7884607351443,280.551922514601
,,grass,,54.337200276440825,18.61229360536158,133.12623063489372,93.1883614444256
,,grass,,54.33714296647882,18.612614087987,477.76567855041486,334.4359749852904
,,,wood,54.342085978947246,18.645890094903876,8084.178202110102,5658.924741477071
,,grass,,54.4188609790569,18.572809348312283,1040.8135195706109,728.5694636994276
,,grass,,54.42026652732776,18.572569207539697,325.5623659031467,227.8936561322027
,,grass,,54.4182096269175,18.572585001356014,117.60665415980453,82.32465791186317
,,grass,,54.4182911129351,18.572299008067056,1440.8171111786003,1008.5719778250201
,,grass,,54.418834796476844,18.572424113048445,2574.2920807838996,1802.0044565487296
,,grass,,54.42009026642584,18.57252888009717,137.65395389782847,96.35776772847993
,,grass,,54.41919571939069,18.572237501935383,7760.34221185671,5432.239548299696
,,grass,,54.417790152967115,18.574708197262744,405.03039689737324,283.52127782816126
,,grass,,54.41702517878385,18.573113914484992,760.0043565182269,532.0030495627589
,,grass,,54.417168006608996,18.57278515920856,605.90471039694,424.133297277858
,,grass,,54.41686795134724,18.57221765204836,329.93139926410635,230.9519794848744
,,grass,,54.416603742999115,18.572365620346588,699.5260098059504,489.6682068641652
,,grass,,54.4179344374379,18.572116000499662,236.01025425936933,165.20717798155852
,,grass,,54.41804076820584,18.571862417143688,312.6006357577759,218.8204450304431
,,grass,,54.41758821289518,18.57221504815136,229.7914327988722,160.85400295921053
,,grass,,54.41771441881573,18.572105901977082,269.7400123856621,188.81800866996346
,,,wood,54.372218564954814,18.685991298990274,19400.71321868823,13580.49925308176
,,,wood,54.37012063729017,18.689953374869894,24629.26687191732,17240.48681034212
,,,grassland,54.370588280112145,18.690787787671344,5086.835082627772,3560.7845578394404
,,grass,,54.37231830101143,18.614449967688973,217.94266931650077,152.55986852155053
,,grass,,54.372243463974115,18.614834396188616,395.2683645571216,276.6878551899851
,,grass,,54.372124022138834,18.61555230087133,47.797888698097175,33.45852208866802
,,grass,,54.37207966864136,18.615774494948386,565.7750225411899,396.04251577883286
,,,wood,54.39046623555569,18.59080962716273,581.4400446555692,407.0080312588984
,,grass,,54.37987796387976,18.48393217961064,1600.9763284738676,1120.6834299317072
,,grass,,54.38032779102016,18.483153033104664,411.5083370416534,288.05583592915735
,,grass,,54.380407212623346,18.483377528834666,560.6866678944142,392.4806675260899
,,grass,,54.38319944972489,18.46292140498742,2723.513507209192,1906.4594550464344
,,grass,,54.383122927292916,18.463588202196398,185.37315068694096,129.76120548085868
,,,wood,54.38721487129703,18.575899689776904,562.0494120038281,393.43458840267965
,,,grassland,54.39376745422459,18.59558851465241,7471.851618213283,5230.296132749298
,,greenfield,grassland,54.343447158498996,18.60977696911315,1959.1256202607408,1371.3879341825184
,,grass,,54.40471425624172,18.600277166039966,55.36233755770439,38.753636290393075
,,grass,,54.40478762729848,18.60068040403808,46.89662803562238,32.827639624935664
,garden,,,54.41988448743232,18.470155686998627,370.45248398548557,296.36198718838847
,,,grassland,54.32499268486607,18.642237410404746,3838.406211387071,2686.8843479709494
,,,wood,54.374276730530106,18.635492692900897,13593.229421708786,9515.260595196149
,,,grassland,54.299966425387304,18.62698290415649,3387.403977697876,2371.182784388513
,,,grassland,54.29529206325246,18.617738009765255,16283.576617205792,11398.503632044054
,,,grassland,54.29471822543047,18.615546050870318,166771.50056264544,116740.0503938518
,,,grassland,54.29500001277039,18.612792785632895,12012.704107690715,8408.8928753835
,,grass,,54.39111214500099,18.61099143723428,3172.864573763216,2221.005201634251
,,grass,,54.40601238327675,18.603723288068156,168.40614905699184,117.88430433989427
,garden,,,54.405878839969056,18.60383326139242,127.13314273810057,101.70651419048046
,garden,,,54.40579365000046,18.603768750000842,4.299647876316502,3.439718301053202
,garden,,,54.405894472738375,18.603742679356504,11.098739493636451,8.878991594909161
,,grass,,54.40572910951608,18.603010096176327,538.9464642432944,377.26252497030606
,,grass,,54.40596849858836,18.603383052581954,340.09007796686603,238.0630545768062
,,grass,,54.40591977320142,18.60307127069482,39.71869119306567,27.80308383514597
,,grass,,54.40589421307376,18.603085136042825,20.62941827746151,14.440592794223056
,,grass,,54.419949328967476,18.58153321990779,122.71272529467585,85.89890770627309
,,grass,,54.41992111832939,18.581855820491487,100.96579695347447,70.67605786743212
,,grass,,54.417043329593746,18.5351757408209,200.1679140299046,140.11753982093322
,park,,,54.37977482513043,18.61216450988577,4851.360202768879,4851.360202768879
,,grass,,54.3489557504722,18.63870181992028,66.84978071869048,46.794846503083335
,,grass,,54.34893419316552,18.637707052620105,544.0083259295208,380.8058281506645
,,grass,,54.424248485420776,18.588935973276488,223.27370886001097,156.29159620200767
,,grass,,54.42484227149546,18.58848652602468,141.9491005524422,99.36437038670952
,,grass,,54.42349175000083,18.58972105000016,23.045370895030338,16.131759626521237
,,grass,,54.42360394815248,18.589714025963428,20.820339257763536,14.574237480434475
,,grass,,54.423715300001,18.58971035000009,28.803090004069094,20.162163002848366
,,grass,,54.423801814881266,18.589709828807255,32.87496709712508,23.012476967987553
,,grass,,54.423871029090414,18.58972857093632,35.42889816070846,24.80022871249592
,,grass,,54.42456467574407,18.58838350247575,278.4311718419331,194.90182028935317
,,grass,,54.42454507275269,18.588288181062797,209.3313060400674,146.53191422804719
,garden,,,54.3742519029892,18.55930980450348,210.33045953280217,168.26436762624175
,garden,,,54.374172138613964,18.559253997949305,103.09759320162706,82.47807456130165
,,,grassland,54.373456541476834,18.687244166652814,8502.165806636865,5951.516064645805
,,,wood,54.371754908505984,18.72833276230501,1972.416891219845,1380.6918238538915
,,grass,,54.36142600085088,18.713688869713035,254.32221579695928,178.0255510578715
,,grass,,54.361804282211025,18.710057598539866,55.18985485941768,38.63289840159237
,,grass,,54.416357326646576,18.586353232254673,102.99750979400025,72.09825685580017
,,grass,,54.41381384923773,18.588194263859368,703.9580221501429,492.7706155051
,,grass,,54.41687091684242,18.57354106161602,26.951442735600928,18.86600991492065
,,grass,,54.35791363230913,18.586120750635676,54.94219915045153,38.459539405316065
,,grass,,54.37092875704055,18.620093114418403,329.97744635290235,230.98421244703164
,,grass,,54.372150313996165,18.618566941071194,730.4061744983992,511.2843221488794
,,grass,,54.370957590502904,18.62114878401752,1204.423807154858,843.0966650084006
,,grass,,54.37050929299649,18.62159905058666,119.63809757812491,83.74666830468743
,,grass,,54.37055888391943,18.621451282098402,82.77105588996282,57.939739122973975
,,grass,,54.37060145004957,18.621326533287714,74.2980235630248,52.008616494117355
,,grass,,54.37190275676855,18.617074753952455,1476.6186912916537,1033.6330839041575
,,grass,,54.37128878513409,18.61798881973571,103.02464366836192,72.11725056785333
,,grass,,54.3710637530877,18.617267239327457,131.90751375944137,92.33525963160895
,,grass,,54.3709379215557,18.61735326293396,222.8245213349261,155.97716493444824
,,grass,,54.37107693299411,18.617041134515556,424.98581215470966,297.49006850829676
,,grass,,54.371234643691885,18.617291846102535,524.839805900355,367.3878641302485
,,grass,,54.371402400024884,18.616937099998562,201.31150491066248,140.91805343746373
,,grass,,54.3716212128563,18.616520183517082,53.29848316651019,37.30893821655713
,,grass,,54.37132862784972,18.61681830524557,314.5039735686517,220.15278149805619
,,grass,,54.37135526088316,18.617020477184646,136.28371161316463,95.39859812921523
,,grass,,54.37164314097801,18.617233460816742,1138.4627972017024,796.9239580411917
,,grass,,54.37167948746219,18.616914403362674,1163.5159515104026,814.4611660572817
,,grass,,54.37195353316478,18.614321880434012,189.93014091940054,132.95109864358037
,,grass,,54.37220783604449,18.61449323796362,24.759708654348437,17.331796058043903
,,grass,,54.37213133339113,18.61276923233364,607.9152083689838,425.54064585828866
,,grass,,54.371438754904354,18.616843262981924,107.47952179502147,75.23566525651502
,,grass,,54.37131383309038,18.617353000585545,195.2141840678233,136.6499288474763
,,grass,,54.37131323071897,18.617175994556373,272.4916101892365,190.74412713246554
,,grass,,54.371254559056034,18.61693164520416,40.87791668677956,28.61454168074569
,,grass,,54.371829662164984,18.617933368438642,487.2765235922419,341.0935665145693
,,grass,,54.372159780977974,18.618213559310004,679.1432027148425,475.4002419003897
,,grass,,54.37231007209912,18.618271944831992,224.90378861073592,157.43265202751513
,,grass,,54.372333374239766,18.61770294014463,3313.4081135559913,2319.385679489194
,,grass,,54.37191434596848,18.617531195148786,1510.256671148577,1057.1796698040039
,,grass,,54.37198431085782,18.618950485183806,1333.0222779465084,933.1155945625559
,,grass,,54.37179404310582,18.619127601099912,404.79318129236225,283.35522690465353
,,grass,,54.37163251127483,18.619602027572892,414.634358762126,290.2440511334882
,,grass,,54.37156380721788,18.619820140758556,311.30798905830534,217.91559234081373
,,grass,,54.371592621987915,18.620040301416758,1402.1011403386474,981.4707982370531
,,grass,,54.37145170017728,18.616719182886545,474.0294898522564,331.82064289657944
,,grass,,54.37198107286261,18.616625779616133,63.589400189645346,44.51258013275174
,,grass,,54.37220396667232,18.6153004,40.58081477087177,28.406570339610237
,,grass,,54.372185533587405,18.61524582710371,41.91591702221613,29.341141915551287
,,grass,,54.37233020625941,18.61488955232875,28.755652654436968,20.128956858105877
,,grass,,54.37044554908255,18.613843374504096,176.71334296192663,123.69934007334864
,,grass,,54.37048965402236,18.613410963031633,215.985359451281,151.18975161589668
,,grass,,54.37041334020444,18.61408711959086,149.4635008735227,104.62445061146587
,,grass,,54.37076141747499,18.6142995045654,474.1908168433414,331.93357179033893
,,grass,,54.37058900000999,18.613988533333334,201.5873377985281,141.11113645896967
,,grass,,54.3707806274618,18.61601211860655,220.32146215843022,154.22502351090114
,,grass,,54.372922791880654,18.61604782777761,54.16707584313084,37.91695309019158
,,grass,,54.37276875327815,18.615969446746696,246.59822924087615,172.6187604686133
,,grass,,54.37253064264615,18.617474811373885,317.63087204947215,222.3416104346305
,,grass,,54.37268636523063,18.617060919778403,1116.9381605369467,781.8567123758627
,garden,,,54.42045012640066,18.452093688144735,863.3967989653888,690.7174391723111
,,grass,,54.42071110843077,18.452312755188103,67.69101327739989,47.38370929417992
,garden,,,54.42061101442254,18.452352156778097,62.905532652553475,50.32442612204278
,,grass,,54.42067142650516,18.45238980826102,35.946452160600884,25.162516512420616
,,grass,,54.400054884503646,18.572558532682176,58.48576417698638,40.940034923890465
,,grass,,54.399931158211174,18.572673138826957,53.53632640219333,37.47542848153533
,,meadow,,54.44238659688504,18.46847039181104,17865.60091137808,8932.80045568904
,,meadow,,54.441409707358325,18.466166219556477,89222.57609873239,44611.288049366194
,,,grassland,54.439045109005015,18.462940843233444,9188.65513742659,6432.058596198612
,,grass,,54.3988456917414,18.57241724895262,1354.5507878547426,948.1855514983197
,,grass,,54.39845995105361,18.572755510192696,20.019328271161466,14.013529789813026
,,grass,,54.39727550409863,18.572506512964353,3097.3995103757306,2168.1796572630114
,,grass,,54.39690633195042,18.572288544617376,334.1755312831565,233.92287189820954
,,grass,,54.39748763628544,18.574653722692062,692.8186336343183,484.9730435440228
,,grass,,54.39719561974283,18.57499996309219,754.1179291155215,527.882550380865
,,grass,,54.39396812872114,18.574698024646544,133.22876445900084,93.26013512130058
,,grass,,54.3941076469369,18.57455738480085,131.33882769715413,91.93717938800789
,,grass,,54.39424757034249,18.57441583266196,136.81198801918487,95.7683916134294
,,grass,,54.394386558433666,18.57427394949172,131.91089388551907,92.33762571986334
,,grass,,54.39452506059904,18.57413476950755,134.02066301608707,93.81446411126095
,,grass,,54.394665567078754,18.573994931490606,136.03637789527838,95.22546452669486
,,grass,,54.3930029008441,18.578661351068135,48.696874667304805,34.087812267113364
,,grass,,54.3928939231754,18.57823908778246,24.68087485545145,17.276612398816013
,,grass,,54.39286977335864,18.578151718566136,30.716787609511613,21.501751326658127
,,grass,,54.392830660091185,18.577986401249152,51.61735823728975,36.132150766102825
,,grass,,54.39276225666628,18.578235722293364,31.622757987530065,22.135930591271045
,,grass,,54.39278416189847,18.578318823005695,16.895269702116135,11.826688791481294
,,grass,,54.40128561564956,18.574996240881323,420.0407508044875,294.0285255631412
,,grass,,54.40140971860464,18.575541468845866,43.76421304716547,30.634949133015827
,,grass,,54.40132106547895,18.574250478389516,83.41376058956253,58.389632412693764
,,grass,,54.40179346791859,18.577695284879432,163.51855476443117,114.46298833510181
,,grass,,54.40185018940106,18.577753305914865,97.34993525047716,68.144954675334
,,grass,,54.40186229575173,18.577583300143278,294.7057190593413,206.29400334153888
,,grass,,54.40184450510976,18.578076179370807,124.76558244528698,87.33590771170088
,,grass,,54.40202731971598,18.579047377525697,282.4219395384959,197.6953576769471
,,grass,,54.40212277873132,18.5792768818676,21.497595110063905,15.048316577044732
,,grass,,54.402174084319185,18.57958125357166,38.420919998328536,26.894643998829974
,,grass,,54.402141352042506,18.57969871475834,63.917475708127846,44.74223299568949
,,grass,,54.40325464782452,18.58709544343252,65.46181647262631,45.82327153083841
,,grass,,54.40345987699412,18.58824970893113,102.12690541878467,71.48883379314927
,,grass,,54.40373582078518,18.588676863779266,66.44652093528003,46.51256465469602
,,grass,,54.40340799865187,18.59216275289433,1126.485204616487,788.5396432315408
,,grass,,54.40295964277,18.592126047728602,287.6767552564439,201.37372867951075
,,grass,,54.40165209046245,18.576098529220417,297.89435241944113,208.52604669360878
,,grass,,54.40300455217808,18.585478600891886,64.59315768424136,45.21521037896895
,,grass,,54.40289390857201,18.584822822138907,225.47623671440974,157.8333657000868
,,grass,,54.40277936775965,18.58416248126214,160.0167219810647,112.01170538674529
,,grass,,54.40178355662442,18.578522956794703,40.660324864775774,28.46222740534304
,,grass,,54.3509903691772,18.549886356830136,861.4315542430307,603.0020879701215
,,,grassland,54.394730006984766,18.484699143799045,4149.226192720323,2904.4583349042255
,,,wood,54.3965238330967,18.482667302036294,8677.929806280701,6074.55086439649
,,,grassland,54.39630800845292,18.483064754732528,7279.395429243146,5095.576800470202
,,,grassland,54.400123677441485,18.482792459203683,838.6235489226545,587.0364842458581
,,,grassland,54.38850476686406,18.471924221456433,8637.877021787801,6046.51391525146
,,,grassland,54.38972336300489,18.475107537156525,5462.447292100937,3823.7131044706557
,,,grassland,54.40788510643704,18.471389032830793,15532.216974057701,10872.55188184039
,,greenfield,grassland,54.41059037879973,18.458688998523645,5733.002185384525,4013.101529769167
,,,grassland,54.41033470231655,18.4677151031273,6868.359626396234,4807.851738477363
,,greenfield,grassland,54.410726854557936,18.46725211994702,2846.476967994683,1992.533877596278
,,greenfield,grassland,54.4110701882812,18.467994230418103,4479.877156800835,3135.9140097605846
,,,grassland,54.41186675446719,18.465761447893893,2784.283796569344,1948.9986575985406
,,,grassland,54.410284630304425,18.465378189926327,1165.824116948822,816.0768818641753
,,,grassland,54.411429904606855,18.46711540179528,104247.89904427712,72973.52933099397
,,,grassland,54.40701624984221,18.46003957505717,62853.2618091888,43997.283266432154
,,grass,,54.401968562871964,18.581730840098256,966.2482666594692,676.3737866616284
,,grass,,54.402047787526925,18.58152523796859,114.81778803774003,80.37245162641801
,,grass,,54.401912809291716,18.58161066624726,16.32125478540225,11.424878349781574
,,grass,,54.401833911569774,18.581668768887578,22.471180099101332,15.729826069370931
,,grass,,54.40163830556096,18.58181583860173,90.11740141849705,63.08218099294793
,,grass,,54.40152171703758,18.57756946888025,46.25359604435991,32.37751723105193
,,grass,,54.401399163564086,18.577650874710354,27.51777560721675,19.262442925051722
,,grass,,54.40128039238933,18.57772890999763,50.95728698668729,35.670100890681105
,,grass,,54.40116484672009,18.577803995091056,20.04480411708512,14.031362881959584
,,grass,,54.40105974771384,18.577873645335448,35.38758091143008,24.771306638001054
,,grass,,54.40089647641311,18.577982606388492,38.70530276302006,27.09371193411404
,,grass,,54.400757773362734,18.57809300561699,28.93630252267356,20.255411765871493
,,grass,,54.400555338245915,18.578281916972376,93.23839236352649,65.26687465446854
,,grass,,54.40027174897474,18.578547243878326,10.45709367701804,7.3199655739126275
,,grass,,54.400208368563575,18.57860631728122,7.29414324966684,5.105900274766788
,,grass,,54.400122228414325,18.57868733193075,43.00511474987152,30.10358032491006
,,grass,,54.40002060667366,18.578783212270256,8.675040321406529,6.07252822498457
,,grass,,54.401834814986856,18.577314622543383,70.76479899788818,49.53535929852172
,,grass,,54.40191320759021,18.57714302895212,103.81628484690808,72.67139939283565
,,grass,,54.40221900733976,18.582228803841648,56.21509801688628,39.35056861182039
,,grass,,54.40217808296586,18.581984948343926,56.109021236139455,39.276314865297614
,,grass,,54.401924422293135,18.582907163564265,55.967533093650886,39.17727316555562
,,grass,,54.401882772269616,18.582664617487815,56.491176714692486,39.54382370028474
,,grass,,54.40192004571949,18.58238045305119,56.115271448680346,39.28069001407624
,,grass,,54.401906849173635,18.58349168393226,76.89626347215192,53.827384430506335
,,grass,,54.40182197109201,18.582952916422588,57.623324935510496,40.33632745485735
,,grass,,54.401639893360354,18.58253432263289,73.33845366902351,51.33691756831645
,,grass,,54.40234599565993,18.582298947755348,1289.5762830769158,902.703398153841
,,grass,,54.40243066293026,18.582891631900115,136.0942970079907,95.26600790559348
,,grass,,54.402276435817015,18.582959627710043,29.32685323724145,20.528797266069013
,,grass,,54.40226178372471,18.58247379921578,56.21760485012353,39.352323395086465
,,grass,,54.40196281269075,18.582625363112264,55.990471909592095,39.19333033671447
,,grass,,54.40200445173499,18.582869379930862,56.12454105239009,39.28717873667306
,,grass,,54.40184008539384,18.58242096305876,56.20606324165211,39.344244269156476
,,grass,,54.402016004912525,18.583438967841836,56.292417097963884,39.40469196857472
,,grass,,54.35095502035671,18.549317264497947,300.88581796846285,210.620072577924
,,,grassland,54.35046886051853,18.576607161287967,17767.95856403201,12437.570994822407
,,grass,,54.43045320488259,18.479442962723766,215.95175064329274,151.16622545030492
,,grass,,54.42580988323245,18.46931715813536,82.19884419383294,57.53919093568305
,,grass,,54.430626650052574,18.46805379998306,406.69342861657543,284.6854000316028
,,grass,,54.43071432631478,18.466473394513923,823.5337736779755,576.4736415745829
,,grass,,54.43098227651536,18.466977884210785,608.4455113101683,425.9118579171178
,,,grassland,54.41899569014457,18.4567763412478,197.16642612218624,138.01649828553036
,,,grassland,54.390028947451576,18.595836748909846,820.1549294661411,574.1084506262987
,,,grassland,54.38987476508916,18.59557734309355,240.3104839295809,168.21733875070663
,,grass,,54.38292175394348,18.708401249897904,303.0363865963269,212.12547061742882
,,grass,,54.38339055298678,18.71143272703333,346.9750000382976,242.8825000268083
,,grass,,54.383313800690225,18.71123706184605,45.82963158219026,32.08074210753318
,,grass,,54.383414109029715,18.710865103599886,728.9736412442962,510.2815488710073
,,grass,,54.3834476647851,18.711007518114243,332.1853577509395,232.52975042565762
,,grass,,54.38376294133265,18.710580101915973,530.7023976940459,371.4916783858321
,,grass,,54.38399857919066,18.708524066373077,2158.1831904065875,1510.7282332846112
,,grass,,54.38368990294816,18.710129221606284,3372.5479138805104,2360.783539716357
,,grass,,54.38388917124996,18.709300643096114,1349.666261761594,944.7663832331157
,,grass,,54.38382990225476,18.708253657523347,314.34542957004425,220.04180069903097
,,grass,,54.38378753157549,18.710405805347854,46.96668474428695,32.876679321000864
,,grass,,54.407928932532194,18.596181375991556,70.4744615385693,49.332123076998506
,,grass,,54.40772576655893,18.596417584976184,70.45793072952213,49.32055151066549
,,grass,,54.407540802229214,18.596709601651554,70.4666618439995,49.32666329079965
,,grass,,54.40734848222768,18.597031696026654,70.4294971420806,49.30064799945642
,,grass,,54.40716725448277,18.597367387659872,70.47815605066782,49.33470923546747
,,grass,,54.40698134298109,18.597698539348322,70.50264087619044,49.3518486133333
,,grass,,54.40679873314589,18.59803495040429,70.45090874379989,49.31563612065992
,,grass,,54.406599313260784,18.598378032455596,70.45780512148613,49.32046358504029
,,grass,,54.4063813062839,18.598706091301352,78.37628398920575,54.863398792444016
,,grass,,54.40611384778876,18.598902216865167,78.33702353763705,54.835916476345936
,,grass,,54.40583958930927,18.59907471052411,78.38025200927342,54.86617640649139
,,grass,,54.41038216660247,18.599400913891323,1007.1990179398485,705.0393125578939
"Skwer ""Stołówka""",park,,,54.360450903593936,18.65047536813793,5013.375261457018,5013.375261457018
,,grass,,54.38163212023231,18.59672746063287,48.094193771475446,33.66593564003281
,,grass,,54.38045539901347,18.59453344879967,628.1902136479156,439.7331495535409
,,grass,,54.380549893118896,18.59440163527221,618.8537128087584,433.19759896613084
,,grass,,54.379691306999284,18.59522807715141,237.1896225472887,166.03273578310208
,,grass,,54.37958127758966,18.595200591461506,234.6085052314231,164.22595366199616
,,grass,,54.37948069404301,18.59517462266166,176.06616269167122,123.24631388416985
,,grass,,54.37946031303133,18.59542028092178,444.1970540574346,310.9379378402042
,,grass,,54.37934820002086,18.595288966666665,144.47472427678102,101.13230699374671
,,grass,,54.29495909793796,18.587828251867037,263570.9122285703,184499.6385599992
,,grass,,54.289308824442195,18.60058329747917,173110.1884989002,121177.13194923014
,,greenfield,grassland,54.31939213539646,18.587400334388352,4730.244542843586,3311.1711799905097
,,meadow,,54.40907045843128,18.54878640423656,3717.631633979462,1858.815816989731
,,grass,,54.411585206814514,18.54587270153418,1883.8401975247991,1318.6881382673594
,,grass,,54.41152485742309,18.545666499017972,654.3465074921968,458.0425552445377
,,grass,,54.41054421418072,18.5491302535964,1874.8671922185022,1312.4070345529515
,,grass,,54.41049959673217,18.549896058783688,707.7720528730325,495.44043701112275
,,grass,,54.41053171004529,18.54956930769213,385.069239914906,269.5484679404342
,,grass,,54.41092217629963,18.54874184987089,146.78535267088535,102.74974686961974
,,grass,,54.41067556795724,18.54914909335264,16.472944737833078,11.531061316483154
,,grass,,54.4113424568332,18.547348507846145,311.3392653859513,217.9374857701659
,,grass,,54.41133481970662,18.54758093148543,129.68709030704187,90.7809632149293
,,grass,,54.410933977035725,18.548598191129187,1150.5299386035772,805.370957022504
,,grass,,54.411042885750874,18.548114414550053,237.22145792876339,166.05502055013437
,,grass,,54.41129832648554,18.54814040314031,25.89212797231121,18.124489580617848
,,grass,,54.41124290949418,18.54799966185952,935.9587489657214,655.1711242760049
,,grass,,54.41115806871467,18.54765508942118,424.38440946206515,297.06908662344557
,,grass,,54.40443771149826,18.60079622521104,100.51284629086229,70.3589924036036
,,grass,,54.35341449994349,18.641864656898928,391.517156720823,274.06200970457604
,,grass,,54.35362237137544,18.642254089935058,535.89005048655,375.123035340585
,,,grassland,54.353736921870436,18.641446458265126,17225.126177148613,12057.58832400403
,,grass,,54.352957429175305,18.641865148526414,3838.3802689666695,2686.8661882766687
,,grass,,54.350753553425854,18.64105265185041,540.1950472117937,378.1365330482556
,,grass,,54.35106776323373,18.641133539037693,698.2878681736544,488.80150772155804
,,greenfield,wood,54.416030775637935,18.456183375509543,4454.082318736343,3117.8576231154398
,,greenfield,wood,54.41663889194227,18.456259025562833,4705.911328948438,3294.137930263906
,,greenfield,wood,54.41490186585602,18.457148839975982,16416.939315553464,11491.857520887424
,,greenfield,grassland,54.4153116373194,18.45546884271406,7947.1380692998,5562.996648509859
,,greenfield,grassland,54.4148795198882,18.454580670284106,7656.793373576081,5359.755361503257
,,greenfield,grassland,54.411130328305426,18.451292488612847,1599.110573203918,1119.3774012427425
,,greenfield,grassland,54.409316233214675,18.450461941875425,1603.5876736868552,1122.5113715807986
,,greenfield,grassland,54.409696265293945,18.45063587256111,3195.413517741915,2236.78946241934
,,greenfield,grassland,54.408876739163624,18.451992742752655,3882.8110052050397,2717.967703643528
,,greenfield,grassland,54.40933236764791,18.45219829971261,3846.5776811639557,2692.604376814769
,,,grassland,54.40875383914642,18.455987475896407,47041.90004293492,32929.33003005444
,,,wood,54.41010983201376,18.455247794066803,15218.513564125205,10652.959494887644
,,greenfield,grassland,54.414568129097795,18.447673964921172,2923.1764142562597,2046.2234899793816
,,greenfield,wood,54.414256650324916,18.44802067665863,2950.025459757682,2065.017821830377
,,,wood,54.412361203461714,18.451786565922255,4180.872130035661,2926.6104910249624
,,greenfield,grassland,54.412712328337435,18.45021386649118,2288.6964692204983,1602.0875284543488
,,greenfield,grassland,54.41402977241015,18.44663716388602,3496.958731911404,2447.8711123379826
,,greenfield,grassland,54.409412031347124,18.449675515667415,4089.388562774905,2862.5719939424334
,,,wood,54.40951122745854,18.444228735900328,7227.668508105376,5059.3679556737625
,,greenfield,wood,54.40935018082172,18.447860657199218,3498.276217803751,2448.7933524626255
,,greenfield,wood,54.40942033377425,18.44697612460436,2397.597555173285,1678.3182886212994
,,greenfield,grassland,54.40941237521543,18.447432603158347,3471.7237894966374,2430.206652647646
,,,wood,54.40996176644491,18.44674713769516,1884.0455021953376,1318.8318515367362
,,greenfield,wood,54.40979293484912,18.44627853443114,7225.059932753705,5057.541952927593
,,greenfield,wood,54.410381391648116,18.44664535762775,2990.78669201009,2093.550684407063
,,greenfield,grassland,54.40998526797609,18.44501586733245,7277.083055375058,5093.95813876254
,,greenfield,grassland,54.41044535422099,18.44624849032931,3029.441844597423,2120.6092912181957
,,greenfield,wood,54.41135070822794,18.44827251251453,2346.2241198967977,1642.3568839277582
,,greenfield,grassland,54.41181465844609,18.448183212814353,2050.9277306470894,1435.6494114529626
,,greenfield,grassland,54.41210214851194,18.44648951186542,2315.606402167279,1620.9244815170953
,,greenfield,grassland,54.4125076517645,18.44636699901301,2343.3680306742845,1640.357621471999
,,greenfield,grassland,54.41137372318693,18.44985781894916,5404.491559438234,3783.144091606763
,,greenfield,grassland,54.41435173972627,18.451718613810385,3245.7051421839833,2271.9935995287883
,,greenfield,grassland,54.415253898038046,18.45022866070946,1352.724719447511,946.9073036132577
,,grass,,54.41877265198201,18.4497095005687,1767.5806052588232,1237.306423681176
,,grass,,54.39344536861542,18.567483380697023,3722.3451386130478,2605.641597029133
,,grass,,54.39377714272713,18.56746545465356,367.21644951203467,257.05151465842425
,,grass,,54.393717499777274,18.56713782465036,1981.61912240913,1387.1333856863907
,,grass,,54.42496590502359,18.5924466675849,88.63824740850264,62.04677318595184
,,grass,,54.42507616719143,18.592616748830537,89.51010954191416,62.65707667933991
,,grass,,54.425177773935346,18.592773605697623,90.60934212754353,63.426539489280465
,,grass,,54.42527715425151,18.592927118918205,91.44551089693591,64.01185762785514
,,grass,,54.42537635386461,18.593080219561024,92.00274892524595,64.40192424767217
,,grass,,54.4254751379428,18.593232483315003,93.280810577735,65.29656740441449
,,grass,,54.42483052925286,18.5923949859566,201.50815632448675,141.05570942714073
,,grass,,54.42556866218942,18.593391272206613,587.929289218767,411.5505024531369
,,greenfield,grassland,54.3394741551308,18.558191298650097,1145.1808287123288,801.6265800986301
,,grass,,54.343904711426845,18.558035021221258,2039.9899019960674,1427.992931397247
,,greenfield,grassland,54.34397459780396,18.557627373748698,2979.2823972446226,2085.497678071236
,,,grassland,54.34214564061267,18.55391231993521,5180.221258477722,3626.154880934405
,garden,,,54.3397737151806,18.567283420185706,2379.0023381426413,1903.2018705141131
,,grass,,54.3529449374619,18.549984660305828,5120.044084935769,3584.0308594550384
,,,wood,54.31544290368406,18.57944486935088,9804.380866103542,6863.066606272479
,,,wood,54.31451785426281,18.57266075518631,6823.577280174308,4776.504096122015
,,,wood,54.32417114571696,18.59349037154348,4207.855954405521,2945.4991680838643
,,grass,,54.32849663013204,18.59437037183573,500.8886729879827,350.6220710915879
,,grass,,54.3255911710435,18.591188843370503,773.8776442199954,541.7143509539968
,,grass,,54.327462397788786,18.59604520613589,111.67812504164817,78.17468752915372
,,grass,,54.32719392015678,18.595476403629007,16.508343162303927,11.555840213612749
,,grass,,54.32580986574232,18.593628010126867,250.73491632321165,175.51444142624814
,,grass,,54.32599314419382,18.59338895222662,619.2415732777887,433.46910129445206
,,,wood,54.32596909139734,18.59308997333178,1065.7434244411577,746.0203971088104
,,grass,,54.325384360460525,18.59237210183357,407.7271809508506,285.4090266655954
,,grass,,54.32557659885132,18.59377785905,932.3439413321222,652.6407589324855
,,grass,,54.32847565099594,18.59345268072733,2264.1197065756987,1584.883794602989
,,grass,,54.32892197955508,18.59295351801259,1932.1405946705588,1352.498416269391
,,grass,,54.328624678336475,18.594982472724126,1603.5202677579057,1122.464187430534
,,grass,,54.32999500367001,18.594286450278773,1373.5040070413552,961.4528049289486
,,grass,,54.32832223166858,18.59635594515937,56.999028260528064,39.899319782369645
,,grass,,54.32833780694057,18.596474907485533,178.75460535357553,125.12822374750286
,,grass,,54.32937382072132,18.595192076059593,59.388256186165016,41.57177933031551
,,grass,,54.3294656179897,18.595093313724668,61.612003070232674,43.128402149162866
,,grass,,54.329887557995654,18.59670074794695,6219.3411879741625,4353.538831581914
,,grass,,54.328714772354914,18.597941991459372,1281.5850829920257,897.1095580944179
,,grass,,54.328423980530594,18.59814327317537,308.12477441709393,215.68734209196575
,,grass,,54.329261173291904,18.594655414032786,26434.33613807286,18504.035296651
,,grass,,54.329703885113304,18.593600516415346,366.1487633840562,256.30413436883936
,,greenfield,grassland,54.32840090237709,18.595625387794648,7786.324759705932,5450.4273317941515
,,grass,,54.32825009992872,18.597455266000036,3878.5034571384936,2714.9524199969455
,,grass,,54.32792218357385,18.59662619252584,582.0042947429012,407.4030063200308
,,grass,,54.3270663786559,18.596900705187256,37.23383466600517,26.06368426620362
,,,grassland,54.32571913261932,18.592049669227723,92.6922499782295,64.88457498476065
,,,grassland,54.32560105219166,18.592111514689616,469.48151744049255,328.6370622083448
,,grass,,54.32731167183988,18.59464633674359,305.35847536950206,213.75093275865143
,,grass,,54.327330538653825,18.59503825408603,2406.50821589784,1684.5557511284878
,,grass,,54.327150324611644,18.595034407638153,139.78103319219267,97.84672323453486
,,grass,,54.32709402518864,18.594620815941713,3636.9504246535225,2545.8652972574655
,,grass,,54.32634699424284,18.593336178835617,129.37277215065905,90.56094050546133
,,grass,,54.3272568100239,18.59385814635031,848.5531125952358,593.987178816665
,,grass,,54.326926619225574,18.593594828271495,3995.452129578133,2796.816490704693
,,grass,,54.32669096054302,18.593950055727632,2160.0864763678637,1512.0605334575046
,,grass,,54.32652635307773,18.59409886361267,408.66950029878655,286.0686502091506
,,grass,,54.32606837879669,18.593596630693508,438.5676305159462,306.9973413611623
,,grass,,54.326256986606786,18.593454056225927,122.50411647201746,85.75288153041221
,,grass,,54.326812953129036,18.5947224614426,187.9504173992382,131.56529217946672
,,grass,,54.327067067025574,18.595193539238604,180.1217143794888,126.08520006564214
,,grass,,54.327244194096174,18.592354944478277,1378.2147104835535,964.7502973384874
,,grass,,54.32661286933511,18.593063975057692,1562.5873465777138,1093.8111426043995
,,grass,,54.32219245360179,18.593792797399807,1337.321746780245,936.1252227461714
,,greenfield,grassland,54.32289894135744,18.5933994529436,1286.948308291569,900.8638158040982
,,greenfield,grassland,54.425941831440554,18.475146203150057,1778.4194210637008,1244.8935947445905
,,,grassland,54.42154635112982,18.475435610396858,3841.2351659263486,2688.864616148444
,,greenfield,grassland,54.418200515001004,18.45120407105064,5879.703847854909,4115.792693498436
,,grass,,54.35009074431749,18.51058241642315,615.6800562454346,430.9760393718042
,,,grassland,54.36697800218282,18.463254732001698,22292.111212838277,15604.477848986793
,,,grassland,54.36720807002293,18.46150799171488,36134.40784160852,25294.085489125962
,,,grassland,54.3896160226179,18.441750305896342,14365.041635252286,10055.5291446766
,,,wood,54.405017572938064,18.588906770598086,681.9949294716922,477.3964506301845
,,greenfield,grassland,54.36009731549397,18.497712683875154,2171.5247403522267,1520.0673182465587
,,,grassland,54.36137020893242,18.49185532424703,1682.7013370501777,1177.8909359351244
,,,grassland,54.36062979585202,18.492310836132823,2171.2011719947477,1519.8408203963234
,,greenfield,grassland,54.35814596757163,18.492131385707985,3484.527405230095,2439.1691836610667
,,greenfield,grassland,54.35863443072291,18.4962408150384,1860.8382355158656,1302.5867648611058
,,greenfield,grassland,54.36218436367391,18.494501812505092,2336.4036227945644,1635.482535956195
,,greenfield,grassland,54.36207458092897,18.493644103499772,2806.607789666895,1964.6254527668264
,,greenfield,grassland,54.36005979879667,18.49294721191381,4692.464003182748,3284.724802227923
,,greenfield,grassland,54.36000446624824,18.494679366053074,2760.7504333523375,1932.525303346636
,,greenfield,grassland,54.35789871483757,18.495693010974954,1573.370451487425,1101.3593160411974
,,greenfield,grassland,54.357995836018276,18.494781459195114,780.29717241703,546.208020691921
,,greenfield,grassland,54.34781705176801,18.503187480173015,2943.750968386986,2060.6256778708903
,,greenfield,grassland,54.34579265216435,18.502981595025958,1834.9256618668417,1284.447963306789
,,greenfield,wood,54.3444946249441,18.505802997995374,2883.525025971557,2018.4675181800899
,,greenfield,grassland,54.344809676101164,18.506328694986536,3336.724617647631,2335.7072323533416
,,greenfield,grassland,54.345090476127396,18.500582456516568,2478.63855524688,1735.046988672816
,,greenfield,grassland,54.34592430098316,18.501181105438867,2191.3977552249,1533.9784286574297
,,greenfield,grassland,54.346337304965864,18.50107047140046,2518.2321848338343,1762.7625293836838
,,greenfield,grassland,54.34632967380429,18.50174405945416,4430.427646876138,3101.2993528132965
,,,grassland,54.34412068618836,18.508500439514293,30361.625597247068,21253.137918072945
,,greenfield,grassland,54.345052276483734,18.508914771035958,3124.4224562341246,2187.095719363887
,,greenfield,grassland,54.34533984282277,18.50937891875088,3203.8455891864405,2242.691912430508
,,greenfield,grassland,54.34535573226351,18.505003607050288,2967.7394000293916,2077.417580020574
,,greenfield,grassland,54.34573197099993,18.50877938639551,3032.559203494199,2122.7914424459395
,,,grassland,54.4415500049397,18.45510457745522,1312.498465713897,918.7489259997279
,,,wood,54.442432836986754,18.45707375122662,21588.92551960372,15112.247863722603
,,,wood,54.4429476588333,18.456034150171725,18334.786691126348,12834.350683788443
,,,grassland,54.4411878747872,18.456135689046494,3282.861442752888,2298.003009927021
,,,wood,54.44196532879204,18.45584422783182,7714.767944115594,5400.337560880916
,,,wood,54.44167493865318,18.455221125844062,1221.3810983667654,854.9667688567357
,,,grassland,54.441477248608216,18.455754733633697,2179.830238613842,1525.8811670296893
,,greenfield,grassland,54.2837949523707,18.630505976020153,2316.250742400671,1621.3755196804696
,,greenfield,grassland,54.28390555491433,18.628292933009444,3199.2820101231746,2239.497407086222
,,,wood,54.28434003600874,18.638534231102994,2585.8854792376037,1810.1198354663225
,,,grassland,54.28420118069604,18.638472154663617,871.2198107049671,609.853867493477
,,,grassland,54.28883393362323,18.6377832648973,5472.462419567749,3830.723693697424
,,,grassland,54.289850516964094,18.637171705432984,933.3927031857773,653.3748922300441
,,,wood,54.28910239061614,18.63770317566161,4214.495823686881,2950.1470765808162
,,,wood,54.289926718955904,18.637499337903503,2708.8399957666215,1896.187997036635
,,grass,,54.29277228114972,18.634663522402803,1260.8565848157464,882.5996093710224
,,greenfield,grassland,54.29431447480788,18.63322444763409,2193.458321768306,1535.4208252378141
,,greenfield,grassland,54.31421184067177,18.629876042303575,4562.613701211571,3193.8295908481
,,grass,,54.40951892228103,18.554422382361558,500.608464768516,350.4259253379612
,,grass,,54.409929202163475,18.554004036925317,21.106276257004836,14.774393379903385
,,grass,,54.410037890253605,18.553793586324897,86.52449027824588,60.56714319477211
,,grass,,54.41020266367986,18.553265856886853,174.83100053746503,122.38170037622551
,,grass,,54.41039838396238,18.552175303749816,327.3194742754163,229.12363199279142
,,grass,,54.41044402270636,18.5509535729923,851.9722083952927,596.3805458767048
,,,grassland,54.37910726017369,18.573198471396264,447.74847077038766,313.42392953927134
,,,wood,54.37826307700813,18.57266178596226,1769.7545385408846,1238.8281769786192
,,,grassland,54.37866229503116,18.572844801905564,547.4278871199947,383.19952098399625
,,,grassland,54.38025820511314,18.57435134401169,496.6383191051704,347.64682337361927
,,,wood,54.38010564772102,18.57423657599804,2214.9378316182024,1550.4564821327415
,,,grassland,54.378004829923846,18.5707567287461,919.536558517431,643.6755909622017
,,grass,,54.3776760154096,18.571503839031124,14493.946297614748,10145.762408330324
,,,grassland,54.37816959406027,18.57150750095064,1491.6738589485508,1044.1717012639856
,,,grassland,54.38591149587956,18.576687753085814,502.2936617569939,351.6055632298957
,,grass,,54.390197402349784,18.57669441347266,5300.004144480449,3710.002901136314
,,grass,,54.39005651359009,18.576961100307187,7200.438501811161,5040.306951267812
,,grass,,54.38829875354829,18.576379856736306,5597.910929764055,3918.5376508348386
,,grass,,54.3883639675242,18.57604348503584,5026.078907359606,3518.2552351517243
,,grass,,54.38671979561267,18.576573718517725,8269.100900779718,5788.370630545803
,,grass,,54.38626680582393,18.576249448921256,10068.178961057623,7047.725272740336
,,grass,,54.38382223189209,18.576149452286586,10452.500261354471,7316.750182948129
,,grass,,54.381138806197086,18.574482629789518,11122.818742230424,7785.973119561296
,,,grassland,54.353314212022156,18.492510203656487,43248.000576627484,30273.600403639237
,,grass,,54.354690338979005,18.490287460753063,378.6300243920202,265.0410170744141
,,grass,,54.356337856103366,18.490985571662208,3534.731430422335,2474.312001295634
,,grass,,54.355436053753444,18.526861891002447,260.10929776775146,182.076508437426
,,,grassland,54.323824590989105,18.589868088504474,1438.1400586626237,1006.6980410638365
,,,wood,54.30844902087891,18.581594034291673,7515.928211575876,5261.149748103113
,,,wood,54.30255944861602,18.606031604192392,5176.927655065949,3623.849358546164
,,grass,,54.35442237615723,18.50328459452253,247.29522590667915,173.1066581346754
,,,grassland,54.34019900002741,18.546925573334164,8861.308025416874,6202.915617791812
,,,grassland,54.33878315310509,18.542033160890487,2171.237818938338,1519.8664732568366
,,,grassland,54.338306525552575,18.540720381923762,2804.829500527223,1963.380650369056
,,,grassland,54.3372559065264,18.578899919802303,12639.908174353204,8847.935722047243
,,,grassland,54.33580587830669,18.58145114006778,6035.330758273926,4224.731530791748
,,,wood,54.33643673638772,18.582573647681375,2799.883974650144,1959.9187822551007
,,,grassland,54.302604200179395,18.601414653349416,1078.9344453376818,755.2541117363772
,,,grassland,54.30199172446804,18.60249727800908,21203.63162619463,14842.54213833624
,,greenfield,grassland,54.301885918818,18.600072021958347,6930.544765345298,4851.381335741708
,,greenfield,grassland,54.30652601380933,18.588995890751328,1634.3378912043745,1144.036523843062
,,greenfield,grassland,54.30721313136137,18.5903277268209,2912.447991768164,2038.7135942377145
,,greenfield,grassland,54.30818239928108,18.588639655411193,2023.0274612482212,1416.1192228737548
,,,grassland,54.305897627262624,18.589414057637054,2375.818589282964,1663.0730124980746
,,greenfield,grassland,54.30594910895144,18.586817849264218,2076.2191693392774,1453.353418537494
,,,grassland,54.30659675534134,18.58563974662577,15880.205886393229,11116.14412047526
,,,grassland,54.30743964956385,18.587551591840622,6026.23307098922,4218.363149692454
,,greenfield,grassland,54.30715496154528,18.589020479667212,2433.8790520834923,1703.7153364584444
,,greenfield,grassland,54.30682402884282,18.58981846808258,3304.2942986414773,2313.0060090490338
,,greenfield,grassland,54.30616360886413,18.5886376667835,4033.565139725938,2823.4955978081566
,,,grassland,54.30718295388064,18.586628516490084,31948.42247568922,22363.895732982455
,,,grassland,54.3149818173399,18.591726809050748,4441.327119083419,3108.9289833583935
,,grass,,54.31451525441113,18.591479659777168,1575.4816309484033,1102.8371416638822
,,,wood,54.314100819648864,18.592960472653232,169.71097585051768,118.79768309536237
,,greenfield,grassland,54.31425496463074,18.592037172994768,3939.227696138576,2757.459387297003
,,,grassland,54.31781044390274,18.591008270866368,16930.677527974563,11851.474269582193
,,,wood,54.34982836426755,18.47629231900115,152727.17894026483,106909.02525818537
,,grass,,54.40277099196291,18.59537974279081,257.1188352761404,179.98318469329826
,,grass,,54.40339421864871,18.589156834999155,89.62830309620931,62.739812167346514
,,grass,,54.403400450053184,18.588933722479712,67.18172290710521,47.027206034973645
,,,grassland,54.405404837931606,18.586298732582996,4528.641442742472,3170.04900991973
,,industrial,grassland,54.40520298211539,18.586400734170592,5352.1276036751715,3746.4893225726196
,,,wood,54.332335401392065,18.608399053915434,16945.19567205093,11861.63697043565
,,,grassland,54.33241118025558,18.607391847259233,2402.612572355619,1681.828800648933
,,,grassland,54.33230412145373,18.605768180012873,4422.83014392781,3095.981100749467
,,,grassland,54.3324812000963,18.61145313333333,379.82257299183715,265.875801094286
,,,wood,54.3820072005658,18.583362097775417,755.7076286953777,528.9953400867644
,,grass,,54.38269740250838,18.57743515391984,1593.0851310534151,1115.1595917373904
,,,wood,54.38262970139874,18.585000975225434,1375.163825369431,962.6146777586016
,,,wood,54.38464362679711,18.57777817271312,793.3797089720732,555.3657962804513
,,,wood,54.38455435225262,18.5772430618408,1479.6480514145162,1035.7536359901612
,,,wood,54.38488412011392,18.577221625766448,2905.5916249155,2033.9141374408498
,,,wood,54.38535056480891,18.576971044299427,7598.617284457766,5319.032099120436
,,grass,,54.316192633696716,18.593281911526258,1606.7923687997493,1124.7546581598244
,,grass,,54.31629632104011,18.593397301685187,405.71731603035784,284.0021212212505
,,greenfield,grassland,54.371154828336884,18.55598957761171,2524.8966596435002,1767.4276617504502
,,,grassland,54.36929187586012,18.471475123860152,80411.9493419543,56288.364539368005
,,,grassland,54.36809850408546,18.470536342523843,44624.8224423968,31237.375709677755
,,,wood,54.36893535863304,18.484666889841066,6857.090731886299,4799.963512320409
,,,grassland,54.36649810344956,18.5023062091056,98067.61748718232,68647.33224102762
,,,grassland,54.419970858197836,18.451174899322112,344.29804560229445,241.0086319216061
,,grass,,54.353711520144266,18.51228114873433,2254.7587434417183,1578.3311204092026
,,greenfield,grassland,54.36474962358033,18.445626926774533,14542.766357426031,10179.936450198222
,,greenfield,wood,54.349639645033825,18.480840684537885,3530.7065438876352,2471.4945807213444
,,,wood,54.33837539607424,18.49685081755632,22830.824952488572,15981.577466742
,,,grassland,54.33815243697583,18.487841861899366,7417.650850336587,5192.35559523561
,,,grassland,54.33901216601453,18.499299090390732,429.0879965425583,300.3615975797908
,,,grassland,54.33880296219234,18.496331017120724,3963.174420281522,2774.2220941970654
,,forest,,54.340280901184876,18.49230215971227,4712.742533469613,3770.1940267756904
,,,grassland,54.34004830702043,18.492305458845728,6734.512873714229,4714.15901159996
,,grass,,54.34830618821821,18.59031187757641,5366.744648655398,3756.7212540587784
,,,wood,54.42134623806589,18.605970406126055,7918.2455479798155,5542.7718835858705
,,grass,,54.420538172137135,18.57732930425591,561.9509814008533,393.3656869805973
,,grass,,54.42134718913218,18.578286269056505,115.06317025973331,80.54421918181332
,,,wood,54.3503597963412,18.617578090788395,12602.087895141096,8821.461526598767
,,,grassland,54.352079429938186,18.61396309442619,756.8401034393358,529.7880724075351
,,,grassland,54.3305730076422,18.616280372668648,421.60472705721406,295.1233089400498
,park,,,54.3826415608706,18.482646048710254,4575.658096711679,4575.658096711679
,,,wood,54.41315537983291,18.563432231752493,1415.2356940755633,990.6649858528942
,,greenfield,grassland,54.31444134176993,18.568804961792672,7931.965334746869,5552.375734322808
,,,grassland,54.31849087197234,18.633115881643576,11661.162713729807,8162.813899610865
,,greenfield,grassland,54.3246370616238,18.63847015418213,1930.8450568697394,1351.5915398088175
,park,,,54.3239165184342,18.634987450918118,8505.080740344856,8505.080740344856
,,grass,,54.333929822923714,18.542895661373393,388.0598698008419,271.6419088605893
,,grass,,54.333930831360895,18.543299955045615,29.313899924474544,20.51972994713218
,,grass,,54.33386890264439,18.543212344918103,257.7799907753362,180.44599354273535
,,grass,,54.333780889303306,18.543238766991152,65.06990219795041,45.548931538565284
,,grass,,54.33397715000559,18.542235699997555,130.54381610321846,91.38067127225291
,,grass,,54.33389504163889,18.54209347038312,287.74907989830405,201.42435592881282
,,grass,,54.33375883915679,18.54239306687965,125.47452204209122,87.83216542946386
,,grass,,54.33363164575638,18.54298878280834,104.00823429300303,72.80576400510212
,,grass,,54.37435344775601,18.558258102997,595.013406268502,416.50938438795134
,,grass,,54.37429346979255,18.558935132642773,960.74907781885,672.524354473195
,,grass,,54.374366636761884,18.55933765629084,254.04772318768715,177.833406231381
,,,grassland,54.402117287130984,18.649013940957428,2909.3744945183435,2036.5621461628402
,,grass,,54.37439506925852,18.5600531644665,2282.1100596273823,1597.4770417391676
,,grass,,54.37436860037351,18.559698670193452,118.21128349892317,82.74789844924621
,,grass,,54.37448031054152,18.55970422308195,153.42139782468047,107.39497847727633
,,grass,,54.37448090757216,18.559813085806077,108.82767458749196,76.17937221124437
,,grass,,54.374590181793515,18.55971055566466,120.60221435932279,84.42155005152594
,,grass,,54.374586076657806,18.55981891747642,90.77805607483145,63.54463925238201
,,grass,,54.37451168689737,18.55939696777871,174.726363376537,122.30845436357589
,,grass,,54.40814207172632,18.588365488932666,1151.194476385491,805.8361334698437
,,grass,,54.40877768342151,18.586188335617226,1528.162615150474,1069.7138306053319
,,grass,,54.40866668120731,18.586674542026678,448.6821920541041,314.0775344378729
,,grass,,54.408616300002315,18.586938200000002,40.52700311439012,28.368902180073082
,,grass,,54.408596240103485,18.587158674079742,275.19217809891444,192.6345246692401
,,grass,,54.408838242184586,18.58549466803397,812.6066053663163,568.8246237564214
,,grass,,54.40866271127236,18.585414818667807,2590.9534169073418,1813.6673918351391
,,grass,,54.40853582428448,18.586362097335012,2547.7850660485356,1783.4495462339748
,,grass,,54.40878253259943,18.58443511491353,2182.5474610360866,1527.7832227252604
,,grass,,54.408535962244,18.585751804405252,67.72701385568737,47.40890969898116
,,grass,,54.408397010892365,18.586692017118796,74.22095293934115,51.9546670575388
,,grass,,54.40866709450145,18.584818269296456,67.56668764526158,47.296681351683105
,,grass,,54.40890756639528,18.583556767619935,1505.7886380212956,1054.0520466149069
,,grass,,54.4088243683173,18.583740628501047,340.2066086888734,238.14462608221137
,,grass,,54.40897030470688,18.58649389949473,344.3067744826036,241.0147421378225
,,grass,,54.40902364258374,18.58635550828402,30.206580371774592,21.144606260242213
,,grass,,54.40901799628432,18.58649332918538,30.22499407897439,21.15749585528207
,,grass,,54.40901222900151,18.586617899790834,30.0639133962911,21.04473937740377
,,grass,,54.409005079415586,18.586769871515262,38.11389661690329,26.6797276318323
,,grass,,54.40910320455086,18.586036361060653,76.80585227233252,53.76409659063276
,,grass,,54.40908548517141,18.586208663518857,64.14794277956767,44.90355994569737
,,grass,,54.40928744906407,18.5852977746168,634.61288869417,444.229022085919
,,grass,,54.40933345744991,18.58476598332639,287.5815221707955,201.30706551955683
,,,grassland,54.38245486592259,18.70161025266479,27516.149882259015,19261.30491758131
,,,grassland,54.382979515504786,18.703110631986974,14113.75583629082,9879.629085403574
,garden,,,54.40651252212918,18.627898332739914,72.91943320616085,58.33554656492868
,garden,,,54.4066886850107,18.628273747096078,51.03174039228456,40.82539231382765
,garden,,,54.40642919545007,18.628006746929717,242.1046571374806,193.6837257099845
,,grass,,54.38057670268067,18.48287060153943,482.91658254795107,338.0416077835657
,,grass,,54.38054636996121,18.482561022987436,42.57469272912891,29.802284910390238
,,grass,,54.38041599058206,18.482385799484312,366.6352599059972,256.64468193419805
,,grass,,54.38038680335731,18.48227704564581,122.53629788267554,85.77540851787288
,,grass,,54.38026444577829,18.482404320472305,30.05657894218796,21.039605259531573
,,grass,,54.380212373906645,18.482184126721485,77.66468226969099,54.365277588783684
,,grass,,54.38012366282628,18.482660550915686,635.7153667019402,445.0007566913581
,,grass,,54.38015449019965,18.482977846468618,50.412011692927635,35.28840818504934
,,grass,,54.38048503736076,18.483087739574096,30.921459661772232,21.64502176324056
,,grass,,54.38054756970156,18.48323656686301,31.681647318693063,22.177153123085144
,garden,,,54.38040701230431,18.483406843979914,114.56946998509156,91.65557598807325
,,grass,,54.380730010525035,18.482568521125945,121.49789692019891,85.04852784413923
,,grass,,54.408440060788315,18.587053239634088,991.3052553755558,693.913678762889
,,grass,,54.40816737227058,18.588018076056713,1619.1282778555428,1133.3897944988798
,,grass,,54.40780765537305,18.588177382511656,434.2450288108516,303.9715201675961
,,grass,,54.375361839023086,18.562564615188315,344.3609311206659,241.05265178446612
,,grass,,54.3754630518666,18.56320844022349,70.03939095915337,49.02757367140735
,,grass,,54.37540872864872,18.563318581537946,21.335316657385807,14.934721660170064
,,grass,,54.37533097366268,18.56287837545825,156.79238529385466,109.75466970569826
,,grass,,54.375233528602635,18.562098925443486,228.95264359056716,160.266850513397
,,grass,,54.37487218438835,18.562457370622624,464.30898054130694,325.01628637891486
,,grass,,54.375365452917066,18.561922207673113,160.1441759975393,112.1009231982775
,,grass,,54.375472595701495,18.561826061044492,693.0902552568429,485.16317867978995
,,grass,,54.37556278440244,18.56151820078818,7.594208850596541,5.315946195417578
,,grass,,54.37560968776837,18.561527407169745,6.187089181147659,4.330962426803361
,,grass,,54.37558881409815,18.562154513710528,490.8681019260851,343.60767134825954
,,grass,,54.37552230924953,18.562631981520873,2108.1142825132642,1475.6799977592848
,,grass,,54.37539000375411,18.561555892189695,747.3799974305967,523.1659982014177
,,grass,,54.37565567976145,18.56120466114679,110.1929138649655,77.13503970547585
,,grass,,54.375710945337154,18.56153458037608,161.0350305704576,112.72452139932031
,,grass,,54.375714336084975,18.561158499979648,530.816244730456,371.5713713113192
,,grass,,54.37532386276009,18.56270976499978,23.5712594869582,16.49988164087074
,,grass,,54.37496559661091,18.563055723194662,3225.653175076373,2257.9572225534607
,,grass,,54.375084446911075,18.56336168154213,84.3190907752361,59.02336354266527
,,grass,,54.37493051321478,18.563338599432843,197.88827053787324,138.52178937651126
,,grass,,54.37407678967366,18.56371945994936,9939.942360125993,6957.959652088195
,,grass,,54.37359909700812,18.56401513150821,145.22585188722857,101.65809632106
,garden,,,54.37372131692205,18.564112147933606,425.14014305077296,340.11211444061837
,,grass,,54.37382979732975,18.5641343477927,603.8774564993231,422.71421954952615
,,grass,,54.373944228963964,18.564183610170083,330.0426004448665,231.02982031140652
,,grass,,54.374414986337534,18.56392221461944,231.50463675095085,162.0532457256656
,,grass,,54.37453016169621,18.563967769242304,146.85886026419993,102.80120218493995
,,grass,,54.37443018533833,18.564084773400115,122.03520953777189,85.42464667644032
,,grass,,54.37346907695429,18.56322612047769,2249.5362129135065,1574.6753490394544
,,grass,,54.373699619460474,18.562634511090543,415.2300306889198,290.6610214822438
,,grass,,54.373235226481405,18.56332861112845,108.98999050131225,76.29299335091856
,garden,,,54.37330455634363,18.563012588374207,285.0124168617385,228.0099334893908
,garden,,,54.373396848787635,18.562948140189917,162.21047556065346,129.76838044852278
,,grass,,54.373273520523306,18.56284604193175,167.42438922053768,117.19707245437637
,,grass,,54.37319092688733,18.563025890885534,77.56705937412265,54.29694156188585
,,grass,,54.37379390846688,18.562722359640542,184.08379770701788,128.8586583949125
,,grass,,54.37369428737926,18.562386533741144,560.9052002345414,392.633640164179
,,grass,,54.37322401315582,18.562512027416698,67.73629596140262,47.41540717298183
,,grass,,54.37318998980215,18.562559794696472,35.265491517265176,24.68584406208562
,,grass,,54.3759915728386,18.56287876226398,2452.7439244958973,1716.920747147128
,,grass,,54.37616130533393,18.563231751064276,9121.17571280096,6384.822998960672
,,grass,,54.37359804345804,18.558732074780583,257.13143687847423,179.99200581493196
,,grass,,54.37411993038187,18.559062469738766,86.56238894840067,60.593672263880464
,garden,,,54.37401711205941,18.562576793065126,1164.7791183693892,931.8232946955113
,garden,,,54.374009550137785,18.562858931250467,252.82383725168492,202.25906980134795
,garden,,,54.37390097646194,18.562809765960978,124.29624616038208,99.43699692830567
,garden,,,54.37411147337245,18.562947017096445,110.05868690713771,88.04694952571018
,garden,,,54.37420335328002,18.562963302161332,110.02032327674415,88.01625862139532
,,grass,,54.373996491092335,18.561851845261312,290.46184254003975,203.32328977802783
,garden,,,54.37414111119921,18.5619967058209,714.1400990916104,571.3120792732883
,,grass,,54.3740651409216,18.5616798525439,45.252669614990445,31.67686873049331
,,grass,,54.3741617166727,18.561697933366712,26.731733244166875,18.712213270916813
,garden,,,54.37427328252596,18.56176717711941,233.31043818770326,186.6483505501626
,garden,,,54.37437983591183,18.561786366749633,199.06123535400957,159.24898828320767
,,grass,,54.37454772739433,18.562043795270963,1750.3542549279161,1225.2479784495413
,garden,,,54.37446879513387,18.56184459696007,150.35028824459766,120.28023059567813
,,grass,,54.375576167300295,18.560881943923434,27.493872610037823,19.245710827026475
,,grass,,54.37547930633929,18.560882723261454,185.57389844690908,129.90172891283635
,,grass,,54.37525856889651,18.56136255474709,5516.47350344294,3861.531452410057
,garden,,,54.37527237923717,18.560860465666156,47.65156539714735,38.12125231771788
,garden,,,54.37536858966685,18.560859314917273,81.58276266329052,65.26621013063242
,,grass,,54.3746932769717,18.559807394399687,291.86117081333464,204.30281956933425
,,grass,,54.375301992366595,18.560484368747417,2964.520155468655,2075.1641088280585
,garden,,,54.375221017043906,18.560266971192554,794.2882087712198,635.4305670169759
,,grass,,54.375029677993965,18.560504475266686,473.7013883708713,331.5909718596099
,garden,,,54.374971885125554,18.560390039562648,119.8300025059113,95.86400200472904
,garden,,,54.375221675945184,18.56077341084681,271.20474626628607,216.96379701302885
,,grass,,54.375375357836745,18.560229808599313,417.1273656406212,291.9891559484348
,garden,,,54.37498826667159,18.5599639,71.61427721578829,57.291421772630635
,garden,,,54.37496972382399,18.560116877570596,207.44280494429938,165.95424395543952
,garden,,,54.375069716392176,18.559976607026023,235.34426027853243,188.27540822282594
,garden,,,54.37507237019624,18.5601364235253,163.13073637090073,130.5045890967206
,,grass,,54.374790403402,18.559679438695202,375.91208096272436,263.13845667390706
,garden,,,54.37421587370313,18.56081666589326,91.17751267076522,72.94201013661218
,garden,,,54.3742353519027,18.560657872876803,163.91221925919652,131.12977540735722
,,grass,,54.37432238750808,18.560625156028443,72.37751489363455,50.664260425544185
,,grass,,54.37442278046074,18.560629795326356,73.41641605673044,51.39149123971131
,,grass,,54.37447950002466,18.56044725959467,278.1975499499953,194.7382849649967
,,grass,,54.3742562236541,18.560396564997173,270.3334694883507,189.23342864184548
,,grass,,54.37421300081308,18.55775546418253,3046.0722293168596,2132.2505605218016
,,grass,,54.37399211760075,18.558286441898332,1335.9671606630989,935.1770124641691
,garden,,,54.37455734510197,18.55738016312842,1559.3419723524623,1247.47357788197
,,,grassland,54.37529103448477,18.559824035613566,451.76193645475405,316.2333555183278
,,grass,,54.408498766725515,18.587230399999996,357.9413186451925,250.55892305163474
,,grass,,54.408332866131104,18.587492986338383,2143.4050305662386,1500.3835213963669
,,grass,,54.40826196675881,18.58724286666667,757.9945746542094,530.5962022579465
,,grass,,54.40821091580538,18.58689218992725,480.4146473039379,336.2902531127565
,,grass,,54.40799898116928,18.586792785815327,346.6237519523123,242.6366263666186
,,grass,,54.38112361358662,18.60459276674252,73.8694943249551,51.70864602746857
,,grass,,54.41435636872431,18.597635085471268,221.47589462067555,155.03312623447286
,,grass,,54.37363889374717,18.558371298424913,476.501349604757,333.5509447233299
,,grass,,54.371363161434076,18.56279285333665,3111.9891304712014,2178.392391329841
,,grass,,54.370336357363506,18.558304700696972,1804.2653490794548,1262.9857443556184
,,grass,,54.37203291942425,18.549172801506142,5373.2134890158195,3761.2494423110734
,,grass,,54.372382095426175,18.542539867524034,11.44919861952195,8.014439033665363
,,grass,,54.37401662459836,18.539523726033973,4163.071724975687,2914.150207482981
,,grass,,54.37619292703622,18.53255638930536,1890.8212490490457,1323.574874334332
,,grass,,54.372587368324346,18.56489262719994,2738.637582007635,1917.0463074053444
,,grass,,54.37338652943263,18.566085525085867,393.0155602591278,275.11089218138943
,,grass,,54.37320790848925,18.565753718944727,91.60776903662507,64.12543832563755
,,grass,,54.373143727250344,18.565635018987635,169.90939614339013,118.93657730037307
,,grass,,54.37303696323678,18.56536214772819,157.4461235196111,110.21228646372776
,,grass,,54.372889770852815,18.565055977742542,202.31463423237716,141.620243962664
,,grass,,54.372121554108496,18.56412181428792,210.95119622546122,147.66583735782285
,,grass,,54.37193437546123,18.563907937083137,597.530396709977,418.2712776969839
,,grass,,54.370652290891776,18.560321370650268,1030.4516273258955,721.3161391281268
,,grass,,54.37390308722917,18.566766901537342,129.475538748992,90.6328771242944
,,grass,,54.372983009132845,18.56880026688343,2869.15805506406,2008.410638544842
,,grass,,54.3734672018692,18.567030706386333,550.1500428959723,385.1050300271806
,,grass,,54.374171580740345,18.56636475734903,1267.0391630033612,886.9274141023528
,,grass,,54.37410873420576,18.566169408200178,2996.835028988538,2097.7845202919766
,,grass,,54.37490790070224,18.56495076993057,5279.803713382798,3695.8625993679584
,,grass,,54.37483597671905,18.56528503803625,945.6808376964474,661.9765863875132
,,grass,,54.37434365220571,18.565405245890044,978.1466631510357,684.7026642057249
,,grass,,54.3741708493737,18.56497187539308,657.5287272921652,460.2701091045156
,,grass,,54.37425056808645,18.565159270080677,535.1780923013213,374.62466461092487
,,grass,,54.374384863247265,18.565156236916234,370.7416625414026,259.5191637789818
,,grass,,54.37444632573863,18.564949133196546,882.1618328408642,617.5132829886049
,,grass,,54.37462351691073,18.56503443496251,654.5708510406474,458.1995957284532
,,grass,,54.3743421616045,18.564596648187532,2386.812377132955,1670.7686639930685
,,grass,,54.37470697370436,18.564447025601496,2977.7302270832715,2084.41115895829
,,grass,,54.374584291997486,18.564604907579465,160.56330861763894,112.39431603234725
,,grass,,54.37516021402121,18.564320331252084,882.9707510734548,618.0795257514184
,,grass,,54.37535963283424,18.564015490660523,348.5630163180266,243.9941114226186
,,grass,,54.37522775954477,18.564042614069816,698.164990139895,488.7154930979265
,,grass,,54.37493179621267,18.56409308072884,1906.9159092364368,1334.8411364655058
,garden,,,54.374861440819124,18.564223382394633,143.44896681304633,114.75917345043706
,,grass,,54.37514758888925,18.56370925543381,1631.2202390849093,1141.8541673594364
,,grass,,54.37543186036584,18.563707658887186,1540.9904361518809,1078.6933053063165
,,grass,,54.37558080001526,18.564004666666666,360.19218258002417,252.1345278060169
,,grass,,54.375703415806264,18.563741402279444,382.0978564086766,267.4684994860736
,,grass,,54.375893352244475,18.563753205105705,60.80245428977754,42.56171800284428
,,grass,,54.37601509283588,18.563758410404866,54.41315738320408,38.08921016824285
,,grass,,54.376135955584374,18.56376231498112,58.286799794007486,40.80075985580524
,,grass,,54.37612006823156,18.56385075350682,80.62006560863789,56.434045926046515
,,grass,,54.37601301889684,18.563839795579327,88.97813783223222,62.28469648256255
,,grass,,54.37589279523374,18.563837142215565,105.56759571057736,73.89731699740415
,,grass,,54.3762327878502,18.563893916292624,180.97681465051758,126.6837702553623
,,grass,,54.37626071565154,18.563807340563862,45.18764617138844,31.631352319971903
,,grass,,54.37580779033731,18.563966434900298,189.67658257318445,132.7736078012291
,,grass,,54.37603464348671,18.56403088559976,135.7515235877492,95.02606651142443
,,grass,,54.37580694318584,18.564182796289266,225.66002493473462,157.96201745431424
,,grass,,54.3759458016739,18.56435088166311,171.77993467257693,120.24595427080384
,,grass,,54.37377272498155,18.564538728195316,240.00589510829423,168.00412657580594
,,grass,,54.373723383209914,18.564621283510633,69.65944676670226,48.76161273669158
,,grass,,54.37384408208762,18.564642326481327,152.54881028311365,106.78416719817955
,,grass,,54.37396275136245,18.564650433149943,95.01757279867797,66.51230095907458
,,grass,,54.373990880922186,18.564565619257145,141.27457631032684,98.89220341722879
,,grass,,54.374992735575645,18.563680543427733,200.27216970846894,140.19051879592826
,,grass,,54.376159152246636,18.564507903848416,233.14372524274717,163.20060766992302
,,grass,,54.3758635219526,18.564386847224746,283.73353482279833,198.61347437595882
,,grass,,54.376235833944854,18.564654746133172,202.05666200808844,141.4396634056619
,,grass,,54.376470788085186,18.564770929929953,160.1080692442573,112.07564847098011
,,grass,,54.37673663335579,18.565209666666668,34.20334963256225,23.942344742793573
,,grass,,54.37681942017335,18.565324180268323,32.95988240788964,23.071917685522745
,,grass,,54.376776418935506,18.56506680363049,745.2080633779476,521.6456443645633
,,grass,,54.37689990085904,18.56514586604608,280.2938423666124,196.20568965662866
,,greenfield,grassland,54.34525896195173,18.58174598075675,1766.1154110626458,1236.280787743852
,,grass,,54.340982443563064,18.600283731730023,337.21193157990956,236.0483521059367
,,grass,,54.341059965020825,18.59968166458458,287.83580220503814,201.48506154352668
,,grass,,54.341122870549235,18.59918898149773,248.08175744768187,173.6572302133773
,,grass,,54.34121544104953,18.598361838949515,1130.121864841685,791.0853053891794
,,grass,,54.33660380932925,18.59798958364899,365.9747632891385,256.1823343023969
,,grass,,54.336708065162085,18.59802512247999,24.679452106241776,17.27561647436924
,,,grassland,54.379616550568734,18.44427886011022,8630.896902258166,6041.627831580716
,,forest,wood,54.35690159004732,18.460707028550335,14844.247134897949,11875.39770791836
,,,grassland,54.35638990271773,18.45815853285346,72676.09322662407,50873.26525863685
,,,wood,54.36182280108596,18.46313465957795,3564.964463776291,2495.4751246434034
,,,wood,54.3612668471688,18.463409025852773,1160.154154237573,812.1079079663011
,,,wood,54.36330007298919,18.462618953871974,5839.364270781351,4087.5549895469453
,,,wood,54.362289919546875,18.461597004795852,7384.274385950037,5168.992070165025
,,,grassland,54.362663675808975,18.461055586709385,7353.906713755191,5147.734699628633
,,,grassland,54.380015151021546,18.611494820576212,1677.8022120735393,1174.4615484514775
,,grass,,54.41783826086604,18.588071919967167,714.8515772688969,500.3961040882278
,,greenfield,grassland,54.33069189831103,18.544020749442947,44386.62112097222,31070.63478468055
,,grass,,54.341099883896895,18.589132237017477,917.2518306854764,642.0762814798335
,,grass,,54.34080182936399,18.590748635439084,1784.1555886164067,1248.9089120314845
,,grass,,54.34134921916106,18.59875145716354,1276.6368708016316,893.6458095611421
,,,grassland,54.30683573162397,18.59103073404819,849.8938250964815,594.925677567537
,,greenfield,grassland,54.38666432550913,18.486285526768807,3392.88419708897,2375.018937962279
,,greenfield,grassland,54.385817390114774,18.4888085717896,1876.8914585341827,1313.8240209739279
,,greenfield,grassland,54.38743349673855,18.48459772436205,2175.3543969874527,1522.7480778912168
,,grass,,54.388413479006374,18.483328452757007,676.3714052579435,473.4599836805604
,,grass,,54.38800895081911,18.484749359077274,900.8429562355532,630.5900693648872
,,grass,,54.38852291851866,18.48464594478279,902.7031538439805,631.8922076907863
,,grass,,54.38835288366775,18.48398026012415,2570.9500686758192,1799.6650480730734
,,grass,,54.38806162333223,18.48370917633434,1401.9641527418837,981.3749069193185
,,,grassland,54.326467624997825,18.616989509858428,145.60940112185887,101.9265807853012
,,,grassland,54.35435041193887,18.62884471313199,1366.2226004350043,956.3558203045029
,garden,,,54.35421485994953,18.628329844896612,1452.5861264633172,1162.0689011706538
,,,wood,54.354048740881545,18.629914697949495,1993.2083972475825,1395.2458780733077
,,,wood,54.35511869913093,18.628965407730156,4001.9549938308487,2801.368495681594
,,,grassland,54.327045016539785,18.637926459723815,5836.679107412281,4085.6753751885967
,,,grassland,54.330003145869824,18.63547117677138,4257.337607363339,2980.136325154337
,,grass,,54.3602914334038,18.650690830303155,4274.479698889344,2992.1357892225406
,,grass,,54.360663302782406,18.650623613617526,441.3621452541241,308.95350167788683
,garden,flowerbed,,54.3603541977886,18.650365014501745,302.81759758652686,242.2540780692215
,garden,flowerbed,,54.36042463051574,18.650170172807087,100.33334907366314,80.26667925893052
,garden,flowerbed,,54.360277304347605,18.65052554756552,112.27566485727272,89.82053188581818
,garden,flowerbed,,54.36048162847785,18.650280896909248,36.133763261482024,28.90701060918562
,garden,flowerbed,,54.36044590719734,18.65049160540369,411.3294671850518,329.06357374804145
,garden,flowerbed,,54.36044713629293,18.65075922722873,141.16031380150682,112.92825104120546
,garden,flowerbed,,54.360554597131284,18.65063832222063,170.33427940087088,136.26742352069672
,garden,flowerbed,,54.36057383006155,18.650479008263858,160.3757290889135,128.3005832711308
,,greenfield,grassland,54.3578188039852,18.76414382789208,44151.12383001028,30905.786681007194
,,grass,,54.359327566367156,18.641020494394805,2359.702081690897,1651.791457183628
,,grass,,54.36001452159517,18.642056221262052,35518.05729664739,24862.640107653173
,,grass,,54.3604543161945,18.642791943721917,1698.29029801689,1188.8032086118228
,,grass,,54.359867505098364,18.641480351430502,2332.0218945046195,1632.4153261532335
,,grass,,54.359004032743954,18.64233448062066,531.4647602293039,372.02533216051273
,,grass,,54.35839879965558,18.643429466700425,280.0249801852336,196.0174861296635
,,grass,,54.358756548527886,18.64300192013668,625.4156291495028,437.79094040465196
,,grass,,54.35914323089024,18.643768426568094,770.945480115664,539.6618360809648
,,grass,,54.35915263782826,18.643563785757635,6302.46098559322,4411.722689915254
,,,grassland,54.35710102982313,18.636103592275074,1767.2671745165017,1237.087022161551
,,,wood,54.35773253531558,18.633725194066248,83074.50915093819,58152.15640565673
,,,wood,54.35661188164293,18.633682390375114,19087.099263404172,13360.96948438292
,,,wood,54.35898546010341,18.635810012642967,48507.067209397275,33954.94704657809
,,,wood,54.3587742599926,18.634255612188003,7141.9106300133435,4999.33744100934
,garden,,,54.36342679176319,18.63395444886907,1511.2866508610666,1209.0293206888534
,,,wood,54.37031318387289,18.59880975291602,155.1085234364599,108.57596640552192
,,,wood,54.37213295496822,18.599589694982598,2300.8575869615233,1610.6003108730663
,garden,,,54.3503137455981,18.57451293140881,233.9188680772982,187.13509446183858
,garden,,,54.350829144130536,18.574761678754577,839.26550022003,671.4124001760241
,,,grassland,54.352477144181655,18.573281100436613,115.91217341555796,81.13852139089056
,,grass,,54.35701392411168,18.575025774690445,124.30515099744918,87.01360569821442
,,grass,,54.356791305336486,18.575535997459426,1158.0015366300202,810.6010756410141
,,grass,,54.40930714082173,18.596854875401355,4127.76267682143,2889.4338737750013
,,grass,,54.40953930697466,18.598381431973188,3820.478318016044,2674.3348226112307
,,grass,,54.40949407982903,18.597508353346196,99.88030160778726,69.91621112545107
,,grass,,54.40923136399638,18.597739397216348,100.28984298378668,70.20289008865068
,,,wood,54.350875418069776,18.678207766027512,2382.297611200911,1667.6083278406377
,,,grassland,54.350569315149826,18.683670121744786,58016.84380649646,40611.790664547516
,,,grassland,54.353147787985876,18.71404560413402,551.67799970279,386.17459979195297
,,grass,,54.35354536751914,18.694551341327916,15919.060705153188,11143.342493607232
,,grass,,54.351111954581626,18.69460303040628,14011.988776529939,9808.392143570956
,,grass,,54.352598998707315,18.693499692979408,14880.133850830398,10416.093695581278
,,grass,,54.30897056110673,18.923372887867714,921.5690022194092,645.0983015535863
,,grass,,54.309688725339846,18.9210147997624,120.94159722350547,84.65911805645382
,,grass,,54.30941745320806,18.921037270773777,952.6610361294094,666.8627252905865
,garden,,,54.39022579074862,18.58128070894041,141.2874756071044,113.02998048568352
,,grass,,54.387266500002774,18.609779050000377,19.7994564501567,13.85961951510969
,,grass,,54.38723793820188,18.609652836032016,23.879334930966344,16.71553445167644
,,grass,,54.35882518597447,18.615574809861915,1202.5291894780821,841.7704326346575
,,,grassland,54.357875231179904,18.616307293285132,15432.835746187828,10802.985022331479
,,,wood,54.36382063661796,18.631520891378333,5770.983215759507,4039.688251031655
,,grass,,54.408383900445244,18.593456668771132,1812.379711982208,1268.6657983875455
,,grass,,54.408568374045124,18.59448361892096,794.3418091253302,556.0392663877311
,,grass,,54.40864248920881,18.59497156656783,469.91954131804033,328.94367892262824
,,grass,,54.35481043514292,18.64739772079773,2163.4266482303237,1514.3986537612266
,,,wood,54.358163321875644,18.711227792150005,5956.489720489088,4169.542804342361
,,greenfield,grassland,54.36033864281388,18.721796536946577,2011.2140078440696,1407.8498054908487
,,,grassland,54.36085073118354,18.726299313590218,2178.4894510960125,1524.9426157672087
,,,grassland,54.361217683660584,18.7272738472703,1679.2333090990646,1175.4633163693452
,,,wood,54.36019756570533,18.739453192334235,2313.5341712310396,1619.4739198617276
,,,grassland,54.35981253349867,18.736708239225358,2293.848572141296,1605.694000498907
,,greenfield,grassland,54.36016265206081,18.734965617770282,4260.445913352068,2982.312139346447
,,greenfield,grassland,54.360062644995786,18.735610524368987,1338.93055619544,937.251389336808
,,grass,,54.36077898418359,18.712637889977824,47.12029395906549,32.98420577134584
,,grass,,54.360735556701336,18.712705519351175,207.31168869166848,145.11818208416793
,,grass,,54.360493154528186,18.712872851039247,867.3190255423993,607.1233178796795
,,grass,,54.36125150002461,18.70906193333333,81.74954547002244,57.2246818290157
,,grass,,54.36163154018162,18.710133258787717,762.8465703825401,533.992599267778
,,grass,,54.361377499825124,18.710064167803957,356.96078533682385,249.8725497357767
,,grass,,54.36093510112348,18.71035375407108,274.549257511837,192.1844802582859
,,grass,,54.36133446371207,18.708708779414785,2808.1704181814953,1965.7192927270466
,,,wood,54.35964823572211,18.7283796865507,1073.0490797855116,751.134355849858
,,,grassland,54.35962171330309,18.727881696916857,1662.9355553899563,1164.0548887729694
,,,wood,54.361320005641005,18.72945365004541,765.0455584465753,535.5318909126028
,,,grassland,54.36134935565035,18.72965470030119,566.3598515051557,396.45189605360895
,,,grassland,54.360592794654686,18.729120083035685,14838.743849304008,10387.120694512805
,garden,,,54.36091523677663,18.655222939115983,819.8848658347398,655.9078926677919
,garden,,,54.36070816538155,18.657119626354465,566.2258446896396,452.9806757517117
,,grass,,54.40543584539413,18.661103557818933,762.5000160671354,533.7500112469947
,,grass,,54.40506726724497,18.661160753473144,589.231951130393,412.4623657912751
,,grass,,54.40953946667653,18.594609609599367,34.28182143160824,23.997275002125768
,,,wood,54.374640061926726,18.56654875033399,5061.909779247389,3543.3368454731726
,,,wood,54.3748606080503,18.56565243223308,1732.1530396555809,1212.5071277589066
,,,wood,54.37570463536166,18.564793487155605,5003.763386085755,3502.6343702600284
,,,wood,54.3751399861757,18.565088343099454,1202.2393948673625,841.5675764071538
,,grass,,54.37522298733137,18.565214810578965,1831.3671958211785,1281.957037074825
,,grass,,54.37470699197669,18.565682230742514,175.2215249541753,122.65506746792269
,,grass,,54.375832672175946,18.564544087838648,160.35046263590104,112.24532384513071
,,grass,,54.3760441580405,18.565269364697585,524.9969041151825,367.4978328806277
,,grass,,54.37598843333804,18.5654966,32.5064859986979,22.754540199088527
,,grass,,54.3755312480091,18.56583427452215,7870.867380194654,5509.607166136258
,,grass,,54.37563718542623,18.565098479780005,3033.622435632015,2123.53570494241
,,grass,,54.375808588694156,18.565372580441537,110.64787612896028,77.45351329027218
,,grass,,54.375684516013884,18.565357212177656,171.5108527188674,120.05759690320717
,,grass,,54.3755562771931,18.56533870402155,229.33537386101665,160.53476170271165
,,grass,,54.37510645339308,18.565844901540636,2263.2920013010717,1584.30440091075
,,grass,,54.37635004672888,18.564932947261866,283.4572486801226,198.4200740760858
,,grass,,54.37676807884569,18.565459234053993,14.311775216454649,10.018242651518253
,,grass,,54.37525687518826,18.565670898036927,105.81806921796674,74.07264845257671
,,grass,,54.375247144557655,18.56588729497333,151.71292019704313,106.19904413793019
,,grass,,54.37482136210397,18.56654867801253,3172.8174456165566,2220.9722119315893
,,grass,,54.3749472267937,18.566596214288868,197.69687611639475,138.38781328147633
,,grass,,54.374951786638846,18.56633726947644,214.7380065480674,150.31660458364718
,,grass,,54.37572033338667,18.5660578,140.45364619073507,98.31755233351454
,,,wood,54.37533109102299,18.566807089731693,515.6798332474533,360.9758832732173
,,grass,,54.37500134391264,18.567867867338563,213.7424152295198,149.61969066066385
,,grass,,54.37491109359626,18.567638391473213,54.63795395967505,38.24656777177253
,,,wood,54.37474922895968,18.567612590302254,708.0473024503544,495.63311171524805
,,grass,,54.381694654073165,18.606619870423152,450.9765927070739,315.6836148949517
,,grass,,54.383225324136276,18.606744697656286,3644.348360792617,2551.0438525548316
,,grass,,54.38261281275891,18.606850265375783,1902.3388252328155,1331.6371776629708
,,,wood,54.371173873640345,18.608736799802767,833.7561928899376,583.6293350229563
,,,wood,54.37165904906588,18.60970831301071,10610.542938358034,7427.380056850623
,,,grassland,54.36917176777628,18.609279805531195,14869.929132696714,10408.950392887698
,,greenfield,wood,54.29447167791869,18.619542965348266,1732.301420620922,1212.6109944346454
,,,wood,54.29287480825885,18.617029531177522,4333.274363275108,3033.2920542925754
,,,grassland,54.30373989365149,18.618018450909904,227879.73065525226,159515.8114586766
,,greenfield,grassland,54.29417406514205,18.620570664685193,13272.005680134547,9290.403976094183
,,greenfield,grassland,54.29543412649479,18.62108016215829,2899.1244706169023,2029.3871294318315
,,,grassland,54.29968465780344,18.624876591698403,37956.15565677087,26569.308959739607
,,,grassland,54.29918953466318,18.62864293472204,1208.8143974277325,846.1700781994127
,,,grassland,54.298892372203944,18.62714951262663,486.88101740376624,340.81671218263637
,,,grassland,54.298578206078574,18.62564206560099,6189.665578482797,4332.765904937958
,,,wood,54.300412651090255,18.628343390025552,103539.03729820732,72477.32610874511
,,,grassland,54.3002727000088,18.630165799999993,193.9888081240596,135.7921656868417
,,,grassland,54.30042334739637,18.62974054629222,7314.305952689095,5120.014166882366
,,,wood,54.303130457660416,18.629830936312867,10160.748035682875,7112.523624978012
,,greenfield,grassland,54.304166997151555,18.62953521052324,4119.347583993634,2883.5433087955435
,,,wood,54.30437575709808,18.627198891604134,3662.4594694674443,2563.721628627211
,,,grassland,54.307194625286385,18.627557643884234,39703.913068922695,27792.739148245884
,,,grassland,54.2981336564388,18.63088368699271,1389.264118698977,972.4848830892838
,,,grassland,54.298650590174645,18.630824309479543,1457.9807232538258,1020.5865062776779
,,,wood,54.29766263854811,18.630354840911096,35046.15920300416,24532.31144210291
,,,grassland,54.29665601298686,18.62927522847936,32037.68844754957,22426.3819132847
,,,wood,54.2956849935344,18.623016820828866,5702.149302460748,3991.504511722523
,,,grassland,54.29776634867146,18.622057331956462,3024.3356979450687,2117.034988561548
,,,grassland,54.2962939635346,18.622495538114897,5859.456863340619,4101.619804338433
,,,grassland,54.29518467470817,18.61203045884879,4519.1725778990085,3163.4208045293058
,,,grassland,54.28842812424401,18.61546097979995,318949.13701163005,223264.395908141
,,,grassland,54.29002134785852,18.62884726776822,217021.18775775842,151914.83143043087
,,grass,,54.293659490160785,18.622929769728863,79381.4872873046,55567.04110111322
,,grass,,54.294047401678846,18.62237217737037,59614.21498231602,41729.950487621216
,,grass,,54.29171532716496,18.614120248759637,8202.679606439224,5741.875724507457
,,,wood,54.29550746675724,18.608127204538754,905.2980050663807,633.7086035464664
,,,grassland,54.29569374902544,18.624047199417507,13966.005463054256,9776.20382413798
,,,grassland,54.29992318290705,18.628432485341687,3079.380455865412,2155.5663191057884
,,,grassland,54.29849495910731,18.622917775341946,37788.00359962936,26451.60251974055
,,,wood,54.298201916189015,18.616003966181413,4293.12296332573,3005.186074328011
,,,wood,54.30531774790931,18.61434420636224,8726.271050237418,6108.389735166192
,,,grassland,54.305525548776195,18.613684958464564,1271.656217516715,890.1593522617005
,,,wood,54.30560008655644,18.613451078611817,821.5936601993712,575.1155621395599
,,,wood,54.30611186655495,18.615823952140534,14159.412760862042,9911.588932603428
,,,wood,54.30593053302325,18.613475671478273,5909.246745450108,4136.472721815076
,,,grassland,54.306293400396285,18.614219831249567,33572.8750897399,23501.01256281793
,,,grassland,54.306054199767566,18.617975312765495,586.3215680278544,410.42509761949805
,,,grassland,54.304931797786395,18.61631245096353,4062.5629448294085,2843.794061380586
,,,wood,54.3044537795626,18.616270244416246,788.2725598884182,551.7907919218927
,,,grassland,54.30588729810047,18.618816518384104,6308.232800537394,4415.762960376175
,,,grassland,54.30607479527909,18.621931089747747,19038.696249820987,13327.08737487469
,,,grassland,54.30867160161933,18.62731526334355,8105.80097135471,5674.060679948297
,,,wood,54.309603577306,18.625998154365938,2085.5671328800063,1459.8969930160042
,,,grassland,54.306144050586035,18.626871341023715,1471.67351429929,1030.1714600095029
,,,grassland,54.30920288900049,18.616430798939682,12912.893177791762,9039.025224454233
,,,wood,54.30983344695513,18.619877073959074,1466.1913853471426,1026.3339697429997
,,,wood,54.30982132881546,18.619480454201113,346.36090954407075,242.4526366808495
,,,grassland,54.30996899953037,18.616203051043623,2433.3856623298193,1703.3699636308734
,,,grassland,54.30989184250391,18.61917429176455,635.2487202467721,444.67410417274044
,,,wood,54.30971404353292,18.61670769811978,20778.749572157107,14545.124700509974
,,,wood,54.30943218124552,18.615293184227443,5050.817088293997,3535.5719618057974
,,,grassland,54.29729980750721,18.60545332260707,6363.684989030709,4454.579492321496
,,grass,,54.29686914098135,18.604748164478686,4613.624370226926,3229.537059158848
,,,grassland,54.2861941929854,18.638858063847117,1750.4966934418123,1225.3476854092685
,,,grassland,54.28562369882348,18.638932509689983,371.5056314378471,260.05394200649295
,,,grassland,54.285115555447696,18.638966783496347,3565.4437482980024,2495.8106238086016
,,,grassland,54.28434090742783,18.638945557317726,2331.1710521956315,1631.819736536942
,,,grassland,54.28373833472567,18.63883684844862,2083.0302810225558,1458.121196715789
,,,grassland,54.28689848994121,18.63863941996712,1656.3871953810146,1159.47103676671
,,,wood,54.28288634205514,18.637642225773597,1608.1843887237626,1125.7290721066338
,,,grassland,54.284008830230974,18.637038482043,1474.937393234893,1032.4561752644252
,garden,,,54.28566700309859,18.63724490308399,1495.1179987841606,1196.0943990273286
,,,grassland,54.31308098079672,18.627661524480246,255.31338394743472,178.7193687632043
,,grass,,54.31594305722113,18.614368882193517,7661.176205263848,5362.823343684693
,,,grassland,54.31272544689738,18.60925290427627,7048.419442464726,4933.893609725308
,,,grassland,54.31571155309592,18.609949206310077,18193.72768010472,12735.609376073302
,,greenfield,wood,54.315924793834846,18.613593812158694,2390.590256804685,1673.4131797632795
,,greenfield,grassland,54.3154756151342,18.61372977419218,5321.392886449363,3724.9750205145538
,,grass,,54.31910379742258,18.624535551746142,20123.296479702134,14086.307535791493
,,,grassland,54.319368793221564,18.623274554969317,412675.3411539386,288872.73880775704
,,,grassland,54.31709789844758,18.619116099931258,4454.707496410402,3118.2952474872814
,,grass,,54.31735046331399,18.618746840994564,1261.1984519909015,882.838916393631
,,,grassland,54.31173601012261,18.59785246352305,2713.221449131242,1899.2550143918693
,,grass,,54.314525331409435,18.599089308472244,4087.9234501838087,2861.546415128666
,,greenfield,grassland,54.3133451705949,18.59619073839646,2051.9313896755475,1436.351972772883
,,,grassland,54.31223823907888,18.602273712762226,165.8374070613041,116.08618494291287
,,,wood,54.312227097767924,18.602034754968454,837.9549207385868,586.5684445170107
Skwer Hugo Conwentza,,grass,,54.28477389226678,18.637429840408462,2782.9175041116437,1948.0422528781505
,,,grassland,54.31910644392245,18.616699669367485,2675.372613194835,1872.7608292363846
,,,grassland,54.321302411770205,18.584977450541686,850.5376938937936,595.3763857256555
,,grass,,54.32109201821647,18.583069865226545,2446.2832995908498,1712.3983097135947
,,,grassland,54.320427155519035,18.583815134913515,3469.511180597393,2428.657826418175
,,,grassland,54.320860596568814,18.573898337954365,2533.2112259573755,1773.2478581701628
,,,wood,54.31987821141143,18.595619651047294,2127.470158254469,1489.2291107781282
,,grass,,54.320339938445535,18.600168563255295,5354.674821561858,3748.2723750933005
,,,grassland,54.31419561072463,18.589465680636135,527.722775112489,369.40594257874227
,,,grassland,54.31586125443991,18.582034654433023,1786.2816102854822,1250.3971271998375
,,,grassland,54.3156758065095,18.581522519637605,176.72214763373466,123.70550334361425
,,greenfield,wood,54.31466214123658,18.588659495054575,3915.169381638337,2740.618567146836
,,greenfield,grassland,54.31415790485476,18.58699685047368,1914.6492823757067,1340.2544976629945
,,greenfield,grassland,54.31409189107677,18.586020214687416,3928.0606358767654,2749.6424451137354
,,greenfield,grassland,54.31582141617276,18.584782713569698,2370.146062656025,1659.1022438592174
,,greenfield,grassland,54.31612124708473,18.583770489608632,6314.670290562796,4420.2692033939575
,,grass,,54.315698457931774,18.587671673289115,3892.228016571153,2724.559611599807
,,greenfield,grassland,54.315423421089235,18.587070369557463,4059.7439683601538,2841.8207778521073
,,greenfield,grassland,54.31374107421083,18.58255264830959,8864.276272891808,6204.993391024265
,,grass,,54.3061046236812,18.583125112860806,1616.6968390991244,1131.687787369387
,,greenfield,grassland,54.30356904420211,18.58332431817545,1889.0810249739106,1322.3567174817374
,,greenfield,grassland,54.30457209938863,18.581719188452652,1634.821278542627,1144.3748949798387
,,greenfield,grassland,54.30438982424603,18.582414227531032,2436.775524188545,1705.7428669319816
,,,grassland,54.30721808380499,18.593331123459794,1530.3263218465565,1071.2284252925895
,,grass,,54.303247865389494,18.586117704198443,69.30929932300552,48.51650952610386
,,grass,,54.307007759300056,18.60591529176284,14539.036951556194,10177.325866089335
,,,grassland,54.30847092668757,18.60749500851756,84484.74326875804,59139.32028813063
,,,wood,54.30538111253772,18.60846617441087,639.9797989286568,447.9858592500597
,,greenfield,grassland,54.30332885479006,18.60607269422402,2423.350026658367,1696.3450186608568
,,grass,,54.30351422699303,18.60643172028011,2180.4563355166274,1526.3194348616391
,,,wood,54.31699513317385,18.600003011673298,480.052167018581,336.03651691300666
,,,wood,54.320394982234475,18.5980044797678,539.752099478688,377.8264696350816
,,,wood,54.32053213808412,18.598995365666887,4148.898990472309,2904.229293330616
,,,wood,54.32089599858515,18.598379875600646,2429.413776835942,1700.5896437851593
,,,grassland,54.328602956803806,18.616569683769868,285.6358153688806,199.94507075821642
,,,grassland,54.32836656054898,18.617206834223463,13965.659770160279,9775.961839112195
,,grass,,54.3283631201806,18.61770536089208,1624.267541337609,1136.9872789363262
,,,grassland,54.3286558493746,18.623059675239972,2663.886167642544,1864.7203173497808
,,,grassland,54.32887397956911,18.61541564272321,50666.5455200915,35466.58186406405
,,,grassland,54.33302108633772,18.610298448430594,681.7894904622678,477.25264332358745
,,,wood,54.33959201929237,18.63606283961361,7092.727957439247,4964.909570207473
,,,grassland,54.33887619673419,18.63570141527327,527.4129918288214,369.18909428017497
,,,wood,54.3385562044451,18.63171684655823,1018.8295801686847,713.1807061180792
,,,grassland,54.331800790781216,18.63224949001857,4954.571812404245,3468.2002686829715
,,,grassland,54.33230043851096,18.63335304114686,2809.534574288567,1966.6742020019967
,,,grassland,54.33258530473602,18.603342294159237,2987.711042239282,2091.397729567497
,,grass,,54.33246128793262,18.603453995920326,2672.5051447431842,1870.7536013202289
,,,wood,54.332574861779,18.60259599384056,5147.719636376639,3603.403745463647
,,,grassland,54.332222976875386,18.60687363141829,155.6868120594442,108.98076844161093
,,grass,,54.33602305988297,18.600169995433095,55.827210791828485,39.07904755427994
,,,grassland,54.33566031006366,18.60215028800889,2424.7797669062334,1697.3458368343634
,,grass,,54.33410728015042,18.598430093198495,100.04563881965572,70.031947173759
,,,grassland,54.33493030995852,18.636128718153795,2886.7797511456647,2020.745825801965
,,grass,,54.33078987644832,18.63399684490613,1135.473724859765,794.8316074018355
,,grass,,54.32805674414449,18.612107843589424,858.7468857742693,601.1228200419885
,,grass,,54.327686504715956,18.611557200538453,3232.312497276814,2262.6187480937697
,,,grassland,54.32788340944658,18.612301298359206,1758.9612952887767,1231.2729067021437
,,grass,,54.327974462346376,18.613642908188567,587.9443266690892,411.5610286683624
,,,grassland,54.32785139084812,18.61411241837584,3540.6572560200093,2478.4600792140063
,,greenfield,grassland,54.321027656915206,18.594029296992055,3126.9917271453214,2188.894209001725
,,grass,,54.32272642711212,18.601709269984156,1736.1441074713873,1215.300875229971
,,grass,,54.39403724712271,18.603806821410284,548.9079794147791,384.23558559034535
,,,wood,54.39385854061641,18.604056371039604,4399.9768522489485,3079.9837965742636
,,grass,,54.39581362608826,18.603567016533148,71.73375682202257,50.2136297754158
,,grass,,54.40694770770402,18.614944773223563,120.92633839905446,84.64843687933812
,,grass,,54.4039484161799,18.611780413128333,1181.4942927701943,827.046004939136
,,grass,,54.399743573414646,18.607528046531733,31.71701189247017,22.201908324729118
,,grass,,54.400520877927335,18.608329665744858,1038.5578775377928,726.990514276455
,,grass,,54.40146791616823,18.609330767594166,810.6366080271146,567.4456256189801
,,grass,,54.40239801777769,18.610339872182468,141.41883426305142,98.993183984136
,,grass,,54.40253202804209,18.61047983953582,52.41310640724926,36.68917448507448
,,grass,,54.40316383493108,18.611168344685737,493.9943750996372,345.796062569746
,,grass,,54.403862708849516,18.61190487298334,343.34948097729875,240.3446366841091
,,grass,,54.40500305271147,18.613107864387416,971.7442655523947,680.2209858866763
,,grass,,54.404947365568404,18.61283122654677,2322.6821121979233,1625.8774785385463
,,grass,,54.40362399965416,18.611878479732578,298.66411181950104,209.06487827365072
,,grass,,54.40307565500284,18.61129048425762,1741.6477953973574,1219.15345677815
,,grass,,54.40203465926544,18.610169578489185,289.0322889797859,202.3226022858501
,,grass,,54.40250406811531,18.61069909119925,107.92473445276099,75.54731411693268
,,grass,,54.40401358080275,18.61228872982033,374.696737397159,262.2877161780113
,,grass,,54.40556896128548,18.613921576806497,5821.038518155037,4074.7269627085257
,garden,,,54.40615142980976,18.614319340375502,88.55283008100795,70.84226406480637
,,grass,,54.40025286677164,18.608286133014204,65.47557092572613,45.832899648008286
,,grass,,54.39982542169346,18.607825129161334,260.6263245948222,182.43842721637554
,,grass,,54.39967660571432,18.607655272467955,117.40798656860903,82.18559059802632
,,grass,,54.39717065831251,18.60456296938461,85.4930633784856,59.84514436493992
,,grass,,54.39689818136273,18.60425781426443,844.0622131887365,590.8435492321155
,,grass,,54.39800504932863,18.60543967022993,1911.221530193403,1337.8550711353819
,,grass,,54.39688689519655,18.604688137756312,387.692387698793,271.3846713891551
,,grass,,54.39708797387116,18.604903445550832,193.27506402238413,135.2925448156689
,,grass,,54.39750158279562,18.60533961855788,906.5107348231918,634.5575143762342
,,grass,,54.3982141923112,18.60609485517882,1215.1912231916776,850.6338562341743
,,grass,,54.39882521612772,18.606751405306923,281.2061224109929,196.84428568769502
,,grass,,54.3986725881649,18.60659117228497,51.48580659748646,36.04006461824052
,,grass,,54.396446465298894,18.60424644113542,282.1057821945101,197.47404753615706
,,grass,,54.3991271365443,18.60683887301034,529.5798757350916,370.7059130145641
,,grass,,54.39872987509655,18.60645342984551,20.35408573237862,14.247860012665035
,,grass,,54.39778471769282,18.605417890707866,1353.9465074769457,947.7625552338619
,,grass,,54.39639037723579,18.60393110084577,1998.7496012013994,1399.1247208409795
,,grass,,54.39934276066745,18.607297058079,173.24119295816826,121.26883507071777
,,grass,,54.39538131438459,18.60567761701075,3620.355533731071,2534.2488736117493
,,grass,,54.348703532141165,18.673921133869463,314.65850287107133,220.26095200974993
,,grass,,54.34844852150642,18.67141869916877,73.09520873358451,51.16664611350916
,,grass,,54.348534444445654,18.67158576287667,379.53286395202286,265.673004766416
,,grass,,54.35671879043276,18.684598903549393,257.62982869269257,180.3408800848848
,,grass,,54.39594981094612,18.64640230019518,46.61577287117952,32.631041009825665
,,grass,,54.35678194442681,18.645474845250984,371.1381296770139,259.79669077390975
,,grass,,54.356731976104626,18.652099697933075,91.6089875804808,64.12629130633655
,,grass,,54.35676749822799,18.652233967900177,59.80179424628758,41.8612559724013
,garden,,,54.35556883920035,18.657235239209072,31.346605680478756,25.077284544383005
,garden,,,54.35558516693533,18.657155712338934,63.84854021214631,51.07883216971705
,,grass,,54.355363042626635,18.656549603632133,86.54912312206355,60.58438618544448
,,grass,,54.34603755995796,18.6543476262052,253.15603623429274,177.2092253640049
,,grass,,54.35709032312427,18.67963134029491,66.4298498232917,46.50089487630419
,,grass,,54.34550721594427,18.645057490006714,229.51525158840502,160.6606761118835
,garden,,,54.34546398727895,18.645021486356537,344.41130962574573,275.5290477005966
,,,grassland,54.343258756529636,18.643034380472308,300.48037559725606,210.33626291807923
,,,grassland,54.392503858781716,18.624912941276428,6550.136462536021,4585.095523775214
,,,grassland,54.39577517078287,18.638535085853107,29776.378724168004,20843.4651069176
,,,grassland,54.39171987116605,18.635582991357655,92539.28531745884,64777.49972222118
,,,grassland,54.39224517824722,18.633698749500486,25621.369485468207,17934.958639827742
,,grass,,54.394405708558146,18.636173473812004,2848.0537873122694,1993.6376511185883
,,grass,,54.394579892030556,18.635418649555877,2551.6058209241237,1786.1240746468866
,,grass,,54.3951931881837,18.63452434128041,2790.464443798599,1953.3251106590192
,,grass,,54.39707965470315,18.630328260902193,1575.446398329102,1102.8124788303714
,,grass,,54.39777166335385,18.629285466397196,968.8960333573981,678.2272233501786
,,grass,,54.39905678759192,18.627120896671755,3450.9405269654267,2415.6583688757987
,,,grassland,54.40166792646373,18.641523682733915,2277.07511839619,1593.952582877333
,,,grassland,54.400180539832384,18.64323224432927,4565.691806721592,3195.984264705114
,,grass,,54.399860765527805,18.643452513671132,990.1112876772032,693.0779013740422
,,grass,,54.39964850809541,18.6433294992902,1526.70454930449,1068.693184513143
,,,wood,54.37377836432928,18.609408376325288,3523.6676951134104,2466.567386579387
,,grass,,54.4216299042244,18.480946684991423,101.56296756064306,71.09407729245014
,,grass,,54.42173005001729,18.480946749999998,118.68191340351163,83.07733938245813
,,grass,,54.42125055001063,18.480947450000027,94.15679468549664,65.90975627984764
,,grass,,54.42134636842795,18.480945992727165,95.03665249579156,66.52565674705409
,,greenfield,grassland,54.41467315646863,18.57344286721576,2238.2238067280155,1566.7566647096107
,park,,,54.40747787957103,18.633433748494824,1659.1387215767593,1659.1387215767593
,,grass,,54.40329791698935,18.638329554650294,5286.748371503727,3700.7238600526084
,,,grassland,54.402056621523364,18.640410735710496,3824.759932198741,2677.3319525391184
,,greenfield,wood,54.40192608489542,18.63810874002852,1582.0278578818752,1107.4195005173126
,,grass,,54.3956454946584,18.63542411560623,33.63123256875099,23.541862798125692
,,grass,,54.395804198833865,18.635606975385357,210.97341109029094,147.68138776320365
,,grass,,54.39621883412289,18.634292603064004,59.229656804176315,41.460759762923416
,,grass,,54.396661043274754,18.634620636849206,339.37502290467955,237.56251603327567
,,grass,,54.39931178700522,18.62930606562161,602.5593810754402,421.79156675280814
,,grass,,54.39521245975166,18.63765239013641,5091.608889774727,3564.1262228423084
,,grass,,54.39473900839883,18.637931403211468,2980.232841939169,2086.162989357418
,,grass,,54.39546184580041,18.63672562948624,5225.01543709428,3657.5108059659956
,,grass,,54.39641500444098,18.634600326392487,52.207755428831504,36.54542880018205
,,grass,,54.39574917110004,18.635241963459663,177.83050578728134,124.48135405109693
,,grass,,54.39590654287902,18.634977161870577,71.80852707109469,50.265968949766275
,,grass,,54.39603021866243,18.63464903857947,32.86313937550291,23.004197562852035
,,grass,,54.396118593865694,18.634474070791462,36.21952888135797,25.353670216950576
,,grass,,54.39682737227335,18.633631470488805,164.41736146368186,115.09215302457729
,,grass,,54.39651008163844,18.634737081919635,105.3343403644391,73.73403825510736
,,grass,,54.39839360613775,18.63085945805902,128.52765801854054,89.96936061297836
,,grass,,54.39822858520561,18.630670605968533,165.59613658450183,115.91729560915128
,,grass,,54.39816811590322,18.63021243282674,23.241988210237615,16.26939174716633
,,grass,,54.39855831130191,18.63072695389501,24.821375426928746,17.37496279885012
,,grass,,54.39764757966986,18.631969052478716,89.12243106501055,62.385701745507376
,,grass,,54.397447736390006,18.631799061568202,23.283408470866043,16.29838592960623
,,grass,,54.39639235817497,18.635376520776674,253.74590000753207,177.62213000527245
,,grass,,54.396240253118826,18.6358692898993,2523.2488714169967,1766.2742099918976
,,grass,,54.396798071132494,18.634622748503386,155.875883434964,109.1131184044748
,,grass,,54.39672999241186,18.63488054279775,69.66137461018342,48.76296222712839
,,grass,,54.39686192503506,18.634621221964267,307.83063835650546,215.4814468495538
,,grass,,54.34883794581987,18.67959703271942,17.738168517830772,12.41671796248154
,,,wood,54.40640434644773,18.677829897434965,8082.754145167616,5657.927901617331
,,,wood,54.40542891377544,18.680299108237627,83849.8845478552,58694.919183498634
,,,wood,54.4080755599153,18.675561881334783,4243.845307080172,2970.69171495612
,,,wood,54.4075895013838,18.675593164915828,1115.152285027453,780.6065995192171
,,,wood,54.40694425123385,18.676670503800608,5053.886601827863,3537.720621279504
,,,wood,54.40676932478145,18.67610613246094,5310.368895588758,3717.2582269121303
,,,wood,54.40590333892213,18.676409203984637,39740.238728316755,27818.167109821727
,,,wood,54.40626669485802,18.671571511476238,34585.81554993547,24210.07088495483
,,,wood,54.40710737351292,18.669978858012477,134084.7994439262,93859.35961074833
,,,wood,54.40359790254047,18.682832855698926,3883.6776649403782,2718.5743654582648
,,,grassland,54.388001198521074,18.692368527963268,36228.25497334422,25359.778481340953
,,,wood,54.353105451221204,18.552487103055928,2776.6287081111527,1943.6400956778068
,,grass,,54.414607224728876,18.59727803277317,181.75013711985503,127.22509598389851
,,grass,,54.41457418022942,18.59717800582698,289.1543702534728,202.40805917743094
,garden,,,54.35345346289835,18.65804810624435,89.83712562938025,71.8697005035042
,,grass,,54.35336704811525,18.658089340247944,181.52060563962561,127.06442394773792
,,grass,,54.352134486957155,18.65765208550424,100.24091614789197,70.16864130352437
,,grass,,54.32853013886969,18.592795636104935,276.2990418973724,193.40932932816065
,,,wood,54.33278138477102,18.58989968371498,8003.350159382693,5602.3451115678845
,,,grassland,54.33154761528185,18.5896636375387,1989.9606657237766,1392.9724660066436
,,,wood,54.331895857794535,18.587372023586976,2064.976015090557,1445.48321056339
,,grass,,54.331909327957256,18.587722285709308,3273.9873642419843,2291.791154969389
,,,wood,54.39708374877825,18.67515677607721,16020.28064159159,11214.196449114112
,,,wood,54.39626535890996,18.67422417534099,5426.6544814589115,3798.658137021238
,,,wood,54.397981566188875,18.676924219605063,34503.390367216736,24152.373257051713
,,,grassland,54.28744772114974,18.640810633505613,21193.85269989359,14835.696889925512
,,,grassland,54.323776332861506,18.655537850118687,6606.0963396323405,4624.267437742638
,,,grassland,54.32440721176323,18.656933819418377,1708.5514849664924,1195.9860394765446
,,,grassland,54.32385141722151,18.65368487725126,13097.96638961429,9168.576472730003
,,,grassland,54.32352042643981,18.65667013252841,25737.147857481446,18016.00350023701
,,,grassland,54.32247640743566,18.65657135611197,4920.34657145187,3444.2426000163086
,,,grassland,54.32412975601998,18.657887964071648,2973.5652201693533,2081.495654118547
,garden,,,54.34801257489521,18.642309583756287,686.88651222658,549.509209781264
,garden,,,54.3481465505155,18.6419072094723,263.66270678902424,210.9301654312194
,garden,,,54.34804429995236,18.642699745758225,296.01279501281607,236.81023601025288
,garden,,,54.34756019969128,18.645321129695542,214.6041156383297,171.68329251066376
,garden,,,54.347598468735015,18.644919130268406,49.85342069272076,39.88273655417661
,garden,,,54.34776033098367,18.644902619996895,92.07224262902112,73.6577941032169
,garden,,,54.347482953417824,18.642807899945222,241.59181173090948,193.2734493847276
,garden,,,54.347405798296236,18.6427012928598,447.16336593491644,357.7306927479332
,,grass,,54.35197997689018,18.64616373190425,32.49715804103746,22.74801062872622
,,grass,,54.35177299181427,18.646225950416568,150.67867242065157,105.4750706944561
,,grass,,54.35187574503554,18.646529137850198,100.606746900307,70.42472283021489
,garden,,,54.35189424354761,18.646320972397728,265.671525498511,212.5372203988088
,,grass,,54.35180186651938,18.645864976063553,95.66331411798757,66.9643198825913
,,grass,,54.351943484320095,18.64584563779191,143.96133525818016,100.77293468072611
,,grass,,54.352124421314194,18.646136581452833,66.7683946446536,46.73787625125752
,,grass,,54.35213632481691,18.64641784661882,24.908573592013163,17.436001514409213
,,grass,,54.352351473766035,18.64623271388872,212.52886965912762,148.7702087613893
,,grass,,54.34800959244962,18.644614833033238,160.03404650424676,112.02383255297272
,garden,,,54.351139059047206,18.646203980130522,64.3234277910111,51.45874223280888
,garden,,,54.35123474990218,18.64622024328239,50.756914246557066,40.605531397245656
,garden,,,54.35144477462921,18.646193021739982,21.99221879013857,17.593775032110855
,garden,,,54.35133672481993,18.64624012099994,90.79079458364234,72.63263566691387
,,grass,,54.35181870181304,18.644401242202754,133.92852840816226,93.74996988571358
,,grass,,54.35189264803664,18.644457855295457,151.7073749072934,106.19516243510537
,,grass,,54.350995209002264,18.641999175050078,1089.9490475263244,762.964333268427
,garden,,,54.3493529715076,18.641806496732197,269.469323756427,215.57545900514162
,,grass,,54.34918964362992,18.641708372373703,80.4136102909784,56.28952720368488
,,grass,,54.34866429468886,18.641754026732237,210.63842450413156,147.4468971528921
,,grass,,54.348809777284835,18.641740026252155,110.53860367340987,77.3770225713869
,garden,,,54.34842913241056,18.642103967668085,550.7549746474824,440.60397971798596
,,grass,,54.34839421541204,18.641395397546404,48.72660103067383,34.108620721471674
,,grass,,54.34848075288913,18.641561325235838,87.66337808297303,61.364364658081115
,,,grassland,54.307747320070675,18.6568479770346,7548.292053790025,5283.804437653018
,,,grassland,54.310674268514965,18.68592320970551,10677.989388336026,7474.592571835217
,,,grassland,54.31311025112632,18.687034912164727,493.55402237564704,345.4878156629529
,,grass,,54.384594687255074,18.576715266498038,2387.0386975767665,1670.9270883037364
,,grass,,54.420107199613675,18.56422373397804,1739.0868053722165,1217.3607637605514
,,grass,,54.42045913863945,18.564720355280883,46.61532228197425,32.630725597381975
,,grass,,54.42066934177851,18.56455755373662,1538.9528281862792,1077.2669797303954
,garden,,,54.42337328494113,18.563471500848195,356.25220046041954,285.0017603683356
,garden,,,54.42370761140766,18.564590468970284,1473.5697014160899,1178.855761132872
,garden,,,54.42349111201785,18.56359767592002,433.61455089943945,346.89164071955156
,garden,,,54.423622667509434,18.564279225778662,341.35083589690896,273.0806687175272
,garden,,,54.42381787980412,18.56389107899471,239.6762102277132,191.74096818217058
,garden,,,54.423575259430685,18.56396843387037,1426.5638718642178,1141.2510974913744
,garden,,,54.423332307191465,18.56399826546053,166.29686002740186,133.0374880219215
,,,grassland,54.31689329327181,18.569524016481477,29459.713455803434,20621.7994190624
,,,grassland,54.31525618884453,18.5741512660161,2792.783616282746,1954.9485313979221
,,,grassland,54.31485053902412,18.571303563836455,24324.425060283218,17027.09754219825
,,,wood,54.315604215459196,18.57500885861669,391.56288801509953,274.09402161056965
,,,wood,54.31544126798642,18.574722401696384,1205.9384725136579,844.1569307595605
,,,wood,54.315414785555994,18.576537712964726,1229.6834713669484,860.7784299568639
,,,grassland,54.315955613535756,18.57409838416831,12239.970761309762,8567.979532916832
,,greenfield,grassland,54.316067686591055,18.57461031206706,2766.1057164455788,1936.274001511905
,,grass,,54.38318472373489,18.63955152456159,1806.8651403255178,1264.8055982278624
,,grass,,54.38291138038742,18.63939094607786,1861.5433943661626,1303.0803760563138
,,grass,,54.38224149495391,18.63817335794199,73.37729501753795,51.36410651227656
,,grass,,54.38217516882342,18.63830197817894,117.82938709462056,82.48057096623438
,,grass,,54.381443426019025,18.63719077437676,1139.755279284731,797.8286954993116
,,grass,,54.38157959803738,18.63718151505709,1793.34332511101,1255.3403275777068
,,,wood,54.38153397160703,18.636676075113165,9028.871763231853,6320.210234262297
,,grass,,54.38121393697411,18.637369724228297,11398.520290964938,7978.964203675456
,,grass,,54.381935640152555,18.63819663840067,47.08287537609163,32.958012763264136
,,grass,,54.38208973867584,18.638432274723087,81.1633020155603,56.81431141089221
,,grass,,54.38206018358714,18.638548939893347,186.1389601935128,130.29727213545894
,,grass,,54.382127097872626,18.638656763704866,98.4346288102401,68.90424016716807
,,grass,,54.382533428240635,18.63926836261443,3341.649777884737,2339.1548445193157
,,grass,,54.38306871303818,18.640054368065407,304.069200199954,212.8484401399678
,,grass,,54.3827603209998,18.639408816026016,1039.2029678180088,727.4420774726061
,,grass,,54.38313976322649,18.639016447458612,10638.229427524468,7446.760599267127
,,grass,,54.383482881346566,18.639795437889962,532.3570007535845,372.64990052750915
,,grass,,54.38338408920499,18.640645777988055,1464.9927261545197,1025.4949083081638
,,grass,,54.383585234059446,18.64069013976549,1396.0302735798944,977.221191505926
,,,wood,54.38377172707302,18.64126448076874,2093.096278974373,1465.167395282061
,,grass,,54.38403261237752,18.64146012905146,859.6711490200722,601.7698043140505
,,grass,,54.38419367765363,18.642000536216944,3072.6929851731766,2150.8850896212234
,,grass,,54.38401532079148,18.64055230911278,18.937245597472856,13.256071918231
,,grass,,54.384429032176655,18.64102460760067,4530.5902328193415,3171.413162973539
,,grass,,54.38480532036261,18.641874722158537,1088.683253878824,762.0782777151767
,,grass,,54.384715071786225,18.642016964952877,488.9005304999129,342.23037134993905
,,,grassland,54.33240367969167,18.544367184446713,3806.971398235676,2664.879978764973
,,,grassland,54.331811625107726,18.541541895321902,7095.271209507258,4966.68984665508
,,greenfield,grassland,54.33494604080767,18.510191317957496,2130.197491697336,1491.138244188135
,,greenfield,grassland,54.3355506069164,18.51009935444073,2794.165511347768,1955.9158579434377
,,greenfield,grassland,54.33694933278847,18.509250195047215,1963.2708973945691,1374.2896281761982
,,greenfield,grassland,54.3366467973248,18.511339050637705,2488.4994096557784,1741.949586759045
,garden,,,54.33853471259268,18.508259845649548,2310.4746323923514,1848.3797059138813
,,,grassland,54.337809717854405,18.50938252520758,422.24878641202645,295.57415048841847
,,,grassland,54.3350950842563,18.511499826363906,36349.46628606563,25444.62640024594
,,grass,,54.336952949648705,18.512377064206657,17535.357227432927,12274.750059203048
,garden,residential,,54.33724623258877,18.512875276701248,2847.4002050797817,2277.9201640638253
,,greenfield,grassland,54.33568964518196,18.512821437164536,2404.947488401239,1683.4632418808671
,garden,,,54.33590215476561,18.513338876286056,1944.5653362714845,1555.6522690171878
,,greenfield,grassland,54.33559273325429,18.51355006853614,2397.5447861152606,1678.2813502806823
,garden,,,54.336004847319174,18.512561091139688,2281.4179933298537,1825.134394663883
,,greenfield,grassland,54.33689448357903,18.51441252992533,2315.9130340587367,1621.1391238411156
,,greenfield,grassland,54.336260081461845,18.513603933409243,2447.4226070458853,1713.1958249321196
,,,grassland,54.3387266374032,18.514350754194826,2420.971071363048,1694.6797499541335
,,grass,,54.33882525108436,18.512950448703652,3106.265664267532,2174.385964987272
,,,grassland,54.33895627235605,18.512983450298275,536.9154964279309,375.84084749955156
,,greenfield,grassland,54.339585078122994,18.514729355838472,6437.241296674539,4506.0689076721765
,,greenfield,grassland,54.33921684661037,18.515315451329602,2058.174696018625,1440.7222872130376
,,greenfield,grassland,54.33889200612729,18.516088432992102,5426.573405941444,3798.6013841590106
,,greenfield,grassland,54.33984266584135,18.513170463147752,3788.615597641876,2652.0309183493127
,,greenfield,grassland,54.33915963222138,18.512970152661865,4128.20059364159,2889.7404155491126
,,,grassland,54.335446383936215,18.52312974112472,24746.591800676306,17322.614260473412
,garden,,,54.33682440094269,18.516183238331095,2882.280253396801,2305.824202717441
,,grass,,54.336727877446,18.515406776612956,5714.24303696783,3999.970125877481
,,greenfield,grassland,54.33587544481861,18.515506273130914,9629.997616064162,6740.998331244913
,garden,,,54.334418698828934,18.514990342848808,17631.6474859275,14105.317988742001
,,,grassland,54.33491962020361,18.516193639528638,333.1893230447661,233.23252613133627
,,greenfield,grassland,54.33783782801045,18.522020700146108,9544.831647327386,6681.38215312917
,,greenfield,grassland,54.33751726683612,18.52138930025884,2819.5525117740617,1973.686758241843
,,greenfield,grassland,54.3379263045299,18.520800411778715,3075.708765769114,2152.9961360383795
,,greenfield,grassland,54.3387515729711,18.519750337174912,6134.518558757128,4294.162991129989
,,greenfield,grassland,54.338622842042824,18.521905418145128,3177.7498984895255,2224.4249289426675
,,grass,,54.33772967630056,18.5250168650315,1683.1945503151062,1178.2361852205743
,,greenfield,wood,54.339292580738785,18.51942181205243,4021.070322164921,2814.7492255154443
,,,wood,54.41542982206562,18.58900295352763,1299.8961063103786,909.9272744172649
,,grass,,54.40700931433055,18.61048786422786,114.76748993172761,80.33724295220932
,,grass,,54.41929451470354,18.57937620294951,1807.366362657297,1265.1564538601078
,,grass,,54.38020694575969,18.559224781741776,2690.589069520341,1883.4123486642386
,garden,,,54.4006096204689,18.583341087619626,1612.2628388325263,1289.8102710660212
,garden,,,54.40067622201716,18.582858666109953,863.5159916033429,690.8127932826743
,,grass,,54.40172176542605,18.580448643568914,412.9933111755836,289.0953178229085
,,greenfield,grassland,54.34318909967213,18.48168035675691,8962.730908731477,6273.911636112033
,,,wood,54.34659138393979,18.495127225905144,3581.692077540806,2507.1844542785643
,,,wood,54.346926870766595,18.494789499242632,2889.6003406612135,2022.7202384628492
,,,wood,54.3461312606285,18.494113707426152,9636.444844993714,6745.511391495599
,,greenfield,wood,54.345698373925295,18.49463620747321,2957.672539719668,2070.3707778037674
,,greenfield,grassland,54.34539815906074,18.493796812952077,3847.9813498772573,2693.58694491408
,garden,,,54.34526592929037,18.495103714915892,2949.915279834854,2359.9322238678833
,,,grassland,54.34241251167828,18.501820532398884,3394.3368914494004,2376.03582401458
,,,wood,54.342203285112205,18.499866135603032,10683.244970481235,7478.271479336864
,,,grassland,54.342500989266796,18.497162587326304,17346.807952542942,12142.765566780059
,,,wood,54.342495829737146,18.496760529523836,3709.2567276691852,2596.4797093684297
,,,wood,54.34203465511167,18.49698071968872,9550.3236691383,6685.22656839681
,,greenfield,grassland,54.339890546838376,18.505431047542462,3931.2944844477024,2751.9061391133914
,,greenfield,grassland,54.33954524570839,18.5060776978511,1852.635149835239,1296.8446048846672
,,greenfield,grassland,54.34274219239238,18.515719975894545,5457.4071056822195,3820.1849739775535
,,greenfield,grassland,54.342302814445375,18.514445852505528,21522.53805861696,15065.77664103187
,,greenfield,grassland,54.342601158282,18.510829065461248,2348.4942412139735,1643.9459688497814
,,greenfield,grassland,54.34280702723715,18.51162457571594,3269.413789563564,2288.589652694495
,,grass,,54.34314022844574,18.511542003179503,3081.666034660174,2157.1662242621214
,,greenfield,grassland,54.34298731815169,18.51288259824763,2938.468509917796,2056.927956942457
,,greenfield,grassland,54.34288625330432,18.514541314146356,3073.7554561057445,2151.628819274021
,,grass,,54.34302891320453,18.514026859142767,6215.271254596903,4350.689878217832
,,greenfield,grassland,54.342092282909,18.512061411873475,15018.042431597156,10512.629702118009
,,greenfield,grassland,54.342028074417335,18.510667178464377,3105.822975116778,2174.0760825817442
,,greenfield,grassland,54.343895976561534,18.514603353531104,2933.437576896643,2053.40630382765
,,greenfield,grassland,54.34362291359961,18.512648072599042,3975.5130376276793,2782.8591263393755
,,greenfield,grassland,54.3440424528533,18.512814299252895,2963.7905925272225,2074.653414769056
,,greenfield,grassland,54.33890496007785,18.50882316470747,2760.4030317532197,1932.2821222272537
,,greenfield,grassland,54.339448050374365,18.509116950669576,2059.125297815327,1441.3877084707287
,,greenfield,grassland,54.33734296687554,18.50152189431488,4000.2616595193113,2800.1831616635177
,,grass,,54.406915931685226,18.64167271784865,2421.4580206702667,1695.0206144691865
,,grass,,54.40684937033002,18.641612742702083,2800.6259917070593,1960.4381941949414
,,grass,,54.40592873922637,18.645035365897037,1168.5275998836555,817.9693199185588
,,grass,,54.40551375619239,18.64629808457696,43.11328004967209,30.179296034770463
,,grass,,54.4059439811015,18.645256226776446,1077.292539419112,754.1047775933783
,,,wood,54.40481601400915,18.647321204364335,3436.0817996612036,2405.2572597628423
,,,wood,54.404385944714164,18.648283570844644,4054.9211523118,2838.44480661826
,,grass,,54.40452341259136,18.654312436419396,658.2410517865637,460.7687362505946
,,grass,,54.40443713806658,18.654181324125343,526.3866268753518,368.47063881274624
,,grass,,54.40480039445317,18.65658154023359,579.91402150915,405.93981505640494
,,grass,,54.40472371115943,18.65626493688398,204.6557792080204,143.25904544561428
,,grass,,54.4048487416577,18.656201701860656,3012.507799061416,2108.755459342991
,,greenfield,grassland,54.33699345727126,18.523585021529502,18613.078872264417,13029.155210585091
,,,wood,54.33607281025195,18.528952596060737,3054.0294790790986,2137.8206353553687
,,grass,,54.35239656399912,18.504432241897554,7788.518487974434,5451.962941582104
,,,wood,54.34438971199424,18.503177533525864,1272.31732230147,890.622125611029
,,,grassland,54.363293902276595,18.48739083990922,403.9471498975613,282.7630049282929
,,grass,,54.39380325535462,18.569219999288393,761.0910403324127,532.7637282326889
,,greenfield,grassland,54.409740451637504,18.57468080634952,2055.2558915577238,1438.6791240904065
,,grass,,54.373549386964115,18.491610128395788,37274.484293519294,26092.139005463505
,,grass,,54.381955524177236,18.460367247860642,4583.088184454575,3208.161729118202
,,grass,,54.37816359561168,18.473992004724455,8378.585979210586,5865.01018544741
,,grass,,54.37893779510237,18.475703388162934,4472.9588819403525,3131.0712173582465
,,grass,,54.381980847080264,18.46079334475601,2188.2582912724847,1531.7808038907392
,,,grassland,54.38330920123775,18.454075651400515,5674.256247067817,3971.9793729474713
,,,grassland,54.3796993465394,18.590497759312903,6853.376058722855,4797.363241105998
,,greenfield,grassland,54.351341951143986,18.51102552496169,5299.691547067254,3709.7840829470774
,,grass,,54.351708330546494,18.50981845202176,404.1420900602693,282.8994630421885
,,grass,,54.35569600002079,18.513822333333334,49.35915982203373,34.55141187542361
,,grass,,54.35465395797515,18.5153601526605,1419.346813459331,993.5427694215317
,,greenfield,grassland,54.355645218874265,18.51275532187181,1411.2309406924242,987.8616584846968
,,greenfield,grassland,54.35585438841209,18.5119111259367,3119.8002605357024,2183.8601823749914
,,greenfield,grassland,54.35358781684327,18.50834020821176,1770.7230600662926,1239.5061420464049
,,greenfield,grassland,54.354754162698754,18.50843533341378,2412.0196229191615,1688.4137360434129
,,greenfield,grassland,54.35453918852836,18.510195232574638,2302.5712508947563,1611.7998756263294
,,greenfield,grassland,54.353175454065855,18.510217166492282,1964.267926084185,1374.9875482589296
,,greenfield,grassland,54.35301033983553,18.509565396440365,2088.3302168325217,1461.8311517827651
,,,grassland,54.42144460918072,18.598720323266942,6458.164415817226,4520.7150910720575
,,grass,,54.30110074653527,18.607149721255254,149.59240867365662,104.71468607155963
,,grass,,54.425523558104544,18.474609309373022,1482.5521151796524,1037.7864806257567
,,grass,,54.354299905983645,18.64537344174016,571.1909471912948,399.8336630339063
,,grass,,54.35359682850067,18.645189164032836,435.97290472757066,305.18103330929944
,,grass,,54.35368334601234,18.645292471308732,178.98950322773203,125.2926522594124
,,grass,,54.35719813476454,18.64683998891028,357.4127106656024,250.18889746592166
,,grass,,54.36089122224274,18.642624402629384,1259.999813754238,881.9998696279665
,,grass,,54.36067667402004,18.64303580454711,2055.9914428083307,1439.1940099658314
,,grass,,54.36075606176051,18.64316526006791,1546.4527610180014,1082.516932712601
,,grass,,54.3611171828135,18.64290236979095,649.5162909924153,454.66140369469065
,,grass,,54.361111079015316,18.642376609524003,109.96530919852269,76.97571643896588
,,grass,,54.3612875091064,18.64271880121145,112.77403483127888,78.94182438189522
,,grass,,54.36118211989247,18.64220858444739,118.74198849835663,83.11939194884964
,,grass,,54.36114685532978,18.64186126406485,871.2534580587122,609.8774206410985
,,grass,,54.36137435424115,18.64136210006517,1137.941337968397,796.5589365778778
,,grass,,54.36092892026761,18.641251910461257,1584.6486850823096,1109.2540795576167
,,grass,,54.36079880230027,18.641357345322408,587.1613915051105,411.0129740535773
,,grass,,54.3605918899572,18.641451342220996,104.6352958458503,73.2447070920952
,,grass,,54.36090444403911,18.642254163391822,59.788053018068254,41.85163711264777
,,grass,,54.36089690000449,18.64205066666667,39.232154402114226,27.462508081479957
,,grass,,54.36170507239115,18.64278506788487,170.51709333544358,119.36196533481049
,,grass,,54.36195617268415,18.64248074394795,151.94608547598568,106.36225983318997
,,grass,,54.36287073345708,18.639783867922457,6883.688933926351,4818.5822537484455
,,grass,,54.36376016149627,18.638332768313006,380.105733901709,266.0740137311963
,,,wood,54.362795429061876,18.63945952754064,461.1704383280685,322.8193068296479
,,grass,,54.362614258971924,18.63973540315244,906.259936259278,634.3819553814945
,,,wood,54.362299564876544,18.64027513610127,1744.5535201746095,1221.1874641222266
,,grass,,54.3619291567869,18.64088499703371,1505.6462274020337,1053.9523591814236
,,grass,,54.36164219507958,18.641124405402362,1096.7115098507318,767.6980568955122
,,grass,,54.36171756681709,18.64128833333333,85.5748597013312,59.90240179093184
,,grass,,54.36441031683593,18.63720998323543,3630.265087997794,2541.185561598456
,,grass,,54.364555745727024,18.637330250572344,1220.900948344903,854.6306638414321
,,grass,,54.36447603891318,18.637772376910952,6459.549887060985,4521.684920942689
,,grass,,54.3655189038997,18.635349532927773,4101.939700825984,2871.3577905781885
,,grass,,54.36600342960869,18.635207101933023,9677.872901444995,6774.511031011496
,,grass,,54.36596370774519,18.634958078057277,1583.686889247031,1108.5808224729217
,,grass,,54.3664401013185,18.633856869411435,709.5782343955784,496.70476407690484
,,grass,,54.36640989825204,18.633793485847313,769.1117523110498,538.3782266177349
,,grass,,54.367706925952874,18.63201906697891,2141.009906858417,1498.7069348008918
,,grass,,54.367734241900386,18.63228423358068,8420.124467210404,5894.087127047283
,,,wood,54.3678297580485,18.631199249706576,11250.202008849928,7875.141406194949
,,grass,,54.36744467949592,18.632167250083523,1501.0073988645775,1050.705179205204
,,grass,,54.36706619967131,18.632663808779817,670.2669082147561,469.18683575032924
,,grass,,54.367113074395974,18.632260555726088,228.86753683652572,160.207275785568
,,grass,,54.36853212649256,18.630197917973614,1760.47325444721,1232.331278113047
,,grass,,54.36865777125387,18.630440829878655,83.23521007472723,58.26464705230906
,,grass,,54.368729361805045,18.630563971173476,1247.1890668672527,873.0323468070768
,,grass,,54.36886739050906,18.630060926944488,103.8644075161853,72.7050852613297
,,grass,,54.36895579726037,18.630220367569805,420.33471891220734,294.2343032385451
,,grass,,54.368754254397345,18.629841237731693,260.20690155068837,182.14483108548185
,,grass,,54.37018789625584,18.627442495244626,13570.295928308682,9499.207149816077
,,grass,,54.37050818990427,18.627289118649312,3878.94624034311,2715.262368240177
,,grass,,54.37050738901488,18.627602446981548,16551.454318067554,11586.018022647288
,,grass,,54.36845715147397,18.62990110599896,521.3466598517615,364.942661896233
,,grass,,54.37185552222382,18.624618002357963,1961.6657305826548,1373.1660114078582
,,grass,,54.3722364310198,18.624771578900358,110.09950731101485,77.06965511771038
,,grass,,54.372379856493374,18.624524708483168,168.49754674894862,117.94828272426403
,,grass,,54.37242408004637,18.624303753303856,202.3588932966509,141.65122530765564
,,grass,,54.37226045795292,18.6243417477034,54.33820029244936,38.03674020471455
,,grass,,54.372888142485586,18.622878642503593,7655.27862684703,5358.695038792921
,,grass,,54.37216196975047,18.623793762677693,369.95453819076016,258.9681767335321
,,grass,,54.37367903459209,18.621948574082236,222.9248556746797,156.04739897227577
,,grass,,54.37318749950186,18.62307114789938,6790.828573359662,4753.580001351763
,,grass,,54.373840164300965,18.621983187397696,165.2141123836448,115.64987866855134
,,grass,,54.37357589329515,18.621350035766493,33.13299879124909,23.193099153874364
,,grass,,54.373695373883805,18.62116898176506,190.27653343665358,133.1935734056575
,,grass,,54.373707927534156,18.62150849437701,116.08993536583525,81.26295475608467
,,grass,,54.37410756562249,18.620833758278945,3275.3579491533033,2292.750564407312
,,grass,,54.37428257198565,18.621209859687347,3657.287918070236,2560.1015426491654
,,grass,,54.37436036129431,18.62078070325755,772.4723600856345,540.7306520599441
,,grass,,54.37560797863218,18.61611857645714,545.1723013048869,381.6206109134208
,,grass,,54.375727394984565,18.6160033577675,1344.016961486665,940.8118730406654
,,grass,,54.37538285533672,18.6176110939175,382.7687070312836,267.93809492189854
,,grass,,54.382755262529244,18.597645240651374,148.32625918708445,103.82838143095911
,,grass,,54.38286286244749,18.597858156447106,35.76511603813825,25.035581226696774
,,grass,,54.383765002226774,18.596210959799837,1703.1237279075667,1192.1866095352966
,,grass,,54.383172296763846,18.597344082230308,1203.5388395732493,842.4771877012745
,garden,,,54.42566271080303,18.476645195005066,1959.6806619041088,1567.7445295232872
,,greenfield,grassland,54.352941384163984,18.505489839313086,2585.8858753312315,1810.120112731862
,,,grassland,54.373627296497915,18.521245338624556,13104.498200783752,9173.148740548626
,,,grassland,54.37132899495236,18.52639990248494,4884.843285942923,3419.390300160046
,garden,,,54.37111788874969,18.521854880757836,1005.0146011453954,804.0116809163164
,,,wood,54.370323222247876,18.524541129654907,11848.266339295265,8293.786437506686
,,grass,,54.338353482681846,18.608031323651232,3390.2992916302583,2373.209504141181
,,grass,,54.338251381522305,18.608159136898628,2382.2523276566626,1667.5766293596637
,,grass,,54.33809284722482,18.608723780795355,3037.3573501809774,2126.150145126684
,,grass,,54.33805200509054,18.607694389236116,1332.6111114804482,932.8277780363137
,,grass,,54.33792791048474,18.60736035566383,223.30386453246396,156.31270517272478
,,grass,,54.337903046372524,18.60790157626541,516.726322011024,361.70842540771673
,,grass,,54.337860551995945,18.608859567448054,562.4096389621544,393.68674727350805
,,grass,,54.3379231739029,18.609573055775336,315.41058945760346,220.7874126203224
,,grass,,54.337867054464844,18.610009119705992,1276.983570209626,893.8884991467381
,,grass,,54.33773450523874,18.609958392005908,104.92790153549745,73.44953107484821
,,grass,,54.33770759577242,18.61060807972522,334.85368981005183,234.39758286703628
,,grass,,54.337708152279156,18.61101006716526,650.933225356354,455.6532577494478
,,,wood,54.33763350358282,18.610661726284462,410.3490841797783,287.2443589258448
,,grass,,54.33761841706084,18.610144287096876,81.199306303315,56.8395144123205
,,grass,,54.33822141491017,18.610734730673833,93.95102769166795,65.76571938416755
,,grass,,54.338148326804756,18.610758873171743,73.88896502684052,51.722275518788365
,,grass,,54.33843843436212,18.60855466104191,856.9770613009262,599.8839429106482
,,grass,,54.33853056174245,18.606455132035705,554.5168498940867,388.16179492586065
,,grass,,54.33868317923493,18.607007618526712,10195.245978672727,7136.672185070908
,,grass,,54.3386075759623,18.605567754287062,39.31715288898405,27.522007022288832
,,grass,,54.3381910339948,18.606586471473953,2048.395313009885,1433.8767191069194
,,grass,,54.33835172335778,18.605926174886275,302.3980554414565,211.67863880901953
,,grass,,54.33843419216316,18.605903915294167,241.59729358493746,169.1181055094562
,,grass,,54.33862909928294,18.60472401242582,830.5354716892277,581.3748301824594
,,grass,,54.338680168448356,18.604755182817055,428.5093990043856,299.95657930306993
,,grass,,54.33889948539358,18.604909182085297,7664.669368127705,5365.268557689393
,,grass,,54.3390759792468,18.60468125405973,10261.853469944457,7183.297428961119
,,grass,,54.33848171621848,18.602750320733833,462.43238497932293,323.70266948552603
,,grass,,54.338282555538186,18.602154883862422,590.946783617499,413.6627485322493
,,grass,,54.338356206720974,18.60291007253989,3845.207616482101,2691.6453315374706
,,grass,,54.33818079128906,18.602078956663306,1433.0810690523604,1003.1567483366522
,,grass,,54.33817469431195,18.60266824923571,1849.8243474567494,1294.8770432197246
,,grass,,54.3383994951649,18.604360411704903,967.1234248720931,676.9863974104651
,,grass,,54.33849998964146,18.604368615431046,1109.9210399443987,776.944727961079
,,grass,,54.33814322155602,18.612680340900457,1992.2275687308963,1394.5592981116274
,,grass,,54.33806641563115,18.612411988954047,1297.341596928123,908.139117849686
,,grass,,54.33803889882915,18.61197439191922,807.3856638691133,565.1699647083792
,,grass,,54.33825969413556,18.612781629031343,1442.2819299013045,1009.5973509309131
,,grass,,54.33816963015485,18.614767842144914,742.6466838116324,519.8526786681426
,,grass,,54.33805140538976,18.614675662922412,614.489540030875,430.1426780216125
,,grass,,54.33796157821753,18.614692633826436,578.3828292195103,404.8679804536572
,,grass,,54.337951147767406,18.613302781454454,2301.1276046694015,1610.789323268581
,,grass,,54.338353823311934,18.6107040640925,15.918299414802771,11.142809590361939
,,grass,,54.33752289399624,18.572487331684922,1068.2215658264515,747.755096078516
,,grass,,54.33802908326267,18.57286416829257,120.80900831077884,84.56630581754519
,,grass,,54.33960627138005,18.57138686116201,4325.880472464619,3028.116330725233
,,grass,,54.33942752446464,18.572210141969332,28370.28343904892,19859.198407334243
,,grass,,54.34122534544085,18.570532109162517,52.87740693827152,37.01418485679006
,,,wood,54.34139500777122,18.57212571493893,1873.201778344934,1311.2412448414536
,,,wood,54.341501780651654,18.572073494341296,1359.8259805419575,951.8781863793702
,,grass,,54.342935722650964,18.570961356451377,22210.896062601423,15547.627243820994
,,grass,,54.34204596346496,18.56988767418658,16460.334699287578,11522.234289501304
,,grass,,54.339054980129866,18.570458443562377,40123.74662204227,28086.62263542959
,,grass,,54.341062652477866,18.570361312240802,169.8142959552293,118.8700071686605
,,grass,,54.3419263445759,18.570399964893326,1135.5373925518868,794.8761747863207
,,grass,,54.34450972547945,18.570725951488917,3494.0726452442823,2445.8508516709976
,,grass,,54.34406890738055,18.570838479103745,472.7811335028004,330.9467934519603
,,grass,,54.345419012319276,18.571091813548804,3532.3919244765925,2472.6743471336144
,,,wood,54.33922302222159,18.575729235143168,8122.521423359224,5685.764996351457
,,grass,,54.336652558514054,18.571318262020704,2120.0155178674104,1484.010862507187
,,grass,,54.33645285375198,18.57186469240393,325.21247550681903,227.6487328547733
,,grass,,54.33676332348006,18.57193767243078,1369.9493290526964,958.9645303368874
,,grass,,54.33831413103632,18.572089226538615,124.18898395622011,86.93228876935407
,,grass,,54.3455591806466,18.571843527658505,1563.8837739055753,1094.7186417339026
,,,wood,54.34525171031614,18.572633890701738,19537.779356902356,13676.44554983165
,,,wood,54.34548408348253,18.573089376753828,1225.6701319045342,857.9690923331739
,,grass,,54.34589367372387,18.571993649893294,1445.6669394333749,1011.9668576033623
,,grass,,54.34594755192675,18.572193317433754,1089.2646888675547,762.4852822072883
,,grass,,54.34648125867289,18.572287784448598,1442.5977857831886,1009.818450048232
,,grass,,54.346724055231746,18.572135716687555,256.7196021882917,179.70372153180415
,,grass,,54.34602166659952,18.571371785914746,3266.0620674125926,2286.2434471888146
,,grass,,54.34651082538576,18.5715502736929,2947.7230557882745,2063.406139051792
,,grass,,54.34687681382973,18.57117697697726,2408.0648521834537,1685.6453965284175
,,grass,,54.352142262021054,18.575833458010262,304.2336009214438,212.96352064501065
,,grass,,54.35225695023713,18.576123873988116,104.34315046319875,73.04020532423912
,,grass,,54.35206754850668,18.57596093361103,112.40967046389399,78.68676932472579
,,grass,,54.352413247439216,18.57491875125782,909.2106536962875,636.4474575874012
,,grass,,54.35233858093844,18.575199032592664,117.46109926162168,82.22276948313517
,,grass,,54.352022647167246,18.57611594479127,238.96336063699448,167.2743524458961
,,grass,,54.35217600401153,18.57625877216507,121.08224005751278,84.75756804025895
,,grass,,54.352370199512436,18.576012456070835,131.8280815105651,92.27965705739557
,,grass,,54.3523097000031,18.576139199999997,15.162281943597844,10.61359736051849
,,grass,,54.352590606207414,18.576203928919234,269.0760954635167,188.35326682446168
,,,wood,54.35253933401891,18.57634627225717,674.5312731865044,472.17189123055306
,,,wood,54.35272996307183,18.57649229540454,279.55701146791114,195.6899080275378
,,,wood,54.35334307524482,18.5769764301391,3002.556207208738,2101.7893450461165
,,grass,,54.35352212275915,18.576750750914872,1768.2897709740937,1237.8028396818654
,,grass,,54.353972270963396,18.576933972748268,2824.197878551815,1976.9385149862703
,,grass,,54.35345123232147,18.57687862256188,614.9020530253297,430.43143711773075
,,,wood,54.35339429965146,18.575949823132863,5330.2736849216235,3731.191579445136
,,grass,,54.354476453468735,18.577152552995244,1560.381003299648,1092.2667023097536
,,grass,,54.35510554002556,18.57748509876126,607.1291186197827,424.9903830338479
,,grass,,54.35439698182111,18.576931066811046,2126.8105699075013,1488.7673989352509
,,grass,,54.35495121631989,18.577333461217773,38.18835041048022,26.731845287336153
,,grass,,54.35421440076257,18.576629277055986,1105.758230214012,774.0307611498083
,,grass,,54.35455035607103,18.577765519375994,595.8457582133542,417.09203074934794
,,grass,,54.35511905119897,18.57822970631647,35.3322681153393,24.73258768073751
,,grass,,54.35510807467631,18.578371282630684,164.78240014142477,115.34768009899733
,,grass,,54.354818708016076,18.57812580410195,503.78232648778885,352.64762854145215
,,grass,,54.35530288241087,18.577634520738314,243.70800565027145,170.59560395519
,,grass,,54.355260050286766,18.577776832201042,116.079642210661,81.2557495474627
,,,wood,54.354736430912254,18.57612529144751,306.6818465180148,214.67729256261038
,,grass,,54.355005238058105,18.57671050403054,13056.09368403381,9139.265578823666
,,grass,,54.355365380059375,18.57731238816137,455.4594687850454,318.82162814953176
,,grass,,54.355344800041316,18.576535566666667,481.3272958019749,336.9291070613824
,,grass,,54.35539568178477,18.57684295341413,329.62467090354846,230.7372696324839
,,grass,,54.35551954618093,18.57836615121495,494.7577366652115,346.33041566564805
,,grass,,54.35554087293485,18.577995263701215,423.1431230197711,296.2001861138398
,,grass,,54.35552173730102,18.57777957235993,263.52888714265305,184.47022099985713
,,grass,,54.355464420284584,18.57852124740094,237.178229997588,166.0247609983116
,,grass,,54.35602622080315,18.57838614141934,224.92699673132216,157.4488977119255
,,grass,,54.355983030477894,18.57856889601895,151.1501535254712,105.80510746782984
,,grass,,54.35623998448176,18.57894673420974,395.0323530033652,276.5226471023556
,,grass,,54.35663770643705,18.5790910993738,562.824720708184,393.9773044957288
,,grass,,54.35653834892517,18.578837793540824,297.21707347640876,208.05195143348612
,,grass,,54.356524593768036,18.578753436307704,515.6399526321275,360.9479668424892
,,,wood,54.35636114918445,18.578470317563287,960.3852790412882,672.2696953289017
,,,wood,54.3567439487016,18.578808034497833,497.16297332256477,348.0140813257953
,,grass,,54.35687794971414,18.57969561883391,361.78600953496164,253.25020667447313
,,grass,,54.35688258608093,18.579852313191225,303.12020804845355,212.18414563391747
,,grass,,54.35726114769027,18.579771848632486,1762.7048432364536,1233.8933902655174
,garden,,,54.35751952861552,18.579741163873564,412.5029599350077,330.00236794800617
,,grass,,54.357316222867354,18.579414870252048,731.6795629634876,512.1756940744413
,,grass,,54.35723154248009,18.579178021826788,1023.7401046789528,716.6180732752669
,,grass,,54.35760262471226,18.57941160001282,568.1172280811682,397.68205965681767
,,grass,,54.357786987488616,18.579644103130818,115.87261261207027,81.11082882844919
,,grass,,54.357725486304986,18.5798735780829,28.672701206365545,20.07089084445588
,garden,,,54.35775174433204,18.580156907103483,255.2584319783159,204.20674558265273
,garden,,,54.35782955217162,18.580233606911996,82.35208867368486,65.88167093894789
,,grass,,54.35766402419678,18.580050350593076,38.77089474026077,27.13962631818254
,garden,,,54.35755570524077,18.580363629573256,116.48972162331961,93.1917772986557
,,grass,,54.35763342975014,18.58072363888215,450.93684343552025,315.65579040486415
,garden,,,54.35776565061556,18.580587871785166,145.29797982959576,116.23838386367662
,,grass,,54.35648554324677,18.57936457626692,340.8043420075068,238.56303940525476
,,grass,,54.35628441730747,18.579357598770265,139.89740202973988,97.92818142081791
,,grass,,54.35632114101935,18.57959848199273,39.34685835960449,27.54280085172314
,,grass,,54.35637398768956,18.579630481200358,28.42029831038077,19.894208817266538
,,grass,,54.356401413385306,18.57976769338117,362.89668548915523,254.02767984240865
,,grass,,54.351824131471766,18.57607099443244,259.9748729290507,181.9824110503355
,,grass,,54.35183702951199,18.57586758981493,84.42297852086186,59.0960849646033
,,grass,,54.409274425172036,18.607856034122616,889.8344338542335,622.8841036979634
,,grass,,54.40968977580519,18.607050067992756,1843.6258514945248,1290.5380960461673
,,grass,,54.34762694909698,18.64586629448639,208.35206343428996,145.84644440400297
,,grass,,54.34715081038286,18.649359203940104,2440.6079661415056,1708.4255762990538
,,grass,,54.34698371454418,18.649749242997693,2045.8520765699216,1432.0964535989451
,,grass,,54.34625614102953,18.6529097114765,1112.4812900042994,778.7369030030095
,,grass,,54.34616775122263,18.6528754625198,1126.1566136371405,788.3096295459983
,,grass,,54.34550508532262,18.656441435254887,251.1514562771075,175.80601939397525
,,grass,,54.34558084341195,18.656538972201556,184.89208895618182,129.42446226932728
,,grass,,54.3452949705186,18.65827669310038,821.3371964427316,574.9360375099121
,,grass,,54.345218178517314,18.658224304518228,654.4566911371934,458.11968379603536
,,grass,,54.3448549142896,18.661666725272305,1545.5671527261302,1081.8970069082911
,,grass,,54.344597355128805,18.662683045868842,520.7408804363614,364.51861630545295
,,grass,,54.34448662109911,18.662816106814198,102.80401189132147,71.96280832392502
,,grass,,54.34457347207688,18.663123601395817,169.5477534010243,118.68342738071699
,,grass,,54.34446651995033,18.663090651567433,144.41197905821303,101.08838534074911
,,grass,,54.34445369628459,18.66341364082874,174.15628120521967,121.90939684365377
,,grass,,54.34456852660733,18.663440944483032,51.50773041907258,36.0554112933508
,,grass,,54.344905355538145,18.66554579719052,1614.5984971551309,1130.2189480085915
,,grass,,54.344804148626686,18.665516933618697,1070.8279026303178,749.5795318412224
,,grass,,54.34736588611309,18.605010026731584,1096.8547097367034,767.7982968156923
,,grass,,54.34728386029397,18.604104487503175,1176.8451973128392,823.7916381189874
,,grass,,54.34702579973453,18.603924334763462,265.6818898466208,185.97732289263453
,,grass,,54.34687142509786,18.603712890820738,123.9435323752435,86.76047266267045
,,grass,,54.34703813447278,18.603694681883695,201.83908763991312,141.28736134793917
,,grass,,54.34716668601967,18.603776488481945,67.1343108716684,46.99401761016788
,,grass,,54.34772195176674,18.605035102477174,745.3799897546653,521.7659928282657
,,grass,,54.3479545288918,18.60594416668747,771.9201398090332,540.3440978663232
,,grass,,54.34801812582482,18.605814137823547,391.1519956415873,273.8063969491111
,,grass,,54.34783153058821,18.60615545302846,798.6201508373342,559.0341055861339
,,grass,,54.34791584168129,18.60662915773007,724.422057871027,507.0954405097189
,,grass,,54.3479051389031,18.606973376183042,76.05404762571034,53.23783333799724
,,grass,,54.348300214999476,18.60675357159564,729.2684044585848,510.4878831210093
,,grass,,54.348225746446566,18.60684966980878,238.19644332299572,166.73751032609698
,,grass,,54.34812117812745,18.60645211792655,144.35391500151565,101.04774050106094
,,grass,,54.3476974955049,18.604521245814507,782.8270542622803,547.9789379835962
,,grass,,54.34748424523504,18.603941486903516,370.2819028591499,259.1973320014049
,,grass,,54.347450433619734,18.60339093333333,571.474104335764,400.0318730350348
,,grass,,54.34775340500789,18.603559192983017,1024.6627479232654,717.2639235462858
,,grass,,54.347830602607196,18.602849729151185,424.2798121066059,296.9958684746241
,,grass,,54.348892718632214,18.601123606699776,7653.182147185171,5357.22750302962
,,grass,,54.349253761842576,18.600133474792294,5521.057655609525,3864.740358926667
,,grass,,54.3502945249004,18.597531744108124,1149.0080424586583,804.3056297210608
,,grass,,54.34995141777782,18.599206083775876,4514.996036955618,3160.4972258689327
,,grass,,54.37470669279762,18.62928660997861,281.20192683040045,196.84134878128032
,,grass,,54.37486383335425,18.6290973,68.4804248438573,47.93629739070011
,,grass,,54.390875980488154,18.578658482035205,1442.0196854824567,1009.4137798377196
,,grass,,54.39079123547072,18.578445380187883,223.99717569209992,156.79802298446992
,,grass,,54.39118352672948,18.578172774216764,41.311727177741986,28.918209024419387
,,grass,,54.39137675938899,18.57866873107652,1045.318556199866,731.7229893399061
,,grass,,54.39112283379005,18.57847740090829,2301.09650046642,1610.7675503264938
,,grass,,54.39097836182884,18.578186717159532,115.44535297864321,80.81174708505024
,,grass,,54.39091788415556,18.577949620871223,219.74259449705534,153.81981614793872
,,grass,,54.39102834421834,18.577977836953238,78.1020876842432,54.671461378970236
,,grass,,54.38215324732158,18.589030441061013,274.2370509003028,191.96593563021193
,,grass,,54.38194895382084,18.58862977138215,50.77605412389331,35.543237886725315
,,grass,,54.382459310209875,18.589630137449376,109.38866568803621,76.57206598162534
,,grass,,54.38174420205596,18.588230845792324,157.24924983008916,110.0744748810624
,,grass,,54.36332794154226,18.71161582574858,635.863201217441,445.10424085220865
,,grass,,54.36150880084602,18.707581678382798,1299.5921013071847,909.7144709150292
,,grass,,54.38646947378964,18.63271051225921,895.4870317639965,626.8409222347975
,,,wood,54.38296635198929,18.63425114451853,7837.845171616135,5486.491620131294
,,,grassland,54.38245444131655,18.632518333474426,4759.912487196026,3331.938741037218
,,,wood,54.384235376120095,18.63613634612525,10057.467812443227,7040.227468710258
,garden,,,54.34235847550648,18.660456104537325,1471.3654127713667,1177.0923302170934
,,,wood,54.349258998858495,18.627898127184917,546.9676416287721,382.87734914014044
,,,wood,54.347038283213784,18.625946891002968,1817.2964144198652,1272.1074900939057
,,,wood,54.31216911408704,18.596357027902986,8186.768638197991,5730.738046738594
,,grass,,54.377822431523605,18.58083204579084,28.991835024587456,20.294284517211217
,,grass,,54.37779225434047,18.580698319617383,31.936217547867223,22.355352283507056
,,grass,,54.377771237086336,18.580758556079637,36.566204124159356,25.596342886911547
,,grass,,54.377812104660435,18.58064394618939,12.171548604982975,8.520084023488081
,,grass,,54.37785135883821,18.58075059052459,214.15265323712438,149.90685726598707
,,grass,,54.37780256627248,18.580914389644096,39.467765149406624,27.627435604584637
,garden,,,54.29768843985226,18.60512682983069,735.2418275590312,588.193462047225
,,,wood,54.38892068094597,18.632222648370224,2167.4494690840593,1517.2146283588413
,,,grassland,54.36259539056312,18.60873045192063,538.9529500400007,377.26706502800045
,,,wood,54.35732493161465,18.595035795270274,272.04929043107677,190.43450330175372
,,,wood,54.36055784648644,18.5995222544427,2328.774504111474,1630.1421528780318
,,,wood,54.357513443799455,18.59529398663459,1164.4603254239785,815.1222277967848
,,grass,,54.358389237737605,18.596508460751917,251.07541833374736,175.75279283362315
,,,grassland,54.35820345140221,18.597006243712812,337.7541799367806,236.4279259557464
,,,wood,54.3616657687241,18.605200670083487,525.7539532012536,368.0277672408775
,,,wood,54.37416564973998,18.689583885136862,10288.40436547995,7201.883055835964
,,,wood,54.37280960020813,18.69074267397688,15676.436169972756,10973.505318980928
,,grass,,54.38512916442377,18.642653825762906,4092.7193394938076,2864.903537645665
,,grass,,54.40673104231419,18.623834285619218,176.445730434867,123.51201130440688
,,,grassland,54.303874383260954,18.634298925978523,5368.090798098657,3757.6635586690595
,,,grassland,54.30343585701066,18.633282589109676,7102.455661677748,4971.718963174423
,,,wood,54.30214889087532,18.63425976458728,6688.633609744628,4682.0435268212395
,,,grassland,54.30239157337703,18.634649261506627,2472.310466829824,1730.6173267808765
,,,grassland,54.30399299573232,18.638810193454457,5390.92315432811,3773.646208029677
,,,grassland,54.30378419945344,18.637279064299605,8329.069156529386,5830.34840957057
,,,grassland,54.384896954320624,18.492091900448337,33558.573586773855,23491.0015107417
,,greenfield,grassland,54.38528412764037,18.496088270542117,2103.5320046136862,1472.4724032295803
,,greenfield,grassland,54.38515735488262,18.496800435179782,2357.603044449854,1650.322131114898
,,meadow,,54.38512267700716,18.48903683985163,2931.0353010525055,1465.5176505262527
,,greenfield,grassland,54.388376932175646,18.47701050627744,1161.0423158353187,812.729621084723
,,greenfield,grassland,54.38879268332487,18.476159921481663,4068.958814593291,2848.2711702153038
,,grass,,54.38860459809983,18.47738345528699,2413.7411764427375,1689.6188235099162
,,greenfield,grassland,54.3833582569792,18.484780954435355,2021.0228741464607,1414.7160119025225
,,greenfield,grassland,54.38182284499691,18.487698915875306,4091.020595811108,2863.7144170677752
,,greenfield,grassland,54.38282473977814,18.488825681173317,3085.0840533380047,2159.558837336603
,,greenfield,grassland,54.38254261493385,18.48738911281883,2967.669002187508,2077.3683015312554
,,greenfield,grassland,54.39118037111861,18.48362096944359,1727.4985455741835,1209.2489819019283
,,,grassland,54.388600217094,18.485637524131214,10390.950409974172,7273.66528698192
,,greenfield,grassland,54.388484342837366,18.48857775743467,8997.16213853495,6298.013496974465
,,greenfield,grassland,54.38835964293424,18.490439080599376,4115.716360063936,2881.001452044755
,garden,,,54.38957077139857,18.486996381468753,2461.7384681966955,1969.3907745573565
,garden,,,54.3888161102751,18.489695056304065,2027.3359785668306,1621.8687828534646
,,greenfield,grassland,54.388915114533575,18.488627205922903,4722.439874578182,3305.707912204727
,,greenfield,grassland,54.389500682355404,18.487601631502177,2480.5008928684038,1736.3506250078826
,,greenfield,grassland,54.389623591521094,18.486544420993322,4949.209459912476,3464.4466219387327
,,greenfield,grassland,54.38971129895035,18.485789302776258,2481.289151319651,1736.9024059237556
,,greenfield,grassland,54.38899873396952,18.487714599326992,5267.248986760604,3687.0742907324225
,,greenfield,grassland,54.386141175322706,18.483172601269796,2636.1732633721845,1845.321284360529
,,grass,,54.386427337159304,18.48373423224094,2623.253628916204,1836.2775402413426
,garden,,,54.385597563163905,18.484660519459847,3101.7685291163234,2481.414823293059
,,grass,,54.385471859113615,18.484651622436335,601.0017545523042,420.7012281866129
,,,grassland,54.38541338976254,18.483418238967488,1232.665572482585,862.8659007378095
,,greenfield,grassland,54.38764228322889,18.48275211410275,786.064207145998,550.2449450021986
,,greenfield,grassland,54.38711985846907,18.481783852835843,2296.7103924373364,1607.6972747061354
,,greenfield,grassland,54.38412114229784,18.485061299664196,2365.918204542381,1656.1427431796665
,garden,,,54.38524474487698,18.48669974186276,1709.0306209539017,1367.2244967631214
,,greenfield,grassland,54.38761730564228,18.488004125595154,1963.0341051418316,1374.123873599282
,,grass,,54.38614746568491,18.488368564353355,2296.352387922892,1607.4466715460242
,,greenfield,grassland,54.385536882044775,18.487201328655512,3394.5227867166386,2376.165950701647
,,,grassland,54.38571826410583,18.486804514082863,7398.790813948811,5179.1535697641675
,,grass,,54.35327083116695,18.613171859288066,96.34227804757894,67.43959463330526
,,greenfield,grassland,54.389014391325155,18.629974293428397,967.346500572585,677.1425504008095
,,,grassland,54.389294850865,18.632388537440804,569.0587224656065,398.34110572592454
,,grass,,54.39102389350972,18.632574457142805,1064.259887699077,744.9819213893538
,,grass,,54.38985166923007,18.631596076690347,3981.0533581376194,2786.7373506963336
,,grass,,54.38971843260971,18.63066792890529,732.7463575822751,512.9224503075925
,,,grassland,54.39231102009417,18.631566474727133,4756.401673142545,3329.481171199782
,,,grassland,54.39392202469407,18.63013546068616,1396.693509071691,977.6854563501837
,,,wood,54.39005585017811,18.628825923793375,1062.5705775800097,743.7994043060067
,,,grassland,54.39048249856021,18.629025885928197,2225.572036165911,1557.9004253161377
,,,grassland,54.39127351242834,18.63008209073007,3463.940147541597,2424.7581032791177
,,,grassland,54.39133192259688,18.630685718806998,1034.3265546633036,724.0285882643125
,,,grassland,54.39169764622638,18.62447653947713,4187.115932407601,2930.9811526853205
,,,grassland,54.39041409060151,18.626112849688816,1258.748308356116,881.1238158492812
,,,grassland,54.391494924111875,18.629626636730634,6519.188989099698,4563.432292369788
,,,grassland,54.39262299603919,18.632037896416445,3563.540733365715,2494.4785133560003
,,,grassland,54.391705553447714,18.6336591522159,6328.64083541762,4430.048584792334
,,,grassland,54.39112973472789,18.631050887686104,4221.902272187253,2955.3315905310774
,,,grassland,54.392095821102146,18.628159035444984,1050.7082136215508,735.4957495350856
,,,grassland,54.392053860901676,18.623788624618545,1470.7287622125862,1029.5101335488102
,,greenfield,grassland,54.389557775451436,18.629260110854155,1608.0767590777943,1125.6537313544559
,garden,,,54.391290134625656,18.62379046742502,1251.4680158188685,1001.1744126550948
,,,grassland,54.39198264682678,18.627175836659735,2203.89485312696,1542.7263971888717
,,grass,,54.4109470820535,18.4499199505306,2320.5985569968548,1624.4189898977982
,,,grassland,54.41171657581239,18.45042415682105,892.6233071421773,624.836314999524
,,grass,,54.41314902861633,18.447780784255308,2233.287213307047,1563.3010493149327
,,,grassland,54.41169588196888,18.446009305537892,2314.105049124739,1619.873534387317
,,greenfield,grassland,54.409885117089786,18.443996835983114,2937.54032958302,2056.278230708114
,,,grassland,54.410988286497656,18.448109895581204,2376.3105032156764,1663.4173522509734
,,,grassland,54.411378677027066,18.445563087435275,2380.496203192279,1666.3473422345953
,,,grassland,54.38833555414785,18.486886306671888,5676.367783119301,3973.45744818351
,,greenfield,grassland,54.42431615606421,18.471892298376215,2091.534484477497,1464.0741391342476
,,greenfield,grassland,54.42379911729166,18.46470656194952,1227.3323429861944,859.132640090336
,,greenfield,grassland,54.42347373210536,18.461680674944322,2821.5848880638346,1975.109421644684
,,grass,,54.42444127467091,18.459120894533566,1622.8934533594766,1136.0254173516335
,,,wood,54.424366414478655,18.45868244148391,1577.2702361453287,1104.08916530173
,,,wood,54.424354438157614,18.459342597469405,1084.9994200029282,759.4995940020497
,,greenfield,grassland,54.42453613275576,18.46027313832038,2455.461203986693,1718.822842790685
,,,grassland,54.42397450426844,18.46090871610908,7451.6350476844145,5216.14453337909
,,greenfield,grassland,54.4180625198722,18.481321060547515,1679.7294973763294,1175.8106481634304
,garden,,,54.42676204496159,18.46207480523084,1389.9016522870475,1111.921321829638
,,grass,,54.42807590949787,18.476590142927986,1391.8411259465431,974.2887881625801
,,greenfield,grassland,54.42688104337838,18.476825146298715,2542.451845392798,1779.7162917749586
,,,grassland,54.42748770870034,18.479691727668026,1804.7302383062354,1263.3111668143647
,,grass,,54.417798466750924,18.572497433333332,238.13154256405417,166.69207979483792
,,grass,,54.41795511871344,18.572588125085872,724.0457551086697,506.83202857606875
,park,,,54.37517477865514,18.6058168857207,546.3936262030243,546.3936262030243
,,grass,,54.415361214300205,18.573046531844764,128.13076700024646,89.69153690017252
,,grass,,54.35014666582403,18.513188716723477,3645.4821762058764,2551.8375233441134
,,,grassland,54.396434939303944,18.60600320541673,1565.0871924801513,1095.5610347361057
,,grass,,54.34938246238679,18.63672929966929,49.28440154192192,34.499081079345345
,,,grassland,54.331192511017285,18.631220590455833,2298.478302895308,1608.9348120267155
,,grass,,54.359206930281815,18.64915962721087,53.323103538003025,37.32617247660212
,,grass,,54.35925838340289,18.649107793922372,137.68441386319628,96.37908970423739
,,grass,,54.35321084287621,18.55061498047756,63.203653642689474,44.242557549882626
,park,,,54.31427597404688,18.605871581899944,23283.571280859505,23283.571280859505
,,,wood,54.37487876381406,18.712420078218287,8546.580265277416,5982.6061856941915
,,,grassland,54.37374094509981,18.70451365526178,1599231.6036704662,1119462.1225693263
,,,wood,54.37784217138885,18.588083257939594,563.9581365204824,394.77069556433764
,,,wood,54.377651393471595,18.587639340995924,1926.1059545593469,1348.2741681915427
,,,wood,54.37813445780681,18.587852116951275,4018.751928971606,2813.126350280124
,,,wood,54.37774712978684,18.59155921190126,3729.938489205556,2610.956942443889
,,,wood,54.37781099830867,18.593790009097805,2367.068547743531,1656.9479834204715
,,,grassland,54.38141131748584,18.5937702932391,11870.648767623687,8309.454137336581
,,,wood,54.34273949773783,18.587090150999124,13478.404994401559,9434.883496081091
,,,grassland,54.343847491901975,18.58506076851834,2636.7218481660193,1845.7052937162134
,,grass,,54.343063424166125,18.583954697604057,3497.0227666364685,2447.915936645528
,,,grassland,54.351571185205785,18.53500522425466,563.5318712669555,394.4723098868688
,,,grassland,54.35874929217,18.579642829688297,5828.011527259292,4079.6080690815043
,,grass,,54.36687262115489,18.632662441809252,94.98051809172124,66.48636266420486
,,grass,,54.390081555570085,18.608486103095263,115.58797537295868,80.91158276107107
,,grass,,54.39043835809274,18.607241947140505,779.4040841018327,545.5828588712828
,,grass,,54.390188023238565,18.60743336585855,238.5392698176188,166.97748887233314
,,grass,,54.39000359437992,18.60765338135142,141.54960101534022,99.08472071073814
,,grass,,54.36988907621583,18.617563494009538,67.24048122725,47.068336859074996
,,grass,,54.39954272322441,18.607260367798414,22.055994998495958,15.439196498947169
,,,wood,54.32997510053511,18.59207572274896,1771.8293751428228,1240.2805625999758
,,,wood,54.33072650997045,18.574991176114814,342.6664714639731,239.86653002478116
,,,wood,54.3306621697247,18.576146227335386,1582.3668188721986,1107.6567732105389
,,,wood,54.33084724693511,18.575444805060176,1043.5335740340079,730.4735018238055
,,,wood,54.330413398828455,18.575820159654885,2085.676598823308,1459.9736191763154
,,,wood,54.33035761242229,18.57656485805107,5494.248839918905,3845.974187943233
,,,wood,54.32073098791087,18.56357453132866,6803.566204569423,4762.496343198595
,,,grassland,54.34318436944076,18.55981573992376,345.94794728194904,242.16356309736432
,,greenfield,grassland,54.3429816251138,18.559668285356654,1364.4929324951113,955.1450527465778
,,,grassland,54.3461157799918,18.5524579025966,270.8055038355836,189.56385268490848
,,,grassland,54.389577935921956,18.566650231601816,30577.532363237664,21404.272654266362
,,greenfield,grassland,54.37858184523612,18.581532075733296,3015.394772701168,2110.7763408908177
,,grass,,54.37765510183735,18.582523340455815,305.5440413540265,213.88082894781854
,,grass,,54.37767843034407,18.58247916487584,552.7562530324071,386.92937712268497
,,,wood,54.37678931116413,18.57682824248275,3581.9802927429087,2507.386204920036
,,,wood,54.376216252300054,18.57571652670895,863.1063968355047,604.1744777848533
,,,wood,54.37636627492771,18.57508151632871,6677.614170240157,4674.32991916811
,,,wood,54.373521426309146,18.577715718016744,885.0164765770093,619.5115336039064
,,,wood,54.37745950398578,18.58429806558316,1107.6585747817785,775.361002347245
,,grass,,54.34380038215782,18.56186345828105,28.885563135458725,20.219894194821105
,,grass,,54.34303123431663,18.561765533954638,54.32250337662693,38.02575236363885
,,grass,,54.34429698651613,18.561898436464073,3.8003275598101163,2.6602292918670813
,,,grassland,54.36829732262161,18.498268188589112,6118.557095494214,4282.989966845949
,,,grassland,54.36770572412223,18.49732841303531,7459.399813487532,5221.579869441272
,,,grassland,54.36761840101092,18.4958132289494,1323.1028771351014,926.1720139945709
,,,wood,54.36767422518891,18.49567883422414,12505.782392843883,8754.047674990717
,,,wood,54.36684706874881,18.49568965866001,1841.0538055318295,1288.7376638722806
,,,wood,54.36797128624258,18.495024014133804,861.8239382523751,603.2767567766625
,,greenfield,grassland,54.34216601901142,18.85294644196243,4280.77766274861,2996.544363924027
,,,grassland,54.34200159314256,18.854315003251457,16435.33234662653,11504.73264263857
,,greenfield,grassland,54.342221542101534,18.85664366369801,6527.167477230762,4569.017234061534
,,grass,,54.34173774131285,18.867523844334567,1823.2439473695817,1276.270763158707
,,,wood,54.34170441360729,18.863085269656388,85819.2095309153,60073.446671640704
,,,grassland,54.35182358371068,18.580362384028344,3148.498278064792,2203.948794645354
,,grass,,54.338301854291196,18.565576962816852,536.2618306607914,375.38328146255395
,,grass,,54.33823192206289,18.565914523883908,307.96753195465914,215.5772723682614
,,,grassland,54.33891639960365,18.568395695153036,1493.9336793143677,1045.7535755200574
,,,grassland,54.378126166572486,18.57290696790521,1264.3225835533208,885.0258084873245
,,grass,,54.29617472935687,18.629465352518146,524.0733264930279,366.85132854511954
,,grass,,54.311947540932834,18.675339635520817,14134.18606914815,9893.930248403705
,,grass,,54.314975267915756,18.68907006884225,3438.649333631478,2407.0545335420343
,,greenfield,grassland,54.335944812664884,18.568379266254947,4249.335422631706,2974.534795842194
,,,grassland,54.33766336716638,18.56811943826297,2408.8489154889257,1686.1942408422478
,,,grassland,54.33180984565692,18.54466939238856,13778.823677554534,9645.176574288173
,,,grassland,54.34650128079664,18.51394663423891,46886.54964752711,32820.58475326897
,,meadow,,54.345467984714695,18.511906914229236,61913.05128834414,30956.52564417207
,,grass,,54.31022738832,18.663760685766448,450.73059002409406,315.51141301686584
,,,wood,54.339295274213285,18.52814524492746,17712.190480508067,12398.533336355646
,,,wood,54.34017949576222,18.53074304206785,13490.86108152879,9443.602757070152
,,grass,,54.32022765758633,18.705671445282878,70909.55758869607,49636.690312087245
,,grass,,54.31793731266626,18.70166909195052,31246.550413513356,21872.585289459348
Edukacyjny ogród kieszonkowy,garden,,,54.35682848302053,18.659872731146994,3739.5629568418153,2991.6503654734524
,,grass,,54.306230552280866,18.591326492134677,105.08343895248251,73.55840726673775
,,grass,,54.30620106038512,18.591465127527595,35.780785029306635,25.046549520514642
,,grass,,54.30641570133429,18.59117334556056,743.210637274042,520.2474460918294
,,grass,,54.298186934754824,18.632922131111073,2269.645192617907,1588.7516348325348
,,grass,,54.299257472816066,18.632407350384128,107.40111099672836,75.18077769770984
,,grass,,54.29954117976331,18.63222029940151,280.11229105914646,196.0786037414025
,,grass,,54.29709562157757,18.633540890950666,104.18098755057429,72.926691285402
,,grass,,54.41397855392875,18.597679076507788,147.51705195955512,103.26193637168858
,,grass,,54.3581264338634,18.62717208741395,640.9718080697384,448.6802656488168
,,grass,,54.35685791534219,18.63213395357843,214.504349878459,150.1530449149213
,,grass,,54.35686049913566,18.63190661877632,210.78027932237083,147.54619552565958
,,grass,,54.35681766187962,18.63164260024315,461.9595869584231,323.37171087089615
,,grass,,54.31822535589186,18.700352844171107,394920.2783430664,276444.19484014646
,,grass,,54.31972485022939,18.71582126189358,37574.432142679114,26302.10249987538
,,,grassland,54.36947011238251,18.620948733096398,12626.929603855702,8838.850722698991
,,,grassland,54.37021737943102,18.61937041227654,9882.458311603084,6917.720818122159
,,,grassland,54.36255470673299,18.627936502448186,138.69940583958225,97.08958408770758
,,,grassland,54.35865310894945,18.6423353820002,1599.3142535792583,1119.5199775054807
,,,wood,54.36817290835991,18.626388007534594,1463.6383221510669,1024.5468255057467
,,,wood,54.367372684021156,18.620469620051892,135971.1407161537,95179.79850130758
,,grass,,54.401606699403835,18.647981150866677,59.2503424038127,41.47523968266889
,,grass,,54.32167222720564,18.71702361439309,184178.662018854,128925.06341319779
,,grass,,54.323403948279235,18.705239864267647,8165.274414635373,5715.692090244761
,,,grassland,54.358499812115845,18.460042591634622,8977.97154777844,6284.580083444907
,,,grassland,54.35871315222412,18.461841638582342,1833.6063102477513,1283.5244171734257
,,,grassland,54.35845369145961,18.46144007675973,498.5012063322161,348.95084443255126
,,,grassland,54.35829866324182,18.460794848889115,1203.415097545508,842.3905682818555
,,,grassland,54.360281725373255,18.46127082769917,1729.3204338943176,1210.5243037260223
,,,grassland,54.363389024098296,18.46427761400463,12034.864893614358,8424.40542553005
,,,wood,54.360828912530536,18.46419090410533,741.9828437119012,519.3879905983308
,,,grassland,54.360699160987465,18.46175770821707,12340.442824802116,8638.309977361481
,,,wood,54.361500396366125,18.461967597092194,1180.7724997022442,826.5407497915709
,,,wood,54.366126852660734,18.46261216262265,743.7862940271295,520.6504058189906
,,,wood,54.36570317104636,18.46315545280831,11481.443464708404,8037.010425295882
,,,wood,54.367700843530415,18.464780886604355,1247.464318215815,873.2250227510705
,,greenfield,grassland,54.346276980738196,18.473573244290346,3828.130802566628,2679.6915617966397
,,,grassland,54.34720422961717,18.47180301062133,6163.317297480866,4314.322108236605
,,,grassland,54.34727987460832,18.46862797740116,602.8562987681743,421.99940913772195
,,,grassland,54.34628323824426,18.47120917664043,7450.799353939273,5215.559547757491
,,greenfield,grassland,54.34624159035258,18.469686045149512,3646.7132955860743,2552.699306910252
,,grass,,54.34678582238916,18.470735709982662,3996.8639785584564,2797.8047849909194
,,greenfield,grassland,54.34832455959192,18.47170767277104,8323.7032286358,5826.59226004506
,,,grassland,54.348340413572146,18.472667938723088,2897.373078401482,2028.1611548810372
,,greenfield,grassland,54.348909549600464,18.469773494269354,7175.5252592047145,5022.8676814433
,,greenfield,grassland,54.34901447686307,18.472461702759414,3804.3813352599363,2663.0669346819554
,,,grassland,54.347146291774806,18.46995154562475,39077.08630487184,27353.960413410285
,garden,,,54.40820520567759,18.559300176255952,77.57934255015601,62.06347404012482
,,,grassland,54.347041867252244,18.679604385531448,137.3646255854809,96.15523790983661
,,,wood,54.43018188114099,18.478281635989763,1833.025182573396,1283.1176278013772
,,,grassland,54.3675089418609,18.572362849061744,6501.040451693535,4550.728316185474
,,,grassland,54.36956330282222,18.572941831748427,39302.64791366993,27511.853539568947
,,grass,,54.39888724965537,18.630154968467178,131.6723878380504,92.17067148663529
,,grass,,54.39922444335217,18.62929179508353,2660.541430517109,1862.3790013619762
,,grass,,54.39915798782835,18.628942317283702,292.43987239643644,204.7079106775055
,,grass,,54.399091488570896,18.62919327136671,193.80031591034444,135.6602211372411
,,grass,,54.398945889558334,18.629564609445115,215.31092025580537,150.71764417906374
,,grass,,54.398853086908154,18.629802728880538,109.72910856274385,76.81037599392069
,,grass,,54.36377275741548,18.6469905773831,1168.2967160155233,817.8077012108663
,,greenfield,grassland,54.30674975690084,18.63683197275776,2757.6322299929866,1930.3425609950905
,,grass,,54.39617977214705,18.61056000378571,872.4889644278373,610.742275099486
,,grass,,54.39721433076035,18.609244836567004,3646.611341791804,2552.627939254263
,,,wood,54.42055028119167,18.583473638163735,361.5577545504062,253.0904281852843
,,grass,,54.41461187615264,18.60129625592683,3986.1019664404007,2790.2713765082804
,,grass,,54.33493093982708,18.64769037856927,679.0659736461703,475.34618155231914
,garden,,,54.33330849276305,18.64483038044784,3041.7742340748696,2433.4193872598958
,,,wood,54.33183095356872,18.64011247985804,15647.505496462842,10953.253847523989
,,grass,,54.33529204239462,18.648837097489416,1015.2259376596658,710.658156361766
,,grass,,54.33547993456018,18.648987951376082,1223.2502303178421,856.2751612224895
,,grass,,54.33570604650548,18.648923499068214,360.89647585360535,252.62753309752372
,,greenfield,grassland,54.41148756798185,18.558463360863463,3284.4471589261047,2299.1130112482733
,,,wood,54.411847811106476,18.557082794098374,5010.2277609557195,3507.1594326690033
,,greenfield,grassland,54.42191826643624,18.567490369047,4799.579007727596,3359.705305409317
,,grass,,54.42299358422113,18.566151031775302,1601.7984363714902,1121.258905460043
,,grass,,54.42253740190432,18.56519877288148,4203.349531269986,2942.34467188899
,garden,,,54.35759835682963,18.582249705007648,693.958421322418,555.1667370579344
,,grass,,54.35770603050488,18.58211563484562,135.0465151576567,94.53256061035968
,,grass,,54.35772629615121,18.58275699488793,215.30284019557965,150.71198813690575
,garden,,,54.35774081797702,18.582827439981596,240.30303637589097,192.2424291007128
,garden,,,54.3577303572639,18.583311726733562,66.63322057394913,53.30657645915931
,,grass,,54.35749076444785,18.581078968072585,732.6564125942475,512.8594888159732
,,grass,,54.35741796425275,18.58220775272123,1094.6324750917481,766.2427325642236
,,grass,,54.35740008886114,18.583361449397177,224.41906231727123,157.09334362208986
,,grass,,54.357501155057946,18.584114686077324,571.8025831192288,400.2618081834601
,,grass,,54.357415321854184,18.584917390758207,1538.6039535030006,1077.0227674521004
,,grass,,54.35747074126431,18.584676868392,199.31232057955114,139.51862440568578
,,grass,,54.3574701415741,18.58505606362498,174.44676295501765,122.11273406851234
,,grass,,54.35749352155398,18.58541294289616,158.4297027940089,110.90079195580623
,,grass,,54.35791342541845,18.58403175596064,1181.4624026661613,827.0236818663129
,,grass,,54.35786279131398,18.583589618886954,100.66170866403542,70.46319606482479
,,grass,,54.35785154559317,18.583297798087333,68.445794458358,47.91205612085059
,,grass,,54.3578344666677,18.583060966666665,13.155021954207996,9.208515367945596
,,grass,,54.357854466667426,18.583119599999996,11.885776422638713,8.320043495847099
,,grass,,54.35784550818656,18.585657161709065,200.02335690650654,140.01634983455457
,,grass,,54.357708845684265,18.58636297103576,121.11845046738665,84.78291532717066
,garden,,,54.35763191550353,18.583716777306655,158.02172287972041,126.41737830377633
,garden,,,54.35772831829894,18.584205978451983,573.185986747715,458.548789398172
,garden,,,54.35765644860394,18.585009106518832,740.8142502959136,592.6514002367309
,garden,,,54.35729874365048,18.586980193696647,118.39914090000762,94.7193127200061
,,grass,,54.3565168872534,18.58770750200141,1411.2476545528582,987.8733581870007
,,grass,,54.356541148124556,18.587585512069793,735.3894058147725,514.7725840703407
,,grass,,54.35661620507318,18.587438270185036,562.4224693114791,393.6957285180353
,,grass,,54.35732762622642,18.587179600063624,832.9958811254182,583.0971167877927
,,grass,,54.3554605942543,18.588262366108097,943.0997965007527,660.1698575505269
,garden,,,54.355336140994744,18.588575211635543,302.63426088009044,242.10740870407236
,,grass,,54.35536127446285,18.588646461091663,185.24995817230842,129.6749707206159
,garden,,,54.35538281847191,18.588720717378934,351.2110717167435,280.9688573733948
,,grass,,54.35610697281219,18.587444888640057,2621.1099427437475,1834.776959920623
,,grass,,54.356863436831645,18.586848630186008,1279.3919535413283,895.5743674789298
,,grass,,54.35728107935771,18.58616874001921,650.5890682687283,455.41234778810974
,,grass,,54.35692452699598,18.58694356481401,234.25747613938012,163.98023329756606
,,grass,,54.35783830190281,18.58689729861141,937.6820256977664,656.3774179884365
,,grass,,54.35776177215275,18.586980326660154,50.5931795560079,35.41522568920553
,,grass,,54.35774846708368,18.587043437091136,114.32036564458717,80.02425595121102
,,grass,,54.3574996892444,18.58716466342337,685.0394390489735,479.5276073342814
,,grass,,54.35853040009309,18.578761342052765,3447.2373692749807,2413.0661584924865
,,grass,,54.35845069556657,18.579039083906807,954.0666831438017,667.8466782006611
,,grass,,54.35905390864656,18.578348524493396,271.40626895131896,189.98438826592326
,garden,,,54.35814294825215,18.579556396986014,421.7013312373228,337.3610649898583
,garden,,,54.3580946905283,18.579858115639965,314.4478697919331,251.55829583354648
,,grass,,54.35880626140097,18.57930032905409,772.7121425851137,540.8984998095796
,,grass,,54.36087149107777,18.57675295274423,539.4166210151598,377.5916347106118
,,grass,,54.359801245776815,18.578163477076714,1066.3206417652113,746.4244492356479
,,grass,,54.36003218466519,18.577735954255793,228.90224897835088,160.2315742848456
,,grass,,54.360502801380065,18.57718517746617,61.11984619620321,42.783892337342245
,,grass,,54.36053615576307,18.57730538859205,33.08781404717402,23.161469833021812
,,grass,,54.36048489887736,18.577645415492366,179.60158948719157,125.7211126410341
,,grass,,54.36093670426656,18.576866765214056,1058.9982114292993,741.2987480005095
,,grass,,54.360628239856915,18.577464248664246,75.27337812317458,52.6913646862222
,,grass,,54.36031091370897,18.57719710111065,125.38671645481145,87.77070151836801
,,grass,,54.35968715256322,18.57792290583114,526.3393537320181,368.4375476124127
,,grass,,54.35936843788781,18.578583239283816,73.84694598227232,51.69286218759062
,,grass,,54.35928077399669,18.578306201886996,35.53117263281028,24.871820842967196
,,grass,,54.35924566088099,18.57811817968071,572.5316969829934,400.77218788809535
,,grass,,54.35952594394065,18.577910654657558,515.5074771043633,360.8552339730543
,,grass,,54.359865487725486,18.57754787318364,1271.346520855927,889.9425645991489
,,grass,,54.36023720059618,18.577103850862187,491.06002910541724,343.74202037379206
,,grass,,54.36033860361544,18.57695529252984,19.518720279706613,13.663104195794629
,,grass,,54.360390235045536,18.576914932708014,246.19004722163407,172.33303305514383
,,grass,,54.362166954429505,18.57502446348371,5297.691752256587,3708.3842265796106
,,grass,,54.36166199587578,18.575505540615147,136.0971624328966,95.2680137030276
,,grass,,54.36250424895723,18.574843460404374,1525.7998177652091,1068.0598724356464
,,grass,,54.36329683802428,18.57413316355677,1933.9810721997562,1353.7867505398292
,,grass,,54.36225222447915,18.575325698252506,2495.3385369620214,1746.7369758734148
,,grass,,54.36138021038692,18.57634972262764,723.3385156445834,506.3369609512083
,,grass,,54.36184095950706,18.57601987173537,1569.331012527372,1098.5317087691603
,,grass,,54.36097787521882,18.57626821768024,1806.0484898427394,1264.2339428899174
,,grass,,54.360508652747185,18.576820979285046,73.34539334425304,51.34177534097712
,,grass,,54.363922866630844,18.573650069605616,159.8600643721547,111.90204506050829
,,grass,,54.36417081253918,18.57335504182061,325.1583983225425,227.61087882577974
,,grass,,54.36395942718488,18.573321350259246,1383.2438497902258,968.270694853158
,,grass,,54.36435079797244,18.573289823830585,366.6535034309351,256.65745240165455
,,grass,,54.364613190389136,18.573513236016453,317.8382632080825,222.48678424565773
,,grass,,54.39520536056376,18.572124146248257,881.296299439524,616.9074096076668
,,grass,,54.39528395414412,18.572228885625194,698.109549571994,488.67668470039575
,,grass,,54.3973323063781,18.570004262352942,2030.8599452464716,1421.60196167253
,,grass,,54.39675873429379,18.57074775384349,1509.7490702557516,1056.824349179026
,,grass,,54.3982304085053,18.569264840773045,560.2696564970018,392.18875954790127
,,grass,,54.39905205696008,18.56844376185718,21.10993898450516,14.77695728915361
,,grass,,54.3990178720932,18.56832505872559,19.789589720655435,13.852712804458804
,,grass,,54.394049546256404,18.573424149287924,2351.4490639346727,1646.0143447542707
,,grass,,54.39650839648729,18.57060525562591,1582.2774525308032,1107.594216771562
,,grass,,54.397075787297005,18.570113955722803,112.30437121111943,78.6130598477836
,,grass,,54.39918815964367,18.5681779781943,68.40693660375398,47.88485562262778
,,grass,,54.39922245131554,18.56830142482948,46.16797911486803,32.31758538040762
,,grass,,54.400946611096316,18.567022572210455,2357.6387715552164,1650.3471400886515
,,grass,,54.399776660569955,18.567630518898877,76.5483862890936,53.58387040236552
,,grass,,54.399728239334,18.56778514785292,95.20881337372245,66.64616936160571
,,grass,,54.401042216589104,18.56669372126766,55.237723850565175,38.66640669539562
,,grass,,54.40128382165631,18.566518210579936,140.51607796533872,98.3612545757371
,,grass,,54.400881992293,18.567255462237032,2810.227217270379,1967.159052089265
,,grass,,54.403010196911794,18.565347714217005,157.28116089381462,110.09681262567022
,,grass,,54.40300663358133,18.565492433333336,112.22826708534603,78.55978695974221
,,grass,,54.403040986372176,18.565197550466294,209.2180214116019,146.45261498812133
,,grass,,54.404657186052674,18.564028085456794,196.752426249585,137.72669837470949
,,grass,,54.40426325152082,18.56432575291879,160.94603830563938,112.66222681394756
,,grass,,54.40391853953893,18.56458278560919,92.84893868654197,64.99425708057937
,,grass,,54.40354494575922,18.564858113827402,172.67557852206292,120.87290496544404
,,grass,,54.40334986376821,18.56491075814615,201.64120506447645,141.1488435451335
,,grass,,54.40585166672059,18.5635263,42.329844709904926,29.630891296933445
,,grass,,54.4071633923572,18.56309442676278,179.25350870843715,125.47745609590599
,,grass,,54.4069729784349,18.563144531599058,44.35098367365348,31.045688571557434
,,grass,,54.40667829226417,18.56322822714876,251.4579383682577,176.02055685778038
,,grass,,54.40713196128511,18.56343661907051,66.47595957295742,46.533171701070195
,,grass,,54.40737541395448,18.563040147199626,110.42803272578561,77.29962290804993
,,grass,,54.407686650442955,18.562961989337502,165.5908491750659,115.91359442254613
,,grass,,54.40750755924475,18.563009171985623,36.29835868130945,25.408851076916616
,,grass,,54.40801210667857,18.562880064403835,148.95652259465987,104.2695658162619
,,grass,,54.40794020003712,18.562997966666668,45.89439080220426,32.12607356154298
,,grass,,54.40794960004335,18.563123233333332,55.532221317314686,38.87255492212028
,,grass,,54.40790723041133,18.563238418368226,51.18124702379376,35.82687291665563
,,grass,,54.40848598646388,18.56285519771035,48.080230745643995,33.65616152195079
,,grass,,54.40849390043775,18.56298999787042,32.7930662872764,22.95514640109348
,,grass,,54.408605166536454,18.56275743149384,44.9712905242627,31.479903366983887
,,grass,,54.402305033828,18.56587083333333,205.14965177977686,143.6047562458438
,,grass,,54.34915559743094,18.611050999213443,3489.556883927689,2442.689818749382
,,grass,,54.34899643606389,18.614319350953863,2868.843745133477,2008.190621593434
,,grass,,54.34893584236221,18.613036309035802,140.0694603510052,98.04862224570364
,,grass,,54.3489152014845,18.615649073248797,114.98024264379214,80.48616985065449
,,grass,,54.348852693179225,18.616982523806822,2609.3770884051596,1826.5639618836117
,,grass,,54.348729226148095,18.61788847684156,517.2150430972179,362.0505301680525
,,grass,,54.34873528209842,18.618292176926502,63.22515233999623,44.257606637997355
,,grass,,54.348830762702704,18.61829198688224,52.417202965261005,36.6920420756827
,,grass,,54.3487303333383,18.61877772595742,333.82876817887546,233.6801377252128
,,grass,,54.3489037059814,18.620529999040983,779.9367316845564,545.9557121791895
,,grass,,54.34903451209815,18.623230527807625,879.1568980676,615.40982864732
,,grass,,54.34881560635125,18.62051055395821,3221.497907376732,2255.0485351637126
,,grass,,54.348875826878675,18.622012538987406,37.27697621809336,26.09388335266535
,,grass,,54.348928511455874,18.623137229219275,2807.899017326629,1965.52931212864
,,grass,,54.34903558731485,18.62433484565579,316.19675071645975,221.33772550152182
,,grass,,54.34923896740897,18.624902645307778,50.01816543592508,35.01271580514755
,,grass,,54.349404856213326,18.625951293258275,880.26998383476,616.1889886843319
,,grass,,54.349180250002554,18.62495740000573,22.044370037201478,15.431059026041034
,,grass,,54.34933472405741,18.625953864881897,258.5658944953775,180.99612614676425
,,grass,,54.34959710523334,18.627184433995616,399.1234781566796,279.3864347096757
,,grass,,54.34953000917764,18.627214898514048,122.5257538927242,85.76802772490693
,,grass,,54.34968156261349,18.627726658301036,140.14959083748283,98.10471358623798
,,grass,,54.34961669303989,18.62776092979906,44.56610470981546,31.19627329687082
,,grass,,54.34980118575571,18.628484033719662,628.9942009710293,440.29594067972045
,,grass,,54.349733859077965,18.628502520838328,162.08290068472388,113.45803047930671
,,,grassland,54.40284689224985,18.647316712679462,4706.2152144102965,3294.350650087207
,,grass,,54.376945141864745,18.623271795784003,386.30155002913233,270.4110850203926
,,grass,,54.37699211909164,18.62338934092283,469.2867459979979,328.5007221985985
,,grass,,54.37710597522507,18.623505522648678,568.0463819091476,397.6324673364033
,,grass,,54.37656609943584,18.62373589462308,416.8720724028668,291.8104506820068
,,grass,,54.37705111101159,18.62303337952905,474.75936190420805,332.3315533329456
,,grass,,54.37707586767353,18.62309008031872,319.59886317851254,223.71920422495876
,,grass,,54.377367068611576,18.623096567304334,13.657539311286552,9.560277517900586
,,grass,,54.377383909451524,18.62322097319955,11.51069767760081,8.057488374320567
,,grass,,54.37759558649055,18.62279500082311,708.0580900504378,495.64066303530643
,,,wood,54.37801528756939,18.622612117011723,1048.346859405919,733.8428015841433
,,grass,,54.37828315146617,18.622502809487596,40.63683262251893,28.44578283576325
,,grass,,54.37829264869146,18.6224590739038,11.31276498421376,7.918935488949632
,,grass,,54.37829708514611,18.622538660636856,12.025417395472275,8.417792176830591
,,grass,,54.3783677364652,18.622466930936376,35.87365569614756,25.11155898730329
,,grass,,54.37868492380343,18.622146182391983,1572.2730815556872,1100.591157088981
,,grass,,54.37786737653404,18.622764134875933,517.4135362119159,362.18947534834115
,,grass,,54.377872803963186,18.622886970091866,565.2555371044919,395.6788759731443
,,grass,,54.37790062933281,18.62301024362482,299.41111251349946,209.5877787594496
,,grass,,54.37855080975776,18.622601735130996,346.9277912501349,242.84945387509438
,,grass,,54.37858508706487,18.62273768511002,269.19071015071165,188.43349710549813
,,grass,,54.37844008476716,18.622522527522733,166.75937637263942,116.73156346084758
,,grass,,54.37693466223565,18.623672647763666,814.4946121182018,570.1462284827412
,,grass,,54.37646033869924,18.623866087130914,234.46200630570453,164.12340441399317
,,grass,,54.37740382809744,18.623385665177743,55.159551806122295,38.6116862642856
,,grass,,54.37976171873073,18.622110658557915,795.5500890508514,556.885062335596
,,grass,,54.379658362840026,18.622291997546174,545.296083641225,381.70725854885745
,,grass,,54.37977187256176,18.622410098640383,1704.9036547670141,1193.4325583369098
,,grass,,54.380458465062205,18.621852109151995,112.00037026361713,78.40025918453199
,,grass,,54.38047102467468,18.622245754464732,66.87577594547537,46.81304316183275
,,grass,,54.382077648826964,18.62178601431995,715.7651952193082,501.0356366535157
,,grass,,54.38185285950439,18.622059872992594,2885.589241561331,2019.9124690929316
,,grass,,54.38321974427292,18.62194458066793,30.63880719971743,21.4471650398022
,,grass,,54.38349452255513,18.621962346546702,75.29679243733219,52.707754706132526
,,grass,,54.38347766399382,18.622104194436652,89.72982171104316,62.810875197730205
,,grass,,54.38369261095649,18.621837468392286,75.28664296500676,52.70065007550473
,,grass,,54.383763155553936,18.622130389726216,301.57135127756777,211.09994589429743
,,grass,,54.384269418578235,18.62219194441266,537.5233504064216,376.2663452844951
,,grass,,54.38421560201239,18.62201988663197,197.021771468162,137.9152400277134
,,grass,,54.38495998310417,18.622275238736496,783.2729321459062,548.2910525021343
,,grass,,54.38500604320013,18.622125753598034,87.24706474404982,61.07294532083487
,,grass,,54.38558974520892,18.622205655873415,176.52663592368842,123.56864514658189
,,grass,,54.385674627558,18.622365898086322,432.90197500755204,303.0313825052864
,,grass,,54.386830545272446,18.62252330529823,1714.943987959322,1200.4607915715253
,,grass,,54.386902089575564,18.622373496511713,270.0287475105811,189.02012325740677
,,grass,,54.388104145559886,18.62219667433598,54.161783908053,37.9132487356371
,,grass,,54.38790869181191,18.62184337864217,173.50184205113356,121.45128943579348
,,grass,,54.387894223042935,18.622126503312767,35.80430568583026,25.06301398008118
,,grass,,54.387887379892724,18.622482268540946,34.70756454830484,24.295295183813383
,,grass,,54.38788647442094,18.622340709118426,14.903658364425013,10.432560855097508
,,grass,,54.38808539771456,18.62264205883178,157.36484686575415,110.15539280602789
,,grass,,54.38868812790405,18.622746317246417,223.82856515621572,156.67999560935098
,,grass,,54.38912110468054,18.622763814352734,940.6191293057724,658.4333905140406
,,grass,,54.388443942872776,18.622747339080636,189.64571213430173,132.75199849401122
,,grass,,54.38877449744932,18.62248254587729,1009.1780168641669,706.4246118049168
,,grass,,54.38883395103478,18.622329112043893,666.0903535526006,466.2632474868204
,,grass,,54.38918417616694,18.622868524159713,429.7673488119199,300.8371441683439
,,grass,,54.38939979830338,18.62309565058558,385.2539291310611,269.67775039174273
,,grass,,54.39077896032047,18.622724145699436,2100.5519734009413,1470.3863813806588
,,grass,,54.390504346026944,18.622830586102076,3091.978369086698,2164.384858360688
,,grass,,54.39080135106871,18.6226077852512,3224.2595566568043,2256.9816896597627
,,grass,,54.38939630378495,18.622322476020724,41.68512883321715,29.179590183252003
,,grass,,54.38939628752909,18.622484076498466,84.81361236264094,59.369528653848654
,,grass,,54.390777244609694,18.622308097769782,2245.284980913115,1571.6994866391803
,,grass,,54.390756988332534,18.622460208626293,2157.3862881979076,1510.1704017385352
,,grass,,54.38963530042408,18.622047099157356,356.94359114542704,249.8605138017989
,,grass,,54.38949300364477,18.622139554537807,79.3393942537677,55.53757597763738
,,grass,,54.389389751650334,18.62213057479404,102.36828162259684,71.65779713581779
,,grass,,54.3892453240671,18.621925870024082,265.9777971643747,186.18445801506226
,,grass,,54.3899482880037,18.62204055248109,24.18535765792025,16.929750360544173
,,grass,,54.390547876666666,18.622107008164583,21.59815402969149,15.118707820784042
,,grass,,54.391303963135655,18.622117712222124,2159.1785836274303,1511.4250085392011
,,,wood,54.39145336162849,18.621917466123968,5892.010612451668,4124.4074287161675
,,grass,,54.39166858593183,18.62170043673641,303.2984376936229,212.308906385536
,,grass,,54.39199269429053,18.621695433665472,61.96806647611665,43.37764653328165
,,,wood,54.39073949771747,18.621934891597114,1287.7198667702253,901.4039067391576
,,,wood,54.39049583339556,18.62188056666667,274.8151714448519,192.3706200113963
,,grass,,54.390542324369804,18.621985650544936,348.8317375361706,244.18221627531938
,,grass,,54.392182096863756,18.622463235367434,131.76150289652807,92.23305202756964
,,grass,,54.39217886749117,18.622294915581637,86.05104563583343,60.2357319450834
,,grass,,54.39220196205651,18.62260304186994,45.77134463853337,32.039941246973356
,,grass,,54.39234916817301,18.622019717077286,203.0637566878921,142.14462968152446
,,grass,,54.392430401182786,18.622114978707685,414.5354949327435,290.17484645292046
,,grass,,54.392598768717924,18.622005693663,34.36770975115846,24.05739682581092
,,grass,,54.3924257902331,18.622596338603483,442.6973825138976,309.8881677597283
,,grass,,54.393274734454096,18.622704828299273,1656.8110422998518,1159.7677296098962
,,grass,,54.39295570380252,18.622792610664835,648.541135451966,453.9787948163762
,,grass,,54.392339965417676,18.622471924481587,153.931752811375,107.75222696796249
,,grass,,54.392841988677816,18.622592282158212,700.2129292782745,490.1490504947921
,,grass,,54.3933167924489,18.622588126293884,603.1935955686628,422.2355168980639
,,grass,,54.39394573694412,18.622581840995878,1039.5757145027371,727.703000151916
,,grass,,54.39351905180665,18.622284836269447,1740.0555930684718,1218.03891514793
,,grass,,54.39354622769894,18.622429919108118,961.8881387912459,673.321697153872
,,,wood,54.39402664900543,18.621972821879975,552.0010397104628,386.40072779732395
,,grass,,54.39361708094152,18.621695134199815,1079.8584373852752,755.9009061696926
,,grass,,54.39390390681478,18.62104609658064,644.4086237578799,451.08603663051593
,,grass,,54.393904607073104,18.62164805294101,613.2010051353104,429.2407035947173
,,grass,,54.39389210000208,18.621310366666666,22.706604147958828,15.894622903571179
,,grass,,54.39389320000184,18.621392866666664,21.605451977778397,15.123816384444877
,,grass,,54.39387453222891,18.62146052615072,7.2426796575680665,5.069875760297646
,,grass,,54.39387333333386,18.621246966666668,5.489690658765391,3.8427834611357734
,,grass,,54.39387855000199,18.62186844999999,17.436452353676177,12.205516647573324
,,grass,,54.39402495848835,18.622102494388326,1051.8981031393394,736.3286721975375
,,,wood,54.3943129629765,18.621967224737833,490.15444251934093,343.1081097635386
,,grass,,54.394443295177496,18.620935460772582,237.48402108800764,166.23881476160534
,,grass,,54.394444330767215,18.62157806498091,193.00993454694216,135.1069541828595
,,grass,,54.394254124855486,18.620753022131314,496.0727870004705,347.2509509003293
,,grass,,54.39394313431083,18.620758756269915,303.7811896855495,212.64683277988465
,,grass,,54.393824273673204,18.620470333546752,78.47680873326662,54.93376611328663
,,grass,,54.3938257450995,18.620657821946676,61.14605886704356,42.80224120693049
,,grass,,54.39349762059651,18.62132464372233,116.55258267203465,81.58680787042425
,,grass,,54.39365132402839,18.621324650350317,115.24764880415061,80.67335416290543
,,grass,,54.39337297941975,18.62132491474341,71.1302320987879,49.79116246915153
,,grass,,54.393170560236975,18.621327513046612,188.28770107210397,131.80139075047276
,,grass,,54.39291150586078,18.621334330525038,140.60574095814727,98.42401867070308
,,grass,,54.39308152529596,18.621261544442294,16.57442853392999,11.602099973750992
,,grass,,54.39308476151376,18.62106081322183,152.6575762700457,106.86030338903198
,,grass,,54.39308577941567,18.620542411395846,67.76376323966873,47.43463426776811
,,grass,,54.393077432953035,18.620675727791646,36.357113010505365,25.449979107353755
,,grass,,54.39307659812138,18.620874033523666,35.9612282822205,25.172859797554352
,,grass,,54.393001716061136,18.62104673589591,195.1945509509452,136.63618566566163
,,grass,,54.3930013500022,18.62006319999953,164.09338596404115,114.8653701748288
,,grass,,54.39304869866316,18.62155488231086,817.7386421284953,572.4170494899466
,,grass,,54.392899490435035,18.621988739401242,743.0137468623981,520.1096228036786
,,grass,,54.39316097647286,18.62210500829236,1275.3715453913826,892.7600817739677
,,grass,,54.393341486870305,18.62199576838601,429.7679142417785,300.8375399692449
,,grass,,54.395406327916334,18.622267851956963,1371.6228502705476,960.1359951893833
,,grass,,54.39548974650976,18.622422546487304,1235.1560045354777,864.6092031748343
,,grass,,54.396364856332276,18.622441914317402,136.1571131028687,95.30997917200808
,,grass,,54.39681061885701,18.62225535015763,544.9646278110889,381.4752394677622
,,grass,,54.39674475986469,18.622408282766006,521.396810741227,364.97776751885885
,,grass,,54.39635247350654,18.622566005993246,229.4795967820896,160.6357177474627
,,grass,,54.39531142049431,18.622571187456796,1606.4710241778466,1124.5297169244925
,,grass,,54.39533463456416,18.622683739405964,1048.1964832380968,733.7375382666677
,,grass,,54.39593033338584,18.622784366666664,182.7246252978171,127.90723770847197
,,grass,,54.39582160388419,18.62327447109239,2423.638501776237,1696.5469512433656
,,,wood,54.3957288987296,18.624014839144596,468.3462338453197,327.8423636917238
,,grass,,54.396036369825445,18.622683616338957,18.725467457245067,13.107827220071545
,,grass,,54.39607159722456,18.622785530758783,184.81740708622047,129.37218496035433
,,grass,,54.39618522219896,18.62312675802324,1570.1457693462407,1099.1020385423685
,,grass,,54.39631138907988,18.622677262370928,326.8877784518272,228.82144491627903
,,grass,,54.39650213333503,18.62258143333333,10.163986383834049,7.114790468683833
,,grass,,54.39631436579066,18.621988192248505,237.2126897022049,166.0488827915434
,,grass,,54.39551171699075,18.621996416674026,851.4351114788744,596.004578035212
,,grass,,54.39788336159042,18.622551522700526,3470.877665635699,2429.614365944989
,,grass,,54.39683497998462,18.62267002389613,291.78348461935263,204.24843923354683
,,grass,,54.397047833337496,18.622747766666667,17.77049849135391,12.439348943947735
,,grass,,54.39709580000509,18.622748066666666,18.707009183314916,13.09490642832044
,,grass,,54.398123833568825,18.622665160608488,1563.647110757882,1094.5529775305174
,,grass,,54.39728740172997,18.622250922577063,107.26701160088115,75.0869081206168
,,grass,,54.397303309505595,18.622392470993884,52.491355151707744,36.74394860619542
,,grass,,54.39829653994734,18.62238554369995,1208.3745523216924,845.8621866251846
,,grass,,54.39827663764218,18.622240665957484,1411.9158798659291,988.3411159061503
,,grass,,54.39871263365708,18.622064955321363,1251.1793128872994,875.8255190211095
,,grass,,54.39862120178521,18.621971010568387,500.43600830115975,350.3052058108118
,,grass,,54.39920972963644,18.62196702750713,39.879405422227386,27.91558379555917
,,grass,,54.39924912963697,18.62223157842796,158.37475870528198,110.86233109369738
,,grass,,54.39925064052346,18.622375146506215,136.96754894319483,95.87728426023638
,,grass,,54.3992795825446,18.622546174209837,381.16515161819194,266.81560613273433
,,grass,,54.39928760535732,18.62265801482759,199.7424622026702,139.81972354186914
,,grass,,54.40000148136761,18.62194760689093,674.8328225464106,472.3829757824874
,,grass,,54.37912920880743,18.63364774392511,93.87844038034393,65.71490826624076
,,grass,,54.38004872427305,18.634991298302626,902.9954044601004,632.0967831220703
,,grass,,54.379244498124756,18.634033711199926,48.05969958173911,33.64178970721738
,,grass,,54.37929309380264,18.63390978010729,27.94562025300183,19.561934177101282
,,grass,,54.379868880103956,18.63491123654124,289.65894393787175,202.7612607565102
,,grass,,54.383922196247084,18.640686952601673,35.06595617917124,24.546169325419864
,,grass,,54.38385865546203,18.64079755786362,106.90336642974795,74.83235650082356
,,grass,,54.38419390798296,18.641373617368114,832.5060212096455,582.7542148467518
,,grass,,54.38432018875974,18.641401942232932,482.59934278115395,337.81953994680777
,,grass,,54.38487416661143,18.642884222290043,433.067654926428,303.1473584484996
,,grass,,54.38480861987419,18.64297505349411,892.9640418905392,625.0748293233773
,,grass,,54.3849334531955,18.64280091965737,453.1951075662191,317.23657529635335
,,grass,,54.38530920647043,18.643450044828445,271.8736061162373,190.31152428136608
,,grass,,54.385452162422226,18.644025859427003,332.14609103097655,232.50226372168356
,,grass,,54.385390558059775,18.644108806126958,308.1028646159616,215.6720052311731
,,grass,,54.38571498457289,18.645132338493422,62.73285404448919,43.91299783114243
,,grass,,54.38528332399862,18.644100693479075,436.5654054564491,305.5957838195144
,,grass,,54.3854702910977,18.644580984081358,42.790465898837,29.953326129185896
,,grass,,54.385727267905885,18.644439054546947,509.1617126423753,356.41319884966265
,,grass,,54.38579697821129,18.644376670719705,1963.2439935469347,1374.2707954828543
,,grass,,54.385905861983275,18.64415968533505,2168.896494121918,1518.2275458853424
,,grass,,54.385911474419125,18.645111841310595,18.327159641632765,12.829011749142934
,,grass,,54.38584811547613,18.645188598431208,17.83960183841051,12.487721286887355
,,grass,,54.38645831434381,18.645940042102172,2844.976384791451,1991.4834693540156
,,grass,,54.385399821851685,18.643443305951703,859.4049807793316,601.5834865455321
,,grass,,54.38641161418945,18.646059400937123,860.1278722248098,602.0895105573668
,,grass,,54.3860926206571,18.645539604608665,201.79164770341444,141.2541533923901
,,grass,,54.38602750174268,18.645611880709463,202.32667798579882,141.62867459005918
,,grass,,54.3865065484337,18.64683328775166,1277.4794823199634,894.2356376239743
,,grass,,54.38669936158394,18.647028274059515,1327.4430670878448,929.2101469614913
,,grass,,54.386477496057196,18.647149535995446,1218.67593456879,853.0731541981529
,,grass,,54.386932915218715,18.648659350697283,367.07543059407976,256.95280141585584
,,grass,,54.386946567943916,18.647696848843413,157.35218872696083,110.14653210887258
,,grass,,54.38684975527662,18.647827159383993,111.6585960791914,78.16101725543398
,,grass,,54.38678870153355,18.6486353718612,5513.473502691146,3859.431451883802
,,grass,,54.38776923651273,18.648982639927127,95.03466357702057,66.5242645039144
,,grass,,54.38729663356582,18.64929296152903,71.24843089303857,49.873901625127
,,grass,,54.3890282773751,18.65225446193464,1483.7453512013044,1038.621745840913
,,grass,,54.38913610470409,18.652214062787124,3812.9357566991157,2669.0550296893807
,,grass,,54.388472441404836,18.651661363727147,237.0375096025376,165.9262567217763
,,grass,,54.38840116901066,18.650989983326685,234.43170183097638,164.10219128168345
,,grass,,54.38831896328423,18.65110091374954,296.8033242373241,207.76232696612686
,,grass,,54.39014470504996,18.654466507270033,2373.85949113226,1661.7016437925818
,,grass,,54.38986549933144,18.65418067467186,2199.0559133824618,1539.3391393677232
,,grass,,54.38921182284483,18.65339664958004,1097.0296882763323,767.9207817934325
,,,grassland,54.38898560413279,18.65340746044209,3954.7370173711734,2768.315912159821
,,grass,,54.38964564082531,18.653687254752487,457.53726754504373,320.2760872815306
,,grass,,54.39069138363575,18.65583078797219,2875.9091768642606,2013.1364238049823
,,grass,,54.38999078369267,18.65431011848157,398.82855385012135,279.17998769508495
,,grass,,54.390981212994646,18.655695400771968,2368.7309570023863,1658.1116699016702
,,grass,,54.39195846925842,18.656958743727046,64.64084526383846,45.248591684686915
,,grass,,54.391082304004115,18.655751538555787,457.9683199005965,320.57782393041754
,,,grassland,54.39106209383851,18.656681474725158,15284.827703565283,10699.379392495697
,,grass,,54.39201156915529,18.65731281959224,18.45971310083144,12.921799170582007
,,grass,,54.39196402397523,18.657410575932577,22.02446427248457,15.417124990739197
,,grass,,54.392078123338955,18.657187675925098,64.59915692548483,45.21940984783938
,,grass,,54.39191315826361,18.657547172996008,24.130538717675886,16.89137710237312
,,grass,,54.3922106898154,18.657364767158917,105.4639957947165,73.82479705630155
,,grass,,54.39226204799781,18.65735934936057,16.26400507097358,11.384803549681507
,,grass,,54.3933886336849,18.659005313321657,3113.881884730299,2179.7173193112094
,,grass,,54.392704322214946,18.657974019890005,273.9566094711081,191.76962662977564
,,grass,,54.39630023779449,18.66300864669119,5099.47243114951,3569.630701804657
,,grass,,54.396220035989145,18.662815953120663,1173.0142992417386,821.110009469217
,,grass,,54.3938923542856,18.659614291817626,469.5114669741379,328.6580268818965
,,grass,,54.39538176715067,18.6619333333312,3574.88752191758,2502.421265342306
,,grass,,54.392162334720936,18.65750978936638,40.85159314873568,28.596115204114973
,,grass,,54.39211254323955,18.6576079812337,43.287780754180325,30.301446527926224
,,grass,,54.39567146314495,18.662513557394252,6052.479289715877,4236.735502801113
,,grass,,54.39204689555588,18.657716092626387,69.81026133693248,48.86718293585274
,,,wood,54.39244043536247,18.65844616573011,4282.953243182428,2998.0672702276997
,,grass,,54.39321470209525,18.659308528220397,2060.9045532542514,1442.6331872779758
,,,wood,54.393475688933215,18.659859842869448,3076.7748823412694,2153.7424176388886
,,,wood,54.39303276094199,18.659250787376866,193.6579967747527,135.56059774232688
,,,wood,54.39475530145039,18.66161328904589,5328.014195797055,3729.6099370579386
,,grass,,54.39483281278425,18.661541728107395,2426.9651601702476,1698.8756121191732
,,,wood,54.396637212362364,18.6641989515466,3976.16268003227,2783.313876022589
,,grass,,54.396859538993745,18.664367332721348,2610.9071829956647,1827.6350280969652
,,grass,,54.398204264570204,18.665823659816322,92.31470595280612,64.62029416696429
,,grass,,54.398136291364985,18.66592383957362,161.78136477036122,113.24695533925285
,,grass,,54.39802728132593,18.665988526666293,164.43499461552602,115.10449623086821
,,grass,,54.39796571937686,18.666108047384395,187.0819661150509,130.9573762805356
,,grass,,54.398347993222984,18.665203976679365,231.2366260205783,161.8656382144048
,,grass,,54.39833493589894,18.66565384860357,161.91619232431486,113.3413346270204
,,grass,,54.39806613769923,18.666580366652443,890.4025788421294,623.2818051894906
,,grass,,54.39781764410609,18.667309776534772,2826.838571526359,1978.787000068451
,,grass,,54.3979038029304,18.666803387573943,73.21469861986026,51.25028903390218
,,grass,,54.39769153343644,18.667415602232957,193.64265158941726,135.54985611259207
,,grass,,54.39820139406977,18.666384020776455,313.38355322656963,219.36848725859872
,,grass,,54.39866973876717,18.66678311669114,174.73880611371092,122.31716427959763
,,grass,,54.39872798427689,18.666695411954226,128.17140886001053,89.71998620200736
,,grass,,54.39776462215628,18.66677056000635,1177.737996101176,824.4165972708231
,,grass,,54.34510557970897,18.66592901929858,1033.288029112427,723.3016203786989
,,grass,,54.34543226279426,18.667247898465572,879.5355843423749,615.6749090396625
,,grass,,54.346131610983356,18.668239934830595,930.3421495152256,651.2395046606579
,,grass,,54.34582869472482,18.66811782577644,1842.3421783641943,1289.6395248549359
,,grass,,54.34805722230011,18.66944768806024,313.3693091279613,219.35851638957288
,,grass,,54.348181941545846,18.66968094541677,490.574930076618,343.40245105363255
,,grass,,54.34790413327326,18.668886849024336,491.4198744330944,343.99391210316605
,,grass,,54.34819573787698,18.668913623406514,1682.3401507838778,1177.6381055487143
,,grass,,54.34771250473477,18.66880789814014,403.7244036330605,282.6070825431423
,,grass,,54.34755559203734,18.668704981495015,190.6921265159835,133.48448856118844
,,grass,,54.34787891524145,18.668654027035917,382.3422909058052,267.63960363406363
,,grass,,54.348125382955175,18.668604864995768,517.458016323945,362.2206114267615
,,grass,,54.34736158739753,18.669158230191613,746.6901492548313,522.6831044783819
,,grass,,54.34736426974095,18.669323288863737,617.5754388571144,432.30280719998
,,grass,,54.34696273359013,18.66935848896647,297.8316280867717,208.48213966074016
,,grass,,54.347553750228634,18.669043008024286,1433.911470604878,1003.7380294234146
,,grass,,54.348392134415846,18.670033999233418,218.2211676136781,152.75481732957465
,,grass,,54.34842135170607,18.669502238416957,92.47471972623785,64.7323038083665
,,grass,,54.34857220842503,18.669684131578123,350.9913003415114,245.69391023905797
,,grass,,54.34873502186999,18.671060755414246,955.568207821016,668.8977454747112
,,grass,,54.348864461655374,18.671184245932512,1513.3375774464116,1059.3363042124881
,,grass,,54.34857708914668,18.669842649564472,68.14643700056786,47.7025059003975
,,grass,,54.34986525818188,18.670165347954875,1081.3126322410722,756.9188425687505
,,grass,,54.349871833192324,18.670054598788887,642.1328079003572,449.49296553025
,,grass,,54.34882547137519,18.669836903873556,64.2162778454601,44.951394491822064
,,grass,,54.348842089727576,18.669983468953156,57.7810873209518,40.44676112466625
,,,grassland,54.3392447466456,18.670277016352692,3087.5057151718997,2161.25400062033
,,greenfield,grassland,54.339735127511986,18.6712360863223,1710.1516818989876,1197.1061773292913
,,,wood,54.339057385943605,18.670974487580555,2015.5284312423648,1410.8699018696552
,,,wood,54.33858414162446,18.669780862885663,10594.487216519852,7416.141051563896
,,greenfield,grassland,54.339778173494,18.670482339562348,3246.2573207275605,2272.3801245092923
,,greenfield,wood,54.33839084586188,18.672695690128027,4186.415864653651,2930.4911052575553
,,,wood,54.33747378143807,18.671239339641655,12079.39463013349,8455.576241093444
,,greenfield,grassland,54.337429320628324,18.67370273937742,5803.701098511956,4062.5907689583687
,,greenfield,grassland,54.33811575338573,18.674519683372726,5555.096169242764,3888.5673184699344
,,,grassland,54.33437043080035,18.679208282004698,8094.051387532083,5665.835971272458
,,greenfield,grassland,54.33614088602269,18.674817450348957,1090.4446931831928,763.311285228235
,,brownfield,grassland,54.33420580298775,18.666526942698162,2668.9151219955215,1868.2405853968648
,,greenfield,grassland,54.33515332982221,18.665984082751056,1465.7356905800768,1026.0149834060537
,,greenfield,grassland,54.33466218023719,18.66659198689173,2205.2253854098726,1543.6577697869106
,,greenfield,grassland,54.33453660428153,18.66571237961982,3951.236612816494,2765.8656289715454
,,greenfield,grassland,54.33348269281987,18.665182830006213,9569.977967938417,6698.984577556892
,,,grassland,54.33435837072688,18.66777886095147,1316.2513601652197,921.3759521156537
,,greenfield,grassland,54.334580605406224,18.66810402610762,5023.864002905376,3516.704802033763
,,,grassland,54.33411426567561,18.657460435712625,1084.8798797272566,759.4159158090796
,,grass,,54.351145017422475,18.67071719387853,398.97093425273295,279.27965397691304
,,grass,,54.35115849411752,18.670598429101094,254.5439803804178,178.18078626629244
,,grass,,54.35153354102603,18.671195626613805,1489.166084129237,1042.416258890466
,,grass,,54.35140291800747,18.67064512400935,938.7738130110604,657.1416691077422
,,grass,,54.35219685296733,18.671353104035106,239.78978551379706,167.85284985965794
,,grass,,54.35246935198823,18.672198185339646,164.03810652156105,114.82667456509273
,,grass,,54.352159829645714,18.67271704542072,1995.4475068870372,1396.813254820926
,,grass,,54.35287287513649,18.672683751564538,859.5396406432126,601.6777484502487
,,,wood,54.35276104363248,18.67272766792158,2495.2097253962347,1746.6468077773643
,,,wood,54.35242858473184,18.67276999233158,2857.1245086327876,1999.9871560429513
,,grass,,54.35251993422813,18.671717178264775,65.85058335891796,46.09540835124257
,,grass,,54.352841716454975,18.672101583579128,422.45677651592166,295.71974356114515
,,grass,,54.35236165754806,18.67141554424222,259.315001748501,181.5205012239507
,,grass,,54.35316739243612,18.672417979163825,553.8644337118563,387.70510359829944
,,grass,,54.353177403244274,18.672601602754735,189.60779543424448,132.72545680397113
,,grass,,54.35304348088207,18.67317674278469,1116.395265366334,781.4766857564337
,,grass,,54.355906543152685,18.679163696132445,5377.978171589779,3764.584720112845
,,grass,,54.35628869774649,18.680127535098496,369.0610460274694,258.34273221922854
,,grass,,54.35638845482379,18.6807035818966,884.2724354177196,618.9907047924037
,,grass,,54.3563728664798,18.681026266490793,480.96869596434743,336.6780871750432
,,grass,,54.357322267399745,18.68362884511541,270.51831131858853,189.36281792301196
,,grass,,54.357302592672085,18.68351244997797,153.08495023316908,107.15946516321836
,,grass,,54.35722043723268,18.684047388319613,151.4700409936556,106.02902869555892
,,grass,,54.35718538908907,18.684519276282895,329.1873850321705,230.43116952251933
,,grass,,54.357351136883366,18.685393716600654,450.75977075857736,315.53183953100415
,,grass,,54.35716165006549,18.68533753793962,190.83717025804563,133.58601918063192
,,grass,,54.3576716132879,18.686110501843448,465.7328618213962,326.01300327497734
,,grass,,54.358446850656435,18.687590654293864,293.881667380448,205.71716716631357
,,grass,,54.35841125504415,18.687824607416047,262.1614293077315,183.51300051541205
,,grass,,54.35837199499394,18.687860288563797,343.5978716968518,240.51851018779627
,,grass,,54.3595441486669,18.6896313648854,119.45406468355175,83.61784527848621
,,grass,,54.35948200427158,18.68972312825741,157.61906178359857,110.33334324851899
,,grass,,54.35969466619711,18.69070291883413,852.9501344652156,597.0650941256508
,,grass,,54.35980981812005,18.690615489469206,618.3081084540934,432.81567591786535
,,grass,,54.359503037794454,18.690305455973782,357.20371330251686,250.0425993117618
,,grass,,54.35966968909704,18.691223612631347,253.15252256201347,177.20676579340943
,,grass,,54.35997470380418,18.691278305444605,168.73851554287273,118.11696088001091
,,grass,,54.359852228121866,18.69136586765831,193.5700245175134,135.49901716225935
,,grass,,54.359796795443216,18.69019274363937,144.59558340327598,101.21690838229318
,,grass,,54.36034968579176,18.6908620926561,3560.925255244625,2492.6476786712374
,,grass,,54.360013447618215,18.69095671762498,65.890096862793,46.123067803955095
,,grass,,54.359401564475675,18.691651942511765,2538.3728270935426,1776.8609789654797
,,grass,,54.35970812721548,18.691446316222283,66.63419498374341,46.64393648862038
,,grass,,54.35943933673291,18.692019129277593,2678.643928696993,1875.050750087895
,,grass,,54.35979578943644,18.69173579674348,168.88303526782732,118.21812468747912
,,grass,,54.359401182301575,18.69229627287178,556.28079249862,389.396554749034
,,grass,,54.359529920997005,18.69247285071797,2811.8489898233624,1968.2942928763537
,,grass,,54.35993970514544,18.692275262818367,251.68339764823224,176.17837835376255
,,grass,,54.35994648708767,18.69169895872743,181.82850725457408,127.27995507820185
,,grass,,54.360008356991614,18.691933959793996,43.51998643029279,30.46399050120495
,,grass,,54.360053684805536,18.691626922394907,186.58976078705885,130.6128325509412
,,grass,,54.360080366117174,18.692150670280018,179.29906629805194,125.50934640863635
,,grass,,54.360120198047376,18.69186757018586,40.22776381136376,28.159434667954628
,,grass,,54.360183335678755,18.692066587021323,89.86608053700665,62.906256375904654
,,grass,,54.36018688976885,18.691512436212342,187.2102972046021,131.04720804322147
,,grass,,54.360255817773506,18.691786915014944,23.498917926330485,16.44924254843134
,,grass,,54.36033630157362,18.692038051396136,142.91665928049116,100.0416614963438
,,grass,,54.36077311723279,18.691211950225536,4600.023931255308,3220.0167518787152
,,grass,,54.36141210175586,18.69109584091066,2468.008846759726,1727.6061927318083
,,grass,,54.36090972973229,18.691660667591623,4588.12089882971,3211.684629180797
,,grass,,54.36034078746711,18.692506465482033,441.06742446150975,308.7471971230568
,,grass,,54.36055786953874,18.692158161783706,100.77480734097004,70.54236513867903
,,grass,,54.360737526198136,18.69249694812227,6044.526467366475,4231.168527156532
,,grass,,54.36034383452089,18.692890309133396,2123.28154822695,1486.2970837588648
,,grass,,54.359444195397614,18.692956224075715,11837.55968202071,8286.291777414497
,,grass,,54.36009209766429,18.692750371394464,911.7215862623581,638.2051103836507
,,grass,,54.36056300186813,18.69273984718762,433.4378190309544,303.40647332166805
,,grass,,54.36060364882897,18.693618040409287,1022.5940003481336,715.8158002436935
,,grass,,54.360284764971894,18.693286443678037,483.1279474924789,338.1895632447352
,,grass,,54.36064301090908,18.693532164609937,69.93457556167024,48.95420289316917
,,grass,,54.360763242202175,18.693531732635098,50.349215740676044,35.24445101847323
,,grass,,54.36189194232268,18.695893794400543,2496.635553775861,1747.6448876431025
,,grass,,54.36200466564641,18.69635588967428,1442.0788018551375,1009.4551612985962
,,grass,,54.362039520786915,18.696668350721513,2102.932926942203,1472.0530488595418
,,grass,,54.36324896485121,18.699278743382163,346.3476363810086,242.443345466706
,,grass,,54.362992816204894,18.69927892857419,3995.9423038811415,2797.159612716799
,,,wood,54.36301450093561,18.69969297565802,1025.8036125773247,718.0625288041272
,,grass,,54.363077601250566,18.69993438807217,874.8928656869002,612.4250059808301
,,grass,,54.363046861527934,18.703035707847146,593.6757459637856,415.5730221746499
,,grass,,54.36297067823203,18.702885487743078,742.8001568942082,519.9601098259457
,,grass,,54.36326004643331,18.70116530430963,543.0862611127604,380.1603827789323
,,grass,,54.36318257648645,18.70110117503775,930.9809805560474,651.6866863892332
,,grass,,54.36349658298233,18.699488759488574,628.3491118322008,439.84437828254056
,,grass,,54.36332876476835,18.701710949269096,3331.401148454788,2331.9808039183517
,,grass,,54.36327838677203,18.701651232553647,826.5398213100764,578.5778749170535
,,grass,,54.36311537506233,18.70466500124638,2471.235652559872,1729.8649567919103
,,grass,,54.36282778787209,18.703912385090636,155.57775814016702,108.90443069811691
,,grass,,54.36303086578535,18.70389170923989,195.01258031175024,136.50880621822515
,,grass,,54.362618509122846,18.704994914983544,1119.7113971162314,783.7979779813619
,,grass,,54.36271370369912,18.705029490771864,575.438658684461,402.80706107912266
,,grass,,54.36261133627005,18.705656047665666,191.2254184590727,133.8577929213509
,,grass,,54.36282145659209,18.705238626619785,339.1108505538472,237.377595387693
,,grass,,54.36278946262967,18.70546738946024,368.2057106418385,257.74399744928695
,,grass,,54.36153732098761,18.7069723482124,1826.2015974395433,1278.3411182076802
,,grass,,54.361047857327065,18.707621123841925,440.04794295375325,308.03356006762726
,,grass,,54.361713644673785,18.70688258745,882.0898697120306,617.4629087984214
,,grass,,54.36143612653325,18.707784909013164,149.5549623577251,104.68847365040756
,,grass,,54.36084942028499,18.70800722874659,60.70180602394102,42.49126421675871
,,grass,,54.36049930867481,18.708450717859396,140.3278146128519,98.22947022899633
,,grass,,54.360488047562434,18.70858658808449,68.3743733186916,47.86206132308411
,,grass,,54.36028697859904,18.7089919176166,241.73993839874106,169.21795687911873
,,grass,,54.360325306880085,18.708714572213307,49.45468837853568,34.618281864974975
,,grass,,54.36039334735216,18.709069978372735,203.48791925406294,142.44154347784405
,,grass,,54.36051351057557,18.709728722295747,119.82985206086641,83.88089644260648
,garden,,,54.39552001264129,18.58909382006616,3121.769070198993,2497.4152561591945
,,grass,,54.403141778237455,18.603519315012484,40535.16215266324,28374.613506864265
,,grass,,54.401815022238765,18.599556697644196,3532.772711277319,2472.9408978941233
,,grass,,54.40216244023212,18.601002923596635,607.587862774522,425.3115039421654
,garden,,shrubbery,54.40329785963286,18.60182554675701,72.835795563036,58.2686364504288
,garden,,shrubbery,54.40301530622911,18.602169975978814,337.12106456589987,269.6968516527199
,garden,,,54.40317264776276,18.60197828662361,147.6333820700754,118.10670565606034
,,grass,,54.40237408409276,18.602820536551565,2299.4726664257737,1609.6308664980415
,,grass,,54.363263772124434,18.7160059355295,818.3127202033888,572.8189041423722
,,,grassland,54.34500080337399,18.584856144221035,327.0038475798528,228.90269330589695
,,,grassland,54.339113271182725,18.575315122261863,6045.366395430667,4231.756476801466
,,grass,,54.351598835211114,18.59064270015107,5139.140922675703,3597.398645872992
,,grass,,54.351716501507795,18.59155234721968,116.46370867564345,81.5245960729504
,,grass,,54.352023168736494,18.591245265431603,295.3525031351553,206.7467521946087
,,grass,,54.35138470823006,18.5919093116778,150.26917742315095,105.18842419620566
,,grass,,54.35163544168398,18.591899348847182,46.41845735302807,32.49292014711965
,,grass,,54.35168227544851,18.592060382907665,35.44615299837001,24.812307098859005
,,grass,,54.35083825527515,18.594274107709225,1733.6843013737825,1213.5790109616478
,,grass,,54.350812301452365,18.594020507272845,1338.8102334224081,937.1671633956856
,,grass,,54.35135525743221,18.592907643838572,98.93335721336433,69.25335004935502
,,grass,,54.35135578305216,18.59306610086001,118.56278486171072,82.9939494031975
,,grass,,54.35018574617143,18.596809232321693,26.26123813043964,18.382866691307747
,,grass,,54.35027990351516,18.59681504520877,103.61160498468564,72.52812348927995
,,grass,,54.35055287369764,18.59604402507338,236.63609383375572,165.645265683629
,,grass,,54.35060906378952,18.595953071553748,107.37531406737196,75.16271984716036
,,grass,,54.35056883737478,18.596655838980745,95.20034332936498,66.64024033055549
,,grass,,54.35043173844764,18.596671199960202,57.440681777316236,40.20847724412136
,,grass,,54.35081210153413,18.596748692293627,575.9682160472471,403.17775123307297
,,grass,,54.35065705475176,18.59644223072178,92.00878579537367,64.40615005676156
,,grass,,54.35113120561986,18.59345258116295,95.06251178845233,66.54375825191663
,,grass,,54.351124303062576,18.593698867335924,30.91488740447347,21.640421183131426
,,grass,,54.35104957768177,18.59368673304901,64.3828348747028,45.067984412291956
,,grass,,54.35214804187775,18.591437253846074,564.4619743163291,395.12338202143036
,,grass,,54.352156569019996,18.59161758614396,766.5524129011501,536.586689030805
,,,wood,54.33991360865957,18.685912283069182,1586.5664968097667,1110.5965477668367
,,,wood,54.33925992937209,18.685017800407373,10484.42161960789,7339.095133725523
,,,wood,54.339543615393154,18.686145256793655,11141.273594131828,7798.891515892279
,,,wood,54.33827862976577,18.68473204101276,16638.886334922274,11647.220434445591
,,,grassland,54.33150090047176,18.667152726095022,3733.069672979615,2613.1487710857305
,,greenfield,grassland,54.33115041750018,18.670416024796566,7960.2518804157025,5572.176316290991
,,grass,,54.34385982549465,18.826025336505925,62.39112075862395,43.67378453103676
,,grass,,54.34388238106225,18.82542524492582,54.33245439794189,38.03271807855932
,,grass,,54.34364579978009,18.825596211879333,76.18508569840456,53.32955998888319
,,grass,,54.3437502558857,18.825437101218466,147.76979418361654,103.43885592853157
,,grass,,54.3439564549443,18.82570494941441,132.1853372191334,92.52973605339338
,,grass,,54.34376007432587,18.82600914378999,58.84696221924299,41.19287355347009
,,grass,,54.34390540628365,18.824849806344034,2451.5991871620076,1716.1194310134053
,,,wood,54.34535452758652,18.6797366147837,9192.815331192753,6434.9707318349265
,,grass,,54.34908671538551,18.679318059209724,1227.3862618729424,859.1703833110597
,garden,,,54.35796188459354,18.580055864885416,159.7008740659022,127.76069925272178
,,grass,,54.35195750657712,18.64211710621559,73.60240000905614,51.521680006339295
,,grass,,54.35190611521443,18.642277788417346,59.96174380993321,41.973220666953246
,,grass,,54.352169523132986,18.642389620547416,186.9845477364119,130.88918341548833
,,,wood,54.352467589977365,18.642458238282444,1217.1258377146053,851.9880864002237
,,,wood,54.35204251755537,18.64264038304806,898.6687445383382,629.0681211768367
,,grass,,54.352063732413335,18.642378018263845,54.198792775103385,37.939154942572365
,,grass,,54.35214853253326,18.642603570789863,893.3462387050008,625.3423670935006
,,,wood,54.352392756291984,18.642640789632093,1268.8867451097503,888.2207215768252
,,grass,,54.35317706460223,18.642343582690426,699.6232796576498,489.73629576035484
,,,wood,54.35290233466704,18.642462441442568,1757.526184953973,1230.2683294677809
,,grass,,54.35358520511572,18.642572103659873,528.5928300325413,370.0149810227789
,,grass,,54.35332428371581,18.64271996587216,4153.276368435461,2907.293457904823
,,,grassland,54.39141479160348,18.5868955364136,1845.956574236255,1292.1696019653784
,,,grassland,54.39203526379344,18.586164411734206,1179.9182279187785,825.9427595431449
,,,wood,54.39330877275453,18.6771902785587,820.9834458571735,574.6884121000214
,,,grassland,54.3670623839938,18.700623702101137,3393.447379037972,2375.4131653265804
,,,grassland,54.33504435265211,18.583072100014853,1041.507795505976,729.0554568541831
,,grass,,54.33383621027481,18.583151125363965,2774.7638847953635,1942.3347193567542
,,,grassland,54.38503744373707,18.4645193390537,1774.3200495022172,1242.024034651552
,,,grassland,54.38469314780676,18.465061123216298,19279.12753484144,13495.389274389006
,,,grassland,54.38294268842688,18.474500151997947,4197.490579099589,2938.243405369712
,,,wood,54.3599898292948,18.61990036036761,51299.74182097381,35909.819274681664
,,grass,,54.42114113148604,18.569642476291207,14632.522469795129,10242.76572885659
,,grass,,54.42110073389999,18.565315339468878,6073.283883360124,4251.298718352086
,,grass,,54.42064949110376,18.56553924152947,4416.380621223682,3091.4664348565775
,,grass,,54.42106363924647,18.563538340753603,4751.216149436628,3325.8513046056396
,,grass,,54.39528362746669,18.608643581673938,320.3318471974058,224.23229303818405
,,grass,,54.39516503097983,18.608658857406187,580.6574493006763,406.46021451047335
,,grass,,54.395348633335736,18.608533766666664,38.78829396526302,27.151805775684114
,,grass,,54.39533516951068,18.608418880386072,87.11171711900968,60.978201983306775
,,grass,,54.395284468032585,18.608466907345207,44.396886318973806,31.07782042328166
,,grass,,54.39523990560117,18.60844022683692,43.84980571759457,30.694864002316198
,,grass,,54.395445427203775,18.6086923420701,938.0548758257817,656.6384130780472
,park,,,54.39693555653414,18.592853059433576,52521.4995536487,52521.4995536487
,park,,,54.395736846665116,18.596380719014018,49575.00213531753,49575.00213531753
,,grass,,54.420241427418134,18.57917113624289,102.0306423955024,71.42144967685168
,,grass,,54.420253900008646,18.57902089999862,101.32985728183033,70.93090009728122
,,grass,,54.38172752481085,18.603759367357625,962.123045214681,673.4861316502767
,garden,,,54.37693616741222,18.607849117937857,548.9611708367011,439.16893666936085
,,grass,,54.377742029916725,18.606964335849064,337.1067671290733,235.97473699035132
,,grass,,54.37780717441134,18.607099189737653,213.23691364966382,149.26583955476465
,,,grassland,54.33315307162481,18.621245473280663,1993.7753591051658,1395.642751373616
,,,grassland,54.33785963994359,18.615042309874287,1038.7518819373959,727.1263173561771
,garden,,,54.33267183881414,18.610264649118523,762.4443093746834,609.9554474997467
,,,wood,54.30462768627091,18.628302315752155,888.8103054542921,622.1672138180045
,,meadow,,54.30550001869875,18.629468204983603,10741.54453727267,5370.772268636335
,,,grassland,54.304715606895826,18.629972208662796,790.7316811414662,553.5121767990263
,,,grassland,54.30486130399326,18.629225251306863,6577.571017043573,4604.299711930501
,,,wood,54.30455955428861,18.62916014131479,6237.838374300311,4366.486862010218
,,grass,,54.35027351851716,18.630885972888404,462.1253279556435,323.48772956895044
,,grass,,54.34995364093789,18.629419221916674,242.1118584108027,169.4783008875619
,,grass,,54.349888973483644,18.629449530496412,57.3647729403971,40.15534105827797
,,grass,,54.35021672715286,18.630959035206683,93.29369071870951,65.30558350309666
,,grass,,54.35045346535892,18.631670946792664,308.05395143443866,215.63776600410705
,,grass,,54.35038953250318,18.631708817766192,72.45580165907529,50.7190611613527
,,grass,,54.35057850618708,18.63222125255142,212.43470799535257,148.7042955967468
,,grass,,54.35074208908449,18.632976490923415,417.70532840544314,292.3937298838102
,,grass,,54.35109184760103,18.6357668605965,113.55933259045769,79.49153281332038
,,grass,,54.35132072638165,18.637377540097642,47.599331361957105,33.319531953369975
,,grass,,54.35114690344501,18.636982176075367,79.04273068059166,55.32991147641416
,,grass,,54.355146394534245,18.5956276336727,701.7790953839888,491.2453667687921
,,,wood,54.370561743515715,18.61987690311074,12963.689292882655,9074.582505017857
,,,wood,54.370942793720324,18.61888718110888,4554.4036800624945,3188.082576043746
,,grass,,54.37094813292978,18.618860493215937,6385.840291872459,4470.08820431072
,,grass,,54.3706777954439,18.61966520215479,476.51701390195564,333.5619097313689
,,grass,,54.37096025878714,18.617865957676578,772.4216355596063,540.6951448917243
,,grass,,54.37308988332275,18.615876688815437,71.83424504099267,50.28397152869486
,,grass,,54.372689204498435,18.617552522704635,2159.0894607476584,1511.3626225233609
,,grass,,54.37218954882588,18.617328313425038,180.11119872057824,126.07783910440476
,,grass,,54.37205368262318,18.617334596912677,1418.9624481898518,993.2737137328962
,,grass,,54.37244822304423,18.616619965876733,180.1919183853488,126.13434286974415
,,grass,,54.402505818739456,18.57286391892985,415.2910308963765,290.70372162746355
,,grass,,54.40243664939851,18.572801736304974,582.4783261358709,407.73482829510965
,,grass,,54.40246738839048,18.573395087796715,757.4410271194514,530.208718983616
,,grass,,54.402840615201114,18.57253124714908,138.36760191281994,96.85732133897395
,,grass,,54.40363496974601,18.571914889797686,2023.4439255113734,1416.4107478579613
,,grass,,54.40389075313981,18.571845304182272,1413.6149912988126,989.5304939091687
,,grass,,54.404429032154795,18.571915583139287,1107.7102806613448,775.3971964629413
,,grass,,54.40529285625097,18.5712805125488,848.9650611702434,594.2755428191704
,,grass,,54.40472267922237,18.571210580964177,23.80041181768717,16.660288272381017
,,grass,,54.40558075687707,18.570569526838025,723.0322731393715,506.12259119756
,,grass,,54.40533549273977,18.570693035173182,56.03489553087404,39.224426871611826
,,grass,,54.40497557724425,18.57092631600038,760.4769589350433,532.3338712545303
,,grass,,54.40574245726901,18.570956211001143,162.44850506247985,113.71395354373588
,,grass,,54.406147086003294,18.570724856179734,277.3319293982403,194.13235057876818
,,grass,,54.40644390481917,18.57050156574131,519.2639280962029,363.484749667342
,,grass,,54.40908746959561,18.567956789420734,413.22592463944426,289.25814724761096
,,grass,,54.410972366755765,18.567493880600253,832.4477404835042,582.7134183384529
,,grass,,54.411172616512296,18.567594947258097,114.3776505217846,80.06435536524921
,,grass,,54.411225564023795,18.568084495108504,34.51800594800956,24.16260416360669
,,grass,,54.411291779483854,18.568477583199833,34.36762113960939,24.057334797726572
,,grass,,54.41113399435032,18.56797208302305,85.63492709495347,59.94444896646743
,,grass,,54.41120466239999,18.568407076441886,87.88330556825072,61.5183138977755
,,grass,,54.41133525678919,18.56899450099285,293.98820816155035,205.79174571308522
,,grass,,54.41139641531314,18.568916905832666,124.42768495902246,87.09937947131571
,,grass,,54.39881826596086,18.575660725009662,1591.2499034284579,1113.8749323999205
,,grass,,54.39961297927155,18.57485834669518,219.67614517494812,153.77330162246366
,,grass,,54.39982728918507,18.574458786895583,192.0158474042292,134.41109318296043
,,grass,,54.399656421892956,18.57459136479985,2191.33516602115,1533.934616214805
,,grass,,54.400075569022064,18.573953209174213,1055.5375009629583,738.8762506740708
,,grass,,54.40024921082442,18.57423067489769,1177.18639361863,824.030475533041
,,grass,,54.400534635002685,18.57361954552085,201.80131505641478,141.26092053949034
,,grass,,54.40043248048389,18.573272879413423,92.82365685512428,64.97655979858699
,,grass,,54.400366882948894,18.57312451473004,119.84585679470965,83.89209975629674
,,grass,,54.40029068932788,18.57287830873124,312.76143561149354,218.93300492804548
,,grass,,54.401177419997424,18.57453106077548,26.363379867310385,18.454365907117268
,,grass,,54.40144662302257,18.57495116041066,170.5622295268591,119.39356066880137
,,grass,,54.40138320628071,18.57513796709043,460.61486698601357,322.4304068902095
,,grass,,54.40151325126675,18.575416729894883,129.7600212669666,90.8320148868766
,,grass,,54.40178787092608,18.575277362413555,101.98261186994527,71.38782830896169
,,grass,,54.402398729110246,18.57482352107837,87.85638266259733,61.499467863818126
,,grass,,54.40249273496083,18.57473106463961,101.73802666920065,71.21661866844045
,,grass,,54.402304278772924,18.573847038105384,46.369988870540155,32.45899220937811
,,grass,,54.402128243826695,18.57380283549502,576.5571379941671,403.58999659591694
,,grass,,54.4016917142692,18.57411661264612,730.2505870286726,511.1754109200708
,,grass,,54.39880714421414,18.575590324165756,982.9666943822156,688.0766860675509
,,grass,,54.397698053582864,18.57673832855379,69.82393051018407,48.876751357128846
,,grass,,54.397665271982014,18.576633866958268,18.83785790129953,13.186500530909669
,,grass,,54.39740409216162,18.576993259135616,280.7136538064134,196.49955766448937
,,grass,,54.39755168790888,18.576940577476794,103.61793762477498,72.53255633734248
,,grass,,54.396203632664,18.57830568320871,1607.6820181724247,1125.3774127206973
,,grass,,54.396291978582305,18.578069929479252,4937.083469741714,3455.9584288191995
,,grass,,54.397666598427556,18.577447771157185,312.56832748501665,218.79782923951166
,,grass,,54.39725080550452,18.577733753074757,389.3236224182497,272.5265356927748
,,grass,,54.39684347497259,18.578135071578423,476.90095647893804,333.8306695352566
,,grass,,54.39652323369383,18.578555111993325,93.45251521870351,65.41676065309245
,,grass,,54.395245046509174,18.579797337699613,683.8465097084985,478.6925567959489
,,grass,,54.39466267286693,18.580033669185916,447.1159331398924,312.98115319792464
,,grass,,54.39466424243652,18.57984963835263,1765.6769915957914,1235.973894117054
,,grass,,54.394551687288285,18.580750374624547,126.65185955606495,88.65630168924545
,,grass,,54.39409815961267,18.580696688958845,157.62062767331125,110.33443937131787
,,grass,,54.39394591890247,18.58077240365583,1068.95949858716,748.271649011012
,,grass,,54.39358177159001,18.581336325711405,536.8977574609847,375.8284302226893
,,grass,,54.39345075136187,18.581743079326287,83.57856166278734,58.504993163951134
,,grass,,54.393428204812174,18.581501754555827,53.15110678732933,37.205774751130534
,,grass,,54.39336760856503,18.581591190623765,366.04307762811857,256.230154339683
,,grass,,54.393261693025444,18.581716266511744,636.7643176900556,445.7350223830389
,,grass,,54.393332941706724,18.58191820753472,198.54653348142108,138.98257343699476
,,grass,,54.39339060460691,18.582107735688,96.17169184363584,67.32018429054509
,,grass,,54.392918601969164,18.582809797290768,529.2025780746588,370.44180465226117
,,grass,,54.39100592853799,18.585629946956402,5156.620552745029,3609.63438692152
,,grass,,54.392843721303905,18.58266509797363,414.1460011720899,289.9022008204629
,,grass,,54.392188607945606,18.584186195680466,498.453857590416,348.9177003132912
,,grass,,54.3924506539707,18.58322712530811,113.10645460357789,79.17451822250452
,,grass,,54.391923858381475,18.58400056586168,1356.4706255462143,949.52943788235
,,grass,,54.39147999372667,18.585209619311968,194.60773580360114,136.2254150625208
,,grass,,54.39102030770096,18.58532854370536,576.717494735522,403.70224631486536
,,grass,,54.39104050546378,18.585855979857875,72.06276701799219,50.44393691259453
,,grass,,54.39069875604235,18.586342197556068,374.18686499608265,261.93080549725784
,,grass,,54.39056958947596,18.585989876081463,487.4631499983775,341.22420499886425
,,grass,,54.38984564198875,18.587049277311177,884.7923339688972,619.354633778228
,,grass,,54.39013736549285,18.58718237062117,164.07177241386626,114.85024068970637
,,grass,,54.38982144102386,18.587648927189,71.81551740623914,50.270862184367395
,,grass,,54.38964898321765,18.58788993777467,110.09344406243409,77.06541084370386
,,grass,,54.389417072887824,18.58766707659337,75.20146536270714,52.64102575389499
,,grass,,54.38924252951905,18.58793777720327,251.31731584849575,175.92212109394703
,,grass,,54.388379388917,18.589475751176376,3301.6465396000453,2311.152577720032
,,grass,,54.38897422364967,18.58834014132855,175.3252721768346,122.72769052378422
,,grass,,54.38854934228671,18.588958649435206,515.8027786520126,361.06194505640883
,,grass,,54.38806387023335,18.58966602432739,268.3067437510931,187.81472062576518
,,grass,,54.3876381785427,18.59028334611953,545.0408285169369,381.5285799618558
,,grass,,54.387325605546444,18.59045980431621,1016.2241662167062,711.3569163516943
,,grass,,54.386200806860074,18.592260735197932,244.291481867566,171.0040373072962
,,grass,,54.385783268363234,18.59292440742233,545.9911987253982,382.19383910777873
,,grass,,54.386541957688415,18.592465755375603,269.0149169595406,188.3104418716784
,,grass,,54.385684631614154,18.593718273454904,921.2491077671839,644.8743754370287
,,grass,,54.38530648923768,18.593614936392676,341.35382774428615,238.9476794210003
,,grass,,54.38492791187021,18.59484481972679,686.2837238560433,480.39860669923024
,,grass,,54.384954129053106,18.59412987718149,124.88316250193778,87.41821375135643
,,grass,,54.38433461874927,18.595055955793356,1504.079583355384,1052.8557083487688
,,grass,,54.38432043392128,18.59580962875031,523.7717175419205,366.6402022793443
,,grass,,54.384309869549725,18.59594553840384,508.31921801834324,355.82345261284024
,,grass,,54.383855434915,18.59663779192502,426.06814893971887,298.2477042578032
,,grass,,54.383824404778245,18.59657632327373,540.7484482879942,378.5239138015959
,,grass,,54.38310329342615,18.597792002202628,306.8482393198965,214.79376752392753
,,grass,,54.38323811446255,18.59838432671184,459.7539042689536,321.8277329882675
,,grass,,54.38280155975995,18.597931863903753,50.028415235159805,35.019890664611864
,,grass,,54.382681978424415,18.597756013403462,101.12004186893782,70.78402930825646
,,grass,,54.3835813533093,18.599695531082368,1577.2134184605238,1104.0493929223667
,,grass,,54.383830558345956,18.599236661986975,1367.8675872027193,957.5073110419034
,,grass,,54.38384400036733,18.599683259428275,194.79917768475005,136.35942437932502
,,grass,,54.382767598208936,18.59837437210721,114.4247693110816,80.09733851775712
,,grass,,54.38293484736053,18.59855806188282,161.36547120506603,112.95582984354621
,,grass,,54.382664170529495,18.598624556829055,80.32533480425766,56.227734362980364
,,grass,,54.380118731116454,18.60240351932729,367.8415520059648,257.48908640417534
,,grass,,54.38004782631387,18.603215579250243,91.01906432040028,63.71334502428019
,,grass,,54.37914213644447,18.604622381995288,1034.6328216168242,724.2429751317769
,,grass,,54.37915624918022,18.60482884497919,1192.1050351088522,834.4735245761965
,,grass,,54.37931577006771,18.604800927085464,213.15213157059125,149.20649209941388
,,grass,,54.37753334676516,18.60926334839091,84.45049878513474,59.115349149594316
,,grass,,54.37743696225577,18.60927998765346,166.91454000486885,116.84017800340818
,,grass,,54.37600080330491,18.61419474568735,13.456140377966358,9.419298264576451
,,grass,,54.37593419449905,18.614165423123204,21.184004379355585,14.82880306554891
,,grass,,54.375968761245595,18.61418517872292,21.799938548674962,15.259956984072472
,,grass,,54.37590603542643,18.61474164826611,22.088715036901423,15.462100525830994
,,grass,,54.37582802621969,18.61468758778523,64.24839440631727,44.97387608442209
,,grass,,54.37603817926767,18.615226516170047,214.53061440727032,150.1714300850892
,,grass,,54.37556110000437,18.614507266666664,27.54087980567016,19.278615863969108
,,grass,,54.375417530045695,18.61421226595981,309.05179936300533,216.33625955410372
,,grass,,54.37547764148892,18.61442123064992,234.06971332884362,163.84879933019053
,,grass,,54.375431648385074,18.614544356967738,165.53584090563174,115.87508863394221
,,grass,,54.37557140272802,18.614641700963737,92.5423058708091,64.77961410956637
,,grass,,54.37524089451848,18.618827562639627,431.7908388306751,302.25358718147254
,,grass,,54.375123743689244,18.619364195537305,164.4646561279137,115.12525928953958
,,grass,,54.37493123111159,18.62015651270996,149.82440880452583,104.87708616316807
,,grass,,54.37483071096639,18.620482821782332,93.85536945928443,65.6987586214991
,,grass,,54.37468364515764,18.62086673474171,77.28897665154477,54.10228365608134
,,grass,,54.37434022415631,18.621520164318202,227.51600344730502,159.2612024131135
,,grass,,54.373504468779075,18.622936734572793,150.14471845882997,105.10130292118097
,,grass,,54.373313742847856,18.62327050632417,21.466234633489478,15.026364243442634
,,grass,,54.372982588413315,18.623819415521606,106.7717618683831,74.74023330786817
,,grass,,54.37276780755655,18.6241801616135,72.32296965562438,50.62607875893706
,,grass,,54.372875334771415,18.624588631856362,438.87734392184336,307.2141407452903
,,grass,,54.373396359604804,18.62488114205982,1109.873646998356,776.9115528988491
,,grass,,54.37299238081775,18.622383350862997,798.6186298126431,559.0330408688501
,,grass,,54.37342189673082,18.621655503777838,308.5522073465787,215.98654514260508
,,grass,,54.373023701785044,18.620794324294977,1407.8872165471148,985.5210515829802
,,grass,,54.37292720307719,18.620463663630993,1468.1934217331182,1027.7353952131828
,,grass,,54.376948158726975,18.61143299878374,108.4623349713693,75.92363447995851
,,grass,,54.37120063645154,18.626896634504828,1400.1110103152564,980.0777072206794
,,grass,,54.37151589353187,18.626605601431415,2172.721791977044,1520.905254383931
,,grass,,54.37077029747271,18.62762247690919,893.8185353797305,625.6729747658113
,,grass,,54.37089996341338,18.627717767472966,1050.9685676007928,735.6779973205549
,,grass,,54.37073991633503,18.62804282654966,237.0703731776449,165.94926122435143
,,grass,,54.370067154373224,18.62881595950398,1596.8523505812327,1117.7966454068628
,,grass,,54.36891365952163,18.630708473672755,557.4817933104664,390.23725531732646
,,grass,,54.36821904077308,18.6318809253753,1114.004905606126,779.8034339242881
,,grass,,54.40193748937064,18.576056752121435,1512.8843024027155,1059.0190116819008
,,grass,,54.40364719527536,18.58782031765799,429.7781763532704,300.84472344728925
,,grass,,54.40375139201598,18.58841070894188,430.732676447894,301.5128735135258
,,grass,,54.40386907237285,18.589089298265755,244.48005553598608,171.13603887519025
,,grass,,54.40411125043018,18.58921828567952,333.66991493138164,233.56894045196714
,,grass,,54.40429508594425,18.59039094411277,163.83067696170687,114.6814738731948
,,grass,,54.40310861492337,18.590829209966596,2329.747950804398,1630.8235655630785
,,grass,,54.4020277011663,18.591453439805406,78.69070082040776,55.08349057428543
,,grass,,54.401600213538046,18.591667564124435,1925.47142491315,1347.829997439205
,,grass,,54.40115610900404,18.591690548347014,428.03693732403747,299.6258561268262
,,grass,,54.40057907722293,18.59182484817758,1215.497780258442,850.8484461809093
,,grass,,54.40238809000044,18.59224010733258,482.9227035802631,338.04589250618415
,,grass,,54.402046428781766,18.592373180488963,1156.2874966400398,809.4012476480278
,,grass,,54.4010136126434,18.5930146164756,5388.712246893133,3772.0985728251926
,,grass,,54.39713935724523,18.596599942209725,543.7473411296769,380.6231387907738
,,grass,,54.39740482322721,18.596169057753762,1098.1077422756532,768.6754195929572
,,grass,,54.39793598867872,18.594381337139943,93.37961781533456,65.36573247073419
,,grass,,54.39783587732622,18.594561245744245,90.1165913527923,63.081613946954604
,,grass,,54.397736287911755,18.594739568497523,86.95128703373861,60.86590092361702
,,grass,,54.39763593343564,18.594918427364828,87.09039398276208,60.963275787933455
,,grass,,54.39753641868588,18.595098699578436,83.45851518523605,58.42096062966523
,,grass,,54.39762742424108,18.595240501128163,105.96281868148928,74.17397307704249
,,grass,,54.39741967639849,18.59489807212389,133.20908205216017,93.24635743651211
,,grass,,54.39750962070467,18.59470155142012,155.0197993298301,108.51385953088106
,,grass,,54.39761641339972,18.5945363579061,162.95312516935041,114.06718761854528
,,grass,,54.397728705582665,18.594376642585466,123.04239711458678,86.12967798021074
,,grass,,54.39782867177093,18.5941995160826,124.19492951410206,86.93645065987144
,,grass,,54.39193864420104,18.606397072607237,931.3327935002791,651.9329554501953
,,grass,,54.39153053335855,18.606943731267386,434.18860937727305,303.93202656409113
,,grass,,54.39088064508128,18.6076485443077,1440.0595334855657,1008.0416734398959
,,grass,,54.39013345597436,18.608594836010443,417.05468558704786,291.9382799109335
,,grass,,54.390254237280274,18.608468408010648,188.37165852138827,131.86016096497178
,,grass,,54.390360478651644,18.608359731432795,46.40595656411969,32.48416959488378
,,grass,,54.38994466634778,18.608827620062023,436.9224147790166,305.8456903453116
,,grass,,54.389585385143256,18.609191290264135,496.9701395744132,347.8790977020892
,,grass,,54.38915029607963,18.609468936672343,119.61865664558135,83.73305965190694
,,grass,,54.3884571143983,18.609843237198124,360.32252616447107,252.22576831512973
,,grass,,54.38876942651743,18.609384694163765,117.14599440294259,82.00219608205981
,,grass,,54.38820599018539,18.609634814928587,6755.833777772461,4729.083644440722
,,grass,,54.38842832835179,18.60911547659278,359.604787337231,251.7233511360617
,,grass,,54.3880372477843,18.609464750292016,97.6620285465509,68.36341998258563
,,grass,,54.38760631536198,18.610394158128422,52.70901528500151,36.89631069950106
,,grass,,54.3876934687513,18.610490660599822,113.99533478185481,79.79673434729835
,,grass,,54.38746067535042,18.61051014213916,44.16954420628507,30.918680944399544
,,grass,,54.38741660439985,18.610318818381725,114.65831924268076,80.26082346987653
,,grass,,54.38725828652691,18.610644358222974,33.50390770695363,23.452735394867542
,,grass,,54.38721698404409,18.6104519804306,122.43479505699308,85.70435653989516
,,grass,,54.38619017104918,18.61137067051761,5871.7693940093395,4110.2385758065375
,,grass,,54.386162275482164,18.611643821779843,2027.2660209260664,1419.0862146482464
,,grass,,54.38527755683775,18.61234460364951,278.1124084497959,194.6786859148571
,,grass,,54.384427047359125,18.61336067410211,3812.413278792266,2668.689295154586
,,grass,,54.384577767111985,18.61331983906536,2167.1552986420584,1517.0087090494408
,,grass,,54.38500655369001,18.61310247912517,373.1106311938087,261.17744183566606
,,grass,,54.38392824316352,18.614442803912404,165.36519230884915,115.7556346161944
,,grass,,54.383314788490594,18.614870814685418,45.46097107477661,31.822679752343625
,,grass,,54.38324161066992,18.61476485497683,169.93698013120607,118.95588609184423
,,grass,,54.382897684932225,18.614758114474206,973.2096747467638,681.2467723227346
,,grass,,54.383026480372465,18.615680368171866,34.46768289774006,24.127378028418043
,,grass,,54.38333728427071,18.615647059495306,229.5126829975717,160.65887809830016
,,grass,,54.383454055944746,18.6157549932066,99.80326595309877,69.86228616716913
,,grass,,54.3835757257679,18.6158105951936,177.31631210350628,124.12141847245438
,,grass,,54.38378254445099,18.6156809915635,965.706487102222,675.9945409715554
,,grass,,54.383932975122995,18.61603340298219,294.4118560059476,206.0882992041633
,,grass,,54.38372547787473,18.615914935713747,166.61138563998054,116.62796994798637
,,grass,,54.38423143810557,18.61614612853564,252.0887998573608,176.46215990015256
,,grass,,54.38447503972844,18.615963947565987,1144.3728783428435,801.0610148399904
,,grass,,54.384526814461836,18.61619280859494,411.52859180903715,288.070014266326
,,grass,,54.38512802559265,18.616280640674898,982.8951766789771,688.026623675284
,,grass,,54.38518811675841,18.6160412534655,175.54117335392573,122.878821347748
,,grass,,54.385523431571784,18.61616361072775,17.787536083908094,12.451275258735665
,,grass,,54.38561007609535,18.616176656866624,44.44855881072056,31.11399116750439
,,grass,,54.38608693711258,18.61642174114442,885.0728147061432,619.5509702943002
,,grass,,54.38689682416166,18.61654116424041,996.3935136292918,697.4754595405042
,,grass,,54.3862852347508,18.616267704726386,61.35231374810635,42.946619623674444
,,grass,,54.38614639561506,18.61625397008361,35.75128314869586,25.025898204087103
,,grass,,54.3864363839042,18.61624537837028,79.38562180569133,55.56993526398393
,,grass,,54.38652430570504,18.616263237604212,120.45788629616752,84.32052040731726
,,grass,,54.38763523279457,18.61665036251876,698.6908795442866,489.0836156810006
,,grass,,54.3877935395889,18.616414449841088,541.1270460260919,378.7889322182643
,,grass,,54.38744052192831,18.616374626197207,530.941869139287,371.65930839750087
,,grass,,54.387026298319206,18.616316195742105,572.3459706224625,400.6421794357237
,,grass,,54.387545023596,18.610882506519992,53.211692331719725,37.2481846322038
,,grass,,54.38755590186378,18.61099004340124,38.36956472722741,26.858695309059186
,,grass,,54.38759929054623,18.611483786288503,498.3511799624465,348.8458259737125
,,grass,,54.38779261393138,18.61233987926,935.2989268282859,654.7092487798001
,,grass,,54.38801883157461,18.613500802405508,763.9253891821729,534.747772427521
,,grass,,54.38813890022042,18.61469090604698,838.1662493841478,586.7163745689035
,,grass,,54.388171390252914,18.615450683105745,193.4087207038259,135.38610449267813
,,grass,,54.38817127708038,18.615710663360336,32.50708366974901,22.754958568824303
,,grass,,54.388162354363175,18.61605528579916,100.190995115348,70.1336965807436
,,grass,,54.38815994216571,18.616281651628185,73.94674215888746,51.76271951122122
,,grass,,54.38819637413489,18.616446090045,95.9220046776519,67.14540327435633
,,grass,,54.38818266581552,18.61675665105105,45.04445969989836,31.53112178992885
,,grass,,54.38811845610235,18.61698952529086,48.22490759743603,33.75743531820522
,,grass,,54.38809360553725,18.617597311526776,396.38433780505324,277.46903646353724
,,grass,,54.388033930455364,18.61880289501334,989.4521647660087,692.616515336206
,,grass,,54.387970232075155,18.620204545419927,844.315368955398,591.0207582687785
,,grass,,54.38794120087985,18.621003153725507,71.28372668787898,49.898608681515285
,,grass,,54.387927407749174,18.62144841607872,72.63858250722103,50.84700775505472
,,grass,,54.38884186249283,18.616822901419745,1077.8214375514353,754.4750062860047
,,grass,,54.38875200060297,18.616583985219087,1046.5133485268298,732.5593439687808
,,grass,,54.38976705102762,18.61696112352688,297.7876652000566,208.45136564003963
,,grass,,54.390132421900816,18.617004892026447,123.41077200660851,86.38754040462595
,,grass,,54.390448804652785,18.617044297032656,103.56583257552073,72.4960828028645
,,grass,,54.390591533609665,18.616897464534645,98.22190674097,68.755334718679
,,grass,,54.39074311309242,18.616917315601402,4.242948164744112,2.970063715320878
,,grass,,54.390673860856715,18.61707428287596,36.91524506188405,25.840671543318834
,,grass,,54.391141313461006,18.617131120009745,750.0299286447251,525.0209500513075
,,grass,,54.390968988235855,18.61694322879864,136.91229778273137,95.83860844791195
,,grass,,54.38856432484582,18.60731873980161,1000.7336692722284,700.5135684905599
,,grass,,54.38853842265369,18.60831918241425,174.94491763844536,122.46144234691174
,,grass,,54.38832245138297,18.607565789109,83.19803500942898,58.23862450660028
,,grass,,54.388215392127485,18.60715216538083,119.88766266563924,83.92136386594747
,,grass,,54.38809351231855,18.606145905879018,144.43071913535334,101.10150339474734
,,grass,,54.3877292537568,18.604918174793283,115.57109335566476,80.89976534896533
,,grass,,54.387354867704666,18.603816579632642,1253.0349278217982,877.1244494752586
,,grass,,54.38651903903433,18.603168441818866,957.0418943824498,669.9293260677148
,,grass,,54.38688361177936,18.602423417549897,430.9724675688052,301.6807272981636
,,grass,,54.38672898866137,18.601265409379394,1835.1028691704778,1284.5720084193345
,,grass,,54.38694364639489,18.601705774658736,641.1423485782389,448.7996440047672
,,grass,,54.38687774087391,18.600644758567405,582.8596874380243,408.00178120661695
,,grass,,54.38591899811119,18.601520647554338,7581.141320148744,5306.7989241041205
,,grass,,54.38658766458425,18.60038541148305,1779.8927907379511,1245.9249535165657
,,grass,,54.386455732924084,18.60067197033725,175.5686507865883,122.8980555506118
,,grass,,54.3869319543485,18.59965117515557,1480.5001832793291,1036.3501282955303
,,grass,,54.38709475697464,18.598863312217123,407.51179233310916,285.25825463317636
,,grass,,54.387472826141575,18.59801436836073,1739.9933541879159,1217.9953479315411
,,grass,,54.38767432985921,18.59733931770954,1942.8620054922233,1360.0034038445563
,,grass,,54.38819905475231,18.596683435954372,1252.3583532573257,876.6508472801279
,,grass,,54.38870706413884,18.595827598097618,1483.300201369998,1038.3101409589985
,,grass,,54.38916921647065,18.595117915163893,765.8227955325574,536.0759568727901
,,grass,,54.38954150644154,18.594575831418844,160.396647567323,112.27765329712608
,,grass,,54.389644455344275,18.59440571277986,133.3691221870984,93.35838553096889
,,grass,,54.38980391588739,18.594166023531574,56.19213642952886,39.3344955006702
,,grass,,54.38992126394992,18.59420856696996,26.291443981422077,18.404010786995453
,,grass,,54.38972531586351,18.594276562294393,120.54432256087833,84.38102579261482
,,grass,,54.38969936066612,18.594246534766828,34.05916880438156,23.84141816306709
,,grass,,54.390039125537186,18.593857301313264,477.650854078173,334.35559785472105
,,grass,,54.39012658566615,18.59485002915209,437.91410109277854,306.53987076494496
,,grass,,54.39037287007145,18.596094719308436,3312.283003334463,2318.598102334124
,,grass,,54.39094717768771,18.596911404116057,232.10530164603406,162.47371115222384
,,grass,,54.39125670485668,18.597226820386354,545.3793831022164,381.7655681715514
,,grass,,54.39163423421638,18.597655611016343,108.89536280490626,76.22675396343438
,,grass,,54.39191067941812,18.597948147386308,125.55173079771282,87.88621155839897
,,grass,,54.391651866297,18.597578110931934,275.60509399213174,192.92356579449222
,,grass,,54.39193251370414,18.597878903859176,297.78176314512524,208.44723420158766
,,grass,,54.39224668137201,18.598155070696624,201.83827308135238,141.28679115694666
,,grass,,54.39252670841686,18.598596750195302,170.8825606729978,119.61779247109845
,,grass,,54.392508001936484,18.598489185887274,210.16982765768526,147.11887936037968
,,grass,,54.39279092060285,18.59882963780836,313.9628891987553,219.77402243912871
,,grass,,54.392947928877646,18.598965824090836,68.85629427150805,48.19940599005563
,,grass,,54.39298969655699,18.59891678237121,62.480913212313034,43.73663924861912
,,grass,,54.390657351477756,18.59637028588742,486.85188365254646,340.7963185567825
,,grass,,54.39051030846711,18.596110565259718,175.39371985832622,122.77560390082834
,,grass,,54.39038904704849,18.595787965677715,175.4539183817983,122.8177428672588
,,grass,,54.39025154176018,18.595113467845536,317.5791666774006,222.30541667418044
,,grass,,54.39017570966815,18.594644520074294,97.36320492447496,68.15424344713246
,,grass,,54.3901234515489,18.594336671873744,149.8753596741571,104.91275177190997
,,grass,,54.3900712789487,18.59404552125819,125.64805998640091,87.95364199048063
,,grass,,54.39335045450051,18.599403854231458,105.94013478037346,74.15809434626141
,,grass,,54.39341687803887,18.5994821346439,13.017223787754965,9.112056651428475
,,grass,,54.39354223340893,18.599655499999997,72.75167481916394,50.92617237341475
,,grass,,54.39346001505537,18.599414851740516,9.123921528150507,6.386745069705355
,,grass,,54.39357485977661,18.599226250450503,116.73083212192432,81.71158248534702
,,grass,,54.3934180985994,18.599287354721366,507.57130659035545,355.2999146132488
,,grass,,54.393521742440974,18.599194632264506,108.65129192439045,76.05590434707331
,,grass,,54.39326249778563,18.599060919482824,2503.2018958173417,1752.241327072139
,,grass,,54.39287732744221,18.600537064679827,874.8450414804905,612.3915290363433
,,grass,,54.39268264082684,18.600589659884193,1387.188339582935,971.0318377080545
,,grass,,54.39255182332482,18.600195513056388,1173.2819476811185,821.2973633767829
,,grass,,54.39211299786254,18.600222311734836,590.3239651109832,413.2267755776882
,,grass,,54.39199797332308,18.600564599880077,585.6764603245413,409.9735222271789
,,grass,,54.3921197843362,18.59977921205557,475.45640147741193,332.81948103418836
,,grass,,54.388678904685484,18.59555201761618,1006.7143534719984,704.7000474303989
,,grass,,54.38812738746255,18.595578870237734,442.20798336490293,309.545588355432
,,,wood,54.38807079369716,18.594918527366048,13987.1946995292,9791.03628967044
,,grass,,54.387846743362125,18.597540385079576,811.3687285850509,567.9581100095356
,,grass,,54.387383504733634,18.598324756161308,213.60903596880758,149.52632517816528
,,grass,,54.38724249329722,18.59863547795604,27.904432722819298,19.533102905973507
,,grass,,54.38715274520847,18.598894938177015,97.49059704585676,68.24341793209973
,,grass,,54.38699914224595,18.59960882483717,233.33743359034793,163.33620351324353
,,grass,,54.389770091394496,18.593899849236102,94.84688171554211,66.39281720087948
,,grass,,54.38996313007196,18.59356958748439,451.54449109628956,316.0811437674027
,,grass,,54.39012087781746,18.593351417455175,102.0922277194066,71.46455940358462
,,grass,,54.39025903512187,18.59315513589085,23.88162482703911,16.717137378927376
,,grass,,54.39066026242757,18.59251618629961,462.8991111095769,324.0293777767038
,,grass,,54.39104048133198,18.5919776422785,244.16062061497405,170.91243443048182
,,grass,,54.390960898330796,18.592055595946476,156.50145537832174,109.55101876482522
,,grass,,54.39108814496911,18.591710516659735,221.62588809775002,155.13812166842501
,,grass,,54.3912211079413,18.591490134707488,22.987337851265856,16.091136495886097
,,grass,,54.39119006667162,18.591433666666664,47.244070100961565,33.07084907067309
,,grass,,54.39126048848268,18.59134180053093,31.144007221812604,21.80080505526882
,,grass,,54.3911800534903,18.59130954694413,140.7651710670455,98.53561974693183
,,grass,,54.39105867690494,18.591236787795136,856.6262978010743,599.638408460752
,,grass,,54.39140072650597,18.590875115692867,186.3492982158096,130.4445087510667
,,grass,,54.3916168042497,18.5906997524897,784.9279389462403,549.4495572623681
,,grass,,54.391882580621285,18.590243580235175,425.61500471623737,297.9305033013661
,,grass,,54.39304981273175,18.588610449520477,5720.159801367607,4004.1118609573246
,,grass,,54.39464794220595,18.5870743738613,1612.5300107190087,1128.771007503306
,,grass,,54.3955701503587,18.58667464586833,896.0169371943846,627.2118560360692
,,grass,,54.39669183150672,18.588376511339366,42.54429675424481,29.781007727971367
,,grass,,54.39682097928419,18.588690092931504,332.02394037730613,232.41675826411426
,,grass,,54.3970020275985,18.589083433685964,536.9152551340572,375.84067859384004
,,grass,,54.39850791394465,18.592365976242082,213.1580979085573,149.2106685359901
,,grass,,54.398698040080134,18.592640663087238,734.1092440362645,513.8764708253851
,,grass,,54.398087413153874,18.591747400199793,3802.412847244608,2661.6889930712255
,,grass,,54.396602120996086,18.58819172356303,503.4082470080588,352.38577290564115
,,grass,,54.39649452263522,18.58803913259415,842.4979588064158,589.7485711644911
,,grass,,54.39503317983547,18.586636362417543,304.26648612795,212.98654028956497
,,grass,,54.39619862823879,18.603150164086884,486.74254514570663,340.7197816019946
,,grass,,54.39656702770091,18.603750235284938,1322.4317272270546,925.7022090589381
,,grass,,54.397106045371075,18.604372037717997,202.95533318295554,142.06873322806888
,,grass,,54.39728905891294,18.604518342559174,57.04786816807388,39.933507717651715
,,grass,,54.39750725595943,18.604789770270056,314.94892843204804,220.4642499024336
,,grass,,54.39807562036115,18.605424854590737,533.7963027680462,373.65741193763233
,,grass,,54.398616176128456,18.605993943825613,296.57056509237975,207.59939556466583
,,grass,,54.398936657692346,18.606332159012755,203.01544792658387,142.1108135486087
,,grass,,54.39942995656021,18.606839366470854,305.66426220889286,213.964983546225
,,grass,,54.399696426378945,18.607097693458446,67.06400504317055,46.94480353021938
,,grass,,54.39973394360131,18.606762213288278,475.38351682010693,332.7684617740748
,,grass,,54.40006856810214,18.60755316372501,623.6657412541399,436.56601887789793
,,grass,,54.39938232024108,18.60752894282896,452.6897862684219,316.8828503878953
,,grass,,54.399354840467325,18.6077804895397,743.3256470133385,520.327952909337
,,grass,,54.39923411244296,18.607425168851886,430.7903403319221,301.55323823234545
,,grass,,54.39916053863274,18.60727101594811,459.7911855504493,321.8538298853145
,,grass,,54.39958261829271,18.60791059278237,673.3764197045762,471.3634937932033
,,grass,,54.39661854987609,18.604525376329462,88.79821655038694,62.158751585270856
,,grass,,54.39685479358428,18.604773605761856,166.67157774468149,116.67010442127703
,,grass,,54.39707132671058,18.60500050517603,91.82922050297447,64.28045435208212
,,grass,,54.40138913874693,18.60906109602092,271.95274169154294,190.36691918408005
,,grass,,54.407353345694226,18.615147003874824,241.25226534080625,168.87658573856436
,,grass,,54.407046038481255,18.616363976700313,4917.716575648007,3442.4016029536047
,,grass,,54.407726053824014,18.616943205396748,589.2872225113309,412.5010557579316
,,grass,,54.40743913248732,18.617189431240707,401.7778615450764,281.2445030815535
,,grass,,54.407664345190994,18.616547284231167,266.425469272152,186.49782849050638
,,grass,,54.40727745378053,18.617085284838616,297.801399386394,208.46097957047579
,,grass,,54.407117856345415,18.616965988781327,258.987748126965,181.2914236888755
,,grass,,54.40757720205196,18.616259693737437,294.3769268224195,206.06384877569363
,,grass,,54.40788844230278,18.616079566000217,22.86903520682248,16.008324644775737
,,grass,,54.40787820588422,18.615934623736226,133.49029806799044,93.4432086475933
,,grass,,54.40804962061403,18.61605494554722,302.1041775133885,211.47292425937192
,,grass,,54.40774009442102,18.615817063810226,220.9860739938795,154.69025179571565
,,grass,,54.39640921445568,18.62210202935061,68.73307572647603,48.11315300853322
,,grass,,54.37616038712614,18.62374252409892,114.27783773331859,79.994486413323
,,grass,,54.37618371411962,18.62392825196584,93.81979706552956,65.67385794587068
,,grass,,54.37620991237373,18.623982589130307,60.86620659601347,42.60634461720942
,,grass,,54.376134204014114,18.623606862453695,124.0690915287713,86.84836407013991
,,grass,,54.37608279214356,18.623446822020096,137.799873250241,96.4599112751687
,,grass,,54.3761551242338,18.62317854174313,72.57135311390269,50.79994717973188
,,grass,,54.376195159722165,18.623205857255883,20.783210263799006,14.548247184659303
,,grass,,54.37625048420235,18.622980650878592,339.52771474245793,237.66940031972052
,,grass,,54.37605748057926,18.624034431188463,22.52451005541108,15.767157038787756
,,grass,,54.37485432014573,18.62373032233407,439.36785990938586,307.5575019365701
,,grass,,54.374412969464046,18.624115610203763,36.84711882010163,25.79298317407114
,,grass,,54.37416620334481,18.624360799683455,85.62290781565409,59.936035470957854
,,grass,,54.37343037164663,18.62531397625395,327.86473887136657,229.5053172099566
,,grass,,54.372952139528564,18.625164580137263,49.348823252707795,34.544176276895456
,,grass,,54.3726929944003,18.624771618920366,64.8708470810833,45.4095929567583
,,grass,,54.37195872560613,18.625607183257653,510.923312168492,357.64631851794434
,,,grassland,54.439977510558826,18.455789525700652,9013.057142890208,6309.140000023145
,,grass,,54.395267640064844,18.602202024749516,124.61505240165793,87.23053668116054
Zieleniec Parterowa,park,,,54.43382259668929,18.46345374504963,8867.231898393307,8867.231898393307
,,grass,,54.395361698027074,18.601261335146535,2566.6032118254298,1796.6222482778007
,,grass,,54.395227454054094,18.60137086195061,429.07553570248206,300.3528749917374
,,grass,,54.39519247392289,18.601926009048235,777.2690951527776,544.0883666069443
,,,wood,54.33179029900321,18.61949164119602,12278.36581525803,8594.85607068062
,,,wood,54.321622455455795,18.629901230781453,3867.1745319000947,2707.022172330066
,,,grassland,54.313677481273956,18.607910128024972,366434.3794434059,256504.0656103841
,,greenfield,grassland,54.393366885399416,18.466343248344252,3529.146636421569,2470.402645495098
,,,grassland,54.38551716340574,18.458225388340445,297539.39145799365,208277.57402059555
,,grass,,54.38342046784991,18.462920496689648,111.80243674345797,78.26170572042058
,,,grassland,54.380349476866336,18.446376670392066,1399.675658082631,979.7729606578415
,,,grassland,54.400615933428746,18.479830833333327,2776.881268375176,1943.8168878626232
,,,grassland,54.40040515068192,18.4780627998954,3353.291051294397,2347.3037359060777
,,,grassland,54.40089907681214,18.47720519690556,1432.553318217425,1002.7873227521974
,,,grassland,54.34572688461523,18.580872516371233,1116.0774651620297,781.2542256134208
,,grass,,54.385626665527084,18.62041624937428,365.44304191176326,255.81012933823428
,,greenfield,grassland,54.3858926205412,18.620700563807706,1629.3900174758298,1140.5730122330808
,,,grassland,54.395605562945406,18.64002575903101,27243.237692783,19070.2663849481
,,,grassland,54.39638525090433,18.638995511265588,585.463431978819,409.8244023851733
,,,grassland,54.3991610486655,18.64379171837799,36459.245266459286,25521.471686521498
,,,grassland,54.39828028627064,18.648421092049567,7945.875220872497,5562.112654610748
,,grass,,54.397652692014795,18.667256623516852,322.17679711579285,225.52375798105498
,,,wood,54.394352414786034,18.67188789291734,3442.902221965218,2410.0315553756523
,,grass,,54.396317233477596,18.67330876666667,753.5178118048053,527.4624682633637
,,grass,,54.39598504938599,18.67305699888717,4604.288605061745,3223.0020235432216
,,grass,,54.39577502642034,18.67349461198158,502.70808705807286,351.895660940651
,,grass,,54.395590926837215,18.673367940514,560.0576357730002,392.0403450411001
,,grass,,54.395632578154405,18.674441635455985,6232.7774855467715,4362.94423988274
,,grass,,54.389164008413886,18.654083508153963,799.4886579049389,559.6420605334572
,,,wood,54.38916785812732,18.653657309766896,4697.422817582751,3288.195972307926
,,grass,,54.39739197402924,18.605350842048946,598.145524831466,418.7018673820262
,,grass,,54.39765994464998,18.605747153994283,777.9253562794778,544.5477493956345
,,,wood,54.323070015336,18.649321945104017,9641.885519221807,6749.319863455265
,,,wood,54.32294451721062,18.647235315063597,13630.20224004535,9541.141568031744
,,,grassland,54.32261545191788,18.64687601202099,23558.426900457824,16490.898830320475
,,,grassland,54.323819236406734,18.63953980100982,968.0108317515725,677.6075822261007
,,,wood,54.323752806258454,18.638935805038013,21082.997337347453,14758.098136143217
,,,wood,54.35025134268091,18.705556799195705,4271.771024206944,2990.239716944861
,,,wood,54.33599358686642,18.663281006890024,2393.120674570321,1675.1844721992247
,,grass,,54.34272457116024,18.84074136763927,292.3210926172674,204.62476483208718
,,grass,,54.34274843947405,18.84111375568011,119.97019777061892,83.97913843943324
,,greenfield,grassland,54.34250490759435,18.841182467298697,3117.549513778745,2182.2846596451213
,,grass,,54.34786357932596,18.615709777570483,623.937219575429,436.7560537028003
,,,grassland,54.35405844179475,18.53050792353183,1327.7737179486685,929.4416025640679
,,,grassland,54.35355152939406,18.532778385967323,7927.05633580754,5548.939435065277
,,,grassland,54.34880726903396,18.538330143058584,339.0750490605459,237.3525343423821
,,,grassland,54.351084323495876,18.540018026394268,2533.647526644323,1773.553268651026
,,greenfield,grassland,54.41253412010972,18.54693975635733,3189.921874808171,2232.9453123657195
,,,wood,54.44146501107457,18.45657217717076,1237.8235130804856,866.4764591563398
,,,wood,54.34555861208464,18.83066263181671,19517.589088313594,13662.312361819515
,garden,,,54.30236860907737,18.61313568029219,390.64112280989025,312.51289824791223
,,,wood,54.33732640708556,18.632978046529047,1797.375175414289,1258.1626227900022
,garden,,,54.34209574117106,18.66292755506637,651.1794063455708,520.9435250764567
,,grass,,54.33972630409578,18.657053979789044,4346.516629356197,3042.561640549338
,,,grassland,54.40228167810757,18.66399860653597,1366.0011625003815,956.200813750267
,,grass,,54.40259522954649,18.66453771598237,2041.0025347818987,1428.701774347329
,,grass,,54.38064674948834,18.622127743282686,47.79440699313843,33.4560848951969
,,grass,,54.38057065617681,18.624850993557484,172.8198365489369,120.97388558425583
,,grass,,54.380559028606534,18.625106559783035,79.97109117173423,55.97976382021396
,,grass,,54.3805056002375,18.62596581776064,99.18662186801696,69.43063530761187
,,grass,,54.386978217686035,18.650034830868513,171.794632407067,120.2562426849469
,,grass,,54.38710336736611,18.650198556969347,39.85902000675244,27.901314004726704
,,grass,,54.38408892854435,18.640299674937065,116.32140498609716,81.424983490268
,,grass,,54.38424214294564,18.640003567709584,162.99623673430946,114.09736571401662
,,grass,,54.38474340899793,18.63916708216352,928.1028593817792,649.6720015672454
,,grass,,54.38531194775804,18.638408013111935,216.988526288075,151.8919684016525
,,grass,,54.375042285189565,18.614976240569096,587.2089167565315,411.04624172957205
,,grass,,54.37521630199913,18.614701397736646,611.0462439211453,427.7323707448017
,,grass,,54.374671275495075,18.61513438274998,320.3133337573482,224.2193336301437
,,grass,,54.37526656939984,18.61383708099389,146.89157220530703,102.82410054371492
,,grass,,54.3735847591155,18.61485698037458,530.2982449906422,371.2087714934495
,,grass,,54.373455584194026,18.615163255905948,303.91799606876276,212.74259724813393
,,grass,,54.37323215394397,18.615631862728286,456.14404526191447,319.3008316833401
,,grass,,54.37259223845532,18.618139927491082,491.65166597520187,344.1561661826413
,,grass,,54.37255107152261,18.619320530178058,86.42430693381317,60.497014853669214
,,grass,,54.37283917833547,18.619610117745765,133.9523887205827,93.76667210440787
,,,wood,54.31444650458834,18.597470253894713,1646.5796819106308,1152.6057773374414
,,greenfield,grassland,54.347194487503536,18.56759958145613,6919.768874454573,4843.838212118201
,dog_park,grass,,54.40311378935667,18.63102225037015,599.7555083548772,419.828855848414
,,grass,,54.33268994846864,18.635146935020856,220.85132332923402,154.5959263304638
,,grass,,54.33272015879834,18.635039205547645,142.04386501243388,99.43070550870371
,,grass,,54.33255031626573,18.634944588528374,103.73312534968552,72.61318774477986
,,grass,,54.332490514150315,18.635066870937905,321.41352475074393,224.98946732552074
,,grass,,54.3320895811894,18.63645683521676,1412.9680077331434,989.0776054132003
,,grass,,54.33321740402913,18.636126068317576,2318.1561283293117,1622.7092898305182
,,grass,,54.33354997672002,18.635766450819453,179.51327398804838,125.65929179163386
,,grass,,54.33327260738037,18.635418465076572,1458.3390428652601,1020.837330005682
,,,wood,54.34804692241484,18.61136640620422,2059.6427447740366,1441.7499213418255
,,,grassland,54.34804321113665,18.613960982786455,852.0356897225647,596.4249828057953
,,grass,,54.34787378262634,18.615502459340185,685.1015608715844,479.5710926101091
,,,wood,54.34816986177045,18.613831230131673,1348.4008222436012,943.8805755705207
,,grass,,54.33174968217192,18.634593952076138,354.63559047649494,248.24491333354644
,,grass,,54.33202833881414,18.635684228646856,1747.2093356613323,1223.0465349629326
,,grass,,54.41421520791668,18.481888365989064,3517.0759119068475,2461.953138334793
,,grass,,54.42193560524972,18.485738904209555,293.782657127996,205.64785998959718
,,grass,,54.42193974327154,18.4851796233792,181.02833080737364,126.71983156516154
,,,wood,54.36995154370551,18.697880348590594,20853.383369750256,14597.368358825179
,,greenfield,wood,54.41055720497315,18.58102588214403,1494.8606919914241,1046.402484393997
,,grass,,54.40682505758109,18.584161203649582,345.6476787990423,241.9533751593296
,,grass,,54.32184952168056,18.56051181055303,422.50670903706356,295.75469632594445
,,,wood,54.42690299745219,18.483831396319456,93.5012303701435,65.45086125910045
,,grass,,54.422314000010886,18.46221790000048,61.71581505377728,43.20107053764409
,,grass,,54.42234770001309,18.462621799994086,77.1701783370954,54.01912483596677
,,grass,,54.422286400002875,18.46273934999893,19.369512418294995,13.558658692806496
,,grass,,54.42261954395884,18.462546864354497,50.46007734047715,35.322054138334
,,grass,,54.4226912500053,18.46263330000076,24.857502480699342,17.400251736489537
,,grass,,54.42257801622569,18.462174498365957,20.532809016023013,14.372966311216107
,,grass,,54.422635918283554,18.462046666558994,66.40099204284145,46.480694429989015
,,grass,,54.42228660905935,18.462428179524935,351.3787113605433,245.96509795238032
,,grass,,54.42247571510071,18.462685316322993,572.1381603322111,400.49671223254774
,,grass,,54.4226509069067,18.462368680269215,303.8949971567664,212.72649800973647
,,grass,,54.41172211947129,18.48824483666676,606.9211529312845,424.8448070518991
,,grass,,54.41172923657454,18.488775280740708,95.41935678977995,66.79354975284596
,,,wood,54.341699079992296,18.601932938311183,1935.0922154208915,1354.564550794624
,,,wood,54.35045133234849,18.60322398811692,39878.41452852488,27914.890169967417
,,,grassland,54.35045199376939,18.603691427630096,4566.454873360881,3196.5184113526166
,,,wood,54.348750137215944,18.60404153796163,66313.5459589452,46419.48217126163
,,,wood,54.346280060033585,18.604909581171594,1460.895858598723,1022.627101019106
,,greenfield,grassland,54.34765213871418,18.606486061872246,296.7749240304357,207.742446821305
,,greenfield,grassland,54.34716597126431,18.606439258961327,1167.39761160424,817.178328122968
,,,wood,54.34671516469694,18.60660487162631,19473.549640985497,13631.484748689847
,,,wood,54.345906270413195,18.604741142407597,6069.9521976673705,4248.966538367159
,,,grassland,54.34571238905549,18.604087067033614,2524.7554026744765,1767.3287818721335
,,,grassland,54.345238220928955,18.603856733050147,3286.523962727446,2300.566773909212
,,greenfield,wood,54.344420553530504,18.603225860541762,1617.49931510711,1132.249520574977
,,greenfield,wood,54.34479242187792,18.60333866971902,1025.081951182202,717.5573658275413
,,greenfield,wood,54.3448497517706,18.604092109607134,4612.230928343113,3228.561649840179
,,,wood,54.34135463301889,18.602057184683556,1366.8038506207265,956.7626954345085
,,grass,,54.33878717445573,18.5073871995336,61.119512638126686,42.78365884668868
,,grass,,54.3389007035182,18.507709984690322,141.32495221946718,98.92746655362701
,,grass,,54.33893070677568,18.507411811077898,138.68880740661012,97.08216518462709
,,grass,,54.3247235771932,18.643350738711405,29.46224075980054,20.62356853186038
,,grass,,54.32469655472344,18.643758926984898,17.08062801002818,11.956439607019727
,,grass,,54.3771134481464,18.584426645063502,738.9913350444685,517.293934531128
,,,grassland,54.36986723166431,18.636909811526895,5211.446850444066,3648.012795310846
,,grass,,54.29150746822626,18.610764462903067,27955.830497986193,19569.081348590335
,,grass,,54.38097949629341,18.588217399748167,691.2569457918854,483.87986205431974
,,grass,,54.38082963734289,18.588128657547347,318.29939703886686,222.8095779272068
,,grass,,54.362047539623404,18.659937937475366,580.2484480041318,406.17391360289224
,,grass,,54.331670665244786,18.567102116649014,573.5513772509638,401.48596407567464
,,grass,,54.331610819762524,18.568040214963677,171.88432627174646,120.31902839022251
,,grass,,54.330236679612554,18.56359553130971,408.94567234559116,286.2619706419138
,garden,,,54.37996196613266,18.59123590470291,639.1571012020254,511.3256809616203
,,,wood,54.3797503062168,18.59121563227007,4894.04253567463,3425.829774972241
,,,wood,54.33440070691864,18.933012586774954,5448.307367166028,3813.815157016219
,,grass,,54.349055218135334,18.682305835640577,569.1226465130384,398.3858525591268
,,grass,,54.34901994851463,18.682984907309635,208.8652490025342,146.20567430177394
,,grass,,54.349197650000505,18.67890379999975,13.77372403897197,9.641606827280379
,,grass,,54.349140760625794,18.680452577347957,880.2960523830544,616.2072366681381
,,grass,,54.34923481555301,18.678321936786045,621.7496447931065,435.22475135517453
,,grass,,54.34925853297566,18.677207605245815,533.6124067230105,373.52868470610736
,,grass,,54.40445233586149,18.629086771223093,138.2377274151679,96.76640919061754
,,grass,,54.40431745003427,18.62905809999951,138.1200718921445,96.68405032450114
,,grass,,54.40418163586148,18.62903117122309,138.23681500416012,96.76577050291208
,,grass,,54.404498763374725,18.626463663011283,205.159118213587,143.61138274951088
,,grass,,54.404373281126674,18.626073503735185,567.1051910403319,396.9736337282323
,,grass,,54.404420882119965,18.625404205702363,361.15119898582833,252.8058392900798
,,grass,,54.404453710391024,18.624916118321632,377.05392025710125,263.9377441799709
,,grass,,54.404595413250426,18.62495258136527,620.9407030870605,434.6584921609423
,,grass,,54.40477187107518,18.62503494499023,561.4059323622644,392.98415265358506
,,grass,,54.40395023163963,18.651432324896064,365.1708478408412,255.6195934885888
,,grass,,54.4034142275139,18.65451828720137,111.88877483838323,78.32214238686825
,,grass,,54.403238537422276,18.65492242629364,199.25491724634094,139.47844207243864
,,grass,,54.402697096236906,18.65610868333244,938.7209334469744,657.104653412882
,,grass,,54.404006296224274,18.651635034471152,314.2051526981644,219.94360688871507
,,grass,,54.401099759903964,18.659790134090265,478.59810124948854,335.01867087464194
,,grass,,54.401640412629746,18.65830793659643,51.017566118275404,35.71229628279278
,,grass,,54.40170347052467,18.65818271478619,43.952722278920454,30.766905595244317
,,grass,,54.40173460714579,18.65803698939228,165.8997181140471,116.12980267983295
,,grass,,54.40026802060174,18.661702137046152,82.45814786538115,57.7207035057668
,,grass,,54.39898010922673,18.664322299350438,434.1670979596058,303.91696857172406
,,grass,,54.40500638209688,18.659280577787378,1398.901966594753,979.2313766163271
Tajemniczy Ogród,garden,,,54.38811554952012,18.579300751664825,886.9722579599393,709.5778063679514
,,grass,,54.42621465775942,18.474026733935773,968.7584068758885,678.1308848131218
,,greenfield,grassland,54.329781682172175,18.545268399632977,46097.357419368906,32268.15019355823
,garden,,,54.42948478025154,18.47758284967205,1094.7166901143296,875.7733520914637
,,grass,,54.389131919250865,18.648493716379008,43.50883521159915,30.4561846481194
,,grass,,54.388975102272404,18.64897424397789,77.36502567885779,54.15551797520045
,garden,,,54.429680606261165,18.476670427579247,42.449230686703515,33.95938454936282
,garden,,,54.429763207166836,18.476499849858207,87.75909798426082,70.20727838740866
,garden,,,54.429873607457,18.476274675162113,127.08474955082747,101.66779964066198
,garden,,,54.429982423710605,18.476043859535416,38.71604704453574,30.972837635628593
,garden,,,54.430356577170684,18.475291704599563,218.4074588315433,174.72596706523464
,garden,,,54.4306367848733,18.4747339904608,186.58482774344202,149.26786219475363
,garden,,,54.43150193534694,18.472959620020546,60.40283622676949,48.32226898141559
,garden,,,54.431658847453114,18.472640395067273,169.44048101528352,135.55238481222682
,garden,,,54.431782762808865,18.472386663545084,84.81706083559273,67.85364866847418
,garden,,,54.431890749118175,18.47216738929928,101.6815777075222,81.34526216601776
,garden,,,54.43200355148116,18.471928799857025,41.081658099754115,32.865326479803294
,garden,,,54.432500279818434,18.470925629031644,134.86533630053287,107.8922690404263
,garden,,,54.43265642255212,18.470608781391917,190.86731625177896,152.69385300142318
,garden,,,54.43281060314099,18.47029424127185,142.5634035797263,114.05072286378105
,garden,,,54.433268717699356,18.469359085709108,178.0564590883228,142.44516727065826
,garden,,,54.43341328665013,18.469065793023727,135.87463113807044,108.69970491045636
,garden,,,54.43368547448025,18.468512608344774,395.3363386617402,316.2690709293922
,garden,,,54.42819818674011,18.4756711074481,75.60097046082615,60.48077636866092
,park,,,54.39560086712321,18.59148713930462,9393.488551404173,9393.488551404173
,,,wood,54.35350415835701,18.608573385815774,8953.398060266645,6267.378642186652
,garden,,,54.410442657024845,18.63027964354308,90.07117362684812,72.0569389014785
,,grass,,54.410309351990676,18.603999389740306,20.994686717413288,14.6962807021893
,,grass,,54.41006966727179,18.604243198385582,106.53869523754622,74.57708666628236
,,grass,,54.410320904578114,18.604087175504514,72.51917817555021,50.76342472288514
,,grass,,54.41009024080145,18.604296474988995,291.0711244684916,203.7497871279441
,,grass,,54.409715656662385,18.60444922796333,56.08803726026014,39.26162608218209
,,grass,,54.409514056632894,18.60461401116925,374.6321897838149,262.2425328486704
,,grass,,54.409448204714614,18.60459523738042,25.76601160061386,18.036208120429702
,,grass,,54.40892236234006,18.604874852967438,3.501834852856458,2.4512843969995206
,,grass,,54.40873388418538,18.60499485093293,60.90767492308086,42.6353724461566
,,grass,,54.40823448773383,18.605285186279463,185.23285545106592,129.66299881574614
,,grass,,54.40823937714873,18.605338708309937,393.4408579321745,275.4086005525221
,,grass,,54.40779327693474,18.60559086167446,27.13753873384275,18.996277113689924
,,grass,,54.40719568982262,18.605739795747187,705.2484592612452,493.6739214828716
,,grass,,54.40474846157384,18.595135416053374,62.687448228413814,43.88121375988967
,,grass,,54.404696876438614,18.595173040871796,84.82920381035906,59.38044266725134
,,grass,,54.3579742506517,18.646441415225965,19.1226910859354,13.38588376015478
,,grass,,54.39897163333639,18.59356296666667,19.33157613082193,13.53210329157535
,,grass,,54.39949940000033,18.59416925000018,2.659646313221308,1.8617524192549155
,,grass,,54.39934386182499,18.593923463497447,45.06268520177505,31.54387964124253
,,grass,,54.39911845556039,18.593649412575843,22.217331585280704,15.552132109696492
,,grass,,54.39899863846805,18.593512074883474,4.953406725066426,3.467384707546498
,,grass,,54.35464696848417,18.78185103785451,1956.2878100025862,1369.4014670018103
,,grass,,54.29088127839742,18.636703853583665,530.3040057153457,371.212804000742
,,grass,,54.290398850430286,18.636743109032043,10.937765662295075,7.656435963606552
,,grass,,54.29049069669698,18.63672033675864,61.74177473271523,43.219242312900654
,,grass,,54.290661891539784,18.63673825375939,464.82837609429447,325.3798632660061
,,grass,,54.290793467666354,18.637080129282555,102.24824316351234,71.57377021445863
,,grass,,54.29047847569927,18.637327368821822,618.6709586145078,433.0696710301554
,,grass,,54.28251130347214,18.638822741554122,366.1496050873619,256.3047235611533
,,grass,,54.28290798640911,18.638854613333997,67.01108187370808,46.90775731159565
,,grass,,54.28314503243929,18.638890522958704,419.3589506188299,293.5512654331809
,,grass,,54.2831124367473,18.63866811178925,390.3543703662219,273.2480592563553
,,grass,,54.28290186989174,18.63862569345023,434.3291202929055,304.03038420503384
,,grass,,54.40545898294842,18.584505348614414,75.266111705069,52.68627819354829
,,,grassland,54.34263232553646,18.658661386026317,695.6266935538641,486.93868548770484
,,,grassland,54.342831807628805,18.659025307216655,1337.8193574385173,936.473550206962
,,grass,,54.35350709238304,18.657685987051686,33.228025134246586,23.25961759397261
,garden,,,54.3532155860648,18.65793043795591,118.52901951341788,94.82321561073431
,,grass,,54.352973584258685,18.657910650338735,596.1911781599742,417.33382471198195
,,grass,,54.329060314966526,18.588964714547238,9241.269819886851,6468.888873920795
,,,grassland,54.31870680939178,18.576359200115235,144.36627852169522,101.05639496518666
,,,wood,54.31881738255006,18.576284596540383,4871.323740335143,3409.9266182346
,,,wood,54.31860190715582,18.575648818248258,279.84088599634356,195.88862019744047
,,grass,,54.31848451680106,18.5769569321761,3032.804691426306,2122.963283998414
,,,wood,54.3184959481243,18.57492830400448,5041.597722711649,3529.1184058981544
,,,grassland,54.31839588036563,18.574383800658644,891.5860230634021,624.1102161443814
,,,wood,54.31851030840164,18.57357714933472,3288.254479868485,2301.778135907939
,,,grassland,54.318647747279854,18.57289982613402,4388.111167915586,3071.67781754091
,,,wood,54.339550595428456,18.576592490688732,1900.9183195674461,1330.6428236972122
,,,grassland,54.33597551679205,18.57873526792475,5548.291553351932,3883.804087346352
,,,grassland,54.33687363071104,18.577774642294912,2963.1840357974197,2074.2288250581937
,,grass,,54.429274728236514,18.477126818776608,434.9924540747996,304.4947178523597
,,grass,,54.38780352763437,18.686191723131625,16.448971054872793,11.514279738410954
,,grass,,54.34923278933594,18.6729015692947,95.01577244792502,66.5110407135475
,,grass,,54.349325851457834,18.67367017533976,237.0187731646406,165.9131412152484
,,grass,,54.34940912092012,18.67437037768245,42.2366893448179,29.565682541372524
,,grass,,54.349457555772545,18.674929052430507,248.05499984420067,173.63849989094047
,,grass,,54.3490423366498,18.678874174322548,48.37092457145274,33.859647200016916
,,grass,,54.349039705591615,18.678478150266187,78.57294043433714,55.00105830403599
,,grass,,54.3489001195325,18.692071706673996,28.290008571685565,19.803006000179895
,,grass,,54.348952313258465,18.692505458969137,179.05481328366946,125.33836929856861
,,grass,,54.34883316666737,18.684167566666662,20.403778851644052,14.282645196150835
,,grass,,54.34882273333349,18.684358866666667,14.016613148506128,9.811629203954288
,park,,wood,54.35619752067197,18.62893473577716,21380.260772840003,21380.260772840003
,,grass,,54.38930415000022,18.609358050000058,2.264415369705051,1.5850907587935357
,,grass,,54.406251211953055,18.579967846013314,222.49271217799642,155.7448985245975
,,grass,,54.40628307889239,18.579491956480272,156.1379542377611,109.29656796643278
,,grass,,54.40636270001468,18.579467533333332,60.18793953110512,42.131557671773585
,,grass,,54.40653852366426,18.57943315051241,67.76768767278772,47.4373813709514
,,grass,,54.40659808432122,18.579184178614554,443.9191730121841,310.7434211085289
,,grass,,54.40672937503843,18.578637441398225,589.4609036216837,412.6226325351785
,,grass,,54.40689015265726,18.57894130411254,20.992829228260856,14.694980459782599
,,grass,,54.40680911976564,18.578716315103485,129.25399094316762,90.47779366021733
,,grass,,54.40711141820005,18.57946471800066,119.32645353528262,83.52851747469784
,,grass,,54.406668892256185,18.580126431700297,46.129106628486426,32.290374639940495
,,grass,,54.40657166394367,18.580371499418398,113.6699864635824,79.56899052450768
,,grass,,54.406455255236196,18.57948255995167,182.42379361553498,127.69665553087448
,,grass,,54.40656100367328,18.57977712556348,134.10149155837877,93.87104409086513
,,grass,,54.4069062354683,18.579754900535843,1599.5766570524695,1119.7036599367286
,,grass,,54.406396014916545,18.57997127939668,379.99619142549307,265.99733399784515
,,grass,,54.39208586666737,18.657123666666667,2.207528964988241,1.5452702754917684
,,,grassland,54.30675315171899,18.599374397881537,6778.700632373339,4745.090442661337
,,grass,,54.406431582619284,18.577157884677938,493.2287998919786,345.260159924385
,,grass,,54.406419633367335,18.577436966666664,103.8853442306442,72.71974096145092
,,grass,,54.40634063916597,18.57829254220337,63.42091818376696,44.39464272863687
,,grass,,54.40635099394502,18.578123508646456,49.805481056579715,34.8638367396058
,,grass,,54.40645881808733,18.577962563812115,409.91704714446394,286.9419330011247
,,grass,,54.40635893399257,18.57792557625428,128.97971806967365,90.28580264877155
,,grass,,54.40677417326317,18.57776060889318,310.5354052540793,217.3747836778555
,,grass,,54.406658617409455,18.57782820704192,196.71957683649526,137.70370378554668
,,greenfield,grassland,54.41577327376855,18.480680115660103,12336.769597352519,8635.738718146762
,,,grassland,54.41668734141332,18.48051428067945,18122.2385359365,12685.566975155549
,,grass,,54.429261520332844,18.47764365377317,60.170212430250174,42.11914870117512
,,grass,,54.34741119607329,18.612467439696193,2077.914795342391,1454.5403567396734
,,grass,,54.40857580057943,18.58844085529438,154.36049976716515,108.0523498370156
,,grass,,54.350898640094385,18.791008952713337,380.19427066875187,266.1359894681263
,,greenfield,grassland,54.39289394120125,18.46828522378381,3561.9480367993074,2493.363625759515
,,greenfield,grassland,54.3933310469863,18.468066019659787,3168.274875550401,2217.7924128852806
,,,grassland,54.404933210420005,18.466484299460923,60743.395673055056,42520.37697113854
,,greenfield,grassland,54.39847931450659,18.47379238681774,5925.720278126557,4148.004194688589
,,,grassland,54.399599494263036,18.471949159753667,54492.3239920903,38144.626794463205
,,,grassland,54.40137740094707,18.471461569323733,29686.74677573956,20780.72274301769
,,greenfield,grassland,54.39739959346382,18.471836062554488,3437.575661365867,2406.3029629561065
,,grass,,54.40785413459309,18.466990137910162,5879.963188779764,4115.974232145834
,,,grassland,54.41862246154903,18.477715815648256,2381.0165382835994,1666.7115767985194
,,grass,,54.35473012893516,18.493426627823407,307.8366365048338,215.48564555338365
,,grass,,54.354527676970676,18.493416265338062,24.478148571189294,17.134703999832503
,,grass,,54.35447210837622,18.49317347864117,231.36369594197612,161.95458715938327
,,grass,,54.35441413299361,18.49298257152183,65.04749686516386,45.5332478056147
,,grass,,54.35471071085805,18.492799433121025,1770.6676833699394,1239.4673783589574
,,grass,,54.35473503441087,18.493066921093664,969.8363780353515,678.885464624746
,,grass,,54.3546019000087,18.493320949999987,68.25846675590397,47.78092672913277
,,grass,,54.35471035000867,18.493320599999986,68.13084921000608,47.69159444700425
,,grass,,54.354819395416534,18.493319199821343,66.76820521914377,46.737743653400635
,,grass,,54.35492789293563,18.493319200435366,64.03336845041464,44.823357915290245
,,grass,,54.35502348847062,18.49331011478069,26.36427468246978,18.454992277728845
,,grass,,54.355011778970095,18.493397547086794,372.7572936191084,260.93010553337587
,,grass,,54.3543501802607,18.489442883093364,299.22008909419907,209.45406236593934
,,grass,,54.35422858388997,18.490138580601084,304.64448330083997,213.25113831058798
,,,grassland,54.32395000776064,18.626049380327864,3384.2731530426636,2368.9912071298645
,,grass,,54.406939562540664,18.578553889253293,121.91487397015462,85.34041177910822
,,grass,,54.40696659530419,18.578722674060874,300.4190005911385,210.29330041379694
,,grass,,54.406912490158405,18.578687822807797,22.5591293643255,15.79139055502785
,,grass,,54.406855486074996,18.57860035288525,73.48340028371973,51.43838019860381
,,grass,,54.40683402252894,18.57850852684188,30.67082240742566,21.46957568519796
,,grass,,54.4067598395221,18.57890279407534,193.71183254797745,135.5982827835842
,,grass,,54.406858466667536,18.578910133333334,11.893800340856949,8.325660238599864
,,grass,,54.40670610401165,18.579350091926845,378.7891378069545,265.15239646486816
,,grass,,54.40662603738174,18.57945192277278,35.05630824239298,24.539415769675085
,,grass,,54.40659227087613,18.579473898237115,6.422238480279658,4.49556693619576
,,grass,,54.406583148411315,18.57956292468933,37.78482767904071,26.449379375328494
,,grass,,54.40684119643077,18.57951651438388,56.929792207848436,39.8508545454939
,,grass,,54.40728447299034,18.579435202408987,95.33109330915981,66.73176531641187
,,grass,,54.407381780699865,18.57942188158596,33.62989261629082,23.540924831403572
,,grass,,54.40746773810048,18.579393278015868,46.918002637080384,32.84260184595627
,,grass,,54.407041439885745,18.578883227515764,209.06867030368235,146.34806921257763
,,grass,,54.407156739101076,18.57873436570469,86.05798650295525,60.24059055206867
,,grass,,54.4071557808357,18.578577036440755,79.63054791674666,55.74138354172266
,,grass,,54.406896226669666,18.57844317196388,228.84556321579728,160.1918942510581
,,grass,,54.40675358109604,18.57817833767677,54.89348829963781,38.42544180974647
,,grass,,54.40703125577948,18.578034805868374,17.641650035484368,12.349155024839057
,,grass,,54.40716029774991,18.578245845225197,131.8910636270291,92.32374453892037
,,grass,,54.40695896900872,18.577623723860658,151.91059129158614,106.33741390411029
,,grass,,54.40704436666873,18.577638766666666,12.564000320803943,8.79480022456276
,,grass,,54.406768984639264,18.57687408488378,332.57635238790016,232.80344667153008
,,grass,,54.406840694150546,18.577094974817157,256.12183907092646,179.2852873496485
,,grass,,54.40703728512007,18.57659254409808,164.0370167511964,114.82591172583747
,,,wood,54.30579449974956,18.630686584608945,11302.862834755528,7912.003984328869
,,,grassland,54.344009420542044,18.65926148579888,1583.3160981995918,1108.3212687397142
,,,wood,54.36338716313084,18.586993058819427,10221.001744487357,7154.70122114115
,,grass,,54.406720664710306,18.579537597030154,29.57008873673865,20.699062115717055
,,grass,,54.40649308800862,18.57807384956762,28.88052135165485,20.216364946158393
,garden,,,54.37505103625415,18.62726638865088,1283.4565847492854,1026.7652677994283
,,grass,,54.37519979601723,18.6272655396941,560.4947373365134,392.34631613555933
,,grass,,54.375132624921214,18.626906498073772,98.20660008360977,68.74462005852683
,,grass,,54.37500485380488,18.626670522508753,2395.9088987665605,1677.1362291365922
,,grass,,54.37485287405401,18.62728485537599,211.81922322939238,148.27345626057465
,,grass,,54.37491905549455,18.6274233050822,521.0939539078165,364.7657677354715
,,grass,,54.374786822114444,18.628202271013397,16145.391370372763,11301.773959260934
,,grass,,54.37500247754236,18.627881853256408,1010.3994065850852,707.2795846095596
,,grass,,54.37505675710618,18.625823883470197,235.90529749178697,165.13370824425087
,,grass,,54.40697645984153,18.577036936895098,406.5636991439388,284.5945894007571
,,grass,,54.406570012349626,18.57877379639097,724.011266426239,506.8078864983673
,,grass,,54.40659984505775,18.58392715654569,219.7268659451465,153.80880616160255
,,grass,,54.406570941137325,18.58370977435653,209.37744743837828,146.5642132068648
,,grass,,54.40653623897001,18.583436305638045,80.90584909676055,56.63409436773238
,,grass,,54.40651504655135,18.583269103980882,218.5496564067415,152.98475948471904
,,grass,,54.40648745935008,18.583046797464554,228.18231000971207,159.72761700679843
,,grass,,54.40646411646626,18.58286650337141,117.00045237790184,81.90031666453127
,,grass,,54.40725912821316,18.576328721320284,877.2989646205207,614.1092752343644
,,grass,,54.40764684500853,18.58313261097161,429.56732284552737,300.69712599186914
,,grass,,54.40742608577303,18.582986556978735,172.71070681924812,120.89749477347367
,,grass,,54.407290325031134,18.58303260651581,181.48582835416414,127.0400798479149
,,grass,,54.40715483178087,18.58307701637906,180.97156982886122,126.68009888020285
,,grass,,54.40702049611837,18.58311985817838,178.81725358319912,125.17207750823937
,,grass,,54.40688437850533,18.583165292295128,181.7999913160213,127.2599939212149
,,grass,,54.40715038928875,18.582903230972295,3078.785945991783,2155.150162194248
,,grass,,54.40693197831843,18.583442750240103,2287.484685593813,1601.2392799156692
,,grass,,54.40688509301928,18.583810632735815,1750.178858423273,1225.125200896291
,garden,,,54.40602040009441,18.58319711349437,862.2750153299985,689.8200122639988
,garden,,,54.40618877612434,18.58325999865802,219.30500251139563,175.4440020091165
,garden,,,54.406139290291684,18.583163134634784,699.5852970097714,559.6682376078171
,garden,,,54.4064101029437,18.583884658185593,71.65169029564677,57.32135223651742
,,grass,,54.406402647475325,18.583778645624854,317.3630069092609,222.15410483648262
,garden,,,54.40637381607716,18.583485142320548,100.85951816364184,80.68761453091348
,garden,,,54.406362375990966,18.58336320152299,58.46473692656587,46.7717895412527
,garden,,,54.40635311834988,18.583290108165,68.79147232272948,55.033177858183585
,,grass,,54.40630740712404,18.5832447433498,1474.7889410187238,1032.3522587131065
,garden,,,54.43222160401783,18.471787458990576,1375.0326985614138,1100.026158849131
,,,wood,54.35869495703035,18.584701620109428,2054.127288150718,1437.8891017055025
,,grass,,54.429644105948896,18.47755880464786,297.54582753701794,208.28207927591254
,,grass,,54.429696370203736,18.476996462541273,276.66213877455544,193.6634971421888
,garden,,,54.429866804176115,18.476581145824955,354.98505468632413,283.98804374905933
,,grass,,54.429307262250504,18.477626183482233,198.90330878205958,139.2323161474417
,garden,,,54.42946953038651,18.477911825318667,154.75424896989648,123.80339917591719
,,grass,,54.42942649700661,18.4772769490815,241.22886000491556,168.8602020034409
,,grass,,54.33754551754141,18.57019129748675,137.76791466126792,96.43754026288754
,,grass,,54.337576994340125,18.57043951585209,105.63976426276598,73.94783498393618
,,grass,,54.337623444560236,18.57078756477314,123.328092261715,86.3296645832005
,,grass,,54.33763872587867,18.602022462230753,45.19396937365733,31.63577856156013
,,grass,,54.33771897198371,18.602134687084483,169.07153032218596,118.35007122553017
,,grass,,54.337919244186764,18.60245062300509,1857.2420892677803,1300.0694624874461
,,,grassland,54.337395681738776,18.75098065729156,1448.7153015800022,1014.1007111060015
,,,wood,54.33901754936956,18.754174039378746,14987.827709047997,10491.479396333598
,,grass,,54.34312194569369,18.4828913477206,814.0561425622323,569.8392997935625
,,,grassland,54.34395524382241,18.486364103162543,17815.31720589398,12470.722044125787
,,,grassland,54.34733787801581,18.78344401801891,110.67952887142201,77.4756702099954
,,,grassland,54.3474196453689,18.782641974884097,298.7342058763337,209.11394411343358
,,industrial,grassland,54.34257629767112,18.766093896806737,37454.968064505585,26218.477645153907
,,,grassland,54.34194909000733,18.767815609479605,17055.485694828956,11938.839986380268
,,,grassland,54.34499527908917,18.4878339596992,12239.021925477262,8567.315347834083
,,,wood,54.34526169904657,18.487817768679342,63383.349144622356,44368.34440123565
,,,grassland,54.350077681811236,18.478763242344154,1183.062203704466,828.1435425931261
,,meadow,,54.34046538393351,18.479533606780013,150005.2926486716,75002.6463243358
,,,wood,54.34500749744456,18.48108897798234,428.00610787789,299.60427551452295
,,,grassland,54.345453122163505,18.48415781876452,17633.08965999585,12343.162761997095
,,,grassland,54.34531963491211,18.485441942062096,42008.54368929563,29405.980582506938
,,,wood,54.344576905185164,18.48436455360698,68004.23259638072,47602.962817466505
,,,grassland,54.346142498370114,18.481024439210856,54478.02520795505,38134.617645568534
,,grass,,54.34756597735635,18.480754335238398,3672.4360380425705,2570.705226629799
,,greenfield,grassland,54.34934277466421,18.483429890632614,15256.291226490674,10679.40385854347
,,greenfield,grassland,54.349831835382645,18.481697487481707,6959.353197805445,4871.5472384638115
,,grass,,54.348989085838504,18.479827565921827,768.6725542309291,538.0707879616504
,,greenfield,grassland,54.34882983253653,18.480224415582196,8432.812817395154,5902.968972176607
,,greenfield,grassland,54.347861514158765,18.481627226037155,2196.058023389598,1537.2406163727185
,,,grassland,54.34806222741742,18.479327411219526,777.8830150217971,544.518110515258
,,,grassland,54.34818204848612,18.481520098957475,9547.361722686552,6683.153205880586
,,greenfield,grassland,54.34473253473011,18.476557072294856,2887.615792141926,2021.3310544993478
,,,grassland,54.3443317218908,18.470992708197258,6409.922856618148,4486.945999632703
,,,grassland,54.3437785122454,18.472704005125028,1584.267558551989,1108.9872909863923
,,,wood,54.34393332707256,18.46813379025789,21436.53548647694,15005.574840533856
,,,grassland,54.340907876484415,18.475207596210247,1126.2665676527301,788.386597356911
,,grass,,54.35259115695575,18.467735409399296,10554.710804252598,7388.297562976818
,,greenfield,grassland,54.35218033891273,18.467228248145748,18492.876144762886,12945.01330133402
,,greenfield,grassland,54.35272759110993,18.465655605074268,6659.6397874499435,4661.74785121496
,,greenfield,grassland,54.35351909639219,18.465403471843462,3443.1529496133808,2410.2070647293663
,,greenfield,grassland,54.35344283820181,18.466349682358448,5906.2325489407,4134.36278425849
,,greenfield,wood,54.35304438544941,18.467067630881136,11796.214344323887,8257.35004102672
,,greenfield,wood,54.35371212291735,18.46792644002366,2877.6222835193703,2014.335598463559
,,greenfield,grassland,54.354065476059304,18.466795993963427,3494.9566381567515,2446.469646709726
,,,wood,54.35593912156815,18.47786934537854,11925.992086973727,8348.194460881608
,,,wood,54.3532200970124,18.471126675185086,185.7117050351288,129.99819352459016
,,greenfield,grassland,54.35291700218994,18.464555992814397,33558.54692548554,23490.982847839878
,,greenfield,grassland,54.351697444243584,18.46430153260829,8880.532303116932,6216.372612181852
,,greenfield,grassland,54.35177108235285,18.46614394068425,13062.746852375276,9143.922796662693
,,grass,,54.35777807416356,18.485253894695326,1714.7365505296038,1200.3155853707226
,,grass,,54.355672520322926,18.483397733236078,4271.396279698009,2989.977395788606
,,grass,,54.42867864947271,18.476723113102953,2650.4574617040507,1855.3202231928353
,,grass,,54.42773519917532,18.47570727869576,442.5458218162042,309.78207527134293
,,grass,,54.42761457306854,18.475696780970303,873.9526405173717,611.7668483621602
,,grass,,54.426731738094794,18.474591061433408,952.460475278852,666.7223326951963
,,,grassland,54.36298470034309,18.455827499999998,245.05378870676873,171.5376520947381
,,meadow,,54.35955573527704,18.44719867253769,17087.536478161157,8543.768239080578
,,greenfield,grassland,54.36004421085624,18.4497777785565,4583.2076853192,3208.24537972344
,,,grassland,54.356453280439965,18.452109815422357,4043.526496902042,2830.468547831429
,,greenfield,grassland,54.35588904077212,18.45174102986895,8906.282370284349,6234.397659199044
,,greenfield,grassland,54.3559960563511,18.448623324947675,8361.20595136796,5852.844165957571
,,greenfield,grassland,54.35631506448005,18.447997292009564,3995.5181009935814,2796.862670695507
,,greenfield,grassland,54.35844784325435,18.457176326254338,3518.3127280722833,2462.818909650598
,,greenfield,grassland,54.358768734377115,18.457732485502003,3260.2473202374745,2282.173124166232
,,greenfield,grassland,54.35822912570479,18.455613117265177,6428.102775853002,4499.671943097101
,,greenfield,grassland,54.35935600374746,18.452002976952222,2884.2228586889732,2018.956001082281
,,greenfield,grassland,54.35967423753363,18.45495658669437,8838.1489708627,6186.7042796038895
,,greenfield,grassland,54.3592199433398,18.454374153566867,8519.016004497413,5963.311203148189
,,greenfield,grassland,54.35715166105795,18.450659176232236,3934.4784531566024,2754.1349172096216
,,,grassland,54.35663615271422,18.449019545206774,131.6761813532009,92.17332694724061
,,,grassland,54.35621067731067,18.449978749409198,762.1536943800926,533.5075860660647
,,,grassland,54.356337736823825,18.448993233619266,1619.0139190704037,1133.3097433492826
,,,wood,54.356360577684384,18.449500394204097,7959.409204503744,5571.586443152621
,,,grassland,54.35682250532244,18.455168173863495,14716.82526102934,10301.777682720538
,,,wood,54.356177490772204,18.454289515687037,9346.908647493206,6542.836053245244
,,,grassland,54.356165201903444,18.44719557358467,1807.3162847689825,1265.1213993382878
,,,wood,54.35672929766221,18.447542571290867,24530.398085573368,17171.278659901356
,,greenfield,grassland,54.35772916904913,18.461320541451112,2811.1801337839693,1967.8260936487784
,,,wood,54.35772290685629,18.460293545097407,1104.6566557788403,773.2596590451882
,,greenfield,grassland,54.35747115411699,18.460576106372518,3462.9782653841607,2424.0847857689123
,,greenfield,grassland,54.35713988035234,18.46138113382668,7441.063699157783,5208.744589410448
,,,grassland,54.357855071943256,18.460202866664304,2344.4337200699238,1641.1036040489466
,,greenfield,grassland,54.35752305173874,18.45910467325391,2932.005417580473,2052.403792306331
,,,wood,54.36222957642087,18.45082992162092,12201.868166084576,8541.307716259204
,garden,,,54.38905546659568,18.608151717168216,90.08761166918018,72.07008933534415
,,,wood,54.318755224286754,18.583998191181514,964.6214963263686,675.235047428458
,,grass,,54.31769976077161,18.631673994025192,121.11279742596759,84.7789581981773
,,,grassland,54.3193312327034,18.632487309149692,1228.317863050915,859.8225041356405
,,,wood,54.31953605858098,18.63248981258581,1986.2721009939191,1390.3904706957433
,,greenfield,wood,54.436078515029486,18.44999649680294,3723.0127018352327,2606.1088912846626
,,,grassland,54.43701601768433,18.444930199336522,362.5857722695279,253.81004058866952
,,,wood,54.43687818411163,18.444661919346018,4328.841128454562,3030.188789918193
,,,grassland,54.437162132397056,18.444485743300532,3133.973114088022,2193.7811798616153
,,,wood,54.43847807132458,18.44024058650434,48597.1954324423,34018.036802709605
,,,wood,54.438418936811836,18.442350679571096,1290.898558243553,903.628990770487
,,,wood,54.43851998884111,18.44343355744394,994.9045347441595,696.4331743209116
,,,grassland,54.43861547041777,18.44300658616464,10190.101662733145,7133.0711639132005
,,,grassland,54.44653236858574,18.45598514650054,3126.497721157448,2188.5484048102135
,,greenfield,grassland,54.44716749109802,18.454484460260353,8856.628756878794,6199.640129815155
,,,grassland,54.44227182538816,18.45800048537033,39010.739513856955,27307.517659699868
,,greenfield,grassland,54.44480927807569,18.453561629625707,2250.0783560414043,1575.054849228983
,,,grassland,54.352300119440265,18.542663526152268,871.7425693083305,610.2197985158314
,,,grassland,54.35139073252799,18.548991759586,1419.9843364335097,993.9890355034568
,,,grassland,54.37417636049841,18.563248270295965,10226.83028649016,7158.7812005431115
,,,wood,54.37557670497152,18.561828557434577,504.4313440547627,353.10194083833386
,,,wood,54.37559046501123,18.56236454220755,514.8874351853333,360.42120462973327
,,grass,,54.42612004698473,18.473370427658843,1083.726014409015,758.6082100863105
,garden,,,54.426148349845334,18.47347897944326,465.6269135914067,372.5015308731254
,garden,,,54.42652258095928,18.473917272030846,262.2300246163277,209.78401969306216
,,grass,,54.426520960004964,18.47375820646785,786.9643928674714,550.87507500723
,,grass,,54.42668094392113,18.474130992594375,337.53511837826056,236.2745828647824
,garden,,,54.427264742428015,18.474961944650623,191.2544764955913,153.00358119647305
,garden,,,54.427031803689964,18.474342007388213,2626.9385296033606,2101.5508236826886
,garden,,,54.42725175520228,18.47478492701651,286.79479060336416,229.43583248269135
,garden,,,54.427495433134794,18.47482333650358,1456.8223037257915,1165.4578429806331
,garden,,,54.42774884573804,18.475270998658694,214.25528466578348,171.4042277326268
,garden,,,54.42783591006345,18.47515412969321,737.5705383891776,590.0564307113422
,garden,,,54.42866055383109,18.476144318333336,293.76653318159157,235.01322654527326
,,grass,,54.33853556363936,18.558109883330943,357.15022636021826,250.00515845215276
,garden,,,54.33837316207643,18.557886380675843,100.5615639739851,80.44925117918808
,garden,,,54.339071526229056,18.555090590767367,168.48787107249478,134.79029685799583
,garden,,,54.341202987308094,18.55523331679949,1180.7315834481387,944.585266758511
,,grass,,54.340303998818605,18.556968598916423,2959.3981682607487,2071.578717782524
,,greenfield,grassland,54.340350879604365,18.55642842850776,5770.094762478742,4039.0663337351193
,,,grassland,54.30453483040751,18.60532555851287,3840.07194242511,2688.050359697577
,,greenfield,grassland,54.304053088973674,18.606511480775346,2728.9606134426863,1910.2724294098803
,,grass,,54.30322141044073,18.606909042217893,2277.594331954794,1594.3160323683558
,garden,,,54.32368235761796,18.6046412476044,1831.8251866575451,1465.4601493260361
,,grass,,54.33267424695137,18.59610694377007,282.2765489219725,197.59358424538075
,,grass,,54.33254019139028,18.59613159768743,40.25668057088061,28.179676399616426
,,grass,,54.331785041499025,18.596238942353967,913.8265004154865,639.6785502908406
,,grass,,54.332182776558895,18.596151091402007,339.54481732716835,237.68137212901783
,,grass,,54.332019018685244,18.596153038289906,291.0927721709493,203.7649405196645
,garden,,,54.33271446095915,18.595624167978485,923.1217031991275,738.497362559302
,,,grassland,54.3395281196091,18.546574823855767,2793.5446772615496,1955.4812740830846
,,grass,,54.36344633151824,18.71456263816534,886.1592418111802,620.311469267826
,,grass,,54.42951605704379,18.478162425113403,902.2057248469494,631.5440073928645
,,,wood,54.38427044469204,18.65839694410659,16957.34878251098,11870.144147757686
,,grass,,54.40470244181946,18.647127624142527,403.6407049301237,282.5484934510866
,,,wood,54.38627097415898,18.67617566284001,69888.0993643568,48921.66955504976
,,grass,,54.377394400010594,18.580032666666668,13.516378887112843,9.46146522097899
,,grass,,54.3775490423589,18.580009132073005,145.64906682547124,101.95434677782985
,,grass,,54.37775854109532,18.579960934814764,102.63196065747314,71.84237246023119
,,grass,,54.376869353446494,18.580380041155756,85.23059457089383,59.66141619962568
,,grass,,54.3676779399548,18.57135237874116,258.29249932991684,180.80474953094176
,,grass,,54.36729728138831,18.571438947423136,44.838059394694916,31.38664157628644
,,grass,,54.36741520123313,18.571425549836885,58.08118021217382,40.656826148521674
,,grass,,54.36752038815831,18.571324584628798,191.7978183903686,134.25847287325803
,,grass,,54.367433349087754,18.571161629733876,161.15712759182446,112.80998931427712
,,grass,,54.3011058689499,18.607253841823074,144.16704096214067,100.91692867349846
,,grass,,54.30107852520547,18.60707065543731,215.381308621114,150.76691603477977
,,grass,,54.30114445443309,18.60753177177938,185.75994678356867,130.03196274849805
,,grass,,54.3009176016523,18.6073242525477,223.41879840703086,156.3931588849216
,,grass,,54.3011146033583,18.60682188073054,364.11176094478344,254.8782326613484
,,grass,,54.30072937478271,18.606791583404643,267.9560633645915,187.56924435521404
,,grass,,54.300693733017596,18.60708379919302,264.78569759816645,185.3499883187165
,,grass,,54.30131901217698,18.60719852211808,82.48164497560312,57.73715148292218
,,,wood,54.39756608500496,18.697066657919756,2504.285730571993,1753.0000114003951
,,grass,,54.341725955980316,18.626558618407266,293.8956205542151,205.72693438795056
,,grass,,54.341937343427816,18.626811636212263,329.8326644156309,230.88286509094164
,,grass,,54.34207205121169,18.6264159575627,334.8111201187221,234.36778408310545
,,grass,,54.341911570202065,18.626102106955454,112.86104891491615,79.0027342404413
,,grass,,54.34179804179736,18.626169379044082,36.03135317398563,25.22194722178994
,,greenfield,grassland,54.34022910252995,18.506266028090742,3254.5409278575185,2278.178649500263
,,,wood,54.34835642181436,18.534561514234234,3897.5094679644963,2728.2566275751474
,,grass,,54.3534319162094,18.65032532339775,753.8239764681667,527.6767835277167
,,grass,,54.4294231006162,18.47826473701947,363.1182004503846,254.18274031526923
,,grass,,54.42912294016573,18.47735113589377,340.2521528273098,238.17650697911685
,,grass,,54.42715283443901,18.475064536549493,38.13865480743118,26.697058365201826
,,grass,,54.42741879147127,18.475520148435926,1166.5220323705794,816.5654226594055
,garden,,,54.43014580609567,18.476040792972956,160.36189842017006,128.28951873613605
,garden,,,54.433961032760784,18.467951866124643,238.6057107348479,190.88456858787833
,garden,,,54.43407956535509,18.46794315787159,274.1031809818769,219.28254478550153
,,grass,,54.42957885199144,18.476969318121505,154.73384409553285,108.31369086687299
,,grass,,54.402841684582434,18.654967910051038,16.468201147236663,11.527740803065663
,,,grassland,54.41083301445779,18.468948961166877,4633.0692226120445,3243.148455828431
,,greenfield,wood,54.41112689272067,18.468894581822582,4689.984287467934,3282.9890012275537
,,greenfield,wood,54.4129110094843,18.446950631094257,2373.6648050663453,1661.5653635464416
,,greenfield,wood,54.411489101143594,18.450735203146724,2000.3394200908024,1400.2375940635616
,,grass,,54.36627706443868,18.49813894116934,7003.525545351194,4902.467881745835
,,,wood,54.366232807770146,18.49640978989163,685.6318837886703,479.94231865206916
,,meadow,,54.375746487775494,18.44925122191825,2605.214243737189,1302.6071218685945
,,greenfield,grassland,54.3693269782833,18.465104313654873,9996.737952173537,6997.716566521475
,,,grassland,54.370734829556916,18.464930625196136,355.47226668772225,248.83058668140555
,,,grassland,54.367364760583385,18.47243731222181,16389.115275276727,11472.380692693709
,,greenfield,grassland,54.36796940161552,18.47917627449546,11256.562163808321,7879.593514665824
,,,wood,54.36890078258642,18.456588627382224,9811.167109652255,6867.816976756578
,,,grassland,54.370371988541066,18.44967160186877,1527.5857715919487,1069.310040114364
,,grass,,54.336969257388475,18.58495681128666,1686.8919274796606,1180.8243492357624
,,grass,,54.3369755498479,18.584728471551923,1660.9260104928849,1162.6482073450193
,,grass,,54.336755600820865,18.58429490138055,1976.1379656229321,1383.2965759360525
,,grass,,54.336925235984594,18.584041496041312,260.70621830924426,182.49435281647098
,,grass,,54.33698855798995,18.584019315461095,114.11977155625732,79.88384008938012
,,grass,,54.33655749325949,18.583723175703305,1952.8001814436195,1366.9601270105336
,,grass,,54.336623290894295,18.585887999198505,131.69891656623153,92.18924159636207
,,grass,,54.336568963310974,18.58522785405224,243.88579299645673,170.7200550975197
,,grass,,54.33741825194449,18.58563831233369,34.39277417857302,24.074941925001113
,,grass,,54.33747310960926,18.585550364457852,1324.0173178824837,926.8121225177385
,,grass,,54.33732831147156,18.58544205231912,247.0030127755334,172.90210894287335
,,grass,,54.33724552368435,18.585573158432535,1012.2311061973606,708.5617743381524
,,grass,,54.33722544051282,18.585311860213206,288.65387969642234,202.05771578749562
,,grass,,54.336810523934524,18.585351971841824,4328.2190776827865,3029.7533543779505
,,,wood,54.337645403025476,18.586217485100203,1019.5685935373948,713.6980154761764
,,grass,,54.33723726042854,18.5862340272543,3185.8255302395123,2230.0778711676585
,,grass,,54.336953758810104,18.585948939533036,4566.362956664714,3196.4540696653
s,,grass,,54.33708457422393,18.586856205978147,6154.355015493236,4308.048510845265
,,grass,,54.33758077793781,18.58774555570454,680.5233251511651,476.3663276058155
,,grass,,54.33706661061599,18.58777289209833,214.08400497361896,149.85880348153327
,,grass,,54.33732575631025,18.587420084376205,8931.595180209859,6252.116626146901
,,grass,,54.337737855440686,18.586894523072335,1444.2156628721714,1010.9509640105199
,garden,,,54.33785554645498,18.58691877151218,508.78472944048826,407.02778355239064
,garden,,,54.337685973103085,18.586116840238507,685.8011998312877,548.6409598650301
,,grass,,54.33854085255252,18.587172480993924,370.1675763973987,259.11730347817905
,,grass,,54.338371376633546,18.58728372706671,365.6573451179461,255.96014158256224
,,grass,,54.338495938653,18.587521537655654,594.1965382565622,415.93757677959354
,,grass,,54.33904601354266,18.586727364213267,773.3556579624138,541.3489605736896
,,grass,,54.338891984133056,18.58650047576408,1097.5017481942461,768.2512237359723
,,grass,,54.338743565833774,18.58696947545331,176.56263961682433,123.59384773177702
,,grass,,54.338572547132,18.586752003458013,2198.5425545733324,1538.9797882013327
,,grass,,54.33867161030204,18.58639168745528,67.74653127257037,47.422571890799254
,,grass,,54.338584299482626,18.58640883786917,2199.8929288833797,1539.9250502183656
,,grass,,54.33858903257243,18.585668957943465,1737.9305453839127,1216.5513817687388
,,,wood,54.33839500346398,18.585931925837897,3915.1943052411693,2740.6360136688186
,,,wood,54.33811611961925,18.585733959783592,1218.5039180192064,852.9527426134445
,,,wood,54.4387799883965,18.46635403327642,19027.9728348286,13319.58098438002
,,meadow,,54.4376891261817,18.46750994124984,46563.67620974563,23281.838104872815
,,,wood,54.44026371616879,18.466584872451037,6131.0998913018575,4291.7699239113
,,greenfield,grassland,54.4303583224642,18.476405826724328,5173.315468804853,3621.3208281633965
,,,grassland,54.386003397658406,18.474614212183795,136.3780293701588,95.46462055911115
,,,grassland,54.38692746581238,18.47452576945579,18585.603455115062,13009.922418580543
,,,grassland,54.38595399559669,18.47475871953696,42.90535949996849,30.03375164997794
,garden,,,54.345286711463885,18.64577904055851,106.44043430895064,85.15234744716052
,,grass,,54.340867088407556,18.65600254157453,62.592454245782804,43.81471797204796
,garden,,,54.355154052075996,18.644807532675653,251.74484621852184,201.3958769748175
,,greenfield,grassland,54.35341093565006,18.676209562378798,855.5457248215434,598.8820073750803
,garden,,,54.4017286178485,18.632895970902442,145.87037769704452,116.69630215763561
,garden,,,54.40186512817737,18.633467789757223,198.79914005809067,159.03931204647256
,,grass,,54.401701607240284,18.63288059215443,750.3285862080013,525.2300103456009
,garden,,,54.40175512310251,18.632864558105183,1469.778356765148,1175.8226854121183
,garden,,,54.40172436633359,18.63252832718482,411.02796501348985,328.8223720107919
,,grass,,54.40177442732714,18.632458885663542,187.83893913926545,131.48725739748582
,,grass,,54.40160043075933,18.63269730238529,136.99269388261965,95.89488571783374
,,grass,,54.40130747834993,18.63318678940179,76.45875626249818,53.52112938374873
,garden,,,54.40149715890546,18.63294402137771,402.0815718075582,321.66525744604655
,garden,,,54.40090169521608,18.634061591633643,1122.37674974667,897.901399797336
,,grass,,54.401616701076186,18.633262505769896,2478.5536611314956,1734.987562792047
,garden,,,54.401727220532436,18.633763272554546,24.383684249218096,19.50694739937448
,garden,,,54.40166090001873,18.63376896666667,90.25693551048577,72.20554840838862
,garden,,,54.40160127572597,18.63399001226045,103.65244542130252,82.92195633704202
,,grass,,54.40132453867578,18.63369309748137,3902.73873074239,2731.9171115196727
,garden,,,54.40119435711809,18.63368562777869,216.91121640582423,173.5289731246594
,garden,,,54.40102732549056,18.633787895654603,92.75590954300966,74.20472763440773
,garden,,,54.40155554881958,18.634124177548795,16.999995480506204,13.599996384404964
,,grass,,54.40151668816409,18.6341810910075,46.78612978084116,32.75029084658881
,,grass,,54.38888930541502,18.62262667942475,1208.9552282202246,846.2686597541572
,,grass,,54.40070960319251,18.634474093103744,479.6084393695505,335.7259075586853
,,grass,,54.40098520000542,18.634471666666666,57.026715727274144,39.9187010090919
,garden,,,54.40134750359534,18.634666339847413,586.5565131049383,469.24521048395064
,,grass,,54.40122676126723,18.634834060990535,125.81910877896975,88.07337614527881
,garden,,,54.40112723878888,18.63486230650272,477.49787742857455,381.99830194285965
,,grass,,54.40101385471835,18.635072703752684,517.820224501566,362.4741571510962
,,grass,,54.40091504699538,18.634762923628944,2520.442308295524,1764.3096158068668
,,grass,,54.40107620610881,18.634173596145622,4172.097788851396,2920.468452195977
,,grass,,54.40101406649716,18.63520781618783,72.44386173384385,50.71070321369069
,,grass,,54.42038129821577,18.57291605073182,3296.818788359909,2307.7731518519363
,,grass,,54.420609167250404,18.573221152939315,452.3555531838361,316.6488872286852
,,grass,,54.420537052478046,18.57352014567587,601.7159220842819,421.20114545899736
,,grass,,54.41854088345726,18.57603605190703,46.740808008630374,32.71856560604126
,,grass,,54.42076206681931,18.573565029006357,495.0648670075284,346.54540690526983
,,grass,,54.42088798896475,18.574856976566664,11705.63590585007,8193.945134095047
,,grass,,54.42149792275713,18.574603354933846,26823.233334627228,18776.263334239058
,,grass,,54.42127154128779,18.575559927018077,450.1236780503756,315.0865746352629
,,grass,,54.42067158053626,18.57529702542894,2414.798245343457,1690.3587717404198
,,grass,,54.42146862609965,18.57238529784709,1928.1830872414398,1349.7281610690077
,,grass,,54.421382548267026,18.571737312447983,255.5249826305726,178.86748784140082
,,grass,,54.42136402304671,18.571306393842796,181.84716792463502,127.2930175472445
,,grass,,54.42119676862871,18.57091205635346,174.8912484310668,122.42387390174675
,,grass,,54.42112762364061,18.57060566035347,3781.706412114963,2647.194488480474
,,grass,,54.4209640425225,18.570398000376887,172.48270121518556,120.73789085062988
,,grass,,54.42159225414858,18.570562183473143,5080.096084867672,3556.0672594073703
,garden,,,54.40114528138677,18.63497603640443,36.3439291987595,29.075143359007598
,garden,,,54.40094049949636,18.635126523600466,19.510576967379823,15.60846157390386
,garden,,,54.40096645000096,18.63516104728235,15.604213826427518,12.483371061142016
,garden,,,54.40102106067262,18.635101690615656,12.11595371670496,9.692762973363969
,garden,,,54.4018731742878,18.633582494585298,9.550713795145633,7.640571036116507
,,,grassland,54.36844966332517,18.55210930369057,4441.2636374998765,3108.8845462499135
,,grass,,54.36333669454832,18.55945973436297,56.186006033639465,39.330204223547625
,,grass,,54.36343828588631,18.55950616966771,87.40445669725808,61.18311968808065
,,grass,,54.36344856949633,18.55926091256778,234.1874232297248,163.93119626080735
,,grass,,54.36682156020199,18.54875690021517,1049.7400168669997,734.8180118068997
,garden,,,54.36760655658938,18.552466342903628,2402.7267208965704,1922.1813767172564
,,,wood,54.367082945642906,18.55227130868286,2323.5732715324493,1626.5012900727145
,,greenfield,grassland,54.36739896036072,18.553648663699178,9375.577294972634,6562.904106480843
,,grass,,54.36647525308475,18.556063291898035,1757.0921081518866,1229.9644757063206
,,greenfield,grassland,54.365186453321655,18.556354353711356,1901.218016061405,1330.8526112429834
,,,grassland,54.36382638905649,18.557805864274656,5566.863780495198,3896.804646346638
,,grass,,54.32524673852064,18.592803551115882,826.3378200186628,578.436474013064
,,grass,,54.32862135327456,18.591679791900006,233.26301182214053,163.28410827549837
,,grass,,54.328445334929576,18.59195033220427,508.1579077000449,355.7105353900314
,,grass,,54.32864128711058,18.592060819930452,1680.7746175977531,1176.542232318427
,,grass,,54.32865007413952,18.593854099739495,441.8767350559466,309.3137145391626
,,grass,,54.329053240681766,18.59347197109092,1382.9477458176282,968.0634220723397
,,grass,,54.32466474850747,18.59208776421787,116.04106624713262,81.22874637299283
,,greenfield,grassland,54.32983732414797,18.618086943177847,633.4201389896185,443.39409729273297
,,,grassland,54.36810452904127,18.59645417676767,324.32658273819004,227.02860791673302
,garden,greenfield,,54.33329026568411,18.587566604697717,1608.6731977695833,1286.9385582156667
Skwer Lucyny Legut,park,,,54.4160536195463,18.57728841815528,23817.609028368657,23817.609028368657
,,,grassland,54.36880829813109,18.49970502791663,1256.295363361075,879.4067543527525
,,greenfield,grassland,54.36721409391698,18.489894151531832,3858.411434595745,2700.8880042170213
,garden,allotments,scrub,54.354086703783196,18.586621837514112,171.21591085578976,136.97272868463182
,,,wood,54.354216867901044,18.587035719605286,727.9788843272679,509.5852190290875
,,grass,,54.37252699762622,18.639383345399725,2241.080780046058,1568.7565460322405
,,grass,,54.372207953455046,18.639834701171683,3546.155706078359,2482.308994254851
,,,grassland,54.42071478431997,18.482424221748527,10480.290003549691,7336.203002484784
,garden,,,54.429199628100164,18.475112784570573,1530.086413004689,1224.0691304037512
,,,wood,54.361715265955404,18.572253340357246,517.5384674835617,362.27692723849316
,,,wood,54.36114722305141,18.572333512054517,4397.3982955639,3078.17880689473
,,,grassland,54.361317978089815,18.57157015257534,2805.236840912262,1963.665788638583
,,,wood,54.34725080113402,18.499036342762324,2217.0822053891134,1551.9575437723793
,,grass,,54.37124545803239,18.639509160863174,1635.6732844619864,1144.9712991233905
,,grass,,54.37551806918403,18.63849597814269,12555.548097819272,8788.883668473489
,,grass,,54.376500165994365,18.638055351265407,8048.153370640153,5633.707359448107
,,greenfield,grassland,54.347529126074754,18.55727790813556,2286.973597576588,1600.8815183036115
,,greenfield,grassland,54.348378707920176,18.556204125632796,2630.798394864697,1841.5588764052877
,,,grassland,54.347611165716415,18.559485235063523,1330.8194534865384,931.5736174405768
,,greenfield,grassland,54.373215277936545,18.611563164323158,2228.270114822056,1559.789080375439
,,grass,,54.37340890174758,18.60557910754884,3807.828297749797,2665.4798084248578
,,,wood,54.373727241315436,18.606025980435618,1904.7804419368376,1333.3463093557862
,,,wood,54.366725964048,18.609224483659105,4155.629911703087,2908.9409381921605
,,,grassland,54.366770029802964,18.608715748060845,2623.099673424264,1836.1697713969847
,,,wood,54.362706692931184,18.61385877561164,137376.7098308805,96163.69688161636
,,,wood,54.36466600504061,18.615230892011983,880.8839970598724,616.6187979419107
,,greenfield,wood,54.365522924428475,18.615207510790317,1712.8638531424397,1199.0046971997076
,,,grassland,54.36811955185533,18.616924436510974,6469.938521664522,4528.9569651651655
,garden,,,54.364539124342194,18.60728624086461,3765.3909214079827,3012.3127371263863
,,greenfield,grassland,54.410870337553725,18.48286508862388,11506.83533494426,8054.784734460982
,,grass,,54.347016419756955,18.687220533503567,1692.1855612861746,1184.529892900322
,,greenfield,grassland,54.34832718320049,18.678716025443496,2335.5781074405295,1634.9046752083705
,,greenfield,grassland,54.42186955984211,18.587318468919666,1172.7048957354484,820.8934270148138
,garden,,,54.35611426253608,18.588930277222243,1001.2196046137293,800.9756836909835
,garden,,,54.35762777847436,18.58099955811833,220.5033819820431,176.4027055856345
,garden,,,54.35765129174327,18.580520848406664,103.16722885755195,82.53378308604157
,garden,,,54.35761184035544,18.58331082148932,31.314562715881983,25.05165017270559
,,,wood,54.35532356975461,18.5835981852422,350.04689958985193,245.03282971289633
,,,grassland,54.35414878863581,18.583896195154903,5560.887819813784,3892.621473869648
,park,,,54.34965640155019,18.610239026924408,5973.929798448463,5973.929798448463
,garden,,,54.36260456779618,18.651129968169926,554.2385563541869,443.3908450833496
,,grass,,54.361626080853675,18.650897177081042,1364.079826645499,954.8558786518493
,,grass,,54.36099374816694,18.650667651548744,1064.058743181856,744.8411202272991
,garden,,,54.361854882515324,18.652060138065647,504.5692926466329,403.65543411730636
,garden,,,54.36208673853936,18.651572079252663,99.09799428592123,79.27839542873699
,,grass,,54.36195721295072,18.651330596675642,460.3948720412315,322.27641042886205
,garden,,,54.36242378684799,18.65089059256462,82.60196195799423,66.08156956639539
,garden,,,54.36230687632849,18.65110825495327,158.47104652448436,126.77683721958749
,,,grassland,54.33700826665384,18.56356809435544,7222.612825079384,5055.828977555569
,,greenfield,grassland,54.345907400597056,18.5546384558202,3166.6076239312783,2216.625336751895
,,greenfield,grassland,54.330091160934195,18.542632591044995,2576.9925224807016,1803.894765736491
,,greenfield,grassland,54.33958554522605,18.545429198810773,10447.935381108344,7313.55476677584
,,greenfield,grassland,54.339111210174416,18.545190018157964,15479.127312696513,10835.389118887559
,,greenfield,grassland,54.33993602797129,18.54548743725393,6072.292686062263,4250.6048802435835
,,,grassland,54.33216268110032,18.545813811941905,2827.043716821625,1978.9306017751373
,,,grassland,54.33448849145907,18.54609676337578,39869.536103396844,27908.67527237779
,,,wood,54.32089830160873,18.56344687327556,4008.2648651457716,2805.78540560204
,,,grassland,54.32353388339109,18.561858931211336,581.1254858158981,406.78784007112864
,,,wood,54.32278792915314,18.564933166256615,6984.349978569486,4889.04498499864
,,,grassland,54.32817787254568,18.557394842118686,1973.5734411798264,1381.5014088258783
,,,grassland,54.32960624478299,18.547336574876738,17057.99704088664,11940.597928620648
,,,grassland,54.33250379275595,18.55400926779974,16012.151872274404,11208.506310592082
,,greenfield,grassland,54.307856738323515,18.586330426358348,2229.749880729806,1560.824916510864
,,grass,,54.31792596404288,18.56895703287128,656.8773529432071,459.814147060245
,,,grassland,54.318848937287605,18.575762889423828,12204.542953326261,8543.180067328383
,,,grassland,54.31010373643292,18.571964074903804,8649.102825357937,6054.371977750556
,,,grassland,54.308436737840594,18.570288883847493,1007.7832701472867,705.4482891031006
,,,grassland,54.3078374023208,18.570208405956883,1874.665100286881,1312.2655702008167
,,,grassland,54.31290394988124,18.57101250544086,1178.330715223453,824.831500656417
,,greenfield,grassland,54.31748090463815,18.563976090078622,3557.1828735680733,2490.0280114976513
,,grass,,54.31830279196269,18.566189073648804,90.59370532479393,63.41559372735575
,,grass,,54.31754488624805,18.56523775353028,74.53254252242357,52.1727797656965
,,grass,,54.31860541794183,18.565227209831583,67.5641296772272,47.294890774059034
,,grass,,54.350960202308656,18.58904764032382,807.7638118117499,565.4346682682249
,,grass,,54.351752782819176,18.588968971700734,2969.8593880743665,2078.9015716520566
,,grass,,54.34556895045087,18.656046740090474,103.63874710646616,72.5471229745263
,,greenfield,grassland,54.36450668307851,18.631126868786087,4269.779545042506,2988.8456815297536
,,grass,,54.441003915665796,18.458955386255525,2590.5871177119757,1813.4109823983829
,,,grassland,54.440751805967494,18.459857159964223,5217.365749531369,3652.156024671958
,garden,,,54.44140268488947,18.456862309000936,3564.520783688208,2851.6166269505666
,,,grassland,54.445591964539055,18.455513810540705,13646.12676499525,9552.288735496673
,garden,,,54.34505882199036,18.658454816130295,277.9015470843898,222.32123766751184
,garden,,,54.34525196966547,18.657017352235655,456.7768365576642,365.4214692461314
,garden,,,54.34538339299416,18.656299753580235,235.72995926343853,188.58396741075083
,garden,,,54.35345680000802,18.549681650011127,63.675762566449535,50.94061005315963
,garden,,,54.35339525240591,18.549418777510944,169.76414452567317,135.81131562053855
,,grass,,54.35370393626204,18.551069376254922,408.3782630423216,285.8647841296251
,,grass,,54.353814741324896,18.55103505183419,212.21157864501834,148.54810505151283
,,grass,,54.35371389080378,18.55087114570036,626.8442685547565,438.7909879883295
,,grass,,54.35156563244846,18.642386715828586,256.84702887504847,179.79292021253391
,,grass,,54.351212483035454,18.643159437607043,2633.682132900466,1843.5774930303262
,,greenfield,grassland,54.342105560107505,18.85968073810818,2660.1273232208955,1862.0891262546268
,,greenfield,grassland,54.34213017123221,18.8583884417751,2657.6372073317557,1860.346045132229
,,,grassland,54.34102609713935,18.85710830600858,13266.433879927825,9286.503715949477
,,greenfield,wood,54.34153731936492,18.855582830744524,10628.331745216501,7439.83222165155
,,grass,,54.34099735175155,18.87170581787085,4165.860242034912,2916.1021694244378
,,grass,,54.34153306994783,18.871948012382397,2198.24929878851,1538.7745091519569
,,,wood,54.315915145704764,18.906147675313083,7423.939812120379,5196.757868484266
,,greenfield,grassland,54.33754259354149,18.906055897335875,3144.518308178564,2201.1628157249947
,,greenfield,grassland,54.33750424967664,18.90682525708261,2561.202763738795,1792.8419346171563
,,greenfield,grassland,54.339656976718445,18.896377638038107,1058.1695637949954,740.7186946564967
,,greenfield,grassland,54.33712110263045,18.888689544981048,7177.832455116914,5024.482718581839
,,grass,,54.347921565692616,18.812484756376044,2579.898887628179,1805.9292213397252
,,grass,,54.31610285279842,18.874537508010707,9786.656589118295,6850.659612382806
,,,wood,54.32824352140715,18.92868344043115,5011.166807705713,3507.816765393999
,,,grassland,54.31259512053039,18.923274032203732,3570.2627880220602,2499.183951615442
,,,wood,54.312805775233805,18.924026088897357,20169.065915878633,14118.346141115042
,,greenfield,grassland,54.33846734341147,18.89266526538798,1072.6223556957918,750.8356489870542
,,greenfield,grassland,54.3387810015342,18.8935381023047,2322.186932586516,1625.530852810561
,,greenfield,grassland,54.339152975107936,18.893187830119867,5872.418452228462,4110.692916559923
,,,wood,54.34699242527172,18.818972853941084,13854.777788228816,9698.344451760171
,,greenfield,grassland,54.34737856508181,18.812056275587338,5152.068830943852,3606.4481816606963
,,,grassland,54.34936305587502,18.80303008903897,6088.405848419328,4261.88409389353
,,greenfield,grassland,54.348897702891094,18.801240449987617,3019.019438233612,2113.3136067635282
,,greenfield,grassland,54.34550962395118,18.829323875511445,1920.556636669688,1344.3896456687814
,,,grassland,54.341981350255864,18.83378070131513,5171.528615840549,3620.070031088384
,,greenfield,grassland,54.34380267440593,18.83104941344686,4039.1532727580443,2827.407290930631
,,,wood,54.34381152560019,18.832383298155438,14176.62554474205,9923.637881319435
,garden,,,54.34392104660211,18.830402362404573,1146.087889596664,916.8703116773312
,,,wood,54.34454574867949,18.826976784815002,6143.300300044026,4300.310210030818
,,greenfield,grassland,54.350075591961335,18.793975470004884,5046.611505683788,3532.628053978651
,,greenfield,grassland,54.349713890839865,18.795154817148493,6748.484781617764,4723.939347132435
,,,wood,54.34942229029678,18.798607204607993,21842.86460555768,15290.005223890374
,,grass,,54.32696806052909,18.93199978700306,6085.991201093815,4260.193840765671
,,greenfield,grassland,54.337293453524644,18.907717091472286,4097.734560372303,2868.4141922606123
,,,wood,54.33467176675834,18.886668573421808,946.2215171612454,662.3550620128717
,,,wood,54.3342899480393,18.887755088272755,2040.3638604594496,1428.2547023216146
,,,grassland,54.33366774997808,18.889820986075396,141478.76651380325,99035.13655966226
,,,wood,54.33257174948201,18.88550636684424,15735.892190521132,11015.124533364791
,,,wood,54.33976821794415,18.887115100599353,9766.276141838585,6836.3932992870095
,,greenfield,grassland,54.33947673184742,18.89103608108392,6975.043517995409,4882.5304625967865
,,grass,,54.312984024866715,18.876925864989076,9303.613212568482,6512.529248797937
,,,wood,54.31680338946707,18.89194685566628,47530.15196831263,33271.10637781884
,,,wood,54.31560339830809,18.910607431860168,3823.129745463768,2676.190821824637
,,,wood,54.33583840599956,18.931050794759955,3214.4381921773065,2250.1067345241145
,,grass,,54.33757140537574,18.916270813787836,2506.9174109068726,1754.8421876348107
,,,grassland,54.33807634262529,18.91486635540602,11951.290703283012,8365.903492298108
,,,grassland,54.33536914602663,18.933344862054568,442.1778421293816,309.5244894905671
,,,grassland,54.335903735658455,18.933260698507002,2956.219338771512,2069.353537140058
,,,wood,54.336303698896515,18.93363408800944,7028.698043010723,4920.088630107506
,,,grassland,54.33634710231687,18.9264377486087,5146.650219677358,3602.65515377415
,,,grassland,54.33841207819092,18.908313185773366,18771.51407965703,13140.05985575992
,,grass,,54.33875630166864,18.9057415220894,3004.5993522277467,2103.2195465594227
,,greenfield,grassland,54.338405289657075,18.889297266275204,7566.934101766421,5296.853871236494
,,greenfield,grassland,54.32064146343014,18.59756231819456,1950.1372088988485,1365.096046229194
,,,grassland,54.336055129983436,18.659058030618294,2573.4387307344814,1801.407111514137
,,,grassland,54.336688288563664,18.664215461446425,6954.3608059482185,4868.052564163752
,,grass,,54.37954177375895,18.672847021881623,5203.540233029784,3642.4781631208484
,,grass,,54.37911711430895,18.675342727045273,1604.8003900235803,1123.3602730165062
,,grass,,54.37883133999117,18.676341397764247,222.1553686068798,155.50875802481585
,,grass,,54.37907772317311,18.676257145037546,215.53657729159076,150.87560410411353
,,greenfield,grassland,54.33851882191095,18.520464578790037,4335.272663514302,3034.690864460011
,,greenfield,grassland,54.43394043960744,18.471585966656242,3905.346495497859,2733.742546848501
,,grass,,54.42707935494725,18.474984754290457,66.85287424098087,46.797011968686604
,,greenfield,grassland,54.33782716693102,18.523133924744272,12586.109188163486,8810.27643171444
,,,grassland,54.33333792007933,18.56052263021066,6231.709672008304,4362.1967704058125
,,,grassland,54.34831297684957,18.539067434376708,877.7643915668109,614.4350740967676
,,grass,,54.380034638428995,18.67087530369207,18974.988856929864,13282.492199850903
,,grass,,54.37815035712831,18.678840304252642,829.6202805744867,580.7341964021407
,garden,,,54.37817789577423,18.678878535408682,705.4017852769282,564.3214282215425
,,grass,,54.37857303299612,18.679273758734922,1718.494511918596,1202.946158343017
,garden,,,54.37850374757124,18.679202003138226,6391.341238701182,5113.072990960946
,,grass,,54.37879785344686,18.67979138302022,284.74980702000227,199.32486491400158
,,grass,,54.37828758591287,18.679959136652588,1454.0304333470472,1017.821303342933
,,grass,,54.37809977024683,18.67821754562039,39.78698563780597,27.85088994646418
,,grass,,54.37813620003014,18.678424425519722,63.99169275681666,44.79418492977166
,,grass,,54.378302693736394,18.678289867962505,149.6767553878268,104.77372877147876
,,grass,,54.378790048204365,18.6786244445213,493.4757113460156,345.4329979422109
,,grass,,54.378879201347175,18.678965138843292,57.60930997042377,40.32651697929664
,,grass,,54.37900359682455,18.67893014359542,71.95524025606483,50.368668179245375
,,grass,,54.3787272484012,18.677432522187125,307.61414758723436,215.32990331106404
,,grass,,54.37859768151864,18.677976770355606,218.79460953911877,153.15622667738313
,,grass,,54.37884094084165,18.67760513566656,2262.109900387048,1583.4769302709335
,,grass,,54.37857141346676,18.677509121543512,1187.8912014537432,831.5238410176202
,,grass,,54.37910046813908,18.679578479283588,6439.425338178649,4507.597736725054
,,grass,,54.377358726738265,18.679509293711707,62.11584752648214,43.4810932685375
,,grass,,54.37743704362302,18.67941656552542,15.982065637358932,11.187445946151252
,,grass,,54.37778835384769,18.67915045174179,2705.090768407683,1893.5635378853779
,,grass,,54.37635747251406,18.68298608989184,543.8484756726843,380.693932970879
,garden,,,54.42211785699538,18.56156121404559,3896.4842310016934,3117.1873848013547
,,grass,,54.376316986456374,18.523875523378347,11551.792294207025,8086.254605944917
,,grass,,54.37641042116858,18.525446628592565,58.88725837769766,41.22108086438836
,,grass,,54.37628966668033,18.5254635,306.5024905874954,214.55174341124678
,,,grassland,54.345007663814705,18.775338193648956,21627.661825622738,15139.363277935916
,,,wood,54.37635077171673,18.62314725979373,1785.9872675744134,1250.1910873020893
,garden,,,54.40649271053921,18.62832315164466,230.5810473573149,184.46483788585192
,garden,,,54.40658708322495,18.628388865420764,19.363799204526146,15.491039363620917
,garden,,,54.40662442571776,18.628137072782586,80.44676629604163,64.35741303683331
,,,grassland,54.33209677792892,18.599622236481867,406.53339135107484,284.5733739457524
,,,grassland,54.3317818765459,18.59983874916865,633.6005811291768,443.52040679042375
,,,grassland,54.331768875747045,18.600493613086105,4733.263682715245,3313.284577900671
,,,wood,54.35913251822266,18.747715797493296,3673.633563378788,2571.5434943651517
,,,wood,54.36036464811963,18.74403968355498,42735.23163199732,29914.66214239812
,,greenfield,grassland,54.300305219355224,18.62579015771038,2337.2937042317335,1636.1055929622134
,,,grassland,54.32438161482806,18.588185250986683,22275.799717969086,15593.05980257836
,,,grassland,54.30687861733101,18.604995333997092,2637.5631342031625,1846.2941939422135
,,,grassland,54.30703097955806,18.603733634315113,8128.292868814029,5689.80500816982
,,,wood,54.30730705130933,18.60528626721113,651.4222852597711,455.99559968183974
,,,wood,54.306592104782354,18.60849341261144,2420.6411301154567,1694.4487910808195
,,,grassland,54.306520905681474,18.61172974980169,11115.59731873038,7780.918123111266
,,,grassland,54.30422283282851,18.610616016294536,21422.30838954145,14995.615872679013
,,greenfield,grassland,54.303863688420705,18.608554688264558,6307.563961131463,4415.294772792024
,,grass,,54.30414929656027,18.608028484776682,5169.807357844836,3618.8651504913846
,,,grassland,54.3054060762997,18.609558357864614,10151.289539310008,7105.902677517005
,,greenfield,grassland,54.30285637972059,18.608437296705535,7926.896172799537,5548.8273209596755
,,,grassland,54.30344824474887,18.60863494533575,312.11987717042194,218.48391401929536
,,,grassland,54.29638838706295,18.606900006600423,2504.419193721851,1753.0934356052958
,,,grassland,54.29604324229372,18.607654531181606,4951.510170369824,3466.0571192588764
,,greenfield,grassland,54.35818169376061,18.500085096070688,3973.0779486312776,2781.154564041894
,,,grassland,54.359071335332914,18.50443537537763,1393.6044021970279,975.5230815379194
,,greenfield,grassland,54.33390397315286,18.668712185195965,2242.091808269779,1569.4642657888453
,,greenfield,wood,54.33530378013834,18.667396051738475,1375.8561685190932,963.0993179633651
,,greenfield,grassland,54.336042454454216,18.67333192515531,2540.397103631946,1778.277972542362
,,greenfield,grassland,54.3365893831848,18.672641984722826,1932.4147431495858,1352.69032020471
,,greenfield,grassland,54.33648138950957,18.672380096369775,1977.1397336660993,1383.9978135662695
,,greenfield,wood,54.33704388961444,18.672185287072246,5926.476153513607,4148.533307459525
,,greenfield,grassland,54.33724674102515,18.6702190164577,1652.2750440015252,1156.5925308010676
,,greenfield,grassland,54.3379029881463,18.66999039609885,1411.3692817132765,987.9584971992934
,,greenfield,wood,54.33710951813307,18.668845777068796,1107.9805187067116,775.5863630946981
,,,grassland,54.337004152428925,18.668198698692986,242.9068472454128,170.03479307178895
,,,grassland,54.33845729636491,18.67533858090011,6734.946417723665,4714.462492406566
,,,wood,54.33771746892033,18.6749967816283,1496.894969271447,1047.826478490013
,,greenfield,grassland,54.33740211498571,18.667661679977098,1675.2844936495273,1172.699145554669
,,greenfield,grassland,54.33902594659304,18.66689438212565,1972.1998112930453,1380.5398679051316
,,meadow,,54.33761522692992,18.690629277744765,44895.37977949592,22447.68988974796
,,,wood,54.338642911341765,18.69350603617964,409.77058755851203,286.8394112909584
,,meadow,,54.3380651854454,18.692594292739674,22024.177256778272,11012.088628389136
,,grass,,54.34339459389788,18.67776932849356,3786.0596167354115,2650.241731714788
,,,wood,54.34464656530654,18.674503620387007,270.35458128187173,189.2482068973102
,,greenfield,grassland,54.34395341667089,18.674930127939334,3564.0420753859653,2494.8294527701755
,,greenfield,grassland,54.34318283330647,18.6760809344112,4555.756075822469,3189.0292530757283
,,,grassland,54.341606869646185,18.67863511541961,4164.473550459606,2915.1314853217236
,,grass,,54.34129585309832,18.67812161526826,4207.098664221627,2944.9690649551385
,,,grassland,54.34097665534033,18.678684364319707,6191.469723794286,4334.028806656001
,,,grassland,54.34142077895605,18.680007268320605,3957.9970043189173,2770.597903023242
,,greenfield,grassland,54.34489496223322,18.67730971892784,1250.9064295993144,875.63450071952
,,greenfield,grassland,54.3442865184552,18.67803768622318,1103.5219412274118,772.4653588591882
,,greenfield,grassland,54.34421062308881,18.681138448910044,2820.4118403911025,1974.2882882737715
,,greenfield,grassland,54.344376274700366,18.680017457705254,1390.4332658386966,973.3032860870875
,,greenfield,wood,54.34408534277597,18.67949541673115,3091.432534817997,2164.0027743725977
,,,grassland,54.34267638357896,18.679998674764786,1349.804561018286,944.8631927128001
,,greenfield,grassland,54.34287268154353,18.677953617650076,1545.582099858075,1081.9074699006524
,,,wood,54.34253896698905,18.679443703236327,9052.280508048922,6336.596355634245
,,greenfield,grassland,54.331276823954994,18.668542776359192,13067.896138176311,9147.527296723418
,,greenfield,wood,54.333246824312035,18.67140244288714,1607.5323478819869,1125.2726435173906
,,,grassland,54.32493923761003,18.675078442538357,8612.850269986431,6028.995188990501
,,greenfield,grassland,54.32708739555321,18.656430948204644,3001.6442323793667,2101.1509626655566
,,greenfield,wood,54.33239937882358,18.66733683239642,1674.6486027596745,1172.254021931772
,,,grassland,54.331821174227436,18.66901985095552,1926.9656226218362,1348.8759358352852
,,greenfield,wood,54.33296000598357,18.670684784879313,1714.9761756057624,1200.4833229240335
,,greenfield,grassland,54.33264554930781,18.67214962550281,1339.2970908162818,937.5079635713971
,,greenfield,grassland,54.33303862382355,18.671684223876536,1795.7847568931534,1257.0493298252072
,,greenfield,wood,54.33268457923849,18.67207930452111,10197.279351540275,7138.0955460781925
,,,grassland,54.3304716949071,18.669069689809405,13538.833361928822,9477.183353350176
,,greenfield,grassland,54.33240433068234,18.671208768174,11227.901383517416,7859.530968462191
,,,wood,54.33580136692038,18.676020461175117,2986.4495390690277,2090.5146773483193
Źródliska Potoku Oliwskiego,nature_reserve,,,54.37893690825043,18.508857232627395,17565.02786702547,17565.02786702547
,,grass,,54.3542141794264,18.656838542799765,1305.7095477970543,913.9966834579379
,,grass,,54.354079735527776,18.656895330913102,207.19113656570119,145.03379559599082
,,grass,,54.35422891239648,18.65703195088366,69.10054459602839,48.370381217219865
,,grass,,54.35403607403563,18.656397382727384,1456.6947618472204,1019.6863332930542
,,grass,,54.35390731787053,18.656881454107587,273.20700623425404,191.2449043639778
"Park ""Belgradzka""",park,forest,,54.35549058539957,18.587648126218856,2559.6227283649473,2559.6227283649473
,,forest,escarpment,54.354587524761754,18.58647692866752,1177.6491199314694,942.1192959451755
,garden,residential,,54.35337324684522,18.584772153472244,198.75181354362832,159.00145083490267
,garden,residential,,54.35342553140603,18.584822293460693,270.21462971089437,216.1717037687155
,garden,residential,,54.35346519554769,18.584885092076583,292.22804242702694,233.78243394162155
,garden,residential,,54.35350420626164,18.584949713957798,313.4921696316979,250.79373570535833
,garden,residential,,54.353534100968226,18.585028624720053,291.59640039603323,233.2771203168266
,garden,residential,,54.353565605901224,18.585106815187064,260.3665488180058,208.29323905440467
,garden,residential,,54.35359632969237,18.585183268968784,226.57311351452597,181.2584908116208
,garden,residential,,54.35366131228483,18.585269064579933,450.72348087329436,360.5787846986355
,garden,residential,,54.35373564454048,18.585337372092688,677.360055797217,541.8880446377736
,garden,residential,,54.35376655560206,18.585465902330952,334.66739929500386,267.7339194360031
,garden,residential,,54.35380349361854,18.585533521075206,360.4848100704552,288.38784805636413
,garden,residential,,54.35383436196769,18.58560913285306,336.73974991958346,269.39179993566677
,garden,residential,,54.35386303804261,18.585688327477,326.270463799485,261.016371039588
,garden,residential,,54.35389328162611,18.585765884929902,297.206393511882,237.76511480950563
,garden,residential,,54.353930181197526,18.585834436143887,325.42256339083116,260.33805071266494
,garden,residential,,54.353996203638836,18.585922900463576,672.8209786980096,538.2567829584077
,garden,residential,,54.354042029909564,18.586033180655363,545.9079425040352,436.72635400322815
,garden,residential,,54.3540698448439,18.586158742729914,296.6966758922787,237.35734071382296
,garden,residential,,54.354107023545964,18.58622690404576,322.10853775209864,257.6868302016789
,garden,residential,,54.35413360706322,18.586311276098094,323.4743166744378,258.77945333955023
,garden,residential,,54.3541585779638,18.586397382190256,324.96628940297296,259.9730315223784
,garden,residential,,54.35418216688293,18.58648493516661,337.29962556734847,269.8397004538788
,garden,residential,,54.35420356852759,18.58657479137863,298.60479948970556,238.88383959176446
,garden,residential,,54.354253353414926,18.58667203192928,621.5024673964691,497.20197391717534
,garden,residential,,54.354287835347435,18.586802459497758,565.2213946459799,452.17711571678393
,garden,residential,,54.3543121284356,18.5869448486477,286.18349053068744,228.94679242454995
,garden,residential,,54.35433648178223,18.58703078549951,284.6742529865335,227.7394023892268
,garden,residential,,54.354352668913016,18.587126051650568,286.52677779608257,229.22142223686606
,garden,residential,,54.354379454683745,18.587211423618378,324.2867411064843,259.4293928851875
,garden,residential,,54.35439798865351,18.587303315363137,310.29404077061326,248.23523261649063
,garden,residential,,54.35440700258568,18.587408870367238,261.6770579572048,209.34164636576384
,garden,residential,,54.354435191228866,18.587493390179837,302.03552631354626,241.628421050837
,garden,residential,,54.35446020423076,18.587578635137668,287.353310354316,229.88264828345282
,garden,residential,,54.35448397440586,18.58766285744086,302.00037164693356,241.60029731754685
,garden,residential,,54.35450263175152,18.587753410076896,283.4881173362709,226.7904938690167
,garden,residential,,54.35453713242811,18.58784043796655,382.6129433467807,306.09035467742456
,garden,residential,,54.35455523327252,18.588100590169933,459.7526573196997,367.8021258557598
,garden,residential,,54.35459632427868,18.58800499648872,318.1588120692981,254.5270496554385
,garden,residential,,54.35463054568593,18.587929920373988,235.7094191072771,188.5675352858217
,garden,residential,,54.35468146741852,18.587889310342753,228.79823633384945,183.03858906707956
,garden,residential,,54.35478266936012,18.587856231186272,722.4946122421811,577.9956897937449
,garden,allotments,scrub,54.354115351111176,18.58669980046758,135.13826334028727,108.11061067222983
,garden,allotments,scrub,54.35427553827252,18.587354595462532,220.01469804023128,176.01175843218505
,garden,allotments,scrub,54.353935158347596,18.586335204209174,375.48415561916414,300.3873244953313
,garden,allotments,scrub,54.354298769649844,18.58744192995992,171.2103119252866,136.96824954022927
,garden,allotments,scrub,54.35432080178021,18.58752484648465,170.55281316517375,136.442250532139
,garden,allotments,scrub,54.354347916175975,18.587610251090425,163.69528987419508,130.95623189935608
,garden,allotments,scrub,54.354374312712835,18.587695390144514,129.50362341738608,103.60289873390887
,garden,allotments,scrub,54.354400091999466,18.58777681717704,116.18445675950147,92.94756540760119
,garden,allotments,scrub,54.35442607959847,18.587858507658197,95.09231464493402,76.07385171594721
,garden,allotments,scrub,54.35445364376674,18.587943760263457,89.32822732137777,71.46258185710222
,,,wood,54.35455038034798,18.588211082159958,296.1627118541913,207.3138982979339
,garden,residential,,54.353321532748055,18.583473496589566,972.0050477367091,777.6040381893673
,garden,residential,,54.35334175490329,18.583610286854086,330.86509675586564,264.6920774046925
,garden,residential,,54.3533399441479,18.58370404289352,362.3129041685196,289.8503233348157
,garden,residential,,54.353339481382655,18.58380972063384,535.1103901844049,428.08831214752394
,garden,residential,,54.35307893096964,18.58397648833244,782.3415886525571,625.8732709220458
,garden,residential,,54.35316439067257,18.583924373926017,257.21552692189425,205.7724215375154
,garden,residential,,54.35321993298509,18.583936100250497,276.83179132458673,221.4654330596694
,garden,residential,,54.35327597127012,18.583944564414928,255.48123611410944,204.38498889128755
,garden,residential,,54.35333097372123,18.583943049353636,223.78200743773138,179.0256059501851
,garden,residential,,54.35338596387926,18.58396137669026,246.6630985960582,197.33047887684657
,garden,residential,,54.353447159823176,18.58400849777267,276.3088606247388,221.04708849979107
,garden,residential,,54.35350421061736,18.584016298462295,268.47170831688567,214.77736665350855
,garden,residential,,54.35356096835228,18.58401418175216,232.94658735918907,186.35726988735126
,garden,residential,,54.35365523083775,18.58414735338957,526.6974097629984,421.35792781039873
,garden,residential,,54.35476007334508,18.585727367782454,915.0665961413047,732.0532769130438
,garden,residential,,54.35463373603893,18.585731139241627,236.93746460765962,189.54997168612772
,garden,residential,,54.354584945248284,18.585777232405114,176.86872370372174,141.4949789629774
,garden,residential,,54.35454175072581,18.585839597405414,175.3185912833094,140.25487302664752
,garden,residential,,54.35450371624813,18.58590918653667,190.63727347211048,152.5098187776884
,garden,residential,,54.35448851395529,18.586081116041427,504.6929578421476,403.7543662737181
,garden,residential,,54.35386908623611,18.58436722912208,785.1021729750969,628.0817383800776
,garden,residential,,54.353890371658665,18.58458152774866,234.24608671473754,187.39686937179005
,garden,residential,,54.35391684928877,18.58466276327192,251.69888538797,201.359108310376
,garden,residential,,54.35394209282973,18.584746828963322,252.31336650682218,201.85069320545776
,garden,residential,,54.3539713035576,18.58482558921326,270.93967645558627,216.75174116446902
,garden,residential,,54.354014454970326,18.58488812550569,332.13690863062413,265.70952690449934
,garden,residential,,54.354043429648875,18.58496856472639,318.4192749597429,254.73541996779431
,garden,residential,,54.35407361836544,18.585044760360194,282.6197999633385,226.0958399706708
,garden,residential,,54.35410186541141,18.585121535371677,263.7405535245184,210.99244281961475
,garden,residential,,54.35412940209452,18.585203888723367,250.38404596275365,200.30723677020293
,garden,residential,,54.35415550353108,18.585286189574212,192.77278190824572,154.2182255265966
,garden,residential,,54.35427045619961,18.58531086936152,557.3968100346881,445.9174480277505
,garden,residential,,54.35431405030341,18.5855226909271,645.6213881371876,516.4971105097501
,garden,residential,,54.354361152410256,18.58538644499631,237.74816151199195,190.19852920959357
,garden,residential,,54.354400621661426,18.585319490946084,218.57664572733137,174.8613165818651
,garden,residential,,54.35448392865174,18.585271312059938,450.9516558561106,360.7613246848885
,garden,residential,,54.355117648178606,18.586209278917366,1073.2767397461678,858.6213917969343
,garden,residential,,54.355013210547824,18.58621990693198,460.2934299679124,368.23474397432994
,garden,residential,,54.35497437460243,18.586288148854315,522.1750406430646,417.7400325144517
,garden,residential,,54.35494006410281,18.586370828068777,558.1396178696252,446.5116942957002
,garden,residential,,54.35490075768232,18.58643906848086,548.2816810918708,438.6253448734967
,garden,residential,,54.35486666913714,18.58651423772627,506.5158282029795,405.2126625623836
,garden,residential,,54.35485017391748,18.586629181399854,424.50680271021116,339.60544216816896
,garden,residential,,54.35481315621573,18.58669414920745,435.35202300105016,348.28161840084016
,garden,residential,,54.35477630525827,18.58676489845513,501.60208810020237,401.2816704801619
,garden,residential,,54.35473945305607,18.58683479719763,471.14355883433586,376.9148470674687
,garden,residential,,54.35474378979389,18.587051714040605,1016.3822920539849,813.1058336431879
,garden,residential,,54.354924822798814,18.587632459749635,581.687194932123,465.34975594569846
,garden,residential,,54.354967810156616,18.587497182861267,282.5376239275525,226.030099142042
,garden,residential,,54.35500203332121,18.5874195092013,298.1174843678933,238.49398749431467
,garden,residential,,54.35503576958367,18.58734341188993,283.74702921371113,226.9976233709689
,garden,residential,,54.355059014854085,18.587237419762413,220.85567421213395,176.68453936970718
,garden,residential,,54.35509653418816,18.587172403227786,246.497939126498,197.19835130119841
,garden,residential,,54.35513164513307,18.58710212602242,261.01237351428654,208.80989881142924
,garden,residential,,54.35516530680781,18.587026528458992,271.467974537485,217.17437962998804
,garden,residential,,54.355199112926094,18.58694789475678,281.49726239879465,225.19780991903573
,garden,residential,,54.35523435370035,18.58687843600108,261.82733248820455,209.46186599056364
,garden,residential,,54.355264555518815,18.586796762998468,263.6567082802731,210.9253666242185
,garden,residential,,54.35533735340886,18.58672114045384,562.3401270402086,449.8721016321669
,,,grassland,54.35434566651501,18.581697290121753,5282.46947178982,3697.7286302528737
,,greenfield,grassland,54.35983852425727,18.450323634806573,9119.529642194702,6383.670749536292
,,greenfield,grassland,54.359759514594494,18.453314279419494,16920.408347103134,11844.285842972193
,,grass,,54.3321987960663,18.59666233098704,71.03670476126044,49.7256933328823
,,,grassland,54.367881729042615,18.672551244484577,7167.944753382529,5017.56132736777
,,greenfield,grassland,54.37332612143121,18.66894367897259,67147.28128737655,47003.09690116358
,,grass,,54.394594230304016,18.617011041455033,67.70633885941675,47.39443720159172
,,grass,,54.39451915676019,18.61767001194656,98.12625291305822,68.68837703914075
,,grass,,54.394533597427426,18.61738215856265,86.97718836356398,60.884031854494786
,,grass,,54.394699811798816,18.617406963449472,105.03543863105094,73.52480704173566
,,grass,,54.39470178331881,18.617658066728506,31.573486369778863,22.101440458845204
,,grass,,54.3948122976968,18.617667409616327,135.60561128038825,94.92392789627176
Miejski Mikrolas,,forest,,54.34100709803099,18.569873551851632,858.7501301475917,687.0001041180734
,,greenfield,grassland,54.34307797779715,18.63150416522051,1511.5830164662361,1058.1081115263653
,,greenfield,grassland,54.344168627695296,18.63798418671659,1314.2595331210655,919.9816731847458
,,greenfield,grassland,54.34480702351995,18.63747007233838,1775.5363313311523,1242.8754319318066
,,grass,,54.33067256224947,18.5946032791024,83.200798469701,58.2405589287907
,,grass,,54.330755100252304,18.594823699955054,82.90365361443048,58.032557530101336
,,grass,,54.33092003825575,18.59526332080685,83.20130050260775,58.24091035182542
,,grass,,54.33083775025307,18.595042849954236,83.51226013051121,58.45858209135784
,,grass,,54.330453150006605,18.595147350000154,52.266053398224564,36.58623737875719
,,grass,,54.330346609941195,18.594719233477782,9.48776723655925,6.641437065591475
,,grass,,54.33055635039307,18.595273561372835,183.53134253816407,128.47193977671483
,,grass,,54.330575464046596,18.595469416608797,658.4736053526449,460.9315237468514
,,grass,,54.330741750877515,18.59583460967955,121.85496352324093,85.29847446626864
,,grass,,54.33092148719661,18.595616295254707,316.79111823868107,221.75378276707673
,,grass,,54.331268512185574,18.59524692297446,44.25355642764755,30.977489499353286
,,grass,,54.33161343023303,18.594865516216146,372.2946293120401,260.6062405184281
,,grass,,54.331604935590235,18.59483684767465,529.9272327581557,370.949062930709
,,grass,,54.331244384003796,18.595225328186764,120.94719590766888,84.66303713536821
,,grass,,54.33093559773738,18.59555674510744,377.8606511490852,264.5024558043596
,,grass,,54.33056316383374,18.595202024855954,1142.893978967833,800.025785277483
,,grass,,54.3306212180674,18.594373622474926,1024.1394670675036,716.8976269472524
,,grass,,54.331008661278794,18.593953682706385,316.6555384141858,221.65887688993004
,,grass,,54.33172934641014,18.5936115256781,4187.348619603111,2931.1440337221775
,,grass,,54.336901634636064,18.583341919255734,1067.8779134297238,747.5145394008066
,,,grassland,54.33623465072699,18.57841768022518,2134.997056300861,1494.4979394106026
,,greenfield,grassland,54.33688499169098,18.576563675449403,686.00626673605,480.20438671523493
,,greenfield,grassland,54.3384541683612,18.876310258334914,1222.304356965943,855.6130498761601
,garden,,,54.340733182186696,18.875707055744037,4437.533174293901,3550.026539435121
,,greenfield,wood,54.33890467136482,18.87573579162173,5587.804289728132,3911.463002809692
,,greenfield,wood,54.33899593637616,18.875316436039245,1062.035252015088,743.4246764105616
,,greenfield,wood,54.33955597193109,18.874922761371526,1171.612262271186,820.1285835898301
,,greenfield,grassland,54.34022103490957,18.875012030651362,4264.202849873709,2984.9419949115963
,,,grassland,54.38489539193907,18.431681218942657,6090.240400130064,4263.168280091045
,,grass,,54.35154230426149,18.587548374009845,47.28193222283369,33.09735255598358
,,grass,,54.35150960326629,18.5878520662643,30.684048759781458,21.47883413184702
,,grass,,54.35159300451569,18.588043178504844,24.97553981727702,17.482877872093912
,,grass,,54.34735735002517,18.56467974999474,1165.0023074189942,815.5016151932958
,,greenfield,grassland,54.32584155346588,18.55697934130189,4679.5777341736675,3275.7044139215673
,,,wood,54.345071517656876,18.58307546986516,1227.4648333817809,859.2253833672465
,,grass,,54.344654941719845,18.582175600833207,1729.0373114546612,1210.3261180182628
,,grass,,54.307306391253135,18.584347662532217,498.49503734825424,348.94652614377793
,,grass,,54.426183105209475,18.582534669354096,114.14401251733139,79.90080876213197
,,grass,,54.42495308028661,18.580365565156836,643.1639415848807,450.2147591094165
,,grass,,54.42506686652446,18.58150485407224,351.66893854043536,246.16825697830473
,,grass,,54.424505944677236,18.580231406713548,771.7249470996763,540.2074629697734
,,grass,,54.424831402798574,18.580506100230245,570.9668730540865,399.6768111378605
,,grass,,54.42469264015194,18.580591554678882,525.4754793615859,367.83283555311016
,,grass,,54.42514947240868,18.580441072766853,849.6221826019836,594.7355278213885
,,grass,,54.42520777135957,18.580090074952846,528.4356415574895,369.9049490902426
,,grass,,54.42457431525123,18.580958391513203,460.3215704181761,322.22509929272326
,,grass,,54.42437764033298,18.57841634029026,276.1259055181544,193.28813386270807
,,grass,,54.42529763961733,18.58235027989523,1666.4227453598332,1166.495921751883
,,grass,,54.425451190320835,18.582373452312513,2892.0581078864598,2024.4406755205216
,,grass,,54.42539099675463,18.581617587787083,2012.0257074018184,1408.4179951812728
,,grass,,54.42560542206188,18.581746531377696,2071.039314002004,1449.7275198014029
,,grass,,54.42563892224827,18.580995597407885,277.5384391348923,194.2769073944246
,,grass,,54.425500669155724,18.580216188276708,4836.622353737143,3385.6356476160004
,garden,,,54.42488403032027,18.57653637061864,246.88819507813636,197.5105560625091
,garden,,,54.4247275818304,18.576900046437597,277.37030331738333,221.89624265390668
,garden,,,54.424903527277415,18.57746160454893,247.8846655271007,198.30773242168058
,,grass,,54.424892152491104,18.578321729941965,9441.469719762425,6609.028803833697
,,grass,,54.42593659845127,18.582271860411357,2172.6706830127573,1520.86947810893
,,grass,,54.4258177116038,18.582038824752843,2598.2810821763705,1818.7967575234593
,,grass,,54.42595410451781,18.581440420289344,93.44549351427793,65.41184545999455
,,grass,,54.42583536541013,18.580213763928395,2458.15463666569,1720.7082456659828
,,grass,,54.425992413628315,18.579373429570467,614.5559166233696,430.1891416363587
,,grass,,54.425925339949885,18.57964880842441,514.5297698090213,360.1708388663149
,,grass,,54.42588314554128,18.579204717103117,1123.4273458172747,786.3991420720922
,,grass,,54.42580237377719,18.57873812420858,1422.698283808207,995.8887986657448
,,grass,,54.30833303574492,18.584720315162446,25.54847040999261,17.883929286994825
,,grass,,54.308257866678744,18.584680433333332,35.48575042162175,24.840025295135224
,,grass,,54.30805873333774,18.584641066666666,20.525769344451334,14.368038541115933
,,grass,,54.3081254604901,18.584621498699956,206.8001605597332,144.76011239181324
,,grass,,54.30800233334395,18.584610933333334,75.98495902168298,53.18947131517808
,,grass,,54.30794210314198,18.584525759640886,77.57532404057523,54.302726828402655
,,grass,,54.30729075796943,18.58474527667521,469.403332600165,328.5823328201155
,,grass,,54.307414324978424,18.584449893450266,75.49824103594443,52.8487687251611
,,grass,,54.307180673961795,18.58391609066915,817.3860382930666,572.1702268051465
,,grass,,54.307794846799716,18.58438954438089,44.69444837726286,31.286113864083998
,,grass,,54.30767121333389,18.584405795193053,194.5336306470138,136.17354145290966
,,grass,,54.30751172357141,18.584324059961062,191.97630147430303,134.3834110320121
,,,wood,54.312741846184835,18.876586913768183,9559.83949506505,6691.887646545535
,,,wood,54.319975686897465,18.865590212671503,3827.4293636877774,2679.200554581444
,,,wood,54.316423786414205,18.87256941431843,2644.366880662784,1851.0568164639485
,,,grassland,54.310547068325604,18.926082175257108,9026.912790846269,6318.838953592388
,,,wood,54.311699451319555,18.926816723132703,2681.1676576736813,1876.8173603715768
,,,wood,54.314155519945565,18.922135729983513,7491.895323490947,5244.326726443663
,,,wood,54.314023175507636,18.92650442908666,20508.453702018425,14355.917591412897
,,,wood,54.31566539389204,18.904673219457177,2537.765103494553,1776.435572446187
,,,wood,54.317035496903095,18.92116803740485,1309.691177158371,916.7838240108596
,,,grassland,54.31723927991874,18.91958687344589,96939.82316864844,67857.8762180539
,,,grassland,54.324675523759275,18.85437857943852,5002.394360762481,3501.6760525337363
,park,,,54.32511069904394,18.85463351834028,1551.5083260590945,1551.5083260590945
,,,wood,54.31120074077929,18.919464439851787,4698.553922859789,3288.987746001852
,,greenfield,grassland,54.31919389877266,18.93058961474226,4757.119370172245,3329.9835591205715
,,greenfield,grassland,54.32662655830993,18.9319432181264,5750.824997311744,4025.5774981182203
,,greenfield,grassland,54.3878296891452,18.48150925503922,2336.4085803463277,1635.4860062424293
,,,grassland,54.38525689652281,18.475056927603244,38195.206911539324,26736.644838077525
,,,grassland,54.382490522688286,18.480468527973926,12844.440944322105,8991.108661025473
,,,wood,54.341832655624344,18.72968646705936,1474.0545555599692,1031.8381888919785
,,,wood,54.34172800505705,18.730916143274843,4477.870769743428,3134.5095388203995
,,,wood,54.3409081165287,18.73388674949765,2743.461189010743,1920.42283230752
,,,wood,54.34220182771687,18.728253850349546,9464.238905001075,6624.967233500753
,,,wood,54.343167885708596,18.726507450958618,12073.925632142087,8451.74794249946
,,,wood,54.342287035413406,18.72740796454987,71026.8724241091,49718.81069687637
,,,wood,54.34604103576673,18.7206136589293,1662.7967974171258,1163.957758191988
,,,wood,54.34506530862689,18.722136319676096,34970.007735128085,24479.005414589657
,,,wood,54.345679834271195,18.72076084345596,17439.004328419676,12207.303029893772
,,grass,,54.34363651861178,18.825767547772106,45.02656093223443,31.5185926525641
,garden,,,54.34372635144386,18.82613699906507,100.92278804223929,80.73823043379144
,,greenfield,grassland,54.34185801059485,18.86701112624199,8822.921901389096,6176.045330972367
,,grass,,54.37460700581073,18.52021351595364,3593.3252323321635,2515.327662632514
,,grass,,54.37482438487616,18.520210685561892,979.8438173489619,685.8906721442733
,,grass,,54.35684905236138,18.575286221539056,196.05109236183017,137.2357646532811
,,,wood,54.355161850113866,18.583636298937854,1619.953176792099,1133.9672237544692
,,,grassland,54.33514356919483,18.619594505601366,2640.6609126470275,1848.462638852919
,,,grassland,54.33480856408392,18.61912445562066,609.4036964398205,426.5825875078743
,,,grassland,54.33387966559614,18.619649986926746,326.74335414905005,228.72034790433503
,,,grassland,54.33379795260822,18.620415591050318,2202.263704539132,1541.5845931773924
,,,wood,54.391727919987076,18.66492296334573,4848.909402495792,3394.2365817470545
,,,grassland,54.3470640742801,18.566686625611602,25754.469191678414,18028.128434174887
,,grass,,54.34652766827509,18.57205023809821,218.50196993863867,152.95137895704707
,,grass,,54.34448664549223,18.570493105818194,1506.6169591191292,1054.6318713833905
,,,wood,54.31152599363965,18.605575703510333,1679.1895097970742,1175.4326568579518
,,greenfield,grassland,54.33869103380562,18.545001444979363,8008.351775941964,5605.846243159374
,,,grassland,54.34971681744168,18.49997918441696,535.3507872469949,374.7455510728964
,,,grassland,54.3387211776648,18.52493369669926,17782.945608554845,12448.06192598839
,,greenfield,grassland,54.3597607770315,18.500922825116124,2738.384409593211,1916.8690867152475
,,,grassland,54.35506319218038,18.52628020983844,9148.381967726538,6403.867377408576
,,,grassland,54.35338607780349,18.53092033165886,1176.8470534249482,823.7929373974637
,,,grassland,54.35301556881086,18.52997260564471,2423.2469411898023,1696.2728588328616
,,,wood,54.333463677786945,18.60917787005031,4240.385099488094,2968.269569641666
,,,grassland,54.330689310129344,18.614764909212923,1919.4479210775532,1343.6135447542872
,,,grassland,54.32748988087954,18.578748751029764,3554.197419644664,2487.938193751265
,,greenfield,grassland,54.35831728238787,18.439998139507917,91090.20423683248,63763.14296578273
,garden,,,54.42242800036806,18.576726301634807,772.0043128040387,617.603450243231
,,,wood,54.34023463189348,18.60599382675149,819.264966619039,573.4854766333273
,,,wood,54.3423576484852,18.612523232941875,5910.972787722203,4137.680951405542
,,,wood,54.34224777690633,18.608975218740525,2201.5732764740374,1541.101293531826
,,,grassland,54.33983583614049,18.604377268678423,863.0766231562742,604.153636209392
,,,wood,54.339940939716364,18.60474376888277,1510.4075711787357,1057.2852998251149
,,,wood,54.34010854933347,18.60544581778052,2035.1274963572332,1424.589247450063
,,,wood,54.340779740884884,18.60746879451297,1020.2668911845858,714.18682382921
,,,wood,54.41683230413131,18.475474363616705,197.78616204041862,138.45031342829301
,,,wood,54.416994255506175,18.476557170031086,1877.4057895197154,1314.1840526638007
,,,grassland,54.4110030380666,18.464901795286963,13657.207702922713,9560.045392045899
,,,grassland,54.41141426691857,18.459208691572186,49272.33574845324,34490.63502391727
,,greenfield,grassland,54.41319622062977,18.469292160162702,5458.627784943728,3821.0394494606094
,,greenfield,grassland,54.41285859055526,18.468207556955036,14700.690551499974,10290.483386049982
,,,grassland,54.41555903555588,18.451696716280154,450.46848136172076,315.3279369532045
,garden,,,54.41687507149588,18.451228906912483,2357.0389866724995,1885.6311893379998
,garden,,,54.41665478078012,18.450745807610808,2285.8517204568243,1828.6813763654595
,,greenfield,grassland,54.415655799667874,18.45628581648748,2809.24290680981,1966.4700347668668
,,greenfield,wood,54.41485828294017,18.45530270767073,4432.49387569972,3102.745712989804
,,greenfield,grassland,54.41535601271755,18.453065347950908,3751.58344223921,2626.108409567447
,,greenfield,grassland,54.414978280407446,18.45327893237685,2942.9198684854177,2060.0439079397925
,,greenfield,grassland,54.41864013251032,18.470482531195852,2669.9648970411536,1868.9754279288074
,,grass,,54.41902496799082,18.475358663924535,4724.931631654185,3307.4521421579298
,,,wood,54.41704565663959,18.474279013636547,7014.357256185431,4910.0500793298015
,,,grassland,54.416215319524966,18.472955403635858,14278.356412386393,9994.849488670474
,,,wood,54.425003276408866,18.453935725215878,8725.220111625611,6107.654078137927
,,,grassland,54.30357962233418,18.60297694032335,9955.997552206556,6969.198286544589
,,,grassland,54.30409119535147,18.60434051632478,6030.633616299101,4221.443531409371
,,,grassland,54.30338973535008,18.604864347886114,3765.0246445003813,2635.517251150267
,,,wood,54.312611368816235,18.59619568668079,3281.78770101622,2297.251390711354
,,,grassland,54.30452945743879,18.575541435245682,12970.135882027089,9079.095117418961
,,,grassland,54.30339325144364,18.57686028813809,17854.827596263705,12498.379317384593
,,greenfield,grassland,54.278919725393806,18.635694596387555,3154.212569339982,2207.9487985379874
,,,grassland,54.27830100309708,18.632913459493754,8756.728564640314,6129.7099952482195
,,,grassland,54.295265801260506,18.622409599999997,2426.4056629383936,1698.4839640568755
,,,grassland,54.29505277329857,18.622082657984393,2152.8725692937533,1507.0107985056272
,,grass,,54.33183636684709,18.566629140777366,17342.07980887361,12139.455866211525
,,grass,,54.33185063689177,18.56932768940862,186.60228796325038,130.62160157427525
,,grass,,54.331883258648006,18.56882002788052,1601.6392047468862,1121.1474433228202
,,grass,,54.39954936651695,18.5700783078201,177.78608911237038,124.45026237865926
,,grass,,54.39957607794885,18.569745918634133,141.9893165332772,99.39252157329403
,,grass,,54.39988191319584,18.570778781772443,79.99992300499225,55.99994610349457
,,grass,,54.399992798833935,18.571151799852082,540.4762021616369,378.33334151314585
,,grass,,54.39833066344453,18.57414377669473,67.97444106138764,47.58210874297134
,garden,,,54.39817995052913,18.574532680933626,77.1599374001731,61.727949920138485
,,,grassland,54.362053389395996,18.571636274241918,3022.9889206019766,2116.0922444213834
,,grass,,54.35814525193752,18.657476735953434,69.85462532153227,48.89823772507258
,,grass,,54.358487143249846,18.657675258862795,68.21972893184748,47.753810252293235
,,grass,,54.35856249707947,18.657721091510005,71.35385716057033,49.947700012399224
,,grass,,54.358903267286365,18.657921863475266,67.23812630111232,47.06668841077862
,,grass,,54.358922416436776,18.658109608468195,142.98371310747083,100.08859917522958
,,grass,,54.35900657053342,18.65777498098975,116.08381885919894,81.25867320143925
,,grass,,54.358402177801864,18.65740151938323,1939.0365458530812,1357.3255820971567
,garden,,,54.40634262387292,18.57852125997495,185.89641627880957,148.71713302304767
,garden,,,54.40632757919522,18.57867829158711,145.75442459506425,116.60353967605141
,garden,,,54.406323896407244,18.578825697404085,185.56153174123375,148.44922539298702
,,grass,,54.40629669865305,18.578672417914632,265.6165857752987,185.93161004270908
,garden,,,54.40632195107067,18.578927449312282,114.36252547412283,91.49002037929827
,garden,,,54.40631920941919,18.578999742811163,115.28441588826382,92.22753271061106
,,grass,,54.40631274958553,18.57919090606392,40.41240953761759,28.28868667633231
,,grass,,54.40627960592,18.579259806275513,424.46830983826135,297.1278168867829
,garden,,,54.406177195753095,18.582507015602342,637.9264071925975,510.341125754078
,garden,,,54.40624113521495,18.582557145349124,342.4102705595204,273.92821644761636
,,grass,,54.40629657770407,18.58321662699711,1239.497526367895,867.6482684575265
,,grass,,54.40652599434583,18.57837038306462,813.3840102989874,569.3688072092912
,garden,,,54.406674879731504,18.578396955232154,49.630010484776136,39.70400838782091
,garden,,,54.406626683801186,18.57842768283459,86.12724061588388,68.9017924927071
,garden,,,54.40656484844199,18.578469244642978,84.50590705397683,67.60472564318147
,garden,,,54.406517716205826,18.57849505823863,49.94971767369345,39.959774138954764
,garden,,,54.4064768178527,18.578492039133973,77.09847375461045,61.67877900368836
,garden,,,54.40642082509117,18.57847561203039,62.32721831555928,49.86177465244742
,,,grassland,54.39843990821677,18.470478275474516,15949.46954564201,11164.628681949407
,,greenfield,grassland,54.39933456257102,18.472997296369094,2977.5450195447543,2084.281513681328
,,,grassland,54.39690024915844,18.46946795368245,27657.25174087977,19360.076218615835
,garden,,,54.38828906146557,18.485639586556893,4940.431223519318,3952.344978815455
,,,grassland,54.38710590045051,18.475739157795832,1400.7574259758958,980.530198183127
,,,grassland,54.388194127473064,18.475997911704685,7595.976532066616,5317.183572446631
,,,grassland,54.39539210077386,18.469939405029677,5906.5168568186145,4134.56179977303
,,greenfield,grassland,54.40015151322737,18.47316817065608,7330.12159821959,5131.085118753713
,,greenfield,grassland,54.399029423738305,18.47417721095565,3341.246648483469,2338.8726539384284
,,greenfield,grassland,54.39941416249032,18.474863320073155,3314.5762874051543,2320.2034011836076
,,,grassland,54.399052096997494,18.48255134730662,3459.3728461594897,2421.5609923116426
,,,grassland,54.32009821867712,18.63082427662603,3252.6972339079034,2276.8880637355323
,,,grassland,54.32063489967465,18.631041220825654,8169.690307322636,5718.783215125844
,,grass,,54.417178349072266,18.578220906125182,33.69266107152122,23.584862750064854
,,grass,,54.358216192754206,18.65599553329178,226.68393590707217,158.6787551349505
,,grass,,54.35809286877192,18.656673273412746,217.54481075016588,152.2813675251161
,,grass,,54.35798744808783,18.65725320830343,121.50779687540745,85.0554578127852
,,grass,,54.357849771948416,18.657973762102092,364.6583108198404,255.26081757388826
,,grass,,54.357945774165486,18.657839909314255,594.2960595631603,416.00724169421215
,,grass,,54.3578660835445,18.658279710786093,916.1673025850314,641.317111809522
,,grass,,54.358005777460356,18.658366580628947,154.2273991729964,107.95917942109747
,,grass,,54.358064287423225,18.659169460124033,1176.7426859138616,823.719880139703
,,grass,,54.35780267314472,18.65938998150922,291.2652816460011,203.88569715220075
,,grass,,54.35750157016459,18.65933011597701,140.37703612946885,98.2639252906282
,,grass,,54.35732515185555,18.659890047908647,340.9219115055728,238.64533805390093
,,grass,,54.35739986697224,18.65984236978915,1649.7204840780403,1154.8043388546282
,,grass,,54.3575505800364,18.65981116305183,1212.257650228911,848.5803551602377
,,grass,,54.35772814114873,18.658958776924262,1329.0296999340792,930.3207899538554
,,grass,,54.35802830592841,18.657265872248253,159.22352428766274,111.45646700136392
,,grass,,54.358025777458444,18.657702998270892,429.41484888809066,300.5903942216634
,,grass,,54.3574536849653,18.658717080516418,5442.62543714377,3809.8378060006385
Lasy Oliwskie,,,wood,54.41517187735299,18.523521756837503,125737890.93735647,88016523.65614952
,,,wood,54.363347237999065,18.458093394566507,95224.92777489022,66657.44944242315
Las Sulmiński,,forest,,54.30965592428323,18.48905004766977,64935668.19263704,51948534.55410963
Las Mierzei,,,wood,54.353402557702395,18.818871982138045,7913367.004418981,5539356.903093287
Trójmiejski Park Krajobrazowy,nature_reserve,,,54.51097352116707,18.37648840087536,596823342.8472538,596823342.8472538
,,,grassland,54.38699573900808,18.477016394981767,120252.05990990039,84176.44193693026
,,forest,,54.27831865592982,18.609126265639635,129664.72871795452,103731.78297436362
,,grass,,54.32949949490707,18.58201917195748,7287.999972193181,5101.599980535227
,,forest,,54.36436462765672,18.7280651688746,2424018.941318985,1939215.1530551882
,,,grassland,54.317912874888556,18.678126594240222,452282.53005096223,316597.77103567356
,,grass,,54.33341616754517,18.59150102874815,15816.28965089457,11071.402755626199
,,,grassland,54.428466254442455,18.460185537110313,14939.519829225559,10457.66388045789
,,,grassland,54.41207230504383,18.485188257016308,27272.234634984707,19090.564244489295
,,,grassland,54.39568281255659,18.679439387094693,45109.07780600383,31576.35446420268
,,grass,,54.366186482380954,18.626999941085483,704.6257339229917,493.23801374609417
,,,wood,54.431402179126735,18.449314442714204,806336.1908292997,564435.3335805098
,,,wood,54.3948782478644,18.56172681526836,106978.01584199321,74884.61108939524
,,grass,,54.396101351823525,18.562347054313122,8757.29087124129,6130.103609868903
,,grass,,54.396322833668,18.56413911304685,21581.960398114923,15107.372278680445
,,grass,,54.39571175041972,18.560850971217704,9841.22936139796,6888.860552978572
,,grass,,54.41019050121904,18.56438962476217,26399.40598354543,18479.5841884818
,,,grassland,54.40818074774649,18.540474151472647,87098.59189247107,60969.014324729746
,,grass,,54.39583805816719,18.67912015504947,999.6625442891586,699.763781002411
Jaśkowy Las,,forest,,54.37034207811673,18.59431484982758,4697891.8191026375,3758313.4552821103
,,grass,,54.415472367648874,18.532082415498927,14787.487185475598,10351.241029832918
,,grass,,54.397630775071754,18.57399867268067,3314.958678475851,2320.471074933095
,,grass,,54.42014210044079,18.45175649698795,952.476509879704,666.7335569157927
,,grass,,54.41979844734051,18.451428848648774,1639.6223267755552,1147.7356287428886
,,grass,,54.38485109690272,18.691230762157506,40421.842509552924,28295.289756687045
,,grass,,54.33930387641111,18.653250782132268,34502.781407348186,24151.946985143728
,,grass,,54.41962392653842,18.560092947153972,1774.3879212246893,1242.0715448572823
,,,grassland,54.40005116383976,18.53121050483082,38535.18345696437,26974.628419875058
,,,wood,54.40522506361257,18.535721530199147,3716.7163544539076,2601.7014481177353
,,,wood,54.3652436383087,18.61783614079543,10987.068018319165,7690.9476128234155
,,,grassland,54.40345053810301,18.644656911091946,13133.851934084361,9193.696353859052
Park Brzeźnieński im. J. J. Haffnera,park,,,54.40730792532926,18.643818222430273,352498.596333935,352498.596333935
Las Mierzei,,forest,,54.343940417818956,18.887080499207464,16239151.747694176,12991321.39815534
,,forest,,54.3456483731009,18.877044440560297,72526.75016955927,58021.40013564742
,,grass,,54.40892459601652,18.589914017084674,3670.2206735684363,2569.1544714979054
,,,grassland,54.35557857542041,18.541527606132643,1162474.761929677,813732.3333507739
Helipad 7 Sz MW,,grass,,54.394063401302006,18.565363134666686,48130.31403744724,33691.21982621307
,,,grassland,54.3224560919548,18.571032567850388,468246.9069515252,327772.8348660676
,,grass,,54.330361567367646,18.58183019721031,20114.143124009046,14079.900186806331
,,forest,,54.374432096509274,18.71650074542813,3532902.4244404654,2826321.9395523723
,,grass,,54.37849318026992,18.694373902750755,38459.73217837202,26921.812524860412
,,,wood,54.37875599712741,18.560738220355447,64160.554476350386,44912.38813344527
,,grass,,54.40581457020408,18.639174602766197,8576.60391763608,6003.622742345255
,,meadow,grassland,54.42007171285159,18.538737138903063,152415.04408815672,76207.52204407836
,,,wood,54.41628701490972,18.531787450379337,989810.901936193,692867.631355335
,,,wood,54.31557314180399,18.593085766658014,12167.683674598185,8517.37857221873
,,,wood,54.33608952051319,18.63393534670035,147887.87406202953,103521.51184342067
,,grass,,54.39282997265769,18.64125421489881,7858.147569953343,5500.70329896734
,,grass,,54.39225778394088,18.640521618495494,6665.4276420869555,4665.799349460868
,,grass,,54.37567143645676,18.515213521670447,16908.516702734156,11835.961691913908
,,grass,,54.37668728261535,18.51233308215426,6557.31135259537,4590.117946816759
,,,grassland,54.389077097978735,18.482696737716807,5277.782353584804,3694.4476475093625
,,,grassland,54.30456429427633,18.606864789377674,26246.736981263573,18372.7158868845
,,,grassland,54.346611645386055,18.52357874334594,173856.8311360161,121699.78179521125
,,,grassland,54.33484820144799,18.565983900241406,62475.75260874955,43733.02682612468
,,grass,,54.33488354389933,18.560186449461266,1923.1100317484602,1346.177022223922
,,,grassland,54.33112194595655,18.561762236967404,31121.535583912468,21785.074908738727
,,grass,,54.314918590792374,18.590324267627967,19414.565128715054,13590.195590100537
,,,grassland,54.341601503963,18.584903052164115,65578.77575062432,45905.14302543702
,,,grassland,54.34511369587424,18.558219763051607,104001.27263441788,72800.89084409252
,,,grassland,54.332456667234844,18.537935944112697,117799.77004947311,82459.83903463118
,,,grassland,54.316792946468446,18.584928681116075,21561.227915497075,15092.85954084795
,,,wood,54.30530078585967,18.573891267622727,208550.9978145937,145985.69847021558
,,,grassland,54.310825790835814,18.59430960547161,311146.7830454593,217802.7481318215
,,,grassland,54.33818702642476,18.552951196142942,223914.80693872535,156740.36485710772
,,,grassland,54.33801047007907,18.54409273172169,97373.5819941319,68161.50739589233
,,,grassland,54.35647474793558,18.499790949529398,230164.44130747492,161115.10891523244
,,,grassland,54.35785783590416,18.506158823956522,127643.74944772235,89350.62461340564
,,greenfield,grassland,54.360908666260826,18.499565777469204,34609.81714097411,24226.871998681876
,,,wood,54.373704176729724,18.574748959049312,269746.61991300376,188822.6339391026
,,,grassland,54.37029762852759,18.56553090009909,276831.00986274326,193781.70690392028
,,,grassland,54.36636445373016,18.56044456684159,24149.989265817454,16904.992486072217
,,,wood,54.368313363414295,18.568763876036158,207579.93285226703,145305.95299658692
,,,wood,54.36610765375948,18.570860866802843,74053.06559336818,51837.14591535772
,,,wood,54.365508544903484,18.566090989972704,99141.78995686163,69399.25296980313
,,,grassland,54.36345472668779,18.571953415517115,22143.575912017353,15500.503138412147
,,,grassland,54.32025365851936,18.60793721182626,23911.356261408444,16737.94938298591
,,,wood,54.32470555636955,18.55170238810081,42444.206646588005,29710.9446526116
,,,grassland,54.287440555538105,18.605393033033916,44688.45782340564,31281.920476383944
,,grass,,54.43239541335888,18.486670828927195,29731.689232515364,20812.182462760753
,,,grassland,54.389221831839976,18.477957426221415,14755.318628823576,10328.723040176503
,,,grassland,54.34885568808307,18.540646486029193,61860.86921152974,43302.608448070816
,,,grassland,54.330333824956014,18.576104880137503,38158.41288495803,26710.88901947062
,,,grassland,54.33395328142906,18.579340166943922,307810.05625208793,215467.03937646153
,,,grassland,54.38970967776312,18.463976990547145,223279.23075291375,156295.46152703962
,,,grassland,54.42677706883953,18.489431103281007,76738.87063675917,53717.209445731416
,,,wood,54.40560668083203,18.481270511386597,657185.5059757958,460029.85418305703
,,,grassland,54.38964288281019,18.472949496880876,34615.03675813163,24230.52573069214
,,,grassland,54.38920922688922,18.474271425536777,7077.564732688876,4954.295312882213
,,greenfield,grassland,54.39249397237511,18.472054191006553,2560.209819900448,1792.1468739303136
,,,grassland,54.41766244087196,18.58005288293212,1721.443313239864,1205.0103192679046
,,grass,,54.32608668577002,18.59547074101092,8061.724869054174,5643.207408337921
,,,wood,54.30551625094044,18.626265166210768,67918.08158825229,47542.6571117766
,,,grassland,54.3095812339828,18.626408836938896,40016.63978535896,28011.64784975127
,,,wood,54.311782629315665,18.615290630221033,855943.4247502761,599160.3973251933
,,,grassland,54.32770940698637,18.610420691862192,14001.833651727167,9801.283556209017
Jar Wilanowski,park,,,54.333443431817365,18.60500360134258,302552.1254830693,302552.1254830693
,,,grassland,54.33810662601118,18.639811796424258,27669.836323655647,19368.88542655895
Park im. Steffensów,park,,,54.36727617800659,18.635676112616554,365785.3352531649,365785.3352531649
,,,wood,54.40727032413713,18.64428275273922,326825.1209077662,228777.58463543633
,,,grassland,54.28961869840123,18.639885271398693,67755.74793529301,47429.023554705105
,,,grassland,54.29767369394304,18.641216191818838,123536.1133463427,86475.27934243988
,,grass,,54.34801029613536,18.64231410370963,561.7658993919428,393.2361295743599
,,grass,,54.34815044604106,18.64192626770507,401.1005092288294,280.77035646018055
,,grass,,54.34804850614201,18.64268896892783,401.0557213950639,280.7390049765447
,,grass,,54.351899942208824,18.646326621901093,237.4276515206697,166.1993560644688
,,grass,,54.35124159930104,18.64619022875837,834.4079037703183,584.0855326392227
,,grass,,54.3493550905278,18.641816417268245,284.7303765481993,199.31126358373947
,,,grassland,54.30722534499908,18.670979618044075,189657.8907820806,132760.5235474564
,,,grassland,54.316038692633924,18.577351071221315,49982.633630737735,34987.84354151641
,,,grassland,54.33374915298162,18.56127985472064,8610.22721703782,6027.159051926474
,,,grassland,54.34437441658528,18.503208574793522,1853.8193106304386,1297.673517441307
,,grass,,54.37412389036191,18.567603237148898,1172.6905612615224,820.8833928830657
,,,grassland,54.38284649350615,18.49481981051042,123652.28667362427,86556.60067153699
,,,grassland,54.383209037037936,18.487226209291926,25357.3138815347,17750.11971707429
,,grass,,54.3500646523529,18.646295406022844,46.299317973667925,32.40952258156754
,,grass,,54.3502549264782,18.646362311423438,150.34040122519653,105.23828085763756
,,,grassland,54.3297710536157,18.591576357753233,16251.039353948248,11375.727547763774
,,,grassland,54.330631862231364,18.591245520636647,15671.548335152766,10970.083834606936
,,,grassland,54.3301839467075,18.572319868878978,119657.64278571532,83760.34995000072
,,grass,,54.311737741266946,18.67383691935433,281319.7171905287,196923.80203337007
,,,wood,54.35870698628966,18.45950092889701,163803.57543990784,114662.50280793548
,,,grassland,54.34618159293299,18.564394129954255,16784.35946443091,11749.051625101636
,,grass,,54.40369306070037,18.590028369007705,1836.2727007679002,1285.3908905375301
,,grass,,54.40382720110153,18.590254791464552,2474.0793266732107,1731.8555286712474
,garden,,,54.43156240406644,18.473128438452783,2022.5186694398906,1618.0149355519125
,,grass,,54.323698849261056,18.604659283769312,4094.592337292619,2866.214636104833
,,grass,,54.33270615281736,18.595622028231794,1625.1102287198896,1137.5771601039226
,,grass,,54.42696245052381,18.47456437739869,948.1241620565553,663.6869134395887
,,grass,,54.42751435617201,18.47516566060235,806.1110264297727,564.2777185008408
,,grass,,54.427932953615866,18.475462966553952,487.03627703253744,340.9253939227762
,,grass,,54.428393798773435,18.47587168498348,254.87195486805936,178.41036840764156
,,grass,,54.429011178956344,18.476812977547766,1727.2413685442175,1209.068957980952
,,grass,,54.42624333482021,18.473745411307043,576.9024159448672,403.83169116140704
,garden,,,54.43354162850921,18.46910241445587,2132.903156187186,1706.322524949749
,garden,,,54.432864011973365,18.47048691683219,1325.5306023679539,1060.4244818943632
,garden,,,54.43065229112937,18.47498038820354,2266.4576638086482,1813.1661310469187
,,,grassland,54.36446809868896,18.669592642486702,49408.9102072405,34586.23714506835
,,,grassland,54.3379937434295,18.548213482547474,141701.31721010534,99190.92204707373
,,forest,,54.353242448689194,18.44661075703629,3648417.7635260415,2918734.210820833
,,,wood,54.306127030022424,18.60376450395489,39311.35258234468,27517.946807641278
,,,wood,54.39293299205722,18.674773324040945,4245.68121834635,2971.9768528424447
,,,wood,54.31756101294313,18.924539770282735,9977.8145336208,6984.47017353456
,,greenfield,grassland,54.348880816540564,18.498827292510967,36214.51702579824,25350.161918058766
,,grass,,54.330220509323546,18.569382310668917,17117.022491595177,11981.915744116623
Las Miejski,,forest,,54.36595510758263,18.753859203694507,8044589.804738722,6435671.843790978
