name,amenity,leisure,tourism,latitude,longitude
Górka Kazurka,,,viewpoint,52.1366509,21.0443194
Atlantic,cinema,,,52.2315835,21.0125319
Muranów,cinema,,,52.2449411,20.9996291
Remont,nightclub,,,52.216736,21.0165767
Współczesny,theatre,,,52.2189944,21.0171498
Ateneum,theatre,,,52.2371963,21.032906
Studio Buffo,theatre,,,52.2280534,21.0265631
Teatr Kwadrat,theatre,,,52.2358793,21.0086898
Teatr Dramatyczny,theatre,,,52.2313293,21.0074971
Hybrydy,nightclub,,,52.2327432,21.0116281
"Teatr Muzyczny ""Roma""",theatre,,,52.2274112,21.0078118
,,adult_gaming_centre,,52.1718663,21.0188193
,,sports_centre,,52.2549119,21.0008289
,,,artwork,52.2171703,21.1773575
Klub Medyka,nightclub,,,52.2242426,21.000968
Impuls,,fitness_centre,,52.2713965,20.9498327
Luna,cinema,,,52.2187259,21.0191508
Muzeum Etnograficzne,,,museum,52.2381491,21.0121665
Syrena,theatre,,,52.2164477,21.0220793
TR Warszawa,theatre,,,52.2150311,21.0210451
Kopalnia,nightclub,,,52.2435332,21.0034635
Teatr Capitol,theatre,,,52.2411374,21.0029871
Pomnik Juliusza Słowackiego,,,artwork,52.2428484,21.002309
Żydowski Instytut Historyczny,,,museum,52.2443274,21.0027696
Muzeum Marii Skłodowskiej-Curie,,,museum,52.2515313,21.0085201
Muzeum Warszawy,,,museum,52.2499728,21.0113893
Muzeum Literatury,,,museum,52.2502252,21.0123863
Muzeum Teatralne,,,museum,52.2432594,21.009371
Teatr Sabat,theatre,,,52.2337872,21.0206517
Mauzoleum Walki i Męczeństwa,,,museum,52.2176184,21.0236508
Pomnik Geodezji Europejskiej,,,attraction,52.243967,21.0091784
Cinema City,cinema,,,52.1870541,21.0616152
,,,artwork,52.2496214,21.0043222
,,,artwork,52.2495875,21.0040754
Złota Kaczka,fountain,,attraction,52.236672,21.0240045
Multikino,cinema,,,52.3023121,21.0577228
,,,artwork,52.2340839,21.1090563
Muzeum Nurkowania,,,museum,52.2333872,20.98111
Kopiec Moczydłowski,,,viewpoint,52.2427444,20.955278
Gniazdo,community_centre,,,52.2257586,21.0186497
,,,artwork,52.2252532,21.070655
Bungee Jumping Mario,,sports_centre,,52.2347503,20.9540524
Pomnik Szczęśliwego Psa,,,artwork,52.2113265,20.9940324
Ośrodek Kultury Jelonki,community_centre,,,52.2279412,20.9123699
Muzeum Policji,,,museum,52.1840261,21.0054503
Galeria Promocyjna,,,gallery,52.2497777,21.0129897
Scena Letnia w Lapidarium,theatre,,,52.2502051,21.011213
Pomnik Małego Powstańca,,,attraction,52.2492766,21.0096187
Muzeum Cechu Rzemiosł Skórzanych,,,museum,52.2497656,21.0104493
Baj,theatre,,,52.2524956,21.0346245
Muzeum Farmacji,,,museum,52.2490905,21.0114523
Siłacz,,,artwork,52.2497348,21.0141328
Dzwon na Kanonii,,,artwork,52.2492665,21.0139665
Muzeum Rzemiosł Artystycznych i Precyzyjnych,,,museum,52.2484982,21.0107815
Instytut Słowacki,arts_centre,,,52.2507987,21.0115094
Dominikanskie Duszpasterstwo Akademickie Freta,community_centre,,,52.2521463,21.0098868
,,,artwork,52.2525563,21.0080646
,,,artwork,52.2526928,21.0086257
,,,artwork,52.24941,21.0045539
,fountain,,artwork,52.2500336,21.0052649
Agnieszka Osiecka,,,artwork,52.2331139,21.0546549
,,,viewpoint,52.257262,21.0241134
Fotoplastikon Warszawski,,,museum,52.2285899,21.0086432
Narodowe Muzeum Techniki,,,museum,52.2305729,21.0058739
Sala Kongresowa,theatre,,,52.2314997,21.0049699
Teatr Studio,theatre,,,52.2326368,21.0067376
Multikino,cinema,,,52.2293815,21.0018301
Muzeum Geologiczne,,,museum,52.2107922,20.9860198
Kocham Pragę,community_centre,,,52.2502863,21.0416471
Kino Kultura,cinema,,,52.2433382,21.014189
Teatr Lalka,theatre,,,52.232917,21.0065368
Aplauz Fitness Club,,fitness_centre,,52.2520975,20.9124988
Energy Fitness,,fitness_centre,,52.2447214,21.09302
Scena Przodownik,theatre,,,52.2041402,21.0193928
Gołąb,,,artwork,52.1624544,21.0259656
Cosmo Golem,,,artwork,52.2160009,21.0034736
Hulakula Rozrywkowe Centrum Miasta,,sports_centre,,52.2732681,21.0170546
Ruszt biblioteczny,,,artwork,52.2420725,21.0248068
,,,viewpoint,52.2425481,21.0263268
Brama Wjazdowa do pałacu w Wilanowie,,,attraction,52.1651066,21.0882945
Mi-2URN,,,attraction,52.181818,21.0665976
Mi-2T,,,attraction,52.1818486,21.0667759
Mi-2R,,,attraction,52.1818142,21.0666914
,,,attraction,52.1818094,21.066996
Praskie anioły,,,artwork,52.2531054,21.0383947
Pomnik Hipcia,,,artwork,52.2604592,21.0179103
Scena Chmielna,nightclub,,,52.232779,21.0189532
U-jazdowski,cinema,,,52.2193386,21.0309023
Okęcie - Górka Spoterska,,,viewpoint,52.170607,20.9427977
MIMS galeria,arts_centre,,,52.2352261,21.0356247
Muzeum Fryderyka Chopina,,,museum,52.2364733,21.0229197
Organizacje Kombatanckie Dzielnicy Żoliborz,community_centre,,,52.2628241,20.9908495
Teatr Akt,theatre,,,52.2554333,21.1116869
Kręgielnia Saska,,bowling_alley,,52.2369266,21.058491
Klub Alternatywny,community_centre,,,52.2618112,21.0378691
Indeks,nightclub,,,52.2396532,21.0173195
Akademia Karate Tradycyjnego,,sports_centre,,52.2469622,21.0952661
Centrum Społeczności Żydowskiej,community_centre,,,52.2324857,21.0174964
Kopa Cwila,,,viewpoint,52.1643056,21.0222367
Holmes Place,,fitness_centre,,52.1876753,20.8991435
Chrystus z Rio de Janeiro,,,artwork,52.3150187,21.0019639
Wodozbiór Wisły,,,attraction,52.2965938,20.9617606
Mieszko I,,,attraction,52.1410917,21.0703976
,,sports_centre,,52.1796802,21.027729
Artystyczny Dom Animacji Kino ADA,arts_centre,,,52.2074645,20.9078284
filia Ognisko Pracy Pozaszkolnej nr 4,community_centre,,,52.2238963,21.0828661
,,,viewpoint,52.2133616,21.0306088
,,,viewpoint,52.2173437,21.0354373
Widok na Zamek Ujazdowski,,,viewpoint,52.2190975,21.045009
,,,attraction,52.2395739,21.0212746
Głazy narzutowe,,,attraction,52.1981683,21.024364
Mur Getta Warszawskiego,,,attraction,52.2307885,20.9988509
,,,viewpoint,52.2129539,21.0356853
,bench,,artwork,52.2068112,21.0814802
"Centrum Kultury ""Saska Kępa""",arts_centre,,,52.2255656,21.0601131
Rytm,,,artwork,52.2417343,21.0588161
Tancerka,,,artwork,52.2440083,21.0505181
Kąpiąca się,,,artwork,52.2429536,21.0524313
,,,artwork,52.2494676,21.0042153
Ikar,arts_centre,,,52.1793482,20.9478708
Zdrofit,,fitness_centre,,52.2325351,20.9632583
Muzeum Liczników,,,museum,52.2655841,21.0828719
Zdrofit,,fitness_centre,,52.1811097,21.0273051
Centrum Kultury Koreańskiej,community_centre,,,52.2345499,21.0310362
Praskie Aniołki,,,artwork,52.2526463,21.0383314
Muzeum Neonów,,,museum,52.2501511,21.0623554
Praski aniołek,,,artwork,52.2544204,21.0359638
Polonia,theatre,,,52.2236311,21.0159249
Praski Aniołek „Borys”,,,artwork,52.2525222,21.0516191
Muzeum Sportu i Turystyki,,,museum,52.2741639,20.9968897
Palma,,,artwork,52.2318536,21.0208595
,,adult_gaming_centre,,52.2012402,21.0329308
Explosion,nightclub,,,52.2216011,21.0848236
Kot Niezależny Cyryl,,,artwork,52.2300216,21.0875276
Białołęcki Ośrodek Kultury,arts_centre,,,52.3135966,20.9532725
Yoga Republic,,fitness_centre,,52.2194965,21.0184878
Gravitan,,fitness_centre,,52.3049308,21.0774847
Wgórę,,sports_centre,,52.1965578,21.0262555
,,,attraction,52.241388,21.0278061
Centrum sportowe,,sports_centre,,52.1879536,20.9609342
,,adult_gaming_centre,,52.1737689,21.0194911
Miejski Ośrodek Kultury,community_centre,,,52.2505361,21.2436405
,,,viewpoint,52.2166192,21.0844376
ADA Puławska,community_centre,,,52.2076804,21.0227835
Klub SPATiF,nightclub,,,52.2267422,21.0231138
Zdrofit,,fitness_centre,,52.2772754,21.0494529
Kibitka,,,attraction,52.2662809,21.0003656
Armaty carskie,,,attraction,52.2663587,21.0017156
Kinoteka,cinema,,,52.2313226,21.0064611
Dziekanat 161,nightclub,,,52.1625408,21.039606
Toguna,,,artwork,52.2920367,21.0411364
Druga Strefa,theatre,,,52.1861752,21.0055722
Kino Świt,cinema,,,52.2847966,21.0215986
,,,artwork,52.2564499,20.968972
Dom Spotkań z Historią,,,museum,52.2423949,21.0167091
Zdrofit,,fitness_centre,,52.2355293,21.0846287
Poradnia Psychologiczno-Pedagogiczna,community_centre,,,52.2266202,20.9150229
Pałac Kultury i Nauki,,,viewpoint,52.2318196,21.0062565
147 Break,pub,sports_centre,,52.224449,20.9905374
Muzeum Andrzeja Struga,,,museum,52.217627,21.0054501
TuPraga,arts_centre,,,52.25922,21.0338395
Centrum Sztuki Destrukcyjnej,community_centre,,,52.2413306,20.9960408
Teatr Kamienica,theatre,,,52.2432284,20.9985792
Bug,,,artwork,52.2145807,21.0355159
Wisła,,,artwork,52.2145842,21.0361144
Bachantka chwytająca winne grono z ręki satyra,,,artwork,52.2146417,21.0356679
Hermafrodyta odtrącający nimfę Salmakis,,,artwork,52.2146461,21.0359699
Tańczący Satyr,,,artwork,52.2149699,21.0355974
Bachantka,,,artwork,52.2149746,21.0360158
,,,artwork,52.2149986,21.0357541
,,,artwork,52.2149998,21.03585
,,,artwork,52.2150603,21.0358479
,,,artwork,52.2150611,21.035752
,,,artwork,52.250155,21.0051425
,,,artwork,52.2501898,21.0050663
,,,artwork,52.2501938,21.0052206
Tokio Fitness Club,,fitness_centre,,52.3194097,20.9658355
527 Kilometr Wisły,,,viewpoint,52.3432535,20.927271
Kino Akademickie,cinema,,,52.254997,20.895534
Energy Fitness,,fitness_centre,,52.2055909,21.032661
Spotkania z Europą,,,museum,52.2355255,21.0111258
Siłownia pod chmurką,,fitness_centre,,52.2250347,20.9196443
,,amusement_arcade,,52.2238818,20.9174449
Pałac Młodzieży,community_centre,,,52.2322993,21.005865
Klub Komediowy,theatre,,,52.2197709,21.0170469
Nastula Club,,sports_centre,,52.2725563,20.9632421
Mrs.Sporty,,fitness_centre,,52.172388,21.0209148
Pani S.,,,artwork,52.2119366,20.9975757
Biennale Warszawa,arts_centre,,,52.2215263,21.0185237
Faktyczny Dom Kultury,community_centre,,,52.2352583,21.0196639
Cinema City,cinema,,,52.2570333,20.9847275
Multikino,cinema,,,52.2417033,20.9327746
Anioł Stróż,,,artwork,52.2910323,21.038796
Do odnalezienia,,,artwork,52.2894076,21.0374312
Do odnalezienia,,,artwork,52.2899488,21.0381072
Nie jesteś sam,,,artwork,52.2911618,21.0372433
Do odnalezienia,,,artwork,52.2900008,21.0372011
Sylwia,,,artwork,52.2905953,21.0393274
Raj,,,artwork,52.2908704,21.0389945
Muzeum Jana Pawła II i Prymasa Wyszyńskiego,,,museum,52.1585582,21.0718394
Muzeum Jerzego Popiełuszki,,,museum,52.2675508,20.9840931
Muzeum gen. Władysława Sikorskiego,,,museum,52.2032258,21.0345951
Muzeum Harcerstwa,,,museum,52.2282068,21.0262487
Muzeum Historii Medycyny,,,museum,52.2064824,20.9858781
Teatr Żydowski,theatre,,,52.2426951,21.0053653
Muzeum Historii Spółdzielczości w Polsce,,,museum,52.2335931,21.0119722
Muzeum Legii Warszawa,,,museum,52.2213566,21.0406921
Muzeum SGGW,,,museum,52.1638246,21.0444657
Muzeum Uniwersytetu Kardynała Stefana Wyszyńskiego,,,museum,52.2952446,20.9599765
Muzeum Uniwersytetu Warszawskiego,,,museum,52.2403663,21.0168882
Święta Barbara,,,artwork,52.2327274,21.0374375
I LOVE FITNESS,,sports_centre,,52.3318087,20.9421054
Zdrofit,,fitness_centre,,52.2456302,20.9059648
Siłownia Plenerowa,,sports_centre,,52.2769987,20.9171655
SkyStudio Klub Fitness,,sports_centre,,52.2755683,20.9210962
Tankred i Klorynda,,,artwork,52.2144095,21.0369908
,,,artwork,52.261478,20.9930311
Warsztatowa Akademia Musicalowa,,dance,,52.2642782,20.9704033
,,,artwork,52.285518,20.9514552
Centrum Tancerza – TLD,,dance,,52.2685761,20.9911942
Muzeum Woli,,,museum,52.2278836,20.9897384
FitnessPark Agora,,fitness_centre,,52.2035334,21.0472518
Skład Butelek,nightclub,,,52.2590956,21.0370317
Siłownia Gladiator,,fitness_centre,,52.2810007,20.9495897
,,,viewpoint,52.1942002,21.0725652
ZanziBar,nightclub,,,52.2287584,21.0137508
Maszt Wolności,,,attraction,52.2547713,20.9821756
Akademia Walki,,sports_centre,,52.2424132,21.070583
Mrs. Sporty,,fitness_centre,,52.2372116,21.056882
Cinema City,cinema,,,52.1790541,21.0040401
,,adult_gaming_centre,,52.2288204,21.0131632
McFit,,fitness_centre,,52.2336834,21.1028553
Prawda,,,artwork,52.2405539,21.0090829
Twórczość,,,artwork,52.2405693,21.0091852
Astronomia,,,artwork,52.2405895,21.0093195
Medycyna,,,artwork,52.2406555,21.0097337
,,,artwork,52.2406746,21.0090345
Zima,,,artwork,52.2406797,21.009901
,,,artwork,52.2407102,21.009271
,,,artwork,52.24077,21.0096894
Jesień,,,artwork,52.2407923,21.0098601
Dzielnicowy Ośrodek Kultury Wola im. S. Żeromskiego,arts_centre,,,52.2465446,20.9478685
Bielańska Scena Kameralna,theatre,,,52.2762314,20.9478341
Alina,fountain,,artwork,52.2685704,20.9879855
"Żoliborski Dom Kultury, Prochownia Południowa",arts_centre,,,52.2678781,20.9888723
Fundacja Jeden Drugiemu,community_centre,,,52.2442512,20.9575025
Mig-21,,,attraction,52.2104357,21.0135617
,clock,,artwork,52.2108931,21.0339859
Jutrzenka,,,artwork,52.2095647,21.0337068
QueerMuzeum,,,museum,52.2256881,21.0136893
Herkules,,,artwork,52.216108,21.0321191
Cassiopeia-Art.pl,,sports_centre,,52.2421315,20.9448723
Studio Zdrowia,,sports_centre,,52.2468071,20.9569537
,,,viewpoint,52.1519843,21.2565757
,,,artwork,52.2158436,21.0306138
,,,artwork,52.2158498,21.0300976
,,,artwork,52.2158507,21.0300002
,,,artwork,52.2158556,21.0294875
Tygmont,nightclub,,,52.236993,21.0133254
Centrum Wspinaczkowe On Sight,,sports_centre,,52.2480282,20.9538627
Słup powodziowy,,,attraction,52.1663675,21.0917947
Zdrofit,,fitness_centre,,52.2625599,20.9805058
Uzależnienia Behawioralne,,,artwork,52.247668,20.9572517
Taras widokowy Lotniska im. F. Chopina,,,viewpoint,52.170265,20.9718653
Górka Spotterska,,,viewpoint,52.1657656,20.9518087
"Młodzieżowy Dom Kultury ""Mokotów""",arts_centre,,,52.1957644,21.0128422
,,escape_game,,52.2644583,20.9697407
Chłopiec z łabędziem,fountain,,artwork,52.2412265,21.0084477
Spin City,,bowling_alley,,52.2659095,20.933107
,,amusement_arcade,,52.2659144,20.9325023
Hangar 646,,fitness_centre,,52.2220217,21.0827851
Maurycy Mochnacki,,,artwork,52.2121767,21.0303247
Maria z Jezusem,,,artwork,52.2542074,21.0085661
,,,artwork,52.2349756,21.1001921
Wzlot,,,artwork,52.2348954,21.1002506
Klub Osiedlowy Relax,community_centre,,,52.2367,21.1053393
,,,viewpoint,52.2048361,20.9580101
McFit,,fitness_centre,,52.2367906,21.0188502
Queens,nightclub,,,52.2328975,21.0177798
Relax,nightclub,,,52.2859281,20.9580712
,,,artwork,52.2695743,20.9879539
Rumuński Instytut Kultury,community_centre,,,52.2228935,21.0217171
Calypso,,fitness_centre,,52.1541556,21.0567156
,,,artwork,52.2494342,21.0044553
Gnojna Góra,,,viewpoint,52.2499596,21.014098
Zdrofit,,fitness_centre,,52.2068395,21.1676423
Egurrola Dance Studio,,dance,,52.206873,21.1678205
Centrum Wielokulturowe w Warszawie,community_centre,,,52.2590907,21.0269579
Muzeum Łowiectwa i Jeździectwa,,,museum,52.2135312,21.0390467
Room Escape,,escape_game,,52.2210702,21.0150865
Muzeum Warszawskiej Pragi,,,museum,52.2516132,21.0393123
Papierowa Łódeczka,,,artwork,52.2375487,21.0425801
Murall Centrum Wspinaczkowe,,sports_centre,,52.3024951,21.0197177
Makak Arena Wspinaczkowa,,sports_centre,,52.2973763,20.9063394
Crux Boulder,,sports_centre,,52.2244931,21.0101832
Enklawa,nightclub,,,52.2377865,21.0131593
Bank Club,nightclub,,,52.2380964,21.0130693
Ritual,nightclub,,,52.2376901,21.0131794
Sketch Nite,nightclub,,,52.2377596,21.0127528
,,,artwork,52.2515771,21.0118158
,,,artwork,52.2516819,21.0122993
,,,artwork,52.2517249,21.0122325
Galeria Rzeźby,,,artwork,52.2517656,21.0121719
,,,artwork,52.2518142,21.0122476
Muzeum Archidiecezji Warszawskiej,,,museum,52.2487185,21.0139793
,clock,,artwork,52.2421314,20.922691
Mozaika,community_centre,,,52.2344585,20.9687285
Zagadkownia,,escape_game,,52.231594,21.015429
Instytut Francuski,arts_centre,,,52.2314646,21.0145635
Love Dance Academy,,dance,,52.3243738,21.053645
Lombard,,adult_gaming_centre,,52.2805158,20.9503218
Dom Białoruski,community_centre,,,52.2264158,21.0249663
Rozdroże 2010,,,artwork,52.2562148,21.0096311
Rozdroże 2010,,,artwork,52.256235,21.0097017
Rozdroże 2010,,,artwork,52.2562565,21.0097821
Rozdroże 2010,,,artwork,52.2562782,21.0098522
Saturn Fitness,,sports_centre,,52.2840575,20.9091596
Pomnik litery A,,,artwork,52.2515772,20.9865716
,,,artwork,52.2407312,21.0102517
,,,artwork,52.2407778,21.0101191
,,,artwork,52.2408106,21.0103384
,,,artwork,52.240859,21.0102024
Flora,,,artwork,52.2407842,21.01059
Chwała,,,artwork,52.2408502,21.0110515
Wenus,,,artwork,52.2409094,21.0105532
Geografia,,,artwork,52.2409784,21.011
Centurion (A41) MK 5,,,attraction,52.2312581,21.0265559
IŁ-2M3,,,attraction,52.2312945,21.0261622
T-55AMS,,,attraction,52.2313016,21.0265835
Jak-9P,,,attraction,52.231342,21.0259998
IŁ-10,,,attraction,52.2313729,21.0262145
T-55U,,,attraction,52.2313398,21.0266113
TU-2S,,,attraction,52.2314297,21.0260181
PT-76,,,attraction,52.231376,21.0266373
PE-2FT,,,attraction,52.2314732,21.0262229
T-34-85M,,,attraction,52.2314102,21.0266649
BRDM,,,attraction,52.2315393,21.0268943
Mi-24D,,,attraction,52.2316898,21.0261649
BTR-152,,,attraction,52.2315836,21.0269522
Su-22M4,,,attraction,52.2315879,21.026628
Mi-8T,,,attraction,52.2316083,21.0257775
Mi-2P,,,attraction,52.2316364,21.0259587
"I-22 ""Iryda""",,,attraction,52.2317281,21.026533
AN-26,,,attraction,52.2318087,21.0265733
Studio Tańca Rytm,,dance,,52.236892,20.9565529
,,,viewpoint,52.3161836,20.9280273
Narodowe Centrum Kultury,arts_centre,,,52.2320637,20.9661674
VooDoo Club,nightclub,,,52.2243874,20.9592251
CrossFit genius,,sports_centre,,52.22126,20.960351
,,,artwork,52.1991152,21.0243866
Chwała,,,artwork,52.2405909,21.008944
Historia,,,artwork,52.2408081,21.0111041
Jowisz,,,artwork,52.2410364,21.0110131
Malarstwo,,,artwork,52.2404912,21.0095312
Muzyka,,,artwork,52.240859,21.0093821
Rzeźbiarstwo,,,artwork,52.2404984,21.0095939
,,,artwork,52.2408672,21.0094414
,,,artwork,52.2159179,21.0304918
,,,artwork,52.2159238,21.0299922
,,,artwork,52.2159238,21.0300962
,,,artwork,52.2159254,21.0295975
Kaligula,,,artwork,52.2159786,21.0300948
Hadrian,,,artwork,52.2159795,21.0299943
,,,artwork,52.2160495,21.0305542
Juliusz Cezar,,,artwork,52.2160501,21.0302164
,,,artwork,52.2160511,21.0304924
Wespazjan,,,artwork,52.2160517,21.0298793
,,,artwork,52.216055,21.0296014
,,,artwork,52.2161116,21.0304972
Tyberiusz,,,artwork,52.2161133,21.0302217
,,,artwork,52.2161136,21.0305586
Pompejusz,,,artwork,52.2161165,21.0298812
,,,artwork,52.216117,21.0296062
Witeliusz,,,artwork,52.2161877,21.0301043
Trajan,,,artwork,52.216188,21.0300008
,,,artwork,52.2162363,21.0305004
,,,artwork,52.2162418,21.0300038
,,,artwork,52.2162421,21.0301083
,,,artwork,52.2162453,21.0296071
Mrs.Sporty,,sports_centre,,52.2439355,20.962559
Żyrafa,,,artwork,52.2527836,21.0255491
,,,artwork,52.21805,20.9640317
Zdrofit,,fitness_centre,,52.1870615,21.0468618
2Wieże,,sports_centre,,52.3182165,21.0061802
Energy Fitness,,fitness_centre,,52.3141985,20.956746
Fort Fitness,,fitness_centre,,52.3451839,20.9525166
Admiral,,adult_gaming_centre,,52.2045978,21.0235283
Rycerz,,,artwork,52.2499034,21.0099173
Palestra Muay Thai Gym,,sports_centre,,52.1947149,20.9403267
Calypso Fitness Warszawa Bielany,,sports_centre,,52.2912362,20.9363057
Total Fitness Ochota,,fitness_centre,,52.2126405,20.9582839
Well Art,theatre,,,52.2649356,20.9930483
Progresja Music Zone,nightclub,,,52.2247998,20.9288574
,bench,,artwork,52.2296163,21.0066311
Muzeum Sztuki Nowoczesnej,,,museum,52.2327651,21.0019577
Żoliborski Dom Kultury,arts_centre,,,52.2654564,20.9898655
,,,attraction,52.2967716,20.9877232
,,,attraction,52.2967744,20.9877221
,,,attraction,52.2967774,20.9877208
,,,attraction,52.2967802,20.9877196
,,,attraction,52.2967834,20.9877184
Amondo,cinema,,,52.22868,21.0158483
Dom Ukraiński,community_centre,,,52.247191,20.9964939
Odessa,nightclub,,,52.2249236,20.9799922
Energy Fitness Club,,fitness_centre,,52.2392596,20.9402359
Lotto,,adult_gaming_centre,,52.2374741,20.9599054
kamień Omfalos,,,artwork,52.2136538,21.0289017
Joga Sztuka Życia,,fitness_centre,,52.2442456,21.0987681
Wierzbno,,,artwork,52.1937493,21.0143798
Galeria XX1,,,gallery,52.2405938,20.9954052
CityFit,,fitness_centre,,52.2345542,20.9993028
,,,artwork,52.2317224,21.0114885
You and Me,,,artwork,52.2355257,21.0020207
Viva Cuba Dance Studio,,dance,,52.2415215,21.0028384
Free Khadija,,,artwork,52.2477395,20.9570194
Heart Gym & Wellness,,fitness_centre,,52.2367996,20.9989641
Zdrofit,,fitness_centre,,52.2261426,20.9505388
Zdrofit,,fitness_centre,,52.2859048,20.9545357
CodeRED,nightclub,,,52.2345046,21.0005506
Bunkier Ringstand 58c,,,attraction,52.2286194,20.9591444
Ringstand 58c,,,attraction,52.2221976,20.9682361
Squash City,,sports_centre,,52.1943364,20.9243916
,,,artwork,52.2445645,20.9467625
Impuls - Studio doskonalenia sylwetki,,fitness_centre,,52.2732956,20.9448877
Torreador,,,artwork,52.2336523,21.0022389
Lotto,,adult_gaming_centre,,52.2290398,20.9680588
Shangri-la Pracownia Muzyczno- Artystyczna,community_centre,,,52.156249,21.0519186
"Klub Kultury ""Falenica""",arts_centre,,,52.1597085,21.207703
,,,viewpoint,52.2965223,20.9809427
,,,viewpoint,52.2955381,20.9834205
Zdrowy Punkt,,fitness_centre,,52.2312234,20.990028
Aktywna Lady Fitness,,fitness_centre,,52.164597,21.2073728
Kinokawiarnia Stacja Falenica,cinema,,,52.1621612,21.2109986
Escape Room Majdańska 18,,escape_game,,52.2408304,21.08912
Fitness Mambo Club,,fitness_centre,,52.2181621,21.2229355
Miejsce Aktywności Lokalnej,community_centre,,,52.2759314,20.9783162
TKKF Herkules,,fitness_centre,,52.2361152,21.0545647
"Klub Młodzieżowy ""Żoliborz""",community_centre,,,52.275204,20.9784525
Siedząca,,,artwork,52.2208251,21.0299713
Rozkwit,,,artwork,52.2208576,21.0291933
Gladiator,,,artwork,52.2235308,21.0248231
Aspekty,,,gallery,52.2259137,21.0238572
Siłownia plenerowa,,fitness_centre,,52.2453141,20.9868979
Anytime Fitness,,fitness_centre,,52.2619156,20.9808034
NoLimit Dziki,,fitness_centre,,52.2528327,20.987855
Baza,,amusement_arcade,,52.253332,20.991071
Arena,pub,sports_centre,,52.231632,20.9946025
ZwalczNude.pl,community_centre,,,52.2462293,21.0795988
Billboard,bar,sports_centre,,52.2286801,20.974316
"Spółdzielczy Dom Kultury ""Lira""",community_centre,,,52.296665,21.037397
Zdrofit,,fitness_centre,,52.2574607,20.9578969
Art Room,arts_centre,,,52.1330017,21.0738802
Zdrofit,,fitness_centre,,52.2557649,20.9928398
,drinking_water,,artwork,52.2549739,21.0050092
Hydrozagadka,nightclub,,,52.2591475,21.0369966
Cinema City,cinema,,,52.3174414,20.9677134
Zdrofit,,fitness_centre,,52.317684,20.9653865
CityFit,,fitness_centre,,52.2997718,21.056876
"Aleksander ""Kamyk"" Kamiński",,,artwork,52.211426,21.02851
Ewa,,,artwork,52.2217628,21.0262573
,,,artwork,52.2315897,21.007091
Kibice Razem,community_centre,,,52.255632,21.00015
Pinball Station,,amusement_arcade,museum,52.2245873,20.9784057
,,,attraction,52.2314269,21.0257675
,,,attraction,52.2313798,21.0257463
,,,attraction,52.231315,21.0257733
Dom Kultury Śródmieście,arts_centre,,,52.2330247,21.0249702
Bielański Ośrodek Kultury,arts_centre,,,52.2847176,20.9356006
Palladium,theatre,,,52.2327185,21.0117601
Teatr Małego Widza,theatre,,,52.2496936,21.0139633
,,,artwork,52.2350785,21.0032013
Otwarta Kolonia,community_centre,,,52.236651,20.9681681
"Klub Seniora ""Barka""",community_centre,,,52.2813402,20.9767284
CrossFit Elektromoc,,fitness_centre,,52.2821657,20.973391
,,,artwork,52.1925712,21.0702699
Grande Toscano,,,artwork,52.1979581,21.0473062
Akademia Ruchu. Centrum Rehabilitacji Kompleksowej,,fitness_centre,,52.2836351,20.9780736
Lvl,,amusement_arcade,,52.2320592,21.0097072
Zdrofit,,fitness_centre,,52.1845988,20.9894399
Zdrofit Westfield Mokotów,,fitness_centre,,52.1804731,21.0029257
Żyrafa,,,artwork,52.3399739,21.047769
,,,artwork,52.2485302,20.9425219
Bohdan Pniewski,,,artwork,52.2219959,21.0129477
,,,viewpoint,52.2510024,21.0165872
Osioł somalijski,,,attraction,52.2593593,21.018573
Biennale Warszawa,arts_centre,,,52.2213163,21.0174348
Artis,,fitness_centre,,52.1635112,21.0815994
Herkules,,fitness_centre,,52.277605,20.9910655
Palestra,,fitness_centre,,52.1306865,21.0562633
Bird and snake murales,,,artwork,52.2501842,21.055142
Plac zabaw,,,artwork,52.260945,21.0423708
Warszawa Wschodnia,,,artwork,52.261858,21.0418539
Walka,,,artwork,52.2275799,20.948049
Żyrafa,,,artwork,52.2274381,20.9479117
Koncert,,,artwork,52.227505,20.9475999
Bohaterom Woli,,,artwork,52.227419,20.947241
Dzieciom poległym za Warszawę,,,artwork,52.227319,20.9477035
Jutrzenka,,,artwork,52.2272457,20.9473434
Glob,,,artwork,52.2272276,20.9469832
Planetoida,,,artwork,52.2272817,20.9468925
Kompozycja,,,artwork,52.227783,20.9481675
Drogowskazy,,,artwork,52.2275286,20.9487229
Biennal,,,artwork,52.227728,20.9493757
Stalowa etiuda,,,artwork,52.227707,20.9489088
Baza,,,artwork,52.2281131,20.9490121
Melodia,,,artwork,52.2279816,20.949133
Żagle,,,artwork,52.2279327,20.9488589
Totem,,,artwork,52.2279741,20.9486745
Awangarda,,,artwork,52.227767,20.9484072
"""Nasz Klub"" klub osiedlowy Robotniczej Spółdzielni Mieszkaniowej Praga",arts_centre,,,52.27378,21.062286
,,,artwork,52.2287951,20.9483914
Karuzella,arts_centre,,,52.27557,21.0612715
Abra Studio,,dance,,52.2460665,21.0028977
"Dom Sąsiedzki ""Moje Szmulki""",community_centre,,,52.2597194,21.0559174
,,,artwork,52.2406892,21.0091443
,fountain,,artwork,52.242185,21.0276735
Ławeczka Chopina,bench,,attraction,52.2411633,21.0162196
,,,viewpoint,52.1819825,20.9679883
T-55U,,,attraction,52.1830802,21.0667504
An-2,,,attraction,52.1822776,21.0657538
Ił-28,,,attraction,52.1815519,21.0661864
T-72,,,attraction,52.1829795,21.0666477
T-55AM,,,attraction,52.1830457,21.0667192
M4A1 Grizzly,,,attraction,52.1831798,21.0668372
IS-3,,,attraction,52.1831155,21.0667835
T-55AM (KMT-5),,,attraction,52.1830156,21.0666798
SU-76,,,attraction,52.1829169,21.066588
T-34-76 (1942),,,attraction,52.1832777,21.0668989
IS-2M,,,attraction,52.1831469,21.0668137
Sexton Mk2,,,attraction,52.1828976,21.066913
SU-85,,,attraction,52.182891,21.066563
ISU-152,,,attraction,52.1828599,21.0665253
PT-76,,,attraction,52.1829468,21.0666189
T-34-85,,,attraction,52.1832414,21.0668794
,,,viewpoint,52.2151321,21.0933618
CrossFit 12U1,,fitness_centre,,52.163656,21.0707462
McFit,,fitness_centre,,52.1812562,21.0031131
Centrum Kultury Jidysz,community_centre,,,52.2484567,20.99725
Total Fitness,,fitness_centre,,52.2243653,21.0915234
,,,artwork,52.1874259,20.9880856
Capitol,nightclub,,,52.2411338,21.0030982
Centrum Pieniądza NBP,,,museum,52.236194,21.0146588
Kino na Bok-u,cinema,,,52.3135574,20.9534262
"Pływalnia ""Szuwarek""",,sports_centre,,52.2437044,21.1126313
Zdrofit,,fitness_centre,,52.318979,20.9628787
Matka boska,,,artwork,52.2672029,20.9836168
Papugarnia Carmen,,,attraction,52.1958117,20.925997
Salon gier na automatach,,adult_gaming_centre,,52.2320021,21.0002111
Powstańcy Warszawy,,,artwork,52.2808505,20.9803835
Satwa joga,,fitness_centre,,52.2650725,20.9860349
Jogalates,,fitness_centre,,52.2023614,21.1528589
Klub Mechanik,nightclub,,,52.2029819,21.0010068
Jump Arena,,sports_centre,,52.3194389,21.0075034
Stara pompa,,,artwork,52.1946914,20.8853205
Chrystus Frasobliwy,,,artwork,52.1935842,20.8851491
Park Czechowicki,,,artwork,52.1916829,20.8835108
,,,viewpoint,52.2482406,21.0906926
Białołęcki Ośrodek Kultury Głębocka 66,arts_centre,,,52.3113189,21.067602
Rozmowa w cztery oczy,,,artwork,52.2100041,20.9975018
Paluch - Górka Spotterska,,,viewpoint,52.1603294,20.9660427
Niedźwiedź i motyl,,,artwork,52.1416295,21.0547053
Sikorki,,,artwork,52.1394856,21.0514038
Stanisław Anioł Stróż,,,artwork,52.1414285,21.0451001
Zofia Stryjeńska,,,artwork,52.1407566,21.0456935
Greetings from Ursynów,,,artwork,52.1372611,21.0505015
Mała Łąka,,,artwork,52.1362234,21.0528987
Splendor Solis,,,artwork,52.2654049,21.0042762
Zdrofit,,fitness_centre,,52.217809,21.0142354
Ślizg,,,artwork,52.2623047,21.0061761
Ikar,,,artwork,52.2665362,21.0037075
Szczelina,,,artwork,52.2627579,21.0058611
Room 13,nightclub,,,52.2378888,21.012811
TR Warszawa/ATM Studio,theatre,,,52.1915592,21.1242437
Multikino,cinema,,,52.2128657,20.9504945
Krasnal Życzliwek Podróżnik,,,artwork,52.2525943,21.0150785
Zdrofit,,fitness_centre,,52.2315835,21.0163508
Zdrofit,,fitness_centre,,52.1872428,21.0475761
Total Fitness,,fitness_centre,,52.1643579,21.0710972
,,,viewpoint,52.2738787,21.0064807
ZUPP,community_centre,,,52.1943461,21.0237308
MK Bowling,,sports_centre,,52.2957104,20.9311415
Zdrofit,,fitness_centre,,52.2948595,20.9304721
Multikino,cinema,,,52.2945048,20.9300545
"Feliks ""Papa"" Stamm",,,artwork,52.238044,20.9974692
Room Escape,,escape_game,,52.2569657,21.0366355
Joga Rytm,,fitness_centre,,52.2090608,20.9913452
McFit,,fitness_centre,,52.2249481,20.9911444
City Fit,,fitness_centre,,52.2440514,21.0869026
Instytut Liszta. Węgierskie Centrum Kultury,arts_centre,,,52.2348017,21.010042
Muzeum Polskiej Wódki,,,museum,52.2553935,21.0459882
Buława Sobieskiego,,,artwork,52.1655177,21.0826898
Klub Osiedlowy Surma,community_centre,,,52.2134573,20.9729012
Strefa Formy,,fitness_centre,,52.2076731,20.8907096
Miejsce Projektów Zachęty,,,gallery,52.2340374,21.0199067
,,,viewpoint,52.1949845,20.9163264
Muszla Bielańska,,,artwork,52.2822728,20.9427528
Samogłoska Miejsce Aktywności Lokalnej,community_centre,,,52.3109612,20.9205762
,,,viewpoint,52.2511172,21.0113725
,,,artwork,52.281775,20.9485371
Przysięga Powstania 1944,,,artwork,52.2804094,20.9810839
,,,artwork,52.2464691,21.0689262
JogaMed,,fitness_centre,,52.1559574,21.0306004
Madame Fit,,fitness_centre,,52.1347852,21.061927
Zdrofit,,fitness_centre,,52.2235674,21.2439962
Arboretum,,,attraction,52.1091882,21.0959046
Paw,,,artwork,52.1586459,21.0268999
Alegoria Wody,,,artwork,52.2146298,21.0350323
,,,artwork,52.2163976,21.0294015
Pies As,,,artwork,52.216808,21.0306228
,,,artwork,52.2160537,21.0295388
,,,artwork,52.2161178,21.0295432
,,,artwork,52.2158834,21.0300021
,,,artwork,52.2158834,21.0300924
,,,artwork,52.2158797,21.0305559
,,,artwork,52.2162751,21.030563
,,,artwork,52.2162816,21.0295505
,,,artwork,52.2158899,21.0295434
,,,artwork,52.215887,21.0297205
,,,artwork,52.2158826,21.0303777
Studio Sprawnego Ciała,,fitness_centre,,52.2242058,21.0145084
Zdrofit,,fitness_centre,,52.1637481,21.0259566
Mokotowskie Centrum Integracji Mieszkańców,community_centre,,,52.1896941,21.0055644
Ladies Gym,,fitness_centre,,52.1540069,21.0355929
Muzeum Świat Iluzji,,,museum,52.2494363,21.0116788
Klub Seniora SMB Jary,community_centre,,,52.1569763,21.0234542
Lwy,,,artwork,52.1578394,21.0236899
,,,artwork,52.1565204,21.0233316
Cinema City,cinema,,,52.2656798,20.9327521
Iluzjon,cinema,,,52.2055774,21.0109241
Kino Elektronik,cinema,,,52.2609868,20.9920787
"Spółdzielczy Klub ""Junona""",community_centre,,,52.2921598,21.0204635
Galeria Brama Bielańska,,,gallery,52.2673251,21.000787
Muzeum X Pawilonu Cytadeli,,,museum,52.2667837,21.0004585
Muzeum Polskiego Fiata,,,museum,52.2650991,20.928508
Austriackie Forum Kultury,arts_centre,,,52.2363634,21.0050441
Syreni Śpiew,nightclub,,,52.2554978,21.0452797
Domek Filmowy,arts_centre,,,52.2217344,21.0292116
Pomost widokowy,,,viewpoint,52.2435207,20.8987438
Lecące Łabędzie,,,artwork,52.2064746,20.9732433
Raster,,,gallery,52.2262082,21.0096086
Mural Kory Jackowskiej,,,artwork,52.2327329,21.0204188
Niebo,nightclub,,,52.2323707,21.018183
Fitness Club S4,,fitness_centre,,52.1774159,21.0682495
GoJump,,fitness_centre,,52.2776216,21.0467934
step by Stepnowska,,fitness_centre,,52.2219441,21.1402199
Kredens pod Oknami,community_centre,,,52.251542,21.0941167
Ściana Południowa,,sports_centre,,52.1454843,21.0404461
Majestat Wszechżycia,,,artwork,52.2333054,21.0669149
Royal,casino,,,52.2278214,21.0184414
,,,artwork,52.2392918,20.9871434
Sala Widowiskowo-Konferencyjna ASzWoj,community_centre,,,52.2640292,21.1775682
"Dom Kutury""Kolorowa""",arts_centre,,,52.1910218,20.8888752
Młodzieżowy Dom Kultury im. Marii Gwizdak,arts_centre,,,52.2807454,20.9371113
Ławeczka Chopina,bench,,attraction,52.2380566,21.0178247
"Studio Pole Dance ""si.mia""",,sports_centre,,52.2061145,20.893326
Trzy żabki,,,artwork,52.158907,21.0274302
,,,artwork,52.2396256,21.0176996
Muzeum Gazowni Warszawskiej,,,museum,52.2265487,20.96628
Captain America,,,artwork,52.2389525,21.0266285
,,,artwork,52.2383668,21.0193064
iCCC Kole Jarz,,,artwork,52.2480618,21.0430174
,,,artwork,52.2493935,21.0441413
For the Love of it Pepsi,,,artwork,52.2471794,21.0494575
E. Wedel 1851,,,artwork,52.2469576,21.0517678
Muzeum Życia w PRL,,,museum,52.2234564,21.0164192
,,,artwork,52.252698,21.0422151
,,,artwork,52.2526448,21.0381213
Kajaki jesienią,,,artwork,52.2496624,21.0281313
,clock,,artwork,52.2460699,21.0173753
Mural Alternatywy 4 - Plan Zdjęciowy,,,artwork,52.1494636,21.0562262
Mural Alternatywy 4 - Klatka Schodowa,,,artwork,52.1493679,21.0563291
Herkules walczący z Anteuszem,,,artwork,52.165366,21.0291488
Ośrodek Wsparcia dla Seniorów Nr 1,community_centre,,,52.2797173,20.9476853
,,,viewpoint,52.1535467,20.9843908
Studio Treningu EMS Your Time,,fitness_centre,,52.2077932,21.0659744
"Neon ""W""",,,artwork,52.2690352,20.9870624
Miasta dla ludzi,,,artwork,52.2253157,21.0164335
Cmentarzysko tramwajów,,,attraction,52.1842741,20.9144063
WYSOKOŚCIÓWKA.org,,sports_centre,,52.2179735,21.1005376
Tężnia Wawer,,,attraction,52.2401792,21.1531521
Środowiskowe Ognisko Wychowawcze,community_centre,,,52.2469887,20.9543741
,,,artwork,52.2139093,21.0366305
,,,artwork,52.2138726,21.0367056
,,,artwork,52.2138339,21.0367469
,,,artwork,52.2137779,21.0367716
,,,artwork,52.2137194,21.0367665
,,,artwork,52.213661,21.0367309
,fountain,,artwork,52.2112744,21.0290128
,fountain,,artwork,52.2112763,21.0290339
,fountain,,artwork,52.2112783,21.0290556
,fountain,,artwork,52.2112802,21.0290765
,,,artwork,52.2136172,21.0366675
,,,artwork,52.2135859,21.0365845
Kuźnia Warszawa,,fitness_centre,,52.2388495,20.9527182
Syrenka,,,artwork,52.2390173,21.0026875
Piosenka dla Warszawy,,,artwork,52.2511543,21.0116027
Muzeum Odbudowy Starówki,,,museum,52.2501534,21.0131367
Smolna 10,,fitness_centre,,52.2332928,21.0247685
Nowa Akropolis,community_centre,,,52.2166004,20.9829396
The Club No 1,nightclub,,,52.2335638,21.019728
Golden Moon,nightclub,,,52.2336457,21.0200738
,,,viewpoint,52.1957551,21.0720409
,,,viewpoint,52.1955195,21.0722181
,,,viewpoint,52.1937486,21.0726451
,,,viewpoint,52.1927956,21.0723908
,,,viewpoint,52.1925467,21.0723528
,,,viewpoint,52.1918429,21.0721383
,,,viewpoint,52.1909777,21.0723709
,,,viewpoint,52.1878454,21.0746733
,,,viewpoint,52.1877584,21.074897
,,,viewpoint,52.1877027,21.0751751
,,,viewpoint,52.1873707,21.0734909
,,,viewpoint,52.1873806,21.0737736
,,,viewpoint,52.1873159,21.0750365
,,,viewpoint,52.1873356,21.0754791
,,,viewpoint,52.1871434,21.076114
,,,viewpoint,52.1875346,21.075988
,,,viewpoint,52.1874873,21.076175
,,,artwork,52.2348402,21.0795607
,,,gallery,52.2326829,21.0154372
Karova,nightclub,,,52.242445,21.0183834
Chłopiec z krokodylem,,,artwork,52.2372409,21.0091472
Bartolomeo Colleoni,,,artwork,52.2393679,21.0155311
Lim-6bis,,,attraction,52.1814443,21.0658466
Lim-5,,,attraction,52.1814758,21.0657326
Lim-5,,,attraction,52.1815342,21.0655953
Lim-2R,,,attraction,52.1815871,21.0654705
Lim-2A,,,attraction,52.1816406,21.0653333
MiG-15,,,attraction,52.1816973,21.0652047
MiG-21MS,,,attraction,52.1817634,21.0650943
MiG-23MF,,,attraction,52.1818742,21.0650484
MiG-21US,,,attraction,52.1818739,21.0651926
MiG-21SPS,,,attraction,52.1818393,21.0652886
MiG-21PS,,,attraction,52.1818097,21.0653846
Su-7BKL,,,attraction,52.1817671,21.0654889
Su-7BKL,,,attraction,52.1817274,21.0656128
Su-7BKL,,,attraction,52.1816822,21.0657328
Su-7U,,,attraction,52.1816326,21.0658591
Su-20M2,,,attraction,52.1815977,21.0659884
Dom Kultury Orion,community_centre,,,52.2253748,21.0685257
"Fundacja ""Bo Warto""",community_centre,,,52.2077484,21.0659176
Centrum Futbolu Warszawianka,,sports_centre,,52.195881,21.0283172
Struktury Natury,arts_centre,,,52.2221838,20.9858662
Harder,,fitness_centre,,52.2220607,20.9867941
Macierzyństwo,,,artwork,52.256473,21.0029197
Centrum Duchowości Sacre Coeur,community_centre,,,52.1489817,21.0146944
Zdrofit,,fitness_centre,,52.1996137,20.9658325
Total Fitness,,fitness_centre,,52.2469696,21.0852365
Towarzystwo Krzewienia Kultury Fizycznej – Ognisko „Wierzbno”,,sports_centre,,52.1836976,21.027144
Niedźwiedź,,,artwork,52.1887899,20.9056868
Orzeł,,,artwork,52.1816558,21.0260991
,,,viewpoint,52.2195008,21.0313956
Muzeum Ośrodka Misyjnego Salezjanów,,,museum,52.1411536,21.0115308
Oświęcim II,,,artwork,52.2488978,21.0101036
Galeria Obok ZPAF,,,gallery,52.2487217,21.0145743
I💙BIAŁOŁĘKA,,,attraction,52.3204071,20.9696106
Wolska,,,artwork,52.2356173,20.9777781
"Katakumby (""groby masońskie"")",,,attraction,52.1728096,21.0449314
Stołeczne Centrum Edukacji Kulturalnej,arts_centre,,,52.2520401,21.0119717
Światowy Dzień Oceanów 2017,,,artwork,52.2358174,20.9847062
Boskie Matki,,,artwork,52.2345463,20.9855423
Luzztro,nightclub,,,52.2327459,21.0237195
Zamach na Café Club,,,artwork,52.2318714,21.0198195
,,adult_gaming_centre,,52.1419975,21.0562631
Nike,,,artwork,52.2370065,21.1021478
Ladies Gym,,fitness_centre,,52.1991232,21.0037945
Grajkowie,,,artwork,52.1638048,21.0257854
Zdrofit,,fitness_centre,,52.2219692,20.976882
,,,artwork,52.2802569,20.9885163
,,,artwork,52.2794811,20.9883785
,,,artwork,52.244738,21.0248373
Trenuj Dalej,,fitness_centre,,52.1566258,21.0393441
Pracownia PatiTap,community_centre,,,52.1566906,21.0391385
Stajnia Wilanów,,sports_centre,,52.1480288,21.08911
Teatr Ateneum - Scena 20,theatre,,,52.2381933,21.0319025
,,,artwork,52.2532098,21.0122074
,,,artwork,52.2532284,21.0123074
Bohdan Lahert,,,artwork,52.2449592,20.9926912
Warszawscy Muzykanci,,,artwork,52.245471,20.99688
Kobiety Muranowa,,,artwork,52.2451528,20.9981221
Ludwik Zamenhof,,,artwork,52.2468481,20.9965401
Ludziom Alei Solidarności/Ulicy Leszno,,,artwork,52.2425578,20.9936557
Ulica Leszno,,,artwork,52.2430633,20.9961332
,,,artwork,52.2461351,20.9959752
Gramotej,community_centre,,,52.2442023,20.9955617
Cadillac 355 D Series 30 Fleetwood 7 – auto Marszałka Piłsudskiego,,,attraction,52.2136861,21.0274273
,,,viewpoint,52.1929222,21.072418
Kompozycja,,,artwork,52.2202768,21.0268232
,,,artwork,52.2221871,21.0265838
Fundacja im. Bolesława Biegasa,,,gallery,52.2289131,21.00867
Teatr Baza,theatre,,,52.208897,21.0437842
Głaz Powstańczej Służby Zdrowia 1944,,,attraction,52.2368412,20.965636
Nike,,,artwork,52.2354492,21.1038384
"Muzeum Domków Lalek, Gier i Zabawek",,,museum,52.2504894,21.0119952
David Bowie,,,artwork,52.2742684,20.9796751
Bodyshape,,fitness_centre,,52.1320563,21.0633331
,,,artwork,52.2319308,21.0246559
,,,artwork,52.2311974,21.0244435
,,,artwork,52.2319913,21.0248559
,,,artwork,52.2320561,21.0248225
,,,artwork,52.2321252,21.0247891
,,,artwork,52.2321943,21.0247557
,,,artwork,52.2320493,21.0243687
,,,artwork,52.2321181,21.0243347
,,,artwork,52.2319818,21.0244015
,,,artwork,52.2319146,21.0244349
Impuls Training Center,,fitness_centre,,52.1983476,21.1197417
Instytut Goethego,arts_centre,,,52.2324572,21.0171664
,,,artwork,52.2730626,20.88122
Jeleń,,,artwork,52.2337088,21.0185252
In Time,,fitness_centre,,52.2300598,20.9786503
Niewidzialna Wystawa,,,museum,52.2246244,20.9915253
Salwa,,,gallery,52.2600267,21.0264085
Klub Złotego Wieku,community_centre,,,52.2599186,21.0262207
Klub Pod Kolumnami,community_centre,,,52.2592137,21.0273363
East Side Dance Academy,,dance,,52.262207,21.0245827
7club,,bowling_alley,,52.2503412,21.0356153
Body Evolution,,fitness_centre,,52.2535188,20.9890651
Projekt 1920/2020. Archiwum Ożywione,,,artwork,52.2438618,21.0679523
,,,artwork,52.2798669,20.9887244
Pracownia Wschodnia,,,gallery,52.2603051,21.0269122
,,,artwork,52.1670028,21.0903236
,,,artwork,52.1649536,21.0919457
,,,artwork,52.1655083,21.0919166
Mural Niepodległości,,,artwork,52.2451431,21.0826459
Obiekto,,sports_centre,,52.251278,21.067527
Smolna,nightclub,,,52.2326732,21.0217116
Zagrywki,bar,amusement_arcade,,52.2304613,21.0223442
Muzeum Ikon w Warszawie,,,museum,52.216626,20.9754071
Volt Boulderownia,,sports_centre,,52.1837152,21.0881861
,,,viewpoint,52.2476494,21.0251013
TEATR XL,theatre,,,52.2612677,21.0290417
Perseusz,,,artwork,52.2237533,21.0257849
,,,viewpoint,52.296388,21.0645576
,,adult_gaming_centre,,52.2643542,21.1700342
Neptun,,,artwork,52.212734,21.0354588
LadiesGym Ochota,,fitness_centre,,52.1985744,20.9751904
Cash Point,,adult_gaming_centre,,52.2314288,20.9934495
Bailout folks,,,artwork,52.1813456,21.0233715
Miś,,,artwork,52.2525442,21.0280667
Trębacze,,,artwork,52.2109073,20.9974784
Etiuda,,,artwork,52.2110587,20.995253
Symbioza,,,artwork,52.2114861,20.9950443
Nike,,,artwork,52.2116721,20.9959156
Reminiscencje,,,artwork,52.210154,20.9900044
W hołdzie macierzyństwu,,,artwork,52.2099487,20.9701178
Hommage à Igor Szum,,,artwork,52.2346415,21.1017713
,,,artwork,52.2222958,21.02628
,,,artwork,52.2220313,21.0263363
,,,artwork,52.2221972,21.0252768
,,,artwork,52.2219409,21.0253331
Kompozycja,,,artwork,52.2210177,21.0307477
Pontiseum,,,museum,52.2400608,21.0306338
Atelier Książkowa. Pracownia Ceramiki Artystycznej,arts_centre,,,52.3288248,20.949147
Satyr,,,artwork,52.2148073,21.0365141
Satyr,,,artwork,52.2147481,21.036504
Satyr,,,artwork,52.2148022,21.0349633
Satyr,,,artwork,52.2147158,21.0349657
Satyr,,,artwork,52.2144864,21.0364323
,,,artwork,52.2169514,21.0364592
Dzielnicowy Ośrodek Kultury Ursynów,arts_centre,,,52.1308845,21.0194366
Ptak,,,artwork,52.23429,21.1069395
Room Escape,,escape_game,,52.237019,21.0080534
8gates,,escape_game,,52.2829083,20.9460677
Show Escape,,escape_game,,52.277664,20.9441949
Escape Project,,escape_game,,52.2618252,20.9155989
Black Cat Escape Room,,escape_game,,52.2379326,21.1169703
Exciting Escape Room,,escape_game,,52.2696619,20.9487534
Hierarchia potrzeb człowieka,,,artwork,52.1137781,21.0913574
Zdrofit,,fitness_centre,,52.1907234,20.8931065
"Klub Osiedlowy ""Podgrodzie""",community_centre,,,52.3003676,21.0431224
Centrum Kultury Wilanów,arts_centre,,,52.1674492,21.0866037
Muzeum Historii Polskiego Ruchu Ludowego,,,museum,52.1775417,21.0340448
Mikołaj Kopernik,,,artwork,52.232093,21.0068688
Adam Mickiewicz,,,artwork,52.2317953,21.0070411
,,,artwork,52.2488553,21.0128775
,,,artwork,52.2430444,21.005987
Opera Narodowa,theatre,,,52.243632,21.010346
Teatr Narodowy,theatre,,,52.2433555,21.0096841
Just GYM,,fitness_centre,,52.1530548,21.0542593
Station of Art,,,gallery,52.237092,21.0000824
,,,viewpoint,52.1961043,20.9151126
Teatr WAM,theatre,,,52.2944519,20.9299553
Body Bar 99,,fitness_centre,,52.228733,21.0111955
Muzeum Żołnierzy Wyklętych i Więźniów Politycznych PRL,,,museum,52.2076601,21.010965
"Dom Kultury ""Rembertów""",community_centre,,,52.2542413,21.1632527
Studium Wychowania Fizycznego i Sportu Akademii Sztuki Wojennej,,sports_centre,,52.2627067,21.1758658
Mokotowski Gym,,fitness_centre,,52.194856,20.9835649
Marysin. Osiedlowy klub kultury,arts_centre,,,52.2380792,21.1481123
Klub Kultury Aleksandrów,community_centre,,,52.1718951,21.2316016
The Little Gym,,sports_centre,,52.1630896,21.1229286
Europejskie Centrum Komunikacji i Kultury,community_centre,,,52.1542323,21.2117492
"Klub Osiedlowy ""Radość""",community_centre,,,52.1882871,21.1927202
Lotto,,adult_gaming_centre,,52.2241308,21.0156259
Mini Zoo Warszawa,,,zoo,52.1877389,20.8909171
Kahuna squash & badminton,,sports_centre,,52.1858293,21.0797888
Tie Break,,sports_centre,,52.1581862,21.0513766
Ikar,arts_centre,,,52.2271249,21.0912452
MiG-21,,,attraction,52.176871,20.978246
Młodzieżowy Dom Kultury,arts_centre,,,52.1986232,21.0251798
Abstrakcja,,,artwork,52.1765547,20.9969486
Państwowe Muzeum Archeologiczne,,,museum,52.2456734,21.001423
Lokomotywa EU40,,,attraction,52.2552202,21.106335
"Dom Kultury ""Portiernia""",arts_centre,,,52.1978227,20.8875677
Energy Fitness Club Ursus,,fitness_centre,,52.1945088,20.8716873
Well Fitness,,fitness_centre,,52.2349949,20.9883523
Muzeum Wódki,,,museum,52.2434024,21.007613
Sen,nightclub,,,52.2327902,21.040212
Ikaro Alato,,,artwork,52.2739878,20.9967073
Światłotrysk,,,artwork,52.2735467,20.9948379
,,sports_centre,,52.2058853,20.980584
FITwoman,,fitness_centre,,52.2209396,20.9835239
,,,artwork,52.1458741,21.0377186
The Pole - Pole Dance Warszawa Bemowo,,fitness_centre,,52.2320237,20.8961744
Zdrofit,,fitness_centre,,52.2331497,21.0001344
Warszawa Chopina,bench,,attraction,52.2145226,21.0270817
Galeria Le Guern,,,gallery,52.2335855,21.0510266
Warszawa Główna,,,artwork,52.2264294,20.987053
Instytut Pileckiego,,,museum,52.2412663,21.0156302
Kazimierz Górski,,,artwork,52.2036033,21.0126259
Molo Służewieckie,,,viewpoint,52.168821,21.0141579
Orzeł Piastowski,,,artwork,52.1716423,21.0228816
Pozostalości skoczni narciarskiej,,,attraction,52.18489,21.0290517
Grusza Walentego Ciechowskiego,,,attraction,52.1992992,21.0207844
Lotto,,adult_gaming_centre,,52.1549761,21.0349381
Studio Ruchu Bodymystic,,fitness_centre,,52.2085578,21.0670349
,,,artwork,52.241744,20.9450473
Galeria Szydłowski,,,gallery,52.2438199,20.9943851
Lotto,,adult_gaming_centre,,52.237587,21.0525953
,,adult_gaming_centre,,52.1606244,21.0290061
Teatr IMKA,theatre,,,52.2501106,20.8904914
Oxygen Fitness & Wellnes Club,,fitness_centre,,52.2042943,20.8724115
Wielka waga,,,artwork,52.2418403,21.0277902
Rockspinner,,,artwork,52.2418209,21.028038
,,fitness_centre,,52.2249366,20.9467958
Magic Mind Museum,,,museum,52.2549923,21.0443629
Zdrofit,,fitness_centre,,52.2554447,21.0443963
ToTuArt,,,gallery,52.2557756,21.0439357
,,,artwork,52.2269809,21.0064902
All The Things,,,artwork,52.2271072,21.0057583
Mural Jamnik,,,artwork,52.2523225,21.0456195
Kompozycja z różem,,,artwork,52.1996583,20.9883972
Kinogram,cinema,,,52.2323597,20.9898249
Klub Inteligencji Katolickiej,community_centre,,,52.2519832,21.008693
Przekupka,,,artwork,52.2461284,21.0162516
,,,artwork,52.2276809,20.9899041
Muzeum Getta Warszawskiego,,,museum,52.2313992,20.997655
Body Evolution,,fitness_centre,,52.2215491,20.9293365
,,,artwork,52.2658621,20.9949682
Wioślarz,,,artwork,52.2645084,20.996424
Milonga Warszawska,,dance,,52.2320212,21.0048099
Zbrodnia Wołyńska,,,artwork,52.2388322,20.9715531
"PZL-130 ""Orlik""",,,attraction,52.231967,21.0263783
Dekada,nightclub,,,52.2213591,20.9862606
Dom Zagadek,,escape_game,,52.225565,20.976423
Teatro Cubano,nightclub,,,52.2421829,21.0097431
Wesele,nightclub,,,52.2283006,21.0139322
WLs typ Bd,,,attraction,52.2260118,20.9860629
Quest Hunt. Escape Room,,escape_game,,52.2463152,21.0629175
Zagadkownia,,escape_game,,52.2248953,21.0173865
Jagdpanzer 38,,,attraction,52.2312818,21.0263537
SD.KFZ. 251/1 AUSF. D,,,attraction,52.2313291,21.0263793
ZSU-57-2,,,attraction,52.2314427,21.0270311
BAW,,,attraction,52.231609,21.0269872
BRDM-2,,,attraction,52.2315599,21.0269254
SKOT-2A,,,attraction,52.2315173,21.0268618
TOPAS-2AP,,,attraction,52.2314922,21.0268131
SU-76M,,,attraction,52.2314605,21.0267637
"2S1 ""Goździk""",,,attraction,52.231438,21.0267085
Plenerowa Galeria Zbigniewa Maleszewskiego,,,gallery,52.251196,21.0127898
Fitrening,,fitness_centre,,52.1989352,21.1439342
,,,artwork,52.1774806,20.9923211
Studio Figura,,fitness_centre,,52.2655445,21.0409183
Mustafa Kemal Atatürk,,,artwork,52.2089265,21.0168057
,,,artwork,52.2356784,20.9888102
,,,artwork,52.228403,20.9962409
Maryja Królowa Niebios,,,artwork,52.1248936,21.1027958
Galeria Porczyńskich,,,gallery,52.2419125,21.0019948
Filia Bielańskiego Ośrodka Kultury,community_centre,,,52.3003737,20.8825718
Foxy,nightclub,,,52.2285862,21.0080787
Panna wolna,,,artwork,52.2717051,21.0631909
Hocki Klocki w Lunaparku,nightclub,,,52.2333814,21.0474263
,,,artwork,52.2375038,20.9651138
Ognisko Pracy Pozaszkolnej nr 4,community_centre,,,52.2248136,21.0819018
Ognisko Pracy Pozaszkolnej nr 3,community_centre,,,52.2499439,21.0788106
Człowieczy Los,,,artwork,52.2725455,21.0638987
Molozol - Muchozol - Sanitozol,,,artwork,52.2497833,21.0442414
Foton,,,artwork,52.2485452,21.0430743
Dom Sąsiedzki na Ulrychowie,community_centre,,,52.2363758,20.9406644
DOBRE miejsce,community_centre,,,52.207484,21.066988
Sekta Studio Tańca,,dance,,52.237464,20.943462
Zinaxin i Dolacin,,,artwork,52.2905791,21.0384862
Drabinka,,,artwork,52.2913693,21.0335873
Mieszczanie z Bródna,,,artwork,52.2919885,21.0365471
Twarz,,,artwork,52.2907993,21.039256
Murall Krakowska,,sports_centre,,52.1702104,20.9330719
,,,viewpoint,52.207107,20.8944664
,,,artwork,52.2232616,20.939468
Lotto,,adult_gaming_centre,,52.1301196,21.0662905
,,,artwork,52.1665405,21.0404807
,,sports_hall,,52.2454306,20.9956855
Butik EMS,,fitness_centre,,52.2222823,20.9398287
,,,viewpoint,52.2175332,21.078717
TechnoGym,,fitness_centre,,52.2293983,21.0228975
Dłonie,,,artwork,52.2354675,21.1032575
Hommage à Alina Szaposznikow,,,artwork,52.2349624,21.0999644
Gama Gym,,fitness_centre,,52.2332682,21.0397831
,,,artwork,52.2400986,21.0327499
Lotto,,adult_gaming_centre,,52.2195594,20.9851572
Zdrofit,,fitness_centre,,52.2283786,20.9850023
Centrum Dawnych Sztuk Walk,,sports_centre,,52.224695,20.9789634
Pros,,fitness_centre,,52.222656,21.0475944
Ignacy Jan Paderewski,,,artwork,52.2157086,21.0372568
,,,artwork,52.1652991,21.0923444
,,,artwork,52.1651609,21.0923592
,,,artwork,52.2651212,21.0020502
Prześwit,,,gallery,52.2528093,21.0072836
Józef Toczyski,,,artwork,52.2663445,21.0008061
Jan Jeziorański,,,artwork,52.266351,21.0008528
Rafał Krajewski,,,artwork,52.2663667,21.0009666
Roman Żuliński,,,artwork,52.2663595,21.0009144
Romuald Traugutt,,,artwork,52.2663555,21.0008859
Muzeum Katyńskie,,,museum,52.2607368,21.0056067
,,,artwork,52.1893774,21.026974
Lokomotywa SM03-189,,,attraction,52.19587,20.8810597
Kabina lokomotywy EU07-483,,,attraction,52.1957594,20.8809214
,,sports_centre,,52.1682697,21.0247322
,,,artwork,52.1963843,20.9876067
Białoruski Młodzieżowy Hub,community_centre,,,52.2230684,21.0167734
Dom Kultury Miś,community_centre,,,52.1934385,20.8667445
Grające drzewo,,,artwork,52.2077082,21.0327892
OH My gym,,fitness_centre,,52.1980201,20.9536169
Ringstand 58c,,,attraction,52.2218427,20.9677504
Ringstand 58c,,,attraction,52.2209648,20.9714784
Siedem Panien Ursusa,,,artwork,52.1955276,20.8798231
Klub „Przy Lasku”,community_centre,,,52.1426645,21.0631108
Sulewski,,dance,,52.2246674,20.9913416
Egurrola Dance Studio,,dance,,52.2268619,20.9991969
Instytut Cervantesa,arts_centre,,,52.2293743,21.0141889
Disco Lot,nightclub,,,52.2288803,21.0133853
Galeria Test,,,gallery,52.2214269,21.0173689
Dom Wschodni,community_centre,,,52.2223382,21.0172218
Studio Figura,,fitness_centre,,52.2358728,20.9588986
Lejdistudio,,dance,,52.2351105,20.9591329
Dziwisz się?,,,artwork,52.2400261,20.9796219
Neon Kino Tęcza,,,artwork,52.2688038,20.980574
Przerób-my,arts_centre,,,52.2559417,21.0440994
Gama Concept,,,museum,52.2554921,21.0443763
Muzeum Sztuki Fantastycznej,,,museum,52.2549389,21.044956
Muzeum Drukarstwa Warszawskiego,,,museum,52.2541281,21.0425724
Samotność,,,artwork,52.2589088,21.0067737
Przyjaciele od Piersi,,,artwork,52.147196,21.0311111
,,,artwork,52.2034959,20.9253243
Atut,,fitness_centre,,52.2376219,20.9150879
Pani od Pilatesu,,fitness_centre,,52.2602421,20.9733006
Body EMS,,fitness_centre,,52.2585284,20.975632
Zdrofit,,fitness_centre,,52.2101085,21.0218743
SFC,,fitness_centre,,52.2351176,20.9761692
"Kapitan Zbigniew Ścibor-Rylski ""Motyl""",,,artwork,52.2491961,20.9866664
,,sports_centre,,52.251631,20.9832365
Joga Studio,,fitness_centre,,52.220425,21.0150246
Żoliborska Szkoła Boksu,,fitness_centre,,52.2764688,20.9864795
Fitology,,fitness_centre,,52.2313021,20.9768037
Orangetheory Fitness,,fitness_centre,,52.2326648,20.9915998
Blu Club,nightclub,,,52.2382073,21.0130423
La Pose,nightclub,,,52.2372549,21.0132819
Tai Chi Studio,,sports_centre,,52.2073894,21.0315055
,,,artwork,52.2136489,21.0270677
Przystanek Historia,,,museum,52.2173044,21.0191695
Muzeum Narodowe w Warszawie,,,museum,52.2316938,21.0247708
Muzeum Ewolucji,,,museum,52.232212,21.0059275
KS Amator,,sports_centre,,52.2585917,20.9482828
Sports Base Warsaw,,sports_centre,,52.2318578,21.0111397
Warszawskie Muzeum Komputerów i Gier,,,museum,52.2170553,21.0048455
,,,artwork,52.2498822,21.0956474
Warszawskie Centrum Strzeleckie B7,,sports_centre,,52.2627478,21.0858079
FitActive Torwar,,fitness_centre,,52.2228567,21.0427054
Papaj Gym,,fitness_centre,,52.2569402,21.0570498
Salon Akademii,,,gallery,52.2392271,21.0151461
Hit Casino,casino,,,52.2396479,21.0128444
Resort Komedii,theatre,,,52.2439041,21.0071344
Core fitness,,fitness_centre,,52.2406706,21.1013392
Trójbojownia,,fitness_centre,,52.2070498,21.021747
S4,,fitness_centre,,52.2074044,21.0224807
Targowisko,,,artwork,52.2617451,21.0415461
Kraina,community_centre,,,52.202229,21.0237912
Matka Boża,,,artwork,52.2442828,21.1077675
Jan Karski,,,artwork,52.2501956,21.0514883
,,,artwork,52.248046,21.0166771
św. Krzysztof,,,artwork,52.2442836,21.1040724
,,,artwork,52.2324345,20.9930746
Dom Kultury Wygoda,community_centre,,,52.2486599,21.1275464
Galeria LETO,arts_centre,,,52.2467452,20.9936658
,,fitness_centre,,52.251228,20.9917714
"Muzeum Domków Lalek, Gier i Zabawek",,,museum,52.2481615,21.0098872
Cud nad Wisłą,,,artwork,52.2482371,21.0191922
BRÓDNO RYCHLIKI,,,artwork,52.2948872,21.0322345
Ogród na dachu,,,viewpoint,52.2555616,20.979095
Fabryka Koronek,,,attraction,52.254018,20.9780808
,,,artwork,52.1659804,21.0911721
,,,artwork,52.1651767,21.0909416
,,,artwork,52.1644133,21.0912246
,,,artwork,52.1661423,21.0896656
,,,artwork,52.23882,21.0250557
PlayTime Pracownia Terapii i Rozwoju,community_centre,,,52.2075568,21.065696
Loop Fitness,,fitness_centre,,52.1291253,21.0657661
Reduta Ordona,,,artwork,52.2151623,20.960314
K. Polański,,dance,,52.225093,21.0186621
,,,artwork,52.3097716,20.9941087
Teatr Collegium Nobilium,theatre,,,52.2481565,21.0078815
Dance Family,,dance,,52.2483309,21.0090684
Powstanie Warszawskie - Spragnieni Wolności,,,museum,52.2492551,21.0065168
Salsa Clasica,,dance,,52.2375746,21.021446
Bowling & Bilard Club Ursynów,,bowling_alley,,52.1434088,21.0391239
"Danuta Siedzikówna ""Inka""",,,artwork,52.2274162,20.9582869
Cosmos Muzeum,,,museum,52.2318396,20.9877745
Kręgielnia TB Ochota,,bowling_alley,,52.2060298,20.9816076
Kręgielnia TB Gładka,,bowling_alley,,52.1880284,20.9607945
Kręgielnia TB Gocław,,bowling_alley,,52.2269226,21.0868675
Izba Tradycji Tramwajów Warszawskich,,,museum,52.1883953,20.9990652
"Mural ""Ignacy Jan Paderewski""",,,artwork,52.2872245,21.0297935
"Mural ""Irena Sendlerowa""",,,artwork,52.294109,21.020268
,,adult_gaming_centre,,52.1720345,21.0185192
"Ognisko Pracy Pozaszkolnej ""Żoliborz""",community_centre,,,52.2673477,20.9759896
Centrum Kultury Prawosławnej,community_centre,,,52.2551003,21.0329393
Stolica Ruchu,,fitness_centre,,52.2249117,20.955456
Mural Historia Wojska Polskiego,,,artwork,52.2666955,21.1732197
Mural Historia Wojska Polskiego,,,artwork,52.2674919,21.1771253
Wawa,casino,,,52.2275606,21.003526
Selfie Museum,,,attraction,52.2339665,20.9826251
Functional Body,,fitness_centre,,52.1921746,20.9881005
Zdrofit,,fitness_centre,,52.1781102,21.0000121
Krasnal Pomarańczowej Alternatywy,,,artwork,52.2052338,21.0215495
"Młodzieżowy Dom Kultury ""Muranów""",community_centre,,,52.2523755,20.9893034
Centrum Aktywności Międzypokoleniowej AL9,community_centre,,,52.2176595,21.0197662
Fundacja Archeologii Fotografii,,,gallery,52.2377849,20.9903968
Studio Treningowe Warsaw Fahve,,fitness_centre,,52.1603753,21.0198808
"Państwowe Ognisko Artystyczne ""Nowolipki""",arts_centre,,,52.2455033,20.9971192
,,,artwork,52.2256607,21.0924223
Tokyo Dance Studio,,dance,,52.294513,20.9074341
,,,artwork,52.1657049,21.0906366
,,,artwork,52.16576,21.0906344
,,,artwork,52.1657632,21.0907414
,,,artwork,52.1657052,21.0907459
,,,artwork,52.1646612,21.0907095
,,,artwork,52.1646648,21.0908179
,,,artwork,52.1646059,21.0907115
,,,artwork,52.1646074,21.0908206
Figura Wiktorii,,,artwork,52.164377,21.0899608
,,,artwork,52.1657044,21.0886686
,,,artwork,52.1656616,21.0886719
,,,viewpoint,52.1652299,21.0923437
TS-8 Bies,,,attraction,52.1832485,21.0671048
Su-22UM3K,,,attraction,52.1815054,21.0664848
Centralna Spółdzielnia Komediowa,theatre,,,52.2291676,21.0155302
Galeria Bohema,,,gallery,52.2602842,21.0406124
Centrum Młodych,community_centre,,,52.2568378,21.0368362
Jassmine,nightclub,,,52.2230091,21.0074431
Karta z Powstania,,,attraction,52.2222317,21.0112393
Wiosna,,,artwork,52.2387289,21.0638219
Kobieta z dzieckiem,,,artwork,52.2694365,20.977816
I Love Fitness TRX Studio,,fitness_centre,,52.3313891,20.9420558
Krzysztof Krawczyk,,,artwork,52.1554001,21.0219287
EMS Fitfactory,,fitness_centre,,52.1863952,20.9887408
Zdrofit,,fitness_centre,,52.1421531,21.0199774
OrangeTheory,,fitness_centre,,52.1772968,21.0015492
Aery Studio,,fitness_centre,,52.2275651,20.9827859
,,fitness_centre,,52.226928,20.9831554
Apple Muzeum,,,museum,52.2326509,20.991663
Art Box,,,attraction,52.2327183,20.991047
Zdrofit,,fitness_centre,,52.2470549,21.0620282
Cash Point,,adult_gaming_centre,,52.2477277,21.0492313
,,,artwork,52.1504869,21.006273
,,,artwork,52.1502702,21.0062885
,,,artwork,52.1501967,21.0063067
,,,artwork,52.1501512,21.0063164
,,,artwork,52.1503759,21.0061573
,,,artwork,52.1503458,21.0056624
Życia mała garść,,,artwork,52.2785398,20.9383058
Chrystus i Jawnogrzesznica,,,artwork,52.2263621,21.0068158
Klub Dowództwa Garnizonu Warszawa,arts_centre,,,52.2030249,21.0096258
Chopin w Warszawie,,,artwork,52.2253494,21.0364227
Kazimierz Deyna,,,artwork,52.1664589,21.0858721
Zawirowania,,dance,,52.2263195,21.010025
Arthur Murray,,dance,,52.2240824,21.0086521
,,,artwork,52.1664365,21.0921495
Totu,arts_centre,,,52.2217045,21.0123166
Muzeum Marii Dąbrowskiej,,,museum,52.2189185,21.0149748
Cristal,casino,,,52.2340873,21.0144348
Hit,casino,,,52.2338602,21.0145561
Konstytucja,,,artwork,52.2499951,21.0869333
Fit&Fun,,fitness_centre,,52.2929563,21.0150571
,,adult_gaming_centre,,52.2436128,20.9914507
SZKOŁA TAŃCÓW KARAIBSKICH SHO,,dance,,52.2399482,20.980559
Pisklę. Drozd śpiewak,,,artwork,52.2322735,21.0154281
Centrum Aikido,,sports_centre,,52.2016276,20.9797964
Jasna 1,nightclub,,,52.2337427,21.0120175
Klucz wiolinowy,,,artwork,52.2359457,21.0237947
Elite Zone,,fitness_centre,,52.2147054,21.0226208
Centrum Kultury Filmowej im. Andrzeja Wajdy,arts_centre,,,52.2265372,21.0236994
Centrum Walki,,sports_centre,,52.2311557,21.0358811
Noble 1,,adult_gaming_centre,,52.1429512,21.0253563
Dom Kultury Śródmieście,arts_centre,,,52.2336934,21.0220877
Fit Fizjo Studio,,fitness_centre,,52.1552829,21.0241627
,,,artwork,52.292556,20.928113
Piwnica Ceramiczna DKŚ,arts_centre,,,52.2331261,21.024062
Zdrofit,,fitness_centre,,52.2332768,20.9929108
Czułe Drogi,,fitness_centre,,52.2498265,21.0299601
Latacz,,,artwork,52.259478,20.9169107
Watek,,,artwork,52.2579793,20.8981409
Radarek,,,artwork,52.2586573,20.8983166
Latacz,,,artwork,52.259478,20.9169107
Watek,,,artwork,52.2579793,20.8981409
Ratowniś,,,artwork,52.2586184,20.9249821
Ringo,,,artwork,52.2509937,20.9284307
Bemik,,,artwork,52.2580169,20.9352786
Ratowniś,,,artwork,52.2586184,20.9249821
Ringo,,,artwork,52.2509937,20.9284307
Bemik,,,artwork,52.2580169,20.9352786
F45,,fitness_centre,,52.2355637,20.9822172
,,,viewpoint,52.2322386,20.9814578
,,fitness_centre,,52.2600226,21.0366165
ProFitness,,fitness_centre,,52.2625747,21.0403362
Zdrofit,,fitness_centre,,52.2414883,20.932826
Strefa Arcade,,amusement_arcade,,52.2420609,20.9345368
Electro Gym-Fit,,fitness_centre,,52.1522587,21.0354357
Figurka Matki Boskiej,,,artwork,52.2787911,20.9452569
Xoxo,nightclub,,,52.2283893,21.0260161
KSW Cross Fight Gym,,fitness_centre,,52.2447886,20.9878508
A1Karting,,sports_centre,,52.3153607,21.0151971
Zazen,nightclub,,,52.1853698,21.141625
Pomnik hulajnożystki,,,artwork,52.2744358,21.0588033
Zagadkownia,,escape_game,,52.2251034,21.0172911
Casino Palace,casino,,,52.245379,21.012303
Galeria Ta3,,,gallery,52.2234042,20.9893288
Centrum Design,,,museum,52.2512253,21.0074806
Muzeum Bazyliszka,,,attraction,52.2513281,21.0082741
Mental Space,,fitness_centre,,52.2514166,21.0059971
5D,,fitness_centre,,52.2411036,20.9966108
,,,artwork,52.2410803,21.0036421
Gargamel,,,artwork,52.3087529,20.9557202
Szkic sytuacyjny I,,,artwork,52.2433619,21.0241474
Szkic sytuacyjny II,,,artwork,52.2433153,21.0235686
Szkic sytuacyjny III,,,artwork,52.2432676,21.024818
Kantata Ewolucji Wszechświata,,,artwork,52.2426629,21.0238982
Kantata Ewolucji Wszechświata,,,artwork,52.2426227,21.0239639
Kantata Ewolucji Wszechświata,,,artwork,52.2425116,21.0241338
Kantata Ewolucji Wszechświata,,,artwork,52.242469,21.0241954
Kantata Ewolucji Wszechświata,,,artwork,52.2424001,21.0242917
Kantata Ewolucji Wszechświata,,,artwork,52.2423595,21.024348
Kantata Ewolucji Wszechświata,,,artwork,52.2422894,21.0244378
Kantata Ewolucji Wszechświata,,,artwork,52.2422452,21.0244931
Rodzina,,,artwork,52.1622967,21.0223681
My ze spalonych wsi,,,artwork,52.1609962,21.0261948
Jeździec na Koniu,,,artwork,52.1629968,21.0238557
Mazowiecki Teatr Muzyczny im. Jana Kiepury,theatre,,,52.2515499,21.0356593
Myszka Agata,arts_centre,,,52.1603796,21.030269
Copacabana Ursynów,dojo,sports_centre,,52.1618178,21.029134
,,,artwork,52.23185,21.0244712
,,,artwork,52.2319203,21.0248852
Motion,,fitness_centre,,52.2377629,21.026889
Wawerskie Centrum Kultury Filia Międzylesie,arts_centre,,,52.2057838,21.1700596
Wawerskie Centrum Kultury Filia Anin,arts_centre,,,52.2199409,21.1602934
Wawerskie Centrum Kultury Filia Marysin,arts_centre,,,52.2385421,21.1470978
Lotto,,adult_gaming_centre,,52.1962707,21.0238052
1-2-1 Fitness,,fitness_centre,,52.201417,21.0158951
Strzelnica Bema 60,,sports_centre,,52.2254518,20.9598302
6 Stóp nad Ziemią,,fitness_centre,,52.1591282,21.084071
,,,artwork,52.2421272,21.0248026
"Międzyszkolny Ośrodek Sportowy nr 1 ""Agrykola""",,sports_centre,,52.2207134,21.0351217
Andrzej Wajda,,,artwork,52.258402,20.9672812
Strzelnica Warszawianka,,sports_centre,,52.1954746,21.0265653
Montownia Rozrywki,,amusement_arcade,,52.2014017,21.0239636
"Ognisko Pracy Pozaszkolnej ""70""",community_centre,,,52.2042093,21.0073001
Pomnik Jana Onufrego Zagłoby,,,artwork,52.1939626,20.866511
Centrum Sztuki Współczesnej,,,gallery,52.2195296,21.030449
Platinum Active EMS,,fitness_centre,,52.2039718,20.8834527
Drzewo z witrażem,,,artwork,52.264957,20.9956676
"Ognisko Pracy Pozaszkolnej ""175""",community_centre,,,52.170756,21.0012408
,,,attraction,52.2400851,21.0163351
Pierwiastki,,,artwork,52.2162589,21.0169998
Tablica pamiątkowa granicy getta,,,attraction,52.25045,21.0052718
Loop Fitness,,fitness_centre,,52.1773709,20.9909673
Studio Terapia,,fitness_centre,,52.1622378,20.9956558
,community_centre,,,52.1666957,20.9928671
Wawerskie Centrum Kultury - Filia Radość,arts_centre,,,52.1845528,21.1839759
Pracownia KoKOch,community_centre,,,52.2025315,20.931708
Międzyszkolny Ośrodek Sportowy nr 7,,sports_centre,,52.2047432,20.9685476
,,,artwork,52.1646389,21.0917006
,,,artwork,52.1646866,21.0916975
,,,artwork,52.1657926,21.0916712
,,,artwork,52.1657293,21.0916712
Bardzo Bardzo,nightclub,,,52.2294052,21.017811
Just Gym,,fitness_centre,,52.1950351,21.047529
Cosmo Body Clinic,,fitness_centre,,52.1540617,21.075129
Orangetheory Fitness,,fitness_centre,,52.147977,21.0912202
Stacja Plastyczna,community_centre,,,52.2022132,21.0522294
Muzeum Azji i Pacyfiku,,,museum,52.2333984,21.0368378
Point Stretching,cafe,fitness_centre,,52.1763718,20.9930471
,,,artwork,52.2398287,21.017166
,,,artwork,52.2397639,21.017212
MYyoga,,fitness_centre,,52.2003516,20.8916369
,,,artwork,52.2358048,21.1007409
Płomień,,,artwork,52.2371883,21.1012397
Upadek Ikara,,,artwork,52.2369366,21.1020691
EMS Studio M. Kołodziejczyk,,fitness_centre,,52.1995228,20.8800521
Warsaw Pole Dance Center,,dance,,52.199098,20.8802781
Yestem,,fitness_centre,,52.2214792,21.0126135
Prime Movers,,fitness_centre,,52.2067606,21.0625486
Fitness Klub ZDROFIT Włochy - Krakowiaków,,fitness_centre,,52.1893787,20.9462392
,,,viewpoint,52.2651467,21.0012952
,,,viewpoint,52.2648034,21.0006962
Allozaur,,,artwork,52.2108845,20.987423
Body Support,,fitness_centre,,52.1495987,21.0522579
,,adult_gaming_centre,,52.1531744,21.0435073
Strzelnica Chrobry,,sports_centre,,52.1498023,21.0520705
Princesa,nightclub,,,52.2295673,21.0140069
,,fitness_centre,,52.1159196,21.087137
,,bowling_alley,,52.1158643,21.0870945
Mural,,,artwork,52.2639331,20.9600571
,,sports_centre,,52.2354288,20.9958152
,,fitness_centre,,52.2351264,20.995993
,,sports_centre,,52.2152873,21.0173329
,,sports_hall,,52.2156587,21.0170137
Polka Pilates,,fitness_centre,,52.2287883,20.9948937
Kamionfit,,fitness_centre,,52.2486807,21.0672942
,,fitness_centre,,52.225233,21.0351858
,,sports_centre,,52.2254124,21.0349758
Fundacja Międzynarodowy Ruch Latających Plecaczków,community_centre,,,52.2498872,21.0402484
Melt Museum,,,attraction,52.2346812,21.0145538
Ateitis,,amusement_arcade,,52.2511221,21.0073804
Studio Joga LULAVE,,fitness_centre,,52.2012221,20.9630507
,,,viewpoint,52.2110342,21.0561166
Muzeum z Klasą,,,museum,52.2297447,21.1382153
Astronauta,,,artwork,52.227058,20.8965656
Kasprowicza 14,community_centre,,,52.2778727,20.9586726
,,,artwork,52.1252128,21.0177114
Mini MF Fit,,fitness_centre,,52.1700213,21.0740878
Minti,,fitness_centre,,52.170692,21.0790277
Świety Wacław,,,artwork,52.2352482,21.1340234
Święta Maria,,,artwork,52.2352653,21.1342988
Astanga,,fitness_centre,,52.2339693,21.0203893
,,sports_hall,,52.1865704,21.0425563
,,sports_hall,,52.2330762,21.035652
,,sports_hall,,52.2555128,21.0001765
Święty Jan Nepomucen,,,artwork,52.2281934,21.0227113
Minicity,,,museum,52.2559426,21.0442181
,,sports_centre,,52.2669206,21.0342612
,,fitness_centre,,52.2671672,21.0339787
,,fitness_centre,,52.2672066,21.0343052
,,fitness_centre,,52.2550414,20.9891284
,,fitness_centre,,52.2551944,20.9889089
,,sports_centre,,52.2556214,20.9895359
Pawilon rekreacyjno-sportowy,,sports_centre,,52.1157468,21.087128
West Bouldering,,sports_centre,,52.192223,20.9345716
FitOna,,fitness_centre,,52.1753412,21.0214102
F45,,fitness_centre,,52.1817769,21.0221415
,,,viewpoint,52.2544606,20.9263448
Joga Studio,,fitness_centre,,52.1647874,21.2090498
,,,viewpoint,52.2041354,20.9575038
Muzeum Zimnej Wojny,,,museum,52.2494444,21.0132019
,,,artwork,52.2497466,21.0134974
Bowl Pub,,bowling_alley,,52.1955003,21.0261261
Klub Kultury Seniora,community_centre,,,52.2248973,21.0810165
mural,,,artwork,52.2935398,21.024127
Sekcja Podnoszenia Ciężarów Legii Warszawa,,sports_centre,,52.2592536,20.9478323
Well Fitness,,fitness_centre,,52.2320544,21.0931653
Studio Zdrofit - Warszawa Wilanów,,fitness_centre,,52.1608568,21.074845
Fitcalist,,fitness_centre,,52.1983659,20.9174881
"Henryk Dobrzański ""Hubal""",,,artwork,52.2759218,20.9749146
Rachel Active Planet,,fitness_centre,,52.3186487,20.970029
InYoga,,fitness_centre,,52.3180598,20.9681736
Młodzieżowy dom kultury Ochota,community_centre,,,52.2143646,20.9756329
Metropolis,nightclub,,,52.2339578,21.0115121
,,,artwork,52.2418141,21.018461
Glam,nightclub,,,52.2285697,21.0155021
Aquaspa,,sports_centre,,52.1319202,21.0641498
Joga Kameralnie,,fitness_centre,,52.1423201,21.0324506
Dom Rosyjski,community_centre,,,52.208462,21.028791
Bułgarski Instytut Kultury,community_centre,,,52.2249995,21.0231643
Klub Babel,community_centre,,,52.2364975,21.0057748
Komputerownia,,amusement_arcade,,52.2351189,21.0098458
Loop Fitness,,fitness_centre,,52.1663262,21.1111091
Centrum Kultury Wilanów,arts_centre,,,52.1650311,21.1100114
Zdrofit,,fitness_centre,,52.1907567,20.9134744
Zdrofit Warszawa - Adgar Plaza,,fitness_centre,,52.1808745,20.995578
Kocham Warszawę,,,attraction,52.2328105,20.9848417
Lagree Warsaw,,fitness_centre,,52.2356029,20.9783242
Ewa Opałka,,,gallery,52.2471319,20.9973845
Autonomia,,,gallery,52.2479738,20.9966824
Potem o Tem,theatre,,,52.2473803,20.9980691
Ambasada Seniorów,community_centre,,,52.2489366,20.9971578
Program,,,gallery,52.2480361,20.9966596
Jednostka,,,gallery,52.2482234,20.9968121
All On Pole,,fitness_centre,,52.1778795,21.0211644
Noble 1,,adult_gaming_centre,,52.1719433,21.0189765
,,adult_gaming_centre,,52.1719867,21.0189929
,,adult_gaming_centre,,52.1720452,21.0188878
Ognisko Wychowawcze „Przemysłowa”,community_centre,,,52.2227519,21.0366011
Visual Crafters,,,gallery,52.2289495,21.035913
Pure Pilates,,fitness_centre,,52.229288,21.0353454
Gatsby Warsaw,nightclub,,,52.240337,21.0290643
"Polski zwiazek emerytów rencistów i inwalidów o/r Warszawa Praga, Klub seniora",community_centre,,,52.2398404,21.0786277
Arena Active Club,,fitness_centre,,52.1434391,21.0394814
Dom Kultury SBM Imielin,community_centre,,,52.1454374,21.0443189
Chaton,nightclub,,,52.2334801,21.0204579
Ekologiczny mural „Domek”,,,artwork,52.2257806,20.9511614
G,,,artwork,52.302881,21.0589218
Garnizon Sztuki,theatre,,,52.2284423,21.0263559
,,,artwork,52.2278918,21.0308617
,,,artwork,52.2098944,21.0215253
,,,artwork,52.2099677,21.0214975
Sztukarnia,arts_centre,,,52.1962628,21.014099
Hakiel,dancing_school,dance,,52.1962495,21.013985
New Moon,,fitness_centre,,52.2248626,21.0101548
Zdrofit,,fitness_centre,,52.2285579,20.9991302
Zdrofit,,fitness_centre,,52.2565355,20.9830982
Camp4,,sports_centre,,52.1436578,21.0053829
,,,artwork,52.2714668,21.0153971
Integral,,fitness_centre,,52.2379842,21.0257615
Lufa armarty z XIX w.,,,attraction,52.2663061,21.001739
Lufa armarty z XIX w.,,,attraction,52.2664123,21.0016929
,,,artwork,52.1987851,20.9338291
Salon Gier na Automatach,,adult_gaming_centre,,52.2501594,21.0419371
Centrum Kreatywności Targowa,community_centre,,,52.2520221,21.0384826
Boisko przy Kolejówce,,stadium,,52.2132615,20.9653791
Historyczny akwedukt,,,attraction,52.1397334,21.0771708
Chabad Lubawicz,community_centre,,,52.2549094,20.9849524
147 Break,,bowling_alley,,52.2239176,20.9279309
Chłopiec na koniku,,,artwork,52.2409791,21.0565624
Mural,,,artwork,52.1519577,21.0456311
Mural,,,artwork,52.1535551,21.0468727
Mural,,,artwork,52.1539213,21.0486074
,,fitness_centre,,52.2079194,21.0164345
ZSU-57-2,,,attraction,52.1817966,21.0659597
ZSU-23-4,,,attraction,52.1817758,21.0660527
Strela-1 (BRDM-2),,,attraction,52.1817558,21.0661142
S-125 Newa,,,attraction,52.1819935,21.0648672
S-125 Newa,,,attraction,52.1819619,21.0647713
SA-75 Dźwina,,,attraction,52.1819224,21.064707
BTR-40,,,attraction,52.1826945,21.0663562
BTR-152,,,attraction,52.1826756,21.0663165
BTR-152W,,,attraction,52.1826598,21.0662822
BTR-60,,,attraction,52.1826373,21.0662373
BRDM-1,,,attraction,52.1826171,21.0662002
BRDM-2,,,attraction,52.1825994,21.0661605
FUG,,,attraction,52.1825813,21.0661188
SKOT 2 zaporowy,,,attraction,52.182563,21.0660832
SKOT-2A,,,attraction,52.1825459,21.0660417
TOPAS 2AP,,,attraction,52.1825212,21.0659968
M107 SPG,,,attraction,52.1824863,21.0657923
R-11M (9K51),,,attraction,52.1824484,21.065676
9M21 (na transpoterze),,,attraction,52.18243,21.0656034
BM-13,,,attraction,52.1824065,21.0655479
BM-14,,,attraction,52.1823871,21.0655009
MT-LB,,,attraction,52.1825037,21.0659484
BWP-1,,,attraction,52.182491,21.0658768
SKOT,,,attraction,52.1823398,21.065914
SKOT-R3,,,attraction,52.1823616,21.0659471
SKOT-R6,,,attraction,52.1823837,21.0659806
R-5 (BRDM-2),,,attraction,52.1824062,21.0660177
R-5 (BRDM-2),,,attraction,52.1824255,21.0660563
3R9 (9K6),,,attraction,52.1824652,21.0657158
BM-21,,,attraction,52.1823692,21.0654469
BRDM-2 (ZP-111 9M14),,,attraction,52.1823502,21.0653842
BRDM-1 (ZP-27 3M6),,,attraction,52.1823353,21.065334
PT-76,,,attraction,52.1829578,21.0669232
ASU-85,,,attraction,52.1828223,21.0665038
Leopard 1A4,,,attraction,52.1830012,21.0668927
Lądownik Sojuz-30,,,attraction,52.1824671,21.0662786
,,,attraction,52.1824559,21.0661335
ISU-122,,,attraction,52.1827405,21.0664354
T-34-85,,,attraction,52.1832119,21.066856
,,,attraction,52.1817402,21.0646772
,,,attraction,52.181695,21.0647918
,,,attraction,52.1816589,21.0648922
,,,attraction,52.1816195,21.0649867
,,,attraction,52.1815562,21.0651274
,,,attraction,52.1815279,21.0651951
,,,attraction,52.1813707,21.0655652
,,,attraction,52.1813489,21.0656248
,,,attraction,52.1813884,21.0660172
,,,attraction,52.1813166,21.0659294
,,,attraction,52.1812562,21.0657423
,,,attraction,52.1813398,21.0662106
,,,attraction,52.1818343,21.0658393
,,,attraction,52.1818579,21.0657672
,,,attraction,52.1818861,21.0657044
,,,attraction,52.1819083,21.0656477
,,,attraction,52.1819365,21.0655986
Reflektor przeciwlotniczy,,,attraction,52.1819314,21.0654849
,,,attraction,52.1820893,21.0650215
,,,attraction,52.1818586,21.06456
,,,attraction,52.1825487,21.0671765
,,,attraction,52.182677,21.0674402
,,,attraction,52.182634,21.0673482
,,,attraction,52.1826075,21.0673151
,,,attraction,52.1825735,21.0672727
,,,attraction,52.1825603,21.0672211
,,,attraction,52.1826533,21.0673937
,,,attraction,52.1817157,21.0662326
,,,attraction,52.1816862,21.066353
,,,attraction,52.181667,21.0664844
,,,attraction,52.1816483,21.0667157
,,adult_gaming_centre,,52.2053555,21.0317845
Athletic House,,fitness_centre,,52.2633684,20.9803353
Jogosfera,,fitness_centre,,52.2658936,20.9867679
Julian Ursyn Niemcewicz,,,artwork,52.1484765,21.047112
Maria Grzegorzewska,,,artwork,52.1488047,21.0476279
inż. Karwowski i technik Maliniak,,,artwork,52.161387,21.0283424
Mural Kory,,,artwork,52.2777559,20.9436316
Mural Krystyny Sienkiewicz,,,artwork,52.2776266,20.9447522
"Marian Rejewski, Jerzy Różycki, Henryk Zygalski",,,artwork,52.1553276,21.0353359
Rotmistrz Witold Pilecki,,,artwork,52.1557083,21.0359466
Dwoje,,,artwork,52.2739666,20.9500544
Mural,,,artwork,52.2479027,21.0450009
Mural,,,artwork,52.2305769,21.0402365
,,,artwork,52.2037041,21.0460269
Rzeźba pustułki,,,artwork,52.2786528,20.9398388
Dobrzemitu,,fitness_centre,,52.2316983,21.0177323
Wola Walki,,fitness_centre,,52.2344903,20.9690802
,,adult_gaming_centre,,52.2342062,20.9676826
,,adult_gaming_centre,,52.2343005,20.96833
Wolskie Centrum Kultury,arts_centre,,,52.2344327,20.9684767
,,adult_gaming_centre,,52.2343534,20.9691263
,,adult_gaming_centre,,52.2342914,20.9682378
,,adult_gaming_centre,,52.2341346,20.9685361
You Will Never Be Younger Than Now,,,artwork,52.2591661,21.0367536
Sensory Gym,,fitness_centre,,52.2024578,20.8835625
Body Harmony,,fitness_centre,,52.202783,20.8826438
,,adult_gaming_centre,,52.2243694,21.0946849
Cymbałki,,,attraction,52.2411889,21.0301041
,,adult_gaming_centre,,52.2366508,20.913238
Kwiaciarnia Grafiki,arts_centre,,,52.2380914,21.0316796
Lotto,,adult_gaming_centre,,52.231853,20.9597654
Witamy w Stolicy,,,artwork,52.1641066,20.9303755
Westfield Arkadia,,,artwork,52.2554053,20.9830151
House of Pilates,,fitness_centre,,52.2226428,20.9376582
Syrenska Warzawska,,,artwork,52.2255948,20.9488997
Papugarnia Carmen,,,attraction,52.3197016,21.0070218
Lotto,,adult_gaming_centre,,52.2392893,20.9872731
MVP,,amusement_arcade,,52.2540359,20.9949637
Zdrofit,,fitness_centre,,52.2323754,20.9842584
,,amusement_arcade,,52.1843918,21.1878091
Body Best Studia Treningu EMS,,fitness_centre,,52.2573129,20.9651993
EMS Fitfactory,,fitness_centre,,52.2556904,20.9664149
,,,artwork,52.2384331,21.0846748
Muzeum Fabryka Czekolady Wedla,,,museum,52.2461574,21.0514853
Izba Pamięci,,,museum,52.2609952,21.0392895
Czerwiec '76,,,artwork,52.1916604,20.8692539
Poranek,,,artwork,52.2440728,21.0860132
Rybacy,,,artwork,52.2483089,21.0013761
Active Zone,,fitness_centre,,52.2220628,20.937295
Samadhi Joga,,fitness_centre,,52.1344048,21.065582
Czołg średni T-34-85M2,,,attraction,52.2631213,20.998803
Czołg średni T-34/76,,,attraction,52.2630517,20.9988228
Lekki czołg pływający PT-76,,,attraction,52.2631836,20.9989487
Opancerzony pojazd dowodzenia artylerii Skot R-3A,,,attraction,52.2631473,20.9989594
Kołowy transporter opancerzony Skot-2A,,,attraction,52.2631147,20.9989715
Gąsienicowy transporter opancerzony Topas 2AP,,,attraction,52.263081,20.9989809
Przeciwlotnicze działo samobieżne ZSU-57-2,,,attraction,52.2630393,20.9989937
Lekkie działo samobieżne SU-76M,,,attraction,52.2629962,20.9990054
Ciężkie działo samobieżne ISU-152,,,attraction,52.2627465,20.9992084
Czołg ciężki IS-2,,,attraction,52.2627098,20.9992616
Czołg średni T-55 U,,,attraction,52.2626735,20.9993136
Czołg średni T-34-85,,,attraction,52.2626374,20.9993662
Lekki czołg pływający PT-76,,,attraction,52.2626036,20.9994194
"Haubica samobieżna 2S1 ""Goździk"" - M",,,attraction,52.262571,20.9994693
Armata polowa kal. 75 mm wz. 1914,,,attraction,52.263044,20.9991055
"Armata polowa kal. 76,2 mm wz. 1902/30",,,attraction,52.2630078,20.9991167
Armata polowa kal. 75 mm wz. 1912,,,attraction,52.2629726,20.9991267
,,,artwork,52.2517191,21.1105038
,,,artwork,52.2517169,21.1104845
,,,artwork,52.2499517,21.0351141
,,,artwork,52.2560733,21.0351364
Quantum,,fitness_centre,,52.2231492,21.0184443
UFO,,,artwork,52.294847,21.0532181
John Dragon,,,attraction,52.2452885,21.0243566
Miś Uczeń,,,artwork,52.1935138,20.8598407
Zdrofit,,fitness_centre,,52.1989545,21.0477079
Copacabana,,fitness_centre,,52.1878364,21.0040025
Klub Mistrzów,,fitness_centre,,52.1503443,21.0533805
Bez Wymówek,,fitness_centre,,52.2051539,21.0652005
,,adult_gaming_centre,,52.2580795,21.1595361
ArtFit,,fitness_centre,,52.26621,21.1668341
Kolonia,,,artwork,52.2682863,20.9676818
Młynów,,,artwork,52.2352554,20.9725177
Środowiskowe Ognisko Wychowawcze,community_centre,,,52.1841686,21.0149853
Muzeum Rzeźby,,,gallery,52.1890304,21.028523
Zdrofit,,fitness_centre,,52.1949913,21.0261479
Miejska dżungla,,,artwork,52.2506796,21.033543
Smartass,cafe,fitness_centre,,52.2342322,20.9913027
Zdrofit,,fitness_centre,,52.3113472,21.0606372
Odruch,,fitness_centre,,52.200173,21.0090478
CPI,,fitness_centre,,52.2030956,20.9966553
STF,,fitness_centre,,52.2025483,20.9944177
"Mural ""Szkoła Przyjazna Dzieciom""",,,artwork,52.2940735,21.0206933
Mural Emiliana Kamińskiego,,,artwork,52.2433567,20.998806
Gym Generation,,fitness_centre,,52.1561555,21.0333201
Centralny Przystanek Historia,,,museum,52.2353751,21.0076505
Rewolucja,,,artwork,52.233429,21.0007414
Zwierzoo Mini Zoo,,,zoo,52.3262812,20.9493107
NeoVR,,amusement_arcade,,52.2383088,20.9842597
Dar,,fitness_centre,,52.238114,20.9840627
,,adult_gaming_centre,,52.2368768,20.9661928
,,,artwork,52.2218268,20.9611802
,,,artwork,52.2219071,20.9612254
Centrum Sztuki Włączającej / Teatr 21,theatre,,,52.2605718,21.026584
Haubica polowa kal. 122 mm wz. 1910/30,,,attraction,52.2629393,20.9991369
Moździerz oblężniczy kal. 280 mm wz. 1914,,,attraction,52.2629034,20.9991483
,,,artwork,52.2101397,21.0797736
Manneken Bis,,,artwork,52.2029807,21.0259883
Anya Yoga,,fitness_centre,,52.2646327,20.9746168
Miś Piłkarz,,,artwork,52.1864886,20.889527
Miś Kupiec/Sprzedawca,,,artwork,52.1948457,20.8743083
Miś Ogrodnik,,,artwork,52.1955634,20.8956986
Miś Akrobata,,,artwork,52.1893368,20.8896798
Miś Mechanik,,,artwork,52.197816,20.8876209
Miś Rolnik,,,artwork,52.2019365,20.8721979
Miś Traktorzysta,,,artwork,52.2007426,20.8937476
Sztafeta Pokoleń,,,artwork,52.3149291,21.0226182
Mural,,,artwork,52.2764485,20.9543093
"Mural ""Piotr Wysocki""",,,artwork,52.2833113,21.0235215
,,,artwork,52.2382799,21.0189828
Klub Bemowskiego Seniora,community_centre,,,52.2311507,20.915373
Joga Żoliborz joga-joga.pl,,fitness_centre,,52.2586133,20.972346
NMP,,,artwork,52.3036955,20.9287007
"Centrum Kultury Wilanów Filia ""Radosna""",community_centre,,,52.1737368,21.0679718
Level 27,nightclub,,,52.2248124,20.9913111
Mi Polin Mezuzah Center,,,museum,52.230441,20.9986569
My Fit Studio,,fitness_centre,,52.2704925,20.9736776
,,,artwork,52.2681269,21.0585196
,,,artwork,52.2680813,21.0587271
"Świetlica Kolonia VIII ""Osiedle Wysockiego""",community_centre,,,52.289351,21.0416091
Instytut Narutowicza,community_centre,,,52.2521799,20.9987264
Action,,fitness_centre,,52.2505871,21.0073142
,,,viewpoint,52.2345223,21.0253157
Yoga Social Club,,fitness_centre,,52.2045218,21.066984
EMS GetFit,,fitness_centre,,52.2051943,21.0651213
Zdrofit,,fitness_centre,,52.2307583,20.9701554
Muzeum Warszawskiej Metropolii Prawosławnej,,,museum,52.255005,21.0327175
Podkowa,community_centre,,,52.2608331,21.0375888
,,,artwork,52.2372434,21.0253986
Сккльптура ангела,,,artwork,52.2507058,21.0318285
Studio Figura,,fitness_centre,,52.2033544,20.882123
Sala prób chóru Sonus Innumerabiles,community_centre,,,52.2251139,21.0677692
Belgium - Poland friends,,,artwork,52.2112269,20.9733951
Sfera con sfera,,,artwork,52.212104,21.0331655
Michał Slezkin,,,gallery,52.2161074,21.0204111
MAL - OKO,community_centre,,,52.2062368,20.9729321
Oh! My Pilates,,fitness_centre,,52.1885141,20.9938788
The Class,dancing_school,fitness_centre,,52.1898189,20.9889598
Instytut Fotografii Fort,arts_centre,,,52.1944431,20.9964115
Active Zone,,fitness_centre,,52.2017277,20.8854481
12B Fitness,,fitness_centre,,52.1545538,21.0310132
CityFit,,fitness_centre,,52.212845,20.9503766
Centrum Wspinaczkowe Murall,,sports_centre,,52.2402959,20.9062655
"Hala Sportowa ""Siennicka""",,sports_centre,,52.2514104,21.0786684
Szczęście,,fitness_centre,,52.2323121,20.9658254
Total Fitness,,fitness_centre,,52.2324659,20.9583383
,,,artwork,52.2493127,21.0924408
Life Ten,,sports_centre,,52.2399635,21.056323
Salsa Libre,dancing_school,dance,,52.2366561,20.9883606
Mural 63 dni chwały,,,artwork,52.2879856,20.9380477
Stara Galeria,,,gallery,52.2487887,21.0144188
KiWi Fitness Studio,,fitness_centre,,52.2024447,20.8856379
Cele Bezpieki,,,museum,52.2206202,21.0239587
Be Happy Museum,,,museum,52.212841,20.9507907
Red Aurum,,escape_game,,52.2261476,20.9451593
"Neon ""Warszawa""",,,artwork,52.2321792,21.0078468
Pilates Cave,,fitness_centre,,52.2267853,20.979718
Club Formé,,fitness_centre,,52.2271688,20.9809572
Warszawski Ogród Zoologiczny,,,zoo,52.2586070720902,21.02160173992545
Tor Wyścigów Konnych Służewiec,,sports_centre,,52.16210756024355,21.008158560429948
Pałac w Wilanowie,,,museum,52.16510298131233,21.090070396033628
Ośrodek sportowy Moczydło,,sports_centre,,52.236159018048,20.95355040374229
Bemowski Ośrodek Piłki Nożnej,,sports_centre,,52.259304387358604,20.938407745571915
Stadion Syrenki,,stadium,,52.21290884285964,21.011445730207257
Fort Piłsudskiego,,,attraction,52.18874743704704,21.039446005279057
Tor Stegny,,stadium,,52.18687983749527,21.04346191671141
Centrum Sportu i Rekreacji UW,,sports_centre,,52.21123577833947,20.98422481619689
"Klub Sportowy ""Przyszłość Włochy""",,stadium,,52.20644339072601,20.90346915790348
,,stadium,,52.23957363210871,20.953687601172224
,,stadium,,52.286826353006845,20.958959555739284
Stadion Miejski Legii Warszawa,,stadium,,52.220439687647136,21.040740301808903
Polonez,,track,,52.29875919868534,21.035644444254466
II Ogród Jordanowski,community_centre,,,52.196679361482666,21.016054728584827
"Ośrodek Sportu i Rekreacji ""Wodnik""",,sports_centre,,52.22684012249579,21.086762348793766
Dom Sztuki,arts_centre,,,52.161417522382074,21.026812515826805
"Stadion ""Podskarbińska""",,stadium,,52.25142359890594,21.07644201072646
Torwar II,,sports_hall,,52.222310919736834,21.040635016788453
Torwar,,sports_hall,,52.222465975739375,21.04221810005365
,,track,,52.246706294253755,21.065154451187553
,,sports_centre,,52.24842155651014,21.056015018522633
Reh-Medica,,sports_centre,,52.24122138818383,21.098737518719723
Fort Rakowiec,,park,attraction,52.200411047406114,20.974877738849898
Teatr Ochoty,theatre,,,52.217161673529034,20.988999245398976
OSiR Ochota,,sports_centre,,52.219652929850675,21.001628356030484
,,track,,,
,,track,,52.18792203420024,20.973635122391023
Ośrodek Kultury Ochoty,arts_centre,,,52.21267127769423,20.978438672607673
Zachęta,arts_centre,,gallery,52.23929636351381,21.011455230516937
Natoliński Ośrodek Kultury,arts_centre,,,52.13867813724933,21.05066260295278
Filharmonia Narodowa,theatre,,,52.234409594921196,21.011246675898164
Warszawska Opera Kameralna,theatre,,,52.24400063267688,20.997397676638393
,,track,,52.172654397489055,21.02926642912686
Teatr Rampa,theatre,,,52.272663976661555,21.049499647402367
Muzeum Niepodległości,,,museum,52.2453914571801,21.004263403297106
Och-Teatr,theatre,,,52.21422258607863,20.980164934449448
Muzeum Sue Ryder,,,museum,52.213174963591854,21.021821393540215
,,sports_centre,,52.208754665074295,20.97177327170793
Proxima,nightclub,,,52.212601600036926,20.987196099677387
,,sports_centre,,52.215058887134866,20.972900151684424
,,ice_rink,,52.21483375000001,20.97371545
Hala sportowa,,sports_centre,,52.237082737597355,21.058550184475372
Klub Kultury Gocław,arts_centre,,,52.22704064261697,21.08750930682561
Muzeum Wojska Polskiego,,,museum,52.26393080854836,20.99962209606958
Muzeum Historii Polski,,,museum,52.26497036425868,21.00100547988262
,,track,,52.148941793641214,21.053676526653458
Figlowisko,,ice_rink,,52.149396464342686,21.047804970449196
Synagoga Nożyków,place_of_worship,,attraction,52.236065133203894,21.00105755913927
Klub tenisowy Olszynka Grochowska,,sports_centre,,52.24281064553671,21.11203543920123
"Ognisko Pracy Pozaszkolnej nr 1 ""Jordanek""",community_centre,,,52.24282692880713,21.113084296836387
Ośrodek sportowy Inflancka,,sports_centre,,52.25547716189908,20.989909716018513
,,sports_centre,,52.19454405288232,21.05176732019548
Służewski Dom Kultury,arts_centre,common,,52.16837153434074,21.024876838040587
Międzyszkolny Ośrodek Sportowy nr 2,,sports_centre,,52.22707607597775,21.05235380894025
"Polska Federacja Sportu ""Gwardia""",,sports_centre,,52.22461322822988,21.05555976458527
Ośrodek Sportów Wodnych,,sports_centre,,52.22385269771293,21.05708819892282
RKS Okęcie,,stadium,,52.189070001631734,20.967094260379955
Wolskie Centrum Kultury,arts_centre,,,52.234697888263995,20.967606610953883
Ośrodek Sportu i Rekreacji Ursus,,sports_centre,,52.18578497532845,20.889120552177438
,,track,,52.18556760716506,20.889536085707306
Flaming chilijski,enclosing,,attraction,52.25480232106644,21.02393448944227
Kondor królewski,,,attraction,52.25496911748174,21.024511092117432
Wybieg dla małp,enclosing,,attraction,52.25602485966972,21.026202262674243
Pingwiny przylądkowe,enclosing,,attraction,52.25579843395256,21.023094714424264
Ptaki wodne,enclosing,,attraction,52.25602952478983,21.02292834043962
Ptaki wodne,enclosing,,attraction,52.25603358615842,21.022526152726076
Komedia,theatre,,,52.26894403296172,20.978476606340458
Alpaka,enclosing,,attraction,52.25796232238162,21.02253445185287
Lemur Katta,,,attraction,52.256759209485445,21.022487564794197
Kangur czerwony,enclosing,,attraction,52.25644505180861,21.024190969128334
Małpie wyspy,enclosing,,attraction,52.25687387262812,21.022117887699483
Wybieg dla goryli,enclosing,,attraction,52.25732922229306,21.02613448166933
Sajmiri,,,attraction,52.25660547462857,21.022318156595542
Wybieg dla szympansów,enclosing,,attraction,52.25768372885458,21.025586182868025
Gibon Czubaty,,,attraction,52.25692753609911,21.02219927067896
Ptaki wodne,enclosing,,attraction,52.25503539317158,21.023602465184656
Walabia Bennetta,enclosing,,attraction,52.256305134608034,21.023742392349796
Nosorożec indyjski,enclosing,,attraction,52.25749063333932,21.02282712954847
Wikunia,enclosing,,attraction,52.2576474575662,21.021442865809227
Ptaki wodne,enclosing,,attraction,52.25642730411204,21.02294532829699
Takin syczuański,enclosing,,attraction,52.25819611389149,21.023018269581687
Markur turkmeński,enclosing,,attraction,52.25597944312027,21.023457997836317
Nahur chiński,enclosing,,attraction,52.258598024140916,21.022579722538367
Lemur Wari,,,attraction,52.25712899656262,21.022090965264674
Mrówkojad wielki,enclosing,,attraction,52.2597637112734,21.021127371035714
Urson amerykański,,,attraction,52.259629729104795,21.020294289200457
Wybieg dla żyraf,enclosing,,attraction,52.26021062138564,21.020772960420008
Antylopy bongo,enclosing,,attraction,52.260393659947994,21.019429230660318
Lew afrykański,enclosing,,attraction,52.26022476029775,21.01862075829561
,enclosing,,attraction,52.25980595617787,21.019106547359637
Koń Przewalskiego,enclosing,,attraction,52.26020360395716,21.017255995294814
Jak,enclosing,,attraction,52.25967932870516,21.01749923771053
Zebra Hartmanna,enclosing,,attraction,52.25887800683139,21.01849856065492
Gepard,enclosing,,attraction,52.25658131655404,21.020968225180237
Ptaki,enclosing,,attraction,52.25593974233353,21.021669935201864
Pampasowiec grzywiasty,enclosing,,attraction,52.255678990204366,21.022287932092464
Foka szara,enclosing,,attraction,52.255170678626385,21.022585362784646
Niedźwiedź polarny,enclosing,,attraction,52.254747920080575,21.022174833353976
Jeleń,enclosing,,attraction,52.25554039526465,21.021943239452327
,enclosing,,attraction,52.255165195994984,21.021790742842775
Wydra europejska,enclosing,,attraction,52.25431946929638,21.022414776137627
Ptaki,enclosing,,attraction,52.25428366288348,21.0231965700106
Jak,enclosing,,attraction,52.258289094252355,21.018700434060754
Pawiany,enclosing,,attraction,52.25624700816256,21.026122315324006
Tie Break,,sports_centre,,52.136398457637036,21.069036853061494
OSiR Żoliborz,,water_park,,52.276884249819155,20.985007240254262
,,sports_centre,,52.26638498841252,20.968744353180846
Teatr Polski,theatre,,,52.238560371498586,21.020056921650767
,,track,,52.2136838,21.11043240000001
,,sports_centre,,52.2513672478625,21.07597063642794
,,,artwork,,
Dom Kultury Rakowiec,arts_centre,,,52.20333868256462,20.978432169665314
,,track,,52.184941637933605,20.97319580112341
"Zespół obiektów sportowych ""Hawajska""",,sports_centre,,52.14887812085448,21.04138552493669
"Pływalnia ""Hirszfelda""",,sports_centre,,52.144575697190696,21.040303125519387
"Fort P Twierdzy Warszawa ""Bema""",,,attraction,52.256534275575795,20.938446033843647
Sajmirki,enclosing,,attraction,52.25604142203462,21.02638031558309
Kapucynka czubata,enclosing,,attraction,52.25596684439833,21.02620217186082
Lemur katta,enclosing,,attraction,52.25608441160727,21.026070298092808
Koczkodan błotny,enclosing,,attraction,52.25601103491717,21.026301478626547
Makak czubaty,enclosing,,attraction,52.25602530119208,21.026143111086522
Amfiteatr,theatre,,,52.231693109176696,20.947727643817167
,community_centre,,,52.24186088282914,20.990166374348693
Dom Kultury Stokłosy,arts_centre,,,52.15661107775854,21.041268591274477
CrossFit Ursynów,,fitness_centre,,52.15640802118366,21.041190861567447
Orlik 2012,,sports_centre,,52.137665932181925,21.066713730764032
"Pływalnia ""Skalar""",,sports_centre,,52.18678781445546,20.88933334122958
,,adult_gaming_centre,,52.15311746660888,21.030855548051765
Total Fitness,,fitness_centre,,52.15838310573394,21.021908338470492
Ninja Academy Warszawa,dojo,sports_centre,,52.16390606456472,21.025772598102844
,,track,,52.21685181134782,21.240967816349983
,,adult_gaming_centre,,52.15471984773702,21.029957534214443
TKKF Błyskawica,,sports_centre,,52.26041731835737,21.03668595005967
Cmentarz Żołnierzy Włoskich,,,attraction,52.29853975808289,20.9431324106437
,,sports_centre,,52.212618218779426,21.009766785238856
Centrum Warszawianka,,sports_centre,,52.19625482136197,21.02895928394121
,,stadium,,52.19722486922024,21.02760620589367
,,sports_hall,,52.19553286436781,21.03038186982759
"Bemowskie Centrum Kultury ""ArtBem""",arts_centre,,,52.240919709326135,20.918762190418455
Virtual Revolution,,adult_gaming_centre,,52.19311813199032,20.961277894987376
Dom Kultury Włochy,arts_centre,,,52.194827490044105,20.968093091381384
,,track,,52.19265769999999,20.966056550000012
,,track,,52.19266314249632,20.966143714908657
Agrykola,,stadium,,52.220579155628506,21.03425670156865
Calypso,,fitness_centre,,52.339089986701346,20.957991910669108
,,track,,52.314051805392516,20.95175870640908
Muzeum więzienia Pawiak,,,museum,52.24647192661221,20.99079656218937
Hala sportowa OSiR Bemowo,,sports_hall,,52.25774850883802,20.930487149649675
"Hala Sportowa ""Koło""",,sports_centre,,52.24829552444072,20.953834069775432
Hala piłkarska,,sports_centre,,52.25138359755005,20.940197732709432
Gazowniczy Klub Sportowy Świt Warszawa,,sports_centre,,52.23140586675864,20.92028451377443
Osiedlowy Klub Sportowy Służew,,sports_centre,,52.17090528810486,21.036717033462857
Komuna Warszawa,theatre,,,52.22688136838968,21.005241162389403
,,track,,52.20045825660916,20.86897471369034
Białołęcki Ośrodek Sportowy,,sports_centre,,52.32212640564198,20.948094207975206
OSIR Włochy,,water_park,,52.18794060795519,20.960706347217926
"Hala Sportowa DOSiR ""Szanajcy""",,sports_centre,,52.264091779791144,21.03057712395337
Reduta Bank Polski,,,attraction,52.244732385621106,21.006254168283704
,,track,,52.135539938901054,21.055779409717065
,,track,,52.12839928163599,21.05793022542453
,,track,,52.13910320000001,21.0486996
Muzeum Kowalstwa,,,museum,52.17422680000001,21.0462778
Koneser,,,attraction,52.255566850959795,21.044938106808033
Pływalnia Polonez,,water_park,,52.298967828312,21.033731058821513
,,,attraction,52.252253464095425,21.03570666972802
Dom Kultury Włochy,arts_centre,,,52.20178078443325,20.915139158863482
Amfiteatr w Parku Praskim,theatre,,,52.25445547419332,21.025451462488782
"DOSIR ""Prawy Brzeg""",,sports_centre,,52.250023798629265,21.035759256620494
Total Fitness,,fitness_centre,,52.32038183098959,20.97328134312597
Plac Zamkowy,,,attraction,52.2477139460947,21.013775218502808
New Age Fitness,,fitness_centre,,52.3131661,20.9765449
New Age Fitness,,fitness_centre,,52.3129159396622,20.975369179777374
Amfiteatr,theatre,,,52.24355420437879,21.057327505302798
"Pływalnia ""Delfin""",,sports_centre,,52.22861185073315,20.977091584738385
,,,viewpoint,52.246476809893935,21.013892754398565
Dom Kultury Zacisze,arts_centre,,,52.28338519472127,21.071514184849104
Dom Kultury Kadr,community_centre,,,52.1755076063602,21.003205217774326
FC Barcelona Escola Varsovia,,sports_centre,,52.316647566439826,20.979012597646694
Muzeum Karykatury,,,museum,52.244985452200034,21.013171735163347
Centrum Łowicka,arts_centre,,,52.200040252206335,21.00540784913634
Sztukarnia,arts_centre,,,52.20016023991589,21.012341738149665
Muzeum Władysława Broniewskiego,,,museum,52.200943246719845,21.013768134533553
Stacja Grawitacja,community_centre,,,52.21263220496132,20.962144510870388
Spójnia Warszawa,,sports_centre,,52.2984567115843,20.996153204322376
,,track,,52.2294929,21.0803927
,,track,,52.24581141441541,20.949686945355136
,,track,,52.290475361618626,20.997973120456074
,,track,,,
Muzeum Powstania Warszawskiego,,,museum,52.23212356089305,20.981325528070553
Centrum Promocji Kultury,arts_centre,,,52.24706410527244,21.075537369438216
Ognisko Pracy Pozaszkolnej nr 2 im. Dr Henryka Jordana,community_centre,,,52.234519235656144,21.05939829008969
Jomsborg Gród Wikingów,,,theme_park,52.28044550654398,20.993756679817
Sekcja tenisa stołowego Spójnia Warszawa,,sports_centre,,52.269539949999995,21.00064315
KS Spójnia,,sports_centre,,52.27087677691017,20.999745977387075
,,track,,52.272889135074735,20.997810913815258
Morelowa Tennis Club,,sports_centre,,52.306794306136176,20.98930448288599
Hala Sportowa BKKK,,sports_centre,,52.27304055329519,20.961619324857878
"Hala Sportowa ""Reduta""",,sports_centre,,52.23400686840283,20.940140821715424
Legia Warszawa,,sports_centre,,52.220485096775604,21.039710744035187
,,sports_centre,,52.285768260479756,20.97632636253849
,,track,,52.2857200033617,20.975241237448667
,,track,,52.2831285888525,20.969973006447482
,,track,,52.280841205780774,20.97342183425267
,,sports_centre,,52.261837961817534,20.98709108785774
,,sports_centre,,52.26455382022603,20.97542344607789
,,track,,52.23192824965244,21.079730675056695
,,track,,52.31206275,20.974476000000003
Dorożkarnia,arts_centre,,,52.212156465566444,21.072389798361964
Dom Kultury Świt,arts_centre,,,52.284837941445225,21.02142921902159
Muzeum Historii Żydów Polskich Polin,,,museum,52.249368222521916,20.993147558021345
Kino Tęcza,cinema,,,52.26872501803214,20.980692593237137
Towarzystwo Polska-Finlandia,community_centre,,,52.2221177,21.0293218
Państwomiasto,community_centre,,,52.22145761192603,21.027922619352193
Rotacyjny Dom Kultury,arts_centre,,,52.22096247195267,21.027714474710393
Ambasada Muzyki Tradycyjnej,arts_centre,,,52.221273772764675,21.02755876785506
Chata Numinosum,arts_centre,,,52.22118674067967,21.028673672889635
Otwarta Pracownia,community_centre,,,52.220998607105585,21.02868689897136
Miejskie Pszczoły,community_centre,,,52.22177418827283,21.02807649862754
Solatorium,arts_centre,,,52.221301760103536,21.028179032813007
Autonomiczna Przestrzeń Edukacyjna,community_centre,,,52.22191212213244,21.027390148831163
Ladom,arts_centre,,,52.22267811229125,21.0277707409056
"Młodzieżowy Dom Kultury ""Bielany""",arts_centre,,,52.28542199038095,20.95084841459834
Dawne koszary fortu Śliwickiego,,,attraction,52.26670050436428,21.015140998714994
Staromiejski Dom Kultury,arts_centre,,,52.24980742361074,21.01306504136398
Stołeczne Centrum Edukacji Kulturalnej,arts_centre,,,52.24956055321546,21.013726484103483
Pałacyk Konopackiego,arts_centre,,,52.26146035083322,21.039609042214753
"Fort M Twierdzy Warszawa ""Mokotów""",,,attraction,52.194957493553254,20.996387354489272
Kościół św. Elżbiety w Powsinie,place_of_worship,,attraction,52.12376163116312,21.102351232919858
"Skłot ""Przychodnia""",community_centre,,,52.22565659828752,21.016124669994163
Domek Herbaciany,,,artwork,52.29064130836271,21.036686375489673
Krata,,,artwork,52.292052866570124,21.034773907890216
Muzeum Wodociągów i Kanalizacji,,,museum,52.2229072068023,20.994415307992117
"Młodzieżowy Dom Kultury ""Ochota""",community_centre,,,52.21521229930661,20.97203252321297
Orlik,,sports_centre,,52.20475389299893,21.015167278300822
,,sports_centre,,52.26702574657495,21.034205412376487
Praga Centrum,nightclub,,,52.26124627933973,21.04855838501991
Wrotkowisko Szymański,,track,,52.23389709994645,20.9547858738564
Fundamenty mostku kolejki Jabłonowskiej,,,attraction,52.21522366764609,21.157252995928502
,,track,,52.28576077703685,21.03731496643134
,,track,,52.28607545259177,21.037021042479942
"Fort VI Twierdzy Warszawa ""Okęcie""",,,attraction,52.18441908465243,20.946103756174978
"Fort VII Twierdzy Warszawa ""Zbarż""",,,attraction,52.17077768634028,20.983812252949782
,,track,,52.27599365250329,20.94026032727783
DOSiR „Prawy Brzeg” Boisko piłkarskie,,sports_centre,,52.258251477662554,21.062177448228002
Kolumna Zygmunta,,,attraction,52.24725290458878,21.01337927481013
Muzeum Geologiczne,,,museum,52.2098312405483,21.01269506120777
Multimedialny Park Fontann,fountain,,attraction,52.253987154184074,21.011388895025025
Białołęcki Ośrodek Sportu,,sports_centre,,52.33054817590739,20.943822213073652
Lodowisko,,ice_rink,,52.258451346247384,20.930067466084523
,,sports_centre,,52.25751247426674,20.930188468445596
Ośrodek sportowy Namysłowska,,sports_centre,,52.26681725486521,21.03426288905323
VII Ogród Jordanowski,community_centre,,,52.26576155154344,21.029544763602868
,,sports_centre,,52.18479418913024,21.027173439481807
Wisła,cinema,,,52.269739643765995,20.98682364586253
Poległym i Pomordowanym na Wschodzie,,,attraction,52.253755146662115,20.99879504940374
Hala sportowa Koło,,sports_centre,,52.24815308813444,20.95369128252852
Wieża Zegarowa,,,attraction,52.24773994659345,21.014158319703498
Barbakan,,,attraction,52.250618680073266,21.010147453807622
,,track,,52.26270222855528,20.995792273954628
Mur Getta Warszawskiego,,,attraction,,
,,track,,52.22635256989473,20.917264780129724
"Klub MMA & Boxing ""BULDOG"" TEAM",,sports_centre,,52.23614898951869,20.92049568340903
,,track,,52.1509254,21.054957899999984
,,track,,52.28389351537056,20.964743903190268
,,sports_centre,,52.254255835013765,20.957486910919254
Centrum Kultury i Aktywności,community_centre,,,52.26256619524112,21.06458609871836
Dom Działkowca,community_centre,,,52.19581855281258,21.008604483053325
Ośrodek sportowy Górka Szczęśliwicka,,sports_centre,,52.20623875072926,20.956523551639467
III Ogród Jordanowski,community_centre,,,52.2158391646277,20.996090899362237
Nowa Skra,,sports_centre,,52.21385047690911,20.99244945483919
,,track,,,
Fundacja ETOH,community_centre,,,52.218698921300486,20.952509078796105
,,fitness_centre,,52.22598411842369,20.917463451421284
Wybieg dla słoni,enclosing,,attraction,52.25775891495842,21.02429185948473
Budynek administracyjny,,sports_centre,,52.23741799777404,20.953687852964606
Lodowisko sezonowe,,ice_rink,,52.23751132430101,20.95267740240209
,,adult_gaming_centre,,52.227267200000014,21.096264750000003
Rynek Nowego Miasta,,,attraction,52.25285715636287,21.008299024913537
Nowy Teatr,theatre,,,52.20542270193857,21.019210358026715
Ośrodek Skocznia Narciarska,,sports_centre,,52.18486035135656,21.029107479729824
Park Linowy Bielany,,sports_centre,,52.292381315958025,20.970902954360756
OSiR Żoliborz,,sports_centre,,52.276685188158126,20.98680933749694
,,track,,52.28465324561799,20.964388635249133
Altana Chińska,,,attraction,52.16810404083119,21.09104195495615
Klub Tenisowy Break,,sports_centre,,52.2369935804068,21.145905048959985
,,track,,,
"Boiska Sportowe ""Olkówek""",,sports_centre,,52.15951417038584,21.02433106584448
"Ośrodek Kultury ""Arsus""",arts_centre,,,52.19878142001968,20.890407631980064
,,sports_centre,,52.18392201251138,20.868834348789974
Dom Kereta,,,attraction,52.23774669262576,20.989154647843787
Kalendarze empatii,,,artwork,,
,,track,,52.273473798871365,20.95668558920382
OSiR Śródmieście,,sports_centre,,52.21555099651324,21.017244190760987
,,track,,52.193875105310525,21.004945920970126
Sinnet House of Sports,,sports_centre,,52.1925254328621,21.069798631466348
Centrum Sportu i Rekreacji,,sports_centre,,52.245647485817976,20.915827616090784
,,track,,52.288795158678056,20.94321886135621
CRS Bielany,,sports_centre,,52.28814984157788,20.943646222442556
Złota Milonga,,dance,,52.24694768102175,21.00296420316275
,,track,,52.23648748541513,21.106408001183752
OSiR Targówek,,sports_centre,,52.28387935339832,21.069960292965156
,,track,,52.22167633833334,20.982708176317946
Ośrodek sportowy Górka Szczęśliwicka,,sports_centre,,52.205247999673,20.957219814322062
,,track,,52.267940384146286,21.067758757156604
,,track,,52.23690259034751,21.012048804122198
Guliwer,theatre,,,52.20327786927775,21.019793759788218
Syrenka Warszawska,,,attraction,52.249789500000006,21.01217365
,,track,,52.25121034861195,20.961612297035316
Electio Viritim,,,attraction,52.24380426075271,20.96791927107044
Baseny Błękit,,water_park,,52.23100711483351,21.049339739193805
,theatre,,,52.25222414254386,21.012142064466016
Aleja Sportów Miejskich,,sports_centre,,52.242794455522684,20.904711941927122
Nieznanym Mieszkańcom Warszawy,,,artwork,52.232729134122415,21.02713299449502
,,sports_centre,,52.25155279456625,20.93989737581295
Baseny Kora,,water_park,,52.220900748656994,21.080710371229372
"Pływalnia ""Nowa Fala""",,sports_centre,,52.23464036488344,20.94270237524102
Rondo Wolnego Tybetu,,,artwork,,
Galeria Tybetańska,,,artwork,52.22954508101497,20.95678637118836
Syrena,,,attraction,52.24025938422106,21.032078745428542
Sztafeta,,,artwork,52.23805003529579,21.047277196112212
Unity,,,artwork,52.2283611950571,21.03126275099112
Stadion Narodowy,,stadium,,52.23964043180287,21.045799488457728
,,track,,,
,,track,,,
Torwar,,sports_centre,,52.22232723207933,21.041155750587286
Warszawskie Towarzystwo Wioślarskie,,sports_centre,,52.22655766307879,21.044959857720684
Well Fitness,,fitness_centre,,52.14294458060281,21.019402073893314
,,,artwork,52.24288069720233,21.01508180223432
,,,artwork,52.24282328376731,21.015132899137782
,,,artwork,52.24257250765617,21.015348234627982
,,,artwork,52.2426307,21.015299600000002
Odkryta pływalnia OSiR Ochota,,water_park,,52.204209412099104,20.96157009893749
,,track,,52.18946180963389,21.05606977877697
,,track,,,
BRÓDNO,,,artwork,52.28966850015631,21.03959027945096
,,,viewpoint,52.2685391831596,21.10051554901891
Scena Relax,theatre,,,52.23313006652408,21.011024599869145
MiG-29G,,,attraction,52.23229638658112,21.02625251488067
Jak-40,,,attraction,52.232009146729915,21.02651345571682
Młodzieżowy Dom Kultury,arts_centre,,,52.24331547948594,20.946602996340673
TenisWil,,sports_centre,,52.146797288268594,21.096075899828353
,,adult_gaming_centre,,52.235227445065554,20.999776578372852
,,track,,52.22418761025997,21.029282336548718
,,track,,52.23226304999999,21.065294199999997
,,track,,52.230814654184634,21.050796598090123
,,track,,52.15623005421336,21.201558099206107
,,track,,52.163642653651024,21.200349748931007
,,track,,52.2522406,20.920651099999997
Galeria V9,arts_centre,,,52.20759102597112,21.022638874460515
Wola Tennis Club,,sports_centre,,52.23408021454461,20.953830768169045
Centrum Nauki Kopernik,,,museum,52.2418780384595,21.02873550104144
Fundacja Aktywnej Rehabilitacji,,,artwork,,
Lodowisko zimowe,,ice_rink,,52.29832781704969,21.03656886104354
,,track,,52.263337190773065,20.959820206275808
,,track,,52.32029976615943,20.962083119477466
,,track,,52.32689580026993,21.068810553111195
Mural Ludwiki i Hipolita,,,artwork,,
Kulturoteka w Falenicy,arts_centre,,,52.161061463959705,21.213294877376708
,,track,,52.19462514698702,20.97873370107148
,,track,,52.23752772412841,21.1058870305124
OSiR Targówek,,sports_centre,,52.29873737382969,21.035406009778697
MDK im. Władysława Broniewskiego,community_centre,,,52.22145917749394,21.03648340625104
Strefa Sportu Sp. z o.o.,,sports_centre,,52.261878953777,21.152674086832754
,,track,,52.21877346892788,21.235619994263665
Wybieg dla hipopotamów,,,attraction,52.26065569530519,21.017967285613768
Kob nilowy,enclosing,,attraction,52.25857040223427,21.019122257617877
Oryks szablorogi,enclosing,,attraction,52.258259332293925,21.01946556276599
,enclosing,,attraction,52.25725599007727,21.020386206465655
Żubr,enclosing,,attraction,52.257773262374585,21.01986866470825
Wielbłąd dwugarbny,enclosing,,attraction,52.25934734311332,21.017929394531087
Kea,enclosing,,attraction,52.25659294896064,21.025224269954904
,,track,,52.245505449999996,20.995989650000002
Zespół boisk „Orlik”,,sports_centre,,52.305745376718995,20.99443129042907
,,track,,52.20977883387599,20.979135557918514
,,track,,52.17466215354011,21.027907085667827
,,track,,52.21201644513226,20.967829579690548
Muzeum Polskiej Techniki Wojskowej,,,museum,52.18213794717537,21.066526103950295
Amfiteatr,theatre,,,52.11441446307297,21.091354152366854
Pałacyk w Morysinie,,,attraction,52.17532783558117,21.098050185949187
Park Kultury w Powsinie,,sports_centre,,52.11323763231042,21.090966446437893
Park Linowy Veni Vici,,sports_centre,,52.11377216863482,21.093117900856434
Stacja Muzeum,,,museum,52.22565020206925,20.98515565206283
,,adult_gaming_centre,,52.1812015147308,21.022476621404227
,,track,,52.15624425113427,21.053913290425093
,,track,,52.26186879947742,21.039883386274393
,,track,,52.268876182900435,20.983033698756113
,,track,,52.29142257626317,21.02451953800435
,,track,,52.222552400000005,20.901820550000004
,,track,,52.31097105045782,21.070114505260378
KS Drukarz,,sports_centre,,52.24385557806431,21.059214960776785
,,track,,,
,,track,,,
,,track,,,
,,track,,,
,,track,,,
Tor Dirt Pro,,track,,,
Tor Dirt,,track,,,
Stoliki Pro,,track,,,
Stoliki Semi-Pro,,track,,,
Trasa A-Line,,track,,,
Pump Track,,track,,,
Pump Track,,track,,,
Stoliki Amator,,track,,,
,,track,,52.152613631524794,21.034195866289817
,,track,,52.2009001,21.04704234999998
,,track,,,
,,track,,,
,,track,,,
,,sports_centre,,52.16406873450163,21.031910544210906
"Pływalnia ""Koncertowa""",,sports_centre,,52.1634908415471,21.031087593886475
,,track,,52.15742404540736,21.03979569246125
,,sports_centre,,52.15255509787287,21.03232994901175
,,track,,52.14394125244237,21.039363901793752
,,track,,52.14631739872525,21.060058874130387
,,track,,52.139310050039164,21.062578548587332
Aqua Relaks,,sports_centre,,52.12903006494897,21.058371387028004
,,track,,52.14651378254109,21.016401684348967
Tenis MTP Karczunkowska,,sports_centre,,52.10924959769686,21.004235561484915
"Dom Działkowca w ROD ""Wiarus""",community_centre,,,52.19968043409006,20.988377677579756
,,track,,,
Studium Wychowania Fizycznego Wojskowej Akademii Technicznej,,sports_centre,,52.25233118795941,20.89232423500049
Silva Sport,,sports_centre,,52.12543171727293,21.021102289172696
Agvo,training,sports_centre,,52.12062968436508,21.019485534075848
,,track,,52.13097690000001,21.0212399
Korty tenisowe Miedzeszyn,,sports_centre,,52.16534292360926,21.168281312434996
Teatr Narodowy,theatre,,,52.242566658186654,21.00957295999878
,,track,,52.302184099999984,20.97644645
,,track,,52.15385897428555,21.024434651812896
"Fort VIII Twierdzy Warszawa ""Służew""",,,attraction,52.166418320091225,21.040555728537978
,,track,,52.250672060881534,21.167999241151733
Miasteczko ruchu drogowego,traffic_park,,theme_park,52.2621034031478,21.154884632200375
Wawerskie Centrum Kultury Filia Zastów,arts_centre,,,52.21458117811855,21.135563369311573
,,track,,52.273108644224486,20.96209285022512
,,track,,52.17135063893874,21.00228562433578
,,track,,52.36207535,21.0456046
,,track,,52.32978717745624,20.943222045983735
"Fort VIIA Twierdzy Warszawa ""Służewiec""",,,attraction,52.17253040056353,21.01556506904278
Fort Traugutta,,,attraction,52.25719790076409,20.998656836644052
Fort Szczęśliwice,,,attraction,52.20662815439078,20.94967965941284
"Fort I Twierdzy Warszawa ""Bielany""",,,attraction,52.29897715036217,20.94759032211724
"Fort II Twierdzy Warszawa ""Wawrzyszew""",,,attraction,52.277511966730295,20.907155798733047
"Fort IV Twierdzy Warszawa ""Chrzanów""",,,attraction,52.22028104582742,20.89185878674391
"Fort X Twierdzy Warszawa ""Augustówka""",,,attraction,52.207405501453486,21.087046447603964
"Fort IX Twierdzy Warszawa ""Czerniaków""",,,attraction,52.18233509835619,21.06665682609321
,,track,,52.240656642703144,20.982229170767454
,,stadium,,52.21500224795369,20.99312629204679
,,track,,,
,,track,,,
Hot Finder Club,,adult_gaming_centre,,52.150411266697546,21.031802358685045
,,track,,52.11392672777401,21.01481647102673
,,sports_centre,,52.1224205689482,21.123808897343153
Sinus,,sports_centre,,52.16362890376601,21.128583507996034
,,sports_centre,,52.1658047779921,21.126074060614137
Międzyszkolny Ośrodek Sportowy nr 3,,sports_centre,,52.257729694819545,20.999394751110902
,,track,,,
,,track,,52.31682585,21.0341879
Żuraw mandżurski,enclosing,,attraction,52.25705777196376,21.02460614960546
Sika wietnamska,,,attraction,52.25639476196238,21.02573534410815
DeSki,,sports_centre,,52.22266761905928,21.04828642924539
Józef Balcerek-Witold Pyrkosz,,,artwork,,
Irbis śnieżny,enclosing,,attraction,52.25919540936877,21.01951747188291
Herpetarium,,,attraction,52.259240962451514,21.02134168600358
Surykatki,enclosing,,attraction,52.25985951296636,21.020101439559213
,,sports_centre,,52.19410473328728,20.875050738204592
Amfiteatr,theatre,,,52.19127425532263,20.885922215964754
,,sports_centre,,52.146526542831964,21.096063113668677
Akwedukt przy IV Bastionie,,,attraction,,
Xantiland Ranch,,sports_centre,,52.212549525318735,21.248449529830474
,,sports_centre,,52.22633400862928,21.237167249675217
Cmentarz Mauzoleum Żołnierzy Radzieckich,,park,attraction,52.20263042800558,20.988219508377593
,,track,,52.21683115695472,20.992879558238457
Ośrodek sportowy Solec,,sports_centre,,52.23248715891949,21.035626643933345
,,sports_hall,,52.217437429975455,20.996956783944146
,,track,,52.21711750731586,20.997764970301176
Muzeum Ziemi PAN,,,museum,52.22900807740532,21.027719908963835
Muzeum Ziemi PAN,,,museum,52.229020942210184,21.028628952064967
,,track,,52.200115781535786,20.909161980962942
Tarzanek,,sports_centre,,52.13595972410052,21.065182699721042
,,track,,,
,,track,,,
,,track,,,
,,track,,,
Tennis Spot,,sports_centre,,52.14088140647596,20.994831156589395
,,track,,52.19694995,20.868442449999996
,,ice_rink,,52.18718996502813,21.043513266243338
,,ice_rink,,52.222377826501074,21.040665773316075
RKS Okęcie Warszawa,,sports_centre,,52.1891161539947,20.966439553745662
,,sports_centre,,52.18656011064725,21.041772118392043
,,track,,52.19690101113184,20.868543329407117
,,track,,52.20063523978712,20.868972537079472
,,track,,,
,,sports_centre,,52.19413251655509,20.87439526070569
,,track,,52.265665366784724,21.03260005764255
,,track,,52.26475634767927,21.03114949693804
,theatre,,,52.26533951283164,21.028861811574274
,,ice_rink,,52.16253831959317,20.995617828000537
,,track,,52.221120807081526,21.164716876370232
Ośrodek Sportu i Rekreacji m.st. Warszawy w Dzielnicy Wawer,,sports_centre,,52.21910417061482,21.16267092267633
NET,,sports_centre,,52.20558109140569,20.946590197738157
,,track,,,
,,track,,,
,,track,,,
,,track,,,
,,track,,,
,,track,,,
Centrum Sportowo-Rehabilitacyjne WUM,university,sports_centre,,52.20592225915022,20.981337539494422
,,sports_hall,,52.16396911399488,21.065466937207617
,,track,,,
,,track,,52.227012599999995,21.0880297
Amfiteatr Służew,theatre,,attraction,52.16984142395531,21.02320440072576
Tie Break,,sports_centre,,52.165286412400384,21.032057984922808
Ganador Sport,,sports_centre,,52.33733986389487,21.027140954996952
,,track,,52.34479310253475,21.06027273780509
Hala sportowa,,sports_centre,,52.35691097522909,20.982595682516386
Sporteum,,sports_centre,,52.354128432967045,20.97196638626904
Finder Gamayun,,adult_gaming_centre,,52.24600189530309,21.084416978645184
Muzeum Sztuki Nowoczesnej,,,gallery,52.23309488032653,21.009003991905168
,,fitness_centre,,52.24566857085779,20.90602856080873
Ursynowskie Centrum Kultury Alternatywy,arts_centre,,,52.148423631591314,21.044499212361337
Centrum Językowo-Sportowe SGGW,,sports_centre,,52.15775520240322,21.04495669002953
,,sports_centre,,52.1861807080179,21.072081336237765
,,sports_centre,,52.187557421972365,21.06976742956696
Klub Tenisowy „Sadybianka”,,sports_centre,,52.17927855113799,21.064361331171323
Centrum Sportu Wilanów,,sports_centre,,52.17359218884921,21.069733321516427
"Centrum Kultury Wilanów, Filia w Powsinie",arts_centre,,,52.12040401703383,21.101417840910255
,,track,,52.13543780872104,21.05679711626881
,,,artwork,,
Budojo,,sports_centre,,52.145041361677734,21.02130798138947
Oaza,nightclub,,,52.18607682018275,20.955042332793795
,,track,,52.28311083938069,20.939952552020078
,,sports_centre,,52.21656672284346,21.24017870399612
Wesolandia,,water_park,,52.24565569527279,21.183465393150552
Klub tenisowy Pohulanka,,sports_centre,,52.2155111434759,21.252619077186367
,,sports_centre,,52.24999618151582,21.22216998403114
,,sports_centre,,52.262572070146504,21.15470969847419
,,fitness_centre,,52.23671397810868,21.14075566235245
,,sports_hall,,52.21948416450835,21.00161467687456
,,track,,52.22647425909095,20.990052591797323
PKS Victoria Zerzeń,,sports_centre,,52.189965395840936,21.14623283804523
Parafialny Klub Sportowy Radość,,sports_centre,,52.174965593507125,21.190565855047932
,,adult_gaming_centre,,52.225602663158135,21.15829131324799
KS ZWAR,,sports_centre,,52.20464692515137,21.179097371620816
,,sports_centre,,52.19493706573171,21.143467245343583
Prom Kultury,community_centre,,,52.22565190181916,21.06004254248269
,,track,,52.26630395663826,20.968359897338097
,,track,,52.22776714300876,21.09957980102653
,,track,,52.228009501763545,21.10071216474376
,,track,,52.275497646935335,20.931625401733363
,,track,,52.292023681938005,20.933843877897225
,,track,,52.28904704996858,20.93727365477056
,,track,,52.28886155330258,20.93701553325538
,,track,,52.29390805149146,20.93879120595628
,,track,,52.2845217031214,20.941396664769197
,,track,,52.29574802162896,20.938525923110642
,,track,,52.28436117135402,20.93335196457709
,,track,,52.29081737672238,20.943248436026405
,,track,,52.325999804152424,20.97471498633656
,,track,,52.31487890075037,20.958065132624295
,,track,,52.32229695970914,20.94708685196516
,,track,,52.15204281017689,21.047396959050936
,,track,,52.15130114999998,21.032340099999995
,,track,,52.28579741952333,21.024445986973323
,,track,,52.26896831308802,21.04115388658964
,,track,,52.29493003605108,21.03809102256167
,,track,,52.29812068627045,21.04072760728846
,,track,,52.27403324362576,21.045881044788693
,,track,,52.20455384889531,20.900853505977235
,,track,,52.17666110614471,20.93906914102976
,,track,,52.2101693119857,20.904758109994887
,,track,,52.19333589265046,20.89618500654312
,,track,,52.19622596842001,20.900141328614513
,,track,,52.22273041467964,20.906319662906714
,,track,,52.22527097922229,20.911700317098354
,,track,,52.23477660661499,20.91075862624137
,,track,,52.17923154764242,20.999250611557756
,,track,,52.28202297501853,20.954872549693658
,,track,,52.27162352320648,20.938408043979926
,,track,,52.27384971895171,20.947650027238193
,,track,,52.29516482731451,20.96175559361029
,,track,,52.31049602013205,20.919344641652522
,,track,,52.26683254707732,20.953817087528137
,,track,,52.277590148278065,20.948834245748017
,,track,,52.27844389100314,20.948756539722808
,,track,,52.16453245000001,21.2231222
,,track,,52.2376104138565,21.154738972597862
,,track,,52.23751299344451,21.154364368266233
,,track,,52.198111950000005,21.133824600000004
,,track,,52.25438094952526,21.23050326210238
,,track,,52.258659462841166,21.177809599056108
,,track,,52.238867322380344,21.191573379562747
,,track,,52.22324509481368,21.222375849455297
,,track,,52.217537153001295,21.1681369492885
,,track,,52.26490844851692,21.165788651595122
,,track,,52.23724746666142,21.099610792863412
,,track,,52.26313836829198,21.04227761794694
,,track,,52.22828893140548,21.066706065658565
,,track,,52.244083463197775,21.11300168838308
,,track,,52.237716534357276,21.08242374823784
,,track,,52.24180385419561,21.092130439414735
,,track,,52.22721122384652,21.068455399972894
,,track,,52.24809658394564,21.09527056792126
,,track,,52.23355629165454,20.93972265358786
,,track,,52.23515402022319,20.942731533898424
,,track,,52.24272820385139,20.946913813018508
,,track,,52.23497359588798,20.936350298217114
,,track,,52.261605949755854,20.98768030242071
,,track,,52.265352378284675,20.975914764901155
,,track,,52.23650074670589,20.9770038441482
,,track,,52.24399889999999,20.979629199999987
,,track,,52.24557639173893,20.978845244098743
,,track,,52.24178313376452,20.968540994963533
,,track,,52.24941190338944,20.980592984499797
,,track,,52.23420579936464,20.96133692452509
,,track,,52.240665933963555,20.959363357107797
,,track,,52.23158244999999,20.98730345
,,track,,52.20368017645208,20.972952708792164
,,track,,52.2005622,20.980769649999996
,,track,,52.21622625,20.96909155
,,track,,52.2070284,20.976020649999995
,,track,,52.219509183670006,20.974901017241375
,,track,,52.22891225,21.024314099999998
,,track,,52.219010938063974,21.020992888700007
,,track,,52.2467100527423,20.991310557672573
,,track,,52.226133693314566,21.017509772434227
,,track,,52.2526073207367,20.99327283158398
,,track,,52.19002237187458,21.010631995044818
,,track,,52.18284404203653,21.049216916239136
,,track,,52.19034385,21.062702850000008
,,track,,52.18721268921881,21.071323467400173
,,track,,52.19133618148672,20.99697581282351
,,track,,52.184483951630106,21.017905139972576
,,track,,52.191796455117455,21.006345407057545
,,track,,52.209144121743726,21.039945187061566
,,track,,52.19676001716996,21.003050471180845
,,track,,52.12116685170085,21.10261747701994
,,track,,52.19835811637743,21.011028169752187
,,track,,52.197317933545555,20.900915711809503
Muzeum Politechniki Warszawskiej,,,museum,52.22042942574538,21.006040115776198
,,adult_gaming_centre,,52.217363245123494,20.971456578015296
,,track,,,
Lunapark,,,theme_park,52.23266569621911,21.047891423620083
,casino,,,52.228319825822624,20.903064663582875
,,sports_centre,,52.31626526394688,21.03889296129176
Helios,cinema,,,52.21278288682448,20.955598037843686
Team Exit,,escape_game,,52.21283126773521,20.95598823459286
Fit / One,,fitness_centre,,52.213175355251735,20.956388721770214
Yoga Beat,,fitness_centre,,52.224626416667206,21.01265411401105
,arts_centre,,,52.22663160519714,21.005479972712337
,,track,,52.2310104,21.100386800000003
"Szkoła Techniki Futbolu ""Champion""",,sports_centre,,52.1328868123409,20.98345151166473
,,track,,52.15830560521004,21.008366062183416
Orlik im. Eusebio da Silva Ferreira,,sports_centre,,52.272278990186784,21.055227399098545
"Dom Działkowca w ROD ""Ogrodnik""",community_centre,,,52.200623146862114,20.988144965518774
,,sports_centre,,52.209426685845514,21.05848227611025
25D49,,,attraction,52.22516749999999,20.984036
Ol49,,,attraction,52.2252051,20.984168450000002
34D44,,,attraction,52.22524821595739,20.984320373734047
Pm2,,,attraction,52.2252924387286,20.984476217566876
27D24,,,attraction,52.225338100000016,20.98463705
32D3,,,attraction,52.22541528496639,20.984909161822678
Os24,,,attraction,52.2253741528797,20.9847641393549
Pm3,,,attraction,52.22545844618599,20.985061208058443
414S,,,attraction,52.22602269035061,20.986592351164543
TKh,,,attraction,52.22573756554457,20.98558702188019
TKbb,,,attraction,52.22570375000001,20.985467800000002
BCi-29,,,attraction,52.22575290000001,20.985475949999998
Wagon bagażowo-pocztowy,,,attraction,52.22579755115612,20.985635335287128
24Z,,,attraction,52.22584305271381,20.985792388964594
Wagon artyleryjski,,,attraction,52.2258953,20.98597835
Panzertriebwagen 16,,,attraction,52.2259648414047,20.98622422968919
27D51,,,attraction,52.22559998368897,20.985104493167306
Ty51,,,attraction,52.22564101261314,20.985248838084487
SN52,,,attraction,52.22488150219684,20.98274919227264
Ty2,,,attraction,52.22494735000001,20.983144900000006
30D43,,,attraction,52.22492174999999,20.982996199999995
Okl27,,,attraction,52.224986086706934,20.983345934366106
Tr203,,,attraction,52.22504864999999,20.9836118
25D201,,,attraction,52.22501799999999,20.983486300000003
32D43,,,attraction,52.2250849,20.983745750000004
Ty42,,,attraction,52.2251245,20.983886
Wagon salonowy Ashx,,,attraction,52.22605134999999,20.986528700000004
Wagon cysterna,,,attraction,52.22597518496559,20.986422112369922
Dwuosiowy wagon kryty budowy pruskiej,,,attraction,52.22594184999999,20.986303249999995
Dwuosiowy wagon kryty budowy węgierskiej,,,attraction,52.22590709930495,20.986182165536867
Dwuosiowy wagon kryty budowy niemieckiej,,,attraction,52.225864699999995,20.986034800000002
Dwuosiowy wagon kryty specjalny budowy włoskiej,,,attraction,52.22581995000001,20.985876900000004
202Lc,,,attraction,52.22577550000001,20.9857215
"TS-11 ""Iskra""",,,attraction,52.23209517823417,21.026445705345996
MIG-21 PF,,,attraction,52.23239429938916,21.026249962294578
,,,attraction,52.2323546740355,21.026562662380933
IS-2,,,attraction,52.23248078774471,21.026525100013306
Kartingowy PGE Narodowy,,sports_centre,,52.24057296581612,21.04274620144389
,,track,,52.164761899999995,21.222562100000005
,,track,,52.18814203626182,21.1750412214245
,,track,,52.18850000000001,21.17519945
,,track,,52.218679982209224,21.14318697647544
"Replika samochodu pancernego ""Kubuś""",,,attraction,52.2321887,20.98168015
Arena Ursynów,,sports_centre,,52.14317258530431,21.039411400038084
Tenispoint,,sports_centre,,52.14246594064577,21.03988524541078
,,sports_centre,,52.172672081365086,21.139949802794796
,,sports_centre,,52.172668555532184,21.140064359100656
,,sports_centre,,52.311371831257844,20.880619672016515
Farma wuja Toma – Dyniolandia,,,zoo,52.29467084635965,20.89924985009785
,,sports_centre,,52.261494417325274,20.903197142920828
,,track,,52.171531139956535,21.204215246185235
"Ośrodek Sportu i Rekreacji ""Falenica""",,sports_centre,,52.168538707805425,21.21135653700286
,,track,,52.258755002496045,21.17775989721502
,,track,,52.25123546342618,21.226538056854547
,,track,,52.23874326018085,21.19154199349195
,,track,,52.23665629337701,21.059909511787158
,,track,,52.230843236176824,21.050685000183783
,,track,,52.22860773305007,21.06709841735217
,,track,,52.22829425000001,21.0661716
,,track,,52.23239669041471,21.064759239661804
,,track,,52.22717015396133,21.06811073510476
,,track,,52.23053384999999,21.06073339999998
,,track,,52.2306037078272,21.061328014940983
,,sports_centre,,52.28104194914273,21.082951619729663
,,track,,52.24426678269826,21.072094979049755
,,track,,52.244739879798225,21.072723866851728
,,track,,52.23869267587597,21.12562543801475
,,track,,52.24758364181636,21.10835845450678
,,track,,52.24090911253666,21.080237324194933
,,track,,52.247195850000004,21.0768334
,,track,,52.24997859960423,21.082037089270628
,,track,,52.255810130067744,21.04894479289354
,,track,,52.25919556023565,21.03219348141645
,,track,,52.26269874255579,21.02607905862573
,,track,,52.26092539104153,21.03545791021563
,,track,,52.2337735326649,21.02284434353773
Centrum Lokalne Modlińska 257,community_centre,,,52.33307082517243,20.963044150971655
,,adult_gaming_centre,,52.23581378274195,21.031895104474565
,,track,,52.284429330795945,21.071622884091436
Lotnisko Modelarskie Białołęka,,sports_centre,,52.33029422562767,21.073533105772622
,,track,,52.26844474532429,21.04138694534359
,,track,,52.271942044312915,21.0544231019634
,,track,,52.281043103605626,21.057404377901356
,,,artwork,52.24089634999999,21.014066099999997
SEMP Arena,,sports_centre,,52.14462734977542,21.03937389753931
Padlovnia,,sports_centre,,52.140276502110815,20.99225418747604
,,,artwork,52.24365494999999,21.009382
,,,artwork,52.244203700391594,21.010654416886435
,,sports_centre,,52.2176288494095,21.11019419518456
Monta Beach Volley Club,,sports_centre,,52.225361875854084,21.0459999009077
,,track,,52.240462068386684,20.919466218767052
,,track,,52.21706370000001,21.042959250000003
,,track,,52.24422499835593,21.112752118314834
Strzelnica ZKS,,sports_centre,,52.300196815482046,20.94198908383001
Ośrodek sportowy Hutnik,,sports_centre,,52.300469322563494,20.944770709518465
Ośrodek sportowy Grzybowska,,sports_centre,,52.23529615207832,20.99577283117618
Muszelka,,sports_centre,,52.286377754131806,21.03718513151993
Karaoke Party Box,karaoke_box,,,52.244069476006516,20.991011445126816
,,track,,52.23185705010794,20.903417965628936
,,track,,52.29534715071014,21.047973461244084
,,track,,52.29790805699051,21.040273299228158
,,track,,52.24801031789537,21.095213862115045
,,sports_centre,,52.206503303437515,21.02819742032171
,,trampoline_park,,52.289908084046054,21.056967942832323
Izba Pamięci przy Cmentarzu Powstańców Warszawy,,,museum,52.22644078856644,20.9362669580922
Izba Pamięci przy Cmentarzu Powstańców Warszawy,,,museum,52.22566531549803,20.936181975424443
,,track,,,
,,track,,52.29898940910445,21.035126383024476
,,track,,52.298218376321074,21.035263219349293
,,track,,52.29923729865737,21.036075415813023
,,track,,52.29929069355988,21.036071406524314
,,track,,52.25228340000001,20.89312075
,,track,,52.25284275134857,20.8923670599113
,,,attraction,52.2347621359235,21.02346086129334
"Hala ""Siennicka""",,sports_centre,,52.25140810814007,21.078616804323193
,,track,,52.23870835916161,20.987051085604847
,,sports_centre,,52.21500488916341,20.97305091962972
,,track,,,
,,track,,52.32680695,21.047158749999998
,,track,,52.3273896773172,21.03687792912609
,,track,,52.31688527237847,21.034396800721517
,,track,,52.36246739276131,21.045967642085508
,,track,,52.321534680981195,20.950313203748316
,,track,,52.32154347244199,20.94961253492013
,,track,,52.32623371470666,20.975133153037685
,,track,,52.337653149999994,20.945435649999986
,,track,,52.35702944999999,20.98217375
,,track,,52.340577021911336,20.99288622469267
,,track,,52.34085011442075,20.99329475515013
Bielańskie Centrum Edukacji Kulturalnej,arts_centre,,,52.29039638709961,20.941684652813926
,,track,,52.29594674999999,20.938959349999998
,,track,,52.284833260566074,20.941468346562946
,,track,,52.28917718965713,20.937158794307177
,,track,,52.28198310000002,20.955045099999992
,,track,,52.278085749999995,20.948883500000015
,,track,,52.2907666,20.943371600000003
,,track,,52.28524488502497,20.97595093862842
,,track,,52.282626946497444,20.970264715474944
,,track,,52.27247905000001,20.961272349999987
,,track,,52.28677231055251,20.95956205205292
,,track,,52.287152762545205,20.95919905537575
,,track,,52.28725909999999,20.958622650000002
,,track,,52.28734534313046,20.958622155679702
,,track,,52.28732752576508,20.958496249897834
,,track,,52.28739476427813,20.958439616403098
,,track,,52.28673924537702,20.958572473237908
,,track,,52.286680509890665,20.958541289156084
,,track,,52.28644823315578,20.959359771279942
,,track,,52.28632242621237,20.959478827844148
,,track,,52.28857574999999,20.9597269
,,track,,52.288638750000004,20.959672400000024
,,track,,52.288785350000005,20.95965840000002
,,track,,52.28855525,20.958963649999998
,,track,,52.28915025578353,20.959868360316392
,,track,,52.289134007757774,20.959832807743698
,,track,,52.292115849999995,20.933237349999995
,,track,,52.2721379,20.937587949999998
,,track,,52.2762141021378,20.94037677473753
,,track,,52.276157850000004,20.940337600000003
,,track,,52.276131719006,20.940357968743918
,,track,,52.26676425000001,20.9546137
,,track,,52.27367416440892,20.94850715059321
,,track,,52.26417455864937,20.974921357672812
,,track,,52.26392634290327,20.975766464492303
,,track,,52.265262496145006,20.975605605316986
,,track,,52.2703695430102,21.000971110463027
,,track,,52.271485888824536,21.000220954480874
,,track,,52.275409114981066,20.986011484490756
,,track,,52.261894493414424,20.983212186573176
,,track,,52.358751101888814,21.032053645952736
,,track,,,
,,track,,52.258967049999995,20.92706675
,,track,,52.26046842857102,20.901589510879383
,,track,,52.25035465724662,20.92785347032916
,,track,,52.18994909589785,21.000581082202096
,,,artwork,,
,,track,,52.26143571667818,20.97108938291496
,,track,,52.26131246692382,20.971399239544525
Warszawski Klub Tenisowy Mera,,sports_centre,,52.21365903121241,20.96260041208261
Arco,,sports_centre,,52.21468990063902,20.964067580648518
Korty SGGW,,sports_centre,,52.14516932679499,21.069415295127538
Klub Tenisowy Wilga,,sports_centre,,52.18551102254583,21.21069204759539
Tężnia solankowa,,,attraction,52.25047170000001,21.222177650000006
,,sports_hall,,52.2087613410379,20.966272861289415
,,track,,52.222605370570875,20.902371400191885
,,track,,52.240449833175695,20.919374718166782
,,track,,52.226312595662996,20.917321307059638
,,track,,52.25064029999999,20.991951649999997
,,track,,52.24073825,21.001288949999996
,,track,,52.24079945000001,21.00133474999999
,enclosing,,attraction,52.25819398860364,21.0223441201418
,,track,,52.24185918625868,20.99801472896005
,,track,,52.23726871265947,20.99884544916184
,,track,,52.23527386619369,21.0004152780038
Serwal,,,attraction,52.259700965702955,21.020240249099466
,,track,,52.24240685,21.006929749999998
Tężnia solankowa,,,attraction,52.218586650000006,21.230610900000002
,enclosing,,attraction,52.25675692094437,21.02342364105207
,enclosing,,attraction,52.25684919265641,21.023669475981418
,enclosing,,attraction,52.25696805817906,21.02384274291823
Goral chiński,enclosing,,attraction,52.25837029023794,21.02277910509985
,enclosing,,attraction,52.259221360412916,21.021169681165656
,enclosing,,attraction,52.25920258261487,21.02126234556499
Tamaryna czerwonobrzucha,enclosing,,attraction,52.25986265055915,21.02030731513704
Tamaryna białoczuba,enclosing,,attraction,52.25985850320865,21.02024093932896
Pigmejka karłowata,enclosing,,attraction,52.25982727599321,21.0200064966684
,,track,,52.21964711322187,20.981150801540085
,,track,,52.2363849004586,21.02849302886996
,,track,,52.23669259999999,21.019843700000003
,,track,,52.23372334361489,21.022692891992275
,,track,,52.20154218677609,20.9245707733926
,,track,,52.16812159999999,21.085439300000004
Roller Disco,,sports_centre,,52.22345967053162,20.92785637501988
,,,gallery,52.22340864423948,20.92716621950521
,,track,,52.258883000000004,20.92753365
,,track,,52.25925603916876,20.927354890003063
Okęcie Tennis Club,,sports_centre,,52.189064389529925,20.965233027738396
,,track,,52.251554337301464,21.075857492412126
,,sports_centre,,52.23717422057303,21.058552323998143
Cinema City,cinema,,,52.231636616677804,21.105342681229768
Zdrofit,,fitness_centre,,52.233208096513074,21.10645967896649
Egurrola dance kids,,dance,,52.23217364046083,21.106179018914222
Piąty wymiar,arts_centre,,,52.23178835992872,21.106063971595116
teatr niewielki,theatre,,,52.23242187814471,21.106254494752207
Zdrofit,,fitness_centre,,52.23321114412185,21.10628390874294
Ścianka wpinaczkowa,,sports_centre,,52.20233734883717,20.921671638528455
,,track,,52.17360825000001,21.039920300000002
,,track,,52.173688034846585,21.040077306113794
,,track,,,
,,track,,,
,,track,,,
Kinomuzeum,cinema,,,52.23352745253204,21.00840565236849
Tkt48-36,,,attraction,52.2255625,20.984942250000003
Pt47-104,,,attraction,52.22550843488686,20.984744682282482
34D74-54,,,attraction,52.225465634319576,20.984596226325003
Ty43-17,,,attraction,52.225422591153425,20.984435347786906
32D47,,,attraction,52.22538224940441,20.98429416579641
Tr6-39,,,attraction,52.22533274999999,20.984125499999998
TKZ211,,,attraction,52.22527268650138,20.983910858792033
OKa1-1,,,attraction,52.2252268,20.9837432
OKi1-28,,,attraction,52.22518979964049,20.983609716077055
Tkb3-129,,,attraction,52.22515799880856,20.9834860318724
PU29-3,,,attraction,52.22548434999999,20.9850023
ET21-66,,,attraction,52.22540580864273,20.98472554583245
ST44-001,,,attraction,52.22533930342949,20.984492591151135
SM25-02,,,attraction,52.22529313382,20.984320026280486
SM15-17,,,attraction,52.22525534999998,20.98418075
SM41-190,,,attraction,52.22521059759153,20.984020162007134
EU20 - 24,,,attraction,52.2251504020581,20.983807070483852
EP02 - 02,,,attraction,52.2250788,20.983540599999998
,,track,,52.220653623514195,21.03355763204258
,,track,,52.209201476605635,21.040305233369125
,,track,,52.19810921813609,21.034240611430754
,,track,,52.19809955,21.03420215
,,track,,52.20126171460491,21.038258123850085
Wodny Park Warszawianka,,water_park,,52.195030636638826,21.026498138577878
,,track,,52.183084599999994,21.049608850000006
,,track,,52.19704459393901,21.0034151619137
,,track,,52.191263290455026,21.025610130177096
,,track,,52.192501806652956,21.00941387008977
,,track,,52.19278647727165,21.009274694947784
,,track,,52.184189857799616,21.02782055522635
,,track,,52.1838459604336,21.02781012502258
Klub Tenisowy Smecz,,sports_centre,,52.15915095352118,21.03281653474877
,,track,,52.18710085,20.960119299999995
,,track,,52.18480993120872,20.97361008402742
,,track,,52.20146285011015,20.924936516443246
,,track,,52.20462654969418,20.90039323428669
,,track,,52.195069999999994,20.89525510000001
,,track,,52.21626168996661,20.96916176957864
,,track,,52.21996413192544,20.981096000539534
,,track,,52.209368350852515,20.978928896891023
,,track,,52.20831754737542,20.971383884679895
,,track,,52.19468714949005,20.978244435534773
,,track,,52.2199415,21.001958249999998
,,track,,52.146567146634176,21.059403930906246
,,track,,52.12855382415601,21.057865799535328
,,track,,52.132946159080056,21.060179012772572
,,track,,52.14892450000001,21.0539183
,,track,,52.148769650000006,21.042127600000004
,,track,,52.13987648460273,21.063151987220458
,,track,,52.1392384,21.0486917
,,track,,52.1574282048233,21.040126504263814
,,track,,52.1562999,21.053732750000005
,,track,,52.1311567,21.0211487
,,track,,52.153717650000004,21.0243221
,,track,,52.14664903773318,21.016337472172196
,,track,,52.15285015000001,21.033368950000003
Ośrodek sportowy Rozbrat,,sports_centre,,52.2253984311306,21.03516161890179
Stołeczne Centrum Sportu AKTYWNA WARSZAWA,,sports_centre,,52.22566691624058,21.035247816739744
,,stadium,,52.299982003770175,20.943863940444622
,,track,,52.235182433017336,20.90028290475513
,,track,,52.29373364823484,20.93762504629979
,,track,,52.2407414,20.982252650000003
,,track,,52.21557449824645,20.992789264111586
,,track,,52.21543817622048,20.992871088840122
,,track,,52.21490152057617,20.99268354764691
,,track,,52.21507261009728,20.993593477708306
,,track,,52.186557554904766,21.194585349537995
,,track,,52.29932076428884,21.036173976206374
,,track,,52.26056928883437,20.91695386741357
,,track,,52.22236324717291,20.906861696652072
TKw2-57,,,attraction,52.22501375314639,20.98291374243015
Ośrodek sportowy Stegny,,sports_centre,,52.1867218829553,21.042914630325964
Pływalnia letnia,,sports_centre,,52.115862852679726,21.09269626934312
Pływalnia letnia,,sports_centre,,52.25566217312098,20.99073693152116
,,fitness_centre,,52.21899243197868,21.09657239171381
Zdrofit,,fitness_centre,,52.22357922545628,20.925884273791915
Białołęcki Ośrodek Sportu,,stadium,,52.32228198898879,20.947506160966665
Figlowisko,,sports_centre,,52.149526863288955,21.04789048946083
,,track,,52.29319868642708,21.024383182207394
Tężnia solankowa,,,attraction,52.19489168353932,20.86584604242941
Plac gier,,sports_centre,,52.115943975984194,21.088658709232007
Mały amfiteatr,theatre,,,52.11583422589291,21.089296769625793
,,track,,52.22292674262537,20.934813418357603
,,fitness_centre,,52.205197198161734,21.016981193898847
,,track,,52.23581444999999,20.989625299999997
,,track,,52.203211499999995,21.044182149999997
,,track,,52.2308393963852,20.973090650629263
,,track,,52.15595665397143,21.067647241408196
,,track,,52.20921599861702,21.051261456991636
,,track,,52.28188682855823,21.051694261170905
URSUS,,,artwork,52.196029800000005,20.8823966
,,sports_hall,,52.2028250481182,20.88879860163159
Fox Games Arcade,,amusement_arcade,,52.19381543834356,20.951833141455136
"Dom Działkowca w ROD ""Fort Szczęśliwice""",community_centre,,,52.209051755265065,20.948932750613945
,,track,,,
,,track,,,
,,track,,,
,,track,,,
Pałac na Wyspie,,,museum,52.21507595459753,21.03581080930792
,,track,,52.251537876332044,20.990580920033345
,,track,,52.25383490584327,20.886356972541137
,,sports_centre,,52.2602855407408,21.17579529900822
,,track,,52.20216847239835,20.888238661195736
,,track,,52.20202101985372,20.888968658033026
,,,artwork,,
Scena Metro,theatre,,,52.293813895617745,21.028416943581295
,,track,,52.225127957809185,20.881968662683466
Zamek Ujazdowski,,,attraction,52.21951223038474,21.030745799818387
Zamek Królewski,,,museum,52.24781913361012,21.014890954895108
Pałac Kultury i Nauki,,,attraction,52.231721066954194,21.00595418989113
Teatr na Wyspie,theatre,,,52.21375186666656,21.0364843226822
Tor treningowy,,track,,52.166618116357746,21.000679151594
Stodoła,nightclub,,,52.21157711239092,21.010229840901573
,,track,,52.226140839131595,20.917576763908713
,,track,,52.20036550254154,21.016662375375933
,,track,,52.16422901523382,21.032454960884948
,,track,,52.237739454578495,21.093124434168164
Teatr Powszechny,theatre,,,52.24701249983362,21.04830106987148
,,track,,52.22061096444032,21.034150371651545
,,track,,52.25125972977356,20.976340622526166
Rynek Starego Miasta,,,attraction,52.24978888751306,21.01217837264753
,,track,,52.1599932641889,21.01314177695539
,,track,,52.21294673329599,20.990503532372088
,,track,,52.21501718628765,20.99312394021153
,,ice_rink,,52.1868833783594,21.04344224335483
,,track,,52.251428768970776,21.076486397889724
,,track,,52.250998500082495,21.07272199150746
,,track,,52.27571147648942,20.985257252005066
,,track,,52.28911613379499,20.956790167127938
,,track,,52.2868228276633,20.958970880520436
,,track,,52.23795704321975,20.9667803631667
,,track,,52.24710006663527,20.983219056926995
,,stadium,,52.255586320818644,21.001228195493393
,,track,,52.21292324157519,21.011458024573653
,,track,,52.1822466439408,21.010235486203044
,,track,,52.16467705329007,21.03126211772292
,,track,,52.1141320841342,21.014141437052274
,,track,,52.26254495831465,21.154356641441748
,,track,,52.288765376265935,20.943582969762033
,,track,,52.256276481762825,20.907259461140058
,,track,,52.18413120463627,21.028091372991252
,,track,,52.17114748011279,21.20367093858238
,,track,,52.13845295395392,21.061997834710127
,,track,,52.21171641744983,21.072854745572556
"Fort V Twierdzy Warszawa ""Włochy""",,,attraction,52.19555600630356,20.914916514605963
,,track,,52.22776760996088,21.099914735550662
,,track,,52.292112995523134,20.9340322035511
,,track,,52.288954437956725,20.93714719874063
,,track,,52.284403107591665,20.933640418525535
,,track,,52.29094285903399,20.94319094028137
,,track,,52.1328940921521,21.06017360992452
,,track,,52.15199859832085,21.04710187536503
,,track,,52.29618726203364,21.030840097723065
,,track,,52.29507886296621,21.038303845476307
,,track,,52.29815635350864,21.040534325925208
,,track,,52.27213563942449,21.044300958947726
,,track,,52.2876601163483,21.030270854661104
,,track,,52.18262711835662,20.973826901516418
,,track,,52.19638704848636,20.899912519436015
,,track,,52.22533646065621,20.91224200148958
,,track,,52.26050296280854,20.90203739561625
,,track,,52.22240578346516,20.906297113835404
,,track,,52.25057349615387,20.928502360391803
,,track,,52.26077038729157,20.91639577232983
,,track,,52.23511879791211,20.91138906300265
Bieżnia,,track,,52.231428530638475,20.902652840899748
,,track,,52.26022738521878,21.17594096600387
,,track,,52.24639300286016,21.13590329803794
,,track,,52.26499161224823,21.16607544412711
,,track,,52.23636775690822,21.059705912666352
,,track,,52.23720142400409,21.099775551068298
,,track,,52.23037228859855,21.061201434064657
,,track,,52.247167366331745,21.077024320365688
,,track,,52.22847283029026,21.066580406914415
,,track,,52.2377732795477,21.082195597473405
,,track,,52.22710330042731,21.06834485276504
,,track,,52.23898427162426,21.12534145398522
,,track,,52.24244144970008,20.947551047290872
,,track,,52.22833761404637,20.952654754930837
,,track,,52.23519953652168,20.936272260818626
,,track,,52.208441887092235,20.971161392631057
,,track,,52.205319196894365,20.96871180980187
,,track,,52.236375892909955,21.028759983150373
,,track,,52.240275956808496,21.025495684289496
,,track,,52.17695937000667,21.05442951661901
,,track,,52.19676220691897,21.00329962224451
,,track,,52.19020691978689,21.00550525093381
,,track,,52.18306016255302,21.063902544463026
,,track,,52.19740034933013,20.9011849270019
,,track,,52.210497117913526,21.014691293510147
Terminal Kultury Gocław,arts_centre,,,52.23154609389494,21.093547184504253
,,track,,52.16475603772,21.205634427852956
,,track,,52.21643611176822,21.189233118889295
,,track,,52.25121755975571,21.226564423744904
,,track,,52.24448151599516,21.071979972480072
,,track,,52.22957046857062,21.064538090584463
,,track,,52.231780481067176,21.079807279196093
,,track,,52.24081212703839,21.080091413450127
,,track,,52.249832615731826,21.082059010098973
,,track,,52.259260742725814,21.03243761784359
,,track,,52.26271421560701,21.025802120567544
,,track,,52.26098375070591,21.03568511742948
,,track,,52.284524908570724,21.071363857343712
,,track,,52.272439795779256,21.054637937411663
,,track,,52.29517629667264,21.046953345512833
,,track,,52.19674830170355,21.016254922929217
,,track,,52.326610380203796,21.047005378507247
,,track,,52.32157905318905,20.94987595195224
,,track,,52.34069676493264,20.993282550835644
,,track,,52.276356815148624,20.940286829271496
,,track,,52.26397898550864,20.97622663650529
,,track,,52.270916966589034,21.000550171860993
,,track,,52.26218524042206,20.98336440143919
,,track,,52.26503660157293,20.963696012752763
,,track,,52.25246546289676,20.986126814108626
,,track,,52.24162865065926,20.997762048849616
,,track,,52.2365099765298,21.019625834754525
,,track,,52.20818090450243,21.00190335553871
,,track,,52.188109841940474,21.057440740094602
,,track,,52.233833721589924,21.04832757741265
,,track,,52.177408520348564,21.05027826698513
,,track,,52.23541102841826,20.900620078990904
,,track,,52.24013402718082,20.974473234727668
,,track,,52.24070937080566,21.001824633536174
,,track,,52.24432432005365,21.142618006621486
,,track,,52.250574260935494,21.167865328651516
,,track,,52.18620620987583,21.194304772392208
,,track,,52.298752704762,21.035667571101907
,,track,,52.28101833459702,21.05712250074969
,,track,,52.25913019367017,20.92665558636511
,,track,,52.25259997785781,20.920518472443057
,,track,,52.25287027196222,20.893013748418074
Ośrodek sportowy Polonia,,sports_centre,,52.25542975232702,21.001276458015038
,,track,,52.29332286001707,21.024320803212596
,,track,,52.24088557541617,21.152725843433892
,,track,,52.20492011359899,21.01688463360101
,,track,,52.20906268404505,21.051342998322014
WCSM Agrykola,,sports_centre,,52.220633942296864,21.034377421428854
,,track,,52.233997021642026,20.94686615615161
,,track,,52.20197027043511,20.888757303909507
,,track,,52.225081551522806,20.882271102606236
