name,leisure,landuse,natural,longitude,latitude
,,,,18.5447029,54.4571791
,,,,18.5279733,54.4772868
,,,,18.4721709,54.5391063
,,,,18.5612594,54.4618115
,,,,18.5617243,54.4704818
,,,,18.5616505,54.4730585
,,,,18.5602046,54.4725485
,,,,18.555706,54.4669018
,,,,18.5550616,54.4651968
,,,,18.5665931,54.4897186
,,,,18.5595085,54.5011282
,,,,18.5562595,54.5050463
,,,,18.558615,54.4741259
,,,,18.5562071,54.4689595
,,,,18.5567882,54.4683094
,,,,18.5557669,54.4535996
,,,,18.5561637,54.4553089
,,,,18.5563982,54.4547636
,,,,18.5601719,54.4535838
,,,,18.560231,54.4529223
,,,,18.5604601,54.4525185
,,,,18.5581777,54.4500878
,,,,18.5566624,54.4523401
,,,,18.5599637,54.3946478
,,,,18.4472151,54.5719228
,,,,18.5191311,54.5197704
,,,,18.5562603,54.4897849
,,,,18.5305503,54.4351277
,,,,18.4547766,54.5452595
,,,,18.455107,54.5453562
,,,,18.4550802,54.5454764
,,,,18.4150955,54.5197567
,,,,18.5227934,54.5162632
,,,,18.53455,54.5434121
,,,,18.5164768,54.4823275
,,,,18.5177756,54.4826315
,,,,18.5192486,54.4829157
,,,,18.5414131,54.4826567
,,,,18.5129335,54.5065552
,,,,18.5127059,54.5069976
,,,,18.5077092,54.4930493
,,,,18.2680619,54.5984467
,,,,18.4164297,54.5178618
,,,,18.4177557,54.5204161
,,,,18.4892269,54.5650172
,,,,18.5317539,54.4781572
,,,,18.5576326,54.4892868
,,,,18.5441147,54.5151774
,,,,18.557059,54.5022845
,,,,18.4403665,54.4952889
,,,,18.5069298,54.4981673
,,,,18.4922011,54.4982052
,,,,18.4982726,54.4993289
,,,,18.5472646,54.4026666
,,,,18.5386544,54.4925072
,,,tree,18.5385749,54.4979159
,,,,18.5402606,54.4977117
,,,tree,18.5388706,54.4977119
,,,,18.5407018,54.4977355
,,,tree,18.538604,54.4984857
,,,,18.5599062,54.4045831
,,,,18.5413369,54.4979436
,,,,18.5396322,54.4984068
,,,,18.4551328,54.5445668
,,,,18.5396309,54.4976058
,,,,18.5393855,54.4977066
,,,,18.5403587,54.4985388
,,,,18.5171805,54.4680577
,,,,18.5542164,54.462905
,,,,18.5574994,54.489328
,,,,18.5462411,54.450957
,,,,18.5140529,54.4828349
,,,,18.5445001,54.4748531
,,,,18.5597142,54.453587
,,,,18.5586645,54.4798789
,,,,18.5389058,54.480545
,,,,18.5381905,54.4813811
,,,,18.5486285,54.4508583
,,,,18.4920866,54.5593569
,,,,18.5548931,54.4305688
,,,,18.5389317,54.4805177
,,,,18.5474347,54.4062057
,,,,18.4418455,54.5816013
,,,,18.454557,54.4528494
,,,,18.4591394,54.4537467
Ogródek społeczny,garden,,,18.5471652,54.507651
Ogród sensoryczny,garden,,,18.5469762,54.5077679
,,,,18.4155282,54.5192167
,,,,18.5597811,54.4796328
,,,,18.5034545,54.4795127
,,,,18.559234,54.4519111
,,,,18.5602529,54.4524716
,,,,18.5273868,54.4183735
,,,,18.5373541,54.4198617
,,,,18.5491324,54.4517847
,,,,18.4383471,54.5452814
,,,,18.5347354,54.5490908
,,grass,,18.5476718,54.4875738
,,,,18.4783919,54.4709033
,,,,18.4308411,54.450563
,,,,18.5613741,54.401867
,,,,18.5557342,54.4021618
,,,,18.5500874,54.4483065
,,,,18.5407664,54.4323078
,,,,18.4784919,54.4755687
,,,,18.5227398,54.470444
,,,,18.5230203,54.4702096
,,,,18.5574005,54.4575175
,,,,18.5237134,54.5138914
,,,,18.5219959,54.5175923
,,,,18.4363071,54.5759569
,,,,18.5333643,54.5115361
,,,,18.5242406,54.5193813
,,,spring,18.4707683,54.5378646
,,,,18.5598321,54.4533163
,,,,18.5251462,54.5162348
,,,,18.5401264,54.4526066
,,,,18.5181229,54.4677014
,,,,18.5202669,54.4642535
,,,,18.5195987,54.4648073
,,,,18.5333846,54.5127399
,,,,18.5332216,54.5132494
,,,,18.5330592,54.5137633
,,,,18.5328868,54.5142424
,,,,18.5457107,54.4743481
,,,,18.5464255,54.4742341
,,,,18.5547288,54.4521432
,,,,18.5453853,54.4512525
,,,,18.5491822,54.4519522
,,,,18.5490867,54.4512166
,,,,18.5471237,54.451018
1. Ukształtowanie dna morskiego oraz rośliny i zwierzęta strefy przybrzeżnej,,,,18.5653908,54.4827541
,,,,18.5034513,54.5009165
,,,,18.5448296,54.522885
,,,,18.5434412,54.5174152
,,,,18.5478095,54.5163499
,,,,18.443529,54.5468466
,,,,18.455146,54.5916559
,,,,18.455063,54.5916936
,,,,18.5475598,54.4507664
,,,,18.5607572,54.4539756
,,,,18.5328464,54.4968206
,,,wood,18.556081835287674,54.4928246628819
Park Północny,park,,,18.56254385827976,54.45560423910079
,,,wood,18.48880477242629,54.45590656603474
Zarosłe Łąki,,meadow,,18.480894573221892,54.44916805087834
Końskie Łąki,,,wetland,18.47488696692886,54.449105487823665
,,forest,,18.52769618499757,54.488540022558034
,,forest,,18.476557531336425,54.60181818181732
,,forest,,18.482454557769973,54.596485927708784
,,forest,,18.479598078395586,54.599385612822736
,,,wood,18.47812030233365,54.59778605847546
,,forest,,18.478121840723933,54.59703713918409
,,forest,,18.47652454024455,54.59578037328039
,,,wood,18.4717751197939,54.59626517969018
,,,wood,18.474819783279333,54.598728568953916
,,forest,,18.5235551632715,54.59891141319152
,,forest,,18.536509205355966,54.57948548294149
,,forest,,18.523879527701215,54.59543001437372
,,forest,,18.5232669019876,54.59638174253105
,,forest,,18.55124484647558,54.56034615908329
,,forest,,18.52175381398927,54.58875780710127
,,forest,,18.516105784429328,54.59050493220988
,,forest,,18.51148545412122,54.58846664741127
,,forest,,18.50617025123764,54.59034761391203
,,forest,,18.516128264402017,54.59214128531404
,,forest,,18.555116476081324,54.550520446088875
,,forest,,18.507925510007404,54.574426767960595
,,forest,,18.502039651089895,54.558475168936376
,,forest,,18.493953886583782,54.55869511801636
,,forest,,18.492947063035878,54.5573350355543
,,forest,,18.491023897074317,54.5591858617558
,,forest,,18.487989947926774,54.55712936534528
Park Żelewskiego,park,,,18.414015382155025,54.56422677134421
,,forest,,18.480639675926376,54.58492567376427
,,forest,,18.479392483131026,54.58450055828638
,,forest,,18.411044208195587,54.49113318624134
,,forest,,18.43237463086366,54.48875820254044
,,forest,,18.4353137601316,54.48786812055177
,,forest,,18.43831717620527,54.48803572096359
,,,wood,18.43358591246104,54.48750326143725
,,forest,,18.433077486703212,54.49065520416838
,,forest,,18.433548526189274,54.48959812424646
,,forest,,18.420563140707213,54.498639429200836
,,forest,,18.424060201907288,54.49254417077034
,,forest,,18.436096263234994,54.48681071591262
,,forest,,18.43917803723875,54.48671329754862
,,forest,,18.441023832960898,54.4892940347775
,,forest,,18.443482321169853,54.48765876024108
,,forest,,18.43788478212326,54.49213333504383
,,forest,,18.441385932862953,54.49644631934734
,,forest,,18.415711272561555,54.50331994431551
,,,wood,18.40737408721353,54.503478088509844
,,forest,,18.41151513075614,54.50652783884643
,,forest,,18.416854616484876,54.48070420898143
,,forest,,18.420040251232685,54.477800721776575
Plac Wolnej Ukrainy,park,,,18.547453432006655,54.516581409681145
,,forest,,18.413742167294757,54.460951861568645
,,,wood,18.453199485532352,54.4638635739339
,,,wood,18.448734953632023,54.46354326649905
,,,wood,18.450428781250405,54.45206653319945
,,,wood,18.45420836871198,54.456587047831086
,,forest,,18.434877815645528,54.46212930437791
,,,wood,18.451030709389507,54.4533729244325
,,,wood,18.44267754820162,54.46238565340475
,,,wood,18.444376243023815,54.461299452143166
,,forest,,18.442181585461853,54.46519437837464
,,forest,,18.42080414106739,54.45733501105283
,,,wood,18.444481228537562,54.47567043065107
,,forest,,18.45007846906072,54.47272984379308
,,,wood,18.480011318261482,54.467937785680725
,,,wood,18.481289128011845,54.47039846645541
,,,wood,18.466380345674327,54.471016024854926
,,,wood,18.52753850137349,54.512156015305386
,,grass,,18.556474635487273,54.51900142818235
,,,wood,18.543539546375744,54.5148734370463
,,,wood,18.55096126316498,54.511340956716424
,,grass,,18.545043069977982,54.54410293112423
,,,grassland,18.429689826728595,54.55083322427978
,,grass,,18.40876923957751,54.563886931668904
,,,grassland,18.40546994802534,54.570582785647765
,,forest,,18.403956301037752,54.45071896779117
,,forest,,18.40807536127537,54.450848002761276
,,forest,,18.411289504331748,54.451306551172024
,,forest,,18.399901525630113,54.47996038468585
,,,wood,18.41372462870605,54.45385883284022
,,forest,,18.41216328166296,54.475848290344096
,,forest,,18.400075791529222,54.47659429800538
,,forest,,18.4364454424267,54.47559601920144
,,forest,,18.43393507226429,54.4768122161437
,,,wood,18.403662263964144,54.478713467189955
,,forest,,18.40277668278349,54.48161758097126
,,forest,,18.40201189580806,54.483362257460264
,,forest,,18.423589992842324,54.48456030757387
,,forest,,18.4009481248713,54.49343423039036
,,,wood,18.403427148763292,54.50220333830933
,,,wood,18.45572334042582,54.461879324967
,,forest,,18.41405537710024,54.468495901640814
,,forest,,18.411509432811382,54.4704086457981
,,forest,,18.401249166226574,54.472844354995814
,,forest,,18.417825857076387,54.47252650585562
,,,,18.452255173390384,54.58424071336359
,,forest,,18.456312809990965,54.56875847932356
,,forest,,18.526089202045224,54.58908236178461
,,forest,,18.517243418935724,54.59835113317287
,,,wood,18.461744118880436,54.59861234439871
Park Wzgórze Augusty,,,wood,18.552142711453723,54.45193055756435
,,,wood,18.49586548178617,54.525412880002776
,,,wood,18.546739437670954,54.513796456734845
Park Marii i Lecha Kaczyńskich,park,,,18.543673060766285,54.51467036470685
,,,,18.541445550000002,54.49788125
,,forest,,18.515755398806604,54.58849866143602
,,,wood,18.55962885970098,54.480615648133096
Park Kolibki,park,,,18.557345765064692,54.470549898942394
,pitch,,,18.524388639055434,54.50126911115149
,park,,,18.50738440574249,54.49219530213346
Strzelnica golfowa,golf_course,,,18.550242030240508,54.47186360022648
,,,wood,18.51769318907085,54.47172979249996
,,forest,,18.512708739077897,54.475243529634646
,,forest,,18.47083845214623,54.46861130678686
,,,wood,18.467498718365476,54.469618906901985
,,,wood,18.502909319528854,54.526492267041576
,,,wood,18.489323438008665,54.46223918075866
,park,,,18.455633047087524,54.50066406021504
,,forest,,18.484052366572183,54.47212625260409
,,,wood,18.492729158593836,54.47158473075737
,,,wood,18.41992163620614,54.49218924564684
,,forest,,18.439585364929197,54.47670566462291
,,forest,,18.440124086666412,54.47335848208131
,,,wood,18.44292293840427,54.47151460495823
,,,wood,18.45234703302413,54.474196821830276
,,,,18.511729080558,54.49788753652086
,,grass,,18.492771026696424,54.48692776093423
,,forest,,18.40051912392484,54.45970468373701
Cmentarz parafii św. Mikołaja,,cemetery,,18.478758908094544,54.52969605521328
Zespół Techniczny Komendy Portu Wojennego Gdynia,,military,,18.442551353753338,54.518490674244376
,,forest,,18.538212309470783,54.54448339978979
,,meadow,,18.441287160697627,54.56070349361426
,,meadow,,18.430019262684493,54.55766497819076
,,meadow,,18.436496762405778,54.558021594525265
,,,grassland,18.455679504117715,54.53733533718469
,,,grassland,18.42757413650132,54.49580215679069
,,forest,,18.426191401617647,54.46893029622188
,,forest,,18.42538219208848,54.46822151776088
,,,wood,18.443562736471396,54.45945339939487
,,,grassland,18.439562748991186,54.45966189209648
,,,grassland,18.548655402532017,54.47316713645916
,,,grassland,18.553593473624538,54.47076259626392
,,,grassland,18.50062333849544,54.4621805295798
,,,grassland,18.54660654074057,54.46607299340511
,,meadow,,18.486660801385987,54.45800887499767
,,grass,,18.486610663808296,54.45996367793169
,,grass,,18.48738035030111,54.46162352848139
,,,grassland,18.452055267460604,54.46056629972134
,,grass,,18.45625986666606,54.46081110467542
,,,grassland,18.44354437500813,54.455935836798425
,,,grassland,18.465082904210895,54.44786314362697
,,,grassland,18.45355527814949,54.45039903950009
,,forest,,18.452626534260197,54.49452367760409
,,,wood,18.453932874581824,54.49442041973906
,,grass,,18.44745601833061,54.470440770541735
,,,grassland,18.488028610756068,54.46361208379058
,,,grassland,18.483439967325236,54.46255909380147
,,,wood,18.458362335449383,54.455276167173395
,,forest,,18.460893217063862,54.456124657601805
,park,,,18.53543384090233,54.51499409085127
,,,wood,18.49031365723756,54.52577549531195
,,,wood,18.483388690084976,54.5280710485852
,,,grassland,18.471156113029945,54.53696978239476
,,,grassland,18.47216637220897,54.53789789088542
,,,wood,18.457780638547476,54.526962684897285
,,,wood,18.460725340683354,54.5237585056255
,,,wood,18.463049057627444,54.52410132951771
,,,wood,18.456103718736806,54.5356453436779
,,grass,,18.446799542441436,54.532759190269196
,,,scrub,18.422190239401367,54.569019097655826
,,residential,,18.441213093625244,54.530849132943196
,,,wood,18.544150625348873,54.51467009581719
,,,grassland,18.487212984698765,54.53957183592741
,,,grassland,18.483985973975425,54.54441408280452
,,,grassland,18.47034349598155,54.55607839480058
,,forest,,18.494129642645813,54.55396870831174
,,meadow,,18.46471574942536,54.55816766740166
,,meadow,,18.473820591959576,54.56463646300308
,,grass,,18.476323278353185,54.568223046262915
,,grass,,18.485321485188383,54.55796745658809
,,,grassland,18.477773935163928,54.56242503405612
,,grass,,18.470294105477073,54.56943308435057
,,meadow,,18.455147335319378,54.558229311527626
,,meadow,,18.546554895676636,54.57142129975542
,,meadow,,18.53939014805389,54.57358845071798
,,,grassland,18.543493490876166,54.57485026017085
,,forest,,18.44666052990735,54.46386037110254
,,forest,,18.453932874581824,54.49442041973906
,,,wood,18.452901566875344,54.49548605046275
,,,wood,18.544605350750054,54.506137504965196
,,,grassland,18.541394323234183,54.57550932614947
,,greenfield,grassland,18.545338210513187,54.55459306982217
,,meadow,,18.446567325098954,54.49734124481626
,,grass,,18.424308377936764,54.50195929309327
,,,grassland,18.412623017983588,54.499887641094766
,,grass,,18.40119120490134,54.50169118989828
,,grass,,18.40322541050371,54.503843439510504
,,,grassland,18.41102775877843,54.48544685444237
,,,grassland,18.41247259884764,54.482193682966766
,,,grassland,18.403709890887548,54.48547084990184
,,,grassland,18.462803143813794,54.49716123602031
,,grass,,18.458481144282217,54.498132606841516
,,,grassland,18.435146399405447,54.485305327152695
,,,grassland,18.440600805978324,54.482993000438675
,,,wood,18.430690631935498,54.48325835711068
,,,grassland,18.4398042231165,54.487564924971366
,,,grassland,18.444769626647304,54.489144410576685
,,,grassland,18.44036944841324,54.48969231054843
,,,wood,18.43695031736094,54.48726961674849
,,,wood,18.43603447085075,54.49038053917351
,,,wood,18.43501555753745,54.48855813088286
,,,wood,18.427417684808965,54.49123694685591
,,grass,,18.427994880149,54.492058857676035
,,,wood,18.426006257170762,54.49495773711633
,,,grassland,18.433277781475695,54.48810032130811
,,,grassland,18.439459549849843,54.48837378066148
,,,grassland,18.408461995099167,54.49784387843993
,,,grassland,18.396665930759074,54.495009319524215
,,,grassland,18.40861359583844,54.50905990629818
,,grass,,18.40495283004635,54.504937802000725
,,,grassland,18.442938160922125,54.490162671471644
,,,grassland,18.438702547975925,54.49059757545135
,,,grassland,18.431361662660994,54.489756322944814
,,,wood,18.40985779082393,54.50421379578584
,,,grassland,18.39923107145829,54.5067553523577
,,grass,,18.418387736321453,54.48493041997546
,,grass,,18.40050779388042,54.486778868897666
,,,grassland,18.44930689314193,54.46218344778012
,,grass,,18.440043789490307,54.46402262951451
,,,grassland,18.442008400864314,54.47049533121006
,,,grassland,18.447803914403334,54.453100222664375
,,military,,18.443213954499985,54.58066509244766
,,,grassland,18.405517300183845,54.556556236625916
,,,wood,18.433364513815423,54.58107057250983
,,,wood,18.42574098530997,54.57805120060275
,,,wood,18.431216552520645,54.5824041671245
,,grass,,18.481882456872704,54.52810725742622
,,grass,,18.48076692829836,54.52686410551702
,,,wood,18.402575447559553,54.536009368419904
,,,wood,18.39755316717988,54.535557265564336
,,,wood,18.42818854950804,54.49479294303811
,,grass,,18.419067281377664,54.52275070688603
,,,wood,18.406356272670948,54.50456573193407
,,,wood,18.404756781163897,54.50651897088987
były cmentarz osadników,,cemetery,,18.43474505964954,54.47025990092224
,,grass,,18.436208057787855,54.46949141582533
,,grass,,18.434764045291466,54.46944723722589
,,forest,,18.42911787522364,54.46936185293662
,,forest,,18.426158718469345,54.466523550639806
,,forest,,18.402285841184415,54.477282574287045
,,forest,,18.414867819589315,54.47236046897091
,,forest,,18.427113136915306,54.4694981740673
,,grass,,18.454624454432228,54.54066943492394
,,grass,,18.433618106279283,54.55355273422612
,playground,,,18.454907321808502,54.545369112467256
,,grass,,18.45142483847053,54.53721180305141
,,grass,,18.43408024210227,54.54032949764211
,,grass,,18.434403946018026,54.537651785364204
,,grass,,18.45194988421674,54.54619749391141
,,grass,,18.45197268953892,54.54529796762947
,,grass,,18.449663086989407,54.54507459765492
,,grass,,18.463030162593185,54.538471938480725
,,grass,,18.449733069688275,54.54675315640154
,,meadow,,18.415285046600662,54.53624016870924
,,grass,,18.45661557787181,54.54488676957495
,,grass,,18.453802807822175,54.53883203276738
,,grass,,18.45407626110314,54.536355285344655
,garden,,,18.47295358888013,54.53890267151511
,,,wood,18.473385623550083,54.538637763878974
,,,wood,18.464712165211623,54.538823394510466
,,grass,,18.45178987659439,54.54448663660358
,,,wood,18.441261212676988,54.53805611039432
,,,wood,18.46141300418873,54.53758133233271
,,grass,,18.453983336994995,54.54430727010402
,,grass,,18.46043256625385,54.54067929006773
,,grass,,18.45405023498509,54.546028105005156
,,grass,,18.453740555694964,54.545365052328926
,,,grassland,18.460689510262384,54.54703458979502
,,,grassland,18.545811299591655,54.48596128294212
Staw Młyński,,,water,18.557463671647117,54.45458885995039
,,greenfield,grassland,18.53260185326792,54.50738005338012
,,grass,,18.521589492526655,54.59988956161685
,,,wood,18.5064370135566,54.59602271100494
,,grass,,18.55739964979195,54.50276730476175
Leśny Ogród Botaniczny Marszewo - część ogrodzona,garden,,,18.41632417873613,54.51936727939611
,,,scrub,18.401243293278917,54.52903522497311
,,,scrub,18.420126894368888,54.51602805387054
,,,scrub,18.399990038390722,54.5103011581616
,,,scrub,18.410999822818372,54.5153554393344
,,,wood,18.416534215752357,54.52027855636228
,,,scrub,18.402103617565384,54.52998238028961
,,,scrub,18.410967143947005,54.516641011194814
,,,scrub,18.437251997882328,54.52790211144838
,,,scrub,18.41027340494561,54.51441923293289
,,,scrub,18.411823031506795,54.5169711970421
,,,scrub,18.411107284057664,54.51244166884875
,,,scrub,18.4007810001237,54.52989769669391
,,,wood,18.41534969749478,54.51996495562476
,,,scrub,18.427257713259834,54.52230645452968
,,,scrub,18.408781904485274,54.51487995835686
,,meadow,,18.428064174419656,54.57005790905559
,,forest,,18.470356374235433,54.45572657485212
,,,wood,18.549218872918203,54.46142856655448
,,,wood,18.54264818439439,54.45397287077053
,park,,,18.548723552180462,54.45525244616351
,,forest,,18.402447754517144,54.47561267481474
,,grass,,18.48777455023006,54.46772163063637
,,grass,,18.48565118732442,54.468190976542814
,,grass,,18.48509471582028,54.46545495639444
,,grass,,18.48377329024686,54.46572918033654
,,grass,,18.48582142403634,54.46627010110757
,,grass,,18.48580594339498,54.46613768566029
,,grass,,18.485643377392734,54.465970634780156
,,grass,,18.485264037228042,54.46798176662932
,,grass,,18.48717812406139,54.46693876293779
,,grass,,18.484073494774616,54.464925949355546
,,grass,,18.484225873422957,54.46493425115966
,,grass,,18.485478,54.46507205
,,grass,,18.485558162305573,54.46583244850475
,,grass,,18.488599216442534,54.466553570204276
,,grass,,18.486730998493094,54.46634290403699
,,,grassland,18.49308388187969,54.46958475155262
,,grass,,18.564054102206015,54.4805860901925
,,grass,,18.56400312591739,54.480310306645336
,,grass,,18.564065993300442,54.48074016304027
,,grass,,18.564067327938943,54.48086199963157
,,grass,,18.564034467511735,54.48042956883231
,,grass,,18.48951585194968,54.47111539863853
,,grass,,18.48847640405032,54.47113565207309
,,grass,,18.487480788045968,54.47114408575042
Łęg nad Swelinią,nature_reserve,,,18.533435658463798,54.461861558168266
,,grass,,18.536285902922362,54.5165538620346
,,grass,,18.538384751691748,54.51563254032701
,,grass,,18.53813821437595,54.514399860963856
,,grass,,18.537493473161895,54.51486128886673
,,grass,,18.538437799999997,54.5147571
,,grass,,18.5378705,54.516225
,,grass,,18.537761533354644,54.511303723700394
,,grass,,18.537791084550477,54.51150675540903
,,grass,,18.538291120750582,54.514024230558995
,,grass,,18.53780477017911,54.512768176529676
,,grass,,18.538552779288672,54.515273669497915
,,grass,,18.5366359,54.51645210000001
,,grass,,18.537857928998914,54.51189023383258
,,grass,,18.537758349999635,54.51139395266745
,,grass,,18.537897167713826,54.51444993062371
,,grass,,18.537512882895456,54.51502295645903
,,grass,,18.486251834752434,54.46686650851321
,,grass,,18.488919986360266,54.46616160032071
,,,wood,18.41113501133459,54.50476261532005
,,grass,,18.475193920710844,54.47378751523563
,,grass,,18.49620036646486,54.47172779079233
,,grass,,18.461601769870718,54.498517335070794
,,grass,,18.462392579563428,54.49834800255847
,,grass,,18.555568279767602,54.51865912440495
,,grass,,18.55330035297706,54.518913925475566
,,grass,,18.55075232792323,54.51903818144656
,,grass,,18.55195300438649,54.518982140656654
,,grass,,18.55449544851084,54.51885981019603
,,grass,,18.55073315871645,54.51888550732738
,,grass,,18.551929339997578,54.518829429944425
,,grass,,18.553275880784998,54.51876312402864
,,grass,,18.554471975097556,54.51870703942614
,,grass,,18.555669309250227,54.51880333893388
,,grass,,18.54998588650392,54.5193188488621
,,grass,,18.55214685893104,54.51921790991391
,,grass,,18.551718463117048,54.519230966350996
,,grass,,18.552751942488847,54.51918965298316
,,grass,,18.55618859804245,54.51838200046764
,,grass,,18.554079096473213,54.51912629992256
,,grass,,18.550845850255254,54.5192702812143
,,grass,,18.55918199650337,54.51859493581115
,,grass,,18.5588775339996,54.51890142605473
,,grass,,18.559314234091456,54.51887899468665
,,grass,,18.55921686593025,54.518275524009766
,,grass,,18.55650178124227,54.51829158241275
,,grass,,18.55849151597727,54.51892227374964
,,grass,,18.558439985856314,54.518499570617294
,,grass,,18.55879685697246,54.51848330439156
,,grass,,18.5586335664711,54.518662344987824
,,grass,,18.55024751455346,54.51752050112461
,,grass,,18.550452069658526,54.518117731388635
,,grass,,18.550019042871153,54.51755937611279
,,grass,,18.550078036690067,54.516789517496754
,,grass,,18.549732949999996,54.51683665
,,grass,,18.54610243512881,54.51902088633237
,,grass,,18.54527719444284,54.51938967858199
,,grass,,18.546140353459972,54.51933816559286
,,grass,,18.545226742228607,54.519064202726476
,,grass,,18.54533107107772,54.51950634938866
,,grass,,18.546122786591784,54.51945959660046
,,grass,,18.5456801584875,54.51893012867731
,,grass,,18.547955408362057,54.51893163236614
,,grass,,18.547126228956024,54.51899641198638
,,grass,,18.54709811067938,54.51926977374803
,,grass,,18.54793565314483,54.51925866884017
,,grass,,18.549234910767343,54.51889345385426
,,grass,,18.54928021162139,54.51916350460358
,,grass,,18.549414145776534,54.519470321188095
,,grass,,18.54994397899944,54.5201167905591
,,grass,,18.55000424193676,54.519745764857475
,,grass,,18.54992525,54.520232
,,grass,,18.549982013907083,54.51988261431682
,,grass,,18.549963255877167,54.51999803295806
,,grass,,18.54977737666563,54.51947788149505
,,grass,,18.542835387647866,54.519524420087016
,,grass,,18.543837936422868,54.519429591197195
,,grass,,18.543234127686492,54.5194668365871
,,grass,,18.555268956617855,54.506290458001175
,,grass,,18.555968931118947,54.505903317838204
,,grass,,18.49349991015379,54.534100153044555
,,grass,,18.487313623645914,54.53331022752271
,,grass,,18.49034230670022,54.53255625760969
,,grass,,18.489206051506713,54.53274679996643
,,grass,,18.48827893472248,54.53297311108191
,,grass,,18.492216400485123,54.53325766087495
,,,,18.561333461507843,54.47664761438674
,,,,18.560855152060235,54.476617521838364
,,grass,,18.561708368909464,54.476738465041535
,,grass,,18.5615617321499,54.476728956858935
,,grass,,18.561162312092236,54.47660598110545
,,grass,,18.561148747000065,54.476663770135616
,,grass,,18.5611046273683,54.47663309375863
,,grass,,18.56164944562576,54.47666123650189
,,grass,,18.56158409763255,54.47658809329589
,,grass,,18.561737935142556,54.47659558859805
,,grass,,18.56355293944155,54.479313211729774
,,grass,,18.563023576255425,54.47941133337936
,,grass,,18.56297220114102,54.47882227858501
,,grass,,18.56298497077111,54.478391266002276
,,grass,,18.562489060655093,54.477323695389295
,,grass,,18.562808113264232,54.477893664182844
,,grass,,18.56235282540414,54.47770696857608
,,grass,,18.562869893527157,54.47754667743981
,,grass,,18.563255514377676,54.478517292348656
,,grass,,18.56237190471469,54.477532853628446
,,grass,,18.56089753381457,54.47830272286216
,,grass,,18.561658642891377,54.47844552324069
,,grass,,18.561276962268376,54.47841239668503
,,grass,,18.488716381211418,54.466085763267785
,,grass,,18.48860241712186,54.46615755012677
,,grass,,18.45357597280838,54.45553393229601
,,grass,,18.530495697691055,54.5217585856669
,garden,,,18.530849716670215,54.52194594711314
,,grass,,18.530832815755165,54.52168416047975
,park,,,18.533000487359967,54.511716014406225
,park,grass,,18.50992642641852,54.4976571088403
,,grass,,18.437519972721855,54.49931607023725
,,grass,,18.530354484675186,54.52712572554477
,,grass,,18.518830297207018,54.52688142193308
,,grass,,18.517928591578787,54.52797312530199
,,grass,,18.527293000987193,54.52669903682269
,,grass,,18.519172084576006,54.527035996404734
,,grass,,18.51838107415598,54.52727564685784
,,grass,,18.519716203307354,54.52691626270846
,,grass,,18.520200562208238,54.52697049365912
,,grass,,18.519189162877108,54.52693017911688
,,grass,,18.51930631772119,54.526364502942165
,,grass,,18.51864629174837,54.52713050779475
,,grass,,18.517808243441824,54.527605964005915
,,grass,,18.518971992601728,54.52656582183714
,,grass,,18.524331691295817,54.52667683846905
,,grass,,18.523035614555656,54.52674767655121
Park Urszulanek,,,wood,18.52705975469456,54.513811251732
,,,wood,18.40719823109069,54.48413391716447
,,,wood,18.39952854261191,54.48562186863077
,,,grassland,18.45763524008709,54.451441665901854
,,grass,,18.537926756419942,54.45653508900029
,,,grassland,18.43172673891484,54.46451246944891
,,meadow,,18.42893606547547,54.464695119995895
,,,grassland,18.43534500758781,54.45436371735353
,,grass,,18.54313585208929,54.51922143589498
,,grass,,18.542699854328006,54.51919007430342
,,grass,,18.543117614170352,54.519132073789336
,,grass,,18.54396574495131,54.51918177264904
,,grass,,18.54394637832688,54.519088612901946
Park Rady Europy,park,,,18.546802971904643,54.51779042433486
,,grass,,18.547965963913654,54.51662057827791
,,grass,,18.554523451430764,54.51798916376554
,,grass,,18.54522787452573,54.51727743418231
,,grass,,18.55369880065819,54.51845358032028
,,grass,,18.545362963405083,54.518478530379795
,,grass,,18.544488626944243,54.51815887636617
,,grass,,18.54510135694369,54.51804389203766
,,grass,,18.546721333495427,54.51620062768835
,,grass,,18.544865844741878,54.5182340078453
,,grass,,18.54517658101451,54.517670796041074
,garden,,,18.546462234240316,54.516383550723035
,,grass,,18.54481232353541,54.51879872467009
,,grass,,18.538769549978095,54.4966426409098
,,grass,,18.540840595149344,54.49702331508842
,,grass,,18.506806999999387,54.52900324116277
,,grass,grass,18.497287156047484,54.53290040014031
,,grass,,18.50481021102868,54.530110239319725
,,grass,,18.54006085805835,54.497058772392855
,,grass,,18.53932122377875,54.497023307036265
,,grass,,18.506179652846274,54.528686803549185
,,grass,,18.504498093795544,54.530194411335415
,park,,,18.539758278708547,54.49575264938754
,,grass,,18.50934539108504,54.52789052165664
,,grass,,18.51050677215371,54.52749990218833
,,grass,,18.512341148622024,54.526707423370254
,,grass,,18.512393520003027,54.52676085705488
,,meadow,,18.447506348207604,54.491838529636425
,,grass,,18.4408738470326,54.495250232087926
,,,grassland,18.43949203214012,54.49601797393866
,,,grassland,18.43818647766525,54.495356555014894
,,,grassland,18.432997989986283,54.49127656340488
,,grass,,18.536375252300168,54.506413402801044
,,grass,,18.516309572941882,54.474769945918425
,,grass,,18.515256654582068,54.47419783328267
Pod Żaglami,,,,18.514373776550446,54.49627741473637
,,grass,,18.485597890370848,54.46862046456033
,,grass,,18.485112466247127,54.468198600765945
,,grass,,18.485094346385992,54.46839645426707
,,grass,,18.48513732542701,54.46827466136988
,,grass,,18.484510449963423,54.4684576312399
,,grass,,18.486395316805947,54.4691623686343
,,grass,,18.485694311801005,54.46934605658683
,,grass,,18.483833075392898,54.469051237237025
,,grass,,18.488843212900342,54.470596268366464
,,,wood,18.439488733006275,54.4777358171312
,,,wood,18.43922380308417,54.47859358644696
,,,wood,18.439289623689557,54.47826755757127
,,grass,,18.471765969114468,54.47145374731536
,,grass,,18.471760221523233,54.47102875373114
,,meadow,,18.48132272939652,54.453085344733985
,,,grassland,18.480600821739145,54.453475439518826
,,grass,,18.48133260783717,54.45418124779721
,,grass,,18.484171528957212,54.45514677812662
,,grass,,18.484591988169285,54.45452965013919
,,grass,,18.4850224985129,54.454812509185665
,,grass,,18.48290256699053,54.45471416444318
,,grass,,18.481495787952024,54.4550210160427
,,meadow,,18.48448263971559,54.4562607250735
,,grass,,18.485406350426608,54.45479285667519
,,meadow,,18.486828115137413,54.45544651657948
,,grass,,18.485266470960674,54.455285854473935
,,grass,,18.483718412579012,54.45667552214228
,,grass,,18.484615531336466,54.456997807260706
,,meadow,,18.48794294858127,54.45789623218653
,,grass,,18.484424186595188,54.45558279826845
,,grass,,18.48412545828806,54.461947987917014
,,grass,,18.484702328370126,54.46209712068891
,,,grassland,18.485056733856208,54.46062755202078
,,grass,,18.48518950674378,54.458214749798216
,,grass,,18.485163567205362,54.45883765520354
,,grass,,18.48526208549614,54.459053153103014
,,grass,,18.484908979529887,54.45817698198146
,,grass,,18.485361910494913,54.45928371685489
,,grass,,18.485336924145262,54.4583675982092
,,grass,,18.485008500445208,54.45947023546133
,,grass,,18.48543016262894,54.458521474215324
,,grass,,18.48487741089695,54.45855879964649
,,grass,,18.485313605048585,54.46057594593453
,,grass,,18.485538194392603,54.46026231790307
,,grass,,18.48540476189936,54.46006773046341
,,grass,,18.485945356993724,54.46012864141002
,,grass,,18.484895142817024,54.460204103218736
,,,grassland,18.49215547041319,54.458623181861405
,,grass,,18.447988001227994,54.476247719229534
,,,grassland,18.444440608401816,54.47509023443142
,,,grassland,18.443500506819216,54.47708628438321
,,,wood,18.438385851831484,54.475298420796086
,,meadow,,18.43936396892419,54.478475778242775
,,grass,,18.440376217137228,54.47645413746228
,,grass,,18.438032186185346,54.47672541818306
,,meadow,,18.43923672797077,54.47799088732876
,,meadow,,18.437941306904346,54.47709265494921
,,grass,,18.428740664668968,54.47556148673729
,,grass,,18.429322091855212,54.47590495736692
,,meadow,,18.430306058072443,54.475939427818844
,,,grassland,18.431591063169805,54.4769387023206
,,meadow,,18.427568194961967,54.4753302804596
,,grass,,18.428483332237242,54.47601057182119
,,grass,,18.429387849219776,54.47554698810301
,,meadow,,18.430032771166708,54.476992144444054
,,,wood,18.435790920234528,54.476873798869114
,,meadow,,18.428819716627448,54.47726027912934
,,meadow,,18.424592033460335,54.47724205302414
,,meadow,,18.423494537152607,54.47700960553928
,,,grassland,18.432470882936947,54.477713721850634
,,,wood,18.423590740971033,54.47643605208195
,,grass,,18.53222423809067,54.49924367625618
,,grass,,18.53137905066319,54.49954327953335
,,grass,,18.53098868340663,54.49803719817146
,,grass,,18.531721313688713,54.499571896835114
,,grass,,18.53001578288699,54.49888321921236
,,grass,,18.53209589155334,54.498450485060374
,,grass,,18.532050759838874,54.499527936942776
,,grass,,18.530375893387042,54.49704276941821
,,grass,,18.531819268481605,54.498607478010314
,,grass,,18.531865919581037,54.49905081972449
,,grass,,18.53135807498974,54.49936971900091
,,grass,,18.530644309546904,54.499157102326
,,grass,,18.531001630139215,54.49851746911515
,,grass,,18.532210834107094,54.50182216390654
,,grass,,18.530818410866647,54.50186381088977
,,grass,,18.53101695,54.5007242
,,grass,,18.5313209157571,54.50115192491623
,,grass,,18.531075650000002,54.50112675
,,grass,,18.531486799999996,54.50096524999999
,,grass,,18.5317933,54.501375149999994
,,grass,,18.531769373651784,54.501174841056574
,,grass,,18.531747850000002,54.50091254999999
,,grass,,18.5315537,54.5008651
,,grass,,18.531706925880076,54.500556259055124
,,grass,,18.5315948,54.50015765
,,grass,,18.5317578,54.501055849999986
,,grass,,18.531031531613824,54.500901698131564
,,grass,,18.53135688749786,54.5020125353758
,,grass,,18.531827772955054,54.50177956726746
,,grass,,18.531493319784797,54.50194243177112
,,grass,,18.532140424781577,54.50044874590969
,,grass,,18.534028392414882,54.4936141575295
,,grass,,18.534448943521724,54.49502955737366
,,grass,,18.53378907702857,54.49505212721424
,,grass,,18.533376165249788,54.49452238395861
,,grass,,18.533248380480988,54.49409454718893
,,grass,,18.533155380748216,54.493800326090536
,,grass,,18.534889694725347,54.49639496557585
,,grass,,18.535091532943795,54.49147660494815
,,meadow,,18.430485395054085,54.47504181483381
,,,wood,18.424321079602304,54.46435593548525
,,,grassland,18.430871557411105,54.474978579540995
,,,grassland,18.44130193208895,54.462483981576135
,,,grassland,18.441270150583097,54.45887392502239
,,grass,,18.456033188103106,54.456999300607926
,,meadow,,18.447551067765964,54.4525235350411
,garden,,,18.43305323307258,54.49932990370021
,,,grassland,18.432015632875068,54.49729968455373
,,,grassland,18.425112383679284,54.50343067385904
,,,grassland,18.424295168818738,54.49982830298961
,,meadow,,18.420859743150885,54.50451462723742
,,meadow,,18.419713210617562,54.50397450209699
,,,grassland,18.418584767692103,54.504711363099375
,,meadow,,18.422291537818364,54.503666483115076
,,meadow,,18.4121682933552,54.507883764928174
,,,grassland,18.407583949204515,54.5087715347195
,,,grassland,18.414197648826203,54.50677350976284
,,,grassland,18.42080633407737,54.50323923983605
,,,grassland,18.41736936817881,54.50519193379774
,,grass,,18.40407253287194,54.50704470049125
,,grass,,18.40444178820979,54.50821796632946
,,,grassland,18.406123536591547,54.5084364107829
,,,grassland,18.40501766737703,54.506790721356886
,,,grassland,18.404810848201798,54.50837794656017
,,,grassland,18.404786010912513,54.507768975754374
,,,grassland,18.402934552594697,54.506259111483494
,,,wood,18.543060098472317,54.549660731357605
,,,grassland,18.54235744571674,54.54993149645785
,,grass,,18.534945618187734,54.54334270168521
,,grass,,18.533872732418104,54.54307024792098
,,grass,,18.534355572788712,54.54299595684162
,,grass,,18.5346101117417,54.54351261810207
,,,wood,18.532425413203665,54.54347530216197
,park,,,18.538303073690294,54.483780745834
,,grass,,18.541549741806428,54.53104159474934
,,grass,,18.531601379436285,54.54371779698772
,,grass,,18.53145464491664,54.5438612671516
,,grass,,18.531630287934743,54.54401285610148
,,,wood,18.531217279264926,54.5438867673843
,,grass,,18.480179290892462,54.53561463339675
,,grass,,18.479412828867787,54.53594280354349
,,grass,,18.478707482385534,54.53629849935259
,,grass,,18.4798800224729,54.535740049506366
,,grass,,18.47521710455272,54.53717496464219
,,grass,,18.47885768592224,54.536233774434145
,,grass,,18.47879363431942,54.53601773558823
,,grass,,18.481163366445323,54.53517790603306
,,grass,,18.547904908756426,54.542939156722596
,,grass,,18.52180385336004,54.529149480797415
,,grass,,18.516693689594494,54.548488415712235
,,grass,,18.539375144446502,54.55012651074307
,,grass,,18.539272375568654,54.54973707966421
,,,wood,18.524096974985166,54.54874258926148
,,,wood,18.529431964289735,54.54908161190195
,,,grassland,18.525534504029107,54.546429917122914
,,forest,,18.548595964155645,54.54534998552897
,,,wood,18.447981605639523,54.46098236040122
,,grass,,18.51335401627273,54.46262248929259
,,construction,,18.51168330025902,54.46447143729146
,,,wood,18.527372946992514,54.55161184303956
,,,wood,18.520652405993165,54.55195633681083
,,,wood,18.52651595359793,54.552213272653816
,,,wood,18.52239019258383,54.55238241757807
,,,wood,18.526429564665037,54.55244481351815
,,,grassland,18.442697544856408,54.46691228255894
,,,wood,18.552085118570556,54.54733911052505
,,,wood,18.52466604349953,54.51793136676165
,,grass,,18.5075486633613,54.562736276280425
,,grass,,18.50933653327743,54.56110375917892
,,grass,,18.509072524833005,54.561869473422476
,,,grassland,18.546830293846487,54.5701450609342
,,,grassland,18.547466755730195,54.57021685870163
,,,wood,18.433447745279935,54.45696659507745
,,,wood,18.517656524655468,54.55434301959043
,,,wood,18.511202927177347,54.55416946141136
,,,wood,18.51781925178803,54.55493375329975
,,,wood,18.51812376048751,54.554250646952404
,,,wood,18.518703432725008,54.55346605325195
,,grass,,18.523411416424373,54.54431032321505
,,grass,,18.523908666634433,54.543870432956695
,,grass,,18.5357398975008,54.541980021315176
,,meadow,grassland,18.43394828007308,54.453890649396996
,,,grassland,18.432456755381633,54.45406456355793
,,grass,,18.509997873751367,54.46914505086313
,,grass,,18.5310129945597,54.54337322549622
,,grass,,18.535090090506586,54.543299554496926
,,grass,,18.531610202616317,54.543591140135554
,,grass,,18.53506280326253,54.543180965781936
,,grass,,18.53414825211359,54.54357835993306
,,grass,,18.53410012047353,54.54412120050901
,,grass,,18.531906679196627,54.543603718646615
,,grass,,18.530997382437743,54.54354962208784
,,grass,,18.534964413643742,54.54353115821191
,,grass,,18.53120057091909,54.54358733587145
,,grass,,18.531762894212065,54.54337608653923
,,,wood,18.53534743005255,54.5441378488121
,,,wood,18.534442733843022,54.5437424200198
,,grass,,18.538749869958284,54.54307039976838
,,grass,,18.538472570070358,54.54296657573405
,,grass,,18.528053046505942,54.54374197882152
,,grass,,18.538584414171307,54.54278520602042
,,grass,,18.538811285737854,54.54285964753549
,,grass,,18.534303543591466,54.5427318230234
,,grass,,18.513076963188222,54.469819676484924
,,grass,,18.512484973402564,54.46987167461995
,,grass,,18.513863994917138,54.469748689901905
,,grass,,18.51347262468635,54.46978653489468
,,grass,,18.514208355305204,54.46972547709251
,,grass,,18.50794131066086,54.4689781048229
,,grass,,18.508816406944774,54.468895433113666
,,grass,,18.430638008980914,54.493358347245575
,,grass,,18.4557390935555,54.54321230102696
,,,grassland,18.517129793854394,54.48383262803964
,,,wood,18.46838967243897,54.59616850576164
Park Admirała Floty Andrzeja Karwety,park,,,18.546985941692057,54.54257965200119
,,,wood,18.5402375629546,54.54930968501074
,,,grassland,18.461575470435548,54.47699435013861
,,grass,,18.539939057371928,54.550220377575265
Skwer ks. Józefa Mowińskiego,park,,,18.508434155443766,54.494322588607794
,,grass,,18.512271094311583,54.492188434507895
,,grass,,18.509675348812728,54.49436806486291
,,grass,,18.509414966752495,54.49431653194985
,,grass,,18.509494549999996,54.494496
,,grass,,18.533751327105584,54.543661943813234
,,grass,,18.53268262091231,54.54358343161749
,,grass,,18.533385174853027,54.54358451942038
,,grass,,18.532162338696793,54.5435914231399
,,grass,,18.519531363081835,54.50109161567645
,,farmland,,18.439655072010673,54.530697844461955
,,grass,,18.508726435000334,54.498671011100626
,,forest,,18.507478107390735,54.49410807407047
,,grass,,18.509151640605563,54.49599241104898
,,grass,,18.507585509194428,54.49840043975228
,,grass,,18.50774874595698,54.498235054314605
,,grass,,18.507785229631196,54.495188621250676
,,forest,,18.508352694225557,54.496186160545854
,,grass,,18.510766077978214,54.498381843124825
,,grass,,18.5103066081219,54.49803681781467
,,grass,,18.510174797927874,54.4980973258988
,,grass,,18.530683765600568,54.52222083070842
,,grass,,18.538779899999998,54.550204199999996
,,grass,,18.53956204410483,54.54963162824114
,,grass,,18.539519826638685,54.549737468895735
,,grass,,18.543190096995676,54.54285020073562
,,grass,,18.543479300064515,54.54280312876056
,,grass,,18.54296953945212,54.54278286005715
,,grass,,18.53696962415092,54.55047417027395
,,grass,,18.5359659,54.55082610000001
,,grass,,18.525374069668118,54.549608507843274
,,grass,,18.525100172294746,54.54960433704247
,,grass,,18.52564584343843,54.54961834296629
,,grass,,18.52422400959333,54.54934078920353
,,grass,,18.52589985591147,54.549623317823965
,,grass,,18.52612747383876,54.549670837641074
,,grass,,18.524673381797456,54.54958535326738
,,grass,,18.5435004606041,54.54291610425883
,,grass,,18.536986064905825,54.55059500648647
,,,scrub,18.43090419958649,54.537270760027916
,,,scrub,18.419752012905764,54.54613745802754
,,,scrub,18.42105334019351,54.54705837430465
,,,scrub,18.426676229775104,54.54016809325305
,,,scrub,18.4222522188417,54.541920069186396
,,,scrub,18.426126326780672,54.544220703576094
,,,scrub,18.429047685690808,54.54020221767162
,,,scrub,18.39855811722175,54.54137255408397
,,,scrub,18.420657485485894,54.54258495951964
,,,wood,18.41675975503052,54.51889922152442
,,,wood,18.45829680380754,54.522902110724196
,,,scrub,18.467653553092397,54.528651419572206
,,,scrub,18.46170263027798,54.482413923988986
,,,scrub,18.459614573723282,54.531265360384516
,,,scrub,18.461568992822507,54.532251501234335
,,,scrub,18.460441000421653,54.53180630661563
,,grass,,18.453760536596658,54.54048955465931
,,grass,,18.45343825407491,54.53870881496634
,,,scrub,18.469780076223902,54.52677951615932
Park kieszonkowy,park,,,18.538993499378126,54.5134694647615
,,grass,,18.53865501586991,54.51698216502072
,,grass,,18.50167983195198,54.46973664895111
,,grass,,18.505164846466116,54.46984284543245
,,grass,,18.50082029455778,54.46987699714223
,,grass,,18.50135561631939,54.47049227504112
,,grass,,18.51191069694357,54.470760721422536
,,grass,,18.51339854986565,54.47311882098509
,,grass,,18.513275420028414,54.47280075821701
,,grass,,18.51256563933708,54.47203758595359
,,grass,,18.53099047800186,54.48138173995834
,,grass,,18.429579583970416,54.469571179233554
,,,grassland,18.439210532276302,54.481382036548155
,,grass,,18.536675722790648,54.51841599917597
Rezerwat Cisowa,nature_reserve,,,18.409366848798165,54.53168897819097
Rezerwat Kacze Łęgi,nature_reserve,,,18.496289332378442,54.48879198454628
Rezerwat Kępa Redłowska,nature_reserve,,,18.560189080697075,54.491534090363345
Skwer Janusza Kusocińskiego,,grass,,18.564470082346368,54.45143382922125
,,,wood,18.412930013652854,54.493337632782236
,,,wood,18.517116183352986,54.46899159567371
,,grass,,18.5419641955073,54.519109308160616
,,,grassland,18.534107944621592,54.488806831608905
,,,grassland,18.4858068303049,54.47449409776937
,,grass,,18.48354683378338,54.46480736276586
,,,wood,18.4696976612863,54.59586089931628
Skwer Arki Gdynia,park,,,18.553832287421237,54.507150702830494
,,grass,,18.46620336705309,54.56045989019568
,,grass,,18.453706167487596,54.54260833782742
,,,grassland,18.541428557771027,54.51273946236529
,,grass,,18.541693324070106,54.513599609186485
,,,scrub,18.54336240861225,54.51434421864835
,,grass,,18.541697500740785,54.51519846468787
,,grass,,18.539230429359968,54.515890037148154
,,grass,,18.540160810648043,54.51582431915543
,,grass,,18.541232210093188,54.5152895602988
,,grass,,18.538833658773864,54.51447780750983
,,grass,,18.541462829264667,54.51561568261751
,,grass,,18.534205926364667,54.509352669849044
,,,grassland,18.53346615432526,54.5097384819804
,,grass,,18.53899723728408,54.51002205815611
,,grass,,18.53613471673046,54.50977798663767
,,grass,,18.53926966284106,54.510718320498924
,,grass,,18.53712220555755,54.50929006957594
,,grass,,18.535071541984088,54.50885676023201
,,grass,,18.540456335694266,54.51031539110456
,,grass,,18.52805605961164,54.484490095682744
,,,grassland,18.504078127363098,54.47457739166138
,,meadow,,18.52135379326714,54.45720294804683
,,meadow,,18.52321530889397,54.457156223136245
,,orchard,,18.531367103749965,54.469583746870576
,,,grassland,18.534751160757853,54.469397920362454
,,,wood,18.519894798455095,54.4731233263279
,,,grassland,18.516549716366608,54.46753584778524
,,meadow,,18.42811816736768,54.483791080740296
,,grass,,18.47073315227532,54.47798166669644
,,forest,,18.47080868045549,54.47710207269204
,,,grassland,18.46997141544116,54.47787175543229
,,,grassland,18.42623644846373,54.47596187253398
,,,grassland,18.42716925960737,54.47159616104113
,,,grassland,18.426759401627375,54.46814056637149
,,,grassland,18.425693606383636,54.469012077777805
,,,grassland,18.424593451048615,54.47420398870972
,,grass,,18.545805143959445,54.48474233739791
,,,wood,18.556149199141956,54.45972081720032
,,,grassland,18.42943951489314,54.45300988211668
,,,grassland,18.43093483284412,54.45261322651534
,,grass,,18.556572646670315,54.45708418845477
,,grass,,18.529286644090842,54.48828747816187
,,grass,,18.52948192755123,54.48800860643545
,,,wood,18.407627264995632,54.500630222946015
,,grass,,18.5422439893584,54.48476943427887
,park,,,18.54305938160236,54.484886875636555
,,grass,,18.434296811505334,54.53918405822781
,,grass,,18.4378216329806,54.53880199597396
,,grass,,18.434167324429946,54.53902094635439
,,,wood,18.436035479922015,54.539304908031376
,,forest,,18.45722885381771,54.565213029525815
,,forest,,18.45488150352136,54.565915618026814
,,,wood,18.41912958296361,54.59854981862114
,,,wood,18.419896925733884,54.5989154352244
,,meadow,,18.424202803775128,54.59521604960299
,,,grassland,18.529773292678975,54.47787987994944
,,grass,,18.555986178316168,54.46855951737218
,,,grassland,18.55848104609486,54.468598049348536
,,,scrub,18.411813497091266,54.54850916307456
,,,grassland,18.54157946496993,54.51921931596735
,,,grassland,18.503619261289987,54.48538888840176
,,,grassland,18.506000582923598,54.48676260623551
,,grass,,18.536776401568765,54.49106894575808
,,grass,,18.53671152023469,54.490916287537566
,,grass,,18.536271460508125,54.49151885536626
,park,,,18.478496346697696,54.57061038838131
,,,wood,18.420946763542126,54.60017733643937
,,,water,18.554749239272127,54.46242703735576
,,,wood,18.56130729455954,54.453263940933276
,,,wood,18.50304689202327,54.55387018235608
,,grass,,18.557829008492753,54.47271559961511
,,grass,,18.468372634046396,54.50026740694232
,,grass,,18.47199538226924,54.50002117446062
,,forest,,18.554970318977666,54.47046186131859
,,meadow,,18.406898810003977,54.601759208777956
,,farmland,,18.399581476019286,54.599001421842814
,,farmland,,18.413788012003955,54.59403104623836
,,meadow,,18.413453805413756,54.59023520137352
,,,scrub,18.41987961915597,54.58828487272849
,,,scrub,18.44835552136413,54.564089694776584
,,,scrub,18.446068462423945,54.56327179489833
,,,scrub,18.44964607059104,54.56266592697407
,,,scrub,18.44756744070052,54.564975990741445
,,,scrub,18.45285862699263,54.56404122932569
,,,wood,18.43363701455148,54.556484533404976
,,meadow,,18.42555311509468,54.57515394400454
,,meadow,,18.422797505005242,54.57529376986515
,,meadow,,18.42330117017409,54.577263707198725
,,meadow,,18.421973861415914,54.58162240928622
,,meadow,,18.415738013989433,54.57974758685281
,,meadow,,18.423259297267304,54.58505805364406
,,meadow,,18.432929692288486,54.58457757427141
,,meadow,,18.42489115552718,54.59959275883358
,,meadow,,18.428242185168223,54.59883855907446
,,meadow,,18.4428235091715,54.59488061918556
,,meadow,,18.444143620946967,54.596590237618884
,,meadow,,18.448126081500448,54.59606869818274
,,meadow,,18.474325319525324,54.58948456513821
,,meadow,,18.41760222150101,54.600217338771245
,,grass,,18.533894814246512,54.509058853665465
,,grass,,18.535968734214798,54.50721210661243
,,grass,,18.53626981206786,54.50827746323398
,,,wood,18.545682602667128,54.49084411622308
,,grass,,18.56349949181638,54.480438879705076
,,,wood,18.563119680221934,54.48078765361656
,,grass,,18.56393605174995,54.48006937513177
Polanka Redłowska,common,,grassland,18.556705024113654,54.50149193825538
,,grass,,18.55722375559703,54.502410692709084
,,grass,,18.549083407675504,54.4863767510135
,,forest,wood,18.55827026603754,54.50248010625355
,,grass,,18.548589324832484,54.48584958794603
,,grass,,18.548696060127348,54.485978608674664
,,grass,,18.548482658054866,54.485751720655564
,,grass,,18.548781810087487,54.485709138732666
,,grass,,18.547772510962446,54.485562416377626
,,grass,,18.547240454376798,54.48574920429351
,park,,,18.546103525559197,54.486404830031304
,,meadow,,18.536709047736476,54.45911280915342
,,grass,,18.535493586305126,54.551789328359696
,,grass,,18.534562946790757,54.55226700118266
,,grass,,18.535355051834383,54.55172183828446
,,grass,,18.535012243815782,54.55190187858704
,,grass,,18.534994824495204,54.55213848832002
,,meadow,,18.48403409115403,54.5653426779348
,,,grassland,18.42205305209567,54.4840186016573
,,grass,,18.539349410081986,54.49708929893983
,,grass,,18.539292511183167,54.4972444496506
,,grass,,18.540275019947927,54.497135030849535
,,grass,,18.539285516585363,54.49466922765392
,,grass,,18.532101046030675,54.499648052737534
,,grass,,18.536450203571206,54.49435213724065
,,grass,,18.536219441935874,54.49429686428517
,,grass,,18.533718903736872,54.5004834128565
,,grass,,18.533392970886123,54.499964830422364
,,grass,,18.532649708215878,54.50118931596387
,,grass,,18.53711361468483,54.496923924554096
,,grass,,18.544114112309376,54.513575997219775
,,grass,,18.5440315367702,54.513751972797266
,,grass,,18.543707447242273,54.5150823182541
,,grass,,18.54426940245012,54.51374447057261
,,grass,,18.543937719130213,54.51443031779429
,,grass,,18.543285581049027,54.51353792132648
,,grass,,18.544538583450695,54.51455367996585
,,grass,,18.543056119807183,54.5148241598287
,,grass,,18.543175189471,54.5141664058953
,,grass,,18.54361724266448,54.51357414721162
,,grass,,18.54470361442692,54.51411729760071
,,grass,,18.55218408542979,54.49467091906279
,,grass,,18.551155407904485,54.49528471913196
,,grass,,18.551676562259825,54.49567047864682
,,grass,,18.55175132582651,54.49584639127774
,,grass,,18.55137972096634,54.495722840993004
,,grass,,18.55160789002534,54.495858230756156
,,grass,,18.551305354323922,54.49549058735679
,,grass,,18.551032742289923,54.49598982880578
,,grass,,18.551033778718512,54.496158719941334
,,grass,,18.551350637897922,54.49515060379787
,,grass,,18.551879960149037,54.49569720071248
,,grass,,18.549601299511078,54.49516499888081
,,grass,,18.552086391498744,54.494344147391885
,,grass,,18.55176606738806,54.49411908812556
,,grass,,18.552055553290952,54.494435012836696
,playground,,,18.55153945525545,54.49378236823881
,,grass,,18.552154746582712,54.494623894103114
,,grass,,18.551826688828683,54.49461510965811
,,grass,,18.551246717177907,54.49387023445242
,,grass,,18.551787542602746,54.495139842808506
,,grass,,18.551013675575728,54.493731637496545
,,grass,,18.55077976763003,54.49389595995926
,,grass,,18.55163438018621,54.49404602870335
,,grass,,18.55217816991972,54.49489168046265
,,grass,,18.55198649220499,54.49453191385162
,,grass,,18.55216267341541,54.49503536518925
,,grass,,18.550890816666335,54.4945709537339
,,grass,,18.549991445312223,54.49452696927445
,,grass,,18.550785044224764,54.494212319134306
,,grass,,18.549655414855373,54.49462753346699
,,grass,,18.537757631610518,54.49778659889075
,,grass,,18.541372166789817,54.49735515382349
,,grass,,18.537968676993316,54.4982337123378
,,grass,,18.54053961704333,54.497306005553746
,,grass,,18.537186918810153,54.49928404636693
,,grass,,18.53654212071226,54.501063120452564
,,grass,,18.53625601547755,54.50951378819922
,,grass,,18.53665142877486,54.50943099265259
,,grass,,18.5338633024064,54.51044686801852
,,grass,,18.534707687380216,54.50918025242336
,,grass,,18.536235315900495,54.50914611404881
,,grass,,18.537335923114412,54.508767476228144
,,grass,,18.537192021965865,54.50872626155795
,,grass,,18.53451644430473,54.50966615343759
,,grass,,18.537253009230522,54.50836671542116
,,grass,,18.53713492644623,54.50897001746903
,,grass,,18.537174632499024,54.508342167280965
,,grass,,18.53465223542922,54.50852969410991
,,grass,,18.533577514995354,54.51211889982919
,,grass,,18.53480886179936,54.50973939524836
,,grass,,18.533173161253348,54.513339748169656
,,grass,,18.533307907506497,54.511786430161685
,,grass,,18.534512021511876,54.51027405255636
,,grass,,18.533174872683812,54.512080928128384
,,grass,,18.533848229501874,54.51117835118606
,,grass,,18.53435958957264,54.51151618721531
,,grass,,18.534203269167023,54.51201175482248
,,grass,,18.534115111920777,54.512281056784026
,,grass,,18.534290757812478,54.51172962175194
,,grass,,18.53451934840377,54.51202471990929
,,grass,,18.510418580608707,54.494534939443966
,,grass,,18.509815910968914,54.49472125817658
,,grass,,18.509575539815643,54.49456427823388
,,grass,,18.510070090505554,54.4943179360878
,,grass,,18.510674818767892,54.49420480261173
,,grass,,18.510564581413806,54.49461932362591
,,grass,,18.510041925268474,54.494580465504136
,,grass,,18.5097952839372,54.49464808177946
,playground,,,18.506969494372935,54.498132166050496
,,grass,,18.511403444797416,54.49758274590349
,,grass,,18.509319779885224,54.49801499629129
,,grass,,18.508986633574843,54.498120659690805
,,grass,,18.507614699963447,54.498039899795415
,,grass,,18.506677381976715,54.49852752799722
,,grass,,18.55879955,54.51829445
,,grass,,18.55679174066609,54.51827841460795
,,grass,,18.529740365273348,54.49249863110497
,,grass,,18.529505620879824,54.49246050278317
,,grass,,18.529727308449647,54.49281737361692
,,grass,,18.529751813833876,54.49299998088882
,,grass,,18.529705480731906,54.49275468836022
,,grass,,18.500118588376267,54.49733388111284
,,grass,,18.499736013267494,54.497635422851886
,,grass,,18.458575383300605,54.455986291010234
,,,grassland,18.436763748116675,54.462534970650516
,park,,,18.53711420008064,54.50206848829784
,,grass,,18.53609754851245,54.49105691717525
,,grass,,18.53584189113435,54.4911553298885
,,grass,,18.535655634715138,54.491241046958095
,,grass,,18.535687070786263,54.491155694023675
,,grass,,18.536164685536775,54.49113451074983
,,grass,,18.536696981078773,54.49148583205234
,,grass,,18.53671279522089,54.491366649971425
,,grass,,18.537440558663622,54.49073914577602
,,grass,,18.537243683362856,54.491469171760755
,,grass,,18.537459081802027,54.49105209594
,,grass,,18.53689047950927,54.49131366494244
,,grass,,18.537660721197938,54.490854077519906
,,grass,,18.50711656208468,54.49861301746514
,,grass,,18.508077453033373,54.4983608824118
,,grass,,18.438073505344505,54.497941828771786
,,grass,,18.529537289012218,54.52247088045152
,,grass,,18.511610455318912,54.492119608675516
,,grass,,18.51395970259978,54.49208703951253
,,grass,,18.513896080662374,54.492167085693005
,,grass,,18.514052832517482,54.49211560604616
,,grass,,18.53721877636237,54.509678622537784
,,grass,,18.506791794505578,54.499529875138364
,,grass,,18.539793852841044,54.497421798171644
,,grass,,18.539814982742474,54.49730905065772
,,grass,,18.538953896697407,54.49731898888268
,,grass,,18.540809810695826,54.497500641406326
,,grass,,18.539486303997343,54.49728604830763
,,grass,,18.538693050797523,54.49720812693322
,,grass,,18.539059008599697,54.49747639825907
,,grass,,18.541163068437456,54.4974187590448
,,grass,,18.53889746247892,54.4973880764079
,garden,,,18.539216110734674,54.49757020850176
,garden,,,18.54062135494842,54.49768713844328
,,grass,,18.53941181586561,54.49769535052508
,,grass,,18.539758423099983,54.49765520830081
,,grass,,18.540112569165878,54.497818877924736
,,grass,,18.539121256026174,54.49771624193398
,,grass,,18.54097079093004,54.49790484591575
,,grass,,18.540314305147454,54.49784527833624
,,grass,,18.539938207584193,54.4977967659986
,,grass,,18.53886110595747,54.497662591672224
,,grass,,18.534561419179585,54.49425256752715
,,grass,,18.533712044039742,54.493478416720734
,,grass,,18.534024520576757,54.49460613647899
,,grass,,18.53400522598564,54.49452706304162
,,grass,,18.533895533731798,54.494183072061496
,,grass,,18.533924284411007,54.494269822748414
,,grass,,18.53407665265368,54.49389413202606
,,grass,,18.533796471773513,54.49384367768293
,,grass,,18.534175867373893,54.49401120788512
,,grass,,18.534558473039716,54.49386307541486
,,grass,,18.53405322078144,54.49469501611431
,,grass,,18.533824017118512,54.49394397599852
,,grass,,18.534081362736146,54.494796556588064
,,grass,,18.5341700291464,54.49385648161645
,garden,,,18.538523747461404,54.49855390653481
,garden,,,18.538616604734333,54.49870896357065
,garden,,,18.53850893813032,54.49827053575586
,garden,,,18.538658218390577,54.49791644238113
,,grass,,18.538715271216116,54.49807609859241
,,grass,,18.538637358662793,54.49848997955508
,,grass,,18.538574163527933,54.49875543048096
,,grass,,18.538984362316864,54.49814239477841
,,grass,,18.538930405516815,54.49793092380145
,,grass,,18.538823256645703,54.49868205278689
,,grass,,18.53889929877699,54.49835748084219
,,grass,,18.538317150000005,54.49883750000001
,,grass,,18.538776915735056,54.49832211842974
,,grass,,18.5388756,54.49854725
,,grass,,18.5386565324681,54.498445915974884
,,grass,,18.5387754579076,54.4981742194426
,,grass,,18.53907957607205,54.4978960157354
,,grass,,18.53922237422465,54.49777187632929
,,grass,,18.538871341274252,54.49776024154678
,,forest,,18.52815493629713,54.56658161312371
,,grass,,18.54098562156696,54.49913191181612
,,grass,,18.541658050000002,54.49920745000001
,,grass,,18.53913223267359,54.49892794954011
,,grass,,18.53954267701481,54.498972722418564
,,grass,,18.53986875,54.499008350000004
,,grass,,18.539990632180547,54.499021672417854
,,grass,,18.54022088878098,54.49904681439984
,park,,,18.538337491091898,54.4980020618731
,,grass,,18.539518859429226,54.49790712112832
,,grass,,18.539329934789812,54.498171632910136
,,grass,,18.539229934682584,54.498381455729394
,,grass,,18.539682348246085,54.498022757335306
,,meadow,,18.547025740461827,54.561874139971344
,,meadow,,18.547373307221925,54.560414183038816
,,grass,,18.5398361944845,54.49848522529218
,,grass,,18.539963738121582,54.49885448735444
,,grass,,18.539831198705894,54.49813606794197
,garden,,,18.539594599999997,54.4984257
,,grass,,18.539071018071912,54.49879972636958
,,grass,,18.539342864971463,54.49863973594361
,,grass,,18.539117452781277,54.49866107802524
,,grass,,18.53908665274258,54.49853136252138
,,grass,,18.539927020647582,54.49806365489333
,,grass,,18.539601072867185,54.49895188633019
,,grass,,18.454870529077613,54.54423573260014
,,grass,,18.53962792146139,54.49891668333198
,garden,,,18.54011722480553,54.49838057529226
,,grass,,18.540171962666967,54.497965482921494
,,grass,,18.540437353544743,54.498250277677194
,,grass,,18.540391703848897,54.49838867767321
,,grass,,18.540446183927436,54.49811090413805
,,grass,,18.54035316383892,54.49850640468125
,,grass,,18.529397547390325,54.487875177137695
,,grass,,18.458899757408524,54.54264395856554
,,grass,,18.454118553405653,54.54357889675477
,,grass,,18.507930260227017,54.49433329948298
,,grass,,18.552742208784956,54.47629043619178
,,grass,,18.552813595410772,54.476082024077066
,,grass,,18.552532997199084,54.476235614182904
,,grass,,18.552718367508525,54.47609920761356
,,grass,,18.552457440237056,54.475935234158165
,,grass,,18.534049740526623,54.50820649724938
,,grass,,18.534042621365426,54.50835682250159
,,grass,,18.533911547905948,54.5079103920077
,,grass,,18.533932870308305,54.50788205474973
,,grass,,18.533957376083986,54.50782431670254
,,grass,,18.53417130574349,54.50776616088022
,,grass,,18.534039605976215,54.50789052364731
,,grass,,18.510009042016826,54.498539086396896
,,grass,,18.50891681532494,54.49840251693628
,,grass,,18.5363730467144,54.50811157690431
,,grass,,18.536302652581327,54.50787070133296
,garden,,,18.536362188425684,54.50822044777333
,,grass,,18.53649877959753,54.508128330100334
,,grass,,18.48713027171064,54.53130393651961
,,grass,,18.487779453608983,54.53175774408135
,,grass,,18.486735107439884,54.53101144388634
,,grass,,18.487116331144826,54.531570905232805
,,grass,,18.487247326894344,54.531151251354466
,,grass,,18.482002415875378,54.52728483655232
,,grass,,18.482611252039046,54.528396269794264
,,grass,,18.501023884541546,54.54806960028074
,,grass,,18.501883549610334,54.54846937509685
,,grass,,18.501455550581166,54.547876301667266
,,grass,,18.504132851355752,54.54763614887709
,,grass,,18.504883277667393,54.54761590002284
,,grass,,18.504517270940706,54.54766106429728
,,grass,,18.50430236328956,54.54752890290493
,,grass,,18.500520936838925,54.54789933465398
,,grass,,18.504683241894373,54.548150169978264
,,grass,,18.5049681285708,54.54792872695986
,,grass,,18.53596082616252,54.50614258331971
,,grass,,18.53722643635954,54.509147029589144
,,grass,,18.536949493434772,54.50967392120444
,,grass,,18.53609239454281,54.506327905267405
,,grass,,18.540859987473315,54.498071408808784
,garden,,,18.540733386223685,54.49820721044773
,,grass,,18.54062007870426,54.49832630291948
,,grass,,18.540923056723727,54.49822342149226
,,grass,,18.54119698080264,54.49824626923
,,grass,,18.54092738760442,54.49800276509632
,,grass,,18.42930283921261,54.588533520039924
,,grass,,18.42761554020218,54.585700840774535
,,grass,,18.408713175061926,54.59607387048614
,,grass,,18.398920254209944,54.59493107552393
,,grass,,18.539103045529654,54.49403167666934
,,grass,,18.538508696627833,54.49550869996513
,,grass,,18.539950485090145,54.49281897812412
,,grass,,18.537385781114672,54.49637276528323
,,grass,,18.5381418327589,54.49395046645293
,,grass,,18.538996742262455,54.4937682652388
,,grass,,18.538515173543647,54.49226483779952
,,grass,,18.5381866967884,54.493846169881515
,,grass,,18.53717884996035,54.49704732259484
,,grass,,18.536561441616165,54.496936818102604
,,grass,,18.53833562955004,54.49561471198291
,,grass,,18.537203492757836,54.496538372419096
,,grass,,18.53998953162254,54.49243323147499
,,grass,,18.536635821343623,54.49645909964814
,,grass,,18.53713348433302,54.496766199092875
,,grass,,18.53815160844956,54.495462974702484
,,grass,,18.53815213190515,54.493245026825626
,,grass,,18.538824871756553,54.494181331084356
,,grass,,18.53864613835931,54.492972858906796
,,grass,,18.536599860161264,54.496795810782544
,,grass,,18.539386357273518,54.49228173830991
,,grass,,18.538856347717857,54.49251952900467
,,grass,,18.538134483274625,54.49644709210853
,,grass,,18.53915025772986,54.49451382035011
,,grass,,18.537893781819097,54.49390191413925
,,grass,,18.538356592133525,54.49418481262825
,,grass,,18.53688343999659,54.49586147715177
,,grass,,18.53845698617133,54.495851739168366
,,grass,,18.538638689806614,54.493343232556114
,,grass,,18.53964178326953,54.493231082726865
,,grass,,18.538515927142107,54.49366834800421
,,grass,,18.538915986877882,54.494433918919164
,,grass,,18.537749969681634,54.494435283385926
,,grass,,18.537243168662368,54.49555165657434
,,grass,,18.53873216023652,54.49484939623372
,,grass,,18.53854137742492,54.49394235212421
,,grass,,18.539417360440904,54.49359908225938
,,grass,,18.53860740469527,54.49520193887514
,,grass,,18.538935084897023,54.49398064379321
,,grass,,18.537240628185785,54.49527273982106
,,grass,,18.540239963209924,54.49246301222789
,,grass,,18.5390714851898,54.49282124467272
,,grass,,18.54031200052149,54.49245582606183
,,grass,,18.516687662282425,54.47396575018371
,,grass,,18.551432660609603,54.48443823105979
,,grass,,18.556061393532467,54.489618469545356
,,meadow,,18.461886003411667,54.451205388946036
,,meadow,,18.458938178151975,54.45329699138423
,,meadow,,18.414955118771427,54.50384726672937
,,,grassland,18.435864521977525,54.48344017720552
,,,grassland,18.415165771319064,54.49339552929772
,,,grassland,18.415525496455206,54.49270702045605
,,,grassland,18.410316556831212,54.49329909380906
,,meadow,,18.415985580095985,54.492909529396755
,,grass,,18.435686918170465,54.573119706261586
Bazyliowa łąka,nature_reserve,,,18.44183858934422,54.46989893341935
Długa łąka,nature_reserve,,,18.443929101779247,54.472111472487356
Jar Swelini,nature_reserve,,,18.55796915755882,54.46373626641122
Jezioro Kackie,nature_reserve,,,18.49999157729959,54.46176243674994
Leśne Bagno,nature_reserve,,,18.43754885314901,54.472215342566656
Staw na Dąbrowie,nature_reserve,,,18.444632908796706,54.46994311255854
Torfowy moczar,nature_reserve,,,18.448539062923214,54.46832703685576
Turzycowe błoto,nature_reserve,,,18.44742899250443,54.47035882000479
Wąwozy Grodowe,nature_reserve,,,18.558989047715954,54.45276908764836
,,forest,,18.53686739307971,54.56586616633998
,,grass,,18.541885068994866,54.562761367616105
,,forest,,18.53992233249144,54.5649917244172
,,forest,,18.53633333025978,54.562613093629544
,,forest,,18.539587391393457,54.56384198878819
,,grass,,18.494136857523973,54.5341016776408
,,grass,,18.494547574022775,54.53443468572291
,,industrial,,18.546371553927735,54.47412885438135
,,,wood,18.45752557134121,54.47124160617908
,,grass,,18.494484894531716,54.47130968089463
,,industrial,,18.544597339898438,54.47494439444906
,,,water,18.558427658719047,54.45354540805956
Polanka Krykulec,,,grassland,18.473611665299217,54.49209382349116
,,,grassland,18.446628749283548,54.4761261684591
Leśna Polana,,meadow,,18.456539118484056,54.46632355487979
,,grass,,18.554508922893568,54.47222697532953
,,grass,,18.55397963525365,54.47191754213067
,,,wood,18.54707744595142,54.48549427606377
,,,wood,18.499564316566705,54.52741011323415
,,grass,,18.47633543021662,54.5394466761343
,,grass,,18.552541445283282,54.50350742715661
,,,wood,18.543701705323894,54.49581195283964
,,,wood,18.546731969844352,54.4958117691269
Osiedle Viridis,,residential,,18.47945155521155,54.4752682189065
,,grass,,18.457399519057734,54.45586412818204
,,grass,,18.40089660479846,54.474115763030355
,,grass,,18.50221577638906,54.47397163975902
,,meadow,,18.421610110064318,54.4597525006294
,,grass,,18.527018014835637,54.51651439795892
,,grass,,18.526987568584445,54.516335360956155
,,,wood,18.528818387717024,54.516278306561944
,,,wood,18.52646068730842,54.51684787498912
,,industrial,,18.54409355382977,54.474538731113455
,,industrial,,18.54554926806706,54.47440530491218
,,grass,,18.547587713482013,54.476239880287025
,,grass,,18.508529064126783,54.50017269682011
,,grass,,18.5086394583016,54.50028066526145
,,grass,,18.508830602594937,54.50020712264363
,,,wood,18.42191740058891,54.55468134632947
,,,wood,18.502202396492713,54.473460475595786
,,,wood,18.503531687053297,54.47355845252163
Plac imienia 66 Pułku Kaszubskiego,,grass,,18.496555640085226,54.464489057327704
,,grass,,18.493221650094245,54.46758256808833
,,,grassland,18.492683450790953,54.467179399284525
,,grass,,18.496570863664676,54.46477465535044
,,grass,,18.496430945740794,54.464666593794476
,,,wood,18.503715747281408,54.47266875264468
,,,wood,18.504234971328867,54.47277086299607
,,,wood,18.50477486556366,54.47291517489341
,,,wood,18.50444212945753,54.472819360795555
,,,wood,18.504580302521035,54.47285668964837
,,,wood,18.50423617025513,54.47251090312897
,,,wood,18.504199123093215,54.47259173979975
,,,wood,18.50427162836511,54.472613859736235
,,,wood,18.504290076391676,54.47257213389323
,,,wood,18.50436678260949,54.47258330448937
,,grass,,18.500499661345973,54.46888679773004
,,grass,,18.49999798769176,54.46884855591305
,,,wood,18.499568590654075,54.46869254657655
,,,wood,18.500082397729482,54.46912300815645
,,grass,,18.498057257676354,54.46951515150844
,,,wood,18.498637848872878,54.46946312007905
,,,wood,18.499621670186407,54.46933372907248
,,,wood,18.499526627141563,54.46925303406106
,,,wood,18.499058070684054,54.46914857582757
,,,wood,18.498910770202567,54.469174845687895
,,grass,,18.496876294135717,54.47005144402708
,,grass,,18.498314346933967,54.46980999313095
,,grass,,18.49981889996716,54.4696510154429
,,grass,,18.500412978897085,54.469575079698316
,,grass,,18.50367508989941,54.469303258831225
,,grass,,18.500573961046694,54.47028204842572
,,grass,,18.500930582125513,54.47075097610192
,,grass,,18.496470472724994,54.47016551923737
,,grass,,18.493281637169332,54.470762244361794
,,,grassland,18.491079397140055,54.46723065339657
,,grass,,18.489815808948926,54.466940922533155
,,grass,,18.43403288697956,54.48581350868234
,,grass,,18.548619392371744,54.485738459899316
,,grass,,18.548653012641996,54.48579800131979
,,,grassland,18.497813084443337,54.47621041911533
,,,grassland,18.499207778266285,54.47572575384793
,,,grassland,18.506833034687553,54.472333891873
,,,grassland,18.502474804594566,54.47415736790229
,,,grassland,18.499516576618657,54.47546945484059
,,,grassland,18.49595692170174,54.47698830148773
,,,wood,18.49743526465789,54.47612184993739
,,,grassland,18.500910762141554,54.47478949989758
,,,grassland,18.501821956184862,54.474510273895
,,,grassland,18.499306470661004,54.47528468300402
,,,grassland,18.498129573005183,54.47564225529584
,,,wood,18.506962315113874,54.47265698636447
,,,grassland,18.500763200652283,54.47234706069162
,,,wood,18.500941720748163,54.47294166215046
,,,wood,18.50121864424415,54.47305482841315
,,,wood,18.499592643537444,54.47203825894862
,,,wood,18.499936474190438,54.47202515519855
,,,wood,18.50009718328399,54.47243363240297
,,,wood,18.499393638322655,54.472118640716126
,,,grassland,18.50098436564433,54.471616245251475
,,,grassland,18.501085683057287,54.471218417840696
,,grass,,18.50027777462896,54.4702786091093
,,,grassland,18.499305249965317,54.470034062283126
,,,grassland,18.49849717306071,54.46997179700896
,,,grassland,18.49798100880144,54.47012359015547
,,,wood,18.508361959982057,54.47113286224313
,,,wood,18.50835495589069,54.47142224379683
,,,wood,18.50812038210014,54.471834179698064
,,,wood,18.507481352556404,54.472535865772805
,,,wood,18.506821983990577,54.472976106390455
,,,wood,18.50591099536821,54.47347946339072
,,,wood,18.506435551971833,54.473212392871105
,,,wood,18.504213083552465,54.474033389864736
,,,wood,18.504817801324986,54.4738465567562
,,,wood,18.504586145433095,54.474009945182395
,,,wood,18.504608050075472,54.47385974519272
,,,wood,18.50523592826969,54.4736942761144
,,,wood,18.505501026490812,54.47358204844705
,,,wood,18.503003174601815,54.47371240906412
,,,wood,18.50300440920687,54.47391424898996
,,,wood,18.50357414746442,54.473998556110665
,,,wood,18.50348203935959,54.47430125026944
,,grass,,18.503254490596408,54.47321030241456
,,grass,,18.502164271310246,54.47230592058782
,,grass,,18.50156841518311,54.47122926233185
,,grass,,18.50187375725475,54.4709733301679
,,grass,,18.502224433455034,54.47064241928628
,,grass,,18.503067507624856,54.472190668460236
,,grass,,18.50293590101014,54.47248135060593
,,grass,,18.502845282639125,54.47278913905533
,,grass,,18.50269082839934,54.47176761593751
,,grass,,18.502988812126627,54.471782851836984
,,grass,,18.50253703989329,54.47107035986633
,,grass,,18.5022936789667,54.47100530705363
,,grass,,18.502372378277386,54.47113238897716
,,grass,,18.502449232572427,54.471247402310375
,,grass,,18.50340097623426,54.471921335409235
,,grass,,18.503246167243944,54.471742391112834
,,grass,,18.503251709287298,54.471322306531995
,,grass,,18.50312566337636,54.471416424348575
,,grass,,18.503094122896066,54.47127090430397
,,grass,,18.503056227363036,54.4716237869421
,,grass,,18.502996583619577,54.47143449058196
,,grass,,18.502834244759818,54.47101947766926
,,grass,,18.502789360880364,54.47065289478446
,,grass,,18.503032733692823,54.47083386480887
,,grass,,18.503118560859107,54.47055711752539
,,grass,,18.503452869757357,54.470769974177806
,,grass,,18.503663183615956,54.47077815161254
,,grass,,18.503519444055687,54.47108772439023
,,grass,,18.503568108435022,54.47119148617927
,,grass,,18.503706419362395,54.47139701815908
,,grass,,18.50366410014435,54.47126808697655
,,grass,,18.50379396682064,54.47182742187397
,,grass,,18.50359577250039,54.47188127877748
,,grass,,18.50359165874149,54.4717395542372
,,grass,,18.50384402095911,54.47241423125552
,,grass,,18.50361105566865,54.47102395214524
,,grass,,18.503929273746298,54.47120576999675
,,grass,,18.504069142768515,54.471189399369976
,,grass,,18.50450107749883,54.471756333696
,,grass,,18.50416490329195,54.4722067604346
,,grass,,18.504197137792353,54.47207847306483
,,grass,,18.504229080054614,54.471949194847916
,,grass,,18.504261138030277,54.471819904207486
,,grass,,18.504293042420414,54.47169199625673
,,grass,,18.504324190528177,54.47156403725904
,,grass,,18.504355789671113,54.47143561035063
,,grass,,18.504553392030054,54.47248520713503
,,grass,,18.50435076122846,54.4726134628797
,,grass,,18.504984810569983,54.47252895615776
,,grass,,18.504838905850256,54.47232618984879
,,grass,,18.504728347867715,54.471895117318425
,,grass,,18.504761875098797,54.47214315925771
,,grass,,18.50490971837107,54.471964857079726
,,grass,,18.50507556321044,54.47211437673197
,,grass,,18.504941526497326,54.47178561506397
,,grass,,18.504209545759412,54.470837240874346
,,grass,,18.504109349999997,54.47095845
,,grass,,18.504236787685446,54.47093193484116
,,grass,,18.50427052056572,54.47069436457104
,,grass,,18.504239177027763,54.47057696306469
,,grass,,18.50395770753718,54.47056178823757
,,grass,,18.50401903209043,54.47073384416431
,,grass,,18.50536274856003,54.47085517808508
,,grass,,18.50491190592767,54.47082070681116
,,grass,,18.5050502898873,54.47080763933893
,,grass,,18.50523195565815,54.47079084813756
,,grass,,18.505218999145477,54.47067125090097
,,grass,,18.50579268682701,54.47066487418721
,,grass,,18.505977116060432,54.470647951287894
,,grass,,18.505829481602063,54.47052897708203
,,grass,,18.506275448885095,54.47089167806665
,,grass,,18.506521006869786,54.470849426224554
,,grass,,18.50648996288022,54.47068861778815
,,grass,,18.506446626859947,54.470797403325925
,,grass,,18.505303861008667,54.47160971545523
,,grass,,18.506015723838384,54.47131242963317
,,grass,,18.506498490013684,54.47132542991399
,,grass,,18.507111332281358,54.47130284292611
,,grass,,18.507081706204882,54.471195372134574
,,grass,,18.507052703848824,54.47108785678385
,,grass,,18.507022963135466,54.47098221507955
,,grass,,18.50711352997316,54.470903504599654
,,grass,,18.507168783044197,54.47107628149426
,,grass,,18.50719399530595,54.47118464180388
,,grass,,18.507234995236956,54.47135805196329
,,grass,,18.506961967658473,54.47163689552116
,,grass,,18.506533123574822,54.47172337558947
,,grass,,18.50602471249029,54.47218566843939
,,grass,,18.50684119838062,54.472023033140154
,,grass,,18.505606643919137,54.47240980538028
,,grass,,18.505814160289358,54.47236199563035
,,grass,,18.506021562273798,54.47231454774852
,,grass,,18.506458044604486,54.47242027768571
,,grass,,18.50662223335831,54.47251625269406
,,grass,,18.50688839092216,54.472438757722166
,,grass,,18.50672900665451,54.472561810727356
,,grass,,18.506612014588566,54.47263762225349
,,grass,,18.50568677477272,54.47187923746532
,,grass,,18.506057470804773,54.47196750467322
,,grass,,18.50583790744044,54.471989830591994
,,grass,,18.505618017226922,54.47201414039119
,,grass,,18.504691747416626,54.47275047123614
,,grass,,18.505359897474552,54.472828380061706
,,grass,,18.50496308874669,54.4728374730699
,,grass,,18.505127740845502,54.47289158022819
,,grass,,18.50528825812057,54.47294771299787
,,grass,,18.505447774468394,54.47300318129215
,,grass,,18.50413258650918,54.4724115945626
,,grass,,18.504149982196367,54.47315578013719
,,grass,,18.504271567592003,54.473074004691966
,,grass,,18.50402336689005,54.47302247927373
,,grass,,18.50382567847628,54.47298168119278
,,grass,,18.50359211521126,54.472932325383745
,,grass,,18.503334909163996,54.47287474469438
,,grass,,18.504845245783308,54.47304462609907
,,grass,,18.503952984756147,54.472767573434986
,,grass,,18.503644709124387,54.47288058117416
,,grass,,18.5038601,54.472925200000006
,,grass,,18.504066908402926,54.4729684861112
,,grass,,18.504273922125485,54.47301156298113
,,grass,,18.50448953625331,54.473056928231756
,,grass,,18.504649552396305,54.473087192695225
,,grass,,18.504716948873824,54.47332913620914
,,grass,,18.50491355164399,54.47334007008395
,,grass,,18.5055394406486,54.473193570594816
,,grass,,18.505222340522575,54.47341884650451
,,grass,,18.505175998755888,54.47311613377905
,,grass,,18.506140831615504,54.47282207628509
,,grass,,18.50584344608571,54.472652195218544
,,grass,,18.506120061843983,54.47294855586138
,,grass,,18.50622913765826,54.47287699071195
,,grass,,18.506313367260535,54.47282471500033
,,grass,,18.506422107263926,54.47275721141215
,,grass,,18.503063849728107,54.47340896184655
,,grass,,18.46488722425886,54.47354456269196
,,grass,,18.46475667784717,54.473447621023425
,,grass,,18.404577465188897,54.590785806488476
,garden,,,18.404517756097878,54.591147188490915
mini zoo,,meadow,,18.404140807127497,54.59135315121489
,,forest,,18.405263869148445,54.47516406837226
,,meadow,,18.424228155989894,54.47910379668679
,,meadow,,18.423154874387354,54.4799134800597
,,meadow,,18.422485931592142,54.47998134488757
,,meadow,,18.420256242580916,54.47924775270994
,,grass,,18.48075131462494,54.56670293466331
,,grass,,18.483020533700696,54.600283182690305
,,,wood,18.54861516545342,54.51591921966977
,,,wood,18.5488956023782,54.51524902848016
,,grass,,18.458225597810294,54.592037718478586
,,grass,,18.457848708104166,54.59191504282151
,,grass,,18.45786610040256,54.59173342271714
,,grass,,18.45818633939795,54.59191565155163
,,grass,,18.45937089701092,54.59192112607348
,,grass,,18.45940251906952,54.591457753269395
,,grass,,18.458767290748003,54.5914889022751
,,grass,,18.458490943701086,54.591482382780704
,,grass,,18.45905701714867,54.59170363929587
,,grass,,18.457824485864343,54.5917540025746
,,forest,,18.41020748070445,54.474686216521135
,,grass,,18.460710176681648,54.59150823104498
,,,wood,18.45988452408431,54.599828178814704
,,,wood,18.46727068677116,54.59997487121363
,,forest,,18.44452279392459,54.598901737857574
,,,wood,18.463265509265934,54.60060320359184
,park,,,18.55179590905912,54.45592418597043
,,,grassland,18.46953948960769,54.537770375582234
,,,wood,18.500689084900813,54.5281480242606
,,grass,,18.50850729919319,54.55205325829407
,,grass,,18.49626682385103,54.589426663605906
,,grass,,18.506691384152994,54.56420497048269
,park,,,18.494918513048514,54.59030513259961
,,grass,,18.509332307969153,54.56284892175921
,,grass,,18.513105484407703,54.57480418575826
,,grass,,18.51387169832736,54.574560445742485
,,grass,,18.51335167198261,54.57415155527168
,,grass,,18.518902991219875,54.57110412212938
,,grass,,18.519945188005053,54.57029904397521
,,grass,,18.51956648442392,54.57085511102291
,,grass,,18.502966203168857,54.565238176691665
,,grass,,18.504674762565884,54.564017924148395
,,grass,,18.503665905514126,54.563944600510666
,,grass,,18.501346451822574,54.565480538313004
,,grass,,18.502604040295513,54.56395421958594
,,grass,,18.505530343192724,54.56457462772904
,,grass,,18.456226562575896,54.543053477731235
,,grass,,18.458314416519293,54.54251326615322
,,grass,,18.54908323338634,54.54832623585175
,,grass,,18.53285829536242,54.519768957057735
,,grass,,18.53304422930568,54.51965620646319
,,grass,,18.53356656173955,54.519722912415865
,,grass,,18.48457024928783,54.56363133194375
,,grass,,18.486506160905048,54.56306996305784
,,grass,,18.48265250152044,54.56418267900471
,,grass,,18.487669421167535,54.56285199334621
,,grass,,18.491008301992096,54.56288101818042
,,grass,,18.49391173650792,54.56296622289079
,,grass,,18.495681691078868,54.56301448728093
,,grass,,18.49793217100281,54.56307605572557
,,grass,,18.49918570663857,54.563108108363856
,,grass,,18.502574384109714,54.56338305293307
,,grass,,18.505829760602747,54.563683588800195
,,grass,,18.49405014014143,54.600020294528846
,,grass,,18.53735755,54.521610100000004
,,grass,,18.5373709,54.52165850000001
,,,wood,18.4976328536677,54.47111035003882
,,,wood,18.497178662704368,54.471029975990064
,,forest,,18.485786973654477,54.47259106691561
,park,,,18.404752581292037,54.57824090341995
,,,grassland,18.449424532577556,54.46133422748803
,,meadow,,18.45780085063443,54.47578628752493
,,,grassland,18.47289310493032,54.56096979181333
,,,grassland,18.465767719627582,54.560025813768064
,,grass,,18.546989479105918,54.53898132218485
,,,grassland,18.529517880414772,54.48767370555953
,,,grassland,18.41598611366226,54.4821046828507
Park nad Strugą Cisowską,park,recreation_ground,,18.449781704455113,54.545189961260256
,playground,,,18.413049135845462,54.573810931533494
,,,grassland,18.41616165534856,54.561889403809516
,,,wood,18.515903193562757,54.55455672851247
,,,grassland,18.431612537988862,54.4871713009654
Ogród Przyjaźni,garden,,,18.483960105071663,54.53648861674562
,,grass,,18.516574924508248,54.5516080859731
,,grass,,18.51613732297759,54.55129865478569
,,grass,,18.5157648292399,54.551029482205756
,,,wood,18.50924108929797,54.55653756180817
,,grass,,18.461359110254126,54.499542115659075
,,,wood,18.462333942604392,54.49972270922789
,,,wood,18.462824555618283,54.49887247517552
,,grass,,18.51521279723223,54.5523796183534
,,forest,,18.51237817922235,54.55571489669268
,,,wood,18.54059384288527,54.576219015324774
,,grass,,18.546603991845704,54.532664495456636
,,grass,,18.54671350535407,54.53274768185758
,,grass,,18.54698073061334,54.532786556005895
,,meadow,,18.544453047716424,54.57082387006927
,,grass,,18.55028583368393,54.518069504121726
,,,wood,18.537726736926015,54.56926065140329
,,,wood,18.540069352923293,54.568576846616395
,,meadow,,18.537613818035968,54.566899824434806
,,grass,,18.478489564439375,54.55751995972949
,,grass,,18.555175602511934,54.50651005028031
,,grass,,18.554734730168796,54.5058477982019
,,grass,,18.500673495488776,54.563575415395356
,,,grassland,18.48796102934945,54.56560772216976
,,,wood,18.49994955152623,54.56995128266946
,,grass,,18.506407013629374,54.55137211979292
,,,wood,18.5053370617021,54.55178018682357
,,grass,,18.50417787950058,54.5522223713232
,,grass,,18.503934488051538,54.55232911246252
,,grass,,18.50305084301517,54.55262242701982
,,grass,,18.50673423458401,54.55127430282481
,,grass,,18.507074803736327,54.55116084026173
,,grass,,18.50732710803777,54.5510617884672
,,grass,,18.507935236686407,54.55087866262545
,,grass,,18.525125607382915,54.55104808001164
,,grass,,18.4163564057479,54.565870763765496
,,grass,,18.552504340735446,54.547906821362226
,,forest,,18.489915319264114,54.55982246922936
,,grass,,18.496100341710143,54.554233998700084
,,grass,,18.49409422367416,54.583517971000624
,,grass,,18.5493741263259,54.51953397092014
,,,wood,18.493169200317226,54.46876622510406
,,grass,,18.495367233261053,54.47347385410982
,,grass,,18.492878104282756,54.472003791507156
,,grass,,18.54944338328742,54.48620890172092
,,,,18.46105458128931,54.56767920851917
,,,grassland,18.407500296153355,54.56983032025078
,,,scrub,18.408662702528257,54.545182992713066
,,,wood,18.5517209558115,54.50723687323094
,,forest,,18.554573960932128,54.505887898452286
,,,grassland,18.4304584636574,54.46433638894027
,,meadow,,18.432176991736345,54.45774622597037
,,meadow,,18.433269632138224,54.45571345288274
,,grass,,18.535843884187294,54.50900980691983
,,,grassland,18.42786632031101,54.49042940872502
,,,grassland,18.491008417039463,54.4589836651178
,,,grassland,18.45465341808026,54.452547918788575
,,,grassland,18.437904022390338,54.5735016271324
,,meadow,,18.423770844168715,54.52500673284084
,,,grassland,18.398022367548002,54.563373598794044
,,,grassland,18.402447374949617,54.56118435287437
,,,wood,18.455554933665976,54.59690032165515
,,meadow,,18.428596503722176,54.58724109825728
,,meadow,,18.41753567318914,54.57940884210464
,,,wood,18.423287747092353,54.55077909312139
,,,grassland,18.414890750059158,54.572486567427376
,,grass,,18.413950098592895,54.57031806654343
,,,wood,18.425171977666235,54.58037288226557
,,,wood,18.42480398519288,54.58096767290833
,,,grassland,18.405715616885306,54.579498162997126
,,,grassland,18.406934157794087,54.57938549525587
,park,,,18.41068057609372,54.57523207165555
,,,wood,18.447681060696198,54.59185144970037
,,,grassland,18.44476137390782,54.59284711261365
,,grass,,18.544427227918284,54.576492109355605
,,,wood,18.539898101491982,54.57590915988739
,,grass,,18.417642319820576,54.57327383787433
,,,grassland,18.420115367907883,54.573392082425976
,,,grassland,18.427283094888647,54.52696624410456
,,,wood,18.419479047394244,54.55130720457995
,,,grassland,18.419931598645196,54.55171189564735
,,grass,,18.47047324395599,54.571053660656744
,,,grassland,18.4658080494481,54.57751061654102
,,,wood,18.54092573624758,54.57845184372041
,,,wood,18.538030481462553,54.576291227141255
,,grass,,18.551329445076256,54.493543160684105
,,,grassland,18.534506598336616,54.560481224624866
,,,wood,18.402006593152212,54.5841151579842
Ogród deszczowy,garden,,,18.460822544464087,54.5480551058532
,,,grassland,18.506297410936018,54.47529111216199
,,meadow,,18.518226457505104,54.48460427121066
,,meadow,,18.513051912742604,54.483682922967844
,,,wood,18.532141382954013,54.547391052563775
,,,wood,18.472846659477696,54.596915733772875
,,,grassland,18.472490766586844,54.59691554933081
,,,grassland,18.472850590128076,54.59657579112343
,,,wood,18.473241618148883,54.56564188943598
,,meadow,,18.469011178442788,54.590336362816316
,,grass,,18.421917645950273,54.57294826406295
,,grass,,18.399925124041687,54.57828652588477
,,meadow,,18.429268061402908,54.57200009770553
,,,grassland,18.43549368971854,54.57536570441894
,,,wood,18.455190630888595,54.53383036638325
Leśny Ogród Botaniczny Marszewo - część zewnętrzna,garden,,,18.415080465999406,54.51977406618306
,,grass,,18.40034112304803,54.58562969359893
,,,grassland,18.402405694289495,54.487478364279966
,,,grassland,18.444171925044433,54.551539149966835
,,,wetland,18.536236008309757,54.47942264756239
,,,wood,18.545142465298376,54.46048898033063
,,,wood,18.512860803631227,54.5987638142833
,,,grassland,18.515652632223134,54.5987164291869
,,,scrub,18.407981894104793,54.54623311965872
,,,wood,18.469617950426525,54.58985568493327
,,meadow,,18.42123561935276,54.59152003320728
,,meadow,,18.437359313112847,54.58410375540977
,,grass,,18.48318765072018,54.46566797709722
Cisowe Zbocze,nature_reserve,,,18.559814889798787,54.457500820703544
,,grass,,18.530466415643538,54.489337565763364
,,grass,,18.530158431919645,54.48931507150453
,,,grassland,18.433000093291067,54.479945504329066
,,grass,,18.50380972933719,54.50045659063078
,,,wood,18.439678626356265,54.49823391081713
,,,wood,18.553430660885063,54.462293618747964
Park Franciszka Ornassa,park,,,18.496669569828903,54.463875790721445
,,grass,,18.532571421251905,54.52004021051542
,,grass,,18.53250494639242,54.52019183433319
,,,wood,18.42768622993274,54.49607513644974
,,,wood,18.42784908499977,54.49639788381394
,,,wood,18.42539068374288,54.49447971107555
,,,wood,18.425636801024414,54.494620448847606
,,grass,,18.547313189792174,54.48553277945158
,,,wood,18.550484214918814,54.48449201113633
,,grass,,18.54997343712309,54.48481849744575
,,grass,,18.550872836071235,54.48403499510554
,,grass,,18.55111435922413,54.48402757168363
,,grass,,18.55918605189881,54.47919110272925
,,grass,,18.559289314555002,54.479912757712654
,,grass,,18.558755344964094,54.47993900144199
,,grass,,18.559692756059366,54.479819171867256
,,grass,,18.54634162943424,54.48630490664782
,,grass,,18.546082594774152,54.486552979689705
,,grass,,18.55508396328402,54.48136537479124
,,,grassland,18.555329182408965,54.48162603109217
,,grass,,18.55985933300305,54.47978256630722
,,grass,,18.55971304504133,54.47986246630299
,,grass,,18.53647914075068,54.50828418408107
,,forest,,18.471413545023236,54.470757483724014
,,forest,,18.54653007075607,54.54772005221809
,,,wood,18.5482643119081,54.46462451763594
,,meadow,grassland,18.4111807885477,54.494509638580034
,,forest,,18.410391078078007,54.473959624330845
,playground,,,18.41452153584546,54.57342673153349
,,,grassland,18.45316931377357,54.454710895155465
,,grass,,18.479038887269933,54.534850337990655
,,meadow,,18.39994152720497,54.48397118740329
,,forest,,18.447343295999044,54.59405925871077
,,forest,,18.446421518173025,54.59435981096628
,,forest,,18.443768298177798,54.593861421393335
,,forest,,18.445392262863198,54.59319984761649
,,forest,,18.444941007003596,54.59393266436005
,,forest,,18.444984581255955,54.59440049808481
,,grass,,18.42742988257377,54.485105337657274
,,grass,,18.543677185014086,54.51556798185463
,,grass,,18.5434252,54.51535920000001
,,grass,,18.543302091524396,54.515667678784666
,,grass,,18.54342746248088,54.515255294133134
,,grass,,18.543229216714323,54.5154490096794
,,grass,,18.453604651897884,54.45482970248236
,,grass,,18.5421385991927,54.544194521864455
,,grass,,18.54207601418956,54.54433275476706
,,grass,,18.5427186,54.5447063
,,grass,,18.542468467911924,54.54471802369001
,,grass,,18.542215461894642,54.544639685067594
,,grass,,18.542101520188258,54.54457381748623
,,grass,,18.54198967800692,54.54473549434776
,,grass,,18.542202393738776,54.54433972819032
,,grass,,18.542074778783398,54.5442695004777
,,grass,,18.542075951919145,54.54439971790379
,,grass,,18.541803768325288,54.544378897404016
,,grass,,18.541872873851688,54.544290135371206
,,grass,,18.54195171723852,54.544288235757904
,,grass,,18.50340800663725,54.56483938996447
,,grass,,18.48810153550157,54.56245397359254
,,grass,,18.479180550000006,54.54937090000001
,,grass,,18.479328950618275,54.54947644422788
Kosmiczna kieszonka,park,,,18.486277744264626,54.560742805803514
Kieszonka na fali,park,,,18.493340217480807,54.53222684228293
,,greenfield,grassland,18.490751647939863,54.46968360357869
,,grass,,18.488940104641646,54.46914014058726
,,grass,,18.489620461161604,54.470334343708274
Kieszonka na kocyk,park,,,18.462890507425712,54.525067324899524
,,grass,,18.532694302401943,54.499464323090805
,,grass,,18.532764943582773,54.49955175551521
,,grass,,18.55482940633734,54.45032313626962
,,grass,,18.48983768146976,54.47142961078231
,,,wood,18.478672330372543,54.4720157150121
,,,wood,18.476873122000377,54.473116868496
,,grass,,18.478704353409412,54.47275555807288
,,,wood,18.47573804875148,54.47439123004795
,,grass,,18.474168557388342,54.47470026540265
,,grass,,18.47777278455826,54.473431907182466
,,grass,,18.456620013853193,54.54330555731981
,garden,,,18.550680410805324,54.546264177198665
,,grass,,18.550738077654454,54.54560917597226
,garden,,,18.550549645904074,54.546270102271805
,garden,,,18.550502869441956,54.54613513703608
,garden,,,18.550478789350173,54.54604564478395
,garden,,,18.550494921834616,54.54583818711664
,,grass,,18.550730198039904,54.54554301833122
,,grass,,18.550531809068158,54.54637696088304
,,grass,,18.550589441463348,54.54636579848847
,,grass,,18.550421639274877,54.54602601344785
,,grass,,18.550669635832925,54.545509863795765
,,grass,,18.550872092162898,54.545171859579945
,,grass,,18.53038906086258,54.522582823463466
,,grass,,18.528861416212948,54.52306171994747
,,grass,,18.529569670190728,54.522855373357665
,,grass,,18.530138452452665,54.52256393861342
,,grass,,18.530656824774375,54.5227501849469
,,grass,,18.530770186582124,54.52242408208962
,,grass,,18.530633055888245,54.52254585263497
,,grass,,18.530330074030676,54.522777577596955
,,grass,,18.508624476202655,54.562594502605506
,,grass,,18.50875396208948,54.56254157429988
,,grass,,18.431933253987328,54.50000740163191
,,grass,,18.43382695947465,54.49922018835344
,garden,,,18.43324148901567,54.499204187450935
,garden,,,18.433076447665506,54.499172045414475
,,grass,,18.43318939154203,54.499683131005334
,garden,,,18.43278741239676,54.49929773658438
,garden,,,18.43296786723338,54.499497797087834
,,grass,,18.43263020463901,54.499615430696046
,,grass,,18.432528142091023,54.49962719535179
,garden,,,18.433205099999995,54.49978354999999
,garden,,,18.4331682411378,54.49973893024005
,garden,,,18.432434202829874,54.499803944217774
,garden,,,18.43236155581219,54.49986430832035
,,grass,,18.43242647598539,54.499894914985276
,garden,,,18.4324372436158,54.49994507370146
,garden,,,18.432495048867935,54.50000200255227
,garden,,,18.432694268954958,54.50002602194684
,garden,,,18.432613533414546,54.50009592930461
,,grass,,18.45340351597605,54.544385542164385
Ziołowa oaza,park,,,18.452424727369696,54.471857893600465
,,grass,,18.43125544184067,54.50121811415519
,garden,,,18.43182250672142,54.500903689250386
,garden,,,18.43220030358301,54.50111597433215
,garden,,,18.431516670706007,54.501246213658256
,garden,,,18.429891980783406,54.50148985233654
,garden,,,18.43003471947147,54.501390628278045
,garden,,,18.430209180674073,54.5012981004241
,garden,,,18.430231480345757,54.50140208748719
,garden,,,18.430353730143427,54.50121710959087
,garden,,,18.430508056953858,54.501182730632046
,garden,,,18.430548284201812,54.50125874833094
,garden,,,18.430587233507143,54.501332042692525
,,grass,,18.44263651842758,54.548173598127626
,,grass,,18.443279559563504,54.54687085539762
,,grass,,18.442863199986032,54.547177089810596
,,grass,,18.44944946585214,54.537733084867014
,,grass,,18.456189335888805,54.54365747315871
,,greenfield,grassland,18.4940682311903,54.56992095068553
,,grass,,18.53357312202807,54.54918058126616
,,grass,,18.53433696957704,54.54930963789601
,,grass,,18.534665509411855,54.54937027726562
,playground,,,18.534820051643294,54.54903850997081
,,grass,,18.49496779682902,54.56639936961352
Skwer,park,,,18.449340103272913,54.58993803227156
,,,wood,18.431262973387984,54.549350232785926
,,grass,,18.429040787811786,54.55039162107393
,,grass,,18.42874720781254,54.54996491259066
,,grass,,18.429295702351634,54.54980699993741
,,grass,,18.42847123547016,54.550239165861576
,,grass,,18.428605281450416,54.550376273711876
,,grass,,18.428748269380574,54.54990132723153
,,grass,,18.509018919516652,54.58889808941419
,,grass,,18.47203245184696,54.47537846453181
,,grass,,18.472356232737415,54.47611695431915
,,grass,,18.474464852739192,54.471342330078
,,grass,,18.52065271232979,54.47196368992673
,,grass,,18.471310603233505,54.46402701450313
,,grass,,18.46879365102651,54.466553741472396
,,grass,,18.480887045258445,54.46826737266773
,,grass,,18.476131303800873,54.469552133307666
,,grass,,18.475378972091146,54.46764819933055
,,grass,,18.477897906017482,54.46798984493481
,,grass,,18.481743195161616,54.46497675007173
,,grass,,18.47340958438894,54.476996652274536
,,grass,,18.47315607553399,54.47926177575692
,,grass,,18.47271445361468,54.4777251260628
,,grass,,18.472068990068728,54.47701346405724
,,grass,,18.472440168283224,54.4794693923671
,,grass,,18.471780439899863,54.478912298036896
,,meadow,,18.432376350171452,54.46354398942829
,,,grassland,18.492078534425808,54.461557069501296
,,,grassland,18.490905090672925,54.4613192845766
,,meadow,,18.44993689521316,54.46661401732292
,,greenfield,grassland,18.450537945707428,54.46465799196316
,,,wood,18.440501892045624,54.453650395870596
,,meadow,,18.440174747154554,54.453920522106365
,,meadow,,18.430323099923772,54.451692171440556
,,grass,,18.472380755489745,54.47470900473413
,,grass,,18.472511561391713,54.472957235014476
,,grass,,18.46523254244277,54.46615875686153
,,grass,,18.472884747340206,54.47256057603335
,,grass,,18.47226270329721,54.47289330454385
,,grass,,18.475660655912122,54.46907960799095
,,grass,,18.474542725958752,54.47041808862534
,,grass,,18.47412423423302,54.47020921640417
,,grass,,18.48418237489784,54.4625640257233
,,,wood,18.55827539377636,54.492089186266746
Park Północny,park,,,18.562137165514265,54.45624650118339
,,,wood,18.48880969017512,54.45587951705818
Zarosłe Łąki,,meadow,,18.48085816425089,54.44914268653354
Końskie Łąki,,,wetland,18.474882213212126,54.44917774740924
,,forest,,18.527566910854905,54.48842811315852
,,forest,,18.4773157381043,54.6021149139665
,,forest,,18.48202676906669,54.59635282511749
,,forest,,18.479602170042433,54.59937576990933
,,,wood,18.47811051779015,54.59777701849716
,,forest,,18.47818222492266,54.59699214945877
,,forest,,18.476361559852965,54.59576875994366
,,,wood,18.471708058082832,54.596310954353704
,,,wood,18.47463415889909,54.5987560732531
,,forest,,18.523587854717036,54.59888649079631
,,forest,,18.53793360905093,54.577073285698965
,,forest,,18.523861922803842,54.595583525737645
,,forest,,18.523275969033357,54.59639827730703
,,forest,,18.55136721154065,54.560336546271564
,,forest,,18.522060343439904,54.58881089993885
,,forest,,18.51717889707332,54.59050338037644
,,forest,,18.511331130844045,54.58841064636743
,,forest,,18.505717200587693,54.59039157825729
,,forest,,18.51597848089553,54.59217415699619
,,forest,,18.556132992130284,54.5506918409598
,,forest,,18.508900212594938,54.574154444920865
,,forest,,18.500656743670586,54.55799006076509
,,forest,,18.49382137076958,54.558752567904286
,,forest,,18.493072374975327,54.55732684013969
,,forest,,18.491172410454283,54.55913242257009
,,forest,,18.487991130612215,54.55713834445485
Park Żelewskiego,park,,,18.413941559045163,54.564242033547124
,,forest,,18.480624656878803,54.58488735734295
,,forest,,18.47936772421261,54.58451459455217
,,forest,,18.410996066844916,54.491067906859655
,,forest,,18.432387752384162,54.48874467154884
,,forest,,18.435255927418467,54.48792620955904
,,forest,,18.438469499058296,54.48796725233895
,,,wood,18.43370058457507,54.487339484263586
,,forest,,18.43303709520728,54.4906382792814
,,forest,,18.4335590535074,54.48961037484851
,,forest,,18.420561202094845,54.49863944655407
,,forest,,18.42420760152854,54.49248005414554
,,forest,,18.436135829191045,54.48681883820056
,,forest,,18.43895266309788,54.4867561988134
,,forest,,18.441007876496542,54.48924411184146
,,forest,,18.443413339673874,54.48773047243925
,,forest,,18.437885006007456,54.492132099679715
,,forest,,18.441363889036698,54.496453235397325
,,forest,,18.415912905803214,54.50329638026971
,,,wood,18.407380513070606,54.50346880554418
,,forest,,18.411473445304182,54.50651750590201
,,forest,,18.416442491167327,54.48048113086269
,,forest,,18.4201582276474,54.47771605705834
Plac Wolnej Ukrainy,park,,,18.54744927382208,54.516589845440336
,,forest,,18.41434248319873,54.46083803829215
,,,wood,18.45296856672109,54.463984061680286
,,,wood,18.44873038105001,54.463603700696204
,,,wood,18.450404546376962,54.45204971604335
,,,wood,18.45408560311019,54.45660831688858
,,forest,,18.4347064857067,54.462227110162246
,,,wood,18.451118663876183,54.45329029136288
,,,wood,18.442619033111228,54.462400081134305
,,,wood,18.444365221864757,54.461300001136976
,,forest,,18.44212772945027,54.46507221707435
,,forest,,18.420793638174302,54.4572075370625
,,,wood,18.44448050882682,54.475670928274205
,,forest,,18.449887905300834,54.47274580771871
,,,wood,18.479992404567646,54.467912174793014
,,,wood,18.48180438862724,54.47038225758117
,,,wood,18.466393288683413,54.47101353844177
,,,wood,18.527923664001545,54.51218177999983
,,grass,,18.556445668604482,54.519007074739314
,,,wood,18.543398860133976,54.51505158300074
,,,wood,18.551023345944483,54.5114129194117
,,grass,,18.54499542212288,54.54410848345557
,,,grassland,18.43055236786659,54.55071535429214
,,grass,,18.408768491652637,54.563887139275536
,,,grassland,18.405468159824874,54.570582223988225
,,forest,,18.404000286732547,54.45069140018818
,,forest,,18.408130534696216,54.4508919740492
,,forest,,18.41129157643712,54.4513258297658
,,forest,,18.399909345566172,54.47995543054405
,,,wood,18.41370223363045,54.45384216404763
,,forest,,18.4130781364514,54.475611457436614
,,forest,,18.39999536113402,54.476524594666316
,,forest,,18.436378317475008,54.47558095017636
,,forest,,18.433979158280753,54.476814017068655
,,,wood,18.40357415949625,54.47861403253004
,,forest,,18.402737668657522,54.48162466554752
,,forest,,18.40191434143047,54.483313543725025
,,forest,,18.42359396922125,54.48449114131056
,,forest,,18.40097156918055,54.49343558590659
,,,wood,18.40366739721575,54.50210986406555
,,,wood,18.455564892518975,54.46186006330545
,,forest,,18.414091355854637,54.4685290775846
,,forest,,18.411367800044882,54.470407332203315
,,forest,,18.401185842273396,54.47283888444749
,,forest,,18.41799044782319,54.47246732742918
,,forest,,18.456406218789294,54.56924212960294
,,forest,,18.526129274063308,54.58918912856807
,,forest,,18.517260774107427,54.59866558653569
,,,wood,18.461472673265327,54.59862404004103
Park Wzgórze Augusty,,,wood,18.552456302342854,54.451878883315324
,,,wood,18.495946389660133,54.525365329242504
,,,wood,18.546772234540743,54.513781471898845
Park Marii i Lecha Kaczyńskich,park,,,18.54357607272017,54.51453993096166
,,,,18.541445550000002,54.49788124999999
,,forest,,18.51596423073873,54.58848757552463
,,,wood,18.559643854428508,54.48063449628673
Park Kolibki,park,,,18.557280191638753,54.47049493800974
,pitch,,,18.524387548049518,54.501269279350076
,park,,,18.50733582904635,54.492162954690656
Strzelnica golfowa,golf_course,,,18.550217029114503,54.47186847741177
,,,wood,18.51794111462136,54.47167933046391
,,forest,,18.5127257893127,54.47520951030802
,,forest,,18.470725014891897,54.46855923850726
,,,wood,18.46749994510727,54.46961844519436
,,,wood,18.502861773083588,54.52649082568084
,,,wood,18.489243971619644,54.46154197402667
,park,,,18.455476875127392,54.500728835333724
,,forest,,18.483819274160005,54.47219790080232
,,,wood,18.49278804331851,54.47157667126538
,,,wood,18.41980480411707,54.49219273854127
,,forest,,18.4396224200776,54.476712429146794
,,forest,,18.44012141462796,54.47336162171408
,,,wood,18.442911869553104,54.47152679596431
,,,wood,18.452306675181973,54.4742084542076
,,,,18.511729056202018,54.4978875869107
,,grass,,18.492993659133983,54.48701434315449
,,forest,,18.40068799708503,54.45964846630522
Cmentarz parafii św. Mikołaja,,cemetery,,18.478815603086566,54.52970046700055
Zespół Techniczny Komendy Portu Wojennego Gdynia,,military,,18.442254166681092,54.518501663862686
,,forest,,18.53835395213467,54.544498117889425
,,meadow,,18.44208465042572,54.56076721376146
,,meadow,,18.430464987765582,54.557689010179686
,,meadow,,18.436522633313086,54.55812938477536
,,,grassland,18.45573186100307,54.5373541181459
,,,grassland,18.42796546535872,54.49561929501963
,,forest,,18.426296630075758,54.468983332611614
,,forest,,18.425375410438182,54.468215871444215
,,,wood,18.44355978102562,54.459447481213694
,,,grassland,18.43933858392268,54.45949444444951
,,,grassland,18.548687231805083,54.47320160540786
,,,grassland,18.55336603404458,54.471046690378486
,,,grassland,18.500926618547705,54.462407495499946
,,,grassland,18.54668287041624,54.46596252449834
,,meadow,,18.486683560268308,54.4580325443397
,,grass,,18.48665492272918,54.460001307819496
,,grass,,18.48742705252476,54.46158895896632
,,,grassland,18.452029648025185,54.46056737975761
,,grass,,18.456137963088686,54.46076887035787
,,,grassland,18.443392186510614,54.455846636270955
,,,grassland,18.46486907758096,54.447417508734674
,,,grassland,18.453557858627352,54.45038792054558
,,forest,,18.45258663743891,54.49448474111538
,,,wood,18.453973905100533,54.49441111694147
,,grass,,18.447425254992837,54.47041526189903
,,,grassland,18.48802426505229,54.46361006136007
,,,grassland,18.483379604256974,54.46257029002741
,,,wood,18.458199501365108,54.45533482921206
,,forest,,18.461412237854034,54.45597208603346
,park,,,18.535625209924905,54.514832425814
,,,wood,18.49036368080886,54.525807634844874
,,,wood,18.483384224582704,54.528141597701854
,,,grassland,18.471122492859084,54.53694960456826
,,,grassland,18.47182772145591,54.537990105993686
,,,wood,18.45806440467258,54.52672612837974
,,,wood,18.46071408790798,54.52375316561259
,,,wood,18.46302779449273,54.52409924958936
,,,wood,18.456224558553885,54.5356895826196
,,grass,,18.446775993676443,54.532751296605134
,,,scrub,18.422224388839822,54.56910542378314
,,residential,,18.441301531525276,54.530868675863
,,,wood,18.544205235500563,54.514577468069824
,,,grassland,18.487243275533167,54.5395534513551
,,,grassland,18.48415559232101,54.54432368369203
,,,grassland,18.4702893705501,54.55607916926341
,,forest,,18.494152119473096,54.553972362719705
,,meadow,,18.464782104083135,54.55818438682649
,,meadow,,18.473764587863176,54.564662850487665
,,grass,,18.47632394819287,54.56822422586924
,,grass,,18.485273980433664,54.5578477428637
,,,grassland,18.477456462107945,54.56250475881045
,,grass,,18.46947999475084,54.56929668828705
,,meadow,,18.454626375849056,54.558295556307534
,,meadow,,18.546596626374654,54.571426794204115
,,meadow,,18.539345462239478,54.57362182768745
,,,grassland,18.543392499913384,54.574740458652485
,,forest,,18.446718146417396,54.46384341011649
,,forest,,18.453973905100533,54.49441111694147
,,forest,,18.40418734632726,54.467908138365885
,,,wood,18.4528991515477,54.49547642757353
,,,grassland,18.452031076895878,54.495511113691734
,,,wood,18.544371822380693,54.50617071386367
,,,grassland,18.54138666905839,54.5755103746756
,,greenfield,grassland,18.54533697586995,54.554594185587284
,,meadow,,18.446515549178002,54.49727606603661
,,grass,,18.42428864950263,54.502075258156964
,,,grassland,18.41259085858478,54.4998172511814
,,grass,,18.4012118794619,54.50169358431017
,,grass,,18.403338041114576,54.50377525318879
,,,grassland,18.411000478633667,54.48544283299052
,,,grassland,18.41253305377005,54.48217832772457
,,,grassland,18.403742049227308,54.48531909987207
,,,grassland,18.46289869286427,54.497407503975026
,,grass,,18.458956035411326,54.49807312835083
,,,grassland,18.435117740105166,54.48530611136576
,,,grassland,18.440382343439634,54.48276376669519
,,,wood,18.43074890304742,54.48324961191206
,,,grassland,18.440138453141614,54.48762433151109
,,,grassland,18.444449923317098,54.48911530651319
,,,grassland,18.440341838834122,54.48968170593101
,,,wood,18.436944566204215,54.48725532574518
,,,wood,18.43608985716736,54.49042742317059
,,,wood,18.43500951456662,54.488559056526775
,,,wood,18.42733858474427,54.49129889500825
,,grass,,18.428041359038666,54.49205617553317
,,,wood,18.426055408841492,54.49494672227928
,,,grassland,18.433063934720437,54.48798624993736
,,,grassland,18.439447581900232,54.4883702276818
,,,grassland,18.40835345349186,54.497896797552215
,,,grassland,18.396883372906785,54.49481366390652
,,,grassland,18.408600200763253,54.50903935954566
,,grass,,18.404984403013014,54.50486263669711
,,,grassland,18.44295004445323,54.490156795365266
,,,grassland,18.43853410899661,54.490303056822505
,,,grassland,18.431420050790166,54.48977573714021
,,,wood,18.409826554453574,54.504211321751576
,,,grassland,18.3992573825349,54.506763616109914
,,grass,,18.418038886267084,54.484948957001
,,grass,,18.400512633894913,54.48680418522928
,,,grassland,18.44930361261869,54.46218742665341
,,grass,,18.440015382776163,54.46407864847769
,,,grassland,18.442036131153134,54.470406858440576
,,,grassland,18.447509255639076,54.452972343890785
,,military,,18.4432216015832,54.58071131449122
,,,grassland,18.405506387983575,54.556566023075426
,,,wood,18.433369751778578,54.581062580060674
,,,wood,18.425735553489265,54.57806343772357
,,,wood,18.431254539864483,54.582455237046766
,,grass,,18.481810518333614,54.527993021509886
,,grass,,18.480857825072587,54.526956965218986
,,,wood,18.402816768844808,54.53604888859515
,,,wood,18.397790940182745,54.535538209584736
,,,wood,18.428039756378453,54.49483024069594
,,grass,,18.419420467143542,54.52310008601748
,,,wood,18.4063640086354,54.50456758647505
,,,wood,18.404739173143263,54.50654500437462
,,forest,,18.434180241992458,54.468055506289204
były cmentarz osadników,,cemetery,,18.43475051540636,54.47025903204997
,,grass,,18.436265636612593,54.46947325653261
,,grass,,18.4347587579462,54.46944325414008
,,forest,,18.42901579494979,54.46934460381269
,,forest,,18.426158964889417,54.46651174799321
,,forest,,18.40251452557139,54.477207669323334
,,forest,,18.414705454710454,54.47234525345545
,,forest,,18.42707312200984,54.469449339988834
,,grass,,18.4547610471864,54.54123291068462
,,grass,,18.43366449704117,54.55354226193392
,playground,,,18.454871941318988,54.545384274182325
,,grass,,18.45175213000499,54.53724580074658
,,grass,,18.433891292022224,54.54023272780545
,,grass,,18.43440483856462,54.53771538102307
,,grass,,18.451905818132673,54.54625179692488
,,grass,,18.452193980579505,54.54523767369461
,,grass,,18.449489424820403,54.545148437730035
,,grass,,18.46291369561774,54.538413252080915
,,grass,,18.44980248275748,54.54672933833523
,,meadow,,18.415285038650307,54.536240164083694
,,grass,,18.456649291034424,54.54491332533665
,,grass,,18.453808089206344,54.538733556893305
,,grass,,18.454099126953302,54.53634983705834
,garden,,,18.4729899443512,54.53889949171503
,,,wood,18.47355335263979,54.53868949201947
,,,wood,18.464809925193137,54.53881218265593
,,grass,,18.451796048396254,54.54447805869145
,,,wood,18.441161969052484,54.538071258258576
,,,wood,18.46144714948718,54.5375656797038
,,grass,,18.454052242126288,54.54426204718995
,,grass,,18.4604354351878,54.540679707860264
,,grass,,18.45405466209531,54.54603906438702
,,grass,,18.453769700923075,54.54535982463697
,,,grassland,18.46081692108357,54.54700584782729
,,,grassland,18.545804871636793,54.48593800890812
Staw Młyński,,,water,18.557456447599314,54.45459148309292
,,greenfield,grassland,18.53263006982925,54.50735414895501
,,grass,,18.521763003428838,54.59970365192563
,,,wood,18.50648048534825,54.59601384069123
,,grass,,18.557400451987228,54.5027454864361
Leśny Ogród Botaniczny Marszewo - część ogrodzona,garden,,,18.41657859978988,54.51928850117675
,,,scrub,18.40124616565375,54.529044583026824
,,,scrub,18.4201314034928,54.51572645133036
,,,scrub,18.400010734527665,54.510299429873385
,,,scrub,18.410995546780487,54.51534051471091
,,,wood,18.41655239800827,54.52027384966171
,,,scrub,18.402136222378864,54.529978437859256
,,,scrub,18.410964094647234,54.5166396697624
,,,scrub,18.437272467845087,54.527901958667556
,,,scrub,18.41029316722519,54.51441317480741
,,,scrub,18.411849837459858,54.51693589604572
,,,scrub,18.41120345040356,54.51242955844079
,,,scrub,18.40079474237854,54.529892617224725
,,,wood,18.415353362088876,54.51996764103593
,,,scrub,18.42728730030152,54.52231182041894
,,,scrub,18.408808796205264,54.51487044273269
,,meadow,,18.42849205379328,54.570061238725685
,,forest,,18.471807697165236,54.45687533751816
,,,wood,18.549037532110376,54.46137571430803
,,,wood,18.543522525760928,54.453493105929844
,park,,,18.548762206994827,54.45527563273188
,,forest,,18.40245483165516,54.475606581857846
,,grass,,18.487824038987466,54.4677362919322
,,grass,,18.485648367700882,54.46818960459213
,,grass,,18.485112675150866,54.46547026000751
,,grass,,18.483774299547697,54.465720648006794
,,grass,,18.485821296209455,54.46627007278578
,,grass,,18.48581113170562,54.466140475401765
,,grass,,18.48563877539247,54.465966423095665
,,grass,,18.485226830756996,54.46799730709719
,,grass,,18.487179530293965,54.4669325967516
,,grass,,18.48408717915401,54.464908027242416
,,grass,,18.484261126054975,54.46493787766074
,,grass,,18.485478,54.465072049999996
,,grass,,18.485562694555394,54.465832206174824
,,grass,,18.488612321222327,54.466572442191314
,,grass,,18.486721171622467,54.46631906219684
,,,grassland,18.49307435297865,54.46961424690783
,,grass,,18.564054258476304,54.48058568841198
,,grass,,18.564004004362378,54.480311396120655
,,grass,,18.564066100857655,54.48074001254321
,,grass,,18.564067288917364,54.48086211162339
,,grass,,18.564036376903598,54.48043124263054
,,grass,,18.489514984312205,54.47111555417981
,,grass,,18.48841479090902,54.47113655482001
,,grass,,18.487480452829384,54.47114352686729
Łęg nad Swelinią,nature_reserve,,,18.533847549468906,54.46174523667583
,,grass,,18.536269793872513,54.5165627744322
,,grass,,18.538383561014,54.51562386513213
,,grass,,18.538135761589682,54.514384016569515
,,grass,,18.537564007441063,54.51486569199267
,,grass,,18.538437799999997,54.5147571
,,grass,,18.5378705,54.516225000000006
,,grass,,18.537761877834544,54.51130462090168
,,grass,,18.537791977135345,54.51150741124938
,,grass,,18.538291119495128,54.51402421888694
,,grass,,18.53780473716553,54.512768008058096
,,grass,,18.538552780636767,54.51527368158639
,,grass,,18.536635899999993,54.5164521
,,grass,,18.537857312459984,54.511888854541255
,,grass,,18.537758295509068,54.51139395870538
,,grass,,18.537896500556172,54.51445110975144
,,grass,,18.537476570143323,54.51502062536523
,,grass,,18.486252555675403,54.46686679821452
,,grass,,18.48891850374841,54.46616033922016
,,,wood,18.411135276677495,54.504765123869774
,,grass,,18.475193917644265,54.473787517522005
,,grass,,18.49619235309263,54.47173271410841
,,grass,,18.46164494086134,54.49851141882239
,,grass,,18.46236835917855,54.49834608033341
,,grass,,18.55554398791453,54.518658153504134
,,grass,,18.55330500304805,54.51891392368416
,,grass,,18.550756973207612,54.519037864774965
,,grass,,18.551954989533115,54.51898219770128
,,grass,,18.554497270152623,54.518859868290924
,,grass,,18.55072079972526,54.51888618992201
,,grass,,18.551909494199823,54.518830052661016
,,grass,,18.553263482909895,54.518763808301266
,,grass,,18.554452127860973,54.518707660692804
,,grass,,18.555692832530834,54.51880310740421
,,grass,,18.549988909680277,54.51931995347456
,,grass,,18.55214682960089,54.51921793533213
,,grass,,18.5516973233274,54.51922808124707
,,grass,,18.5527519127176,54.51918967851642
,,grass,,18.556148550045855,54.518368613052495
,,grass,,18.554079076325863,54.519126323828075
,,grass,,18.550848708680594,54.51926817643176
,,grass,,18.55918196487211,54.51859487365304
,,grass,,18.558877534732005,54.51890142621967
,,grass,,18.559316017352025,54.51887889120688
,,grass,,18.559216865023693,54.51827552385759
,,grass,,18.556502710887674,54.518291502595964
,,grass,,18.55849151539383,54.51892227355312
,,grass,,18.558435907133006,54.51849992483159
,,grass,,18.558800661935745,54.51848328883359
,,grass,,18.558633061962265,54.51866572679399
,,grass,,18.550247612305643,54.51752053028924
,,grass,,18.55047286156329,54.51811719455753
,,grass,,18.55001904691038,54.517559377825286
,,grass,,18.550059917163246,54.51679188622994
,,grass,,18.549732950000003,54.51683665000001
,,grass,,18.54613658896574,54.51902000574131
,,grass,,18.545245362605126,54.5193885780364
,,grass,,18.54617303933645,54.51933563140828
,,grass,,18.54519683272889,54.51906943259737
,,grass,,18.54533106189314,54.51950635041812
,,grass,,18.54612218423383,54.51945963536058
,,grass,,18.545772842386366,54.5189247040016
,,grass,,18.54790232946101,54.518934790254704
,,grass,,18.547124473958537,54.51899555418609
,,grass,,18.54709640035355,54.5192755616432
,,grass,,18.54785563711996,54.51925621984824
,,grass,,18.549204585017964,54.51888848133073
,,grass,,18.549249962707393,54.51916986053747
,,grass,,18.54943282388133,54.51947033021968
,,grass,,18.54994397656668,54.52011679484964
,,grass,,18.55000423588434,54.51974576945207
,,grass,,18.54992525,54.520232
,,grass,,18.54998201330461,54.51988261838478
,,grass,,18.549963260126205,54.51999802847089
,,grass,,18.549777124748083,54.51947729615835
,,grass,,18.542834696987097,54.51952268709519
,,grass,,18.543839777905905,54.519429128373886
,,grass,,18.54323202315517,54.519467236106465
,,grass,,18.555374067010206,54.50618134144308
,,grass,,18.556148774554803,54.50573305203674
,,grass,,18.493483529500352,54.53410490366661
,,grass,,18.487627953118704,54.533202427875565
,,grass,,18.490095829310494,54.53259672395515
,,grass,,18.48920242102811,54.532753404516264
,,grass,,18.488277314004968,54.53297137539806
,,grass,,18.492226632901332,54.53325276075564
,,,,18.561333323205588,54.47664759442996
,,,,18.560851889631653,54.476617642426035
,,grass,,18.561708155346675,54.47673910808572
,,grass,,18.561561817465016,54.476729174377866
,,grass,,18.56116377363122,54.476606325217354
,,grass,,18.56115046040569,54.47666345839612
,,grass,,18.561104608103488,54.47663311226138
,,grass,,18.56164942796404,54.47666126068576
,,grass,,18.56158520285747,54.47658728008644
,,grass,,18.56173807312336,54.47659530116744
,,grass,,18.563551339213763,54.47927758801349
,,grass,,18.56309194011124,54.479333015649345
,,grass,,18.56296304505418,54.47883360597218
,,grass,,18.562987428551903,54.47839888692144
,,grass,,18.56247769496912,54.477318828064625
,,grass,,18.562821989969457,54.477891431151164
,,grass,,18.562308845943967,54.47761523006246
,,grass,,18.562866166666666,54.477544699999996
,,grass,,18.563253502373794,54.47852252423267
,,grass,,18.562368591831813,54.47753695377724
,,grass,,18.560919202463545,54.478313707686496
,,grass,,18.561650018468473,54.47844323607316
,,grass,,18.561266353470238,54.47840903404756
,,grass,,18.48872432824297,54.466088030199366
,,grass,,18.488600434794176,54.46615741128808
,,grass,,18.4535782836274,54.45553378607832
,,grass,,18.53047722764029,54.52176624186248
,garden,,,18.53084971925834,54.521945944919075
,,grass,,18.530835614680456,54.521683645418065
,park,,,18.533016496545454,54.511719610262375
,park,grass,,18.509930846188862,54.49766130450591
,,grass,,18.43753663313753,54.499348669694044
,,grass,,18.530354517988734,54.52712574379595
,,grass,,18.518830358437338,54.52688144561279
,,grass,,18.517924267511155,54.52793003397534
,,grass,,18.528033616606507,54.52679061563249
,,grass,,18.519195366666665,54.52703449999999
,,grass,,18.518385294944217,54.52727593562808
,,grass,,18.5195516251153,54.52692297553307
,,grass,,18.52014417850176,54.526974600664914
,,grass,,18.519195367347862,54.52692731066005
,,grass,,18.519293944313965,54.52636423389069
,,grass,,18.51864168804079,54.52713010890377
,,grass,,18.517790251734546,54.52762610399694
,,grass,,18.518976686751152,54.52656321470227
,,grass,,18.52433205132363,54.526676430238496
,,grass,,18.523267021390122,54.52673537068005
Park Urszulanek,,,wood,18.52705264842286,54.51378554621622
,,,wood,18.4071548063508,54.48415591080447
,,,wood,18.399501812778603,54.48560199263106
,,,grassland,18.457908830608353,54.45139620000731
,,grass,,18.537309624617613,54.456682111646735
,,,grassland,18.43173655479944,54.46455755245899
,,meadow,,18.428914026908107,54.46465631377289
,,,grassland,18.43549671164476,54.45435364563801
,,grass,,18.543135705464277,54.51922149765025
,,grass,,18.542699460037174,54.519190070743704
,,grass,,18.543114810523406,54.51913241520523
,,grass,,18.543965862859565,54.5191817680366
,,grass,,18.543947790437162,54.51908857595983
Park Rady Europy,park,,,18.54677201927265,54.51781702891485
,,grass,,18.547967765435356,54.51661452341205
,,grass,,18.554517538488845,54.517989526021005
,,grass,,18.54523162909354,54.51727869403416
,,grass,,18.553577555774442,54.51840901483097
,,grass,,18.545361979154684,54.51846755443427
,,grass,,18.544488526288898,54.51815888195434
,,grass,,18.54510673704432,54.51804494063573
,,grass,,18.546721706336424,54.51620022629368
,,grass,,18.544892215441422,54.518231816097654
,,grass,,18.5451888010369,54.517671625420945
,garden,,,18.546466247840815,54.51638240122934
,,grass,,18.544759410286233,54.51879959423308
,,grass,,18.538732465593558,54.49671648114285
,,grass,,18.54089628784878,54.49703916348161
,,grass,,18.50678187880161,54.52902128800143
,,grass,grass,18.49722241579352,54.53296507274803
,,grass,,18.504810521884156,54.5301103996291
,,grass,,18.540053019732692,54.49706011254188
,,grass,,18.539316024452003,54.49702209959226
,,grass,,18.506201360755732,54.52868141923596
,,grass,,18.50450676334964,54.53019329680234
,park,,,18.539636840317062,54.49576852019732
,,grass,,18.50933455937049,54.52789438833613
,,grass,,18.510534547255,54.52748665701564
,,grass,,18.512342342911676,54.526706446979134
,,grass,,18.512375229683975,54.526769221563995
,,meadow,,18.447575715639417,54.49181181802948
,,grass,,18.440990613388156,54.495271494687515
,,,grassland,18.439485252707406,54.49601729747337
,,,grassland,18.438202636483783,54.495376030823024
,,,grassland,18.4329179014626,54.49132030283655
,,grass,,18.536381199999997,54.50641086666668
,,grass,,18.51628428701737,54.474789682241465
,,grass,,18.51522336451701,54.47416232604022
Pod Żaglami,,,,18.5143740291633,54.496278963994705
,,grass,,18.485581122042035,54.468623264929406
,,grass,,18.485110770000087,54.468199278549314
,,grass,,18.485069096156707,54.468398492778114
,,grass,,18.48513716982687,54.46827417214392
,,grass,,18.484549796769898,54.46845333857955
,,grass,,18.486392585081862,54.46916007604672
,,grass,,18.485689170069985,54.46934975714414
,,grass,,18.4837790912834,54.4690565628683
,,grass,,18.488905039334515,54.470566479005846
,,,wood,18.439445455399873,54.4777329772321
,,,wood,18.440810018155315,54.47880373102683
,,,wood,18.43929511529671,54.478268167156784
,,grass,,18.471768195043484,54.47146132080723
,,grass,,18.47174265824363,54.47103969728856
,,meadow,,18.481270084404223,54.45306658096148
,,,grassland,18.4803219143527,54.453457674062705
,,grass,,18.481317930535006,54.45419550157
,,grass,,18.484197963631782,54.4551448851579
,,grass,,18.48470182938279,54.454475339357025
,,grass,,18.485022228743407,54.45481263225541
,,grass,,18.482877245635855,54.454720248206996
,,grass,,18.481554702877094,54.455048780549255
,,meadow,,18.484465894551256,54.45629349882128
,,grass,,18.485398438569142,54.45478788601371
,,meadow,,18.486779516078656,54.45552220151081
,,grass,,18.48526909697321,54.45528836792764
,,grass,,18.483711495580774,54.45667682220635
,,grass,,18.48465192942729,54.457000008602705
,,meadow,,18.48798111559303,54.4579313145651
,,grass,,18.48444171765862,54.45558357984364
,,grass,,18.484123348476444,54.46197619948754
,,grass,,18.484696606999442,54.462104910866294
,,,grassland,18.485142975340864,54.460487656159515
,,grass,,18.48519775901585,54.45822075725405
,,grass,,18.485106641680886,54.458818847479925
,,grass,,18.48514668585881,54.45904463717827
,,grass,,18.48490508231274,54.45815145620822
,,grass,,18.485179259020985,54.45927934850177
,,grass,,18.485335423080667,54.458366845697405
,,grass,,18.48502870954129,54.459469261117476
,,grass,,18.485414822717015,54.45851568664234
,,grass,,18.484878622220823,54.45855638760654
,,grass,,18.485340317140242,54.46059329388116
,,grass,,18.485558223694937,54.4602630664493
,,grass,,18.48540437026748,54.46006790877522
,,grass,,18.48594159192202,54.46013046695247
,,grass,,18.48487181435155,54.46021944396658
,,,grassland,18.492124926663983,54.45867266345815
,,grass,,18.447925689591575,54.476296281519964
,,,grassland,18.44437700881723,54.47509026727938
,,,grassland,18.443211167018564,54.47702557112989
,,,wood,18.438293873691478,54.475272517784205
,,meadow,,18.439595189006532,54.47850522396991
,,grass,,18.44035870621547,54.4764346426937
,,grass,,18.438029484516164,54.47669651460765
,,meadow,,18.439105548236544,54.47798391933884
,,meadow,,18.437935453524357,54.47709873212263
,,grass,,18.4287076843063,54.475560503571074
,,grass,,18.42931427810368,54.47591056290825
,,meadow,,18.430285404399612,54.475914757168894
,,,grassland,18.431482867464414,54.47696568754721
,,meadow,,18.427569199457437,54.47534471046606
,,grass,,18.428478952603385,54.47600504024064
,,grass,,18.429386592592788,54.47554538243192
,,meadow,,18.43005326440421,54.47701470217123
,,,wood,18.435777852053544,54.476868087663334
,,meadow,,18.428647585702066,54.477312773286826
,,meadow,,18.424580032948626,54.477244260722344
,,meadow,,18.4234588933256,54.477000415734636
,,,grassland,18.43252803184738,54.477719628078994
,,,wood,18.42358371596658,54.47644135466617
,,grass,,18.532223495826244,54.49923742652437
,,grass,,18.53141593752552,54.499548246602046
,,grass,,18.530840530079864,54.498072936226706
,,grass,,18.531720539924198,54.49957132264177
,,grass,,18.530017914395184,54.498881088190025
,,grass,,18.53211476088843,54.498454833624024
,,grass,,18.53203558637569,54.499527505823096
,,grass,,18.530321709466666,54.497034915470046
,,grass,,18.5318268188249,54.4986052203097
,,grass,,18.531879487929082,54.49904351639859
,,grass,,18.531356148168257,54.49937099580647
,,grass,,18.53063049740364,54.49915575834261
,,grass,,18.53099702760886,54.49851494030363
,,grass,,18.532211423116607,54.50182230738622
,,grass,,18.53078975124672,54.5018657973546
,,grass,,18.531016950000005,54.5007242
,,grass,,18.53132091420868,54.5011519249077
,,grass,,18.531075650000002,54.50112675
,,grass,,18.531486800000003,54.50096525
,,grass,,18.5317933,54.50137515
,,grass,,18.531769374471775,54.50117484534934
,,grass,,18.53174785,54.500912549999995
,,grass,,18.531553700000003,54.50086510000001
,,grass,,18.531706925337307,54.500556254736445
,,grass,,18.5315948,54.500157650000006
,,grass,,18.5317578,54.50105585
,,grass,,18.531035389282938,54.50089973034841
,,grass,,18.531600728953155,54.502015386348724
,,grass,,18.53182315368634,54.50178845937234
,,grass,,18.531453424271852,54.50193916212164
,,grass,,18.532230068122296,54.50040741388708
,,grass,,18.534028380564532,54.49361417365713
,,grass,,18.534448942665342,54.49502955825803
,,grass,,18.533726389153603,54.495032553357476
,,grass,,18.533353336794427,54.494511947718614
,,grass,,18.533225483414057,54.494084000905396
,,grass,,18.53317295944944,54.49380465196897
,,grass,,18.53488980719414,54.49639500205306
,,grass,,18.535091530616306,54.491476602690476
,,meadow,,18.430484036044458,54.475042909846756
,,,wood,18.424293433202106,54.464325562045225
,,,grassland,18.43086930956228,54.47496414391081
,,,grassland,18.441256636359252,54.462508985869405
,,,grassland,18.44109817646148,54.45914144365586
,,grass,,18.455983770106016,54.45703620472461
,,meadow,,18.447560134607638,54.45252215623907
,garden,,,18.433053197257518,54.49932988953526
,,,grassland,18.431822440196626,54.497374597940585
,,,grassland,18.425048415354183,54.50354790556596
,,,grassland,18.424290523204274,54.499827865441084
,,meadow,,18.420889362961823,54.50449432636598
,,meadow,,18.419646130749676,54.50387440149472
,,,grassland,18.418577534165752,54.50471464519862
,,meadow,,18.422282083811265,54.503667866231204
,,meadow,,18.412170412358687,54.50788519863719
,,,grassland,18.407562123732376,54.508784930434956
,,,grassland,18.414264722157075,54.50676626232087
,,,grassland,18.42080340746377,54.50324099537264
,,,grassland,18.41748415233384,54.505200754692986
,,grass,,18.404154594489682,54.50693924784957
,,grass,,18.404410542272153,54.508219790943215
,,,grassland,18.406317967944496,54.508396811993855
,,,grassland,18.404998719559995,54.50686742560552
,,,grassland,18.40476587673082,54.50838046245537
,,,grassland,18.404780746141043,54.507760154749825
,,,grassland,18.402947442215257,54.506289801074175
,,,wood,18.54305029956882,54.54967584109667
,,,grassland,18.542342377705932,54.54994120980943
,,grass,,18.534908508776706,54.54332314928899
,,grass,,18.533874447532536,54.543043815004275
,,grass,,18.534342349929272,54.542998698971516
,,grass,,18.534611996678,54.543511251085214
,,,wood,18.532390412868104,54.54347376439141
,park,,,18.538293288686855,54.48379240493124
,,grass,,18.541549742389208,54.531041591619555
,,grass,,18.53160019889836,54.543716514457
,,grass,,18.531471414254337,54.54386527787929
,,grass,,18.53163448360014,54.54401414059309
,,,wood,18.53122029534443,54.543882843252284
,,grass,,18.480192164120773,54.53562106550118
,,grass,,18.479408535587662,54.53593474315259
,,grass,,18.47871751312604,54.53629860650247
,,grass,,18.479880020881858,54.53574004968253
,,grass,,18.47542117989735,54.53710723903843
,,grass,,18.478860866666665,54.5362349
,,grass,,18.47876586093331,54.53603755367653
,,grass,,18.480878426671502,54.535302393845456
,,grass,,18.54790496497395,54.54293917245852
,,grass,,18.521792551068298,54.52914859202077
,,grass,,18.5167162953297,54.54848549120232
,,grass,,18.53937280119524,54.55012283793889
,,grass,,18.53927351686227,54.54973850234095
,,,wood,18.524011811069727,54.54874110780752
,,,wood,18.529491672956855,54.54909408029567
,,,grassland,18.525583043376745,54.54641427908252
,,forest,,18.548770910773825,54.54549070091337
,,forest,,18.545051202410463,54.545454296266364
,,,wood,18.447984163488172,54.46098304236819
,,grass,,18.51338539144047,54.46259331949277
,,construction,,18.511677024006588,54.46446932563139
,,,wood,18.527361827437044,54.551608964338584
,,,wood,18.520638408841908,54.551937153482214
,,,wood,18.52653636425505,54.552215811715634
,,,wood,18.52237766653199,54.55236638707104
,,,wood,18.526398825152246,54.55245305459603
,,,grassland,18.442716616832463,54.46689007858641
,,,wood,18.552026478033767,54.547290753418466
,,,wood,18.524547879930097,54.517866392816096
,,grass,,18.507487670876568,54.562731870849255
,,grass,,18.50933890521826,54.561111616605174
,,grass,,18.509104776276658,54.56194176332852
,,,grassland,18.546850359996935,54.570147839571966
,,,grassland,18.547464027271808,54.57021761729604
,,,wood,18.433454395429912,54.456941276722
,,,wood,18.51762062408363,54.55431883629876
,,,wood,18.511190655283915,54.55414501696962
,,,wood,18.517907738606677,54.55489788557923
,,,wood,18.51811582987034,54.55426257298548
,,,wood,18.51864693747056,54.55353030272407
,,grass,,18.52337564083654,54.544331123768785
,,grass,,18.52388517677541,54.54389372323891
,,grass,,18.53574345503059,54.54198004076599
,,meadow,grassland,18.433951453705948,54.453893168819754
,,,grassland,18.432455314955188,54.45405409942419
,,grass,,18.50997313907564,54.469121083433464
,,grass,,18.531014143683105,54.54337388182986
,,grass,,18.535081868361104,54.54330092311934
,,grass,,18.531595783182382,54.543593340562666
,,grass,,18.535058381695592,54.543179460319486
,,grass,,18.53413987882616,54.54355890200426
,,grass,,18.534098269151855,54.54411990845037
,,grass,,18.531916397059856,54.54360102248566
,,grass,,18.530997342255723,54.54354963421262
,,grass,,18.534966303471094,54.54354018594974
,,grass,,18.53119352005547,54.54358416963044
,,grass,,18.53177200897292,54.543376868704016
,,,wood,18.535358294778103,54.544163621890796
,,,wood,18.534511107025608,54.54372708894193
,,grass,,18.538759016342805,54.54307024621686
,,grass,,18.538468950106584,54.54297813857865
,,grass,,18.527828847624743,54.543810459701916
,,grass,,18.538582521915576,54.542785961383515
,,grass,,18.538820007704167,54.54286489250521
,,grass,,18.53429494314926,54.5427319806628
,,grass,,18.51307738265205,54.469820167251314
,,grass,,18.512486239254756,54.46987216069398
,,grass,,18.513865270854883,54.46974775728816
,,grass,,18.513472150819382,54.46978603114881
,,grass,,18.514217060785256,54.46973376926814
,,grass,,18.507952525642256,54.46897479112215
,,grass,,18.508822765025634,54.468897193949466
,,grass,,18.43064615235804,54.49335062934796
,,grass,,18.45573907087811,54.54321229622185
,,,grassland,18.516810074844567,54.48368803152914
,,,wood,18.468387059382326,54.596139742331125
Park Admirała Floty Andrzeja Karwety,park,,,18.54700556073942,54.54256890585874
,,,wood,18.540233073971798,54.54931088313825
,,,grassland,18.461667386197604,54.47698544656706
,,grass,,18.539939596111036,54.550222148874596
Skwer ks. Józefa Mowińskiego,park,,,18.508428380750722,54.494334289668515
,,grass,,18.5123378396404,54.49218560954651
,,grass,,18.509680606884082,54.49436604747794
,,grass,,18.50942038842906,54.49431436066109
,,grass,,18.50949455,54.494496
,,grass,,18.533749511813365,54.543658926954
,,grass,,18.532673210100896,54.543584905077
,,grass,,18.533377729519966,54.54357442378278
,,grass,,18.53214455931457,54.543593445782626
,,grass,,18.514119838622754,54.496398164172085
,,grass,,18.519531521949062,54.501091672358804
,,farmland,,18.439653847641278,54.5306973025835
,,grass,,18.508621724019658,54.4988503601443
,,forest,,18.50745093670134,54.49402252537692
,,grass,,18.509125143888024,54.49598388911149
,,grass,,18.507553714838707,54.49840264608985
,,grass,,18.50781139749321,54.498239999045886
,,grass,,18.507783630005065,54.495184534945125
,,forest,,18.508373337642475,54.49620841807277
,,grass,,18.510685771538608,54.49837855782338
,,grass,,18.51030716989319,54.49803710579058
,,grass,,18.510169531297215,54.498097960392485
,,grass,,18.53066896238188,54.52222276134235
,,grass,,18.538779899999994,54.55020419999999
,,grass,,18.539561855969623,54.54963137658764
,,grass,,18.53951850207886,54.549738813842616
,,grass,,18.543189671760267,54.54285136469811
,,grass,,18.543472833333336,54.542804966666665
,,grass,,18.542969733333333,54.54278450000001
,,grass,,18.53696962375812,54.55047418585682
,,grass,,18.5359659,54.55082610000001
,,grass,,18.52537451798332,54.54960819656353
,,grass,,18.525098470002856,54.549603994131765
,,grass,,18.525645898478345,54.54961795332935
,,grass,,18.524215676663704,54.5493393210563
,,grass,,18.52590258326616,54.549623260032504
,,grass,,18.526125886537713,54.54967045492077
,,grass,,18.524668104247827,54.549584364025634
,,grass,,18.54350551839178,54.54291644694934
,,grass,,18.536982930393577,54.55059347007581
,,,scrub,18.431095811490437,54.537213801266375
,,,scrub,18.419658038823354,54.54616076123285
,,,scrub,18.420991903872075,54.54706890285484
,,,scrub,18.426602828291625,54.540065698814665
,,,scrub,18.422250031256983,54.54191143903644
,,,scrub,18.426130513816602,54.54422243789318
,,,scrub,18.42905120620336,54.5402038986106
,,,scrub,18.398436580951333,54.54134847472288
,,,scrub,18.4206558652897,54.54258182376271
,,,wood,18.41686122787021,54.51876246793653
,,,wood,18.45832161483792,54.52295937145221
,,,scrub,18.467532239692733,54.52871506889227
,,,scrub,18.46169873349881,54.48238258499978
,,,scrub,18.459614371932098,54.5312659243199
,,,scrub,18.461545112440685,54.532255067434605
,,,scrub,18.46047034227097,54.53179429587036
,,grass,,18.453729048386343,54.54035928673028
,,grass,,18.453453522244036,54.5387194705043
,,,scrub,18.469747472105276,54.52678397246209
Park kieszonkowy,park,,,18.538993897674924,54.51346917113286
,,grass,,18.53866013463103,54.51701709341943
,,grass,,18.501684290142325,54.46973587111047
,,grass,,18.505408261367048,54.46985453643373
,,grass,,18.50079848985911,54.46987935720216
,,grass,,18.501180224822683,54.470480703760536
,,grass,,18.511717447991273,54.47055451432304
,,grass,,18.513397012520592,54.473120840826006
,,grass,,18.513268496109283,54.47279912540221
,,grass,,18.512565570967656,54.472037072823376
,,grass,,18.530986723449058,54.48138553385604
,,grass,,18.42966207051166,54.46971676161154
,,,grassland,18.43903137699491,54.481355515625275
,,grass,,18.536679326635237,54.518441701778215
Rezerwat Cisowa,nature_reserve,,,18.41120467066619,54.532737255874615
Rezerwat Kacze Łęgi,nature_reserve,,,18.496182109181298,54.488859952566514
Rezerwat Kępa Redłowska,nature_reserve,,,18.561226571996055,54.490613390803475
Skwer Janusza Kusocińskiego,,grass,,18.564478012219524,54.451424808196634
,,,wood,18.41292040055048,54.493340137037684
,,,wood,18.517105995361653,54.469031714518216
,,grass,,18.541963611424528,54.51910791859422
,,,grassland,18.534185215430647,54.488886181933125
,,,grassland,18.485777477240504,54.47450334968384
,,grass,,18.483520493193485,54.46490761970382
,,,wood,18.469711503523605,54.59586071981552
Skwer Arki Gdynia,park,,,18.553761460170044,54.507182502646394
,,grass,,18.46620715361749,54.560465584623856
,,grass,,18.453750686830766,54.54271083759655
,,,grassland,18.54142168769604,54.51281513327003
,,grass,,18.54169392782715,54.51359924007238
,,,scrub,18.54336259858374,54.51434366285886
,,grass,,18.541691488065926,54.515203119101216
,,grass,,18.539229741818776,54.51588975371041
,,grass,,18.54015058470011,54.51582527082994
,,grass,,18.54123430717739,54.51528720376202
,,grass,,18.538824364329926,54.514467924025816
,,grass,,18.541463497224655,54.51561616693891
,,grass,,18.534163322631805,54.509486807096074
,,,grassland,18.533563403409705,54.509773274929394
,,grass,,18.539003364599473,54.51001802810228
,,grass,,18.53616668957908,54.50978014844894
,,grass,,18.539262721653483,54.5107129272905
,,grass,,18.537122411232055,54.509301943992085
,,grass,,18.535073533253268,54.50894183045671
,,grass,,18.540458056316854,54.51031980546305
,,grass,,18.52809852380913,54.484488862523044
,,,grassland,18.502745765284352,54.475827683503205
,,meadow,,18.52137319540609,54.45716366151726
,,meadow,,18.523110476888412,54.45712637973828
,,orchard,,18.531315721818327,54.46960859596274
,,,grassland,18.534717251069793,54.469404181047466
,,,wood,18.5198338507902,54.473094624156104
,,,grassland,18.516573311813826,54.46754977180236
,,meadow,,18.428121790136824,54.483792828097876
,,grass,,18.470733654839933,54.47798140551968
,,forest,,18.470822810567064,54.47711433506273
,,,grassland,18.46996911296911,54.477871732818876
,,,grassland,18.426348140563352,54.47594338003161
,,,grassland,18.42719737324279,54.47156327729272
,,,grassland,18.42703181072137,54.46808363587886
,,,grassland,18.425422400063294,54.46884452207644
,,,grassland,18.424689376960096,54.473760589807405
,,grass,,18.545804147766216,54.48474245536363
,,,wood,18.556071653136232,54.459582467172346
,,,grassland,18.4293601,54.452917766666665
,,,grassland,18.431134933741642,54.45286384293251
,,grass,,18.5566426270437,54.45707401309728
,,grass,,18.529197349305008,54.488284702130976
,,grass,,18.529488382754007,54.48802911293965
,,meadow,,18.410522769675385,54.498820528346386
,,,wood,18.407600609926952,54.500627424792235
,,grass,,18.542274246304782,54.4848122688796
,park,,,18.543055969694123,54.484890826034615
,,grass,,18.434247187331707,54.53919663685728
,,grass,,18.438304699601332,54.53877396616479
,,grass,,18.43422148866046,54.53898563267736
,,,wood,18.436246198012057,54.53926881816522
,,forest,,18.457291233453212,54.565197586815344
,,forest,,18.454869807848677,54.565949035658214
,,,wood,18.41911900140005,54.59855336559644
,,,wood,18.41986650080872,54.59894815269323
,,meadow,,18.42448501369763,54.59411399103213
,,,grassland,18.52991006644286,54.477919789360385
,,grass,,18.556046069379125,54.46849376992795
,,,grassland,18.558466428426502,54.46859811227672
,,,scrub,18.411810405255007,54.548489560683294
,,,grassland,18.541579470988868,54.51921914562045
,,,grassland,18.503653049343363,54.48540400060088
,,,grassland,18.506022597238466,54.486705023922234
,,grass,,18.536774717493568,54.49108016730417
,,grass,,18.536695922167798,54.49091892595879
,,grass,,18.536315827545195,54.491527981697644
,park,,,18.478404566896497,54.57066495474639
,,,wood,18.420874409476372,54.60016854495266
,,,water,18.554735914532213,54.46242616099285
,,,wood,18.561229095996016,54.453372806027616
,,,wood,18.50314533645982,54.55385815575134
,,grass,,18.55761302558076,54.47283176433536
,,grass,,18.46858427076853,54.50025067443395
,,grass,,18.471856247636005,54.500027030747894
,,forest,,18.554996944008444,54.47047435085254
,,meadow,,18.407261080653736,54.60225654311834
,,farmland,,18.399522142078055,54.599026521573656
,,farmland,,18.413905752031962,54.59404432106807
,,meadow,,18.413392602475746,54.590204150980036
,,grass,,18.41564076291574,54.59034698089441
,,,scrub,18.41987094187688,54.58828747509963
,,,scrub,18.448251919397244,54.56414315574436
,,,scrub,18.446038811891896,54.56328248777524
,,,scrub,18.4497063519928,54.562736434448155
,,,scrub,18.447544263173757,54.564973400680366
,,,scrub,18.45271259260934,54.56384699694592
,,,wood,18.433654203143174,54.55646584377474
,,meadow,,18.42567229219245,54.57519394547847
,,meadow,,18.422985417875065,54.575465929681314
,,meadow,,18.422911124167758,54.57740818793404
,,meadow,,18.421630438299943,54.58243381016969
,,,grassland,18.42688075905007,54.56650056260055
,,meadow,,18.415666136434076,54.57967254104527
,,meadow,,18.42326376963361,54.585061275921575
,,meadow,,18.43298916009252,54.58458956455975
,,meadow,,18.42490272952609,54.59958729737229
,,meadow,,18.428144330667312,54.59885629171406
,,meadow,,18.44281733585972,54.5949945928685
,,meadow,,18.444134778425248,54.596555953766874
,,meadow,,18.448112045519725,54.59599348686776
,,meadow,,18.474500606520877,54.58954244856342
,,meadow,,18.417514454812014,54.6002127941787
,,grass,,18.533892868027383,54.50905842511787
,,grass,,18.535989054067674,54.50721865269766
,,grass,,18.53626482940613,54.50827516864861
,,,wood,18.545794464181615,54.49090241895479
,,grass,,18.563532766397547,54.48044191771513
,,,wood,18.563065186922717,54.4807898272615
,,grass,,18.563928237031103,54.480070866127846
Polanka Redłowska,common,,grassland,18.556745011798704,54.50150090156584
,,grass,,18.557221549861797,54.50240706027995
,,grass,,18.549101006169614,54.48636518362661
,,forest,wood,18.558238261714333,54.5024952450432
,,grass,,18.54858832191813,54.485847299356536
,,grass,,18.54869384828253,54.48597573643567
,,grass,,18.548482691143455,54.48575208018222
,,grass,,18.54877910536564,54.48570072719557
,,grass,,18.5477257,54.485580733333336
,,grass,,18.547140602387703,54.48577061966577
,park,,,18.546174707856974,54.48640159953376
,,meadow,,18.53670870277499,54.45911250425698
,,grass,,18.53550719283194,54.55178662987453
,,grass,,18.534520117249716,54.552297896040024
,,grass,,18.535291636756533,54.55172321445388
,,grass,,18.535010466587348,54.55190109223606
,,grass,,18.534986484877514,54.55213297058328
,,meadow,,18.484003709229267,54.565341335590645
,,,grassland,18.4221552223586,54.48404326039355
,,grass,,18.53934686541469,54.49708947941747
,,grass,,18.539304945581698,54.49724536149366
,,grass,,18.54027395057936,54.49713514809945
,,grass,,18.539454129633956,54.49432037778556
,,grass,,18.53210040725774,54.49964794297943
,,grass,,18.536463988948707,54.49432101837595
,,grass,,18.536190410844625,54.49432154916237
,,grass,,18.53361954586909,54.501136786990905
,,grass,,18.53335590534406,54.50003416862309
,,grass,,18.53264035893061,54.50110881359128
,,grass,,18.537057068589277,54.49690975343828
,,grass,,18.544105160174368,54.51357462930958
,,grass,,18.544032679088883,54.51374991273646
,,grass,,18.543703313995508,54.5150799342122
,,grass,,18.544268011917154,54.51374358372353
,,grass,,18.54393788373721,54.51448748971038
,,grass,,18.5432641692865,54.51355200366727
,,grass,,18.54344652150029,54.51447404897674
,,grass,,18.544550068536708,54.51453523282922
,,grass,,18.54305402866743,54.514826076521096
,,grass,,18.543178924371887,54.51413428583172
,,grass,,18.543627946488613,54.51356800086397
,,grass,,18.54467179121985,54.514103412364456
,,grass,,18.552255881967362,54.49463710524285
,,grass,,18.551149968328858,54.495268475995644
,,grass,,18.551675976232787,54.49566951053455
,,grass,,18.551752257187648,54.495845286591376
,,grass,,18.551377033417975,54.49573228237345
,,grass,,18.551615117171526,54.49585765467753
,,grass,,18.551305652337973,54.49549087983038
,,grass,,18.55103148028916,54.49599122981727
,,grass,,18.551031276618794,54.496163170062395
,,grass,,18.551298924522264,54.495188734367794
,,grass,,18.55187582457543,54.49568966787875
,,grass,,18.54951012790608,54.49518120540168
,,grass,,18.552124181118856,54.494334608722504
,,grass,,18.55176633962006,54.494118820627385
,,grass,,18.55208927104452,54.494442129886046
,playground,,,18.551539389991238,54.49378328122399
,,grass,,18.552170728090516,54.49461545462323
,,grass,,18.551835562770087,54.49461098423229
,,grass,,18.551257621244584,54.493877109052825
,,grass,,18.55178958943942,54.495106239055204
,,grass,,18.551016262091522,54.493715823702715
,,grass,,18.550788238842756,54.493913283736674
,,grass,,18.551706845954673,54.493964451584006
,,grass,,18.551629736845314,54.49403270771997
,,grass,,18.55220184775605,54.49488972435262
,,grass,,18.55200243333333,54.49454426666667
,,grass,,18.552153810219597,54.4950358623976
,,grass,,18.55088843906509,54.494570350999055
,,grass,,18.549989925993152,54.494530736593646
,,grass,,18.550829423167762,54.4941712198674
,,grass,,18.549657801741105,54.49462334885847
,,grass,,18.53774883601109,54.49781545562582
,,grass,,18.54138216943741,54.497356805898654
,,grass,,18.537965594028748,54.49824148832862
,,grass,,18.540541861806723,54.49730610676592
,,grass,,18.537191402262227,54.49927290852078
,,grass,,18.536536667601844,54.50107464522672
,,grass,,18.536292292213357,54.509511626497414
,,grass,,18.536652415709842,54.50943910429753
,,grass,,18.533895260107386,54.510309978815364
,,grass,,18.534696583498942,54.509223859747976
,,grass,,18.53620444858606,54.50922192704801
,,grass,,18.537334974935316,54.50876355782792
,,grass,,18.537191204825287,54.50872117842339
,,grass,,18.534517204565542,54.50966317003632
,,grass,,18.537255448693184,54.50837257795203
,,grass,,18.53713354415078,54.50896718745544
,,grass,,18.537174021398673,54.508341618824225
,,grass,,18.534656406350148,54.50848227623953
,,grass,,18.53357868409703,54.51211790378261
,,grass,,18.534814397370273,54.50973808588616
,,grass,,18.533181393643734,54.51331717296318
,,grass,,18.53329968453889,54.51180650834193
,,grass,,18.53461535809326,54.51007520035874
,,grass,,18.53317629989127,54.512080730107854
,,grass,,18.533864286599936,54.511118736527
,,grass,,18.53435971850286,54.5115162024447
,,grass,,18.53420294749855,54.51201192764416
,,grass,,18.53411504693496,54.51228110733682
,,grass,,18.53429074597695,54.5117295335747
,,grass,,18.534520999248542,54.51203100585228
,,grass,,18.510412146215348,54.49453143279134
,,grass,,18.50981053786507,54.49472201367132
,,grass,,18.509541745698357,54.494579613147785
,,grass,,18.510070113404527,54.494317939319195
,,grass,,18.51067494497528,54.49420371470377
,,grass,,18.51049948115192,54.49462709869855
,,grass,,18.510051216840658,54.49457813328193
,,grass,,18.509798429350163,54.49464798892313
,playground,,,18.506970723031646,54.498131125136716
,,grass,,18.51148349354358,54.497802234345066
,,grass,,18.511400255764286,54.49758340201909
,,grass,,18.50932311581575,54.498014260130205
,,grass,,18.50899351653249,54.498119065378724
,,grass,,18.507612551128105,54.49803977001548
,,grass,,18.506728233497572,54.49852476129179
,,grass,,18.50677831975061,54.49816976948739
,,grass,,18.55879955,54.518294450000006
,,grass,,18.55679175565214,54.5182784194914
,,grass,,18.52971935417252,54.49250886684541
,,grass,,18.529506796495216,54.49245948400947
,,grass,,18.529720770150202,54.492817397813354
,,grass,,18.529744564552864,54.49298194461847
,,grass,,18.52970312758886,54.49275532821804
,,grass,,18.500140452171955,54.4973594949561
,,grass,,18.49977827672401,54.49763697827197
,,grass,,18.458557033460398,54.455974551345356
,,,grassland,18.436792736617026,54.46266175877014
,park,,,18.537151111591736,54.501903862993665
,,grass,,18.53614621570886,54.49104936243477
,,grass,,18.535843712356932,54.491155083935396
,,grass,,18.535613916507643,54.49126031682849
,,grass,,18.535707503135807,54.49114871582004
,,grass,,18.536179155573546,54.49113155544162
,,grass,,18.536740864947806,54.491489440667635
,,grass,,18.536675287910036,54.49134387161257
,,grass,,18.537447940122252,54.490741480024845
,,grass,,18.537239483310906,54.49147890314178
,,grass,,18.537460786901253,54.49104988164462
,,grass,,18.536913396975425,54.491313242149694
,,grass,,18.53768009431758,54.490798159099576
,,grass,,18.507061110872222,54.498621961802655
,,grass,,18.508077415010355,54.498362012451686
,,grass,,18.438123865666892,54.49796135272998
,,grass,,18.52955470771076,54.52246721196325
,,grass,,18.511601672025577,54.49212278132381
,,grass,,18.51392993378934,54.49209644120524
,,grass,,18.51389711435878,54.49216653796362
,,grass,,18.514053938459757,54.49211421615625
,,grass,,18.53722013285946,54.50967674630334
,,grass,,18.506794087270727,54.49953050874577
,,grass,,18.5397927841637,54.497421332957366
,,grass,,18.539813934567203,54.497309073036675
,,grass,,18.538890881863207,54.497345302848835
,,grass,,18.540978858208184,54.49753114673383
,,grass,,18.539494214720605,54.49728648220987
,,grass,,18.53869309040597,54.497208189675675
,,grass,,18.539058795678606,54.497476762899744
,,grass,,18.5411903872858,54.49741973620274
,,grass,,18.538901406586657,54.49739659420817
,,grass,,18.541002640791575,54.497831337913425
,garden,,,18.53919923686456,54.49757007798748
,garden,,,18.540651667762685,54.49768984164774
,,grass,,18.539415468444325,54.49769886995204
,,grass,,18.539733807969164,54.49764433159803
,,grass,,18.54011259171059,54.49781888083991
,,grass,,18.53912189933022,54.49771626605953
,,grass,,18.540970373772033,54.49790486508237
,,grass,,18.54030986403156,54.49784465425269
,,grass,,18.539938086404273,54.497796818028704
,,grass,,18.53884368372551,54.4976543830624
,,grass,,18.53458452951939,54.49423566658098
,,grass,,18.53375683011574,54.49347667163406
,,grass,,18.5340254,54.4946154
,,grass,,18.53400566666667,54.49453143333333
,,grass,,18.533896333333335,54.49419116666667
,,grass,,18.533924201144323,54.49427038629315
,,grass,,18.534076561192773,54.493894010830765
,,grass,,18.533796570382354,54.49384542307474
,,grass,,18.534173056020503,54.49398102449808
,,grass,,18.534558549767574,54.49386307669205
,,grass,,18.534053225407032,54.49469590761376
,,grass,,18.533823923252523,54.49394412315392
,,grass,,18.53408121611359,54.49479647435582
,,grass,,18.5341655691847,54.49385565946943
,garden,,,18.538482479458082,54.498558907855916
,garden,,,18.5386163431303,54.49870895961703
,garden,,,18.538502735644453,54.498273972548205
,garden,,,18.538659288319185,54.49792052980953
,,grass,,18.53871838862332,54.49808165255491
,,grass,,18.538667237548694,54.498489777761186
,,grass,,18.538515641169845,54.49875958211279
,,grass,,18.53898467635481,54.498142220161135
,,grass,,18.538930398375122,54.497930824338546
,,grass,,18.53882216224808,54.49868191000082
,,grass,,18.53889924346804,54.49835746762589
,,grass,,18.53831715000003,54.49883750000001
,,grass,,18.538776911818058,54.498322131995664
,,grass,,18.5388756,54.49854725
,,grass,,18.538682133983222,54.49844261990985
,,grass,,18.538781773918377,54.49817416534247
,,grass,,18.539080968750532,54.4978952077906
,,grass,,18.539216089756408,54.497776009764856
,,grass,,18.538860568740507,54.49775476430855
,,forest,,18.528135755224234,54.56670920265965
,,grass,,18.540996068974053,54.49913308755625
,,grass,,18.541658050000006,54.49920745000001
,,grass,,18.539132241537,54.49892795135728
,,grass,,18.539542401344743,54.49897269233667
,,grass,,18.539868749999997,54.499008350000004
,,grass,,18.53999062328444,54.4990216712747
,,grass,,18.54022154179684,54.49904687532476
,park,,,18.53834178054876,54.4979835154287
,,grass,,18.53950031059875,54.49790767753067
,,grass,,18.539331931260595,54.498171173003044
,,grass,,18.539245466738915,54.498375427941234
,,grass,,18.53968708080514,54.49799808178975
,,meadow,,18.546958062893037,54.56184836218995
,,meadow,,18.547392573579657,54.560408403026464
,,grass,,18.539814309066923,54.498477702117555
,,grass,,18.53996421109515,54.498854108924924
,,grass,,18.539830072644985,54.49813680481832
,garden,,,18.539594599999997,54.4984257
,,grass,,18.53905497473169,54.49879677450265
,,grass,,18.539307763840135,54.498666335479385
,,grass,,18.539117445643384,54.49866109026051
,,grass,,18.539086669183348,54.49853135606787
,,grass,,18.539926989073226,54.49806440944388
,,grass,,18.539590348252847,54.498950677852875
,,grass,,18.45497916238966,54.544249773116185
,,grass,,18.5395947307054,54.498911860456246
,garden,,,18.540093979427766,54.49834245930518
,,grass,,18.540093337350196,54.49795777338748
,,grass,,18.540437347969878,54.49825028680283
,,grass,,18.540391698427392,54.49838868592311
,,grass,,18.540454332639744,54.498114509557425
,,grass,,18.540353169606988,54.49850640468721
,,grass,,18.52920924284378,54.48786741933296
,,grass,,18.459136566820217,54.542595380556016
,,grass,,18.454685277475125,54.54345704210127
,,grass,,18.507924111867855,54.494319478250596
,,grass,,18.552751136249622,54.476288887522834
,,grass,,18.55281487450428,54.4760843733016
,,grass,,18.552521535407948,54.476237687648634
,,grass,,18.55271235891417,54.47611104316042
,,grass,,18.552451842317314,54.47593977699564
,,grass,,18.534063026003754,54.50820483153483
,,grass,,18.534102222813555,54.50835659373401
,,grass,,18.533910415756186,54.507910710371284
,,grass,,18.533942269663914,54.507882983582256
,,grass,,18.533954749375727,54.50782587413877
,,grass,,18.53417005332752,54.50776858608036
,,grass,,18.53404243842765,54.507892440432315
,,grass,,18.5099959384504,54.49853019209763
,,grass,,18.508928273741194,54.498400162472315
,,grass,,18.536373778086613,54.50811168219611
,,grass,,18.53630542727305,54.507874437257215
,garden,,,18.53636498233312,54.50822041765294
,,grass,,18.536501253142653,54.50811779323854
,,grass,,18.487109715802195,54.531293916133336
,,grass,,18.487807507075267,54.53176328535919
,,grass,,18.486790227985356,54.53101385313014
,,grass,,18.487297102536445,54.531652157314305
,,grass,,18.48724069046325,54.53114997268231
,,grass,,18.482003015600647,54.52728587307775
,,grass,,18.482431544446676,54.52804747309059
,,grass,,18.501033444778546,54.54807117538106
,,grass,,18.502071099771097,54.548587525425546
,,grass,,18.501583633600813,54.5478457267556
,,grass,,18.504131521943563,54.547634338676154
,,grass,,18.504876059280512,54.54761583629979
,,grass,,18.5045110899642,54.54765989838249
,,grass,,18.504305092765826,54.547532352478015
,,grass,,18.500520191634823,54.54790057397631
,,grass,,18.504698602010713,54.548162647484226
,,grass,,18.504930037601692,54.547950015532685
,,grass,,18.535957287859883,54.50614601077246
,,grass,,18.537226769061704,54.509148030576675
,,grass,,18.536950491246223,54.50967456636165
,,grass,,18.53608997974807,54.50633682240282
,,grass,,18.54082547381877,54.49807331933329
,garden,,,18.540733445338567,54.498206959374905
,,grass,,18.54058718111935,54.498338361722716
,,grass,,18.54092308389938,54.49822344780224
,,grass,,18.54119124596165,54.498246211528816
,,grass,,18.540929687508324,54.49800302708878
,,grass,,18.429535535607737,54.58855651843576
,,grass,,18.42759485642948,54.585703980027986
,,grass,,18.40869328489745,54.596056796596905
,,grass,,18.398950932801643,54.5949963581652
,,grass,,18.539115206911003,54.49402094552115
,,grass,,18.538506824807747,54.4955020398974
,,grass,,18.53994105580483,54.49282409036535
,,grass,,18.53739196434324,54.49637334326409
,,grass,,18.538142926314233,54.49394838648991
,,grass,,18.538998029008795,54.49376825197375
,,grass,,18.538523740716922,54.49225634589046
,,grass,,18.538182261780154,54.493848631341145
,,grass,,18.537181409085715,54.497047651697294
,,grass,,18.536561387402433,54.496938131205944
,,grass,,18.538330973185992,54.495610533668795
,,grass,,18.537226180438925,54.4965387870213
,,grass,,18.539980839932436,54.49243123978899
,,grass,,18.536625245993154,54.496473280207226
,,grass,,18.5371285573283,54.496769501688995
,,grass,,18.538151612745338,54.495462973955284
,,grass,,18.538166116461532,54.493228928355514
,,grass,,18.538823873538437,54.49418422311124
,,grass,,18.538714726128166,54.49301680697916
,,grass,,18.53660142335702,54.49680142004572
,,grass,,18.539424281477135,54.49229710650864
,,grass,,18.538911227299245,54.49249470686094
,,grass,,18.538081883583388,54.496510889477946
,,grass,,18.53907419119847,54.49463480013415
,,grass,,18.53789357053213,54.4939066307587
,,grass,,18.538306648043516,54.49417378166851
,,grass,,18.536873271842058,54.4958851412592
,,grass,,18.538456937646853,54.49585295494548
,,grass,,18.5386394191851,54.493343502168806
,,grass,,18.53965448133507,54.493224190117914
,,grass,,18.538477511151456,54.49366877043713
,,grass,,18.538909844944726,54.494435237078285
,,grass,,18.53773587658779,54.4944509465658
,,grass,,18.53725494816387,54.49555277181411
,,grass,,18.538735448325706,54.49485056194275
,,grass,,18.53854041495808,54.49394090423223
,,grass,,18.53940327819584,54.49360906245548
,,grass,,18.538608402080822,54.49520096616066
,,grass,,18.53893638012626,54.49398095112201
,,grass,,18.537226418101405,54.4953099022181
,,grass,,18.540241035662746,54.49246212873098
,,grass,,18.53905184990605,54.49282830185205
,,grass,,18.540318716010503,54.4924592401759
,,grass,,18.51664983618296,54.4739627979964
,,grass,,18.551436477876333,54.48443942341264
,,grass,,18.55606254425459,54.48961878354728
,,meadow,,18.461884509362854,54.451220462114534
,,meadow,,18.4589610754642,54.453025898296694
,,meadow,,18.41496890618894,54.50384660127209
,,,grassland,18.43575305515141,54.48348609776913
,,,grassland,18.414953801515487,54.49333387167181
,,,grassland,18.41552355770425,54.4926912354854
,,,grassland,18.410201307124314,54.493330547159815
,,meadow,,18.41634770178741,54.49286990332985
,,grass,,18.435689040436074,54.57311897262385
Bazyliowa łąka,nature_reserve,,,18.441843168590736,54.46989230572961
Długa łąka,nature_reserve,,,18.444283246138024,54.472201208820465
Jar Swelini,nature_reserve,,,18.55822978814253,54.46379482376542
Jezioro Kackie,nature_reserve,,,18.50053925642296,54.46208556416332
Leśne Bagno,nature_reserve,,,18.437634905162543,54.47220555218258
Staw na Dąbrowie,nature_reserve,,,18.44461535989953,54.4699416158923
Torfowy moczar,nature_reserve,,,18.448418949494567,54.46833667531811
Turzycowe błoto,nature_reserve,,,18.44738579005729,54.470342089272734
Wąwozy Grodowe,nature_reserve,,,18.55899160493168,54.45277253112005
,,forest,,18.536961540645862,54.56594314421734
,,grass,,18.54209623197757,54.56243264445654
,,forest,,18.53991265619677,54.56496186840311
,,forest,,18.5363333272693,54.562613097101526
,,forest,,18.539583168466873,54.56384502246146
,,grass,,18.494082225970285,54.5340663719612
,,grass,,18.494547758439246,54.53443892071301
,,industrial,,18.546371681266148,54.47412869222149
,,,wood,18.457507413040975,54.47124294401283
,,grass,,18.494364897450765,54.47130697816518
,,industrial,,18.544597329836705,54.47494439638374
,,,water,18.55842796657002,54.45354338474794
Polanka Krykulec,,,grassland,18.473634187171644,54.49209740707382
,,,grassland,18.446730197548227,54.47607720790487
,,,wood,18.45713824489558,54.4679007532417
Leśna Polana,,meadow,,18.456614233136364,54.466338686619515
,,grass,,18.55450776521215,54.47221716608256
,,grass,,18.553989914724017,54.47181682352563
,,,wood,18.54700644761952,54.485515022208105
,,,wood,18.4996155501202,54.52744622197239
,,grass,,18.47633541650405,54.53944667681445
,,grass,,18.552642416801806,54.503548987175066
,,,wood,18.543693497296097,54.49574447704517
,,,wood,18.54675018601245,54.49581493945904
Osiedle Viridis,,residential,,18.479423300361194,54.4752830950536
,,grass,,18.457349251906333,54.45587452350756
,,grass,,18.40087546630586,54.47410421340759
,,grass,,18.502250348984855,54.473990214937714
,,meadow,,18.42200318607844,54.4600148978475
,,grass,,18.527037712262604,54.51651961014279
,,grass,,18.526987587169415,54.51633535672157
,,,wood,18.528847390997363,54.51627707102667
,,,wood,18.526593482165175,54.51690643908247
,,industrial,,18.544093553916206,54.474538732991014
,,industrial,,18.545553922011916,54.47440344938836
,,grass,,18.547587731289898,54.476239885571474
,,grass,,18.508529434893134,54.5001722512419
,,grass,,18.50864092485506,54.50028104136403
,,grass,,18.508842727777296,54.500182079125814
,,,wood,18.421593594345087,54.5547790064123
,,,wood,18.5022031353754,54.47345479667269
,,,wood,18.503493264296672,54.47356153076148
Plac imienia 66 Pułku Kaszubskiego,,grass,,18.496543575094524,54.46447650917748
,,grass,,18.493181194407928,54.46753117650944
,,,grassland,18.49266410253703,54.46719473563438
,,grass,,18.49656058034972,54.46477425321494
,,grass,,18.496420908292983,54.46467353792476
,,,wood,18.503711867694047,54.4726646313021
,,,wood,18.50422947519841,54.47276730558847
,,,wood,18.50477539203099,54.472915369430446
,,,wood,18.50444073194047,54.47281909474674
,,,wood,18.504579843191493,54.47285638832303
,,,wood,18.50423804266609,54.47250818784494
,,,wood,18.504199178531255,54.472591662247865
,,,wood,18.504271363367177,54.47261386308468
,,,wood,18.50429048974332,54.472572070017634
,,,wood,18.504366584428183,54.47258335196423
,,grass,,18.5005234607496,54.468891467272464
,,grass,,18.5000472679461,54.46890476859293
,,,wood,18.499583401253197,54.46870497535961
,,,wood,18.500081775249743,54.469121962953345
,,grass,,18.49822726142598,54.46946646059917
,,,wood,18.498638031990126,54.4694632595125
,,,wood,18.499623326774294,54.469334078311114
,,,wood,18.499527371899813,54.46925362297806
,,,wood,18.499057956852155,54.46914866484991
,,,wood,18.498909497356234,54.46917453181891
,,grass,,18.496875119745344,54.47005126049788
,,grass,,18.498404212986266,54.46979418076781
,,grass,,18.499816119284937,54.46965181482207
,,grass,,18.500417345406447,54.46957393617037
,,grass,,18.503919349531245,54.46928569330737
,,grass,,18.500571787344235,54.470278961184135
,,grass,,18.500930059232235,54.47074954669802
,,grass,,18.496471347109335,54.4701656968275
,,grass,,18.493083511122645,54.470796909697086
,,,grassland,18.491076513136136,54.46726725128583
,,grass,,18.489805395094123,54.46692139179167
,,grass,,18.434046083471973,54.485816290012835
,,grass,,18.54861875733751,54.48573817025576
,,grass,,18.548652240745763,54.485796433098066
,,,grassland,18.497816523890567,54.476209687006985
,,,grassland,18.499259836383292,54.47571147503052
,,,grassland,18.506879859116143,54.47237526636569
,,,grassland,18.502810712009758,54.473995545574276
,,,grassland,18.49946636231017,54.475478001380736
,,,grassland,18.49593077066092,54.47699566301516
,,,wood,18.497524651641452,54.476063731078476
,,,grassland,18.50086112421934,54.47481481329576
,,,grassland,18.501834028217854,54.4745055896931
,,,grassland,18.49929855421838,54.47528565797182
,,,grassland,18.498145406677196,54.47564867355486
,,,wood,18.50693739916714,54.472674841306265
,,,grassland,18.500595787810934,54.47235207939695
,,,wood,18.500943754083636,54.47294283857357
,,,wood,18.501220126296506,54.47305196272235
,,,wood,18.4996048363341,54.47203608717401
,,,wood,18.499935904653434,54.4720254830673
,,,wood,18.50008235326129,54.47242017997334
,,,wood,18.49939329727007,54.47211819843172
,,,grassland,18.500990107491713,54.4716173970304
,,,grassland,18.501105041609346,54.471211957591194
,,grass,,18.500295919913587,54.470296722040246
,,,grassland,18.499299816496496,54.47002002480696
,,,grassland,18.498525999999995,54.46997153333334
,,,grassland,18.497997568847566,54.47011722379649
,,,wood,18.508384059016564,54.471115308767764
,,,wood,18.508354348279475,54.47142453380363
,,,wood,18.508119979493973,54.471836923453786
,,,wood,18.507446334910703,54.47256360152396
,,,wood,18.506833320248134,54.47297688469442
,,,wood,18.50590459813906,54.47347884193226
,,,wood,18.50643531106485,54.473211879808154
,,,wood,18.50421256367364,54.474034921039134
,,,wood,18.504816804319095,54.47384703823775
,,,wood,18.50458673868708,54.474009540337185
,,,wood,18.504607409892838,54.473860839708564
,,,wood,18.505234990338447,54.47369436878879
,,,wood,18.50549817666954,54.473582431559954
,,,wood,18.503007408070573,54.473712720416
,,,wood,18.50299560393135,54.47391487366988
,,,wood,18.503571756339912,54.47399809513665
,,,wood,18.503454304802077,54.474310411619236
,,grass,,18.50323073974061,54.473204731852036
,,grass,,18.50214885410816,54.4722829658687
,,grass,,18.501598402606312,54.471257894066845
,,grass,,18.50184296159891,54.47101820682087
,,grass,,18.50221872155311,54.47064137148918
,,grass,,18.503009076231525,54.47218706264727
,,grass,,18.502928154719758,54.47247955573298
,,grass,,18.502807014009193,54.47278909288216
,,grass,,18.50268912837079,54.471799732928446
,,grass,,18.50298932278333,54.47178072620618
,,grass,,18.502552794718323,54.47105060264216
,,grass,,18.50229376293305,54.471005454118625
,,grass,,18.502370496785716,54.471132015728394
,,grass,,18.502448977752195,54.4712473825799
,,grass,,18.50338536719111,54.471920202309875
,,grass,,18.503238633333332,54.47174453333333
,,grass,,18.503249040952216,54.47126708554062
,,grass,,18.503123144358025,54.471419775259214
,,grass,,18.503093983706705,54.471270747451356
,,grass,,18.503050536980144,54.47160697946403
,,grass,,18.50299720970685,54.471433700979425
,,grass,,18.502844048084313,54.47101127141532
,,grass,,18.502771562317264,54.47065083267651
,,grass,,18.50302039331688,54.47082510790766
,,grass,,18.503112,54.47055913333334
,,grass,,18.503366175482768,54.470747324918456
,,grass,,18.503664443664174,54.47077707539409
,,grass,,18.503515965342306,54.47108818011523
,,grass,,18.50359178235071,54.47118871571987
,,grass,,18.503712911023662,54.47140751644358
,,grass,,18.503671794147298,54.47126740491238
,,grass,,18.503843933241203,54.4717934777297
,,grass,,18.503592816512004,54.47188445804373
,,grass,,18.503590198840396,54.4717386834202
,,grass,,18.503860884899023,54.47238367393332
,,grass,,18.503624753828984,54.47102772403179
,,grass,,18.503883285815057,54.471186128965236
,,grass,,18.50406937620735,54.47118793496175
,,grass,,18.504543015436145,54.47176808615051
,,grass,,18.504164775791097,54.472206786790935
,,grass,,18.504196886737304,54.47207851512883
,,grass,,18.504228904859016,54.47194915683429
,,grass,,18.504261133606164,54.471819798379016
,,grass,,18.50429305962085,54.47169190908788
,,grass,,18.50432412011002,54.47156404085418
,,grass,,18.50435579929603,54.47143552455319
,,grass,,18.504579355308355,54.472488617156856
,,grass,,18.50433318402142,54.47260688082151
,,grass,,18.5049789,54.472526933333334
,,grass,,18.50489038978715,54.47231530324178
,,grass,,18.504736889077595,54.47187857033172
,,grass,,18.504760114437314,54.47214311513955
,,grass,,18.504930795155698,54.47196390185755
,,grass,,18.505075548849522,54.47211412836196
,,grass,,18.504942761266896,54.47177873311978
,,grass,,18.50419691070291,54.47082316377497
,,grass,,18.50410935,54.470958450000005
,,grass,,18.504232102811013,54.47093238424067
,,grass,,18.504270446503188,54.47069436993621
,,grass,,18.504239512156534,54.470577139665274
,,grass,,18.503941434160474,54.47056135293367
,,grass,,18.50402142077781,54.47073448229182
,,grass,,18.50534940888013,54.470865847154386
,,grass,,18.504911984040877,54.47082072744626
,,grass,,18.50505020416883,54.47080769026905
,,grass,,18.505232041251002,54.47079088775213
,,grass,,18.505208414827642,54.47066327700879
,,grass,,18.50579244145832,54.47066488190375
,,grass,,18.50597714257735,54.47064796102983
,,grass,,18.505830188172784,54.470497741527495
,,grass,,18.506273835960346,54.470892576748554
,,grass,,18.506489900000002,54.470855400000005
,,grass,,18.506532447634807,54.47067717667075
,,grass,,18.506446674066744,54.4707974049308
,,grass,,18.505333991497075,54.47165000921704
,,grass,,18.506151422410813,54.47123266120202
,,grass,,18.50650821186245,54.47130792167954
,,grass,,18.50711130558482,54.471302803833375
,,grass,,18.507081733854786,54.47119539716635
,,grass,,18.507052687187144,54.47108783755544
,,grass,,18.50702292156775,54.47098211808828
,,grass,,18.50711223062064,54.47090460645284
,,grass,,18.507169390465283,54.471076459117036
,,grass,,18.507193890213358,54.471185036152136
,,grass,,18.507233495500884,54.47135766779351
,,grass,,18.50695214255645,54.47164459651086
,,grass,,18.506522681313395,54.47172370277598
,,grass,,18.506067007678176,54.4721743135679
,,grass,,18.50684119174002,54.47202304343373
,,grass,,18.5056070162942,54.472409789754536
,,grass,,18.505814117277623,54.47236204840617
,,grass,,18.506021511028838,54.472314548843414
,,grass,,18.506469231250826,54.4723958516324
,,grass,,18.50662254204083,54.47251611566746
,,grass,,18.506880114421396,54.47244858893256
,,grass,,18.506729037645744,54.472561791434536
,,grass,,18.506615614611523,54.47263623854157
,,grass,,18.505606183482673,54.47185953315255
,,grass,,18.506057473339684,54.47196754938751
,,grass,,18.50583777197224,54.47198985705519
,,grass,,18.505616215736104,54.472014423089725
,,grass,,18.504690102082638,54.472750788754006
,,grass,,18.505383460258965,54.47280777902417
,,grass,,18.504962707864024,54.47283712688016
,,grass,,18.505127346842432,54.47289149845344
,,grass,,18.505288012775633,54.4729475694513
,,grass,,18.5054476854705,54.473003176168675
,,grass,,18.504121166760328,54.47240726829539
,,grass,,18.50414663854668,54.47315365038093
,,grass,,18.504272744786572,54.47307446411221
,,grass,,18.50402339007881,54.47302248409022
,,grass,,18.50382570167735,54.47298168334292
,,grass,,18.503591637951306,54.47293219297036
,,grass,,18.503336270282603,54.47287604040181
,,grass,,18.504861974358942,54.47303579567573
,,grass,,18.503985381321908,54.472746280039864
,,grass,,18.50364481609345,54.47288056381098
,,grass,,18.503860099999997,54.47292519999999
,,grass,,18.50406680124229,54.472968440083804
,,grass,,18.50427382312872,54.47301159019285
,,grass,,18.504489443037237,54.473056908286715
,,grass,,18.504645301332317,54.47308718532616
,,grass,,18.504658111933125,54.47333286027607
,,grass,,18.504913601010884,54.47333999133185
,,grass,,18.50555820056283,54.47320467515454
,,grass,,18.50519466342014,54.473437097740906
,,grass,,18.505181849002472,54.4731014010834
,,grass,,18.50614146942838,54.47282206988711
,,grass,,18.505846490487993,54.47267179676827
,,grass,,18.506120458495,54.47294838533468
,,grass,,18.50622916224744,54.472876830785886
,,grass,,18.506313538871478,54.47282473096508
,,grass,,18.506424341662626,54.47275763867237
,,grass,,18.503648678717287,54.47349385153605
,,grass,,18.46488853333333,54.473543899999996
,,grass,,18.46476351866578,54.473450263380826
,,grass,,18.404572668626102,54.5907847942016
,garden,,,18.404522447690475,54.591148895064066
mini zoo,,meadow,,18.404145441182365,54.591360557056255
,,forest,,18.4052778998279,54.4751624119571
,,meadow,,18.424195145913213,54.47913598120721
,,meadow,,18.423201610344126,54.479925146520394
,,meadow,,18.422359630264438,54.479961142010204
,,meadow,,18.420517321701166,54.47932976768569
,,grass,,18.480753489603927,54.56670323765217
,,grass,,18.483037251361147,54.60032117185529
,,,wood,18.54861515448948,54.51591924861132
,,,wood,18.548895594099974,54.51524904182964
,,grass,,18.455280025866085,54.545489394788696
,,grass,,18.458213625029412,54.59203778742605
,,grass,,18.457877826507982,54.59190829351411
,,grass,,18.457868212145335,54.59173109785481
,,grass,,18.45818637016721,54.59192099386708
,,grass,,18.45950357264404,54.591908143642954
,,grass,,18.45937198452684,54.59145998450449
,,grass,,18.458750569891738,54.59148906172035
,,grass,,18.458493018290152,54.591484578144126
,,grass,,18.459183577077585,54.591624797459126
,,grass,,18.457824485688104,54.59175400421227
,,forest,,18.410221857687358,54.47468913754085
,,grass,,18.46068511661103,54.59150898714015
,,,wood,18.459881558190627,54.599824439710616
,,,wood,18.467101995220844,54.60044909831151
,,forest,,18.441173541939644,54.59893985737732
,,,wood,18.463122115340095,54.60067857225346
,park,,,18.55180775239943,54.45590132146604
,,,grassland,18.469436346760492,54.53774499983581
,,,wood,18.50073190711836,54.52812108171428
,,grass,,18.50856814478021,54.55203922304958
,,grass,,18.496011512165992,54.59074103742233
,,grass,,18.496450857268297,54.59165799024737
,,grass,,18.49564093142472,54.5885849503384
,,grass,,18.506579167462895,54.56430023845379
,park,,,18.494950057709534,54.590306712006296
,,grass,,18.50929665179425,54.56288083968515
,,grass,,18.513105517579167,54.57480419803993
,,grass,,18.513922832959544,54.574477101591874
,,grass,,18.513323619415303,54.574190580676195
,,grass,,18.518809641383882,54.57083423836589
,,grass,,18.51994523479776,54.57029905071192
,,grass,,18.519564244913713,54.570843301375504
,,grass,,18.502905091354855,54.56474411892779
,,grass,,18.50468225349473,54.56401717114496
,,grass,,18.50367413676183,54.56394909706861
,,grass,,18.501364395597648,54.56549040327806
,,grass,,18.502522650400763,54.563925046675884
,,grass,,18.505529580282712,54.564571522075155
,,grass,,18.456217558783656,54.543056261614204
,,grass,,18.457559566411053,54.54272332209575
,,grass,,18.54908303754815,54.548324281376225
,,grass,,18.532855560826608,54.519763542661714
,,grass,,18.533050066213022,54.51965601379228
,,grass,,18.53352229249883,54.51971932967494
,,grass,,18.4846601759653,54.56360645138135
,,grass,,18.486514640690224,54.563068897545975
,,grass,,18.482653457053956,54.564182685416604
,,grass,,18.487331404891865,54.5628740490847
,,grass,,18.491116543434575,54.562884085449504
,,grass,,18.493912266663937,54.562966245857034
,,grass,,18.49570711875443,54.563015195256455
,,grass,,18.49791244025646,54.563075607762414
,,grass,,18.499184631693417,54.563108124264566
,,grass,,18.502702926850016,54.563395387492086
,,grass,,18.505828732579467,54.56368352990514
,,grass,,18.494045586769825,54.60001807463882
,,grass,,18.53735755,54.52161010000001
,,grass,,18.537370900000003,54.521658499999994
,,,wood,18.497626350317802,54.471108959774476
,,,wood,18.497176827912657,54.47103119999157
,,forest,,18.485823431139906,54.47260139499393
,park,,,18.4047153320642,54.57823193439074
,,,grassland,18.44950806220324,54.4612784675904
,,meadow,,18.458531802054154,54.47589304094578
,,,grassland,18.47293042532411,54.56107195563325
,,,grassland,18.465711752545044,54.55999551590981
,,grass,,18.546939960279854,54.53897812423299
,,,grassland,18.529381053047278,54.48766196373432
,,,grassland,18.415923458905937,54.48211904834082
Park nad Strugą Cisowską,park,recreation_ground,,18.449628472973185,54.54527863481881
,playground,,,18.413043369422443,54.57380449109934
,,,grassland,18.41613043691827,54.56190448528752
,,,wood,18.514671410356524,54.55528504388258
,,,wood,18.51591739665742,54.5545542608299
,,,grassland,18.431543650614305,54.487268408937226
Ogród Przyjaźni,garden,,,18.484002591204483,54.53648356151401
,,grass,,18.516653239658215,54.551598716587115
,,grass,,18.51610848944054,54.55129156606868
,,grass,,18.515760180853828,54.55100597724623
,,,wood,18.509365362602264,54.556475466317195
,,grass,,18.461356173886173,54.49952168551237
,,,wood,18.462335844631756,54.49975391063614
,,grass,,18.462688615896763,54.49938013357023
,,,wood,18.462826497121863,54.49887007762605
,,grass,,18.515212807192402,54.55237962201109
,,forest,,18.512420088718688,54.55568465116297
,,,wood,18.54064038949036,54.57618746411556
,,grass,,18.54658432011849,54.5326605071562
,,grass,,18.546710792467465,54.532748830069565
,,grass,,18.54698197080147,54.532786184104815
,,meadow,,18.544432011521554,54.57081734721503
,,grass,,18.55028601405675,54.51806927172465
,,,wood,18.537689778816496,54.569264428065686
,,,wood,18.540142749092453,54.56867613390414
,,meadow,,18.53780129702004,54.56696819710903
,,grass,,18.478489560466457,54.55751996076858
,,grass,,18.555178448707984,54.50650530418409
,,grass,,18.554753815875877,54.50583589272918
,,grass,,18.50066650878739,54.563579685053234
,,,grassland,18.488034099251948,54.565596666441756
,,,wood,18.500029744877608,54.56996035842153
,,grass,,18.506415866968073,54.55137544350981
,,,wood,18.505333292747324,54.55178171275156
,,grass,,18.50417653169748,54.55222240198745
,,grass,,18.503927585522575,54.55232713310022
,,grass,,18.503293501451772,54.55254916897115
,,grass,,18.50672421493998,54.5512693204901
,,grass,,18.5070849233048,54.551165175485636
,,grass,,18.507327107636723,54.551061784241746
,,grass,,18.507891104320766,54.55088799165774
,,grass,,18.525175233333332,54.551059366666664
,,grass,,18.416339821585137,54.56586840919347
,,grass,,18.552504933333335,54.54790533333333
,,forest,,18.489916101811637,54.5598080921569
,,grass,,18.496103656536356,54.55424004528458
,,grass,,18.494094181526602,54.58351796797177
,,grass,,18.549365923484768,54.51953554718186
,,grass,,18.561246103437274,54.47666534979119
Park Centralny,park,,,18.54318773363457,54.508158001904484
,,,wood,18.493192157389238,54.46876345800361
,,grass,,18.49572826259884,54.473582075030656
,,grass,,18.492933319140686,54.472023200997555
,,grass,,18.549426593305146,54.48621526874743
,,grass,,18.441094423665643,54.59829214681074
,,,grassland,18.406942856660702,54.57126397501142
,,,grassland,18.40744790403903,54.5698627665255
,,,scrub,18.40861694132155,54.545108341736324
,,,wood,18.551759098111663,54.50727960187477
,,forest,,18.554426768581916,54.50596987800355
,,,grassland,18.43041704625441,54.464344154270854
,,meadow,,18.432196679331064,54.45766765654646
,,meadow,,18.433259099963088,54.45571036736921
,,grass,,18.535837506791243,54.50900339394323
,,,grassland,18.427958535340945,54.490334760351615
,,,grassland,18.490828558104223,54.45899006605185
,,,grassland,18.45463899983913,54.45254841894905
,,,grassland,18.43769207264089,54.573502947377655
,,meadow,,18.423883950859715,54.525062163266576
,,,grassland,18.398072838010137,54.56336211203091
,,,grassland,18.402475771134846,54.56117610853354
,,,wood,18.455520345182354,54.596852850330535
,,meadow,,18.428345553649898,54.58722914746505
,,meadow,,18.41755041089422,54.579409713301295
,,,wood,18.423460971607813,54.55078626302335
,,,grassland,18.414827638228164,54.57246420859146
,,grass,,18.41394862796735,54.57031649812295
,,,wood,18.425161390094125,54.580373785032734
,,,wood,18.424773787444945,54.58095949969324
,,,grassland,18.405697522369994,54.579497793060405
,,,grassland,18.406906917891234,54.579344792953144
,park,,,18.41054466504728,54.575266971209345
,,,wood,18.447602754857385,54.591850280474915
,,,grassland,18.444549608509487,54.59279828678625
,,grass,,18.54443333527119,54.576490049762576
,,,wood,18.539868254511802,54.57592285211414
,,grass,,18.417353440678486,54.573292673459065
,,,grassland,18.420538984538304,54.573351534995204
,,,grassland,18.42754263507921,54.527095184224635
,,,wood,18.419515068805385,54.55131015180822
,,,grassland,18.420059380826594,54.55172897217217
,,grass,,18.470578754463325,54.571109990211234
,,,grassland,18.465936646631082,54.57763021583811
,,,wood,18.540855039438487,54.57846826742312
,,,wood,18.538030360721113,54.576366836406024
,,grass,,18.55132762226726,54.49354209933004
,,,grassland,18.53448990165568,54.56049084770436
,,,wood,18.402067943727268,54.58418809997105
Ogród deszczowy,garden,,,18.460752901605005,54.54807041743077
,,,grassland,18.506304318672022,54.47529299917895
,,meadow,,18.518232677132566,54.48459614852554
,,meadow,,18.51304630248932,54.48369198867976
,,,wood,18.53212065460183,54.54748070882077
,,,wood,18.472834616245944,54.59691696780533
,,,grassland,18.47247600927397,54.59693121298914
,,,grassland,18.47295262260231,54.59655074888374
,,,wood,18.47341084799255,54.56557784427607
,,meadow,,18.468939969947318,54.59030610875022
,,grass,,18.422249585064876,54.57292038572616
,,grass,,18.41281595252561,54.57383594435845
,,grass,,18.399996206137015,54.57827751658657
,,meadow,,18.429318901336597,54.571994731979856
,,,grassland,18.435491396545366,54.575384521946035
,,,wood,18.455173999740737,54.53375368814622
Leśny Ogród Botaniczny Marszewo - część zewnętrzna,garden,,,18.415554395716786,54.519850343560236
,,grass,,18.400372424688747,54.585662778147594
,,,grassland,18.402477938162512,54.487408010102584
,,,grassland,18.444297364909765,54.551490099307166
,,,wetland,18.536212620746383,54.479407344754115
,,,wood,18.54514419051445,54.46048945607287
,,,wood,18.512853011055117,54.59874876724454
,,,grassland,18.515840257915237,54.59886270780331
,,,scrub,18.407879099916837,54.54623729040051
,,,wood,18.469732111797896,54.58983130716699
,,meadow,,18.42125877006475,54.59152815658178
,,meadow,,18.43735522762284,54.58410520619124
,,grass,,18.483157598201217,54.465681026339276
Cisowe Zbocze,nature_reserve,,,18.559812038481752,54.45749303769261
,,grass,,18.530467246570602,54.489336675693515
,,grass,,18.53020425026442,54.48932162960303
,,,grassland,18.432993818730825,54.47996062210401
,,grass,,18.50382906644555,54.500508919775655
,,,wood,18.439901280814045,54.498146086930575
,,,wood,18.553402024446903,54.46216439182314
Park Franciszka Ornassa,park,,,18.496667698278646,54.46387906049203
,,,wood,18.471816780458266,54.59839524498413
,,grass,,18.532571676532065,54.52003997612717
,,grass,,18.53250480461888,54.52019169334337
,,,wood,18.427686930554124,54.49607625872509
,,,wood,18.427833153666754,54.496403908675
,,,wood,18.425389356973113,54.49447901936465
,,,wood,18.425620064378933,54.494627889351094
,,grass,,18.54741798067231,54.48550535544154
,,,wood,18.550518977974527,54.48448374677998
,,grass,,18.54990781507786,54.48479939761414
,,grass,,18.550877064803593,54.48402696230861
,,grass,,18.551102598492765,54.48403012641427
,,grass,,18.559142635202296,54.47917318239947
,,grass,,18.559274721568542,54.47991360725585
,,grass,,18.55875549249275,54.47993934065427
,,grass,,18.559692766946185,54.47981927380952
,,grass,,18.54635687520897,54.486305594216105
,,grass,,18.54604768059779,54.486539974961275
,,grass,,18.555004155081235,54.48139891280908
,,,grassland,18.555247158205972,54.48160248380897
,,grass,,18.559859880029062,54.47977930464554
,,grass,,18.55971299667871,54.47986408122613
,,grass,,18.536480494940953,54.508283698054214
,,forest,,18.471441595454476,54.47074818870579
,,forest,,18.54656224695127,54.54781225301882
,,,wood,18.548282279700256,54.46459420020523
,,meadow,grassland,18.411100671004924,54.49443655931867
,,forest,,18.410422936767198,54.47397850231157
,,grass,,18.414288352525602,54.57345174435842
,playground,,,18.41451576942245,54.57342029109934
,,,grassland,18.452985194017327,54.45469992323554
,,grass,,18.479038390409528,54.53485001792887
,,meadow,,18.39992534688141,54.48397708788576
,,forest,,18.44736431356036,54.59404712792444
,,forest,,18.44641905047797,54.59435873288232
,,forest,,18.443766623756485,54.59372889656453
,,forest,,18.445404053113624,54.593208117142886
,,forest,,18.444941566201692,54.59393354846433
,,forest,,18.444981947432783,54.59439589843564
,,grass,,18.427421925188167,54.485070164547125
,,grass,,18.54363929843825,54.51557367646223
,,grass,,18.5434252,54.51535920000001
,,grass,,18.543316537584655,54.51566921481848
,,grass,,18.5434282017353,54.51525217539603
,,grass,,18.543231860093403,54.51545375462719
,,grass,,18.453605079381017,54.45483009499134
,,grass,,18.54211718709776,54.54419775014803
,,grass,,18.542080326675386,54.544332772932414
,,grass,,18.542718599999997,54.5447063
,,grass,,18.54246847236489,54.544718023326084
,,grass,,18.54222863798463,54.54465544434149
,,grass,,18.542103164177778,54.54457415107226
,,grass,,18.541970563166736,54.54465955089379
,,grass,,18.542217033845542,54.54432170282577
,,grass,,18.542082176145996,54.54427228651958
,,grass,,18.54207650856664,54.544400131528164
,,grass,,18.541817226516237,54.54440058754868
,,grass,,18.541854064180757,54.54428904795381
,,grass,,18.54195000755354,54.5442878920712
,,grass,,18.503407040392858,54.56483960918623
,,grass,,18.488131759916676,54.562446592597354
,,grass,,18.47918055,54.5493709
,,grass,,18.479344264541965,54.54946810274117
Kosmiczna kieszonka,park,,,18.48627277545237,54.560728332825605
Kieszonka na fali,park,,,18.49334998978978,54.53222818522949
,,greenfield,grassland,18.490746504803845,54.46970238470317
,,grass,,18.48891497225575,54.469143145363034
,,grass,,18.489602576262936,54.47033739623584
Kieszonka na kocyk,park,,,18.462885231086286,54.525066004215354
,,grass,,18.532689995604063,54.49946387632632
,,grass,,18.5327639802289,54.49955387878371
,,grass,,18.554834802183045,54.45028080956557
,,grass,,18.48983715137873,54.47143066105439
,,,wood,18.478647817486934,54.471999470180485
,,,wood,18.476870936221815,54.47309763825497
,,grass,,18.478641418122123,54.472672909529976
,,,wood,18.475729555471553,54.474393989012846
,,grass,,18.47411578880275,54.474723851160256
,,grass,,18.47779562796911,54.47343176075318
,,grass,,18.456616865825552,54.54330651597985
,garden,,,18.550680492602982,54.54626416212367
,,grass,,18.550737809788302,54.545609163416735
,garden,,,18.55055363822913,54.54627054087853
,garden,,,18.55050342652697,54.54613514953
,garden,,,18.550479399616524,54.54604564678432
,garden,,,18.550493188443486,54.545844080522144
,,grass,,18.550730855680975,54.5455422338313
,,grass,,18.55053071604112,54.54637570431127
,,grass,,18.55058931480238,54.54636507123158
,,grass,,18.550416318572825,54.5460141200112
,,grass,,18.550670720494075,54.545508664807684
,,grass,,18.55088216084794,54.545147389228376
,,grass,,18.530379022715575,54.522588563091034
,,grass,,18.528942833387653,54.52304136158006
,,grass,,18.5295638705531,54.52285571208493
,,grass,,18.53008671812116,54.52259823804343
,,grass,,18.530657062161527,54.52274944467939
,,grass,,18.530766987043204,54.52242330049503
,,grass,,18.530630830693234,54.52254778184778
,,grass,,18.530286508113804,54.522778190635684
,,grass,,18.508612050736964,54.562596152841316
,,grass,,18.508753,54.56254306666666
,,grass,,18.431926165553257,54.500012145883716
,,grass,,18.433843409865148,54.49921633747742
,garden,,,18.433237967697334,54.49920392255526
,garden,,,18.433076994829143,54.4991729116014
,,grass,,18.43318493204196,54.49967781273776
,garden,,,18.432790110885175,54.499294578082875
,garden,,,18.432977187448337,54.499497605425844
,,grass,,18.4326254,54.49961506666667
,,grass,,18.432501342481288,54.49964031962875
,garden,,,18.433205100000002,54.49978354999999
,garden,,,18.43316824096236,54.499738931582456
,garden,,,18.432436479255745,54.49980325230937
,garden,,,18.432360135144382,54.49986506629781
,,grass,,18.43243157786884,54.499894382033936
,garden,,,18.43243205846748,54.49994594343486
,garden,,,18.43249575082901,54.50000157789357
,garden,,,18.4327002875395,54.50002520155989
,garden,,,18.432603817915776,54.50009596632383
,,grass,,18.453406724394604,54.54438569096126
Ziołowa oaza,park,,,18.452424830727782,54.47185785840209
,,grass,,18.43120765972391,54.50124126856973
,garden,,,18.43183117179126,54.50089238260734
,garden,,,18.432190865468808,54.50111810288321
,garden,,,18.431507856054257,54.50124645420771
,garden,,,18.42989913131311,54.501483770720796
,garden,,,18.430029324304005,54.501395200829556
,garden,,,18.430208609801728,54.50129813833525
,garden,,,18.430232126085027,54.50140055307545
,garden,,,18.43035598512912,54.5012155376486
,garden,,,18.430507707216307,54.50118100362108
,garden,,,18.430543130144883,54.50126160658228
,garden,,,18.430591928210614,54.501333474436684
,,grass,,18.442639874526787,54.54817034572961
,,grass,,18.44332425223108,54.54694366310467
,,grass,,18.44281680942045,54.547089042714326
,,grass,,18.449424702650134,54.537758227887764
,,grass,,18.45619187975219,54.54365723577518
,,greenfield,grassland,18.494085871802433,54.56992735506228
,,grass,,18.533659485056095,54.549195847985885
,,grass,,18.534338212487725,54.549309094314836
,,grass,,18.5346730589186,54.54937181540252
,,grass,,18.53478843385538,54.54905987815908
,playground,,,18.534817116104435,54.549042125258055
,,grass,,18.494980602552697,54.566401586450354
Skwer,park,,,18.44931714593133,54.58991917127645
,,,wood,18.43126512749204,54.54935108925268
,,grass,,18.429096280982357,54.5504047380548
,,grass,,18.428781703361935,54.54995568574099
,,grass,,18.42930043035664,54.54980765390972
,,grass,,18.428466326987635,54.550234282369495
,,grass,,18.428600269830195,54.550374519749745
,,grass,,18.428726037766868,54.549908029857654
,,grass,,18.509009684142164,54.588898370764454
,,grass,,18.47209845576368,54.47539077659037
,,grass,,18.472611713986492,54.476391424546605
,,grass,,18.474513576630933,54.47108997016751
,,grass,,18.520634101468758,54.47197358056923
,,grass,,18.469210577367917,54.463936783162225
,,grass,,18.470126015369967,54.46718753741853
,,grass,,18.4805673644008,54.467571853533194
,,grass,,18.475683756099425,54.46934338492842
,,grass,,18.475229242193468,54.46794032270116
,,grass,,18.47782677210943,54.46803977101413
,,grass,,18.481852546098505,54.46489470746139
,,grass,,18.473238254778202,54.477442778357464
,,grass,,18.47323124934529,54.47888262261803
,,grass,,18.472714450471717,54.47771288109985
,,grass,,18.472062698413485,54.47697718745008
,,grass,,18.472445406488372,54.479394418751475
,,grass,,18.47178273818069,54.478695762113986
,,meadow,,18.432399777450673,54.46351340505959
,,,grassland,18.49211840618151,54.46155359186025
,,,grassland,18.490868628663964,54.46132503149706
,,meadow,,18.449970930381344,54.46659661276067
,,greenfield,grassland,18.450645258208144,54.4647346106044
,,,wood,18.44044895553522,54.453637624910805
,,meadow,,18.44017961853147,54.45391481711666
,,meadow,,18.43059763254124,54.451614557134185
,,grass,,18.472379192917156,54.47470463022245
,,grass,,18.472486080612786,54.47299014216596
,,grass,,18.466339359659745,54.46645766128175
,,grass,,18.47283446205618,54.472658391268645
,,grass,,18.47221462627389,54.4730187207906
,,grass,,18.475621778859196,54.469105952023966
,,grass,,18.474551641876047,54.47041019496128
,,grass,,18.474118344777278,54.47021317988615
,,grass,,18.484311298553923,54.46249279381926
,,grass,,18.481841160780107,54.463926078272586
,,grass,,18.48281072180345,54.471770019877965
,,grass,,18.482617808045603,54.472000863687455
,,,wood,18.498164880416578,54.57237575683737
,,grass,,18.4506404417417,54.45691252568444
,,grass,,18.449818129476572,54.45695645773855
,,grass,,18.449876008550017,54.45601814252411
,,grass,,18.426629698550418,54.454466966964375
,,grass,,18.440123051517674,54.45110372900658
,,grass,,18.436574367969328,54.450444025939895
,,grass,,18.441579799944204,54.45292173187103
,,forest,,18.54726656186527,54.56133498823909
,,grass,,18.425712964223035,54.45179555290666
,,grass,,18.435925826372028,54.44936896852686
,,grass,,18.427603906000748,54.44996125546508
,,meadow,,18.413191198256193,54.454549245226666
,,grass,,18.39934921860782,54.46052511299703
,,,grassland,18.55073705171334,54.48524043351321
,garden,,,18.55211459410997,54.48383662097961
,,,grassland,18.562689689809886,54.48107045385091
,park,,,18.552613262295154,54.483914693132114
,,grass,,18.4320279,54.50154855
,,grass,,18.43006277543843,54.50101453304914
,,grass,,18.52940007881414,54.5221057917411
,,grass,,18.529279621341026,54.52200493389105
,,grass,,18.392294273873546,54.4628355108279
,,,wood,18.549048949999996,54.514951249999996
,,greenfield,grassland,18.512769707768783,54.550008021504695
,,grass,,18.54879613995996,54.55911569917924
,,,grassland,18.552612385082117,54.46311295673704
,dog_park,,,18.52297655635322,54.47035023124066
,,grass,,18.46184590280419,54.47551764650466
,,,grassland,18.524246505931696,54.470484952635275
,,,wood,18.48319502891608,54.53321713310142
,,,grassland,18.52363895281365,54.47026520107948
,garden,,,18.532334938297335,54.51984310773229
,,grass,,18.532368939923114,54.519962444231716
,,grass,,18.513080863266325,54.53490871342942
,garden,,,18.513381096729507,54.534613400275575
,,grass,,18.513956647502418,54.53474330185603
,garden,,,18.514186442607762,54.53453562793142
,garden,,,18.514411513879296,54.534352924639705
,garden,,,18.51466832085558,54.534418950548876
,,grass,,18.514641981933355,54.53442962781571
,garden,,,18.514431533705295,54.534353988653436
,garden,,,18.514707023600053,54.534589310231866
,,grass,,18.514677364175295,54.534583717767795
,,grass,,18.514483427507507,54.53476051773202
,garden,,,18.514508505292227,54.534769169528886
,garden,,,18.51422939700325,54.5347979277282
,,grass,,18.51432073359807,54.5348404694617
,garden,,,18.514302004986902,54.5349553589702
,,grass,,18.514132149964855,54.534883683346116
,,grass,,18.513581753919436,54.535312050641835
,garden,,,18.5137591032069,54.53545327782427
,,,grassland,18.56231024997658,54.453371119291624
,,,grassland,18.56112832552692,54.45296065560047
,,,wood,18.56094458377777,54.45826982121624
,,grass,,18.52430202491468,54.513872017559564
,,grass,,18.450347243789352,54.46045254640509
,,grass,,18.450569052261244,54.46052938717383
',,grass,,18.45111800450188,54.460812643202395
,,grass,,18.450581226390195,54.46047310013292
,,grass,,18.450879548327077,54.46072072493359
,,grass,,18.55653365345604,54.518603988951575
,,grass,,18.557643987197775,54.51855121888528
,,grass,,18.557666548499004,54.518706302236694
,,grass,,18.55668054369153,54.51875177410581
,,grass,,18.53417147786789,54.50761240604794
,,grass,,18.53407137897037,54.5069643405602
,,grass,,18.53380126257904,54.50581482395263
,,grass,,18.533320976311288,54.50417234253763
,,grass,,18.533701444517526,54.50653293612715
,,grass,,18.533618643483482,54.50670850674457
,,grass,,18.53352458967361,54.50642129578596
,,grass,,18.53365300474777,54.5062114380853
,,grass,,18.533473538318557,54.50614982436523
,,grass,,18.533474622100858,54.50571885736022
,,grass,,18.53327058552329,54.50566164998515
,,grass,,18.532900160894446,54.50500313230875
,,grass,,18.533214150026986,54.50504212362507
,,grass,,18.5326539892086,54.50440785927081
,,grass,,18.53300402688447,54.504394257135836
,,grass,,18.532988949402682,54.50419789405676
,,grass,,18.53285426663931,54.50405892678585
,,grass,,18.532864931483005,54.50370414639325
,,grass,,18.532856188948735,54.503254118157194
,park,,,18.432054897092623,54.500899879182825
,,grass,,18.430602654064288,54.502114484939085
,garden,,,18.5312902,54.5207639
,garden,,,18.531151306425585,54.520822519014104
,garden,,,18.531013036214972,54.52087808186976
,garden,,,18.530877399999998,54.5209341
,,grass,,18.50957812027003,54.49837675071077
,,grass,,18.491562177574288,54.531212972177066
,,grass,,18.48876957620512,54.53163179658411
,,grass,,18.51957109717899,54.51897526446602
,,,grassland,18.50064788004956,54.56872537264835
,garden,,,18.534408950000003,54.519816600000006
,garden,,,18.53421215,54.519825749999995
,garden,,,18.53401509389051,54.51983452139397
Rondo Marszałka Macieja Płażyńskiego,,grass,,18.404211413695176,54.5769544139314
,,,wood,18.554900704976635,54.47358971895347
,,grass,,18.548921490934987,54.517324496336926
,,grass,,18.549608233989762,54.51754542395844
,,greenfield,wood,18.548400668970185,54.50529205996169
,,,wood,18.548228895016752,54.504886448654204
,,,wood,18.54193698846505,54.515879745491596
,,,wood,18.542160008126956,54.51614937124253
,,,wood,18.54261500069537,54.516300806016915
,pitch,,,18.5015622597637,54.53103329148411
,,greenfield,grassland,18.550777513858748,54.51081200481751
,,grass,,18.519593688692105,54.518922239393646
,,grass,,18.51999533953379,54.51901481377259
,,grass,,18.538409457361805,54.52243920206292
,park,,,18.539264973775637,54.5140472565185
,,,grassland,18.505400082052684,54.478073260651385
,,grass,,18.536391029635787,54.51488906592603
,,grass,,18.53620947243745,54.51500174079002
,,grass,,18.537023177868846,54.5149001690405
,,grass,,18.53671825268366,54.51486956304744
,,grass,,18.536467946142135,54.515156782154705
,,grass,,18.536745867970563,54.51506939974455
,,,wood,18.529226486186595,54.522659862501456
,,grass,,18.529460411778416,54.52259512048653
,,,wood,18.45129027592924,54.46718112975345
,,meadow,,18.452317795851073,54.468235895651986
,,meadow,,18.453796010275095,54.467898023753825
,,meadow,,18.452579617612923,54.46705765736009
,,meadow,,18.45043318625042,54.46850382682086
,,grass,,18.43454620877203,54.49579360629239
,,,grassland,18.508682526980266,54.47525939888683
,,greenfield,grassland,18.508363680280713,54.476997887690445
,,greenfield,grassland,18.507036380075075,54.47613524626764
,,greenfield,grassland,18.508376444572306,54.47769583290063
,,,grassland,18.50729211781798,54.47888663615068
,,,grassland,18.50766752464389,54.47809383932661
,garden,,,18.53134972349374,54.52136680216919
,,,wood,18.544489233267743,54.50670954283345
,,greenfield,grassland,18.504159923727094,54.496549709030695
,,,grassland,18.426566492429426,54.50214810154306
,,,grassland,18.426379122872458,54.503944775283664
,,greenfield,grassland,18.546339586847193,54.493415979706654
,,forest,,18.442387663846105,54.53732523983963
,,forest,,18.44452521645586,54.537426089219785
,,grass,,18.526161487299653,54.51578488283351
,,grass,,18.527340107218954,54.516039946684906
,,grass,,18.527207665364813,54.516191603855326
,,farmyard,,18.548739576401903,54.46879150572681
,,residential,,18.54840179128354,54.46943928931902
,,,wood,18.553316973422344,54.46863020551614
,,,wood,18.553887152807473,54.466824999958945
,,,grassland,18.533824769018704,54.46915282892611
,,orchard,,18.534179949932245,54.46871720641833
,,,grassland,18.533463261214095,54.468686381578514
,,farmland,,18.53598402880348,54.46890671400031
,,,grassland,18.543228675206972,54.46941762595871
,,,grassland,18.54154007056273,54.4822865912286
,park,,,18.54014616548124,54.481638734752664
,,,grassland,18.553680177208644,54.46944101669078
,,grass,,18.552856853489466,54.46922487094648
,,,,18.43846867322303,54.57403129410992
,,grass,,18.550265521536446,54.51357868166904
,,grass,,18.55301219937515,54.50967111585929
,,grass,,18.551899002980065,54.511302869707684
,,grass,,18.551276244510372,54.512183819221605
,,grass,,18.550639696635685,54.5130577513078
,,grass,,18.549728271487478,54.5141825331723
,,grass,,18.5539113492881,54.50835119924804
,,grass,,18.55403910581013,54.50820943386106
,,grass,,18.55417862709142,54.50795209235361
,,grass,,18.55438728087135,54.507643201103924
,,grass,,18.554646799820393,54.50727681365954
,,grass,,18.55487487423192,54.50693952511048
,,,grassland,18.45724524428542,54.45239967974962
,,,wood,18.45764977185873,54.45213681321581
,,meadow,,18.460738554027827,54.45265308985016
,,greenfield,grassland,18.45953673510514,54.450560284034296
,,greenfield,grassland,18.460957748562894,54.450423335698666
,,,grassland,18.461332459375168,54.45036192165691
,,greenfield,grassland,18.461652587423245,54.450326287754876
,,greenfield,grassland,18.455490285319524,54.453750413592445
,,,grassland,18.4480595480773,54.45139294673729
,,,grassland,18.44652231021651,54.4511321421402
,,,wood,18.528834229734965,54.514202276270886
,,,wood,18.529227731582147,54.514506492611794
,,,wood,18.530049546031307,54.51462744513663
,,grass,,18.54746272432115,54.54292514583916
,,grass,,18.54817307027891,54.543097518905626
,,,scrub,18.40399126407581,54.54263209662678
,,grass,,18.50901258230713,54.558324994123616
,,grass,,18.510704497146126,54.55953625588893
,,grass,,18.51066227777498,54.55933070308519
,,grass,,18.530540618888498,54.54886411243233
,,grass,,18.553052507673723,54.45571340554305
,,greenfield,grassland,18.547614963258596,54.462549730579624
,,greenfield,grassland,18.549688485667527,54.46191648415962
,,,scrub,18.55508968253175,54.46263796684909
,,,grassland,18.556517850788914,54.46142332255312
,,,wood,18.548464161264057,54.45774375014529
,,greenfield,grassland,18.547043289314658,54.456504223015614
,,,wood,18.552404484405386,54.456356574076835
,,grass,,18.533982230981454,54.499252394166156
,,grass,,18.534547771198195,54.49875648125246
,,grass,,18.563055649728955,54.45257171377824
,,grass,,18.468856388913434,54.545836645321046
,,grass,,18.53259043977938,54.5080538574398
,,,wood,18.530355405979837,54.50961944243783
,,,grassland,18.457723826558727,54.45429903997317
,,greenfield,grassland,18.54513554955862,54.481979284587666
,,,grassland,18.55948680798243,54.45362497962587
,,residential,,18.559313511381053,54.45385898409847
Centrum Integracji Społecznej,,,,18.558064194816797,54.45462095755313
,,residential,,18.558951405464363,54.45068721151543
,,residential,,18.559169474959152,54.45112150800274
Willa Maria,,residential,,18.55955504621971,54.45333979779536
,,grass,,18.44941075692197,54.590013172963964
,,grass,,18.449941133597104,54.59000474650509
,garden,,,18.449471176131492,54.58990790608298
,,grass,,18.55013866522556,54.46170624872106
,garden,,,18.532292100000003,54.52106105000001
,garden,,,18.5323286,54.52109425
,park,,,18.497422171537867,54.4655732337219
,,grass,,18.54955466521274,54.498730527051926
,,greenfield,grassland,18.42133953918877,54.500963671503754
,,greenfield,grassland,18.421404975745936,54.50129622168408
,garden,,wetland,18.497881207894856,54.565766927847235
,,,wood,18.544202802644687,54.57872846092544
,,grass,,18.545897105191372,54.48466556910845
,,grass,,18.545603460393163,54.484813459423755
,,grass,,18.54694337680281,54.48392119939813
,,grass,,18.54683458832697,54.48386563913396
,,,wood,18.519387532595356,54.51907826042858
,,,wood,18.522052523322927,54.51988089226912
,,grass,,18.553243519246166,54.51798294975171
,,grass,,18.53906130475246,54.51021285596776
,,grass,,18.539134163847468,54.51532231835103
,,grass,,18.53946456739499,54.51588147777806
,,grass,,18.53924254346622,54.51561512640327
,,,grassland,18.541137939131332,54.48631591652241
,,grass,,18.480951752381443,54.56343836512029
,,,grassland,18.485977777106644,54.564404975242
,,grass,,18.482356467693712,54.564225871369715
,,grass,,18.482618237469307,54.56436393853669
,,grass,,18.482233786793998,54.56448454431092
,,grass,,18.544544761975974,54.51432820536819
,,,sand,18.526551458121034,54.54650475036461
,,,sand,18.525947903772547,54.546816996539064
,,grass,,18.501078822275055,54.56526789393405
,,grass,,18.501198323205582,54.56513214785655
,,grass,,18.50144046202162,54.56500978804281
,,grass,,18.501671453537448,54.56488933805396
,,grass,,18.501852682008128,54.5647933063343
,,grass,,18.50206657795505,54.56469017591435
,,grass,,18.502177533532176,54.56455273218363
,,grass,,18.50542002100485,54.56406239016135
,,grass,,18.50527663167453,54.56395581520318
,,grass,,18.503870166688298,54.56402673027339
,,grass,,18.503893249235784,54.56391512696369
,,grass,,18.50403305333644,54.56387788374091
,,grass,,18.505463047667998,54.56423691923353
,,grass,,18.505378100020046,54.564228628985624
,,grass,,18.506007228100017,54.56453913523634
,,grass,,18.503545627164645,54.563692072902654
,,grass,,18.502690114262617,54.56375270806306
,,grass,,18.5029359222768,54.56377603158313
,,grass,,18.503177768632593,54.56379934857192
,,grass,,18.503424325554445,54.5638243823917
,,grass,,18.502636271765088,54.56348215487311
,,grass,,18.504395284878733,54.56364667781845
,,grass,,18.505365216362375,54.563740471555846
,,grass,,18.505744508786076,54.56421908006974
,,grass,,18.50399161438824,54.563678807894604
,,grass,,18.505826231799045,54.56381787525575
,,grass,,18.50624497480596,54.56378113051115
,,grass,,18.501196871139697,54.54772274009226
,,grass,,18.500971851412718,54.54786734224688
,,grass,,18.50087552588854,54.54804111276085
,,grass,,18.50063312970146,54.548177132544275
,,grass,,18.502399128193783,54.54811827012683
,,grass,,18.50261436148665,54.5483294144664
,,grass,,18.502767119359603,54.54813384388419
,,grass,,18.504488131350833,54.54748272278389
,,grass,,18.50517152077868,54.5483222457748
,,grass,,18.502665562303957,54.547521662654376
,,grass,,18.502444996695893,54.54760894952645
,,grass,,18.501542808016392,54.5469647083018
,,grass,,18.501644045041544,54.54686523719129
,,grass,,18.501686778387036,54.54672777509926
,,grass,,18.502023024655376,54.54711205769311
,,grass,,18.50198851713144,54.546957188832096
,,grass,,18.456655292833602,54.542789733846206
,,grass,,18.457284669195314,54.542670318239765
,garden,,,18.521797653491365,54.54853749932381
,,grass,,18.48108205479464,54.56502816419744
,garden,,,18.55504437497336,54.54805433136283
,,forest,,18.553176651005348,54.550667396536916
,,grass,,18.4394791306827,54.44925214915352
,,grass,,18.44478124604878,54.45360333425069
,,grass,,18.519881527962596,54.5187797220955
,,,wood,18.52659531969125,54.51612925575459
,garden,,,18.519902375113972,54.49793164495827
,,grass,,18.438761730529524,54.457392710262525
,,meadow,,18.445583726167122,54.46207597065039
,,meadow,,18.44429857134917,54.463114186715565
,,,grassland,18.44532268175623,54.46310366366872
,,,grassland,18.445581679805496,54.45736417192429
,,,grassland,18.446102024634907,54.45710369364673
,,,grassland,18.434246210158587,54.484922663573705
,,,grassland,18.436151295061514,54.48705579507123
,,grass,,18.43475505610125,54.50074065039892
,,grass,,18.43108586562655,54.50084303631645
,,,grassland,18.432687591375764,54.49863827690863
,,,wood,18.433265587525796,54.498445860453955
,,,wood,18.432182147323097,54.49806279928723
,,,grassland,18.43178018020789,54.498032558981045
,,,grassland,18.43653882916172,54.497850936766575
,,,grassland,18.432929311670144,54.4980195297414
,,,grassland,18.431172224794953,54.496932987946344
,,grass,,18.41383795836318,54.559255101817506
,,grass,,18.41415369843905,54.55996319691813
,,grass,,18.407021517779565,54.560893634911906
,,grass,,18.41053483523005,54.55971590641694
,,grass,,18.411123972667035,54.55951382192693
,,grass,,18.41203387742845,54.55921512512224
,,grass,,18.406187004100058,54.55936679105505
,,grass,,18.406350475278675,54.55947859380534
,,grass,,18.405952956233595,54.559400042983995
,,grass,,18.40577331619037,54.55948831217501
,,grass,,18.405596113262128,54.559575735447346
,,grass,,18.40599817767762,54.559961296759354
,,grass,,18.406195254551847,54.55988978848723
,,grass,,18.406391762259936,54.55981928100914
,,grass,,18.406616252570224,54.55983336475479
,,grass,,18.40599721884296,54.56006131129037
,,,wood,18.413466027007964,54.56300306462675
,,grass,,18.414573292903338,54.5627337878559
,,grass,,18.414693365995053,54.56270395970919
,,grass,,18.4144338,54.56284775
,,grass,,18.41468368919033,54.562870069980434
,,grass,,18.413584312045597,54.56309714040116
,,grass,,18.41156595521427,54.563514652817204
,,grass,,18.41089746568249,54.56377941222564
,,grass,,18.410494589432822,54.563931479992654
,,grass,,18.410059675385273,54.56404333280929
,,grass,,18.409816653945224,54.56381654944198
,,grass,,18.41025620712216,54.56367429716878
,,grass,,18.414811845993604,54.56301581310511
,,grass,,18.41470933221664,54.56308780981757
,,grass,,18.41488733464591,54.56272069304621
,,grass,,18.414869104237724,54.56255485281294
,,grass,,18.414692713884154,54.562418726785445
,,grass,,18.414640368732247,54.56235114604374
,,grass,,18.414240222805667,54.56273296989486
,,grass,,18.54539236205033,54.52241500649368
,,grass,,18.413099910953587,54.55991720378111
,,grass,,18.413479282838143,54.5605089752993
,,,wood,18.41196824845565,54.560910495250724
,,,wood,18.4114079523253,54.56087661660386
,,,wood,18.41140756131621,54.56105173155622
,,,wood,18.411667583563386,54.56109338387321
,,grass,,18.412146261390717,54.56101462340601
,,grass,,18.411747976529284,54.56114665633033
,,grass,,18.41139137330922,54.56094902937235
,,grass,,18.41102487485778,54.56114502556146
,,,wood,18.411812703273082,54.560815731868495
,,grass,,18.41458830592823,54.56227278051976
,,grass,,18.414527129504293,54.562070629060806
,,grass,,18.414240029841984,54.56163391406237
,,grass,,18.414079482389564,54.56149907175345
,,grass,,18.414206242043626,54.56138807933738
,,grass,,18.413785521677113,54.56132026999812
,,grass,,18.413731409092176,54.56125410753473
,,grass,,18.41395629212041,54.56131424187021
,,grass,,18.413881295949924,54.56170100156501
,,grass,,18.4139499186223,54.56157627885617
,,grass,,18.413697753370233,54.56140076786528
,,grass,,18.4138422875247,54.561144841563326
,,grass,,18.414299045449464,54.561832097574715
,,grass,,18.414346796281087,54.56190644727301
,,grass,,18.41623046542228,54.56255687923233
,,grass,,18.41403931585221,54.56120408928684
,,grass,,18.413654038454375,54.560768076595096
,,grass,,18.413597888776952,54.56101374473071
,,grass,,18.41335288868896,54.56064866682286
,,grass,,18.413073956626487,54.56054470651832
,,grass,,18.413197032750354,54.56064084664229
,,grass,,18.413092124802468,54.56026345914804
,,grass,,18.413475164905236,54.56034569065341
,,grass,,18.412333674110144,54.55848931464329
,,grass,,18.411895982073123,54.55785345422815
,,grass,,18.41209195350873,54.557837247063
,,grass,,18.41225693072979,54.557785017916856
,,grass,,18.412452992676325,54.5579007296288
,,grass,,18.412560350374587,54.558414802652216
,,grass,,18.41308612524729,54.55848327881329
,,grass,,18.413634218179567,54.55756054291564
,,grass,,18.41478215438836,54.55732176520686
,,grass,,18.41475975421457,54.55761552825874
,,grass,,18.4157925643075,54.55756578010291
,,grass,,18.412226048066273,54.55932401979545
,,grass,,18.412176262903696,54.5595363063822
,,grass,,18.412212193572202,54.56077063291976
,park,,,18.411574908952495,54.56100266619756
,,grass,,18.412136409862843,54.561286507050156
,,grass,,18.41186964656256,54.5614467154162
,,grass,,18.411300037363816,54.56148681225182
,,grass,,18.41074899850044,54.56136842098893
,,grass,,18.410953298700385,54.561519069307266
,,grass,,18.410618892695112,54.561426090879905
,,grass,,18.410510321936666,54.56151416837677
,,grass,,18.41037160576975,54.561473583808656
,,grass,,18.51994978520853,54.518774303330076
,,,wood,18.52224580048993,54.51802667112763
,,,wood,18.50850935523168,54.56349243192446
,garden,,,18.534023750000003,54.521161750000005
,garden,,,18.5351016731018,54.52119720778507
,garden,,,18.535173120219834,54.52124702563048
,garden,,,18.534829576794444,54.521189292742676
,garden,,,18.534711753124768,54.52118607921438
,garden,,,18.5345726553224,54.521181791494826
,garden,,,18.53443453332917,54.521177753597634
,garden,,,18.53431053758429,54.5211743049081
,garden,,,18.534114509091253,54.521168617160924
,garden,,,18.5340368,54.521217
,garden,,,18.535029452944773,54.521242979025544
,garden,,,18.53487803007058,54.521238724424045
,garden,,,18.53473406409788,54.52123544240465
,garden,,,18.534459773483505,54.521228055086205
,garden,,,18.53430500184549,54.521223800795255
,,,grassland,18.48857074414895,54.46331189034136
,,,grassland,18.487203220555635,54.463369889938015
,,,grassland,18.48868614503397,54.46425631265351
,,,grassland,18.4874033902853,54.46464708473229
,,,grassland,18.504838076547493,54.4777475298211
,,,grassland,18.5042841127735,54.4777569369977
,,grass,,18.49480583796981,54.47245576751235
,,,grassland,18.491785146014013,54.465472785099884
,,,grassland,18.489435341369923,54.46446685160807
,,greenfield,grassland,18.49190186359116,54.46621019871109
,,,grassland,18.490594535548947,54.465933061360325
,,,wood,18.489970687807816,54.46623277666726
,,grass,,18.53958528547363,54.51717556316728
,,,wood,18.505014296543102,54.551536655588286
,,,grassland,18.519242943937986,54.46761979627056
,,grass,,18.498301472657516,54.572708288385954
,,grass,,18.499419750206293,54.57224337597499
,,grass,,18.49431555678517,54.5839478242977
,,grass,,18.521302943325882,54.518186842623464
,,grass,,18.521482875640814,54.518216112263715
,,grass,,18.521767765673616,54.51807115069643
,,,wood,18.546470449067257,54.48536471078771
,,greenfield,grassland,18.54358949460354,54.48440092821913
,,grass,,18.542716751160658,54.48421586259192
,,grass,,18.533499327237198,54.51478182564367
,,grass,,18.504723623720743,54.5290210016529
,,grass,,18.50370628351027,54.52935747916938
,,grass,,18.503298768164644,54.529513350178775
,,grass,,18.502876809967567,54.52960714853826
,,grass,,18.51673294577716,54.5251988028948
,,grass,,18.516492997970985,54.52520583937249
,,grass,,18.515836100630015,54.52536977800846
,,grass,,18.51643917767803,54.52539466028442
,,,grassland,18.53539452972361,54.48908339521391
,,greenfield,grassland,18.530512168009636,54.48757796472747
,,greenfield,grassland,18.533958867442617,54.48418917805765
,,greenfield,grassland,18.533254171556855,54.48400780782775
,,,grassland,18.54670867010263,54.49377973480402
,garden,,,18.533177400000003,54.52112304999999
,garden,,,18.5326372,54.521110050000004
,garden,,,18.532738499999997,54.521112249999995
,garden,,,18.532536,54.521107349999994
,garden,,,18.53210449326647,54.521089008638285
,,grass,,18.490047559265093,54.471075892809125
,,greenfield,grassland,18.54809115930953,54.504519691334195
,,grass,,18.54172186582505,54.51475417209541
,,grass,,18.542149396059436,54.51307107410479
,,,wood,18.542312592875966,54.512188261495304
,,,wood,18.542876766042482,54.51274931488754
,,,wood,18.542156041242887,54.51273723565242
,,,grassland,18.554211312198927,54.466309897281064
,,,grassland,18.540981511190985,54.46803480186125
,,,grassland,18.54322651242474,54.466999702010106
,,,wood,18.543612858070432,54.467817956793745
,,,wood,18.530998958869,54.47876880679609
,,,grassland,18.549509044609085,54.472747432445146
,,,wood,18.549167677527443,54.47262280005726
,,,wood,18.549847073739105,54.47364572300848
,,,wood,18.547807012807652,54.47355945274659
,,,grassland,18.546703144085,54.47292467673766
,,,grassland,18.54106313025095,54.47230182417184
,,,wood,18.543745717650847,54.463323217648465
,,grass,,18.52473134688853,54.46984740478801
Dziki Sad,park,,,18.536555958360697,54.48129551742982
,,,wood,18.536313753780444,54.48182045124013
,,,grassland,18.537103523537095,54.478823359441996
,,greenfield,grassland,18.54058437767396,54.477781352710885
,,greenfield,grassland,18.539651947516976,54.477748382699865
,,greenfield,wood,18.539476651416532,54.478388385152506
,,greenfield,grassland,18.542125236548486,54.47612305377532
,,,grassland,18.54886149269555,54.47420332995
,,grass,,18.548155066509228,54.47461707157329
,,,wood,18.554039827910202,54.46985336551666
,,grass,,18.54668926012597,54.47574086410574
,,greenfield,wood,18.51854824352021,54.4728246585032
,,greenfield,grassland,18.518381055638407,54.47304975478336
,,,wood,18.536443772448873,54.481069011752616
,,grass,,18.53078195553911,54.496803126921826
,,grass,,18.53096227990522,54.49669590670302
,,grass,,18.532425905222365,54.49684354214192
,,grass,,18.5326838475252,54.503025840082735
,,grass,,18.53265778900687,54.50272729412577
,,grass,,18.532594805738608,54.50229948708579
,,grass,,18.532600296760354,54.50196641497298
,,grass,,18.532530079312867,54.502033565127924
,,grass,,18.53238251879212,54.50199515870331
,,grass,,18.532961841238645,54.503572022278675
,,grass,,18.532411455015605,54.5017731375214
,,grass,,18.53254114985085,54.501792129743656
,,,grassland,18.548178750906796,54.45630070292431
,,,wood,18.552503448538925,54.45516548726895
,,,wood,18.555018039149807,54.4527601101661
,garden,,,18.551780659762994,54.4511523485603
,,grass,,18.41909447975265,54.45311355059213
,,grass,,18.444146809384723,54.450017701505296
,garden,,,18.534958793239174,54.5211677085047
,garden,,,18.53415675,54.5211443
,garden,,,18.535060483935446,54.52116712431711
,garden,,,18.534257976876567,54.52114369128074
,garden,,,18.53366502894982,54.521079905232845
,garden,,,18.533766149999998,54.52108499999999
,garden,,,18.532003560857003,54.521082715636844
,,grass,,18.531532264468268,54.50802271457527
,,grass,,18.530906045393973,54.50797940230962
,,grass,,18.530296176177956,54.507993582385204
,,grass,,18.52921809067249,54.50788134796232
,,grass,,18.531109397490955,54.508211376192115
,,grass,,18.530279712911124,54.50813321516889
,,grass,,18.529890600365402,54.50809349182771
,,grass,,18.533694980477346,54.5079530620437
,,grass,,18.53488658182842,54.507819971254776
,,grass,,18.534990623109508,54.50731859141901
,,grass,,18.53494097378191,54.50761008734097
,,grass,,18.534810255630322,54.50699056091846
,,grass,,18.53490538899492,54.50886356009719
,,grass,,18.532324621920857,54.50965016356984
,,grass,,18.53240074884956,54.5094867008956
,,grass,,18.53240396141294,54.50933227450896
,,grass,,18.532347247349875,54.509030736549846
,,grass,,18.532329111482138,54.50887862080431
,,grass,,18.532153934619732,54.508654440321195
,,grass,,18.532115843756802,54.50883787403792
,,grass,,18.531535925855362,54.50873027353183
,,grass,,18.53155112343938,54.51928695612923
,,grass,,18.543970439877327,54.516596664489214
,,grass,,18.543656381016813,54.5168152484717
,,grass,,18.544017182381012,54.517009911995466
,,grass,,18.544398717766445,54.5167728755715
Park Rodzinny,,recreation_ground,,18.524104337415892,54.470056416272776
,,grass,,18.544836758986264,54.48509603419188
,,grass,,18.50069307256776,54.47079036227976
,,grass,,18.51303355082733,54.47259744052662
,,grass,,18.51291840764927,54.4724609736662
,,grass,,18.457579263173052,54.50042862096486
,,grass,,18.457421939568565,54.50044386834372
,,grass,,18.4571484030287,54.50043612087479
Skwer Świętej Urszuli Ledóchowskiej,,grass,,18.4578747153722,54.5004184335575
,park,,,18.563157145373196,54.48050923577203
,,,grassland,18.565480604598214,54.48284074550246
,,,grassland,18.55889720400387,54.48112410680359
,,,grassland,18.556160526565158,54.48153533347165
,,,grassland,18.556033204528504,54.481214536867896
,,greenfield,grassland,18.547821734988716,54.49932922655909
,,grass,,18.537760430077437,54.51500023426622
,,grass,,18.53783704039978,54.51406882879136
,,grass,,18.53779945854677,54.513881060147135
,,grass,,18.537734230264633,54.513593766041645
,,grass,,18.537516371212522,54.51245255993024
,,grass,,18.537409086259757,54.511951462628865
,,grass,,18.53736313068045,54.51175920176748
,,greenfield,grassland,18.543605589907614,54.556391214953045
Skwer Plymouth,park,,,18.53865754066138,54.50863865291246
,,,grassland,18.517277770018044,54.478973462285225
,,grass,,18.461481633543304,54.44982064897487
,,,grassland,18.443173507043717,54.48087187378752
,,grass,,18.481277169018053,54.464753298076815
,,,grassland,18.480278622078412,54.465399144661404
,,grass,,18.5111743307874,54.46904936044656
,,grass,,18.528023213088535,54.5206759300687
,,grass,,18.541773484378446,54.52487915013532
,,grass,,18.541906316852945,54.52504552395319
,,grass,,18.541824608259315,54.52512771095091
,,grass,,18.541744747949217,54.525203890801585
,,grass,,18.541649076912677,54.5252893010848
,,grass,,18.539138716226265,54.52398310552299
,,grass,,18.53946927538608,54.52410401100466
,,grass,,18.521640031819928,54.52476675763926
,,grass,,18.520401875377384,54.52533301219889
,,grass,,18.533076904055754,54.50470149895614
,,grass,,18.504156465349872,54.49610585411383
,,grass,,18.504057020652102,54.496037136904285
,,grass,,18.503742783244068,54.496223659233706
,,grass,,18.50358267347553,54.496263240246364
,,grass,,18.503462813284262,54.496198272147126
,,grass,,18.503271408933113,54.49635046936812
,,grass,,18.502984415161194,54.4964278473854
,,grass,,18.502705389350357,54.49650641340957
,,grass,,18.5023701867481,54.49660065729113
,,grass,,18.50158666743096,54.49671126978235
,,grass,,18.501436581299835,54.496852041023665
,,grass,,18.501349711640877,54.49677742338036
,,grass,,18.50092409767675,54.49693229193553
,,grass,,18.50113547064212,54.496943940333075
,,grass,,18.501278407800253,54.496974856455324
,,grass,,18.500319704936945,54.49737830392949
,,grass,,18.50038062281632,54.49751323643609
,,grass,,18.500301188968564,54.4977574127808
,,grass,,18.50008558604609,54.497977630415484
,,grass,,18.500211554571543,54.49814828927847
,,grass,,18.457461513262132,54.50091583244428
,,grass,,18.457407319291168,54.50121757591063
,,grass,,18.457314168923784,54.501018653150446
,,grass,,18.45729677478554,54.501125237682466
,,grass,,18.45727997844646,54.501213060587595
,,grass,,18.45726353326527,54.501296658193006
,,grass,,18.457386402156853,54.50148582683283
,,grass,,18.45724994973959,54.501502510618344
,,grass,,18.457389281370464,54.50156292152972
,,grass,,18.457399952151597,54.50168034368429
,,grass,,18.457279741216716,54.50169678782571
,,grass,,18.45726752502469,54.5016156432534
,,grass,,18.45725743915269,54.50155161317874
,,grass,,18.45729403737532,54.50178411162657
,,grass,,18.457310025198982,54.50190335795147
,,grass,,18.457338269571526,54.5020974845551
,,grass,,18.457474481585933,54.502215969255644
,,grass,,18.457368118895033,54.50229386718756
,,grass,,18.50314551958989,54.52913526529217
,,grass,,18.542080096857752,54.52501918605685
,,grass,,18.54222739413048,54.525034017589
,,grass,,18.54232259320519,54.525043221618056
,,grass,,18.54241902413479,54.52505238408705
,,grass,,18.542508764652286,54.52506009307534
,,grass,,18.542598376133338,54.52506549338932
,,grass,,18.54268244153718,54.52506892622975
,,grass,,18.542766436924534,54.52507187907168
,,grass,,18.54283351367062,54.52508023799539
,,grass,,18.54145507216971,54.52974442415501
,,grass,,18.532343294713655,54.51184761038377
,,grass,,18.50235720829843,54.52935777779748
,,grass,,18.503419337960036,54.529056648183854
,,grass,,18.506111560496535,54.528621115634245
,,grass,,18.50729559774084,54.52828537455821
,,grass,,18.542334740358488,54.52468167254028
,,grass,,18.54248204572734,54.52488681068327
,,grass,,18.499644332582246,54.46988124227011
,,grass,,18.417202876190085,54.565622881111324
,,grass,,18.4174533417305,54.56563594909503
,,grass,,18.49098039453398,54.56280281992414
,,grass,,18.493489122393907,54.56287805044319
,,grass,,18.494304080338697,54.56290182990957
,,grass,,18.49568761618969,54.56294155362005
,,grass,,18.540899345531674,54.580631864489824
,,grass,,18.540516531291303,54.58091450109475
,,grass,,18.54077468829976,54.58087320206918
,,grass,,18.540635361873935,54.580990940595534
,,grass,,18.540498709800914,54.58110746357382
,,grass,,18.540213307292582,54.58121120460685
,,grass,,18.54011154259449,54.580937090425174
,,grass,,18.54023745,54.58083045
,,grass,,18.54036070129811,54.58072571903616
,,grass,,18.54004760834081,54.58074324217799
,,grass,,18.539231697966198,54.5814784166564
,,grass,,18.516946243229256,54.51694017676369
,,grass,,18.532188166449053,54.512189556261674
,,grass,,18.532459173894594,54.512248857725005
,,grass,,18.549058305295983,54.49939292891413
,,grass,,18.549135788677717,54.49953607346663
,,grass,,18.549335593339347,54.49943266008315
,,grass,,18.549261807539676,54.49927710423435
,,grass,,18.533571607746598,54.51985176554628
,,grass,,18.533052790331052,54.51987842108471
,,grass,,18.524913425984227,54.51297188915036
,,grass,,18.47970778851916,54.596649316991915
,,grass,,18.480101758610246,54.59714735085373
,,grass,,18.47987724474485,54.59703535259049
,,grass,,18.47979452307693,54.596452849804194
,,grass,,18.479625762955415,54.596463291564156
,,grass,,18.479876062116293,54.596641450339945
,,grass,,18.481613650472347,54.59888882194095
,,grass,,18.533048689141708,54.51480851058837
,,grass,,18.53336732292122,54.51485214673098
,,grass,,18.533743791217162,54.514989501492884
,,grass,,18.436402900313787,54.45287002164081
,,grass,,18.436736800015424,54.45286627576286
,,forest,,18.437675427924773,54.45202210549956
,,greenfield,grassland,18.525611371764313,54.5209731207096
,,greenfield,grassland,18.54720561679541,54.50543190779611
,,,wood,18.54567215647111,54.507637166438606
,,greenfield,grassland,18.560566693162656,54.478005221424674
,,greenfield,grassland,18.559561193535302,54.4770366448859
,,greenfield,grassland,18.532846802119593,54.4970020816082
,,grass,,18.525323778546404,54.51591675861206
,,,grassland,18.408093640433076,54.49938742572894
,,greenfield,grassland,18.408325222434957,54.49684163467525
,,greenfield,grassland,18.406984439181095,54.49838389563657
,,greenfield,grassland,18.405546087402712,54.4969941665528
,,greenfield,grassland,18.405328306976294,54.49734667990497
,,greenfield,grassland,18.40742583551067,54.49748013080183
,,,grassland,18.40663490719882,54.49644394616673
,,meadow,grassland,18.41143892149188,54.493644473142645
,,meadow,,18.410217410672924,54.49451895188659
,,,grassland,18.40998808446936,54.494600399586204
,,,grassland,18.541956822347146,54.52320537646319
,,,grassland,18.53563216653903,54.52304440095338
,,grass,,18.511343155063827,54.498031801543455
,,,grassland,18.541847807720778,54.52587526541723
,,,wood,18.543634960989245,54.526349357089664
,,,grassland,18.54345845930153,54.526386173426225
,,,grassland,18.535022104655518,54.52340020964936
,,,grassland,18.52920886906222,54.52387273722692
,,,grassland,18.532928269170945,54.5236183729457
,,grass,,18.538270940429655,54.5234500752908
,,greenfield,grassland,18.545024972255398,54.52295335841242
,garden,,,18.542991576567623,54.52284309525615
,garden,,,18.542764086833674,54.52280166634876
,,grass,,18.542834834711172,54.52317172443009
,,grass,,18.531842084726666,54.52009568998183
,,grass,,18.51477568505179,54.50163832629346
,,grass,,18.543518299330504,54.51747822506464
,,grass,,18.5436842505422,54.517421787394305
,,grass,,18.54989736320051,54.52034025304772
,,,grassland,18.546116568954744,54.52483360864489
,,,grassland,18.532409547310902,54.51061309348135
,,greenfield,grassland,18.458468751484908,54.529970060757414
,,grass,,18.455632345691804,54.5429712514951
,,grass,,18.45488485937733,54.54111011929141
,,grass,,18.450014276388192,54.534323407622395
,,grass,,18.4503493319201,54.53463899061396
,,grass,,18.455991572181617,54.49934041284479
,,grass,,18.455107943143393,54.59165133445212
,,greenfield,grassland,18.463747012369055,54.44984345476034
,park,,,18.446875426472538,54.5469657478053
,,,wood,18.557989172277413,54.4561853329508
,,grass,,18.45427587084227,54.54662190590742
,,grass,,18.45455320153421,54.54658177399961
,,grass,,18.45486021549109,54.54652184272189
,,grass,,18.454046946148797,54.54654548361417
,,grass,,18.453949333783797,54.546778650953904
,,grass,,18.45377575078772,54.54675379831599
,,grass,,18.45338618534627,54.54686713399063
,,grass,,18.452032679799387,54.54727716400852
,,grass,,18.452026721522465,54.54739155863691
,,grass,,18.45232028325368,54.54731839812944
,,grass,,18.452550749976893,54.5472599631584
,,grass,,18.452866899428955,54.54718093502955
,,grass,,18.453183119268594,54.54710488072723
,,grass,,18.453420162967284,54.54693154877991
,,grass,,18.45265178972936,54.54704653354328
,,grass,,18.452837653170672,54.54700173397294
,,grass,,18.45533082162813,54.54637823222949
,,grass,,18.456021784985488,54.54620264517841
,,grass,,18.452849448598023,54.54707542246164
,,grass,,18.455327337859305,54.54645224862501
,,grass,,18.456049830690883,54.546270198628704
,,grass,,18.457059155830784,54.54601636597588
,,grass,,18.45773898460312,54.5458447533707
,,grass,,18.45774180504089,54.54576953974319
,,grass,,18.45804700336648,54.54576690577373
,,grass,,18.45831259985751,54.54569989252749
,,grass,,18.451237002757647,54.547473991709055
,,grass,,18.451489039682876,54.54752350628382
,,grass,,18.450833239892674,54.54768585397925
,,grass,,18.450426522931142,54.54778628821197
,,grass,,18.450168146236557,54.54785163605843
,,grass,,18.449853659321562,54.547930149671934
,,grass,,18.44970551640634,54.54796985875394
,,grass,,18.449236000069373,54.54808341378427
,,grass,,18.449145736295268,54.547995795248646
,,grass,,18.448917456110095,54.54816125046421
,,grass,,18.448763181197823,54.54808869283668
,,grass,,18.44824319417594,54.54821829362337
,,grass,,18.4475667370812,54.54838829248641
,,grass,,18.44708770375466,54.54851271340573
,,grass,,18.44754918765549,54.54834453108757
,,grass,,18.44831837320713,54.54810711048609
,,grass,,18.449071724987302,54.547957967312975
,,grass,,18.44873466636569,54.548024653858576
,,grass,,18.446494928083947,54.54869884992578
,,grass,,18.445145052987208,54.54906553071758
,,grass,,18.44501805063338,54.54932858008351
,,grass,,18.444112253646693,54.54916361615871
,,grass,,18.444440298915122,54.54920572228484
,,grass,,18.44465780006713,54.54922363662595
,,grass,,18.444475685031605,54.54929532712773
,,grass,,18.445107771189516,54.54962009964323
,,grass,,18.444328773198336,54.550019128860455
,,grass,,18.444945202352447,54.54916618900309
,,grass,,18.44547824306563,54.549106246265545
,,grass,,18.4458482791462,54.548992638574944
,,grass,,18.446130006168943,54.54890667275568
,,grass,,18.44643601074997,54.54881239408811
,,grass,,18.447196536831363,54.548586881909635
,,grass,,18.44757873008445,54.54848418799783
,,grass,,18.447752338181186,54.548443421763466
,,grass,,18.448050242592487,54.548370375127085
,,grass,,18.444346026415882,54.549011247539426
,,grass,,18.443513511679456,54.54847220271435
,,grass,,18.443944594509674,54.54858525564672
,,grass,,18.44399701573645,54.54857563584819
,,grass,,18.4425925392862,54.548267715317046
,,grass,,18.444281387929966,54.54973068143323
,,grass,,18.443653406552134,54.549755203160856
,,grass,,18.4441982833239,54.54957008011172
,,grass,,18.443818568076573,54.54964839111817
,,grass,,18.44477936268001,54.54952926075513
,,grass,,18.444608250613996,54.54958363507801
,,,grassland,18.492059479139048,54.56346893363993
,,grass,,18.534309459700296,54.50507348335361
,,grass,,18.53417336722637,54.50277983132928
,,grass,,18.536801024742967,54.507652390386376
,,grass,,18.54264659097942,54.52875028157857
,,grass,,18.54272368852167,54.528506283425486
,,grass,,18.542194923875215,54.52858245141642
,,,grassland,18.45709706270357,54.53669583834161
,,grass,,18.542417591192475,54.52796564119569
,,grass,,18.541909054713056,54.528558645376215
,,grass,,18.54129994140989,54.530803151422816
,,grass,,18.54113039879493,54.530986668802846
,,grass,,18.54186362141451,54.530890265641034
,,grass,,18.541995521760164,54.53092390676927
,,grass,,18.543556083581628,54.531553970902515
,,grass,,18.541814560845364,54.53134989597753
,,grass,,18.541274801971635,54.53124381495197
,,grass,,18.54178767150393,54.53125466698833
,,,wood,18.553240988490554,54.50595810186861
,,grass,,18.552875962689647,54.50614316663743
,,,wood,18.552993503272052,54.5063408264364
,,,wood,18.54374355858236,54.51166380568599
,,,wood,18.546417214343567,54.5108948515661
,,,wood,18.545530385565563,54.51166391268521
,,,wood,18.54382264983189,54.50940726864254
,garden,,,18.548282465061508,54.5083738073368
,,,grassland,18.545945135092282,54.51295219660322
,garden,,,18.54579609421571,54.512444196680185
,,greenfield,wood,18.54461950436877,54.51364309078189
,,grass,,18.548177235370495,54.513533218527265
,,,grassland,18.54756741124353,54.51375867252286
,,,wood,18.54645842772939,54.51448067034685
,,grass,,18.489179162684888,54.462861791151795
,,grass,,18.49058563666901,54.462476103328434
,,grass,,18.5042968049975,54.47040927692901
,,grass,,18.50400910222109,54.46954931324047
,,grass,,18.50350049361757,54.46973958816175
,,,grassland,18.509683779992137,54.46847437986138
,,,grassland,18.502539247493612,54.46906358045105
,,greenfield,grassland,18.505770880136733,54.46874569326426
,,grass,,18.476589179909706,54.473933020059306
,,greenfield,grassland,18.48478589645266,54.470899330682805
,,greenfield,grassland,18.483229058190226,54.46606522397017
,,,wood,18.557079588310426,54.45019103699214
,,,wood,18.55561907272382,54.45043224320247
,,grass,,18.45851512049799,54.54564771377052
,,grass,,18.458788213333353,54.54557898418202
,,grass,,18.461075528262544,54.54516993202239
,,grass,,18.460928635731225,54.54525091844054
,,grass,,18.46061793844611,54.54528926225498
,,grass,,18.459117194669734,54.54549625604937
,,grass,,18.459451641854354,54.545414426306706
,,grass,,18.459851540758063,54.545311675234224
,,grass,,18.460216240992377,54.54522295312271
,,grass,,18.460508904846495,54.54512129058517
,,grass,,18.461465448566273,54.544855258458846
,,grass,,18.46202383585121,54.544702240542556
,,grass,,18.46192620158612,54.54434739139856
,,grass,,18.462316312118805,54.545209651978176
,,grass,,18.461677930165404,54.545721233091136
,,grass,,18.46181803852213,54.545154466348635
,,grass,,18.461726864138512,54.54558583897839
,,grass,,18.460887296885712,54.54499486228934
,,grass,,18.46137195332306,54.544445838650255
,,grass,,18.460743186216703,54.54459235787231
,,grass,,18.442260998874925,54.54825509642392
,,grass,,18.44219216709447,54.54829110798567
,,grass,,18.442304259802142,54.54837767565392
,,grass,,18.442029724038218,54.5484031749673
,,grass,,18.442137522931255,54.54851770991974
,,grass,,18.442479507211775,54.54963834185831
,,grass,,18.443023295178975,54.54961941625098
,,grass,,18.442921631754736,54.549346319346654
,,grass,,18.443176321454555,54.5495288935603
,,grass,,18.44245182025277,54.54855902665709
,,grass,,18.443162932389992,54.54903877054712
,,grass,,18.4427214916718,54.54862349911051
,,grass,,18.442346924324912,54.54866375517886
,,grass,,18.44267454248601,54.548863868075934
,,grass,,18.442034889847168,54.54821647386423
,,grass,,18.44140810393377,54.54808483460172
,,grass,,18.442072922111002,54.547565400321226
,,grass,,18.442289684458515,54.54777096426176
,,grass,,18.441533804986125,54.54684933409268
,,grass,,18.44151438935071,54.54713436967737
,,grass,,18.441225055248847,54.54669032616555
,,grass,,18.441681928269208,54.54683656940302
,,grass,,18.441102531789152,54.546746923771565
,,grass,,18.44091589582249,54.54666441852191
,,greenfield,grassland,18.529660412171907,54.55188362964074
,,grass,,18.532310634555344,54.51204372181957
,,grass,,18.46700989548586,54.548426923099264
,,,wood,18.519746815081998,54.47343253273154
,,grass,,18.522118753762353,54.470863334232625
,,grass,,18.526872182512037,54.520369262899266
,,grass,,18.52678238410406,54.52053950185215
,,grass,,18.526672617954592,54.520528544950096
,,,wood,18.557995933102138,54.45699741024227
,,,wood,18.556249571762635,54.45799006765431
,,grass,,18.56044869946597,54.45518781038365
,,grass,,18.565247300000003,54.450294799999995
,,grass,,18.565344411806024,54.450414500995755
,,greenfield,grassland,18.42739690805022,54.4876230655281
,,greenfield,grassland,18.414081662456926,54.49986129937066
,,grass,,18.5333681814877,54.50593458447221
,,,grassland,18.51222775994434,54.561842272724526
,,,grassland,18.513284188172882,54.55958640234551
,,greenfield,grassland,18.500060521666338,54.5668044756644
,,grass,,18.551262069381433,54.47625539976893
,,grass,,18.551455522553404,54.47618518395713
,,grass,,18.551371954367237,54.47605501516087
,,grass,,18.551955898968643,54.47626779887373
,,grass,,18.552569970185477,54.47634927772972
,,grass,,18.552936171741123,54.47636604336181
,,grass,,18.550273469585314,54.475908603827776
,,grass,,18.550681621231867,54.475979425904725
,,grass,,18.550478235223522,54.475763881324994
,,grass,,18.550818547686248,54.475743006772355
,,grass,,18.550657315668516,54.47553491785062
,,grass,,18.553313495028334,54.473342785818375
,,grass,,18.553535225584604,54.47328322852136
,,grass,,18.553514227966794,54.473098758332334
,,grass,,18.552497101219622,54.48011089479723
,,grass,,18.55314645844727,54.479633129977046
,,grass,,18.553679015954923,54.47975415436278
,,grass,,18.553652487937907,54.479835208832014
,,grass,,18.413959636720296,54.56960752020172
,,,wood,18.540095038090936,54.492150847865574
,,,wood,18.539294694283626,54.491751973197815
,,grass,,18.53450721589771,54.49487674651632
,,grass,,18.534037563284908,54.49506215311243
,garden,,,18.53358332874887,54.49508850998971
,,,wood,18.448338480603052,54.54652941124878
,,,grassland,18.4583813134913,54.546154919391604
,,grass,,18.4818426414076,54.463925997462646
,,grass,,18.482530291361588,54.471821606289005
,,grass,,18.48226510282588,54.47207617662786
,,,wood,18.49820110553314,54.572372753766516
,,grass,,18.45136523551455,54.45727108169148
,,grass,,18.45093814799467,54.457606886289604
,,grass,,18.44980604218431,54.45604914398787
,,grass,,18.425998676963506,54.4536410823242
,,grass,,18.440095782392607,54.45108997963969
,,grass,,18.43660083030151,54.45037414252818
,,grass,,18.44158100452124,54.452923490509846
,,forest,,18.547740666369954,54.561346619404986
,,grass,,18.42556292807931,54.45183649888138
,,grass,,18.43586710649371,54.449416622698
,,grass,,18.427726369199654,54.44993561320053
,,meadow,,18.41302347092638,54.45451689788121
,,grass,,18.399446574658292,54.46049433966668
,,,grassland,18.55073651865009,54.48524019598304
,garden,,,18.55212265079757,54.48382419703471
,,,grassland,18.562796669332286,54.481070081398364
,park,,,18.552629128129325,54.48390984720626
,,grass,,18.4320279,54.50154855000001
,,grass,,18.430070907943172,54.501011553579666
,,grass,,18.529401303108152,54.522106049420266
,,grass,,18.52928071780947,54.52200511486371
,,grass,,18.391561622214176,54.46300358486957
,,,wood,18.54904895,54.51495125
,,greenfield,grassland,18.51276970947218,54.5500080212178
,,grass,,18.548800273427137,54.55911508678744
,,,grassland,18.552601122184125,54.46312585134222
,dog_park,,,18.522979758444603,54.470345891896294
,,grass,,18.46184408718952,54.475517816114156
,,,grassland,18.52424963726639,54.470484418807665
,,,wood,18.483262887705727,54.533178854040614
,,,grassland,18.523643302154607,54.47026459804327
,garden,,,18.532327576504986,54.5198545072191
,,grass,,18.53237203190449,54.519955613975526
,,grass,,18.513098350787892,54.53489148579568
,garden,,,18.51338094777332,54.534613361071756
,,grass,,18.51395667349367,54.53474326181776
,garden,,,18.514188202606228,54.534534088065946
,garden,,,18.514411663549485,54.53435292131142
,garden,,,18.514693309286496,54.53442790048258
,,grass,,18.514647488966308,54.534430705194424
,garden,,,18.51443818988102,54.53435592730974
,garden,,,18.514709320389137,54.53458759067198
,,grass,,18.514679305305805,54.53458265197726
,,grass,,18.514481714452334,54.53476152865189
,garden,,,18.5145097658627,54.534768221390166
,garden,,,18.514228954597954,54.534797755413116
,,grass,,18.514322108961853,54.534840601337784
,garden,,,18.514317973097068,54.53493965366154
,,grass,,18.514178821787265,54.534930467272794
,,grass,,18.51363744618981,54.53536563524574
,garden,,,18.513760555842715,54.53545196765894
,,,grassland,18.562302805025276,54.45337308276456
,,,grassland,18.561162835419772,54.452963145367114
,,,wood,18.56090459785374,54.458306976987444
,,grass,,18.52430773694559,54.51387249914193
,,grass,,18.45036291638779,54.46045741790125
,,grass,,18.450563221448515,54.46052892159879
',,grass,,18.451076889424044,54.460783891208095
,,grass,,18.450583618725148,54.4604737314559
,,grass,,18.450878415039515,54.460720970836846
,,grass,,18.556541500163576,54.51860466024238
,,grass,,18.557630730093702,54.51855222400932
,,grass,,18.557654896041132,54.51870592451484
,,grass,,18.556714407018518,54.51875022494124
,,grass,,18.534204301800262,54.5074849318048
,,grass,,18.534071046730695,54.50696479361241
,,grass,,18.5337573634995,54.50569038619795
,,grass,,18.533320759656117,54.504178859820954
,,grass,,18.53370236408246,54.50652736924626
,,grass,,18.533606157881408,54.50670846160748
,,grass,,18.533524462263156,54.506422504567105
,,grass,,18.533653084605618,54.506215379156075
,,grass,,18.533476176087333,54.506145562598356
,,grass,,18.533465356192213,54.505714470854514
,,grass,,18.533269087755038,54.50565624603521
,,grass,,18.532875168748042,54.504956773699966
,,grass,,18.533215741011556,54.50505763176053
,,grass,,18.532672352301923,54.50440672327633
,,grass,,18.533002409021957,54.50439718915769
,,grass,,18.53298853212298,54.50420752727527
,,grass,,18.5328533576894,54.50406110223117
,,grass,,18.53287063224912,54.503716703221514
,,grass,,18.53285614145683,54.503254089181866
,park,,,18.432055885486793,54.50089926916072
,,grass,,18.430602653340067,54.50211448433454
,garden,,,18.531290199999997,54.5207639
,garden,,,18.53115130941897,54.52082251690134
,garden,,,18.531013022766537,54.52087808331739
,garden,,,18.530877399999998,54.52093409999999
,,grass,,18.50953327074595,54.49836294801742
,,grass,,18.491612728710496,54.53119861852589
,,grass,,18.48879246772508,54.53165076429313
,,grass,,18.519587681529565,54.51897647196862
,,,grassland,18.50059875073191,54.56873924391512
,garden,,,18.53440895,54.51981659999999
,garden,,,18.53421215,54.51982575000001
,garden,,,18.53401514109375,54.51983452104017
Rondo Marszałka Macieja Płażyńskiego,,grass,,18.40421335995599,54.57695389646721
,,,wood,18.554897548987455,54.47358778287461
,,grass,,18.54891331376647,54.51732439053427
,,grass,,18.54961210615468,54.51754353125514
,,greenfield,wood,18.548401990963818,54.505292195327804
,,,wood,18.5482654715658,54.50489133977617
,,,wood,18.5419395198212,54.51587740777461
,,,wood,18.54216493752081,54.51614615984497
,,,wood,18.542627814696257,54.51631093671999
,,grass,,18.501609627524342,54.531235792284455
,pitch,,,18.501562267560047,54.53103329367436
,,greenfield,grassland,18.550800482813987,54.51080883082971
,,grass,,18.51957974459915,54.518918285544714
,,grass,,18.52000718442188,54.519009058946686
,,grass,,18.538390531898926,54.52244151834443
,park,,,18.539270368343335,54.51404432118547
,,,grassland,18.5053928181374,54.47807258387931
,,grass,,18.536422579798167,54.51489784708593
,,grass,,18.53619749778091,54.51499954037179
,,grass,,18.536974649908572,54.51489348965151
,,grass,,18.53672255336262,54.51487201587709
,,grass,,18.53648705610244,54.5151506498731
,,grass,,18.53672931175937,54.51505430548691
,,,wood,18.52922026387044,54.52266147690329
,,grass,,18.529456779549164,54.522597724479695
,,,wood,18.45130179532625,54.46714973179903
,,meadow,,18.452355005976276,54.46822561742679
,,meadow,,18.4537973322034,54.46789902328302
,,meadow,,18.45259606773043,54.46705546947805
,,meadow,,18.450429162506428,54.468506495387864
,,grass,,18.434449433645103,54.495819717225196
,,,grassland,18.508682312465393,54.475259761827985
,,greenfield,grassland,18.508366630663673,54.47699877850444
,,greenfield,grassland,18.507036125714315,54.47613548928122
,,greenfield,grassland,18.508380754572514,54.47769292256846
,,,grassland,18.507318860734742,54.478888700352535
,,,grassland,18.507674172367192,54.47810519164434
,garden,,,18.531349277588664,54.52136701575728
,,,wood,18.544493988735063,54.50671256381102
,,greenfield,grassland,18.504130753908612,54.49656261407694
,,,grassland,18.426561028375435,54.5021467739096
,,,grassland,18.426380633439546,54.50395493473201
,,greenfield,grassland,18.54633996585458,54.49341631186623
,,forest,,18.442413104931727,54.53731390649876
,,forest,,18.444349447690396,54.53745654277392
,,grass,,18.526161015631033,54.51578035244158
,,grass,,18.52734750480879,54.516038282337135
,,grass,,18.527188761357934,54.516191821217625
,,farmyard,,18.54874059173837,54.46879231117907
,,,wood,18.54826727958817,54.46877625993221
,,residential,,18.548379600161013,54.46942012531481
,,,wood,18.55332050420246,54.46860729958604
,,,wood,18.55397557577434,54.46682576645619
,,,grassland,18.533825287545515,54.46915259212123
,,orchard,,18.534185159550884,54.468719597727734
,,,grassland,18.53347398448888,54.46870072556772
,,farmland,,18.535987472908253,54.46890696229119
,,,grassland,18.54324627156345,54.46951418897043
,,,grassland,18.541537420068966,54.48229355126033
,park,,,18.540111104918715,54.48166637412435
,,,grassland,18.553666395703768,54.46936490142348
,,grass,,18.55288064641562,54.46917922747583
,,forest,,18.45174122090156,54.57804973139415
,,grass,,18.550280182472438,54.513567306292344
,,grass,,18.553018281701963,54.50966246484633
,,grass,,18.55189047765165,54.51131569324408
,,grass,,18.55126620381622,54.51219896936374
,,grass,,18.550634554774945,54.51306727826488
,,grass,,18.54972150322825,54.51417898455315
,,grass,,18.553901773995392,54.50837124907203
,,grass,,18.554035475433974,54.50820938733701
,,grass,,18.554170088842376,54.50795893543328
,,grass,,18.554415270762224,54.50761022453078
,,grass,,18.554647798923465,54.50727523139207
,,grass,,18.554874816113184,54.50693986346332
,,,grassland,18.45723292302864,54.4524015284363
,,,wood,18.457658992514197,54.45215518601511
,,meadow,,18.460678036587577,54.45266766212559
,,greenfield,grassland,18.459537140939876,54.450560516108496
,,greenfield,grassland,18.460950928295947,54.450418523069565
,,,grassland,18.461333896366952,54.450362687504324
,,greenfield,grassland,18.46165070558923,54.45032520875201
,,greenfield,grassland,18.455487586055376,54.453749847536365
,,,grassland,18.447969462953235,54.45137379303609
,,,grassland,18.44662467858838,54.45114941212437
,,,wood,18.52868103928146,54.51420118090138
,,,wood,18.529162349010353,54.514504229766786
,,,wood,18.530150573483894,54.51462570361273
,,grass,,18.54747995674762,54.54292605918233
,,grass,,18.548166066666667,54.54309093333333
,,,scrub,18.404126904721853,54.54271484986471
Skwer im. Ireny Kwiatkowskiej,park,,,18.509358440003822,54.559897612858045
,,grass,,18.50901034837923,54.55832322902148
,,grass,,18.510706147355698,54.559537174834006
,,grass,,18.510671241799,54.55933958770721
,,grass,,18.530540611797953,54.54886411083721
,,grass,,18.55305250461013,54.455713405465545
,,greenfield,grassland,18.54761112386525,54.46255045328626
,,greenfield,grassland,18.549677282269798,54.4619232931318
,,,scrub,18.555092036212535,54.462621894951425
,,,grassland,18.55478300094927,54.46263141461233
,,,wood,18.559061914047597,54.46712803503168
,,,grassland,18.556520692531493,54.461422585496074
,,,wood,18.547841914017884,54.457720418639916
,,greenfield,grassland,18.547044273351094,54.4565037955437
,,,wood,18.55240073344568,54.45635167578265
,,grass,,18.53398873735184,54.49924507815884
,,grass,,18.534443047154113,54.49886657817736
,,grass,,18.563055024987598,54.45257312925405
,,grass,,18.468859204226675,54.54583317594487
,,grass,,18.53252791436477,54.508060732990636
,,,wood,18.530356211432064,54.50961902648986
,,,grassland,18.45774711631657,54.45430228902542
,,greenfield,grassland,18.545134885597445,54.48197921800888
,,,grassland,18.559485284864934,54.45362225806659
,,residential,,18.55933743539582,54.4538578745683
Centrum Integracji Społecznej,,,,18.558047430136973,54.454623664445066
,,residential,,18.558939330446353,54.45068713444527
,,residential,,18.559170310060583,54.451124766838255
,,,wood,18.558159443318523,54.45301987454338
Willa Maria,,residential,,18.559558853198595,54.453336355716516
,,grass,,18.449386511499704,54.59000701248049
,,grass,,18.449919435116488,54.59000114638347
,garden,,,18.449474233333333,54.589902
,,grass,,18.550144981898804,54.46170217214743
,garden,,,18.5322921,54.52106105000001
,garden,,,18.532328599999996,54.52109425
,park,,,18.497421321699676,54.46558070699603
,,grass,,18.54955513333333,54.49872953333334
,,greenfield,grassland,18.421339868123702,54.50096387980798
,,greenfield,grassland,18.421405830046833,54.501295499393315
,garden,,wetland,18.49787895337644,54.56576674979022
,,,wood,18.544298792969215,54.57856789760954
,,grass,,18.545888323740055,54.48467433256628
,,grass,,18.545620060223435,54.48481282158853
,,grass,,18.546952278578345,54.48391497285778
,,grass,,18.546755420849895,54.48390384737662
,,,wood,18.51939134357906,54.51907636389701
,,,wood,18.522302406823723,54.51988966663904
,,grass,,18.553243297844798,54.51798235697631
,,grass,,18.53906289385906,54.510217953224775
,,grass,,18.539138940946764,54.515321643223714
,,grass,,18.5394630827818,54.5158799400017
,,grass,,18.53923983157826,54.51560784735533
,,,grassland,18.541089066283472,54.486391245229456
,,grass,,18.480951751936995,54.56343836625652
,,,grassland,18.4858699771684,54.5644355222024
,,grass,,18.482356429163403,54.564225864814944
,,grass,,18.482601731545277,54.56437703660278
,,grass,,18.48223915369517,54.56447755049706
,,grass,,18.544544156350785,54.51432759154889
,,,sand,18.52655558147607,54.54650299795393
,,forest,,18.531183410001518,54.546420224706395
,,,sand,18.52593678924481,54.54681953208293
,,grass,,18.501077569370462,54.56526877103157
,,grass,,18.501194497439172,54.565132623232756
,,grass,,18.501437459078417,54.5650097257717
,,grass,,18.5016690433514,54.56488923416822
,,grass,,18.50185178504033,54.56479353301187
,,grass,,18.502063143289128,54.56469058144989
,,grass,,18.50217644922061,54.56455371591684
,,grass,,18.50542428063858,54.56406793086075
,,grass,,18.505273205957323,54.56395542846904
,,grass,,18.50483776234684,54.56378000158977
,,grass,,18.503871616570578,54.56402733386734
,,grass,,18.50389243853499,54.56391615905799
,,grass,,18.50403207018448,54.56387819395312
,,grass,,18.505461680392536,54.564236842118106
,,grass,,18.50537892852706,54.564228690751186
,,grass,,18.506003473126412,54.56455482900281
,,grass,,18.50677265110981,54.563822603626996
,,grass,,18.50352467273766,54.56368747361258
,,grass,,18.502691832308056,54.563752356737446
,,grass,,18.50293775641299,54.563775652314845
,,grass,,18.503179206711792,54.563799038396716
,,grass,,18.503425028041583,54.56382403239421
,,grass,,18.502622708847472,54.56347979482993
,,grass,,18.504413410565803,54.56364651975206
,,grass,,18.505441201719538,54.56374794963151
,,grass,,18.505788098070667,54.56425131383876
,,grass,,18.503985800000002,54.56367826666666
,,grass,,18.505820808876646,54.56381860866475
,,grass,,18.506244496890247,54.563780025303586
,,grass,,18.501196590163797,54.54772274624335
,,grass,,18.500955730597997,54.54786648571774
,,grass,,18.50087262596885,54.54804008757822
,,grass,,18.50063486487138,54.54817784213862
,,grass,,18.502401764262792,54.54811919893553
,,grass,,18.502616485761536,54.54833016421822
,,grass,,18.50276457298364,54.54813566647665
,,grass,,18.50448138608826,54.547484104142484
,,grass,,18.505170210909633,54.54832224639985
,,grass,,18.50265813873995,54.547521758507855
,,grass,,18.502447069676833,54.547603723706715
,,grass,,18.50152634476977,54.546962961158734
,,grass,,18.501654387260075,54.54686367615855
,,grass,,18.501679235017598,54.54672408558392
,,grass,,18.50200221095765,54.54710029457825
,,grass,,18.50198938115329,54.54695563352525
,,grass,,18.45666031568679,54.54278866838715
,,grass,,18.45727036412397,54.54267488311838
,,grass,,18.446905221523615,54.56584140779332
,garden,,,18.52179764834709,54.548537495178806
,,grass,,18.48109067313469,54.56502319781394
,garden,,,18.555042927663216,54.54805231102867
,,forest,,18.553187240679467,54.550662950529066
,,grass,,18.438107527128142,54.448385166895264
,,grass,,18.441592184956928,54.45164025293325
,,grass,,18.432510279219986,54.44858232415067
,,grass,,18.51988015578347,54.51878015119908
,,,wood,18.52658192603607,54.51613714847224
,garden,,,18.519902358502648,54.4979316429522
,,grass,,18.438761923732734,54.45739260543123
,,meadow,,18.44556905974679,54.462162315910845
,,meadow,,18.444354995538188,54.46308239913996
,,,grassland,18.44529005384922,54.46310136157634
,,,grassland,18.445557787913085,54.457353314971925
,,,grassland,18.446088896068108,54.45709001171448
,,,grassland,18.434347586260103,54.484884006303275
,,,grassland,18.43605586416352,54.4870955964872
,,grass,,18.434755417557394,54.50074072084341
,,grass,,18.43109025425576,54.50084309461808
,,,grassland,18.432688027557546,54.4986432682994
,,,wood,18.433254606227,54.498444951561645
,,,wood,18.43218757982699,54.49806173647229
,,,grassland,18.43178957076975,54.49803316590426
,,,grassland,18.43657670488476,54.49792487290807
,,,grassland,18.432986462552698,54.49802782188842
,,,grassland,18.43117896115209,54.496922928927
,,grass,,18.41383255554864,54.55925033928115
,,grass,,18.41412742043241,54.55995669620017
,,grass,,18.407016355849564,54.56089521022047
,,grass,,18.41053431863342,54.559716115746674
,,grass,,18.41112881335866,54.55951113753438
,,grass,,18.41203599707103,54.55921398653032
,,grass,,18.406181614161067,54.559363676661754
,,grass,,18.406350212195097,54.559478013883236
,,grass,,18.405953621697257,54.559399068595425
,,grass,,18.40577279402088,54.559487748256984
,,grass,,18.40559446427642,54.55957532301274
,,grass,,18.406001027278077,54.55996095798034
,,grass,,18.406198079563325,54.55988946875205
,,grass,,18.40639421682112,54.55981908733177
,,grass,,18.406616925045807,54.55983338521987
,,grass,,18.405995750234762,54.56006106924717
,,,wood,18.413563587762848,54.56297792376598
,,grass,,18.414583909301466,54.56272835991512
,,grass,,18.414697401282023,54.56270775726614
,,grass,,18.414433799999998,54.562847749999996
,,grass,,18.414676021341673,54.5628728259923
,,grass,,18.413604600194276,54.563093046258246
,,grass,,18.411566607572194,54.563514581111676
,,grass,,18.410834479873074,54.5637939638999
,,grass,,18.410494913773572,54.56393145189455
,,grass,,18.41006322567882,54.56404446775978
,,grass,,18.409816946885737,54.56381817192722
,,grass,,18.41026041309857,54.563677051609844
,,grass,,18.414821227678082,54.563015146255744
,,grass,,18.414711505463256,54.56309028187193
,,grass,,18.414886456378262,54.5627211722948
,,grass,,18.414877125425736,54.56255976073705
,,grass,,18.41469233083759,54.56241863677889
,,grass,,18.41463987355568,54.562350890563636
,,grass,,18.414244572673475,54.562733167998076
,,grass,,18.54539122001503,54.52242518962958
,,grass,,18.41311702670548,54.5599498257994
,,grass,,18.41347556595423,54.56050786368285
,,,wood,18.411982425254386,54.56090331706045
,,,wood,18.411449932214225,54.560878508010624
,,,wood,18.41139589038256,54.561054498896034
,,,wood,18.411655664825076,54.56109061460896
,,grass,,18.412178206859817,54.56100984089953
,,grass,,18.41173896371434,54.56114417877484
,,grass,,18.411394579785735,54.56094932954062
,,grass,,18.411059027519048,54.56116547400274
,,,wood,18.411787733333334,54.560822900000005
,,grass,,18.414587331415536,54.56227222661677
,,grass,,18.414522865080862,54.56207271540985
,,grass,,18.41420944296048,54.56158002282252
,,grass,,18.414076649127594,54.56149811020684
,,grass,,18.414205777200582,54.56138816590228
,,grass,,18.413787287889125,54.561318855445066
,,grass,,18.413731142959243,54.5612545381835
,,grass,,18.41395457163984,54.56131239785315
,,grass,,18.41387604776172,54.56169755414051
,,grass,,18.41395144265755,54.56157674492976
,,grass,,18.41369629962424,54.561402404325385
,,grass,,18.413841600819897,54.56114468731759
,,grass,,18.41429829684471,54.561832215192915
,,grass,,18.41434672512856,54.561905641535986
,,grass,,18.41624654753393,54.562554004836485
,,grass,,18.41406233710177,54.5612256713247
,,grass,,18.413649511687026,54.5607684198408
,,grass,,18.413598583879786,54.56101398509105
,,grass,,18.413355734340914,54.560651835650475
,,grass,,18.41308968952382,54.56054156076805
,,grass,,18.41319462529235,54.56063961234873
,,grass,,18.41309432543677,54.560265813710515
,,grass,,18.41347547289882,54.56034585629681
,,grass,,18.412225148268337,54.55846961553204
,,grass,,18.4118483999111,54.55792172943256
,,grass,,18.41209209782733,54.55783730328369
,,grass,,18.412257031601648,54.55778502825721
,,grass,,18.412454383764068,54.55789884864446
,,grass,,18.412560386197864,54.558414820794546
,,grass,,18.41311219280641,54.558478839977845
,,grass,,18.413678014987553,54.55768389348232
,,grass,,18.414711021191142,54.557335044184434
,,grass,,18.414768127166862,54.55759279757175
,,grass,,18.415882294773755,54.557494533596596
,,grass,,18.412231519454476,54.559315751713974
,,grass,,18.412181467852516,54.55952634616558
,,grass,,18.412212933333333,54.56076516666667
,park,,,18.41164014108618,54.56099883528598
,,grass,,18.41214950393782,54.561272228481045
,,grass,,18.411870014823446,54.561446600359965
,,grass,,18.411239558119465,54.56148270028546
,,grass,,18.4107506,54.56137393333333
,,grass,,18.410923788189233,54.561504244482165
,,grass,,18.410626281706165,54.561426215879415
,,grass,,18.410515552213525,54.561509893230365
,,grass,,18.410369366666664,54.56147603333333
,,grass,,18.519949831619584,54.5187736104942
,,,wood,18.522252177517526,54.51803554769214
,,,wood,18.50856804720324,54.563457673021674
,garden,,,18.534023749999996,54.521161750000005
,garden,,,18.53510167425628,54.5211972037808
,garden,,,18.53517313593754,54.521247026054844
,garden,,,18.53482957573237,54.521189296582705
,garden,,,18.534711739506207,54.521186076008874
,garden,,,18.5345725600719,54.52118179173065
,garden,,,18.534434506688303,54.5211777499729
,garden,,,18.53431051005483,54.52117434214866
,garden,,,18.53411450550593,54.5211686208719
,garden,,,18.534036800000003,54.521217
,garden,,,18.535029438025518,54.52124297585123
,garden,,,18.53487801673047,54.521238724086004
,garden,,,18.53473408609125,54.52123543285191
,garden,,,18.53445977421709,54.52122805212742
,garden,,,18.534304907948037,54.5212237955262
,,,grassland,18.488623885610423,54.463253520606195
,,,grassland,18.487203164810737,54.463369821939814
,,,grassland,18.48869046111553,54.46426608930169
,,,grassland,18.487338901598783,54.464690132590945
,,,grassland,18.504822533059176,54.47774999122
,,,grassland,18.50428380082331,54.477757673647794
,,grass,,18.49487984456841,54.472469786857
,,,grassland,18.491878377560592,54.46546116306538
,,,grassland,18.48942590403319,54.464467690688
,,greenfield,grassland,18.491906698096457,54.466216343715566
,,,grassland,18.490545555922687,54.46593027763076
,,,wood,18.49005269776156,54.46631653912146
,,grass,,18.539592969411217,54.517178919516816
,,,wood,18.505222817860005,54.55143745057339
,,,grassland,18.51929546386842,54.46763347286084
,,grass,,18.498122712298706,54.57273209368571
,,grass,,18.499416893155267,54.572246839321366
,,grass,,18.49432392456058,54.58399650335664
,,grass,,18.521302433380292,54.51818668633642
,,grass,,18.521483661684087,54.51821653233272
,,grass,,18.521770814583284,54.51806964953193
,,,wood,18.54645955648684,54.4853573901953
,,greenfield,grassland,18.543590376968268,54.48440110017711
,,grass,,18.542716691960738,54.484215898162184
,,grass,,18.533483638304233,54.5147784994001
,,grass,,18.504709655320816,54.52902727599393
,,grass,,18.503711823233882,54.52935466057472
,,grass,,18.50329375928386,54.529512888084966
,,grass,,18.50284903299424,54.52961461118291
,,grass,,18.516729906787706,54.52519828850882
,,grass,,18.516478153532,54.525212546469234
,,grass,,18.515902854858876,54.52534617246183
,,grass,,18.516436923262482,54.525396608241266
,,,grassland,18.535395163715844,54.489083777427844
,,greenfield,grassland,18.530511738272175,54.48758176208891
,,greenfield,grassland,18.533958923311662,54.48418916759516
,,greenfield,grassland,18.53325448283513,54.48400786558507
,,,grassland,18.546705218514386,54.49377088352983
,garden,,,18.5331774,54.52112305
,garden,,,18.532637200000003,54.52111005
,garden,,,18.5327385,54.52111225000001
,garden,,,18.532536000000004,54.52110735
,garden,,,18.532104496230694,54.52108899749953
,,grass,,18.490046887485803,54.47107593930295
,,,wood,18.532851956120858,54.47155574652697
,,greenfield,grassland,18.54809176504339,54.50452209278732
,,grass,,18.54173051020945,54.51475397252267
,,grass,,18.54215052175283,54.513070630710075
,,,wood,18.5422745695227,54.51216662107537
,,,wood,18.54290452449389,54.51274399810971
,,,wood,18.54214547325662,54.51273281002684
,,,grassland,18.55416211681782,54.46607832693962
,,,grassland,18.540989776568917,54.46803267427066
,,,grassland,18.543224121651203,54.467005122213315
,,,wood,18.543685924290926,54.46786578787788
,,,wood,18.531025272384305,54.4787700843665
,,,grassland,18.549510195207112,54.472746568674644
,,,wood,18.549142027850525,54.472634556839886
,,,wood,18.55026843498541,54.47337436542803
,,,wood,18.54308457305453,54.47408559482723
,,,wood,18.547793326545616,54.47361123640812
,,,grassland,18.546511595038183,54.47298669476994
,,,grassland,18.54104596646022,54.472323612400615
,,,wood,18.544411060745837,54.463723319289215
,,grass,,18.524729132605366,54.46984779886423
,,,wood,18.53646998982239,54.47992233526159
Dziki Sad,park,,,18.536490140620774,54.481093625896996
,,,wood,18.536223117217105,54.481808185028285
,,,grassland,18.53714137882353,54.47881985051247
,,greenfield,grassland,18.540584786157357,54.47778124263861
,,greenfield,grassland,18.539648792531253,54.47774932838554
,,greenfield,wood,18.53947656245304,54.47838860545132
,,greenfield,grassland,18.542125537347026,54.47612322275322
,,,grassland,18.548865993618655,54.47420337118468
,,grass,,18.5482763820128,54.474679891799
,,,wood,18.554105917833862,54.46975953025726
,,grass,,18.546701182224144,54.47574457230516
,,greenfield,wood,18.518553144434232,54.472821705916445
,,greenfield,grassland,18.518392546662678,54.47304756581765
,,,wood,18.53647271854741,54.481057372996965
,,grass,,18.530781706162482,54.49680280995244
,,grass,,18.530955086979148,54.49669796993255
,,grass,,18.532426710264314,54.49684325917881
,,grass,,18.53268395518463,54.503025618912325
,,grass,,18.532657968080702,54.50272937786898
,,grass,,18.53259339166215,54.50229338321809
,,grass,,18.53259912282692,54.50196565770811
,,grass,,18.532526478225574,54.50203446846876
,,grass,,18.53237693132452,54.501998136178216
,,grass,,18.532959358181763,54.5035533677886
,,grass,,18.53241552745127,54.50177456568975
,,grass,,18.53254250321936,54.50179096047077
,,,grassland,18.54817703929624,54.45630062528558
,,,wood,18.552602070170405,54.4551636082006
,,,wood,18.555021625362723,54.45276054097938
,garden,,,18.551820468055617,54.45115886130168
,,grass,,18.418562567460423,54.45341873261827
,,grass,,18.44373872360326,54.45029840587076
,garden,,,18.534958796088922,54.52116769727174
,garden,,,18.53415675,54.52114430000001
,garden,,,18.535060484824545,54.521167124207544
,garden,,,18.53425797573891,54.52114369552058
,garden,,,18.533665027168784,54.52107991287987
,garden,,,18.533766149999998,54.521085
,garden,,,18.532003560321662,54.521082719760344
,,grass,,18.53149734043598,54.508023012259024
,,grass,,18.530907963579132,54.507979762793475
,,grass,,18.53031431572894,54.50799532618819
,,grass,,18.529217867953076,54.50787958711541
,,grass,,18.53121817997553,54.5082252828543
,,grass,,18.530286962853687,54.50813351746897
,,grass,,18.529920271201217,54.50809943481223
,,grass,,18.533674501334843,54.50795451926906
,,grass,,18.53488886138874,54.50784424702202
,,grass,,18.534986687535635,54.50727288262246
,,grass,,18.534934875021463,54.50757514799468
,,grass,,18.534810549380936,54.50699730706147
,,grass,,18.534900332582087,54.50887357514986
,,grass,,18.532351192236963,54.50963766742566
,,grass,,18.53239986485303,54.50948560915918
,,grass,,18.53240368978549,54.50933229503274
,,grass,,18.532347114255863,54.509030970083835
,,grass,,18.532328833606638,54.508878888228814
,,grass,,18.532154317623988,54.508654738334194
,,grass,,18.532116718811068,54.508837839928816
,,grass,,18.531535647076115,54.508730491556
,,grass,,18.53153698613547,54.51928580590592
,,grass,,18.543944943098698,54.51661092245038
,,grass,,18.543648968550755,54.51682115465724
,,grass,,18.543981455263246,54.51700278014765
,,grass,,18.54442916775437,54.51677023974806
,,,wood,18.524164379095154,54.47003484419605
Park Rodzinny,,recreation_ground,,18.524154172105398,54.470050502254665
,,grass,,18.544836764559303,54.48509603412567
,,grass,,18.50069402788138,54.47079050772919
,,grass,,18.513033191015026,54.47259755876868
,,grass,,18.51291918776472,54.47246082935258
,,grass,,18.457579776787618,54.500421983993256
,,grass,,18.457420224377085,54.50045406400694
,,grass,,18.457173785898842,54.5004484250258
Skwer Świętej Urszuli Ledóchowskiej,,grass,,18.45787096274818,54.50042369067274
,park,,,18.563166760206858,54.48051737022464
,,,grassland,18.56549266769677,54.48285975766347
,,,grassland,18.55887275150447,54.48109800021945
,,,grassland,18.55616244945952,54.48153711204343
,,,grassland,18.556030157412334,54.48120713421778
,,greenfield,grassland,18.547821928547833,54.499329435061625
,,grass,,18.537784097285776,54.51500157467591
,,grass,,18.537841654557056,54.514069357966136
,,grass,,18.537802448533014,54.513892891313326
,,grass,,18.537743111693064,54.513628668435054
,,grass,,18.53751920327151,54.51247098233356
,,grass,,18.537408964972347,54.51195104894971
,,grass,,18.53736319120714,54.51175956377157
,,greenfield,grassland,18.543609014212304,54.556387896787136
Skwer Plymouth,park,,,18.538678713411194,54.508695018952814
,,,grassland,18.517280340049062,54.47897364990881
,,grass,,18.461482706906278,54.44982342298211
,,,grassland,18.44315405311133,54.48087248060926
,,grass,,18.481283800416758,54.4647526739532
,,,grassland,18.48031126697303,54.46538498332579
,,grass,,18.51109949979361,54.46891323280315
,,grass,,18.528124149713513,54.52063761523597
,,grass,,18.54177210293666,54.52487737999346
,,grass,,18.541906542738896,54.525045402531696
,,grass,,18.54182281110816,54.52512779710829
,,grass,,18.54174217944086,54.52520437056288
,,grass,,18.541648594795735,54.52528940300164
,,grass,,18.539137679590677,54.5239830652737
,,grass,,18.53929113403986,54.52407656322821
,,grass,,18.521602368415124,54.52477801978958
,,grass,,18.520159154178195,54.52546886089882
,,grass,,18.533075847387696,54.50470122889034
,,grass,,18.504145189037565,54.496108818552685
,,grass,,18.504039946274894,54.496041167889054
,,grass,,18.503741702861436,54.49622343828747
,,grass,,18.50357935191365,54.496262985686215
,,grass,,18.503463647393882,54.49619847821939
,,grass,,18.50326827655422,54.496350556570306
,,grass,,18.502983860068525,54.49642725929347
,,grass,,18.502704793027537,54.49650582717662
,,grass,,18.50237173635995,54.496598258634066
,,grass,,18.501587541341618,54.496712008215326
,,grass,,18.501438641102993,54.49685271677795
,,grass,,18.50134864778037,54.49677821091301
,,grass,,18.50092033987887,54.496932845015145
,,grass,,18.501166513078314,54.496934164279004
,,grass,,18.50124970061863,54.49698332234931
,,grass,,18.500312548189854,54.497384653333945
,,grass,,18.50037445877259,54.497525406587044
,,grass,,18.500303042621667,54.49775708747016
,,grass,,18.50008510310172,54.49797795445364
,,grass,,18.500211902497522,54.4981471371951
,,grass,,18.457461450710575,54.5009160487865
,,grass,,18.457405823657872,54.50122628119546
,,grass,,18.457314145977595,54.50101897421592
,,grass,,18.457297290194752,54.50112495517153
,,grass,,18.457280537732395,54.50121289062009
,,grass,,18.457264435544342,54.50129492863734
,,grass,,18.457386766370288,54.501485538067946
,,grass,,18.45725012870459,54.501502634784
,,grass,,18.457389306423586,54.50156294247224
,,grass,,18.457399502525792,54.501680234286354
,,grass,,18.457280011537826,54.50169685986701
,,grass,,18.457267913381244,54.50161581461328
,,grass,,18.457257231280867,54.501551569791715
,,grass,,18.457294206031005,54.501784193961804
,,grass,,18.457310060628817,54.50190322451775
,,grass,,18.457338524096723,54.50209859334242
,,grass,,18.457473884767424,54.50221602240053
,,grass,,18.457368209378437,54.502294037682745
,,grass,,18.503144194500646,54.52913720238873
,,grass,,18.542081014132595,54.52502052232646
,,grass,,18.54222726877875,54.52503363845653
,,grass,,18.542322026797876,54.525043172658805
,,grass,,18.54241870262172,54.52505236029963
,,grass,,18.54250900290119,54.52506007191217
,,grass,,18.542598817975964,54.525065528532544
,,grass,,18.542682600168774,54.525068892805905
,,grass,,18.542766372175716,54.52507194478394
,,grass,,18.542833651404088,54.5250800874093
,,grass,,18.541468737426424,54.52974752203192
,,grass,,18.532338771695972,54.511844595993225
,,grass,,18.50226768676097,54.529382465029535
,,grass,,18.503425146214816,54.52905580597345
,,grass,,18.506037467097645,54.52864407748444
,,grass,,18.50734588701568,54.52827066918483
,,grass,,18.542331183764034,54.52468044779197
,,grass,,18.54247585152757,54.524886620841194
,,grass,,18.499642884868933,54.469881771986174
,,grass,,18.417204907651318,54.56562498585556
,,grass,,18.41745045746178,54.56563608633198
,,grass,,18.49095112937881,54.56280198766727
,,grass,,18.49349469355384,54.562878800686
,,grass,,18.494302859395212,54.562901781830824
,,grass,,18.49569590706786,54.562941876817725
,,grass,,18.54090805558344,54.58063474710666
,,grass,,18.540509051371522,54.580890625486624
,,grass,,18.540774311713243,54.58087346309443
,,grass,,18.540635064775177,54.58099117123889
,,grass,,18.540498425316216,54.58110762872212
,,grass,,18.540213040705368,54.581212119786784
,,grass,,18.54011153949459,54.580937088795935
,,grass,,18.54023745,54.58083045
,,grass,,18.540360712626242,54.58072571077168
,,grass,,18.540048878974748,54.58070132954171
,,grass,,18.53927267567781,54.581456986375265
,,grass,,18.516957532005467,54.51694636935154
,,grass,,18.53219563838619,54.51217905837072
,,grass,,18.53247453973441,54.5122418442574
,,grass,,18.54905622118875,54.49939089733769
,,grass,,18.5491414972577,54.49953433446286
,,grass,,18.54933670927898,54.499435575591164
,,grass,,18.549259740108482,54.49927697975628
,,grass,,18.533565916077247,54.519852233711426
,,grass,,18.533052104688604,54.51987852401968
,,grass,,18.52492096424718,54.5129723366189
,,grass,,18.479707765519077,54.59664767709298
,,grass,,18.480101447327414,54.59715123918826
,,grass,,18.479877044433145,54.597032787260545
,,grass,,18.479794570568387,54.59645452112375
,,grass,,18.47963325410206,54.59647847556901
,,grass,,18.47987223746571,54.596633139910786
,,grass,,18.481607768431953,54.5988828394491
,,grass,,18.533047692285535,54.51480811089748
,,grass,,18.533368006971894,54.51485214853498
,,grass,,18.533752742874793,54.515008971411476
,,grass,,18.436124884385613,54.45278366427288
,,grass,,18.43671862718733,54.45287756983853
,,forest,,18.437805033127155,54.4519854261942
,,greenfield,grassland,18.525614948528776,54.52097453683457
,,greenfield,grassland,18.547173969860477,54.50544127833993
,,,wood,18.545684851611455,54.50765575724627
,,greenfield,grassland,18.56056719059471,54.47800458532347
,,greenfield,grassland,18.55955762550644,54.477039147507135
,,greenfield,grassland,18.53283882234319,54.49699719836317
,,grass,,18.525323911481387,54.51591674297499
,,,grassland,18.40813768653714,54.499343581973406
,,greenfield,grassland,18.40832550771214,54.49684154427111
,,greenfield,grassland,18.406983902400714,54.498384063402156
,,greenfield,grassland,18.405546882604032,54.49699400152361
,,greenfield,grassland,18.405326741696076,54.49734614720661
,,greenfield,grassland,18.407451738560106,54.49745971651889
,,,grassland,18.406654634247506,54.496441408920035
,,meadow,grassland,18.41143465374046,54.493642578109124
,,meadow,,18.410214200369065,54.494519614467634
,,,grassland,18.41002987687611,54.49463099064058
,,,grassland,18.541956807024334,54.523214903545714
,,,grassland,18.535651863487466,54.52304689533597
,,grass,,18.511305166666663,54.498033
,,,grassland,18.54186269658713,54.52588848278791
,,,wood,18.54362949768693,54.52634577340742
,,,grassland,18.54345597372529,54.52640816017287
,,,grassland,18.535019835390734,54.523401382726625
,,,grassland,18.529185794183007,54.523873680934656
,,,grassland,18.532993058152073,54.52361667860563
,,grass,,18.538287847882433,54.52345091686799
,,greenfield,grassland,18.54502512466309,54.522953219450734
,garden,,,18.542995672684892,54.52284272090922
,garden,,,18.542760426741168,54.52280164884689
,,grass,,18.542834836778876,54.52317172434481
,,grass,,18.531841423527727,54.52009587548048
,,grass,,18.514777992115437,54.501639759574985
,,grass,,18.543518363771422,54.517476711690364
,,grass,,18.543684652301284,54.51742085845107
,,grass,,18.54666368430003,54.51666924401497
,,grass,,18.549897293838008,54.520339425432795
,,,grassland,18.546120458581658,54.5248281679989
,,,grassland,18.53241312199394,54.51062314843426
,,greenfield,grassland,18.458458513208377,54.529969171704295
,,grass,,18.45563027474381,54.5429716998467
,,grass,,18.454879616364277,54.541105223504154
,,grass,,18.449987312366467,54.53430301446724
,,grass,,18.450339903753953,54.534629091514525
,,grass,,18.4559649348819,54.499343046565315
,,grass,,18.45510843990096,54.5916456050951
,,greenfield,grassland,18.463762287125935,54.449861456939956
,park,,,18.446879673852834,54.54696694689748
,,,wood,18.557974655665447,54.45619528593362
,,grass,,18.45428012523927,54.546622258658914
,,grass,,18.45455169177178,54.54658282659229
,,grass,,18.454845559515206,54.546524728346945
,,grass,,18.454048094634654,54.54654536824568
,,grass,,18.453953286240697,54.54677560623985
,,grass,,18.453774905237587,54.5467536538099
,,grass,,18.453382807912092,54.54686750057145
,,grass,,18.452037866538404,54.547276021640606
,,grass,,18.452032615164615,54.547389552753785
,,grass,,18.452316175120938,54.54731882395667
,,grass,,18.452546656146424,54.547259485068146
,,grass,,18.45286697634405,54.54718059801042
,,grass,,18.45315676430959,54.54710981796291
,,grass,,18.453424712196895,54.546931073027395
,,grass,,18.452651745187495,54.54704635950494
,,grass,,18.45283810150146,54.54700185696769
,,grass,,18.455344341197065,54.546375214270114
,,grass,,18.456002750725172,54.54620506649725
,,grass,,18.452849055387173,54.54707583658869
,,grass,,18.455354966750033,54.546445487728725
,,grass,,18.456047509665087,54.54627118610079
,,grass,,18.45706231159641,54.546015751051726
,,grass,,18.457739316469176,54.54584469567283
,,grass,,18.457741659248597,54.54576944684752
,,grass,,18.458048797087816,54.54576685845702
,,grass,,18.45831539605273,54.545699434755996
,,grass,,18.451238461204877,54.54747420760537
,,grass,,18.451490969779638,54.547522839438464
,,grass,,18.45082997202695,54.547686557009975
,,grass,,18.4504282762922,54.54778564816026
,,grass,,18.450169194853853,54.54785062822795
,,grass,,18.449851332815005,54.547929811814285
,,grass,,18.449705391471873,54.54796955618636
,,grass,,18.449237884948623,54.54808283896323
,,grass,,18.44914687157926,54.54799574869836
,,grass,,18.44891520562171,54.54816117723986
,,grass,,18.44876347564471,54.54808897797654
,,grass,,18.44824648497505,54.548217637286136
,,grass,,18.44757199034352,54.5483869821757
,,grass,,18.447099513044474,54.54851012331509
,,grass,,18.447602755478933,54.54833043964803
,,grass,,18.448314921728816,54.54810844786556
,,grass,,18.449072792503813,54.547957948799
,,grass,,18.448731687878496,54.548026376211226
,,grass,,18.446532101583873,54.54868639758285
,,grass,,18.445123876327383,54.5490681123001
,,grass,,18.445018246551864,54.549328290979545
,,grass,,18.444121960663605,54.549167050435074
,,grass,,18.444437385095732,54.54920618365686
,,grass,,18.444659677434878,54.54922360369731
,,grass,,18.44447579802019,54.54929506024077
,,grass,,18.44511662425801,54.54962134855947
,,grass,,18.44429765805649,54.55002094312948
,,grass,,18.44493137202801,54.5491681294437
,,grass,,18.445478336507463,54.549106189340705
,,grass,,18.445848591802097,54.54899247108848
,,grass,,18.446128117330133,54.54890712584018
,,grass,,18.44643213142264,54.548813161239664
,,grass,,18.447219134848773,54.54857963179976
,,grass,,18.44757910620217,54.54848400418109
,,grass,,18.447758816412648,54.54844176319252
,,grass,,18.448047214023013,54.54837084131523
,,grass,,18.444354253094282,54.54901367890037
,,grass,,18.443551882562733,54.548475066143816
,,grass,,18.44394467697081,54.54858639824408
,,grass,,18.443996477358642,54.54857517360285
,,grass,,18.44258718483029,54.54826445415836
,,grass,,18.444285292711054,54.549730088684065
,,grass,,18.443639569889843,54.54975300710079
,,grass,,18.444249835927778,54.54956099117599
,,grass,,18.44382055190229,54.54964863654154
,,grass,,18.444780339936923,54.54952691527457
,,grass,,18.44462320185205,54.54958093447145
,,,grassland,18.49222866439138,54.5634833929615
,,grass,,18.534317762414485,54.505096865206305
,,grass,,18.53403549149484,54.502221162360335
,,grass,,18.53680268636924,54.50764864009945
,,grass,,18.542643534658485,54.52875658629398
,,grass,,18.5427166810044,54.52850243811944
,,grass,,18.542195088622385,54.528582689679496
,,,grassland,18.457096947469637,54.53669596788556
,,grass,,18.542417576761387,54.52796564189806
,,grass,,18.54190180962316,54.52856777403612
,,grass,,18.541300331566912,54.53080322318466
,,grass,,18.541130617650985,54.53097935913143
,,grass,,18.54186769666428,54.530893863449805
,,grass,,18.542046844972994,54.5309639161994
,,grass,,18.543470619131153,54.5315293560554
,,grass,,18.541782272365335,54.53137307167543
,,grass,,18.541276764448607,54.53124426317765
,,grass,,18.541787418188225,54.531254369534516
,,,wood,18.55324143497518,54.50595641360304
,,grass,,18.5528759934577,54.50614338311533
,,,wood,18.552967993315242,54.50633336718276
,,,wood,18.543742880011514,54.5116640721078
,,,wood,18.546437015591707,54.51089419880062
,,,wood,18.545529914971144,54.5116647982623
,,,wood,18.543565841586013,54.509468652316485
,garden,,,18.548275183807156,54.508370154232864
,,,grassland,18.545955941191593,54.512957979257564
,garden,,,18.545792119979932,54.51244636237026
,,greenfield,wood,18.54461186987336,54.51364293912644
,,grass,,18.548173980300135,54.51353219900644
,,,grassland,18.5475306893847,54.51375985663806
,,,wood,18.546459929772464,54.514480557891986
,,grass,,18.489184342817783,54.46286190917881
,,grass,,18.490588384674304,54.462475553106785
,,grass,,18.50429563636393,54.470408582056415
,,grass,,18.504014321130132,54.46955227676593
,,grass,,18.503491382261398,54.46971797073758
,,,grassland,18.509681472064248,54.46847370891096
,,,grassland,18.502527629887616,54.46906517282415
,,greenfield,grassland,18.50577350372005,54.46874618568652
,,grass,,18.476625902975687,54.47390866450908
,,greenfield,grassland,18.484789320918047,54.47090045769006
,,greenfield,grassland,18.483194901146845,54.46606652975698
,,,wood,18.557135900853467,54.45014399292237
,,,wood,18.555625655188457,54.450432749234366
,,grass,,18.45851465072174,54.54564864550557
,,grass,,18.458791108314163,54.54557923924414
,,grass,,18.461094582754225,54.54516510804357
,,grass,,18.46093081601552,54.54525039483329
,,grass,,18.460574835945316,54.54529926053972
,,grass,,18.459121797306647,54.54549603680425
,,grass,,18.45945985374476,54.545412369986096
,,grass,,18.459852347695428,54.54531192882342
,,grass,,18.460204004519795,54.54522560104685
,,grass,,18.4605294920071,54.545116439271304
,,grass,,18.461465695131324,54.54485433139158
,,grass,,18.462024050040668,54.544703861338085
,,grass,,18.461950725362108,54.54434532587112
,,grass,,18.462311233186785,54.54521115819372
,,grass,,18.46167612420299,54.54572192265387
,,grass,,18.461826785177337,54.54515806488081
,,grass,,18.46172704167972,54.545586321211985
,,grass,,18.46088917264316,54.54499438763673
,,grass,,18.461401767099417,54.54444633837896
,,grass,,18.460763395215032,54.54459771943147
,,grass,,18.44226315465987,54.54825855369101
,,grass,,18.442194131107257,54.5482898172536
,,grass,,18.442304626838922,54.54837764673325
,,grass,,18.44207659821345,54.548398488474724
,,grass,,18.44214943333333,54.54851863333334
,,grass,,18.44246267905181,54.549635368540464
,,grass,,18.442975438487867,54.54962609784275
,,grass,,18.442939694357925,54.54926247591473
,,grass,,18.44317945200205,54.54952359933496
,,grass,,18.442449236219172,54.548562949826994
,,grass,,18.443047424405293,54.54889824352631
,,grass,,18.442719750666086,54.548618845523585
,,grass,,18.442334417250628,54.54866610830485
,,grass,,18.44271004346092,54.54888916189785
,,grass,,18.442037077997664,54.54821406945331
,,grass,,18.441557504674744,54.54807961041322
,,grass,,18.442073177207355,54.547565677909006
,,grass,,18.44228657907624,54.54778970790125
,,grass,,18.441517076865708,54.54681755494048
,,grass,,18.441511656034685,54.547130089731084
,,grass,,18.441223507256417,54.546689241864506
,,grass,,18.441680680060145,54.54683553229702
,,grass,,18.44110373572338,54.546745663248245
,,grass,,18.440925678463124,54.54666589687011
,,greenfield,grassland,18.529658377914906,54.551884179852756
,,grass,,18.532313986144135,54.51204332834078
,,grass,,18.467009525253356,54.548426892583805
,,,wood,18.519660959147313,54.473400484825994
,,grass,,18.522154465080472,54.47084870585328
,,grass,,18.52686666849364,54.520374077389214
,,grass,,18.526780111749027,54.520539156871536
,,grass,,18.526674733333333,54.52052913333333
,,,wood,18.558060965810153,54.456978436357154
,,,wood,18.55623553243619,54.458010033486524
,,grass,,18.56044772702942,54.4551932058448
,,grass,,18.565247300000003,54.450294799999995
,,grass,,18.56534441485874,54.450414499216315
,,greenfield,grassland,18.427371207697636,54.48763714826667
,,greenfield,grassland,18.414007705611866,54.499885115664156
,,grass,,18.533362100971196,54.50593370653066
,,,grassland,18.512350573435103,54.56206659300663
,,,grassland,18.51311430601494,54.55941159148412
,,greenfield,grassland,18.500094709107607,54.56679428365681
,,grass,,18.55117813699728,54.47624488396841
,,grass,,18.551424950653285,54.47618435499774
,,grass,,18.5513892200391,54.47605977748985
,,grass,,18.55201069241537,54.476260694039446
,,grass,,18.55256720039445,54.47634883164918
,,grass,,18.55293868936471,54.47636698182446
,,grass,,18.550266652655495,54.47590737489119
,,grass,,18.550711299050594,54.47598400526266
,,grass,,18.55047498277937,54.475764015561026
,,grass,,18.550820887974197,54.47574093339992
,,grass,,18.550659866232284,54.47553484008618
,,grass,,18.553323171639047,54.47332644794361
,,grass,,18.553534193824778,54.47328375059467
,,grass,,18.553514214523382,54.47310009019305
,,grass,,18.552496135966777,54.48010654059274
,,grass,,18.55316027186702,54.47963979603421
,,grass,,18.553677663152907,54.479753298519334
,,grass,,18.553582333512626,54.479829745842494
,,grass,,18.41396278578038,54.569607165112735
,,,wood,18.540083286921114,54.492145663093
,,,wood,18.539128038768215,54.491715561623316
,,grass,,18.534520619387298,54.49486321804051
,,grass,,18.534078678586017,54.49505824302898
,garden,,,18.53358357694595,54.495088561999445
,,,wood,18.448377836433973,54.54651661146611
,,,grassland,18.458325823318038,54.54612710024702
