name,power,man_made,longitude,latitude
,,,20.9813534,52.213153
,,,20.8777703,52.2153807
,,,21.0503783,52.1308675
,,,21.1293227,52.2871587
,,,20.8562362,52.1487816
,,,20.9952707,52.2234203
,substation,,21.0384459,52.2487321
,,,20.9582593,52.3236799
,substation,,21.0800818,52.1299865
,,,20.9453656,52.3251199
,,,20.9376207,52.2988691
,,,20.9817055,52.2492726
,,,20.8814505,52.2919226
,,,20.987403,52.3094918
,substation,,21.0087628,52.2496869
,,,20.9956076,52.2234039
,,,21.1257301,52.2637443
,,,21.0976388,52.2366353
,,,21.1171146,52.2489845
,,,20.8553918,52.2070284
,,,20.9598875,52.3508927
,,,21.0082379,52.1788484
,,,20.9692834,52.2018035
,,,20.8531063,52.1257519
,,,20.9900895,52.2208303
,,,20.927285,52.2207067
,,,20.8897775,52.2051751
,,,20.952386,52.3557248
,,,21.1429227,52.1021165
,,,21.0446087,52.2479011
,,,20.9654373,52.3514139
,,,20.9672611,52.3524364
,,,20.9522368,52.3551002
,,,20.9711815,52.3502248
,,,20.9943508,52.1876915
,,water_works,20.9490813,52.242613
,,water_works,20.9543169,52.2494749
,substation,,21.021936,52.1624073
,substation,,21.1346201,52.2801307
,substation,,21.1177864,52.2790472
,,water_works,21.1312925,52.2829188
,substation,,21.1314399,52.2829319
,substation,,21.023827,52.1645795
,substation,,21.0222091,52.1614559
,substation,,21.0258867,52.1615946
,substation,,21.0239205,52.1616605
,substation,,21.0284732,52.1631974
,substation,,21.0301433,52.1635856
,substation,,21.0282709,52.1651752
,substation,,21.0286781,52.1653251
,substation,,21.025989,52.157562
,substation,,21.0222668,52.1574261
,substation,,21.0270414,52.1581497
,substation,,21.0237641,52.1587853
,substation,,21.024866,52.1590953
,substation,,21.0272237,52.1608158
,substation,,21.0264031,52.1627213
,substation,,21.0260561,52.1635865
,substation,,21.0258762,52.1641087
,,,21.0470952,52.1570618
,substation,,20.9954392,52.2365502
,substation,,20.9947568,52.2378972
,,,21.0912029,52.1511724
,substation,,20.9925437,52.2533434
,,,21.0277587,52.1457968
,,,21.1251347,52.2648369
,substation,,21.0541187,52.2584829
,substation,,21.0528825,52.2589274
,,,21.05655,52.1399779
,,,21.0713016,52.1738679
,,,20.9085917,52.2970731
,,,21.0971977,52.2178048
,,,20.9948914,52.233912
,,,20.995629,52.2340318
,,,20.9587299,52.2309446
,substation,,21.0874883,52.3000829
,,water_works,20.9470893,52.2416908
,,,20.9258206,52.2600073
,,water_works,20.9656063,52.2367172
,,,20.9480222,52.1796272
,,,21.0189884,52.18409
,,,21.0948516,52.3163797
,,,21.0939922,52.2547561
,,water_works,20.9686315,52.2375572
,,,20.9880412,52.1686596
,,,20.9698209,52.212057
,,,21.0892227,52.1526524
,,,21.0900455,52.153145
,substation,,21.1565967,52.3106246
,,,20.9817826,52.2134245
,,,20.9770189,52.1158614
,,,21.0931574,52.2548255
,,,21.1621974,52.208338
,substation,,21.0934122,52.3045199
,,,21.0973721,52.332435
,,,21.1737838,52.2567155
,,,21.147462,52.3068228
,,,21.1474786,52.3063073
,terminal,,20.9022097,52.1423852
,terminal,,20.902251,52.1424117
,,,20.9955051,52.2338281
,,,20.9302859,52.1488793
,,,21.0013954,52.2579541
,terminal,,21.1070135,52.3211202
,terminal,,21.1069742,52.3211123
,substation,,21.0390959,52.1686046
,substation,,21.0307637,52.2523096
,,,21.0229849,52.2719985
,,,20.9906489,52.2236534
,,,21.0816975,52.2577069
,,,21.0817896,52.2577796
,substation,,21.062392,52.1319855
,substation,,21.0619553,52.1315004
,substation,,21.0606941,52.1339167
,substation,,21.053521,52.1335266
,substation,,21.0447292,52.1413215
,substation,,21.0549232,52.1325536
,substation,,21.0420892,52.1466036
,,,20.9008669,52.1146642
,substation,,21.107644,52.1507243
,substation,,21.0563131,52.1676398
,substation,,21.067653,52.1323659
,substation,,21.0695296,52.1331436
,substation,,21.0715945,52.13364
,substation,,21.0674563,52.128883
,substation,,21.0633466,52.1294319
,substation,,21.0701592,52.1343602
,substation,,21.0650139,52.1330383
,substation,,21.0619544,52.1346852
,substation,,20.9791509,52.1988532
,substation,,20.9802298,52.1997167
,substation,,20.9817931,52.1995725
,substation,,20.9793973,52.2040331
,substation,,20.9791945,52.2040437
,substation,,21.0628775,52.1338068
,substation,,21.0585946,52.1293237
,substation,,21.0620886,52.1283488
,substation,,21.0619476,52.1299003
,substation,,21.070282,52.1323563
,substation,,21.0662993,52.1322601
,substation,,21.0700951,52.1325627
,substation,,21.0071584,52.155131
,substation,,21.0601476,52.1358013
,substation,,21.0587443,52.1368761
,substation,,21.034234,52.155513
,substation,,21.0430618,52.1503764
,substation,,21.0438036,52.1498242
,substation,,21.0401913,52.1520624
,substation,,21.0598676,52.1367942
,,,20.8756993,52.1855159
,substation,,21.0542436,52.1403256
,substation,,21.0732068,52.133175
,substation,,21.1148127,52.1026383
,substation,,21.1231132,52.101723
,substation,,21.0491639,52.1384863
,substation,,21.0757812,52.1613954
,substation,,21.1039516,52.12773
,substation,,21.0925575,52.1289306
,substation,,21.0239207,52.1730783
,substation,,21.0643671,52.1281267
,substation,,21.0650571,52.130368
,substation,,21.0394959,52.1522598
,substation,,21.0765839,52.1285076
,substation,,21.0741919,52.1307796
,,,21.0593433,52.1476731
,substation,,21.0637116,52.1425928
,substation,,21.0572926,52.1536124
,substation,,21.064409,52.1349056
,substation,,21.0545694,52.1529525
,substation,,20.9587201,52.2779682
,substation,,21.0675338,52.1352856
,substation,,21.0687207,52.1356537
,,,21.0030614,52.2348845
,substation,,21.0428748,52.1607884
,substation,,21.0050569,52.2431956
,substation,,21.0569283,52.1286736
,substation,,21.0565447,52.1322958
,substation,,21.035584,52.1546623
,substation,,21.0297082,52.1616651
,,,20.9853886,52.2269748
,,,20.9580036,52.220124
,substation,,21.0497178,52.140627
,substation,,21.0424652,52.1440891
,substation,,21.0479597,52.1347084
,substation,,21.0478203,52.1323738
,substation,,21.061104,52.1514115
,,,20.878146,52.213523
,substation,,21.0275837,52.1602556
,substation,,20.9316309,52.2642583
,substation,,21.0210403,52.242662
,,,20.9882984,52.3293937
,,,20.8548183,52.2069203
,substation,,20.9651843,52.2033873
,substation,,20.9646654,52.2043034
,,,21.02133,52.0999884
,,,21.0213227,52.1003809
,,,20.9684444,52.2013583
,,,20.9704712,52.2010495
,substation,,20.9657009,52.2027556
,substation,,21.049467,52.1792814
,,,21.080599,52.2270177
Stacja Elektroenergetyczna 110/15kV RPZ Centrum,substation,,21.0058372,52.2359632
,,,21.0443587,52.2688553
,terminal,,20.9955842,52.2343273
,terminal,,20.8821843,52.175761
,terminal,,20.8565715,52.1916514
,substation,,21.0546982,52.1335902
,terminal,,20.8597155,52.1913932
,terminal,,20.8821842,52.1733974
,terminal,,20.8793536,52.1799068
,terminal,,20.8793713,52.1798926
,,,20.9945908,52.2931685
,,,20.9943248,52.2922308
,,,20.9888282,52.2597068
,substation,,21.0527583,52.1398952
,,,21.023681,52.2716935
,terminal,,20.8831263,52.1650554
,terminal,,20.8880841,52.1727975
,terminal,,20.8975127,52.1641051
,terminal,,20.8958227,52.1598035
,terminal,,20.8582002,52.170113
,terminal,,20.8581768,52.1701134
,terminal,,20.859798,52.1691761
,terminal,,20.8849447,52.1508905
Hala Wypędy,substation,,20.8801298,52.148766
,terminal,,20.8726005,52.1800683
,terminal,,20.8680279,52.1810996
,terminal,,20.8898702,52.1685629
,terminal,,20.8938669,52.1699629
,terminal,,20.8938839,52.1699551
,terminal,,20.883134,52.1650599
,terminal,,20.8898756,52.1685595
,terminal,,20.9104331,52.1822198
,,,21.0970565,52.1184965
,substation,,20.975356,52.1999004
,substation,,21.0994294,52.1064561
,substation,,20.9702382,52.2240025
,substation,,20.9723969,52.2142858
,substation,,20.9735324,52.2125991
,substation,,20.9860753,52.2112173
,substation,,20.9733535,52.1991816
,substation,,20.9692019,52.1999453
,substation,,20.9629099,52.1970207
,substation,,20.9628778,52.1970346
,substation,,20.9733321,52.1915514
,substation,,20.9716671,52.1945041
,substation,,20.9753803,52.1930379
,substation,,20.9665955,52.2044281
,substation,,20.9648338,52.2071935
,terminal,,20.8936714,52.1661363
,terminal,,20.8821879,52.1734068
,terminal,,20.8619503,52.1428105
,terminal,,20.8579721,52.1437937
,terminal,,20.8585237,52.1443173
,terminal,,20.8607957,52.1443791
,terminal,,20.858514,52.1443191
,terminal,,20.8742116,52.1437613
,terminal,,20.8695896,52.1479458
Pruszyński 2,substation,,20.8649188,52.1498678
,substation,,20.8547541,52.1475827
PDC IC,substation,,20.8538554,52.1458572
,terminal,,20.8561393,52.147573
,terminal,,20.8614851,52.1324771
,terminal,,20.8615058,52.1325113
,terminal,,20.8708142,52.1386827
,substation,,20.9670317,52.2025052
,terminal,,20.8676138,52.1773347
,,,21.0971076,52.236684
,terminal,,20.8625376,52.1387699
,terminal,,20.8626944,52.1409569
,terminal,,20.86122,52.1415539
,terminal,,20.8612381,52.1415542
,terminal,,20.8626536,52.1409688
,substation,,20.8934108,52.1937454
,substation,,20.8967072,52.1860647
,,,20.8562876,52.1489368
,substation,,20.8991421,52.220624
,substation,,20.900257,52.2176874
,substation,,20.9156783,52.2210566
,substation,,20.9015931,52.2244242
,substation,,20.898855,52.224535
,substation,,20.89766,52.2260582
,substation,,20.9027629,52.2267311
,substation,,20.9038709,52.2261081
,substation,,20.9142607,52.2240827
,substation,,20.9125457,52.2240162
,substation,,20.9131174,52.2247665
,substation,,20.914573,52.2253188
,substation,,20.9143503,52.2266488
,substation,,20.9115355,52.227508
,substation,,20.9103297,52.227473
,substation,,20.9079025,52.227053
,substation,,20.908743,52.2277596
,substation,,20.9139199,52.2272052
,substation,,20.9015198,52.2259251
,substation,,20.8994531,52.2272235
,substation,,20.8980463,52.2260491
,substation,,20.8999202,52.2256432
,substation,,20.9017751,52.225011
,substation,,20.901107,52.221717
,substation,,20.8985671,52.2216201
,substation,,21.061734,52.1457021
,substation,,21.0583716,52.1457903
,substation,,20.9814158,52.233724
Michałowice – Nowe Grocholice,,,20.8831296,52.1650399
,,,20.9620464,52.2677554
ST Budimex-18,substation,,20.9649137,52.219154
,substation,,21.0906815,52.1475337
,substation,,21.0564563,52.1424445
,,,21.1429606,52.1007442
,substation,,21.0148829,52.2448045
,substation,,20.9997543,52.2070547
,substation,,21.0134699,52.1810099
,,,21.1244061,52.2661815
,,,21.1250243,52.2650456
,substation,,20.9627029,52.2322825
,terminal,,20.8625533,52.1820937
,terminal,,20.8670967,52.1825243
,terminal,,20.8625465,52.1820931
,terminal,,20.8625388,52.1820925
,substation,,20.9078982,52.2012786
,substation,,20.8985423,52.193025
,substation,,20.899945,52.1882128
,substation,,20.8984736,52.1873594
,transformer,,21.0134338,52.2235036
,transformer,,21.0136685,52.2235516
,,surveillance,21.0134882,52.2235148
,,surveillance,21.0135858,52.2235347
ST Wolska 5,substation,,20.9458979,52.2243677
ST Wolska 7,substation,,20.9475754,52.2239602
ST Wolska 4,substation,,20.9488203,52.2243835
ST Wolska 2,substation,,20.9438488,52.2255875
ST Wolska 1,substation,,20.9443864,52.2247462
,terminal,,20.9416749,52.2243145
ST Wolska 9,substation,,20.9435294,52.2226979
ST Wolska 8,substation,,20.9444077,52.2236379
,substation,,20.9611204,52.2363581
,substation,,20.9607289,52.2346956
,,,20.9408207,52.2245292
,substation,,21.0653605,52.2528649
,substation,,20.9648377,52.2300751
,substation,,20.9647499,52.2300776
,substation,,20.9649315,52.2300414
,substation,,20.9368577,52.2365061
,,,21.1056714,52.2433928
,,,21.1057389,52.2433766
,substation,,20.9712092,52.2299926
,substation,,20.970695,52.2294319
,substation,,20.9621,52.229845
,substation,,20.9615714,52.2289577
,substation,,20.9552742,52.2317675
,substation,,20.9553645,52.2328138
,substation,,20.9176508,52.2244577
,substation,,20.9191831,52.2240638
,substation,,20.9203703,52.223099
,substation,,20.9212982,52.2244038
,substation,,20.9192445,52.2251331
,substation,,20.9183607,52.2254645
,substation,,20.91698,52.2276791
,substation,,20.9164772,52.2284834
,substation,,20.9189265,52.2281266
,substation,,20.9186591,52.2290319
,substation,,20.9394617,52.2375254
,substation,,20.9415797,52.2380744
,substation,,20.9474016,52.2385469
,substation,,20.9004508,52.2338643
,substation,,20.8984161,52.2336328
,substation,,20.8990918,52.234222
,substation,,20.8978625,52.2349608
,substation,,20.9008059,52.2347644
,substation,,20.8991037,52.2365271
,substation,,20.9007791,52.2367287
,substation,,20.9018412,52.2370401
,substation,,20.8995413,52.2373447
,substation,,20.9055254,52.2375576
,substation,,20.9067892,52.2381207
,substation,,20.9083278,52.2377976
,substation,,20.9100203,52.2377651
,substation,,20.9122202,52.2370898
,substation,,20.9094424,52.2373759
,substation,,20.9095169,52.2266724
,substation,,20.9126205,52.226587
,substation,,20.9154141,52.2388317
,substation,,20.9070042,52.2362317
,substation,,20.9096979,52.2362203
,substation,,20.9123427,52.2360873
,substation,,20.9121785,52.2350243
,substation,,20.9121864,52.232601
,substation,,20.9138051,52.2321761
,substation,,20.9138439,52.2306409
,substation,,20.9112663,52.229603
,substation,,20.9132828,52.2318047
,substation,,20.9105208,52.2321761
,substation,,20.9102928,52.2307717
,substation,,20.8988828,52.2312431
,substation,,20.9015575,52.2309331
,substation,,20.9051263,52.2304528
,substation,,20.9048935,52.2292652
,substation,,20.9059995,52.2294128
,substation,,20.9032958,52.2294465
,substation,,20.9009834,52.2289176
,substation,,20.8976733,52.2289403
,substation,,20.9641736,52.23253
,substation,,20.9646701,52.2322239
,substation,,20.9646841,52.2326506
,substation,,20.9678229,52.228109
,substation,,20.9459507,52.2412521
,substation,,20.9411535,52.2408961
,substation,,20.9791115,52.2226869
,,,21.115903,52.2459196
,,,21.115893,52.2459115
,substation,,20.957486,52.1906642
,substation,,20.9834457,52.2361084
,substation,,20.9794412,52.2352829
,substation,,20.996417,52.2350866
,substation,,21.1248585,52.344836
,,,21.0938378,52.3159098
,substation,,20.9877614,52.2271542
,substation,,20.971761,52.2548495
,substation,,20.9684162,52.2304573
,substation,,20.9687098,52.2294705
,substation,,20.9691966,52.2294559
,substation,,20.9675758,52.2305659
,substation,,20.967141,52.2317261
,substation,,20.9678722,52.2320497
,,,20.8834135,52.1991249
,,,20.8832321,52.1993282
,substation,,20.9661523,52.2016713
,substation,,20.9672377,52.2017071
,,,21.0970217,52.1188085
,,,20.9854365,52.2269912
,substation,,21.0636835,52.1486768
,,,21.0129485,52.2108659
,substation,,21.0345956,52.1439434
,substation,,21.0341047,52.1425591
,substation,,21.0630914,52.1381229
,substation,,21.0463676,52.1647205
,substation,,21.0380092,52.1587138
,substation,,21.037644,52.1574306
,,,20.8864629,52.1763878
,substation,,21.0400851,52.1568896
,substation,,21.0401676,52.1589846
,substation,,21.0391242,52.1602636
,substation,,21.0378105,52.1599242
,substation,,21.0370755,52.1605781
,substation,,21.0349893,52.1619458
,substation,,21.0345507,52.1575904
,substation,,21.0358533,52.1606493
,substation,,21.0359625,52.1587735
,substation,,21.0314078,52.1606396
,substation,,21.0301779,52.1623131
,substation,,21.0319598,52.1588371
,substation,,21.0303614,52.1617787
,substation,,21.033116,52.1582112
,substation,,21.0318233,52.1598656
,substation,,21.033374,52.1618544
,substation,,21.0332318,52.1632609
,substation,,21.0288281,52.1639928
,substation,,21.0298795,52.1658076
,substation,,21.0400969,52.1553279
,substation,,21.0369282,52.1555917
,substation,,21.0380752,52.1559384
,substation,,21.0423905,52.1568734
,substation,,21.0419408,52.1574575
,substation,,21.0388558,52.1546067
,substation,,21.024714,52.1691711
,substation,,21.0224576,52.1701073
,substation,,21.0218655,52.1740461
,substation,,21.0217034,52.1722591
,substation,,21.0165879,52.1811925
,substation,,21.0170313,52.1829849
,substation,,21.0153094,52.1825343
,substation,,21.0196592,52.181758
,substation,,21.0178774,52.182154
,substation,,21.0192101,52.1827697
,substation,,21.0153338,52.1829557
,substation,,21.0184368,52.1807688
,substation,,21.0197484,52.1790348
,substation,,21.0199524,52.1809831
,substation,,21.0334309,52.1556974
,substation,,21.0325219,52.1559848
,substation,,21.03515,52.1567914
,substation,,21.0950171,52.2337665
,substation,,21.0093765,52.1803328
,substation,,21.011486,52.1821333
,substation,,21.0093592,52.1816196
,substation,,21.0114651,52.1827118
,substation,,21.0106042,52.1799262
,substation,,21.0115127,52.1809901
,substation,,21.0127439,52.1831235
,substation,,21.0128873,52.1770061
,substation,,21.0126866,52.1764586
,substation,,21.0122726,52.1753296
,substation,,21.0112459,52.177887
,substation,,21.0124427,52.1781997
,substation,,21.0499748,52.1568887
,substation,,21.0493327,52.1560756
,substation,,21.0166125,52.1838473
,substation,,21.0077401,52.1832094
,substation,,21.0078486,52.1832118
,substation,,21.0425848,52.1635471
,,,20.9315699,52.2674818
,substation,,21.0114415,52.2379397
,substation,,20.9997521,52.2345711
,terminal,,20.894635,52.1372247
,substation,,20.9933823,52.2583044
,substation,,21.016391,52.2920013
,,,21.1056833,52.2433538
,substation,,21.0226086,52.2109516
,substation,,21.0213519,52.2446464
,substation,,21.0616738,52.2088394
,substation,,21.0027689,52.2453725
,substation,,21.0147231,52.232615
,substation,,21.024016,52.2274811
,substation,,21.03328,52.1698102
,substation,,21.0304324,52.1732327
,substation,,21.0324683,52.1706993
,substation,,21.0283088,52.169198
,substation,,21.0253245,52.1822277
,substation,,21.0370719,52.1720674
,substation,,21.0347954,52.1705757
,substation,,21.026755,52.1804564
,substation,,21.0378592,52.1724816
,substation,,21.0355667,52.1711865
,substation,,21.0381809,52.1715221
,substation,,21.0279568,52.1709054
,substation,,21.02935,52.1697949
,substation,,21.0281842,52.1699062
,substation,,21.0449046,52.1542752
,substation,,21.0486198,52.1538893
,substation,,21.0567364,52.150894
,substation,,21.0458306,52.152863
,substation,,21.052409,52.1504513
,substation,,21.0507655,52.1512081
,substation,,21.0542871,52.1508028
,substation,,21.0494034,52.151512
,substation,,21.0496263,52.151906
,substation,,21.0459131,52.1546554
,substation,,21.0472266,52.1537353
,substation,,21.0468791,52.1548173
,substation,,21.044221,52.1554625
,substation,,21.0540312,52.151285
,substation,,21.0437151,52.1544887
,substation,,21.041135,52.1735263
,substation,,21.0415079,52.1740715
,substation,,21.0402658,52.1728182
,substation,,21.0411039,52.1725038
,substation,,21.0393069,52.1634236
,substation,,21.0323509,52.1723654
,substation,,21.0327937,52.1721724
,substation,,21.0306575,52.1715173
,substation,,21.0308106,52.1723365
,substation,,21.0249493,52.1712066
,substation,,21.0247906,52.1720022
,substation,,21.0242648,52.1721847
,substation,,21.0288609,52.1586863
,substation,,21.0275117,52.1596748
,substation,,21.0222953,52.1694067
,substation,,21.0259618,52.165099
,substation,,21.0265551,52.1588703
Przejazd 2,substation,,20.9879184,52.191705
,substation,,21.0219435,52.2349875
,substation,,21.0162929,52.2265173
,substation,,21.0151141,52.2259658
Przejazd 3,substation,,20.9882621,52.19239
Przejazd 4,substation,,20.9885912,52.1930646
Wyględowska 2,substation,,20.9854898,52.1948486
,substation,,21.0091643,52.1703469
,substation,,21.0313431,52.1524281
,substation,,21.0339193,52.1517128
,substation,,21.0212777,52.1754017
,substation,,21.0469711,52.1612631
,substation,,21.0444787,52.1643925
,substation,,21.047333,52.1595635
,substation,,21.0282164,52.1826867
,substation,,21.0272274,52.1833035
,substation,,21.0258935,52.1843886
,substation,,21.0274404,52.1812036
,substation,,21.0272703,52.1820891
,substation,,20.9661134,52.201542
,substation,,20.9652582,52.2005304
,substation,,21.0159626,52.1748003
,substation,,21.0163702,52.1758956
,substation,,21.0194477,52.1740823
,substation,,21.0146642,52.1745245
,substation,,21.0165925,52.1764795
,substation,,21.02033,52.1763334
,substation,,21.0220364,52.1603507
,substation,,21.0223087,52.1582147
,substation,,21.0219856,52.1589699
,substation,,21.0237975,52.156976
,substation,,21.0227185,52.1565354
,substation,,21.030883,52.1543719
,substation,,21.0269393,52.1565666
,substation,,21.0317986,52.1546961
,substation,,21.0275855,52.1534588
,substation,,21.0268369,52.1542146
,substation,,21.0259318,52.1535368
,substation,,21.0265272,52.1555728
,substation,,21.0270905,52.1523261
,substation,,21.0275309,52.1549216
,substation,,21.0222171,52.1547508
,substation,,21.0200914,52.1540047
,substation,,21.030179,52.1536913
,substation,,21.0220974,52.1537792
,substation,,21.0280645,52.1513908
,substation,,21.0313669,52.151135
,substation,,21.0294541,52.151064
,substation,,21.0295315,52.1522095
,substation,,21.0355159,52.1527426
,substation,,21.0313601,52.1537862
,substation,,21.0345079,52.1538648
,substation,,21.0334811,52.1545853
,substation,,21.0420859,52.1536816
,substation,,21.0511794,52.1956712
,substation,,21.0505483,52.1947621
,substation,,21.0448855,52.1846993
,substation,,21.0026885,52.2518718
,substation,,21.0046057,52.2506033
,substation,,21.0052633,52.2508149
,substation,,21.0007189,52.2532759
,substation,,21.0231216,52.2336302
,terminal,,20.8723979,52.1385927
,terminal,,20.8723952,52.1385931
,substation,,21.0337554,52.2670814
,substation,,21.0280464,52.1810642
,substation,,21.0570029,52.1501253
,substation,,21.0568152,52.1491826
,substation,,21.0521849,52.148534
,substation,,21.0531543,52.148269
,substation,,21.0513957,52.1475446
,substation,,21.0545499,52.1479054
,substation,,21.0499918,52.1479156
,substation,,21.0520356,52.1467441
,substation,,21.0066249,52.1885545
,substation,,21.0065218,52.176134
,substation,,21.0033632,52.1756573
,substation,,21.0033539,52.1747996
,substation,,21.0065105,52.1720749
,substation,,21.0033507,52.1759125
,substation,,21.0079087,52.1836611
,substation,,21.0237222,52.208299
,substation,,21.0166087,52.1878957
,substation,,21.0142209,52.1868534
,substation,,21.0152698,52.1877239
,substation,,21.0145753,52.1869418
,substation,,21.0208462,52.1842307
,substation,,21.0208566,52.1842597
,substation,,21.0189654,52.1870769
,substation,,21.0225061,52.1857589
,substation,,21.0241274,52.2011944
,,,21.0500481,52.2963706
,substation,,21.0522083,52.1419843
,substation,,21.0532978,52.1396019
,substation,,21.0071534,52.1753092
,substation,,21.0052279,52.1727251
,substation,,21.0092433,52.1717371
,substation,,21.0597648,52.1936358
,substation,,21.0606764,52.193285
,substation,,21.0548361,52.1956827
,substation,,20.9967692,52.1760769
,substation,,20.9496017,52.2114644
,substation,,20.890124,52.1933724
,substation,,21.0179748,52.2293059
,substation,,21.0222566,52.2274643
,substation,,21.0467397,52.1962732
,substation,,20.9754581,52.2715212
,substation,,21.0526385,52.1498329
,substation,,21.0828136,52.1538561
,substation,,21.0557481,52.1403652
,substation,,20.9978761,52.1850536
,substation,,21.025102,52.2369404
,substation,,21.038603,52.2325056
,substation,,21.0367277,52.2291574
,substation,,21.0376806,52.2234305
,substation,,21.0584441,52.1408477
,terminal,,20.9020196,52.1700087
,substation,,20.9902331,52.177003
,substation,,20.9901924,52.1769491
,substation,,20.996977,52.1780391
,substation,,20.9595723,52.270811
,substation,,20.9884865,52.2358382
,substation,,20.9908226,52.2351706
,substation,,20.9918781,52.2353408
,substation,,20.9946401,52.2359725
,substation,,21.0516839,52.1016277
,terminal,,20.8560658,52.1916337
,substation,,21.0624246,52.1503336
,substation,,21.0080768,52.1346256
,substation,,20.9966397,52.178952
,substation,,21.0364783,52.2522461
,substation,,21.01847,52.1441987
,substation,,21.0206769,52.1409342
,substation,,20.9927947,52.2570975
,,,20.9371706,52.2423184
Wolfgang Amadeusz Mozart,,,21.0318784,52.1714517
,substation,,21.0171037,52.1435947
,substation,,21.0669038,52.1703217
,substation,,21.0716114,52.1700037
,substation,,21.0745875,52.1694132
,substation,,21.1358331,52.235386
,substation,,21.1345648,52.2347452
,substation,,21.1391863,52.2305573
,substation,,21.1430503,52.2292886
,substation,,21.1444783,52.2280871
,substation,,21.0572317,52.2304052
,substation,,21.0504586,52.1491041
,substation,,21.0493376,52.1490314
,substation,,21.0472449,52.1478373
,substation,,21.0108467,52.1742808
,terminal,,20.8506797,52.1735543
,substation,,21.0922601,52.152311
,substation,,21.0053728,52.1368358
,substation,,21.0050767,52.1235884
,substation,,21.0145995,52.1221003
,substation,,20.9382427,52.2821183
,substation,,20.9383187,52.281104
,substation,,20.9365855,52.2814863
,substation,,21.0208614,52.2380224
,substation,,21.0210701,52.2388864
,substation,,21.0186069,52.2422714
,substation,,21.017401,52.2426409
,substation,,21.0108232,52.2514178
,substation,,21.0668559,52.1642659
,substation,,20.9355056,52.2756458
,substation,,20.9197765,52.2761956
,substation,,20.920605,52.2768579
,substation,,20.9196203,52.2787382
,substation,,20.9360173,52.2837424
,substation,,20.9367702,52.284341
,substation,,20.9358679,52.2866109
,substation,,20.9344232,52.2869789
,substation,,20.9436,52.2771576
,substation,,20.9370611,52.2790621
,substation,,20.9370938,52.2798111
,substation,,20.9384638,52.2797705
,substation,,20.9360112,52.2798813
,substation,,20.9344167,52.2838722
,substation,,20.9344292,52.2845958
,substation,,20.9315043,52.2846917
,substation,,20.9301163,52.2840727
,substation,,20.9314424,52.2839652
,substation,,20.9300196,52.2833481
,substation,,20.9296322,52.2825855
,substation,,20.9309469,52.2816821
,substation,,20.9294333,52.2816832
,substation,,20.9225066,52.2778626
,substation,,20.9208087,52.2793057
,substation,,20.9168924,52.2782185
,substation,,20.9155752,52.2766349
,substation,,20.9160665,52.277556
,substation,,20.9285224,52.2773399
,substation,,20.925801,52.2774155
,substation,,20.9278078,52.2767565
,substation,,20.9290645,52.2766134
,substation,,20.9304374,52.2749681
,substation,,20.9308528,52.2715008
,substation,,20.9308251,52.2723561
,substation,,20.926543,52.2730529
,substation,,20.9240001,52.2745987
,substation,,20.9217545,52.2759295
,substation,,20.9219017,52.2752753
,substation,,20.9187746,52.2744213
,substation,,20.9217909,52.273475
,substation,,20.9181658,52.2733829
,substation,,20.9208895,52.2720649
,substation,,20.9261642,52.2710936
,substation,,20.9615,52.2748907
,substation,,20.9568619,52.2711449
,substation,,20.9565337,52.2700194
,substation,,20.9576616,52.2760982
,substation,,20.9486543,52.2657036
,substation,,20.9488022,52.2696125
,substation,,20.9479762,52.269426
,substation,,20.9472478,52.2704285
,substation,,20.9426734,52.2706809
,substation,,20.9418991,52.2713734
,substation,,20.9353279,52.2724131
,substation,,20.9359762,52.2715635
,substation,,20.9368109,52.2737655
,substation,,20.9376587,52.2731041
,substation,,20.9385485,52.2741944
,substation,,20.939391,52.2735182
,substation,,20.94109,52.272202
,substation,,20.9494182,52.2647799
,substation,,20.945252,52.2670018
,substation,,21.0544509,52.1720868
,substation,,21.0518979,52.1730032
,substation,,21.0483808,52.173819
,substation,,21.0589631,52.1740755
,substation,,21.0411109,52.2558278
,substation,,20.9007495,52.2197971
Zespół Stacji Filtrów,,water_works,20.995064865287258,52.22128091710506
"Stacja elektroenergetyczna (RPZ) ""Batory"" 110/15kV",substation,,21.009059366204585,52.21315603744919
"Stacja elektroenergetyczna ""Grochów"" 110/15kV",substation,,21.09770523536366,52.236921613426944
"Stacja elektroenergetyczna ""EC Siekierki"" 110/15/6kV",substation,,21.08641488416734,52.191507817815754
"Stacja elektroenergetyczna ""Międzylesie"" 110/15kV",substation,,21.16179499676438,52.208232297381684
"Stacja elektroenergetyczna 220/110kV ""Praga""",substation,,20.99504174665099,52.292680855511364
Podstacja Trakcyjna Winnicka,substation,,20.98150712542642,52.213306328817374
"Stacja elektroenergetyczna ""Sękocin"" 110/15kV",substation,,20.90039837828933,52.11460964810396
"Stacja elektroenergetyczna ""Mory"" 220/110kV",substation,,20.87760790136133,52.21442243626606
RSM Grzybów,substation,,21.002970948824945,52.23482254920347
RSM Dąbrówki,substation,,21.055797408338556,52.237132489509754
"Stacja elektroenergetyczna ""Ząbki"" 110/15kV",substation,,21.12926246889677,52.286811028603026
,substation,,21.09114610014385,52.252235616844544
"Stacja Elektroenergetyczna ""Jelonki"" 110/15kV",substation,,20.913861033826446,52.23314795848986
"Stacja elektroenergetyczna ""Gocław"" 110/15kV",substation,,21.081189834321588,52.22700737164799
"Stacja elektroenergetyczna ""Wola"" 110/15kV",substation,,20.926393099404635,52.220580174557696
Przepompownia Bluszcze,,wastewater_plant,21.09711278517045,52.21814821148378
,substation,,21.03387715,52.1658553
"Stacja elektroenergetyczna ""Słodowiec"" 110/15kV",substation,,20.961576683296194,52.26790099959671
"Stacja elektroenergetyczna ""Towarowa"" 220/110/15kV",substation,,20.985199469829258,52.2271793338597
"Stacja elektroenergetyczna ""Mościska"" 400/110 kV",substation,,20.881336182691324,52.29063560950783
"Stacja elektroenergetyczna ""Bródno""110/15kV",substation,,21.04953354444891,52.29632864984458
RSM Pawia,substation,,20.993272725679034,52.24765425293115
Naukowo-Badawcza Stacja Wodociągowa,,water_works,21.043711008521605,52.15820860130269
,substation,,21.049792626347685,52.15978693810477
,substation,,21.02896500699521,52.14509618243944
,substation,,21.0309104,52.148837300000004
Podstacja Trakcyjna Filtrowa,substation,,21.007104764154285,52.21849096490473
,substation,,20.9596654,52.229696649999994
"Stacja elektroenergetyczna ""Tarchomin-Polfa"" 110/15/6kV",substation,,20.98641212095257,52.30987473322601
Stacja elektrenergetyczna „Łomianki” 110/15kV,substation,,20.86952502516846,52.33911646340496
Oczyszczalnia ścieków,,wastewater_plant,20.9104146251609,52.33597748322161
Rozdzielczy Punkt Zasilania Natolin,substation,,21.050820064745047,52.13064673908918
,substation,,20.971450588130597,52.19385240855515
Stacja elektroenergetyczna 110/15kV RPZ Wschodnia,substation,,21.079897335374003,52.25330712311728
Rozdzielczy Punkt Zasilania Ursynów,substation,,21.04747819665836,52.15678859364182
,substation,,20.959048999999997,52.34302875
Podstacja Trakcyjna Jagiellońska,substation,,21.027273636705853,52.25717842369965
,substation,,20.948478288944486,52.26735530459141
,substation,,20.98425114700294,52.190789379452276
,substation,,20.96523299245801,52.332384344817505
"Stacja elektroenergetyczna ""Targówek"" 110/15kV",substation,,21.043802429502794,52.2687497145624
,substation,,21.00480791438604,52.208146709255416
,substation,,20.993797337881904,52.24386115403848
"Stacja elektroenergetyczna ""Młynów"" 110/15kV",substation,,20.98163200271267,52.249433196330735
,substation,,21.0392843,52.2263677
RSM Smocza,substation,,20.981688186339348,52.24992555218564
,substation,,20.981099579993202,52.24922066615074
,substation,,20.97967189984283,52.205759696876214
"Stacja elektroenergetyczna ""Białołęka"" 110/15kV",substation,,21.00486051351066,52.32678923834014
Oczyszczalnia ścieków w Falentach,,wastewater_plant,20.932822834237253,52.14423344574633
,substation,,20.977864750000002,52.32912185
,substation,,21.059186355006677,52.23597293125568
,substation,,20.975676149999998,52.3169899
,substation,,20.957524659551325,52.2725088683785
"Stacja elektroenergetyczna ""Kaliszówka"" 110/15kV",substation,,20.92415135182423,52.2821550745605
"Stacja elektroenergetyczna ""Płudy"" 110/15kV",substation,,20.97069756239653,52.34999173316173
"Stacja elektroenergetyczna ""EC Kawęczyn"" 110/6kV",substation,,21.12405981956008,52.26477126700952
Stacja elektroenergetyczna „Koło” 110/15kV,substation,,20.93718044725358,52.24264443780384
"Stacja elektroenergetyczna ""Służewiec"" 110/15kV",substation,,21.007715190696626,52.17924334778186
"Stacja elektroenergetyczna ""Sielce"" 110/15kV",substation,,21.050009104489877,52.211536357215856
"Stacja elektroenergetyczna ""Inst. Elektrotech."" 110/6kV",substation,,21.181465301597896,52.21060134362297
"Podstacja trakcyjna ""Gołąbki""",substation,,20.855209839341992,52.20686038200899
"Stacja elektroenergetyczna ""Henryków"" 110/15kV",substation,,20.958001802854028,52.32429500515609
"Stacja elektroenergetyczna ""Huta"" 110/30/6kV",substation,,20.91719103769717,52.29530434736028
"Stacja elektroenergetyczna ""ZPM Norblin"" 110/6kV",substation,,20.909240280673966,52.296968469714734
"Stacja elektroenergetyczna ""Młociny"" 110/15kV",substation,,20.93737362057305,52.29909290890376
"Stacja elektroenergetyczna ""Pustelnik"" 110/15kV",substation,,21.096614171308243,52.332749004468056
"Oczyszczalnia Ścieków ""Czajka""",,wastewater_plant,20.959954469035573,52.3541100792662
Zlewnia Ścieków MPO,,wastewater_plant,20.96888030969287,52.201527357284256
,substation,,21.11528630715939,52.23679339458705
,substation,,21.048439749999996,52.27642995
Stacja elektroenergetyczna 110/15 kV RPZ Utrata,substation,,21.083209956195976,52.26507542917164
,substation,,20.898310676551,52.21269974112902
ST Gołąbki,substation,,20.880341528071142,52.21050838028375
ZHT,substation,,20.901673806094692,52.213548977032836
,substation,,20.91395269346598,52.21445058313653
,substation,,21.04665365174344,52.25086543203867
,substation,,20.921400011700914,52.196779381466165
,substation,,21.003017819110855,52.19934940876068
,substation,,21.04847175,52.32701420000001
,substation,,21.0519517,52.25908325
,substation,,21.048930399328334,52.25749712403337
,substation,,21.0407276,52.256142049999994
,,wastewater_plant,20.852815930795614,52.12586596082824
,substation,,21.153065358889872,52.173051468862376
"Stacja elektroenergetyczna (RPZ) ""Powiśle"" 110/15kV",substation,,21.02884310578132,52.24022959727565
,substation,,21.004536961864396,52.20941036998099
,substation,,21.001012449999998,52.22603454999999
,substation,,21.03014095,52.188165399999995
,substation,,20.97543135,52.2664179
,substation,,20.8602379,52.19722520000001
,substation,,20.85666747593114,52.197254192680504
,substation,,21.01437395,52.27251290000001
"Stacja elektroenergetyczna ""Bemowo"" 110/15kV",substation,,20.92662634980506,52.259966698338964
Stacja elektroenergetyczna ( RPZ) „Stadion” 110/15kV,substation,,21.044461900817986,52.24113980604261
"Zakład ""Południe""",,wastewater_plant,21.10238385613955,52.18475466724628
,substation,,20.976903433218435,52.32318357202411
,substation,,21.05215779841341,52.19861631814589
,substation,,21.057023454445023,52.260588480788
,substation,,21.060914934043627,52.25854347787884
,substation,,21.03863192669477,52.20189488889457
,substation,,20.94235607408753,52.27462876160258
,substation,,20.98478339844153,52.20290215610216
,substation,,20.874210711807045,52.19725923359285
,substation,,20.891531959164276,52.201553863938685
,substation,,20.891813915959656,52.20122419622011
,substation,,20.875644855401767,52.19733185143938
"Podstacja trakcyjna TW ""Połczyńska""",substation,,20.923341867963444,52.22345670881626
,substation,,21.04600835,52.174216699999995
,substation,,20.916468515644073,52.237031385468434
,substation,,20.906034,52.221625499999995
,substation,,20.9062973752848,52.223502288698164
,substation,,20.99698737494252,52.2317915372803
,substation,,20.93013115,52.30472555
,substation,,20.944772599999997,52.26913355000001
,substation,,20.95603816071457,52.267725644629884
,substation,,20.913307925804297,52.234313961885164
,substation,,21.102805200000002,52.29458765
,substation,,21.052340066761666,52.24783737580096
,substation,,21.128382194007347,52.234022281391816
,substation,,21.07997556550061,52.27399882923375
,substation,,21.1428867,52.23697795
,substation,,21.1520819,52.31097539999999
,substation,,21.079769250000002,52.23391605
,substation,,21.07963362434996,52.23321880898273
,substation,,21.000281623698235,52.21566126214803
,substation,,20.998493121086014,52.21123291207056
,substation,,20.99592755130876,52.21773164991932
,substation,,21.061119251517116,52.236841725433464
Oczyszczalnia Ścieków w Konstancinie-Jeziornie,,wastewater_plant,21.141827443585726,52.10050710013297
,substation,,20.9960317,52.26012950000001
,substation,,21.076078135795985,52.13052476939162
,substation,,21.07542440945445,52.13103530613233
ST Przyce,substation,,20.933943082679964,52.217433905938144
,substation,,20.86303445,52.19074325000001
Podstacja Trakcyjna Zamoyskiego,substation,,21.044591042784326,52.24805787019364
,substation,,21.087355442790024,52.21138225576088
,substation,,20.991107449999998,52.268446299999994
,substation,,21.083339659631882,52.20726336869341
,substation,,20.989464735111014,52.26638620037828
,substation,,21.0521745,52.23674255
,substation,,21.08261400768322,52.23115378172796
,substation,,21.0264241,52.1789094
,substation,,21.051662250000003,52.23895310000001
,substation,,21.02705110105515,52.257325142536466
,,water_works,21.071278000449322,52.173892998865156
,substation,,20.9862856784707,52.2160962236674
,substation,,20.897363735232894,52.29846462625129
,substation,,20.961833568344527,52.28254077562584
,substation,,20.985993500504453,52.24457527356677
,substation,,20.930220499999997,52.2763782
Tawerny 1,substation,,20.98865233586644,52.1951150119711
,substation,,20.951419380395954,52.27287065715451
,substation,,20.898828064974527,52.20343107329745
,substation,,20.887427759173466,52.20915262150826
,substation,,21.00142010142193,52.20553808924097
,substation,,21.017313719397198,52.21265354855
,substation,,20.923864136183862,52.202853046006894
,substation,,20.929643526109746,52.201652475197484
,substation,,20.92508582486745,52.19591228948407
PT Wiśniowa,substation,,21.012768078291995,52.21075386421975
,substation,,20.98503485066253,52.26588159514732
,substation,,21.07518165,52.134135750000006
,substation,street_cabinet,21.121253376623056,52.287310188465774
,substation,,21.1389903821611,52.27937837245846
,substation,street_cabinet,21.1292888,52.278344399999995
,substation,,21.127263950821977,52.280427023371665
Stacja elektroenergetyczna 110/15kV RPZ Armatnia,substation,,20.958260476814495,52.21986090264337
,substation,,20.98322192848613,52.215005082541396
,substation,,21.111459049637716,52.28985970208074
,substation,,21.125177532095535,52.28534713905156
,substation,,21.111341850000002,52.287021900000006
,substation,,21.118681099999996,52.28916429999999
Stacja Uzdatniania Wody Drewnica,,water_works,21.113238906117676,52.30199949992465
,substation,,21.108964638057643,52.29410030343176
,substation,,20.971401300000004,52.265065600000014
,substation,,21.1186928,52.2865602
,substation,street_cabinet,21.1253963111934,52.27979062960902
,substation,,21.11035035,52.2973886
,substation,,21.119696757265007,52.27871743468063
,substation,,21.094934915630777,52.29624855816278
,substation,,21.09079222845968,52.29559568495162
,substation,,21.097473113827846,52.305563855417375
,substation,,21.101724987182575,52.304508040048084
,substation,,21.121958981990854,52.28317198762447
,substation,,21.121517400000002,52.281752100000006
,substation,,21.10535725,52.306391950000005
,substation,,21.09518310908117,52.299504528734026
,substation,,21.1385777,52.2805632
,substation,,21.088844053419987,52.30262727357107
,substation,street_cabinet,21.12215305780413,52.27910215002645
,substation,,21.1152852,52.27920715
,substation,,21.11813115,52.27564749999999
,substation,street_cabinet,21.134658149999996,52.28781965
,substation,street_cabinet,21.13368831309157,52.28369782659284
,substation,,21.131470929086138,52.281664960536816
,substation,,21.133282882101692,52.28264429464067
,substation,,21.114986148791502,52.292630818532
,substation,,21.111725337343298,52.29436259392411
,substation,street_cabinet,21.12510184226635,52.27821484774033
,substation,,21.1312069,52.28672794999999
,substation,,21.13922053654277,52.28063488148018
,substation,,21.130539949999996,52.27748635
"Stacja elektroenergetyczna ""Gdańska"" 110/15kV",substation,,20.987741365394932,52.25997332691053
,substation,,21.11205673669885,52.27618598711546
,substation,,21.13164948040142,52.27885293795868
,substation,,21.039027440963245,52.1743868304606
,substation,,20.890564909521494,52.18643817987744
,substation,,21.06194233150022,52.30734098600639
,substation,,20.85976280261817,52.19137582692935
,substation,,20.8694853305707,52.197836967188664
,substation,,20.865755428264745,52.19404622091154
,substation,,21.09993733783285,52.22999948136149
,substation,,21.127730731594937,52.28116212320822
,substation,,21.115911097789205,52.29256470502927
,substation,,21.083420117209577,52.294206631383
,substation,,21.05755195,52.17240854999999
,substation,,21.132869950000003,52.27889150000001
,substation,,21.098821053481718,52.30902818179073
,substation,,21.09123665,52.304700849999996
,substation,,21.097721149999998,52.31095055000001
,substation,,21.127371380260197,52.28179383790661
,substation,,20.981567329297945,52.19984081755933
Stacja Elektroenergetyczna Wiktoryn 110/15KV,substation,,20.9312690877942,52.20195976455249
Stacja elektroenergetyczna Wilanów 110/15KV,substation,,21.090750307888687,52.15110431576314
,substation,street_cabinet,20.982180573242104,52.202028703542084
,substation,,21.057177462775194,52.32029296000602
,substation,,21.126492369128897,52.335619175591965
,substation,,20.99181896304311,52.16625314346992
,substation,,21.098636,52.305989649999994
,substation,,21.02931388926401,52.28242034451294
,substation,,21.11462650390433,52.289936208622834
,substation,,20.96340752935435,52.227699531336526
,substation,,21.117017264989663,52.276999529571235
,substation,,20.969551110884822,52.32098523119007
,substation,,20.946668905189068,52.3035172022702
,substation,,20.93944605344921,52.29727168156631
,substation,,21.181975816073372,52.34500312434704
,substation,,21.115927248573303,52.292582718430744
,substation,,21.1199893,52.2879744
,substation,,21.10224635,52.3258598
,substation,,21.1025435,52.330135999999996
,substation,,21.112901883291297,52.32480918813964
,substation,,21.136150876633884,52.2795766954731
,substation,,20.904123035447753,52.252398066309354
,substation,street_cabinet,21.131051120509472,52.28026366288429
,substation,street_cabinet,21.128771999999998,52.279728
,substation,street_cabinet,21.158017649999994,52.301816499999994
,substation,,21.12012018231971,52.27736638580496
,substation,,21.050137600000003,52.2779972
,substation,,21.052774635786005,52.257438990239294
,substation,,21.153924265778485,52.314086575134226
,substation,,21.14282131444064,52.2217172253207
,substation,,21.1986875,52.338218850000004
,substation,,21.1932494,52.33565610000001
"Stacja elektroenergetyczna ""Zachodnia"" 110/15kV",substation,,20.959706079583942,52.222867245289166
,substation,,21.092585900000003,52.325559899999995
,substation,street_cabinet,21.093596400000003,52.32637830000001
,substation,,20.982058938180074,52.22348401625299
,substation,,20.977931207011192,52.23975767683369
,substation,,21.12062837379623,52.29198660724582
,substation,,21.12133022896725,52.290824789416554
,substation,,21.113795341069412,52.31769500771862
,substation,,21.107562900000005,52.30356135
,substation,,20.91544328984975,52.21833406912172
,substation,,21.00450916598479,52.1741962910966
,substation,,21.07250735,52.156625649999995
,substation,,21.071115308288356,52.15610625081889
,substation,,21.07111420881963,52.15610563127723
,substation,,20.969469739186437,52.23806945161836
,substation,,20.96484265,52.251938900000006
,substation,,21.12106730456587,52.28014818058283
,substation,,20.943561115869162,52.23436055270945
,substation,,21.093379049999996,52.308052449999984
Leśna,substation,,21.10455861709517,52.312766763052
,substation,,21.09282885829786,52.309920287204925
,substation,,21.094931459861332,52.32025294191416
,substation,,20.948217333219176,52.23963816321341
,substation,,20.942136797477055,52.22719672008553
,substation,,20.951453079590763,52.22877345606906
,substation,,20.955592600000003,52.2284377
"Stacja elektroenergetyczna ""Mirów"" 110/15kV",substation,,20.99514053716391,52.234210608431226
,substation,,20.9668605375453,52.23268683229447
Przepompownia ścieków Nowodwory,,wastewater_plant,20.945111295804,52.32458808418991
,substation,,21.068818459656782,52.1664123283773
,substation,,21.06830243314788,52.16654422184508
,substation,,21.061598251639953,52.17062630154979
,substation,,21.05695299968548,52.171635999561694
,substation,,20.938067731868326,52.232912041993714
,substation,,21.167891254858077,52.30650648339529
,substation,,21.14881781362279,52.225626636536866
,substation,,21.167485049999996,52.298076849999994
,substation,,21.16392976774205,52.298138013654764
,substation,,21.037657300000003,52.14394450000001
,substation,,21.117620887834974,52.31628901667891
,substation,,20.993982650000003,52.26824115000001
,substation,,21.10631704831604,52.32400682394925
,substation,,21.07790651105846,52.23394013863362
,substation,,21.079473750858888,52.234388943437686
,substation,,21.080776965680077,52.23346872346344
,substation,,21.07794282617633,52.23220249037075
,substation,,21.08541595,52.231016950000004
,substation,,21.085448300000003,52.23073465
,substation,,21.100121185254974,52.29015357036752
,substation,,20.92433508709609,52.19768345574717
"Podstacja trakcyjna ""Okęcie""",substation,,20.987866802092267,52.16896833415999
,substation,,20.945366686692463,52.22537741814613
,substation,,21.134298651576955,52.2845742108763
,substation,,21.135408250000005,52.28466260000001
,substation,,21.109065547228028,52.292520872750444
,substation,,21.146555940216466,52.3073135197483
,,wastewater_plant,20.861367740432048,52.11160792531724
,substation,street_cabinet,21.18971601725535,52.320927806050975
,substation,,21.04470838297007,52.14649818712979
,substation,,21.05859435,52.318333300000006
,substation,,21.06136425,52.31508094999999
,substation,,21.06389029937359,52.311614528488995
"Kabina sekcyjna ""Koło""",substation,,20.965539357609746,52.25410542405335
,substation,,20.97556415,52.2036103
,substation,,20.98255255,52.2052036
,substation,,20.97775825,52.203166849999995
,substation,,20.97724867727036,52.201562619707715
,substation,,20.925615557209653,52.259817152145196
,substation,,20.89203435406552,52.210070968659004
,substation,,21.120228785024,52.32830207058106
,substation,,21.149408033384205,52.299720245855966
,substation,,21.103882555992417,52.19251311226544
,substation,,21.045558088411287,52.23655197086771
,substation,,21.047876649999996,52.2346379
,substation,,21.1125172,52.3017677
,substation,,21.004498435957608,52.176715217169914
,substation,,21.054910349999997,52.23512989999999
,substation,,20.891651728340616,52.257833540339995
,substation,,20.940489349999996,52.336548699999994
,substation,,20.960204450000003,52.22787
,substation,,21.09350845735963,52.24705523619894
,substation,,21.0598988,52.32073360000001
,substation,,21.0612743,52.3205353
,substation,,21.057010350000002,52.32151325
PT Bema,substation,,20.95848221779615,52.231056321061196
Wodociąg Marecki,,water_works,21.09493039471475,52.31564507451307
RPZ Cybernetyki,substation,,20.994585348131384,52.17653707624793
,substation,,20.91794183091616,52.24097585960987
,substation,street_cabinet,21.189859199999997,52.34536055
,substation,,21.059563350299452,52.14273399897948
,substation,,21.058834688227638,52.143125285158106
,substation,,21.048869776258854,52.24725345888755
,substation,,21.09523385280959,52.251229185467515
,substation,,21.121302178254574,52.279548131109266
,substation,,21.077869883435316,52.31054918844695
,substation,,20.95304155396434,52.22618820359082
,substation,,21.061861450000002,52.26857410000001
,substation,street_cabinet,21.1161944,52.32521069999999
,substation,,21.159976832252383,52.301649089198
,substation,street_cabinet,21.16044749537798,52.30178771022742
,substation,,20.9988994,52.29545420000001
,substation,,20.98683775475009,52.30316638179714
,substation,,21.14643456113444,52.313525536597226
,substation,,20.980173329701152,52.20675741570034
,substation,,21.136945100000002,52.280713299999995
,substation,,20.94300804715029,52.33543159659633
,substation,,20.952295967903947,52.230519362143156
,substation,,21.002753749999993,52.2086393
,substation,,20.980065300000003,52.19567785000001
,substation,,20.980274374657487,52.19804008864124
,substation,,20.981657266759044,52.197980534771574
,substation,,20.978146400000004,52.197970250000004
,substation,,20.976497684232772,52.19712334059788
,substation,,20.974645647997015,52.19723847914799
,substation,,20.972987400000004,52.197182850000004
,substation,,20.973982045986382,52.19639966106626
,substation,,20.960547362568818,52.25683188127509
,substation,,20.960860485958314,52.25709119845778
,substation,,21.1577964,52.34702115
,substation,,21.005666150000003,52.22463615
,substation,,21.076022810663137,52.28702204528969
,substation,,20.953657099999994,52.184577299999994
,substation,,21.1036008,52.277812999999995
,substation,,20.994687512895233,52.17571229162046
,substation,,21.163164095781905,52.29182241948558
,substation,street_cabinet,21.162561469023526,52.293911656298896
,substation,street_cabinet,21.162267500000002,52.2950844
,substation,,21.041471130523075,52.34384328571877
,substation,,20.96807184477636,52.20779749835698
,substation,,20.967607012084965,52.21079723450016
,substation,,21.00303335,52.2105414
,substation,,21.160103473956386,52.31410009388986
,substation,,21.16079907600355,52.31459076345331
,substation,,21.1118163419761,52.30020513952953
Oczyszczalnia Wód Opadowych,,water_works,21.089730148402015,52.152890475182964
,substation,,21.174532100862248,52.345738232546516
,substation,,21.151610800000004,52.29108804999999
,substation,,21.121226849999996,52.29554529999999
,substation,,20.9699329589747,52.212114648476145
,substation,,20.96997479053498,52.21212995624279
,substation,,20.933431606869,52.19826389471382
,substation,,20.924650008560338,52.1955937849411
,substation,,21.126342834649762,52.29554647909543
,substation,,21.076088022887348,52.24707985941446
,substation,,20.9368341,52.294654949999995
,substation,,21.10703129541438,52.311682481040656
,substation,,21.041565887058347,52.176437553512315
,substation,,21.053563849999996,52.15868925
,substation,,21.05461674989709,52.15744100135583
,substation,,21.092001284778892,52.32685503804309
,substation,,21.101555954288663,52.32791516906613
,substation,,21.1180147,52.2752193
,substation,,20.9438947,52.33270105
,substation,,20.944113226753604,52.33509790618675
,substation,,21.04119765,52.29467895
,substation,,20.945931701175933,52.33350891905503
,substation,,21.037654534267777,52.2566009176598
PZO Kupiecka,substation,,21.015869052401413,52.32090999185995
,substation,,21.095333250000003,52.316541799999996
,substation,,21.098715449999997,52.318208049999996
,substation,,21.0616291,52.283160249999995
,substation,,21.1418345,52.260345050000005
,substation,,20.916752216331666,52.19893801104362
,substation,,20.935250392788905,52.23113826847587
,substation,,21.137293649443485,52.20703952254557
,substation,,21.0575291,52.18178950000001
,substation,,20.878980246270544,52.199118349523246
,substation,,20.956420952254437,52.21539016532179
,substation,,21.04613596473641,52.29700902259851
,substation,,20.96458424239444,52.111094901735356
,substation,,21.039402109467286,52.1830546747833
,substation,,21.0573164,52.101027
,substation,,21.054397207602175,52.10263369396916
,substation,,20.976857049674397,52.140163125468334
,substation,,20.978833499999997,52.14298424999999
,substation,,21.029083242780814,52.248895851699096
,substation,,21.089626791916164,52.15305033768173
,substation,,21.15584665,52.33045484999999
,substation,,21.194019799055443,52.33234802835586
,substation,,21.19517635,52.3303339
,substation,,21.070371101720777,52.154712031396905
,substation,,21.042434572103936,52.178018586079716
,substation,,21.042774,52.178135600000005
,substation,,21.164818468578993,52.3036217010739
,substation,,21.0309552,52.156769749999995
,substation,,21.142352413086513,52.238026458047685
,substation,,21.13848515,52.243287900000006
,substation,,20.875167709914646,52.19643019744686
"Kabina sekcyjna ""Radość""",substation,,21.18040829419224,52.19221883775783
,substation,,21.164510745674367,52.30177009007
,substation,,21.100724,52.2978483
,substation,,20.98231816435737,52.249487651283424
,substation,,20.97589889314724,52.24380358358153
,substation,,21.03884145,52.16650309999999
,substation,,21.140827538688114,52.20563172086588
,substation,,20.947536088362064,52.26843935720364
,substation,,20.9418922,52.26866885
,substation,,21.05629110696274,52.28734823026029
,substation,,21.039307883484323,52.21742140901746
,substation,,21.038890852667713,52.21820570172851
,substation,,21.084838158713367,52.228453767635735
,substation,,21.14052491219716,52.22453164024986
,substation,,21.143126938323807,52.21935307507945
,substation,,20.99899948246087,52.33161378677551
,substation,,21.155151329688024,52.21672799428335
,substation,,21.146499900000002,52.219658450000004
,substation,,21.052224250000002,52.308119500000004
,substation,,20.99483936219391,52.13806377305999
,substation,,21.016305050000003,52.1736402
,substation,,21.138155390873543,52.22044810332048
,substation,,21.105509334994714,52.25769569574012
,substation,,20.933518499999998,52.273718450000004
,substation,,21.092634042881368,52.15688485300627
,substation,,20.929114845443628,52.270452391968746
,substation,,21.016367060611852,52.264923076844845
,substation,,21.077090684096213,52.318714388140165
,substation,,21.07663766526503,52.31327170486955
,substation,,21.075410749023344,52.31624042630997
,substation,,20.926252445353033,52.281834880384416
,substation,,20.95409164005162,52.2678826799218
,substation,,20.951196339044476,52.27038295624874
,substation,,20.951858350000002,52.27169825000001
Stacja elektroenergetyczna Bielawa 15/15 kV,substation,,21.11416313716978,52.10864092184581
PT Maczka,substation,,20.931362002072632,52.267410923732754
,substation,,21.088000863309148,52.1464419802762
,substation,,20.906954107524246,52.141364591152865
,substation,,20.99447562137298,52.16747913979867
,substation,,21.018824480148652,52.247368507614425
,substation,,20.96214557721809,52.21838787225637
Ursus Orlen,substation,,20.88542151452402,52.180649657268724
,substation,,20.88711741646021,52.18037466162932
,substation,,20.966419555443373,52.14468748089969
,substation,,21.08327294599324,52.12919506918306
Stacja Uzdatniania Wody Zamienie,,wastewater_plant,20.976798798351254,52.11634198036617
,substation,,21.011642245155087,52.21839503628424
,substation,,21.077359808708433,52.182879070014714
,substation,,20.940051270386114,52.181786541027364
,substation,,20.95191586181866,52.19067443878223
,substation,,21.037927449999998,52.200429199999995
,substation,,20.86926045,52.19098059999999
"Podstacja trakcyjna ""Zielonka""",substation,,21.147606065110644,52.30661671407869
,substation,,20.9022295073468,52.14239847443471
,substation,,21.02889138952941,52.17321808517123
,substation,,21.04280544693527,52.14071125766456
,substation,,21.04621078847996,52.139605623350164
,substation,,21.0751365,52.12755680000001
,substation,,21.05241997606286,52.143604105691566
,substation,,21.08184439805572,52.28031721826801
,substation,,21.019035616981316,52.11458052492253
,substation,,21.115464900000006,52.27982025
Podstacja Trakcyjna Pereca,substation,,20.995321452957846,52.23367649685232
,substation,street_cabinet,21.172367007989642,52.316418550995245
,substation,,21.157576449999997,52.331875849999996
,substation,,21.088401044672086,52.18201513131647
,substation,street_cabinet,21.163776366270827,52.30246792822813
,substation,,21.1631109185373,52.32534909410168
,substation,,21.174563056542702,52.34647488692845
,substation,,21.19171827027685,52.346359878101886
,substation,,21.08395826554905,52.22811593874414
,substation,,21.08301976571839,52.22783583896227
,substation,,21.098771478161833,52.324697943534794
,substation,,21.164334300000004,52.315494750000006
,substation,,21.186939545434104,52.3423022735606
,substation,,21.162463652754795,52.3155830813447
,substation,,21.110004692477236,52.29401999412747
,substation,,21.10459368732798,52.32914996051771
,substation,,21.10845575,52.324175100000005
,substation,,21.104537199999996,52.31672209999999
,substation,,21.103170962928996,52.32334386865882
,substation,,20.9322006,52.23009179999999
Podstacja trakcyjna Międzyparkowa,substation,,21.001124195694953,52.2578528030027
,substation,,21.144132949999996,52.314394949999986
,substation,,21.1113908,52.31969319999999
,substation,,21.10698769332243,52.321128198342926
,substation,,20.916064637763395,52.204996727901275
,substation,,20.910477500000002,52.20835775000001
,substation,,21.113622920602065,52.32163781698905
,substation,street_cabinet,21.15174049350743,52.31105057340494
,substation,,21.142430393071848,52.321809301712236
,substation,,21.028123624378672,52.18071204287343
,substation,,21.02659393997876,52.26317043354883
,substation,,20.97557088128368,52.196033492508256
,substation,,21.03739225,52.15311825
,substation,,21.039577995396204,52.16457228173475
,substation,,21.058003911191733,52.1526401143645
,substation,,21.043254654093644,52.16107232550817
,substation,,21.053035008977478,52.160133293878864
,substation,,21.049054470251615,52.162889881280684
,substation,,21.04716240019454,52.161476920300146
,substation,,21.052097138946493,52.157611996620155
,substation,,21.035490788568612,52.186445085604454
,substation,,20.947114348482238,52.154025976668166
,substation,,21.005711099999996,52.101099149999996
Zamienie Zakładowa,substation,,20.9718309,52.11277865
,substation,,20.994375161573323,52.24620235718672
,substation,,21.0354308206049,52.14052831781902
,substation,,21.035734599999998,52.1564551
,substation,,21.04468395916303,52.141173415016425
,substation,,21.04722481195068,52.139169614205954
,substation,,21.06900885731946,52.246854620379565
,substation,,20.875013299999996,52.189041849999995
,substation,,21.105699337318,52.243374561298
,substation,,20.960399151681752,52.20441477540701
,substation,,20.92704230314546,52.220405490461495
,substation,,20.92932024065035,52.221019269795235
,substation,,20.91456345,52.20163
,substation,,21.15369255,52.175177999999995
,substation,,21.059800850000002,52.14394304999999
,substation,,21.063514699816853,52.131708857272024
,substation,,21.029484820187868,52.14767715103844
,substation,,21.063247960575126,52.179918244819625
,substation,,21.06304623644437,52.18553868817577
,substation,,20.980729526905833,52.21935383537786
,substation,,21.03615945,52.1416116
,substation,,21.037954967161745,52.14193927542287
,substation,,21.004308093454924,52.1287701733958
,substation,,21.035480950000007,52.142875700000005
,substation,,21.03542327380772,52.142875106928805
,substation,,21.022235587121106,52.152538735933184
,substation,,21.046265758590334,52.15855420434546
,substation,,21.01965133702613,52.15710178293867
,substation,,21.035786438022004,52.16280849160515
,substation,,21.05091237613204,52.1731713769852
,substation,,21.070180673016512,52.135504373074625
,substation,,21.061856740315328,52.13064388549615
,substation,,21.056142121958796,52.130299956736266
,substation,,21.058581118261994,52.13044626213739
,substation,,21.04869859890853,52.134769307777354
,substation,,21.07322616774552,52.12897530158722
,substation,,21.070753557015504,52.130716800799426
,substation,,21.07392939137064,52.13192996940394
,substation,,21.073214896846185,52.13134778397915
,substation,,21.063142110010794,52.14096770590528
,substation,,21.066515909917467,52.14099413050996
,substation,,21.05986830625752,52.13957826150636
,substation,,21.062119499999998,52.141955299999985
,substation,,21.06242095,52.14219145
,substation,,21.06150009833044,52.14347413047274
,substation,,21.056604596659447,52.13999387290446
,substation,,21.054871299999995,52.14494379999999
,substation,,20.995794389390927,52.10967642861058
,substation,,20.995733334062,52.109679758544814
,substation,,21.054584757248204,52.13818453050229
,substation,,21.053571696036986,52.13584389884449
,substation,,21.052357620666843,52.1367845084825
,substation,,21.054109992024358,52.13534938254638
,substation,,21.058675923831697,52.13685992575128
,substation,,20.88494225004606,52.211903817347576
,substation,,21.03558506105728,52.17781698078865
,substation,,21.035668100000006,52.17873695000001
,substation,,21.06126356337838,52.13997923609717
,substation,,21.061094859413355,52.138065880509906
,substation,,21.067586724804247,52.139825521096846
,substation,,21.064753172412978,52.139991569672254
,substation,,20.987514849434145,52.22092715697576
,substation,,21.06295295658438,52.22819140358989
,substation,,21.041645880138372,52.13935321224694
"Podstacja trakcyjna ""Warszawa Wschodnia""",substation,,21.081353915237013,52.2579911617894
,substation,,20.86842935,52.20163425
,substation,,20.962640003843337,52.23386939148435
,substation,,20.963530302428797,52.24004336781127
,substation,,20.9611326,52.2402667
,substation,,20.9876464,52.204975100000006
,substation,,20.871075937292282,52.194688511537706
,substation,,21.013588612554365,52.230998229309776
,substation,,21.088257184542158,52.325536843576025
,substation,,20.957771627116415,52.20897836558725
,substation,,20.953609315872626,52.21161197566873
,substation,,20.959565984377313,52.21365737420544
,substation,,20.959517638511155,52.2134369220349
,substation,,20.959745649280908,52.20944263811631
,substation,street_cabinet,21.16998705,52.33177295
,substation,,21.155126949999996,52.300146600000005
,substation,,21.157284974030514,52.34168920647803
,substation,,21.02539557459607,52.19197125949582
,substation,,21.00376209820914,52.24570817340016
,substation,,21.029874099999997,52.160728
,substation,,21.033612856873884,52.1577361459569
,substation,,21.044686853269805,52.13861501206209
"Stacja elektroenergetyczna ""Imielin"" 110/15kV",substation,,21.0283652335586,52.1454938097432
"Stacja elektroenergetyczna ""RPZ Stegny"" 110/15kV",substation,,21.044304799235555,52.19068001209015
,substation,,21.019213184013143,52.14066307779668
,substation,,21.018925583310153,52.14307412472685
,substation,,21.01837172560286,52.14674584233891
,substation,,21.00821807057497,52.23434361359346
,substation,,21.1323511,52.2368582
,substation,,20.961205358930872,52.198622986348546
,substation,,20.966454072880925,52.20619388718351
,substation,,20.96790304005821,52.20591158050886
,substation,,20.973525428677977,52.20923769649467
,substation,,20.9750846510019,52.208422726231
,substation,,20.975713360311985,52.199094595942405
,substation,,20.939074807601735,52.26797057315075
,substation,,20.94019335409213,52.26771263448351
"Podstacja trakcyjna ""Rembertów""",substation,,21.17415100617076,52.2566572552856
,substation,,20.880625699554,52.199478626261964
Stacja Elektroenergetyczna 110/15kV RPZ Ursus Miasto,substation,,20.87599125570392,52.18529743723024
,substation,,20.968554850000004,52.18331765
,substation,,21.027433080381236,52.17448812128663
,substation,,21.03495731669516,52.175243777640716
,substation,,21.023891239251586,52.17150199043178
,substation,,21.020353504734977,52.17066364809469
,substation,,21.021874812360135,52.17086513696266
,substation,,21.022781412848587,52.17294332344496
,substation,,21.02867121690846,52.17197886641738
,substation,,21.03187564667595,52.17142269364792
,substation,,21.029886911700206,52.15672915280825
ST Wola,substation,,20.94676045568454,52.2220108303162
,substation,,20.96282311798327,52.24136968999691
,substation,,20.959411512243697,52.23862704757865
,substation,,21.025198468033803,52.323429065158535
,substation,,20.915309656683824,52.24064313417929
,substation,,21.0393000200347,52.30171444591814
,substation,,21.077122535271318,52.1305599951587
,substation,,21.17440783308263,52.34172132429754
,substation,,20.967167550000003,52.22171530000001
,substation,,20.893473496243057,52.20042547213647
,substation,,20.952850137895073,52.34317886824347
,substation,,20.949719525262054,52.34692477471698
Reguły Torfowa,substation,,20.856192510679556,52.162630335618566
,substation,,21.00263046070454,52.21915945191898
,substation,,21.0188467,52.12723185
,substation,,21.051486898639862,52.149457058234745
,substation,,21.02433188146798,52.12483777540454
,substation,,21.01411609748179,52.12768352848061
RSM Migdałowa,substation,,21.059051456616206,52.147862588080486
Michałowice Przedszkole,substation,,20.88988690424907,52.16856955673625
,substation,,21.049719399999997,52.14580684999999
,substation,,21.088651612723986,52.16007297420636
,substation,,21.089553378017992,52.160147966915154
,substation,,21.05821110195886,52.170823849089615
,substation,,21.092137640683923,52.11661947401465
,substation,,21.00141766654339,52.16876554116582
,substation,,21.056737950000002,52.156135
,substation,,21.056479481684104,52.1548668419839
,substation,,21.05885100865171,52.1520091358989
Michałowice Raszyńska,substation,,20.882201048705646,52.17339280428038
,substation,,21.02396585,52.1433546
,substation,,20.938560038305386,52.26986735482319
,substation,,20.9380883,52.26943985
,substation,,20.93558846274626,52.26938977965398
,substation,,20.936703066634266,52.27026917478212
,substation,,20.939007001822482,52.270566065573306
,substation,,20.94224514273866,52.268699477117664
,substation,,20.94980924618574,52.26551016868982
,substation,,20.94954751746996,52.26681189907676
,substation,,20.95080322601418,52.26556735817786
,substation,,20.947388770126746,52.26693180722755
,substation,,20.95378278746324,52.26473122953584
,substation,,20.955738278806074,52.26618890943582
,substation,,20.90173975509825,52.25975004353078
,substation,,20.970690956585955,52.192254174812014
,substation,,20.96901218384145,52.19293260716791
,substation,,20.97090980932091,52.19358683706384
,substation,,20.972782892321803,52.19287295324297
,substation,,20.868116200000003,52.18842255000001
Stacja elektroenergetyczna 110/15kV RPZ Pałac,substation,,21.009202593266963,52.23264847075764
,substation,,20.9324391,52.194768399999994
,substation,,20.882691408883385,52.197056428038586
,substation,,21.00020998279429,52.208553819404464
,substation,,21.183250141432705,52.24478101924225
,substation,,21.15425095901913,52.235449729232386
,substation,,20.99845155848908,52.225253409147996
,substation,,20.998688871817222,52.223999109040385
,substation,,21.00221805,52.22010089999999
,substation,,20.99408225,52.225420150000005
Trafostacja ujęć PU3- i PU-4,substation,,21.073393729061937,52.21454275580256
Zakład Wodociągu Falenica S.A.,,water_works,21.195951547268717,52.15848068487832
,substation,,21.149341601140726,52.203790428562705
,substation,,21.174637346771828,52.21458765742629
"Stacja elektroenergetyczna ""Południowa"" 110/15kV",substation,,20.994723437025556,52.187733125110384
,substation,,21.044833200000003,52.147979649999996
,substation,,20.879418190592116,52.20700809830785
Stacja Uzdatniania Wody Pęcice,,water_works,20.857476783876677,52.14879652710893
,substation,,21.04612444844111,52.197757816244014
RSM Przybyszewskiego,substation,,20.94179360295201,52.27594636226788
,substation,,21.009121,52.18150470000001
,substation,,21.013341359846937,52.181987585672964
,substation,,21.004737950000003,52.184162150000006
,substation,,21.0178095608799,52.18474212968408
,substation,,21.01560720120206,52.18665305908519
,substation,,21.02357174426811,52.18595377797848
RSM Tewa,substation,,20.998062154886668,52.18279497296727
Wyględowska 1,substation,,20.985928795456548,52.1963899819812
,substation,,20.94979562089962,52.19848646492476
,substation,,20.95490852720672,52.19260271549579
,substation,,20.942815276974855,52.19925027739218
,substation,,21.055670058500464,52.15456340299654
,substation,,21.035199,52.15867755000001
,substation,,21.015467154556802,52.14608325905481
,substation,,21.0041448,52.11314945
,substation,,20.97995397187382,52.20661632782454
,substation,,20.96439434456148,52.27393167087479
,substation,,20.968824534704005,52.22327967800695
,substation,,20.882314597369877,52.205378294866655
ST Sławińska,substation,,20.970056663917102,52.224945029415
,substation,,20.971110027319295,52.22542804788602
,substation,,20.969588406609173,52.225886423322706
,substation,,20.972288528924924,52.22612893523892
,substation,,20.969591782428864,52.22731126603261
,substation,,20.9762602,52.225819
,substation,,20.97436257868239,52.22447156138756
,substation,,20.986634727150477,52.227098889563564
,substation,,20.980040209138927,52.22875429432268
,substation,,20.98003193383861,52.22880960609048
,substation,,20.963027065847875,52.224396771699496
,substation,,20.982235482179878,52.19728764657281
,substation,,20.975682699393825,52.205936501577156
,substation,,20.959137899999998,52.2178591
,substation,,20.957822149999995,52.221560800000006
ST-5 Ordona,substation,,20.95472481903732,52.22386541764415
ST PSK,substation,,20.950259388641513,52.22103924890868
ST Ochota,substation,,20.952424121408523,52.21624649057147
,substation,,20.909030286975423,52.27342911077904
ST Zachodnia 1,substation,,20.96371585,52.2207446
Stacja elektroenergetyczna 110/15 kV RPZ Krakowska,substation,,20.948327463890134,52.179581615721006
,substation,,20.972207186979922,52.223587870135084
,substation,,20.961023488228598,52.27076635187941
,substation,,20.9253392,52.2087054
,substation,,20.930484039452068,52.20942751915445
,substation,,20.929281287813488,52.20632022935231
,substation,,20.992705335261313,52.2245696707671
Reguły Urząd Gminy,substation,,20.8598171912862,52.169173578811005
,substation,,20.91472951176256,52.24039192134296
,substation,,20.921724286070496,52.238347071521574
,substation,,20.918026232889943,52.23470178681965
,substation,,20.920943795864943,52.234488941293435
,substation,,20.919420500000005,52.23213705
,substation,,20.936549140795655,52.23158684771482
,substation,,20.934650532618885,52.233867141889164
,substation,,20.928433124656188,52.2249289988124
,substation,,20.934046303476176,52.2255762809185
,substation,,20.929996196360072,52.23618173111354
,substation,,20.94156041693847,52.23472270839004
,substation,,20.943300068025863,52.236281058335805
,substation,,20.943975980956953,52.23856973343177
,substation,,20.94283888971279,52.24178474670858
,substation,,20.94569951534467,52.24017577266545
Piastów Bodycha,substation,,20.867103783416542,52.182536230011515
"Kabina sekcyjna ""Płudy""",substation,,20.988259137177742,52.329486758679764
RPZ Gołąbki,substation,,20.855273193130923,52.2065681213238
,substation,,20.906023992307766,52.20769705526147
,substation,,20.89219306873342,52.20538456689674
,substation,,20.95754475,52.20130629999999
,substation,,20.95994281095798,52.31541545070409
,substation,,20.956663208121256,52.31998432857452
,substation,,21.03119635,52.1588919
,substation,,21.030393202289783,52.16049537436773
,substation,,21.03422105151055,52.29794430467453
,substation,,21.036238967941934,52.297600639501596
,substation,,21.062669774397964,52.14167548781474
,substation,,20.966018939328606,52.194075607053286
,substation,,20.96406753207473,52.194396557066405
,substation,,20.96443495090984,52.19234386284043
,substation,,20.867934147985604,52.20689292070732
Stacja Uzdatniania Wody Mysiadło,,wastewater_plant,21.02158425704744,52.10013372149029
Józefosław Żwirowa Oś. Sedno,substation,,21.05141209980627,52.102148862619465
,substation,,21.03946875,52.11163135
,substation,,21.04582105,52.204991650000004
"Stacja elektroenergetyczna ""Ochota"" 110/15kV",substation,,20.97012413947954,52.20136221602765
,substation,,20.955554599393487,52.20196114547677
,substation,,20.952544460471774,52.20180553677586
,substation,,20.951257223351423,52.2007958786786
,substation,,20.949688041624604,52.20243857291322
,substation,,20.95072480421832,52.203090046085
,substation,,20.96930833558401,52.20470440651033
,substation,,20.968128682342957,52.203733808585774
,substation,,20.968317541018507,52.211975067563735
,substation,,20.962365776542452,52.21149070574309
,substation,,20.965946223319698,52.21415198051534
,substation,,20.96526016872369,52.2118662479733
PT Boboli,substation,,20.99823480012115,52.20686185265018
ST Zachodnia 2,substation,,20.965587083012185,52.21934520287688
Michałowice Jesionowa 2,substation,,20.8822339583484,52.178076426286474
"Stacja elektroenergetyczna ""Olszynka"" 110/15kV",substation,,21.117378863199203,52.24857801785999
,substation,,20.863058584302173,52.19160479226708
,substation,,20.86772738559928,52.192275972547584
,substation,,20.86366508372811,52.194917341882324
,substation,,20.865802249999998,52.195913
,substation,,20.86373048060416,52.19384168614855
,substation,,20.871205828423125,52.1964628106697
,substation,,20.868803486166254,52.19618109215024
,substation,,20.91204235,52.190923
,substation,,21.1147490724339,52.23319033907223
,substation,,21.048562735493167,52.27492041069442
Michałowice Parkowa,substation,,20.893867098801934,52.16995319725433
,substation,,20.882439253307794,52.20562598082618
,substation,,20.9919893,52.1675927
,substation,,20.99474305,52.1688129
,substation,,20.992698346399735,52.16803912771892
,substation,,20.89299460816551,52.19009254638523
,substation,,21.052125189838794,52.13929234387887
,substation,,20.99316129678307,52.16076527803067
,substation,,20.9632831366573,52.27378252780383
,substation,,21.03785891236084,52.25680148407461
,substation,,21.103449699003964,52.22863675038557
"Stacja elektroenergetyczna ""Śródmieście"" 110/15kV",substation,,21.013573253024088,52.223477783652854
,substation,,21.0926102,52.15215485
,substation,,21.00711274151037,52.251846068936146
,substation,,21.065023099999998,52.2074371
,substation,,21.06771115,52.20626725
,substation,,21.06214936577217,52.2091864276366
,substation,,21.06785521197177,52.20700572730074
,substation,,21.0651249,52.20874870000001
,substation,,21.06266024317341,52.20798190294352
,substation,,20.931463510750902,52.26824077039708
,substation,,21.065415950000002,52.2117286
,substation,,20.8821746,52.17576309999999
Michałowice Spacerowa 2,substation,,20.88314242557262,52.1650479742026
,substation,,20.86589085,52.203551149999996
,substation,,20.856603153504665,52.191644146145876
Polenergia,substation,,20.856225509681707,52.19016693512903
,substation,,21.060733893524674,52.14153056951719
,substation,,20.910599299999998,52.19742455
,substation,,20.90921664878481,52.196614143955095
,substation,,20.909794888641915,52.198884680422466
,substation,,20.9097514,52.19835025
,substation,,20.908397279520674,52.19877130233252
,substation,,20.905955439764178,52.19918285750194
,substation,,20.9055024,52.19834519999999
,substation,,20.902769407061587,52.19926391944922
,substation,,20.902945910878966,52.20019169441958
,substation,,20.90474464683759,52.19956932695992
,substation,,20.906107432859788,52.20046756033325
,substation,,20.91406064725022,52.204415778422685
,substation,,20.917972112139413,52.20493392037964
RSM Cietrzewia,substation,,20.921843246238087,52.20361426797956
,substation,,20.876332299999998,52.1865964
,substation,,20.8791074498345,52.18300789011689
Opacz Mała 3,substation,,20.898182606301706,52.17086311511205
Michałowice Świerkowa,substation,,20.879349750139827,52.179895190374175
Michałowice Al. Jerozolimskie,substation,,20.881001857770283,52.18097019645106
Reguły 2,substation,,20.861782397815126,52.17281277264747
Reguły 3,substation,,20.86800438626704,52.18109805062239
,substation,street_cabinet,21.113434636591393,52.108048173911314
,substation,,21.066196078956494,52.129552884664804
,substation,,20.926172100201097,52.153689350496265
,substation,,21.014636077657922,52.330104762362886
,substation,,21.02525198729233,52.27904324119471
,substation,,21.081681062299708,52.283713627939846
,substation,,21.02013131087941,52.27913563379461
"Podstacja trakcyjna ""Praga""",substation,,21.023381858229193,52.27178546006553
,substation,,20.945732977075068,52.15722633994941
Raszyn Rybie Piaskowa 2,substation,,20.941115413390833,52.15771476313655
,substation,,20.93642135,52.15898135
Raszyn Wschodnia,substation,,20.931268191985335,52.15792398102464
Raszyn Młynarska,substation,,20.927704299999995,52.15858705
,substation,,20.92628409401182,52.16804518111467
,substation,,21.089734622560684,52.130924443949255
Opacz Mała Targowa,substation,,20.898204604359737,52.170885144861835
Michałowice Regulska,substation,,20.877197497935025,52.16841594925409
Michałowice Polna,substation,,20.88810210413921,52.17280154609161
Michałowice Ferma,substation,,20.887901657729973,52.15204529924374
Reguły Mieszalnia Pasz,substation,,20.858177813091782,52.1700980188283
,substation,,21.027646338637197,52.289764443152485
Reguły Żytnia,substation,,20.87259291108578,52.18005726518205
,substation,,20.88493274676696,52.150882298977386
,substation,,20.881815299981735,52.14797640082955
,substation,,21.06826455,52.1585384
,substation,,21.074768550000005,52.165392
,substation,,20.936184213816347,52.223358016770554
,substation,,20.91042010354784,52.182217999047154
,substation,,20.936547736809516,52.239468522361484
,substation,,20.908985146399253,52.19371872217652
,substation,,20.900523950000004,52.193950050000005
,substation,,20.898666858787696,52.19185354286633
,substation,,20.89552724335984,52.19219098112638
,substation,,20.899691099999995,52.198792399999995
,substation,,20.89276825,52.197535
,substation,,20.895758054667144,52.19665516860524
,substation,,20.888231450000003,52.1872187
,substation,,20.883172086158204,52.192869071992554
,substation,,20.889197249999995,52.19115605
,substation,,20.88487721511047,52.195522564480775
,substation,,20.9156435,52.19627949999999
,substation,,20.922787179172772,52.19507691227137
,substation,,20.877627317823737,52.184368175253965
,substation,,21.0483298,52.16254045
,substation,,21.00456102388025,52.17579700877728
,substation,,21.008251650000002,52.174468049999994
,substation,,20.95813188411758,52.196927689385944
,substation,,20.950940149999997,52.19654740000001
,substation,,20.95305989977522,52.19891159901623
,substation,,20.941442350000003,52.1983871
,substation,,20.93957025,52.196208
"ST 3,500",substation,,20.94433486606958,52.20224501455866
ST Szybka 1,substation,,20.943068108652515,52.202449630784685
,substation,,20.96257483409151,52.22405903609018
,substation,,20.920934869637207,52.20163710402987
,substation,,20.913795337392568,52.20211212749681
,substation,,20.976274998941072,52.211988223851975
,substation,,20.98522915,52.21091539999999
,substation,,20.955654412043028,52.20668967645953
,substation,,20.962841567404038,52.20117266182634
,substation,,20.967704992982394,52.190317354389364
,substation,,20.9687722,52.19199390000001
,substation,,20.930469129736295,52.14893139579079
,substation,,20.922314308141292,52.15017754312973
RSM Orzeszkowej,substation,,20.97027792872844,52.2118602576334
,substation,,20.920783499999995,52.20600005000001
,substation,,20.927067159968768,52.19982311963201
RSM Ordona,substation,,20.95202189843523,52.2283820982941
,substation,,20.907341060035733,52.19837814036456
10888,substation,,21.171523914259794,52.20590462943337
,substation,,20.878944200000003,52.1947415
,substation,,20.872600099360927,52.14364210651265
Sokołów Sokołowska,substation,,20.860813950862433,52.14438925968481
,substation,,20.858512001125522,52.1443143960806
Wypędy Sokołowska,substation,,20.88084331936109,52.14411593565997
Sokołów Wacława,substation,,20.8742088103607,52.14377268969067
,substation,,20.87247680372486,52.14362385943104
,substation,,21.00305718126068,52.100399294216096
Sokołów - Gromadzka,substation,,20.861941147436003,52.14282727805178
,substation,,20.894723435085233,52.207090154979625
,substation,,20.88335229744429,52.199237081353125
Michałowice Wesoła,substation,,20.893678997236528,52.16612975339321
Michałowice Wieś 2,substation,,20.895826914725887,52.15981045699948
,substation,,20.864552066495204,52.131984420560805
,substation,,20.857953881391545,52.143795313049004
,substation,,20.925541400000004,52.17209270000001
Szkolna,substation,,20.928941349999995,52.15292504999999
,substation,,20.933615939548574,52.152225736055726
,substation,,20.928994240039124,52.15544162552436
,substation,,20.933372499999997,52.15600425
,substation,,20.86961281656459,52.14793195010559
,substation,,20.85613582533927,52.14755824709733
,substation,,21.005419013276803,52.32507747545922
,substation,,20.921834554504244,52.152055177089856
Raszyn Sportowa Opel,substation,,20.921090007509648,52.15340249527673
,substation,,20.872536644329713,52.14017405051216
,substation,,20.86149523253791,52.13247633764263
,substation,,20.87080934968292,52.13867174754701
,substation,,20.8707365,52.13868195000001
,substation,,20.925073049999998,52.1862979
,substation,,21.007287451471697,52.2417129981294
,substation,,20.966008959875964,52.20204427879878
,substation,,21.02035228404021,52.170018728614615
,substation,,20.867638862628326,52.177340941219384
Piastów - Kaufland,substation,,20.8550851,52.189225949999994
Piastów Plac Zgody,substation,,20.85685434836624,52.18554885335908
Piastów Styki,substation,,20.85290043093996,52.18494509100055
,substation,street_cabinet,20.862509458229706,52.13877899906402
,substation,street_cabinet,20.86122795459803,52.14155249697946
HE Janki 1V,substation,,20.862652049040967,52.14095413649428
Polsim,substation,,20.906475414303266,52.178033959943264
,substation,,20.911433037033795,52.170046937916936
,substation,,20.913047260496345,52.177527381236345
,substation,,20.91619880005805,52.17541495068472
ST-2 Działkowa,substation,,20.932541805934523,52.178620747252616
,substation,,20.91767288194096,52.17526291626692
,substation,,20.90279315,52.19368865
,substation,,20.898163290524096,52.19569700170728
,substation,,20.897026264837038,52.19376173986818
,substation,,20.8875807,52.191110800000004
,substation,,20.889858406034143,52.1834620833255
,substation,,20.88988125,52.18340485
,substation,,20.88395175175165,52.186587233105485
,substation,,21.015600407265673,52.181492167699616
,substation,,20.8946469,52.209448450000004
,substation,,20.895461587447866,52.20871744135747
,substation,,20.883151299414134,52.19733452385426
,substation,street_cabinet,20.863242269505538,52.19874147631355
,substation,,20.8718656,52.197033749999996
,substation,,20.868906399999997,52.19436539999999
,substation,,20.865055450000003,52.1932186
,substation,,20.8602298,52.193198100000004
,substation,,20.912054756838298,52.211342549492485
,substation,,20.91614011300697,52.21280952643537
,substation,,20.91356731191532,52.20478328299216
,substation,,20.871156336243548,52.200391304647795
,substation,,20.865732400000002,52.2073084
,substation,,20.858939965974823,52.20642232914935
,substation,,20.908815587945192,52.20504397584949
,substation,,20.921033725686794,52.210926156934065
,substation,,20.914609349999996,52.210734800000004
,substation,,20.9075016531943,52.21195261641601
,substation,,20.902294704169908,52.20998467506337
,substation,,20.941437799999996,52.18630915
,substation,,20.9432076,52.188048499999994
,substation,,20.9389584,52.246026
,substation,,20.931830239047155,52.243067088294126
,substation,,20.899398100000003,52.21947225
,substation,,20.90720075,52.22562755
,substation,,20.98527571183695,52.20695587374963
,substation,,20.933955423766292,52.22151534860678
,substation,,20.8728087,52.34091925
,substation,,20.872955299999997,52.34170904999999
,substation,,21.193307414819248,52.3133311930747
,substation,,20.91531223278375,52.22076316620253
,substation,,20.93133631439575,52.22275962929403
,substation,,20.90963038555807,52.21971170840897
,substation,,20.89869024553853,52.21990909104878
,substation,,20.900452229764998,52.22351526382007
,substation,,20.90502971474547,52.22546499309298
,substation,,20.869360899999993,52.34672535
,substation,,20.867500790218724,52.34697980169486
,substation,,20.86614190981948,52.347405946669056
,substation,,20.901085150000004,52.22400455
,substation,,20.89639745,52.2206235
RSM Łucka,substation,,20.986531552572174,52.23230958853533
,substation,,20.914626424751244,52.23828899433794
,substation,,20.879297249913346,52.20547517735587
Warowna 1,substation,,20.988705264168978,52.19626039529065
,substation,,20.962520400000002,52.2124081
,substation,,20.99630748113831,52.2984191138614
"Podstacja trakcyjna ""Grochów""",substation,,21.093550477256905,52.25474927688584
,substation,,20.917699683180167,52.23390952210518
,substation,,21.020013799979523,52.27907181833539
,substation,,21.088350478203107,52.24952426348891
,substation,,20.977550500000007,52.227216950000006
,substation,,20.97344580730002,52.229667002637385
RSM Siedmiogrodzka,substation,,20.973585677781212,52.2313397900041
,substation,,20.985636850000002,52.2365562
,substation,,21.06310355,52.14464325
,substation,,20.941355185371336,52.15300192404425
,substation,,20.935475199999996,52.157705199999995
Piastów Witosa,substation,,20.863823961669983,52.18792827838041
Piastów Suprema,substation,,20.862535220283963,52.18208450020055
,substation,,21.021457115625108,52.2445867472212
,substation,,21.01857757770634,52.239064071468846
,substation,,20.909122999999997,52.19055064999999
,substation,,20.907130586290652,52.188573339910064
,substation,,20.898909000000003,52.1948415
,substation,,20.899549999999994,52.19269504999999
,substation,,20.903854,52.191092950000005
,substation,,20.9057384,52.190142650000006
,substation,,20.901900250000004,52.19004085
,substation,,20.89262585,52.18554915
,substation,,20.94505378636278,52.21684589465599
ST Lokomotywownia Odolany,substation,,20.937959892376462,52.21871379788111
ST Szczęśliwice 1,substation,,20.934565577650517,52.21376269742756
ST Szczęśliwice 2,substation,,20.92891987473764,52.2133931246535
ST Dźwigowa,substation,,20.91367177716344,52.21338572187049
,substation,,21.09119191004926,52.151083227367614
,substation,,21.107591499999998,52.15072850000001
Stacja Uzdatniania Wody,,water_works,20.929329993631608,52.14859102510583
ST Wolska 11,substation,,20.941693255039574,52.22432393367374
ST Wolska 6,substation,,20.94241194289206,52.22369757362768
ST Popularna,substation,,20.92595764812376,52.20337477354756
,substation,,20.92162160250609,52.197333522853064
,substation,,20.921293384937517,52.196752779388106
ST WOC-2,substation,,20.917981499999996,52.217070549999995
ST WOC-1,substation,,20.917965350000003,52.21711005000001
ST Wolska 3,substation,,20.949603412277185,52.22520749335167
PT Goleszowska,substation,,20.941089789937894,52.22466178191812
,substation,,20.93855679529973,52.22505389826755
,substation,,20.940423008112475,52.22138122410755
,substation,,20.9683054,52.2293272
,substation,,21.027874136733193,52.175784120428375
,substation,,20.965245665187396,52.230355821629864
,substation,,20.96614178262075,52.22983432211374
,substation,,21.099538440765336,52.25023529950717
,substation,,20.918388660523064,52.22308730784987
,substation,,20.922128949999994,52.23434324999999
,substation,,20.930974265002206,52.22831226213321
,substation,,20.93591825,52.2309069
,substation,,20.879661439186304,52.220441781074264
,substation,,20.88573931411987,52.22636703758526
,substation,,20.887450854989833,52.22982936801353
,substation,,20.888109550000003,52.231275000000004
,substation,,20.893516400000003,52.235948700000016
,substation,,20.916259812786908,52.233806012503926
Raszyn Pruszkowska 2,substation,,20.912037999890998,52.16310246828985
,substation,,20.902297100000002,52.344888299999994
,substation,,20.8996136,52.33776845
,substation,,20.92789968698297,52.234157540063364
,substation,,20.928076273207086,52.235020540716185
,substation,,20.913270849999996,52.27345495
,substation,,20.914814253454786,52.27728921912288
,substation,,20.947896600000004,52.2258904
,substation,,21.136125384030255,52.28295937270322
,substation,,21.098733299999996,52.32077415
,substation,,21.115884810615373,52.24592170209926
,substation,,21.06905676887137,52.20490856351186
,substation,,21.054435111367727,52.1707973427083
,substation,,21.04816446049767,52.133122040945665
,substation,,21.054090756650385,52.13000896895362
,substation,,21.01997816193274,52.10616482614225
,substation,,21.066548624092572,52.13357434323713
,substation,,21.068370257329473,52.13382577381565
,substation,,21.067519129733704,52.13174758663664
,substation,,21.07117058175681,52.13598885617477
,substation,,21.04614345,52.137953350000004
Stacja Uzdatniania Wody Powsin,,water_works,21.097256771070917,52.11872676528049
,substation,,20.930893109088935,52.258525468509085
,substation,,20.933377929597302,52.259483531946096
,substation,,20.93335755,52.25811214999999
,substation,,21.026975026814018,52.29456030103068
RSM Domaniewska,substation,,21.018550701960265,52.184018612435345
,substation,,20.931468839356924,52.2763330606546
,substation,,20.927031634207257,52.276244874672656
Ukryta 1,substation,,20.99044231322372,52.193506894791874
,substation,,20.949691599999998,52.270982599999996
,substation,,20.937175403009935,52.27762021976365
,substation,,20.909706799999995,52.309284749999996
,substation,,20.97817372217569,52.244281543938364
,substation,,20.97824760412709,52.244266568199066
,substation,,21.00583215,52.207458
,substation,,21.070274999999995,52.1919484
,substation,,21.05555950231378,52.18961777346255
,substation,,20.915262502001585,52.186262873792536
PT Michałowice,substation,,20.886255802740326,52.17641980012917
,substation,,21.107406662513007,52.288272590190545
Panattoni 2,substation,street_cabinet,20.86913791355372,52.1307884457541
Panattoni 1,substation,street_cabinet,20.86910717164543,52.130795085551476
,substation,,21.10737755,52.16479389999999
,substation,,21.108547993572632,52.16446363110056
,substation,,21.109657445200522,52.16668846938704
,substation,,21.117130410096806,52.1710598516585
,substation,,21.118783099999998,52.171606749999995
,substation,,21.113726159527754,52.17116140561968
,substation,,21.112411740767666,52.17350651897213
,substation,,21.115664537983438,52.17471431912028
,substation,,21.1056722,52.161441100000005
,substation,,21.10952865,52.16484095
,substation,,20.96903965,52.22720085
,substation,,21.035841599999998,52.1421933
Michałowice Zgody,substation,,20.89752846442298,52.16409880447439
Stacja elektroenergetyczna 110/15kV RPZ Szamoty,substation,,20.889491072927797,52.205070964221875
,substation,,21.019235536279925,52.11111902504237
,substation,,21.018554400000006,52.13633375
,substation,,21.018571199999997,52.135886049999996
,substation,,21.01345845,52.1791053
,substation,,20.998826015402926,52.17864537062697
,substation,,21.13244165,52.241998499999994
,substation,,20.886989813004874,52.11444393977695
,substation,,20.8946332507477,52.13721350960271
,substation,,21.007068037541348,52.18149766263177
,substation,,21.0222966,52.17665465
,substation,,21.025132416609775,52.11159207401372
Woronicza 1,substation,,20.984484349999995,52.194020300000005
,substation,,21.070955972284924,52.2100689587022
,substation,,21.028214600000002,52.186442199999995
,substation,,21.02744475,52.17111769999999
,substation,,21.040428058677907,52.163718106906586
,substation,,20.886539462900714,52.19777928044259
,substation,,20.977444375848748,52.19960223356804
,substation,,20.992124037886832,52.196578779651276
Rajska 1,substation,,20.989325450000003,52.19208869999999
,substation,,21.05822213891672,52.132989068183676
,substation,,21.024919200000006,52.1500166
,substation,,20.862572969422732,52.18208950786129
,substation,,20.89061285,52.11266984999999
,substation,,21.00650591515852,52.23359344153992
,substation,,20.962933531864998,52.198141139163205
,substation,,20.937803765699314,52.18453687153589
,substation,,20.9331609,52.18523635
,substation,,21.06236725112165,52.1276820880724
,substation,,21.026670777255443,52.154057088567484
,substation,,21.068159392217733,52.20245696577316
,substation,,21.07333063005794,52.20934283341157
,substation,,20.861513547679877,52.13250784518916
,substation,,21.026494989042877,52.10344345959999
PT Skrzyżowanie,substation,,20.943182545225156,52.20041413110861
PT Warszawa Zachodnia Południowa,substation,,20.96835638865958,52.21989347200975
,substation,,20.872397215275114,52.13859788673978
,substation,,21.0351439756626,52.342508793465385
,substation,,21.035434050000003,52.338354050000014
,substation,,21.085005359079297,52.18297267183576
,substation,,21.038504950000004,52.197018
,substation,,21.08454645,52.183777750000004
,substation,,21.067510111000246,52.31577632227393
Opacz Mała Piękna,substation,,20.90204397665404,52.170016546095646
,substation,,20.954022531745753,52.31829958100134
,substation,,20.94401312932358,52.32336029999743
,substation,,20.941872348282185,52.326846482641216
,substation,,20.942120581743815,52.33353771689669
,substation,,20.9426348,52.3353617
,substation,,21.049361443023844,52.10596105046421
Józefosław Sedno Szkoła,substation,,21.0534394,52.10063665
,substation,,20.856080053073775,52.19163925361664
,substation,,21.086249549999994,52.15002779999999
,substation,,21.070266335452406,52.15238119540209
,substation,,21.092366507797344,52.1476737799966
,substation,,21.08987353879468,52.149407590917875
,substation,,20.96314576713459,52.155799444186876
,substation,,20.877460296149874,52.20579822340812
,substation,,20.881170779732315,52.11459458771873
,substation,,21.059460364291418,52.24771382339518
,substation,,20.983490253018996,52.3263663318567
McDonald's Reguły,substation,,20.850669250244028,52.17356819763331
,substation,,20.97260115,52.10576224999999
,substation,,20.94599745,52.200881700000004
,substation,,21.091963856145554,52.146875530482845
,substation,,21.07582123876021,52.15670816904786
,substation,,21.066388058411395,52.1676976506238
,substation,,21.066447568146067,52.167719181853926
,substation,,20.897818554460176,52.20023677975251
,substation,,20.86833096245259,52.1831075251698
,substation,,20.868112956599354,52.185121031635106
,substation,,21.067971069113145,52.16495022511246
,substation,,21.066814057973215,52.16653345737392
,substation,,21.06711745,52.1677382
,substation,,21.064271950000002,52.170094850000005
,substation,,20.916405265803384,52.273652794482025
,substation,,20.962565952960805,52.27128636835576
,substation,,20.960249899999997,52.27376969999999
,substation,,20.95711604635045,52.27497192089071
,substation,,20.934723699999996,52.270811849999994
,substation,,20.93670425966332,52.2688421895731
,substation,,20.946219249375464,52.2662487709352
ZORN,substation,,21.022921850000003,52.182707300000004
,substation,,21.134083757132576,52.2413744452873
,substation,,21.0771701,52.200858950000004
,substation,,20.982558249282963,52.30924498178787
,substation,,21.017420700000002,52.287132150000005
,substation,,21.116149443158506,52.15356125290084
,substation,,20.91241600951647,52.21974472221266
,substation,,20.9057259,52.2179593
Zespół Stacji Filtrów,,water_works,20.995026647170977,52.22126545443231
"Stacja elektroenergetyczna (RPZ) ""Batory"" 110/15kV",substation,,21.009065018351873,52.213165001863956
"Stacja elektroenergetyczna ""Grochów"" 110/15kV",substation,,21.09770071315204,52.23692812224206
"Stacja elektroenergetyczna ""EC Siekierki"" 110/15/6kV",substation,,21.086356617532612,52.1915206494255
"Stacja elektroenergetyczna ""Międzylesie"" 110/15kV",substation,,21.161794989986547,52.20823229827892
"Stacja elektroenergetyczna 220/110kV ""Praga""",substation,,20.995084528762316,52.29267074110753
Podstacja Trakcyjna Winnicka,substation,,20.981508425114967,52.21331025328596
"Stacja elektroenergetyczna ""Sękocin"" 110/15kV",substation,,20.900382478695278,52.11461637985667
"Stacja elektroenergetyczna ""Mory"" 220/110kV",substation,,20.877575910785332,52.21445293061133
RSM Grzybów,substation,,21.00297094783603,52.23482254918385
RSM Dąbrówki,substation,,21.05579750211114,52.23713249650842
"Stacja elektroenergetyczna ""Ząbki"" 110/15kV",substation,,21.12926108831204,52.2868283081783
,substation,,21.09114103416591,52.252236964588754
"Stacja Elektroenergetyczna ""Jelonki"" 110/15kV",substation,,20.913878078381355,52.233150540021285
"Stacja elektroenergetyczna ""Gocław"" 110/15kV",substation,,21.081194837311678,52.227004087935676
"Stacja elektroenergetyczna ""Wola"" 110/15kV",substation,,20.92639103561386,52.220591568919545
Przepompownia Bluszcze,,wastewater_plant,21.097117235043164,52.21814573360252
,substation,,21.03387715,52.1658553
"Stacja elektroenergetyczna ""Słodowiec"" 110/15kV",substation,,20.96156915577083,52.26790463467698
"Stacja elektroenergetyczna ""Towarowa"" 220/110/15kV",substation,,20.985182023892644,52.22718679514843
"Stacja elektroenergetyczna ""Mościska"" 400/110 kV",substation,,20.88130884170474,52.290629846124375
"Stacja elektroenergetyczna ""Bródno""110/15kV",substation,,21.04953222783242,52.29632878568932
RSM Pawia,substation,,20.993272870306978,52.247654341261324
Naukowo-Badawcza Stacja Wodociągowa,,water_works,21.04371101661862,52.158208599943464
,substation,,21.049792478500713,52.15978695855147
,substation,,21.028965016353578,52.14509618380115
,substation,,21.0309104,52.148837300000004
Podstacja Trakcyjna Filtrowa,substation,,21.00710476216754,52.218491738088154
,substation,,20.9596654,52.22969665
"Stacja elektroenergetyczna ""Tarchomin-Polfa"" 110/15/6kV",substation,,20.98640981732182,52.309875445815784
Stacja elektrenergetyczna „Łomianki” 110/15kV,substation,,20.8695330363735,52.339122957518896
Oczyszczalnia ścieków,,wastewater_plant,20.910451651627955,52.335961480741716
Rozdzielczy Punkt Zasilania Natolin,substation,,21.05082107524257,52.130646991211584
,substation,,20.97145058099395,52.19385240566379
Stacja elektroenergetyczna 110/15kV RPZ Wschodnia,substation,,21.079897336756805,52.253307121781425
Rozdzielczy Punkt Zasilania Ursynów,substation,,21.047480204209723,52.156788237850996
,substation,,20.959049000000004,52.34302875000001
Podstacja Trakcyjna Jagiellońska,substation,,21.027272298871175,52.25717566110756
,substation,,20.94847828131432,52.26735530217852
,substation,,20.984251137859356,52.1907893753941
,substation,,20.965232983684345,52.33238434593055
"Stacja elektroenergetyczna ""Targówek"" 110/15kV",substation,,21.043803076279573,52.26874815296088
,substation,,21.004807920356587,52.208146705752455
,substation,,20.993797374494644,52.24386104810599
"Stacja elektroenergetyczna ""Młynów"" 110/15kV",substation,,20.981631780361777,52.24943366332717
,substation,,21.0392843,52.2263677
RSM Smocza,substation,,20.981688254952214,52.249925545407834
,substation,,20.981099568522815,52.249220666525076
,substation,,20.979671900802018,52.205759694822135
"Stacja elektroenergetyczna ""Białołęka"" 110/15kV",substation,,21.004860266905258,52.32678822628659
Oczyszczalnia ścieków w Falentach,,wastewater_plant,20.932830911880416,52.14422841559081
,substation,,20.977864750000002,52.32912185000001
,substation,,21.05918635341465,52.23597293263706
,substation,,20.975676149999998,52.31698989999999
,substation,,20.95752460452783,52.2725088543816
"Stacja elektroenergetyczna ""Kaliszówka"" 110/15kV",substation,,20.92416764571107,52.28215913005635
"Stacja elektroenergetyczna ""Płudy"" 110/15kV",substation,,20.970695089127123,52.34998592258001
"Stacja elektroenergetyczna ""EC Kawęczyn"" 110/6kV",substation,,21.124057179769256,52.264763008125485
Stacja elektroenergetyczna „Koło” 110/15kV,substation,,20.937182476140556,52.242649192314786
"Stacja elektroenergetyczna ""Służewiec"" 110/15kV",substation,,21.007716593335477,52.179253582828736
"Stacja elektroenergetyczna ""Sielce"" 110/15kV",substation,,21.050008196905964,52.211536583886854
"Stacja elektroenergetyczna ""Inst. Elektrotech."" 110/6kV",substation,,21.18146968302205,52.210598966507064
"Podstacja trakcyjna ""Gołąbki""",substation,,20.85521132875583,52.206862620074354
"Stacja elektroenergetyczna ""Henryków"" 110/15kV",substation,,20.95798645150877,52.32429324224336
"Stacja elektroenergetyczna ""Huta"" 110/30/6kV",substation,,20.917230114418796,52.29534278727266
"Stacja elektroenergetyczna ""ZPM Norblin"" 110/6kV",substation,,20.90924801332832,52.29704632272456
"Stacja elektroenergetyczna ""Młociny"" 110/15kV",substation,,20.937370241192077,52.29909252705252
"Stacja elektroenergetyczna ""Pustelnik"" 110/15kV",substation,,21.096614201664497,52.332748948250455
"Oczyszczalnia Ścieków ""Czajka""",,wastewater_plant,20.960134276015552,52.35409178970296
Zlewnia Ścieków MPO,,wastewater_plant,20.9688806754639,52.201527377160446
,substation,,21.115286315006905,52.236793395068524
,substation,,21.048439749999996,52.276429949999994
Stacja elektroenergetyczna 110/15 kV RPZ Utrata,substation,,21.083209158759846,52.26507595477222
,substation,,20.89831056914871,52.21269979063311
ST Gołąbki,substation,,20.88034145637231,52.21050839315349
ZHT,substation,,20.90167383684651,52.21354890322406
,substation,,20.913952689952097,52.214450583944256
,substation,,21.04665370969437,52.250865420798924
,substation,,20.921400245540045,52.19677929532025
,substation,,21.00301782256682,52.19934940467773
,substation,,21.04847175,52.3270142
,substation,,21.0519517,52.25908325
,substation,,21.04893039161045,52.25749712081111
,substation,,21.040727600000004,52.25614205
,,wastewater_plant,20.852815927242403,52.12586595548392
,substation,,21.15306536229102,52.17305146719858
"Stacja elektroenergetyczna (RPZ) ""Powiśle"" 110/15kV",substation,,21.028849690447263,52.240231884448114
,substation,,21.004536994343514,52.2094103534988
,substation,,21.001012449999998,52.226034549999994
,substation,,21.03014095,52.1881654
,substation,,20.975431349999997,52.26641790000001
,substation,,20.8602379,52.1972252
,substation,,20.85666747540717,52.197254196547874
,substation,,21.01437395,52.2725129
"Stacja elektroenergetyczna ""Bemowo"" 110/15kV",substation,,20.926658684206817,52.25996506585008
Stacja elektroenergetyczna ( RPZ) „Stadion” 110/15kV,substation,,21.04446187751183,52.2411398092171
"Zakład ""Południe""",,wastewater_plant,21.102315278463955,52.18478244668396
,substation,,20.976903412996634,52.32318356824031
,substation,,21.05215779559776,52.19861631617877
,substation,,21.05702345014652,52.26058848327262
,substation,,21.060914994980678,52.25854345420916
,substation,,21.03863192571488,52.2018948933136
,substation,,20.942356057604762,52.27462875528635
,substation,,20.984783407136014,52.20290216332486
,substation,,20.874210712638153,52.19725922914281
,substation,,20.89153221653249,52.20155411414534
,substation,,20.891813670841074,52.20122424748955
,substation,,20.87564486564634,52.19733185318518
"Podstacja trakcyjna TW ""Połczyńska""",substation,,20.923341550059558,52.223455818273024
,substation,,21.046008349999997,52.17421669999999
,substation,,20.91646858225305,52.23703132392081
,substation,,20.906034000000002,52.2216255
,substation,,20.906297306891496,52.22350232145249
,substation,,20.996987379835616,52.23179153456094
,substation,,20.93013115,52.30472554999999
,substation,,20.944772600000004,52.26913355000001
,substation,,20.956038168726764,52.26772564711338
,substation,,20.91331103970851,52.23431678801601
,substation,,21.102805200000002,52.294587650000004
,substation,,21.052339994363294,52.247837279259414
,substation,,21.128382193142993,52.23402228274515
,substation,,21.079975572749824,52.27399883080281
,substation,,21.142886700000002,52.23697795
,substation,,21.152081899999995,52.310975400000004
,substation,,21.07976925,52.23391605000001
,substation,,21.07963362473387,52.233218804675616
,substation,,21.000281620236393,52.21566126515271
,substation,,20.998493119033576,52.21123291550694
,substation,,20.99592755363174,52.217731649480555
,substation,,21.06111925092524,52.236841729385404
Oczyszczalnia Ścieków w Konstancinie-Jeziornie,,wastewater_plant,21.14174844682855,52.10056420732
,substation,,20.996031699999996,52.260129500000005
,substation,,21.07607811726438,52.13052476389817
,substation,,21.075424412522942,52.13103530514894
ST Przyce,substation,,20.933942987758645,52.217433917023556
,substation,,20.86303445,52.19074325
Podstacja Trakcyjna Zamoyskiego,substation,,21.04460247545349,52.2480633367541
,substation,,21.08735543512474,52.211382255276675
,substation,,20.991107450000005,52.268446300000015
,substation,,21.083339668171337,52.2072633653015
,substation,,20.98946464418866,52.26638621717637
,substation,,21.052174500000003,52.236742549999995
,substation,,21.0826140203871,52.23115378784744
,substation,,21.026424099999996,52.17890939999999
,substation,,21.051662249999996,52.2389531
,substation,,21.027050781965478,52.25732513110406
,,water_works,21.071278001482643,52.173892998539166
,substation,,20.986285653614164,52.21609622267365
,substation,,20.89736373338293,52.29846465283685
,substation,,20.961833544774326,52.282540787297435
,substation,,20.98599350793599,52.2445752703696
,substation,,20.930220499999997,52.276378199999996
Tawerny 1,substation,,20.98865233087986,52.195115009457744
,substation,,20.95141937735396,52.272870653419545
,substation,,20.89882806321466,52.2034310731192
,substation,,20.887427784493674,52.20915261135571
,substation,,21.001420141419153,52.20553806806807
,substation,,21.017313768390167,52.21265355160518
,substation,,20.92386428511131,52.202853113737575
,substation,,20.929643773256878,52.20165254903211
,substation,,20.925085946336385,52.195912311413146
PT Wiśniowa,substation,,21.01276806203096,52.21075390533567
,substation,,20.985034848166983,52.26588161562806
,substation,,21.075181649999998,52.13413575
,substation,street_cabinet,21.121253375704363,52.287310192835406
,substation,,21.138990374665816,52.279378371558565
,substation,street_cabinet,21.129288800000005,52.2783444
,substation,,21.127263963188618,52.280427027581865
Stacja elektroenergetyczna 110/15kV RPZ Armatnia,substation,,20.95824303323566,52.21985148606524
,substation,,20.983221067360375,52.21500583343181
,substation,,21.11145904899425,52.289859704493594
,substation,,21.12517752813875,52.28534714301526
,substation,,21.11134185,52.287021900000006
,substation,,21.118681099999996,52.289164299999996
Stacja Uzdatniania Wody Drewnica,,water_works,21.113227990756958,52.302007996618386
,substation,,21.108964631725694,52.294100301165386
,substation,,20.9714013,52.265065600000014
,substation,,21.1186928,52.286560200000004
,substation,street_cabinet,21.125396304792456,52.279790632370144
,substation,,21.110350349999997,52.2973886
,substation,,21.119696764608275,52.27871743025304
,substation,,21.094934921067964,52.29624855449067
,substation,,21.090792235021578,52.29559568120589
,substation,,21.09747311989761,52.30556385249397
,substation,,21.101724980827683,52.30450804299376
,substation,,21.121958980838745,52.283171991227476
,substation,,21.1215174,52.281752100000006
,substation,,21.105357250000004,52.306391950000005
,substation,,21.09518310490114,52.29950453009673
,substation,,21.1385777,52.2805632
,substation,,21.088844064298193,52.30262727722772
,substation,street_cabinet,21.122153065791064,52.27910215104911
,substation,,21.1152852,52.27920715
,substation,,21.11813115,52.275647500000005
,substation,street_cabinet,21.13465815,52.28781965
,substation,street_cabinet,21.13368830950504,52.28369782685063
,substation,,21.131470912480843,52.28166497336398
,substation,,21.13328287857711,52.28264429771992
,substation,,21.11498615354224,52.292630815581404
,substation,,21.111725475931475,52.29436258565423
,substation,street_cabinet,21.125101835849776,52.27821484849861
,substation,,21.131206900000002,52.28672795
,substation,,21.13922055648678,52.28063488113919
,substation,,21.13053995,52.277486350000004
"Stacja elektroenergetyczna ""Gdańska"" 110/15kV",substation,,20.987741822813035,52.25997271047543
,substation,,21.112056732418594,52.276185988314936
,substation,,21.13164947749032,52.2788529419052
,substation,,21.03902744173423,52.174386831376935
,substation,,20.89056490731841,52.18643818074412
,substation,,21.061942335491416,52.307340982552525
,substation,,20.85976280528214,52.19137583086087
,substation,,20.86948534179438,52.19783695985791
,substation,,20.865755449082176,52.1940462003642
,substation,,21.099937184002663,52.22999948366499
,substation,,21.12773072422545,52.281162122588604
,substation,,21.11591109189077,52.29256470962147
,substation,,21.083420132492797,52.29420663416919
,substation,,21.05755195,52.172408550000014
,substation,,21.13286995,52.27889149999999
,substation,,21.098821058692735,52.309028184730586
,substation,,21.091236650000003,52.304700849999996
,substation,,21.09772115,52.31095055
,substation,,21.127371377435615,52.28179384185366
,substation,,20.981567255729708,52.19984074855235
Stacja Elektroenergetyczna Wiktoryn 110/15KV,substation,,20.931269085734435,52.201959766122165
Stacja elektroenergetyczna Wilanów 110/15KV,substation,,21.090754260374425,52.15110420376995
,substation,street_cabinet,20.98218058174623,52.20202870369252
,substation,,21.057177469104136,52.32029295709962
,substation,,21.12649237745452,52.33561917580788
,substation,,20.991818969850087,52.16625314654818
,substation,,21.098636000000003,52.30598965000001
,substation,,21.029313881250893,52.28242034701789
,substation,,21.114626501181466,52.289936213816574
,substation,,20.96340753540473,52.22769952207372
,substation,,21.117017273224217,52.27699953151274
,substation,,20.969548515565165,52.320984728447044
,substation,,20.946668650004845,52.303517119929985
,substation,,20.9394460526288,52.29727168301381
,substation,,21.18197581514576,52.34500312428585
,substation,,21.115927252405275,52.29258271605098
,substation,,21.1199893,52.287974399999996
,substation,,21.102246349999998,52.3258598
,substation,,21.102543499999996,52.330135999999996
,substation,,21.11290187902282,52.324809191595584
,substation,,21.136150884540022,52.27957669431806
,substation,,20.90412294526091,52.252398050377124
,substation,street_cabinet,21.131051122821955,52.280263659151515
,substation,street_cabinet,21.128771999999994,52.27972799999999
,substation,street_cabinet,21.15801765,52.30181650000001
,substation,,21.120120179371643,52.277366387868504
,substation,,21.0501376,52.2779972
,substation,,21.052774617794352,52.25743899846388
,substation,,21.15392426426417,52.314086575146206
,substation,,21.14282131141603,52.22171722535028
,substation,,21.1986875,52.338218850000004
,substation,,21.1932494,52.33565610000001
"Stacja elektroenergetyczna ""Zachodnia"" 110/15kV",substation,,20.959716008047856,52.22286927491321
,substation,,21.0925859,52.325559899999995
,substation,street_cabinet,21.093596400000003,52.326378299999995
,substation,,20.98205724938336,52.22348501942084
,substation,,20.977931323460552,52.23975770101012
,substation,,21.120628374478702,52.29198660340466
,substation,,21.1213302266554,52.29082479375416
,substation,,21.113795333308293,52.31769500606039
,substation,,21.1075629,52.30356135000001
,substation,,20.915443307906543,52.21833407221747
,substation,,21.004509167050703,52.17419623000827
,substation,,21.072507349999995,52.156625649999995
,substation,,21.071115316292744,52.15610624957068
,substation,,21.07111421419773,52.15610563359921
,substation,,20.969469870961035,52.23806937465872
,substation,,20.96484265,52.2519389
,substation,,21.12106731464624,52.280148176330194
,substation,,20.943561149454094,52.23436053271227
,substation,,21.09337905,52.308052450000005
Leśna,substation,,21.104558624120365,52.312766763726906
,substation,,21.092828862244115,52.30992028898511
,substation,,21.094931467552282,52.32025294404814
,substation,,20.948217334307376,52.2396381671566
,substation,,20.942136755655444,52.227196741870465
,substation,,20.95145293078131,52.22877347724676
,substation,,20.9555926,52.22843769999999
"Stacja elektroenergetyczna ""Mirów"" 110/15kV",substation,,20.995140496592203,52.23421045791239
,substation,,20.96686059446108,52.232686794291496
Przepompownia ścieków Nowodwory,,wastewater_plant,20.94511315043066,52.324591088368685
,substation,,21.068818455481235,52.16641232952901
,substation,,21.068302427113444,52.16654422088458
,substation,,21.061598254027476,52.17062630226224
,substation,,21.056952998535262,52.17163599952117
,substation,,20.938067727875886,52.23291204587346
,substation,,21.167891263820813,52.306506474764106
,substation,,21.148817820656774,52.225626636202044
,substation,,21.167485050000003,52.298076849999994
,substation,,21.163929765011513,52.29813801735601
,substation,,21.0376573,52.1439445
,substation,,21.11762093823236,52.316289048425276
,substation,,20.993982649999996,52.268241150000016
,substation,,21.10631703908161,52.32400682081758
,substation,,21.07790642683196,52.233940146023684
,substation,,21.079473754618547,52.23438893438217
,substation,,21.080776964760894,52.233468723309834
,substation,,21.077942825474313,52.23220249477096
,substation,,21.085415949999998,52.23101695
,substation,,21.085448300000003,52.230734649999995
,substation,,21.10012117791285,52.290153568587286
,substation,,20.924335080345013,52.197683452839115
"Podstacja trakcyjna ""Okęcie""",substation,,20.98786971096553,52.168973020722
,substation,,20.945366762764507,52.225377392763825
,substation,,21.134298666984954,52.28457418329607
,substation,,21.135408250000005,52.2846626
,substation,,21.10906554300687,52.29252086814267
,substation,,21.146555940796866,52.30731351888474
,,wastewater_plant,20.86136778466662,52.11160791433809
,substation,street_cabinet,21.18971597432644,52.32092780510159
,substation,,21.04470867838298,52.14649495880146
,substation,,21.05859435,52.318333300000006
,substation,,21.061364249999997,52.315080949999995
,substation,,21.063890302818663,52.311614528571745
"Kabina sekcyjna ""Koło""",substation,,20.965535458754868,52.25410639232046
,substation,,20.975564149999997,52.203610299999994
,substation,,20.982552550000005,52.2052036
,substation,,20.977758249999997,52.20316684999999
,substation,,20.97724866727932,52.20156259893959
,substation,,20.925615566889068,52.25981715131499
,substation,,20.892034351781394,52.210070967073385
,substation,,21.120228778311272,52.32830206900807
,substation,,21.14940805807755,52.299720242335134
,substation,,21.103882517860956,52.19251318320208
,substation,,21.0455580902984,52.23655197028835
,substation,,21.04787665,52.2346379
,substation,,21.112517200000003,52.301767700000006
,substation,,21.00449816864644,52.176715221566184
,substation,,21.054910349999997,52.235129900000004
,substation,,20.891651726369886,52.257833544680956
,substation,,20.940489349999996,52.336548699999994
,substation,,20.960204450000003,52.22787000000001
,substation,,21.093508428937717,52.24705519153875
,substation,,21.059898799999996,52.32073359999999
,substation,,21.061274299999997,52.32053530000001
,substation,,21.05701035,52.321513249999995
PT Bema,substation,,20.958485218578353,52.23105870581158
Wodociąg Marecki,,water_works,21.0949850265525,52.31564391734701
RPZ Cybernetyki,substation,,20.994585345546742,52.17653708080702
,substation,,20.917941819367496,52.240975866095525
,substation,street_cabinet,21.189859199999997,52.345360549999995
,substation,,21.059563363482827,52.14273399223831
,substation,,21.058834708328906,52.143125286246445
,substation,,21.048869775517094,52.24725345460451
,substation,,21.095233846843698,52.25122918097695
,substation,,21.121302200818306,52.2795481119874
,substation,,21.077869878989848,52.310549191996266
,substation,,20.953041559562507,52.22618820324254
,substation,,21.061861450000002,52.268574099999995
,substation,street_cabinet,21.1161944,52.3252107
,substation,,21.159976828184863,52.30164909316306
,substation,street_cabinet,21.160447509193812,52.30178769856727
,substation,,20.998899399999996,52.29545420000001
,substation,,20.98683776302728,52.303166386262625
,substation,,21.14643456548477,52.31352553221681
,substation,,20.980173348939665,52.20675742461896
,substation,,21.1369451,52.2807133
,substation,,20.94300620460612,52.33543263805837
,substation,,20.95229603574281,52.23051934784382
,substation,,21.002753749999997,52.208639299999994
,substation,,20.980065300000003,52.19567785
,substation,,20.98027437151049,52.198040091058395
,substation,,20.98165726083053,52.197980531652675
,substation,,20.9781464,52.197970250000004
,substation,,20.97649769515687,52.19712334229194
,substation,,20.974645659219888,52.19723846880199
,substation,,20.9729874,52.19718285
,substation,,20.97398208957424,52.196399693387264
,substation,,20.96054739031283,52.2568318918047
,substation,,20.96086047847016,52.25709124519403
,substation,,21.1577964,52.347021149999996
,substation,,21.00566615,52.224636149999995
,substation,,21.07602281857915,52.28702204765517
,substation,,20.9536571,52.1845773
,substation,,21.1036008,52.277813
,substation,,20.99468751968806,52.175712294817224
,substation,,21.16316409972323,52.29182242326031
,substation,street_cabinet,21.162561472188074,52.29391165285673
,substation,street_cabinet,21.1622675,52.2950844
,substation,,21.041471128161678,52.34384328825079
,substation,,20.968072205968486,52.20779760304817
,substation,,20.967604246269012,52.21079630361071
,substation,,21.003033350000003,52.210541400000004
,substation,,21.16010346671907,52.314100100042346
,substation,,21.160799075494907,52.31459075972514
,substation,,21.11181633952634,52.30020513718281
Oczyszczalnia Wód Opadowych,,water_works,21.08984760036754,52.15294525305249
,substation,,21.17453210362882,52.345738235966415
,substation,,21.1516108,52.29108804999999
,substation,,21.121226849999996,52.2955453
,substation,,20.969932963028164,52.21211464999615
,substation,,20.969974782054404,52.21212995407323
,substation,,20.933431612324004,52.19826389394017
,substation,,20.924650002309768,52.19559378986152
,substation,,21.126342828817844,52.29554648038547
,substation,,21.076088024129632,52.247079855060086
,substation,,20.9368341,52.294654949999995
,substation,,21.107031298592013,52.31168248289554
,substation,,21.04156588147721,52.17643755115846
,substation,,21.05356385,52.15868925
,substation,,21.05461674920115,52.157441002195824
,substation,,21.092001280019797,52.326855041012315
,substation,,21.101555950188136,52.32791516673981
,substation,,21.118014700000003,52.275219299999996
,substation,,20.9438947,52.332701050000004
,substation,,20.944113225858334,52.33509790274277
,substation,,21.041197649999994,52.29467894999999
,substation,,20.945931521547656,52.33350893651327
,substation,,21.037654521435254,52.25660091672093
PZO Kupiecka,substation,,21.015869055173567,52.32090998904881
,substation,,21.09533325,52.3165418
,substation,,21.098715449999997,52.31820805
,substation,,21.061629099999998,52.28316025
,substation,,21.1418345,52.260345050000005
,substation,,20.91675222033548,52.19893801153472
,substation,,20.935250362724933,52.23113829053128
,substation,,21.13729364467946,52.207039526396834
,substation,,21.057529100000004,52.181789499999994
,substation,,20.87898025790663,52.19911834828093
,substation,,20.95642095379634,52.215390161648465
,substation,,21.046135963464895,52.29700902235585
,substation,,20.96458423303887,52.11109490070129
,substation,,21.039402105077446,52.183054674650904
,substation,,21.057316399999998,52.101026999999995
,substation,,21.054397215702394,52.1026336949099
,substation,,20.976857042836848,52.140163121957904
,substation,,20.978833499999997,52.14298425
,substation,,21.02908323509094,52.24889585236801
,substation,,21.08962680758431,52.15305034981853
,substation,,21.155846650000004,52.330454849999995
,substation,,21.19401980169871,52.3323480243964
,substation,,21.19517635,52.3303339
,substation,,21.070371096710726,52.15471203449335
,substation,,21.042434573419403,52.17801858909558
,substation,,21.042774000000005,52.1781356
,substation,,21.164818614585446,52.30362169633414
,substation,,21.0309552,52.156769749999995
,substation,,21.142352420032882,52.23802645475721
,substation,,21.13848515,52.2432879
,substation,,20.875167663337844,52.19643019163627
"Kabina sekcyjna ""Radość""",substation,,21.180408280453943,52.192218784800225
,substation,,21.16451094912863,52.301770077924566
,substation,,21.100724000000003,52.297848300000005
,substation,,20.982318053394035,52.24948770353452
,substation,,20.975898888604387,52.243803579098035
,substation,,21.03884145,52.1665031
,substation,,21.140827540849717,52.20563172025038
,substation,,20.94753608082379,52.268439354323654
,substation,,20.941892199999998,52.26866884999999
,substation,,21.056291103423394,52.287348231857976
,substation,,21.039307878568852,52.21742140515619
,substation,,21.03889085908643,52.21820570308872
,substation,,21.084839988826936,52.228451680703024
,substation,,21.14052491877083,52.22453164300617
,substation,,21.143126942696796,52.21935307511149
,substation,,20.99899947898784,52.33161378969209
,substation,,21.155151356186337,52.21672799089377
,substation,,21.1464999,52.219658450000004
,substation,,21.052224250000005,52.30811950000001
,substation,,20.994839358298595,52.13806377264165
,substation,,21.01630505,52.173640199999994
,substation,,21.138155382274068,52.220448101519295
,substation,,21.105509497944592,52.25769573882058
,substation,,20.933518499999998,52.27371845
,substation,,21.092634033393356,52.156884852237525
,substation,,20.929114848837028,52.27045237789317
,substation,,21.01636705622072,52.26492307754839
,substation,,21.077090679543954,52.318714391363734
,substation,,21.07663767017134,52.31327170202492
,substation,,21.07541074749281,52.316240422255106
,substation,,20.92625245265332,52.281834876901016
,substation,,20.95409164163174,52.267882680725336
,substation,,20.951196331126912,52.27038295360523
,substation,,20.95185835,52.27169825
Stacja elektroenergetyczna Bielawa 15/15 kV,substation,,21.114163121347385,52.108640917680354
PT Maczka,substation,,20.931361990619834,52.267410918597406
,substation,,21.088000871231316,52.14644198256255
,substation,,20.90695411068281,52.141364589545915
,substation,,20.994475623787192,52.16747913828484
,substation,,21.018827160791425,52.24736931959282
,substation,,20.96214472159257,52.218388027789764
Ursus Orlen,substation,,20.8854215177518,52.18064965402903
,substation,,20.88711742088917,52.18037465815041
,substation,,20.966419552351603,52.14468748255305
,substation,,21.083272950759802,52.12919506632546
Stacja Uzdatniania Wody Zamienie,,wastewater_plant,20.976790076202033,52.116346300624116
,substation,,21.011642239154785,52.218395061308655
,substation,,21.077359820865002,52.18287906793943
,substation,,20.940049718878416,52.18178537713336
,substation,,20.95191586739913,52.19067444054261
,substation,,21.03792745,52.2004292
,substation,,20.86926045,52.1909806
"Podstacja trakcyjna ""Zielonka""",substation,,21.147590254841187,52.306612407681385
,substation,,20.90222988130881,52.14239844483928
,substation,,21.028891387308047,52.17321808074445
,substation,,21.042805458730037,52.14071125255136
,substation,,21.046210792719585,52.1396056228799
,substation,,21.0751365,52.1275568
,substation,,21.052419952366968,52.143604110425784
,substation,,21.08184439877613,52.28031721676733
,substation,,21.019035617650566,52.114580524910856
,substation,,21.115464899999996,52.27982025
Podstacja Trakcyjna Pereca,substation,,20.995321821055953,52.233676359749076
,substation,street_cabinet,21.172367016552663,52.31641854984339
,substation,,21.157576449999997,52.33187585000001
,substation,,21.088401045515887,52.182015132598714
,substation,street_cabinet,21.163776370711584,52.30246792904818
,substation,,21.163110921896443,52.3253490973894
,substation,,21.174563057444185,52.34647488148451
,substation,,21.191718084546146,52.346359882939446
,substation,,21.083958270481915,52.228115942131055
,substation,,21.083019770656218,52.227835842465154
,substation,,21.098771549264164,52.324697964521945
,substation,,21.164334300000004,52.315494750000006
,substation,,21.186939533826166,52.34230227740634
,substation,,21.162463649067302,52.31558308360438
,substation,,21.11000468434225,52.29401999501925
,substation,,21.104593681248463,52.329149957853524
,substation,,21.108455750000005,52.32417510000001
,substation,,21.104537199999996,52.31672209999999
,substation,,21.103170973584483,52.32334386561677
,substation,,20.9322006,52.2300918
Podstacja trakcyjna Międzyparkowa,substation,,21.001123229127654,52.25785378088843
,substation,,21.144132950000003,52.31439494999999
,substation,,21.111390800000002,52.319693199999996
,substation,,21.10698767674424,52.321128195840174
,substation,,20.916064640983354,52.204996728356704
,substation,,20.910477500000002,52.20835775
,substation,,21.113622933785532,52.32163781668074
,substation,street_cabinet,21.151740481000555,52.31105057779223
,substation,,21.142430384483355,52.32180930206713
,substation,,21.028123624733205,52.18071204667637
,substation,,21.02659399330052,52.26317040830588
,substation,,20.975570898918562,52.19603350172672
,substation,,21.037392249999996,52.15311825
,substation,,21.039577991668725,52.1645722774391
,substation,,21.058003878621808,52.152640024250005
,substation,,21.043254665370956,52.161072322019024
,substation,,21.053035064153832,52.16013328691657
,substation,,21.04905456244545,52.162889912738365
,substation,,21.047162405163384,52.16147691721797
,substation,,21.05209715173313,52.15761198475484
,substation,,21.035490786643695,52.18644508120352
,substation,,20.947114593894977,52.15402552155839
,substation,,21.0057111,52.101099149999996
Zamienie Zakładowa,substation,,20.971830900000004,52.112778649999996
,substation,,20.994375291889376,52.2462023211182
,substation,,21.035430842917417,52.14052827140596
,substation,,21.0357346,52.156455099999995
,substation,,21.044683940896356,52.14117344285714
,substation,,21.047224790671446,52.13916964114274
,substation,,21.06900883368377,52.24685456427215
,substation,,20.8750133,52.189041849999995
,substation,,21.105699442308254,52.24337465374375
,substation,,20.960399160945325,52.20441477202907
,substation,,20.927042260125358,52.22040551050133
,substation,,20.92932024203513,52.22101926892966
,substation,,20.91456345,52.20163
,substation,,21.15369255,52.175178
,substation,,21.05980085,52.14394305
,substation,,21.063514699867508,52.131708852836496
,substation,,21.029484783832093,52.14767715400906
,substation,,21.063247976819653,52.17991824560427
,substation,,21.06304621534475,52.18553868472741
,substation,,20.980730633390653,52.21935367475924
,substation,,21.03615945,52.141611600000005
,substation,,21.037954968331643,52.14193927548518
,substation,,21.004308080984508,52.12877017010576
,substation,,21.03548095,52.1428757
,substation,,21.035423274472752,52.14287510319809
,substation,,21.02223558621348,52.15253873164018
,substation,,21.046265767633958,52.158554202600925
,substation,,21.019651336154457,52.157101848284974
,substation,,21.035786453135017,52.16280850101617
,substation,,21.05091487680848,52.17317133448288
,substation,,21.070176025338107,52.135503092191314
,substation,,21.06185767040338,52.13064445857091
,substation,,21.05614243700677,52.13029808596007
,substation,,21.058581110643203,52.130446282360616
,substation,,21.048698567591522,52.134769319860304
,substation,,21.073226212929164,52.128975287967734
,substation,,21.070753610495906,52.130716782233655
,substation,,21.073929392136947,52.13192996845663
,substation,,21.073214978993345,52.13134776450736
,substation,,21.063142118365086,52.140967703551794
,substation,,21.066515910639346,52.14099413148753
,substation,,21.059868433512452,52.1395783361889
,substation,,21.0621195,52.141955300000006
,substation,,21.062420949999996,52.14219145000001
,substation,,21.061500104772723,52.143474131544274
,substation,,21.056604669713355,52.139993909226334
,substation,,21.054871300000006,52.14494380000001
,substation,,20.995794392926403,52.10967642940766
,substation,,20.995733328814467,52.10967975479441
,substation,,21.05458475445254,52.13818453175038
,substation,,21.053571698150144,52.135843874153
,substation,,21.052357636664908,52.13678450404461
,substation,,21.054109994992423,52.135349378739086
,substation,,21.058676061300215,52.13685991190151
,substation,,20.884942226653752,52.21190382741552
,substation,,21.035585066724828,52.17781698284809
,substation,,21.035668100000002,52.178736949999994
,substation,,21.061263551000813,52.13997924158652
,substation,,21.061094859361965,52.13806588143831
,substation,,21.067586966105953,52.13982546320923
,substation,,21.06475316483617,52.139991581151456
,substation,,20.987514870903123,52.220927159986736
,substation,,21.06295293141132,52.22819141465617
,substation,,21.04164587466327,52.13935321402399
"Podstacja trakcyjna ""Warszawa Wschodnia""",substation,,21.081353720104275,52.257991155145
,substation,,20.868429349999996,52.201634250000005
,substation,,20.96263987936839,52.233869432695165
,substation,,20.96353026262939,52.24004335980485
,substation,,20.9611326,52.2402667
,substation,,20.9876464,52.20497509999999
,substation,,20.871075881553995,52.19468854842916
,substation,,21.01358861251358,52.23099822993678
,substation,,21.08825717919007,52.325536846890024
,substation,,20.957766539871038,52.208978124574166
,substation,,20.95360931464565,52.21161197574899
,substation,,20.959565985893843,52.21365737408676
,substation,,20.959517621663913,52.213436904247516
,substation,,20.959745827006486,52.20944262598753
,substation,street_cabinet,21.169987050000003,52.331772949999994
,substation,,21.15512695,52.300146600000005
,substation,,21.157284974544364,52.34168920291577
,substation,,21.025395574838292,52.19197125510486
,substation,,21.003762088773456,52.24570817646934
,substation,,21.029874099999997,52.160728000000006
,substation,,21.033612864967036,52.15773614610579
,substation,,21.044686738910794,52.13861505571372
"Stacja elektroenergetyczna ""Imielin"" 110/15kV",substation,,21.0283667228743,52.14549275430046
"Stacja elektroenergetyczna ""RPZ Stegny"" 110/15kV",substation,,21.044306084140167,52.19067963009555
,substation,,21.01921318199184,52.14066307827883
,substation,,21.018925583231184,52.14307412468994
,substation,,21.018371725271596,52.146745846316904
,substation,,21.008218066143645,52.234343616850076
,substation,,21.1323511,52.23685820000001
,substation,,20.961205366351678,52.19862298252476
,substation,,20.966453929881105,52.20619383265118
,substation,,20.967903039196788,52.2059115815171
,substation,,20.973525445244665,52.20923767744249
,substation,,20.975084659247518,52.208422729377396
,substation,,20.97571336827836,52.199094598125946
,substation,,20.93907470886244,52.26797052315835
,substation,,20.940193119917105,52.26771252815646
"Podstacja trakcyjna ""Rembertów""",substation,,21.174143625454867,52.25665802855742
,substation,,20.8806256922017,52.19947862949144
Stacja Elektroenergetyczna 110/15kV RPZ Ursus Miasto,substation,,20.87598635256189,52.1853051501755
,substation,,20.968554849999997,52.18331765
,substation,,21.027433091743,52.17448807389613
,substation,,21.034957322027143,52.17524377388058
,substation,,21.023891216690544,52.1715020168477
,substation,,21.020353514446608,52.170663646281334
,substation,,21.021875413933415,52.17086448088988
,substation,,21.022781394778093,52.1729433065814
,substation,,21.02866795588523,52.17197979762445
,substation,,21.03187739096852,52.1714215988523
,substation,,21.02988671275894,52.1567291555459
ST Wola,substation,,20.94676045125688,52.22201083270136
,substation,,20.962823122031367,52.2413696940629
,substation,,20.95941151371296,52.23862700595763
,substation,,21.025198456022327,52.3234290652088
,substation,,20.91530966393656,52.2406431355641
,substation,,21.03929988886996,52.30171449313652
,substation,,21.077122468184612,52.13056002175869
,substation,,21.174407832341956,52.34172132420548
,substation,,20.96716755,52.2217153
,substation,,20.893473492128734,52.20042547332128
,substation,,20.952850181721484,52.343178851004964
,substation,,20.949719302506285,52.34692484244213
Reguły Torfowa,substation,,20.856192501155363,52.162630331100395
,substation,,21.00263032656942,52.219159488103045
,substation,,21.018846699999997,52.12723185
,substation,,21.051486980855746,52.149457097055055
,substation,,21.02433187601781,52.12483777550581
,substation,,21.01411611214068,52.12768351402687
RSM Migdałowa,substation,,21.059049551454223,52.147863457845474
Michałowice Przedszkole,substation,,20.889886910434544,52.16856955699063
,substation,,21.049719399999997,52.14580685
,substation,,21.088651609836234,52.16007297254644
,substation,,21.089553397491798,52.16014795925557
,substation,,21.058211105555607,52.17082384849778
,substation,,21.092137816435457,52.11661936816507
,substation,,21.001417673181418,52.16876553763184
,substation,,21.05673795,52.156135
,substation,,21.0564794778092,52.15486684587776
,substation,,21.058851014823716,52.15200913693911
Michałowice Raszyńska,substation,,20.882201048126287,52.173392805965065
,substation,,21.02396585,52.1433546
,substation,,20.93856003104744,52.26986735226857
,substation,,20.938088300000004,52.26943985
,substation,,20.935588768562233,52.26938966440743
,substation,,20.936704148788333,52.27026787821925
,substation,,20.939006903141518,52.27056602783567
,substation,,20.942245027615236,52.268699459704656
,substation,,20.949809248907297,52.26551016694275
,substation,,20.949547499771857,52.26681189506919
,substation,,20.95080326376952,52.26556737657738
,substation,,20.9473888002699,52.26693183286377
,substation,,20.953783290873208,52.26473152407541
,substation,,20.95573826740815,52.266188903312866
,substation,,20.901739682102914,52.25975003333334
,substation,,20.97069093782141,52.192254166830885
,substation,,20.96901209238351,52.19293257253413
,substation,,20.970909857011147,52.19358685546179
,substation,,20.972782895962034,52.19287295373719
,substation,,20.868116200000003,52.188422550000006
Stacja elektroenergetyczna 110/15kV RPZ Pałac,substation,,21.00920259721336,52.23264847054727
,substation,,20.932439100000007,52.1947684
,substation,,20.88269140438451,52.1970564295807
,substation,,21.000209975210627,52.2085538192074
,substation,,21.18325019435521,52.244781025697186
,substation,,21.154250955249026,52.23544973046501
,substation,,20.99845326476396,52.22525356597241
,substation,,20.99868897149475,52.223999636341375
,substation,,21.002218050000003,52.2201009
,substation,,20.994082249999998,52.22542015
Trafostacja ujęć PU3- i PU-4,substation,,21.073395919011794,52.2145415766827
Zakład Wodociągu Falenica S.A.,,water_works,21.195959897074598,52.15848051571984
,substation,,21.149341604711562,52.20379042456414
,substation,,21.174637525746167,52.214587643692774
"Stacja elektroenergetyczna ""Południowa"" 110/15kV",substation,,20.994723526626004,52.18773343584659
,substation,,21.0448332,52.14797965
,substation,,20.87941818326332,52.2070080999353
Stacja Uzdatniania Wody Pęcice,,water_works,20.85716787995648,52.148823529440335
,substation,,21.046124458119355,52.1977578124303
,substation,,21.009121,52.181504700000005
,substation,,21.0133413642412,52.18198758118866
,substation,,21.004737950000006,52.184162150000006
,substation,,21.01780955959453,52.18474213036425
,substation,,21.01560719991695,52.18665306751737
,substation,,21.02357179322088,52.18595369521205
RSM Tewa,substation,,20.99806213058689,52.182794997475156
Wyględowska 1,substation,,20.98592878789275,52.19638997762206
,substation,,20.94979298114109,52.198489095843414
,substation,,20.954908429853113,52.19260265053797
,substation,,20.942815325047658,52.19925025367355
,substation,,21.055670067470288,52.154563401429606
,substation,,21.035199000000002,52.158677550000014
,substation,,21.015467123522253,52.14608325416463
,substation,,21.004144800000002,52.113149450000016
,substation,,20.979953586063562,52.206618543230604
,substation,,20.964394333578078,52.27393166856095
,substation,,20.96882453372763,52.223279678444094
,substation,,20.882314605985457,52.205378285608
ST Sławińska,substation,,20.97005666716435,52.224945030420876
,substation,,20.971110037455663,52.22542803982638
,substation,,20.969588476265447,52.22588643840834
,substation,,20.972288324633205,52.22612863094741
,substation,,20.969591765118818,52.22731126846531
,substation,,20.976260200000002,52.22581900000001
,substation,,20.974362505328344,52.22447153262629
,substation,,20.986634744556493,52.227098886552355
,substation,,20.980035791518883,52.228753562262916
,substation,,20.980031832213097,52.22880962591217
,substation,,20.96302706935334,52.22439677095119
,substation,,20.98223547771347,52.197287637807825
,substation,,20.975682896877714,52.205936516804805
,substation,,20.959137899999998,52.217859100000005
,substation,,20.95782215,52.2215608
ST-5 Ordona,substation,,20.95472483301835,52.22386541666976
ST PSK,substation,,20.950259428557498,52.221039221078165
ST Ochota,substation,,20.95242408703344,52.21624650477245
,substation,,20.909030509389275,52.273429191018494
ST Zachodnia 1,substation,,20.96371585,52.22074459999999
Stacja elektroenergetyczna 110/15 kV RPZ Krakowska,substation,,20.94832653123693,52.17958137308116
,substation,,20.97220718335245,52.223587868916326
,substation,,20.961023468224425,52.27076634228325
,substation,,20.9253392,52.20870540000001
,substation,,20.930484034914027,52.209427517364894
,substation,,20.929281288396325,52.20632022993838
,substation,,20.992705330738858,52.22456966963536
Reguły Urząd Gminy,substation,,20.859817195690034,52.16917358013066
,substation,,20.91472952646689,52.24039191793689
,substation,,20.921724286415557,52.238347071087006
,substation,,20.918026229287413,52.23470178961666
,substation,,20.920943755613077,52.23448895861444
,substation,,20.9194205,52.23213705
,substation,,20.936549152820238,52.2315868354932
,substation,,20.934650528097706,52.233867145736305
,substation,,20.928430275754046,52.224931018376516
,substation,,20.934046335436133,52.22557625946081
,substation,,20.929996190066205,52.23618172683358
,substation,,20.94156039705789,52.23472272165335
,substation,,20.943300072112205,52.23628105440067
,substation,,20.943976392311058,52.23856991405552
,substation,,20.942838838954625,52.24178482140428
,substation,,20.945699514924996,52.24017577241129
Piastów Bodycha,substation,,20.867103785122538,52.182536232608996
"Kabina sekcyjna ""Płudy""",substation,,20.988262135899575,52.329484649993795
RPZ Gołąbki,substation,,20.855276149495534,52.20656835397241
,substation,,20.906023983526254,52.20769705405134
,substation,,20.892193055551825,52.20538456797944
,substation,,20.957544749999997,52.20130629999999
,substation,,20.95994288656237,52.31541542800735
,substation,,20.956663220811354,52.31998433128694
,substation,,21.031196350000005,52.15889189999999
,substation,,21.030393212176392,52.1604953712035
,substation,,21.03422105922292,52.29794430715849
,substation,,21.036239543729803,52.297600144518356
,substation,,21.062669954209746,52.14167541964549
,substation,,20.966018906449488,52.19407558704919
,substation,,20.964067514538552,52.19439655349988
,substation,,20.964434860878985,52.192343829398155
,substation,,20.867934149201243,52.20689292467443
Stacja Uzdatniania Wody Mysiadło,,wastewater_plant,21.02158291626626,52.10011986048571
Józefosław Żwirowa Oś. Sedno,substation,,21.051412126960326,52.10214889022802
,substation,,21.039468749999997,52.111631349999996
,substation,,21.045821049999997,52.20499165
"Stacja elektroenergetyczna ""Ochota"" 110/15kV",substation,,20.97012475086687,52.20136300031312
,substation,,20.95555459677186,52.201961139463705
,substation,,20.952544466001175,52.20180553252895
,substation,,20.951257230360763,52.20079589476216
,substation,,20.949688028290925,52.20243856942168
,substation,,20.95072481156463,52.203090043966135
,substation,,20.96930833734721,52.20470440178261
,substation,,20.96812867804766,52.20373380464267
,substation,,20.968317218891002,52.2119750348077
,substation,,20.96236584303661,52.21149053304115
,substation,,20.965946190942002,52.21415197241655
,substation,,20.965261282616975,52.211866766682554
PT Boboli,substation,,20.998229785267053,52.20687064758998
ST Zachodnia 2,substation,,20.96558699758743,52.21934518756295
Michałowice Jesionowa 2,substation,,20.882233967895324,52.178076438084226
"Stacja elektroenergetyczna ""Olszynka"" 110/15kV",substation,,21.117378862547657,52.24857801477661
,substation,,20.86305857892998,52.19160479588365
,substation,,20.86772738799072,52.19227596905811
,substation,,20.8636650786622,52.19491734562136
,substation,,20.865802249999998,52.195913
,substation,,20.863730484856585,52.19384168279248
,substation,,20.871205883153877,52.19646275452236
,substation,,20.86880348494279,52.1961810960905
,substation,,20.91204235,52.190923
,substation,,21.114749152399757,52.23319033869537
,substation,,21.04856279041051,52.274920393993014
Michałowice Parkowa,substation,,20.89386708418909,52.16995320216771
,substation,,20.882439247836853,52.20562598438884
,substation,,20.9919893,52.1675927
,substation,,20.99474305,52.16881289999999
,substation,,20.992698334948603,52.16803913333333
,substation,,20.892994617419564,52.19009254789431
,substation,,21.05212518157878,52.13929234628687
,substation,,20.99316133787871,52.16076527641284
,substation,,20.963283139037028,52.273782528133694
,substation,,21.037858922170017,52.256801484308625
,substation,,21.103449697279537,52.22863675079951
"Stacja elektroenergetyczna ""Śródmieście"" 110/15kV",substation,,21.01357274266583,52.223477893899236
,substation,,21.092610200000003,52.15215485000001
,substation,,21.00711273935256,52.251846067537684
,substation,,21.065023099999998,52.20743710000001
,substation,,21.06771115,52.206267249999996
,substation,,21.0621493668303,52.209186428015705
,substation,,21.06785520813304,52.20700572775369
,substation,,21.065124900000004,52.2087487
,substation,,21.062660234701507,52.20798190296063
,substation,,20.931463509155428,52.268240769692056
,substation,,21.065415950000002,52.21172860000001
,substation,,20.8821746,52.175763100000005
Michałowice Spacerowa 2,substation,,20.883142315855004,52.16504796444516
,substation,,20.865890849999996,52.203551149999996
,substation,,20.85660316355884,52.1916441450673
Polenergia,substation,,20.856225513019794,52.19016693063732
,substation,,21.060733896978526,52.14153056788604
,substation,,20.9105993,52.19742455
,substation,,20.909216751884838,52.1966141085329
,substation,,20.90979488540774,52.1988846817687
,substation,,20.9097514,52.198350250000004
,substation,,20.908397218860447,52.19877128880056
,substation,,20.905955431854668,52.199182855097945
,substation,,20.905502399999996,52.19834519999999
,substation,,20.90276940441161,52.19926391814917
,substation,,20.9029459188153,52.20019169696723
,substation,,20.90474463626446,52.19956932324479
,substation,,20.906107182791292,52.20046750174977
,substation,,20.914060643624058,52.20441578310642
,substation,,20.917972112466632,52.204933919676414
RSM Cietrzewia,substation,,20.921842906775687,52.203614893912984
,substation,,20.8763323,52.1865964
,substation,,20.879107450829018,52.183007880103595
Opacz Mała 3,substation,,20.89818260665618,52.1708631132965
Michałowice Świerkowa,substation,,20.87934974869656,52.17989518512798
Michałowice Al. Jerozolimskie,substation,,20.881001866691786,52.18097019542062
Reguły 2,substation,,20.86178238668568,52.17281276821069
Reguły 3,substation,,20.868004369429674,52.18109804307734
,substation,street_cabinet,21.113434640204527,52.10804817379065
,substation,,21.066189864542462,52.12955099380649
,substation,,20.92617210125311,52.15368935093806
,substation,,21.014636076205793,52.330104758238335
,substation,,21.02525198052855,52.27904324431158
,substation,,21.08168105918676,52.28371362840386
,substation,,21.02013142023356,52.27913559499027
"Podstacja trakcyjna ""Praga""",substation,,21.023379233717787,52.27178689517364
,substation,,20.945732975861144,52.157226344367125
Raszyn Rybie Piaskowa 2,substation,,20.94111541558664,52.157714767441526
,substation,,20.93642135,52.15898135
Raszyn Wschodnia,substation,,20.931268190985893,52.1579239822365
Raszyn Młynarska,substation,,20.927704300000002,52.15858705000001
,substation,,20.926284095371717,52.16804518235874
,substation,,21.089734623841846,52.13092444733407
Opacz Mała Targowa,substation,,20.898204611085788,52.17088514425503
Michałowice Regulska,substation,,20.877197541021392,52.16841595118647
Michałowice Polna,substation,,20.88810211225288,52.17280154889599
Michałowice Ferma,substation,,20.8879016695925,52.15204529586589
Reguły Mieszalnia Pasz,substation,,20.85817780897421,52.170098013179334
,substation,,21.027646330931724,52.289764445947284
Reguły Żytnia,substation,,20.872592908637593,52.18005727218899
,substation,,20.884932744154256,52.150882298321434
,substation,,20.881815295782964,52.14797640095587
,substation,,21.068264550000002,52.1585384
,substation,,21.074768550000005,52.165392
,substation,,20.936184204749704,52.223358019339265
,substation,,20.910420107068926,52.18221799986733
,substation,,20.93654773956567,52.239468522052974
,substation,,20.90898527800668,52.19371872159528
,substation,,20.90052395,52.19395005
,substation,,20.898666866862214,52.191853544561184
,substation,,20.895527243772474,52.19219098229852
,substation,,20.899691100000002,52.19879240000001
,substation,,20.89276825,52.197535
,substation,,20.895758053596484,52.19665516725358
,substation,,20.888231450000003,52.187218699999995
,substation,,20.88317208766025,52.19286907166469
,substation,,20.88919725,52.19115605
,substation,,20.88487722367999,52.19552256506405
,substation,,20.915643499999998,52.19627949999999
,substation,,20.922787015779882,52.195076909053235
,substation,,20.87762732073387,52.184368175301046
,substation,,21.048329799999998,52.162540449999995
,substation,,21.004561204794754,52.175796941389024
,substation,,21.00825165,52.17446805
,substation,,20.958131880766757,52.19692768930877
,substation,,20.95094015,52.1965474
,substation,,20.953059899203712,52.19891159830016
,substation,,20.941442350000003,52.198387100000005
,substation,,20.939570250000003,52.196208000000006
"ST 3,500",substation,,20.94433486899744,52.20224501374113
ST Szybka 1,substation,,20.943068109067973,52.20244963185429
,substation,,20.962574835909773,52.22405903217547
,substation,,20.920934854746466,52.201637099305046
,substation,,20.913795340721702,52.20211212787891
,substation,,20.9762749905653,52.21198822069104
,substation,,20.98522915,52.2109154
,substation,,20.955654407917017,52.206689676823366
,substation,,20.96284157140305,52.20117265818924
,substation,,20.967704984409938,52.19031735383712
,substation,,20.9687722,52.1919939
,substation,,20.930469128035828,52.14893139837756
,substation,,20.922314316068388,52.15017754437617
RSM Orzeszkowej,substation,,20.97028408783069,52.211859479431354
,substation,,20.9207835,52.20600005
,substation,,20.927067160139277,52.19982311872154
RSM Ordona,substation,,20.952022789512622,52.22838160261396
,substation,,20.90734106674663,52.19837814205942
10888,substation,,21.171523918480794,52.20590463058292
,substation,,20.8789442,52.1947415
,substation,,20.87260009783411,52.143642108615424
Sokołów Sokołowska,substation,,20.860813950581967,52.144389264149154
,substation,,20.858512003244325,52.14431439498332
Wypędy Sokołowska,substation,,20.880843323386788,52.14411593599709
Sokołów Wacława,substation,,20.874208787760576,52.14377273270817
,substation,,20.872476813901777,52.14362386381989
,substation,,21.003057178066037,52.1003992974668
Sokołów - Gromadzka,substation,,20.861941153654104,52.142827279148115
,substation,,20.89472342990542,52.20709015211303
,substation,,20.883353123377333,52.19923693280622
Michałowice Wesoła,substation,,20.89367899336414,52.16612975380054
Michałowice Wieś 2,substation,,20.8958269266685,52.15981046222502
,substation,,20.864552080909753,52.131984417544615
,substation,,20.857953855666103,52.143795306733374
,substation,,20.9255414,52.17209270000001
Szkolna,substation,,20.928941350000002,52.15292505
,substation,,20.933615935373542,52.152225731670235
,substation,,20.928994249039878,52.155441626428626
,substation,,20.933372499999997,52.15600425
,substation,,20.86961282840582,52.14793194439626
,substation,,20.85613581498446,52.1475582509248
,substation,,21.0054190094655,52.32507747553643
,substation,,20.921834565155354,52.15205518141491
Raszyn Sportowa Opel,substation,,20.92109001541692,52.15340249737956
,substation,,20.872536639182336,52.14017405118819
,substation,,20.861495232024083,52.13247633662786
,substation,,20.870809348727946,52.138671746612964
,substation,,20.8707365,52.138681950000006
,substation,,20.92507305,52.1862979
,substation,,21.0072874559298,52.24171299798322
,substation,,20.96600895614585,52.20204427983114
,substation,,21.020352278829748,52.170018729643914
,substation,,20.867638858725286,52.177340943223015
Piastów - Kaufland,substation,,20.8550851,52.18922595000001
Piastów Plac Zgody,substation,,20.856854341798815,52.18554885218974
Piastów Styki,substation,,20.852900427445658,52.18494509511396
,substation,street_cabinet,20.86250946034433,52.1387790017127
,substation,street_cabinet,20.86122795167623,52.14155249861539
HE Janki 1V,substation,,20.862652061252923,52.140954138815644
Polsim,substation,,20.90647541462228,52.178033963239066
,substation,,20.911433026999298,52.170046931494085
,substation,,20.91304725058155,52.17752737827663
,substation,,20.91619880040597,52.17541495097374
ST-2 Działkowa,substation,,20.932541810455316,52.17862074484512
,substation,,20.917672881796673,52.17526291639186
,substation,,20.902793149999997,52.19368865
,substation,,20.898163283263766,52.19569700006359
,substation,,20.897026270397525,52.19376174336567
,substation,,20.8875807,52.191110800000004
,substation,,20.88985841476305,52.18346207898734
,substation,,20.88988125,52.183404849999995
,substation,,20.883951716228022,52.18658728621873
,substation,,21.015600404864536,52.18149217157448
,substation,,20.894646899999998,52.20944845
,substation,,20.895461561852944,52.208717429675104
,substation,,20.883151292274107,52.197334527451346
,substation,street_cabinet,20.86324228135324,52.19874147696566
,substation,,20.871865599999992,52.19703375
,substation,,20.8689064,52.194365399999995
,substation,,20.865055449999996,52.1932186
,substation,,20.8602298,52.193198100000004
,substation,,20.912054766673794,52.21134254966276
,substation,,20.91614010930278,52.21280952668316
,substation,,20.913567304039994,52.20478328007025
,substation,,20.87115633047729,52.20039130193833
,substation,,20.8657324,52.207308399999995
,substation,,20.858939974685175,52.20642233092503
,substation,,20.90881562162143,52.205043967151084
,substation,,20.92103424894274,52.21092629079634
,substation,,20.914609350000003,52.21073480000001
,substation,,20.907501696498965,52.21195261487886
,substation,,20.902294711470866,52.209984681180174
,substation,,20.9414378,52.18630914999999
,substation,,20.9432076,52.18804850000001
,substation,,20.938958399999997,52.246026
,substation,,20.93183023264205,52.24306708562002
,substation,,20.8993981,52.219472249999995
,substation,,20.907200749999998,52.22562755
,substation,,20.985275707597307,52.206955873422054
,substation,,20.933955387201557,52.22151538342729
,substation,,20.872808699999997,52.34091925
,substation,,20.8729553,52.34170904999999
,substation,,21.19330742064499,52.31333119644812
,substation,,20.915312160263042,52.220763152844015
,substation,,20.931336318271775,52.22275963035215
,substation,,20.90963034601967,52.21971172584133
,substation,,20.898690205790896,52.21990919841094
,substation,,20.900452216573903,52.22351528244846
,substation,,20.905029720599252,52.225464996454434
,substation,,20.8693609,52.34672535
,substation,,20.867500783333334,52.3469798
,substation,,20.86614191787579,52.347405948629294
,substation,,20.90108515,52.224004550000004
,substation,,20.89639745,52.2206235
RSM Łucka,substation,,20.986534442793953,52.23230789216782
,substation,,20.91462643070859,52.23828899350875
,substation,,20.879297243508976,52.20547518054254
Warowna 1,substation,,20.988705269664194,52.19626039804458
,substation,,20.9625204,52.212408100000005
,substation,,20.996307485232805,52.298419117324514
"Podstacja trakcyjna ""Grochów""",substation,,21.09354996709014,52.254750452106215
,substation,,20.917699678303666,52.233909521340365
,substation,,21.020013804818817,52.279071815379346
,substation,,21.08835047661747,52.24952425993284
,substation,,20.977550500000003,52.22721695000001
,substation,,20.973439439467068,52.22966728517545
RSM Siedmiogrodzka,substation,,20.97358540277104,52.23134002222334
,substation,,20.98563685,52.236556199999995
,substation,,21.063103550000005,52.144643249999994
,substation,,20.94135518804673,52.15300192394672
,substation,,20.9354752,52.157705199999995
Piastów Witosa,substation,,20.863823966449072,52.18792827898284
Piastów Suprema,substation,,20.86253521908327,52.182084494492436
,substation,,21.021457141998237,52.24458673985107
,substation,,21.018577374428126,52.23906414645186
,substation,,20.909122999999997,52.19055065000001
,substation,,20.907130584182635,52.18857334119653
,substation,,20.898909,52.194841499999995
,substation,,20.899549999999998,52.19269505
,substation,,20.903854000000006,52.19109295000001
,substation,,20.905738400000004,52.19014265
,substation,,20.90190025,52.19004085000001
,substation,,20.892625849999998,52.18554915000001
,substation,,20.94505381597601,52.21684588249475
ST Lokomotywownia Odolany,substation,,20.937959879468707,52.21871378854272
ST Szczęśliwice 1,substation,,20.934565571948553,52.213762708162896
ST Szczęśliwice 2,substation,,20.928919885985284,52.213393136006914
ST Dźwigowa,substation,,20.91367179027261,52.21338572543058
,substation,,21.091191905647992,52.15108322830883
,substation,,21.1075915,52.1507285
Stacja Uzdatniania Wody,,water_works,20.929276135585344,52.14856960627398
ST Wolska 11,substation,,20.941693249252644,52.224323938492816
ST Wolska 6,substation,,20.942411939528114,52.22369757547434
ST Popularna,substation,,20.925957646753833,52.20337477712209
,substation,,20.92162160526723,52.19733351844679
,substation,,20.921293378039678,52.196752780984795
ST WOC-2,substation,,20.917981500000003,52.21707055000001
ST WOC-1,substation,,20.91796535,52.21711005
ST Wolska 3,substation,,20.949603368037366,52.22520748738838
PT Goleszowska,substation,,20.941085624565797,52.22466345942605
,substation,,20.93855680847998,52.22505389317112
,substation,,20.94042303132208,52.22138121155033
,substation,,20.9683054,52.2293272
,substation,,21.027874147481807,52.17578410526296
,substation,,20.965245667025812,52.23035582105476
,substation,,20.966141775595236,52.22983432113095
,substation,,21.099538436595715,52.25023529785614
,substation,,20.918388835570173,52.2230872390933
,substation,,20.922128950000005,52.234343249999995
,substation,,20.93097426973136,52.22831225934954
,substation,,20.93591825,52.230906899999994
,substation,,20.879661430375254,52.22044178427715
,substation,,20.88573931880807,52.226367039750656
,substation,,20.8874508641579,52.229829372328034
,substation,,20.888109550000003,52.23127499999998
,substation,,20.893516400000003,52.23594870000001
,substation,,20.916259816666663,52.23380601666667
Raszyn Pruszkowska 2,substation,,20.912038004441914,52.16310246552925
,substation,,20.9022971,52.344888299999994
,substation,,20.899613600000006,52.337768450000006
,substation,,20.927899681731144,52.234157539205675
,substation,,20.92807627371158,52.23502053880038
,substation,,20.91327085,52.27345495000001
,substation,,20.914814248368753,52.277289215933315
,substation,,20.9478966,52.2258904
,substation,,21.136125383300698,52.28295937239927
,substation,,21.0987333,52.32077415
,substation,,21.11588481424852,52.24592169397857
,substation,,21.069056771732658,52.20490856046443
,substation,,21.054435117818247,52.170797343226496
,substation,,21.04816446760177,52.133122043115705
,substation,,21.054090755676707,52.130008967800904
,substation,,21.019978157702063,52.106164826449024
,substation,,21.06654862456719,52.1335743469085
,substation,,21.068370260215207,52.13382580410044
,substation,,21.067519113303444,52.131747591494296
,substation,,21.071170828156337,52.13598878173546
,substation,,21.046143450000002,52.137953350000004
Stacja Uzdatniania Wody Powsin,,water_works,21.097256311707664,52.118726537262894
,substation,,20.930893119521162,52.258525464123686
,substation,,20.93337791416447,52.259483533405195
,substation,,20.933357549999997,52.258112149999995
,substation,,21.026975001438455,52.29456029804251
RSM Domaniewska,substation,,21.01855141755809,52.184018775966
,substation,,20.93146883701936,52.27633306867626
,substation,,20.927031635674876,52.27624487464633
Ukryta 1,substation,,20.990442319599065,52.193506897609545
,substation,,20.949691599999998,52.270982599999996
,substation,,20.937175348633986,52.27762018030059
,substation,,20.9097068,52.309284749999996
,substation,,20.97817372360757,52.2442815473277
,substation,,20.97824761103672,52.24426656442484
,substation,,21.00583215,52.20745800000001
,substation,,21.070275000000002,52.191948399999994
,substation,,21.055559504687537,52.189617769163
,substation,,20.915262502874736,52.18626286967536
PT Michałowice,substation,,20.886254057394435,52.17641199388249
,substation,,21.10740666900215,52.28827259306125
Panattoni 2,substation,street_cabinet,20.86913791651646,52.13078845016045
Panattoni 1,substation,street_cabinet,20.8691071593689,52.13079508339022
,substation,,21.10737755,52.16479389999999
,substation,,21.108547994372266,52.164463632293675
,substation,,21.109657449733653,52.16668846679049
,substation,,21.117130416547646,52.171059849908175
,substation,,21.118783099999998,52.17160675
,substation,,21.113726168114447,52.17116140343541
,substation,,21.11241173756664,52.173506517395595
,substation,,21.11566452744726,52.17471431561061
,substation,,21.105672200000004,52.1614411
,substation,,21.109528649999998,52.164840950000006
,substation,,20.96903965,52.227200849999996
,substation,,21.0358416,52.1421933
Michałowice Zgody,substation,,20.897528486684323,52.16409880137579
Stacja elektroenergetyczna 110/15kV RPZ Szamoty,substation,,20.88944482564676,52.205071389059285
,substation,,21.019235539863153,52.11111902507368
,substation,,21.018554400000003,52.13633375
,substation,,21.0185712,52.13588605
,substation,,21.013458450000005,52.1791053
,substation,,20.998826023401268,52.17864536885527
,substation,,21.13244165,52.2419985
,substation,,20.88698986398949,52.11444395545757
,substation,,20.894633252820483,52.13721351507266
,substation,,21.007068033511235,52.18149766683848
,substation,,21.0222966,52.17665465000001
,substation,,21.025132416879433,52.1115920739007
Woronicza 1,substation,,20.984484350000002,52.1940203
,substation,,21.070955973769976,52.21006896016648
,substation,,21.028214600000002,52.1864422
,substation,,21.027444750000004,52.1711177
,substation,,21.040428066843806,52.16371810524776
,substation,,20.886539471644483,52.19777928308107
,substation,,20.977444363428308,52.19960223308208
,substation,,20.99212403755926,52.19657878034651
Rajska 1,substation,,20.98932545,52.1920887
,substation,,21.058222127183,52.1329890669445
,substation,,21.0249192,52.1500166
,substation,,20.862572972668328,52.182089503940496
,substation,,20.89061285,52.112669849999996
,substation,,21.00650569869381,52.23359349451167
,substation,,20.962933528011842,52.198141143178304
,substation,,20.937803769214653,52.18453687077126
,substation,,20.933160899999997,52.18523635
,substation,,21.06236727975719,52.127682094284395
,substation,,21.026670775982247,52.154057092927054
,substation,,21.068159387746118,52.202456970281226
,substation,,21.073330642361228,52.20934283219188
,substation,,20.861513467502277,52.132507842308534
,substation,,21.026494982307245,52.103443457410656
PT Skrzyżowanie,substation,,20.94318254800152,52.200414132765324
PT Warszawa Zachodnia Południowa,substation,,20.968356391456666,52.21989347147791
,substation,,20.872397219811596,52.138597887021035
,substation,,21.035143975330737,52.342508797050534
,substation,,21.035434050000003,52.33835405000001
,substation,,21.08500535464885,52.18297267037416
,substation,,21.038504949999997,52.197018
,substation,,21.08454645,52.183777750000004
,substation,,21.067510106998267,52.31577632151905
Opacz Mała Piękna,substation,,20.90204396360362,52.17001654042511
,substation,,20.954022499914743,52.31829957544646
,substation,,20.94401310025276,52.323360298999944
,substation,,20.94187235966813,52.326846537746476
,substation,,20.94212059771782,52.33353771475767
,substation,,20.9426348,52.3353617
,substation,,21.049361433318822,52.10596105007535
Józefosław Sedno Szkoła,substation,,21.053439399999995,52.10063665
,substation,,20.8560800637056,52.191639255794094
,substation,,21.086249549999998,52.150027800000004
,substation,,21.070266330279363,52.1523811981415
,substation,,21.092366504353517,52.147673781385706
,substation,,21.089873531733414,52.14940759344033
,substation,,20.963145771269236,52.15579944740954
,substation,,20.87746028502021,52.20579822714014
,substation,,20.881170777204012,52.114594591670844
,substation,,21.059460361647247,52.2477138232297
,substation,,20.983490252364163,52.326366333467874
McDonald's Reguły,substation,,20.85066925174849,52.17356819590272
,substation,,20.972601150000003,52.105762250000005
,substation,,20.94599745,52.2008817
,substation,,21.091963852438955,52.14687553230467
,substation,,21.075821231272077,52.15670816642909
,substation,,21.06638806603038,52.167697649341164
,substation,,21.066447582678016,52.16771918330838
,substation,,20.897818540927837,52.200236776754835
,substation,,20.86833095827304,52.18310752521471
,substation,,20.868112952006022,52.18512102799783
,substation,,21.067971077068357,52.16495022515391
,substation,,21.066814065194688,52.16653345653978
,substation,,21.067117449999998,52.1677382
,substation,,21.064271950000002,52.17009485
,substation,,20.91640527064951,52.27365279755719
,substation,,20.962565952347774,52.27128636689893
,substation,,20.9602499,52.2737697
,substation,,20.957116235838768,52.27497205478131
,substation,,20.9347237,52.27081185000001
,substation,,20.93670424903719,52.26884225985609
,substation,,20.946219242991717,52.26624876797091
ZORN,substation,,21.022921850000003,52.182707300000004
,substation,,21.134083765609827,52.24137444592169
,substation,,21.077170100000004,52.20085895
,substation,,20.98255824624263,52.30924498387433
,substation,,21.017420700000006,52.28713215000001
,substation,,21.116149434632618,52.15356125290088
,substation,,20.912416005096315,52.219744720962126
,substation,,20.9057259,52.2179593
